# TUM format: timestamp tx ty tz qx qy qz qw
1317400963.390639067 0.000000000 -0.000000000 -0.000000000 -0.003672368 -0.022279147 -0.211849039 0.977041523
1317400963.494574070 0.039826851 -0.006336561 -0.003337980 -0.003955332 -0.022104930 -0.211915737 0.977029911
1317400963.598541975 0.023631080 0.016735628 -0.007020254 -0.005808931 -0.021601984 -0.211480809 0.977126132
1317400963.702558041 0.033436973 0.015057608 -0.006374452 -0.006756347 -0.021484691 -0.211383545 0.977143673
1317400963.806549072 0.036686872 0.029968608 -0.005721297 -0.006300466 -0.021774042 -0.211496211 0.977115934
1317400963.910563946 0.036669747 0.040752411 0.004195272 -0.006507425 -0.022038862 -0.211401446 0.977129147
1317400964.014601946 0.070185450 0.032205028 0.014353929 -0.006951471 -0.022146164 -0.210993772 0.977211775
1317400964.118615150 0.098651093 0.005851389 0.022310654 -0.005652675 -0.022482138 -0.212378641 0.976912439
1317400964.222655058 0.060132310 0.029792552 0.022042989 -0.005880904 -0.022523540 -0.213371095 0.976693852
1317400964.326694965 0.138643445 0.221578992 0.024086048 -0.005148478 -0.023084773 -0.220381097 0.975127047
1317400964.430711031 0.094385739 0.232695213 0.019163219 -0.003553032 -0.023728139 -0.224667792 0.974139998
1317400964.534748077 -0.040145350 0.335671740 0.006711131 -0.003391809 -0.024362082 -0.223416142 0.974412753
1317400964.638786077 -0.401788946 0.441529989 -0.015455683 -0.005058452 -0.025756575 -0.219559581 0.975245918
1317400964.742799759 -0.669651421 0.530479430 -0.037002319 -0.005792853 -0.026027085 -0.222710811 0.974519845
1317400964.846813917 -0.843384934 0.729087990 -0.052384050 -0.002211210 -0.026052284 -0.253819691 0.966898109
1317400964.950808048 -1.070619180 0.819004758 -0.061601994 -0.000985283 -0.024558337 -0.255834730 0.966408044
1317400965.054775000 -0.472991147 0.474792251 -0.018152808 0.000203663 -0.023543275 -0.255011394 0.966651365
1317400965.158716917 0.282739278 0.038535081 0.034206168 0.000441015 -0.022302125 -0.254511636 0.966812416
1317400965.262635946 0.934063017 -0.323790024 0.069840910 0.001520385 -0.022874345 -0.255275776 0.966596467
1317400965.366508007 1.620742993 -0.720082185 0.105899010 0.003950201 -0.024358624 -0.255109136 0.966597322
1317400965.470330954 2.303918120 -1.107767445 0.139403432 0.004656908 -0.024653788 -0.253713879 0.966953862
1317400965.574127913 2.995044625 -1.497339063 0.176242869 0.004825164 -0.024369520 -0.250205351 0.967874024
1317400965.677880049 3.687765992 -1.882673557 0.215691813 0.005002806 -0.023559972 -0.246146923 0.968933224
1317400965.781652927 4.370433056 -2.232450343 0.252622085 0.005005366 -0.022395843 -0.242283120 0.969934154
1317400965.885476112 5.065077954 -2.590877407 0.293383378 0.005088977 -0.021043702 -0.239028161 0.970771242
1317400965.989300966 5.783801349 -2.954478373 0.335022380 0.004994401 -0.019411581 -0.235105104 0.971763262
1317400966.093147039 6.503420980 -3.320059502 0.372140749 0.004981104 -0.018628868 -0.232199079 0.972477116
1317400966.197015047 7.271632199 -3.691107313 0.409455510 0.004640190 -0.017846469 -0.228586558 0.973348939
1317400966.300884008 8.005164438 -4.052120754 0.446463616 0.004254909 -0.017395112 -0.226838508 0.973767733
1317400966.404755116 8.762075256 -4.414340664 0.481837303 0.003950790 -0.017077852 -0.224262672 0.974371075
1317400966.508626938 9.490315930 -4.770419290 0.518276105 0.003740836 -0.017012102 -0.222373291 0.974805988
1317400966.612523079 10.229739255 -5.124228240 0.551161024 0.003646464 -0.016565810 -0.219851737 0.975385817
1317400966.716417074 10.963425719 -5.468040483 0.591068638 0.003312008 -0.016009228 -0.219096429 0.975566241
1317400966.820334911 11.672494449 -5.805080937 0.615914831 0.002710982 -0.015134272 -0.218852182 0.975636883
1317400966.924278021 12.397799285 -6.144388398 0.656474127 0.001826011 -0.014421515 -0.218225016 0.975790207
1317400967.028222322 13.115536475 -6.492291327 0.683433770 0.001088432 -0.014098242 -0.217763591 0.975899110
1317400967.132189989 13.841767691 -6.826139829 0.720167358 0.000369404 -0.014359376 -0.218132772 0.975813387
1317400967.236156940 14.564906143 -7.154388573 0.749064990 -0.000267963 -0.014429332 -0.218053550 0.975830094
1317400967.340122938 15.287558715 -7.492587548 0.783099137 -0.000688062 -0.014004807 -0.217978029 0.975852945
1317400967.444091082 16.019489628 -7.827385531 0.812219535 -0.001205656 -0.013457394 -0.217925479 0.975871882
1317400967.548057079 16.714440922 -8.159603385 0.851600217 -0.001927301 -0.012849801 -0.217653716 0.975939562
1317400967.652046919 17.438627105 -8.488639156 0.880380290 -0.002653071 -0.012579242 -0.217983702 0.975867732
1317400967.756036043 18.184975834 -8.840784282 0.912461873 -0.003349022 -0.012204749 -0.217985016 0.975870053
1317400967.860024929 18.884725734 -9.155272840 0.943122787 -0.003970798 -0.011701360 -0.218505780 0.975757416
1317400967.964040995 19.587166643 -9.480036164 0.974305557 -0.005329438 -0.011406263 -0.218913316 0.975663084
1317400968.068082094 20.281797271 -9.798500262 1.002905998 -0.006581622 -0.011290565 -0.219883768 0.975438534
1317400968.172146082 20.967506070 -10.104644831 1.032397489 -0.007295139 -0.011433800 -0.221273971 0.975117367
1317400968.276232004 21.707699418 -10.441468159 1.064149802 -0.007784698 -0.011220479 -0.222456632 0.974846935
1317400968.380319118 22.389426571 -10.745181348 1.097321029 -0.008245527 -0.010774310 -0.223867423 0.974525168
1317400968.484381914 23.066042017 -11.054217333 1.125570095 -0.008597365 -0.010263602 -0.226238295 0.973979968
1317400968.588468075 23.751963445 -11.364028592 1.158867617 -0.008321277 -0.010009746 -0.227583552 0.973671550
1317400968.692553997 24.168863179 -11.559220061 1.178838104 -0.008593792 -0.009593431 -0.227721361 0.973641153
1317400968.796639919 24.597365565 -11.755785587 1.200974254 -0.008637368 -0.009645822 -0.228902736 0.973363186
1317400968.900774956 25.276853792 -12.008640865 1.229016976 -0.008670313 -0.009566343 -0.232856619 0.972425373
1317400969.004909992 25.817561054 -12.350412138 1.251773818 -0.008532578 -0.009197385 -0.243677622 0.969775139
1317400969.109019995 26.216007388 -12.512446153 1.270028484 -0.008185470 -0.009152106 -0.246447224 0.969078430
1317400969.213151932 26.882486381 -12.852845978 1.300148228 -0.007867333 -0.009271683 -0.249813626 0.968217586
1317400969.317287922 27.476893522 -13.195897922 1.325617106 -0.008228148 -0.008647717 -0.260109578 0.965505320
1317400969.421423912 28.007135756 -13.509402719 1.346956258 -0.008745537 -0.008548333 -0.270202301 0.962725900
1317400969.525607824 28.383034167 -13.703672883 1.363522201 -0.008350588 -0.008873655 -0.276406930 0.960963441
1317400969.629813910 28.837851292 -14.001092271 1.383207292 -0.009279883 -0.008826521 -0.288448957 0.957409618
1317400969.734045982 29.264428362 -14.285524318 1.400911691 -0.008634933 -0.009845297 -0.300110472 0.953814559
1317400969.838277102 29.705872403 -14.606474045 1.416488997 -0.008484009 -0.011078270 -0.313704111 0.949418256
1317400969.942506075 30.067158213 -14.867130402 1.434684379 -0.007801633 -0.012103883 -0.326254954 0.945172120
1317400970.046736240 30.432541809 -15.168273442 1.452766836 -0.007064046 -0.012817064 -0.340804661 0.940020215
1317400970.150990963 30.826460242 -15.494069049 1.474283550 -0.007520370 -0.013463535 -0.355970191 0.934370055
1317400970.255248070 31.137331094 -15.773508114 1.488956752 -0.007783361 -0.012829338 -0.370686960 0.928636638
1317400970.359503031 31.474719267 -16.053027556 1.509838851 -0.007148014 -0.012099609 -0.387757188 0.921654419
1317400970.463783026 31.765729630 -16.336554540 1.534093547 -0.006229760 -0.011727214 -0.403444223 0.914907876
1317400970.568058968 32.113197170 -16.675691632 1.552759678 -0.005694499 -0.011875651 -0.421382129 0.906787540
1317400970.672360897 32.390448793 -17.016390756 1.569449166 -0.005355902 -0.012400932 -0.438705021 0.898529597
1317400970.776640654 32.644507873 -17.335345713 1.585641419 -0.004513335 -0.013268649 -0.456745234 0.889487136
1317400970.880894899 32.840724115 -17.656290218 1.602181038 -0.003815787 -0.014052638 -0.474926453 0.879905010
1317400970.985147953 33.101995621 -18.017996667 1.617605916 -0.002171006 -0.014805742 -0.494166776 0.869238330
1317400971.089401960 33.257959879 -18.356305524 1.641206681 -0.000430067 -0.014364008 -0.513076410 0.858222633
1317400971.193634033 33.486578286 -18.688570471 1.661884947 0.001842787 -0.013360543 -0.532621342 0.846246185
1317400971.297842026 33.665247604 -19.076961747 1.684444759 0.003582665 -0.011779115 -0.552217732 0.833609017
1317400971.402050018 33.821004738 -19.414023089 1.698691112 0.004652648 -0.009833473 -0.572368946 0.819924048
1317400971.506254196 33.952250662 -19.778032149 1.706533974 0.006210143 -0.008956853 -0.592449118 0.805534140
1317400971.610436916 34.034323184 -20.134067231 1.716348900 0.008314431 -0.009037412 -0.612083773 0.790697572
1317400971.714620113 34.115450229 -20.482871500 1.730585701 0.009632194 -0.009396495 -0.627565473 0.778447496
1317400971.818825960 34.149083989 -20.880677850 1.735909497 0.010073903 -0.010419352 -0.645011812 0.764035154
1317400971.923011065 34.205571391 -21.250988112 1.738439513 0.009664072 -0.010828522 -0.664907266 0.746784893
1317400972.027169943 34.294690779 -21.679521935 1.739812796 0.008639541 -0.010555187 -0.685133888 0.728289435
1317400972.131328106 34.323320052 -22.005452610 1.738772821 0.007129147 -0.009123199 -0.706852848 0.707265858
1317400972.235440016 34.383319017 -22.550376054 1.739134309 0.006190587 -0.008144343 -0.724757194 0.688928412
1317400972.339500904 34.348309934 -22.918945178 1.740896053 0.006575162 -0.008083299 -0.742940271 0.669276611
1317400972.443519115 34.314370901 -23.410086119 1.743889368 0.006966583 -0.008442531 -0.757092531 0.653215959
1317400972.547439098 34.273261488 -23.852386820 1.747533999 0.008018672 -0.007909195 -0.771295137 0.636377999
1317400972.651329994 34.163762419 -24.313447706 1.749509049 0.008991992 -0.007050626 -0.783617410 0.621138622
1317400972.755202055 34.054091278 -24.846023960 1.754725645 0.009788579 -0.005833057 -0.795123824 0.606340056
1317400972.859025002 33.937174853 -25.310965240 1.754779321 0.010485281 -0.005174435 -0.805638410 0.592292188
1317400972.962822914 33.767479793 -25.858237435 1.758289842 0.011142668 -0.005021506 -0.813756250 0.581077785
1317400973.066574097 33.458244757 -26.527759421 1.749594418 0.010169732 -0.004778280 -0.822032972 0.569329024
1317400973.170277119 33.273066501 -27.123387976 1.740401069 0.008208140 -0.003314736 -0.829449730 0.558511222
1317400973.273956060 33.045873866 -27.709357824 1.723800349 0.007916097 -0.003848767 -0.835548786 0.549345746
1317400973.377633095 32.780548339 -28.277004153 1.714459083 0.008610655 -0.005197595 -0.839381218 0.543450100
1317400973.481311083 32.548386300 -28.812494581 1.715218571 0.009268404 -0.005536018 -0.843377183 0.537213530
1317400973.585012913 32.259784811 -29.403790865 1.709878339 0.009632800 -0.004875619 -0.846825969 0.531760487
1317400973.688739061 31.936664125 -30.081643640 1.702074113 0.009633646 -0.005654918 -0.850339041 0.526116651
1317400973.792490959 31.741752416 -30.515905568 1.699540450 0.009131379 -0.005454144 -0.854446485 0.519430528
1317400973.896241903 31.362643910 -31.190351452 1.688869785 0.008917506 -0.006978584 -0.855273095 0.518053772
1317400973.999944925 31.074199114 -31.770013170 1.690974324 0.008526151 -0.007384913 -0.857915069 0.513667697
1317400974.103625059 30.707062897 -32.473094019 1.687233505 0.009741274 -0.009344371 -0.858574020 0.512511895
1317400974.207304001 30.328875270 -33.172134940 1.681606321 0.010134486 -0.007968860 -0.857559945 0.514222451
1317400974.311007977 29.940071559 -33.876220141 1.680567680 0.011746013 -0.009350229 -0.857252305 0.514677656
1317400974.414736032 29.574989780 -34.571459886 1.678663839 0.013983766 -0.011431652 -0.856692896 0.515510479
1317400974.518460989 29.208493486 -35.269038136 1.680395991 0.014167777 -0.011913959 -0.856467034 0.515869703
1317400974.622211933 28.839269115 -35.965869685 1.671170117 0.013460762 -0.010985825 -0.856269456 0.516237096
1317400974.725963116 28.453438719 -36.694142264 1.667245526 0.014840970 -0.012780459 -0.855735035 0.517043475
1317400974.829714060 28.080551226 -37.400366296 1.672268187 0.017443357 -0.014227919 -0.855051561 0.518054171
1317400974.933489084 27.748766529 -38.006024574 1.678010856 0.019568741 -0.015274952 -0.854921440 0.518163170
1317400975.037261963 27.444647789 -38.537172710 1.678786546 0.021709459 -0.014786490 -0.853362710 0.520655495
1317400975.141060114 27.038647879 -39.283734635 1.673639619 0.023403103 -0.014411726 -0.852123953 0.522617801
1317400975.244883060 26.718615956 -39.948670375 1.667679678 0.024239986 -0.013113759 -0.851560996 0.523530631
1317400975.348706961 26.359656295 -40.675098930 1.655396162 0.023856506 -0.011339560 -0.851001485 0.524498573
1317400975.452555895 26.001447938 -41.395500952 1.638419414 0.023579647 -0.008426674 -0.850104034 0.526019128
1317400975.556399107 25.640111749 -42.120534106 1.627140985 0.023875577 -0.006467175 -0.849423212 0.527132184
1317400975.660221100 25.173842974 -43.114589977 1.602848061 0.022844075 -0.006263614 -0.847225674 0.530704789
1317400975.764066935 24.860222390 -43.758220698 1.589591397 0.021093354 -0.008041787 -0.847393269 0.530485672
1317400975.867938042 24.615413142 -44.288419436 1.567483085 0.018345822 -0.009139184 -0.847778765 0.529953839
1317400975.971812010 24.138688687 -45.283118192 1.542900876 0.017104683 -0.008925526 -0.846886865 0.531422997
1317400976.075683117 23.793302294 -45.979867895 1.537600939 0.018636985 -0.008773373 -0.847030166 0.531145544
1317400976.179550886 23.433860813 -46.736288938 1.535035430 0.020136837 -0.008972454 -0.847077915 0.531011308
1317400976.283446074 23.081960644 -47.472507026 1.516745374 0.019195934 -0.008223161 -0.847031905 0.531131667
1317400976.387341022 22.733977274 -48.197688280 1.499825530 0.017677116 -0.007041689 -0.846949352 0.531332974
1317400976.491235018 22.412011356 -48.878734531 1.488141448 0.016991198 -0.006092728 -0.847073147 0.531169711
1317400976.595177889 22.055897495 -49.618705399 1.476543172 0.017806105 -0.005719394 -0.846898018 0.531426362
1317400976.699121952 21.677135719 -50.421324805 1.467185973 0.017303886 -0.006147219 -0.847056361 0.531185757
1317400976.803040028 21.198015781 -51.413564757 1.447510278 0.015684563 -0.007343424 -0.846787517 0.531649292
1317400976.906960011 20.839554151 -52.158246353 1.430814041 0.014557158 -0.007840813 -0.847039924 0.531272038
1317400977.010853052 20.481406143 -52.907800024 1.422215522 0.014947647 -0.008825577 -0.846660053 0.531850949
1317400977.114747047 20.120744025 -53.642702333 1.418958662 0.014982018 -0.009715221 -0.846562429 0.531989857
1317400977.218667984 19.752968909 -54.412349742 1.412655903 0.014839105 -0.008638274 -0.846825187 0.531594097
1317400977.322609901 19.409721011 -55.147243419 1.403550722 0.016354897 -0.007742241 -0.846945619 0.531371521
1317400977.426552057 18.917108226 -56.191466080 1.388855328 0.017237562 -0.007031114 -0.847280882 0.530818741
1317400977.530471087 18.432198080 -57.219615595 1.377982448 0.017050225 -0.007991254 -0.847773360 0.530024301
1317400977.634365082 17.936577455 -58.232321280 1.356226003 0.016339116 -0.009366441 -0.847897031 0.529826318
1317400977.738261938 17.549498382 -59.025605750 1.345698632 0.016235600 -0.010121315 -0.847731206 0.530080907
1317400977.842186928 17.095351345 -59.926504358 1.333455299 0.018324383 -0.010285382 -0.847733019 0.530006752
1317400977.946079969 16.680598289 -60.795607226 1.321534329 0.020977944 -0.009751064 -0.847719521 0.529940049
1317400978.049945116 16.224239086 -61.719046458 1.300001539 0.022616113 -0.009309579 -0.847560684 0.530134634
1317400978.153790951 15.837215587 -62.550285959 1.291173368 0.022715088 -0.008883020 -0.847323272 0.530517097
1317400978.257637978 15.363513771 -63.513917578 1.259927413 0.021775839 -0.009168695 -0.847156008 0.530818656
1317400978.361509085 14.988552767 -64.310266232 1.249098247 0.020328539 -0.007982585 -0.846908108 0.531290585
1317400978.465379000 14.509252949 -65.307988523 1.214929042 0.020078129 -0.007247752 -0.847084919 0.531028698
1317400978.569228888 14.025870546 -66.327523136 1.197481512 0.021442782 -0.005422916 -0.847446580 0.530419732
1317400978.673074961 13.711651034 -66.993684851 1.187264848 0.023139846 -0.004257732 -0.848651268 0.528429223
1317400978.776943922 13.285873476 -67.855877314 1.164422486 0.024393891 -0.003045547 -0.847679147 0.529939361
1317400978.880790949 12.752614417 -68.963225733 1.127128782 0.024063322 -0.005074686 -0.846952577 0.531099367
1317400978.984637022 12.253602722 -69.999350329 1.095292426 0.023674117 -0.006114101 -0.847272844 0.530594838
1317400979.088510036 11.748751550 -71.042237919 1.056238897 0.024379544 -0.005408872 -0.847603452 0.530042235
1317400979.192404985 11.237861145 -72.112381237 1.021851560 0.026395060 -0.005545884 -0.848009878 0.529293671
1317400979.296324015 10.728664759 -73.174855442 0.994283103 0.028463700 -0.004194908 -0.848184567 0.528918860
1317400979.400243044 10.209966028 -74.229595457 0.951118442 0.029801241 -0.005159304 -0.848493750 0.528340443
1317400979.504158974 9.694232696 -75.275084717 0.916180376 0.031050135 -0.005989269 -0.848781444 0.527797383
1317400979.608078003 9.176685779 -76.334747924 0.870381266 0.032619454 -0.006353483 -0.849155041 0.527097069
1317400979.711996078 8.659749281 -77.381335592 0.832308862 0.033925520 -0.006592016 -0.849438927 0.526553999
1317400979.815890074 8.151764802 -78.428942913 0.790591309 0.034647496 -0.008715674 -0.850044651 0.525497553
1317400979.919786930 7.578955825 -79.549222588 0.749443215 0.033917747 -0.011462370 -0.849922240 0.525690391
1317400980.023680925 7.042435134 -80.624922580 0.697495326 0.033171710 -0.012653420 -0.849903776 0.525740526
1317400980.127527952 6.523885071 -81.672157198 0.657307809 0.033562118 -0.012698425 -0.849836891 0.525822778
1317400980.231328011 5.998105301 -82.747321944 0.614668838 0.034709483 -0.012531706 -0.849796773 0.525817129
1317400980.335100889 5.462907200 -83.810269481 0.574560433 0.036981631 -0.012721117 -0.849467591 0.526189457
1317400980.438875914 4.938622310 -84.876985832 0.532461975 0.038545042 -0.012295041 -0.849113018 0.526659467
1317400980.542627096 4.405264430 -85.948682874 0.490780604 0.040578874 -0.011901562 -0.848648692 0.527263791
1317400980.646378040 3.890992537 -86.991406607 0.443668290 0.041942048 -0.012379800 -0.848240250 0.527803072
1317400980.750152111 3.378869799 -88.048256081 0.393409073 0.041594632 -0.013009608 -0.847739804 0.528618825
1317400980.853926897 2.876422162 -89.092659668 0.336020616 0.039359824 -0.013130350 -0.847358372 0.529397948
1317400980.957726955 2.366392599 -90.147825583 0.283595996 0.039048397 -0.013278719 -0.846948423 0.530072888
1317400981.061526060 1.869584896 -91.200208213 0.231457251 0.040026113 -0.013286802 -0.846551032 0.530634264
1317400981.165297985 1.370196513 -92.242724876 0.184994129 0.039785136 -0.013174386 -0.845861695 0.531753299
1317400981.269072056 0.990045964 -93.043162981 0.148243591 0.037596641 -0.014606386 -0.846594807 0.530707432
1317400981.372848988 0.511778715 -94.068793250 0.094222745 0.036437864 -0.015184472 -0.846057340 0.531628339
1317400981.476600885 0.014969878 -95.109222936 0.049961254 0.036453599 -0.015084212 -0.845571721 0.532402166
1317400981.580326796 -0.492055614 -96.162860323 0.008780172 0.037005175 -0.013316971 -0.844916725 0.533450095
1317400981.684029102 -0.999502880 -97.234801329 -0.034251746 0.038511122 -0.012700600 -0.844354093 0.534248776
1317400981.787755966 -1.515408919 -98.314078521 -0.078879748 0.039714642 -0.011063597 -0.843402043 0.535698924
1317400981.891530991 -2.010508753 -99.369760586 -0.125696720 0.039285774 -0.010578236 -0.842977957 0.536407394
1317400981.995304108 -2.498314689 -100.450638064 -0.167405766 0.034941248 -0.012096368 -0.842633487 0.537216524
1317400982.099103928 -2.980890225 -101.516504957 -0.216760244 0.030296664 -0.011516211 -0.842639605 0.537501613
1317400982.202903986 -3.484477672 -102.598959491 -0.265865592 0.029048495 -0.009974541 -0.842681761 0.537535248
1317400982.306704044 -3.981310562 -103.686018783 -0.307607609 0.031096209 -0.008533836 -0.842621542 0.537539893
1317400982.410526991 -4.484919158 -104.756504391 -0.343459238 0.034090404 -0.007473360 -0.842588528 0.537425870
1317400982.514348984 -4.987920460 -105.849427216 -0.385014829 0.036301887 -0.006187368 -0.842578230 0.537313518
1317400982.618171930 -5.485603477 -106.949937770 -0.434158545 0.038430479 -0.004243102 -0.842602298 0.537146593
1317400982.721992970 -5.980707843 -108.018575250 -0.484625572 0.039312628 -0.003110783 -0.842877175 0.536659024
1317400982.825815916 -6.478328972 -109.106910687 -0.546085040 0.039102902 -0.002802871 -0.843028813 0.536437813
1317400982.929615021 -6.990885973 -110.224918076 -0.611051650 0.039983156 -0.002847883 -0.843548421 0.535555131
1317400983.033412933 -7.498848042 -111.308821654 -0.673680466 0.040034613 -0.002674882 -0.843552012 0.535546522
1317400983.137208939 -7.998188787 -112.390770293 -0.730859529 0.037828316 -0.004656005 -0.843262805 0.536148470
1317400983.240984917 -8.491867916 -113.439287393 -0.788556216 0.034172022 -0.005549848 -0.843198756 0.536486095
1317400983.344784975 -8.985010120 -114.500208959 -0.842343031 0.032950628 -0.004748850 -0.843223465 0.536531352
1317400983.448606968 -9.472614039 -115.587973124 -0.892520340 0.033606687 -0.001465206 -0.843778952 0.535635626
1317400983.552406073 -9.963004706 -116.651705924 -0.940140835 0.034694628 0.002923910 -0.844124701 0.535015161
1317400983.656204939 -10.461590587 -117.724868403 -0.999575470 0.036704190 0.006629263 -0.844019936 0.535013274
1317400983.760005236 -10.975183144 -118.826546404 -1.058532262 0.040400690 0.008531824 -0.843748514 0.535148051
1317400983.863779068 -11.468679982 -119.880447719 -1.124154165 0.041263869 0.009056537 -0.843855139 0.534905391
1317400983.967556000 -11.952642316 -120.939530624 -1.202352723 0.040807421 0.008640423 -0.843995650 0.534725575
1317400984.071332932 -12.497823290 -122.065856552 -1.269386235 0.038316788 -0.001378944 -0.844142967 0.534745335
1317400984.175105095 -13.002222261 -123.118527738 -1.335979487 0.034256923 -0.003983180 -0.843817819 0.535520388
1317400984.278902054 -13.484064793 -124.174018125 -1.414145449 0.033492292 -0.001800809 -0.844130982 0.535086823
1317400984.382725239 -13.980741924 -125.243429052 -1.471319755 0.037495350 0.000369300 -0.844244217 0.534645363
1317400984.486524105 -14.504100004 -126.339954578 -1.522735207 0.041949960 0.000389875 -0.844109666 0.534526820
1317400984.590323925 -15.006095298 -127.416359108 -1.581151929 0.044785607 0.002614012 -0.844053140 0.534379747
1317400984.694147110 -15.509748432 -128.489204427 -1.657600359 0.046832406 0.005043004 -0.844013798 0.534249007
1317400984.797993898 -16.009795317 -129.566659689 -1.725736850 0.049187645 0.005727482 -0.844069967 0.533941628
1317400984.901865959 -16.510594011 -130.639520308 -1.818450065 0.049413870 0.006589448 -0.844040636 0.533957165
1317400985.005759954 -16.996049453 -131.663704993 -1.896731102 0.046427697 0.007747096 -0.844129475 0.534069173
1317400985.109654665 -17.498667747 -132.744558870 -1.996359682 0.043084810 0.007081137 -0.844266990 0.534141186
1317400985.213526011 -17.992980272 -133.809883553 -2.073992966 0.041026966 0.005702620 -0.844276001 0.534305440
1317400985.317420959 -18.504039806 -134.885407540 -2.152196153 0.040211122 0.003787319 -0.844243476 0.534435848
1317400985.421313047 -19.030763203 -136.011568830 -2.223805060 0.038100722 0.002081508 -0.844165790 0.534722471
1317400985.525182962 -19.527189964 -137.062603396 -2.289803105 0.038293524 0.002022145 -0.844133868 0.534759319
1317400985.629054070 -20.026394121 -138.140839579 -2.354472718 0.040618105 0.002754093 -0.843839518 0.535049018
1317400985.732949018 -20.527217073 -139.219933725 -2.419103605 0.043834640 0.005741939 -0.843818922 0.534803873
1317400985.836868048 -21.006175747 -140.273099039 -2.481965931 0.045781604 0.010150797 -0.843729612 0.534716138
1317400985.940813065 -21.354532144 -141.043605102 -2.538348934 0.046784034 0.013368027 -0.844093041 0.533984540
1317400986.044755936 -21.682520621 -141.753401010 -2.598276571 0.045699137 0.014825603 -0.844373756 0.533596055
1317400986.148653984 -22.035249015 -142.488760808 -2.659883013 0.042891000 0.015250835 -0.844457854 0.533684090
1317400986.252547979 -22.374783053 -143.209980969 -2.731308713 0.040361439 0.013624490 -0.844768048 0.533434413
1317400986.356437922 -22.713203813 -143.907036089 -2.784953797 0.038800218 0.011356267 -0.844576554 0.533906380
1317400986.460309982 -23.053599697 -144.620183511 -2.838486819 0.038459865 0.008692468 -0.844480651 0.534132670
1317400986.564181089 -23.403273868 -145.347398608 -2.882542042 0.039074808 0.007076735 -0.844221077 0.534522079
1317400986.668050289 -23.737978097 -146.067639209 -2.930494448 0.041344896 0.006295332 -0.843926700 0.534825853
1317400986.771943092 -24.086724719 -146.795318841 -2.970999050 0.043990783 0.006988602 -0.843526264 0.535237716
1317400986.875859976 -24.416651124 -147.498333533 -3.016476617 0.045626421 0.006761239 -0.843149492 0.535697162
1317400986.979782104 -24.719974475 -148.188277178 -3.062888705 0.045341449 0.005727023 -0.842152976 0.537298538
1317400987.083724976 -24.877226687 -148.735940604 -3.108547061 0.044057315 0.003995863 -0.837831196 0.544134058
1317400987.187691927 -25.205984790 -149.448265655 -3.156053893 0.043380615 0.003219615 -0.836488244 0.546255594
1317400987.291682959 -25.391900362 -150.001311377 -3.191958832 0.044098623 0.002163160 -0.834057236 0.549908319
1317400987.395697117 -25.665382076 -150.673733679 -3.227252259 0.043556071 0.003634307 -0.833400551 0.550938455
1317400987.499711037 -25.823934298 -151.077967377 -3.244528408 0.042622307 0.005792711 -0.832151199 0.552878075
1317400987.603750944 -26.005149607 -151.501420169 -3.270771592 0.041103063 0.006813206 -0.831970906 0.553252681
1317400987.707838058 -26.117866163 -151.823187594 -3.293684236 0.038945426 0.006617707 -0.832125030 0.553179351
1317400987.811949015 -26.270457948 -152.184186222 -3.321754769 0.037233064 0.007476809 -0.832434496 0.552820592
1317400987.916058064 -26.401552868 -152.595777656 -3.341847873 0.036034804 0.009720495 -0.832511669 0.552748882
1317400988.020168304 -26.573284377 -153.003430767 -3.369888639 0.035741024 0.013043524 -0.832857802 0.552177804
1317400988.124279022 -26.839154493 -153.688477940 -3.411480400 0.036991425 0.015572909 -0.832986274 0.551836014
1317400988.228389978 -27.045510950 -154.026135319 -3.433198634 0.038888723 0.016470719 -0.832593604 0.552271920
1317400988.332499981 -27.162492130 -154.475741657 -3.454129029 0.039881561 0.015567180 -0.833321292 0.551128613
1317400988.436585903 -27.354894815 -154.828812524 -3.483286891 0.038957992 0.014548000 -0.832883335 0.551884028
1317400988.540652037 -27.524863685 -155.257945222 -3.514107639 0.037650059 0.014914231 -0.833271963 0.551378160
1317400988.644714355 -27.645004036 -155.628022799 -3.546513340 0.036526135 0.015463921 -0.833523379 0.551058514
1317400988.748776913 -27.804549974 -155.975269825 -3.574537320 0.036009034 0.014897879 -0.833345230 0.551377484
1317400988.852840900 -27.956720391 -156.375148264 -3.602421076 0.036553018 0.014555014 -0.833489191 0.551133193
1317400988.956902027 -28.109747332 -156.785301394 -3.623988364 0.038283230 0.015972242 -0.833887779 0.550373013
1317400989.060965776 -28.301666961 -157.176182971 -3.654556511 0.039879992 0.017474677 -0.834108907 0.549878671
1317400989.165007114 -28.456695334 -157.599413065 -3.683776411 0.040213858 0.018607890 -0.834286331 0.549547914
1317400989.269021034 -28.702490199 -158.234130354 -3.730095965 0.040439158 0.019518046 -0.834593127 0.549033727
1317400989.373033047 -28.842267333 -158.588175297 -3.752874202 0.040872338 0.020336606 -0.834829659 0.548612172
1317400989.477024078 -29.043165873 -159.024383999 -3.791569920 0.041009940 0.021127564 -0.834857215 0.548530073
1317400989.580991030 -29.326556649 -159.659930552 -3.847144245 0.041127341 0.020300026 -0.834741388 0.548728773
1317400989.684909105 -29.498649649 -160.040431220 -3.880847896 0.041028098 0.018761279 -0.834386292 0.549330707
1317400989.788779974 -29.657516682 -160.393353141 -3.914691487 0.040578547 0.017957551 -0.833877946 0.550162229
1317400989.892625809 -29.832077607 -160.749066160 -3.943450423 0.040173109 0.018299379 -0.833164246 0.551260912
1317400989.996402025 -30.087511859 -161.162458723 -3.981032604 0.040607892 0.018447385 -0.830087464 0.555846647
1317400990.100080967 -30.215072902 -161.672330526 -4.022861651 0.042607127 0.016011735 -0.822645015 0.566730480
1317400990.203687906 -30.361106761 -162.032307805 -4.050874117 0.044385978 0.012937396 -0.814943064 0.577693960
1317400990.307270050 -30.499011999 -162.423272791 -4.079927502 0.045543462 0.011220210 -0.804748856 0.591759393
1317400990.410876989 -30.612093342 -162.863798995 -4.109069697 0.045864410 0.011380055 -0.793005010 0.607379621
1317400990.514530897 -30.721071217 -163.266882872 -4.133304464 0.044976744 0.011482144 -0.780334090 0.623637684
1317400990.618207932 -30.801064449 -163.644435417 -4.166506587 0.043715230 0.009916364 -0.766779183 0.640343914
1317400990.721911907 -30.867876617 -163.999172532 -4.196200343 0.042713276 0.007371047 -0.753224830 0.656333451
1317400990.825639009 -30.934133098 -164.433019385 -4.226339907 0.042176804 0.004621839 -0.737337482 0.674190770
1317400990.929390192 -30.941448822 -164.820651610 -4.249782378 0.041352937 0.004281110 -0.722955741 0.689642373
1317400991.033166885 -30.919888520 -165.245946484 -4.273869205 0.039471544 0.004961691 -0.706766564 0.706327404
1317400991.136941910 -30.916540243 -165.630837578 -4.298509359 0.037041015 0.005585326 -0.690924917 0.721955349
1317400991.240741014 -30.889910756 -166.016453122 -4.324278248 0.034728776 0.004710806 -0.675560871 0.736470794
1317400991.344538927 -30.870351781 -166.400602703 -4.351089606 0.033400496 0.002953643 -0.659620536 0.750850472
1317400991.448312044 -30.807473765 -166.833477512 -4.369551341 0.033562971 0.001126847 -0.642439897 0.765599919
1317400991.552110910 -30.731796574 -167.219590055 -4.385331589 0.034311546 0.001203223 -0.626466711 0.778691678
1317400991.655934095 -30.614970370 -167.654484863 -4.399635473 0.034061403 0.001985646 -0.610509167 0.791273932
1317400991.759782076 -30.516182739 -168.065529481 -4.415957805 0.032397817 0.002792967 -0.593975317 0.803825791
1317400991.863651991 -30.360849473 -168.481993863 -4.434506818 0.030863661 0.002970824 -0.577874081 0.815536728
1317400991.967559099 -30.224658708 -168.898977841 -4.455976465 0.030827690 0.001590640 -0.563256190 0.825705509
1317400992.071502924 -30.095212329 -169.310212971 -4.473269816 0.031647879 -0.000883145 -0.548383436 0.835627452
1317400992.175479889 -29.915765480 -169.754537743 -4.491006329 0.031493531 -0.001939591 -0.534270153 0.844724688
1317400992.279493093 -29.661210986 -170.211926581 -4.506825009 0.029646301 -0.000767249 -0.522253737 0.852274335
1317400992.383557081 -29.398643531 -170.674547269 -4.517746800 0.028311754 0.001375112 -0.510671625 0.859308469
1317400992.487668037 -29.133516217 -171.140308164 -4.531143248 0.028992140 0.002784208 -0.501584489 0.864618242
1317400992.591800928 -28.912339587 -171.536691001 -4.539898287 0.030385781 0.003332327 -0.495592603 0.868017034
1317400992.695983887 -28.629900140 -172.019826189 -4.550791764 0.033222680 0.003515143 -0.488372286 0.871995646
1317400992.800190926 -28.347782479 -172.491707913 -4.560889001 0.036657677 0.003833446 -0.483038471 0.874823042
1317400992.904373646 -28.029517916 -173.007249542 -4.579061385 0.038899662 0.004598501 -0.478044964 0.877461499
1317400993.008517027 -27.690386217 -173.512292315 -4.597138398 0.040552762 0.004775106 -0.472985391 0.880123566
1317400993.112627983 -27.370226196 -174.002847613 -4.625680439 0.042645829 0.003889372 -0.468495610 0.882427374
1317400993.216731787 -27.031786546 -174.523143587 -4.645645420 0.043664411 0.002264634 -0.463892187 0.884812031
1317400993.320872307 -26.674542822 -175.029286661 -4.675358104 0.042214229 0.000261659 -0.458849645 0.887510504
1317400993.425004959 -26.260047491 -175.629492398 -4.702860803 0.040135873 -0.001800347 -0.453846297 0.890173808
1317400993.529159069 -25.878006166 -176.130582069 -4.730378766 0.037967420 -0.002877487 -0.451736852 0.891338326
1317400993.633389711 -25.423435931 -176.734513079 -4.750005695 0.035850587 -0.002364248 -0.450814815 0.891894135
1317400993.737646103 -24.974001198 -177.303531761 -4.777743907 0.035274565 -0.000657622 -0.451880646 0.891380477
1317400993.841881037 -24.505840362 -177.916418350 -4.783537646 0.035173484 0.000736261 -0.452903213 0.890865289
1317400993.946086884 -24.038981519 -178.513393620 -4.812674504 0.034679626 0.001478958 -0.455201296 0.889711704
1317400994.050302982 -23.561475780 -179.148465235 -4.829912347 0.034390159 0.002703659 -0.456193088 0.889211940
1317400994.154485941 -23.116244461 -179.742308786 -4.850831699 0.034904023 0.003352668 -0.458795510 0.887849733
1317400994.258655071 -22.680616217 -180.359265960 -4.872752530 0.035981066 0.003564425 -0.459562706 0.887409025
1317400994.362814903 -22.272393813 -180.968511134 -4.896374201 0.035500004 0.005573796 -0.465675840 0.884225477
1317400994.466927052 -21.745872515 -181.719153025 -4.929287810 0.034865661 0.005779494 -0.467680982 0.883190513
1317400994.571038008 -21.286226891 -182.368425555 -4.959728829 0.034464917 0.004908561 -0.468971035 0.882527191
1317400994.675122976 -20.824647966 -183.050463183 -4.989473493 0.033866843 0.003533755 -0.469867446 0.882080004
1317400994.779186010 -20.387706878 -183.699087909 -5.019227403 0.033935682 0.003566249 -0.470402685 0.881791906
1317400994.883249044 -19.907497574 -184.383875437 -5.049168155 0.034800210 0.005516337 -0.470983296 0.881438172
1317400994.987287045 -19.462918172 -185.017968947 -5.067167771 0.035977902 0.008331299 -0.472202330 0.880716265
1317400995.091326952 -18.994515205 -185.748421907 -5.092493145 0.037527587 0.007974791 -0.472022219 0.880751445
1317400995.195365906 -18.557032819 -186.396648410 -5.121740272 0.036844060 0.004522482 -0.473291486 0.880123418
1317400995.299416065 -18.105377357 -187.106834472 -5.161349888 0.035816869 0.000028922 -0.472324633 0.880696652
1317400995.403453112 -17.674402918 -187.766656715 -5.191434327 0.036775889 -0.000699217 -0.472268541 0.880686931
1317400995.507457018 -17.234577416 -188.385840469 -5.204689958 0.038208993 0.000675126 -0.473473287 0.879978786
1317400995.611473083 -16.791056524 -189.073075637 -5.223474152 0.039982898 0.002245764 -0.473547099 0.879857642
1317400995.715462923 -16.344660843 -189.742151525 -5.243396627 0.042071685 0.002469308 -0.473197447 0.879947755
1317400995.819428921 -15.903563935 -190.421550290 -5.270889596 0.044276777 0.002443839 -0.473377060 0.879743004
1317400995.923394918 -15.460582771 -191.091794356 -5.294077101 0.045833761 0.001712710 -0.473515670 0.879590384
1317400996.027363062 -15.023436094 -191.770573300 -5.324705453 0.045869352 0.000456625 -0.473243902 0.879736326
1317400996.131330967 -14.580895880 -192.418354309 -5.351161656 0.045312005 -0.001409771 -0.473292929 0.879737824
1317400996.235272884 -14.157315805 -193.091962464 -5.378788754 0.046426114 -0.002198934 -0.473041546 0.879813319
1317400996.339225054 -13.698259468 -193.768221830 -5.395680940 0.047490743 -0.000169060 -0.473227045 0.879659460
1317400996.443192720 -13.256809651 -194.435453443 -5.418587618 0.049287645 0.003228486 -0.473230968 0.879552588
1317400996.547154903 -12.815963402 -195.090548520 -5.434730085 0.051453443 0.006036379 -0.473505656 0.879265886
1317400996.651119947 -12.371188142 -195.767346762 -5.468827718 0.052987289 0.006740277 -0.473176456 0.879346893
1317400996.755091906 -11.927867923 -196.417502403 -5.500778313 0.053714115 0.006292646 -0.473653820 0.879049063
1317400996.859072924 -11.508770871 -197.041815638 -5.536154830 0.051288206 0.004332384 -0.474198427 0.878912170
1317400996.963066101 -11.051514259 -197.732032517 -5.572201613 0.048599154 0.000494901 -0.474364777 0.878985743
1317400997.067063093 -10.629035322 -198.381319734 -5.600013966 0.048375432 -0.001692480 -0.474652394 0.878841316
1317400997.171072006 -10.185422439 -199.041031556 -5.629146632 0.049145778 -0.000990577 -0.474941491 0.878643438
1317400997.275054932 -9.743700826 -199.696596006 -5.654576758 0.051557815 0.000823440 -0.475439563 0.878235922
1317400997.379026890 -9.293752524 -200.360533904 -5.670604573 0.055099499 0.002304236 -0.475829667 0.877806849
1317400997.482998133 -8.852794624 -201.023434633 -5.691104262 0.058838189 0.002387477 -0.476862532 0.877003132
1317400997.586985111 -8.440990824 -201.624026920 -5.709441953 0.061788296 0.002454588 -0.477827972 0.876274278
1317400997.690960884 -8.188418799 -202.019901288 -5.729751274 0.062363895 0.002227762 -0.478174002 0.876045322
1317400997.794898033 -7.940337840 -202.375022709 -5.736944079 0.062750495 0.000872156 -0.479308822 0.875399719
1317400997.898840904 -7.687228739 -202.754720438 -5.760719849 0.063221454 -0.000043972 -0.480591833 0.874662527
1317400998.002780914 -7.430015487 -203.107936475 -5.776677810 0.064797768 -0.000381790 -0.482467073 0.873513953
1317400998.106720924 -7.184649444 -203.458749079 -5.795201471 0.064809117 0.000353699 -0.483990423 0.872669997
1317400998.210640907 -6.916133894 -203.835111574 -5.811386640 0.063981619 0.001086467 -0.485909714 0.871663307
1317400998.314558983 -6.670773822 -204.211296440 -5.834558810 0.063054430 0.002644574 -0.487676496 0.870740363
1317400998.418453932 -6.488995276 -204.510255150 -5.843543764 0.063412909 0.003786770 -0.488096359 0.870474817
1317400998.522350073 -6.243890359 -204.877033876 -5.861840537 0.063306708 0.004545005 -0.488574904 0.870210415
1317400998.626267910 -6.027634413 -205.197361220 -5.877462298 0.063224634 0.004315084 -0.489376898 0.869766795
1317400998.730187893 -5.827227102 -205.494352291 -5.894298826 0.061883576 0.003594623 -0.489864850 0.869591818
1317400998.834106922 -5.625868250 -205.808014871 -5.915456774 0.060465106 0.002185015 -0.489879686 0.869687927
1317400998.938024998 -5.432518818 -206.104884348 -5.935516740 0.058768747 0.001666054 -0.490675209 0.869356830
1317400999.041944027 -5.210876445 -206.447679655 -5.954405101 0.057035030 0.001980367 -0.490906544 0.869341043
1317400999.145862103 -5.032210487 -206.729911613 -5.973642972 0.055341197 0.002744716 -0.491481272 0.869123684
1317400999.249754906 -4.922515793 -206.865176996 -5.981338119 0.054804096 0.003248913 -0.493735968 0.867877151
1317400999.353626013 -4.754457144 -207.115284402 -5.995928645 0.054816657 0.003051154 -0.493787009 0.867848037
1317400999.457499027 -4.548755414 -207.445069394 -6.011105309 0.053392382 0.002448978 -0.493531290 0.868084167
1317400999.561346054 -4.382321974 -207.710857684 -6.026495017 0.052263169 0.001833164 -0.494680823 0.867499904
1317400999.665175915 -4.305137079 -207.876272114 -6.038784152 0.051418734 0.001605394 -0.492669281 0.868694720
1317400999.768974066 -4.127728393 -208.162783423 -6.052687697 0.051760973 0.001414906 -0.492390021 0.868833049
1317400999.872764111 -3.953809738 -208.451540915 -6.067546900 0.051726268 0.001645459 -0.491526003 0.869323803
1317400999.976543903 -3.822601390 -208.716879985 -6.083521905 0.051462996 0.001159972 -0.488547991 0.871017265
1317401000.080296040 -3.683709987 -208.972788439 -6.096363084 0.050625176 -0.000262340 -0.487753112 0.871512435
1317401000.184072018 -3.527228321 -209.271100557 -6.116576804 0.049171994 -0.002358814 -0.484550075 0.873377224
1317401000.287847281 -3.330086108 -209.578549210 -6.136089131 0.048257070 -0.003386142 -0.482980105 0.874294005
1317401000.391616106 -3.127686438 -209.765079216 -6.143473270 0.048585167 -0.002396839 -0.476994401 0.877559159
1317401000.495395184 -2.896100838 -210.074905769 -6.159671230 0.049588447 -0.000520814 -0.473248410 0.879532067
1317401000.599143982 -2.710963434 -210.417535749 -6.170987962 0.050792465 0.000760536 -0.470342769 0.881020560
1317401000.702893019 -2.484699375 -210.745276730 -6.184732177 0.051096338 0.000873241 -0.463973123 0.884373984
1317401000.806643009 -2.244124515 -211.030506925 -6.196111559 0.051167717 0.000924661 -0.459147002 0.886885021
1317401000.910392046 -1.971572666 -211.345837987 -6.208321242 0.051517161 0.002114861 -0.454264038 0.889373765
1317401001.014142036 -1.728079808 -211.750605503 -6.225891806 0.051949869 0.003383477 -0.449092682 0.891967223
1317401001.117892027 -1.543930630 -212.085133817 -6.247382180 0.052223392 0.004067305 -0.445205316 0.893895073
1317401001.221666098 -1.251273326 -212.468226393 -6.273334697 0.052251998 0.004115271 -0.440975532 0.895987373
1317401001.325465918 -0.929691827 -212.844515743 -6.300467056 0.051701210 0.004615901 -0.437140554 0.897894100
1317401001.429313898 -0.607251281 -213.216517358 -6.319451917 0.050253623 0.004874167 -0.435322605 0.898857633
1317401001.533207893 -0.232690258 -213.675095263 -6.343745384 0.047677944 0.003971165 -0.432381196 0.900420760
1317401001.637125969 0.131830810 -214.141134115 -6.374295135 0.045688359 0.003363910 -0.432202868 0.900611980
1317401001.741045952 0.529670126 -214.610762358 -6.411151005 0.043730552 0.002607350 -0.431823580 0.900893577
1317401001.844964981 0.878911325 -215.053830389 -6.444180188 0.041539218 0.002528410 -0.431669489 0.901071336
1317401001.948882103 1.277376828 -215.542394899 -6.476651087 0.040161554 0.003801681 -0.430416055 0.901728682
1317401002.052824974 1.665457491 -216.009027434 -6.488266356 0.038974160 0.004956638 -0.430710166 0.901634737
1317401002.156769037 2.121673525 -216.572397041 -6.520152448 0.035736075 0.004351505 -0.431255707 0.901511238
1317401002.260688066 2.457615203 -216.991559090 -6.551677571 0.033203515 0.004070169 -0.429479716 0.902456721
1317401002.364604950 2.928278049 -217.566342939 -6.580243937 0.031355070 0.006074008 -0.429469223 0.902516566
1317401002.468549013 3.420126111 -218.152140979 -6.612481725 0.031060239 0.010088952 -0.429972848 0.902250977
1317401002.572515726 3.709529828 -218.480464910 -6.616461250 0.032396436 0.013072563 -0.430817158 0.901762804
1317401002.676481962 4.232663730 -219.121327711 -6.643488531 0.033262513 0.015198901 -0.430210495 0.901987543
1317401002.780472994 4.695663665 -219.697811914 -6.681665498 0.033518646 0.014248586 -0.431346469 0.901450887
1317401002.884464025 5.237536623 -220.382635113 -6.733396957 0.033924438 0.012366693 -0.430000679 0.902106209
1317401002.988429070 5.746215632 -221.003512262 -6.777254370 0.034764487 0.011781302 -0.430560556 0.901814969
1317401003.092396021 6.240072966 -221.622597935 -6.815281409 0.035366417 0.011287925 -0.430491303 0.901830936
1317401003.196362972 6.745988561 -222.247928474 -6.852034671 0.035131373 0.010098781 -0.430642177 0.901782189
1317401003.300304890 7.247542778 -222.874459031 -6.890576470 0.035723404 0.009462301 -0.430902233 0.901641597
1317401003.404223919 7.789789095 -223.546327354 -6.927610989 0.036684883 0.011496251 -0.430643505 0.901702959
1317401003.508145094 8.254655742 -224.109210459 -6.963666512 0.038152925 0.013374914 -0.431012803 0.901439643
1317401003.612063885 8.780621224 -224.755220266 -6.995104635 0.037203333 0.016037622 -0.431224603 0.901334593
1317401003.715982914 9.283094053 -225.376252565 -7.043343510 0.037541445 0.016286512 -0.431495489 0.901186458
1317401003.819924116 9.781127826 -225.994458523 -7.089944862 0.037735441 0.015481090 -0.431888075 0.901004475
1317401003.923866987 10.284774223 -226.627375711 -7.133800385 0.037514340 0.014084829 -0.432062083 0.900953189
1317401004.027786970 10.797676444 -227.260091455 -7.175550290 0.038506530 0.012679175 -0.432561954 0.900692312
1317401004.131681681 11.275617231 -227.862736944 -7.223895621 0.039967620 0.012975727 -0.433587757 0.900131033
1317401004.235552073 11.822671998 -228.524071601 -7.260972915 0.041459591 0.014104674 -0.433565744 0.900057168
1317401004.339421034 12.320332950 -229.144149428 -7.309759844 0.042664290 0.015063996 -0.433945903 0.899802082
1317401004.443291903 12.840756737 -229.798989089 -7.350034965 0.041601941 0.012099644 -0.433717642 0.900006602
1317401004.547175884 13.309986980 -230.383870086 -7.407063743 0.040133788 0.011103105 -0.432588182 0.900629482
1317401004.651024103 13.832258204 -231.034909713 -7.445143303 0.039876390 0.012336292 -0.432094400 0.900861875
1317401004.754833937 14.320287264 -231.637056831 -7.474927859 0.041809288 0.013695358 -0.432121189 0.900741749
1317401004.858656883 14.864958784 -232.323982223 -7.517982801 0.043552747 0.016049736 -0.430984691 0.901164669
1317401004.962480068 15.602639336 -233.214193919 -7.581662159 0.044635029 0.018287483 -0.431439243 0.900851520
1317401005.066301107 16.301299416 -234.086631425 -7.643060032 0.044948255 0.018272670 -0.432407856 0.900371707
1317401005.170099020 17.032301130 -234.988136124 -7.721456249 0.044355818 0.016591069 -0.433032930 0.900133201
1317401005.273850918 17.764175556 -235.896402728 -7.786905530 0.044457616 0.015523526 -0.433154802 0.900088583
1317401005.377603054 18.526994158 -236.844076145 -7.850550071 0.045180184 0.016413845 -0.431727481 0.900722332
1317401005.481379032 19.271431550 -237.765540496 -7.917213553 0.046743901 0.018105654 -0.431042316 0.900938241
1317401005.585175991 20.012781785 -238.678561644 -7.982751818 0.045413989 0.020388652 -0.431251678 0.900857293
1317401005.688973904 20.776483359 -239.594967260 -8.066384525 0.042715757 0.023253814 -0.431396927 0.900850329
1317401005.792749166 21.524085970 -240.510046661 -8.142961738 0.040927047 0.025951504 -0.430842408 0.901125028
1317401005.896548748 22.245696993 -241.406074029 -8.218241945 0.039228528 0.027428687 -0.431069595 0.901048164
1317401006.000346899 22.787670007 -242.051632893 -8.285054424 0.036230680 0.025510519 -0.431401343 0.901071269
1317401006.104120970 23.275565622 -242.652263147 -8.345371033 0.034503358 0.022873002 -0.431808570 0.901014818
1317401006.207895994 23.814658126 -243.316262225 -8.395758104 0.034475892 0.021258663 -0.431514942 0.901196059
1317401006.311671972 24.301391194 -243.926657600 -8.439060389 0.035224748 0.020615772 -0.431897952 0.900998539
1317401006.415471077 24.833394379 -244.569401267 -8.493138181 0.034205798 0.020447573 -0.431523742 0.901220905
1317401006.519269943 25.340477738 -245.185198043 -8.534431517 0.033077286 0.021785159 -0.431469761 0.901257535
1317401006.623066902 25.856207477 -245.829432032 -8.578190989 0.034082769 0.022686902 -0.431205957 0.901324077
1317401006.726866961 26.371184345 -246.451967970 -8.621363755 0.034310993 0.024105810 -0.431570515 0.901104076
1317401006.830641270 26.894210235 -247.084096762 -8.669649519 0.034998875 0.025105401 -0.431491897 0.901087976
1317401006.934416056 27.392834676 -247.705761712 -8.718170643 0.036066463 0.026363145 -0.431285580 0.901108730
1317401007.038191080 27.909384271 -248.339717184 -8.771034424 0.037632773 0.026538940 -0.431329615 0.901018436
1317401007.141988754 28.401509386 -248.952496630 -8.823513978 0.038221291 0.025810673 -0.431429616 0.900966941
1317401007.245786905 28.926406816 -249.600673182 -8.877455788 0.038924231 0.023651023 -0.431188687 0.901111452
1317401007.349586964 29.421891406 -250.221657405 -8.932525030 0.039515505 0.022277476 -0.431481562 0.900980522
1317401007.453385115 29.955529180 -250.858703725 -8.980987705 0.039140723 0.022617710 -0.431379327 0.901037358
1317401007.557183981 30.470100359 -251.506915388 -9.034334019 0.039766975 0.023927247 -0.431207740 0.901058244
1317401007.660983086 31.178318362 -252.371434437 -9.095950274 0.042343478 0.024713712 -0.432339253 0.900377161
1317401007.764781713 31.714020868 -253.017993502 -9.153915455 0.043883836 0.026336363 -0.432578680 0.900142372
1317401007.868580103 32.414223474 -253.903617563 -9.232992700 0.044014712 0.027305833 -0.434298021 0.899278781
1317401007.972403049 32.929308326 -254.541938884 -9.292035524 0.043649500 0.026836178 -0.435048467 0.898947925
1317401008.076275110 33.439201128 -255.174215083 -9.353350868 0.042400308 0.024319547 -0.435229958 0.898991467
1317401008.180145264 33.984360676 -255.755627714 -9.405525892 0.039531922 0.022631429 -0.438341480 0.897653492
1317401008.284015894 34.518785925 -256.347018341 -9.453565283 0.037585302 0.023648589 -0.440489556 0.896658820
1317401008.387861967 35.013311846 -256.957219120 -9.509843666 0.037574766 0.024835825 -0.441117999 0.896318152
1317401008.491708279 35.546537080 -257.593095693 -9.545594201 0.037624019 0.026834574 -0.442372358 0.895640014
1317401008.595555067 36.067097495 -258.261774117 -9.603329866 0.037371287 0.027632335 -0.442782966 0.895423411
1317401008.699377060 36.599634151 -258.918805064 -9.665965126 0.036115842 0.028123058 -0.444340621 0.894687740
1317401008.803177118 37.129438898 -259.625661544 -9.729618313 0.036555443 0.028502836 -0.444539647 0.894558992
1317401008.906977892 37.730249382 -260.411744719 -9.796212879 0.037732057 0.028259763 -0.445304655 0.894137261
1317401009.010776043 38.241560627 -261.092119968 -9.858567468 0.038475215 0.026901745 -0.445619325 0.893990700
1317401009.114550114 38.887614559 -261.939781093 -9.936586003 0.039391653 0.026150844 -0.446932089 0.893317491
1317401009.218348980 39.411163792 -262.646566629 -9.990559020 0.041456404 0.027328192 -0.446858715 0.893225518
1317401009.322146893 40.064114446 -263.514396554 -10.070281435 0.043885350 0.028331517 -0.447252461 0.892881088
1317401009.425921679 40.560364165 -264.184136331 -10.127267866 0.045220669 0.029408476 -0.447206337 0.892802736
1317401009.529700041 41.119553004 -264.929862287 -10.212508581 0.045048784 0.029864307 -0.446013631 0.893392731
1317401009.633497000 41.704027676 -265.703090564 -10.290686533 0.045141075 0.030082663 -0.446795177 0.892990138
1317401009.737340927 42.257531477 -266.422744151 -10.367078397 0.044651711 0.029822358 -0.447408761 0.892716222
1317401009.841188908 42.804282300 -267.147347163 -10.447152200 0.043401007 0.029055056 -0.446844234 0.893085879
1317401009.945010900 43.421455771 -267.973995528 -10.532934534 0.044047640 0.029040509 -0.448367817 0.892290734
1317401010.048831940 43.954269099 -268.679469866 -10.597555775 0.046296572 0.029687699 -0.448557111 0.892060416
1317401010.152682066 44.569428290 -269.522255610 -10.685834721 0.047524575 0.029940201 -0.449376266 0.891574995
1317401010.256529093 45.085941618 -270.191161205 -10.753569616 0.048911276 0.029109597 -0.449868537 0.891279203
1317401010.360351086 45.593359595 -270.890114464 -10.829809826 0.049474275 0.028107497 -0.448595471 0.891921728
1317401010.464173079 46.097872468 -271.565475944 -10.898890150 0.049503935 0.026692188 -0.448163228 0.892180816
1317401010.567994118 46.565759800 -272.210658510 -10.966249092 0.048374462 0.025767715 -0.447755246 0.892474748
1317401010.671817064 47.073708635 -272.880389554 -11.030059993 0.048693481 0.025495090 -0.447921888 0.892381604
1317401010.775671005 47.548367003 -273.510343228 -11.094843218 0.050829740 0.026595139 -0.449196896 0.891589135
1317401010.879517078 48.041877889 -274.178113910 -11.150711574 0.052641815 0.027785760 -0.448921427 0.891586419
1317401010.983335018 48.485012615 -274.795078506 -11.214974490 0.054570708 0.027339657 -0.449545378 0.891169756
1317401011.087157011 48.952708527 -275.431378706 -11.273203669 0.056398281 0.026235450 -0.450141222 0.890788311
1317401011.190979004 49.430731700 -276.092994685 -11.344198857 0.057064446 0.025745015 -0.450078249 0.890792014
1317401011.294826031 49.906996625 -276.725033406 -11.404712348 0.057370471 0.025643621 -0.450202879 0.890712300
1317401011.398672104 50.386817445 -277.375358551 -11.473131160 0.058891759 0.027079512 -0.449873922 0.890736726
1317401011.502473116 50.865057442 -278.019900769 -11.533401913 0.060750545 0.028162241 -0.449671873 0.890680339
1317401011.606247902 51.317926246 -278.634310458 -11.596255318 0.061836128 0.029220407 -0.449079248 0.890870524
1317401011.710020065 51.791268624 -279.263437808 -11.662336163 0.062023355 0.028382291 -0.448720602 0.891065301
1317401011.813819885 52.044745517 -279.603359318 -11.706309528 0.061021178 0.026155871 -0.449335297 0.890892854
1317401011.917619944 52.504273520 -280.213883952 -11.773035618 0.059878886 0.025082235 -0.448952875 0.891193984
1317401012.021419048 52.773450598 -280.580058475 -11.815831257 0.058528780 0.025822356 -0.448671214 0.891404358
1317401012.125289917 53.069799864 -280.984908860 -11.850161022 0.057200887 0.026529742 -0.448325748 0.891643569
1317401012.229232073 53.486155167 -281.527173042 -11.903310317 0.055445953 0.027021134 -0.448344039 0.891730468
1317401012.333245039 53.946941544 -282.116229585 -11.962393265 0.052922276 0.027369591 -0.449319040 0.891382375
1317401012.437356949 54.423370444 -282.723633070 -12.032619841 0.050080630 0.027226507 -0.449938475 0.891238473
1317401012.541516066 54.688223229 -283.079715725 -12.068697840 0.049403009 0.027661019 -0.450725455 0.890865183
1317401012.645699024 55.055899629 -283.598939285 -12.115261842 0.051138224 0.030079115 -0.464533960 0.883565690
1317401012.749932051 55.505359495 -284.219163317 -12.180323662 0.053001863 0.032650073 -0.474096504 0.878269480
1317401012.854211092 55.847549153 -284.689374641 -12.221936225 0.054077328 0.034702750 -0.483740976 0.872849374
1317401012.958512068 56.168554858 -285.214210981 -12.277821087 0.054373209 0.036173765 -0.497144133 0.865206752
1317401013.062791824 56.546154530 -285.824771600 -12.350389833 0.055021182 0.034891646 -0.512102659 0.856449712
1317401013.167021036 56.642035357 -286.140490095 -12.374135962 0.054394115 0.034279932 -0.523816730 0.849401083
1317401013.271224976 56.742115520 -286.514723177 -12.415941272 0.052807011 0.028410554 -0.543742435 0.837107176
1317401013.375407934 56.788338698 -286.873635753 -12.457081370 0.050396447 0.025866829 -0.557663346 0.828132054
1317401013.479496002 57.075422944 -287.421995374 -12.522372555 0.049878604 0.025297353 -0.569701679 0.819946441
1317401013.583488941 57.158447631 -287.851425548 -12.571904159 0.050400558 0.025668858 -0.580194596 0.812511615
1317401013.687383890 57.327431759 -288.356577251 -12.616865751 0.053083896 0.025712496 -0.587952914 0.806741804
1317401013.791182995 57.466483119 -288.876091732 -12.660821753 0.056416715 0.026296680 -0.590728542 0.804465928
1317401013.894910097 57.629458955 -289.369350095 -12.699855471 0.058438269 0.027761769 -0.592468727 0.802991320
1317401013.998589039 57.797369383 -289.847935423 -12.742989349 0.057953465 0.029184947 -0.592673966 0.802824517
1317401014.102243900 57.955091834 -290.351279595 -12.798707362 0.056433694 0.030813049 -0.590333934 0.804594084
1317401014.205898046 58.096966092 -290.838236752 -12.855626142 0.055618682 0.032863129 -0.588393277 0.805990030
1317401014.309600115 58.213779914 -291.295584257 -12.910460438 0.055069818 0.035002529 -0.585805549 0.807820523
1317401014.413327217 58.456567772 -291.769777243 -12.957416421 0.055902950 0.035815295 -0.578597570 0.812906499
1317401014.517076969 58.607370691 -292.213075462 -13.009682897 0.056798049 0.035515767 -0.574953459 0.815439227
1317401014.620826960 58.774205890 -292.695453759 -13.062575283 0.058201391 0.035154564 -0.569247762 0.819349584
1317401014.724554062 58.966298056 -293.160513828 -13.117644409 0.058647805 0.035174116 -0.563989442 0.822945396
1317401014.828279972 59.159362641 -293.649804015 -13.175389816 0.057809667 0.035576991 -0.558309046 0.826851455
1317401014.932008028 59.374019975 -294.092669602 -13.241478987 0.057318719 0.035569845 -0.552041527 0.831083331
1317401015.035712004 59.586000414 -294.632827876 -13.298655617 0.058373460 0.033450742 -0.544331756 0.836167762
1317401015.139436007 59.786584955 -295.104282790 -13.357775855 0.060033121 0.030215500 -0.535250713 0.842015274
1317401015.243185997 60.064683303 -295.631606014 -13.426675591 0.060894246 0.028870863 -0.526431910 0.847542216
1317401015.346915007 60.300545069 -296.110158241 -13.479961421 0.060887141 0.028812766 -0.520043548 0.851479471
1317401015.450640917 60.593176426 -296.607558820 -13.547846059 0.060539570 0.027866351 -0.510070679 0.857546692
1317401015.554370165 60.853913830 -297.111684861 -13.611713298 0.061687475 0.027176992 -0.501792545 0.862357414
1317401015.658119917 61.140492702 -297.663017486 -13.664421912 0.063304255 0.026805079 -0.493601700 0.866966793
1317401015.761892080 61.508231349 -298.131595151 -13.721281239 0.063680762 0.026105939 -0.484015543 0.872348665
1317401015.865668058 61.825877083 -298.691688337 -13.788475140 0.062833723 0.025539815 -0.474829785 0.877460151
1317401015.969440937 62.193489773 -299.179134207 -13.845808034 0.061860484 0.026096202 -0.466418872 0.882012304
1317401016.073238134 62.597827766 -299.676296338 -13.912103399 0.061341014 0.026773024 -0.459867071 0.885461892
1317401016.177038908 62.937723450 -300.250033204 -13.983577424 0.061794540 0.027120261 -0.451436803 0.889747570
1317401016.280862093 63.343112027 -300.776324409 -14.041109123 0.062562789 0.027103268 -0.444777263 0.893042271
1317401016.384708881 63.757863155 -301.301482882 -14.098871336 0.062689931 0.027354939 -0.436789215 0.896959788
1317401016.488508940 64.180887070 -301.833812382 -14.173610504 0.061521182 0.026594955 -0.429062650 0.900784711
1317401016.592305899 64.650656164 -302.383151339 -14.248350118 0.060515855 0.025777289 -0.420514271 0.904898398
1317401016.696105003 65.129258234 -302.945410270 -14.315641930 0.060670206 0.025729632 -0.412844159 0.908414450
1317401016.799881935 65.581596895 -303.466492542 -14.384030514 0.060989756 0.026192897 -0.405614870 0.911630824
1317401016.903677940 66.093497065 -304.007935026 -14.438589607 0.060876129 0.026568701 -0.396908721 0.915451620
1317401017.007475853 66.526119538 -304.437079860 -14.504770064 0.059320829 0.027115665 -0.391325569 0.917937949
1317401017.111252069 67.080597765 -305.008006890 -14.575990628 0.057165909 0.027536748 -0.382332903 0.921843445
1317401017.215049982 67.580861518 -305.448806872 -14.647258247 0.056054102 0.028474172 -0.375492545 0.924690493
1317401017.318850040 68.172140158 -305.994435598 -14.709325264 0.054787342 0.029825453 -0.365200685 0.928836503
1317401017.422648907 68.725665754 -306.532071987 -14.791611157 0.052584062 0.030361749 -0.356898634 0.932167606
1317401017.526448011 69.308554621 -307.011600433 -14.857112111 0.049324927 0.029543990 -0.348230328 0.935644079
1317401017.630247116 70.112391297 -307.742206068 -14.959294728 0.048372406 0.027386362 -0.333185343 0.941221347
1317401017.734093904 70.782774440 -308.269483151 -15.029345929 0.047720780 0.027208734 -0.325312983 0.944009468
1317401017.837939024 71.480093583 -308.775029715 -15.097820143 0.047809152 0.027963380 -0.317022039 0.946799536
1317401017.941785097 71.852757186 -309.045688281 -15.126540240 0.048893208 0.028436627 -0.314084749 0.947708596
1317401018.045681000 72.867766478 -309.825396636 -15.227786035 0.051127588 0.027000012 -0.301565699 0.951690653
1317401018.149600983 73.557081298 -310.283969626 -15.287474104 0.051747839 0.025174925 -0.296542632 0.953284245
1317401018.253519058 74.284633378 -310.780132827 -15.361920980 0.052079278 0.024552024 -0.288550093 0.955732071
1317401018.357438326 75.094330324 -311.297927717 -15.432506011 0.054863094 0.024169672 -0.282255037 0.957464340
1317401018.461380959 75.922700646 -311.829334161 -15.500282748 0.057840313 0.023335395 -0.278657822 0.958363071
1317401018.565372944 76.650396553 -312.314030576 -15.550850188 0.059532536 0.019814321 -0.273307875 0.959878157
1317401018.669388056 77.458803423 -312.808253536 -15.627920894 0.058031541 0.016972510 -0.269499005 0.961100703
1317401018.773423910 78.397691702 -313.355681755 -15.700101285 0.058525757 0.018822722 -0.268732950 0.961250770
1317401018.877511024 79.178144848 -313.824674239 -15.765725516 0.060503977 0.022787369 -0.267412493 0.961410715
1317401018.981599092 80.126575982 -314.391697182 -15.827711202 0.065151711 0.025283017 -0.268280987 0.960802444
1317401019.085635900 81.056452421 -314.961156800 -15.900481075 0.068468412 0.025757680 -0.267670645 0.960729433
1317401019.189625740 81.849855118 -315.446378848 -15.975003235 0.071966846 0.025450378 -0.266554856 0.960792152
1317401019.293595076 82.790052235 -316.018355622 -16.047826214 0.074852727 0.024356958 -0.266649602 0.960573682
1317401019.397537947 83.775823281 -316.597950696 -16.139377112 0.075136302 0.022572162 -0.266727824 0.960573423
1317401019.501456976 84.746895756 -317.174623883 -16.225842037 0.074620442 0.021012651 -0.265284454 0.961048603
1317401019.605400085 85.553950409 -317.641804363 -16.292158010 0.072251568 0.021160913 -0.264435821 0.961460152
1317401019.709342003 86.514341513 -318.194681513 -16.370905924 0.072211458 0.023513884 -0.263638684 0.961627395
1317401019.813285112 87.200398366 -318.604218712 -16.430477040 0.071727608 0.026562811 -0.263506427 0.961620471
1317401019.917227030 87.942188580 -319.036046882 -16.485273459 0.072416643 0.032317786 -0.263493980 0.961396023
1317401020.021147251 88.679466784 -319.467728535 -16.553630849 0.074579927 0.033581500 -0.262864000 0.961359784
1317401020.125067949 89.357860581 -319.883029137 -16.635379307 0.077574628 0.031175285 -0.262889964 0.961196726
1317401020.228960991 90.055798421 -320.304006072 -16.714187642 0.078955733 0.029496293 -0.262550146 0.961230140
1317401020.332854986 90.729325966 -320.694568762 -16.784456729 0.080382570 0.028946748 -0.262760476 0.961071101
1317401020.436773777 91.428336098 -321.109653682 -16.857126582 0.081654653 0.027747228 -0.262316827 0.961120435
1317401020.540666103 92.114243286 -321.503756132 -16.932812308 0.082724838 0.026896703 -0.263104890 0.960837648
1317401020.644560099 92.832329949 -321.924167603 -16.997828874 0.083748412 0.027387116 -0.262641947 0.960861778
1317401020.748456955 93.517845029 -322.331369281 -17.068964742 0.085825336 0.029934885 -0.262168728 0.960731738
1317401020.852303982 94.224197782 -322.754641791 -17.130108510 0.088136758 0.031001910 -0.262075352 0.960514083
1317401020.956149101 94.900563516 -323.136281852 -17.210443525 0.088603455 0.028961973 -0.262400513 0.960446043
1317401021.060020924 95.592762431 -323.544545452 -17.285381106 0.085429377 0.023671008 -0.261905267 0.961013598
1317401021.163893938 96.283047187 -323.922563167 -17.362875817 0.081207083 0.022773561 -0.261745467 0.961444790
1317401021.267763853 97.016268791 -324.347095399 -17.430275069 0.080162525 0.025484223 -0.261944159 0.961410309
1317401021.371634960 97.698930774 -324.748244197 -17.487028106 0.081841270 0.028626615 -0.260276052 0.961633454
1317401021.475506067 98.419118942 -325.154969393 -17.550851406 0.081646413 0.031811015 -0.260080803 0.961602776
1317401021.579377890 99.109239805 -325.546883207 -17.620820070 0.083731843 0.032244267 -0.259524590 0.961559293
1317401021.683271885 99.818362987 -325.937741996 -17.692285341 0.082521598 0.031356904 -0.259588105 0.961676113
1317401021.787189007 100.445135189 -326.287505418 -17.755498808 0.079741285 0.026480054 -0.258911903 0.962239451
1317401021.891083002 101.158714252 -326.685147370 -17.825223220 0.076588949 0.022594881 -0.258997005 0.962571637
1317401021.994980097 101.873109481 -327.070813107 -17.900175749 0.073487182 0.022768602 -0.258328302 0.962988948
1317401022.098897934 102.590629562 -327.475036898 -17.963783328 0.071222589 0.026596771 -0.257919002 0.963170672
1317401022.202816010 103.312312614 -327.890799648 -18.025767661 0.071828372 0.031082968 -0.257918106 0.962991581
1317401022.306734085 104.003897212 -328.283472289 -18.073454701 0.072483036 0.033956881 -0.257645740 0.962918383
1317401022.410650969 104.723978595 -328.682476779 -18.143899058 0.072361295 0.034008654 -0.256895913 0.963126027
1317401022.514547110 105.453312041 -329.085532128 -18.214439700 0.070262850 0.031192504 -0.257013698 0.963345275
1317401022.618443012 106.178587317 -329.495033194 -18.302206835 0.070050637 0.030203599 -0.256772709 0.963456500
1317401022.722334862 106.939023019 -329.937777288 -18.373860348 0.069734979 0.032042054 -0.255952562 0.963638223
1317401022.826208115 107.613305155 -330.302778967 -18.438886886 0.070213774 0.034079368 -0.256438971 0.963404212
1317401022.930079937 108.550435652 -330.841286374 -18.535002793 0.071532909 0.034940077 -0.255590753 0.963501739
1317401023.033925056 109.298339864 -331.256658255 -18.613990186 0.072336707 0.033990325 -0.256269926 0.963295273
1317401023.137748957 110.078651063 -331.690008400 -18.693218352 0.072099958 0.033335902 -0.256069338 0.963389230
1317401023.241595984 110.726993946 -332.055196323 -18.765426884 0.072065166 0.033801938 -0.256403281 0.963286769
1317401023.345441103 111.499282591 -332.487542522 -18.839772886 0.071491380 0.035501259 -0.255038995 0.963630507
1317401023.449261904 112.264647901 -332.910193628 -18.920335807 0.069809722 0.036156833 -0.254748396 0.963806278
1317401023.553064108 113.212105002 -333.432030320 -19.022842432 0.068390608 0.036053493 -0.254529999 0.963969579
1317401023.656863928 114.257345868 -334.024546971 -19.137906296 0.067693827 0.035403441 -0.253876043 0.964215275
1317401023.760660887 115.236188911 -334.570148159 -19.234113125 0.067091610 0.035336362 -0.253690520 0.964308653
1317401023.864435911 115.924081740 -334.940098615 -19.316203048 0.066011665 0.036050508 -0.253747046 0.964341878
1317401023.968235016 116.661202033 -335.349076997 -19.383010741 0.066527379 0.038973779 -0.253897563 0.964153089
1317401024.072033882 117.401049823 -335.757324234 -19.458736435 0.066591373 0.041633535 -0.253543856 0.964130567
1317401024.175807953 118.125868284 -336.150684970 -19.543426437 0.066431394 0.041884025 -0.253925546 0.964030298
1317401024.279583931 118.845231952 -336.546755058 -19.629460160 0.065190517 0.040837823 -0.254479771 0.964013752
1317401024.383359909 119.541876066 -336.938310698 -19.712825445 0.065679838 0.040672886 -0.254428598 0.964001018
1317401024.487133026 120.294928589 -337.343918979 -19.795774151 0.063275026 0.043070024 -0.254275624 0.964098102
1317401024.590907097 121.250399943 -337.878826181 -19.910078047 0.061827093 0.045248323 -0.254060726 0.964148924
1317401024.694680929 121.980553878 -338.272541791 -19.989176268 0.059572311 0.046644846 -0.254354230 0.964146941
1317401024.798487902 122.696763427 -338.653310710 -20.085416440 0.055868326 0.046195128 -0.254518702 0.964346914
1317401024.902287006 123.415219984 -339.051269925 -20.175144822 0.052015548 0.044632567 -0.253795310 0.964826543
1317401025.006078959 124.127410809 -339.441020296 -20.270667074 0.052744530 0.044272238 -0.254302058 0.964670123
1317401025.109875917 124.851945715 -339.850799184 -20.338374981 0.052761801 0.045859285 -0.253916500 0.964696600
1317401025.213674068 125.581819642 -340.239521514 -20.427965701 0.053003837 0.048022566 -0.254289353 0.964479835
1317401025.317521811 126.304474127 -340.624427087 -20.504981933 0.051517885 0.050123406 -0.255023014 0.964259723
1317401025.421392918 127.029800727 -341.026117741 -20.592509092 0.050512813 0.051892274 -0.255002855 0.964224658
1317401025.525262117 127.729368909 -341.413999687 -20.690760011 0.047242700 0.051649763 -0.255100076 0.964377717
1317401025.629111052 128.452426582 -341.815205274 -20.795524250 0.045165180 0.049757479 -0.254584781 0.964712853
1317401025.732959032 129.182557294 -342.211077859 -20.874145940 0.043478585 0.049524173 -0.255129643 0.964658403
1317401025.836806059 129.923713756 -342.604158765 -20.969781514 0.042233901 0.051682709 -0.255898005 0.964396913
1317401025.940654039 130.667393862 -343.012932753 -21.046648875 0.041571887 0.055307214 -0.257190466 0.963880674
1317401026.044523954 131.337652471 -343.389352820 -21.136046188 0.039828083 0.056003673 -0.256911186 0.963988566
1317401026.148391962 132.032976595 -343.784303191 -21.226968116 0.038243231 0.054189107 -0.258164250 0.963821672
1317401026.252280951 132.666710731 -344.147236095 -21.325637021 0.035504475 0.052198217 -0.259493492 0.963679358
1317401026.356200933 133.372943321 -344.548801623 -21.408926674 0.034101855 0.051400335 -0.260710236 0.963444468
1317401026.460171938 134.087466507 -344.938836580 -21.495472828 0.034496680 0.051873084 -0.266122626 0.961924067
1317401026.564187050 134.787018279 -345.351166673 -21.578438349 0.036234136 0.053077368 -0.271462252 0.960301060
1317401026.668203115 135.452326695 -345.759179391 -21.659656674 0.037331799 0.055086640 -0.277824385 0.958324272
1317401026.772239923 136.075425384 -346.132437281 -21.738919074 0.037372900 0.057393417 -0.284072257 0.956353604
1317401026.876277924 136.697352520 -346.556115006 -21.819516178 0.038697982 0.057843019 -0.291151319 0.954142317
1317401026.980293036 137.348040897 -346.990682268 -21.913793611 0.041850094 0.055293795 -0.296026766 0.952659078
1317401027.084307909 137.911169575 -347.386352100 -21.999756456 0.043038484 0.053294110 -0.304357955 0.950091397
1317401027.188301086 138.539062844 -347.829932277 -22.086540574 0.043864604 0.052509017 -0.309122953 0.948557694
1317401027.292243004 139.140278453 -348.262738732 -22.179600371 0.044141418 0.053768382 -0.315753937 0.946287455
1317401027.396181107 139.782596313 -348.724559166 -22.259378581 0.047105734 0.056175673 -0.319940393 0.944596998
1317401027.500124931 140.213110822 -349.089372272 -22.322263974 0.049348422 0.058721222 -0.325526531 0.942416590
1317401027.604022980 140.790870494 -349.526276974 -22.403545993 0.051464922 0.058362311 -0.327975545 0.941476099
1317401027.707894087 141.273871259 -349.919162698 -22.485221758 0.052062873 0.058187184 -0.333144690 0.939637337
1317401027.811764002 141.868563240 -350.388522821 -22.587575773 0.052698796 0.057785975 -0.335267923 0.938871151
1317401027.915610075 142.239108001 -350.693929455 -22.653599897 0.054547786 0.057742217 -0.336859115 0.938198440
1317401028.019412041 142.812376063 -351.165115800 -22.739147921 0.058354453 0.059003814 -0.337103613 0.937802997
1317401028.123186111 143.165714529 -351.466677377 -22.796732083 0.061885036 0.060405011 -0.337729188 0.937262222
1317401028.226934671 143.728335650 -351.917074592 -22.891483059 0.063579237 0.060438696 -0.337543664 0.937213487
1317401028.330686092 144.053326335 -352.192650398 -22.948526746 0.064655031 0.060176036 -0.337391146 0.937211709
1317401028.434437990 144.443679765 -352.518770988 -23.016897111 0.065665511 0.060204393 -0.336981019 0.937287184
1317401028.538187981 144.916768183 -352.907773386 -23.106910402 0.066059771 0.059751571 -0.336230294 0.937558023
1317401028.641961098 145.245316184 -353.185452303 -23.165838190 0.065935912 0.058551949 -0.335712670 0.937827878
1317401028.745738029 145.582324364 -353.461879311 -23.229752827 0.065991263 0.058021396 -0.335257979 0.938019594
1317401028.849510908 145.889551557 -353.744367973 -23.283517531 0.066653116 0.057040024 -0.334678879 0.938239759
1317401028.953284979 146.218752362 -354.003260397 -23.341246755 0.067230793 0.055969376 -0.334480667 0.938333700
1317401029.057086945 146.522666774 -354.273255550 -23.398039096 0.066943250 0.054889014 -0.333814004 0.938655426
1317401029.160883904 146.820741871 -354.514691996 -23.458234478 0.067396118 0.054510635 -0.334065003 0.938555767
1317401029.264683008 147.136468344 -354.775456981 -23.510009776 0.067790005 0.054514842 -0.333222622 0.938826572
1317401029.368480921 147.448848476 -355.060992803 -23.568815025 0.069371445 0.054375565 -0.332156623 0.939096842
1317401029.472255945 147.722845223 -355.308282449 -23.619987954 0.070453772 0.054015751 -0.331080027 0.939417149
1317401029.576030970 147.989169836 -355.548677479 -23.659072689 0.072154440 0.052994107 -0.329386469 0.939941442
1317401029.679780960 148.197627826 -355.738371929 -23.692539629 0.073359120 0.051512754 -0.326344883 0.940990910
1317401029.783532143 148.478274923 -355.806408060 -23.719784410 0.074028122 0.050185851 -0.318792807 0.943595445
1317401029.887283087 148.595037714 -355.962386996 -23.748261554 0.074958055 0.048981675 -0.315881502 0.944563900
1317401029.991008997 148.735882902 -356.120267536 -23.777683746 0.075241959 0.047725878 -0.310152574 0.946502123
1317401030.094734907 148.998696976 -356.198918395 -23.804976480 0.075724806 0.046312470 -0.301969176 0.949176235
1317401030.198462009 149.090700551 -356.335668523 -23.831508911 0.075374031 0.046112841 -0.295382438 0.951284172
1317401030.302213907 149.329851247 -356.392753305 -23.853940780 0.075135293 0.045909133 -0.286993246 0.953877307
1317401030.405965090 149.408041144 -356.486183089 -23.873852464 0.074783405 0.045986264 -0.280917934 0.955708020
1317401030.509721994 149.610453785 -356.537845114 -23.890956219 0.074831452 0.045762858 -0.272281360 0.958211290
1317401030.613497019 149.732940996 -356.621880548 -23.909138138 0.074797904 0.045317085 -0.264765221 0.960339009
1317401030.717237949 149.804793388 -356.701248388 -23.924569101 0.075351616 0.044556438 -0.255893616 0.962733252
1317401030.820991039 149.898245998 -356.801128482 -23.941321264 0.075786836 0.043944814 -0.247365717 0.964953580
1317401030.924767017 150.125113005 -356.831742575 -23.954439110 0.075156956 0.043901886 -0.237700472 0.967430898
1317401031.028541088 150.207582895 -356.923392981 -23.965536338 0.073747072 0.044356678 -0.228399184 0.969756499
1317401031.132314920 150.372822971 -356.904494869 -23.974817609 0.072559424 0.044600203 -0.219172183 0.971961679
1317401031.236088037 150.462738516 -356.977180051 -23.986777978 0.072542537 0.044500220 -0.209206263 0.974161203
1317401031.339862108 150.594082616 -357.011793221 -23.995321416 0.073037941 0.043635957 -0.199711174 0.976154091
1317401031.443639040 150.677841059 -357.085233100 -24.010533469 0.073234571 0.042327744 -0.189271272 0.978274729
1317401031.547415018 150.853133259 -357.133675180 -24.025048414 0.072231127 0.041620299 -0.177944858 0.980502954
1317401031.651165009 150.977798887 -357.152492092 -24.038562662 0.070534884 0.041529350 -0.166072322 0.982710602
1317401031.754890919 151.174821163 -357.184183789 -24.055372615 0.069720964 0.041467627 -0.153360233 0.984835043
1317401031.858592987 151.366359881 -357.264585779 -24.078489158 0.070769436 0.041490158 -0.138456103 0.986965127
1317401031.962272882 151.559431944 -357.321082380 -24.092169911 0.072879587 0.041708003 -0.124257402 0.988690602
1317401032.065953016 151.755405329 -357.358112825 -24.103367538 0.073665146 0.041596107 -0.108376271 0.990503808
1317401032.169631958 151.985971662 -357.397035541 -24.119139519 0.073155137 0.041681245 -0.090974261 0.992287601
1317401032.273336887 152.198797893 -357.451113802 -24.145279215 0.072954158 0.041925444 -0.073275128 0.993755857
1317401032.377037048 152.462862178 -357.462160541 -24.161098681 0.073421222 0.041869526 -0.054543268 0.994927786
1317401032.480714083 152.740715385 -357.438067695 -24.175379014 0.073496150 0.041271673 -0.035690488 0.995801764
1317401032.584368944 153.023117929 -357.450039847 -24.191762822 0.073648325 0.040831116 -0.014501298 0.996342540
1317401032.688024044 153.265514971 -357.489331705 -24.215177394 0.074722419 0.039955854 0.006449467 0.996382705
1317401032.791677952 153.614417011 -357.509632982 -24.236871814 0.076240607 0.038039978 0.031535454 0.995864371
1317401032.895330906 153.943426693 -357.486816710 -24.262136754 0.077944421 0.036559322 0.055254243 0.994753764
1317401032.999010086 154.272165626 -357.452915704 -24.285847980 0.079232491 0.035431758 0.079821095 0.993023361
1317401033.102691889 154.633935721 -357.383775568 -24.306025936 0.081277909 0.033474615 0.104053308 0.990679696
1317401033.206346989 155.011140325 -357.308444554 -24.328660536 0.083171842 0.031850743 0.129398215 0.987584972
1317401033.310000896 155.384475410 -357.205644166 -24.342040063 0.084829838 0.030768094 0.154667080 0.983837038
1317401033.413703918 155.762794493 -357.062916822 -24.349220820 0.086079711 0.029285081 0.180509183 0.979361579
1317401033.517457008 156.153688977 -356.916242716 -24.358775969 0.087655385 0.027547975 0.206488240 0.974125377
1317401033.621232986 156.569092163 -356.747137957 -24.367149697 0.088951822 0.026028652 0.232246047 0.968231303
1317401033.725028753 156.965382434 -356.554428414 -24.379021666 0.090151465 0.024741664 0.256231346 0.962084227
1317401033.828852892 157.369142172 -356.321477959 -24.378152145 0.091694418 0.023995855 0.277902251 0.955921896
1317401033.932698011 157.788422449 -356.075718402 -24.370012222 0.093129984 0.023973243 0.299980874 0.949085647
1317401034.036569118 158.252329565 -355.730087437 -24.354254262 0.093557697 0.023421710 0.320792196 0.942226484
1317401034.140464783 158.672233458 -355.396143874 -24.336089231 0.092686660 0.022012020 0.340890046 0.935263936
1317401034.244455099 159.115967316 -355.031200555 -24.324033559 0.090045343 0.020208219 0.356970733 0.929545781
1317401034.348567009 159.503965860 -354.631511628 -24.305074429 0.088230403 0.018569303 0.370038941 0.924630607
1317401034.452725649 159.950591306 -354.186990431 -24.284069859 0.087614137 0.016514290 0.380600121 0.920431740
1317401034.556907892 160.394193371 -353.745126047 -24.258640905 0.087665216 0.014746588 0.389715578 0.916634669
1317401034.661089897 160.842313443 -353.241102171 -24.232651993 0.087902043 0.013058222 0.398063740 0.913043248
1317401034.765252113 161.303794197 -352.770990802 -24.206523907 0.088767653 0.011292999 0.406925454 0.909067900
1317401034.869400024 161.784545801 -352.214497133 -24.175488876 0.089004920 0.010564600 0.414374338 0.905682296
1317401034.973558903 162.262344303 -351.677140466 -24.131725873 0.089176565 0.010375359 0.420545982 0.902818348
1317401035.077750921 162.724393883 -351.094378879 -24.087811991 0.088767898 0.009752994 0.424989680 0.900782388
1317401035.181931973 163.231255144 -350.504166497 -24.039621150 0.088304790 0.009642758 0.428339237 0.899241224
1317401035.286113977 163.756546693 -349.853145316 -23.993017010 0.087496303 0.009472566 0.432433576 0.897360502
1317401035.390320063 164.256496017 -349.226225727 -23.942954430 0.087308268 0.009725326 0.434074245 0.896583646
1317401035.494528055 164.772268983 -348.573858657 -23.891138860 0.086766401 0.009874333 0.435516345 0.895935043
1317401035.598733902 165.294732611 -347.909244794 -23.835081898 0.086232900 0.009767531 0.436328364 0.895592564
1317401035.702918053 165.800946155 -347.277786252 -23.791333398 0.085703209 0.009608365 0.437651964 0.894999105
1317401035.807075977 166.342971628 -346.596551532 -23.738099458 0.086065244 0.010298525 0.438536193 0.894523740
1317401035.911211967 166.970455664 -345.769473372 -23.674137094 0.086214721 0.010775944 0.437996997 0.894767864
1317401036.015299082 167.503559381 -345.085862399 -23.622996798 0.086438736 0.011285941 0.438686440 0.894402136
1317401036.119335890 168.095305271 -344.337190547 -23.567276533 0.086501089 0.011788361 0.441203845 0.893150471
1317401036.223352909 168.641629993 -343.607991259 -23.510565829 0.086471356 0.012222350 0.442030146 0.892738858
1317401036.327373981 169.270701438 -342.784785845 -23.446667706 0.085947495 0.012788493 0.442936995 0.892331946
1317401036.431385994 169.798399023 -342.077591019 -23.391769632 0.085445293 0.013179562 0.444069702 0.891811359
1317401036.535372972 170.460223265 -341.201110789 -23.326214989 0.085100931 0.012743543 0.444183228 0.891794087
1317401036.639362097 170.998130528 -340.509973288 -23.273704025 0.085426833 0.012348839 0.445405441 0.891158659
1317401036.743375063 171.664365226 -339.612213982 -23.204601502 0.085388345 0.012400167 0.445419345 0.891154685
1317401036.847368956 172.203663271 -338.889442884 -23.147074281 0.084357763 0.013325242 0.446865501 0.890515261
1317401036.951337099 172.869464173 -338.014038828 -23.077404610 0.083118301 0.014734407 0.446188575 0.890948933
1317401037.055325985 173.418693759 -337.290500452 -23.014805151 0.082036318 0.015608627 0.447096825 0.890578937
1317401037.159317017 174.057739920 -336.425279540 -22.953221078 0.081379378 0.015736818 0.446484463 0.890944091
1317401037.263309002 174.575681524 -335.737508476 -22.899589983 0.080991749 0.016018251 0.446092744 0.891170587
1317401037.367299080 175.036307691 -335.103310278 -22.853679936 0.080455903 0.016425266 0.445843850 0.891336255
1317401037.471266031 175.572709147 -334.405899559 -22.805686671 0.080089518 0.017445863 0.446217879 0.891162676
1317401037.575207949 176.247835543 -333.490516564 -22.739542201 0.079840713 0.017975851 0.445767304 0.891399933
1317401037.679150105 176.916838246 -332.592326300 -22.680914753 0.079880544 0.017534652 0.445081446 0.891747801
1317401037.783140898 177.427691590 -331.905584281 -22.633843553 0.079188203 0.016103991 0.445130783 0.891811906
1317401037.887130976 177.988790269 -331.156767531 -22.590081458 0.077772616 0.015285192 0.445337397 0.891847737
1317401037.991075993 178.644000857 -330.294247178 -22.523425906 0.075929245 0.015328619 0.445377507 0.891985796
1317401038.095020056 179.183123343 -329.573863926 -22.478482205 0.073735746 0.015554178 0.445057809 0.892325419
1317401038.198961973 179.830126251 -328.706144855 -22.419955467 0.071132317 0.015210122 0.445438329 0.892352812
1317401038.302877903 180.321053854 -328.029453564 -22.377974430 0.068901578 0.014302842 0.445747785 0.892388320
1317401038.406795979 181.017976328 -327.103570573 -22.322492762 0.066651019 0.013047567 0.445736570 0.892584065
1317401038.510714054 181.518015993 -326.430073322 -22.282694255 0.065399783 0.011692988 0.446158524 0.892484573
1317401038.614609003 182.202673987 -325.510002130 -22.226060631 0.063787086 0.010827205 0.446139975 0.892621478
1317401038.718481064 182.707069573 -324.846164178 -22.184750636 0.063885046 0.010734603 0.446709138 0.892330889
1317401038.822328091 183.388470508 -323.942394796 -22.127148288 0.063512359 0.010164003 0.447376674 0.892029700
1317401038.926152945 183.891827579 -323.277778279 -22.082983429 0.063896887 0.008621998 0.448108756 0.891650936
1317401039.029927015 184.481236949 -322.484300235 -22.031811493 0.065375916 0.008461604 0.452601697 0.889272790
1317401039.133651972 184.997064444 -321.740410551 -21.975198138 0.065973846 0.009473094 0.456350805 0.887300205
1317401039.237330914 185.505603905 -320.996421625 -21.916548911 0.065560428 0.010632732 0.462139893 0.884316400
1317401039.340961933 186.050913798 -320.237289112 -21.866861208 0.066315503 0.009730580 0.469065551 0.880616306
1317401039.444617987 186.522545028 -319.526835213 -21.817863070 0.067495237 0.008228025 0.476946196 0.876298476
1317401039.548273087 186.998120480 -318.784888377 -21.763592791 0.068591790 0.006963840 0.486394453 0.871014987
1317401039.651904106 187.461136997 -318.017016645 -21.705945394 0.068214194 0.006621667 0.496847060 0.865127723
1317401039.755558968 187.901411319 -317.267714143 -21.644292771 0.067535935 0.006785160 0.507771323 0.858813800
1317401039.859235048 188.317677810 -316.552306509 -21.589867060 0.066647711 0.006929419 0.520378447 0.851302730
1317401039.962937117 188.712271963 -315.712097567 -21.512773163 0.065670271 0.006385939 0.532711301 0.843721106
1317401040.066664934 189.077863601 -314.985775127 -21.462857119 0.065511986 0.004592255 0.543919058 0.836563894
1317401040.170368910 189.448289556 -314.243754250 -21.398815091 0.066516983 0.002318733 0.555726808 0.828696464
1317401040.274048090 189.677162334 -313.775572076 -21.358608821 0.069567247 0.000220367 0.566511838 0.821111860
1317401040.377751112 189.925252687 -313.118910020 -21.293795440 0.069835165 -0.001142720 0.579820489 0.811745000
1317401040.481477976 190.163676981 -312.409255743 -21.229863263 0.068578268 -0.001136843 0.591276487 0.803547039
1317401040.585206985 190.422193452 -311.589385180 -21.144325372 0.066177964 -0.000265283 0.604717851 0.793685534
1317401040.688958883 190.605153570 -310.818115666 -21.053939706 0.063077225 -0.000373333 0.619500167 0.782458093
1317401040.792756081 190.738429703 -310.210355385 -20.994041108 0.062296509 -0.002024131 0.630329538 0.773821505
1317401040.896552086 190.776244404 -309.849258130 -20.964748852 0.062862380 -0.005323181 0.637349234 0.767988241
1317401041.000349998 190.603082956 -309.721754860 -20.947827206 0.064838398 -0.006967142 0.644790530 0.761572461
1317401041.104195118 190.595700805 -309.486655613 -20.922017024 0.065494040 -0.008068288 0.658229257 0.749919782
1317401041.208066702 190.586620023 -308.941933320 -20.852813230 0.064325851 -0.008006200 0.668398817 0.740973082
1317401041.311964273 190.496578333 -308.397824978 -20.776967275 0.062979192 -0.007441771 0.678976014 0.731416307
1317401041.415884018 190.538177439 -307.514374390 -20.679820544 0.062568048 -0.007661442 0.688616063 0.722381104
1317401041.519850016 190.560383323 -306.694093512 -20.591387767 0.062482666 -0.008359135 0.694781098 0.716453256
1317401041.623840094 190.541054578 -306.074168958 -20.522535460 0.062309123 -0.010426845 0.705454166 0.705934327
1317401041.727828979 190.527144477 -305.267918015 -20.437650981 0.062572170 -0.010672376 0.706381089 0.704979845
1317401041.831867933 190.520436512 -304.455716207 -20.345194156 0.061603319 -0.010113860 0.707578371 0.703871856
1317401041.935930967 190.436375648 -303.467650548 -20.233319471 0.061706418 -0.009781986 0.716771391 0.694503710
1317401042.039968967 190.463419514 -302.395944700 -20.107679362 0.064084971 -0.009893960 0.725135136 0.685546687
1317401042.143984079 190.401693414 -301.337275179 -19.988642330 0.065734119 -0.011730323 0.728762966 0.681502725
1317401042.248020887 190.335366611 -300.493031616 -19.899764017 0.067007609 -0.012832381 0.731739000 0.678161740
1317401042.352061033 190.272084506 -299.513046084 -19.779078056 0.066945359 -0.012964163 0.735951680 0.673591400
1317401042.456108093 190.218980054 -298.563853471 -19.666552870 0.065526534 -0.011813336 0.738539673 0.670914204
1317401042.560169935 190.080151449 -297.527785604 -19.539415307 0.063512485 -0.010208704 0.740592095 0.668868668
1317401042.664200306 190.008993196 -296.696370292 -19.435326369 0.061719029 -0.008402858 0.741358460 0.668212382
1317401042.768215895 189.939927176 -295.741625040 -19.333514756 0.061372237 -0.007448595 0.743581736 0.665780872
1317401042.872231007 189.821526599 -294.691125647 -19.211962338 0.061974298 -0.007307012 0.744076996 0.665173074
1317401042.976246119 189.714512655 -293.760986196 -19.116480551 0.062709229 -0.006940670 0.744841415 0.664251945
1317401043.080262899 189.606319439 -292.711308958 -18.998014683 0.063513605 -0.005680843 0.745170070 0.663818738
1317401043.184278965 189.494315450 -291.626327062 -18.879617261 0.064347195 -0.003911299 0.745651551 0.663210302
1317401043.288294077 189.389418303 -290.727685662 -18.777419648 0.065107834 -0.002752055 0.745634624 0.663160919
1317401043.392308950 189.289014695 -289.785466093 -18.675258498 0.066032070 -0.001888792 0.745466694 0.663261341
1317401043.496321678 189.176468778 -288.742875771 -18.555467248 0.066496223 -0.001169519 0.745734722 0.662915236
1317401043.600311995 189.038181790 -287.595755815 -18.432202609 0.065662555 -0.001106772 0.745768422 0.662960530
1317401043.704278946 188.903035816 -286.458922325 -18.306686320 0.064681197 -0.000910688 0.745831235 0.662986638
1317401043.808247089 188.775458089 -285.307851609 -18.189113424 0.064006192 -0.001201622 0.745960237 0.662906546
1317401043.912213087 188.639068847 -284.171527733 -18.067092764 0.064028502 -0.002050026 0.746003104 0.662854070
1317401044.016150951 188.515981862 -283.040859692 -17.949862066 0.065044907 -0.002915218 0.746230665 0.662495627
1317401044.120070934 188.374076209 -281.874656663 -17.823631149 0.066260019 -0.002405264 0.746135645 0.662484282
1317401044.223993063 188.246194869 -280.709204424 -17.698690289 0.065838147 -0.002002651 0.746392813 0.662237945
1317401044.327887058 188.102335415 -279.519519351 -17.565969992 0.065121979 -0.001312675 0.746289753 0.662426607
1317401044.431782961 187.963369350 -278.334996524 -17.437825531 0.064286131 -0.001614372 0.746478090 0.662295363
1317401044.535702944 187.821541816 -277.154505837 -17.313960461 0.063258084 -0.002765858 0.746568567 0.662288563
1317401044.639596939 187.681485812 -275.983645663 -17.189474489 0.061941558 -0.003557776 0.746570078 0.662407506
1317401044.743464947 187.543152827 -274.795021005 -17.060781568 0.061640435 -0.003796839 0.746810859 0.662162806
1317401044.847337008 187.392848183 -273.559502408 -16.922332503 0.063027948 -0.004005671 0.746814169 0.662027212
1317401044.951210022 187.263210383 -272.398801360 -16.799163272 0.063886706 -0.003746040 0.746747896 0.662021175
1317401045.055079937 187.129426939 -271.209605550 -16.667625319 0.064139063 -0.002222355 0.746688167 0.662071010
1317401045.158947945 186.994835776 -270.032768602 -16.529151665 0.063821849 -0.000644017 0.746879660 0.661889062
1317401045.262816906 186.860563779 -268.866852920 -16.398323324 0.063059218 0.001197260 0.747106849 0.661704963
1317401045.366686106 186.717863061 -267.675166383 -16.267732987 0.060732977 0.003285975 0.747253071 0.661750373
1317401045.470551968 186.580269310 -266.493410566 -16.143980045 0.058392307 0.003447038 0.747365860 0.661832854
1317401045.574450016 186.434060056 -265.333572833 -16.031535145 0.058173589 0.001242166 0.747162884 0.662089053
1317401045.678375006 186.292505186 -264.161411229 -15.924872457 0.058749370 -0.001833067 0.747136847 0.662066223
1317401045.782293081 186.150013753 -262.999291856 -15.808288281 0.059202906 -0.003799079 0.746946364 0.662232370
1317401045.886209011 186.012657957 -261.824241010 -15.685605085 0.058717143 -0.004223799 0.746873307 0.662355433
1317401045.990129948 185.871365275 -260.634769185 -15.560006093 0.058031132 -0.003164216 0.746891968 0.662400758
1317401046.094026089 185.735714950 -259.460110236 -15.433135346 0.056811146 -0.002680175 0.746840144 0.662567060
1317401046.197891951 185.593067295 -258.280696740 -15.315803403 0.056917642 -0.003118575 0.746823552 0.662574704
1317401046.301739931 185.453418251 -257.096289934 -15.193247558 0.057910639 -0.003293583 0.746617587 0.662719917
1317401046.405567884 185.320529540 -255.871343420 -15.063571244 0.059971356 -0.001878349 0.746432825 0.662750289
1317401046.509362936 185.190601273 -254.708286021 -14.943185482 0.060636238 0.000364437 0.746670861 0.662424138
1317401046.613136053 185.053960478 -253.540425272 -14.811712368 0.061095258 0.002000247 0.747016766 0.661988912
1317401046.716891050 184.914888510 -252.362955030 -14.694366676 0.061709410 0.001929919 0.747411150 0.661486808
1317401046.820643187 184.774838355 -251.191750183 -14.573064258 0.062111642 0.001908939 0.747529533 0.661315429
1317401046.924392939 184.627204822 -250.002865947 -14.453787092 0.060466412 0.002053611 0.747809890 0.661150485
1317401047.028119087 184.485215299 -248.833816242 -14.331193261 0.058617169 0.002577189 0.747863406 0.661254650
1317401047.131867886 184.339766535 -247.642738857 -14.215351815 0.058415510 0.003360042 0.748063652 0.661042442
1317401047.235620975 184.200823786 -246.467331366 -14.099560664 0.058820410 0.003812092 0.748033665 0.661038019
1317401047.339348078 184.060286806 -245.299627999 -13.988194304 0.059509535 0.004037757 0.748227074 0.660756050
1317401047.443074703 183.916128997 -244.100756054 -13.869387623 0.061756316 0.005040142 0.748410660 0.660334944
1317401047.546823978 183.780734676 -242.933990300 -13.751836245 0.064491229 0.006799656 0.748501583 0.659954563
1317401047.650572062 183.641838815 -241.763039185 -13.636014557 0.065102809 0.008217040 0.748464275 0.659920702
1317401047.754300117 183.502781712 -240.593002598 -13.519422662 0.063972992 0.010164270 0.748806920 0.659615298
1317401047.858052969 183.356872996 -239.400410234 -13.402385165 0.062397881 0.011860786 0.749127670 0.659373613
1317401047.961853027 183.207675290 -238.211814538 -13.292892241 0.059889370 0.012492369 0.749115610 0.659608223
1317401048.065675020 183.053814143 -237.037035559 -13.188027074 0.058138931 0.011734928 0.749104136 0.659791747
1317401048.169497013 182.908224612 -235.874355233 -13.090860900 0.058990373 0.010795147 0.749101867 0.659734790
1317401048.273320913 182.754086879 -234.647652848 -12.982580457 0.061450210 0.008989472 0.748837702 0.659837221
1317401048.377144098 182.608406940 -233.484211630 -12.883001790 0.062820187 0.009132817 0.749012433 0.659507840
1317401048.480967283 182.463733085 -232.309612081 -12.772983728 0.062226012 0.010268174 0.749012139 0.659547802
1317401048.584763050 182.327013539 -231.146254478 -12.664360338 0.061511980 0.012030481 0.749514264 0.659014349
1317401048.688561916 182.176242272 -229.956977419 -12.554333957 0.060477127 0.014274208 0.749232795 0.659385306
1317401048.792361021 182.030384028 -228.772677846 -12.453114605 0.060848907 0.016023959 0.749355036 0.659171960
1317401048.896135092 181.889598160 -227.599232146 -12.351187962 0.062402740 0.016633065 0.749661356 0.658663109
1317401048.999908924 181.749097219 -226.376198588 -12.244630792 0.067349376 0.018393738 0.749005886 0.658874734
1317401049.103682041 181.605382101 -225.214394287 -12.145768961 0.068325899 0.018532977 0.749447128 0.658268260
1317401049.207457066 181.462853497 -224.037593206 -12.036556789 0.067983134 0.019854342 0.749665868 0.658016098
1317401049.311235905 181.313514993 -222.861344630 -11.933746449 0.066399671 0.021301718 0.749810747 0.657967450
1317401049.415011883 181.157894720 -221.674337353 -11.835013316 0.064554138 0.021846067 0.750059613 0.657849594
1317401049.518784046 181.003700182 -220.495066627 -11.738053809 0.062582026 0.021131115 0.750263286 0.657831261
1317401049.622558117 180.850605726 -219.320861852 -11.635630651 0.062606512 0.018980086 0.750496057 0.657628961
1317401049.726334095 180.691639189 -218.144988380 -11.545745208 0.063837597 0.017313757 0.750694277 0.657330280
1317401049.830106020 180.537200286 -216.968979999 -11.451913095 0.062017100 0.016611600 0.750393962 0.657865363
1317401049.933881998 180.381080338 -215.771418562 -11.354772743 0.060561284 0.018486800 0.750941029 0.657326509
1317401050.037658930 180.229934707 -214.609008214 -11.252949812 0.060155677 0.019473103 0.750968377 0.657304031
1317401050.141433001 180.081899298 -213.404001209 -11.156476823 0.065387099 0.017856477 0.750647347 0.657217037
1317401050.245208979 179.927727617 -212.231453564 -11.070724551 0.066854029 0.015987696 0.750772849 0.656974171
1317401050.348980904 179.775704947 -211.044078179 -10.973104951 0.064842592 0.017532842 0.750887285 0.657005573
1317401050.452754021 179.627470841 -209.894223158 -10.866476247 0.063255737 0.020091834 0.751541226 0.656338949
1317401050.556555986 179.467638929 -208.691221714 -10.760376124 0.062281822 0.019881825 0.751318459 0.656693430
1317401050.660353899 179.311971102 -207.522048390 -10.673263626 0.062826492 0.017383400 0.751282494 0.656753579
1317401050.764153957 179.153023379 -206.337882915 -10.582193550 0.063392747 0.015518264 0.751413798 0.656595650
1317401050.867974043 178.997771808 -205.162778847 -10.486008804 0.063161410 0.014982076 0.751443230 0.656596715
1317401050.971795082 178.844359097 -203.988985585 -10.383902343 0.062829209 0.015976618 0.751516325 0.656521478
1317401051.075596094 178.695650909 -202.816065331 -10.278761906 0.062958758 0.016703252 0.751712717 0.656266095
1317401051.179397106 178.542679037 -201.635921592 -10.182464504 0.063566603 0.017307746 0.751696825 0.656210036
1317401051.283220053 178.385051718 -200.455477700 -10.083692587 0.063247321 0.017721015 0.751760295 0.656157146
1317401051.387042046 178.228902319 -199.270816693 -9.983072173 0.061719825 0.017808690 0.751825520 0.656225496
1317401051.490888119 178.065869964 -198.104914555 -9.888634529 0.060008596 0.017772991 0.751994169 0.656191937
1317401051.594757080 177.902457710 -196.928767306 -9.789657759 0.057656457 0.017266430 0.752338674 0.656021435
1317401051.698628902 177.740744688 -195.730632223 -9.698108226 0.055321259 0.017247235 0.752397663 0.656155354
1317401051.802476883 177.576731872 -194.534219605 -9.605300852 0.053455589 0.016707506 0.752357193 0.656370332
1317401051.906300068 177.420195845 -193.364458040 -9.521583096 0.053476402 0.015746766 0.752340093 0.656411989
1317401052.010122061 177.264061343 -192.146711740 -9.433067197 0.055963198 0.014516383 0.751993556 0.656630099
1317401052.113945007 177.098902433 -190.976474254 -9.344189518 0.055889396 0.014054041 0.752263004 0.656337743
1317401052.217768908 176.949823806 -189.811366349 -9.258230013 0.055044691 0.015368407 0.752234725 0.656412075
1317401052.321589947 176.793258905 -188.617751035 -9.161249226 0.053800135 0.017210558 0.752177510 0.656535099
1317401052.425386906 176.633904680 -187.435132567 -9.077173706 0.053924599 0.016740458 0.752235262 0.656470872
1317401052.529186010 176.478871677 -186.235362644 -8.990041643 0.055352319 0.014971233 0.752010640 0.656652100
1317401052.633011103 176.317420046 -185.058685656 -8.905740435 0.055792103 0.013753475 0.752151117 0.656480602
1317401052.736810923 176.156929110 -183.893278198 -8.817254808 0.056976122 0.014340241 0.752245297 0.656258403
1317401052.840585947 176.001736205 -182.718211507 -8.716128878 0.057115652 0.015881353 0.752223702 0.656235543
1317401052.944381952 175.836364757 -181.545120992 -8.631787455 0.055430443 0.017306121 0.752634642 0.655872746
1317401053.048204899 175.674054019 -180.349475146 -8.539033326 0.053811200 0.019465975 0.752471730 0.656133923
1317401053.152028084 175.516620709 -179.184733710 -8.459518181 0.052987458 0.019662807 0.752525464 0.656133469
1317401053.255851984 175.356184544 -178.028245974 -8.386957539 0.052839247 0.017073886 0.752438925 0.656317119
1317401053.359674931 175.192247528 -176.853313463 -8.308119539 0.051416908 0.015339194 0.752387844 0.656531448
1317401053.463470936 175.038674135 -175.689994158 -8.221859802 0.050150566 0.015927309 0.752535517 0.656446142
1317401053.567246914 174.878506278 -174.516420280 -8.143950606 0.049291375 0.016934958 0.752599558 0.656412578
1317401053.671045065 174.713054232 -173.344562624 -8.061579577 0.048860483 0.016996112 0.752491250 0.656567365
1317401053.774844885 174.563288899 -172.173574100 -7.988362017 0.049415741 0.016648334 0.752944092 0.656015329
1317401053.878644943 174.391831688 -170.958042665 -7.905670433 0.051154594 0.016838933 0.752721388 0.656132738
1317401053.982467890 174.236220896 -169.782535427 -7.827447987 0.051603831 0.016111467 0.752968625 0.655832078
1317401054.086287975 174.078388842 -168.643013562 -7.752100904 0.051199668 0.016544783 0.752868671 0.655967703
1317401054.190087080 173.915369190 -167.427321368 -7.663747597 0.050057142 0.017088002 0.752870772 0.656039544
1317401054.293888092 173.757120844 -166.251393476 -7.586202820 0.048154358 0.017841848 0.752870488 0.656162216
1317401054.397686005 173.594552356 -165.088979686 -7.514996002 0.047732844 0.018952243 0.752828361 0.656210216
1317401054.501483917 173.446218236 -163.908188329 -7.441614658 0.049253093 0.020504292 0.752753150 0.656137488
1317401054.605282068 173.292657448 -162.756650614 -7.375652318 0.050179815 0.021489885 0.752792940 0.655990061
1317401054.709080935 173.139122836 -161.596590091 -7.300732580 0.050943209 0.023498060 0.753067865 0.655546658
1317401054.812927008 172.973904909 -160.365575027 -7.224502953 0.051035301 0.025326831 0.752749287 0.655837221
1317401054.916771889 172.815577126 -159.222909366 -7.162815261 0.050041963 0.025714707 0.752836822 0.655798197
1317401055.020572901 172.657039825 -158.063113403 -7.098860159 0.049041921 0.025464065 0.753347726 0.655296631
1317401055.124346972 172.491574795 -156.910258145 -7.035244843 0.050179562 0.024737541 0.753700878 0.654832079
1317401055.228122950 172.328849768 -155.752447925 -6.979251018 0.051116066 0.023427995 0.753910080 0.654566932
1317401055.331896067 172.172382111 -154.573036312 -6.913441911 0.050069735 0.024343903 0.754227982 0.654248077
1317401055.435647011 172.005082862 -153.427080069 -6.846171488 0.049105475 0.026393440 0.754389937 0.654054938
1317401055.539400101 171.885920359 -152.528820211 -6.795320764 0.049070076 0.025648981 0.753602167 0.654994680
1317401055.643173933 171.712789871 -151.389275030 -6.745415484 0.049783246 0.022878993 0.754092275 0.654479198
1317401055.746949911 171.548401433 -150.243504744 -6.681466246 0.049779173 0.021375758 0.754461733 0.654104429
1317401055.850723982 171.393924633 -149.141605036 -6.619630045 0.047899928 0.021608825 0.754600375 0.654077158
1317401055.954521894 171.267899239 -148.232792379 -6.561071104 0.045129449 0.023117063 0.754209555 0.654673111
1317401056.058344841 171.107308689 -147.087264943 -6.499770961 0.045273324 0.024770048 0.754654503 0.654089712
1317401056.162168026 170.943131935 -145.868742317 -6.444954621 0.050465221 0.024259734 0.754462821 0.653949982
1317401056.265969038 170.782263404 -144.729027757 -6.381483557 0.054927939 0.022574595 0.754488855 0.653620591
1317401056.369769335 170.618916511 -143.601664670 -6.318210631 0.056267832 0.021918702 0.754629999 0.653365952
1317401056.473566055 170.446961540 -142.424970009 -6.236703831 0.052947534 0.022178212 0.754795517 0.653443504
1317401056.577366114 170.283211779 -141.273622994 -6.172595549 0.050043656 0.023846307 0.755090626 0.653272633
1317401056.681164980 170.113139824 -140.110696636 -6.096477301 0.044550440 0.024264384 0.755033209 0.653721157
1317401056.784939051 169.933771010 -138.921519895 -6.037872803 0.041315524 0.024117957 0.755313039 0.653615762
1317401056.888715029 169.765394202 -137.824673975 -5.985798813 0.040656483 0.022061498 0.755126383 0.653945324
1317401056.992464066 169.596576208 -136.652773051 -5.937463851 0.042403791 0.019452069 0.755291148 0.653726867
1317401057.096215963 169.428001191 -135.410930982 -5.874407464 0.043964907 0.017857504 0.755373269 0.653574342
1317401057.199992180 169.311858797 -134.606018550 -5.830235669 0.044261182 0.018997495 0.755278923 0.653631236
1317401057.303766012 169.127802369 -133.393526657 -5.763653924 0.042840852 0.019355209 0.755211270 0.653793526
1317401057.407537937 168.963872899 -132.231741350 -5.701109863 0.042281217 0.020179266 0.755488477 0.653484703
1317401057.511312246 168.794617526 -131.060195487 -5.642834965 0.041439087 0.021053481 0.755614701 0.653365118
1317401057.615112305 168.620703910 -129.904423283 -5.589605591 0.040592047 0.020891386 0.755502609 0.653553091
1317401057.718910933 168.453343458 -128.745950489 -5.527557018 0.040263646 0.020477590 0.755479987 0.653612651
1317401057.822686911 168.280658511 -127.591739463 -5.478459372 0.039940924 0.019679971 0.755428043 0.653716983
1317401057.926459074 168.117483434 -126.425453544 -5.424799880 0.039933643 0.019194036 0.755422238 0.653738583
1317401058.030210018 167.949645211 -125.262991766 -5.368360644 0.039559234 0.018849892 0.755376090 0.653824680
1317401058.133963108 167.803665808 -124.287983055 -5.325435488 0.039151866 0.018166699 0.755548686 0.653669094
1317401058.237689018 167.652681660 -123.265438298 -5.276043630 0.039089767 0.017969623 0.755499087 0.653735583
1317401058.341414928 167.530630414 -122.433522639 -5.232952480 0.039675091 0.018188675 0.755675375 0.653490464
1317401058.445164919 167.411481462 -121.634358100 -5.194740561 0.040027828 0.019130807 0.755524724 0.653616230
1317401058.548914909 167.296215954 -120.771059215 -5.148722250 0.040258945 0.021335873 0.755656851 0.653380993
1317401058.652692080 167.192465121 -120.011096615 -5.107937287 0.040394319 0.023027339 0.755634011 0.653341627
1317401058.756467104 167.079411699 -119.187877227 -5.069063417 0.041504793 0.024251250 0.755641136 0.653219490
1317401058.860240936 166.960233657 -118.390922201 -5.033107569 0.041768582 0.025256935 0.755667422 0.653134151
1317401058.964040995 166.846049786 -117.599400854 -4.995749287 0.042134859 0.025442503 0.755578917 0.653205812
1317401059.067838907 166.739610926 -116.819324035 -4.962904509 0.042447350 0.025120783 0.755537447 0.653245998
1317401059.171636343 166.619683695 -115.998327378 -4.924638071 0.042890533 0.025400049 0.755440006 0.653318939
1317401059.275461912 166.515305126 -115.232890675 -4.888819734 0.042518022 0.026341240 0.755675883 0.653033167
1317401059.379260063 166.397960975 -114.407460825 -4.849010887 0.041999186 0.026986670 0.755541894 0.653195403
1317401059.483056068 166.284598189 -113.631276783 -4.817876428 0.041460934 0.026806508 0.755364111 0.653442776
1317401059.586877108 166.162257097 -112.808473393 -4.780078194 0.041476750 0.027061783 0.755811133 0.652914137
1317401059.690700054 166.053360792 -112.041416954 -4.748452129 0.041570605 0.027476526 0.755253210 0.653536162
1317401059.794501066 165.939484543 -111.242264678 -4.714251440 0.041868560 0.027953352 0.755542323 0.653162639
1317401059.898277998 165.830502567 -110.444332968 -4.679526367 0.041736021 0.028444748 0.755311096 0.653417285
1317401060.002051115 165.716803642 -109.621075624 -4.642179750 0.041618875 0.029733654 0.755251924 0.653435773
1317401060.105846882 165.607891991 -108.856304220 -4.610623553 0.040497795 0.030548596 0.755431244 0.653261317
1317401060.209645987 165.493554009 -108.061149142 -4.572592070 0.039866824 0.031025835 0.755552226 0.653137709
1317401060.313395023 165.381548908 -107.270490281 -4.541512596 0.040308800 0.031358723 0.755354557 0.653323292
1317401060.417099953 165.271331098 -106.489691779 -4.504928345 0.041081963 0.031332257 0.755555046 0.653044511
1317401060.520806074 165.162308123 -105.707043732 -4.480385880 0.041899860 0.031422855 0.755888426 0.652602247
1317401060.624531031 165.048174259 -104.902629375 -4.445699978 0.042671841 0.032434354 0.755551211 0.652893172
1317401060.728281021 164.936649564 -104.128397236 -4.414963688 0.041947294 0.033261678 0.755931090 0.652458637
1317401060.832057953 164.812820219 -103.332567975 -4.387225578 0.040429201 0.033467426 0.755982194 0.652484739
1317401060.935858965 164.697625135 -102.549902350 -4.355868719 0.039599037 0.032862261 0.755894051 0.652668501
1317401061.039701939 164.583167846 -101.769011406 -4.330704477 0.039500147 0.031031740 0.755997637 0.652644116
1317401061.143571854 164.468078082 -101.004787721 -4.306660305 0.039507727 0.029292048 0.756163673 0.652531696
1317401061.247467995 164.340496848 -100.203966323 -4.279201067 0.038557472 0.028048105 0.756016344 0.652813843
1317401061.351382971 164.238630151 -99.448005861 -4.252843337 0.035476423 0.027561599 0.756285544 0.652697447
1317401061.455327988 164.113514327 -98.650317801 -4.221107484 0.031959323 0.026644072 0.756132816 0.653094066
1317401061.559297085 163.979030250 -97.863439074 -4.191790422 0.029672260 0.025661913 0.755967559 0.653432531
1317401061.663311005 163.860367996 -97.090607855 -4.168870575 0.027913816 0.023198125 0.755818416 0.653774570
1317401061.767373085 163.781618607 -96.676360982 -4.155071068 0.027291126 0.019666029 0.755381859 0.654420881
1317401061.871459007 163.723620376 -96.263776964 -4.154608970 0.028041759 0.016640530 0.755608108 0.654211846
1317401061.975620031 163.470924587 -95.846898767 -4.132445009 0.028949985 0.016846628 0.750395689 0.660139681
1317401062.079849958 163.350803892 -95.370845064 -4.114687313 0.030219117 0.017335745 0.747038691 0.663867058
1317401062.184128046 163.156345208 -94.958196791 -4.091403747 0.031368048 0.016202469 0.741251836 0.670297875
1317401062.288455009 163.045815282 -94.811868761 -4.079168331 0.032466478 0.014913109 0.734574727 0.677586524
1317401062.392828941 162.985126541 -94.575520409 -4.075842019 0.031511311 0.016136696 0.723935342 0.688958827
1317401062.497252941 162.938980660 -94.422067975 -4.074685754 0.030893116 0.020049268 0.706510627 0.706743501
1317401062.601675987 163.098080854 -94.062036874 -4.062741374 0.031771441 0.026313485 0.690802766 0.721865441
1317401062.706049681 163.432338080 -93.828592454 -4.058620658 0.032918019 0.030672568 0.672817802 0.738438760
1317401062.810400963 163.761038794 -93.635505573 -4.074385556 0.033969106 0.031476527 0.649845746 0.758653962
1317401062.914705038 164.001007439 -93.450594131 -4.096292991 0.035261390 0.030144890 0.631436062 0.774039030
1317401063.018935919 164.227844734 -93.262150330 -4.118468883 0.035966291 0.030118620 0.614929541 0.787185464
1317401063.123166323 164.572480354 -93.382388070 -4.138710512 0.037109705 0.030517784 0.594089403 0.802962836
1317401063.227372885 164.740294698 -93.546481345 -4.156319776 0.035884661 0.027409146 0.576467387 0.815871547
1317401063.331506014 164.897234855 -93.741739760 -4.198213512 0.033489022 0.023973502 0.554615077 0.831087163
1317401063.435616016 165.039424689 -93.808937838 -4.213808577 0.031636871 0.023199931 0.538631765 0.841627408
1317401063.539654255 165.310381708 -93.885755126 -4.231725871 0.031620028 0.024091035 0.521467076 0.852344933
1317401063.643598080 165.494059481 -93.980412534 -4.258285640 0.032146188 0.024177845 0.500399359 0.864859836
1317401063.747520924 165.747497853 -94.076171949 -4.272026709 0.034456286 0.022492465 0.483117411 0.874588144
1317401063.851391077 165.908499820 -94.257746645 -4.296916861 0.036582939 0.022339089 0.469795310 0.881734098
1317401063.955212116 166.091984422 -94.705690785 -4.309204573 0.039556082 0.024641061 0.452735942 0.890425910
1317401064.059035063 166.318689139 -95.182393727 -4.332076803 0.040538811 0.026245940 0.441106583 0.896154416
1317401064.162858009 166.586002931 -95.175085919 -4.334794209 0.040270220 0.027507577 0.422723899 0.904945384
1317401064.266727924 166.854247126 -95.349210206 -4.357345562 0.041089257 0.028033331 0.408133224 0.911566277
1317401064.370623350 167.253356782 -95.487776397 -4.375523011 0.042586948 0.028232128 0.394688457 0.917393220
1317401064.474517107 167.687563320 -95.535605875 -4.397581657 0.042919991 0.028523375 0.385961146 0.921074527
1317401064.578459978 168.148903739 -95.230292384 -4.420165936 0.039934625 0.028153693 0.372253998 0.926843868
1317401064.682425737 168.564620317 -94.812840556 -4.429410704 0.038722280 0.028629350 0.359404475 0.931938501
1317401064.786392927 169.106667769 -94.404126534 -4.440412681 0.036944569 0.028327555 0.344009382 0.937811385
1317401064.890383005 169.619639075 -93.955672007 -4.461029784 0.036646848 0.028147922 0.325875852 0.944282602
1317401064.994374037 170.192811081 -93.540372344 -4.479467797 0.036060949 0.027573766 0.306814920 0.950686016
1317401065.098366022 170.789112546 -93.044162504 -4.495782534 0.034960246 0.027324616 0.287373694 0.956790210
1317401065.202357054 171.413160538 -92.609017845 -4.508437390 0.031966501 0.027504308 0.268241328 0.962428307
1317401065.306324005 172.085444455 -92.205995676 -4.547085033 0.030486105 0.029148433 0.249638957 0.967419949
1317401065.410290003 172.743337663 -91.881634921 -4.555323566 0.029758941 0.031457035 0.231698147 0.971823456
1317401065.514255762 173.413944172 -91.500649879 -4.584154145 0.029346838 0.033369857 0.213669564 0.975894735
1317401065.618206024 174.120160685 -91.152146919 -4.617347073 0.027078463 0.034374593 0.195588474 0.979709290
1317401065.722075939 174.840298578 -90.854494524 -4.653325307 0.025193733 0.034953941 0.180057076 0.982712037
1317401065.825870991 175.539884808 -90.569231881 -4.703290717 0.024400171 0.034043199 0.167655426 0.984955507
1317401065.929621935 176.290074721 -90.335201863 -4.734342220 0.027337960 0.033088833 0.155273850 0.986938598
1317401066.033371925 177.050750901 -90.099561075 -4.776428478 0.028253088 0.030763896 0.144601014 0.988608058
1317401066.137124062 177.872287403 -89.819619820 -4.828455419 0.027230083 0.028559811 0.134201405 0.990168088
1317401066.240845919 178.689591230 -89.581356696 -4.875356504 0.027953221 0.028244711 0.125114787 0.991346127
1317401066.344569921 179.539279373 -89.366018000 -4.914061092 0.030282563 0.030160463 0.118549483 0.992027889
1317401066.448250771 180.340671974 -89.163387561 -4.942806651 0.033914255 0.033597275 0.115002183 0.992217488
1317401066.551909924 181.132801138 -88.978391094 -4.972777762 0.034749537 0.035741666 0.110800481 0.992591687
1317401066.655612946 181.956973084 -88.803065794 -5.021192872 0.036096096 0.036538164 0.109524669 0.992656225
1317401066.759315014 182.749216802 -88.617441583 -5.056154535 0.036752832 0.036164377 0.108657798 0.992741079
1317401066.863018990 183.561255232 -88.423568139 -5.123535712 0.036805627 0.035254377 0.107571588 0.992890139
1317401066.966744900 184.370563514 -88.234407690 -5.165642120 0.038046925 0.035439589 0.106661365 0.992934953
1317401067.070445061 185.200124946 -88.053274996 -5.205742657 0.038883791 0.035745716 0.106498597 0.992909031
1317401067.174123049 186.022950048 -87.870821695 -5.255050862 0.037560151 0.037297263 0.107648202 0.992778935
1317401067.277801991 186.781018671 -87.687094606 -5.308675776 0.036474275 0.039249099 0.106975232 0.992816919
1317401067.381481886 187.820124872 -87.472894008 -5.364344911 0.035624165 0.042169068 0.109715475 0.992428941
1317401067.485184908 188.639149046 -87.279736452 -5.416941147 0.034379720 0.042297424 0.109502927 0.992490842
1317401067.588936090 189.421855801 -87.081261722 -5.475380672 0.033281842 0.040527371 0.109202730 0.992635187
1317401067.692686081 190.230829530 -86.906499468 -5.531961582 0.033020099 0.039607928 0.110180606 0.992572979
1317401067.796462059 190.983553689 -86.731584051 -5.589424439 0.033965173 0.039304596 0.108910997 0.992693261
1317401067.900238991 191.780243446 -86.561910861 -5.630594414 0.035970907 0.038629725 0.108746908 0.992667088
1317401068.003989935 192.527357276 -86.386380514 -5.679872960 0.036910390 0.038039150 0.109345316 0.992589667
1317401068.107789040 193.349968481 -86.205222518 -5.734692971 0.036256629 0.038265189 0.109155000 0.992626021
1317401068.211587191 194.111482017 -86.017947233 -5.781869294 0.036936794 0.039177235 0.108345446 0.992654060
1317401068.315361977 194.912153975 -85.841096533 -5.826422571 0.036779426 0.038752566 0.108356655 0.992675349
1317401068.419161081 195.684388416 -85.672531717 -5.874820509 0.037692360 0.036885432 0.108585909 0.992687187
1317401068.522957087 196.489073142 -85.487956223 -5.922182205 0.037774221 0.036372034 0.107975243 0.992769626
1317401068.626777887 197.277439021 -85.306628182 -5.972210945 0.037331889 0.037886707 0.107706470 0.992758905
1317401068.730601072 198.099031297 -85.129030216 -6.011840377 0.037789355 0.040777097 0.107508797 0.992648504
1317401068.834424973 199.178699465 -84.889150231 -6.073953057 0.038250247 0.044027263 0.107924392 0.992446897
1317401068.938273907 199.975440473 -84.710125499 -6.124719078 0.038029096 0.046314697 0.106902440 0.992461891
1317401069.042131901 200.784914133 -84.522573912 -6.180542808 0.037015374 0.048021838 0.105939595 0.992522326
1317401069.145989895 201.593568838 -84.347674909 -6.236076256 0.036627427 0.048374022 0.105995110 0.992513689
1317401069.249811888 202.400423531 -84.170491260 -6.301665494 0.036753568 0.047345236 0.106044609 0.992553346
1317401069.353658915 203.180576601 -83.993711669 -6.364329224 0.036095919 0.045775604 0.105019489 0.992760085
1317401069.457505941 203.973864959 -83.822228244 -6.432173034 0.035339578 0.045395207 0.104529578 0.992856463
1317401069.561327934 204.844205637 -83.634655822 -6.492415311 0.034894551 0.046103509 0.104232260 0.992870824
1317401069.665122986 205.842815720 -83.409681743 -6.568955614 0.035144117 0.047485944 0.105506546 0.992662251
1317401069.768898010 206.639774774 -83.232830539 -6.622443389 0.034620467 0.045675088 0.105068599 0.992812066
1317401069.872700930 207.415343260 -83.055549099 -6.682509226 0.032645330 0.040708576 0.105625300 0.993035946
1317401069.976524115 208.229363266 -82.876574037 -6.750565651 0.031928178 0.036309933 0.105910282 0.993199473
1317401070.080318928 209.022056571 -82.697917765 -6.816674595 0.031066881 0.036135100 0.106216002 0.993200516
1317401070.184113979 209.837064573 -82.519237390 -6.852096017 0.029868621 0.038977502 0.106699452 0.993077966
1317401070.287938118 210.647354061 -82.334301326 -6.896093303 0.028773917 0.043384543 0.107376500 0.992854536
1317401070.391766071 211.494640820 -82.139872286 -6.945125828 0.027777896 0.047467280 0.107528280 0.992679664
1317401070.495589018 212.454121437 -81.923894489 -7.003113043 0.028300522 0.050168137 0.108407296 0.992436445
1317401070.599437714 213.252482266 -81.737951180 -7.064943357 0.029188550 0.050467301 0.108809506 0.992351536
1317401070.703272104 214.071049684 -81.555174251 -7.133057364 0.029945260 0.049200403 0.109828561 0.992280348
1317401070.807105064 214.888995072 -81.370727385 -7.203762900 0.031009935 0.048530454 0.110582881 0.992196858
1317401070.910973072 215.698373481 -81.173727703 -7.267571313 0.031659250 0.048881591 0.111293036 0.992079705
1317401071.014844894 216.521880173 -80.983022085 -7.334381598 0.031709456 0.050451934 0.111454751 0.991981326
1317401071.118741989 217.411381820 -80.786381153 -7.404442205 0.031961752 0.052729017 0.111722983 0.991824618
1317401071.222660065 218.224024840 -80.591778570 -7.466318386 0.032286532 0.054610149 0.111186221 0.991772623
1317401071.326577902 219.046059306 -80.406996131 -7.539417338 0.031615621 0.054744975 0.111250431 0.991779603
1317401071.430495977 219.855919586 -80.210119866 -7.610198209 0.031336364 0.053885277 0.110958724 0.991868223
1317401071.534415007 220.650530619 -80.023884185 -7.692044267 0.030853245 0.053721667 0.110864599 0.991902768
1317401071.638335943 221.469006217 -79.832736095 -7.763123763 0.030041126 0.054853126 0.110498783 0.991906591
1317401071.742232084 222.287877869 -79.648718554 -7.842884361 0.029906685 0.056322483 0.110246745 0.991856352
1317401071.846126080 223.108492902 -79.457989226 -7.907759697 0.030847383 0.057187759 0.110370970 0.991764210
1317401071.950042963 223.896909672 -79.281007996 -7.990390325 0.031985525 0.057185196 0.110237445 0.991743155
1317401072.053961992 224.715794419 -79.088471130 -8.068038797 0.032324640 0.057762979 0.110519759 0.991667252
1317401072.157882929 225.607641879 -78.889149821 -8.150369599 0.032955720 0.058820188 0.111547092 0.991469290
1317401072.261801958 226.414050051 -78.700448705 -8.234639529 0.034004882 0.061096247 0.111151009 0.991340693
1317401072.365719080 227.244014867 -78.515625660 -8.305868247 0.035605711 0.062673744 0.111234193 0.991176669
1317401072.469638109 228.035700352 -78.330189945 -8.397876613 0.036272838 0.062654789 0.111614858 0.991110883
1317401072.573580027 228.818444560 -78.148534339 -8.470573904 0.036958899 0.061041282 0.111527106 0.991196099
1317401072.677522898 229.622580807 -77.959767976 -8.565437621 0.037400756 0.058493222 0.111603725 0.991324536
1317401072.781465054 230.404830859 -77.778170595 -8.643787228 0.038658915 0.056911953 0.111513077 0.991378511
1317401072.885432005 231.207289783 -77.589133610 -8.721310759 0.038921575 0.056747213 0.111063147 0.991428183
1317401072.989398956 231.992308011 -77.404072540 -8.803145917 0.038359541 0.058144073 0.110834017 0.991394792
1317401073.093364000 232.798040544 -77.221340112 -8.877888184 0.037448344 0.060751154 0.110702763 0.991287959
1317401073.197308064 233.588195765 -77.032744377 -8.956552470 0.036630434 0.063215054 0.110755441 0.991158565
1317401073.301249981 234.377571090 -76.854738188 -9.035097067 0.036943388 0.064277950 0.110378097 0.991120682
1317401073.405215979 235.162843487 -76.668552245 -9.119640048 0.037312935 0.064110029 0.110230620 0.991134128
1317401073.509182930 235.949837157 -76.487923140 -9.207523052 0.038535372 0.063499790 0.110111912 0.991139833
1317401073.613126993 236.738614407 -76.304914698 -9.293709727 0.039514517 0.063350186 0.109993553 0.991123996
1317401073.717068911 237.534788317 -76.125437401 -9.374697342 0.040546621 0.063280992 0.109727593 0.991116211
1317401073.821008921 238.327540926 -75.943007494 -9.459330303 0.041059876 0.062811387 0.109931965 0.991102305
1317401073.924952030 239.103981648 -75.759725847 -9.541083130 0.041360947 0.061781633 0.110015496 0.991145243
1317401074.028898954 239.870127226 -75.586206072 -9.625629523 0.040773559 0.061700321 0.109963986 0.991180362
1317401074.132841110 240.693667022 -75.395615162 -9.713604579 0.039319052 0.062466724 0.109601248 0.991231298
1317401074.236784935 241.477650338 -75.211588267 -9.794555928 0.038399147 0.063550422 0.109487186 0.991211080
1317401074.340703964 242.254548917 -75.030969815 -9.873584411 0.037364573 0.063572190 0.110106115 0.991180664
1317401074.444622993 243.050405252 -74.839715273 -9.959202520 0.036571238 0.062539682 0.109691690 0.991321878
1317401074.548566103 243.829151892 -74.659541313 -10.041725436 0.035468265 0.061551289 0.110243300 0.991362626
1317401074.652512074 244.598112722 -74.476395269 -10.127106589 0.034402273 0.061179779 0.109938402 0.991457042
1317401074.756428003 245.383630571 -74.291624568 -10.210551687 0.033405719 0.061228648 0.109860973 0.991496685
1317401074.860343695 246.155530379 -74.114002238 -10.288052899 0.032360794 0.061080175 0.109664986 0.991562193
1317401074.964297056 246.924950517 -73.936408696 -10.366208548 0.031777550 0.060229186 0.109818428 0.991616128
1317401075.068239927 247.705870489 -73.757340154 -10.453230655 0.031975663 0.059420503 0.109655333 0.991676595
1317401075.172173023 248.520187052 -73.578341620 -10.534108430 0.032673352 0.059800551 0.109366085 0.991662950
1317401075.276113987 249.284174594 -73.401235765 -10.611440610 0.032900015 0.061542832 0.109402292 0.991544859
1317401075.380059958 250.060978338 -73.231863673 -10.687595541 0.033141013 0.063453377 0.110049463 0.991344772
1317401075.484025955 250.827791909 -73.055521122 -10.763255059 0.033440992 0.064399642 0.109874762 0.991293056
1317401075.587991953 251.601872515 -72.880496627 -10.847163242 0.033506718 0.064681039 0.109784557 0.991282510
1317401075.691956997 252.370829676 -72.690589370 -10.929767073 0.033027346 0.064432179 0.109740581 0.991319673
1317401075.795898914 253.152463068 -72.511927252 -11.016761048 0.032019991 0.063704326 0.109537648 0.991422202
1317401075.899820089 253.904168066 -72.328095214 -11.098519533 0.031255126 0.062920727 0.109644806 0.991484804
1317401076.003765106 254.674421023 -72.150029942 -11.181917597 0.030126200 0.062582718 0.109539158 0.991552817
1317401076.107707024 255.447558876 -71.966363936 -11.264509717 0.028796927 0.062959655 0.109575809 0.991564401
1317401076.211648941 256.231377466 -71.788655368 -11.345757772 0.027411529 0.063633025 0.109250675 0.991596559
1317401076.315592051 256.995597291 -71.608330165 -11.427406021 0.025985447 0.063976460 0.109716318 0.991561445
1317401076.419533968 257.759564366 -71.428590979 -11.506304795 0.025197213 0.063858672 0.109550010 0.991607768
1317401076.523475885 258.520871453 -71.250287773 -11.590123775 0.024256176 0.063741794 0.109582582 0.991635154
1317401076.627418995 259.286387776 -71.075647979 -11.671249463 0.023980624 0.063696526 0.110035782 0.991594579
1317401076.731420279 260.046531390 -70.905036377 -11.751087472 0.023794452 0.064079878 0.110078728 0.991569598
1317401076.835386992 260.817833958 -70.721252061 -11.833940366 0.023326127 0.065246803 0.110071100 0.991505471
1317401076.939321041 261.581405251 -70.545915674 -11.915907005 0.023099467 0.067117035 0.110515795 0.991336460
1317401077.043289900 262.335536191 -70.373653237 -11.993148531 0.023223471 0.068991643 0.110651281 0.991189749
1317401077.147255898 263.073272278 -70.202423358 -12.071694128 0.023478958 0.070360887 0.110292225 0.991127494
1317401077.251220942 263.559516169 -70.099861752 -12.123931404 0.023333692 0.070856044 0.110002068 0.991127895
1317401077.355187893 263.902131557 -70.009459669 -12.165488937 0.022926244 0.070068613 0.110345134 0.991155249
1317401077.459155083 264.277956368 -69.928282354 -12.216256778 0.022876090 0.068742580 0.110472626 0.991235058
1317401077.563147068 264.712656905 -69.834768651 -12.271790239 0.023533395 0.067961721 0.110166204 0.991307617
1317401077.667135954 265.095321244 -69.750395902 -12.315845164 0.025289123 0.067269101 0.109909029 0.991340171
1317401077.771125078 265.485004406 -69.667777617 -12.354709670 0.026498292 0.066646073 0.109848494 0.991357377
1317401077.875117064 265.875823466 -69.556585393 -12.396929827 0.025059085 0.065823537 0.109220501 0.991519131
1317401077.979106903 266.239166343 -69.483338540 -12.439138558 0.022947089 0.065163200 0.109869411 0.991542183
1317401078.083122969 266.612509359 -69.392316693 -12.489609876 0.022162501 0.065395623 0.109706861 0.991562727
1317401078.187116146 267.007959684 -69.306327397 -12.530359249 0.023592755 0.065913934 0.109327874 0.991537267
1317401078.291080952 267.391380404 -69.227446328 -12.572875262 0.025924725 0.066278361 0.109551981 0.991430003
1317401078.395071983 267.760867576 -69.150940294 -12.609322362 0.027800274 0.067063745 0.109770203 0.991302225
1317401078.499062061 268.030751334 -69.096000583 -12.634766802 0.028189553 0.067832235 0.110197882 0.991191487
1317401078.603029966 268.187004025 -69.068259671 -12.651459704 0.027850265 0.067714565 0.109526711 0.991283511
1317401078.707020998 268.190673142 -69.056632261 -12.650426912 0.027415630 0.067092837 0.109260784 0.991367246
1317401078.811011076 268.174136863 -69.049817826 -12.649129100 0.026467035 0.066489835 0.109305911 0.991428674
1317401078.914978027 268.195787994 -69.052537310 -12.649631973 0.025150530 0.066060917 0.109571014 0.991462354
1317401079.018944979 268.199346558 -69.038641695 -12.650409256 0.024321339 0.065396661 0.109654832 0.991517810
1317401079.122934103 268.182228267 -69.045763113 -12.650234109 0.024491207 0.064567139 0.109912424 0.991539472
1317401079.226923943 268.185599525 -69.049492465 -12.652092785 0.025145120 0.063870395 0.109769178 0.991584098
1317401079.330890894 268.185583024 -69.046872984 -12.652269748 0.025623615 0.063366128 0.109674255 0.991614704
1317401079.434883118 268.181712891 -69.056199310 -12.653406104 0.025517648 0.062764821 0.109516761 0.991673084
1317401079.538875103 268.174978665 -69.053425109 -12.654774221 0.025140808 0.061752831 0.109858167 0.991708481
1317401079.642842054 268.152469032 -69.048375276 -12.656566637 0.025141620 0.060682348 0.110209501 0.991735558
1317401079.746833086 268.142778840 -69.049607468 -12.656983204 0.025595335 0.059618673 0.110185599 0.991791120
1317401079.850824118 268.153700451 -69.049629352 -12.659841763 0.026144283 0.058763372 0.110110702 0.991836164
1317401079.954765081 268.146790548 -69.053430341 -12.660035319 0.026428054 0.058153872 0.110157708 0.991859347
1317401080.058706999 268.147888176 -69.049430502 -12.662312005 0.026505641 0.057668406 0.110316463 0.991867977
1317401080.162650108 268.128926047 -69.052717255 -12.662137140 0.026396308 0.057097456 0.110635303 0.991868411
1317401080.266566992 268.132712031 -69.057122537 -12.663524881 0.026262509 0.056412409 0.110692324 0.991904799
1317401080.370485067 268.124234232 -69.054584815 -12.663664001 0.026404271 0.055878201 0.110607380 0.991940749
1317401080.474406004 268.134848017 -69.055248774 -12.664860591 0.026442903 0.055300324 0.110674655 0.991964600
1317401080.578325033 268.109480806 -69.055059545 -12.663322282 0.026470655 0.054584722 0.110935897 0.991974314
1317401080.682218075 267.736276823 -69.151165216 -12.621128967 0.026956363 0.053609383 0.110288874 0.992086565
1317401080.786067963 267.345214962 -69.235389683 -12.577546610 0.027640784 0.052462850 0.110026714 0.992158132
1317401080.889894962 266.889340296 -69.345988110 -12.527785797 0.027776207 0.051130574 0.110596023 0.992160605
1317401080.993665934 265.976625503 -69.350338719 -12.430173324 0.028086966 0.049933982 0.125024066 0.990498209
1317401081.097392082 265.984832255 -69.262807124 -12.421683967 0.028064191 0.049785707 0.132731762 0.989502938
1317401081.201128006 266.225188261 -69.182660624 -12.446364643 0.028411004 0.050052245 0.145219469 0.987724098
1317401081.304828882 266.413694895 -69.062719943 -12.461597963 0.028711998 0.050336969 0.157277476 0.985852731
1317401081.408498287 266.686096267 -68.938746131 -12.488047371 0.029010723 0.050753620 0.172658150 0.983245448
1317401081.512152910 266.960140107 -68.880572905 -12.511080527 0.029763037 0.051812702 0.189058310 0.980146194
1317401081.615783930 267.305415460 -68.750924304 -12.538675335 0.030290664 0.053012669 0.207216788 0.976387902
1317401081.719414949 267.403879334 -68.663651556 -12.539094482 0.030834787 0.055089644 0.227258704 0.971785896
1317401081.823045015 267.754032174 -68.538247203 -12.573755898 0.030433502 0.056403399 0.248669063 0.966465807
1317401081.926676035 267.988233401 -68.380834957 -12.593952801 0.029934271 0.057438241 0.269638418 0.960780886
1317401082.030329943 268.298035766 -68.188955339 -12.625204483 0.030072145 0.058748741 0.290921904 0.954467756
1317401082.134010077 268.511298613 -68.072882601 -12.636789813 0.030517063 0.061260909 0.314343996 0.946838773
1317401082.237714291 268.737483633 -67.893402572 -12.655638672 0.030324135 0.063195242 0.336122657 0.939206244
1317401082.341464996 269.008519946 -67.629220471 -12.679464303 0.029908264 0.064013160 0.359693626 0.930391480
1317401082.445240974 269.184724154 -67.352843823 -12.693068889 0.029901862 0.064374670 0.383572480 0.920778982
1317401082.549038887 269.491687709 -67.094075894 -12.733111308 0.029619804 0.063494042 0.408024426 0.910278662
1317401082.652834892 269.750549993 -66.807927520 -12.764629032 0.030108200 0.062997235 0.433189291 0.898594393
1317401082.756611109 269.858762697 -66.448576251 -12.786568937 0.030151768 0.062697785 0.456924590 0.886780569
1317401082.860410929 270.206198737 -66.189276165 -12.832405057 0.031055012 0.062753775 0.481848592 0.873452623
1317401082.964210033 270.457689800 -65.874339399 -12.862514977 0.032806072 0.062484648 0.504987283 0.860236755
1317401083.068006992 270.614170154 -65.470643826 -12.887529101 0.035115333 0.062614295 0.528754142 0.845733658
1317401083.171828032 270.839795490 -65.075004408 -12.910619951 0.037525868 0.063252214 0.552092412 0.830532922
1317401083.275651932 271.014384524 -64.643100335 -12.938152895 0.038858067 0.063031499 0.574703704 0.815004745
1317401083.379475117 271.156792160 -64.155001458 -12.967319856 0.040209759 0.061570228 0.598262061 0.797919036
1317401083.483297110 271.309162984 -63.653419887 -12.995838326 0.042639843 0.060941946 0.620892337 0.780359294
1317401083.587121010 271.409585518 -63.178593843 -13.009685588 0.045315703 0.060978604 0.643322849 0.761816125
1317401083.690968990 271.483074215 -62.678450789 -13.016168057 0.047376129 0.059658540 0.665422776 0.742569115
1317401083.794866085 271.546765772 -62.076613411 -13.047904006 0.047061270 0.059033980 0.686503902 0.723196114
1317401083.898807049 271.425908810 -61.582106800 -13.039992992 0.046585861 0.059982810 0.704890885 0.705238016
1317401084.002820969 271.500971601 -61.020577079 -13.045082896 0.047878844 0.060860057 0.722987855 0.686507270
1317401084.106883049 271.567687477 -60.443938156 -13.053063895 0.048904244 0.060883301 0.737529615 0.670784366
1317401084.210995913 271.474310574 -59.799349664 -13.044293263 0.049728490 0.059392643 0.752339698 0.654205297
1317401084.315203190 271.377749445 -59.106680940 -13.051049065 0.050785714 0.055634675 0.765346959 0.639194513
1317401084.419482946 271.277453107 -58.428961957 -13.059835634 0.050717137 0.052974979 0.774745499 0.628005442
1317401084.523833036 271.138058761 -57.742734123 -13.054677458 0.049260999 0.052431837 0.782728911 0.618190673
1317401084.628228903 270.948499917 -57.028269578 -13.045297042 0.047457992 0.053784761 0.786552072 0.613343930
1317401084.732650995 270.804350111 -56.308716986 -13.029613066 0.046358837 0.055065057 0.788937172 0.610243260
1317401084.837099075 270.633479729 -55.630570545 -13.020834286 0.047094898 0.054729663 0.790194071 0.608588584
1317401084.941543818 270.419515025 -54.865315352 -13.023929732 0.050393273 0.055012408 0.791296043 0.606864668
1317401085.045989990 270.234060116 -54.138772547 -13.001650137 0.054514336 0.059052909 0.790342950 0.607370532
1317401085.150413990 270.022019798 -53.336512016 -12.987643906 0.055289612 0.060588761 0.789443469 0.608318231
1317401085.254765034 269.781481568 -52.539079944 -12.982288773 0.055119664 0.059984737 0.787900707 0.610390145
1317401085.359042883 269.564284764 -51.752435079 -12.956062102 0.057675402 0.060190657 0.786879911 0.611449621
1317401085.463296652 269.361648565 -51.012843011 -12.936381391 0.061022279 0.057063814 0.786870494 0.611436692
1317401085.567503929 269.154669830 -50.248088842 -12.928643295 0.062321710 0.052052396 0.786599936 0.612100558
1317401085.671641111 268.944789171 -49.510454597 -12.906510657 0.061708931 0.048384043 0.787039396 0.611898669
1317401085.775752306 268.729940958 -48.712477838 -12.877562749 0.057125962 0.046442798 0.787344310 0.612101813
1317401085.879837990 268.514970344 -47.945544930 -12.849233248 0.052055109 0.046488718 0.787796562 0.611968661
1317401085.983899117 268.313407711 -47.153347907 -12.817455385 0.047927791 0.048404433 0.788160820 0.611688204
1317401086.087964058 268.120892995 -46.350225457 -12.804375500 0.043856893 0.050713640 0.788211537 0.611741181
1317401086.192003727 267.940236774 -45.536558038 -12.786609045 0.041309374 0.053831776 0.788057430 0.611850604
1317401086.296015978 267.722860924 -44.788551604 -12.769166886 0.040416206 0.055883625 0.787812241 0.612042011
1317401086.400031090 267.521954330 -44.011877208 -12.774532365 0.040933103 0.054907952 0.787650403 0.612304206
1317401086.503998995 267.335971563 -43.238064495 -12.776598056 0.041983492 0.053482959 0.787870099 0.612076520
1317401086.607916117 267.142424312 -42.475355889 -12.768645253 0.044185347 0.052074747 0.788336170 0.611442523
1317401086.711836100 266.944498064 -41.706450338 -12.763963351 0.045843870 0.050710642 0.788109842 0.611726775
1317401086.815754890 266.740230773 -40.924112988 -12.755604746 0.046355156 0.049321115 0.788296526 0.611561293
1317401086.919671059 266.533326108 -40.155205421 -12.740253385 0.045450667 0.049732197 0.788161415 0.611769997
1317401087.023565054 266.333513334 -39.362962770 -12.718022544 0.043444398 0.050628039 0.788111574 0.611906474
1317401087.127460957 266.127203732 -38.595996685 -12.705539855 0.041240562 0.050906170 0.788634646 0.611361736
1317401087.231406927 265.928940866 -37.794754279 -12.692545200 0.039396270 0.050513236 0.788635586 0.611514725
1317401087.335375071 265.717197384 -37.055842839 -12.683253116 0.037099269 0.049523887 0.789053061 0.611200700
1317401087.439341068 265.517712155 -36.270997072 -12.680235664 0.035244844 0.048428807 0.788905815 0.611588151
1317401087.543282986 265.318418219 -35.491592268 -12.676665277 0.034449377 0.047701753 0.789314566 0.611163071
1317401087.647226095 265.113745956 -34.713930715 -12.672732265 0.034344714 0.047417179 0.789176466 0.611369411
1317401087.751193047 264.917666593 -33.954109777 -12.670139001 0.034162505 0.046996469 0.789757950 0.610660819
1317401087.855159998 264.709296587 -33.170834963 -12.666624467 0.033653218 0.046030344 0.789394469 0.611232395
1317401087.959101915 264.509800699 -32.400806082 -12.663552338 0.033047939 0.044516542 0.789755291 0.610911362
1317401088.063044071 264.304741018 -31.621041478 -12.658098988 0.032622724 0.041395963 0.789783749 0.611116816
1317401088.167035103 264.101911024 -30.861410270 -12.659259661 0.032514947 0.040030271 0.789694700 0.611328583
1317401088.271050930 263.898667431 -30.071681445 -12.648230563 0.031367806 0.040320478 0.789757228 0.611288673
1317401088.375065088 263.698027177 -29.311020726 -12.637914500 0.029787450 0.041781527 0.789753256 0.611274738
1317401088.479054928 263.498225093 -28.528990908 -12.630410375 0.029610873 0.042378986 0.789897029 0.611056382
1317401088.583043098 263.303256689 -27.761474497 -12.628728350 0.029934383 0.042543806 0.789760480 0.611205646
1317401088.687035084 263.094923967 -26.974026073 -12.624579764 0.029139996 0.041907548 0.789733026 0.611323454
1317401088.791026831 262.890927180 -26.203255888 -12.625099700 0.027554545 0.040936494 0.789764146 0.611422558
1317401088.895018101 262.690386171 -25.421771628 -12.618518177 0.025922411 0.039787042 0.789882278 0.611417212
1317401088.998984098 262.492144442 -24.657930138 -12.623412271 0.025554192 0.039037190 0.789888586 0.611472896
1317401089.102927923 262.293098247 -23.879637567 -12.619262917 0.025526911 0.038529745 0.789999405 0.611363048
1317401089.206868887 262.103988027 -23.115952163 -12.620235768 0.026073239 0.039166638 0.789686562 0.611703601
1317401089.310811043 261.894983352 -22.323856315 -12.614315051 0.026090527 0.039436811 0.789775717 0.611570388
1317401089.414753675 261.711175454 -21.572273957 -12.613383167 0.025955657 0.040586768 0.789569958 0.611766540
1317401089.518697977 261.504839578 -20.788587995 -12.614353349 0.025127547 0.040690774 0.789562127 0.611804310
1317401089.622591972 261.307988622 -20.019383776 -12.611156550 0.024828754 0.040844446 0.789371844 0.612051759
1317401089.726486921 261.109562237 -19.240872018 -12.613867395 0.025747921 0.040115988 0.789582374 0.611790346
1317401089.830384016 260.920251158 -18.493089049 -12.614812047 0.027735552 0.038919170 0.789400525 0.612015399
1317401089.934252977 260.711944871 -17.699533030 -12.613927983 0.028558164 0.037974023 0.789377085 0.612067171
1317401090.038099051 260.513902584 -16.926020513 -12.608233162 0.028327849 0.038767724 0.789508920 0.611858041
1317401090.141896963 260.308019259 -16.142186360 -12.596064851 0.027760338 0.039423906 0.789629040 0.611687093
1317401090.245675087 260.109337488 -15.378457797 -12.598206260 0.027859307 0.039096371 0.789646985 0.611680449
1317401090.349449873 259.900738907 -14.573277082 -12.586908047 0.026958818 0.038654579 0.789837917 0.611502339
1317401090.453223944 259.701125433 -13.821038885 -12.584364433 0.026679863 0.039235837 0.789737188 0.611607642
1317401090.556973934 259.502671685 -13.030864421 -12.578116525 0.026946707 0.038675360 0.789991316 0.611303372
1317401090.660722971 259.306431525 -12.273704478 -12.578315016 0.027700396 0.038850241 0.790017630 0.611224583
1317401090.764472008 259.111137617 -11.493068474 -12.568356658 0.028767511 0.039716082 0.789658967 0.611583011
1317401090.868199110 258.920273186 -10.727896935 -12.563807529 0.029345880 0.041020339 0.789567037 0.611588134
1317401090.971927881 258.701789590 -9.938192732 -12.547276367 0.028490030 0.041625392 0.789713384 0.611398737
1317401091.075654030 258.506966456 -9.157161978 -12.542635490 0.026871615 0.042360437 0.789740433 0.611386587
1317401091.179404974 258.298171508 -8.378068627 -12.532864701 0.025524584 0.042054514 0.789757946 0.611442803
1317401091.283157110 258.098783385 -7.620635112 -12.539937355 0.025548947 0.041906986 0.789529286 0.611747139
1317401091.386909962 257.904046345 -6.842884587 -12.537251474 0.026106991 0.041110862 0.789688210 0.611572443
1317401091.490660906 257.711938708 -6.080583608 -12.538372540 0.026796788 0.041280212 0.789537540 0.611725714
1317401091.594388962 257.501879376 -5.294342452 -12.526258310 0.027106507 0.042119441 0.789666447 0.611488423
1317401091.698137045 257.308154763 -4.524846023 -12.523681166 0.026332085 0.043327668 0.789557077 0.611579068
1317401091.801909924 257.099592313 -3.732913405 -12.515707211 0.025168950 0.044318894 0.789707383 0.611362911
1317401091.905685902 256.905150813 -2.974284449 -12.521320434 0.024465623 0.044675936 0.789487473 0.611649429
1317401092.009462118 256.706811679 -2.198209796 -12.520201524 0.024645775 0.044299802 0.789537186 0.611605383
1317401092.113236904 256.524214133 -1.442506860 -12.529944948 0.025715157 0.044509185 0.789326785 0.611817693
1317401092.217036009 256.304788465 -0.636567057 -12.525715903 0.025967459 0.044970012 0.789745341 0.611232922
1317401092.320858002 256.118026642 0.123759113 -12.526726150 0.025404159 0.046442845 0.789419441 0.611567361
1317401092.424678802 255.912589196 0.915495995 -12.522896909 0.024875489 0.047887974 0.789600494 0.611243824
1317401092.528505087 255.716788902 1.682350913 -12.530406661 0.024049809 0.048827198 0.789630119 0.611164288
1317401092.632328033 255.504789759 2.480740518 -12.537497206 0.022812846 0.048661870 0.789588652 0.611278461
1317401092.736149073 255.305572544 3.225341369 -12.550521111 0.022418903 0.048365502 0.789596118 0.611306913
1317401092.839976311 255.100120249 4.019361862 -12.555254860 0.022509656 0.046892188 0.789780535 0.611180125
1317401092.943796873 254.911333434 4.763289634 -12.579807393 0.023124230 0.046015878 0.789525235 0.611553523
1317401093.047616959 254.699256402 5.562287794 -12.577315491 0.023108968 0.044997201 0.789765038 0.611320220
1317401093.151413918 254.509878188 6.317199102 -12.592018027 0.023899612 0.045974844 0.789644393 0.611372927
1317401093.255213022 254.290735967 7.125491976 -12.592500361 0.023048363 0.046117964 0.790033248 0.610892276
1317401093.359010935 254.106477159 7.870552682 -12.598476733 0.022723960 0.047818938 0.789714882 0.611185223
1317401093.462810040 253.894606974 8.653237089 -12.608019846 0.021741570 0.047004462 0.789705630 0.611296084
1317401093.566656113 253.697397477 9.408653565 -12.626600918 0.020681941 0.046217624 0.789544304 0.611601161
1317401093.670502901 253.489918213 10.188075721 -12.636256833 0.019276703 0.044783056 0.789760214 0.611475012
1317401093.774324894 253.290260078 10.949351175 -12.651617441 0.019415810 0.043766390 0.789776269 0.611523486
1317401093.878149986 253.085371620 11.742144686 -12.668637104 0.020816667 0.042209606 0.790060196 0.611220011
1317401093.981972933 252.889907356 12.491172955 -12.685266905 0.022062091 0.042423214 0.789784066 0.611518327
1317401094.085793972 252.701148208 13.280594751 -12.682165161 0.023233642 0.043531601 0.789916107 0.611226424
1317401094.189618111 252.500635159 14.042901496 -12.693053496 0.023525819 0.044755465 0.789625824 0.611501875
1317401094.293417931 252.295108624 14.827554578 -12.694098444 0.022381317 0.046032839 0.789794431 0.611232207
1317401094.397214890 252.092930390 15.604811006 -12.703269970 0.021895363 0.047446894 0.789833478 0.611091206
1317401094.501039028 251.892658245 16.380490730 -12.713795127 0.022689935 0.046946684 0.789856088 0.611071629
1317401094.604836941 251.702192487 17.108388944 -12.729929989 0.023539494 0.045330946 0.789379396 0.611777056
1317401094.708621979 251.490088683 17.916656574 -12.734232952 0.024706079 0.044804214 0.789465790 0.611658368
1317401094.812375069 251.290578200 18.667624538 -12.740181119 0.023782804 0.044721130 0.789250452 0.611978858
1317401094.916139126 251.079904472 19.461667277 -12.752850556 0.022200023 0.044716787 0.789702217 0.611455621
1317401095.019936085 250.870095011 20.246268089 -12.756968249 0.019068286 0.044294958 0.789941842 0.611282458
1317401095.123711348 250.655813926 21.038337399 -12.769626557 0.016451882 0.042388292 0.790523725 0.610741195
1317401095.227483988 250.456723987 21.781937607 -12.791852271 0.015793386 0.040646818 0.790230477 0.611256246
1317401095.331235886 250.245746614 22.570422627 -12.800263973 0.015137512 0.038905427 0.790412918 0.611150262
1317401095.434986353 250.051127575 23.333409526 -12.815301215 0.015365665 0.038871837 0.790567127 0.610947211
1317401095.538737059 249.849344692 24.117915540 -12.816238552 0.015547618 0.038874090 0.790716427 0.610749219
1317401095.642465115 249.648326600 24.894035344 -12.825109748 0.015731277 0.039320811 0.790686773 0.610754310
1317401095.746190071 249.439376570 25.675637100 -12.829485572 0.014324345 0.040205855 0.790685564 0.610732872
1317401095.849941015 249.238928604 26.449972380 -12.838531612 0.012880787 0.042316911 0.790748611 0.610540742
1317401095.953716040 249.032923473 27.220069375 -12.847490337 0.012124687 0.042286177 0.790648685 0.610687749
1317401096.057490110 248.839480875 27.972046386 -12.872402742 0.012744815 0.041977934 0.790402022 0.611015602
1317401096.161289930 248.633113555 28.753008609 -12.884063426 0.013005225 0.042127303 0.790442127 0.610947950
1317401096.265089035 248.438167702 29.516022210 -12.907157182 0.013608509 0.042218133 0.790483294 0.610875274
1317401096.368865013 248.228459819 30.299491803 -12.919763362 0.013319602 0.042609049 0.790515324 0.610813047
1317401096.472666025 248.023321919 31.077902841 -12.938391889 0.012068808 0.043610999 0.790508446 0.610777227
1317401096.576463938 247.817171699 31.859944401 -12.952032006 0.010426133 0.043838090 0.790632791 0.610630254
1317401096.680237055 247.621804227 32.601963464 -12.977877611 0.010089122 0.042775552 0.790346218 0.611082087
1317401096.784012079 247.417184957 33.385144987 -13.002539904 0.011031140 0.041812435 0.790548570 0.610870684
1317401096.887763977 247.221363880 34.146213710 -13.022481128 0.012361894 0.042094841 0.790288864 0.611161778
1317401096.991489887 247.021386539 34.934823268 -13.036765273 0.013015599 0.042486359 0.790443956 0.610920498
1317401097.095187902 246.826390295 35.702898266 -13.056304967 0.013607447 0.043268034 0.790474455 0.610813270
1317401097.198892117 246.619055442 36.479186796 -13.063431116 0.014330748 0.044174624 0.790493322 0.610707409
1317401097.302623034 246.423040874 37.239883271 -13.082749731 0.014664350 0.044476872 0.790377513 0.610827432
1317401097.406375885 246.221073261 38.029839259 -13.093816829 0.014406909 0.045159381 0.790539749 0.610573481
1317401097.510148048 246.018314368 38.803471142 -13.107094597 0.013808162 0.046801854 0.790569485 0.610425107
1317401097.613919973 245.819546097 39.581690030 -13.123261031 0.014550111 0.047447991 0.790479093 0.610475050
1317401097.717698097 245.614329231 40.342106404 -13.146094508 0.014782199 0.047340155 0.790436802 0.610532602
1317401097.821471930 245.407616125 41.116684128 -13.158129726 0.013322046 0.047940693 0.790668464 0.610219299
1317401097.925245047 245.196119538 41.899515209 -13.182359759 0.010205650 0.048999142 0.790700208 0.610154169
1317401098.029020071 244.982562204 42.672177882 -13.205219813 0.007189949 0.047783488 0.790710222 0.610280581
1317401098.132795095 244.780507886 43.431515401 -13.244160721 0.006813491 0.045942407 0.790709067 0.610427755
1317401098.236596107 244.571157144 44.207725577 -13.276248428 0.007394548 0.042944511 0.790778531 0.610549264
1317401098.340394974 244.374276609 44.959267728 -13.309787765 0.007855124 0.041459447 0.790712143 0.610732117
1317401098.444166899 244.169122825 45.743369211 -13.330838937 0.008916258 0.041078103 0.790705306 0.610752166
1317401098.547940969 243.984402795 46.509450506 -13.357031548 0.011349720 0.041870292 0.790516271 0.610902683
1317401098.651741028 243.785806816 47.286399812 -13.369853698 0.014203424 0.042516083 0.790513867 0.610801500
1317401098.755538940 243.586791989 48.051084471 -13.388164919 0.015381525 0.044376310 0.790160791 0.611097436
1317401098.859339952 243.374378933 48.844426712 -13.391565411 0.013595970 0.046136675 0.790453388 0.610630820
1317401098.963160992 243.173493912 49.621018284 -13.409493480 0.011441735 0.047799449 0.790541437 0.610433072
1317401099.066958904 242.969878216 50.398720328 -13.431322662 0.011022110 0.046938040 0.790473415 0.610595704
1317401099.170757055 242.762388819 51.162817816 -13.462115866 0.011019265 0.046157124 0.790477467 0.610650039
1317401099.274557114 242.561680623 51.942794095 -13.483283804 0.010713697 0.046259351 0.790610258 0.610475806
1317401099.378356934 242.365989104 52.704529585 -13.505848026 0.010788086 0.046711724 0.790474501 0.610615833
1317401099.482177973 242.159529919 53.484714468 -13.524748570 0.011370574 0.045967506 0.790602996 0.610495373
1317401099.586023092 241.953665506 54.259067171 -13.548520117 0.011024940 0.046058007 0.790579552 0.610525252
1317401099.689870119 241.742300972 55.051198524 -13.556674488 0.009941742 0.046123506 0.790754048 0.610312886
1317401099.793694019 241.548468339 55.805234746 -13.572100910 0.009091100 0.046850421 0.790592830 0.610479621
1317401099.897492886 241.341002713 56.591200558 -13.586186299 0.008120814 0.046703541 0.790611281 0.610480658
1317401100.001292944 241.144033966 57.345403018 -13.605877018 0.008047013 0.047932064 0.790501068 0.610529135
1317401100.105114937 240.936609428 58.135635547 -13.620424144 0.007729290 0.047838749 0.790573501 0.610446764
1317401100.208961964 240.734759197 58.893937623 -13.643741092 0.007932428 0.047853642 0.790248006 0.610864301
1317401100.312809944 240.528156197 59.681680444 -13.664619699 0.007300784 0.047597665 0.790476840 0.610596041
1317401100.416632891 240.336218094 60.426979744 -13.684326778 0.007795953 0.047918669 0.790359336 0.610716910
1317401100.520454884 240.133893627 61.224305579 -13.702853893 0.008882505 0.047948967 0.790584762 0.610407841
1317401100.624253988 239.939363229 61.983431748 -13.727957541 0.010395829 0.047738336 0.790487100 0.610526922
1317401100.728053093 239.727014815 62.764891199 -13.750841481 0.011057391 0.046406936 0.790690372 0.610354705
1317401100.831851959 239.521286673 63.531093379 -13.775731763 0.011247768 0.045456870 0.790866619 0.610194356
1317401100.935676098 239.312105884 64.330553342 -13.796948535 0.010561614 0.044655966 0.791368998 0.609614145
1317401101.039521933 239.105025690 65.090452704 -13.814296639 0.009690586 0.045086322 0.791316832 0.609664651
1317401101.143343925 238.902574684 65.884382535 -13.830706108 0.009505896 0.046444735 0.791618023 0.609174385
1317401101.247191906 238.698875456 66.659192296 -13.851910084 0.009621856 0.047746579 0.791778078 0.608863827
1317401101.351037025 238.495519635 67.431124218 -13.871096094 0.009656534 0.048084212 0.791584294 0.609088635
1317401101.454883099 238.288616029 68.196412278 -13.898278328 0.009667921 0.047457422 0.791580388 0.609142688
1317401101.558778763 238.077552980 68.980374055 -13.921448592 0.008989174 0.046168761 0.791746492 0.609036232
1317401101.662673950 237.871289490 69.730897209 -13.948769825 0.008831306 0.045117162 0.791547279 0.609376202
1317401101.766567945 237.661941748 70.511245055 -13.972575301 0.008869736 0.044010775 0.791585874 0.609406419
1317401101.870460987 237.457610351 71.286878949 -13.997064830 0.010159357 0.043083316 0.791618449 0.609410244
1317401101.974354982 237.245657697 72.073247016 -14.021771739 0.010392143 0.042975502 0.791737428 0.609259350
1317401102.078274012 237.045426029 72.845441010 -14.045846884 0.009991216 0.044323361 0.791754265 0.609147601
1317401102.182169914 236.846712022 73.581210248 -14.062698947 0.009461358 0.045060617 0.791221544 0.609793811
1317401102.286065102 236.648346826 74.384766329 -14.086051292 0.011913960 0.046146409 0.791335475 0.609521724
1317401102.389983892 236.444342374 75.159126786 -14.109868512 0.013424757 0.045934692 0.791324161 0.609521003
1317401102.493902922 236.234703829 75.944119603 -14.136969534 0.012334082 0.044973345 0.791552109 0.609319724
1317401102.597820997 236.017653563 76.718873019 -14.163889976 0.010996728 0.045422588 0.791686594 0.609137256
1317401102.701765060 235.811356974 77.512753654 -14.180801364 0.010997772 0.046156039 0.791958963 0.608727911
1317401102.805706024 235.604511615 78.295601317 -14.208206259 0.010906947 0.046910426 0.791980749 0.608643527
1317401102.909626007 235.405410188 79.036452672 -14.236079722 0.009949839 0.047686040 0.791382544 0.609377314
1317401103.013546944 235.197960663 79.839273930 -14.259624279 0.008415755 0.049706504 0.791523123 0.609056306
1317401103.117464066 235.001896126 80.603666909 -14.286932368 0.008043080 0.050947549 0.791566732 0.608902098
1317401103.221383095 234.784315984 81.393485122 -14.322104428 0.007438393 0.050887617 0.791446038 0.609071663
1317401103.325300932 234.579278227 82.141266232 -14.358616296 0.006243552 0.050454540 0.791452866 0.609112237
1317401103.429219007 234.373651555 82.910532446 -14.389127492 0.005436720 0.050416403 0.791484151 0.609082480
1317401103.533138037 234.172664909 83.679873562 -14.429702972 0.005272749 0.049548963 0.791694267 0.608881997
1317401103.637032032 233.964405938 84.448369664 -14.464157577 0.005932890 0.048325108 0.791618507 0.609072758
1317401103.740904093 233.765141209 85.205137865 -14.503062472 0.007226115 0.048474359 0.791399851 0.609331022
1317401103.844774961 233.546829569 86.014441366 -14.533322539 0.007078325 0.048801861 0.791831026 0.608746172
1317401103.948621035 233.346003285 86.778600870 -14.567883649 0.005758719 0.049578712 0.791647692 0.608935727
1317401104.052443981 233.130161011 87.557164585 -14.594866527 0.004735354 0.049734503 0.791682258 0.608886901
1317401104.156266928 232.940264279 88.323621468 -14.635174648 0.005497948 0.049808669 0.791544904 0.609052981
1317401104.260097980 232.733869758 89.095117269 -14.667331394 0.006834473 0.049547284 0.791423136 0.609218989
1317401104.363941908 232.538937565 89.855898001 -14.703256705 0.008353673 0.050275734 0.791389718 0.609183783
1317401104.467781067 232.327467836 90.629233741 -14.732249749 0.008601554 0.050199313 0.791383463 0.609194762
1317401104.571604013 232.128733409 91.397054410 -14.765360973 0.008861087 0.050667957 0.791299989 0.609260672
1317401104.675427914 231.905713126 92.184955890 -14.790594279 0.007929914 0.050091843 0.791329253 0.609283134
1317401104.779249907 231.707378953 92.950169109 -14.828190021 0.006981435 0.050418864 0.791239274 0.609384615
1317401104.883050919 231.497141135 93.734904416 -14.857256565 0.005812715 0.050892534 0.791343698 0.609221892
1317401104.986824989 231.292772679 94.489803237 -14.896719936 0.004958216 0.051684134 0.791289438 0.609233281
1317401105.090599060 231.082342749 95.270497298 -14.931732719 0.003995059 0.051759341 0.791243530 0.609293596
1317401105.194374084 230.876097580 96.030350888 -14.976597177 0.002954880 0.050957844 0.791428951 0.609126245
1317401105.298124075 230.675225331 96.802912834 -15.014743488 0.003869637 0.050186805 0.791454858 0.609151474
1317401105.401876926 230.476870731 97.570755963 -15.057759179 0.006135522 0.049479773 0.791429164 0.609224085
1317401105.505655050 230.275957101 98.338784344 -15.093358658 0.010015157 0.049385245 0.791383687 0.609239406
1317401105.609405994 230.084335627 99.095920034 -15.124344563 0.011480406 0.051330451 0.791067741 0.609463055
1317401105.713129997 229.873001506 99.890496610 -15.144228979 0.011589918 0.053455451 0.791152261 0.609168522
1317401105.816854000 229.666889263 100.678725742 -15.174275573 0.011260532 0.056093347 0.791450961 0.608549188
1317401105.920603037 229.457507968 101.443597112 -15.200588842 0.011514050 0.057113266 0.791122352 0.608876774
1317401106.024357080 229.258114130 102.215975731 -15.237324991 0.011296877 0.057344438 0.791173164 0.608793086
1317401106.128108978 229.043063317 103.005718139 -15.268630098 0.010872960 0.057892435 0.791441226 0.608400387
1317401106.231883049 228.841062165 103.760460989 -15.303325256 0.010703952 0.058455939 0.791145701 0.608733774
1317401106.335658073 228.636829010 104.532466537 -15.334990062 0.010905293 0.058184055 0.791011404 0.608930742
1317401106.439434052 228.434290439 105.284283841 -15.372131047 0.010915992 0.057790374 0.791101424 0.608851091
1317401106.543206930 228.218597819 106.069912104 -15.407625272 0.010463159 0.057837657 0.791222232 0.608697549
1317401106.646981001 228.016127572 106.838765238 -15.443060009 0.009838582 0.057835387 0.791162245 0.608786147
1317401106.750757933 227.808405866 107.611617362 -15.478261345 0.008953325 0.057751853 0.791267416 0.608671043
1317401106.854557037 227.598266703 108.376199614 -15.518952778 0.007850617 0.057777326 0.791344325 0.608583854
1317401106.958378077 227.385147944 109.155513169 -15.556595826 0.006784884 0.057622374 0.791412861 0.608522235
1317401107.062197924 227.182230270 109.923585118 -15.599621525 0.005732676 0.056995231 0.791335378 0.608692862
1317401107.165997028 226.970160765 110.699821170 -15.635784805 0.004823431 0.056423693 0.791522184 0.608511080
1317401107.269797087 226.771322926 111.451861802 -15.676621231 0.005112879 0.056555409 0.791277908 0.608814107
1317401107.373621941 226.566008459 112.237670059 -15.715646670 0.005919822 0.056633218 0.791331270 0.608730199
1317401107.477444887 226.361440045 112.996644464 -15.751032613 0.006591782 0.057169309 0.791177418 0.608873150
1317401107.581268072 226.142628505 113.797742069 -15.785386885 0.006514403 0.057391812 0.791664049 0.608220170
1317401107.685112715 225.943917582 114.553290248 -15.821862611 0.006527663 0.057555031 0.791412040 0.608532489
1317401107.788957119 225.730759150 115.355654989 -15.859106294 0.006639244 0.058153639 0.791767116 0.608012260
1317401107.892779112 225.537645098 116.097478754 -15.898355417 0.007010573 0.059342928 0.791539626 0.608189353
1317401107.996581078 225.330606281 116.887857814 -15.930632284 0.007322982 0.061134543 0.791581183 0.607954088
1317401108.100357056 225.129657379 117.664453968 -15.968948486 0.007147002 0.063461515 0.791713930 0.607544738
1317401108.204130888 224.912117354 118.441083099 -16.006735741 0.006751043 0.065386613 0.791436722 0.607706285
1317401108.307907104 224.713997153 119.202494591 -16.047564034 0.006665337 0.065552148 0.791288374 0.607882553
1317401108.411680937 224.492603900 119.991313633 -16.094356888 0.006587957 0.064465391 0.791761558 0.607383278
1317401108.515431881 224.269872871 120.764553910 -16.148587625 0.004754966 0.063719455 0.791941559 0.607244422
1317401108.619184971 224.051606511 121.549798946 -16.199897380 0.001348043 0.063106621 0.792084932 0.607138533
1317401108.722935915 223.846339306 122.300768451 -16.252402812 -0.001056126 0.062788341 0.791962410 0.607331910
1317401108.826661110 223.635248222 123.073567855 -16.306611442 -0.000327277 0.060607256 0.792125300 0.607341882
1317401108.930386066 223.447854130 123.802318855 -16.369106963 0.002394635 0.059930292 0.791447166 0.608287768
1317401109.034137011 223.239701797 124.574601557 -16.414261534 0.004870192 0.060863560 0.791480342 0.608137136
1317401109.137890100 223.044837567 125.340344878 -16.464369138 0.006079186 0.063330959 0.791248932 0.608175436
1317401109.241640091 222.824122934 126.135509810 -16.506405289 0.005433728 0.064290422 0.791536785 0.607706125
1317401109.345416307 222.616833112 126.907420464 -16.554632497 0.004411210 0.065143672 0.791542303 0.607616347
1317401109.449191093 222.392794065 127.683592428 -16.600937627 0.003096662 0.065097767 0.791581150 0.607578780
1317401109.552941084 222.193711207 128.444278978 -16.655246891 0.002121429 0.065327028 0.791438985 0.607743541
1317401109.656666994 221.983306570 129.227432237 -16.707553742 0.001937458 0.065153549 0.791711665 0.607407525
1317401109.760392904 221.782388902 129.965295988 -16.766361209 0.002055179 0.064767434 0.791400148 0.607854227
1317401109.864098072 221.567643825 130.746845428 -16.814856128 0.002264870 0.064182393 0.791672698 0.607560557
1317401109.967799902 221.359293608 131.516564879 -16.872605071 0.002169448 0.063968476 0.791627712 0.607642077
1317401110.071527004 221.146353424 132.309519717 -16.924190895 0.001962090 0.063925990 0.791940398 0.607239676
1317401110.175254107 220.946007148 133.064211004 -16.979897107 0.001665629 0.063911043 0.791852859 0.607356283
1317401110.278978109 220.734021306 133.843982725 -17.030743931 0.001355242 0.063954599 0.791923160 0.607260802
1317401110.382700682 220.525038812 134.608947717 -17.083256002 0.001756345 0.063935901 0.791823745 0.607391366
1317401110.486442089 220.320018353 135.373731599 -17.135415165 0.002509043 0.063378614 0.791831048 0.607437607
1317401110.590193987 220.119753623 136.131099967 -17.188057448 0.003384280 0.062666827 0.791433832 0.608024592
1317401110.693928003 219.906657195 136.908509829 -17.234822517 0.003549595 0.061672651 0.791600659 0.607908119
1317401110.798357010 219.701088145 137.657021013 -17.283871060 0.003237971 0.061213335 0.791364194 0.608264050
1317401110.902136087 219.485505844 138.444801241 -17.324850207 0.001781107 0.060472252 0.791590155 0.608050131
1317401111.005229712 219.275972554 139.204091634 -17.372382998 0.000385988 0.059920277 0.791593926 0.608102350
1317401111.108983040 219.062429537 139.983435171 -17.419333584 -0.000796865 0.059034611 0.791790219 0.607932997
1317401111.212730885 218.860721725 140.743610198 -17.466290724 -0.000526166 0.058993875 0.791655694 0.608112415
1317401111.316478014 218.652566057 141.513834864 -17.514453067 0.000439337 0.058829636 0.791635516 0.608154660
1317401111.420231104 218.451882671 142.277933296 -17.561141528 0.001448773 0.059843870 0.791606117 0.608092401
1317401111.523998976 218.239042861 143.056286914 -17.605006406 0.001591679 0.061071398 0.791656871 0.607903898
1317401111.627747059 218.035393445 143.831631683 -17.651865628 0.001354760 0.062605510 0.791695556 0.607698002
1317401111.731520653 217.818437352 144.609867563 -17.696820870 0.001199244 0.063056348 0.791755008 0.607574247
1317401111.835330009 217.611566135 145.362277466 -17.752912501 0.001162167 0.062719633 0.791472977 0.607976500
1317401111.939114094 217.402688151 146.149311838 -17.801577779 0.000987571 0.062227989 0.791740996 0.607678285
1317401112.042882919 217.201831386 146.908342403 -17.853276736 0.001540172 0.063030406 0.791461896 0.607957944
1317401112.146648884 216.993152567 147.694580882 -17.904578031 0.001910938 0.064037571 0.791661230 0.607591997
1317401112.250401020 216.793640576 148.453223566 -17.954617860 0.002441102 0.065697140 0.791507091 0.607613735
1317401112.354126930 216.586572077 149.241951498 -17.999566162 0.002762162 0.066695189 0.791504030 0.607507607
1317401112.457859039 216.388528045 149.998313691 -18.048878196 0.002928435 0.067124920 0.791138882 0.607934979
1317401112.561614990 216.171135530 150.781464106 -18.098373743 0.003134487 0.067091191 0.791356748 0.607654050
1317401112.665380001 215.968739971 151.535243936 -18.151680108 0.002467757 0.066912924 0.791178775 0.607908477
1317401112.769134045 215.741131409 152.338028471 -18.200856258 0.001322164 0.066427540 0.791454623 0.607606133
1317401112.872888088 215.548017740 153.074788464 -18.249855637 0.000188009 0.066051268 0.791175108 0.608012454
1317401112.976654053 215.325349463 153.861685209 -18.305980853 -0.000714316 0.065197974 0.791309670 0.607929042
1317401113.080424309 215.130361374 154.617235642 -18.363960083 -0.002092566 0.065194178 0.790924589 0.608427181
1317401113.184175014 214.919017499 155.381604715 -18.420440634 -0.003832205 0.065511863 0.791118757 0.608132076
1317401113.287912846 214.698433062 156.171354933 -18.480005095 -0.005652982 0.065799483 0.791308238 0.607840229
1317401113.391645908 214.494105072 156.931054379 -18.541496507 -0.007346896 0.065192659 0.791501454 0.607635901
1317401113.495374918 214.277964855 157.702095564 -18.614840959 -0.009061497 0.065079144 0.791251656 0.607950172
1317401113.599117041 214.060655341 158.470434278 -18.678684039 -0.010540665 0.063937450 0.791499238 0.607725146
1317401113.702852011 213.853046510 159.234436107 -18.750307420 -0.009647486 0.062483551 0.791582698 0.607782497
1317401113.806579113 213.654505750 159.990187895 -18.813204893 -0.007154854 0.060417354 0.791480080 0.608159382
1317401113.910379887 213.444947635 160.745688901 -18.879401455 -0.006130624 0.059454034 0.791395573 0.608375444
1317401114.014190197 213.233252963 161.531017838 -18.925916531 -0.006410428 0.060479923 0.791522597 0.608106129
1317401114.117963076 213.024732354 162.310249237 -18.984782682 -0.007029056 0.061138731 0.791813581 0.607654425
1317401114.221703053 212.809709028 163.103674775 -19.044576993 -0.007448074 0.061586759 0.792016990 0.607339020
1317401114.325433969 212.597895641 163.865419199 -19.104827763 -0.008406257 0.063212003 0.791895640 0.607317769
1317401114.429179907 212.381266358 164.653623579 -19.160847712 -0.009151827 0.064495525 0.792342075 0.606589323
1317401114.532905102 212.176728428 165.401986599 -19.225807231 -0.009635307 0.065085363 0.791832634 0.607183775
1317401114.636643887 211.968601663 166.178916678 -19.285490036 -0.009971273 0.064449341 0.792187905 0.606782646
1317401114.740406990 211.756488420 166.942712633 -19.353596097 -0.009882032 0.063535335 0.792095004 0.607001739
1317401114.844156981 211.543948119 167.717863002 -19.411745575 -0.010159803 0.062599394 0.792313208 0.606809587
1317401114.947882891 211.342215952 168.488723824 -19.476297956 -0.011046158 0.063118406 0.792411613 0.606611808
1317401115.051634073 211.120969305 169.267231163 -19.533941216 -0.012059219 0.064176352 0.792496401 0.606370700
1317401115.155407906 210.925359194 170.028740171 -19.597817802 -0.012237023 0.065946221 0.792216352 0.606543159
1317401115.259181976 210.709376487 170.795808238 -19.662760718 -0.013146669 0.067458508 0.792019162 0.606615332
1317401115.362958193 210.504488265 171.562731647 -19.734115102 -0.014465907 0.068553256 0.791783704 0.606769936
1317401115.466732025 210.292413858 172.330628029 -19.800973486 -0.013957938 0.068520853 0.791888308 0.606648973
1317401115.570483923 210.099245929 173.064024901 -19.877123597 -0.011210106 0.065727530 0.791539244 0.607470041
1317401115.674235106 209.886621590 173.831931955 -19.957170381 -0.007310305 0.061723586 0.791711705 0.607724719
1317401115.777986050 209.684875240 174.587709434 -20.026420289 -0.004469968 0.059299824 0.791580885 0.608163837
1317401115.881712914 209.465779118 175.381379821 -20.076567210 -0.004631963 0.058776253 0.791854607 0.607857038
1317401115.985461950 209.254590217 176.159760756 -20.128403133 -0.006834140 0.060424697 0.792059013 0.607408157
1317401116.089211941 209.033859444 176.938835677 -20.175077948 -0.009530411 0.062360039 0.792202397 0.606989092
1317401116.192961931 208.825480138 177.710905120 -20.233042061 -0.011464323 0.063522464 0.792064380 0.607015226
1317401116.296737909 208.602693588 178.494124726 -20.297110891 -0.013531213 0.063127609 0.792355134 0.606634283
1317401116.400511980 208.386744416 179.256146265 -20.361533546 -0.015342989 0.062732945 0.792231646 0.606793366
1317401116.504287958 208.172891925 180.029594939 -20.427272552 -0.016562238 0.061576584 0.792414417 0.606641087
1317401116.608110905 207.966364683 180.789115355 -20.496729206 -0.016481996 0.060218452 0.792594014 0.606544979
1317401116.711982012 207.750953432 181.559320892 -20.563585468 -0.016370466 0.058456280 0.792491672 0.606854036
1317401116.815876007 207.548862385 182.328033738 -20.628003537 -0.015297047 0.057791585 0.792679281 0.606700660
1317401116.919820070 207.336573962 183.080235460 -20.686392912 -0.014245101 0.057017649 0.792232003 0.607383337
1317401117.023834229 207.148430612 183.816605964 -20.747180579 -0.012923298 0.056523061 0.791488056 0.608428129
1317401117.127921104 206.989427441 184.550539570 -20.803918162 -0.012433501 0.055969801 0.787421674 0.613742533
1317401117.232080936 206.876050221 185.230310049 -20.856569203 -0.012294322 0.056263420 0.782434891 0.620063641
1317401117.336281061 206.769291944 185.891301626 -20.905628823 -0.012227956 0.057517459 0.776074911 0.627893264
1317401117.440489054 206.708968311 186.653931726 -20.964324423 -0.012245338 0.059712709 0.769762241 0.635413673
1317401117.544723034 206.590776365 187.191622413 -21.003168004 -0.012770860 0.061360666 0.762002342 0.644534098
1317401117.649003029 206.494978903 187.828704950 -21.048831569 -0.013800819 0.064090128 0.753752493 0.653880091
1317401117.753283978 206.464148483 188.485769356 -21.109798961 -0.014960755 0.067799941 0.741192691 0.667692098
1317401117.857559919 206.390953811 189.093715287 -21.158533613 -0.015916102 0.071101868 0.730014319 0.679536825
1317401117.961884975 206.393144715 189.811890273 -21.227770148 -0.016643618 0.073401361 0.714038919 0.696048599
1317401118.066212893 206.548858638 190.421849962 -21.309966590 -0.016467817 0.074333310 0.703241715 0.706862406
1317401118.170540094 206.542969451 191.009000819 -21.373637161 -0.017446030 0.074785788 0.686070306 0.723470979
1317401118.274889946 206.616759679 191.603790871 -21.450863331 -0.018314773 0.075595279 0.667879575 0.740193755
1317401118.379199028 206.691711933 192.235277831 -21.530110053 -0.019161769 0.076343841 0.649330367 0.756422183
1317401118.483431101 207.056110337 192.737907035 -21.614907971 -0.018420403 0.077761653 0.625778155 0.775896588
1317401118.587654114 207.113096064 193.340306499 -21.695129836 -0.018445361 0.076738756 0.606795852 0.790929659
1317401118.691860914 207.348391879 193.892830764 -21.782984197 -0.019453568 0.076235191 0.585932366 0.806531473
1317401118.796020985 207.582798157 194.455177309 -21.869654959 -0.021531202 0.076979187 0.565795402 0.820662035
1317401118.900182962 207.848402458 195.011523046 -21.968464706 -0.023372121 0.078506352 0.545193775 0.834298654
1317401119.004310131 208.185989939 195.581927397 -22.052834749 -0.024242210 0.081687092 0.525322677 0.846626021
1317401119.108396053 208.588470774 196.168898479 -22.160943310 -0.026246257 0.082053051 0.503882156 0.859465650
1317401119.212460041 208.846213376 196.669346219 -22.243744688 -0.028442348 0.081565969 0.483717101 0.870951084
1317401119.316521883 209.092035299 197.188154642 -22.342095741 -0.030371988 0.081163239 0.463109835 0.882054053
1317401119.420558929 209.521549933 197.675057988 -22.446131807 -0.029940188 0.081566805 0.442361557 0.892617888
1317401119.524571896 209.933108663 198.178681807 -22.555108606 -0.028328870 0.080976882 0.422036733 0.902510507
1317401119.628571033 210.310135053 198.658852659 -22.650966007 -0.027809464 0.079320259 0.402440436 0.911579193
1317401119.732542038 210.752191441 199.145617421 -22.768413188 -0.028754053 0.077148954 0.383486754 0.919869096
1317401119.836477995 211.243890795 199.611450539 -22.876483349 -0.029325308 0.075460452 0.366169029 0.927019951
1317401119.940383911 211.747506837 200.079471688 -22.990165446 -0.031158389 0.074410497 0.347710553 0.934125047
1317401120.044308901 212.228144256 200.571757543 -23.097696674 -0.034521830 0.073962278 0.330309625 0.940336842
1317401120.148180008 212.728397849 200.997434864 -23.205362840 -0.037540723 0.073116535 0.314293221 0.945761301
1317401120.251995087 213.246291658 201.463726485 -23.313788964 -0.040185977 0.071049234 0.296132287 0.951652648
1317401120.355820894 213.805288344 201.830565441 -23.422142774 -0.042020725 0.068617678 0.281226204 0.956262357
1317401120.459600925 214.305339715 202.182940540 -23.526677837 -0.044407046 0.066489983 0.269642667 0.959635310
1317401120.563275099 214.851319803 202.540008688 -23.631538760 -0.047435451 0.064401641 0.256768803 0.963157354
1317401120.666933060 215.587671031 202.962160375 -23.759190008 -0.050458065 0.063474515 0.246761866 0.965677768
1317401120.770612955 216.215757372 203.326582292 -23.863318813 -0.053897681 0.063261571 0.236980013 0.967953246
1317401120.874319077 216.957341563 203.704013041 -23.986546292 -0.057273859 0.062749868 0.229699209 0.969546509
1317401120.978020906 217.638149490 204.072756691 -24.100381242 -0.059978547 0.062341770 0.220968510 0.971436563
1317401121.081715107 218.500647575 204.468643207 -24.236744853 -0.062342346 0.061939386 0.211805369 0.973352675
1317401121.185442924 219.233239076 204.827709076 -24.355363517 -0.063769866 0.061968664 0.202497633 0.975237406
1317401121.289122105 220.062094872 205.178079210 -24.483278946 -0.064264326 0.061974886 0.196735540 0.976383294
1317401121.392775059 220.851414806 205.497630744 -24.602046371 -0.064104745 0.062111634 0.192717735 0.977186063
1317401121.496453047 221.635892749 205.809019943 -24.721403245 -0.063526201 0.061914518 0.191029511 0.977567768
1317401121.600142002 222.554112383 206.175237330 -24.863592339 -0.063812319 0.061472352 0.185858954 0.978573240
1317401121.703849077 223.707737112 206.603536557 -25.034324462 -0.064081917 0.060863125 0.185319992 0.978695912
1317401121.807576180 224.635923372 206.994969372 -25.180507016 -0.064476078 0.060903818 0.180608822 0.979547862
1317401121.911298037 225.202020498 207.216164398 -25.264441482 -0.063885314 0.061456312 0.177727539 0.980078931
1317401122.015014887 226.113393777 207.543676142 -25.394076561 -0.063251614 0.062949618 0.179104872 0.979774476
1317401122.118742943 226.936901412 207.836783033 -25.513638765 -0.062753147 0.064341914 0.179972884 0.979557003
1317401122.222523928 227.957299707 208.241799643 -25.669142941 -0.062259173 0.065941528 0.177588133 0.979917326
1317401122.326326132 228.907035115 208.598785960 -25.809329205 -0.061978354 0.067030485 0.174527189 0.980411066
1317401122.430128098 229.783049689 208.919891840 -25.944253610 -0.061922828 0.067332806 0.174995593 0.980310359
1317401122.533946037 230.739239129 209.260327885 -26.090926792 -0.061580473 0.067498670 0.173805952 0.980532134
1317401122.637768030 231.589314756 209.569193870 -26.218171780 -0.061155072 0.067648126 0.174657439 0.980397148
1317401122.741590023 232.594614139 209.933433105 -26.374924488 -0.061063173 0.067680170 0.173371437 0.980628894
1317401122.845412016 233.625053696 210.326917397 -26.530503985 -0.060915749 0.067535241 0.170391670 0.981170190
1317401122.949234962 234.429898652 210.605494999 -26.651817546 -0.060855969 0.068083146 0.171033974 0.981024269
1317401123.053059101 235.521408524 211.003364686 -26.818674108 -0.060557992 0.068922037 0.169506092 0.981249289
1317401123.156883001 236.306169405 211.268289171 -26.937750924 -0.060302642 0.069693954 0.170221255 0.981086677
1317401123.260704994 237.371978589 211.663064912 -27.100243940 -0.060113675 0.070013382 0.168842496 0.981313754
1317401123.364506006 238.146247028 211.931724990 -27.221812123 -0.060080669 0.069793410 0.169086737 0.981289391
1317401123.468303919 238.922692714 212.212101810 -27.344227861 -0.059843314 0.069684766 0.170453362 0.981075156
1317401123.572129965 239.704901164 212.496222897 -27.465107860 -0.060562267 0.069823786 0.170796086 0.980961542
1317401123.675930023 240.407821530 212.739964916 -27.575304353 -0.060881035 0.070625982 0.171671758 0.980731501
1317401123.779727936 241.176593263 213.019278797 -27.692425248 -0.060871934 0.071176064 0.171166762 0.980780564
1317401123.883527279 241.905645295 213.271359649 -27.807927228 -0.060543333 0.071656843 0.171264469 0.980748838
1317401123.987302065 242.670342680 213.539063614 -27.931061989 -0.060098518 0.071847165 0.170744896 0.980852860
1317401124.091075897 243.403601934 213.786941599 -28.044267777 -0.059415922 0.072319220 0.170993856 0.980816384
1317401124.194849968 244.155582680 214.051953504 -28.162999111 -0.059398274 0.072488978 0.171232162 0.980763345
1317401124.298649073 244.901105959 214.322566272 -28.282670779 -0.059243234 0.072425219 0.170992783 0.980819196
1317401124.402472019 245.645352540 214.594826023 -28.402097028 -0.059467143 0.071958716 0.170943350 0.980848598
1317401124.506295919 246.389832168 214.858390191 -28.520961268 -0.059601571 0.071261619 0.171550071 0.980785403
1317401124.610117912 247.137313514 215.130546532 -28.637027514 -0.059977338 0.070854926 0.171113326 0.980868252
1317401124.713964939 247.887098899 215.399687822 -28.756730452 -0.060350600 0.071285920 0.171179833 0.980802522
1317401124.817812920 248.640041888 215.664057336 -28.869511545 -0.060401560 0.071938335 0.171305801 0.980729754
1317401124.921658039 249.382561708 215.933137834 -28.986724993 -0.060722452 0.072266247 0.170591709 0.980810299
1317401125.025552034 250.132523337 216.198169478 -29.104555923 -0.061011715 0.072265657 0.170302286 0.980842687
1317401125.129471064 250.855921342 216.457390081 -29.219464504 -0.061295988 0.072417323 0.169806316 0.980899765
1317401125.233412981 251.605738212 216.722116760 -29.337898940 -0.062010133 0.072637667 0.169344718 0.980918386
1317401125.337378979 252.205828070 217.036715227 -29.443085011 -0.063270076 0.072527708 0.161766866 0.982124285
1317401125.441370964 252.963777194 217.308968759 -29.560356944 -0.063856132 0.072317146 0.159153748 0.982528732
1317401125.545409679 253.680412405 217.461464602 -29.664525017 -0.065039142 0.071556010 0.147779547 0.984281897
1317401125.649471998 254.403656945 217.732985698 -29.778756436 -0.065679120 0.070958087 0.142554812 0.985052957
1317401125.753536940 255.111618970 217.894274186 -29.882170961 -0.066541010 0.071182779 0.131308144 0.986541169
1317401125.857623100 255.827253148 218.086793600 -29.986726179 -0.065990917 0.072398121 0.120284585 0.987894392
1317401125.961733103 256.538821032 218.247989891 -30.081180385 -0.063635265 0.073523966 0.108196639 0.989362556
1317401126.065865040 257.183531316 218.345202474 -30.166354459 -0.061192492 0.073473600 0.095676485 0.990809325
1317401126.170001984 257.791717315 218.372601036 -30.245667945 -0.058613186 0.072386696 0.085086764 0.992010536
1317401126.274138927 258.442752316 218.419674747 -30.326955567 -0.054740100 0.070928269 0.070523916 0.993478273
1317401126.378297091 258.958906373 218.353946979 -30.381884528 -0.050997355 0.069619827 0.052682238 0.994875335
1317401126.482455969 259.582247389 218.398499656 -30.456501486 -0.048208509 0.069135110 0.035498699 0.995809278
1317401126.586615086 260.066860580 218.239606055 -30.497601866 -0.045916278 0.069084669 0.021410762 0.996323533
1317401126.690773010 260.510913507 218.062316044 -30.525588441 -0.044912827 0.067886611 -0.001592017 0.996680346
1317401126.794929981 261.063950765 218.066527560 -30.593248829 -0.045251413 0.067111404 -0.017258456 0.996569373
1317401126.899090290 261.556244622 217.997077795 -30.645353965 -0.046658425 0.065888009 -0.039824129 0.995939657
1317401127.003249884 262.206937108 217.957138605 -30.722433338 -0.048883290 0.064338081 -0.056918554 0.995103670
1317401127.107431889 262.746657331 217.914069463 -30.789356725 -0.052078627 0.060633603 -0.079389224 0.993634105
1317401127.211663008 263.110357312 217.738617958 -30.808519697 -0.053068066 0.057923810 -0.098966761 0.991984976
1317401127.315917015 263.265262241 217.500471746 -30.808339466 -0.053955329 0.055918934 -0.122702470 0.989396786
1317401127.420147896 263.767048679 217.240972087 -30.831714725 -0.053896458 0.053383911 -0.149448099 0.985855261
1317401127.524332047 264.131802267 216.943177436 -30.847876963 -0.054831216 0.051407792 -0.175346625 0.981633505
1317401127.628490925 264.553585166 216.649897876 -30.858704965 -0.056449684 0.050052788 -0.200771421 0.976728718
1317401127.732626915 265.043552353 216.436188851 -30.899452036 -0.058782974 0.048527281 -0.223726390 0.971666695
1317401127.836690903 265.603107502 216.196485276 -30.933181940 -0.060998575 0.046072192 -0.250320376 0.965140527
1317401127.940754890 266.137816171 215.915963502 -30.975377823 -0.063538477 0.043793202 -0.273562841 0.958753560
1317401128.044807911 266.652521826 215.604385646 -30.995798166 -0.065578639 0.040905732 -0.297220364 0.951675479
1317401128.148776054 267.145576435 215.256865847 -31.023836108 -0.067546768 0.038308184 -0.318172795 0.944847072
1317401128.252701044 267.688740574 214.862645738 -31.035469806 -0.069525759 0.036707130 -0.339368525 0.937362128
1317401128.356591940 268.209541066 214.467400914 -31.054678641 -0.071556984 0.036407945 -0.359342896 0.929745526
1317401128.460442066 268.693396049 214.009148135 -31.059905432 -0.073758023 0.037678479 -0.377491954 0.922301421
1317401128.564266920 269.169507051 213.605893402 -31.064611604 -0.073774248 0.038348634 -0.395269279 0.914794480
1317401128.668061972 269.628059697 213.083142370 -31.054409833 -0.073599471 0.037358175 -0.410868517 0.907950740
1317401128.771835089 270.020369834 212.628820565 -31.052902790 -0.074021398 0.035871603 -0.425755114 0.901091917
1317401128.875586033 270.454309785 212.105089864 -31.054412001 -0.077507315 0.035247009 -0.440204504 0.893851363
1317401128.979337931 270.955728433 211.397082639 -31.047104296 -0.080915655 0.034194666 -0.455918494 0.885675848
1317401129.083066225 271.286894980 211.069779872 -31.048117534 -0.080569169 0.033736786 -0.467666932 0.879578353
1317401129.186768055 271.676882509 210.387489265 -31.020426807 -0.079361556 0.033316845 -0.478590855 0.873809204
1317401129.290468931 272.104790759 209.835700955 -31.005877287 -0.078842775 0.032050569 -0.490280321 0.867399438
1317401129.394124985 272.464275567 209.205290503 -30.983868112 -0.078538057 0.031076478 -0.499057122 0.862443050
1317401129.497755051 272.845340060 208.593263931 -30.962955230 -0.078227565 0.030037344 -0.505634044 0.858668981
1317401129.601408005 273.170249100 207.954363252 -30.937322588 -0.078076063 0.029749267 -0.511393772 0.855275113
1317401129.705063820 273.563270707 207.277264530 -30.912109110 -0.077985516 0.030240961 -0.515519958 0.852785387
1317401129.808721066 273.905842970 206.597922560 -30.879439061 -0.077498050 0.030611311 -0.520840445 0.849577678
1317401129.912424088 274.257629460 205.897150979 -30.848742755 -0.076702270 0.030805297 -0.524029763 0.847679540
1317401130.016149998 274.596425293 205.196027339 -30.817379836 -0.076413248 0.030635873 -0.528996346 0.844621409
1317401130.119853020 274.951847762 204.492789119 -30.791019117 -0.076544178 0.030594946 -0.531617886 0.842963440
1317401130.223556042 275.321896830 203.745691740 -30.766333198 -0.077085890 0.030296050 -0.537069281 0.839462032
1317401130.327281952 275.674710970 203.036810195 -30.739123191 -0.076966864 0.029787296 -0.539517884 0.837919609
1317401130.431009054 276.051187717 202.295877909 -30.708812118 -0.076269176 0.028981847 -0.542091514 0.836349123
1317401130.534737110 276.401748266 201.521362469 -30.671184680 -0.076005878 0.028665129 -0.543827646 0.835256193
1317401130.638438940 276.738469693 200.764853949 -30.640676023 -0.075629162 0.028463245 -0.546408136 0.833611554
1317401130.742141008 277.096670796 199.990825864 -30.598447682 -0.075529410 0.028640192 -0.549116764 0.831832812
1317401130.845866919 277.497169070 199.115384840 -30.564786115 -0.074756611 0.028206138 -0.554534795 0.828315776
1317401130.949594975 277.835119207 198.336520951 -30.525461794 -0.074411096 0.028143033 -0.556640552 0.826935460
1317401131.053297997 278.143549355 197.592763050 -30.489565535 -0.073950387 0.028284090 -0.558367387 0.825807006
1317401131.157000303 278.500039870 196.710393250 -30.443212537 -0.072253518 0.026995527 -0.559859840 0.824989473
1317401131.260699987 278.845949489 195.865547217 -30.403976034 -0.071378395 0.026162055 -0.560837441 0.824428309
1317401131.364403963 279.165334415 195.078181267 -30.364727553 -0.070256177 0.025676667 -0.561463496 0.824113779
1317401131.468132019 279.585968137 193.998902122 -30.312498625 -0.070018446 0.024895094 -0.560194540 0.825021048
1317401131.571835995 279.860123804 193.336633733 -30.274141991 -0.070144901 0.023505717 -0.561383974 0.824242203
1317401131.675539017 280.179078025 192.543988160 -30.244952173 -0.070740231 0.021724810 -0.560798944 0.824638343
1317401131.779240847 280.491096230 191.758215800 -30.200544295 -0.070500854 0.020294885 -0.560532869 0.824876142
1317401131.882942915 280.803595406 190.985121514 -30.156637555 -0.069221855 0.020454015 -0.560746018 0.824835663
1317401131.986673117 281.125041427 190.186971405 -30.105440289 -0.068087254 0.021139538 -0.560696057 0.824946773
1317401132.090399027 281.525042592 189.189014639 -30.049358839 -0.066655252 0.020784456 -0.559831335 0.825659712
1317401132.194098949 281.829379414 188.434879934 -30.002743138 -0.066195766 0.020872609 -0.559883293 0.825659223
1317401132.297801971 282.141609668 187.654985751 -29.956477284 -0.065315791 0.020533673 -0.559500046 0.825997527
1317401132.401505947 282.467292600 186.857173709 -29.906484947 -0.063789770 0.020011829 -0.559231280 0.826311544
1317401132.505207062 282.846973860 185.894073285 -29.855917878 -0.063172959 0.020611931 -0.557122394 0.827767457
1317401132.608956814 283.175539425 185.123026465 -29.809278813 -0.062954813 0.020929282 -0.557035629 0.827834503
1317401132.712735891 283.505481245 184.331613693 -29.772148909 -0.062486275 0.021199807 -0.555491438 0.828900052
1317401132.816510916 283.857635947 183.456113318 -29.724491332 -0.062027326 0.021888114 -0.552358612 0.831007512
1317401132.920283079 284.242638089 182.672990217 -29.698031162 -0.061987362 0.023258634 -0.547748834 0.834019075
1317401133.024058104 284.586221536 181.880574978 -29.656730115 -0.062559735 0.023586804 -0.546270148 0.834936445
1317401133.127856016 284.960158903 181.066162991 -29.626282485 -0.063181216 0.023697746 -0.545863987 0.835152117
1317401133.231678963 285.308729654 180.271169062 -29.588527321 -0.063753944 0.024019145 -0.545313895 0.835458719
1317401133.335478067 285.663076432 179.474879268 -29.551923442 -0.063820670 0.024570580 -0.544156334 0.836192019
1317401133.439277172 286.020181499 178.684154896 -29.515982443 -0.063936162 0.024750745 -0.543860775 0.836370149
1317401133.543100119 286.378455643 177.884506909 -29.479425227 -0.063728259 0.024795361 -0.543754223 0.836453970
1317401133.646921873 286.739959725 177.095286142 -29.448567758 -0.064469949 0.025277343 -0.544218329 0.836080793
1317401133.750745058 287.101337306 176.280010526 -29.414776163 -0.064776666 0.026087898 -0.543932795 0.836217986
1317401133.854569912 287.465187817 175.500282038 -29.376575948 -0.064836667 0.026885598 -0.543665473 0.836361898
1317401133.958417892 287.851452543 174.613764314 -29.340380297 -0.065028634 0.027825292 -0.542715928 0.836932764
1317401134.062288046 288.202593031 173.874224794 -29.307290517 -0.065278897 0.028206345 -0.543627415 0.836308736
1317401134.166157961 288.547967225 173.126393959 -29.278832342 -0.065563241 0.028486963 -0.543991618 0.836040115
1317401134.270028114 288.909552947 172.354949542 -29.250047656 -0.065831298 0.028630055 -0.544976298 0.835372608
1317401134.373872995 289.261117416 171.587085072 -29.222158947 -0.065755157 0.028863170 -0.546661907 0.834268503
1317401134.477720022 289.614308032 170.817399662 -29.194882593 -0.065743752 0.029093522 -0.547957053 0.833411299
1317401134.581592083 289.946904951 170.029420226 -29.160808445 -0.065814750 0.029053967 -0.549121306 0.832640425
1317401134.685440063 290.296950727 169.244942285 -29.128060092 -0.065163635 0.028772897 -0.550029734 0.832101624
1317401134.789263964 290.671753564 168.398827754 -29.099402856 -0.065731415 0.029658796 -0.550895106 0.831453137
1317401134.893085003 291.009355970 167.623636715 -29.065898219 -0.065532191 0.030290425 -0.551355773 0.831140682
1317401134.996906996 291.454551151 166.605117322 -29.027224545 -0.064794700 0.029881013 -0.551463533 0.831141831
1317401135.100707054 291.782527444 165.850387630 -29.001906852 -0.064388583 0.029370433 -0.551940503 0.830874942
1317401135.204482079 292.102818819 165.072573898 -28.970579112 -0.063641467 0.029185688 -0.551323665 0.831348408
1317401135.308254957 292.427148747 164.311765222 -28.940736645 -0.062985577 0.028608745 -0.550659286 0.831858586
1317401135.412005901 292.721479509 163.611120999 -28.917061429 -0.062467829 0.028262081 -0.550166995 0.832235124
1317401135.515758991 293.051887245 162.832172358 -28.883697094 -0.061922212 0.027882046 -0.549289182 0.832868312
1317401135.619509935 293.383192707 162.069749739 -28.857587399 -0.060892391 0.028121140 -0.548669780 0.833344341
1317401135.723258972 293.723651972 161.283590745 -28.823209677 -0.060610757 0.029033534 -0.547559332 0.834063647
1317401135.827033043 294.087403307 160.470725674 -28.799673434 -0.059690099 0.030067094 -0.545414929 0.835497228
1317401135.930809021 294.456494715 159.650451147 -28.771487987 -0.059265960 0.031585257 -0.544968123 0.835762922
1317401136.034581900 294.840140234 158.815903214 -28.749755539 -0.058774110 0.033348526 -0.544850168 0.835806063
1317401136.138356924 295.182318287 158.034001516 -28.726088217 -0.058406504 0.034531083 -0.544432828 0.836055728
1317401136.242157936 295.545588358 157.271965209 -28.715852917 -0.058358473 0.034773254 -0.543509044 0.836649884
1317401136.345978975 295.880397532 156.519440035 -28.696742667 -0.059329369 0.034918418 -0.543076322 0.836856522
1317401136.449826002 296.220054375 155.765279729 -28.688402764 -0.059557089 0.034819583 -0.543703890 0.836436866
1317401136.553672075 296.565247295 155.003337849 -28.671379768 -0.060331652 0.034835493 -0.543585356 0.836457734
1317401136.657471895 296.924279055 154.209989180 -28.658580843 -0.060078404 0.034819610 -0.543937858 0.836247443
1317401136.761271000 297.398698129 153.158417122 -28.631288927 -0.059776496 0.034999684 -0.543280468 0.836688786
1317401136.865093946 297.578226289 152.750441831 -28.623602561 -0.059752401 0.035338450 -0.543956076 0.836237187
1317401136.968892813 298.037618931 151.731103659 -28.600212543 -0.059120152 0.035816092 -0.543631521 0.836472824
1317401137.072691917 298.346555187 151.032692496 -28.587658648 -0.059188288 0.036090485 -0.543882818 0.836292833
1317401137.176537037 298.690335430 150.275426613 -28.573588975 -0.059776146 0.036823722 -0.543430072 0.836513348
1317401137.280383348 299.022777738 149.543385528 -28.561914624 -0.060459344 0.037038331 -0.543319317 0.836526718
1317401137.384229898 299.358649008 148.815643878 -28.551605971 -0.061045020 0.037470086 -0.543186665 0.836551102
1317401137.488076687 299.697443009 148.064328482 -28.537715320 -0.060409644 0.036871798 -0.543525333 0.836403825
1317401137.591923952 300.027962046 147.323073826 -28.531330553 -0.059366462 0.036171754 -0.543354950 0.836619762
1317401137.695795059 300.357399695 146.580784591 -28.516779119 -0.059443598 0.036040417 -0.542953142 0.836880776
1317401137.799665928 300.681159927 145.847112839 -28.508782036 -0.059531001 0.036032882 -0.542416991 0.837222491
1317401137.903537035 301.017667176 145.114862781 -28.496037766 -0.060228009 0.036316970 -0.542691535 0.836982415
1317401138.007409096 301.355721541 144.356750772 -28.484322955 -0.060975743 0.036685946 -0.542389897 0.837107699
1317401138.111279011 301.687567159 143.619327479 -28.474881832 -0.061567337 0.036957235 -0.542133617 0.837218471
1317401138.215173006 302.016271286 142.896838413 -28.462804576 -0.061517774 0.037486234 -0.542016621 0.837274345
1317401138.319068909 302.366112153 142.132997004 -28.451495879 -0.061539547 0.037679529 -0.541790970 0.837410104
1317401138.422962904 302.697781831 141.414117072 -28.446245868 -0.062488400 0.037625229 -0.541837607 0.837312098
1317401138.526881933 303.051805541 140.648120025 -28.434649576 -0.063513100 0.037128906 -0.541707681 0.837341220
1317401138.630822897 303.402163005 139.869220032 -28.425266974 -0.064403128 0.037129531 -0.541315993 0.837526496
1317401138.734765053 303.822196321 138.939922774 -28.410541986 -0.064927690 0.037627212 -0.541292688 0.837478844
1317401138.838710070 304.178458286 138.169296172 -28.396869233 -0.065080126 0.038828754 -0.541840812 0.837057608
1317401138.942676067 304.527898869 137.400150012 -28.384387379 -0.065196920 0.039941772 -0.542244371 0.836734760
1317401139.046618223 304.877390510 136.626955134 -28.369465443 -0.066111991 0.040298051 -0.542310476 0.836603024
1317401139.150585890 305.312781218 135.658711112 -28.359771216 -0.066334728 0.039506049 -0.543195013 0.836049133
1317401139.254580021 305.653084123 134.901449092 -28.348450038 -0.066797587 0.039277149 -0.543564570 0.835782834
1317401139.358568907 306.022661051 134.108208603 -28.340336706 -0.067011129 0.039635616 -0.544418326 0.835192920
1317401139.462579966 306.399934733 133.282217781 -28.322565530 -0.067248934 0.040291079 -0.545770352 0.834259512
1317401139.566570997 306.823491215 132.331361420 -28.309935743 -0.067024993 0.040734678 -0.546177465 0.833989516
1317401139.670538902 307.179810752 131.549720602 -28.294699676 -0.066694552 0.040903145 -0.547139557 0.833376910
1317401139.774482012 307.609736778 130.541237266 -28.280554006 -0.066045329 0.040988091 -0.548093275 0.832797546
1317401139.878398895 307.969667112 129.770484486 -28.266162908 -0.065687342 0.041043076 -0.549598023 0.831830903
1317401139.982299089 308.431660669 128.740418578 -28.255610830 -0.065160560 0.041764205 -0.551150731 0.830808476
1317401140.086170912 308.752675816 127.947696256 -28.235651674 -0.064109328 0.042460541 -0.550963326 0.830979247
1317401140.190040112 309.191313943 126.937452172 -28.224455535 -0.063404932 0.042860284 -0.551791476 0.830463110
1317401140.293910980 309.521161208 126.165992859 -28.211260131 -0.063545312 0.043007976 -0.552415314 0.830029896
1317401140.397753954 309.866237115 125.350952920 -28.206139499 -0.063467240 0.042997094 -0.551749151 0.830479400
1317401140.501604080 310.217260682 124.534257320 -28.192346619 -0.063453508 0.043203894 -0.551534096 0.830612555
1317401140.605477095 310.640455716 123.552101675 -28.184543548 -0.062991522 0.043466421 -0.552424584 0.830042058
1317401140.709343910 310.961878875 122.785546830 -28.171009193 -0.062684655 0.043825513 -0.552698264 0.829864198
1317401140.813213110 311.294313280 121.992203808 -28.162256819 -0.062451497 0.043924044 -0.552017644 0.830329458
1317401140.917083979 311.626106341 121.218923769 -28.155040937 -0.062344707 0.044133145 -0.551769222 0.830491498
1317401141.020977974 312.052755949 120.222790709 -28.146481408 -0.061628610 0.044077886 -0.552912762 0.829787040
1317401141.124874353 312.367921185 119.477324186 -28.135862471 -0.061465573 0.044061395 -0.553859181 0.829168610
1317401141.228744984 312.677075787 118.721926887 -28.124767651 -0.061201260 0.043759783 -0.554079604 0.829056861
1317401141.332638025 312.999989626 117.936787672 -28.118232359 -0.060676256 0.042745392 -0.553985480 0.829211258
1317401141.436533928 313.315151517 117.180435225 -28.114347032 -0.061102185 0.042207761 -0.554640704 0.828769400
1317401141.540380001 313.648461746 116.362773223 -28.098317152 -0.058955257 0.041811815 -0.554070910 0.829325917
1317401141.644226074 313.958810479 115.613842700 -28.095707388 -0.057716820 0.042283981 -0.554778588 0.828915890
1317401141.748073101 314.291318867 114.812727010 -28.079490217 -0.056390028 0.042936909 -0.554537752 0.829134771
1317401141.851870060 314.618420514 114.030656388 -28.075823030 -0.055524441 0.042121922 -0.554183373 0.829471862
1317401141.955646992 314.951062918 113.224755309 -28.071587942 -0.055627325 0.041203109 -0.553649129 0.829867789
1317401142.059421301 315.264562958 112.467394725 -28.069641618 -0.055179786 0.040853447 -0.553309595 0.830141361
1317401142.163175106 315.602642682 111.669122156 -28.057041971 -0.054126463 0.040284340 -0.553427156 0.830160154
1317401142.266926050 315.984447880 110.736914125 -28.045403236 -0.052107363 0.039673262 -0.553007234 0.830598492
1317401142.370721102 316.312058740 109.949560511 -28.038095139 -0.051529826 0.040098063 -0.552458114 0.830979455
1317401142.474541903 316.614332413 109.166455229 -28.036120762 -0.050939926 0.041716761 -0.550369759 0.832320830
1317401142.578366041 316.946532922 108.358205450 -28.031340595 -0.049916770 0.043124430 -0.548349792 0.833643272
1317401142.682166100 317.359614637 107.546098112 -28.045628934 -0.048731216 0.043580300 -0.541015327 0.838467913
1317401142.785965919 317.689597561 106.784285740 -28.051036436 -0.048904746 0.043202171 -0.539554905 0.839417895
1317401142.889765024 318.037118307 106.037380903 -28.061286819 -0.049046988 0.042753012 -0.539232733 0.839639585
1317401142.993540049 318.380407854 105.279382133 -28.066522431 -0.049314767 0.042888733 -0.538217805 0.840267936
1317401143.097340107 318.826798017 104.391581096 -28.077582934 -0.048311725 0.044115048 -0.529416220 0.845835862
1317401143.201138020 319.187198547 103.646975258 -28.087429023 -0.048975652 0.045237611 -0.528023414 0.846608657
1317401143.304936886 319.640287047 102.811685060 -28.101607061 -0.048711395 0.046409479 -0.521093207 0.850843834
1317401143.408760071 320.035180265 102.043461526 -28.118033209 -0.049848309 0.047543312 -0.519286370 0.851819491
1317401143.512606859 320.468046083 101.238141460 -28.138617870 -0.050953788 0.048651049 -0.516823778 0.853188121
1317401143.616477013 320.861596628 100.475862815 -28.153244341 -0.052104315 0.049532400 -0.515423272 0.853914827
1317401143.720347881 321.336434523 99.595651014 -28.176504401 -0.053015436 0.050389835 -0.516426838 0.853201939
1317401143.824219942 321.734742921 98.829974900 -28.189866101 -0.053102500 0.050971339 -0.515959183 0.853444883
1317401143.928088903 322.274211702 97.813157564 -28.215796252 -0.053649264 0.051736894 -0.515973126 0.853356188
1317401144.031981707 322.670581149 97.056394465 -28.235468318 -0.054011336 0.052517380 -0.515764505 0.853411785
1317401144.135904074 323.184773181 96.094350810 -28.266693952 -0.054888814 0.053500106 -0.515843870 0.853246775
1317401144.239845037 323.532857691 95.448328444 -28.282175385 -0.056539139 0.054483122 -0.516542443 0.852653986
1317401144.343788147 323.954280285 94.655080949 -28.302955148 -0.057146071 0.055115332 -0.516519113 0.852587024
1317401144.447731018 324.345077588 93.923077668 -28.325397021 -0.057872172 0.055449802 -0.517361500 0.852005405
1317401144.551721334 324.755248656 93.156264348 -28.344297676 -0.059166367 0.055814788 -0.518258712 0.851347143
1317401144.655689001 325.157807330 92.402242766 -28.364864002 -0.059403494 0.055773484 -0.519550008 0.850545903
1317401144.759630919 325.582791149 91.566449965 -28.388370717 -0.060311404 0.055505236 -0.524828875 0.847252238
1317401144.863598108 325.961796197 90.827112994 -28.400721966 -0.060726681 0.055017643 -0.526992058 0.845910575
1317401144.967564106 326.406186378 89.939686477 -28.425156928 -0.061274288 0.054457662 -0.532544084 0.842423067
1317401145.071529865 326.755005440 89.188161359 -28.431648145 -0.062399190 0.054041244 -0.535778597 0.840313739
1317401145.175497055 327.106672160 88.407284440 -28.441792490 -0.063344439 0.054076182 -0.539206449 0.838045139
1317401145.279463053 327.527024274 87.568165417 -28.454821921 -0.062770905 0.053763036 -0.544795836 0.834485978
1317401145.383407116 327.853282222 86.773331173 -28.456945799 -0.061662789 0.053641353 -0.550166938 0.831045514
1317401145.487349987 328.194431920 86.007294801 -28.465060584 -0.060402711 0.053554840 -0.552050223 0.829893934
1317401145.591291904 328.550783110 85.152617715 -28.469712492 -0.059787797 0.052353001 -0.559060301 0.825309737
1317401145.695209026 328.869873759 84.366124543 -28.475674236 -0.059232331 0.051340595 -0.562596127 0.823007456
1317401145.799127102 329.179918095 83.553207889 -28.479959469 -0.058473374 0.050296000 -0.566772128 0.820256381
1317401145.902998924 329.478944503 82.768562684 -28.477065529 -0.056629909 0.049135517 -0.568725585 0.819103146
1317401146.006820917 329.780915647 81.981457688 -28.482117785 -0.055112039 0.048922210 -0.570609361 0.817908453
1317401146.110646009 330.073140884 81.194791809 -28.477584485 -0.053048603 0.048658684 -0.571996304 0.817091431
1317401146.214467049 330.354306731 80.428356836 -28.478653657 -0.051182259 0.048389174 -0.572273226 0.817032569
1317401146.318289995 330.638592452 79.668166326 -28.482438303 -0.049834961 0.047862041 -0.573191270 0.816503197
1317401146.422091007 330.910222304 78.921336843 -28.482072816 -0.048719117 0.047250150 -0.573049595 0.816705597
1317401146.525866032 331.178466406 78.179761701 -28.484306754 -0.047296039 0.046302000 -0.573189468 0.816745397
1317401146.629642010 331.446497273 77.432286647 -28.486895757 -0.046128611 0.046011622 -0.573113682 0.816881748
1317401146.733417034 331.713757939 76.699412194 -28.488178803 -0.044994025 0.045504294 -0.573144509 0.816951816
1317401146.837188959 331.982146510 75.973591328 -28.490096544 -0.044513580 0.045559928 -0.573012762 0.817067445
1317401146.940965891 332.246957035 75.247287429 -28.490842793 -0.043978975 0.045639674 -0.573197353 0.816962462
1317401147.044761896 332.540057010 74.462328273 -28.493994382 -0.043102244 0.045069651 -0.572972231 0.817198718
1317401147.148560047 332.800513174 73.749515051 -28.502027161 -0.042333781 0.045010113 -0.573515176 0.816861239
1317401147.252335072 333.050436130 73.038406491 -28.504638432 -0.041620326 0.045004443 -0.573158859 0.817148255
1317401147.356108904 333.220267536 72.555422040 -28.503847670 -0.040952865 0.044828772 -0.573133580 0.817209363
1317401147.459884882 333.464027799 71.890480327 -28.512644838 -0.040502972 0.044294427 -0.572968084 0.817376955
1317401147.563637018 333.615358985 71.462023671 -28.505745454 -0.039902141 0.042960325 -0.572939293 0.817497888
1317401147.667365074 333.749910617 71.074997437 -28.502205317 -0.039663467 0.041649010 -0.572902659 0.817603029
1317401147.771090031 333.877537152 70.718837940 -28.501789176 -0.039782282 0.040816781 -0.572997952 0.817572448
1317401147.874814034 333.995356056 70.335867446 -28.501412654 -0.038599412 0.040797945 -0.571924737 0.818381151
1317401147.978518009 334.129504712 69.944867112 -28.505603028 -0.037377349 0.041677046 -0.571512548 0.818681479
1317401148.082196951 334.191819019 69.487290284 -28.488424066 -0.035366383 0.041762836 -0.568317169 0.820987625
1317401148.185852051 334.311424576 69.042640132 -28.474526494 -0.033551275 0.040701957 -0.564031231 0.824067007
1317401148.289484024 334.470645039 68.651074120 -28.471673367 -0.033416241 0.040681239 -0.554054502 0.830814059
1317401148.393090010 334.663610116 68.363215692 -28.483584690 -0.034328037 0.040961451 -0.544473702 0.837073553
1317401148.496696949 334.866787473 67.955292252 -28.498246751 -0.034917054 0.041199940 -0.530987767 0.845656760
1317401148.600352049 335.062439703 67.587487680 -28.520632393 -0.035238584 0.041993466 -0.516449004 0.854561418
1317401148.704004049 335.242844608 67.262303946 -28.534987798 -0.035286083 0.043906565 -0.500189860 0.864081715
1317401148.807660103 335.527508595 66.932205935 -28.564133233 -0.034873956 0.046806837 -0.482570503 0.873909971
1317401148.911365986 335.791805654 66.602845306 -28.586334094 -0.034692238 0.050405299 -0.464152418 0.883639229
1317401149.015068054 335.907830766 66.269924517 -28.580235932 -0.034527348 0.054180726 -0.446025128 0.892711541
1317401149.118771315 336.166605633 65.977507787 -28.596601627 -0.034841499 0.057704646 -0.426623395 0.901913922
1317401149.222520113 336.461243026 65.739727856 -28.626249227 -0.035553260 0.059662513 -0.407355619 0.910624923
1317401149.326270103 336.785675784 65.502601846 -28.667636478 -0.035848913 0.060715465 -0.386750307 0.919485012
1317401149.430011034 336.980865254 65.254913469 -28.687374862 -0.035184600 0.061894318 -0.366147694 0.927829189
1317401149.533739090 337.247439137 64.948415089 -28.714838253 -0.033805865 0.063305785 -0.346686833 0.935231405
1317401149.637475014 337.573080986 64.751604913 -28.752733753 -0.033036508 0.065312061 -0.326335506 0.942416076
1317401149.741225958 337.888424536 64.499862248 -28.788682227 -0.032704765 0.066522591 -0.305489011 0.949305856
1317401149.844979048 338.183925816 64.325352030 -28.827371150 -0.032768134 0.066980664 -0.284227171 0.955852894
1317401149.948753119 338.456193653 64.144666391 -28.865497887 -0.031647913 0.066756223 -0.263534697 0.961816760
1317401150.052500963 338.785830294 63.891315658 -28.905697673 -0.028611487 0.066331964 -0.240124590 0.968050430
1317401150.156229019 339.130299430 63.738668838 -28.943683604 -0.024806590 0.065955748 -0.218871299 0.973205953
1317401150.259979963 339.511229839 63.551515111 -28.987196958 -0.022102491 0.066051031 -0.193663514 0.978592451
1317401150.363730907 339.899857370 63.353020810 -29.037113725 -0.022042610 0.066760525 -0.168679033 0.983160485
1317401150.467458010 340.334713233 63.272943652 -29.105903412 -0.023032094 0.068403901 -0.143916368 0.986954157
1317401150.571186066 340.779639622 63.167923334 -29.181622479 -0.022463644 0.069781386 -0.119135532 0.990168000
1317401150.674936056 341.259686692 63.011134057 -29.241591379 -0.018348236 0.070672400 -0.094045560 0.992886795
1317401150.778733015 341.702089755 62.936012530 -29.292782278 -0.013744284 0.072359749 -0.069240993 0.994877302
1317401150.882580042 342.204382553 62.857851546 -29.349952004 -0.010962345 0.075773764 -0.045981342 0.996003956
1317401150.986474991 342.749742472 62.817471122 -29.431140758 -0.010346896 0.078012988 -0.024159759 0.996605851
1317401151.090418100 343.321411847 62.747930308 -29.524424514 -0.009207784 0.079209007 -0.001197491 0.996814785
1317401151.194360971 343.911636354 62.805728577 -29.626383490 -0.007035745 0.080800699 0.016036929 0.996576421
1317401151.298304081 344.473893520 62.806438055 -29.706501867 -0.001653778 0.083387862 0.034283094 0.995925900
1317401151.402296066 345.092002155 62.836520737 -29.802286775 0.003744030 0.084878855 0.052638220 0.994992854
1317401151.506283998 345.767304187 62.859071939 -29.908723495 0.007699691 0.084389822 0.072133020 0.993788660
1317401151.610253096 346.375637379 62.961389304 -30.007455483 0.011347526 0.083392450 0.090483780 0.992335436
1317401151.714268923 347.002241122 63.042656273 -30.113116424 0.012955997 0.081166353 0.108074504 0.990739152
1317401151.818305969 347.653962586 63.220292468 -30.231855365 0.012997641 0.079918435 0.122534860 0.989155859
1317401151.922366858 348.398102134 63.401630279 -30.355560317 0.013554481 0.081066512 0.137479746 0.987088555
1317401152.026478052 349.108306641 63.625900158 -30.469722089 0.014082742 0.084234827 0.150774719 0.984872151
1317401152.130589008 349.832723885 63.846579404 -30.583842242 0.014638227 0.087101621 0.161693379 0.982880604
1317401152.234724045 350.513984927 64.071814237 -30.700537891 0.014682040 0.088726566 0.172228704 0.980943071
1317401152.338882923 351.363129565 64.397847260 -30.847273389 0.015792670 0.088844696 0.181520221 0.979238286
1317401152.443017960 352.063322176 64.690126461 -30.972892071 0.016778077 0.087086504 0.187372153 0.978277115
1317401152.547152996 352.798804645 65.004854161 -31.110052320 0.017997440 0.086092646 0.195375701 0.976776578
1317401152.651335955 353.596466216 65.322471945 -31.251959833 0.017629371 0.085744088 0.200085201 0.975860169
1317401152.755542040 354.412106376 65.704919782 -31.403369678 0.016867270 0.088075368 0.204905325 0.974665087
1317401152.859747887 355.040437128 65.982131532 -31.502785182 0.016432983 0.090797218 0.205218886 0.974356727
1317401152.964001894 355.849144493 66.370257838 -31.652872224 0.014429200 0.092330051 0.206144124 0.974049054
1317401153.068281889 356.611311154 66.710598480 -31.788761886 0.013366046 0.091555481 0.206535624 0.974054402
1317401153.172537088 357.396887794 67.087583652 -31.937715781 0.014638666 0.088451373 0.206278263 0.974377413
1317401153.276767969 358.213462106 67.464210443 -32.094988520 0.014119249 0.086961299 0.204871269 0.974815953
1317401153.380975962 359.124959993 67.861318707 -32.253506481 0.014304314 0.087878401 0.205340643 0.974632235
1317401153.485181093 359.898963292 68.211520558 -32.386423798 0.014510039 0.088081259 0.204654814 0.974755127
1317401153.589361906 360.574436069 68.532338582 -32.502525764 0.014794055 0.087384201 0.204443493 0.974857936
1317401153.693496943 361.328181478 68.868961608 -32.639174363 0.013525886 0.087338637 0.204535043 0.974861236
1317401153.797609329 362.081834349 69.225083973 -32.764189449 0.013683412 0.089396745 0.201913110 0.975218992
1317401153.901695967 362.973619167 69.661722158 -32.922177357 0.013313797 0.094389664 0.197676516 0.975621509
1317401154.005733967 364.027356478 70.108554668 -33.101972773 0.014248605 0.098050195 0.196349752 0.975515203
1317401154.109750986 364.733650161 70.416753312 -33.232758848 0.014957458 0.097543269 0.195422828 0.975741515
1317401154.213768959 365.463763787 70.746471045 -33.378934403 0.015689715 0.093288682 0.192732704 0.976680685
1317401154.317759991 366.240171894 71.070103992 -33.525430881 0.015160721 0.090555159 0.191532209 0.977182341
1317401154.421724081 367.133643618 71.366131976 -33.689064303 0.013019873 0.091094629 0.183517472 0.978699948
1317401154.525690079 367.912283013 71.698499216 -33.825688038 0.010734345 0.092311437 0.182332681 0.978835107
1317401154.629631042 368.936788767 72.106114419 -34.011354574 0.008650095 0.092774192 0.183329928 0.978625701
1317401154.733550072 369.697141929 72.413448540 -34.147497798 0.008402884 0.091368940 0.183004026 0.978821043
1317401154.837445974 370.425298228 72.698250790 -34.288814487 0.009276346 0.090169379 0.182363874 0.979043845
1317401154.941315889 371.195413028 72.996453190 -34.409920947 0.010333053 0.090586800 0.182453418 0.978978044
1317401155.045186043 371.912544808 73.274684456 -34.540978664 0.010898807 0.092387900 0.182822181 0.978734766
1317401155.149055958 372.665461222 73.558422158 -34.665747286 0.011524653 0.093852425 0.183213965 0.978514971
1317401155.252928019 373.387104416 73.861232095 -34.797711055 0.012898776 0.094315425 0.182645840 0.978559512
1317401155.356797934 374.126933216 74.139041477 -34.931119783 0.013674552 0.093648744 0.183340757 0.978483054
1317401155.460669041 374.861589279 74.433902651 -35.070345626 0.013492423 0.094094833 0.182843533 0.978535824
1317401155.564564943 375.610602966 74.729748272 -35.202510128 0.013472267 0.096134085 0.182451328 0.978411084
1317401155.668461084 376.351487827 75.014508676 -35.328678447 0.014256258 0.096736269 0.182939934 0.978249372
1317401155.772332907 377.085138582 75.309286983 -35.465300062 0.014874080 0.095700228 0.182738296 0.978379754
1317401155.876178026 377.818150838 75.595122619 -35.596255426 0.014550870 0.093618753 0.183451742 0.978452482
1317401155.980026007 378.559668120 75.884061800 -35.737363160 0.014159363 0.093647499 0.183469879 0.978452074
1317401156.083873034 379.280939300 76.172278254 -35.859137969 0.014305560 0.094857831 0.183375587 0.978351030
1317401156.187717915 380.017319064 76.452836867 -35.985277642 0.014934923 0.095587459 0.183767579 0.978197047
1317401156.291539907 380.725035545 76.744723288 -36.109421618 0.014725804 0.095555628 0.183738484 0.978208793
1317401156.395339012 381.470990517 77.027800646 -36.243272621 0.014503340 0.096064844 0.184481895 0.978022305
1317401156.499161005 382.176234229 77.314998368 -36.365625934 0.013541126 0.096599815 0.184748523 0.977933074
1317401156.602961063 382.915869177 77.599939268 -36.499839710 0.013214512 0.097231465 0.185227850 0.977784262
1317401156.706758976 383.642234168 77.889916277 -36.633439570 0.012658757 0.098108401 0.185518204 0.977648962
1317401156.810555935 384.333918947 78.176101590 -36.752679976 0.012560999 0.098234390 0.185892699 0.977566433
1317401156.914330006 384.737249586 78.325431450 -36.829162046 0.012486121 0.098279369 0.186291739 0.977486905
1317401157.018059015 385.134553605 78.484255038 -36.898227403 0.012825673 0.098385653 0.185957865 0.977535390
1317401157.121762037 385.491020194 78.600566007 -36.959860489 0.013837266 0.097638294 0.187544397 0.977293402
1317401157.225486040 385.607467334 78.800176610 -36.989009330 0.014711880 0.096675690 0.207852156 0.973259910
1317401157.329189777 385.859206014 78.973332979 -37.024105924 0.014971242 0.095181674 0.218399469 0.971091130
1317401157.432893991 386.266130001 79.125496859 -37.111896963 0.014865314 0.093479658 0.230157482 0.968539163
1317401157.536597967 386.634975576 79.376366834 -37.186694340 0.016197121 0.093298205 0.243487857 0.965270305
1317401157.640281200 387.015929557 79.630738256 -37.255668138 0.017015398 0.093568905 0.258320446 0.961366675
1317401157.743958950 387.444695324 79.902072675 -37.337063662 0.017075785 0.093957111 0.273296386 0.957177917
1317401157.847608089 387.820430424 80.161942113 -37.402934829 0.016390855 0.094472894 0.288064240 0.952798618
1317401157.951261997 388.281689517 80.445570598 -37.485178802 0.015874779 0.094866264 0.306476130 0.947006212
1317401158.054943085 388.600996322 80.754046025 -37.557981898 0.016017948 0.093996135 0.328045712 0.939837306
1317401158.158623934 388.936857154 81.126769820 -37.630387148 0.014983905 0.093594070 0.347604568 0.932837980
1317401158.262301922 389.177799772 81.400156709 -37.687454092 0.013660969 0.093675549 0.363565761 0.926746031
1317401158.366003036 389.538444870 81.659908814 -37.755565513 0.012797994 0.094068301 0.385020828 0.918012161
1317401158.469728947 389.878932413 82.052786590 -37.829867039 0.013390746 0.094227072 0.403771886 0.909895714
1317401158.573456049 390.219074674 82.377730522 -37.898683969 0.014982861 0.093951543 0.422130991 0.901528728
1317401158.677182913 390.429026243 82.761667350 -37.957094460 0.016520427 0.093362136 0.442668686 0.891658579
1317401158.780909061 390.767948129 83.111930354 -38.036083916 0.016965055 0.092943591 0.463739895 0.880919398
1317401158.884634972 390.929374885 83.509319361 -38.088075085 0.017424962 0.093206505 0.484701076 0.869525034
1317401158.988365173 391.327721302 83.981527306 -38.182247699 0.018943159 0.094018467 0.504462135 0.858090694
1317401159.092068911 391.527489742 84.469612097 -38.235907035 0.022023485 0.095152468 0.523954706 0.846127910
1317401159.195746899 391.808907686 84.918483417 -38.308140284 0.025381416 0.094450710 0.545236025 0.832557820
1317401159.299424887 392.057443327 85.411302241 -38.386754583 0.029028255 0.092283867 0.565738665 0.818889987
1317401159.403103113 392.243511122 85.998015241 -38.464372940 0.034391861 0.089775259 0.590479219 0.801306368
1317401159.506782055 392.396350928 86.537899931 -38.518656844 0.038454033 0.087527275 0.611873294 0.785156886
1317401159.610510111 392.559229276 87.123146964 -38.586338830 0.040553825 0.085015176 0.632806590 0.768559449
1317401159.714282990 392.706294669 87.740451498 -38.640523240 0.041107060 0.083443634 0.653709061 0.751007212
1317401159.818056107 392.736052273 88.374166641 -38.681662225 0.041871775 0.082774034 0.673249817 0.733573376
1317401159.921855927 392.799478135 89.023015053 -38.714511186 0.042536399 0.082140116 0.692564591 0.715400548
1317401160.025725842 392.799699364 89.637140729 -38.748193567 0.042827333 0.081734742 0.707308861 0.700856210
1317401160.129668951 392.772470037 90.324064172 -38.766586282 0.043167933 0.080635264 0.722773771 0.685005519
1317401160.233661890 392.728378329 90.978690125 -38.800185625 0.044546103 0.078350850 0.737835136 0.668936545
1317401160.337702990 392.628067778 91.644753983 -38.819085610 0.046293981 0.075716370 0.751100623 0.654195500
1317401160.441787958 392.576381823 92.321349057 -38.855437923 0.047700270 0.074380769 0.762225622 0.641252124
1317401160.545945883 392.445594618 93.015284522 -38.862221660 0.048097816 0.073779195 0.771345288 0.630293327
1317401160.650177002 392.292928412 93.773133524 -38.876132009 0.047654372 0.074597819 0.778386140 0.621513671
1317401160.754456043 392.123509633 94.378656306 -38.869906027 0.046783479 0.075814233 0.780336603 0.618981660
1317401160.858758926 391.950918964 95.153840029 -38.878881313 0.046759173 0.076563914 0.785459748 0.612376135
1317401160.963094950 391.756883961 95.885292688 -38.888245189 0.046559590 0.076511670 0.788298178 0.608739806
1317401161.067445993 391.524460484 96.647365623 -38.893758900 0.046669824 0.076484353 0.789818162 0.606761356
1317401161.171761990 391.314991400 97.425170511 -38.905630866 0.047016801 0.076249864 0.790735073 0.605568678
1317401161.276066065 391.096172110 98.172220389 -38.914625790 0.046689852 0.076002268 0.790764261 0.605586985
1317401161.380369902 390.895151910 98.940581130 -38.925008499 0.046697961 0.076442323 0.790963028 0.605271312
1317401161.484622955 390.682806641 99.702386499 -38.936036035 0.046568908 0.076892206 0.790767792 0.605479335
1317401161.588829041 390.462100809 100.494846856 -38.939668477 0.047145791 0.077744883 0.790654543 0.605473700
1317401161.693037033 390.254029781 101.273377706 -38.953970104 0.047806688 0.078744349 0.790430764 0.605584886
1317401161.797219038 390.043625009 102.084291028 -38.965347257 0.048314726 0.079619115 0.790495987 0.605345008
1317401161.901352882 389.826214299 102.851147306 -38.976870219 0.048305021 0.080829384 0.790204410 0.605566038
1317401162.005464077 389.608417298 103.681618362 -38.988657880 0.048596311 0.082135890 0.789977652 0.605662781
1317401162.109575987 389.401540522 104.462095887 -39.000931838 0.048914102 0.082860899 0.789921421 0.605611783
1317401162.213660002 389.180910416 105.282900544 -39.016997707 0.049579369 0.083691966 0.790006322 0.605332596
1317401162.317723989 388.895478830 106.310136999 -39.034242272 0.049741171 0.084413107 0.789986142 0.605245520
1317401162.421761990 388.680775578 107.123597582 -39.049712341 0.049798189 0.085029801 0.790000812 0.605135348
1317401162.525778294 388.450082853 107.959169422 -39.063488052 0.050349051 0.086137282 0.789991197 0.604945659
1317401162.629768848 388.236081121 108.764862067 -39.080293582 0.051002947 0.086441833 0.790135588 0.604658797
1317401162.733736038 387.932517564 109.917933251 -39.105350214 0.052707953 0.087264137 0.790441249 0.603994597
1317401162.837680101 387.628147667 111.003206654 -39.123559273 0.052997472 0.087183106 0.790432444 0.603992487
1317401162.941597939 387.334979377 112.102880166 -39.143267856 0.052976955 0.088657162 0.790987006 0.603052988
1317401163.045492887 387.121082379 112.865243566 -39.150905325 0.052108943 0.089736809 0.790998125 0.602954335
1317401163.149363041 386.892867599 113.699950962 -39.166443652 0.051398097 0.091198424 0.791499942 0.602136965
1317401163.253210068 386.653568830 114.566249531 -39.187838719 0.051699960 0.091623065 0.790949623 0.602769461
1317401163.357057095 386.334628099 115.707774951 -39.214006903 0.051655543 0.091507040 0.791453508 0.602129149
1317401163.460926056 386.030622123 116.799122716 -39.239805669 0.050503438 0.091715739 0.792015469 0.601455836
1317401163.564798117 385.714077418 117.909221043 -39.259281921 0.048893908 0.092495564 0.792867908 0.600345265
1317401163.668669939 385.419370200 119.008775003 -39.283305998 0.048537106 0.092699256 0.794141034 0.598657677
1317401163.772515059 385.114966657 120.012961218 -39.302366424 0.050352528 0.091234351 0.796367136 0.595768664
1317401163.876362085 384.832043344 120.959338475 -39.325039259 0.052411375 0.089189147 0.796630801 0.595548244
1317401163.980232954 384.464532664 121.919459889 -39.329217392 0.053233469 0.088658720 0.801499395 0.588986035
1317401164.084103823 384.209257715 122.782661174 -39.337341015 0.052814692 0.089393557 0.802604667 0.587405438
1317401164.187973976 383.887237720 123.836688838 -39.346060192 0.052059671 0.089606429 0.803810679 0.585789101
1317401164.291845083 383.544223894 124.932899178 -39.361513241 0.052101050 0.089538894 0.805256616 0.583806516
1317401164.395716906 383.212694964 125.964985101 -39.372245545 0.051941802 0.088978755 0.806793537 0.581780903
1317401164.499587059 382.811434383 127.190123080 -39.382659982 0.051092978 0.088081996 0.808199561 0.580038394
1317401164.603458166 382.556374146 127.909943251 -39.382056598 0.050619192 0.088614280 0.808153050 0.580063664
1317401164.707329035 382.195248187 128.999493034 -39.392070653 0.049245269 0.088866489 0.809670576 0.578023537
1317401164.811248779 381.831609277 130.038503973 -39.407305251 0.047885268 0.088381443 0.811054402 0.576269450
1317401164.915215015 381.524523883 130.882060578 -39.412902711 0.047357760 0.087188765 0.810575817 0.577167399
1317401165.019181967 381.152777529 131.953698550 -39.425752705 0.047095181 0.085515350 0.811689427 0.575872766
1317401165.123147011 380.862183319 132.772153612 -39.429066815 0.046482066 0.085165073 0.811492400 0.576252038
1317401165.227113962 380.478491297 133.857322220 -39.441555697 0.043888860 0.086024870 0.811831510 0.575849885
1317401165.331083059 380.193931032 134.650059402 -39.438055156 0.042041281 0.086324111 0.811783416 0.576010732
1317401165.435048103 379.916459923 135.409417895 -39.454838650 0.041539084 0.085785426 0.811778218 0.576134958
1317401165.539015055 379.630138531 136.204718323 -39.461711550 0.042030111 0.084670847 0.811406066 0.576788101
1317401165.643007040 379.360351158 137.001060666 -39.476740436 0.041666767 0.084246271 0.812097398 0.575902998
1317401165.747021914 379.066194365 137.807696859 -39.475983353 0.040259205 0.084063673 0.811543083 0.576810472
1317401165.851036072 378.797803841 138.572145478 -39.487611490 0.039161826 0.083696920 0.811483698 0.577022864
1317401165.955049992 378.515442131 139.368958619 -39.493671085 0.039377950 0.082504236 0.810970684 0.577900491
1317401166.059063911 378.260621031 140.134206056 -39.513023882 0.039834690 0.081594630 0.811010468 0.577942501
1317401166.163079977 377.989411687 140.917207255 -39.528110038 0.039576013 0.080510439 0.811058245 0.578045268
1317401166.267095089 377.710467495 141.708008909 -39.541023239 0.039009332 0.080358516 0.811140566 0.577989415
1317401166.371085882 377.434080909 142.510936149 -39.550561394 0.038383342 0.080583506 0.810751271 0.578545932
1317401166.475075722 377.167651138 143.295708706 -39.574384537 0.037097837 0.078741479 0.810767479 0.578860627
1317401166.579067945 376.906796621 144.060471202 -39.583349267 0.037028307 0.077635687 0.810639204 0.579193997
1317401166.683058023 376.581804798 144.805434272 -39.596793690 0.036971345 0.076655002 0.807621455 0.583527819
1317401166.787096024 376.325468467 145.606222357 -39.610123735 0.035790218 0.075895558 0.807182626 0.584307395
1317401166.891134977 376.052371243 146.395757345 -39.629066050 0.034519215 0.077702757 0.806081733 0.585664533
1317401166.995173931 375.799275211 147.175242001 -39.641229527 0.032291332 0.079606655 0.805532022 0.586291917
1317401167.099210978 375.540180722 147.958937402 -39.659248053 0.030876554 0.081142337 0.804717376 0.587275493
1317401167.203226089 375.285075526 148.742972067 -39.681929079 0.031002037 0.081524879 0.804076440 0.588093229
1317401167.307265997 375.044438975 149.481633911 -39.712101725 0.031601201 0.081919556 0.803215894 0.589181447
1317401167.411303997 374.795008172 150.265540752 -39.740707139 0.032117048 0.081882230 0.802719988 0.589834228
1317401167.515317917 374.561133665 151.022663232 -39.769476467 0.032601428 0.082380092 0.802204759 0.590438983
1317401167.619307041 374.300660913 151.804711715 -39.793197229 0.032729705 0.082113958 0.801636475 0.591240244
1317401167.723248959 374.059269290 152.581830649 -39.827634078 0.032642510 0.082121607 0.801340577 0.591644985
1317401167.827193022 373.803838255 153.376015044 -39.852895858 0.032797251 0.082834503 0.800927755 0.592095868
1317401167.931137085 373.567205549 154.157991289 -39.883245257 0.032570212 0.083743071 0.800344400 0.592769029
1317401168.035080910 373.312112007 154.966967612 -39.907232732 0.032241105 0.084443692 0.799789700 0.593435936
1317401168.139023066 373.076359166 155.756159209 -39.939329221 0.031806645 0.084801656 0.800016808 0.593102118
1317401168.242940903 372.832990045 156.540093107 -39.964215866 0.031759006 0.085895909 0.800234672 0.592653126
1317401168.346882105 372.580565568 157.334743071 -39.995386453 0.030844967 0.086321127 0.800347515 0.592487220
1317401168.450824976 372.342333405 158.108010543 -40.027042243 0.030577668 0.086656501 0.800728787 0.591936708
1317401168.554769039 372.109886120 158.877755648 -40.058019922 0.030193872 0.086717290 0.801039610 0.591526825
1317401168.658710957 371.862646053 159.661825071 -40.092482519 0.030380538 0.086323586 0.801397171 0.591090378
1317401168.762653112 371.595962466 160.497612434 -40.132777908 0.030731364 0.085811628 0.801798006 0.590603001
1317401168.866642952 371.351798688 161.256855284 -40.160540814 0.031208744 0.085447163 0.802107232 0.590210797
1317401168.970633984 371.098959660 162.038378675 -40.195513724 0.031470508 0.084943314 0.802833950 0.589280823
1317401169.074626923 370.851948289 162.822081035 -40.226138022 0.031770958 0.083746483 0.803060840 0.589126829
1317401169.178641081 370.610039127 163.573702556 -40.259708310 0.031691961 0.082448632 0.803066805 0.589305990
1317401169.282632113 370.345286820 164.387169859 -40.287498317 0.031400199 0.083590733 0.802944778 0.589326990
1317401169.386624098 370.113106868 165.147987677 -40.321687083 0.029946726 0.085020221 0.802930783 0.589217204
1317401169.490612984 369.856961257 165.934833826 -40.343261589 0.027979781 0.085884155 0.802991361 0.589106033
1317401169.594580889 369.610693448 166.683735733 -40.380772981 0.027832826 0.085326586 0.802841614 0.589398040
1317401169.698548079 369.365374790 167.471054314 -40.422996992 0.028605662 0.084663899 0.802912070 0.589360627
1317401169.802515030 369.117149073 168.245258405 -40.462735152 0.029307151 0.083999755 0.802861596 0.589489940
1317401169.906481981 368.869724338 169.012599191 -40.494773499 0.029235261 0.083500804 0.802919314 0.589485784
1317401170.010425091 368.609735735 169.824677802 -40.531746758 0.028457796 0.083416132 0.803165687 0.589200121
1317401170.114368916 368.349306567 170.640169269 -40.568750976 0.027585009 0.083431645 0.803476519 0.588815516
1317401170.218337059 368.030905641 171.650055068 -40.612885856 0.027184982 0.083844983 0.803115854 0.589267275
1317401170.322326899 367.781011792 172.429990641 -40.652009479 0.027358386 0.083432763 0.803135034 0.589291616
1317401170.426315069 367.525563153 173.228291511 -40.694218769 0.027263417 0.082514432 0.803260787 0.589253920
1317401170.530257940 367.263906325 174.052472933 -40.732940302 0.027369048 0.081953151 0.803443094 0.589078782
1317401170.634202003 366.923251329 175.090242098 -40.779481096 0.028115618 0.082260468 0.803337301 0.589145065
1317401170.738168001 366.677085328 175.874854976 -40.814484367 0.028970329 0.082161343 0.803150474 0.589372167
1317401170.842112064 366.416606657 176.682900411 -40.849579944 0.029118217 0.081800038 0.803444866 0.589013778
1317401170.946028948 366.165028148 177.474741401 -40.879643990 0.029048803 0.081787352 0.803615364 0.588786330
1317401171.049947023 365.915210589 178.294470924 -40.911154040 0.028950320 0.082924392 0.803481852 0.588814349
1317401171.153867960 365.594885858 179.292928725 -40.949539006 0.029277580 0.083855554 0.803187500 0.589067831
1317401171.257786989 365.336079412 180.087591171 -40.981196420 0.029312626 0.084191978 0.802909911 0.589396433
1317401171.361704111 365.086407545 180.891984483 -41.017238712 0.029385355 0.084580191 0.803098158 0.589080675
1317401171.465600014 364.830492810 181.693143949 -41.044992657 0.029128882 0.085387651 0.803208119 0.588826948
1317401171.569494009 364.596777237 182.433213485 -41.080233333 0.028023199 0.085888992 0.803260021 0.588736885
1317401171.673388958 364.341642554 183.239773964 -41.111768459 0.027179535 0.086010300 0.803451975 0.588496750
1317401171.777283907 364.091202498 184.007590559 -41.150310823 0.027178689 0.086765463 0.803358591 0.588513422
1317401171.881203890 363.839648817 184.798055255 -41.182864312 0.027316195 0.086973035 0.803621680 0.588117090
1317401171.985121965 363.587880623 185.568609721 -41.228350825 0.027851023 0.086983057 0.803327719 0.588492009
1317401172.089063883 363.336821758 186.355283867 -41.261030335 0.028413755 0.086176260 0.803384345 0.588506504
1317401172.193006039 363.098155971 187.085491304 -41.302767973 0.028385494 0.086671647 0.803424296 0.588380565
1317401172.296924114 362.837494841 187.907464123 -41.333431001 0.027408066 0.087517506 0.803277315 0.588502370
1317401172.400844097 362.586764365 188.688173782 -41.368571777 0.026038895 0.087767639 0.803571364 0.588125735
1317401172.504786968 362.307555258 189.547373250 -41.411519356 0.026199526 0.087700056 0.803394079 0.588370834
1317401172.608728886 361.990943805 190.534482836 -41.464839706 0.026164552 0.087892697 0.803422990 0.588304163
1317401172.712647915 361.738604733 191.330561170 -41.502756287 0.025628464 0.088752204 0.803302384 0.588363415
1317401172.816589117 361.486446012 192.104584575 -41.541298816 0.024482983 0.088751413 0.803464324 0.588191168
1317401172.920531988 361.232810334 192.895777899 -41.585037120 0.024729506 0.088443782 0.803439164 0.588261556
1317401173.024476051 360.971345577 193.684770185 -41.632344373 0.024683227 0.088048680 0.803724098 0.587933451
1317401173.128443956 360.708528647 194.508919793 -41.670033663 0.024242978 0.088567391 0.803225685 0.588554666
1317401173.232410908 360.453620649 195.329323309 -41.712716677 0.023343293 0.089633725 0.803112615 0.588583905
1317401173.336376905 360.174812496 196.169707864 -41.753442743 0.022818247 0.090109212 0.803332998 0.588231037
1317401173.440342903 359.913921182 196.977129007 -41.806920019 0.022263863 0.089817946 0.803527859 0.588030643
1317401173.544308901 359.666125841 197.750747009 -41.846288128 0.022959896 0.089765249 0.803539823 0.587995575
1317401173.648277044 359.410403872 198.538922237 -41.893905841 0.023916544 0.089061551 0.803707333 0.587835489
1317401173.752243996 359.153397197 199.332520434 -41.936825733 0.024369635 0.088234054 0.803545682 0.588162571
1317401173.856209993 358.895211077 200.127120574 -41.978816982 0.023962934 0.088401553 0.803495183 0.588223116
1317401173.960175991 358.644571953 200.907456034 -42.022668843 0.022825735 0.089610516 0.803532193 0.588034826
1317401174.064143896 358.392297106 201.698144558 -42.067367894 0.021242003 0.090536494 0.803748081 0.587657164
1317401174.168112040 358.136364127 202.485849712 -42.110753255 0.020553254 0.091318423 0.803745580 0.587564083
1317401174.272078991 357.879842740 203.275905249 -42.160945370 0.020160808 0.091804932 0.803891980 0.587301524
1317401174.376023054 357.632497032 204.053462209 -42.212110594 0.020278476 0.092423188 0.803907221 0.587179630
1317401174.479963064 357.377210983 204.816140051 -42.258892967 0.020293228 0.092664646 0.804064169 0.586926112
1317401174.583928108 357.122865935 205.588823085 -42.309198093 0.021107905 0.092736708 0.804348093 0.586496807
1317401174.687870979 356.885938065 206.315160278 -42.357915108 0.021882939 0.091807814 0.804464317 0.586455134
1317401174.791815281 356.622590534 207.111978404 -42.416309954 0.022524902 0.090826577 0.804731666 0.586216776
1317401174.895781994 356.370465661 207.863976588 -42.464865824 0.021432106 0.090440624 0.804772910 0.586260797
1317401174.999749899 356.116609834 208.639181695 -42.513971005 0.020043666 0.090469918 0.805061987 0.585908391
1317401175.103717089 355.864774724 209.403120092 -42.561761968 0.019337713 0.091395408 0.804945034 0.585949166
1317401175.207681894 355.616163730 210.174697815 -42.612570493 0.019713394 0.091373721 0.805063170 0.585777702
1317401175.311650038 355.359179363 210.946537608 -42.671209153 0.020722093 0.090914035 0.805015295 0.585880199
1317401175.415616989 355.096676953 211.734088062 -42.720913695 0.020728350 0.090641481 0.805106911 0.585796312
1317401175.519608021 354.845985348 212.502398234 -42.779641267 0.020336752 0.090909431 0.805341104 0.585446495
1317401175.623599052 354.588281219 213.283889104 -42.822560689 0.019344650 0.091092855 0.805372623 0.585408246
1317401175.727564096 354.326841991 214.059332422 -42.881120256 0.018193445 0.090493883 0.805315866 0.585616096
1317401175.831506968 354.067844039 214.850195376 -42.931221766 0.017851572 0.090696409 0.805404417 0.585473491
1317401175.935427189 353.813123806 215.601083415 -42.987344579 0.016972691 0.089903119 0.805462994 0.585541393
1317401176.039370060 353.559122184 216.372274280 -43.038743442 0.016634256 0.088822078 0.805661233 0.585443351
1317401176.143312931 353.293398863 217.141491190 -43.094913155 0.016254079 0.087759168 0.805553334 0.585762716
1317401176.247231007 353.037391158 217.918144897 -43.149534195 0.015836369 0.087498918 0.805801637 0.585471495
1317401176.351147890 352.780482210 218.690811360 -43.205049641 0.014454518 0.087132052 0.805967880 0.585333109
1317401176.455066919 352.522691327 219.471448154 -43.254786418 0.013321094 0.087535435 0.805963911 0.585305280
1317401176.558986902 352.266308139 220.241091891 -43.313268544 0.012284047 0.088660529 0.806030148 0.585067357
1317401176.662906885 352.012517272 221.017075540 -43.363219769 0.011633069 0.090216960 0.805854679 0.585084445
1317401176.766824961 351.758483984 221.784542748 -43.421432005 0.011495135 0.090611146 0.805968556 0.584869360
1317401176.870742083 351.497692119 222.563081863 -43.479142407 0.011950054 0.089677964 0.805893800 0.585107034
1317401176.974690914 351.249254250 223.287692327 -43.544230915 0.012279093 0.088223775 0.806037099 0.585123905
1317401177.078681946 350.989393499 224.071614826 -43.601277214 0.011759895 0.087639800 0.805931372 0.585367913
1317401177.182667971 350.737210291 224.825138076 -43.660356309 0.010477135 0.087515553 0.805895061 0.585460852
1317401177.286634922 350.481998089 225.586988646 -43.713045285 0.009541416 0.086726176 0.805781414 0.585750667
1317401177.390601873 350.232519398 226.342978222 -43.772378701 0.010098625 0.085891058 0.805800108 0.585838655
1317401177.494568110 349.985784435 227.092947196 -43.832999264 0.010127825 0.085074688 0.805620318 0.586204425
1317401177.598510027 349.729281470 227.864009699 -43.891690941 0.010308545 0.085068188 0.805513468 0.586349034
1317401177.702452898 349.484965818 228.619837359 -43.943075661 0.010306794 0.085071128 0.805382430 0.586528613
1317401177.806396961 349.236630358 229.374725219 -44.000016609 0.010557444 0.085066104 0.805319991 0.586610613
1317401177.910341024 348.984306055 230.135082670 -44.055659850 0.010120269 0.084814836 0.805284535 0.586703367
1317401178.014306068 348.733254498 230.886081685 -44.111690828 0.009507320 0.085887881 0.805007837 0.586937190
1317401178.118271351 348.489914763 231.646890520 -44.158322986 0.008685412 0.087980910 0.804882162 0.586812260
1317401178.222285986 348.252196252 232.372153716 -44.212765702 0.008039632 0.087370169 0.804577709 0.587329999
1317401178.326350927 347.994607002 233.134019456 -44.266143818 0.007668776 0.084914995 0.804591146 0.587676545
1317401178.430437088 347.761344410 233.861497797 -44.326313664 0.008441659 0.083814168 0.804396141 0.588090786
1317401178.534570932 347.620648375 234.521914985 -44.383579843 0.008637875 0.083643137 0.797254883 0.597757362
1317401178.638705015 347.332365722 235.204975910 -44.421850475 0.008128433 0.084522448 0.792790365 0.603550596
1317401178.742816925 347.133057313 235.845909092 -44.466040967 0.006827157 0.085177159 0.784203920 0.614591289
1317401178.846926928 347.054120510 236.504734835 -44.527143877 0.005832491 0.086060742 0.779476269 0.620464565
1317401178.951014042 346.854194402 237.100035364 -44.566467235 0.005166298 0.088682948 0.772242779 0.629086429
1317401179.055104971 346.841899197 237.601882841 -44.616375176 0.004819901 0.091431568 0.765897864 0.636409852
1317401179.159224033 346.674380987 238.272125737 -44.665212991 0.004741529 0.094139918 0.756890493 0.646708571
1317401179.263354063 346.629535672 238.874892218 -44.727793658 0.004690307 0.094781964 0.748965541 0.655778162
1317401179.367505074 346.568725930 239.406072352 -44.778109718 0.004549214 0.094156866 0.740140974 0.665811631
1317401179.471664906 346.550846834 239.836261046 -44.831865883 0.004864365 0.093463152 0.731701939 0.675169053
1317401179.575870991 346.534085575 240.352525510 -44.893149592 0.005644042 0.092919865 0.720399182 0.687283829
1317401179.680124998 346.587449309 240.871543261 -44.962395682 0.006182154 0.093347392 0.703576030 0.704435104
1317401179.784378767 346.848771130 241.411059523 -45.050167961 0.006710220 0.094882773 0.694449708 0.713226356
1317401179.888609886 346.961685831 242.024105468 -45.131233048 0.006046684 0.096166680 0.681279266 0.725654166
1317401179.992818117 346.848098985 242.281605526 -45.141401632 0.004090341 0.095711329 0.663583992 0.741942650
1317401180.097047091 346.731538770 242.588964966 -45.166317131 0.002980339 0.094203447 0.643455309 0.759659195
1317401180.201253891 346.814432628 243.057037661 -45.231131135 0.002601128 0.093742930 0.627014819 0.773342042
1317401180.305389881 346.938302266 243.483688741 -45.292034737 0.003034055 0.095106998 0.610401691 0.786355663
1317401180.409499884 346.994704343 243.907095679 -45.346920210 0.002875307 0.095694751 0.592407314 0.799929885
1317401180.513607979 347.089032260 244.364209261 -45.402391415 0.000419817 0.095075249 0.575943203 0.811942084
1317401180.617697954 347.219440139 244.800201308 -45.476845529 -0.004525793 0.092006027 0.558784951 0.824180676
1317401180.721736908 347.291544126 245.195688237 -45.543888027 -0.007486216 0.088502708 0.541473011 0.836013281
1317401180.825774908 347.500315411 245.621161327 -45.621286126 -0.006324951 0.087716512 0.524363097 0.846941055
1317401180.929837942 347.771755131 246.051541380 -45.694106198 -0.003336692 0.089248274 0.507985807 0.856722844
1317401181.033900976 348.009593817 246.457232721 -45.763018770 -0.003170278 0.090218922 0.487755578 0.868300059
1317401181.137989044 348.269850800 246.916746562 -45.846411035 -0.007932680 0.088271268 0.468933052 0.878775881
1317401181.242124081 348.464163638 247.446051260 -45.954721732 -0.015214404 0.084826823 0.446846684 0.890449871
1317401181.346260071 348.805622575 247.857721096 -46.047972214 -0.020056320 0.083934606 0.425092631 0.901026626
1317401181.450345993 349.192888280 248.326811826 -46.137396178 -0.022057393 0.083919301 0.402575788 0.911264921
1317401181.554430962 349.662397981 248.800219030 -46.253945047 -0.023500384 0.082887900 0.381375836 0.920396545
1317401181.658516884 350.054467395 249.158629150 -46.344325184 -0.025452465 0.081161163 0.357088009 0.930189868
1317401181.762557030 350.524618072 249.633094427 -46.466187606 -0.027756369 0.079811364 0.334129132 0.938731833
1317401181.866547108 351.035958848 250.055643136 -46.573066303 -0.029098268 0.079635727 0.312137822 0.946245963
1317401181.970489025 351.589033740 250.435454152 -46.683218282 -0.030917766 0.078915884 0.292698645 0.952441010
1317401182.074359894 352.129446031 250.842674765 -46.799324011 -0.032808914 0.078373604 0.274331139 0.957874511
1317401182.178138018 352.733227639 251.242235779 -46.919999024 -0.034519719 0.078247579 0.256716778 0.962695280
1317401182.281863928 353.332824016 251.575421651 -47.035869292 -0.036018237 0.078347620 0.240687700 0.966764588
1317401182.385565042 353.931684391 251.909937345 -47.147304356 -0.037783816 0.078734745 0.225217789 0.970386609
1317401182.489268064 354.640304229 252.279641468 -47.280141263 -0.039024179 0.079457119 0.213786922 0.972861158
1317401182.592947006 355.341675887 252.596889501 -47.406999778 -0.040611771 0.079740350 0.201253161 0.975443143
1317401182.696602106 356.004525726 252.889329254 -47.528977865 -0.041293495 0.079583034 0.192591074 0.977174532
1317401182.800256968 356.788393431 253.204239474 -47.670537647 -0.042053140 0.078882123 0.183039953 0.979032951
1317401182.903912306 357.423303711 253.454331235 -47.786802045 -0.042097953 0.077885891 0.173848001 0.980784596
1317401183.007587910 358.202463514 253.742517761 -47.925877456 -0.041412188 0.077637207 0.171644546 0.981221506
1317401183.111242056 359.032397306 253.983107973 -48.064049599 -0.041199918 0.077424719 0.162866790 0.982742280
1317401183.214898109 359.790531406 254.241447416 -48.194871221 -0.040578753 0.077576183 0.161959313 0.982906141
1317401183.318552971 360.536085499 254.482546453 -48.322546392 -0.039513678 0.077083211 0.161729657 0.983026127
1317401183.422183990 361.296587410 254.731817952 -48.449363680 -0.038022427 0.076166485 0.161443404 0.983203432
1317401183.525863886 362.025761590 254.977598372 -48.576234167 -0.037238577 0.075099672 0.161966299 0.983229498
1317401183.629589081 362.774130891 255.228895885 -48.699922623 -0.036850526 0.074164754 0.161883509 0.983328713
1317401183.733314991 363.485383403 255.465437627 -48.815435293 -0.036709061 0.073301963 0.161554424 0.983452813
1317401183.837042093 364.277141377 255.726594156 -48.940660527 -0.036127511 0.073653265 0.161952156 0.983382682
1317401183.940769911 365.013101828 255.980961413 -49.057954460 -0.035955637 0.074541091 0.160983472 0.983481133
1317401184.044519901 365.770602855 256.229954914 -49.173997836 -0.035166175 0.076320953 0.161108866 0.983352625
1317401184.148271084 366.536500857 256.467533774 -49.291669575 -0.034357591 0.078169287 0.161355902 0.983195500
1317401184.252023697 367.299677736 256.723042007 -49.416970894 -0.033410547 0.079589386 0.161280501 0.983126576
1317401184.355798960 368.035070539 256.965925176 -49.535908930 -0.032683481 0.080455182 0.160935575 0.983137068
1317401184.459597111 368.778747607 257.218890039 -49.657082262 -0.031801323 0.080135210 0.160857036 0.983204983
1317401184.563419104 369.515176540 257.470942533 -49.783289876 -0.031675714 0.079134359 0.161096256 0.983250934
1317401184.667242050 370.285031191 257.739907226 -49.912512692 -0.032066279 0.078661470 0.160831620 0.983319540
1317401184.771065950 371.024246496 257.985337836 -50.035779364 -0.032832302 0.078990126 0.160960714 0.983246789
1317401184.874890089 371.781824340 258.239122232 -50.155568859 -0.033303229 0.079123080 0.161113682 0.983195207
1317401184.978712082 372.527167389 258.485143063 -50.277838229 -0.033238889 0.079104341 0.161349930 0.983160150
1317401185.082535982 373.288152970 258.739778319 -50.397164738 -0.033387269 0.079539390 0.161119232 0.983157855
1317401185.186357975 374.036525613 258.986792339 -50.519591958 -0.033803533 0.080563574 0.161409073 0.983012687
1317401185.290182114 374.806522136 259.244178682 -50.644505740 -0.034134315 0.081957733 0.160981893 0.982956056
1317401185.394005060 375.542387311 259.500359499 -50.767827835 -0.033983214 0.083484180 0.160889174 0.982848008
1317401185.497826099 376.301779286 259.747017937 -50.894230909 -0.034187444 0.084336244 0.160957883 0.982756927
1317401185.601624012 377.042991132 259.997713541 -51.023605949 -0.034820657 0.084532489 0.161227450 0.982673644
1317401185.705423117 377.798677280 260.257382526 -51.158734824 -0.035334612 0.084800849 0.161237720 0.982630489
1317401185.809245110 378.536907564 260.504816222 -51.287083371 -0.036070124 0.085680821 0.161441160 0.982494018
1317401185.913042068 379.296058535 260.762611152 -51.420862732 -0.036547021 0.087124896 0.161084415 0.982407949
1317401186.016844988 380.038010161 261.011958139 -51.552935903 -0.037756281 0.088554138 0.161176798 0.982219256
1317401186.120692015 380.790507081 261.268261932 -51.684651853 -0.038465074 0.088987200 0.161089952 0.982166861
1317401186.224560022 381.520121903 261.516856342 -51.819905176 -0.038811539 0.087679736 0.161209139 0.982251262
1317401186.328429937 382.262490857 261.772236804 -51.957839076 -0.039086558 0.084160676 0.161295070 0.982534031
1317401186.432301044 382.989137798 262.002143022 -52.091023566 -0.039328231 0.080946134 0.161284694 0.982796144
1317401186.536195993 383.759585095 262.258275956 -52.223546939 -0.039641364 0.080431821 0.161141614 0.982849258
1317401186.640090942 384.515273883 262.512528015 -52.348468683 -0.040344010 0.082468851 0.160868358 0.982696607
1317401186.744010925 385.249495923 262.764276926 -52.467323868 -0.041689995 0.084905827 0.160678855 0.982463867
1317401186.848023891 386.005621184 263.015099026 -52.593298175 -0.042292861 0.086062767 0.160548426 0.982358752
1317401186.952086926 386.742451805 263.255140326 -52.722974177 -0.043272825 0.086594215 0.160364858 0.982299352
1317401187.056197882 387.490755246 263.503292026 -52.857973812 -0.043589378 0.087887395 0.160603176 0.982131555
1317401187.160353899 388.112101639 263.608565041 -52.952646042 -0.045153245 0.088783318 0.146962491 0.984114187
1317401187.264538050 388.748707544 263.855139287 -53.070434057 -0.045579439 0.089541476 0.135339063 0.985691725
1317401187.368768930 389.377538741 264.040575220 -53.180570077 -0.046795863 0.088930398 0.120057783 0.987667788
1317401187.473071098 389.741416594 264.124700452 -53.249312957 -0.048060798 0.087044836 0.102276634 0.989774139
1317401187.577423096 390.168962414 264.176876358 -53.327444209 -0.049621894 0.084377363 0.085950401 0.991479025
1317401187.681797981 390.482121787 264.232933404 -53.388481508 -0.051707719 0.081382397 0.064180043 0.993269419
1317401187.786171913 390.684406609 264.200446812 -53.425788523 -0.053524752 0.078821720 0.041782433 0.994573509
1317401187.890498161 390.844506869 264.200461909 -53.450515008 -0.055042985 0.076397977 0.014125638 0.995456722
1317401187.994777918 391.079946618 264.078228113 -53.480755892 -0.056376437 0.073207908 -0.017512420 0.995567986
1317401188.099037886 391.249620737 263.949734996 -53.490133228 -0.057198351 0.071293687 -0.041879224 0.994933008
1317401188.203269005 391.444838772 263.658363897 -53.485316302 -0.058690592 0.070586860 -0.060098477 0.993962315
1317401188.307446003 391.602525933 263.408338834 -53.473578817 -0.060109806 0.070165261 -0.076946224 0.992745147
1317401188.411603928 391.707184130 263.227600911 -53.465614684 -0.061315916 0.068891118 -0.101854132 0.990515072
1317401188.515769958 391.610074387 263.087484720 -53.445325640 -0.064314955 0.065262366 -0.123464585 0.988109764
1317401188.619927883 391.452507577 263.000587066 -53.409993223 -0.065891419 0.059160383 -0.146794267 0.985195317
1317401188.724078894 390.939555113 262.991886566 -53.352098900 -0.068367915 0.055077772 -0.167525303 0.981950885
1317401188.828213930 390.769880690 262.858014073 -53.317293126 -0.069132529 0.052985023 -0.183782065 0.979100318
1317401188.932326078 390.467549014 262.855421704 -53.268967286 -0.069332828 0.051728935 -0.208097972 0.974275274
1317401189.036412954 390.208242752 262.769245314 -53.213522399 -0.070100527 0.051139798 -0.233012225 0.968594828
1317401189.140474081 389.932017375 262.697817103 -53.160236833 -0.071118264 0.049804300 -0.254541671 0.963156406
1317401189.244488955 390.021157264 262.511922326 -53.139945511 -0.071802432 0.049001425 -0.271662930 0.958458410
1317401189.348434925 390.217805201 262.262797817 -53.132607105 -0.072904022 0.047345830 -0.289550317 0.953207212
1317401189.452353954 390.295458699 262.008805190 -53.113460135 -0.073481835 0.044800509 -0.309615587 0.946959092
1317401189.556222916 390.337444638 261.743553315 -53.080155442 -0.073299692 0.043284436 -0.326882163 0.941223493
1317401189.660047054 390.480747859 261.629255324 -53.077838778 -0.074031598 0.041866382 -0.345903883 0.934407316
1317401189.763869047 390.750431935 261.459518463 -53.096929576 -0.075240681 0.041122648 -0.358653974 0.929524122
1317401189.867667913 391.041633516 261.335298807 -53.117049934 -0.074965776 0.038970575 -0.372634466 0.924123899
1317401189.971442938 391.361691721 261.163537228 -53.144845769 -0.075032601 0.036279862 -0.386606693 0.918471091
1317401190.075193882 391.902532065 260.681394215 -53.150821171 -0.074550348 0.034462521 -0.401906081 0.911990176
1317401190.178919077 392.443290123 260.081641203 -53.150087199 -0.073978816 0.034738607 -0.413314851 0.906913005
1317401190.282622099 392.917718617 259.510673429 -53.137179746 -0.072932031 0.034213800 -0.425690331 0.901275805
1317401190.386327028 393.436869144 258.865280151 -53.127670547 -0.072295797 0.033236363 -0.434819494 0.896995356
1317401190.490052938 393.894398412 258.191736729 -53.107494401 -0.072449662 0.031343394 -0.441562310 0.893751288
1317401190.593779087 394.481797713 257.504668933 -53.111954011 -0.072902525 0.029600053 -0.448501833 0.890311836
1317401190.697481871 395.012790359 256.810515088 -53.099991251 -0.072966956 0.028865344 -0.454615284 0.887224638
1317401190.801183939 395.502701707 256.139975133 -53.086888768 -0.072808165 0.029026430 -0.460290601 0.884301419
1317401190.904885054 396.032225469 255.431573965 -53.066822673 -0.072779565 0.029545021 -0.465334653 0.881642721
1317401191.008563042 396.517156625 254.683674956 -53.046641689 -0.072488774 0.030157191 -0.470332643 0.878989833
1317401191.112243891 397.023601049 253.974104247 -53.029915726 -0.071889366 0.030567252 -0.472361547 0.877936291
1317401191.215946913 397.507820947 253.220027067 -53.006979131 -0.070664162 0.030666716 -0.474469098 0.876895207
1317401191.319672108 397.969119207 252.525550903 -52.987935106 -0.069887008 0.030241992 -0.474978440 0.876696475
1317401191.423424959 398.512819432 251.730497630 -52.976547356 -0.069447924 0.029684270 -0.475942389 0.876227523
1317401191.527224064 399.023864449 250.945217448 -52.951878679 -0.069673331 0.030132780 -0.476287188 0.876006939
1317401191.631021976 399.605243351 250.098573155 -52.939898509 -0.069260518 0.030795448 -0.477803267 0.875190641
1317401191.734795094 400.083765925 249.376302541 -52.916149834 -0.069557532 0.031656141 -0.477811542 0.875131858
1317401191.838594913 400.669452928 248.460228639 -52.900644788 -0.070701032 0.031879221 -0.478446626 0.874685032
1317401191.942395926 401.145315646 247.755616490 -52.881959688 -0.072210729 0.031963993 -0.478290297 0.874644102
1317401192.046195984 401.609988088 247.064505678 -52.874896411 -0.073412607 0.031935555 -0.478178638 0.874606140
1317401192.149995089 402.109620750 246.278132432 -52.849633382 -0.074522579 0.032244492 -0.477339838 0.874959060
1317401192.253793001 402.691622519 245.385074765 -52.826945246 -0.075373553 0.032847100 -0.478066856 0.874466681
1317401192.357614994 403.264155270 244.543260186 -52.805509423 -0.075965629 0.033532151 -0.480410322 0.873104084
1317401192.461436987 403.779212264 243.709789495 -52.777625861 -0.076092541 0.034520337 -0.480023315 0.873267364
1317401192.565258980 404.372931953 242.828630792 -52.758143809 -0.076379082 0.035065794 -0.482129023 0.872059764
1317401192.669080973 404.958422922 241.900997014 -52.732135322 -0.076633035 0.035812734 -0.482887117 0.871587551
1317401192.772880077 405.484980929 241.089726753 -52.711837285 -0.076138204 0.036889641 -0.484661359 0.870600652
1317401192.876681328 406.053127834 240.160592496 -52.686066902 -0.075454394 0.038298276 -0.483887056 0.871029961
1317401192.980478048 406.621765525 239.283648280 -52.667862090 -0.074980667 0.038738421 -0.486496095 0.869596909
1317401193.084252119 407.138205235 238.434803602 -52.651467272 -0.075400710 0.038565408 -0.486052131 0.869816514
1317401193.188052893 407.678576611 237.563762216 -52.640062693 -0.076867820 0.037210139 -0.486807478 0.869324579
1317401193.291851997 408.271475052 236.625007673 -52.621707289 -0.078474195 0.035806089 -0.487523031 0.868838891
1317401193.395652056 408.839339788 235.722223046 -52.600800796 -0.079967428 0.035687480 -0.489494709 0.867598146
1317401193.499473810 409.354175442 234.891646736 -52.572652357 -0.080668224 0.036931908 -0.488352945 0.868124457
1317401193.603296041 409.910613896 233.979610543 -52.546675469 -0.080677874 0.039105890 -0.490006047 0.867096237
1317401193.707142115 410.465200289 233.084587673 -52.518551813 -0.081042498 0.040472184 -0.492621709 0.865516013
1317401193.810987949 410.932955285 232.289679165 -52.496125807 -0.082228555 0.040887719 -0.492456134 0.865478836
1317401193.914833069 411.509883684 231.371916434 -52.482345954 -0.083984104 0.040312641 -0.494200900 0.864341965
1317401194.018703938 412.082998417 230.439129416 -52.463386387 -0.084724384 0.040422879 -0.496399349 0.863003740
1317401194.122575760 412.567975218 229.642289067 -52.440667269 -0.084864552 0.041427522 -0.498552629 0.861700089
1317401194.226423025 413.091881993 228.679718960 -52.406853726 -0.085465974 0.041750244 -0.501681015 0.859807330
1317401194.330271959 413.612233799 227.820306977 -52.384703153 -0.084931713 0.041501622 -0.505362848 0.857713595
1317401194.434118032 414.116610493 226.913060178 -52.355884810 -0.084372698 0.042338116 -0.507724928 0.856331787
1317401194.537964106 414.608532831 226.025538056 -52.325934378 -0.083140091 0.043257113 -0.509562789 0.855314160
1317401194.641810894 415.100961930 225.150153694 -52.300373932 -0.081757325 0.042688139 -0.512872645 0.853495819
1317401194.745659113 415.577551873 224.245785257 -52.278010112 -0.080661792 0.039964391 -0.514283009 0.852883058
1317401194.849483013 416.072350922 223.350298860 -52.256625348 -0.079910620 0.037252052 -0.516188414 0.851924937
1317401194.953255892 416.561661012 222.394352274 -52.228451636 -0.079069253 0.037904334 -0.517161503 0.851384340
1317401195.057028055 417.036921858 221.517366071 -52.189793957 -0.076346811 0.039591629 -0.517958868 0.851071253
1317401195.160826921 417.514246445 220.610110737 -52.163389722 -0.073065479 0.040951795 -0.518367746 0.851045983
1317401195.264625072 418.007617850 219.659770661 -52.133596599 -0.072068772 0.039577922 -0.518015466 0.851410393
1317401195.368424892 418.445828059 218.815065452 -52.125878540 -0.072133611 0.037046458 -0.517506940 0.851827957
1317401195.472198963 418.974187732 217.781469312 -52.094533521 -0.070499893 0.033090872 -0.515931309 0.853082437
1317401195.575949907 419.473760207 216.807685264 -52.064051781 -0.068589147 0.031679689 -0.514161651 0.854359247
1317401195.679749012 419.908281742 215.984295496 -52.036134380 -0.067635858 0.032209886 -0.513395442 0.854876034
1317401195.783548117 420.283644469 215.303753290 -52.020326082 -0.066393311 0.032947443 -0.513921829 0.854629012
1317401195.887348890 420.865459900 214.216682490 -51.991765949 -0.065825232 0.033681623 -0.512501212 0.855496987
1317401195.991146088 421.343590306 213.343324894 -51.968490606 -0.064657125 0.033002329 -0.505633682 0.859688829
1317401196.094919920 421.870084316 212.449401676 -51.956801687 -0.064358027 0.032176842 -0.503015304 0.861277132
1317401196.198695898 422.378242738 211.519464297 -51.933136129 -0.063420434 0.033150676 -0.500251938 0.862917655
1317401196.302470922 422.899939697 210.610916814 -51.911685594 -0.062246175 0.034496972 -0.497627518 0.864466440
1317401196.406269073 423.364802113 209.810035439 -51.892013663 -0.061482435 0.034376153 -0.495452435 0.865774263
1317401196.510092020 423.950177547 208.911390054 -51.889312927 -0.061712561 0.033888146 -0.490269037 0.868722870
1317401196.613914967 424.471077775 208.027270177 -51.877811699 -0.061991943 0.034448802 -0.487374905 0.870307981
1317401196.717761993 424.992676346 207.184763704 -51.868124005 -0.061201474 0.035662581 -0.485724693 0.871237099
1317401196.821628809 425.539634284 206.334421970 -51.857138003 -0.060664184 0.037194266 -0.482681290 0.872900462
1317401196.925498962 426.110978048 205.458958339 -51.854434283 -0.060463214 0.038071599 -0.480138718 0.874277739
1317401197.029397964 426.636216321 204.642499652 -51.849005485 -0.061060250 0.038551710 -0.479284301 0.874683926
1317401197.133317232 427.194608749 203.784126253 -51.848741051 -0.062102946 0.038683414 -0.478138433 0.875231659
1317401197.237236977 427.746511444 202.900002102 -51.841908999 -0.062661725 0.038940500 -0.475848366 0.876427680
1317401197.341156006 428.300715486 202.068803345 -51.844483976 -0.062407458 0.039796448 -0.476815283 0.875881692
1317401197.445097923 428.835609052 201.238216266 -51.843895206 -0.061687967 0.041877701 -0.476183000 0.876179550
1317401197.549038887 429.380214084 200.394219663 -51.840054435 -0.061205278 0.043997543 -0.476588204 0.875889156
1317401197.652982950 429.929868869 199.544960942 -51.845648543 -0.061207036 0.045402905 -0.476209329 0.876023373
1317401197.756926060 430.462029725 198.732070782 -51.852287623 -0.061395542 0.046121188 -0.476846019 0.875626232
1317401197.860843658 431.027079795 197.866680980 -51.863631869 -0.062249251 0.046510151 -0.476188894 0.875902948
1317401197.964762926 431.572800036 197.034235417 -51.874072894 -0.063275373 0.046694085 -0.476399961 0.875704840
1317401198.068682909 432.106189182 196.203900346 -51.887122914 -0.063620753 0.047142697 -0.475932379 0.875910005
1317401198.172627926 432.564765677 195.499667030 -51.892197132 -0.064519452 0.047865407 -0.476132259 0.875696417
1317401198.276596069 433.211630857 194.512627333 -51.909017053 -0.065492035 0.048780823 -0.476443554 0.875404343
1317401198.380541086 433.689372790 193.792685091 -51.917321774 -0.066575004 0.049614651 -0.477216549 0.874854571
1317401198.484470129 434.297214660 192.856138030 -51.933503386 -0.066909614 0.050591797 -0.477297298 0.874729022
1317401198.588387728 434.775097081 192.122915171 -51.940660591 -0.067309255 0.051162222 -0.478145167 0.874201973
1317401198.692279100 435.389627930 191.176354415 -51.958974277 -0.067378445 0.051625405 -0.478081303 0.874204341
1317401198.796173096 435.849497073 190.456220854 -51.965579885 -0.067353773 0.051917721 -0.478209476 0.874118823
1317401198.900072098 436.511617433 189.423490735 -51.984998058 -0.067464797 0.051894907 -0.477664704 0.874409429
1317401199.003982067 436.927537581 188.789641077 -51.994690586 -0.068013742 0.051922564 -0.478604382 0.873851260
1317401199.107862949 437.403624162 188.050296660 -52.009433467 -0.068026135 0.052186680 -0.478125935 0.874096439
1317401199.211775064 437.871510258 187.319901698 -52.018427755 -0.068407440 0.052922305 -0.477766759 0.874218838
1317401199.315721035 438.462076585 186.406970053 -52.036651032 -0.068239719 0.052721616 -0.478051380 0.874088468
1317401199.419641972 438.926509384 185.679398957 -52.047260390 -0.068872592 0.051741490 -0.477920433 0.874169002
1317401199.523581982 439.525667804 184.755002989 -52.068945626 -0.069136796 0.050878330 -0.478036058 0.874135588
1317401199.627513885 439.987575864 184.039511455 -52.072712136 -0.070299558 0.051017501 -0.478493553 0.873784359
1317401199.731446028 440.446276255 183.321395052 -52.085712258 -0.070119840 0.051460354 -0.478296964 0.873880458
1317401199.835388899 441.034026715 182.406346176 -52.087311713 -0.069817354 0.051565143 -0.478707093 0.873673905
1317401199.939320087 441.486557332 181.694674730 -52.095493536 -0.069943423 0.051936199 -0.479201593 0.873370701
1317401200.043250084 441.969382686 180.951922135 -52.102726717 -0.069964974 0.052781287 -0.479176405 0.873332131
1317401200.147166967 442.458637522 180.176985441 -52.109166969 -0.070046640 0.053617128 -0.479881238 0.872887547
1317401200.251087904 442.984565894 179.350767429 -52.125442771 -0.069621850 0.054020176 -0.479889077 0.872892371
1317401200.355017900 443.444760551 178.632267201 -52.133624776 -0.069971686 0.053484057 -0.480297484 0.872672760
1317401200.458959103 443.891779514 177.915027959 -52.151754112 -0.070048688 0.052935842 -0.480601557 0.872532590
1317401200.562901974 444.356876907 177.190415636 -52.160218415 -0.070260639 0.052438916 -0.480725554 0.872477246
1317401200.666807890 444.792188852 176.489199058 -52.170077750 -0.069354428 0.052267424 -0.480853967 0.872489279
1317401200.770751953 445.323733521 175.652119221 -52.181450708 -0.068365685 0.052787567 -0.481158648 0.872368019
1317401200.874670029 445.757562121 174.977486123 -52.189616079 -0.067434586 0.053739412 -0.482047663 0.871891451
1317401200.978564978 446.218834235 174.238121248 -52.199120404 -0.066847459 0.054699098 -0.481670969 0.872085147
1317401201.082484961 446.648853290 173.566674643 -52.216486061 -0.066736703 0.054842486 -0.481686589 0.872075997
1317401201.186393023 447.082852164 172.871113097 -52.226558648 -0.067170518 0.054887161 -0.481622863 0.872075076
1317401201.290321112 447.512698875 172.190290798 -52.247246202 -0.067166167 0.055148360 -0.481939613 0.871883922
1317401201.394217968 447.942074228 171.502883351 -52.257807053 -0.067205231 0.055163930 -0.481838810 0.871935639
1317401201.498106003 448.373800336 170.828211874 -52.277735293 -0.066873635 0.055519518 -0.482231433 0.871721484
1317401201.602036953 448.796330956 170.156498151 -52.284778731 -0.066365638 0.056399633 -0.482171285 0.871737079
1317401201.705951929 449.211416576 169.495894751 -52.300202777 -0.064697763 0.056902479 -0.482257814 0.871781916
1317401201.809894085 449.637095242 168.832817080 -52.308877318 -0.063478687 0.057956823 -0.482288208 0.871785264
1317401201.913846016 450.042111329 168.181864465 -52.324741587 -0.062202834 0.058582056 -0.482132449 0.871921586
1317401202.017776012 450.473929618 167.508801373 -52.346656027 -0.061735235 0.058882766 -0.482119227 0.871941874
1317401202.121731997 450.869611316 166.877884606 -52.366923485 -0.061077617 0.058666584 -0.482103512 0.872011445
1317401202.225687981 451.262453558 166.261337158 -52.387512113 -0.061147657 0.058447044 -0.481770843 0.872205115
1317401202.329629898 451.593346472 165.735566412 -52.411189067 -0.061499592 0.058419935 -0.481822824 0.872153471
1317401202.433593035 452.008908161 165.086884946 -52.432976456 -0.061627073 0.058657917 -0.481646240 0.872226033
1317401202.537584782 452.369571679 164.492979291 -52.452178350 -0.061825275 0.059344416 -0.481397432 0.872302922
1317401202.641580105 452.762161725 163.876572507 -52.468871155 -0.060770870 0.059282506 -0.481349589 0.872407622
1317401202.745573044 453.081280727 163.358957815 -52.480807476 -0.060677322 0.059232284 -0.481747361 0.872197959
1317401202.849554062 453.474114606 162.731088841 -52.502064792 -0.060098708 0.059085023 -0.481525600 0.872370450
1317401202.953556061 453.788266441 162.242258637 -52.520027068 -0.060321067 0.059254368 -0.481512623 0.872350780
1317401203.057569027 454.145807501 161.668453197 -52.541625588 -0.060240051 0.058983342 -0.481373693 0.872451414
1317401203.161576986 454.462457944 161.174813087 -52.560432620 -0.060239183 0.059113350 -0.481189109 0.872544494
1317401203.265603065 454.833959048 160.590595725 -52.580502635 -0.060213395 0.059245475 -0.481375897 0.872434277
1317401203.369621992 455.125889925 160.127374920 -52.598006989 -0.060548014 0.059681064 -0.481095485 0.872536098
1317401203.473625898 455.489663507 159.561354989 -52.621178825 -0.060707932 0.059783617 -0.480853613 0.872651287
1317401203.577652931 455.770867355 159.117530764 -52.636073088 -0.060418361 0.059827495 -0.480844309 0.872673503
1317401203.681715012 456.132577032 158.540592081 -52.658471703 -0.060368725 0.059906113 -0.480972005 0.872601172
1317401203.785784721 456.389136486 158.133416201 -52.674041824 -0.060133787 0.060315376 -0.481070943 0.872534659
1317401203.889826059 456.691820590 157.654060598 -52.689425622 -0.060014861 0.060613147 -0.481053680 0.872531730
1317401203.993868113 457.024613233 157.134402485 -52.710886539 -0.060156875 0.061292235 -0.481093099 0.872452774
1317401204.097943068 457.284465019 156.715553352 -52.726314522 -0.060236357 0.061538354 -0.480912294 0.872529643
1317401204.201996088 457.636486778 156.167503250 -52.750224718 -0.060182140 0.061667230 -0.481112271 0.872414033
1317401204.306030989 457.895749151 155.754106161 -52.766713875 -0.060012258 0.061626030 -0.481287678 0.872331894
1317401204.410068989 458.235900561 155.218405112 -52.793479673 -0.059999382 0.061675569 -0.481233510 0.872359162
1317401204.514096022 458.496996520 154.801108309 -52.808496038 -0.060143300 0.061377271 -0.481297638 0.872334911
1317401204.618113041 458.807976507 154.324796480 -52.833554807 -0.060567073 0.061249997 -0.481222008 0.872356261
1317401204.722162962 459.087821131 153.875657215 -52.852312059 -0.060390652 0.060262343 -0.481343285 0.872370369
1317401204.826211929 459.382985549 153.415491914 -52.874102989 -0.060273621 0.059958401 -0.480811967 0.872692348
1317401204.930248976 459.661706899 152.961394118 -52.891381169 -0.060507470 0.059815870 -0.480893200 0.872641185
1317401205.034312010 459.976249168 152.465507596 -52.913455929 -0.060181416 0.060571742 -0.480675411 0.872731580
1317401205.138340950 460.246467587 152.045115274 -52.927940250 -0.059768517 0.061176548 -0.481158132 0.872451722
1317401205.242356062 460.550934055 151.564660579 -52.946709096 -0.059019997 0.061579851 -0.480809151 0.872666673
1317401205.346379995 460.836191364 151.110619277 -52.961389026 -0.058582080 0.061572483 -0.481089167 0.872542367
1317401205.450383902 461.114988272 150.674151020 -52.983953448 -0.058371408 0.062037701 -0.480731001 0.872720922
1317401205.554400921 461.392023877 150.239800555 -53.000850154 -0.058720401 0.061780602 -0.480491272 0.872847758
1317401205.658401012 461.693117137 149.755116847 -53.025667427 -0.058411239 0.061287618 -0.480197555 0.873064868
1317401205.762392044 461.958277499 149.343273717 -53.042032255 -0.057996482 0.061479500 -0.480118568 0.873122465
1317401205.866394997 462.261523118 148.865524931 -53.063336792 -0.057118671 0.061542922 -0.479595024 0.873463530
1317401205.970409870 462.543002773 148.424925678 -53.084294172 -0.057868119 0.061606349 -0.479906739 0.873238490
1317401206.074424982 462.806279917 148.003002291 -53.106204410 -0.059386984 0.061129379 -0.478946804 0.873696941
1317401206.178427935 463.072893105 147.596169145 -53.126268234 -0.061712153 0.060225039 -0.478486587 0.873850754
1317401206.282453060 463.413273160 147.067806657 -53.156444670 -0.062764795 0.058906382 -0.478264950 0.873986989
1317401206.386475086 463.787420437 146.495228584 -53.179997899 -0.063384529 0.056963100 -0.477410485 0.874538070
1317401206.490519047 464.068536794 146.063090501 -53.205144274 -0.064543309 0.056932973 -0.477548419 0.874379955
1317401206.594558954 464.335501588 145.662580958 -53.215256341 -0.065660781 0.057800432 -0.477213506 0.874422691
1317401206.698599100 464.516756409 145.368658990 -53.231385674 -0.065591308 0.058417281 -0.477856367 0.874035751
1317401206.802638054 464.794539344 144.939370260 -53.240527833 -0.066430992 0.059898746 -0.477272818 0.874190895
1317401206.906636953 465.035675763 144.570179697 -53.253392526 -0.065744963 0.060439701 -0.477548055 0.874055203
1317401207.010674000 465.361212522 144.055620556 -53.272350480 -0.065536121 0.060740535 -0.477360751 0.874152342
1317401207.114715099 465.597825022 143.693007222 -53.278262338 -0.065906881 0.060205827 -0.477366689 0.874158216
1317401207.218742132 466.021640620 143.046873685 -53.305955289 -0.067030111 0.059629712 -0.477040486 0.874290362
1317401207.322768927 466.275249523 142.652342836 -53.322438806 -0.067896845 0.059101792 -0.477355963 0.874087113
1317401207.426805973 466.519433332 142.276151267 -53.336209162 -0.068082260 0.058605584 -0.477296921 0.874138342
1317401207.530855894 466.839770082 141.779941250 -53.359169932 -0.068773792 0.058622518 -0.476880521 0.874310319
1317401207.634869099 467.081769696 141.395273409 -53.371624864 -0.069513611 0.059238835 -0.477332615 0.873963496
1317401207.738847971 467.390136911 140.917859354 -53.383394747 -0.068912379 0.059665503 -0.477551047 0.873862752
1317401207.842839003 467.683172715 140.467143519 -53.400394546 -0.068985684 0.060205204 -0.477777971 0.873695896
1317401207.946839094 467.977135380 140.012142135 -53.415728001 -0.068729223 0.060565925 -0.477989375 0.873575538
1317401208.050829172 468.182469145 139.689987667 -53.427417702 -0.068627292 0.061096005 -0.478440950 0.873299393
1317401208.154845953 468.438954466 139.282022283 -53.437703516 -0.068401618 0.061931424 -0.478179358 0.873401522
1317401208.258860111 468.715535330 138.844814841 -53.452237379 -0.067510090 0.062103350 -0.478480996 0.873293477
1317401208.362863064 468.978031893 138.428000562 -53.464117476 -0.066792523 0.062932844 -0.478512741 0.873271878
1317401208.466877937 469.295049597 137.936944528 -53.484727431 -0.065675943 0.063882783 -0.478805826 0.873126933
1317401208.570892096 469.542082816 137.555984337 -53.496263755 -0.064736911 0.065136700 -0.479002086 0.872996761
1317401208.674916029 469.905853308 136.980084325 -53.520859799 -0.063992493 0.066210304 -0.479346312 0.872781914
1317401208.778930902 470.139131307 136.626128974 -53.535311543 -0.063360289 0.067641993 -0.479378770 0.872700423
1317401208.882946014 470.431008722 136.160433518 -53.556316496 -0.062473053 0.068630851 -0.479228698 0.872769602
1317401208.986938000 470.754252329 135.655874956 -53.579004267 -0.061391631 0.068912293 -0.479941782 0.872432261
1317401209.090923071 471.000498027 135.253821975 -53.598988730 -0.060232073 0.068748199 -0.479686202 0.872666563
1317401209.194937944 471.275970385 134.831465292 -53.623527386 -0.060325212 0.069038106 -0.479905515 0.872516651
1317401209.298958063 471.627130752 134.270698873 -53.654536134 -0.060879096 0.069486677 -0.479776053 0.872513769
1317401209.403002024 471.863895963 133.897683564 -53.679009997 -0.061204177 0.069690764 -0.479987463 0.872358459
1317401209.507036924 472.243207071 133.384481604 -53.720390725 -0.061249839 0.069429361 -0.483255715 0.870569891
1317401209.611102104 472.499508021 132.990576899 -53.747231520 -0.060787440 0.069027294 -0.484936153 0.869699400
1317401209.715213060 472.736055503 132.611661021 -53.768795895 -0.060592739 0.068920660 -0.484717031 0.869843585
1317401209.819299936 472.993121103 132.080254807 -53.781467995 -0.061285087 0.068001134 -0.493127717 0.865127180
1317401209.923388004 473.250395373 131.673534013 -53.808300646 -0.061803802 0.067720190 -0.496009096 0.863463516
1317401210.027523041 473.544104580 131.232874798 -53.836820565 -0.062079364 0.067411182 -0.499467287 0.861472179
1317401210.131654978 473.787197871 130.839114539 -53.859502313 -0.062412772 0.066264000 -0.502343779 0.859863045
1317401210.235814095 473.986562354 130.357336027 -53.862979917 -0.062849670 0.063753461 -0.510111273 0.855436675
1317401210.339999914 474.221683855 130.026452752 -53.883958646 -0.063143524 0.061834113 -0.514272493 0.853061101
1317401210.444183111 474.393753531 129.599631966 -53.889499144 -0.064834624 0.059332559 -0.522302841 0.848219229
1317401210.548389912 474.681789697 129.249844015 -53.918765039 -0.066036422 0.056656503 -0.528816564 0.844264339
1317401210.652596951 474.858916093 128.841989484 -53.925759644 -0.066506217 0.054226741 -0.537569821 0.838841505
1317401210.756778002 474.955919524 128.440605773 -53.915315895 -0.065891520 0.053296899 -0.546927029 0.832879687
1317401210.860937119 475.149183471 128.048377712 -53.917514839 -0.064847767 0.052275364 -0.557296756 0.826124917
1317401210.965073109 475.301768058 127.611608690 -53.907798615 -0.063939948 0.051438553 -0.567327393 0.819393304
1317401211.069158077 475.298026460 127.287225810 -53.882577728 -0.063491362 0.051113555 -0.576676874 0.812896078
1317401211.173223019 475.480459083 126.948707007 -53.884311865 -0.063006763 0.051085969 -0.584749950 0.807147984
1317401211.277309895 475.693694905 126.553968122 -53.895857895 -0.063041969 0.050841030 -0.590678048 0.802832699
1317401211.381396055 475.737420958 126.220895587 -53.878498946 -0.063356708 0.050134970 -0.598801389 0.796811966
1317401211.485456944 475.856023268 125.871697932 -53.878256702 -0.063976464 0.049577751 -0.607386642 0.790272438
1317401211.589543104 476.001429085 125.548531358 -53.887926909 -0.064345768 0.049495825 -0.615094731 0.784262875
1317401211.693679094 475.995188662 125.263193968 -53.867500939 -0.064609151 0.048880337 -0.625458454 0.776040007
1317401211.797816038 476.098250127 124.891576551 -53.863258388 -0.064781659 0.048119349 -0.635304247 0.768034100
1317401211.901949883 476.177224482 124.573057655 -53.855306428 -0.064856369 0.046976904 -0.646414543 0.758772074
1317401212.006105900 476.218942497 124.247507925 -53.843680157 -0.065470898 0.045907830 -0.657460372 0.749234204
1317401212.110264063 476.284737497 123.933269634 -53.832174519 -0.066468625 0.044226032 -0.668607537 0.739317213
1317401212.214422941 476.348265647 123.626449431 -53.825517286 -0.068533019 0.041470360 -0.679846474 0.728966533
1317401212.318583012 476.394155437 123.462020066 -53.827122286 -0.071440091 0.038092287 -0.692928994 0.716445881
1317401212.422740936 476.529155193 123.271956514 -53.844645715 -0.074296568 0.034719816 -0.703639717 0.705808546
1317401212.526922941 476.635830282 122.991910274 -53.854150724 -0.077865929 0.031246820 -0.715019040 0.694052091
1317401212.631130934 476.597271819 122.788930390 -53.844316225 -0.081814833 0.026976698 -0.731262743 0.676633869
1317401212.735336304 476.650700441 122.555465276 -53.847516656 -0.085016634 0.024059716 -0.744417589 0.661842697
1317401212.839565992 476.717123768 122.287659809 -53.848292577 -0.086943768 0.021487784 -0.756874109 0.647395273
1317401212.943796873 476.619680822 122.110068645 -53.820983458 -0.087976040 0.018663910 -0.770790895 0.630708546
1317401213.048003912 476.562938681 121.579973880 -53.770952250 -0.087548614 0.015215404 -0.784766284 0.613388629
1317401213.152211905 476.423224331 121.257137784 -53.714734147 -0.086594415 0.012499719 -0.799978611 0.593615521
1317401213.256417036 476.362550361 120.814624974 -53.660296398 -0.085921626 0.011443463 -0.814447688 0.573725967
1317401213.360625267 476.209235012 120.488738160 -53.608036418 -0.085675996 0.011502522 -0.828975521 0.552563934
1317401213.464807987 476.092007381 120.107257892 -53.553688539 -0.085463759 0.010817553 -0.842951254 0.531048125
1317401213.568967104 475.860823973 119.713821432 -53.481049589 -0.084678038 0.008808644 -0.856044380 0.509843169
1317401213.673074961 475.682478525 119.331021675 -53.414933730 0.083679561 -0.007215436 0.868267669 -0.488934477
1317401213.777113914 475.499024936 118.963625662 -53.360297330 0.084305315 -0.007249296 0.879592301 -0.468142548
1317401213.881130934 475.278867519 118.565488076 -53.305233055 0.086454812 -0.007342816 0.890103642 -0.447422792
1317401213.985096931 475.024589464 118.206896647 -53.240231551 0.088154084 -0.004970892 0.899758254 -0.427363114
1317401214.089015961 474.762460638 117.817265405 -53.171077909 0.089333387 -0.001327112 0.908010793 -0.409309399
1317401214.192910910 474.359295328 117.440934113 -53.069679804 0.090790610 0.001877276 0.915819670 -0.391187772
1317401214.296760082 474.013620025 117.058503169 -52.997962612 0.093300295 0.002726930 0.922250257 -0.375156078
1317401214.400583029 473.602272861 116.638320466 -52.905816671 0.094674395 0.002554928 0.928488511 -0.359081210
1317401214.504405975 473.222645420 116.274079542 -52.812362555 0.093401914 0.003120502 0.933635017 -0.345820762
1317401214.608228922 472.801518797 115.893699639 -52.704468736 0.092270337 0.005205303 0.938776432 -0.331900439
1317401214.712050915 472.325956076 115.542721270 -52.591670480 0.091666271 0.007296034 0.943411139 -0.318621224
1317401214.815850019 471.834940474 115.129186847 -52.477678683 0.092040029 0.008559469 0.947829776 -0.305080456
1317401214.919600010 471.361928654 114.764597753 -52.371543697 0.092102556 0.009715487 0.951528584 -0.293284984
1317401215.023324966 470.848102077 114.397946723 -52.259684975 0.091260900 0.011846479 0.954693913 -0.283002899
1317401215.127027988 470.246965548 114.015918620 -52.119688780 0.089487831 0.014439635 0.956867343 -0.276022307
1317401215.230707884 469.680704902 113.640689993 -51.991215122 0.088524681 0.016632729 0.958460377 -0.270629708
1317401215.334362030 469.021851978 113.260392325 -51.847246548 0.087825107 0.017777574 0.958893982 -0.269245315
1317401215.438015938 468.386202063 112.868383368 -51.712131466 0.087751120 0.017290483 0.959168874 -0.268320427
1317401215.541697025 467.751415159 112.470391869 -51.576803221 0.087643352 0.017562452 0.959337327 -0.267735124
1317401215.645375967 467.079807589 112.062569562 -51.434106179 0.087642046 0.018044135 0.959296621 -0.267849348
1317401215.749077082 466.420739347 111.670491008 -51.293398019 0.087054611 0.019418268 0.958941984 -0.269211249
1317401215.852828979 465.748864521 111.263479908 -51.151567320 0.086646202 0.019391410 0.958870591 -0.269598960
1317401215.956579924 465.084458655 110.847539382 -51.003965423 0.085447432 0.018754537 0.958957378 -0.269717909
1317401216.060305119 464.396894327 110.424960082 -50.859433755 0.085264129 0.017377859 0.958820467 -0.270354121
1317401216.164058924 463.715641326 110.009680091 -50.716993920 0.084624532 0.017294701 0.958737458 -0.270854331
1317401216.267857075 463.027966708 109.581086610 -50.565566369 0.084607481 0.017465634 0.958668569 -0.271092421
1317401216.371654987 462.343846508 109.158329332 -50.430776056 0.084306115 0.017291343 0.958738532 -0.270950025
1317401216.475430965 461.667264150 108.742684154 -50.281395161 0.084780355 0.017710447 0.958628076 -0.271165713
1317401216.579231024 461.015893612 108.327490249 -50.142161046 0.086380798 0.018455402 0.958585857 -0.270759875
1317401216.683075905 460.313330192 107.905190429 -49.999338958 0.087013584 0.018414120 0.958407724 -0.271190321
1317401216.786946058 459.635733684 107.470985202 -49.851255250 0.085588036 0.019869365 0.958636905 -0.270730826
1317401216.890815020 458.926310883 107.050384299 -49.701569629 0.083196417 0.020450113 0.958876467 -0.270584680
1317401216.994683981 458.226941074 106.619222651 -49.533091540 0.080222781 0.022060490 0.959333643 -0.269734316
1317401217.098602057 457.559822439 106.219461772 -49.397777631 0.078452756 0.022550133 0.959323870 -0.270248717
1317401217.202545881 456.868491237 105.771900777 -49.243887997 0.076862953 0.022473667 0.959799353 -0.269020861
1317401217.306489944 456.152999075 105.341340683 -49.100759910 0.075149476 0.022695257 0.960057962 -0.268563197
1317401217.410432100 455.509052717 104.950515737 -48.967852348 0.074119566 0.021528352 0.960063954 -0.268923827
1317401217.514373064 454.833701137 104.533199407 -48.835898356 0.074266066 0.021040624 0.959954215 -0.269313478
1317401217.618315935 454.173217517 104.142969328 -48.713237153 0.074339098 0.020207761 0.959821231 -0.269830596
1317401217.722260952 453.465497402 103.706076430 -48.572197825 0.072400745 0.020717805 0.960171906 -0.269070281
1317401217.826205969 452.816018502 103.304715781 -48.446430731 0.071929395 0.020201291 0.960171867 -0.269236058
1317401217.930149078 452.136089015 102.882995092 -48.318257491 0.074344470 0.020172071 0.960121673 -0.268760788
1317401218.034116030 451.500707362 102.491188781 -48.201576885 0.078256882 0.019324209 0.959846702 -0.268694519
1317401218.138081074 450.802342563 102.063650574 -48.060715235 0.081377650 0.018148812 0.959695650 -0.268388817
1317401218.242048979 450.129457705 101.647714733 -47.930975412 0.081445766 0.016471334 0.959624093 -0.268731990
1317401218.346041203 449.447444498 101.224746756 -47.778301784 0.080312494 0.014402184 0.959727287 -0.268823389
1317401218.450030088 448.763179084 100.807418205 -47.644760003 0.079207994 0.012976254 0.959838600 -0.268826287
1317401218.553997040 448.074365316 100.380416315 -47.495891297 0.078027427 0.012207392 0.960044617 -0.268471664
1317401218.657963991 447.399328741 99.971750601 -47.367100659 0.076369558 0.012428932 0.960070054 -0.268846988
1317401218.761905909 446.723118565 99.556049612 -47.223234358 0.075842070 0.012538424 0.960181717 -0.268592330
1317401218.865848064 446.062973580 99.145324003 -47.093423737 0.076908811 0.013651433 0.960148415 -0.268353672
1317401218.969840050 445.394098123 98.731987092 -46.967353527 0.079307932 0.013593711 0.959938241 -0.268410200
1317401219.073831081 444.734265227 98.327968825 -46.829551995 0.080945492 0.014340009 0.959751516 -0.268550216
1317401219.177820921 444.041559270 97.915300957 -46.681861296 0.080590642 0.014215709 0.959741121 -0.268700658
1317401219.281836033 443.393588178 97.513957931 -46.552864095 0.079176353 0.013297249 0.959765537 -0.269080661
1317401219.385848999 442.729976097 97.105586422 -46.404994963 0.077790285 0.011715312 0.959825425 -0.269344718
1317401219.489837885 442.064066457 96.692322255 -46.266409099 0.077012361 0.011767706 0.959899917 -0.269300515
1317401219.593828917 441.409736388 96.290823226 -46.133111094 0.077395155 0.012372738 0.959747696 -0.269705887
1317401219.697822094 440.743192560 95.883153802 -45.997350691 0.077629770 0.013016468 0.959655490 -0.269936162
1317401219.801814079 440.071028166 95.468889949 -45.858903302 0.077355399 0.012225756 0.959740282 -0.269750372
1317401219.905805111 439.412172831 95.070392798 -45.719911243 0.077038529 0.012207674 0.959720560 -0.269911993
1317401220.009793997 438.767666908 94.670786284 -45.586480045 0.076880182 0.012427166 0.959685642 -0.270071233
1317401220.113782883 438.378196047 94.426014735 -45.508861612 0.077278506 0.010189691 0.959717449 -0.269938181
1317401220.217775106 437.938468132 94.165167479 -45.423099975 0.077721832 0.008142708 0.959849466 -0.269410495
1317401220.321767092 437.361015076 93.788247074 -45.297848973 0.077961473 0.007409893 0.959830853 -0.269428722
1317401220.425757885 436.739039478 93.414788235 -45.174224553 0.078596082 0.006851467 0.959634994 -0.269956278
1317401220.529795885 436.369256567 93.174738775 -45.100308309 0.079279988 0.005510770 0.959754522 -0.269361416
1317401220.633858919 435.989086863 92.937203858 -45.031827666 0.079350912 0.002739472 0.959941492 -0.268715947
1317401220.737921953 435.656088310 92.725007463 -44.956313196 0.078422203 0.001394488 0.960005929 -0.268768730
1317401220.841959953 435.335923791 92.522575473 -44.886786234 0.077429081 0.001275292 0.960149252 -0.268545200
1317401220.945998907 434.979607882 92.316370348 -44.809032080 0.077198296 0.002286590 0.960181158 -0.268490853
1317401221.050040007 434.660190501 92.110254825 -44.749627661 0.077516996 0.003264403 0.960177946 -0.268400393
1317401221.154079914 434.354344280 91.928951316 -44.691763679 0.079231120 0.003182886 0.959906718 -0.268870586
1317401221.258093119 433.994297057 91.697882618 -44.615289856 0.080801226 0.003130878 0.959805446 -0.268765447
1317401221.362082958 433.686275284 91.517115926 -44.556345438 0.081405580 0.002932587 0.959733082 -0.268843713
1317401221.466074228 433.323749079 91.297729195 -44.480351127 0.081149438 0.002759727 0.959785341 -0.268736400
1317401221.570039034 432.990063828 91.095079690 -44.415239399 0.080879893 0.002280883 0.959795662 -0.268785283
1317401221.673981905 432.654624099 90.873487837 -44.344619471 0.081596701 0.002687584 0.959682157 -0.268970097
1317401221.777899981 432.314434993 90.679919206 -44.276713496 0.082614426 0.002797988 0.959570134 -0.269057961
1317401221.881827116 431.989616709 90.482530683 -44.204738592 0.084593372 0.002689549 0.959309233 -0.269374318
1317401221.985744953 431.660338503 90.273099630 -44.136794951 0.086710363 0.003395513 0.959098647 -0.269443071
1317401222.089679956 431.336313723 90.080527864 -44.072477571 0.088319662 0.004653677 0.958871519 -0.269709828
1317401222.193623066 430.982475825 89.847886051 -44.002373517 0.088881536 0.006046842 0.958734682 -0.269983921
1317401222.297564983 430.648543103 89.675186070 -43.936563129 0.087904399 0.007241953 0.958622384 -0.270672302
1317401222.401506901 430.299771875 89.463570566 -43.862985672 0.086409281 0.007431350 0.958772648 -0.270616371
1317401222.505428076 429.954803421 89.224769999 -43.782995485 0.084070030 0.006495035 0.959052950 -0.270383956
1317401222.609348059 429.637843988 89.032949407 -43.710220369 0.081024226 0.005261054 0.959374650 -0.270199329
1317401222.713289976 429.277557884 88.813787028 -43.629300869 0.078407277 0.005008754 0.959571615 -0.270276760
1317401222.817234993 428.941390990 88.620506296 -43.552541628 0.076523411 0.005921849 0.959588447 -0.270738087
1317401222.921178102 428.603789920 88.413701461 -43.486084957 0.076166991 0.007137173 0.959635933 -0.270640956
1317401223.025144100 428.270996184 88.212433032 -43.426829236 0.076797933 0.007068255 0.959653787 -0.270401048
1317401223.129111052 427.927902021 87.989374001 -43.366174625 0.076965676 0.006001181 0.959584472 -0.270625039
1317401223.233102083 427.586797236 87.783375524 -43.307459935 0.076599071 0.004420838 0.959715019 -0.270296357
1317401223.337091923 427.238039940 87.550532915 -43.241614624 0.075792933 0.003345260 0.959815517 -0.270182187
1317401223.441059113 426.906618286 87.341637378 -43.180305645 0.075125729 0.002767888 0.959832959 -0.270313067
1317401223.545047998 426.568707986 87.121258444 -43.117913975 0.075064390 0.002262114 0.959857451 -0.270247840
1317401223.649085999 426.241679996 86.921511735 -43.060876207 0.075553060 0.001682073 0.959804498 -0.270303960
1317401223.753124952 425.879797842 86.703794695 -42.999916871 0.076644619 0.001106235 0.959764291 -0.270142340
1317401223.857141018 425.566263110 86.514465388 -42.951622918 0.077600382 0.000579081 0.959651605 -0.270271423
1317401223.961183071 425.234762321 86.308380124 -42.901427733 0.077453633 -0.000187291 0.959688502 -0.270183048
1317401224.065244913 424.878927529 86.102854838 -42.832494851 0.076399457 -0.000086434 0.959764817 -0.270212161
1317401224.169305086 424.551204013 85.886908649 -42.772213171 0.075857682 -0.000274437 0.959752303 -0.270409050
1317401224.273367882 424.207647810 85.662524258 -42.716400681 0.076054114 -0.001665294 0.959711592 -0.270493363
1317401224.377454042 423.871071813 85.447570353 -42.659461649 0.077554778 -0.003191403 0.959699623 -0.270095733
1317401224.481565952 423.548973539 85.255828188 -42.615341703 0.079552227 -0.004515144 0.959638811 -0.269711716
1317401224.585675001 423.234567305 85.051274783 -42.565475409 0.079864675 -0.005135016 0.959657681 -0.269541093
1317401224.689810038 422.896563796 84.853602214 -42.508871462 0.079906188 -0.005805499 0.959744562 -0.269205632
1317401224.793919086 422.524849698 84.628482876 -42.440291159 0.079593121 -0.005659306 0.959700667 -0.269457856
1317401224.898007154 422.143838730 84.622168872 -42.386895610 0.080358919 -0.004871723 0.961491347 -0.262779567
1317401225.002070665 421.886420042 84.438189165 -42.338626991 0.080848797 -0.004803744 0.962083509 -0.260452910
1317401225.106107950 421.288584281 84.171912382 -42.235538904 0.080295366 -0.003607718 0.965049181 -0.249438803
1317401225.210123062 420.739764163 83.913069297 -42.132045095 0.079307462 -0.002520885 0.967312315 -0.240854429
1317401225.314064980 420.027051965 83.532738175 -41.997568820 0.077787527 -0.002512071 0.967664979 -0.239931821
1317401225.417983055 419.423612670 83.166531532 -41.887313975 0.077259603 -0.001888242 0.968424086 -0.237027802
1317401225.521879911 418.695180538 82.789280198 -41.762683272 0.077706236 -0.001892769 0.968445886 -0.236792575
1317401225.625727892 417.990506557 82.424047167 -41.638958971 0.077255842 -0.001638886 0.968467318 -0.236854181
1317401225.729573965 417.264050650 82.039093803 -41.511823406 0.075896940 -0.001296051 0.968580639 -0.236832262
1317401225.833444118 416.531615257 81.657503827 -41.382770516 0.074039685 -0.001016182 0.968741380 -0.236764084
1317401225.937315941 415.843854270 81.297520454 -41.254926089 0.073541163 0.000870891 0.968716675 -0.237020973
1317401226.041208029 415.161118287 80.954649549 -41.149093404 0.075620832 0.001722577 0.968416668 -0.237587205
1317401226.145103931 414.466743462 80.593697708 -41.019825625 0.077863448 0.004096665 0.968167398 -0.237849512
1317401226.248975754 413.765756275 80.225961998 -40.912409035 0.077231591 0.004691645 0.968269922 -0.237627077
1317401226.352847099 413.080826582 79.865569178 -40.777806465 0.075260800 0.004852150 0.968451316 -0.237516981
1317401226.456718922 412.340959134 79.480468324 -40.641517862 0.073217909 0.005583499 0.968502087 -0.237932071
1317401226.560589075 411.628249266 79.111214989 -40.511140562 0.071684244 0.006239748 0.968541251 -0.238223172
1317401226.664483070 410.951126698 78.743985198 -40.397751955 0.070781028 0.005875334 0.968664021 -0.238003238
1317401226.768377066 410.231038726 78.372948340 -40.265415539 0.069028978 0.006710897 0.968670604 -0.238468497
1317401226.872247696 409.535203954 78.010232456 -40.148025477 0.068099130 0.008819467 0.968632104 -0.238823308
1317401226.976119995 408.820014199 77.641336078 -40.026713295 0.068960777 0.009791612 0.968401650 -0.239471878
1317401227.079989910 408.140577300 77.285606352 -39.910667299 0.069966413 0.012562674 0.968109131 -0.240232369
1317401227.183834076 407.420362516 76.912427800 -39.782007632 0.070297281 0.015815451 0.967978045 -0.240471760
1317401227.287658930 406.733682225 76.551726045 -39.662533659 0.069372870 0.016616553 0.968082622 -0.240265127
1317401227.391482115 406.015115132 76.173359594 -39.527242347 0.068192781 0.016293506 0.968092283 -0.240585947
1317401227.495304108 405.342902322 75.802293534 -39.417285171 0.067439925 0.016362869 0.968126908 -0.240654115
1317401227.599126101 404.643562153 75.422319704 -39.281625058 0.067883865 0.015483056 0.968096267 -0.240710769
1317401227.702949047 403.981816740 75.057790704 -39.170898820 0.070797641 0.014096549 0.967926699 -0.240638497
1317401227.806771994 403.246393235 74.670063257 -39.040374924 0.070545068 0.013637974 0.967948339 -0.240652057
1317401227.910621881 402.565532308 74.299735261 -38.923531130 0.068932303 0.012691115 0.968008008 -0.240931047
1317401228.014492989 401.848941597 73.924121705 -38.790074912 0.065441494 0.012198839 0.968333227 -0.240622859
1317401228.118386984 401.165403486 73.558039987 -38.674066317 0.064290152 0.010950737 0.968518257 -0.240248296
1317401228.222305059 400.446998658 73.176931744 -38.555611580 0.064874303 0.009715648 0.968522495 -0.240127273
1317401228.326247931 399.775995517 72.814695519 -38.451805235 0.065941818 0.008667575 0.968482358 -0.240038479
1317401228.430188894 399.055147665 72.431436789 -38.332182511 0.066275541 0.008493452 0.968501162 -0.239876869
1317401228.534131050 398.372385613 72.064402561 -38.212927069 0.065960591 0.009405363 0.968451649 -0.240129431
1317401228.638073921 397.662256685 71.692866155 -38.093289417 0.066230772 0.011225445 0.968405388 -0.240163443
1317401228.742016077 396.968580680 71.326401096 -37.973658752 0.065233808 0.013060279 0.968433002 -0.240232179
1317401228.845959902 396.262984439 70.957413576 -37.846900620 0.064155744 0.014166684 0.968412891 -0.240540680
1317401228.949904919 395.575035361 70.586471241 -37.728718137 0.063550893 0.013628501 0.968383236 -0.240851523
1317401229.053894997 394.897986238 70.225769653 -37.612156007 0.063758223 0.012870591 0.968390619 -0.240808733
1317401229.157886028 394.205216874 69.854602578 -37.497853485 0.064454450 0.012059995 0.968355456 -0.240806749
1317401229.261877060 393.521965553 69.487540081 -37.378399878 0.064642141 0.010615827 0.968395167 -0.240664699
1317401229.365866899 392.839578746 69.117961171 -37.263584313 0.064978857 0.008915890 0.968444082 -0.240446077
1317401229.469856977 392.151250277 68.745815718 -37.144551441 0.065440215 0.006876589 0.968430173 -0.240443945
1317401229.573847055 391.435971488 68.366463968 -37.025206704 0.064806004 0.005816655 0.968581388 -0.240034254
1317401229.677814960 390.747528290 67.996044623 -36.905182770 0.064460916 0.005212549 0.968615836 -0.240002045
1317401229.781783104 390.062699994 67.632020466 -36.793554133 0.063567922 0.004945715 0.968610167 -0.240268607
1317401229.885725021 389.428743243 67.291262050 -36.677984956 0.062196342 0.003394474 0.968715168 -0.240231173
1317401229.989665985 389.024730024 67.070058554 -36.612126868 0.061787377 0.001345499 0.968852340 -0.239803362
1317401230.093631983 388.640114002 66.859890217 -36.544751189 0.062150551 -0.000941833 0.968870049 -0.239639835
1317401230.197576046 388.292012281 66.667592769 -36.494872590 0.062749195 -0.002091299 0.968882074 -0.239427843
1317401230.301496029 387.961402734 66.497644696 -36.437864960 0.064086425 -0.000571469 0.968787355 -0.239465373
1317401230.405438900 387.610244951 66.320809651 -36.384573510 0.065510150 0.002141510 0.968617543 -0.239757983
1317401230.509385109 387.252915354 66.135807604 -36.320172300 0.067823666 0.004067652 0.968363446 -0.240115892
1317401230.613327980 386.927245080 65.952544483 -36.274337236 0.069856612 0.002127064 0.968323357 -0.239719431
1317401230.717266083 386.558193988 65.756175112 -36.217573151 0.070741906 0.000431555 0.968258833 -0.239729492
1317401230.821208000 386.211193099 65.573956204 -36.160992279 0.070422822 0.000548177 0.968208560 -0.240026061
1317401230.925158262 385.845530844 65.402752682 -36.100939985 0.068309274 0.003760796 0.968276614 -0.240333307
1317401231.029126883 385.501774257 65.232466718 -36.035287728 0.067372005 0.006557946 0.968208442 -0.240811999
1317401231.133112907 385.157490466 65.044793951 -35.971173247 0.067438228 0.007833193 0.968234305 -0.240651317
1317401231.237086058 384.800493003 64.855247284 -35.908288754 0.067826736 0.007721736 0.968100088 -0.241085313
1317401231.341027021 384.468040471 64.664899153 -35.852607296 0.067774913 0.007414149 0.968160989 -0.240864882
1317401231.444938898 384.102060085 64.484891035 -35.799424193 0.066494783 0.008495790 0.968147801 -0.241238680
1317401231.548857927 383.755213389 64.330151349 -35.739374484 0.065119379 0.010387582 0.967956516 -0.242305072
1317401231.652776003 383.416760294 64.142089260 -35.686991677 0.064883767 0.010313415 0.967892735 -0.242626016
1317401231.756692886 383.060916834 63.917895839 -35.628014686 0.065467724 0.009002287 0.967996700 -0.242106018
1317401231.860615015 382.728737371 63.751864904 -35.571329282 0.065321503 0.009041094 0.968005592 -0.242108516
1317401231.964534998 382.377646221 63.561006620 -35.507051769 0.064612497 0.011239902 0.967944307 -0.242451454
1317401232.068451881 382.030161641 63.395483879 -35.448887644 0.064386706 0.013001449 0.967829186 -0.242882649
1317401232.172394037 381.691078993 63.204194463 -35.397076797 0.065641479 0.013605739 0.967690339 -0.243066838
1317401232.276360989 381.345046556 63.003537352 -35.349529322 0.067709004 0.012466720 0.967533235 -0.243186165
1317401232.380326986 380.998548911 62.810379844 -35.302167869 0.068875450 0.010437943 0.967469253 -0.243208689
1317401232.484268904 380.651113600 62.612616960 -35.248078247 0.068240716 0.009690872 0.967537596 -0.243146647
1317401232.588212967 380.291305421 62.429647714 -35.182426940 0.067265014 0.010559672 0.967588225 -0.243180876
1317401232.692181110 379.931470724 62.244506387 -35.121973865 0.066841457 0.012089780 0.967531531 -0.243451830
1317401232.796147108 379.577384593 62.051689230 -35.065008879 0.066398939 0.012842110 0.967661004 -0.243019430
1317401232.900114059 379.214783878 61.844864991 -34.999513039 0.066417979 0.012238205 0.967723773 -0.242795342
1317401233.004080057 378.871855194 61.662106743 -34.951552542 0.067892275 0.010456762 0.967705427 -0.242543816
1317401233.108046055 378.534730166 61.467109685 -34.898389224 0.070100528 0.008832207 0.967510216 -0.242758914
1317401233.212017059 378.164414231 61.271845952 -34.846077549 0.072522752 0.007766624 0.967425591 -0.242420826
1317401233.315983057 377.815479100 61.077203112 -34.789219286 0.072707588 0.006967216 0.967484208 -0.242155677
1317401233.419972897 377.471679620 60.886807951 -34.734397177 0.071517147 0.005278733 0.967495658 -0.242506874
1317401233.523962021 377.091964131 60.689767036 -34.670970701 0.069087699 0.002868886 0.967768865 -0.242161274
1317401233.627926111 376.738514324 60.483111814 -34.606339045 0.065289551 -0.000028440 0.967993865 -0.242332728
1317401233.731918097 376.391888345 60.291190616 -34.543874299 0.063011249 -0.002673862 0.968096219 -0.242512153
1317401233.835933924 376.039043108 60.098828629 -34.492199283 0.063991013 -0.005684402 0.968044642 -0.242409589
1317401233.939949036 375.688280435 59.901114274 -34.455155023 0.065417066 -0.007271822 0.968005027 -0.242144578
1317401234.043986082 375.348960573 59.721861547 -34.411348006 0.067688397 -0.008061449 0.967867831 -0.242043707
1317401234.148072004 375.005096601 59.541156062 -34.366625748 0.070173713 -0.006788223 0.967802200 -0.241637066
1317401234.252182961 374.668658990 59.355248734 -34.319230265 0.071851187 -0.007034011 0.967622269 -0.241857551
1317401234.356295109 374.340236545 59.177422506 -34.273327316 0.073046643 -0.006329601 0.967443206 -0.242234943
1317401234.460406065 373.990688045 58.996640812 -34.217022936 0.073069463 -0.006456962 0.967687253 -0.241247883
1317401234.564515114 373.427883978 58.868558354 -34.126346131 0.072399453 -0.005533147 0.969387917 -0.234552274
1317401234.668648958 372.957774093 58.622632590 -34.046275081 0.070362761 -0.005122587 0.971470754 -0.226423091
1317401234.772785902 372.298417123 58.284430385 -33.940715960 0.068161432 -0.004883608 0.974315673 -0.214567330
1317401234.876897097 371.653300686 57.958478526 -33.836480458 0.066335598 -0.004089038 0.976747321 -0.203832137
1317401234.980982065 370.977411815 57.656102514 -33.726086357 0.066301902 -0.002962910 0.978565717 -0.194947216
1317401235.084997892 370.378756617 57.392667929 -33.641719100 0.068943939 -0.001014397 0.980291999 -0.185130497
1317401235.188941002 369.447451634 57.011383344 -33.509003678 0.072667374 0.002885162 0.981628337 -0.176399936
1317401235.292834997 368.704111678 56.747377872 -33.402603217 0.072871173 0.005325371 0.981891967 -0.174784433
1317401235.396657944 367.955376268 56.489132861 -33.282780264 0.070984475 0.008090373 0.982127472 -0.174130351
1317401235.500410080 367.201636389 56.221361480 -33.155032237 0.069379384 0.010564663 0.982183052 -0.174331126
1317401235.604134083 366.440518057 55.943039581 -33.032992819 0.067600320 0.011940271 0.982206763 -0.174807038
1317401235.707860947 365.707360711 55.676904846 -32.917895985 0.065361025 0.012458704 0.982267234 -0.175282054
1317401235.811567068 364.934345153 55.394496919 -32.792114124 0.062515866 0.013454350 0.982293350 -0.176098045
1317401235.915245056 364.172758312 55.121081294 -32.675792264 0.060994182 0.014800054 0.982124490 -0.177460288
1317401236.018945932 363.448995066 54.850409106 -32.570796098 0.061891887 0.016376112 0.981984333 -0.177786350
1317401236.122672081 362.699886810 54.584406477 -32.468395335 0.063654255 0.018574222 0.981720361 -0.178404782
1317401236.226422071 361.987495180 54.329813683 -32.370866737 0.065298911 0.018122506 0.981474645 -0.179207000
1317401236.330199003 361.243995914 54.032884107 -32.261470996 0.066328284 0.017150932 0.981346173 -0.179627650
1317401236.433991909 360.512775401 53.745342125 -32.150299783 0.065816289 0.017395230 0.981447175 -0.179240246
1317401236.537817001 359.752269426 53.467181368 -32.034174815 0.064025300 0.017824606 0.981440198 -0.179883804
1317401236.641647100 359.008504832 53.173111358 -31.923538444 0.063006511 0.017126837 0.981604504 -0.179414184
1317401236.745467901 358.249238656 52.887693192 -31.806257108 0.063043599 0.015798909 0.981456496 -0.180330378
1317401236.849288940 357.466244295 52.597984244 -31.695707131 0.062630285 0.015358385 0.981183619 -0.181989760
1317401236.953136921 356.621202608 52.296620016 -31.567616027 0.061826250 0.014756249 0.980815466 -0.184284532
1317401237.057007074 355.709385138 51.922387152 -31.426780616 0.060710103 0.014607356 0.980972855 -0.183829175
1317401237.160847902 354.971843560 51.619811212 -31.324322350 0.059694917 0.014224668 0.981064182 -0.183704238
1317401237.264693022 354.135719415 51.302635973 -31.190706757 0.059809859 0.014851598 0.981104343 -0.183402506
1317401237.368570089 353.377884233 51.004589995 -31.088133986 0.061459195 0.014088420 0.981022865 -0.183353273
1317401237.472466946 352.646234544 50.717922561 -30.984565140 0.061705980 0.014256484 0.980980972 -0.183481488
1317401237.576384068 351.920494165 50.439975103 -30.881964158 0.060695583 0.014356700 0.981159152 -0.182856909
1317401237.680326939 351.140028316 50.142361668 -30.761259129 0.059114410 0.013971728 0.981163487 -0.183380720
1317401237.784270048 350.381840067 49.850324961 -30.649165238 0.058298447 0.015252483 0.981170520 -0.183502217
1317401237.888187885 349.654290185 49.574456531 -30.541087065 0.058786211 0.017607214 0.981057013 -0.183742496
1317401237.992084026 348.911461285 49.285035977 -30.431749244 0.059856907 0.018602994 0.980942401 -0.183910536
1317401238.095978975 348.175109134 49.003190904 -30.325015791 0.059184870 0.019777465 0.980946042 -0.183986050
1317401238.199898005 347.430227242 48.715847491 -30.215329991 0.057091558 0.020028584 0.981111158 -0.183739777
1317401238.303838015 346.679156014 48.427328803 -30.103139415 0.053193959 0.018107420 0.981292935 -0.184137718
1317401238.407803059 345.919952389 48.120985867 -30.002689058 0.050159144 0.015595756 0.981612469 -0.183515102
1317401238.511770010 345.183234942 47.829559344 -29.899267870 0.048585149 0.013658467 0.981726756 -0.183481626
1317401238.615739107 344.456087341 47.546584354 -29.810192655 0.049991511 0.013596594 0.981675539 -0.183382435
1317401238.719708920 343.744656153 47.267627095 -29.721273938 0.053250760 0.015067262 0.981441966 -0.183600115
1317401238.823652029 342.991160357 46.977668852 -29.630657777 0.055698627 0.015252582 0.981293543 -0.183651854
1317401238.927593946 342.264586383 46.701630967 -29.531198685 0.055743235 0.016335400 0.981204176 -0.184022311
1317401239.031534910 341.519130513 46.414572522 -29.422265063 0.055035207 0.017365594 0.981219636 -0.184058652
1317401239.135454893 340.775022121 46.119681140 -29.316796864 0.055342640 0.016697459 0.981222112 -0.184015089
1317401239.239372969 340.042582697 45.845900831 -29.218046268 0.055195837 0.018344726 0.981205317 -0.183991893
1317401239.343291044 339.292643927 45.552000971 -29.107413735 0.053375399 0.018876496 0.981224107 -0.184374609
1317401239.447211027 338.553287507 45.264736039 -28.999795981 0.050883091 0.019449844 0.981354739 -0.184324419
1317401239.551130056 337.822619698 44.978130949 -28.904062057 0.049530503 0.018253332 0.981419509 -0.184470302
1317401239.655048847 337.090219951 44.694922505 -28.795705138 0.049243512 0.019627951 0.981355384 -0.184746937
1317401239.758991957 336.367360029 44.406400915 -28.699113923 0.051232156 0.020257922 0.981191211 -0.185009971
1317401239.862956047 335.638169422 44.127936090 -28.603560834 0.053398211 0.020654495 0.980994404 -0.185396877
1317401239.966923952 334.905980404 43.831636276 -28.511250406 0.054756156 0.019538953 0.981048519 -0.184834508
1317401240.070867062 334.161770886 43.551506218 -28.405707881 0.054272121 0.019460918 0.981001855 -0.185232748
1317401240.174808025 333.456628418 43.273970790 -28.304621936 0.052686648 0.019215230 0.980985305 -0.185802918
1317401240.278752089 332.705316407 42.980308510 -28.196590468 0.051202064 0.019414693 0.981020497 -0.186011296
1317401240.382671118 331.966500961 42.691652652 -28.093577695 0.050501790 0.018739938 0.980996850 -0.186396257
1317401240.486613035 331.277973491 42.416909947 -27.997931100 0.050366320 0.017906297 0.980966220 -0.186675852
1317401240.590579033 330.894947524 42.261099895 -27.946476750 0.050136071 0.017210516 0.980985154 -0.186703774
1317401240.694545984 330.486985222 42.103132071 -27.888018177 0.050157203 0.017181425 0.981043336 -0.186394813
1317401240.798511982 330.134590093 41.964667624 -27.839868312 0.050724856 0.017358266 0.980911964 -0.186915484
1317401240.902503014 329.801231058 41.830204758 -27.798884551 0.051534500 0.016694860 0.980749304 -0.187606713
1317401241.006493092 329.420639860 41.686591140 -27.748657020 0.051612145 0.016149667 0.980667024 -0.188062655
1317401241.110483885 329.078783205 41.543678993 -27.701350564 0.051730486 0.015135005 0.980595175 -0.188488704
1317401241.214476109 328.735861200 41.585187832 -27.655010543 0.052107174 0.014001503 0.978727582 -0.197942215
1317401241.318466902 328.357791768 41.488154449 -27.603167101 0.052818247 0.014025259 0.978203782 -0.200326945
1317401241.422458887 328.198706135 41.224372816 -27.578139900 0.053491619 0.013105765 0.976242098 -0.209566818
1317401241.526426077 327.963886102 41.041611722 -27.544017743 0.054830454 0.011894197 0.975031122 -0.214863817
1317401241.630367994 328.015218338 40.853122048 -27.546678307 0.056298447 0.010478188 0.972605796 -0.225296822
1317401241.734309912 327.700388959 40.716916766 -27.502173747 0.057722620 0.009181567 0.969942644 -0.236209790
1317401241.838253021 327.542364528 40.622627065 -27.482221771 0.058528656 0.008673458 0.969456607 -0.238019021
1317401241.942174911 327.328341939 40.562819765 -27.455671676 0.058670189 0.007799589 0.968439765 -0.242118558
1317401242.046070099 327.050601182 40.387468847 -27.418235372 0.058438167 0.006545718 0.965671799 -0.253021958
1317401242.149920940 326.857462984 40.307530636 -27.392615051 0.058057498 0.006005443 0.963246797 -0.262200056
1317401242.253742933 326.615510512 40.178903469 -27.355684139 0.057221914 0.005112055 0.959879102 -0.274466078
1317401242.357558966 326.376788880 39.964461863 -27.316854244 0.056323539 0.003520487 0.957112238 -0.284167958
1317401242.461358070 326.164221363 39.779567804 -27.281440312 0.055305042 0.000654497 0.953470421 -0.296369838
1317401242.565135002 325.966110710 39.651632537 -27.249413273 0.054425128 -0.002778339 0.949370999 -0.309394396
1317401242.668932915 325.803193884 39.372372779 -27.218924104 0.053209336 -0.005379213 0.945227636 -0.322000848
1317401242.772751093 325.685794671 39.277360716 -27.194537602 0.051990277 -0.006871832 0.941366206 -0.333285846
1317401242.876550913 325.439520291 39.218476544 -27.160177334 0.051048779 -0.008750876 0.936914073 -0.345701408
1317401242.980328083 325.322269417 39.113376435 -27.144227521 0.050656030 -0.010294668 0.931186273 -0.360860238
1317401243.084103107 325.190182275 38.999270910 -27.124925004 0.050560171 -0.011200585 0.925507958 -0.375170942
1317401243.187850952 325.025440998 38.871685853 -27.106978281 0.050787859 -0.012141597 0.919154622 -0.390420231
1317401243.291578770 324.930204994 38.578020938 -27.092416222 0.051542853 -0.013359746 0.913451253 -0.403449699
1317401243.395304918 324.845499175 38.405889767 -27.086750142 0.052446792 -0.015189196 0.906273700 -0.419149857
1317401243.499054909 325.002396588 38.240397899 -27.103180721 0.052887518 -0.016949617 0.897880780 -0.436721565
1317401243.602804899 325.117169720 38.151105226 -27.121255158 0.052779117 -0.017725303 0.887444542 -0.457539466
1317401243.706510067 324.996651350 37.885631456 -27.096281416 0.052704432 -0.017707126 0.875611793 -0.479804844
1317401243.810214043 324.806466736 37.627973343 -27.075711532 0.052451464 -0.017722783 0.866055760 -0.496872385
1317401243.913943052 324.643827746 37.382254161 -27.044138012 -0.051438821 0.017822694 -0.856551110 0.513182809
1317401244.017669916 324.525444673 37.124481443 -27.036492960 -0.050663720 0.018067275 -0.844928452 0.532167898
1317401244.121395111 324.402390844 36.757366836 -27.012178104 -0.050317540 0.019043640 -0.834045038 0.549066809
1317401244.225120068 324.246867923 36.411022274 -26.995705377 -0.050379698 0.021154783 -0.822741846 0.565782834
1317401244.328846931 324.131210390 36.038232291 -26.974817709 -0.049375438 0.023404761 -0.810386520 0.583342071
1317401244.432573080 323.968734231 35.689399113 -26.949642201 -0.047600987 0.024941311 -0.797819618 0.600496406
1317401244.536324978 323.829973772 35.262214094 -26.918031803 -0.045772284 0.025741175 -0.784891811 0.617403543
1317401244.640125036 323.730196341 34.825992030 -26.897128930 -0.044079820 0.026663855 -0.772733960 0.632635942
1317401244.743949890 323.620451173 34.403784194 -26.877034009 -0.042329438 0.028095683 -0.760748868 0.647054875
1317401244.847820044 323.600103017 33.926274721 -26.869331923 -0.040155271 0.029012565 -0.748828147 0.660910154
1317401244.951784849 323.540402904 33.396857719 -26.853756568 -0.038435530 0.029580763 -0.738513798 0.672491680
1317401245.055799007 323.499173650 32.856396509 -26.841165820 -0.037239796 0.030087124 -0.729619545 0.682175404
1317401245.159862995 323.447062829 32.356516683 -26.831560743 -0.036515854 0.030741685 -0.721360741 0.690912601
1317401245.263976097 323.411901749 31.787335373 -26.822208134 -0.035374939 0.030671065 -0.714349086 0.698221514
1317401245.368108988 323.573130419 31.208742737 -26.842938054 -0.033248263 0.029668196 -0.707478306 0.705328858
1317401245.472218037 323.428237965 30.543013631 -26.816351623 -0.030386238 0.028146963 -0.700738599 0.712214743
1317401245.576256990 323.402802839 29.889509988 -26.801043200 -0.027201256 0.027492987 -0.694562596 0.718391974
1317401245.680273056 323.438062897 29.253304044 -26.793484194 -0.023399954 0.027475562 -0.687013945 0.725747460
1317401245.784261942 323.461483662 28.591822702 -26.785766997 -0.019189050 0.027942984 -0.677382690 0.734849414
1317401245.888205051 323.495134057 27.887531288 -26.776082215 -0.015679935 0.028796347 -0.667867375 0.743557717
1317401245.992147923 323.595325481 27.234039117 -26.780782989 -0.012239519 0.030059658 -0.655591061 0.754418301
1317401246.096115112 323.694122706 26.596940768 -26.787072625 -0.010156515 0.031212559 -0.644115913 0.764223339
1317401246.200081110 323.777445514 26.133044556 -26.796149463 -0.008866163 0.032096878 -0.636379636 0.770656954
1317401246.304047108 323.899700166 25.567023695 -26.808036920 -0.008061546 0.032712178 -0.626291192 0.778860879
1317401246.408037901 324.020399121 25.110647423 -26.822895962 -0.008585315 0.033032869 -0.617972521 0.785458519
1317401246.512053013 324.133850007 24.563421255 -26.838127652 -0.009527251 0.033124384 -0.607703754 0.793415499
1317401246.616092920 324.313916593 23.995873140 -26.856240673 -0.010742173 0.032643748 -0.598122219 0.800667723
1317401246.720202923 324.528068139 23.409696113 -26.878411498 -0.012028099 0.032924002 -0.589085835 0.807309862
1317401246.824362040 324.650751172 22.976728234 -26.891937399 -0.013685333 0.033562088 -0.585684602 0.809728254
1317401246.928544044 324.848307487 22.352573582 -26.912433307 -0.015330734 0.035013575 -0.580919865 0.813062808
1317401247.032752037 325.008175360 21.960935467 -26.932494465 -0.016125288 0.035706794 -0.579845810 0.813783655
1317401247.136910915 325.129312109 21.567137118 -26.938620572 -0.015841953 0.036369295 -0.579447529 0.814043530
1317401247.241043091 325.291907154 21.155457630 -26.952682843 -0.015145279 0.036756397 -0.579594271 0.813934929
1317401247.345156908 325.416226184 20.754762101 -26.963373797 -0.014684838 0.037250775 -0.579162725 0.814228023
1317401247.449245930 325.572475517 20.344479619 -26.976053754 -0.014809659 0.036933892 -0.578846282 0.814465189
1317401247.553353071 325.692195508 20.022033809 -26.994887533 -0.015892336 0.036678178 -0.579395556 0.814065682
1317401247.657464027 325.792326970 19.712770880 -27.013134623 -0.017036457 0.036558746 -0.577709527 0.815245312
1317401247.761574984 325.946290444 19.295195595 -27.027300302 -0.017871580 0.035754567 -0.578440648 0.814744521
1317401247.865663052 326.069941405 18.957180331 -27.048882026 -0.018352467 0.035306828 -0.578173611 0.814942875
1317401247.969748974 326.193314466 18.589633767 -27.063877585 -0.018375282 0.035241682 -0.577774552 0.815228152
1317401248.073832989 326.317435054 18.207101585 -27.071591169 -0.017507573 0.035095870 -0.577631489 0.815354909
1317401248.177896023 326.442080844 17.834175207 -27.085226183 -0.017461438 0.035910838 -0.577243263 0.815595319
1317401248.281938076 326.604348340 17.435747865 -27.101526974 -0.017620205 0.036187710 -0.578480363 0.814702675
1317401248.385952950 326.734614143 17.047069865 -27.113821962 -0.017244432 0.036219550 -0.578537404 0.814668795
1317401248.489964962 326.879653765 16.667403676 -27.130599347 -0.017558686 0.036468721 -0.578749904 0.814500014
1317401248.593981028 326.992145847 16.322431089 -27.148982111 -0.018338788 0.036624804 -0.578041573 0.814978683
1317401248.697995663 327.133491366 15.929433413 -27.160179748 -0.018658511 0.036338138 -0.578343831 0.814769791
1317401248.802010059 327.277017300 15.571371600 -27.180441846 -0.019981731 0.036059897 -0.578489457 0.814647385
1317401248.906049013 327.401941188 15.231466509 -27.194830340 -0.022690612 0.035416129 -0.577156033 0.815549966
1317401249.010087013 327.551885625 14.822841973 -27.206683594 -0.024011632 0.034632694 -0.577739888 0.815132284
1317401249.114125967 327.672341892 14.459329656 -27.223868794 -0.024171851 0.034921082 -0.577649514 0.815179292
1317401249.218163967 327.809373712 14.075112297 -27.228976731 -0.023377087 0.035966687 -0.577990541 0.814915237
1317401249.322155952 327.947493834 13.700745417 -27.237155096 -0.022774817 0.036892915 -0.578065698 0.814837573
1317401249.426121950 328.084267178 13.314779972 -27.239628340 -0.022922681 0.036629662 -0.577814720 0.815023293
1317401249.530090094 328.205247140 12.952603950 -27.252499760 -0.023499678 0.036044334 -0.577638534 0.815157834
1317401249.634057045 328.344064813 12.575907981 -27.263881082 -0.023138383 0.036329650 -0.577781141 0.815054431
1317401249.738023281 328.470443258 12.195190511 -27.273735798 -0.021945320 0.037400224 -0.577706505 0.815091909
1317401249.841967106 328.603483983 11.798844444 -27.274913961 -0.020839839 0.038735702 -0.577400459 0.815275387
1317401249.945884943 328.734140768 11.430106322 -27.282664864 -0.019816834 0.038581538 -0.577649821 0.815131549
1317401250.049802065 328.875725280 11.058149566 -27.298742601 -0.020185390 0.038225249 -0.577587304 0.815183591
1317401250.153744936 328.995580406 10.699185615 -27.307652750 -0.021289753 0.036747508 -0.576874555 0.815727966
1317401250.257711887 329.141541012 10.318415177 -27.321852890 -0.023193939 0.036406383 -0.576784359 0.815755122
1317401250.361702919 329.285072131 9.959302761 -27.337013233 -0.025923834 0.037223952 -0.576776167 0.815641824
1317401250.465694904 329.432769067 9.588154050 -27.358582866 -0.027809268 0.039296949 -0.576645631 0.815574773
1317401250.569684982 329.566301009 9.205381902 -27.358642492 -0.029155626 0.040903876 -0.576924654 0.815251351
1317401250.673697948 329.709349836 8.835286066 -27.371622992 -0.030696122 0.041833543 -0.576546272 0.815415293
1317401250.777714014 329.851445037 8.485795616 -27.372710776 -0.032199606 0.042322970 -0.576077448 0.815663365
1317401250.881728649 329.982981686 8.095559414 -27.380243381 -0.033566271 0.044314839 -0.575974464 0.815575207
1317401250.985765934 330.130100274 7.704229785 -27.394317536 -0.033330575 0.046231318 -0.576570193 0.815057391
1317401251.089806080 330.273994149 7.333180800 -27.391481239 -0.032864388 0.049335223 -0.576879341 0.814675514
1317401251.193845987 330.405963571 6.937395585 -27.401716668 -0.033429339 0.050873980 -0.576469620 0.814847897
1317401251.297908068 330.538483185 6.581275477 -27.422001311 -0.034933063 0.050827092 -0.576415882 0.814825760
1317401251.401993990 330.677894946 6.215762920 -27.436177300 -0.036391700 0.050354911 -0.576702740 0.814588225
1317401251.506104946 330.797377956 5.824036871 -27.450450701 -0.036197592 0.050415697 -0.576281549 0.814891138
1317401251.610215902 330.935957042 5.451318964 -27.454440466 -0.036038444 0.051553150 -0.576614377 0.814591532
1317401251.714303017 331.057033265 5.068902632 -27.471860263 -0.035094217 0.053334130 -0.576272982 0.814759668
1317401251.818366051 331.190492682 4.684628578 -27.474654704 -0.034171139 0.054019182 -0.576191940 0.814811088
1317401251.922415972 331.317072551 4.318875248 -27.500541553 -0.035017806 0.053935585 -0.576608941 0.814485626
1317401252.026407957 331.452320850 3.954222009 -27.523977533 -0.036066146 0.053059662 -0.576485092 0.814585075
1317401252.130364895 331.586142766 3.553447506 -27.534221958 -0.035340041 0.052106756 -0.576525079 0.814650109
1317401252.234282017 331.699933012 3.188029462 -27.551320643 -0.034135198 0.051788305 -0.576814863 0.814516650
1317401252.338151932 331.832103587 2.827229781 -27.563727597 -0.032981423 0.051701751 -0.576648311 0.814687596
1317401252.441998005 331.964445155 2.416838995 -27.578157971 -0.031885167 0.050547762 -0.576996800 0.814556905
1317401252.545821905 332.096234263 2.062823274 -27.598390685 -0.031136459 0.050346854 -0.576552804 0.814912621
1317401252.649620056 332.222784392 1.674116603 -27.613030250 -0.030165490 0.050661116 -0.576656751 0.814856114
1317401252.753418922 332.352122197 1.296175224 -27.622018867 -0.028976929 0.050586500 -0.576656434 0.814904106
1317401252.857218027 332.483451830 0.922112112 -27.635840483 -0.028555329 0.050130771 -0.576748591 0.814881931
1317401252.960993052 332.609196867 0.554458682 -27.654233377 -0.028280115 0.049057325 -0.576622929 0.815045773
1317401253.064769983 332.748248398 0.156646065 -27.658436806 -0.026802665 0.048190726 -0.576692064 0.815098481
1317401253.168542862 332.877787170 -0.219701501 -27.681171181 -0.025919517 0.047739600 -0.577094033 0.814869061
1317401253.272291899 332.993827788 -0.564718872 -27.689820328 -0.025959590 0.047172977 -0.576177696 0.815548940
1317401253.376066923 333.146020670 -0.966170735 -27.706892178 -0.025678087 0.047155499 -0.576797059 0.815120941
1317401253.479866028 333.275208087 -1.345170094 -27.724731736 -0.024520345 0.048612719 -0.576875622 0.815015382
1317401253.583666086 333.412110669 -1.714821482 -27.740935356 -0.023500661 0.050551341 -0.576605051 0.815118946
1317401253.687465906 333.545740570 -2.100705115 -27.757754378 -0.022786906 0.050634057 -0.576857215 0.814955645
1317401253.791239977 333.678808388 -2.471575503 -27.785430712 -0.022738301 0.049889171 -0.576931195 0.814950573
1317401253.895037889 333.796864174 -2.830519889 -27.802701698 -0.023515570 0.049098911 -0.576350790 0.815387075
1317401253.998861074 333.944496820 -3.219070108 -27.824695934 -0.024086075 0.049175234 -0.576817918 0.815035426
1317401254.102663994 334.073555646 -3.577207874 -27.842644743 -0.025697484 0.049775233 -0.576497196 0.815176698
1317401254.206461906 334.205789370 -3.950774327 -27.861217671 -0.026821906 0.050480794 -0.576493841 0.815099458
1317401254.310254097 334.340680155 -4.336925033 -27.881929248 -0.027740015 0.051912424 -0.576409508 0.815038448
1317401254.414052963 334.467974729 -4.710034210 -27.905938428 -0.028225076 0.053564219 -0.576448856 0.814887070
1317401254.517875910 334.606517335 -5.081109623 -27.926524641 -0.028471090 0.053858798 -0.576593854 0.814756500
1317401254.621675968 334.729411527 -5.470911103 -27.945433178 -0.027938638 0.052533744 -0.576538500 0.814900605
1317401254.725450039 334.862490079 -5.836925061 -27.967065151 -0.028123286 0.050880564 -0.576409032 0.815090717
1317401254.829251051 334.983015945 -6.195878021 -27.979872183 -0.028257960 0.048969174 -0.576245318 0.815318858
1317401254.933073997 335.123412853 -6.601360029 -28.001460197 -0.027547565 0.048686308 -0.576848503 0.814933482
1317401255.036895990 335.249128095 -6.984353575 -28.016551004 -0.026421732 0.049869704 -0.576823233 0.814917090
1317401255.140717030 335.376301791 -7.345168690 -28.032908169 -0.025334303 0.050509486 -0.576551862 0.815104236
1317401255.244539022 335.519503084 -7.736572221 -28.048908981 -0.023998980 0.049475866 -0.576963720 0.814916593
1317401255.348362923 335.645338212 -8.105878509 -28.062986529 -0.024052043 0.048706857 -0.576866825 0.815029943
1317401255.452187061 335.770215990 -8.453515985 -28.070344696 -0.024686395 0.047992850 -0.576196078 0.815527650
1317401255.556010962 335.915661072 -8.828678722 -28.088829589 -0.026988862 0.048386626 -0.576556077 0.815176929
1317401255.659833908 336.047152251 -9.205546175 -28.099938486 -0.027603970 0.049882740 -0.576245667 0.815285634
1317401255.763655901 336.186272549 -9.576645082 -28.114575239 -0.027763743 0.051309771 -0.575874447 0.815453924
1317401255.867478132 336.319320912 -9.969941550 -28.118043248 -0.027030408 0.052141220 -0.575954537 0.815369254
1317401255.971302032 336.447484846 -10.344506554 -28.139705667 -0.025549210 0.051887703 -0.576021035 0.815386210
1317401256.075098991 336.586826205 -10.724627753 -28.147179827 -0.024580620 0.051947312 -0.576158716 0.815314911
1317401256.178899050 336.716717777 -11.113409227 -28.165079864 -0.024682245 0.051579494 -0.576384217 0.815175795
1317401256.282720089 336.848591716 -11.473573768 -28.183105993 -0.025245550 0.051983113 -0.576197552 0.815264865
1317401256.386542082 336.986742408 -11.825867095 -28.199932802 -0.026495705 0.052812489 -0.576052574 0.815274341
1317401256.490340948 337.121469658 -12.223452654 -28.220669496 -0.026802888 0.053110676 -0.575984409 0.815293089
1317401256.594139099 337.251783146 -12.596355031 -28.240619375 -0.026625259 0.053795144 -0.576051181 0.815206854
1317401256.697915077 337.384769501 -12.988510145 -28.255751861 -0.024970082 0.054389531 -0.576374009 0.814991580
1317401256.801666021 337.516092770 -13.372413695 -28.271643223 -0.023003929 0.054619008 -0.576571115 0.814894676
1317401256.905415058 337.647024226 -13.740423376 -28.291489143 -0.021396889 0.054704000 -0.576418527 0.815040690
1317401257.009169102 337.776462147 -14.124235237 -28.316414081 -0.021262101 0.054177953 -0.576770906 0.814830040
1317401257.112921953 337.908924250 -14.503793699 -28.338344297 -0.021590127 0.053560916 -0.576833843 0.814817656
1317401257.216670036 338.036502520 -14.866360475 -28.365821599 -0.022361099 0.053554364 -0.576815347 0.814810387
1317401257.320417881 338.170194695 -15.233593428 -28.387324091 -0.022048687 0.054004358 -0.576269844 0.815175105
1317401257.424170971 338.300360956 -15.623874178 -28.410544897 -0.021217820 0.054955086 -0.576486144 0.814980655
1317401257.527921915 338.435617059 -15.997404635 -28.435938400 -0.020268083 0.055194695 -0.576444283 0.815018244
1317401257.631648064 338.571619495 -16.369720959 -28.458795646 -0.020028339 0.054746247 -0.576331463 0.815134197
1317401257.735421896 338.704702421 -16.754174788 -28.483010459 -0.020481294 0.054105240 -0.576498608 0.815047541
1317401257.839220047 338.835523996 -17.109756804 -28.511689882 -0.021883547 0.054082282 -0.576181723 0.815236677
1317401257.943043947 338.977692095 -17.484119091 -28.538812989 -0.022524242 0.054822817 -0.576226390 0.815138188
1317401258.046891928 339.112741997 -17.872887725 -28.558730317 -0.022085668 0.055917637 -0.576584490 0.814822537
1317401258.150713205 339.235769995 -18.251185380 -28.581613532 -0.020943738 0.056836220 -0.576474810 0.814866736
1317401258.254535913 339.361395494 -18.638894516 -28.608811218 -0.019791311 0.056438963 -0.576589729 0.814841845
1317401258.358335018 339.498582439 -19.020245250 -28.633576684 -0.019168209 0.055412459 -0.576638574 0.814892627
1317401258.462133646 339.626179330 -19.372244825 -28.660090181 -0.019330650 0.054443417 -0.576227329 0.815244936
1317401258.565958261 339.758928499 -19.736260398 -28.691078060 -0.020414898 0.054022835 -0.575910449 0.815470367
1317401258.669756889 339.888968613 -20.121339531 -28.719637936 -0.020891402 0.054538339 -0.576083490 0.815301743
1317401258.773554087 340.031085051 -20.499985073 -28.740845828 -0.020974670 0.055365314 -0.576109551 0.815225448
1317401258.877352953 340.158382197 -20.856009747 -28.770027126 -0.021387644 0.055736690 -0.576193759 0.815129893
1317401258.981127977 340.287232235 -21.243146582 -28.796499157 -0.020937045 0.055436907 -0.576127364 0.815208961
1317401259.084902048 340.421374643 -21.631692650 -28.819968424 -0.020418748 0.055600940 -0.576351305 0.815052626
1317401259.188677073 340.557062035 -21.994937037 -28.842059455 -0.020739938 0.054475562 -0.576161033 0.815255010
1317401259.292475939 340.682772645 -22.346868966 -28.866702617 -0.021737931 0.052415401 -0.575889469 0.815555889
1317401259.396297932 340.813027850 -22.723351541 -28.885260815 -0.022568040 0.051508877 -0.575926826 0.815564719
1317401259.500097036 340.948745622 -23.112095519 -28.902588245 -0.022461898 0.052143812 -0.576042287 0.815445749
1317401259.603897095 341.083879305 -23.503141875 -28.921024614 -0.021761887 0.053193512 -0.576238931 0.815257974
1317401259.707695007 341.223501286 -23.878549803 -28.941492795 -0.020818227 0.054114772 -0.576273180 0.815197776
1317401259.811492920 341.350214439 -24.257895333 -28.960035029 -0.020112534 0.054064608 -0.576286194 0.815209621
1317401259.915316105 341.494429648 -24.639449225 -28.978008437 -0.019773916 0.053486269 -0.576353104 0.815208753
1317401260.019115925 341.613716781 -24.989805454 -29.001993406 -0.020630229 0.053028792 -0.576111005 0.815388528
1317401260.122915030 341.758357787 -25.370067695 -29.016263645 -0.021024099 0.053051181 -0.576104689 0.815381473
1317401260.226736069 341.885551839 -25.743783329 -29.034794049 -0.021333600 0.053948018 -0.575845454 0.815497702
1317401260.330534935 342.023707106 -26.121958343 -29.049365905 -0.021041207 0.054820468 -0.576003634 0.815335390
1317401260.434335947 342.160086304 -26.495526053 -29.068907137 -0.020114154 0.054928187 -0.576077201 0.815299561
1317401260.538134098 342.294095064 -26.879211135 -29.083903953 -0.019927155 0.054994564 -0.576168860 0.815234906
1317401260.641907930 342.426658420 -27.249197036 -29.104049707 -0.019943178 0.054845381 -0.576026567 0.815345110
1317401260.745707989 342.557714148 -27.617593718 -29.119194562 -0.019841493 0.054721225 -0.575962641 0.815401091
1317401260.849505901 342.701419651 -28.019791211 -29.139662162 -0.020213781 0.054368264 -0.575899555 0.815460114
1317401260.953305960 342.815605688 -28.369183055 -29.157247072 -0.020639666 0.054144541 -0.576026265 0.815374831
1317401261.057104111 342.957008009 -28.747189829 -29.175044575 -0.020661815 0.054172062 -0.576224415 0.815232421
1317401261.160902262 343.083340516 -29.127486202 -29.190843986 -0.020236615 0.054543005 -0.575973397 0.815395723
1317401261.264723063 343.227483945 -29.524348571 -29.204733349 -0.019839589 0.055004631 -0.576289780 0.815150888
1317401261.368545055 343.354526038 -29.877216620 -29.221530509 -0.019668501 0.055745400 -0.576165167 0.815192800
1317401261.472371101 343.484502009 -30.255965518 -29.238819258 -0.019397580 0.056520842 -0.576180739 0.815134887
1317401261.576193094 343.628200613 -30.633808091 -29.252395037 -0.019499262 0.057094841 -0.576406980 0.814932483
1317401261.680015087 343.762094118 -31.003728325 -29.271306335 -0.020722657 0.057575482 -0.576434859 0.814848752
1317401261.783838034 343.893005339 -31.386452098 -29.289665892 -0.020894714 0.057808810 -0.575839982 0.815248347
1317401261.887659073 344.028761986 -31.772840171 -29.309486554 -0.020289961 0.058724045 -0.576085999 0.815024371
1317401261.991485119 344.157495659 -32.146834904 -29.332107429 -0.018907748 0.060162059 -0.576102584 0.814941002
1317401262.095308065 344.287882160 -32.531734443 -29.339989068 -0.017918571 0.060062690 -0.576101203 0.814971657
1317401262.199131250 344.414435251 -32.880699793 -29.363366488 -0.019696355 0.058285753 -0.575724279 0.815325934
1317401262.302978992 344.545687131 -33.237172598 -29.389835688 -0.022370393 0.055500672 -0.575920791 0.815312506
1317401262.406850100 344.669721420 -33.642733643 -29.407709007 -0.021679588 0.053697603 -0.576100261 0.815325120
1317401262.510746002 344.814864131 -34.023081173 -29.423859450 -0.020678962 0.055388147 -0.576197755 0.815169112
1317401262.614662886 344.947428136 -34.401664929 -29.442645037 -0.019636533 0.057047120 -0.576215732 0.815067766
1317401262.718580008 345.080255923 -34.784644659 -29.452461345 -0.017664730 0.056655489 -0.576336138 0.815055071
1317401262.822521925 345.211504508 -35.168423893 -29.466322031 -0.015692955 0.056321208 -0.576553229 0.814965046
1317401262.926487923 345.337070458 -35.531424350 -29.486438987 -0.014467018 0.056929820 -0.576597385 0.814914202
1317401263.030431032 345.463707465 -35.928621826 -29.505936271 -0.013484658 0.057900837 -0.577024394 0.814560314
1317401263.134351015 345.604354927 -36.313990717 -29.524393226 -0.013003972 0.058872909 -0.577040156 0.814487284
1317401263.238292933 345.739372055 -36.678257131 -29.562016695 -0.012525465 0.058882345 -0.577080629 0.814465426
1317401263.342236042 345.880927106 -37.068753758 -29.576898057 -0.011432704 0.058286645 -0.577209769 0.814432835
1317401263.446192980 345.997940117 -37.414298251 -29.604511433 -0.010633550 0.056577184 -0.577060306 0.814670089
1317401263.550159931 346.124645571 -37.784029526 -29.629035871 -0.009715624 0.054330283 -0.576855558 0.814979443
1317401263.654109955 346.273049693 -38.216914556 -29.660467931 -0.009101278 0.052617091 -0.577897484 0.814360550
1317401263.758076906 346.384150292 -38.526725997 -29.679124555 -0.009442252 0.051852886 -0.576850984 0.815147266
1317401263.862044811 346.518541875 -38.901760049 -29.706906102 -0.009576203 0.051729060 -0.576592147 0.815336677
1317401263.966012955 346.668786326 -39.317577650 -29.725145500 -0.009563472 0.050934194 -0.577382844 0.814827159
1317401264.070003033 346.799099837 -39.659063147 -29.754545245 -0.010455748 0.050712082 -0.576659600 0.815342056
1317401264.173991919 346.921340121 -40.023250466 -29.771914401 -0.011496105 0.051179485 -0.576287729 0.815561741
1317401264.277981997 347.070716969 -40.426665244 -29.797662062 -0.012262323 0.052122844 -0.576893553 0.815062374
1317401264.381952047 347.200717314 -40.795653574 -29.817499660 -0.012870491 0.052610564 -0.576880895 0.815030620
1317401264.485893011 347.335955168 -41.170703500 -29.834917860 -0.013265457 0.052511997 -0.576523012 0.815283837
1317401264.589834929 347.465346984 -41.561040056 -29.859326977 -0.014019071 0.052642504 -0.576434971 0.815325062
1317401264.693732023 347.598624167 -41.899026855 -29.876385736 -0.014061185 0.052465871 -0.575876893 0.815729992
1317401264.797626972 347.733490995 -42.284684141 -29.897175718 -0.014250029 0.052487573 -0.576163949 0.815522590
1317401264.901521921 347.855099975 -42.654696060 -29.912208339 -0.014669023 0.052812516 -0.575661487 0.815848950
1317401265.005414963 348.005560429 -43.035594134 -29.939261315 -0.016123692 0.053508572 -0.575866890 0.815631157
1317401265.109308958 348.147944059 -43.392371186 -29.961098473 -0.017285691 0.054171326 -0.575727254 0.815662186
1317401265.213156939 348.273098616 -43.777622456 -29.981608148 -0.018152760 0.054522955 -0.575532271 0.815757519
1317401265.316956043 348.407074065 -44.140383481 -30.003439876 -0.018359526 0.054955886 -0.575344039 0.815856614
1317401265.420706987 348.632314351 -44.242397608 -30.034030811 -0.017110253 0.055652444 -0.564350232 0.823479727
1317401265.524408102 348.878414390 -44.337998028 -30.067771656 -0.015510461 0.055779834 -0.553751255 0.830666951
1317401265.628062963 348.856185659 -44.503334665 -30.056986363 -0.013851770 0.056736055 -0.541092886 0.838932439
1317401265.731717110 348.968766853 -44.646319350 -30.069763648 -0.013091493 0.058566777 -0.528428192 0.846854291
1317401265.835421085 349.146937014 -44.771500745 -30.099021000 -0.013333160 0.060819465 -0.515198534 0.854806229
1317401265.939126015 349.323470945 -44.872123312 -30.124532897 -0.014129958 0.063141729 -0.501051491 0.862995290
1317401266.042804003 349.595815396 -44.767431629 -30.162738284 -0.014466049 0.065315611 -0.484078986 0.872463260
1317401266.146482944 350.040320421 -44.603949052 -30.222071561 -0.014738384 0.067000358 -0.469313610 0.880362691
1317401266.250185013 350.392850241 -44.418009814 -30.268476736 -0.014715341 0.068690768 -0.449954958 0.890283985
1317401266.353887081 350.799194620 -44.186922312 -30.329203110 -0.014198134 0.069501047 -0.428393520 0.900803535
1317401266.457591057 351.192145901 -44.039905668 -30.387839947 -0.014334150 0.069665483 -0.410659356 0.909010531
1317401266.561305046 351.347158774 -43.986318503 -30.411731140 -0.013647680 0.069923287 -0.392322526 0.917064616
1317401266.665004969 351.538803349 -43.894634700 -30.440600747 -0.012459999 0.070463290 -0.370287900 0.926156868
1317401266.768719912 351.754951960 -43.848682712 -30.477011888 -0.010740515 0.070552025 -0.349016463 0.934395292
1317401266.872423887 351.954056419 -43.704435647 -30.495301361 -0.008196696 0.071156460 -0.325852133 0.942703538
1317401266.976129055 352.003259745 -43.744429596 -30.496883359 -0.006260306 0.071646124 -0.303977436 0.949960715
1317401267.079855919 352.108813910 -43.707044719 -30.506205331 -0.005752904 0.071905543 -0.285086552 0.955783529
1317401267.183581114 352.323538753 -43.578673992 -30.550444660 -0.006099435 0.072165085 -0.261666362 0.962437381
1317401267.287333012 352.592115618 -43.361146153 -30.594422613 -0.006081500 0.072472514 -0.237312321 0.968707186
1317401267.391134024 352.749979564 -43.372959962 -30.620669798 -0.004813916 0.073088512 -0.211386930 0.974654021
1317401267.494982004 353.086241519 -43.355690836 -30.670250420 -0.003141080 0.074184994 -0.188358887 0.979289360
1317401267.598850965 353.455355406 -43.308421863 -30.716751538 -0.001647048 0.075222454 -0.165678759 0.983305354
1317401267.702765942 353.836208951 -43.323423050 -30.771782674 -0.001028059 0.074835941 -0.145092778 0.986583302
1317401267.806734085 354.285410104 -43.387978546 -30.842070965 0.000180548 0.073415735 -0.126370684 0.989262628
1317401267.910723925 354.759171168 -43.511768266 -30.919846600 0.001635662 0.072383580 -0.108530848 0.991452973
1317401268.014763117 355.278388939 -43.686021639 -31.009891425 0.004158442 0.071655783 -0.089378733 0.993408072
1317401268.118803024 355.871943478 -43.792385426 -31.092773044 0.007134734 0.071744554 -0.069240998 0.994991205
1317401268.222794056 356.374384533 -43.900195712 -31.180100558 0.010746445 0.072735206 -0.050127274 0.996032811
1317401268.326785088 357.030540195 -44.037094039 -31.259796430 0.015885251 0.075128808 -0.031796457 0.996540168
1317401268.430824041 357.595817534 -44.171388287 -31.343249939 0.017971275 0.078109228 -0.014761671 0.996673505
1317401268.534887075 358.301942994 -44.248793225 -31.447369972 0.020599014 0.079446705 0.006494354 0.996605100
1317401268.638950109 359.022831675 -44.310845359 -31.568648006 0.024202477 0.078210263 0.022432359 0.996390578
1317401268.743036985 359.695917712 -44.349096555 -31.665122706 0.029432289 0.075784913 0.037632712 0.995978999
1317401268.847172976 360.355853529 -44.280991534 -31.782843684 0.032019145 0.074539820 0.052375903 0.995326758
1317401268.951281071 361.103893296 -44.262433074 -31.896324476 0.036075975 0.075488339 0.066832669 0.994250184
1317401269.055344105 361.914643075 -44.169765761 -32.009389295 0.041048970 0.078363912 0.082893492 0.992624173
1317401269.159404993 362.782909207 -44.031717034 -32.131248396 0.044994234 0.080152368 0.097465027 0.990985209
1317401269.263444901 363.592759718 -43.870506356 -32.252319328 0.048355319 0.081543134 0.112656469 0.989101107
1317401269.367508888 364.346093998 -43.750913400 -32.362746389 0.050587157 0.083789223 0.126040943 0.987184880
1317401269.471616030 365.224557545 -43.404337574 -32.494529480 0.049170446 0.085126259 0.136131486 0.985801200
1317401269.575705051 366.128955283 -43.161353036 -32.646594767 0.046666059 0.084223829 0.148983462 0.984140515
1317401269.679817915 366.990398835 -42.863283444 -32.788801489 0.045601461 0.082007630 0.160450781 0.982573561
1317401269.783977032 367.888008558 -42.542371252 -32.927467543 0.045733838 0.079412651 0.171114794 0.980980007
1317401269.888135910 368.674432682 -42.175627035 -33.056469651 0.044480449 0.077175011 0.176197481 0.980316253
1317401269.992291927 369.610855378 -41.803987042 -33.200017636 0.042838502 0.077072504 0.182720503 0.979202691
1317401270.096449137 370.663003675 -41.395440817 -33.356569709 0.042229645 0.079310360 0.187705090 0.978107010
1317401270.200610161 371.624018369 -41.024405725 -33.485504896 0.041838436 0.080860765 0.191027191 0.977353413
1317401270.304790974 372.621074115 -40.609152516 -33.641762587 0.040677307 0.081087412 0.194732336 0.976652193
1317401270.408973932 373.470603628 -40.226138332 -33.764100269 0.040790404 0.082591761 0.192862522 0.976892416
1317401270.513151884 374.464585292 -39.825658350 -33.904617050 0.039740279 0.083962934 0.195289256 0.976336541
1317401270.617358923 375.526946928 -39.371676856 -34.061740712 0.040136753 0.083162309 0.195624600 0.976321713
1317401270.721547127 376.565512278 -38.924982562 -34.216451457 0.040247076 0.081779527 0.195311937 0.976496559
1317401270.825681925 377.645625072 -38.469314023 -34.373127329 0.039867772 0.081876077 0.195482748 0.976469848
1317401270.929817200 378.731419386 -38.000245282 -34.536127654 0.039111850 0.082634262 0.195251954 0.976482727
1317401271.033927917 379.785835071 -37.547751470 -34.688230987 0.039744203 0.083732830 0.194833989 0.976447094
1317401271.137990952 380.865102881 -37.106685773 -34.845358785 0.039837817 0.083874557 0.195515546 0.976294873
1317401271.242026091 381.924948111 -36.661394736 -35.005683930 0.039477838 0.084200273 0.196160266 0.976152121
1317401271.346041203 382.723205112 -36.312484334 -35.120276302 0.039499622 0.084322715 0.195475569 0.976278014
1317401271.450035095 383.395511580 -36.028416569 -35.220622010 0.039040860 0.083255932 0.195990647 0.976284757
1317401271.554003000 384.135656393 -35.714821635 -35.329456771 0.039324451 0.082071529 0.195563656 0.976459271
1317401271.657969952 384.789303845 -35.423006078 -35.424455021 0.039996363 0.082101019 0.196114447 0.976319024
1317401271.761934996 385.563554361 -35.107344100 -35.536812991 0.040345749 0.083625426 0.196258363 0.976146333
1317401271.865901709 386.324171955 -34.769807961 -35.645837847 0.040936189 0.085497740 0.195384800 0.976134798
1317401271.969846010 387.072329507 -34.469434815 -35.753062001 0.041507757 0.086509904 0.195409134 0.976016605
1317401272.073787928 387.743824839 -34.176763170 -35.852710436 0.042137233 0.086194071 0.196187477 0.975861419
1317401272.177731037 388.484575763 -33.858653327 -35.962082383 0.042113387 0.085052472 0.195788429 0.976042740
1317401272.281673908 389.188108660 -33.553429042 -36.073758586 0.042208246 0.084502550 0.196344243 0.975974754
1317401272.385617971 389.930672343 -33.246691415 -36.183116137 0.042033887 0.086154421 0.196022517 0.975902526
1317401272.489536047 390.678345687 -32.910299509 -36.293445800 0.041404063 0.088475886 0.195826119 0.975761166
1317401272.593430996 391.410441140 -32.603069127 -36.398758171 0.041226228 0.089280170 0.195852486 0.975690142
1317401272.697324991 392.135874837 -32.279755683 -36.513616498 0.041117902 0.088741812 0.195982241 0.975717772
1317401272.801244020 392.852634639 -31.975176712 -36.627282447 0.040959023 0.088484864 0.196016218 0.975740964
1317401272.905163050 393.574340604 -31.667279514 -36.737505444 0.040271402 0.088793625 0.196013546 0.975742075
1317401273.009082079 394.302330910 -31.345595614 -36.849932351 0.039202503 0.088684970 0.196028435 0.975792495
1317401273.112999916 395.031752138 -31.032490928 -36.959033918 0.039650789 0.087874700 0.195730428 0.975907502
1317401273.216943026 395.760830725 -30.725873999 -37.069409632 0.039349905 0.086318011 0.196058152 0.975992821
1317401273.320887089 396.486247663 -30.415190888 -37.184916507 0.038995528 0.085892929 0.196057568 0.976044663
1317401273.424804211 397.215397878 -30.107602202 -37.290877737 0.038875187 0.087921770 0.195817852 0.975916928
1317401273.528723001 397.959691506 -29.787033088 -37.400541598 0.038575356 0.091220835 0.196136114 0.975562057
1317401273.632641077 398.705204454 -29.472610202 -37.508812357 0.037802241 0.093580382 0.196180416 0.975359906
1317401273.736584902 399.416591350 -29.161993383 -37.620687617 0.038447536 0.094153868 0.195852525 0.975345387
1317401273.840553045 400.136055322 -28.858091608 -37.737698261 0.039424675 0.093354241 0.195778182 0.975398167
1317401273.944519281 400.837626973 -28.552969472 -37.852354015 0.039340585 0.092102168 0.196014681 0.975473092
1317401274.048484087 401.557729736 -28.241734107 -37.968221057 0.039127714 0.091075357 0.195561012 0.975669100
1317401274.152499914 402.266166889 -27.927999488 -38.085064395 0.037642342 0.090333567 0.195546124 0.975799474
1317401274.256587029 402.995519486 -27.617718443 -38.198660432 0.036485761 0.090218069 0.195694247 0.975824396
1317401274.360743284 403.719254134 -27.307070559 -38.312147749 0.035109815 0.090476033 0.195558599 0.975878180
1317401274.464951038 404.444421241 -26.994838307 -38.422375691 0.033919234 0.090965885 0.195101456 0.975966247
1317401274.569206953 404.980865744 -26.827153177 -38.508451788 0.031871749 0.091677045 0.181059108 0.978671094
1317401274.673507929 405.522565176 -26.610265475 -38.591489444 0.030157065 0.092384976 0.169207699 0.980777407
1317401274.777858019 405.859207979 -26.443957188 -38.648488627 0.028155780 0.092432823 0.153749712 0.983374014
1317401274.882258892 406.219517996 -26.323260728 -38.709017002 0.025532700 0.092070700 0.135263693 0.986192071
1317401274.986659050 406.663455179 -26.160815714 -38.785777959 0.023806487 0.091834816 0.117018880 0.988587983
1317401275.091058016 407.042850385 -26.152254649 -38.849584496 0.023301008 0.092205000 0.095754880 0.990851303
1317401275.195431948 407.502114983 -26.072320257 -38.923530165 0.023217192 0.092585684 0.075720639 0.992549867
1317401275.299782991 407.940407564 -26.003450742 -38.995036252 0.022349784 0.092531924 0.053676575 0.994010642
1317401275.404131889 408.240839509 -26.013970493 -39.049202552 0.019884295 0.092103702 0.029453450 0.995115077
1317401275.508457899 408.660564677 -25.906250421 -39.121069701 0.017452671 0.091952152 0.008809401 0.995571494
1317401275.612760067 409.107285433 -25.904636428 -39.194322470 0.015719762 0.092320605 -0.013467333 0.995514152
1317401275.717036963 409.440553309 -25.924639605 -39.252936710 0.014642590 0.092607769 -0.036966556 0.994908473
1317401275.821269035 409.746865402 -25.949522047 -39.301939954 0.013807213 0.092340139 -0.058641901 0.993903309
1317401275.925452948 410.107143279 -25.986183442 -39.364452108 0.011949730 0.091673354 -0.080867035 0.992428195
1317401276.029637098 410.407335441 -26.027535148 -39.424663173 0.009596014 0.090736261 -0.102931408 0.990494812
1317401276.133796930 410.699855330 -26.103870892 -39.479288789 0.008254353 0.089634209 -0.123426211 0.988262893
1317401276.237883091 410.960051092 -26.192657151 -39.528215580 0.008085044 0.088124488 -0.143141444 0.985737913
1317401276.341922045 411.180199684 -26.316340008 -39.565560069 0.009108286 0.086372448 -0.161374089 0.983064211
1317401276.445913076 411.509935699 -26.420185821 -39.618600603 0.011042196 0.084593530 -0.179360601 0.980077435
1317401276.549853086 411.730830800 -26.489921678 -39.651266608 0.012239778 0.083608485 -0.195821088 0.976992278
1317401276.653749943 411.874935563 -26.598442033 -39.674449274 0.011059988 0.082698747 -0.210757424 0.973971202
1317401276.757646084 412.087718555 -26.629451229 -39.711902275 0.007705522 0.081421452 -0.225611404 0.970778382
1317401276.861563921 412.222428053 -26.695082200 -39.743033304 0.003212674 0.080692769 -0.239974504 0.967414386
1317401276.965481997 412.395997511 -26.758451554 -39.778925829 -0.000862398 0.080718062 -0.252907250 0.964117096
1317401277.069400072 412.561283759 -26.832301943 -39.807100847 -0.004262805 0.081713642 -0.265744079 0.960564831
1317401277.173321009 412.707883239 -26.904672837 -39.834510063 -0.007505283 0.083230689 -0.278757038 0.956718787
1317401277.277264118 412.893171039 -26.984187109 -39.871456354 -0.010863989 0.084331340 -0.292680339 0.952422395
1317401277.381231070 413.043718770 -27.046443413 -39.897318261 -0.012860275 0.084341643 -0.306367679 0.948082246
1317401277.485196114 413.173275274 -27.195217825 -39.918671019 -0.013109306 0.083408080 -0.319705548 0.943747636
1317401277.589184046 413.320134955 -27.304851096 -39.942254880 -0.012586932 0.082089095 -0.333048255 0.939245340
1317401277.693173647 413.479614958 -27.432819763 -39.967184280 -0.011931344 0.082044303 -0.346434831 0.934403169
1317401277.797117949 413.608709567 -27.578834697 -39.984450492 -0.011193733 0.083172041 -0.359068457 0.929530502
1317401277.901036978 413.783160207 -27.705263208 -40.015970948 -0.011255627 0.084283617 -0.372535032 0.924114296
1317401278.004956007 413.813214100 -27.869536105 -40.020502840 -0.011292686 0.084325486 -0.382896032 0.919865380
1317401278.108875036 414.028266133 -27.950799027 -40.058553712 -0.011843143 0.083310467 -0.393938045 0.915276965
1317401278.212769985 414.188313762 -28.071646130 -40.085171866 -0.012535999 0.082320910 -0.405091145 0.910476403
1317401278.316641092 414.288688842 -28.188480945 -40.104747054 -0.013848610 0.082754354 -0.416683753 0.905171024
1317401278.420535088 414.413101699 -28.348469985 -40.132595979 -0.016201631 0.084293252 -0.424576810 0.901313867
1317401278.524430037 414.525228428 -28.478883020 -40.159770561 -0.018221320 0.085504806 -0.434169076 0.896579123
1317401278.628303051 414.667862308 -28.651937065 -40.185190660 -0.017975427 0.085603857 -0.443734045 0.891879454
1317401278.732171059 414.759672457 -28.806329037 -40.194403152 -0.015977743 0.085154398 -0.452494218 0.887548547
1317401278.836016893 414.871166483 -28.939858359 -40.210791093 -0.014122075 0.084600263 -0.460439425 0.883537717
1317401278.939819098 414.992735425 -29.089089221 -40.227145405 -0.013360742 0.084849979 -0.468197273 0.879439188
1317401279.043596983 415.104967552 -29.291410157 -40.249920536 -0.014052548 0.085939671 -0.474660211 0.875850777
1317401279.147396088 415.180789391 -29.411154018 -40.262912141 -0.015671339 0.086791344 -0.480216936 0.872704627
1317401279.251192093 415.279942632 -29.585495247 -40.294727312 -0.017336471 0.086378233 -0.484964002 0.870085147
1317401279.354989052 415.391092790 -29.754306592 -40.324856282 -0.017341676 0.083955560 -0.490086138 0.867448158
1317401279.458811998 415.458369690 -29.900346908 -40.350273920 -0.016346568 0.080066149 -0.495944260 0.864500718
1317401279.562634945 415.556570077 -30.071148743 -40.370358245 -0.015562719 0.077683775 -0.501281869 0.861649303
1317401279.666460276 415.643936108 -30.256195311 -40.394119187 -0.016736218 0.077825528 -0.506976416 0.858276179
1317401279.770282030 415.765544103 -30.413902630 -40.412632485 -0.018868534 0.078784069 -0.512075362 0.855111614
1317401279.874080658 415.868980314 -30.575064020 -40.440267163 -0.020772586 0.079131177 -0.517386066 0.851832387
1317401279.977854013 415.952485778 -30.766026639 -40.461411725 -0.021505360 0.078672435 -0.521168116 0.849548093
1317401280.081603050 416.060431159 -30.949993440 -40.488301724 -0.021446939 0.077090509 -0.524441876 0.847677887
1317401280.185355663 416.156535194 -31.147286454 -40.512064228 -0.021696294 0.074558972 -0.526741019 0.846471576
1317401280.289082766 416.276652292 -31.432911964 -40.541094307 -0.022844269 0.072030994 -0.526893692 0.846565244
1317401280.392808914 416.384030925 -31.589510385 -40.570109853 -0.024962484 0.071566508 -0.527317102 0.846281149
1317401280.496583939 416.496776405 -31.845083838 -40.605986912 -0.026292067 0.071954141 -0.526850399 0.846498663
1317401280.600359917 416.646583030 -32.146735789 -40.638904169 -0.026022318 0.072845669 -0.527440340 0.846063257
1317401280.704159021 416.777156493 -32.433394136 -40.660860275 -0.025221880 0.073196492 -0.527631368 0.845938101
1317401280.807956934 416.871704690 -32.630902606 -40.679008300 -0.025151668 0.073852431 -0.527242114 0.846125856
1317401280.911756039 417.038339553 -32.923290752 -40.710025293 -0.025634056 0.075064721 -0.527330048 0.845949883
1317401281.015553951 417.185491885 -33.251023355 -40.748215832 -0.026362970 0.076744634 -0.527472475 0.845687911
1317401281.119353056 417.327759937 -33.532517898 -40.776828802 -0.026262704 0.077444660 -0.528291477 0.845115797
1317401281.223202705 417.472235276 -33.841529811 -40.805121146 -0.025515266 0.078001237 -0.528683887 0.844842072
1317401281.327075005 417.567525547 -34.039072844 -40.821502180 -0.025145055 0.078610487 -0.528843444 0.844696827
1317401281.430941105 417.729926561 -34.369676090 -40.859234884 -0.025349068 0.079270506 -0.529117377 0.844457466
1317401281.534818888 417.888153859 -34.705816286 -40.895218176 -0.025896502 0.079761270 -0.529361617 0.844241547
1317401281.638714075 418.044098585 -35.027904910 -40.929037321 -0.025455403 0.080497002 -0.529929275 0.843828903
1317401281.742647886 418.205777257 -35.349716190 -40.961581482 -0.024017127 0.081020089 -0.531104664 0.843081704
1317401281.846590042 418.371275553 -35.722318135 -41.000187280 -0.022660919 0.080985467 -0.531902575 0.842619421
1317401281.950532913 418.546900378 -36.059739887 -41.037080995 -0.020892832 0.080742689 -0.534216702 0.841223290
1317401282.054500103 418.684929344 -36.386471006 -41.068390687 -0.020404401 0.080794201 -0.538159563 0.838713444
1317401282.158490896 418.853613767 -36.748415569 -41.107363538 -0.022180455 0.081600297 -0.540417698 0.837136865
1317401282.262481928 419.004413322 -37.082332561 -41.152305638 -0.024484590 0.082487073 -0.542913545 0.835368943
1317401282.366447926 419.149478295 -37.430509969 -41.186788785 -0.025360800 0.082600980 -0.546547837 0.832958204
1317401282.470415115 419.310537714 -37.793345394 -41.226407032 -0.025381911 0.081540377 -0.549749648 0.830952616
1317401282.574407101 419.450829960 -38.118271541 -41.269211289 -0.024977307 0.079377420 -0.553550229 0.828647997
1317401282.678397894 419.565616706 -38.470631811 -41.305551826 -0.024533407 0.077008249 -0.556704544 0.826769552
1317401282.782339096 419.733609846 -38.859841483 -41.347274162 -0.023921244 0.075323257 -0.558946802 0.825428769
1317401282.886281013 419.874703055 -39.244832327 -41.384860049 -0.023804006 0.075205295 -0.562520692 0.823011545
1317401282.990226984 420.022430049 -39.607869312 -41.425276854 -0.024759808 0.075802180 -0.565226548 0.821072427
1317401283.094145060 420.185091823 -40.023525773 -41.461602784 -0.025077881 0.075854936 -0.567318927 0.819613545
1317401283.198039055 420.340382474 -40.439734123 -41.501503428 -0.024375849 0.076076067 -0.568995994 0.818450859
1317401283.301911116 420.497418524 -40.864376720 -41.534108383 -0.022729608 0.075963902 -0.570419479 0.817517259
1317401283.405731916 420.659274761 -41.306007949 -41.575196307 -0.020660135 0.074669016 -0.570703553 0.817493212
1317401283.509484053 420.867431799 -41.901087977 -41.631846181 -0.018332218 0.072158824 -0.568741402 0.819139946
1317401283.613185883 421.022755701 -42.322576466 -41.668665214 -0.017596242 0.071197726 -0.566389401 0.820868018
1317401283.716840029 421.221471937 -42.831817811 -41.725747144 -0.015719780 0.071298671 -0.556310772 0.827760662
1317401283.820473909 421.424672458 -43.342319991 -41.773421960 -0.014716192 0.071921020 -0.547742172 0.833420250
1317401283.924151897 421.556370102 -43.663775087 -41.810439847 -0.013998954 0.072690681 -0.543099924 0.836398569
1317401284.027900934 421.792361747 -44.188268519 -41.869427755 -0.012821988 0.074715298 -0.534743342 0.841607260
1317401284.131724119 422.000692103 -44.613764538 -41.920744799 -0.012586200 0.077374642 -0.527729517 0.845787390
1317401284.235594034 422.252205194 -45.114392767 -41.979719383 -0.013096918 0.079012126 -0.521293613 0.849610807
1317401284.339512110 422.521339926 -45.638659397 -42.049469915 -0.015551177 0.079647187 -0.515571996 0.852994727
1317401284.443527937 422.785344796 -46.132510690 -42.114738064 -0.018583595 0.079343744 -0.514986804 0.853315775
1317401284.547614098 423.168209734 -46.846730366 -42.213338656 -0.022477186 0.078180235 -0.514064325 0.853885529
1317401284.651724100 423.484877111 -47.443199604 -42.298370228 -0.023343446 0.078152914 -0.515273945 0.853135375
1317401284.755856991 423.766657369 -47.952232553 -42.353873878 -0.023867800 0.080001169 -0.517336554 0.851700083
1317401284.859992981 423.951677883 -48.352070667 -42.399220858 -0.023222411 0.081407872 -0.521519835 0.849029175
1317401284.964104891 424.313037193 -49.041630053 -42.467832588 -0.022445953 0.084447679 -0.524495043 0.846917776
1317401285.068191051 424.574904328 -49.576985064 -42.537838488 -0.022197353 0.085721285 -0.530123670 0.843284076
1317401285.172255039 424.890195781 -50.243641206 -42.615336183 -0.022183855 0.085455932 -0.532908800 0.841554141
1317401285.276292086 425.139401668 -50.786628944 -42.691463830 -0.023774217 0.084346505 -0.537514789 0.838688444
1317401285.380306005 425.457904388 -51.463536542 -42.775468475 -0.025270844 0.082741469 -0.539801868 0.837334567
1317401285.484297991 425.696517587 -52.023258751 -42.850511080 -0.026202737 0.081529673 -0.544009961 0.834697245
1317401285.588239908 426.019630167 -52.730011040 -42.927513753 -0.027258490 0.082565030 -0.545325305 0.833702766
1317401285.692158937 426.292311110 -53.346616900 -42.994209477 -0.027456128 0.084335244 -0.547428718 0.832139127
1317401285.796053648 426.590383907 -54.038544445 -43.069447514 -0.027213962 0.085259553 -0.548682813 0.831226431
1317401285.899947882 426.864396569 -54.673047321 -43.139442349 -0.027089860 0.086300558 -0.549833931 0.830361970
1317401286.003844976 427.142853820 -55.339094937 -43.212338087 -0.026653719 0.087078724 -0.550360946 0.829945603
1317401286.107716084 427.423078584 -55.969896128 -43.286234891 -0.026026190 0.088569380 -0.551256326 0.829213221
1317401286.211611032 427.701643009 -56.645137031 -43.356242638 -0.025982897 0.089850789 -0.552002121 0.828580342
1317401286.315506935 427.966499342 -57.292053914 -43.435195545 -0.025655198 0.088513076 -0.552692554 0.828274222
1317401286.419377804 428.255477497 -57.977438546 -43.516605136 -0.027533767 0.086845619 -0.552655105 0.828415394
1317401286.523247004 428.494290313 -58.573216573 -43.590905220 -0.028596502 0.085383690 -0.552444949 0.828671494
1317401286.627142906 428.794900679 -59.300843845 -43.673377861 -0.029050099 0.084999410 -0.552413852 0.828715951
1317401286.731039047 429.058694930 -59.924878427 -43.741354799 -0.028120105 0.085800896 -0.552732687 0.828452801
1317401286.834882975 429.341749482 -60.618129726 -43.816929245 -0.027755514 0.086610560 -0.552841704 0.828308090
1317401286.938728094 429.600945127 -61.242047793 -43.882401925 -0.028271271 0.087131272 -0.552289348 0.828604461
1317401287.042599916 429.887464363 -61.933703867 -43.964533264 -0.029082181 0.087890251 -0.551937032 0.828730984
1317401287.146471977 430.142235428 -62.543808909 -44.035682352 -0.028856694 0.089386900 -0.552010224 0.828530015
1317401287.250366926 430.423787639 -63.231255310 -44.104687742 -0.028547980 0.091408664 -0.551914354 0.828383978
1317401287.354283094 430.699896440 -63.870461483 -44.177426262 -0.028386389 0.093440139 -0.551537856 0.828413632
1317401287.458178043 430.968035362 -64.514414141 -44.251645474 -0.030123258 0.095248388 -0.550645639 0.828739835
1317401287.562073946 431.239013960 -65.151158791 -44.338591409 -0.032119921 0.096049701 -0.549436418 0.829374697
1317401287.665967941 431.518809715 -65.821026416 -44.422311074 -0.033458960 0.094573694 -0.549009876 0.829773746
1317401287.769839048 431.789444137 -66.430291311 -44.501237249 -0.034640879 0.093329212 -0.547217463 0.831049165
1317401287.873734951 432.063693166 -67.076373868 -44.580935001 -0.036871873 0.093641686 -0.546780934 0.831205336
1317401287.977629900 432.327702995 -67.697896752 -44.665763377 -0.037545221 0.094245407 -0.544210215 0.832792532
1317401288.081523895 432.628035005 -68.362350739 -44.738496584 -0.036975214 0.094084637 -0.543418386 0.833353090
1317401288.185466766 432.854191218 -68.893865040 -44.801538586 -0.036537016 0.093370932 -0.542221089 0.834232106
1317401288.289408922 433.162933752 -69.583593569 -44.885200120 -0.037696751 0.091913135 -0.541388503 0.834882878
1317401288.393352032 433.447098077 -70.231208836 -44.968468901 -0.039266334 0.091161260 -0.542506242 0.834167104
1317401288.497318983 433.743545316 -70.913723870 -45.038534714 -0.038938926 0.091028884 -0.542627278 0.834118181
1317401288.601309299 433.956684357 -71.416371569 -45.091314890 -0.036761941 0.090715010 -0.543022154 0.833994177
1317401288.705299854 434.262802399 -72.118739683 -45.164108662 -0.034982092 0.091337731 -0.543155486 0.833915937
1317401288.809288979 434.548847148 -72.768921524 -45.235552158 -0.033754491 0.092402196 -0.543966483 0.833320427
1317401288.913280010 434.829774313 -73.429549162 -45.305341579 -0.033507145 0.093004100 -0.544688815 0.832791453
1317401289.017247915 435.048247012 -73.941086981 -45.361267843 -0.032724734 0.091759538 -0.544053662 0.833375601
1317401289.121216059 435.353716005 -74.642669978 -45.436991392 -0.031991550 0.089937660 -0.544581852 0.833257682
1317401289.225183964 435.586985549 -75.184337723 -45.504176092 -0.032005426 0.089196617 -0.544934484 0.833106251
1317401289.329124212 435.884462477 -75.855359896 -45.575904258 -0.031741814 0.089097309 -0.544725587 0.833263561
1317401289.433067083 436.150477185 -76.485249425 -45.650377233 -0.029784577 0.089755360 -0.544764812 0.833239554
1317401289.537009001 436.441259154 -77.148793103 -45.715350852 -0.028833962 0.089870865 -0.544944622 0.833142958
1317401289.640952110 436.642114704 -77.632824293 -45.773502751 -0.027936846 0.090382820 -0.545077350 0.833031308
1317401289.744920015 436.952065826 -78.325326344 -45.861903422 -0.029225280 0.091229280 -0.544859685 0.833037229
1317401289.848886013 437.227311935 -78.977083818 -45.935929257 -0.029695314 0.091518994 -0.545060777 0.832857258
1317401289.952877998 437.509279190 -79.622731761 -46.011546415 -0.029907082 0.091258878 -0.545188415 0.832794678
1317401290.056869030 437.723816773 -80.114772383 -46.071762314 -0.029801724 0.090423889 -0.546040919 0.832330879
1317401290.160811663 438.036221454 -80.826471185 -46.161529886 -0.031197386 0.091519177 -0.546088934 0.832128499
1317401290.264755011 438.322918112 -81.510748711 -46.239920979 -0.029982399 0.091760786 -0.546339435 0.831982112
1317401290.368721008 438.622938849 -82.229302098 -46.322207419 -0.027958887 0.090918367 -0.546121839 0.832287864
1317401290.472665071 438.805707364 -82.651058970 -46.364544620 -0.026413734 0.089995114 -0.546908824 0.831921831
1317401290.576591969 439.119632238 -83.365620416 -46.459098757 -0.027385607 0.091069320 -0.546852722 0.831810380
1317401290.680509090 439.416243373 -84.063041430 -46.549366482 -0.027592299 0.091914931 -0.547175992 0.831497892
1317401290.784420013 439.722637837 -84.791184698 -46.638399703 -0.027632885 0.092135854 -0.546491254 0.831922303
1317401290.888314009 440.016347315 -85.505863465 -46.715862305 -0.025705480 0.090900877 -0.546955315 0.831814969
1317401290.992207050 440.321490523 -86.214524989 -46.800813389 -0.025258412 0.088915761 -0.547396206 0.831753205
1317401291.096101999 440.653051258 -86.969082622 -46.897652857 -0.027362341 0.086843453 -0.547401515 0.831902097
1317401291.199997902 440.952556815 -87.679569020 -46.987684524 -0.028000028 0.086953893 -0.546951459 0.832165321
1317401291.303917885 441.243036938 -88.364493237 -47.075141779 -0.027336313 0.087921981 -0.546867902 0.832140583
1317401291.407835960 441.558229899 -89.095886671 -47.154491024 -0.026288475 0.089826002 -0.547068728 0.831838934
1317401291.511754990 441.858775616 -89.807618891 -47.237143053 -0.024066168 0.091564018 -0.547677957 0.831315647
1317401291.615674973 442.160001938 -90.508071286 -47.316333172 -0.023547869 0.092787876 -0.547818280 0.831102304
1317401291.719593048 442.352558503 -90.959490389 -47.381279277 -0.024981426 0.093098817 -0.547784098 0.831048206
1317401291.823513031 442.653977061 -91.672569228 -47.474540341 -0.026332777 0.092113915 -0.547793384 0.831110113
1317401291.927431822 442.940675324 -92.351270392 -47.559626606 -0.026615448 0.091041782 -0.548230108 0.830931261
1317401292.031374931 443.244576222 -93.079291779 -47.646616315 -0.025028151 0.090326832 -0.547820380 0.831328747
1317401292.135341167 443.438704946 -93.535924896 -47.703757030 -0.024699778 0.092839883 -0.548412164 0.830671280
1317401292.239284039 443.745341440 -94.241217387 -47.781865197 -0.024746320 0.095954968 -0.548248822 0.830423683
1317401292.343226910 444.038590394 -94.935485719 -47.864854270 -0.024564347 0.096417362 -0.548908788 0.829939412
1317401292.447192907 444.330200166 -95.642792013 -47.953442374 -0.024056056 0.094957269 -0.549184272 0.829940395
1317401292.551160097 444.505738557 -96.075585637 -48.022530978 -0.025676899 0.094284617 -0.548707584 0.830283744
1317401292.655102968 444.809442129 -96.807586943 -48.119828856 -0.026116276 0.093985303 -0.548987682 0.830118804
1317401292.759049892 445.086314642 -97.487467384 -48.202030400 -0.023398728 0.094376986 -0.549419301 0.829869818
1317401292.863016844 445.365237515 -98.142303893 -48.279142783 -0.022130112 0.095298436 -0.549850960 0.829513344
1317401292.966955662 445.559016346 -98.620049895 -48.348248982 -0.022880476 0.094541113 -0.549832848 0.829591647
1317401293.070898294 445.853554566 -99.329086953 -48.442941896 -0.023226424 0.093392112 -0.549706608 0.829795813
1317401293.174840927 446.129082902 -99.996830943 -48.535141487 -0.021490237 0.090740393 -0.549870021 0.830028500
1317401293.278783083 446.425727429 -100.717281043 -48.620146946 -0.021120769 0.089838572 -0.549418467 0.830435002
1317401293.382725954 446.611323614 -101.133741176 -48.678529055 -0.022781820 0.090178537 -0.550450584 0.829670401
1317401293.486668110 446.928014024 -101.880152348 -48.769990536 -0.024904999 0.088703597 -0.549946987 0.830102238
1317401293.590610981 447.190015900 -102.552189646 -48.863276952 -0.023689050 0.088628014 -0.549547770 0.830410231
1317401293.694554090 447.509751288 -103.287047440 -48.951029785 -0.022378189 0.090739070 -0.549674018 0.830134996
1317401293.798496008 447.804402116 -104.007925666 -49.038656418 -0.020853976 0.093693661 -0.549917816 0.829684883
1317401293.902439117 448.100527917 -104.720579509 -49.118222642 -0.019456228 0.095222143 -0.549379205 0.829901614
1317401294.006382942 448.283605665 -105.144660398 -49.179602641 -0.019790789 0.094862400 -0.550053230 0.829488333
1317401294.110301971 448.580310639 -105.855394297 -49.284610045 -0.020677562 0.092992589 -0.549706661 0.829908069
1317401294.214242935 448.851994327 -106.528956065 -49.378829507 -0.020639212 0.093021482 -0.549544477 0.830013189
1317401294.318186045 449.145294525 -107.219215755 -49.463720682 -0.019472761 0.094457694 -0.549212525 0.830098884
1317401294.422106028 449.348698036 -107.712464288 -49.519280428 -0.016179754 0.096075813 -0.549980339 0.829475305
1317401294.526022911 449.651554823 -108.443472238 -49.613341641 -0.013275687 0.094983682 -0.550132192 0.829551944
1317401294.629942894 449.906518966 -109.059923535 -49.715808736 -0.015487916 0.093114022 -0.549824603 0.829929400
1317401294.733861923 450.117912042 -109.537542383 -49.780646161 -0.018883613 0.090713738 -0.549988027 0.830016624
1317401294.837779999 450.421739379 -110.253145010 -49.890468455 -0.020530337 0.088599167 -0.550334183 0.829976494
1317401294.941699028 450.684831282 -110.919503921 -49.985619548 -0.018476155 0.088291767 -0.549842734 0.830383143
1317401295.045639992 450.874210432 -111.375471653 -50.025158706 -0.016301951 0.090171091 -0.550403968 0.829854742
1317401295.149584055 451.177671363 -112.089876933 -50.121618190 -0.016736007 0.092729021 -0.550097236 0.829767598
1317401295.253503084 451.471895371 -112.778135080 -50.212526522 -0.018309189 0.092243737 -0.549679737 0.830065090
1317401295.357420683 451.781083294 -113.534246174 -50.317094657 -0.019590377 0.088533186 -0.549460140 0.830585123
1317401295.461338997 452.062207913 -114.212177022 -50.409037956 -0.019011511 0.087287510 -0.549747109 0.830540528
1317401295.565282106 452.366380377 -114.913446363 -50.502228568 -0.019128372 0.089562651 -0.549616395 0.830382114
1317401295.669250965 452.555652627 -115.362152634 -50.557606819 -0.017720117 0.091882186 -0.550021005 0.829891894
1317401295.773195982 452.716595425 -115.752790519 -50.598007711 -0.017319877 0.093918597 -0.550229408 0.829534157
1317401295.877137899 452.891621188 -116.154174865 -50.644458061 -0.016688660 0.094962990 -0.549923390 0.829631113
1317401295.981126070 453.028456997 -116.499457734 -50.692218047 -0.016768415 0.094628049 -0.550113387 0.829541810
1317401296.085117102 453.237617707 -116.975478004 -50.757593446 -0.017930035 0.094361871 -0.549827060 0.829737643
1317401296.189086914 453.499644839 -117.610659713 -50.849830239 -0.017016551 0.094468427 -0.550294097 0.829435085
1317401296.293055058 453.785340254 -118.305119113 -50.940908341 -0.016723915 0.095765940 -0.550003932 0.829484701
1317401296.396992922 454.098847005 -119.019134406 -51.040708330 -0.016757555 0.097036697 -0.550071971 0.829291197
1317401296.500935078 454.388568686 -119.728162230 -51.135410594 -0.018338198 0.098175056 -0.549778786 0.829318187
1317401296.604902029 454.552574669 -120.122380228 -51.190967767 -0.017739030 0.097137514 -0.550421862 0.829026781
1317401296.708890915 454.715195588 -120.560142239 -51.257549795 -0.015699968 0.094225214 -0.550951214 0.829052399
1317401296.812906981 454.864143921 -120.914970316 -51.298565130 -0.013963439 0.092819122 -0.551079132 0.829157056
1317401296.916920900 455.030116104 -121.298578127 -51.354316357 -0.014875935 0.095420147 -0.550789723 0.829038228
1317401297.020911217 455.199526107 -121.673807893 -51.403227471 -0.015339566 0.096637003 -0.551277460 0.828564511
1317401297.124877930 455.355225689 -122.071100270 -51.454117003 -0.014222257 0.096514113 -0.551644044 0.828354756
1317401297.228873014 455.501257743 -122.448318998 -51.500137638 -0.012463785 0.095451560 -0.551819077 0.828389619
1317401297.332865000 455.660047720 -122.833878478 -51.548961053 -0.011757104 0.094930322 -0.551719505 0.828526157
1317401297.436853647 455.798676694 -123.182572697 -51.601443100 -0.012190691 0.094774008 -0.552197507 0.828219288
1317401297.540868044 455.970589631 -123.562595904 -51.656140953 -0.013028502 0.095229525 -0.552716649 0.827807889
1317401297.644881964 456.117338582 -123.918370135 -51.708317402 -0.012730121 0.095713153 -0.552911299 0.827626747
1317401297.748895884 456.259512435 -124.285956692 -51.757570224 -0.011024950 0.095772726 -0.553124277 0.827502006
1317401297.852910042 456.397453139 -124.632004819 -51.800647558 -0.008717818 0.095382025 -0.553284898 0.827467275
1317401297.956899881 456.539293930 -124.973550108 -51.844561596 -0.007495065 0.095108118 -0.552742164 0.827873402
1317401298.060866117 456.678886810 -125.316202427 -51.889998789 -0.007314983 0.095459548 -0.552802131 0.827794522
1317401298.164859056 456.824590354 -125.651567293 -51.936977556 -0.007404252 0.096577592 -0.552423838 0.827916571
1317401298.268851042 456.973640433 -126.004241948 -51.986524787 -0.007971837 0.097675453 -0.552419829 0.827785170
1317401298.372817993 457.123508883 -126.341562876 -52.036782587 -0.008719292 0.098522616 -0.552197005 0.827825909
1317401298.476783991 457.272982187 -126.723877077 -52.093129793 -0.009366577 0.098769403 -0.551812154 0.828046024
1317401298.580724955 457.405502791 -127.033614697 -52.138580775 -0.009766908 0.097921249 -0.551164391 0.828573383
1317401298.684643984 457.423178054 -127.102357757 -52.149738894 -0.009900597 0.096791511 -0.551070276 0.828767116
1317401298.788515091 457.428342495 -127.142864736 -52.158239678 -0.010169049 0.095713042 -0.550781279 0.829081170
1317401298.892313957 457.417183934 -127.140250381 -52.156559157 -0.009973096 0.094843233 -0.549876696 0.829783657
1317401298.996088982 457.444867961 -127.089076843 -52.161920271 -0.008487230 0.095429112 -0.535210685 0.839267999
1317401299.099865913 457.462183545 -127.227875940 -52.176472226 -0.007252986 0.095979875 -0.528834793 0.843249085
1317401299.203617096 457.546827467 -127.289717485 -52.194054529 -0.004741377 0.097155166 -0.519306266 0.849034390
1317401299.307318926 457.646406833 -127.497522834 -52.225009983 -0.002154253 0.098550320 -0.508685335 0.855290841
1317401299.411021709 457.727546928 -127.650069758 -52.244642706 -0.000768743 0.100640287 -0.496488901 0.862188908
1317401299.514746904 457.767294842 -127.734761245 -52.259567295 -0.000758201 0.102403399 -0.483668003 0.869240031
1317401299.618424177 457.873763031 -127.863060693 -52.287856938 -0.000746431 0.104938153 -0.467529518 0.877726367
1317401299.722103119 457.970715342 -127.967669887 -52.313781262 -0.000535087 0.107108464 -0.450027236 0.886568090
1317401299.825855017 457.989593675 -127.984648129 -52.323827725 -0.000693428 0.108611987 -0.436256854 0.893242919
1317401299.929630995 458.132148790 -128.162945225 -52.370709095 -0.001963595 0.110595181 -0.417592733 0.901876466
1317401300.033381939 458.201676594 -128.205124651 -52.390159673 -0.002089523 0.111738608 -0.399786369 0.909769738
1317401300.137083054 458.310033128 -128.344574779 -52.417742381 -0.001721244 0.112671466 -0.380148578 0.918035531
1317401300.240787029 458.405680910 -128.411976998 -52.446033370 -0.000538230 0.113518257 -0.360103544 0.925979888
1317401300.344515085 458.569576932 -128.519419136 -52.486869430 0.000036136 0.114864570 -0.338672424 0.933866756
1317401300.448241949 458.667637268 -128.631554466 -52.515476360 0.000040814 0.116973564 -0.317479209 0.941022920
1317401300.551968098 458.821014033 -128.695870257 -52.551660066 0.001750218 0.118186896 -0.292704915 0.948869131
1317401300.655694962 458.905116876 -128.828672054 -52.576807723 0.003661756 0.118174949 -0.269614946 0.955682507
1317401300.759422064 459.128230423 -128.927252080 -52.631558472 0.006928834 0.117370171 -0.244878283 0.962398494
1317401300.863195896 459.263174974 -129.041714080 -52.674628762 0.008945782 0.116571987 -0.221648937 0.968092296
1317401300.967015982 459.472247703 -129.080446949 -52.728420204 0.010287842 0.116032377 -0.196316910 0.973596589
1317401301.070888042 459.663525853 -129.155687761 -52.781002318 0.010438966 0.115684395 -0.174220487 0.977831975
1317401301.174808025 459.880482901 -129.235521079 -52.837688303 0.011175491 0.115583042 -0.153209126 0.981347356
1317401301.278727055 460.081439074 -129.302129890 -52.887076722 0.012909970 0.114521830 -0.132878692 0.984409131
1317401301.382669926 460.316356145 -129.342906466 -52.945850732 0.015207399 0.113636262 -0.112845408 0.986975911
1317401301.486635923 460.549346066 -129.435578288 -53.000940177 0.017181769 0.113143361 -0.094424628 0.988932433
1317401301.590603113 460.800352310 -129.462326991 -53.061481646 0.017793443 0.112389547 -0.075571684 0.990626521
1317401301.694569111 461.071346162 -129.510356981 -53.124456046 0.018700011 0.111895393 -0.057451183 0.991881592
1317401301.798537016 461.547697182 -129.620285248 -53.239285859 0.021238919 0.110240458 -0.026825011 0.993315845
1317401301.902504921 461.833394120 -129.687643147 -53.303740247 0.023358060 0.108861710 -0.005035421 0.993769678
1317401302.006445885 462.076028529 -129.586029862 -53.352023082 0.026361988 0.108284263 0.010292464 0.993717077
1317401302.110363960 462.425369099 -129.630097701 -53.430628075 0.029448887 0.106582282 0.026420481 0.993516451
1317401302.214283943 462.726730586 -129.617202595 -53.491653101 0.031424164 0.104820499 0.046341625 0.992913712
1317401302.318178892 463.043716287 -129.532003770 -53.556924709 0.031834854 0.102424604 0.067290285 0.991951491
1317401302.422049999 463.120257563 -129.515660305 -53.585152773 0.031260991 0.101398793 0.071070451 0.991811487
1317401302.525968075 463.666917314 -129.462629291 -53.700238958 0.034964673 0.097332025 0.103790119 0.989207541
1317401302.629909992 464.094040026 -129.379869522 -53.787622734 0.037403268 0.094150341 0.120834321 0.987489633
1317401302.733875990 464.331891588 -129.259408058 -53.835717336 0.036373349 0.090537353 0.133887941 0.986181518
1317401302.837892056 464.675833430 -129.157089251 -53.916093297 0.036106344 0.087888519 0.148710965 0.984305333
1317401302.942027092 465.070736029 -129.045438425 -53.989863386 0.037315194 0.087126327 0.162565032 0.982135016
1317401303.046281099 465.455091881 -128.915547010 -54.049302212 0.037217438 0.086692102 0.168501116 0.981176190
1317401303.150558949 465.923287342 -128.743264493 -54.125967035 0.037630469 0.086300216 0.174764077 0.980098841
1317401303.254837036 466.390819614 -128.586582320 -54.208074145 0.038699409 0.086203881 0.179377921 0.979231744
1317401303.359091997 466.825592428 -128.403852903 -54.277028135 0.039093568 0.085993584 0.181725503 0.978801634
1317401303.463325024 467.406601314 -128.183569477 -54.374690227 0.039485488 0.084654241 0.187535022 0.977806306
1317401303.567532063 468.057263107 -127.894226004 -54.488598277 0.038601694 0.083548255 0.189011053 0.977652505
1317401303.671737909 468.439295493 -127.732913745 -54.553252243 0.038323682 0.083575614 0.191614783 0.977154127
1317401303.775968075 468.856034838 -127.560891514 -54.617473187 0.037816793 0.083557481 0.192523503 0.976996796
1317401303.880199909 469.520988938 -127.261237893 -54.726301256 0.037520747 0.083559438 0.193129142 0.976888504
1317401303.984406948 470.218284612 -126.964800608 -54.840596337 0.037780664 0.083549002 0.193082728 0.976888553
1317401304.088614941 470.912720547 -126.663787765 -54.958129362 0.037099583 0.083359441 0.193157211 0.976916125
1317401304.192795992 471.636490694 -126.359063578 -55.078861423 0.037052278 0.083344809 0.193610115 0.976829512
1317401304.296955109 472.356327243 -126.050168021 -55.197331155 0.037093555 0.084312107 0.193051636 0.976855466
1317401304.401089907 473.073658851 -125.740769945 -55.309140559 0.036618832 0.085397286 0.193438202 0.976702630
1317401304.505198956 473.796989326 -125.432809215 -55.430536853 0.036853339 0.086366027 0.193516058 0.976593199
1317401304.609286070 474.533781392 -125.117531221 -55.545754567 0.037044067 0.086353856 0.193633695 0.976563741
1317401304.713350058 475.248931596 -124.809559896 -55.664468704 0.037589465 0.085948477 0.193503146 0.976604538
1317401304.817411900 475.979419467 -124.491175443 -55.788396817 0.036386905 0.085781002 0.193981704 0.976569870
1317401304.921449900 476.692361379 -124.178929002 -55.911416103 0.035550796 0.086542144 0.194351492 0.976459982
1317401305.025489807 477.404655232 -123.866772505 -56.028815110 0.036130779 0.087719587 0.194203500 0.976363068
1317401305.129529953 478.131374153 -123.554812721 -56.146967329 0.035803473 0.088516385 0.194741925 0.976195955
1317401305.233519077 478.879157929 -123.223633415 -56.274538630 0.035241992 0.088588920 0.195127357 0.976132839
1317401305.337507725 479.600553038 -122.914237454 -56.397664369 0.035189501 0.089244257 0.195931798 0.975913875
1317401305.441499949 480.325875970 -122.602409466 -56.515945599 0.034636562 0.089830571 0.196723111 0.975720654
1317401305.545466900 481.054214728 -122.300080287 -56.636521558 0.034717716 0.089560151 0.197130164 0.975660473
1317401305.649409056 481.791445275 -121.979618807 -56.765222991 0.034159645 0.089076448 0.198631968 0.975419831
1317401305.753350973 482.513694114 -121.660131924 -56.891398866 0.034036371 0.089878609 0.198653316 0.975346206
1317401305.857319117 483.212750532 -121.350993266 -57.007245111 0.032864105 0.090464591 0.199880767 0.975081426
1317401305.961308956 483.935890227 -121.033355909 -57.129978785 0.032580798 0.091897829 0.199889762 0.974955057
1317401306.065321922 484.678909275 -120.698739801 -57.250779318 0.032599507 0.092801328 0.200391820 0.974765769
1317401306.169338226 485.417018848 -120.369429032 -57.382175591 0.032533106 0.093994146 0.201859941 0.974350687
1317401306.273330927 486.154242685 -120.032772137 -57.504034075 0.032752011 0.095264584 0.202513265 0.974084361
1317401306.377321005 486.894456446 -119.691921380 -57.634652099 0.033066288 0.096869128 0.203590393 0.973690888
1317401306.481337070 487.606988768 -119.379354125 -57.763034281 0.032817250 0.097266820 0.204451750 0.973479160
1317401306.585352898 488.337727277 -119.033923155 -57.897262127 0.033415361 0.097547571 0.204246080 0.973473895
1317401306.689342976 489.049965699 -118.711644196 -58.027852232 0.034273483 0.097486274 0.204513085 0.973394141
1317401306.793333054 489.762511046 -118.373974531 -58.165328165 0.034770610 0.097118658 0.204002377 0.973520416
1317401306.897347927 490.488390516 -118.051243296 -58.292729403 0.034390827 0.096510153 0.203294309 0.973742515
1317401307.001360893 491.203724501 -117.717360726 -58.423471815 0.034867302 0.096558559 0.202270346 0.973933993
1317401307.105376005 491.930479038 -117.380482541 -58.548342201 0.035382529 0.096801921 0.201223562 0.974108076
1317401307.209393978 492.627124606 -117.040493874 -58.670265114 0.036651026 0.097671877 0.198475307 0.974538075
1317401307.313409090 493.361884086 -116.700312184 -58.790207337 0.038259148 0.098504957 0.196776929 0.974736811
1317401307.417398930 494.052541626 -116.384093432 -58.918996309 0.039714839 0.099607222 0.195487426 0.974826035
1317401307.521388054 494.782545421 -116.066921779 -59.042401107 0.040262906 0.099855884 0.194662410 0.974943202
1317401307.625401974 495.496609516 -115.757997713 -59.177468921 0.040911007 0.100304500 0.194116728 0.974978970
1317401307.729393959 496.227596165 -115.440337048 -59.306652286 0.041513712 0.100862611 0.193865288 0.974945945
1317401307.833360910 496.962318763 -115.118682893 -59.443500678 0.041612745 0.103095855 0.193270269 0.974826255
1317401307.937350988 497.680063810 -114.803703109 -59.571364311 0.042107921 0.105799033 0.192516617 0.974664476
1317401308.041341066 498.423354635 -114.487764795 -59.710179888 0.041834797 0.107863241 0.192489523 0.974455312
1317401308.145306110 499.134511489 -114.178030217 -59.853640600 0.040930426 0.108251852 0.192127514 0.974522065
1317401308.249274015 499.848694719 -113.874535076 -60.000820834 0.040701119 0.108483892 0.192193315 0.974492891
1317401308.353266954 500.572739267 -113.569843482 -60.140517794 0.041255719 0.108206249 0.192482345 0.974443390
1317401308.457257032 501.300925256 -113.262024366 -60.290378464 0.041738456 0.107717481 0.192227558 0.974527276
1317401308.561249018 502.015451395 -112.959156555 -60.430825971 0.041999532 0.106326058 0.193178328 0.974480858
1317401308.665239096 502.724404086 -112.659624014 -60.574793980 0.042674494 0.105030203 0.192936501 0.974639960
1317401308.769206047 503.438042229 -112.361301218 -60.710158561 0.043623829 0.104320030 0.193257363 0.974610632
1317401308.873195887 504.154861741 -112.057153268 -60.847611610 0.043982005 0.104448791 0.192966113 0.974638452
1317401308.977180004 504.856669991 -111.756733140 -60.973657207 0.044079486 0.104531293 0.192878896 0.974642467
1317401309.081147909 505.567754037 -111.454155458 -61.108677147 0.043739788 0.104341969 0.193404395 0.974573919
1317401309.185120106 506.282648374 -111.144335864 -61.238181633 0.043415283 0.104793611 0.193498002 0.974521388
1317401309.289114952 507.019899830 -110.834514243 -61.378490570 0.044169944 0.104616852 0.193340113 0.974537804
1317401309.393105984 507.730798962 -110.532018349 -61.511215692 0.044339450 0.104117146 0.192943800 0.974662158
1317401309.497092962 508.437446484 -110.226132696 -61.648113515 0.044200227 0.104026483 0.193040915 0.974658933
1317401309.601109982 509.150114898 -109.929750260 -61.777827685 0.043995877 0.104373490 0.193108765 0.974617639
1317401309.705123901 509.875054290 -109.614851996 -61.921300246 0.045410468 0.105129602 0.192665252 0.974559263
1317401309.809112072 510.574474729 -109.321142523 -62.045647432 0.045446698 0.105487504 0.192449785 0.974561473
1317401309.913103104 511.265302397 -109.027401379 -62.184898859 0.046046034 0.106670007 0.192552392 0.974384344
1317401310.017117023 511.666289386 -108.856758418 -62.248158836 0.045531428 0.107000358 0.192897281 0.974304086
1317401310.121130943 512.057934466 -108.681928735 -62.328340423 0.044444262 0.106698210 0.192399982 0.974485734
1317401310.225171089 512.418484528 -108.523702541 -62.393285364 0.043124000 0.106474187 0.192174916 0.974613959
1317401310.329210043 512.764543401 -108.369843925 -62.462689310 0.043055570 0.106594342 0.191036115 0.974827711
1317401310.433227062 513.087990278 -108.232472322 -62.523454562 0.043235277 0.106188896 0.190317385 0.975004575
1317401310.537240028 513.429239570 -108.083999544 -62.588808374 0.044139985 0.105894477 0.189208342 0.975211887
1317401310.641253948 513.743315046 -107.926947791 -62.646091772 0.044794900 0.105944718 0.187384729 0.975528624
1317401310.745245934 513.935828649 -107.800820583 -62.678828704 0.044629608 0.106333820 0.182575151 0.976405465
1317401310.849235058 514.179551277 -107.715184876 -62.727047913 0.044336127 0.105994466 0.182525687 0.976464979
1317401310.953250885 514.398620095 -107.692417687 -62.775198889 0.044191387 0.105648746 0.175433145 0.977808097
1317401311.057241201 514.708519485 -107.554617228 -62.829125406 0.044823911 0.105067454 0.173700401 0.978151224
1317401311.161228895 514.799048542 -107.523951308 -62.850735307 0.045133318 0.104717007 0.173398252 0.978228183
1317401311.265222073 515.110528326 -107.406547669 -62.906777031 0.044875796 0.104646301 0.171786541 0.978531910
1317401311.369190931 515.288946035 -107.324518125 -62.944774464 0.045102295 0.104913708 0.166813951 0.979352849
1317401311.473133087 515.552469007 -107.243543598 -62.991645213 0.045456828 0.104813293 0.166956132 0.979322981
1317401311.577049971 515.837236002 -107.136598855 -63.044152850 0.045733297 0.104728383 0.165717319 0.979529582
1317401311.680974960 516.170474519 -107.003310572 -63.108619522 0.046184825 0.104455208 0.164973583 0.979663099
1317401311.784919024 516.293234742 -106.958543029 -63.133659518 0.046533530 0.104365812 0.165315659 0.979598459
1317401311.888854980 516.592323356 -106.844038402 -63.189134549 0.046562597 0.104552017 0.165061094 0.979620149
1317401311.992796898 516.687953300 -106.819191408 -63.211527232 0.046658070 0.104519100 0.165852487 0.979485444
1317401312.096740961 517.013328314 -106.708662364 -63.276904851 0.047114108 0.103548741 0.166058109 0.979531839
1317401312.200659990 517.316440050 -106.592066414 -63.337856720 0.048987366 0.102476331 0.165070529 0.979719633
1317401312.304578066 517.620193988 -106.488606548 -63.395963800 0.050624446 0.102483645 0.164478495 0.979735216
1317401312.408504009 517.813595572 -106.427422554 -63.431716728 0.051273353 0.102858490 0.165690026 0.979458008
1317401312.512423992 518.139713953 -106.305679921 -63.491078958 0.050327036 0.103045093 0.166824936 0.979294817
1317401312.616336107 518.490869210 -106.175660254 -63.561828302 0.049095702 0.103265982 0.167473740 0.979223312
1317401312.720231056 518.838388917 -106.046184792 -63.629642769 0.048419721 0.103408604 0.168538619 0.979059204
1317401312.824101925 519.182379191 -105.906045420 -63.693374782 0.048056461 0.103825770 0.168772601 0.978992643
1317401312.927994013 519.561993468 -105.783829020 -63.777323696 0.047332410 0.104259336 0.170108743 0.978750555
1317401313.031888962 519.921631834 -105.628721913 -63.852140292 0.047487394 0.104709542 0.171544259 0.978444391
1317401313.135785103 520.299154209 -105.502100623 -63.924826343 0.049155793 0.104749802 0.171999427 0.978277764
1317401313.239705086 520.676473800 -105.357009763 -63.991984531 0.050304677 0.105015480 0.173121700 0.977992876
1317401313.343597889 521.064348406 -105.194144000 -64.066495195 0.049251381 0.105812480 0.173958999 0.977811990
1317401313.447494984 521.374298379 -105.071029002 -64.133929558 0.048139621 0.106526293 0.172976206 0.977964191
1317401313.551389933 521.769109835 -104.910529721 -64.212468313 0.046133478 0.107020024 0.174758934 0.977689998
1317401313.655283928 522.377554557 -104.648561973 -64.341870119 0.044516266 0.105676842 0.177667003 0.977386895
1317401313.759200096 522.812097288 -104.480047984 -64.437616736 0.044713626 0.105544299 0.177765777 0.977374248
1317401313.863095999 523.271522573 -104.310233222 -64.526829191 0.046247911 0.106544995 0.178868100 0.976993090
1317401313.967015028 523.578465931 -104.165626064 -64.582178804 0.046824697 0.107325903 0.177703822 0.977092601
1317401314.070956945 524.223065542 -103.914052777 -64.721772387 0.046596307 0.107473328 0.178134930 0.977008810
1317401314.174876928 524.644860049 -103.739212159 -64.809023918 0.046060190 0.107538337 0.178207598 0.977013826
1317401314.278820038 525.288081311 -103.495059530 -64.943519600 0.046110016 0.107738566 0.179356374 0.976779176
1317401314.382786036 525.740651808 -103.306790447 -65.036487391 0.046410441 0.108311553 0.179067268 0.976754622
1317401314.486752987 526.437267331 -103.032204808 -65.185127651 0.046269933 0.108222209 0.179238929 0.976739706
1317401314.590696096 526.867258924 -102.864957932 -65.275373159 0.046647093 0.108373839 0.180538271 0.976465612
1317401314.694641113 527.585702058 -102.573656085 -65.424480920 0.046943566 0.108599473 0.180806841 0.976376640
1317401314.798608065 528.239217049 -102.317048224 -65.566846258 0.047238307 0.108901321 0.180448779 0.976395044
1317401314.902573109 528.938359489 -102.037122504 -65.709644378 0.047220114 0.109114193 0.180902955 0.976288110
1317401315.006539106 529.663043469 -101.738775525 -65.864518213 0.046810937 0.109571680 0.180688547 0.976296283
1317401315.110505104 530.375243836 -101.449948760 -66.011273831 0.046502195 0.109935854 0.180796473 0.976250116
1317401315.214497089 531.076979746 -101.176756688 -66.161806922 0.046798517 0.110241006 0.181779137 0.976019039
1317401315.318485975 531.810543599 -100.881102697 -66.316338703 0.046435947 0.110578475 0.181749042 0.976003786
1317401315.422452927 532.523580095 -100.592734710 -66.469820308 0.046245089 0.110283768 0.181916684 0.976014960
1317401315.526396990 533.261351184 -100.294695277 -66.626191435 0.045411155 0.109858255 0.182279272 0.976034455
1317401315.630337954 533.975935678 -99.999257495 -66.778497730 0.045329133 0.109807158 0.182541704 0.975994971
1317401315.734304905 534.739803474 -99.689600874 -66.939400457 0.044781235 0.109814704 0.182691307 0.975991423
1317401315.838272095 535.434234953 -99.409423351 -67.084797776 0.044643174 0.110324532 0.183061162 0.975870942
1317401315.942238092 536.182704534 -99.099077792 -67.241059701 0.044489193 0.110955659 0.182819729 0.975851679
1317401316.046204090 536.907778785 -98.813469553 -67.396242482 0.044071309 0.111831679 0.182982801 0.975740073
1317401316.150196075 537.654069576 -98.500806808 -67.549906932 0.043820370 0.112563685 0.182659416 0.975727795
1317401316.254188061 538.371420297 -98.218879441 -67.705517461 0.043166763 0.112878955 0.183254961 0.975608831
1317401316.358179092 539.093512183 -97.922118236 -67.861236772 0.043569778 0.112221897 0.182725894 0.975765939
1317401316.462193966 539.807533679 -97.637121482 -68.019224191 0.043739870 0.112069250 0.182085192 0.975895635
1317401316.566184044 540.558490017 -97.333690326 -68.180893954 0.044212367 0.112269783 0.182216842 0.975826719
1317401316.670150042 541.278882806 -97.043194088 -68.332190777 0.045351194 0.113110937 0.181939326 0.975729095
1317401316.774116755 542.018241137 -96.750569471 -68.490515172 0.046367967 0.112986113 0.182013228 0.975681984
1317401316.878084898 542.741957471 -96.465984002 -68.648281823 0.046875725 0.112419228 0.182051953 0.975715978
1317401316.982050896 543.487958338 -96.161613289 -68.803386016 0.046936982 0.112434406 0.182012579 0.975718630
1317401317.086018085 544.243671737 -95.869915300 -68.962251904 0.047197673 0.113388149 0.182443515 0.975515182
1317401317.189982891 544.975916825 -95.573497124 -69.112129095 0.047086469 0.114479172 0.182624374 0.975359278
1317401317.293948889 545.706669013 -95.281596655 -69.265962905 0.047308394 0.115535090 0.182381488 0.975269476
1317401317.397917032 546.437930389 -94.989515349 -69.418478491 0.047479665 0.115952000 0.181997836 0.975283345
1317401317.501859188 547.170443401 -94.699024444 -69.581593665 0.047561790 0.116169885 0.181838409 0.975283152
1317401317.605777979 547.897936789 -94.401537311 -69.737103443 0.047617841 0.115953656 0.181697553 0.975332400
1317401317.709697008 548.630944444 -94.112111907 -69.900983494 0.048383480 0.115815608 0.181831302 0.975286195
1317401317.813619852 549.361653301 -93.813324689 -70.053213842 0.049815033 0.115765977 0.182439908 0.975106344
1317401317.917515993 550.095070575 -93.522185399 -70.211873647 0.050789995 0.116647379 0.182899295 0.974864921
1317401318.021380901 550.828623749 -93.224262093 -70.360854274 0.051624431 0.117880754 0.183572658 0.974546112
1317401318.125276089 551.567166910 -92.910532730 -70.521945248 0.051939579 0.119104952 0.184617670 0.974183046
1317401318.229193926 552.296132858 -92.602501780 -70.674936237 0.052167377 0.120157728 0.186066217 0.973765910
1317401318.333137035 553.017418442 -92.285629057 -70.836314527 0.052416911 0.121510905 0.188626748 0.973091731
1317401318.437127113 553.747864519 -91.974442176 -70.989316135 0.052182815 0.122554836 0.190452349 0.972617689
1317401318.541116953 554.454993592 -91.636134286 -71.146051158 0.051621936 0.123001761 0.192215830 0.972244217
1317401318.645107031 555.176375636 -91.331198147 -71.308685526 0.050969489 0.123273618 0.193516480 0.971986162
1317401318.749123096 555.868840406 -91.016330696 -71.462508903 0.051294409 0.124368783 0.193017409 0.971928788
1317401318.853163004 556.579132025 -90.719141832 -71.621782622 0.050753767 0.125084760 0.193109106 0.971847072
1317401318.957226992 557.258301387 -90.416917621 -71.775992147 0.050885350 0.125912334 0.193316618 0.971692055
1317401319.061266899 557.953003381 -90.116369726 -71.935733627 0.049526852 0.125757039 0.193224157 0.971800743
1317401319.165306091 558.395657773 -89.918611730 -72.040260650 0.049505198 0.125834598 0.193127939 0.971810932
1317401319.269345999 559.084216762 -89.617614406 -72.198475647 0.049704249 0.126188639 0.192868733 0.971806342
1317401319.373383999 559.722881274 -89.338791781 -72.350667114 0.049333520 0.126813489 0.191407643 0.972032745
1317401319.477446079 560.153678241 -89.154684712 -72.444975389 0.049224825 0.126459543 0.191658043 0.972035028
1317401319.581510067 560.831813344 -88.853287107 -72.614710272 0.049153292 0.125370716 0.189844903 0.972535372
1317401319.685570955 561.548495598 -88.553077121 -72.774746133 0.049130492 0.123758252 0.189202491 0.972868186
1317401319.789633036 562.168683397 -88.266373742 -72.926935265 0.050163359 0.123764492 0.188335592 0.972982884
1317401319.893699884 562.788316719 -87.960492732 -73.060313492 0.050286336 0.123814165 0.183884217 0.973821304
1317401319.997764111 563.234257625 -87.786705775 -73.165109445 0.051238912 0.124380249 0.183055611 0.973855621
1317401320.101824045 563.773103444 -87.551494876 -73.279492910 0.051107495 0.124097361 0.182967021 0.973915262
1317401320.205862999 564.310555777 -87.338564586 -73.409424906 0.052350473 0.124142401 0.181449790 0.974127336
1317401320.309905052 564.993542468 -87.051023962 -73.563350018 0.051784842 0.124142805 0.180047260 0.974417712
1317401320.413943052 565.377293792 -86.902946423 -73.657764963 0.051552618 0.124128974 0.180012622 0.974438188
1317401320.517977953 565.823597202 -86.731944411 -73.758025259 0.052091820 0.123866465 0.179628632 0.974513774
1317401320.621990919 566.470921691 -86.472521245 -73.912258638 0.053191566 0.124263102 0.179661675 0.974397774
1317401320.725982904 567.121418669 -86.212864266 -74.059994517 0.052954715 0.124468193 0.179521730 0.974410291
1317401320.829998016 567.533247166 -86.047856762 -74.159269572 0.053369355 0.124448568 0.179211958 0.974447197
1317401320.933986902 567.935405438 -85.894474067 -74.246479410 0.054332935 0.124497649 0.179550296 0.974325387
1317401321.037977934 568.343572978 -85.729572961 -74.337053624 0.054319916 0.124918586 0.179704068 0.974243882
1317401321.141969919 568.698811181 -85.593790731 -74.413880775 0.055276226 0.125726640 0.179343088 0.974152661
1317401321.245938063 569.106930704 -85.442574370 -74.507358088 0.056221461 0.125800726 0.179586789 0.974044101
1317401321.349931002 569.466752545 -85.304534111 -74.585384675 0.055951754 0.125261653 0.179864672 0.974077830
1317401321.453917980 569.857329482 -85.160667160 -74.676268749 0.055647466 0.125254468 0.179877126 0.974093885
1317401321.557907104 570.254635644 -85.011611976 -74.769638077 0.055771980 0.124823454 0.181114196 0.973912850
1317401321.661900043 570.592057312 -84.881925729 -74.843918766 0.056385323 0.124495014 0.180743691 0.973988401
1317401321.765892029 570.951749740 -84.746663979 -74.926989502 0.057656948 0.124303054 0.180941711 0.973901702
1317401321.869905949 571.355356035 -84.579945915 -75.019585274 0.058586916 0.124219135 0.181486276 0.973755571
1317401321.973917007 571.760139381 -84.455258628 -75.116048976 0.058545359 0.124434838 0.183408174 0.973370358
1317401322.077908039 572.295114476 -84.260520875 -75.237705986 0.058534720 0.124672624 0.187030748 0.972650977
1317401322.181900978 572.675937042 -84.119793759 -75.325550876 0.057927609 0.124546783 0.188380398 0.972442963
1317401322.285940886 573.080834183 -83.951894138 -75.424269517 0.057811216 0.124435097 0.189698534 0.972207918
1317401322.390003920 573.510548550 -83.767033492 -75.522899497 0.057824318 0.124460079 0.191883823 0.971774992
1317401322.494062901 573.894321012 -83.616367940 -75.609823722 0.057921480 0.124109974 0.192349208 0.971721976
1317401322.598150969 574.247437628 -83.448727662 -75.688759505 0.058243662 0.124361763 0.192011974 0.971737223
1317401322.702240944 574.642891108 -83.287908532 -75.781799489 0.058886892 0.124655914 0.192155248 0.971632440
1317401322.806325912 575.020600978 -83.128201676 -75.868643989 0.058661515 0.124900678 0.191952275 0.971654759
1317401322.910413027 575.382387922 -82.959350219 -75.952853679 0.058352927 0.125010003 0.191859417 0.971677621
1317401323.014475107 575.769152642 -82.789838567 -76.045358840 0.058427709 0.124594274 0.191475807 0.971802184
1317401323.118513107 576.148838824 -82.637355869 -76.136759162 0.058848563 0.124481854 0.191114910 0.971862236
1317401323.222552061 576.563227337 -82.450382597 -76.225590553 0.060612828 0.125882291 0.190377765 0.971718087
1317401323.326615095 576.992631010 -82.249259640 -76.320411535 0.061536883 0.127179507 0.187687823 0.972014334
1317401323.430653095 577.435847180 -82.056608841 -76.424526109 0.061119896 0.126915055 0.187616319 0.972089010
1317401323.534691095 577.808700865 -81.895972523 -76.516463081 0.059161546 0.125999975 0.186785317 0.972489158
1317401323.638731956 578.223354675 -81.692136712 -76.623678214 0.057717501 0.125795525 0.184097364 0.973114760
1317401323.742747068 578.679537724 -81.512624681 -76.731281968 0.058270186 0.126209083 0.183661958 0.973110548
1317401323.846735954 579.190830714 -81.315912370 -76.857100080 0.061460450 0.126691974 0.184844684 0.972627472
1317401323.950701714 579.596139391 -81.150784783 -76.943908728 0.063470406 0.127303400 0.183511111 0.972671077
1317401324.054668903 580.037478573 -80.954311621 -77.053042258 0.062415144 0.128731044 0.182854145 0.972675192
1317401324.158633947 580.549842988 -80.733468181 -77.180535775 0.060237032 0.129554040 0.184447584 0.972402355
1317401324.262603045 580.988947642 -80.558487816 -77.285887075 0.058512461 0.129145571 0.185413662 0.972378264
1317401324.366571665 581.493524137 -80.342458793 -77.417380301 0.058537135 0.128904927 0.186760208 0.972150990
1317401324.470513105 581.992581252 -80.137385266 -77.531842047 0.059111060 0.129105182 0.187155337 0.972013690
1317401324.574409008 582.497175578 -79.926206013 -77.658037874 0.060433721 0.129343379 0.189035029 0.971536831
1317401324.678282022 582.949749132 -79.710537582 -77.770487805 0.060909128 0.128836555 0.190904898 0.971208804
1317401324.782125711 583.508549970 -79.436785531 -77.905913287 0.061353276 0.127824342 0.197248081 0.970046343
1317401324.885946989 584.041416757 -79.190276719 -78.040154691 0.061168966 0.126342605 0.204133682 0.968826787
1317401324.989744902 584.523279621 -78.952840573 -78.162721006 0.061076273 0.124733722 0.210183084 0.967747001
1317401325.093544960 585.137773855 -78.664559663 -78.309485170 0.061914178 0.122802153 0.219611400 0.965845277
1317401325.197345972 585.720684265 -78.369667318 -78.449952642 0.061302741 0.121898278 0.228493450 0.963936474
1317401325.301168919 586.067717723 -78.162337623 -78.534781888 0.060419291 0.121826951 0.231048083 0.963392177
1317401325.405064106 586.636690033 -77.865478544 -78.664727646 0.059240256 0.121116444 0.241123517 0.961083164
1317401325.509006023 587.202346994 -77.546441483 -78.790314084 0.056377034 0.120479997 0.245831625 0.960142184
1317401325.612996101 587.673721937 -77.230770028 -78.898854524 0.054538945 0.120112750 0.248299306 0.959659255
1317401325.717010975 588.332130377 -76.867350042 -79.055642027 0.052485732 0.119453116 0.250594352 0.959259439
1317401325.821072102 588.814306075 -76.560009825 -79.164801489 0.051498280 0.119678659 0.250940418 0.959194377
1317401325.925158978 589.463510371 -76.175146406 -79.315141355 0.048621578 0.119719527 0.251022139 0.959318020
1317401326.029269934 590.069159754 -75.809769969 -79.452091177 0.045980331 0.120554533 0.248974053 0.959877250
1317401326.133405924 590.713766750 -75.434627083 -79.605090801 0.044707413 0.121268774 0.247042082 0.960346469
1317401326.237562895 591.338179090 -75.090336654 -79.757950187 0.042712814 0.122092958 0.240185097 0.962070706
1317401326.341744900 591.987109880 -74.729544909 -79.914274306 0.040931317 0.121608096 0.237023069 0.962993335
1317401326.445910931 592.610773013 -74.371256136 -80.066769815 0.039856560 0.121542716 0.228181589 0.965179768
1317401326.550045967 593.299810406 -74.014466924 -80.226796205 0.038256742 0.120952401 0.221978575 0.966763906
1317401326.654149771 594.036240438 -73.640285902 -80.405861267 0.037795503 0.121506774 0.216230898 0.968014361
1317401326.758235931 594.716425024 -73.295476111 -80.567251926 0.036904137 0.121695942 0.212592602 0.968830516
1317401326.862299919 595.388899979 -72.968104527 -80.731892864 0.036412638 0.122708367 0.203969573 0.970573640
1317401326.966341019 596.093859341 -72.643562589 -80.901520673 0.035916358 0.123134081 0.199835575 0.971397836
1317401327.070332050 596.793389753 -72.356313822 -81.079442409 0.034765782 0.123168394 0.195122745 0.972392925
1317401327.174298048 597.499863233 -72.042641549 -81.247898248 0.034500884 0.123010404 0.193360765 0.972774251
1317401327.278240919 598.133092852 -71.703267478 -81.397454126 0.036855336 0.123552045 0.188457680 0.973581162
1317401327.382135153 598.880719054 -71.384412062 -81.578823269 0.037183237 0.123528761 0.187585257 0.973740121
1317401327.486006021 599.581189743 -71.089061666 -81.756801150 0.036857167 0.123847260 0.186141097 0.973989167
1317401327.589850903 600.304265455 -70.779118003 -81.927691828 0.037699876 0.124444418 0.185674530 0.973969853
1317401327.693696976 601.013045274 -70.483983515 -82.102496642 0.037836002 0.125261887 0.185345899 0.973922376
1317401327.797569036 601.760063597 -70.182180610 -82.287116214 0.036299288 0.126324520 0.185697606 0.973776605
1317401327.901439905 602.434161661 -69.888872306 -82.453936248 0.036888063 0.128248179 0.185988580 0.973447443
1317401328.005287886 603.178142113 -69.585387171 -82.627438477 0.037293365 0.131467653 0.186226916 0.972956832
1317401328.109134912 603.900623290 -69.271729740 -82.811655079 0.036804381 0.134368398 0.186153387 0.972593177
1317401328.213002920 604.629278777 -68.966140797 -82.997412418 0.037923128 0.136122596 0.186080956 0.972320088
1317401328.316874027 605.358256309 -68.663953495 -83.193408026 0.038595578 0.136278267 0.186712280 0.972150780
1317401328.420743942 606.072608179 -68.358913648 -83.388461932 0.038199818 0.135272855 0.187068587 0.972238331
1317401328.524614096 606.785993986 -68.064605398 -83.581768375 0.037986581 0.135052945 0.187655085 0.972164230
1317401328.628485918 607.512063480 -67.760182991 -83.770754320 0.037553304 0.135527744 0.188448841 0.971961426
1317401328.732357025 608.222878907 -67.454948505 -83.960215761 0.036701149 0.135926208 0.188479749 0.971932341
1317401328.836227894 608.938643882 -67.149818127 -84.149907587 0.036724348 0.136137009 0.188624234 0.971873930
1317401328.940099001 609.679705329 -66.835790110 -84.354171993 0.037043087 0.135876973 0.189811060 0.971667134
1317401329.043968916 610.386351586 -66.539067940 -84.536839623 0.037546879 0.135233305 0.189495906 0.971799098
1317401329.147864103 611.095779996 -66.234192207 -84.727239649 0.036726101 0.135199155 0.189781655 0.971779453
1317401329.251782894 611.829358266 -65.918392756 -84.922170394 0.036031723 0.136191533 0.190225950 0.971579986
1317401329.355704069 612.542580632 -65.610020222 -85.108835996 0.035831191 0.138033759 0.190574234 0.971259115
1317401329.459621906 613.251802434 -65.312981954 -85.295984333 0.034932142 0.138480223 0.190846963 0.971174758
1317401329.563564062 613.965290919 -64.996512677 -85.497735725 0.035583214 0.137867318 0.190149502 0.971375110
1317401329.667505980 614.664666860 -64.699658497 -85.688677024 0.035197215 0.137135925 0.190022580 0.971517531
1317401329.771425009 615.387904992 -64.379604308 -85.880763419 0.035162164 0.138007330 0.189391183 0.971518697
1317401329.875368118 616.095510480 -64.084387274 -86.070078645 0.035169651 0.138542467 0.189448708 0.971431041
1317401329.979335070 616.794771161 -63.780166990 -86.259884002 0.034315865 0.139034364 0.189035743 0.971471747
1317401330.083302259 617.499730183 -63.478682036 -86.448748355 0.033270130 0.139333979 0.188467190 0.971575658
1317401330.187244892 618.206514172 -63.180441118 -86.639570511 0.032775622 0.139618464 0.188562410 0.971533150
1317401330.291188955 618.905887968 -62.885961438 -86.826540758 0.032009738 0.139679115 0.188142877 0.971631298
1317401330.395129204 619.605091119 -62.586128345 -87.017973216 0.031189473 0.139713100 0.187689921 0.971740686
1317401330.499046803 620.318374863 -62.287302630 -87.210091768 0.030957120 0.139617540 0.187589887 0.971781165
1317401330.602988958 621.030432815 -61.992423205 -87.407808515 0.030690964 0.139542712 0.187495692 0.971818533
1317401330.706933975 621.743844401 -61.692083361 -87.593782584 0.029920826 0.138788373 0.187605019 0.971929467
1317401330.810877085 622.425709374 -61.399327338 -87.785161715 0.029735814 0.138340201 0.187748498 0.971971333
1317401330.914819002 623.133110784 -61.107268758 -87.972091167 0.029565078 0.137289598 0.188215389 0.972035205
1317401331.018785954 623.828975817 -60.819788439 -88.163152225 0.030064935 0.135516517 0.188538824 0.972205989
1317401331.122776031 624.541008849 -60.511995471 -88.350560402 0.031042706 0.133818789 0.188572446 0.972403885
1317401331.226766109 625.110404835 -60.275498046 -88.504689145 0.031572436 0.132337534 0.188994943 0.972507517
1317401331.330755949 625.624495213 -60.057188062 -88.640654177 0.031552100 0.130700776 0.189565290 0.972618514
1317401331.434746981 626.159841004 -59.835707835 -88.777053531 0.031995868 0.130337763 0.189229005 0.972718210
1317401331.538764000 626.797642299 -59.561565047 -88.940742322 0.033188553 0.130956697 0.188445590 0.972747204
1317401331.642777205 627.222149735 -59.399805536 -89.045756549 0.034032501 0.131713504 0.189079728 0.972492775
1317401331.746790886 627.624668188 -59.223736754 -89.147676298 0.034228964 0.132115080 0.189139531 0.972419776
1317401331.850832939 628.073805254 -59.018744694 -89.260615238 0.032818103 0.131981297 0.189075211 0.972499087
1317401331.954896927 628.625718063 -58.775455520 -89.406123670 0.031907214 0.132016730 0.187654888 0.972799648
1317401332.058958054 628.973621530 -58.619340469 -89.488953166 0.032123695 0.132210520 0.186307718 0.973025118
1317401332.163069010 629.340346482 -58.476418684 -89.584043613 0.033717826 0.131928469 0.185928530 0.973081995
1317401332.267230034 629.896328130 -58.322235817 -89.729025811 0.032473859 0.132429396 0.175275534 0.975031482
1317401332.371388912 630.249279411 -58.140339962 -89.815907596 0.030352953 0.132979160 0.168015725 0.976302185
1317401332.475544930 630.646928379 -57.965187968 -89.917723583 0.028548776 0.133122227 0.162426408 0.977282509
1317401332.579703093 630.946843219 -57.903971693 -89.994436051 0.027858818 0.133258555 0.155584341 0.978396421
1317401332.683887005 631.370847615 -57.744960344 -90.099314709 0.027736462 0.133299135 0.146437778 0.979805086
1317401332.788094044 631.668931908 -57.695050078 -90.177214313 0.027146374 0.133301377 0.136552387 0.981247809
1317401332.892298937 632.117982702 -57.559696011 -90.286964261 0.026584516 0.133509895 0.124734492 0.982807040
1317401332.996506929 632.464710372 -57.457742758 -90.378401492 0.026494264 0.133466268 0.113208053 0.984209706
1317401333.100713015 632.756464161 -57.392593342 -90.455357853 0.026906713 0.133416804 0.101661452 0.985464832
1317401333.204919100 633.063631079 -57.331611064 -90.531246101 0.027884444 0.133591868 0.089630079 0.986581025
1317401333.309101105 633.345437130 -57.289230626 -90.595932902 0.029067335 0.133736552 0.077480177 0.987555794
1317401333.413261175 633.640709307 -57.263731991 -90.680260829 0.029199996 0.133550279 0.064914091 0.988482597
1317401333.517420053 633.921428615 -57.238836712 -90.743537552 0.029564373 0.133351555 0.051530427 0.989286574
1317401333.621581078 634.173684031 -57.194087291 -90.808540824 0.028477417 0.133045605 0.039698755 0.989905002
1317401333.725716114 634.349318961 -57.166053892 -90.848689289 0.026564466 0.133449402 0.028066795 0.990301894
1317401333.829849958 634.729320780 -57.087740616 -90.955750354 0.023826508 0.134347769 0.014197801 0.990546010
1317401333.933984041 635.037855882 -56.941384782 -91.036409147 0.021702867 0.136438368 -0.002730246 0.990407039
1317401334.038094997 635.219697207 -57.114870169 -91.093478613 0.021510472 0.138775913 -0.013921546 0.989992291
1317401334.142205954 635.490173747 -57.049736420 -91.156031999 0.021720879 0.140810428 -0.027377431 0.989419579
1317401334.246290922 635.762720906 -57.119338156 -91.231005510 0.021884889 0.143099941 -0.043865237 0.988493449
1317401334.350353956 636.039554245 -57.166315210 -91.303538547 0.022578216 0.144853291 -0.056910968 0.987557031
1317401334.454392910 636.288688483 -57.245509542 -91.374805925 0.022265652 0.146134228 -0.072141545 0.986379555
1317401334.558407068 636.509880418 -57.242132124 -91.427487520 0.021380889 0.147415016 -0.087585775 0.984957056
1317401334.662396908 636.788775571 -57.271095711 -91.507177384 0.019701013 0.148406201 -0.100436340 0.983615784
1317401334.766362906 637.069750622 -57.310659107 -91.589862818 0.017571802 0.149543670 -0.113618564 0.982048239
1317401334.870283127 637.369976524 -57.406761913 -91.677093337 0.016098362 0.150575929 -0.126899319 0.980287863
1317401334.974083900 637.666676125 -57.495492970 -91.767478787 0.016342783 0.151287128 -0.135600971 0.979008424
1317401335.077740908 637.970020959 -57.600974808 -91.859257717 0.018454643 0.151183031 -0.142156654 0.978056544
1317401335.181345940 638.220586137 -57.702931541 -91.931911323 0.020343505 0.151568660 -0.143215519 0.977804887
1317401335.284976959 638.509948561 -57.805423777 -92.030050622 0.020755411 0.152537973 -0.142156800 0.977799992
1317401335.388581991 638.766215146 -57.847612631 -92.105852969 0.021075865 0.153369000 -0.138682937 0.978161950
1317401335.492187977 639.012631973 -57.857739787 -92.176789409 0.022253656 0.153428749 -0.131005764 0.979184295
1317401335.595844030 639.212357363 -57.944514734 -92.242414626 0.023014444 0.153016208 -0.123430490 0.980214920
1317401335.699498892 639.440020668 -58.010015808 -92.318592328 0.024441969 0.152265736 -0.113769420 0.981465361
1317401335.803103924 639.614328352 -58.053769291 -92.375331997 0.027026566 0.151316762 -0.102350206 0.982800711
1317401335.906711102 639.854924657 -58.098164419 -92.446132247 0.031002397 0.150437338 -0.087671202 0.984236363
1317401336.010343075 640.020742793 -58.144566223 -92.494636753 0.034675483 0.150158948 -0.071354827 0.985473688
1317401336.113975048 640.198662760 -58.155811026 -92.548163657 0.037580105 0.149948733 -0.052267878 0.986595754
1317401336.217603922 640.401115613 -58.173045887 -92.607322186 0.040407616 0.149512338 -0.030561909 0.987461014
1317401336.321259022 640.592592189 -58.153789616 -92.662484998 0.042860807 0.149138641 -0.006713531 0.987864133
1317401336.424961090 640.782624153 -58.103435274 -92.714353614 0.045009229 0.148845719 0.017404166 0.987682245
1317401336.528687954 640.959892188 -58.138711164 -92.770173746 0.046720092 0.148365500 0.041038338 0.986975565
1317401336.632440090 641.117703869 -58.059841128 -92.812940867 0.049424256 0.147722089 0.066428383 0.985557049
1317401336.736212969 641.268622505 -58.104265232 -92.862099887 0.052110352 0.146735894 0.090378396 0.983658901
1317401336.839987040 641.361387569 -58.028407277 -92.884244623 0.055030939 0.145709286 0.113656830 0.981235204
1317401336.943763018 641.582140207 -57.962276960 -92.946921190 0.057778770 0.144812691 0.137408735 0.978166518
1317401337.047538996 641.634511377 -58.042690308 -92.974736643 0.058369132 0.144379009 0.144332388 0.977197988
1317401337.151313066 641.837417300 -57.895366642 -93.023428214 0.060463603 0.144266518 0.167706826 0.973347700
1317401337.255085707 642.035012893 -57.835524210 -93.078179289 0.065596951 0.145250380 0.206180041 0.965447646
1317401337.358865976 642.198445223 -57.774938583 -93.119240347 0.069086189 0.145401831 0.230231908 0.959728438
1317401337.462640047 642.362815971 -57.645308565 -93.158565835 0.072455228 0.145377960 0.255187816 0.953149866
1317401337.566411972 642.499565879 -57.566476398 -93.194477223 0.074674366 0.145584072 0.279340903 0.946148866
1317401337.670236111 642.643407827 -57.434524274 -93.224525367 0.075880675 0.146174712 0.302445165 0.938830122
1317401337.774153948 642.799913596 -57.312950973 -93.263368721 0.076291171 0.146208524 0.324122882 0.931529432
1317401337.878168106 642.981215491 -57.207774557 -93.313388706 0.076579391 0.145902276 0.342099297 0.925103342
1317401337.982278109 643.119081956 -57.016542710 -93.348261754 0.077241914 0.145836758 0.356801198 0.919488027
1317401338.086438894 643.274766334 -56.884588176 -93.386522631 0.078390968 0.146582736 0.368666901 0.914578085
1317401338.190623045 643.444030605 -56.735711153 -93.426857805 0.080166959 0.147504795 0.379488774 0.909837274
1317401338.294803858 643.596332305 -56.552950494 -93.456768901 0.080104676 0.147167108 0.389052976 0.905849251
1317401338.399009943 643.739569332 -56.380547621 -93.504565146 0.078491763 0.143743098 0.396655472 0.903239393
1317401338.503312111 643.854599094 -56.228878196 -93.550978415 0.076428865 0.139244291 0.401982312 0.901764868
1317401338.607640028 644.027258286 -56.003117572 -93.610513875 0.075581690 0.136711470 0.406004315 0.900420945
1317401338.711919069 644.218977136 -55.794035138 -93.656193485 0.077584472 0.136677922 0.407606616 0.899531346
1317401338.816245079 644.491976784 -55.534742240 -93.726891911 0.079177510 0.134089828 0.407782347 0.899702394
1317401338.920669079 644.571192874 -55.323141977 -93.761826263 0.077787280 0.128757484 0.405513306 0.901626091
1317401339.025139093 644.764394741 -55.072298502 -93.835901795 0.075033125 0.121246971 0.402282181 0.904344099
1317401339.129635096 645.018888878 -54.777280353 -93.922131753 0.075497375 0.113331512 0.390186111 0.910610187
1317401339.234154940 645.255859941 -54.528930918 -93.971464665 0.074502988 0.108776619 0.378696348 0.916081889
1317401339.338649035 645.516416668 -54.233669367 -94.043234973 0.069920374 0.104568060 0.366844573 0.921738423
1317401339.443022966 645.773306051 -53.950552105 -94.133742835 0.066809516 0.102455620 0.353966806 0.927225342
1317401339.547348976 646.066364043 -53.654978636 -94.204183604 0.065836091 0.104737080 0.341873720 0.931567557
1317401339.651649952 646.400567410 -53.372167881 -94.249206791 0.062298305 0.110446485 0.330329601 0.935308960
1317401339.755882025 646.731878768 -53.126984319 -94.305355348 0.056829303 0.116652533 0.321626216 0.937933470
1317401339.860064983 646.900351883 -52.917452450 -94.341919878 0.056039080 0.120511154 0.315297841 0.939640333
1317401339.964198112 647.315869539 -52.636130159 -94.406800007 0.052151822 0.125272686 0.308042686 0.941645711
1317401340.068309069 647.622243253 -52.378146732 -94.479843274 0.050682009 0.128317068 0.297656250 0.944651693
1317401340.172395945 648.028709773 -52.115153001 -94.578401688 0.050148582 0.129245606 0.289728255 0.947015433
1317401340.276459932 648.532184942 -51.793975656 -94.714552502 0.050988102 0.128858495 0.279988626 0.949948457
1317401340.380497932 648.926085998 -51.506584802 -94.820542466 0.050643499 0.128169387 0.271162158 0.952616884
1317401340.484513998 649.388477125 -51.225706913 -94.952822728 0.050469575 0.128570289 0.264217208 0.954521749
1317401340.588529110 649.843569747 -50.914806367 -95.072630236 0.048989826 0.130653114 0.255330232 0.956732059
1317401340.692518950 650.353459909 -50.632511320 -95.203949418 0.048280649 0.134200489 0.250800114 0.957475070
1317401340.796462059 650.693788825 -50.372730747 -95.294091201 0.048361265 0.136440855 0.245817634 0.958446019
1317401340.900381088 651.257857804 -50.105672240 -95.442787714 0.048914580 0.138446293 0.240932247 0.959370439
1317401341.004252911 651.925050128 -49.732931764 -95.624038151 0.052163424 0.139100752 0.237167076 0.960042570
1317401341.108099937 652.456408897 -49.435850875 -95.773520034 0.054695890 0.138930479 0.234067223 0.960686846
1317401341.211971998 653.114474938 -49.069335018 -95.951862187 0.054372624 0.136975954 0.232405208 0.961389112
1317401341.315864086 653.773462268 -48.698219993 -96.151698139 0.052490807 0.136275929 0.231447964 0.961824010
1317401341.419780970 654.411951099 -48.351461610 -96.321816629 0.050899652 0.136090638 0.229852073 0.962318340
1317401341.523750067 654.992462149 -48.051871123 -96.487432180 0.047435145 0.136584587 0.223501012 0.963920046
1317401341.627763987 655.371506583 -47.849986277 -96.596236983 0.045938506 0.137636848 0.221512442 0.964301815
1317401341.731777906 656.073050180 -47.464263029 -96.792089539 0.045964357 0.138738535 0.219362258 0.964634178
1317401341.835768938 656.877099477 -47.085326411 -97.011118203 0.043771989 0.139557634 0.211892566 0.966286303
1317401341.939759970 657.561969574 -46.729159667 -97.207396869 0.040417670 0.137554146 0.207427441 0.967687515
1317401342.043751001 658.304510880 -46.397164386 -97.420277687 0.037111965 0.135512973 0.199177674 0.969838744
1317401342.147717953 659.083175405 -46.036037127 -97.647703856 0.038249654 0.136972412 0.197514661 0.969929627
1317401342.251661062 659.820939147 -45.687907221 -97.849847276 0.038635108 0.139725701 0.196137728 0.969801036
1317401342.355581045 660.575620039 -45.329572488 -98.057800914 0.039046107 0.142364824 0.193364358 0.969957671
1317401342.459497929 661.336501985 -44.982371428 -98.265067760 0.037753532 0.142341463 0.189508861 0.970772873
1317401342.563394070 662.098707700 -44.647594820 -98.493841766 0.036219022 0.140622608 0.182577621 0.972408801
1317401342.667261839 662.872497793 -44.337758082 -98.722430324 0.036892949 0.139308732 0.181743617 0.972728762
1317401342.771133900 663.854357058 -43.956158498 -98.995956821 0.038823977 0.138453249 0.183501840 0.972445614
1317401342.875005007 664.634028319 -43.630494041 -99.219154446 0.039487199 0.138531317 0.182266518 0.972640094
1317401342.978878021 665.320964784 -43.352619651 -99.407203812 0.040509355 0.139986600 0.180842328 0.972655538
1317401343.082726955 666.125230179 -43.024976841 -99.632884894 0.041571806 0.143216679 0.181328731 0.972049721
1317401343.186571121 666.815215457 -42.746053459 -99.823357720 0.042479526 0.146487330 0.180793131 0.971622764
1317401343.290441036 667.836499825 -42.335731344 -100.111692882 0.043720135 0.147448191 0.180503003 0.971476323
1317401343.394310951 668.575478328 -42.024196256 -100.336396525 0.042233678 0.146316454 0.180208012 0.971767917
1317401343.498183012 669.341820532 -41.712484025 -100.559911887 0.040896143 0.144608210 0.180622100 0.972003924
1317401343.602076054 670.350231168 -41.297778021 -100.859727333 0.039755997 0.143539504 0.181235161 0.972095514
1317401343.705969095 671.346478048 -40.885787830 -101.146638316 0.039533472 0.142768048 0.180824956 0.972294567
1317401343.809864998 672.370440612 -40.461784506 -101.442304630 0.038687964 0.142143666 0.179899360 0.972591713
1317401343.913759947 673.160720267 -40.146679816 -101.666124416 0.039308934 0.142567441 0.180627468 0.972369812
1317401344.017654896 674.186570834 -39.731467709 -101.958489879 0.039483185 0.144020985 0.180420362 0.972186982
1317401344.121540070 674.958018406 -39.415033576 -102.175011228 0.039583125 0.145867043 0.180569708 0.971879912
1317401344.225409031 675.944863713 -39.021099418 -102.453251540 0.039755328 0.147175810 0.180123574 0.971758351
1317401344.329315186 676.708234424 -38.715967831 -102.675313459 0.040606985 0.146793619 0.180207540 0.971765377
1317401344.433211088 677.400315617 -38.435009873 -102.876805961 0.040145148 0.145077220 0.179962676 0.972087652
1317401344.537106037 678.177070677 -38.120502750 -103.100221145 0.039952529 0.143913315 0.180774477 0.972117967
1317401344.640976906 678.859766226 -37.840553511 -103.295265587 0.039982396 0.144579024 0.180397336 0.972088018
1317401344.744822979 679.558837372 -37.556879898 -103.498689091 0.040355507 0.145771865 0.180385724 0.971896593
1317401344.848716021 680.319814110 -37.250180895 -103.707556652 0.041124846 0.147788184 0.180770802 0.971488197
1317401344.952609062 681.084353175 -36.941190243 -103.932515225 0.042285834 0.150004695 0.180721754 0.971107691
1317401345.056480885 681.780758160 -36.654910602 -104.127862068 0.043892150 0.150147309 0.180545107 0.971047233
1317401345.160353899 682.521273967 -36.358855051 -104.355431465 0.045932775 0.149115328 0.180431037 0.971133070
1317401345.264222860 683.204354320 -36.084269930 -104.550880134 0.047717022 0.147496810 0.180046652 0.971365523
1317401345.368118048 683.939954609 -35.784723940 -104.770075350 0.049334931 0.146356946 0.180094717 0.971448198
1317401345.472012043 684.693108147 -35.482552249 -104.976311267 0.051069089 0.146625995 0.180509836 0.971240941
1317401345.575882912 685.428533244 -35.162870933 -105.190934979 0.051879457 0.148086364 0.180392621 0.970998174
1317401345.679754972 686.448740264 -34.771450258 -105.474285832 0.050518220 0.150301778 0.181167591 0.970585179
1317401345.783626080 687.168850191 -34.459841876 -105.684501620 0.049498905 0.152055768 0.180764339 0.970439671
1317401345.887521982 687.936761493 -34.148162946 -105.903824584 0.049251793 0.152799087 0.180936928 0.970303318
1317401345.991416931 688.664678788 -33.849184151 -106.123861571 0.048813768 0.152882341 0.180880457 0.970322867
1317401346.095286131 689.428430354 -33.534533767 -106.347476466 0.047862609 0.151997129 0.181242393 0.970441775
1317401346.199157953 690.150611397 -33.236527279 -106.563143026 0.048139787 0.151164082 0.181031371 0.970597560
1317401346.303051949 690.882832375 -32.934890492 -106.774154436 0.049112704 0.151106726 0.181113997 0.970542333
1317401346.406970978 691.607682408 -32.636988970 -106.988091728 0.048835320 0.152422391 0.180892338 0.970391925
1317401346.510889053 692.299690491 -32.352659720 -107.184192824 0.048801086 0.153339571 0.181049062 0.970219907
1317401346.614806890 693.004583150 -32.067478275 -107.385492820 0.049400842 0.154070640 0.180820318 0.970116389
1317401346.718750954 693.666656202 -31.798764731 -107.584563804 0.050103141 0.153009306 0.180895492 0.970234327
1317401346.822741985 694.327651196 -31.518297787 -107.780985306 0.049480012 0.150582950 0.180743777 0.970674091
1317401346.926733017 694.768846261 -31.340780713 -107.912468439 0.048419839 0.149038485 0.180525416 0.971006500
1317401347.030724049 695.445979301 -31.059403831 -108.104920594 0.047872255 0.147634942 0.180172342 0.971313594
1317401347.134738922 696.065170378 -30.807687674 -108.285243066 0.048272417 0.146321374 0.180431432 0.971444454
1317401347.238754034 696.564759684 -30.605375362 -108.422035952 0.048916655 0.146032059 0.180002751 0.971535284
1317401347.342791080 697.130014558 -30.377051219 -108.582564520 0.048009924 0.145397237 0.179770857 0.971718647
1317401347.446855068 697.577853068 -30.197343883 -108.706584719 0.046608919 0.144264539 0.179259856 0.972050027
1317401347.550940990 698.049002540 -30.008006103 -108.834766595 0.043348607 0.144214952 0.165237134 0.974689507
1317401347.655075073 698.466529082 -29.778237856 -108.946653099 0.041911426 0.144786973 0.158573865 0.975773793
1317401347.759234905 698.911603717 -29.689167609 -109.073409613 0.041544015 0.144612371 0.151354552 0.976961185
1317401347.863390923 699.474041823 -29.525221640 -109.224611533 0.039942267 0.143857344 0.139532843 0.978897474
1317401347.967549086 699.851883291 -29.401210347 -109.326598731 0.037966676 0.144143346 0.128766577 0.980408280
1317401348.071732998 700.253403115 -29.285851982 -109.441545869 0.036894377 0.145248718 0.118734910 0.981551647
1317401348.175939083 700.619476122 -29.245495865 -109.544507911 0.036813029 0.146228047 0.107889223 0.982660712
1317401348.280170918 700.950137970 -29.137689337 -109.638674600 0.034414850 0.145756322 0.092893077 0.984348307
1317401348.384428024 701.304514746 -29.038504872 -109.736074052 0.031481114 0.145508879 0.078207758 0.985758415
1317401348.488657951 701.633015928 -28.961296813 -109.832595779 0.028093408 0.146650663 0.064039940 0.986713347
1317401348.592889071 702.006117755 -28.903356751 -109.931458167 0.025267243 0.148952840 0.049414303 0.987285594
1317401348.697118998 702.317609331 -28.885231234 -110.021924428 0.021790173 0.151646752 0.033605653 0.987622960
1317401348.801348209 702.688396121 -28.854047131 -110.134695450 0.018561412 0.153771674 0.016699466 0.987790906
1317401348.905603886 702.986130802 -28.893146246 -110.222521350 0.016282001 0.155705804 -0.002792599 0.987665328
1317401349.009856939 703.322428656 -28.820309823 -110.321947502 0.014485879 0.157708945 -0.021724007 0.987140373
1317401349.114089012 703.655829218 -28.877922128 -110.417506385 0.011522696 0.161129133 -0.043488600 0.985907385
1317401349.218297005 703.978062815 -28.864283775 -110.522405225 0.005605278 0.165725117 -0.063515470 0.984108506
1317401349.322478056 704.333888985 -28.895794219 -110.623148789 0.000742242 0.171390344 -0.085797509 0.981459926
1317401349.426589966 704.571046117 -28.950099206 -110.714345711 -0.001202305 0.172170593 -0.101405061 0.979833075
1317401349.530675888 704.909225020 -29.010304568 -110.809352552 -0.001305479 0.172326280 -0.122221460 0.977427166
1317401349.634763956 705.192328008 -29.125486009 -110.905819372 0.000996436 0.170891546 -0.144064164 0.974700263
1317401349.738826036 705.503985238 -29.237207041 -111.004899480 0.001798432 0.168740907 -0.163801678 0.971952819
1317401349.842890024 705.845658605 -29.379789280 -111.127831183 -0.002625560 0.166303834 -0.183748548 0.968799573
1317401349.946930885 706.161626747 -29.467360352 -111.241868431 -0.010017991 0.164160209 -0.202666991 0.965337846
1317401350.050944090 706.500466539 -29.581692103 -111.367958098 -0.017966928 0.162677872 -0.220509861 0.961555251
1317401350.154910326 706.872885433 -29.755664219 -111.513238678 -0.025856601 0.159764245 -0.240438940 0.957076767
1317401350.258827925 707.215519968 -29.971421569 -111.652774283 -0.027210060 0.158148538 -0.258075081 0.952704521
1317401350.362747908 707.503858391 -30.154411148 -111.739915970 -0.026518360 0.157859966 -0.272080511 0.948867327
1317401350.466640949 707.864052712 -30.409286849 -111.863706372 -0.024071675 0.156142525 -0.290491914 0.943744941
1317401350.570511103 708.211576099 -30.679768981 -111.988201430 -0.023065019 0.153798198 -0.306869784 0.938959560
1317401350.674381018 708.580775314 -30.948844685 -112.115449130 -0.025009110 0.151317611 -0.323707013 0.933644094
1317401350.778228045 708.954799189 -31.242368569 -112.267803380 -0.030572229 0.150992413 -0.337302859 0.928705234
1317401350.882050991 709.341662318 -31.559399854 -112.403368706 -0.037374317 0.152591386 -0.350030129 0.923470594
1317401350.985898972 709.751159983 -31.894734393 -112.552285962 -0.042719296 0.154697494 -0.363539796 0.917650567
1317401351.089794159 710.127009344 -32.278474677 -112.677411277 -0.045586595 0.155744686 -0.377644760 0.911619378
1317401351.193710089 710.501390253 -32.660395304 -112.817574194 -0.048259080 0.156339013 -0.390575535 0.905913862
1317401351.297629118 710.892370604 -33.094759714 -112.967024983 -0.053573556 0.156656556 -0.404461438 0.899444019
1317401351.401525974 711.272206874 -33.494095297 -113.116912612 -0.059608428 0.157413093 -0.416750379 0.893301223
1317401351.505397081 711.670880194 -34.005020715 -113.264363778 -0.064848925 0.157708855 -0.429484478 0.886828967
1317401351.609292030 712.014635704 -34.469140647 -113.398285437 -0.067971374 0.157413982 -0.441818080 0.880566587
1317401351.713210106 712.405363544 -35.004428533 -113.549355173 -0.070989211 0.155904656 -0.454773940 0.873976507
1317401351.817128897 712.768811534 -35.540156010 -113.690788342 -0.073888866 0.154589597 -0.469652847 0.866065064
1317401351.921024084 713.104895184 -36.128000567 -113.822141585 -0.076724078 0.153944753 -0.481893281 0.859181759
1317401352.024893999 713.486902984 -36.740100163 -113.965217403 -0.078132002 0.152813990 -0.494319547 0.852168681
1317401352.128740072 713.819979497 -37.379615525 -114.090467442 -0.078696542 0.152019804 -0.506185427 0.845265134
1317401352.232563019 714.170997672 -38.077130833 -114.227895486 -0.078615480 0.151809397 -0.517702321 0.838306519
1317401352.336364985 714.453830488 -38.752738381 -114.339173597 -0.078199465 0.151204569 -0.526867292 0.832726173
1317401352.440114975 714.788404513 -39.480461881 -114.470209579 -0.077389549 0.148727101 -0.536767175 0.826905138
1317401352.543816090 715.182666029 -40.479694921 -114.631846739 -0.076194417 0.144421046 -0.544099262 0.822978108
1317401352.647494793 715.466599475 -41.197161114 -114.755823436 -0.075994492 0.142749139 -0.548226219 0.820545875
1317401352.751151085 715.764639631 -42.009353721 -114.884679316 -0.075658928 0.141505190 -0.555491859 0.815892642
1317401352.854804993 716.050631279 -42.790877849 -114.998253745 -0.073805045 0.140584425 -0.557524852 0.814834262
1317401352.958482027 716.380972740 -43.685554751 -115.136778810 -0.072999078 0.139847560 -0.561886033 0.812033177
1317401353.062161922 716.617789245 -44.380247142 -115.244188061 -0.072017448 0.139446080 -0.563511222 0.811063118
1317401353.165862799 716.927665657 -45.240639057 -115.367371645 -0.070436124 0.139231210 -0.562479339 0.811954688
1317401353.269589901 717.214230723 -46.010810632 -115.485560981 -0.069798041 0.137968553 -0.562736416 0.812047189
1317401353.373342037 717.462243886 -46.787607929 -115.598155350 -0.069460719 0.136909241 -0.562920716 0.812127660
1317401353.477091074 717.744312760 -47.578044184 -115.719209160 -0.067965015 0.136146046 -0.563138820 0.812231297
1317401353.580817938 718.106588217 -48.617004035 -115.873716936 -0.066327372 0.135240790 -0.564232342 0.811758876
1317401353.684567690 718.491191004 -49.679652133 -116.035201563 -0.065312588 0.134403864 -0.564663823 0.811680131
1317401353.788342953 718.876535445 -50.762493052 -116.207213326 -0.064468846 0.134574590 -0.565269173 0.811297855
1317401353.892133236 719.252586775 -51.843362428 -116.374016620 -0.062448630 0.136179902 -0.565404208 0.811093882
1317401353.995944977 719.630178301 -52.934529605 -116.535391746 -0.060527763 0.138196492 -0.565661392 0.810719008
1317401354.099766970 719.992331540 -53.974947071 -116.699521942 -0.059085153 0.138640831 -0.565556601 0.810822666
1317401354.203589916 720.315063426 -54.919080813 -116.853402167 -0.058644451 0.138406053 -0.565434000 0.810980261
1317401354.307436943 720.678826780 -55.957456537 -117.024396437 -0.057865978 0.137341330 -0.565493767 0.811175497
1317401354.411283970 720.958959477 -56.781359215 -117.152815194 -0.057027467 0.135646714 -0.565453165 0.811548246
1317401354.515091896 721.322984872 -57.835862990 -117.328077613 -0.056340177 0.134416344 -0.565137971 0.812020384
1317401354.618902922 721.719418667 -58.949383386 -117.503458101 -0.054855046 0.134246900 -0.564916992 0.812303814
1317401354.722728014 722.098216443 -60.047380828 -117.672756608 -0.053250323 0.135035766 -0.565242716 0.812053211
1317401354.826571941 722.468536256 -61.098154862 -117.848357718 -0.052494808 0.135838496 -0.565373012 0.811877796
1317401354.930418968 722.883361001 -62.267295907 -118.035109392 -0.053504214 0.136440313 -0.564905637 0.812036305
1317401355.034266949 723.277000349 -63.364973612 -118.215898460 -0.054548671 0.136459284 -0.564888420 0.811975603
1317401355.138137102 723.657531920 -64.458498560 -118.396025643 -0.055667897 0.137265178 -0.564586579 0.811973738
1317401355.242032051 724.043960308 -65.550572649 -118.574817861 -0.056202683 0.137496602 -0.564598283 0.811889599
1317401355.345951080 724.417468117 -66.606097950 -118.746922550 -0.056655791 0.136884327 -0.564676007 0.811907513
1317401355.449843884 724.765026115 -67.613620012 -118.904977669 -0.057098890 0.136605121 -0.564291485 0.812190789
1317401355.553739071 725.155653350 -68.717583226 -119.088106811 -0.057149725 0.136730814 -0.565208418 0.811528211
1317401355.657634020 725.544068298 -69.825236686 -119.265750377 -0.056717349 0.137861541 -0.565310176 0.811296335
1317401355.761528969 725.918588607 -70.907857944 -119.438801131 -0.056728142 0.139303308 -0.565111157 0.811187948
1317401355.865469933 726.301667488 -71.987618887 -119.615321609 -0.057232660 0.140602241 -0.564934333 0.811051559
1317401355.969414949 726.688382342 -73.058174486 -119.797050142 -0.058096300 0.141743501 -0.564655591 0.810985612
1317401356.073334932 727.094347088 -74.161747036 -119.989073868 -0.058401496 0.142971603 -0.564715153 0.810706594
1317401356.177252054 727.473565030 -75.258470647 -120.169018777 -0.058230591 0.144059304 -0.564888400 0.810405584
1317401356.281172991 727.852745626 -76.353853604 -120.350418088 -0.057768764 0.143801157 -0.564889552 0.810483677
1317401356.385114908 728.227243531 -77.451486184 -120.527460515 -0.057762838 0.142055285 -0.564850714 0.810818982
1317401356.489058971 728.605678748 -78.562690648 -120.712241563 -0.057115720 0.140029494 -0.564809684 0.811245682
1317401356.592978954 728.995939749 -79.669051317 -120.897744573 -0.056242113 0.139200731 -0.565033355 0.811293590
1317401356.696870089 729.377369142 -80.788765880 -121.080107609 -0.054954862 0.139634772 -0.565366775 0.811074906
1317401356.800765038 729.764293409 -81.918920624 -121.264376898 -0.053611605 0.140944126 -0.566153981 0.810388931
1317401356.904685020 730.148758395 -83.022526416 -121.447639421 -0.052654071 0.142546773 -0.566234702 0.810114948
1317401357.008578062 730.531712778 -84.118400194 -121.633820855 -0.051871580 0.142841867 -0.566202536 0.810135932
1317401357.112449884 730.911790776 -85.232879933 -121.825769454 -0.051720497 0.141789664 -0.566195399 0.810335395
1317401357.216297865 731.302823745 -86.347639149 -122.020068783 -0.052115587 0.140183476 -0.566146784 0.810623450
1317401357.320143223 731.685934986 -87.450118931 -122.209641850 -0.052813305 0.138982838 -0.566104083 0.810814832
1317401357.423990011 732.068307208 -88.548271477 -122.397909120 -0.053672258 0.138834841 -0.566019627 0.810842745
1317401357.527837038 732.470773494 -89.680813037 -122.591698547 -0.054268215 0.140070266 -0.565727116 0.810794741
1317401357.631680965 732.861311325 -90.797324489 -122.785282979 -0.054584609 0.141410084 -0.565770666 0.810510495
1317401357.735505104 733.245145506 -91.909337868 -122.972585742 -0.055555501 0.141968710 -0.565668193 0.810418390
1317401357.839306355 733.632506134 -93.022331512 -123.160109748 -0.056738432 0.142172234 -0.564986635 0.810776115
1317401357.943105936 734.019097074 -94.131253730 -123.353187309 -0.057172080 0.142991980 -0.564935130 0.810637370
1317401358.046902895 734.416390127 -95.258555064 -123.545867337 -0.057197497 0.143968993 -0.564951858 0.810450969
1317401358.150677919 734.810830019 -96.376493523 -123.734017704 -0.056830349 0.144576210 -0.564912712 0.810395989
1317401358.254427910 735.195234103 -97.492856817 -123.927827052 -0.056423298 0.145385311 -0.564964653 0.810243460
1317401358.358177900 735.586080484 -98.616969042 -124.121820019 -0.055046242 0.146374400 -0.565021698 0.810120316
1317401358.461930037 735.968581670 -99.715715727 -124.311554723 -0.053743587 0.147139797 -0.565311658 0.809866802
1317401358.565656900 736.356208288 -100.842125854 -124.508027942 -0.052998342 0.147140799 -0.565681331 0.809657577
1317401358.669382095 736.742780084 -101.959505576 -124.710213774 -0.052730366 0.147028958 -0.565502890 0.809820027
1317401358.773133039 737.129811445 -103.089063698 -124.911041821 -0.052411831 0.146609228 -0.565373960 0.810006802
1317401358.876909971 737.509046089 -104.203274679 -125.108626584 -0.052521352 0.146266957 -0.565569018 0.809925411
1317401358.980685711 737.892340607 -105.323257900 -125.306483551 -0.052397957 0.145981548 -0.565732769 0.809870530
1317401359.084484100 738.272209435 -106.425850738 -125.503321259 -0.051373943 0.146060463 -0.565908993 0.809798784
1317401359.188282013 738.665368214 -107.543610158 -125.703154864 -0.050763567 0.146267651 -0.565890541 0.809812775
1317401359.292079926 739.045108972 -108.652945703 -125.899945987 -0.050509720 0.146394672 -0.566109534 0.809652619
1317401359.395878077 739.431220625 -109.765641555 -126.100953711 -0.050556938 0.147214394 -0.565820245 0.809703260
1317401359.499676943 739.818053472 -110.870833491 -126.304173141 -0.050519179 0.147636421 -0.565926569 0.809554457
1317401359.603473902 740.194214067 -111.969887521 -126.503183986 -0.051170277 0.147887711 -0.565824422 0.809539098
1317401359.707268953 740.578251636 -113.080132262 -126.706841898 -0.052381174 0.148234486 -0.565531125 0.809603172
1317401359.811115026 740.959931871 -114.187981531 -126.904348762 -0.053191249 0.147950930 -0.565550935 0.809588385
1317401359.914966106 741.341038156 -115.294809569 -127.106063471 -0.053746631 0.147882351 -0.565559551 0.809558215
1317401360.018812895 741.723762219 -116.406993913 -127.304926184 -0.053374025 0.148554954 -0.565757198 0.809321587
1317401360.122684956 742.098733127 -117.518658938 -127.494678076 -0.052663885 0.149421904 -0.565930055 0.809087624
1317401360.226577997 742.485197343 -118.624043518 -127.702879108 -0.052685571 0.150068875 -0.566307145 0.808702529
1317401360.330472946 742.865499643 -119.733059108 -127.903258197 -0.052746976 0.149822720 -0.566159614 0.808847452
1317401360.434349060 743.254279352 -120.855740601 -128.107722108 -0.053222796 0.149118308 -0.565908819 0.809121914
1317401360.538219929 743.630843854 -121.959013638 -128.306393646 -0.052794895 0.148629045 -0.565805789 0.809312001
1317401360.642064095 744.015801586 -123.071782200 -128.505826703 -0.051723705 0.149140208 -0.565840201 0.809263075
1317401360.745910883 744.399365370 -124.191275833 -128.708735034 -0.049978630 0.149932125 -0.565868649 0.809206505
1317401360.849757910 744.775703673 -125.305284585 -128.908668554 -0.049083578 0.150205017 -0.566127502 0.809029608
1317401360.953582048 745.158404150 -126.420327836 -129.116394337 -0.049231088 0.150054483 -0.566184524 0.809008675
1317401361.057427883 745.538660198 -127.525446339 -129.322274708 -0.049453738 0.149313798 -0.566144768 0.809159947
1317401361.161271095 745.915566393 -128.629887684 -129.529576466 -0.049667341 0.148571968 -0.566242676 0.809214902
1317401361.265094042 746.291819481 -129.732854020 -129.734659016 -0.049337346 0.147812099 -0.566382390 0.809276466
1317401361.368918896 746.672807134 -130.866417222 -129.937079088 -0.048304014 0.147213276 -0.566188392 0.809583645
1317401361.472740889 747.058410412 -131.975191818 -130.145895212 -0.047702863 0.147494398 -0.566192694 0.809565113
1317401361.576538086 747.443817526 -133.087193355 -130.353911587 -0.046526579 0.148065773 -0.566293701 0.809458614
1317401361.680335760 747.834562444 -134.196540302 -130.563487896 -0.045592014 0.149095654 -0.566566418 0.809131848
1317401361.784135818 748.207248996 -135.295099185 -130.770364815 -0.045054457 0.149381434 -0.566538295 0.809128941
1317401361.887937069 748.579366627 -136.399475701 -130.982461633 -0.045113902 0.149089720 -0.566690756 0.809072666
1317401361.991733074 748.946171967 -137.500617323 -131.190185153 -0.045218063 0.148084103 -0.566643972 0.809284273
1317401362.095508337 749.323951026 -138.624596447 -131.405353682 -0.045249522 0.147208380 -0.566177246 0.809768794
1317401362.199284077 749.701872083 -139.722067249 -131.615354821 -0.045008467 0.146781862 -0.566728949 0.809473669
1317401362.303083658 750.068145344 -140.815179532 -131.817678754 -0.044156034 0.146777860 -0.566952071 0.809365093
1317401362.406907082 750.455670205 -141.913454372 -132.030362005 -0.044374008 0.146720476 -0.567095546 0.809263055
1317401362.510730028 750.824157568 -143.007348218 -132.235765231 -0.045276729 0.146065468 -0.566976083 0.809415233
1317401362.614552975 751.182958097 -144.054275126 -132.436917868 -0.046487055 0.146098161 -0.567338856 0.809086462
1317401362.718400002 751.548273693 -145.110196383 -132.641100222 -0.047084113 0.147509766 -0.567345196 0.808791310
1317401362.822247028 751.901070114 -146.129097571 -132.834702445 -0.047104215 0.149173140 -0.566952714 0.808760278
1317401362.926069021 752.254510203 -147.157994481 -133.034804837 -0.047541418 0.150161071 -0.566843140 0.808628667
1317401363.029891729 752.606662038 -148.205200310 -133.236568550 -0.048401976 0.151045454 -0.567194826 0.808166164
1317401363.133713007 752.957371867 -149.237185528 -133.436009817 -0.049447915 0.151555111 -0.567548973 0.807758699
1317401363.237559080 753.316972196 -150.304547224 -133.641066644 -0.050322609 0.151837389 -0.567468832 0.807707972
1317401363.341407061 753.675102526 -151.369318558 -133.847764061 -0.050691896 0.151855499 -0.567447808 0.807696245
1317401363.445252895 754.036238411 -152.428090148 -134.048873793 -0.050525451 0.152087077 -0.567395282 0.807700003
1317401363.549098969 754.414454173 -153.540792020 -134.263364269 -0.049694844 0.152191398 -0.567631214 0.807566100
1317401363.652924061 754.774211833 -154.625290875 -134.467748521 -0.048820344 0.152409715 -0.567676215 0.807546635
1317401363.756746054 755.147220131 -155.739441302 -134.678871634 -0.047526403 0.152426410 -0.567568762 0.807696187
1317401363.860543966 755.508552538 -156.827420802 -134.889751142 -0.046608840 0.152282554 -0.567648029 0.807721087
1317401363.964344025 755.872087313 -157.903983915 -135.096946343 -0.045875131 0.151855197 -0.567676721 0.807823379
1317401364.068144083 756.241124010 -159.002947326 -135.311978010 -0.045506646 0.152339443 -0.567773119 0.807685288
1317401364.171916008 756.617232213 -160.118473358 -135.535745062 -0.044658048 0.153418904 -0.567731454 0.807557611
1317401364.275716066 756.989383027 -161.228456958 -135.749005938 -0.044226337 0.153603889 -0.568214834 0.807206156
1317401364.379517078 757.355649489 -162.316676522 -135.971040978 -0.044848803 0.153324058 -0.567836983 0.807490854
1317401364.483289957 757.722228036 -163.412586031 -136.190000942 -0.045865533 0.152698661 -0.567969252 0.807459225
1317401364.587063074 758.095692934 -164.506121021 -136.412895138 -0.046259600 0.152460017 -0.567703323 0.807668824
1317401364.690862894 758.455575430 -165.566631445 -136.620500685 -0.046401025 0.152791078 -0.567861036 0.807487260
1317401364.794684887 758.811618032 -166.633544184 -136.830135180 -0.045961166 0.153731474 -0.567827397 0.807357574
1317401364.898508072 759.178717403 -167.714439658 -137.042879105 -0.045744442 0.154716177 -0.567775833 0.807218034
1317401365.002305984 759.546572611 -168.812432936 -137.260248671 -0.046386117 0.155161119 -0.567949447 0.806973842
1317401365.106105089 759.898277275 -169.875944860 -137.472788281 -0.047025501 0.155254262 -0.567853503 0.806986441
1317401365.209902048 760.238945311 -170.915002686 -137.679930679 -0.047624078 0.155670410 -0.567715436 0.806968311
1317401365.313678026 760.603769548 -172.001235500 -137.897773367 -0.047830205 0.156369793 -0.567368104 0.807065174
1317401365.417476892 760.968230066 -173.065388175 -138.112753043 -0.047747894 0.156742607 -0.567201080 0.807115127
1317401365.521275043 761.312648094 -174.088461922 -138.317426846 -0.047301224 0.156904243 -0.566897427 0.807323330
1317401365.625029087 761.678181830 -175.181586018 -138.533300633 -0.046753753 0.157036855 -0.567091070 0.807193429
1317401365.728779078 762.044230442 -176.264969257 -138.752183444 -0.045757549 0.157382616 -0.566995439 0.807250352
1317401365.832552910 762.405816218 -177.342853396 -138.972116049 -0.044636898 0.157797659 -0.567244530 0.807057055
1317401365.936326981 762.746175089 -178.373373500 -139.180522834 -0.043661443 0.157983846 -0.567150176 0.807140298
1317401366.040102959 763.057424683 -179.298957878 -139.371679171 -0.043528888 0.157707666 -0.567516235 0.806944144
1317401366.143878937 763.393251895 -180.317011046 -139.585335110 -0.043340397 0.157498686 -0.567389047 0.807084533
1317401366.247678041 763.765821360 -181.410271251 -139.815705745 -0.042553946 0.156925297 -0.567664469 0.807044400
1317401366.351476908 764.130212651 -182.509395991 -140.039260523 -0.041420133 0.155768611 -0.567550539 0.807407517
1317401366.455275059 764.486551117 -183.592428035 -140.261197680 -0.040599702 0.154885261 -0.567562587 0.807610631
1317401366.559074163 764.863599176 -184.703587352 -140.493474565 -0.039622958 0.154681071 -0.567467250 0.807765255
1317401366.662873030 765.220024877 -185.774493095 -140.714825017 -0.039377759 0.155404937 -0.567289033 0.807763487
1317401366.766671896 765.581145744 -186.858810032 -140.941631871 -0.039365796 0.155991690 -0.566858877 0.807952932
1317401366.870493889 765.965317376 -187.953998097 -141.180936475 -0.040394446 0.156491832 -0.566965189 0.807730815
1317401366.974363089 766.327400086 -189.031936975 -141.408747294 -0.041490613 0.156445838 -0.566941254 0.807700962
1317401367.078211069 766.692591736 -190.090148294 -141.635531557 -0.041958512 0.156726998 -0.567113635 0.807501243
1317401367.182033062 767.044527399 -191.148543203 -141.855437694 -0.041372518 0.157602416 -0.567302054 0.807228699
1317401367.285856009 767.371105210 -192.114466170 -142.054787310 -0.040752102 0.158152721 -0.567287838 0.807162618
1317401367.389702797 767.722262788 -193.154095565 -142.277273999 -0.041086228 0.158063381 -0.566980278 0.807379250
1317401367.493549109 768.075849911 -194.223562198 -142.505680110 -0.042120764 0.157838281 -0.567300390 0.807145083
1317401367.597373009 768.435175952 -195.301261946 -142.736245160 -0.043264308 0.158069431 -0.567152006 0.807143641
1317401367.701220751 768.788471387 -196.360596487 -142.955615611 -0.043206192 0.158772012 -0.567231849 0.806952726
1317401367.805067062 769.133734037 -197.396944631 -143.173028250 -0.041923549 0.159582237 -0.567653901 0.806563683
1317401367.908937931 769.448916074 -198.350051298 -143.371457029 -0.040956956 0.160024862 -0.567284694 0.806785379
1317401368.012833118 769.789201058 -199.378671277 -143.590076937 -0.040311323 0.159987229 -0.567347915 0.806780904
1317401368.116703033 770.146080581 -200.445615363 -143.824680239 -0.040220800 0.159987789 -0.567737136 0.806511462
1317401368.220571995 770.496688064 -201.508494698 -144.049884604 -0.039636687 0.160323784 -0.568193228 0.806152388
1317401368.324443102 770.794670061 -202.386064523 -144.247233180 -0.039108666 0.160658962 -0.568003347 0.806245253
1317401368.428316116 771.132237600 -203.432016019 -144.463895726 -0.038687457 0.160479982 -0.567784722 0.806455185
1317401368.532162905 771.488600663 -204.508368522 -144.697352022 -0.038713436 0.159224763 -0.568263241 0.806365694
1317401368.635984898 771.845920642 -205.593132267 -144.936759240 -0.038353031 0.157835396 -0.568362825 0.806585849
1317401368.739815950 772.200061059 -206.659275485 -145.163948622 -0.037639688 0.157054774 -0.568620539 0.806590190
1317401368.843661070 772.556155185 -207.741664017 -145.398145893 -0.037183397 0.157361578 -0.568612645 0.806557120
1317401368.947520018 772.914050003 -208.820686798 -145.629502260 -0.036741087 0.158016328 -0.568822746 0.806301194
1317401369.051392078 773.276488263 -209.904062255 -145.868051668 -0.036814709 0.158887201 -0.568475719 0.806371435
1317401369.155262947 773.569855562 -210.774316600 -146.060560216 -0.037411801 0.159717041 -0.568703021 0.806019663
1317401369.259135962 773.901164839 -211.792358793 -146.288185653 -0.038065219 0.160349333 -0.568683366 0.805877385
1317401369.363006115 774.265251603 -212.885431179 -146.525988855 -0.038741831 0.160578616 -0.568678442 0.805802959
1317401369.466852903 774.619711977 -213.967527911 -146.763974239 -0.039073492 0.160313182 -0.568379462 0.806050702
1317401369.570702076 774.984010125 -215.050393149 -147.004224498 -0.039465126 0.160429519 -0.568553766 0.805885531
1317401369.674576998 775.344993995 -216.157046576 -147.245834283 -0.039144556 0.160964608 -0.568560870 0.805789449
1317401369.778424025 775.715889767 -217.258899284 -147.488556892 -0.038776039 0.161843733 -0.568670817 0.805553553
1317401369.882241011 776.076384006 -218.342152195 -147.725501923 -0.038344304 0.162931291 -0.568485820 0.805485556
1317401369.986062050 776.426282918 -219.433253569 -147.962232622 -0.038025267 0.164190034 -0.568732565 0.805070793
1317401370.089885950 776.733434916 -220.356130785 -148.166957110 -0.037547264 0.164788353 -0.568205723 0.805342944
1317401370.193708897 777.055633858 -221.341228330 -148.388749070 -0.037875826 0.163752059 -0.568693918 0.805194332
1317401370.297530890 777.402069301 -222.409001266 -148.629497069 -0.038414538 0.162546186 -0.568469669 0.805571410
1317401370.401328087 777.742665053 -223.443074799 -148.859996388 -0.037456995 0.161842881 -0.568363662 0.805832863
1317401370.505129099 778.031120637 -224.324623490 -149.050739822 -0.036172210 0.162068071 -0.569000270 0.805396923
1317401370.608952999 778.366539803 -225.339128202 -149.277977798 -0.035125969 0.162460254 -0.568996349 0.805366989
1317401370.712774992 778.714436689 -226.402601435 -149.520409943 -0.034568086 0.163039027 -0.568909674 0.805335399
1317401370.816572905 778.988059927 -227.238773205 -149.702666857 -0.033902740 0.162977897 -0.569341354 0.805070948
1317401370.920371056 779.320121893 -228.262872997 -149.938491818 -0.033770623 0.162470619 -0.569354924 0.805169431
1317401371.024168968 779.668045064 -229.345567149 -150.182379216 -0.033180345 0.161856885 -0.569480800 0.805228559
1317401371.127943993 779.939403969 -230.165872020 -150.367618485 -0.032318219 0.162055400 -0.569714893 0.805058085
1317401371.231720924 780.274699473 -231.232144709 -150.604807434 -0.031506489 0.162004118 -0.569661926 0.805138061
1317401371.335496902 780.631736912 -232.290414690 -150.846547214 -0.031606372 0.161673914 -0.569586225 0.805254069
1317401371.439271927 780.886125050 -233.072664604 -151.027949683 -0.032029190 0.161749069 -0.569572103 0.805232258
1317401371.543023109 781.131322683 -233.819228223 -151.196089667 -0.032690665 0.161493457 -0.569675887 0.805183562
1317401371.646750927 781.388786679 -234.601473078 -151.372179395 -0.033066511 0.160710136 -0.569355240 0.805551655
1317401371.750502110 781.616109959 -235.319968495 -151.533784810 -0.032389250 0.160314182 -0.569364078 0.805651814
1317401371.854249001 781.871368716 -236.123893397 -151.710258573 -0.031317076 0.161136561 -0.568862174 0.805884655
1317401371.957974672 782.058875772 -236.973585342 -151.863223616 -0.028695769 0.161648827 -0.563439710 0.809680123
1317401372.061702967 782.266036449 -237.740783404 -152.020726486 -0.028454080 0.162084845 -0.560001478 0.811983506
1317401372.165406942 782.694313605 -238.577561027 -152.267666970 -0.024962138 0.162145170 -0.546733710 0.821077393
1317401372.269084930 783.045472204 -239.426371905 -152.484091321 -0.022624445 0.163035864 -0.537089186 0.827310490
1317401372.372765303 783.428789657 -240.285090556 -152.715675630 -0.020024982 0.163641925 -0.530101565 0.831752758
1317401372.476466894 783.771150722 -241.123090115 -152.925032828 -0.017384533 0.164774025 -0.519668201 0.838148113
1317401372.580168962 784.175741906 -241.909661770 -153.156201266 -0.014772333 0.166197467 -0.509544177 0.844111907
1317401372.683871984 784.603266500 -242.740253734 -153.400522782 -0.012745730 0.167571582 -0.499634067 0.849778272
1317401372.787600040 785.005654804 -243.498555533 -153.626131927 -0.010616657 0.168036982 -0.489093788 0.855825990
1317401372.891302109 785.473416035 -244.302558631 -153.885942131 -0.009203179 0.168450165 -0.477459952 0.862306116
1317401372.994978905 785.919528424 -244.950956690 -154.118219011 -0.007212270 0.168399446 -0.466595027 0.868261879
1317401373.098656654 786.410123955 -245.749602406 -154.383636938 -0.005249889 0.169660630 -0.455016330 0.874155506
1317401373.202358961 786.912593991 -246.455626479 -154.646016500 -0.003813693 0.170958453 -0.445375275 0.878862633
1317401373.306087017 787.440648531 -247.163649017 -154.911201099 -0.001219444 0.171931960 -0.433274782 0.884709487
1317401373.409816027 787.956658788 -247.863597694 -155.171216321 0.000586037 0.172330295 -0.422744133 0.889713057
1317401373.513544083 788.521820997 -248.554502192 -155.454431895 0.002130513 0.172519198 -0.411527677 0.894917626
1317401373.617317915 789.070743655 -249.167439557 -155.716361871 0.003610153 0.172866594 -0.400107068 0.900010245
1317401373.721138954 789.684116750 -249.826709023 -156.011338908 0.004504566 0.173553299 -0.389522485 0.904506050
1317401373.824961901 790.308413506 -250.438851430 -156.302481653 0.005336698 0.174424942 -0.380870296 0.908011716
1317401373.928785801 790.950028940 -251.106749026 -156.605319703 0.006564848 0.175897918 -0.371925047 0.911421189
1317401374.032633066 791.530254948 -251.660270603 -156.874415127 0.007536715 0.177738406 -0.366369889 0.913304638
1317401374.136502981 792.195671488 -252.275690956 -157.177791560 0.009048246 0.179160007 -0.358483942 0.916138136
1317401374.240374088 792.791785434 -252.802176263 -157.453610202 0.009159302 0.179433796 -0.353927608 0.917853402
1317401374.344296932 793.462667398 -253.373323960 -157.764839280 0.008255950 0.179840912 -0.347684071 0.920165677
1317401374.448262930 794.074984868 -253.803399959 -158.042214052 0.007476382 0.180317311 -0.343711491 0.921570498
1317401374.552273989 794.651231446 -254.307712097 -158.304603621 0.006236203 0.181304169 -0.343370053 0.921513383
1317401374.656311989 795.233963796 -254.757882129 -158.577274133 0.004946041 0.181805148 -0.344686916 0.920930700
1317401374.760349989 795.820846052 -255.281415424 -158.844748714 0.004821098 0.182014521 -0.344387538 0.921002006
1317401374.864413023 796.378016575 -255.762749314 -159.102475981 0.004927480 0.182379337 -0.345118988 0.920655409
1317401374.968498945 796.942399353 -256.283600754 -159.365738651 0.004095551 0.182501092 -0.344904713 0.920715655
1317401375.072609901 797.471392573 -256.785342687 -159.620176104 0.003002172 0.182481495 -0.344169763 0.920998732
1317401375.176721096 798.053808554 -257.282962117 -159.885964978 0.001337027 0.183113229 -0.344548308 0.920735696
1317401375.280879021 798.600349498 -257.800290174 -160.154233024 0.000388378 0.184154053 -0.344059034 0.920711961
1317401375.385061979 799.167119259 -258.305338267 -160.412435033 -0.000377599 0.185308393 -0.344276777 0.920398912
1317401375.489244938 799.725211070 -258.789144563 -160.672064954 -0.001307216 0.185927491 -0.344581984 0.920158962
1317401375.593431950 800.286975631 -259.297079253 -160.936435654 -0.001960966 0.186742747 -0.344712140 0.919943934
1317401375.697614908 800.753445455 -259.736910432 -161.163892633 -0.004305956 0.186724111 -0.355503686 0.915823506
1317401375.801769972 801.302999064 -260.187518609 -161.412800759 -0.005582600 0.185220364 -0.359250284 0.914659218
1317401375.905904055 801.634930938 -260.503829420 -161.579603612 -0.008350259 0.181718055 -0.368843358 0.911517086
1317401376.010062933 802.161062102 -260.924552328 -161.812522344 -0.012242129 0.178979231 -0.381592842 0.906754359
1317401376.114223003 802.604062978 -261.223906901 -162.012209636 -0.013147636 0.178595993 -0.386189329 0.904869280
1317401376.218354940 803.167458475 -261.821482999 -162.276834252 -0.013170900 0.180936894 -0.398203603 0.899178658
1317401376.322476149 803.717095398 -262.379623734 -162.524844000 -0.011875698 0.183174141 -0.410076788 0.893388622
1317401376.426565886 804.251852740 -263.040616994 -162.781928758 -0.011652579 0.184188820 -0.421771353 0.887720464
1317401376.530622005 804.804180225 -263.739365457 -163.071167181 -0.014493414 0.182266530 -0.432595066 0.882853534
1317401376.634685040 805.264603067 -264.317771939 -163.311954185 -0.017471724 0.179618073 -0.443897594 0.877716932
1317401376.738744020 805.670661645 -264.794935711 -163.525375072 -0.020275651 0.177904052 -0.455723984 0.871925855
1317401376.842782974 806.128968919 -265.462316321 -163.767316836 -0.021946214 0.177048149 -0.466487750 0.866349523
1317401376.946798086 806.560714592 -266.131511625 -163.999951859 -0.023891620 0.176880932 -0.477678512 0.860212512
1317401377.050787926 807.008015982 -266.878166027 -164.248938609 -0.025276197 0.175994153 -0.487889466 0.854605781
1317401377.154752970 807.408542076 -267.580343458 -164.473123048 -0.026107695 0.174266096 -0.498127406 0.849010485
1317401377.258696079 807.806263045 -268.369194026 -164.706989208 -0.026949989 0.172053264 -0.507398218 0.843930341
1317401377.362616062 808.137035461 -269.088119320 -164.914054213 -0.027914747 0.170733382 -0.516738040 0.838482365
1317401377.466511011 808.550023634 -269.888282212 -165.154880675 -0.028322539 0.170161168 -0.524311439 0.833870809
1317401377.570406914 808.917206929 -270.735967604 -165.384994602 -0.029004306 0.169913564 -0.532486639 0.828701460
1317401377.674278975 809.291044731 -271.557441675 -165.613009571 -0.030342222 0.169056331 -0.538811860 0.824730918
1317401377.778100014 809.620808692 -272.384062265 -165.836219941 -0.032029127 0.168762270 -0.545439773 0.820358998
1317401377.881922960 809.957537085 -273.264369357 -166.064375586 -0.032757991 0.167995979 -0.551734102 0.816268182
1317401377.985718966 810.280574979 -274.143051604 -166.282732581 -0.032798463 0.167582333 -0.556937865 0.812810333
1317401378.089490891 810.639450512 -275.113965095 -166.538777981 -0.033027270 0.167365595 -0.560476472 0.810409823
1317401378.193268061 810.970717004 -276.055819943 -166.758135393 -0.031596767 0.167063436 -0.564413562 0.807792538
1317401378.297044039 811.274222058 -276.967055369 -166.989428894 -0.031164305 0.167366005 -0.567649625 0.805475829
1317401378.400815964 811.539339030 -277.753024120 -167.176490939 -0.030636455 0.168074137 -0.571001716 0.802975425
1317401378.504569054 811.872226954 -278.785361526 -167.432052097 -0.029937816 0.169088749 -0.572894115 0.801439365
1317401378.608293772 812.178290163 -279.718762385 -167.660262450 -0.028795655 0.169843677 -0.575577292 0.799396470
1317401378.712020874 812.507020438 -280.786705307 -167.924440933 -0.027403335 0.169995124 -0.576850285 0.798495124
1317401378.815773010 812.825098599 -281.815062748 -168.177526711 -0.025738321 0.169288662 -0.578641669 0.797403728
1317401378.919548273 813.075042691 -282.706750377 -168.396979281 -0.023864598 0.168232983 -0.579750746 0.796879675
1317401379.023322105 813.364321155 -283.678230396 -168.630797336 -0.023585137 0.166936750 -0.580502018 0.796613626
1317401379.127094030 813.681159605 -284.758205337 -168.899396327 -0.025899735 0.166449593 -0.580483413 0.796657231
1317401379.230871916 814.012564776 -285.842101242 -169.170746449 -0.029404160 0.166581222 -0.580659015 0.796380060
1317401379.334671021 814.356544944 -286.936448401 -169.445206850 -0.032776964 0.168295326 -0.581114389 0.795555417
1317401379.438467979 814.688063007 -288.015908013 -169.714683300 -0.036062657 0.171131002 -0.581162697 0.794772662
1317401379.542243004 815.025760655 -289.102470885 -169.983925282 -0.038302668 0.173998830 -0.581551781 0.793759938
1317401379.646015882 815.322628317 -290.115233343 -170.215017800 -0.039992736 0.175437792 -0.582832567 0.792419309
1317401379.749816179 815.643030360 -291.178834885 -170.479875877 -0.042680686 0.175605651 -0.583778353 0.791545229
1317401379.853615761 815.907079056 -292.089847737 -170.692190531 -0.044899504 0.175826121 -0.584350518 0.790951125
1317401379.957391024 816.184636939 -293.048700532 -170.917143206 -0.046846599 0.176382771 -0.584310686 0.790743660
1317401380.061192036 816.496781460 -294.145910494 -171.176967573 -0.046981767 0.177605472 -0.584747478 0.790138846
1317401380.165014029 816.817250474 -295.202600720 -171.423283230 -0.047127976 0.180232040 -0.586675904 0.788103261
1317401380.268886089 817.022532015 -295.902276212 -171.589009144 -0.047518059 0.182158836 -0.588668056 0.786148912
1317401380.372802973 817.132261990 -296.607796151 -171.714573676 -0.049886181 0.183116148 -0.595795381 0.780389460
1317401380.476770163 817.363841191 -297.415722800 -171.909659446 -0.051652005 0.183635530 -0.597943948 0.778506967
1317401380.580836058 817.566095069 -298.321967219 -172.104744508 -0.054385927 0.184996349 -0.606133153 0.771635356
1317401380.684945107 817.728079137 -299.126017602 -172.264406746 -0.056368924 0.185049414 -0.614832391 0.764565491
1317401380.789103031 817.890572798 -299.946228007 -172.427603533 -0.058053632 0.183810583 -0.624617823 0.756766820
1317401380.893357992 818.028796090 -300.777651657 -172.596584134 -0.059984173 0.182262507 -0.636579490 0.746959725
1317401380.997636080 818.107438366 -301.548669631 -172.718899156 -0.061546015 0.180663266 -0.651984835 0.733817857
1317401381.101914883 818.198557959 -302.372468789 -172.860633914 -0.061906780 0.179467264 -0.667922618 0.719609914
1317401381.206242085 818.201378427 -303.013436934 -172.939312486 -0.063298138 0.178584935 -0.682958178 0.705456514
1317401381.310544968 818.189775241 -303.794719377 -173.045931806 -0.066148689 0.176257491 -0.699179252 0.689714450
1317401381.414823055 818.179177969 -304.381146023 -173.116905529 -0.069998021 0.174015197 -0.713833684 0.674729916
1317401381.519124031 818.140464529 -304.949312112 -173.192014674 -0.076156961 0.171871846 -0.727731156 0.659596506
1317401381.623429060 818.071307084 -305.540503337 -173.264900537 -0.083965903 0.170537285 -0.741918138 0.642980745
1317401381.727732897 817.966103847 -306.180502278 -173.323540316 -0.090609613 0.168363681 -0.756585682 0.625317259
1317401381.832011938 817.825100197 -306.724365292 -173.345828367 -0.095200741 0.164779118 -0.772061806 0.606387029
1317401381.936266899 817.703134506 -307.337964540 -173.386009133 -0.099465648 0.160796779 -0.787426717 0.586694252
1317401382.040518999 817.466579086 -307.863027020 -173.366788725 -0.103046853 0.156539582 -0.802475596 0.566488855
1317401382.144722939 817.236839332 -308.627244992 -173.379653433 -0.105639958 0.151147092 -0.820310949 0.541372979
1317401382.248883009 817.000164043 -309.205698986 -173.366479327 -0.107107216 0.147597615 -0.835225742 0.518787961
1317401382.353018999 816.780602693 -309.853792889 -173.367342920 0.107732888 -0.144251073 0.848352356 -0.497879034
1317401382.457130909 816.383293501 -310.300773971 -173.276088956 0.109473753 -0.140794495 0.861429156 -0.475533614
1317401382.561242104 816.082458428 -310.885328102 -173.246520012 0.112582606 -0.137030735 0.873541120 -0.453292009
1317401382.665328026 815.700878597 -311.345533295 -173.170883307 0.116795850 -0.134385503 0.884217257 -0.431809110
1317401382.769391060 815.372871206 -311.863433782 -173.136814980 0.121332221 -0.131283921 0.894371822 -0.410051300
1317401382.873431921 814.958588832 -312.329113186 -173.054280830 0.124675895 -0.127431010 0.903733033 -0.389209280
1317401382.977472067 814.481293440 -312.848955138 -172.953911800 0.127636193 -0.123562060 0.912835933 -0.367657421
1317401383.081484079 814.072142399 -313.251429265 -172.865866290 0.131113701 -0.121181592 0.921096758 -0.345984077
1317401383.185451031 813.628071913 -313.740402141 -172.776531086 0.134945668 -0.119786781 0.927798181 -0.326544528
1317401383.289393902 813.182784059 -314.111269368 -172.671207810 0.139068480 -0.117130428 0.934777180 -0.305175433
1317401383.393285036 812.629218045 -314.561079455 -172.538475801 0.143173906 -0.112751863 0.941434732 -0.283705649
1317401383.497107983 812.082933395 -314.858704677 -172.378856150 0.144178819 -0.108076497 0.945848076 -0.270006217
1317401383.600860119 811.582093643 -315.264689645 -172.247606507 0.144263945 -0.104508186 0.950161289 -0.255850499
1317401383.704545975 811.035835393 -315.576386979 -172.086783426 0.143793142 -0.102545236 0.953492853 -0.244252711
1317401383.808178902 810.476254619 -315.816984014 -171.912940649 0.143197442 -0.100696354 0.956435492 -0.233636228
1317401383.911827087 809.896434777 -316.256361282 -171.754338782 0.142077428 -0.098602432 0.958120258 -0.228247969
1317401384.015501976 809.251412664 -316.578949536 -171.567400558 0.141493182 -0.097633777 0.958822204 -0.226069249
1317401384.119182110 808.721776807 -316.781513749 -171.406462847 0.141220812 -0.096531672 0.960412372 -0.219878133
1317401384.222862005 808.179847027 -317.126674095 -171.259698152 0.141388224 -0.096732563 0.961217197 -0.216133480
1317401384.326540947 807.624298928 -317.460438641 -171.110925668 0.142510749 -0.096641900 0.961962081 -0.212084852
1317401384.430242062 807.080452978 -317.779576014 -170.968439127 0.143629466 -0.096541597 0.962471590 -0.209042423
1317401384.533946037 806.581134792 -317.983834749 -170.817987645 0.144261112 -0.095580023 0.962108304 -0.210714977
1317401384.637650013 806.213856328 -318.182963647 -170.718243145 0.145259060 -0.094193695 0.962031820 -0.211002680
1317401384.741398096 805.914079444 -318.276212131 -170.618681903 0.145398986 -0.092893321 0.961981255 -0.211712143
1317401384.845171928 805.575757856 -318.462557578 -170.532475368 0.145399628 -0.092930585 0.962126907 -0.211032389
1317401384.948949099 805.210448891 -318.638518824 -170.416649900 0.144816593 -0.093200631 0.962177906 -0.211081675
1317401385.052747965 804.862195528 -318.799346006 -170.318856144 0.143216117 -0.093315459 0.962423846 -0.211001681
1317401385.156570911 804.516417824 -318.984874013 -170.206809711 0.141948014 -0.092964929 0.962688765 -0.210804709
1317401385.260416985 804.160822422 -319.191295844 -170.110815030 0.141483435 -0.093462073 0.962708727 -0.210806036
1317401385.364286900 803.817484781 -319.339676048 -170.012570479 0.141138229 -0.093069567 0.962729550 -0.211115775
1317401385.468182087 803.484729842 -319.486842206 -169.917720431 0.140846055 -0.092441447 0.962891838 -0.210846572
1317401385.572102070 803.119320796 -319.689083966 -169.814687897 0.140352325 -0.092645979 0.962947935 -0.210829840
1317401385.676022053 802.794478137 -319.871475162 -169.733942690 0.140669169 -0.093385342 0.962820853 -0.210872871
1317401385.779959917 802.450503870 -320.031808659 -169.634735892 0.141340951 -0.093523424 0.962810143 -0.210410866
1317401385.883930922 802.073296642 -320.217795643 -169.526024802 0.141393121 -0.092337426 0.962722139 -0.211300422
1317401385.987921000 801.748297203 -320.354531504 -169.431297934 0.141903424 -0.090515001 0.962754292 -0.211600155
1317401386.091932058 801.400662272 -320.521446796 -169.336000466 0.142732384 -0.090244006 0.962590002 -0.211905578
1317401386.195924044 801.067115271 -320.716164516 -169.244302897 0.142575829 -0.090659154 0.962627781 -0.211662007
1317401386.299913883 800.690303577 -320.887340308 -169.134525283 0.141877497 -0.090679269 0.962667039 -0.211943904
1317401386.403930902 800.350710194 -321.065959118 -169.040761413 0.141360117 -0.089824680 0.962906965 -0.211563280
1317401386.507946968 799.970163122 -321.228019093 -168.919007880 0.140824419 -0.089631049 0.962805776 -0.212461281
1317401386.611963987 799.646280424 -321.418376086 -168.835554321 0.141293383 -0.089726862 0.962829799 -0.212000116
1317401386.716028929 799.333052012 -321.580147533 -168.748979671 0.142203484 -0.089661020 0.962714925 -0.211941132
1317401386.819967985 798.963022117 -321.740390589 -168.638413511 0.143671323 -0.088122272 0.962537919 -0.212400027
1317401386.923836946 798.621736334 -321.882907338 -168.541701564 0.144552649 -0.085558170 0.962477885 -0.213121216
1317401387.027780056 798.280962288 -322.043323841 -168.439008730 0.143753779 -0.084981618 0.962541733 -0.213603343
1317401387.131725073 797.934173069 -322.275029909 -168.342952434 0.143175839 -0.085452265 0.962840281 -0.212455130
1317401387.235667944 797.563645910 -322.455563559 -168.239794611 0.141718455 -0.085736844 0.963068166 -0.212284668
1317401387.339586020 797.215623625 -322.587350859 -168.130196349 0.139821095 -0.085592804 0.963254355 -0.212755683
1317401387.443504095 796.844080626 -322.733795782 -168.008484251 0.138742921 -0.085309590 0.963186267 -0.213880552
1317401387.547446966 796.506084098 -322.906974043 -167.916677635 0.138787005 -0.085610184 0.963208858 -0.213629960
1317401387.651391029 796.192885272 -323.113962157 -167.841694615 0.139557663 -0.086488711 0.963151259 -0.213032893
1317401387.755309105 795.836573239 -323.283264094 -167.742400427 0.140272200 -0.086835966 0.962996912 -0.213120087
1317401387.859226227 795.482517441 -323.481811865 -167.652024357 0.140455444 -0.086589121 0.963097134 -0.212646427
1317401387.963143826 795.144401338 -323.635338578 -167.554196500 0.140472705 -0.086596889 0.962914972 -0.213455273
1317401388.067061901 794.769503099 -323.818539295 -167.445425683 0.141158400 -0.086121659 0.962891806 -0.213299641
1317401388.170980930 794.442207559 -323.970113701 -167.352212315 0.141782218 -0.085250653 0.962694122 -0.214126498
1317401388.274926901 794.127415892 -324.137649188 -167.267287758 0.142561435 -0.085036330 0.962497585 -0.214577394
1317401388.378917933 793.757755822 -324.343142632 -167.162128004 0.142756021 -0.085500100 0.962470822 -0.214383693
1317401388.482933044 793.407750173 -324.537400927 -167.068873714 0.142163323 -0.086939423 0.962443706 -0.214320411
1317401388.586971998 793.076564040 -324.695672194 -166.967104761 0.141762103 -0.087893906 0.962471122 -0.214073602
1317401388.691031694 792.720112516 -324.886517400 -166.861650934 0.143186267 -0.088139674 0.962287474 -0.213850199
1317401388.795094013 792.390694904 -325.051038108 -166.776508131 0.143456161 -0.088324902 0.962248029 -0.213770373
1317401388.899179935 792.043913484 -325.238728369 -166.679649205 0.143558544 -0.089024211 0.962320662 -0.213083501
1317401389.003266096 791.699363437 -325.407731751 -166.581526647 0.143556096 -0.089462607 0.962336572 -0.212829539
1317401389.107331038 791.355507898 -325.601966646 -166.489978667 0.143616123 -0.089248436 0.962362453 -0.212761922
1317401389.211393118 791.025126166 -325.749089414 -166.390976112 0.145019212 -0.089744632 0.962067152 -0.212936903
1317401389.315429926 790.656200515 -325.935461553 -166.287812695 0.146452908 -0.089837864 0.961819512 -0.213035043
1317401389.419445038 790.328401557 -326.095348879 -166.198412692 0.146869652 -0.090137875 0.961702882 -0.213147917
1317401389.523437023 790.000848017 -326.255642356 -166.107261752 0.146219848 -0.090095877 0.961923979 -0.212614080
1317401389.627404690 789.650315767 -326.432105701 -165.994712709 0.145350051 -0.090395501 0.962015499 -0.212669219
1317401389.731370926 789.289918593 -326.608513379 -165.893910305 0.144840623 -0.090735673 0.962084371 -0.212560330
1317401389.835339069 788.944054272 -326.782462058 -165.794836390 0.144239790 -0.090774518 0.962319405 -0.211887313
1317401389.939284086 788.584444114 -326.954930743 -165.689849806 0.143692334 -0.090705444 0.962170345 -0.212963053
1317401390.043200970 788.225873843 -327.144186253 -165.592728822 0.142803516 -0.090927069 0.962238938 -0.213156400
1317401390.147140980 787.879777621 -327.318147202 -165.499107448 0.141988749 -0.091035331 0.962419650 -0.212838393
1317401390.251107931 787.516428895 -327.501005959 -165.398856823 0.141708326 -0.091570600 0.962221823 -0.213688417
1317401390.355099916 787.170545769 -327.679259084 -165.305360268 0.141068464 -0.091347391 0.962355080 -0.213607217
1317401390.459115028 786.837052424 -327.850129373 -165.219714531 0.140640474 -0.091809458 0.962445145 -0.213285310
1317401390.563127995 786.470478582 -328.037605466 -165.112627659 0.139443371 -0.092163694 0.962509600 -0.213627407
1317401390.667120934 786.137158223 -328.211852711 -165.027264512 0.138267017 -0.092068195 0.962772805 -0.213246819
1317401390.771111965 785.799722148 -328.386159193 -164.932139317 0.136917200 -0.092531703 0.963072122 -0.212564468
1317401390.875124931 785.429086792 -328.581490710 -164.834504259 0.135574032 -0.093612657 0.963222959 -0.212268423
1317401390.979162931 785.087782771 -328.751187400 -164.747442695 0.134665206 -0.094596821 0.963331186 -0.211919207
1317401391.083275080 784.756150202 -328.924538774 -164.666348997 0.134614964 -0.095228594 0.963303195 -0.211795373
1317401391.187433958 784.407207714 -329.106443505 -164.576195429 0.137557365 -0.096700251 0.962657847 -0.212171869
1317401391.291591883 784.080692830 -329.257858373 -164.502956653 0.142678498 -0.097274019 0.961775540 -0.212528638
1317401391.395751953 784.113765286 -329.239086941 -164.509972125 0.147906861 -0.095194111 0.960933795 -0.213700452
1317401391.499910116 784.475927258 -329.063660279 -164.603256217 0.150028914 -0.093331200 0.960807174 -0.213612235
1317401391.604046106 785.440031282 -328.777441396 -164.893606618 0.151784850 -0.090794994 0.962792938 -0.204321771
1317401391.708157301 786.231691738 -328.365759283 -165.099267231 0.150518307 -0.090675670 0.962873905 -0.204929271
1317401391.812242031 787.067741074 -327.973145528 -165.312805933 0.149307030 -0.089418704 0.964876734 -0.196785655
1317401391.916302919 787.948569709 -327.536377686 -165.539455769 0.149372273 -0.088004852 0.967733217 -0.182853741
1317401392.020368099 788.668881155 -327.110268785 -165.712915414 0.150244175 -0.086666774 0.969258343 -0.174510238
1317401392.124408007 789.482628870 -326.723179044 -165.938024522 0.152389677 -0.085234708 0.970706402 -0.165050027
1317401392.228420973 790.158558701 -326.260174293 -166.104925939 0.154112440 -0.084842622 0.971645915 -0.157972467
1317401392.332434893 790.885726658 -325.780163115 -166.295314134 0.155604296 -0.081298912 0.974046141 -0.142870238
1317401392.436400890 791.505255517 -325.220477344 -166.415663237 0.154799785 -0.078927903 0.975340080 -0.136085051
1317401392.540321112 792.106018032 -324.638053384 -166.524426647 0.153576963 -0.076355543 0.977216085 -0.125030676
1317401392.644217968 792.671661215 -324.091943804 -166.655912573 0.151051598 -0.075034496 0.978853283 -0.115756168
1317401392.748039961 793.107206390 -323.497252488 -166.719419230 0.149010245 -0.073297299 0.979962275 -0.109988144
1317401392.851814032 793.432271849 -322.845471084 -166.742690560 0.148688135 -0.070472943 0.980669761 -0.105887787
1317401392.955563068 793.811602977 -322.289393857 -166.808375929 0.151897550 -0.068604963 0.981155367 -0.097747836
1317401393.059290886 794.102847907 -321.839117868 -166.863363126 0.153270586 -0.067876677 0.981057192 -0.097096185
1317401393.163042068 794.408259020 -321.410139617 -166.934387137 0.152891497 -0.067816676 0.981251579 -0.095762352
1317401393.266817093 794.732938099 -321.002502471 -166.995876950 0.151685027 -0.067299975 0.981761699 -0.092770321
1317401393.370568991 794.907770126 -320.588546424 -167.006479900 0.152422168 -0.066481306 0.981875099 -0.090934091
1317401393.474319935 795.163946116 -320.170052884 -167.049608265 0.155181522 -0.064777923 0.982077658 -0.085123376
1317401393.578093052 795.474380859 -319.777790296 -167.108065801 0.158300314 -0.064829910 0.981902208 -0.081278215
1317401393.681893110 795.648131037 -319.458261565 -167.133794435 0.162734248 -0.064423778 0.981672327 -0.075409435
1317401393.785691977 796.011270742 -319.181245266 -167.231517419 0.167498901 -0.064340704 0.981439260 -0.067685821
1317401393.889466047 796.359088604 -319.113644983 -167.336150413 0.169130853 -0.065426217 0.981044668 -0.068304640
1317401393.993266106 796.754420005 -319.098446025 -167.467037130 0.168523849 -0.063974751 0.981508041 -0.064412022
1317401394.097090006 797.197117301 -319.125459420 -167.596635836 0.166955899 -0.063075722 0.982067780 -0.060745830
1317401394.200887918 797.548941160 -319.095111566 -167.697378943 0.165626183 -0.063599775 0.982262655 -0.060688649
1317401394.304661036 797.809098999 -319.064675487 -167.782373672 0.164699609 -0.062244867 0.982664978 -0.058044427
1317401394.408437014 798.081943550 -318.984534028 -167.844713708 0.164083218 -0.059537439 0.983130417 -0.054649563
1317401394.512188911 798.371268188 -318.778597819 -167.908467377 0.164533782 -0.055226358 0.983641815 -0.048243801
1317401394.615915060 798.689404056 -318.706664291 -168.008578770 0.165507557 -0.053946967 0.983493282 -0.049375476
1317401394.719618082 798.851827680 -318.641748900 -168.061477267 0.166584022 -0.053234978 0.983551838 -0.045183869
1317401394.823344946 798.968021927 -318.525321270 -168.090413252 0.166556605 -0.051763590 0.983863322 -0.039904780
1317401394.927093983 798.950370309 -318.534245200 -168.081224638 0.164948341 -0.051127473 0.984273811 -0.037189927
1317401395.030821085 799.053643396 -318.523785399 -168.107481962 0.161724815 -0.051348341 0.984684033 -0.040072280
1317401395.134572983 798.987384865 -318.680419491 -168.111812756 0.158411647 -0.053127880 0.984942295 -0.044405573
1317401395.238347054 798.584884491 -318.773160221 -167.986437407 0.156026196 -0.054061234 0.985051689 -0.049054855
1317401395.342119932 798.089523664 -318.834698709 -167.834604662 0.155908848 -0.054518799 0.985076206 -0.048425210
1317401395.445919037 797.643297325 -318.886597413 -167.691261847 0.157078396 -0.054405870 0.984884357 -0.048674242
1317401395.549742937 797.272025442 -318.914447574 -167.581043133 0.159226494 -0.053540445 0.984565599 -0.049101184
1317401395.653541088 796.853900569 -318.958077321 -167.436743224 0.159556776 -0.052667437 0.984542569 -0.049433860
1317401395.757339954 796.489162185 -318.989220911 -167.316179289 0.158868558 -0.051736132 0.984722700 -0.049044439
1317401395.861186028 796.123386243 -319.027306210 -167.192289962 0.157290384 -0.051636924 0.984982825 -0.049012209
1317401395.965032101 795.718851510 -319.072507196 -167.045114790 0.155840407 -0.051034470 0.985181506 -0.050265794
1317401396.068901777 795.323456153 -319.150026498 -166.918781477 0.155825719 -0.051147555 0.985206774 -0.049697935
1317401396.172797918 794.987411039 -319.201733632 -166.820917821 0.156195866 -0.051788690 0.985104734 -0.049894350
1317401396.276719093 794.585823710 -319.255269719 -166.692633278 0.156819830 -0.053307605 0.984937302 -0.049642227
1317401396.380660057 794.227975356 -319.295651263 -166.582199099 0.156859906 -0.053110511 0.984942659 -0.049620577
1317401396.484602928 793.833512484 -319.358597886 -166.458147536 0.156215597 -0.052358305 0.985093174 -0.049464463
1317401396.588571787 793.453798650 -319.380363333 -166.326809210 0.157292658 -0.052312676 0.984924884 -0.049450743
1317401396.692536116 793.081464017 -319.433985924 -166.223613760 0.159780856 -0.052990385 0.984455663 -0.050091370
1317401396.796526194 792.719427424 -319.486257708 -166.118594867 0.161688254 -0.055434655 0.984005044 -0.050179489
1317401396.900518894 792.325795400 -319.548052640 -165.995217672 0.162182904 -0.057394325 0.983836493 -0.049682517
1317401397.004508018 791.968859117 -319.579819732 -165.881232673 0.160636031 -0.057098168 0.984106743 -0.049696914
1317401397.108477116 791.575831236 -319.634328675 -165.735281523 0.159647953 -0.056187934 0.984319428 -0.049706238
1317401397.212393045 791.191575609 -319.685117434 -165.605382000 0.160410814 -0.056465766 0.984199815 -0.049302263
1317401397.316286325 790.851598080 -319.731439790 -165.497202735 0.161270050 -0.056466037 0.984021857 -0.050045397
1317401397.420160055 790.483037470 -319.767579642 -165.380253859 0.161916754 -0.055672725 0.983952424 -0.050210952
1317401397.524030924 790.073272291 -319.830552617 -165.236017025 0.162389078 -0.055712479 0.983879043 -0.050079294
1317401397.627902031 789.723508157 -319.866569909 -165.122289296 0.162223830 -0.055497718 0.983907458 -0.050294599
1317401397.731796980 789.339793435 -319.904152916 -164.983199372 0.162051362 -0.055407161 0.983955555 -0.050008684
1317401397.835690975 788.940964256 -319.978264853 -164.839947422 0.162066600 -0.055007517 0.983962061 -0.050271779
1317401397.939560890 788.594598958 -320.019077635 -164.726413403 0.161008123 -0.054470606 0.984127904 -0.051005934
1317401398.043454885 788.233562300 -320.072383908 -164.598987336 0.160215053 -0.054284049 0.984289207 -0.050587904
1317401398.147373915 787.831166143 -320.110796279 -164.456085467 0.159886380 -0.053585415 0.984391953 -0.050372928
1317401398.251295090 787.480009534 -320.157055578 -164.345294878 0.159986390 -0.054384975 0.984320470 -0.050594885
1317401398.355237961 787.117375309 -320.200628999 -164.223663862 0.160503913 -0.054853182 0.984173538 -0.051303703
1317401398.459178925 786.711155481 -320.254485543 -164.084634724 0.160975147 -0.055535890 0.984073180 -0.051017091
1317401398.563122034 786.334977213 -320.314099659 -163.971468652 0.160261386 -0.055790493 0.984168634 -0.051144985
1317401398.667089939 785.960775006 -320.364151372 -163.833890347 0.157924484 -0.055084653 0.984597962 -0.050915543
1317401398.771033049 785.577782628 -320.415016375 -163.691606479 0.155319815 -0.055185561 0.985015519 -0.050741854
1317401398.874974966 785.217128606 -320.469296821 -163.576075351 0.153341077 -0.055258892 0.985319858 -0.050771507
1317401398.978941917 784.847865884 -320.513267875 -163.452937393 0.153289543 -0.055425832 0.985326595 -0.050614172
1317401399.082909107 784.449864281 -320.561028756 -163.325695006 0.154356089 -0.055684924 0.985145558 -0.050612423
1317401399.186898947 784.073295535 -320.613119441 -163.217014504 0.154919145 -0.055556474 0.985063221 -0.050635827
1317401399.290939093 783.700958252 -320.653420869 -163.103285827 0.155379304 -0.056708416 0.984929796 -0.050544287
1317401399.394953966 783.310365603 -320.705303809 -162.974342906 0.155986377 -0.058548419 0.984746237 -0.050151591
1317401399.498919964 782.938424936 -320.756215286 -162.861237543 0.155532713 -0.060391686 0.984706131 -0.050162293
1317401399.602907896 782.557656184 -320.807256180 -162.743052159 0.155922068 -0.060277944 0.984677931 -0.049641218
1317401399.706923008 782.177373335 -320.854277063 -162.604220907 0.156286780 -0.059733555 0.984623883 -0.050221056
1317401399.810940981 781.824356543 -320.900552730 -162.496133913 0.156639773 -0.059960115 0.984555370 -0.050194520
1317401399.914932013 781.453943099 -320.948013320 -162.373118443 0.156833686 -0.060135430 0.984512006 -0.050229817
1317401400.018922091 781.086505423 -320.985352125 -162.246887913 0.156152269 -0.060608243 0.984599007 -0.050078990
1317401400.122910976 780.678784462 -321.043247821 -162.109310559 0.155469784 -0.060148593 0.984728170 -0.050216768
1317401400.226877928 780.320022417 -321.090760596 -161.993174485 0.155244552 -0.060334032 0.984779273 -0.049686181
1317401400.330845833 779.933670673 -321.141531800 -161.853916855 0.155431080 -0.061645659 0.984654936 -0.049956477
1317401400.434813976 779.580287718 -321.190341582 -161.753457684 0.155645634 -0.060835700 0.984686578 -0.049656796
1317401400.538779974 779.203111409 -321.229325684 -161.623063480 0.154719884 -0.061042815 0.984838284 -0.049285764
1317401400.642721891 778.811831443 -321.272568325 -161.484017420 0.153648831 -0.060589494 0.985044087 -0.049082546
1317401400.746640921 778.445293194 -321.330366706 -161.367427825 0.152333573 -0.060352012 0.985262949 -0.049081965
1317401400.850559950 778.067924924 -321.369359503 -161.240084146 0.151223273 -0.058993530 0.985493477 -0.049536778
1317401400.954477072 777.666196607 -321.411328049 -161.095486632 0.150838108 -0.057964038 0.985589250 -0.050018646
1317401401.058373928 777.297025470 -321.455053373 -160.990990954 0.151397202 -0.058365745 0.985508597 -0.049448280
1317401401.162267923 776.936555495 -321.502976634 -160.873079022 0.151742388 -0.057148230 0.985493681 -0.050105204
1317401401.266185999 776.544185922 -321.550000933 -160.742561495 0.152375580 -0.057808376 0.985349399 -0.050263659
1317401401.370104074 776.200845225 -321.592653536 -160.636797234 0.152560411 -0.057561714 0.985317561 -0.050609032
1317401401.474025011 775.817557231 -321.645872246 -160.510462583 0.152354007 -0.057403555 0.985329934 -0.051166495
1317401401.577969074 775.401923984 -321.699158807 -160.373037621 0.152887673 -0.057250544 0.985296105 -0.050391659
1317401401.681931973 775.051544817 -321.743210731 -160.266745254 0.152430050 -0.058995883 0.985260221 -0.050466449
1317401401.785923004 774.666557465 -321.783131283 -160.148911790 0.152433241 -0.060153083 0.985211725 -0.050035694
1317401401.889915943 774.267566716 -321.837040235 -160.008342154 0.152394966 -0.059037010 0.985285000 -0.050038736
1317401401.993902922 773.898987201 -321.880712239 -159.897404581 0.152718334 -0.060174018 0.985168890 -0.049984569
1317401402.097892046 773.527562794 -321.920637001 -159.786755575 0.152832789 -0.060157710 0.985149531 -0.050035890
1317401402.201886892 773.124607355 -321.972411823 -159.651609126 0.152929886 -0.060483274 0.985122904 -0.049870717
1317401402.305880070 772.790603065 -322.021340539 -159.545858375 0.153240683 -0.059449512 0.985106264 -0.050484629
1317401402.409869909 772.407939597 -322.070200674 -159.429304176 0.153548437 -0.060226555 0.985021649 -0.050279124
1317401402.513885021 771.995700014 -322.118495147 -159.287241003 0.154120637 -0.059740859 0.984986290 -0.049798264
1317401402.617877007 771.650919856 -322.159954680 -159.176467306 0.153946501 -0.059608639 0.985012782 -0.049971027
1317401402.721817017 771.281999950 -322.206349668 -159.051791979 0.153865517 -0.059653466 0.985020033 -0.050024009
1317401402.825758934 770.877804238 -322.258544541 -158.921213384 0.154028364 -0.059575749 0.985009944 -0.049813691
1317401402.929702044 770.502107382 -322.314239601 -158.799421502 0.153518928 -0.059305669 0.985096006 -0.050006352
1317401403.033644915 770.164932264 -322.353188420 -158.693065187 0.153284890 -0.059923145 0.985030388 -0.051264945
1317401403.137612104 769.718596760 -322.413523336 -158.542473643 0.153317596 -0.059833458 0.985099151 -0.049933311
1317401403.241579056 769.371727752 -322.463031334 -158.432353236 0.153390047 -0.060574097 0.985020215 -0.050373093
1317401403.345520973 769.033424346 -322.500108917 -158.321702003 0.152510687 -0.059990343 0.985166753 -0.050873551
1317401403.449438095 768.612088239 -322.552933111 -158.181797651 0.150986326 -0.059864409 0.985441060 -0.050252364
1317401403.553335905 768.252177066 -322.592092400 -158.063634374 0.149626725 -0.059949235 0.985595302 -0.051184298
1317401403.657229900 767.888193967 -322.645287631 -157.948578407 0.149596300 -0.059322902 0.985665816 -0.050642273
1317401403.761120081 767.491667480 -322.696906435 -157.818236965 0.150476617 -0.059001513 0.985553848 -0.050588746
1317401403.865015030 767.135907206 -322.748607485 -157.715705092 0.151301867 -0.058568340 0.985436199 -0.050921438
1317401403.968910933 766.755447154 -322.785830785 -157.589631933 0.150976743 -0.057652296 0.985530674 -0.051103091
1317401404.072783947 766.343019759 -322.839243629 -157.462129551 0.149805447 -0.057797022 0.985725334 -0.050630004
1317401404.176655054 765.992020271 -322.880617858 -157.354614851 0.147410095 -0.058242391 0.986045701 -0.050911331
1317401404.280524015 765.600595437 -322.919486486 -157.226753426 0.146104274 -0.058298254 0.986246862 -0.050714707
1317401404.384392977 765.217380934 -322.968310854 -157.103827150 0.146124195 -0.057985001 0.986232690 -0.051288796
1317401404.488241911 764.847376914 -323.024337666 -156.994036124 0.147079465 -0.057717230 0.986102238 -0.051368555
1317401404.592089891 764.469519652 -323.071209420 -156.894397072 0.147950978 -0.058352539 0.985953867 -0.050994712
1317401404.695960045 764.095419683 -323.122216764 -156.770901498 0.147438234 -0.058166362 0.986037948 -0.051066687
1317401404.799832106 763.709527022 -323.173610412 -156.655377447 0.146433493 -0.058130308 0.986196767 -0.050931674
1317401404.903702974 763.339439294 -323.217905735 -156.547450783 0.145942986 -0.058713310 0.986250917 -0.050621350
1317401405.007574081 762.955003667 -323.268711725 -156.426482618 0.146670209 -0.058933493 0.986122524 -0.050764760
1317401405.111469030 762.604628148 -323.310892752 -156.313810038 0.149112364 -0.059438495 0.985694000 -0.051380028
1317401405.215388060 762.226402766 -323.356698502 -156.209115277 0.151230081 -0.060737245 0.985319871 -0.050844875
1317401405.319307089 761.835224726 -323.407349578 -156.088735971 0.151264144 -0.062236712 0.985274179 -0.049805044
1317401405.423223972 761.451946622 -323.448197088 -155.966323176 0.150347913 -0.063784214 0.985307422 -0.049963620
1317401405.527143002 761.083839717 -323.511952892 -155.842793399 0.150149427 -0.063907592 0.985328442 -0.049988295
1317401405.631061077 760.689163968 -323.554943325 -155.712695251 0.150277846 -0.064429353 0.985292821 -0.049633509
1317401405.734956026 760.304615027 -323.606517041 -155.598767166 0.149789542 -0.065214862 0.985365401 -0.048632718
1317401405.838850975 759.941394307 -323.658876972 -155.485314598 0.148272815 -0.065092269 0.985573737 -0.049219696
1317401405.942770004 759.562170772 -323.709787753 -155.360705737 0.147321413 -0.065276953 0.985711456 -0.049073883
1317401406.046665907 759.170836902 -323.738977004 -155.244743173 0.146787109 -0.064834116 0.985823657 -0.049008146
1317401406.150535822 758.810421926 -323.785836069 -155.137163107 0.146093509 -0.064202340 0.985940128 -0.049566223
1317401406.254405975 758.417810346 -323.825285121 -155.014908115 0.145050354 -0.063081657 0.986172968 -0.049436587
1317401406.358278036 758.033048595 -323.872345317 -154.904996989 0.144139037 -0.062361954 0.986362258 -0.049238409
1317401406.462148905 757.652812742 -323.915786414 -154.794517372 0.143908913 -0.061420199 0.986424017 -0.049854219
1317401406.565994978 757.278044999 -323.961391519 -154.685781783 0.144690106 -0.060504613 0.986367930 -0.049822404
1317401406.669816971 756.905436087 -324.007067200 -154.582465790 0.145823487 -0.060285695 0.986199536 -0.050116068
1317401406.773663998 756.514129828 -324.058991801 -154.473585122 0.146609051 -0.060596871 0.986069405 -0.050009333
1317401406.877510071 756.116973153 -324.101152626 -154.354315649 0.147137867 -0.060757787 0.985982704 -0.049970470
1317401406.981357098 755.780897429 -324.143785519 -154.253668834 0.147245318 -0.060723866 0.985938951 -0.050555046
1317401407.085203886 755.388338638 -324.200516267 -154.136156487 0.147834535 -0.060839870 0.985856909 -0.050295285
1317401407.189027071 754.993152409 -324.247733076 -154.007174711 0.148692371 -0.061228791 0.985700405 -0.050361948
1317401407.292850018 754.633007603 -324.297808541 -153.902169848 0.148888907 -0.061123521 0.985675435 -0.050397870
1317401407.396696091 754.257581348 -324.348539755 -153.776717883 0.147916246 -0.060951846 0.985812858 -0.050780560
1317401407.500543118 753.834015406 -324.392455175 -153.630346883 0.147164912 -0.059316728 0.986049244 -0.050308077
1317401407.604391098 753.479565147 -324.435864870 -153.514157363 0.147431035 -0.059775846 0.985973100 -0.050477552
1317401407.708237171 753.125300078 -324.485758369 -153.403339870 0.147556375 -0.060338687 0.985898195 -0.050902921
1317401407.812060118 752.734778947 -324.533631536 -153.280525827 0.146804265 -0.060920246 0.985988803 -0.050629155
1317401407.915859938 752.344420108 -324.585317971 -153.156467326 0.145115120 -0.060753832 0.986261327 -0.050390173
1317401408.019658089 751.962684059 -324.627514953 -153.032737007 0.143180595 -0.061163791 0.986532638 -0.050116491
1317401408.123455048 751.592311632 -324.675507230 -152.920491603 0.141847345 -0.061330539 0.986718726 -0.050040505
1317401408.227256060 751.201406949 -324.720061893 -152.807472669 0.141708876 -0.062065672 0.986696794 -0.049958825
1317401408.331078053 750.859695674 -324.767714558 -152.712239239 0.142352768 -0.061028049 0.986630233 -0.050715385
1317401408.434876919 750.467219174 -324.822386257 -152.596800843 0.143641335 -0.060001028 0.986520610 -0.050439364
1317401408.538698912 750.080397684 -324.862960157 -152.479775915 0.144855606 -0.059835114 0.986333978 -0.050812369
1317401408.642545938 749.731177788 -324.902808192 -152.387070787 0.144824193 -0.060078881 0.986296007 -0.051348498
1317401408.746391058 749.319046051 -324.953432584 -152.248085845 0.144273649 -0.058412025 0.986495594 -0.050986192
1317401408.850261927 748.972911556 -325.006679444 -152.150037392 0.144628345 -0.058960709 0.986387621 -0.051436728
1317401408.954109907 748.594897494 -325.062027305 -152.035587893 0.145130650 -0.060781366 0.986175444 -0.051968395
1317401409.057931662 748.190419635 -325.118826448 -151.906293210 0.145002253 -0.061122283 0.986197089 -0.051514213
1317401409.161778927 747.821710142 -325.164881374 -151.798011729 0.144296489 -0.060644256 0.986314535 -0.051811534
1317401409.265625954 747.447634857 -325.224388609 -151.677933490 0.144104068 -0.060812154 0.986354483 -0.051388070
1317401409.369448900 747.032784589 -325.275347939 -151.546713841 0.144224463 -0.060602161 0.986344274 -0.051494220
1317401409.473268986 746.667683231 -325.323547812 -151.443047110 0.143287240 -0.060589759 0.986454367 -0.052013755
1317401409.577091932 746.302273986 -325.385964647 -151.326782830 0.142071332 -0.060879252 0.986544795 -0.053280579
1317401409.680917978 745.883267161 -325.441153916 -151.203142188 0.141729137 -0.060634000 0.986640783 -0.052690947
1317401409.784747124 745.537693195 -325.487240301 -151.100467981 0.141602930 -0.059909550 0.986658857 -0.053514070
1317401409.888566971 745.170431790 -325.527863657 -150.994345655 0.141689035 -0.060113699 0.986691643 -0.052441981
1317401409.992387056 744.756161109 -325.573389755 -150.865686806 0.140897436 -0.059595299 0.986781914 -0.053458091
1317401410.096205711 744.392761309 -325.619151027 -150.752818185 0.140618154 -0.058676671 0.986940748 -0.052264169
1317401410.200005054 744.035854424 -325.659696731 -150.657643977 0.140616172 -0.059033574 0.986934814 -0.051978860
1317401410.303803921 743.618250915 -325.716425461 -150.533113718 0.141190182 -0.060182013 0.986754204 -0.052531882
1317401410.407624960 743.265318500 -325.768352527 -150.426928199 0.141820152 -0.060949720 0.986622789 -0.052418021
1317401410.511449099 742.892272276 -325.817519070 -150.311220577 0.141912898 -0.061897851 0.986588539 -0.051695647
1317401410.615250111 742.499570190 -325.867040956 -150.188263512 0.141414187 -0.061691014 0.986641763 -0.052290329
1317401410.719023943 742.139708018 -325.917418587 -150.077524551 0.140939032 -0.061687246 0.986728948 -0.051931259
1317401410.822798014 741.770185529 -325.964421256 -149.965698953 0.140915484 -0.062166244 0.986711264 -0.051759704
1317401410.926575899 741.366619651 -326.015334227 -149.835009057 0.141189755 -0.062040405 0.986683092 -0.051700266
1317401411.030349970 741.012328379 -326.062660627 -149.731998013 0.141569955 -0.062110825 0.986628470 -0.051618355
1317401411.134123087 740.630276367 -326.122383852 -149.617972644 0.141568595 -0.063522336 0.986539237 -0.051609886
1317401411.237897873 740.235674955 -326.163724019 -149.491092246 0.140648044 -0.063291621 0.986703310 -0.051272563
1317401411.341697931 739.865532513 -326.218688968 -149.379579696 0.139079801 -0.063594572 0.986886836 -0.051642157
1317401411.445496082 739.485064164 -326.257354951 -149.262587397 0.137011832 -0.063744002 0.987160194 -0.051761107
1317401411.549295902 739.095027240 -326.317492025 -149.140368209 0.135527566 -0.063274155 0.987425567 -0.051180166
1317401411.653119087 738.710811273 -326.370467707 -149.030150800 0.134731971 -0.063596197 0.987498124 -0.051480827
1317401411.756942034 738.335577474 -326.409974847 -148.926992474 0.134937590 -0.063776771 0.987470274 -0.051252593
1317401411.860810041 737.934707325 -326.457226343 -148.808127848 0.136012918 -0.064125250 0.987314545 -0.050974781
1317401411.964704037 737.557797411 -326.512805005 -148.711671040 0.136200490 -0.063445930 0.987321601 -0.051186880
1317401412.068624973 737.194144512 -326.553604120 -148.613808136 0.135895545 -0.063504139 0.987350305 -0.051371196
1317401412.172565937 736.795379681 -326.598584850 -148.494376441 0.136079466 -0.063669922 0.987304259 -0.051563756
1317401412.276484013 736.434653296 -326.637796996 -148.401460276 0.136160298 -0.063304262 0.987322475 -0.051451660
1317401412.380403996 736.036708765 -326.691102482 -148.294434796 0.136362318 -0.062462693 0.987340796 -0.051593430
1317401412.484273911 735.627688083 -326.746585999 -148.174898933 0.136539429 -0.062231326 0.987329270 -0.051625186
1317401412.588098049 735.272847129 -326.773023293 -148.079415909 0.136905326 -0.060967637 0.987336226 -0.052029364
1317401412.691921949 734.890944891 -326.825652535 -147.974544531 0.137875385 -0.061764309 0.987151946 -0.052024845
1317401412.795722008 734.494237615 -326.872402319 -147.861032191 0.139324815 -0.061430875 0.986952646 -0.052338500
1317401412.899518967 734.128688224 -326.932461728 -147.768766642 0.140514261 -0.060776971 0.986807070 -0.052666006
1317401413.003346920 733.766443674 -326.974513962 -147.665742233 0.140707469 -0.060040868 0.986816363 -0.052820153
1317401413.107193947 733.365722333 -327.030444898 -147.538924809 0.140733037 -0.061902460 0.986684558 -0.053064876
1317401413.211083889 732.970130473 -327.088853262 -147.432753252 0.140488544 -0.062696914 0.986693183 -0.052617764
1317401413.314977884 732.629587792 -327.123725304 -147.337518827 0.139953723 -0.061565083 0.986864291 -0.052168636
1317401413.418898106 732.224697241 -327.184524878 -147.205958600 0.139681527 -0.061878410 0.986864632 -0.052519830
1317401413.522862196 731.839803973 -327.231230759 -147.098327181 0.139219544 -0.062586925 0.986938196 -0.051514981
1317401413.626827002 731.487557733 -327.278860741 -146.986141685 0.139127484 -0.064305106 0.986839764 -0.051533264
1317401413.730793953 731.064762389 -327.329941168 -146.861031709 0.139420023 -0.065116173 0.986727009 -0.051882088
1317401413.834763050 730.699032711 -327.382969048 -146.759125156 0.139435596 -0.064994229 0.986706637 -0.052378212
1317401413.938752651 730.341123765 -327.428380535 -146.654531743 0.139389403 -0.064638629 0.986731789 -0.052467318
1317401414.042742968 729.941788559 -327.486921831 -146.539780052 0.138934380 -0.063217725 0.986848504 -0.053205143
1317401414.146711111 729.553558543 -327.538251367 -146.429783334 0.138437683 -0.064429228 0.986842803 -0.053152283
1317401414.250677109 729.237406348 -327.558864986 -146.333542965 0.138658883 -0.064756496 0.986880816 -0.051444776
1317401414.354619026 728.764355044 -327.629786291 -146.193228501 0.138175458 -0.063344269 0.986983173 -0.052528691
1317401414.458539963 728.463305546 -327.666428670 -146.110937464 0.138362394 -0.065571256 0.986852373 -0.051755696
1317401414.562483311 728.069135921 -327.715690653 -145.991835394 0.138474172 -0.067262450 0.986748755 -0.051259735
1317401414.666425943 727.258763706 -327.822406418 -145.750883088 0.138127277 -0.067461818 0.986737033 -0.052151564
1317401414.770343065 726.480213600 -327.924378126 -145.528406363 0.137639762 -0.067415773 0.986790014 -0.052496457
1317401414.874263048 725.651437503 -328.033458749 -145.292234062 0.136805994 -0.067932834 0.986858716 -0.052717400
1317401414.978204966 724.616206396 -328.165214675 -145.004156809 0.135781764 -0.068110102 0.987044902 -0.051639990
1317401415.082146883 723.764869071 -328.280753212 -144.755468296 0.134958856 -0.068265134 0.987147992 -0.051621900
1317401415.186067104 722.755629462 -328.395925747 -144.477911418 0.134735218 -0.067780493 0.987270574 -0.050488015
1317401415.290011883 721.924899005 -328.505974605 -144.242923929 0.134733538 -0.068000681 0.987237732 -0.050837398
1317401415.393978119 721.082830965 -328.620203568 -144.010827498 0.134319259 -0.068414315 0.987239988 -0.051332479
1317401415.497944117 720.295819823 -328.718190098 -143.789712611 0.134120717 -0.069041119 0.987228163 -0.051239735
1317401415.601888657 719.559204996 -328.812562985 -143.586476911 0.133660231 -0.068567778 0.987385480 -0.050033158
1317401415.705806732 718.733509908 -328.912158792 -143.351277855 0.133224710 -0.068338933 0.987475409 -0.049732108
1317401415.809747934 718.054043073 -328.988542806 -143.170242928 0.132577380 -0.067529109 0.987561612 -0.050844075
1317401415.913666964 717.250813040 -329.089740477 -142.946714267 0.132471297 -0.067052451 0.987643611 -0.050153975
1317401416.017563105 716.511210594 -329.179204383 -142.748808035 0.132071672 -0.066877329 0.987701687 -0.050297852
1317401416.121478796 715.709441591 -329.273486749 -142.521500816 0.131503464 -0.067147648 0.987790725 -0.049674088
1317401416.225421906 714.979560364 -329.365170674 -142.327820580 0.131220750 -0.067081295 0.987822171 -0.049885607
1317401416.329366922 714.207952612 -329.453072308 -142.116462940 0.130632879 -0.066728010 0.987923291 -0.049899850
1317401416.433285952 713.434122117 -329.541593790 -141.908692530 0.130060690 -0.065452717 0.988075083 -0.050077834
1317401416.537201881 712.645183850 -329.636364009 -141.687988115 0.129699052 -0.064870190 0.988157722 -0.050143113
1317401416.641119957 711.928044546 -329.723479952 -141.502660163 0.129575756 -0.065500788 0.988138203 -0.050026619
1317401416.745038986 711.153266072 -329.818295174 -141.292273819 0.129745840 -0.065695805 0.988121042 -0.049667750
1317401416.848958015 710.418474890 -329.905627958 -141.097096085 0.129912186 -0.065379144 0.988108557 -0.049898611
1317401416.952877998 709.623045185 -330.008055641 -140.884280833 0.130372936 -0.065102805 0.988081901 -0.049585081
1317401417.056796074 708.888341434 -330.098155379 -140.687704608 0.130479823 -0.064647146 0.988070174 -0.050130758
1317401417.160715103 708.119861161 -330.188042226 -140.474647916 0.130503074 -0.064181053 0.988112356 -0.049836848
1317401417.264611721 707.354920392 -330.282465608 -140.272734741 0.130445820 -0.063343501 0.988137689 -0.050550928
1317401417.368482113 706.575207150 -330.384193694 -140.056716390 0.131540941 -0.064432686 0.987924927 -0.050495027
1317401417.472351074 705.827032869 -330.477683429 -139.852207401 0.132315069 -0.064797442 0.987787571 -0.050692493
1317401417.576246977 705.035032888 -330.581648487 -139.630299292 0.133200625 -0.065657735 0.987624148 -0.050449944
1317401417.680144072 704.290811905 -330.672864606 -139.426529289 0.133860604 -0.066465552 0.987477088 -0.050523953
1317401417.784013987 703.511239715 -330.770165703 -139.203325799 0.134032609 -0.066688041 0.987445654 -0.050388934
1317401417.887883663 702.757555216 -330.869862793 -138.993456906 0.133063941 -0.067259432 0.987535532 -0.050435405
1317401417.991755962 701.973304564 -330.962679412 -138.773132908 0.130693889 -0.066962683 0.987887297 -0.050137749
1317401418.095627069 701.197936122 -331.064570260 -138.559915949 0.127977243 -0.067465034 0.988206577 -0.050180223
1317401418.199474096 700.426153010 -331.159164127 -138.344656423 0.126930643 -0.067209755 0.988386576 -0.049633032
1317401418.303318977 699.673566563 -331.253408703 -138.152654356 0.126701325 -0.067847854 0.988377497 -0.049531475
1317401418.407162905 698.890010758 -331.345493135 -137.945645388 0.126085421 -0.068332617 0.988447846 -0.049030366
1317401418.510986090 698.128310052 -331.449069185 -137.753383650 0.124697648 -0.068708423 0.988576805 -0.049452506
1317401418.614785910 697.349581922 -331.540000848 -137.546122884 0.123293609 -0.068281949 0.988794024 -0.049220327
1317401418.718585968 696.587336682 -331.641914438 -137.358941043 0.122362906 -0.068246967 0.988878711 -0.049885518
1317401418.822384119 695.807008063 -331.736052131 -137.154637933 0.122271113 -0.068014854 0.988931953 -0.049369495
1317401418.926181078 695.053669513 -331.831985997 -136.970187564 0.122941114 -0.068251681 0.988787739 -0.050259302
1317401419.030004978 694.267135593 -331.922930029 -136.768131912 0.124485228 -0.068414644 0.988610697 -0.049716739
1317401419.133805037 693.516718900 -332.022821058 -136.580222399 0.125588360 -0.069200546 0.988393347 -0.050174094
1317401419.237603188 692.726407991 -332.115694518 -136.370154901 0.125809062 -0.069168075 0.988377468 -0.049978385
1317401419.341402054 691.978162865 -332.213974952 -136.179123198 0.125053558 -0.069371242 0.988464008 -0.049881292
1317401419.445202112 691.186721903 -332.311754357 -135.961803267 0.124803379 -0.069068204 0.988515035 -0.049917182
1317401419.549000978 690.443329916 -332.407975278 -135.769256220 0.125162599 -0.068804165 0.988482531 -0.050025957
1317401419.652775049 689.648431933 -332.506121251 -135.560400204 0.125877963 -0.068804019 0.988406541 -0.049731824
1317401419.756525040 688.904448270 -332.599696461 -135.367545665 0.125669217 -0.069513594 0.988372074 -0.049957502
1317401419.860263109 688.098880529 -332.702140395 -135.150814110 0.125122421 -0.070041663 0.988420972 -0.049623850
1317401419.964013100 687.362346328 -332.789715635 -134.954154068 0.124187773 -0.069633145 0.988565267 -0.049672269
1317401420.067776918 686.569697165 -332.888018039 -134.741758390 0.123414869 -0.069465848 0.988654437 -0.050056665
1317401420.171551943 685.827720214 -332.981335064 -134.552206585 0.122822989 -0.069364491 0.988725808 -0.050242982
1317401420.275326014 685.024366614 -333.080400628 -134.336787629 0.122969326 -0.069471001 0.988694273 -0.050358315
1317401420.379098892 684.276596538 -333.179219905 -134.148823614 0.123471810 -0.069683256 0.988600053 -0.050684233
1317401420.482873917 683.501559707 -333.278733377 -133.944349134 0.123827165 -0.070104308 0.988519529 -0.050807095
1317401420.586673975 682.730436073 -333.374670330 -133.749459188 0.123216490 -0.070002651 0.988605977 -0.050749846
1317401420.690498114 681.936497440 -333.479379926 -133.538345728 0.122358420 -0.070325343 0.988693905 -0.050666800
1317401420.794318914 681.202806233 -333.570811897 -133.356068771 0.121601158 -0.070864454 0.988744905 -0.050743476
1317401420.898142099 680.413418459 -333.668420380 -133.145978509 0.121479363 -0.070230537 0.988804736 -0.050750666
1317401421.001940966 679.675962097 -333.754149958 -132.963019165 0.121738295 -0.070295719 0.988767574 -0.050764005
1317401421.105737925 678.843153317 -333.865613711 -132.741490892 0.121644659 -0.071506345 0.988701178 -0.050590509
1317401421.209537029 678.104078708 -333.948949847 -132.557035676 0.120793215 -0.070634696 0.988903169 -0.049902519
1317401421.313335896 677.253331939 -334.058686453 -132.335083931 0.119862041 -0.071755227 0.988945902 -0.049701925
1317401421.417135000 676.566572632 -334.133953059 -132.168410692 0.118781665 -0.071525205 0.989125724 -0.049044499
1317401421.520909071 675.737632241 -334.231870969 -131.953207160 0.117697543 -0.071965031 0.989237540 -0.048758705
1317401421.624707937 675.001589114 -334.332015068 -131.775057459 0.116786968 -0.072410377 0.989297896 -0.049063371
1317401421.728533983 674.193734684 -334.431578793 -131.565637188 0.116576305 -0.072293594 0.989344037 -0.048805505
1317401421.832356215 673.450911996 -334.526418322 -131.393016044 0.115928489 -0.072356627 0.989396727 -0.049185564
1317401421.936188936 672.658152934 -334.622723536 -131.195261136 0.114742135 -0.073227634 0.989500618 -0.048584808
1317401422.040010929 671.909959320 -334.707354393 -131.021943429 0.113343180 -0.072289474 0.989704231 -0.049123212
1317401422.143799067 671.111406055 -334.805492686 -130.829418570 0.112913510 -0.072088105 0.989770903 -0.049065307
1317401422.247575045 670.358156982 -334.894498163 -130.653975033 0.113379399 -0.072216116 0.989695830 -0.049316423
1317401422.351377964 669.551633302 -334.987580143 -130.465974879 0.114424397 -0.072375867 0.989572261 -0.049148061
1317401422.455178976 668.825148612 -335.073957186 -130.294160400 0.114457535 -0.072249196 0.989554149 -0.049619683
1317401422.558949232 668.025076225 -335.175760368 -130.102832017 0.114231432 -0.072795083 0.989555438 -0.049316234
1317401422.662744999 667.259344297 -335.265141514 -129.916537184 0.113956830 -0.072756659 0.989571999 -0.049674616
1317401422.766545057 666.483186077 -335.355016280 -129.727809234 0.114297075 -0.072277614 0.989574851 -0.049535229
1317401422.870318890 665.725061982 -335.442476925 -129.553648562 0.114310959 -0.072250128 0.989562774 -0.049783931
1317401422.974068880 664.914255304 -335.537840970 -129.355741316 0.113406713 -0.072357171 0.989668190 -0.049600715
1317401423.077842951 664.181631470 -335.624921307 -129.183098044 0.112260327 -0.072060430 0.989831969 -0.049371915
1317401423.181690931 663.384277013 -335.726668510 -128.989808541 0.111798273 -0.072474352 0.989843634 -0.049580194
1317401423.285562038 662.639321152 -335.813418722 -128.816111737 0.111726581 -0.071994276 0.989877424 -0.049766255
1317401423.389432907 661.844576157 -335.914748425 -128.625319767 0.111944802 -0.071215898 0.989906602 -0.049815413
1317401423.493278980 661.081333417 -336.006995581 -128.450175688 0.112285851 -0.072045761 0.989823588 -0.049503136
1317401423.597101927 660.295522036 -336.102284129 -128.259801576 0.111919654 -0.072107191 0.989854295 -0.049628805
1317401423.700951099 659.530891000 -336.198576422 -128.087111869 0.111423940 -0.072785578 0.989850386 -0.049831507
1317401423.804797888 658.751115697 -336.296183855 -127.898785382 0.111026208 -0.072754938 0.989917787 -0.049423424
1317401423.908643723 657.990714431 -336.386679242 -127.723328289 0.110382999 -0.072172092 0.990025724 -0.049556518
1317401424.012515068 657.206685722 -336.483106309 -127.536702303 0.109688115 -0.071702214 0.990141863 -0.049461105
1317401424.116409063 656.443265161 -336.575476932 -127.360157329 0.109152824 -0.071262802 0.990237626 -0.049363121
1317401424.220304966 655.661226568 -336.665698635 -127.176539180 0.109382078 -0.070612834 0.990265422 -0.049231937
1317401424.324152946 654.887820383 -336.755205474 -127.002552300 0.109609422 -0.069957306 0.990270226 -0.049564401
1317401424.427998066 654.102288197 -336.850329351 -126.820772376 0.109766561 -0.069969931 0.990265351 -0.049295488
1317401424.531821966 653.337335460 -336.941241613 -126.645857298 0.109746812 -0.069675308 0.990298593 -0.049088546
1317401424.635597706 652.561099297 -337.031435910 -126.464525316 0.109963151 -0.069148747 0.990307782 -0.049163539
1317401424.739320993 651.786132358 -337.121420475 -126.288059486 0.110207582 -0.068619538 0.990299721 -0.049518780
1317401424.843023062 651.010099343 -337.218118835 -126.109189634 0.110825468 -0.067394487 0.990286630 -0.050080830
1317401424.946727991 650.255662690 -337.310697602 -125.931250878 0.111355086 -0.066688952 0.990257010 -0.050434943
1317401425.050407887 649.482806590 -337.413880011 -125.750614028 0.112400617 -0.066218946 0.990124170 -0.051334988
1317401425.154061079 648.720239529 -337.639501551 -125.587251441 0.112287257 -0.066336244 0.989573303 -0.061120805
1317401425.257667065 647.820137875 -337.738412345 -125.375122401 0.111491442 -0.066439039 0.988918242 -0.072084837
1317401425.361272097 647.020285730 -337.909573231 -125.195135888 0.109477046 -0.067450073 0.988126865 -0.084086638
1317401425.464926004 646.101438250 -338.056992309 -124.976868289 0.106967695 -0.069210379 0.986885730 -0.099118071
1317401425.568603992 645.374579517 -338.257513962 -124.816853270 0.105499942 -0.071090181 0.985662034 -0.110843597
1317401425.672308922 644.590019500 -338.479865520 -124.648710197 0.104060749 -0.071988704 0.984125397 -0.124443520
1317401425.776036024 643.829651519 -338.698850705 -124.486327890 0.103032601 -0.073900284 0.982416610 -0.137042459
1317401425.879760981 643.091027179 -338.944107445 -124.336668339 0.102309779 -0.075144626 0.980708304 -0.148651324
1317401425.983513117 642.374965989 -339.200724716 -124.190997735 0.100942522 -0.076821651 0.978686430 -0.161498959
1317401426.087289095 641.521128754 -339.512820490 -124.020589031 0.098999468 -0.079265338 0.975819221 -0.178025164
1317401426.191086054 640.774872345 -339.819454863 -123.876910755 0.096968518 -0.081094794 0.973372376 -0.191224890
1317401426.294884920 639.994438371 -340.161368944 -123.725848875 0.094435476 -0.083081935 0.970473575 -0.205816358
1317401426.398683786 639.271314382 -340.508849382 -123.594101712 0.091682707 -0.085518304 0.967598055 -0.219168668
1317401426.502532005 638.497712125 -340.909342233 -123.456363713 0.089219164 -0.087697258 0.964424670 -0.232882348
1317401426.606451988 637.878880967 -341.265368106 -123.356010596 0.087689618 -0.089865194 0.962036597 -0.242322848
1317401426.710417271 637.156697574 -341.691104103 -123.240498412 0.086338181 -0.092264000 0.959164297 -0.253055179
1317401426.814407825 636.504610067 -342.115029341 -123.149542112 0.085155302 -0.094356796 0.956685372 -0.261913094
1317401426.918446064 635.854588415 -342.486361167 -123.042369248 0.084738921 -0.094924063 0.955822349 -0.264976178
1317401427.022508144 635.326697836 -342.874117905 -122.976194913 0.084113189 -0.096067996 0.953936210 -0.271480422
1317401427.126619101 634.676825086 -343.289544622 -122.877092089 0.084797384 -0.096884112 0.953300264 -0.273205928
1317401427.230777740 634.124071256 -343.673568294 -122.807839767 0.084827583 -0.098259755 0.952431591 -0.275723351
1317401427.334935904 633.460288818 -344.099440195 -122.706964116 0.084823305 -0.099187385 0.952152286 -0.276356463
1317401427.439120054 632.808963571 -344.536617909 -122.613503813 0.084532146 -0.100097926 0.952168581 -0.276061072
1317401427.543350935 632.129808769 -345.002748397 -122.509416079 0.084724343 -0.101525083 0.952259674 -0.275165326
1317401427.647629023 631.529153672 -345.415481594 -122.430983807 0.084975547 -0.102627291 0.952252696 -0.274702744
1317401427.751955986 630.875926502 -345.939746448 -122.344096348 0.086480266 -0.103921234 0.953807838 -0.268276254
1317401427.856329918 630.337017843 -346.271521320 -122.263324305 0.088207828 -0.104214096 0.956548605 -0.257630679
1317401427.960728884 629.708534985 -346.636328811 -122.166654437 0.090006331 -0.104537194 0.959826345 -0.244344477
1317401428.065128088 629.152945132 -346.973793529 -122.082994208 0.092028471 -0.103843118 0.963541407 -0.228769151
1317401428.169503927 628.550089282 -347.262257150 -121.979427925 0.093935044 -0.102882079 0.966713417 -0.214608144
1317401428.273879051 627.974841600 -347.584269250 -121.886201870 0.096553833 -0.101546768 0.970793341 -0.194745732
1317401428.378252983 627.322161265 -347.874201292 -121.768535672 0.098370291 -0.100894214 0.973729779 -0.178868558
1317401428.482604980 626.731398066 -348.105456461 -121.661488422 0.099594942 -0.099741091 0.977278373 -0.158302066
1317401428.586954355 626.142647638 -348.347467895 -121.553042247 0.100230302 -0.098225512 0.980424057 -0.138109752
1317401428.691278934 625.455711561 -348.556288586 -121.418475260 0.101040658 -0.096821083 0.983100044 -0.118028671
1317401428.795582056 624.813664548 -348.711876938 -121.283682145 0.103016522 -0.095407262 0.985413578 -0.096151601
1317401428.899887085 624.226091801 -348.878575515 -121.167861193 0.105632245 -0.093511108 0.987204117 -0.074333928
1317401429.004164934 623.592470312 -348.997896561 -121.038258446 0.108866809 -0.091230468 0.988551259 -0.050906074
1317401429.108395100 622.943545030 -349.045466282 -120.894276954 0.111914880 -0.087142761 0.989561324 -0.025486951
1317401429.212601900 622.342309732 -349.054182002 -120.746180246 0.113715223 -0.082429524 0.990086764 -0.001555872
1317401429.316785097 621.722593976 -349.070761653 -120.595866341 0.115284550 -0.078905197 0.989965387 0.021259719
1317401429.420919895 621.131169128 -349.064582066 -120.442779624 0.117273719 -0.076256789 0.989139290 0.045113647
1317401429.525032043 620.513278172 -349.015536584 -120.287331828 0.119237538 -0.073783438 0.987762529 0.068290556
1317401429.629139900 619.896269466 -348.979797061 -120.124168170 0.121056187 -0.070943020 0.985764229 0.092635700
1317401429.733252048 619.355107745 -348.836863601 -119.967678368 0.122624704 -0.067872434 0.983366671 0.115527073
1317401429.837388039 618.758834186 -348.698928555 -119.800560508 0.124400300 -0.064397235 0.980059744 0.140927144
1317401429.941524029 618.187129001 -348.542739169 -119.631097814 0.126088516 -0.060774732 0.975860329 0.167644672
1317401430.045609951 617.611810963 -348.335242694 -119.449472624 0.127902954 -0.057581695 0.971251841 0.192340961
1317401430.149672985 617.076996242 -348.136703564 -119.285141268 0.129737365 -0.054309966 0.966072219 0.216617429
1317401430.253709078 616.516298346 -347.881475688 -119.105555013 0.131227258 -0.050112903 0.960459140 0.240387904
1317401430.357700109 616.026011202 -347.603956973 -118.939697287 0.132268674 -0.045296011 0.954639730 0.262899705
1317401430.461667061 615.572976458 -347.324693420 -118.773778755 0.132736482 -0.040597949 0.948200354 0.285742753
1317401430.565609932 615.108768344 -347.018301256 -118.603079814 0.133053010 -0.036186937 0.941727611 0.306816736
1317401430.669553995 614.694428554 -346.712212238 -118.442172883 0.133644394 -0.031758591 0.934567827 0.328197417
1317401430.773497105 614.336472822 -346.396231783 -118.296533814 0.134569577 -0.027643338 0.927133478 0.348640773
1317401430.877389908 613.997815147 -346.093488568 -118.156876655 0.135284725 -0.023888706 0.919532230 0.368222556
1317401430.981286049 613.702283737 -345.791267072 -118.032078917 0.135495984 -0.020619680 0.911620613 0.387509387
1317401431.085228682 613.418796617 -345.481682929 -117.908275463 0.135115405 -0.018167552 0.902954115 0.407538505
1317401431.189171314 613.144859501 -345.211094629 -117.794589719 0.134753151 -0.015751527 0.894209555 0.426594363
1317401431.293088913 612.903925486 -344.905329105 -117.684683661 0.134608294 -0.012519431 0.884651869 0.446222973
1317401431.397032022 612.677888667 -344.546688704 -117.568113473 0.135040675 -0.009210851 0.874537887 0.465685151
1317401431.501024008 612.498332256 -344.298609033 -117.481274158 0.135580211 -0.006171322 0.863898393 0.485035553
1317401431.605037928 612.314581014 -343.957730614 -117.378429047 0.135464731 -0.004087447 0.852617740 0.504653930
1317401431.709100962 612.120172025 -343.680713156 -117.284211399 0.134529186 -0.001575952 0.839341906 0.526692111
1317401431.813213110 611.942127550 -343.331451981 -117.186357269 0.133024392 0.001403337 0.825842941 0.547983556
1317401431.917346954 611.804153061 -343.013994920 -117.104444816 0.131882102 0.005018008 0.810462429 0.570729868
1317401432.021503925 611.697467188 -342.679843638 -117.020926256 0.131036442 0.009451867 0.793835412 0.593772222
1317401432.125664949 611.667746239 -342.355012135 -116.964328997 0.130737392 0.013929834 0.776051803 0.616812203
1317401432.229800940 611.549278277 -342.036988340 -116.884421181 0.130574879 0.018705477 0.756896664 0.640084171
1317401432.333909988 611.495784354 -341.672831743 -116.810260271 0.130252496 0.023122069 0.737319897 0.662464359
1317401432.437994957 611.418090118 -341.380749992 -116.741160102 0.129099959 0.026507087 0.717748273 0.683716309
1317401432.542057037 611.424949880 -340.980872770 -116.684517050 0.127459668 0.028792537 0.696365642 0.705691091
1317401432.646121025 611.391496641 -340.697926199 -116.631465274 0.125680812 0.030842305 0.675706427 0.725723026
1317401432.750183821 611.424744596 -340.355323311 -116.593835811 0.124299307 0.033372394 0.653663508 0.745761346
1317401432.854247093 611.474935501 -340.013675340 -116.551946306 0.123787107 0.036857761 0.630398289 0.765451667
1317401432.958285093 611.545873636 -339.648135616 -116.513440166 0.123670197 0.041259266 0.606281209 0.784491205
1317401433.062275887 611.673906784 -339.276728075 -116.482699757 0.123377869 0.046188023 0.582591302 0.802017421
1317401433.166220903 611.822241017 -338.900662617 -116.454566222 0.122051343 0.050811317 0.559937894 0.817918844
1317401433.270139933 611.944213715 -338.516426235 -116.422112266 0.119248029 0.054953825 0.537107230 0.833232146
1317401433.374010086 612.123691958 -338.145109077 -116.404187808 0.116468274 0.059575348 0.514167789 0.847654059
1317401433.477807760 612.346317303 -337.774453948 -116.394897159 0.114965786 0.064020495 0.494277250 0.859287056
1317401433.581558943 612.565157437 -337.388359739 -116.380449519 0.112327281 0.068165640 0.473773199 0.870789862
1317401433.685286045 612.774513668 -336.992361562 -116.365624758 0.108533390 0.070960333 0.455152482 0.880920741
1317401433.789014101 613.000209539 -336.616865662 -116.359671682 0.103205960 0.072997021 0.437672360 0.890203836
1317401433.892751932 613.298094687 -336.238013579 -116.385697666 0.099302970 0.075803998 0.419990951 0.898888355
1317401433.996454000 613.628631298 -335.866436844 -116.413525938 0.097626177 0.079847288 0.402685880 0.906607755
1317401434.100122929 613.980412030 -335.519921454 -116.440521181 0.098425498 0.084144940 0.387511367 0.912725036
1317401434.203800917 614.308432893 -335.129682381 -116.469753608 0.097921729 0.085634766 0.372946910 0.918688535
1317401434.307455063 614.663299750 -334.753683133 -116.498225251 0.094519795 0.085696092 0.360434863 0.924017801
1317401434.411084890 615.051682511 -334.391207427 -116.552465114 0.090774784 0.084307420 0.349102597 0.928859286
1317401434.514692068 615.448924424 -334.042691060 -116.605097588 0.088724298 0.082681082 0.340797584 0.932281526
1317401434.618300915 615.864497786 -333.654603091 -116.656875086 0.089840877 0.082839807 0.333609831 0.934757008
1317401434.721955061 616.297206274 -333.295369851 -116.708457437 0.090137417 0.084532431 0.326954967 0.936925805
1317401434.825633049 616.754377148 -332.926845747 -116.763983887 0.088497271 0.085860881 0.322105152 0.938639661
1317401434.929311037 617.234238283 -332.514583359 -116.814782293 0.086294160 0.086984411 0.317462127 0.940321662
1317401435.033014059 617.722981281 -332.171365450 -116.883282877 0.084577260 0.086840000 0.314499851 0.941485712
1317401435.136742115 618.163288183 -331.801278294 -116.939148281 0.083211165 0.084583799 0.312478099 0.942485501
1317401435.240468979 618.739644324 -331.392047429 -117.010512280 0.083276824 0.079526431 0.312561401 0.942892299
1317401435.344196081 619.266396349 -330.983533777 -117.093922470 0.082726372 0.077376835 0.310839426 0.943688521
1317401435.447922945 619.818793628 -330.586997091 -117.158530416 0.082402242 0.076635069 0.310250687 0.943971106
1317401435.551696777 620.403145006 -330.111286172 -117.229424067 0.079508400 0.075887945 0.308975940 0.944697466
1317401435.655493975 621.000817657 -329.661419811 -117.285349790 0.077856182 0.075972819 0.308116307 0.945108929
1317401435.759293079 621.614547396 -329.187223585 -117.360587833 0.075185723 0.075520318 0.307553314 0.945544683
1317401435.863140106 622.195921814 -328.737510802 -117.427558336 0.074373926 0.076460025 0.306354848 0.945922349
1317401435.967010021 622.821932651 -328.249089312 -117.491993988 0.073088543 0.077503233 0.305177466 0.946318143
1317401436.070880651 623.444864208 -327.784338637 -117.564963763 0.071272607 0.078308799 0.304418695 0.946634674
1317401436.174777031 624.065399043 -327.318895255 -117.639623627 0.069752925 0.078789081 0.303314205 0.947062460
1317401436.278670073 624.688579166 -326.836246291 -117.717113439 0.069217296 0.079447963 0.302432113 0.947328773
1317401436.382515907 625.326513457 -326.377488475 -117.787703633 0.068842599 0.078858733 0.301597156 0.947671437
1317401436.486365080 625.954732588 -325.927716593 -117.875356975 0.068949295 0.077766567 0.301267719 0.947858701
1317401436.590235949 626.617717786 -325.438914018 -117.951045099 0.067589181 0.077287668 0.301112375 0.948045177
1317401436.694107056 627.246318962 -324.966744101 -118.039974549 0.066907490 0.079362041 0.300593469 0.948086821
1317401436.798002958 627.916664960 -324.485995717 -118.117016197 0.065740363 0.081959066 0.300957997 0.947831842
1317401436.901896954 628.253575486 -324.202099512 -118.156916242 0.065302127 0.083676679 0.300323854 0.947913197
1317401437.005790949 629.242649441 -323.512397637 -118.287239054 0.064724305 0.083858896 0.300634233 0.947838334
1317401437.109710932 629.901212769 -323.025478882 -118.384753220 0.065373123 0.083358036 0.299572973 0.948173943
1317401437.213606119 630.558423571 -322.568310869 -118.478196406 0.065695451 0.083018646 0.301208618 0.947663116
1317401437.317473888 631.238712401 -322.056481972 -118.569240585 0.064598092 0.083063919 0.301826258 0.947538064
1317401437.421345949 632.116706521 -321.417768309 -118.699093872 0.064340411 0.084207173 0.299894014 0.948068059
1317401437.525192976 632.783222710 -320.935050206 -118.796669983 0.065306395 0.083629924 0.300505652 0.947859411
1317401437.629039049 633.456894890 -320.447385997 -118.887126389 0.066023929 0.081862695 0.302314722 0.947388594
1317401437.732886076 634.144246132 -319.939479515 -118.981280396 0.066658882 0.082353568 0.304122075 0.946722899
1317401437.836685896 635.024257535 -319.289009755 -119.104507560 0.067156573 0.087413091 0.304454225 0.946127143
1317401437.940485954 635.919335212 -318.607532533 -119.232851632 0.069348258 0.093132559 0.303012835 0.945886022
1317401438.044307947 636.901454568 -317.911053187 -119.351776640 0.071970922 0.100434230 0.304443804 0.944482462
1317401438.148104906 637.833292183 -317.232510281 -119.509230039 0.078406626 0.106208855 0.305191813 0.943095985
1317401438.251903057 638.793877380 -316.528416603 -119.664371443 0.080320873 0.106959875 0.305406894 0.942780341
1317401438.355751991 639.706501711 -315.841704367 -119.828791578 0.085871919 0.106331416 0.305073026 0.942470208
1317401438.459598064 640.654281105 -315.142758248 -119.987810262 0.085793975 0.101521353 0.304903727 0.943062313
1317401438.563442945 641.582901924 -314.445023733 -120.162117877 0.086423363 0.097705749 0.305061313 0.943356870
1317401438.667313099 642.563184005 -313.729179614 -120.306060307 0.082938942 0.093636254 0.305512988 0.943936014
1317401438.771209002 643.479706269 -313.015109365 -120.465669836 0.083593629 0.094602258 0.305199230 0.943883440
1317401438.875128984 644.436067543 -312.307808371 -120.593798489 0.081659629 0.096770088 0.305052241 0.943880493
1317401438.979023218 645.389096077 -311.613458824 -120.744651668 0.084445650 0.100713418 0.305076669 0.943214697
1317401439.082916975 646.329896927 -310.901998871 -120.886241397 0.083010854 0.101102620 0.304528120 0.943477653
1317401439.186837912 647.257351921 -310.225256331 -121.043953728 0.085887676 0.101464159 0.304092411 0.943321863
1317401439.290756941 648.212200606 -309.509437193 -121.193031195 0.085697145 0.101861399 0.303922832 0.943351031
1317401439.394649744 649.158946300 -308.800699891 -121.350248249 0.087340153 0.102899374 0.303201127 0.943319931
1317401439.498543978 650.112965047 -308.106827711 -121.510704647 0.088140952 0.103048745 0.304030493 0.942962135
1317401439.602438927 651.040213061 -307.413759422 -121.658857000 0.089732966 0.105612174 0.303578066 0.942674080
1317401439.706335068 652.002939278 -306.694650123 -121.812310814 0.091650977 0.108843192 0.303408693 0.942176429
1317401439.810276031 652.935315423 -306.018278501 -121.975076965 0.092115660 0.109254032 0.303800698 0.941957217
1317401439.914266109 653.853089821 -305.323879860 -122.142891840 0.093588467 0.106595290 0.302983673 0.942379720
1317401440.018256903 654.780619938 -304.630110860 -122.303479535 0.092888909 0.103682982 0.301604620 0.943215852
1317401440.122201204 655.721329148 -303.936189299 -122.460180028 0.093264060 0.103944247 0.301989389 0.943026944
1317401440.226144075 656.654920327 -303.245465746 -122.606947346 0.091755038 0.105363821 0.302285831 0.942922454
1317401440.330086946 657.613649334 -302.542306881 -122.766480729 0.092236649 0.107939364 0.301836177 0.942728177
1317401440.433981895 658.521058430 -301.862179493 -122.919060137 0.091681459 0.107722399 0.301102839 0.943041609
1317401440.537851095 659.440009389 -301.177801951 -123.080619536 0.090200799 0.106242300 0.301097746 0.943353877
1317401440.641746998 660.357523437 -300.494088147 -123.228969515 0.089233961 0.106927303 0.301309166 0.943300927
1317401440.745641947 661.250207669 -299.851338263 -123.378261379 0.089129554 0.108778688 0.302447464 0.942734666
1317401440.849514008 661.987296076 -299.292081384 -123.504287321 0.088544261 0.109566989 0.302034955 0.942830777
1317401440.953408957 662.862365749 -298.646520929 -123.661980185 0.088232107 0.108782722 0.302750359 0.942721398
1317401441.057303905 663.690317339 -298.048057485 -123.803217786 0.090942045 0.109213189 0.301864428 0.942698197
1317401441.161197901 664.507276821 -297.434450237 -123.952805951 0.092981117 0.108849632 0.302410044 0.942366402
1317401441.265091896 665.345637255 -296.807346878 -124.097136273 0.091696871 0.105060417 0.301751689 0.943133029
1317401441.368984938 666.639476579 -295.856746740 -124.307776475 0.089507566 0.098932245 0.303743258 0.943366758
1317401441.472929001 666.874565009 -295.632631566 -124.365335959 0.088852417 0.098247339 0.300469812 0.944547828
1317401441.576874018 667.841649511 -294.925953917 -124.520548865 0.085461853 0.098569469 0.302302345 0.944242354
1317401441.680767059 668.966075262 -294.107464733 -124.681398746 0.078756765 0.095315409 0.305737305 0.944053518
1317401441.784661055 669.177295303 -293.891068129 -124.729681254 0.077751961 0.094944425 0.303337992 0.944947750
1317401441.888556957 670.220552678 -293.135711005 -124.882161675 0.078326430 0.096068343 0.305588787 0.944061087
1317401441.992453098 670.853106832 -292.656365944 -124.977167467 0.078504610 0.100483068 0.305791577 0.943520901
1317401442.096365929 671.790192996 -291.969824657 -125.119116265 0.079829916 0.105397608 0.305602565 0.942934569
1317401442.200308084 672.441529747 -291.491086772 -125.228510181 0.081919791 0.106161216 0.306128899 0.942498828
1317401442.304279089 673.068346180 -291.023343595 -125.352104137 0.083306136 0.101806723 0.305620194 0.943022680
1317401442.408246040 673.717928851 -290.546885759 -125.460426655 0.086332021 0.095564477 0.304662759 0.943713313
1317401442.512212992 674.320131881 -290.096230967 -125.560892162 0.084707095 0.093654877 0.304697370 0.944040775
1317401442.616180897 674.926479123 -289.621111366 -125.658754692 0.084246895 0.094891324 0.304553650 0.944004858
1317401442.720150948 675.605502006 -289.130039668 -125.749923096 0.083379844 0.097852646 0.305194983 0.943572299
1317401442.824115992 676.279890834 -288.623284231 -125.848076584 0.082009483 0.099872669 0.305404224 0.943413035
1317401442.928056002 676.874141175 -288.172114181 -125.948107554 0.082586181 0.100647191 0.304713191 0.943503862
1317401443.031979084 677.523518868 -287.702943520 -126.052801459 0.084875882 0.100149214 0.304667274 0.943368471
1317401443.135899067 678.147237624 -287.236424338 -126.157028202 0.085129845 0.100012010 0.304735586 0.943338078
1317401443.239810705 678.815474907 -286.754357192 -126.256476436 0.086584285 0.102315893 0.305132341 0.942830247
1317401443.343728781 679.441983043 -286.281494961 -126.361090420 0.088668666 0.106080431 0.304640327 0.942379478
1317401443.447673082 680.102952949 -285.793558211 -126.466653536 0.088909776 0.106382170 0.305013748 0.942201942
1317401443.551615953 680.726530266 -285.334772827 -126.589326910 0.089625298 0.106889826 0.304599756 0.942210624
1317401443.655556917 681.387244776 -284.848304197 -126.685859762 0.093495668 0.108551961 0.304727301 0.941603050
1317401443.759500027 681.969038907 -284.414065817 -126.797477651 0.096243331 0.108419249 0.304358171 0.941460882
1317401443.863443851 682.662335967 -283.923978790 -126.906110972 0.099983791 0.103532039 0.303963742 0.941748587
1317401443.967410088 683.275209432 -283.452051500 -127.016670384 0.100186669 0.102309257 0.304052238 0.941832089
1317401444.071377993 683.933600551 -282.960101797 -127.111846653 0.099637742 0.104228218 0.304241887 0.941618645
1317401444.175322056 684.564127112 -282.476491764 -127.205363874 0.099939215 0.106425579 0.304706777 0.941190485
1317401444.279263973 685.236621308 -281.983930664 -127.314838077 0.099260947 0.108133520 0.304751993 0.941052937
1317401444.383207083 685.856748582 -281.506058420 -127.425193919 0.097889862 0.108538663 0.305493882 0.940909359
1317401444.487148046 686.772919355 -280.801464223 -127.572340127 0.093320531 0.108793779 0.304691030 0.941604253
1317401444.591089010 687.700597347 -280.095724514 -127.732783837 0.091071595 0.110835968 0.304427729 0.941671445
1317401444.694984913 688.607161630 -279.420626748 -127.888888440 0.088207566 0.110838680 0.304117134 0.942044044
1317401444.798880100 689.519796443 -278.738007378 -128.054967617 0.088758125 0.110602567 0.304305596 0.941959220
1317401444.902798891 690.219876722 -278.207714579 -128.183643939 0.088990698 0.108891102 0.304931174 0.941934373
1317401445.006716967 691.106314843 -277.553827076 -128.350712717 0.088786963 0.107973683 0.304793933 0.942103613
1317401445.110658884 692.011674296 -276.869230233 -128.509367407 0.087694233 0.107219773 0.304257879 0.942465270
1317401445.214626074 692.725168780 -276.335624098 -128.627630968 0.086122250 0.107484846 0.305306893 0.942240769
1317401445.318571091 693.624711548 -275.647125771 -128.791576052 0.084318930 0.108986816 0.305161348 0.942278485
1317401445.422489882 694.511162453 -274.988619397 -128.938677702 0.083547316 0.110504516 0.304595958 0.942353384
1317401445.526408911 695.199522411 -274.463673596 -129.066265420 0.083347469 0.110570675 0.304514097 0.942389776
1317401445.630328178 696.101175586 -273.785285117 -129.230679498 0.083166036 0.109328305 0.304231993 0.942641834
1317401445.734247923 696.995853645 -273.111297233 -129.395425366 0.082972164 0.107783867 0.304118333 0.942873426
1317401445.838165998 697.884953845 -272.450452540 -129.554982772 0.083226412 0.107524565 0.304101886 0.942885929
1317401445.942061901 698.603642577 -271.908849456 -129.679104566 0.082170020 0.109118391 0.305056824 0.942486922
1317401446.045932055 699.417385865 -271.295034378 -129.821546554 0.081724642 0.114419133 0.305218206 0.941844569
1317401446.149801016 700.209502168 -270.712243613 -129.957971105 0.081258730 0.120437229 0.305897522 0.940913704
1317401446.253673077 701.009053488 -270.103020610 -130.117996671 0.082614073 0.121598254 0.306172304 0.940556909
1317401446.357542992 701.676007208 -269.605813133 -130.262177650 0.087256357 0.116678727 0.306353946 0.940701686
1317401446.461437941 702.603721372 -268.929014859 -130.448708309 0.088950724 0.107235553 0.305928697 0.941804618
1317401446.565357924 703.487972348 -268.236533590 -130.616986037 0.087756235 0.103623928 0.304025932 0.942936455
1317401446.669251919 704.416272204 -267.522750142 -130.793254050 0.083604293 0.105372753 0.304635820 0.942923073
1317401446.773121119 705.299937584 -266.832510547 -130.941625048 0.081693370 0.108938009 0.303533183 0.943040991
1317401446.877019882 706.230374403 -266.140284467 -131.097787131 0.080783383 0.114008456 0.303297134 0.942595865
1317401446.980916023 706.927716016 -265.625260691 -131.225793497 0.079653123 0.115158265 0.304635020 0.942120724
1317401447.084784031 707.819865456 -264.950079011 -131.413693610 0.079808788 0.115322132 0.304018506 0.942286640
1317401447.188677073 708.492978860 -264.462608821 -131.533303423 0.080976897 0.115395356 0.304382205 0.942060575
1317401447.292573929 709.244348430 -263.909100718 -131.686376571 0.083117179 0.115122028 0.305586295 0.941517642
1317401447.396468878 710.050000531 -263.290890152 -131.844504778 0.083589032 0.114168351 0.303760625 0.942182543
1317401447.500385046 710.746667016 -262.777052173 -131.975546158 0.084712678 0.113909447 0.304023055 0.942028865
1317401447.604304075 711.522203268 -262.206805608 -132.123553185 0.086371127 0.115254779 0.304125505 0.941681497
1317401447.708222866 712.244574974 -261.662981967 -132.254117707 0.086703915 0.117309418 0.303917640 0.941464285
1317401447.812139988 713.009742571 -261.089674454 -132.403447663 0.087117424 0.119887644 0.303596950 0.941204760
1317401447.916081905 713.704081843 -260.564104584 -132.537183970 0.087710221 0.120605203 0.303518895 0.941083196
1317401448.020047903 714.492977677 -259.962892514 -132.699082415 0.087206826 0.120171368 0.301504031 0.941832857
1317401448.123990059 715.486385247 -259.254736204 -132.895990775 0.088365619 0.116096690 0.301706165 0.942171145
1317401448.227910995 716.278756336 -258.644871676 -133.074694764 0.089796368 0.113501555 0.299680076 0.942998336
1317401448.331784964 717.009267657 -258.107446299 -133.198574401 0.090122388 0.114388103 0.300606606 0.942565110
1317401448.435632944 717.342170297 -257.853117933 -133.273459594 0.089582484 0.116391631 0.302952260 0.941619825
1317401448.539526939 718.278880643 -257.145533939 -133.435411283 0.088133083 0.120547715 0.303741666 0.940979175
1317401448.643445015 718.884706904 -256.699936469 -133.563874615 0.088576333 0.123625774 0.304061074 0.940434881
1317401448.747386932 719.564442660 -256.168055017 -133.698058316 0.088319435 0.124189694 0.305318821 0.939977135
1317401448.851331949 720.235471173 -255.648587131 -133.847865622 0.087104518 0.124195442 0.305622352 0.939991103
1317401448.955275059 720.912215733 -255.137161375 -133.982177693 0.086906138 0.123354278 0.306269777 0.939909501
1317401449.059215069 721.656488980 -254.568874829 -134.148139330 0.088115552 0.123397540 0.305443619 0.940060047
1317401449.163156986 722.375292591 -254.028902622 -134.303854639 0.087902196 0.124282194 0.305025268 0.940099317
1317401449.267124891 723.039639245 -253.513422249 -134.443977665 0.087990409 0.124227732 0.305317380 0.940003434
1317401449.371068001 723.697901038 -253.009520105 -134.584853495 0.087081602 0.122569590 0.305973402 0.940092425
1317401449.475011110 724.348876958 -252.497536653 -134.733598390 0.086386385 0.120249280 0.306739167 0.940206672
1317401449.578970909 725.186097172 -251.861924080 -134.906324146 0.086057468 0.121814033 0.305629163 0.940396867
1317401449.682913065 725.821662519 -251.372496324 -135.037782988 0.084534788 0.124624029 0.306011423 0.940042409
1317401449.786861897 726.481378583 -250.867646624 -135.171801359 0.083032343 0.125686031 0.306781265 0.939783968
1317401449.890829086 727.121699803 -250.377737790 -135.317077938 0.082326946 0.124008399 0.306618016 0.940122111
1317401449.994796991 727.739141793 -249.899881572 -135.467162731 0.084239003 0.121313904 0.306331047 0.940397797
1317401450.098763943 728.372545496 -249.413494029 -135.607799194 0.084073223 0.118811085 0.306235107 0.940763349
1317401450.202730894 729.004553197 -248.918376095 -135.738081549 0.083843931 0.118737740 0.306005615 0.940867742
1317401450.306674004 729.644205696 -248.438829196 -135.870210889 0.082940848 0.120284663 0.306079156 0.940727360
1317401450.410590887 730.269778921 -247.957758238 -135.996458278 0.082301134 0.121991288 0.306565252 0.940405442
1317401450.514509916 730.909460357 -247.472089537 -136.141109889 0.081678491 0.123689176 0.306496088 0.940260474
1317401450.618452072 731.519811626 -247.009613017 -136.270773629 0.083214215 0.123456486 0.306253380 0.940235480
1317401450.722394943 732.149764912 -246.523802775 -136.413919639 0.085264518 0.121749216 0.306406550 0.940224503
1317401450.826338053 732.778733729 -246.048314284 -136.556048977 0.085395765 0.119943335 0.306725031 0.940340850
1317401450.930282354 733.427553529 -245.554010589 -136.690847958 0.085497243 0.121088648 0.307841300 0.939819927
1317401451.034224987 734.047059316 -245.072169969 -136.807504600 0.084592714 0.123046440 0.307796034 0.939662305
1317401451.138191223 734.688635555 -244.585585126 -136.944473622 0.084876198 0.124850217 0.308129303 0.939289512
1317401451.242156982 735.314664081 -244.096818487 -137.083468495 0.083392309 0.124533546 0.308042227 0.939493004
1317401451.346122980 735.961790054 -243.608201291 -137.217288655 0.083990671 0.124205488 0.308022135 0.939489717
1317401451.450088978 736.560670587 -243.137902132 -137.347901590 0.084672426 0.123954999 0.307041539 0.939782545
1317401451.554056883 737.193402160 -242.655870303 -137.492090307 0.084541613 0.123274216 0.307265461 0.939810683
1317401451.658000946 737.826833082 -242.176001980 -137.624169466 0.086689507 0.123787803 0.307728065 0.939396055
1317401451.761941910 738.477713342 -241.673384113 -137.769693254 0.084980181 0.123348618 0.307999148 0.939521161
1317401451.865907907 739.138672762 -241.170395308 -137.911224196 0.085539887 0.122711265 0.308032084 0.939543032
1317401451.969875097 740.101824864 -240.449889485 -138.108020124 0.084305276 0.121238652 0.308314463 0.939753160
1317401452.073848009 740.650552498 -239.990270376 -138.243577301 0.083209053 0.122005831 0.307654623 0.939967799
1317401452.177789927 741.290199983 -239.502193406 -138.356849677 0.081569457 0.125327926 0.308013899 0.939556689
1317401452.281752110 741.934501857 -238.998738327 -138.503921811 0.079434206 0.127714928 0.309017300 0.939088607
1317401452.385746956 742.593271225 -238.485197405 -138.641772184 0.078213836 0.128326648 0.309360054 0.938994795
1317401452.489711761 743.229327371 -237.991054012 -138.804343126 0.078113869 0.127275662 0.309796067 0.939002410
1317401452.593672037 743.887617240 -237.464080951 -138.952497487 0.077626068 0.126348570 0.309976054 0.939108662
1317401452.697639942 744.589814192 -236.924925805 -139.118840176 0.077975819 0.125540205 0.309556731 0.939326386
1317401452.801609993 745.288048007 -236.400886839 -139.286890984 0.078519782 0.123579237 0.308918079 0.939751263
1317401452.905601025 746.256206313 -235.671318384 -139.493104538 0.079468310 0.122567456 0.308720592 0.939868928
1317401453.009593010 747.157321281 -234.958729885 -139.716651934 0.082676122 0.125330815 0.308223504 0.939390822
1317401453.113560915 747.824346297 -234.451910759 -139.834349569 0.080223566 0.127962897 0.308958040 0.939007245
1317401453.217525959 748.458548018 -233.957723945 -139.973701794 0.083265396 0.132158593 0.307818076 0.938535568
1317401453.321511030 749.105134311 -233.460157123 -140.130041108 0.083530121 0.133922335 0.308136490 0.938157466
1317401453.425477982 749.726480824 -232.973980279 -140.272956201 0.083100690 0.134147422 0.307906360 0.938238999
1317401453.529423952 750.329011260 -232.509007540 -140.422808017 0.082825214 0.133722277 0.308327072 0.938185884
1317401453.633392096 750.930218938 -232.036914388 -140.568323244 0.083070491 0.132800315 0.307681316 0.938507101
1317401453.737359762 751.559859771 -231.548012107 -140.732238436 0.083789256 0.130046248 0.307996629 0.938725418
1317401453.841326952 752.182284425 -231.067279318 -140.872467145 0.084806800 0.128794079 0.307983291 0.938811048
1317401453.945295095 752.822272610 -230.570591434 -141.028404575 0.084771410 0.128713880 0.308553115 0.938638120
1317401454.049283981 753.448271655 -230.077766187 -141.169053232 0.083522549 0.129762260 0.308250973 0.938705000
1317401454.153254032 754.086603716 -229.592828216 -141.304610109 0.082563541 0.130753727 0.308818984 0.938465535
1317401454.257199049 754.710524964 -229.109336296 -141.456644728 0.082439912 0.130137241 0.309370607 0.938380406
1317401454.361160994 755.345107794 -228.613543987 -141.607014514 0.082018088 0.128227224 0.309537195 0.938625344
1317401454.465125084 755.996195243 -228.112415104 -141.761123184 0.081942412 0.129562798 0.309610197 0.938424450
1317401454.569092035 756.635260220 -227.621734232 -141.900769136 0.081748083 0.133258164 0.309950428 0.937811412
1317401454.673058987 757.283894679 -227.112565185 -142.048679862 0.079997926 0.137454789 0.310455801 0.937189260
1317401454.777025938 757.920943351 -226.605267903 -142.196352735 0.080391507 0.139437440 0.310065468 0.936991895
1317401454.881016016 758.564964371 -226.118652956 -142.368281929 0.081628030 0.138368674 0.309692406 0.937166788
1317401454.985008240 759.173086521 -225.646611464 -142.521038976 0.084174890 0.133697110 0.309314053 0.937744361
1317401455.088974953 760.124660376 -224.933685265 -142.755404347 0.085525370 0.128217700 0.308489239 0.938658629
1317401455.192941904 760.728002805 -224.449935288 -142.900333313 0.085419374 0.126898991 0.307677404 0.939113833
1317401455.296909094 761.033152191 -224.184402452 -142.984015660 0.084066108 0.128294585 0.308161474 0.938887584
1317401455.400875092 761.896251227 -223.504535789 -143.173158464 0.081235392 0.131547799 0.307805722 0.938803294
1317401455.504817009 762.443958012 -223.068926939 -143.296128279 0.079620702 0.133637378 0.306768119 0.938986111
1317401455.608758926 763.104263357 -222.560348938 -143.457571732 0.079038391 0.132368614 0.308164972 0.938757601
1317401455.712726116 763.737326191 -222.071301969 -143.623407923 0.078772341 0.130245406 0.308134597 0.939086856
1317401455.816668987 764.373331156 -221.569761766 -143.782943827 0.079588060 0.130963849 0.308403077 0.938829992
1317401455.920613050 765.019232497 -221.076258277 -143.936467980 0.079910176 0.132806710 0.309066691 0.938325382
1317401456.024532080 765.650737286 -220.586627853 -144.087268270 0.079950010 0.133829767 0.309792131 0.937937325
1317401456.128427982 766.293062565 -220.090740452 -144.248610931 0.080915127 0.134155972 0.310494010 0.937575803
1317401456.232346058 766.929564912 -219.592046446 -144.405405784 0.082399324 0.135619871 0.310418724 0.937260806
1317401456.336263895 767.575868160 -219.080359068 -144.564344362 0.082007937 0.136738510 0.311340446 0.936826774
1317401456.440182924 768.192876100 -218.594149492 -144.715943528 0.081390614 0.136836487 0.311311318 0.936875983
1317401456.544102907 768.825466730 -218.098596684 -144.879889387 0.082790992 0.133858762 0.311952649 0.936970132
1317401456.647973061 769.425420056 -217.651548931 -145.037808543 0.086542890 0.130833048 0.312726101 0.936800634
1317401456.751821041 770.049422328 -217.153401716 -145.187516328 0.088538815 0.130833820 0.313148682 0.936472793
1317401456.855667114 770.668158279 -216.663358200 -145.332622354 0.088906009 0.132999017 0.315649189 0.935292774
1317401456.959511995 771.225279534 -216.178306543 -145.463048357 0.088958790 0.135368849 0.316016936 0.934823462
1317401457.063381910 771.867377462 -215.677570215 -145.610923049 0.088146605 0.139202782 0.317888043 0.933702283
1317401457.167253017 772.487498192 -215.161084627 -145.764438276 0.088142067 0.142069750 0.319507965 0.932717440
1317401457.271148682 773.084944171 -214.662986218 -145.922796513 0.088208761 0.140416775 0.320435614 0.932643212
1317401457.375067949 773.698477294 -214.172606835 -146.077378204 0.090223234 0.133578193 0.320252299 0.933517595
1317401457.478986979 774.284883975 -213.678883803 -146.244164863 0.089373572 0.129566092 0.319077517 0.934566494
1317401457.582906961 774.896732100 -213.176670745 -146.397774386 0.087177391 0.130450754 0.319746093 0.934422356
1317401457.686825037 775.524966858 -212.665253424 -146.541063253 0.085055303 0.134521786 0.319374049 0.934167919
1317401457.790741920 776.101075912 -212.162250857 -146.674843701 0.084879896 0.138236541 0.319313565 0.933662096
1317401457.894637108 776.719545795 -211.662506965 -146.816114163 0.083088007 0.140810211 0.319490245 0.933378193
1317401457.998507977 777.333647215 -211.149713439 -146.987402905 0.083685326 0.142298724 0.319336102 0.933151806
1317401458.102379084 777.946501772 -210.644120215 -147.140940654 0.083645523 0.140932134 0.319140022 0.933429808
1317401458.206250906 778.546930089 -210.140512560 -147.306435564 0.083922703 0.139298062 0.319218680 0.933623299
1317401458.310120106 779.155698599 -209.631132720 -147.462750939 0.083342311 0.138820370 0.319249699 0.933735826
1317401458.414015055 779.773857324 -209.120724510 -147.618658252 0.083298414 0.140437722 0.319500456 0.933412063
1317401458.517935038 780.395346433 -208.592022748 -147.772175525 0.079971282 0.142053014 0.320498809 0.933116310
1317401458.621851921 781.009361300 -208.082763984 -147.936925045 0.077264236 0.142473015 0.321290092 0.933008228
1317401458.725771666 781.623823185 -207.579914578 -148.107608558 0.077687414 0.140766897 0.322531002 0.932803891
1317401458.829689741 782.266096487 -207.071195879 -148.267588299 0.081713963 0.136990078 0.322394147 0.933069430
1317401458.933609009 783.220882061 -206.302498420 -148.521457618 0.082813633 0.134619503 0.322649940 0.933229076
1317401459.037503958 784.012048062 -205.619628076 -148.733920555 0.081958114 0.136080844 0.319577263 0.934149477
1317401459.141400099 784.872144775 -204.914125736 -148.949796344 0.082046733 0.139119165 0.319216922 0.933817299
1317401459.245318890 785.775458018 -204.173804594 -149.185652036 0.083932870 0.142818299 0.317522777 0.933668835
1317401459.349236012 786.681623870 -203.449238038 -149.415055229 0.083431886 0.144175234 0.317523323 0.933504988
1317401459.453155041 787.580386934 -202.719551251 -149.657547503 0.083559682 0.145032728 0.317051846 0.933520977
1317401459.557074070 788.479627971 -201.984546871 -149.893575447 0.085144531 0.145692038 0.317139668 0.933245236
1317401459.660991907 789.403622320 -201.237433860 -150.152768403 0.087575454 0.147917859 0.317105832 0.932681477
1317401459.764935017 790.300763894 -200.505000225 -150.388199869 0.087705349 0.149448003 0.316887293 0.932499603
1317401459.868901968 791.195384712 -199.781563297 -150.636036206 0.088774377 0.151194064 0.316892410 0.932115157
1317401459.972868919 792.072822228 -199.063846451 -150.882215859 0.088258166 0.150297994 0.316099800 0.932578107
1317401460.076836109 792.966256891 -198.335184323 -151.141837892 0.086349012 0.147872287 0.316043960 0.933163357
1317401460.180804014 793.856643432 -197.604874648 -151.394779422 0.084402537 0.145341006 0.316283281 0.933657908
1317401460.284770012 794.759660297 -196.861937944 -151.638634238 0.082742100 0.145852736 0.315801417 0.933889816
1317401460.388712883 795.663807783 -196.129977987 -151.891420545 0.081246466 0.147450992 0.315812242 0.933766483
1317401460.492655039 796.541939721 -195.415665689 -152.132436072 0.079076512 0.149620746 0.316012864 0.933539719
1317401460.596613884 797.454846832 -194.678324289 -152.385013573 0.078531216 0.151155431 0.315221950 0.933605916
1317401460.700579882 798.349495334 -193.964179095 -152.637722334 0.080848807 0.151124242 0.314900295 0.933521686
1317401460.804532051 799.175654913 -193.287278309 -152.886831317 0.080983067 0.150250339 0.314181459 0.933893243
1317401460.908473969 799.844322805 -192.743785299 -153.077153279 0.078512823 0.150076515 0.315297635 0.933755952
1317401461.012415886 800.478539916 -192.229066228 -153.258404619 0.078301296 0.153460636 0.316096137 0.932953360
1317401461.116365910 801.119734450 -191.705949316 -153.438845132 0.077484348 0.155811900 0.316122992 0.932622690
1317401461.220305920 801.687324815 -191.250919762 -153.610114480 0.076777061 0.155473476 0.316759001 0.932521859
1317401461.324265957 802.314966929 -190.730951878 -153.796448157 0.076396050 0.153287661 0.316657833 0.932949277
1317401461.428256989 802.870851151 -190.260960046 -153.974138301 0.073753546 0.150270761 0.316665880 0.933649738
1317401461.532248020 803.471659467 -189.765041186 -154.143249302 0.072344933 0.148749574 0.316691520 0.933994784
1317401461.636287928 804.053425634 -189.285818910 -154.305971228 0.071498481 0.148641025 0.316493677 0.934144296
1317401461.740375042 804.663573717 -188.773803075 -154.486679157 0.069739886 0.148378047 0.315910157 0.934516493
1317401461.844461918 805.263528115 -188.264000712 -154.655059490 0.068535903 0.150183852 0.314334604 0.934848329
1317401461.948525906 805.831646647 -187.797570521 -154.809749104 0.066027743 0.152912789 0.313091578 0.935003572
1317401462.052635908 806.191002688 -187.482597431 -154.903737573 0.064953302 0.153778163 0.312458061 0.935148815
1317401462.156773090 806.511943826 -187.217425722 -155.002476826 0.066809428 0.151905181 0.310522648 0.935968483
1317401462.260883093 806.816069246 -186.999507981 -155.093629029 0.069781961 0.149574413 0.310443857 0.936153077
1317401462.365017891 807.190662005 -186.846700910 -155.232945089 0.070997700 0.148975710 0.304118880 0.938230926
1317401462.469151020 807.501937006 -186.572226372 -155.316288084 0.071173850 0.149356817 0.302257012 0.938758501
1317401462.573236942 808.094877551 -186.061109374 -155.475877911 0.072338397 0.151590423 0.298992443 0.939356705
1317401462.677323103 808.581438605 -185.654035003 -155.610285932 0.072622338 0.154860141 0.295060923 0.940044352
1317401462.781410933 809.094263645 -185.370058220 -155.767198800 0.074246214 0.157063430 0.290508471 0.940969397
1317401462.885497093 809.460545538 -185.032965721 -155.870300005 0.074246369 0.157285760 0.286791053 0.942071950
1317401462.989583969 809.913266481 -184.719320384 -156.000118860 0.073991411 0.157258544 0.282360465 0.943433935
1317401463.093599081 810.240773486 -184.502243394 -156.098631185 0.075807108 0.157304768 0.281011423 0.943684837
1317401463.197570086 810.651570804 -184.268101407 -156.226563701 0.080151845 0.156683999 0.277873347 0.944358094
1317401463.301513910 811.141429038 -184.149351402 -156.384336067 0.086052124 0.153769902 0.274952036 0.945172591
1317401463.405428886 811.473168827 -183.912019769 -156.476851693 0.085876372 0.151842267 0.274622456 0.945595940
1317401463.509323120 811.875313383 -183.622823628 -156.606783584 0.082773047 0.150325034 0.276822682 0.945473537
1317401463.613181114 812.142837766 -183.287924103 -156.678055124 0.082619269 0.149663757 0.281481253 0.944215611
1317401463.717004061 812.524157862 -183.046621565 -156.790341044 0.086709425 0.151778965 0.283197753 0.942997166
1317401463.820813894 812.924761948 -182.851747558 -156.893609042 0.090579188 0.154898408 0.286210289 0.941214940
1317401463.924613953 813.242359566 -182.618587347 -156.974522229 0.093041643 0.156175368 0.292129274 0.938942487
1317401464.028363943 813.478129891 -182.445660034 -157.042257503 0.093033365 0.156440481 0.293489690 0.938474811
1317401464.132113934 813.766742709 -182.114334959 -157.102605546 0.092983891 0.155597570 0.301956639 0.935930329
1317401464.235863924 814.067054812 -181.925246533 -157.203262958 0.091743382 0.154094712 0.307313381 0.934556824
1317401464.339590073 814.328391409 -181.662062832 -157.264975510 0.091956885 0.152094083 0.315845349 0.932015577
1317401464.443293095 814.633418998 -181.533018953 -157.366583715 0.095232984 0.149936594 0.323709348 0.929334146
1317401464.546972990 814.955488878 -181.202566866 -157.445458774 0.100716922 0.147806895 0.334839118 0.925144307
1317401464.650625944 815.187654955 -180.909346481 -157.497859927 0.103152172 0.146931224 0.344741966 0.921370621
1317401464.754257917 815.453448317 -180.706986395 -157.576070309 0.104722409 0.146267557 0.358232792 0.916137700
1317401464.857914925 815.731920596 -180.480301763 -157.654007744 0.107301112 0.145543224 0.371557797 0.910630795
1317401464.961591959 815.909147925 -180.248481469 -157.691566354 0.109775920 0.144461329 0.386598275 0.904224500
1317401465.065291882 816.073622670 -180.055317847 -157.734539526 0.110414619 0.143449294 0.398359370 0.899188926
1317401465.169020891 816.274718589 -179.795845787 -157.779319948 0.109781576 0.140911658 0.413848365 0.892648554
1317401465.272748947 816.487793064 -179.558111866 -157.829021353 0.110934626 0.139321235 0.430158983 0.885012063
1317401465.376499891 816.656837377 -179.293148115 -157.857575302 0.113599534 0.138766046 0.443383102 0.878208720
1317401465.480273962 816.871859024 -179.098084603 -157.914936502 0.117950574 0.138542398 0.459098007 0.869553153
1317401465.584049940 817.053411865 -178.837796905 -157.953166910 0.120025328 0.137933198 0.473522909 0.861594109
1317401465.687849045 817.216072712 -178.532949050 -157.990696133 0.120935543 0.136385061 0.486855902 0.854251158
1317401465.791624308 817.354788961 -178.287240818 -158.019394491 0.121604938 0.134526466 0.502223207 0.845509739
1317401465.895399094 817.527459638 -178.002402206 -158.060170077 0.122868716 0.132920501 0.516869709 0.836708505
1317401465.999171019 817.593632413 -177.653809270 -158.050418432 0.124465699 0.132334282 0.529334618 0.828734451
1317401466.102921963 817.804141254 -177.396693415 -158.105269581 0.126850862 0.131528899 0.544674175 0.818498045
1317401466.206697941 817.910439258 -177.041208816 -158.113791006 0.129934301 0.130766814 0.560388035 0.807454251
1317401466.310471058 818.055824514 -176.767281099 -158.143770948 0.131909339 0.129768642 0.574175110 0.797548098
1317401466.414246798 818.139029566 -176.412318400 -158.146363296 0.133429768 0.127602143 0.589627777 0.786290833
1317401466.518023968 818.239688884 -176.033951350 -158.155411167 0.135264079 0.124503027 0.604099470 0.775413732
1317401466.621774197 818.320062391 -175.688646305 -158.165543053 0.138278530 0.121646181 0.619006877 0.763486569
1317401466.725500107 818.440471928 -175.309026991 -158.185025640 0.142267903 0.119178007 0.633876567 0.750837495
1317401466.829251051 818.480403060 -174.893354514 -158.169986546 0.146578964 0.117088547 0.649315361 0.737017260
1317401466.933027029 818.550938803 -174.495368879 -158.168845001 0.149771761 0.115628003 0.664417056 0.723013527
1317401467.036801100 818.606226100 -174.103649711 -158.158718126 0.151751379 0.114186873 0.680075034 0.708117804
1317401467.140551090 818.641195188 -173.663413037 -158.137546210 0.153660006 0.112470499 0.694269585 0.694066807
1317401467.244302034 818.614114632 -173.194592419 -158.094486357 0.156447060 0.110115277 0.711147587 0.676511680
1317401467.348052025 818.622965237 -172.677290748 -158.056614216 0.159415375 0.107735590 0.727989561 0.658035698
1317401467.451778889 818.553635373 -172.163596429 -157.988907755 0.162390162 0.105601527 0.744187622 0.639267187
1317401467.555505991 818.506997691 -171.686284629 -157.939713158 0.165917511 0.103613374 0.759642502 0.620224893
1317401467.659256935 818.414350828 -171.173471266 -157.866555158 0.169575151 0.100902714 0.775139958 0.600184101
1317401467.763031960 818.313776653 -170.678544591 -157.801756796 0.172239677 0.096975267 0.790606488 0.579543503
1317401467.866830111 818.148549806 -170.161626616 -157.707567327 0.174231993 0.092813856 0.805159322 0.559238113
1317401467.970702887 817.984357379 -169.638281558 -157.612757361 0.175499109 0.088657623 0.818548008 0.539739797
1317401468.074620962 817.769219247 -169.105332000 -157.494146644 0.176835797 0.084936720 0.831419281 0.519862321
1317401468.178560972 817.524380016 -168.601202431 -157.371182499 0.178191277 0.081519525 0.842109062 0.502448767
1317401468.282576084 817.267334914 -168.034525664 -157.235442605 0.179220145 0.077633716 0.852659757 0.484586921
1317401468.386663914 816.949636586 -167.511286926 -157.083936915 0.179844548 0.073713699 0.860842922 0.470288947
1317401468.490823030 816.605097474 -166.975183187 -156.919458931 0.180168448 0.069368684 0.867740395 0.457988998
1317401468.595056057 816.224810215 -166.389821785 -156.738890024 0.180588100 0.065697790 0.873588508 0.447118394
1317401468.699335098 815.825636946 -165.829278491 -156.552263257 0.180718979 0.062996935 0.878239670 0.438254627
1317401468.803637028 815.432253781 -165.235144225 -156.367830733 0.180208058 0.060414840 0.881396840 0.432451978
1317401468.907962084 814.989133410 -164.620747241 -156.156437433 0.179392407 0.058722822 0.882632517 0.430499517
1317401469.012336016 814.531874091 -163.999038471 -155.942862659 0.178791837 0.057778772 0.883197114 0.429718455
1317401469.116710901 814.094000830 -163.423954457 -155.742101195 0.178326056 0.057226219 0.882990092 0.430410821
1317401469.221038103 813.624136866 -162.786595212 -155.518528764 0.177724807 0.056866847 0.882725003 0.431250071
1317401469.325341940 813.166761900 -162.160594804 -155.306582308 0.177312755 0.056789215 0.882925177 0.431020075
1317401469.429596901 812.700970297 -161.522158872 -155.083887050 0.177752281 0.057239973 0.882676296 0.431289077
1317401469.533802986 812.240005700 -160.873339821 -154.859933085 0.180153390 0.056649917 0.882003871 0.431746123
1317401469.638009071 811.792341514 -160.240751510 -154.650100942 0.181721175 0.055623247 0.881853475 0.431529742
1317401469.742166996 811.327656047 -159.602800475 -154.432686362 0.181910890 0.055289919 0.881680375 0.431846235
1317401469.846302032 810.864508006 -158.967461144 -154.208322517 0.180818593 0.055914094 0.881800471 0.431979374
1317401469.950436115 810.405504530 -158.323973774 -153.983997979 0.179661253 0.056826997 0.881881397 0.432177890
1317401470.054522991 809.956476371 -157.693296449 -153.769563358 0.179238067 0.057576198 0.881931275 0.432152662
1317401470.158561945 809.489161237 -157.058732354 -153.545214968 0.179611882 0.057516000 0.881859078 0.432152806
1317401470.262602091 809.058092774 -156.448804140 -153.345944778 0.179497658 0.057727353 0.881951022 0.431984420
1317401470.366617918 808.571674307 -155.778730503 -153.109797440 0.179047556 0.058087802 0.882004806 0.432013082
1317401470.470609903 808.134464297 -155.166283542 -152.906762344 0.178103588 0.058502558 0.882255022 0.431836357
1317401470.574600935 807.662617717 -154.499040445 -152.674222176 0.177693168 0.059061241 0.882757056 0.430902412
1317401470.678566933 807.221782224 -153.903308191 -152.476581132 0.176973302 0.059586022 0.882813801 0.431010150
1317401470.782532215 806.740873420 -153.245408533 -152.242745150 0.176559918 0.059389567 0.883144695 0.430528655
1317401470.886497021 806.338324826 -152.682712423 -152.059963376 0.176370989 0.059609821 0.883050628 0.430768536
1317401470.990466118 805.856637024 -152.024393998 -151.832565192 0.175781323 0.058350910 0.883291126 0.430688849
1317401471.094433069 805.421046539 -151.417239388 -151.631555487 0.175781092 0.058039164 0.883151896 0.431016464
1317401471.198373079 804.966024758 -150.784762022 -151.418666484 0.175389196 0.057262137 0.883300508 0.430975510
1317401471.302318096 804.540701719 -150.195452017 -151.220838211 0.175189850 0.058501690 0.883099666 0.431301574
1317401471.406260967 804.084877718 -149.546209197 -151.001421556 0.174740838 0.059173067 0.883448062 0.430678196
1317401471.510179043 803.632453670 -148.935910622 -150.791602353 0.173918064 0.059938427 0.883620976 0.430550651
1317401471.614098072 803.161280436 -148.282466271 -150.559314874 0.173020245 0.060709439 0.884148925 0.429719720
1317401471.718017101 802.695995102 -147.674678359 -150.350321401 0.171542716 0.062071671 0.884112125 0.430192928
1317401471.821934938 802.239847830 -147.030358625 -150.126277623 0.169438050 0.062200151 0.884821766 0.429548985
1317401471.925854921 801.799286580 -146.440956008 -149.929410910 0.168044943 0.062462864 0.884971215 0.429750202
1317401472.029772997 801.318783112 -145.773514951 -149.716537399 0.167447979 0.061901438 0.884961688 0.430083942
1317401472.133691788 800.885068721 -145.209338416 -149.530727357 0.167369605 0.061188949 0.885199350 0.429727168
1317401472.237587929 800.411337867 -144.568820789 -149.320554432 0.167372787 0.060582336 0.885176811 0.429858284
1317401472.341456890 799.964521758 -143.965532527 -149.130429220 0.167248641 0.061039294 0.885238179 0.429715560
1317401472.445327759 799.499102305 -143.328590338 -148.909896490 0.167115393 0.061795932 0.885429289 0.429265281
1317401472.549175978 799.051332703 -142.701714876 -148.716641997 0.166902382 0.062255131 0.885154141 0.429848857
1317401472.652997971 798.587008357 -142.076674041 -148.504987740 0.166781529 0.061818234 0.885383873 0.429485535
1317401472.756843090 798.150485369 -141.478468562 -148.318662809 0.166710258 0.062157671 0.885392299 0.429446843
1317401472.860690832 797.669059444 -140.841354124 -148.098244609 0.166498744 0.061618279 0.885491554 0.429401983
1317401472.964490891 797.236642162 -140.238146504 -147.911197622 0.166651434 0.061944866 0.885471910 0.429336266
1317401473.068288088 796.778632463 -139.612958733 -147.703327634 0.166680343 0.062168109 0.885512668 0.429208695
1317401473.172085047 796.323762743 -138.988390061 -147.506769899 0.166563314 0.062549167 0.885365592 0.429502075
1317401473.275886059 795.856066099 -138.333394831 -147.295661452 0.165806861 0.063386838 0.885715970 0.428949197
1317401473.379708052 795.395956443 -137.736883362 -147.107325918 0.164902753 0.062516482 0.885987993 0.428863671
1317401473.483505964 794.926143725 -137.086357052 -146.892347616 0.165842146 0.062215029 0.885751263 0.429034233
1317401473.587306023 794.463846550 -136.498581039 -146.709049592 0.166236718 0.061332071 0.885690023 0.429135076
1317401473.691129923 794.000074094 -135.853549819 -146.498311792 0.165411468 0.061219678 0.885739662 0.429367498
1317401473.794930935 793.547155413 -135.234644667 -146.304166533 0.163928428 0.062446687 0.885966646 0.429291258
1317401473.898705006 793.080970949 -134.601646513 -146.094777246 0.164251671 0.062351932 0.885951199 0.429213347
1317401474.002501965 792.626421393 -133.996521222 -145.911232629 0.166060528 0.061295204 0.885566146 0.429464084
1317401474.106300116 792.164818496 -133.381749193 -145.705749039 0.167342748 0.060690380 0.885667646 0.428842517
1317401474.210100889 791.705554136 -132.767312327 -145.510383990 0.166765707 0.060760677 0.885941225 0.428492105
1317401474.313924074 791.235846030 -132.126004841 -145.291836890 0.166334789 0.061338839 0.886098084 0.428252812
1317401474.417722225 790.785681094 -131.533841886 -145.096163803 0.165959177 0.061632243 0.886022271 0.428513190
1317401474.521495104 790.323008557 -130.893624421 -144.881138621 0.165239855 0.061435062 0.886047386 0.428767481
1317401474.625267982 789.866265605 -130.282158376 -144.687161126 0.164506667 0.061544550 0.886137118 0.428848263
1317401474.729018927 789.405790018 -129.638827713 -144.473869432 0.163984135 0.061692207 0.886067647 0.429170596
1317401474.832771063 788.951126578 -129.019600031 -144.282107638 0.163780407 0.061827811 0.886270917 0.428809003
1317401474.936523914 788.482008735 -128.379944482 -144.070377549 0.163501355 0.062053948 0.886173373 0.429084336
1317401475.040272951 788.037650325 -127.771962473 -143.882933715 0.163443247 0.062346203 0.886320096 0.428760940
1317401475.144027948 787.551231289 -127.138453199 -143.666001999 0.163278369 0.062376785 0.886415963 0.428621105
1317401475.247756958 787.122563237 -126.548895198 -143.481160961 0.163388056 0.062721674 0.886646566 0.428051635
1317401475.351476908 786.646116310 -125.897234126 -143.266276803 0.163582662 0.062585384 0.886656020 0.427977668
1317401475.455178976 786.201222414 -125.305762880 -143.081617350 0.163840458 0.063191912 0.886619604 0.427865357
1317401475.558881044 785.701509364 -124.617025156 -142.851908545 0.162984607 0.063610361 0.887025085 0.427289408
1317401475.662585974 785.268261226 -124.041689072 -142.674476372 0.161285938 0.065079425 0.887001842 0.427760736
1317401475.766288042 784.798377277 -123.390877492 -142.467268889 0.159535714 0.066090895 0.887415482 0.427403922
1317401475.869988918 784.348560689 -122.793317417 -142.285504940 0.158593342 0.066555412 0.887778052 0.426929338
1317401475.973691940 783.885064749 -122.174170423 -142.096990675 0.158449632 0.066382185 0.887841187 0.426878374
1317401476.077394962 783.428720419 -121.571525473 -141.918862002 0.158712677 0.065448952 0.887947153 0.426704318
1317401476.181097984 782.953206004 -120.935718252 -141.727864092 0.159305222 0.064666283 0.887858932 0.426786404
1317401476.284800053 782.498552295 -120.339355859 -141.549997579 0.159740783 0.063788714 0.887886819 0.426697643
1317401476.388504028 782.010323233 -119.694076093 -141.344896935 0.159328637 0.063399533 0.887838420 0.427010333
1317401476.492208242 781.560326166 -119.083624015 -141.160015745 0.158759771 0.063956147 0.887760269 0.427301593
1317401476.595911026 781.086691072 -118.448396936 -140.959325495 0.158528725 0.064160991 0.888165355 0.426514142
1317401476.699635983 780.635364740 -117.848427903 -140.776566183 0.158690261 0.064157685 0.887942281 0.426918841
1317401476.803385973 780.169504396 -117.212145335 -140.580341456 0.158332869 0.062753271 0.888221380 0.426679633
1317401476.907186031 779.704553291 -116.613949290 -140.394980524 0.156954947 0.061612642 0.888332527 0.427123341
1317401477.011032104 779.218262801 -115.965936014 -140.188040618 0.155996620 0.059870722 0.888409830 0.427561136
1317401477.114928961 778.806868790 -115.419893648 -140.020205932 0.157802931 0.058144022 0.888173638 0.427627288
1317401477.218823910 778.322019440 -114.769803400 -139.806493260 0.162466691 0.054824814 0.887341934 0.428045683
1317401477.322715998 777.882480410 -114.178034815 -139.623875386 0.165702064 0.053937802 0.886971934 0.427684846
1317401477.426635027 777.210211587 -113.269682124 -139.321994289 0.165217385 0.053785972 0.887251370 0.427311702
1317401477.530529976 776.660864127 -112.541984695 -139.081822690 0.162559527 0.054944204 0.887694141 0.427264143
1317401477.634427071 775.999063649 -111.652746216 -138.778436425 0.160192084 0.055337694 0.888189850 0.427077307
1317401477.738347054 775.332609196 -110.776494515 -138.491340981 0.160253504 0.054285984 0.887988053 0.427608540
1317401477.842264175 774.659651601 -109.874699026 -138.206599131 0.160385592 0.052537229 0.887912243 0.427934751
1317401477.946206093 773.970771104 -108.954000837 -137.917115390 0.159046038 0.052848114 0.887916547 0.428387255
1317401478.050198078 773.275343799 -108.028194698 -137.608192496 0.155287739 0.054542786 0.888243798 0.428874990
1317401478.154189110 772.576404329 -107.112294893 -137.327508470 0.150855412 0.055369555 0.888577788 0.429658436
1317401478.258177996 771.971166367 -106.273667843 -137.066359828 0.147605225 0.057165479 0.887167987 0.433448691
1317401478.362190962 771.330286445 -105.421028401 -136.815298796 0.146737812 0.057113293 0.885412657 0.437321979
1317401478.466181040 770.799032474 -104.729073681 -136.619695282 0.146096026 0.055229231 0.884213723 0.440195156
1317401478.570147991 770.269262564 -103.993074478 -136.423761270 0.144594574 0.053633574 0.882309923 0.444685336
1317401478.674113989 769.599128629 -103.101024814 -136.156099984 0.143274982 0.052571754 0.880342001 0.449117414
1317401478.778081894 769.044491063 -102.311098461 -135.946230174 0.142179389 0.051666153 0.878579816 0.453004566
1317401478.882050037 768.450355176 -101.448538813 -135.714950811 0.140725197 0.050352038 0.877326619 0.456025322
1317401478.986017942 767.848813092 -100.585601923 -135.487978147 0.139294360 0.049168094 0.875710274 0.459685866
1317401479.089984655 767.218056562 -99.658074574 -135.249239515 0.138569400 0.047875923 0.874086271 0.463119432
1317401479.193974972 766.638582847 -98.777603159 -135.026174361 0.138801699 0.046710543 0.871950085 0.467177978
1317401479.297967911 766.052789414 -97.845289987 -134.792543347 0.140038039 0.046186293 0.870389035 0.469764944
1317401479.401910067 765.473025943 -96.951677952 -134.566476914 0.141042597 0.046233839 0.868289277 0.473331964
1317401479.505827188 764.889527923 -95.992220803 -134.325709115 0.140683977 0.047956844 0.867529366 0.474658781
1317401479.609721899 764.310695545 -95.040903523 -134.082579742 0.139480007 0.050361136 0.867340551 0.475109936
1317401479.713568926 763.731960318 -94.079226477 -133.850401997 0.138804305 0.051772446 0.867190515 0.475429900
1317401479.817415953 763.152060838 -93.152861202 -133.623203518 0.139163717 0.051726199 0.866858063 0.475935876
1317401479.921262026 762.604800557 -92.242764274 -133.410598807 0.139334368 0.051015012 0.867297579 0.475161354
1317401480.025110960 762.009646246 -91.283133818 -133.180415803 0.139242138 0.050960283 0.866770174 0.476155585
1317401480.128982067 761.428965487 -90.310977642 -132.948564793 0.139442019 0.050942436 0.867028101 0.475629123
1317401480.232826948 760.835324832 -89.342548762 -132.713164782 0.139494329 0.051519652 0.866891856 0.475799924
1317401480.336648941 760.244603040 -88.359176003 -132.475417033 0.139220776 0.051931507 0.866882107 0.475853031
1317401480.440496922 759.647523730 -87.374134425 -132.237386052 0.138901179 0.052365386 0.867100281 0.475501243
1317401480.544343948 759.038989728 -86.381453067 -131.993119815 0.138479087 0.053060677 0.867006437 0.475718346
1317401480.648164749 758.438101197 -85.378288714 -131.757656693 0.138203356 0.053377081 0.867141233 0.475517404
1317401480.751987934 757.827185331 -84.399224160 -131.511698500 0.137905190 0.053594434 0.867243634 0.475392759
1317401480.855838060 757.228998628 -83.405194842 -131.274883090 0.137533716 0.053860586 0.867584936 0.474847231
1317401480.959685087 756.630879100 -82.427628681 -131.038190574 0.137304052 0.054671716 0.867634860 0.474729766
1317401481.063504934 756.024196704 -81.418575628 -130.805541053 0.137327873 0.056017515 0.867441043 0.474920130
1317401481.167352915 755.423812567 -80.431113610 -130.572513952 0.136345767 0.055508212 0.867534038 0.475093005
1317401481.271199942 754.809803208 -79.437568241 -130.335847807 0.135878738 0.055265742 0.867831264 0.474712084
1317401481.375045061 754.208725191 -78.454877824 -130.101658076 0.135789899 0.054646515 0.867869391 0.474739489
1317401481.478915930 753.599944691 -77.470989626 -129.875894363 0.136505793 0.053541928 0.867505096 0.475325509
1317401481.582787991 753.005260449 -76.484706206 -129.641494562 0.136869795 0.053010686 0.867285316 0.475681308
1317401481.686657906 752.401319364 -75.493164730 -129.409038751 0.136306128 0.053449344 0.867191019 0.475965907
1317401481.790529013 751.798249632 -74.497089326 -129.170051107 0.135775913 0.054775556 0.867390554 0.475602951
1317401481.894398928 751.202326987 -73.515692972 -128.938653762 0.135476500 0.054530589 0.867565632 0.475397105
1317401481.998267889 750.584787379 -72.507587789 -128.708157067 0.135648371 0.054979356 0.867585414 0.475260285
1317401482.102140903 749.986525925 -71.512932322 -128.477383150 0.134960312 0.055540285 0.867632658 0.475304704
1317401482.206037045 749.377068256 -70.518214926 -128.243053995 0.134320667 0.055636938 0.867806827 0.475156607
1317401482.309931040 748.785917576 -69.551031910 -128.017975700 0.134622379 0.055269372 0.867837304 0.475058444
1317401482.413800955 748.215343526 -68.621276483 -127.802832793 0.134618820 0.054916938 0.867820714 0.475130626
1317401482.517671824 747.617616755 -67.639612187 -127.572350034 0.133939237 0.054992430 0.867731518 0.475476736
1317401482.621542931 747.040881725 -66.684167687 -127.353554445 0.133242649 0.055348299 0.867819290 0.475470969
1317401482.725413084 746.475093701 -65.764747184 -127.142247189 0.132723641 0.055371897 0.867937026 0.475398471
1317401482.829282999 745.892365670 -64.802738079 -126.918599620 0.132554320 0.055618758 0.867900372 0.475483806
1317401482.933155060 745.297061020 -63.836064957 -126.701064497 0.132590095 0.055445051 0.868018041 0.475279279
1317401483.037050009 744.840729652 -63.093793083 -126.530178248 0.132339432 0.055520761 0.867910896 0.475535905
1317401483.140945911 744.233670334 -62.111851478 -126.308556905 0.132511208 0.055526300 0.868087863 0.475164257
1317401483.244839907 743.657425665 -61.161527131 -126.094201855 0.133198135 0.055513974 0.867795043 0.475508379
1317401483.348758936 743.074273015 -60.201266761 -125.873642465 0.133405713 0.055389262 0.867516166 0.475973368
1317401483.452653170 742.490854043 -59.235422871 -125.655179981 0.133106841 0.056481847 0.867570920 0.475828824
1317401483.556545973 741.931324194 -58.301369281 -125.446818945 0.131678296 0.057586283 0.867757403 0.475753861
1317401483.660464048 741.398306675 -57.431723836 -125.248971250 0.129581130 0.058170709 0.868022658 0.475774700
1317401483.764384031 740.814577094 -56.469068335 -125.041890095 0.128600779 0.058370829 0.868104538 0.475866786
1317401483.868279696 740.245984599 -55.551356462 -124.840458837 0.128379364 0.057820063 0.868001794 0.476181126
1317401483.972173929 739.706560310 -54.666223351 -124.652843096 0.128789516 0.057369874 0.867983690 0.476157823
1317401484.076069117 739.160950115 -53.774005910 -124.458845722 0.128545005 0.056682561 0.867992656 0.476289846
1317401484.179939985 738.586352675 -52.834848730 -124.251747791 0.128520106 0.057607682 0.867943897 0.476274427
1317401484.283834934 738.084861085 -52.010320370 -124.077450014 0.128565176 0.057256215 0.868034193 0.476140064
1317401484.387729883 737.533863171 -51.117374484 -123.882374806 0.128177606 0.056792403 0.867848788 0.476637814
1317401484.491624117 736.956201466 -50.171478147 -123.679303330 0.127621996 0.056688058 0.868002616 0.476519201
1317401484.595566034 736.486440453 -49.392395941 -123.510717869 0.127083645 0.057419801 0.868070662 0.476451508
1317401484.699510098 735.913718174 -48.449497383 -123.315471256 0.127303510 0.057674007 0.868055102 0.476390454
1317401484.803430080 735.327820034 -47.493127806 -123.103402297 0.127764266 0.058330534 0.867752274 0.476738747
1317401484.907372952 734.780828564 -46.589184210 -122.917530444 0.127377855 0.058563206 0.867784670 0.476754653
1317401485.011338949 734.275316817 -45.761978144 -122.735787135 0.126756319 0.058872453 0.867957273 0.476567982
1317401485.115304947 733.732702584 -44.859355783 -122.549914468 0.125895790 0.058943943 0.868175610 0.476389517
1317401485.219247103 733.253095750 -44.088550268 -122.385595291 0.125402135 0.058774997 0.867575385 0.477632449
1317401485.323191881 732.693023511 -43.137581814 -122.193699116 0.125822246 0.058813791 0.867579423 0.477509838
1317401485.427134037 732.121478900 -42.220188371 -121.999851024 0.125967845 0.058518028 0.867536912 0.477585017
1317401485.531053066 731.661145606 -41.453094473 -121.835120986 0.125432661 0.058869034 0.867452099 0.477836729
1317401485.634994984 731.098280766 -40.531784838 -121.641218016 0.124460654 0.059331035 0.867482130 0.477979213
1317401485.738936901 730.655773527 -39.798930255 -121.488733735 0.124162374 0.059206536 0.867601716 0.477855159
1317401485.842856884 730.082347301 -38.856827029 -121.296945205 0.124517796 0.059368952 0.867457294 0.478004695
1317401485.946774960 729.635070556 -38.119161659 -121.143109987 0.125339031 0.058773536 0.867625406 0.477558325
1317401486.050693035 729.223528916 -37.451411221 -121.005354251 0.125771862 0.059289490 0.867608945 0.477410634
1317401486.154611111 728.648660688 -36.513782676 -120.802738455 0.125207867 0.059997222 0.867378274 0.477889374
1317401486.258506060 728.228857336 -35.809907280 -120.660053680 0.124524451 0.060775271 0.867538514 0.477678715
1317401486.362402916 727.799660029 -35.103426699 -120.508421282 0.124312447 0.061342243 0.868154167 0.476541589
1317401486.466346025 727.364618274 -34.390637889 -120.367685440 0.125516703 0.060988258 0.868438925 0.475751850
1317401486.570264101 726.931265605 -33.670357448 -120.221379725 0.126049607 0.060573755 0.868540245 0.475478874
1317401486.674160242 726.434959345 -32.871227488 -120.055397806 0.125949955 0.061332346 0.868071650 0.476263122
1317401486.778100967 725.999235122 -32.153532303 -119.906906184 0.125433649 0.061826219 0.867759585 0.476903786
1317401486.882041931 725.576188962 -31.454985411 -119.759373331 0.125371231 0.061943494 0.867907814 0.476635169
1317401486.985985041 725.157366356 -30.777579920 -119.622870392 0.125351729 0.061901556 0.868080859 0.476330519
1317401487.089951992 724.742912563 -30.092397395 -119.479690108 0.125521325 0.061866463 0.868042512 0.476360300
1317401487.193895817 724.333526847 -29.426517443 -119.341607503 0.125010040 0.062055548 0.868076989 0.476407325
1317401487.297863007 723.935432251 -28.772822243 -119.200270918 0.124860773 0.062776917 0.867779979 0.476892811
1317401487.401851892 723.537561497 -28.121736382 -119.068457532 0.124472060 0.062678514 0.867525937 0.477469223
1317401487.505867958 723.146883637 -27.479142017 -118.930023719 0.124482665 0.062796666 0.866761718 0.478836892
1317401487.609930992 722.771361678 -26.874385065 -118.805836125 0.124144372 0.063049150 0.865278488 0.481566318
1317401487.713993073 722.346260315 -26.252018057 -118.659822377 0.123089538 0.063763072 0.863516007 0.484895187
1317401487.818081141 722.052170363 -25.607189882 -118.560182562 0.121928319 0.064816730 0.860219912 0.490870633
1317401487.922168016 721.686760795 -25.025122506 -118.427679860 0.121628157 0.065825742 0.858071431 0.494557360
1317401488.026256084 721.384604974 -24.479004430 -118.330166478 0.121298183 0.066266505 0.855669970 0.498722772
1317401488.130342007 721.062087851 -23.924386192 -118.219957682 0.121886620 0.066733872 0.853135172 0.502842541
1317401488.234405041 720.866532501 -23.429201046 -118.154975624 0.122317764 0.066378400 0.850794325 0.506735917
1317401488.338466883 720.493272107 -22.832327638 -118.028318462 0.122397862 0.067133648 0.847730425 0.511727430
1317401488.442504883 720.263329795 -22.297459352 -117.943809569 0.122095692 0.068850232 0.844063593 0.517599207
1317401488.546518087 719.968485891 -21.753775230 -117.840030107 0.122099407 0.070588514 0.840415502 0.523269319
1317401488.650507927 719.759859355 -21.229822370 -117.764726394 0.122375687 0.072301088 0.837255432 0.528015232
1317401488.754476070 719.479909060 -20.697569819 -117.666265493 0.122958427 0.074187169 0.834639565 0.531746449
1317401488.858418941 719.312504646 -20.214657661 -117.606165105 0.123382294 0.075708425 0.832479227 0.534811538
1317401488.962312937 719.037867148 -19.621557807 -117.504843296 0.123897877 0.077939624 0.829789083 0.538539515
1317401489.066205978 718.781686152 -18.882541558 -117.411144177 0.124844608 0.081071863 0.828358316 0.540058958
1317401489.170125961 718.550692297 -18.369520899 -117.325516447 0.125094411 0.083614450 0.825964308 0.543270626
1317401489.274023056 718.388500132 -17.867607549 -117.265495042 0.125383902 0.085370541 0.824298053 0.545457118
1317401489.377918005 718.201316704 -17.360723371 -117.195469530 0.125486829 0.087641118 0.822269192 0.548129059
1317401489.481836081 718.075905984 -17.049146538 -117.153459030 0.125312529 0.089893223 0.818535262 0.553367873
1317401489.585777044 717.883918412 -16.504205525 -117.080136589 0.125793408 0.092086631 0.816906765 0.555301188
1317401489.689718962 717.686286308 -16.009113647 -117.008441372 0.126624549 0.093972975 0.814764029 0.557938062
1317401489.793663025 717.611136116 -15.510840019 -116.981097707 0.126432304 0.095618620 0.810618227 0.563710956
1317401489.897629023 717.417397721 -15.061070917 -116.913389935 0.126848288 0.097270572 0.808768286 0.565987462
1317401490.001596928 717.426789094 -14.572621084 -116.908347150 0.126777427 0.099225774 0.804189883 0.572154142
1317401490.105591059 717.299530703 -14.154088529 -116.861101799 0.126460711 0.101145814 0.798963446 0.579167183
1317401490.209606886 717.175274628 -13.756378512 -116.814925218 0.126496791 0.102455496 0.797866943 0.580439295
1317401490.313617945 717.058915325 -13.209070037 -116.777594234 0.125382676 0.104477015 0.791954779 0.588363295
1317401490.417632103 717.077793362 -12.886629841 -116.778812070 0.124945136 0.106384804 0.787043192 0.594671337
1317401490.521670103 716.882893569 -12.459547648 -116.710510043 0.125678586 0.107950741 0.784292368 0.597860362
1317401490.625734091 717.030580206 -12.182153854 -116.749734964 0.125803234 0.109483283 0.776960381 0.607058088
1317401490.729798079 717.098050541 -11.819732533 -116.760882642 0.124824749 0.110504489 0.767799013 0.618621221
1317401490.833884001 717.044503777 -11.371699513 -116.745656303 0.124210849 0.110790794 0.761806608 0.626057311
1317401490.937994003 716.982959869 -11.057437001 -116.723594236 0.123608802 0.111021276 0.753958319 0.635564311
1317401491.042104006 716.837707274 -10.733503308 -116.683912623 0.124003448 0.110484741 0.749796346 0.640485523
1317401491.146239996 716.796462156 -10.362544147 -116.666123627 0.123752206 0.111263377 0.742827533 0.648469821
1317401491.250421047 716.754213258 -10.001301181 -116.651806965 0.122405096 0.112568273 0.734861617 0.657513331
1317401491.354626894 716.736479362 -9.655375641 -116.639229801 0.120001958 0.115133580 0.725657982 0.667655811
1317401491.458811045 716.933698710 -9.406528237 -116.694622315 0.118022671 0.118241828 0.714147749 0.679766513
1317401491.562947989 716.828695546 -9.009935046 -116.654583425 0.117795870 0.121097541 0.706017687 0.687748896
1317401491.667033911 716.890041921 -8.798520656 -116.665688150 0.116987229 0.123548573 0.696819777 0.696772514
1317401491.771073103 716.941467992 -8.648035113 -116.688715382 0.115615667 0.123803622 0.690595020 0.703124597
1317401491.875065088 716.870159893 -8.807366686 -116.663576182 0.114421915 0.124475706 0.680139130 0.713319135
1317401491.979007959 716.941780340 -8.865837581 -116.690163165 0.114259167 0.125250997 0.674678065 0.718377714
1317401492.082878113 716.940302448 -8.562520591 -116.683115645 0.114367627 0.127453700 0.668074723 0.724121374
1317401492.186674833 716.954251630 -8.376407348 -116.688985685 0.115227518 0.127502373 0.671047982 0.721221443
1317401492.290448904 716.991610356 -8.351239842 -116.696536564 0.115317177 0.127558616 0.669814410 0.722342997
1317401492.394248962 716.907348633 -8.324765689 -116.671903647 0.115011662 0.126006226 0.671025044 0.721540116
1317401492.498096943 716.859892044 -8.339771415 -116.658777840 0.115652892 0.123242321 0.671255276 0.721700833
1317401492.601943016 716.776264907 -8.402590617 -116.635585103 0.117232316 0.121479016 0.671915408 0.721130444
1317401492.705789089 716.755486209 -8.416636271 -116.633832196 0.118104168 0.121526222 0.672927553 0.720035618
1317401492.809659958 716.773936009 -8.388199819 -116.639031701 0.117779814 0.122524414 0.671713847 0.721052141
1317401492.913531065 716.801458738 -8.444947590 -116.647137337 0.117443932 0.122690916 0.671635800 0.721151312
1317401493.017426014 716.775055116 -8.431350558 -116.638991690 0.117029539 0.122628493 0.671264585 0.721574803
1317401493.121320009 716.788163370 -8.414820182 -116.643970049 0.116714033 0.122600263 0.671124635 0.721760857
1317401493.225214005 716.780041404 -8.435390757 -116.640691597 0.116854671 0.122523268 0.671358425 0.721533714
1317401493.329158068 716.801685476 -8.450613279 -116.647706523 0.116926174 0.122547987 0.671303469 0.721569063
1317401493.433100939 716.817174298 -8.427686040 -116.653044245 0.116756580 0.122678300 0.671279621 0.721596567
1317401493.537041903 716.794935820 -8.434993208 -116.646802786 0.116796893 0.122638206 0.671288089 0.721588982
1317401493.641007900 716.778228816 -8.412365046 -116.642020109 0.116815280 0.122645453 0.671225583 0.721642917
1317401493.744998932 716.774383140 -8.405372933 -116.641592491 0.116737587 0.122726090 0.671293493 0.721578609
1317401493.848989010 716.785073320 -8.395255669 -116.642441068 0.116642138 0.122694694 0.670813705 0.722045426
1317401493.952980995 716.770019412 -8.382118534 -116.641784389 0.116789767 0.122451683 0.670800469 0.722075111
1317401494.056997061 716.749275045 -8.426822639 -116.634805510 0.117095436 0.122341688 0.670687592 0.722149102
1317401494.161010981 716.720576398 -8.580880887 -116.626088607 0.116967180 0.122388988 0.668348274 0.724327412
1317401494.265048981 716.665738337 -8.604511202 -116.609471678 0.116283550 0.122636430 0.665550237 0.726967210
1317401494.369113922 716.661467411 -8.622376363 -116.610011625 0.116181843 0.122591852 0.665482801 0.727052721
1317401494.473177910 716.692309277 -8.589721852 -116.617558637 0.116136255 0.122963272 0.664400425 0.727986593
1317401494.577238083 716.746002198 -8.564199875 -116.632084380 0.115787662 0.123109402 0.662737942 0.729531159
1317401494.681324005 716.748030175 -8.579864026 -116.633600479 0.115136064 0.122893184 0.658699489 0.733318441
1317401494.785459042 716.807111337 -8.678826047 -116.653238721 0.114646481 0.122352626 0.653672538 0.737968991
1317401494.889619112 716.700340107 -8.810900085 -116.623412943 0.114167766 0.122186978 0.647496853 0.743494377
1317401494.993776083 716.618475444 -8.901802941 -116.600308584 0.113481468 0.122467185 0.641545983 0.748693861
1317401495.097960949 716.642797842 -9.028100298 -116.604103656 0.111994089 0.123696618 0.631870161 0.756899314
1317401495.202191114 716.608966384 -9.154717177 -116.591989382 0.110487130 0.124779126 0.623904228 0.763522284
1317401495.306421041 716.593334193 -9.019538330 -116.583183038 0.108998239 0.125914998 0.615562910 0.770290271
1317401495.410605907 716.538284586 -8.949625801 -116.565540737 0.107270752 0.127167825 0.605725298 0.778086238
1317401495.514787912 716.532076882 -8.794221161 -116.562830118 0.105380163 0.128639018 0.594870213 0.786432740
1317401495.618972063 716.615315752 -8.672085552 -116.585541184 0.103693591 0.130263981 0.584484914 0.794138728
1317401495.723104954 716.810178678 -8.494677858 -116.643034566 0.102405748 0.131945598 0.575104067 0.800848759
1317401495.827191114 717.029809651 -8.450703780 -116.703976815 0.100714115 0.133769515 0.562243062 0.809842653
1317401495.931231976 717.047802216 -8.302180719 -116.705227015 0.098988855 0.134315552 0.553556957 0.815925998
1317401496.035223007 717.018430955 -7.963257193 -116.699640919 0.096401447 0.133244215 0.545337009 0.821924745
1317401496.139236927 717.162725627 -7.711657044 -116.750165996 0.093620735 0.131908279 0.536459432 0.828279326
1317401496.243321896 717.182075714 -7.334737243 -116.756672975 0.090708432 0.132355966 0.527115133 0.834507948
1317401496.347433329 717.358843316 -7.094651402 -116.810174831 0.086965307 0.133256390 0.517384234 0.840828951
1317401496.451543093 717.445504469 -6.698031638 -116.842142495 0.083876797 0.133774547 0.506045875 0.847930791
1317401496.555676937 717.537936872 -6.549571308 -116.871031439 0.081764926 0.134458276 0.492156576 0.856164338
1317401496.659858942 717.782376849 -6.006295492 -116.951916390 0.080534130 0.135231957 0.478304957 0.863973923
1317401496.764044046 718.020856520 -5.671466578 -117.025995370 0.079497688 0.135540693 0.462840937 0.872403063
1317401496.868226051 718.379977565 -5.277291553 -117.138586079 0.077391367 0.135695025 0.446345041 0.881120617
1317401496.972409964 718.541548617 -4.896604690 -117.191483975 0.074312855 0.136339833 0.429711016 0.889515313
1317401497.076545954 718.806205199 -4.578143544 -117.274760910 0.070697286 0.136642791 0.413097912 0.897597213
1317401497.180632114 718.936427038 -4.349138796 -117.320778808 0.067503247 0.137393611 0.397300161 0.904830862
1317401497.284668922 719.196522985 -4.051398246 -117.403115076 0.065460389 0.139478976 0.380922888 0.911678839
1317401497.388683081 719.689096029 -3.591624737 -117.548040839 0.064294166 0.141782501 0.368142737 0.916643283
1317401497.492650986 720.128997354 -3.170809210 -117.674651405 0.062406249 0.144182350 0.353195272 0.922263525
1317401497.596546888 720.609329989 -2.738952056 -117.824655742 0.060255042 0.146474653 0.341282143 0.926520915
1317401497.700417995 721.051691894 -2.316389050 -117.953842112 0.058657646 0.147089406 0.330532037 0.930415262
1317401497.804287910 721.447131330 -1.902044013 -118.075840655 0.057423809 0.145553762 0.321986601 0.933724391
1317401497.908158064 721.950705090 -1.484557846 -118.238758840 0.056035676 0.144602546 0.312016307 0.937334482
1317401498.012026072 722.322582975 -1.290624084 -118.356183835 0.055305496 0.144986083 0.305495561 0.939464103
1317401498.115920782 722.688581793 -1.027160250 -118.474903506 0.053702704 0.146070783 0.297788840 0.941860474
1317401498.219816923 723.283148468 -0.585503588 -118.656442686 0.052321616 0.147869180 0.292403371 0.943343746
1317401498.323713064 723.783004923 -0.193950022 -118.803747964 0.051231316 0.147909897 0.285758337 0.945431218
1317401498.427582979 724.121275257 -0.079938120 -118.911338279 0.051696148 0.145377171 0.279653497 0.947621711
1317401498.531403065 724.573382132 0.204325344 -119.053827507 0.051797987 0.143867123 0.272459705 0.949939434
1317401498.635179043 725.079571251 0.303244459 -119.209893235 0.050452927 0.144867243 0.266784752 0.951469327
1317401498.738918066 725.720442437 0.795392770 -119.403225722 0.048987880 0.146693715 0.265306828 0.951679268
1317401498.842622042 726.351236285 1.194411429 -119.591786239 0.048549993 0.148349059 0.264789617 0.951589152
1317401498.946312904 727.009659384 1.594182292 -119.788212334 0.048793736 0.148777837 0.265366724 0.951348952
1317401499.050019026 727.659212337 2.017370567 -119.992093078 0.048771242 0.149326776 0.264787857 0.951425389
1317401499.153722048 728.321548992 2.423561241 -120.194805360 0.048676493 0.149243988 0.265603475 0.951215867
1317401499.257446051 728.967386851 2.823167811 -120.398230713 0.048169968 0.148893657 0.265834256 0.951232086
1317401499.361196995 729.630208965 3.256250246 -120.600440511 0.047448287 0.149356232 0.265684786 0.951237599
1317401499.464971066 730.299240984 3.688073841 -120.812922169 0.046692775 0.150377035 0.266236111 0.950959970
1317401499.568769932 730.941512582 4.099154861 -121.015470768 0.045910169 0.151446113 0.266039206 0.950883522
1317401499.672569036 731.586901706 4.522710399 -121.214669453 0.046003825 0.152152595 0.266067080 0.950758405
