[INFO] [1789097395.493044301] [lidar_inertial_odometer]: lidar_inertial_odometer ready (point-to-plane ICP)
[INFO] [1789097395.493128136] [lidar_inertial_odometer]:   topics : lidar='/points_raw' imu='/imu_raw'
[INFO] [1789097395.493136239] [lidar_inertial_odometer]:   frames : odom -> imu_link -> velodyne
[INFO] [1789097395.493142202] [lidar_inertial_odometer]:   ring   : selection=all band=[30,63] -> 34/64 ch (dropped 0 above + 30 below)
[INFO] [1789097395.493149136] [lidar_inertial_odometer]:   normal : loam_curvature
[INFO] [1789097401.019136827] [lidar_inertial_odometer]: static TF imu_link -> velodyne : t=[0.8105 -0.3071 0.8027]
[INFO] [1789097406.091298661] [lidar_inertial_odometer]: odometer initialized (t=1317400963.391)
[lio] initialized at t=1317400963.390639 | |a|=9.844 m/s^2
[lio] t=1317400963.391 | feat 1914/8160 | map      0 | icp REJ iter  0 corr     0 rms 0.0000    0.00 ms | p=(    0.00    -0.00  -0.00) v=0.00 m/s [KF]
[lio] t=1317400963.495 | feat 2071/8160 | map    373 | icp ok  iter  3 corr  1941 rms 0.0354    7.23 ms | p=(    0.51    -0.22   0.03) v=3.62 m/s
[lio] t=1317400963.599 | feat 2381/8160 | map    373 | icp ok  iter  4 corr  2223 rms 0.0928   12.28 ms | p=(    0.92    -0.38   0.04) v=4.02 m/s
[lio] t=1317400963.703 | feat 2366/8160 | map    373 | icp ok  iter  4 corr  1981 rms 0.1458    9.34 ms | p=(    1.44    -0.63   0.08) v=4.94 m/s [KF]
[lio] t=1317400963.807 | feat 2473/8160 | map    626 | icp ok  iter  4 corr  2401 rms 0.0624   11.83 ms | p=(    1.94    -0.86   0.11) v=5.14 m/s
[lio] t=1317400963.911 | feat 2616/8160 | map    626 | icp ok  iter  5 corr  2478 rms 0.0582   16.47 ms | p=(    2.46    -1.09   0.15) v=5.42 m/s [KF]
[lio] t=1317400964.015 | feat 2822/8160 | map    798 | icp ok  iter  4 corr  2768 rms 0.0837   12.90 ms | p=(    2.97    -1.35   0.17) v=5.46 m/s
[lio] t=1317400964.119 | feat 3026/8160 | map    798 | icp ok  iter  6 corr  2936 rms 0.0705   22.22 ms | p=(    3.54    -1.59   0.21) v=5.79 m/s [KF]
[lio] t=1317400964.223 | feat 2621/8160 | map    928 | icp ok  iter  3 corr  2517 rms 0.0406    8.90 ms | p=(    4.09    -1.86   0.24) v=5.85 m/s
[lio] t=1317400964.327 | feat 2910/8160 | map    928 | icp ok  iter  4 corr  2727 rms 0.0616   13.93 ms | p=(    4.62    -2.12   0.28) v=5.80 m/s [KF]
[lio] t=1317400964.431 | feat 3415/8160 | map   1032 | icp ok  iter  3 corr  3345 rms 0.0412   11.89 ms | p=(    5.16    -2.41   0.31) v=5.91 m/s
[lio] t=1317400964.535 | feat 3451/8160 | map   1032 | icp ok  iter  5 corr  3299 rms 0.0326   19.30 ms | p=(    5.76    -2.71   0.35) v=6.27 m/s [KF]
[lio] t=1317400964.639 | feat 3469/8160 | map   1137 | icp ok  iter  3 corr  3302 rms 0.0301   13.53 ms | p=(    6.35    -3.02   0.39) v=6.39 m/s
[lio] t=1317400964.743 | feat 3315/8160 | map   1137 | icp ok  iter  4 corr  3105 rms 0.0441   17.49 ms | p=(    6.93    -3.33   0.42) v=6.40 m/s [KF]
[lio] t=1317400964.847 | feat 3443/8160 | map   1235 | icp ok  iter  5 corr  3285 rms 0.0287   20.53 ms | p=(    7.51    -3.64   0.45) v=6.47 m/s
[lio] t=1317400964.951 | feat 3545/8160 | map   1235 | icp ok  iter  3 corr  3317 rms 0.0445   12.59 ms | p=(    8.12    -3.98   0.50) v=6.66 m/s [KF]
[lio] t=1317400965.055 | feat 3721/8160 | map   1327 | icp ok  iter  5 corr  3644 rms 0.0273   22.78 ms | p=(    8.75    -4.32   0.53) v=6.86 m/s
[lio] t=1317400965.159 | feat 3683/8160 | map   1327 | icp ok  iter  4 corr  3602 rms 0.0278   16.61 ms | p=(    9.38    -4.67   0.58) v=7.00 m/s [KF]
[lio] t=1317400965.263 | feat 3502/8160 | map   1392 | icp ok  iter  3 corr  3354 rms 0.0305   13.69 ms | p=(   10.02    -5.03   0.62) v=7.11 m/s
[lio] t=1317400965.367 | feat 3436/8160 | map   1392 | icp ok  iter  3 corr  3201 rms 0.0462   13.99 ms | p=(   10.68    -5.40   0.65) v=7.29 m/s [KF]
[lio] t=1317400965.470 | feat 3664/8160 | map   1489 | icp ok  iter  4 corr  3505 rms 0.0350   16.04 ms | p=(   11.36    -5.78   0.68) v=7.48 m/s
[lio] t=1317400965.574 | feat 3755/8160 | map   1489 | icp ok  iter  4 corr  3523 rms 0.0355   20.28 ms | p=(   12.04    -6.15   0.73) v=7.54 m/s [KF]
[lio] t=1317400965.678 | feat 3912/8160 | map   1592 | icp ok  iter  3 corr  3702 rms 0.0320   15.51 ms | p=(   12.75    -6.53   0.76) v=7.75 m/s
[lio] t=1317400965.782 | feat 3495/8160 | map   1592 | icp ok  iter  3 corr  3080 rms 0.0360   12.26 ms | p=(   13.47    -6.90   0.80) v=7.84 m/s [KF]
[lio] t=1317400965.885 | feat 3612/8160 | map   1709 | icp ok  iter  3 corr  3425 rms 0.0395   14.04 ms | p=(   14.21    -7.27   0.84) v=7.96 m/s
[lio] t=1317400965.989 | feat 3646/8160 | map   1709 | icp ok  iter  3 corr  3370 rms 0.0438   12.54 ms | p=(   14.94    -7.65   0.89) v=7.97 m/s [KF]
[lio] t=1317400966.093 | feat 3373/8160 | map   1819 | icp ok  iter  4 corr  3100 rms 0.0470   16.64 ms | p=(   15.71    -8.02   0.92) v=8.10 m/s
[lio] t=1317400966.197 | feat 3314/8160 | map   1819 | icp ok  iter  3 corr  2991 rms 0.0420   12.70 ms | p=(   16.45    -8.37   0.96) v=7.95 m/s [KF]
[lio] t=1317400966.301 | feat 3466/8160 | map   1897 | icp ok  iter  3 corr  3241 rms 0.0404   10.37 ms | p=(   17.21    -8.74   1.00) v=8.03 m/s
[lio] t=1317400966.405 | feat 3710/8160 | map   1897 | icp ok  iter  3 corr  3352 rms 0.0547   14.02 ms | p=(   17.97    -9.10   1.04) v=8.02 m/s [KF]
[lio] t=1317400966.509 | feat 3739/8160 | map   1981 | icp ok  iter  3 corr  3371 rms 0.0408   13.62 ms | p=(   18.73    -9.44   1.09) v=7.97 m/s
[lio] t=1317400966.613 | feat 3915/8160 | map   1981 | icp ok  iter  4 corr  3538 rms 0.0405   19.03 ms | p=(   19.46    -9.78   1.12) v=7.80 m/s [KF]
[lio] t=1317400966.716 | feat 3705/8160 | map   2042 | icp ok  iter  4 corr  3351 rms 0.0370   17.32 ms | p=(   20.22   -10.12   1.16) v=7.92 m/s
[lio] t=1317400966.820 | feat 3944/8160 | map   2042 | icp ok  iter  4 corr  3522 rms 0.0372   17.15 ms | p=(   20.97   -10.46   1.20) v=7.86 m/s [KF]
[lio] t=1317400966.924 | feat 4301/8160 | map   2092 | icp ok  iter  3 corr  3853 rms 0.0355   15.07 ms | p=(   21.72   -10.79   1.24) v=7.84 m/s
[lio] t=1317400967.028 | feat 4561/8160 | map   2092 | icp ok  iter  4 corr  4019 rms 0.0426   20.14 ms | p=(   22.44   -11.12   1.26) v=7.64 m/s [KF]
[lio] t=1317400967.132 | feat 4103/8160 | map   2161 | icp ok  iter  4 corr  3654 rms 0.0362   17.14 ms | p=(   23.18   -11.43   1.31) v=7.58 m/s
[lio] t=1317400967.236 | feat 4166/8160 | map   2161 | icp ok  iter  4 corr  3757 rms 0.0434   18.64 ms | p=(   23.88   -11.74   1.34) v=7.39 m/s [KF]
[lio] t=1317400967.340 | feat 4062/8160 | map   2227 | icp ok  iter  3 corr  3620 rms 0.0356   13.33 ms | p=(   24.65   -12.08   1.38) v=7.72 m/s
[lio] t=1317400967.444 | feat 3485/8160 | map   2227 | icp ok  iter  5 corr  3036 rms 0.0385   18.10 ms | p=(   25.33   -12.38   1.42) v=7.27 m/s [KF]
[lio] t=1317400967.548 | feat 3806/8160 | map   2298 | icp ok  iter  4 corr  3351 rms 0.0478   16.56 ms | p=(   26.06   -12.70   1.46) v=7.42 m/s
[lio] t=1317400967.652 | feat 3706/8160 | map   2298 | icp ok  iter  4 corr  3129 rms 0.0400   15.40 ms | p=(   26.75   -13.00   1.50) v=7.16 m/s [KF]
[lio] t=1317400967.756 | feat 4099/8160 | map   2356 | icp ok  iter  4 corr  3633 rms 0.1200   21.02 ms | p=(   27.45   -13.30   1.51) v=7.12 m/s
[lio] t=1317400967.860 | feat 3839/8160 | map   2356 | icp ok  iter  6 corr  3401 rms 0.1221   28.61 ms | p=(   28.08   -13.58   1.55) v=6.72 m/s [KF]
[lio] t=1317400967.964 | feat 3967/8160 | map   2422 | icp ok  iter  3 corr  3556 rms 0.0339   14.16 ms | p=(   28.75   -13.87   1.59) v=6.76 m/s
[lio] t=1317400968.068 | feat 3995/8160 | map   2422 | icp ok  iter  3 corr  3448 rms 0.0420   12.34 ms | p=(   29.39   -14.15   1.63) v=6.64 m/s [KF]
[lio] t=1317400968.172 | feat 3974/8160 | map   2494 | icp ok  iter  4 corr  3493 rms 0.0339   20.23 ms | p=(   29.97   -14.40   1.65) v=6.19 m/s
[lio] t=1317400968.276 | feat 3803/8160 | map   2494 | icp ok  iter  4 corr  3166 rms 0.0366   17.39 ms | p=(   30.65   -14.71   1.68) v=6.70 m/s [KF]
[lio] t=1317400968.380 | feat 3820/8160 | map   2581 | icp ok  iter  5 corr  3343 rms 0.0325   20.16 ms | p=(   31.22   -14.97   1.72) v=6.15 m/s
[lio] t=1317400968.484 | feat 3877/8160 | map   2581 | icp ok  iter  4 corr  3360 rms 0.0399   16.26 ms | p=(   31.85   -15.26   1.75) v=6.33 m/s [KF]
[lio] t=1317400968.588 | feat 3959/8160 | map   2649 | icp ok  iter  5 corr  3448 rms 0.0338   19.24 ms | p=(   32.40   -15.51   1.78) v=5.89 m/s
[lio] t=1317400968.693 | feat 3814/8160 | map   2649 | icp ok  iter  4 corr  3159 rms 0.0317   16.09 ms | p=(   32.96   -15.78   1.81) v=5.81 m/s [KF]
[lio] t=1317400968.797 | feat 3390/8160 | map   2666 | icp ok  iter  3 corr  2979 rms 0.0391   10.72 ms | p=(   33.51   -16.04   1.84) v=5.73 m/s
[lio] t=1317400968.901 | feat 3057/8160 | map   2666 | icp ok  iter  5 corr  2591 rms 0.0341   16.30 ms | p=(   34.04   -16.31   1.86) v=5.63 m/s [KF]
[lio] t=1317400969.005 | feat 2805/8160 | map   2680 | icp ok  iter  3 corr  2454 rms 0.0312    8.60 ms | p=(   34.56   -16.58   1.89) v=5.50 m/s
[lio] t=1317400969.109 | feat 2830/8160 | map   2680 | icp ok  iter  3 corr  2514 rms 0.0383    9.88 ms | p=(   35.08   -16.85   1.91) v=5.48 m/s [KF]
[lio] t=1317400969.213 | feat 2886/8160 | map   2697 | icp ok  iter  4 corr  2522 rms 0.0431   11.85 ms | p=(   35.57   -17.12   1.94) v=5.32 m/s
[lio] t=1317400969.317 | feat 2701/8160 | map   2697 | icp ok  iter  3 corr  2251 rms 0.0379    8.38 ms | p=(   36.06   -17.40   1.96) v=5.27 m/s [KF]
[lio] t=1317400969.421 | feat 2841/8160 | map   2719 | icp ok  iter  3 corr  2508 rms 0.0361    9.33 ms | p=(   36.52   -17.67   1.99) v=5.13 m/s
[lio] t=1317400969.526 | feat 2762/8160 | map   2719 | icp ok  iter  3 corr  2380 rms 0.0377    7.89 ms | p=(   36.98   -17.95   2.01) v=5.06 m/s [KF]
[lio] t=1317400969.630 | feat 2867/8160 | map   2744 | icp ok  iter  3 corr  2522 rms 0.0350    9.17 ms | p=(   37.42   -18.22   2.03) v=4.88 m/s
[lio] t=1317400969.734 | feat 3128/8160 | map   2744 | icp ok  iter  4 corr  2707 rms 0.0382   12.37 ms | p=(   37.85   -18.52   2.06) v=4.86 m/s [KF]
[lio] t=1317400969.838 | feat 3026/8160 | map   2786 | icp ok  iter  3 corr  2655 rms 0.0368    9.96 ms | p=(   38.25   -18.80   2.08) v=4.67 m/s
[lio] t=1317400969.943 | feat 3340/8160 | map   2786 | icp ok  iter  3 corr  2904 rms 0.0388   11.21 ms | p=(   38.65   -19.10   2.10) v=4.63 m/s
[lio] t=1317400970.047 | feat 3458/8160 | map   2786 | icp ok  iter  5 corr  3097 rms 0.0456   20.17 ms | p=(   39.03   -19.41   2.12) v=4.56 m/s [KF]
[lio] t=1317400970.151 | feat 3217/8160 | map   2850 | icp ok  iter  4 corr  2878 rms 0.0336   14.41 ms | p=(   39.38   -19.71   2.15) v=4.42 m/s
[lio] t=1317400970.255 | feat 3466/8160 | map   2850 | icp ok  iter  4 corr  3116 rms 0.0379   15.70 ms | p=(   39.74   -20.02   2.17) v=4.36 m/s
[lio] t=1317400970.360 | feat 3537/8160 | map   2850 | icp ok  iter  4 corr  3190 rms 0.0478   15.09 ms | p=(   40.08   -20.33   2.19) v=4.32 m/s [KF]
[lio] t=1317400970.464 | feat 3489/8160 | map   2876 | icp ok  iter  3 corr  3167 rms 0.0272   12.27 ms | p=(   40.39   -20.64   2.22) v=4.15 m/s
[lio] t=1317400970.568 | feat 3753/8160 | map   2876 | icp ok  iter  3 corr  3404 rms 0.0320   11.32 ms | p=(   40.67   -20.96   2.24) v=4.04 m/s
[lio] t=1317400970.672 | feat 3660/8160 | map   2876 | icp ok  iter  3 corr  3308 rms 0.0302   14.50 ms | p=(   40.94   -21.28   2.26) v=3.90 m/s [KF]
[lio] t=1317400970.777 | feat 3606/8160 | map   2936 | icp ok  iter  4 corr  3235 rms 0.0370   14.48 ms | p=(   41.20   -21.61   2.28) v=3.86 m/s
[lio] t=1317400970.881 | feat 3555/8160 | map   2936 | icp ok  iter  3 corr  3069 rms 0.0380   11.66 ms | p=(   41.44   -21.94   2.30) v=3.83 m/s
[lio] t=1317400970.985 | feat 3616/8160 | map   2936 | icp ok  iter  3 corr  3098 rms 0.0463   11.38 ms | p=(   41.66   -22.27   2.32) v=3.76 m/s [KF]
[lio] t=1317400971.089 | feat 3666/8160 | map   3040 | icp ok  iter  3 corr  3353 rms 0.0414   12.69 ms | p=(   41.85   -22.61   2.34) v=3.69 m/s
[lio] t=1317400971.194 | feat 3505/8160 | map   3040 | icp ok  iter  4 corr  3174 rms 0.0410   14.82 ms | p=(   42.03   -22.96   2.36) v=3.72 m/s
[lio] t=1317400971.298 | feat 3524/8160 | map   3040 | icp ok  iter  4 corr  3208 rms 0.0436   15.62 ms | p=(   42.21   -23.30   2.39) v=3.62 m/s [KF]
[lio] t=1317400971.402 | feat 3295/8160 | map   3114 | icp ok  iter  3 corr  2950 rms 0.0382   12.01 ms | p=(   42.35   -23.65   2.40) v=3.60 m/s
[lio] t=1317400971.506 | feat 3485/8160 | map   3114 | icp ok  iter  3 corr  3211 rms 0.0492   13.17 ms | p=(   42.47   -24.01   2.41) v=3.57 m/s
[lio] t=1317400971.610 | feat 3536/8160 | map   3114 | icp ok  iter  3 corr  3257 rms 0.0500   14.46 ms | p=(   42.58   -24.36   2.43) v=3.51 m/s [KF]
[lio] t=1317400971.715 | feat 3410/8160 | map   3164 | icp ok  iter  4 corr  3194 rms 0.0369   14.83 ms | p=(   42.67   -24.72   2.44) v=3.51 m/s
[lio] t=1317400971.819 | feat 3380/8160 | map   3164 | icp ok  iter  3 corr  3128 rms 0.0521   12.66 ms | p=(   42.74   -25.09   2.45) v=3.62 m/s
[lio] t=1317400971.923 | feat 3260/8160 | map   3164 | icp ok  iter  4 corr  2995 rms 0.0427   14.84 ms | p=(   42.79   -25.46   2.46) v=3.68 m/s [KF]
[lio] t=1317400972.027 | feat 3614/8160 | map   3167 | icp ok  iter  3 corr  3394 rms 0.0352   14.26 ms | p=(   42.85   -25.87   2.46) v=3.88 m/s
[lio] t=1317400972.131 | feat 3830/8160 | map   3167 | icp ok  iter  3 corr  3568 rms 0.0438   15.08 ms | p=(   42.87   -26.28   2.46) v=3.99 m/s
[lio] t=1317400972.235 | feat 3390/8160 | map   3167 | icp ok  iter  3 corr  3153 rms 0.0420   14.76 ms | p=(   42.88   -26.70   2.46) v=4.10 m/s [KF]
[lio] t=1317400972.340 | feat 3724/8160 | map   3157 | icp ok  iter  3 corr  3504 rms 0.0369   13.25 ms | p=(   42.84   -27.16   2.46) v=4.41 m/s
[lio] t=1317400972.444 | feat 3415/8160 | map   3157 | icp ok  iter  5 corr  3183 rms 0.0345   19.38 ms | p=(   42.79   -27.61   2.46) v=4.46 m/s
[lio] t=1317400972.547 | feat 3538/8160 | map   3157 | icp ok  iter  4 corr  3344 rms 0.0374   15.38 ms | p=(   42.71   -28.09   2.47) v=4.73 m/s [KF]
[lio] t=1317400972.651 | feat 3678/8160 | map   3146 | icp ok  iter  3 corr  3495 rms 0.0386   13.84 ms | p=(   42.62   -28.57   2.47) v=4.83 m/s
[lio] t=1317400972.755 | feat 3696/8160 | map   3146 | icp ok  iter  4 corr  3461 rms 0.0485   18.54 ms | p=(   42.50   -29.06   2.47) v=4.95 m/s
[lio] t=1317400972.859 | feat 3638/8160 | map   3146 | icp ok  iter  4 corr  3401 rms 0.0452   16.75 ms | p=(   42.34   -29.58   2.47) v=5.26 m/s [KF]
[lio] t=1317400972.963 | feat 3645/8160 | map   3140 | icp ok  iter  5 corr  3418 rms 0.0381   21.80 ms | p=(   42.18   -30.10   2.47) v=5.35 m/s
[lio] t=1317400973.067 | feat 3704/8154 | map   3140 | icp ok  iter  4 corr  3513 rms 0.0454   19.44 ms | p=(   41.99   -30.65   2.46) v=5.65 m/s [KF]
[lio] t=1317400973.170 | feat 3694/8160 | map   3105 | icp ok  iter  4 corr  3542 rms 0.0360   17.26 ms | p=(   41.78   -31.18   2.45) v=5.68 m/s
[lio] t=1317400973.274 | feat 3980/8160 | map   3105 | icp ok  iter  4 corr  3816 rms 0.0372   20.29 ms | p=(   41.55   -31.74   2.44) v=5.88 m/s [KF]
[lio] t=1317400973.378 | feat 3947/8144 | map   3075 | icp ok  iter  4 corr  3748 rms 0.0359   18.12 ms | p=(   41.29   -32.32   2.44) v=6.20 m/s
[lio] t=1317400973.481 | feat 3799/8159 | map   3075 | icp ok  iter  5 corr  3601 rms 0.0398   25.04 ms | p=(   41.03   -32.90   2.43) v=6.31 m/s [KF]
[lio] t=1317400973.585 | feat 4045/8145 | map   3058 | icp ok  iter  4 corr  3901 rms 0.0412   20.18 ms | p=(   40.74   -33.50   2.42) v=6.49 m/s
[lio] t=1317400973.689 | feat 3834/8152 | map   3058 | icp ok  iter  3 corr  3679 rms 0.0428   13.57 ms | p=(   40.44   -34.10   2.42) v=6.62 m/s [KF]
[lio] t=1317400973.792 | feat 3889/8155 | map   3043 | icp ok  iter  5 corr  3723 rms 0.0336   23.06 ms | p=(   40.11   -34.75   2.41) v=6.96 m/s
[lio] t=1317400973.896 | feat 3912/8130 | map   3043 | icp ok  iter  4 corr  3766 rms 0.0363   19.79 ms | p=(   39.79   -35.33   2.41) v=6.75 m/s [KF]
[lio] t=1317400974.000 | feat 4301/8138 | map   3014 | icp ok  iter  5 corr  4181 rms 0.0556   26.72 ms | p=(   39.43   -35.99   2.40) v=7.18 m/s
[lio] t=1317400974.104 | feat 4321/8138 | map   3014 | icp ok  iter  4 corr  4137 rms 0.0595   21.31 ms | p=(   39.05   -36.69   2.39) v=7.58 m/s [KF]
[lio] t=1317400974.207 | feat 4304/8128 | map   3007 | icp ok  iter  4 corr  4023 rms 0.0385   20.44 ms | p=(   38.68   -37.34   2.39) v=7.45 m/s
[lio] t=1317400974.311 | feat 4192/8160 | map   3007 | icp ok  iter  5 corr  3807 rms 0.0370   24.81 ms | p=(   38.28   -38.05   2.39) v=7.78 m/s [KF]
[lio] t=1317400974.415 | feat 4399/8160 | map   3019 | icp ok  iter  3 corr  4130 rms 0.0384   18.35 ms | p=(   37.90   -38.74   2.39) v=7.78 m/s
[lio] t=1317400974.518 | feat 4297/8160 | map   3019 | icp ok  iter  5 corr  3987 rms 0.0370   25.61 ms | p=(   37.53   -39.41   2.39) v=7.61 m/s [KF]
[lio] t=1317400974.622 | feat 4192/8160 | map   3022 | icp ok  iter  4 corr  3965 rms 0.0314   17.51 ms | p=(   37.15   -40.13   2.38) v=7.75 m/s
[lio] t=1317400974.726 | feat 4341/8160 | map   3022 | icp ok  iter  4 corr  3958 rms 0.0357   18.70 ms | p=(   36.78   -40.83   2.37) v=7.75 m/s [KF]
[lio] t=1317400974.830 | feat 4344/8160 | map   3047 | icp ok  iter  4 corr  4148 rms 0.0356   20.95 ms | p=(   36.39   -41.54   2.38) v=7.75 m/s
[lio] t=1317400974.933 | feat 4562/8160 | map   3047 | icp ok  iter  5 corr  4385 rms 0.0398   27.34 ms | p=(   36.01   -42.24   2.38) v=7.75 m/s [KF]
[lio] t=1317400975.037 | feat 4629/8160 | map   3041 | icp ok  iter  5 corr  4468 rms 0.0464   27.17 ms | p=(   35.64   -42.95   2.38) v=7.75 m/s
[lio] t=1317400975.141 | feat 4604/8160 | map   3041 | icp ok  iter  4 corr  4390 rms 0.0421   22.51 ms | p=(   35.26   -43.67   2.37) v=7.78 m/s [KF]
[lio] t=1317400975.245 | feat 4309/8160 | map   3054 | icp ok  iter  4 corr  4097 rms 0.0369   18.98 ms | p=(   34.91   -44.37   2.37) v=7.64 m/s
[lio] t=1317400975.349 | feat 4081/8160 | map   3054 | icp ok  iter  4 corr  3864 rms 0.0378   17.95 ms | p=(   34.55   -45.09   2.37) v=7.74 m/s [KF]
[lio] t=1317400975.453 | feat 3881/8160 | map   3083 | icp ok  iter  5 corr  3693 rms 0.0411   22.72 ms | p=(   34.20   -45.82   2.35) v=7.81 m/s
[lio] t=1317400975.556 | feat 3660/8160 | map   3083 | icp ok  iter  5 corr  3385 rms 0.0468   19.19 ms | p=(   33.84   -46.56   2.34) v=7.87 m/s [KF]
[lio] t=1317400975.660 | feat 3674/8160 | map   3093 | icp ok  iter  4 corr  3378 rms 0.0394   16.81 ms | p=(   33.49   -47.28   2.34) v=7.77 m/s
[lio] t=1317400975.764 | feat 3723/8160 | map   3093 | icp ok  iter  4 corr  3373 rms 0.0487   16.20 ms | p=(   33.14   -48.01   2.34) v=7.81 m/s [KF]
[lio] t=1317400975.868 | feat 3481/8160 | map   3118 | icp ok  iter  3 corr  3136 rms 0.0811   13.89 ms | p=(   32.81   -48.72   2.31) v=7.68 m/s
[lio] t=1317400975.972 | feat 3633/8160 | map   3118 | icp ok  iter  4 corr  3322 rms 0.0564   17.33 ms | p=(   32.45   -49.47   2.28) v=7.92 m/s [KF]
[lio] t=1317400976.076 | feat 3495/8160 | map   3133 | icp ok  iter  4 corr  3147 rms 0.0333   14.82 ms | p=(   32.09   -50.21   2.27) v=7.97 m/s
[lio] t=1317400976.180 | feat 3590/8160 | map   3133 | icp ok  iter  3 corr  3116 rms 0.0598   12.77 ms | p=(   31.74   -50.97   2.28) v=8.01 m/s [KF]
[lio] t=1317400976.283 | feat 3502/8160 | map   3150 | icp ok  iter  4 corr  3067 rms 0.0400   13.36 ms | p=(   31.39   -51.72   2.27) v=8.01 m/s
[lio] t=1317400976.387 | feat 3500/8160 | map   3150 | icp ok  iter  4 corr  3152 rms 0.0548   16.42 ms | p=(   31.04   -52.47   2.26) v=8.06 m/s [KF]
[lio] t=1317400976.491 | feat 3516/8160 | map   3139 | icp ok  iter  4 corr  3193 rms 0.0416   15.08 ms | p=(   30.69   -53.23   2.25) v=8.13 m/s
[lio] t=1317400976.595 | feat 3665/8160 | map   3139 | icp ok  iter  4 corr  3299 rms 0.0483   15.41 ms | p=(   30.33   -54.01   2.25) v=8.26 m/s [KF]
[lio] t=1317400976.699 | feat 3522/8160 | map   3122 | icp ok  iter  4 corr  3173 rms 0.0465   13.98 ms | p=(   29.97   -54.79   2.24) v=8.31 m/s
[lio] t=1317400976.803 | feat 3556/8160 | map   3122 | icp ok  iter  4 corr  3058 rms 0.0545   15.58 ms | p=(   29.61   -55.57   2.24) v=8.34 m/s [KF]
[lio] t=1317400976.907 | feat 3448/8160 | map   3082 | icp ok  iter 12 corr  2905 rms 0.0403   45.82 ms | p=(   29.24   -56.35   2.23) v=8.40 m/s
[lio] t=1317400977.011 | feat 3573/8160 | map   3082 | icp ok  iter  4 corr  3042 rms 0.0417   14.94 ms | p=(   28.87   -57.12   2.22) v=8.35 m/s [KF]
[lio] t=1317400977.115 | feat 3694/8160 | map   3040 | icp ok  iter  3 corr  3231 rms 0.0373   11.93 ms | p=(   28.47   -57.95   2.22) v=8.69 m/s
[lio] t=1317400977.219 | feat 3822/8160 | map   3040 | icp ok  iter  4 corr  3396 rms 0.0428   17.59 ms | p=(   28.09   -58.76   2.22) v=8.75 m/s [KF]
[lio] t=1317400977.323 | feat 3465/8160 | map   3001 | icp ok  iter  4 corr  3164 rms 0.0552   16.20 ms | p=(   27.70   -59.58   2.21) v=8.82 m/s
[lio] t=1317400977.427 | feat 3639/8160 | map   3001 | icp ok  iter  3 corr  3274 rms 0.0716   14.76 ms | p=(   27.30   -60.43   2.21) v=9.01 m/s [KF]
[lio] t=1317400977.530 | feat 3467/8160 | map   2974 | icp ok  iter  5 corr  3153 rms 0.0371   18.81 ms | p=(   26.89   -61.26   2.21) v=8.99 m/s
[lio] t=1317400977.634 | feat 3201/8160 | map   2974 | icp ok  iter  4 corr  2890 rms 0.0376   14.64 ms | p=(   26.49   -62.08   2.21) v=8.93 m/s [KF]
[lio] t=1317400977.738 | feat 3392/8160 | map   2964 | icp ok  iter  3 corr  3095 rms 0.0375   11.83 ms | p=(   26.08   -62.95   2.20) v=9.22 m/s
[lio] t=1317400977.842 | feat 2829/8160 | map   2964 | icp ok  iter  4 corr  2496 rms 0.0644   12.94 ms | p=(   25.65   -63.81   2.20) v=9.33 m/s [KF]
[lio] t=1317400977.946 | feat 2876/8160 | map   2931 | icp ok  iter  5 corr  2493 rms 0.0853   15.85 ms | p=(   25.23   -64.69   2.19) v=9.46 m/s
[lio] t=1317400978.050 | feat 2821/8157 | map   2931 | icp ok  iter 12 corr  2436 rms 0.0910   36.33 ms | p=(   24.80   -65.57   2.19) v=9.50 m/s [KF]
[lio] t=1317400978.154 | feat 2556/8160 | map   2951 | icp ok  iter  6 corr  2277 rms 0.0558   17.49 ms | p=(   24.37   -66.46   2.19) v=9.56 m/s
[lio] t=1317400978.258 | feat 2651/8150 | map   2951 | icp ok  iter  6 corr  2295 rms 0.0814   19.57 ms | p=(   23.95   -67.36   2.18) v=9.62 m/s [KF]
[lio] t=1317400978.362 | feat 2698/8147 | map   3010 | icp ok  iter  3 corr  2340 rms 0.0584    9.69 ms | p=(   23.50   -68.25   2.18) v=9.67 m/s
[lio] t=1317400978.465 | feat 3160/8154 | map   3010 | icp ok  iter  4 corr  2717 rms 0.0525   15.33 ms | p=(   23.08   -69.16   2.16) v=9.71 m/s [KF]
[lio] t=1317400978.569 | feat 3204/8160 | map   3074 | icp ok  iter  4 corr  2914 rms 0.0463   13.80 ms | p=(   22.64   -70.07   2.14) v=9.83 m/s [KF]
[lio] t=1317400978.673 | feat 3408/8160 | map   3103 | icp ok  iter  3 corr  3017 rms 0.0426   12.02 ms | p=(   22.20   -71.01   2.13) v=9.99 m/s [KF]
[lio] t=1317400978.777 | feat 3644/8160 | map   3134 | icp ok  iter  5 corr  3298 rms 0.0822   21.69 ms | p=(   21.75   -71.95   2.12) v=10.08 m/s [KF]
[lio] t=1317400978.881 | feat 4065/8160 | map   3188 | icp ok  iter  4 corr  3737 rms 0.0464   19.34 ms | p=(   21.31   -72.87   2.10) v=9.95 m/s [KF]
[lio] t=1317400978.985 | feat 4204/8160 | map   3212 | icp ok  iter 12 corr  3855 rms 0.0476   64.47 ms | p=(   20.85   -73.82   2.10) v=10.19 m/s [KF]
[lio] t=1317400979.089 | feat 3871/8160 | map   3227 | icp ok  iter  4 corr  3540 rms 0.0412   16.49 ms | p=(   20.39   -74.76   2.07) v=10.16 m/s [KF]
[lio] t=1317400979.192 | feat 3901/8160 | map   3268 | icp ok  iter  3 corr  3607 rms 0.0420   13.67 ms | p=(   19.93   -75.72   2.06) v=10.25 m/s [KF]
[lio] t=1317400979.296 | feat 3473/8160 | map   3293 | icp ok  iter  3 corr  3216 rms 0.0387   11.45 ms | p=(   19.46   -76.66   2.05) v=10.22 m/s [KF]
[lio] t=1317400979.400 | feat 3406/8160 | map   3277 | icp ok  iter  4 corr  3161 rms 0.0386   18.46 ms | p=(   18.99   -77.62   2.03) v=10.23 m/s [KF]
[lio] t=1317400979.504 | feat 3217/8160 | map   3267 | icp ok  iter  4 corr  2917 rms 0.0394   15.53 ms | p=(   18.51   -78.58   2.01) v=10.36 m/s [KF]
[lio] t=1317400979.608 | feat 3032/8160 | map   3244 | icp ok  iter  4 corr  2760 rms 0.0653   12.47 ms | p=(   18.04   -79.52   1.98) v=10.21 m/s [KF]
[lio] t=1317400979.712 | feat 3247/8160 | map   3227 | icp ok  iter  4 corr  2950 rms 0.0359   12.84 ms | p=(   17.55   -80.47   1.97) v=10.24 m/s [KF]
[lio] t=1317400979.816 | feat 3437/8160 | map   3183 | icp ok  iter  5 corr  3124 rms 0.0785   19.68 ms | p=(   17.06   -81.42   1.93) v=10.31 m/s [KF]
[lio] t=1317400979.920 | feat 3575/8160 | map   3149 | icp ok  iter  3 corr  3207 rms 0.0440   12.02 ms | p=(   16.57   -82.37   1.93) v=10.30 m/s [KF]
[lio] t=1317400980.024 | feat 3744/8160 | map   3109 | icp ok  iter  5 corr  3408 rms 0.0430   20.13 ms | p=(   16.08   -83.31   1.90) v=10.28 m/s [KF]
[lio] t=1317400980.128 | feat 3512/8160 | map   3081 | icp ok  iter  4 corr  3165 rms 0.0386   15.53 ms | p=(   15.59   -84.26   1.87) v=10.27 m/s [KF]
[lio] t=1317400980.231 | feat 3294/8160 | map   3036 | icp ok  iter  4 corr  2989 rms 0.0425   14.21 ms | p=(   15.11   -85.19   1.86) v=10.20 m/s [KF]
[lio] t=1317400980.335 | feat 2847/8160 | map   2972 | icp ok  iter  3 corr  2504 rms 0.0355   10.52 ms | p=(   14.62   -86.14   1.84) v=10.28 m/s [KF]
[lio] t=1317400980.439 | feat 3057/8160 | map   2855 | icp ok  iter  5 corr  2753 rms 0.0326   16.36 ms | p=(   14.14   -87.09   1.82) v=10.28 m/s [KF]
[lio] t=1317400980.543 | feat 3128/8160 | map   2828 | icp ok  iter  5 corr  2867 rms 0.0304   16.42 ms | p=(   13.66   -88.04   1.79) v=10.28 m/s [KF]
[lio] t=1317400980.646 | feat 3406/8160 | map   2773 | icp ok  iter  3 corr  3151 rms 0.0357   12.74 ms | p=(   13.18   -88.99   1.77) v=10.30 m/s [KF]
[lio] t=1317400980.750 | feat 3126/8160 | map   2752 | icp ok  iter  3 corr  2825 rms 0.0431   10.95 ms | p=(   12.72   -89.94   1.75) v=10.21 m/s [KF]
[lio] t=1317400980.854 | feat 3293/8160 | map   2751 | icp ok  iter  3 corr  2972 rms 0.0367   11.36 ms | p=(   12.25   -90.90   1.72) v=10.29 m/s [KF]
[lio] t=1317400980.958 | feat 3313/8160 | map   2728 | icp ok  iter  4 corr  2928 rms 0.0348   14.78 ms | p=(   11.80   -91.84   1.69) v=10.17 m/s [KF]
[lio] t=1317400981.062 | feat 3228/8160 | map   2716 | icp ok  iter  4 corr  2960 rms 0.0354   13.91 ms | p=(   11.34   -92.80   1.65) v=10.25 m/s [KF]
[lio] t=1317400981.165 | feat 3289/8160 | map   2707 | icp ok  iter  4 corr  3039 rms 0.0339   14.56 ms | p=(   10.89   -93.76   1.64) v=10.23 m/s [KF]
[lio] t=1317400981.269 | feat 3378/8160 | map   2695 | icp ok  iter  4 corr  3162 rms 0.0382   16.42 ms | p=(   10.42   -94.73   1.62) v=10.36 m/s [KF]
[lio] t=1317400981.373 | feat 3161/8160 | map   2685 | icp ok  iter  3 corr  2961 rms 0.0310   11.43 ms | p=(    9.97   -95.68   1.60) v=10.24 m/s [KF]
[lio] t=1317400981.477 | feat 3571/8160 | map   2651 | icp ok  iter  4 corr  3378 rms 0.0340   15.47 ms | p=(    9.51   -96.66   1.57) v=10.36 m/s [KF]
[lio] t=1317400981.580 | feat 3281/8160 | map   2632 | icp ok  iter  4 corr  3077 rms 0.0324   13.97 ms | p=(    9.06   -97.62   1.56) v=10.35 m/s [KF]
[lio] t=1317400981.684 | feat 3210/8149 | map   2587 | icp ok  iter  3 corr  3028 rms 0.0517   11.25 ms | p=(    8.61   -98.60   1.54) v=10.40 m/s [KF]
[lio] t=1317400981.788 | feat 3075/8160 | map   2531 | icp ok  iter  4 corr  2902 rms 0.0321   13.02 ms | p=(    8.16   -99.59   1.52) v=10.45 m/s [KF]
[lio] t=1317400981.892 | feat 2989/8160 | map   2497 | icp ok  iter  4 corr  2754 rms 0.0363   14.41 ms | p=(    7.72  -100.56   1.50) v=10.36 m/s [KF]
[lio] t=1317400981.995 | feat 3409/8110 | map   2456 | icp ok  iter  4 corr  3110 rms 0.0352   16.41 ms | p=(    7.28  -101.55   1.49) v=10.42 m/s [KF]
[lio] t=1317400982.099 | feat 3176/8096 | map   2435 | icp ok  iter  5 corr  2886 rms 0.0342   16.34 ms | p=(    6.84  -102.56   1.47) v=10.55 m/s [KF]
[lio] t=1317400982.203 | feat 3143/8069 | map   2425 | icp ok  iter  4 corr  2922 rms 0.0344   14.73 ms | p=(    6.41  -103.55   1.45) v=10.49 m/s [KF]
[lio] t=1317400982.307 | feat 3252/8102 | map   2421 | icp ok  iter  4 corr  3005 rms 0.0388   16.81 ms | p=(    5.97  -104.53   1.44) v=10.41 m/s [KF]
[lio] t=1317400982.411 | feat 3654/8072 | map   2450 | icp ok  iter  4 corr  3373 rms 0.0323   13.39 ms | p=(    5.53  -105.52   1.44) v=10.48 m/s [KF]
[lio] t=1317400982.514 | feat 3588/8091 | map   2439 | icp ok  iter  3 corr  3348 rms 0.0353   12.71 ms | p=(    5.10  -106.51   1.43) v=10.44 m/s [KF]
[lio] t=1317400982.618 | feat 3655/8126 | map   2400 | icp ok  iter  4 corr  3462 rms 0.0348   16.20 ms | p=(    4.66  -107.50   1.40) v=10.40 m/s [KF]
[lio] t=1317400982.722 | feat 3475/8123 | map   2373 | icp ok  iter  4 corr  3302 rms 0.0315   15.95 ms | p=(    4.21  -108.48   1.39) v=10.39 m/s [KF]
[lio] t=1317400982.826 | feat 3412/8122 | map   2359 | icp ok  iter  4 corr  3218 rms 0.0336   14.82 ms | p=(    3.78  -109.45   1.36) v=10.33 m/s [KF]
[lio] t=1317400982.930 | feat 3445/8115 | map   2351 | icp ok  iter  4 corr  3277 rms 0.0342   14.84 ms | p=(    3.33  -110.44   1.34) v=10.39 m/s [KF]
[lio] t=1317400983.033 | feat 3324/8095 | map   2344 | icp ok  iter  6 corr  3188 rms 0.0337   21.22 ms | p=(    2.89  -111.40   1.31) v=10.28 m/s [KF]
[lio] t=1317400983.137 | feat 3217/8118 | map   2335 | icp ok  iter  3 corr  3010 rms 0.0420   11.25 ms | p=(    2.46  -112.36   1.30) v=10.17 m/s [KF]
[lio] t=1317400983.241 | feat 3428/8118 | map   2367 | icp ok  iter  6 corr  3136 rms 0.0383   22.96 ms | p=(    2.02  -113.32   1.27) v=10.14 m/s [KF]
[lio] t=1317400983.345 | feat 3437/8160 | map   2402 | icp ok  iter  4 corr  3212 rms 0.0569   16.30 ms | p=(    1.58  -114.28   1.25) v=10.17 m/s [KF]
[lio] t=1317400983.449 | feat 3410/8160 | map   2449 | icp ok  iter 12 corr  3210 rms 0.0408   42.33 ms | p=(    1.15  -115.23   1.22) v=10.11 m/s [KF]
[lio] t=1317400983.552 | feat 3449/8160 | map   2479 | icp ok  iter  5 corr  3101 rms 0.0409   19.45 ms | p=(    0.71  -116.19   1.21) v=10.12 m/s [KF]
[lio] t=1317400983.656 | feat 3218/8160 | map   2492 | icp ok  iter  5 corr  2883 rms 0.0403   16.98 ms | p=(    0.28  -117.15   1.18) v=10.14 m/s [KF]
[lio] t=1317400983.760 | feat 3749/8160 | map   2489 | icp ok  iter  4 corr  3445 rms 0.0413   16.97 ms | p=(   -0.16  -118.08   1.16) v=10.02 m/s [KF]
[lio] t=1317400983.864 | feat 3779/8160 | map   2508 | icp ok  iter  4 corr  3477 rms 0.0385   18.46 ms | p=(   -0.60  -119.03   1.14) v=10.05 m/s [KF]
[lio] t=1317400983.968 | feat 3690/8133 | map   2524 | icp ok  iter  4 corr  3407 rms 0.0415   16.94 ms | p=(   -1.04  -119.97   1.11) v=9.95 m/s [KF]
[lio] t=1317400984.071 | feat 3412/8127 | map   2546 | icp ok  iter  3 corr  3263 rms 0.0381   12.44 ms | p=(   -1.48  -120.90   1.08) v=9.89 m/s [KF]
[lio] t=1317400984.175 | feat 4200/8132 | map   2561 | icp ok  iter  4 corr  3984 rms 0.0361   18.96 ms | p=(   -1.92  -121.82   1.06) v=9.87 m/s [KF]
[lio] t=1317400984.279 | feat 4116/8117 | map   2587 | icp ok  iter  5 corr  3901 rms 0.0360   23.98 ms | p=(   -2.37  -122.75   1.01) v=9.91 m/s [KF]
[lio] t=1317400984.383 | feat 3956/8128 | map   2583 | icp ok  iter  5 corr  3707 rms 0.0405   21.82 ms | p=(   -2.81  -123.67   0.99) v=9.86 m/s [KF]
[lio] t=1317400984.487 | feat 4015/8143 | map   2582 | icp ok  iter  3 corr  3700 rms 0.0380   13.60 ms | p=(   -3.25  -124.58   0.98) v=9.81 m/s [KF]
[lio] t=1317400984.590 | feat 3598/8160 | map   2590 | icp ok  iter  3 corr  3316 rms 0.0331   14.10 ms | p=(   -3.68  -125.50   0.96) v=9.74 m/s [KF]
[lio] t=1317400984.694 | feat 4069/8160 | map   2630 | icp ok  iter  4 corr  3713 rms 0.0638   17.62 ms | p=(   -4.11  -126.42   0.92) v=9.78 m/s [KF]
[lio] t=1317400984.798 | feat 3891/8125 | map   2685 | icp ok  iter  3 corr  3644 rms 0.0385   13.77 ms | p=(   -4.53  -127.31   0.89) v=9.61 m/s
[lio] t=1317400984.902 | feat 3802/8160 | map   2685 | icp ok  iter  5 corr  3482 rms 0.0431   20.33 ms | p=(   -4.95  -128.21   0.85) v=9.55 m/s [KF]
[lio] t=1317400985.006 | feat 4192/8160 | map   2761 | icp ok  iter  5 corr  3884 rms 0.0544   24.43 ms | p=(   -5.38  -129.13   0.81) v=9.66 m/s [KF]
[lio] t=1317400985.110 | feat 3958/8154 | map   2812 | icp ok  iter  4 corr  3719 rms 0.0419   16.65 ms | p=(   -5.80  -130.02   0.76) v=9.57 m/s
[lio] t=1317400985.214 | feat 3736/8146 | map   2812 | icp ok  iter  6 corr  3443 rms 0.0429   26.43 ms | p=(   -6.21  -130.91   0.73) v=9.45 m/s [KF]
[lio] t=1317400985.317 | feat 3741/8101 | map   2849 | icp ok  iter  3 corr  3596 rms 0.0384   13.59 ms | p=(   -6.63  -131.78   0.70) v=9.37 m/s
[lio] t=1317400985.421 | feat 3499/8106 | map   2849 | icp ok  iter  4 corr  3264 rms 0.0421   18.13 ms | p=(   -7.04  -132.65   0.67) v=9.26 m/s [KF]
[lio] t=1317400985.525 | feat 3327/8091 | map   2896 | icp ok  iter  5 corr  3120 rms 0.0423   19.11 ms | p=(   -7.47  -133.54   0.64) v=9.40 m/s
[lio] t=1317400985.629 | feat 3482/8118 | map   2896 | icp ok  iter  4 corr  3091 rms 0.0421   15.98 ms | p=(   -7.87  -134.40   0.62) v=9.22 m/s [KF]
[lio] t=1317400985.733 | feat 3677/8160 | map   2997 | icp ok  iter  4 corr  3488 rms 0.0445   17.73 ms | p=(   -8.28  -135.26   0.61) v=9.13 m/s
[lio] t=1317400985.837 | feat 3875/8160 | map   2997 | icp ok  iter  4 corr  3674 rms 0.0460   20.56 ms | p=(   -8.68  -136.13   0.58) v=9.12 m/s [KF]
[lio] t=1317400985.941 | feat 3965/8160 | map   3107 | icp ok  iter  3 corr  3790 rms 0.0401   13.71 ms | p=(   -9.06  -136.93   0.55) v=8.70 m/s
[lio] t=1317400986.045 | feat 4158/8160 | map   3107 | icp ok  iter  4 corr  3904 rms 0.0495   20.26 ms | p=(   -9.43  -137.71   0.51) v=8.36 m/s [KF]
[lio] t=1317400986.149 | feat 4179/8160 | map   3198 | icp ok  iter  4 corr  3967 rms 0.0374   21.56 ms | p=(   -9.81  -138.52   0.47) v=8.43 m/s
[lio] t=1317400986.253 | feat 3975/8160 | map   3198 | icp ok  iter  4 corr  3782 rms 0.0387   17.35 ms | p=(  -10.18  -139.30   0.43) v=8.25 m/s [KF]
[lio] t=1317400986.356 | feat 4074/8160 | map   3218 | icp ok  iter  4 corr  3924 rms 0.0375   18.32 ms | p=(  -10.55  -140.08   0.40) v=8.16 m/s
[lio] t=1317400986.460 | feat 3957/8160 | map   3218 | icp ok  iter  3 corr  3696 rms 0.0372   14.31 ms | p=(  -10.92  -140.83   0.38) v=8.00 m/s [KF]
[lio] t=1317400986.564 | feat 4332/8160 | map   3225 | icp ok  iter  3 corr  3988 rms 0.0318   13.46 ms | p=(  -11.26  -141.56   0.35) v=7.74 m/s
[lio] t=1317400986.668 | feat 4070/8160 | map   3225 | icp ok  iter  4 corr  3743 rms 0.0368   17.61 ms | p=(  -11.61  -142.28   0.34) v=7.58 m/s [KF]
[lio] t=1317400986.772 | feat 4282/8160 | map   3225 | icp ok  iter  4 corr  4027 rms 0.0369   19.89 ms | p=(  -11.93  -142.98   0.33) v=7.36 m/s
[lio] t=1317400986.876 | feat 4266/8160 | map   3225 | icp ok  iter  4 corr  3982 rms 0.0369   20.41 ms | p=(  -12.24  -143.66   0.32) v=7.10 m/s [KF]
[lio] t=1317400986.980 | feat 4361/8160 | map   3229 | icp ok  iter 12 corr  4020 rms 0.0355   54.24 ms | p=(  -12.54  -144.32   0.30) v=6.83 m/s
[lio] t=1317400987.084 | feat 3785/8160 | map   3229 | icp ok  iter  3 corr  3258 rms 0.0430   12.82 ms | p=(  -12.82  -144.94   0.28) v=6.49 m/s [KF]
[lio] t=1317400987.188 | feat 3947/8160 | map   3222 | icp ok  iter  4 corr  3535 rms 0.0392   17.98 ms | p=(  -13.09  -145.54   0.26) v=6.27 m/s
[lio] t=1317400987.292 | feat 4172/8160 | map   3222 | icp ok  iter  3 corr  3768 rms 0.0557   17.13 ms | p=(  -13.33  -146.09   0.26) v=5.74 m/s [KF]
[lio] t=1317400987.396 | feat 4083/8160 | map   3240 | icp ok  iter  4 corr  3728 rms 0.0390   15.29 ms | p=(  -13.57  -146.65   0.24) v=5.64 m/s
[lio] t=1317400987.500 | feat 3983/8160 | map   3240 | icp ok  iter  3 corr  3640 rms 0.0597   13.71 ms | p=(  -13.80  -147.18   0.24) v=5.41 m/s [KF]
[lio] t=1317400987.604 | feat 4296/8160 | map   3267 | icp ok  iter  4 corr  3881 rms 0.0398   19.04 ms | p=(  -14.01  -147.68   0.23) v=5.17 m/s
[lio] t=1317400987.708 | feat 3931/8160 | map   3267 | icp ok  iter  4 corr  3346 rms 0.0393   16.75 ms | p=(  -14.22  -148.16   0.21) v=5.05 m/s [KF]
[lio] t=1317400987.812 | feat 4458/8160 | map   3364 | icp ok  iter  5 corr  3995 rms 0.0385   23.91 ms | p=(  -14.41  -148.65   0.19) v=5.04 m/s
[lio] t=1317400987.916 | feat 4709/8160 | map   3364 | icp ok  iter  4 corr  4242 rms 0.0400   18.87 ms | p=(  -14.61  -149.14   0.18) v=5.07 m/s [KF]
[lio] t=1317400988.020 | feat 4334/8160 | map   3434 | icp ok  iter  4 corr  3910 rms 0.0428   18.28 ms | p=(  -14.81  -149.62   0.16) v=5.01 m/s
[lio] t=1317400988.124 | feat 4486/8160 | map   3434 | icp ok  iter  4 corr  3984 rms 0.0449   20.79 ms | p=(  -15.00  -150.10   0.15) v=5.01 m/s [KF]
[lio] t=1317400988.228 | feat 3733/8160 | map   3457 | icp ok  iter  5 corr  3331 rms 0.0388   18.40 ms | p=(  -15.21  -150.58   0.14) v=5.01 m/s
[lio] t=1317400988.332 | feat 3838/8160 | map   3457 | icp ok  iter  4 corr  3405 rms 0.0387   16.04 ms | p=(  -15.41  -151.04   0.14) v=4.87 m/s [KF]
[lio] t=1317400988.437 | feat 3820/8145 | map   3506 | icp ok  iter  6 corr  3475 rms 0.0352   24.43 ms | p=(  -15.63  -151.51   0.13) v=4.93 m/s
[lio] t=1317400988.541 | feat 4038/8160 | map   3506 | icp ok  iter  4 corr  3645 rms 0.0374   16.40 ms | p=(  -15.82  -151.97   0.11) v=4.89 m/s [KF]
[lio] t=1317400988.645 | feat 4009/8160 | map   3537 | icp ok  iter  4 corr  3581 rms 0.0387   15.83 ms | p=(  -16.02  -152.42   0.08) v=4.76 m/s
[lio] t=1317400988.749 | feat 3838/8160 | map   3537 | icp ok  iter  3 corr  3442 rms 0.0420   13.86 ms | p=(  -16.22  -152.86   0.07) v=4.71 m/s
[lio] t=1317400988.853 | feat 3893/8143 | map   3537 | icp ok  iter  4 corr  3406 rms 0.0530   17.81 ms | p=(  -16.42  -153.32   0.05) v=4.78 m/s [KF]
[lio] t=1317400988.957 | feat 3937/8160 | map   3579 | icp ok  iter  3 corr  3517 rms 0.0344   14.63 ms | p=(  -16.63  -153.78   0.04) v=4.82 m/s
[lio] t=1317400989.061 | feat 4177/8160 | map   3579 | icp ok  iter  3 corr  3796 rms 0.0338   15.28 ms | p=(  -16.83  -154.22   0.03) v=4.78 m/s
[lio] t=1317400989.165 | feat 4366/8160 | map   3579 | icp ok  iter  3 corr  3865 rms 0.0330   13.07 ms | p=(  -17.04  -154.67   0.02) v=4.76 m/s [KF]
[lio] t=1317400989.269 | feat 4406/8160 | map   3675 | icp ok  iter  4 corr  4041 rms 0.0325   18.27 ms | p=(  -17.24  -155.12   0.00) v=4.73 m/s
[lio] t=1317400989.373 | feat 4334/8160 | map   3675 | icp ok  iter  4 corr  3949 rms 0.0338   19.36 ms | p=(  -17.44  -155.56  -0.01) v=4.67 m/s
[lio] t=1317400989.477 | feat 4473/8160 | map   3675 | icp ok  iter  3 corr  3983 rms 0.0346   16.60 ms | p=(  -17.64  -156.00  -0.03) v=4.67 m/s [KF]
[lio] t=1317400989.581 | feat 4161/8160 | map   3784 | icp ok  iter  3 corr  3856 rms 0.0282   14.04 ms | p=(  -17.84  -156.43  -0.05) v=4.60 m/s
[lio] t=1317400989.685 | feat 3976/8160 | map   3784 | icp ok  iter  5 corr  3595 rms 0.0323   20.14 ms | p=(  -18.03  -156.85  -0.07) v=4.52 m/s
[lio] t=1317400989.789 | feat 3941/8160 | map   3784 | icp ok  iter  3 corr  3613 rms 0.0321   13.90 ms | p=(  -18.23  -157.28  -0.09) v=4.46 m/s [KF]
[lio] t=1317400989.893 | feat 3829/8160 | map   3860 | icp ok  iter  5 corr  3521 rms 0.0315   20.63 ms | p=(  -18.41  -157.70  -0.10) v=4.42 m/s
[lio] t=1317400989.996 | feat 3867/8160 | map   3860 | icp ok  iter  4 corr  3575 rms 0.0344   16.90 ms | p=(  -18.59  -158.12  -0.12) v=4.39 m/s
[lio] t=1317400990.100 | feat 3888/8160 | map   3860 | icp ok  iter  5 corr  3573 rms 0.0361   22.64 ms | p=(  -18.74  -158.52  -0.14) v=4.21 m/s [KF]
[lio] t=1317400990.204 | feat 3693/8160 | map   3923 | icp ok  iter  3 corr  3440 rms 0.0433   14.63 ms | p=(  -18.90  -158.94  -0.14) v=4.21 m/s
[lio] t=1317400990.307 | feat 3776/8160 | map   3923 | icp ok  iter  4 corr  3500 rms 0.0407   17.79 ms | p=(  -19.04  -159.33  -0.15) v=4.06 m/s
[lio] t=1317400990.411 | feat 3816/8160 | map   3923 | icp ok  iter  4 corr  3524 rms 0.0477   18.26 ms | p=(  -19.15  -159.72  -0.16) v=3.97 m/s [KF]
[lio] t=1317400990.515 | feat 3599/8160 | map   3957 | icp ok  iter  4 corr  3358 rms 0.0536   16.83 ms | p=(  -19.25  -160.11  -0.18) v=3.90 m/s
[lio] t=1317400990.618 | feat 3804/8160 | map   3957 | icp ok  iter  4 corr  3559 rms 0.0456   16.42 ms | p=(  -19.33  -160.49  -0.19) v=3.82 m/s
[lio] t=1317400990.722 | feat 3711/8160 | map   3957 | icp ok  iter  3 corr  3478 rms 0.0495   12.62 ms | p=(  -19.41  -160.87  -0.20) v=3.76 m/s [KF]
[lio] t=1317400990.826 | feat 3305/8160 | map   4008 | icp ok  iter  4 corr  3075 rms 0.0408   15.31 ms | p=(  -19.46  -161.25  -0.21) v=3.70 m/s
[lio] t=1317400990.929 | feat 3474/8160 | map   4008 | icp ok  iter  4 corr  3239 rms 0.0558   16.75 ms | p=(  -19.50  -161.64  -0.22) v=3.73 m/s
[lio] t=1317400991.033 | feat 3200/8160 | map   4008 | icp ok  iter  5 corr  2950 rms 0.0617   19.43 ms | p=(  -19.51  -162.01  -0.23) v=3.63 m/s [KF]
[lio] t=1317400991.137 | feat 3273/8160 | map   4020 | icp ok  iter  5 corr  3061 rms 0.0498   19.78 ms | p=(  -19.50  -162.40  -0.25) v=3.71 m/s
[lio] t=1317400991.241 | feat 2893/8160 | map   4020 | icp ok  iter  4 corr  2696 rms 0.0595   13.69 ms | p=(  -19.48  -162.79  -0.25) v=3.82 m/s
[lio] t=1317400991.345 | feat 2822/8160 | map   4020 | icp ok  iter  4 corr  2565 rms 0.0606   14.26 ms | p=(  -19.45  -163.19  -0.26) v=3.88 m/s [KF]
[lio] t=1317400991.448 | feat 2987/8160 | map   4049 | icp ok  iter  4 corr  2754 rms 0.0394   13.19 ms | p=(  -19.40  -163.59  -0.26) v=4.00 m/s
[lio] t=1317400991.552 | feat 3264/8160 | map   4049 | icp ok  iter  4 corr  2972 rms 0.0524   17.53 ms | p=(  -19.32  -164.02  -0.27) v=4.18 m/s
[lio] t=1317400991.656 | feat 2994/8160 | map   4049 | icp ok  iter  4 corr  2701 rms 0.0794   16.62 ms | p=(  -19.24  -164.41  -0.26) v=4.03 m/s [KF]
[lio] t=1317400991.760 | feat 3078/8160 | map   4088 | icp ok  iter  4 corr  2851 rms 0.0568   14.95 ms | p=(  -19.13  -164.84  -0.26) v=4.26 m/s
[lio] t=1317400991.864 | feat 2888/8160 | map   4088 | icp ok  iter  5 corr  2605 rms 0.0686   18.92 ms | p=(  -18.99  -165.28  -0.26) v=4.42 m/s
[lio] t=1317400991.968 | feat 2891/8160 | map   4088 | icp ok  iter  4 corr  2541 rms 0.0902   13.41 ms | p=(  -18.84  -165.71  -0.27) v=4.48 m/s [KF]
[lio] t=1317400992.072 | feat 2883/8160 | map   4099 | icp ok  iter  4 corr  2626 rms 0.0455   14.99 ms | p=(  -18.70  -166.13  -0.26) v=4.46 m/s
[lio] t=1317400992.175 | feat 3131/8160 | map   4099 | icp ok  iter  4 corr  2829 rms 0.0682   16.96 ms | p=(  -18.49  -166.58  -0.26) v=4.72 m/s
[lio] t=1317400992.279 | feat 2754/8160 | map   4099 | icp ok  iter  4 corr  2492 rms 0.0631   13.76 ms | p=(  -18.28  -167.03  -0.25) v=4.85 m/s [KF]
[lio] t=1317400992.384 | feat 3071/8160 | map   4111 | icp ok  iter  5 corr  2848 rms 0.0582   19.29 ms | p=(  -18.06  -167.48  -0.26) v=4.90 m/s
[lio] t=1317400992.488 | feat 3093/8121 | map   4111 | icp ok  iter  4 corr  2818 rms 0.0441   16.00 ms | p=(  -17.82  -167.94  -0.25) v=5.02 m/s [KF]
[lio] t=1317400992.592 | feat 2923/8131 | map   4071 | icp ok  iter 12 corr  2697 rms 0.0479   47.06 ms | p=(  -17.57  -168.41  -0.24) v=5.20 m/s
[lio] t=1317400992.696 | feat 2898/8139 | map   4071 | icp ok  iter  4 corr  2629 rms 0.0559   14.14 ms | p=(  -17.31  -168.89  -0.23) v=5.34 m/s [KF]
[lio] t=1317400992.800 | feat 3180/8160 | map   4070 | icp ok  iter  4 corr  2891 rms 0.0437   14.77 ms | p=(  -17.04  -169.38  -0.22) v=5.46 m/s
[lio] t=1317400992.904 | feat 2901/8160 | map   4070 | icp ok  iter  6 corr  2524 rms 0.0465   18.87 ms | p=(  -16.70  -169.90  -0.22) v=5.83 m/s [KF]
[lio] t=1317400993.009 | feat 2976/8160 | map   4039 | icp ok  iter  5 corr  2695 rms 0.0474   17.56 ms | p=(  -16.41  -170.40  -0.22) v=5.79 m/s
[lio] t=1317400993.113 | feat 2847/8160 | map   4039 | icp ok  iter  4 corr  2513 rms 0.0566   13.95 ms | p=(  -16.08  -170.92  -0.22) v=5.95 m/s [KF]
[lio] t=1317400993.217 | feat 3052/8160 | map   4003 | icp ok  iter  4 corr  2712 rms 0.0491   16.12 ms | p=(  -15.72  -171.45  -0.21) v=6.17 m/s
[lio] t=1317400993.321 | feat 3172/8160 | map   4003 | icp ok  iter  4 corr  2760 rms 0.0465   16.36 ms | p=(  -15.36  -172.00  -0.21) v=6.36 m/s [KF]
[lio] t=1317400993.425 | feat 3295/8160 | map   3941 | icp ok  iter  4 corr  2858 rms 0.0526   15.65 ms | p=(  -15.01  -172.53  -0.22) v=6.30 m/s
[lio] t=1317400993.529 | feat 3179/8160 | map   3941 | icp ok  iter  3 corr  2671 rms 0.0949   12.67 ms | p=(  -14.61  -173.08  -0.23) v=6.53 m/s [KF]
[lio] t=1317400993.633 | feat 3228/8160 | map   3918 | icp ok  iter  4 corr  2863 rms 0.0463   16.35 ms | p=(  -14.22  -173.65  -0.22) v=6.68 m/s
[lio] t=1317400993.738 | feat 3027/8160 | map   3918 | icp ok  iter  4 corr  2640 rms 0.0359   14.13 ms | p=(  -13.80  -174.24  -0.23) v=6.95 m/s [KF]
[lio] t=1317400993.842 | feat 3185/8160 | map   3885 | icp ok  iter  5 corr  2754 rms 0.0451   17.89 ms | p=(  -13.40  -174.81  -0.21) v=6.86 m/s
[lio] t=1317400993.946 | feat 3209/8160 | map   3885 | icp ok  iter  4 corr  2720 rms 0.0423   13.45 ms | p=(  -12.95  -175.44  -0.21) v=7.30 m/s [KF]
[lio] t=1317400994.050 | feat 3028/8160 | map   3920 | icp ok  iter  4 corr  2648 rms 0.0396   14.79 ms | p=(  -12.52  -176.07  -0.20) v=7.42 m/s
[lio] t=1317400994.154 | feat 2964/8160 | map   3920 | icp ok  iter  4 corr  2579 rms 0.0503   14.14 ms | p=(  -12.07  -176.69  -0.19) v=7.49 m/s [KF]
[lio] t=1317400994.259 | feat 3191/8160 | map   3929 | icp ok  iter  4 corr  2770 rms 0.0431   14.58 ms | p=(  -11.65  -177.33  -0.19) v=7.47 m/s
[lio] t=1317400994.363 | feat 3197/8160 | map   3929 | icp ok  iter  4 corr  2779 rms 0.0467   15.89 ms | p=(  -11.19  -178.01  -0.19) v=7.81 m/s [KF]
[lio] t=1317400994.467 | feat 2990/8160 | map   3964 | icp ok  iter  4 corr  2591 rms 0.0429   14.76 ms | p=(  -10.73  -178.70  -0.18) v=7.98 m/s
[lio] t=1317400994.571 | feat 3149/8160 | map   3964 | icp ok  iter  7 corr  2740 rms 0.0468   23.45 ms | p=(  -10.26  -179.44  -0.18) v=8.33 m/s [KF]
[lio] t=1317400994.675 | feat 3189/8160 | map   4001 | icp ok  iter  4 corr  2845 rms 0.0486   13.72 ms | p=(   -9.81  -180.15  -0.18) v=8.20 m/s
[lio] t=1317400994.779 | feat 3051/8160 | map   4001 | icp ok  iter  4 corr  2585 rms 0.0376   12.63 ms | p=(   -9.35  -180.87  -0.18) v=8.28 m/s [KF]
[lio] t=1317400994.883 | feat 2922/8160 | map   4024 | icp ok  iter  3 corr  2527 rms 0.0396   10.45 ms | p=(   -8.90  -181.58  -0.19) v=8.24 m/s
[lio] t=1317400994.987 | feat 3118/8160 | map   4024 | icp ok  iter  6 corr  2651 rms 0.0415   20.49 ms | p=(   -8.45  -182.30  -0.18) v=8.21 m/s [KF]
[lio] t=1317400995.091 | feat 3560/8160 | map   4044 | icp ok  iter  5 corr  2948 rms 0.0385   17.68 ms | p=(   -8.00  -183.05  -0.17) v=8.28 m/s
[lio] t=1317400995.195 | feat 3389/8160 | map   4044 | icp ok  iter  4 corr  2861 rms 0.0480   13.03 ms | p=(   -7.56  -183.78  -0.15) v=8.20 m/s [KF]
[lio] t=1317400995.299 | feat 3318/8160 | map   4068 | icp ok  iter  4 corr  2924 rms 0.0595   15.17 ms | p=(   -7.13  -184.50  -0.16) v=8.17 m/s
[lio] t=1317400995.403 | feat 2956/8160 | map   4068 | icp ok  iter  4 corr  2492 rms 0.0460   12.95 ms | p=(   -6.68  -185.26  -0.16) v=8.34 m/s [KF]
[lio] t=1317400995.507 | feat 3063/8160 | map   4038 | icp ok  iter  7 corr  2638 rms 0.0398   22.35 ms | p=(   -6.25  -185.98  -0.15) v=8.16 m/s
[lio] t=1317400995.611 | feat 3092/8160 | map   4038 | icp ok  iter  4 corr  2605 rms 0.0440   14.63 ms | p=(   -5.79  -186.74  -0.13) v=8.41 m/s [KF]
[lio] t=1317400995.715 | feat 2998/8160 | map   4019 | icp ok  iter  4 corr  2499 rms 0.0457   13.45 ms | p=(   -5.37  -187.47  -0.12) v=8.18 m/s
[lio] t=1317400995.819 | feat 2870/8160 | map   4019 | icp ok  iter  3 corr  2401 rms 0.0575   10.40 ms | p=(   -4.96  -188.17  -0.10) v=7.95 m/s [KF]
[lio] t=1317400995.923 | feat 3159/8160 | map   3981 | icp ok  iter  4 corr  2710 rms 0.0404   12.21 ms | p=(   -4.52  -188.91  -0.10) v=8.09 m/s
[lio] t=1317400996.027 | feat 2913/8160 | map   3981 | icp ok  iter  3 corr  2504 rms 0.0398    9.71 ms | p=(   -4.10  -189.63  -0.08) v=8.06 m/s [KF]
[lio] t=1317400996.131 | feat 3341/8160 | map   3944 | icp ok  iter  4 corr  2888 rms 0.0345   14.06 ms | p=(   -3.67  -190.34  -0.08) v=7.97 m/s
[lio] t=1317400996.235 | feat 3388/8160 | map   3944 | icp ok  iter  4 corr  2826 rms 0.0728   14.01 ms | p=(   -3.24  -191.06  -0.08) v=7.98 m/s [KF]
[lio] t=1317400996.339 | feat 3333/8138 | map   3914 | icp ok  iter 12 corr  2788 rms 0.0451   46.03 ms | p=(   -2.81  -191.78  -0.06) v=8.02 m/s
[lio] t=1317400996.443 | feat 3154/8141 | map   3914 | icp ok  iter  3 corr  2638 rms 0.0453   11.67 ms | p=(   -2.38  -192.49  -0.06) v=7.93 m/s [KF]
[lio] t=1317400996.547 | feat 3226/8160 | map   3876 | icp ok  iter  4 corr  2841 rms 0.0562   14.79 ms | p=(   -1.96  -193.19  -0.04) v=7.82 m/s
[lio] t=1317400996.651 | feat 3369/8160 | map   3876 | icp ok  iter  4 corr  2883 rms 0.0382   14.33 ms | p=(   -1.56  -193.87  -0.04) v=7.59 m/s [KF]
[lio] t=1317400996.755 | feat 3135/8160 | map   3804 | icp ok  iter  5 corr  2634 rms 0.0491   16.06 ms | p=(   -1.17  -194.54  -0.04) v=7.33 m/s
[lio] t=1317400996.859 | feat 3385/8160 | map   3804 | icp ok  iter  4 corr  2874 rms 0.0478   14.66 ms | p=(   -0.78  -195.19  -0.03) v=7.19 m/s [KF]
[lio] t=1317400996.963 | feat 3257/8160 | map   3727 | icp ok  iter  3 corr  2815 rms 0.0391   13.31 ms | p=(   -0.40  -195.84  -0.04) v=7.10 m/s
[lio] t=1317400997.067 | feat 3139/8160 | map   3727 | icp ok  iter  5 corr  2582 rms 0.0353   17.03 ms | p=(   -0.06  -196.43  -0.04) v=6.63 m/s [KF]
[lio] t=1317400997.171 | feat 3244/8160 | map   3693 | icp ok  iter  5 corr  2699 rms 0.0327   17.34 ms | p=(    0.31  -197.05  -0.03) v=6.63 m/s
[lio] t=1317400997.275 | feat 3328/8160 | map   3693 | icp ok  iter  4 corr  2698 rms 0.0360   12.92 ms | p=(    0.63  -197.62  -0.02) v=6.29 m/s [KF]
[lio] t=1317400997.379 | feat 3356/8160 | map   3683 | icp ok  iter  4 corr  2830 rms 0.0308   15.24 ms | p=(    0.94  -198.19  -0.01) v=6.05 m/s
[lio] t=1317400997.483 | feat 3784/8160 | map   3683 | icp ok  iter  3 corr  3209 rms 0.0354   13.92 ms | p=(    1.23  -198.72   0.01) v=5.73 m/s [KF]
[lio] t=1317400997.587 | feat 3686/8160 | map   3723 | icp ok  iter  5 corr  3062 rms 0.0328   19.01 ms | p=(    1.52  -199.24   0.01) v=5.51 m/s
[lio] t=1317400997.691 | feat 3844/8160 | map   3723 | icp ok  iter  3 corr  3248 rms 0.0314   14.68 ms | p=(    1.79  -199.72   0.02) v=5.18 m/s [KF]
[lio] t=1317400997.795 | feat 3754/8160 | map   3732 | icp ok  iter  4 corr  3216 rms 0.0335   16.87 ms | p=(    2.03  -200.17   0.02) v=4.82 m/s
[lio] t=1317400997.899 | feat 3834/8160 | map   3732 | icp ok  iter  3 corr  3278 rms 0.0359   12.82 ms | p=(    2.26  -200.60   0.02) v=4.57 m/s [KF]
[lio] t=1317400998.003 | feat 3971/8160 | map   3778 | icp ok  iter  4 corr  3512 rms 0.0277   15.29 ms | p=(    2.49  -201.01   0.02) v=4.36 m/s
[lio] t=1317400998.107 | feat 4051/8160 | map   3778 | icp ok  iter  4 corr  3575 rms 0.0344   17.11 ms | p=(    2.69  -201.41   0.01) v=4.18 m/s
[lio] t=1317400998.211 | feat 4020/8160 | map   3778 | icp ok  iter  4 corr  3491 rms 0.0303   16.04 ms | p=(    2.90  -201.78   0.02) v=3.98 m/s [KF]
[lio] t=1317400998.315 | feat 4216/8160 | map   3782 | icp ok  iter  4 corr  3687 rms 0.0311   17.30 ms | p=(    3.09  -202.13   0.01) v=3.76 m/s
[lio] t=1317400998.418 | feat 4188/8160 | map   3782 | icp ok  iter  3 corr  3582 rms 0.0383   12.86 ms | p=(    3.27  -202.48   0.02) v=3.61 m/s
[lio] t=1317400998.522 | feat 4008/8160 | map   3782 | icp ok  iter  3 corr  3373 rms 0.0285   12.50 ms | p=(    3.44  -202.80   0.02) v=3.38 m/s [KF]
[lio] t=1317400998.626 | feat 4169/8160 | map   3774 | icp ok  iter  5 corr  3535 rms 0.0398   21.75 ms | p=(    3.59  -203.11   0.02) v=3.24 m/s
[lio] t=1317400998.730 | feat 3891/8160 | map   3774 | icp ok  iter  3 corr  3309 rms 0.0348   13.14 ms | p=(    3.74  -203.40   0.01) v=3.14 m/s
[lio] t=1317400998.834 | feat 3836/8160 | map   3774 | icp ok  iter  3 corr  3239 rms 0.0291   11.91 ms | p=(    3.89  -203.70   0.01) v=3.12 m/s [KF]
[lio] t=1317400998.938 | feat 3554/8160 | map   3758 | icp ok  iter  4 corr  3048 rms 0.0273   12.91 ms | p=(    4.04  -203.99   0.01) v=3.12 m/s
[lio] t=1317400999.042 | feat 3707/8160 | map   3758 | icp ok  iter  4 corr  3132 rms 0.0348   14.21 ms | p=(    4.19  -204.27   0.00) v=3.06 m/s
[lio] t=1317400999.146 | feat 3619/8160 | map   3758 | icp ok  iter  3 corr  3085 rms 0.0286   13.03 ms | p=(    4.34  -204.55  -0.00) v=3.05 m/s
[lio] t=1317400999.250 | feat 3872/8160 | map   3758 | icp ok  iter  3 corr  3322 rms 0.0439   12.71 ms | p=(    4.48  -204.84  -0.01) v=3.08 m/s [KF]
[lio] t=1317400999.354 | feat 3752/8160 | map   3708 | icp ok  iter  4 corr  3271 rms 0.0263   16.65 ms | p=(    4.62  -205.12  -0.01) v=3.03 m/s
[lio] t=1317400999.457 | feat 4002/8160 | map   3708 | icp ok  iter  3 corr  3514 rms 0.0314   14.30 ms | p=(    4.76  -205.40  -0.01) v=2.99 m/s
[lio] t=1317400999.561 | feat 4031/8160 | map   3708 | icp ok  iter  3 corr  3503 rms 0.0286   13.87 ms | p=(    4.90  -205.68  -0.01) v=2.99 m/s
[lio] t=1317400999.665 | feat 3954/8160 | map   3708 | icp ok  iter  4 corr  3469 rms 0.0309   15.36 ms | p=(    5.04  -205.96  -0.01) v=2.97 m/s [KF]
[lio] t=1317400999.769 | feat 4022/8160 | map   3706 | icp ok  iter  3 corr  3575 rms 0.0275   12.86 ms | p=(    5.17  -206.23  -0.01) v=2.93 m/s
[lio] t=1317400999.873 | feat 3855/8160 | map   3706 | icp ok  iter  4 corr  3452 rms 0.0302   15.84 ms | p=(    5.30  -206.50  -0.01) v=2.92 m/s
[lio] t=1317400999.977 | feat 3965/8160 | map   3706 | icp ok  iter  4 corr  3563 rms 0.0254   16.82 ms | p=(    5.44  -206.78  -0.01) v=2.98 m/s
[lio] t=1317401000.080 | feat 4057/8160 | map   3706 | icp ok  iter  4 corr  3679 rms 0.0324   19.00 ms | p=(    5.58  -207.05  -0.02) v=2.99 m/s [KF]
[lio] t=1317401000.184 | feat 3915/8160 | map   3745 | icp ok  iter  4 corr  3663 rms 0.0300   17.13 ms | p=(    5.73  -207.34  -0.02) v=3.13 m/s
[lio] t=1317401000.288 | feat 3886/8160 | map   3745 | icp ok  iter  3 corr  3570 rms 0.0353   13.33 ms | p=(    5.88  -207.63  -0.02) v=3.21 m/s
[lio] t=1317401000.392 | feat 3936/8160 | map   3745 | icp ok  iter  4 corr  3652 rms 0.0395   18.00 ms | p=(    6.05  -207.94  -0.02) v=3.44 m/s [KF]
[lio] t=1317401000.495 | feat 3942/8160 | map   3783 | icp ok  iter  3 corr  3705 rms 0.0329   13.01 ms | p=(    6.22  -208.25  -0.02) v=3.55 m/s
[lio] t=1317401000.599 | feat 3756/8160 | map   3783 | icp ok  iter  3 corr  3480 rms 0.0255   12.05 ms | p=(    6.40  -208.58  -0.02) v=3.67 m/s
[lio] t=1317401000.703 | feat 3834/8160 | map   3783 | icp ok  iter  4 corr  3549 rms 0.0302   16.28 ms | p=(    6.59  -208.93  -0.01) v=3.84 m/s [KF]
[lio] t=1317401000.807 | feat 3901/8160 | map   3791 | icp ok  iter  5 corr  3638 rms 0.0292   20.75 ms | p=(    6.79  -209.28  -0.01) v=3.99 m/s
[lio] t=1317401000.910 | feat 3649/8160 | map   3791 | icp ok  iter  5 corr  3416 rms 0.0380   20.14 ms | p=(    7.01  -209.64  -0.01) v=4.14 m/s
[lio] t=1317401001.014 | feat 3658/8160 | map   3791 | icp ok  iter  4 corr  3423 rms 0.0275   15.74 ms | p=(    7.24  -210.02   0.00) v=4.35 m/s [KF]
[lio] t=1317401001.118 | feat 3768/8160 | map   3828 | icp ok  iter  3 corr  3508 rms 0.0346   12.15 ms | p=(    7.49  -210.40  -0.00) v=4.51 m/s
[lio] t=1317401001.222 | feat 3384/8160 | map   3828 | icp ok  iter  3 corr  3137 rms 0.0281   10.82 ms | p=(    7.74  -210.81  -0.01) v=4.69 m/s
[lio] t=1317401001.325 | feat 3626/8160 | map   3828 | icp ok  iter 12 corr  3284 rms 0.0337   53.07 ms | p=(    8.01  -211.23  -0.02) v=4.88 m/s [KF]
[lio] t=1317401001.429 | feat 3792/8160 | map   3885 | icp ok  iter  4 corr  3524 rms 0.0307   17.14 ms | p=(    8.29  -211.65  -0.01) v=5.04 m/s
[lio] t=1317401001.533 | feat 3731/8160 | map   3885 | icp ok  iter  3 corr  3408 rms 0.0366   14.10 ms | p=(    8.59  -212.10  -0.01) v=5.27 m/s [KF]
[lio] t=1317401001.637 | feat 3815/8160 | map   3909 | icp ok  iter  3 corr  3476 rms 0.0373   13.21 ms | p=(    8.90  -212.56  -0.02) v=5.41 m/s
[lio] t=1317401001.741 | feat 3677/8160 | map   3909 | icp ok  iter  3 corr  3359 rms 0.0313   12.39 ms | p=(    9.23  -213.04  -0.03) v=5.65 m/s [KF]
[lio] t=1317401001.845 | feat 3630/8160 | map   3928 | icp ok  iter  3 corr  3334 rms 0.0343   12.25 ms | p=(    9.57  -213.53  -0.04) v=5.87 m/s
[lio] t=1317401001.949 | feat 3849/8160 | map   3928 | icp ok  iter  3 corr  3497 rms 0.0467   13.88 ms | p=(    9.93  -214.04  -0.04) v=6.10 m/s [KF]
[lio] t=1317401002.053 | feat 3931/8160 | map   3962 | icp ok  iter  4 corr  3636 rms 0.0352   18.01 ms | p=(   10.29  -214.57  -0.02) v=6.24 m/s
[lio] t=1317401002.157 | feat 4229/8160 | map   3962 | icp ok  iter 12 corr  3948 rms 0.0362   56.86 ms | p=(   10.68  -215.10  -0.02) v=6.42 m/s [KF]
[lio] t=1317401002.261 | feat 3998/8160 | map   3966 | icp ok  iter  4 corr  3739 rms 0.0294   19.32 ms | p=(   11.05  -215.65  -0.03) v=6.56 m/s
[lio] t=1317401002.365 | feat 3948/8160 | map   3966 | icp ok  iter  4 corr  3695 rms 0.0343   18.31 ms | p=(   11.45  -216.22  -0.03) v=6.77 m/s [KF]
[lio] t=1317401002.469 | feat 3772/8160 | map   3979 | icp ok  iter  6 corr  3586 rms 0.0378   24.62 ms | p=(   11.87  -216.82  -0.03) v=7.04 m/s
[lio] t=1317401002.573 | feat 3877/8160 | map   3979 | icp ok  iter 12 corr  3682 rms 0.0372   58.07 ms | p=(   12.28  -217.41  -0.03) v=7.08 m/s [KF]
[lio] t=1317401002.676 | feat 3556/8160 | map   3959 | icp ok  iter  4 corr  3358 rms 0.0360   17.95 ms | p=(   12.69  -218.01  -0.02) v=7.18 m/s
[lio] t=1317401002.780 | feat 3515/8160 | map   3959 | icp ok  iter  4 corr  3205 rms 0.0417   17.04 ms | p=(   13.14  -218.66  -0.02) v=7.52 m/s [KF]
[lio] t=1317401002.884 | feat 3754/8160 | map   3908 | icp ok  iter  4 corr  3468 rms 0.0345   17.98 ms | p=(   13.59  -219.32  -0.03) v=7.76 m/s
[lio] t=1317401002.988 | feat 3642/8160 | map   3908 | icp ok  iter  5 corr  3353 rms 0.0368   19.20 ms | p=(   14.04  -219.99  -0.04) v=7.86 m/s [KF]
[lio] t=1317401003.092 | feat 3534/8140 | map   3904 | icp ok  iter 12 corr  3162 rms 0.0327   48.70 ms | p=(   14.50  -220.66  -0.04) v=7.93 m/s
[lio] t=1317401003.196 | feat 3638/8160 | map   3904 | icp ok  iter  3 corr  3155 rms 0.0329   10.43 ms | p=(   14.96  -221.35  -0.04) v=8.07 m/s [KF]
[lio] t=1317401003.300 | feat 3856/8160 | map   3892 | icp ok  iter  4 corr  3402 rms 0.0528   17.89 ms | p=(   15.46  -222.08  -0.05) v=8.44 m/s
[lio] t=1317401003.404 | feat 3680/8160 | map   3892 | icp ok  iter  4 corr  3202 rms 0.0397   16.75 ms | p=(   15.92  -222.80  -0.05) v=8.41 m/s [KF]
[lio] t=1317401003.508 | feat 3235/8160 | map   3903 | icp ok  iter  4 corr  2818 rms 0.0357   15.95 ms | p=(   16.41  -223.51  -0.05) v=8.41 m/s
[lio] t=1317401003.612 | feat 3193/8160 | map   3903 | icp ok  iter  4 corr  2722 rms 0.0519   13.38 ms | p=(   16.89  -224.23  -0.05) v=8.47 m/s [KF]
[lio] t=1317401003.716 | feat 3102/8160 | map   3944 | icp ok  iter 12 corr  2717 rms 0.0443   43.75 ms | p=(   17.40  -224.99  -0.06) v=8.74 m/s
[lio] t=1317401003.820 | feat 3203/8160 | map   3944 | icp ok  iter  5 corr  2874 rms 0.0375   17.99 ms | p=(   17.91  -225.76  -0.07) v=8.96 m/s [KF]
[lio] t=1317401003.924 | feat 3305/8160 | map   3986 | icp ok  iter  4 corr  2902 rms 0.0389   13.43 ms | p=(   18.43  -226.55  -0.08) v=9.11 m/s
[lio] t=1317401004.028 | feat 3114/8160 | map   3986 | icp ok  iter  4 corr  2706 rms 0.0546   15.91 ms | p=(   18.95  -227.34  -0.08) v=9.21 m/s [KF]
[lio] t=1317401004.132 | feat 2923/8160 | map   4041 | icp ok  iter  4 corr  2579 rms 0.0412   12.84 ms | p=(   19.47  -228.13  -0.10) v=9.29 m/s
[lio] t=1317401004.236 | feat 2394/8160 | map   4041 | icp ok  iter 12 corr  2000 rms 0.0355   32.62 ms | p=(   19.99  -228.94  -0.11) v=9.36 m/s [KF]
[lio] t=1317401004.339 | feat 2988/8160 | map   4077 | icp ok  iter  5 corr  2676 rms 0.0387   15.56 ms | p=(   20.54  -229.76  -0.11) v=9.52 m/s
[lio] t=1317401004.443 | feat 2688/8160 | map   4077 | icp ok  iter  4 corr  2310 rms 0.0353   11.73 ms | p=(   21.09  -230.60  -0.11) v=9.67 m/s [KF]
[lio] t=1317401004.547 | feat 2941/8160 | map   4137 | icp ok  iter  4 corr  2556 rms 0.0410   12.19 ms | p=(   21.64  -231.42  -0.12) v=9.64 m/s
[lio] t=1317401004.651 | feat 2893/8160 | map   4137 | icp ok  iter  4 corr  2410 rms 0.0423   11.62 ms | p=(   22.19  -232.26  -0.14) v=9.67 m/s [KF]
[lio] t=1317401004.755 | feat 2843/8160 | map   4229 | icp ok  iter  5 corr  2516 rms 0.0358   15.09 ms | p=(   22.74  -233.09  -0.13) v=9.74 m/s [KF]
[lio] t=1317401004.859 | feat 2925/8160 | map   4259 | icp ok  iter  3 corr  2593 rms 0.0438    9.37 ms | p=(   23.32  -233.96  -0.14) v=9.97 m/s [KF]
[lio] t=1317401004.962 | feat 2934/8160 | map   4291 | icp ok  iter  3 corr  2591 rms 0.0386   11.32 ms | p=(   23.88  -234.80  -0.15) v=9.81 m/s [KF]
[lio] t=1317401005.066 | feat 3230/8160 | map   4303 | icp ok  iter  4 corr  2918 rms 0.0365   14.03 ms | p=(   24.45  -235.65  -0.15) v=9.84 m/s [KF]
[lio] t=1317401005.170 | feat 3330/8160 | map   4302 | icp ok  iter  4 corr  3016 rms 0.0350   13.46 ms | p=(   25.02  -236.50  -0.16) v=9.83 m/s [KF]
[lio] t=1317401005.274 | feat 3575/8160 | map   4311 | icp ok  iter  4 corr  3305 rms 0.0361   16.01 ms | p=(   25.59  -237.34  -0.18) v=9.84 m/s [KF]
[lio] t=1317401005.378 | feat 3673/8160 | map   4306 | icp ok  iter  3 corr  3356 rms 0.0355   12.75 ms | p=(   26.15  -238.19  -0.19) v=9.81 m/s [KF]
[lio] t=1317401005.481 | feat 3670/8160 | map   4247 | icp ok  iter 12 corr  3362 rms 0.0361   46.19 ms | p=(   26.73  -239.03  -0.19) v=9.83 m/s [KF]
[lio] t=1317401005.585 | feat 3111/8160 | map   4182 | icp ok  iter  4 corr  2777 rms 0.0340   13.61 ms | p=(   27.30  -239.86  -0.20) v=9.74 m/s [KF]
[lio] t=1317401005.689 | feat 3519/8160 | map   4095 | icp ok  iter  8 corr  3101 rms 0.0346   27.60 ms | p=(   27.90  -240.71  -0.22) v=9.94 m/s [KF]
[lio] t=1317401005.793 | feat 3606/8160 | map   4008 | icp ok  iter  4 corr  3135 rms 0.0325   15.03 ms | p=(   28.46  -241.52  -0.24) v=9.67 m/s
[lio] t=1317401005.897 | feat 3764/8160 | map   4008 | icp ok  iter  4 corr  3276 rms 0.0391   15.68 ms | p=(   29.05  -242.37  -0.26) v=9.84 m/s [KF]
[lio] t=1317401006.000 | feat 3319/8149 | map   3935 | icp ok  iter  5 corr  2940 rms 0.0495   18.27 ms | p=(   29.61  -243.18  -0.26) v=9.56 m/s
[lio] t=1317401006.104 | feat 3553/8160 | map   3935 | icp ok  iter  4 corr  3049 rms 0.0488   15.95 ms | p=(   30.19  -244.04  -0.29) v=9.83 m/s [KF]
[lio] t=1317401006.208 | feat 3790/8160 | map   3848 | icp ok  iter  5 corr  3316 rms 0.0488   22.43 ms | p=(   30.77  -244.85  -0.30) v=9.70 m/s [KF]
[lio] t=1317401006.312 | feat 3673/8160 | map   3729 | icp ok  iter  4 corr  3352 rms 0.0436   17.51 ms | p=(   31.36  -245.70  -0.30) v=9.82 m/s [KF]
[lio] t=1317401006.415 | feat 3594/8160 | map   3647 | icp ok  iter  4 corr  3215 rms 0.0529   15.93 ms | p=(   31.92  -246.52  -0.30) v=9.63 m/s
[lio] t=1317401006.519 | feat 3457/8160 | map   3647 | icp ok  iter  4 corr  3116 rms 0.0442   17.25 ms | p=(   32.45  -247.28  -0.31) v=9.23 m/s [KF]
[lio] t=1317401006.623 | feat 3681/8160 | map   3599 | icp ok  iter  4 corr  3308 rms 0.0339   15.13 ms | p=(   33.04  -248.14  -0.31) v=9.69 m/s [KF]
[lio] t=1317401006.727 | feat 3774/8160 | map   3537 | icp ok  iter  3 corr  3367 rms 0.0340   13.21 ms | p=(   33.61  -248.96  -0.31) v=9.65 m/s [KF]
[lio] t=1317401006.831 | feat 3986/8160 | map   3449 | icp ok  iter  4 corr  3535 rms 0.0483   18.24 ms | p=(   34.16  -249.77  -0.32) v=9.49 m/s
[lio] t=1317401006.934 | feat 3872/8160 | map   3449 | icp ok  iter  4 corr  3442 rms 0.0463   16.81 ms | p=(   34.73  -250.60  -0.33) v=9.59 m/s [KF]
[lio] t=1317401007.038 | feat 3681/8160 | map   3453 | icp ok  iter  5 corr  3398 rms 0.0390   21.36 ms | p=(   35.27  -251.38  -0.33) v=9.31 m/s
[lio] t=1317401007.142 | feat 3812/8080 | map   3453 | icp ok  iter  4 corr  3505 rms 0.0425   15.77 ms | p=(   35.84  -252.21  -0.34) v=9.51 m/s [KF]
[lio] t=1317401007.246 | feat 3517/8137 | map   3432 | icp ok  iter  4 corr  3273 rms 0.0725   17.34 ms | p=(   36.40  -253.02  -0.35) v=9.50 m/s
[lio] t=1317401007.350 | feat 3449/8155 | map   3432 | icp ok  iter  4 corr  3075 rms 0.0797   15.02 ms | p=(   36.95  -253.82  -0.36) v=9.41 m/s [KF]
[lio] t=1317401007.453 | feat 3391/8144 | map   3432 | icp ok  iter  5 corr  3167 rms 0.0411   20.55 ms | p=(   37.50  -254.62  -0.37) v=9.35 m/s
[lio] t=1317401007.557 | feat 3252/8160 | map   3432 | icp ok  iter  4 corr  2931 rms 0.0543   13.65 ms | p=(   38.04  -255.41  -0.37) v=9.29 m/s [KF]
[lio] t=1317401007.661 | feat 3383/8160 | map   3450 | icp ok  iter  6 corr  3126 rms 0.0582   22.74 ms | p=(   38.58  -256.20  -0.38) v=9.24 m/s
[lio] t=1317401007.765 | feat 3194/8160 | map   3450 | icp ok  iter  4 corr  2846 rms 0.0543   13.34 ms | p=(   39.13  -257.00  -0.39) v=9.28 m/s [KF]
[lio] t=1317401007.869 | feat 3040/8160 | map   3484 | icp ok  iter  3 corr  2682 rms 0.0323    9.58 ms | p=(   39.66  -257.79  -0.41) v=9.21 m/s
[lio] t=1317401007.972 | feat 3819/8160 | map   3484 | icp ok  iter  4 corr  3368 rms 0.0771   16.85 ms | p=(   40.20  -258.57  -0.43) v=9.13 m/s [KF]
[lio] t=1317401008.076 | feat 3619/8160 | map   3579 | icp ok  iter  4 corr  3201 rms 0.0341   14.05 ms | p=(   40.73  -259.36  -0.43) v=9.13 m/s
[lio] t=1317401008.180 | feat 3766/8160 | map   3579 | icp ok  iter  4 corr  3317 rms 0.0379   15.80 ms | p=(   41.25  -260.14  -0.45) v=9.04 m/s [KF]
[lio] t=1317401008.284 | feat 3853/8160 | map   3636 | icp ok  iter  5 corr  3518 rms 0.0302   20.89 ms | p=(   41.78  -260.95  -0.46) v=9.22 m/s
[lio] t=1317401008.388 | feat 3896/8160 | map   3636 | icp ok  iter  5 corr  3457 rms 0.0369   19.51 ms | p=(   42.30  -261.74  -0.48) v=9.16 m/s [KF]
[lio] t=1317401008.492 | feat 4084/8160 | map   3727 | icp ok  iter  4 corr  3672 rms 0.0372   18.74 ms | p=(   42.80  -262.53  -0.48) v=9.09 m/s
[lio] t=1317401008.596 | feat 3760/8160 | map   3727 | icp ok  iter  5 corr  3253 rms 0.0429   19.94 ms | p=(   43.31  -263.36  -0.49) v=9.20 m/s [KF]
[lio] t=1317401008.699 | feat 3848/8160 | map   3775 | icp ok  iter  5 corr  3396 rms 0.0330   19.71 ms | p=(   43.82  -264.15  -0.50) v=9.13 m/s
[lio] t=1317401008.803 | feat 3818/8160 | map   3775 | icp ok  iter  3 corr  3250 rms 0.0379   12.04 ms | p=(   44.33  -264.96  -0.52) v=9.18 m/s [KF]
[lio] t=1317401008.907 | feat 3549/8160 | map   3878 | icp ok  iter  5 corr  3229 rms 0.0374   19.65 ms | p=(   44.82  -265.76  -0.52) v=9.10 m/s
[lio] t=1317401009.011 | feat 3192/8160 | map   3878 | icp ok  iter  4 corr  2909 rms 0.0479   14.96 ms | p=(   45.30  -266.53  -0.54) v=8.90 m/s [KF]
[lio] t=1317401009.115 | feat 3270/8160 | map   3905 | icp ok  iter  5 corr  3057 rms 0.0396   18.09 ms | p=(   45.82  -267.37  -0.55) v=9.32 m/s
[lio] t=1317401009.218 | feat 3269/8160 | map   3905 | icp ok  iter  4 corr  3014 rms 0.0430   13.93 ms | p=(   46.31  -268.18  -0.56) v=9.20 m/s [KF]
[lio] t=1317401009.322 | feat 3012/8160 | map   3970 | icp ok  iter  6 corr  2757 rms 0.0388   20.17 ms | p=(   46.81  -268.98  -0.57) v=9.14 m/s
[lio] t=1317401009.426 | feat 3111/8160 | map   3970 | icp ok  iter  3 corr  2807 rms 0.0438   11.16 ms | p=(   47.30  -269.80  -0.57) v=9.20 m/s [KF]
[lio] t=1317401009.530 | feat 3471/8160 | map   3990 | icp ok  iter  4 corr  3201 rms 0.0516   16.42 ms | p=(   47.80  -270.60  -0.59) v=9.14 m/s
[lio] t=1317401009.633 | feat 3515/8160 | map   3990 | icp ok  iter  3 corr  3107 rms 0.0500   14.05 ms | p=(   48.29  -271.40  -0.61) v=9.12 m/s [KF]
[lio] t=1317401009.737 | feat 3626/8160 | map   4003 | icp ok  iter  4 corr  3240 rms 0.0442   15.60 ms | p=(   48.79  -272.20  -0.63) v=9.08 m/s
[lio] t=1317401009.841 | feat 3539/8160 | map   4003 | icp ok  iter  5 corr  3266 rms 0.0495   22.99 ms | p=(   49.29  -273.02  -0.65) v=9.16 m/s [KF]
[lio] t=1317401009.945 | feat 3466/8160 | map   4041 | icp ok  iter  6 corr  3090 rms 0.0472   24.91 ms | p=(   49.77  -273.82  -0.68) v=9.10 m/s
[lio] t=1317401010.049 | feat 3511/8160 | map   4041 | icp ok  iter  6 corr  3100 rms 0.0602   23.47 ms | p=(   50.25  -274.61  -0.70) v=8.94 m/s [KF]
[lio] t=1317401010.153 | feat 3725/8154 | map   4081 | icp ok  iter  5 corr  3420 rms 0.0438   20.00 ms | p=(   50.74  -275.42  -0.72) v=9.08 m/s
[lio] t=1317401010.257 | feat 3630/8096 | map   4081 | icp ok  iter  5 corr  3249 rms 0.0472   20.68 ms | p=(   51.22  -276.24  -0.74) v=9.12 m/s [KF]
[lio] t=1317401010.360 | feat 3585/8087 | map   4080 | icp ok  iter  4 corr  3268 rms 0.0447   16.80 ms | p=(   51.70  -277.04  -0.75) v=9.02 m/s
[lio] t=1317401010.464 | feat 3635/8085 | map   4080 | icp ok  iter  4 corr  3256 rms 0.0475   16.41 ms | p=(   52.18  -277.85  -0.76) v=9.03 m/s [KF]
[lio] t=1317401010.568 | feat 3481/8123 | map   4024 | icp ok  iter  4 corr  3049 rms 0.0387   14.17 ms | p=(   52.66  -278.63  -0.78) v=8.89 m/s
[lio] t=1317401010.672 | feat 3643/8156 | map   4024 | icp ok  iter  4 corr  3238 rms 0.0408   15.88 ms | p=(   53.12  -279.42  -0.80) v=8.80 m/s [KF]
[lio] t=1317401010.776 | feat 3599/8141 | map   3937 | icp ok  iter  5 corr  3141 rms 0.0409   19.93 ms | p=(   53.59  -280.21  -0.82) v=8.81 m/s
[lio] t=1317401010.880 | feat 3211/8160 | map   3937 | icp ok  iter  5 corr  2791 rms 0.0395   18.62 ms | p=(   54.04  -280.99  -0.83) v=8.70 m/s [KF]
[lio] t=1317401010.983 | feat 3358/8160 | map   3921 | icp ok  iter  4 corr  2936 rms 0.0426   15.87 ms | p=(   54.49  -281.76  -0.84) v=8.55 m/s
[lio] t=1317401011.087 | feat 3177/8160 | map   3921 | icp ok  iter  4 corr  2660 rms 0.0493   13.53 ms | p=(   54.94  -282.52  -0.85) v=8.46 m/s [KF]
[lio] t=1317401011.191 | feat 3040/8160 | map   3911 | icp ok  iter  5 corr  2556 rms 0.0442   14.53 ms | p=(   55.39  -283.28  -0.86) v=8.40 m/s
[lio] t=1317401011.295 | feat 3021/8160 | map   3911 | icp ok  iter  4 corr  2493 rms 0.0423   13.50 ms | p=(   55.80  -284.00  -0.88) v=8.03 m/s [KF]
[lio] t=1317401011.399 | feat 3045/8160 | map   3903 | icp ok  iter 12 corr  2525 rms 0.0435   39.95 ms | p=(   56.25  -284.74  -0.89) v=8.14 m/s
[lio] t=1317401011.502 | feat 2955/8160 | map   3903 | icp ok  iter  4 corr  2421 rms 0.0441   12.06 ms | p=(   56.68  -285.47  -0.90) v=8.00 m/s [KF]
[lio] t=1317401011.606 | feat 2958/8160 | map   3927 | icp ok  iter 12 corr  2389 rms 0.0420   38.27 ms | p=(   57.10  -286.17  -0.92) v=7.78 m/s
[lio] t=1317401011.710 | feat 3131/8160 | map   3927 | icp ok  iter  5 corr  2444 rms 0.0435   15.96 ms | p=(   57.50  -286.83  -0.93) v=7.45 m/s [KF]
[lio] t=1317401011.814 | feat 3079/8160 | map   3964 | icp ok  iter  6 corr  2409 rms 0.0402   19.37 ms | p=(   57.89  -287.47  -0.94) v=7.17 m/s
[lio] t=1317401011.918 | feat 2844/8160 | map   3964 | icp ok  iter  5 corr  2197 rms 0.0385   14.45 ms | p=(   58.28  -288.09  -0.96) v=6.97 m/s [KF]
[lio] t=1317401012.021 | feat 2889/8160 | map   3947 | icp ok  iter  4 corr  2306 rms 0.0399   11.48 ms | p=(   58.64  -288.66  -0.98) v=6.54 m/s
[lio] t=1317401012.125 | feat 2884/8160 | map   3947 | icp ok  iter  4 corr  2174 rms 0.0615   11.79 ms | p=(   58.99  -289.22  -0.99) v=6.31 m/s [KF]
[lio] t=1317401012.229 | feat 3163/8160 | map   3967 | icp ok  iter  4 corr  2434 rms 0.0400   14.56 ms | p=(   59.38  -289.80  -0.99) v=6.47 m/s
[lio] t=1317401012.333 | feat 3152/8148 | map   3967 | icp ok  iter  5 corr  2352 rms 0.0383   16.57 ms | p=(   59.72  -290.32  -1.00) v=6.10 m/s [KF]
[lio] t=1317401012.437 | feat 3041/8121 | map   3973 | icp ok  iter  5 corr  2372 rms 0.0389   15.62 ms | p=(   60.07  -290.87  -1.02) v=6.15 m/s
[lio] t=1317401012.542 | feat 3265/8132 | map   3973 | icp ok  iter  5 corr  2455 rms 0.0398   15.72 ms | p=(   60.41  -291.40  -1.03) v=6.07 m/s [KF]
[lio] t=1317401012.646 | feat 3116/8159 | map   3943 | icp ok  iter  4 corr  2315 rms 0.0456   12.82 ms | p=(   60.74  -291.94  -1.04) v=5.98 m/s
[lio] t=1317401012.750 | feat 3512/8145 | map   3943 | icp ok  iter  4 corr  2783 rms 0.0539   14.49 ms | p=(   61.04  -292.48  -1.04) v=5.88 m/s [KF]
[lio] t=1317401012.854 | feat 3514/8160 | map   3944 | icp ok  iter  4 corr  2706 rms 0.0403   15.24 ms | p=(   61.31  -293.01  -1.05) v=5.69 m/s
[lio] t=1317401012.959 | feat 3448/8160 | map   3944 | icp ok  iter  4 corr  2571 rms 0.0444   14.69 ms | p=(   61.58  -293.53  -1.06) v=5.52 m/s [KF]
[lio] t=1317401013.063 | feat 3538/8145 | map   3939 | icp ok  iter  5 corr  2769 rms 0.0416   17.17 ms | p=(   61.83  -294.06  -1.07) v=5.50 m/s
[lio] t=1317401013.167 | feat 3644/8160 | map   3939 | icp ok  iter  4 corr  2856 rms 0.0460   16.33 ms | p=(   62.05  -294.55  -1.09) v=5.20 m/s [KF]
[lio] t=1317401013.271 | feat 3179/8160 | map   3868 | icp ok  iter  4 corr  2523 rms 0.0426   14.10 ms | p=(   62.22  -295.05  -1.11) v=5.08 m/s
[lio] t=1317401013.375 | feat 3249/8160 | map   3868 | icp ok  iter  4 corr  2530 rms 0.0462   14.86 ms | p=(   62.38  -295.54  -1.12) v=4.95 m/s [KF]
[lio] t=1317401013.479 | feat 3316/8160 | map   3843 | icp ok  iter  4 corr  2631 rms 0.0349   12.59 ms | p=(   62.55  -296.04  -1.14) v=5.07 m/s
[lio] t=1317401013.583 | feat 3297/8160 | map   3843 | icp ok  iter  4 corr  2647 rms 0.0387   14.39 ms | p=(   62.69  -296.56  -1.16) v=5.12 m/s [KF]
[lio] t=1317401013.687 | feat 3352/8160 | map   3814 | icp ok  iter  4 corr  2724 rms 0.0365   16.88 ms | p=(   62.83  -297.08  -1.16) v=5.13 m/s
[lio] t=1317401013.791 | feat 3542/8160 | map   3814 | icp ok  iter  5 corr  2935 rms 0.0394   20.86 ms | p=(   62.94  -297.58  -1.17) v=5.05 m/s [KF]
[lio] t=1317401013.895 | feat 3647/8160 | map   3818 | icp ok  iter  4 corr  3088 rms 0.0382   17.14 ms | p=(   63.06  -298.09  -1.17) v=5.06 m/s
[lio] t=1317401013.999 | feat 3402/8160 | map   3818 | icp ok  iter  4 corr  2838 rms 0.0385   14.23 ms | p=(   63.19  -298.60  -1.18) v=5.03 m/s [KF]
[lio] t=1317401014.102 | feat 3235/8160 | map   3785 | icp ok  iter  4 corr  2577 rms 0.0352   13.20 ms | p=(   63.30  -299.09  -1.19) v=4.92 m/s
[lio] t=1317401014.206 | feat 3409/8160 | map   3785 | icp ok  iter  3 corr  2796 rms 0.0359   10.41 ms | p=(   63.41  -299.57  -1.21) v=4.85 m/s
[lio] t=1317401014.310 | feat 3638/8140 | map   3785 | icp ok  iter  3 corr  2990 rms 0.0449   13.64 ms | p=(   63.53  -300.06  -1.23) v=4.87 m/s [KF]
[lio] t=1317401014.413 | feat 3451/8148 | map   3760 | icp ok  iter  4 corr  2779 rms 0.0333   13.36 ms | p=(   63.67  -300.55  -1.25) v=4.94 m/s
[lio] t=1317401014.517 | feat 3444/8160 | map   3760 | icp ok  iter  3 corr  2762 rms 0.0350   10.60 ms | p=(   63.81  -301.04  -1.26) v=4.96 m/s [KF]
[lio] t=1317401014.621 | feat 3624/8160 | map   3690 | icp ok  iter  4 corr  3040 rms 0.0319   14.90 ms | p=(   63.95  -301.53  -1.28) v=4.98 m/s
[lio] t=1317401014.725 | feat 3480/8160 | map   3690 | icp ok  iter  4 corr  2907 rms 0.0312   14.70 ms | p=(   64.12  -302.03  -1.30) v=5.13 m/s [KF]
[lio] t=1317401014.828 | feat 3479/8160 | map   3660 | icp ok  iter  3 corr  2919 rms 0.0347   12.06 ms | p=(   64.27  -302.53  -1.32) v=5.15 m/s
[lio] t=1317401014.932 | feat 3650/8160 | map   3660 | icp ok  iter  4 corr  3083 rms 0.0352   17.25 ms | p=(   64.44  -303.03  -1.35) v=5.19 m/s [KF]
[lio] t=1317401015.036 | feat 3526/8160 | map   3611 | icp ok  iter  5 corr  3032 rms 0.0518   19.07 ms | p=(   64.62  -303.54  -1.37) v=5.23 m/s
[lio] t=1317401015.139 | feat 3306/8160 | map   3611 | icp ok  iter  4 corr  2812 rms 0.0392   15.22 ms | p=(   64.82  -304.06  -1.38) v=5.42 m/s [KF]
[lio] t=1317401015.243 | feat 3364/8160 | map   3548 | icp ok  iter  4 corr  2939 rms 0.0355   15.27 ms | p=(   65.00  -304.57  -1.41) v=5.36 m/s
[lio] t=1317401015.347 | feat 3417/8160 | map   3548 | icp ok  iter  4 corr  2974 rms 0.0348   14.81 ms | p=(   65.21  -305.09  -1.42) v=5.49 m/s [KF]
[lio] t=1317401015.451 | feat 3188/8160 | map   3522 | icp ok  iter  5 corr  2770 rms 0.0347   18.11 ms | p=(   65.47  -305.62  -1.45) v=5.67 m/s
[lio] t=1317401015.554 | feat 3565/8160 | map   3522 | icp ok  iter  4 corr  3141 rms 0.0360   15.90 ms | p=(   65.71  -306.15  -1.47) v=5.76 m/s [KF]
[lio] t=1317401015.658 | feat 3389/8160 | map   3490 | icp ok  iter  3 corr  3009 rms 0.0341   13.76 ms | p=(   65.96  -306.69  -1.48) v=5.82 m/s
[lio] t=1317401015.762 | feat 3383/8160 | map   3490 | icp ok  iter  4 corr  2937 rms 0.0369   14.50 ms | p=(   66.25  -307.25  -1.50) v=6.03 m/s [KF]
[lio] t=1317401015.866 | feat 3623/8160 | map   3486 | icp ok  iter  4 corr  3217 rms 0.0374   16.41 ms | p=(   66.54  -307.79  -1.51) v=6.10 m/s
[lio] t=1317401015.969 | feat 3417/8160 | map   3486 | icp ok  iter 12 corr  2993 rms 0.0378   47.91 ms | p=(   66.84  -308.33  -1.53) v=6.08 m/s [KF]
[lio] t=1317401016.073 | feat 3444/8160 | map   3505 | icp ok  iter  4 corr  3070 rms 0.0475   16.75 ms | p=(   67.18  -308.89  -1.56) v=6.32 m/s
[lio] t=1317401016.177 | feat 3313/8160 | map   3505 | icp ok  iter  5 corr  2904 rms 0.0314   19.10 ms | p=(   67.51  -309.43  -1.57) v=6.30 m/s [KF]
[lio] t=1317401016.281 | feat 3400/8160 | map   3502 | icp ok  iter  4 corr  3014 rms 0.0598   14.62 ms | p=(   67.87  -310.01  -1.58) v=6.57 m/s
[lio] t=1317401016.385 | feat 3242/8160 | map   3502 | icp ok  iter  4 corr  2794 rms 0.0406   11.89 ms | p=(   68.24  -310.57  -1.59) v=6.61 m/s [KF]
[lio] t=1317401016.489 | feat 3393/8160 | map   3518 | icp ok  iter  4 corr  3067 rms 0.0330   13.44 ms | p=(   68.64  -311.15  -1.62) v=6.80 m/s
[lio] t=1317401016.592 | feat 3255/8160 | map   3518 | icp ok  iter  4 corr  2946 rms 0.0277   12.76 ms | p=(   69.05  -311.72  -1.64) v=6.86 m/s [KF]
[lio] t=1317401016.696 | feat 3315/8160 | map   3511 | icp ok  iter  3 corr  3051 rms 0.0293   11.96 ms | p=(   69.47  -312.30  -1.65) v=7.00 m/s
[lio] t=1317401016.800 | feat 3299/8160 | map   3511 | icp ok  iter  4 corr  2967 rms 0.0408   15.85 ms | p=(   69.91  -312.88  -1.67) v=7.13 m/s [KF]
[lio] t=1317401016.904 | feat 3220/8160 | map   3521 | icp ok  iter  3 corr  2954 rms 0.0271   10.29 ms | p=(   70.37  -313.47  -1.68) v=7.28 m/s
[lio] t=1317401017.007 | feat 3217/8160 | map   3521 | icp ok  iter  3 corr  2971 rms 0.0270   11.38 ms | p=(   70.86  -314.06  -1.70) v=7.41 m/s [KF]
[lio] t=1317401017.111 | feat 3232/8160 | map   3517 | icp ok  iter  4 corr  2984 rms 0.0257   14.34 ms | p=(   71.35  -314.64  -1.72) v=7.46 m/s
[lio] t=1317401017.215 | feat 3081/8160 | map   3517 | icp ok  iter  4 corr  2841 rms 0.0310   13.65 ms | p=(   71.90  -315.23  -1.74) v=7.77 m/s [KF]
[lio] t=1317401017.319 | feat 3105/8160 | map   3503 | icp ok  iter  5 corr  2810 rms 0.0292   17.80 ms | p=(   72.44  -315.81  -1.75) v=7.77 m/s
[lio] t=1317401017.423 | feat 3504/8160 | map   3503 | icp ok  iter  5 corr  3101 rms 0.0295   20.67 ms | p=(   72.99  -316.40  -1.77) v=7.84 m/s [KF]
[lio] t=1317401017.526 | feat 3216/8160 | map   3494 | icp ok  iter  3 corr  2901 rms 0.0303   11.16 ms | p=(   73.58  -316.98  -1.79) v=8.06 m/s
[lio] t=1317401017.630 | feat 3089/8160 | map   3494 | icp ok  iter  4 corr  2565 rms 0.0479   13.39 ms | p=(   74.16  -317.57  -1.81) v=8.11 m/s [KF]
[lio] t=1317401017.734 | feat 3127/8160 | map   3527 | icp ok  iter  5 corr  2913 rms 0.0334   18.03 ms | p=(   74.79  -318.16  -1.83) v=8.30 m/s
[lio] t=1317401017.838 | feat 2867/8160 | map   3527 | icp ok  iter 12 corr  2611 rms 0.0303   35.29 ms | p=(   75.43  -318.74  -1.84) v=8.39 m/s [KF]
[lio] t=1317401017.942 | feat 2617/8160 | map   3547 | icp ok  iter  4 corr  2395 rms 0.0355   12.81 ms | p=(   76.07  -319.33  -1.86) v=8.49 m/s
[lio] t=1317401018.046 | feat 2338/8160 | map   3547 | icp ok  iter  4 corr  2085 rms 0.0481   12.47 ms | p=(   76.74  -319.90  -1.86) v=8.54 m/s [KF]
[lio] t=1317401018.150 | feat 2227/8160 | map   3557 | icp ok  iter  6 corr  1979 rms 0.0280   14.07 ms | p=(   77.38  -320.45  -1.87) v=8.39 m/s
[lio] t=1317401018.254 | feat 2222/8160 | map   3557 | icp ok  iter  5 corr  1872 rms 0.0337   13.41 ms | p=(   78.19  -321.08  -1.89) v=9.43 m/s [KF]
[lio] t=1317401018.357 | feat 2391/8160 | map   3560 | icp ok  iter  6 corr  2073 rms 0.0293   17.04 ms | p=(   78.86  -321.65  -1.90) v=8.89 m/s
[lio] t=1317401018.461 | feat 2298/8160 | map   3560 | icp ok  iter  4 corr  1844 rms 0.0314   10.51 ms | p=(   79.64  -322.23  -1.90) v=9.27 m/s [KF]
[lio] t=1317401018.565 | feat 1951/8160 | map   3541 | icp ok  iter  4 corr  1595 rms 0.0387    7.77 ms | p=(   80.34  -322.76  -1.89) v=8.85 m/s
[lio] t=1317401018.669 | feat 2166/8160 | map   3541 | icp ok  iter  4 corr  1772 rms 0.0251    8.40 ms | p=(   81.15  -323.36  -1.91) v=9.49 m/s [KF]
[lio] t=1317401018.773 | feat 2067/8160 | map   3534 | icp ok  iter  5 corr  1743 rms 0.0513   11.94 ms | p=(   81.94  -323.90  -1.92) v=9.40 m/s
[lio] t=1317401018.878 | feat 1746/8160 | map   3534 | icp ok  iter  4 corr  1403 rms 0.0574    7.33 ms | p=(   82.72  -324.47  -1.93) v=9.41 m/s [KF]
[lio] t=1317401018.982 | feat 1912/8160 | map   3538 | icp ok  iter  6 corr  1590 rms 0.0401   13.02 ms | p=(   83.53  -325.07  -1.92) v=9.64 m/s [KF]
[lio] t=1317401019.086 | feat 2110/8160 | map   3522 | icp ok  iter  6 corr  1796 rms 0.1061   15.47 ms | p=(   84.44  -325.56  -1.91) v=9.86 m/s [KF]
[lio] t=1317401019.190 | feat 2252/8160 | map   3506 | icp ok  iter 12 corr  1861 rms 0.0333   29.84 ms | p=(   84.69  -325.79  -1.92) v=5.90 m/s
[lio] t=1317401019.294 | feat 2627/8160 | map   3506 | icp ok  iter  6 corr  2176 rms 0.0488   16.73 ms | p=(   86.21  -326.86  -1.93) v=13.23 m/s [KF]
[lio] t=1317401019.398 | feat 2665/8160 | map   3506 | icp ok  iter  9 corr  2261 rms 0.0501   31.47 ms | p=(   86.82  -327.31  -1.94) v=9.71 m/s
[lio] t=1317401019.501 | feat 3092/8160 | map   3506 | icp ok  iter 12 corr  2366 rms 0.1576   43.35 ms | p=(   87.70  -327.91  -1.96) v=10.07 m/s [KF]
[lio] t=1317401019.605 | feat 3289/8160 | map   3552 | icp ok  iter 12 corr  2773 rms 0.0496   47.58 ms | p=(   88.56  -328.50  -1.97) v=10.05 m/s [KF]
[lio] t=1317401019.709 | feat 3646/8160 | map   3568 | icp ok  iter 12 corr  3255 rms 0.0605   50.41 ms | p=(   89.11  -328.88  -1.98) v=7.88 m/s
[lio] t=1317401019.813 | feat 3477/8160 | map   3568 | icp ok  iter 12 corr  2898 rms 0.0520   48.44 ms | p=(   90.13  -329.56  -1.99) v=10.30 m/s [KF]
[lio] t=1317401019.917 | feat 3344/8160 | map   3609 | icp ok  iter  5 corr  2931 rms 0.0516   21.09 ms | p=(   91.06  -330.18  -2.00) v=10.55 m/s [KF]
[lio] t=1317401020.021 | feat 3656/8160 | map   3644 | icp ok  iter  5 corr  3306 rms 0.0444   21.23 ms | p=(   91.92  -330.76  -2.01) v=10.22 m/s [KF]
[lio] t=1317401020.125 | feat 3933/8160 | map   3674 | icp ok  iter  4 corr  3568 rms 0.0362   15.52 ms | p=(   92.80  -331.36  -2.02) v=10.25 m/s [KF]
[lio] t=1317401020.229 | feat 3758/8160 | map   3655 | icp ok  iter  4 corr  3386 rms 0.0404   15.67 ms | p=(   93.66  -331.94  -2.05) v=10.07 m/s [KF]
[lio] t=1317401020.333 | feat 3752/8160 | map   3640 | icp ok  iter  4 corr  3405 rms 0.0399   17.43 ms | p=(   94.54  -332.52  -2.07) v=10.13 m/s [KF]
[lio] t=1317401020.437 | feat 3304/8160 | map   3599 | icp ok  iter  4 corr  3014 rms 0.0453   15.33 ms | p=(   95.38  -333.08  -2.08) v=9.85 m/s [KF]
[lio] t=1317401020.541 | feat 3694/8160 | map   3559 | icp ok  iter  4 corr  3420 rms 0.0363   17.36 ms | p=(   96.26  -333.65  -2.10) v=10.02 m/s [KF]
[lio] t=1317401020.645 | feat 3698/8160 | map   3507 | icp ok  iter  4 corr  3374 rms 0.0367   16.53 ms | p=(   97.13  -334.21  -2.12) v=9.99 m/s [KF]
[lio] t=1317401020.748 | feat 3715/8160 | map   3428 | icp ok  iter  3 corr  3302 rms 0.0355   11.15 ms | p=(   98.01  -334.78  -2.14) v=10.03 m/s [KF]
[lio] t=1317401020.852 | feat 3416/8160 | map   3338 | icp ok  iter  4 corr  3081 rms 0.0330   14.69 ms | p=(   98.87  -335.34  -2.15) v=9.91 m/s [KF]
[lio] t=1317401020.956 | feat 3219/8160 | map   3266 | icp ok  iter  5 corr  2897 rms 0.0493   20.13 ms | p=(   99.74  -335.89  -2.15) v=9.90 m/s [KF]
[lio] t=1317401021.060 | feat 2978/8160 | map   3175 | icp ok  iter  3 corr  2585 rms 0.0411    9.38 ms | p=(  100.59  -336.41  -2.17) v=9.70 m/s
[lio] t=1317401021.164 | feat 3017/8160 | map   3175 | icp ok  iter  5 corr  2625 rms 0.0398   15.91 ms | p=(  101.46  -336.96  -2.19) v=9.81 m/s [KF]
[lio] t=1317401021.268 | feat 2776/8160 | map   3009 | icp ok  iter  4 corr  2381 rms 0.0491   10.84 ms | p=(  102.31  -337.50  -2.21) v=9.77 m/s [KF]
[lio] t=1317401021.372 | feat 2713/8160 | map   2903 | icp ok  iter 12 corr  2353 rms 0.0400   35.81 ms | p=(  103.22  -338.07  -2.21) v=10.10 m/s [KF]
[lio] t=1317401021.476 | feat 3047/8160 | map   2747 | icp ok  iter  4 corr  2591 rms 0.0625   11.48 ms | p=(  104.07  -338.61  -2.22) v=9.83 m/s [KF]
[lio] t=1317401021.579 | feat 2465/8160 | map   2661 | icp ok  iter  4 corr  2038 rms 0.0356    9.34 ms | p=(  104.95  -339.13  -2.23) v=9.84 m/s [KF]
[lio] t=1317401021.683 | feat 2540/8160 | map   2609 | icp ok  iter  4 corr  2177 rms 0.0454   11.49 ms | p=(  105.83  -339.66  -2.25) v=9.82 m/s [KF]
[lio] t=1317401021.787 | feat 2606/8160 | map   2568 | icp ok  iter  4 corr  2118 rms 0.0644   10.17 ms | p=(  106.68  -340.19  -2.26) v=9.69 m/s [KF]
[lio] t=1317401021.891 | feat 2745/8160 | map   2559 | icp ok  iter  4 corr  2447 rms 0.0330   11.77 ms | p=(  107.52  -340.71  -2.27) v=9.59 m/s
[lio] t=1317401021.995 | feat 2830/8160 | map   2559 | icp ok  iter  5 corr  2466 rms 0.0396   16.60 ms | p=(  108.39  -341.22  -2.29) v=9.69 m/s [KF]
[lio] t=1317401022.099 | feat 2529/8160 | map   2588 | icp ok  iter  5 corr  2253 rms 0.0462   14.28 ms | p=(  109.26  -341.74  -2.30) v=9.70 m/s [KF]
[lio] t=1317401022.203 | feat 2907/8160 | map   2614 | icp ok  iter  4 corr  2594 rms 0.0378   11.67 ms | p=(  110.12  -342.25  -2.30) v=9.65 m/s
[lio] t=1317401022.307 | feat 2974/8160 | map   2614 | icp ok  iter  4 corr  2577 rms 0.0389   12.73 ms | p=(  110.98  -342.77  -2.29) v=9.68 m/s [KF]
[lio] t=1317401022.411 | feat 3067/8160 | map   2634 | icp ok  iter  4 corr  2739 rms 0.0361   12.70 ms | p=(  111.84  -343.27  -2.29) v=9.58 m/s
[lio] t=1317401022.515 | feat 3305/8160 | map   2634 | icp ok  iter  3 corr  2952 rms 0.0407    9.73 ms | p=(  112.69  -343.78  -2.30) v=9.53 m/s [KF]
[lio] t=1317401022.618 | feat 3190/8160 | map   2677 | icp ok  iter  4 corr  2922 rms 0.0374   12.27 ms | p=(  113.54  -344.28  -2.32) v=9.56 m/s
[lio] t=1317401022.722 | feat 3153/8160 | map   2677 | icp ok  iter  4 corr  2834 rms 0.0415   13.76 ms | p=(  114.39  -344.78  -2.33) v=9.52 m/s [KF]
[lio] t=1317401022.826 | feat 2855/8160 | map   2746 | icp ok  iter  4 corr  2613 rms 0.0321   13.18 ms | p=(  115.24  -345.28  -2.34) v=9.51 m/s
[lio] t=1317401022.930 | feat 2753/8160 | map   2746 | icp ok  iter  4 corr  2474 rms 0.0352    9.42 ms | p=(  116.09  -345.78  -2.35) v=9.48 m/s [KF]
[lio] t=1317401023.034 | feat 2745/8160 | map   2780 | icp ok  iter 12 corr  2447 rms 0.0393   37.71 ms | p=(  116.93  -346.27  -2.35) v=9.41 m/s
[lio] t=1317401023.138 | feat 3167/8160 | map   2780 | icp ok  iter  5 corr  2728 rms 0.0676   19.03 ms | p=(  117.80  -346.77  -2.37) v=9.57 m/s [KF]
[lio] t=1317401023.242 | feat 3053/8160 | map   2846 | icp ok  iter  4 corr  2745 rms 0.0320   12.23 ms | p=(  118.65  -347.26  -2.39) v=9.49 m/s
[lio] t=1317401023.345 | feat 3208/8148 | map   2846 | icp ok  iter  4 corr  2781 rms 0.0368   12.49 ms | p=(  119.50  -347.75  -2.39) v=9.45 m/s [KF]
[lio] t=1317401023.449 | feat 3188/8151 | map   2911 | icp ok  iter  4 corr  2861 rms 0.0419   14.47 ms | p=(  120.36  -348.23  -2.40) v=9.48 m/s
[lio] t=1317401023.553 | feat 3472/8120 | map   2911 | icp ok  iter  4 corr  3101 rms 0.0482   13.98 ms | p=(  121.20  -348.71  -2.41) v=9.36 m/s [KF]
[lio] t=1317401023.657 | feat 3610/8136 | map   2941 | icp ok  iter 12 corr  3298 rms 0.0450   49.47 ms | p=(  122.04  -349.18  -2.43) v=9.31 m/s
[lio] t=1317401023.761 | feat 3595/8160 | map   2941 | icp ok  iter  4 corr  3194 rms 0.0722   15.12 ms | p=(  122.88  -349.67  -2.43) v=9.32 m/s [KF]
[lio] t=1317401023.864 | feat 3726/8160 | map   2944 | icp ok  iter  4 corr  3383 rms 0.0432   16.00 ms | p=(  123.73  -350.14  -2.46) v=9.34 m/s
[lio] t=1317401023.968 | feat 3454/8160 | map   2944 | icp ok  iter  5 corr  3022 rms 0.0432   18.93 ms | p=(  124.56  -350.61  -2.47) v=9.25 m/s [KF]
[lio] t=1317401024.072 | feat 3701/8160 | map   2953 | icp ok  iter  4 corr  3326 rms 0.0391   16.10 ms | p=(  125.40  -351.10  -2.47) v=9.28 m/s
[lio] t=1317401024.176 | feat 3464/8160 | map   2953 | icp ok  iter  4 corr  3107 rms 0.0442   15.40 ms | p=(  126.24  -351.57  -2.48) v=9.29 m/s [KF]
[lio] t=1317401024.280 | feat 3593/8160 | map   2953 | icp ok  iter  5 corr  3200 rms 0.0399   18.92 ms | p=(  127.06  -352.03  -2.50) v=9.14 m/s
[lio] t=1317401024.383 | feat 3284/8160 | map   2953 | icp ok  iter  4 corr  2836 rms 0.0411   14.39 ms | p=(  127.90  -352.52  -2.53) v=9.23 m/s [KF]
[lio] t=1317401024.487 | feat 3253/8160 | map   2954 | icp ok  iter  4 corr  2859 rms 0.0424   13.52 ms | p=(  128.73  -352.99  -2.54) v=9.24 m/s
[lio] t=1317401024.591 | feat 2859/8160 | map   2954 | icp ok  iter  5 corr  2447 rms 0.0465   14.98 ms | p=(  129.56  -353.46  -2.57) v=9.17 m/s [KF]
[lio] t=1317401024.695 | feat 3150/8160 | map   2971 | icp ok  iter  5 corr  2762 rms 0.0430   17.17 ms | p=(  130.39  -353.93  -2.58) v=9.18 m/s
[lio] t=1317401024.798 | feat 2804/8160 | map   2971 | icp ok  iter  5 corr  2369 rms 0.0498   16.52 ms | p=(  131.26  -354.42  -2.60) v=9.43 m/s [KF]
[lio] t=1317401024.902 | feat 2722/8160 | map   3000 | icp ok  iter  4 corr  2339 rms 0.0381   11.96 ms | p=(  132.04  -354.86  -2.63) v=8.98 m/s
[lio] t=1317401025.006 | feat 2387/8160 | map   3000 | icp ok  iter  6 corr  2034 rms 0.0381   14.84 ms | p=(  132.84  -355.32  -2.66) v=8.91 m/s [KF]
[lio] t=1317401025.110 | feat 2675/8160 | map   2983 | icp ok  iter  5 corr  2405 rms 0.0367   14.29 ms | p=(  133.70  -355.80  -2.67) v=9.26 m/s
[lio] t=1317401025.214 | feat 2186/8160 | map   2983 | icp ok  iter  4 corr  1872 rms 0.0367    9.06 ms | p=(  134.52  -356.26  -2.69) v=9.12 m/s [KF]
[lio] t=1317401025.318 | feat 2609/8160 | map   2961 | icp ok  iter  2 corr  2302 rms 0.0371    5.63 ms | p=(  135.29  -356.70  -2.71) v=8.67 m/s
[lio] t=1317401025.421 | feat 2682/8160 | map   2961 | icp ok  iter  3 corr  2303 rms 0.0439   10.32 ms | p=(  136.07  -357.14  -2.72) v=8.59 m/s [KF]
[lio] t=1317401025.525 | feat 2378/8160 | map   2933 | icp ok  iter  4 corr  2025 rms 0.0449   10.74 ms | p=(  136.85  -357.59  -2.73) v=8.54 m/s
[lio] t=1317401025.629 | feat 2586/8160 | map   2933 | icp ok  iter  7 corr  2236 rms 0.0469   21.50 ms | p=(  137.58  -358.01  -2.77) v=8.14 m/s [KF]
[lio] t=1317401025.733 | feat 2365/8160 | map   2954 | icp ok  iter  7 corr  2025 rms 0.0418   17.80 ms | p=(  138.39  -358.48  -2.79) v=8.62 m/s
[lio] t=1317401025.837 | feat 2579/8160 | map   2954 | icp ok  iter  6 corr  2251 rms 0.1221   17.00 ms | p=(  139.06  -358.87  -2.83) v=7.85 m/s [KF]
[lio] t=1317401025.941 | feat 2404/8160 | map   2969 | icp ok  iter  4 corr  2051 rms 0.0353   10.74 ms | p=(  139.81  -359.29  -2.83) v=8.05 m/s
[lio] t=1317401026.045 | feat 2703/8160 | map   2969 | icp ok  iter  4 corr  2281 rms 0.0429   11.64 ms | p=(  140.48  -359.68  -2.84) v=7.60 m/s [KF]
[lio] t=1317401026.148 | feat 2614/8160 | map   2977 | icp ok  iter  4 corr  2192 rms 0.0375   11.18 ms | p=(  141.18  -360.09  -2.86) v=7.68 m/s
[lio] t=1317401026.252 | feat 3005/8160 | map   2977 | icp ok  iter  5 corr  2555 rms 0.0357   15.65 ms | p=(  141.87  -360.51  -2.89) v=7.66 m/s [KF]
[lio] t=1317401026.356 | feat 2992/8160 | map   2956 | icp ok  iter  4 corr  2611 rms 0.0326   13.19 ms | p=(  142.55  -360.92  -2.91) v=7.62 m/s
[lio] t=1317401026.460 | feat 3028/8160 | map   2956 | icp ok  iter  4 corr  2548 rms 0.0478   12.59 ms | p=(  143.21  -361.34  -2.92) v=7.56 m/s [KF]
[lio] t=1317401026.564 | feat 3085/8160 | map   2958 | icp ok  iter  4 corr  2673 rms 0.0338   12.29 ms | p=(  143.89  -361.75  -2.94) v=7.57 m/s
[lio] t=1317401026.668 | feat 3090/8160 | map   2958 | icp ok  iter  4 corr  2587 rms 0.0362   14.40 ms | p=(  144.55  -362.18  -2.95) v=7.49 m/s [KF]
[lio] t=1317401026.772 | feat 3053/8152 | map   2970 | icp ok  iter  4 corr  2628 rms 0.0414   12.42 ms | p=(  145.21  -362.62  -2.97) v=7.51 m/s
[lio] t=1317401026.876 | feat 2999/8160 | map   2970 | icp ok  iter  5 corr  2582 rms 0.0343   15.96 ms | p=(  145.80  -363.04  -2.98) v=7.14 m/s [KF]
[lio] t=1317401026.980 | feat 2777/8157 | map   2912 | icp ok  iter  4 corr  2255 rms 0.0336   11.52 ms | p=(  146.43  -363.49  -2.99) v=7.25 m/s
[lio] t=1317401027.084 | feat 3035/8149 | map   2912 | icp ok  iter 12 corr  2501 rms 0.0401   38.39 ms | p=(  146.99  -363.91  -3.00) v=6.92 m/s [KF]
[lio] t=1317401027.188 | feat 3333/8160 | map   2894 | icp ok  iter 12 corr  2856 rms 0.0383   41.95 ms | p=(  147.58  -364.34  -3.02) v=6.95 m/s
[lio] t=1317401027.292 | feat 3203/8160 | map   2894 | icp ok  iter  6 corr  2664 rms 0.0359   20.99 ms | p=(  148.17  -364.79  -3.03) v=7.01 m/s [KF]
[lio] t=1317401027.396 | feat 2929/8160 | map   2872 | icp ok  iter  5 corr  2407 rms 0.0324   14.49 ms | p=(  148.70  -365.21  -3.05) v=6.66 m/s
[lio] t=1317401027.500 | feat 2887/8149 | map   2872 | icp ok  iter  5 corr  2336 rms 0.0351   15.18 ms | p=(  149.27  -365.67  -3.06) v=6.81 m/s [KF]
[lio] t=1317401027.604 | feat 2794/8160 | map   2860 | icp ok  iter 12 corr  2298 rms 0.0485   40.08 ms | p=(  149.81  -366.11  -3.07) v=6.67 m/s
[lio] t=1317401027.708 | feat 2622/8160 | map   2860 | icp ok  iter  4 corr  2062 rms 0.0686   10.12 ms | p=(  150.27  -366.50  -3.09) v=6.03 m/s [KF]
[lio] t=1317401027.812 | feat 2242/8160 | map   2846 | icp ok  iter  5 corr  1803 rms 0.0385   11.39 ms | p=(  150.78  -366.92  -3.11) v=6.21 m/s
[lio] t=1317401027.916 | feat 2452/8160 | map   2846 | icp ok  iter 12 corr  2060 rms 0.0391   28.46 ms | p=(  151.27  -367.34  -3.14) v=6.07 m/s [KF]
[lio] t=1317401028.019 | feat 2528/8160 | map   2807 | icp ok  iter  4 corr  2194 rms 0.0413   11.80 ms | p=(  151.71  -367.74  -3.16) v=5.78 m/s
[lio] t=1317401028.123 | feat 2361/8160 | map   2807 | icp ok  iter  6 corr  2010 rms 0.0410   15.52 ms | p=(  152.16  -368.11  -3.17) v=5.58 m/s [KF]
[lio] t=1317401028.227 | feat 2076/8160 | map   2798 | icp ok  iter  4 corr  1743 rms 0.0348    8.59 ms | p=(  152.59  -368.49  -3.19) v=5.46 m/s
[lio] t=1317401028.331 | feat 1945/8160 | map   2798 | icp ok  iter  3 corr  1610 rms 0.0331    5.60 ms | p=(  153.00  -368.84  -3.21) v=5.15 m/s [KF]
[lio] t=1317401028.434 | feat 1920/8160 | map   2720 | icp ok  iter  5 corr  1606 rms 0.0309    8.67 ms | p=(  153.43  -369.21  -3.24) v=5.25 m/s
[lio] t=1317401028.538 | feat 2045/8160 | map   2720 | icp ok  iter 12 corr  1746 rms 0.0406   28.02 ms | p=(  153.81  -369.53  -3.26) v=4.84 m/s [KF]
[lio] t=1317401028.642 | feat 2009/8160 | map   2711 | icp ok  iter  4 corr  1714 rms 0.0364    8.78 ms | p=(  154.14  -369.82  -3.28) v=4.36 m/s
[lio] t=1317401028.746 | feat 2001/8160 | map   2711 | icp ok  iter  4 corr  1667 rms 0.0320    6.71 ms | p=(  154.58  -370.16  -3.30) v=4.92 m/s
[lio] t=1317401028.850 | feat 2068/8160 | map   2711 | icp ok  iter 12 corr  1702 rms 0.0368   25.92 ms | p=(  154.91  -370.46  -3.31) v=4.44 m/s [KF]
[lio] t=1317401028.953 | feat 2167/8160 | map   2728 | icp ok  iter  4 corr  1839 rms 0.0415    8.25 ms | p=(  155.20  -370.71  -3.34) v=3.87 m/s
[lio] t=1317401029.057 | feat 2255/8160 | map   2728 | icp ok  iter 12 corr  1978 rms 0.0351   30.32 ms | p=(  155.56  -371.00  -3.35) v=4.14 m/s
[lio] t=1317401029.161 | feat 2290/8160 | map   2728 | icp ok  iter  5 corr  1991 rms 0.0436   12.46 ms | p=(  155.82  -371.21  -3.37) v=3.47 m/s [KF]
[lio] t=1317401029.265 | feat 2438/8160 | map   2754 | icp ok  iter  5 corr  2206 rms 0.0348   12.87 ms | p=(  156.18  -371.49  -3.38) v=3.90 m/s
[lio] t=1317401029.368 | feat 2525/8160 | map   2754 | icp ok  iter  5 corr  2252 rms 0.0393   14.33 ms | p=(  156.43  -371.71  -3.39) v=3.41 m/s
[lio] t=1317401029.472 | feat 2651/8160 | map   2754 | icp ok  iter  8 corr  2326 rms 0.0526   27.75 ms | p=(  156.70  -371.97  -3.41) v=3.35 m/s [KF]
[lio] t=1317401029.576 | feat 2775/8160 | map   2862 | icp ok  iter 12 corr  2552 rms 0.0311   38.97 ms | p=(  156.96  -372.15  -3.41) v=3.01 m/s
[lio] t=1317401029.680 | feat 2837/8160 | map   2862 | icp ok  iter  6 corr  2623 rms 0.0347   18.51 ms | p=(  157.17  -372.33  -3.41) v=2.60 m/s
[lio] t=1317401029.784 | feat 2772/8160 | map   2862 | icp ok  iter 12 corr  2469 rms 0.0407   39.71 ms | p=(  157.38  -372.46  -3.42) v=2.33 m/s
[lio] t=1317401029.887 | feat 2967/8160 | map   2862 | icp ok  iter 12 corr  2466 rms 0.0470   39.84 ms | p=(  157.52  -372.68  -3.44) v=2.31 m/s [KF]
[lio] t=1317401029.991 | feat 3021/8160 | map   3080 | icp ok  iter 12 corr  2814 rms 0.0392   47.79 ms | p=(  157.67  -372.78  -3.44) v=1.84 m/s
[lio] t=1317401030.095 | feat 2722/8160 | map   3080 | icp ok  iter  7 corr  2412 rms 0.0372   22.67 ms | p=(  157.93  -372.89  -3.45) v=2.24 m/s
[lio] t=1317401030.198 | feat 2862/8160 | map   3080 | icp ok  iter  5 corr  2555 rms 0.0379   18.48 ms | p=(  158.02  -373.02  -3.45) v=1.69 m/s
[lio] t=1317401030.302 | feat 3252/8160 | map   3080 | icp ok  iter  6 corr  2842 rms 0.0383   22.98 ms | p=(  158.17  -373.09  -3.46) v=1.48 m/s
[lio] t=1317401030.406 | feat 3220/8160 | map   3080 | icp ok  iter 12 corr  2707 rms 0.0381   41.04 ms | p=(  158.32  -373.17  -3.46) v=1.52 m/s
[lio] t=1317401030.510 | feat 3147/8160 | map   3080 | icp ok  iter 12 corr  2534 rms 0.0388   41.60 ms | p=(  158.45  -373.21  -3.47) v=1.32 m/s [KF]
[lio] t=1317401030.613 | feat 3110/8160 | map   3274 | icp ok  iter  5 corr  2947 rms 0.0291   18.90 ms | p=(  158.54  -373.31  -3.47) v=1.31 m/s
[lio] t=1317401030.717 | feat 3096/8160 | map   3274 | icp ok  iter 12 corr  2909 rms 0.0308   42.65 ms | p=(  158.67  -373.37  -3.47) v=1.30 m/s
[lio] t=1317401030.821 | feat 3043/8160 | map   3274 | icp ok  iter 12 corr  2776 rms 0.0294   39.16 ms | p=(  158.79  -373.43  -3.47) v=1.32 m/s
[lio] t=1317401030.925 | feat 3066/8160 | map   3274 | icp ok  iter  7 corr  2680 rms 0.0319   23.71 ms | p=(  158.94  -373.50  -3.47) v=1.48 m/s
[lio] t=1317401031.029 | feat 3132/8160 | map   3274 | icp ok  iter  4 corr  2781 rms 0.0332   13.01 ms | p=(  159.06  -373.55  -3.47) v=1.31 m/s
[lio] t=1317401031.132 | feat 3015/8160 | map   3274 | icp ok  iter 12 corr  2553 rms 0.0333   42.57 ms | p=(  159.12  -373.60  -3.48) v=0.96 m/s
[lio] t=1317401031.236 | feat 3049/8160 | map   3274 | icp ok  iter  3 corr  2586 rms 0.0346   11.38 ms | p=(  159.24  -373.64  -3.48) v=1.13 m/s
[lio] t=1317401031.340 | feat 2935/8160 | map   3274 | icp ok  iter  6 corr  2484 rms 0.0328   19.01 ms | p=(  159.41  -373.71  -3.48) v=1.53 m/s [KF]
[lio] t=1317401031.444 | feat 2949/8160 | map   3525 | icp ok  iter  5 corr  2777 rms 0.0278   18.50 ms | p=(  159.48  -373.81  -3.48) v=1.34 m/s
[lio] t=1317401031.547 | feat 2818/8160 | map   3525 | icp ok  iter  7 corr  2617 rms 0.0294   21.47 ms | p=(  159.72  -373.87  -3.48) v=1.98 m/s
[lio] t=1317401031.651 | feat 2877/8160 | map   3525 | icp ok  iter  5 corr  2573 rms 0.0327   16.67 ms | p=(  159.78  -373.87  -3.48) v=1.21 m/s
[lio] t=1317401031.755 | feat 2703/8160 | map   3525 | icp ok  iter  5 corr  2395 rms 0.0359   14.67 ms | p=(  159.96  -373.95  -3.49) v=1.70 m/s
[lio] t=1317401031.859 | feat 2642/8160 | map   3525 | icp ok  iter  9 corr  2331 rms 0.0348   27.00 ms | p=(  160.16  -373.97  -3.49) v=1.89 m/s
[lio] t=1317401031.962 | feat 2713/8160 | map   3525 | icp ok  iter  3 corr  2377 rms 0.0311   10.99 ms | p=(  160.35  -374.05  -3.48) v=2.05 m/s [KF]
[lio] t=1317401032.066 | feat 2895/8160 | map   3678 | icp ok  iter  7 corr  2702 rms 0.0294   23.39 ms | p=(  160.57  -374.07  -3.48) v=2.17 m/s
[lio] t=1317401032.170 | feat 2803/8160 | map   3678 | icp ok  iter  5 corr  2571 rms 0.0277   14.16 ms | p=(  160.79  -374.13  -3.47) v=2.27 m/s
[lio] t=1317401032.273 | feat 2896/8160 | map   3678 | icp ok  iter  4 corr  2645 rms 0.0290   15.35 ms | p=(  161.04  -374.20  -3.48) v=2.49 m/s
[lio] t=1317401032.377 | feat 2853/8160 | map   3678 | icp ok  iter  5 corr  2592 rms 0.0294   14.98 ms | p=(  161.27  -374.20  -3.48) v=2.46 m/s
[lio] t=1317401032.481 | feat 2887/8160 | map   3678 | icp ok  iter  5 corr  2648 rms 0.0340   16.77 ms | p=(  161.54  -374.23  -3.48) v=2.64 m/s [KF]
[lio] t=1317401032.584 | feat 2881/8160 | map   3874 | icp ok  iter  4 corr  2727 rms 0.0234   16.41 ms | p=(  161.83  -374.26  -3.47) v=2.82 m/s
[lio] t=1317401032.688 | feat 2860/8124 | map   3874 | icp ok  iter  4 corr  2683 rms 0.0323   13.40 ms | p=(  162.13  -374.27  -3.48) v=2.95 m/s
[lio] t=1317401032.792 | feat 2815/8128 | map   3874 | icp ok  iter 12 corr  2658 rms 0.0315   46.14 ms | p=(  162.43  -374.28  -3.47) v=3.01 m/s
[lio] t=1317401032.895 | feat 2989/8120 | map   3874 | icp ok  iter  4 corr  2767 rms 0.0333   11.20 ms | p=(  162.74  -374.25  -3.48) v=3.16 m/s [KF]
[lio] t=1317401032.999 | feat 2831/8142 | map   3979 | icp ok  iter  4 corr  2686 rms 0.0316   12.02 ms | p=(  163.09  -374.22  -3.48) v=3.37 m/s
[lio] t=1317401033.103 | feat 3026/8160 | map   3979 | icp ok  iter  4 corr  2848 rms 0.0365   12.83 ms | p=(  163.45  -374.16  -3.48) v=3.57 m/s
[lio] t=1317401033.206 | feat 3018/8154 | map   3979 | icp ok  iter  3 corr  2787 rms 0.0408   10.38 ms | p=(  163.81  -374.08  -3.48) v=3.66 m/s [KF]
[lio] t=1317401033.310 | feat 2863/8160 | map   4117 | icp ok  iter  3 corr  2675 rms 0.0339   10.41 ms | p=(  164.19  -374.02  -3.47) v=3.78 m/s
[lio] t=1317401033.414 | feat 2863/8143 | map   4117 | icp ok  iter  4 corr  2644 rms 0.0351   11.14 ms | p=(  164.56  -373.88  -3.46) v=3.87 m/s
[lio] t=1317401033.517 | feat 2689/8160 | map   4117 | icp ok  iter  4 corr  2431 rms 0.0341   12.69 ms | p=(  164.97  -373.71  -3.45) v=4.22 m/s [KF]
[lio] t=1317401033.621 | feat 2709/8160 | map   4257 | icp ok  iter  5 corr  2494 rms 0.0301   14.45 ms | p=(  165.37  -373.53  -3.44) v=4.35 m/s
[lio] t=1317401033.725 | feat 2839/8160 | map   4257 | icp ok  iter 12 corr  2618 rms 0.0348   38.41 ms | p=(  165.78  -373.34  -3.43) v=4.46 m/s
[lio] t=1317401033.829 | feat 2651/8160 | map   4257 | icp ok  iter  4 corr  2380 rms 0.0375   10.92 ms | p=(  166.22  -373.10  -3.41) v=4.79 m/s [KF]
[lio] t=1317401033.933 | feat 2829/8152 | map   4472 | icp ok  iter  4 corr  2629 rms 0.0602   14.70 ms | p=(  166.66  -372.81  -3.39) v=5.07 m/s
[lio] t=1317401034.037 | feat 2805/8145 | map   4472 | icp ok  iter  6 corr  2584 rms 0.0551   20.70 ms | p=(  167.04  -372.55  -3.37) v=4.82 m/s
[lio] t=1317401034.140 | feat 2858/8147 | map   4472 | icp ok  iter  4 corr  2642 rms 0.0477   15.77 ms | p=(  167.45  -372.22  -3.35) v=5.09 m/s [KF]
[lio] t=1317401034.244 | feat 2915/8151 | map   4684 | icp ok  iter  6 corr  2671 rms 0.0510   22.42 ms | p=(  167.78  -371.90  -3.34) v=4.81 m/s
[lio] t=1317401034.349 | feat 2977/8148 | map   4684 | icp ok  iter  6 corr  2736 rms 0.0426   22.10 ms | p=(  168.22  -371.58  -3.32) v=5.20 m/s [KF]
[lio] t=1317401034.453 | feat 3063/8160 | map   4819 | icp ok  iter  6 corr  2829 rms 0.0410   22.11 ms | p=(  168.70  -371.11  -3.29) v=6.08 m/s
[lio] t=1317401034.557 | feat 3245/8160 | map   4819 | icp ok  iter  4 corr  2960 rms 0.0837   15.12 ms | p=(  169.16  -370.66  -3.27) v=6.25 m/s [KF]
[lio] t=1317401034.661 | feat 3150/8160 | map   4936 | icp ok  iter  7 corr  2889 rms 0.0434   30.52 ms | p=(  169.78  -370.00  -3.23) v=7.85 m/s
[lio] t=1317401034.765 | feat 2999/8160 | map   4936 | icp ok  iter  7 corr  2756 rms 0.0394   27.03 ms | p=(  170.11  -369.65  -3.21) v=5.99 m/s [KF]
[lio] t=1317401034.869 | feat 3016/8160 | map   5017 | icp ok  iter  5 corr  2794 rms 0.0367   21.34 ms | p=(  170.62  -369.15  -3.18) v=6.66 m/s
[lio] t=1317401034.974 | feat 3264/8160 | map   5017 | icp ok  iter  3 corr  2934 rms 0.0461   14.31 ms | p=(  171.10  -368.59  -3.14) v=7.00 m/s [KF]
[lio] t=1317401035.078 | feat 3390/8160 | map   5067 | icp ok  iter  4 corr  3057 rms 0.0306   13.54 ms | p=(  171.55  -368.07  -3.10) v=6.88 m/s
[lio] t=1317401035.182 | feat 3224/8160 | map   5067 | icp ok  iter  5 corr  2943 rms 0.0334   21.86 ms | p=(  172.06  -367.49  -3.06) v=7.27 m/s [KF]
[lio] t=1317401035.286 | feat 3354/8160 | map   5142 | icp ok  iter  5 corr  3094 rms 0.0340   22.58 ms | p=(  172.56  -366.87  -3.02) v=7.64 m/s
[lio] t=1317401035.390 | feat 3268/8160 | map   5142 | icp ok  iter  6 corr  2977 rms 0.0507   23.57 ms | p=(  173.12  -366.20  -2.97) v=8.18 m/s [KF]
[lio] t=1317401035.495 | feat 3112/8160 | map   5198 | icp ok  iter  5 corr  2864 rms 0.0307   15.06 ms | p=(  173.66  -365.54  -2.92) v=8.31 m/s
[lio] t=1317401035.599 | feat 3011/8160 | map   5198 | icp ok  iter  6 corr  2782 rms 0.0342   22.98 ms | p=(  174.16  -364.94  -2.88) v=7.88 m/s [KF]
[lio] t=1317401035.703 | feat 3108/8160 | map   5249 | icp ok  iter  2 corr  2856 rms 0.0591    9.15 ms | p=(  174.73  -364.25  -2.83) v=8.41 m/s
[lio] t=1317401035.807 | feat 3100/8160 | map   5249 | icp ok  iter  5 corr  2825 rms 0.0412   17.03 ms | p=(  175.29  -363.55  -2.78) v=8.66 m/s [KF]
[lio] t=1317401035.911 | feat 2918/8160 | map   5353 | icp ok  iter 12 corr  2668 rms 0.0304   42.77 ms | p=(  175.84  -362.87  -2.74) v=8.59 m/s
[lio] t=1317401036.015 | feat 2932/8160 | map   5353 | icp ok  iter  4 corr  2644 rms 0.0349   14.33 ms | p=(  176.39  -362.18  -2.69) v=8.62 m/s [KF]
[lio] t=1317401036.119 | feat 2919/8160 | map   5429 | icp ok  iter  5 corr  2647 rms 0.0289   15.84 ms | p=(  176.98  -361.44  -2.63) v=9.00 m/s
[lio] t=1317401036.223 | feat 3078/8160 | map   5429 | icp ok  iter 12 corr  2827 rms 0.0378   47.64 ms | p=(  177.58  -360.69  -2.59) v=9.19 m/s [KF]
[lio] t=1317401036.327 | feat 3055/8160 | map   5516 | icp ok  iter  4 corr  2776 rms 0.0331   11.58 ms | p=(  178.20  -359.91  -2.53) v=9.46 m/s
[lio] t=1317401036.431 | feat 3094/8160 | map   5516 | icp ok  iter  7 corr  2718 rms 0.0364   24.99 ms | p=(  178.79  -359.16  -2.48) v=9.37 m/s [KF]
[lio] t=1317401036.535 | feat 3072/8160 | map   5624 | icp ok  iter  5 corr  2778 rms 0.0353   17.53 ms | p=(  179.37  -358.41  -2.43) v=9.24 m/s
[lio] t=1317401036.639 | feat 3144/8160 | map   5624 | icp ok  iter  4 corr  2861 rms 0.0346   13.30 ms | p=(  180.03  -357.59  -2.37) v=9.77 m/s [KF]
[lio] t=1317401036.743 | feat 3136/8160 | map   5684 | icp ok  iter  5 corr  2900 rms 0.0343   18.18 ms | p=(  180.61  -356.82  -2.32) v=9.49 m/s
[lio] t=1317401036.847 | feat 3146/8160 | map   5684 | icp ok  iter  3 corr  2857 rms 0.0441   11.81 ms | p=(  181.23  -356.01  -2.27) v=9.70 m/s [KF]
[lio] t=1317401036.951 | feat 3263/8160 | map   5736 | icp ok  iter  3 corr  2985 rms 0.0354   12.43 ms | p=(  181.86  -355.21  -2.21) v=9.76 m/s [KF]
[lio] t=1317401037.055 | feat 3262/8160 | map   5809 | icp ok  iter  5 corr  2928 rms 0.0354   18.20 ms | p=(  182.47  -354.42  -2.15) v=9.65 m/s
[lio] t=1317401037.159 | feat 3387/8160 | map   5809 | icp ok  iter  3 corr  3050 rms 0.0392   13.04 ms | p=(  183.09  -353.61  -2.10) v=9.71 m/s [KF]
[lio] t=1317401037.263 | feat 3289/8160 | map   5812 | icp ok  iter  5 corr  2963 rms 0.0352   17.75 ms | p=(  183.70  -352.81  -2.05) v=9.67 m/s [KF]
[lio] t=1317401037.367 | feat 3389/8160 | map   5750 | icp ok  iter  5 corr  3049 rms 0.0332   16.75 ms | p=(  184.32  -352.02  -1.99) v=9.64 m/s [KF]
[lio] t=1317401037.471 | feat 3484/8160 | map   5666 | icp ok  iter  4 corr  3046 rms 0.0716   15.87 ms | p=(  184.95  -351.21  -1.95) v=9.73 m/s [KF]
[lio] t=1317401037.575 | feat 3299/8160 | map   5626 | icp ok  iter  4 corr  2820 rms 0.0328   11.96 ms | p=(  185.55  -350.44  -1.90) v=9.46 m/s
[lio] t=1317401037.679 | feat 3476/8160 | map   5626 | icp ok  iter  4 corr  3017 rms 0.0371   14.68 ms | p=(  186.18  -349.64  -1.85) v=9.62 m/s [KF]
[lio] t=1317401037.783 | feat 3418/8160 | map   5613 | icp ok  iter  4 corr  3046 rms 0.0358   16.46 ms | p=(  186.80  -348.84  -1.80) v=9.64 m/s [KF]
[lio] t=1317401037.887 | feat 3489/8160 | map   5575 | icp ok  iter  4 corr  3094 rms 0.1111   15.23 ms | p=(  187.39  -348.05  -1.77) v=9.51 m/s
[lio] t=1317401037.991 | feat 3419/8160 | map   5575 | icp ok  iter  4 corr  2928 rms 0.0864   15.58 ms | p=(  188.01  -347.27  -1.71) v=9.52 m/s [KF]
[lio] t=1317401038.095 | feat 3346/8160 | map   5549 | icp ok  iter  4 corr  2906 rms 0.0366   16.24 ms | p=(  188.60  -346.49  -1.66) v=9.41 m/s
[lio] t=1317401038.199 | feat 3113/8160 | map   5549 | icp ok  iter  4 corr  2558 rms 0.0333   12.11 ms | p=(  189.22  -345.70  -1.61) v=9.53 m/s [KF]
[lio] t=1317401038.303 | feat 3284/8160 | map   5465 | icp ok  iter 12 corr  2769 rms 0.0358   40.20 ms | p=(  189.84  -344.91  -1.57) v=9.55 m/s [KF]
[lio] t=1317401038.407 | feat 2886/8160 | map   5333 | icp ok  iter  4 corr  2518 rms 0.0416   12.97 ms | p=(  190.43  -344.12  -1.53) v=9.46 m/s
[lio] t=1317401038.511 | feat 3129/8160 | map   5333 | icp ok  iter  4 corr  2635 rms 0.0490   13.99 ms | p=(  191.01  -343.36  -1.48) v=9.28 m/s [KF]
[lio] t=1317401038.615 | feat 2796/8160 | map   5146 | icp ok  iter  4 corr  2336 rms 0.0343   10.65 ms | p=(  191.62  -342.59  -1.44) v=9.32 m/s
[lio] t=1317401038.718 | feat 2689/8160 | map   5146 | icp ok  iter  4 corr  2273 rms 0.0408   11.84 ms | p=(  192.19  -341.82  -1.40) v=9.19 m/s [KF]
[lio] t=1317401038.822 | feat 2554/8160 | map   5048 | icp ok  iter  7 corr  2103 rms 0.0397   19.29 ms | p=(  192.84  -341.02  -1.35) v=9.50 m/s [KF]
[lio] t=1317401038.926 | feat 2654/8160 | map   4908 | icp ok  iter  4 corr  2172 rms 0.0356   10.68 ms | p=(  193.40  -340.27  -1.30) v=9.12 m/s
[lio] t=1317401039.030 | feat 2786/8160 | map   4908 | icp ok  iter  6 corr  2242 rms 0.0372   17.12 ms | p=(  193.99  -339.51  -1.25) v=9.07 m/s [KF]
[lio] t=1317401039.134 | feat 2638/8160 | map   4830 | icp ok  iter  4 corr  2119 rms 0.0332   11.07 ms | p=(  194.56  -338.78  -1.21) v=8.89 m/s
[lio] t=1317401039.237 | feat 2574/8160 | map   4830 | icp ok  iter 12 corr  2073 rms 0.0324   29.76 ms | p=(  195.11  -338.03  -1.15) v=8.86 m/s [KF]
[lio] t=1317401039.341 | feat 2645/8160 | map   4792 | icp ok  iter  4 corr  2084 rms 0.0472   11.42 ms | p=(  195.63  -337.32  -1.11) v=8.53 m/s
[lio] t=1317401039.445 | feat 2667/8160 | map   4792 | icp ok  iter  4 corr  2074 rms 0.0295    9.36 ms | p=(  196.13  -336.60  -1.06) v=8.38 m/s [KF]
[lio] t=1317401039.548 | feat 2713/8160 | map   4724 | icp ok  iter  4 corr  2139 rms 0.0310   10.32 ms | p=(  196.62  -335.83  -1.01) v=8.55 m/s
[lio] t=1317401039.652 | feat 2670/8160 | map   4724 | icp ok  iter  5 corr  2127 rms 0.0281   11.81 ms | p=(  197.09  -335.08  -0.97) v=8.46 m/s [KF]
[lio] t=1317401039.756 | feat 2491/8160 | map   4681 | icp ok  iter  4 corr  1991 rms 0.0271   10.45 ms | p=(  197.53  -334.35  -0.92) v=8.27 m/s
[lio] t=1317401039.859 | feat 2456/8160 | map   4681 | icp ok  iter  5 corr  1940 rms 0.0316   12.62 ms | p=(  197.97  -333.62  -0.86) v=8.21 m/s [KF]
[lio] t=1317401039.963 | feat 2557/8160 | map   4593 | icp ok  iter  5 corr  2050 rms 0.0312   13.66 ms | p=(  198.33  -332.92  -0.82) v=7.77 m/s
[lio] t=1317401040.067 | feat 2395/8160 | map   4593 | icp ok  iter  5 corr  1903 rms 0.0300   12.89 ms | p=(  198.72  -332.10  -0.77) v=8.30 m/s [KF]
[lio] t=1317401040.170 | feat 2580/8160 | map   4512 | icp ok  iter  5 corr  2064 rms 0.0358   13.03 ms | p=(  199.06  -331.39  -0.73) v=7.80 m/s
[lio] t=1317401040.274 | feat 2455/8160 | map   4512 | icp ok  iter  5 corr  1974 rms 0.0304   13.83 ms | p=(  199.37  -330.49  -0.68) v=8.57 m/s [KF]
[lio] t=1317401040.378 | feat 2606/8160 | map   4405 | icp ok  iter 12 corr  2117 rms 0.0307   33.32 ms | p=(  199.73  -329.70  -0.63) v=8.38 m/s
[lio] t=1317401040.481 | feat 2580/8160 | map   4405 | icp ok  iter  5 corr  2010 rms 0.0278   13.83 ms | p=(  199.97  -328.95  -0.58) v=7.89 m/s [KF]
[lio] t=1317401040.585 | feat 2541/8160 | map   4379 | icp ok  iter  6 corr  2029 rms 0.0229   14.54 ms | p=(  200.21  -328.18  -0.54) v=7.74 m/s
[lio] t=1317401040.689 | feat 2704/8160 | map   4379 | icp ok  iter  3 corr  2036 rms 0.0282    8.19 ms | p=(  200.44  -327.36  -0.47) v=8.01 m/s [KF]
[lio] t=1317401040.793 | feat 2852/8160 | map   4363 | icp ok  iter  4 corr  2227 rms 0.0336   11.90 ms | p=(  200.64  -326.51  -0.41) v=8.26 m/s
[lio] t=1317401040.897 | feat 2870/8160 | map   4363 | icp ok  iter  6 corr  2246 rms 0.0339   18.22 ms | p=(  200.76  -325.77  -0.38) v=7.60 m/s [KF]
[lio] t=1317401041.000 | feat 2990/8160 | map   4360 | icp ok  iter  3 corr  2500 rms 0.0261   11.03 ms | p=(  200.87  -324.93  -0.35) v=7.94 m/s
[lio] t=1317401041.104 | feat 3065/8160 | map   4360 | icp ok  iter  4 corr  2653 rms 0.0311   13.51 ms | p=(  201.02  -324.06  -0.30) v=8.30 m/s [KF]
[lio] t=1317401041.208 | feat 3198/8160 | map   4308 | icp ok  iter  4 corr  2744 rms 0.0248   13.61 ms | p=(  201.11  -323.18  -0.26) v=8.41 m/s
[lio] t=1317401041.312 | feat 3321/8160 | map   4308 | icp ok  iter  4 corr  2767 rms 0.0421   14.06 ms | p=(  201.19  -322.32  -0.20) v=8.38 m/s [KF]
[lio] t=1317401041.416 | feat 3336/8160 | map   4328 | icp ok  iter  4 corr  2849 rms 0.0265   14.34 ms | p=(  201.23  -321.46  -0.15) v=8.35 m/s
[lio] t=1317401041.520 | feat 3154/8160 | map   4328 | icp ok  iter  4 corr  2570 rms 0.0240   11.62 ms | p=(  201.26  -320.61  -0.11) v=8.31 m/s [KF]
[lio] t=1317401041.624 | feat 3204/8160 | map   4287 | icp ok  iter  4 corr  2686 rms 0.0283   14.08 ms | p=(  201.27  -319.68  -0.06) v=8.69 m/s
[lio] t=1317401041.728 | feat 3289/8160 | map   4287 | icp ok  iter  6 corr  2678 rms 0.0299   18.77 ms | p=(  201.24  -318.81  -0.02) v=8.56 m/s [KF]
[lio] t=1317401041.832 | feat 3198/8160 | map   4294 | icp ok  iter  3 corr  2631 rms 0.0238   10.09 ms | p=(  201.22  -317.90   0.02) v=8.72 m/s
[lio] t=1317401041.936 | feat 3160/8160 | map   4294 | icp ok  iter  4 corr  2537 rms 0.0239   11.96 ms | p=(  201.18  -316.99   0.07) v=8.76 m/s [KF]
[lio] t=1317401042.040 | feat 3113/8160 | map   4331 | icp ok  iter  4 corr  2538 rms 0.0300   11.61 ms | p=(  201.14  -316.05   0.13) v=8.97 m/s
[lio] t=1317401042.144 | feat 3411/8160 | map   4331 | icp ok  iter 12 corr  2868 rms 0.0332   39.18 ms | p=(  201.05  -315.12   0.17) v=8.99 m/s [KF]
[lio] t=1317401042.248 | feat 3426/8160 | map   4383 | icp ok  iter  4 corr  2917 rms 0.0284   13.12 ms | p=(  200.98  -314.18   0.21) v=9.09 m/s
[lio] t=1317401042.352 | feat 3367/8160 | map   4383 | icp ok  iter  4 corr  2757 rms 0.0438   13.68 ms | p=(  200.89  -313.25   0.26) v=9.06 m/s [KF]
[lio] t=1317401042.456 | feat 3389/8160 | map   4378 | icp ok  iter  4 corr  2793 rms 0.0313   12.99 ms | p=(  200.79  -312.26   0.32) v=9.45 m/s [KF]
[lio] t=1317401042.560 | feat 3029/8160 | map   4328 | icp ok  iter  4 corr  2454 rms 0.0287   10.97 ms | p=(  200.68  -311.30   0.37) v=9.37 m/s
[lio] t=1317401042.664 | feat 2974/8160 | map   4328 | icp ok  iter  5 corr  2295 rms 0.0368   15.43 ms | p=(  200.56  -310.28   0.43) v=9.72 m/s [KF]
[lio] t=1317401042.768 | feat 3073/8160 | map   4236 | icp ok  iter  4 corr  2421 rms 0.0278   10.62 ms | p=(  200.44  -309.29   0.47) v=9.67 m/s
[lio] t=1317401042.872 | feat 3204/8160 | map   4236 | icp ok  iter  4 corr  2620 rms 0.0319   12.98 ms | p=(  200.31  -308.30   0.53) v=9.72 m/s [KF]
[lio] t=1317401042.976 | feat 3042/8160 | map   4171 | icp ok  iter  3 corr  2398 rms 0.0314    9.63 ms | p=(  200.17  -307.28   0.56) v=9.82 m/s [KF]
[lio] t=1317401043.080 | feat 3087/8160 | map   4131 | icp ok  iter  4 corr  2470 rms 0.0327   11.83 ms | p=(  200.04  -306.26   0.62) v=9.92 m/s [KF]
[lio] t=1317401043.184 | feat 3442/8160 | map   4038 | icp ok  iter  4 corr  2702 rms 0.0330   13.02 ms | p=(  199.88  -305.26   0.66) v=9.88 m/s [KF]
[lio] t=1317401043.288 | feat 3451/8160 | map   3956 | icp ok  iter  4 corr  2725 rms 0.0384   13.49 ms | p=(  199.74  -304.18   0.71) v=10.24 m/s [KF]
[lio] t=1317401043.392 | feat 3638/8160 | map   3919 | icp ok  iter  3 corr  2869 rms 0.0367   11.63 ms | p=(  199.60  -303.15   0.76) v=10.19 m/s [KF]
[lio] t=1317401043.496 | feat 3510/8160 | map   3903 | icp ok  iter 12 corr  2770 rms 0.0326   42.20 ms | p=(  199.45  -302.08   0.81) v=10.31 m/s [KF]
[lio] t=1317401043.600 | feat 3401/8160 | map   3874 | icp ok  iter  4 corr  2639 rms 0.0368   13.47 ms | p=(  199.28  -300.97   0.85) v=10.68 m/s [KF]
[lio] t=1317401043.704 | feat 3448/8138 | map   3809 | icp ok  iter  3 corr  2674 rms 0.0430   12.49 ms | p=(  199.12  -299.91   0.90) v=10.52 m/s [KF]
[lio] t=1317401043.808 | feat 3469/8160 | map   3758 | icp ok  iter  4 corr  2628 rms 0.0312   12.37 ms | p=(  198.95  -298.81   0.95) v=10.64 m/s [KF]
[lio] t=1317401043.912 | feat 3161/8160 | map   3700 | icp ok  iter  4 corr  2466 rms 0.0442   13.28 ms | p=(  198.79  -297.72   0.99) v=10.67 m/s [KF]
[lio] t=1317401044.016 | feat 3158/8160 | map   3662 | icp ok  iter  4 corr  2364 rms 0.1036   11.48 ms | p=(  198.63  -296.62   1.04) v=10.72 m/s [KF]
[lio] t=1317401044.120 | feat 2886/8160 | map   3631 | icp ok  iter  4 corr  2133 rms 0.0288   10.57 ms | p=(  198.47  -295.49   1.09) v=10.90 m/s [KF]
[lio] t=1317401044.224 | feat 2619/8160 | map   3570 | icp ok  iter  5 corr  1976 rms 0.0327   11.51 ms | p=(  198.31  -294.38   1.14) v=10.88 m/s [KF]
[lio] t=1317401044.328 | feat 2579/8160 | map   3539 | icp ok  iter  5 corr  2027 rms 0.0362   14.59 ms | p=(  198.10  -293.18   1.20) v=11.43 m/s [KF]
[lio] t=1317401044.432 | feat 2344/8160 | map   3527 | icp ok  iter  4 corr  1778 rms 0.0340    9.29 ms | p=(  197.96  -292.08   1.25) v=10.98 m/s [KF]
[lio] t=1317401044.536 | feat 2252/8160 | map   3520 | icp ok  iter  5 corr  1727 rms 0.0398   12.78 ms | p=(  197.74  -290.91   1.30) v=11.32 m/s [KF]
[lio] t=1317401044.640 | feat 2176/8160 | map   3510 | icp ok  iter 12 corr  1729 rms 0.0380   26.08 ms | p=(  197.53  -289.76   1.35) v=11.29 m/s [KF]
[lio] t=1317401044.743 | feat 2321/8160 | map   3482 | icp ok  iter  6 corr  1769 rms 0.0403   14.47 ms | p=(  197.34  -288.60   1.41) v=11.32 m/s [KF]
[lio] t=1317401044.847 | feat 2490/8160 | map   3419 | icp ok  iter  3 corr  1903 rms 0.0607    6.55 ms | p=(  197.15  -287.43   1.46) v=11.35 m/s [KF]
[lio] t=1317401044.951 | feat 2494/8160 | map   3362 | icp ok  iter  3 corr  1788 rms 0.0367    6.27 ms | p=(  196.98  -286.28   1.52) v=11.21 m/s [KF]
[lio] t=1317401045.055 | feat 2455/8160 | map   3291 | icp ok  iter  5 corr  1863 rms 0.0285   12.21 ms | p=(  196.80  -285.12   1.58) v=11.24 m/s [KF]
[lio] t=1317401045.159 | feat 2749/8160 | map   3205 | icp ok  iter  4 corr  2085 rms 0.0498   11.35 ms | p=(  196.60  -283.97   1.64) v=11.21 m/s [KF]
[lio] t=1317401045.263 | feat 2634/8160 | map   3153 | icp ok  iter  5 corr  1830 rms 0.0387   13.28 ms | p=(  196.44  -282.81   1.70) v=11.23 m/s [KF]
[lio] t=1317401045.367 | feat 2666/8160 | map   3071 | icp ok  iter  4 corr  1982 rms 0.0549   10.36 ms | p=(  196.23  -281.63   1.75) v=11.36 m/s [KF]
[lio] t=1317401045.471 | feat 2550/8160 | map   2992 | icp ok  iter  4 corr  1859 rms 0.0354   11.05 ms | p=(  195.99  -280.48   1.80) v=11.30 m/s [KF]
[lio] t=1317401045.574 | feat 2442/8160 | map   2921 | icp ok  iter  4 corr  1767 rms 0.0513   10.26 ms | p=(  195.82  -279.34   1.86) v=11.11 m/s [KF]
[lio] t=1317401045.678 | feat 2377/8160 | map   2872 | icp ok  iter 12 corr  1752 rms 0.0375   29.65 ms | p=(  195.63  -278.19   1.90) v=11.15 m/s [KF]
[lio] t=1317401045.782 | feat 2402/8160 | map   2843 | icp ok  iter  4 corr  1791 rms 0.0263    8.84 ms | p=(  195.46  -277.04   1.94) v=11.13 m/s [KF]
[lio] t=1317401045.886 | feat 2397/8160 | map   2819 | icp ok  iter  6 corr  1783 rms 0.0269   14.49 ms | p=(  195.26  -275.93   1.99) v=10.93 m/s [KF]
[lio] t=1317401045.990 | feat 2258/8160 | map   2783 | icp ok  iter  5 corr  1639 rms 0.0393   11.62 ms | p=(  195.10  -274.78   2.04) v=11.06 m/s [KF]
[lio] t=1317401046.094 | feat 2354/8160 | map   2749 | icp ok  iter  4 corr  1796 rms 0.0392    8.56 ms | p=(  194.91  -273.61   2.10) v=11.18 m/s [KF]
[lio] t=1317401046.198 | feat 2215/8160 | map   2731 | icp ok  iter  4 corr  1668 rms 0.0304    9.11 ms | p=(  194.73  -272.49   2.15) v=11.00 m/s [KF]
[lio] t=1317401046.302 | feat 2284/8160 | map   2743 | icp ok  iter  4 corr  1620 rms 0.0246    7.23 ms | p=(  194.58  -271.38   2.20) v=10.81 m/s [KF]
[lio] t=1317401046.406 | feat 2371/8160 | map   2728 | icp ok  iter  4 corr  1871 rms 0.0307    9.17 ms | p=(  194.39  -270.23   2.26) v=11.03 m/s [KF]
[lio] t=1317401046.509 | feat 2547/8160 | map   2747 | icp ok  iter 12 corr  1981 rms 0.0291   30.14 ms | p=(  194.21  -269.08   2.31) v=11.10 m/s [KF]
[lio] t=1317401046.613 | feat 2523/8160 | map   2756 | icp ok  iter  3 corr  2014 rms 0.0324    7.40 ms | p=(  194.02  -267.95   2.37) v=11.03 m/s [KF]
[lio] t=1317401046.717 | feat 2451/8160 | map   2770 | icp ok  iter  3 corr  1954 rms 0.0292    8.39 ms | p=(  193.85  -266.82   2.42) v=11.00 m/s [KF]
[lio] t=1317401046.821 | feat 2523/8160 | map   2789 | icp ok  iter  6 corr  2070 rms 0.0364   15.77 ms | p=(  193.67  -265.72   2.47) v=10.85 m/s [KF]
[lio] t=1317401046.924 | feat 2393/8160 | map   2789 | icp ok  iter  5 corr  1931 rms 0.0293   11.48 ms | p=(  193.46  -264.59   2.52) v=10.94 m/s [KF]
[lio] t=1317401047.028 | feat 2436/8160 | map   2811 | icp ok  iter  4 corr  1984 rms 0.0265    9.10 ms | p=(  193.27  -263.46   2.57) v=10.96 m/s [KF]
[lio] t=1317401047.132 | feat 2390/8160 | map   2816 | icp ok  iter  5 corr  1977 rms 0.0260   12.02 ms | p=(  193.09  -262.36   2.62) v=10.81 m/s [KF]
[lio] t=1317401047.236 | feat 2430/8160 | map   2789 | icp ok  iter  3 corr  1968 rms 0.0275    7.71 ms | p=(  192.88  -261.22   2.67) v=10.97 m/s [KF]
[lio] t=1317401047.339 | feat 2423/8160 | map   2777 | icp ok  iter  4 corr  1937 rms 0.0852    9.46 ms | p=(  192.67  -260.10   2.71) v=10.99 m/s [KF]
[lio] t=1317401047.443 | feat 2516/8160 | map   2791 | icp ok  iter  5 corr  2027 rms 0.0287   13.36 ms | p=(  192.48  -259.00   2.76) v=10.81 m/s [KF]
[lio] t=1317401047.547 | feat 2668/8160 | map   2778 | icp ok  iter  5 corr  2139 rms 0.0344   13.26 ms | p=(  192.31  -257.88   2.82) v=10.86 m/s [KF]
[lio] t=1317401047.651 | feat 2825/8160 | map   2781 | icp ok  iter  4 corr  2247 rms 0.0323   10.94 ms | p=(  192.10  -256.79   2.86) v=10.72 m/s [KF]
[lio] t=1317401047.754 | feat 2359/8160 | map   2779 | icp ok  iter  4 corr  1885 rms 0.0287    8.00 ms | p=(  191.91  -255.68   2.91) v=10.76 m/s [KF]
[lio] t=1317401047.858 | feat 2679/8160 | map   2743 | icp ok  iter  4 corr  2145 rms 0.0299   11.36 ms | p=(  191.71  -254.56   2.96) v=10.86 m/s [KF]
[lio] t=1317401047.962 | feat 2564/8160 | map   2726 | icp ok  iter  4 corr  2058 rms 0.0299    9.80 ms | p=(  191.51  -253.46   3.00) v=10.80 m/s [KF]
[lio] t=1317401048.066 | feat 2437/8160 | map   2702 | icp ok  iter  3 corr  1980 rms 0.0283    7.43 ms | p=(  191.30  -252.35   3.04) v=10.79 m/s [KF]
[lio] t=1317401048.169 | feat 2814/8160 | map   2685 | icp ok  iter  5 corr  2215 rms 0.0384   11.97 ms | p=(  191.10  -251.23   3.08) v=10.85 m/s [KF]
[lio] t=1317401048.273 | feat 2723/8160 | map   2681 | icp ok  iter  4 corr  2220 rms 0.0325    9.18 ms | p=(  190.92  -250.14   3.12) v=10.74 m/s [KF]
[lio] t=1317401048.377 | feat 2773/8160 | map   2680 | icp ok  iter  3 corr  2263 rms 0.0438    9.71 ms | p=(  190.72  -249.00   3.16) v=10.95 m/s [KF]
[lio] t=1317401048.481 | feat 2815/8160 | map   2696 | icp ok  iter  4 corr  2280 rms 0.0389   10.44 ms | p=(  190.52  -247.92   3.20) v=10.73 m/s [KF]
[lio] t=1317401048.585 | feat 2808/8160 | map   2724 | icp ok  iter  4 corr  2277 rms 0.0329   11.42 ms | p=(  190.34  -246.85   3.25) v=10.49 m/s [KF]
[lio] t=1317401048.689 | feat 2827/8160 | map   2742 | icp ok  iter  4 corr  2327 rms 0.0345   12.69 ms | p=(  190.14  -245.72   3.29) v=10.84 m/s [KF]
[lio] t=1317401048.792 | feat 2672/8160 | map   2748 | icp ok  iter  4 corr  2213 rms 0.0294   10.13 ms | p=(  189.95  -244.60   3.33) v=10.84 m/s [KF]
[lio] t=1317401048.896 | feat 2711/8160 | map   2744 | icp ok  iter  4 corr  2304 rms 0.0376   11.89 ms | p=(  189.77  -243.50   3.37) v=10.80 m/s [KF]
[lio] t=1317401049.000 | feat 2641/8160 | map   2753 | icp ok  iter  4 corr  2220 rms 0.0407   10.49 ms | p=(  189.59  -242.41   3.41) v=10.66 m/s [KF]
[lio] t=1317401049.104 | feat 2713/8160 | map   2795 | icp ok  iter  5 corr  2284 rms 0.0306   12.20 ms | p=(  189.40  -241.32   3.45) v=10.61 m/s [KF]
[lio] t=1317401049.207 | feat 2657/8160 | map   2797 | icp ok  iter  5 corr  2259 rms 0.0345   14.17 ms | p=(  189.22  -240.26   3.49) v=10.45 m/s [KF]
[lio] t=1317401049.311 | feat 2674/8160 | map   2805 | icp ok  iter  7 corr  2219 rms 0.0294   17.77 ms | p=(  189.03  -239.13   3.53) v=10.83 m/s [KF]
[lio] t=1317401049.415 | feat 2731/8160 | map   2792 | icp ok  iter  4 corr  2201 rms 0.0288   11.01 ms | p=(  188.82  -237.99   3.57) v=10.98 m/s [KF]
[lio] t=1317401049.519 | feat 2856/8160 | map   2776 | icp ok  iter 12 corr  2321 rms 0.0270   35.26 ms | p=(  188.61  -236.88   3.60) v=10.89 m/s [KF]
[lio] t=1317401049.623 | feat 3024/8160 | map   2753 | icp ok  iter  5 corr  2470 rms 0.0656   13.95 ms | p=(  188.43  -235.79   3.65) v=10.73 m/s [KF]
[lio] t=1317401049.726 | feat 3142/8160 | map   2754 | icp ok  iter  4 corr  2716 rms 0.0434   13.07 ms | p=(  188.23  -234.68   3.68) v=10.85 m/s [KF]
[lio] t=1317401049.830 | feat 2952/8160 | map   2765 | icp ok  iter  4 corr  2472 rms 0.0329   11.32 ms | p=(  188.04  -233.59   3.71) v=10.72 m/s [KF]
[lio] t=1317401049.934 | feat 2879/8160 | map   2760 | icp ok  iter  4 corr  2375 rms 0.0304   11.52 ms | p=(  187.83  -232.47   3.73) v=10.87 m/s [KF]
[lio] t=1317401050.038 | feat 2845/8160 | map   2735 | icp ok  iter  5 corr  2384 rms 0.0364   15.00 ms | p=(  187.63  -231.36   3.78) v=10.81 m/s [KF]
[lio] t=1317401050.141 | feat 3057/8160 | map   2730 | icp ok  iter  4 corr  2598 rms 0.0468   11.36 ms | p=(  187.43  -230.27   3.83) v=10.73 m/s [KF]
[lio] t=1317401050.245 | feat 3468/8160 | map   2741 | icp ok  iter  5 corr  3026 rms 0.0340   17.54 ms | p=(  187.24  -229.16   3.85) v=10.79 m/s [KF]
[lio] t=1317401050.349 | feat 3425/8160 | map   2740 | icp ok  iter  5 corr  2912 rms 0.0362   17.13 ms | p=(  187.03  -228.06   3.89) v=10.77 m/s [KF]
[lio] t=1317401050.453 | feat 3530/8160 | map   2747 | icp ok  iter  4 corr  3015 rms 0.0381   15.81 ms | p=(  186.83  -226.94   3.93) v=10.91 m/s [KF]
[lio] t=1317401050.557 | feat 3501/8160 | map   2749 | icp ok  iter  3 corr  3031 rms 0.0471   13.38 ms | p=(  186.62  -225.83   3.98) v=10.85 m/s [KF]
[lio] t=1317401050.660 | feat 3410/8160 | map   2759 | icp ok  iter  4 corr  3018 rms 0.0355   15.76 ms | p=(  186.41  -224.73   4.01) v=10.83 m/s [KF]
[lio] t=1317401050.764 | feat 3348/8160 | map   2782 | icp ok  iter  3 corr  2984 rms 0.0324   10.68 ms | p=(  186.20  -223.63   4.04) v=10.80 m/s [KF]
[lio] t=1317401050.868 | feat 3286/8160 | map   2782 | icp ok  iter  5 corr  2937 rms 0.0322   15.13 ms | p=(  186.00  -222.53   4.08) v=10.78 m/s [KF]
[lio] t=1317401050.972 | feat 3395/8160 | map   2779 | icp ok  iter  5 corr  3056 rms 0.0328   20.14 ms | p=(  185.79  -221.38   4.13) v=11.02 m/s [KF]
[lio] t=1317401051.076 | feat 3215/8160 | map   2766 | icp ok  iter  4 corr  2882 rms 0.0344   14.59 ms | p=(  185.59  -220.27   4.18) v=10.96 m/s [KF]
[lio] t=1317401051.179 | feat 3215/8160 | map   2736 | icp ok  iter  3 corr  2903 rms 0.0299   11.91 ms | p=(  185.39  -219.18   4.22) v=10.77 m/s [KF]
[lio] t=1317401051.283 | feat 3081/8160 | map   2730 | icp ok  iter  6 corr  2750 rms 0.0299   17.85 ms | p=(  185.19  -218.08   4.26) v=10.76 m/s [KF]
[lio] t=1317401051.387 | feat 2895/8160 | map   2712 | icp ok  iter  4 corr  2587 rms 0.0354   12.16 ms | p=(  184.99  -216.96   4.31) v=10.83 m/s [KF]
[lio] t=1317401051.491 | feat 2814/8160 | map   2695 | icp ok  iter  5 corr  2433 rms 0.0291   13.11 ms | p=(  184.78  -215.85   4.35) v=10.87 m/s [KF]
[lio] t=1317401051.595 | feat 2944/8160 | map   2670 | icp ok  iter  4 corr  2606 rms 0.0349   13.34 ms | p=(  184.58  -214.74   4.39) v=10.83 m/s [KF]
[lio] t=1317401051.699 | feat 2642/8160 | map   2655 | icp ok  iter  4 corr  2310 rms 0.0325   12.94 ms | p=(  184.37  -213.62   4.42) v=10.90 m/s [KF]
[lio] t=1317401051.802 | feat 2632/8160 | map   2612 | icp ok  iter  4 corr  2393 rms 0.0739   12.05 ms | p=(  184.17  -212.51   4.46) v=10.82 m/s [KF]
[lio] t=1317401051.906 | feat 2501/8160 | map   2583 | icp ok  iter  6 corr  2271 rms 0.0392   16.27 ms | p=(  183.96  -211.40   4.49) v=10.84 m/s [KF]
[lio] t=1317401052.010 | feat 2563/8160 | map   2566 | icp ok  iter  5 corr  2225 rms 0.0333   14.00 ms | p=(  183.76  -210.29   4.52) v=10.81 m/s [KF]
[lio] t=1317401052.114 | feat 2715/8160 | map   2551 | icp ok  iter  4 corr  2195 rms 0.0371   10.99 ms | p=(  183.56  -209.19   4.57) v=10.77 m/s [KF]
[lio] t=1317401052.218 | feat 2784/8160 | map   2535 | icp ok  iter  4 corr  2242 rms 0.0528   12.01 ms | p=(  183.37  -208.08   4.60) v=10.81 m/s [KF]
[lio] t=1317401052.322 | feat 2777/8160 | map   2550 | icp ok  iter  4 corr  2216 rms 0.0350   11.51 ms | p=(  183.16  -206.95   4.64) v=10.93 m/s [KF]
[lio] t=1317401052.425 | feat 2933/8160 | map   2545 | icp ok  iter  4 corr  2361 rms 0.0383   13.77 ms | p=(  182.96  -205.86   4.68) v=10.74 m/s [KF]
[lio] t=1317401052.529 | feat 2865/8160 | map   2547 | icp ok  iter  5 corr  2357 rms 0.0331   14.34 ms | p=(  182.76  -204.75   4.71) v=10.78 m/s [KF]
[lio] t=1317401052.633 | feat 3073/8160 | map   2555 | icp ok  iter  3 corr  2495 rms 0.0359   10.57 ms | p=(  182.55  -203.66   4.74) v=10.69 m/s [KF]
[lio] t=1317401052.737 | feat 3330/8160 | map   2587 | icp ok  iter  5 corr  2838 rms 0.0302   16.64 ms | p=(  182.36  -202.54   4.78) v=10.84 m/s [KF]
[lio] t=1317401052.841 | feat 3480/8160 | map   2605 | icp ok  iter  5 corr  2882 rms 0.0385   16.99 ms | p=(  182.18  -201.48   4.82) v=10.49 m/s [KF]
[lio] t=1317401052.944 | feat 3229/8160 | map   2623 | icp ok  iter  4 corr  2720 rms 0.0397   13.33 ms | p=(  181.98  -200.40   4.86) v=10.54 m/s [KF]
[lio] t=1317401053.048 | feat 2924/8160 | map   2627 | icp ok  iter  4 corr  2447 rms 0.0300   11.50 ms | p=(  181.79  -199.30   4.89) v=10.60 m/s [KF]
[lio] t=1317401053.152 | feat 2742/8160 | map   2628 | icp ok  iter  4 corr  2308 rms 0.0343   10.07 ms | p=(  181.59  -198.21   4.93) v=10.62 m/s [KF]
[lio] t=1317401053.256 | feat 2528/8160 | map   2597 | icp ok  iter  4 corr  2117 rms 0.0363    9.58 ms | p=(  181.39  -197.13   4.96) v=10.57 m/s [KF]
[lio] t=1317401053.360 | feat 2408/8160 | map   2591 | icp ok  iter  4 corr  1991 rms 0.0340    9.56 ms | p=(  181.19  -196.01   4.99) v=10.80 m/s [KF]
[lio] t=1317401053.463 | feat 2241/8160 | map   2586 | icp ok  iter  4 corr  1751 rms 0.0482    9.26 ms | p=(  180.99  -194.91   5.02) v=10.74 m/s [KF]
[lio] t=1317401053.567 | feat 2075/8160 | map   2579 | icp ok  iter  5 corr  1623 rms 0.0349    9.64 ms | p=(  180.81  -193.85   5.05) v=10.47 m/s [KF]
[lio] t=1317401053.671 | feat 1959/8160 | map   2566 | icp ok  iter  4 corr  1528 rms 0.0434    7.40 ms | p=(  180.61  -192.73   5.09) v=10.72 m/s [KF]
[lio] t=1317401053.775 | feat 1952/8160 | map   2555 | icp ok  iter  5 corr  1513 rms 0.0471    9.02 ms | p=(  180.40  -191.59   5.13) v=10.97 m/s [KF]
[lio] t=1317401053.879 | feat 2029/8160 | map   2552 | icp ok  iter  5 corr  1578 rms 0.1149    8.59 ms | p=(  180.23  -190.57   5.15) v=10.33 m/s [KF]
[lio] t=1317401053.982 | feat 2217/8160 | map   2572 | icp ok  iter  4 corr  1774 rms 0.0265    8.27 ms | p=(  180.04  -189.47   5.18) v=10.60 m/s [KF]
[lio] t=1317401054.086 | feat 2519/8160 | map   2588 | icp ok  iter  4 corr  1979 rms 0.0347    9.60 ms | p=(  179.85  -188.40   5.21) v=10.45 m/s [KF]
[lio] t=1317401054.190 | feat 2580/8160 | map   2622 | icp ok  iter 12 corr  2094 rms 0.0333   32.91 ms | p=(  179.66  -187.30   5.25) v=10.63 m/s [KF]
[lio] t=1317401054.294 | feat 2652/8160 | map   2667 | icp ok  iter  4 corr  2091 rms 0.0255    9.54 ms | p=(  179.48  -186.28   5.27) v=10.22 m/s [KF]
[lio] t=1317401054.398 | feat 2711/8160 | map   2703 | icp ok  iter  5 corr  2216 rms 0.0498   15.24 ms | p=(  179.28  -185.16   5.30) v=10.64 m/s [KF]
[lio] t=1317401054.501 | feat 2321/8160 | map   2718 | icp ok  iter  4 corr  1993 rms 0.0308   10.54 ms | p=(  179.11  -184.09   5.33) v=10.50 m/s [KF]
[lio] t=1317401054.605 | feat 2572/8160 | map   2699 | icp ok  iter  5 corr  2245 rms 0.0355   14.97 ms | p=(  178.92  -182.96   5.36) v=10.81 m/s [KF]
[lio] t=1317401054.709 | feat 2483/8160 | map   2720 | icp ok  iter  4 corr  2109 rms 0.0341    9.54 ms | p=(  178.75  -181.91   5.38) v=10.42 m/s [KF]
[lio] t=1317401054.813 | feat 2505/8160 | map   2720 | icp ok  iter  3 corr  2176 rms 0.0311    7.98 ms | p=(  178.55  -180.83   5.42) v=10.52 m/s [KF]
[lio] t=1317401054.917 | feat 2580/8160 | map   2716 | icp ok  iter  4 corr  2304 rms 0.0563   12.74 ms | p=(  178.36  -179.77   5.43) v=10.41 m/s [KF]
[lio] t=1317401055.021 | feat 2163/8160 | map   2734 | icp ok  iter  4 corr  1898 rms 0.0546    9.05 ms | p=(  178.18  -178.68   5.46) v=10.50 m/s [KF]
[lio] t=1317401055.124 | feat 2196/8160 | map   2734 | icp ok  iter  4 corr  1926 rms 0.0356    8.45 ms | p=(  178.01  -177.64   5.49) v=10.27 m/s [KF]
[lio] t=1317401055.228 | feat 2530/8160 | map   2721 | icp ok  iter  4 corr  2209 rms 0.0373   10.44 ms | p=(  177.82  -176.63   5.50) v=10.07 m/s [KF]
[lio] t=1317401055.332 | feat 2560/8160 | map   2726 | icp ok  iter  4 corr  2224 rms 0.0395   11.45 ms | p=(  177.64  -175.55   5.52) v=10.33 m/s [KF]
[lio] t=1317401055.436 | feat 2482/8160 | map   2722 | icp ok  iter  4 corr  2054 rms 0.0414   11.10 ms | p=(  177.45  -174.43   5.55) v=10.68 m/s [KF]
[lio] t=1317401055.539 | feat 2573/8160 | map   2728 | icp ok  iter  5 corr  2331 rms 0.0417   14.70 ms | p=(  177.28  -173.37   5.58) v=10.43 m/s [KF]
[lio] t=1317401055.643 | feat 2566/8160 | map   2714 | icp ok  iter  3 corr  2243 rms 0.0339    8.06 ms | p=(  177.09  -172.32   5.59) v=10.34 m/s [KF]
[lio] t=1317401055.747 | feat 2375/8160 | map   2703 | icp ok  iter  4 corr  2108 rms 0.0834   11.58 ms | p=(  176.90  -171.23   5.61) v=10.51 m/s [KF]
[lio] t=1317401055.851 | feat 2361/8160 | map   2692 | icp ok  iter  4 corr  1985 rms 0.0433    9.89 ms | p=(  176.70  -170.18   5.63) v=10.38 m/s [KF]
[lio] t=1317401055.955 | feat 2241/8160 | map   2673 | icp ok  iter  6 corr  1816 rms 0.0317   13.98 ms | p=(  176.50  -169.11   5.66) v=10.43 m/s [KF]
[lio] t=1317401056.058 | feat 1969/8160 | map   2646 | icp ok  iter  3 corr  1541 rms 0.0679    6.43 ms | p=(  176.32  -168.04   5.69) v=10.42 m/s [KF]
[lio] t=1317401056.162 | feat 1922/8160 | map   2636 | icp ok  iter  5 corr  1513 rms 0.0597    9.76 ms | p=(  176.12  -167.01   5.72) v=10.21 m/s [KF]
[lio] t=1317401056.266 | feat 2090/8160 | map   2632 | icp ok  iter  6 corr  1610 rms 0.0328   10.92 ms | p=(  175.94  -165.93   5.74) v=10.37 m/s [KF]
[lio] t=1317401056.370 | feat 2135/8160 | map   2618 | icp ok  iter  5 corr  1692 rms 0.0290   11.55 ms | p=(  175.75  -164.89   5.77) v=10.28 m/s [KF]
[lio] t=1317401056.474 | feat 2272/8160 | map   2640 | icp ok  iter  5 corr  1721 rms 0.0491   11.69 ms | p=(  175.55  -163.80   5.80) v=10.52 m/s [KF]
[lio] t=1317401056.577 | feat 2185/8160 | map   2665 | icp ok  iter  3 corr  1665 rms 0.0543    6.75 ms | p=(  175.34  -162.73   5.83) v=10.50 m/s [KF]
[lio] t=1317401056.681 | feat 2332/8160 | map   2688 | icp ok  iter  4 corr  1791 rms 0.0643    9.04 ms | p=(  175.13  -161.67   5.86) v=10.41 m/s [KF]
[lio] t=1317401056.785 | feat 2305/8160 | map   2685 | icp ok  iter  5 corr  1683 rms 0.0345   10.48 ms | p=(  174.96  -160.63   5.88) v=10.22 m/s [KF]
[lio] t=1317401056.889 | feat 2389/8160 | map   2668 | icp ok  iter  5 corr  1718 rms 0.0482   12.16 ms | p=(  174.75  -159.52   5.92) v=10.60 m/s [KF]
[lio] t=1317401056.992 | feat 2390/8160 | map   2643 | icp ok  iter  5 corr  1764 rms 0.0410   11.91 ms | p=(  174.56  -158.49   5.93) v=10.29 m/s [KF]
[lio] t=1317401057.096 | feat 2580/8160 | map   2617 | icp ok  iter  5 corr  2039 rms 0.0412   14.86 ms | p=(  174.36  -157.41   5.96) v=10.46 m/s [KF]
[lio] t=1317401057.200 | feat 2531/8160 | map   2609 | icp ok  iter  4 corr  1966 rms 0.0397   10.16 ms | p=(  174.17  -156.39   5.97) v=10.17 m/s [KF]
[lio] t=1317401057.304 | feat 2565/8160 | map   2614 | icp ok  iter  4 corr  2022 rms 0.0327    9.22 ms | p=(  173.97  -155.34   6.01) v=10.18 m/s [KF]
[lio] t=1317401057.408 | feat 2833/8160 | map   2605 | icp ok  iter  4 corr  2176 rms 0.0393   11.39 ms | p=(  173.76  -154.30   6.03) v=10.19 m/s [KF]
[lio] t=1317401057.511 | feat 2630/8160 | map   2647 | icp ok  iter  4 corr  1995 rms 0.0334    8.92 ms | p=(  173.58  -153.26   6.06) v=10.17 m/s [KF]
[lio] t=1317401057.615 | feat 2646/8160 | map   2612 | icp ok  iter  3 corr  2051 rms 0.0329    8.52 ms | p=(  173.38  -152.24   6.08) v=10.04 m/s [KF]
[lio] t=1317401057.719 | feat 2955/8160 | map   2597 | icp ok  iter  3 corr  2377 rms 0.0611   10.37 ms | p=(  173.17  -151.16   6.11) v=10.35 m/s [KF]
[lio] t=1317401057.823 | feat 2818/8160 | map   2619 | icp ok  iter  5 corr  2191 rms 0.0450   15.04 ms | p=(  172.99  -150.15   6.13) v=10.05 m/s [KF]
[lio] t=1317401057.926 | feat 2520/8160 | map   2630 | icp ok  iter  3 corr  2019 rms 0.0453    8.27 ms | p=(  172.79  -149.12   6.15) v=10.03 m/s [KF]
[lio] t=1317401058.030 | feat 2813/8160 | map   2625 | icp ok  iter  3 corr  2335 rms 0.0603   10.13 ms | p=(  172.61  -148.08   6.18) v=10.11 m/s [KF]
[lio] t=1317401058.134 | feat 3024/8160 | map   2621 | icp ok  iter  4 corr  2598 rms 0.0510   12.86 ms | p=(  172.41  -147.03   6.20) v=10.15 m/s [KF]
[lio] t=1317401058.238 | feat 2870/8160 | map   2618 | icp ok  iter 12 corr  2426 rms 0.0455   39.04 ms | p=(  172.23  -146.00   6.23) v=10.06 m/s [KF]
[lio] t=1317401058.341 | feat 2757/8160 | map   2603 | icp ok  iter  5 corr  2306 rms 0.0341   13.35 ms | p=(  172.05  -144.97   6.26) v=10.08 m/s [KF]
[lio] t=1317401058.445 | feat 2772/8160 | map   2595 | icp ok  iter  4 corr  2292 rms 0.0331   11.69 ms | p=(  171.87  -143.97   6.28) v=9.84 m/s [KF]
[lio] t=1317401058.549 | feat 3064/8160 | map   2574 | icp ok  iter  4 corr  2553 rms 0.0488   13.36 ms | p=(  171.69  -142.98   6.31) v=9.73 m/s [KF]
[lio] t=1317401058.653 | feat 2895/8160 | map   2568 | icp ok  iter  4 corr  2426 rms 0.0627   14.42 ms | p=(  171.52  -141.97   6.34) v=9.74 m/s [KF]
[lio] t=1317401058.756 | feat 3535/8160 | map   2558 | icp ok  iter  5 corr  3047 rms 0.0377   19.74 ms | p=(  171.32  -140.89   6.37) v=10.21 m/s [KF]
[lio] t=1317401058.860 | feat 3508/8160 | map   2578 | icp ok  iter  4 corr  3039 rms 0.0351   15.11 ms | p=(  171.14  -139.92   6.39) v=9.76 m/s
[lio] t=1317401058.964 | feat 3506/8160 | map   2578 | icp ok  iter  4 corr  3081 rms 0.0366   14.58 ms | p=(  170.96  -138.91   6.42) v=9.75 m/s [KF]
[lio] t=1317401059.068 | feat 3520/8160 | map   2595 | icp ok  iter  4 corr  3090 rms 0.0341   14.94 ms | p=(  170.78  -137.92   6.44) v=9.66 m/s [KF]
[lio] t=1317401059.172 | feat 3334/8160 | map   2607 | icp ok  iter  5 corr  2955 rms 0.0423   17.51 ms | p=(  170.61  -136.95   6.46) v=9.56 m/s
[lio] t=1317401059.275 | feat 3824/8160 | map   2607 | icp ok  iter  6 corr  3398 rms 0.0461   27.72 ms | p=(  170.46  -136.08   6.49) v=8.84 m/s [KF]
[lio] t=1317401059.379 | feat 3842/8160 | map   2635 | icp ok  iter  5 corr  3426 rms 0.0884   24.68 ms | p=(  170.26  -134.98   6.51) v=10.00 m/s [KF]
[lio] t=1317401059.483 | feat 3674/8160 | map   2680 | icp ok  iter 12 corr  3199 rms 0.0337   53.61 ms | p=(  170.09  -134.04   6.53) v=9.43 m/s
[lio] t=1317401059.587 | feat 3791/8160 | map   2680 | icp ok  iter  5 corr  3204 rms 0.0412   21.33 ms | p=(  169.93  -133.11   6.55) v=9.21 m/s [KF]
[lio] t=1317401059.691 | feat 3649/8160 | map   2766 | icp ok  iter  5 corr  3093 rms 0.0350   20.91 ms | p=(  169.75  -132.14   6.58) v=9.30 m/s
[lio] t=1317401059.795 | feat 3527/8160 | map   2766 | icp ok  iter  5 corr  2965 rms 0.0371   19.20 ms | p=(  169.57  -131.14   6.60) v=9.50 m/s [KF]
[lio] t=1317401059.898 | feat 3625/8160 | map   2858 | icp ok  iter  9 corr  3084 rms 0.0357   41.75 ms | p=(  169.45  -130.37   6.62) v=8.17 m/s
[lio] t=1317401060.002 | feat 3778/8160 | map   2858 | icp ok  iter  5 corr  3118 rms 0.0344   20.72 ms | p=(  169.26  -129.34   6.65) v=9.17 m/s [KF]
[lio] t=1317401060.106 | feat 3843/8160 | map   2966 | icp ok  iter  6 corr  3220 rms 0.0328   23.15 ms | p=(  169.12  -128.52   6.67) v=8.34 m/s
[lio] t=1317401060.210 | feat 3834/8160 | map   2966 | icp ok  iter 12 corr  3230 rms 0.0530   60.66 ms | p=(  169.09  -128.20   6.68) v=4.99 m/s [KF]
[lio] t=1317401060.313 | feat 4065/8160 | map   3052 | icp ok  iter 10 corr  3369 rms 0.0318   46.43 ms | p=(  168.85  -126.96   6.70) v=9.24 m/s [KF]
[lio] t=1317401060.417 | feat 3880/8160 | map   3121 | icp ok  iter  6 corr  3237 rms 0.0380   25.64 ms | p=(  168.70  -126.12   6.73) v=8.54 m/s
[lio] t=1317401060.521 | feat 4011/8160 | map   3121 | icp ok  iter  4 corr  3260 rms 0.0483   20.28 ms | p=(  168.53  -125.23   6.75) v=8.54 m/s [KF]
[lio] t=1317401060.625 | feat 3980/8160 | map   3198 | icp ok  iter  6 corr  3333 rms 0.0269   28.57 ms | p=(  168.40  -124.49   6.76) v=7.67 m/s
[lio] t=1317401060.728 | feat 3898/8160 | map   3198 | icp ok  iter  4 corr  3118 rms 0.0319   16.99 ms | p=(  168.25  -123.67   6.78) v=7.84 m/s [KF]
[lio] t=1317401060.832 | feat 4003/8160 | map   3296 | icp ok  iter  4 corr  3225 rms 0.0274   17.92 ms | p=(  168.08  -122.87   6.79) v=7.75 m/s
[lio] t=1317401060.936 | feat 4140/8160 | map   3296 | icp ok  iter  4 corr  3298 rms 0.0276   17.70 ms | p=(  167.93  -122.10   6.81) v=7.55 m/s [KF]
[lio] t=1317401061.040 | feat 3946/8160 | map   3435 | icp ok  iter  5 corr  3142 rms 0.0245   20.20 ms | p=(  167.77  -121.32   6.82) v=7.45 m/s
[lio] t=1317401061.144 | feat 4032/8160 | map   3435 | icp ok  iter  3 corr  3167 rms 0.0284   14.44 ms | p=(  167.61  -120.61   6.83) v=7.11 m/s [KF]
[lio] t=1317401061.247 | feat 3991/8160 | map   3601 | icp ok  iter  3 corr  3119 rms 0.0328   11.68 ms | p=(  167.45  -119.87   6.84) v=7.05 m/s
[lio] t=1317401061.351 | feat 3972/8160 | map   3601 | icp ok  iter  5 corr  3107 rms 0.0288   19.24 ms | p=(  167.32  -119.19   6.85) v=6.69 m/s [KF]
[lio] t=1317401061.455 | feat 3998/8160 | map   3753 | icp ok  iter  4 corr  3099 rms 0.0215   16.92 ms | p=(  167.16  -118.49   6.86) v=6.70 m/s
[lio] t=1317401061.559 | feat 3983/8160 | map   3753 | icp ok  iter  3 corr  2869 rms 0.0245   13.33 ms | p=(  167.02  -117.81   6.88) v=6.50 m/s [KF]
[lio] t=1317401061.663 | feat 4113/8160 | map   3909 | icp ok  iter  3 corr  3127 rms 0.0323   13.34 ms | p=(  166.89  -117.15   6.88) v=6.39 m/s
[lio] t=1317401061.767 | feat 4125/8160 | map   3909 | icp ok  iter  4 corr  3160 rms 0.0505   15.80 ms | p=(  166.75  -116.51   6.89) v=6.29 m/s [KF]
[lio] t=1317401061.871 | feat 4118/8160 | map   4045 | icp ok  iter  5 corr  3221 rms 0.0276   21.17 ms | p=(  166.65  -115.87   6.89) v=6.20 m/s
[lio] t=1317401061.976 | feat 4142/8160 | map   4045 | icp ok  iter  4 corr  3155 rms 0.0236   15.47 ms | p=(  166.54  -115.23   6.89) v=6.24 m/s [KF]
[lio] t=1317401062.080 | feat 4093/8160 | map   4170 | icp ok  iter  4 corr  3105 rms 0.0261   16.20 ms | p=(  166.44  -114.57   6.90) v=6.28 m/s
[lio] t=1317401062.184 | feat 4029/8160 | map   4170 | icp ok  iter  4 corr  3034 rms 0.0367   14.87 ms | p=(  166.38  -113.94   6.92) v=6.12 m/s [KF]
[lio] t=1317401062.288 | feat 3984/8160 | map   4300 | icp ok  iter  4 corr  3046 rms 0.0242   14.85 ms | p=(  166.33  -113.32   6.94) v=5.99 m/s
[lio] t=1317401062.393 | feat 3900/8160 | map   4300 | icp ok  iter  4 corr  2924 rms 0.0418   14.68 ms | p=(  166.29  -112.66   6.94) v=6.14 m/s [KF]
[lio] t=1317401062.497 | feat 4292/8160 | map   4408 | icp ok  iter  5 corr  3247 rms 0.0327   21.15 ms | p=(  166.28  -112.06   6.95) v=5.88 m/s
[lio] t=1317401062.602 | feat 4122/8160 | map   4408 | icp ok  iter  4 corr  3121 rms 0.0334   16.62 ms | p=(  166.30  -111.43   6.97) v=5.97 m/s [KF]
[lio] t=1317401062.706 | feat 4135/8160 | map   4540 | icp ok  iter  4 corr  3146 rms 0.0449   18.35 ms | p=(  166.33  -110.81   7.01) v=5.91 m/s
[lio] t=1317401062.810 | feat 4058/8160 | map   4540 | icp ok  iter  5 corr  3080 rms 0.0374   21.25 ms | p=(  166.46  -110.20   7.03) v=5.88 m/s [KF]
[lio] t=1317401062.915 | feat 3938/8160 | map   4650 | icp ok  iter  6 corr  3005 rms 0.0323   29.81 ms | p=(  166.45  -109.65   7.02) v=5.44 m/s
[lio] t=1317401063.019 | feat 3976/8160 | map   4650 | icp ok  iter  3 corr  3057 rms 0.0353   15.22 ms | p=(  166.50  -109.09   7.02) v=5.40 m/s [KF]
[lio] t=1317401063.123 | feat 4219/8160 | map   4775 | icp ok  iter  4 corr  3238 rms 0.0508   19.02 ms | p=(  166.69  -108.49   7.04) v=5.74 m/s
[lio] t=1317401063.227 | feat 4194/8160 | map   4775 | icp ok  iter  4 corr  3076 rms 0.0368   15.41 ms | p=(  166.89  -107.95   7.05) v=5.65 m/s [KF]
[lio] t=1317401063.332 | feat 4340/8160 | map   4905 | icp ok  iter  4 corr  3458 rms 0.0281   17.15 ms | p=(  167.10  -107.32   7.05) v=6.11 m/s
[lio] t=1317401063.436 | feat 4419/8160 | map   4905 | icp ok  iter  4 corr  3390 rms 0.0581   19.18 ms | p=(  167.35  -106.67   7.05) v=6.47 m/s [KF]
[lio] t=1317401063.540 | feat 4370/8160 | map   4999 | icp ok  iter  3 corr  3443 rms 0.0332   15.59 ms | p=(  167.64  -106.10   7.07) v=6.30 m/s
[lio] t=1317401063.644 | feat 4345/8160 | map   4999 | icp ok  iter  5 corr  3379 rms 0.0312   22.07 ms | p=(  167.92  -105.57   7.08) v=5.93 m/s [KF]
[lio] t=1317401063.748 | feat 4293/8160 | map   5068 | icp ok  iter  4 corr  3420 rms 0.0329   19.43 ms | p=(  168.26  -104.98   7.10) v=6.36 m/s
[lio] t=1317401063.851 | feat 4172/8160 | map   5068 | icp ok  iter  4 corr  3246 rms 0.0315   17.69 ms | p=(  168.62  -104.40   7.11) v=6.50 m/s [KF]
[lio] t=1317401063.955 | feat 3969/8160 | map   5152 | icp ok  iter  4 corr  3220 rms 0.0467   16.95 ms | p=(  168.98  -103.84   7.14) v=6.46 m/s
[lio] t=1317401064.059 | feat 4044/8160 | map   5152 | icp ok  iter  4 corr  3174 rms 0.0268   17.29 ms | p=(  169.39  -103.32   7.16) v=6.46 m/s [KF]
[lio] t=1317401064.163 | feat 3997/8160 | map   5264 | icp ok  iter  4 corr  3304 rms 0.0210   15.94 ms | p=(  169.80  -102.79   7.19) v=6.48 m/s
[lio] t=1317401064.267 | feat 4067/8160 | map   5264 | icp ok  iter  4 corr  3281 rms 0.0249   17.08 ms | p=(  170.21  -102.27   7.20) v=6.50 m/s [KF]
[lio] t=1317401064.371 | feat 4294/8160 | map   5404 | icp ok  iter  7 corr  3568 rms 0.0309   33.64 ms | p=(  170.68  -101.72   7.23) v=6.77 m/s
[lio] t=1317401064.475 | feat 4085/8160 | map   5404 | icp ok  iter  4 corr  3325 rms 0.0254   16.16 ms | p=(  171.15  -101.21   7.26) v=6.77 m/s [KF]
[lio] t=1317401064.578 | feat 4199/8160 | map   5493 | icp ok  iter  6 corr  3538 rms 0.0275   31.21 ms | p=(  171.62  -100.71   7.27) v=6.71 m/s
[lio] t=1317401064.682 | feat 4239/8160 | map   5493 | icp ok  iter  5 corr  3504 rms 0.0300   28.56 ms | p=(  172.16  -100.19   7.30) v=7.07 m/s [KF]
[lio] t=1317401064.786 | feat 4243/8160 | map   5641 | icp ok  iter  3 corr  3586 rms 0.0245   16.74 ms | p=(  172.69   -99.74   7.33) v=6.87 m/s
[lio] t=1317401064.890 | feat 4208/8160 | map   5641 | icp ok  iter 11 corr  3556 rms 0.0304   64.46 ms | p=(  173.25   -99.04   7.35) v=7.89 m/s [KF]
[lio] t=1317401064.994 | feat 4328/8160 | map   5807 | icp ok  iter  6 corr  3758 rms 0.0275   33.69 ms | p=(  173.86   -98.81   7.37) v=6.79 m/s
[lio] t=1317401065.098 | feat 4193/8160 | map   5807 | icp ok  iter  5 corr  3590 rms 0.0258   21.80 ms | p=(  174.50   -98.49   7.39) v=6.90 m/s [KF]
[lio] t=1317401065.202 | feat 3981/8160 | map   5958 | icp ok  iter  5 corr  3414 rms 0.0275   26.74 ms | p=(  175.11   -98.05   7.42) v=7.16 m/s
[lio] t=1317401065.306 | feat 3953/8160 | map   5958 | icp ok  iter 12 corr  3454 rms 0.0290   64.06 ms | p=(  175.79   -97.64   7.43) v=7.48 m/s [KF]
[lio] t=1317401065.410 | feat 3651/8160 | map   6029 | icp ok  iter  5 corr  3265 rms 0.0353   25.47 ms | p=(  176.46   -97.24   7.47) v=7.48 m/s
[lio] t=1317401065.514 | feat 3388/8160 | map   6029 | icp ok  iter 12 corr  3008 rms 0.0338   56.64 ms | p=(  177.10   -96.68   7.49) v=7.88 m/s [KF]
[lio] t=1317401065.618 | feat 3406/8160 | map   6061 | icp ok  iter  8 corr  3018 rms 0.0292   34.61 ms | p=(  177.89   -96.59   7.51) v=7.58 m/s
[lio] t=1317401065.722 | feat 3400/8160 | map   6061 | icp ok  iter  6 corr  3023 rms 0.0266   25.47 ms | p=(  178.66   -96.26   7.53) v=7.90 m/s [KF]
[lio] t=1317401065.826 | feat 3484/8160 | map   6093 | icp ok  iter  5 corr  3068 rms 0.0294   23.27 ms | p=(  179.39   -95.85   7.54) v=7.99 m/s
[lio] t=1317401065.930 | feat 3133/8160 | map   6093 | icp ok  iter  8 corr  2734 rms 0.0422   33.37 ms | p=(  180.21   -95.54   7.57) v=8.25 m/s [KF]
[lio] t=1317401066.033 | feat 3550/8160 | map   6160 | icp ok  iter  7 corr  3048 rms 0.0331   33.49 ms | p=(  180.93   -95.56   7.58) v=7.38 m/s
[lio] t=1317401066.137 | feat 3446/8160 | map   6160 | icp ok  iter  5 corr  2912 rms 0.0314   21.68 ms | p=(  181.72   -95.41   7.59) v=7.64 m/s [KF]
[lio] t=1317401066.241 | feat 3363/8160 | map   6204 | icp ok  iter  6 corr  2920 rms 0.0237   21.92 ms | p=(  182.59   -95.32   7.60) v=8.17 m/s
[lio] t=1317401066.345 | feat 3214/8160 | map   6204 | icp ok  iter  6 corr  2776 rms 0.0352   24.64 ms | p=(  183.41   -95.11   7.63) v=8.19 m/s [KF]
[lio] t=1317401066.448 | feat 3224/8160 | map   6231 | icp ok  iter  4 corr  2776 rms 0.0442   18.04 ms | p=(  184.21   -94.82   7.66) v=8.20 m/s
[lio] t=1317401066.552 | feat 3058/8160 | map   6231 | icp ok  iter  5 corr  2640 rms 0.0323   19.15 ms | p=(  185.06   -94.77   7.69) v=8.22 m/s [KF]
[lio] t=1317401066.656 | feat 3096/8160 | map   6202 | icp ok  iter  6 corr  2704 rms 0.0402   25.47 ms | p=(  185.85   -94.45   7.71) v=8.20 m/s
[lio] t=1317401066.759 | feat 3058/8160 | map   6202 | icp ok  iter  6 corr  2614 rms 0.0368   22.97 ms | p=(  186.72   -94.34   7.75) v=8.35 m/s [KF]
[lio] t=1317401066.863 | feat 3020/8160 | map   6207 | icp ok  iter  7 corr  2668 rms 0.0279   23.06 ms | p=(  187.62   -94.25   7.74) v=8.58 m/s
[lio] t=1317401066.967 | feat 2788/8160 | map   6207 | icp ok  iter  6 corr  2392 rms 0.0277   21.46 ms | p=(  188.49   -94.00   7.77) v=8.70 m/s [KF]
[lio] t=1317401067.070 | feat 2771/8160 | map   6163 | icp ok  iter 12 corr  2436 rms 0.0264   40.77 ms | p=(  189.34   -93.93   7.80) v=8.45 m/s
[lio] t=1317401067.174 | feat 2906/8160 | map   6163 | icp ok  iter  5 corr  2631 rms 0.0357   19.01 ms | p=(  190.20   -93.76   7.82) v=8.50 m/s [KF]
[lio] t=1317401067.278 | feat 2924/8160 | map   6120 | icp ok  iter  8 corr  2668 rms 0.0323   28.15 ms | p=(  191.06   -93.75   7.82) v=8.41 m/s
[lio] t=1317401067.381 | feat 2873/8160 | map   6120 | icp ok  iter  5 corr  2518 rms 0.0502   16.74 ms | p=(  191.91   -93.42   7.85) v=8.54 m/s [KF]
[lio] t=1317401067.485 | feat 2784/8160 | map   6076 | icp ok  iter 12 corr  2484 rms 0.0318   34.76 ms | p=(  192.81   -93.24   7.87) v=8.73 m/s
[lio] t=1317401067.589 | feat 2757/8160 | map   6076 | icp ok  iter 12 corr  2465 rms 0.0399   46.53 ms | p=(  193.54   -92.84   7.88) v=8.28 m/s [KF]
[lio] t=1317401067.693 | feat 2664/8160 | map   6008 | icp ok  iter 12 corr  2262 rms 0.0262   37.73 ms | p=(  194.63   -92.95   7.89) v=9.41 m/s [KF]
[lio] t=1317401067.796 | feat 2610/8160 | map   5922 | icp ok  iter  7 corr  2265 rms 0.0338   23.44 ms | p=(  195.46   -92.69   7.90) v=8.72 m/s
[lio] t=1317401067.900 | feat 2547/8160 | map   5922 | icp ok  iter 12 corr  2188 rms 0.0281   37.21 ms | p=(  196.36   -92.53   7.93) v=8.79 m/s [KF]
[lio] t=1317401068.004 | feat 2622/8160 | map   5833 | icp ok  iter 12 corr  2250 rms 0.0223   40.78 ms | p=(  197.30   -92.45   7.95) v=8.97 m/s
[lio] t=1317401068.108 | feat 2545/8160 | map   5833 | icp ok  iter  7 corr  2105 rms 0.0449   21.44 ms | p=(  198.21   -92.13   7.96) v=9.14 m/s [KF]
[lio] t=1317401068.212 | feat 2616/8160 | map   5728 | icp ok  iter  7 corr  2165 rms 0.0373   17.91 ms | p=(  199.06   -92.02   7.98) v=8.62 m/s
[lio] t=1317401068.315 | feat 2443/8160 | map   5728 | icp ok  iter  5 corr  1978 rms 0.0305   11.66 ms | p=(  199.99   -91.83   8.01) v=8.90 m/s [KF]
[lio] t=1317401068.419 | feat 2435/8160 | map   5634 | icp ok  iter 12 corr  1982 rms 0.0427   32.45 ms | p=(  200.94   -91.74   8.04) v=9.08 m/s
[lio] t=1317401068.523 | feat 2475/8160 | map   5634 | icp ok  iter 12 corr  1988 rms 0.0621   28.28 ms | p=(  201.84   -91.55   8.05) v=8.95 m/s [KF]
[lio] t=1317401068.627 | feat 2296/8160 | map   5538 | icp ok  iter  8 corr  1860 rms 0.0356   21.91 ms | p=(  202.62   -91.35   8.08) v=8.20 m/s
[lio] t=1317401068.731 | feat 2343/8160 | map   5538 | icp ok  iter  6 corr  1900 rms 0.0437   15.89 ms | p=(  203.52   -91.22   8.10) v=8.52 m/s [KF]
[lio] t=1317401068.834 | feat 2366/8160 | map   5441 | icp ok  iter  6 corr  1989 rms 0.0353   17.39 ms | p=(  204.48   -91.07   8.13) v=9.03 m/s
[lio] t=1317401068.938 | feat 2427/8160 | map   5441 | icp ok  iter  5 corr  2052 rms 0.0436   12.90 ms | p=(  205.44   -90.86   8.15) v=9.26 m/s [KF]
[lio] t=1317401069.042 | feat 2371/8160 | map   5278 | icp ok  iter  4 corr  1964 rms 0.0342   10.42 ms | p=(  206.42   -90.71   8.17) v=9.40 m/s
[lio] t=1317401069.146 | feat 2270/8160 | map   5278 | icp ok  iter 12 corr  2047 rms 0.0274   29.12 ms | p=(  207.47   -90.52   8.19) v=9.95 m/s [KF]
[lio] t=1317401069.250 | feat 2237/8160 | map   4985 | icp ok  iter  5 corr  2049 rms 0.0357   12.76 ms | p=(  208.29   -90.40   8.21) v=8.70 m/s
[lio] t=1317401069.354 | feat 2292/8160 | map   4985 | icp ok  iter  5 corr  2057 rms 0.0361   11.91 ms | p=(  209.03   -90.27   8.21) v=7.78 m/s [KF]
[lio] t=1317401069.458 | feat 2390/8160 | map   4752 | icp ok  iter  6 corr  2061 rms 0.0298   15.17 ms | p=(  210.02   -90.10   8.22) v=8.93 m/s [KF]
[lio] t=1317401069.561 | feat 2640/8160 | map   4534 | icp ok  iter  6 corr  2484 rms 0.0333   19.13 ms | p=(  210.99   -89.90   8.23) v=9.26 m/s
[lio] t=1317401069.665 | feat 2553/8160 | map   4534 | icp ok  iter  6 corr  2388 rms 0.0291   19.51 ms | p=(  211.72   -89.78   8.24) v=7.91 m/s [KF]
[lio] t=1317401069.769 | feat 2541/8160 | map   4370 | icp ok  iter 12 corr  2378 rms 0.0432   43.92 ms | p=(  212.60   -89.64   8.27) v=8.31 m/s
[lio] t=1317401069.873 | feat 2320/8160 | map   4370 | icp ok  iter  6 corr  2164 rms 0.0452   18.26 ms | p=(  213.60   -89.48   8.28) v=9.13 m/s [KF]
[lio] t=1317401069.977 | feat 2570/8160 | map   4130 | icp ok  iter 11 corr  2414 rms 0.0331   38.81 ms | p=(  213.44   -89.52   8.28) v=2.56 m/s
[lio] t=1317401070.080 | feat 2538/8160 | map   4130 | icp ok  iter 12 corr  2365 rms 0.0385   39.36 ms | p=(  215.03   -89.24   8.30) v=10.45 m/s [KF]
[lio] t=1317401070.184 | feat 2279/8160 | map   3884 | icp ok  iter  7 corr  2167 rms 0.0472   21.69 ms | p=(  215.31   -89.19   8.33) v=5.73 m/s
[lio] t=1317401070.288 | feat 2354/8151 | map   3884 | icp ok  iter  6 corr  2199 rms 0.0447   18.76 ms | p=(  215.80   -89.12   8.34) v=5.16 m/s
[lio] t=1317401070.392 | feat 2468/8160 | map   3884 | icp REJ iter  9 corr  2290 rms 0.0433   28.53 ms | p=(  216.33   -89.03   8.36) v=5.11 m/s [KF]
[lio] t=1317401070.496 | feat 2506/8160 | map   3710 | icp ok  iter  9 corr  2353 rms 0.0377   28.10 ms | p=(  216.76   -88.96   8.39) v=4.51 m/s
[lio] t=1317401070.599 | feat 2605/8160 | map   3710 | icp ok  iter 12 corr  2437 rms 0.0440   40.29 ms | p=(  218.03   -88.74   8.42) v=9.31 m/s [KF]
[lio] t=1317401070.703 | feat 2744/8160 | map   3614 | icp ok  iter 12 corr  2583 rms 0.0623   37.85 ms | p=(  218.89   -88.59   8.43) v=8.73 m/s
[lio] t=1317401070.807 | feat 2765/8160 | map   3614 | icp ok  iter  4 corr  2473 rms 0.1079   14.40 ms | p=(  219.77   -88.43   8.42) v=8.65 m/s [KF]
[lio] t=1317401070.911 | feat 2865/8160 | map   3539 | icp ok  iter  6 corr  2641 rms 0.0754   21.42 ms | p=(  222.10   -88.01   8.45) v=17.19 m/s [KF]
[lio] t=1317401071.015 | feat 2763/8160 | map   3432 | icp ok  iter  4 corr  2501 rms 0.0345   13.11 ms | p=(  223.02   -87.84   8.46) v=12.23 m/s
[lio] t=1317401071.119 | feat 2794/8160 | map   3432 | icp ok  iter 12 corr  2443 rms 0.0547   37.68 ms | p=(  223.83   -87.69   8.48) v=9.61 m/s [KF]
[lio] t=1317401071.223 | feat 2848/8156 | map   3377 | icp ok  iter  4 corr  2654 rms 0.0295   10.80 ms | p=(  224.60   -87.55   8.49) v=8.32 m/s
[lio] t=1317401071.327 | feat 2995/8160 | map   3377 | icp ok  iter  5 corr  2759 rms 0.0373   15.81 ms | p=(  225.44   -87.40   8.49) v=8.25 m/s [KF]
[lio] t=1317401071.430 | feat 2723/8160 | map   3311 | icp ok  iter  6 corr  2511 rms 0.0357   22.09 ms | p=(  226.65   -87.17   8.50) v=10.43 m/s [KF]
[lio] t=1317401071.534 | feat 2882/8160 | map   3208 | icp ok  iter 10 corr  2616 rms 0.0493   34.62 ms | p=(  226.56   -87.19   8.49) v=3.54 m/s
[lio] t=1317401071.638 | feat 2830/8160 | map   3208 | icp REJ iter 12 corr  2632 rms 0.0488   41.42 ms | p=(  226.92   -87.13   8.49) v=3.54 m/s
[lio] t=1317401071.742 | feat 2881/8160 | map   3208 | icp ok  iter 12 corr  2634 rms 0.0441   41.48 ms | p=(  226.57   -87.18   8.49) v=0.73 m/s
[lio] t=1317401071.846 | feat 2903/8160 | map   3208 | icp ok  iter 12 corr  2615 rms 0.0379   41.49 ms | p=(  225.32   -87.42   8.49) v=7.74 m/s [KF]
[lio] t=1317401071.950 | feat 2764/8160 | map   3173 | icp REJ iter 12 corr  2565 rms 0.0344   49.72 ms | p=(  224.53   -87.57   8.48) v=7.75 m/s
[lio] t=1317401072.054 | feat 2869/8160 | map   3173 | icp ok  iter 12 corr  2645 rms 0.0458   90.80 ms | p=(  223.72   -87.72   8.47) v=7.89 m/s [KF]
[lio] t=1317401072.158 | feat 2802/8160 | map   3108 | icp REJ iter 12 corr  2590 rms 0.0347   47.15 ms | p=(  222.91   -87.87   8.45) v=7.90 m/s
[lio] t=1317401072.262 | feat 2854/8160 | map   3108 | icp REJ iter 12 corr  2690 rms 0.0333   47.48 ms | p=(  222.10   -88.02   8.45) v=7.91 m/s [KF]
[lio] t=1317401072.366 | feat 2973/8160 | map   3075 | icp REJ iter  7 corr  2699 rms 0.0389   25.07 ms | p=(  221.29   -88.18   8.43) v=7.93 m/s
[lio] t=1317401072.470 | feat 2754/8160 | map   3075 | icp REJ iter 12 corr  2491 rms 0.0398   49.11 ms | p=(  220.48   -88.33   8.42) v=7.96 m/s [KF]
[lio] t=1317401072.574 | feat 2876/8160 | map   3082 | icp REJ iter 12 corr  2634 rms 0.0507   50.62 ms | p=(  219.67   -88.48   8.40) v=7.99 m/s
[lio] t=1317401072.678 | feat 2720/8160 | map   3082 | icp REJ iter 12 corr  2460 rms 0.0531   45.52 ms | p=(  218.85   -88.64   8.38) v=8.01 m/s [KF]
[lio] t=1317401072.781 | feat 2684/8160 | map   3107 | icp REJ iter 12 corr  2438 rms 0.0619   47.95 ms | p=(  218.03   -88.79   8.36) v=8.03 m/s
[lio] t=1317401072.885 | feat 2469/8160 | map   3107 | icp REJ iter 12 corr  2199 rms 0.0678   43.99 ms | p=(  217.21   -88.95   8.35) v=8.03 m/s [KF]
[lio] t=1317401072.989 | feat 2514/8160 | map   3091 | icp REJ iter 12 corr  2153 rms 0.0943   42.16 ms | p=(  216.39   -89.10   8.34) v=8.04 m/s
[lio] t=1317401073.093 | feat 2470/8160 | map   3091 | icp REJ iter 12 corr  2154 rms 0.1172   42.69 ms | p=(  215.57   -89.26   8.34) v=8.05 m/s [KF]
[lio] t=1317401073.197 | feat 2515/8160 | map   3096 | icp REJ iter 12 corr  2294 rms 0.1112   45.14 ms | p=(  214.75   -89.41   8.33) v=8.07 m/s
[lio] t=1317401073.301 | feat 2629/8160 | map   3096 | icp REJ iter 12 corr  2320 rms 0.1173   46.06 ms | p=(  213.92   -89.57   8.32) v=8.09 m/s [KF]
[lio] t=1317401073.405 | feat 2654/8160 | map   3120 | icp REJ iter 10 corr  2446 rms 0.0807   38.59 ms | p=(  213.09   -89.73   8.31) v=8.11 m/s
[lio] t=1317401073.509 | feat 2814/8160 | map   3120 | icp REJ iter 12 corr  2561 rms 0.0853   48.96 ms | p=(  212.27   -89.89   8.29) v=8.12 m/s [KF]
[lio] t=1317401073.613 | feat 2990/8160 | map   3151 | icp REJ iter  9 corr  2809 rms 0.0814   38.00 ms | p=(  211.44   -90.05   8.27) v=8.13 m/s
[lio] t=1317401073.717 | feat 2981/8160 | map   3151 | icp ok  iter 12 corr  2643 rms 0.1086   51.81 ms | p=(  211.12   -90.28   8.25) v=5.38 m/s [KF]
[lio] t=1317401073.821 | feat 3016/8160 | map   3178 | icp ok  iter 10 corr  2846 rms 0.0734   40.27 ms | p=(  211.97   -90.13   8.25) v=3.01 m/s
[lio] t=1317401073.925 | feat 3053/8160 | map   3178 | icp ok  iter  8 corr  2871 rms 0.0760   36.10 ms | p=(  212.77   -90.05   8.26) v=5.85 m/s [KF]
[lio] t=1317401074.029 | feat 3236/8160 | map   3220 | icp ok  iter  7 corr  3076 rms 0.0741   28.82 ms | p=(  213.60   -89.91   8.26) v=7.19 m/s
[lio] t=1317401074.133 | feat 3266/8160 | map   3220 | icp ok  iter 12 corr  3006 rms 0.0612   52.74 ms | p=(  214.43   -89.76   8.27) v=7.73 m/s [KF]
[lio] t=1317401074.237 | feat 3530/8160 | map   3276 | icp ok  iter  6 corr  3305 rms 0.0520   27.00 ms | p=(  215.23   -89.69   8.28) v=7.71 m/s
[lio] t=1317401074.341 | feat 3458/8160 | map   3276 | icp ok  iter 10 corr  3189 rms 0.0627   43.34 ms | p=(  216.06   -89.56   8.29) v=7.92 m/s [KF]
[lio] t=1317401074.445 | feat 3597/8160 | map   3386 | icp ok  iter  8 corr  3376 rms 0.0558   34.61 ms | p=(  216.89   -89.54   8.30) v=7.93 m/s
[lio] t=1317401074.549 | feat 3733/8160 | map   3386 | icp ok  iter  6 corr  3428 rms 0.0516   28.11 ms | p=(  217.67   -89.24   8.31) v=7.93 m/s [KF]
[lio] t=1317401074.653 | feat 3777/8160 | map   3519 | icp ok  iter  7 corr  3489 rms 0.0478   32.70 ms | p=(  218.53   -89.18   8.32) v=8.11 m/s
[lio] t=1317401074.756 | feat 4079/8160 | map   3519 | icp ok  iter 10 corr  3700 rms 0.0531   53.09 ms | p=(  219.35   -88.99   8.33) v=8.07 m/s [KF]
[lio] t=1317401074.860 | feat 4013/8160 | map   3650 | icp ok  iter  6 corr  3760 rms 0.0679   34.26 ms | p=(  220.17   -88.92   8.34) v=7.92 m/s
[lio] t=1317401074.964 | feat 4038/8160 | map   3650 | icp ok  iter  6 corr  3685 rms 0.0919   31.79 ms | p=(  220.99   -88.75   8.35) v=7.99 m/s [KF]
[lio] t=1317401075.068 | feat 4126/8160 | map   3789 | icp ok  iter 12 corr  3808 rms 0.0464   59.83 ms | p=(  221.80   -88.62   8.36) v=7.90 m/s
[lio] t=1317401075.172 | feat 4119/8160 | map   3789 | icp ok  iter  4 corr  3786 rms 0.0549   19.83 ms | p=(  222.62   -88.49   8.37) v=7.95 m/s [KF]
[lio] t=1317401075.276 | feat 4276/8160 | map   3955 | icp ok  iter  5 corr  4047 rms 0.0528   30.30 ms | p=(  223.45   -88.32   8.38) v=8.02 m/s
[lio] t=1317401075.380 | feat 4363/8160 | map   3955 | icp ok  iter  9 corr  4067 rms 0.0520   53.25 ms | p=(  224.21   -88.26   8.39) v=7.56 m/s [KF]
[lio] t=1317401075.484 | feat 4556/8160 | map   4080 | icp ok  iter  5 corr  4247 rms 0.0442   30.06 ms | p=(  225.03   -88.12   8.40) v=7.80 m/s
[lio] t=1317401075.588 | feat 4284/8160 | map   4080 | icp ok  iter 12 corr  3992 rms 0.0462   74.62 ms | p=(  225.83   -87.93   8.41) v=7.87 m/s [KF]
[lio] t=1317401075.692 | feat 4241/8160 | map   4246 | icp ok  iter  9 corr  4001 rms 0.0443   45.93 ms | p=(  226.66   -87.91   8.41) v=7.87 m/s
[lio] t=1317401075.796 | feat 4228/8160 | map   4246 | icp ok  iter 12 corr  3887 rms 0.0510   62.28 ms | p=(  227.46   -87.71   8.42) v=7.79 m/s [KF]
[lio] t=1317401075.900 | feat 4371/8160 | map   4367 | icp ok  iter  4 corr  4065 rms 0.0545   23.38 ms | p=(  228.24   -87.58   8.42) v=7.65 m/s
[lio] t=1317401076.004 | feat 4382/8160 | map   4367 | icp ok  iter  4 corr  3985 rms 0.0561   20.54 ms | p=(  228.99   -87.45   8.42) v=7.40 m/s [KF]
[lio] t=1317401076.108 | feat 4243/8160 | map   4480 | icp ok  iter  6 corr  3939 rms 0.0411   33.90 ms | p=(  229.81   -87.25   8.42) v=7.77 m/s
[lio] t=1317401076.212 | feat 4409/8160 | map   4480 | icp ok  iter 12 corr  3900 rms 0.0393   66.34 ms | p=(  230.60   -87.16   8.43) v=7.57 m/s [KF]
[lio] t=1317401076.316 | feat 4444/8160 | map   4620 | icp ok  iter 12 corr  4014 rms 0.0358   68.49 ms | p=(  231.38   -87.07   8.44) v=7.50 m/s
[lio] t=1317401076.420 | feat 4444/8160 | map   4620 | icp ok  iter  7 corr  3929 rms 0.0403   39.45 ms | p=(  232.10   -86.96   8.44) v=7.09 m/s [KF]
[lio] t=1317401076.523 | feat 4355/8160 | map   4757 | icp ok  iter  6 corr  3911 rms 0.0348   29.71 ms | p=(  232.87   -86.81   8.44) v=7.22 m/s
[lio] t=1317401076.627 | feat 4350/8160 | map   4757 | icp ok  iter  5 corr  3864 rms 0.0425   24.95 ms | p=(  233.53   -86.70   8.45) v=6.67 m/s [KF]
[lio] t=1317401076.731 | feat 4404/8160 | map   4900 | icp ok  iter  4 corr  3923 rms 0.0333   22.77 ms | p=(  234.19   -86.59   8.45) v=6.37 m/s
[lio] t=1317401076.835 | feat 4466/8160 | map   4900 | icp ok  iter  5 corr  3833 rms 0.0359   24.81 ms | p=(  234.91   -86.51   8.46) v=6.57 m/s [KF]
[lio] t=1317401076.939 | feat 4435/8160 | map   5024 | icp ok  iter  5 corr  3829 rms 0.0344   23.53 ms | p=(  235.57   -86.36   8.46) v=6.41 m/s
[lio] t=1317401077.043 | feat 4501/8160 | map   5024 | icp ok  iter  4 corr  3769 rms 0.0318   20.89 ms | p=(  236.17   -86.29   8.47) v=5.86 m/s [KF]
[lio] t=1317401077.147 | feat 4655/8160 | map   5160 | icp ok  iter 12 corr  3938 rms 0.0313   64.05 ms | p=(  236.80   -86.22   8.47) v=5.82 m/s
[lio] t=1317401077.251 | feat 4403/8160 | map   5160 | icp ok  iter  5 corr  3692 rms 0.0300   22.96 ms | p=(  237.39   -86.14   8.48) v=5.60 m/s [KF]
[lio] t=1317401077.355 | feat 4610/8160 | map   5256 | icp ok  iter 12 corr  3858 rms 0.0428   66.04 ms | p=(  237.91   -86.06   8.48) v=5.09 m/s
[lio] t=1317401077.459 | feat 4448/8160 | map   5256 | icp ok  iter  5 corr  3736 rms 0.0347   25.30 ms | p=(  238.43   -85.96   8.47) v=4.90 m/s [KF]
[lio] t=1317401077.563 | feat 4410/8160 | map   5383 | icp ok  iter  4 corr  3597 rms 0.0316   19.43 ms | p=(  238.95   -85.87   8.46) v=4.79 m/s
[lio] t=1317401077.667 | feat 4581/8160 | map   5383 | icp ok  iter  5 corr  3623 rms 0.0334   21.14 ms | p=(  239.41   -85.86   8.46) v=4.33 m/s
[lio] t=1317401077.771 | feat 4329/8160 | map   5383 | icp ok  iter  4 corr  3499 rms 0.0348   22.37 ms | p=(  239.80   -85.77   8.47) v=3.85 m/s [KF]
[lio] t=1317401077.875 | feat 4286/8160 | map   5504 | icp ok  iter  7 corr  3523 rms 0.0309   34.73 ms | p=(  240.22   -85.74   8.47) v=3.76 m/s
[lio] t=1317401077.979 | feat 4203/8160 | map   5504 | icp ok  iter  4 corr  3366 rms 0.0335   16.26 ms | p=(  240.59   -85.64   8.47) v=3.48 m/s
[lio] t=1317401078.083 | feat 4286/8160 | map   5504 | icp ok  iter  6 corr  3396 rms 0.0357   28.74 ms | p=(  240.97   -85.61   8.46) v=3.37 m/s [KF]
[lio] t=1317401078.187 | feat 4477/8160 | map   5624 | icp ok  iter  4 corr  3525 rms 0.0286   18.86 ms | p=(  241.27   -85.58   8.47) v=2.87 m/s
[lio] t=1317401078.291 | feat 4620/8160 | map   5624 | icp ok  iter  4 corr  3558 rms 0.0325   20.61 ms | p=(  241.59   -85.54   8.47) v=2.80 m/s
[lio] t=1317401078.395 | feat 4430/8160 | map   5624 | icp ok  iter  4 corr  3624 rms 0.0332   18.82 ms | p=(  241.85   -85.49   8.48) v=2.44 m/s
[lio] t=1317401078.499 | feat 4523/8160 | map   5624 | icp ok  iter  4 corr  3565 rms 0.0363   20.07 ms | p=(  242.06   -85.48   8.48) v=2.01 m/s [KF]
[lio] t=1317401078.603 | feat 4604/8160 | map   5773 | icp ok  iter  4 corr  3648 rms 0.0281   18.64 ms | p=(  242.29   -85.45   8.48) v=1.94 m/s
[lio] t=1317401078.707 | feat 4688/8160 | map   5773 | icp ok  iter  4 corr  3819 rms 0.0294   18.76 ms | p=(  242.45   -85.43   8.49) v=1.60 m/s
[lio] t=1317401078.811 | feat 4502/8160 | map   5773 | icp ok  iter 12 corr  3642 rms 0.0287   62.34 ms | p=(  242.62   -85.40   8.49) v=1.53 m/s
[lio] t=1317401078.915 | feat 4481/8160 | map   5773 | icp ok  iter  4 corr  3627 rms 0.0440   19.55 ms | p=(  242.81   -85.38   8.49) v=1.62 m/s
[lio] t=1317401079.019 | feat 4437/8160 | map   5773 | icp ok  iter  5 corr  3585 rms 0.0338   25.73 ms | p=(  242.92   -85.38   8.49) v=1.27 m/s
[lio] t=1317401079.123 | feat 4423/8160 | map   5773 | icp ok  iter  5 corr  3544 rms 0.0378   27.60 ms | p=(  243.12   -85.36   8.49) v=1.58 m/s [KF]
[lio] t=1317401079.227 | feat 4378/8160 | map   5923 | icp ok  iter  5 corr  3524 rms 0.0241   25.20 ms | p=(  243.25   -85.35   8.49) v=1.32 m/s
[lio] t=1317401079.331 | feat 4318/8160 | map   5923 | icp ok  iter  5 corr  3491 rms 0.0294   22.72 ms | p=(  243.36   -85.34   8.49) v=1.12 m/s
[lio] t=1317401079.435 | feat 4314/8160 | map   5923 | icp ok  iter  5 corr  3525 rms 0.0326   22.96 ms | p=(  243.53   -85.32   8.49) v=1.39 m/s
[lio] t=1317401079.539 | feat 4587/8160 | map   5923 | icp ok  iter  4 corr  3800 rms 0.0348   22.78 ms | p=(  243.65   -85.28   8.49) v=1.27 m/s
[lio] t=1317401079.643 | feat 4473/8160 | map   5923 | icp ok  iter  3 corr  3638 rms 0.0316   15.56 ms | p=(  243.77   -85.30   8.49) v=1.16 m/s
[lio] t=1317401079.747 | feat 4302/8160 | map   5923 | icp ok  iter  4 corr  3591 rms 0.0304   19.09 ms | p=(  243.89   -85.26   8.49) v=1.16 m/s
[lio] t=1317401079.851 | feat 4266/8160 | map   5923 | icp ok  iter  4 corr  3605 rms 0.0491   18.77 ms | p=(  244.03   -85.24   8.49) v=1.27 m/s
[lio] t=1317401079.955 | feat 4173/8160 | map   5923 | icp ok  iter  5 corr  3555 rms 0.0470   24.37 ms | p=(  244.15   -85.26   8.49) v=1.16 m/s [KF]
[lio] t=1317401080.059 | feat 4266/8160 | map   6068 | icp ok  iter  5 corr  3714 rms 0.0296   26.65 ms | p=(  244.27   -85.19   8.49) v=1.25 m/s
[lio] t=1317401080.163 | feat 4334/8160 | map   6068 | icp ok  iter  4 corr  3703 rms 0.0288   20.06 ms | p=(  244.41   -85.21   8.49) v=1.27 m/s
[lio] t=1317401080.267 | feat 4367/8160 | map   6068 | icp ok  iter  4 corr  3722 rms 0.1189   20.04 ms | p=(  244.54   -85.18   8.49) v=1.24 m/s
[lio] t=1317401080.370 | feat 4416/8160 | map   6068 | icp ok  iter  4 corr  3724 rms 0.0938   19.23 ms | p=(  244.65   -85.19   8.49) v=1.14 m/s
[lio] t=1317401080.474 | feat 4477/8160 | map   6068 | icp ok  iter  4 corr  3766 rms 0.0819   20.99 ms | p=(  244.78   -85.18   8.49) v=1.17 m/s
[lio] t=1317401080.578 | feat 4324/8160 | map   6068 | icp ok  iter  4 corr  3660 rms 0.0407   20.77 ms | p=(  244.92   -85.17   8.49) v=1.31 m/s
[lio] t=1317401080.682 | feat 4484/8160 | map   6068 | icp ok  iter  4 corr  3758 rms 0.0307   19.84 ms | p=(  245.05   -85.14   8.49) v=1.34 m/s
[lio] t=1317401080.786 | feat 4796/8160 | map   6068 | icp ok  iter  4 corr  4017 rms 0.0683   19.33 ms | p=(  245.18   -85.13   8.49) v=1.34 m/s [KF]
[lio] t=1317401080.890 | feat 4588/8160 | map   6206 | icp ok  iter 12 corr  3867 rms 0.0302   70.53 ms | p=(  245.36   -85.08   8.49) v=1.68 m/s
[lio] t=1317401080.994 | feat 4620/8160 | map   6206 | icp ok  iter  5 corr  3930 rms 0.0675   28.41 ms | p=(  245.51   -85.08   8.49) v=1.59 m/s
[lio] t=1317401081.097 | feat 4565/8160 | map   6206 | icp ok  iter  4 corr  3865 rms 0.0849   20.41 ms | p=(  245.71   -85.00   8.49) v=1.98 m/s
[lio] t=1317401081.201 | feat 4261/8160 | map   6206 | icp ok  iter  4 corr  3561 rms 0.0458   21.27 ms | p=(  245.91   -84.93   8.49) v=2.11 m/s
[lio] t=1317401081.305 | feat 4264/8160 | map   6206 | icp ok  iter  4 corr  3565 rms 0.0581   20.48 ms | p=(  246.13   -84.93   8.50) v=2.21 m/s
[lio] t=1317401081.408 | feat 4231/8160 | map   6206 | icp ok  iter  4 corr  3498 rms 0.1003   19.73 ms | p=(  246.34   -84.82   8.50) v=2.31 m/s [KF]
[lio] t=1317401081.512 | feat 4289/8160 | map   6347 | icp ok  iter  4 corr  3524 rms 0.0305   20.41 ms | p=(  246.57   -84.79   8.51) v=2.35 m/s
[lio] t=1317401081.616 | feat 4200/8160 | map   6347 | icp ok  iter  4 corr  3425 rms 0.0522   20.27 ms | p=(  246.84   -84.72   8.51) v=2.63 m/s
[lio] t=1317401081.719 | feat 4367/8160 | map   6347 | icp ok  iter  4 corr  3497 rms 0.0643   21.97 ms | p=(  247.07   -84.60   8.53) v=2.60 m/s
[lio] t=1317401081.823 | feat 4370/8160 | map   6347 | icp ok  iter  5 corr  3518 rms 0.0588   25.31 ms | p=(  247.37   -84.45   8.53) v=3.08 m/s [KF]
[lio] t=1317401081.927 | feat 4389/8160 | map   6511 | icp ok  iter  4 corr  3494 rms 0.0324   19.76 ms | p=(  247.60   -84.33   8.54) v=2.82 m/s
[lio] t=1317401082.030 | feat 4490/8160 | map   6511 | icp ok  iter  4 corr  3602 rms 0.0387   20.65 ms | p=(  247.87   -84.23   8.54) v=2.87 m/s
[lio] t=1317401082.134 | feat 4621/8160 | map   6511 | icp ok  iter  4 corr  3655 rms 0.0352   21.04 ms | p=(  248.13   -84.04   8.55) v=3.09 m/s
[lio] t=1317401082.238 | feat 4531/8160 | map   6511 | icp ok  iter  6 corr  3541 rms 0.0323   29.79 ms | p=(  248.43   -83.84   8.56) v=3.38 m/s [KF]
[lio] t=1317401082.341 | feat 4592/8160 | map   6677 | icp ok  iter  4 corr  3716 rms 0.0393   18.25 ms | p=(  248.70   -83.63   8.57) v=3.44 m/s
[lio] t=1317401082.445 | feat 4496/8160 | map   6677 | icp ok  iter  5 corr  3583 rms 0.0324   28.52 ms | p=(  248.92   -83.45   8.58) v=3.05 m/s
[lio] t=1317401082.549 | feat 4567/8160 | map   6677 | icp ok  iter  5 corr  3661 rms 0.0378   26.94 ms | p=(  249.19   -83.24   8.57) v=3.26 m/s
[lio] t=1317401082.653 | feat 4553/8160 | map   6677 | icp ok  iter  5 corr  3638 rms 0.0309   29.37 ms | p=(  249.45   -82.94   8.57) v=3.67 m/s [KF]
[lio] t=1317401082.757 | feat 4594/8160 | map   6835 | icp ok  iter  4 corr  3699 rms 0.0300   18.15 ms | p=(  249.72   -82.61   8.56) v=4.06 m/s
[lio] t=1317401082.860 | feat 4725/8160 | map   6835 | icp ok  iter 12 corr  3766 rms 0.0307   63.61 ms | p=(  249.97   -82.30   8.55) v=4.02 m/s
[lio] t=1317401082.964 | feat 4707/8160 | map   6835 | icp ok  iter  5 corr  3763 rms 0.0449   26.33 ms | p=(  250.21   -81.93   8.55) v=4.29 m/s [KF]
[lio] t=1317401083.068 | feat 4650/8160 | map   6932 | icp ok  iter  4 corr  3684 rms 0.0236   18.62 ms | p=(  250.48   -81.55   8.54) v=4.50 m/s
[lio] t=1317401083.172 | feat 4504/8160 | map   6932 | icp ok  iter  6 corr  3584 rms 0.0280   30.96 ms | p=(  250.61   -81.18   8.55) v=4.13 m/s
[lio] t=1317401083.276 | feat 4578/8160 | map   6932 | icp ok  iter 12 corr  3662 rms 0.0287   59.03 ms | p=(  250.89   -80.74   8.54) v=4.76 m/s [KF]
[lio] t=1317401083.379 | feat 4527/8160 | map   6987 | icp ok  iter  5 corr  3595 rms 0.0286   24.87 ms | p=(  251.05   -80.30   8.53) v=4.68 m/s
[lio] t=1317401083.483 | feat 4395/8160 | map   6987 | icp ok  iter  5 corr  3503 rms 0.0286   25.17 ms | p=(  251.20   -79.85   8.52) v=4.76 m/s
[lio] t=1317401083.587 | feat 4240/8160 | map   6987 | icp ok  iter  6 corr  3369 rms 0.0314   27.13 ms | p=(  251.36   -79.35   8.52) v=5.06 m/s [KF]
[lio] t=1317401083.691 | feat 4306/8160 | map   7020 | icp ok  iter  4 corr  3430 rms 0.0268   22.03 ms | p=(  251.45   -78.82   8.52) v=5.24 m/s
[lio] t=1317401083.795 | feat 4339/8160 | map   7020 | icp ok  iter  4 corr  3362 rms 0.0307   18.95 ms | p=(  251.51   -78.23   8.50) v=5.65 m/s [KF]
[lio] t=1317401083.899 | feat 4206/8160 | map   7029 | icp ok  iter  4 corr  3269 rms 0.0275   19.75 ms | p=(  251.61   -77.71   8.49) v=5.44 m/s
[lio] t=1317401084.003 | feat 4247/8160 | map   7029 | icp ok  iter  5 corr  3244 rms 0.0243   23.01 ms | p=(  251.67   -77.08   8.50) v=5.97 m/s [KF]
[lio] t=1317401084.107 | feat 4207/8160 | map   7034 | icp ok  iter  5 corr  3274 rms 0.0205   19.92 ms | p=(  251.66   -76.50   8.50) v=5.84 m/s
[lio] t=1317401084.211 | feat 4559/8160 | map   7034 | icp ok  iter  7 corr  3485 rms 0.0409   36.95 ms | p=(  251.50   -75.87   8.50) v=6.21 m/s [KF]
[lio] t=1317401084.315 | feat 4441/8160 | map   7050 | icp ok  iter  5 corr  3380 rms 0.0274   25.76 ms | p=(  251.56   -75.21   8.49) v=6.35 m/s
[lio] t=1317401084.419 | feat 4365/8160 | map   7050 | icp ok  iter  5 corr  3359 rms 0.0292   23.85 ms | p=(  251.46   -74.53   8.47) v=6.69 m/s [KF]
[lio] t=1317401084.524 | feat 4234/8160 | map   7038 | icp ok  iter  5 corr  3342 rms 0.0272   25.61 ms | p=(  251.38   -73.89   8.46) v=6.49 m/s
[lio] t=1317401084.628 | feat 4426/8160 | map   7038 | icp ok  iter  5 corr  3488 rms 0.0249   23.69 ms | p=(  251.20   -73.17   8.44) v=7.04 m/s [KF]
[lio] t=1317401084.733 | feat 4416/8160 | map   7026 | icp ok  iter  4 corr  3540 rms 0.0255   19.05 ms | p=(  251.15   -72.40   8.45) v=7.35 m/s
[lio] t=1317401084.837 | feat 4231/8160 | map   7026 | icp ok  iter  5 corr  3313 rms 0.0272   25.80 ms | p=(  250.94   -71.69   8.44) v=7.30 m/s [KF]
[lio] t=1317401084.942 | feat 4140/8160 | map   7023 | icp ok  iter  6 corr  3295 rms 0.0307   29.50 ms | p=(  250.72   -70.88   8.41) v=7.91 m/s
[lio] t=1317401085.046 | feat 4061/8160 | map   7023 | icp ok  iter  5 corr  3212 rms 0.0435   23.67 ms | p=(  250.76   -70.11   8.42) v=7.63 m/s [KF]
[lio] t=1317401085.150 | feat 4059/8160 | map   7034 | icp ok  iter  5 corr  3212 rms 0.0295   23.55 ms | p=(  250.68   -69.27   8.41) v=8.05 m/s
[lio] t=1317401085.255 | feat 4196/8156 | map   7034 | icp ok  iter  6 corr  3321 rms 0.0316   29.82 ms | p=(  250.42   -68.45   8.40) v=8.30 m/s [KF]
[lio] t=1317401085.359 | feat 4259/8160 | map   7073 | icp ok  iter 12 corr  3231 rms 0.0355   62.16 ms | p=(  250.32   -67.56   8.40) v=8.57 m/s
[lio] t=1317401085.463 | feat 4160/8160 | map   7073 | icp ok  iter  7 corr  3269 rms 0.0359   34.98 ms | p=(  250.21   -66.69   8.40) v=8.60 m/s [KF]
[lio] t=1317401085.568 | feat 4348/8160 | map   7084 | icp ok  iter  5 corr  3504 rms 0.0384   26.14 ms | p=(  250.07   -65.87   8.39) v=8.35 m/s
[lio] t=1317401085.672 | feat 4527/8160 | map   7084 | icp ok  iter 12 corr  3558 rms 0.0298   69.99 ms | p=(  249.88   -64.99   8.39) v=8.67 m/s [KF]
[lio] t=1317401085.776 | feat 4328/8160 | map   7147 | icp ok  iter 12 corr  3414 rms 0.0370   64.90 ms | p=(  249.62   -64.02   8.39) v=9.40 m/s [KF]
[lio] t=1317401085.880 | feat 4359/8160 | map   7207 | icp ok  iter  5 corr  3436 rms 0.0326   23.72 ms | p=(  249.50   -63.08   8.40) v=9.38 m/s
[lio] t=1317401085.984 | feat 4484/8160 | map   7207 | icp ok  iter  5 corr  3511 rms 0.0393   24.09 ms | p=(  249.34   -62.12   8.41) v=9.51 m/s [KF]
[lio] t=1317401086.088 | feat 4498/8160 | map   7277 | icp ok  iter  4 corr  3570 rms 0.0330   21.04 ms | p=(  249.09   -61.10   8.41) v=9.96 m/s [KF]
[lio] t=1317401086.192 | feat 4626/8160 | map   7371 | icp ok  iter  4 corr  3538 rms 0.0240   20.55 ms | p=(  248.93   -60.10   8.41) v=9.89 m/s [KF]
[lio] t=1317401086.296 | feat 4740/8160 | map   7442 | icp ok  iter  4 corr  3741 rms 0.0251   18.94 ms | p=(  248.76   -59.10   8.41) v=9.88 m/s [KF]
[lio] t=1317401086.400 | feat 4534/8160 | map   7463 | icp ok  iter  4 corr  3591 rms 0.0258   19.81 ms | p=(  248.57   -58.08   8.39) v=9.98 m/s [KF]
[lio] t=1317401086.504 | feat 4504/8160 | map   7471 | icp ok  iter  4 corr  3630 rms 0.0295   23.31 ms | p=(  248.36   -57.08   8.38) v=9.91 m/s [KF]
[lio] t=1317401086.608 | feat 4432/8160 | map   7419 | icp ok  iter  5 corr  3588 rms 0.0316   27.18 ms | p=(  248.20   -56.06   8.37) v=9.93 m/s [KF]
[lio] t=1317401086.712 | feat 4168/8160 | map   7369 | icp ok  iter  4 corr  3384 rms 0.0227   16.80 ms | p=(  247.95   -55.04   8.36) v=10.11 m/s [KF]
[lio] t=1317401086.816 | feat 4287/8160 | map   7288 | icp ok  iter  3 corr  3441 rms 0.0259   13.70 ms | p=(  247.74   -54.01   8.35) v=10.12 m/s [KF]
[lio] t=1317401086.920 | feat 4180/8160 | map   7133 | icp ok  iter  4 corr  3351 rms 0.0263   17.42 ms | p=(  247.53   -53.00   8.34) v=10.10 m/s [KF]
[lio] t=1317401087.024 | feat 4034/8160 | map   6999 | icp ok  iter  4 corr  3117 rms 0.0287   17.93 ms | p=(  247.30   -51.94   8.35) v=10.34 m/s [KF]
[lio] t=1317401087.127 | feat 3965/8139 | map   6922 | icp ok  iter  5 corr  3085 rms 0.0250   19.70 ms | p=(  247.07   -50.91   8.35) v=10.29 m/s [KF]
[lio] t=1317401087.231 | feat 4091/8157 | map   6821 | icp ok  iter 12 corr  3121 rms 0.0379   55.11 ms | p=(  246.85   -49.94   8.34) v=9.86 m/s
[lio] t=1317401087.335 | feat 3943/8160 | map   6821 | icp ok  iter 12 corr  2941 rms 0.0352   56.70 ms | p=(  246.57   -48.81   8.33) v=10.72 m/s [KF]
[lio] t=1317401087.439 | feat 4105/8160 | map   6816 | icp ok  iter 12 corr  3178 rms 0.0264   49.96 ms | p=(  246.32   -47.81   8.32) v=10.23 m/s [KF]
[lio] t=1317401087.543 | feat 4128/8159 | map   6830 | icp ok  iter  5 corr  3282 rms 0.0285   24.17 ms | p=(  246.13   -46.74   8.31) v=10.39 m/s [KF]
[lio] t=1317401087.647 | feat 3976/8145 | map   6822 | icp ok  iter  5 corr  3186 rms 0.0269   19.20 ms | p=(  245.85   -45.70   8.29) v=10.41 m/s [KF]
[lio] t=1317401087.751 | feat 4053/8113 | map   6813 | icp ok  iter  6 corr  3365 rms 0.0322   22.80 ms | p=(  245.57   -44.65   8.28) v=10.48 m/s [KF]
[lio] t=1317401087.855 | feat 4119/8121 | map   6782 | icp ok  iter  4 corr  3509 rms 0.0280   17.61 ms | p=(  245.33   -43.61   8.26) v=10.37 m/s [KF]
[lio] t=1317401087.959 | feat 4180/8121 | map   6734 | icp ok  iter  5 corr  3649 rms 0.0300   23.74 ms | p=(  245.05   -42.53   8.25) v=10.61 m/s [KF]
[lio] t=1317401088.063 | feat 4425/8160 | map   6664 | icp ok  iter  3 corr  3872 rms 0.0309   15.88 ms | p=(  244.78   -41.47   8.24) v=10.60 m/s [KF]
[lio] t=1317401088.167 | feat 4468/8160 | map   6598 | icp ok  iter  3 corr  4058 rms 0.0322   15.54 ms | p=(  244.51   -40.39   8.22) v=10.72 m/s [KF]
[lio] t=1317401088.271 | feat 4255/8160 | map   6536 | icp ok  iter  4 corr  3846 rms 0.0369   18.81 ms | p=(  244.25   -39.33   8.21) v=10.61 m/s [KF]
[lio] t=1317401088.375 | feat 4240/8160 | map   6474 | icp ok  iter 12 corr  3742 rms 0.0332   54.25 ms | p=(  243.98   -38.22   8.20) v=10.85 m/s [KF]
[lio] t=1317401088.479 | feat 4138/8160 | map   6406 | icp ok  iter 12 corr  3687 rms 0.0502   58.35 ms | p=(  243.72   -37.13   8.19) v=10.83 m/s [KF]
[lio] t=1317401088.583 | feat 4040/8160 | map   6347 | icp ok  iter  4 corr  3664 rms 0.0300   17.10 ms | p=(  243.46   -36.06   8.18) v=10.72 m/s [KF]
[lio] t=1317401088.687 | feat 3970/8160 | map   6296 | icp ok  iter  6 corr  3542 rms 0.0297   29.47 ms | p=(  243.19   -34.95   8.16) v=10.95 m/s [KF]
[lio] t=1317401088.791 | feat 3796/8160 | map   6276 | icp ok  iter  4 corr  3404 rms 0.0304   15.12 ms | p=(  242.95   -33.82   8.15) v=11.05 m/s [KF]
[lio] t=1317401088.895 | feat 3748/8160 | map   6250 | icp ok  iter  5 corr  3340 rms 0.0325   19.40 ms | p=(  242.69   -32.71   8.13) v=11.01 m/s [KF]
[lio] t=1317401088.999 | feat 3765/8160 | map   6222 | icp ok  iter  5 corr  3342 rms 0.0319   20.91 ms | p=(  242.44   -31.63   8.11) v=10.85 m/s [KF]
[lio] t=1317401089.103 | feat 3579/8160 | map   6174 | icp ok  iter 12 corr  3153 rms 0.0297   45.91 ms | p=(  242.20   -30.51   8.10) v=10.97 m/s [KF]
[lio] t=1317401089.207 | feat 3675/8157 | map   6106 | icp ok  iter  4 corr  3210 rms 0.0352   15.25 ms | p=(  241.98   -29.34   8.08) v=11.29 m/s [KF]
[lio] t=1317401089.311 | feat 3683/8160 | map   6062 | icp ok  iter  5 corr  3202 rms 0.0324   21.26 ms | p=(  241.74   -28.25   8.07) v=10.96 m/s [KF]
[lio] t=1317401089.415 | feat 3644/8160 | map   5987 | icp ok  iter  4 corr  3169 rms 0.0416   15.40 ms | p=(  241.54   -27.10   8.06) v=11.18 m/s [KF]
[lio] t=1317401089.519 | feat 3753/8160 | map   5913 | icp ok  iter  5 corr  3308 rms 0.0338   20.85 ms | p=(  241.31   -26.02   8.04) v=10.88 m/s [KF]
[lio] t=1317401089.623 | feat 3892/8160 | map   5799 | icp ok  iter  4 corr  3411 rms 0.0319   17.03 ms | p=(  241.11   -24.84   8.02) v=11.28 m/s [KF]
[lio] t=1317401089.726 | feat 4122/8160 | map   5716 | icp ok  iter  5 corr  3671 rms 0.0454   25.09 ms | p=(  240.89   -23.72   8.01) v=11.11 m/s [KF]
[lio] t=1317401089.830 | feat 3922/8160 | map   5595 | icp ok  iter  6 corr  3329 rms 0.0457   27.60 ms | p=(  240.69   -22.48   7.99) v=11.74 m/s [KF]
[lio] t=1317401089.934 | feat 3730/8141 | map   5508 | icp ok  iter  5 corr  3171 rms 0.0331   21.19 ms | p=(  240.51   -21.46   7.98) v=10.71 m/s [KF]
[lio] t=1317401090.038 | feat 3836/8158 | map   5444 | icp ok  iter  5 corr  3259 rms 0.0324   18.81 ms | p=(  240.32   -20.35   7.96) v=10.83 m/s [KF]
[lio] t=1317401090.142 | feat 4073/8144 | map   5352 | icp ok  iter  5 corr  3348 rms 0.0293   19.56 ms | p=(  240.13   -19.19   7.96) v=11.17 m/s [KF]
[lio] t=1317401090.246 | feat 3967/8151 | map   5256 | icp ok  iter  4 corr  3433 rms 0.0294   16.06 ms | p=(  239.95   -18.00   7.95) v=11.42 m/s [KF]
[lio] t=1317401090.349 | feat 3924/8160 | map   5162 | icp ok  iter  4 corr  3324 rms 0.0329   16.41 ms | p=(  239.77   -16.87   7.93) v=11.21 m/s [KF]
[lio] t=1317401090.453 | feat 3858/8160 | map   5156 | icp ok  iter  5 corr  3317 rms 0.0315   21.65 ms | p=(  239.58   -15.70   7.93) v=11.36 m/s [KF]
[lio] t=1317401090.557 | feat 3761/8160 | map   5126 | icp ok  iter  6 corr  3158 rms 0.0366   24.92 ms | p=(  239.40   -14.52   7.92) v=11.48 m/s [KF]
[lio] t=1317401090.661 | feat 3903/8160 | map   5134 | icp ok  iter  5 corr  3386 rms 0.0314   21.61 ms | p=(  239.23   -13.41   7.91) v=11.10 m/s [KF]
[lio] t=1317401090.764 | feat 3996/8160 | map   5151 | icp ok  iter  4 corr  3497 rms 0.0392   17.34 ms | p=(  239.06   -12.30   7.90) v=10.98 m/s [KF]
[lio] t=1317401090.868 | feat 4092/8160 | map   5155 | icp ok  iter  2 corr  3613 rms 0.0347   10.62 ms | p=(  238.87   -11.04   7.89) v=11.76 m/s [KF]
[lio] t=1317401090.972 | feat 4015/8160 | map   5170 | icp ok  iter  5 corr  3571 rms 0.0364   21.98 ms | p=(  238.70    -9.90   7.89) v=11.40 m/s [KF]
[lio] t=1317401091.076 | feat 4159/8160 | map   5167 | icp ok  iter  4 corr  3476 rms 0.0353   17.31 ms | p=(  238.52    -8.72   7.88) v=11.44 m/s [KF]
[lio] t=1317401091.179 | feat 4261/8160 | map   5225 | icp ok  iter  4 corr  3729 rms 0.0302   17.63 ms | p=(  238.33    -7.56   7.87) v=11.42 m/s [KF]
[lio] t=1317401091.283 | feat 4155/8160 | map   5212 | icp ok  iter  3 corr  3656 rms 0.0325   12.97 ms | p=(  238.15    -6.40   7.86) v=11.33 m/s [KF]
[lio] t=1317401091.387 | feat 4024/8160 | map   5206 | icp ok  iter  4 corr  3510 rms 0.0329   16.89 ms | p=(  237.98    -5.23   7.85) v=11.39 m/s [KF]
[lio] t=1317401091.491 | feat 4241/8160 | map   5213 | icp ok  iter  6 corr  3657 rms 0.0330   31.58 ms | p=(  237.80    -4.09   7.84) v=11.19 m/s [KF]
[lio] t=1317401091.594 | feat 4044/8120 | map   5230 | icp ok  iter  5 corr  3552 rms 0.0362   23.13 ms | p=(  237.63    -2.99   7.83) v=10.91 m/s [KF]
[lio] t=1317401091.698 | feat 3875/8160 | map   5209 | icp ok  iter  4 corr  3417 rms 0.0296   15.72 ms | p=(  237.47    -1.86   7.82) v=10.96 m/s [KF]
[lio] t=1317401091.802 | feat 4140/8160 | map   5209 | icp ok  iter  5 corr  3582 rms 0.0291   24.91 ms | p=(  237.28    -0.63   7.81) v=11.60 m/s [KF]
[lio] t=1317401091.906 | feat 3930/8160 | map   5166 | icp ok  iter  4 corr  3489 rms 0.0311   16.63 ms | p=(  237.10     0.59   7.80) v=11.78 m/s [KF]
[lio] t=1317401092.009 | feat 3975/8160 | map   5132 | icp ok  iter  8 corr  3497 rms 0.0297   32.32 ms | p=(  236.92     1.73   7.79) v=11.35 m/s [KF]
[lio] t=1317401092.113 | feat 3764/8160 | map   5170 | icp ok  iter  6 corr  3173 rms 0.0354   28.60 ms | p=(  236.77     2.78   7.77) v=10.68 m/s [KF]
[lio] t=1317401092.217 | feat 3720/8122 | map   5215 | icp ok  iter 12 corr  3201 rms 0.0308   51.86 ms | p=(  236.60     3.94   7.76) v=11.07 m/s [KF]
[lio] t=1317401092.321 | feat 3757/8155 | map   5249 | icp ok  iter  4 corr  3256 rms 0.0363   16.64 ms | p=(  236.44     5.06   7.74) v=10.97 m/s [KF]
[lio] t=1317401092.425 | feat 3860/8160 | map   5322 | icp ok  iter  6 corr  3365 rms 0.0436   31.90 ms | p=(  236.24     6.31   7.73) v=11.69 m/s [KF]
[lio] t=1317401092.529 | feat 3630/8160 | map   5345 | icp ok  iter 12 corr  3176 rms 0.0465   51.29 ms | p=(  236.06     7.47   7.71) v=11.45 m/s [KF]
[lio] t=1317401092.632 | feat 3691/8160 | map   5350 | icp ok  iter  6 corr  3237 rms 0.0282   26.84 ms | p=(  235.89     8.53   7.69) v=10.79 m/s [KF]
[lio] t=1317401092.736 | feat 3961/8160 | map   5370 | icp ok  iter  4 corr  3462 rms 0.0279   14.63 ms | p=(  235.73     9.73   7.67) v=11.28 m/s [KF]
[lio] t=1317401092.840 | feat 3885/8160 | map   5394 | icp ok  iter  3 corr  3452 rms 0.0324   14.66 ms | p=(  235.55    10.85   7.65) v=11.11 m/s [KF]
[lio] t=1317401092.944 | feat 3647/8160 | map   5391 | icp ok  iter  4 corr  3104 rms 0.0254   14.20 ms | p=(  235.39    12.00   7.62) v=11.17 m/s [KF]
[lio] t=1317401093.048 | feat 3795/8160 | map   5405 | icp ok  iter  3 corr  3247 rms 0.0381   13.46 ms | p=(  235.21    13.14   7.60) v=11.09 m/s [KF]
[lio] t=1317401093.151 | feat 3836/8160 | map   5441 | icp ok  iter  4 corr  3369 rms 0.0284   19.07 ms | p=(  235.06    14.28   7.58) v=11.12 m/s [KF]
[lio] t=1317401093.255 | feat 3839/8160 | map   5443 | icp ok  iter  5 corr  3246 rms 0.0315   17.71 ms | p=(  234.88    15.42   7.56) v=11.14 m/s [KF]
[lio] t=1317401093.359 | feat 3981/8160 | map   5487 | icp ok  iter  4 corr  3385 rms 0.0280   19.61 ms | p=(  234.71    16.56   7.55) v=11.12 m/s [KF]
[lio] t=1317401093.463 | feat 4030/8160 | map   5528 | icp ok  iter  5 corr  3432 rms 0.0261   22.05 ms | p=(  234.54    17.72   7.52) v=11.26 m/s [KF]
[lio] t=1317401093.567 | feat 4355/8160 | map   5528 | icp ok  iter  3 corr  3708 rms 0.0326   14.60 ms | p=(  234.39    18.87   7.49) v=11.26 m/s [KF]
[lio] t=1317401093.671 | feat 3992/8160 | map   5521 | icp ok  iter  3 corr  3380 rms 0.0253   12.02 ms | p=(  234.20    20.02   7.46) v=11.32 m/s [KF]
[lio] t=1317401093.774 | feat 4253/8160 | map   5503 | icp ok  iter  3 corr  3597 rms 0.0331   15.03 ms | p=(  234.04    21.18   7.44) v=11.33 m/s [KF]
[lio] t=1317401093.878 | feat 4398/8160 | map   5509 | icp ok  iter  4 corr  3670 rms 0.0325   18.66 ms | p=(  233.86    22.33   7.42) v=11.30 m/s [KF]
[lio] t=1317401093.982 | feat 4328/8160 | map   5494 | icp ok  iter  4 corr  3608 rms 0.0281   16.34 ms | p=(  233.69    23.52   7.39) v=11.56 m/s [KF]
[lio] t=1317401094.086 | feat 4314/8160 | map   5458 | icp ok  iter  4 corr  3606 rms 0.0443   18.86 ms | p=(  233.58    24.63   7.38) v=11.07 m/s [KF]
[lio] t=1317401094.190 | feat 4350/8160 | map   5415 | icp ok  iter  5 corr  3631 rms 0.0323   21.65 ms | p=(  233.33    25.92   7.36) v=12.14 m/s [KF]
[lio] t=1317401094.293 | feat 4551/8160 | map   5413 | icp ok  iter  5 corr  3942 rms 0.0260   23.27 ms | p=(  233.17    27.08   7.33) v=11.66 m/s [KF]
[lio] t=1317401094.397 | feat 4383/8160 | map   5399 | icp ok  iter  4 corr  3757 rms 0.0313   19.48 ms | p=(  232.99    28.29   7.32) v=11.79 m/s [KF]
[lio] t=1317401094.501 | feat 4437/8160 | map   5365 | icp ok  iter  4 corr  3732 rms 0.0328   17.45 ms | p=(  232.80    29.50   7.30) v=11.83 m/s [KF]
[lio] t=1317401094.605 | feat 4307/8160 | map   5348 | icp ok  iter  5 corr  3692 rms 0.0314   22.13 ms | p=(  232.61    30.70   7.27) v=11.83 m/s [KF]
[lio] t=1317401094.709 | feat 4451/8160 | map   5340 | icp ok  iter  4 corr  3892 rms 0.0349   18.90 ms | p=(  232.42    31.94   7.25) v=12.04 m/s [KF]
[lio] t=1317401094.812 | feat 4573/8160 | map   5301 | icp ok  iter  4 corr  4023 rms 0.0408   20.19 ms | p=(  232.23    33.17   7.23) v=12.09 m/s [KF]
[lio] t=1317401094.916 | feat 4904/8160 | map   5276 | icp ok  iter  4 corr  4276 rms 0.0310   21.31 ms | p=(  232.03    34.40   7.21) v=12.08 m/s [KF]
[lio] t=1317401095.020 | feat 4817/8160 | map   5278 | icp ok  iter  4 corr  4267 rms 0.0299   20.92 ms | p=(  231.83    35.66   7.19) v=12.25 m/s [KF]
[lio] t=1317401095.124 | feat 4985/8160 | map   5279 | icp ok  iter  5 corr  4466 rms 0.0315   25.63 ms | p=(  231.62    36.90   7.17) v=12.21 m/s [KF]
[lio] t=1317401095.227 | feat 4871/8160 | map   5338 | icp ok  iter  4 corr  4446 rms 0.0323   21.84 ms | p=(  231.43    38.16   7.14) v=12.26 m/s [KF]
[lio] t=1317401095.331 | feat 4656/8160 | map   5366 | icp ok  iter  4 corr  4069 rms 0.0363   18.99 ms | p=(  231.23    39.36   7.12) v=11.95 m/s [KF]
[lio] t=1317401095.435 | feat 4556/8160 | map   5363 | icp ok  iter  5 corr  4114 rms 0.0310   25.95 ms | p=(  231.03    40.68   7.10) v=12.51 m/s [KF]
[lio] t=1317401095.539 | feat 4380/8160 | map   5307 | icp ok  iter  5 corr  3915 rms 0.0340   22.60 ms | p=(  230.84    41.89   7.08) v=12.08 m/s [KF]
[lio] t=1317401095.642 | feat 4535/8160 | map   5292 | icp ok  iter  4 corr  3982 rms 0.0322   18.84 ms | p=(  230.64    43.15   7.06) v=12.26 m/s [KF]
[lio] t=1317401095.746 | feat 4488/8160 | map   5283 | icp ok  iter  4 corr  3956 rms 0.0311   17.51 ms | p=(  230.45    44.38   7.04) v=12.12 m/s [KF]
[lio] t=1317401095.850 | feat 4593/8160 | map   5282 | icp ok  iter  4 corr  3952 rms 0.0316   18.66 ms | p=(  230.25    45.62   7.02) v=12.12 m/s [KF]
[lio] t=1317401095.954 | feat 4632/8160 | map   5253 | icp ok  iter  3 corr  4042 rms 0.0301   16.30 ms | p=(  230.05    46.86   7.00) v=12.13 m/s [KF]
[lio] t=1317401096.057 | feat 4518/8160 | map   5220 | icp ok  iter  3 corr  3961 rms 0.0343   15.09 ms | p=(  229.86    48.10   6.97) v=12.07 m/s [KF]
[lio] t=1317401096.161 | feat 4354/8160 | map   5209 | icp ok  iter  4 corr  3888 rms 0.0383   20.40 ms | p=(  229.69    49.29   6.94) v=11.80 m/s [KF]
[lio] t=1317401096.265 | feat 4409/8160 | map   5172 | icp ok  iter  3 corr  3877 rms 0.0381   16.46 ms | p=(  229.47    50.55   6.92) v=12.08 m/s [KF]
[lio] t=1317401096.369 | feat 4282/8160 | map   5140 | icp ok  iter  4 corr  3874 rms 0.0338   21.06 ms | p=(  229.29    51.80   6.89) v=12.13 m/s [KF]
[lio] t=1317401096.473 | feat 4173/8160 | map   5127 | icp ok  iter  4 corr  3657 rms 0.0305   18.50 ms | p=(  229.10    53.01   6.86) v=11.95 m/s [KF]
[lio] t=1317401096.576 | feat 4383/8160 | map   5115 | icp ok  iter  4 corr  3631 rms 0.0351   17.30 ms | p=(  228.91    54.24   6.83) v=11.99 m/s [KF]
[lio] t=1317401096.680 | feat 4136/8160 | map   5090 | icp ok  iter  3 corr  3477 rms 0.0322   12.19 ms | p=(  228.72    55.47   6.80) v=11.99 m/s [KF]
[lio] t=1317401096.784 | feat 4243/8160 | map   5094 | icp ok  iter  4 corr  3525 rms 0.0313   16.36 ms | p=(  228.54    56.70   6.76) v=12.01 m/s [KF]
[lio] t=1317401096.888 | feat 4212/8160 | map   5099 | icp ok  iter  4 corr  3561 rms 0.0319   18.65 ms | p=(  228.35    57.93   6.73) v=11.98 m/s [KF]
[lio] t=1317401096.991 | feat 4231/8160 | map   5153 | icp ok  iter  3 corr  3631 rms 0.0379   14.95 ms | p=(  228.16    59.18   6.71) v=12.10 m/s [KF]
[lio] t=1317401097.095 | feat 4384/8160 | map   5176 | icp ok  iter  5 corr  3688 rms 0.0312   21.14 ms | p=(  227.98    60.38   6.68) v=11.88 m/s [KF]
[lio] t=1317401097.199 | feat 4385/8160 | map   5210 | icp ok  iter  4 corr  3864 rms 0.0320   19.72 ms | p=(  227.79    61.58   6.66) v=11.81 m/s [KF]
[lio] t=1317401097.303 | feat 4374/8160 | map   5210 | icp ok  iter  4 corr  3683 rms 0.0316   19.75 ms | p=(  227.61    62.82   6.63) v=11.98 m/s [KF]
[lio] t=1317401097.406 | feat 4263/8160 | map   5230 | icp ok  iter  4 corr  3717 rms 0.0424   20.76 ms | p=(  227.43    64.04   6.61) v=11.89 m/s [KF]
[lio] t=1317401097.510 | feat 4222/8160 | map   5253 | icp ok  iter  5 corr  3716 rms 0.0304   20.67 ms | p=(  227.25    65.26   6.59) v=11.94 m/s [KF]
[lio] t=1317401097.614 | feat 4333/8160 | map   5250 | icp ok  iter  4 corr  3795 rms 0.0309   17.64 ms | p=(  227.07    66.48   6.56) v=11.87 m/s [KF]
[lio] t=1317401097.718 | feat 4234/8160 | map   5273 | icp ok  iter  4 corr  3748 rms 0.0287   16.61 ms | p=(  226.88    67.69   6.53) v=11.86 m/s [KF]
[lio] t=1317401097.821 | feat 4384/8160 | map   5259 | icp ok  iter  4 corr  3846 rms 0.0355   20.04 ms | p=(  226.70    68.91   6.50) v=11.89 m/s [KF]
[lio] t=1317401097.925 | feat 4662/8160 | map   5240 | icp ok  iter  4 corr  3979 rms 0.0324   19.23 ms | p=(  226.51    70.12   6.46) v=11.87 m/s [KF]
[lio] t=1317401098.029 | feat 4568/8126 | map   5237 | icp ok  iter  4 corr  4041 rms 0.0302   19.18 ms | p=(  226.33    71.33   6.43) v=11.83 m/s [KF]
[lio] t=1317401098.133 | feat 4422/8134 | map   5261 | icp ok  iter  4 corr  3936 rms 0.0315   19.08 ms | p=(  226.14    72.55   6.39) v=11.84 m/s [KF]
[lio] t=1317401098.237 | feat 4532/8160 | map   5250 | icp ok  iter  4 corr  4013 rms 0.0314   19.34 ms | p=(  225.96    73.77   6.35) v=11.86 m/s [KF]
[lio] t=1317401098.340 | feat 4503/8160 | map   5239 | icp ok  iter  4 corr  3970 rms 0.0287   17.25 ms | p=(  225.78    74.96   6.30) v=11.72 m/s [KF]
[lio] t=1317401098.444 | feat 4536/8160 | map   5272 | icp ok  iter 12 corr  3977 rms 0.0536   77.82 ms | p=(  225.68    75.88   6.28) v=10.07 m/s
[lio] t=1317401098.548 | feat 4456/8160 | map   5272 | icp ok  iter  4 corr  3745 rms 0.0330   20.47 ms | p=(  225.42    77.43   6.24) v=13.12 m/s [KF]
[lio] t=1317401098.652 | feat 4263/8160 | map   5319 | icp ok  iter  5 corr  3863 rms 0.0332   24.00 ms | p=(  225.27    78.53   6.22) v=11.65 m/s [KF]
[lio] t=1317401098.756 | feat 4405/8160 | map   5293 | icp ok  iter  4 corr  3934 rms 0.1238   19.18 ms | p=(  225.08    79.81   6.19) v=12.16 m/s [KF]
[lio] t=1317401098.859 | feat 4298/8160 | map   5275 | icp ok  iter  5 corr  3845 rms 0.0348   23.20 ms | p=(  224.92    80.99   6.17) v=11.76 m/s [KF]
[lio] t=1317401098.963 | feat 4397/8160 | map   5288 | icp ok  iter  5 corr  3883 rms 0.0303   22.27 ms | p=(  224.75    82.21   6.15) v=11.85 m/s [KF]
[lio] t=1317401099.067 | feat 4192/8160 | map   5297 | icp ok  iter  4 corr  3695 rms 0.0283   16.25 ms | p=(  224.57    83.41   6.12) v=11.74 m/s [KF]
[lio] t=1317401099.171 | feat 3875/8160 | map   5305 | icp ok  iter  5 corr  3413 rms 0.0791   19.21 ms | p=(  224.39    84.63   6.08) v=11.85 m/s [KF]
[lio] t=1317401099.275 | feat 3945/8160 | map   5311 | icp ok  iter  4 corr  3414 rms 0.0284   14.54 ms | p=(  224.23    85.81   6.05) v=11.64 m/s [KF]
[lio] t=1317401099.378 | feat 4288/8160 | map   5308 | icp ok  iter  4 corr  3763 rms 0.0408   23.56 ms | p=(  224.09    86.94   6.03) v=11.18 m/s [KF]
[lio] t=1317401099.482 | feat 4196/8160 | map   5348 | icp ok  iter  5 corr  3597 rms 0.0288   23.29 ms | p=(  223.89    88.17   6.00) v=11.58 m/s [KF]
[lio] t=1317401099.586 | feat 4393/8160 | map   5368 | icp ok  iter  4 corr  3826 rms 0.0291   18.41 ms | p=(  223.75    89.30   5.97) v=11.01 m/s [KF]
[lio] t=1317401099.690 | feat 4508/8160 | map   5348 | icp ok  iter  4 corr  3900 rms 0.0309   18.49 ms | p=(  223.58    90.41   5.95) v=10.73 m/s [KF]
[lio] t=1317401099.794 | feat 4701/8160 | map   5337 | icp ok  iter  4 corr  4068 rms 0.0306   19.03 ms | p=(  223.44    91.51   5.94) v=10.54 m/s [KF]
[lio] t=1317401099.897 | feat 4463/8160 | map   5332 | icp ok  iter  5 corr  3827 rms 0.0286   22.76 ms | p=(  223.30    92.57   5.92) v=10.21 m/s [KF]
[lio] t=1317401100.001 | feat 4519/8160 | map   5303 | icp ok  iter  3 corr  3811 rms 0.0382   15.49 ms | p=(  223.17    93.61   5.90) v=10.00 m/s [KF]
[lio] t=1317401100.105 | feat 4478/8160 | map   5288 | icp ok  iter  4 corr  3839 rms 0.0319   19.80 ms | p=(  223.03    94.60   5.88) v=9.60 m/s [KF]
[lio] t=1317401100.209 | feat 4446/8160 | map   5278 | icp ok  iter  4 corr  3834 rms 0.0477   20.37 ms | p=(  222.98    95.53   5.85) v=9.01 m/s
[lio] t=1317401100.313 | feat 4525/8160 | map   5278 | icp ok  iter  5 corr  3807 rms 0.0405   23.94 ms | p=(  222.78    96.55   5.83) v=9.43 m/s [KF]
[lio] t=1317401100.417 | feat 4511/8160 | map   5289 | icp ok  iter 12 corr  3814 rms 0.0270   55.47 ms | p=(  222.68    97.45   5.81) v=8.87 m/s
[lio] t=1317401100.520 | feat 4653/8160 | map   5289 | icp ok  iter  4 corr  3924 rms 0.0332   20.09 ms | p=(  222.56    98.38   5.79) v=8.94 m/s [KF]
[lio] t=1317401100.624 | feat 4442/8160 | map   5330 | icp ok  iter  4 corr  3579 rms 0.0276   16.17 ms | p=(  222.43    99.28   5.77) v=8.85 m/s
[lio] t=1317401100.728 | feat 4732/8160 | map   5330 | icp ok  iter  4 corr  3758 rms 0.0320   20.63 ms | p=(  222.29   100.21   5.74) v=8.98 m/s [KF]
[lio] t=1317401100.832 | feat 4307/8160 | map   5379 | icp ok  iter  5 corr  3509 rms 0.0315   22.39 ms | p=(  222.15   101.10   5.72) v=8.80 m/s
[lio] t=1317401100.936 | feat 4408/8160 | map   5379 | icp ok  iter  4 corr  3594 rms 0.0338   17.96 ms | p=(  222.02   102.04   5.69) v=9.01 m/s [KF]
[lio] t=1317401101.040 | feat 4519/8160 | map   5430 | icp ok  iter  4 corr  3750 rms 0.0357   21.88 ms | p=(  221.90   102.94   5.67) v=8.84 m/s
[lio] t=1317401101.143 | feat 4526/8160 | map   5430 | icp ok  iter  5 corr  3785 rms 0.0341   21.37 ms | p=(  221.75   103.84   5.65) v=8.83 m/s [KF]
[lio] t=1317401101.247 | feat 4188/8160 | map   5475 | icp ok  iter  3 corr  3508 rms 0.0351   13.48 ms | p=(  221.62   104.74   5.64) v=8.75 m/s
[lio] t=1317401101.351 | feat 4420/8160 | map   5475 | icp ok  iter  4 corr  3595 rms 0.0340   18.57 ms | p=(  221.47   105.67   5.62) v=8.92 m/s [KF]
[lio] t=1317401101.455 | feat 4372/8148 | map   5551 | icp ok  iter  4 corr  3574 rms 0.0312   17.43 ms | p=(  221.32   106.54   5.60) v=8.69 m/s
[lio] t=1317401101.559 | feat 4261/8160 | map   5551 | icp ok  iter  3 corr  3307 rms 0.0340   13.45 ms | p=(  221.18   107.43   5.57) v=8.72 m/s [KF]
[lio] t=1317401101.663 | feat 4346/8160 | map   5681 | icp ok  iter  3 corr  3483 rms 0.0405   13.10 ms | p=(  221.05   108.33   5.55) v=8.77 m/s
[lio] t=1317401101.767 | feat 4241/8160 | map   5681 | icp ok  iter  4 corr  3388 rms 0.0383   19.31 ms | p=(  220.90   109.25   5.52) v=8.93 m/s [KF]
[lio] t=1317401101.870 | feat 4111/8160 | map   5789 | icp ok  iter  5 corr  3310 rms 0.0289   21.20 ms | p=(  220.77   110.13   5.50) v=8.76 m/s
[lio] t=1317401101.974 | feat 3947/8160 | map   5789 | icp ok  iter  5 corr  3156 rms 0.0303   21.50 ms | p=(  220.63   111.01   5.48) v=8.69 m/s [KF]
[lio] t=1317401102.078 | feat 4229/8160 | map   5827 | icp ok  iter  4 corr  3469 rms 0.0341   20.18 ms | p=(  220.53   111.80   5.46) v=8.11 m/s
[lio] t=1317401102.182 | feat 3943/8160 | map   5827 | icp ok  iter  5 corr  3114 rms 0.0345   22.08 ms | p=(  220.35   112.91   5.44) v=9.83 m/s [KF]
[lio] t=1317401102.286 | feat 4127/8160 | map   5891 | icp ok  iter  4 corr  3367 rms 0.0337   16.61 ms | p=(  220.21   113.79   5.43) v=9.11 m/s
[lio] t=1317401102.390 | feat 4023/8160 | map   5891 | icp ok  iter  4 corr  3153 rms 0.0378   15.77 ms | p=(  220.06   114.75   5.40) v=9.30 m/s [KF]
[lio] t=1317401102.494 | feat 4104/8160 | map   5993 | icp ok  iter  4 corr  3246 rms 0.0460   18.30 ms | p=(  219.98   115.63   5.38) v=8.92 m/s
[lio] t=1317401102.598 | feat 3962/8160 | map   5993 | icp ok  iter 12 corr  3046 rms 0.0334   45.53 ms | p=(  219.77   116.64   5.35) v=9.59 m/s [KF]
[lio] t=1317401102.702 | feat 4020/8160 | map   6085 | icp ok  iter  2 corr  3171 rms 0.0295    7.84 ms | p=(  219.65   117.58   5.34) v=9.36 m/s
[lio] t=1317401102.806 | feat 3955/8160 | map   6085 | icp ok  iter  4 corr  3115 rms 0.0328   16.05 ms | p=(  219.48   118.55   5.31) v=9.49 m/s [KF]
[lio] t=1317401102.910 | feat 4058/8160 | map   6170 | icp ok  iter  4 corr  3070 rms 0.0308   14.73 ms | p=(  219.36   119.52   5.29) v=9.53 m/s
[lio] t=1317401103.014 | feat 4048/8160 | map   6170 | icp ok  iter  4 corr  2985 rms 0.0297   14.98 ms | p=(  219.20   120.50   5.27) v=9.62 m/s [KF]
[lio] t=1317401103.117 | feat 3912/8160 | map   6256 | icp ok  iter  4 corr  3102 rms 0.0293   13.00 ms | p=(  219.05   121.47   5.25) v=9.59 m/s
[lio] t=1317401103.221 | feat 4267/8160 | map   6256 | icp ok  iter  5 corr  3380 rms 0.0334   21.06 ms | p=(  218.90   122.47   5.21) v=9.75 m/s [KF]
[lio] t=1317401103.325 | feat 3921/8160 | map   6322 | icp ok  iter  4 corr  3007 rms 0.0299   15.68 ms | p=(  218.76   123.48   5.17) v=9.85 m/s [KF]
[lio] t=1317401103.429 | feat 3844/8160 | map   6298 | icp ok  iter  4 corr  3024 rms 0.0247   14.86 ms | p=(  218.64   124.48   5.14) v=9.85 m/s [KF]
[lio] t=1317401103.533 | feat 3867/8160 | map   6268 | icp ok  iter  6 corr  2996 rms 0.0277   23.19 ms | p=(  218.48   125.51   5.11) v=9.99 m/s [KF]
[lio] t=1317401103.637 | feat 3899/8160 | map   6300 | icp ok  iter  4 corr  3072 rms 0.0245   14.33 ms | p=(  218.36   126.51   5.07) v=9.90 m/s [KF]
[lio] t=1317401103.741 | feat 3962/8160 | map   6290 | icp ok  iter  4 corr  3200 rms 0.0320   18.73 ms | p=(  218.41   127.50   5.03) v=9.73 m/s
[lio] t=1317401103.845 | feat 3897/8160 | map   6290 | icp ok  iter  5 corr  3132 rms 0.0395   22.18 ms | p=(  218.28   128.48   5.00) v=9.69 m/s [KF]
[lio] t=1317401103.949 | feat 4235/8160 | map   6347 | icp ok  iter  7 corr  3347 rms 0.0287   32.28 ms | p=(  218.06   129.66   4.96) v=10.84 m/s [KF]
[lio] t=1317401104.052 | feat 3973/8160 | map   6340 | icp ok  iter  4 corr  3124 rms 0.0271   13.15 ms | p=(  217.96   130.69   4.93) v=10.39 m/s [KF]
[lio] t=1317401104.156 | feat 4055/8160 | map   6319 | icp ok  iter  4 corr  3195 rms 0.0272   16.97 ms | p=(  217.83   131.74   4.89) v=10.32 m/s [KF]
[lio] t=1317401104.260 | feat 3959/8160 | map   6318 | icp ok  iter 12 corr  3164 rms 0.0288   51.92 ms | p=(  217.68   132.81   4.86) v=10.48 m/s [KF]
[lio] t=1317401104.364 | feat 4088/8160 | map   6311 | icp ok  iter 12 corr  3015 rms 0.0268   45.29 ms | p=(  217.57   133.85   4.83) v=10.29 m/s [KF]
[lio] t=1317401104.468 | feat 3887/8160 | map   6286 | icp ok  iter  4 corr  3090 rms 0.0237   16.00 ms | p=(  217.43   134.95   4.79) v=10.62 m/s [KF]
[lio] t=1317401104.572 | feat 3766/8160 | map   6237 | icp ok  iter  4 corr  3012 rms 0.0333   15.78 ms | p=(  217.30   135.97   4.76) v=10.25 m/s [KF]
[lio] t=1317401104.675 | feat 3687/8160 | map   6185 | icp ok  iter  6 corr  2884 rms 0.0257   22.96 ms | p=(  217.17   137.13   4.73) v=10.93 m/s [KF]
[lio] t=1317401104.779 | feat 3650/8160 | map   6084 | icp ok  iter  4 corr  2975 rms 0.0263   14.18 ms | p=(  217.05   138.12   4.70) v=10.20 m/s
[lio] t=1317401104.883 | feat 3525/8160 | map   6084 | icp ok  iter  5 corr  2762 rms 0.0233   15.90 ms | p=(  216.90   139.28   4.66) v=10.96 m/s [KF]
[lio] t=1317401104.987 | feat 3542/8160 | map   6027 | icp ok  iter  4 corr  2695 rms 0.0225   10.64 ms | p=(  216.76   140.41   4.63) v=11.01 m/s [KF]
[lio] t=1317401105.091 | feat 3512/8160 | map   5937 | icp ok  iter  5 corr  2668 rms 0.0280   18.76 ms | p=(  216.63   141.47   4.59) v=10.67 m/s [KF]
[lio] t=1317401105.194 | feat 3531/8160 | map   5882 | icp ok  iter  5 corr  2726 rms 0.0300   18.91 ms | p=(  216.47   142.79   4.54) v=12.03 m/s [KF]
[lio] t=1317401105.298 | feat 3833/8160 | map   5785 | icp ok  iter  7 corr  2893 rms 0.0312   27.02 ms | p=(  216.36   143.77   4.51) v=10.60 m/s
[lio] t=1317401105.402 | feat 3612/8160 | map   5785 | icp ok  iter  5 corr  2924 rms 0.0305   19.32 ms | p=(  216.20   144.99   4.47) v=11.44 m/s [KF]
[lio] t=1317401105.506 | feat 3696/8160 | map   5726 | icp ok  iter  5 corr  2992 rms 0.0295   21.42 ms | p=(  216.08   146.12   4.43) v=11.19 m/s [KF]
[lio] t=1317401105.609 | feat 3781/8160 | map   5676 | icp ok  iter  4 corr  3061 rms 0.0486   16.13 ms | p=(  215.94   147.30   4.40) v=11.43 m/s [KF]
[lio] t=1317401105.713 | feat 3515/8160 | map   5601 | icp ok  iter  5 corr  2893 rms 0.0313   17.67 ms | p=(  215.79   148.47   4.38) v=11.48 m/s [KF]
[lio] t=1317401105.817 | feat 3550/8160 | map   5510 | icp ok  iter  3 corr  2857 rms 0.0257   10.45 ms | p=(  215.63   149.67   4.35) v=11.69 m/s [KF]
[lio] t=1317401105.921 | feat 3436/8160 | map   5455 | icp ok  iter  5 corr  2706 rms 0.0325   16.28 ms | p=(  215.49   150.84   4.33) v=11.52 m/s [KF]
[lio] t=1317401106.024 | feat 3629/8160 | map   5376 | icp ok  iter  3 corr  2870 rms 0.0295    9.25 ms | p=(  215.32   152.03   4.29) v=11.64 m/s [KF]
[lio] t=1317401106.128 | feat 3866/8160 | map   5353 | icp ok  iter  4 corr  3098 rms 0.0295   14.30 ms | p=(  215.16   153.23   4.25) v=11.76 m/s [KF]
[lio] t=1317401106.232 | feat 3717/8160 | map   5318 | icp ok  iter  3 corr  2947 rms 0.0304   10.15 ms | p=(  214.99   154.44   4.22) v=11.85 m/s [KF]
[lio] t=1317401106.336 | feat 3878/8160 | map   5276 | icp ok  iter  4 corr  3060 rms 0.0291   13.63 ms | p=(  214.82   155.70   4.19) v=12.16 m/s [KF]
[lio] t=1317401106.439 | feat 3788/8160 | map   5292 | icp ok  iter  4 corr  3009 rms 0.0274   15.42 ms | p=(  214.64   156.88   4.15) v=11.84 m/s [KF]
[lio] t=1317401106.543 | feat 3686/8160 | map   5264 | icp ok  iter  4 corr  3060 rms 0.0255   14.85 ms | p=(  214.45   158.14   4.11) v=12.18 m/s [KF]
[lio] t=1317401106.647 | feat 3641/8160 | map   5214 | icp ok  iter  4 corr  3019 rms 0.0284   12.28 ms | p=(  214.29   159.38   4.08) v=12.13 m/s [KF]
[lio] t=1317401106.751 | feat 3888/8160 | map   5227 | icp ok  iter  4 corr  3235 rms 0.0316   17.25 ms | p=(  214.10   160.63   4.04) v=12.22 m/s [KF]
[lio] t=1317401106.855 | feat 3798/8160 | map   5277 | icp ok  iter  4 corr  3063 rms 0.0292   15.64 ms | p=(  213.91   161.87   4.00) v=12.23 m/s [KF]
[lio] t=1317401106.958 | feat 4125/8160 | map   5297 | icp ok  iter  4 corr  3269 rms 0.0331   17.40 ms | p=(  213.74   163.09   3.96) v=12.05 m/s [KF]
[lio] t=1317401107.062 | feat 4286/8160 | map   5306 | icp ok  iter  4 corr  3443 rms 0.0468   17.59 ms | p=(  213.53   164.35   3.92) v=12.24 m/s [KF]
[lio] t=1317401107.166 | feat 3936/8160 | map   5346 | icp ok  iter  4 corr  3103 rms 0.0295   14.95 ms | p=(  213.34   165.58   3.89) v=12.10 m/s [KF]
[lio] t=1317401107.270 | feat 4119/8160 | map   5379 | icp ok  iter  4 corr  3300 rms 0.0384   16.02 ms | p=(  213.19   166.79   3.85) v=11.90 m/s [KF]
[lio] t=1317401107.374 | feat 4130/8160 | map   5369 | icp ok  iter  4 corr  3184 rms 0.0344   16.06 ms | p=(  213.00   168.06   3.81) v=12.18 m/s [KF]
[lio] t=1317401107.477 | feat 3903/8160 | map   5395 | icp ok  iter  4 corr  2999 rms 0.0300   13.06 ms | p=(  212.77   169.30   3.77) v=12.19 m/s [KF]
[lio] t=1317401107.581 | feat 4173/8160 | map   5436 | icp ok  iter  5 corr  3320 rms 0.0345   19.60 ms | p=(  212.62   170.53   3.73) v=12.08 m/s [KF]
[lio] t=1317401107.685 | feat 4057/8160 | map   5512 | icp ok  iter  3 corr  3244 rms 0.0434   14.03 ms | p=(  212.39   171.78   3.69) v=12.18 m/s [KF]
[lio] t=1317401107.789 | feat 4228/8160 | map   5585 | icp ok  iter  4 corr  3410 rms 0.0327   16.86 ms | p=(  212.20   173.02   3.66) v=12.12 m/s [KF]
[lio] t=1317401107.893 | feat 3986/8160 | map   5684 | icp ok  iter  4 corr  3271 rms 0.0380   16.97 ms | p=(  212.03   174.26   3.62) v=12.09 m/s [KF]
[lio] t=1317401107.997 | feat 4004/8160 | map   5748 | icp ok  iter  4 corr  3372 rms 0.0315   16.87 ms | p=(  211.84   175.49   3.58) v=12.07 m/s [KF]
[lio] t=1317401108.100 | feat 4010/8160 | map   5799 | icp ok  iter  6 corr  3418 rms 0.0288   25.19 ms | p=(  211.65   176.73   3.54) v=12.09 m/s [KF]
[lio] t=1317401108.204 | feat 3957/8160 | map   5807 | icp ok  iter  5 corr  3423 rms 0.0452   23.89 ms | p=(  211.47   177.98   3.50) v=12.15 m/s [KF]
[lio] t=1317401108.308 | feat 4018/8160 | map   5826 | icp ok  iter  4 corr  3498 rms 0.0293   15.25 ms | p=(  211.27   179.18   3.46) v=11.88 m/s [KF]
[lio] t=1317401108.412 | feat 3808/8160 | map   5850 | icp ok  iter  4 corr  3338 rms 0.0312   16.54 ms | p=(  211.09   180.43   3.42) v=12.09 m/s [KF]
[lio] t=1317401108.515 | feat 3970/8160 | map   5897 | icp ok  iter  5 corr  3527 rms 0.0327   23.21 ms | p=(  210.90   181.62   3.36) v=11.80 m/s [KF]
[lio] t=1317401108.619 | feat 3879/8160 | map   5910 | icp ok  iter  4 corr  3431 rms 0.0332   15.64 ms | p=(  210.71   182.82   3.30) v=11.80 m/s [KF]
[lio] t=1317401108.723 | feat 3965/8160 | map   5952 | icp ok  iter  4 corr  3470 rms 0.0417   17.84 ms | p=(  210.52   184.07   3.25) v=12.05 m/s [KF]
[lio] t=1317401108.827 | feat 4439/8160 | map   5983 | icp ok  iter  4 corr  3580 rms 0.0340   18.15 ms | p=(  210.33   185.28   3.19) v=11.94 m/s [KF]
[lio] t=1317401108.930 | feat 3967/8160 | map   5999 | icp ok  iter  6 corr  3353 rms 0.0532   25.86 ms | p=(  210.15   186.49   3.14) v=11.88 m/s [KF]
[lio] t=1317401109.034 | feat 3970/8160 | map   6033 | icp ok  iter  4 corr  3334 rms 0.0309   17.00 ms | p=(  209.97   187.70   3.09) v=11.86 m/s [KF]
[lio] t=1317401109.138 | feat 4257/8160 | map   6054 | icp ok  iter  4 corr  3479 rms 0.0370   15.80 ms | p=(  209.78   188.93   3.05) v=11.91 m/s [KF]
[lio] t=1317401109.242 | feat 4189/8160 | map   6071 | icp ok  iter  4 corr  3632 rms 0.0296   17.99 ms | p=(  209.61   190.16   3.00) v=12.00 m/s [KF]
[lio] t=1317401109.345 | feat 4601/8142 | map   6057 | icp ok  iter  5 corr  3994 rms 0.0312   23.74 ms | p=(  209.43   191.34   2.96) v=11.70 m/s [KF]
[lio] t=1317401109.449 | feat 4631/8160 | map   6059 | icp ok  iter  4 corr  3990 rms 0.0277   17.74 ms | p=(  209.24   192.58   2.91) v=11.97 m/s [KF]
[lio] t=1317401109.553 | feat 4684/8160 | map   6040 | icp ok  iter  5 corr  3992 rms 0.0303   23.68 ms | p=(  209.06   193.76   2.86) v=11.76 m/s [KF]
[lio] t=1317401109.657 | feat 4565/8160 | map   6044 | icp ok  iter  4 corr  3940 rms 0.0265   19.72 ms | p=(  208.88   194.99   2.81) v=11.91 m/s [KF]
[lio] t=1317401109.760 | feat 4461/8160 | map   6036 | icp ok  iter  4 corr  3874 rms 0.0275   19.63 ms | p=(  208.70   196.21   2.76) v=11.91 m/s [KF]
[lio] t=1317401109.864 | feat 4458/8160 | map   6058 | icp ok  iter  3 corr  3755 rms 0.0311   13.61 ms | p=(  208.53   197.42   2.71) v=11.86 m/s [KF]
[lio] t=1317401109.968 | feat 4351/8160 | map   6073 | icp ok  iter  4 corr  3759 rms 0.0276   16.50 ms | p=(  208.35   198.63   2.65) v=11.84 m/s [KF]
[lio] t=1317401110.072 | feat 4504/8160 | map   6055 | icp ok  iter  4 corr  3851 rms 0.0456   19.06 ms | p=(  208.17   199.85   2.61) v=11.90 m/s [KF]
[lio] t=1317401110.175 | feat 4330/8160 | map   6040 | icp ok  iter  4 corr  3695 rms 0.0278   19.76 ms | p=(  208.01   201.04   2.55) v=11.77 m/s [KF]
[lio] t=1317401110.279 | feat 4485/8160 | map   6029 | icp ok  iter  4 corr  3797 rms 0.0306   17.55 ms | p=(  207.82   202.27   2.50) v=11.93 m/s [KF]
[lio] t=1317401110.383 | feat 4438/8160 | map   5991 | icp ok  iter  5 corr  3777 rms 0.0277   21.96 ms | p=(  207.65   203.47   2.46) v=11.84 m/s [KF]
[lio] t=1317401110.486 | feat 4417/8160 | map   5920 | icp ok  iter  4 corr  3774 rms 0.0268   18.22 ms | p=(  207.47   204.70   2.41) v=11.92 m/s [KF]
[lio] t=1317401110.590 | feat 4217/8160 | map   5875 | icp ok  iter  4 corr  3504 rms 0.0289   16.69 ms | p=(  207.29   205.90   2.36) v=11.84 m/s [KF]
[lio] t=1317401110.694 | feat 4013/8160 | map   5784 | icp ok  iter  4 corr  3203 rms 0.0273   16.64 ms | p=(  207.11   207.10   2.31) v=11.81 m/s [KF]
[lio] t=1317401110.798 | feat 4167/8160 | map   5712 | icp ok  iter  5 corr  3483 rms 0.0292   23.88 ms | p=(  206.94   208.33   2.26) v=11.88 m/s [KF]
[lio] t=1317401110.902 | feat 4395/8160 | map   5661 | icp ok  iter  5 corr  3708 rms 0.0318   21.36 ms | p=(  206.77   209.48   2.22) v=11.54 m/s [KF]
[lio] t=1317401111.005 | feat 4339/8160 | map   5598 | icp ok  iter  4 corr  3542 rms 0.0292   17.65 ms | p=(  206.59   210.73   2.17) v=12.00 m/s [KF]
[lio] t=1317401111.109 | feat 4225/8160 | map   5543 | icp ok  iter  4 corr  3464 rms 0.0261   17.80 ms | p=(  206.40   211.97   2.12) v=12.06 m/s [KF]
[lio] t=1317401111.213 | feat 4429/8160 | map   5508 | icp ok  iter  3 corr  3543 rms 0.0285   12.98 ms | p=(  206.23   213.18   2.08) v=11.93 m/s [KF]
[lio] t=1317401111.316 | feat 4042/8160 | map   5515 | icp ok  iter  4 corr  3350 rms 0.0268   15.62 ms | p=(  206.05   214.41   2.03) v=12.03 m/s [KF]
[lio] t=1317401111.420 | feat 4094/8160 | map   5499 | icp ok  iter  5 corr  3486 rms 0.0275   20.82 ms | p=(  205.86   215.63   1.99) v=11.96 m/s [KF]
[lio] t=1317401111.524 | feat 4092/8160 | map   5476 | icp ok  iter  3 corr  3280 rms 0.0265   12.94 ms | p=(  205.67   216.85   1.95) v=11.98 m/s [KF]
[lio] t=1317401111.628 | feat 4153/8160 | map   5480 | icp ok  iter  5 corr  3408 rms 0.0266   19.40 ms | p=(  205.50   218.09   1.91) v=12.08 m/s [KF]
[lio] t=1317401111.732 | feat 4065/8160 | map   5464 | icp ok  iter  4 corr  3480 rms 0.0262   16.82 ms | p=(  205.31   219.27   1.87) v=11.78 m/s [KF]
[lio] t=1317401111.835 | feat 4054/8160 | map   5462 | icp ok  iter  5 corr  3532 rms 0.0242   20.10 ms | p=(  205.12   220.53   1.82) v=12.12 m/s [KF]
[lio] t=1317401111.939 | feat 4270/8160 | map   5475 | icp ok  iter  4 corr  3802 rms 0.0367   21.52 ms | p=(  204.97   221.61   1.77) v=11.19 m/s [KF]
[lio] t=1317401112.043 | feat 4060/8160 | map   5502 | icp ok  iter  5 corr  3616 rms 0.0290   20.95 ms | p=(  204.76   222.96   1.73) v=12.40 m/s [KF]
[lio] t=1317401112.147 | feat 4224/8160 | map   5551 | icp ok  iter  5 corr  3736 rms 0.0297   21.42 ms | p=(  204.59   224.14   1.68) v=11.93 m/s [KF]
[lio] t=1317401112.250 | feat 4286/8160 | map   5583 | icp ok  iter  4 corr  3587 rms 0.0332   17.87 ms | p=(  204.40   225.41   1.64) v=12.21 m/s [KF]
[lio] t=1317401112.354 | feat 4203/8160 | map   5577 | icp ok  iter  5 corr  3596 rms 0.0285   20.83 ms | p=(  204.22   226.61   1.60) v=11.94 m/s [KF]
[lio] t=1317401112.458 | feat 4150/8160 | map   5615 | icp ok  iter  4 corr  3566 rms 0.0325   18.38 ms | p=(  204.03   227.86   1.55) v=12.18 m/s [KF]
[lio] t=1317401112.562 | feat 3907/8160 | map   5642 | icp ok  iter  4 corr  3340 rms 0.0274   14.83 ms | p=(  203.85   229.09   1.51) v=12.10 m/s [KF]
[lio] t=1317401112.665 | feat 3998/8160 | map   5637 | icp ok  iter  4 corr  3412 rms 0.0295   15.35 ms | p=(  203.66   230.35   1.45) v=12.22 m/s [KF]
[lio] t=1317401112.769 | feat 3953/8160 | map   5639 | icp ok  iter  4 corr  3423 rms 0.0287   14.52 ms | p=(  203.48   231.58   1.40) v=12.15 m/s [KF]
[lio] t=1317401112.873 | feat 3941/8160 | map   5664 | icp ok  iter  4 corr  3306 rms 0.0540   15.68 ms | p=(  203.31   232.85   1.35) v=12.31 m/s [KF]
[lio] t=1317401112.977 | feat 3870/8160 | map   5663 | icp ok  iter  5 corr  3306 rms 0.0269   21.59 ms | p=(  203.12   234.09   1.30) v=12.20 m/s [KF]
[lio] t=1317401113.080 | feat 3982/8120 | map   5692 | icp ok  iter  4 corr  3331 rms 0.0317   17.97 ms | p=(  202.95   235.34   1.25) v=12.26 m/s [KF]
[lio] t=1317401113.184 | feat 4023/8121 | map   5687 | icp ok  iter  4 corr  3341 rms 0.0287   17.58 ms | p=(  202.77   236.57   1.19) v=12.13 m/s [KF]
[lio] t=1317401113.288 | feat 4051/8160 | map   5713 | icp ok  iter  4 corr  3361 rms 0.0297   17.72 ms | p=(  202.59   237.86   1.13) v=12.43 m/s [KF]
[lio] t=1317401113.392 | feat 4426/8160 | map   5729 | icp ok  iter  4 corr  3685 rms 0.0311   16.36 ms | p=(  202.43   239.04   1.08) v=11.88 m/s [KF]
[lio] t=1317401113.495 | feat 4327/8160 | map   5807 | icp ok  iter  4 corr  3450 rms 0.0293   18.61 ms | p=(  202.24   240.37   1.00) v=12.55 m/s [KF]
[lio] t=1317401113.599 | feat 4607/8160 | map   5863 | icp ok  iter  3 corr  3659 rms 0.0285   15.02 ms | p=(  202.08   241.56   0.93) v=11.98 m/s [KF]
[lio] t=1317401113.703 | feat 5282/8160 | map   5869 | icp ok  iter  4 corr  4378 rms 0.0365   24.00 ms | p=(  201.93   242.68   0.87) v=11.37 m/s [KF]
[lio] t=1317401113.807 | feat 5176/8160 | map   5910 | icp ok  iter  5 corr  4217 rms 0.0318   28.85 ms | p=(  201.74   244.02   0.80) v=12.43 m/s [KF]
[lio] t=1317401113.910 | feat 5264/8160 | map   5928 | icp ok  iter  4 corr  4097 rms 0.0411   22.04 ms | p=(  201.57   245.29   0.73) v=12.40 m/s [KF]
[lio] t=1317401114.014 | feat 4962/8160 | map   5963 | icp ok  iter  4 corr  3962 rms 0.0305   18.70 ms | p=(  201.41   246.52   0.67) v=12.13 m/s [KF]
[lio] t=1317401114.118 | feat 5382/8160 | map   5960 | icp ok  iter  6 corr  4372 rms 0.0418   36.79 ms | p=(  201.26   247.63   0.63) v=11.33 m/s [KF]
[lio] t=1317401114.222 | feat 5038/8160 | map   6014 | icp ok  iter  4 corr  4004 rms 0.0320   22.32 ms | p=(  201.06   248.94   0.56) v=12.24 m/s [KF]
[lio] t=1317401114.325 | feat 4779/8160 | map   6025 | icp ok  iter  5 corr  3738 rms 0.0290   25.24 ms | p=(  200.90   250.12   0.50) v=11.73 m/s [KF]
[lio] t=1317401114.429 | feat 4752/8160 | map   6024 | icp ok  iter  4 corr  3697 rms 0.0316   21.85 ms | p=(  200.73   251.29   0.45) v=11.54 m/s [KF]
[lio] t=1317401114.533 | feat 4656/8160 | map   6018 | icp ok  iter  4 corr  3590 rms 0.0498   18.94 ms | p=(  200.57   252.47   0.39) v=11.48 m/s [KF]
[lio] t=1317401114.637 | feat 4465/8160 | map   6009 | icp ok  iter  4 corr  3421 rms 0.0435   19.27 ms | p=(  200.41   253.64   0.33) v=11.34 m/s [KF]
[lio] t=1317401114.740 | feat 4161/8160 | map   6026 | icp ok  iter  4 corr  3188 rms 0.0495   18.74 ms | p=(  200.26   254.78   0.27) v=11.15 m/s [KF]
[lio] t=1317401114.844 | feat 4036/8160 | map   6035 | icp ok  iter  4 corr  3131 rms 0.0399   19.74 ms | p=(  200.06   256.00   0.21) v=11.55 m/s [KF]
[lio] t=1317401114.948 | feat 3944/8160 | map   6033 | icp ok  iter  4 corr  3091 rms 0.0277   15.32 ms | p=(  199.91   257.10   0.15) v=11.00 m/s [KF]
[lio] t=1317401115.052 | feat 4185/8160 | map   6016 | icp ok  iter  5 corr  3232 rms 0.0238   20.85 ms | p=(  199.74   258.25   0.09) v=11.04 m/s [KF]
[lio] t=1317401115.155 | feat 4069/8153 | map   5985 | icp ok  iter 12 corr  3264 rms 0.0222   46.82 ms | p=(  199.60   259.28   0.04) v=10.35 m/s [KF]
[lio] t=1317401115.259 | feat 4021/8160 | map   5970 | icp ok  iter  5 corr  3189 rms 0.0305   22.64 ms | p=(  199.43   260.44  -0.02) v=10.85 m/s [KF]
[lio] t=1317401115.363 | feat 4003/8160 | map   5921 | icp ok  iter  5 corr  3104 rms 0.0193   19.21 ms | p=(  199.29   261.51  -0.08) v=10.54 m/s [KF]
[lio] t=1317401115.467 | feat 4298/8160 | map   5872 | icp ok  iter  4 corr  3361 rms 0.0288   16.15 ms | p=(  199.14   262.57  -0.14) v=10.33 m/s [KF]
[lio] t=1317401115.570 | feat 4064/8160 | map   5822 | icp ok  iter  4 corr  3238 rms 0.0316   13.87 ms | p=(  198.99   263.67  -0.20) v=10.48 m/s [KF]
[lio] t=1317401115.674 | feat 4281/8160 | map   5797 | icp ok  iter  5 corr  3381 rms 0.0315   19.10 ms | p=(  198.83   264.63  -0.26) v=9.80 m/s
[lio] t=1317401115.778 | feat 3992/8160 | map   5797 | icp ok  iter  4 corr  3274 rms 0.0267   16.65 ms | p=(  198.68   265.69  -0.31) v=10.12 m/s [KF]
[lio] t=1317401115.882 | feat 4193/8160 | map   5791 | icp ok  iter  5 corr  3455 rms 0.0316   19.52 ms | p=(  198.51   266.75  -0.36) v=10.25 m/s [KF]
[lio] t=1317401115.985 | feat 4180/8160 | map   5762 | icp ok  iter  3 corr  3564 rms 0.0321   14.66 ms | p=(  198.39   267.72  -0.40) v=9.72 m/s
[lio] t=1317401116.089 | feat 4078/8160 | map   5762 | icp ok  iter  5 corr  3309 rms 0.0339   20.36 ms | p=(  198.25   268.72  -0.44) v=9.71 m/s [KF]
[lio] t=1317401116.193 | feat 4162/8160 | map   5717 | icp ok  iter  3 corr  3476 rms 0.0260   11.18 ms | p=(  198.10   269.71  -0.47) v=9.63 m/s [KF]
[lio] t=1317401116.297 | feat 4502/8160 | map   5626 | icp ok  iter  3 corr  3888 rms 0.0323   16.67 ms | p=(  197.96   270.67  -0.52) v=9.41 m/s
[lio] t=1317401116.401 | feat 4401/8160 | map   5626 | icp ok  iter  5 corr  3818 rms 0.0319   26.93 ms | p=(  197.79   271.76  -0.58) v=10.06 m/s [KF]
[lio] t=1317401116.504 | feat 4130/8160 | map   5609 | icp ok  iter  6 corr  3571 rms 0.0260   30.36 ms | p=(  197.65   272.66  -0.62) v=9.18 m/s
[lio] t=1317401116.608 | feat 4253/8160 | map   5609 | icp ok  iter  5 corr  3599 rms 0.0233   19.91 ms | p=(  197.52   273.55  -0.67) v=8.75 m/s [KF]
[lio] t=1317401116.712 | feat 4732/8160 | map   5602 | icp ok  iter  4 corr  3887 rms 0.0296   19.56 ms | p=(  197.39   274.49  -0.72) v=8.83 m/s
[lio] t=1317401116.816 | feat 4694/8160 | map   5602 | icp ok  iter  5 corr  3876 rms 0.0346   19.70 ms | p=(  197.27   275.36  -0.76) v=8.45 m/s [KF]
[lio] t=1317401116.920 | feat 4978/8160 | map   5607 | icp ok  iter  5 corr  4399 rms 0.0283   25.29 ms | p=(  197.16   276.20  -0.80) v=8.17 m/s
[lio] t=1317401117.024 | feat 4640/8160 | map   5607 | icp ok  iter  5 corr  4030 rms 0.0325   28.26 ms | p=(  197.07   277.02  -0.83) v=7.88 m/s [KF]
[lio] t=1317401117.128 | feat 4650/8160 | map   5643 | icp ok  iter  4 corr  4113 rms 0.0245   19.91 ms | p=(  196.98   277.81  -0.86) v=7.58 m/s
[lio] t=1317401117.232 | feat 4795/8160 | map   5643 | icp ok  iter  4 corr  4293 rms 0.0267   19.35 ms | p=(  196.93   278.58  -0.89) v=7.31 m/s [KF]
[lio] t=1317401117.336 | feat 4788/8160 | map   5646 | icp ok  iter  4 corr  4321 rms 0.0296   23.04 ms | p=(  196.89   279.31  -0.92) v=6.96 m/s
[lio] t=1317401117.440 | feat 4526/8160 | map   5646 | icp ok  iter  4 corr  4008 rms 0.0349   22.12 ms | p=(  196.85   280.03  -0.93) v=6.82 m/s [KF]
[lio] t=1317401117.545 | feat 4523/8160 | map   5674 | icp ok  iter  5 corr  4081 rms 0.0293   24.99 ms | p=(  196.84   280.72  -0.95) v=6.58 m/s
[lio] t=1317401117.649 | feat 4958/8160 | map   5674 | icp ok  iter  3 corr  4432 rms 0.0340   19.49 ms | p=(  196.87   281.40  -0.98) v=6.44 m/s [KF]
[lio] t=1317401117.753 | feat 4664/8160 | map   5755 | icp ok  iter  4 corr  4161 rms 0.0260   18.86 ms | p=(  196.90   282.04  -0.99) v=6.14 m/s
[lio] t=1317401117.858 | feat 4515/8160 | map   5755 | icp ok  iter  4 corr  3967 rms 0.0337   18.77 ms | p=(  196.95   282.68  -1.01) v=6.03 m/s [KF]
[lio] t=1317401117.962 | feat 4601/8160 | map   5825 | icp ok  iter  4 corr  4084 rms 0.0291   22.06 ms | p=(  197.06   283.30  -1.03) v=6.00 m/s
[lio] t=1317401118.066 | feat 4566/8160 | map   5825 | icp ok  iter  4 corr  4072 rms 0.0275   19.67 ms | p=(  197.13   283.88  -1.06) v=5.75 m/s [KF]
[lio] t=1317401118.171 | feat 4439/8160 | map   5890 | icp ok  iter  5 corr  3947 rms 0.0233   23.03 ms | p=(  197.26   284.47  -1.09) v=5.81 m/s
[lio] t=1317401118.275 | feat 4579/8160 | map   5890 | icp ok  iter  4 corr  4055 rms 0.0259   17.05 ms | p=(  197.43   285.08  -1.12) v=5.97 m/s [KF]
[lio] t=1317401118.379 | feat 4438/8160 | map   5954 | icp ok  iter  5 corr  3910 rms 0.0256   23.17 ms | p=(  197.61   285.64  -1.16) v=5.79 m/s
[lio] t=1317401118.483 | feat 4284/8160 | map   5954 | icp ok  iter  4 corr  3848 rms 0.0240   17.49 ms | p=(  197.84   286.22  -1.17) v=5.88 m/s [KF]
[lio] t=1317401118.588 | feat 4206/8160 | map   5993 | icp ok  iter  3 corr  3736 rms 0.0251   14.90 ms | p=(  198.06   286.75  -1.20) v=5.66 m/s
[lio] t=1317401118.692 | feat 4134/8160 | map   5993 | icp ok  iter  4 corr  3614 rms 0.0245   19.36 ms | p=(  198.36   287.27  -1.23) v=5.76 m/s [KF]
[lio] t=1317401118.796 | feat 4161/8160 | map   6041 | icp ok  iter  4 corr  3630 rms 0.0338   17.49 ms | p=(  198.63   287.78  -1.25) v=5.64 m/s
[lio] t=1317401118.900 | feat 4123/8160 | map   6041 | icp ok  iter  4 corr  3565 rms 0.0279   16.88 ms | p=(  198.94   288.29  -1.29) v=5.73 m/s [KF]
[lio] t=1317401119.004 | feat 4000/8160 | map   6061 | icp ok  iter  4 corr  3509 rms 0.0291   18.81 ms | p=(  199.31   288.78  -1.30) v=5.91 m/s
[lio] t=1317401119.108 | feat 3901/8160 | map   6061 | icp ok  iter  5 corr  3444 rms 0.0239   20.63 ms | p=(  199.66   289.24  -1.32) v=5.76 m/s [KF]
[lio] t=1317401119.212 | feat 3815/8160 | map   6065 | icp ok  iter  3 corr  3425 rms 0.0219   13.95 ms | p=(  200.05   289.70  -1.35) v=5.87 m/s
[lio] t=1317401119.317 | feat 3753/8160 | map   6065 | icp ok  iter  5 corr  3300 rms 0.0233   22.37 ms | p=(  200.44   290.13  -1.39) v=5.79 m/s [KF]
[lio] t=1317401119.421 | feat 3801/8160 | map   6068 | icp ok  iter  4 corr  3388 rms 0.0234   18.29 ms | p=(  200.93   290.57  -1.42) v=6.16 m/s
[lio] t=1317401119.525 | feat 3717/8160 | map   6068 | icp ok  iter  3 corr  3267 rms 0.0242   13.53 ms | p=(  201.42   290.98  -1.45) v=6.25 m/s [KF]
[lio] t=1317401119.629 | feat 3579/8160 | map   6101 | icp ok  iter  4 corr  3133 rms 0.0316   16.55 ms | p=(  201.83   291.44  -1.47) v=6.14 m/s
[lio] t=1317401119.733 | feat 3467/8160 | map   6101 | icp ok  iter  4 corr  3021 rms 0.0273   14.95 ms | p=(  202.41   291.82  -1.51) v=6.53 m/s [KF]
[lio] t=1317401119.836 | feat 3308/8160 | map   6121 | icp ok  iter  7 corr  2904 rms 0.0256   24.96 ms | p=(  202.97   292.18  -1.53) v=6.56 m/s
[lio] t=1317401119.940 | feat 3292/8160 | map   6121 | icp ok  iter  4 corr  2845 rms 0.0229   14.25 ms | p=(  203.56   292.55  -1.57) v=6.80 m/s [KF]
[lio] t=1317401120.044 | feat 3494/8160 | map   6168 | icp ok  iter  4 corr  3026 rms 0.0433   17.34 ms | p=(  204.24   292.93  -1.59) v=7.31 m/s
[lio] t=1317401120.148 | feat 3252/8160 | map   6168 | icp ok  iter  4 corr  2805 rms 0.0283   17.35 ms | p=(  204.86   293.23  -1.62) v=7.04 m/s [KF]
[lio] t=1317401120.252 | feat 3334/8160 | map   6255 | icp ok  iter  5 corr  2883 rms 0.0241   18.00 ms | p=(  205.45   293.59  -1.63) v=6.90 m/s
[lio] t=1317401120.356 | feat 3255/8160 | map   6255 | icp ok  iter  4 corr  2740 rms 0.0250   12.69 ms | p=(  206.18   293.88  -1.66) v=7.38 m/s [KF]
[lio] t=1317401120.460 | feat 3346/8160 | map   6319 | icp ok  iter 12 corr  2929 rms 0.0273   49.88 ms | p=(  206.83   294.13  -1.68) v=7.13 m/s
[lio] t=1317401120.563 | feat 3384/8160 | map   6319 | icp ok  iter  4 corr  2964 rms 0.0351   15.98 ms | p=(  207.56   294.42  -1.71) v=7.54 m/s [KF]
[lio] t=1317401120.667 | feat 3356/8160 | map   6435 | icp ok  iter  6 corr  2930 rms 0.0320   22.83 ms | p=(  208.41   294.66  -1.73) v=8.26 m/s
[lio] t=1317401120.771 | feat 3371/8160 | map   6435 | icp ok  iter  5 corr  2887 rms 0.0291   20.74 ms | p=(  209.15   294.91  -1.75) v=7.93 m/s [KF]
[lio] t=1317401120.874 | feat 3548/8160 | map   6516 | icp ok  iter  3 corr  3041 rms 0.0248   13.15 ms | p=(  209.96   295.21  -1.77) v=8.28 m/s
[lio] t=1317401120.978 | feat 3488/8160 | map   6516 | icp ok  iter 12 corr  2889 rms 0.0273   42.38 ms | p=(  210.91   295.42  -1.79) v=9.09 m/s [KF]
[lio] t=1317401121.082 | feat 3377/8160 | map   6581 | icp ok  iter 12 corr  2878 rms 0.0257   41.87 ms | p=(  211.64   295.66  -1.81) v=8.16 m/s
[lio] t=1317401121.185 | feat 3432/8160 | map   6581 | icp ok  iter  4 corr  2822 rms 0.0459   12.45 ms | p=(  212.53   295.86  -1.82) v=8.68 m/s [KF]
[lio] t=1317401121.289 | feat 3442/8160 | map   6643 | icp ok  iter  6 corr  2929 rms 0.0300   22.34 ms | p=(  213.37   296.07  -1.84) v=8.56 m/s
[lio] t=1317401121.393 | feat 3450/8160 | map   6643 | icp ok  iter  4 corr  2907 rms 0.0360   14.31 ms | p=(  214.27   296.26  -1.85) v=8.85 m/s [KF]
[lio] t=1317401121.496 | feat 3576/8160 | map   6668 | icp ok  iter  4 corr  3040 rms 0.0353   16.28 ms | p=(  215.20   296.44  -1.87) v=9.14 m/s
[lio] t=1317401121.600 | feat 3127/8160 | map   6668 | icp ok  iter  4 corr  2612 rms 0.0310   13.41 ms | p=(  216.14   296.64  -1.88) v=9.34 m/s [KF]
[lio] t=1317401121.704 | feat 3243/8160 | map   6680 | icp ok  iter 12 corr  2734 rms 0.0315   42.75 ms | p=(  217.07   296.81  -1.90) v=9.30 m/s
[lio] t=1317401121.808 | feat 2942/8160 | map   6680 | icp ok  iter  5 corr  2412 rms 0.0287   14.88 ms | p=(  218.02   297.00  -1.92) v=9.44 m/s [KF]
[lio] t=1317401121.911 | feat 3176/8160 | map   6675 | icp ok  iter  4 corr  2728 rms 0.0384   13.50 ms | p=(  219.02   297.17  -1.93) v=9.75 m/s [KF]
[lio] t=1317401122.015 | feat 3112/8160 | map   6618 | icp ok  iter  5 corr  2643 rms 0.0353   16.71 ms | p=(  220.07   297.35  -1.94) v=10.12 m/s [KF]
[lio] t=1317401122.119 | feat 3268/8160 | map   6557 | icp ok  iter  4 corr  2659 rms 0.0315   13.75 ms | p=(  221.07   297.52  -1.96) v=10.02 m/s [KF]
[lio] t=1317401122.223 | feat 3249/8160 | map   6473 | icp ok  iter 12 corr  2713 rms 0.0288   41.02 ms | p=(  222.05   297.70  -1.97) v=9.77 m/s
[lio] t=1317401122.326 | feat 3392/8160 | map   6473 | icp ok  iter  4 corr  2762 rms 0.0339   13.73 ms | p=(  223.01   297.87  -1.98) v=9.55 m/s [KF]
[lio] t=1317401122.430 | feat 3234/8160 | map   6419 | icp ok  iter  5 corr  2646 rms 0.0305   17.45 ms | p=(  224.02   298.04  -2.00) v=9.78 m/s [KF]
[lio] t=1317401122.534 | feat 3127/8160 | map   6335 | icp ok  iter  4 corr  2620 rms 0.0279   12.84 ms | p=(  225.03   298.22  -2.02) v=9.80 m/s [KF]
[lio] t=1317401122.638 | feat 2953/8160 | map   6298 | icp ok  iter  4 corr  2485 rms 0.0299   12.20 ms | p=(  226.00   298.37  -2.03) v=9.62 m/s
[lio] t=1317401122.742 | feat 2826/8160 | map   6298 | icp ok  iter  4 corr  2401 rms 0.0274   11.35 ms | p=(  227.00   298.54  -2.05) v=9.71 m/s [KF]
[lio] t=1317401122.845 | feat 2746/8160 | map   6277 | icp ok  iter  4 corr  2247 rms 0.0288   11.34 ms | p=(  227.98   298.70  -2.06) v=9.66 m/s
[lio] t=1317401122.949 | feat 2778/8160 | map   6277 | icp ok  iter  4 corr  2249 rms 0.0290   10.12 ms | p=(  229.03   298.86  -2.08) v=9.98 m/s [KF]
[lio] t=1317401123.053 | feat 2658/8160 | map   6208 | icp ok  iter  4 corr  2099 rms 0.0293   11.05 ms | p=(  230.02   299.01  -2.10) v=9.80 m/s [KF]
[lio] t=1317401123.157 | feat 2865/8160 | map   6097 | icp ok  iter  4 corr  2189 rms 0.0272   10.03 ms | p=(  231.02   299.16  -2.11) v=9.74 m/s [KF]
[lio] t=1317401123.261 | feat 2855/8160 | map   5971 | icp ok  iter  4 corr  2229 rms 0.0264   11.87 ms | p=(  232.01   299.31  -2.13) v=9.65 m/s
[lio] t=1317401123.365 | feat 2984/8160 | map   5971 | icp ok  iter  3 corr  2328 rms 0.0310    9.21 ms | p=(  232.94   299.45  -2.14) v=9.32 m/s [KF]
[lio] t=1317401123.468 | feat 3303/8160 | map   5855 | icp ok  iter  4 corr  2651 rms 0.0271   12.77 ms | p=(  233.98   299.60  -2.16) v=9.79 m/s [KF]
[lio] t=1317401123.572 | feat 3125/8160 | map   5776 | icp ok  iter  5 corr  2367 rms 0.0311   14.24 ms | p=(  234.98   299.74  -2.18) v=9.69 m/s [KF]
[lio] t=1317401123.676 | feat 2953/8160 | map   5658 | icp ok  iter  5 corr  2202 rms 0.0262   13.15 ms | p=(  235.97   299.89  -2.20) v=9.64 m/s [KF]
[lio] t=1317401123.780 | feat 3389/8160 | map   5519 | icp ok  iter  3 corr  2720 rms 0.0249    9.63 ms | p=(  236.94   300.02  -2.21) v=9.52 m/s
[lio] t=1317401123.884 | feat 3576/8160 | map   5519 | icp ok  iter  4 corr  2855 rms 0.0266   12.43 ms | p=(  237.91   300.16  -2.23) v=9.38 m/s [KF]
[lio] t=1317401123.987 | feat 3104/8160 | map   5454 | icp ok  iter  5 corr  2486 rms 0.0282   14.99 ms | p=(  238.89   300.30  -2.25) v=9.46 m/s
[lio] t=1317401124.091 | feat 2881/8160 | map   5454 | icp ok  iter  4 corr  2213 rms 0.0254   10.33 ms | p=(  239.82   300.43  -2.27) v=9.13 m/s [KF]
[lio] t=1317401124.195 | feat 2706/8160 | map   5411 | icp ok  iter  2 corr  2070 rms 0.0368    6.25 ms | p=(  240.76   300.56  -2.28) v=9.04 m/s
[lio] t=1317401124.299 | feat 2918/8160 | map   5411 | icp ok  iter  4 corr  2159 rms 0.0348   10.92 ms | p=(  241.63   300.67  -2.30) v=8.58 m/s [KF]
[lio] t=1317401124.402 | feat 2906/8160 | map   5376 | icp ok  iter  5 corr  2222 rms 0.0466   14.55 ms | p=(  242.59   300.80  -2.31) v=9.01 m/s
[lio] t=1317401124.506 | feat 3056/8160 | map   5376 | icp ok  iter  4 corr  2275 rms 0.0287   11.68 ms | p=(  243.51   300.93  -2.33) v=8.89 m/s [KF]
[lio] t=1317401124.610 | feat 3036/8160 | map   5327 | icp ok  iter  3 corr  2300 rms 0.0254    7.91 ms | p=(  244.40   301.04  -2.34) v=8.65 m/s
[lio] t=1317401124.714 | feat 3168/8160 | map   5327 | icp ok  iter  4 corr  2425 rms 0.0305   11.66 ms | p=(  245.30   301.16  -2.36) v=8.70 m/s [KF]
[lio] t=1317401124.818 | feat 3123/8160 | map   5299 | icp ok  iter  4 corr  2433 rms 0.0269   10.92 ms | p=(  246.18   301.26  -2.37) v=8.51 m/s
[lio] t=1317401124.922 | feat 3199/8160 | map   5299 | icp ok  iter  4 corr  2456 rms 0.0305   10.72 ms | p=(  247.05   301.36  -2.38) v=8.37 m/s [KF]
[lio] t=1317401125.026 | feat 3264/8160 | map   5269 | icp ok  iter  3 corr  2586 rms 0.0362   10.79 ms | p=(  247.91   301.46  -2.40) v=8.28 m/s
[lio] t=1317401125.129 | feat 3278/8160 | map   5269 | icp ok  iter  4 corr  2546 rms 0.0690   11.45 ms | p=(  248.74   301.55  -2.41) v=8.03 m/s [KF]
[lio] t=1317401125.233 | feat 3167/8121 | map   5262 | icp ok  iter  5 corr  2492 rms 0.0267   14.64 ms | p=(  249.57   301.62  -2.42) v=7.95 m/s
[lio] t=1317401125.337 | feat 3035/8160 | map   5262 | icp ok  iter  4 corr  2339 rms 0.0294   11.69 ms | p=(  250.37   301.69  -2.44) v=7.76 m/s [KF]
[lio] t=1317401125.441 | feat 3091/8160 | map   5262 | icp ok  iter  4 corr  2339 rms 0.0276   11.63 ms | p=(  251.17   301.77  -2.45) v=7.64 m/s
[lio] t=1317401125.545 | feat 3108/8160 | map   5262 | icp ok  iter  4 corr  2361 rms 0.0299   11.13 ms | p=(  251.96   301.79  -2.46) v=7.55 m/s [KF]
[lio] t=1317401125.649 | feat 3185/8160 | map   5244 | icp ok  iter  5 corr  2472 rms 0.0350   15.61 ms | p=(  252.75   301.86  -2.47) v=7.50 m/s
[lio] t=1317401125.754 | feat 3179/8160 | map   5244 | icp ok  iter  4 corr  2363 rms 0.0418   12.56 ms | p=(  253.53   301.88  -2.48) v=7.41 m/s [KF]
[lio] t=1317401125.858 | feat 3304/8160 | map   5247 | icp ok  iter  5 corr  2519 rms 0.0420   14.71 ms | p=(  254.26   301.87  -2.49) v=7.11 m/s
[lio] t=1317401125.962 | feat 3347/8160 | map   5247 | icp ok  iter  4 corr  2524 rms 0.0361   12.84 ms | p=(  255.03   301.88  -2.49) v=7.19 m/s [KF]
[lio] t=1317401126.066 | feat 3261/8160 | map   5286 | icp ok  iter  4 corr  2503 rms 0.0380   12.42 ms | p=(  255.74   301.82  -2.50) v=6.88 m/s
[lio] t=1317401126.170 | feat 3377/8160 | map   5286 | icp ok  iter  4 corr  2617 rms 0.0443   14.19 ms | p=(  256.46   301.78  -2.50) v=6.86 m/s [KF]
[lio] t=1317401126.274 | feat 3491/8160 | map   5322 | icp ok  iter  3 corr  2784 rms 0.0409   10.36 ms | p=(  257.16   301.70  -2.51) v=6.75 m/s
[lio] t=1317401126.378 | feat 3555/8160 | map   5322 | icp ok  iter  5 corr  2870 rms 0.0397   19.80 ms | p=(  257.87   301.62  -2.51) v=6.71 m/s [KF]
[lio] t=1317401126.482 | feat 3533/8160 | map   5402 | icp ok  iter  5 corr  2869 rms 0.0428   20.29 ms | p=(  258.55   301.48  -2.51) v=6.65 m/s
[lio] t=1317401126.587 | feat 3717/8160 | map   5402 | icp ok  iter  4 corr  2989 rms 0.0374   16.26 ms | p=(  259.22   301.35  -2.51) v=6.50 m/s [KF]
[lio] t=1317401126.691 | feat 3958/8160 | map   5400 | icp ok  iter  3 corr  3244 rms 0.0298   12.73 ms | p=(  259.88   301.19  -2.50) v=6.41 m/s
[lio] t=1317401126.795 | feat 3852/8160 | map   5400 | icp ok  iter  5 corr  3199 rms 0.0536   21.82 ms | p=(  260.51   301.00  -2.50) v=6.23 m/s [KF]
[lio] t=1317401126.899 | feat 3913/8160 | map   5392 | icp ok  iter  6 corr  3314 rms 0.0507   27.84 ms | p=(  261.12   300.81  -2.50) v=6.10 m/s
[lio] t=1317401127.003 | feat 3697/8160 | map   5392 | icp ok  iter  5 corr  3084 rms 0.0382   19.49 ms | p=(  261.72   300.59  -2.50) v=6.10 m/s [KF]
[lio] t=1317401127.107 | feat 3783/8160 | map   5379 | icp ok  iter  4 corr  3185 rms 0.0404   16.35 ms | p=(  262.29   300.34  -2.51) v=5.94 m/s
[lio] t=1317401127.212 | feat 3432/8160 | map   5379 | icp ok  iter  4 corr  2834 rms 0.0419   13.71 ms | p=(  262.85   300.08  -2.49) v=5.92 m/s [KF]
[lio] t=1317401127.316 | feat 3571/8160 | map   5315 | icp ok  iter  5 corr  3057 rms 0.0510   19.57 ms | p=(  263.40   299.79  -2.50) v=5.94 m/s
[lio] t=1317401127.420 | feat 3724/8160 | map   5315 | icp ok  iter  4 corr  3216 rms 0.0581   17.23 ms | p=(  263.94   299.47  -2.48) v=5.91 m/s [KF]
[lio] t=1317401127.524 | feat 3725/8160 | map   5255 | icp ok  iter  3 corr  3281 rms 0.0437   14.86 ms | p=(  264.46   299.11  -2.48) v=6.00 m/s
[lio] t=1317401127.628 | feat 3677/8160 | map   5255 | icp ok  iter  4 corr  3223 rms 0.0504   17.20 ms | p=(  264.96   298.75  -2.46) v=5.93 m/s [KF]
[lio] t=1317401127.733 | feat 3628/8160 | map   5240 | icp ok  iter  5 corr  3181 rms 0.0435   20.23 ms | p=(  265.43   298.35  -2.45) v=5.87 m/s
[lio] t=1317401127.837 | feat 3594/8160 | map   5240 | icp ok  iter  4 corr  3159 rms 0.0448   15.16 ms | p=(  265.88   297.93  -2.43) v=5.83 m/s [KF]
[lio] t=1317401127.941 | feat 3748/8160 | map   5188 | icp ok  iter  4 corr  3262 rms 0.0337   16.57 ms | p=(  266.30   297.50  -2.43) v=5.80 m/s
[lio] t=1317401128.045 | feat 3677/8160 | map   5188 | icp ok  iter  4 corr  3209 rms 0.0371   15.88 ms | p=(  266.72   297.06  -2.40) v=5.80 m/s [KF]
[lio] t=1317401128.149 | feat 3633/8160 | map   5088 | icp ok  iter  4 corr  3124 rms 0.0370   18.11 ms | p=(  267.12   296.59  -2.39) v=5.88 m/s
[lio] t=1317401128.253 | feat 3663/8160 | map   5088 | icp ok  iter  5 corr  3149 rms 0.0397   19.56 ms | p=(  267.50   296.09  -2.36) v=5.99 m/s [KF]
[lio] t=1317401128.357 | feat 3765/8160 | map   5075 | icp ok  iter  6 corr  3257 rms 0.0373   25.83 ms | p=(  267.85   295.57  -2.34) v=6.06 m/s
[lio] t=1317401128.460 | feat 3894/8160 | map   5075 | icp ok  iter  4 corr  3366 rms 0.0405   16.27 ms | p=(  268.20   295.03  -2.32) v=6.15 m/s [KF]
[lio] t=1317401128.564 | feat 3631/8160 | map   5028 | icp ok  iter  5 corr  3123 rms 0.0423   21.68 ms | p=(  268.53   294.47  -2.30) v=6.26 m/s
[lio] t=1317401128.668 | feat 3645/8160 | map   5028 | icp ok  iter  4 corr  3029 rms 0.0417   16.53 ms | p=(  268.83   293.88  -2.26) v=6.32 m/s [KF]
[lio] t=1317401128.772 | feat 3744/8146 | map   5018 | icp ok  iter  4 corr  3251 rms 0.0368   15.05 ms | p=(  269.12   293.29  -2.24) v=6.40 m/s
[lio] t=1317401128.876 | feat 3864/8144 | map   5018 | icp ok  iter  4 corr  3374 rms 0.0367   16.28 ms | p=(  269.39   292.68  -2.22) v=6.43 m/s [KF]
[lio] t=1317401128.979 | feat 3802/8156 | map   4977 | icp ok  iter  4 corr  3396 rms 0.0522   18.05 ms | p=(  269.65   292.03  -2.21) v=6.67 m/s
[lio] t=1317401129.083 | feat 3762/8125 | map   4977 | icp ok  iter  6 corr  3309 rms 0.0397   28.62 ms | p=(  269.88   291.38  -2.18) v=6.72 m/s [KF]
[lio] t=1317401129.187 | feat 3725/8160 | map   4923 | icp ok  iter  4 corr  3384 rms 0.0457   19.28 ms | p=(  270.12   290.69  -2.15) v=6.94 m/s
[lio] t=1317401129.290 | feat 3447/8160 | map   4923 | icp ok  iter  5 corr  3060 rms 0.0406   19.62 ms | p=(  270.33   290.00  -2.12) v=6.97 m/s [KF]
[lio] t=1317401129.394 | feat 3192/8160 | map   4921 | icp ok  iter  5 corr  2802 rms 0.0465   19.41 ms | p=(  270.52   289.27  -2.09) v=7.19 m/s
[lio] t=1317401129.498 | feat 3412/8160 | map   4921 | icp ok  iter  4 corr  3029 rms 0.0541   17.55 ms | p=(  270.72   288.55  -2.06) v=7.25 m/s [KF]
[lio] t=1317401129.601 | feat 3382/8160 | map   4906 | icp ok  iter  4 corr  3109 rms 0.0453   15.80 ms | p=(  270.89   287.83  -2.03) v=7.26 m/s
[lio] t=1317401129.705 | feat 3347/8160 | map   4906 | icp ok  iter  4 corr  3069 rms 0.0457   15.81 ms | p=(  271.06   287.09  -2.00) v=7.35 m/s [KF]
[lio] t=1317401129.809 | feat 3251/8134 | map   4853 | icp ok  iter  4 corr  3009 rms 0.0485   16.63 ms | p=(  271.23   286.30  -1.97) v=7.66 m/s
[lio] t=1317401129.912 | feat 3748/8160 | map   4853 | icp ok  iter  5 corr  3526 rms 0.0894   22.55 ms | p=(  271.39   285.55  -1.95) v=7.52 m/s [KF]
[lio] t=1317401130.016 | feat 3747/8160 | map   4820 | icp ok  iter  3 corr  3505 rms 0.0559   15.70 ms | p=(  271.54   284.76  -1.91) v=7.74 m/s
[lio] t=1317401130.120 | feat 3110/8160 | map   4820 | icp ok  iter  4 corr  2830 rms 0.0508   14.91 ms | p=(  271.69   283.95  -1.89) v=7.92 m/s [KF]
[lio] t=1317401130.224 | feat 2862/8160 | map   4764 | icp ok  iter  3 corr  2625 rms 0.0513   10.99 ms | p=(  271.84   283.15  -1.86) v=7.90 m/s
[lio] t=1317401130.327 | feat 2635/8160 | map   4764 | icp ok  iter  4 corr  2338 rms 0.0504   12.32 ms | p=(  271.98   282.34  -1.84) v=7.99 m/s [KF]
[lio] t=1317401130.431 | feat 2618/8160 | map   4667 | icp ok  iter  4 corr  2320 rms 0.0516   12.88 ms | p=(  272.12   281.49  -1.81) v=8.22 m/s
[lio] t=1317401130.535 | feat 3047/8160 | map   4667 | icp ok  iter  5 corr  2660 rms 0.0551   18.73 ms | p=(  272.25   280.63  -1.77) v=8.33 m/s [KF]
[lio] t=1317401130.638 | feat 3214/8160 | map   4565 | icp ok  iter  4 corr  2945 rms 0.0519   15.60 ms | p=(  272.38   279.76  -1.74) v=8.46 m/s
[lio] t=1317401130.742 | feat 3069/8160 | map   4565 | icp ok  iter  4 corr  2741 rms 0.0692   15.31 ms | p=(  272.50   278.90  -1.71) v=8.44 m/s [KF]
[lio] t=1317401130.846 | feat 3056/8160 | map   4492 | icp ok  iter  4 corr  2809 rms 0.0433   15.61 ms | p=(  272.62   278.05  -1.68) v=8.36 m/s
[lio] t=1317401130.950 | feat 3100/8160 | map   4492 | icp ok  iter  6 corr  2846 rms 0.0497   24.31 ms | p=(  272.74   277.14  -1.65) v=8.68 m/s [KF]
[lio] t=1317401131.053 | feat 2784/8160 | map   4424 | icp ok  iter  5 corr  2543 rms 0.0411   17.87 ms | p=(  272.83   276.29  -1.62) v=8.40 m/s
[lio] t=1317401131.157 | feat 2827/8160 | map   4424 | icp ok  iter  6 corr  2508 rms 0.0542   21.57 ms | p=(  272.94   275.37  -1.58) v=8.72 m/s [KF]
[lio] t=1317401131.261 | feat 2911/8160 | map   4347 | icp ok  iter  4 corr  2617 rms 0.0438   15.03 ms | p=(  273.02   274.48  -1.55) v=8.67 m/s
[lio] t=1317401131.364 | feat 2606/8160 | map   4347 | icp ok  iter  4 corr  2268 rms 0.0438   12.27 ms | p=(  273.13   273.57  -1.52) v=8.76 m/s [KF]
[lio] t=1317401131.468 | feat 2702/8160 | map   4275 | icp ok  iter  6 corr  2405 rms 0.0547   17.73 ms | p=(  273.23   272.64  -1.48) v=8.89 m/s
[lio] t=1317401131.572 | feat 2676/8160 | map   4275 | icp ok  iter  5 corr  2321 rms 0.0955   16.94 ms | p=(  273.32   271.80  -1.43) v=8.42 m/s [KF]
[lio] t=1317401131.676 | feat 2603/8160 | map   4234 | icp ok  iter  6 corr  2219 rms 0.0467   18.37 ms | p=(  273.42   270.82  -1.40) v=9.07 m/s
[lio] t=1317401131.779 | feat 2495/8160 | map   4234 | icp ok  iter  6 corr  2031 rms 0.0542   16.81 ms | p=(  273.51   269.95  -1.36) v=8.69 m/s [KF]
[lio] t=1317401131.883 | feat 2256/8160 | map   4182 | icp ok  iter  5 corr  1875 rms 0.0419   12.65 ms | p=(  273.59   269.07  -1.32) v=8.56 m/s
[lio] t=1317401131.987 | feat 2384/8160 | map   4182 | icp ok  iter  6 corr  1886 rms 0.0421   14.63 ms | p=(  273.68   268.13  -1.27) v=8.83 m/s [KF]
[lio] t=1317401132.090 | feat 2255/8160 | map   4117 | icp ok  iter  4 corr  1864 rms 0.0421   10.78 ms | p=(  273.78   267.26  -1.23) v=8.60 m/s
[lio] t=1317401132.194 | feat 2003/8160 | map   4117 | icp ok  iter  7 corr  1535 rms 0.0297   14.73 ms | p=(  273.86   266.39  -1.19) v=8.44 m/s [KF]
[lio] t=1317401132.298 | feat 2175/8160 | map   4034 | icp ok  iter  4 corr  1899 rms 0.0457    9.97 ms | p=(  273.95   265.47  -1.14) v=8.70 m/s
[lio] t=1317401132.402 | feat 2125/8160 | map   4034 | icp ok  iter 12 corr  1764 rms 0.0456   29.48 ms | p=(  274.07   264.54  -1.10) v=8.86 m/s [KF]
[lio] t=1317401132.505 | feat 1986/8160 | map   3997 | icp ok  iter  4 corr  1636 rms 0.0651    8.07 ms | p=(  274.17   263.68  -1.06) v=8.54 m/s
[lio] t=1317401132.609 | feat 1989/8160 | map   3997 | icp ok  iter  5 corr  1549 rms 0.0370   10.64 ms | p=(  274.31   262.77  -1.01) v=8.66 m/s [KF]
[lio] t=1317401132.713 | feat 2132/8160 | map   3926 | icp ok  iter  7 corr  1740 rms 0.0295   14.58 ms | p=(  274.44   261.86  -0.97) v=8.78 m/s
[lio] t=1317401132.817 | feat 2024/8160 | map   3926 | icp ok  iter 12 corr  1655 rms 0.0294   30.55 ms | p=(  274.55   261.00  -0.94) v=8.47 m/s [KF]
[lio] t=1317401132.920 | feat 2007/8160 | map   3902 | icp ok  iter  4 corr  1577 rms 0.0412    8.21 ms | p=(  274.68   260.15  -0.89) v=8.29 m/s
[lio] t=1317401133.024 | feat 1894/8160 | map   3902 | icp ok  iter  3 corr  1432 rms 0.0292    4.83 ms | p=(  274.81   259.28  -0.85) v=8.39 m/s [KF]
[lio] t=1317401133.128 | feat 1966/8160 | map   3867 | icp ok  iter  6 corr  1491 rms 0.0896   11.40 ms | p=(  274.95   258.35  -0.81) v=8.74 m/s
[lio] t=1317401133.232 | feat 1894/8160 | map   3867 | icp ok  iter  6 corr  1417 rms 0.0850   12.15 ms | p=(  275.08   257.66  -0.78) v=7.53 m/s [KF]
[lio] t=1317401133.335 | feat 2015/8160 | map   3828 | icp ok  iter  5 corr  1610 rms 0.0445    9.36 ms | p=(  275.25   256.59  -0.73) v=9.24 m/s [KF]
[lio] t=1317401133.439 | feat 2079/8160 | map   3735 | icp ok  iter  4 corr  1698 rms 0.0314    7.97 ms | p=(  275.37   255.78  -0.69) v=8.40 m/s
[lio] t=1317401133.543 | feat 1882/8160 | map   3735 | icp ok  iter  4 corr  1495 rms 0.0429    7.49 ms | p=(  275.54   254.89  -0.65) v=8.58 m/s [KF]
[lio] t=1317401133.647 | feat 1678/8160 | map   3626 | icp ok  iter  4 corr  1405 rms 0.0297    6.70 ms | p=(  275.65   254.27  -0.63) v=7.03 m/s
[lio] t=1317401133.751 | feat 1775/8160 | map   3626 | icp ok  iter  5 corr  1425 rms 0.0777    9.27 ms | p=(  275.82   253.13  -0.58) v=9.48 m/s [KF]
[lio] t=1317401133.855 | feat 2007/8160 | map   3548 | icp ok  iter  4 corr  1652 rms 0.0664    9.64 ms | p=(  275.97   252.31  -0.54) v=8.54 m/s
[lio] t=1317401133.958 | feat 2012/8160 | map   3548 | icp ok  iter  4 corr  1545 rms 0.0375    6.82 ms | p=(  276.10   251.50  -0.51) v=8.12 m/s [KF]
[lio] t=1317401134.062 | feat 2133/8160 | map   3365 | icp ok  iter  5 corr  1661 rms 0.0517   11.57 ms | p=(  276.23   250.63  -0.46) v=8.36 m/s
[lio] t=1317401134.166 | feat 2245/8160 | map   3365 | icp ok  iter  5 corr  1771 rms 0.1315   13.68 ms | p=(  276.37   249.80  -0.44) v=8.15 m/s [KF]
[lio] t=1317401134.270 | feat 2050/8160 | map   3102 | icp ok  iter  4 corr  1548 rms 0.0286    7.89 ms | p=(  276.52   248.89  -0.40) v=8.54 m/s
[lio] t=1317401134.374 | feat 2079/8160 | map   3102 | icp ok  iter  4 corr  1535 rms 0.0645    9.30 ms | p=(  276.65   248.03  -0.36) v=8.44 m/s [KF]
[lio] t=1317401134.478 | feat 2334/8160 | map   2975 | icp ok  iter  4 corr  1839 rms 0.0364    8.91 ms | p=(  276.81   247.13  -0.32) v=8.63 m/s
[lio] t=1317401134.582 | feat 2554/8160 | map   2975 | icp ok  iter  4 corr  2088 rms 0.0400   10.39 ms | p=(  276.93   246.32  -0.28) v=8.11 m/s [KF]
[lio] t=1317401134.685 | feat 2678/8160 | map   2914 | icp ok  iter  3 corr  2149 rms 0.0399    7.65 ms | p=(  277.04   245.42  -0.25) v=8.47 m/s
[lio] t=1317401134.789 | feat 2576/8160 | map   2914 | icp ok  iter  3 corr  2057 rms 0.0871    7.80 ms | p=(  277.18   244.55  -0.21) v=8.44 m/s [KF]
[lio] t=1317401134.893 | feat 2746/8160 | map   2871 | icp ok  iter  4 corr  2389 rms 0.0310   11.40 ms | p=(  277.30   243.70  -0.17) v=8.33 m/s
[lio] t=1317401134.997 | feat 2433/8160 | map   2871 | icp ok  iter  3 corr  2071 rms 0.0282    7.75 ms | p=(  277.42   242.83  -0.13) v=8.39 m/s [KF]
[lio] t=1317401135.101 | feat 2429/8160 | map   2831 | icp ok  iter  5 corr  2110 rms 0.0290   11.69 ms | p=(  277.54   241.97  -0.10) v=8.36 m/s
[lio] t=1317401135.204 | feat 2321/8160 | map   2831 | icp ok  iter  3 corr  1931 rms 0.0478    6.88 ms | p=(  277.67   241.11  -0.06) v=8.32 m/s [KF]
[lio] t=1317401135.308 | feat 2339/8160 | map   2813 | icp ok  iter  4 corr  1853 rms 0.0385    8.84 ms | p=(  277.78   240.25  -0.03) v=8.33 m/s
[lio] t=1317401135.412 | feat 2284/8160 | map   2813 | icp ok  iter  3 corr  1716 rms 0.0629    6.67 ms | p=(  277.89   239.40   0.01) v=8.26 m/s [KF]
[lio] t=1317401135.516 | feat 2200/8160 | map   2796 | icp ok  iter  3 corr  1698 rms 0.0504    6.54 ms | p=(  278.03   238.54   0.05) v=8.28 m/s
[lio] t=1317401135.620 | feat 2123/8160 | map   2796 | icp ok  iter  5 corr  1581 rms 0.0516   11.58 ms | p=(  278.17   237.61   0.09) v=8.73 m/s [KF]
[lio] t=1317401135.723 | feat 2134/8160 | map   2791 | icp ok  iter  4 corr  1751 rms 0.0320    8.14 ms | p=(  278.30   236.77   0.12) v=8.38 m/s
[lio] t=1317401135.827 | feat 2447/8160 | map   2791 | icp ok  iter  3 corr  2057 rms 0.0410    7.73 ms | p=(  278.43   235.93   0.16) v=8.27 m/s [KF]
[lio] t=1317401135.931 | feat 2754/8160 | map   2762 | icp ok  iter  4 corr  2373 rms 0.0367   11.72 ms | p=(  278.57   235.07   0.19) v=8.29 m/s
[lio] t=1317401136.035 | feat 2629/8160 | map   2762 | icp ok  iter  3 corr  2323 rms 0.0873    8.06 ms | p=(  278.72   234.23   0.23) v=8.21 m/s [KF]
[lio] t=1317401136.138 | feat 2435/8160 | map   2721 | icp ok  iter  4 corr  2140 rms 0.0531    9.72 ms | p=(  278.86   233.39   0.26) v=8.16 m/s
[lio] t=1317401136.242 | feat 2260/8160 | map   2721 | icp ok  iter  3 corr  1932 rms 0.0584    8.69 ms | p=(  279.00   232.57   0.29) v=8.06 m/s [KF]
[lio] t=1317401136.346 | feat 1989/8160 | map   2729 | icp ok  iter  5 corr  1607 rms 0.0441   10.21 ms | p=(  279.16   231.67   0.32) v=8.46 m/s
[lio] t=1317401136.450 | feat 1942/8160 | map   2729 | icp ok  iter  5 corr  1528 rms 0.0546   10.43 ms | p=(  279.29   230.91   0.34) v=7.78 m/s [KF]
[lio] t=1317401136.554 | feat 2015/8160 | map   2705 | icp ok  iter 12 corr  1648 rms 0.0445   24.72 ms | p=(  279.43   230.06   0.37) v=8.07 m/s
[lio] t=1317401136.657 | feat 1985/8160 | map   2705 | icp ok  iter  3 corr  1633 rms 0.0358    5.61 ms | p=(  279.58   229.19   0.40) v=8.33 m/s [KF]
[lio] t=1317401136.761 | feat 2158/8160 | map   2667 | icp ok  iter  4 corr  1738 rms 0.0653    8.47 ms | p=(  279.71   228.39   0.43) v=7.99 m/s
[lio] t=1317401136.865 | feat 2236/8160 | map   2667 | icp ok  iter  4 corr  1741 rms 0.0412    8.05 ms | p=(  279.85   227.54   0.45) v=8.13 m/s [KF]
[lio] t=1317401136.969 | feat 2231/8160 | map   2674 | icp ok  iter  4 corr  1840 rms 0.0337    8.42 ms | p=(  280.00   226.69   0.48) v=8.19 m/s
[lio] t=1317401137.073 | feat 2170/8160 | map   2674 | icp ok  iter  5 corr  1754 rms 0.0387   10.72 ms | p=(  280.13   225.88   0.51) v=7.95 m/s [KF]
[lio] t=1317401137.177 | feat 2162/8160 | map   2652 | icp ok  iter  4 corr  1583 rms 0.0619    8.39 ms | p=(  280.29   225.00   0.54) v=8.32 m/s
[lio] t=1317401137.280 | feat 2437/8160 | map   2652 | icp ok  iter  5 corr  1727 rms 0.0545   10.40 ms | p=(  280.41   224.24   0.57) v=7.74 m/s [KF]
[lio] t=1317401137.384 | feat 2439/8160 | map   2661 | icp ok  iter  5 corr  1725 rms 0.0407   10.97 ms | p=(  280.57   223.39   0.59) v=8.08 m/s
[lio] t=1317401137.488 | feat 2640/8160 | map   2661 | icp ok  iter  6 corr  1908 rms 0.1066   13.30 ms | p=(  280.73   222.49   0.62) v=8.49 m/s [KF]
[lio] t=1317401137.592 | feat 2499/8160 | map   2687 | icp ok  iter  4 corr  1701 rms 0.0361    8.81 ms | p=(  280.87   221.66   0.64) v=8.25 m/s
[lio] t=1317401137.696 | feat 2413/8160 | map   2687 | icp ok  iter  5 corr  1672 rms 0.0301    9.95 ms | p=(  280.99   220.93   0.67) v=7.55 m/s [KF]
[lio] t=1317401137.800 | feat 2616/8160 | map   2698 | icp ok  iter  7 corr  1894 rms 0.0633   18.43 ms | p=(  281.15   220.10   0.70) v=7.88 m/s
[lio] t=1317401137.904 | feat 2688/8160 | map   2698 | icp ok  iter  5 corr  1853 rms 0.0768   12.80 ms | p=(  281.30   219.33   0.72) v=7.71 m/s [KF]
[lio] t=1317401138.007 | feat 2478/8160 | map   2690 | icp ok  iter  6 corr  1733 rms 0.0259   13.07 ms | p=(  281.46   218.44   0.75) v=8.32 m/s
[lio] t=1317401138.111 | feat 2436/8160 | map   2690 | icp ok  iter  5 corr  1661 rms 0.0748   11.99 ms | p=(  281.64   217.48   0.78) v=9.01 m/s [KF]
[lio] t=1317401138.215 | feat 2239/8160 | map   2677 | icp ok  iter  6 corr  1601 rms 0.0279   11.97 ms | p=(  281.80   216.67   0.81) v=8.38 m/s
[lio] t=1317401138.319 | feat 2066/8160 | map   2677 | icp ok  iter 12 corr  1450 rms 0.0553   26.37 ms | p=(  281.97   215.71   0.84) v=8.99 m/s [KF]
[lio] t=1317401138.423 | feat 1836/8160 | map   2674 | icp ok  iter  7 corr  1327 rms 0.0293   12.19 ms | p=(  282.11   215.03   0.86) v=7.59 m/s
[lio] t=1317401138.527 | feat 1933/8160 | map   2674 | icp ok  iter 11 corr  1277 rms 0.0382   20.88 ms | p=(  282.31   213.97   0.89) v=9.30 m/s [KF]
[lio] t=1317401138.631 | feat 2008/8160 | map   2674 | icp ok  iter  6 corr  1457 rms 0.0402   12.47 ms | p=(  282.45   213.39   0.91) v=7.14 m/s
[lio] t=1317401138.735 | feat 1835/8160 | map   2674 | icp ok  iter 12 corr  1295 rms 0.0694   21.99 ms | p=(  282.68   212.15   0.95) v=10.20 m/s [KF]
[lio] t=1317401138.839 | feat 2068/8160 | map   2674 | icp ok  iter  5 corr  1563 rms 0.0559   11.12 ms | p=(  282.82   211.28   0.99) v=9.22 m/s
[lio] t=1317401138.943 | feat 1747/8160 | map   2674 | icp ok  iter  6 corr  1114 rms 0.0490    7.49 ms | p=(  283.03   210.44   1.01) v=8.67 m/s [KF]
[lio] t=1317401139.047 | feat 1829/8160 | map   2694 | icp ok  iter  4 corr  1277 rms 0.0446    7.37 ms | p=(  283.18   209.67   1.04) v=7.99 m/s
[lio] t=1317401139.151 | feat 1996/8160 | map   2694 | icp ok  iter  8 corr  1268 rms 0.0529   14.56 ms | p=(  283.36   208.70   1.08) v=8.96 m/s [KF]
[lio] t=1317401139.255 | feat 2076/8160 | map   2712 | icp ok  iter  4 corr  1545 rms 0.0458    7.41 ms | p=(  283.56   207.73   1.11) v=9.33 m/s
[lio] t=1317401139.359 | feat 2155/8160 | map   2712 | icp ok  iter  6 corr  1612 rms 0.0658   13.37 ms | p=(  283.73   206.86   1.14) v=8.85 m/s [KF]
[lio] t=1317401139.463 | feat 2311/8160 | map   2768 | icp ok  iter  4 corr  1790 rms 0.0379    9.05 ms | p=(  283.88   205.85   1.18) v=9.47 m/s [KF]
[lio] t=1317401139.567 | feat 2118/8160 | map   2789 | icp ok  iter  6 corr  1583 rms 0.0359   11.95 ms | p=(  284.03   204.98   1.21) v=8.90 m/s
[lio] t=1317401139.671 | feat 2115/8160 | map   2789 | icp ok  iter  5 corr  1655 rms 0.0319   10.18 ms | p=(  284.18   204.01   1.25) v=9.24 m/s [KF]
[lio] t=1317401139.774 | feat 2190/8160 | map   2768 | icp ok  iter  3 corr  1814 rms 0.0328    6.72 ms | p=(  284.31   203.06   1.28) v=9.22 m/s
[lio] t=1317401139.878 | feat 2064/8160 | map   2768 | icp ok  iter  5 corr  1606 rms 0.0367   10.25 ms | p=(  284.42   202.09   1.32) v=9.32 m/s [KF]
[lio] t=1317401139.982 | feat 2085/8160 | map   2755 | icp ok  iter  5 corr  1710 rms 0.0334   10.22 ms | p=(  284.58   201.14   1.35) v=9.29 m/s
[lio] t=1317401140.086 | feat 1930/8160 | map   2755 | icp ok  iter  8 corr  1513 rms 0.0589   17.71 ms | p=(  284.77   199.78   1.40) v=11.65 m/s [KF]
[lio] t=1317401140.190 | feat 2002/8160 | map   2765 | icp ok  iter 12 corr  1648 rms 0.0308   26.51 ms | p=(  284.90   198.86   1.44) v=9.94 m/s
[lio] t=1317401140.294 | feat 1911/8160 | map   2765 | icp ok  iter 12 corr  1472 rms 0.0422   26.34 ms | p=(  284.99   198.20   1.47) v=7.76 m/s [KF]
[lio] t=1317401140.398 | feat 1912/8160 | map   2727 | icp ok  iter  4 corr  1540 rms 0.0345    7.52 ms | p=(  285.11   197.27   1.50) v=8.50 m/s
[lio] t=1317401140.502 | feat 1887/8160 | map   2727 | icp ok  iter 10 corr  1467 rms 0.0415   19.62 ms | p=(  285.25   196.27   1.53) v=9.16 m/s [KF]
[lio] t=1317401140.605 | feat 2056/8160 | map   2695 | icp ok  iter  6 corr  1632 rms 0.0540   12.34 ms | p=(  285.33   195.46   1.57) v=8.34 m/s
[lio] t=1317401140.709 | feat 2032/8160 | map   2695 | icp ok  iter  4 corr  1455 rms 0.0417    7.82 ms | p=(  285.44   194.58   1.59) v=8.38 m/s [KF]
[lio] t=1317401140.813 | feat 2068/8160 | map   2673 | icp ok  iter  6 corr  1609 rms 0.0385   12.31 ms | p=(  285.59   193.47   1.64) v=9.77 m/s [KF]
[lio] t=1317401140.917 | feat 2344/8160 | map   2652 | icp ok  iter  5 corr  1791 rms 0.0395   11.62 ms | p=(  285.68   192.67   1.66) v=8.49 m/s
[lio] t=1317401141.021 | feat 2231/8160 | map   2652 | icp ok  iter  5 corr  1632 rms 0.0357   10.93 ms | p=(  285.78   191.78   1.69) v=8.51 m/s [KF]
[lio] t=1317401141.125 | feat 2437/8160 | map   2635 | icp ok  iter  5 corr  1968 rms 0.0486   13.85 ms | p=(  285.89   190.90   1.73) v=8.44 m/s
[lio] t=1317401141.229 | feat 2626/8160 | map   2635 | icp ok  iter  4 corr  2066 rms 0.0659   10.22 ms | p=(  285.98   189.98   1.76) v=8.67 m/s [KF]
[lio] t=1317401141.333 | feat 2434/8160 | map   2636 | icp ok  iter  6 corr  1876 rms 0.0389   13.93 ms | p=(  286.10   188.92   1.80) v=9.60 m/s [KF]
[lio] t=1317401141.437 | feat 2340/8160 | map   2584 | icp ok  iter  5 corr  1770 rms 0.0311   11.48 ms | p=(  286.20   188.07   1.83) v=8.78 m/s
[lio] t=1317401141.540 | feat 2423/8160 | map   2584 | icp ok  iter  5 corr  1722 rms 0.0338   10.27 ms | p=(  286.26   187.36   1.85) v=7.56 m/s [KF]
[lio] t=1317401141.644 | feat 2343/8160 | map   2568 | icp ok  iter  4 corr  1657 rms 0.0348    8.42 ms | p=(  286.33   186.55   1.87) v=7.65 m/s
[lio] t=1317401141.748 | feat 2117/8160 | map   2568 | icp ok  iter  5 corr  1367 rms 0.0366    8.92 ms | p=(  286.45   185.53   1.92) v=9.00 m/s [KF]
[lio] t=1317401141.852 | feat 2192/8160 | map   2532 | icp ok  iter  4 corr  1470 rms 0.0381    8.36 ms | p=(  286.55   184.59   1.95) v=8.98 m/s
[lio] t=1317401141.956 | feat 2321/8160 | map   2532 | icp ok  iter  5 corr  1487 rms 0.0555   10.65 ms | p=(  286.65   183.60   1.98) v=9.33 m/s [KF]
[lio] t=1317401142.059 | feat 2210/8160 | map   2555 | icp ok  iter  5 corr  1561 rms 0.0370   10.02 ms | p=(  286.73   182.69   2.01) v=8.97 m/s
[lio] t=1317401142.163 | feat 2291/8160 | map   2555 | icp ok  iter  4 corr  1575 rms 0.0744    8.33 ms | p=(  286.85   181.79   2.04) v=8.83 m/s [KF]
[lio] t=1317401142.267 | feat 2264/8160 | map   2548 | icp ok  iter  4 corr  1664 rms 0.0467    9.24 ms | p=(  286.94   180.93   2.07) v=8.51 m/s
[lio] t=1317401142.371 | feat 2342/8160 | map   2548 | icp ok  iter  3 corr  1677 rms 0.0417    6.66 ms | p=(  287.05   180.05   2.10) v=8.51 m/s [KF]
[lio] t=1317401142.475 | feat 2351/8160 | map   2550 | icp ok  iter  4 corr  1705 rms 0.0336    8.68 ms | p=(  287.17   179.19   2.12) v=8.39 m/s
[lio] t=1317401142.578 | feat 2140/8160 | map   2550 | icp ok  iter  6 corr  1522 rms 0.0850   13.16 ms | p=(  287.28   178.43   2.16) v=7.82 m/s [KF]
[lio] t=1317401142.682 | feat 2112/8160 | map   2543 | icp ok  iter  5 corr  1479 rms 0.0357    8.72 ms | p=(  287.41   177.50   2.18) v=8.53 m/s
[lio] t=1317401142.786 | feat 2008/8160 | map   2543 | icp ok  iter 12 corr  1396 rms 0.0591   26.21 ms | p=(  287.69   175.75   2.23) v=13.73 m/s [KF]
[lio] t=1317401142.890 | feat 2131/8160 | map   2573 | icp REJ iter  9 corr  1569 rms 0.0392   19.53 ms | p=(  287.92   174.34   2.27) v=13.72 m/s [KF]
[lio] t=1317401142.994 | feat 2073/8160 | map   2596 | icp ok  iter  8 corr  1471 rms 0.0438   15.47 ms | p=(  288.08   173.42   2.28) v=10.85 m/s
[lio] t=1317401143.097 | feat 2116/8160 | map   2596 | icp ok  iter  6 corr  1535 rms 0.0525   12.89 ms | p=(  288.23   172.53   2.30) v=9.54 m/s [KF]
[lio] t=1317401143.201 | feat 2591/8160 | map   2597 | icp ok  iter 12 corr  1945 rms 0.0494   34.07 ms | p=(  288.39   171.66   2.32) v=8.96 m/s
[lio] t=1317401143.305 | feat 2305/8160 | map   2597 | icp ok  iter  6 corr  1554 rms 0.0514   13.56 ms | p=(  288.58   170.84   2.35) v=8.39 m/s [KF]
[lio] t=1317401143.409 | feat 2348/8160 | map   2651 | icp ok  iter  4 corr  1634 rms 0.0647    8.11 ms | p=(  288.75   169.94   2.37) v=8.66 m/s
[lio] t=1317401143.513 | feat 2194/8160 | map   2651 | icp ok  iter  5 corr  1397 rms 0.0652    9.39 ms | p=(  288.94   169.06   2.38) v=8.66 m/s [KF]
[lio] t=1317401143.616 | feat 2423/8160 | map   2650 | icp ok  iter  5 corr  1641 rms 0.0489   10.81 ms | p=(  289.11   168.29   2.40) v=8.06 m/s
[lio] t=1317401143.720 | feat 2393/8160 | map   2650 | icp ok  iter  4 corr  1620 rms 0.0497   10.08 ms | p=(  289.30   167.46   2.42) v=8.09 m/s [KF]
[lio] t=1317401143.824 | feat 2591/8160 | map   2683 | icp ok  iter  5 corr  1813 rms 0.0564   11.35 ms | p=(  289.51   166.44   2.43) v=9.31 m/s [KF]
[lio] t=1317401143.928 | feat 2621/8160 | map   2678 | icp ok  iter  5 corr  1823 rms 0.0397   11.62 ms | p=(  289.69   165.60   2.46) v=8.65 m/s
[lio] t=1317401144.032 | feat 2646/8160 | map   2678 | icp ok  iter  4 corr  1612 rms 0.0412    8.42 ms | p=(  289.89   164.77   2.48) v=8.42 m/s [KF]
[lio] t=1317401144.136 | feat 2693/8160 | map   2730 | icp ok  iter  5 corr  1854 rms 0.0487   10.74 ms | p=(  290.11   163.80   2.49) v=9.06 m/s
[lio] t=1317401144.240 | feat 2648/8160 | map   2730 | icp ok  iter  4 corr  1588 rms 0.0440    7.82 ms | p=(  290.32   162.94   2.52) v=8.71 m/s [KF]
[lio] t=1317401144.344 | feat 2851/8160 | map   2784 | icp ok  iter  4 corr  1854 rms 0.1369    9.95 ms | p=(  290.51   162.08   2.54) v=8.56 m/s
[lio] t=1317401144.448 | feat 3007/8160 | map   2784 | icp ok  iter  4 corr  2090 rms 0.1509   11.11 ms | p=(  290.70   161.21   2.56) v=8.53 m/s [KF]
[lio] t=1317401144.552 | feat 2896/8160 | map   2857 | icp ok  iter  5 corr  2002 rms 0.0530   12.47 ms | p=(  290.90   160.30   2.57) v=8.75 m/s
[lio] t=1317401144.656 | feat 2768/8160 | map   2857 | icp ok  iter  4 corr  1868 rms 0.0530    9.92 ms | p=(  291.08   159.42   2.60) v=8.67 m/s [KF]
[lio] t=1317401144.760 | feat 2726/8160 | map   2880 | icp ok  iter  4 corr  1817 rms 0.0440    8.53 ms | p=(  291.25   158.53   2.62) v=8.69 m/s
[lio] t=1317401144.864 | feat 2690/8160 | map   2880 | icp ok  iter  3 corr  1761 rms 0.0317    6.16 ms | p=(  291.42   157.66   2.64) v=8.55 m/s [KF]
[lio] t=1317401144.968 | feat 2867/8160 | map   2865 | icp ok  iter  4 corr  1963 rms 0.0302    8.75 ms | p=(  291.58   156.78   2.66) v=8.55 m/s
[lio] t=1317401145.072 | feat 2631/8160 | map   2865 | icp ok  iter  4 corr  1749 rms 0.0338    9.22 ms | p=(  291.72   155.91   2.69) v=8.48 m/s [KF]
[lio] t=1317401145.175 | feat 2741/8160 | map   2838 | icp ok  iter  4 corr  1750 rms 0.0378    8.51 ms | p=(  291.87   155.00   2.72) v=8.65 m/s
[lio] t=1317401145.279 | feat 2735/8160 | map   2838 | icp ok  iter  5 corr  1777 rms 0.0334   11.41 ms | p=(  291.99   154.15   2.74) v=8.40 m/s [KF]
[lio] t=1317401145.383 | feat 2691/8160 | map   2857 | icp ok  iter  4 corr  1873 rms 0.0302    8.77 ms | p=(  292.11   153.26   2.76) v=8.50 m/s
[lio] t=1317401145.487 | feat 2875/8160 | map   2857 | icp ok  iter  5 corr  1950 rms 0.0309   11.64 ms | p=(  292.22   152.38   2.79) v=8.48 m/s [KF]
[lio] t=1317401145.591 | feat 2687/8160 | map   2867 | icp ok  iter  4 corr  1737 rms 0.0293    7.66 ms | p=(  292.31   151.52   2.82) v=8.36 m/s
[lio] t=1317401145.695 | feat 2646/8160 | map   2867 | icp ok  iter  7 corr  1526 rms 0.0335   14.65 ms | p=(  292.42   150.56   2.84) v=8.87 m/s [KF]
[lio] t=1317401145.799 | feat 2696/8160 | map   2872 | icp ok  iter  4 corr  1592 rms 0.0331    8.91 ms | p=(  292.47   149.74   2.87) v=8.21 m/s
[lio] t=1317401145.903 | feat 2822/8160 | map   2872 | icp ok  iter  4 corr  1654 rms 0.0404    8.92 ms | p=(  292.54   148.92   2.90) v=8.00 m/s [KF]
[lio] t=1317401146.007 | feat 2670/8160 | map   2895 | icp ok  iter  3 corr  1676 rms 0.0334    6.21 ms | p=(  292.62   148.03   2.92) v=8.32 m/s
[lio] t=1317401146.111 | feat 2727/8160 | map   2895 | icp ok  iter  4 corr  1764 rms 0.0384   10.08 ms | p=(  292.70   147.08   2.95) v=8.79 m/s [KF]
[lio] t=1317401146.214 | feat 2625/8160 | map   2910 | icp ok  iter  4 corr  1743 rms 0.0302    8.32 ms | p=(  292.75   146.31   2.98) v=7.84 m/s
[lio] t=1317401146.318 | feat 2936/8160 | map   2910 | icp ok  iter  5 corr  2025 rms 0.0481   12.05 ms | p=(  292.79   145.51   3.00) v=7.66 m/s [KF]
[lio] t=1317401146.422 | feat 2689/8160 | map   2911 | icp ok  iter  3 corr  1764 rms 0.0281    6.26 ms | p=(  292.84   144.73   3.03) v=7.45 m/s
[lio] t=1317401146.526 | feat 2587/8160 | map   2911 | icp ok  iter 12 corr  1687 rms 0.0340   28.46 ms | p=(  292.90   143.91   3.06) v=7.58 m/s [KF]
[lio] t=1317401146.630 | feat 2575/8160 | map   2930 | icp ok  iter  4 corr  1738 rms 0.0411    9.39 ms | p=(  292.95   143.16   3.07) v=7.24 m/s
[lio] t=1317401146.733 | feat 2366/8160 | map   2930 | icp ok  iter  4 corr  1534 rms 0.0309    7.24 ms | p=(  293.00   142.45   3.09) v=6.79 m/s [KF]
[lio] t=1317401146.837 | feat 2411/8160 | map   2939 | icp ok  iter  4 corr  1577 rms 0.0284    7.40 ms | p=(  293.04   141.75   3.11) v=6.63 m/s
[lio] t=1317401146.941 | feat 2573/8160 | map   2939 | icp ok  iter  4 corr  1618 rms 0.0317    8.06 ms | p=(  293.10   141.03   3.14) v=6.67 m/s [KF]
[lio] t=1317401147.045 | feat 2661/8160 | map   2984 | icp ok  iter  4 corr  1667 rms 0.0281    7.79 ms | p=(  293.14   140.39   3.16) v=6.19 m/s
[lio] t=1317401147.149 | feat 2892/8160 | map   2984 | icp ok  iter  3 corr  1967 rms 0.0510    7.37 ms | p=(  293.19   139.75   3.17) v=5.97 m/s [KF]
[lio] t=1317401147.252 | feat 3000/8160 | map   3032 | icp ok  iter  4 corr  2101 rms 0.0294   10.56 ms | p=(  293.23   139.11   3.19) v=5.92 m/s
[lio] t=1317401147.356 | feat 3272/8160 | map   3032 | icp ok  iter  4 corr  2312 rms 0.0506   12.29 ms | p=(  293.26   138.56   3.21) v=5.42 m/s [KF]
[lio] t=1317401147.460 | feat 3461/8160 | map   3123 | icp ok  iter  3 corr  2556 rms 0.0281    8.64 ms | p=(  293.30   137.98   3.22) v=5.37 m/s
[lio] t=1317401147.564 | feat 3311/8160 | map   3123 | icp ok  iter  4 corr  2354 rms 0.0410   12.39 ms | p=(  293.34   137.42   3.24) v=5.24 m/s [KF]
[lio] t=1317401147.667 | feat 3420/8160 | map   3218 | icp ok  iter  3 corr  2505 rms 0.0308    9.53 ms | p=(  293.38   136.89   3.25) v=4.98 m/s
[lio] t=1317401147.771 | feat 3680/8160 | map   3218 | icp ok  iter  4 corr  2717 rms 0.0281   13.27 ms | p=(  293.42   136.38   3.27) v=4.79 m/s [KF]
[lio] t=1317401147.875 | feat 3556/8160 | map   3338 | icp ok  iter  4 corr  2750 rms 0.0268   13.22 ms | p=(  293.46   135.89   3.28) v=4.59 m/s
[lio] t=1317401147.979 | feat 3616/8160 | map   3338 | icp ok  iter  3 corr  2738 rms 0.0306   11.04 ms | p=(  293.51   135.42   3.29) v=4.43 m/s
[lio] t=1317401148.082 | feat 3688/8160 | map   3338 | icp ok  iter  3 corr  2814 rms 0.0296   10.95 ms | p=(  293.56   134.98   3.30) v=4.22 m/s [KF]
[lio] t=1317401148.186 | feat 3987/8160 | map   3425 | icp ok  iter  4 corr  3185 rms 0.0253   15.00 ms | p=(  293.60   134.54   3.32) v=4.16 m/s
[lio] t=1317401148.289 | feat 4042/8160 | map   3425 | icp ok  iter  4 corr  3255 rms 0.0327   15.88 ms | p=(  293.66   134.12   3.34) v=4.06 m/s
[lio] t=1317401148.393 | feat 3905/8160 | map   3425 | icp ok  iter  4 corr  3126 rms 0.0332   14.70 ms | p=(  293.73   133.69   3.35) v=4.09 m/s [KF]
[lio] t=1317401148.497 | feat 4384/8160 | map   3544 | icp ok  iter  4 corr  3654 rms 0.0352   17.70 ms | p=(  293.82   133.29   3.36) v=3.96 m/s
[lio] t=1317401148.600 | feat 4377/8160 | map   3544 | icp ok  iter  4 corr  3578 rms 0.0329   19.04 ms | p=(  293.92   132.88   3.36) v=3.94 m/s
[lio] t=1317401148.704 | feat 4313/8160 | map   3544 | icp ok  iter  5 corr  3467 rms 0.0341   19.59 ms | p=(  294.02   132.49   3.36) v=3.90 m/s [KF]
[lio] t=1317401148.808 | feat 4157/8160 | map   3637 | icp ok  iter  4 corr  3374 rms 0.0363   16.88 ms | p=(  294.14   132.10   3.37) v=3.83 m/s
[lio] t=1317401148.911 | feat 4233/8160 | map   3637 | icp ok  iter  3 corr  3363 rms 0.0285   13.23 ms | p=(  294.27   131.73   3.38) v=3.78 m/s
[lio] t=1317401149.015 | feat 4178/8160 | map   3637 | icp ok  iter  3 corr  3293 rms 0.0320   13.81 ms | p=(  294.41   131.36   3.40) v=3.72 m/s [KF]
[lio] t=1317401149.119 | feat 4080/8160 | map   3776 | icp ok  iter  4 corr  3305 rms 0.0347   16.99 ms | p=(  294.56   131.03   3.41) v=3.58 m/s
[lio] t=1317401149.223 | feat 4129/8160 | map   3776 | icp ok  iter  4 corr  3304 rms 0.0335   16.51 ms | p=(  294.73   130.69   3.42) v=3.55 m/s
[lio] t=1317401149.326 | feat 4042/8160 | map   3776 | icp ok  iter  4 corr  3240 rms 0.0351   15.44 ms | p=(  294.91   130.36   3.43) v=3.55 m/s [KF]
[lio] t=1317401149.430 | feat 3950/8160 | map   3897 | icp ok  iter  4 corr  3211 rms 0.0311   16.00 ms | p=(  295.10   130.05   3.43) v=3.53 m/s
[lio] t=1317401149.534 | feat 3927/8160 | map   3897 | icp ok  iter  4 corr  3177 rms 0.0293   15.91 ms | p=(  295.31   129.75   3.44) v=3.49 m/s
[lio] t=1317401149.637 | feat 4134/8160 | map   3897 | icp ok  iter  3 corr  3325 rms 0.0320   13.41 ms | p=(  295.50   129.44   3.44) v=3.47 m/s [KF]
[lio] t=1317401149.741 | feat 4127/8160 | map   3991 | icp ok  iter  3 corr  3415 rms 0.0262   11.39 ms | p=(  295.74   129.17   3.45) v=3.49 m/s
[lio] t=1317401149.845 | feat 3894/8160 | map   3991 | icp ok  iter  4 corr  3158 rms 0.0350   17.43 ms | p=(  295.98   128.88   3.45) v=3.60 m/s
[lio] t=1317401149.949 | feat 3984/8160 | map   3991 | icp ok  iter  4 corr  3244 rms 0.0268   16.33 ms | p=(  296.24   128.61   3.45) v=3.67 m/s [KF]
[lio] t=1317401150.053 | feat 4394/8160 | map   4049 | icp ok  iter  3 corr  3660 rms 0.0293   14.24 ms | p=(  296.51   128.34   3.45) v=3.72 m/s
[lio] t=1317401150.156 | feat 4458/8160 | map   4049 | icp ok  iter  4 corr  3678 rms 0.0250   17.01 ms | p=(  296.80   128.07   3.46) v=3.85 m/s
[lio] t=1317401150.260 | feat 4389/8160 | map   4049 | icp ok  iter  4 corr  3500 rms 0.0338   19.77 ms | p=(  297.12   127.81   3.47) v=4.01 m/s [KF]
[lio] t=1317401150.364 | feat 4071/8160 | map   4115 | icp ok  iter  5 corr  3281 rms 0.0288   20.66 ms | p=(  297.47   127.56   3.47) v=4.18 m/s
[lio] t=1317401150.467 | feat 4044/8160 | map   4115 | icp ok  iter  3 corr  3271 rms 0.0281   11.55 ms | p=(  297.83   127.33   3.47) v=4.29 m/s
[lio] t=1317401150.571 | feat 4325/8160 | map   4115 | icp ok  iter  4 corr  3482 rms 0.0281   16.80 ms | p=(  298.23   127.09   3.45) v=4.50 m/s [KF]
[lio] t=1317401150.675 | feat 4272/8160 | map   4160 | icp ok  iter  4 corr  3453 rms 0.0288   17.21 ms | p=(  298.64   126.87   3.46) v=4.66 m/s
[lio] t=1317401150.779 | feat 4196/8160 | map   4160 | icp ok  iter  4 corr  3358 rms 0.0350   18.59 ms | p=(  299.08   126.65   3.47) v=4.86 m/s
[lio] t=1317401150.883 | feat 4338/8160 | map   4160 | icp ok  iter  4 corr  3602 rms 0.0386   20.30 ms | p=(  299.57   126.45   3.49) v=5.14 m/s [KF]
[lio] t=1317401150.986 | feat 4346/8160 | map   4258 | icp ok  iter  5 corr  3605 rms 0.0323   22.90 ms | p=(  300.08   126.28   3.48) v=5.29 m/s
[lio] t=1317401151.090 | feat 4277/8160 | map   4258 | icp ok  iter  4 corr  3605 rms 0.0316   20.80 ms | p=(  300.62   126.11   3.47) v=5.53 m/s [KF]
[lio] t=1317401151.194 | feat 4384/8160 | map   4296 | icp ok  iter  4 corr  3691 rms 0.0363   22.70 ms | p=(  301.18   125.96   3.46) v=5.73 m/s
[lio] t=1317401151.298 | feat 4120/8160 | map   4296 | icp ok  iter  3 corr  3379 rms 0.0382   15.87 ms | p=(  301.79   125.84   3.45) v=6.01 m/s [KF]
[lio] t=1317401151.402 | feat 4202/8160 | map   4342 | icp ok  iter  3 corr  3522 rms 0.0442   16.68 ms | p=(  302.38   125.70   3.45) v=6.05 m/s
[lio] t=1317401151.506 | feat 4533/8160 | map   4342 | icp ok  iter  4 corr  3772 rms 0.0487   22.41 ms | p=(  303.02   125.61   3.45) v=6.28 m/s [KF]
[lio] t=1317401151.610 | feat 3936/8160 | map   4351 | icp ok  iter  4 corr  3342 rms 0.0393   16.52 ms | p=(  303.67   125.52   3.44) v=6.44 m/s
[lio] t=1317401151.714 | feat 4129/8160 | map   4351 | icp ok  iter  3 corr  3597 rms 0.0409   15.35 ms | p=(  304.37   125.48   3.43) v=6.75 m/s [KF]
[lio] t=1317401151.818 | feat 4200/8160 | map   4392 | icp ok  iter  4 corr  3707 rms 0.0369   17.35 ms | p=(  305.05   125.45   3.41) v=6.81 m/s
[lio] t=1317401151.922 | feat 4244/8160 | map   4392 | icp ok  iter  4 corr  3722 rms 0.0396   18.92 ms | p=(  305.78   125.44   3.40) v=7.05 m/s [KF]
[lio] t=1317401152.026 | feat 4246/8160 | map   4391 | icp ok  iter  5 corr  3751 rms 0.0423   25.28 ms | p=(  306.51   125.45   3.39) v=7.20 m/s
[lio] t=1317401152.131 | feat 4158/8160 | map   4391 | icp ok  iter  5 corr  3583 rms 0.0475   24.23 ms | p=(  307.28   125.50   3.39) v=7.49 m/s [KF]
[lio] t=1317401152.235 | feat 3969/8160 | map   4412 | icp ok  iter  3 corr  3492 rms 0.0443   12.26 ms | p=(  308.07   125.55   3.37) v=7.70 m/s
[lio] t=1317401152.339 | feat 4202/8160 | map   4412 | icp ok  iter  4 corr  3678 rms 0.0514   19.27 ms | p=(  308.85   125.63   3.36) v=7.73 m/s [KF]
[lio] t=1317401152.443 | feat 4213/8160 | map   4441 | icp ok  iter  4 corr  3643 rms 0.0462   19.44 ms | p=(  309.67   125.73   3.34) v=7.97 m/s
[lio] t=1317401152.547 | feat 4010/8160 | map   4441 | icp ok  iter  4 corr  3487 rms 0.0431   16.07 ms | p=(  310.48   125.81   3.32) v=8.04 m/s [KF]
[lio] t=1317401152.651 | feat 4161/8160 | map   4496 | icp ok  iter  4 corr  3639 rms 0.0457   18.86 ms | p=(  311.32   125.93   3.30) v=8.26 m/s
[lio] t=1317401152.756 | feat 4183/8160 | map   4496 | icp ok  iter  4 corr  3657 rms 0.0514   18.49 ms | p=(  312.17   126.06   3.27) v=8.41 m/s [KF]
[lio] t=1317401152.860 | feat 4188/8160 | map   4544 | icp ok  iter  4 corr  3622 rms 0.0591   20.06 ms | p=(  313.04   126.21   3.27) v=8.55 m/s
[lio] t=1317401152.964 | feat 4145/8160 | map   4544 | icp ok  iter  4 corr  3416 rms 0.0812   20.16 ms | p=(  313.93   126.36   3.24) v=8.75 m/s [KF]
[lio] t=1317401153.068 | feat 4263/8160 | map   4592 | icp ok  iter  2 corr  3551 rms 0.0443   10.90 ms | p=(  314.86   126.52   3.23) v=8.98 m/s
[lio] t=1317401153.173 | feat 4020/8160 | map   4592 | icp ok  iter  5 corr  3342 rms 0.0453   23.38 ms | p=(  315.88   126.68   3.20) v=9.61 m/s [KF]
[lio] t=1317401153.277 | feat 3895/8160 | map   4625 | icp ok  iter  5 corr  3142 rms 0.0412   22.90 ms | p=(  316.72   126.82   3.17) v=8.79 m/s
[lio] t=1317401153.381 | feat 3950/8160 | map   4625 | icp ok  iter  5 corr  3176 rms 0.0398   21.88 ms | p=(  317.73   126.98   3.16) v=9.50 m/s [KF]
[lio] t=1317401153.485 | feat 3783/8160 | map   4667 | icp ok  iter  4 corr  3035 rms 0.0495   17.63 ms | p=(  318.74   127.12   3.14) v=9.70 m/s [KF]
[lio] t=1317401153.589 | feat 3874/8160 | map   4669 | icp ok  iter  4 corr  3117 rms 0.0409   18.16 ms | p=(  319.77   127.29   3.13) v=9.96 m/s [KF]
[lio] t=1317401153.693 | feat 3966/8160 | map   4684 | icp ok  iter  7 corr  3263 rms 0.0379   29.44 ms | p=(  320.63   127.40   3.10) v=9.02 m/s
[lio] t=1317401153.798 | feat 4090/8160 | map   4684 | icp ok  iter  5 corr  3374 rms 0.0394   21.27 ms | p=(  321.64   127.55   3.09) v=9.55 m/s [KF]
[lio] t=1317401153.902 | feat 4086/8160 | map   4691 | icp ok  iter  5 corr  3208 rms 0.0364   17.56 ms | p=(  322.57   127.66   3.07) v=9.28 m/s
[lio] t=1317401154.006 | feat 4126/8160 | map   4691 | icp ok  iter  6 corr  3118 rms 0.0477   28.38 ms | p=(  323.46   127.77   3.07) v=8.83 m/s [KF]
[lio] t=1317401154.110 | feat 4134/8160 | map   4685 | icp ok  iter  6 corr  3299 rms 0.0388   26.31 ms | p=(  324.46   127.89   3.05) v=9.35 m/s [KF]
[lio] t=1317401154.214 | feat 4124/8160 | map   4684 | icp ok  iter  5 corr  3364 rms 0.0392   24.00 ms | p=(  325.41   128.00   3.03) v=9.23 m/s
[lio] t=1317401154.318 | feat 4012/8160 | map   4684 | icp ok  iter  5 corr  3252 rms 0.0361   22.06 ms | p=(  326.46   128.12   3.00) v=9.83 m/s [KF]
[lio] t=1317401154.422 | feat 3902/8160 | map   4649 | icp ok  iter  6 corr  3154 rms 0.0345   22.03 ms | p=(  327.38   128.22   2.97) v=9.25 m/s
[lio] t=1317401154.526 | feat 4075/8160 | map   4649 | icp ok  iter  6 corr  3207 rms 0.0354   23.40 ms | p=(  328.46   128.34   2.95) v=10.02 m/s [KF]
[lio] t=1317401154.630 | feat 4071/8160 | map   4597 | icp ok  iter  6 corr  3280 rms 0.0330   25.27 ms | p=(  329.34   128.44   2.94) v=9.08 m/s
[lio] t=1317401154.734 | feat 4063/8160 | map   4597 | icp ok  iter  7 corr  3262 rms 0.0405   31.61 ms | p=(  330.38   128.55   2.92) v=9.69 m/s [KF]
[lio] t=1317401154.837 | feat 3860/8160 | map   4592 | icp ok  iter  5 corr  3004 rms 0.0339   21.84 ms | p=(  331.26   128.64   2.89) v=8.97 m/s
[lio] t=1317401154.941 | feat 3786/8160 | map   4592 | icp ok  iter 10 corr  2920 rms 0.0398   40.03 ms | p=(  331.68   128.65   2.90) v=5.95 m/s [KF]
[lio] t=1317401155.045 | feat 4100/8160 | map   4563 | icp ok  iter 12 corr  3305 rms 0.0352   51.79 ms | p=(  332.99   128.81   2.87) v=10.01 m/s [KF]
[lio] t=1317401155.149 | feat 3861/8160 | map   4538 | icp ok  iter 12 corr  3097 rms 0.0298   46.09 ms | p=(  333.93   128.91   2.86) v=9.48 m/s
[lio] t=1317401155.253 | feat 3887/8160 | map   4538 | icp ok  iter 12 corr  3078 rms 0.0329   49.10 ms | p=(  334.82   129.01   2.84) v=8.89 m/s [KF]
[lio] t=1317401155.357 | feat 3865/8160 | map   4489 | icp ok  iter  4 corr  3088 rms 0.0373   16.39 ms | p=(  335.77   129.13   2.83) v=9.08 m/s
[lio] t=1317401155.461 | feat 3907/8160 | map   4489 | icp ok  iter  6 corr  3102 rms 0.0350   23.10 ms | p=(  336.65   129.23   2.80) v=8.70 m/s [KF]
[lio] t=1317401155.565 | feat 3707/8160 | map   4398 | icp ok  iter  5 corr  3009 rms 0.0288   18.73 ms | p=(  337.53   129.33   2.79) v=8.55 m/s
[lio] t=1317401155.668 | feat 3933/8160 | map   4398 | icp ok  iter  4 corr  3155 rms 0.0331   16.86 ms | p=(  338.40   129.44   2.78) v=8.38 m/s [KF]
[lio] t=1317401155.772 | feat 4173/8160 | map   4328 | icp ok  iter  4 corr  3402 rms 0.0416   17.13 ms | p=(  339.29   129.56   2.76) v=8.43 m/s
[lio] t=1317401155.876 | feat 3909/8160 | map   4328 | icp ok  iter 12 corr  2947 rms 0.0338   44.10 ms | p=(  340.14   129.68   2.75) v=8.19 m/s [KF]
[lio] t=1317401155.980 | feat 4055/8160 | map   4253 | icp ok  iter  4 corr  3171 rms 0.0292   15.40 ms | p=(  340.95   129.79   2.72) v=7.88 m/s
[lio] t=1317401156.084 | feat 4170/8160 | map   4253 | icp ok  iter  5 corr  3290 rms 0.0323   19.54 ms | p=(  341.77   129.90   2.72) v=7.76 m/s [KF]
[lio] t=1317401156.188 | feat 4086/8160 | map   4182 | icp ok  iter  3 corr  3293 rms 0.0315   13.63 ms | p=(  342.55   130.01   2.71) v=7.57 m/s
[lio] t=1317401156.292 | feat 3889/8160 | map   4182 | icp ok  iter  4 corr  3052 rms 0.0305   15.41 ms | p=(  343.30   130.12   2.70) v=7.21 m/s [KF]
[lio] t=1317401156.395 | feat 3972/8160 | map   4150 | icp ok  iter  4 corr  3147 rms 0.0299   14.23 ms | p=(  344.04   130.23   2.69) v=7.11 m/s
[lio] t=1317401156.499 | feat 3945/8160 | map   4150 | icp ok  iter  4 corr  3151 rms 0.0299   13.17 ms | p=(  344.74   130.33   2.68) v=6.75 m/s [KF]
[lio] t=1317401156.603 | feat 3775/8160 | map   4145 | icp ok  iter  4 corr  3151 rms 0.0310   15.44 ms | p=(  345.39   130.43   2.67) v=6.37 m/s
[lio] t=1317401156.707 | feat 3662/8160 | map   4145 | icp ok  iter  4 corr  2891 rms 0.0289   14.82 ms | p=(  346.07   130.54   2.66) v=6.37 m/s [KF]
[lio] t=1317401156.811 | feat 3539/8160 | map   4148 | icp ok  iter  5 corr  2878 rms 0.0272   17.70 ms | p=(  346.73   130.66   2.65) v=6.25 m/s
[lio] t=1317401156.914 | feat 3839/8160 | map   4148 | icp ok  iter  3 corr  3062 rms 0.0326   11.79 ms | p=(  347.32   130.77   2.64) v=5.82 m/s [KF]
[lio] t=1317401157.018 | feat 3838/8160 | map   4156 | icp ok  iter  3 corr  3026 rms 0.0272   13.00 ms | p=(  347.90   130.89   2.63) v=5.62 m/s
[lio] t=1317401157.122 | feat 3959/8160 | map   4156 | icp ok  iter  6 corr  3063 rms 0.0293   23.59 ms | p=(  348.43   131.00   2.62) v=5.23 m/s [KF]
[lio] t=1317401157.225 | feat 3870/8160 | map   4161 | icp ok  iter 12 corr  3114 rms 0.0241   45.49 ms | p=(  348.97   131.12   2.61) v=5.20 m/s
[lio] t=1317401157.329 | feat 3830/8160 | map   4161 | icp ok  iter  3 corr  3080 rms 0.0332   11.39 ms | p=(  349.50   131.24   2.61) v=5.17 m/s [KF]
[lio] t=1317401157.433 | feat 3686/8160 | map   4194 | icp ok  iter  4 corr  2986 rms 0.0227   14.43 ms | p=(  350.01   131.38   2.58) v=5.11 m/s
[lio] t=1317401157.537 | feat 3867/8160 | map   4194 | icp ok  iter  4 corr  3083 rms 0.0218   14.43 ms | p=(  350.51   131.51   2.57) v=5.00 m/s [KF]
[lio] t=1317401157.640 | feat 3733/8160 | map   4194 | icp ok  iter  4 corr  3127 rms 0.0248   17.10 ms | p=(  350.99   131.67   2.56) v=4.92 m/s
[lio] t=1317401157.744 | feat 3868/8160 | map   4194 | icp ok  iter  3 corr  3161 rms 0.0252   11.43 ms | p=(  351.50   131.85   2.55) v=5.10 m/s [KF]
[lio] t=1317401157.848 | feat 3847/8160 | map   4166 | icp ok  iter  4 corr  3246 rms 0.0328   15.62 ms | p=(  351.95   132.05   2.55) v=4.87 m/s
[lio] t=1317401157.951 | feat 3754/8160 | map   4166 | icp ok  iter  4 corr  3101 rms 0.0323   15.17 ms | p=(  352.40   132.26   2.54) v=4.80 m/s
[lio] t=1317401158.055 | feat 3925/8160 | map   4166 | icp ok  iter  4 corr  3309 rms 0.0360   16.63 ms | p=(  352.87   132.48   2.53) v=4.90 m/s [KF]
[lio] t=1317401158.159 | feat 3634/8160 | map   4202 | icp ok  iter  4 corr  3012 rms 0.0388   16.12 ms | p=(  353.27   132.72   2.51) v=4.63 m/s
[lio] t=1317401158.262 | feat 3629/8160 | map   4202 | icp ok  iter  3 corr  2989 rms 0.0522   13.61 ms | p=(  353.72   132.97   2.50) v=4.85 m/s
[lio] t=1317401158.366 | feat 3709/8160 | map   4202 | icp ok  iter  5 corr  3032 rms 0.0536   23.54 ms | p=(  354.15   133.21   2.49) v=4.83 m/s [KF]
[lio] t=1317401158.470 | feat 3760/8160 | map   4247 | icp ok  iter  4 corr  3100 rms 0.0297   17.11 ms | p=(  354.56   133.49   2.48) v=4.83 m/s
[lio] t=1317401158.573 | feat 3758/8160 | map   4247 | icp ok  iter  6 corr  3143 rms 0.0425   28.12 ms | p=(  354.86   133.79   2.47) v=4.42 m/s
[lio] t=1317401158.677 | feat 3715/8160 | map   4247 | icp ok  iter  5 corr  3106 rms 0.0326   19.76 ms | p=(  355.39   134.10   2.45) v=5.32 m/s [KF]
[lio] t=1317401158.781 | feat 3692/8160 | map   4279 | icp ok  iter  5 corr  3154 rms 0.0321   22.95 ms | p=(  355.67   134.44   2.43) v=4.74 m/s
[lio] t=1317401158.885 | feat 3674/8160 | map   4279 | icp ok  iter  4 corr  3058 rms 0.0484   16.54 ms | p=(  356.06   134.80   2.41) v=5.04 m/s
[lio] t=1317401158.988 | feat 3642/8160 | map   4279 | icp ok  iter  5 corr  3090 rms 0.0369   19.22 ms | p=(  356.43   135.25   2.38) v=5.45 m/s [KF]
[lio] t=1317401159.092 | feat 3668/8160 | map   4319 | icp ok  iter  4 corr  3092 rms 0.0294   16.82 ms | p=(  356.77   135.66   2.37) v=5.38 m/s
[lio] t=1317401159.196 | feat 3595/8160 | map   4319 | icp ok  iter  4 corr  2981 rms 0.0283   16.14 ms | p=(  357.10   136.08   2.36) v=5.30 m/s [KF]
[lio] t=1317401159.299 | feat 3555/8160 | map   4386 | icp ok  iter  4 corr  3048 rms 0.0293   16.83 ms | p=(  357.40   136.55   2.33) v=5.48 m/s
[lio] t=1317401159.403 | feat 3562/8160 | map   4386 | icp ok  iter  4 corr  3025 rms 0.0411   15.87 ms | p=(  357.75   137.04   2.30) v=5.79 m/s [KF]
[lio] t=1317401159.507 | feat 3498/8160 | map   4455 | icp ok  iter 12 corr  2989 rms 0.0405   55.29 ms | p=(  357.92   137.56   2.29) v=5.51 m/s
[lio] t=1317401159.611 | feat 3497/8160 | map   4455 | icp ok  iter  5 corr  2960 rms 0.0360   20.16 ms | p=(  358.22   138.07   2.26) v=5.76 m/s [KF]
[lio] t=1317401159.714 | feat 3307/8160 | map   4461 | icp ok  iter 12 corr  2879 rms 0.0406   53.96 ms | p=(  358.35   138.62   2.24) v=5.68 m/s
[lio] t=1317401159.818 | feat 3338/8160 | map   4461 | icp ok  iter  4 corr  2844 rms 0.0404   17.26 ms | p=(  358.53   139.19   2.22) v=5.86 m/s [KF]
[lio] t=1317401159.922 | feat 3310/8160 | map   4471 | icp ok  iter  4 corr  2816 rms 0.0338   16.46 ms | p=(  358.69   139.79   2.22) v=6.01 m/s
[lio] t=1317401160.026 | feat 3359/8160 | map   4471 | icp ok  iter  5 corr  2855 rms 0.0405   20.15 ms | p=(  358.73   140.40   2.20) v=6.06 m/s [KF]
[lio] t=1317401160.130 | feat 3299/8160 | map   4481 | icp ok  iter  6 corr  2818 rms 0.0310   22.28 ms | p=(  358.87   141.04   2.20) v=6.32 m/s
[lio] t=1317401160.234 | feat 3123/8160 | map   4481 | icp ok  iter  4 corr  2657 rms 0.0354   13.41 ms | p=(  358.93   141.68   2.18) v=6.38 m/s [KF]
[lio] t=1317401160.338 | feat 3265/8160 | map   4450 | icp ok  iter  4 corr  2846 rms 0.0400   14.39 ms | p=(  358.97   142.35   2.16) v=6.54 m/s
[lio] t=1317401160.442 | feat 3396/8160 | map   4450 | icp ok  iter  5 corr  2872 rms 0.0435   19.68 ms | p=(  359.01   143.04   2.13) v=6.69 m/s [KF]
[lio] t=1317401160.546 | feat 3130/8160 | map   4469 | icp ok  iter  4 corr  2578 rms 0.0437   15.24 ms | p=(  359.06   143.75   2.12) v=6.89 m/s
[lio] t=1317401160.650 | feat 2874/8160 | map   4469 | icp ok  iter  4 corr  2410 rms 0.0405   14.00 ms | p=(  359.04   144.49   2.10) v=7.12 m/s [KF]
[lio] t=1317401160.754 | feat 2817/8160 | map   4437 | icp ok  iter  4 corr  2314 rms 0.0383   13.40 ms | p=(  359.04   145.21   2.09) v=7.13 m/s
[lio] t=1317401160.859 | feat 2956/8160 | map   4437 | icp ok  iter  3 corr  2516 rms 0.0435    9.99 ms | p=(  359.02   145.95   2.08) v=7.19 m/s [KF]
[lio] t=1317401160.963 | feat 2819/8160 | map   4417 | icp ok  iter  4 corr  2433 rms 0.0365   14.34 ms | p=(  358.97   146.70   2.07) v=7.29 m/s
[lio] t=1317401161.067 | feat 2775/8160 | map   4417 | icp ok  iter  4 corr  2467 rms 0.0428   13.95 ms | p=(  358.91   147.47   2.05) v=7.49 m/s [KF]
[lio] t=1317401161.172 | feat 2521/8160 | map   4390 | icp ok  iter  4 corr  2196 rms 0.0305   11.58 ms | p=(  358.86   148.25   2.03) v=7.59 m/s
[lio] t=1317401161.276 | feat 3124/8160 | map   4390 | icp ok  iter  4 corr  2713 rms 0.0325   12.31 ms | p=(  358.79   149.09   2.00) v=7.97 m/s [KF]
[lio] t=1317401161.380 | feat 2904/8160 | map   4352 | icp ok  iter  4 corr  2560 rms 0.0470   12.66 ms | p=(  358.74   149.87   1.98) v=7.82 m/s
[lio] t=1317401161.485 | feat 2511/8160 | map   4352 | icp ok  iter  5 corr  2137 rms 0.0958   12.98 ms | p=(  358.67   150.72   1.97) v=8.09 m/s [KF]
[lio] t=1317401161.589 | feat 2777/8160 | map   4335 | icp ok  iter  4 corr  2371 rms 0.0307   10.43 ms | p=(  358.60   151.55   1.94) v=8.18 m/s
[lio] t=1317401161.693 | feat 2702/8160 | map   4335 | icp ok  iter  3 corr  2266 rms 0.0319    8.08 ms | p=(  358.52   152.41   1.92) v=8.32 m/s [KF]
[lio] t=1317401161.797 | feat 2689/8160 | map   4308 | icp ok  iter  4 corr  2311 rms 0.0348   11.10 ms | p=(  358.44   153.29   1.90) v=8.55 m/s
[lio] t=1317401161.901 | feat 2599/8160 | map   4308 | icp ok  iter  4 corr  2166 rms 0.0383   11.22 ms | p=(  358.38   154.16   1.87) v=8.51 m/s [KF]
[lio] t=1317401162.005 | feat 2481/8160 | map   4267 | icp ok  iter  4 corr  2056 rms 0.0367    9.17 ms | p=(  358.31   155.03   1.85) v=8.52 m/s
[lio] t=1317401162.110 | feat 2439/8160 | map   4267 | icp ok  iter  7 corr  1963 rms 0.0336   16.40 ms | p=(  358.23   155.96   1.83) v=8.95 m/s [KF]
[lio] t=1317401162.214 | feat 2756/8160 | map   4232 | icp ok  iter  5 corr  2291 rms 0.0545   14.00 ms | p=(  358.19   156.86   1.80) v=8.84 m/s
[lio] t=1317401162.318 | feat 2627/8160 | map   4232 | icp ok  iter  5 corr  2014 rms 0.0534   11.84 ms | p=(  358.08   157.81   1.78) v=9.20 m/s [KF]
[lio] t=1317401162.422 | feat 2613/8160 | map   4233 | icp ok  iter 12 corr  2061 rms 0.0374   30.26 ms | p=(  358.01   158.76   1.75) v=9.28 m/s
[lio] t=1317401162.526 | feat 2294/8160 | map   4233 | icp ok  iter 11 corr  1733 rms 0.0324   24.41 ms | p=(  357.96   159.61   1.72) v=8.69 m/s [KF]
[lio] t=1317401162.630 | feat 2334/8160 | map   4232 | icp ok  iter  5 corr  1828 rms 0.0321   11.65 ms | p=(  357.88   160.64   1.70) v=9.56 m/s [KF]
[lio] t=1317401162.734 | feat 2391/8160 | map   4203 | icp ok  iter  4 corr  1884 rms 0.0371    9.57 ms | p=(  357.80   161.66   1.67) v=9.83 m/s [KF]
[lio] t=1317401162.838 | feat 2329/8160 | map   4175 | icp ok  iter  5 corr  1867 rms 0.0317   11.15 ms | p=(  357.72   162.63   1.64) v=9.64 m/s
[lio] t=1317401162.942 | feat 2361/8160 | map   4175 | icp ok  iter  4 corr  1831 rms 0.0354    8.81 ms | p=(  357.63   163.66   1.61) v=9.98 m/s [KF]
[lio] t=1317401163.045 | feat 2596/8160 | map   4127 | icp ok  iter  5 corr  2127 rms 0.0310   12.22 ms | p=(  357.55   164.63   1.58) v=9.73 m/s
[lio] t=1317401163.149 | feat 2610/8160 | map   4127 | icp ok  iter  4 corr  2003 rms 0.0400   10.51 ms | p=(  357.44   165.73   1.55) v=10.35 m/s [KF]
[lio] t=1317401163.253 | feat 2600/8160 | map   4050 | icp ok  iter  5 corr  2142 rms 0.0290   12.55 ms | p=(  357.34   166.78   1.52) v=10.32 m/s [KF]
[lio] t=1317401163.357 | feat 2532/8160 | map   3962 | icp ok  iter  6 corr  1990 rms 0.0281   14.04 ms | p=(  357.24   167.76   1.48) v=9.95 m/s
[lio] t=1317401163.461 | feat 2711/8160 | map   3962 | icp ok  iter  5 corr  2020 rms 0.0391   13.63 ms | p=(  357.10   168.84   1.45) v=10.34 m/s [KF]
[lio] t=1317401163.565 | feat 2585/8160 | map   3923 | icp ok  iter  4 corr  2003 rms 0.0319    8.72 ms | p=(  356.98   169.90   1.42) v=10.37 m/s [KF]
[lio] t=1317401163.669 | feat 2810/8160 | map   3841 | icp ok  iter  5 corr  2276 rms 0.0408   14.16 ms | p=(  356.85   170.95   1.38) v=10.30 m/s [KF]
[lio] t=1317401163.773 | feat 2687/8160 | map   3770 | icp ok  iter  3 corr  2042 rms 0.0408    8.06 ms | p=(  356.70   172.01   1.36) v=10.27 m/s [KF]
[lio] t=1317401163.876 | feat 2732/8160 | map   3677 | icp ok  iter  4 corr  2214 rms 0.0379   11.62 ms | p=(  356.55   173.06   1.32) v=10.26 m/s [KF]
[lio] t=1317401163.980 | feat 3103/8160 | map   3549 | icp ok  iter  3 corr  2621 rms 0.0352    9.84 ms | p=(  356.38   174.14   1.29) v=10.47 m/s [KF]
[lio] t=1317401164.084 | feat 3123/8160 | map   3443 | icp ok  iter  5 corr  2478 rms 0.0406   15.16 ms | p=(  356.22   175.20   1.27) v=10.37 m/s [KF]
[lio] t=1317401164.188 | feat 2916/8160 | map   3350 | icp ok  iter  3 corr  2266 rms 0.0384    8.89 ms | p=(  356.04   176.26   1.25) v=10.39 m/s [KF]
[lio] t=1317401164.292 | feat 2811/8160 | map   3244 | icp ok  iter  4 corr  2176 rms 0.0374    9.87 ms | p=(  355.87   177.32   1.23) v=10.34 m/s [KF]
[lio] t=1317401164.396 | feat 2612/8160 | map   3122 | icp ok  iter  4 corr  2108 rms 0.0361   10.72 ms | p=(  355.65   178.36   1.20) v=10.30 m/s [KF]
[lio] t=1317401164.500 | feat 2646/8160 | map   3012 | icp ok  iter  5 corr  2090 rms 0.0332   11.51 ms | p=(  355.45   179.42   1.18) v=10.33 m/s [KF]
[lio] t=1317401164.603 | feat 2674/8160 | map   2883 | icp ok  iter  4 corr  2208 rms 0.0374   11.74 ms | p=(  355.24   180.46   1.16) v=10.30 m/s [KF]
[lio] t=1317401164.707 | feat 2504/8160 | map   2761 | icp ok  iter  4 corr  2108 rms 0.0353    7.41 ms | p=(  355.05   181.50   1.14) v=10.17 m/s [KF]
[lio] t=1317401164.811 | feat 2302/8160 | map   2676 | icp ok  iter  5 corr  1945 rms 0.0405   11.69 ms | p=(  354.82   182.51   1.12) v=9.95 m/s [KF]
[lio] t=1317401164.915 | feat 2106/8160 | map   2593 | icp ok  iter  3 corr  1711 rms 0.0377    6.47 ms | p=(  354.61   183.51   1.10) v=9.83 m/s [KF]
[lio] t=1317401165.019 | feat 2544/8160 | map   2507 | icp ok  iter 12 corr  2167 rms 0.0761   33.40 ms | p=(  354.40   184.51   1.07) v=9.73 m/s [KF]
[lio] t=1317401165.123 | feat 2537/8160 | map   2447 | icp ok  iter  4 corr  2211 rms 0.0482   11.13 ms | p=(  354.20   185.48   1.05) v=9.53 m/s
[lio] t=1317401165.227 | feat 1923/8160 | map   2447 | icp ok  iter  4 corr  1650 rms 0.0441    7.65 ms | p=(  354.00   186.43   1.02) v=9.31 m/s [KF]
[lio] t=1317401165.331 | feat 2051/8160 | map   2417 | icp ok  iter  3 corr  1764 rms 0.0484    7.69 ms | p=(  353.79   187.40   1.02) v=9.30 m/s
[lio] t=1317401165.435 | feat 1909/8160 | map   2417 | icp ok  iter  4 corr  1692 rms 0.0383    8.34 ms | p=(  353.59   188.30   1.00) v=8.89 m/s [KF]
[lio] t=1317401165.539 | feat 1773/8160 | map   2359 | icp ok  iter  5 corr  1547 rms 0.0366    8.55 ms | p=(  353.41   189.19   0.98) v=8.67 m/s
[lio] t=1317401165.643 | feat 2084/8160 | map   2359 | icp ok  iter  4 corr  1827 rms 0.0477    9.68 ms | p=(  353.22   190.06   0.95) v=8.47 m/s [KF]
[lio] t=1317401165.747 | feat 1954/8160 | map   2317 | icp ok  iter  4 corr  1773 rms 0.0532    8.97 ms | p=(  353.04   190.91   0.93) v=8.29 m/s
[lio] t=1317401165.851 | feat 2005/8160 | map   2317 | icp ok  iter  4 corr  1703 rms 0.0484    8.72 ms | p=(  352.85   191.74   0.91) v=8.16 m/s [KF]
[lio] t=1317401165.955 | feat 1943/8160 | map   2308 | icp ok  iter  4 corr  1586 rms 0.0463    7.85 ms | p=(  352.69   192.57   0.89) v=8.12 m/s
[lio] t=1317401166.059 | feat 2211/8160 | map   2308 | icp ok  iter  4 corr  1812 rms 0.0463    8.68 ms | p=(  352.50   193.39   0.87) v=8.10 m/s [KF]
[lio] t=1317401166.163 | feat 1967/8160 | map   2312 | icp ok  iter  4 corr  1600 rms 0.0364    8.20 ms | p=(  352.35   194.23   0.84) v=8.19 m/s
[lio] t=1317401166.267 | feat 2091/8160 | map   2312 | icp ok  iter 12 corr  1677 rms 0.0369   24.16 ms | p=(  352.15   195.05   0.82) v=8.12 m/s [KF]
[lio] t=1317401166.371 | feat 2016/8160 | map   2310 | icp ok  iter  4 corr  1535 rms 0.0340    6.89 ms | p=(  352.03   195.89   0.79) v=8.13 m/s
[lio] t=1317401166.475 | feat 2231/8160 | map   2310 | icp ok  iter  5 corr  1765 rms 0.0681   12.32 ms | p=(  351.89   196.69   0.77) v=7.96 m/s [KF]
[lio] t=1317401166.579 | feat 2291/8160 | map   2315 | icp ok  iter 12 corr  1845 rms 0.0554   30.37 ms | p=(  351.70   197.50   0.76) v=7.99 m/s
[lio] t=1317401166.683 | feat 2089/8160 | map   2315 | icp ok  iter  4 corr  1674 rms 0.0545    8.14 ms | p=(  351.58   198.33   0.72) v=8.02 m/s [KF]
[lio] t=1317401166.787 | feat 1949/8160 | map   2332 | icp ok  iter  4 corr  1465 rms 0.0719    7.33 ms | p=(  351.43   199.17   0.70) v=8.13 m/s
[lio] t=1317401166.891 | feat 2175/8160 | map   2332 | icp ok  iter  6 corr  1670 rms 0.0475   11.66 ms | p=(  351.29   199.99   0.67) v=8.06 m/s [KF]
[lio] t=1317401166.995 | feat 2130/8160 | map   2351 | icp ok  iter  3 corr  1755 rms 0.0557    7.06 ms | p=(  351.15   200.81   0.65) v=8.07 m/s
[lio] t=1317401167.099 | feat 2008/8160 | map   2351 | icp ok  iter  4 corr  1583 rms 0.0322    7.83 ms | p=(  351.02   201.60   0.64) v=7.81 m/s [KF]
[lio] t=1317401167.203 | feat 2195/8160 | map   2362 | icp ok  iter  4 corr  1909 rms 0.0384    8.94 ms | p=(  350.89   202.41   0.61) v=7.87 m/s
[lio] t=1317401167.307 | feat 2202/8160 | map   2362 | icp ok  iter  4 corr  1881 rms 0.0606    9.93 ms | p=(  350.76   203.22   0.58) v=7.90 m/s [KF]
[lio] t=1317401167.411 | feat 2331/8160 | map   2386 | icp ok  iter  6 corr  2120 rms 0.0411   14.99 ms | p=(  350.65   204.00   0.56) v=7.74 m/s
[lio] t=1317401167.515 | feat 2196/8160 | map   2386 | icp ok  iter  4 corr  1902 rms 0.0491    9.41 ms | p=(  350.52   204.88   0.52) v=8.29 m/s [KF]
[lio] t=1317401167.619 | feat 2092/8160 | map   2389 | icp ok  iter  6 corr  1715 rms 0.0533   13.15 ms | p=(  350.39   205.69   0.50) v=8.12 m/s
[lio] t=1317401167.723 | feat 2023/8160 | map   2389 | icp ok  iter  5 corr  1554 rms 0.0626    9.97 ms | p=(  350.29   206.50   0.46) v=7.99 m/s [KF]
[lio] t=1317401167.827 | feat 1765/8160 | map   2430 | icp ok  iter  4 corr  1390 rms 0.0374    7.10 ms | p=(  350.20   207.24   0.43) v=7.57 m/s
[lio] t=1317401167.931 | feat 1810/8160 | map   2430 | icp ok  iter  6 corr  1374 rms 0.0700   10.80 ms | p=(  350.05   208.21   0.40) v=8.73 m/s [KF]
[lio] t=1317401168.035 | feat 1995/8160 | map   2469 | icp ok  iter  5 corr  1612 rms 0.0442    9.47 ms | p=(  349.96   208.99   0.38) v=8.06 m/s
[lio] t=1317401168.139 | feat 1903/8160 | map   2469 | icp ok  iter  4 corr  1409 rms 0.0502    6.34 ms | p=(  349.83   209.90   0.35) v=8.58 m/s [KF]
[lio] t=1317401168.243 | feat 2145/8160 | map   2547 | icp ok  iter  4 corr  1759 rms 0.0327    7.93 ms | p=(  349.71   210.71   0.31) v=8.16 m/s
[lio] t=1317401168.347 | feat 2243/8160 | map   2547 | icp ok  iter 12 corr  1774 rms 0.0512   26.86 ms | p=(  349.60   211.56   0.29) v=8.20 m/s [KF]
[lio] t=1317401168.451 | feat 2208/8160 | map   2584 | icp ok  iter  4 corr  1626 rms 0.0385    7.14 ms | p=(  349.48   212.37   0.26) v=8.04 m/s
[lio] t=1317401168.555 | feat 2179/8160 | map   2584 | icp ok  iter  6 corr  1461 rms 0.0484   11.41 ms | p=(  349.34   213.29   0.22) v=8.62 m/s [KF]
[lio] t=1317401168.659 | feat 2051/8160 | map   2599 | icp ok  iter  5 corr  1336 rms 0.0314    8.20 ms | p=(  349.23   214.01   0.19) v=7.65 m/s
[lio] t=1317401168.763 | feat 2189/8160 | map   2599 | icp ok  iter  4 corr  1455 rms 0.0898    8.55 ms | p=(  349.12   214.88   0.16) v=8.13 m/s [KF]
[lio] t=1317401168.867 | feat 2279/8160 | map   2598 | icp ok  iter  4 corr  1552 rms 0.0381    7.14 ms | p=(  348.99   215.67   0.13) v=7.92 m/s
[lio] t=1317401168.971 | feat 2696/8160 | map   2598 | icp ok  iter  5 corr  1966 rms 0.1039   11.56 ms | p=(  348.89   216.49   0.09) v=7.99 m/s [KF]
[lio] t=1317401169.075 | feat 2887/8160 | map   2631 | icp ok  iter  4 corr  2135 rms 0.0514   10.75 ms | p=(  348.75   217.33   0.07) v=8.16 m/s
[lio] t=1317401169.179 | feat 2989/8160 | map   2631 | icp ok  iter  4 corr  2338 rms 0.0530   11.12 ms | p=(  348.61   218.19   0.03) v=8.32 m/s [KF]
[lio] t=1317401169.283 | feat 2746/8160 | map   2691 | icp ok  iter  4 corr  2133 rms 0.0364    8.73 ms | p=(  348.48   219.01   0.00) v=8.19 m/s
[lio] t=1317401169.387 | feat 2773/8160 | map   2691 | icp ok  iter 12 corr  2100 rms 0.0618   37.97 ms | p=(  348.35   219.82  -0.03) v=8.11 m/s [KF]
[lio] t=1317401169.491 | feat 2863/8160 | map   2711 | icp ok  iter  4 corr  2287 rms 0.0631   12.72 ms | p=(  348.22   220.63  -0.06) v=8.02 m/s
[lio] t=1317401169.595 | feat 2739/8160 | map   2711 | icp ok  iter 12 corr  2127 rms 0.0363   37.18 ms | p=(  348.08   221.60  -0.09) v=8.95 m/s [KF]
[lio] t=1317401169.699 | feat 2703/8160 | map   2735 | icp ok  iter  3 corr  2151 rms 0.0505    8.00 ms | p=(  347.94   222.49  -0.14) v=8.91 m/s
[lio] t=1317401169.803 | feat 2489/8160 | map   2735 | icp ok  iter  3 corr  1926 rms 0.0343    8.63 ms | p=(  347.80   223.36  -0.17) v=8.70 m/s [KF]
[lio] t=1317401169.906 | feat 2623/8160 | map   2717 | icp ok  iter  5 corr  2034 rms 0.0363   12.96 ms | p=(  347.66   224.22  -0.21) v=8.58 m/s
[lio] t=1317401170.010 | feat 2865/8160 | map   2717 | icp ok  iter  5 corr  2081 rms 0.0587   13.27 ms | p=(  347.51   225.15  -0.25) v=8.95 m/s [KF]
[lio] t=1317401170.114 | feat 2804/8160 | map   2715 | icp ok  iter  4 corr  2051 rms 0.0353    9.41 ms | p=(  347.38   226.02  -0.28) v=8.74 m/s
[lio] t=1317401170.218 | feat 2833/8160 | map   2715 | icp ok  iter  3 corr  2145 rms 0.0391    7.31 ms | p=(  347.24   226.94  -0.32) v=8.99 m/s [KF]
[lio] t=1317401170.322 | feat 2764/8160 | map   2706 | icp ok  iter  5 corr  2086 rms 0.0365   13.26 ms | p=(  347.10   227.83  -0.35) v=8.84 m/s
[lio] t=1317401170.426 | feat 2742/8160 | map   2706 | icp ok  iter  4 corr  2084 rms 0.0391   10.38 ms | p=(  346.93   228.85  -0.40) v=9.59 m/s [KF]
[lio] t=1317401170.530 | feat 2716/8160 | map   2686 | icp ok  iter  4 corr  2156 rms 0.0363   10.96 ms | p=(  346.79   229.77  -0.43) v=9.28 m/s
[lio] t=1317401170.634 | feat 2645/8160 | map   2686 | icp ok  iter  4 corr  1975 rms 0.0361   10.20 ms | p=(  346.65   230.66  -0.47) v=8.95 m/s [KF]
[lio] t=1317401170.738 | feat 2668/8160 | map   2697 | icp ok  iter  4 corr  2057 rms 0.0543   10.40 ms | p=(  346.50   231.61  -0.50) v=9.22 m/s
[lio] t=1317401170.842 | feat 2541/8160 | map   2697 | icp ok  iter  4 corr  1863 rms 0.0334    9.40 ms | p=(  346.35   232.54  -0.53) v=9.12 m/s [KF]
[lio] t=1317401170.946 | feat 2513/8160 | map   2698 | icp ok  iter  4 corr  1893 rms 0.0445    8.79 ms | p=(  346.21   233.50  -0.57) v=9.29 m/s
[lio] t=1317401171.050 | feat 2491/8160 | map   2698 | icp ok  iter  3 corr  1863 rms 0.0402    7.25 ms | p=(  346.06   234.44  -0.59) v=9.28 m/s [KF]
[lio] t=1317401171.154 | feat 2428/8160 | map   2674 | icp ok  iter  3 corr  1964 rms 0.0333    6.63 ms | p=(  345.91   235.40  -0.62) v=9.35 m/s
[lio] t=1317401171.258 | feat 2397/8160 | map   2674 | icp ok  iter  5 corr  1923 rms 0.0333    9.89 ms | p=(  345.77   236.33  -0.65) v=9.18 m/s [KF]
[lio] t=1317401171.362 | feat 2488/8160 | map   2654 | icp ok  iter  5 corr  2090 rms 0.0322   11.52 ms | p=(  345.62   237.28  -0.68) v=9.23 m/s
[lio] t=1317401171.466 | feat 2467/8160 | map   2654 | icp ok  iter  4 corr  2040 rms 0.0350    9.46 ms | p=(  345.47   238.24  -0.71) v=9.33 m/s [KF]
[lio] t=1317401171.569 | feat 2597/8160 | map   2659 | icp ok  iter  4 corr  2231 rms 0.0368   10.01 ms | p=(  345.33   239.17  -0.74) v=9.22 m/s
[lio] t=1317401171.673 | feat 2242/8160 | map   2659 | icp ok  iter  3 corr  1795 rms 0.0388    7.14 ms | p=(  345.19   240.11  -0.77) v=9.15 m/s [KF]
[lio] t=1317401171.777 | feat 2159/8160 | map   2611 | icp ok  iter  4 corr  1844 rms 0.0332    8.24 ms | p=(  345.07   241.04  -0.81) v=9.09 m/s
[lio] t=1317401171.881 | feat 2312/8160 | map   2611 | icp ok  iter  5 corr  1903 rms 0.0380   10.08 ms | p=(  344.93   241.99  -0.83) v=9.15 m/s [KF]
[lio] t=1317401171.985 | feat 2442/8160 | map   2598 | icp ok  iter  4 corr  2057 rms 0.0940    9.90 ms | p=(  344.80   242.90  -0.87) v=9.02 m/s
[lio] t=1317401172.089 | feat 2431/8160 | map   2598 | icp ok  iter  4 corr  2013 rms 0.1234   10.60 ms | p=(  344.67   243.82  -0.91) v=8.95 m/s [KF]
[lio] t=1317401172.193 | feat 2268/8160 | map   2596 | icp ok  iter  3 corr  1914 rms 0.0480    8.28 ms | p=(  344.55   244.71  -0.94) v=8.78 m/s
[lio] t=1317401172.297 | feat 2330/8160 | map   2596 | icp ok  iter  7 corr  1877 rms 0.0618   15.49 ms | p=(  344.42   245.66  -0.97) v=9.06 m/s [KF]
[lio] t=1317401172.401 | feat 2202/8160 | map   2610 | icp ok  iter  5 corr  1810 rms 0.0352    9.49 ms | p=(  344.29   246.55  -0.99) v=8.79 m/s
[lio] t=1317401172.505 | feat 2329/8160 | map   2610 | icp ok  iter  5 corr  1923 rms 0.0382   10.87 ms | p=(  344.16   247.46  -1.02) v=8.87 m/s [KF]
[lio] t=1317401172.609 | feat 2155/8160 | map   2572 | icp ok  iter  5 corr  1764 rms 0.0431   10.82 ms | p=(  344.04   248.34  -1.07) v=8.66 m/s
[lio] t=1317401172.713 | feat 2382/8160 | map   2572 | icp ok  iter  3 corr  1968 rms 0.0335    8.77 ms | p=(  343.91   249.23  -1.09) v=8.69 m/s [KF]
[lio] t=1317401172.817 | feat 2431/8160 | map   2579 | icp ok  iter  5 corr  2016 rms 0.0616   13.47 ms | p=(  343.78   250.15  -1.13) v=8.86 m/s
[lio] t=1317401172.921 | feat 2552/8160 | map   2579 | icp ok  iter  6 corr  2111 rms 0.0553   15.29 ms | p=(  343.66   251.05  -1.16) v=8.76 m/s [KF]
[lio] t=1317401173.024 | feat 2577/8160 | map   2575 | icp ok  iter  6 corr  2105 rms 0.0385   19.11 ms | p=(  343.50   252.06  -1.20) v=9.40 m/s [KF]
[lio] t=1317401173.128 | feat 2601/8160 | map   2556 | icp ok  iter  5 corr  2078 rms 0.0327   11.56 ms | p=(  343.40   252.84  -1.23) v=8.29 m/s
[lio] t=1317401173.232 | feat 2759/8160 | map   2556 | icp ok  iter  5 corr  2051 rms 0.0387   11.82 ms | p=(  343.29   253.65  -1.26) v=7.97 m/s [KF]
[lio] t=1317401173.336 | feat 2860/8160 | map   2586 | icp ok  iter  5 corr  2329 rms 0.0519   13.26 ms | p=(  343.16   254.61  -1.30) v=8.77 m/s
[lio] t=1317401173.440 | feat 2685/8160 | map   2586 | icp ok  iter  7 corr  2217 rms 0.0523   21.78 ms | p=(  343.07   255.23  -1.32) v=7.06 m/s [KF]
[lio] t=1317401173.544 | feat 2705/8160 | map   2613 | icp ok  iter  5 corr  2192 rms 0.0487   14.10 ms | p=(  342.91   256.28  -1.36) v=8.98 m/s [KF]
[lio] t=1317401173.648 | feat 2649/8160 | map   2617 | icp ok  iter 12 corr  2235 rms 0.0831   40.57 ms | p=(  342.74   257.43  -1.40) v=10.34 m/s [KF]
[lio] t=1317401173.752 | feat 2424/8160 | map   2650 | icp ok  iter  6 corr  1911 rms 0.0559   15.94 ms | p=(  342.67   258.11  -1.43) v=8.07 m/s
[lio] t=1317401173.856 | feat 2337/8160 | map   2650 | icp ok  iter  4 corr  1806 rms 0.0530    9.56 ms | p=(  342.54   259.02  -1.46) v=8.53 m/s [KF]
[lio] t=1317401173.960 | feat 2566/8160 | map   2669 | icp ok  iter  5 corr  2003 rms 0.0414   12.54 ms | p=(  342.44   259.80  -1.50) v=7.98 m/s
[lio] t=1317401174.064 | feat 2556/8160 | map   2669 | icp ok  iter  4 corr  1901 rms 0.0433    9.08 ms | p=(  342.32   260.64  -1.53) v=8.10 m/s [KF]
[lio] t=1317401174.168 | feat 2349/8160 | map   2710 | icp ok  iter 12 corr  1772 rms 0.0574   26.26 ms | p=(  342.19   261.50  -1.57) v=8.29 m/s
[lio] t=1317401174.272 | feat 2561/8160 | map   2710 | icp ok  iter 11 corr  1906 rms 0.1065   29.60 ms | p=(  342.12   262.17  -1.61) v=7.17 m/s [KF]
[lio] t=1317401174.376 | feat 2415/8160 | map   2727 | icp ok  iter  5 corr  1753 rms 0.0354   10.62 ms | p=(  342.00   262.94  -1.64) v=7.41 m/s
[lio] t=1317401174.480 | feat 2681/8160 | map   2727 | icp ok  iter  4 corr  2007 rms 0.0482   11.02 ms | p=(  341.87   263.85  -1.68) v=8.30 m/s [KF]
[lio] t=1317401174.584 | feat 2801/8160 | map   2759 | icp ok  iter  5 corr  2138 rms 0.0327   11.23 ms | p=(  341.73   264.72  -1.72) v=8.43 m/s
[lio] t=1317401174.688 | feat 2559/8160 | map   2759 | icp ok  iter 12 corr  1908 rms 0.0513   29.63 ms | p=(  341.63   265.49  -1.75) v=7.90 m/s [KF]
[lio] t=1317401174.792 | feat 2513/8160 | map   2821 | icp ok  iter  4 corr  1972 rms 0.0370   10.96 ms | p=(  341.50   266.32  -1.79) v=8.06 m/s
[lio] t=1317401174.896 | feat 2544/8160 | map   2821 | icp ok  iter  5 corr  1897 rms 0.0532   11.58 ms | p=(  341.35   267.21  -1.83) v=8.49 m/s [KF]
[lio] t=1317401175.000 | feat 2673/8160 | map   2866 | icp ok  iter  5 corr  2028 rms 0.0409   12.47 ms | p=(  341.22   268.01  -1.88) v=8.15 m/s
[lio] t=1317401175.104 | feat 2655/8160 | map   2866 | icp ok  iter  9 corr  2040 rms 0.0526   25.50 ms | p=(  341.06   269.15  -1.92) v=9.98 m/s [KF]
[lio] t=1317401175.208 | feat 2861/8160 | map   2902 | icp ok  iter 12 corr  2223 rms 0.0495   34.07 ms | p=(  340.97   269.63  -1.95) v=6.84 m/s
[lio] t=1317401175.312 | feat 2749/8160 | map   2902 | icp ok  iter  6 corr  2088 rms 0.0542   16.03 ms | p=(  340.78   270.81  -2.00) v=9.74 m/s [KF]
[lio] t=1317401175.416 | feat 2704/8160 | map   2906 | icp ok  iter  5 corr  2069 rms 0.0423   12.99 ms | p=(  340.68   271.39  -2.03) v=7.32 m/s
[lio] t=1317401175.520 | feat 2715/8160 | map   2906 | icp ok  iter  7 corr  2085 rms 0.0449   19.85 ms | p=(  340.54   272.20  -2.07) v=7.77 m/s [KF]
[lio] t=1317401175.624 | feat 2666/8160 | map   2922 | icp ok  iter  4 corr  2032 rms 0.0419    9.80 ms | p=(  340.40   273.07  -2.10) v=8.27 m/s
[lio] t=1317401175.728 | feat 2523/8160 | map   2922 | icp ok  iter  5 corr  1862 rms 0.0567   11.16 ms | p=(  340.25   273.93  -2.14) v=8.38 m/s [KF]
[lio] t=1317401175.832 | feat 2354/8160 | map   2912 | icp ok  iter  7 corr  1702 rms 0.0447   17.74 ms | p=(  340.13   274.69  -2.18) v=7.87 m/s
[lio] t=1317401175.935 | feat 2456/8160 | map   2912 | icp ok  iter  5 corr  1760 rms 0.0595   12.53 ms | p=(  339.95   275.70  -2.22) v=9.12 m/s [KF]
[lio] t=1317401176.039 | feat 2476/8160 | map   2933 | icp ok  iter  6 corr  1816 rms 0.0351   13.66 ms | p=(  339.81   276.55  -2.26) v=8.67 m/s
[lio] t=1317401176.143 | feat 2646/8160 | map   2933 | icp ok  iter  4 corr  1967 rms 0.0404   10.17 ms | p=(  339.66   277.43  -2.31) v=8.67 m/s [KF]
[lio] t=1317401176.247 | feat 2718/8160 | map   2937 | icp ok  iter  5 corr  1975 rms 0.0344   12.37 ms | p=(  339.51   278.28  -2.35) v=8.50 m/s
[lio] t=1317401176.351 | feat 2535/8160 | map   2937 | icp ok  iter  2 corr  1697 rms 0.0361    5.06 ms | p=(  339.36   279.16  -2.39) v=8.56 m/s [KF]
[lio] t=1317401176.455 | feat 2839/8160 | map   2936 | icp ok  iter  4 corr  1987 rms 0.0340    9.04 ms | p=(  339.21   280.02  -2.43) v=8.50 m/s
[lio] t=1317401176.559 | feat 2614/8160 | map   2936 | icp ok  iter  5 corr  1822 rms 0.0377    9.93 ms | p=(  339.07   280.84  -2.47) v=8.21 m/s [KF]
[lio] t=1317401176.663 | feat 2850/8160 | map   2935 | icp ok  iter 12 corr  2132 rms 0.0473   31.73 ms | p=(  338.92   281.72  -2.51) v=8.46 m/s
[lio] t=1317401176.767 | feat 2902/8160 | map   2935 | icp ok  iter  5 corr  2098 rms 0.0512   13.62 ms | p=(  338.77   282.60  -2.55) v=8.58 m/s [KF]
[lio] t=1317401176.871 | feat 3139/8160 | map   2935 | icp ok  iter  5 corr  2266 rms 0.0350   13.86 ms | p=(  338.62   283.49  -2.59) v=8.66 m/s
[lio] t=1317401176.975 | feat 2878/8160 | map   2935 | icp ok  iter  4 corr  1861 rms 0.0281    9.52 ms | p=(  338.45   284.39  -2.64) v=8.76 m/s [KF]
[lio] t=1317401177.079 | feat 3133/8160 | map   2920 | icp ok  iter  6 corr  2230 rms 0.0382   18.95 ms | p=(  338.30   285.20  -2.68) v=8.26 m/s
[lio] t=1317401177.183 | feat 3188/8160 | map   2920 | icp ok  iter  3 corr  2380 rms 0.0385   10.25 ms | p=(  338.15   286.06  -2.72) v=8.34 m/s [KF]
[lio] t=1317401177.287 | feat 3247/8160 | map   2947 | icp ok  iter  4 corr  2423 rms 0.0362   11.00 ms | p=(  338.00   286.91  -2.77) v=8.31 m/s
[lio] t=1317401177.391 | feat 3487/8160 | map   2947 | icp ok  iter  6 corr  2577 rms 0.0501   19.23 ms | p=(  337.88   287.71  -2.80) v=8.00 m/s [KF]
[lio] t=1317401177.495 | feat 3757/8160 | map   3002 | icp ok  iter  5 corr  2850 rms 0.0405   18.37 ms | p=(  337.72   288.60  -2.85) v=8.42 m/s
[lio] t=1317401177.599 | feat 3578/8160 | map   3002 | icp ok  iter  4 corr  2650 rms 0.0538   15.74 ms | p=(  337.56   289.51  -2.89) v=8.64 m/s [KF]
[lio] t=1317401177.702 | feat 3520/8160 | map   3050 | icp ok  iter  5 corr  2644 rms 0.0561   18.26 ms | p=(  337.46   290.28  -2.92) v=7.90 m/s
[lio] t=1317401177.806 | feat 3393/8160 | map   3050 | icp ok  iter  4 corr  2557 rms 0.0379   13.42 ms | p=(  337.34   291.05  -2.96) v=7.59 m/s [KF]
[lio] t=1317401177.910 | feat 3180/8160 | map   3074 | icp ok  iter  3 corr  2442 rms 0.0316    8.54 ms | p=(  337.22   291.85  -2.99) v=7.65 m/s
[lio] t=1317401178.014 | feat 3461/8160 | map   3074 | icp ok  iter  6 corr  2623 rms 0.0394   19.96 ms | p=(  337.11   292.64  -3.04) v=7.63 m/s [KF]
[lio] t=1317401178.118 | feat 3441/8160 | map   3130 | icp ok  iter 12 corr  2601 rms 0.0349   40.13 ms | p=(  337.01   293.38  -3.06) v=7.28 m/s
[lio] t=1317401178.222 | feat 3507/8160 | map   3130 | icp ok  iter  5 corr  2781 rms 0.0416   17.86 ms | p=(  336.92   294.12  -3.09) v=7.13 m/s [KF]
[lio] t=1317401178.326 | feat 3419/8160 | map   3184 | icp ok  iter  3 corr  2678 rms 0.0340   11.84 ms | p=(  336.83   294.83  -3.13) v=6.89 m/s
[lio] t=1317401178.430 | feat 3660/8160 | map   3184 | icp ok  iter  4 corr  2782 rms 0.0353   12.45 ms | p=(  336.75   295.53  -3.16) v=6.68 m/s [KF]
[lio] t=1317401178.535 | feat 3645/8160 | map   3278 | icp ok  iter  3 corr  2892 rms 0.0310   10.04 ms | p=(  336.69   296.21  -3.19) v=6.52 m/s
[lio] t=1317401178.639 | feat 3524/8160 | map   3278 | icp ok  iter  6 corr  2653 rms 0.0310   17.41 ms | p=(  336.65   296.88  -3.22) v=6.33 m/s [KF]
[lio] t=1317401178.743 | feat 3597/8160 | map   3350 | icp ok  iter  7 corr  2754 rms 0.0328   25.16 ms | p=(  336.61   297.50  -3.24) v=6.02 m/s
[lio] t=1317401178.847 | feat 3703/8160 | map   3350 | icp ok  iter  5 corr  2909 rms 0.0457   17.26 ms | p=(  336.60   298.12  -3.27) v=5.82 m/s [KF]
[lio] t=1317401178.951 | feat 3811/8160 | map   3396 | icp ok  iter  3 corr  3055 rms 0.0330   11.85 ms | p=(  336.58   298.71  -3.30) v=5.67 m/s
[lio] t=1317401179.055 | feat 3742/8160 | map   3396 | icp ok  iter  5 corr  2925 rms 0.0463   20.02 ms | p=(  336.57   299.28  -3.32) v=5.46 m/s [KF]
[lio] t=1317401179.159 | feat 3944/8160 | map   3487 | icp ok  iter  4 corr  3116 rms 0.0280   16.08 ms | p=(  336.60   299.82  -3.34) v=5.25 m/s
[lio] t=1317401179.263 | feat 4078/8160 | map   3487 | icp ok  iter  3 corr  3186 rms 0.0356   13.91 ms | p=(  336.61   300.36  -3.36) v=5.14 m/s [KF]
[lio] t=1317401179.368 | feat 4099/8160 | map   3586 | icp ok  iter  5 corr  3381 rms 0.0272   19.35 ms | p=(  336.64   300.89  -3.39) v=5.04 m/s
[lio] t=1317401179.472 | feat 4166/8160 | map   3586 | icp ok  iter  4 corr  3347 rms 0.0355   17.48 ms | p=(  336.70   301.38  -3.43) v=4.77 m/s [KF]
[lio] t=1317401179.576 | feat 4137/8160 | map   3714 | icp ok  iter  4 corr  3416 rms 0.0279   17.67 ms | p=(  336.73   301.86  -3.45) v=4.64 m/s
[lio] t=1317401179.680 | feat 4140/8160 | map   3714 | icp ok  iter  5 corr  3476 rms 0.0308   20.10 ms | p=(  336.83   302.35  -3.48) v=4.72 m/s
[lio] t=1317401179.784 | feat 4106/8160 | map   3714 | icp ok  iter  6 corr  3481 rms 0.0315   26.17 ms | p=(  336.92   302.82  -3.51) v=4.65 m/s [KF]
[lio] t=1317401179.889 | feat 4284/8160 | map   3833 | icp ok  iter  4 corr  3697 rms 0.0628   19.68 ms | p=(  337.03   303.28  -3.52) v=4.63 m/s
[lio] t=1317401179.993 | feat 4227/8160 | map   3833 | icp ok  iter  5 corr  3694 rms 0.1030   23.53 ms | p=(  337.15   303.75  -3.55) v=4.61 m/s
[lio] t=1317401180.097 | feat 3984/8160 | map   3833 | icp ok  iter  4 corr  3489 rms 0.0360   19.32 ms | p=(  337.30   304.18  -3.57) v=4.52 m/s [KF]
[lio] t=1317401180.201 | feat 3960/8160 | map   3954 | icp ok  iter  4 corr  3554 rms 0.0253   17.90 ms | p=(  337.49   304.63  -3.60) v=4.65 m/s
[lio] t=1317401180.305 | feat 4106/8160 | map   3954 | icp ok  iter  4 corr  3636 rms 0.0308   19.69 ms | p=(  337.68   305.07  -3.62) v=4.62 m/s
[lio] t=1317401180.409 | feat 4053/8160 | map   3954 | icp ok  iter  4 corr  3537 rms 0.0697   19.73 ms | p=(  337.86   305.47  -3.64) v=4.41 m/s [KF]
[lio] t=1317401180.514 | feat 3997/8160 | map   4098 | icp ok  iter  4 corr  3570 rms 0.0335   18.08 ms | p=(  338.09   305.88  -3.66) v=4.49 m/s
[lio] t=1317401180.618 | feat 3848/8160 | map   4098 | icp ok  iter  3 corr  3357 rms 0.0303   14.26 ms | p=(  338.29   306.27  -3.69) v=4.43 m/s
[lio] t=1317401180.722 | feat 3982/8160 | map   4098 | icp ok  iter  4 corr  3413 rms 0.0293   18.77 ms | p=(  338.54   306.69  -3.73) v=4.69 m/s [KF]
[lio] t=1317401180.826 | feat 3909/8160 | map   4229 | icp ok  iter  5 corr  3367 rms 0.0242   20.04 ms | p=(  338.82   307.08  -3.76) v=4.76 m/s
[lio] t=1317401180.930 | feat 4036/8160 | map   4229 | icp ok  iter  4 corr  3561 rms 0.0380   19.35 ms | p=(  339.12   307.44  -3.77) v=4.78 m/s
[lio] t=1317401181.034 | feat 4047/8160 | map   4229 | icp ok  iter  6 corr  3480 rms 0.0377   25.93 ms | p=(  339.47   307.86  -3.79) v=5.23 m/s [KF]
[lio] t=1317401181.138 | feat 3903/8160 | map   4350 | icp ok  iter  4 corr  3318 rms 0.0295   16.66 ms | p=(  339.83   308.28  -3.81) v=5.48 m/s
[lio] t=1317401181.242 | feat 3955/8160 | map   4350 | icp ok  iter  3 corr  3188 rms 0.0253   11.91 ms | p=(  340.21   308.67  -3.86) v=5.50 m/s [KF]
[lio] t=1317401181.346 | feat 3949/8160 | map   4461 | icp ok  iter  4 corr  3356 rms 0.0263   16.58 ms | p=(  340.62   309.07  -3.90) v=5.68 m/s
[lio] t=1317401181.450 | feat 3838/8160 | map   4461 | icp ok  iter  5 corr  3185 rms 0.0331   23.02 ms | p=(  341.05   309.43  -3.91) v=5.63 m/s [KF]
[lio] t=1317401181.554 | feat 3872/8160 | map   4524 | icp ok  iter  5 corr  3299 rms 0.0222   19.00 ms | p=(  341.57   309.83  -3.95) v=6.17 m/s
[lio] t=1317401181.659 | feat 3941/8160 | map   4524 | icp ok  iter  3 corr  3335 rms 0.0290   15.97 ms | p=(  342.03   310.12  -3.97) v=5.76 m/s [KF]
[lio] t=1317401181.763 | feat 3899/8160 | map   4633 | icp ok  iter  4 corr  3313 rms 0.0218   19.05 ms | p=(  342.60   310.47  -4.01) v=6.33 m/s
[lio] t=1317401181.867 | feat 3843/8160 | map   4633 | icp ok  iter  4 corr  3255 rms 0.0270   17.88 ms | p=(  343.17   310.79  -4.03) v=6.49 m/s [KF]
[lio] t=1317401181.970 | feat 3877/8160 | map   4723 | icp ok  iter  5 corr  3335 rms 0.0257   20.84 ms | p=(  343.80   311.12  -4.07) v=6.83 m/s
[lio] t=1317401182.074 | feat 3844/8160 | map   4723 | icp ok  iter  4 corr  3332 rms 0.0317   18.14 ms | p=(  344.45   311.41  -4.10) v=6.96 m/s [KF]
[lio] t=1317401182.178 | feat 3942/8160 | map   4832 | icp ok  iter  4 corr  3422 rms 0.0321   20.45 ms | p=(  345.15   311.75  -4.13) v=7.45 m/s
[lio] t=1317401182.282 | feat 3984/8160 | map   4832 | icp ok  iter  5 corr  3445 rms 0.0308   23.78 ms | p=(  345.84   311.98  -4.16) v=7.30 m/s [KF]
[lio] t=1317401182.386 | feat 4078/8160 | map   4937 | icp ok  iter  4 corr  3548 rms 0.0240   16.62 ms | p=(  346.55   312.22  -4.18) v=7.40 m/s
[lio] t=1317401182.489 | feat 4008/8160 | map   4937 | icp ok  iter  4 corr  3516 rms 0.0311   18.39 ms | p=(  347.30   312.45  -4.21) v=7.67 m/s [KF]
[lio] t=1317401182.593 | feat 4104/8160 | map   5034 | icp ok  iter  4 corr  3694 rms 0.0313   19.74 ms | p=(  348.08   312.67  -4.25) v=7.87 m/s
[lio] t=1317401182.697 | feat 4211/8160 | map   5034 | icp ok  iter  4 corr  3717 rms 0.0363   21.50 ms | p=(  348.85   312.84  -4.28) v=7.87 m/s [KF]
[lio] t=1317401182.800 | feat 4258/8160 | map   5125 | icp ok  iter  5 corr  3738 rms 0.0331   28.42 ms | p=(  349.68   313.01  -4.32) v=8.18 m/s
[lio] t=1317401182.904 | feat 4451/8160 | map   5125 | icp ok  iter  4 corr  3908 rms 0.0321   19.42 ms | p=(  350.46   313.17  -4.35) v=8.04 m/s [KF]
[lio] t=1317401183.008 | feat 4444/8160 | map   5211 | icp ok  iter  5 corr  3865 rms 0.0359   26.29 ms | p=(  351.33   313.33  -4.39) v=8.48 m/s
[lio] t=1317401183.111 | feat 4298/8160 | map   5211 | icp ok  iter  4 corr  3675 rms 0.0355   17.87 ms | p=(  352.27   313.50  -4.42) v=9.08 m/s [KF]
[lio] t=1317401183.215 | feat 4504/8160 | map   5282 | icp ok  iter  4 corr  3798 rms 0.0381   20.66 ms | p=(  353.13   313.65  -4.46) v=8.82 m/s
[lio] t=1317401183.319 | feat 4436/8160 | map   5282 | icp ok  iter  6 corr  3781 rms 0.0362   27.09 ms | p=(  354.05   313.79  -4.49) v=9.04 m/s [KF]
[lio] t=1317401183.422 | feat 4333/8160 | map   5367 | icp ok  iter  6 corr  3720 rms 0.0338   30.70 ms | p=(  354.87   313.91  -4.52) v=8.56 m/s
[lio] t=1317401183.526 | feat 4386/8160 | map   5367 | icp ok  iter  4 corr  3711 rms 0.0328   18.99 ms | p=(  355.87   314.06  -4.55) v=9.39 m/s [KF]
[lio] t=1317401183.630 | feat 4356/8160 | map   5438 | icp ok  iter  5 corr  3712 rms 0.0354   25.69 ms | p=(  356.77   314.20  -4.58) v=9.11 m/s
[lio] t=1317401183.733 | feat 4589/8160 | map   5438 | icp ok  iter 12 corr  3938 rms 0.0333   66.01 ms | p=(  357.66   314.32  -4.61) v=8.93 m/s [KF]
[lio] t=1317401183.837 | feat 4329/8160 | map   5495 | icp ok  iter  4 corr  3765 rms 0.0261   18.79 ms | p=(  358.61   314.45  -4.64) v=9.17 m/s
[lio] t=1317401183.941 | feat 4459/8160 | map   5495 | icp ok  iter  4 corr  3779 rms 0.0281   21.07 ms | p=(  359.62   314.60  -4.66) v=9.66 m/s [KF]
[lio] t=1317401184.045 | feat 4484/8160 | map   5529 | icp ok  iter  5 corr  3841 rms 0.0325   23.70 ms | p=(  360.58   314.74  -4.68) v=9.56 m/s
[lio] t=1317401184.148 | feat 4470/8160 | map   5529 | icp ok  iter  4 corr  3648 rms 0.0258   17.87 ms | p=(  361.57   314.88  -4.70) v=9.64 m/s [KF]
[lio] t=1317401184.252 | feat 4494/8160 | map   5617 | icp ok  iter  4 corr  3613 rms 0.0269   19.74 ms | p=(  362.55   315.02  -4.73) v=9.64 m/s
[lio] t=1317401184.356 | feat 4608/8160 | map   5617 | icp ok  iter  5 corr  3751 rms 0.0292   23.55 ms | p=(  363.53   315.16  -4.76) v=9.58 m/s [KF]
[lio] t=1317401184.460 | feat 4453/8160 | map   5689 | icp ok  iter  5 corr  3575 rms 0.0296   22.13 ms | p=(  364.50   315.30  -4.78) v=9.53 m/s
[lio] t=1317401184.563 | feat 4492/8160 | map   5689 | icp ok  iter 12 corr  3524 rms 0.0440   60.94 ms | p=(  365.47   315.46  -4.81) v=9.53 m/s [KF]
[lio] t=1317401184.667 | feat 4189/8160 | map   5757 | icp ok  iter 12 corr  3184 rms 0.0221   45.05 ms | p=(  366.46   315.61  -4.85) v=9.63 m/s [KF]
[lio] t=1317401184.771 | feat 4346/8160 | map   5759 | icp ok  iter 12 corr  3459 rms 0.0244   52.25 ms | p=(  367.43   315.76  -4.87) v=9.49 m/s
[lio] t=1317401184.875 | feat 4175/8160 | map   5759 | icp ok  iter 12 corr  3213 rms 0.0246   46.83 ms | p=(  368.39   315.87  -4.90) v=9.39 m/s [KF]
[lio] t=1317401184.979 | feat 4038/8160 | map   5737 | icp ok  iter  5 corr  3165 rms 0.0213   18.55 ms | p=(  369.37   316.04  -4.92) v=9.54 m/s [KF]
[lio] t=1317401185.083 | feat 3960/8160 | map   5697 | icp ok  iter  4 corr  3043 rms 0.0246   17.09 ms | p=(  370.35   316.19  -4.95) v=9.56 m/s
[lio] t=1317401185.186 | feat 3710/8160 | map   5697 | icp ok  iter  5 corr  2821 rms 0.0229   19.63 ms | p=(  371.30   316.32  -4.97) v=9.35 m/s [KF]
[lio] t=1317401185.290 | feat 3805/8160 | map   5642 | icp ok  iter  5 corr  2829 rms 0.0226   19.48 ms | p=(  372.23   316.45  -5.00) v=9.17 m/s
[lio] t=1317401185.394 | feat 3748/8160 | map   5642 | icp ok  iter  5 corr  2670 rms 0.0233   18.35 ms | p=(  373.19   316.59  -5.02) v=9.31 m/s [KF]
[lio] t=1317401185.498 | feat 3792/8160 | map   5561 | icp ok  iter  5 corr  2757 rms 0.0261   18.16 ms | p=(  374.15   316.72  -5.05) v=9.32 m/s
[lio] t=1317401185.602 | feat 3811/8160 | map   5561 | icp ok  iter  5 corr  2708 rms 0.0324   20.45 ms | p=(  375.05   316.83  -5.08) v=8.92 m/s [KF]
[lio] t=1317401185.705 | feat 3851/8160 | map   5528 | icp ok  iter  6 corr  2881 rms 0.0236   20.98 ms | p=(  376.03   316.94  -5.12) v=9.27 m/s
[lio] t=1317401185.809 | feat 3770/8160 | map   5528 | icp ok  iter  6 corr  2705 rms 0.0379   18.79 ms | p=(  376.84   317.07  -5.14) v=8.37 m/s [KF]
[lio] t=1317401185.913 | feat 3740/8160 | map   5480 | icp ok  iter 12 corr  2696 rms 0.0225   38.34 ms | p=(  377.85   317.22  -5.18) v=9.23 m/s [KF]
[lio] t=1317401186.017 | feat 3738/8160 | map   5385 | icp ok  iter  4 corr  2755 rms 0.0227   17.03 ms | p=(  378.69   317.36  -5.21) v=8.51 m/s
[lio] t=1317401186.121 | feat 3756/8160 | map   5385 | icp ok  iter  4 corr  2737 rms 0.0323   14.28 ms | p=(  379.64   317.47  -5.24) v=8.81 m/s [KF]
[lio] t=1317401186.225 | feat 3809/8160 | map   5329 | icp ok  iter 12 corr  2862 rms 0.0344   53.11 ms | p=(  380.57   317.54  -5.28) v=8.80 m/s
[lio] t=1317401186.328 | feat 3726/8160 | map   5329 | icp ok  iter  6 corr  2785 rms 0.0367   22.73 ms | p=(  381.39   317.62  -5.30) v=8.15 m/s [KF]
[lio] t=1317401186.432 | feat 3732/8160 | map   5271 | icp ok  iter 12 corr  2692 rms 0.0285   45.59 ms | p=(  382.16   317.82  -5.34) v=7.75 m/s
[lio] t=1317401186.536 | feat 3655/8160 | map   5271 | icp ok  iter  5 corr  2555 rms 0.0260   14.61 ms | p=(  382.96   317.96  -5.38) v=7.68 m/s [KF]
[lio] t=1317401186.640 | feat 3706/8160 | map   5161 | icp ok  iter  5 corr  2669 rms 0.0332   17.87 ms | p=(  383.76   318.05  -5.40) v=7.62 m/s
[lio] t=1317401186.744 | feat 3905/8160 | map   5161 | icp ok  iter 12 corr  2752 rms 0.0244   43.84 ms | p=(  384.50   318.14  -5.42) v=7.19 m/s [KF]
[lio] t=1317401186.848 | feat 3838/8160 | map   5108 | icp ok  iter  6 corr  2822 rms 0.0267   21.95 ms | p=(  385.21   318.22  -5.43) v=6.91 m/s
[lio] t=1317401186.952 | feat 3812/8160 | map   5108 | icp ok  iter  6 corr  2843 rms 0.0262   26.72 ms | p=(  385.81   318.31  -5.46) v=6.12 m/s [KF]
[lio] t=1317401187.056 | feat 3961/8160 | map   5104 | icp ok  iter  6 corr  3080 rms 0.0259   24.81 ms | p=(  386.69   318.41  -5.49) v=7.51 m/s
[lio] t=1317401187.160 | feat 3993/8160 | map   5104 | icp ok  iter  5 corr  3188 rms 0.0246   22.95 ms | p=(  387.25   318.48  -5.51) v=6.19 m/s [KF]
[lio] t=1317401187.265 | feat 3983/8160 | map   5133 | icp ok  iter  5 corr  3230 rms 0.0219   20.30 ms | p=(  387.96   318.45  -5.53) v=6.55 m/s
[lio] t=1317401187.369 | feat 4028/8160 | map   5133 | icp ok  iter 12 corr  3103 rms 0.0243   48.45 ms | p=(  388.69   318.50  -5.56) v=6.79 m/s [KF]
[lio] t=1317401187.473 | feat 3837/8160 | map   5131 | icp ok  iter  7 corr  2880 rms 0.0213   25.11 ms | p=(  389.36   318.50  -5.58) v=6.56 m/s
[lio] t=1317401187.577 | feat 3791/8160 | map   5131 | icp ok  iter  4 corr  2747 rms 0.0571   14.28 ms | p=(  390.07   318.48  -5.61) v=6.71 m/s [KF]
[lio] t=1317401187.682 | feat 3944/8160 | map   5118 | icp ok  iter  5 corr  2961 rms 0.0230   20.24 ms | p=(  390.70   318.42  -5.64) v=6.34 m/s
[lio] t=1317401187.786 | feat 3794/8160 | map   5118 | icp ok  iter  4 corr  2892 rms 0.0218   15.52 ms | p=(  391.38   318.33  -5.67) v=6.44 m/s [KF]
[lio] t=1317401187.890 | feat 3801/8160 | map   5064 | icp ok  iter  6 corr  2889 rms 0.0215   20.66 ms | p=(  391.91   318.26  -5.68) v=5.63 m/s
[lio] t=1317401187.995 | feat 3818/8160 | map   5064 | icp ok  iter  5 corr  2883 rms 0.0215   21.05 ms | p=(  392.63   318.13  -5.70) v=6.48 m/s [KF]
[lio] t=1317401188.099 | feat 3738/8160 | map   5045 | icp ok  iter  7 corr  2889 rms 0.0242   29.47 ms | p=(  393.32   318.01  -5.72) v=6.58 m/s
[lio] t=1317401188.203 | feat 3812/8160 | map   5045 | icp ok  iter  4 corr  2915 rms 0.0262   18.61 ms | p=(  394.04   317.80  -5.73) v=6.96 m/s [KF]
[lio] t=1317401188.307 | feat 3761/8160 | map   5019 | icp ok  iter 12 corr  2920 rms 0.0193   44.19 ms | p=(  394.51   317.51  -5.73) v=5.89 m/s
[lio] t=1317401188.412 | feat 3815/8160 | map   5019 | icp ok  iter  4 corr  2937 rms 0.0244   16.47 ms | p=(  395.10   317.23  -5.73) v=6.11 m/s [KF]
[lio] t=1317401188.516 | feat 3743/8160 | map   4989 | icp ok  iter  6 corr  2840 rms 0.0289   22.11 ms | p=(  395.75   316.90  -5.75) v=6.66 m/s
[lio] t=1317401188.620 | feat 3593/8160 | map   4989 | icp ok  iter  5 corr  2739 rms 0.0200   16.60 ms | p=(  396.22   316.57  -5.74) v=6.00 m/s [KF]
[lio] t=1317401188.724 | feat 3662/8160 | map   4965 | icp ok  iter  3 corr  2819 rms 0.0228   12.48 ms | p=(  396.77   316.18  -5.75) v=6.35 m/s
[lio] t=1317401188.828 | feat 3694/8160 | map   4965 | icp ok  iter  5 corr  2829 rms 0.0242   19.63 ms | p=(  397.36   315.85  -5.76) v=6.45 m/s [KF]
[lio] t=1317401188.932 | feat 3740/8160 | map   4969 | icp ok  iter  5 corr  2988 rms 0.0215   20.44 ms | p=(  397.82   315.35  -5.75) v=6.48 m/s
[lio] t=1317401189.036 | feat 3721/8160 | map   4969 | icp ok  iter  5 corr  2935 rms 0.0204   16.47 ms | p=(  398.38   314.90  -5.73) v=6.78 m/s [KF]
[lio] t=1317401189.140 | feat 3608/8160 | map   4942 | icp ok  iter  5 corr  2877 rms 0.0166   18.13 ms | p=(  398.89   314.40  -5.71) v=6.85 m/s
[lio] t=1317401189.244 | feat 3622/8160 | map   4942 | icp ok  iter  5 corr  2951 rms 0.0176   18.34 ms | p=(  399.29   313.92  -5.70) v=6.37 m/s [KF]
[lio] t=1317401189.348 | feat 3599/8160 | map   4904 | icp ok  iter  6 corr  2964 rms 0.0192   22.84 ms | p=(  399.74   313.37  -5.68) v=6.67 m/s
[lio] t=1317401189.452 | feat 3522/8160 | map   4904 | icp ok  iter  5 corr  2820 rms 0.0332   16.86 ms | p=(  400.23   312.79  -5.67) v=7.14 m/s [KF]
[lio] t=1317401189.556 | feat 3545/8160 | map   4842 | icp ok  iter  5 corr  2998 rms 0.0209   17.66 ms | p=(  400.63   312.21  -5.65) v=6.94 m/s
[lio] t=1317401189.660 | feat 3581/8160 | map   4842 | icp ok  iter  4 corr  3002 rms 0.0273   15.57 ms | p=(  401.01   311.58  -5.62) v=7.05 m/s [KF]
[lio] t=1317401189.764 | feat 3600/8160 | map   4824 | icp ok  iter  4 corr  3151 rms 0.0256   15.17 ms | p=(  401.36   310.93  -5.60) v=7.17 m/s
[lio] t=1317401189.868 | feat 3679/8160 | map   4824 | icp ok  iter  4 corr  3223 rms 0.0263   15.06 ms | p=(  401.69   310.24  -5.57) v=7.33 m/s [KF]
[lio] t=1317401189.971 | feat 3571/8160 | map   4814 | icp ok  iter 12 corr  3250 rms 0.0222   48.89 ms | p=(  402.02   309.57  -5.55) v=7.30 m/s
[lio] t=1317401190.075 | feat 3600/8160 | map   4814 | icp ok  iter  3 corr  3238 rms 0.0328   13.81 ms | p=(  402.31   308.88  -5.52) v=7.34 m/s [KF]
[lio] t=1317401190.179 | feat 3512/8160 | map   4766 | icp ok  iter  5 corr  3245 rms 0.0271   20.08 ms | p=(  402.63   308.14  -5.49) v=7.68 m/s
[lio] t=1317401190.283 | feat 3438/8160 | map   4766 | icp ok  iter  4 corr  3054 rms 0.0271   13.74 ms | p=(  402.92   307.37  -5.45) v=7.89 m/s [KF]
[lio] t=1317401190.386 | feat 3574/8160 | map   4748 | icp ok  iter  4 corr  3267 rms 0.0294   16.78 ms | p=(  403.18   306.59  -5.42) v=8.00 m/s
[lio] t=1317401190.490 | feat 3556/8160 | map   4748 | icp ok  iter  4 corr  3267 rms 0.0332   17.71 ms | p=(  403.44   305.83  -5.38) v=7.89 m/s [KF]
[lio] t=1317401190.594 | feat 3817/8160 | map   4711 | icp ok  iter  3 corr  3472 rms 0.0338   13.85 ms | p=(  403.70   305.04  -5.35) v=8.07 m/s
[lio] t=1317401190.697 | feat 3760/8160 | map   4711 | icp ok  iter  4 corr  3404 rms 0.0374   17.18 ms | p=(  403.94   304.16  -5.32) v=8.59 m/s [KF]
[lio] t=1317401190.801 | feat 3684/8160 | map   4670 | icp ok  iter  5 corr  3373 rms 0.0326   19.68 ms | p=(  404.20   303.26  -5.28) v=8.92 m/s
[lio] t=1317401190.905 | feat 3766/8160 | map   4670 | icp ok  iter  4 corr  3437 rms 0.0345   15.61 ms | p=(  404.42   302.42  -5.24) v=8.66 m/s [KF]
[lio] t=1317401191.009 | feat 3542/8160 | map   4681 | icp ok  iter  4 corr  3175 rms 0.0533   17.10 ms | p=(  404.66   301.54  -5.20) v=8.79 m/s
[lio] t=1317401191.112 | feat 3241/8160 | map   4681 | icp ok  iter  4 corr  2936 rms 0.0693   14.17 ms | p=(  404.87   300.66  -5.16) v=8.85 m/s [KF]
[lio] t=1317401191.216 | feat 3214/8160 | map   4639 | icp ok  iter  4 corr  2864 rms 0.0265   12.48 ms | p=(  405.08   299.74  -5.12) v=9.01 m/s
[lio] t=1317401191.320 | feat 3201/8160 | map   4639 | icp ok  iter  4 corr  2813 rms 0.0299   13.80 ms | p=(  405.30   298.83  -5.08) v=9.06 m/s [KF]
[lio] t=1317401191.423 | feat 3106/8160 | map   4586 | icp ok  iter  4 corr  2749 rms 0.0266   12.68 ms | p=(  405.51   297.91  -5.04) v=9.14 m/s
[lio] t=1317401191.527 | feat 3286/8160 | map   4586 | icp ok  iter  4 corr  2857 rms 0.0312   13.40 ms | p=(  405.72   296.97  -5.01) v=9.23 m/s [KF]
[lio] t=1317401191.631 | feat 3136/8160 | map   4502 | icp ok  iter  4 corr  2762 rms 0.0404   12.95 ms | p=(  405.94   296.03  -4.97) v=9.32 m/s
[lio] t=1317401191.735 | feat 3173/8160 | map   4502 | icp ok  iter  6 corr  2715 rms 0.0339   22.67 ms | p=(  406.14   295.07  -4.93) v=9.41 m/s [KF]
[lio] t=1317401191.839 | feat 3167/8160 | map   4455 | icp ok  iter  4 corr  2693 rms 0.0425   13.64 ms | p=(  406.36   294.10  -4.89) v=9.53 m/s
[lio] t=1317401191.942 | feat 3448/8160 | map   4455 | icp ok  iter  4 corr  2985 rms 0.0413   13.72 ms | p=(  406.56   293.14  -4.85) v=9.52 m/s [KF]
[lio] t=1317401192.046 | feat 3267/8160 | map   4406 | icp ok  iter  4 corr  2867 rms 0.0422   14.03 ms | p=(  406.76   292.17  -4.81) v=9.57 m/s
[lio] t=1317401192.150 | feat 3364/8160 | map   4406 | icp ok  iter  4 corr  2914 rms 0.0550   15.77 ms | p=(  406.95   291.17  -4.77) v=9.75 m/s [KF]
[lio] t=1317401192.254 | feat 3538/8160 | map   4388 | icp ok  iter  4 corr  3166 rms 0.0331   14.81 ms | p=(  407.15   290.20  -4.73) v=9.63 m/s
[lio] t=1317401192.358 | feat 3568/8160 | map   4388 | icp ok  iter  5 corr  3136 rms 0.0360   17.83 ms | p=(  407.35   289.19  -4.68) v=9.81 m/s [KF]
[lio] t=1317401192.461 | feat 3484/8160 | map   4356 | icp ok  iter  4 corr  3045 rms 0.0581   14.25 ms | p=(  407.53   288.19  -4.63) v=9.79 m/s [KF]
[lio] t=1317401192.565 | feat 3339/8160 | map   4316 | icp ok  iter  4 corr  2978 rms 0.0391   15.56 ms | p=(  407.71   287.19  -4.59) v=9.80 m/s [KF]
[lio] t=1317401192.669 | feat 3266/8160 | map   4290 | icp ok  iter  4 corr  2789 rms 0.0351   14.49 ms | p=(  407.90   286.14  -4.54) v=10.08 m/s [KF]
[lio] t=1317401192.773 | feat 3363/8160 | map   4226 | icp ok  iter  4 corr  2867 rms 0.0453   14.61 ms | p=(  408.08   285.12  -4.50) v=10.00 m/s [KF]
[lio] t=1317401192.877 | feat 3381/8160 | map   4216 | icp ok  iter  4 corr  2899 rms 0.0326   13.33 ms | p=(  408.24   284.11  -4.45) v=9.93 m/s [KF]
[lio] t=1317401192.980 | feat 3160/8160 | map   4191 | icp ok  iter  4 corr  2692 rms 0.0794   14.16 ms | p=(  408.43   283.08  -4.41) v=10.00 m/s [KF]
[lio] t=1317401193.084 | feat 3849/8160 | map   4152 | icp ok  iter  4 corr  3022 rms 0.0369   13.80 ms | p=(  408.58   282.09  -4.37) v=9.76 m/s [KF]
[lio] t=1317401193.188 | feat 4190/8160 | map   4136 | icp ok  iter  4 corr  3596 rms 0.0332   15.47 ms | p=(  408.74   281.08  -4.32) v=9.78 m/s [KF]
[lio] t=1317401193.292 | feat 4089/8160 | map   4121 | icp ok  iter  3 corr  3543 rms 0.0302   11.78 ms | p=(  408.90   280.08  -4.28) v=9.75 m/s [KF]
[lio] t=1317401193.396 | feat 4008/8160 | map   4096 | icp ok  iter  4 corr  3516 rms 0.0391   17.12 ms | p=(  409.06   279.05  -4.24) v=9.85 m/s [KF]
[lio] t=1317401193.499 | feat 3826/8160 | map   4027 | icp ok  iter  3 corr  3449 rms 0.0403   14.65 ms | p=(  409.21   278.03  -4.19) v=9.89 m/s [KF]
[lio] t=1317401193.603 | feat 3878/8160 | map   3943 | icp ok  iter  4 corr  3423 rms 0.0347   15.52 ms | p=(  409.36   277.02  -4.15) v=9.87 m/s [KF]
[lio] t=1317401193.707 | feat 4118/8160 | map   3880 | icp ok  iter  3 corr  3682 rms 0.0325   13.01 ms | p=(  409.51   275.99  -4.09) v=9.89 m/s [KF]
[lio] t=1317401193.811 | feat 4167/8160 | map   3825 | icp ok  iter  4 corr  3743 rms 0.0418   18.06 ms | p=(  409.66   274.96  -4.05) v=9.92 m/s [KF]
[lio] t=1317401193.915 | feat 3945/8160 | map   3778 | icp ok  iter  4 corr  3483 rms 0.0367   17.20 ms | p=(  409.80   273.94  -4.01) v=9.92 m/s [KF]
[lio] t=1317401194.019 | feat 4045/8160 | map   3691 | icp ok  iter  4 corr  3721 rms 0.0354   16.72 ms | p=(  409.94   272.91  -3.97) v=9.90 m/s [KF]
[lio] t=1317401194.123 | feat 3747/8160 | map   3600 | icp ok  iter  4 corr  3340 rms 0.0335   14.39 ms | p=(  410.06   271.89  -3.92) v=9.91 m/s [KF]
[lio] t=1317401194.226 | feat 3862/8160 | map   3507 | icp ok  iter  3 corr  3387 rms 0.0368   12.03 ms | p=(  410.18   270.90  -3.87) v=9.68 m/s
[lio] t=1317401194.330 | feat 3593/8160 | map   3507 | icp ok  iter  3 corr  2981 rms 0.0361   11.80 ms | p=(  410.29   269.84  -3.82) v=9.97 m/s [KF]
[lio] t=1317401194.434 | feat 3493/8160 | map   3421 | icp ok  iter  4 corr  2948 rms 0.0375   13.14 ms | p=(  410.39   268.86  -3.78) v=9.70 m/s
[lio] t=1317401194.538 | feat 3548/8160 | map   3421 | icp ok  iter  4 corr  2898 rms 0.0366   13.63 ms | p=(  410.49   267.82  -3.73) v=9.89 m/s [KF]
[lio] t=1317401194.642 | feat 3519/8160 | map   3362 | icp ok  iter  4 corr  2926 rms 0.0450   12.53 ms | p=(  410.59   266.80  -3.68) v=9.78 m/s [KF]
[lio] t=1317401194.746 | feat 3357/8160 | map   3303 | icp ok  iter  5 corr  2795 rms 0.0374   14.96 ms | p=(  410.67   265.78  -3.63) v=9.82 m/s [KF]
[lio] t=1317401194.849 | feat 3486/8160 | map   3268 | icp ok  iter  4 corr  2863 rms 0.0403   13.68 ms | p=(  410.75   264.75  -3.59) v=9.86 m/s [KF]
[lio] t=1317401194.953 | feat 3391/8160 | map   3256 | icp ok  iter  4 corr  2783 rms 0.0467   14.11 ms | p=(  410.83   263.75  -3.55) v=9.71 m/s [KF]
[lio] t=1317401195.057 | feat 3233/8160 | map   3238 | icp ok  iter 12 corr  2665 rms 0.0395   39.49 ms | p=(  410.90   262.70  -3.50) v=9.94 m/s [KF]
[lio] t=1317401195.161 | feat 2904/8160 | map   3222 | icp ok  iter  5 corr  2381 rms 0.0374   15.14 ms | p=(  410.97   261.71  -3.46) v=9.71 m/s
[lio] t=1317401195.265 | feat 3208/8160 | map   3222 | icp ok  iter  5 corr  2673 rms 0.0434   16.20 ms | p=(  411.06   260.69  -3.41) v=9.76 m/s [KF]
[lio] t=1317401195.368 | feat 3173/8160 | map   3254 | icp ok  iter  4 corr  2648 rms 0.0463   12.77 ms | p=(  411.11   259.67  -3.38) v=9.79 m/s [KF]
[lio] t=1317401195.472 | feat 3202/8160 | map   3271 | icp ok  iter  5 corr  2717 rms 0.0388   16.15 ms | p=(  411.21   258.66  -3.33) v=9.73 m/s [KF]
[lio] t=1317401195.576 | feat 3146/8160 | map   3283 | icp ok  iter  4 corr  2678 rms 0.0376   13.60 ms | p=(  411.28   257.66  -3.29) v=9.68 m/s [KF]
[lio] t=1317401195.680 | feat 2986/8160 | map   3282 | icp ok  iter  3 corr  2569 rms 0.0378    9.71 ms | p=(  411.38   256.65  -3.24) v=9.73 m/s [KF]
[lio] t=1317401195.784 | feat 3074/8160 | map   3258 | icp ok  iter  3 corr  2539 rms 0.0356    9.69 ms | p=(  411.48   255.63  -3.20) v=9.79 m/s [KF]
[lio] t=1317401195.887 | feat 3072/8160 | map   3241 | icp ok  iter  4 corr  2521 rms 0.0344   11.44 ms | p=(  411.58   254.64  -3.15) v=9.62 m/s
[lio] t=1317401195.991 | feat 3023/8160 | map   3241 | icp ok  iter  4 corr  2498 rms 0.0465   12.12 ms | p=(  411.69   253.63  -3.11) v=9.70 m/s [KF]
[lio] t=1317401196.095 | feat 3310/8160 | map   3193 | icp ok  iter  4 corr  2656 rms 0.0393   12.21 ms | p=(  411.81   252.62  -3.06) v=9.76 m/s [KF]
[lio] t=1317401196.199 | feat 3580/8160 | map   3175 | icp ok  iter  4 corr  2943 rms 0.0406   14.49 ms | p=(  411.93   251.61  -3.02) v=9.74 m/s [KF]
[lio] t=1317401196.302 | feat 3550/8160 | map   3157 | icp ok  iter  3 corr  2913 rms 0.0606   11.42 ms | p=(  412.06   250.61  -2.98) v=9.73 m/s [KF]
[lio] t=1317401196.406 | feat 3168/8160 | map   3103 | icp ok  iter  4 corr  2527 rms 0.0423   13.52 ms | p=(  412.20   249.59  -2.93) v=9.81 m/s [KF]
[lio] t=1317401196.510 | feat 3485/8160 | map   3059 | icp ok  iter  4 corr  2792 rms 0.0697   13.47 ms | p=(  412.34   248.61  -2.90) v=9.63 m/s
[lio] t=1317401196.614 | feat 3350/8160 | map   3059 | icp ok  iter  4 corr  2614 rms 0.0553   12.42 ms | p=(  412.49   247.60  -2.85) v=9.74 m/s [KF]
[lio] t=1317401196.718 | feat 3279/8160 | map   3055 | icp ok  iter  5 corr  2520 rms 0.0375   14.92 ms | p=(  412.66   246.60  -2.81) v=9.72 m/s [KF]
[lio] t=1317401196.822 | feat 3690/8160 | map   3018 | icp ok  iter  5 corr  2940 rms 0.0682   18.47 ms | p=(  412.83   245.59  -2.78) v=9.79 m/s [KF]
[lio] t=1317401196.925 | feat 3273/8160 | map   3006 | icp ok  iter  4 corr  2592 rms 0.0483   13.12 ms | p=(  413.02   244.58  -2.73) v=9.88 m/s [KF]
[lio] t=1317401197.029 | feat 3176/8160 | map   2974 | icp ok  iter  4 corr  2520 rms 0.0368   11.46 ms | p=(  413.21   243.56  -2.69) v=9.91 m/s [KF]
[lio] t=1317401197.133 | feat 3623/8160 | map   2958 | icp ok  iter  4 corr  2918 rms 0.0405   14.56 ms | p=(  413.39   242.56  -2.65) v=9.82 m/s [KF]
[lio] t=1317401197.237 | feat 3444/8160 | map   2943 | icp ok  iter 12 corr  2784 rms 0.0336   37.75 ms | p=(  413.58   241.57  -2.61) v=9.71 m/s [KF]
[lio] t=1317401197.341 | feat 3384/8160 | map   2878 | icp ok  iter  3 corr  2744 rms 0.0375   11.11 ms | p=(  413.76   240.56  -2.58) v=9.81 m/s [KF]
[lio] t=1317401197.445 | feat 3294/8160 | map   2809 | icp ok  iter  4 corr  2599 rms 0.0515   13.55 ms | p=(  413.95   239.57  -2.54) v=9.75 m/s [KF]
[lio] t=1317401197.549 | feat 3283/8160 | map   2802 | icp ok  iter  4 corr  2549 rms 0.0343   11.82 ms | p=(  414.14   238.60  -2.50) v=9.58 m/s
[lio] t=1317401197.653 | feat 3196/8160 | map   2802 | icp ok  iter  7 corr  2436 rms 0.0396   23.95 ms | p=(  414.34   237.52  -2.47) v=10.17 m/s [KF]
[lio] t=1317401197.757 | feat 3238/8160 | map   2808 | icp ok  iter  5 corr  2536 rms 0.0469   16.25 ms | p=(  414.54   236.54  -2.44) v=9.82 m/s [KF]
[lio] t=1317401197.861 | feat 3075/8160 | map   2799 | icp ok  iter  5 corr  2347 rms 0.0396   13.91 ms | p=(  414.74   235.54  -2.41) v=9.77 m/s [KF]
[lio] t=1317401197.965 | feat 3101/8160 | map   2786 | icp ok  iter  4 corr  2482 rms 0.0334   12.73 ms | p=(  414.94   234.54  -2.39) v=9.76 m/s [KF]
[lio] t=1317401198.069 | feat 3215/8160 | map   2745 | icp ok  iter  4 corr  2573 rms 0.0403   12.53 ms | p=(  415.13   233.55  -2.36) v=9.66 m/s [KF]
[lio] t=1317401198.173 | feat 2985/8160 | map   2719 | icp ok  iter 12 corr  2423 rms 0.0550   38.25 ms | p=(  415.34   232.55  -2.33) v=9.75 m/s [KF]
[lio] t=1317401198.277 | feat 2735/8160 | map   2717 | icp ok  iter  3 corr  2104 rms 0.0371    7.32 ms | p=(  415.55   231.58  -2.30) v=9.61 m/s
[lio] t=1317401198.381 | feat 2834/8160 | map   2717 | icp ok  iter  5 corr  2241 rms 0.0601   13.80 ms | p=(  415.73   230.59  -2.27) v=9.61 m/s [KF]
[lio] t=1317401198.484 | feat 2779/8160 | map   2729 | icp ok  iter  4 corr  2269 rms 0.0406   11.52 ms | p=(  415.93   229.58  -2.25) v=9.72 m/s [KF]
[lio] t=1317401198.588 | feat 2676/8160 | map   2735 | icp ok  iter  4 corr  2240 rms 0.0387   10.80 ms | p=(  416.12   228.60  -2.22) v=9.62 m/s [KF]
[lio] t=1317401198.692 | feat 2369/8160 | map   2730 | icp ok  iter  4 corr  2048 rms 0.0358    9.37 ms | p=(  416.31   227.61  -2.19) v=9.62 m/s [KF]
[lio] t=1317401198.796 | feat 2170/8160 | map   2703 | icp ok  iter  4 corr  1908 rms 0.0364    8.79 ms | p=(  416.49   226.62  -2.17) v=9.61 m/s [KF]
[lio] t=1317401198.900 | feat 2097/8160 | map   2689 | icp ok  iter 12 corr  1867 rms 0.0335   24.80 ms | p=(  416.68   225.66  -2.14) v=9.44 m/s
[lio] t=1317401199.004 | feat 2274/8160 | map   2689 | icp ok  iter  4 corr  1940 rms 0.0547    8.37 ms | p=(  416.86   224.66  -2.11) v=9.54 m/s [KF]
[lio] t=1317401199.108 | feat 2218/8160 | map   2694 | icp ok  iter  5 corr  1968 rms 0.0412   12.03 ms | p=(  417.03   223.72  -2.09) v=9.30 m/s
[lio] t=1317401199.212 | feat 2217/8160 | map   2694 | icp ok  iter  5 corr  1976 rms 0.0497   11.37 ms | p=(  417.23   222.76  -2.06) v=9.34 m/s [KF]
[lio] t=1317401199.316 | feat 2446/8160 | map   2703 | icp ok  iter  4 corr  2157 rms 0.0398   10.39 ms | p=(  417.39   221.82  -2.04) v=9.15 m/s
[lio] t=1317401199.420 | feat 2516/8160 | map   2703 | icp ok  iter  4 corr  2196 rms 0.0463   10.63 ms | p=(  417.58   220.85  -2.00) v=9.32 m/s [KF]
[lio] t=1317401199.524 | feat 2433/8160 | map   2679 | icp ok  iter  5 corr  2061 rms 0.0318   13.12 ms | p=(  417.75   219.91  -1.98) v=9.15 m/s
[lio] t=1317401199.628 | feat 2294/8160 | map   2679 | icp ok  iter  5 corr  1991 rms 0.0312   11.66 ms | p=(  417.90   219.02  -1.95) v=8.83 m/s [KF]
[lio] t=1317401199.731 | feat 2740/8160 | map   2666 | icp ok  iter 12 corr  2419 rms 0.0389   43.49 ms | p=(  418.02   218.42  -1.93) v=7.02 m/s
[lio] t=1317401199.835 | feat 2855/8160 | map   2666 | icp ok  iter  6 corr  2507 rms 0.0383   18.20 ms | p=(  418.24   217.15  -1.89) v=10.20 m/s [KF]
[lio] t=1317401199.939 | feat 2660/8160 | map   2667 | icp ok  iter 12 corr  2412 rms 0.0332   38.81 ms | p=(  418.40   216.27  -1.86) v=9.14 m/s
[lio] t=1317401200.043 | feat 2744/8160 | map   2667 | icp ok  iter  5 corr  2386 rms 0.0313   15.03 ms | p=(  418.54   215.37  -1.83) v=8.82 m/s [KF]
[lio] t=1317401200.147 | feat 2489/8160 | map   2656 | icp ok  iter  4 corr  2078 rms 0.0242    8.76 ms | p=(  418.69   214.46  -1.80) v=8.78 m/s
[lio] t=1317401200.251 | feat 2199/8160 | map   2656 | icp ok  iter 12 corr  1818 rms 0.0478   24.61 ms | p=(  418.83   213.66  -1.77) v=8.13 m/s [KF]
[lio] t=1317401200.355 | feat 2190/8160 | map   2638 | icp ok  iter 12 corr  1742 rms 0.0341   29.21 ms | p=(  418.95   212.89  -1.74) v=7.71 m/s
[lio] t=1317401200.459 | feat 2128/8160 | map   2638 | icp ok  iter 12 corr  1691 rms 0.0581   29.38 ms | p=(  419.31   210.78  -1.68) v=15.49 m/s [KF]
[lio] t=1317401200.563 | feat 2242/8160 | map   2669 | icp ok  iter 12 corr  1841 rms 0.0404   25.72 ms | p=(  419.37   210.28  -1.66) v=8.94 m/s
[lio] t=1317401200.667 | feat 1950/8160 | map   2669 | icp ok  iter 12 corr  1526 rms 0.0552   23.30 ms | p=(  419.53   209.30  -1.63) v=9.23 m/s [KF]
[lio] t=1317401200.771 | feat 1980/8160 | map   2661 | icp ok  iter  5 corr  1596 rms 0.0305    9.19 ms | p=(  419.67   208.43  -1.60) v=8.72 m/s
[lio] t=1317401200.875 | feat 1919/8160 | map   2661 | icp ok  iter  5 corr  1523 rms 0.0396    9.18 ms | p=(  419.81   207.62  -1.57) v=8.14 m/s [KF]
[lio] t=1317401200.979 | feat 1861/8160 | map   2662 | icp ok  iter  4 corr  1544 rms 0.1646    7.11 ms | p=(  419.93   206.76  -1.55) v=8.15 m/s
[lio] t=1317401201.082 | feat 1929/8160 | map   2662 | icp ok  iter  4 corr  1587 rms 0.2278    8.40 ms | p=(  420.02   205.97  -1.55) v=7.74 m/s [KF]
[lio] t=1317401201.186 | feat 1797/8160 | map   2670 | icp ok  iter 12 corr  1532 rms 0.0461   21.50 ms | p=(  420.13   205.28  -1.50) v=7.01 m/s
[lio] t=1317401201.290 | feat 1543/8160 | map   2670 | icp ok  iter  4 corr  1237 rms 0.0435    6.19 ms | p=(  420.29   204.27  -1.48) v=8.67 m/s [KF]
[lio] t=1317401201.394 | feat 1668/8160 | map   2632 | icp ok  iter  4 corr  1358 rms 0.0448    6.02 ms | p=(  420.41   203.51  -1.45) v=7.80 m/s
[lio] t=1317401201.498 | feat 1692/8160 | map   2632 | icp ok  iter  4 corr  1282 rms 0.0583    7.26 ms | p=(  420.52   202.75  -1.42) v=7.47 m/s [KF]
[lio] t=1317401201.602 | feat 1610/8160 | map   2633 | icp ok  iter  7 corr  1228 rms 0.0576   10.95 ms | p=(  420.60   202.04  -1.40) v=7.04 m/s
[lio] t=1317401201.706 | feat 1634/8160 | map   2633 | icp ok  iter  4 corr  1169 rms 0.0516    5.62 ms | p=(  420.70   201.31  -1.38) v=6.96 m/s [KF]
[lio] t=1317401201.810 | feat 1449/8160 | map   2645 | icp ok  iter  4 corr  1106 rms 0.0418    5.41 ms | p=(  420.84   200.45  -1.35) v=7.74 m/s
[lio] t=1317401201.914 | feat 1507/8160 | map   2645 | icp ok  iter  3 corr  1204 rms 0.0415    4.34 ms | p=(  420.96   199.68  -1.32) v=7.50 m/s [KF]
[lio] t=1317401202.018 | feat 1889/8160 | map   2651 | icp ok  iter  6 corr  1421 rms 0.0602    9.79 ms | p=(  421.00   198.98  -1.31) v=6.94 m/s
[lio] t=1317401202.122 | feat 1552/8160 | map   2651 | icp ok  iter  6 corr  1111 rms 0.0650    8.36 ms | p=(  421.14   198.31  -1.30) v=6.63 m/s [KF]
[lio] t=1317401202.226 | feat 1913/8160 | map   2681 | icp ok  iter  4 corr  1575 rms 0.0404    7.59 ms | p=(  421.25   197.61  -1.28) v=6.65 m/s
[lio] t=1317401202.330 | feat 1741/8160 | map   2681 | icp ok  iter 12 corr  1350 rms 0.0697   24.39 ms | p=(  421.39   196.88  -1.27) v=6.91 m/s [KF]
[lio] t=1317401202.434 | feat 1714/8160 | map   2693 | icp ok  iter  4 corr  1289 rms 0.0332    6.58 ms | p=(  421.48   196.14  -1.25) v=6.97 m/s
[lio] t=1317401202.538 | feat 2246/8160 | map   2693 | icp ok  iter  6 corr  1789 rms 0.1227   13.89 ms | p=(  421.59   195.47  -1.26) v=6.67 m/s [KF]
[lio] t=1317401202.642 | feat 2301/8160 | map   2706 | icp ok  iter  4 corr  1962 rms 0.0354    9.46 ms | p=(  421.69   194.78  -1.24) v=6.57 m/s
[lio] t=1317401202.746 | feat 2437/8160 | map   2706 | icp ok  iter  4 corr  2035 rms 0.0610    8.32 ms | p=(  421.78   194.09  -1.21) v=6.54 m/s [KF]
[lio] t=1317401202.850 | feat 2124/8160 | map   2720 | icp ok  iter  5 corr  1779 rms 0.0390    9.67 ms | p=(  421.88   193.47  -1.20) v=6.16 m/s
[lio] t=1317401202.954 | feat 2101/8160 | map   2720 | icp ok  iter  4 corr  1630 rms 0.0789    7.75 ms | p=(  421.98   192.82  -1.19) v=6.12 m/s [KF]
[lio] t=1317401203.058 | feat 2093/8160 | map   2711 | icp ok  iter  4 corr  1712 rms 0.0337    7.83 ms | p=(  422.06   192.18  -1.17) v=6.10 m/s
[lio] t=1317401203.162 | feat 2238/8160 | map   2711 | icp ok  iter  4 corr  1822 rms 0.0582   10.90 ms | p=(  422.17   191.59  -1.16) v=5.82 m/s [KF]
[lio] t=1317401203.266 | feat 2184/8160 | map   2709 | icp ok  iter  4 corr  1738 rms 0.0431    9.00 ms | p=(  422.27   190.97  -1.15) v=5.87 m/s
[lio] t=1317401203.370 | feat 2433/8160 | map   2709 | icp ok  iter  4 corr  1991 rms 0.0561    9.94 ms | p=(  422.38   190.35  -1.14) v=5.94 m/s [KF]
[lio] t=1317401203.474 | feat 2434/8160 | map   2707 | icp ok  iter  4 corr  2020 rms 0.0379    9.85 ms | p=(  422.46   189.77  -1.13) v=5.65 m/s
[lio] t=1317401203.578 | feat 2431/8160 | map   2707 | icp ok  iter  5 corr  1979 rms 0.0502   12.71 ms | p=(  422.56   189.18  -1.12) v=5.61 m/s [KF]
[lio] t=1317401203.682 | feat 2392/8160 | map   2684 | icp ok  iter  3 corr  1936 rms 0.0578    8.19 ms | p=(  422.66   188.61  -1.10) v=5.56 m/s
[lio] t=1317401203.786 | feat 2277/8160 | map   2684 | icp ok  iter  6 corr  1788 rms 0.0826   14.37 ms | p=(  422.72   188.04  -1.09) v=5.44 m/s [KF]
[lio] t=1317401203.890 | feat 2087/8160 | map   2659 | icp ok  iter  5 corr  1759 rms 0.0328   10.27 ms | p=(  422.82   187.48  -1.08) v=5.40 m/s
[lio] t=1317401203.994 | feat 2291/8160 | map   2659 | icp ok  iter  4 corr  1908 rms 0.0400    9.52 ms | p=(  422.90   186.92  -1.06) v=5.37 m/s [KF]
[lio] t=1317401204.098 | feat 2221/8160 | map   2630 | icp ok  iter  3 corr  1911 rms 0.0438    7.30 ms | p=(  423.00   186.38  -1.05) v=5.26 m/s
[lio] t=1317401204.202 | feat 2382/8160 | map   2630 | icp ok  iter  6 corr  1974 rms 0.0379   13.92 ms | p=(  423.08   185.83  -1.04) v=5.29 m/s [KF]
[lio] t=1317401204.306 | feat 2406/8160 | map   2592 | icp ok  iter  4 corr  2015 rms 0.0759    9.95 ms | p=(  423.18   185.29  -1.03) v=5.26 m/s
[lio] t=1317401204.410 | feat 2567/8160 | map   2592 | icp ok  iter  5 corr  2158 rms 0.0979   14.63 ms | p=(  423.27   184.73  -1.02) v=5.31 m/s [KF]
[lio] t=1317401204.514 | feat 2340/8160 | map   2550 | icp ok  iter  4 corr  2054 rms 0.0348    8.19 ms | p=(  423.34   184.20  -1.01) v=5.18 m/s
[lio] t=1317401204.618 | feat 2346/8160 | map   2550 | icp ok  iter  4 corr  1980 rms 0.0672    9.82 ms | p=(  423.44   183.67  -1.00) v=5.17 m/s [KF]
[lio] t=1317401204.722 | feat 2278/8160 | map   2516 | icp ok  iter  4 corr  1970 rms 0.0401    8.49 ms | p=(  423.51   183.13  -1.00) v=5.17 m/s
[lio] t=1317401204.826 | feat 2318/8160 | map   2516 | icp ok  iter  3 corr  2006 rms 0.0564    5.57 ms | p=(  423.60   182.60  -0.99) v=5.16 m/s [KF]
[lio] t=1317401204.930 | feat 2081/8160 | map   2495 | icp ok  iter  4 corr  1774 rms 0.0318    7.61 ms | p=(  423.68   182.06  -0.98) v=5.17 m/s
[lio] t=1317401205.034 | feat 2404/8160 | map   2495 | icp ok  iter  4 corr  2090 rms 0.0610   11.21 ms | p=(  423.77   181.52  -0.97) v=5.23 m/s [KF]
[lio] t=1317401205.138 | feat 2082/8160 | map   2468 | icp ok  iter  4 corr  1790 rms 0.0334    7.43 ms | p=(  423.86   180.99  -0.96) v=5.13 m/s
[lio] t=1317401205.242 | feat 2038/8160 | map   2468 | icp ok  iter  4 corr  1697 rms 0.0423    8.74 ms | p=(  423.93   180.45  -0.95) v=5.18 m/s [KF]
[lio] t=1317401205.346 | feat 1979/8160 | map   2401 | icp ok  iter  4 corr  1674 rms 0.0334    7.75 ms | p=(  424.02   179.91  -0.94) v=5.19 m/s
[lio] t=1317401205.450 | feat 2039/8160 | map   2401 | icp ok  iter  3 corr  1622 rms 0.0403    6.02 ms | p=(  424.10   179.38  -0.93) v=5.15 m/s [KF]
[lio] t=1317401205.554 | feat 2164/8160 | map   2359 | icp ok  iter  3 corr  1733 rms 0.0531    6.73 ms | p=(  424.19   178.87  -0.92) v=4.99 m/s
[lio] t=1317401205.658 | feat 2141/8160 | map   2359 | icp ok  iter  4 corr  1751 rms 0.0458    8.22 ms | p=(  424.27   178.34  -0.91) v=5.07 m/s [KF]
[lio] t=1317401205.762 | feat 2124/8160 | map   2310 | icp ok  iter  4 corr  1731 rms 0.0386    7.95 ms | p=(  424.36   177.81  -0.91) v=5.10 m/s
[lio] t=1317401205.866 | feat 2186/8160 | map   2310 | icp ok  iter  5 corr  1707 rms 0.0434   11.60 ms | p=(  424.45   177.32  -0.89) v=4.87 m/s [KF]
[lio] t=1317401205.970 | feat 2408/8160 | map   2272 | icp ok  iter  5 corr  1990 rms 0.0560   13.53 ms | p=(  424.54   176.79  -0.88) v=5.02 m/s
[lio] t=1317401206.074 | feat 2205/8160 | map   2272 | icp ok  iter  5 corr  1800 rms 0.0592   12.00 ms | p=(  424.62   176.30  -0.88) v=4.85 m/s [KF]
[lio] t=1317401206.178 | feat 2258/8160 | map   2265 | icp ok  iter  5 corr  1912 rms 0.0345   11.92 ms | p=(  424.70   175.79  -0.87) v=4.89 m/s
[lio] t=1317401206.282 | feat 2466/8160 | map   2265 | icp ok  iter  5 corr  1999 rms 0.0393   12.06 ms | p=(  424.80   175.27  -0.86) v=5.01 m/s [KF]
[lio] t=1317401206.386 | feat 2539/8160 | map   2263 | icp ok  iter  4 corr  2160 rms 0.0621   12.23 ms | p=(  424.87   174.80  -0.85) v=4.72 m/s
[lio] t=1317401206.491 | feat 2099/8160 | map   2263 | icp ok  iter  4 corr  1632 rms 0.0325    7.60 ms | p=(  424.97   174.27  -0.84) v=4.96 m/s [KF]
[lio] t=1317401206.595 | feat 2041/8160 | map   2237 | icp ok  iter  4 corr  1679 rms 0.0766    7.83 ms | p=(  425.06   173.76  -0.83) v=4.96 m/s
[lio] t=1317401206.699 | feat 2147/8160 | map   2237 | icp ok  iter  5 corr  1652 rms 0.0474   10.03 ms | p=(  425.14   173.27  -0.81) v=4.83 m/s [KF]
[lio] t=1317401206.803 | feat 2224/8160 | map   2241 | icp ok  iter  4 corr  1858 rms 0.0765    9.95 ms | p=(  425.22   172.78  -0.81) v=4.79 m/s
[lio] t=1317401206.907 | feat 2341/8160 | map   2241 | icp ok  iter  5 corr  1836 rms 0.1246   12.70 ms | p=(  425.31   172.21  -0.80) v=5.20 m/s [KF]
[lio] t=1317401207.011 | feat 2408/8160 | map   2258 | icp ok  iter  3 corr  1990 rms 0.0633    9.13 ms | p=(  425.39   171.67  -0.78) v=5.20 m/s
[lio] t=1317401207.115 | feat 2417/8160 | map   2258 | icp ok  iter  4 corr  1994 rms 0.0809   10.52 ms | p=(  425.49   171.20  -0.75) v=4.84 m/s [KF]
[lio] t=1317401207.219 | feat 2528/8160 | map   2299 | icp ok  iter  4 corr  2015 rms 0.0394    9.34 ms | p=(  425.59   170.71  -0.74) v=4.81 m/s
[lio] t=1317401207.323 | feat 2582/8160 | map   2299 | icp ok  iter  4 corr  2076 rms 0.0392    9.53 ms | p=(  425.68   170.20  -0.72) v=4.89 m/s [KF]
[lio] t=1317401207.427 | feat 2602/8160 | map   2326 | icp ok  iter  3 corr  2117 rms 0.0722    7.41 ms | p=(  425.77   169.70  -0.71) v=4.91 m/s
[lio] t=1317401207.531 | feat 2587/8160 | map   2326 | icp ok  iter  5 corr  2079 rms 0.0514   13.36 ms | p=(  425.86   169.13  -0.69) v=5.30 m/s [KF]
[lio] t=1317401207.635 | feat 2700/8160 | map   2354 | icp ok  iter  5 corr  2195 rms 0.0627   12.41 ms | p=(  425.95   168.66  -0.68) v=4.89 m/s
[lio] t=1317401207.739 | feat 2524/8160 | map   2354 | icp ok  iter  3 corr  2012 rms 0.0724    7.28 ms | p=(  426.03   168.13  -0.66) v=5.01 m/s [KF]
[lio] t=1317401207.843 | feat 2495/8160 | map   2369 | icp ok  iter  4 corr  1980 rms 0.0499    8.96 ms | p=(  426.12   167.63  -0.64) v=4.93 m/s
[lio] t=1317401207.947 | feat 2535/8160 | map   2369 | icp ok  iter  3 corr  2006 rms 0.0556    6.77 ms | p=(  426.20   167.13  -0.62) v=4.92 m/s [KF]
[lio] t=1317401208.051 | feat 2634/8160 | map   2404 | icp ok  iter  4 corr  2154 rms 0.0793   11.03 ms | p=(  426.28   166.58  -0.60) v=5.20 m/s
[lio] t=1317401208.155 | feat 2423/8160 | map   2404 | icp ok  iter  3 corr  2035 rms 0.1072    8.10 ms | p=(  426.37   166.02  -0.57) v=5.36 m/s [KF]
[lio] t=1317401208.259 | feat 2489/8160 | map   2429 | icp ok  iter  4 corr  2068 rms 0.0338    9.77 ms | p=(  426.45   165.51  -0.57) v=5.11 m/s
[lio] t=1317401208.363 | feat 2503/8160 | map   2429 | icp ok  iter  4 corr  1973 rms 0.0441    9.53 ms | p=(  426.53   165.00  -0.55) v=5.06 m/s [KF]
[lio] t=1317401208.467 | feat 2660/8160 | map   2472 | icp ok  iter  5 corr  2106 rms 0.0405   12.17 ms | p=(  426.61   164.48  -0.53) v=5.05 m/s
[lio] t=1317401208.571 | feat 2605/8160 | map   2472 | icp ok  iter  5 corr  2051 rms 0.0418   12.34 ms | p=(  426.69   163.93  -0.52) v=5.20 m/s [KF]
[lio] t=1317401208.675 | feat 2952/8160 | map   2526 | icp ok  iter  4 corr  2402 rms 0.0423   12.99 ms | p=(  426.79   163.41  -0.50) v=5.10 m/s
[lio] t=1317401208.779 | feat 3114/8160 | map   2526 | icp ok  iter  4 corr  2571 rms 0.0496   12.69 ms | p=(  426.85   162.91  -0.49) v=4.96 m/s [KF]
[lio] t=1317401208.883 | feat 3359/8160 | map   2629 | icp ok  iter  4 corr  2898 rms 0.0302   12.33 ms | p=(  426.93   162.38  -0.48) v=5.02 m/s
[lio] t=1317401208.987 | feat 3503/8160 | map   2629 | icp ok  iter  3 corr  2947 rms 0.0343   10.17 ms | p=(  427.01   161.86  -0.47) v=5.06 m/s [KF]
[lio] t=1317401209.091 | feat 3272/8160 | map   2704 | icp ok  iter  3 corr  2784 rms 0.0307    9.35 ms | p=(  427.08   161.33  -0.46) v=5.03 m/s
[lio] t=1317401209.195 | feat 3289/8160 | map   2704 | icp ok  iter  3 corr  2772 rms 0.0279   10.27 ms | p=(  427.16   160.81  -0.46) v=5.04 m/s [KF]
[lio] t=1317401209.299 | feat 3424/8160 | map   2773 | icp ok  iter  3 corr  2949 rms 0.0272   10.35 ms | p=(  427.24   160.28  -0.45) v=5.09 m/s
[lio] t=1317401209.403 | feat 3369/8160 | map   2773 | icp ok  iter  3 corr  2804 rms 0.0294   10.13 ms | p=(  427.31   159.77  -0.44) v=4.98 m/s [KF]
[lio] t=1317401209.507 | feat 3308/8160 | map   2878 | icp ok  iter  3 corr  2816 rms 0.0278   10.05 ms | p=(  427.39   159.24  -0.44) v=5.06 m/s
[lio] t=1317401209.611 | feat 3257/8160 | map   2878 | icp ok  iter  3 corr  2794 rms 0.0276   10.24 ms | p=(  427.45   158.73  -0.43) v=4.96 m/s [KF]
[lio] t=1317401209.715 | feat 3109/8160 | map   2977 | icp ok  iter  3 corr  2678 rms 0.0250    9.92 ms | p=(  427.52   158.23  -0.43) v=4.88 m/s
[lio] t=1317401209.819 | feat 3243/8160 | map   2977 | icp ok  iter  3 corr  2737 rms 0.0251    9.69 ms | p=(  427.57   157.70  -0.42) v=4.99 m/s [KF]
[lio] t=1317401209.923 | feat 3321/8160 | map   3047 | icp ok  iter  5 corr  2888 rms 0.0217   17.60 ms | p=(  427.64   157.18  -0.41) v=4.98 m/s
[lio] t=1317401210.028 | feat 3431/8160 | map   3047 | icp ok  iter  3 corr  2961 rms 0.0266   11.22 ms | p=(  427.69   156.67  -0.41) v=4.91 m/s [KF]
[lio] t=1317401210.132 | feat 3513/8160 | map   3161 | icp ok  iter  4 corr  3041 rms 0.0277   13.36 ms | p=(  427.72   156.17  -0.40) v=4.77 m/s
[lio] t=1317401210.236 | feat 3436/8160 | map   3161 | icp ok  iter  4 corr  2967 rms 0.0260   13.63 ms | p=(  427.77   155.68  -0.39) v=4.66 m/s
[lio] t=1317401210.340 | feat 3487/8160 | map   3161 | icp ok  iter  3 corr  2948 rms 0.0279   10.74 ms | p=(  427.80   155.20  -0.39) v=4.55 m/s [KF]
[lio] t=1317401210.444 | feat 3472/8160 | map   3250 | icp ok  iter  3 corr  2977 rms 0.0486   12.73 ms | p=(  427.82   154.73  -0.38) v=4.46 m/s
[lio] t=1317401210.548 | feat 3362/8160 | map   3250 | icp ok  iter  4 corr  2877 rms 0.0319   13.62 ms | p=(  427.83   154.25  -0.37) v=4.43 m/s
[lio] t=1317401210.653 | feat 3443/8160 | map   3250 | icp ok  iter  3 corr  2958 rms 0.0299   10.82 ms | p=(  427.83   153.81  -0.36) v=4.24 m/s [KF]
[lio] t=1317401210.757 | feat 3625/8160 | map   3392 | icp ok  iter  4 corr  3138 rms 0.0269   14.00 ms | p=(  427.83   153.37  -0.35) v=4.12 m/s
[lio] t=1317401210.861 | feat 3549/8160 | map   3392 | icp ok  iter  4 corr  3078 rms 0.0297   13.46 ms | p=(  427.81   152.94  -0.33) v=4.02 m/s
[lio] t=1317401210.965 | feat 3585/8160 | map   3392 | icp ok  iter  4 corr  2999 rms 0.0272   13.19 ms | p=(  427.80   152.53  -0.31) v=3.87 m/s [KF]
[lio] t=1317401211.069 | feat 3829/8160 | map   3510 | icp ok  iter  3 corr  3252 rms 0.0299   12.14 ms | p=(  427.76   152.13  -0.29) v=3.73 m/s
[lio] t=1317401211.173 | feat 3858/8160 | map   3510 | icp ok  iter  4 corr  3270 rms 0.0306   15.77 ms | p=(  427.74   151.75  -0.27) v=3.53 m/s
[lio] t=1317401211.277 | feat 4072/8160 | map   3510 | icp ok  iter  4 corr  3411 rms 0.0253   16.43 ms | p=(  427.71   151.40  -0.26) v=3.31 m/s [KF]
[lio] t=1317401211.381 | feat 4096/8160 | map   3612 | icp ok  iter  3 corr  3510 rms 0.0219   12.57 ms | p=(  427.66   151.06  -0.25) v=3.23 m/s
[lio] t=1317401211.485 | feat 4117/8160 | map   3612 | icp ok  iter  4 corr  3483 rms 0.0240   18.92 ms | p=(  427.60   150.72  -0.24) v=3.23 m/s
[lio] t=1317401211.590 | feat 4336/8160 | map   3612 | icp ok  iter  3 corr  3669 rms 0.0258   11.69 ms | p=(  427.56   150.39  -0.23) v=3.18 m/s [KF]
[lio] t=1317401211.694 | feat 4222/8160 | map   3664 | icp ok  iter  4 corr  3527 rms 0.0527   17.26 ms | p=(  427.49   150.06  -0.22) v=3.17 m/s
[lio] t=1317401211.798 | feat 4424/8160 | map   3664 | icp ok  iter  4 corr  3742 rms 0.0412   17.53 ms | p=(  427.41   149.74  -0.21) v=3.14 m/s
[lio] t=1317401211.902 | feat 4318/8160 | map   3664 | icp ok  iter  3 corr  3595 rms 0.0462   12.86 ms | p=(  427.33   149.41  -0.20) v=3.15 m/s [KF]
[lio] t=1317401212.006 | feat 4486/8160 | map   3702 | icp ok  iter  4 corr  3838 rms 0.0260   18.27 ms | p=(  427.25   149.09  -0.19) v=3.10 m/s
[lio] t=1317401212.110 | feat 4340/8160 | map   3702 | icp ok  iter  4 corr  3636 rms 0.0270   16.05 ms | p=(  427.15   148.78  -0.18) v=3.09 m/s
[lio] t=1317401212.214 | feat 4505/8160 | map   3702 | icp ok  iter  4 corr  3797 rms 0.0553   17.32 ms | p=(  427.05   148.48  -0.17) v=3.00 m/s
[lio] t=1317401212.319 | feat 4257/8160 | map   3702 | icp ok  iter  3 corr  3580 rms 0.0326   14.51 ms | p=(  426.93   148.18  -0.16) v=3.02 m/s [KF]
[lio] t=1317401212.423 | feat 4229/8160 | map   3766 | icp ok  iter  4 corr  3561 rms 0.0269   15.43 ms | p=(  426.80   147.89  -0.15) v=3.00 m/s
[lio] t=1317401212.527 | feat 4247/8160 | map   3766 | icp ok  iter  4 corr  3612 rms 0.0315   18.27 ms | p=(  426.68   147.60  -0.15) v=2.97 m/s
[lio] t=1317401212.631 | feat 4267/8160 | map   3766 | icp ok  iter  4 corr  3637 rms 0.0389   15.56 ms | p=(  426.53   147.32  -0.14) v=3.07 m/s
[lio] t=1317401212.735 | feat 4221/8160 | map   3766 | icp ok  iter  3 corr  3545 rms 0.0347   12.88 ms | p=(  426.38   147.02  -0.14) v=3.15 m/s [KF]
[lio] t=1317401212.840 | feat 4392/8160 | map   3852 | icp ok  iter  4 corr  3763 rms 0.0324   17.96 ms | p=(  426.19   146.74  -0.13) v=3.25 m/s
[lio] t=1317401212.944 | feat 4396/8160 | map   3852 | icp ok  iter  4 corr  3776 rms 0.0339   18.06 ms | p=(  426.00   146.44  -0.12) v=3.39 m/s
[lio] t=1317401213.048 | feat 4331/8160 | map   3852 | icp ok  iter  4 corr  3623 rms 0.0318   16.85 ms | p=(  425.78   146.15  -0.10) v=3.48 m/s [KF]
[lio] t=1317401213.152 | feat 4133/8160 | map   3946 | icp ok  iter  4 corr  3510 rms 0.0334   19.14 ms | p=(  425.54   145.87  -0.08) v=3.56 m/s
[lio] t=1317401213.256 | feat 4134/8160 | map   3946 | icp ok  iter  5 corr  3604 rms 0.0351   21.31 ms | p=(  425.28   145.58  -0.04) v=3.72 m/s
[lio] t=1317401213.361 | feat 4088/8160 | map   3946 | icp ok  iter  5 corr  3478 rms 0.0398   22.11 ms | p=(  425.01   145.29  -0.02) v=3.82 m/s [KF]
[lio] t=1317401213.465 | feat 4060/8160 | map   3992 | icp ok  iter  5 corr  3507 rms 0.0580   26.19 ms | p=(  424.80   144.97   0.00) v=3.75 m/s
[lio] t=1317401213.569 | feat 4109/8160 | map   3992 | icp ok  iter  4 corr  3482 rms 0.0543   21.04 ms | p=(  424.53   144.69   0.02) v=3.80 m/s
[lio] t=1317401213.673 | feat 4120/8160 | map   3992 | icp ok  iter  4 corr  3484 rms 0.0570   18.55 ms | p=(  424.09   144.49   0.05) v=4.33 m/s [KF]
[lio] t=1317401213.777 | feat 3904/8160 | map   4026 | icp ok  iter  4 corr  3251 rms 0.0418   15.39 ms | p=(  423.73   144.22   0.07) v=4.38 m/s
[lio] t=1317401213.881 | feat 3992/8160 | map   4026 | icp ok  iter  4 corr  3373 rms 0.0455   18.63 ms | p=(  423.34   143.97   0.08) v=4.51 m/s
[lio] t=1317401213.985 | feat 4020/8160 | map   4026 | icp ok  iter  4 corr  3264 rms 0.0389   18.85 ms | p=(  422.93   143.72   0.10) v=4.63 m/s [KF]
[lio] t=1317401214.089 | feat 4200/8160 | map   4068 | icp ok  iter  4 corr  3475 rms 0.0417   19.13 ms | p=(  422.51   143.51   0.12) v=4.66 m/s
[lio] t=1317401214.193 | feat 4181/8160 | map   4068 | icp ok  iter  7 corr  3501 rms 0.0381   33.47 ms | p=(  422.03   143.30   0.14) v=5.01 m/s
[lio] t=1317401214.297 | feat 4397/8160 | map   4068 | icp ok  iter  4 corr  3659 rms 0.0408   19.71 ms | p=(  421.56   143.09   0.15) v=5.06 m/s [KF]
[lio] t=1317401214.401 | feat 4413/8160 | map   4110 | icp ok  iter  7 corr  3710 rms 0.0401   35.79 ms | p=(  421.02   142.89   0.16) v=5.47 m/s
[lio] t=1317401214.504 | feat 4200/8160 | map   4110 | icp ok  iter  5 corr  3470 rms 0.0403   25.31 ms | p=(  420.49   142.71   0.19) v=5.55 m/s [KF]
[lio] t=1317401214.608 | feat 4041/8160 | map   4135 | icp ok  iter  5 corr  3380 rms 0.0308   18.26 ms | p=(  419.93   142.55   0.22) v=5.68 m/s
[lio] t=1317401214.712 | feat 3645/8160 | map   4135 | icp ok  iter  4 corr  3104 rms 0.0352   16.02 ms | p=(  419.35   142.41   0.25) v=5.82 m/s [KF]
[lio] t=1317401214.816 | feat 3574/8160 | map   4175 | icp ok  iter  4 corr  3018 rms 0.0373   15.52 ms | p=(  418.75   142.27   0.27) v=6.01 m/s
[lio] t=1317401214.920 | feat 3795/8160 | map   4175 | icp ok  iter 12 corr  3282 rms 0.0396   57.29 ms | p=(  418.09   142.14   0.30) v=6.34 m/s [KF]
[lio] t=1317401215.023 | feat 3556/8160 | map   4214 | icp ok  iter  4 corr  3110 rms 0.0296   15.59 ms | p=(  417.42   142.03   0.32) v=6.61 m/s
[lio] t=1317401215.127 | feat 3398/8160 | map   4214 | icp ok  iter  4 corr  3009 rms 0.0344   16.47 ms | p=(  416.73   141.92   0.35) v=6.76 m/s [KF]
[lio] t=1317401215.231 | feat 3109/8160 | map   4261 | icp ok  iter  5 corr  2735 rms 0.0279   18.56 ms | p=(  416.02   141.81   0.39) v=6.95 m/s
[lio] t=1317401215.334 | feat 3132/8160 | map   4261 | icp ok  iter  4 corr  2664 rms 0.0353   12.76 ms | p=(  415.31   141.71   0.42) v=7.07 m/s [KF]
[lio] t=1317401215.438 | feat 2855/8160 | map   4283 | icp ok  iter  5 corr  2459 rms 0.0329   17.28 ms | p=(  414.57   141.62   0.44) v=7.22 m/s
[lio] t=1317401215.542 | feat 3015/8160 | map   4283 | icp ok  iter  4 corr  2579 rms 0.0379   13.58 ms | p=(  413.83   141.54   0.47) v=7.26 m/s [KF]
[lio] t=1317401215.645 | feat 2996/8160 | map   4334 | icp ok  iter  4 corr  2603 rms 0.0324   13.32 ms | p=(  413.07   141.46   0.49) v=7.47 m/s
[lio] t=1317401215.749 | feat 2842/8160 | map   4334 | icp ok  iter  4 corr  2432 rms 0.0491   11.97 ms | p=(  412.29   141.38   0.52) v=7.58 m/s [KF]
[lio] t=1317401215.853 | feat 2859/8160 | map   4346 | icp ok  iter  5 corr  2481 rms 0.0308   16.61 ms | p=(  411.50   141.27   0.55) v=7.78 m/s
[lio] t=1317401215.957 | feat 3036/8160 | map   4346 | icp ok  iter  3 corr  2569 rms 0.0375   10.20 ms | p=(  410.67   141.17   0.58) v=8.02 m/s [KF]
[lio] t=1317401216.060 | feat 2980/8160 | map   4358 | icp ok  iter  4 corr  2537 rms 0.0332   12.63 ms | p=(  409.86   141.07   0.61) v=8.06 m/s
[lio] t=1317401216.164 | feat 3031/8160 | map   4358 | icp ok  iter  4 corr  2570 rms 0.0342   12.20 ms | p=(  409.01   140.97   0.63) v=8.25 m/s [KF]
[lio] t=1317401216.268 | feat 2809/8160 | map   4356 | icp ok  iter  5 corr  2374 rms 0.0323   15.10 ms | p=(  408.14   140.85   0.67) v=8.49 m/s
[lio] t=1317401216.372 | feat 2702/8160 | map   4356 | icp ok  iter  5 corr  2274 rms 0.0324   14.67 ms | p=(  407.24   140.73   0.69) v=8.72 m/s [KF]
[lio] t=1317401216.475 | feat 2820/8160 | map   4366 | icp ok  iter  5 corr  2333 rms 0.0307   13.12 ms | p=(  406.40   140.63   0.73) v=8.40 m/s
[lio] t=1317401216.579 | feat 2987/8160 | map   4366 | icp ok  iter  4 corr  2557 rms 0.0491   14.66 ms | p=(  405.51   140.54   0.76) v=8.53 m/s [KF]
[lio] t=1317401216.683 | feat 2867/8160 | map   4398 | icp ok  iter  5 corr  2432 rms 0.0302   14.01 ms | p=(  404.58   140.38   0.79) v=8.89 m/s
[lio] t=1317401216.787 | feat 2939/8160 | map   4398 | icp ok  iter  4 corr  2484 rms 0.0535   11.68 ms | p=(  403.66   140.25   0.82) v=9.01 m/s [KF]
[lio] t=1317401216.891 | feat 3234/8160 | map   4416 | icp ok  iter  4 corr  2738 rms 0.0412   13.54 ms | p=(  402.75   140.12   0.85) v=8.90 m/s
[lio] t=1317401216.995 | feat 3214/8160 | map   4416 | icp ok  iter  4 corr  2711 rms 0.0445   12.38 ms | p=(  401.80   139.97   0.91) v=9.14 m/s [KF]
[lio] t=1317401217.099 | feat 3357/8160 | map   4452 | icp ok  iter  4 corr  2876 rms 0.0285   15.08 ms | p=(  400.87   139.84   0.93) v=9.04 m/s
[lio] t=1317401217.203 | feat 3373/8160 | map   4452 | icp ok  iter  3 corr  2793 rms 0.0319   11.71 ms | p=(  399.95   139.70   0.97) v=9.01 m/s [KF]
[lio] t=1317401217.306 | feat 3358/8160 | map   4471 | icp ok  iter  3 corr  2828 rms 0.0262   11.40 ms | p=(  399.02   139.56   1.00) v=9.01 m/s
[lio] t=1317401217.410 | feat 3127/8160 | map   4471 | icp ok  iter  3 corr  2558 rms 0.0425    8.87 ms | p=(  398.10   139.42   1.03) v=8.94 m/s [KF]
[lio] t=1317401217.514 | feat 3257/8160 | map   4470 | icp ok  iter  4 corr  2795 rms 0.0307   13.19 ms | p=(  397.16   139.27   1.05) v=9.05 m/s
[lio] t=1317401217.618 | feat 3108/8160 | map   4470 | icp ok  iter  5 corr  2555 rms 0.0401   15.65 ms | p=(  396.20   139.13   1.08) v=9.17 m/s [KF]
[lio] t=1317401217.722 | feat 3155/8160 | map   4487 | icp ok  iter  5 corr  2673 rms 0.0296   14.68 ms | p=(  395.26   138.99   1.09) v=9.15 m/s
[lio] t=1317401217.826 | feat 3118/8160 | map   4487 | icp ok  iter  4 corr  2580 rms 0.0344   11.83 ms | p=(  394.37   138.86   1.12) v=8.77 m/s [KF]
[lio] t=1317401217.930 | feat 3130/8160 | map   4488 | icp ok  iter  5 corr  2566 rms 0.0390   15.70 ms | p=(  393.43   138.72   1.14) v=8.98 m/s
[lio] t=1317401218.034 | feat 3080/8160 | map   4488 | icp ok  iter  4 corr  2430 rms 0.0321   11.75 ms | p=(  392.51   138.59   1.18) v=8.90 m/s [KF]
[lio] t=1317401218.138 | feat 3206/8160 | map   4480 | icp ok  iter  4 corr  2504 rms 0.0299   13.02 ms | p=(  391.60   138.45   1.19) v=8.87 m/s
[lio] t=1317401218.242 | feat 2644/8160 | map   4480 | icp ok  iter  4 corr  2087 rms 0.0334    9.48 ms | p=(  390.68   138.30   1.22) v=8.87 m/s [KF]
[lio] t=1317401218.346 | feat 2710/8160 | map   4458 | icp ok  iter  4 corr  2114 rms 0.0279   11.47 ms | p=(  389.76   138.17   1.25) v=8.89 m/s
[lio] t=1317401218.450 | feat 2879/8160 | map   4458 | icp ok  iter  4 corr  2143 rms 0.0273    9.70 ms | p=(  388.94   138.04   1.28) v=8.30 m/s [KF]
[lio] t=1317401218.554 | feat 2696/8160 | map   4440 | icp ok  iter  3 corr  2106 rms 0.0479    8.40 ms | p=(  387.99   137.90   1.31) v=8.78 m/s
[lio] t=1317401218.658 | feat 2781/8160 | map   4440 | icp ok  iter  4 corr  2145 rms 0.0354   10.49 ms | p=(  387.07   137.75   1.33) v=8.86 m/s [KF]
[lio] t=1317401218.762 | feat 2839/8160 | map   4396 | icp ok  iter  5 corr  2233 rms 0.0331   14.18 ms | p=(  386.20   137.62   1.37) v=8.54 m/s
[lio] t=1317401218.866 | feat 2671/8160 | map   4396 | icp ok  iter  4 corr  1984 rms 0.0332    9.32 ms | p=(  385.33   137.48   1.40) v=8.41 m/s [KF]
[lio] t=1317401218.970 | feat 2732/8160 | map   4362 | icp ok  iter  4 corr  2052 rms 0.0299    9.49 ms | p=(  384.50   137.34   1.42) v=8.11 m/s
[lio] t=1317401219.074 | feat 2913/8160 | map   4362 | icp ok  iter  5 corr  2230 rms 0.0383   15.27 ms | p=(  383.64   137.18   1.46) v=8.18 m/s [KF]
[lio] t=1317401219.178 | feat 3079/8160 | map   4333 | icp ok  iter  5 corr  2397 rms 0.0306   15.45 ms | p=(  382.77   137.05   1.49) v=8.20 m/s
[lio] t=1317401219.282 | feat 3060/8160 | map   4333 | icp ok  iter  3 corr  2288 rms 0.0384    9.54 ms | p=(  381.92   136.90   1.52) v=8.14 m/s [KF]
[lio] t=1317401219.386 | feat 3083/8160 | map   4275 | icp ok  iter 12 corr  2424 rms 0.0281   33.82 ms | p=(  381.16   136.76   1.56) v=7.55 m/s
[lio] t=1317401219.490 | feat 3200/8160 | map   4275 | icp ok  iter 12 corr  2473 rms 0.0366   34.48 ms | p=(  380.39   136.62   1.59) v=7.38 m/s [KF]
[lio] t=1317401219.594 | feat 3337/8160 | map   4205 | icp ok  iter  4 corr  2626 rms 0.0304   11.53 ms | p=(  379.65   136.49   1.62) v=7.11 m/s
[lio] t=1317401219.698 | feat 3374/8160 | map   4205 | icp ok  iter  5 corr  2637 rms 0.0337   16.82 ms | p=(  378.88   136.35   1.65) v=7.23 m/s [KF]
[lio] t=1317401219.802 | feat 3169/8160 | map   4164 | icp ok  iter  4 corr  2480 rms 0.0316   11.95 ms | p=(  378.16   136.21   1.67) v=6.92 m/s
[lio] t=1317401219.906 | feat 3327/8160 | map   4164 | icp ok  iter  5 corr  2540 rms 0.0279   15.66 ms | p=(  377.48   136.08   1.70) v=6.63 m/s [KF]
[lio] t=1317401220.010 | feat 3606/8160 | map   4119 | icp ok  iter 12 corr  2895 rms 0.0313   37.87 ms | p=(  376.80   135.95   1.73) v=6.50 m/s
[lio] t=1317401220.114 | feat 3361/8160 | map   4119 | icp ok  iter  5 corr  2555 rms 0.0420   14.37 ms | p=(  376.14   135.81   1.75) v=6.39 m/s [KF]
[lio] t=1317401220.218 | feat 3260/8160 | map   4079 | icp ok  iter  4 corr  2468 rms 0.0235    9.73 ms | p=(  375.49   135.67   1.77) v=6.31 m/s
[lio] t=1317401220.322 | feat 3100/8160 | map   4079 | icp ok  iter  4 corr  2314 rms 0.0264    9.88 ms | p=(  374.85   135.55   1.80) v=6.20 m/s [KF]
[lio] t=1317401220.426 | feat 3125/8160 | map   4054 | icp ok  iter  4 corr  2442 rms 0.0233   11.16 ms | p=(  374.22   135.42   1.83) v=6.02 m/s
[lio] t=1317401220.530 | feat 3221/8160 | map   4054 | icp ok  iter  4 corr  2510 rms 0.0263   10.18 ms | p=(  373.61   135.31   1.84) v=5.83 m/s [KF]
[lio] t=1317401220.634 | feat 3192/8160 | map   4026 | icp ok  iter  4 corr  2607 rms 0.0403   12.83 ms | p=(  373.05   135.16   1.85) v=5.44 m/s
[lio] t=1317401220.738 | feat 3205/8160 | map   4026 | icp ok  iter  4 corr  2573 rms 0.0209   11.14 ms | p=(  372.48   135.07   1.88) v=5.30 m/s [KF]
[lio] t=1317401220.842 | feat 3187/8160 | map   3980 | icp ok  iter  3 corr  2554 rms 0.0178    8.73 ms | p=(  371.97   134.97   1.90) v=4.89 m/s
[lio] t=1317401220.946 | feat 3320/8160 | map   3980 | icp ok  iter  3 corr  2680 rms 0.0204    8.61 ms | p=(  371.48   134.89   1.93) v=4.63 m/s [KF]
[lio] t=1317401221.050 | feat 3327/8160 | map   3973 | icp ok  iter  3 corr  2621 rms 0.0228    9.32 ms | p=(  371.03   134.79   1.94) v=4.37 m/s
[lio] t=1317401221.154 | feat 3517/8160 | map   3973 | icp ok  iter  4 corr  2896 rms 0.0371   13.38 ms | p=(  370.55   134.71   1.96) v=4.49 m/s
[lio] t=1317401221.258 | feat 3269/8160 | map   3973 | icp ok  iter  5 corr  2620 rms 0.0222   13.50 ms | p=(  370.08   134.61   1.97) v=4.47 m/s [KF]
[lio] t=1317401221.362 | feat 3330/8160 | map   3963 | icp ok  iter  4 corr  2748 rms 0.0198   12.10 ms | p=(  369.64   134.54   1.99) v=4.33 m/s
[lio] t=1317401221.466 | feat 3526/8160 | map   3963 | icp ok  iter  5 corr  2955 rms 0.0588   18.74 ms | p=(  369.14   134.45   2.01) v=4.64 m/s
[lio] t=1317401221.570 | feat 3547/8160 | map   3963 | icp ok  iter  4 corr  2940 rms 0.0280   13.29 ms | p=(  368.73   134.37   2.02) v=4.23 m/s [KF]
[lio] t=1317401221.674 | feat 3488/8160 | map   3974 | icp ok  iter  4 corr  3021 rms 0.0250   14.86 ms | p=(  368.28   134.29   2.03) v=4.28 m/s
[lio] t=1317401221.778 | feat 3739/8160 | map   3974 | icp ok  iter  4 corr  3226 rms 0.0315   15.31 ms | p=(  367.83   134.21   2.05) v=4.31 m/s
[lio] t=1317401221.882 | feat 3850/8160 | map   3974 | icp ok  iter  5 corr  3363 rms 0.0297   20.50 ms | p=(  367.39   134.13   2.07) v=4.20 m/s [KF]
[lio] t=1317401221.986 | feat 3908/8160 | map   4016 | icp ok  iter  4 corr  3500 rms 0.0554   15.28 ms | p=(  366.97   134.04   2.09) v=4.12 m/s
[lio] t=1317401222.090 | feat 3894/8160 | map   4016 | icp ok  iter  3 corr  3417 rms 0.0698   13.29 ms | p=(  366.54   133.96   2.10) v=4.10 m/s
[lio] t=1317401222.194 | feat 3788/8160 | map   4016 | icp ok  iter  4 corr  3351 rms 0.0480   16.90 ms | p=(  366.11   133.88   2.12) v=4.15 m/s [KF]
[lio] t=1317401222.298 | feat 3914/8160 | map   4098 | icp ok  iter  3 corr  3561 rms 0.0251   14.40 ms | p=(  365.69   133.78   2.13) v=4.17 m/s
[lio] t=1317401222.402 | feat 3661/8160 | map   4098 | icp ok  iter  5 corr  3224 rms 0.0246   19.28 ms | p=(  365.26   133.70   2.15) v=4.24 m/s
[lio] t=1317401222.505 | feat 3543/8160 | map   4098 | icp ok  iter  4 corr  3114 rms 0.0327   16.57 ms | p=(  364.83   133.59   2.18) v=4.28 m/s [KF]
[lio] t=1317401222.609 | feat 3629/8160 | map   4140 | icp ok  iter  4 corr  3265 rms 0.0289   13.73 ms | p=(  364.37   133.50   2.21) v=4.49 m/s
[lio] t=1317401222.713 | feat 3730/8160 | map   4140 | icp ok  iter  4 corr  3291 rms 0.0279   14.78 ms | p=(  363.90   133.40   2.23) v=4.62 m/s
[lio] t=1317401222.817 | feat 3833/8160 | map   4140 | icp ok  iter  5 corr  3345 rms 0.0278   21.10 ms | p=(  363.43   133.29   2.26) v=4.62 m/s [KF]
[lio] t=1317401222.921 | feat 3889/8160 | map   4200 | icp ok  iter 12 corr  3441 rms 0.0242   39.28 ms | p=(  362.94   133.19   2.28) v=4.82 m/s
[lio] t=1317401223.025 | feat 3847/8160 | map   4200 | icp ok  iter  4 corr  3309 rms 0.0389   16.01 ms | p=(  362.46   133.07   2.29) v=4.83 m/s
[lio] t=1317401223.129 | feat 3717/8160 | map   4200 | icp ok  iter  3 corr  3159 rms 0.0307   11.59 ms | p=(  361.97   132.94   2.30) v=4.94 m/s [KF]
[lio] t=1317401223.233 | feat 3767/8160 | map   4233 | icp ok  iter  4 corr  3310 rms 0.0211   13.61 ms | p=(  361.44   132.81   2.31) v=5.20 m/s
[lio] t=1317401223.337 | feat 3728/8160 | map   4233 | icp ok  iter  3 corr  3270 rms 0.0703   12.07 ms | p=(  360.91   132.68   2.32) v=5.27 m/s [KF]
[lio] t=1317401223.441 | feat 3743/8160 | map   4266 | icp ok  iter  4 corr  3305 rms 0.0220   15.33 ms | p=(  360.38   132.53   2.34) v=5.36 m/s
[lio] t=1317401223.545 | feat 3734/8160 | map   4266 | icp ok  iter  4 corr  3255 rms 0.0229   15.86 ms | p=(  359.81   132.40   2.36) v=5.62 m/s [KF]
[lio] t=1317401223.649 | feat 3643/8160 | map   4223 | icp ok  iter  5 corr  3163 rms 0.0226   19.73 ms | p=(  359.27   132.26   2.37) v=5.58 m/s
[lio] t=1317401223.753 | feat 3699/8160 | map   4223 | icp ok  iter  4 corr  3165 rms 0.0256   14.57 ms | p=(  358.68   132.12   2.38) v=5.78 m/s [KF]
[lio] t=1317401223.857 | feat 3710/8160 | map   4212 | icp ok  iter  4 corr  3153 rms 0.0331   14.76 ms | p=(  358.08   131.96   2.39) v=6.01 m/s
[lio] t=1317401223.961 | feat 3858/8160 | map   4212 | icp ok  iter  4 corr  3379 rms 0.0425   16.70 ms | p=(  357.49   131.79   2.40) v=6.00 m/s [KF]
[lio] t=1317401224.065 | feat 3808/8160 | map   4166 | icp ok  iter  4 corr  3319 rms 0.0271   17.77 ms | p=(  356.85   131.64   2.41) v=6.28 m/s
[lio] t=1317401224.169 | feat 3677/8160 | map   4166 | icp ok  iter  4 corr  3159 rms 0.0304   16.08 ms | p=(  356.21   131.48   2.44) v=6.44 m/s [KF]
[lio] t=1317401224.273 | feat 3757/8160 | map   4151 | icp ok  iter  5 corr  3321 rms 0.0292   22.53 ms | p=(  355.52   131.33   2.45) v=6.71 m/s
[lio] t=1317401224.377 | feat 3900/8160 | map   4151 | icp ok  iter  3 corr  3365 rms 0.0306   12.94 ms | p=(  354.85   131.16   2.46) v=6.78 m/s [KF]
[lio] t=1317401224.482 | feat 3667/8160 | map   4165 | icp ok  iter  4 corr  3178 rms 0.0318   18.77 ms | p=(  354.17   131.00   2.47) v=6.84 m/s
[lio] t=1317401224.586 | feat 3803/8160 | map   4165 | icp ok  iter  3 corr  3200 rms 0.0252    9.99 ms | p=(  353.45   130.85   2.49) v=7.07 m/s [KF]
[lio] t=1317401224.690 | feat 3826/8160 | map   4151 | icp ok  iter  3 corr  3264 rms 0.0273   12.31 ms | p=(  352.72   130.70   2.49) v=7.20 m/s
[lio] t=1317401224.794 | feat 3713/8160 | map   4151 | icp ok  iter  3 corr  3064 rms 0.0346   11.79 ms | p=(  351.96   130.57   2.52) v=7.43 m/s [KF]
[lio] t=1317401224.898 | feat 3709/8160 | map   4153 | icp ok  iter  5 corr  3090 rms 0.0324   18.45 ms | p=(  351.18   130.43   2.54) v=7.62 m/s
[lio] t=1317401225.002 | feat 3446/8160 | map   4153 | icp ok  iter  4 corr  2888 rms 0.0372   13.39 ms | p=(  350.36   130.31   2.55) v=7.88 m/s [KF]
[lio] t=1317401225.106 | feat 3686/8160 | map   4188 | icp ok  iter  4 corr  3072 rms 0.0334   14.25 ms | p=(  349.53   130.20   2.57) v=8.11 m/s
[lio] t=1317401225.210 | feat 3776/8160 | map   4188 | icp ok  iter  5 corr  3071 rms 0.0351   19.77 ms | p=(  348.70   130.11   2.59) v=8.19 m/s [KF]
[lio] t=1317401225.314 | feat 3636/8160 | map   4214 | icp ok  iter  4 corr  2964 rms 0.0313   15.68 ms | p=(  347.88   130.02   2.61) v=8.09 m/s
[lio] t=1317401225.418 | feat 3884/8160 | map   4214 | icp ok  iter  4 corr  3238 rms 0.0347   16.98 ms | p=(  346.93   129.92   2.64) v=8.87 m/s [KF]
[lio] t=1317401225.522 | feat 3718/8160 | map   4272 | icp ok  iter  4 corr  3022 rms 0.0324   15.68 ms | p=(  346.08   129.85   2.66) v=8.54 m/s
[lio] t=1317401225.626 | feat 3700/8160 | map   4272 | icp ok  iter  4 corr  2945 rms 0.0414   13.47 ms | p=(  345.18   129.77   2.68) v=8.69 m/s [KF]
[lio] t=1317401225.730 | feat 3868/8160 | map   4295 | icp ok  iter 12 corr  3163 rms 0.0385   45.05 ms | p=(  344.26   129.68   2.69) v=8.87 m/s
[lio] t=1317401225.833 | feat 3634/8160 | map   4295 | icp ok  iter  3 corr  2822 rms 0.0317   11.33 ms | p=(  343.34   129.61   2.71) v=9.00 m/s [KF]
[lio] t=1317401225.937 | feat 3760/8160 | map   4336 | icp ok  iter  5 corr  3035 rms 0.0348   17.28 ms | p=(  342.44   129.53   2.74) v=8.83 m/s
[lio] t=1317401226.041 | feat 3587/8160 | map   4336 | icp ok  iter  5 corr  2880 rms 0.0369   19.02 ms | p=(  341.47   129.46   2.76) v=9.26 m/s [KF]
[lio] t=1317401226.145 | feat 3649/8160 | map   4373 | icp ok  iter  4 corr  3007 rms 0.0338   13.42 ms | p=(  340.54   129.39   2.78) v=9.16 m/s
[lio] t=1317401226.249 | feat 3557/8160 | map   4373 | icp ok  iter  4 corr  2881 rms 0.0355   14.11 ms | p=(  339.57   129.30   2.78) v=9.33 m/s [KF]
[lio] t=1317401226.353 | feat 3687/8160 | map   4417 | icp ok  iter  4 corr  2957 rms 0.0331   14.41 ms | p=(  338.61   129.22   2.81) v=9.39 m/s
[lio] t=1317401226.457 | feat 3493/8160 | map   4417 | icp ok  iter  3 corr  2797 rms 0.0352    9.84 ms | p=(  337.62   129.14   2.84) v=9.49 m/s [KF]
[lio] t=1317401226.561 | feat 3457/8160 | map   4466 | icp ok  iter  4 corr  2876 rms 0.0355   16.37 ms | p=(  336.61   129.05   2.87) v=9.70 m/s [KF]
[lio] t=1317401226.664 | feat 3485/8160 | map   4496 | icp ok  iter  4 corr  2873 rms 0.0341   12.55 ms | p=(  335.64   128.96   2.89) v=9.52 m/s
[lio] t=1317401226.768 | feat 3513/8160 | map   4496 | icp ok  iter  4 corr  2862 rms 0.0497   15.30 ms | p=(  334.64   128.87   2.91) v=9.61 m/s [KF]
[lio] t=1317401226.872 | feat 3515/8160 | map   4519 | icp ok  iter 12 corr  2889 rms 0.0338   46.71 ms | p=(  333.68   128.79   2.93) v=9.33 m/s
[lio] t=1317401226.976 | feat 3693/8160 | map   4519 | icp ok  iter  4 corr  2847 rms 0.0479   14.45 ms | p=(  332.66   128.69   2.94) v=9.68 m/s [KF]
[lio] t=1317401227.080 | feat 3941/8160 | map   4564 | icp ok  iter  4 corr  3288 rms 0.0361   16.81 ms | p=(  331.67   128.60   2.97) v=9.58 m/s
[lio] t=1317401227.184 | feat 4037/8160 | map   4564 | icp ok  iter  4 corr  3194 rms 0.0332   14.97 ms | p=(  330.67   128.50   3.00) v=9.63 m/s [KF]
[lio] t=1317401227.288 | feat 4093/8160 | map   4625 | icp ok  iter  4 corr  3274 rms 0.0374   16.78 ms | p=(  329.68   128.39   3.02) v=9.57 m/s
[lio] t=1317401227.391 | feat 4061/8160 | map   4625 | icp ok  iter  4 corr  3229 rms 0.0473   15.37 ms | p=(  328.70   128.28   3.06) v=9.52 m/s [KF]
[lio] t=1317401227.495 | feat 4134/8160 | map   4604 | icp ok  iter  4 corr  3305 rms 0.0377   15.68 ms | p=(  327.71   128.15   3.07) v=9.54 m/s
[lio] t=1317401227.599 | feat 4080/8160 | map   4604 | icp ok  iter  4 corr  3331 rms 0.0367   15.83 ms | p=(  326.73   128.02   3.11) v=9.50 m/s [KF]
[lio] t=1317401227.703 | feat 3983/8160 | map   4605 | icp ok  iter  4 corr  3188 rms 0.0344   15.06 ms | p=(  325.76   127.89   3.13) v=9.37 m/s
[lio] t=1317401227.807 | feat 3886/8160 | map   4605 | icp ok  iter  4 corr  3059 rms 0.0381   13.14 ms | p=(  324.81   127.75   3.16) v=9.31 m/s [KF]
[lio] t=1317401227.911 | feat 3876/8160 | map   4577 | icp ok  iter  5 corr  2883 rms 0.0380   18.93 ms | p=(  323.84   127.60   3.18) v=9.32 m/s
[lio] t=1317401228.014 | feat 4045/8160 | map   4577 | icp ok  iter  7 corr  3047 rms 0.0462   27.78 ms | p=(  322.88   127.45   3.21) v=9.32 m/s [KF]
[lio] t=1317401228.118 | feat 4004/8160 | map   4535 | icp ok  iter  4 corr  3030 rms 0.0345   16.34 ms | p=(  321.92   127.30   3.24) v=9.27 m/s
[lio] t=1317401228.222 | feat 3672/8160 | map   4535 | icp ok  iter  5 corr  2758 rms 0.0408   18.54 ms | p=(  320.98   127.14   3.25) v=9.12 m/s [KF]
[lio] t=1317401228.326 | feat 3794/8160 | map   4536 | icp ok  iter  3 corr  2924 rms 0.0373   11.67 ms | p=(  320.06   126.98   3.27) v=8.91 m/s
[lio] t=1317401228.430 | feat 3820/8160 | map   4536 | icp ok  iter  4 corr  2855 rms 0.0481   14.46 ms | p=(  319.14   126.83   3.29) v=8.76 m/s [KF]
[lio] t=1317401228.534 | feat 4081/8160 | map   4514 | icp ok  iter  5 corr  3087 rms 0.0346   18.22 ms | p=(  318.26   126.68   3.32) v=8.53 m/s
[lio] t=1317401228.638 | feat 4007/8160 | map   4514 | icp ok  iter  4 corr  3010 rms 0.0451   16.02 ms | p=(  317.41   126.54   3.34) v=8.23 m/s [KF]
[lio] t=1317401228.742 | feat 4247/8160 | map   4480 | icp ok  iter  6 corr  3328 rms 0.0400   23.12 ms | p=(  316.56   126.40   3.36) v=8.09 m/s
[lio] t=1317401228.846 | feat 4175/8160 | map   4480 | icp ok  iter  4 corr  3245 rms 0.0361   15.85 ms | p=(  315.75   126.27   3.39) v=7.80 m/s [KF]
[lio] t=1317401228.950 | feat 4145/8160 | map   4465 | icp ok  iter  3 corr  3273 rms 0.0346   13.65 ms | p=(  314.95   126.13   3.41) v=7.61 m/s
[lio] t=1317401229.054 | feat 4175/8160 | map   4465 | icp ok  iter  7 corr  3274 rms 0.0341   27.91 ms | p=(  314.17   126.00   3.43) v=7.39 m/s [KF]
[lio] t=1317401229.158 | feat 4324/8160 | map   4464 | icp ok  iter  3 corr  3460 rms 0.0331   12.70 ms | p=(  313.42   125.86   3.45) v=7.14 m/s
[lio] t=1317401229.262 | feat 4178/8160 | map   4464 | icp ok  iter  5 corr  3330 rms 0.0332   18.09 ms | p=(  312.72   125.74   3.47) v=6.76 m/s [KF]
[lio] t=1317401229.366 | feat 4202/8160 | map   4402 | icp ok  iter  3 corr  3344 rms 0.0426   13.62 ms | p=(  312.04   125.62   3.48) v=6.47 m/s
[lio] t=1317401229.470 | feat 4176/8160 | map   4402 | icp ok  iter  5 corr  3338 rms 0.0394   21.45 ms | p=(  311.40   125.50   3.50) v=6.16 m/s [KF]
[lio] t=1317401229.574 | feat 4406/8160 | map   4368 | icp ok  iter  5 corr  3606 rms 0.0357   21.34 ms | p=(  310.77   125.39   3.51) v=5.92 m/s
[lio] t=1317401229.678 | feat 4382/8160 | map   4368 | icp ok  iter  4 corr  3608 rms 0.0362   16.27 ms | p=(  310.18   125.29   3.53) v=5.63 m/s [KF]
[lio] t=1317401229.782 | feat 4386/8160 | map   4342 | icp ok  iter  4 corr  3668 rms 0.0380   19.13 ms | p=(  309.62   125.20   3.54) v=5.32 m/s
[lio] t=1317401229.886 | feat 4301/8160 | map   4342 | icp ok  iter  4 corr  3567 rms 0.0353   16.59 ms | p=(  309.07   125.10   3.56) v=5.08 m/s [KF]
[lio] t=1317401229.990 | feat 4419/8160 | map   4291 | icp ok  iter  4 corr  3625 rms 0.0352   15.60 ms | p=(  308.56   125.01   3.57) v=4.82 m/s
[lio] t=1317401230.094 | feat 4332/8160 | map   4291 | icp ok  iter  3 corr  3511 rms 0.0368   13.56 ms | p=(  308.08   124.93   3.58) v=4.51 m/s [KF]
[lio] t=1317401230.198 | feat 4350/8160 | map   4243 | icp ok  iter  5 corr  3545 rms 0.0351   20.52 ms | p=(  307.65   124.86   3.58) v=4.19 m/s
[lio] t=1317401230.301 | feat 4320/8160 | map   4243 | icp ok  iter  4 corr  3549 rms 0.0358   17.41 ms | p=(  307.22   124.80   3.59) v=4.04 m/s
[lio] t=1317401230.405 | feat 4359/8160 | map   4243 | icp ok  iter  3 corr  3577 rms 0.0330   15.13 ms | p=(  306.79   124.73   3.60) v=4.04 m/s [KF]
[lio] t=1317401230.509 | feat 4212/8160 | map   4225 | icp ok  iter  5 corr  3557 rms 0.0285   21.53 ms | p=(  306.38   124.66   3.62) v=3.98 m/s
[lio] t=1317401230.613 | feat 4277/8160 | map   4225 | icp ok  iter  4 corr  3586 rms 0.0310   17.94 ms | p=(  305.98   124.60   3.62) v=3.90 m/s
[lio] t=1317401230.717 | feat 4087/8160 | map   4225 | icp ok  iter 12 corr  3348 rms 0.0312   48.31 ms | p=(  305.57   124.52   3.62) v=3.95 m/s [KF]
[lio] t=1317401230.821 | feat 4338/8160 | map   4244 | icp ok  iter  5 corr  3670 rms 0.0346   24.91 ms | p=(  305.15   124.45   3.62) v=3.97 m/s
[lio] t=1317401230.925 | feat 4322/8160 | map   4244 | icp ok  iter  3 corr  3604 rms 0.0400   12.65 ms | p=(  304.74   124.39   3.63) v=3.97 m/s
[lio] t=1317401231.029 | feat 4565/8160 | map   4244 | icp ok  iter  4 corr  3762 rms 0.0319   16.60 ms | p=(  304.33   124.33   3.65) v=3.93 m/s [KF]
[lio] t=1317401231.133 | feat 4544/8160 | map   4277 | icp ok  iter  4 corr  3900 rms 0.0279   19.56 ms | p=(  303.94   124.26   3.67) v=3.84 m/s
[lio] t=1317401231.237 | feat 4200/8160 | map   4277 | icp ok  iter  4 corr  3594 rms 0.0278   15.35 ms | p=(  303.53   124.19   3.68) v=3.86 m/s
[lio] t=1317401231.341 | feat 4669/8160 | map   4277 | icp ok  iter  3 corr  3958 rms 0.0300   14.14 ms | p=(  303.15   124.12   3.69) v=3.78 m/s [KF]
[lio] t=1317401231.445 | feat 4459/8160 | map   4320 | icp ok  iter  4 corr  3815 rms 0.0291   19.49 ms | p=(  302.75   124.05   3.69) v=3.82 m/s
[lio] t=1317401231.549 | feat 4593/8160 | map   4320 | icp ok  iter  4 corr  3885 rms 0.0257   17.76 ms | p=(  302.36   123.99   3.70) v=3.81 m/s
[lio] t=1317401231.653 | feat 4529/8160 | map   4320 | icp ok  iter  5 corr  3806 rms 0.0269   21.83 ms | p=(  301.97   123.92   3.71) v=3.84 m/s [KF]
[lio] t=1317401231.757 | feat 4572/8160 | map   4361 | icp ok  iter  4 corr  4007 rms 0.0344   20.14 ms | p=(  301.56   123.83   3.72) v=3.99 m/s
[lio] t=1317401231.861 | feat 4528/8160 | map   4361 | icp ok  iter  3 corr  4061 rms 0.0309   14.35 ms | p=(  301.15   123.75   3.73) v=4.02 m/s
[lio] t=1317401231.965 | feat 4431/8160 | map   4361 | icp ok  iter  3 corr  3941 rms 0.0284   14.70 ms | p=(  300.73   123.66   3.75) v=4.16 m/s [KF]
[lio] t=1317401232.068 | feat 4474/8160 | map   4412 | icp ok  iter  4 corr  3945 rms 0.0293   18.48 ms | p=(  300.31   123.59   3.76) v=4.11 m/s
[lio] t=1317401232.172 | feat 4221/8160 | map   4412 | icp ok  iter  5 corr  3751 rms 0.0283   23.74 ms | p=(  299.88   123.50   3.77) v=4.25 m/s
[lio] t=1317401232.276 | feat 4316/8160 | map   4412 | icp ok  iter  3 corr  3795 rms 0.0262   12.55 ms | p=(  299.45   123.39   3.77) v=4.32 m/s [KF]
[lio] t=1317401232.380 | feat 4251/8160 | map   4439 | icp ok  iter  4 corr  3751 rms 0.0272   18.69 ms | p=(  299.00   123.28   3.77) v=4.46 m/s
[lio] t=1317401232.484 | feat 4209/8160 | map   4439 | icp ok  iter  4 corr  3761 rms 0.0236   16.13 ms | p=(  298.54   123.16   3.77) v=4.61 m/s
[lio] t=1317401232.588 | feat 4259/8160 | map   4439 | icp ok  iter  3 corr  3819 rms 0.0292   15.11 ms | p=(  298.05   123.05   3.79) v=4.78 m/s [KF]
[lio] t=1317401232.692 | feat 4220/8160 | map   4423 | icp ok  iter  5 corr  3797 rms 0.0275   22.20 ms | p=(  297.58   122.94   3.80) v=4.80 m/s
[lio] t=1317401232.796 | feat 4128/8160 | map   4423 | icp ok  iter  5 corr  3660 rms 0.0250   20.55 ms | p=(  297.08   122.82   3.82) v=4.99 m/s [KF]
[lio] t=1317401232.900 | feat 4019/8160 | map   4466 | icp ok  iter  4 corr  3649 rms 0.0297   18.44 ms | p=(  296.56   122.69   3.84) v=5.17 m/s
[lio] t=1317401233.004 | feat 3931/8160 | map   4466 | icp ok  iter  4 corr  3508 rms 0.0276   17.45 ms | p=(  296.04   122.55   3.84) v=5.26 m/s [KF]
[lio] t=1317401233.108 | feat 4000/8160 | map   4507 | icp ok  iter  4 corr  3592 rms 0.0274   18.09 ms | p=(  295.50   122.39   3.86) v=5.44 m/s
[lio] t=1317401233.212 | feat 4021/8160 | map   4507 | icp ok  iter  2 corr  3444 rms 0.0271    9.21 ms | p=(  294.94   122.25   3.86) v=5.56 m/s [KF]
[lio] t=1317401233.316 | feat 4058/8160 | map   4518 | icp ok  iter  4 corr  3606 rms 0.0265   16.02 ms | p=(  294.36   122.09   3.87) v=5.79 m/s
[lio] t=1317401233.420 | feat 4018/8160 | map   4518 | icp ok  iter  4 corr  3524 rms 0.0311   17.55 ms | p=(  293.78   121.94   3.89) v=5.89 m/s [KF]
[lio] t=1317401233.524 | feat 3767/8160 | map   4560 | icp ok  iter  5 corr  3392 rms 0.0354   19.82 ms | p=(  293.18   121.78   3.91) v=6.05 m/s
[lio] t=1317401233.628 | feat 3856/8160 | map   4560 | icp ok  iter  3 corr  3344 rms 0.0325   12.09 ms | p=(  292.57   121.62   3.93) v=6.15 m/s [KF]
[lio] t=1317401233.732 | feat 3982/8160 | map   4601 | icp ok  iter  3 corr  3452 rms 0.0316   12.98 ms | p=(  291.94   121.45   3.95) v=6.28 m/s
[lio] t=1317401233.836 | feat 4081/8160 | map   4601 | icp ok  iter  3 corr  3604 rms 0.0348   13.72 ms | p=(  291.29   121.29   3.96) v=6.43 m/s [KF]
[lio] t=1317401233.940 | feat 4049/8160 | map   4645 | icp ok  iter  4 corr  3568 rms 0.0324   17.42 ms | p=(  290.66   121.12   3.95) v=6.46 m/s
[lio] t=1317401234.044 | feat 3988/8160 | map   4645 | icp ok  iter  2 corr  3516 rms 0.0313    8.67 ms | p=(  289.99   120.97   3.96) v=6.58 m/s [KF]
[lio] t=1317401234.148 | feat 3996/8160 | map   4653 | icp ok  iter  3 corr  3562 rms 0.0244   11.57 ms | p=(  289.30   120.82   3.97) v=6.75 m/s
[lio] t=1317401234.252 | feat 4187/8160 | map   4653 | icp ok  iter  4 corr  3809 rms 0.0297   21.83 ms | p=(  288.62   120.66   3.98) v=6.84 m/s [KF]
[lio] t=1317401234.356 | feat 4184/8160 | map   4668 | icp ok  iter  4 corr  3740 rms 0.0305   15.36 ms | p=(  287.91   120.52   3.99) v=6.96 m/s
[lio] t=1317401234.460 | feat 4177/8160 | map   4668 | icp ok  iter  3 corr  3685 rms 0.0372   14.12 ms | p=(  287.21   120.39   4.02) v=6.94 m/s [KF]
[lio] t=1317401234.565 | feat 4384/8160 | map   4713 | icp ok  iter  3 corr  3933 rms 0.0368   15.84 ms | p=(  286.49   120.27   4.04) v=7.03 m/s
[lio] t=1317401234.669 | feat 4201/8160 | map   4713 | icp ok  iter  5 corr  3750 rms 0.0351   24.95 ms | p=(  285.74   120.15   4.06) v=7.20 m/s [KF]
[lio] t=1317401234.773 | feat 3799/8160 | map   4745 | icp ok  iter  5 corr  3290 rms 0.0358   19.40 ms | p=(  284.99   120.05   4.08) v=7.31 m/s
[lio] t=1317401234.877 | feat 3682/8160 | map   4745 | icp ok  iter  4 corr  3123 rms 0.0384   14.37 ms | p=(  284.24   119.96   4.10) v=7.32 m/s [KF]
[lio] t=1317401234.981 | feat 3571/8160 | map   4754 | icp ok  iter 12 corr  3037 rms 0.0388   47.13 ms | p=(  283.50   119.90   4.12) v=7.26 m/s
[lio] t=1317401235.085 | feat 3350/8160 | map   4754 | icp ok  iter  4 corr  2748 rms 0.0423   12.88 ms | p=(  282.70   119.85   4.14) v=7.58 m/s [KF]
[lio] t=1317401235.189 | feat 3221/8160 | map   4780 | icp ok  iter  5 corr  2699 rms 0.0352   15.94 ms | p=(  281.89   119.80   4.15) v=7.73 m/s
[lio] t=1317401235.293 | feat 3298/8160 | map   4780 | icp ok  iter  5 corr  2758 rms 0.0412   16.95 ms | p=(  281.08   119.78   4.16) v=7.84 m/s [KF]
[lio] t=1317401235.397 | feat 3330/8160 | map   4810 | icp ok  iter  5 corr  2853 rms 0.0388   19.37 ms | p=(  280.30   119.77   4.18) v=7.68 m/s
[lio] t=1317401235.500 | feat 3273/8160 | map   4810 | icp ok  iter  4 corr  2802 rms 0.0368   13.77 ms | p=(  279.47   119.76   4.21) v=7.94 m/s [KF]
[lio] t=1317401235.604 | feat 3613/8160 | map   4858 | icp ok  iter  5 corr  3080 rms 0.0425   20.22 ms | p=(  278.55   119.73   4.24) v=8.54 m/s
[lio] t=1317401235.708 | feat 3592/8160 | map   4858 | icp ok  iter  5 corr  3110 rms 0.0519   20.81 ms | p=(  277.77   119.71   4.26) v=8.01 m/s [KF]
[lio] t=1317401235.812 | feat 3592/8160 | map   4916 | icp ok  iter  5 corr  3073 rms 0.0379   18.86 ms | p=(  276.94   119.69   4.29) v=8.08 m/s
[lio] t=1317401235.915 | feat 3653/8160 | map   4916 | icp ok  iter  5 corr  3215 rms 0.0643   20.82 ms | p=(  276.11   119.66   4.30) v=8.08 m/s [KF]
[lio] t=1317401236.019 | feat 3478/8160 | map   4949 | icp ok  iter  4 corr  2972 rms 0.0537   14.66 ms | p=(  275.24   119.63   4.32) v=8.33 m/s
[lio] t=1317401236.123 | feat 3217/8160 | map   4949 | icp ok  iter 12 corr  2744 rms 0.0441   48.88 ms | p=(  274.37   119.59   4.34) v=8.41 m/s [KF]
[lio] t=1317401236.226 | feat 3227/8160 | map   5005 | icp ok  iter  4 corr  2694 rms 0.0290   13.53 ms | p=(  273.48   119.53   4.35) v=8.56 m/s
[lio] t=1317401236.330 | feat 3166/8160 | map   5005 | icp ok  iter  6 corr  2620 rms 0.0347   19.25 ms | p=(  272.62   119.48   4.37) v=8.45 m/s [KF]
[lio] t=1317401236.434 | feat 3115/8160 | map   5046 | icp ok  iter  4 corr  2686 rms 0.0349   13.93 ms | p=(  271.70   119.40   4.39) v=8.79 m/s
[lio] t=1317401236.538 | feat 3211/8160 | map   5046 | icp ok  iter  3 corr  2711 rms 0.0300   10.27 ms | p=(  270.79   119.32   4.41) v=8.86 m/s [KF]
[lio] t=1317401236.642 | feat 3104/8160 | map   5068 | icp ok  iter  5 corr  2631 rms 0.0302   15.36 ms | p=(  269.92   119.25   4.43) v=8.63 m/s
[lio] t=1317401236.745 | feat 3082/8160 | map   5068 | icp ok  iter 12 corr  2648 rms 0.0420   37.89 ms | p=(  268.92   119.12   4.47) v=9.31 m/s [KF]
[lio] t=1317401236.849 | feat 3476/8160 | map   5082 | icp ok  iter  4 corr  2788 rms 0.0401   16.24 ms | p=(  268.00   119.02   4.48) v=9.10 m/s
[lio] t=1317401236.953 | feat 3365/8160 | map   5082 | icp ok  iter  6 corr  2723 rms 0.0407   21.89 ms | p=(  267.06   118.91   4.50) v=9.09 m/s [KF]
[lio] t=1317401237.057 | feat 3364/8160 | map   5112 | icp ok  iter  4 corr  2933 rms 0.0317   15.71 ms | p=(  266.13   118.80   4.53) v=9.05 m/s
[lio] t=1317401237.161 | feat 3450/8160 | map   5112 | icp ok  iter  4 corr  2975 rms 0.0387   14.15 ms | p=(  265.23   118.68   4.54) v=8.89 m/s [KF]
[lio] t=1317401237.265 | feat 3293/8160 | map   5141 | icp ok  iter  4 corr  2749 rms 0.0342   12.81 ms | p=(  264.29   118.56   4.58) v=8.99 m/s
[lio] t=1317401237.369 | feat 3322/8160 | map   5141 | icp ok  iter  4 corr  2738 rms 0.0281   11.26 ms | p=(  263.37   118.43   4.59) v=8.96 m/s [KF]
[lio] t=1317401237.472 | feat 3187/8160 | map   5121 | icp ok  iter  5 corr  2549 rms 0.0280   16.41 ms | p=(  262.47   118.31   4.61) v=8.82 m/s
[lio] t=1317401237.576 | feat 3098/8160 | map   5121 | icp ok  iter 12 corr  2479 rms 0.0347   37.45 ms | p=(  261.53   118.18   4.63) v=9.01 m/s [KF]
[lio] t=1317401237.680 | feat 3110/8160 | map   5104 | icp ok  iter  5 corr  2558 rms 0.0272   15.25 ms | p=(  260.62   118.04   4.66) v=8.87 m/s
[lio] t=1317401237.784 | feat 3104/8160 | map   5104 | icp ok  iter  4 corr  2493 rms 0.0346   11.73 ms | p=(  259.71   117.93   4.68) v=8.78 m/s [KF]
[lio] t=1317401237.888 | feat 3093/8160 | map   5089 | icp ok  iter 12 corr  2539 rms 0.0257   32.73 ms | p=(  258.80   117.81   4.70) v=8.76 m/s
[lio] t=1317401237.992 | feat 3112/8160 | map   5089 | icp ok  iter  3 corr  2578 rms 0.0314    8.97 ms | p=(  257.92   117.68   4.73) v=8.65 m/s [KF]
[lio] t=1317401238.096 | feat 3177/8160 | map   5061 | icp ok  iter  4 corr  2739 rms 0.0282   13.57 ms | p=(  257.01   117.57   4.75) v=8.69 m/s
[lio] t=1317401238.200 | feat 3246/8160 | map   5061 | icp ok  iter  4 corr  2758 rms 0.0352   12.73 ms | p=(  256.12   117.45   4.77) v=8.64 m/s [KF]
[lio] t=1317401238.304 | feat 3094/8160 | map   5017 | icp ok  iter  4 corr  2598 rms 0.0355   13.11 ms | p=(  255.22   117.32   4.79) v=8.67 m/s
[lio] t=1317401238.408 | feat 3186/8160 | map   5017 | icp ok  iter  4 corr  2610 rms 0.0287   12.47 ms | p=(  254.34   117.19   4.81) v=8.61 m/s [KF]
[lio] t=1317401238.512 | feat 3207/8160 | map   4965 | icp ok  iter  4 corr  2670 rms 0.0309   12.81 ms | p=(  253.43   117.08   4.82) v=8.64 m/s
[lio] t=1317401238.616 | feat 3201/8160 | map   4965 | icp ok  iter  5 corr  2600 rms 0.0627   16.43 ms | p=(  252.56   116.96   4.83) v=8.48 m/s [KF]
[lio] t=1317401238.720 | feat 3328/8160 | map   4899 | icp ok  iter  4 corr  2794 rms 0.0356   13.52 ms | p=(  251.69   116.85   4.84) v=8.39 m/s
[lio] t=1317401238.824 | feat 3402/8160 | map   4899 | icp ok  iter  4 corr  2847 rms 0.0313   12.86 ms | p=(  250.83   116.74   4.84) v=8.27 m/s [KF]
[lio] t=1317401238.928 | feat 3330/8160 | map   4828 | icp ok  iter  5 corr  2774 rms 0.0270   16.00 ms | p=(  249.97   116.63   4.86) v=8.22 m/s
[lio] t=1317401239.032 | feat 3345/8160 | map   4828 | icp ok  iter  4 corr  2722 rms 0.0277   11.97 ms | p=(  249.13   116.53   4.88) v=8.08 m/s [KF]
[lio] t=1317401239.135 | feat 3412/8160 | map   4709 | icp ok  iter  5 corr  2861 rms 0.0281   16.04 ms | p=(  248.32   116.43   4.90) v=7.86 m/s
[lio] t=1317401239.239 | feat 3637/8160 | map   4709 | icp ok  iter  4 corr  2998 rms 0.0311   16.34 ms | p=(  247.50   116.32   4.91) v=7.80 m/s [KF]
[lio] t=1317401239.343 | feat 3490/8160 | map   4574 | icp ok  iter  4 corr  2883 rms 0.0305   12.71 ms | p=(  246.73   116.23   4.93) v=7.44 m/s
[lio] t=1317401239.447 | feat 3439/8160 | map   4574 | icp ok  iter  3 corr  2880 rms 0.0321   10.26 ms | p=(  245.95   116.13   4.95) v=7.40 m/s [KF]
[lio] t=1317401239.551 | feat 3418/8160 | map   4445 | icp ok  iter  4 corr  2810 rms 0.0328   14.79 ms | p=(  245.18   116.03   4.96) v=7.29 m/s
[lio] t=1317401239.655 | feat 3645/8160 | map   4445 | icp ok  iter  4 corr  3040 rms 0.0392   15.30 ms | p=(  244.45   115.94   4.98) v=6.99 m/s [KF]
[lio] t=1317401239.759 | feat 3744/8160 | map   4318 | icp ok  iter  4 corr  3113 rms 0.0407   15.66 ms | p=(  243.73   115.84   5.00) v=6.83 m/s
[lio] t=1317401239.863 | feat 3722/8160 | map   4318 | icp ok  iter  4 corr  3033 rms 0.0381   15.49 ms | p=(  243.06   115.75   5.00) v=6.47 m/s [KF]
[lio] t=1317401239.967 | feat 3454/8160 | map   4155 | icp ok  iter  4 corr  2772 rms 0.0313   15.80 ms | p=(  242.40   115.66   5.02) v=6.20 m/s
[lio] t=1317401240.071 | feat 3709/8160 | map   4155 | icp ok  iter  4 corr  3055 rms 0.0327   15.76 ms | p=(  241.79   115.58   5.03) v=5.89 m/s [KF]
[lio] t=1317401240.175 | feat 3701/8160 | map   4033 | icp ok  iter  4 corr  3074 rms 0.0347   12.98 ms | p=(  241.17   115.49   5.05) v=5.75 m/s
[lio] t=1317401240.279 | feat 3822/8160 | map   4033 | icp ok  iter  4 corr  3099 rms 0.0337   14.56 ms | p=(  240.60   115.42   5.06) v=5.39 m/s [KF]
[lio] t=1317401240.383 | feat 3822/8160 | map   3948 | icp ok  iter  3 corr  3151 rms 0.0332   10.35 ms | p=(  240.06   115.34   5.08) v=5.11 m/s
[lio] t=1317401240.487 | feat 3926/8160 | map   3948 | icp ok  iter  4 corr  3244 rms 0.0338   14.83 ms | p=(  239.54   115.26   5.10) v=4.87 m/s [KF]
[lio] t=1317401240.591 | feat 3704/8160 | map   3906 | icp ok  iter  4 corr  2991 rms 0.0358   14.75 ms | p=(  239.07   115.19   5.10) v=4.53 m/s
[lio] t=1317401240.695 | feat 3709/8160 | map   3906 | icp ok  iter  4 corr  2998 rms 0.0363   13.88 ms | p=(  238.60   115.11   5.11) v=4.40 m/s
[lio] t=1317401240.799 | feat 3699/8160 | map   3906 | icp ok  iter  4 corr  2897 rms 0.0321   15.62 ms | p=(  238.18   115.05   5.12) v=3.99 m/s [KF]
[lio] t=1317401240.903 | feat 3728/8160 | map   3897 | icp ok  iter  4 corr  2976 rms 0.0290   13.68 ms | p=(  237.76   114.97   5.13) v=3.91 m/s
[lio] t=1317401241.006 | feat 3633/8160 | map   3897 | icp ok  iter  3 corr  2877 rms 0.0309   11.07 ms | p=(  237.37   114.90   5.13) v=3.73 m/s
[lio] t=1317401241.110 | feat 3843/8160 | map   3897 | icp ok  iter  5 corr  3050 rms 0.0323   18.38 ms | p=(  236.98   114.82   5.14) v=3.66 m/s [KF]
[lio] t=1317401241.214 | feat 3884/8160 | map   3926 | icp ok  iter  6 corr  3307 rms 0.0289   23.85 ms | p=(  236.64   114.75   5.15) v=3.35 m/s
[lio] t=1317401241.318 | feat 3861/8160 | map   3926 | icp ok  iter  3 corr  3137 rms 0.0294   10.71 ms | p=(  236.30   114.68   5.16) v=3.31 m/s
[lio] t=1317401241.422 | feat 3927/8160 | map   3926 | icp ok  iter  4 corr  3217 rms 0.0283   15.48 ms | p=(  235.96   114.61   5.17) v=3.24 m/s [KF]
[lio] t=1317401241.526 | feat 3954/8160 | map   3983 | icp ok  iter  3 corr  3248 rms 0.0306   12.94 ms | p=(  235.61   114.52   5.18) v=3.30 m/s
[lio] t=1317401241.630 | feat 3886/8160 | map   3983 | icp ok  iter  5 corr  3206 rms 0.0285   17.94 ms | p=(  235.34   114.47   5.18) v=2.81 m/s
[lio] t=1317401241.734 | feat 3894/8160 | map   3983 | icp ok  iter  4 corr  3242 rms 0.0274   16.80 ms | p=(  234.99   114.37   5.19) v=3.15 m/s
[lio] t=1317401241.838 | feat 4031/8160 | map   3983 | icp ok  iter  4 corr  3446 rms 0.0276   18.26 ms | p=(  234.74   114.31   5.19) v=2.66 m/s [KF]
[lio] t=1317401241.942 | feat 3988/8160 | map   4075 | icp ok  iter  5 corr  3545 rms 0.0225   19.44 ms | p=(  234.44   114.22   5.20) v=2.81 m/s
[lio] t=1317401242.046 | feat 4074/8160 | map   4075 | icp ok  iter  4 corr  3593 rms 0.0230   15.78 ms | p=(  234.18   114.14   5.20) v=2.64 m/s
[lio] t=1317401242.150 | feat 4134/8160 | map   4075 | icp ok  iter  4 corr  3622 rms 0.0236   16.91 ms | p=(  233.92   114.06   5.21) v=2.57 m/s
[lio] t=1317401242.254 | feat 4158/8160 | map   4075 | icp ok  iter 12 corr  3693 rms 0.0255   54.19 ms | p=(  233.67   113.98   5.21) v=2.50 m/s [KF]
[lio] t=1317401242.358 | feat 4005/8160 | map   4141 | icp ok  iter  4 corr  3525 rms 0.0244   15.40 ms | p=(  233.42   113.88   5.23) v=2.51 m/s
[lio] t=1317401242.461 | feat 3943/8160 | map   4141 | icp ok  iter  3 corr  3451 rms 0.0222   12.82 ms | p=(  233.18   113.79   5.24) v=2.48 m/s
[lio] t=1317401242.565 | feat 4004/8160 | map   4141 | icp ok  iter  4 corr  3497 rms 0.0241   15.85 ms | p=(  232.96   113.69   5.25) v=2.37 m/s
[lio] t=1317401242.669 | feat 3983/8160 | map   4141 | icp ok  iter 12 corr  3485 rms 0.0274   47.84 ms | p=(  232.74   113.58   5.25) v=2.35 m/s [KF]
[lio] t=1317401242.773 | feat 4115/8160 | map   4295 | icp ok  iter  4 corr  3733 rms 0.0263   18.91 ms | p=(  232.51   113.47   5.27) v=2.34 m/s
[lio] t=1317401242.877 | feat 4037/8160 | map   4295 | icp ok  iter  4 corr  3605 rms 0.0271   18.63 ms | p=(  232.31   113.37   5.28) v=2.20 m/s
[lio] t=1317401242.980 | feat 4019/8160 | map   4295 | icp ok  iter  3 corr  3590 rms 0.0288   11.51 ms | p=(  232.10   113.25   5.28) v=2.26 m/s
[lio] t=1317401243.084 | feat 4053/8160 | map   4295 | icp ok  iter  3 corr  3643 rms 0.0273   16.20 ms | p=(  231.87   113.12   5.29) v=2.43 m/s
[lio] t=1317401243.188 | feat 4004/8160 | map   4295 | icp ok  iter  3 corr  3581 rms 0.0263   15.01 ms | p=(  231.66   112.98   5.29) v=2.50 m/s [KF]
[lio] t=1317401243.292 | feat 4034/8160 | map   4396 | icp ok  iter  4 corr  3674 rms 0.0223   16.54 ms | p=(  231.47   112.84   5.29) v=2.41 m/s
[lio] t=1317401243.395 | feat 4120/8160 | map   4396 | icp ok  iter  4 corr  3707 rms 0.0247   16.77 ms | p=(  231.25   112.67   5.29) v=2.64 m/s
[lio] t=1317401243.499 | feat 3977/8160 | map   4396 | icp ok  iter  3 corr  3527 rms 0.0277   14.76 ms | p=(  231.01   112.49   5.29) v=2.84 m/s
[lio] t=1317401243.603 | feat 4163/8160 | map   4396 | icp ok  iter  3 corr  3700 rms 0.0273   14.07 ms | p=(  230.81   112.32   5.29) v=2.75 m/s [KF]
[lio] t=1317401243.707 | feat 3995/8160 | map   4481 | icp ok  iter  3 corr  3627 rms 0.0247   12.95 ms | p=(  230.59   112.12   5.30) v=2.89 m/s
[lio] t=1317401243.810 | feat 4063/8160 | map   4481 | icp ok  iter  4 corr  3624 rms 0.0248   18.22 ms | p=(  230.34   111.89   5.30) v=3.23 m/s
[lio] t=1317401243.914 | feat 4039/8160 | map   4481 | icp ok  iter  4 corr  3597 rms 0.0267   16.46 ms | p=(  230.10   111.65   5.32) v=3.31 m/s
[lio] t=1317401244.018 | feat 4096/8160 | map   4481 | icp ok  iter  4 corr  3651 rms 0.0331   16.23 ms | p=(  229.89   111.38   5.31) v=3.39 m/s [KF]
[lio] t=1317401244.121 | feat 3894/8160 | map   4545 | icp ok  iter  5 corr  3475 rms 0.0235   20.31 ms | p=(  229.66   111.09   5.32) v=3.59 m/s
[lio] t=1317401244.225 | feat 3786/8160 | map   4545 | icp ok  iter  5 corr  3334 rms 0.0267   20.19 ms | p=(  229.44   110.80   5.32) v=3.66 m/s
[lio] t=1317401244.329 | feat 3731/8160 | map   4545 | icp ok  iter 12 corr  3210 rms 0.0220   45.68 ms | p=(  229.22   110.46   5.33) v=3.89 m/s [KF]
[lio] t=1317401244.433 | feat 3789/8160 | map   4585 | icp ok  iter  4 corr  3401 rms 0.0220   17.07 ms | p=(  229.01   110.12   5.33) v=3.92 m/s
[lio] t=1317401244.536 | feat 4006/8160 | map   4585 | icp ok  iter  4 corr  3571 rms 0.0287   16.73 ms | p=(  228.79   109.75   5.35) v=4.18 m/s
[lio] t=1317401244.640 | feat 4013/8160 | map   4585 | icp ok  iter  4 corr  3548 rms 0.0327   16.85 ms | p=(  228.60   109.39   5.36) v=4.17 m/s [KF]
[lio] t=1317401244.744 | feat 3832/8160 | map   4672 | icp ok  iter  5 corr  3453 rms 0.0312   20.56 ms | p=(  228.40   108.94   5.36) v=4.59 m/s
[lio] t=1317401244.848 | feat 3989/8160 | map   4672 | icp ok  iter  4 corr  3533 rms 0.0341   17.68 ms | p=(  228.24   108.53   5.37) v=4.52 m/s
[lio] t=1317401244.952 | feat 4082/8160 | map   4672 | icp ok  iter 12 corr  3620 rms 0.0372   55.09 ms | p=(  228.07   108.03   5.38) v=5.05 m/s [KF]
[lio] t=1317401245.056 | feat 3836/8160 | map   4746 | icp ok  iter  4 corr  3345 rms 0.0324   18.07 ms | p=(  227.91   107.50   5.39) v=5.31 m/s
[lio] t=1317401245.160 | feat 4104/8160 | map   4746 | icp ok  iter 12 corr  3599 rms 0.0320   49.82 ms | p=(  227.75   107.08   5.39) v=4.82 m/s
[lio] t=1317401245.264 | feat 4000/8160 | map   4746 | icp ok  iter  6 corr  3443 rms 0.0313   25.56 ms | p=(  227.59   106.51   5.39) v=5.52 m/s [KF]
[lio] t=1317401245.368 | feat 3906/8160 | map   4820 | icp ok  iter  6 corr  3406 rms 0.0311   26.66 ms | p=(  227.44   105.93   5.39) v=5.76 m/s
[lio] t=1317401245.472 | feat 4034/8160 | map   4820 | icp ok  iter  5 corr  3431 rms 0.0367   19.99 ms | p=(  227.29   105.33   5.40) v=6.01 m/s [KF]
[lio] t=1317401245.576 | feat 4096/8160 | map   4899 | icp ok  iter  6 corr  3522 rms 0.0326   26.50 ms | p=(  227.14   104.71   5.41) v=6.20 m/s
[lio] t=1317401245.680 | feat 3885/8160 | map   4899 | icp ok  iter  5 corr  3280 rms 0.0342   21.44 ms | p=(  227.00   104.11   5.42) v=6.09 m/s [KF]
[lio] t=1317401245.784 | feat 3713/8160 | map   4995 | icp ok  iter  5 corr  3327 rms 0.0321   20.37 ms | p=(  226.89   103.46   5.43) v=6.25 m/s
[lio] t=1317401245.888 | feat 3884/8160 | map   4995 | icp ok  iter  4 corr  3444 rms 0.0367   17.35 ms | p=(  226.79   102.82   5.43) v=6.22 m/s [KF]
[lio] t=1317401245.992 | feat 3811/8160 | map   5062 | icp ok  iter  3 corr  3467 rms 0.0341   13.27 ms | p=(  226.70   102.19   5.44) v=6.10 m/s
[lio] t=1317401246.096 | feat 4290/8160 | map   5062 | icp ok  iter  3 corr  3510 rms 0.0627   13.96 ms | p=(  226.65   101.60   5.44) v=5.76 m/s [KF]
[lio] t=1317401246.200 | feat 4170/8160 | map   5163 | icp ok  iter 12 corr  3696 rms 0.0489   63.32 ms | p=(  226.62   100.85   5.44) v=6.59 m/s
[lio] t=1317401246.304 | feat 4087/8160 | map   5163 | icp ok  iter  4 corr  3543 rms 0.0567   18.38 ms | p=(  226.59   100.26   5.45) v=5.92 m/s [KF]
[lio] t=1317401246.408 | feat 4361/8160 | map   5308 | icp ok  iter  5 corr  3806 rms 0.0361   24.40 ms | p=(  226.59    99.75   5.45) v=5.26 m/s
[lio] t=1317401246.512 | feat 4484/8160 | map   5308 | icp ok  iter  4 corr  3971 rms 0.0418   20.66 ms | p=(  226.60    99.18   5.45) v=5.38 m/s [KF]
[lio] t=1317401246.616 | feat 4479/8160 | map   5456 | icp ok  iter  6 corr  4091 rms 0.0666   31.19 ms | p=(  226.63    98.56   5.45) v=5.71 m/s
[lio] t=1317401246.720 | feat 4510/8160 | map   5456 | icp ok  iter  4 corr  4142 rms 0.0366   19.27 ms | p=(  226.66    98.00   5.45) v=5.54 m/s [KF]
[lio] t=1317401246.824 | feat 4396/8160 | map   5580 | icp ok  iter  5 corr  4054 rms 0.0319   24.92 ms | p=(  226.71    97.41   5.45) v=5.58 m/s
[lio] t=1317401246.929 | feat 4570/8160 | map   5580 | icp ok  iter  5 corr  4228 rms 0.0629   24.44 ms | p=(  226.77    96.82   5.45) v=5.65 m/s [KF]
[lio] t=1317401247.033 | feat 4726/8160 | map   5662 | icp ok  iter  4 corr  4411 rms 0.0526   24.76 ms | p=(  226.85    96.43   5.45) v=4.53 m/s
[lio] t=1317401247.137 | feat 4711/8160 | map   5662 | icp ok  iter  4 corr  4335 rms 0.0531   22.23 ms | p=(  226.91    95.83   5.46) v=5.26 m/s [KF]
[lio] t=1317401247.241 | feat 4488/8160 | map   5740 | icp ok  iter  4 corr  4039 rms 0.0391   22.06 ms | p=(  227.00    95.30   5.46) v=5.20 m/s
[lio] t=1317401247.345 | feat 4263/8160 | map   5740 | icp ok  iter 12 corr  3861 rms 0.0405   65.71 ms | p=(  227.04    94.56   5.47) v=6.35 m/s [KF]
[lio] t=1317401247.449 | feat 4570/8160 | map   5805 | icp ok  iter  6 corr  4025 rms 0.0342   25.16 ms | p=(  227.13    94.01   5.47) v=5.75 m/s
[lio] t=1317401247.553 | feat 4605/8160 | map   5805 | icp ok  iter  4 corr  4023 rms 0.0546   23.63 ms | p=(  227.20    93.40   5.48) v=5.87 m/s [KF]
[lio] t=1317401247.657 | feat 4219/8160 | map   5862 | icp ok  iter  5 corr  3863 rms 0.0311   24.59 ms | p=(  227.29    92.80   5.48) v=5.92 m/s
[lio] t=1317401247.762 | feat 4605/8160 | map   5862 | icp ok  iter  4 corr  4275 rms 0.0330   19.38 ms | p=(  227.40    92.19   5.48) v=6.00 m/s [KF]
[lio] t=1317401247.866 | feat 4603/8160 | map   5905 | icp ok  iter  4 corr  4233 rms 0.0355   25.44 ms | p=(  227.50    91.62   5.47) v=5.85 m/s
[lio] t=1317401247.970 | feat 4524/8160 | map   5905 | icp ok  iter  5 corr  4132 rms 0.0356   27.44 ms | p=(  227.61    90.97   5.48) v=6.21 m/s [KF]
[lio] t=1317401248.074 | feat 4431/8160 | map   5968 | icp ok  iter  4 corr  4074 rms 0.0334   22.26 ms | p=(  227.72    90.30   5.48) v=6.47 m/s
[lio] t=1317401248.178 | feat 4458/8160 | map   5968 | icp ok  iter  5 corr  4056 rms 0.0331   27.09 ms | p=(  227.84    89.63   5.48) v=6.60 m/s [KF]
[lio] t=1317401248.282 | feat 4366/8160 | map   6013 | icp ok  iter  4 corr  4045 rms 0.0335   21.20 ms | p=(  227.96    88.98   5.49) v=6.57 m/s
[lio] t=1317401248.386 | feat 4513/8160 | map   6013 | icp ok  iter  4 corr  4179 rms 0.0421   20.17 ms | p=(  228.09    88.27   5.49) v=6.84 m/s [KF]
[lio] t=1317401248.490 | feat 4381/8160 | map   6032 | icp ok  iter  4 corr  4008 rms 0.0322   20.27 ms | p=(  228.21    87.59   5.49) v=6.83 m/s
[lio] t=1317401248.594 | feat 4285/8160 | map   6032 | icp ok  iter  4 corr  3920 rms 0.0347   19.06 ms | p=(  228.34    86.85   5.49) v=7.17 m/s [KF]
[lio] t=1317401248.698 | feat 4474/8160 | map   6062 | icp ok  iter  4 corr  4071 rms 0.0343   20.29 ms | p=(  228.48    86.12   5.50) v=7.22 m/s
[lio] t=1317401248.802 | feat 4552/8160 | map   6062 | icp ok  iter  5 corr  4024 rms 0.0455   26.57 ms | p=(  228.62    85.39   5.50) v=7.29 m/s [KF]
[lio] t=1317401248.906 | feat 4652/8160 | map   6082 | icp ok  iter  7 corr  4159 rms 0.0384   39.22 ms | p=(  228.78    84.64   5.50) v=7.41 m/s
[lio] t=1317401249.010 | feat 4626/8160 | map   6082 | icp ok  iter  4 corr  4071 rms 0.0393   21.41 ms | p=(  228.92    83.86   5.51) v=7.63 m/s [KF]
[lio] t=1317401249.114 | feat 4660/8160 | map   6088 | icp ok  iter  5 corr  4155 rms 0.0336   25.66 ms | p=(  229.08    83.08   5.51) v=7.78 m/s
[lio] t=1317401249.218 | feat 4335/8160 | map   6088 | icp ok  iter  4 corr  3839 rms 0.0342   18.00 ms | p=(  229.24    82.28   5.52) v=7.89 m/s [KF]
[lio] t=1317401249.322 | feat 4397/8160 | map   6073 | icp ok  iter  4 corr  3814 rms 0.0339   20.82 ms | p=(  229.41    81.47   5.53) v=8.00 m/s
[lio] t=1317401249.426 | feat 4374/8160 | map   6073 | icp ok  iter  7 corr  3819 rms 0.0343   32.59 ms | p=(  229.57    80.65   5.54) v=8.10 m/s [KF]
[lio] t=1317401249.530 | feat 4637/8160 | map   6018 | icp ok  iter  4 corr  3991 rms 0.0396   20.12 ms | p=(  229.76    79.90   5.54) v=7.82 m/s
[lio] t=1317401249.634 | feat 4529/8160 | map   6018 | icp ok  iter  4 corr  3905 rms 0.0386   17.92 ms | p=(  229.93    79.04   5.55) v=8.26 m/s [KF]
[lio] t=1317401249.738 | feat 4530/8160 | map   5995 | icp ok  iter  5 corr  3941 rms 0.0386   23.39 ms | p=(  230.08    78.06   5.56) v=9.15 m/s
[lio] t=1317401249.842 | feat 4505/8160 | map   5995 | icp ok  iter  5 corr  3811 rms 0.0371   22.78 ms | p=(  230.26    77.21   5.57) v=8.77 m/s [KF]
[lio] t=1317401249.946 | feat 4538/8160 | map   5922 | icp ok  iter  5 corr  3981 rms 0.0380   23.89 ms | p=(  230.47    76.36   5.58) v=8.64 m/s
[lio] t=1317401250.050 | feat 4495/8160 | map   5922 | icp ok  iter  5 corr  3847 rms 0.0368   25.40 ms | p=(  230.66    75.44   5.58) v=8.96 m/s [KF]
[lio] t=1317401250.154 | feat 4896/8160 | map   5839 | icp ok  iter  4 corr  4293 rms 0.0391   22.21 ms | p=(  230.86    74.55   5.59) v=8.94 m/s
[lio] t=1317401250.258 | feat 4553/8160 | map   5839 | icp ok  iter  4 corr  3863 rms 0.0397   19.49 ms | p=(  231.09    73.62   5.59) v=9.17 m/s [KF]
[lio] t=1317401250.362 | feat 4462/8160 | map   5752 | icp ok  iter  5 corr  3728 rms 0.0327   21.92 ms | p=(  231.31    72.67   5.60) v=9.36 m/s
[lio] t=1317401250.466 | feat 5069/8160 | map   5752 | icp ok  iter  4 corr  3839 rms 0.0351   17.43 ms | p=(  231.55    71.73   5.60) v=9.47 m/s [KF]
[lio] t=1317401250.570 | feat 4225/8160 | map   5714 | icp ok  iter  4 corr  3439 rms 0.0316   16.43 ms | p=(  231.77    70.77   5.62) v=9.55 m/s
[lio] t=1317401250.674 | feat 4692/8160 | map   5714 | icp ok  iter  4 corr  3791 rms 0.0328   16.63 ms | p=(  232.01    69.81   5.63) v=9.57 m/s [KF]
[lio] t=1317401250.778 | feat 4329/8160 | map   5652 | icp ok  iter  3 corr  3609 rms 0.0322   14.11 ms | p=(  232.25    68.84   5.65) v=9.68 m/s [KF]
[lio] t=1317401250.882 | feat 4246/8160 | map   5559 | icp ok  iter  4 corr  3487 rms 0.0329   16.38 ms | p=(  232.49    67.84   5.65) v=9.86 m/s [KF]
[lio] t=1317401250.986 | feat 3737/8160 | map   5515 | icp ok  iter  6 corr  2950 rms 0.0369   21.03 ms | p=(  232.73    66.83   5.66) v=9.96 m/s [KF]
[lio] t=1317401251.090 | feat 3726/8160 | map   5463 | icp ok  iter  5 corr  2891 rms 0.0336   18.37 ms | p=(  232.97    65.83   5.67) v=9.95 m/s [KF]
[lio] t=1317401251.194 | feat 3764/8160 | map   5424 | icp ok  iter  4 corr  3073 rms 0.0335   14.42 ms | p=(  233.20    64.83   5.68) v=9.92 m/s [KF]
[lio] t=1317401251.298 | feat 3492/8160 | map   5357 | icp ok  iter  5 corr  2860 rms 0.0321   16.94 ms | p=(  233.43    63.78   5.69) v=10.22 m/s [KF]
[lio] t=1317401251.402 | feat 3752/8160 | map   5290 | icp ok  iter  3 corr  3174 rms 0.0319   10.53 ms | p=(  233.65    62.75   5.69) v=10.18 m/s [KF]
[lio] t=1317401251.506 | feat 3746/8160 | map   5269 | icp ok  iter  5 corr  3135 rms 0.0362   16.90 ms | p=(  233.86    61.77   5.70) v=9.87 m/s [KF]
[lio] t=1317401251.610 | feat 3637/8160 | map   5182 | icp ok  iter  6 corr  3081 rms 0.0354   23.68 ms | p=(  234.06    60.69   5.71) v=10.28 m/s [KF]
[lio] t=1317401251.714 | feat 3751/8160 | map   5115 | icp ok  iter  4 corr  3228 rms 0.0317   16.48 ms | p=(  234.24    59.68   5.71) v=10.09 m/s [KF]
[lio] t=1317401251.818 | feat 3490/8160 | map   5069 | icp ok  iter  4 corr  2919 rms 0.0306   13.61 ms | p=(  234.41    58.63   5.72) v=10.15 m/s [KF]
[lio] t=1317401251.922 | feat 3903/8160 | map   5000 | icp ok  iter  5 corr  3430 rms 0.0386   20.78 ms | p=(  234.57    57.57   5.72) v=10.25 m/s [KF]
[lio] t=1317401252.026 | feat 3794/8160 | map   4957 | icp ok  iter  5 corr  3395 rms 0.0368   19.17 ms | p=(  234.72    56.54   5.73) v=10.13 m/s [KF]
[lio] t=1317401252.130 | feat 3525/8160 | map   4899 | icp ok  iter  4 corr  3136 rms 0.0323   15.45 ms | p=(  234.85    55.49   5.73) v=10.20 m/s [KF]
[lio] t=1317401252.234 | feat 3874/8160 | map   4843 | icp ok  iter  5 corr  3361 rms 0.0370   18.45 ms | p=(  234.97    54.43   5.73) v=10.25 m/s [KF]
[lio] t=1317401252.338 | feat 3518/8160 | map   4788 | icp ok  iter  5 corr  2968 rms 0.0382   16.55 ms | p=(  235.08    53.34   5.75) v=10.42 m/s [KF]
[lio] t=1317401252.442 | feat 4056/8160 | map   4759 | icp ok  iter  4 corr  3619 rms 0.0369   19.35 ms | p=(  235.20    52.28   5.76) v=10.39 m/s [KF]
[lio] t=1317401252.546 | feat 3747/8160 | map   4652 | icp ok  iter  6 corr  3331 rms 0.0412   25.78 ms | p=(  235.29    51.23   5.77) v=10.26 m/s [KF]
[lio] t=1317401252.650 | feat 3912/8160 | map   4602 | icp ok  iter  5 corr  3487 rms 0.0347   20.72 ms | p=(  235.40    50.13   5.77) v=10.51 m/s [KF]
[lio] t=1317401252.753 | feat 4105/8160 | map   4556 | icp ok  iter  4 corr  3646 rms 0.0424   18.54 ms | p=(  235.45    49.05   5.78) v=10.54 m/s [KF]
[lio] t=1317401252.857 | feat 3969/8160 | map   4525 | icp ok  iter  4 corr  3441 rms 0.0325   17.75 ms | p=(  235.60    47.98   5.79) v=10.47 m/s [KF]
[lio] t=1317401252.961 | feat 4133/8160 | map   4501 | icp ok  iter  4 corr  3622 rms 0.0369   15.65 ms | p=(  235.70    46.89   5.79) v=10.52 m/s [KF]
[lio] t=1317401253.065 | feat 3934/8160 | map   4461 | icp ok  iter  4 corr  3501 rms 0.0294   18.30 ms | p=(  235.80    45.81   5.79) v=10.58 m/s [KF]
[lio] t=1317401253.169 | feat 4245/8160 | map   4422 | icp ok  iter  4 corr  3828 rms 0.0648   17.65 ms | p=(  235.93    44.70   5.80) v=10.71 m/s [KF]
[lio] t=1317401253.272 | feat 4317/8160 | map   4405 | icp ok  iter  4 corr  3834 rms 0.0297   18.43 ms | p=(  236.04    43.59   5.81) v=10.80 m/s [KF]
[lio] t=1317401253.376 | feat 4449/8160 | map   4397 | icp ok  iter  4 corr  3928 rms 0.0307   17.59 ms | p=(  236.17    42.46   5.81) v=10.91 m/s [KF]
[lio] t=1317401253.480 | feat 4311/8160 | map   4417 | icp ok  iter  5 corr  3739 rms 0.0327   23.65 ms | p=(  236.30    41.33   5.81) v=11.00 m/s [KF]
[lio] t=1317401253.584 | feat 4133/8160 | map   4369 | icp ok  iter  4 corr  3591 rms 0.0371   18.68 ms | p=(  236.44    40.17   5.81) v=11.21 m/s [KF]
[lio] t=1317401253.687 | feat 4350/8160 | map   4388 | icp ok  iter  3 corr  3801 rms 0.0312   13.46 ms | p=(  236.58    39.03   5.81) v=11.17 m/s [KF]
[lio] t=1317401253.791 | feat 4203/8160 | map   4401 | icp ok  iter  5 corr  3794 rms 0.0365   21.43 ms | p=(  236.71    37.89   5.81) v=11.12 m/s [KF]
[lio] t=1317401253.895 | feat 4173/8160 | map   4403 | icp ok  iter  6 corr  3692 rms 0.0388   26.19 ms | p=(  236.85    36.73   5.80) v=11.26 m/s [KF]
[lio] t=1317401253.999 | feat 4283/8160 | map   4418 | icp ok  iter  4 corr  3880 rms 0.0372   17.16 ms | p=(  236.99    35.57   5.80) v=11.34 m/s [KF]
[lio] t=1317401254.103 | feat 4177/8160 | map   4451 | icp ok  iter  4 corr  3782 rms 0.0445   18.14 ms | p=(  237.13    34.40   5.79) v=11.39 m/s [KF]
[lio] t=1317401254.206 | feat 4431/8160 | map   4489 | icp ok  iter  4 corr  3873 rms 0.0316   18.00 ms | p=(  237.29    33.21   5.79) v=11.55 m/s [KF]
[lio] t=1317401254.310 | feat 4452/8160 | map   4500 | icp ok  iter  4 corr  3936 rms 0.0311   17.13 ms | p=(  237.43    32.04   5.79) v=11.50 m/s [KF]
[lio] t=1317401254.414 | feat 4447/8160 | map   4480 | icp ok  iter  3 corr  3850 rms 0.0315   11.06 ms | p=(  237.58    30.85   5.79) v=11.55 m/s [KF]
[lio] t=1317401254.518 | feat 4255/8160 | map   4474 | icp ok  iter  4 corr  3736 rms 0.0368   18.61 ms | p=(  237.73    29.65   5.78) v=11.68 m/s [KF]
[lio] t=1317401254.622 | feat 4448/8160 | map   4448 | icp ok  iter  5 corr  3925 rms 0.0342   22.64 ms | p=(  237.88    28.43   5.79) v=11.76 m/s [KF]
[lio] t=1317401254.725 | feat 4626/8160 | map   4453 | icp ok  iter  4 corr  4196 rms 0.0365   22.10 ms | p=(  238.02    27.22   5.78) v=11.79 m/s [KF]
[lio] t=1317401254.829 | feat 4425/8160 | map   4450 | icp ok  iter  4 corr  3882 rms 0.0335   17.93 ms | p=(  238.16    26.03   5.78) v=11.67 m/s [KF]
[lio] t=1317401254.933 | feat 4266/8160 | map   4448 | icp ok  iter  4 corr  3733 rms 0.0355   17.57 ms | p=(  238.32    24.82   5.78) v=11.81 m/s [KF]
[lio] t=1317401255.037 | feat 4642/8160 | map   4481 | icp ok  iter  3 corr  3957 rms 0.0370   15.13 ms | p=(  238.46    23.57   5.78) v=12.04 m/s [KF]
[lio] t=1317401255.141 | feat 4721/8160 | map   4466 | icp ok  iter  4 corr  4089 rms 0.0455   18.97 ms | p=(  238.60    22.35   5.78) v=11.94 m/s [KF]
[lio] t=1317401255.245 | feat 4300/8160 | map   4496 | icp ok  iter  4 corr  3836 rms 0.0334   17.41 ms | p=(  238.75    21.12   5.78) v=11.95 m/s [KF]
[lio] t=1317401255.348 | feat 4208/8160 | map   4530 | icp ok  iter  4 corr  3761 rms 0.0351   18.33 ms | p=(  238.91    19.88   5.78) v=12.07 m/s [KF]
[lio] t=1317401255.452 | feat 4158/8160 | map   4554 | icp ok  iter  3 corr  3663 rms 0.0322   12.27 ms | p=(  239.07    18.63   5.78) v=12.14 m/s [KF]
[lio] t=1317401255.556 | feat 3865/8160 | map   4623 | icp ok  iter  4 corr  3530 rms 0.0484   15.92 ms | p=(  239.22    17.38   5.78) v=12.12 m/s [KF]
[lio] t=1317401255.660 | feat 3602/8160 | map   4649 | icp ok  iter  4 corr  3150 rms 0.0665   14.44 ms | p=(  239.38    16.14   5.78) v=12.12 m/s [KF]
[lio] t=1317401255.764 | feat 3545/8160 | map   4687 | icp ok  iter  3 corr  3100 rms 0.0320   10.84 ms | p=(  239.55    14.89   5.78) v=12.11 m/s [KF]
[lio] t=1317401255.867 | feat 3436/8160 | map   4680 | icp ok  iter  5 corr  2949 rms 0.0279   17.47 ms | p=(  239.70    13.64   5.79) v=12.16 m/s [KF]
[lio] t=1317401255.971 | feat 3508/8160 | map   4672 | icp ok  iter  4 corr  2873 rms 0.0397   14.07 ms | p=(  239.87    12.36   5.79) v=12.34 m/s [KF]
[lio] t=1317401256.075 | feat 3656/8160 | map   4668 | icp ok  iter  5 corr  3217 rms 0.0470   19.72 ms | p=(  240.03    11.10   5.80) v=12.28 m/s [KF]
[lio] t=1317401256.179 | feat 3682/8160 | map   4711 | icp ok  iter  4 corr  3186 rms 0.0356   15.02 ms | p=(  240.18     9.84   5.80) v=12.27 m/s [KF]
[lio] t=1317401256.283 | feat 3668/8160 | map   4760 | icp ok  iter  5 corr  3255 rms 0.0326   17.82 ms | p=(  240.35     8.58   5.79) v=12.28 m/s [KF]
[lio] t=1317401256.387 | feat 3777/8160 | map   4828 | icp ok  iter  5 corr  3345 rms 0.0367   19.17 ms | p=(  240.52     7.33   5.79) v=12.15 m/s [KF]
[lio] t=1317401256.490 | feat 3816/8160 | map   4841 | icp ok  iter  3 corr  3353 rms 0.0343   11.68 ms | p=(  240.69     6.07   5.79) v=12.24 m/s [KF]
[lio] t=1317401256.594 | feat 3870/8160 | map   4856 | icp ok  iter 12 corr  3357 rms 0.0338   48.17 ms | p=(  240.86     4.73   5.79) v=12.71 m/s [KF]
[lio] t=1317401256.698 | feat 3988/8160 | map   4848 | icp ok  iter  5 corr  3417 rms 0.0702   22.06 ms | p=(  241.02     3.56   5.79) v=11.88 m/s [KF]
[lio] t=1317401256.802 | feat 3855/8160 | map   4884 | icp ok  iter  4 corr  3211 rms 0.0388   16.85 ms | p=(  241.19     2.28   5.79) v=12.25 m/s [KF]
[lio] t=1317401256.905 | feat 4032/8160 | map   4913 | icp ok  iter 12 corr  3447 rms 0.0387   51.44 ms | p=(  241.35     1.04   5.78) v=12.08 m/s [KF]
[lio] t=1317401257.009 | feat 4020/8160 | map   4959 | icp ok  iter  4 corr  3514 rms 0.0368   15.59 ms | p=(  241.53    -0.21   5.78) v=12.15 m/s [KF]
[lio] t=1317401257.113 | feat 4338/8160 | map   4980 | icp ok  iter  4 corr  3886 rms 0.0464   19.78 ms | p=(  241.71    -1.52   5.77) v=12.47 m/s [KF]
[lio] t=1317401257.217 | feat 4121/8160 | map   4977 | icp ok  iter  6 corr  3665 rms 0.0446   29.35 ms | p=(  241.87    -2.72   5.76) v=11.99 m/s [KF]
[lio] t=1317401257.320 | feat 3889/8160 | map   4984 | icp ok  iter  7 corr  3498 rms 0.0313   30.22 ms | p=(  242.06    -3.96   5.75) v=12.08 m/s [KF]
[lio] t=1317401257.424 | feat 3793/8160 | map   4982 | icp ok  iter  5 corr  3418 rms 0.0387   21.03 ms | p=(  242.24    -5.19   5.73) v=11.99 m/s [KF]
[lio] t=1317401257.528 | feat 3655/8160 | map   4993 | icp ok  iter  6 corr  3126 rms 0.0320   22.63 ms | p=(  242.41    -6.45   5.72) v=12.13 m/s [KF]
[lio] t=1317401257.632 | feat 3826/8160 | map   4983 | icp ok  iter  5 corr  3367 rms 0.0335   19.71 ms | p=(  242.58    -7.67   5.72) v=11.96 m/s [KF]
[lio] t=1317401257.735 | feat 3803/8160 | map   5012 | icp ok  iter  4 corr  3454 rms 0.0348   15.52 ms | p=(  242.77    -8.88   5.70) v=11.85 m/s [KF]
[lio] t=1317401257.839 | feat 3712/8160 | map   4994 | icp ok  iter  4 corr  3361 rms 0.0354   16.15 ms | p=(  242.96   -10.10   5.69) v=11.88 m/s [KF]
[lio] t=1317401257.943 | feat 3849/8160 | map   5035 | icp ok  iter  4 corr  3562 rms 0.0633   17.19 ms | p=(  243.14   -11.33   5.68) v=11.93 m/s [KF]
[lio] t=1317401258.047 | feat 3548/8160 | map   5041 | icp ok  iter  5 corr  3197 rms 0.0452   20.06 ms | p=(  243.30   -12.52   5.67) v=11.71 m/s [KF]
[lio] t=1317401258.151 | feat 3549/8160 | map   5025 | icp ok  iter  4 corr  3231 rms 0.0641   16.90 ms | p=(  243.50   -13.75   5.65) v=11.86 m/s [KF]
[lio] t=1317401258.255 | feat 3631/8160 | map   5044 | icp ok  iter  6 corr  3280 rms 0.0348   23.35 ms | p=(  243.69   -14.95   5.64) v=11.74 m/s [KF]
[lio] t=1317401258.358 | feat 3594/8160 | map   5057 | icp ok  iter  4 corr  3180 rms 0.0345   16.08 ms | p=(  243.87   -16.24   5.63) v=12.20 m/s [KF]
[lio] t=1317401258.462 | feat 3823/8160 | map   5073 | icp ok  iter  4 corr  3476 rms 0.0728   16.75 ms | p=(  244.06   -17.49   5.61) v=12.22 m/s [KF]
[lio] t=1317401258.566 | feat 3782/8160 | map   5070 | icp ok  iter  4 corr  3417 rms 0.0351   16.99 ms | p=(  244.23   -18.70   5.60) v=11.91 m/s [KF]
[lio] t=1317401258.670 | feat 3910/8160 | map   5092 | icp ok  iter  6 corr  3529 rms 0.0340   23.38 ms | p=(  244.44   -19.90   5.58) v=11.77 m/s [KF]
[lio] t=1317401258.774 | feat 3894/8160 | map   5067 | icp ok  iter  4 corr  3435 rms 0.0346   19.18 ms | p=(  244.63   -21.18   5.57) v=12.19 m/s [KF]
[lio] t=1317401258.877 | feat 3795/8160 | map   5078 | icp ok  iter  5 corr  3365 rms 0.0382   24.55 ms | p=(  244.80   -22.30   5.57) v=11.39 m/s [KF]
[lio] t=1317401258.981 | feat 4020/8160 | map   5083 | icp ok  iter  5 corr  3594 rms 0.0486   21.36 ms | p=(  244.97   -23.56   5.55) v=11.92 m/s [KF]
[lio] t=1317401259.085 | feat 3772/8160 | map   5098 | icp ok  iter  4 corr  3410 rms 0.0385   18.24 ms | p=(  245.16   -24.74   5.54) v=11.69 m/s [KF]
[lio] t=1317401259.189 | feat 3930/8160 | map   5079 | icp ok  iter  5 corr  3431 rms 0.0445   20.36 ms | p=(  245.35   -25.96   5.54) v=11.78 m/s [KF]
[lio] t=1317401259.292 | feat 3783/8160 | map   5080 | icp ok  iter  6 corr  3314 rms 0.0385   22.57 ms | p=(  245.52   -27.14   5.52) v=11.56 m/s [KF]
[lio] t=1317401259.396 | feat 4058/8160 | map   5082 | icp ok  iter  4 corr  3579 rms 0.0344   17.50 ms | p=(  245.71   -28.32   5.51) v=11.54 m/s [KF]
[lio] t=1317401259.500 | feat 4058/8160 | map   5089 | icp ok  iter 12 corr  3599 rms 0.0352   55.62 ms | p=(  245.89   -29.48   5.50) v=11.35 m/s [KF]
[lio] t=1317401259.604 | feat 4200/8160 | map   5081 | icp ok  iter  4 corr  3673 rms 0.0382   18.19 ms | p=(  246.08   -30.67   5.50) v=11.52 m/s [KF]
[lio] t=1317401259.708 | feat 4115/8160 | map   5089 | icp ok  iter  4 corr  3549 rms 0.0340   15.34 ms | p=(  246.24   -31.86   5.49) v=11.51 m/s [KF]
[lio] t=1317401259.811 | feat 4022/8160 | map   5096 | icp ok  iter  4 corr  3451 rms 0.0342   16.49 ms | p=(  246.43   -33.03   5.49) v=11.44 m/s [KF]
[lio] t=1317401259.915 | feat 4076/8160 | map   5118 | icp ok  iter  4 corr  3541 rms 0.0382   18.13 ms | p=(  246.61   -34.19   5.48) v=11.31 m/s [KF]
[lio] t=1317401260.019 | feat 3979/8160 | map   5153 | icp ok  iter  2 corr  3460 rms 0.0341    9.05 ms | p=(  246.81   -35.38   5.47) v=11.50 m/s [KF]
[lio] t=1317401260.123 | feat 4019/8160 | map   5163 | icp ok  iter 12 corr  3428 rms 0.0354   43.04 ms | p=(  246.99   -36.54   5.47) v=11.34 m/s [KF]
[lio] t=1317401260.227 | feat 4317/8160 | map   5227 | icp ok  iter  5 corr  3677 rms 0.0363   23.92 ms | p=(  247.17   -37.65   5.46) v=11.06 m/s [KF]
[lio] t=1317401260.331 | feat 4178/8160 | map   5250 | icp ok  iter  5 corr  3485 rms 0.0353   21.91 ms | p=(  247.35   -38.80   5.45) v=11.08 m/s [KF]
[lio] t=1317401260.434 | feat 4130/8160 | map   5223 | icp ok  iter  4 corr  3458 rms 0.0369   18.93 ms | p=(  247.54   -39.96   5.45) v=11.24 m/s [KF]
[lio] t=1317401260.538 | feat 4295/8160 | map   5245 | icp ok  iter  3 corr  3633 rms 0.0332   14.30 ms | p=(  247.73   -41.11   5.44) v=11.17 m/s [KF]
[lio] t=1317401260.642 | feat 4128/8160 | map   5312 | icp ok  iter  4 corr  3421 rms 0.0391   15.94 ms | p=(  247.89   -42.24   5.42) v=11.05 m/s [KF]
[lio] t=1317401260.746 | feat 4242/8160 | map   5338 | icp ok  iter  4 corr  3473 rms 0.0372   19.16 ms | p=(  248.07   -43.36   5.42) v=10.94 m/s [KF]
[lio] t=1317401260.850 | feat 4316/8160 | map   5386 | icp ok  iter  7 corr  3433 rms 0.0324   31.04 ms | p=(  248.25   -44.50   5.41) v=11.02 m/s [KF]
[lio] t=1317401260.953 | feat 4563/8160 | map   5447 | icp ok  iter  5 corr  3722 rms 0.0323   22.89 ms | p=(  248.45   -45.63   5.39) v=10.99 m/s [KF]
[lio] t=1317401261.057 | feat 4429/8160 | map   5514 | icp ok  iter  5 corr  3517 rms 0.0299   20.76 ms | p=(  248.62   -46.74   5.38) v=10.81 m/s [KF]
[lio] t=1317401261.161 | feat 4541/8160 | map   5587 | icp ok  iter  6 corr  3658 rms 0.0327   25.88 ms | p=(  248.79   -47.81   5.38) v=10.51 m/s [KF]
[lio] t=1317401261.265 | feat 4561/8160 | map   5695 | icp ok  iter  4 corr  3536 rms 0.0324   18.54 ms | p=(  248.97   -48.87   5.38) v=10.28 m/s [KF]
[lio] t=1317401261.369 | feat 4511/8160 | map   5829 | icp ok  iter  4 corr  3599 rms 0.0280   18.60 ms | p=(  249.13   -49.93   5.37) v=10.18 m/s [KF]
[lio] t=1317401261.472 | feat 4654/8160 | map   5928 | icp ok  iter  5 corr  3708 rms 0.0296   23.24 ms | p=(  249.33   -51.00   5.36) v=10.22 m/s [KF]
[lio] t=1317401261.576 | feat 4740/8160 | map   6034 | icp ok  iter  4 corr  3675 rms 0.0280   19.10 ms | p=(  249.48   -51.97   5.35) v=9.66 m/s
[lio] t=1317401261.680 | feat 4559/8160 | map   6034 | icp ok  iter  4 corr  3552 rms 0.0274   18.92 ms | p=(  249.66   -52.98   5.34) v=9.66 m/s [KF]
[lio] t=1317401261.784 | feat 4570/8160 | map   6153 | icp ok  iter 12 corr  3475 rms 0.0261   52.85 ms | p=(  249.82   -53.95   5.33) v=9.43 m/s
[lio] t=1317401261.888 | feat 4521/8160 | map   6153 | icp ok  iter  4 corr  3544 rms 0.0291   16.86 ms | p=(  249.98   -54.90   5.32) v=9.22 m/s [KF]
[lio] t=1317401261.991 | feat 4727/8160 | map   6310 | icp ok  iter  4 corr  3577 rms 0.0249   16.30 ms | p=(  250.13   -55.84   5.30) v=9.15 m/s
[lio] t=1317401262.095 | feat 4699/8160 | map   6310 | icp ok  iter  5 corr  3619 rms 0.0304   22.57 ms | p=(  250.27   -56.76   5.30) v=8.94 m/s [KF]
[lio] t=1317401262.199 | feat 4511/8160 | map   6423 | icp ok  iter  5 corr  3531 rms 0.0365   21.23 ms | p=(  250.41   -57.69   5.28) v=8.90 m/s
[lio] t=1317401262.303 | feat 4526/8160 | map   6423 | icp ok  iter  5 corr  3599 rms 0.0320   21.89 ms | p=(  250.58   -58.56   5.26) v=8.59 m/s [KF]
[lio] t=1317401262.407 | feat 4675/8160 | map   6554 | icp ok  iter  5 corr  3676 rms 0.0271   21.08 ms | p=(  250.74   -59.48   5.25) v=8.73 m/s
[lio] t=1317401262.511 | feat 4559/8160 | map   6554 | icp ok  iter  4 corr  3412 rms 0.0293   16.66 ms | p=(  250.87   -60.34   5.24) v=8.45 m/s [KF]
[lio] t=1317401262.615 | feat 4689/8160 | map   6686 | icp ok  iter  2 corr  3477 rms 0.0302   11.40 ms | p=(  250.95   -61.17   5.23) v=8.06 m/s
[lio] t=1317401262.719 | feat 4795/8160 | map   6686 | icp ok  iter  4 corr  3460 rms 0.0329   20.50 ms | p=(  251.20   -62.05   5.23) v=8.36 m/s [KF]
[lio] t=1317401262.823 | feat 4564/8160 | map   6849 | icp ok  iter  4 corr  3368 rms 0.0256   17.53 ms | p=(  251.31   -62.89   5.23) v=8.12 m/s
[lio] t=1317401262.926 | feat 4594/8160 | map   6849 | icp ok  iter  4 corr  3282 rms 0.0270   17.45 ms | p=(  251.43   -63.69   5.21) v=7.80 m/s [KF]
[lio] t=1317401263.030 | feat 4707/8160 | map   6949 | icp ok  iter  5 corr  3300 rms 0.0251   20.10 ms | p=(  251.54   -64.47   5.20) v=7.51 m/s
[lio] t=1317401263.134 | feat 4693/8160 | map   6949 | icp ok  iter  4 corr  3315 rms 0.0243   16.33 ms | p=(  251.65   -65.22   5.20) v=7.24 m/s [KF]
[lio] t=1317401263.238 | feat 4884/8160 | map   7005 | icp ok  iter  5 corr  3399 rms 0.0296   23.72 ms | p=(  251.67   -65.91   5.17) v=6.78 m/s
[lio] t=1317401263.342 | feat 4910/8160 | map   7005 | icp ok  iter  4 corr  3330 rms 0.0304   18.92 ms | p=(  251.85   -66.65   5.17) v=6.89 m/s [KF]
[lio] t=1317401263.446 | feat 5038/8160 | map   7093 | icp ok  iter  5 corr  3675 rms 0.0278   24.62 ms | p=(  251.88   -67.32   5.15) v=6.52 m/s
[lio] t=1317401263.550 | feat 5199/8160 | map   7093 | icp ok  iter  4 corr  3731 rms 0.0258   20.88 ms | p=(  251.96   -68.00   5.15) v=6.41 m/s [KF]
[lio] t=1317401263.654 | feat 5160/8160 | map   7234 | icp ok  iter  6 corr  3911 rms 0.0322   31.48 ms | p=(  252.06   -68.65   5.13) v=6.23 m/s
[lio] t=1317401263.758 | feat 5075/8160 | map   7234 | icp ok  iter  5 corr  3822 rms 0.0296   25.19 ms | p=(  252.08   -69.25   5.12) v=5.80 m/s [KF]
[lio] t=1317401263.862 | feat 4930/8160 | map   7339 | icp ok  iter  4 corr  3737 rms 0.0237   17.82 ms | p=(  252.15   -69.85   5.11) v=5.71 m/s
[lio] t=1317401263.966 | feat 5175/8160 | map   7339 | icp ok  iter  4 corr  3934 rms 0.0285   18.72 ms | p=(  252.23   -70.41   5.11) v=5.41 m/s [KF]
[lio] t=1317401264.070 | feat 5153/8160 | map   7469 | icp ok  iter  5 corr  3938 rms 0.0284   25.71 ms | p=(  252.33   -70.98   5.10) v=5.34 m/s
[lio] t=1317401264.174 | feat 4990/8160 | map   7469 | icp ok  iter  5 corr  3703 rms 0.0264   27.70 ms | p=(  252.35   -71.55   5.09) v=5.31 m/s [KF]
[lio] t=1317401264.278 | feat 5113/8160 | map   7551 | icp ok  iter 12 corr  3842 rms 0.0378   63.56 ms | p=(  252.44   -72.08   5.08) v=5.06 m/s
[lio] t=1317401264.382 | feat 4937/8160 | map   7551 | icp ok  iter  5 corr  3685 rms 0.0438   28.49 ms | p=(  252.43   -72.53   5.08) v=4.49 m/s
[lio] t=1317401264.486 | feat 4992/8160 | map   7551 | icp ok  iter  5 corr  3818 rms 0.0348   26.35 ms | p=(  252.49   -73.08   5.08) v=4.85 m/s [KF]
[lio] t=1317401264.590 | feat 4695/8160 | map   7621 | icp ok  iter  4 corr  3572 rms 0.0244   19.31 ms | p=(  252.55   -73.51   5.07) v=4.30 m/s
[lio] t=1317401264.694 | feat 4869/8160 | map   7621 | icp ok  iter  3 corr  3681 rms 0.0324   16.68 ms | p=(  252.61   -73.93   5.07) v=4.06 m/s
[lio] t=1317401264.798 | feat 4877/8160 | map   7621 | icp ok  iter 12 corr  3676 rms 0.0275   65.11 ms | p=(  252.64   -74.36   5.06) v=3.93 m/s [KF]
[lio] t=1317401264.902 | feat 4880/8160 | map   7700 | icp ok  iter 12 corr  3801 rms 0.0269   66.94 ms | p=(  252.67   -74.77   5.06) v=3.85 m/s
[lio] t=1317401265.005 | feat 4887/8160 | map   7700 | icp ok  iter  4 corr  3817 rms 0.0311   21.98 ms | p=(  252.75   -75.16   5.05) v=3.69 m/s
[lio] t=1317401265.109 | feat 4773/8160 | map   7700 | icp ok  iter  6 corr  3744 rms 0.0345   29.44 ms | p=(  252.77   -75.55   5.05) v=3.59 m/s [KF]
[lio] t=1317401265.213 | feat 4838/8160 | map   7768 | icp ok  iter  4 corr  3830 rms 0.0290   20.40 ms | p=(  252.85   -75.83   5.05) v=3.01 m/s
[lio] t=1317401265.317 | feat 4942/8160 | map   7768 | icp ok  iter  4 corr  3931 rms 0.0340   23.17 ms | p=(  252.89   -76.17   5.04) v=3.11 m/s
[lio] t=1317401265.421 | feat 4879/8160 | map   7768 | icp ok  iter  6 corr  3862 rms 0.0401   33.95 ms | p=(  252.98   -76.44   5.04) v=2.80 m/s
[lio] t=1317401265.524 | feat 4843/8160 | map   7768 | icp ok  iter  4 corr  3781 rms 0.0350   21.03 ms | p=(  253.02   -76.73   5.04) v=2.77 m/s [KF]
[lio] t=1317401265.628 | feat 5031/8160 | map   7851 | icp ok  iter  5 corr  4013 rms 0.0394   30.10 ms | p=(  253.12   -77.07   5.04) v=3.13 m/s
[lio] t=1317401265.732 | feat 4872/8160 | map   7851 | icp ok  iter  5 corr  3776 rms 0.0409   29.88 ms | p=(  253.24   -77.26   5.04) v=2.53 m/s
[lio] t=1317401265.835 | feat 4875/8160 | map   7851 | icp ok  iter  5 corr  3794 rms 0.0323   27.93 ms | p=(  253.31   -77.46   5.04) v=2.24 m/s
[lio] t=1317401265.939 | feat 4939/8160 | map   7851 | icp ok  iter  4 corr  3724 rms 0.0478   22.77 ms | p=(  253.35   -77.84   5.03) v=3.06 m/s [KF]
[lio] t=1317401266.043 | feat 4918/8160 | map   7948 | icp ok  iter  5 corr  3744 rms 0.0400   25.97 ms | p=(  253.45   -78.11   5.03) v=2.82 m/s
[lio] t=1317401266.146 | feat 4686/8160 | map   7948 | icp ok  iter  4 corr  3540 rms 0.0363   20.35 ms | p=(  253.58   -78.28   5.02) v=2.36 m/s
[lio] t=1317401266.250 | feat 4699/8160 | map   7948 | icp ok  iter  4 corr  3552 rms 0.0296   21.39 ms | p=(  253.66   -78.55   5.02) v=2.53 m/s
[lio] t=1317401266.354 | feat 4599/8160 | map   7948 | icp ok  iter  4 corr  3459 rms 0.0343   21.47 ms | p=(  253.83   -78.76   5.01) v=2.61 m/s [KF]
[lio] t=1317401266.458 | feat 4571/8160 | map   8015 | icp ok  iter  5 corr  3468 rms 0.0287   23.54 ms | p=(  253.93   -79.02   5.00) v=2.70 m/s
[lio] t=1317401266.561 | feat 4577/8160 | map   8015 | icp ok  iter  4 corr  3525 rms 0.0293   19.58 ms | p=(  254.07   -79.28   4.99) v=2.89 m/s
[lio] t=1317401266.665 | feat 4572/8160 | map   8015 | icp ok  iter  5 corr  3499 rms 0.0313   23.02 ms | p=(  254.22   -79.54   4.98) v=2.96 m/s
[lio] t=1317401266.769 | feat 4521/8160 | map   8015 | icp ok  iter  7 corr  3488 rms 0.0431   30.04 ms | p=(  254.40   -79.79   4.96) v=3.07 m/s [KF]
[lio] t=1317401266.872 | feat 4627/8160 | map   8058 | icp ok  iter  4 corr  3626 rms 0.0411   21.35 ms | p=(  254.59   -80.06   4.96) v=3.22 m/s
[lio] t=1317401266.976 | feat 4646/8160 | map   8058 | icp ok  iter  4 corr  3677 rms 0.0264   20.82 ms | p=(  254.80   -80.32   4.96) v=3.30 m/s
[lio] t=1317401267.080 | feat 4539/8160 | map   8058 | icp ok  iter  3 corr  3612 rms 0.0260   14.17 ms | p=(  255.05   -80.56   4.96) v=3.47 m/s [KF]
[lio] t=1317401267.184 | feat 4621/8160 | map   8135 | icp ok  iter  4 corr  3663 rms 0.0254   18.52 ms | p=(  255.34   -80.79   4.94) v=3.65 m/s
[lio] t=1317401267.287 | feat 4725/8160 | map   8135 | icp ok  iter  5 corr  3792 rms 0.0420   25.82 ms | p=(  255.62   -81.03   4.91) v=3.77 m/s
[lio] t=1317401267.391 | feat 4859/8160 | map   8135 | icp ok  iter  3 corr  3850 rms 0.0383   16.31 ms | p=(  255.93   -81.27   4.90) v=3.90 m/s [KF]
[lio] t=1317401267.495 | feat 4748/8160 | map   8207 | icp ok  iter  4 corr  3866 rms 0.0248   21.20 ms | p=(  256.30   -81.51   4.88) v=4.25 m/s
[lio] t=1317401267.599 | feat 4828/8160 | map   8207 | icp ok  iter  5 corr  3898 rms 0.0308   25.73 ms | p=(  256.66   -81.75   4.88) v=4.38 m/s
[lio] t=1317401267.703 | feat 4796/8160 | map   8207 | icp ok  iter  4 corr  3875 rms 0.0304   20.29 ms | p=(  257.07   -81.99   4.87) v=4.69 m/s [KF]
[lio] t=1317401267.807 | feat 4885/8160 | map   8199 | icp ok  iter  5 corr  4000 rms 0.0258   24.48 ms | p=(  257.49   -82.23   4.85) v=4.81 m/s
[lio] t=1317401267.911 | feat 5039/8160 | map   8199 | icp ok  iter  4 corr  4093 rms 0.0287   22.20 ms | p=(  257.95   -82.44   4.82) v=5.05 m/s
[lio] t=1317401268.015 | feat 4990/8160 | map   8199 | icp ok  iter  4 corr  3991 rms 0.0302   21.40 ms | p=(  258.46   -82.65   4.80) v=5.36 m/s [KF]
[lio] t=1317401268.119 | feat 4846/8160 | map   8180 | icp ok  iter  4 corr  3913 rms 0.0262   20.73 ms | p=(  258.99   -82.85   4.79) v=5.64 m/s
[lio] t=1317401268.223 | feat 4745/8156 | map   8180 | icp ok  iter  4 corr  3823 rms 0.0333   18.66 ms | p=(  259.55   -83.06   4.76) v=5.85 m/s [KF]
[lio] t=1317401268.327 | feat 4834/8160 | map   8148 | icp ok  iter  4 corr  3890 rms 0.0363   20.88 ms | p=(  260.14   -83.25   4.76) v=6.16 m/s
[lio] t=1317401268.431 | feat 4665/8160 | map   8148 | icp ok  iter  5 corr  3771 rms 0.0462   25.15 ms | p=(  260.76   -83.48   4.74) v=6.47 m/s [KF]
[lio] t=1317401268.535 | feat 4594/8160 | map   8136 | icp ok  iter  4 corr  3755 rms 0.0371   18.55 ms | p=(  261.44   -83.59   4.72) v=6.73 m/s
[lio] t=1317401268.639 | feat 4601/8160 | map   8136 | icp ok  iter  4 corr  3680 rms 0.0445   20.24 ms | p=(  262.14   -83.76   4.69) v=7.03 m/s [KF]
[lio] t=1317401268.743 | feat 4650/8160 | map   8137 | icp ok  iter  6 corr  3841 rms 0.0349   30.74 ms | p=(  262.87   -83.84   4.67) v=7.28 m/s
[lio] t=1317401268.847 | feat 4625/8160 | map   8137 | icp ok  iter  4 corr  3803 rms 0.0367   20.27 ms | p=(  263.57   -83.99   4.63) v=7.23 m/s [KF]
[lio] t=1317401268.951 | feat 4299/8160 | map   8106 | icp ok  iter  4 corr  3475 rms 0.0381   18.47 ms | p=(  264.38   -84.06   4.60) v=7.73 m/s
[lio] t=1317401269.055 | feat 4063/8160 | map   8106 | icp ok  iter  4 corr  3199 rms 0.0394   17.00 ms | p=(  265.21   -84.12   4.59) v=8.09 m/s [KF]
[lio] t=1317401269.159 | feat 4226/8160 | map   8085 | icp ok  iter  5 corr  3402 rms 0.0326   23.24 ms | p=(  266.01   -84.18   4.57) v=8.04 m/s
[lio] t=1317401269.263 | feat 4162/8160 | map   8085 | icp ok  iter  5 corr  3285 rms 0.0313   21.50 ms | p=(  266.95   -84.20   4.54) v=8.80 m/s [KF]
[lio] t=1317401269.368 | feat 4169/8160 | map   8070 | icp ok  iter  5 corr  3330 rms 0.0311   21.45 ms | p=(  267.79   -84.20   4.52) v=8.59 m/s
[lio] t=1317401269.472 | feat 4092/8160 | map   8070 | icp ok  iter  5 corr  3254 rms 0.0311   20.46 ms | p=(  268.69   -84.18   4.49) v=8.77 m/s [KF]
[lio] t=1317401269.576 | feat 3965/8160 | map   8062 | icp ok  iter  4 corr  3207 rms 0.0356   19.00 ms | p=(  269.58   -84.09   4.45) v=8.88 m/s
[lio] t=1317401269.680 | feat 4122/8126 | map   8062 | icp ok  iter  4 corr  3353 rms 0.0282   16.56 ms | p=(  270.54   -84.01   4.42) v=9.24 m/s [KF]
[lio] t=1317401269.784 | feat 3961/8160 | map   8026 | icp ok  iter  4 corr  3258 rms 0.0286   16.15 ms | p=(  271.49   -83.92   4.38) v=9.40 m/s
[lio] t=1317401269.888 | feat 4205/8122 | map   8026 | icp ok  iter  3 corr  3499 rms 0.0368   14.44 ms | p=(  272.49   -83.79   4.34) v=9.77 m/s [KF]
[lio] t=1317401269.992 | feat 3949/8120 | map   7998 | icp ok  iter  4 corr  3286 rms 0.0296   15.90 ms | p=(  273.52   -83.66   4.31) v=10.07 m/s [KF]
[lio] t=1317401270.096 | feat 4158/8160 | map   7940 | icp ok  iter  4 corr  3374 rms 0.0396   18.42 ms | p=(  274.56   -83.52   4.28) v=10.19 m/s [KF]
[lio] t=1317401270.201 | feat 4371/8160 | map   7935 | icp ok  iter  4 corr  3548 rms 0.0287   17.62 ms | p=(  275.60   -83.37   4.26) v=10.21 m/s [KF]
[lio] t=1317401270.305 | feat 4296/8120 | map   7900 | icp ok  iter  4 corr  3561 rms 0.0313   16.77 ms | p=(  276.66   -83.18   4.23) v=10.34 m/s [KF]
[lio] t=1317401270.409 | feat 4271/8120 | map   7843 | icp ok  iter  5 corr  3432 rms 0.0286   19.12 ms | p=(  277.68   -83.01   4.20) v=10.16 m/s [KF]
[lio] t=1317401270.513 | feat 4453/8120 | map   7773 | icp ok  iter  3 corr  3512 rms 0.0293   13.10 ms | p=(  278.75   -82.84   4.18) v=10.31 m/s [KF]
[lio] t=1317401270.617 | feat 4564/8120 | map   7710 | icp ok  iter  4 corr  3708 rms 0.0421   18.61 ms | p=(  279.80   -82.65   4.16) v=10.27 m/s [KF]
[lio] t=1317401270.722 | feat 4303/8120 | map   7631 | icp ok  iter  7 corr  3500 rms 0.0333   31.26 ms | p=(  280.84   -82.46   4.13) v=10.24 m/s [KF]
[lio] t=1317401270.826 | feat 4475/8120 | map   7581 | icp ok  iter  5 corr  3603 rms 0.0341   22.51 ms | p=(  281.89   -82.29   4.10) v=10.25 m/s [KF]
[lio] t=1317401270.930 | feat 4372/8120 | map   7494 | icp ok  iter  5 corr  3582 rms 0.0324   23.01 ms | p=(  282.97   -82.10   4.07) v=10.43 m/s [KF]
[lio] t=1317401271.034 | feat 4572/8149 | map   7335 | icp ok  iter  4 corr  3661 rms 0.0366   20.32 ms | p=(  284.00   -81.93   4.04) v=10.21 m/s [KF]
[lio] t=1317401271.138 | feat 4445/8126 | map   7279 | icp ok  iter 12 corr  3522 rms 0.0325   58.00 ms | p=(  285.10   -81.75   4.02) v=10.55 m/s [KF]
[lio] t=1317401271.242 | feat 4533/8124 | map   7196 | icp ok  iter  5 corr  3596 rms 0.0262   21.36 ms | p=(  286.13   -81.58   3.98) v=10.25 m/s [KF]
[lio] t=1317401271.346 | feat 4656/8136 | map   7062 | icp ok  iter  4 corr  3771 rms 0.0698   20.75 ms | p=(  287.16   -81.40   3.96) v=10.14 m/s [KF]
[lio] t=1317401271.450 | feat 4495/8128 | map   6954 | icp ok  iter  4 corr  3630 rms 0.0284   17.61 ms | p=(  288.24   -81.22   3.93) v=10.35 m/s [KF]
[lio] t=1317401271.554 | feat 4485/8120 | map   6801 | icp ok  iter  4 corr  3553 rms 0.0301   17.82 ms | p=(  289.28   -81.05   3.91) v=10.23 m/s [KF]
[lio] t=1317401271.658 | feat 4401/8120 | map   6684 | icp ok  iter  3 corr  3556 rms 0.0261   14.16 ms | p=(  290.33   -80.88   3.88) v=10.21 m/s [KF]
[lio] t=1317401271.762 | feat 4485/8120 | map   6496 | icp ok  iter  4 corr  3661 rms 0.0298   19.26 ms | p=(  291.38   -80.71   3.85) v=10.22 m/s [KF]
[lio] t=1317401271.866 | feat 4627/8124 | map   6387 | icp ok  iter  3 corr  3731 rms 0.0365   16.22 ms | p=(  292.39   -80.55   3.83) v=10.00 m/s [KF]
[lio] t=1317401271.970 | feat 4651/8160 | map   6258 | icp ok  iter  5 corr  3828 rms 0.0272   24.78 ms | p=(  293.48   -80.37   3.80) v=10.42 m/s [KF]
[lio] t=1317401272.074 | feat 4619/8120 | map   6100 | icp ok  iter  4 corr  3833 rms 0.0270   18.83 ms | p=(  294.45   -80.22   3.78) v=9.80 m/s
[lio] t=1317401272.178 | feat 4518/8130 | map   6100 | icp ok  iter  6 corr  3794 rms 0.0281   28.27 ms | p=(  295.56   -80.04   3.75) v=10.40 m/s [KF]
[lio] t=1317401272.282 | feat 4520/8160 | map   6066 | icp ok  iter  4 corr  3795 rms 0.0287   19.92 ms | p=(  296.49   -79.90   3.72) v=9.55 m/s
[lio] t=1317401272.386 | feat 4635/8160 | map   6066 | icp ok  iter  4 corr  3845 rms 0.0349   18.99 ms | p=(  297.50   -79.74   3.69) v=9.67 m/s [KF]
[lio] t=1317401272.490 | feat 4717/8160 | map   6077 | icp ok  iter  4 corr  4005 rms 0.0295   18.93 ms | p=(  298.52   -79.58   3.66) v=9.76 m/s [KF]
[lio] t=1317401272.593 | feat 4795/8160 | map   6023 | icp ok  iter  5 corr  4018 rms 0.0313   26.45 ms | p=(  299.48   -79.44   3.64) v=9.47 m/s
[lio] t=1317401272.697 | feat 4835/8160 | map   6023 | icp ok  iter  5 corr  3965 rms 0.0342   24.49 ms | p=(  300.50   -79.28   3.61) v=9.64 m/s [KF]
[lio] t=1317401272.801 | feat 4622/8160 | map   6015 | icp ok  iter  4 corr  3765 rms 0.0341   19.53 ms | p=(  301.44   -79.14   3.58) v=9.26 m/s
[lio] t=1317401272.905 | feat 4633/8160 | map   6015 | icp ok  iter  4 corr  3736 rms 0.0300   21.25 ms | p=(  302.38   -79.00   3.55) v=9.11 m/s [KF]
[lio] t=1317401273.009 | feat 4514/8160 | map   6037 | icp ok  iter  3 corr  3701 rms 0.0311   14.29 ms | p=(  303.32   -78.86   3.52) v=9.00 m/s
[lio] t=1317401273.113 | feat 4627/8160 | map   6037 | icp ok  iter  4 corr  3702 rms 0.0350   17.99 ms | p=(  304.25   -78.72   3.49) v=8.95 m/s [KF]
[lio] t=1317401273.217 | feat 4584/8160 | map   6066 | icp ok  iter  4 corr  3627 rms 0.0319   17.51 ms | p=(  305.12   -78.58   3.47) v=8.56 m/s
[lio] t=1317401273.321 | feat 4523/8160 | map   6066 | icp ok  iter 12 corr  3606 rms 0.0335   48.46 ms | p=(  305.99   -78.45   3.44) v=8.42 m/s [KF]
[lio] t=1317401273.425 | feat 4371/8160 | map   6072 | icp ok  iter  4 corr  3435 rms 0.0380   16.48 ms | p=(  306.85   -78.32   3.41) v=8.26 m/s
[lio] t=1317401273.529 | feat 4593/8160 | map   6072 | icp ok  iter  4 corr  3629 rms 0.0481   20.08 ms | p=(  307.68   -78.20   3.39) v=8.06 m/s [KF]
[lio] t=1317401273.633 | feat 4328/8160 | map   6117 | icp ok  iter  4 corr  3405 rms 0.0342   16.10 ms | p=(  308.49   -78.08   3.37) v=7.79 m/s
[lio] t=1317401273.737 | feat 4352/8160 | map   6117 | icp ok  iter  4 corr  3295 rms 0.0351   16.12 ms | p=(  309.25   -77.96   3.35) v=7.39 m/s [KF]
[lio] t=1317401273.841 | feat 4345/8160 | map   6162 | icp ok  iter  5 corr  3328 rms 0.0395   19.69 ms | p=(  310.00   -77.85   3.32) v=7.19 m/s
[lio] t=1317401273.945 | feat 4549/8160 | map   6162 | icp ok  iter  3 corr  3522 rms 0.0367   11.77 ms | p=(  310.72   -77.75   3.29) v=6.90 m/s [KF]
[lio] t=1317401274.048 | feat 4627/8160 | map   6201 | icp ok  iter  5 corr  3614 rms 0.0378   22.62 ms | p=(  311.60   -77.61   3.26) v=7.79 m/s
[lio] t=1317401274.152 | feat 4582/8160 | map   6201 | icp ok  iter  5 corr  3612 rms 0.0334   22.32 ms | p=(  312.17   -77.53   3.24) v=6.27 m/s [KF]
[lio] t=1317401274.257 | feat 4580/8160 | map   6214 | icp ok  iter  6 corr  3614 rms 0.0343   26.22 ms | p=(  312.88   -77.43   3.21) v=6.48 m/s
[lio] t=1317401274.361 | feat 4247/8160 | map   6214 | icp ok  iter  5 corr  3317 rms 0.0359   22.07 ms | p=(  313.53   -77.34   3.19) v=6.16 m/s [KF]
[lio] t=1317401274.465 | feat 4252/8160 | map   6223 | icp ok  iter 12 corr  3364 rms 0.0525   54.20 ms | p=(  314.16   -77.26   3.17) v=5.99 m/s
[lio] t=1317401274.569 | feat 4370/8160 | map   6223 | icp ok  iter  4 corr  3335 rms 0.0505   18.55 ms | p=(  314.69   -77.21   3.15) v=5.26 m/s [KF]
[lio] t=1317401274.674 | feat 4362/8160 | map   6281 | icp ok  iter  4 corr  3340 rms 0.0348   18.13 ms | p=(  315.25   -77.15   3.14) v=5.17 m/s
[lio] t=1317401274.778 | feat 4263/8160 | map   6281 | icp ok  iter  5 corr  3244 rms 0.0374   20.64 ms | p=(  315.78   -77.12   3.12) v=4.96 m/s [KF]
[lio] t=1317401274.882 | feat 4211/8160 | map   6339 | icp ok  iter  4 corr  3145 rms 0.0352   17.08 ms | p=(  316.27   -77.09   3.10) v=4.63 m/s
[lio] t=1317401274.987 | feat 4182/8160 | map   6339 | icp ok  iter  4 corr  3160 rms 0.0382   17.70 ms | p=(  316.74   -77.09   3.08) v=4.46 m/s
[lio] t=1317401275.091 | feat 4286/8160 | map   6339 | icp ok  iter  3 corr  3273 rms 0.0394   15.76 ms | p=(  317.20   -77.12   3.05) v=4.30 m/s [KF]
[lio] t=1317401275.195 | feat 4305/8160 | map   6390 | icp ok  iter  3 corr  3381 rms 0.0387   13.94 ms | p=(  317.64   -77.16   3.04) v=4.16 m/s
[lio] t=1317401275.300 | feat 4437/8160 | map   6390 | icp ok  iter  4 corr  3478 rms 0.0383   19.29 ms | p=(  318.04   -77.21   3.02) v=3.92 m/s
[lio] t=1317401275.404 | feat 4271/8160 | map   6390 | icp ok  iter  4 corr  3409 rms 0.0360   18.14 ms | p=(  318.46   -77.28   3.01) v=3.94 m/s [KF]
[lio] t=1317401275.508 | feat 4195/8160 | map   6422 | icp ok  iter  5 corr  3314 rms 0.0313   19.86 ms | p=(  318.85   -77.36   2.99) v=3.77 m/s
[lio] t=1317401275.613 | feat 4195/8160 | map   6422 | icp ok  iter  3 corr  3315 rms 0.0361   13.80 ms | p=(  319.24   -77.47   2.97) v=3.80 m/s
[lio] t=1317401275.717 | feat 3990/8160 | map   6422 | icp ok  iter  4 corr  3193 rms 0.0377   17.41 ms | p=(  319.61   -77.60   2.95) v=3.70 m/s [KF]
[lio] t=1317401275.821 | feat 3953/8160 | map   6437 | icp ok  iter 12 corr  3204 rms 0.0347   50.70 ms | p=(  319.93   -77.71   2.93) v=3.40 m/s
[lio] t=1317401275.925 | feat 3954/8160 | map   6437 | icp ok  iter 12 corr  3148 rms 0.0326   54.49 ms | p=(  320.24   -77.85   2.92) v=3.21 m/s
[lio] t=1317401276.030 | feat 3778/8160 | map   6437 | icp ok  iter 12 corr  3000 rms 0.0285   45.42 ms | p=(  320.56   -77.99   2.90) v=3.22 m/s [KF]
[lio] t=1317401276.134 | feat 4037/8160 | map   6422 | icp ok  iter  4 corr  3288 rms 0.0299   17.74 ms | p=(  320.80   -78.13   2.88) v=2.80 m/s
[lio] t=1317401276.238 | feat 3854/8160 | map   6422 | icp ok  iter  4 corr  3120 rms 0.0462   17.59 ms | p=(  321.08   -78.29   2.86) v=2.89 m/s
[lio] t=1317401276.342 | feat 3690/8160 | map   6422 | icp ok  iter  5 corr  2914 rms 0.0418   19.54 ms | p=(  321.33   -78.44   2.85) v=2.74 m/s
[lio] t=1317401276.446 | feat 3891/8160 | map   6422 | icp ok  iter  4 corr  3115 rms 0.0418   15.86 ms | p=(  321.53   -78.60   2.84) v=2.42 m/s [KF]
[lio] t=1317401276.550 | feat 3779/8160 | map   6398 | icp ok  iter  4 corr  3171 rms 0.0354   15.93 ms | p=(  321.71   -78.75   2.84) v=2.18 m/s
[lio] t=1317401276.654 | feat 3621/8160 | map   6398 | icp ok  iter  4 corr  3007 rms 0.0276   13.89 ms | p=(  321.87   -78.88   2.83) v=1.95 m/s
[lio] t=1317401276.758 | feat 3859/8160 | map   6398 | icp ok  iter  6 corr  3235 rms 0.0360   24.51 ms | p=(  322.02   -79.00   2.82) v=1.85 m/s
[lio] t=1317401276.862 | feat 3563/8160 | map   6398 | icp ok  iter  4 corr  2949 rms 0.0464   13.96 ms | p=(  322.17   -79.12   2.81) v=1.77 m/s
[lio] t=1317401276.965 | feat 3419/8160 | map   6398 | icp ok  iter  5 corr  2781 rms 0.0524   20.33 ms | p=(  322.35   -79.24   2.80) v=1.98 m/s [KF]
[lio] t=1317401277.069 | feat 3536/8160 | map   6383 | icp ok  iter  4 corr  2875 rms 0.0311   14.08 ms | p=(  322.46   -79.37   2.79) v=1.81 m/s
[lio] t=1317401277.173 | feat 3610/8160 | map   6383 | icp ok  iter  4 corr  2940 rms 0.0283   15.44 ms | p=(  322.58   -79.49   2.78) v=1.70 m/s
[lio] t=1317401277.277 | feat 3610/8160 | map   6383 | icp ok  iter  4 corr  2894 rms 0.0283   12.24 ms | p=(  322.69   -79.63   2.77) v=1.75 m/s
[lio] t=1317401277.381 | feat 3803/8160 | map   6383 | icp ok  iter  4 corr  3080 rms 0.0292   13.94 ms | p=(  322.80   -79.76   2.76) v=1.72 m/s
[lio] t=1317401277.485 | feat 3678/8160 | map   6383 | icp ok  iter  4 corr  3015 rms 0.0285   15.49 ms | p=(  322.90   -79.90   2.75) v=1.69 m/s
[lio] t=1317401277.589 | feat 3431/8160 | map   6383 | icp ok  iter  4 corr  2749 rms 0.0346   14.36 ms | p=(  323.02   -80.05   2.75) v=1.77 m/s [KF]
[lio] t=1317401277.693 | feat 3680/8160 | map   6292 | icp ok  iter  4 corr  3113 rms 0.0283   16.57 ms | p=(  323.13   -80.20   2.75) v=1.86 m/s
[lio] t=1317401277.797 | feat 3365/8160 | map   6292 | icp ok  iter  6 corr  2792 rms 0.0322   23.18 ms | p=(  323.29   -80.37   2.74) v=2.07 m/s
[lio] t=1317401277.901 | feat 3463/8160 | map   6292 | icp ok  iter  4 corr  2904 rms 0.0271   15.73 ms | p=(  323.34   -80.51   2.73) v=1.71 m/s
[lio] t=1317401278.005 | feat 3471/8160 | map   6292 | icp ok  iter  4 corr  2901 rms 0.0271   16.00 ms | p=(  323.43   -80.67   2.73) v=1.76 m/s
[lio] t=1317401278.109 | feat 3483/8160 | map   6292 | icp ok  iter  4 corr  2956 rms 0.0259   15.39 ms | p=(  323.52   -80.83   2.72) v=1.78 m/s
[lio] t=1317401278.213 | feat 3260/8160 | map   6292 | icp ok  iter  4 corr  2720 rms 0.0252   14.70 ms | p=(  323.58   -80.99   2.72) v=1.73 m/s [KF]
[lio] t=1317401278.317 | feat 3319/8160 | map   6197 | icp ok  iter  5 corr  2800 rms 0.0286   16.68 ms | p=(  323.67   -81.16   2.72) v=1.81 m/s
[lio] t=1317401278.421 | feat 3261/8160 | map   6197 | icp ok  iter  5 corr  2695 rms 0.0338   19.74 ms | p=(  323.78   -81.33   2.70) v=1.93 m/s
[lio] t=1317401278.524 | feat 3399/8160 | map   6197 | icp ok  iter  4 corr  2789 rms 0.0389   15.80 ms | p=(  323.84   -81.48   2.69) v=1.73 m/s
[lio] t=1317401278.628 | feat 3329/8160 | map   6197 | icp ok  iter  4 corr  2731 rms 0.0376   15.53 ms | p=(  323.92   -81.66   2.68) v=1.87 m/s
[lio] t=1317401278.732 | feat 3219/8160 | map   6197 | icp ok  iter 12 corr  2671 rms 0.0520   50.14 ms | p=(  324.00   -81.84   2.68) v=1.87 m/s
[lio] t=1317401278.836 | feat 3167/8160 | map   6197 | icp ok  iter  7 corr  2681 rms 0.0385   24.00 ms | p=(  324.04   -82.01   2.68) v=1.78 m/s [KF]
[lio] t=1317401278.940 | feat 2961/8160 | map   6104 | icp ok  iter  5 corr  2542 rms 0.0338   18.48 ms | p=(  324.14   -82.21   2.68) v=2.04 m/s
[lio] t=1317401279.044 | feat 3196/8160 | map   6104 | icp ok  iter  5 corr  2772 rms 0.0333   20.47 ms | p=(  324.18   -82.37   2.68) v=1.79 m/s
[lio] t=1317401279.147 | feat 3146/8160 | map   6104 | icp ok  iter  4 corr  2645 rms 0.0289   15.24 ms | p=(  324.23   -82.56   2.67) v=1.86 m/s
[lio] t=1317401279.251 | feat 3020/8160 | map   6104 | icp ok  iter  4 corr  2518 rms 0.0307   13.90 ms | p=(  324.29   -82.74   2.65) v=1.84 m/s
[lio] t=1317401279.355 | feat 3227/8160 | map   6104 | icp ok  iter  5 corr  2701 rms 0.0360   18.78 ms | p=(  324.34   -82.91   2.63) v=1.80 m/s
[lio] t=1317401279.459 | feat 3313/8160 | map   6104 | icp ok  iter  4 corr  2786 rms 0.0389   13.54 ms | p=(  324.37   -83.09   2.62) v=1.84 m/s [KF]
[lio] t=1317401279.563 | feat 3439/8160 | map   5985 | icp ok  iter  5 corr  2949 rms 0.0311   20.08 ms | p=(  324.44   -83.32   2.62) v=2.13 m/s
[lio] t=1317401279.666 | feat 3280/8160 | map   5985 | icp ok  iter  4 corr  2782 rms 0.0269   16.54 ms | p=(  324.47   -83.48   2.61) v=1.83 m/s
[lio] t=1317401279.770 | feat 3120/8160 | map   5985 | icp ok  iter  3 corr  2622 rms 0.0414   11.44 ms | p=(  324.54   -83.68   2.60) v=1.95 m/s
[lio] t=1317401279.874 | feat 3038/8160 | map   5985 | icp ok  iter  4 corr  2540 rms 0.0355   11.37 ms | p=(  324.57   -83.87   2.59) v=1.90 m/s
[lio] t=1317401279.978 | feat 3303/8160 | map   5985 | icp ok  iter  4 corr  2780 rms 0.0343   14.58 ms | p=(  324.62   -84.09   2.58) v=2.12 m/s [KF]
[lio] t=1317401280.082 | feat 3217/8160 | map   5873 | icp ok  iter  5 corr  2779 rms 0.0339   16.98 ms | p=(  324.68   -84.30   2.56) v=2.19 m/s
[lio] t=1317401280.185 | feat 3211/8160 | map   5873 | icp ok  iter  4 corr  2716 rms 0.0437   14.55 ms | p=(  324.71   -84.48   2.56) v=2.06 m/s
[lio] t=1317401280.289 | feat 3314/8160 | map   5873 | icp ok  iter  5 corr  2778 rms 0.0301   19.78 ms | p=(  324.76   -84.76   2.55) v=2.61 m/s
[lio] t=1317401280.393 | feat 3141/8160 | map   5873 | icp ok  iter  4 corr  2651 rms 0.0467   16.09 ms | p=(  324.83   -85.02   2.53) v=2.72 m/s
[lio] t=1317401280.497 | feat 3232/8160 | map   5873 | icp ok  iter  5 corr  2772 rms 0.0488   18.85 ms | p=(  324.87   -85.22   2.51) v=2.38 m/s [KF]
[lio] t=1317401280.600 | feat 3323/8160 | map   5765 | icp ok  iter  5 corr  2899 rms 0.0361   19.34 ms | p=(  324.92   -85.56   2.50) v=3.05 m/s
[lio] t=1317401280.704 | feat 3050/8160 | map   5765 | icp ok  iter  4 corr  2645 rms 0.0424   13.96 ms | p=(  324.96   -85.83   2.49) v=2.92 m/s
[lio] t=1317401280.808 | feat 3051/8160 | map   5765 | icp ok  iter  5 corr  2618 rms 0.0535   18.06 ms | p=(  325.02   -86.16   2.49) v=3.21 m/s
[lio] t=1317401280.912 | feat 2975/8160 | map   5765 | icp ok  iter  3 corr  2509 rms 0.0487   11.90 ms | p=(  325.08   -86.47   2.48) v=3.18 m/s [KF]
[lio] t=1317401281.016 | feat 3231/8160 | map   5682 | icp ok  iter  3 corr  2898 rms 0.0376   12.49 ms | p=(  325.15   -86.81   2.47) v=3.35 m/s
[lio] t=1317401281.119 | feat 3125/8160 | map   5682 | icp ok  iter  4 corr  2771 rms 0.0335   15.38 ms | p=(  325.20   -87.09   2.46) v=3.02 m/s
[lio] t=1317401281.223 | feat 3221/8160 | map   5682 | icp ok  iter 12 corr  2838 rms 0.0324   48.14 ms | p=(  325.28   -87.46   2.45) v=3.48 m/s [KF]
[lio] t=1317401281.327 | feat 3049/8160 | map   5580 | icp ok  iter  4 corr  2744 rms 0.0295   14.19 ms | p=(  325.33   -87.78   2.44) v=3.33 m/s
[lio] t=1317401281.431 | feat 3033/8160 | map   5580 | icp ok  iter  4 corr  2689 rms 0.0280   12.93 ms | p=(  325.40   -88.14   2.43) v=3.51 m/s
[lio] t=1317401281.535 | feat 3146/8160 | map   5580 | icp ok  iter  4 corr  2777 rms 0.0456   13.41 ms | p=(  325.45   -88.51   2.42) v=3.58 m/s [KF]
[lio] t=1317401281.639 | feat 3095/8160 | map   5414 | icp ok  iter  4 corr  2768 rms 0.0349   16.78 ms | p=(  325.52   -88.86   2.40) v=3.60 m/s
[lio] t=1317401281.743 | feat 3016/8160 | map   5414 | icp ok  iter  4 corr  2696 rms 0.0413   12.68 ms | p=(  325.58   -89.24   2.39) v=3.70 m/s
[lio] t=1317401281.847 | feat 2832/8160 | map   5414 | icp ok  iter  4 corr  2472 rms 0.0394   13.18 ms | p=(  325.63   -89.58   2.38) v=3.52 m/s [KF]
[lio] t=1317401281.951 | feat 3249/8160 | map   5309 | icp ok  iter  4 corr  2942 rms 0.0369   13.74 ms | p=(  325.70   -89.96   2.37) v=3.66 m/s
[lio] t=1317401282.055 | feat 2780/8160 | map   5309 | icp ok  iter  4 corr  2483 rms 0.0325   12.02 ms | p=(  325.75   -90.34   2.36) v=3.72 m/s
[lio] t=1317401282.158 | feat 3031/8160 | map   5309 | icp ok  iter  4 corr  2720 rms 0.0433   13.55 ms | p=(  325.82   -90.74   2.34) v=3.84 m/s [KF]
[lio] t=1317401282.262 | feat 2655/8160 | map   5187 | icp ok  iter  4 corr  2330 rms 0.0403   12.40 ms | p=(  325.88   -91.13   2.32) v=3.89 m/s
[lio] t=1317401282.366 | feat 2679/8160 | map   5187 | icp ok  iter 12 corr  2306 rms 0.0360   35.75 ms | p=(  325.94   -91.51   2.30) v=3.78 m/s
[lio] t=1317401282.470 | feat 2638/8160 | map   5187 | icp ok  iter  5 corr  2423 rms 0.0401   16.58 ms | p=(  325.98   -91.88   2.29) v=3.69 m/s [KF]
[lio] t=1317401282.574 | feat 2898/8160 | map   5064 | icp ok  iter  5 corr  2668 rms 0.0342   15.46 ms | p=(  326.04   -92.31   2.27) v=4.01 m/s
[lio] t=1317401282.678 | feat 2725/8160 | map   5064 | icp ok  iter  5 corr  2550 rms 0.0378   16.90 ms | p=(  326.07   -92.70   2.25) v=3.92 m/s
[lio] t=1317401282.782 | feat 2753/8160 | map   5064 | icp ok  iter  6 corr  2601 rms 0.0380   20.24 ms | p=(  326.12   -93.14   2.23) v=4.20 m/s [KF]
[lio] t=1317401282.886 | feat 2608/8160 | map   4922 | icp ok  iter  4 corr  2476 rms 0.0317   11.57 ms | p=(  326.16   -93.52   2.22) v=3.98 m/s
[lio] t=1317401282.990 | feat 2866/8160 | map   4922 | icp ok  iter  5 corr  2686 rms 0.0463   16.04 ms | p=(  326.21   -93.95   2.20) v=4.18 m/s
[lio] t=1317401283.094 | feat 3259/8160 | map   4922 | icp ok  iter  4 corr  3059 rms 0.0421   14.35 ms | p=(  326.25   -94.40   2.18) v=4.33 m/s [KF]
[lio] t=1317401283.198 | feat 3365/8160 | map   4845 | icp ok  iter  4 corr  3102 rms 0.0663   17.01 ms | p=(  326.28   -94.81   2.17) v=4.19 m/s
[lio] t=1317401283.302 | feat 3347/8160 | map   4845 | icp ok  iter  7 corr  3132 rms 0.0355   25.35 ms | p=(  326.33   -95.36   2.16) v=4.97 m/s
[lio] t=1317401283.406 | feat 3590/8160 | map   4845 | icp ok  iter  5 corr  3321 rms 0.1145   22.43 ms | p=(  326.34   -95.70   2.15) v=4.04 m/s [KF]
[lio] t=1317401283.509 | feat 3313/8160 | map   4754 | icp ok  iter  6 corr  3014 rms 0.0358   22.97 ms | p=(  326.38   -96.27   2.13) v=5.03 m/s
[lio] t=1317401283.613 | feat 3134/8160 | map   4754 | icp ok  iter  5 corr  2822 rms 0.0441   18.98 ms | p=(  326.41   -96.67   2.11) v=4.44 m/s
[lio] t=1317401283.717 | feat 3124/8160 | map   4754 | icp ok  iter  7 corr  2784 rms 0.0451   24.55 ms | p=(  326.47   -97.24   2.09) v=5.16 m/s [KF]
[lio] t=1317401283.820 | feat 3552/8160 | map   4653 | icp ok  iter  4 corr  3188 rms 0.0356   14.30 ms | p=(  326.53   -97.77   2.06) v=5.28 m/s
[lio] t=1317401283.924 | feat 3737/8160 | map   4653 | icp ok  iter  4 corr  3277 rms 0.0418   15.17 ms | p=(  326.61   -98.30   2.04) v=5.30 m/s [KF]
[lio] t=1317401284.028 | feat 3602/8160 | map   4557 | icp ok  iter  4 corr  3231 rms 0.0402   16.10 ms | p=(  326.69   -98.84   2.01) v=5.38 m/s
[lio] t=1317401284.132 | feat 3083/8160 | map   4557 | icp ok  iter  4 corr  2726 rms 0.0380   12.96 ms | p=(  326.80   -99.38   1.99) v=5.49 m/s [KF]
[lio] t=1317401284.236 | feat 3422/8160 | map   4429 | icp ok  iter  6 corr  2975 rms 0.0820   25.38 ms | p=(  326.75   -98.96   2.01) v=0.41 m/s
[lio] t=1317401284.340 | feat 2987/8160 | map   4429 | icp REJ iter  9 corr  2467 rms 0.0431   30.53 ms | p=(  326.79   -98.94   2.01) v=0.46 m/s
[lio] t=1317401284.444 | feat 2951/8160 | map   4429 | icp REJ iter 12 corr  2523 rms 0.0583   43.78 ms | p=(  326.84   -98.93   2.00) v=0.55 m/s
[lio] t=1317401284.548 | feat 2966/8160 | map   4429 | icp REJ iter 10 corr  2684 rms 0.0505   38.17 ms | p=(  326.90   -98.93   1.99) v=0.64 m/s
[lio] t=1317401284.652 | feat 2857/8160 | map   4429 | icp REJ iter 12 corr  2226 rms 0.2661   40.25 ms | p=(  326.97   -98.96   1.99) v=0.76 m/s
[lio] t=1317401284.756 | feat 2824/8160 | map   4429 | icp REJ iter 12 corr  2078 rms 0.4115   39.91 ms | p=(  327.04   -99.00   1.98) v=0.88 m/s
[lio] t=1317401284.860 | feat 2815/8160 | map   4429 | icp REJ iter 12 corr  2113 rms 0.2210   39.93 ms | p=(  327.12   -99.05   1.99) v=1.00 m/s
[lio] t=1317401284.964 | feat 3074/8160 | map   4429 | icp ok  iter 12 corr  2253 rms 0.2641   41.56 ms | p=(  327.13   -99.32   1.98) v=1.90 m/s
[lio] t=1317401285.068 | feat 3205/8160 | map   4429 | icp ok  iter 12 corr  2510 rms 0.2900   46.07 ms | p=(  327.19   -99.51   1.95) v=2.00 m/s
[lio] t=1317401285.172 | feat 3224/8160 | map   4429 | icp REJ iter 12 corr  2474 rms 0.2547   45.94 ms | p=(  327.23   -99.72   1.93) v=2.10 m/s
[lio] t=1317401285.276 | feat 3141/8160 | map   4429 | icp REJ iter 12 corr  2253 rms 0.2478   42.35 ms | p=(  327.27   -99.93   1.89) v=2.21 m/s
[lio] t=1317401285.380 | feat 2778/8160 | map   4429 | icp ok  iter 12 corr  1835 rms 0.2676   35.77 ms | p=(  327.16   -98.86   1.99) v=5.40 m/s
[lio] t=1317401285.484 | feat 2468/8160 | map   4429 | icp ok  iter 12 corr  1625 rms 0.3424   31.27 ms | p=(  327.76   -98.60   1.95) v=4.86 m/s [KF]
[lio] t=1317401285.588 | feat 3136/8160 | map   4482 | icp ok  iter  7 corr  2812 rms 0.1018   27.47 ms | p=(  327.92   -99.32   1.93) v=3.64 m/s
[lio] t=1317401285.692 | feat 2527/8160 | map   4482 | icp ok  iter  6 corr  2271 rms 0.1097   20.51 ms | p=(  328.15   -99.87   1.90) v=4.93 m/s [KF]
[lio] t=1317401285.796 | feat 2739/8160 | map   4424 | icp ok  iter 12 corr  2665 rms 0.1008   40.41 ms | p=(  328.35  -100.59   1.89) v=6.29 m/s
[lio] t=1317401285.900 | feat 2607/8160 | map   4424 | icp ok  iter  6 corr  2455 rms 0.1416   21.87 ms | p=(  328.58  -101.35   1.87) v=7.12 m/s [KF]
[lio] t=1317401286.004 | feat 2503/8160 | map   4361 | icp ok  iter  7 corr  2385 rms 0.0766   21.79 ms | p=(  328.76  -101.99   1.84) v=6.77 m/s
[lio] t=1317401286.108 | feat 2311/8160 | map   4361 | icp ok  iter 12 corr  2200 rms 0.1191   39.30 ms | p=(  328.91  -102.64   1.81) v=6.59 m/s [KF]
[lio] t=1317401286.212 | feat 2465/8160 | map   4300 | icp ok  iter  7 corr  2403 rms 0.0724   21.86 ms | p=(  329.12  -103.36   1.79) v=6.93 m/s
[lio] t=1317401286.316 | feat 2459/8160 | map   4300 | icp ok  iter  5 corr  2381 rms 0.0865   16.61 ms | p=(  329.29  -104.03   1.75) v=6.82 m/s [KF]
[lio] t=1317401286.419 | feat 2459/8160 | map   4179 | icp ok  iter  4 corr  2323 rms 0.0584   10.80 ms | p=(  329.48  -104.72   1.72) v=6.88 m/s
[lio] t=1317401286.523 | feat 2824/8160 | map   4179 | icp ok  iter 12 corr  2656 rms 0.0733   43.86 ms | p=(  329.66  -105.43   1.69) v=7.00 m/s [KF]
[lio] t=1317401286.627 | feat 2611/8160 | map   4075 | icp ok  iter  4 corr  2555 rms 0.0612   13.32 ms | p=(  329.83  -106.12   1.65) v=6.91 m/s
[lio] t=1317401286.731 | feat 2539/8160 | map   4075 | icp ok  iter  5 corr  2436 rms 0.0686   15.66 ms | p=(  330.01  -106.77   1.62) v=6.67 m/s [KF]
[lio] t=1317401286.835 | feat 2278/8160 | map   3934 | icp ok  iter  5 corr  2198 rms 0.0452   15.62 ms | p=(  330.18  -107.48   1.60) v=6.90 m/s
[lio] t=1317401286.939 | feat 2326/8160 | map   3934 | icp ok  iter  4 corr  2176 rms 0.0503   12.58 ms | p=(  330.36  -108.16   1.58) v=6.82 m/s [KF]
[lio] t=1317401287.043 | feat 2093/8160 | map   3803 | icp ok  iter  4 corr  2010 rms 0.0432    9.42 ms | p=(  330.56  -108.85   1.55) v=6.89 m/s
[lio] t=1317401287.146 | feat 2046/8160 | map   3803 | icp ok  iter  4 corr  1947 rms 0.0584   10.16 ms | p=(  330.74  -109.53   1.52) v=6.82 m/s [KF]
[lio] t=1317401287.250 | feat 2158/8160 | map   3686 | icp ok  iter  6 corr  2074 rms 0.0580   16.65 ms | p=(  330.93  -110.26   1.49) v=7.11 m/s
[lio] t=1317401287.354 | feat 2190/8160 | map   3686 | icp ok  iter  4 corr  2041 rms 0.0656   11.00 ms | p=(  331.10  -110.95   1.46) v=6.94 m/s [KF]
[lio] t=1317401287.458 | feat 2326/8160 | map   3582 | icp ok  iter  4 corr  2176 rms 0.0557   12.64 ms | p=(  331.28  -111.61   1.43) v=6.73 m/s
[lio] t=1317401287.562 | feat 2269/8160 | map   3582 | icp ok  iter  5 corr  2070 rms 0.0736   12.64 ms | p=(  331.45  -112.28   1.40) v=6.68 m/s [KF]
[lio] t=1317401287.666 | feat 2329/8160 | map   3462 | icp ok  iter  4 corr  2139 rms 0.0451    9.20 ms | p=(  331.62  -112.93   1.36) v=6.58 m/s
[lio] t=1317401287.770 | feat 2291/8160 | map   3462 | icp ok  iter  4 corr  1943 rms 0.0453    9.81 ms | p=(  331.80  -113.59   1.33) v=6.60 m/s [KF]
[lio] t=1317401287.874 | feat 2461/8160 | map   3299 | icp ok  iter  4 corr  2282 rms 0.0477   12.43 ms | p=(  331.99  -114.19   1.30) v=6.28 m/s
[lio] t=1317401287.978 | feat 2141/8160 | map   3299 | icp ok  iter  6 corr  1887 rms 0.0467   14.01 ms | p=(  332.17  -114.91   1.27) v=6.83 m/s [KF]
[lio] t=1317401288.082 | feat 2394/8160 | map   3157 | icp ok  iter  6 corr  2196 rms 0.0369   15.64 ms | p=(  332.35  -115.51   1.24) v=6.34 m/s
[lio] t=1317401288.185 | feat 2366/8160 | map   3157 | icp ok  iter  4 corr  2145 rms 0.0443   12.60 ms | p=(  332.59  -116.41   1.22) v=7.94 m/s [KF]
[lio] t=1317401288.289 | feat 2265/8160 | map   3017 | icp ok  iter 12 corr  2051 rms 0.0574   35.17 ms | p=(  332.81  -117.14   1.19) v=7.57 m/s
[lio] t=1317401288.393 | feat 2528/8160 | map   3017 | icp ok  iter 12 corr  2212 rms 0.0475   38.09 ms | p=(  332.88  -117.36   1.18) v=4.37 m/s
[lio] t=1317401288.497 | feat 2655/8090 | map   3017 | icp ok  iter  7 corr  2136 rms 0.0562   22.65 ms | p=(  333.08  -118.08   1.17) v=6.08 m/s [KF]
[lio] t=1317401288.601 | feat 2752/8063 | map   2952 | icp ok  iter  4 corr  2512 rms 0.0406   12.20 ms | p=(  333.25  -118.70   1.14) v=6.19 m/s
[lio] t=1317401288.705 | feat 2707/8090 | map   2952 | icp ok  iter  4 corr  2397 rms 0.0411   11.27 ms | p=(  333.44  -119.37   1.13) v=6.51 m/s [KF]
[lio] t=1317401288.809 | feat 2689/8061 | map   2883 | icp ok  iter  4 corr  2409 rms 0.0390   11.10 ms | p=(  333.62  -120.03   1.12) v=6.53 m/s
[lio] t=1317401288.913 | feat 2741/8063 | map   2883 | icp ok  iter  4 corr  2425 rms 0.0422   12.04 ms | p=(  333.81  -120.68   1.10) v=6.57 m/s [KF]
[lio] t=1317401289.017 | feat 2844/8120 | map   2795 | icp ok  iter  4 corr  2551 rms 0.0385   11.60 ms | p=(  333.99  -121.34   1.08) v=6.57 m/s
[lio] t=1317401289.121 | feat 2825/8157 | map   2795 | icp ok  iter  5 corr  2485 rms 0.0473   15.50 ms | p=(  334.17  -122.00   1.05) v=6.60 m/s [KF]
[lio] t=1317401289.225 | feat 3004/8160 | map   2720 | icp ok  iter  4 corr  2621 rms 0.0377   11.39 ms | p=(  334.35  -122.66   1.03) v=6.63 m/s
[lio] t=1317401289.329 | feat 2845/8160 | map   2720 | icp ok  iter  4 corr  2494 rms 0.0514   13.42 ms | p=(  334.53  -123.31   1.01) v=6.55 m/s [KF]
[lio] t=1317401289.433 | feat 2871/8160 | map   2644 | icp ok  iter  4 corr  2409 rms 0.0338   11.47 ms | p=(  334.72  -123.97   0.98) v=6.62 m/s
[lio] t=1317401289.537 | feat 2807/8160 | map   2644 | icp ok  iter  4 corr  2306 rms 0.0326   10.21 ms | p=(  334.91  -124.64   0.98) v=6.67 m/s [KF]
[lio] t=1317401289.641 | feat 2655/8135 | map   2616 | icp ok  iter  3 corr  2158 rms 0.0307    7.85 ms | p=(  335.10  -125.29   0.95) v=6.57 m/s
[lio] t=1317401289.745 | feat 2504/8129 | map   2616 | icp ok  iter  5 corr  2084 rms 0.0317   11.72 ms | p=(  335.29  -125.96   0.93) v=6.66 m/s [KF]
[lio] t=1317401289.849 | feat 2393/8142 | map   2588 | icp ok  iter  4 corr  1959 rms 0.0347    9.03 ms | p=(  335.47  -126.61   0.91) v=6.61 m/s
[lio] t=1317401289.953 | feat 2499/8146 | map   2588 | icp ok  iter  4 corr  2181 rms 0.0392   10.96 ms | p=(  335.64  -127.21   0.88) v=6.23 m/s [KF]
[lio] t=1317401290.057 | feat 2341/8160 | map   2535 | icp ok  iter  4 corr  2083 rms 0.0320    8.76 ms | p=(  335.84  -127.90   0.87) v=6.68 m/s
[lio] t=1317401290.161 | feat 2073/8119 | map   2535 | icp ok  iter  5 corr  1778 rms 0.0310    9.88 ms | p=(  336.01  -128.54   0.83) v=6.54 m/s [KF]
[lio] t=1317401290.265 | feat 2163/8123 | map   2519 | icp ok  iter  3 corr  1871 rms 0.0244    7.50 ms | p=(  336.19  -129.20   0.81) v=6.54 m/s
[lio] t=1317401290.369 | feat 1995/8134 | map   2519 | icp ok  iter  4 corr  1747 rms 0.0344    8.61 ms | p=(  336.36  -129.84   0.80) v=6.48 m/s [KF]
[lio] t=1317401290.473 | feat 2052/8133 | map   2407 | icp ok  iter  4 corr  1837 rms 0.0352    9.17 ms | p=(  336.54  -130.49   0.78) v=6.49 m/s
[lio] t=1317401290.577 | feat 1982/8107 | map   2407 | icp ok  iter  3 corr  1822 rms 0.0319    7.21 ms | p=(  336.72  -131.14   0.75) v=6.54 m/s [KF]
[lio] t=1317401290.681 | feat 2029/8095 | map   2176 | icp ok  iter  4 corr  1862 rms 0.0515   10.16 ms | p=(  336.90  -131.79   0.72) v=6.55 m/s
[lio] t=1317401290.784 | feat 2192/8119 | map   2176 | icp ok  iter  5 corr  2014 rms 0.1814   12.96 ms | p=(  337.06  -132.44   0.71) v=6.48 m/s [KF]
[lio] t=1317401290.888 | feat 2390/8160 | map   2138 | icp ok  iter  3 corr  2235 rms 0.0473    8.24 ms | p=(  337.25  -133.10   0.68) v=6.60 m/s
[lio] t=1317401290.992 | feat 2567/8160 | map   2138 | icp ok  iter  3 corr  2386 rms 0.0384    9.15 ms | p=(  337.42  -133.74   0.67) v=6.49 m/s [KF]
[lio] t=1317401291.096 | feat 2528/8160 | map   2152 | icp ok  iter  3 corr  2224 rms 0.0402    7.93 ms | p=(  337.60  -134.38   0.64) v=6.45 m/s
[lio] t=1317401291.200 | feat 2460/8160 | map   2152 | icp ok  iter  3 corr  1932 rms 0.0552    7.14 ms | p=(  337.77  -135.04   0.62) v=6.52 m/s [KF]
[lio] t=1317401291.304 | feat 2397/8160 | map   2156 | icp ok  iter  3 corr  2168 rms 0.0369    7.66 ms | p=(  337.96  -135.71   0.59) v=6.65 m/s
[lio] t=1317401291.408 | feat 2382/8160 | map   2156 | icp ok  iter  4 corr  2112 rms 0.0432   10.80 ms | p=(  338.14  -136.35   0.56) v=6.52 m/s [KF]
[lio] t=1317401291.512 | feat 2191/8150 | map   2135 | icp ok  iter  4 corr  1957 rms 0.0367    8.89 ms | p=(  338.32  -137.01   0.55) v=6.59 m/s
[lio] t=1317401291.616 | feat 2415/8158 | map   2135 | icp ok  iter  4 corr  2183 rms 0.0836    9.93 ms | p=(  338.50  -137.65   0.53) v=6.52 m/s [KF]
[lio] t=1317401291.720 | feat 2506/8125 | map   2134 | icp ok  iter  5 corr  2333 rms 0.0412   13.25 ms | p=(  338.69  -138.29   0.51) v=6.47 m/s
[lio] t=1317401291.824 | feat 2453/8127 | map   2134 | icp ok  iter  4 corr  2303 rms 0.0424   10.46 ms | p=(  338.86  -138.93   0.48) v=6.45 m/s [KF]
[lio] t=1317401291.927 | feat 2181/8132 | map   2148 | icp ok  iter  3 corr  2073 rms 0.0340    6.46 ms | p=(  339.04  -139.58   0.45) v=6.49 m/s
[lio] t=1317401292.031 | feat 2426/8158 | map   2148 | icp ok  iter  4 corr  2183 rms 0.0480    9.78 ms | p=(  339.22  -140.22   0.43) v=6.47 m/s [KF]
[lio] t=1317401292.135 | feat 2354/8160 | map   2160 | icp ok  iter  4 corr  2153 rms 0.0370    9.16 ms | p=(  339.40  -140.86   0.40) v=6.49 m/s
[lio] t=1317401292.239 | feat 2514/8133 | map   2160 | icp ok  iter  4 corr  2281 rms 0.0339   10.54 ms | p=(  339.57  -141.51   0.38) v=6.48 m/s [KF]
[lio] t=1317401292.343 | feat 2227/8104 | map   2140 | icp ok  iter  4 corr  1975 rms 0.0435    9.26 ms | p=(  339.75  -142.16   0.36) v=6.48 m/s
[lio] t=1317401292.447 | feat 2498/8127 | map   2140 | icp ok  iter  5 corr  2195 rms 0.1777   14.10 ms | p=(  339.93  -142.80   0.31) v=6.48 m/s [KF]
[lio] t=1317401292.551 | feat 2320/8102 | map   2169 | icp ok  iter  4 corr  2001 rms 0.0348    9.33 ms | p=(  340.11  -143.44   0.30) v=6.46 m/s
[lio] t=1317401292.655 | feat 2349/8107 | map   2169 | icp ok  iter  4 corr  2013 rms 0.0328    8.93 ms | p=(  340.29  -144.10   0.26) v=6.58 m/s [KF]
[lio] t=1317401292.759 | feat 2504/8107 | map   2153 | icp ok  iter  4 corr  2166 rms 0.0365   11.86 ms | p=(  340.46  -144.76   0.23) v=6.58 m/s
[lio] t=1317401292.863 | feat 2312/8147 | map   2153 | icp ok  iter  4 corr  2012 rms 0.0385   10.97 ms | p=(  340.63  -145.41   0.22) v=6.54 m/s [KF]
[lio] t=1317401292.967 | feat 2560/8154 | map   2112 | icp ok  iter  3 corr  2262 rms 0.0318    8.62 ms | p=(  340.81  -146.06   0.19) v=6.51 m/s
[lio] t=1317401293.071 | feat 2470/8148 | map   2112 | icp ok  iter  6 corr  2140 rms 0.0347   15.07 ms | p=(  340.97  -146.71   0.16) v=6.55 m/s [KF]
[lio] t=1317401293.175 | feat 2578/8160 | map   2036 | icp ok  iter  4 corr  2304 rms 0.0677   11.10 ms | p=(  341.15  -147.35   0.13) v=6.44 m/s
[lio] t=1317401293.279 | feat 2344/8135 | map   2036 | icp ok  iter  6 corr  2086 rms 0.0596   13.84 ms | p=(  341.34  -148.03   0.11) v=6.67 m/s [KF]
[lio] t=1317401293.383 | feat 2226/8128 | map   2017 | icp ok  iter  5 corr  2021 rms 0.0546   12.62 ms | p=(  341.48  -148.68   0.08) v=6.52 m/s
[lio] t=1317401293.487 | feat 2260/8154 | map   2017 | icp ok  iter  4 corr  2060 rms 0.0437    9.45 ms | p=(  341.66  -149.32   0.06) v=6.49 m/s [KF]
[lio] t=1317401293.591 | feat 2131/8160 | map   2001 | icp ok  iter  3 corr  1957 rms 0.0366    6.95 ms | p=(  341.86  -149.96   0.03) v=6.50 m/s
[lio] t=1317401293.695 | feat 1936/8115 | map   2001 | icp ok  iter  5 corr  1732 rms 0.0448   10.68 ms | p=(  342.01  -150.60   0.00) v=6.46 m/s [KF]
[lio] t=1317401293.798 | feat 1559/8135 | map   1976 | icp ok  iter  4 corr  1421 rms 0.0320    6.64 ms | p=(  342.20  -151.28  -0.02) v=6.66 m/s
[lio] t=1317401293.902 | feat 1482/8151 | map   1976 | icp ok  iter  5 corr  1350 rms 0.0277    8.26 ms | p=(  342.36  -151.91  -0.03) v=6.45 m/s [KF]
[lio] t=1317401294.006 | feat 1473/8145 | map   1947 | icp ok  iter  4 corr  1286 rms 0.0473    5.22 ms | p=(  342.53  -152.55  -0.04) v=6.42 m/s
[lio] t=1317401294.110 | feat 1654/8160 | map   1947 | icp ok  iter  4 corr  1424 rms 0.0439    7.23 ms | p=(  342.70  -153.20  -0.08) v=6.50 m/s [KF]
[lio] t=1317401294.214 | feat 1617/8160 | map   1947 | icp ok  iter  4 corr  1371 rms 0.0630    5.97 ms | p=(  342.87  -153.87  -0.12) v=6.61 m/s
[lio] t=1317401294.318 | feat 1566/8160 | map   1947 | icp ok  iter  5 corr  1265 rms 0.0498    7.99 ms | p=(  343.08  -154.58  -0.15) v=6.95 m/s [KF]
[lio] t=1317401294.422 | feat 1837/8160 | map   1944 | icp ok  iter  5 corr  1641 rms 0.0373    8.81 ms | p=(  343.25  -155.22  -0.18) v=6.67 m/s
[lio] t=1317401294.526 | feat 1757/8160 | map   1944 | icp ok  iter  4 corr  1584 rms 0.0493    8.23 ms | p=(  343.42  -155.88  -0.19) v=6.56 m/s [KF]
[lio] t=1317401294.630 | feat 1565/8160 | map   1965 | icp ok  iter  4 corr  1352 rms 0.1035    7.62 ms | p=(  343.60  -156.51  -0.22) v=6.47 m/s
[lio] t=1317401294.734 | feat 1562/8160 | map   1965 | icp ok  iter  4 corr  1449 rms 0.1056    6.08 ms | p=(  343.79  -157.17  -0.26) v=6.59 m/s [KF]
[lio] t=1317401294.838 | feat 1499/8160 | map   1971 | icp ok  iter  4 corr  1422 rms 0.0383    6.85 ms | p=(  343.94  -157.81  -0.28) v=6.45 m/s
[lio] t=1317401294.942 | feat 1411/8160 | map   1971 | icp ok  iter  4 corr  1340 rms 0.0392    5.96 ms | p=(  344.13  -158.46  -0.33) v=6.54 m/s [KF]
[lio] t=1317401295.046 | feat 1255/8160 | map   1956 | icp ok  iter  3 corr  1203 rms 0.0437    4.55 ms | p=(  344.31  -159.11  -0.34) v=6.50 m/s
[lio] t=1317401295.150 | feat 1389/8160 | map   1956 | icp ok  iter  4 corr  1275 rms 0.0475    6.11 ms | p=(  344.50  -159.76  -0.36) v=6.54 m/s [KF]
[lio] t=1317401295.254 | feat 1770/8160 | map   1943 | icp ok  iter  7 corr  1598 rms 0.1322   16.45 ms | p=(  344.65  -160.38  -0.40) v=6.30 m/s
[lio] t=1317401295.357 | feat 1943/8160 | map   1943 | icp ok  iter  5 corr  1632 rms 0.0820   10.61 ms | p=(  344.85  -161.03  -0.41) v=6.42 m/s [KF]
[lio] t=1317401295.461 | feat 1784/8160 | map   1968 | icp ok  iter  4 corr  1664 rms 0.0344    7.77 ms | p=(  345.01  -161.66  -0.43) v=6.36 m/s
[lio] t=1317401295.565 | feat 1750/8160 | map   1968 | icp ok  iter  5 corr  1609 rms 0.0514    9.78 ms | p=(  345.19  -162.29  -0.46) v=6.33 m/s [KF]
[lio] t=1317401295.669 | feat 1779/8160 | map   1975 | icp ok  iter  4 corr  1489 rms 0.0348    6.70 ms | p=(  345.35  -162.92  -0.48) v=6.35 m/s
[lio] t=1317401295.773 | feat 1554/8160 | map   1975 | icp ok  iter  4 corr  1356 rms 0.0300    6.03 ms | p=(  345.53  -163.55  -0.50) v=6.27 m/s [KF]
[lio] t=1317401295.877 | feat 1594/8160 | map   1961 | icp ok  iter  4 corr  1333 rms 0.0716    6.96 ms | p=(  345.69  -164.18  -0.51) v=6.26 m/s
[lio] t=1317401295.981 | feat 1975/8160 | map   1961 | icp ok  iter  5 corr  1680 rms 0.1697    9.87 ms | p=(  345.86  -164.81  -0.55) v=6.29 m/s [KF]
[lio] t=1317401296.085 | feat 2226/8160 | map   1981 | icp ok  iter  4 corr  2005 rms 0.0419    9.51 ms | p=(  346.04  -165.42  -0.57) v=6.18 m/s
[lio] t=1317401296.189 | feat 1902/8160 | map   1981 | icp ok  iter  4 corr  1603 rms 0.0374    6.95 ms | p=(  346.21  -166.03  -0.60) v=6.12 m/s [KF]
[lio] t=1317401296.293 | feat 1919/8160 | map   1981 | icp ok  iter  5 corr  1643 rms 0.0402   10.08 ms | p=(  346.39  -166.64  -0.63) v=6.04 m/s
[lio] t=1317401296.397 | feat 1871/8160 | map   1981 | icp ok  iter  5 corr  1584 rms 0.0583    9.83 ms | p=(  346.52  -167.22  -0.64) v=5.80 m/s [KF]
[lio] t=1317401296.501 | feat 1943/8160 | map   2010 | icp ok  iter  6 corr  1528 rms 0.0399   11.17 ms | p=(  346.68  -167.80  -0.66) v=5.73 m/s
[lio] t=1317401296.605 | feat 1935/8160 | map   2010 | icp ok  iter  3 corr  1414 rms 0.0412    6.01 ms | p=(  346.77  -168.33  -0.68) v=5.30 m/s [KF]
[lio] t=1317401296.709 | feat 1936/8160 | map   2032 | icp ok  iter  3 corr  1696 rms 0.0308    7.89 ms | p=(  346.92  -168.89  -0.70) v=5.37 m/s
[lio] t=1317401296.813 | feat 2038/8160 | map   2032 | icp ok  iter  4 corr  1670 rms 0.0380    7.05 ms | p=(  347.10  -169.38  -0.72) v=5.06 m/s [KF]
[lio] t=1317401296.917 | feat 2277/8160 | map   2054 | icp ok  iter  5 corr  2012 rms 0.0332   10.86 ms | p=(  347.23  -169.91  -0.75) v=5.08 m/s
[lio] t=1317401297.021 | feat 2590/8160 | map   2054 | icp ok  iter  4 corr  2274 rms 0.0322    9.95 ms | p=(  347.37  -170.38  -0.77) v=4.74 m/s [KF]
[lio] t=1317401297.125 | feat 2619/8160 | map   2099 | icp ok  iter  4 corr  2359 rms 0.0302   10.40 ms | p=(  347.50  -170.85  -0.79) v=4.57 m/s
[lio] t=1317401297.229 | feat 2689/8160 | map   2099 | icp ok  iter  4 corr  2361 rms 0.0305   10.93 ms | p=(  347.59  -171.27  -0.80) v=4.21 m/s
[lio] t=1317401297.333 | feat 2439/8160 | map   2099 | icp ok  iter  4 corr  2127 rms 0.0308    9.17 ms | p=(  347.71  -171.67  -0.80) v=3.99 m/s [KF]
[lio] t=1317401297.437 | feat 2371/8160 | map   2106 | icp ok  iter  6 corr  2181 rms 0.0313   15.09 ms | p=(  347.82  -172.09  -0.83) v=4.00 m/s
[lio] t=1317401297.541 | feat 2459/8160 | map   2106 | icp ok  iter  4 corr  2257 rms 0.0335    9.51 ms | p=(  347.92  -172.47  -0.84) v=3.80 m/s
[lio] t=1317401297.645 | feat 2383/8160 | map   2106 | icp ok  iter  4 corr  2200 rms 0.0374   10.16 ms | p=(  348.02  -172.82  -0.87) v=3.56 m/s [KF]
[lio] t=1317401297.749 | feat 2341/8160 | map   2158 | icp ok  iter  5 corr  2170 rms 0.0290   12.82 ms | p=(  348.11  -173.21  -0.88) v=3.63 m/s
[lio] t=1317401297.853 | feat 2351/8160 | map   2158 | icp ok  iter  4 corr  2191 rms 0.0312    9.49 ms | p=(  348.20  -173.53  -0.89) v=3.26 m/s
[lio] t=1317401297.957 | feat 2531/8160 | map   2158 | icp ok  iter  3 corr  2358 rms 0.0338    7.27 ms | p=(  348.27  -173.85  -0.89) v=3.10 m/s [KF]
[lio] t=1317401298.061 | feat 2259/8160 | map   2174 | icp ok  iter  3 corr  2135 rms 0.0660    7.46 ms | p=(  348.34  -174.15  -0.91) v=2.93 m/s
[lio] t=1317401298.165 | feat 2139/8160 | map   2174 | icp ok  iter  5 corr  1982 rms 0.0457   10.63 ms | p=(  348.43  -174.45  -0.92) v=2.87 m/s
[lio] t=1317401298.269 | feat 1940/8160 | map   2174 | icp ok  iter  4 corr  1798 rms 0.0342    8.24 ms | p=(  348.47  -174.66  -0.93) v=2.29 m/s
[lio] t=1317401298.373 | feat 2260/8160 | map   2174 | icp ok  iter  4 corr  2026 rms 0.0408    9.77 ms | p=(  348.56  -174.94  -0.95) v=2.48 m/s [KF]
[lio] t=1317401298.477 | feat 2389/8160 | map   2215 | icp ok  iter  4 corr  2272 rms 0.0283   10.02 ms | p=(  348.60  -175.14  -0.96) v=2.07 m/s
[lio] t=1317401298.581 | feat 2036/8160 | map   2215 | icp ok  iter  4 corr  1893 rms 0.0381   10.09 ms | p=(  348.67  -175.33  -0.97) v=1.87 m/s
[lio] t=1317401298.685 | feat 2336/8160 | map   2215 | icp ok  iter  3 corr  2195 rms 0.0252    7.64 ms | p=(  348.72  -175.52  -0.98) v=1.80 m/s
[lio] t=1317401298.789 | feat 2483/8160 | map   2215 | icp ok  iter  4 corr  2394 rms 0.0440   11.54 ms | p=(  348.77  -175.68  -0.99) v=1.64 m/s
[lio] t=1317401298.892 | feat 2088/8160 | map   2215 | icp ok  iter  4 corr  1945 rms 0.0437    9.21 ms | p=(  348.82  -175.84  -0.99) v=1.59 m/s
[lio] t=1317401298.996 | feat 2825/8160 | map   2215 | icp ok  iter  4 corr  2701 rms 0.0294   12.46 ms | p=(  348.87  -175.99  -1.00) v=1.55 m/s [KF]
[lio] t=1317401299.100 | feat 2668/8160 | map   2240 | icp ok  iter  3 corr  2585 rms 0.0287    8.16 ms | p=(  348.90  -176.14  -1.01) v=1.52 m/s
[lio] t=1317401299.204 | feat 2683/8160 | map   2240 | icp ok  iter  4 corr  2583 rms 0.0307   12.12 ms | p=(  348.96  -176.29  -1.02) v=1.59 m/s
[lio] t=1317401299.307 | feat 2634/8160 | map   2240 | icp ok  iter  5 corr  2510 rms 0.0438   15.31 ms | p=(  349.00  -176.43  -1.02) v=1.50 m/s
[lio] t=1317401299.411 | feat 2710/8160 | map   2240 | icp ok  iter  4 corr  2612 rms 0.0341   12.15 ms | p=(  349.05  -176.58  -1.02) v=1.50 m/s
[lio] t=1317401299.515 | feat 2533/8160 | map   2240 | icp ok  iter  3 corr  2421 rms 0.0293    9.84 ms | p=(  349.13  -176.71  -1.03) v=1.50 m/s
[lio] t=1317401299.618 | feat 2633/8160 | map   2240 | icp ok  iter  4 corr  2489 rms 0.0328   11.79 ms | p=(  349.19  -176.84  -1.04) v=1.43 m/s
[lio] t=1317401299.722 | feat 2848/8160 | map   2240 | icp ok  iter  3 corr  2619 rms 0.0377   10.25 ms | p=(  349.25  -176.95  -1.05) v=1.30 m/s [KF]
[lio] t=1317401299.826 | feat 2804/8160 | map   2335 | icp ok  iter  4 corr  2686 rms 0.0374   13.56 ms | p=(  349.33  -177.07  -1.05) v=1.41 m/s
[lio] t=1317401299.930 | feat 2788/8160 | map   2335 | icp ok  iter  3 corr  2616 rms 0.0347    9.40 ms | p=(  349.40  -177.18  -1.07) v=1.38 m/s
[lio] t=1317401300.033 | feat 2898/8160 | map   2335 | icp ok  iter  4 corr  2704 rms 0.0378   12.71 ms | p=(  349.49  -177.29  -1.09) v=1.44 m/s
[lio] t=1317401300.137 | feat 2700/8160 | map   2335 | icp ok  iter  4 corr  2495 rms 0.0642   11.91 ms | p=(  349.59  -177.41  -1.10) v=1.55 m/s
[lio] t=1317401300.241 | feat 2784/8160 | map   2335 | icp ok  iter  4 corr  2565 rms 0.0959   11.44 ms | p=(  349.68  -177.53  -1.11) v=1.59 m/s [KF]
[lio] t=1317401300.345 | feat 2734/8160 | map   2403 | icp ok  iter  4 corr  2617 rms 0.0293   11.43 ms | p=(  349.80  -177.65  -1.12) v=1.73 m/s
[lio] t=1317401300.448 | feat 2770/8160 | map   2403 | icp ok  iter  4 corr  2641 rms 0.0358   12.83 ms | p=(  349.91  -177.77  -1.13) v=1.70 m/s
[lio] t=1317401300.552 | feat 2977/8160 | map   2403 | icp ok  iter  5 corr  2808 rms 0.0318   15.22 ms | p=(  350.04  -177.89  -1.15) v=1.81 m/s
[lio] t=1317401300.656 | feat 2786/8160 | map   2403 | icp ok  iter  4 corr  2612 rms 0.0342   12.65 ms | p=(  350.18  -178.00  -1.16) v=1.81 m/s [KF]
[lio] t=1317401300.759 | feat 2730/8160 | map   2450 | icp ok  iter  4 corr  2603 rms 0.0330   13.08 ms | p=(  350.30  -178.12  -1.17) v=1.81 m/s
[lio] t=1317401300.863 | feat 2811/8160 | map   2450 | icp ok  iter  4 corr  2666 rms 0.0297   12.43 ms | p=(  350.46  -178.23  -1.19) v=1.91 m/s
[lio] t=1317401300.967 | feat 2829/8160 | map   2450 | icp ok  iter  4 corr  2690 rms 0.0365   12.46 ms | p=(  350.63  -178.34  -1.21) v=2.03 m/s
[lio] t=1317401301.071 | feat 2902/8160 | map   2450 | icp ok  iter  4 corr  2773 rms 0.0382   12.70 ms | p=(  350.81  -178.44  -1.23) v=2.17 m/s [KF]
[lio] t=1317401301.175 | feat 2821/8160 | map   2489 | icp ok  iter  4 corr  2694 rms 0.0403   12.49 ms | p=(  351.02  -178.53  -1.26) v=2.30 m/s
[lio] t=1317401301.279 | feat 3083/8160 | map   2489 | icp ok  iter  4 corr  2948 rms 0.0425   13.76 ms | p=(  351.21  -178.64  -1.28) v=2.27 m/s
[lio] t=1317401301.383 | feat 2995/8160 | map   2489 | icp ok  iter  4 corr  2843 rms 0.0389   14.67 ms | p=(  351.42  -178.72  -1.29) v=2.29 m/s
[lio] t=1317401301.487 | feat 2914/8160 | map   2489 | icp ok  iter  4 corr  2741 rms 0.0453   12.71 ms | p=(  351.66  -178.81  -1.31) v=2.47 m/s
[lio] t=1317401301.591 | feat 2909/8160 | map   2489 | icp ok  iter  4 corr  2791 rms 0.0441   13.66 ms | p=(  351.90  -178.88  -1.33) v=2.56 m/s [KF]
[lio] t=1317401301.695 | feat 3044/8160 | map   2516 | icp ok  iter  4 corr  2894 rms 0.0345   13.22 ms | p=(  352.16  -178.96  -1.36) v=2.67 m/s
[lio] t=1317401301.799 | feat 3072/8160 | map   2516 | icp ok  iter  4 corr  2922 rms 0.0511   12.76 ms | p=(  352.42  -179.02  -1.38) v=2.70 m/s
[lio] t=1317401301.903 | feat 3138/8160 | map   2516 | icp ok  iter  4 corr  2967 rms 0.0473   15.05 ms | p=(  352.70  -179.08  -1.40) v=2.88 m/s
[lio] t=1317401302.006 | feat 2998/8160 | map   2516 | icp ok  iter  4 corr  2869 rms 0.0437   13.87 ms | p=(  352.99  -179.13  -1.43) v=2.95 m/s [KF]
[lio] t=1317401302.110 | feat 2907/8160 | map   2516 | icp ok  iter  4 corr  2790 rms 0.0430   13.24 ms | p=(  353.30  -179.17  -1.44) v=3.06 m/s
[lio] t=1317401302.214 | feat 2754/8160 | map   2516 | icp ok  iter  5 corr  2583 rms 0.0403   15.56 ms | p=(  353.62  -179.19  -1.46) v=3.20 m/s
[lio] t=1317401302.318 | feat 2791/8160 | map   2516 | icp ok  iter  7 corr  2653 rms 0.0536   21.83 ms | p=(  353.94  -179.20  -1.49) v=3.27 m/s
[lio] t=1317401302.422 | feat 2775/8160 | map   2516 | icp ok  iter  5 corr  2630 rms 0.0429   16.32 ms | p=(  354.29  -179.20  -1.52) v=3.45 m/s [KF]
[lio] t=1317401302.526 | feat 2827/8160 | map   2520 | icp ok  iter  4 corr  2616 rms 0.0361   12.56 ms | p=(  354.66  -179.19  -1.54) v=3.62 m/s
[lio] t=1317401302.630 | feat 2985/8160 | map   2520 | icp ok  iter  4 corr  2835 rms 0.0395   13.97 ms | p=(  355.03  -179.18  -1.56) v=3.71 m/s
[lio] t=1317401302.734 | feat 3070/8160 | map   2520 | icp ok  iter  6 corr  2882 rms 0.0350   19.81 ms | p=(  355.43  -179.14  -1.59) v=3.97 m/s [KF]
[lio] t=1317401302.838 | feat 2832/8160 | map   2494 | icp ok  iter  5 corr  2650 rms 0.0301   16.87 ms | p=(  355.82  -179.09  -1.62) v=3.99 m/s
[lio] t=1317401302.942 | feat 2705/8160 | map   2494 | icp ok  iter  5 corr  2518 rms 0.0453   15.31 ms | p=(  356.24  -179.02  -1.64) v=4.25 m/s
[lio] t=1317401303.046 | feat 3168/8160 | map   2494 | icp ok  iter  5 corr  2956 rms 0.0500   17.68 ms | p=(  356.67  -178.95  -1.65) v=4.38 m/s [KF]
[lio] t=1317401303.151 | feat 2888/8160 | map   2469 | icp ok  iter  5 corr  2741 rms 0.0287   16.19 ms | p=(  357.05  -178.89  -1.66) v=4.12 m/s
[lio] t=1317401303.255 | feat 2933/8160 | map   2469 | icp ok  iter  5 corr  2736 rms 0.0270   17.01 ms | p=(  357.60  -178.77  -1.68) v=5.04 m/s
[lio] t=1317401303.359 | feat 3187/8160 | map   2469 | icp ok  iter  6 corr  3000 rms 0.0321   24.46 ms | p=(  358.03  -178.68  -1.69) v=4.68 m/s [KF]
[lio] t=1317401303.463 | feat 2917/8160 | map   2474 | icp ok  iter  4 corr  2765 rms 0.0299   12.47 ms | p=(  358.49  -178.58  -1.70) v=4.77 m/s
[lio] t=1317401303.568 | feat 3006/8160 | map   2474 | icp ok  iter  5 corr  2884 rms 0.0273   17.92 ms | p=(  359.13  -178.43  -1.73) v=5.88 m/s [KF]
[lio] t=1317401303.672 | feat 3098/8160 | map   2446 | icp ok  iter  6 corr  2974 rms 0.0368   20.36 ms | p=(  359.64  -178.31  -1.75) v=5.55 m/s
[lio] t=1317401303.776 | feat 2838/8160 | map   2446 | icp ok  iter  5 corr  2669 rms 0.0332   17.07 ms | p=(  360.32  -178.15  -1.76) v=6.39 m/s [KF]
[lio] t=1317401303.880 | feat 2680/8160 | map   2442 | icp ok  iter  5 corr  2524 rms 0.0314   14.77 ms | p=(  360.90  -178.01  -1.78) v=6.15 m/s
[lio] t=1317401303.984 | feat 2553/8160 | map   2442 | icp ok  iter 12 corr  2391 rms 0.0468   36.47 ms | p=(  361.54  -177.86  -1.80) v=6.43 m/s [KF]
[lio] t=1317401304.089 | feat 2815/8160 | map   2422 | icp ok  iter  5 corr  2600 rms 0.0304   16.56 ms | p=(  362.11  -177.72  -1.81) v=6.12 m/s
[lio] t=1317401304.193 | feat 2852/8160 | map   2422 | icp ok  iter  5 corr  2586 rms 0.0321   15.38 ms | p=(  362.83  -177.55  -1.83) v=6.85 m/s [KF]
[lio] t=1317401304.297 | feat 3467/8143 | map   2423 | icp ok  iter  6 corr  3244 rms 0.0361   23.33 ms | p=(  363.51  -177.38  -1.85) v=6.96 m/s
[lio] t=1317401304.401 | feat 3375/8160 | map   2423 | icp ok  iter  7 corr  3087 rms 0.0348   28.46 ms | p=(  364.34  -177.17  -1.88) v=7.91 m/s [KF]
[lio] t=1317401304.505 | feat 3782/8110 | map   2419 | icp ok  iter  5 corr  3433 rms 0.0512   22.26 ms | p=(  365.04  -177.00  -1.88) v=7.43 m/s
[lio] t=1317401304.609 | feat 4083/8111 | map   2419 | icp ok  iter  4 corr  3670 rms 0.0369   17.36 ms | p=(  365.81  -176.81  -1.90) v=7.71 m/s [KF]
[lio] t=1317401304.713 | feat 4265/8098 | map   2421 | icp ok  iter  7 corr  3907 rms 0.0322   32.67 ms | p=(  366.55  -176.62  -1.93) v=7.62 m/s
[lio] t=1317401304.817 | feat 4110/8098 | map   2421 | icp ok  iter  4 corr  3751 rms 0.0311   19.47 ms | p=(  367.32  -176.42  -1.96) v=7.79 m/s [KF]
[lio] t=1317401304.921 | feat 4380/8096 | map   2439 | icp ok  iter  5 corr  4009 rms 0.0336   22.60 ms | p=(  368.11  -176.22  -1.98) v=7.95 m/s
[lio] t=1317401305.025 | feat 4774/8110 | map   2439 | icp ok  iter  4 corr  4392 rms 0.0466   21.25 ms | p=(  368.91  -176.02  -2.00) v=8.09 m/s [KF]
[lio] t=1317401305.130 | feat 4792/8095 | map   2449 | icp ok  iter  4 corr  4443 rms 0.0297   21.03 ms | p=(  369.72  -175.80  -2.02) v=8.15 m/s
[lio] t=1317401305.234 | feat 4770/8095 | map   2449 | icp ok  iter  5 corr  4378 rms 0.0320   23.37 ms | p=(  370.54  -175.59  -2.05) v=8.30 m/s [KF]
[lio] t=1317401305.338 | feat 4831/8144 | map   2458 | icp ok  iter  3 corr  4454 rms 0.0306   15.77 ms | p=(  371.40  -175.35  -2.08) v=8.53 m/s
[lio] t=1317401305.441 | feat 4812/8156 | map   2458 | icp ok  iter  3 corr  4452 rms 0.0310   15.70 ms | p=(  372.27  -175.12  -2.10) v=8.68 m/s [KF]
[lio] t=1317401305.545 | feat 4361/8160 | map   2470 | icp ok  iter  4 corr  4000 rms 0.0435   17.94 ms | p=(  373.12  -174.88  -2.12) v=8.68 m/s
[lio] t=1317401305.649 | feat 4161/8133 | map   2470 | icp ok  iter  4 corr  3834 rms 0.0301   18.70 ms | p=(  374.00  -174.63  -2.15) v=8.87 m/s [KF]
[lio] t=1317401305.753 | feat 4181/8125 | map   2480 | icp ok  iter  4 corr  3933 rms 0.0333   19.34 ms | p=(  374.88  -174.38  -2.18) v=8.88 m/s
[lio] t=1317401305.857 | feat 4018/8148 | map   2480 | icp ok  iter  4 corr  3733 rms 0.0386   18.52 ms | p=(  375.73  -174.13  -2.21) v=8.74 m/s [KF]
[lio] t=1317401305.961 | feat 3745/8149 | map   2485 | icp ok  iter  4 corr  3576 rms 0.0347   16.89 ms | p=(  376.61  -173.87  -2.23) v=8.83 m/s
[lio] t=1317401306.065 | feat 3339/8152 | map   2485 | icp ok  iter  4 corr  3125 rms 0.0334   14.16 ms | p=(  377.50  -173.60  -2.25) v=8.92 m/s [KF]
[lio] t=1317401306.169 | feat 3166/8160 | map   2504 | icp ok  iter  5 corr  2979 rms 0.0856   16.79 ms | p=(  378.41  -173.34  -2.28) v=9.01 m/s
[lio] t=1317401306.273 | feat 3354/8160 | map   2504 | icp ok  iter  4 corr  3040 rms 0.0404   14.06 ms | p=(  379.26  -173.08  -2.30) v=8.77 m/s [KF]
[lio] t=1317401306.377 | feat 3232/8160 | map   2535 | icp ok  iter  3 corr  2982 rms 0.0323   10.99 ms | p=(  380.14  -172.81  -2.33) v=8.83 m/s
[lio] t=1317401306.481 | feat 3175/8160 | map   2535 | icp ok  iter  5 corr  2851 rms 0.1152   19.24 ms | p=(  381.01  -172.54  -2.37) v=8.78 m/s [KF]
[lio] t=1317401306.585 | feat 3352/8160 | map   2552 | icp ok  iter  5 corr  3186 rms 0.0372   18.36 ms | p=(  381.85  -172.29  -2.39) v=8.61 m/s
[lio] t=1317401306.689 | feat 3113/8160 | map   2552 | icp ok  iter  6 corr  2909 rms 0.0337   20.23 ms | p=(  382.73  -172.03  -2.42) v=8.74 m/s [KF]
[lio] t=1317401306.793 | feat 3225/8160 | map   2551 | icp ok  iter  5 corr  2999 rms 0.0352   18.05 ms | p=(  383.59  -171.77  -2.46) v=8.71 m/s
[lio] t=1317401306.897 | feat 3315/8160 | map   2551 | icp ok  iter  4 corr  3004 rms 0.0399   15.43 ms | p=(  384.44  -171.51  -2.49) v=8.63 m/s [KF]
[lio] t=1317401307.001 | feat 3443/8160 | map   2551 | icp ok  iter  4 corr  3106 rms 0.0348   14.42 ms | p=(  385.32  -171.26  -2.52) v=8.72 m/s
[lio] t=1317401307.105 | feat 3305/8160 | map   2551 | icp ok  iter  4 corr  2894 rms 0.0338   13.80 ms | p=(  386.16  -171.02  -2.55) v=8.54 m/s [KF]
[lio] t=1317401307.209 | feat 2789/8160 | map   2530 | icp ok  iter  4 corr  2398 rms 0.0318   10.80 ms | p=(  387.03  -170.77  -2.58) v=8.65 m/s
[lio] t=1317401307.313 | feat 3036/8160 | map   2530 | icp ok  iter  3 corr  2574 rms 0.0380    9.41 ms | p=(  387.87  -170.52  -2.61) v=8.51 m/s [KF]
[lio] t=1317401307.417 | feat 2966/8160 | map   2443 | icp ok  iter  5 corr  2477 rms 0.0336   14.72 ms | p=(  388.74  -170.28  -2.64) v=8.66 m/s
[lio] t=1317401307.521 | feat 2837/8121 | map   2443 | icp ok  iter  4 corr  2289 rms 0.0326   10.09 ms | p=(  389.59  -170.05  -2.67) v=8.52 m/s [KF]
[lio] t=1317401307.625 | feat 2875/8160 | map   2443 | icp ok  iter  3 corr  2490 rms 0.0342    9.79 ms | p=(  390.45  -169.82  -2.70) v=8.56 m/s
[lio] t=1317401307.729 | feat 2704/8160 | map   2443 | icp ok  iter  4 corr  2313 rms 0.0345   10.30 ms | p=(  391.30  -169.59  -2.73) v=8.53 m/s [KF]
[lio] t=1317401307.833 | feat 3165/8160 | map   2402 | icp ok  iter  4 corr  2854 rms 0.0343   13.23 ms | p=(  392.15  -169.36  -2.77) v=8.47 m/s
[lio] t=1317401307.937 | feat 3111/8160 | map   2402 | icp ok  iter  5 corr  2724 rms 0.0391   15.88 ms | p=(  392.96  -169.14  -2.80) v=8.19 m/s [KF]
[lio] t=1317401308.041 | feat 3370/8160 | map   2367 | icp ok  iter  4 corr  3008 rms 0.0361   14.25 ms | p=(  393.79  -168.92  -2.83) v=8.14 m/s
[lio] t=1317401308.145 | feat 3463/8160 | map   2367 | icp ok  iter  5 corr  3076 rms 0.0377   19.16 ms | p=(  394.58  -168.71  -2.86) v=7.87 m/s [KF]
[lio] t=1317401308.249 | feat 3443/8160 | map   2354 | icp ok  iter  4 corr  3057 rms 0.0321   15.04 ms | p=(  395.36  -168.50  -2.91) v=7.72 m/s
[lio] t=1317401308.353 | feat 3047/8160 | map   2354 | icp ok  iter 12 corr  2657 rms 0.0893   45.01 ms | p=(  396.09  -168.31  -2.94) v=7.37 m/s [KF]
[lio] t=1317401308.457 | feat 3083/8160 | map   2328 | icp ok  iter  5 corr  2713 rms 0.0331   15.70 ms | p=(  396.86  -168.10  -2.97) v=7.45 m/s
[lio] t=1317401308.561 | feat 2947/8123 | map   2328 | icp ok  iter  5 corr  2576 rms 0.0458   16.34 ms | p=(  397.57  -167.90  -3.01) v=7.09 m/s [KF]
[lio] t=1317401308.665 | feat 3284/8110 | map   2309 | icp ok  iter  5 corr  2946 rms 0.0340   17.54 ms | p=(  398.42  -167.68  -3.05) v=7.79 m/s
[lio] t=1317401308.769 | feat 2911/8160 | map   2309 | icp ok  iter  6 corr  2601 rms 0.0467   19.66 ms | p=(  398.92  -167.54  -3.07) v=5.98 m/s [KF]
[lio] t=1317401308.873 | feat 2839/8160 | map   2331 | icp ok  iter  4 corr  2572 rms 0.0273   11.38 ms | p=(  399.56  -167.37  -3.10) v=6.04 m/s
[lio] t=1317401308.977 | feat 2804/8160 | map   2331 | icp ok  iter  3 corr  2432 rms 0.0375    8.98 ms | p=(  400.20  -167.20  -3.12) v=6.08 m/s [KF]
[lio] t=1317401309.081 | feat 2508/8160 | map   2320 | icp ok  iter  4 corr  2160 rms 0.0384   10.62 ms | p=(  400.79  -167.04  -3.14) v=5.84 m/s
[lio] t=1317401309.185 | feat 2282/8160 | map   2320 | icp ok  iter  4 corr  1942 rms 0.0576   11.10 ms | p=(  401.35  -166.88  -3.17) v=5.58 m/s [KF]
[lio] t=1317401309.289 | feat 2852/8160 | map   2346 | icp ok  iter  5 corr  2476 rms 0.0383   14.24 ms | p=(  401.90  -166.75  -3.19) v=5.34 m/s
[lio] t=1317401309.393 | feat 2806/8160 | map   2346 | icp ok  iter  4 corr  2461 rms 0.0865   11.99 ms | p=(  402.47  -166.59  -3.21) v=5.46 m/s [KF]
[lio] t=1317401309.497 | feat 2443/8160 | map   2368 | icp ok  iter  4 corr  2098 rms 0.0305    9.18 ms | p=(  402.96  -166.44  -3.22) v=5.03 m/s
[lio] t=1317401309.601 | feat 2686/8160 | map   2368 | icp ok  iter  3 corr  2323 rms 0.0333    7.90 ms | p=(  403.46  -166.31  -3.24) v=4.87 m/s [KF]
[lio] t=1317401309.705 | feat 2308/8160 | map   2375 | icp ok  iter  5 corr  1901 rms 0.0349   10.94 ms | p=(  403.94  -166.18  -3.26) v=4.68 m/s
[lio] t=1317401309.809 | feat 2670/8160 | map   2375 | icp ok  iter  5 corr  2190 rms 0.0380   12.45 ms | p=(  404.38  -166.06  -3.27) v=4.42 m/s
[lio] t=1317401309.913 | feat 2560/8160 | map   2375 | icp ok  iter  5 corr  2060 rms 0.0472   11.52 ms | p=(  404.81  -165.94  -3.29) v=4.21 m/s [KF]
[lio] t=1317401310.017 | feat 2769/8160 | map   2427 | icp ok  iter  3 corr  2425 rms 0.0395    9.98 ms | p=(  405.21  -165.85  -3.30) v=3.93 m/s
[lio] t=1317401310.121 | feat 2603/8160 | map   2427 | icp ok  iter  4 corr  2192 rms 0.0369   11.71 ms | p=(  405.59  -165.73  -3.31) v=3.72 m/s
[lio] t=1317401310.225 | feat 2569/8160 | map   2427 | icp ok  iter  4 corr  2168 rms 0.0457   10.98 ms | p=(  405.95  -165.64  -3.33) v=3.49 m/s [KF]
[lio] t=1317401310.329 | feat 2841/8160 | map   2467 | icp ok  iter  3 corr  2515 rms 0.0326    8.55 ms | p=(  406.28  -165.55  -3.34) v=3.22 m/s
[lio] t=1317401310.433 | feat 3004/8160 | map   2467 | icp ok  iter  4 corr  2620 rms 0.0406   11.65 ms | p=(  406.59  -165.47  -3.35) v=3.04 m/s
[lio] t=1317401310.537 | feat 2718/8160 | map   2467 | icp ok  iter  3 corr  2288 rms 0.0379    8.80 ms | p=(  406.89  -165.39  -3.36) v=2.95 m/s
[lio] t=1317401310.641 | feat 3104/8160 | map   2467 | icp ok  iter 12 corr  2561 rms 0.0372   35.31 ms | p=(  407.17  -165.33  -3.38) v=2.74 m/s [KF]
[lio] t=1317401310.745 | feat 2863/8160 | map   2516 | icp ok  iter  4 corr  2486 rms 0.0396   11.65 ms | p=(  407.44  -165.26  -3.38) v=2.59 m/s
[lio] t=1317401310.849 | feat 2877/8160 | map   2516 | icp ok  iter  4 corr  2471 rms 0.0396   11.55 ms | p=(  407.69  -165.20  -3.39) v=2.46 m/s
[lio] t=1317401310.953 | feat 2991/8160 | map   2516 | icp ok  iter  3 corr  2582 rms 0.0455    9.77 ms | p=(  407.94  -165.14  -3.40) v=2.48 m/s
[lio] t=1317401311.057 | feat 2813/8160 | map   2516 | icp ok  iter  4 corr  2271 rms 0.0461   11.08 ms | p=(  408.19  -165.09  -3.41) v=2.48 m/s [KF]
[lio] t=1317401311.161 | feat 2811/8160 | map   2560 | icp ok  iter  4 corr  2394 rms 0.0304   10.27 ms | p=(  408.43  -165.04  -3.42) v=2.41 m/s
[lio] t=1317401311.265 | feat 2747/8160 | map   2560 | icp ok  iter  4 corr  2251 rms 0.0273   10.35 ms | p=(  408.67  -164.98  -3.43) v=2.44 m/s
[lio] t=1317401311.369 | feat 2540/8160 | map   2560 | icp ok  iter  4 corr  2061 rms 0.0333    9.15 ms | p=(  408.92  -164.93  -3.44) v=2.43 m/s
[lio] t=1317401311.473 | feat 2683/8160 | map   2560 | icp ok  iter  4 corr  2171 rms 0.0311   10.85 ms | p=(  409.15  -164.88  -3.45) v=2.39 m/s
[lio] t=1317401311.577 | feat 2538/8160 | map   2560 | icp ok  iter  4 corr  2099 rms 0.0355    8.10 ms | p=(  409.40  -164.82  -3.46) v=2.44 m/s [KF]
[lio] t=1317401311.681 | feat 2689/8160 | map   2562 | icp ok  iter  4 corr  2260 rms 0.0283    9.42 ms | p=(  409.63  -164.78  -3.47) v=2.36 m/s
[lio] t=1317401311.785 | feat 2633/8160 | map   2562 | icp ok  iter  3 corr  2151 rms 0.0355    8.38 ms | p=(  409.86  -164.72  -3.47) v=2.33 m/s
[lio] t=1317401311.889 | feat 2512/8160 | map   2562 | icp ok  iter  4 corr  2013 rms 0.0330   10.13 ms | p=(  410.11  -164.67  -3.48) v=2.41 m/s
[lio] t=1317401311.993 | feat 2679/8160 | map   2562 | icp ok  iter  4 corr  2166 rms 0.0355    9.30 ms | p=(  410.34  -164.63  -3.49) v=2.37 m/s
[lio] t=1317401312.097 | feat 2534/8160 | map   2562 | icp ok  iter  6 corr  2051 rms 0.0408   15.22 ms | p=(  410.59  -164.58  -3.50) v=2.53 m/s [KF]
[lio] t=1317401312.201 | feat 2702/8160 | map   2600 | icp ok  iter  3 corr  2362 rms 0.0305    7.81 ms | p=(  410.85  -164.53  -3.52) v=2.70 m/s
[lio] t=1317401312.305 | feat 2772/8160 | map   2600 | icp ok  iter  3 corr  2393 rms 0.0315    8.72 ms | p=(  411.14  -164.48  -3.53) v=2.91 m/s
[lio] t=1317401312.409 | feat 2688/8160 | map   2600 | icp ok  iter  3 corr  2284 rms 0.0285    7.57 ms | p=(  411.44  -164.41  -3.54) v=3.12 m/s
[lio] t=1317401312.512 | feat 2798/8160 | map   2600 | icp ok  iter  6 corr  2317 rms 0.0329   16.01 ms | p=(  411.75  -164.33  -3.55) v=3.24 m/s [KF]
[lio] t=1317401312.616 | feat 2908/8160 | map   2648 | icp ok  iter  4 corr  2543 rms 0.0320   12.25 ms | p=(  412.09  -164.26  -3.56) v=3.42 m/s
[lio] t=1317401312.720 | feat 2755/8160 | map   2648 | icp ok  iter  4 corr  2352 rms 0.0388   11.28 ms | p=(  412.43  -164.19  -3.57) v=3.49 m/s
[lio] t=1317401312.824 | feat 3008/8160 | map   2648 | icp ok  iter  4 corr  2559 rms 0.0302   13.07 ms | p=(  412.80  -164.11  -3.59) v=3.73 m/s [KF]
[lio] t=1317401312.928 | feat 2971/8160 | map   2670 | icp ok  iter  4 corr  2596 rms 0.0306   11.72 ms | p=(  413.17  -164.03  -3.61) v=3.80 m/s
[lio] t=1317401313.032 | feat 3286/8160 | map   2670 | icp ok  iter  4 corr  2919 rms 0.0307   13.41 ms | p=(  413.55  -163.95  -3.63) v=3.89 m/s
[lio] t=1317401313.136 | feat 3125/8160 | map   2670 | icp ok  iter  4 corr  2717 rms 0.0302   11.91 ms | p=(  413.94  -163.86  -3.64) v=4.00 m/s [KF]
[lio] t=1317401313.240 | feat 3299/8160 | map   2692 | icp ok  iter  4 corr  2923 rms 0.0318   14.19 ms | p=(  414.35  -163.78  -3.65) v=4.15 m/s
[lio] t=1317401313.344 | feat 3146/8160 | map   2692 | icp ok  iter  3 corr  2785 rms 0.0337   10.48 ms | p=(  414.78  -163.69  -3.67) v=4.32 m/s
[lio] t=1317401313.447 | feat 3246/8160 | map   2692 | icp ok  iter  4 corr  2775 rms 0.0313   12.76 ms | p=(  415.23  -163.59  -3.69) v=4.54 m/s [KF]
[lio] t=1317401313.551 | feat 3235/8160 | map   2703 | icp ok  iter  6 corr  2819 rms 0.0345   21.12 ms | p=(  415.68  -163.46  -3.70) v=4.63 m/s
[lio] t=1317401313.655 | feat 2907/8160 | map   2703 | icp ok  iter  5 corr  2506 rms 0.0381   16.05 ms | p=(  416.15  -163.37  -3.74) v=4.78 m/s
[lio] t=1317401313.759 | feat 3121/8160 | map   2703 | icp ok  iter  4 corr  2712 rms 0.0580   13.53 ms | p=(  416.64  -163.24  -3.76) v=5.01 m/s [KF]
[lio] t=1317401313.863 | feat 2768/8160 | map   2727 | icp ok  iter  4 corr  2374 rms 0.0363   12.41 ms | p=(  417.14  -163.12  -3.78) v=5.12 m/s
[lio] t=1317401313.967 | feat 2851/8160 | map   2727 | icp ok  iter  3 corr  2394 rms 0.0528    9.27 ms | p=(  417.67  -163.01  -3.80) v=5.33 m/s [KF]
[lio] t=1317401314.071 | feat 2699/8145 | map   2726 | icp ok  iter  3 corr  2306 rms 0.0392    8.75 ms | p=(  418.21  -162.88  -3.83) v=5.53 m/s
[lio] t=1317401314.175 | feat 2584/8149 | map   2726 | icp ok  iter  5 corr  2177 rms 0.0401   12.87 ms | p=(  418.78  -162.77  -3.86) v=5.71 m/s [KF]
[lio] t=1317401314.279 | feat 2541/8160 | map   2705 | icp ok  iter  5 corr  2145 rms 0.0399   12.64 ms | p=(  419.35  -162.62  -3.89) v=5.82 m/s
[lio] t=1317401314.383 | feat 2480/8160 | map   2705 | icp ok  iter  4 corr  2117 rms 0.0381    9.83 ms | p=(  419.94  -162.48  -3.92) v=6.04 m/s [KF]
[lio] t=1317401314.487 | feat 2382/8160 | map   2720 | icp ok  iter  5 corr  2036 rms 0.0494   12.45 ms | p=(  420.56  -162.34  -3.94) v=6.22 m/s
[lio] t=1317401314.591 | feat 2216/8160 | map   2720 | icp ok  iter  3 corr  1830 rms 0.0336    6.61 ms | p=(  421.20  -162.18  -3.98) v=6.44 m/s [KF]
[lio] t=1317401314.695 | feat 2495/8160 | map   2716 | icp ok  iter  4 corr  2099 rms 0.0855   10.17 ms | p=(  421.84  -162.04  -4.01) v=6.55 m/s
[lio] t=1317401314.799 | feat 2476/8160 | map   2716 | icp ok  iter  3 corr  2049 rms 0.0838    8.50 ms | p=(  422.51  -161.85  -4.05) v=6.79 m/s [KF]
[lio] t=1317401314.903 | feat 2453/8160 | map   2687 | icp ok  iter  4 corr  2078 rms 0.0384    9.85 ms | p=(  423.19  -161.70  -4.08) v=6.89 m/s
[lio] t=1317401315.007 | feat 2155/8160 | map   2687 | icp ok  iter  6 corr  1792 rms 0.0420   14.01 ms | p=(  423.91  -161.51  -4.12) v=7.15 m/s [KF]
[lio] t=1317401315.111 | feat 2064/8160 | map   2653 | icp ok  iter  5 corr  1689 rms 0.0335    9.54 ms | p=(  424.61  -161.33  -4.15) v=7.20 m/s
[lio] t=1317401315.214 | feat 2124/8160 | map   2653 | icp ok  iter  5 corr  1709 rms 0.0354    9.56 ms | p=(  425.34  -161.15  -4.19) v=7.37 m/s [KF]
[lio] t=1317401315.318 | feat 2391/8160 | map   2640 | icp ok  iter  5 corr  2006 rms 0.0592   14.01 ms | p=(  426.04  -160.93  -4.22) v=7.33 m/s
[lio] t=1317401315.422 | feat 2353/8160 | map   2640 | icp ok  iter  4 corr  1889 rms 0.0413   10.98 ms | p=(  426.85  -160.76  -4.26) v=7.83 m/s [KF]
[lio] t=1317401315.526 | feat 2397/8160 | map   2645 | icp ok  iter  4 corr  1933 rms 0.0450    9.92 ms | p=(  427.67  -160.54  -4.31) v=8.16 m/s
[lio] t=1317401315.630 | feat 2665/8160 | map   2645 | icp ok  iter  5 corr  2228 rms 0.0365   13.09 ms | p=(  428.46  -160.35  -4.35) v=8.13 m/s [KF]
[lio] t=1317401315.734 | feat 2488/8160 | map   2668 | icp ok  iter  5 corr  2030 rms 0.0415   11.85 ms | p=(  429.26  -160.13  -4.39) v=8.17 m/s
[lio] t=1317401315.838 | feat 2643/8160 | map   2668 | icp ok  iter 12 corr  2215 rms 0.0488   33.90 ms | p=(  430.10  -159.92  -4.43) v=8.35 m/s [KF]
[lio] t=1317401315.942 | feat 2782/8160 | map   2667 | icp ok  iter  6 corr  2407 rms 0.0318   16.26 ms | p=(  430.92  -159.70  -4.47) v=8.34 m/s
[lio] t=1317401316.046 | feat 2686/8160 | map   2667 | icp ok  iter  3 corr  2316 rms 0.0347    7.78 ms | p=(  431.78  -159.48  -4.51) v=8.59 m/s [KF]
[lio] t=1317401316.150 | feat 2601/8160 | map   2686 | icp ok  iter  5 corr  2203 rms 0.0309   12.66 ms | p=(  432.62  -159.26  -4.55) v=8.57 m/s
[lio] t=1317401316.254 | feat 2916/8160 | map   2686 | icp ok  iter  4 corr  2546 rms 0.0444   13.50 ms | p=(  433.50  -159.02  -4.59) v=8.78 m/s [KF]
[lio] t=1317401316.358 | feat 3257/8160 | map   2698 | icp ok  iter  6 corr  2883 rms 0.0365   20.08 ms | p=(  434.38  -158.80  -4.64) v=8.86 m/s
[lio] t=1317401316.462 | feat 3361/8160 | map   2698 | icp ok  iter  3 corr  3050 rms 0.0367   11.32 ms | p=(  435.25  -158.57  -4.69) v=8.83 m/s [KF]
[lio] t=1317401316.566 | feat 3196/8160 | map   2723 | icp ok  iter  4 corr  2888 rms 0.0302   13.05 ms | p=(  436.13  -158.35  -4.73) v=8.85 m/s
[lio] t=1317401316.670 | feat 3122/8160 | map   2723 | icp ok  iter  3 corr  2812 rms 0.0350   10.19 ms | p=(  437.04  -158.12  -4.77) v=9.00 m/s [KF]
[lio] t=1317401316.774 | feat 3045/8160 | map   2742 | icp ok  iter  4 corr  2780 rms 0.0352   12.91 ms | p=(  437.93  -157.90  -4.81) v=8.91 m/s
[lio] t=1317401316.878 | feat 3253/8160 | map   2742 | icp ok  iter  3 corr  2908 rms 0.0405   12.06 ms | p=(  438.80  -157.69  -4.85) v=8.77 m/s [KF]
[lio] t=1317401316.982 | feat 3045/8160 | map   2754 | icp ok  iter  4 corr  2727 rms 0.0339   12.49 ms | p=(  439.70  -157.46  -4.90) v=8.89 m/s
[lio] t=1317401317.086 | feat 2913/8160 | map   2754 | icp ok  iter  5 corr  2607 rms 0.0449   16.74 ms | p=(  440.53  -157.25  -4.93) v=8.54 m/s [KF]
[lio] t=1317401317.190 | feat 2953/8160 | map   2757 | icp ok  iter  5 corr  2632 rms 0.0459   15.48 ms | p=(  441.41  -157.04  -4.97) v=8.65 m/s
[lio] t=1317401317.294 | feat 2896/8160 | map   2757 | icp ok  iter  4 corr  2631 rms 0.0294   12.11 ms | p=(  442.25  -156.84  -5.00) v=8.45 m/s [KF]
[lio] t=1317401317.398 | feat 2964/8160 | map   2767 | icp ok  iter  4 corr  2754 rms 0.0323   12.18 ms | p=(  443.06  -156.63  -5.04) v=8.27 m/s
[lio] t=1317401317.502 | feat 3418/8160 | map   2767 | icp ok  iter  4 corr  3152 rms 0.0356   14.57 ms | p=(  444.00  -156.40  -5.08) v=8.88 m/s [KF]
[lio] t=1317401317.606 | feat 3406/8160 | map   2746 | icp ok  iter  3 corr  3184 rms 0.0297   12.30 ms | p=(  444.84  -156.20  -5.12) v=8.58 m/s
[lio] t=1317401317.710 | feat 3397/8160 | map   2746 | icp ok  iter 12 corr  3205 rms 0.0331   46.79 ms | p=(  445.67  -155.99  -5.16) v=8.38 m/s [KF]
[lio] t=1317401317.814 | feat 3569/8160 | map   2745 | icp ok  iter  5 corr  3305 rms 0.0358   19.68 ms | p=(  446.52  -155.78  -5.20) v=8.43 m/s
[lio] t=1317401317.918 | feat 3351/8160 | map   2745 | icp ok  iter  4 corr  3052 rms 0.0334   13.58 ms | p=(  447.35  -155.57  -5.24) v=8.30 m/s [KF]
[lio] t=1317401318.021 | feat 3917/8160 | map   2757 | icp ok  iter  4 corr  3690 rms 0.0322   16.12 ms | p=(  448.19  -155.36  -5.28) v=8.27 m/s
[lio] t=1317401318.125 | feat 3688/8160 | map   2757 | icp ok  iter  4 corr  3443 rms 0.0311   15.78 ms | p=(  449.00  -155.14  -5.31) v=8.14 m/s [KF]
[lio] t=1317401318.229 | feat 3726/8160 | map   2758 | icp ok  iter  5 corr  3502 rms 0.0323   21.65 ms | p=(  449.80  -154.92  -5.34) v=7.94 m/s
[lio] t=1317401318.333 | feat 3685/8160 | map   2758 | icp ok  iter  7 corr  3448 rms 0.0468   37.25 ms | p=(  450.47  -154.73  -5.38) v=7.14 m/s [KF]
[lio] t=1317401318.437 | feat 3804/8160 | map   2717 | icp ok  iter  5 corr  3559 rms 0.0314   22.34 ms | p=(  451.34  -154.49  -5.42) v=7.98 m/s
[lio] t=1317401318.541 | feat 3415/8160 | map   2717 | icp ok  iter  4 corr  3222 rms 0.0383   16.55 ms | p=(  452.13  -154.26  -5.46) v=7.87 m/s [KF]
[lio] t=1317401318.645 | feat 3643/8160 | map   2669 | icp ok  iter  4 corr  3410 rms 0.0374   16.50 ms | p=(  452.90  -154.05  -5.50) v=7.70 m/s
[lio] t=1317401318.749 | feat 3564/8160 | map   2669 | icp ok  iter  4 corr  3287 rms 0.0409   16.54 ms | p=(  453.62  -153.84  -5.54) v=7.27 m/s [KF]
[lio] t=1317401318.853 | feat 3597/8160 | map   2574 | icp ok  iter  5 corr  3297 rms 0.0388   19.48 ms | p=(  454.31  -153.64  -5.58) v=6.98 m/s
[lio] t=1317401318.957 | feat 3590/8160 | map   2574 | icp ok  iter  5 corr  3196 rms 0.0508   21.32 ms | p=(  455.05  -153.43  -5.60) v=7.13 m/s [KF]
[lio] t=1317401319.061 | feat 3563/8160 | map   2518 | icp ok  iter  4 corr  3221 rms 0.0340   15.98 ms | p=(  455.70  -153.24  -5.65) v=6.68 m/s
[lio] t=1317401319.165 | feat 3490/8160 | map   2518 | icp ok  iter  4 corr  3061 rms 0.0370   15.42 ms | p=(  456.33  -153.06  -5.70) v=6.33 m/s [KF]
[lio] t=1317401319.269 | feat 3352/8160 | map   2435 | icp ok  iter  3 corr  2946 rms 0.0306   11.12 ms | p=(  456.97  -152.88  -5.73) v=6.27 m/s
[lio] t=1317401319.373 | feat 3180/8160 | map   2435 | icp ok  iter  6 corr  2728 rms 0.0773   22.72 ms | p=(  457.66  -152.68  -5.77) v=6.59 m/s [KF]
[lio] t=1317401319.477 | feat 3085/8159 | map   2373 | icp ok  iter  4 corr  2726 rms 0.0442   13.99 ms | p=(  458.15  -152.54  -5.79) v=5.54 m/s
[lio] t=1317401319.582 | feat 3251/8160 | map   2373 | icp ok  iter  4 corr  2845 rms 0.0380   15.66 ms | p=(  458.76  -152.37  -5.83) v=5.81 m/s [KF]
[lio] t=1317401319.686 | feat 3267/8160 | map   2334 | icp ok  iter  3 corr  2852 rms 0.0333   10.97 ms | p=(  459.34  -152.21  -5.87) v=5.78 m/s
[lio] t=1317401319.790 | feat 3252/8160 | map   2334 | icp ok  iter  4 corr  2889 rms 0.0307   13.64 ms | p=(  459.95  -152.05  -5.90) v=5.98 m/s [KF]
[lio] t=1317401319.894 | feat 3127/8160 | map   2336 | icp ok  iter  4 corr  2803 rms 0.0296   12.31 ms | p=(  460.52  -151.90  -5.94) v=5.83 m/s
[lio] t=1317401319.998 | feat 3658/8160 | map   2336 | icp ok  iter 12 corr  3195 rms 0.0396   49.03 ms | p=(  461.08  -151.76  -5.97) v=5.66 m/s [KF]
[lio] t=1317401320.102 | feat 3648/8160 | map   2288 | icp ok  iter  5 corr  3234 rms 0.0321   19.29 ms | p=(  461.67  -151.61  -6.00) v=5.78 m/s
[lio] t=1317401320.206 | feat 3208/8160 | map   2288 | icp ok  iter  5 corr  2789 rms 0.0418   15.89 ms | p=(  462.21  -151.48  -6.04) v=5.54 m/s [KF]
[lio] t=1317401320.310 | feat 3096/8160 | map   2270 | icp ok  iter  4 corr  2660 rms 0.0582   15.33 ms | p=(  462.76  -151.35  -6.07) v=5.52 m/s
[lio] t=1317401320.414 | feat 3980/8160 | map   2270 | icp ok  iter  5 corr  3572 rms 0.0507   24.73 ms | p=(  463.31  -151.22  -6.10) v=5.46 m/s [KF]
[lio] t=1317401320.518 | feat 4047/8160 | map   2267 | icp ok  iter  3 corr  3634 rms 0.0341   15.74 ms | p=(  463.87  -151.10  -6.13) v=5.49 m/s
[lio] t=1317401320.622 | feat 4363/8160 | map   2267 | icp ok  iter  5 corr  3864 rms 0.0372   25.72 ms | p=(  464.44  -150.97  -6.16) v=5.56 m/s [KF]
[lio] t=1317401320.726 | feat 4217/8160 | map   2271 | icp ok  iter  5 corr  3709 rms 0.0290   22.20 ms | p=(  464.98  -150.85  -6.19) v=5.35 m/s
[lio] t=1317401320.830 | feat 4224/8160 | map   2271 | icp ok  iter  4 corr  3698 rms 0.0297   16.99 ms | p=(  465.49  -150.73  -6.22) v=5.16 m/s [KF]
[lio] t=1317401320.934 | feat 4490/8160 | map   2249 | icp ok  iter  4 corr  3998 rms 0.0319   21.46 ms | p=(  466.02  -150.61  -6.24) v=5.18 m/s
[lio] t=1317401321.038 | feat 4486/8160 | map   2249 | icp ok  iter  4 corr  3985 rms 0.0385   22.84 ms | p=(  466.51  -150.51  -6.27) v=4.91 m/s [KF]
[lio] t=1317401321.142 | feat 4481/8160 | map   2261 | icp ok  iter  4 corr  3982 rms 0.0353   19.05 ms | p=(  467.01  -150.39  -6.30) v=4.89 m/s
[lio] t=1317401321.246 | feat 4383/8160 | map   2261 | icp ok  iter  5 corr  3868 rms 0.0411   24.61 ms | p=(  467.45  -150.30  -6.32) v=4.48 m/s
[lio] t=1317401321.350 | feat 4400/8160 | map   2261 | icp ok  iter  4 corr  3822 rms 0.0525   21.87 ms | p=(  467.93  -150.18  -6.34) v=4.59 m/s [KF]
[lio] t=1317401321.454 | feat 4532/8160 | map   2309 | icp ok  iter  4 corr  4024 rms 0.0325   19.37 ms | p=(  468.39  -150.08  -6.37) v=4.55 m/s
[lio] t=1317401321.558 | feat 4198/8160 | map   2309 | icp ok  iter  5 corr  3653 rms 0.0376   20.59 ms | p=(  468.85  -149.96  -6.39) v=4.54 m/s
[lio] t=1317401321.662 | feat 4423/8160 | map   2309 | icp ok  iter  5 corr  3751 rms 0.0424   21.54 ms | p=(  469.29  -149.86  -6.42) v=4.45 m/s [KF]
[lio] t=1317401321.766 | feat 4417/8160 | map   2403 | icp ok  iter  4 corr  3982 rms 0.0409   18.87 ms | p=(  469.72  -149.76  -6.44) v=4.35 m/s
[lio] t=1317401321.870 | feat 4122/8160 | map   2403 | icp ok  iter  5 corr  3711 rms 0.0548   20.94 ms | p=(  470.19  -149.64  -6.46) v=4.56 m/s
[lio] t=1317401321.974 | feat 3911/8160 | map   2403 | icp ok  iter  3 corr  3544 rms 0.0553   16.08 ms | p=(  470.58  -149.52  -6.49) v=4.22 m/s [KF]
[lio] t=1317401322.078 | feat 4260/8160 | map   2444 | icp ok  iter  4 corr  3914 rms 0.0385   19.32 ms | p=(  471.04  -149.40  -6.51) v=4.40 m/s
[lio] t=1317401322.182 | feat 3716/8160 | map   2444 | icp ok  iter  4 corr  3374 rms 0.0508   16.14 ms | p=(  471.48  -149.28  -6.52) v=4.43 m/s
[lio] t=1317401322.286 | feat 3567/8160 | map   2444 | icp ok  iter  4 corr  3183 rms 0.0456   15.10 ms | p=(  471.90  -149.16  -6.55) v=4.30 m/s [KF]
[lio] t=1317401322.390 | feat 3550/8160 | map   2482 | icp ok  iter  5 corr  3178 rms 0.0340   18.51 ms | p=(  472.30  -149.06  -6.57) v=4.14 m/s
[lio] t=1317401322.494 | feat 3309/8160 | map   2482 | icp ok  iter  4 corr  2939 rms 0.0483   12.96 ms | p=(  472.73  -148.93  -6.59) v=4.24 m/s
[lio] t=1317401322.598 | feat 3267/8160 | map   2482 | icp ok  iter  3 corr  2856 rms 0.0427    8.67 ms | p=(  473.15  -148.82  -6.62) v=4.23 m/s [KF]
[lio] t=1317401322.702 | feat 3465/8160 | map   2531 | icp ok  iter  4 corr  3146 rms 0.0413   16.04 ms | p=(  473.56  -148.70  -6.64) v=4.18 m/s
[lio] t=1317401322.806 | feat 3162/8154 | map   2531 | icp ok  iter  4 corr  2838 rms 0.0444   13.67 ms | p=(  473.97  -148.58  -6.67) v=4.15 m/s
[lio] t=1317401322.910 | feat 3540/8121 | map   2531 | icp ok  iter  3 corr  3164 rms 0.0434   11.89 ms | p=(  474.38  -148.46  -6.69) v=4.22 m/s [KF]
[lio] t=1317401323.014 | feat 3747/8125 | map   2594 | icp ok  iter  4 corr  3374 rms 0.0388   14.31 ms | p=(  474.80  -148.35  -6.71) v=4.24 m/s
[lio] t=1317401323.119 | feat 3524/8139 | map   2594 | icp ok  iter  4 corr  3130 rms 0.0479   15.02 ms | p=(  475.23  -148.23  -6.74) v=4.39 m/s
[lio] t=1317401323.223 | feat 3509/8122 | map   2594 | icp ok  iter  3 corr  3048 rms 0.0432   11.78 ms | p=(  475.66  -148.12  -6.76) v=4.44 m/s [KF]
[lio] t=1317401323.327 | feat 3606/8122 | map   2672 | icp ok  iter  3 corr  3197 rms 0.0306   10.79 ms | p=(  476.10  -148.00  -6.78) v=4.48 m/s
[lio] t=1317401323.431 | feat 3670/8160 | map   2672 | icp ok  iter  3 corr  3339 rms 0.0303    9.60 ms | p=(  476.56  -147.88  -6.80) v=4.58 m/s
[lio] t=1317401323.535 | feat 3575/8160 | map   2672 | icp ok  iter  3 corr  3212 rms 0.0305   11.14 ms | p=(  477.01  -147.75  -6.83) v=4.65 m/s [KF]
[lio] t=1317401323.639 | feat 3878/8160 | map   2694 | icp ok  iter  4 corr  3449 rms 0.0316   14.56 ms | p=(  477.47  -147.62  -6.86) v=4.68 m/s
[lio] t=1317401323.743 | feat 3702/8160 | map   2694 | icp ok  iter  4 corr  3255 rms 0.0328   13.58 ms | p=(  477.94  -147.49  -6.90) v=4.83 m/s
[lio] t=1317401323.847 | feat 3539/8160 | map   2694 | icp ok  iter  4 corr  3059 rms 0.0346   15.28 ms | p=(  478.43  -147.37  -6.92) v=4.89 m/s [KF]
[lio] t=1317401323.951 | feat 3689/8160 | map   2727 | icp ok  iter  4 corr  3194 rms 0.0342   16.19 ms | p=(  478.92  -147.25  -6.94) v=4.98 m/s
[lio] t=1317401324.055 | feat 3608/8160 | map   2727 | icp ok  iter  4 corr  3043 rms 0.0400   16.92 ms | p=(  479.42  -147.12  -6.97) v=5.09 m/s [KF]
[lio] t=1317401324.159 | feat 3457/8160 | map   2781 | icp ok  iter  4 corr  2978 rms 0.0294   14.16 ms | p=(  479.93  -146.98  -7.00) v=5.19 m/s
[lio] t=1317401324.263 | feat 3242/8160 | map   2781 | icp ok  iter  4 corr  2803 rms 0.0365   14.18 ms | p=(  480.44  -146.84  -7.04) v=5.26 m/s [KF]
[lio] t=1317401324.367 | feat 3213/8160 | map   2774 | icp ok  iter  3 corr  2737 rms 0.0280    8.62 ms | p=(  480.96  -146.70  -7.07) v=5.35 m/s
[lio] t=1317401324.471 | feat 3256/8160 | map   2774 | icp ok  iter  4 corr  2771 rms 0.0353   12.36 ms | p=(  481.50  -146.55  -7.10) v=5.49 m/s [KF]
[lio] t=1317401324.574 | feat 3111/8160 | map   2774 | icp ok  iter  3 corr  2686 rms 0.0460    9.46 ms | p=(  482.05  -146.40  -7.14) v=5.58 m/s
[lio] t=1317401324.678 | feat 3106/8160 | map   2774 | icp ok  iter  6 corr  2708 rms 0.0495   19.73 ms | p=(  482.61  -146.24  -7.18) v=5.71 m/s [KF]
[lio] t=1317401324.782 | feat 3350/8160 | map   2774 | icp ok  iter  3 corr  2895 rms 0.0542   10.26 ms | p=(  483.18  -146.07  -7.21) v=5.83 m/s
[lio] t=1317401324.886 | feat 3414/8160 | map   2774 | icp ok  iter  3 corr  3010 rms 0.1042   12.40 ms | p=(  483.76  -145.89  -7.24) v=5.97 m/s [KF]
[lio] t=1317401324.990 | feat 3971/8143 | map   2778 | icp ok  iter  5 corr  3720 rms 0.0430   22.65 ms | p=(  484.33  -145.71  -7.28) v=5.94 m/s
[lio] t=1317401325.094 | feat 3646/8152 | map   2778 | icp ok  iter  4 corr  3414 rms 0.0330   14.07 ms | p=(  484.93  -145.51  -7.31) v=6.13 m/s [KF]
[lio] t=1317401325.197 | feat 3672/8149 | map   2779 | icp ok  iter  4 corr  3430 rms 0.0345   16.25 ms | p=(  485.51  -145.31  -7.35) v=6.12 m/s
[lio] t=1317401325.301 | feat 3750/8160 | map   2779 | icp ok  iter  4 corr  3438 rms 0.0386   16.91 ms | p=(  486.10  -145.09  -7.37) v=6.24 m/s [KF]
[lio] t=1317401325.405 | feat 4143/8160 | map   2774 | icp ok  iter  5 corr  3731 rms 0.0347   20.55 ms | p=(  486.69  -144.85  -7.41) v=6.25 m/s
[lio] t=1317401325.509 | feat 4072/8160 | map   2774 | icp ok  iter  4 corr  3800 rms 0.0391   19.69 ms | p=(  487.29  -144.60  -7.44) v=6.37 m/s [KF]
[lio] t=1317401325.613 | feat 4726/8160 | map   2763 | icp ok  iter  4 corr  4240 rms 0.0334   20.13 ms | p=(  487.89  -144.35  -7.47) v=6.40 m/s
[lio] t=1317401325.717 | feat 5218/8160 | map   2763 | icp ok  iter  3 corr  4661 rms 0.0372   18.97 ms | p=(  488.50  -144.09  -7.50) v=6.49 m/s [KF]
[lio] t=1317401325.821 | feat 5049/8143 | map   2739 | icp ok  iter  4 corr  4739 rms 0.0342   27.21 ms | p=(  489.16  -143.81  -7.55) v=6.85 m/s
[lio] t=1317401325.925 | feat 4870/8160 | map   2739 | icp ok  iter  5 corr  4469 rms 0.0359   27.41 ms | p=(  489.78  -143.55  -7.58) v=6.67 m/s [KF]
[lio] t=1317401326.029 | feat 4930/8160 | map   2754 | icp ok  iter  5 corr  4647 rms 0.0343   26.57 ms | p=(  490.42  -143.28  -7.61) v=6.78 m/s
[lio] t=1317401326.133 | feat 5353/8129 | map   2754 | icp ok  iter  4 corr  5012 rms 0.0340   24.42 ms | p=(  491.10  -142.99  -7.65) v=7.07 m/s [KF]
[lio] t=1317401326.238 | feat 4960/8120 | map   2774 | icp ok  iter  5 corr  4649 rms 0.0365   28.37 ms | p=(  491.74  -142.73  -7.68) v=6.94 m/s
[lio] t=1317401326.342 | feat 4455/8159 | map   2774 | icp ok  iter  4 corr  4097 rms 0.0487   23.05 ms | p=(  492.36  -142.48  -7.71) v=6.71 m/s [KF]
[lio] t=1317401326.446 | feat 4397/8146 | map   2775 | icp ok  iter  5 corr  4075 rms 0.0324   26.77 ms | p=(  493.08  -142.21  -7.75) v=7.27 m/s
[lio] t=1317401326.550 | feat 3927/8137 | map   2775 | icp ok  iter  4 corr  3501 rms 0.0315   16.96 ms | p=(  493.79  -141.95  -7.80) v=7.39 m/s [KF]
[lio] t=1317401326.654 | feat 4200/8160 | map   2777 | icp ok  iter  4 corr  3811 rms 0.0290   22.25 ms | p=(  494.51  -141.69  -7.84) v=7.45 m/s
[lio] t=1317401326.758 | feat 4247/8160 | map   2777 | icp ok  iter  4 corr  3673 rms 0.0417   17.81 ms | p=(  495.26  -141.44  -7.88) v=7.62 m/s [KF]
[lio] t=1317401326.862 | feat 4542/8143 | map   2789 | icp ok  iter  5 corr  4117 rms 0.0434   25.33 ms | p=(  495.99  -141.21  -7.92) v=7.59 m/s
[lio] t=1317401326.966 | feat 4176/8102 | map   2789 | icp ok  iter  3 corr  3765 rms 0.0306   14.69 ms | p=(  496.76  -140.97  -7.97) v=7.79 m/s [KF]
[lio] t=1317401327.070 | feat 3848/8085 | map   2804 | icp ok  iter  4 corr  3542 rms 0.0243   17.79 ms | p=(  497.53  -140.74  -8.01) v=7.87 m/s
[lio] t=1317401327.174 | feat 3487/8098 | map   2804 | icp ok  iter  4 corr  3159 rms 0.0255   14.54 ms | p=(  498.32  -140.50  -8.05) v=8.02 m/s [KF]
[lio] t=1317401327.278 | feat 3263/8120 | map   2815 | icp ok  iter  4 corr  2991 rms 0.0435   16.13 ms | p=(  499.11  -140.28  -8.07) v=8.03 m/s
[lio] t=1317401327.382 | feat 3529/8160 | map   2815 | icp ok  iter 12 corr  3224 rms 0.0444   53.49 ms | p=(  499.96  -140.04  -8.14) v=8.48 m/s [KF]
[lio] t=1317401327.486 | feat 3640/8160 | map   2835 | icp ok  iter  5 corr  3314 rms 0.0439   22.23 ms | p=(  500.76  -139.82  -8.18) v=8.29 m/s
[lio] t=1317401327.590 | feat 3646/8151 | map   2835 | icp ok  iter  5 corr  3178 rms 0.0318   21.14 ms | p=(  501.52  -139.62  -8.22) v=7.92 m/s [KF]
[lio] t=1317401327.694 | feat 3626/8160 | map   2866 | icp ok  iter  5 corr  3391 rms 0.0277   18.86 ms | p=(  502.39  -139.39  -8.27) v=8.47 m/s
[lio] t=1317401327.798 | feat 3769/8160 | map   2866 | icp ok  iter  4 corr  3416 rms 0.0345   18.30 ms | p=(  503.21  -139.17  -8.32) v=8.39 m/s [KF]
[lio] t=1317401327.901 | feat 3762/8160 | map   2878 | icp ok  iter  4 corr  3422 rms 0.0276   16.77 ms | p=(  504.05  -138.95  -8.36) v=8.44 m/s
[lio] t=1317401328.005 | feat 3401/8160 | map   2878 | icp ok  iter  5 corr  3026 rms 0.0296   19.11 ms | p=(  504.85  -138.73  -8.41) v=8.24 m/s [KF]
[lio] t=1317401328.109 | feat 3100/8160 | map   2882 | icp ok  iter  4 corr  2815 rms 0.0292   14.81 ms | p=(  505.69  -138.50  -8.46) v=8.40 m/s
[lio] t=1317401328.213 | feat 2865/8160 | map   2882 | icp ok  iter  4 corr  2544 rms 0.0307   13.71 ms | p=(  506.51  -138.28  -8.51) v=8.32 m/s [KF]
[lio] t=1317401328.317 | feat 2726/8160 | map   2858 | icp ok  iter  4 corr  2486 rms 0.0381   12.18 ms | p=(  507.34  -138.05  -8.56) v=8.35 m/s
[lio] t=1317401328.421 | feat 2971/8160 | map   2858 | icp ok  iter  4 corr  2808 rms 0.0404   13.52 ms | p=(  508.20  -137.82  -8.63) v=8.53 m/s [KF]
[lio] t=1317401328.525 | feat 2949/8160 | map   2844 | icp ok  iter  4 corr  2741 rms 0.0299   13.45 ms | p=(  509.03  -137.60  -8.69) v=8.38 m/s
[lio] t=1317401328.628 | feat 3153/8160 | map   2844 | icp ok  iter  4 corr  2929 rms 0.0312   13.85 ms | p=(  509.85  -137.37  -8.75) v=8.34 m/s [KF]
[lio] t=1317401328.732 | feat 3079/8160 | map   2802 | icp ok  iter  3 corr  2857 rms 0.0325   12.16 ms | p=(  510.68  -137.14  -8.80) v=8.36 m/s
[lio] t=1317401328.836 | feat 2865/8160 | map   2802 | icp ok  iter  4 corr  2540 rms 0.0454   14.69 ms | p=(  511.53  -136.90  -8.86) v=8.44 m/s [KF]
[lio] t=1317401328.940 | feat 2673/8160 | map   2791 | icp ok  iter  4 corr  2383 rms 0.0331   12.46 ms | p=(  512.35  -136.68  -8.93) v=8.36 m/s
[lio] t=1317401329.044 | feat 2581/8159 | map   2791 | icp ok  iter  4 corr  2259 rms 0.0285   10.80 ms | p=(  513.17  -136.45  -8.98) v=8.29 m/s [KF]
[lio] t=1317401329.148 | feat 3460/8075 | map   2761 | icp ok  iter  4 corr  3209 rms 0.0275   14.03 ms | p=(  514.00  -136.21  -9.04) v=8.34 m/s
[lio] t=1317401329.252 | feat 3942/8075 | map   2761 | icp ok  iter 12 corr  3552 rms 0.0304   53.77 ms | p=(  514.82  -135.98  -9.10) v=8.32 m/s [KF]
[lio] t=1317401329.356 | feat 3999/8090 | map   2700 | icp ok  iter  5 corr  3582 rms 0.0612   23.30 ms | p=(  515.64  -135.75  -9.15) v=8.25 m/s
[lio] t=1317401329.460 | feat 3726/8082 | map   2700 | icp ok  iter  5 corr  3212 rms 0.0717   21.75 ms | p=(  516.44  -135.52  -9.20) v=8.09 m/s [KF]
[lio] t=1317401329.564 | feat 3539/8102 | map   2705 | icp ok  iter  4 corr  3123 rms 0.0347   13.62 ms | p=(  517.23  -135.30  -9.26) v=8.00 m/s
[lio] t=1317401329.668 | feat 3748/8092 | map   2705 | icp ok  iter 12 corr  3210 rms 0.0341   48.66 ms | p=(  518.02  -135.08  -9.33) v=7.92 m/s [KF]
[lio] t=1317401329.771 | feat 3720/8110 | map   2674 | icp ok  iter  4 corr  3335 rms 0.0288   15.78 ms | p=(  518.84  -134.86  -9.39) v=8.05 m/s
[lio] t=1317401329.875 | feat 3845/8108 | map   2674 | icp ok  iter  4 corr  3502 rms 0.0300   17.64 ms | p=(  519.59  -134.65  -9.43) v=7.66 m/s [KF]
[lio] t=1317401329.979 | feat 3809/8115 | map   2625 | icp ok  iter  6 corr  3380 rms 0.0304   23.56 ms | p=(  520.34  -134.45  -9.49) v=7.45 m/s
[lio] t=1317401330.083 | feat 4557/8145 | map   2625 | icp ok  iter  6 corr  4054 rms 0.0515   32.05 ms | p=(  521.05  -134.24  -9.54) v=7.20 m/s [KF]
[lio] t=1317401330.187 | feat 4682/8160 | map   2545 | icp ok  iter  5 corr  4229 rms 0.0413   26.49 ms | p=(  521.76  -134.05  -9.59) v=7.01 m/s
[lio] t=1317401330.291 | feat 4411/8160 | map   2545 | icp ok  iter  5 corr  3780 rms 0.0636   21.55 ms | p=(  522.42  -133.87  -9.64) v=6.66 m/s [KF]
[lio] t=1317401330.395 | feat 4350/8160 | map   2460 | icp ok  iter  6 corr  3908 rms 0.0315   26.91 ms | p=(  523.10  -133.69  -9.68) v=6.65 m/s
[lio] t=1317401330.499 | feat 4132/8160 | map   2460 | icp ok  iter  4 corr  3660 rms 0.0522   17.75 ms | p=(  523.76  -133.51  -9.73) v=6.59 m/s [KF]
[lio] t=1317401330.603 | feat 4151/8154 | map   2409 | icp ok  iter  5 corr  3667 rms 0.0291   19.95 ms | p=(  524.38  -133.35  -9.78) v=6.24 m/s
[lio] t=1317401330.707 | feat 4107/8160 | map   2409 | icp ok  iter  5 corr  3567 rms 0.0290   20.56 ms | p=(  525.02  -133.18  -9.82) v=6.22 m/s [KF]
[lio] t=1317401330.811 | feat 4389/8160 | map   2373 | icp ok  iter  3 corr  3747 rms 0.0294   11.31 ms | p=(  525.64  -133.01  -9.87) v=6.15 m/s
[lio] t=1317401330.915 | feat 4284/8160 | map   2373 | icp ok  iter  5 corr  3500 rms 0.0315   22.93 ms | p=(  526.21  -132.86  -9.90) v=5.83 m/s [KF]
[lio] t=1317401331.019 | feat 4160/8160 | map   2376 | icp ok  iter  4 corr  3595 rms 0.0335   17.05 ms | p=(  526.77  -132.71  -9.94) v=5.60 m/s
[lio] t=1317401331.123 | feat 4186/8160 | map   2376 | icp ok  iter  4 corr  3541 rms 0.0510   17.43 ms | p=(  527.36  -132.55  -9.98) v=5.76 m/s [KF]
[lio] t=1317401331.227 | feat 4284/8160 | map   2378 | icp ok  iter  4 corr  3591 rms 0.0341   16.61 ms | p=(  527.92  -132.40 -10.02) v=5.66 m/s
[lio] t=1317401331.331 | feat 4537/8160 | map   2378 | icp ok  iter 12 corr  3850 rms 0.0316   53.76 ms | p=(  528.45  -132.26 -10.06) v=5.43 m/s [KF]
[lio] t=1317401331.435 | feat 4492/8160 | map   2400 | icp ok  iter  4 corr  3877 rms 0.0330   18.60 ms | p=(  529.01  -132.11 -10.09) v=5.50 m/s
[lio] t=1317401331.539 | feat 4352/8160 | map   2400 | icp ok  iter  5 corr  3701 rms 0.0421   25.98 ms | p=(  529.50  -131.99 -10.12) v=5.08 m/s [KF]
[lio] t=1317401331.643 | feat 4535/8160 | map   2457 | icp ok  iter  5 corr  3964 rms 0.0325   21.51 ms | p=(  530.06  -131.84 -10.14) v=5.30 m/s
[lio] t=1317401331.747 | feat 4288/8160 | map   2457 | icp ok  iter  5 corr  3712 rms 0.0352   22.28 ms | p=(  530.56  -131.72 -10.17) v=5.05 m/s [KF]
[lio] t=1317401331.851 | feat 4378/8160 | map   2524 | icp ok  iter  4 corr  3822 rms 0.0353   17.15 ms | p=(  531.05  -131.58 -10.20) v=4.90 m/s
[lio] t=1317401331.955 | feat 4365/8160 | map   2524 | icp ok  iter  3 corr  3695 rms 0.0373   14.39 ms | p=(  531.52  -131.46 -10.23) v=4.67 m/s
[lio] t=1317401332.059 | feat 4325/8160 | map   2524 | icp ok  iter  4 corr  3495 rms 0.0384   17.24 ms | p=(  531.98  -131.35 -10.25) v=4.52 m/s [KF]
[lio] t=1317401332.163 | feat 4533/8160 | map   2647 | icp ok  iter  4 corr  3884 rms 0.0312   19.51 ms | p=(  532.42  -131.25 -10.27) v=4.32 m/s
[lio] t=1317401332.267 | feat 4430/8142 | map   2647 | icp ok  iter  4 corr  3776 rms 0.0349   18.20 ms | p=(  532.83  -131.16 -10.29) v=4.15 m/s
[lio] t=1317401332.371 | feat 4290/8160 | map   2647 | icp ok  iter  3 corr  3701 rms 0.0389   13.00 ms | p=(  533.24  -131.06 -10.32) v=4.03 m/s [KF]
[lio] t=1317401332.476 | feat 4492/8142 | map   2732 | icp ok  iter  4 corr  4000 rms 0.0370   17.41 ms | p=(  533.64  -130.98 -10.34) v=3.88 m/s
[lio] t=1317401332.580 | feat 4273/8154 | map   2732 | icp ok  iter  4 corr  3802 rms 0.0291   18.38 ms | p=(  534.02  -130.91 -10.36) v=3.74 m/s
[lio] t=1317401332.684 | feat 4160/8160 | map   2732 | icp ok  iter  4 corr  3635 rms 0.0388   18.33 ms | p=(  534.39  -130.85 -10.37) v=3.58 m/s [KF]
[lio] t=1317401332.788 | feat 4305/8160 | map   2826 | icp ok  iter  4 corr  3815 rms 0.0409   19.01 ms | p=(  534.74  -130.80 -10.39) v=3.47 m/s
[lio] t=1317401332.892 | feat 4265/8160 | map   2826 | icp ok  iter  4 corr  3775 rms 0.0370   18.56 ms | p=(  535.09  -130.75 -10.41) v=3.33 m/s
[lio] t=1317401332.997 | feat 4227/8160 | map   2826 | icp ok  iter  4 corr  3712 rms 0.0416   16.88 ms | p=(  535.41  -130.71 -10.43) v=3.20 m/s [KF]
[lio] t=1317401333.101 | feat 4132/8160 | map   2891 | icp ok  iter  5 corr  3630 rms 0.0341   20.84 ms | p=(  535.73  -130.69 -10.45) v=3.10 m/s
[lio] t=1317401333.205 | feat 4253/8160 | map   2891 | icp ok  iter  4 corr  3795 rms 0.0392   17.08 ms | p=(  536.04  -130.67 -10.47) v=3.02 m/s
[lio] t=1317401333.309 | feat 4141/8160 | map   2891 | icp ok  iter  3 corr  3650 rms 0.0341   14.28 ms | p=(  536.35  -130.66 -10.47) v=2.93 m/s
[lio] t=1317401333.413 | feat 3971/8135 | map   2891 | icp ok  iter  4 corr  3478 rms 0.0373   17.26 ms | p=(  536.64  -130.66 -10.49) v=2.86 m/s [KF]
[lio] t=1317401333.517 | feat 4009/8136 | map   2997 | icp ok  iter  5 corr  3507 rms 0.0382   21.78 ms | p=(  536.92  -130.66 -10.50) v=2.77 m/s
[lio] t=1317401333.622 | feat 3827/8160 | map   2997 | icp ok  iter  3 corr  3368 rms 0.0380   12.02 ms | p=(  537.20  -130.67 -10.51) v=2.72 m/s
[lio] t=1317401333.726 | feat 4029/8160 | map   2997 | icp ok  iter  4 corr  3624 rms 0.0361   15.94 ms | p=(  537.48  -130.68 -10.52) v=2.72 m/s
[lio] t=1317401333.830 | feat 3990/8160 | map   2997 | icp ok  iter  4 corr  3582 rms 0.0367   17.53 ms | p=(  537.74  -130.70 -10.54) v=2.67 m/s [KF]
[lio] t=1317401333.934 | feat 3861/8160 | map   3085 | icp ok  iter  4 corr  3500 rms 0.0325   17.10 ms | p=(  538.01  -130.72 -10.56) v=2.67 m/s
[lio] t=1317401334.038 | feat 4007/8160 | map   3085 | icp ok  iter  4 corr  3597 rms 0.0334   16.15 ms | p=(  538.28  -130.76 -10.57) v=2.67 m/s
[lio] t=1317401334.142 | feat 4102/8134 | map   3085 | icp ok  iter 12 corr  3601 rms 0.0365   55.89 ms | p=(  538.53  -130.79 -10.58) v=2.57 m/s
[lio] t=1317401334.246 | feat 3938/8127 | map   3085 | icp ok  iter  4 corr  3440 rms 0.0442   17.54 ms | p=(  538.80  -130.86 -10.59) v=2.66 m/s [KF]
[lio] t=1317401334.350 | feat 3964/8121 | map   3176 | icp ok  iter  4 corr  3518 rms 0.0328   15.99 ms | p=(  539.06  -130.91 -10.60) v=2.60 m/s
[lio] t=1317401334.454 | feat 4043/8108 | map   3176 | icp ok  iter  4 corr  3586 rms 0.0411   17.12 ms | p=(  539.31  -130.98 -10.61) v=2.65 m/s
[lio] t=1317401334.558 | feat 4175/8127 | map   3176 | icp ok  iter  4 corr  3717 rms 0.0593   16.22 ms | p=(  539.57  -131.06 -10.63) v=2.72 m/s
[lio] t=1317401334.662 | feat 3850/8145 | map   3176 | icp ok  iter  5 corr  3363 rms 0.0332   20.83 ms | p=(  539.84  -131.13 -10.64) v=2.76 m/s [KF]
[lio] t=1317401334.766 | feat 3963/8134 | map   3270 | icp ok  iter  4 corr  3568 rms 0.0283   16.76 ms | p=(  540.12  -131.23 -10.66) v=2.97 m/s
[lio] t=1317401334.870 | feat 4026/8153 | map   3270 | icp ok  iter  3 corr  3599 rms 0.0280   12.99 ms | p=(  540.41  -131.35 -10.68) v=3.15 m/s
[lio] t=1317401334.974 | feat 4202/8129 | map   3270 | icp ok  iter  5 corr  3849 rms 0.0339   22.06 ms | p=(  540.73  -131.48 -10.71) v=3.34 m/s
[lio] t=1317401335.078 | feat 3870/8144 | map   3270 | icp ok  iter  4 corr  3494 rms 0.0401   17.30 ms | p=(  541.03  -131.63 -10.74) v=3.34 m/s [KF]
[lio] t=1317401335.181 | feat 3858/8151 | map   3371 | icp ok  iter  4 corr  3581 rms 0.0405   18.75 ms | p=(  541.31  -131.74 -10.75) v=3.08 m/s
[lio] t=1317401335.285 | feat 3699/8160 | map   3371 | icp ok  iter  5 corr  3379 rms 0.0623   20.99 ms | p=(  541.59  -131.87 -10.78) v=2.95 m/s
[lio] t=1317401335.389 | feat 3827/8160 | map   3371 | icp ok  iter  4 corr  3466 rms 0.0585   17.55 ms | p=(  541.87  -131.98 -10.80) v=2.88 m/s
[lio] t=1317401335.492 | feat 3716/8160 | map   3371 | icp ok  iter  4 corr  3399 rms 0.0463   16.14 ms | p=(  542.10  -132.09 -10.82) v=2.56 m/s [KF]
[lio] t=1317401335.596 | feat 3624/8160 | map   3457 | icp ok  iter  4 corr  3342 rms 0.0401   15.79 ms | p=(  542.31  -132.17 -10.84) v=2.24 m/s
[lio] t=1317401335.699 | feat 3684/8160 | map   3457 | icp ok  iter  5 corr  3428 rms 0.0428   19.56 ms | p=(  542.54  -132.29 -10.87) v=2.40 m/s
[lio] t=1317401335.803 | feat 3702/8160 | map   3457 | icp ok  iter  4 corr  3419 rms 0.0525   18.32 ms | p=(  542.76  -132.33 -10.89) v=2.27 m/s
[lio] t=1317401335.907 | feat 3415/8160 | map   3457 | icp ok  iter  4 corr  3136 rms 0.0504   16.37 ms | p=(  542.95  -132.38 -10.90) v=2.08 m/s
[lio] t=1317401336.010 | feat 3264/8160 | map   3457 | icp ok  iter  5 corr  2943 rms 0.0569   18.97 ms | p=(  543.15  -132.42 -10.91) v=2.03 m/s [KF]
[lio] t=1317401336.114 | feat 3211/8160 | map   3536 | icp ok  iter  5 corr  2956 rms 0.0575   20.15 ms | p=(  543.34  -132.44 -10.93) v=1.97 m/s
[lio] t=1317401336.218 | feat 3358/8160 | map   3536 | icp ok  iter  4 corr  3121 rms 0.0756   17.52 ms | p=(  543.52  -132.45 -10.94) v=1.81 m/s
[lio] t=1317401336.321 | feat 3371/8160 | map   3536 | icp ok  iter  4 corr  3100 rms 0.0803   17.99 ms | p=(  543.68  -132.44 -10.95) v=1.69 m/s
[lio] t=1317401336.425 | feat 3667/8160 | map   3536 | icp ok  iter  4 corr  3372 rms 0.0954   18.68 ms | p=(  543.86  -132.40 -10.96) v=1.77 m/s
[lio] t=1317401336.529 | feat 3436/8160 | map   3536 | icp ok  iter  4 corr  3135 rms 0.0916   15.84 ms | p=(  544.04  -132.44 -10.98) v=1.79 m/s [KF]
[lio] t=1317401336.632 | feat 3425/8160 | map   3597 | icp ok  iter  4 corr  3180 rms 0.0547   15.16 ms | p=(  544.20  -132.44 -10.99) v=1.67 m/s
[lio] t=1317401336.736 | feat 3383/8160 | map   3597 | icp ok  iter  4 corr  3123 rms 0.0525   15.74 ms | p=(  544.37  -132.43 -11.01) v=1.69 m/s
[lio] t=1317401336.840 | feat 3540/8160 | map   3597 | icp ok  iter  4 corr  3269 rms 0.0528   15.69 ms | p=(  544.54  -132.42 -11.02) v=1.73 m/s
[lio] t=1317401336.944 | feat 3428/8160 | map   3597 | icp ok  iter  4 corr  3152 rms 0.0682   16.45 ms | p=(  544.71  -132.41 -11.03) v=1.69 m/s [KF]
[lio] t=1317401337.048 | feat 3413/8160 | map   3634 | icp ok  iter  4 corr  3080 rms 0.0502   14.16 ms | p=(  544.87  -132.39 -11.04) v=1.67 m/s
[lio] t=1317401337.151 | feat 3383/8160 | map   3634 | icp ok  iter  5 corr  3041 rms 0.0544   19.62 ms | p=(  545.03  -132.34 -11.06) v=1.71 m/s
[lio] t=1317401337.255 | feat 3402/8160 | map   3634 | icp ok  iter  5 corr  3055 rms 0.0595   18.36 ms | p=(  545.21  -132.31 -11.07) v=1.80 m/s
[lio] t=1317401337.359 | feat 3283/8160 | map   3634 | icp ok  iter  5 corr  2966 rms 0.0556   18.29 ms | p=(  545.38  -132.23 -11.08) v=1.86 m/s [KF]
[lio] t=1317401337.463 | feat 3412/8160 | map   3656 | icp ok  iter  4 corr  3087 rms 0.0477   13.71 ms | p=(  545.55  -132.19 -11.09) v=1.88 m/s
[lio] t=1317401337.566 | feat 3311/8160 | map   3656 | icp ok  iter  5 corr  2943 rms 0.0463   19.71 ms | p=(  545.72  -132.10 -11.09) v=1.91 m/s
[lio] t=1317401337.670 | feat 3451/8160 | map   3656 | icp ok  iter  4 corr  3049 rms 0.0440   15.67 ms | p=(  545.88  -132.03 -11.10) v=1.89 m/s
[lio] t=1317401337.774 | feat 3717/8160 | map   3656 | icp ok  iter  4 corr  3282 rms 0.0465   16.07 ms | p=(  546.06  -131.95 -11.11) v=1.95 m/s [KF]
[lio] t=1317401337.878 | feat 3795/8160 | map   3692 | icp ok  iter  4 corr  3413 rms 0.0390   15.66 ms | p=(  546.22  -131.86 -11.12) v=1.92 m/s
[lio] t=1317401337.982 | feat 3636/8160 | map   3692 | icp ok  iter  5 corr  3257 rms 0.0387   20.62 ms | p=(  546.40  -131.77 -11.14) v=2.01 m/s
[lio] t=1317401338.086 | feat 3739/8160 | map   3692 | icp ok  iter  4 corr  3357 rms 0.0362   17.73 ms | p=(  546.58  -131.65 -11.15) v=2.11 m/s
[lio] t=1317401338.191 | feat 3567/8160 | map   3692 | icp ok  iter  4 corr  3167 rms 0.0417   17.48 ms | p=(  546.76  -131.54 -11.16) v=2.14 m/s
[lio] t=1317401338.295 | feat 3654/8160 | map   3692 | icp ok  iter  5 corr  3259 rms 0.0591   21.95 ms | p=(  546.95  -131.40 -11.16) v=2.27 m/s [KF]
[lio] t=1317401338.399 | feat 3425/8160 | map   3751 | icp ok  iter  5 corr  3088 rms 0.0415   20.85 ms | p=(  547.12  -131.27 -11.18) v=2.25 m/s
[lio] t=1317401338.503 | feat 3444/8160 | map   3751 | icp ok  iter  4 corr  3002 rms 0.0430   16.47 ms | p=(  547.30  -131.10 -11.20) v=2.47 m/s
[lio] t=1317401338.608 | feat 3616/8160 | map   3751 | icp ok  iter  4 corr  3234 rms 0.0447   17.84 ms | p=(  547.51  -130.91 -11.25) v=2.79 m/s
[lio] t=1317401338.712 | feat 3477/8160 | map   3751 | icp ok  iter  6 corr  3047 rms 0.0527   22.27 ms | p=(  547.73  -130.72 -11.26) v=2.95 m/s [KF]
[lio] t=1317401338.816 | feat 3407/8160 | map   3810 | icp ok  iter  5 corr  3021 rms 0.0463   20.45 ms | p=(  547.95  -130.54 -11.27) v=2.89 m/s
[lio] t=1317401338.921 | feat 3248/8160 | map   3810 | icp ok  iter  4 corr  2890 rms 0.0490   16.61 ms | p=(  548.17  -130.34 -11.29) v=3.04 m/s
[lio] t=1317401339.025 | feat 3610/8160 | map   3810 | icp ok  iter  5 corr  3242 rms 0.0564   22.06 ms | p=(  548.40  -130.08 -11.33) v=3.31 m/s
[lio] t=1317401339.130 | feat 3763/8160 | map   3810 | icp ok  iter  4 corr  3372 rms 0.0614   18.11 ms | p=(  548.64  -129.86 -11.37) v=3.31 m/s [KF]
[lio] t=1317401339.234 | feat 3968/8160 | map   3889 | icp ok  iter  4 corr  3723 rms 0.0455   20.62 ms | p=(  548.90  -129.63 -11.38) v=3.40 m/s
[lio] t=1317401339.339 | feat 3786/8160 | map   3889 | icp ok  iter  5 corr  3529 rms 0.0447   23.98 ms | p=(  549.20  -129.40 -11.41) v=3.67 m/s
[lio] t=1317401339.443 | feat 3774/8160 | map   3889 | icp ok  iter  4 corr  3490 rms 0.0484   19.51 ms | p=(  549.52  -129.15 -11.46) v=3.90 m/s [KF]
[lio] t=1317401339.547 | feat 3808/8160 | map   3937 | icp ok  iter  5 corr  3566 rms 0.0368   19.41 ms | p=(  549.83  -128.94 -11.48) v=3.87 m/s
[lio] t=1317401339.652 | feat 3660/8160 | map   3937 | icp ok  iter 12 corr  3416 rms 0.0516   56.94 ms | p=(  550.20  -128.70 -11.48) v=4.17 m/s
[lio] t=1317401339.756 | feat 3844/8160 | map   3937 | icp ok  iter  4 corr  3576 rms 0.0550   17.22 ms | p=(  550.56  -128.48 -11.48) v=4.25 m/s [KF]
[lio] t=1317401339.860 | feat 3432/8160 | map   3988 | icp ok  iter  4 corr  3092 rms 0.0382   15.90 ms | p=(  550.93  -128.26 -11.47) v=4.31 m/s
[lio] t=1317401339.964 | feat 3418/8160 | map   3988 | icp ok  iter  4 corr  3094 rms 0.0435   16.85 ms | p=(  551.31  -128.06 -11.46) v=4.35 m/s
[lio] t=1317401340.068 | feat 3601/8160 | map   3988 | icp ok  iter  4 corr  3232 rms 0.0476   17.77 ms | p=(  551.72  -127.85 -11.47) v=4.54 m/s [KF]
[lio] t=1317401340.172 | feat 3695/8160 | map   4043 | icp ok  iter  5 corr  3351 rms 0.0348   19.91 ms | p=(  552.16  -127.63 -11.49) v=4.81 m/s
[lio] t=1317401340.276 | feat 3618/8160 | map   4043 | icp ok  iter  3 corr  3268 rms 0.0555   13.09 ms | p=(  552.60  -127.42 -11.52) v=4.90 m/s
[lio] t=1317401340.380 | feat 3767/8160 | map   4043 | icp ok  iter  4 corr  3407 rms 0.0564   17.70 ms | p=(  553.07  -127.21 -11.55) v=5.10 m/s [KF]
[lio] t=1317401340.485 | feat 3571/8160 | map   4072 | icp ok  iter  5 corr  3177 rms 0.0400   22.71 ms | p=(  553.56  -126.98 -11.59) v=5.41 m/s
[lio] t=1317401340.589 | feat 3672/8160 | map   4072 | icp ok  iter  4 corr  3210 rms 0.0590   17.99 ms | p=(  554.08  -126.78 -11.63) v=5.54 m/s [KF]
[lio] t=1317401340.693 | feat 3815/8160 | map   4102 | icp ok  iter  4 corr  3459 rms 0.0504   18.31 ms | p=(  554.62  -126.54 -11.66) v=5.86 m/s
[lio] t=1317401340.796 | feat 3706/8160 | map   4102 | icp ok  iter  4 corr  3307 rms 0.0507   16.24 ms | p=(  555.18  -126.32 -11.70) v=5.97 m/s [KF]
[lio] t=1317401340.900 | feat 3631/8160 | map   4137 | icp ok  iter  4 corr  3306 rms 0.0540   17.23 ms | p=(  555.79  -126.09 -11.73) v=6.38 m/s
[lio] t=1317401341.004 | feat 3936/8160 | map   4137 | icp ok  iter  5 corr  3574 rms 0.0636   24.07 ms | p=(  556.39  -125.87 -11.77) v=6.39 m/s [KF]
[lio] t=1317401341.108 | feat 3916/8160 | map   4162 | icp ok  iter 12 corr  3619 rms 0.0465   57.36 ms | p=(  557.00  -125.65 -11.80) v=6.50 m/s
[lio] t=1317401341.212 | feat 4133/8160 | map   4162 | icp ok  iter 12 corr  3720 rms 0.0512   58.57 ms | p=(  557.63  -125.43 -11.85) v=6.64 m/s [KF]
[lio] t=1317401341.316 | feat 3929/8160 | map   4209 | icp ok  iter  4 corr  3602 rms 0.0422   18.34 ms | p=(  558.29  -125.18 -11.92) v=6.95 m/s
[lio] t=1317401341.420 | feat 3615/8160 | map   4209 | icp ok  iter  4 corr  3258 rms 0.0451   16.33 ms | p=(  558.95  -124.93 -11.95) v=7.01 m/s [KF]
[lio] t=1317401341.524 | feat 3736/8160 | map   4217 | icp ok  iter  4 corr  3390 rms 0.0379   17.41 ms | p=(  559.66  -124.68 -12.02) v=7.34 m/s
[lio] t=1317401341.628 | feat 3691/8160 | map   4217 | icp ok  iter  6 corr  3254 rms 0.0541   24.01 ms | p=(  560.36  -124.45 -12.07) v=7.39 m/s [KF]
[lio] t=1317401341.732 | feat 3314/8160 | map   4232 | icp ok  iter  3 corr  2934 rms 0.0355   12.82 ms | p=(  561.12  -124.19 -12.12) v=7.76 m/s
[lio] t=1317401341.836 | feat 3582/8160 | map   4232 | icp ok  iter  4 corr  3213 rms 0.0492   16.94 ms | p=(  561.87  -123.94 -12.17) v=7.82 m/s [KF]
[lio] t=1317401341.940 | feat 3923/8160 | map   4211 | icp ok  iter  5 corr  3519 rms 0.0394   22.33 ms | p=(  562.64  -123.68 -12.22) v=8.00 m/s
[lio] t=1317401342.044 | feat 4011/8160 | map   4211 | icp ok  iter  5 corr  3550 rms 0.0595   22.12 ms | p=(  563.41  -123.45 -12.29) v=8.02 m/s [KF]
[lio] t=1317401342.148 | feat 4082/8160 | map   4256 | icp ok  iter  5 corr  3646 rms 0.0423   21.83 ms | p=(  564.19  -123.21 -12.35) v=8.06 m/s
[lio] t=1317401342.252 | feat 3837/8160 | map   4256 | icp ok  iter  4 corr  3247 rms 0.0515   18.04 ms | p=(  565.04  -122.97 -12.41) v=8.44 m/s [KF]
[lio] t=1317401342.356 | feat 3646/8160 | map   4310 | icp ok  iter  5 corr  3120 rms 0.0410   18.51 ms | p=(  565.84  -122.75 -12.46) v=8.30 m/s
[lio] t=1317401342.459 | feat 3969/8160 | map   4310 | icp ok  iter  5 corr  3115 rms 0.0698   19.72 ms | p=(  566.75  -122.50 -12.52) v=8.90 m/s [KF]
[lio] t=1317401342.563 | feat 4337/8160 | map   4348 | icp ok  iter  4 corr  3886 rms 0.0412   17.04 ms | p=(  567.59  -122.28 -12.58) v=8.70 m/s
[lio] t=1317401342.667 | feat 4167/8160 | map   4348 | icp ok  iter  4 corr  3698 rms 0.0455   17.48 ms | p=(  568.45  -122.07 -12.66) v=8.72 m/s [KF]
[lio] t=1317401342.771 | feat 4009/8160 | map   4366 | icp ok  iter  4 corr  3505 rms 0.0411   16.95 ms | p=(  569.31  -121.84 -12.72) v=8.75 m/s
[lio] t=1317401342.875 | feat 3757/8160 | map   4366 | icp ok  iter  4 corr  3013 rms 0.0404   14.05 ms | p=(  570.24  -121.61 -12.79) v=9.20 m/s [KF]
[lio] t=1317401342.979 | feat 3725/8160 | map   4376 | icp ok  iter  4 corr  3265 rms 0.0412   16.09 ms | p=(  571.10  -121.40 -12.85) v=8.90 m/s
[lio] t=1317401343.083 | feat 3733/8160 | map   4376 | icp ok  iter  4 corr  3171 rms 0.0467   15.50 ms | p=(  572.03  -121.17 -12.91) v=9.23 m/s [KF]
[lio] t=1317401343.187 | feat 3898/8160 | map   4345 | icp ok  iter  6 corr  3409 rms 0.0399   26.23 ms | p=(  572.93  -120.95 -12.96) v=9.15 m/s
[lio] t=1317401343.290 | feat 3593/8160 | map   4345 | icp ok  iter  5 corr  3121 rms 0.0456   18.06 ms | p=(  573.86  -120.72 -13.03) v=9.29 m/s [KF]
[lio] t=1317401343.394 | feat 3827/8160 | map   4331 | icp ok  iter  6 corr  3231 rms 0.0479   24.97 ms | p=(  574.77  -120.49 -13.10) v=9.24 m/s
[lio] t=1317401343.498 | feat 3536/8160 | map   4331 | icp ok  iter  5 corr  3008 rms 0.0440   18.69 ms | p=(  575.70  -120.25 -13.17) v=9.37 m/s [KF]
[lio] t=1317401343.602 | feat 3522/8160 | map   4331 | icp ok  iter  4 corr  2945 rms 0.0395   15.18 ms | p=(  576.62  -120.01 -13.25) v=9.35 m/s
[lio] t=1317401343.706 | feat 3626/8160 | map   4331 | icp ok  iter 12 corr  3046 rms 0.0401   45.57 ms | p=(  577.56  -119.76 -13.32) v=9.48 m/s [KF]
[lio] t=1317401343.810 | feat 3685/8160 | map   4328 | icp ok  iter  5 corr  3089 rms 0.0422   18.43 ms | p=(  578.50  -119.52 -13.38) v=9.48 m/s
[lio] t=1317401343.914 | feat 3883/8160 | map   4328 | icp ok  iter  4 corr  3308 rms 0.0754   16.58 ms | p=(  579.47  -119.27 -13.46) v=9.63 m/s [KF]
[lio] t=1317401344.018 | feat 3808/8160 | map   4327 | icp ok  iter  4 corr  3193 rms 0.0411   16.75 ms | p=(  580.41  -119.03 -13.52) v=9.53 m/s
[lio] t=1317401344.122 | feat 4239/8160 | map   4327 | icp ok  iter  4 corr  3681 rms 0.0423   16.41 ms | p=(  581.35  -118.79 -13.59) v=9.46 m/s [KF]
[lio] t=1317401344.225 | feat 4105/8160 | map   4296 | icp ok  iter  4 corr  3631 rms 0.0443   20.06 ms | p=(  582.29  -118.54 -13.64) v=9.45 m/s
[lio] t=1317401344.329 | feat 3705/8160 | map   4296 | icp ok  iter  4 corr  3191 rms 0.0419   16.00 ms | p=(  583.24  -118.29 -13.71) v=9.49 m/s [KF]
[lio] t=1317401344.433 | feat 3702/8160 | map   4193 | icp ok  iter  6 corr  3266 rms 0.0432   24.54 ms | p=(  584.17  -118.05 -13.78) v=9.42 m/s
[lio] t=1317401344.537 | feat 3506/8160 | map   4193 | icp ok  iter  4 corr  3021 rms 0.0389   14.77 ms | p=(  585.11  -117.80 -13.85) v=9.42 m/s [KF]
[lio] t=1317401344.641 | feat 3041/8160 | map   4079 | icp ok  iter  5 corr  2612 rms 0.0328   14.60 ms | p=(  586.05  -117.55 -13.91) v=9.44 m/s
[lio] t=1317401344.745 | feat 3106/8160 | map   4079 | icp ok  iter  4 corr  2662 rms 0.0347   11.83 ms | p=(  586.97  -117.30 -13.98) v=9.34 m/s [KF]
[lio] t=1317401344.849 | feat 3016/8160 | map   3963 | icp ok  iter  4 corr  2532 rms 0.0407   14.14 ms | p=(  587.88  -117.06 -14.04) v=9.26 m/s
[lio] t=1317401344.953 | feat 2888/8160 | map   3963 | icp ok  iter  4 corr  2323 rms 0.0367   11.07 ms | p=(  588.83  -116.80 -14.11) v=9.39 m/s [KF]
[lio] t=1317401345.056 | feat 3173/8160 | map   3861 | icp ok  iter  8 corr  2669 rms 0.0494   28.23 ms | p=(  589.73  -116.57 -14.16) v=9.20 m/s
[lio] t=1317401345.160 | feat 3175/8160 | map   3861 | icp ok  iter  4 corr  2674 rms 0.0426   14.66 ms | p=(  590.65  -116.32 -14.23) v=9.22 m/s [KF]
[lio] t=1317401345.264 | feat 2913/8160 | map   3764 | icp ok  iter  5 corr  2463 rms 0.0335   13.31 ms | p=(  591.55  -116.07 -14.29) v=9.10 m/s
[lio] t=1317401345.368 | feat 3401/8160 | map   3764 | icp ok  iter  4 corr  2888 rms 0.0444   14.93 ms | p=(  592.47  -115.81 -14.36) v=9.19 m/s [KF]
[lio] t=1317401345.472 | feat 2877/8160 | map   3703 | icp ok  iter  4 corr  2282 rms 0.0315   10.56 ms | p=(  593.37  -115.56 -14.42) v=9.09 m/s
[lio] t=1317401345.576 | feat 2945/8160 | map   3703 | icp ok  iter  4 corr  2266 rms 0.1093   13.56 ms | p=(  594.26  -115.31 -14.50) v=9.04 m/s [KF]
[lio] t=1317401345.680 | feat 3033/8160 | map   3679 | icp ok  iter  4 corr  2550 rms 0.0345   12.50 ms | p=(  595.16  -115.05 -14.54) v=9.00 m/s
[lio] t=1317401345.784 | feat 3009/8160 | map   3679 | icp ok  iter  3 corr  2347 rms 0.0712    9.99 ms | p=(  596.06  -114.80 -14.61) v=8.96 m/s [KF]
[lio] t=1317401345.888 | feat 2922/8160 | map   3652 | icp ok  iter  4 corr  2330 rms 0.0287   11.55 ms | p=(  596.90  -114.55 -14.65) v=8.61 m/s
[lio] t=1317401345.991 | feat 2903/8160 | map   3652 | icp ok  iter  4 corr  2221 rms 0.0331   10.04 ms | p=(  597.74  -114.31 -14.72) v=8.44 m/s [KF]
[lio] t=1317401346.095 | feat 2754/8160 | map   3610 | icp ok  iter  4 corr  2256 rms 0.0681   11.37 ms | p=(  598.56  -114.07 -14.78) v=8.23 m/s
[lio] t=1317401346.199 | feat 2774/8160 | map   3610 | icp ok  iter  4 corr  2238 rms 0.0473   10.38 ms | p=(  599.36  -113.84 -14.83) v=8.02 m/s [KF]
[lio] t=1317401346.303 | feat 2734/8160 | map   3577 | icp ok  iter  5 corr  2202 rms 0.0351   12.84 ms | p=(  600.11  -113.61 -14.88) v=7.68 m/s
[lio] t=1317401346.407 | feat 2530/8160 | map   3577 | icp ok  iter  4 corr  1977 rms 0.0433    9.25 ms | p=(  600.87  -113.39 -14.94) v=7.52 m/s [KF]
[lio] t=1317401346.511 | feat 2658/8160 | map   3496 | icp ok  iter  3 corr  2146 rms 0.0818    8.19 ms | p=(  601.59  -113.18 -14.98) v=7.26 m/s
[lio] t=1317401346.615 | feat 2737/8160 | map   3496 | icp ok  iter  3 corr  2192 rms 0.0962    7.44 ms | p=(  602.31  -112.98 -15.03) v=7.05 m/s [KF]
[lio] t=1317401346.719 | feat 2615/8160 | map   3477 | icp ok  iter  3 corr  2192 rms 0.0818    7.91 ms | p=(  602.99  -112.78 -15.07) v=6.81 m/s
[lio] t=1317401346.823 | feat 2653/8160 | map   3477 | icp ok  iter  3 corr  2135 rms 0.0912    9.42 ms | p=(  603.65  -112.60 -15.13) v=6.55 m/s [KF]
[lio] t=1317401346.927 | feat 2514/8160 | map   3468 | icp ok  iter  4 corr  1999 rms 0.0374    8.97 ms | p=(  604.28  -112.41 -15.17) v=6.33 m/s
[lio] t=1317401347.031 | feat 2665/8160 | map   3468 | icp ok  iter  3 corr  2110 rms 0.0394    8.04 ms | p=(  604.90  -112.24 -15.21) v=6.08 m/s [KF]
[lio] t=1317401347.135 | feat 2668/8160 | map   3441 | icp ok  iter  4 corr  2139 rms 0.0302    9.62 ms | p=(  605.48  -112.09 -15.25) v=5.82 m/s
[lio] t=1317401347.239 | feat 2699/8160 | map   3441 | icp ok  iter  3 corr  2160 rms 0.0580    7.90 ms | p=(  606.03  -111.93 -15.28) v=5.46 m/s [KF]
[lio] t=1317401347.343 | feat 2682/8160 | map   3437 | icp ok  iter  5 corr  2206 rms 0.0391   13.33 ms | p=(  606.55  -111.81 -15.31) v=5.17 m/s
[lio] t=1317401347.447 | feat 2792/8160 | map   3437 | icp ok  iter 12 corr  2268 rms 0.0500   36.62 ms | p=(  607.05  -111.67 -15.33) v=4.93 m/s [KF]
[lio] t=1317401347.551 | feat 2608/8160 | map   3446 | icp ok  iter  4 corr  2142 rms 0.0384   10.58 ms | p=(  607.55  -111.55 -15.37) v=4.81 m/s
[lio] t=1317401347.655 | feat 3256/8160 | map   3446 | icp ok  iter  4 corr  2692 rms 0.0466   11.96 ms | p=(  608.01  -111.44 -15.39) v=4.53 m/s
[lio] t=1317401347.759 | feat 3125/8160 | map   3446 | icp ok  iter  6 corr  2535 rms 0.0461   17.48 ms | p=(  608.43  -111.37 -15.41) v=4.19 m/s [KF]
[lio] t=1317401347.863 | feat 3240/8160 | map   3424 | icp ok  iter  4 corr  2883 rms 0.0371   12.92 ms | p=(  608.87  -111.27 -15.44) v=4.15 m/s
[lio] t=1317401347.968 | feat 3360/8160 | map   3424 | icp ok  iter  5 corr  2947 rms 0.0383   16.96 ms | p=(  609.26  -111.19 -15.45) v=3.90 m/s
[lio] t=1317401348.072 | feat 2951/8160 | map   3424 | icp ok  iter  4 corr  2602 rms 0.0374   11.77 ms | p=(  609.65  -111.14 -15.48) v=3.85 m/s [KF]
[lio] t=1317401348.176 | feat 2917/8160 | map   3413 | icp ok  iter  4 corr  2709 rms 0.0315   12.66 ms | p=(  610.03  -111.08 -15.49) v=3.69 m/s
[lio] t=1317401348.280 | feat 2977/8160 | map   3413 | icp ok  iter  3 corr  2740 rms 0.0332   10.58 ms | p=(  610.40  -111.04 -15.52) v=3.64 m/s
[lio] t=1317401348.384 | feat 2817/8160 | map   3413 | icp ok  iter  4 corr  2581 rms 0.0424   11.65 ms | p=(  610.77  -110.99 -15.53) v=3.62 m/s [KF]
[lio] t=1317401348.489 | feat 2876/8160 | map   3449 | icp ok  iter  3 corr  2658 rms 0.0362    9.93 ms | p=(  611.12  -110.98 -15.56) v=3.53 m/s
[lio] t=1317401348.593 | feat 2925/8160 | map   3449 | icp ok  iter  4 corr  2716 rms 0.0342   11.67 ms | p=(  611.48  -110.96 -15.57) v=3.50 m/s
[lio] t=1317401348.697 | feat 2749/8160 | map   3449 | icp ok  iter  4 corr  2506 rms 0.0327   11.99 ms | p=(  611.84  -110.97 -15.59) v=3.46 m/s [KF]
[lio] t=1317401348.801 | feat 3014/8160 | map   3472 | icp ok  iter  4 corr  2798 rms 0.0304   13.51 ms | p=(  612.20  -110.98 -15.62) v=3.48 m/s
[lio] t=1317401348.906 | feat 2919/8160 | map   3472 | icp ok  iter  4 corr  2675 rms 0.0385   12.89 ms | p=(  612.52  -111.01 -15.64) v=3.31 m/s
[lio] t=1317401349.010 | feat 3130/8160 | map   3472 | icp ok  iter  6 corr  2895 rms 0.0376   20.87 ms | p=(  612.86  -111.05 -15.66) v=3.35 m/s [KF]
[lio] t=1317401349.114 | feat 3006/8160 | map   3444 | icp ok  iter  4 corr  2801 rms 0.0304   14.73 ms | p=(  613.20  -111.10 -15.67) v=3.34 m/s
[lio] t=1317401349.218 | feat 3129/8160 | map   3444 | icp ok  iter  3 corr  2983 rms 0.0340   10.23 ms | p=(  613.52  -111.15 -15.70) v=3.28 m/s
[lio] t=1317401349.322 | feat 3181/8160 | map   3444 | icp ok  iter  5 corr  3010 rms 0.0347   17.98 ms | p=(  613.88  -111.23 -15.73) v=3.45 m/s [KF]
[lio] t=1317401349.427 | feat 3039/8160 | map   3490 | icp ok  iter  4 corr  2923 rms 0.0307   13.71 ms | p=(  614.19  -111.31 -15.76) v=3.31 m/s
[lio] t=1317401349.531 | feat 3058/8160 | map   3490 | icp ok  iter  4 corr  2911 rms 0.0348   14.52 ms | p=(  614.50  -111.41 -15.78) v=3.25 m/s
[lio] t=1317401349.635 | feat 2810/8160 | map   3490 | icp ok  iter  3 corr  2650 rms 0.0539   10.67 ms | p=(  614.80  -111.55 -15.81) v=3.30 m/s
[lio] t=1317401349.739 | feat 2759/8160 | map   3490 | icp ok  iter  4 corr  2560 rms 0.0439   13.41 ms | p=(  615.10  -111.64 -15.82) v=3.21 m/s [KF]
[lio] t=1317401349.843 | feat 2856/8160 | map   3502 | icp ok  iter  4 corr  2730 rms 0.0316   13.45 ms | p=(  615.43  -111.82 -15.85) v=3.59 m/s
[lio] t=1317401349.947 | feat 2783/8160 | map   3502 | icp ok  iter  4 corr  2605 rms 0.0444   13.61 ms | p=(  615.75  -111.93 -15.89) v=3.51 m/s
[lio] t=1317401350.051 | feat 3294/8160 | map   3502 | icp ok  iter  4 corr  3141 rms 0.0414   14.85 ms | p=(  616.09  -112.16 -15.93) v=3.96 m/s [KF]
[lio] t=1317401350.155 | feat 2840/8160 | map   3496 | icp ok  iter  4 corr  2726 rms 0.0333   11.89 ms | p=(  616.42  -112.36 -15.99) v=3.99 m/s
[lio] t=1317401350.259 | feat 2877/8160 | map   3496 | icp ok  iter  5 corr  2730 rms 0.0348   16.44 ms | p=(  616.76  -112.59 -16.04) v=4.12 m/s
[lio] t=1317401350.363 | feat 3112/8160 | map   3496 | icp ok  iter  5 corr  2954 rms 0.0405   22.03 ms | p=(  617.10  -112.85 -16.08) v=4.30 m/s [KF]
[lio] t=1317401350.467 | feat 3348/8160 | map   3491 | icp ok  iter  5 corr  3219 rms 0.0335   20.10 ms | p=(  617.43  -113.12 -16.10) v=4.37 m/s
[lio] t=1317401350.571 | feat 3116/8160 | map   3491 | icp ok  iter  5 corr  2913 rms 0.0365   18.44 ms | p=(  617.78  -113.42 -16.14) v=4.60 m/s
[lio] t=1317401350.674 | feat 3176/8160 | map   3491 | icp ok  iter  5 corr  2962 rms 0.0464   19.87 ms | p=(  618.14  -113.78 -16.16) v=4.94 m/s [KF]
[lio] t=1317401350.778 | feat 3247/8160 | map   3465 | icp ok  iter  4 corr  2987 rms 0.0351   14.75 ms | p=(  618.49  -114.10 -16.21) v=4.94 m/s
[lio] t=1317401350.882 | feat 3349/8160 | map   3465 | icp ok  iter  4 corr  3027 rms 0.0420   17.21 ms | p=(  618.86  -114.42 -16.25) v=4.96 m/s
[lio] t=1317401350.986 | feat 3155/8160 | map   3465 | icp ok  iter  8 corr  2777 rms 0.0571   33.35 ms | p=(  619.11  -114.34 -16.28) v=3.13 m/s [KF]
[lio] t=1317401351.090 | feat 3106/8160 | map   3501 | icp ok  iter  7 corr  2771 rms 0.0334   25.89 ms | p=(  619.49  -114.84 -16.31) v=4.93 m/s
[lio] t=1317401351.194 | feat 3457/8160 | map   3501 | icp ok  iter 12 corr  3083 rms 0.0437   54.76 ms | p=(  619.97  -115.77 -16.36) v=8.21 m/s [KF]
[lio] t=1317401351.298 | feat 3472/8160 | map   3505 | icp ok  iter  5 corr  3198 rms 0.0461   22.03 ms | p=(  620.33  -116.21 -16.40) v=6.68 m/s
[lio] t=1317401351.402 | feat 3076/8160 | map   3505 | icp ok  iter 12 corr  2722 rms 0.0355   40.66 ms | p=(  620.69  -116.70 -16.45) v=6.36 m/s [KF]
[lio] t=1317401351.505 | feat 3356/8160 | map   3514 | icp ok  iter  4 corr  3013 rms 0.0472   15.73 ms | p=(  621.09  -117.37 -16.51) v=7.25 m/s
[lio] t=1317401351.609 | feat 3059/8160 | map   3514 | icp ok  iter  6 corr  2763 rms 0.0384   23.80 ms | p=(  621.40  -117.83 -16.54) v=6.22 m/s [KF]
[lio] t=1317401351.713 | feat 3139/8160 | map   3535 | icp ok  iter 12 corr  2890 rms 0.0312   45.73 ms | p=(  621.73  -118.37 -16.58) v=6.34 m/s
[lio] t=1317401351.817 | feat 2960/8160 | map   3535 | icp ok  iter  5 corr  2666 rms 0.0394   17.52 ms | p=(  622.06  -118.96 -16.62) v=6.59 m/s [KF]
[lio] t=1317401351.921 | feat 3029/8160 | map   3519 | icp ok  iter 12 corr  2815 rms 0.0287   49.07 ms | p=(  622.40  -119.67 -16.66) v=7.31 m/s
[lio] t=1317401352.025 | feat 3113/8160 | map   3519 | icp ok  iter  7 corr  2903 rms 0.0335   28.85 ms | p=(  622.70  -120.32 -16.69) v=7.22 m/s [KF]
[lio] t=1317401352.129 | feat 3142/8160 | map   3528 | icp ok  iter  6 corr  2939 rms 0.0460   25.90 ms | p=(  622.96  -120.88 -16.72) v=6.60 m/s
[lio] t=1317401352.233 | feat 3090/8160 | map   3528 | icp ok  iter  6 corr  2875 rms 0.0297   21.68 ms | p=(  623.26  -121.69 -16.75) v=7.84 m/s [KF]
[lio] t=1317401352.336 | feat 3205/8160 | map   3556 | icp ok  iter 12 corr  2968 rms 0.0291   53.36 ms | p=(  623.54  -122.44 -16.79) v=7.89 m/s
[lio] t=1317401352.440 | feat 3121/8160 | map   3556 | icp ok  iter 12 corr  2838 rms 0.0290   47.43 ms | p=(  623.77  -123.26 -16.81) v=8.19 m/s [KF]
[lio] t=1317401352.544 | feat 3338/8160 | map   3614 | icp ok  iter  8 corr  2997 rms 0.0317   35.09 ms | p=(  624.08  -124.16 -16.85) v=8.94 m/s
[lio] t=1317401352.647 | feat 3244/8160 | map   3614 | icp ok  iter  5 corr  2762 rms 0.0324   21.24 ms | p=(  624.26  -124.78 -16.87) v=7.42 m/s [KF]
[lio] t=1317401352.751 | feat 3902/8160 | map   3685 | icp ok  iter  4 corr  3475 rms 0.0410   19.11 ms | p=(  624.47  -125.53 -16.90) v=7.63 m/s
[lio] t=1317401352.855 | feat 3600/8160 | map   3685 | icp ok  iter  5 corr  3278 rms 0.0536   22.63 ms | p=(  624.80  -126.44 -16.93) v=8.83 m/s [KF]
[lio] t=1317401352.958 | feat 3503/8160 | map   3768 | icp ok  iter  4 corr  3142 rms 0.0368   18.91 ms | p=(  625.02  -127.27 -16.96) v=8.60 m/s
[lio] t=1317401353.062 | feat 3940/8160 | map   3768 | icp ok  iter  5 corr  3603 rms 0.0405   24.75 ms | p=(  625.16  -128.09 -16.98) v=8.31 m/s [KF]
[lio] t=1317401353.166 | feat 3866/8160 | map   3848 | icp ok  iter  7 corr  3543 rms 0.0392   34.51 ms | p=(  625.44  -128.98 -17.01) v=8.83 m/s
[lio] t=1317401353.270 | feat 3686/8160 | map   3848 | icp ok  iter  4 corr  3309 rms 0.0481   16.67 ms | p=(  625.66  -129.84 -17.04) v=8.78 m/s [KF]
[lio] t=1317401353.373 | feat 3832/8160 | map   3890 | icp ok  iter  4 corr  3487 rms 0.0285   18.09 ms | p=(  625.89  -130.72 -17.07) v=8.94 m/s
[lio] t=1317401353.477 | feat 3825/8160 | map   3890 | icp ok  iter  4 corr  3424 rms 0.0410   17.72 ms | p=(  626.13  -131.64 -17.11) v=9.17 m/s [KF]
[lio] t=1317401353.581 | feat 3915/8160 | map   3927 | icp ok  iter  3 corr  3572 rms 0.0315   12.64 ms | p=(  626.37  -132.56 -17.14) v=9.32 m/s
[lio] t=1317401353.685 | feat 3774/8160 | map   3927 | icp ok  iter  4 corr  3348 rms 0.0403   18.38 ms | p=(  626.65  -133.48 -17.17) v=9.41 m/s [KF]
[lio] t=1317401353.788 | feat 3516/8160 | map   3968 | icp ok  iter  4 corr  3262 rms 0.0385   17.29 ms | p=(  626.87  -134.44 -17.20) v=9.55 m/s
[lio] t=1317401353.892 | feat 3362/8160 | map   3968 | icp ok  iter  6 corr  3116 rms 0.0370   24.53 ms | p=(  627.11  -135.39 -17.23) v=9.63 m/s [KF]
[lio] t=1317401353.996 | feat 3080/8160 | map   3975 | icp ok  iter  4 corr  2817 rms 0.0303   14.24 ms | p=(  627.36  -136.36 -17.27) v=9.81 m/s [KF]
[lio] t=1317401354.100 | feat 2627/8160 | map   3967 | icp ok  iter  4 corr  2419 rms 0.0258   12.43 ms | p=(  627.61  -137.37 -17.30) v=10.01 m/s [KF]
[lio] t=1317401354.204 | feat 2401/8160 | map   3924 | icp ok  iter  4 corr  2061 rms 0.0295   10.40 ms | p=(  627.88  -138.35 -17.35) v=10.01 m/s [KF]
[lio] t=1317401354.307 | feat 2296/8160 | map   3893 | icp ok  iter  4 corr  2060 rms 0.0401    9.57 ms | p=(  628.12  -139.35 -17.39) v=10.06 m/s [KF]
[lio] t=1317401354.411 | feat 2257/8160 | map   3856 | icp ok  iter  4 corr  1909 rms 0.0317    9.48 ms | p=(  628.45  -140.35 -17.43) v=10.15 m/s [KF]
[lio] t=1317401354.515 | feat 2201/8160 | map   3822 | icp ok  iter  5 corr  1842 rms 0.0429   12.09 ms | p=(  628.74  -141.38 -17.48) v=10.34 m/s [KF]
[lio] t=1317401354.619 | feat 2163/8160 | map   3806 | icp ok  iter  5 corr  1884 rms 0.0430   12.81 ms | p=(  629.06  -142.39 -17.52) v=10.38 m/s [KF]
[lio] t=1317401354.723 | feat 2164/8160 | map   3759 | icp ok  iter  5 corr  1767 rms 0.0615   12.30 ms | p=(  629.21  -143.50 -17.56) v=10.68 m/s [KF]
[lio] t=1317401354.827 | feat 2105/8160 | map   3727 | icp ok  iter  5 corr  1788 rms 0.0374   12.09 ms | p=(  629.56  -144.49 -17.60) v=10.36 m/s [KF]
[lio] t=1317401354.930 | feat 2296/8160 | map   3656 | icp ok  iter  6 corr  1919 rms 0.0792   12.74 ms | p=(  629.85  -145.56 -17.64) v=10.67 m/s [KF]
[lio] t=1317401355.034 | feat 2491/8160 | map   3586 | icp ok  iter  4 corr  2057 rms 0.0405   10.83 ms | p=(  630.15  -146.60 -17.69) v=10.55 m/s [KF]
[lio] t=1317401355.138 | feat 2454/8160 | map   3558 | icp ok  iter  4 corr  2074 rms 0.0790   11.06 ms | p=(  630.45  -147.63 -17.74) v=10.52 m/s [KF]
[lio] t=1317401355.242 | feat 2570/8160 | map   3555 | icp ok  iter  4 corr  2184 rms 0.0369   10.68 ms | p=(  630.77  -148.72 -17.79) v=10.86 m/s [KF]
[lio] t=1317401355.346 | feat 2373/8160 | map   3559 | icp ok  iter  4 corr  2050 rms 0.0298    9.00 ms | p=(  631.08  -149.85 -17.83) v=11.18 m/s [KF]
[lio] t=1317401355.450 | feat 2645/8112 | map   3557 | icp ok  iter  4 corr  2256 rms 0.0298   10.30 ms | p=(  631.38  -150.94 -17.87) v=11.04 m/s [KF]
[lio] t=1317401355.554 | feat 2415/8160 | map   3641 | icp ok  iter  4 corr  2049 rms 0.0304   10.55 ms | p=(  631.71  -151.95 -17.92) v=10.59 m/s [KF]
[lio] t=1317401355.658 | feat 2650/8160 | map   3750 | icp ok  iter  5 corr  2219 rms 0.0363   16.44 ms | p=(  631.98  -153.11 -17.96) v=11.20 m/s [KF]
[lio] t=1317401355.762 | feat 2615/8160 | map   3893 | icp ok  iter  4 corr  2196 rms 0.0285   11.33 ms | p=(  632.30  -154.17 -18.00) v=10.92 m/s [KF]
[lio] t=1317401355.865 | feat 2752/8160 | map   4036 | icp ok  iter  5 corr  2348 rms 0.0323   13.79 ms | p=(  632.64  -155.30 -18.04) v=11.22 m/s [KF]
[lio] t=1317401355.969 | feat 2769/8160 | map   4145 | icp ok  iter  5 corr  2350 rms 0.0342   15.93 ms | p=(  632.92  -156.35 -18.09) v=10.83 m/s [KF]
[lio] t=1317401356.073 | feat 2670/8160 | map   4219 | icp ok  iter  4 corr  2385 rms 0.0258   11.54 ms | p=(  633.27  -157.48 -18.15) v=11.23 m/s [KF]
[lio] t=1317401356.177 | feat 3030/8160 | map   4235 | icp ok  iter  6 corr  2722 rms 0.0302   21.80 ms | p=(  633.54  -158.57 -18.20) v=10.99 m/s [KF]
[lio] t=1317401356.281 | feat 3280/8160 | map   4229 | icp ok  iter  6 corr  3011 rms 0.0310   22.32 ms | p=(  633.89  -159.68 -18.25) v=11.16 m/s [KF]
[lio] t=1317401356.385 | feat 3007/8145 | map   4249 | icp ok  iter  8 corr  2712 rms 0.0385   29.30 ms | p=(  634.16  -160.77 -18.29) v=11.02 m/s [KF]
[lio] t=1317401356.489 | feat 3099/8160 | map   4274 | icp ok  iter 12 corr  2746 rms 0.0427   41.02 ms | p=(  634.51  -161.88 -18.34) v=11.16 m/s [KF]
[lio] t=1317401356.593 | feat 3000/8160 | map   4302 | icp ok  iter  3 corr  2710 rms 0.0488   11.69 ms | p=(  634.82  -163.02 -18.39) v=11.37 m/s [KF]
[lio] t=1317401356.697 | feat 3169/8160 | map   4297 | icp ok  iter  4 corr  2839 rms 0.0286   14.32 ms | p=(  635.13  -164.13 -18.44) v=11.23 m/s [KF]
[lio] t=1317401356.801 | feat 3069/8160 | map   4288 | icp ok  iter  4 corr  2778 rms 0.0299   13.33 ms | p=(  635.43  -165.26 -18.49) v=11.30 m/s [KF]
[lio] t=1317401356.905 | feat 3009/8160 | map   4301 | icp ok  iter  4 corr  2664 rms 0.0272   14.90 ms | p=(  635.75  -166.43 -18.54) v=11.60 m/s [KF]
[lio] t=1317401357.009 | feat 2923/8160 | map   4308 | icp ok  iter  3 corr  2603 rms 0.0327   10.27 ms | p=(  636.06  -167.54 -18.59) v=11.36 m/s [KF]
[lio] t=1317401357.112 | feat 3062/8160 | map   4342 | icp ok  iter  5 corr  2596 rms 0.0374   16.51 ms | p=(  636.37  -168.68 -18.65) v=11.40 m/s [KF]
[lio] t=1317401357.216 | feat 3166/8160 | map   4353 | icp ok  iter  4 corr  2740 rms 0.0271   12.40 ms | p=(  636.68  -169.80 -18.70) v=11.35 m/s [KF]
[lio] t=1317401357.320 | feat 2963/8160 | map   4366 | icp ok  iter  3 corr  2568 rms 0.0367   10.44 ms | p=(  636.97  -170.89 -18.75) v=11.13 m/s [KF]
[lio] t=1317401357.424 | feat 3073/8160 | map   4363 | icp ok  iter  4 corr  2592 rms 0.0268   13.15 ms | p=(  637.29  -172.01 -18.80) v=11.24 m/s [KF]
[lio] t=1317401357.528 | feat 2956/8160 | map   4383 | icp ok  iter  5 corr  2513 rms 0.0287   14.88 ms | p=(  637.62  -173.20 -18.86) v=11.71 m/s [KF]
[lio] t=1317401357.632 | feat 3207/8160 | map   4421 | icp ok  iter  4 corr  2695 rms 0.0509   14.33 ms | p=(  637.94  -174.33 -18.91) v=11.51 m/s [KF]
[lio] t=1317401357.736 | feat 3022/8160 | map   4430 | icp ok  iter  5 corr  2593 rms 0.0335   18.68 ms | p=(  638.26  -175.48 -18.96) v=11.55 m/s [KF]
[lio] t=1317401357.839 | feat 2943/8160 | map   4429 | icp ok  iter  4 corr  2555 rms 0.0341   14.06 ms | p=(  638.57  -176.59 -19.01) v=11.34 m/s [KF]
[lio] t=1317401357.943 | feat 2879/8160 | map   4428 | icp ok  iter  4 corr  2508 rms 0.0333   13.08 ms | p=(  638.90  -177.71 -19.07) v=11.36 m/s [KF]
[lio] t=1317401358.047 | feat 3104/8160 | map   4464 | icp ok  iter  4 corr  2647 rms 0.0376   13.89 ms | p=(  639.26  -178.93 -19.12) v=11.98 m/s [KF]
[lio] t=1317401358.151 | feat 3053/8160 | map   4482 | icp ok  iter  4 corr  2714 rms 0.0408   13.81 ms | p=(  639.59  -180.09 -19.17) v=11.80 m/s [KF]
[lio] t=1317401358.254 | feat 2927/8160 | map   4528 | icp ok  iter  6 corr  2573 rms 0.0357   17.90 ms | p=(  639.89  -181.14 -19.22) v=11.04 m/s [KF]
[lio] t=1317401358.358 | feat 3068/8160 | map   4548 | icp ok  iter  5 corr  2659 rms 0.0377   19.96 ms | p=(  640.26  -182.45 -19.28) v=12.34 m/s [KF]
[lio] t=1317401358.462 | feat 3073/8160 | map   4585 | icp ok  iter  6 corr  2653 rms 0.0457   21.95 ms | p=(  640.58  -183.57 -19.33) v=11.68 m/s [KF]
[lio] t=1317401358.566 | feat 3065/8160 | map   4605 | icp ok  iter  3 corr  2703 rms 0.0319   11.36 ms | p=(  640.90  -184.68 -19.38) v=11.40 m/s [KF]
[lio] t=1317401358.669 | feat 2846/8160 | map   4637 | icp ok  iter  6 corr  2464 rms 0.0473   16.94 ms | p=(  641.24  -185.88 -19.45) v=11.80 m/s [KF]
[lio] t=1317401358.773 | feat 2909/8160 | map   4693 | icp ok  iter  6 corr  2419 rms 0.0328   18.53 ms | p=(  641.57  -187.03 -19.50) v=11.67 m/s [KF]
[lio] t=1317401358.877 | feat 2975/8160 | map   4717 | icp ok  iter  4 corr  2512 rms 0.0403   13.34 ms | p=(  641.88  -188.14 -19.56) v=11.37 m/s [KF]
[lio] t=1317401358.981 | feat 3403/8160 | map   4716 | icp ok  iter  4 corr  2950 rms 0.0412   14.91 ms | p=(  642.20  -189.27 -19.62) v=11.40 m/s [KF]
[lio] t=1317401359.084 | feat 3107/8160 | map   4750 | icp ok  iter  5 corr  2765 rms 0.0296   14.89 ms | p=(  642.52  -190.43 -19.67) v=11.51 m/s [KF]
[lio] t=1317401359.188 | feat 3338/8160 | map   4799 | icp ok  iter  5 corr  2931 rms 0.0315   20.85 ms | p=(  642.85  -191.57 -19.73) v=11.48 m/s [KF]
[lio] t=1317401359.292 | feat 3412/8160 | map   4815 | icp ok  iter  4 corr  3018 rms 0.0321   15.89 ms | p=(  643.18  -192.75 -19.79) v=11.76 m/s [KF]
[lio] t=1317401359.396 | feat 3686/8160 | map   4878 | icp ok  iter  5 corr  3418 rms 0.0321   22.42 ms | p=(  643.50  -193.84 -19.85) v=11.28 m/s [KF]
[lio] t=1317401359.500 | feat 3834/8160 | map   4911 | icp ok  iter  5 corr  3575 rms 0.0340   23.28 ms | p=(  643.82  -194.96 -19.91) v=11.25 m/s [KF]
[lio] t=1317401359.603 | feat 3720/8160 | map   4930 | icp ok  iter  7 corr  3505 rms 0.0321   28.43 ms | p=(  644.14  -196.11 -19.97) v=11.44 m/s [KF]
[lio] t=1317401359.707 | feat 4005/8160 | map   4975 | icp ok  iter  5 corr  3764 rms 0.0361   22.70 ms | p=(  644.44  -197.20 -20.02) v=11.11 m/s [KF]
[lio] t=1317401359.811 | feat 4107/8160 | map   4960 | icp ok  iter  5 corr  3931 rms 0.0340   26.26 ms | p=(  644.77  -198.32 -20.08) v=11.21 m/s [KF]
[lio] t=1317401359.915 | feat 4183/8160 | map   4922 | icp ok  iter  4 corr  4005 rms 0.0604   19.47 ms | p=(  645.09  -199.47 -20.14) v=11.41 m/s [KF]
[lio] t=1317401360.019 | feat 3893/8160 | map   4872 | icp ok  iter  4 corr  3686 rms 0.0346   17.91 ms | p=(  645.42  -200.61 -20.20) v=11.45 m/s [KF]
[lio] t=1317401360.123 | feat 3591/8160 | map   4856 | icp ok  iter  4 corr  3417 rms 0.0321   15.95 ms | p=(  645.72  -201.71 -20.24) v=11.18 m/s [KF]
[lio] t=1317401360.227 | feat 3529/8160 | map   4769 | icp ok  iter  5 corr  3333 rms 0.0304   20.40 ms | p=(  646.05  -202.84 -20.30) v=11.27 m/s [KF]
[lio] t=1317401360.330 | feat 3600/8160 | map   4714 | icp ok  iter  4 corr  3361 rms 0.0327   16.31 ms | p=(  646.36  -203.96 -20.36) v=11.26 m/s [KF]
[lio] t=1317401360.434 | feat 3658/8160 | map   4711 | icp ok  iter  4 corr  3375 rms 0.0297   14.94 ms | p=(  646.66  -205.07 -20.41) v=11.15 m/s [KF]
[lio] t=1317401360.538 | feat 3257/8160 | map   4712 | icp ok  iter  4 corr  2998 rms 0.0305   15.03 ms | p=(  646.97  -206.18 -20.47) v=11.11 m/s [KF]
[lio] t=1317401360.642 | feat 3384/8160 | map   4696 | icp ok  iter  3 corr  3105 rms 0.0277   10.01 ms | p=(  647.27  -207.27 -20.53) v=10.98 m/s [KF]
[lio] t=1317401360.746 | feat 3428/8160 | map   4702 | icp ok  iter  4 corr  3111 rms 0.0242   14.06 ms | p=(  647.57  -208.34 -20.58) v=10.84 m/s [KF]
[lio] t=1317401360.850 | feat 3793/8160 | map   4709 | icp ok  iter  5 corr  3486 rms 0.0238   18.87 ms | p=(  647.87  -209.46 -20.63) v=11.02 m/s [KF]
[lio] t=1317401360.954 | feat 3722/8160 | map   4712 | icp ok  iter  4 corr  3347 rms 0.0318   14.08 ms | p=(  648.17  -210.52 -20.69) v=10.82 m/s [KF]
[lio] t=1317401361.057 | feat 3677/8160 | map   4705 | icp ok  iter  4 corr  3276 rms 0.0400   17.65 ms | p=(  648.47  -211.63 -20.75) v=10.99 m/s [KF]
[lio] t=1317401361.161 | feat 3597/8160 | map   4706 | icp ok  iter  4 corr  3239 rms 0.0376   15.58 ms | p=(  648.78  -212.72 -20.81) v=10.98 m/s [KF]
[lio] t=1317401361.265 | feat 3716/8160 | map   4682 | icp ok  iter  4 corr  3362 rms 0.0379   18.82 ms | p=(  649.10  -213.83 -20.87) v=11.09 m/s [KF]
[lio] t=1317401361.369 | feat 3553/8160 | map   4648 | icp ok  iter  4 corr  3216 rms 0.0485   17.36 ms | p=(  649.40  -214.92 -20.93) v=11.03 m/s [KF]
[lio] t=1317401361.473 | feat 3546/8160 | map   4618 | icp ok  iter  4 corr  3257 rms 0.0502   14.48 ms | p=(  649.71  -216.00 -20.99) v=10.96 m/s [KF]
[lio] t=1317401361.577 | feat 3855/8160 | map   4613 | icp ok  iter  4 corr  3444 rms 0.0504   17.71 ms | p=(  650.02  -217.11 -21.05) v=11.07 m/s [KF]
[lio] t=1317401361.680 | feat 3498/8160 | map   4649 | icp ok  iter  5 corr  3178 rms 0.0355   21.77 ms | p=(  650.32  -218.16 -21.11) v=10.82 m/s [KF]
[lio] t=1317401361.784 | feat 3320/8160 | map   4715 | icp ok  iter  6 corr  2962 rms 0.0280   22.41 ms | p=(  650.65  -219.28 -21.17) v=11.10 m/s [KF]
[lio] t=1317401361.888 | feat 3489/8160 | map   4755 | icp ok  iter  4 corr  3116 rms 0.0358   15.80 ms | p=(  650.93  -220.33 -21.23) v=10.76 m/s [KF]
[lio] t=1317401361.992 | feat 3444/8160 | map   4788 | icp ok  iter 12 corr  3057 rms 0.0349   47.57 ms | p=(  651.24  -221.39 -21.29) v=10.75 m/s [KF]
[lio] t=1317401362.096 | feat 3719/8160 | map   4815 | icp ok  iter  4 corr  3163 rms 0.0500   14.65 ms | p=(  651.55  -222.47 -21.36) v=10.87 m/s [KF]
[lio] t=1317401362.199 | feat 3396/8160 | map   4832 | icp ok  iter  4 corr  2998 rms 0.0560   16.84 ms | p=(  651.85  -223.56 -21.42) v=10.90 m/s [KF]
[lio] t=1317401362.303 | feat 3816/8160 | map   4860 | icp ok  iter 12 corr  3501 rms 0.0339   51.18 ms | p=(  652.17  -224.66 -21.48) v=11.03 m/s [KF]
[lio] t=1317401362.407 | feat 3606/8160 | map   4885 | icp ok  iter  4 corr  3302 rms 0.0391   16.30 ms | p=(  652.47  -225.74 -21.54) v=10.96 m/s [KF]
[lio] t=1317401362.511 | feat 3500/8160 | map   4897 | icp ok  iter  4 corr  3217 rms 0.0462   14.81 ms | p=(  652.79  -226.79 -21.60) v=10.80 m/s [KF]
[lio] t=1317401362.615 | feat 3411/8160 | map   4909 | icp ok  iter  4 corr  3106 rms 0.0350   13.91 ms | p=(  653.10  -227.90 -21.66) v=11.06 m/s [KF]
[lio] t=1317401362.718 | feat 3273/8160 | map   4904 | icp ok  iter  3 corr  2934 rms 0.0355   11.91 ms | p=(  653.42  -228.99 -21.72) v=11.04 m/s [KF]
[lio] t=1317401362.822 | feat 3360/8160 | map   4893 | icp ok  iter  4 corr  3056 rms 0.0426   15.46 ms | p=(  653.74  -230.11 -21.79) v=11.19 m/s [KF]
[lio] t=1317401362.926 | feat 3494/8160 | map   4871 | icp ok  iter  4 corr  3200 rms 0.0290   15.64 ms | p=(  654.05  -231.16 -21.85) v=10.88 m/s [KF]
[lio] t=1317401363.030 | feat 3285/8160 | map   4880 | icp ok  iter  4 corr  3024 rms 0.0360   13.47 ms | p=(  654.36  -232.28 -21.91) v=11.11 m/s [KF]
[lio] t=1317401363.134 | feat 3212/8160 | map   4872 | icp ok  iter  4 corr  2851 rms 0.0559   14.23 ms | p=(  654.67  -233.36 -21.98) v=11.00 m/s [KF]
[lio] t=1317401363.238 | feat 3043/8160 | map   4864 | icp ok  iter  4 corr  2735 rms 0.0462   13.60 ms | p=(  654.98  -234.45 -22.04) v=10.98 m/s [KF]
[lio] t=1317401363.341 | feat 2851/8160 | map   4843 | icp ok  iter  4 corr  2530 rms 0.0284   11.82 ms | p=(  655.28  -235.56 -22.10) v=11.09 m/s [KF]
[lio] t=1317401363.445 | feat 2825/8160 | map   4807 | icp ok  iter  4 corr  2394 rms 0.0417   12.01 ms | p=(  655.58  -236.64 -22.16) v=10.99 m/s [KF]
[lio] t=1317401363.549 | feat 2655/8160 | map   4769 | icp ok  iter  4 corr  2251 rms 0.0310   10.51 ms | p=(  655.87  -237.75 -22.22) v=11.06 m/s [KF]
[lio] t=1317401363.653 | feat 2522/8160 | map   4697 | icp ok  iter  3 corr  2182 rms 0.0357    9.13 ms | p=(  656.18  -238.85 -22.29) v=11.09 m/s [KF]
[lio] t=1317401363.757 | feat 2628/8160 | map   4611 | icp ok  iter  4 corr  2252 rms 0.0376    9.84 ms | p=(  656.48  -239.94 -22.35) v=11.04 m/s [KF]
[lio] t=1317401363.861 | feat 2531/8160 | map   4565 | icp ok  iter  5 corr  2130 rms 0.0333   12.32 ms | p=(  656.78  -241.07 -22.41) v=11.20 m/s [KF]
[lio] t=1317401363.964 | feat 2392/8160 | map   4511 | icp ok  iter  4 corr  2086 rms 0.0534    9.96 ms | p=(  657.07  -242.16 -22.47) v=11.07 m/s [KF]
[lio] t=1317401364.068 | feat 2431/8160 | map   4451 | icp ok  iter  4 corr  2095 rms 0.0358   10.99 ms | p=(  657.38  -243.30 -22.54) v=11.28 m/s [KF]
[lio] t=1317401364.172 | feat 2509/8160 | map   4385 | icp ok  iter  4 corr  2206 rms 0.0370   10.64 ms | p=(  657.67  -244.35 -22.61) v=10.90 m/s [KF]
[lio] t=1317401364.276 | feat 2442/8160 | map   4302 | icp ok  iter  5 corr  2186 rms 0.0331   13.28 ms | p=(  657.97  -245.47 -22.67) v=11.09 m/s [KF]
[lio] t=1317401364.380 | feat 2592/8160 | map   4244 | icp ok  iter  4 corr  2348 rms 0.0398   11.61 ms | p=(  658.26  -246.56 -22.73) v=11.02 m/s [KF]
[lio] t=1317401364.483 | feat 2609/8154 | map   4160 | icp ok  iter  4 corr  2323 rms 0.0363   11.01 ms | p=(  658.57  -247.67 -22.81) v=11.11 m/s [KF]
[lio] t=1317401364.587 | feat 2727/8160 | map   4065 | icp ok  iter  4 corr  2386 rms 0.0456   11.79 ms | p=(  658.86  -248.75 -22.87) v=10.96 m/s [KF]
[lio] t=1317401364.691 | feat 2281/8160 | map   3930 | icp ok  iter  4 corr  2090 rms 0.0756   11.07 ms | p=(  659.18  -249.82 -22.93) v=10.87 m/s [KF]
[lio] t=1317401364.795 | feat 2269/8160 | map   3818 | icp ok  iter  4 corr  2164 rms 0.0346   10.41 ms | p=(  659.44  -250.87 -23.00) v=10.61 m/s [KF]
[lio] t=1317401364.899 | feat 2551/8160 | map   3728 | icp ok  iter  5 corr  2274 rms 0.0383   14.54 ms | p=(  659.75  -251.94 -23.06) v=10.73 m/s [KF]
[lio] t=1317401365.002 | feat 2346/8160 | map   3691 | icp ok  iter  4 corr  2147 rms 0.0370   10.64 ms | p=(  660.06  -253.07 -23.12) v=11.10 m/s [KF]
[lio] t=1317401365.106 | feat 2282/8160 | map   3649 | icp ok  iter  4 corr  2025 rms 0.0487   11.70 ms | p=(  660.37  -254.23 -23.19) v=11.39 m/s [KF]
[lio] t=1317401365.210 | feat 2358/8160 | map   3604 | icp ok  iter  5 corr  2036 rms 0.0310   13.73 ms | p=(  660.64  -255.22 -23.25) v=10.55 m/s [KF]
[lio] t=1317401365.314 | feat 2525/8160 | map   3617 | icp ok  iter  4 corr  2258 rms 0.0358   10.80 ms | p=(  660.96  -256.32 -23.32) v=10.86 m/s [KF]
[lio] t=1317401365.417 | feat 2721/8160 | map   3641 | icp ok  iter  4 corr  2372 rms 0.0981   11.38 ms | p=(  661.26  -257.43 -23.39) v=11.06 m/s [KF]
[lio] t=1317401365.521 | feat 2431/8160 | map   3615 | icp ok  iter  4 corr  2133 rms 0.0309   10.63 ms | p=(  661.56  -258.51 -23.45) v=10.91 m/s [KF]
[lio] t=1317401365.625 | feat 2725/8160 | map   3562 | icp ok  iter  4 corr  2483 rms 0.0603   12.01 ms | p=(  661.84  -259.54 -23.51) v=10.63 m/s [KF]
[lio] t=1317401365.729 | feat 2654/8160 | map   3538 | icp ok  iter  5 corr  2479 rms 0.0421   14.08 ms | p=(  662.16  -260.66 -23.58) v=11.02 m/s [KF]
[lio] t=1317401365.833 | feat 2764/8160 | map   3495 | icp ok  iter  4 corr  2558 rms 0.0454   13.75 ms | p=(  662.45  -261.72 -23.65) v=10.82 m/s [KF]
[lio] t=1317401365.936 | feat 2641/8160 | map   3459 | icp ok  iter  4 corr  2440 rms 0.0353   11.11 ms | p=(  662.74  -262.73 -23.71) v=10.41 m/s [KF]
[lio] t=1317401366.040 | feat 2655/8160 | map   3424 | icp ok  iter  7 corr  2400 rms 0.0373   20.18 ms | p=(  663.05  -263.84 -23.78) v=10.92 m/s [KF]
[lio] t=1317401366.144 | feat 2836/8160 | map   3358 | icp ok  iter  4 corr  2512 rms 0.0636   15.58 ms | p=(  663.31  -264.77 -23.86) v=9.95 m/s
[lio] t=1317401366.248 | feat 2772/8160 | map   3358 | icp ok  iter  5 corr  2484 rms 0.0591   18.54 ms | p=(  663.63  -265.91 -23.93) v=10.88 m/s [KF]
[lio] t=1317401366.351 | feat 2727/8160 | map   3306 | icp ok  iter  6 corr  2429 rms 0.0536   17.47 ms | p=(  663.97  -267.07 -24.00) v=11.42 m/s [KF]
[lio] t=1317401366.455 | feat 2816/8160 | map   3289 | icp ok  iter  5 corr  2361 rms 0.0386   15.56 ms | p=(  664.26  -268.14 -24.07) v=11.01 m/s [KF]
[lio] t=1317401366.559 | feat 2895/8160 | map   3263 | icp ok  iter  5 corr  2487 rms 0.0357   15.60 ms | p=(  664.56  -269.20 -24.14) v=10.84 m/s [KF]
[lio] t=1317401366.663 | feat 2933/8160 | map   3260 | icp ok  iter  6 corr  2651 rms 0.0351   21.17 ms | p=(  664.90  -270.33 -24.21) v=11.20 m/s [KF]
[lio] t=1317401366.767 | feat 2914/8160 | map   3238 | icp ok  iter  5 corr  2582 rms 0.0437   17.08 ms | p=(  665.17  -271.31 -24.27) v=10.42 m/s [KF]
[lio] t=1317401366.870 | feat 2947/8158 | map   3261 | icp ok  iter  4 corr  2582 rms 0.0366   11.96 ms | p=(  665.48  -272.35 -24.34) v=10.47 m/s [KF]
[lio] t=1317401366.974 | feat 2833/8160 | map   3269 | icp ok  iter  4 corr  2403 rms 0.0362   12.08 ms | p=(  665.80  -273.44 -24.41) v=10.81 m/s [KF]
[lio] t=1317401367.078 | feat 2571/8160 | map   3294 | icp ok  iter  5 corr  2220 rms 0.0381   12.39 ms | p=(  666.10  -274.50 -24.48) v=10.74 m/s [KF]
[lio] t=1317401367.182 | feat 2821/8160 | map   3288 | icp ok  iter  4 corr  2395 rms 0.0485   11.29 ms | p=(  666.41  -275.59 -24.56) v=10.91 m/s [KF]
[lio] t=1317401367.286 | feat 2612/8160 | map   3286 | icp ok  iter  4 corr  2204 rms 0.0372   11.22 ms | p=(  666.71  -276.65 -24.62) v=10.73 m/s [KF]
[lio] t=1317401367.390 | feat 2933/8160 | map   3289 | icp ok  iter  5 corr  2517 rms 0.0362   14.85 ms | p=(  667.01  -277.70 -24.69) v=10.67 m/s [KF]
[lio] t=1317401367.494 | feat 3135/8160 | map   3330 | icp ok  iter  3 corr  2770 rms 0.0346    9.27 ms | p=(  667.31  -278.76 -24.76) v=10.71 m/s [KF]
[lio] t=1317401367.597 | feat 2765/8143 | map   3390 | icp ok  iter  3 corr  2416 rms 0.0330   10.08 ms | p=(  667.62  -279.82 -24.84) v=10.69 m/s [KF]
[lio] t=1317401367.701 | feat 2954/8160 | map   3406 | icp ok  iter  4 corr  2657 rms 0.0318   12.63 ms | p=(  667.91  -280.91 -24.91) v=10.84 m/s [KF]
[lio] t=1317401367.805 | feat 2862/8158 | map   3442 | icp ok  iter  4 corr  2509 rms 0.0330   11.90 ms | p=(  668.21  -281.97 -24.97) v=10.79 m/s [KF]
[lio] t=1317401367.909 | feat 3190/8160 | map   3497 | icp ok  iter  4 corr  2911 rms 0.0419   15.46 ms | p=(  668.50  -283.01 -25.04) v=10.59 m/s [KF]
[lio] t=1317401368.013 | feat 3002/8160 | map   3557 | icp ok  iter  3 corr  2764 rms 0.0333   10.96 ms | p=(  668.79  -284.06 -25.11) v=10.56 m/s [KF]
[lio] t=1317401368.117 | feat 3071/8160 | map   3609 | icp ok  iter  4 corr  2808 rms 0.0747   12.65 ms | p=(  669.08  -285.14 -25.19) v=10.76 m/s [KF]
[lio] t=1317401368.221 | feat 3115/8160 | map   3648 | icp ok  iter  4 corr  2836 rms 0.0339   13.89 ms | p=(  669.35  -286.19 -25.25) v=10.60 m/s [KF]
[lio] t=1317401368.324 | feat 3371/8160 | map   3681 | icp ok  iter  4 corr  3091 rms 0.0310   17.34 ms | p=(  669.60  -287.12 -25.32) v=9.83 m/s
[lio] t=1317401368.428 | feat 3484/8160 | map   3681 | icp ok  iter  5 corr  3017 rms 0.0322   17.15 ms | p=(  669.92  -288.30 -25.40) v=11.09 m/s [KF]
[lio] t=1317401368.532 | feat 3221/8160 | map   3770 | icp ok  iter  6 corr  2785 rms 0.0390   21.80 ms | p=(  670.17  -289.24 -25.46) v=10.05 m/s
[lio] t=1317401368.636 | feat 3261/8160 | map   3770 | icp ok  iter  5 corr  2717 rms 0.0483   20.55 ms | p=(  670.46  -290.37 -25.54) v=10.82 m/s [KF]
[lio] t=1317401368.740 | feat 3346/8160 | map   3902 | icp ok  iter  5 corr  2783 rms 0.0329   20.51 ms | p=(  670.66  -291.22 -25.59) v=9.41 m/s
[lio] t=1317401368.844 | feat 3762/8160 | map   3902 | icp ok  iter  7 corr  3198 rms 0.0400   27.66 ms | p=(  670.94  -292.20 -25.66) v=9.73 m/s [KF]
[lio] t=1317401368.948 | feat 3676/8160 | map   4002 | icp ok  iter  6 corr  3189 rms 0.0324   25.21 ms | p=(  671.26  -293.43 -25.74) v=11.29 m/s [KF]
[lio] t=1317401369.051 | feat 3343/8160 | map   4042 | icp ok  iter  8 corr  2798 rms 0.0395   30.55 ms | p=(  671.48  -294.26 -25.80) v=9.54 m/s
[lio] t=1317401369.155 | feat 3257/8160 | map   4042 | icp ok  iter  7 corr  2656 rms 0.0536   24.99 ms | p=(  671.83  -295.53 -25.89) v=11.48 m/s [KF]
[lio] t=1317401369.259 | feat 3407/8160 | map   4092 | icp ok  iter  5 corr  2738 rms 0.0377   17.89 ms | p=(  672.08  -296.54 -25.96) v=10.63 m/s [KF]
[lio] t=1317401369.363 | feat 3305/8160 | map   4147 | icp ok  iter  7 corr  2760 rms 0.0390   24.58 ms | p=(  672.38  -297.66 -26.03) v=10.98 m/s [KF]
[lio] t=1317401369.467 | feat 3244/8160 | map   4191 | icp ok  iter  4 corr  2717 rms 0.0405   14.33 ms | p=(  672.63  -298.61 -26.09) v=10.15 m/s
[lio] t=1317401369.571 | feat 3031/8160 | map   4191 | icp ok  iter  6 corr  2563 rms 0.0387   22.97 ms | p=(  672.93  -299.74 -26.17) v=10.83 m/s [KF]
[lio] t=1317401369.675 | feat 2953/8160 | map   4217 | icp ok  iter  6 corr  2508 rms 0.0328   18.94 ms | p=(  673.18  -300.70 -26.24) v=10.12 m/s
[lio] t=1317401369.778 | feat 2998/8160 | map   4217 | icp ok  iter  5 corr  2504 rms 0.0454   17.89 ms | p=(  673.46  -301.79 -26.31) v=10.62 m/s [KF]
[lio] t=1317401369.882 | feat 3186/8160 | map   4228 | icp ok  iter  7 corr  2682 rms 0.0419   23.54 ms | p=(  673.67  -302.64 -26.36) v=9.34 m/s
[lio] t=1317401369.986 | feat 3568/8160 | map   4228 | icp ok  iter  4 corr  2762 rms 0.0623   15.37 ms | p=(  673.91  -303.58 -26.44) v=9.38 m/s [KF]
[lio] t=1317401370.090 | feat 3697/8160 | map   4310 | icp ok  iter  6 corr  3082 rms 0.0616   27.15 ms | p=(  674.23  -304.78 -26.51) v=10.97 m/s [KF]
[lio] t=1317401370.194 | feat 3575/8160 | map   4317 | icp ok  iter  5 corr  3063 rms 0.0491   21.34 ms | p=(  674.52  -305.90 -26.59) v=11.15 m/s [KF]
[lio] t=1317401370.298 | feat 3664/8160 | map   4308 | icp ok  iter 10 corr  3258 rms 0.0408   47.73 ms | p=(  674.73  -306.72 -26.65) v=9.36 m/s
[lio] t=1317401370.401 | feat 3294/8160 | map   4308 | icp ok  iter  8 corr  2889 rms 0.0392   31.03 ms | p=(  675.07  -308.00 -26.75) v=11.48 m/s [KF]
[lio] t=1317401370.505 | feat 3050/8160 | map   4309 | icp ok  iter  6 corr  2597 rms 0.0559   20.89 ms | p=(  675.16  -308.48 -26.77) v=7.39 m/s
[lio] t=1317401370.609 | feat 2799/8160 | map   4309 | icp ok  iter 10 corr  2301 rms 0.0388   33.51 ms | p=(  675.56  -309.97 -26.88) v=11.93 m/s [KF]
[lio] t=1317401370.713 | feat 3073/8160 | map   4362 | icp ok  iter  9 corr  2600 rms 0.0340   29.93 ms | p=(  675.77  -310.81 -26.94) v=9.80 m/s
[lio] t=1317401370.817 | feat 2998/8160 | map   4362 | icp ok  iter 12 corr  2446 rms 0.0365   40.46 ms | p=(  675.94  -311.52 -26.98) v=8.15 m/s [KF]
[lio] t=1317401370.920 | feat 3133/8160 | map   4437 | icp ok  iter  6 corr  2581 rms 0.0499   22.92 ms | p=(  676.23  -312.62 -27.06) v=9.93 m/s [KF]
[lio] t=1317401371.024 | feat 3025/8160 | map   4483 | icp ok  iter  4 corr  2499 rms 0.0434   14.62 ms | p=(  676.49  -313.65 -27.14) v=10.12 m/s [KF]
[lio] t=1317401371.128 | feat 3007/8160 | map   4516 | icp ok  iter  4 corr  2453 rms 0.0409   11.53 ms | p=(  676.74  -314.65 -27.21) v=10.08 m/s [KF]
[lio] t=1317401371.232 | feat 3137/8160 | map   4529 | icp ok  iter  5 corr  2619 rms 0.0352   17.31 ms | p=(  677.02  -315.72 -27.28) v=10.40 m/s [KF]
[lio] t=1317401371.335 | feat 2996/8160 | map   4554 | icp ok  iter  5 corr  2440 rms 0.0382   17.72 ms | p=(  677.29  -316.76 -27.36) v=10.43 m/s [KF]
[lio] t=1317401371.439 | feat 3389/8160 | map   4576 | icp ok  iter  5 corr  2647 rms 0.0415   18.37 ms | p=(  677.55  -317.76 -27.43) v=10.16 m/s [KF]
[lio] t=1317401371.543 | feat 3188/8160 | map   4629 | icp ok  iter  5 corr  2642 rms 0.0371   16.47 ms | p=(  677.78  -318.69 -27.49) v=9.62 m/s
[lio] t=1317401371.647 | feat 3272/8160 | map   4629 | icp ok  iter  4 corr  2599 rms 0.0311   12.13 ms | p=(  678.04  -319.68 -27.56) v=9.84 m/s [KF]
[lio] t=1317401371.751 | feat 3370/8160 | map   4717 | icp ok  iter 12 corr  2782 rms 0.0671   51.26 ms | p=(  678.33  -320.77 -27.64) v=10.50 m/s [KF]
[lio] t=1317401371.854 | feat 3419/8160 | map   4785 | icp ok  iter 12 corr  2753 rms 0.0657   42.25 ms | p=(  678.54  -321.56 -27.70) v=8.94 m/s
[lio] t=1317401371.958 | feat 3304/8160 | map   4785 | icp ok  iter  8 corr  2687 rms 0.0327   26.07 ms | p=(  678.82  -322.52 -27.76) v=9.36 m/s [KF]
[lio] t=1317401372.062 | feat 3431/8160 | map   4845 | icp ok  iter  5 corr  2937 rms 0.0363   18.73 ms | p=(  679.10  -323.47 -27.83) v=9.48 m/s
[lio] t=1317401372.165 | feat 3411/8160 | map   4845 | icp ok  iter  5 corr  2850 rms 0.0349   17.41 ms | p=(  679.39  -324.37 -27.90) v=9.31 m/s [KF]
[lio] t=1317401372.269 | feat 3505/8160 | map   4920 | icp ok  iter  4 corr  3041 rms 0.0294   14.65 ms | p=(  679.70  -325.32 -27.98) v=9.57 m/s [KF]
[lio] t=1317401372.373 | feat 3366/8160 | map   4920 | icp ok  iter  5 corr  2847 rms 0.0302   15.93 ms | p=(  680.03  -326.26 -28.05) v=9.62 m/s
[lio] t=1317401372.476 | feat 3769/8160 | map   4920 | icp ok  iter 12 corr  3119 rms 0.0380   53.62 ms | p=(  680.40  -327.26 -28.13) v=10.09 m/s [KF]
[lio] t=1317401372.580 | feat 3487/8160 | map   4949 | icp ok  iter  7 corr  3013 rms 0.0336   27.00 ms | p=(  680.73  -328.02 -28.19) v=8.82 m/s
[lio] t=1317401372.684 | feat 3499/8160 | map   4949 | icp ok  iter  6 corr  3009 rms 0.0354   23.91 ms | p=(  681.14  -329.04 -28.28) v=9.98 m/s [KF]
[lio] t=1317401372.788 | feat 3935/8160 | map   4990 | icp ok  iter  6 corr  3443 rms 0.0353   24.99 ms | p=(  681.54  -329.92 -28.35) v=9.59 m/s
[lio] t=1317401372.891 | feat 3677/8160 | map   4990 | icp ok  iter  4 corr  3120 rms 0.0387   16.82 ms | p=(  681.97  -330.81 -28.44) v=9.63 m/s [KF]
[lio] t=1317401372.995 | feat 3657/8160 | map   5038 | icp ok  iter  5 corr  3085 rms 0.0368   19.85 ms | p=(  682.37  -331.50 -28.51) v=8.55 m/s
[lio] t=1317401373.099 | feat 3469/8160 | map   5038 | icp ok  iter  5 corr  2916 rms 0.0289   17.83 ms | p=(  682.82  -332.29 -28.59) v=8.71 m/s [KF]
[lio] t=1317401373.202 | feat 3576/8160 | map   5097 | icp ok  iter  6 corr  3008 rms 0.0294   21.87 ms | p=(  683.28  -332.98 -28.67) v=8.38 m/s
[lio] t=1317401373.306 | feat 3570/8160 | map   5097 | icp ok  iter  8 corr  2958 rms 0.0289   34.40 ms | p=(  683.85  -334.03 -28.77) v=10.36 m/s [KF]
[lio] t=1317401373.410 | feat 3791/8160 | map   5127 | icp ok  iter  7 corr  3084 rms 0.0342   31.91 ms | p=(  684.26  -334.50 -28.83) v=7.78 m/s
[lio] t=1317401373.514 | feat 3913/8160 | map   5127 | icp ok  iter  9 corr  2993 rms 0.0350   39.44 ms | p=(  684.96  -335.73 -28.95) v=11.43 m/s [KF]
[lio] t=1317401373.617 | feat 3949/8160 | map   5130 | icp ok  iter  5 corr  3141 rms 0.0318   22.32 ms | p=(  685.48  -336.44 -29.03) v=9.68 m/s
[lio] t=1317401373.721 | feat 3812/8160 | map   5130 | icp ok  iter  5 corr  2924 rms 0.0291   17.28 ms | p=(  686.06  -337.16 -29.12) v=9.33 m/s [KF]
[lio] t=1317401373.825 | feat 3917/8160 | map   5187 | icp ok  iter 12 corr  3070 rms 0.0291   43.90 ms | p=(  686.63  -337.83 -29.20) v=8.93 m/s
[lio] t=1317401373.929 | feat 4139/8160 | map   5187 | icp ok  iter  4 corr  3197 rms 0.0310   16.72 ms | p=(  687.25  -338.54 -29.30) v=9.15 m/s [KF]
[lio] t=1317401374.033 | feat 4019/8160 | map   5240 | icp ok  iter 12 corr  3109 rms 0.0538   45.06 ms | p=(  687.89  -339.35 -29.39) v=9.71 m/s [KF]
[lio] t=1317401374.137 | feat 4234/8160 | map   5232 | icp ok  iter  6 corr  3392 rms 0.0319   26.03 ms | p=(  688.50  -339.98 -29.47) v=9.08 m/s
[lio] t=1317401374.240 | feat 4225/8160 | map   5232 | icp ok  iter 12 corr  3390 rms 0.0363   57.26 ms | p=(  689.14  -340.64 -29.57) v=9.06 m/s [KF]
[lio] t=1317401374.344 | feat 4205/8160 | map   5237 | icp ok  iter 12 corr  3286 rms 0.0268   47.73 ms | p=(  689.84  -341.47 -29.68) v=9.99 m/s [KF]
[lio] t=1317401374.448 | feat 4312/8160 | map   5208 | icp ok  iter  6 corr  3343 rms 0.0285   31.94 ms | p=(  690.51  -342.14 -29.78) v=9.61 m/s
[lio] t=1317401374.552 | feat 4143/8160 | map   5208 | icp ok  iter 12 corr  3206 rms 0.0279   52.82 ms | p=(  691.18  -342.87 -29.88) v=9.68 m/s [KF]
[lio] t=1317401374.656 | feat 4107/8160 | map   5156 | icp ok  iter 12 corr  3232 rms 0.0301   56.19 ms | p=(  691.87  -343.53 -29.98) v=9.45 m/s
[lio] t=1317401374.760 | feat 3963/8160 | map   5156 | icp ok  iter  5 corr  3126 rms 0.0328   24.78 ms | p=(  692.58  -344.39 -30.09) v=10.31 m/s [KF]
[lio] t=1317401374.864 | feat 3977/8160 | map   5125 | icp ok  iter 12 corr  3186 rms 0.0308   60.42 ms | p=(  693.19  -344.97 -30.18) v=9.01 m/s
[lio] t=1317401374.968 | feat 3926/8160 | map   5125 | icp ok  iter  4 corr  3064 rms 0.0524   16.87 ms | p=(  693.86  -345.63 -30.27) v=9.10 m/s [KF]
[lio] t=1317401375.073 | feat 4017/8160 | map   5131 | icp ok  iter  6 corr  3234 rms 0.0347   27.69 ms | p=(  694.54  -346.30 -30.37) v=9.21 m/s
[lio] t=1317401375.177 | feat 3925/8160 | map   5131 | icp ok  iter  7 corr  3077 rms 0.0335   32.92 ms | p=(  695.21  -347.10 -30.47) v=9.83 m/s [KF]
[lio] t=1317401375.281 | feat 4001/8160 | map   5154 | icp ok  iter  6 corr  3149 rms 0.0393   29.55 ms | p=(  695.87  -347.73 -30.57) v=9.26 m/s
[lio] t=1317401375.385 | feat 4025/8160 | map   5154 | icp ok  iter  5 corr  3150 rms 0.0415   22.57 ms | p=(  696.50  -348.44 -30.66) v=9.22 m/s [KF]
[lio] t=1317401375.489 | feat 4027/8160 | map   5241 | icp ok  iter 12 corr  3277 rms 0.0347   60.96 ms | p=(  697.12  -349.06 -30.75) v=8.78 m/s
[lio] t=1317401375.593 | feat 4156/8160 | map   5241 | icp ok  iter  4 corr  3274 rms 0.0541   19.30 ms | p=(  697.73  -349.73 -30.84) v=8.81 m/s [KF]
[lio] t=1317401375.698 | feat 4219/8160 | map   5326 | icp ok  iter  6 corr  3271 rms 0.0917   28.02 ms | p=(  698.25  -350.18 -30.92) v=7.49 m/s
[lio] t=1317401375.802 | feat 4318/8160 | map   5326 | icp ok  iter  6 corr  3183 rms 0.0289   27.17 ms | p=(  698.92  -351.34 -31.04) v=10.81 m/s [KF]
[lio] t=1317401375.906 | feat 4102/8160 | map   5463 | icp ok  iter  6 corr  3189 rms 0.0344   24.47 ms | p=(  699.49  -352.02 -31.13) v=9.45 m/s
[lio] t=1317401376.010 | feat 4365/8160 | map   5463 | icp ok  iter  3 corr  3291 rms 0.0383   15.00 ms | p=(  700.01  -352.84 -31.21) v=9.46 m/s [KF]
[lio] t=1317401376.114 | feat 4048/8160 | map   5567 | icp ok  iter  5 corr  3150 rms 0.0422   19.69 ms | p=(  700.57  -353.59 -31.30) v=9.25 m/s
[lio] t=1317401376.218 | feat 3986/8160 | map   5567 | icp ok  iter  6 corr  3187 rms 0.0500   25.79 ms | p=(  701.06  -354.32 -31.38) v=8.86 m/s [KF]
[lio] t=1317401376.322 | feat 4053/8160 | map   5675 | icp ok  iter  4 corr  3342 rms 0.0365   17.88 ms | p=(  701.51  -355.12 -31.45) v=8.90 m/s
[lio] t=1317401376.427 | feat 4236/8160 | map   5675 | icp ok  iter  6 corr  3525 rms 0.0412   26.39 ms | p=(  701.99  -355.93 -31.51) v=9.03 m/s [KF]
[lio] t=1317401376.531 | feat 4349/8160 | map   5820 | icp ok  iter  6 corr  3656 rms 0.0410   28.44 ms | p=(  702.44  -356.76 -31.60) v=9.17 m/s
[lio] t=1317401376.635 | feat 4296/8160 | map   5820 | icp ok  iter  4 corr  3606 rms 0.0412   19.47 ms | p=(  702.83  -357.60 -31.68) v=9.10 m/s [KF]
[lio] t=1317401376.739 | feat 4244/8160 | map   5925 | icp ok  iter  5 corr  3621 rms 0.0402   20.90 ms | p=(  703.26  -358.42 -31.77) v=9.07 m/s
[lio] t=1317401376.843 | feat 4347/8160 | map   5925 | icp ok  iter  4 corr  3667 rms 0.0440   18.18 ms | p=(  703.61  -359.27 -31.84) v=8.99 m/s [KF]
[lio] t=1317401376.947 | feat 4408/8160 | map   6038 | icp ok  iter  5 corr  3864 rms 0.0403   25.46 ms | p=(  703.99  -360.15 -31.92) v=9.24 m/s
[lio] t=1317401377.051 | feat 4431/8160 | map   6038 | icp ok  iter 12 corr  3811 rms 0.0449   66.64 ms | p=(  704.31  -360.97 -31.98) v=8.83 m/s [KF]
[lio] t=1317401377.155 | feat 4198/8160 | map   6169 | icp ok  iter  7 corr  3639 rms 0.0396   37.27 ms | p=(  704.64  -361.89 -32.06) v=9.31 m/s
[lio] t=1317401377.259 | feat 4117/8160 | map   6169 | icp ok  iter  4 corr  3524 rms 0.0345   18.55 ms | p=(  704.95  -362.79 -32.13) v=9.29 m/s [KF]
[lio] t=1317401377.363 | feat 3931/8160 | map   6257 | icp ok  iter  5 corr  3405 rms 0.0339   22.64 ms | p=(  705.23  -363.67 -32.19) v=9.14 m/s
[lio] t=1317401377.467 | feat 3715/8160 | map   6257 | icp ok  iter  4 corr  3195 rms 0.0334   15.73 ms | p=(  705.47  -364.60 -32.26) v=9.34 m/s [KF]
[lio] t=1317401377.570 | feat 3707/8160 | map   6339 | icp ok  iter  5 corr  3242 rms 0.0324   21.02 ms | p=(  705.70  -365.38 -32.31) v=8.48 m/s
[lio] t=1317401377.674 | feat 3639/8160 | map   6339 | icp ok  iter  5 corr  3142 rms 0.0423   22.12 ms | p=(  705.99  -366.55 -32.39) v=10.53 m/s [KF]
[lio] t=1317401377.778 | feat 3814/8160 | map   6393 | icp ok  iter  6 corr  3351 rms 0.0331   28.20 ms | p=(  706.12  -367.29 -32.44) v=8.64 m/s
[lio] t=1317401377.882 | feat 3473/8160 | map   6393 | icp ok  iter  6 corr  3054 rms 0.0401   24.48 ms | p=(  706.42  -368.41 -32.52) v=10.26 m/s [KF]
[lio] t=1317401377.986 | feat 3326/8160 | map   6432 | icp ok  iter  6 corr  2942 rms 0.0260   19.44 ms | p=(  706.60  -369.30 -32.58) v=9.46 m/s
[lio] t=1317401378.089 | feat 3353/8160 | map   6432 | icp ok  iter 12 corr  2918 rms 0.0333   52.70 ms | p=(  706.75  -370.24 -32.64) v=9.35 m/s [KF]
[lio] t=1317401378.193 | feat 3648/8149 | map   6484 | icp ok  iter  7 corr  3199 rms 0.0431   27.92 ms | p=(  706.94  -371.23 -32.69) v=9.72 m/s [KF]
[lio] t=1317401378.297 | feat 3836/8160 | map   6522 | icp ok  iter 12 corr  3396 rms 0.0434   59.10 ms | p=(  707.12  -372.26 -32.77) v=10.06 m/s [KF]
[lio] t=1317401378.401 | feat 3964/8160 | map   6515 | icp ok  iter  4 corr  3452 rms 0.0424   17.81 ms | p=(  707.27  -373.19 -32.82) v=9.56 m/s
[lio] t=1317401378.505 | feat 3526/8160 | map   6515 | icp ok  iter  4 corr  2955 rms 0.0584   15.17 ms | p=(  707.44  -374.22 -32.90) v=9.93 m/s [KF]
[lio] t=1317401378.608 | feat 3526/8160 | map   6523 | icp ok  iter  4 corr  2946 rms 0.0345   15.50 ms | p=(  707.58  -375.21 -32.97) v=9.90 m/s [KF]
[lio] t=1317401378.712 | feat 3643/8160 | map   6512 | icp ok  iter  4 corr  3097 rms 0.0377   16.99 ms | p=(  707.74  -376.21 -33.04) v=9.91 m/s [KF]
[lio] t=1317401378.816 | feat 3772/8160 | map   6491 | icp ok  iter  4 corr  3294 rms 0.0355   14.85 ms | p=(  707.88  -377.25 -33.12) v=10.15 m/s [KF]
[lio] t=1317401378.920 | feat 4168/8148 | map   6456 | icp ok  iter  6 corr  3578 rms 0.0527   30.21 ms | p=(  708.02  -378.21 -33.19) v=9.77 m/s
[lio] t=1317401379.023 | feat 4099/8139 | map   6456 | icp ok  iter  8 corr  3281 rms 0.0599   37.81 ms | p=(  708.18  -379.33 -33.27) v=10.54 m/s [KF]
[lio] t=1317401379.127 | feat 4025/8104 | map   6430 | icp ok  iter  6 corr  3365 rms 0.0452   26.24 ms | p=(  708.31  -380.30 -33.34) v=9.95 m/s
[lio] t=1317401379.231 | feat 4051/8129 | map   6430 | icp ok  iter  6 corr  3359 rms 0.0451   26.22 ms | p=(  708.48  -381.41 -33.42) v=10.53 m/s [KF]
[lio] t=1317401379.335 | feat 3294/8160 | map   6398 | icp ok  iter  6 corr  2656 rms 0.0365   20.27 ms | p=(  708.61  -382.41 -33.50) v=10.13 m/s [KF]
[lio] t=1317401379.438 | feat 3553/8160 | map   6353 | icp ok  iter 12 corr  2822 rms 0.0350   42.68 ms | p=(  708.76  -383.44 -33.57) v=10.13 m/s [KF]
[lio] t=1317401379.542 | feat 3655/8160 | map   6296 | icp ok  iter  6 corr  2853 rms 0.0452   22.52 ms | p=(  708.90  -384.45 -33.64) v=9.95 m/s [KF]
[lio] t=1317401379.646 | feat 3971/8160 | map   6241 | icp ok  iter  4 corr  3110 rms 0.0465   16.39 ms | p=(  709.04  -385.48 -33.70) v=10.03 m/s [KF]
[lio] t=1317401379.750 | feat 4107/8160 | map   6219 | icp ok  iter  4 corr  3280 rms 0.0478   18.31 ms | p=(  709.17  -386.48 -33.77) v=9.92 m/s [KF]
[lio] t=1317401379.854 | feat 4063/8160 | map   6185 | icp ok  iter  5 corr  3236 rms 0.0470   21.53 ms | p=(  709.30  -387.51 -33.84) v=9.98 m/s [KF]
[lio] t=1317401379.957 | feat 4190/8159 | map   6181 | icp ok  iter  4 corr  3392 rms 0.0460   17.92 ms | p=(  709.41  -388.54 -33.91) v=10.04 m/s [KF]
[lio] t=1317401380.061 | feat 4080/8160 | map   6168 | icp ok  iter 12 corr  3328 rms 0.0496   61.94 ms | p=(  709.53  -389.58 -33.97) v=10.03 m/s [KF]
[lio] t=1317401380.165 | feat 4204/8160 | map   6181 | icp ok  iter  5 corr  3369 rms 0.0471   20.95 ms | p=(  709.63  -390.52 -34.03) v=9.43 m/s
[lio] t=1317401380.269 | feat 4320/8160 | map   6181 | icp ok  iter  5 corr  3402 rms 0.0506   23.77 ms | p=(  709.74  -391.45 -34.09) v=9.05 m/s [KF]
[lio] t=1317401380.373 | feat 4415/8160 | map   6252 | icp ok  iter  6 corr  3625 rms 0.0360   29.07 ms | p=(  709.83  -392.45 -34.14) v=9.32 m/s [KF]
[lio] t=1317401380.477 | feat 4481/8160 | map   6223 | icp ok  iter  5 corr  3745 rms 0.0395   22.97 ms | p=(  709.91  -393.36 -34.20) v=8.88 m/s
[lio] t=1317401380.581 | feat 4545/8160 | map   6223 | icp ok  iter  5 corr  3773 rms 0.0329   22.10 ms | p=(  709.96  -394.28 -34.27) v=8.73 m/s [KF]
[lio] t=1317401380.685 | feat 4179/8160 | map   6206 | icp ok  iter  5 corr  3450 rms 0.0361   21.49 ms | p=(  710.01  -395.13 -34.31) v=8.20 m/s
[lio] t=1317401380.789 | feat 4381/8160 | map   6206 | icp ok  iter  6 corr  3595 rms 0.0368   26.29 ms | p=(  710.01  -395.99 -34.35) v=8.12 m/s [KF]
[lio] t=1317401380.893 | feat 4191/8160 | map   6201 | icp ok  iter  6 corr  3441 rms 0.0398   27.31 ms | p=(  710.00  -396.73 -34.40) v=7.34 m/s
[lio] t=1317401380.998 | feat 4376/8160 | map   6201 | icp ok  iter  5 corr  3585 rms 0.0424   22.08 ms | p=(  709.97  -397.52 -34.43) v=7.28 m/s [KF]
[lio] t=1317401381.102 | feat 4399/8160 | map   6178 | icp ok  iter  5 corr  3604 rms 0.0392   22.30 ms | p=(  709.90  -398.27 -34.47) v=7.08 m/s
[lio] t=1317401381.206 | feat 4277/8160 | map   6178 | icp ok  iter  6 corr  3403 rms 0.0408   27.95 ms | p=(  709.83  -398.94 -34.49) v=6.56 m/s [KF]
[lio] t=1317401381.311 | feat 4106/8160 | map   6203 | icp ok  iter  5 corr  3369 rms 0.0329   20.42 ms | p=(  709.69  -399.64 -34.53) v=6.55 m/s
[lio] t=1317401381.415 | feat 4087/8160 | map   6203 | icp ok  iter  5 corr  3294 rms 0.0412   24.21 ms | p=(  709.57  -400.27 -34.55) v=6.19 m/s [KF]
[lio] t=1317401381.519 | feat 4123/8160 | map   6183 | icp ok  iter  5 corr  3331 rms 0.0403   22.09 ms | p=(  709.40  -400.91 -34.57) v=6.26 m/s
[lio] t=1317401381.623 | feat 4233/8160 | map   6183 | icp ok  iter  5 corr  3498 rms 0.0417   22.02 ms | p=(  709.22  -401.51 -34.60) v=6.09 m/s [KF]
[lio] t=1317401381.728 | feat 4380/8160 | map   6215 | icp ok  iter  4 corr  3601 rms 0.0428   19.00 ms | p=(  709.00  -402.13 -34.64) v=6.19 m/s
[lio] t=1317401381.832 | feat 4200/8160 | map   6215 | icp ok  iter  5 corr  3348 rms 0.0403   21.62 ms | p=(  708.78  -402.69 -34.65) v=5.93 m/s [KF]
[lio] t=1317401381.936 | feat 4322/8160 | map   6300 | icp ok  iter  4 corr  3522 rms 0.0435   18.38 ms | p=(  708.52  -403.26 -34.66) v=5.99 m/s
[lio] t=1317401382.041 | feat 4294/8160 | map   6300 | icp ok  iter  4 corr  3524 rms 0.0377   17.35 ms | p=(  708.21  -403.82 -34.66) v=6.02 m/s [KF]
[lio] t=1317401382.145 | feat 4159/8147 | map   6320 | icp ok  iter  6 corr  3410 rms 0.0423   27.26 ms | p=(  707.89  -404.34 -34.66) v=5.91 m/s
[lio] t=1317401382.249 | feat 4007/8159 | map   6320 | icp ok  iter  4 corr  3151 rms 0.0312   15.28 ms | p=(  707.53  -404.86 -34.65) v=6.01 m/s [KF]
[lio] t=1317401382.353 | feat 4251/8153 | map   6296 | icp ok  iter  5 corr  3421 rms 0.0349   24.06 ms | p=(  707.15  -405.34 -34.63) v=5.88 m/s
[lio] t=1317401382.457 | feat 4466/8160 | map   6296 | icp ok  iter  4 corr  3637 rms 0.0416   17.80 ms | p=(  706.75  -405.81 -34.62) v=5.88 m/s [KF]
[lio] t=1317401382.561 | feat 4450/8160 | map   6380 | icp ok  iter  5 corr  3664 rms 0.0376   22.84 ms | p=(  706.32  -406.26 -34.60) v=5.98 m/s
[lio] t=1317401382.665 | feat 4323/8160 | map   6380 | icp ok  iter  4 corr  3496 rms 0.0361   18.42 ms | p=(  705.86  -406.70 -34.59) v=6.02 m/s [KF]
[lio] t=1317401382.769 | feat 4401/8160 | map   6445 | icp ok  iter  5 corr  3665 rms 0.0307   24.82 ms | p=(  705.38  -407.12 -34.58) v=6.10 m/s
[lio] t=1317401382.873 | feat 4383/8160 | map   6445 | icp ok  iter  5 corr  3551 rms 0.0311   21.97 ms | p=(  704.88  -407.51 -34.56) v=6.15 m/s [KF]
[lio] t=1317401382.977 | feat 4400/8160 | map   6494 | icp ok  iter  5 corr  3592 rms 0.0314   21.56 ms | p=(  704.36  -407.89 -34.54) v=6.21 m/s
[lio] t=1317401383.081 | feat 4229/8160 | map   6494 | icp ok  iter  6 corr  3385 rms 0.0406   24.81 ms | p=(  703.80  -408.25 -34.51) v=6.32 m/s [KF]
[lio] t=1317401383.185 | feat 4117/8160 | map   6513 | icp ok  iter  4 corr  3285 rms 0.0283   16.52 ms | p=(  703.23  -408.59 -34.48) v=6.36 m/s
[lio] t=1317401383.289 | feat 4225/8160 | map   6513 | icp ok  iter  4 corr  3360 rms 0.0315   19.14 ms | p=(  702.64  -408.91 -34.45) v=6.45 m/s [KF]
[lio] t=1317401383.393 | feat 4111/8160 | map   6504 | icp ok  iter  5 corr  3332 rms 0.0318   23.11 ms | p=(  702.03  -409.20 -34.42) v=6.46 m/s
[lio] t=1317401383.497 | feat 4171/8160 | map   6504 | icp ok  iter  4 corr  3343 rms 0.0312   16.30 ms | p=(  701.41  -409.47 -34.38) v=6.45 m/s [KF]
[lio] t=1317401383.601 | feat 4270/8160 | map   6530 | icp ok  iter 12 corr  3581 rms 0.0359   56.51 ms | p=(  700.76  -409.74 -34.33) v=6.62 m/s
[lio] t=1317401383.705 | feat 4182/8160 | map   6530 | icp ok  iter  4 corr  3424 rms 0.0352   17.73 ms | p=(  700.13  -409.95 -34.28) v=6.47 m/s [KF]
[lio] t=1317401383.808 | feat 4119/8160 | map   6606 | icp ok  iter  4 corr  3428 rms 0.0368   18.96 ms | p=(  699.50  -410.17 -34.23) v=6.44 m/s
[lio] t=1317401383.912 | feat 4004/8160 | map   6606 | icp ok  iter  4 corr  3271 rms 0.0387   17.40 ms | p=(  698.85  -410.37 -34.18) v=6.42 m/s [KF]
[lio] t=1317401384.016 | feat 4140/8160 | map   6678 | icp ok  iter 12 corr  3375 rms 0.0360   58.00 ms | p=(  698.19  -410.56 -34.13) v=6.49 m/s
[lio] t=1317401384.119 | feat 3801/8160 | map   6678 | icp ok  iter  5 corr  2984 rms 0.0300   18.42 ms | p=(  697.55  -410.75 -34.09) v=6.40 m/s [KF]
[lio] t=1317401384.223 | feat 3975/8160 | map   6743 | icp ok  iter  5 corr  3273 rms 0.0320   20.49 ms | p=(  696.89  -410.92 -34.04) v=6.46 m/s
[lio] t=1317401384.327 | feat 3926/8160 | map   6743 | icp ok  iter  4 corr  3182 rms 0.0303   17.19 ms | p=(  696.23  -411.09 -33.99) v=6.44 m/s [KF]
[lio] t=1317401384.430 | feat 4120/8123 | map   6805 | icp ok  iter  4 corr  3403 rms 0.0330   17.61 ms | p=(  695.59  -411.25 -33.96) v=6.38 m/s
[lio] t=1317401384.534 | feat 3997/8143 | map   6805 | icp ok  iter  5 corr  3263 rms 0.0319   20.92 ms | p=(  694.92  -411.41 -33.90) v=6.46 m/s [KF]
[lio] t=1317401384.638 | feat 4214/8160 | map   6858 | icp ok  iter  4 corr  3489 rms 0.0318   15.92 ms | p=(  694.29  -411.58 -33.86) v=6.29 m/s
[lio] t=1317401384.741 | feat 4095/8160 | map   6858 | icp ok  iter  6 corr  3316 rms 0.0556   24.90 ms | p=(  693.62  -411.74 -33.81) v=6.43 m/s [KF]
[lio] t=1317401384.845 | feat 4124/8160 | map   6887 | icp ok  iter  5 corr  3428 rms 0.0290   23.66 ms | p=(  693.00  -411.90 -33.77) v=6.25 m/s
[lio] t=1317401384.949 | feat 4051/8160 | map   6887 | icp ok  iter  5 corr  3377 rms 0.0337   19.57 ms | p=(  692.37  -412.05 -33.72) v=6.15 m/s [KF]
[lio] t=1317401385.053 | feat 4044/8160 | map   6879 | icp ok  iter  5 corr  3299 rms 0.0267   19.66 ms | p=(  691.71  -412.21 -33.67) v=6.32 m/s
[lio] t=1317401385.157 | feat 3951/8160 | map   6879 | icp ok  iter  5 corr  3115 rms 0.0295   21.43 ms | p=(  691.13  -412.35 -33.61) v=5.96 m/s [KF]
[lio] t=1317401385.260 | feat 3958/8160 | map   6850 | icp ok  iter  4 corr  3157 rms 0.0292   14.87 ms | p=(  690.51  -412.51 -33.57) v=5.99 m/s
[lio] t=1317401385.364 | feat 4053/8160 | map   6850 | icp ok  iter  6 corr  3157 rms 0.0521   27.32 ms | p=(  689.85  -412.66 -33.52) v=6.26 m/s [KF]
[lio] t=1317401385.468 | feat 4104/8160 | map   6844 | icp ok  iter  5 corr  3224 rms 0.0397   21.92 ms | p=(  689.23  -412.81 -33.48) v=6.13 m/s
[lio] t=1317401385.572 | feat 4112/8160 | map   6844 | icp ok  iter  5 corr  3200 rms 0.0379   21.71 ms | p=(  688.61  -412.97 -33.43) v=6.11 m/s [KF]
[lio] t=1317401385.676 | feat 4330/8160 | map   6806 | icp ok  iter  4 corr  3454 rms 0.0317   18.40 ms | p=(  687.98  -413.13 -33.39) v=6.09 m/s
[lio] t=1317401385.780 | feat 4249/8160 | map   6806 | icp ok  iter  3 corr  3309 rms 0.0287   12.27 ms | p=(  687.36  -413.27 -33.35) v=6.09 m/s [KF]
[lio] t=1317401385.884 | feat 4246/8160 | map   6768 | icp ok  iter  4 corr  3413 rms 0.0305   16.13 ms | p=(  686.74  -413.42 -33.31) v=6.05 m/s
[lio] t=1317401385.988 | feat 4222/8160 | map   6768 | icp ok  iter 12 corr  3331 rms 0.0312   54.28 ms | p=(  686.12  -413.57 -33.26) v=6.04 m/s [KF]
[lio] t=1317401386.092 | feat 4302/8160 | map   6694 | icp ok  iter  4 corr  3390 rms 0.0321   19.68 ms | p=(  685.52  -413.72 -33.22) v=5.94 m/s
[lio] t=1317401386.196 | feat 4522/8160 | map   6694 | icp ok  iter 12 corr  3451 rms 0.0768   61.27 ms | p=(  684.91  -413.86 -33.18) v=5.92 m/s [KF]
[lio] t=1317401386.300 | feat 4617/8160 | map   6642 | icp ok  iter  5 corr  3569 rms 0.0320   25.42 ms | p=(  684.30  -414.02 -33.14) v=5.93 m/s
[lio] t=1317401386.404 | feat 4425/8160 | map   6642 | icp ok  iter  4 corr  3392 rms 0.0322   18.58 ms | p=(  683.71  -414.16 -33.10) v=5.82 m/s [KF]
[lio] t=1317401386.508 | feat 4295/8160 | map   6622 | icp ok  iter  4 corr  3360 rms 0.0269   16.94 ms | p=(  683.07  -414.33 -33.05) v=6.08 m/s
[lio] t=1317401386.612 | feat 4157/8160 | map   6622 | icp ok  iter  4 corr  3246 rms 0.0480   16.84 ms | p=(  682.46  -414.47 -33.00) v=5.98 m/s [KF]
[lio] t=1317401386.716 | feat 4460/8160 | map   6601 | icp ok  iter  5 corr  3565 rms 0.0349   24.44 ms | p=(  681.84  -414.64 -32.96) v=6.06 m/s
[lio] t=1317401386.820 | feat 4381/8160 | map   6601 | icp ok  iter  3 corr  3540 rms 0.0352   14.70 ms | p=(  681.25  -414.78 -32.93) v=5.91 m/s [KF]
[lio] t=1317401386.924 | feat 4398/8160 | map   6591 | icp ok  iter  4 corr  3646 rms 0.0370   19.96 ms | p=(  680.64  -414.93 -32.88) v=5.95 m/s
[lio] t=1317401387.028 | feat 4348/8160 | map   6591 | icp ok  iter  5 corr  3525 rms 0.0342   22.54 ms | p=(  680.01  -415.10 -32.84) v=6.13 m/s [KF]
[lio] t=1317401387.132 | feat 4268/8160 | map   6495 | icp ok  iter  4 corr  3519 rms 0.0351   17.07 ms | p=(  679.41  -415.25 -32.79) v=6.02 m/s
[lio] t=1317401387.236 | feat 4320/8160 | map   6495 | icp ok  iter  6 corr  3594 rms 0.0385   29.01 ms | p=(  678.76  -415.42 -32.75) v=6.25 m/s [KF]
[lio] t=1317401387.340 | feat 4293/8160 | map   6472 | icp ok  iter 12 corr  3572 rms 0.0366   61.21 ms | p=(  678.19  -415.57 -32.70) v=5.92 m/s
[lio] t=1317401387.444 | feat 4178/8160 | map   6472 | icp ok  iter  6 corr  3450 rms 0.0535   27.88 ms | p=(  677.52  -415.75 -32.65) v=6.29 m/s [KF]
[lio] t=1317401387.547 | feat 4120/8160 | map   6519 | icp ok  iter  4 corr  3401 rms 0.0327   17.19 ms | p=(  676.93  -415.92 -32.61) v=6.06 m/s
[lio] t=1317401387.651 | feat 4057/8160 | map   6519 | icp ok  iter  4 corr  3309 rms 0.0421   17.50 ms | p=(  676.30  -416.09 -32.57) v=6.13 m/s [KF]
[lio] t=1317401387.755 | feat 4172/8160 | map   6569 | icp ok  iter 12 corr  3443 rms 0.0380   55.16 ms | p=(  675.68  -416.26 -32.53) v=6.16 m/s
[lio] t=1317401387.859 | feat 3986/8160 | map   6569 | icp ok  iter  3 corr  3183 rms 0.0346   12.59 ms | p=(  675.07  -416.45 -32.50) v=6.14 m/s [KF]
[lio] t=1317401387.963 | feat 3816/8160 | map   6580 | icp ok  iter  4 corr  3026 rms 0.0479   14.35 ms | p=(  674.43  -416.62 -32.45) v=6.26 m/s
[lio] t=1317401388.067 | feat 3511/8160 | map   6580 | icp ok  iter  4 corr  2704 rms 0.0366   11.54 ms | p=(  673.82  -416.80 -32.41) v=6.13 m/s [KF]
[lio] t=1317401388.171 | feat 3632/8160 | map   6588 | icp ok  iter  4 corr  2923 rms 0.0337   14.17 ms | p=(  673.18  -417.00 -32.36) v=6.30 m/s
[lio] t=1317401388.275 | feat 3595/8160 | map   6588 | icp ok  iter  4 corr  2883 rms 0.0344   15.48 ms | p=(  672.57  -417.18 -32.33) v=6.16 m/s [KF]
[lio] t=1317401388.379 | feat 3819/8160 | map   6616 | icp ok  iter  3 corr  3073 rms 0.0366   13.22 ms | p=(  671.95  -417.39 -32.29) v=6.22 m/s
[lio] t=1317401388.483 | feat 4123/8160 | map   6616 | icp ok  iter  3 corr  3319 rms 0.0401   13.60 ms | p=(  671.31  -417.59 -32.24) v=6.40 m/s [KF]
[lio] t=1317401388.587 | feat 4022/8160 | map   6651 | icp ok  iter  5 corr  3377 rms 0.0310   19.62 ms | p=(  670.67  -417.79 -32.20) v=6.41 m/s
[lio] t=1317401388.691 | feat 3805/8160 | map   6651 | icp ok  iter  4 corr  3139 rms 0.0380   15.33 ms | p=(  670.04  -417.99 -32.15) v=6.39 m/s [KF]
[lio] t=1317401388.795 | feat 3988/8160 | map   6643 | icp ok  iter  4 corr  3386 rms 0.0266   16.05 ms | p=(  669.40  -418.19 -32.11) v=6.45 m/s
[lio] t=1317401388.899 | feat 3779/8160 | map   6643 | icp ok  iter  3 corr  3215 rms 0.0249   11.52 ms | p=(  668.72  -418.38 -32.07) v=6.65 m/s [KF]
[lio] t=1317401389.003 | feat 3733/8160 | map   6574 | icp ok  iter  3 corr  3143 rms 0.0272   12.93 ms | p=(  668.03  -418.59 -32.02) v=6.88 m/s
[lio] t=1317401389.107 | feat 3465/8160 | map   6574 | icp ok  iter  4 corr  2947 rms 0.0265   12.81 ms | p=(  667.40  -418.77 -31.98) v=6.53 m/s [KF]
[lio] t=1317401389.211 | feat 3855/8160 | map   6543 | icp ok  iter  5 corr  3279 rms 0.0297   19.64 ms | p=(  666.63  -418.98 -31.92) v=7.23 m/s
[lio] t=1317401389.315 | feat 3602/8160 | map   6543 | icp ok  iter  4 corr  3019 rms 0.0355   14.73 ms | p=(  665.94  -419.16 -31.88) v=7.10 m/s [KF]
[lio] t=1317401389.419 | feat 3435/8160 | map   6509 | icp ok  iter  4 corr  2955 rms 0.0263   14.37 ms | p=(  665.19  -419.36 -31.82) v=7.31 m/s
[lio] t=1317401389.523 | feat 3336/8160 | map   6509 | icp ok  iter  4 corr  2726 rms 0.0359   14.19 ms | p=(  664.47  -419.54 -31.77) v=7.32 m/s [KF]
[lio] t=1317401389.627 | feat 3046/8160 | map   6478 | icp ok  iter  4 corr  2510 rms 0.0259   10.30 ms | p=(  663.65  -419.74 -31.70) v=7.85 m/s
[lio] t=1317401389.731 | feat 3291/8160 | map   6478 | icp ok  iter  4 corr  2694 rms 0.0368   12.81 ms | p=(  662.90  -419.91 -31.65) v=7.62 m/s [KF]
[lio] t=1317401389.835 | feat 3265/8160 | map   6440 | icp ok  iter  5 corr  2730 rms 0.0311   16.14 ms | p=(  662.11  -420.11 -31.59) v=7.79 m/s
[lio] t=1317401389.939 | feat 3146/8156 | map   6440 | icp ok  iter  4 corr  2587 rms 0.0248   12.24 ms | p=(  661.31  -420.28 -31.53) v=7.90 m/s [KF]
[lio] t=1317401390.043 | feat 3080/8155 | map   6428 | icp ok  iter  4 corr  2549 rms 0.0313   13.52 ms | p=(  660.48  -420.46 -31.47) v=8.08 m/s
[lio] t=1317401390.147 | feat 2932/8160 | map   6428 | icp ok  iter  4 corr  2372 rms 0.0378   11.56 ms | p=(  659.65  -420.63 -31.40) v=8.15 m/s [KF]
[lio] t=1317401390.251 | feat 2921/8129 | map   6406 | icp ok  iter  3 corr  2413 rms 0.0218    8.72 ms | p=(  658.79  -420.81 -31.34) v=8.35 m/s
[lio] t=1317401390.355 | feat 2847/8139 | map   6406 | icp ok  iter  3 corr  2234 rms 0.0592    9.17 ms | p=(  657.97  -420.97 -31.28) v=8.12 m/s [KF]
[lio] t=1317401390.459 | feat 2873/8142 | map   6393 | icp ok  iter  4 corr  2234 rms 0.0263   11.85 ms | p=(  657.10  -421.14 -31.22) v=8.35 m/s
[lio] t=1317401390.563 | feat 2954/8154 | map   6393 | icp ok  iter  4 corr  2246 rms 0.0313   10.91 ms | p=(  656.26  -421.29 -31.15) v=8.23 m/s [KF]
[lio] t=1317401390.667 | feat 3220/8125 | map   6397 | icp ok  iter  5 corr  2623 rms 0.0445   17.55 ms | p=(  655.47  -421.35 -31.09) v=7.86 m/s
[lio] t=1317401390.771 | feat 3055/8140 | map   6397 | icp ok  iter  5 corr  2284 rms 0.0385   16.63 ms | p=(  654.55  -421.56 -31.02) v=8.55 m/s [KF]
[lio] t=1317401390.875 | feat 3050/8133 | map   6428 | icp ok  iter  3 corr  2367 rms 0.0414    8.14 ms | p=(  653.72  -421.66 -30.96) v=8.19 m/s
[lio] t=1317401390.979 | feat 3004/8160 | map   6428 | icp ok  iter  6 corr  2229 rms 0.0283   17.64 ms | p=(  652.79  -421.83 -30.90) v=8.67 m/s [KF]
[lio] t=1317401391.083 | feat 3367/8160 | map   6406 | icp ok  iter  5 corr  2512 rms 0.0560   18.11 ms | p=(  651.78  -422.14 -30.84) v=9.51 m/s [KF]
[lio] t=1317401391.187 | feat 3173/8160 | map   6443 | icp ok  iter  6 corr  2399 rms 0.0581   19.78 ms | p=(  651.05  -422.08 -30.79) v=7.85 m/s
[lio] t=1317401391.292 | feat 3277/8160 | map   6443 | icp ok  iter  4 corr  2294 rms 0.0826   14.29 ms | p=(  650.18  -422.14 -30.73) v=8.11 m/s [KF]
[lio] t=1317401391.396 | feat 3399/8160 | map   6483 | icp ok  iter  4 corr  2500 rms 0.0269   11.29 ms | p=(  649.35  -422.19 -30.67) v=8.02 m/s
[lio] t=1317401391.500 | feat 3360/8160 | map   6483 | icp ok  iter  6 corr  2462 rms 0.0265   21.41 ms | p=(  648.48  -422.25 -30.59) v=8.17 m/s [KF]
[lio] t=1317401391.604 | feat 3439/8160 | map   6547 | icp ok  iter  5 corr  2575 rms 0.0288   19.00 ms | p=(  647.59  -422.33 -30.51) v=8.38 m/s
[lio] t=1317401391.708 | feat 3643/8160 | map   6547 | icp ok  iter  6 corr  2643 rms 0.0327   23.77 ms | p=(  646.72  -422.26 -30.42) v=8.34 m/s [KF]
[lio] t=1317401391.812 | feat 3499/8160 | map   6597 | icp ok  iter  5 corr  2545 rms 0.0347   18.75 ms | p=(  645.84  -422.27 -30.32) v=8.35 m/s
[lio] t=1317401391.916 | feat 3733/8160 | map   6597 | icp ok  iter 12 corr  2681 rms 0.0311   44.17 ms | p=(  645.05  -422.15 -30.23) v=7.94 m/s [KF]
[lio] t=1317401392.020 | feat 3819/8160 | map   6628 | icp ok  iter  6 corr  2806 rms 0.0296   24.05 ms | p=(  644.01  -422.13 -30.14) v=9.11 m/s [KF]
[lio] t=1317401392.124 | feat 4028/8160 | map   6668 | icp ok  iter  8 corr  3102 rms 0.0346   39.95 ms | p=(  643.23  -422.01 -30.05) v=8.12 m/s
[lio] t=1317401392.228 | feat 4173/8160 | map   6668 | icp ok  iter  5 corr  3174 rms 0.0317   21.52 ms | p=(  642.36  -421.89 -29.97) v=8.27 m/s [KF]
[lio] t=1317401392.332 | feat 4152/8160 | map   6717 | icp ok  iter  5 corr  3190 rms 0.0313   23.02 ms | p=(  641.58  -421.73 -29.89) v=7.85 m/s
[lio] t=1317401392.436 | feat 4191/8160 | map   6717 | icp ok  iter  5 corr  3105 rms 0.0354   20.12 ms | p=(  640.81  -421.56 -29.80) v=7.65 m/s [KF]
[lio] t=1317401392.540 | feat 3776/8160 | map   6779 | icp ok  iter  5 corr  2861 rms 0.0447   19.00 ms | p=(  639.78  -421.39 -29.69) v=9.07 m/s [KF]
[lio] t=1317401392.644 | feat 3891/8160 | map   6779 | icp ok  iter  4 corr  2949 rms 0.0369   17.82 ms | p=(  639.00  -421.18 -29.61) v=8.21 m/s
[lio] t=1317401392.748 | feat 3859/8160 | map   6779 | icp ok  iter  5 corr  2856 rms 0.0304   21.19 ms | p=(  638.26  -420.98 -29.54) v=7.67 m/s [KF]
[lio] t=1317401392.852 | feat 3922/8160 | map   6735 | icp ok  iter  5 corr  2940 rms 0.0290   19.19 ms | p=(  637.45  -420.76 -29.46) v=7.87 m/s
[lio] t=1317401392.956 | feat 3766/8160 | map   6735 | icp ok  iter  5 corr  2895 rms 0.0316   18.21 ms | p=(  636.54  -420.51 -29.37) v=8.53 m/s [KF]
[lio] t=1317401393.059 | feat 3685/8160 | map   6642 | icp ok  iter  6 corr  2790 rms 0.0270   20.02 ms | p=(  635.81  -420.29 -29.31) v=7.75 m/s
[lio] t=1317401393.163 | feat 3485/8160 | map   6642 | icp ok  iter 12 corr  2598 rms 0.0272   41.46 ms | p=(  634.89  -420.00 -29.23) v=8.65 m/s [KF]
[lio] t=1317401393.267 | feat 3445/8160 | map   6583 | icp ok  iter  6 corr  2604 rms 0.0210   19.38 ms | p=(  634.18  -419.79 -29.16) v=7.65 m/s
[lio] t=1317401393.371 | feat 3377/8160 | map   6583 | icp ok  iter  6 corr  2544 rms 0.0233   17.83 ms | p=(  633.43  -419.55 -29.09) v=7.52 m/s [KF]
[lio] t=1317401393.474 | feat 3210/8160 | map   6523 | icp ok  iter  6 corr  2340 rms 0.0242   19.54 ms | p=(  632.52  -419.21 -29.00) v=8.57 m/s
[lio] t=1317401393.578 | feat 3216/8160 | map   6523 | icp ok  iter  5 corr  2286 rms 0.0437   16.93 ms | p=(  631.77  -418.94 -28.94) v=7.98 m/s [KF]
[lio] t=1317401393.682 | feat 3509/8160 | map   6457 | icp ok  iter  5 corr  2568 rms 0.0349   17.88 ms | p=(  631.05  -418.68 -28.86) v=7.52 m/s
[lio] t=1317401393.786 | feat 3698/8160 | map   6457 | icp ok  iter  4 corr  2739 rms 0.0263   14.08 ms | p=(  630.19  -418.35 -28.78) v=8.28 m/s [KF]
[lio] t=1317401393.889 | feat 3741/8160 | map   6471 | icp ok  iter  4 corr  2761 rms 0.0351   15.67 ms | p=(  629.40  -418.06 -28.70) v=8.09 m/s
[lio] t=1317401393.993 | feat 3809/8160 | map   6471 | icp ok  iter  6 corr  2801 rms 0.0396   21.79 ms | p=(  628.63  -417.75 -28.62) v=8.00 m/s [KF]
[lio] t=1317401394.097 | feat 3742/8160 | map   6445 | icp ok  iter  4 corr  2758 rms 0.0240   14.31 ms | p=(  627.85  -417.44 -28.51) v=8.02 m/s
[lio] t=1317401394.201 | feat 3776/8160 | map   6445 | icp ok  iter  4 corr  2764 rms 0.0270   16.13 ms | p=(  627.10  -417.13 -28.42) v=7.85 m/s [KF]
[lio] t=1317401394.305 | feat 3747/8160 | map   6403 | icp ok  iter  4 corr  2670 rms 0.0285   13.34 ms | p=(  626.36  -416.79 -28.34) v=7.84 m/s
[lio] t=1317401394.408 | feat 3668/8160 | map   6403 | icp ok  iter  6 corr  2622 rms 0.0248   20.70 ms | p=(  625.58  -416.47 -28.25) v=7.95 m/s [KF]
[lio] t=1317401394.512 | feat 3527/8160 | map   6387 | icp ok  iter 12 corr  2462 rms 0.0363   39.99 ms | p=(  624.80  -416.12 -28.15) v=8.08 m/s
[lio] t=1317401394.616 | feat 3573/8160 | map   6387 | icp ok  iter  4 corr  2437 rms 0.0453   13.10 ms | p=(  624.05  -415.81 -28.07) v=7.90 m/s [KF]
[lio] t=1317401394.720 | feat 3411/8160 | map   6346 | icp ok  iter  4 corr  2428 rms 0.0384   13.71 ms | p=(  623.26  -415.49 -27.99) v=8.05 m/s
[lio] t=1317401394.823 | feat 3662/8160 | map   6346 | icp ok  iter  5 corr  2677 rms 0.0612   20.80 ms | p=(  622.64  -415.03 -27.91) v=7.64 m/s [KF]
[lio] t=1317401394.927 | feat 3440/8160 | map   6256 | icp ok  iter  4 corr  2572 rms 0.0389   14.48 ms | p=(  621.77  -414.79 -27.83) v=8.17 m/s
[lio] t=1317401395.031 | feat 3507/8160 | map   6256 | icp ok  iter  6 corr  2587 rms 0.0300   20.96 ms | p=(  621.03  -414.41 -27.73) v=8.04 m/s [KF]
[lio] t=1317401395.135 | feat 3312/8160 | map   6201 | icp ok  iter  5 corr  2532 rms 0.0259   17.43 ms | p=(  620.20  -414.12 -27.65) v=8.26 m/s
[lio] t=1317401395.238 | feat 3264/8160 | map   6201 | icp ok  iter  4 corr  2528 rms 0.0255   11.69 ms | p=(  619.43  -413.80 -27.57) v=8.05 m/s [KF]
[lio] t=1317401395.342 | feat 3234/8160 | map   6088 | icp ok  iter  5 corr  2568 rms 0.0269   18.49 ms | p=(  618.61  -413.50 -27.48) v=8.24 m/s
[lio] t=1317401395.446 | feat 3093/8160 | map   6088 | icp ok  iter  5 corr  2342 rms 0.0328   16.78 ms | p=(  617.90  -413.19 -27.41) v=7.67 m/s [KF]
[lio] t=1317401395.550 | feat 2913/8160 | map   5973 | icp ok  iter 12 corr  2314 rms 0.0318   35.04 ms | p=(  617.06  -412.91 -27.34) v=8.13 m/s
[lio] t=1317401395.654 | feat 2929/8160 | map   5973 | icp ok  iter  4 corr  2313 rms 0.0219   10.73 ms | p=(  616.25  -412.63 -27.27) v=8.15 m/s [KF]
[lio] t=1317401395.757 | feat 3009/8160 | map   5842 | icp ok  iter  5 corr  2517 rms 0.0335   16.93 ms | p=(  615.49  -412.33 -27.20) v=7.95 m/s
[lio] t=1317401395.861 | feat 3002/8160 | map   5842 | icp ok  iter  4 corr  2545 rms 0.0232   11.97 ms | p=(  614.65  -412.06 -27.11) v=8.22 m/s [KF]
[lio] t=1317401395.965 | feat 2921/8160 | map   5779 | icp ok  iter  5 corr  2520 rms 0.0513   16.14 ms | p=(  613.93  -411.78 -27.04) v=7.67 m/s
[lio] t=1317401396.069 | feat 2829/8160 | map   5779 | icp ok  iter  4 corr  2414 rms 0.0404   12.09 ms | p=(  613.19  -411.52 -26.96) v=7.55 m/s [KF]
[lio] t=1317401396.173 | feat 2630/8160 | map   5682 | icp ok  iter 12 corr  2274 rms 0.0350   38.30 ms | p=(  612.41  -411.26 -26.89) v=7.70 m/s
[lio] t=1317401396.277 | feat 2861/8160 | map   5682 | icp ok  iter  5 corr  2494 rms 0.0850   16.36 ms | p=(  611.59  -411.01 -26.83) v=7.94 m/s [KF]
[lio] t=1317401396.381 | feat 2967/8160 | map   5573 | icp ok  iter  5 corr  2595 rms 0.1314   15.28 ms | p=(  610.80  -410.75 -26.76) v=7.89 m/s
[lio] t=1317401396.485 | feat 3197/8160 | map   5573 | icp ok  iter  4 corr  2768 rms 0.1085   13.07 ms | p=(  610.02  -410.51 -26.69) v=7.85 m/s [KF]
[lio] t=1317401396.589 | feat 2861/8160 | map   5524 | icp ok  iter  4 corr  2464 rms 0.0347   11.16 ms | p=(  609.25  -410.26 -26.61) v=7.74 m/s
[lio] t=1317401396.693 | feat 2663/8160 | map   5524 | icp ok  iter  3 corr  2227 rms 0.0486    9.18 ms | p=(  608.43  -410.03 -26.54) v=7.92 m/s [KF]
[lio] t=1317401396.797 | feat 2727/8160 | map   5486 | icp ok  iter  4 corr  2269 rms 0.0299    9.95 ms | p=(  607.65  -409.78 -26.47) v=7.88 m/s
[lio] t=1317401396.901 | feat 2556/8160 | map   5486 | icp ok  iter  4 corr  2131 rms 0.0362   11.08 ms | p=(  606.89  -409.52 -26.40) v=7.70 m/s [KF]
[lio] t=1317401397.005 | feat 2650/8160 | map   5461 | icp ok  iter  6 corr  2154 rms 0.0338   14.62 ms | p=(  606.12  -409.28 -26.33) v=7.71 m/s
[lio] t=1317401397.108 | feat 2638/8160 | map   5461 | icp ok  iter  4 corr  2080 rms 0.0282   10.42 ms | p=(  605.38  -409.06 -26.25) v=7.50 m/s [KF]
[lio] t=1317401397.212 | feat 2825/8160 | map   5403 | icp ok  iter  5 corr  2347 rms 0.0293   13.67 ms | p=(  604.55  -408.80 -26.17) v=7.98 m/s
[lio] t=1317401397.316 | feat 2837/8160 | map   5403 | icp ok  iter  4 corr  2315 rms 0.0251   11.05 ms | p=(  603.80  -408.53 -26.09) v=7.75 m/s [KF]
[lio] t=1317401397.420 | feat 2638/8160 | map   5312 | icp ok  iter  4 corr  2132 rms 0.0472   11.10 ms | p=(  602.97  -408.29 -26.01) v=8.06 m/s
[lio] t=1317401397.524 | feat 2687/8160 | map   5312 | icp ok  iter  5 corr  2149 rms 0.0324   13.58 ms | p=(  602.23  -408.03 -25.93) v=7.70 m/s [KF]
[lio] t=1317401397.628 | feat 2678/8160 | map   5225 | icp ok  iter  4 corr  2031 rms 0.0366    9.34 ms | p=(  601.41  -407.81 -25.85) v=7.99 m/s
[lio] t=1317401397.732 | feat 2525/8160 | map   5225 | icp ok  iter  5 corr  1892 rms 0.0290   12.14 ms | p=(  600.64  -407.57 -25.77) v=7.82 m/s [KF]
[lio] t=1317401397.836 | feat 2587/8154 | map   5093 | icp ok  iter  5 corr  2085 rms 0.0455   13.40 ms | p=(  599.82  -407.34 -25.69) v=8.03 m/s
[lio] t=1317401397.940 | feat 2379/8158 | map   5093 | icp ok  iter  5 corr  1948 rms 0.0330   11.99 ms | p=(  599.01  -407.11 -25.61) v=8.00 m/s [KF]
[lio] t=1317401398.043 | feat 2370/8150 | map   4935 | icp ok  iter  3 corr  1964 rms 0.0329    7.88 ms | p=(  598.20  -406.89 -25.52) v=8.02 m/s
[lio] t=1317401398.147 | feat 2381/8153 | map   4935 | icp ok  iter  7 corr  2001 rms 0.0421   18.77 ms | p=(  597.40  -406.66 -25.44) v=7.98 m/s [KF]
[lio] t=1317401398.251 | feat 2397/8150 | map   4786 | icp ok  iter  5 corr  2007 rms 0.0313   11.55 ms | p=(  596.59  -406.44 -25.36) v=8.04 m/s
[lio] t=1317401398.355 | feat 2346/8151 | map   4786 | icp ok  iter  4 corr  1960 rms 0.0364    9.28 ms | p=(  595.76  -406.22 -25.27) v=8.12 m/s [KF]
[lio] t=1317401398.459 | feat 2216/8147 | map   4649 | icp ok  iter  4 corr  1903 rms 0.0288    9.30 ms | p=(  594.96  -406.01 -25.20) v=8.03 m/s
[lio] t=1317401398.563 | feat 2273/8128 | map   4649 | icp ok  iter  5 corr  1926 rms 0.0312   13.19 ms | p=(  594.19  -405.75 -25.13) v=7.85 m/s [KF]
[lio] t=1317401398.667 | feat 2393/8127 | map   4492 | icp ok  iter  5 corr  1995 rms 0.0382   12.45 ms | p=(  593.43  -405.56 -25.06) v=7.65 m/s
[lio] t=1317401398.771 | feat 2229/8147 | map   4492 | icp ok  iter  5 corr  1999 rms 0.0376   11.89 ms | p=(  592.53  -405.33 -24.97) v=8.40 m/s [KF]
[lio] t=1317401398.875 | feat 2305/8160 | map   4316 | icp ok  iter  5 corr  1993 rms 0.0386   12.64 ms | p=(  591.75  -405.11 -24.89) v=7.99 m/s
[lio] t=1317401398.979 | feat 2209/8160 | map   4316 | icp ok  iter  5 corr  1906 rms 0.0284   10.30 ms | p=(  590.89  -404.89 -24.81) v=8.30 m/s [KF]
[lio] t=1317401399.083 | feat 2211/8119 | map   4096 | icp ok  iter  4 corr  1918 rms 0.0234    7.43 ms | p=(  590.10  -404.67 -24.74) v=7.98 m/s
[lio] t=1317401399.187 | feat 2223/8081 | map   4096 | icp ok  iter  3 corr  1770 rms 0.0471    6.45 ms | p=(  589.30  -404.46 -24.68) v=7.95 m/s [KF]
[lio] t=1317401399.291 | feat 2359/8090 | map   3928 | icp ok  iter  4 corr  1969 rms 0.0395    8.90 ms | p=(  588.48  -404.23 -24.60) v=8.00 m/s
[lio] t=1317401399.395 | feat 2363/8043 | map   3928 | icp ok  iter  5 corr  1835 rms 0.0376   11.41 ms | p=(  587.65  -404.00 -24.53) v=8.11 m/s [KF]
[lio] t=1317401399.499 | feat 2472/8076 | map   3792 | icp ok  iter  4 corr  2128 rms 0.0527   11.07 ms | p=(  586.83  -403.78 -24.46) v=8.11 m/s
[lio] t=1317401399.603 | feat 2439/8092 | map   3792 | icp ok  iter  4 corr  2034 rms 0.0442    9.76 ms | p=(  586.03  -403.57 -24.39) v=7.94 m/s [KF]
[lio] t=1317401399.707 | feat 2442/8108 | map   3656 | icp ok  iter  2 corr  2165 rms 0.0305    5.19 ms | p=(  585.23  -403.34 -24.30) v=7.95 m/s
[lio] t=1317401399.811 | feat 2360/8143 | map   3656 | icp ok  iter  5 corr  2070 rms 0.0261   11.43 ms | p=(  584.43  -403.11 -24.23) v=7.90 m/s [KF]
[lio] t=1317401399.915 | feat 2437/8152 | map   3498 | icp ok  iter  4 corr  2129 rms 0.0236   10.05 ms | p=(  583.63  -402.87 -24.16) v=7.95 m/s
[lio] t=1317401400.019 | feat 2431/8156 | map   3498 | icp ok  iter  4 corr  2154 rms 0.0323    9.93 ms | p=(  582.82  -402.63 -24.09) v=7.94 m/s [KF]
[lio] t=1317401400.123 | feat 2329/8148 | map   3347 | icp ok  iter  4 corr  2038 rms 0.0291   11.05 ms | p=(  582.03  -402.39 -24.01) v=7.89 m/s
[lio] t=1317401400.227 | feat 2251/8160 | map   3347 | icp ok  iter  4 corr  1950 rms 0.0300    8.84 ms | p=(  581.26  -402.15 -23.93) v=7.77 m/s [KF]
[lio] t=1317401400.331 | feat 2204/8160 | map   3202 | icp ok  iter  4 corr  1927 rms 0.0339    8.60 ms | p=(  580.46  -401.83 -23.85) v=7.99 m/s
[lio] t=1317401400.435 | feat 1874/8160 | map   3202 | icp ok  iter  5 corr  1689 rms 0.0615   10.55 ms | p=(  579.67  -401.65 -23.78) v=7.82 m/s [KF]
[lio] t=1317401400.539 | feat 2007/8160 | map   3065 | icp ok  iter  5 corr  1828 rms 0.0494   11.57 ms | p=(  578.91  -401.38 -23.71) v=7.72 m/s
[lio] t=1317401400.643 | feat 2005/8160 | map   3065 | icp ok  iter  4 corr  1735 rms 0.0407    9.39 ms | p=(  578.16  -401.17 -23.64) v=7.52 m/s [KF]
[lio] t=1317401400.747 | feat 2011/8160 | map   2957 | icp ok  iter  5 corr  1732 rms 0.0303   10.18 ms | p=(  577.38  -400.85 -23.56) v=7.80 m/s
[lio] t=1317401400.851 | feat 1866/8160 | map   2957 | icp ok  iter  4 corr  1520 rms 0.0267    6.94 ms | p=(  576.62  -400.64 -23.49) v=7.58 m/s [KF]
[lio] t=1317401400.954 | feat 1994/8160 | map   2853 | icp ok  iter  4 corr  1679 rms 0.0535    8.44 ms | p=(  575.86  -400.36 -23.42) v=7.63 m/s
[lio] t=1317401401.058 | feat 1955/8160 | map   2853 | icp ok  iter 12 corr  1613 rms 0.0723   27.12 ms | p=(  575.14  -400.08 -23.34) v=7.46 m/s [KF]
[lio] t=1317401401.162 | feat 1821/8160 | map   2788 | icp ok  iter  4 corr  1482 rms 0.0231    7.00 ms | p=(  574.36  -399.84 -23.28) v=7.63 m/s
[lio] t=1317401401.266 | feat 1865/8160 | map   2788 | icp ok  iter  4 corr  1577 rms 0.0404    8.48 ms | p=(  573.66  -399.57 -23.21) v=7.32 m/s [KF]
[lio] t=1317401401.370 | feat 1992/8160 | map   2739 | icp ok  iter  6 corr  1673 rms 0.0577   14.59 ms | p=(  573.30  -399.46 -23.17) v=5.00 m/s
[lio] t=1317401401.474 | feat 1880/8160 | map   2739 | icp ok  iter  9 corr  1444 rms 0.0327   14.99 ms | p=(  572.58  -399.21 -23.11) v=6.40 m/s [KF]
[lio] t=1317401401.578 | feat 1898/8160 | map   2689 | icp ok  iter  6 corr  1594 rms 0.0255   12.97 ms | p=(  571.41  -398.86 -23.01) v=9.63 m/s [KF]
[lio] t=1317401401.682 | feat 2024/8160 | map   2608 | icp ok  iter  7 corr  1750 rms 0.0468   15.59 ms | p=(  570.75  -398.58 -22.94) v=7.88 m/s
[lio] t=1317401401.786 | feat 1985/8160 | map   2608 | icp ok  iter  5 corr  1642 rms 0.0783   10.73 ms | p=(  570.09  -398.37 -22.88) v=7.12 m/s [KF]
[lio] t=1317401401.890 | feat 1944/8160 | map   2584 | icp ok  iter  5 corr  1656 rms 0.0243   10.24 ms | p=(  569.26  -398.12 -22.80) v=7.82 m/s
[lio] t=1317401401.994 | feat 2026/8160 | map   2584 | icp ok  iter  7 corr  1643 rms 0.0341   14.91 ms | p=(  568.52  -397.85 -22.73) v=7.66 m/s [KF]
[lio] t=1317401402.098 | feat 1975/8160 | map   2533 | icp ok  iter  5 corr  1682 rms 0.0234   12.13 ms | p=(  567.68  -397.59 -22.66) v=8.11 m/s
[lio] t=1317401402.202 | feat 1765/8160 | map   2533 | icp ok  iter  7 corr  1434 rms 0.0225   12.24 ms | p=(  567.10  -397.38 -22.61) v=6.79 m/s [KF]
[lio] t=1317401402.306 | feat 1675/8160 | map   2488 | icp ok  iter  4 corr  1314 rms 0.0378    6.90 ms | p=(  566.42  -397.15 -22.54) v=6.86 m/s
[lio] t=1317401402.410 | feat 1725/8160 | map   2488 | icp ok  iter  5 corr  1345 rms 0.0288    7.70 ms | p=(  565.89  -396.95 -22.49) v=5.99 m/s [KF]
[lio] t=1317401402.514 | feat 1900/8160 | map   2432 | icp ok  iter 12 corr  1410 rms 0.0503   26.45 ms | p=(  565.84  -396.82 -22.47) v=2.98 m/s
[lio] t=1317401402.618 | feat 2009/8160 | map   2432 | icp REJ iter  8 corr  1495 rms 0.0398   16.18 ms | p=(  565.57  -396.66 -22.44) v=2.97 m/s
[lio] t=1317401402.722 | feat 1931/8160 | map   2432 | icp REJ iter  7 corr  1454 rms 0.0675   14.73 ms | p=(  565.31  -396.50 -22.41) v=2.96 m/s
[lio] t=1317401402.826 | feat 1965/8160 | map   2432 | icp ok  iter  8 corr  1351 rms 0.0429   16.65 ms | p=(  564.09  -396.25 -22.32) v=8.43 m/s [KF]
[lio] t=1317401402.930 | feat 1979/8160 | map   2423 | icp ok  iter  4 corr  1568 rms 0.0294    7.12 ms | p=(  563.33  -395.93 -22.24) v=8.12 m/s
[lio] t=1317401403.034 | feat 1960/8160 | map   2423 | icp ok  iter  7 corr  1521 rms 0.0588   15.33 ms | p=(  562.46  -395.65 -22.17) v=8.52 m/s [KF]
[lio] t=1317401403.138 | feat 2080/8160 | map   2410 | icp ok  iter  5 corr  1589 rms 0.0264    9.57 ms | p=(  561.57  -395.35 -22.08) v=8.87 m/s
[lio] t=1317401403.242 | feat 1857/8160 | map   2410 | icp ok  iter  4 corr  1386 rms 0.0233    7.14 ms | p=(  560.73  -395.06 -22.00) v=8.67 m/s [KF]
[lio] t=1317401403.346 | feat 1993/8160 | map   2401 | icp ok  iter  5 corr  1538 rms 0.0308   10.57 ms | p=(  560.02  -394.73 -21.94) v=7.97 m/s
[lio] t=1317401403.449 | feat 2244/8160 | map   2401 | icp ok  iter  5 corr  1781 rms 0.0334   12.50 ms | p=(  559.07  -394.45 -21.85) v=8.89 m/s [KF]
[lio] t=1317401403.553 | feat 2155/8160 | map   2385 | icp ok  iter  2 corr  1751 rms 0.0377    5.54 ms | p=(  558.25  -394.13 -21.76) v=8.63 m/s
[lio] t=1317401403.657 | feat 2133/8160 | map   2385 | icp ok  iter  5 corr  1669 rms 0.0252    8.87 ms | p=(  557.40  -393.80 -21.69) v=8.68 m/s [KF]
[lio] t=1317401403.761 | feat 2263/8160 | map   2341 | icp ok  iter  4 corr  1864 rms 0.0668    7.97 ms | p=(  556.52  -393.45 -21.61) v=8.93 m/s
[lio] t=1317401403.865 | feat 2441/8160 | map   2341 | icp ok  iter  7 corr  1903 rms 0.1745   18.45 ms | p=(  555.66  -393.18 -21.55) v=8.76 m/s [KF]
[lio] t=1317401403.969 | feat 2598/8160 | map   2354 | icp ok  iter  5 corr  2175 rms 0.0238   13.84 ms | p=(  554.88  -392.85 -21.46) v=8.38 m/s
[lio] t=1317401404.073 | feat 2558/8160 | map   2354 | icp ok  iter  4 corr  2097 rms 0.0297   11.91 ms | p=(  553.95  -392.56 -21.38) v=8.97 m/s [KF]
[lio] t=1317401404.177 | feat 2846/8160 | map   2374 | icp ok  iter  5 corr  2424 rms 0.0284   13.51 ms | p=(  553.02  -392.26 -21.30) v=9.23 m/s
[lio] t=1317401404.281 | feat 2938/8160 | map   2374 | icp ok  iter 12 corr  2490 rms 0.0525   42.81 ms | p=(  552.18  -391.94 -21.22) v=8.87 m/s [KF]
[lio] t=1317401404.384 | feat 2697/8160 | map   2369 | icp ok  iter  4 corr  2237 rms 0.0290    9.81 ms | p=(  551.26  -391.65 -21.14) v=9.10 m/s
[lio] t=1317401404.488 | feat 2739/8160 | map   2369 | icp ok  iter  5 corr  2308 rms 0.0282   11.64 ms | p=(  550.40  -391.34 -21.07) v=8.91 m/s [KF]
[lio] t=1317401404.592 | feat 2470/8160 | map   2372 | icp ok  iter  4 corr  2118 rms 0.0363    9.94 ms | p=(  549.48  -391.04 -21.00) v=9.12 m/s
[lio] t=1317401404.696 | feat 2211/8160 | map   2372 | icp ok  iter  9 corr  1816 rms 0.0409   24.28 ms | p=(  548.96  -390.88 -20.95) v=6.72 m/s [KF]
[lio] t=1317401404.800 | feat 2242/8160 | map   2392 | icp ok  iter  7 corr  1818 rms 0.0298   17.25 ms | p=(  547.98  -390.54 -20.87) v=8.74 m/s [KF]
[lio] t=1317401404.904 | feat 2130/8160 | map   2397 | icp ok  iter  4 corr  1695 rms 0.0351    9.23 ms | p=(  547.04  -390.25 -20.79) v=9.16 m/s
[lio] t=1317401405.008 | feat 2396/8160 | map   2397 | icp ok  iter  5 corr  1899 rms 0.0522   11.75 ms | p=(  545.91  -389.87 -20.70) v=10.53 m/s [KF]
[lio] t=1317401405.111 | feat 2379/8142 | map   2408 | icp ok  iter  5 corr  1917 rms 0.0846    9.91 ms | p=(  545.02  -389.58 -20.62) v=9.59 m/s
[lio] t=1317401405.215 | feat 2317/8150 | map   2408 | icp ok  iter  5 corr  1813 rms 0.0782   11.50 ms | p=(  544.11  -389.27 -20.55) v=9.35 m/s [KF]
[lio] t=1317401405.319 | feat 2150/8123 | map   2395 | icp ok  iter  4 corr  1601 rms 0.0205    7.65 ms | p=(  543.18  -388.96 -20.48) v=9.40 m/s
[lio] t=1317401405.423 | feat 2076/8117 | map   2395 | icp ok  iter  3 corr  1615 rms 0.0199    5.85 ms | p=(  542.22  -388.65 -20.39) v=9.63 m/s [KF]
[lio] t=1317401405.527 | feat 2124/8133 | map   2387 | icp ok  iter  4 corr  1658 rms 0.0342    7.60 ms | p=(  541.26  -388.32 -20.30) v=9.70 m/s [KF]
[lio] t=1317401405.631 | feat 2123/8124 | map   2390 | icp ok  iter  4 corr  1645 rms 0.0223    7.52 ms | p=(  540.31  -387.99 -20.22) v=9.65 m/s [KF]
[lio] t=1317401405.735 | feat 2122/8118 | map   2378 | icp ok  iter  2 corr  1612 rms 0.0222    4.37 ms | p=(  539.38  -387.67 -20.14) v=9.57 m/s
[lio] t=1317401405.839 | feat 2255/8103 | map   2378 | icp ok  iter  4 corr  1722 rms 0.0256    8.04 ms | p=(  538.41  -387.31 -20.05) v=9.80 m/s [KF]
[lio] t=1317401405.943 | feat 2005/8099 | map   2439 | icp ok  iter 12 corr  1575 rms 0.0182   23.62 ms | p=(  537.43  -386.95 -19.97) v=9.96 m/s [KF]
[lio] t=1317401406.047 | feat 2100/8108 | map   2466 | icp ok  iter  5 corr  1651 rms 0.0303   11.43 ms | p=(  536.57  -386.61 -19.89) v=9.32 m/s
[lio] t=1317401406.151 | feat 1996/8100 | map   2466 | icp ok  iter  7 corr  1544 rms 0.0417   13.68 ms | p=(  535.39  -386.17 -19.79) v=11.04 m/s [KF]
[lio] t=1317401406.254 | feat 2035/8079 | map   2499 | icp ok  iter  5 corr  1560 rms 0.0250   10.66 ms | p=(  534.50  -385.87 -19.72) v=9.81 m/s
[lio] t=1317401406.358 | feat 1924/8118 | map   2499 | icp ok  iter  5 corr  1481 rms 0.0297    9.90 ms | p=(  533.36  -385.42 -19.63) v=11.00 m/s [KF]
[lio] t=1317401406.462 | feat 1869/8131 | map   2541 | icp ok  iter  5 corr  1489 rms 0.0314   10.55 ms | p=(  532.73  -385.15 -19.57) v=8.33 m/s
[lio] t=1317401406.566 | feat 1907/8150 | map   2541 | icp ok  iter 12 corr  1507 rms 0.0415   27.80 ms | p=(  531.40  -384.65 -19.46) v=11.60 m/s [KF]
[lio] t=1317401406.670 | feat 1884/8145 | map   2537 | icp ok  iter  6 corr  1437 rms 0.0191   10.23 ms | p=(  530.64  -384.39 -19.41) v=9.26 m/s
[lio] t=1317401406.774 | feat 2019/8130 | map   2537 | icp ok  iter  6 corr  1543 rms 0.0174   11.16 ms | p=(  529.44  -383.91 -19.31) v=11.19 m/s [KF]
[lio] t=1317401406.878 | feat 2026/8160 | map   2527 | icp ok  iter  4 corr  1528 rms 0.0249    7.04 ms | p=(  528.51  -383.54 -19.23) v=10.21 m/s
[lio] t=1317401406.981 | feat 2117/8120 | map   2527 | icp ok  iter  4 corr  1527 rms 0.0403    8.35 ms | p=(  527.56  -383.24 -19.16) v=9.89 m/s [KF]
[lio] t=1317401407.085 | feat 2026/8120 | map   2539 | icp ok  iter  3 corr  1632 rms 0.0233    5.61 ms | p=(  526.64  -382.86 -19.07) v=9.66 m/s
[lio] t=1317401407.189 | feat 2136/8120 | map   2539 | icp ok  iter  5 corr  1612 rms 0.0299   10.14 ms | p=(  525.58  -382.47 -18.98) v=10.42 m/s [KF]
[lio] t=1317401407.293 | feat 2095/8106 | map   2536 | icp ok  iter  3 corr  1577 rms 0.0230    6.58 ms | p=(  524.57  -382.08 -18.89) v=10.43 m/s [KF]
[lio] t=1317401407.397 | feat 2431/8121 | map   2538 | icp ok  iter  6 corr  1894 rms 0.0277   16.35 ms | p=(  523.72  -381.78 -18.82) v=9.34 m/s
[lio] t=1317401407.501 | feat 2436/8136 | map   2538 | icp ok  iter 12 corr  1934 rms 0.0297   36.10 ms | p=(  522.65  -381.38 -18.72) v=10.33 m/s [KF]
[lio] t=1317401407.604 | feat 2562/8160 | map   2564 | icp ok  iter  5 corr  2057 rms 0.0533   14.00 ms | p=(  521.74  -380.99 -18.64) v=9.86 m/s [KF]
[lio] t=1317401407.708 | feat 2615/8160 | map   2575 | icp ok  iter  4 corr  2220 rms 0.0230   10.78 ms | p=(  520.66  -380.62 -18.54) v=10.49 m/s [KF]
[lio] t=1317401407.812 | feat 2771/8136 | map   2586 | icp ok  iter  5 corr  2263 rms 0.0289   12.46 ms | p=(  519.67  -380.21 -18.46) v=10.35 m/s [KF]
[lio] t=1317401407.916 | feat 2695/8062 | map   2583 | icp ok  iter  5 corr  2256 rms 0.0280   13.80 ms | p=(  518.63  -379.85 -18.37) v=10.47 m/s [KF]
[lio] t=1317401408.020 | feat 2670/8111 | map   2567 | icp ok  iter  4 corr  2241 rms 0.0341   11.11 ms | p=(  517.61  -379.48 -18.28) v=10.42 m/s [KF]
[lio] t=1317401408.123 | feat 2669/8009 | map   2551 | icp ok  iter  3 corr  2245 rms 0.0296    8.46 ms | p=(  516.59  -379.12 -18.19) v=10.40 m/s [KF]
[lio] t=1317401408.227 | feat 2507/8018 | map   2551 | icp ok  iter  4 corr  2165 rms 0.0262    9.93 ms | p=(  515.55  -378.73 -18.11) v=10.56 m/s [KF]
[lio] t=1317401408.331 | feat 2274/7943 | map   2552 | icp ok  iter  4 corr  1990 rms 0.0258    9.64 ms | p=(  514.53  -378.37 -18.03) v=10.38 m/s [KF]
[lio] t=1317401408.435 | feat 2269/8000 | map   2514 | icp ok  iter  4 corr  1951 rms 0.0257    8.31 ms | p=(  513.47  -377.99 -17.95) v=10.65 m/s [KF]
[lio] t=1317401408.539 | feat 2061/7959 | map   2505 | icp ok  iter  4 corr  1720 rms 0.0417    9.03 ms | p=(  512.40  -377.59 -17.86) v=10.80 m/s [KF]
[lio] t=1317401408.643 | feat 2166/8002 | map   2479 | icp ok  iter  4 corr  1808 rms 0.0219    9.15 ms | p=(  511.43  -377.26 -17.79) v=10.25 m/s [KF]
[lio] t=1317401408.746 | feat 2164/8029 | map   2475 | icp ok  iter  4 corr  1784 rms 0.0241    8.89 ms | p=(  510.41  -376.89 -17.70) v=10.33 m/s [KF]
[lio] t=1317401408.850 | feat 2147/8054 | map   2451 | icp ok  iter  4 corr  1730 rms 0.0307    8.41 ms | p=(  509.37  -376.54 -17.61) v=10.40 m/s [KF]
[lio] t=1317401408.954 | feat 2171/8058 | map   2422 | icp ok  iter  4 corr  1654 rms 0.0235    8.02 ms | p=(  508.34  -376.18 -17.53) v=10.45 m/s [KF]
[lio] t=1317401409.058 | feat 2108/8080 | map   2411 | icp ok  iter  6 corr  1697 rms 0.0267   12.79 ms | p=(  507.30  -375.84 -17.45) v=10.47 m/s [KF]
[lio] t=1317401409.162 | feat 2171/8120 | map   2405 | icp ok  iter  4 corr  1810 rms 0.0276    8.88 ms | p=(  506.27  -375.48 -17.36) v=10.50 m/s [KF]
[lio] t=1317401409.266 | feat 2070/8154 | map   2318 | icp ok  iter  4 corr  1666 rms 0.0287    9.21 ms | p=(  505.22  -375.12 -17.27) v=10.55 m/s [KF]
[lio] t=1317401409.369 | feat 1931/8148 | map   2256 | icp ok  iter  4 corr  1508 rms 0.0312    8.08 ms | p=(  504.22  -374.76 -17.19) v=10.34 m/s [KF]
[lio] t=1317401409.473 | feat 2007/8160 | map   2200 | icp ok  iter  4 corr  1604 rms 0.0334    8.49 ms | p=(  503.17  -374.42 -17.10) v=10.51 m/s [KF]
[lio] t=1317401409.577 | feat 2437/8139 | map   2163 | icp ok  iter  4 corr  1952 rms 0.0520    9.22 ms | p=(  502.15  -374.11 -17.02) v=10.32 m/s [KF]
[lio] t=1317401409.681 | feat 2384/8160 | map   2159 | icp ok  iter  6 corr  1988 rms 0.0417   15.91 ms | p=(  501.05  -373.62 -16.93) v=11.04 m/s [KF]
[lio] t=1317401409.785 | feat 2441/8160 | map   2156 | icp ok  iter  5 corr  2098 rms 0.0273   14.02 ms | p=(  500.08  -373.37 -16.86) v=10.16 m/s [KF]
[lio] t=1317401409.889 | feat 2754/8160 | map   2177 | icp ok  iter  5 corr  2415 rms 0.0294   15.03 ms | p=(  498.99  -373.00 -16.77) v=10.69 m/s [KF]
[lio] t=1317401409.992 | feat 2732/8160 | map   2212 | icp ok  iter  5 corr  2402 rms 0.0333   15.08 ms | p=(  497.94  -372.64 -16.70) v=10.63 m/s [KF]
[lio] t=1317401410.096 | feat 2616/8160 | map   2221 | icp ok  iter  5 corr  2381 rms 0.0406   16.08 ms | p=(  496.90  -372.31 -16.62) v=10.54 m/s [KF]
[lio] t=1317401410.200 | feat 2485/8160 | map   2238 | icp ok  iter  4 corr  2242 rms 0.0337   10.94 ms | p=(  495.82  -371.93 -16.53) v=10.80 m/s [KF]
[lio] t=1317401410.304 | feat 2434/8160 | map   2246 | icp ok  iter  4 corr  2163 rms 0.0325   10.34 ms | p=(  494.79  -371.60 -16.45) v=10.51 m/s [KF]
[lio] t=1317401410.408 | feat 2401/8160 | map   2245 | icp ok  iter  4 corr  2145 rms 0.0321   11.66 ms | p=(  493.72  -371.24 -16.37) v=10.69 m/s [KF]
[lio] t=1317401410.511 | feat 2558/8160 | map   2264 | icp ok  iter  5 corr  2242 rms 0.0247   13.10 ms | p=(  492.72  -370.91 -16.30) v=10.30 m/s [KF]
[lio] t=1317401410.615 | feat 2365/8160 | map   2270 | icp ok  iter  4 corr  2102 rms 0.0315    8.66 ms | p=(  491.66  -370.56 -16.22) v=10.47 m/s [KF]
[lio] t=1317401410.719 | feat 2193/8160 | map   2273 | icp ok  iter  4 corr  1976 rms 0.0238    9.09 ms | p=(  490.69  -370.26 -16.14) v=9.90 m/s [KF]
[lio] t=1317401410.823 | feat 2127/8160 | map   2255 | icp ok  iter  7 corr  1873 rms 0.0266   15.00 ms | p=(  489.65  -369.90 -16.05) v=10.22 m/s [KF]
[lio] t=1317401410.927 | feat 1936/8160 | map   2228 | icp ok  iter  4 corr  1708 rms 0.0234    7.99 ms | p=(  488.63  -369.55 -15.97) v=10.12 m/s [KF]
[lio] t=1317401411.030 | feat 1885/8160 | map   2200 | icp ok  iter  4 corr  1693 rms 0.0260    8.46 ms | p=(  487.70  -369.25 -15.90) v=9.54 m/s
[lio] t=1317401411.134 | feat 1735/8160 | map   2200 | icp ok  iter  4 corr  1514 rms 0.0229    7.68 ms | p=(  486.75  -368.95 -15.82) v=9.40 m/s [KF]
[lio] t=1317401411.238 | feat 1667/8160 | map   2177 | icp ok  iter  5 corr  1499 rms 0.0293    9.59 ms | p=(  485.82  -368.67 -15.74) v=9.18 m/s
[lio] t=1317401411.342 | feat 1758/8160 | map   2177 | icp ok  iter  3 corr  1479 rms 0.0303    6.04 ms | p=(  484.94  -368.37 -15.67) v=8.83 m/s [KF]
[lio] t=1317401411.445 | feat 1720/8160 | map   2191 | icp ok  iter  5 corr  1433 rms 0.0303    8.13 ms | p=(  484.06  -368.07 -15.60) v=8.77 m/s
[lio] t=1317401411.549 | feat 1650/8160 | map   2191 | icp ok  iter  4 corr  1369 rms 0.0396    6.73 ms | p=(  483.24  -367.80 -15.53) v=8.28 m/s [KF]
[lio] t=1317401411.653 | feat 1597/8160 | map   2200 | icp ok  iter  7 corr  1424 rms 0.0431   13.92 ms | p=(  482.27  -367.48 -15.46) v=9.10 m/s [KF]
[lio] t=1317401411.757 | feat 1638/8160 | map   2201 | icp ok  iter  8 corr  1427 rms 0.0265   13.24 ms | p=(  481.62  -367.27 -15.41) v=7.46 m/s
[lio] t=1317401411.861 | feat 1809/8160 | map   2201 | icp ok  iter  6 corr  1551 rms 0.0384   11.91 ms | p=(  480.74  -366.98 -15.35) v=8.31 m/s [KF]
[lio] t=1317401411.965 | feat 1790/8160 | map   2222 | icp ok  iter  6 corr  1631 rms 0.0502   13.89 ms | p=(  479.90  -366.67 -15.30) v=8.44 m/s
[lio] t=1317401412.069 | feat 1799/8160 | map   2222 | icp ok  iter  6 corr  1584 rms 0.0562   12.83 ms | p=(  479.12  -366.48 -15.25) v=7.89 m/s [KF]
[lio] t=1317401412.173 | feat 1966/8160 | map   2252 | icp ok  iter 12 corr  1769 rms 0.2104   32.86 ms | p=(  477.70  -366.23 -15.18) v=11.51 m/s [KF]
[lio] t=1317401412.276 | feat 1914/8160 | map   2261 | icp ok  iter  7 corr  1761 rms 0.0632   17.32 ms | p=(  477.03  -365.62 -15.11) v=9.40 m/s
[lio] t=1317401412.380 | feat 2014/8160 | map   2261 | icp ok  iter  7 corr  1761 rms 0.0618   18.58 ms | p=(  475.91  -365.36 -15.03) v=10.29 m/s [KF]
[lio] t=1317401412.484 | feat 2133/8160 | map   2265 | icp ok  iter  9 corr  1881 rms 0.0374   26.01 ms | p=(  475.60  -365.18 -15.01) v=6.02 m/s
[lio] t=1317401412.588 | feat 2123/8160 | map   2265 | icp ok  iter 12 corr  1841 rms 0.0543   33.45 ms | p=(  474.48  -364.90 -14.94) v=9.08 m/s [KF]
[lio] t=1317401412.692 | feat 2183/8160 | map   2248 | icp ok  iter  6 corr  1976 rms 0.0496   16.98 ms | p=(  473.60  -364.43 -14.86) v=9.25 m/s
[lio] t=1317401412.796 | feat 2067/8160 | map   2248 | icp ok  iter 10 corr  1750 rms 0.0981   25.81 ms | p=(  472.94  -364.50 -14.83) v=7.24 m/s [KF]
[lio] t=1317401412.900 | feat 2068/8146 | map   2268 | icp ok  iter  6 corr  1822 rms 0.0455   13.95 ms | p=(  472.30  -364.08 -14.78) v=7.13 m/s
[lio] t=1317401413.003 | feat 1902/8152 | map   2268 | icp ok  iter  7 corr  1671 rms 0.0467   16.67 ms | p=(  471.48  -363.75 -14.72) v=7.95 m/s [KF]
[lio] t=1317401413.107 | feat 2004/8155 | map   2278 | icp ok  iter  6 corr  1806 rms 0.0290   13.58 ms | p=(  470.69  -363.50 -14.66) v=7.96 m/s
[lio] t=1317401413.211 | feat 2079/8160 | map   2278 | icp ok  iter  5 corr  1666 rms 0.0450   12.29 ms | p=(  469.86  -363.15 -14.60) v=8.36 m/s [KF]
[lio] t=1317401413.315 | feat 1830/8157 | map   2284 | icp ok  iter  6 corr  1673 rms 0.0530   13.36 ms | p=(  469.07  -362.90 -14.54) v=8.14 m/s
[lio] t=1317401413.419 | feat 1835/8135 | map   2284 | icp ok  iter 12 corr  1681 rms 0.1040   30.79 ms | p=(  468.22  -362.67 -14.45) v=8.32 m/s [KF]
[lio] t=1317401413.523 | feat 1594/8138 | map   2302 | icp ok  iter  5 corr  1366 rms 0.0460    8.33 ms | p=(  467.35  -362.36 -14.39) v=8.64 m/s
[lio] t=1317401413.627 | feat 1927/8119 | map   2302 | icp ok  iter  6 corr  1687 rms 0.1028   15.27 ms | p=(  466.40  -362.15 -14.30) v=9.12 m/s [KF]
[lio] t=1317401413.731 | feat 1735/8155 | map   2327 | icp ok  iter  4 corr  1450 rms 0.1128    7.64 ms | p=(  465.67  -361.83 -14.27) v=8.19 m/s
[lio] t=1317401413.835 | feat 2011/8160 | map   2327 | icp ok  iter  4 corr  1750 rms 0.1771    9.10 ms | p=(  464.83  -361.49 -14.23) v=8.49 m/s [KF]
[lio] t=1317401413.939 | feat 2149/8147 | map   2365 | icp ok  iter  6 corr  1793 rms 0.0415   13.87 ms | p=(  463.97  -361.21 -14.14) v=8.61 m/s
[lio] t=1317401414.043 | feat 2360/8160 | map   2365 | icp ok  iter  5 corr  2010 rms 0.1057   12.84 ms | p=(  463.07  -360.92 -14.07) v=8.92 m/s [KF]
[lio] t=1317401414.147 | feat 2387/8160 | map   2403 | icp ok  iter  5 corr  2107 rms 0.0428   14.17 ms | p=(  462.29  -360.61 -14.02) v=8.41 m/s
[lio] t=1317401414.251 | feat 2653/8131 | map   2403 | icp ok  iter  5 corr  2283 rms 0.0394   13.75 ms | p=(  461.41  -360.30 -13.95) v=8.76 m/s [KF]
[lio] t=1317401414.355 | feat 2871/8094 | map   2435 | icp ok  iter  4 corr  2497 rms 0.0364   11.90 ms | p=(  460.53  -359.97 -13.89) v=8.89 m/s
[lio] t=1317401414.459 | feat 2406/8102 | map   2435 | icp ok  iter  5 corr  1967 rms 0.0488   11.88 ms | p=(  459.66  -359.64 -13.82) v=8.95 m/s [KF]
[lio] t=1317401414.562 | feat 2840/8160 | map   2477 | icp ok  iter  4 corr  2431 rms 0.0511   12.77 ms | p=(  458.76  -359.35 -13.76) v=9.07 m/s
[lio] t=1317401414.666 | feat 2516/8160 | map   2477 | icp ok  iter  3 corr  2095 rms 0.0614    9.42 ms | p=(  457.88  -359.01 -13.70) v=9.09 m/s [KF]
[lio] t=1317401414.770 | feat 2445/8126 | map   2536 | icp ok  iter 12 corr  2161 rms 0.0624   32.69 ms | p=(  456.99  -358.71 -13.64) v=9.06 m/s
[lio] t=1317401414.874 | feat 2378/8160 | map   2536 | icp ok  iter  5 corr  1995 rms 0.0614   12.48 ms | p=(  456.06  -358.38 -13.57) v=9.31 m/s [KF]
[lio] t=1317401414.978 | feat 2403/8160 | map   2562 | icp ok  iter  4 corr  2053 rms 0.0400    8.80 ms | p=(  455.18  -358.05 -13.51) v=9.14 m/s
[lio] t=1317401415.082 | feat 2646/8128 | map   2562 | icp ok  iter  4 corr  2246 rms 0.0851   11.20 ms | p=(  454.28  -357.72 -13.45) v=9.23 m/s [KF]
[lio] t=1317401415.186 | feat 2915/8128 | map   2588 | icp ok  iter  4 corr  2487 rms 0.0363   11.09 ms | p=(  453.34  -357.38 -13.37) v=9.49 m/s [KF]
[lio] t=1317401415.290 | feat 3146/8123 | map   2622 | icp ok  iter  5 corr  2843 rms 0.0388   19.51 ms | p=(  452.44  -357.05 -13.31) v=9.33 m/s
[lio] t=1317401415.394 | feat 3127/8106 | map   2622 | icp ok  iter  4 corr  2833 rms 0.0691   14.02 ms | p=(  451.46  -356.70 -13.25) v=9.78 m/s [KF]
[lio] t=1317401415.498 | feat 3035/8097 | map   2631 | icp ok  iter  4 corr  2749 rms 0.0328   12.96 ms | p=(  450.56  -356.36 -13.19) v=9.47 m/s
[lio] t=1317401415.602 | feat 2548/8054 | map   2631 | icp ok  iter 10 corr  2265 rms 0.0350   34.46 ms | p=(  449.95  -356.12 -13.15) v=7.54 m/s [KF]
[lio] t=1317401415.706 | feat 2614/8082 | map   2644 | icp ok  iter  7 corr  2353 rms 0.0321   23.26 ms | p=(  448.79  -355.68 -13.07) v=10.24 m/s [KF]
[lio] t=1317401415.810 | feat 3226/8064 | map   2631 | icp ok  iter  3 corr  2954 rms 0.0284   12.86 ms | p=(  447.79  -355.30 -13.00) v=10.23 m/s [KF]
[lio] t=1317401415.914 | feat 3516/8098 | map   2634 | icp ok  iter  6 corr  3274 rms 0.0267   21.03 ms | p=(  446.84  -354.94 -12.94) v=9.98 m/s [KF]
[lio] t=1317401416.018 | feat 3777/8125 | map   2660 | icp ok  iter 12 corr  3520 rms 0.0323   51.05 ms | p=(  445.86  -354.57 -12.88) v=10.04 m/s [KF]
[lio] t=1317401416.121 | feat 3692/8121 | map   2665 | icp ok  iter  4 corr  3381 rms 0.0313   17.38 ms | p=(  444.93  -354.20 -12.81) v=9.82 m/s [KF]
[lio] t=1317401416.225 | feat 4225/8119 | map   2656 | icp ok  iter  4 corr  3943 rms 0.0321   22.30 ms | p=(  443.99  -353.84 -12.75) v=9.71 m/s [KF]
[lio] t=1317401416.329 | feat 3663/8160 | map   2641 | icp ok  iter  7 corr  3424 rms 0.0290   29.17 ms | p=(  442.97  -353.44 -12.69) v=10.22 m/s [KF]
[lio] t=1317401416.433 | feat 4137/8160 | map   2590 | icp ok  iter  4 corr  3876 rms 0.0324   19.84 ms | p=(  441.96  -353.04 -12.62) v=10.36 m/s [KF]
[lio] t=1317401416.537 | feat 4231/8160 | map   2556 | icp ok  iter 12 corr  4018 rms 0.0324   70.75 ms | p=(  440.89  -352.64 -12.56) v=10.77 m/s [KF]
[lio] t=1317401416.641 | feat 4240/8160 | map   2533 | icp ok  iter 12 corr  3990 rms 0.0305   65.24 ms | p=(  439.36  -352.05 -12.46) v=13.80 m/s [KF]
[lio] t=1317401416.745 | feat 3992/8125 | map   2535 | icp ok  iter 12 corr  3768 rms 0.0356   61.44 ms | p=(  439.07  -351.92 -12.44) v=7.28 m/s
[lio] t=1317401416.849 | feat 3954/8123 | map   2535 | icp ok  iter 10 corr  3697 rms 0.0290   50.25 ms | p=(  438.05  -351.53 -12.38) v=9.29 m/s [KF]
[lio] t=1317401416.953 | feat 4119/8121 | map   2520 | icp ok  iter  6 corr  3849 rms 0.0293   35.24 ms | p=(  436.82  -351.06 -12.30) v=11.34 m/s [KF]
[lio] t=1317401417.057 | feat 4116/8121 | map   2456 | icp ok  iter  5 corr  3817 rms 0.0285   22.05 ms | p=(  435.73  -350.64 -12.23) v=11.30 m/s [KF]
[lio] t=1317401417.161 | feat 3876/8123 | map   2407 | icp ok  iter 12 corr  3600 rms 0.0328   52.93 ms | p=(  434.60  -350.21 -12.16) v=11.50 m/s [KF]
[lio] t=1317401417.265 | feat 3449/8160 | map   2370 | icp ok  iter  4 corr  3229 rms 0.0268   15.97 ms | p=(  433.53  -349.80 -12.09) v=11.20 m/s [KF]
[lio] t=1317401417.368 | feat 3348/8160 | map   2345 | icp ok  iter  5 corr  3129 rms 0.0270   17.40 ms | p=(  432.65  -349.46 -12.03) v=9.92 m/s
[lio] t=1317401417.472 | feat 3027/8160 | map   2345 | icp ok  iter 12 corr  2766 rms 0.0254   44.85 ms | p=(  431.93  -349.19 -11.98) v=8.41 m/s [KF]
[lio] t=1317401417.576 | feat 2689/8160 | map   2306 | icp ok  iter  5 corr  2462 rms 0.0454   17.07 ms | p=(  431.79  -349.11 -11.96) v=4.19 m/s
[lio] t=1317401417.680 | feat 2476/8160 | map   2306 | icp ok  iter 12 corr  2211 rms 0.0470   40.95 ms | p=(  430.09  -348.46 -11.84) v=12.32 m/s [KF]
[lio] t=1317401417.784 | feat 2282/8160 | map   2291 | icp ok  iter  9 corr  2065 rms 0.0315   28.61 ms | p=(  429.52  -348.24 -11.80) v=8.39 m/s
[lio] t=1317401417.888 | feat 2126/8160 | map   2291 | icp ok  iter 10 corr  1811 rms 0.0373   25.61 ms | p=(  429.06  -348.09 -11.76) v=6.15 m/s [KF]
[lio] t=1317401417.992 | feat 2124/8160 | map   2272 | icp ok  iter 12 corr  1832 rms 0.0414   33.05 ms | p=(  429.34  -348.16 -11.77) v=0.74 m/s
[lio] t=1317401418.096 | feat 2139/8160 | map   2272 | icp REJ iter 12 corr  1881 rms 0.0336   34.79 ms | p=(  429.27  -348.13 -11.75) v=0.73 m/s
[lio] t=1317401418.199 | feat 2035/8160 | map   2272 | icp ok  iter 12 corr  1791 rms 0.0741   33.15 ms | p=(  429.25  -348.18 -11.74) v=0.41 m/s
[lio] t=1317401418.303 | feat 2018/8160 | map   2272 | icp REJ iter 12 corr  1735 rms 0.0667   32.26 ms | p=(  429.22  -348.20 -11.74) v=0.41 m/s
[lio] t=1317401418.407 | feat 2200/8160 | map   2272 | icp REJ iter 12 corr  1844 rms 0.1790   33.89 ms | p=(  429.18  -348.22 -11.74) v=0.41 m/s
[lio] t=1317401418.511 | feat 2178/8160 | map   2272 | icp ok  iter 12 corr  1770 rms 0.0863   33.37 ms | p=(  429.45  -347.79 -11.76) v=2.80 m/s
[lio] t=1317401418.615 | feat 2259/8160 | map   2272 | icp REJ iter 12 corr  1764 rms 0.1251   34.46 ms | p=(  429.60  -347.55 -11.77) v=2.79 m/s
[lio] t=1317401418.719 | feat 2086/8160 | map   2272 | icp ok  iter 12 corr  1656 rms 0.1055   31.64 ms | p=(  429.21  -347.59 -11.75) v=1.76 m/s
[lio] t=1317401418.822 | feat 2212/8160 | map   2272 | icp REJ iter 12 corr  1875 rms 0.0814   34.35 ms | p=(  429.05  -347.53 -11.74) v=1.70 m/s
[lio] t=1317401418.926 | feat 2259/8160 | map   2272 | icp ok  iter 12 corr  1897 rms 0.2143   35.42 ms | p=(  429.32  -348.17 -11.82) v=3.72 m/s
[lio] t=1317401419.030 | feat 2286/8160 | map   2272 | icp ok  iter 12 corr  1875 rms 0.1700   34.98 ms | p=(  430.14  -348.37 -11.87) v=5.87 m/s [KF]
[lio] t=1317401419.134 | feat 2345/8160 | map   2282 | icp REJ iter  7 corr  2064 rms 0.0476   18.65 ms | p=(  430.69  -348.64 -11.91) v=5.94 m/s
[lio] t=1317401419.238 | feat 2426/8160 | map   2282 | icp ok  iter 12 corr  2084 rms 0.1249   38.65 ms | p=(  431.43  -348.94 -11.96) v=7.10 m/s [KF]
[lio] t=1317401419.341 | feat 2581/8160 | map   2252 | icp REJ iter  6 corr  2294 rms 0.0398   17.47 ms | p=(  432.12  -349.23 -11.99) v=7.19 m/s
[lio] t=1317401419.445 | feat 2398/8160 | map   2252 | icp ok  iter  9 corr  2053 rms 0.1123   28.35 ms | p=(  432.61  -349.37 -12.02) v=5.90 m/s [KF]
[lio] t=1317401419.549 | feat 2488/8160 | map   2236 | icp REJ iter 11 corr  2141 rms 0.0499   35.93 ms | p=(  433.19  -349.58 -12.06) v=6.00 m/s
[lio] t=1317401419.653 | feat 2395/8154 | map   2236 | icp ok  iter 12 corr  1979 rms 0.0855   37.01 ms | p=(  433.17  -349.78 -12.05) v=2.93 m/s
[lio] t=1317401419.757 | feat 2426/8140 | map   2236 | icp REJ iter 12 corr  2123 rms 0.0680   38.10 ms | p=(  433.40  -349.99 -12.06) v=3.02 m/s [KF]
[lio] t=1317401419.860 | feat 2417/8132 | map   2295 | icp REJ iter  6 corr  2238 rms 0.0771   19.35 ms | p=(  433.63  -350.21 -12.06) v=3.11 m/s
[lio] t=1317401419.964 | feat 2828/8160 | map   2295 | icp REJ iter 12 corr  2374 rms 0.1003   43.89 ms | p=(  433.88  -350.42 -12.06) v=3.21 m/s
[lio] t=1317401420.068 | feat 2603/8160 | map   2295 | icp REJ iter  6 corr  2152 rms 0.1037   18.98 ms | p=(  434.13  -350.65 -12.07) v=3.31 m/s
[lio] t=1317401420.172 | feat 2527/8160 | map   2295 | icp ok  iter 12 corr  1966 rms 0.0960   37.59 ms | p=(  435.49  -350.23 -12.17) v=9.18 m/s [KF]
[lio] t=1317401420.275 | feat 2463/8160 | map   2371 | icp REJ iter  6 corr  2199 rms 0.0559   18.91 ms | p=(  436.44  -350.07 -12.23) v=9.26 m/s
[lio] t=1317401420.379 | feat 2472/8160 | map   2371 | icp REJ iter 12 corr  2040 rms 0.2500   37.64 ms | p=(  437.39  -349.92 -12.29) v=9.35 m/s [KF]
[lio] t=1317401420.483 | feat 2631/8160 | map   2510 | icp REJ iter 12 corr  2389 rms 0.0897   43.75 ms | p=(  438.35  -349.77 -12.36) v=9.43 m/s
[lio] t=1317401420.587 | feat 2725/8160 | map   2510 | icp REJ iter 12 corr  2501 rms 0.0829   42.73 ms | p=(  439.32  -349.63 -12.42) v=9.51 m/s [KF]
[lio] t=1317401420.690 | feat 2621/8160 | map   2694 | icp REJ iter  7 corr  2477 rms 0.0822   24.86 ms | p=(  440.30  -349.49 -12.48) v=9.61 m/s
[lio] t=1317401420.794 | feat 2681/8160 | map   2694 | icp REJ iter 12 corr  2089 rms 0.1736   40.08 ms | p=(  441.29  -349.36 -12.54) v=9.70 m/s [KF]
[lio] t=1317401420.898 | feat 2477/8160 | map   2896 | icp ok  iter 12 corr  2199 rms 0.0938   41.19 ms | p=(  441.80  -348.56 -12.46) v=8.55 m/s
[lio] t=1317401421.002 | feat 2859/8160 | map   2896 | icp ok  iter 12 corr  2035 rms 0.2024   40.28 ms | p=(  441.88  -347.56 -12.42) v=8.49 m/s [KF]
[lio] t=1317401421.106 | feat 3015/8160 | map   3113 | icp ok  iter  7 corr  2868 rms 0.0856   27.98 ms | p=(  441.06  -347.12 -12.35) v=6.59 m/s
[lio] t=1317401421.210 | feat 2922/8160 | map   3113 | icp ok  iter  5 corr  2743 rms 0.0808   20.50 ms | p=(  440.23  -346.47 -12.27) v=8.62 m/s [KF]
[lio] t=1317401421.313 | feat 2595/8160 | map   3235 | icp ok  iter 12 corr  2518 rms 0.0624   44.29 ms | p=(  439.48  -346.05 -12.21) v=8.28 m/s
[lio] t=1317401421.417 | feat 2471/8160 | map   3235 | icp ok  iter  9 corr  2296 rms 0.0726   31.56 ms | p=(  438.52  -345.68 -12.15) v=9.10 m/s [KF]
[lio] t=1317401421.521 | feat 2255/8160 | map   3318 | icp ok  iter 10 corr  2119 rms 0.0620   32.15 ms | p=(  437.66  -345.63 -12.08) v=8.43 m/s
[lio] t=1317401421.625 | feat 2219/8160 | map   3318 | icp ok  iter 12 corr  2097 rms 0.1135   39.17 ms | p=(  436.81  -345.42 -12.03) v=8.33 m/s [KF]
[lio] t=1317401421.729 | feat 2178/8160 | map   3403 | icp ok  iter  7 corr  2094 rms 0.0662   18.74 ms | p=(  435.94  -344.97 -11.96) v=8.92 m/s
[lio] t=1317401421.832 | feat 2182/8160 | map   3403 | icp ok  iter  8 corr  2029 rms 0.0670   22.29 ms | p=(  434.98  -344.43 -11.89) v=9.82 m/s [KF]
[lio] t=1317401421.936 | feat 2317/8160 | map   3497 | icp ok  iter  7 corr  2209 rms 0.0504   21.46 ms | p=(  434.18  -343.92 -11.84) v=9.34 m/s
[lio] t=1317401422.040 | feat 2271/8160 | map   3497 | icp ok  iter 10 corr  2011 rms 0.0622   29.99 ms | p=(  433.04  -343.45 -11.77) v=10.79 m/s [KF]
[lio] t=1317401422.144 | feat 2320/8160 | map   3623 | icp ok  iter 12 corr  2109 rms 0.0613   33.90 ms | p=(  432.26  -342.91 -11.71) v=9.71 m/s
[lio] t=1317401422.248 | feat 2801/8160 | map   3623 | icp REJ iter 12 corr  2378 rms 0.1246   43.82 ms | p=(  431.40  -342.40 -11.66) v=9.61 m/s [KF]
[lio] t=1317401422.351 | feat 2881/8160 | map   3740 | icp ok  iter 12 corr  2698 rms 0.0479   50.01 ms | p=(  430.49  -341.84 -11.59) v=9.93 m/s [KF]
[lio] t=1317401422.455 | feat 2560/8160 | map   3789 | icp ok  iter 12 corr  2384 rms 0.0643   44.55 ms | p=(  429.76  -341.30 -11.55) v=9.16 m/s
[lio] t=1317401422.559 | feat 2842/8160 | map   3789 | icp ok  iter  8 corr  2540 rms 0.1284   28.45 ms | p=(  428.98  -340.69 -11.51) v=9.35 m/s [KF]
[lio] t=1317401422.663 | feat 2704/8160 | map   3850 | icp ok  iter 12 corr  2533 rms 0.0382   43.54 ms | p=(  427.93  -340.18 -11.43) v=10.36 m/s [KF]
[lio] t=1317401422.767 | feat 2837/8160 | map   3909 | icp ok  iter 10 corr  2657 rms 0.0405   35.87 ms | p=(  427.19  -339.65 -11.38) v=9.36 m/s
[lio] t=1317401422.870 | feat 2764/8160 | map   3909 | icp ok  iter 12 corr  2566 rms 0.0447   44.14 ms | p=(  426.41  -339.16 -11.33) v=8.98 m/s [KF]
[lio] t=1317401422.974 | feat 2552/8160 | map   3947 | icp ok  iter  7 corr  2359 rms 0.0487   23.45 ms | p=(  425.58  -338.53 -11.28) v=9.56 m/s [KF]
[lio] t=1317401423.078 | feat 2569/8160 | map   3964 | icp ok  iter 12 corr  2376 rms 0.0471   44.35 ms | p=(  424.70  -338.05 -11.22) v=9.54 m/s [KF]
[lio] t=1317401423.182 | feat 2556/8160 | map   3966 | icp ok  iter  6 corr  2354 rms 0.0393   17.54 ms | p=(  423.92  -337.53 -11.16) v=9.16 m/s
[lio] t=1317401423.286 | feat 2503/8160 | map   3966 | icp ok  iter 12 corr  2288 rms 0.0499   42.11 ms | p=(  423.56  -337.29 -11.14) v=6.07 m/s [KF]
[lio] t=1317401423.389 | feat 2542/8160 | map   3978 | icp ok  iter 12 corr  2250 rms 0.0710   40.67 ms | p=(  422.60  -337.14 -11.09) v=7.86 m/s
[lio] t=1317401423.493 | feat 2396/8160 | map   3978 | icp ok  iter 12 corr  2174 rms 0.0355   36.05 ms | p=(  421.81  -336.12 -11.02) v=10.13 m/s [KF]
[lio] t=1317401423.597 | feat 2374/8160 | map   3986 | icp ok  iter 11 corr  2119 rms 0.0312   29.61 ms | p=(  421.15  -335.69 -10.98) v=8.48 m/s
[lio] t=1317401423.701 | feat 2389/8160 | map   3986 | icp ok  iter 12 corr  2092 rms 0.0527   38.74 ms | p=(  419.65  -334.86 -10.87) v=13.32 m/s [KF]
[lio] t=1317401423.805 | feat 2313/8160 | map   3990 | icp ok  iter 12 corr  2055 rms 0.0343   37.28 ms | p=(  419.02  -334.43 -10.83) v=9.59 m/s
[lio] t=1317401423.909 | feat 2270/8160 | map   3990 | icp ok  iter 12 corr  1981 rms 0.0427   33.41 ms | p=(  418.04  -333.74 -10.75) v=10.73 m/s [KF]
[lio] t=1317401424.013 | feat 2223/8160 | map   3938 | icp ok  iter  4 corr  1917 rms 0.0349    9.80 ms | p=(  417.16  -333.14 -10.69) v=10.37 m/s [KF]
[lio] t=1317401424.116 | feat 2192/8160 | map   3858 | icp ok  iter  9 corr  1827 rms 0.0319   22.74 ms | p=(  416.36  -332.64 -10.64) v=9.53 m/s
[lio] t=1317401424.220 | feat 2215/8160 | map   3858 | icp ok  iter 12 corr  1752 rms 0.0335   32.78 ms | p=(  415.66  -332.16 -10.59) v=8.65 m/s [KF]
[lio] t=1317401424.324 | feat 2267/8160 | map   3767 | icp ok  iter 12 corr  1882 rms 0.0520   34.86 ms | p=(  415.39  -332.15 -10.58) v=4.77 m/s
[lio] t=1317401424.428 | feat 2350/8160 | map   3767 | icp REJ iter 12 corr  1889 rms 0.0525   34.02 ms | p=(  414.94  -331.95 -10.56) v=4.68 m/s
[lio] t=1317401424.532 | feat 2497/8160 | map   3767 | icp ok  iter  9 corr  2060 rms 0.1067   25.60 ms | p=(  413.68  -331.03 -10.47) v=10.86 m/s [KF]
[lio] t=1317401424.636 | feat 2495/8160 | map   3723 | icp ok  iter  8 corr  2081 rms 0.0420   25.74 ms | p=(  412.97  -330.61 -10.43) v=9.03 m/s
[lio] t=1317401424.739 | feat 2469/8160 | map   3723 | icp ok  iter 12 corr  1938 rms 0.0252   30.38 ms | p=(  411.92  -329.84 -10.35) v=11.07 m/s [KF]
[lio] t=1317401424.843 | feat 2467/8160 | map   3562 | icp ok  iter 10 corr  1852 rms 0.0285   24.25 ms | p=(  410.72  -328.97 -10.26) v=12.98 m/s [KF]
[lio] t=1317401424.947 | feat 2558/8160 | map   3399 | icp ok  iter 12 corr  1923 rms 0.0340   31.20 ms | p=(  410.17  -328.81 -10.23) v=8.30 m/s
[lio] t=1317401425.050 | feat 2767/8160 | map   3399 | icp ok  iter 10 corr  1909 rms 0.0274   24.03 ms | p=(  409.63  -328.44 -10.19) v=6.98 m/s [KF]
[lio] t=1317401425.154 | feat 2974/8160 | map   3261 | icp ok  iter  9 corr  2152 rms 0.0257   23.75 ms | p=(  408.41  -328.05 -10.11) v=10.15 m/s [KF]
[lio] t=1317401425.258 | feat 2926/8160 | map   3105 | icp ok  iter 12 corr  2135 rms 0.0229   31.27 ms | p=(  407.80  -327.65 -10.07) v=8.16 m/s
[lio] t=1317401425.361 | feat 3102/8160 | map   3105 | icp ok  iter  8 corr  2261 rms 0.0286   25.93 ms | p=(  407.10  -327.23 -10.01) v=7.91 m/s [KF]
[lio] t=1317401425.465 | feat 3244/8160 | map   2943 | icp ok  iter  5 corr  2407 rms 0.0303   15.30 ms | p=(  406.50  -326.84  -9.96) v=7.22 m/s
[lio] t=1317401425.569 | feat 3292/8160 | map   2943 | icp ok  iter 11 corr  2419 rms 0.0236   38.94 ms | p=(  405.48  -326.47  -9.88) v=9.10 m/s [KF]
[lio] t=1317401425.672 | feat 3342/8160 | map   2899 | icp ok  iter  9 corr  2502 rms 0.0262   27.08 ms | p=(  404.79  -326.21  -9.83) v=7.83 m/s
[lio] t=1317401425.776 | feat 3299/8160 | map   2899 | icp ok  iter 10 corr  2481 rms 0.0286   33.56 ms | p=(  404.15  -325.87  -9.78) v=7.20 m/s [KF]
[lio] t=1317401425.880 | feat 3297/8160 | map   2837 | icp ok  iter 12 corr  2349 rms 0.0267   41.14 ms | p=(  403.34  -325.62  -9.72) v=7.76 m/s
[lio] t=1317401425.984 | feat 3208/8160 | map   2837 | icp ok  iter  6 corr  2391 rms 0.0346   19.09 ms | p=(  402.44  -325.38  -9.66) v=8.45 m/s [KF]
[lio] t=1317401426.087 | feat 3175/8160 | map   2812 | icp ok  iter 12 corr  2516 rms 0.0226   35.26 ms | p=(  401.65  -325.13  -9.61) v=8.09 m/s
[lio] t=1317401426.191 | feat 3282/8160 | map   2812 | icp ok  iter  6 corr  2653 rms 0.0365   24.74 ms | p=(  400.73  -324.91  -9.54) v=8.62 m/s [KF]
[lio] t=1317401426.295 | feat 3503/8160 | map   2798 | icp ok  iter 12 corr  2885 rms 0.0285   42.29 ms | p=(  399.94  -324.77  -9.49) v=8.05 m/s
[lio] t=1317401426.399 | feat 3603/8160 | map   2798 | icp ok  iter  6 corr  2862 rms 0.0355   26.58 ms | p=(  399.17  -324.66  -9.43) v=7.67 m/s [KF]
[lio] t=1317401426.503 | feat 3756/8160 | map   2828 | icp ok  iter  5 corr  3095 rms 0.0232   21.74 ms | p=(  398.26  -324.47  -9.37) v=8.38 m/s
[lio] t=1317401426.606 | feat 3720/8160 | map   2828 | icp ok  iter  6 corr  2984 rms 0.0282   22.77 ms | p=(  397.49  -324.42  -9.31) v=7.71 m/s [KF]
[lio] t=1317401426.710 | feat 3552/8160 | map   2866 | icp ok  iter  4 corr  2767 rms 0.0271   12.13 ms | p=(  396.64  -324.33  -9.26) v=7.97 m/s
[lio] t=1317401426.814 | feat 3557/8160 | map   2866 | icp ok  iter  5 corr  2836 rms 0.0277   20.54 ms | p=(  395.82  -324.17  -9.21) v=7.88 m/s [KF]
[lio] t=1317401426.918 | feat 3681/8160 | map   2913 | icp ok  iter  6 corr  2990 rms 0.0244   25.84 ms | p=(  394.99  -324.22  -9.16) v=7.82 m/s
[lio] t=1317401427.023 | feat 3561/8160 | map   2913 | icp ok  iter  5 corr  2803 rms 0.0542   15.06 ms | p=(  394.24  -324.14  -9.11) v=7.36 m/s [KF]
[lio] t=1317401427.127 | feat 3455/8160 | map   2921 | icp ok  iter  4 corr  2756 rms 0.0206   14.33 ms | p=(  393.44  -324.13  -9.06) v=7.48 m/s
[lio] t=1317401427.231 | feat 3454/8160 | map   2921 | icp ok  iter  5 corr  2678 rms 0.0249   18.14 ms | p=(  392.63  -324.13  -9.01) v=7.55 m/s [KF]
[lio] t=1317401427.335 | feat 3384/8160 | map   2934 | icp ok  iter  4 corr  2657 rms 0.0221   12.92 ms | p=(  391.86  -324.09  -8.97) v=7.36 m/s
[lio] t=1317401427.439 | feat 3364/8160 | map   2934 | icp ok  iter  5 corr  2609 rms 0.0237   19.07 ms | p=(  391.09  -324.12  -8.92) v=7.29 m/s [KF]
[lio] t=1317401427.543 | feat 3286/8160 | map   2947 | icp ok  iter  5 corr  2568 rms 0.0424   16.45 ms | p=(  390.35  -324.11  -8.87) v=7.10 m/s
[lio] t=1317401427.648 | feat 3390/8160 | map   2947 | icp ok  iter  4 corr  2597 rms 0.0363   15.85 ms | p=(  389.64  -324.19  -8.83) v=6.84 m/s [KF]
[lio] t=1317401427.752 | feat 3403/8160 | map   2969 | icp ok  iter 12 corr  2640 rms 0.0271   37.04 ms | p=(  388.89  -324.13  -8.79) v=6.96 m/s
[lio] t=1317401427.856 | feat 3341/8160 | map   2969 | icp ok  iter  6 corr  2560 rms 0.0274   22.91 ms | p=(  388.17  -324.03  -8.75) v=6.84 m/s [KF]
[lio] t=1317401427.961 | feat 3214/8160 | map   2983 | icp ok  iter  5 corr  2460 rms 0.0442   17.66 ms | p=(  387.45  -324.00  -8.70) v=6.82 m/s
[lio] t=1317401428.065 | feat 3239/8160 | map   2983 | icp ok  iter  5 corr  2470 rms 0.0270   15.57 ms | p=(  386.73  -323.90  -8.66) v=6.76 m/s [KF]
[lio] t=1317401428.170 | feat 3108/8160 | map   2974 | icp ok  iter  4 corr  2379 rms 0.0200   10.59 ms | p=(  386.04  -323.78  -8.61) v=6.65 m/s
[lio] t=1317401428.274 | feat 3108/8160 | map   2974 | icp ok  iter  4 corr  2357 rms 0.0203   11.36 ms | p=(  385.37  -323.71  -8.57) v=6.48 m/s [KF]
[lio] t=1317401428.378 | feat 2943/8160 | map   2979 | icp ok  iter  6 corr  2276 rms 0.0249   15.88 ms | p=(  384.67  -323.57  -8.52) v=6.65 m/s
[lio] t=1317401428.483 | feat 2993/8160 | map   2979 | icp ok  iter  5 corr  2403 rms 0.0349   17.82 ms | p=(  384.04  -323.39  -8.48) v=6.37 m/s [KF]
[lio] t=1317401428.587 | feat 2877/8160 | map   2985 | icp ok  iter  5 corr  2400 rms 0.0255   16.29 ms | p=(  383.41  -323.24  -8.44) v=6.20 m/s
[lio] t=1317401428.691 | feat 2890/8160 | map   2985 | icp ok  iter  4 corr  2413 rms 0.0411   13.03 ms | p=(  382.79  -323.01  -8.41) v=6.26 m/s [KF]
[lio] t=1317401428.796 | feat 2804/8160 | map   3003 | icp ok  iter  5 corr  2336 rms 0.0235   13.20 ms | p=(  382.14  -322.80  -8.36) v=6.37 m/s
[lio] t=1317401428.900 | feat 2807/8160 | map   3003 | icp ok  iter  3 corr  2360 rms 0.0259    8.00 ms | p=(  381.52  -322.56  -8.32) v=6.31 m/s [KF]
[lio] t=1317401429.004 | feat 2840/8160 | map   3025 | icp ok  iter  4 corr  2481 rms 0.0302   11.31 ms | p=(  380.91  -322.26  -8.29) v=6.34 m/s
[lio] t=1317401429.108 | feat 2696/8160 | map   3025 | icp ok  iter 12 corr  2263 rms 0.0308   42.27 ms | p=(  380.41  -322.00  -8.25) v=5.72 m/s [KF]
[lio] t=1317401429.213 | feat 2831/8160 | map   3040 | icp ok  iter  9 corr  2470 rms 0.0317   33.08 ms | p=(  379.79  -321.61  -8.21) v=6.45 m/s
[lio] t=1317401429.317 | feat 2717/8160 | map   3040 | icp ok  iter 12 corr  2300 rms 0.0376   43.17 ms | p=(  379.28  -321.17  -8.17) v=6.40 m/s [KF]
[lio] t=1317401429.421 | feat 2796/8160 | map   3060 | icp ok  iter 12 corr  2437 rms 0.0352   39.04 ms | p=(  378.73  -320.84  -8.12) v=6.20 m/s
[lio] t=1317401429.525 | feat 2797/8160 | map   3060 | icp ok  iter 12 corr  2433 rms 0.0387   41.43 ms | p=(  378.25  -320.45  -8.09) v=5.97 m/s [KF]
[lio] t=1317401429.629 | feat 2631/8160 | map   3076 | icp ok  iter  5 corr  2280 rms 0.0309   14.61 ms | p=(  377.78  -320.05  -8.05) v=5.90 m/s
[lio] t=1317401429.733 | feat 2573/8160 | map   3076 | icp ok  iter  4 corr  2273 rms 0.0320   12.96 ms | p=(  377.38  -319.56  -8.02) v=5.92 m/s [KF]
[lio] t=1317401429.837 | feat 2632/8160 | map   3112 | icp ok  iter  5 corr  2349 rms 0.0330   17.16 ms | p=(  376.92  -319.10  -7.98) v=6.10 m/s
[lio] t=1317401429.942 | feat 2618/8160 | map   3112 | icp ok  iter  5 corr  2287 rms 0.0326   13.25 ms | p=(  376.60  -318.60  -7.96) v=5.81 m/s [KF]
[lio] t=1317401430.046 | feat 2747/8160 | map   3118 | icp ok  iter  5 corr  2351 rms 0.0295   13.13 ms | p=(  376.20  -318.12  -7.91) v=5.88 m/s
[lio] t=1317401430.150 | feat 2815/8160 | map   3118 | icp ok  iter  5 corr  2440 rms 0.0280   13.37 ms | p=(  375.86  -317.57  -7.88) v=6.05 m/s [KF]
[lio] t=1317401430.254 | feat 2964/8160 | map   3152 | icp ok  iter 12 corr  2562 rms 0.0334   44.05 ms | p=(  375.46  -317.03  -7.84) v=6.20 m/s
[lio] t=1317401430.358 | feat 2909/8160 | map   3152 | icp ok  iter 12 corr  2475 rms 0.0349   38.42 ms | p=(  375.19  -316.48  -7.81) v=5.88 m/s [KF]
[lio] t=1317401430.462 | feat 2770/8160 | map   3185 | icp ok  iter  4 corr  2323 rms 0.0253   11.50 ms | p=(  374.99  -315.98  -7.78) v=5.29 m/s
[lio] t=1317401430.566 | feat 2885/8160 | map   3185 | icp ok  iter  3 corr  2315 rms 0.0285    8.41 ms | p=(  374.74  -315.46  -7.75) v=5.27 m/s [KF]
[lio] t=1317401430.670 | feat 3083/8160 | map   3182 | icp ok  iter  3 corr  2496 rms 0.0261    9.41 ms | p=(  374.59  -314.92  -7.72) v=5.13 m/s
[lio] t=1317401430.773 | feat 3095/8160 | map   3182 | icp ok  iter  4 corr  2491 rms 0.0287   11.83 ms | p=(  374.42  -314.38  -7.69) v=5.10 m/s [KF]
[lio] t=1317401430.877 | feat 3135/8160 | map   3173 | icp ok  iter  4 corr  2565 rms 0.0249   12.96 ms | p=(  374.33  -313.96  -7.67) v=4.37 m/s
[lio] t=1317401430.981 | feat 3184/8160 | map   3173 | icp ok  iter  5 corr  2540 rms 0.0256   16.47 ms | p=(  374.20  -313.51  -7.65) v=4.26 m/s
[lio] t=1317401431.085 | feat 3223/8160 | map   3173 | icp ok  iter  4 corr  2481 rms 0.0319   13.27 ms | p=(  374.12  -313.09  -7.64) v=3.99 m/s [KF]
[lio] t=1317401431.189 | feat 3235/8160 | map   3211 | icp ok  iter  4 corr  2495 rms 0.0235   12.50 ms | p=(  374.10  -312.73  -7.62) v=3.51 m/s
[lio] t=1317401431.293 | feat 3311/8160 | map   3211 | icp ok  iter  5 corr  2621 rms 0.0300   18.14 ms | p=(  374.07  -312.34  -7.61) v=3.54 m/s
[lio] t=1317401431.397 | feat 3388/8160 | map   3211 | icp ok  iter  4 corr  2696 rms 0.0240   13.01 ms | p=(  374.05  -311.94  -7.60) v=3.63 m/s [KF]
[lio] t=1317401431.501 | feat 3196/8160 | map   3213 | icp ok  iter  5 corr  2559 rms 0.0228   14.89 ms | p=(  374.08  -311.56  -7.59) v=3.64 m/s
[lio] t=1317401431.605 | feat 3261/8160 | map   3213 | icp ok  iter  4 corr  2619 rms 0.0238   13.33 ms | p=(  374.09  -311.19  -7.59) v=3.55 m/s
[lio] t=1317401431.709 | feat 3088/8160 | map   3213 | icp ok  iter  4 corr  2517 rms 0.0473   12.20 ms | p=(  374.13  -310.82  -7.58) v=3.49 m/s [KF]
[lio] t=1317401431.813 | feat 3027/8160 | map   3234 | icp ok  iter  5 corr  2446 rms 0.0236   13.75 ms | p=(  374.16  -310.41  -7.58) v=3.74 m/s
[lio] t=1317401431.917 | feat 2969/8160 | map   3234 | icp ok  iter  4 corr  2449 rms 0.0284   14.42 ms | p=(  374.22  -310.08  -7.58) v=3.40 m/s
[lio] t=1317401432.022 | feat 3017/8160 | map   3234 | icp ok  iter  4 corr  2435 rms 0.0276   13.44 ms | p=(  374.34  -309.74  -7.58) v=3.42 m/s [KF]
[lio] t=1317401432.126 | feat 2981/8160 | map   3257 | icp ok  iter  4 corr  2479 rms 0.0254   15.59 ms | p=(  374.42  -309.39  -7.57) v=3.40 m/s
[lio] t=1317401432.230 | feat 3007/8160 | map   3257 | icp ok  iter  5 corr  2510 rms 0.0373   16.96 ms | p=(  374.54  -309.04  -7.57) v=3.42 m/s
[lio] t=1317401432.334 | feat 2950/8160 | map   3257 | icp ok  iter  4 corr  2395 rms 0.0293   12.51 ms | p=(  374.71  -308.73  -7.58) v=3.38 m/s [KF]
[lio] t=1317401432.438 | feat 2920/8160 | map   3262 | icp ok  iter 12 corr  2404 rms 0.0317   35.35 ms | p=(  374.87  -308.45  -7.58) v=3.21 m/s
[lio] t=1317401432.542 | feat 3157/8160 | map   3262 | icp ok  iter  5 corr  2630 rms 0.0287   15.98 ms | p=(  375.04  -308.13  -7.58) v=3.40 m/s
[lio] t=1317401432.646 | feat 3034/8160 | map   3262 | icp ok  iter 12 corr  2450 rms 0.0320   44.09 ms | p=(  375.23  -307.77  -7.59) v=3.70 m/s [KF]
[lio] t=1317401432.750 | feat 3112/8160 | map   3285 | icp ok  iter  5 corr  2574 rms 0.0226   15.20 ms | p=(  375.50  -307.58  -7.61) v=3.44 m/s
[lio] t=1317401432.854 | feat 3179/8160 | map   3285 | icp ok  iter  4 corr  2716 rms 0.0248   13.98 ms | p=(  375.74  -307.34  -7.63) v=3.38 m/s
[lio] t=1317401432.958 | feat 2985/8160 | map   3285 | icp ok  iter 12 corr  2466 rms 0.0300   46.00 ms | p=(  376.01  -307.08  -7.64) v=3.65 m/s [KF]
[lio] t=1317401433.062 | feat 3107/8160 | map   3301 | icp ok  iter  5 corr  2690 rms 0.0296   17.73 ms | p=(  376.24  -306.79  -7.64) v=3.63 m/s
[lio] t=1317401433.166 | feat 3161/8160 | map   3301 | icp ok  iter  4 corr  2714 rms 0.0281   13.18 ms | p=(  376.58  -306.58  -7.65) v=3.85 m/s
[lio] t=1317401433.270 | feat 3032/8160 | map   3301 | icp ok  iter  4 corr  2547 rms 0.0300   11.91 ms | p=(  376.93  -306.35  -7.67) v=4.04 m/s [KF]
[lio] t=1317401433.374 | feat 3071/8160 | map   3310 | icp ok  iter  4 corr  2639 rms 0.0279   15.95 ms | p=(  377.23  -306.11  -7.68) v=3.90 m/s
[lio] t=1317401433.478 | feat 3048/8160 | map   3310 | icp ok  iter  5 corr  2567 rms 0.0259   15.92 ms | p=(  377.65  -305.94  -7.70) v=4.27 m/s
[lio] t=1317401433.582 | feat 2981/8160 | map   3310 | icp ok  iter  4 corr  2513 rms 0.0408   14.77 ms | p=(  378.03  -305.74  -7.70) v=4.31 m/s [KF]
[lio] t=1317401433.685 | feat 2952/8160 | map   3339 | icp ok  iter  5 corr  2534 rms 0.0257   14.85 ms | p=(  378.45  -305.58  -7.72) v=4.46 m/s
[lio] t=1317401433.789 | feat 2881/8160 | map   3339 | icp ok  iter  6 corr  2397 rms 0.0253   16.35 ms | p=(  378.87  -305.43  -7.74) v=4.44 m/s
[lio] t=1317401433.893 | feat 2966/8160 | map   3339 | icp ok  iter  4 corr  2471 rms 0.0350   12.75 ms | p=(  379.33  -305.27  -7.79) v=4.74 m/s [KF]
[lio] t=1317401433.996 | feat 3045/8160 | map   3350 | icp ok  iter  4 corr  2583 rms 0.0282   13.93 ms | p=(  379.81  -305.15  -7.84) v=4.91 m/s
[lio] t=1317401434.100 | feat 3160/8160 | map   3350 | icp ok  iter  5 corr  2759 rms 0.0372   19.47 ms | p=(  380.18  -304.98  -7.84) v=4.40 m/s
[lio] t=1317401434.204 | feat 2958/8160 | map   3350 | icp ok  iter  5 corr  2513 rms 0.0319   15.75 ms | p=(  380.77  -304.99  -7.87) v=5.22 m/s [KF]
[lio] t=1317401434.307 | feat 2817/8160 | map   3372 | icp ok  iter  5 corr  2486 rms 0.0270   14.59 ms | p=(  381.29  -304.87  -7.90) v=5.30 m/s
[lio] t=1317401434.411 | feat 2894/8160 | map   3372 | icp ok  iter  5 corr  2528 rms 0.0264   15.21 ms | p=(  381.80  -304.76  -7.95) v=5.28 m/s [KF]
[lio] t=1317401434.515 | feat 2820/8160 | map   3390 | icp ok  iter  5 corr  2505 rms 0.0218   13.68 ms | p=(  382.37  -304.70  -8.00) v=5.59 m/s
[lio] t=1317401434.618 | feat 2867/8160 | map   3390 | icp ok  iter  4 corr  2420 rms 0.0213   14.62 ms | p=(  382.90  -304.64  -8.04) v=5.42 m/s [KF]
[lio] t=1317401434.722 | feat 3000/8160 | map   3401 | icp ok  iter  3 corr  2658 rms 0.0264   11.14 ms | p=(  383.49  -304.59  -8.08) v=5.75 m/s
[lio] t=1317401434.826 | feat 2973/8160 | map   3401 | icp ok  iter  4 corr  2613 rms 0.0289   13.14 ms | p=(  384.17  -304.55  -8.12) v=6.40 m/s [KF]
[lio] t=1317401434.929 | feat 3113/8160 | map   3429 | icp ok  iter  5 corr  2798 rms 0.0334   20.72 ms | p=(  384.72  -304.46  -8.15) v=5.88 m/s
[lio] t=1317401435.033 | feat 3038/8146 | map   3429 | icp ok  iter  4 corr  2694 rms 0.0432   16.41 ms | p=(  385.27  -304.47  -8.18) v=5.70 m/s [KF]
[lio] t=1317401435.137 | feat 3018/8160 | map   3453 | icp ok  iter  4 corr  2692 rms 0.0293   12.04 ms | p=(  385.99  -304.41  -8.23) v=6.58 m/s
[lio] t=1317401435.240 | feat 3102/8160 | map   3453 | icp ok  iter  5 corr  2809 rms 0.0341   21.85 ms | p=(  386.63  -304.40  -8.27) v=6.47 m/s [KF]
[lio] t=1317401435.344 | feat 2938/8160 | map   3470 | icp ok  iter  5 corr  2647 rms 0.0302   19.81 ms | p=(  387.40  -304.31  -8.33) v=7.18 m/s
[lio] t=1317401435.448 | feat 2870/8160 | map   3470 | icp ok  iter  7 corr  2577 rms 0.0302   26.94 ms | p=(  388.09  -304.29  -8.37) v=7.01 m/s [KF]
[lio] t=1317401435.552 | feat 2962/8160 | map   3481 | icp ok  iter  5 corr  2653 rms 0.0243   17.72 ms | p=(  388.81  -304.28  -8.41) v=7.14 m/s
[lio] t=1317401435.655 | feat 3006/8160 | map   3481 | icp ok  iter  6 corr  2624 rms 0.0320   21.50 ms | p=(  389.51  -304.25  -8.44) v=6.99 m/s [KF]
[lio] t=1317401435.759 | feat 2704/8160 | map   3490 | icp ok  iter  5 corr  2291 rms 0.0235   13.09 ms | p=(  390.22  -304.22  -8.49) v=7.04 m/s
[lio] t=1317401435.863 | feat 2379/8160 | map   3490 | icp ok  iter  8 corr  1970 rms 0.0282   19.85 ms | p=(  390.97  -304.23  -8.53) v=7.28 m/s [KF]
[lio] t=1317401435.967 | feat 2335/8160 | map   3494 | icp ok  iter  5 corr  1958 rms 0.0468   15.32 ms | p=(  391.76  -304.11  -8.56) v=7.62 m/s
[lio] t=1317401436.071 | feat 2226/8160 | map   3494 | icp ok  iter  6 corr  1833 rms 0.0287   14.80 ms | p=(  392.49  -304.19  -8.59) v=7.34 m/s [KF]
[lio] t=1317401436.175 | feat 2130/8160 | map   3490 | icp ok  iter  5 corr  1779 rms 0.0323   12.45 ms | p=(  393.24  -304.13  -8.64) v=7.41 m/s
[lio] t=1317401436.279 | feat 2030/8160 | map   3490 | icp ok  iter  8 corr  1659 rms 0.0349   19.35 ms | p=(  394.07  -304.07  -8.68) v=7.85 m/s [KF]
[lio] t=1317401436.383 | feat 2031/8160 | map   3504 | icp ok  iter  5 corr  1776 rms 0.0314   11.49 ms | p=(  394.80  -304.07  -8.71) v=7.48 m/s
[lio] t=1317401436.486 | feat 2111/8160 | map   3504 | icp ok  iter  5 corr  1809 rms 0.0408   11.49 ms | p=(  395.63  -304.03  -8.76) v=7.89 m/s [KF]
[lio] t=1317401436.590 | feat 2032/8160 | map   3521 | icp ok  iter  5 corr  1748 rms 0.0321   10.47 ms | p=(  396.43  -304.01  -8.79) v=7.89 m/s
[lio] t=1317401436.694 | feat 1953/8160 | map   3521 | icp ok  iter  5 corr  1646 rms 0.0363   10.22 ms | p=(  397.29  -303.97  -8.86) v=8.26 m/s [KF]
[lio] t=1317401436.798 | feat 1962/8160 | map   3522 | icp ok  iter  4 corr  1779 rms 0.0344    9.07 ms | p=(  398.13  -303.96  -8.89) v=8.27 m/s
[lio] t=1317401436.902 | feat 1945/8160 | map   3522 | icp ok  iter  4 corr  1680 rms 0.0274    9.77 ms | p=(  398.94  -303.95  -8.95) v=8.11 m/s [KF]
[lio] t=1317401437.006 | feat 1893/8160 | map   3563 | icp ok  iter  4 corr  1598 rms 0.0298    7.62 ms | p=(  399.81  -303.93  -8.98) v=8.37 m/s
[lio] t=1317401437.110 | feat 1857/8160 | map   3563 | icp ok  iter  4 corr  1569 rms 0.0251    7.09 ms | p=(  400.65  -303.93  -9.04) v=8.32 m/s [KF]
[lio] t=1317401437.214 | feat 1822/8160 | map   3570 | icp ok  iter  5 corr  1529 rms 0.0232    8.10 ms | p=(  401.55  -303.91  -9.10) v=8.64 m/s
[lio] t=1317401437.317 | feat 1703/8160 | map   3570 | icp ok  iter  4 corr  1479 rms 0.0313    6.43 ms | p=(  402.44  -303.89  -9.15) v=8.73 m/s [KF]
[lio] t=1317401437.421 | feat 1822/8160 | map   3567 | icp ok  iter  5 corr  1616 rms 0.0404    9.79 ms | p=(  403.35  -303.88  -9.22) v=8.89 m/s
[lio] t=1317401437.525 | feat 1888/8160 | map   3567 | icp ok  iter  6 corr  1629 rms 0.0323   12.70 ms | p=(  404.28  -303.85  -9.28) v=9.03 m/s [KF]
[lio] t=1317401437.629 | feat 1763/8160 | map   3577 | icp ok  iter  5 corr  1549 rms 0.0283    9.15 ms | p=(  405.21  -303.85  -9.32) v=9.07 m/s
[lio] t=1317401437.733 | feat 1669/8160 | map   3577 | icp ok  iter  4 corr  1449 rms 0.0382    7.09 ms | p=(  406.13  -303.83  -9.40) v=9.13 m/s [KF]
[lio] t=1317401437.837 | feat 1498/8160 | map   3603 | icp ok  iter  4 corr  1312 rms 0.0396    5.85 ms | p=(  407.09  -303.82  -9.46) v=9.29 m/s
[lio] t=1317401437.940 | feat 1520/8122 | map   3603 | icp ok  iter  4 corr  1277 rms 0.0369    6.16 ms | p=(  408.05  -303.80  -9.52) v=9.39 m/s [KF]
[lio] t=1317401438.044 | feat 1553/8142 | map   3586 | icp ok  iter  4 corr  1332 rms 0.0275    6.41 ms | p=(  409.03  -303.78  -9.57) v=9.53 m/s
[lio] t=1317401438.148 | feat 1781/8160 | map   3586 | icp ok  iter 12 corr  1556 rms 0.0258   23.43 ms | p=(  410.02  -303.75  -9.65) v=9.60 m/s [KF]
[lio] t=1317401438.252 | feat 1730/8160 | map   3506 | icp ok  iter  8 corr  1440 rms 0.0360   16.19 ms | p=(  410.84  -303.74  -9.71) v=8.63 m/s
[lio] t=1317401438.356 | feat 1487/8160 | map   3506 | icp ok  iter 12 corr  1256 rms 0.0597   22.02 ms | p=(  412.21  -303.71  -9.83) v=11.50 m/s [KF]
[lio] t=1317401438.460 | feat 2012/8160 | map   3445 | icp ok  iter  7 corr  1738 rms 0.0429   15.00 ms | p=(  412.94  -303.68  -9.88) v=8.85 m/s
[lio] t=1317401438.563 | feat 1988/8160 | map   3445 | icp ok  iter 12 corr  1727 rms 0.0479   29.00 ms | p=(  413.80  -303.63  -9.97) v=8.61 m/s [KF]
[lio] t=1317401438.667 | feat 2340/8144 | map   3406 | icp ok  iter  4 corr  2024 rms 0.0324   10.09 ms | p=(  414.82  -303.59 -10.05) v=9.46 m/s [KF]
[lio] t=1317401438.771 | feat 2187/8146 | map   3316 | icp ok  iter  9 corr  1896 rms 0.0286   21.69 ms | p=(  415.71  -303.53 -10.13) v=8.99 m/s
[lio] t=1317401438.875 | feat 2134/8102 | map   3316 | icp ok  iter  5 corr  1794 rms 0.0394   13.24 ms | p=(  416.79  -303.48 -10.20) v=9.92 m/s [KF]
[lio] t=1317401438.979 | feat 2313/8126 | map   3165 | icp ok  iter  5 corr  2047 rms 0.0253   11.29 ms | p=(  417.76  -303.42 -10.26) v=9.63 m/s
[lio] t=1317401439.083 | feat 2362/8107 | map   3165 | icp ok  iter 12 corr  2062 rms 0.0378   32.17 ms | p=(  418.57  -303.40 -10.30) v=8.55 m/s [KF]
[lio] t=1317401439.187 | feat 2507/8136 | map   3063 | icp ok  iter 12 corr  2261 rms 0.0441   38.09 ms | p=(  419.47  -303.39 -10.38) v=8.70 m/s
[lio] t=1317401439.291 | feat 2098/8158 | map   3063 | icp ok  iter  5 corr  1919 rms 0.0350   12.24 ms | p=(  420.52  -303.32 -10.46) v=9.64 m/s [KF]
[lio] t=1317401439.395 | feat 2350/8160 | map   2919 | icp ok  iter  5 corr  2139 rms 0.0322   13.77 ms | p=(  421.67  -303.28 -10.54) v=10.55 m/s [KF]
[lio] t=1317401439.499 | feat 2129/8160 | map   2840 | icp ok  iter  5 corr  1934 rms 0.0616   12.06 ms | p=(  422.56  -303.27 -10.61) v=9.47 m/s
[lio] t=1317401439.602 | feat 2783/8160 | map   2840 | icp ok  iter  5 corr  2462 rms 0.0336   15.86 ms | p=(  423.65  -303.22 -10.70) v=10.16 m/s [KF]
[lio] t=1317401439.706 | feat 2860/8160 | map   2748 | icp ok  iter  6 corr  2629 rms 0.0332   20.68 ms | p=(  424.74  -303.18 -10.78) v=10.45 m/s [KF]
[lio] t=1317401439.810 | feat 2204/8160 | map   2651 | icp ok  iter 12 corr  1860 rms 0.0383   26.81 ms | p=(  425.66  -303.15 -10.84) v=9.51 m/s
[lio] t=1317401439.914 | feat 2733/8160 | map   2651 | icp ok  iter  6 corr  2458 rms 0.0531   20.19 ms | p=(  426.83  -303.10 -10.94) v=10.64 m/s [KF]
[lio] t=1317401440.018 | feat 2796/8160 | map   2587 | icp ok  iter  5 corr  2493 rms 0.0537   14.76 ms | p=(  427.75  -303.06 -11.01) v=9.63 m/s
[lio] t=1317401440.122 | feat 2712/8160 | map   2587 | icp ok  iter  5 corr  2428 rms 0.0555   16.00 ms | p=(  428.95  -303.02 -11.11) v=10.89 m/s [KF]
[lio] t=1317401440.226 | feat 2957/8160 | map   2532 | icp ok  iter  4 corr  2738 rms 0.0473   12.41 ms | p=(  429.95  -302.98 -11.17) v=10.19 m/s [KF]
[lio] t=1317401440.330 | feat 2934/8160 | map   2481 | icp ok  iter  5 corr  2557 rms 0.0974   16.36 ms | p=(  431.01  -302.94 -11.26) v=10.25 m/s [KF]
[lio] t=1317401440.434 | feat 2950/8160 | map   2429 | icp ok  iter  7 corr  2775 rms 0.0533   26.00 ms | p=(  431.81  -302.91 -11.32) v=8.70 m/s
[lio] t=1317401440.538 | feat 3001/8160 | map   2429 | icp ok  iter  9 corr  2820 rms 0.1092   36.19 ms | p=(  433.02  -302.87 -11.42) v=10.56 m/s [KF]
[lio] t=1317401440.642 | feat 2744/8160 | map   2416 | icp ok  iter  5 corr  2588 rms 0.0333   15.38 ms | p=(  433.96  -302.84 -11.48) v=9.74 m/s
[lio] t=1317401440.746 | feat 2601/8160 | map   2416 | icp ok  iter  5 corr  2321 rms 0.0749   15.84 ms | p=(  435.05  -302.80 -11.57) v=10.25 m/s [KF]
[lio] t=1317401440.850 | feat 2540/8160 | map   2405 | icp ok  iter  4 corr  2394 rms 0.0418   11.67 ms | p=(  436.06  -302.78 -11.64) v=9.96 m/s [KF]
[lio] t=1317401440.953 | feat 2672/8160 | map   2381 | icp ok  iter  4 corr  2453 rms 0.0360   10.25 ms | p=(  437.04  -302.73 -11.72) v=9.70 m/s
[lio] t=1317401441.057 | feat 2239/8160 | map   2381 | icp ok  iter  4 corr  1965 rms 0.0466    9.46 ms | p=(  438.07  -302.70 -11.79) v=9.84 m/s [KF]
[lio] t=1317401441.161 | feat 2224/8160 | map   2376 | icp ok  iter  4 corr  1832 rms 0.0411    9.07 ms | p=(  439.05  -302.67 -11.88) v=9.64 m/s
[lio] t=1317401441.265 | feat 2411/8160 | map   2376 | icp ok  iter  7 corr  1853 rms 0.1629   19.54 ms | p=(  440.08  -302.60 -11.91) v=9.83 m/s [KF]
[lio] t=1317401441.369 | feat 2191/8160 | map   2466 | icp ok  iter  6 corr  1990 rms 0.0413   13.58 ms | p=(  441.05  -302.58 -12.00) v=9.63 m/s
[lio] t=1317401441.473 | feat 2111/8160 | map   2466 | icp ok  iter  5 corr  1888 rms 0.0719   11.53 ms | p=(  442.04  -302.53 -12.07) v=9.62 m/s [KF]
[lio] t=1317401441.577 | feat 2022/8160 | map   2483 | icp ok  iter  4 corr  1764 rms 0.0313    8.36 ms | p=(  443.03  -302.50 -12.15) v=9.57 m/s
[lio] t=1317401441.681 | feat 2363/8160 | map   2483 | icp ok  iter  3 corr  2087 rms 0.0404    7.28 ms | p=(  444.02  -302.45 -12.20) v=9.61 m/s [KF]
[lio] t=1317401441.785 | feat 2126/8160 | map   2502 | icp ok  iter  3 corr  1855 rms 0.0459    6.71 ms | p=(  445.00  -302.42 -12.27) v=9.54 m/s
[lio] t=1317401441.889 | feat 2044/8160 | map   2502 | icp ok  iter  4 corr  1777 rms 0.0476    8.33 ms | p=(  446.02  -302.40 -12.33) v=9.82 m/s [KF]
[lio] t=1317401441.992 | feat 1997/8147 | map   2498 | icp ok  iter  4 corr  1727 rms 0.0447    8.45 ms | p=(  447.00  -302.37 -12.40) v=9.69 m/s
[lio] t=1317401442.096 | feat 1826/8160 | map   2498 | icp ok  iter  4 corr  1458 rms 0.0537    8.48 ms | p=(  448.00  -302.32 -12.46) v=9.71 m/s [KF]
[lio] t=1317401442.200 | feat 1603/8160 | map   2473 | icp ok  iter  4 corr  1229 rms 0.0598    6.08 ms | p=(  448.98  -302.29 -12.51) v=9.60 m/s
[lio] t=1317401442.304 | feat 1541/8160 | map   2473 | icp ok  iter 12 corr  1182 rms 0.0537   18.98 ms | p=(  449.97  -302.27 -12.58) v=9.62 m/s [KF]
[lio] t=1317401442.408 | feat 1631/8160 | map   2440 | icp ok  iter  4 corr  1270 rms 0.0368    7.09 ms | p=(  450.92  -302.21 -12.65) v=9.43 m/s
[lio] t=1317401442.512 | feat 1956/8160 | map   2440 | icp ok  iter  4 corr  1566 rms 0.0438    7.92 ms | p=(  451.95  -302.17 -12.72) v=9.79 m/s [KF]
[lio] t=1317401442.616 | feat 1829/8160 | map   2429 | icp ok  iter  6 corr  1490 rms 0.0685   11.69 ms | p=(  452.96  -302.17 -12.78) v=9.85 m/s [KF]
[lio] t=1317401442.720 | feat 2084/8160 | map   2430 | icp ok  iter  5 corr  1706 rms 0.0430   10.15 ms | p=(  454.01  -302.08 -12.84) v=10.07 m/s [KF]
[lio] t=1317401442.824 | feat 1745/8160 | map   2417 | icp ok  iter  5 corr  1404 rms 0.0338    8.46 ms | p=(  455.04  -302.08 -12.88) v=10.03 m/s [KF]
[lio] t=1317401442.928 | feat 1792/8160 | map   2393 | icp ok  iter  5 corr  1426 rms 0.0285    8.35 ms | p=(  456.10  -302.03 -12.94) v=10.25 m/s [KF]
[lio] t=1317401443.032 | feat 1912/8160 | map   2339 | icp ok  iter  6 corr  1509 rms 0.0358   11.37 ms | p=(  457.10  -302.00 -12.99) v=9.93 m/s [KF]
[lio] t=1317401443.136 | feat 1737/8160 | map   2285 | icp ok  iter 12 corr  1316 rms 0.0419   19.74 ms | p=(  458.21  -301.94 -13.07) v=10.45 m/s [KF]
[lio] t=1317401443.240 | feat 1795/8160 | map   2236 | icp ok  iter  5 corr  1430 rms 0.0404    8.83 ms | p=(  459.26  -301.92 -13.13) v=10.32 m/s [KF]
[lio] t=1317401443.344 | feat 1491/8160 | map   2216 | icp ok  iter  4 corr  1209 rms 0.0330    6.68 ms | p=(  460.27  -301.89 -13.19) v=10.07 m/s [KF]
[lio] t=1317401443.448 | feat 1496/8160 | map   2169 | icp ok  iter  5 corr  1175 rms 0.0286    6.40 ms | p=(  461.48  -301.84 -13.25) v=11.10 m/s [KF]
[lio] t=1317401443.552 | feat 1348/8151 | map   2165 | icp ok  iter  6 corr  1121 rms 0.0425    9.08 ms | p=(  462.38  -301.81 -13.32) v=9.68 m/s
[lio] t=1317401443.656 | feat 1655/8160 | map   2165 | icp ok  iter  5 corr  1384 rms 0.0455    9.02 ms | p=(  463.53  -301.77 -13.39) v=10.59 m/s [KF]
[lio] t=1317401443.760 | feat 1670/8159 | map   2154 | icp ok  iter  5 corr  1368 rms 0.0662    9.42 ms | p=(  464.57  -301.72 -13.45) v=10.29 m/s [KF]
[lio] t=1317401443.863 | feat 1681/8160 | map   2151 | icp ok  iter 12 corr  1437 rms 0.0454   22.87 ms | p=(  465.57  -301.69 -13.51) v=9.94 m/s [KF]
[lio] t=1317401443.967 | feat 1643/8113 | map   2159 | icp ok  iter  4 corr  1411 rms 0.0354    6.24 ms | p=(  466.66  -301.65 -13.58) v=10.32 m/s [KF]
[lio] t=1317401444.071 | feat 1585/8160 | map   2142 | icp ok  iter  5 corr  1237 rms 0.0375    7.70 ms | p=(  467.71  -301.63 -13.63) v=10.28 m/s [KF]
[lio] t=1317401444.175 | feat 1596/8160 | map   2118 | icp ok  iter  5 corr  1292 rms 0.0331    7.97 ms | p=(  468.74  -301.57 -13.69) v=10.05 m/s [KF]
[lio] t=1317401444.279 | feat 1631/8160 | map   2070 | icp ok  iter  5 corr  1275 rms 0.0278    7.36 ms | p=(  469.81  -301.53 -13.74) v=10.23 m/s [KF]
[lio] t=1317401444.383 | feat 1935/8081 | map   2025 | icp ok  iter  3 corr  1547 rms 0.0435    6.68 ms | p=(  470.81  -301.50 -13.80) v=9.90 m/s [KF]
[lio] t=1317401444.487 | feat 1870/8085 | map   1961 | icp ok  iter  3 corr  1487 rms 0.0376    5.93 ms | p=(  471.88  -301.45 -13.88) v=10.23 m/s [KF]
[lio] t=1317401444.591 | feat 1820/8160 | map   1926 | icp ok  iter  3 corr  1499 rms 0.0348    5.79 ms | p=(  472.91  -301.42 -13.94) v=10.04 m/s [KF]
[lio] t=1317401444.695 | feat 1882/8158 | map   1874 | icp ok  iter  4 corr  1517 rms 0.0383    6.75 ms | p=(  473.95  -301.39 -13.99) v=10.07 m/s [KF]
[lio] t=1317401444.799 | feat 1942/8160 | map   1838 | icp ok  iter  4 corr  1561 rms 0.0523    8.30 ms | p=(  474.94  -301.35 -14.08) v=9.78 m/s
[lio] t=1317401444.903 | feat 1826/8160 | map   1838 | icp ok  iter  4 corr  1504 rms 0.0530    8.49 ms | p=(  476.00  -301.32 -14.13) v=10.03 m/s [KF]
[lio] t=1317401445.007 | feat 1905/8160 | map   1819 | icp ok  iter  4 corr  1535 rms 0.0385    6.96 ms | p=(  477.02  -301.27 -14.20) v=9.95 m/s [KF]
[lio] t=1317401445.111 | feat 2028/8160 | map   1806 | icp ok  iter  4 corr  1710 rms 0.0365    7.93 ms | p=(  478.05  -301.22 -14.27) v=10.00 m/s [KF]
[lio] t=1317401445.215 | feat 2240/8160 | map   1781 | icp ok  iter  4 corr  1715 rms 0.0410    7.37 ms | p=(  479.07  -301.18 -14.33) v=9.95 m/s [KF]
[lio] t=1317401445.319 | feat 2451/8160 | map   1783 | icp ok  iter  4 corr  2023 rms 0.0350   10.07 ms | p=(  480.07  -301.14 -14.40) v=9.74 m/s
[lio] t=1317401445.422 | feat 2735/8160 | map   1783 | icp ok  iter  3 corr  2155 rms 0.0347    8.83 ms | p=(  481.08  -301.10 -14.45) v=9.80 m/s [KF]
[lio] t=1317401445.526 | feat 2844/8160 | map   1845 | icp ok  iter  4 corr  2486 rms 0.0391   11.04 ms | p=(  482.05  -301.06 -14.52) v=9.55 m/s
[lio] t=1317401445.630 | feat 3013/8160 | map   1845 | icp ok  iter  4 corr  2722 rms 0.0624   13.25 ms | p=(  483.08  -301.03 -14.58) v=9.79 m/s [KF]
[lio] t=1317401445.734 | feat 3523/8160 | map   1886 | icp ok  iter  4 corr  3264 rms 0.0344   15.17 ms | p=(  484.06  -301.00 -14.64) v=9.59 m/s
[lio] t=1317401445.838 | feat 3878/8160 | map   1886 | icp ok  iter  4 corr  3648 rms 0.0367   15.77 ms | p=(  485.07  -300.97 -14.71) v=9.72 m/s [KF]
[lio] t=1317401445.942 | feat 3957/8160 | map   1892 | icp ok  iter  5 corr  3662 rms 0.0448   21.54 ms | p=(  486.08  -300.92 -14.78) v=9.77 m/s [KF]
[lio] t=1317401446.046 | feat 3787/8160 | map   1926 | icp ok  iter  4 corr  3512 rms 0.0561   18.15 ms | p=(  487.00  -300.89 -14.84) v=9.30 m/s
[lio] t=1317401446.150 | feat 3827/8160 | map   1926 | icp ok  iter  5 corr  3551 rms 0.0435   21.86 ms | p=(  488.04  -300.86 -14.91) v=9.78 m/s [KF]
[lio] t=1317401446.254 | feat 3655/8160 | map   1963 | icp ok  iter  3 corr  3219 rms 0.0371   11.48 ms | p=(  489.04  -300.83 -14.98) v=9.68 m/s [KF]
[lio] t=1317401446.358 | feat 3668/8160 | map   2012 | icp ok  iter  5 corr  3371 rms 0.0879   21.67 ms | p=(  490.01  -300.79 -15.06) v=9.47 m/s
[lio] t=1317401446.461 | feat 3938/8160 | map   2012 | icp ok  iter  5 corr  3431 rms 0.0937   21.73 ms | p=(  490.96  -300.76 -15.13) v=9.34 m/s [KF]
[lio] t=1317401446.565 | feat 3741/8160 | map   2109 | icp ok  iter  4 corr  3442 rms 0.0378   15.04 ms | p=(  491.94  -300.71 -15.20) v=9.46 m/s
[lio] t=1317401446.669 | feat 3991/8160 | map   2109 | icp ok  iter  5 corr  3610 rms 0.0417   23.02 ms | p=(  492.93  -300.65 -15.27) v=9.53 m/s [KF]
[lio] t=1317401446.773 | feat 4110/8160 | map   2171 | icp ok  iter 12 corr  3819 rms 0.0385   56.65 ms | p=(  493.88  -300.62 -15.32) v=9.34 m/s
[lio] t=1317401446.877 | feat 4147/8160 | map   2171 | icp ok  iter  4 corr  3794 rms 0.0421   19.68 ms | p=(  494.86  -300.57 -15.36) v=9.44 m/s [KF]
[lio] t=1317401446.981 | feat 3773/8160 | map   2242 | icp ok  iter  4 corr  3496 rms 0.0362   15.76 ms | p=(  495.83  -300.54 -15.41) v=9.38 m/s
[lio] t=1317401447.085 | feat 3561/8160 | map   2242 | icp ok  iter  4 corr  3065 rms 0.0489   14.04 ms | p=(  496.80  -300.51 -15.50) v=9.41 m/s [KF]
[lio] t=1317401447.189 | feat 3556/8160 | map   2310 | icp ok  iter  4 corr  3269 rms 0.0368   14.35 ms | p=(  497.73  -300.47 -15.55) v=9.19 m/s
[lio] t=1317401447.293 | feat 3429/8160 | map   2310 | icp ok  iter  4 corr  3159 rms 0.0446   15.17 ms | p=(  498.66  -300.43 -15.61) v=9.08 m/s [KF]
[lio] t=1317401447.396 | feat 3087/8160 | map   2378 | icp ok  iter  5 corr  2827 rms 0.1253   17.83 ms | p=(  499.61  -300.40 -15.71) v=9.14 m/s
[lio] t=1317401447.500 | feat 2961/8160 | map   2378 | icp ok  iter  4 corr  2633 rms 0.1254   13.08 ms | p=(  500.56  -300.37 -15.76) v=9.17 m/s [KF]
[lio] t=1317401447.604 | feat 2901/8160 | map   2471 | icp ok  iter  4 corr  2563 rms 0.0560   11.51 ms | p=(  501.49  -300.33 -15.81) v=9.08 m/s
[lio] t=1317401447.708 | feat 2859/8160 | map   2471 | icp ok  iter  4 corr  2485 rms 0.0624   12.77 ms | p=(  502.41  -300.31 -15.86) v=8.96 m/s [KF]
[lio] t=1317401447.812 | feat 2922/8160 | map   2538 | icp ok  iter  5 corr  2657 rms 0.0452   16.82 ms | p=(  503.34  -300.28 -15.94) v=9.05 m/s
[lio] t=1317401447.916 | feat 2807/8160 | map   2538 | icp ok  iter  4 corr  2549 rms 0.0402   12.70 ms | p=(  504.26  -300.25 -15.98) v=8.92 m/s [KF]
[lio] t=1317401448.020 | feat 2764/8160 | map   2584 | icp ok  iter  4 corr  2471 rms 0.0649   11.95 ms | p=(  505.19  -300.22 -16.06) v=8.99 m/s
[lio] t=1317401448.124 | feat 2856/8160 | map   2584 | icp ok  iter  4 corr  2466 rms 0.0857   12.68 ms | p=(  506.11  -300.19 -16.13) v=8.93 m/s [KF]
[lio] t=1317401448.228 | feat 2832/8160 | map   2671 | icp ok  iter  4 corr  2420 rms 0.0515   12.25 ms | p=(  507.01  -300.16 -16.20) v=8.84 m/s
[lio] t=1317401448.332 | feat 2742/8160 | map   2671 | icp ok  iter  3 corr  2240 rms 0.0729    9.97 ms | p=(  507.92  -300.13 -16.25) v=8.83 m/s [KF]
[lio] t=1317401448.436 | feat 2810/8160 | map   2763 | icp ok  iter  4 corr  2421 rms 0.0534   11.95 ms | p=(  508.84  -300.10 -16.32) v=8.88 m/s
[lio] t=1317401448.540 | feat 2988/8160 | map   2763 | icp ok  iter  4 corr  2394 rms 0.0584   13.72 ms | p=(  509.73  -300.07 -16.36) v=8.78 m/s [KF]
[lio] t=1317401448.643 | feat 2528/8160 | map   2867 | icp ok  iter  4 corr  2155 rms 0.0647   10.26 ms | p=(  510.63  -300.04 -16.41) v=8.74 m/s
[lio] t=1317401448.747 | feat 2615/8160 | map   2867 | icp ok  iter  4 corr  2307 rms 0.0574   11.74 ms | p=(  511.53  -300.01 -16.47) v=8.69 m/s [KF]
[lio] t=1317401448.851 | feat 2495/8160 | map   2915 | icp ok  iter  4 corr  2054 rms 0.0439    9.62 ms | p=(  512.44  -299.97 -16.56) v=8.83 m/s
[lio] t=1317401448.955 | feat 3226/8160 | map   2915 | icp ok  iter  6 corr  2740 rms 0.0609   19.43 ms | p=(  513.32  -299.93 -16.62) v=8.66 m/s [KF]
[lio] t=1317401449.059 | feat 2976/8160 | map   2987 | icp ok  iter  4 corr  2555 rms 0.0703   12.54 ms | p=(  514.22  -299.90 -16.69) v=8.70 m/s
[lio] t=1317401449.163 | feat 2980/8160 | map   2987 | icp ok  iter  3 corr  2555 rms 0.0344    8.52 ms | p=(  515.09  -299.86 -16.77) v=8.58 m/s [KF]
[lio] t=1317401449.267 | feat 2882/8160 | map   3012 | icp ok  iter  3 corr  2510 rms 0.0368    8.66 ms | p=(  515.99  -299.82 -16.83) v=8.66 m/s
[lio] t=1317401449.371 | feat 3221/8145 | map   3012 | icp ok  iter  6 corr  2927 rms 0.0480   22.13 ms | p=(  516.86  -299.78 -16.89) v=8.53 m/s [KF]
[lio] t=1317401449.475 | feat 3436/8160 | map   3009 | icp ok  iter  4 corr  3124 rms 0.0371   15.07 ms | p=(  517.75  -299.74 -16.98) v=8.63 m/s
[lio] t=1317401449.579 | feat 3787/8160 | map   3009 | icp ok  iter  4 corr  3527 rms 0.0388   15.52 ms | p=(  518.65  -299.70 -17.05) v=8.72 m/s [KF]
[lio] t=1317401449.683 | feat 4511/8160 | map   3048 | icp ok  iter 12 corr  4242 rms 0.0502   67.21 ms | p=(  519.51  -299.66 -17.12) v=8.50 m/s
[lio] t=1317401449.787 | feat 4887/8160 | map   3048 | icp ok  iter 12 corr  4580 rms 0.0381   62.07 ms | p=(  520.41  -299.63 -17.17) v=8.63 m/s [KF]
[lio] t=1317401449.891 | feat 4432/8160 | map   3082 | icp ok  iter  5 corr  4126 rms 0.0364   25.71 ms | p=(  521.29  -299.58 -17.23) v=8.62 m/s
[lio] t=1317401449.995 | feat 4503/8160 | map   3082 | icp ok  iter  4 corr  4140 rms 0.0439   20.03 ms | p=(  522.18  -299.55 -17.31) v=8.67 m/s [KF]
[lio] t=1317401450.099 | feat 4842/8160 | map   3098 | icp ok  iter  6 corr  4549 rms 0.0376   32.45 ms | p=(  523.05  -299.51 -17.39) v=8.62 m/s
[lio] t=1317401450.203 | feat 4413/8160 | map   3098 | icp ok  iter  4 corr  4080 rms 0.0368   18.48 ms | p=(  523.98  -299.47 -17.46) v=8.92 m/s [KF]
[lio] t=1317401450.307 | feat 4299/8160 | map   3107 | icp ok  iter  4 corr  3936 rms 0.0301   16.65 ms | p=(  524.87  -299.43 -17.53) v=8.81 m/s
[lio] t=1317401450.411 | feat 4268/8160 | map   3107 | icp ok  iter  5 corr  3822 rms 0.0491   22.57 ms | p=(  525.77  -299.40 -17.59) v=8.81 m/s [KF]
[lio] t=1317401450.515 | feat 3502/8160 | map   3111 | icp ok  iter  4 corr  3192 rms 0.0295   16.81 ms | p=(  526.69  -299.35 -17.67) v=8.96 m/s
[lio] t=1317401450.618 | feat 3406/8160 | map   3111 | icp ok  iter  5 corr  3003 rms 0.0383   16.93 ms | p=(  527.61  -299.32 -17.72) v=8.97 m/s [KF]
[lio] t=1317401450.722 | feat 3129/8160 | map   3087 | icp ok  iter  5 corr  2606 rms 0.0376   18.98 ms | p=(  528.50  -299.29 -17.79) v=8.83 m/s
[lio] t=1317401450.826 | feat 2822/8160 | map   3087 | icp ok  iter  6 corr  2331 rms 0.0343   18.01 ms | p=(  529.44  -299.26 -17.87) v=9.03 m/s [KF]
[lio] t=1317401450.930 | feat 3088/8160 | map   3067 | icp ok  iter  5 corr  2521 rms 0.0394   16.60 ms | p=(  530.35  -299.22 -17.94) v=8.94 m/s
[lio] t=1317401451.034 | feat 3003/8160 | map   3067 | icp ok  iter  5 corr  2451 rms 0.0366   17.33 ms | p=(  531.27  -299.17 -18.00) v=8.91 m/s [KF]
[lio] t=1317401451.138 | feat 2765/8120 | map   3051 | icp ok  iter  3 corr  2442 rms 0.0364    9.11 ms | p=(  532.17  -299.13 -18.06) v=8.85 m/s
[lio] t=1317401451.242 | feat 2823/8160 | map   3051 | icp ok  iter  5 corr  2446 rms 0.0357   15.78 ms | p=(  533.08  -299.09 -18.13) v=8.81 m/s [KF]
[lio] t=1317401451.346 | feat 2654/8160 | map   3067 | icp ok  iter  4 corr  2315 rms 0.0547   12.08 ms | p=(  533.98  -299.05 -18.19) v=8.79 m/s
[lio] t=1317401451.450 | feat 2429/8160 | map   3067 | icp ok  iter  4 corr  1981 rms 0.0424   10.84 ms | p=(  534.87  -299.02 -18.26) v=8.69 m/s [KF]
[lio] t=1317401451.554 | feat 2370/8160 | map   3028 | icp ok  iter  5 corr  2116 rms 0.0410   13.06 ms | p=(  535.79  -298.98 -18.33) v=8.82 m/s
[lio] t=1317401451.658 | feat 2146/8160 | map   3028 | icp ok  iter  4 corr  1781 rms 0.0432    9.35 ms | p=(  536.67  -298.94 -18.40) v=8.70 m/s [KF]
[lio] t=1317401451.762 | feat 2323/8160 | map   2985 | icp ok  iter  5 corr  1953 rms 0.0370   12.20 ms | p=(  537.56  -298.90 -18.45) v=8.62 m/s
[lio] t=1317401451.866 | feat 1990/8160 | map   2985 | icp ok  iter  4 corr  1592 rms 0.0531    9.33 ms | p=(  538.52  -298.88 -18.52) v=9.04 m/s [KF]
[lio] t=1317401451.970 | feat 2064/8160 | map   2967 | icp ok  iter  4 corr  1602 rms 0.0329    7.82 ms | p=(  539.37  -298.84 -18.58) v=8.55 m/s
[lio] t=1317401452.074 | feat 1842/8160 | map   2967 | icp ok  iter  4 corr  1425 rms 0.0406    6.12 ms | p=(  540.25  -298.81 -18.66) v=8.58 m/s [KF]
[lio] t=1317401452.178 | feat 1865/8160 | map   2941 | icp ok  iter  4 corr  1431 rms 0.0415    6.72 ms | p=(  541.16  -298.78 -18.71) v=8.78 m/s
[lio] t=1317401452.282 | feat 2498/8129 | map   2941 | icp ok  iter  4 corr  2068 rms 0.0448   11.29 ms | p=(  542.00  -298.75 -18.78) v=8.43 m/s [KF]
[lio] t=1317401452.386 | feat 2707/8160 | map   2961 | icp ok  iter  4 corr  2299 rms 0.0310   11.20 ms | p=(  542.90  -298.71 -18.83) v=8.63 m/s
[lio] t=1317401452.490 | feat 3094/8153 | map   2961 | icp ok  iter  3 corr  2527 rms 0.0341    9.97 ms | p=(  543.79  -298.68 -18.92) v=8.65 m/s [KF]
[lio] t=1317401452.594 | feat 2596/8160 | map   2971 | icp ok  iter  4 corr  2083 rms 0.0362    9.86 ms | p=(  544.70  -298.64 -18.99) v=8.79 m/s
[lio] t=1317401452.698 | feat 2411/8160 | map   2971 | icp ok  iter  4 corr  1908 rms 0.0443    9.81 ms | p=(  545.63  -298.62 -19.07) v=8.98 m/s [KF]
[lio] t=1317401452.802 | feat 2346/8160 | map   2947 | icp ok  iter  4 corr  1748 rms 0.0382    9.55 ms | p=(  546.51  -298.60 -19.13) v=8.74 m/s
[lio] t=1317401452.906 | feat 2224/8160 | map   2947 | icp ok  iter  4 corr  1426 rms 0.0323    6.99 ms | p=(  547.43  -298.57 -19.21) v=8.84 m/s [KF]
[lio] t=1317401453.010 | feat 2816/8160 | map   2916 | icp ok  iter  4 corr  2347 rms 0.0381   12.18 ms | p=(  548.29  -298.54 -19.28) v=8.58 m/s
[lio] t=1317401453.114 | feat 3415/8160 | map   2916 | icp ok  iter  4 corr  2876 rms 0.0337   13.66 ms | p=(  549.15  -298.51 -19.34) v=8.44 m/s [KF]
[lio] t=1317401453.218 | feat 3432/8148 | map   2886 | icp ok  iter  4 corr  3119 rms 0.0341   13.36 ms | p=(  550.05  -298.49 -19.39) v=8.61 m/s
[lio] t=1317401453.322 | feat 3551/8160 | map   2886 | icp ok  iter  4 corr  3152 rms 0.0394   15.49 ms | p=(  550.92  -298.46 -19.47) v=8.54 m/s [KF]
[lio] t=1317401453.425 | feat 2638/8160 | map   2772 | icp ok  iter  4 corr  2241 rms 0.0404    9.98 ms | p=(  551.78  -298.43 -19.54) v=8.44 m/s
[lio] t=1317401453.529 | feat 2754/8160 | map   2772 | icp ok  iter  5 corr  2447 rms 0.0535   15.97 ms | p=(  552.58  -298.40 -19.61) v=8.05 m/s [KF]
[lio] t=1317401453.633 | feat 2928/8160 | map   2631 | icp ok  iter  6 corr  2425 rms 0.0442   18.27 ms | p=(  553.46  -298.38 -19.68) v=8.36 m/s
[lio] t=1317401453.737 | feat 2743/8160 | map   2631 | icp ok  iter  5 corr  2261 rms 0.0370   14.44 ms | p=(  554.33  -298.36 -19.75) v=8.38 m/s [KF]
[lio] t=1317401453.841 | feat 3232/8160 | map   2531 | icp ok  iter  4 corr  2817 rms 0.0312   12.43 ms | p=(  555.22  -298.34 -19.82) v=8.54 m/s
[lio] t=1317401453.945 | feat 3051/8155 | map   2531 | icp ok  iter  6 corr  2651 rms 0.0346   21.55 ms | p=(  555.89  -298.33 -19.88) v=7.35 m/s [KF]
[lio] t=1317401454.049 | feat 3308/8160 | map   2456 | icp ok  iter  4 corr  2754 rms 0.0470   14.87 ms | p=(  556.99  -298.30 -19.98) v=9.39 m/s [KF]
[lio] t=1317401454.153 | feat 2952/8160 | map   2383 | icp ok  iter  6 corr  2603 rms 0.0781   21.25 ms | p=(  557.72  -298.28 -20.02) v=7.97 m/s
[lio] t=1317401454.257 | feat 2905/8154 | map   2383 | icp ok  iter 10 corr  2410 rms 0.0784   34.99 ms | p=(  558.72  -298.25 -20.10) v=9.00 m/s [KF]
[lio] t=1317401454.361 | feat 2737/8146 | map   2345 | icp ok  iter  8 corr  2357 rms 0.0463   25.63 ms | p=(  559.46  -298.23 -20.15) v=7.90 m/s
[lio] t=1317401454.465 | feat 2409/8142 | map   2345 | icp ok  iter  5 corr  1926 rms 0.0586   13.40 ms | p=(  560.34  -298.21 -20.23) v=8.34 m/s [KF]
[lio] t=1317401454.569 | feat 2687/8160 | map   2281 | icp ok  iter  5 corr  2353 rms 0.0465   14.35 ms | p=(  561.19  -298.19 -20.30) v=8.33 m/s
[lio] t=1317401454.673 | feat 2696/8160 | map   2281 | icp ok  iter  4 corr  2219 rms 0.0484   12.23 ms | p=(  562.09  -298.16 -20.38) v=8.57 m/s [KF]
[lio] t=1317401454.777 | feat 2912/8160 | map   2291 | icp ok  iter  4 corr  2420 rms 0.0416   12.15 ms | p=(  562.91  -298.15 -20.43) v=8.17 m/s
[lio] t=1317401454.881 | feat 2791/8155 | map   2291 | icp ok  iter  4 corr  2176 rms 0.0501   11.73 ms | p=(  563.75  -298.13 -20.51) v=8.19 m/s [KF]
[lio] t=1317401454.985 | feat 2830/8160 | map   2303 | icp ok  iter  4 corr  2243 rms 0.0482   11.59 ms | p=(  564.57  -298.12 -20.57) v=8.03 m/s
[lio] t=1317401455.089 | feat 2904/8160 | map   2303 | icp ok  iter  4 corr  2285 rms 0.0528   11.17 ms | p=(  565.41  -298.10 -20.65) v=8.11 m/s [KF]
[lio] t=1317401455.193 | feat 3168/8160 | map   2384 | icp ok  iter  4 corr  2775 rms 0.0500   13.99 ms | p=(  566.21  -298.08 -20.72) v=7.93 m/s
[lio] t=1317401455.297 | feat 2643/8160 | map   2384 | icp ok  iter  4 corr  2278 rms 0.0701   13.93 ms | p=(  566.99  -298.07 -20.80) v=7.78 m/s [KF]
[lio] t=1317401455.401 | feat 2320/8160 | map   2450 | icp ok  iter  3 corr  1948 rms 0.0641    8.40 ms | p=(  567.86  -298.05 -20.85) v=8.24 m/s
[lio] t=1317401455.505 | feat 2173/8160 | map   2450 | icp ok  iter  4 corr  1805 rms 0.0488    9.15 ms | p=(  568.69  -298.04 -20.92) v=8.15 m/s [KF]
[lio] t=1317401455.609 | feat 2222/8129 | map   2481 | icp ok  iter  4 corr  1842 rms 0.0431    9.39 ms | p=(  569.54  -298.02 -20.97) v=8.26 m/s
[lio] t=1317401455.713 | feat 2367/8142 | map   2481 | icp ok  iter  5 corr  1915 rms 0.0554   13.82 ms | p=(  570.36  -298.01 -21.05) v=8.15 m/s [KF]
[lio] t=1317401455.817 | feat 2483/8135 | map   2553 | icp ok  iter  5 corr  2161 rms 0.0909   15.30 ms | p=(  571.21  -298.00 -21.13) v=8.29 m/s
[lio] t=1317401455.921 | feat 2460/8145 | map   2553 | icp ok  iter  5 corr  2166 rms 0.1293   15.00 ms | p=(  572.04  -297.98 -21.18) v=8.23 m/s [KF]
[lio] t=1317401456.025 | feat 2445/8160 | map   2592 | icp ok  iter  4 corr  1945 rms 0.0538    9.09 ms | p=(  572.92  -297.97 -21.26) v=8.45 m/s
[lio] t=1317401456.128 | feat 2310/8160 | map   2592 | icp ok  iter  3 corr  1864 rms 0.0691    7.96 ms | p=(  573.79  -297.96 -21.33) v=8.54 m/s [KF]
[lio] t=1317401456.232 | feat 2077/8160 | map   2646 | icp ok  iter  5 corr  1834 rms 0.0320   10.44 ms | p=(  574.65  -297.94 -21.41) v=8.49 m/s
[lio] t=1317401456.336 | feat 2443/8160 | map   2646 | icp ok  iter  4 corr  2160 rms 0.0504   11.53 ms | p=(  575.51  -297.92 -21.48) v=8.49 m/s [KF]
[lio] t=1317401456.440 | feat 2462/8160 | map   2630 | icp ok  iter  4 corr  2100 rms 0.0522   10.74 ms | p=(  576.40  -297.90 -21.55) v=8.65 m/s
[lio] t=1317401456.544 | feat 2332/8160 | map   2630 | icp ok  iter  7 corr  2071 rms 0.0623   21.10 ms | p=(  577.26  -297.88 -21.62) v=8.52 m/s [KF]
[lio] t=1317401456.648 | feat 2364/8113 | map   2633 | icp ok  iter  5 corr  2158 rms 0.0795   15.26 ms | p=(  578.15  -297.86 -21.70) v=8.68 m/s
[lio] t=1317401456.752 | feat 2467/8158 | map   2633 | icp ok  iter  5 corr  2180 rms 0.0932   14.83 ms | p=(  579.04  -297.86 -21.78) v=8.75 m/s [KF]
[lio] t=1317401456.856 | feat 2902/8144 | map   2677 | icp ok  iter  4 corr  2660 rms 0.0464   13.16 ms | p=(  579.93  -297.83 -21.85) v=8.76 m/s
[lio] t=1317401456.960 | feat 2476/8160 | map   2677 | icp ok  iter  4 corr  2243 rms 0.0458   11.23 ms | p=(  580.86  -297.79 -21.93) v=8.98 m/s [KF]
[lio] t=1317401457.063 | feat 2462/8160 | map   2660 | icp ok  iter  4 corr  2191 rms 0.0429   10.94 ms | p=(  581.77  -297.76 -22.00) v=8.98 m/s
[lio] t=1317401457.167 | feat 2682/8160 | map   2660 | icp ok  iter  5 corr  2311 rms 0.0477   16.22 ms | p=(  582.68  -297.72 -22.07) v=8.98 m/s [KF]
[lio] t=1317401457.271 | feat 2693/8151 | map   2710 | icp ok  iter  5 corr  2420 rms 0.0452   14.75 ms | p=(  583.61  -297.67 -22.14) v=9.05 m/s
[lio] t=1317401457.375 | feat 2794/8160 | map   2710 | icp ok  iter  5 corr  2506 rms 0.0462   14.47 ms | p=(  584.49  -297.64 -22.22) v=8.83 m/s [KF]
[lio] t=1317401457.479 | feat 3605/8160 | map   2701 | icp ok  iter  5 corr  3335 rms 0.0428   20.25 ms | p=(  585.48  -297.59 -22.32) v=9.38 m/s
[lio] t=1317401457.583 | feat 3635/8160 | map   2701 | icp ok  iter  5 corr  3294 rms 0.0482   18.72 ms | p=(  586.39  -297.55 -22.40) v=9.12 m/s [KF]
[lio] t=1317401457.687 | feat 4098/8160 | map   2674 | icp ok  iter 12 corr  3742 rms 0.0423   55.51 ms | p=(  587.31  -297.51 -22.46) v=9.06 m/s
[lio] t=1317401457.791 | feat 4158/8160 | map   2674 | icp ok  iter  4 corr  3719 rms 0.0489   18.98 ms | p=(  588.29  -297.46 -22.55) v=9.34 m/s [KF]
[lio] t=1317401457.895 | feat 4059/8160 | map   2681 | icp ok  iter  4 corr  3774 rms 0.0379   17.83 ms | p=(  589.23  -297.42 -22.61) v=9.23 m/s
[lio] t=1317401457.999 | feat 3998/8160 | map   2681 | icp ok  iter  5 corr  3665 rms 0.0399   24.45 ms | p=(  590.13  -297.39 -22.69) v=8.97 m/s [KF]
[lio] t=1317401458.102 | feat 3862/8160 | map   2675 | icp ok  iter  4 corr  3518 rms 0.0406   17.68 ms | p=(  591.08  -297.35 -22.76) v=9.14 m/s
[lio] t=1317401458.206 | feat 3611/8160 | map   2675 | icp ok  iter  6 corr  3263 rms 0.0397   25.48 ms | p=(  592.03  -297.32 -22.86) v=9.19 m/s [KF]
[lio] t=1317401458.310 | feat 3728/8160 | map   2687 | icp ok  iter  7 corr  3375 rms 0.0466   28.53 ms | p=(  592.92  -297.29 -22.93) v=8.92 m/s
[lio] t=1317401458.414 | feat 4293/8160 | map   2687 | icp ok  iter  5 corr  3872 rms 0.0465   28.89 ms | p=(  593.83  -297.25 -23.02) v=8.91 m/s [KF]
[lio] t=1317401458.518 | feat 4126/8160 | map   2682 | icp ok  iter  4 corr  3872 rms 0.0400   20.19 ms | p=(  594.78  -297.21 -23.10) v=9.12 m/s
[lio] t=1317401458.622 | feat 4089/8157 | map   2682 | icp ok  iter  5 corr  3737 rms 0.0441   22.83 ms | p=(  595.71  -297.17 -23.19) v=9.08 m/s [KF]
[lio] t=1317401458.726 | feat 3738/8160 | map   2684 | icp ok  iter  4 corr  3429 rms 0.0450   15.88 ms | p=(  596.60  -297.13 -23.27) v=8.82 m/s
[lio] t=1317401458.830 | feat 3453/8160 | map   2684 | icp ok  iter  4 corr  3176 rms 0.0453   18.92 ms | p=(  597.47  -297.11 -23.34) v=8.59 m/s [KF]
[lio] t=1317401458.934 | feat 3243/8160 | map   2714 | icp ok  iter  4 corr  2829 rms 0.0396   15.02 ms | p=(  598.38  -297.09 -23.42) v=8.76 m/s
[lio] t=1317401459.038 | feat 3014/8160 | map   2714 | icp ok  iter 12 corr  2628 rms 0.0321   41.61 ms | p=(  599.30  -297.06 -23.52) v=8.89 m/s [KF]
[lio] t=1317401459.141 | feat 3292/8156 | map   2748 | icp ok  iter  4 corr  3002 rms 0.0405   15.15 ms | p=(  600.21  -297.04 -23.59) v=8.88 m/s
[lio] t=1317401459.245 | feat 3195/8160 | map   2748 | icp ok  iter  5 corr  2806 rms 0.0351   17.37 ms | p=(  601.11  -297.02 -23.65) v=8.76 m/s [KF]
[lio] t=1317401459.349 | feat 3044/8160 | map   2761 | icp ok  iter  5 corr  2697 rms 0.0467   16.31 ms | p=(  602.00  -296.99 -23.72) v=8.70 m/s
[lio] t=1317401459.453 | feat 2919/8160 | map   2761 | icp ok  iter 12 corr  2509 rms 0.1592   46.70 ms | p=(  602.84  -296.95 -23.81) v=8.40 m/s [KF]
[lio] t=1317401459.557 | feat 2895/8160 | map   2777 | icp ok  iter 12 corr  2463 rms 0.0531   37.87 ms | p=(  603.78  -296.94 -23.88) v=8.86 m/s
[lio] t=1317401459.661 | feat 2707/8160 | map   2777 | icp ok  iter  4 corr  2288 rms 0.0522   11.69 ms | p=(  604.65  -296.92 -23.96) v=8.63 m/s [KF]
[lio] t=1317401459.765 | feat 2487/8160 | map   2784 | icp ok  iter  5 corr  2089 rms 0.0419   15.01 ms | p=(  605.60  -296.88 -24.04) v=9.05 m/s
[lio] t=1317401459.869 | feat 2133/8160 | map   2784 | icp ok  iter  7 corr  1771 rms 0.0323   14.21 ms | p=(  606.43  -296.86 -24.12) v=8.47 m/s [KF]
[lio] t=1317401459.973 | feat 2294/8160 | map   2793 | icp ok  iter  4 corr  1886 rms 0.0294    8.88 ms | p=(  607.34  -296.83 -24.20) v=8.67 m/s
[lio] t=1317401460.077 | feat 2117/8160 | map   2793 | icp ok  iter  6 corr  1722 rms 0.0419   13.67 ms | p=(  608.16  -296.81 -24.28) v=8.25 m/s [KF]
[lio] t=1317401460.181 | feat 2153/8160 | map   2808 | icp ok  iter  5 corr  1873 rms 0.0567   12.00 ms | p=(  609.05  -296.77 -24.37) v=8.53 m/s
[lio] t=1317401460.285 | feat 1990/8139 | map   2808 | icp ok  iter 12 corr  1669 rms 0.0571   30.25 ms | p=(  609.92  -296.74 -24.46) v=8.52 m/s [KF]
[lio] t=1317401460.389 | feat 2112/8100 | map   2794 | icp ok  iter  4 corr  1712 rms 0.0346    8.11 ms | p=(  610.80  -296.73 -24.53) v=8.60 m/s
[lio] t=1317401460.493 | feat 2111/8109 | map   2794 | icp ok  iter  4 corr  1683 rms 0.0498    7.96 ms | p=(  611.70  -296.69 -24.62) v=8.68 m/s [KF]
[lio] t=1317401460.597 | feat 2038/8124 | map   2782 | icp ok  iter  4 corr  1656 rms 0.0387    8.20 ms | p=(  612.52  -296.68 -24.68) v=8.22 m/s
[lio] t=1317401460.701 | feat 2288/8099 | map   2782 | icp ok  iter  4 corr  1918 rms 0.0582    9.94 ms | p=(  613.34  -296.68 -24.74) v=8.12 m/s [KF]
[lio] t=1317401460.805 | feat 2351/8153 | map   2765 | icp ok  iter  5 corr  1907 rms 0.0710   12.92 ms | p=(  614.28  -296.63 -24.85) v=8.73 m/s
[lio] t=1317401460.908 | feat 2635/8139 | map   2765 | icp ok  iter  6 corr  2174 rms 0.0747   16.08 ms | p=(  615.04  -296.63 -24.94) v=7.97 m/s [KF]
[lio] t=1317401461.012 | feat 2752/8154 | map   2729 | icp ok  iter  4 corr  2349 rms 0.0343   12.29 ms | p=(  615.91  -296.60 -25.03) v=8.25 m/s
[lio] t=1317401461.116 | feat 2809/8140 | map   2729 | icp ok  iter  4 corr  2342 rms 0.0426   10.82 ms | p=(  616.69  -296.58 -25.10) v=7.78 m/s [KF]
[lio] t=1317401461.220 | feat 3131/8152 | map   2701 | icp ok  iter  5 corr  2644 rms 0.0408   15.91 ms | p=(  617.42  -296.57 -25.16) v=7.29 m/s
[lio] t=1317401461.324 | feat 2795/8126 | map   2701 | icp ok  iter  5 corr  2203 rms 0.0421   13.61 ms | p=(  618.32  -296.54 -25.25) v=8.09 m/s [KF]
[lio] t=1317401461.428 | feat 3093/8160 | map   2631 | icp ok  iter  5 corr  2601 rms 0.0351   15.67 ms | p=(  619.03  -296.51 -25.33) v=7.30 m/s
[lio] t=1317401461.532 | feat 3349/8160 | map   2631 | icp ok  iter  4 corr  2725 rms 0.0358   13.35 ms | p=(  619.76  -296.49 -25.41) v=7.06 m/s [KF]
[lio] t=1317401461.636 | feat 3641/8160 | map   2599 | icp ok  iter  4 corr  3047 rms 0.0325   14.85 ms | p=(  620.64  -296.46 -25.49) v=7.90 m/s
[lio] t=1317401461.740 | feat 4159/8160 | map   2599 | icp ok  iter  6 corr  3512 rms 0.0381   29.52 ms | p=(  621.24  -296.45 -25.55) v=6.52 m/s [KF]
[lio] t=1317401461.844 | feat 4292/8160 | map   2589 | icp ok  iter  8 corr  3634 rms 0.0409   33.95 ms | p=(  621.96  -296.43 -25.62) v=6.74 m/s
[lio] t=1317401461.949 | feat 4296/8160 | map   2589 | icp ok  iter  6 corr  3598 rms 0.0402   27.63 ms | p=(  622.65  -296.42 -25.69) v=6.58 m/s [KF]
[lio] t=1317401462.053 | feat 4329/8160 | map   2560 | icp ok  iter  4 corr  3597 rms 0.0402   19.25 ms | p=(  623.34  -296.42 -25.74) v=6.51 m/s
[lio] t=1317401462.157 | feat 4145/8154 | map   2560 | icp ok  iter  5 corr  3445 rms 0.0470   21.49 ms | p=(  623.96  -296.41 -25.80) v=6.14 m/s [KF]
[lio] t=1317401462.261 | feat 4368/8139 | map   2608 | icp ok  iter  5 corr  3733 rms 0.0370   22.71 ms | p=(  624.56  -296.43 -25.86) v=5.84 m/s
[lio] t=1317401462.365 | feat 4140/8160 | map   2608 | icp ok  iter  5 corr  3412 rms 0.0351   22.18 ms | p=(  625.21  -296.44 -25.93) v=6.07 m/s [KF]
[lio] t=1317401462.469 | feat 4010/8160 | map   2640 | icp ok  iter 12 corr  3334 rms 0.0316   54.51 ms | p=(  625.73  -296.46 -25.98) v=5.37 m/s
[lio] t=1317401462.573 | feat 4151/8160 | map   2640 | icp ok  iter  7 corr  3432 rms 0.0349   31.43 ms | p=(  626.35  -296.48 -26.04) v=5.69 m/s [KF]
[lio] t=1317401462.677 | feat 3799/8160 | map   2687 | icp ok  iter  4 corr  3080 rms 0.0304   15.56 ms | p=(  626.84  -296.51 -26.08) v=5.04 m/s
[lio] t=1317401462.781 | feat 3861/8160 | map   2687 | icp ok  iter  4 corr  3115 rms 0.0297   15.17 ms | p=(  627.43  -296.55 -26.12) v=5.42 m/s [KF]
[lio] t=1317401462.885 | feat 3894/8159 | map   2731 | icp ok  iter  4 corr  3220 rms 0.0302   17.23 ms | p=(  627.97  -296.58 -26.18) v=5.35 m/s
[lio] t=1317401462.990 | feat 3801/8160 | map   2731 | icp ok  iter  6 corr  3101 rms 0.0305   25.67 ms | p=(  628.40  -296.61 -26.22) v=4.66 m/s
[lio] t=1317401463.094 | feat 3228/8160 | map   2731 | icp ok  iter  5 corr  2597 rms 0.0354   15.65 ms | p=(  628.94  -296.66 -26.28) v=4.99 m/s [KF]
[lio] t=1317401463.198 | feat 3361/8103 | map   2777 | icp ok  iter  4 corr  2875 rms 0.0314   15.26 ms | p=(  629.42  -296.70 -26.32) v=4.80 m/s
[lio] t=1317401463.302 | feat 3013/8094 | map   2777 | icp ok  iter  4 corr  2536 rms 0.0326   12.36 ms | p=(  629.89  -296.74 -26.36) v=4.68 m/s
[lio] t=1317401463.405 | feat 3195/8120 | map   2777 | icp ok  iter  4 corr  2673 rms 0.0309   13.13 ms | p=(  630.37  -296.78 -26.40) v=4.64 m/s [KF]
[lio] t=1317401463.509 | feat 3250/8122 | map   2864 | icp ok  iter  4 corr  2775 rms 0.0284   13.26 ms | p=(  630.84  -296.82 -26.45) v=4.61 m/s
[lio] t=1317401463.613 | feat 3197/8120 | map   2864 | icp ok  iter  4 corr  2706 rms 0.0361   14.19 ms | p=(  631.29  -296.86 -26.50) v=4.46 m/s
[lio] t=1317401463.717 | feat 3406/8160 | map   2864 | icp ok  iter  5 corr  2833 rms 0.0404   15.52 ms | p=(  631.73  -296.89 -26.54) v=4.32 m/s [KF]
[lio] t=1317401463.821 | feat 3425/8160 | map   2998 | icp ok  iter  4 corr  3055 rms 0.0301   12.40 ms | p=(  632.16  -296.93 -26.57) v=4.23 m/s
[lio] t=1317401463.925 | feat 3481/8160 | map   2998 | icp ok  iter  4 corr  3043 rms 0.0303   14.22 ms | p=(  632.57  -296.96 -26.59) v=4.04 m/s
[lio] t=1317401464.028 | feat 3421/8160 | map   2998 | icp ok  iter  4 corr  3034 rms 0.0271   14.63 ms | p=(  632.98  -296.98 -26.62) v=3.96 m/s [KF]
[lio] t=1317401464.132 | feat 3444/8160 | map   3099 | icp ok  iter  4 corr  3068 rms 0.0293   14.45 ms | p=(  633.37  -297.00 -26.64) v=3.85 m/s
[lio] t=1317401464.236 | feat 3529/8160 | map   3099 | icp ok  iter  6 corr  3177 rms 0.0331   23.13 ms | p=(  633.76  -297.00 -26.68) v=3.83 m/s
[lio] t=1317401464.340 | feat 3582/8148 | map   3099 | icp ok  iter  4 corr  3234 rms 0.0345   16.01 ms | p=(  634.13  -297.00 -26.72) v=3.70 m/s [KF]
[lio] t=1317401464.443 | feat 3467/8160 | map   3229 | icp ok  iter  3 corr  3219 rms 0.0275   11.65 ms | p=(  634.50  -297.01 -26.75) v=3.61 m/s
[lio] t=1317401464.547 | feat 3202/8160 | map   3229 | icp ok  iter  3 corr  2910 rms 0.0346   10.61 ms | p=(  634.85  -297.00 -26.78) v=3.53 m/s
[lio] t=1317401464.651 | feat 3133/8141 | map   3229 | icp ok  iter  4 corr  2867 rms 0.0347   14.19 ms | p=(  635.21  -296.99 -26.81) v=3.53 m/s [KF]
[lio] t=1317401464.754 | feat 3124/8123 | map   3334 | icp ok  iter  4 corr  2963 rms 0.0306   14.45 ms | p=(  635.56  -296.97 -26.85) v=3.44 m/s
[lio] t=1317401464.858 | feat 3077/8135 | map   3334 | icp ok  iter  4 corr  2890 rms 0.0309   13.17 ms | p=(  635.89  -296.94 -26.87) v=3.31 m/s
[lio] t=1317401464.962 | feat 3050/8160 | map   3334 | icp ok  iter  3 corr  2798 rms 0.0393   10.72 ms | p=(  636.22  -296.90 -26.90) v=3.30 m/s [KF]
[lio] t=1317401465.065 | feat 3138/8138 | map   3450 | icp ok  iter  4 corr  2977 rms 0.0374   14.17 ms | p=(  636.55  -296.84 -26.92) v=3.27 m/s
[lio] t=1317401465.169 | feat 3152/8160 | map   3450 | icp ok  iter  4 corr  2973 rms 0.0470   15.50 ms | p=(  636.85  -296.78 -26.94) v=3.12 m/s
[lio] t=1317401465.273 | feat 3074/8160 | map   3450 | icp ok  iter  3 corr  2880 rms 0.0387   11.08 ms | p=(  637.16  -296.71 -26.96) v=3.11 m/s
[lio] t=1317401465.376 | feat 3108/8160 | map   3450 | icp ok  iter  5 corr  2881 rms 0.0421   16.84 ms | p=(  637.46  -296.63 -26.98) v=3.10 m/s [KF]
[lio] t=1317401465.480 | feat 3090/8160 | map   3504 | icp ok  iter  4 corr  2952 rms 0.0351   15.43 ms | p=(  637.76  -296.54 -27.00) v=3.10 m/s
[lio] t=1317401465.584 | feat 3290/8160 | map   3504 | icp ok  iter  4 corr  3128 rms 0.0335   13.20 ms | p=(  638.05  -296.43 -27.02) v=3.06 m/s
[lio] t=1317401465.688 | feat 2808/8160 | map   3504 | icp ok  iter  3 corr  2673 rms 0.0347   10.04 ms | p=(  638.34  -296.32 -27.05) v=3.07 m/s
[lio] t=1317401465.792 | feat 2970/8160 | map   3504 | icp ok  iter  4 corr  2803 rms 0.0377   11.93 ms | p=(  638.62  -296.18 -27.07) v=3.13 m/s [KF]
[lio] t=1317401465.895 | feat 2695/8160 | map   3584 | icp ok  iter  4 corr  2586 rms 0.0392   11.40 ms | p=(  638.90  -296.04 -27.10) v=3.20 m/s
[lio] t=1317401465.999 | feat 2789/8160 | map   3584 | icp ok  iter 12 corr  2654 rms 0.0406   37.46 ms | p=(  639.20  -295.91 -27.12) v=3.27 m/s
[lio] t=1317401466.103 | feat 2752/8160 | map   3584 | icp ok  iter  4 corr  2576 rms 0.0908   12.03 ms | p=(  639.49  -295.69 -27.15) v=3.51 m/s [KF]
[lio] t=1317401466.207 | feat 3014/8160 | map   3621 | icp ok  iter  4 corr  2889 rms 0.0381   13.39 ms | p=(  639.79  -295.49 -27.17) v=3.61 m/s
[lio] t=1317401466.310 | feat 2881/8160 | map   3621 | icp ok  iter  5 corr  2774 rms 0.0373   16.98 ms | p=(  640.09  -295.30 -27.18) v=3.60 m/s
[lio] t=1317401466.414 | feat 2901/8160 | map   3621 | icp ok  iter  6 corr  2744 rms 0.0349   18.85 ms | p=(  640.38  -295.07 -27.21) v=3.71 m/s [KF]
[lio] t=1317401466.518 | feat 3011/8159 | map   3664 | icp ok  iter  4 corr  2904 rms 0.0310   12.81 ms | p=(  640.68  -294.84 -27.24) v=3.75 m/s
[lio] t=1317401466.622 | feat 2891/8160 | map   3664 | icp ok  iter  4 corr  2775 rms 0.0352   13.67 ms | p=(  640.97  -294.58 -27.27) v=3.89 m/s
[lio] t=1317401466.726 | feat 3021/8160 | map   3664 | icp ok  iter  4 corr  2825 rms 0.0310   11.98 ms | p=(  641.27  -294.32 -27.30) v=3.96 m/s [KF]
[lio] t=1317401466.829 | feat 2985/8160 | map   3711 | icp ok  iter  4 corr  2842 rms 0.0380   13.80 ms | p=(  641.56  -294.04 -27.33) v=4.03 m/s
[lio] t=1317401466.933 | feat 2954/8160 | map   3711 | icp ok  iter  4 corr  2809 rms 0.0453   14.98 ms | p=(  641.84  -293.75 -27.35) v=4.06 m/s
[lio] t=1317401467.037 | feat 3176/8160 | map   3711 | icp ok  iter  4 corr  2845 rms 0.0523   14.31 ms | p=(  642.14  -293.43 -27.37) v=4.24 m/s [KF]
[lio] t=1317401467.141 | feat 2993/8160 | map   3754 | icp ok  iter  5 corr  2922 rms 0.0484   18.23 ms | p=(  642.41  -293.09 -27.40) v=4.32 m/s
[lio] t=1317401467.244 | feat 3108/8160 | map   3754 | icp ok  iter  4 corr  2966 rms 0.0543   14.24 ms | p=(  642.67  -292.73 -27.42) v=4.40 m/s
[lio] t=1317401467.348 | feat 2890/8160 | map   3754 | icp ok  iter  4 corr  2766 rms 0.0589   14.53 ms | p=(  642.92  -292.35 -27.43) v=4.47 m/s [KF]
[lio] t=1317401467.452 | feat 2752/8160 | map   3807 | icp ok  iter  5 corr  2626 rms 0.1302   18.83 ms | p=(  643.15  -291.96 -27.45) v=4.55 m/s
[lio] t=1317401467.556 | feat 2736/8160 | map   3807 | icp ok  iter  5 corr  2570 rms 0.0848   17.18 ms | p=(  643.38  -291.54 -27.47) v=4.70 m/s
[lio] t=1317401467.659 | feat 2912/8160 | map   3807 | icp ok  iter  4 corr  2762 rms 0.1230   15.06 ms | p=(  643.58  -291.12 -27.48) v=4.69 m/s [KF]
[lio] t=1317401467.763 | feat 2493/8160 | map   3898 | icp ok  iter  4 corr  2330 rms 0.0822   12.38 ms | p=(  643.78  -290.64 -27.49) v=4.96 m/s
[lio] t=1317401467.867 | feat 2761/8160 | map   3898 | icp ok  iter  7 corr  2509 rms 0.1116   25.26 ms | p=(  643.95  -290.16 -27.51) v=5.07 m/s [KF]
[lio] t=1317401467.971 | feat 2564/8126 | map   3932 | icp ok  iter  4 corr  2378 rms 0.0432   12.95 ms | p=(  644.13  -289.63 -27.52) v=5.42 m/s
[lio] t=1317401468.075 | feat 2454/8158 | map   3932 | icp ok  iter  4 corr  2256 rms 0.0339   10.60 ms | p=(  644.29  -289.07 -27.52) v=5.72 m/s [KF]
[lio] t=1317401468.179 | feat 2540/8145 | map   3926 | icp ok  iter  5 corr  2302 rms 0.0379   14.61 ms | p=(  644.43  -288.48 -27.53) v=5.88 m/s
[lio] t=1317401468.283 | feat 2684/8160 | map   3926 | icp ok  iter  3 corr  2456 rms 0.0440   10.35 ms | p=(  644.53  -287.88 -27.53) v=6.03 m/s [KF]
[lio] t=1317401468.387 | feat 2528/8160 | map   3938 | icp ok  iter  4 corr  2371 rms 0.0434   10.69 ms | p=(  644.62  -287.26 -27.53) v=6.17 m/s
[lio] t=1317401468.491 | feat 3074/8160 | map   3938 | icp ok  iter  5 corr  2842 rms 0.0710   16.87 ms | p=(  644.71  -286.58 -27.52) v=6.57 m/s [KF]
[lio] t=1317401468.595 | feat 3067/8160 | map   3959 | icp ok  iter  5 corr  2914 rms 0.0801   19.35 ms | p=(  644.74  -285.91 -27.51) v=6.58 m/s
[lio] t=1317401468.699 | feat 3168/8160 | map   3959 | icp ok  iter  9 corr  2965 rms 0.0871   40.15 ms | p=(  644.75  -285.24 -27.50) v=6.65 m/s [KF]
[lio] t=1317401468.804 | feat 3177/8160 | map   3964 | icp ok  iter 10 corr  3015 rms 0.0523   46.24 ms | p=(  644.73  -284.55 -27.48) v=6.78 m/s
[lio] t=1317401468.908 | feat 3394/8160 | map   3964 | icp ok  iter  5 corr  3187 rms 0.0505   24.24 ms | p=(  644.72  -283.83 -27.46) v=6.96 m/s [KF]
[lio] t=1317401469.012 | feat 2969/8160 | map   3970 | icp ok  iter  5 corr  2828 rms 0.0763   18.51 ms | p=(  644.72  -283.08 -27.44) v=7.28 m/s
[lio] t=1317401469.117 | feat 2819/8160 | map   3970 | icp ok  iter  4 corr  2658 rms 0.0755   12.72 ms | p=(  644.70  -282.22 -27.42) v=7.96 m/s [KF]
[lio] t=1317401469.221 | feat 2806/8160 | map   3950 | icp ok  iter  5 corr  2659 rms 0.0380   15.28 ms | p=(  644.70  -281.40 -27.40) v=8.07 m/s
[lio] t=1317401469.325 | feat 2738/8156 | map   3950 | icp ok  iter  6 corr  2546 rms 0.0460   18.54 ms | p=(  644.69  -280.43 -27.38) v=8.91 m/s [KF]
[lio] t=1317401469.430 | feat 2928/8156 | map   3937 | icp ok  iter  6 corr  2790 rms 0.0411   19.70 ms | p=(  644.68  -279.62 -27.36) v=8.37 m/s
[lio] t=1317401469.534 | feat 2937/8160 | map   3937 | icp ok  iter  7 corr  2743 rms 0.0442   23.56 ms | p=(  644.68  -278.69 -27.33) v=8.85 m/s [KF]
[lio] t=1317401469.638 | feat 2945/8139 | map   3914 | icp ok  iter  4 corr  2662 rms 0.0530   13.15 ms | p=(  644.68  -277.72 -27.31) v=9.24 m/s
[lio] t=1317401469.742 | feat 2808/8160 | map   3914 | icp ok  iter  5 corr  2582 rms 0.0773   17.81 ms | p=(  644.67  -276.79 -27.29) v=9.21 m/s [KF]
[lio] t=1317401469.846 | feat 2607/8160 | map   3901 | icp ok  iter  5 corr  2359 rms 0.0417   15.09 ms | p=(  644.69  -275.73 -27.25) v=9.95 m/s [KF]
[lio] t=1317401469.950 | feat 2780/8133 | map   3884 | icp ok  iter  5 corr  2547 rms 0.0408   15.68 ms | p=(  644.68  -274.84 -27.22) v=9.22 m/s
[lio] t=1317401470.055 | feat 2803/8160 | map   3884 | icp ok  iter  6 corr  2581 rms 0.0456   19.93 ms | p=(  644.68  -273.78 -27.19) v=9.93 m/s [KF]
[lio] t=1317401470.159 | feat 2461/8160 | map   3846 | icp ok  iter  5 corr  2237 rms 0.0768   14.29 ms | p=(  644.69  -272.79 -27.15) v=9.81 m/s
[lio] t=1317401470.263 | feat 2521/8160 | map   3846 | icp ok  iter  4 corr  2302 rms 0.0678   12.24 ms | p=(  644.69  -271.78 -27.12) v=9.92 m/s [KF]
[lio] t=1317401470.367 | feat 2476/8160 | map   3800 | icp ok  iter  5 corr  2144 rms 0.1365   13.95 ms | p=(  644.70  -270.71 -27.09) v=10.28 m/s [KF]
[lio] t=1317401470.471 | feat 2577/8160 | map   3770 | icp ok  iter  4 corr  2284 rms 0.0516   12.14 ms | p=(  644.69  -269.57 -27.05) v=10.80 m/s [KF]
[lio] t=1317401470.575 | feat 2838/8160 | map   3695 | icp ok  iter  4 corr  2536 rms 0.0400   12.27 ms | p=(  644.69  -268.45 -27.02) v=10.89 m/s [KF]
[lio] t=1317401470.679 | feat 2879/8160 | map   3606 | icp ok  iter  4 corr  2570 rms 0.0448   14.03 ms | p=(  644.69  -267.24 -26.99) v=11.42 m/s [KF]
[lio] t=1317401470.783 | feat 2900/8160 | map   3536 | icp ok  iter  4 corr  2605 rms 0.0338   13.82 ms | p=(  644.68  -266.11 -26.95) v=11.14 m/s [KF]
[lio] t=1317401470.886 | feat 2736/8157 | map   3482 | icp ok  iter  3 corr  2404 rms 0.0404    8.58 ms | p=(  644.68  -264.96 -26.92) v=11.22 m/s [KF]
[lio] t=1317401470.990 | feat 2821/8160 | map   3436 | icp ok  iter  5 corr  2529 rms 0.0384   15.44 ms | p=(  644.66  -263.79 -26.89) v=11.30 m/s [KF]
[lio] t=1317401471.094 | feat 2914/8160 | map   3434 | icp ok  iter  3 corr  2580 rms 0.0322    9.83 ms | p=(  644.64  -262.62 -26.85) v=11.35 m/s [KF]
[lio] t=1317401471.198 | feat 2742/8160 | map   3394 | icp ok  iter  4 corr  2538 rms 0.0369   11.75 ms | p=(  644.63  -261.45 -26.82) v=11.42 m/s [KF]
[lio] t=1317401471.302 | feat 2739/8160 | map   3332 | icp ok  iter  5 corr  2467 rms 0.0447   15.60 ms | p=(  644.61  -260.22 -26.78) v=11.71 m/s [KF]
[lio] t=1317401471.406 | feat 2630/8160 | map   3283 | icp ok  iter  4 corr  2421 rms 0.0276    9.84 ms | p=(  644.60  -258.99 -26.75) v=11.83 m/s [KF]
[lio] t=1317401471.510 | feat 2930/8160 | map   3174 | icp ok  iter  5 corr  2619 rms 0.0350   14.94 ms | p=(  644.60  -257.69 -26.71) v=12.24 m/s [KF]
[lio] t=1317401471.614 | feat 2489/8160 | map   3130 | icp ok  iter  4 corr  2267 rms 0.0324   10.29 ms | p=(  644.58  -256.42 -26.67) v=12.23 m/s [KF]
[lio] t=1317401471.718 | feat 2256/8160 | map   3063 | icp ok  iter  4 corr  2047 rms 0.0364   10.00 ms | p=(  644.56  -255.17 -26.64) v=12.09 m/s [KF]
[lio] t=1317401471.822 | feat 2502/8160 | map   3041 | icp ok  iter 12 corr  2228 rms 0.1053   36.27 ms | p=(  644.53  -253.92 -26.60) v=12.04 m/s [KF]
[lio] t=1317401471.926 | feat 2596/8160 | map   3004 | icp ok  iter 12 corr  2353 rms 0.0627   43.20 ms | p=(  644.52  -252.31 -26.57) v=14.11 m/s [KF]
[lio] t=1317401472.030 | feat 2429/8160 | map   2948 | icp ok  iter  7 corr  2152 rms 0.0664   21.20 ms | p=(  644.49  -251.30 -26.54) v=11.39 m/s [KF]
[lio] t=1317401472.134 | feat 2619/8160 | map   2904 | icp ok  iter  5 corr  2346 rms 0.0393   13.79 ms | p=(  644.46  -250.10 -26.51) v=11.45 m/s [KF]
[lio] t=1317401472.238 | feat 2569/8160 | map   2841 | icp ok  iter  8 corr  2290 rms 0.0483   19.59 ms | p=(  644.43  -249.02 -26.49) v=10.81 m/s [KF]
[lio] t=1317401472.341 | feat 2614/8160 | map   2824 | icp ok  iter  7 corr  2430 rms 0.0720   19.22 ms | p=(  644.40  -247.74 -26.47) v=11.69 m/s [KF]
[lio] t=1317401472.445 | feat 2553/8160 | map   2834 | icp ok  iter  7 corr  2274 rms 0.0311   17.38 ms | p=(  644.37  -246.39 -26.43) v=12.45 m/s [KF]
[lio] t=1317401472.549 | feat 2593/8160 | map   2841 | icp ok  iter  6 corr  2373 rms 0.0611   17.47 ms | p=(  644.35  -245.20 -26.41) v=11.87 m/s [KF]
[lio] t=1317401472.653 | feat 2563/8160 | map   2851 | icp ok  iter  4 corr  2309 rms 0.0344   12.65 ms | p=(  644.32  -244.14 -26.39) v=10.82 m/s [KF]
[lio] t=1317401472.757 | feat 2620/8160 | map   2836 | icp ok  iter  5 corr  2384 rms 0.0623   17.87 ms | p=(  644.30  -242.91 -26.36) v=11.37 m/s [KF]
[lio] t=1317401472.861 | feat 2565/8160 | map   2818 | icp ok  iter  7 corr  2257 rms 0.0351   21.67 ms | p=(  644.27  -241.78 -26.34) v=11.04 m/s [KF]
[lio] t=1317401472.964 | feat 2454/8160 | map   2819 | icp ok  iter  4 corr  2216 rms 0.0366   12.45 ms | p=(  644.24  -240.60 -26.31) v=11.24 m/s [KF]
[lio] t=1317401473.068 | feat 2734/8160 | map   2812 | icp ok  iter  6 corr  2491 rms 0.0399   19.20 ms | p=(  644.21  -239.43 -26.29) v=11.26 m/s [KF]
[lio] t=1317401473.172 | feat 3027/8160 | map   2828 | icp ok  iter  7 corr  2831 rms 0.0515   28.87 ms | p=(  644.18  -238.08 -26.27) v=12.30 m/s [KF]
[lio] t=1317401473.276 | feat 3115/8160 | map   2862 | icp ok  iter  5 corr  2886 rms 0.0533   19.72 ms | p=(  644.15  -236.92 -26.24) v=11.57 m/s [KF]
[lio] t=1317401473.380 | feat 3296/8160 | map   2848 | icp ok  iter  4 corr  3009 rms 0.0823   13.52 ms | p=(  644.12  -235.73 -26.22) v=11.47 m/s [KF]
[lio] t=1317401473.484 | feat 3168/8160 | map   2880 | icp ok  iter  4 corr  2916 rms 0.0324   13.29 ms | p=(  644.09  -234.53 -26.20) v=11.49 m/s [KF]
[lio] t=1317401473.587 | feat 3227/8160 | map   2859 | icp ok  iter  4 corr  2981 rms 0.0372   13.95 ms | p=(  644.06  -233.36 -26.18) v=11.38 m/s [KF]
[lio] t=1317401473.691 | feat 3162/8160 | map   2835 | icp ok  iter  4 corr  2932 rms 0.0325   12.53 ms | p=(  644.03  -232.21 -26.16) v=11.16 m/s [KF]
[lio] t=1317401473.795 | feat 2956/8160 | map   2803 | icp ok  iter 12 corr  2751 rms 0.0342   38.28 ms | p=(  644.01  -230.99 -26.14) v=11.49 m/s [KF]
[lio] t=1317401473.899 | feat 2875/8160 | map   2793 | icp ok  iter  5 corr  2627 rms 0.0478   15.32 ms | p=(  643.98  -229.72 -26.11) v=11.91 m/s [KF]
[lio] t=1317401474.003 | feat 3040/8160 | map   2802 | icp ok  iter  5 corr  2748 rms 0.0346   16.31 ms | p=(  643.96  -228.55 -26.08) v=11.48 m/s [KF]
[lio] t=1317401474.106 | feat 2882/8160 | map   2821 | icp ok  iter  4 corr  2556 rms 0.0398   12.21 ms | p=(  643.93  -227.38 -26.06) v=11.32 m/s [KF]
[lio] t=1317401474.210 | feat 2767/8160 | map   2831 | icp ok  iter  6 corr  2345 rms 0.0828   17.20 ms | p=(  643.90  -226.07 -26.04) v=12.07 m/s [KF]
[lio] t=1317401474.314 | feat 2919/8160 | map   2839 | icp ok  iter  4 corr  2540 rms 0.0673   10.98 ms | p=(  643.89  -224.90 -26.00) v=11.59 m/s [KF]
[lio] t=1317401474.418 | feat 2848/8160 | map   2851 | icp ok  iter  5 corr  2530 rms 0.0566   15.58 ms | p=(  643.86  -223.86 -25.98) v=10.60 m/s [KF]
[lio] t=1317401474.521 | feat 2933/8160 | map   2866 | icp ok  iter  5 corr  2635 rms 0.0442   17.10 ms | p=(  643.84  -222.69 -25.95) v=10.96 m/s [KF]
[lio] t=1317401474.625 | feat 3202/8160 | map   2870 | icp ok  iter  6 corr  2829 rms 0.0421   20.61 ms | p=(  643.82  -221.50 -25.93) v=11.23 m/s [KF]
[lio] t=1317401474.729 | feat 3125/8160 | map   2917 | icp ok  iter  9 corr  2815 rms 0.0535   30.33 ms | p=(  643.80  -220.42 -25.90) v=10.71 m/s [KF]
[lio] t=1317401474.833 | feat 3022/8160 | map   2920 | icp ok  iter 10 corr  2594 rms 0.0359   32.26 ms | p=(  643.77  -218.89 -25.87) v=13.14 m/s [KF]
[lio] t=1317401474.937 | feat 3309/8160 | map   2984 | icp ok  iter  5 corr  2994 rms 0.0372   20.79 ms | p=(  643.75  -217.92 -25.85) v=10.84 m/s
[lio] t=1317401475.040 | feat 3434/8160 | map   2984 | icp ok  iter  5 corr  3006 rms 0.0413   16.81 ms | p=(  643.73  -216.90 -25.83) v=10.16 m/s [KF]
[lio] t=1317401475.144 | feat 3284/8160 | map   3043 | icp ok  iter 10 corr  3040 rms 0.0450   40.93 ms | p=(  643.71  -215.81 -25.80) v=10.36 m/s [KF]
[lio] t=1317401475.248 | feat 3177/8160 | map   3086 | icp ok  iter  5 corr  2859 rms 0.0621   18.77 ms | p=(  643.68  -214.49 -25.78) v=11.76 m/s [KF]
[lio] t=1317401475.351 | feat 3312/8160 | map   3122 | icp ok  iter  6 corr  2922 rms 0.0904   22.35 ms | p=(  643.66  -213.40 -25.76) v=10.98 m/s [KF]
[lio] t=1317401475.455 | feat 3230/8160 | map   3177 | icp ok  iter  4 corr  2778 rms 0.0511   13.28 ms | p=(  643.63  -212.25 -25.73) v=11.00 m/s [KF]
[lio] t=1317401475.559 | feat 3575/8160 | map   3220 | icp ok  iter  7 corr  3137 rms 0.0377   26.87 ms | p=(  643.60  -211.19 -25.70) v=10.52 m/s [KF]
[lio] t=1317401475.663 | feat 3199/8160 | map   3254 | icp ok  iter  5 corr  2689 rms 0.0331   15.35 ms | p=(  643.57  -210.02 -25.68) v=10.98 m/s [KF]
[lio] t=1317401475.766 | feat 3281/8160 | map   3274 | icp ok  iter  5 corr  2849 rms 0.0375   15.88 ms | p=(  643.54  -208.84 -25.66) v=11.18 m/s [KF]
[lio] t=1317401475.870 | feat 3660/8160 | map   3287 | icp ok  iter  4 corr  3214 rms 0.0588   15.04 ms | p=(  643.51  -207.68 -25.64) v=11.14 m/s [KF]
[lio] t=1317401475.974 | feat 3700/8160 | map   3296 | icp ok  iter  4 corr  3174 rms 0.0452   15.43 ms | p=(  643.46  -206.54 -25.63) v=11.03 m/s [KF]
[lio] t=1317401476.077 | feat 3672/8160 | map   3331 | icp ok  iter  5 corr  3101 rms 0.0342   17.46 ms | p=(  643.41  -205.40 -25.62) v=10.96 m/s [KF]
[lio] t=1317401476.181 | feat 3349/8160 | map   3331 | icp ok  iter  5 corr  2799 rms 0.0368   17.32 ms | p=(  643.34  -204.26 -25.60) v=10.99 m/s [KF]
[lio] t=1317401476.285 | feat 3478/8160 | map   3305 | icp ok  iter  3 corr  2867 rms 0.0407   10.57 ms | p=(  643.28  -203.14 -25.59) v=10.83 m/s [KF]
[lio] t=1317401476.389 | feat 3679/8160 | map   3263 | icp ok  iter  5 corr  3070 rms 0.0357   19.92 ms | p=(  643.20  -202.02 -25.57) v=10.77 m/s [KF]
[lio] t=1317401476.492 | feat 3457/8160 | map   3224 | icp ok  iter  3 corr  2889 rms 0.0369    9.83 ms | p=(  643.12  -200.90 -25.55) v=10.76 m/s [KF]
[lio] t=1317401476.596 | feat 3595/8160 | map   3189 | icp ok  iter  5 corr  3070 rms 0.0357   17.97 ms | p=(  643.03  -199.76 -25.52) v=10.90 m/s [KF]
[lio] t=1317401476.700 | feat 3515/8160 | map   3171 | icp ok  iter 12 corr  3071 rms 0.0386   48.70 ms | p=(  642.93  -198.65 -25.50) v=10.74 m/s [KF]
[lio] t=1317401476.803 | feat 3611/8160 | map   3137 | icp ok  iter  3 corr  3044 rms 0.0426   11.34 ms | p=(  642.82  -197.54 -25.47) v=10.71 m/s [KF]
[lio] t=1317401476.907 | feat 3408/8160 | map   3113 | icp ok  iter  4 corr  2669 rms 0.0388   13.07 ms | p=(  642.70  -196.44 -25.46) v=10.64 m/s [KF]
[lio] t=1317401477.011 | feat 3381/8160 | map   3128 | icp ok  iter  4 corr  2685 rms 0.0385   13.26 ms | p=(  642.57  -195.33 -25.44) v=10.72 m/s [KF]
[lio] t=1317401477.115 | feat 3537/8160 | map   3140 | icp ok  iter  4 corr  2993 rms 0.0552   15.92 ms | p=(  642.44  -194.24 -25.41) v=10.55 m/s [KF]
[lio] t=1317401477.219 | feat 3510/8160 | map   3177 | icp ok  iter  5 corr  3035 rms 0.0462   18.64 ms | p=(  642.31  -193.15 -25.38) v=10.48 m/s [KF]
[lio] t=1317401477.323 | feat 3362/8160 | map   3192 | icp ok  iter  4 corr  2906 rms 0.0412   14.30 ms | p=(  642.19  -192.08 -25.35) v=10.39 m/s [KF]
[lio] t=1317401477.427 | feat 3304/8160 | map   3221 | icp ok  iter  4 corr  2882 rms 0.0503   14.06 ms | p=(  642.05  -191.00 -25.31) v=10.40 m/s [KF]
[lio] t=1317401477.531 | feat 3180/8160 | map   3267 | icp ok  iter  3 corr  2793 rms 0.0378   10.16 ms | p=(  641.92  -189.92 -25.27) v=10.41 m/s [KF]
[lio] t=1317401477.634 | feat 3388/8160 | map   3250 | icp ok  iter  3 corr  2959 rms 0.0379   11.79 ms | p=(  641.79  -188.85 -25.21) v=10.33 m/s [KF]
[lio] t=1317401477.738 | feat 3404/8160 | map   3256 | icp ok  iter  2 corr  3028 rms 0.0447    7.29 ms | p=(  641.66  -187.79 -25.17) v=10.26 m/s [KF]
[lio] t=1317401477.842 | feat 3529/8160 | map   3298 | icp ok  iter  4 corr  3174 rms 0.0328   15.94 ms | p=(  641.52  -186.73 -25.14) v=10.22 m/s [KF]
[lio] t=1317401477.946 | feat 3363/8160 | map   3333 | icp ok  iter  4 corr  2972 rms 0.0516   13.81 ms | p=(  641.40  -185.68 -25.11) v=10.18 m/s [KF]
[lio] t=1317401478.050 | feat 3195/8160 | map   3358 | icp ok  iter  3 corr  2791 rms 0.0389   11.22 ms | p=(  641.27  -184.62 -25.06) v=10.22 m/s [KF]
[lio] t=1317401478.154 | feat 3310/8160 | map   3401 | icp ok  iter  4 corr  2912 rms 0.0440   13.68 ms | p=(  641.14  -183.57 -25.04) v=10.18 m/s [KF]
[lio] t=1317401478.258 | feat 3216/8160 | map   3457 | icp ok  iter  3 corr  2807 rms 0.0328    9.33 ms | p=(  641.03  -182.50 -25.01) v=10.27 m/s [KF]
[lio] t=1317401478.362 | feat 3390/8160 | map   3478 | icp ok  iter  3 corr  2963 rms 0.0420   10.20 ms | p=(  640.92  -181.46 -24.99) v=10.13 m/s [KF]
[lio] t=1317401478.466 | feat 3591/8160 | map   3544 | icp ok  iter  4 corr  3149 rms 0.0301   16.05 ms | p=(  640.80  -180.39 -24.98) v=10.29 m/s [KF]
[lio] t=1317401478.570 | feat 3580/8160 | map   3592 | icp ok  iter  4 corr  3224 rms 0.0536   14.39 ms | p=(  640.70  -179.33 -24.98) v=10.26 m/s [KF]
[lio] t=1317401478.674 | feat 4103/8160 | map   3649 | icp ok  iter  3 corr  3659 rms 0.0376   13.79 ms | p=(  640.61  -178.26 -24.96) v=10.27 m/s [KF]
[lio] t=1317401478.778 | feat 4250/8160 | map   3706 | icp ok  iter  3 corr  3905 rms 0.0414   14.40 ms | p=(  640.53  -177.20 -24.96) v=10.31 m/s [KF]
[lio] t=1317401478.882 | feat 4144/8160 | map   3754 | icp ok  iter  4 corr  3846 rms 0.0333   17.41 ms | p=(  640.45  -176.11 -24.96) v=10.43 m/s [KF]
[lio] t=1317401478.986 | feat 4238/8160 | map   3789 | icp ok  iter  4 corr  3832 rms 0.0375   18.23 ms | p=(  640.39  -175.03 -24.96) v=10.45 m/s [KF]
[lio] t=1317401479.090 | feat 4364/8160 | map   3805 | icp ok  iter  4 corr  3947 rms 0.0302   17.88 ms | p=(  640.33  -173.94 -24.96) v=10.50 m/s [KF]
[lio] t=1317401479.194 | feat 4058/8160 | map   3820 | icp ok  iter  4 corr  3760 rms 0.0351   18.92 ms | p=(  640.28  -172.84 -24.96) v=10.53 m/s [KF]
[lio] t=1317401479.298 | feat 4255/8160 | map   3822 | icp ok  iter  4 corr  3938 rms 0.0306   18.85 ms | p=(  640.24  -171.75 -24.95) v=10.55 m/s [KF]
[lio] t=1317401479.402 | feat 4083/8160 | map   3814 | icp ok  iter  3 corr  3808 rms 0.0326   14.36 ms | p=(  640.20  -170.64 -24.94) v=10.64 m/s [KF]
[lio] t=1317401479.506 | feat 4112/8160 | map   3808 | icp ok  iter  4 corr  3823 rms 0.0469   18.48 ms | p=(  640.17  -169.54 -24.94) v=10.67 m/s [KF]
[lio] t=1317401479.610 | feat 3866/8143 | map   3795 | icp ok  iter  4 corr  3567 rms 0.0355   16.22 ms | p=(  640.15  -168.40 -24.92) v=10.89 m/s [KF]
[lio] t=1317401479.714 | feat 3536/8160 | map   3789 | icp ok  iter  4 corr  3180 rms 0.0306   16.13 ms | p=(  640.14  -167.28 -24.91) v=10.85 m/s [KF]
[lio] t=1317401479.817 | feat 3746/8160 | map   3746 | icp ok  iter  3 corr  3331 rms 0.0681   12.88 ms | p=(  640.12  -166.15 -24.92) v=10.87 m/s [KF]
[lio] t=1317401479.921 | feat 3346/8160 | map   3712 | icp ok  iter  5 corr  2987 rms 0.0436   17.23 ms | p=(  640.10  -165.03 -24.91) v=10.89 m/s [KF]
[lio] t=1317401480.025 | feat 2998/8160 | map   3701 | icp ok  iter  4 corr  2687 rms 0.0305   12.80 ms | p=(  640.07  -163.90 -24.91) v=10.93 m/s [KF]
[lio] t=1317401480.129 | feat 3142/8160 | map   3663 | icp ok  iter  4 corr  2834 rms 0.0338   13.36 ms | p=(  640.06  -162.75 -24.90) v=11.03 m/s [KF]
[lio] t=1317401480.233 | feat 3134/8160 | map   3659 | icp ok  iter  4 corr  2810 rms 0.0435   12.64 ms | p=(  640.05  -161.61 -24.90) v=11.01 m/s [KF]
[lio] t=1317401480.337 | feat 3367/8160 | map   3614 | icp ok  iter  3 corr  3068 rms 0.0451   11.38 ms | p=(  640.03  -160.45 -24.89) v=11.18 m/s [KF]
[lio] t=1317401480.440 | feat 3524/8160 | map   3576 | icp ok  iter  4 corr  3083 rms 0.0478   15.71 ms | p=(  640.01  -159.27 -24.89) v=11.29 m/s [KF]
[lio] t=1317401480.544 | feat 3313/8160 | map   3547 | icp ok  iter  4 corr  2955 rms 0.0760   14.64 ms | p=(  639.99  -158.12 -24.87) v=11.15 m/s [KF]
[lio] t=1317401480.648 | feat 3013/8160 | map   3511 | icp ok  iter  4 corr  2687 rms 0.0312   11.42 ms | p=(  639.97  -156.97 -24.87) v=11.14 m/s [KF]
[lio] t=1317401480.752 | feat 3083/8160 | map   3449 | icp ok  iter  3 corr  2720 rms 0.0338    9.28 ms | p=(  639.95  -155.82 -24.86) v=11.06 m/s [KF]
[lio] t=1317401480.856 | feat 3100/8160 | map   3395 | icp ok  iter  4 corr  2812 rms 0.0420   12.52 ms | p=(  639.92  -154.67 -24.86) v=11.07 m/s [KF]
[lio] t=1317401480.960 | feat 3072/8160 | map   3330 | icp ok  iter  4 corr  2633 rms 0.0520   12.48 ms | p=(  639.90  -153.55 -24.85) v=10.88 m/s [KF]
[lio] t=1317401481.064 | feat 2604/8160 | map   3265 | icp ok  iter  4 corr  2217 rms 0.0409   11.23 ms | p=(  639.87  -152.35 -24.85) v=11.28 m/s [KF]
[lio] t=1317401481.167 | feat 2531/8160 | map   3223 | icp ok  iter  5 corr  2152 rms 0.0518   14.19 ms | p=(  639.84  -151.27 -24.85) v=10.73 m/s [KF]
[lio] t=1317401481.271 | feat 2851/8160 | map   3172 | icp ok  iter  5 corr  2370 rms 0.0533   17.02 ms | p=(  639.80  -150.09 -24.84) v=11.06 m/s [KF]
[lio] t=1317401481.375 | feat 3076/8160 | map   3101 | icp ok  iter  5 corr  2685 rms 0.0388   15.72 ms | p=(  639.77  -148.92 -24.84) v=11.17 m/s [KF]
[lio] t=1317401481.479 | feat 2814/8160 | map   3030 | icp ok  iter  4 corr  2282 rms 0.0501   10.46 ms | p=(  639.73  -147.81 -24.83) v=10.85 m/s [KF]
[lio] t=1317401481.583 | feat 2821/8160 | map   3008 | icp ok  iter  4 corr  2435 rms 0.0455   12.54 ms | p=(  639.70  -146.61 -24.83) v=11.29 m/s [KF]
[lio] t=1317401481.687 | feat 2896/8160 | map   2948 | icp ok  iter  7 corr  2524 rms 0.0444   24.78 ms | p=(  639.67  -145.26 -24.83) v=12.31 m/s [KF]
[lio] t=1317401481.791 | feat 2626/8160 | map   2953 | icp ok  iter 12 corr  2226 rms 0.0357   35.84 ms | p=(  639.65  -144.29 -24.82) v=10.48 m/s
[lio] t=1317401481.894 | feat 2720/8160 | map   2953 | icp ok  iter  5 corr  2119 rms 0.0521   14.58 ms | p=(  639.63  -143.24 -24.80) v=10.19 m/s [KF]
[lio] t=1317401481.998 | feat 3049/8160 | map   2936 | icp ok  iter  5 corr  2574 rms 0.0585   16.29 ms | p=(  639.60  -142.20 -24.80) v=10.10 m/s [KF]
[lio] t=1317401482.102 | feat 3164/8160 | map   2918 | icp ok  iter  5 corr  2719 rms 0.0414   17.67 ms | p=(  639.57  -141.10 -24.79) v=10.33 m/s [KF]
[lio] t=1317401482.206 | feat 3235/8160 | map   2897 | icp ok  iter  4 corr  2912 rms 0.0391   14.40 ms | p=(  639.55  -140.05 -24.78) v=10.14 m/s [KF]
[lio] t=1317401482.310 | feat 2816/8160 | map   2856 | icp ok  iter  5 corr  2321 rms 0.0379   16.18 ms | p=(  639.52  -138.86 -24.78) v=10.92 m/s [KF]
[lio] t=1317401482.414 | feat 2629/8160 | map   2822 | icp ok  iter  4 corr  2319 rms 0.0320   10.36 ms | p=(  639.49  -137.75 -24.78) v=10.74 m/s [KF]
[lio] t=1317401482.518 | feat 2478/8160 | map   2792 | icp ok  iter  5 corr  2113 rms 0.0320   12.17 ms | p=(  639.46  -136.61 -24.77) v=10.86 m/s [KF]
[lio] t=1317401482.622 | feat 2783/8160 | map   2752 | icp ok  iter  6 corr  2286 rms 0.0617   15.44 ms | p=(  639.43  -135.66 -24.76) v=9.79 m/s
[lio] t=1317401482.725 | feat 2560/8160 | map   2752 | icp ok  iter  4 corr  2048 rms 0.0399   10.73 ms | p=(  639.40  -134.45 -24.76) v=10.92 m/s [KF]
[lio] t=1317401482.829 | feat 2483/8149 | map   2727 | icp ok  iter  5 corr  2083 rms 0.0713   14.13 ms | p=(  639.38  -133.46 -24.75) v=10.02 m/s
[lio] t=1317401482.933 | feat 2341/8160 | map   2727 | icp ok  iter  4 corr  1959 rms 0.0341    8.99 ms | p=(  639.36  -132.23 -24.75) v=11.07 m/s [KF]
[lio] t=1317401483.037 | feat 2435/8160 | map   2740 | icp ok  iter  4 corr  2021 rms 0.0886   10.04 ms | p=(  639.33  -131.19 -24.75) v=10.42 m/s [KF]
[lio] t=1317401483.141 | feat 2288/8160 | map   2728 | icp ok  iter  4 corr  1810 rms 0.0452    8.28 ms | p=(  639.31  -130.12 -24.74) v=10.37 m/s [KF]
[lio] t=1317401483.245 | feat 2313/8160 | map   2716 | icp ok  iter  5 corr  1906 rms 0.0452   12.57 ms | p=(  639.29  -129.15 -24.75) v=9.73 m/s
[lio] t=1317401483.349 | feat 2380/8160 | map   2716 | icp ok  iter  3 corr  1837 rms 0.0474    7.26 ms | p=(  639.27  -128.14 -24.74) v=9.71 m/s [KF]
[lio] t=1317401483.453 | feat 2244/8130 | map   2718 | icp ok  iter  5 corr  1712 rms 0.0376   11.37 ms | p=(  639.24  -126.99 -24.73) v=10.52 m/s [KF]
[lio] t=1317401483.557 | feat 2240/8160 | map   2672 | icp ok  iter  5 corr  1701 rms 0.0858   10.51 ms | p=(  639.23  -125.94 -24.74) v=10.23 m/s [KF]
[lio] t=1317401483.660 | feat 2168/8148 | map   2654 | icp ok  iter  5 corr  1680 rms 0.0517   11.56 ms | p=(  639.21  -124.83 -24.73) v=10.48 m/s [KF]
[lio] t=1317401483.764 | feat 2187/8160 | map   2630 | icp ok  iter  3 corr  1788 rms 0.0552    7.64 ms | p=(  639.19  -123.71 -24.74) v=10.64 m/s [KF]
[lio] t=1317401483.868 | feat 2475/8160 | map   2594 | icp ok  iter  5 corr  2110 rms 0.0354   13.77 ms | p=(  639.17  -122.73 -24.74) v=9.89 m/s
[lio] t=1317401483.972 | feat 2482/8160 | map   2594 | icp ok  iter 12 corr  2100 rms 0.0451   32.21 ms | p=(  639.15  -121.69 -24.75) v=9.98 m/s [KF]
[lio] t=1317401484.076 | feat 2525/8160 | map   2562 | icp ok  iter  6 corr  2161 rms 0.0892   17.18 ms | p=(  639.12  -120.59 -24.74) v=10.32 m/s [KF]
[lio] t=1317401484.180 | feat 2410/8160 | map   2548 | icp ok  iter 12 corr  2090 rms 0.0379   37.94 ms | p=(  639.10  -119.16 -24.75) v=12.42 m/s [KF]
[lio] t=1317401484.284 | feat 2198/8160 | map   2522 | icp ok  iter  5 corr  2000 rms 0.0484   14.41 ms | p=(  639.07  -118.16 -24.74) v=10.68 m/s
[lio] t=1317401484.388 | feat 2270/8160 | map   2522 | icp ok  iter  7 corr  1988 rms 0.0745   19.67 ms | p=(  639.04  -116.69 -24.75) v=12.79 m/s [KF]
[lio] t=1317401484.492 | feat 2576/8160 | map   2533 | icp ok  iter  5 corr  2257 rms 0.0354   12.96 ms | p=(  639.03  -115.68 -24.76) v=10.93 m/s [KF]
[lio] t=1317401484.596 | feat 2690/8160 | map   2525 | icp ok  iter  5 corr  2312 rms 0.0449   15.31 ms | p=(  639.01  -114.63 -24.75) v=10.40 m/s [KF]
[lio] t=1317401484.700 | feat 2628/8160 | map   2521 | icp ok  iter  8 corr  2237 rms 0.1125   27.24 ms | p=(  638.98  -113.39 -24.76) v=11.33 m/s [KF]
[lio] t=1317401484.803 | feat 2550/8160 | map   2501 | icp ok  iter  5 corr  2136 rms 0.0553   14.66 ms | p=(  638.97  -112.53 -24.76) v=9.45 m/s
[lio] t=1317401484.907 | feat 2524/8160 | map   2501 | icp ok  iter  4 corr  2135 rms 0.1087   12.45 ms | p=(  638.95  -111.40 -24.76) v=10.26 m/s [KF]
[lio] t=1317401485.011 | feat 2422/8160 | map   2531 | icp ok  iter  5 corr  2043 rms 0.0350   11.03 ms | p=(  638.94  -110.39 -24.77) v=9.95 m/s [KF]
[lio] t=1317401485.115 | feat 2480/8160 | map   2492 | icp ok  iter  5 corr  2197 rms 0.0369   12.41 ms | p=(  638.92  -109.37 -24.78) v=9.82 m/s [KF]
[lio] t=1317401485.219 | feat 2668/8160 | map   2488 | icp ok  iter  4 corr  2154 rms 0.0486   12.07 ms | p=(  638.91  -108.47 -24.78) v=9.11 m/s
[lio] t=1317401485.323 | feat 2508/8160 | map   2488 | icp ok  iter  6 corr  1993 rms 0.0582   18.08 ms | p=(  638.90  -107.44 -24.78) v=9.57 m/s [KF]
[lio] t=1317401485.427 | feat 2789/8160 | map   2536 | icp ok  iter  5 corr  2340 rms 0.0629   14.53 ms | p=(  638.88  -106.45 -24.80) v=9.50 m/s
[lio] t=1317401485.531 | feat 2986/8160 | map   2536 | icp ok  iter  6 corr  2524 rms 0.0585   20.30 ms | p=(  638.89  -105.53 -24.82) v=9.11 m/s [KF]
[lio] t=1317401485.635 | feat 2858/8160 | map   2594 | icp ok  iter  6 corr  2415 rms 0.0377   17.53 ms | p=(  638.88  -104.50 -24.81) v=9.53 m/s [KF]
[lio] t=1317401485.739 | feat 2950/8160 | map   2556 | icp ok  iter  5 corr  2613 rms 0.0394   16.79 ms | p=(  638.87  -103.58 -24.82) v=9.09 m/s
[lio] t=1317401485.843 | feat 2463/8160 | map   2556 | icp ok  iter  4 corr  2052 rms 0.0364   11.01 ms | p=(  638.85  -102.57 -24.82) v=9.37 m/s [KF]
[lio] t=1317401485.947 | feat 2572/8160 | map   2546 | icp ok  iter  4 corr  2190 rms 0.0374   13.16 ms | p=(  638.84  -101.35 -24.82) v=10.70 m/s [KF]
[lio] t=1317401486.051 | feat 2671/8160 | map   2543 | icp ok  iter  5 corr  2154 rms 0.0371   13.97 ms | p=(  638.83  -100.43 -24.83) v=9.50 m/s
[lio] t=1317401486.155 | feat 2696/8160 | map   2543 | icp ok  iter  3 corr  2137 rms 0.0476    8.11 ms | p=(  638.83   -99.47 -24.83) v=9.20 m/s [KF]
[lio] t=1317401486.259 | feat 2832/8160 | map   2562 | icp ok  iter  5 corr  2404 rms 0.0489   14.35 ms | p=(  638.81   -98.55 -24.83) v=8.92 m/s
[lio] t=1317401486.362 | feat 2638/8160 | map   2562 | icp ok  iter  4 corr  2121 rms 0.0321    9.27 ms | p=(  638.81   -97.65 -24.83) v=8.65 m/s [KF]
[lio] t=1317401486.466 | feat 2616/8160 | map   2610 | icp ok  iter  4 corr  2209 rms 0.0409   11.34 ms | p=(  638.80   -96.77 -24.83) v=8.42 m/s
[lio] t=1317401486.570 | feat 2641/8160 | map   2610 | icp ok  iter  4 corr  2121 rms 0.0720   11.18 ms | p=(  638.79   -95.91 -24.83) v=8.25 m/s [KF]
[lio] t=1317401486.674 | feat 2424/8160 | map   2701 | icp ok  iter  6 corr  1945 rms 0.0482   14.50 ms | p=(  638.77   -95.01 -24.84) v=8.44 m/s
[lio] t=1317401486.778 | feat 2674/8160 | map   2701 | icp ok  iter  5 corr  2099 rms 0.0612   12.26 ms | p=(  638.77   -94.18 -24.84) v=8.11 m/s [KF]
[lio] t=1317401486.882 | feat 2938/8160 | map   2771 | icp ok  iter  4 corr  2437 rms 0.0358   12.16 ms | p=(  638.75   -93.33 -24.83) v=8.05 m/s
[lio] t=1317401486.986 | feat 2948/8160 | map   2771 | icp ok  iter  4 corr  2338 rms 0.0375   11.21 ms | p=(  638.74   -92.53 -24.84) v=7.74 m/s [KF]
[lio] t=1317401487.090 | feat 3113/8160 | map   2827 | icp ok  iter  3 corr  2669 rms 0.0405    8.68 ms | p=(  638.73   -91.70 -24.83) v=7.76 m/s
[lio] t=1317401487.194 | feat 3159/8160 | map   2827 | icp ok  iter  4 corr  2685 rms 0.0442   12.64 ms | p=(  638.72   -90.91 -24.84) v=7.62 m/s [KF]
[lio] t=1317401487.298 | feat 3393/8160 | map   2894 | icp ok  iter  5 corr  2876 rms 0.0387   17.97 ms | p=(  638.72   -90.14 -24.84) v=7.39 m/s
[lio] t=1317401487.402 | feat 3265/8146 | map   2894 | icp ok  iter  5 corr  2675 rms 0.0419   16.05 ms | p=(  638.71   -89.37 -24.85) v=7.31 m/s [KF]
[lio] t=1317401487.506 | feat 3715/8120 | map   2978 | icp ok  iter  4 corr  3166 rms 0.0366   14.56 ms | p=(  638.70   -88.63 -24.84) v=7.10 m/s
[lio] t=1317401487.610 | feat 3761/8093 | map   2978 | icp ok  iter 12 corr  3254 rms 0.0376   49.08 ms | p=(  638.70   -87.89 -24.85) v=6.97 m/s [KF]
[lio] t=1317401487.714 | feat 4040/8160 | map   3103 | icp ok  iter  4 corr  3593 rms 0.0356   16.18 ms | p=(  638.70   -87.17 -24.85) v=6.87 m/s
[lio] t=1317401487.818 | feat 3923/8160 | map   3103 | icp ok  iter  4 corr  3365 rms 0.0450   17.24 ms | p=(  638.72   -86.50 -24.85) v=6.49 m/s [KF]
[lio] t=1317401487.922 | feat 3651/8160 | map   3179 | icp ok  iter  5 corr  3218 rms 0.0304   19.20 ms | p=(  638.73   -85.81 -24.85) v=6.43 m/s
[lio] t=1317401488.026 | feat 3679/8160 | map   3179 | icp ok  iter  4 corr  3171 rms 0.0429   13.53 ms | p=(  638.75   -85.17 -24.85) v=6.13 m/s [KF]
[lio] t=1317401488.130 | feat 3796/8160 | map   3265 | icp ok  iter  4 corr  3413 rms 0.0329   14.86 ms | p=(  638.79   -84.52 -24.86) v=6.12 m/s
[lio] t=1317401488.234 | feat 3713/8160 | map   3265 | icp ok  iter  4 corr  3241 rms 0.0401   16.64 ms | p=(  638.83   -83.89 -24.87) v=6.01 m/s [KF]
[lio] t=1317401488.338 | feat 3597/8160 | map   3386 | icp ok  iter  4 corr  3239 rms 0.0314   13.87 ms | p=(  638.86   -83.28 -24.87) v=5.84 m/s
[lio] t=1317401488.443 | feat 3873/8160 | map   3386 | icp ok  iter  4 corr  3454 rms 0.0346   15.38 ms | p=(  638.90   -82.67 -24.88) v=5.80 m/s [KF]
[lio] t=1317401488.547 | feat 3785/8160 | map   3495 | icp ok  iter  4 corr  3448 rms 0.0335   18.07 ms | p=(  638.96   -82.06 -24.88) v=5.79 m/s
[lio] t=1317401488.651 | feat 3989/8160 | map   3495 | icp ok  iter  4 corr  3646 rms 0.0391   18.92 ms | p=(  639.02   -81.48 -24.88) v=5.67 m/s [KF]
[lio] t=1317401488.754 | feat 3887/8160 | map   3567 | icp ok  iter  4 corr  3561 rms 0.0319   14.87 ms | p=(  639.09   -80.88 -24.89) v=5.72 m/s
[lio] t=1317401488.858 | feat 3729/8160 | map   3567 | icp ok  iter  4 corr  3298 rms 0.0338   16.38 ms | p=(  639.16   -80.32 -24.89) v=5.51 m/s [KF]
[lio] t=1317401488.962 | feat 4025/8160 | map   3659 | icp ok  iter  4 corr  3617 rms 0.0326   16.86 ms | p=(  639.24   -79.76 -24.90) v=5.47 m/s
[lio] t=1317401489.066 | feat 4047/8160 | map   3659 | icp ok  iter  4 corr  3647 rms 0.0348   16.86 ms | p=(  639.32   -79.20 -24.90) v=5.42 m/s [KF]
[lio] t=1317401489.170 | feat 3991/8160 | map   3746 | icp ok  iter  5 corr  3478 rms 0.0339   20.74 ms | p=(  639.41   -78.64 -24.91) v=5.42 m/s
[lio] t=1317401489.274 | feat 3742/8160 | map   3746 | icp ok  iter  5 corr  3252 rms 0.0358   20.57 ms | p=(  639.50   -78.11 -24.91) v=5.25 m/s [KF]
[lio] t=1317401489.378 | feat 4033/8160 | map   3867 | icp ok  iter  6 corr  3570 rms 0.0341   23.56 ms | p=(  639.59   -77.56 -24.92) v=5.29 m/s
[lio] t=1317401489.482 | feat 3974/8160 | map   3867 | icp ok  iter  5 corr  3486 rms 0.0388   19.35 ms | p=(  639.68   -77.04 -24.93) v=5.17 m/s [KF]
[lio] t=1317401489.586 | feat 3829/8160 | map   3950 | icp ok  iter  4 corr  3389 rms 0.0273   15.07 ms | p=(  639.77   -76.51 -24.94) v=5.10 m/s
[lio] t=1317401489.690 | feat 4000/8160 | map   3950 | icp ok  iter  4 corr  3512 rms 0.0282   17.11 ms | p=(  639.87   -76.00 -24.94) v=5.00 m/s [KF]
[lio] t=1317401489.794 | feat 4250/8160 | map   4083 | icp ok  iter  5 corr  3807 rms 0.0309   24.02 ms | p=(  639.96   -75.50 -24.96) v=4.93 m/s
[lio] t=1317401489.898 | feat 4218/8160 | map   4083 | icp ok  iter  4 corr  3654 rms 0.0321   17.80 ms | p=(  640.05   -75.01 -24.97) v=4.80 m/s [KF]
[lio] t=1317401490.002 | feat 4114/8160 | map   4253 | icp ok  iter  2 corr  3577 rms 0.0293    8.39 ms | p=(  640.16   -74.51 -24.98) v=4.86 m/s
[lio] t=1317401490.106 | feat 4370/8160 | map   4253 | icp ok  iter  4 corr  3799 rms 0.0298   16.97 ms | p=(  640.27   -74.05 -24.99) v=4.60 m/s
[lio] t=1317401490.210 | feat 4281/8160 | map   4253 | icp ok  iter 12 corr  3737 rms 0.0290   57.04 ms | p=(  640.36   -73.58 -25.00) v=4.56 m/s [KF]
[lio] t=1317401490.314 | feat 4268/8160 | map   4403 | icp ok  iter  4 corr  3779 rms 0.0291   17.99 ms | p=(  640.47   -73.15 -25.01) v=4.35 m/s
[lio] t=1317401490.418 | feat 4059/8160 | map   4403 | icp ok  iter  5 corr  3517 rms 0.0421   22.07 ms | p=(  640.58   -72.70 -25.03) v=4.32 m/s
[lio] t=1317401490.522 | feat 4133/8160 | map   4403 | icp ok  iter  3 corr  3536 rms 0.0350   14.75 ms | p=(  640.70   -72.28 -25.04) v=4.19 m/s [KF]
[lio] t=1317401490.626 | feat 4006/8160 | map   4540 | icp ok  iter  4 corr  3482 rms 0.0263   15.24 ms | p=(  640.80   -71.87 -25.05) v=4.05 m/s
[lio] t=1317401490.730 | feat 3970/8160 | map   4540 | icp ok  iter  5 corr  3401 rms 0.0278   24.63 ms | p=(  640.92   -71.48 -25.06) v=3.88 m/s
[lio] t=1317401490.834 | feat 3970/8160 | map   4540 | icp ok  iter  3 corr  3365 rms 0.0319   13.54 ms | p=(  641.03   -71.10 -25.07) v=3.79 m/s [KF]
[lio] t=1317401490.938 | feat 3956/8160 | map   4679 | icp ok  iter  4 corr  3434 rms 0.0259   15.16 ms | p=(  641.13   -70.74 -25.09) v=3.66 m/s
[lio] t=1317401491.042 | feat 4022/8160 | map   4679 | icp ok  iter  5 corr  3473 rms 0.0318   19.23 ms | p=(  641.25   -70.38 -25.10) v=3.66 m/s
[lio] t=1317401491.146 | feat 4024/8160 | map   4679 | icp ok  iter  4 corr  3470 rms 0.0263   17.35 ms | p=(  641.38   -70.02 -25.12) v=3.67 m/s [KF]
[lio] t=1317401491.250 | feat 4256/8160 | map   4823 | icp ok  iter  4 corr  3749 rms 0.0484   18.82 ms | p=(  641.53   -69.67 -25.13) v=3.65 m/s
[lio] t=1317401491.355 | feat 4049/8160 | map   4823 | icp ok  iter  5 corr  3475 rms 0.0267   21.70 ms | p=(  641.64   -69.35 -25.14) v=3.29 m/s
[lio] t=1317401491.459 | feat 4331/8160 | map   4823 | icp ok  iter  5 corr  3687 rms 0.0280   22.46 ms | p=(  641.78   -69.06 -25.16) v=2.93 m/s [KF]
[lio] t=1317401491.563 | feat 4113/8160 | map   4949 | icp ok  iter  4 corr  3523 rms 0.0358   18.01 ms | p=(  641.90   -68.82 -25.17) v=2.56 m/s
[lio] t=1317401491.667 | feat 4074/8160 | map   4949 | icp ok  iter  5 corr  3441 rms 0.0341   23.79 ms | p=(  642.02   -68.60 -25.17) v=2.19 m/s
[lio] t=1317401491.771 | feat 4050/8160 | map   4949 | icp ok  iter  6 corr  3478 rms 0.0760   24.18 ms | p=(  642.11   -68.43 -25.19) v=1.78 m/s
[lio] t=1317401491.875 | feat 4110/8160 | map   4949 | icp ok  iter  4 corr  3599 rms 0.0308   18.94 ms | p=(  642.19   -68.30 -25.20) v=1.40 m/s
[lio] t=1317401491.979 | feat 4037/8160 | map   4949 | icp ok  iter  6 corr  3526 rms 0.0254   25.41 ms | p=(  642.24   -68.20 -25.21) v=0.99 m/s
[lio] t=1317401492.083 | feat 4115/8160 | map   4949 | icp ok  iter  4 corr  3575 rms 0.0320   16.68 ms | p=(  642.29   -68.12 -25.21) v=0.72 m/s [KF]
[lio] t=1317401492.187 | feat 4097/8160 | map   5018 | icp ok  iter  3 corr  3597 rms 0.0260   13.42 ms | p=(  642.32   -68.06 -25.21) v=0.50 m/s
[lio] t=1317401492.290 | feat 4150/8160 | map   5018 | icp ok  iter  4 corr  3632 rms 0.0261   19.13 ms | p=(  642.32   -68.07 -25.20) v=0.14 m/s
[lio] t=1317401492.394 | feat 3916/8160 | map   5018 | icp ok  iter  4 corr  3410 rms 0.0244   15.38 ms | p=(  642.31   -68.08 -25.21) v=0.21 m/s
[lio] t=1317401492.498 | feat 3894/8160 | map   5018 | icp ok  iter  4 corr  3341 rms 0.0370   15.57 ms | p=(  642.31   -68.08 -25.21) v=0.07 m/s
[lio] t=1317401492.602 | feat 3995/8160 | map   5018 | icp ok  iter  4 corr  3436 rms 0.0353   16.71 ms | p=(  642.29   -68.08 -25.21) v=0.08 m/s
[lio] t=1317401492.706 | feat 3998/8160 | map   5018 | icp ok  iter  5 corr  3424 rms 0.0289   20.83 ms | p=(  642.29   -68.11 -25.21) v=0.16 m/s
[lio] t=1317401492.810 | feat 3885/8160 | map   5018 | icp ok  iter  5 corr  3346 rms 0.0275   20.20 ms | p=(  642.30   -68.08 -25.21) v=0.18 m/s
[lio] t=1317401492.914 | feat 3894/8160 | map   5018 | icp ok  iter  6 corr  3331 rms 0.0280   26.24 ms | p=(  642.31   -68.09 -25.21) v=0.18 m/s
[lio] t=1317401493.017 | feat 3883/8160 | map   5018 | icp ok  iter  4 corr  3364 rms 0.0273   14.47 ms | p=(  642.30   -68.08 -25.21) v=0.13 m/s
[lio] t=1317401493.121 | feat 3873/8160 | map   5018 | icp ok  iter  5 corr  3335 rms 0.0328   21.76 ms | p=(  642.30   -68.08 -25.21) v=0.10 m/s
[lio] t=1317401493.225 | feat 4076/8160 | map   5018 | icp ok  iter  5 corr  3506 rms 0.0634   23.28 ms | p=(  642.30   -68.10 -25.21) v=0.16 m/s
[lio] t=1317401493.329 | feat 3887/8160 | map   5018 | icp ok  iter  5 corr  3419 rms 0.0956   22.03 ms | p=(  642.30   -68.08 -25.21) v=0.12 m/s
[lio] t=1317401493.433 | feat 3831/8160 | map   5018 | icp ok  iter  4 corr  3340 rms 0.1060   17.17 ms | p=(  642.30   -68.08 -25.21) v=0.13 m/s
[lio] t=1317401493.537 | feat 3774/8160 | map   5018 | icp ok  iter  4 corr  3266 rms 0.0790   16.95 ms | p=(  642.30   -68.09 -25.21) v=0.08 m/s
[lio] t=1317401493.641 | feat 3747/8160 | map   5018 | icp ok  iter  4 corr  3241 rms 0.0774   15.67 ms | p=(  642.30   -68.09 -25.21) v=0.13 m/s
[lio] t=1317401493.745 | feat 3740/8160 | map   5018 | icp ok  iter  4 corr  3268 rms 0.0555   17.24 ms | p=(  642.30   -68.09 -25.21) v=0.13 m/s
[lio] t=1317401493.849 | feat 3761/8160 | map   5018 | icp ok  iter  4 corr  3233 rms 0.0533   17.10 ms | p=(  642.30   -68.07 -25.21) v=0.17 m/s
[lio] t=1317401493.953 | feat 3870/8160 | map   5018 | icp ok  iter  4 corr  3297 rms 0.0397   16.61 ms | p=(  642.30   -68.08 -25.21) v=0.11 m/s
[lio] t=1317401494.057 | feat 3969/8160 | map   5018 | icp ok  iter  5 corr  3339 rms 0.0309   19.74 ms | p=(  642.30   -68.08 -25.21) v=0.15 m/s
[lio] t=1317401494.161 | feat 3901/8160 | map   5018 | icp ok  iter  4 corr  3256 rms 0.0314   14.51 ms | p=(  642.31   -68.08 -25.22) v=0.20 m/s
[lio] t=1317401494.265 | feat 4022/8160 | map   5018 | icp ok  iter  4 corr  3376 rms 0.0306   16.05 ms | p=(  642.32   -68.06 -25.22) v=0.28 m/s
[lio] t=1317401494.369 | feat 3895/8160 | map   5018 | icp ok  iter  4 corr  3317 rms 0.0308   16.36 ms | p=(  642.32   -68.04 -25.22) v=0.26 m/s
[lio] t=1317401494.473 | feat 3827/8160 | map   5018 | icp ok  iter  3 corr  3261 rms 0.0291   12.84 ms | p=(  642.33   -68.03 -25.22) v=0.31 m/s
[lio] t=1317401494.577 | feat 3763/8160 | map   5018 | icp ok  iter  5 corr  3183 rms 0.0277   18.63 ms | p=(  642.36   -68.00 -25.22) v=0.43 m/s
[lio] t=1317401494.681 | feat 3831/8160 | map   5018 | icp ok  iter  5 corr  3352 rms 0.0281   20.00 ms | p=(  642.38   -67.97 -25.23) v=0.53 m/s
[lio] t=1317401494.785 | feat 3929/8160 | map   5018 | icp ok  iter  5 corr  3396 rms 0.0299   20.26 ms | p=(  642.40   -67.93 -25.23) v=0.56 m/s
[lio] t=1317401494.890 | feat 3826/8160 | map   5018 | icp ok  iter  5 corr  3272 rms 0.0262   18.51 ms | p=(  642.44   -67.88 -25.24) v=0.75 m/s
[lio] t=1317401494.994 | feat 3817/8160 | map   5018 | icp ok  iter  5 corr  3292 rms 0.0246   21.19 ms | p=(  642.47   -67.82 -25.24) v=0.86 m/s
[lio] t=1317401495.098 | feat 3999/8160 | map   5018 | icp ok  iter  4 corr  3473 rms 0.0277   19.22 ms | p=(  642.53   -67.74 -25.25) v=1.05 m/s
[lio] t=1317401495.202 | feat 3953/8160 | map   5018 | icp ok  iter  3 corr  3396 rms 0.0288   12.83 ms | p=(  642.61   -67.66 -25.25) v=1.25 m/s
[lio] t=1317401495.306 | feat 3875/8160 | map   5018 | icp ok  iter  5 corr  3342 rms 0.0335   22.23 ms | p=(  642.68   -67.55 -25.26) v=1.43 m/s
[lio] t=1317401495.411 | feat 3915/8160 | map   5018 | icp ok  iter  4 corr  3354 rms 0.0326   19.75 ms | p=(  642.77   -67.43 -25.27) v=1.60 m/s
[lio] t=1317401495.515 | feat 4043/8160 | map   5018 | icp ok  iter  4 corr  3407 rms 0.0314   19.51 ms | p=(  642.89   -67.30 -25.28) v=1.79 m/s [KF]
[lio] t=1317401495.619 | feat 4175/8160 | map   5117 | icp ok  iter  4 corr  3719 rms 0.0259   19.05 ms | p=(  643.00   -67.17 -25.29) v=1.89 m/s
[lio] t=1317401495.723 | feat 4133/8160 | map   5117 | icp ok  iter  5 corr  3609 rms 0.0300   23.06 ms | p=(  643.14   -67.02 -25.31) v=2.09 m/s
[lio] t=1317401495.827 | feat 3982/8160 | map   5117 | icp ok  iter  4 corr  3458 rms 0.0233   16.81 ms | p=(  643.29   -66.86 -25.32) v=2.33 m/s
[lio] t=1317401495.931 | feat 4062/8160 | map   5117 | icp ok  iter  4 corr  3590 rms 0.0256   17.80 ms | p=(  643.46   -66.69 -25.33) v=2.51 m/s
[lio] t=1317401496.035 | feat 3980/8160 | map   5117 | icp ok  iter  4 corr  3415 rms 0.0246   14.40 ms | p=(  643.64   -66.50 -25.36) v=2.73 m/s [KF]
[lio] t=1317401496.139 | feat 4129/8160 | map   5197 | icp ok  iter  3 corr  3547 rms 0.0259   14.28 ms | p=(  643.85   -66.33 -25.39) v=2.87 m/s
[lio] t=1317401496.243 | feat 4155/8160 | map   5197 | icp ok  iter  6 corr  3511 rms 0.0311   27.07 ms | p=(  644.09   -66.12 -25.41) v=3.23 m/s
[lio] t=1317401496.347 | feat 4078/8160 | map   5197 | icp ok  iter  4 corr  3468 rms 0.0247   15.54 ms | p=(  644.34   -65.90 -25.44) v=3.46 m/s
[lio] t=1317401496.452 | feat 3985/8160 | map   5197 | icp ok  iter  4 corr  3403 rms 0.0347   18.53 ms | p=(  644.65   -65.68 -25.47) v=3.79 m/s [KF]
[lio] t=1317401496.556 | feat 3929/8160 | map   5290 | icp ok  iter  5 corr  3362 rms 0.0227   20.10 ms | p=(  644.95   -65.47 -25.51) v=3.89 m/s
[lio] t=1317401496.660 | feat 3997/8160 | map   5290 | icp ok  iter  4 corr  3407 rms 0.0270   16.49 ms | p=(  645.30   -65.24 -25.55) v=4.19 m/s
[lio] t=1317401496.764 | feat 3972/8160 | map   5290 | icp ok  iter  5 corr  3302 rms 0.0272   19.36 ms | p=(  645.65   -65.02 -25.59) v=4.35 m/s [KF]
[lio] t=1317401496.868 | feat 4074/8160 | map   5370 | icp ok  iter  5 corr  3441 rms 0.0302   20.62 ms | p=(  646.05   -64.80 -25.63) v=4.57 m/s
[lio] t=1317401496.972 | feat 3992/8160 | map   5370 | icp ok  iter  5 corr  3417 rms 0.0321   24.99 ms | p=(  646.50   -64.57 -25.68) v=4.98 m/s
[lio] t=1317401497.077 | feat 3928/8160 | map   5370 | icp ok  iter  5 corr  3356 rms 0.0295   22.06 ms | p=(  646.97   -64.36 -25.73) v=5.18 m/s [KF]
[lio] t=1317401497.181 | feat 3964/8160 | map   5457 | icp ok  iter  5 corr  3441 rms 0.0250   20.21 ms | p=(  647.47   -64.11 -25.78) v=5.51 m/s
[lio] t=1317401497.285 | feat 3972/8160 | map   5457 | icp ok  iter  5 corr  3391 rms 0.0281   23.01 ms | p=(  647.96   -63.92 -25.83) v=5.42 m/s [KF]
[lio] t=1317401497.389 | feat 3[INFO] [1789097616.635048497] [rclcpp]: signal_handler(signum=15)
[INFO] [1789097616.635494115] [lidar_inertial_odometer]: processed 5162 lidar frames
968/8160 | map   5528 | icp ok  iter  4 corr  3452 rms 0.0373   18.86 ms | p=(  648.45   -63.72 -25.88) v=5.44 m/s
[lio] t=1317401497.493 | feat 3891/8160 | map   5528 | icp ok  iter  5 corr  3323 rms 0.0281   20.72 ms | p=(  649.07   -63.55 -25.93) v=6.09 m/s [KF]
[lio] t=1317401497.597 | feat 4134/8160 | map   5604 | icp ok  iter  6 corr  3635 rms 0.0252   27.97 ms | p=(  649.62   -63.39 -25.99) v=5.97 m/s
[lio] t=1317401497.700 | feat 3920/8160 | map   5604 | icp ok  iter  3 corr  3340 rms 0.0241   12.16 ms | p=(  650.22   -63.22 -26.04) v=6.18 m/s [KF]
[lio] t=1317401497.804 | feat 4208/8160 | map   5675 | icp ok  iter  5 corr  3670 rms 0.0309   22.75 ms | p=(  650.82   -63.07 -26.10) v=6.23 m/s
[lio] t=1317401497.908 | feat 4583/8160 | map   5675 | icp ok  iter  4 corr  3944 rms 0.0317   20.71 ms | p=(  651.46   -62.92 -26.17) v=6.50 m/s [KF]
[lio] t=1317401498.012 | feat 4533/8160 | map   5775 | icp ok  iter  4 corr  3947 rms 0.0407   17.54 ms | p=(  652.13   -62.80 -26.24) v=6.77 m/s
[lio] t=1317401498.116 | feat 4803/8160 | map   5775 | icp ok  iter  3 corr  4176 rms 0.0674   16.80 ms | p=(  652.80   -62.68 -26.32) v=6.85 m/s [KF]
[lio] t=1317401498.220 | feat 4426/8160 | map   5893 | icp ok  iter  4 corr  3807 rms 0.0268   21.78 ms | p=(  653.50   -62.58 -26.38) v=7.06 m/s
[lio] t=1317401498.324 | feat 4861/8160 | map   5893 | icp ok  iter  4 corr  4135 rms 0.0342   19.40 ms | p=(  654.21   -62.48 -26.45) v=7.14 m/s [KF]
[lio] t=1317401498.428 | feat 4645/8160 | map   6014 | icp ok  iter  4 corr  3974 rms 0.0347   22.09 ms | p=(  654.93   -62.38 -26.52) v=7.26 m/s
[lio] t=1317401498.531 | feat 4503/8160 | map   6014 | icp ok  iter  4 corr  3822 rms 0.0371   19.53 ms | p=(  655.73   -62.30 -26.60) v=7.78 m/s [KF]
[lio] t=1317401498.635 | feat 4575/8160 | map   6128 | icp ok  iter  4 corr  3957 rms 0.0353   21.50 ms | p=(  656.50   -62.23 -26.68) v=7.80 m/s
[lio] t=1317401498.739 | feat 4408/8160 | map   6128 | icp ok  iter  4 corr  3709 rms 0.0327   18.52 ms | p=(  657.29   -62.18 -26.75) v=7.91 m/s [KF]
[lio] t=1317401498.843 | feat 4390/8160 | map   6226 | icp ok  iter  5 corr  3661 rms 0.0304   24.15 ms | p=(  658.08   -62.12 -26.82) v=7.92 m/s
[lio] t=1317401498.946 | feat 4265/8160 | map   6226 | icp ok  iter  4 corr  3484 rms 0.0278   18.94 ms | p=(  658.93   -62.08 -26.90) v=8.28 m/s [KF]
[lio] t=1317401499.050 | feat 4423/8160 | map   6337 | icp ok  iter  4 corr  3616 rms 0.0319   20.13 ms | p=(  659.75   -62.02 -26.99) v=8.30 m/s
[lio] t=1317401499.154 | feat 4481/8160 | map   6337 | icp ok  iter  4 corr  3668 rms 0.0349   20.81 ms | p=(  660.61   -61.98 -27.06) v=8.51 m/s [KF]
[lio] t=1317401499.257 | feat 4586/8160 | map   6452 | icp ok  iter  5 corr  3806 rms 0.0328   22.69 ms | p=(  661.50   -61.94 -27.15) v=8.71 m/s
[lio] t=1317401499.361 | feat 4531/8160 | map   6452 | icp ok  iter  5 corr  3611 rms 0.0396   23.45 ms | p=(  662.37   -61.91 -27.24) v=8.71 m/s [KF]
[lio] t=1317401499.465 | feat 4508/8160 | map   6588 | icp ok  iter  4 corr  3573 rms 0.0358   17.52 ms | p=(  663.25   -61.87 -27.33) v=8.74 m/s
[lio] t=1317401499.569 | feat 4569/8160 | map   6588 | icp ok  iter  4 corr  3619 rms 0.0348   18.18 ms | p=(  664.14   -61.83 -27.42) v=8.86 m/s [KF]
[lio] t=1317401499.673 | feat 4727/8160 | map   6678 | icp ok  iter  5 corr  3900 rms 0.0501   23.78 ms | p=(  665.07   -61.80 -27.51) v=9.09 m/s
