# TUM format: timestamp tx ty tz qx qy qz qw
1317400964.326694965 0.000000000 0.000000000 -0.000000000 -0.016092785 -0.029787852 -0.211781579 0.976730397
1317400964.430711031 0.531673608 -0.238088458 0.041575513 -0.015586197 -0.030060353 -0.214831727 0.976063919
1317400964.534748077 1.149764171 -0.519677558 0.090225745 -0.015760120 -0.030451827 -0.218083734 0.975327530
1317400964.638786077 1.686923321 -0.767467068 0.131253960 -0.017217480 -0.030760673 -0.221074039 0.974619725
1317400964.742799759 2.359140728 -1.081042238 0.178800213 -0.017198726 -0.031316734 -0.224001992 0.973933557
1317400964.846813917 2.920213678 -1.358731429 0.224889911 -0.015171791 -0.031380443 -0.226479744 0.973392012
1317400964.950808048 3.574056208 -1.680571576 0.277653123 -0.013441661 -0.030794647 -0.228744666 0.972906413
1317400965.054775000 4.192109537 -1.983635165 0.324085345 -0.012110755 -0.029539629 -0.230744179 0.972490547
1317400965.158716917 4.861592600 -2.305456561 0.384174704 -0.011815818 -0.028967750 -0.232029151 0.972205600
1317400965.262635946 5.501983360 -2.626237356 0.430003271 -0.010621581 -0.029760634 -0.232215418 0.972150959
1317400965.366508007 6.196185402 -2.980701576 0.488256670 -0.011039851 -0.030703816 -0.231526319 0.972281318
1317400965.470330954 6.895975126 -3.332762025 0.531796459 -0.010885639 -0.030893446 -0.229259247 0.972814112
1317400965.574127913 7.592852508 -3.670352804 0.583934453 -0.011488523 -0.030730629 -0.226123061 0.973546097
1317400965.677880049 8.320824243 -4.017877873 0.638394749 -0.011461175 -0.030336569 -0.221720296 0.974570903
1317400965.781652927 9.078452183 -4.375474992 0.697479385 -0.011519277 -0.029459322 -0.217035639 0.975651058
1317400965.885476112 9.814047270 -4.704067834 0.747618094 -0.011409571 -0.028065621 -0.212618492 0.976665511
1317400965.989300966 10.573178340 -5.054275728 0.807700309 -0.011583929 -0.026362541 -0.208558373 0.977585922
1317400966.093147039 11.341871857 -5.387378929 0.868254540 -0.011847311 -0.025571280 -0.205144561 0.978325846
1317400966.197015047 12.103997597 -5.714718322 0.923039859 -0.012188030 -0.025027170 -0.202290011 0.978929948
1317400966.300884008 12.879665681 -6.034831171 0.976161259 -0.012432371 -0.024865919 -0.199699188 0.979462790
1317400966.404755116 13.635285797 -6.358348752 1.032221367 -0.012650830 -0.024795656 -0.197215449 0.979964897
1317400966.508626938 14.416192076 -6.676358421 1.085214969 -0.012828852 -0.024751140 -0.194830027 0.980440749
1317400966.612523079 15.165895101 -6.975589807 1.137197956 -0.013002032 -0.024519263 -0.192544336 0.980895729
1317400966.716417074 15.938503110 -7.292757522 1.190635763 -0.013303124 -0.024201250 -0.190817783 0.981236923
1317400966.820334911 16.680294947 -7.583246384 1.241425906 -0.013926765 -0.023710483 -0.189575757 0.981480968
1317400966.924278021 17.461497240 -7.896183534 1.298097557 -0.014660292 -0.023447884 -0.188788575 0.981628314
1317400967.028222322 18.196230178 -8.184739883 1.349970831 -0.015223918 -0.023419038 -0.188372893 0.981700277
1317400967.132189989 18.968986099 -8.487818142 1.404839503 -0.015707463 -0.023609991 -0.188015464 0.981756604
1317400967.236156940 19.707423532 -8.773907049 1.452761139 -0.016708277 -0.023615089 -0.187741903 0.981792309
1317400967.340122938 20.447709514 -9.059116855 1.498415783 -0.017160686 -0.023375867 -0.187423401 0.981851083
1317400967.444091082 21.176143221 -9.343811498 1.552574881 -0.017878812 -0.023023707 -0.187181778 0.981892682
1317400967.548057079 21.897281737 -9.623533750 1.610987681 -0.018363151 -0.022719260 -0.187018478 0.981921952
1317400967.652046919 22.591009418 -9.885873541 1.653632629 -0.018882878 -0.022658949 -0.186812894 0.981952622
1317400967.756036043 23.293861552 -10.154723680 1.702651756 -0.019521526 -0.022420926 -0.186754360 0.981956731
1317400967.860024929 23.975802139 -10.417619624 1.750386699 -0.020280941 -0.022194299 -0.186969304 0.981905584
1317400967.964040995 24.627962909 -10.667700064 1.795279570 -0.021257760 -0.021977539 -0.187709345 0.981748592
1317400968.068082094 25.324158919 -10.931176729 1.844270781 -0.021801153 -0.022279156 -0.188916839 0.981498231
1317400968.172146082 25.937530426 -11.160611497 1.887803840 -0.022670949 -0.022355935 -0.190771327 0.981118006
1317400968.276232004 26.619606391 -11.423866142 1.930666037 -0.022299348 -0.022561779 -0.193246694 0.980637252
1317400968.380319118 27.196770555 -11.650972487 1.968032793 -0.022483558 -0.022388320 -0.195983334 0.980093764
1317400968.484381914 27.831093107 -11.918495217 2.019532449 -0.022757199 -0.022266726 -0.198948408 0.979492641
1317400968.588468075 28.379695952 -12.139689654 2.057209967 -0.023059223 -0.021956880 -0.202486675 0.978767242
1317400968.692553997 28.950984466 -12.391767488 2.104481218 -0.023286968 -0.021918372 -0.206605580 0.977901547
1317400968.796639919 29.505211571 -12.627358339 2.145695706 -0.023292805 -0.022050310 -0.211557010 0.976839219
1317400968.900774956 30.063259896 -12.886057577 2.190832441 -0.023136332 -0.022122371 -0.217500875 0.975535074
1317400969.004909992 30.593805432 -13.130160895 2.229421223 -0.023046090 -0.022062447 -0.223695089 0.974136866
1317400969.109019995 31.132150715 -13.385193878 2.266526712 -0.022784842 -0.022313488 -0.230029526 0.972660977
1317400969.213151932 31.642852152 -13.635954997 2.304307818 -0.022582708 -0.022444297 -0.237218710 0.970934374
1317400969.317287922 32.149325884 -13.898404801 2.350516149 -0.021406367 -0.022559698 -0.245128197 0.968991741
1317400969.421423912 32.625020863 -14.143681168 2.384080993 -0.021863483 -0.022512220 -0.253694889 0.966775099
1317400969.525607824 33.100455973 -14.410783804 2.427083569 -0.021336737 -0.023113554 -0.263627518 0.964111528
1317400969.629813910 33.550377179 -14.683726323 2.453105558 -0.022043043 -0.023198580 -0.274883763 0.960944768
1317400969.734045982 33.987208917 -14.953935174 2.501350438 -0.021792037 -0.024051326 -0.287133145 0.957340690
1317400969.838277102 34.419478049 -15.229508092 2.534429862 -0.021364159 -0.025191181 -0.300085346 0.953340318
1317400969.942506075 34.825250232 -15.514375760 2.566102621 -0.021071257 -0.026913744 -0.313751899 0.948889561
1317400970.046736240 35.209460852 -15.799351274 2.598034528 -0.020117128 -0.027827805 -0.328256216 0.943964391
1317400970.150990963 35.594102073 -16.082174968 2.647204059 -0.019334482 -0.028676753 -0.343250730 0.938606818
1317400970.255248070 35.942201292 -16.378514258 2.677443923 -0.019297334 -0.028962863 -0.358862186 0.932741495
1317400970.359503031 36.281870544 -16.678392852 2.703380312 -0.019187800 -0.028557246 -0.374828278 0.926455651
1317400970.463783026 36.617437866 -16.977991502 2.747374287 -0.018727028 -0.028247676 -0.391671466 0.919480739
1317400970.568058968 36.918845486 -17.292974263 2.787593916 -0.018186458 -0.028474741 -0.409163346 0.911835401
1317400970.672360897 37.193538352 -17.584154293 2.821144408 -0.017626976 -0.028906607 -0.426942143 0.903644899
1317400970.776640654 37.472083019 -17.913226581 2.859633132 -0.016822094 -0.030010172 -0.445333691 0.894703476
1317400970.880894899 37.712862824 -18.229248441 2.892255392 -0.015900168 -0.031276901 -0.463781740 0.885254448
1317400970.985147953 37.935422991 -18.550643348 2.924207164 -0.014797057 -0.032229336 -0.482538092 0.875156733
1317400971.089401960 38.148002159 -18.875040816 2.964293238 -0.011495541 -0.032350902 -0.501619935 0.864406566
1317400971.193634033 38.340350239 -19.218494486 2.990371594 -0.008822048 -0.032081012 -0.520804856 0.853027128
1317400971.297842026 38.505749130 -19.558374922 3.039639477 -0.006937207 -0.031152193 -0.539933548 0.841102360
1317400971.402050018 38.674383999 -19.897780292 3.057185354 -0.004818140 -0.029595994 -0.559904545 0.828014350
1317400971.506254196 38.804893886 -20.240788183 3.083563009 -0.002514196 -0.028649862 -0.579626916 0.814374301
1317400971.610436916 38.924122531 -20.588472389 3.114839238 -0.000883344 -0.028606418 -0.599266404 0.800037918
1317400971.714620113 39.029266201 -20.950442196 3.148909450 0.001656467 -0.029393825 -0.619175759 0.784700350
1317400971.818825960 39.117053189 -21.317470663 3.171688060 0.002583586 -0.030700746 -0.639044076 0.768552834
1317400971.923011065 39.177619186 -21.691738979 3.196085703 0.002634677 -0.031054097 -0.658868633 0.751612151
1317400972.027169943 39.242309631 -22.098827943 3.219667642 0.001675659 -0.030990346 -0.678904393 0.733570457
1317400972.131328106 39.275524585 -22.507689792 3.222379303 0.000744384 -0.030046574 -0.698178064 0.715292975
1317400972.235440016 39.295941843 -22.937707945 3.233388815 0.000790986 -0.029433263 -0.716724098 0.696734975
1317400972.339500904 39.289269214 -23.389433337 3.255475852 0.001372035 -0.029621795 -0.733948460 0.678557533
1317400972.443519115 39.242325305 -23.878368627 3.274585064 0.002220145 -0.029877071 -0.749505974 0.661319307
1317400972.547439098 39.192263119 -24.349465371 3.298419049 0.003453167 -0.029174792 -0.763504617 0.645133790
1317400972.651329994 39.111465893 -24.836897286 3.317195120 0.004712433 -0.028386368 -0.776047373 0.630017842
1317400972.755202055 39.011372590 -25.348860744 3.343608530 0.005524183 -0.027271766 -0.787464801 0.615731209
1317400972.859025002 38.880547530 -25.871204205 3.361485470 0.006167187 -0.026967733 -0.797535268 0.602637705
1317400972.962822914 38.745225994 -26.405717296 3.378645147 0.007095161 -0.026795316 -0.806475659 0.590617203
1317400973.066574097 38.574943911 -26.959010050 3.401853807 0.006693994 -0.026935340 -0.814306185 0.579771605
1317400973.170277119 38.402371567 -27.532094506 3.405961986 0.005474123 -0.026522976 -0.821002963 0.570281246
1317400973.273956060 38.197458093 -28.097525310 3.410894322 0.005094945 -0.026511511 -0.826726884 0.561955372
1317400973.377633095 37.966147072 -28.685278478 3.421478799 0.005470268 -0.027089447 -0.831530610 0.554791026
1317400973.481311083 37.727591744 -29.267083781 3.436512948 0.006167985 -0.027473174 -0.835944351 0.548091436
1317400973.585012913 37.467733629 -29.881207126 3.447109204 0.006426025 -0.027354610 -0.840152775 0.541621405
1317400973.688739061 37.203716325 -30.510765720 3.468055044 0.006617348 -0.027427294 -0.844281400 0.535156866
1317400973.792490959 36.886842902 -31.140051766 3.480387647 0.006498774 -0.028093977 -0.847451348 0.530089338
1317400973.896241903 36.589333980 -31.792019520 3.491677331 0.007100126 -0.030572049 -0.850163115 0.525583120
1317400973.999944925 36.257701350 -32.468080415 3.512711294 0.007764291 -0.033225720 -0.851844473 0.522682275
1317400974.103625059 35.916755313 -33.132617587 3.522104243 0.008584065 -0.034554283 -0.852437947 0.521614668
1317400974.207304001 35.569214719 -33.812939744 3.536916303 0.008958080 -0.034046442 -0.852425396 0.521662282
1317400974.311007977 35.211032288 -34.528788889 3.555775201 0.010030947 -0.034701364 -0.851900129 0.522457047
1317400974.414736032 34.866443131 -35.200932749 3.578390975 0.010948678 -0.035058511 -0.850736709 0.524307238
1317400974.518460989 34.504637747 -35.932116617 3.601416760 0.010808316 -0.035415809 -0.849591027 0.526140653
1317400974.622211933 34.158888055 -36.622084462 3.624639280 0.010071530 -0.035063823 -0.848390534 0.528112293
1317400974.725963116 33.797994956 -37.374059447 3.631324371 0.010876825 -0.036380439 -0.847255106 0.529827277
1317400974.829714060 33.448021162 -38.076543794 3.657853090 0.013047918 -0.037607338 -0.846124212 0.531497185
1317400974.933489084 33.093413733 -38.821447397 3.686715384 0.015541669 -0.038438537 -0.845042296 0.533089536
1317400975.037261963 32.733991512 -39.521721101 3.703668413 0.017236531 -0.037866577 -0.843637186 0.535299284
1317400975.141060114 32.395382691 -40.269342710 3.737676937 0.019213397 -0.038124864 -0.842201397 0.537470136
1317400975.244883060 32.049801796 -40.974594482 3.769067480 0.019430106 -0.036844826 -0.840926123 0.539544424
1317400975.348706961 31.726409622 -41.734818445 3.795300955 0.019140430 -0.035410489 -0.840099712 0.540936424
1317400975.452555895 31.396900801 -42.480610213 3.805411076 0.018478607 -0.032273128 -0.838972451 0.542901660
1317400975.556399107 31.075718293 -43.228327174 3.836634430 0.018640850 -0.031374870 -0.837898479 0.544604696
1317400975.660221100 30.742910530 -43.961795798 3.852059852 0.017569767 -0.031332204 -0.836652965 0.546554125
1317400975.764066935 30.415115113 -44.725856202 3.872555909 0.015163649 -0.033430447 -0.835882305 0.547679870
1317400975.867938042 30.103479589 -45.462382120 3.878454239 0.011833131 -0.034545349 -0.835211327 0.548715441
1317400975.971812010 29.785707735 -46.232230440 3.875229207 0.011337538 -0.034508576 -0.834778170 0.549386954
1317400976.075683117 29.460881120 -46.976514883 3.899096065 0.012822656 -0.034189259 -0.834399886 0.549948638
1317400976.179550886 29.133978470 -47.747643771 3.932088471 0.013623941 -0.034293886 -0.834126949 0.550336761
1317400976.283446074 28.808038480 -48.500668222 3.965179066 0.012857373 -0.034317226 -0.834047377 0.550474331
1317400976.387341022 28.491987400 -49.282032745 3.969497643 0.010969381 -0.032889414 -0.834132612 0.550473201
1317400976.491235018 28.158747394 -50.054327915 3.985221581 0.010288941 -0.031587250 -0.834357638 0.550221515
1317400976.595177889 27.828449007 -50.844500512 4.007185828 0.010763786 -0.031391041 -0.834715678 0.549680344
1317400976.699121952 27.494712826 -51.618660687 4.041591350 0.009944839 -0.031824347 -0.835093288 0.549096997
1317400976.803040028 27.147319971 -52.421137997 4.038738780 0.007772245 -0.032658663 -0.835489830 0.548479487
1317400976.906960011 26.816601803 -53.219001024 4.070405078 0.006901967 -0.033674582 -0.835785643 0.547978781
1317400977.010853052 26.458001901 -54.035161751 4.083007341 0.006544832 -0.034135126 -0.835988342 0.547645369
1317400977.114747047 26.105411356 -54.856829853 4.127075860 0.006708222 -0.035234529 -0.836264037 0.547152619
1317400977.218667984 25.748983132 -55.692432607 4.147125340 0.006282023 -0.034593279 -0.836657117 0.546597393
1317400977.322609901 25.392679406 -56.531267979 4.156491539 0.006946030 -0.032827967 -0.837085982 0.546041332
1317400977.426552057 25.027626634 -57.387586550 4.194869964 0.008384419 -0.032934422 -0.837497550 0.545383241
1317400977.530471087 24.659947033 -58.231251950 4.235916839 0.007507219 -0.033743697 -0.837869770 0.544774498
1317400977.634365082 24.278937889 -59.097815686 4.257751256 0.006161870 -0.034527399 -0.838080685 0.544417721
1317400977.738261938 23.893410033 -59.977839188 4.297983751 0.006353190 -0.035660903 -0.838092483 0.544324285
1317400977.842186928 23.500206252 -60.864809708 4.321623631 0.007974687 -0.036108590 -0.838135859 0.544206629
1317400977.946079969 23.108012413 -61.751768221 4.352761853 0.011701134 -0.036699275 -0.838153809 0.544072091
1317400978.049945116 22.707087407 -62.654705546 4.385595203 0.013265113 -0.036255420 -0.838003359 0.544297667
1317400978.153790951 22.313059542 -63.567696975 4.423518664 0.013381651 -0.036740743 -0.837552098 0.544956450
1317400978.257637978 21.909791367 -64.477114484 4.455215353 0.012608859 -0.037112580 -0.837376791 0.545219023
1317400978.361509085 21.505176116 -65.404653524 4.488907080 0.010086048 -0.035292598 -0.837314368 0.545488178
1317400978.465379000 21.107711389 -66.324569649 4.508489040 0.009752915 -0.034731897 -0.837412741 0.545379205
1317400978.569228888 20.699928240 -67.263536976 4.529785485 0.010707562 -0.033371249 -0.837591451 0.545171779
1317400978.673074961 20.296816054 -68.185083133 4.543770155 0.012705040 -0.031509761 -0.837665468 0.545125931
1317400978.776943922 19.878563376 -69.129144757 4.578326319 0.013157569 -0.031330151 -0.837804784 0.544911409
1317400978.880790949 19.461079272 -70.069932083 4.604922019 0.013034365 -0.032915302 -0.837891928 0.544686887
1317400978.984637022 19.034495143 -71.026127972 4.633464244 0.012149173 -0.034147548 -0.838177712 0.544191571
1317400979.088510036 18.609746860 -71.985984390 4.641648934 0.012956816 -0.033701834 -0.838720844 0.543363279
1317400979.192404985 18.174343999 -72.960707452 4.656370344 0.015099675 -0.032938304 -0.839481863 0.542178264
1317400979.296324015 17.732021422 -73.949420358 4.674400182 0.016441815 -0.032761160 -0.840249607 0.540959306
1317400979.400243044 17.283766159 -74.923893761 4.706225388 0.017318949 -0.033475245 -0.841257148 0.539319825
1317400979.504158974 16.845359903 -75.888231438 4.716010169 0.018073109 -0.034455218 -0.842209543 0.537744630
1317400979.608078003 16.400318957 -76.856946758 4.755498083 0.021961322 -0.036973294 -0.842972575 0.536234943
1317400979.711996078 15.954763393 -77.833194621 4.773530873 0.023252169 -0.038212694 -0.843701638 0.534945486
1317400979.815890074 15.497776414 -78.797253390 4.801471917 0.023174498 -0.039772142 -0.844327029 0.533847345
1317400979.919786930 15.039507353 -79.779229194 4.823014407 0.022305399 -0.042247944 -0.844811944 0.532926224
1317400980.023680925 14.581444046 -80.738873355 4.838364174 0.021432724 -0.043322374 -0.845194798 0.532268320
1317400980.127527952 14.126419757 -81.706013985 4.849012093 0.021363644 -0.043244335 -0.845079321 0.532460762
1317400980.231328011 13.668897646 -82.667223217 4.872911676 0.022494676 -0.043201433 -0.844354701 0.533566083
1317400980.335100889 13.216834771 -83.618355829 4.877276580 0.023722863 -0.042451469 -0.843197595 0.535399770
1317400980.438875914 12.766338255 -84.585604739 4.886458326 0.024548283 -0.041490829 -0.841831623 0.537582934
1317400980.542627096 12.314391087 -85.563744385 4.886941787 0.026393664 -0.041335819 -0.840577033 0.539467307
1317400980.646378040 11.866814147 -86.554066854 4.902345472 0.027300940 -0.041600356 -0.839252560 0.541460257
1317400980.750152111 11.421080721 -87.534846742 4.923281560 0.025647599 -0.042161389 -0.838205996 0.543116310
1317400980.853926897 10.989190871 -88.511911667 4.958006250 0.023537901 -0.042462241 -0.837552885 0.544194901
1317400980.957726955 10.565596694 -89.482187216 4.961056011 0.023354525 -0.042703020 -0.837160725 0.544787058
1317400981.061526060 10.133781416 -90.463543811 4.972999572 0.023902872 -0.042783259 -0.836733529 0.545412914
1317400981.165297985 9.710080882 -91.441454478 5.000293999 0.023482725 -0.043293656 -0.836211006 0.546191701
1317400981.269072056 9.274438803 -92.437589755 5.024467485 0.021346847 -0.044313786 -0.835672353 0.547021315
1317400981.372848988 8.855847000 -93.429879276 5.046686347 0.020118508 -0.045290559 -0.835061597 0.547919831
1317400981.476600885 8.429518611 -94.418982702 5.067145104 0.019869303 -0.045245097 -0.834515760 0.548763645
1317400981.580326796 8.010780100 -95.406886047 5.088753137 0.020602599 -0.043875387 -0.833666946 0.550136261
1317400981.684029102 7.586675002 -96.422110235 5.108001260 0.021609613 -0.042539984 -0.832461643 0.552024444
1317400981.787755966 7.168840502 -97.416324914 5.127266207 0.022143256 -0.041161061 -0.831191410 0.554018306
1317400981.891530991 6.749860591 -98.423142026 5.160005660 0.020229279 -0.040766876 -0.830228252 0.555562677
1317400981.995304108 6.346974703 -99.412664918 5.212435688 0.016917457 -0.043436777 -0.829610025 0.556393972
1317400982.099103928 5.935954987 -100.441485462 5.248956781 0.013243627 -0.044136176 -0.829419582 0.556722338
1317400982.202903986 5.529444955 -101.440107023 5.269381338 0.012431554 -0.043352697 -0.829351318 0.556904293
1317400982.306704044 5.122344845 -102.440813941 5.297181594 0.014171909 -0.041499201 -0.829220494 0.557198659
1317400982.410526991 4.712491537 -103.441410923 5.324732771 0.016548851 -0.039774610 -0.829460583 0.556901479
1317400982.514348984 4.298852183 -104.456830881 5.342794954 0.018151906 -0.037179554 -0.829980407 0.556255978
1317400982.618171930 3.893961926 -105.445612932 5.382801263 0.020566127 -0.035861628 -0.830635325 0.555280051
1317400982.721992970 3.483204992 -106.441275739 5.425958192 0.020761712 -0.035538018 -0.831270974 0.554341563
1317400982.825815916 3.079554556 -107.435111132 5.443563914 0.020686699 -0.035612886 -0.831752602 0.553616647
1317400982.929615021 2.665083594 -108.438171653 5.455622072 0.020912781 -0.035388966 -0.832314266 0.552777748
1317400983.033412933 2.248546292 -109.425730252 5.474539160 0.020819946 -0.035830046 -0.832703005 0.552167043
1317400983.137208939 1.838884889 -110.415154316 5.527821159 0.018618590 -0.038414938 -0.833004101 0.551617447
1317400983.240984917 1.434650137 -111.393352686 5.548641070 0.015147944 -0.040477875 -0.833171129 0.551323818
1317400983.344784975 1.026516907 -112.377307358 5.581594935 0.014637884 -0.040279710 -0.833483300 0.550880083
1317400983.448606968 0.612378731 -113.369971693 5.611704351 0.015262371 -0.037441189 -0.834158112 0.550041327
1317400983.552406073 0.204398687 -114.340506650 5.632920951 0.016498114 -0.032946347 -0.834926737 0.549126300
1317400983.656204939 -0.202978537 -115.318959630 5.593776086 0.018631668 -0.029517530 -0.835665550 0.548128328
1317400983.760005236 -0.620436262 -116.282693222 5.639974509 0.022117807 -0.028648446 -0.836126962 0.547340637
1317400983.863779068 -1.030716868 -117.233596061 5.666647739 0.022688967 -0.028810210 -0.836513642 0.546717578
1317400983.967556000 -1.432010159 -118.169676624 5.680626991 0.022238053 -0.031723421 -0.836875098 0.546021212
1317400984.071332932 -1.847659605 -119.112534651 5.714070491 0.018735081 -0.038526631 -0.837089120 0.545386561
1317400984.175105095 -2.274433365 -120.059262187 5.747659024 0.014987495 -0.041900639 -0.837444316 0.544707930
1317400984.278902054 -2.685933068 -120.998582198 5.751406171 0.015013725 -0.041641373 -0.837565783 0.544540305
1317400984.382725239 -3.092863876 -121.924862168 5.744007183 0.019037451 -0.038783954 -0.837473226 0.544767818
1317400984.486524105 -3.498343701 -122.844776953 5.789206344 0.023994037 -0.037604943 -0.837231578 0.545026090
1317400984.590323925 -3.902604219 -123.767737822 5.800071900 0.025644460 -0.035446847 -0.837214321 0.545122063
1317400984.694147110 -4.305615302 -124.694780779 5.803543331 0.027015108 -0.032739366 -0.837211285 0.545229843
1317400984.797993898 -4.706992869 -125.627729130 5.810480289 0.027717041 -0.031010302 -0.837189218 0.545329571
1317400984.901865959 -5.103655878 -126.533332233 5.825819765 0.027352012 -0.030940476 -0.837201604 0.545332952
1317400985.005759954 -5.497636492 -127.450057886 5.858386391 0.023641091 -0.031596316 -0.837261880 0.545376307
1317400985.109654665 -5.896478776 -128.364824508 5.859761200 0.022217814 -0.033760814 -0.837246990 0.545329307
1317400985.213526011 -6.295635766 -129.282128759 5.885323824 0.019928112 -0.033988191 -0.837253059 0.545394342
1317400985.317420959 -6.690477443 -130.178372707 5.871195656 0.018801731 -0.036748714 -0.837248171 0.545262806
1317400985.421313047 -7.088476740 -131.079501402 5.903335522 0.016605553 -0.037370391 -0.837285851 0.545233998
1317400985.525182962 -7.484296991 -131.984874626 5.919035908 0.016954342 -0.037435732 -0.837317173 0.545170678
1317400985.629054070 -7.882976087 -132.873241541 5.952333345 0.019185951 -0.035032341 -0.837298651 0.545284882
1317400985.732949018 -8.259579412 -133.760563555 5.959451974 0.021872949 -0.032728549 -0.837348435 0.545250415
1317400985.836868048 -8.643000752 -134.650402416 5.978550693 0.023541216 -0.029860205 -0.837540070 0.545051200
1317400985.940813065 -9.011209522 -135.494958620 6.002526253 0.024481817 -0.026762297 -0.838104912 0.544301917
1317400986.044755936 -9.326394237 -136.261385118 6.012679795 0.022268454 -0.025499212 -0.838670029 0.543586689
1317400986.148653984 -9.688448757 -137.099049092 6.015288900 0.019332701 -0.025346278 -0.839045671 0.543126298
1317400986.252547979 -10.050419461 -137.917122834 6.008409011 0.016918594 -0.027871169 -0.839254428 0.542760504
1317400986.356437922 -10.393525253 -138.678945382 6.028656062 0.016059825 -0.030071168 -0.839104715 0.542900621
1317400986.460309982 -10.719761281 -139.401861426 6.037486586 0.015801493 -0.031926817 -0.838314236 0.544022273
1317400986.564181089 -11.065082749 -140.186765555 6.049594578 0.016503458 -0.032693219 -0.837271470 0.545559598
1317400986.668050289 -11.349202112 -140.877396053 6.056832750 0.018033895 -0.032493462 -0.835791250 0.547788226
1317400986.771943092 -11.672396537 -141.596920893 6.067935665 0.019267482 -0.031847260 -0.834742240 0.549381387
1317400986.875859976 -11.950979096 -142.269566919 6.114007187 0.021041425 -0.033756020 -0.833438800 0.551178335
1317400986.979782104 -12.212494404 -142.912469211 6.148801547 0.020122989 -0.035011936 -0.832164734 0.553056132
1317400987.083724976 -12.474942998 -143.570454424 6.160393450 0.018111271 -0.035408809 -0.830940830 0.554937415
1317400987.187691927 -12.730795175 -144.137188592 6.161809890 0.018083049 -0.035853621 -0.829820246 0.556584118
1317400987.291682959 -12.976288627 -144.737256574 6.182869601 0.017502332 -0.035384467 -0.828682727 0.558324767
1317400987.395697117 -13.180550476 -145.285784824 6.207744554 0.016723814 -0.034187639 -0.827565243 0.560077931
1317400987.499711037 -13.394614811 -145.830395670 6.228735022 0.015205819 -0.032557623 -0.826560403 0.561699816
1317400987.603750944 -13.598736503 -146.332241732 6.257156788 0.013881345 -0.032208127 -0.826001909 0.562575143
1317400987.707838058 -13.789640079 -146.830683956 6.273257722 0.012189479 -0.032939778 -0.825679537 0.563045015
1317400987.811949015 -13.988362801 -147.322569898 6.291023350 0.010812215 -0.032014744 -0.825843510 0.562886000
1317400987.916058064 -14.168106600 -147.802362832 6.310979256 0.009869367 -0.029254694 -0.826299101 0.562384703
1317400988.020168304 -14.348712746 -148.290524258 6.315371742 0.009598235 -0.026205664 -0.826936861 0.561601786
1317400988.124279022 -14.528348654 -148.776496586 6.307443922 0.010997141 -0.023961833 -0.827515865 0.560822955
1317400988.228389978 -14.714742284 -149.273167255 6.324332128 0.012751386 -0.024428723 -0.828149070 0.559830115
1317400988.332499981 -14.909413738 -149.734721328 6.366760793 0.013686458 -0.025239818 -0.828852092 0.558730563
1317400988.436585903 -15.100931966 -150.208136115 6.377136870 0.012559171 -0.025991455 -0.829685087 0.557484859
1317400988.540652037 -15.293929186 -150.673056439 6.385071889 0.010747774 -0.025226162 -0.830586356 0.556214375
1317400988.644714355 -15.485423007 -151.134032385 6.388764057 0.010014362 -0.025351270 -0.831207428 0.555293830
1317400988.748776913 -15.671218032 -151.592993031 6.402148459 0.009789349 -0.026119548 -0.831778786 0.554405979
1317400988.852840900 -15.861739584 -152.056853872 6.411975933 0.010403526 -0.025735402 -0.832558963 0.553240480
1317400988.956902027 -16.042390167 -152.527674316 6.421560928 0.011757149 -0.024819776 -0.833284028 0.552162546
1317400989.060965776 -16.233190651 -152.976583176 6.439783564 0.013346407 -0.023033373 -0.834018575 0.551093779
1317400989.165007114 -16.417554203 -153.440462502 6.451219491 0.013456654 -0.021886229 -0.834853295 0.549872610
1317400989.269021034 -16.607540896 -153.901628384 6.460283180 0.013724294 -0.021108308 -0.835393156 0.549075913
1317400989.373033047 -16.800130316 -154.350152561 6.468839414 0.014117125 -0.020311999 -0.835762578 0.548533539
1317400989.477024078 -16.994111928 -154.798712110 6.466483034 0.014110049 -0.020151745 -0.836055690 0.548092781
1317400989.580991030 -17.181028845 -155.245604014 6.477620385 0.014266016 -0.021000316 -0.835794932 0.548454464
1317400989.684909105 -17.364401202 -155.678019492 6.485703219 0.014033280 -0.022497499 -0.834682090 0.550093391
1317400989.788779974 -17.553578759 -156.106914177 6.500802057 0.013458062 -0.023255987 -0.832841853 0.552858470
1317400989.892625809 -17.725824020 -156.541154728 6.504951828 0.013183448 -0.022747246 -0.830216314 0.556821005
1317400989.996402025 -17.883124294 -156.963369534 6.500009053 0.013293450 -0.023108877 -0.826046310 0.562971364
1317400990.100080967 -18.043424709 -157.377616496 6.507878070 0.014569884 -0.025545741 -0.819927272 0.571711818
1317400990.203687906 -18.204341678 -157.774887983 6.513325323 0.015931068 -0.028282244 -0.811490295 0.583463638
1317400990.307270050 -18.334604985 -158.185625874 6.529530874 0.016145961 -0.029047609 -0.801077908 0.597636788
1317400990.410876989 -18.450248440 -158.575594938 6.541860936 0.015245725 -0.028352504 -0.789045287 0.613491025
1317400990.514530897 -18.529209784 -158.963460433 6.563307378 0.013573735 -0.027701553 -0.776058199 0.629906382
1317400990.618207932 -18.605119863 -159.344720287 6.564540011 0.011727151 -0.028689563 -0.762641184 0.646078793
1317400990.721911907 -18.667286145 -159.744103627 6.578852978 0.009665573 -0.030904031 -0.748646675 0.662177977
1317400990.825639009 -18.699216308 -160.128518793 6.596013987 0.008788345 -0.032253783 -0.734014215 0.678310836
1317400990.929390192 -18.724403105 -160.510477123 6.622515207 0.007325949 -0.032226837 -0.719182129 0.694035177
1317400991.033166885 -18.723592271 -160.894380468 6.634024466 0.004450775 -0.030549483 -0.704073596 0.709455630
1317400991.136941910 -18.706830339 -161.276638844 6.640315314 0.000923167 -0.029219751 -0.688571249 0.724579181
1317400991.240741014 -18.684999608 -161.652943284 6.648765322 -0.002322091 -0.029332879 -0.672711577 0.739319501
1317400991.344538927 -18.635308316 -162.051095819 6.666858861 -0.004711098 -0.030770024 -0.656502927 0.753680913
1317400991.448312044 -18.588852326 -162.450027977 6.689781819 -0.005152981 -0.031409868 -0.639980997 0.767731197
1317400991.552110910 -18.509161299 -162.860858014 6.712616260 -0.005337077 -0.030733242 -0.623452570 0.781238681
1317400991.655934095 -18.405645963 -163.264869621 6.747666493 -0.006103826 -0.029398475 -0.607120848 0.794042032
1317400991.759782076 -18.270335861 -163.686051721 6.778164727 -0.008015367 -0.028021998 -0.590910592 0.806210391
1317400991.863651991 -18.127082335 -164.100256585 6.798552371 -0.010368017 -0.026921865 -0.575058300 0.817603614
1317400991.967559099 -17.965847069 -164.520922940 6.806253913 -0.010614901 -0.027694374 -0.559741946 0.828136039
1317400992.071502924 -17.800696666 -164.948602363 6.844449180 -0.010587342 -0.029369047 -0.545007047 0.837850038
1317400992.175479889 -17.594529331 -165.385972634 6.877208866 -0.011051446 -0.029807683 -0.531354822 0.846552668
1317400992.279493093 -17.361023283 -165.829027408 6.907945541 -0.013188621 -0.028258682 -0.518896505 0.854268063
1317400992.383557081 -17.111279726 -166.270797805 6.931046279 -0.015336221 -0.025331437 -0.507886859 0.860914663
1317400992.487668037 -16.863086131 -166.725950167 6.961135694 -0.015234893 -0.023478168 -0.499007449 0.866145623
1317400992.591800928 -16.589180802 -167.190999534 7.000354936 -0.014458659 -0.022737817 -0.491402090 0.870515896
1317400992.695983887 -16.305406506 -167.666605043 7.030024836 -0.011193142 -0.022074584 -0.484907351 0.874215241
1317400992.800190926 -16.001495980 -168.155311951 7.068417195 -0.007850335 -0.021569365 -0.479451040 0.877268394
1317400992.904373646 -15.698288547 -168.643169331 7.106104385 -0.006011049 -0.020504421 -0.474431291 0.880033173
1317400993.008517027 -15.353001669 -169.157204289 7.143070889 -0.004769164 -0.020234820 -0.469094098 0.882903468
1317400993.112627983 -15.005387076 -169.658737422 7.171417680 -0.002451466 -0.021496725 -0.463579878 0.885790934
1317400993.216731787 -14.648494841 -170.180368416 7.216507977 -0.001417879 -0.023175280 -0.458318826 0.888484524
1317400993.320872307 -14.264620788 -170.710946039 7.239724545 -0.003546169 -0.025104225 -0.453836412 0.890724263
1317400993.425004959 -13.877028771 -171.238537993 7.276329624 -0.005451696 -0.026655514 -0.450184102 0.892521169
1317400993.529159069 -13.454759195 -171.785895658 7.304325988 -0.008374421 -0.027621754 -0.448435176 0.893349204
1317400993.633389711 -13.040029636 -172.330615390 7.347899567 -0.010599785 -0.026706353 -0.448322131 0.893410142
1317400993.737646103 -12.598605117 -172.912168982 7.374235111 -0.011099066 -0.025190541 -0.449489120 0.892861567
1317400993.841881037 -12.159399950 -173.491335828 7.434676503 -0.011911124 -0.023734418 -0.451468537 0.891891789
1317400993.946086884 -11.698461527 -174.101470491 7.476564590 -0.012763790 -0.022799157 -0.453667532 0.890787884
1317400994.050302982 -11.246584560 -174.712702526 7.518256213 -0.012952046 -0.021968109 -0.456170688 0.889526812
1317400994.154485941 -10.777189631 -175.349097649 7.570651594 -0.012650976 -0.021539636 -0.458778134 0.888199651
1317400994.258655071 -10.319187163 -176.000293088 7.604971082 -0.011385710 -0.021177453 -0.461645749 0.886738453
1317400994.362814903 -9.859392758 -176.652588470 7.649109453 -0.010740085 -0.020871626 -0.464623447 0.885197197
1317400994.466927052 -9.387016332 -177.326453716 7.701516875 -0.011269921 -0.020987143 -0.467265510 0.883796058
1317400994.571038008 -8.917772487 -178.008283985 7.750410388 -0.011836069 -0.022501125 -0.469617781 0.882503681
1317400994.675122976 -8.438046773 -178.705133122 7.792499157 -0.012296691 -0.023433295 -0.471884421 0.881263165
1317400994.779186010 -7.972444406 -179.405685297 7.852164957 -0.012147214 -0.023013033 -0.473909065 0.880189209
1317400994.883249044 -7.491308058 -180.115383472 7.875820706 -0.011606055 -0.020419945 -0.475812139 0.879233265
1317400994.987287045 -7.014288891 -180.834145373 7.915011150 -0.010372962 -0.018562059 -0.477685557 0.878273511
1317400995.091326952 -6.547738670 -181.555483787 7.975758016 -0.009799576 -0.019921909 -0.479205979 0.877421629
1317400995.195365906 -6.083708225 -182.264729992 8.044505642 -0.010859579 -0.024282206 -0.480404121 0.876643785
1317400995.299416065 -5.620961085 -182.997857698 8.085904646 -0.011680841 -0.027706235 -0.481376913 0.875997826
1317400995.403453112 -5.159456905 -183.708579473 8.140340418 -0.010233889 -0.028659639 -0.482072772 0.875602498
1317400995.507457018 -4.704482291 -184.441728886 8.194947002 -0.008205903 -0.026795419 -0.482628426 0.875376759
1317400995.611473083 -4.246746018 -185.153018512 8.255973174 -0.006033815 -0.026370428 -0.483049263 0.875175184
1317400995.715462923 -3.780567812 -185.891849326 8.306937012 -0.003807099 -0.026554874 -0.482997454 0.875210720
1317400995.819428921 -3.345906799 -186.584210195 8.366181727 -0.002050558 -0.026958078 -0.482697078 0.875369972
1317400995.923394918 -2.883257971 -187.315862610 8.413863811 -0.001037640 -0.027981348 -0.482325045 0.875544698
1317400996.027363062 -2.440845283 -188.011865234 8.481441879 -0.001055747 -0.030003585 -0.481833222 0.875748489
1317400996.131330967 -1.987530174 -188.725784111 8.535434452 -0.000842372 -0.032065431 -0.481397261 0.875915393
1317400996.235272884 -1.543734905 -189.422072560 8.588910779 -0.000211103 -0.031650099 -0.481222058 0.876027144
1317400996.339225054 -1.093851301 -190.132271977 8.643276770 -0.000055876 -0.029061005 -0.481453419 0.875989761
1317400996.443192720 -0.655544045 -190.817530090 8.675646719 0.001946976 -0.025602637 -0.481850632 0.875877093
1317400996.547154903 -0.210169480 -191.512653972 8.740601984 0.004106735 -0.023541461 -0.482167383 0.875753132
1317400996.651119947 0.210698517 -192.173989564 8.789329420 0.005508246 -0.023557235 -0.482604376 0.875504273
1317400996.755091906 0.642879404 -192.839192274 8.835680531 0.005455485 -0.024799534 -0.483287448 0.875093403
1317400996.859072924 1.039843776 -193.465836185 8.892768636 0.002764132 -0.026951545 -0.484025575 0.874634333
1317400996.963066101 1.450744954 -194.103880516 8.936368018 0.000198449 -0.029977130 -0.485104412 0.873942242
1317400997.067063093 1.833092207 -194.708411478 8.977822312 0.000257828 -0.032258589 -0.486579283 0.873040617
1317400997.171072006 2.196222752 -195.292084282 9.019503060 0.000687428 -0.031639075 -0.488372643 0.872061155
1317400997.275054932 2.552667049 -195.888729440 9.051909038 0.003691087 -0.029922178 -0.490232802 0.871069939
1317400997.379026890 2.874089565 -196.421573317 9.098930494 0.007195297 -0.028513073 -0.491567745 0.870342682
1317400997.482998133 3.194769775 -196.957710524 9.146406074 0.010534367 -0.028823828 -0.492856624 0.869569182
1317400997.586985111 3.493178210 -197.462136664 9.190350882 0.013644646 -0.028996191 -0.494434292 0.868624070
1317400997.690960884 3.767302357 -197.950477398 9.227223797 0.014508380 -0.029782074 -0.496333141 0.867499826
1317400997.794898033 4.030180457 -198.393207054 9.275844227 0.014681495 -0.030654723 -0.497953297 0.866537510
1317400997.898840904 4.281711557 -198.819502199 9.303382613 0.015283442 -0.031757790 -0.499382412 0.865664523
1317400998.002780914 4.522483119 -199.244512340 9.323794876 0.016674297 -0.032403029 -0.501201950 0.864562674
1317400998.106720924 4.742541812 -199.628474692 9.348456371 0.016509755 -0.031715622 -0.503078026 0.863501041
1317400998.210640907 4.955739178 -200.004336786 9.378169515 0.015594011 -0.031046590 -0.504592869 0.862658086
1317400998.314558983 5.162035761 -200.336658138 9.391788918 0.015230849 -0.029898399 -0.506096016 0.861824187
1317400998.418453932 5.353497391 -200.681680274 9.424607724 0.015771726 -0.029002633 -0.507506866 0.861015029
1317400998.522350073 5.529727982 -201.000578324 9.442167295 0.015580449 -0.028477408 -0.508608063 0.860386033
1317400998.626267910 5.689951485 -201.298134119 9.464330141 0.015466616 -0.028667150 -0.509795407 0.859678790
1317400998.730187893 5.854175804 -201.585874771 9.482324234 0.014118961 -0.029577105 -0.510836271 0.859053057
1317400998.834106922 6.019920770 -201.878484387 9.508187270 0.012677652 -0.030775363 -0.512032063 0.858321222
1317400998.938024998 6.174148024 -202.172094147 9.524056180 0.011157199 -0.031329120 -0.513324108 0.857550210
1317400999.041944027 6.336048273 -202.443477088 9.546031934 0.009500121 -0.030954046 -0.514584987 0.856827804
1317400999.145862103 6.491940162 -202.734021747 9.548278818 0.007370853 -0.030148804 -0.515723711 0.856192603
1317400999.249754906 6.645717161 -203.004941804 9.567114049 0.007136947 -0.029723713 -0.516729187 0.855603011
1317400999.353626013 6.784745783 -203.284956280 9.581864102 0.006975664 -0.030046271 -0.517653440 0.855034197
1317400999.457499027 6.943615705 -203.558611142 9.600614228 0.005936709 -0.030833789 -0.518184263 0.854692402
1317400999.561346054 7.095698182 -203.846668476 9.625651592 0.004582753 -0.031652472 -0.518163072 0.854683655
1317400999.665175915 7.241265760 -204.121273500 9.639143450 0.003710894 -0.031783430 -0.517436833 0.855122896
1317400999.768974066 7.376635175 -204.397493063 9.658785841 0.003721052 -0.031830092 -0.516347741 0.855779183
1317400999.872764111 7.520721704 -204.659404726 9.672815506 0.003669390 -0.031714296 -0.514783010 0.856725856
1317400999.976543903 7.680518723 -204.931497807 9.692812141 0.003467522 -0.031953848 -0.512775257 0.857921013
1317401000.080296040 7.824622276 -205.206066033 9.715769777 0.002368226 -0.033448999 -0.510607373 0.859159861
1317401000.184072018 7.986870928 -205.468870067 9.730451642 0.000946697 -0.035721397 -0.507831008 0.860715256
1317401000.287847281 8.155423165 -205.765730559 9.747779335 -0.000157693 -0.036473360 -0.504810275 0.862459422
1317401000.391616106 8.331787584 -206.062337501 9.763629745 -0.000129861 -0.035227089 -0.501265842 0.864575960
1317401000.495395184 8.518917185 -206.373124190 9.775892553 0.000659653 -0.033030235 -0.496995753 0.867123861
1317401000.599143982 8.699065603 -206.698227511 9.811629488 0.001811688 -0.031550579 -0.492419989 0.869783785
1317401000.702893019 8.901355276 -207.028988238 9.835459647 0.001849775 -0.031243285 -0.487784153 0.872403035
1317401000.806643009 9.124842910 -207.365102785 9.865890987 0.001717707 -0.030940477 -0.482959135 0.875094401
1317401000.910392046 9.354036445 -207.708891236 9.886123888 0.001954631 -0.029900800 -0.478061916 0.877814859
1317401001.014142036 9.590081078 -208.084139592 9.916465955 0.002369692 -0.028138580 -0.473312788 0.880441713
1317401001.117892027 9.845628319 -208.470388250 9.940015233 0.002465706 -0.027498717 -0.468629489 0.882963274
1317401001.221666098 10.107431834 -208.847249353 9.964465755 0.002357038 -0.027348994 -0.464390568 0.885204992
1317401001.325465918 10.387780124 -209.264503499 9.986488539 0.001612031 -0.026769178 -0.460977929 0.887006292
1317401001.429313898 10.689259586 -209.679169528 10.022236665 -0.000470501 -0.026283902 -0.458495779 0.888307692
1317401001.533207893 10.992555140 -210.106435750 10.052184764 -0.002695035 -0.027169041 -0.456885344 0.889106497
1317401001.637125969 11.330384670 -210.551229862 10.081829315 -0.004793742 -0.027771233 -0.455894001 0.889587791
1317401001.741045952 11.662724823 -211.016387389 10.097051646 -0.006762233 -0.028701319 -0.455387193 0.889805041
1317401001.844964981 12.017211444 -211.503106025 10.121196059 -0.009210342 -0.028706361 -0.455018725 0.889971389
1317401001.948882103 12.386545821 -212.000942965 10.147779031 -0.010409963 -0.027498161 -0.454740631 0.890138440
1317401002.052824974 12.762997774 -212.516605925 10.211761280 -0.011724652 -0.026743284 -0.454615127 0.890209198
1317401002.156769037 13.155007725 -213.036255267 10.247952812 -0.015093328 -0.027105835 -0.454409919 0.890252262
1317401002.260688066 13.563878890 -213.580934672 10.269792488 -0.017282990 -0.027325143 -0.454038138 0.890395420
1317401002.364604950 13.975805118 -214.132094883 10.311203131 -0.018946906 -0.025850662 -0.453996272 0.890426944
1317401002.468549013 14.396949548 -214.711467788 10.336134514 -0.019166646 -0.021859525 -0.454109172 0.890471595
1317401002.572515726 14.828441128 -215.296851175 10.380297922 -0.018021692 -0.017742573 -0.454813020 0.890227800
1317401002.676481962 15.265818831 -215.902977050 10.445186060 -0.016486367 -0.017033250 -0.455584571 0.889876827
1317401002.780472994 15.713918792 -216.527310194 10.501123200 -0.016678700 -0.018059977 -0.456385856 0.889442302
1317401002.884464025 16.167333266 -217.152749715 10.533351593 -0.016636756 -0.019419415 -0.457110231 0.889042373
1317401002.988429070 16.642264027 -217.818825401 10.572541390 -0.016322839 -0.019864161 -0.457931206 0.888615772
1317401003.092396021 17.116283356 -218.462312912 10.617135069 -0.015499159 -0.020624327 -0.458351094 0.888396695
1317401003.196362972 17.608871688 -219.156359935 10.673133733 -0.016345789 -0.021713099 -0.458945607 0.888048583
1317401003.300304890 18.109472803 -219.837618249 10.709260559 -0.015277429 -0.023098671 -0.459699150 0.887642801
1317401003.404223919 18.603675481 -220.539901414 10.753662914 -0.014488641 -0.021042729 -0.460279849 0.887406189
1317401003.508145094 19.135195986 -221.254774447 10.798278480 -0.013853159 -0.018006667 -0.461049213 0.887083690
1317401003.612063885 19.659408673 -221.984823842 10.862981539 -0.014236361 -0.016577587 -0.461594686 0.886821772
1317401003.715982914 20.172206257 -222.719144997 10.917293409 -0.014035339 -0.016914200 -0.462204303 0.886501044
1317401003.819924116 20.698360899 -223.472092115 10.961154742 -0.013762735 -0.017682195 -0.462906115 0.886124064
1317401003.923866987 21.233088474 -224.239970995 11.010931565 -0.012920687 -0.019227589 -0.463948382 0.885559289
1317401004.027786970 21.774278169 -225.007708637 11.056460132 -0.012117133 -0.020547550 -0.464577086 0.885211333
1317401004.131681681 22.329918518 -225.801865468 11.086358319 -0.011274756 -0.020334195 -0.464663348 0.885182113
1317401004.235552073 22.885288802 -226.604243591 11.136952378 -0.009888750 -0.019114448 -0.464350674 0.885389916
1317401004.339421034 23.459068731 -227.413996147 11.200517108 -0.010078774 -0.019487985 -0.463854521 0.885639667
1317401004.443291903 24.027297420 -228.223785844 11.255724022 -0.011005364 -0.021624799 -0.463761971 0.885627509
1317401004.547175884 24.611887779 -229.047170389 11.303976106 -0.013183956 -0.022739028 -0.463213038 0.885857100
1317401004.651024103 25.190538522 -229.865055803 11.344766031 -0.012984092 -0.021891416 -0.462759077 0.886118624
1317401004.754833937 25.777070992 -230.700746121 11.406430577 -0.010881236 -0.019841805 -0.462456902 0.886352929
1317401004.858656883 26.358093955 -231.538628103 11.454672937 -0.009373707 -0.017809924 -0.462179646 0.886557903
1317401004.962480068 26.941274469 -232.362964759 11.519322765 -0.008139683 -0.016012971 -0.462046658 0.886673681
1317401005.066301107 27.533548866 -233.196498321 11.582687164 -0.008283598 -0.016907685 -0.461657876 0.886858228
1317401005.170099020 28.119558789 -234.021164235 11.630245952 -0.009690546 -0.018776916 -0.460896832 0.887202137
1317401005.273850918 28.708807302 -234.849123984 11.678710306 -0.009604491 -0.019396891 -0.459535457 0.887895646
1317401005.377603054 29.303770204 -235.676065420 11.729421191 -0.008903111 -0.018409042 -0.457765499 0.888837775
1317401005.481379032 29.901549392 -236.500953373 11.785076440 -0.007819958 -0.016313527 -0.456473521 0.889553057
1317401005.585175991 30.499285328 -237.321561328 11.837342792 -0.009155666 -0.014655859 -0.455817408 0.889905540
1317401005.688973904 31.112511498 -238.144834565 11.870850704 -0.011885615 -0.011600590 -0.455650938 0.890003585
1317401005.792749166 31.711528346 -238.965353853 11.902718192 -0.012977667 -0.009637348 -0.455790929 0.889940071
1317401005.896548748 32.314363830 -239.776212621 11.951958504 -0.014515242 -0.009664433 -0.455878398 0.889871223
1317401006.000346899 32.920419688 -240.588270299 12.037765040 -0.018244429 -0.011908559 -0.455791534 0.889819872
1317401006.104120970 33.513942287 -241.407310078 12.066519694 -0.020601881 -0.014123408 -0.455685887 0.889790124
1317401006.207895994 34.103499932 -242.224832803 12.121273069 -0.020659288 -0.015324568 -0.455512570 0.889857657
1317401006.311671972 34.691344965 -243.034282441 12.183987261 -0.019948508 -0.016279304 -0.455432728 0.889897787
1317401006.415471077 35.290317219 -243.850189825 12.232233615 -0.021523063 -0.015805627 -0.455215868 0.889980592
1317401006.519269943 35.879396296 -244.651671045 12.280516628 -0.021960255 -0.014991158 -0.455199388 0.889992432
1317401006.623066902 36.466906254 -245.453801095 12.340377651 -0.020182473 -0.014560704 -0.455192061 0.890045415
1317401006.726866961 37.053503267 -246.263458475 12.400315355 -0.019797095 -0.013661912 -0.455337177 0.889994091
1317401006.830641270 37.647643920 -247.064650925 12.454681600 -0.019091590 -0.012521110 -0.455419038 0.889984400
1317401006.934416056 38.237024725 -247.871704981 12.505596944 -0.018557338 -0.011371363 -0.455413182 0.890014130
1317401007.038191080 38.820730696 -248.671501631 12.565378645 -0.017776293 -0.011415928 -0.455407084 0.890032622
1317401007.141988754 39.396296724 -249.468355587 12.621745494 -0.017379281 -0.012774822 -0.455447098 0.890001520
1317401007.245786905 39.982604605 -250.259120421 12.669425586 -0.016357174 -0.015468498 -0.455346077 0.890029842
1317401007.349586964 40.556043461 -251.057228705 12.725246051 -0.016167633 -0.016635455 -0.455374873 0.889997525
1317401007.453385115 41.140388330 -251.848051716 12.763445052 -0.016221525 -0.015908231 -0.455630073 0.889879220
1317401007.557183981 41.713721827 -252.645680383 12.817706012 -0.015505330 -0.014997540 -0.456349158 0.889539265
1317401007.660983086 42.290619333 -253.436348150 12.873089530 -0.013577507 -0.014267737 -0.457380445 0.889052986
1317401007.764781713 42.859314083 -254.213110304 12.925878034 -0.012048987 -0.012698594 -0.458412688 0.888567035
1317401007.868580103 43.426984139 -254.991153448 12.977657966 -0.011723180 -0.012567176 -0.459107721 0.888214351
1317401007.972403049 43.978414327 -255.766559849 13.037074985 -0.010949346 -0.014584251 -0.460752821 0.887341112
1317401008.076275110 44.534609538 -256.544259686 13.096215521 -0.012952915 -0.017444360 -0.462814912 0.886188622
1317401008.180145264 45.091682815 -257.332011154 13.133162994 -0.016602206 -0.017846343 -0.465670453 0.884622464
1317401008.284015894 45.638939586 -258.101741982 13.184878921 -0.018341703 -0.017108814 -0.468093117 0.883323103
1317401008.387861967 46.190208934 -258.888193151 13.222660642 -0.019048078 -0.014727513 -0.470116959 0.882275646
1317401008.491708279 46.723782120 -259.675077947 13.290970323 -0.018265667 -0.013912150 -0.471632693 0.881496126
1317401008.595555067 47.261669016 -260.459379059 13.352711822 -0.018765885 -0.013684768 -0.473250860 0.880621481
1317401008.699377060 47.800424176 -261.244689011 13.397830801 -0.019197735 -0.013560243 -0.474477401 0.879953841
1317401008.803177118 48.325211079 -262.043598447 13.443946683 -0.018625463 -0.013595584 -0.475539801 0.879391921
1317401008.906977892 48.847183869 -262.831968151 13.504307679 -0.018037961 -0.014111899 -0.476451896 0.878902200
1317401009.010776043 49.368174929 -263.630797592 13.548036008 -0.017657530 -0.015527278 -0.477241786 0.878457394
1317401009.114550114 49.893856658 -264.423127837 13.595414507 -0.016449688 -0.015855355 -0.477559192 0.878302473
1317401009.218348980 50.404725560 -265.212280210 13.645459134 -0.014550851 -0.014719903 -0.477620470 0.878322426
1317401009.322146893 50.926855889 -266.010025534 13.687689903 -0.012832239 -0.014107715 -0.477586619 0.878377668
1317401009.425921679 51.441081051 -266.801557628 13.743675764 -0.012399130 -0.013310959 -0.477701879 0.878333647
1317401009.529700041 51.963300014 -267.589705882 13.783826983 -0.012537977 -0.013021532 -0.478049130 0.878147065
1317401009.633497000 52.490379292 -268.392865510 13.827735730 -0.012770674 -0.012973613 -0.478400962 0.877952798
1317401009.737340927 53.012785809 -269.193126814 13.884981302 -0.013468475 -0.013702314 -0.478922650 0.877646821
1317401009.841188908 53.533380587 -269.992726182 13.930388316 -0.014838593 -0.014000396 -0.479937528 0.877065433
1317401009.945010900 54.051453552 -270.791101364 13.959280684 -0.013718841 -0.014039754 -0.480681840 0.876675337
1317401010.048831940 54.570986534 -271.599971260 14.005569674 -0.011769170 -0.013672807 -0.481262452 0.876390890
1317401010.152682066 55.080562724 -272.391630607 14.051170808 -0.010187954 -0.014410424 -0.481902684 0.876047001
1317401010.256529093 55.579831866 -273.178540903 14.097726668 -0.009305693 -0.015280094 -0.482348262 0.875796824
1317401010.360351086 56.092555421 -273.973000965 14.147212426 -0.009320693 -0.016186483 -0.482743508 0.875562578
1317401010.464173079 56.585673442 -274.750580200 14.211228876 -0.010230099 -0.018035150 -0.483276331 0.875222296
1317401010.567994118 57.097253091 -275.541024146 14.257502086 -0.010525278 -0.018994953 -0.483590422 0.875024979
1317401010.671817064 57.594237282 -276.328626270 14.301339086 -0.009450288 -0.019076094 -0.484138017 0.874732631
1317401010.775671005 58.087080225 -277.117437303 14.335093731 -0.008232201 -0.017933325 -0.484614357 0.874505318
1317401010.879517078 58.564362381 -277.882321730 14.402043763 -0.005101136 -0.017849095 -0.484991600 0.874321758
1317401010.983335018 59.045007440 -278.639920735 14.462857376 -0.003505277 -0.018610119 -0.485082517 0.874263306
1317401011.087157011 59.507881627 -279.386300388 14.504917008 -0.002505272 -0.019509859 -0.485144522 0.874212721
1317401011.190979004 59.980316105 -280.124760329 14.551598360 -0.002058715 -0.019923779 -0.484967542 0.874302744
1317401011.294826031 60.433947949 -280.846583269 14.588249785 -0.001841093 -0.019886115 -0.484586511 0.874515332
1317401011.398672104 60.872695678 -281.551274382 14.614108418 -0.000004084 -0.019095605 -0.483898438 0.874915802
1317401011.502473116 61.312167734 -282.238895556 14.662278871 0.001880951 -0.018593014 -0.482435050 0.875732370
1317401011.606247902 61.744085908 -282.903510271 14.714418981 0.003151328 -0.017910967 -0.480622305 0.876739109
1317401011.710020065 62.175027690 -283.546714718 14.747304383 0.001894301 -0.019312794 -0.477836050 0.878234671
1317401011.813819885 62.582571317 -284.172561601 14.787578454 0.000349762 -0.020950125 -0.474903354 0.879788483
1317401011.917619944 62.998039603 -284.778231143 14.834522982 -0.001692117 -0.021073727 -0.472027272 0.881330409
1317401012.021419048 63.383997591 -285.350589123 14.858044432 -0.002870980 -0.020251758 -0.469526001 0.882681686
1317401012.125289917 63.777343270 -285.916552804 14.903361315 -0.004521213 -0.019555455 -0.467990512 0.883505531
1317401012.229232073 64.151442714 -286.466541613 14.948622958 -0.005951857 -0.019304081 -0.468097627 0.883445833
1317401012.333245039 64.520263552 -287.009401953 14.991403171 -0.008755536 -0.019116342 -0.470474224 0.882163200
1317401012.437356949 64.895028406 -287.542163769 15.019809073 -0.010791093 -0.019338673 -0.475647267 0.879357291
1317401012.541516066 65.235457903 -288.089300315 15.047749505 -0.009795435 -0.018652907 -0.482095406 0.875865365
1317401012.645699024 65.583683787 -288.615610681 15.072581740 -0.007375805 -0.017537736 -0.490839426 0.871042297
1317401012.749932051 65.899546754 -289.149260269 15.104239084 -0.005182017 -0.015591946 -0.500999222 0.865291753
1317401012.854211092 66.210382044 -289.677632890 15.141778987 -0.004162023 -0.014940117 -0.513111269 0.858181971
1317401012.958512068 66.487234190 -290.193608712 15.172186371 -0.003030096 -0.014978985 -0.526143347 0.850258565
1317401013.062791824 66.732006659 -290.696129373 15.203941425 -0.002036478 -0.016242522 -0.539616573 0.841751737
1317401013.167021036 66.964788230 -291.195694330 15.238294371 -0.001767342 -0.020349027 -0.553022576 0.832915856
1317401013.271224976 67.172776081 -291.689661278 15.268766995 -0.002319548 -0.025541350 -0.566269951 0.823820734
1317401013.375407934 67.363194523 -292.182210181 15.301542717 -0.003668475 -0.028777936 -0.579256997 0.814628568
1317401013.479496002 67.536678360 -292.696018073 15.317303331 -0.003701870 -0.029811683 -0.590791235 0.806265016
1317401013.583488941 67.695173379 -293.209573413 15.336360167 -0.002481023 -0.030388709 -0.599819146 0.799554478
1317401013.687383890 67.844991913 -293.729953076 15.373560752 0.000836350 -0.031139737 -0.606274046 0.794645455
1317401013.791182995 67.974583355 -294.243633215 15.419885277 0.005052842 -0.031437233 -0.609886715 0.791848700
1317401013.894910097 68.113768567 -294.733918680 15.458610247 0.007332142 -0.030071336 -0.611202589 0.790868731
1317401013.998589039 68.245084513 -295.234105472 15.499024762 0.006525472 -0.028621278 -0.610445743 0.791513888
1317401014.102243900 68.377463665 -295.725357089 15.510758190 0.004290578 -0.026305086 -0.608076191 0.793431144
1317401014.205898046 68.530272784 -296.202870390 15.538366652 0.003363185 -0.024018236 -0.604333430 0.796362304
1317401014.309600115 68.667537760 -296.685347470 15.563695836 0.002919702 -0.021930967 -0.600201838 0.799542533
1317401014.413327217 68.812278580 -297.182640353 15.590831771 0.003002238 -0.021114050 -0.595536997 0.803044749
1317401014.517076969 68.963032051 -297.657815198 15.611746000 0.003398469 -0.021089074 -0.590599145 0.806682311
1317401014.620826960 69.116966754 -298.159201987 15.633672420 0.004177628 -0.021175957 -0.585758297 0.810198336
1317401014.724554062 69.290913493 -298.646722813 15.654335740 0.004035014 -0.020904330 -0.580574307 0.813928868
1317401014.828279972 69.473649089 -299.147784410 15.684361905 0.002967678 -0.020284842 -0.574594354 0.818181549
1317401014.932008028 69.660653605 -299.640443093 15.687688925 0.002430277 -0.020286533 -0.567878089 0.822859056
1317401015.035712004 69.850884206 -300.144689160 15.713941881 0.002696367 -0.021655088 -0.560408832 0.827928577
1317401015.139436007 70.049382569 -300.658278705 15.738036863 0.003235093 -0.023614721 -0.552443506 0.833209488
1317401015.243185997 70.286804156 -301.171116358 15.757477647 0.003752392 -0.024347296 -0.544386823 0.838472490
1317401015.346915007 70.510717806 -301.679883228 15.783034802 0.003050257 -0.023960516 -0.536265601 0.843703618
1317401015.450640917 70.761854336 -302.209489073 15.802344888 0.002278997 -0.024489063 -0.527899578 0.848950603
1317401015.554370165 71.017010355 -302.726505356 15.817706741 0.002706965 -0.024565474 -0.518955752 0.854443759
1317401015.658119917 71.296114743 -303.259502420 15.861186069 0.003565227 -0.024775128 -0.510555524 0.859480389
1317401015.761892080 71.607452588 -303.785378742 15.891381052 0.003477798 -0.024857902 -0.502117460 0.864435102
1317401015.865668058 71.907353612 -304.316428170 15.921582260 0.002396199 -0.024988119 -0.493481643 0.869393881
1317401015.969440937 72.233435984 -304.863452284 15.951467082 0.000805766 -0.023985862 -0.485551114 0.873878793
1317401016.073238134 72.575876336 -305.411431591 15.964780395 -0.000100096 -0.022756197 -0.478404706 0.877844567
1317401016.177038908 72.931998786 -305.952212401 15.994125473 -0.000014456 -0.022230124 -0.471095656 0.881801964
1317401016.280862093 73.307923995 -306.506321696 16.024477594 0.000158133 -0.021792277 -0.464089926 0.885519967
1317401016.384708881 73.696000481 -307.057703537 16.066184255 -0.000183739 -0.021202339 -0.456918272 0.889255936
1317401016.488508940 74.119168872 -307.617824298 16.095562887 -0.001384148 -0.021476389 -0.449360645 0.893091182
1317401016.592305899 74.534507281 -308.180774871 16.124205853 -0.002455954 -0.021964551 -0.441646599 0.896916835
1317401016.696105003 74.979861445 -308.746501061 16.150428199 -0.002764681 -0.021524244 -0.433895181 0.900701968
1317401016.799881935 75.446010129 -309.316341647 16.185356443 -0.002885037 -0.020766617 -0.425819251 0.904565304
1317401016.903677940 75.929870926 -309.876996684 16.236869097 -0.003310686 -0.020056729 -0.417970934 0.908232936
1317401017.007475853 76.419589768 -310.442790541 16.272055463 -0.005801073 -0.018932732 -0.409559837 0.912068331
1317401017.111252069 76.942138100 -311.007229467 16.303262294 -0.008831645 -0.017729053 -0.400869261 0.915921131
1317401017.215049982 77.479554718 -311.578362701 16.328176317 -0.011186374 -0.015925290 -0.392179696 0.919682737
1317401017.318850040 78.038430919 -312.148395550 16.366159392 -0.012921405 -0.013792318 -0.383456956 0.923365351
1317401017.422648907 78.615255522 -312.701452894 16.403600171 -0.015715089 -0.013261471 -0.374990737 0.926800473
1317401017.526448011 79.218075851 -313.259956327 16.429463626 -0.017855587 -0.014717146 -0.366430018 0.930157850
1317401017.630247116 79.832311505 -313.822799906 16.463855512 -0.019708762 -0.015500184 -0.357724888 0.933490339
1317401017.734093904 80.470400548 -314.383829831 16.492710961 -0.020683774 -0.015169376 -0.349269545 0.936671157
1317401017.837939024 81.127741321 -314.948567802 16.534738538 -0.020916426 -0.014258216 -0.341287964 0.939617865
1317401017.941785097 81.797875487 -315.500765092 16.566716294 -0.019212683 -0.013645409 -0.334003652 0.942277155
1317401018.045681000 82.482203952 -316.058393707 16.625591947 -0.018070025 -0.014400420 -0.327389804 0.944606806
1317401018.149600983 83.192660419 -316.613827045 16.673084159 -0.017878980 -0.015996331 -0.320958697 0.946789298
1317401018.253519058 83.936770375 -317.172423645 16.700181137 -0.018222231 -0.016268110 -0.314639018 0.948897037
1317401018.357438326 84.677817110 -317.717907775 16.740612270 -0.015985256 -0.016310637 -0.308809675 0.950849630
1317401018.461380959 85.430479498 -318.259624131 16.785693760 -0.013641334 -0.016964585 -0.303075205 0.952717973
1317401018.565372944 86.203684610 -318.810844128 16.868397394 -0.011116799 -0.021220922 -0.298593660 0.954079617
1317401018.669388056 87.003664747 -319.348991825 16.906229295 -0.013702317 -0.024008131 -0.294844642 0.955145273
1317401018.773423910 87.819631951 -319.910753229 16.940684409 -0.013816041 -0.022249289 -0.292783726 0.955819950
1317401018.877511024 88.651694788 -320.472498136 16.955431630 -0.010930928 -0.018301549 -0.291921170 0.956204789
1317401018.981599092 89.493145597 -321.031520856 17.024766946 -0.006153366 -0.016096472 -0.291655897 0.956368066
1317401019.085635900 90.336034666 -321.592655330 17.082563815 -0.002865424 -0.015974849 -0.291161398 0.956536269
1317401019.189625740 91.189421272 -322.165006861 17.116060688 0.000338149 -0.016516717 -0.290273454 0.956801132
1317401019.293595076 92.043050261 -322.737874801 17.173821070 0.003756305 -0.018082058 -0.288561464 0.957283245
1317401019.397537947 92.891520539 -323.305658641 17.215382872 0.004390365 -0.020012657 -0.286660011 0.957813268
1317401019.501456976 93.775782857 -323.860529303 17.273329228 0.003522240 -0.021557218 -0.284726095 0.958360021
1317401019.605400085 94.644550537 -324.422355778 17.320353120 0.000639868 -0.021513503 -0.283042002 0.958865989
1317401019.709342003 95.515444931 -324.985284203 17.357244588 -0.000429506 -0.019516976 -0.282046290 0.959202165
1317401019.813285112 96.386736198 -325.532987831 17.381383966 -0.000493978 -0.014413631 -0.281095623 0.959571391
1317401019.917227030 97.266365136 -326.082871468 17.423686948 0.000241691 -0.009729038 -0.280165187 0.959902472
1317401020.021147251 98.139075197 -326.638372524 17.485642064 0.003150836 -0.010248894 -0.278948531 0.960246192
1317401020.125067949 99.010123211 -327.191016355 17.537156304 0.005986682 -0.012701648 -0.277693131 0.960567204
1317401020.228960991 99.896684923 -327.746206658 17.564012948 0.007235612 -0.013999753 -0.276284481 0.960946689
1317401020.332854986 100.777608366 -328.302018853 17.597760733 0.008027255 -0.014555017 -0.274954723 0.961313484
1317401020.436773777 101.650967038 -328.851699512 17.648353376 0.009080135 -0.015868704 -0.273797259 0.961613642
1317401020.540666103 102.530277470 -329.392138857 17.678372343 0.009808524 -0.016730731 -0.272467364 0.961969548
1317401020.644560099 103.415650009 -329.933013701 17.713542883 0.010223643 -0.015685572 -0.271286155 0.962316612
1317401020.748456955 104.305723580 -330.473330500 17.738027617 0.012431497 -0.013586199 -0.269717259 0.962763457
1317401020.852303982 105.186703483 -331.002531704 17.790856208 0.015986008 -0.013771485 -0.268352539 0.963089668
1317401020.956149101 106.065855147 -331.537855704 17.852595369 0.015403110 -0.016793568 -0.266879275 0.963460520
1317401021.060020924 106.949045006 -332.060879542 17.898714736 0.011450706 -0.021341322 -0.265356614 0.963846096
1317401021.163893938 107.832617258 -332.572405672 17.917602549 0.006769266 -0.022283170 -0.264480930 0.964109680
1317401021.267763853 108.720942341 -333.089547010 17.944792931 0.006058024 -0.019196397 -0.263390298 0.964479315
1317401021.371634960 109.610266855 -333.610660168 17.995415976 0.006945439 -0.015272281 -0.262366960 0.964822313
1317401021.475506067 110.477835593 -334.112181988 18.032088146 0.007168976 -0.012796582 -0.261214446 0.965169346
1317401021.579377890 111.351204775 -334.619200022 18.077455010 0.008588937 -0.012577739 -0.260066597 0.965470557
1317401021.683271885 112.229430584 -335.126676746 18.130411814 0.007043080 -0.014381741 -0.258602254 0.965851145
1317401021.787189007 113.104864420 -335.623650803 18.183346256 0.005050935 -0.019001027 -0.257700632 0.966024758
1317401021.891083002 113.982778670 -336.114934170 18.218280450 0.002010102 -0.023260050 -0.257195901 0.966077222
1317401021.994980097 114.859230142 -336.610856802 18.240582537 0.000068330 -0.023625766 -0.256792836 0.966177653
1317401022.098897934 115.735046816 -337.095565347 18.274719204 -0.003201038 -0.019213309 -0.256574714 0.966328111
1317401022.202816010 116.599880400 -337.587506650 18.314319736 -0.002404508 -0.014421973 -0.255963626 0.966575836
1317401022.306734085 117.478104965 -338.085603013 18.379074073 -0.001466432 -0.011892471 -0.255240326 0.966803390
1317401022.410650969 118.351604893 -338.571293549 18.442283152 -0.002311597 -0.013059706 -0.254702908 0.966928399
1317401022.514547110 119.221889036 -339.055750567 18.483922556 -0.003996270 -0.015818748 -0.254011777 0.967063500
1317401022.618443012 120.097945076 -339.544090496 18.509157176 -0.004131579 -0.016824873 -0.253068254 0.967293292
1317401022.722334862 120.971157978 -340.027573416 18.540902563 -0.004036569 -0.015396385 -0.252510355 0.967463269
1317401022.826208115 121.849419925 -340.516365222 18.575561929 -0.003890198 -0.012961467 -0.251972979 0.967639646
1317401022.930079937 122.712265314 -340.993573805 18.626515340 -0.001920665 -0.013139478 -0.251428136 0.967784872
1317401023.033925056 123.582792057 -341.474416802 18.678170440 -0.001287026 -0.014195900 -0.250440459 0.968027064
1317401023.137748957 124.451346518 -341.942421873 18.719662657 -0.001515529 -0.014910568 -0.249582273 0.968237609
1317401023.241595984 125.327090082 -342.420346724 18.746141361 -0.001461830 -0.014047024 -0.248627281 0.968496267
1317401023.345441103 126.198813150 -342.887077068 18.787553163 -0.001726112 -0.013172570 -0.248186721 0.968621110
1317401023.449261904 127.066770633 -343.354244174 18.830962147 -0.002970643 -0.013071191 -0.247799742 0.968718539
1317401023.553064108 127.938901036 -343.815590409 18.878179731 -0.004133868 -0.013414470 -0.247506459 0.968784556
1317401023.656863928 128.800020411 -344.283507938 18.903082149 -0.004519430 -0.013902650 -0.247038233 0.968895455
1317401023.760660887 129.666283354 -344.746797827 18.957504243 -0.005061535 -0.014413455 -0.246716702 0.968967235
1317401023.864435911 130.531364797 -345.206461445 18.971068661 -0.006031890 -0.013387117 -0.246636004 0.968996947
1317401023.968235016 131.387816319 -345.669474352 19.000075529 -0.005152892 -0.010455510 -0.246725304 0.969015353
1317401024.072033882 132.247976694 -346.129767136 19.055563790 -0.006026784 -0.008451829 -0.246718742 0.969031530
1317401024.175807953 133.098887433 -346.590051387 19.112638187 -0.006003819 -0.008972127 -0.247084561 0.968933782
1317401024.279583931 133.931671004 -347.036723032 19.135345692 -0.007578039 -0.010022393 -0.247163337 0.968892362
1317401024.383359909 134.777525877 -347.493067943 19.158443203 -0.008248655 -0.009397750 -0.246992305 0.968936759
1317401024.487133026 135.609725015 -347.931827210 19.196511005 -0.010671996 -0.007170446 -0.247091536 0.968906841
1317401024.590907097 136.449458800 -348.379036214 19.218842267 -0.011474489 -0.005535913 -0.247438241 0.968819904
1317401024.694680929 137.298446580 -348.830633743 19.269148331 -0.013327390 -0.005341978 -0.247500330 0.968781415
1317401024.798487902 138.131619990 -349.267718774 19.300008837 -0.016840384 -0.006392369 -0.247560411 0.968705003
1317401024.902287006 138.971618453 -349.710398963 19.329023152 -0.020164137 -0.008024099 -0.247426823 0.968663506
1317401025.006078959 139.810998778 -350.164198987 19.338288168 -0.019419764 -0.007723232 -0.247069616 0.968772331
1317401025.109875917 140.638135540 -350.610341177 19.378166081 -0.019753258 -0.005897919 -0.246987208 0.968799433
1317401025.213674068 141.478591983 -351.053439075 19.409473278 -0.020506281 -0.003506534 -0.247401802 0.968689602
1317401025.317521811 142.287866304 -351.478133041 19.434267648 -0.022346160 -0.001853151 -0.247762100 0.968561385
1317401025.421392918 143.094385078 -351.899605553 19.473470680 -0.022729072 -0.001295229 -0.248623907 0.968332517
1317401025.525262117 143.853292132 -352.308639474 19.515129016 -0.024579151 -0.002767097 -0.250115417 0.967900040
1317401025.629111052 144.654009736 -352.733854430 19.535319922 -0.025068640 -0.004758007 -0.251475244 0.967527326
1317401025.732959032 145.417023845 -353.147671603 19.561556609 -0.029219083 -0.003874767 -0.252490145 0.967150432
1317401025.836806059 146.146118697 -353.551949202 19.559210137 -0.031780500 -0.000531458 -0.253786251 0.966737946
1317401025.940654039 146.893733393 -353.958279135 19.606308162 -0.032838644 0.001945726 -0.255038427 0.966371170
1317401026.044523954 147.627675516 -354.360513688 19.640299933 -0.033242024 0.001121578 -0.256521569 0.965966042
1317401026.148391962 148.298031966 -354.728831833 19.673553371 -0.034161071 -0.001531687 -0.258258225 0.965470540
1317401026.252280951 149.042979100 -355.145663710 19.703789120 -0.037148791 -0.003594736 -0.260436403 0.964769364
1317401026.356200933 149.712683188 -355.521316249 19.711138385 -0.037059284 -0.004158170 -0.263196129 0.964021326
1317401026.460171938 150.405507122 -355.923909946 19.749446708 -0.035743769 -0.004240363 -0.267125822 0.962989199
1317401026.564187050 151.069122514 -356.335117508 19.762615126 -0.034866521 -0.002675312 -0.272757528 0.961447086
1317401026.668203115 151.715449304 -356.736989133 19.795949032 -0.033514186 -0.001348672 -0.279156158 0.959659742
1317401026.772239923 152.377170671 -357.136420707 19.823662785 -0.031119379 -0.000501150 -0.285685529 0.957817891
1317401026.876277924 152.995071394 -357.546275154 19.861200740 -0.027313122 -0.002388519 -0.291735283 0.956106068
1317401026.980293036 153.625650322 -357.963833169 19.912819244 -0.023788984 -0.005855006 -0.297705787 0.954343265
1317401027.084307909 154.224133677 -358.381107805 19.944420314 -0.022334478 -0.008270466 -0.303498059 0.952534356
1317401027.188301086 154.821027426 -358.799123748 19.972555211 -0.022126309 -0.008289836 -0.309123466 0.950728346
1317401027.292243004 155.398533419 -359.222920279 20.003886218 -0.020221214 -0.006907615 -0.314030255 0.949172474
1317401027.396181107 155.977332011 -359.649348455 19.999722576 -0.017720924 -0.004562571 -0.318587609 0.947716776
1317401027.500124931 156.526841845 -360.060767258 20.040321881 -0.014359535 -0.003598851 -0.322917990 0.946311167
1317401027.604022980 157.054599076 -360.483894636 20.087960627 -0.012433074 -0.004620683 -0.326815182 0.944995188
1317401027.707894087 157.565796861 -360.874920834 20.109094044 -0.011223027 -0.005329188 -0.329878399 0.943941675
1317401027.811764002 158.087305659 -361.286936538 20.138461283 -0.008608836 -0.006353786 -0.332120808 0.943176169
1317401027.915610075 158.558669032 -361.666602170 20.158284192 -0.004603610 -0.006256756 -0.333360864 0.942767307
1317401028.019412041 159.045310001 -362.064525610 20.168997790 0.000122186 -0.004759620 -0.333859205 0.942610928
1317401028.123186111 159.491033641 -362.435503001 20.199431996 0.002983192 -0.004069469 -0.333816801 0.942624466
1317401028.226934671 159.938081644 -362.786541406 20.217471421 0.003504396 -0.004267390 -0.333287811 0.942808965
1317401028.330686092 160.351467696 -363.123362117 20.221629214 0.003974939 -0.004395254 -0.332319556 0.943148236
1317401028.434437990 160.774847378 -363.462833385 20.241073839 0.005081169 -0.004841770 -0.330993480 0.943606939
1317401028.538187981 161.178286096 -363.781640605 20.252697649 0.005371335 -0.005696654 -0.329876684 0.943991563
1317401028.641961098 161.573876690 -364.102374271 20.272160765 0.005518726 -0.007163806 -0.328752551 0.944372799
1317401028.745738029 161.944867542 -364.385435064 20.281126362 0.005294607 -0.007632876 -0.327340578 0.944860758
1317401028.849510908 162.325579692 -364.684389000 20.311665705 0.006312897 -0.009116559 -0.326025646 0.945295887
1317401028.953284979 162.680729240 -364.965505221 20.328182716 0.006563755 -0.010313021 -0.324710363 0.945734497
1317401029.057086945 163.030380935 -365.227359355 20.344778828 0.006693651 -0.011179031 -0.323361891 0.946185664
1317401029.160883904 163.351842028 -365.474977857 20.349199652 0.006776713 -0.011314649 -0.322039926 0.946634217
1317401029.264683008 163.659113376 -365.698683668 20.358099027 0.007840267 -0.011337496 -0.320584858 0.947119496
1317401029.368480921 163.952240759 -365.924196759 20.372990922 0.008546260 -0.011388913 -0.319165439 0.947592041
1317401029.472255945 164.221900196 -366.127393075 20.385373070 0.010212343 -0.011726023 -0.317239835 0.948217852
1317401029.576030970 164.486581798 -366.325067479 20.404919900 0.011763530 -0.012711591 -0.314786171 0.949004585
1317401029.679780960 164.706966435 -366.486244659 20.421030344 0.012649221 -0.014228655 -0.311494813 0.950057116
1317401029.783532143 164.923596926 -366.647839459 20.429429477 0.013420468 -0.015488578 -0.307647761 0.951279586
1317401029.887283087 165.136709431 -366.775326440 20.439644847 0.013864635 -0.016566411 -0.302584005 0.952877876
1317401029.991008997 165.337823158 -366.910442963 20.441507360 0.013940628 -0.017824242 -0.296341863 0.954813833
1317401030.094734907 165.483954221 -366.996571039 20.448584118 0.013772703 -0.018506955 -0.289174670 0.956998336
1317401030.198462009 165.657857887 -367.120728665 20.456682169 0.012997321 -0.018430041 -0.281484261 0.959300794
1317401030.302213907 165.803304706 -367.211085163 20.465344600 0.012107073 -0.017942845 -0.274211146 0.961425879
1317401030.405965090 165.941687914 -367.300912417 20.466868533 0.010819889 -0.017368868 -0.267033920 0.963469843
1317401030.509721994 166.082535373 -367.365987730 20.473237029 0.010410205 -0.017001489 -0.259440996 0.965553182
1317401030.613497019 166.200792491 -367.417408734 20.474605114 0.009964873 -0.016982825 -0.251593456 0.967632687
1317401030.717237949 166.299945783 -367.503727102 20.483185010 0.009895327 -0.017111782 -0.243174628 0.969781094
1317401030.820991039 166.441083848 -367.548687370 20.492101774 0.009866903 -0.017058672 -0.234137434 0.972003759
1317401030.924767017 166.580533501 -367.632386532 20.503059301 0.008917162 -0.016574859 -0.224971196 0.974183617
1317401031.028541088 166.703597541 -367.682759366 20.512865886 0.006575480 -0.015371255 -0.215790038 0.976296649
1317401031.132314920 166.828126320 -367.738419766 20.507806928 0.004420737 -0.014226643 -0.206426515 0.978348687
1317401031.236088037 166.943554045 -367.791825062 20.516134565 0.003960554 -0.013790797 -0.196822110 0.980334221
1317401031.339862108 167.071854341 -367.833286089 20.524290108 0.003853902 -0.014174348 -0.187005881 0.982248968
1317401031.443639040 167.206789164 -367.857428909 20.533198015 0.003462144 -0.014885657 -0.176806694 0.984126935
1317401031.547415018 167.340353037 -367.924205897 20.554527254 0.001858899 -0.014624099 -0.165492991 0.986100781
1317401031.651165009 167.490332619 -367.960911956 20.546093671 -0.000633137 -0.013951532 -0.153883372 0.987990315
1317401031.754890919 167.658844317 -368.037171081 20.540767741 -0.002253314 -0.013007525 -0.140405813 0.990006028
1317401031.858592987 167.820734870 -368.068134597 20.537200704 -0.002151408 -0.011858205 -0.126434853 0.991901700
1317401031.962272882 168.043693326 -368.098822618 20.552769978 -0.000535909 -0.010628014 -0.111919093 0.993660342
1317401032.065953016 168.248279498 -368.153616550 20.567749756 -0.000749648 -0.009416672 -0.095967240 0.995339667
1317401032.169631958 168.465522416 -368.167018150 20.575530475 -0.001861338 -0.008241537 -0.079047333 0.996835057
1317401032.273336887 168.699048763 -368.221596346 20.564626150 -0.003304508 -0.006563015 -0.061090226 0.998105201
1317401032.377037048 168.961159801 -368.248138152 20.581538260 -0.003573083 -0.005271697 -0.042554207 0.999073862
1317401032.480714083 169.230072030 -368.244691448 20.586765072 -0.004456529 -0.004450674 -0.023188506 0.999711270
1317401032.584368944 169.545878218 -368.233189255 20.590412956 -0.005301721 -0.003306564 -0.002307310 0.999977817
1317401032.688024044 169.816658412 -368.253633060 20.592254908 -0.005530021 -0.002465903 0.020080404 0.999780034
1317401032.791677952 170.119692152 -368.231244455 20.603476160 -0.004840132 -0.002387950 0.043325728 0.999046421
1317401032.895330906 170.451223372 -368.202302809 20.597042512 -0.003873746 -0.002095943 0.067295999 0.997723333
1317401032.999010086 170.785065040 -368.154327255 20.593457686 -0.003420445 -0.001360000 0.091428228 0.995804865
1317401033.102691889 171.137149272 -368.075169681 20.596822123 -0.002206933 -0.001189180 0.116115215 0.993232587
1317401033.206346989 171.499887272 -367.986430283 20.598230526 -0.000921313 -0.000803684 0.141384135 0.989954055
1317401033.310000896 171.868940923 -367.886210003 20.614863365 0.000137653 0.000469067 0.167080081 0.985943207
1317401033.413703918 172.243378714 -367.761595827 20.616099955 0.000468645 0.001131830 0.193072801 0.981183669
1317401033.517457008 172.631461342 -367.591686053 20.613874418 0.001311908 0.001660834 0.218799998 0.975767432
1317401033.621232986 173.024514830 -367.395513033 20.621536695 0.002273154 0.002494002 0.244120875 0.969738940
1317401033.725028753 173.415799010 -367.189268760 20.614892403 0.002994517 0.003459053 0.268080580 0.963385629
1317401033.828852892 173.819092032 -366.923899072 20.604620590 0.004255627 0.004751409 0.290395562 0.956885433
1317401033.932698011 174.256855110 -366.647901432 20.601658403 0.005170464 0.006634395 0.312237536 0.949966827
1317401034.036569118 174.667728534 -366.318045486 20.605456231 0.005223989 0.007892905 0.333361017 0.942751740
1317401034.140464783 175.079112565 -365.971848981 20.602929580 0.003631721 0.008107165 0.352266826 0.935857450
1317401034.244455099 175.495145992 -365.587197212 20.598187295 0.000885844 0.007804872 0.368216174 0.929707023
1317401034.348567009 175.918158479 -365.171879131 20.582970432 -0.001298478 0.007079126 0.381227782 0.924453124
1317401034.452725649 176.364771404 -364.730012882 20.580670341 -0.002041624 0.006064539 0.391672217 0.920082566
1317401034.556907892 176.813402861 -364.245483235 20.578692144 -0.001886060 0.004996592 0.400313157 0.916362839
1317401034.661089897 177.262385992 -363.743375147 20.564581540 -0.001595440 0.004021250 0.408502443 0.912746974
1317401034.765252113 177.717216916 -363.232331102 20.564681171 -0.000638075 0.002928569 0.416216473 0.909260614
1317401034.869400024 178.181222442 -362.689616991 20.549849408 -0.000307937 0.002885139 0.423339038 0.905966688
1317401034.973558903 178.653058500 -362.122044321 20.548772515 -0.000156754 0.003140698 0.429513547 0.903054940
1317401035.077750921 179.114585249 -361.527934542 20.542531653 -0.000517494 0.003044886 0.434456132 0.900687698
1317401035.181931973 179.613587224 -360.908000452 20.539982455 -0.001118471 0.003277450 0.438071160 0.898933627
1317401035.286113977 180.092624499 -360.282850561 20.536129016 -0.001760886 0.003217721 0.441200429 0.897401096
1317401035.390320063 180.596333115 -359.628747919 20.529801457 -0.001958600 0.003607899 0.443347139 0.896340595
1317401035.494528055 181.100742382 -358.951943176 20.525610705 -0.002385691 0.003771363 0.444686495 0.895675168
1317401035.598733902 181.612840482 -358.287777102 20.523939698 -0.003055510 0.003490688 0.445705382 0.895167689
1317401035.702918053 182.141708029 -357.569128032 20.514191935 -0.003441834 0.003403943 0.446325185 0.894857752
1317401035.807075977 182.684664546 -356.850051746 20.508344804 -0.002993744 0.004010477 0.446926289 0.894556788
1317401035.911211967 183.230593898 -356.108246518 20.500030683 -0.002941448 0.004467874 0.447399857 0.894318039
1317401036.015299082 183.778541737 -355.380758879 20.491138621 -0.002561236 0.005088733 0.448170925 0.893929733
1317401036.119335890 184.348299183 -354.610059622 20.486534982 -0.002362215 0.005569585 0.449267575 0.893376766
1317401036.223352909 184.915961543 -353.830265809 20.475201396 -0.002395145 0.006166278 0.450552425 0.892725463
1317401036.327373981 185.493856883 -353.032657676 20.467053884 -0.002823636 0.006759359 0.451620572 0.892180025
1317401036.431385994 186.081625899 -352.241896776 20.458633227 -0.003393900 0.007127107 0.452248947 0.891856814
1317401036.535372972 186.659245109 -351.438678719 20.454481798 -0.003573729 0.006780147 0.452892463 0.891532206
1317401036.639362097 187.246808479 -350.628339831 20.446999306 -0.003180351 0.006259572 0.453561250 0.891197450
1317401036.743375063 187.835082809 -349.816915366 20.441449766 -0.003193449 0.006213997 0.454110953 0.890917746
1317401036.847368956 188.421219671 -348.997422795 20.430603343 -0.004240065 0.007093425 0.454770755 0.890570191
1317401036.951337099 189.007689683 -348.174567747 20.423836880 -0.005637329 0.008688288 0.455434470 0.890209064
1317401037.055325985 189.596844283 -347.351234412 20.420530391 -0.006659809 0.009265297 0.455558894 0.890132515
1317401037.159317017 190.179950032 -346.532560212 20.410630807 -0.007173746 0.009322362 0.455333459 0.890243266
1317401037.263309002 190.769594550 -345.704499810 20.396259055 -0.007397697 0.009412650 0.454948911 0.890437064
1317401037.367299080 191.361098398 -344.883048628 20.384142757 -0.008177965 0.009678753 0.454568993 0.890621397
1317401037.471266031 191.952940234 -344.060156243 20.363954345 -0.008467142 0.010507167 0.454321914 0.890735373
1317401037.575207949 192.534834303 -343.245339734 20.360218703 -0.008532612 0.010729291 0.453974781 0.890909072
1317401037.679150105 193.122240695 -342.427898313 20.348682287 -0.008634831 0.009943411 0.453747188 0.891033141
1317401037.783140898 193.708541699 -341.612768861 20.340666983 -0.009494960 0.008490434 0.453423770 0.891204041
1317401037.887130976 194.293565321 -340.796723328 20.323253673 -0.010873178 0.007927350 0.453167244 0.891323948
1317401037.991075993 194.877228642 -339.983932520 20.311868470 -0.012733480 0.007772278 0.452859668 0.891456994
1317401038.095020056 195.458839043 -339.164024993 20.300526182 -0.015096692 0.007723412 0.452531023 0.891587412
1317401038.198961973 196.047002065 -338.347782030 20.289961216 -0.017470400 0.007121856 0.452388713 0.891621286
1317401038.302877903 196.625903852 -337.538538813 20.270259123 -0.019740779 0.005919846 0.452284376 0.891635632
1317401038.406795979 197.201489117 -336.731049534 20.257314774 -0.021123580 0.004766729 0.452400631 0.891551873
1317401038.510714054 197.779019883 -335.927907622 20.244789945 -0.022040344 0.003593607 0.452755288 0.891355125
1317401038.614609003 198.352947736 -335.121423725 20.226103508 -0.023044088 0.002807925 0.453521675 0.890942858
1317401038.718481064 198.927692352 -334.333243086 20.209799101 -0.022857444 0.002896801 0.454506251 0.890445514
1317401038.822328091 199.484493683 -333.533803766 20.196875153 -0.023307924 0.002001911 0.455875533 0.889736046
1317401038.926152945 200.033827784 -332.753706785 20.182921849 -0.022167907 0.000808793 0.458073417 0.888637539
1317401039.029927015 200.549784496 -331.995746225 20.170237862 -0.020918002 0.001189901 0.461455985 0.886915664
1317401039.133651972 201.081221690 -331.222994605 20.157573944 -0.021163569 0.002524433 0.465251683 0.884921805
1317401039.237330914 201.593715177 -330.444262634 20.150079538 -0.021335613 0.003634583 0.470438617 0.882167268
1317401039.340961933 202.070489404 -329.686851301 20.150109443 -0.020144417 0.003452105 0.477864544 0.878195743
1317401039.444617987 202.557585775 -328.939329651 20.142953632 -0.018668199 0.002421366 0.486756397 0.873334899
1317401039.548273087 203.006964638 -328.180543497 20.125503897 -0.018177390 0.002151799 0.496300806 0.867957639
1317401039.651904106 203.442221835 -327.423976911 20.114500176 -0.019086385 0.002587051 0.507064370 0.861692951
1317401039.755558968 203.850359911 -326.650740984 20.103497934 -0.020024232 0.003423820 0.518366681 0.854917125
1317401039.859235048 204.235849683 -325.870008456 20.091743803 -0.021073868 0.004433785 0.529991280 0.847729601
1317401039.962937117 204.593923903 -325.099449900 20.087074584 -0.021724931 0.004951714 0.541934966 0.840124991
1317401040.066664934 204.945834092 -324.306805663 20.069554797 -0.021556891 0.004356839 0.554086696 0.832168404
1317401040.170368910 205.258119974 -323.517774165 20.057835292 -0.019823111 0.003307976 0.566838467 0.823583787
1317401040.274048090 205.553098164 -322.718786586 20.046610683 -0.016830925 0.002826592 0.580682346 0.813951315
1317401040.377751112 205.817639727 -321.916090464 20.029911024 -0.016695718 0.002961344 0.594658270 0.803799742
1317401040.481477976 206.045850864 -321.110525955 20.004213494 -0.017850309 0.004169980 0.608336824 0.793467256
1317401040.585206985 206.256046175 -320.297683493 19.983530225 -0.020826244 0.006416984 0.621598298 0.783032979
1317401040.688958883 206.429300218 -319.473220163 19.979800768 -0.023324819 0.007022313 0.634416971 0.772607110
1317401040.792756081 206.587355673 -318.659243163 19.978210140 -0.023965941 0.006281235 0.646975057 0.762108559
1317401040.896552086 206.710833444 -317.819556058 19.947787075 -0.021991135 0.004030309 0.659090293 0.751731423
1317401041.000349998 206.816500750 -316.980513411 19.907443574 -0.020558078 0.003670772 0.670680598 0.741452241
1317401041.104195118 206.903374042 -316.130926784 19.873930356 -0.020266767 0.004011224 0.681664944 0.731372731
1317401041.208066702 206.958124122 -315.250248344 19.841216548 -0.021442027 0.005369900 0.691702537 0.721844169
1317401041.311964273 206.984412616 -314.407776671 19.834557711 -0.022608150 0.006736767 0.701392157 0.712385099
1317401041.415884018 207.012814371 -313.578337811 19.809319315 -0.022551895 0.007403503 0.710304127 0.703494596
1317401041.519850016 206.982090930 -312.641763628 19.773779814 -0.022154816 0.007327159 0.717669890 0.695992389
1317401041.623840094 206.963913575 -311.788855541 19.748682593 -0.021500188 0.006677264 0.724698572 0.688698146
1317401041.727828979 206.897207236 -310.866782086 19.702925165 -0.021767208 0.006737222 0.730709241 0.682308437
1317401041.831867933 206.837103188 -309.963248099 19.663037824 -0.022325369 0.007609983 0.735851299 0.676732245
1317401041.935930967 206.761094311 -309.051932369 19.626505086 -0.021124089 0.008959281 0.740483786 0.671682415
1317401042.039968967 206.665931494 -308.124961885 19.624722933 -0.019213247 0.009417588 0.744696785 0.667059861
1317401042.143984079 206.557387668 -307.175241366 19.589582486 -0.017355297 0.008007376 0.748639071 0.662702209
1317401042.248020887 206.435145859 -306.238400507 19.541281738 -0.015733976 0.007199624 0.752255495 0.658644273
1317401042.352061033 206.312278929 -305.285907973 19.518906830 -0.015694096 0.007042581 0.755294306 0.655159987
1317401042.456108093 206.167819465 -304.322455910 19.478366964 -0.016887080 0.008388690 0.757641196 0.652398862
1317401042.560169935 206.021205778 -303.360032687 19.436729964 -0.019100600 0.010226871 0.759760670 0.649841752
1317401042.664200306 205.856071310 -302.365468017 19.407818948 -0.020859223 0.012025586 0.761368403 0.647872235
1317401042.768215895 205.690608209 -301.372105705 19.369056345 -0.020696573 0.013008732 0.762654377 0.646344124
1317401042.872231007 205.516225767 -300.372071482 19.343530782 -0.019922549 0.013019824 0.764048729 0.644719409
1317401042.976246119 205.338131043 -299.360310405 19.284423647 -0.019106305 0.013697939 0.765273961 0.643275276
1317401043.080262899 205.154128122 -298.360293446 19.252266390 -0.017913025 0.015347007 0.766276014 0.642078393
1317401043.184278965 204.965651231 -297.331480945 19.203228301 -0.017173406 0.017257132 0.766977078 0.641212467
1317401043.288294077 204.777743310 -296.294340711 19.164796826 -0.016129476 0.018177419 0.767461330 0.640634474
1317401043.392308950 204.582970660 -295.241182154 19.119422917 -0.015217421 0.018957881 0.767892092 0.640117773
1317401043.496321678 204.389554306 -294.180455386 19.084469997 -0.015134242 0.019132139 0.768174096 0.639776113
1317401043.600311995 204.188609113 -293.096935035 19.035829881 -0.015829647 0.019044734 0.768432328 0.639451701
1317401043.704278946 203.980069655 -292.008401831 18.988592461 -0.016567871 0.019171589 0.768573308 0.639259749
1317401043.808247089 203.775332677 -290.913738458 18.941400285 -0.016896206 0.018627753 0.768685116 0.639132786
1317401043.912213087 203.561142506 -289.816978050 18.894251816 -0.016230415 0.017996087 0.768829960 0.638993902
1317401044.016150951 203.352144220 -288.707835139 18.845396386 -0.014679471 0.017703311 0.769084113 0.638733695
1317401044.120070934 203.134766244 -287.573497718 18.800040287 -0.014122610 0.017900858 0.769486226 0.638256264
1317401044.223993063 202.927376090 -286.457706577 18.748445367 -0.014560869 0.018166685 0.769976450 0.637647410
1317401044.327887058 202.707300278 -285.314398810 18.708548035 -0.015074692 0.018548113 0.770270295 0.637269483
1317401044.431782961 202.476119895 -284.169839559 18.667148051 -0.015768497 0.017726968 0.770625636 0.636846322
1317401044.535702944 202.242457324 -283.021686536 18.613671765 -0.016579630 0.016829466 0.770846648 0.636582539
1317401044.639596939 202.019676677 -281.887440821 18.565052222 -0.017565822 0.015787036 0.771106266 0.636268290
1317401044.743464947 201.782407694 -280.706277016 18.519669392 -0.017174839 0.015572463 0.771282266 0.636070900
1317401044.847337008 201.550453496 -279.544145400 18.478419207 -0.016149685 0.015341371 0.771504729 0.635833534
1317401044.951210022 201.314193133 -278.393894572 18.428976746 -0.014710914 0.016175688 0.771756240 0.635542479
1317401045.055079937 201.082242730 -277.232364897 18.382299124 -0.014318431 0.017373332 0.771981005 0.635246786
1317401045.158947945 200.858544222 -276.086995482 18.359637911 -0.014313013 0.019064863 0.772181211 0.634954995
1317401045.262816906 200.627309241 -274.926919687 18.312096125 -0.016086961 0.020662541 0.772371984 0.634630434
1317401045.366686106 200.395617529 -273.779865093 18.264391389 -0.018781994 0.021922710 0.772543814 0.634304885
1317401045.470551968 200.159324600 -272.625181215 18.229348666 -0.020343362 0.021504656 0.772449189 0.634386276
1317401045.574450016 199.924165116 -271.485199227 18.189885619 -0.019637546 0.019246197 0.772261735 0.634709196
1317401045.678375006 199.686016540 -270.341690171 18.137514189 -0.018818301 0.016134217 0.771964010 0.635182750
1317401045.782293081 199.456188364 -269.200485517 18.082080091 -0.018229293 0.014693346 0.771629164 0.635641590
1317401045.886209011 199.228085834 -268.062898054 18.032608494 -0.019008545 0.014217309 0.771299235 0.636029899
1317401045.990129948 198.993261010 -266.924701807 17.988686461 -0.019944541 0.014859691 0.770927291 0.636437363
1317401046.094026089 198.764590562 -265.789060037 17.948028080 -0.020386646 0.015231736 0.770665584 0.636731447
1317401046.197891951 198.540846097 -264.643660038 17.907923100 -0.019593366 0.015101355 0.770425413 0.637050023
1317401046.301739931 198.320844319 -263.528411948 17.864202133 -0.017915190 0.015254524 0.770343579 0.637194724
1317401046.405567884 198.103364310 -262.380542452 17.819079505 -0.016525079 0.016484827 0.770748141 0.636712239
1317401046.509362936 197.880704570 -261.257585474 17.770394459 -0.015911202 0.018543230 0.771365436 0.635923223
1317401046.613136053 197.657676589 -260.138294103 17.744062051 -0.015243408 0.019738035 0.772228828 0.634854854
1317401046.716891050 197.428859910 -259.015884754 17.703654494 -0.014678403 0.019528014 0.772964545 0.633978716
1317401046.820643187 197.203678109 -257.898808360 17.658695968 -0.014544133 0.019351384 0.773377554 0.633483347
1317401046.924392939 196.970182235 -256.786406476 17.602073221 -0.016191462 0.019093967 0.773849495 0.632874566
1317401047.028119087 196.727820544 -255.669477428 17.569494823 -0.017655347 0.019859319 0.774281180 0.632283600
1317401047.131867886 196.491171090 -254.544442796 17.524040943 -0.017412294 0.020711584 0.774557237 0.631924781
1317401047.235620975 196.266632244 -253.445549802 17.483640169 -0.017225430 0.020628657 0.774873521 0.631544748
1317401047.339348078 196.025731973 -252.326255791 17.431604432 -0.016098704 0.021172184 0.775241062 0.631105273
1317401047.443074703 195.792182472 -251.214899569 17.393449853 -0.013443316 0.022731245 0.775503226 0.630791023
1317401047.546823978 195.567820153 -250.112508428 17.360385374 -0.010586215 0.024651097 0.775785306 0.630426375
1317401047.650572062 195.337375287 -249.012461255 17.308368805 -0.009973228 0.025672429 0.775997813 0.630133997
1317401047.754300117 195.108534580 -247.898562110 17.262904807 -0.010901351 0.027398934 0.776168157 0.629836051
1317401047.858052969 194.869664483 -246.797725732 17.214877623 -0.013802690 0.028409815 0.776195300 0.629700900
1317401047.961853027 194.631274688 -245.680256068 17.170208743 -0.016288036 0.028448967 0.775944623 0.629948648
1317401048.065675020 194.397665118 -244.590916217 17.124063922 -0.016366536 0.028269344 0.775650993 0.630316204
1317401048.169497013 194.157860751 -243.485336391 17.075237932 -0.014608098 0.027436777 0.775460383 0.630630653
1317401048.273320913 193.921885693 -242.380140610 17.033723079 -0.012253438 0.025794952 0.775330948 0.630909181
1317401048.377144098 193.687770582 -241.277460212 16.974367577 -0.011107899 0.025761191 0.775403944 0.630842055
1317401048.480967283 193.460639748 -240.176185563 16.929954638 -0.011629733 0.026871392 0.775387610 0.630806414
1317401048.584763050 193.229347005 -239.073225776 16.875557578 -0.012725412 0.028829777 0.775257503 0.630858710
1317401048.688561916 192.995547393 -237.979119710 16.818857813 -0.013394050 0.030844384 0.775112732 0.630927473
1317401048.792361021 192.760752612 -236.874372501 16.773231998 -0.012316769 0.032734819 0.774966012 0.631034396
1317401048.896135092 192.534353569 -235.775842956 16.736779813 -0.009287639 0.034107103 0.774915037 0.631076169
1317401048.999908924 192.308749200 -234.671018654 16.693289516 -0.005681882 0.034822924 0.774805711 0.631214061
1317401049.103682041 192.077113942 -233.590052661 16.635411358 -0.004548301 0.035091575 0.774919437 0.631068745
1317401049.207457066 191.850322924 -232.481966696 16.590452624 -0.005032223 0.035940165 0.774996773 0.630922327
1317401049.311235905 191.624644739 -231.392521845 16.538275308 -0.006542043 0.037706625 0.775089588 0.630691321
1317401049.415011883 191.382575816 -230.278611962 16.478255515 -0.008616414 0.037791546 0.775177461 0.630553297
1317401049.518784046 191.146797399 -229.189420230 16.426551287 -0.009925491 0.037118423 0.775299263 0.630424269
1317401049.622558117 190.908177949 -228.087764338 16.393426475 -0.009409765 0.035345277 0.775496431 0.630291563
1317401049.726334095 190.674596971 -227.001483130 16.334624676 -0.008244620 0.033224496 0.775742265 0.630120700
1317401049.830106020 190.427592003 -225.885538650 16.274824012 -0.009988848 0.032124235 0.776108646 0.629701220
1317401049.933881998 190.196541776 -224.780360636 16.195380384 -0.011805591 0.034313517 0.776448395 0.629135201
1317401050.037658930 189.954510262 -223.684173950 16.158990078 -0.010330235 0.035053673 0.776951840 0.628498500
1317401050.141433001 189.717477801 -222.594543722 16.132615318 -0.005611932 0.033642970 0.777275888 0.628234709
1317401050.245208979 189.476752661 -221.487137059 16.071896706 -0.004233339 0.031800489 0.777692997 0.627825143
1317401050.348980904 189.233313505 -220.380878139 16.003533465 -0.006309707 0.033310457 0.777982604 0.627370440
1317401050.452754021 188.991199868 -219.258927424 15.947494045 -0.008229368 0.035675810 0.778130361 0.627034811
1317401050.556555986 188.752021057 -218.166117119 15.924445362 -0.008633662 0.034866023 0.778209239 0.626977033
1317401050.660353899 188.502009777 -217.048150968 15.869215494 -0.007770184 0.032345983 0.778120524 0.627233459
1317401050.764153957 188.251752098 -215.933949639 15.811689406 -0.006934172 0.030709969 0.777963346 0.627520396
1317401050.867974043 188.005272377 -214.813954448 15.760802124 -0.006925430 0.030204163 0.777840022 0.627697895
1317401050.971795082 187.761241932 -213.709944952 15.712334055 -0.007140227 0.030803161 0.777539311 0.628038854
1317401051.075596094 187.519662721 -212.594451166 15.674011838 -0.006614711 0.031549600 0.777422774 0.628151812
1317401051.179397106 187.275830479 -211.472291357 15.623963020 -0.006026289 0.031934945 0.777343112 0.628236842
1317401051.283220053 187.040316417 -210.355480607 15.578024505 -0.006314688 0.031930897 0.777116271 0.628514792
1317401051.387042046 186.792616533 -209.232749879 15.534631540 -0.007504177 0.031912728 0.776994380 0.628653322
1317401051.490888119 186.546416511 -208.128972105 15.489962369 -0.009519079 0.031539444 0.776988891 0.628651663
1317401051.594757080 186.306535678 -207.020655571 15.447795513 -0.012254163 0.030548787 0.776982243 0.628661436
1317401051.698628902 186.048777041 -205.872590078 15.393872428 -0.014431048 0.030449383 0.776926607 0.628688815
1317401051.802476883 185.813914239 -204.774321681 15.344306786 -0.014901969 0.030361403 0.776836062 0.628793964
1317401051.906300068 185.565813894 -203.667864226 15.299740304 -0.013819744 0.029359429 0.776846279 0.628853638
1317401052.010122061 185.321104182 -202.544228221 15.244930123 -0.011841058 0.028340567 0.776946281 0.628817206
1317401052.113945007 185.081219161 -201.427572430 15.194769062 -0.011759742 0.028029648 0.777084743 0.628661554
1317401052.217768908 184.850567027 -200.340226675 15.133813989 -0.012878316 0.029434447 0.776996556 0.628684431
1317401052.321589947 184.608088336 -199.231564250 15.082112230 -0.013169384 0.031239597 0.777001947 0.628584624
1317401052.425386906 184.363610788 -198.100127934 15.042627957 -0.012401461 0.030593535 0.776977787 0.628661879
1317401052.529186010 184.124801602 -197.003586297 14.992014374 -0.011322150 0.028819026 0.777087276 0.628630764
1317401052.633011103 183.886355651 -195.927681655 14.938119768 -0.010451004 0.027989595 0.777057005 0.628720741
1317401052.736810923 183.651830116 -194.833438387 14.891604528 -0.009242505 0.028335110 0.776959204 0.628845047
1317401052.840585947 183.414146437 -193.716474133 14.850462398 -0.009347262 0.029320522 0.776767382 0.629035270
1317401052.944381952 183.181281395 -192.623080919 14.789665535 -0.011777917 0.030455850 0.776798466 0.628902111
1317401053.048204899 182.946499233 -191.552744677 14.750308102 -0.012789983 0.032493050 0.776448992 0.629211872
1317401053.152028084 182.706434148 -190.455646255 14.711377910 -0.013128440 0.031530217 0.776105238 0.629677813
1317401053.255851984 182.460557138 -189.359160241 14.658477950 -0.013398602 0.028826794 0.775616084 0.630403984
1317401053.359674931 182.219653835 -188.271129604 14.591335546 -0.014925794 0.027141640 0.775571969 0.630498749
1317401053.463470936 181.990868069 -187.207936379 14.543146943 -0.016101564 0.027909131 0.775600500 0.630401209
1317401053.567246914 181.761187779 -186.134169718 14.489778317 -0.016290825 0.028994561 0.775715541 0.630205779
1317401053.671045065 181.532445170 -185.049685181 14.439108610 -0.016215581 0.028946413 0.775551298 0.630412043
1317401053.774844885 181.301633790 -183.972053520 14.382539466 -0.015185370 0.028815289 0.775344153 0.630698444
1317401053.878644943 181.076459693 -182.906150437 14.331451444 -0.014080870 0.028553309 0.775467936 0.630583792
1317401053.982467890 180.850568664 -181.840023030 14.283894992 -0.013298003 0.028071066 0.775473695 0.630615355
1317401054.086287975 180.625538223 -180.773132381 14.223240620 -0.013355229 0.028516417 0.775228064 0.630896109
1317401054.190087080 180.397556918 -179.699700751 14.174580956 -0.014851328 0.028706343 0.774822412 0.631352211
1317401054.293888092 180.169065536 -178.620304458 14.120457056 -0.016347613 0.029240793 0.774427551 0.631775039
1317401054.397686005 179.942306342 -177.555238664 14.064381753 -0.015648540 0.030871789 0.774075703 0.632146235
1317401054.501483917 179.726221523 -176.495503188 14.014864847 -0.014215911 0.032118504 0.773914651 0.632315129
1317401054.605282068 179.502019863 -175.431057831 13.958985908 -0.013132902 0.033163322 0.773914174 0.632285198
1317401054.709080935 179.291050999 -174.357245547 13.904044097 -0.012562883 0.034941887 0.773895392 0.632223979
1317401054.812927008 179.072240629 -173.290782909 13.859578107 -0.012245295 0.036485549 0.773951069 0.632074838
1317401054.916771889 178.850323425 -172.225274360 13.796058272 -0.013706636 0.036346232 0.773946029 0.632059035
1317401055.020572901 178.631470207 -171.174691835 13.737248072 -0.013677628 0.036536418 0.774154926 0.631792816
1317401055.124346972 178.406940703 -170.108385374 13.681652775 -0.012824563 0.034835957 0.774384094 0.631625888
1317401055.228122950 178.188182305 -169.045848264 13.624833385 -0.011680370 0.033972248 0.774482694 0.631574234
1317401055.331896067 177.962017719 -167.994210847 13.546904777 -0.012283250 0.035199273 0.774634544 0.631309319
1317401055.435647011 177.738526763 -166.924146988 13.502656712 -0.013325101 0.036932264 0.774714027 0.631091615
1317401055.539400101 177.509923766 -165.858006550 13.459379176 -0.012608948 0.035911082 0.775024709 0.630783727
1317401055.643173933 177.287991357 -164.801538470 13.406476346 -0.011496653 0.033294104 0.775384808 0.630505931
1317401055.746949911 177.056341849 -163.753409197 13.340409819 -0.012002431 0.031726828 0.775738889 0.630141671
1317401055.850723982 176.830178087 -162.696748800 13.278416405 -0.014460835 0.031716622 0.775878567 0.629918558
1317401055.954521894 176.598841216 -161.640590568 13.220569367 -0.016518452 0.033450935 0.775946303 0.629694776
1317401056.058344841 176.368400946 -160.564041709 13.173717532 -0.014199207 0.035411249 0.776144135 0.629400276
1317401056.162168026 176.146351017 -159.489476418 13.122452705 -0.009335753 0.034819684 0.776664912 0.628881585
1317401056.265969038 175.916195568 -158.433822366 13.079471139 -0.004861538 0.033061780 0.777177324 0.628393739
1317401056.369769335 175.692516033 -157.398793805 13.018075784 -0.003900586 0.031692381 0.777447683 0.628136513
1317401056.473566055 175.457952657 -156.361121447 12.978939718 -0.007275006 0.031649787 0.777677020 0.627824671
1317401056.577366114 175.225207440 -155.315873364 12.910697126 -0.012510028 0.032335544 0.777951281 0.627367290
1317401056.681164980 174.984978660 -154.247365990 12.868012081 -0.017439537 0.031891461 0.777985384 0.627230053
1317401056.784939051 174.745417768 -153.179361343 12.805164778 -0.018929957 0.031945898 0.777968958 0.627204445
1317401056.888715029 174.510301437 -152.124952586 12.773420073 -0.018441837 0.029472014 0.778069640 0.627215221
1317401056.992464066 174.270081290 -151.076582623 12.706622769 -0.016085175 0.027339625 0.778387321 0.626982448
1317401057.096215963 174.043010053 -150.045253296 12.645391518 -0.015061965 0.025890470 0.778429807 0.627016632
1317401057.199992180 173.805548800 -148.981981396 12.591825533 -0.015463809 0.026593757 0.778346967 0.627080251
1317401057.303766012 173.575574858 -147.955679830 12.547012484 -0.016194343 0.026997434 0.778166009 0.627269116
1317401057.407537937 173.339954267 -146.892704563 12.492277614 -0.016673351 0.027898937 0.778051152 0.627359588
1317401057.511312246 173.115654287 -145.851286457 12.438529480 -0.017781675 0.027938632 0.777832615 0.627598333
1317401057.615112305 172.874849201 -144.810135921 12.378764047 -0.018372948 0.027706937 0.777594140 0.627887024
1317401057.718910933 172.640486411 -143.755045229 12.339140117 -0.018498640 0.027114591 0.777347206 0.628214868
1317401057.822686911 172.409649850 -142.725561309 12.280610511 -0.018309438 0.026510874 0.777295398 0.628310275
1317401057.926459074 172.181434119 -141.703438398 12.222819313 -0.018123668 0.026354607 0.777085856 0.628581370
1317401058.030210018 171.953932119 -140.678365500 12.180469622 -0.018628971 0.025432120 0.776958723 0.628761729
1317401058.133963108 171.729261729 -139.655962120 12.116995256 -0.018740450 0.024812959 0.776854269 0.628912201
1317401058.237689018 171.508166055 -138.642278818 12.068403212 -0.018460680 0.024506553 0.776707327 0.629113949
1317401058.341414928 171.286645716 -137.622237542 12.016795974 -0.018233988 0.024197569 0.776629083 0.629229105
1317401058.445164919 171.071004630 -136.594613575 11.960203542 -0.017772845 0.025390060 0.776591509 0.629241685
1317401058.548914909 170.850397840 -135.581033270 11.910066902 -0.017015874 0.027539007 0.776523245 0.629256476
1317401058.652692080 170.638933501 -134.579107406 11.874319149 -0.016061925 0.029236391 0.776430011 0.629320018
1317401058.756467104 170.426380987 -133.583865858 11.828915451 -0.015483163 0.029970119 0.776370744 0.629373126
1317401058.860240936 170.215743962 -132.586927212 11.773879431 -0.015513059 0.030120436 0.776183845 0.629595698
1317401058.964040995 169.998363552 -131.597096964 11.728514301 -0.015339860 0.029892956 0.776010311 0.629824656
1317401059.067838907 169.790139336 -130.612852580 11.679915733 -0.015114008 0.029406558 0.775927484 0.629955047
1317401059.171636343 169.577558139 -129.636580655 11.626391663 -0.014923252 0.029789183 0.775870336 0.630012002
1317401059.275461912 169.369656902 -128.654995226 11.579129830 -0.015149659 0.030455016 0.775766915 0.630102114
1317401059.379260063 169.156827746 -127.675739933 11.537648881 -0.015174928 0.031052650 0.775610608 0.630264738
1317401059.483056068 168.950100653 -126.711259239 11.490755543 -0.015443436 0.030895311 0.775523707 0.630372874
1317401059.586877108 168.744545835 -125.745489497 11.445369186 -0.015372466 0.031079859 0.775300694 0.630639804
1317401059.690700054 168.541515687 -124.787209405 11.396637018 -0.015398181 0.031192761 0.775140309 0.630830729
1317401059.794501066 168.344390955 -123.832095572 11.347302839 -0.015154661 0.031477514 0.774875948 0.631147184
1317401059.898277998 168.147263457 -122.897888056 11.302948553 -0.015209774 0.031978028 0.774745050 0.631281377
1317401060.002051115 167.955953065 -121.981797216 11.260888931 -0.015082321 0.033588624 0.774571191 0.631414125
1317401060.105846882 167.766246970 -121.107593560 11.223638881 -0.015743862 0.034635616 0.774366903 0.631591961
1317401060.209645987 167.592331249 -120.277615633 11.187712496 -0.016219175 0.034911746 0.774226147 0.631737273
1317401060.313395023 167.409345672 -119.411222289 11.137489813 -0.015953258 0.035010399 0.774495805 0.631407962
1317401060.417099953 167.235130002 -118.560908612 11.106674276 -0.015298174 0.034562720 0.775375233 0.630368648
1317401060.520806074 167.056981860 -117.764433949 11.054188809 -0.014843263 0.034511800 0.776915810 0.628482647
1317401060.624531031 166.870616366 -116.950101619 11.012473930 -0.013952383 0.035869450 0.778841533 0.626038801
1317401060.728281021 166.687524105 -116.160038970 10.970726824 -0.014469179 0.036793291 0.781023157 0.623249328
1317401060.832057953 166.498326601 -115.370888707 10.923322677 -0.016115011 0.037220908 0.782956017 0.620753402
1317401060.935858965 166.313929389 -114.612185643 10.894967194 -0.016748422 0.036480933 0.784377211 0.618983863
1317401061.039701939 166.133322993 -113.853221097 10.858725634 -0.016876509 0.034481289 0.785109941 0.618165515
1317401061.143571854 165.954621568 -113.121146784 10.815849824 -0.016730533 0.032776741 0.785221662 0.618120309
1317401061.247467995 165.769011195 -112.392808016 10.772038014 -0.017741153 0.031249854 0.785244049 0.618142769
1317401061.351382971 165.602487445 -111.720408872 10.726764824 -0.021141945 0.030150599 0.785073390 0.618307150
1317401061.455327988 165.426534218 -111.004786230 10.687984439 -0.024367962 0.029231870 0.784491154 0.618971187
1317401061.559297085 165.262004573 -110.366410021 10.657331053 -0.026566670 0.027927090 0.782903724 0.620947702
1317401061.663311005 165.110283712 -109.706060803 10.607068895 -0.027942108 0.024977498 0.780642587 0.623852959
1317401061.767373085 164.964685126 -109.066258546 10.583659693 -0.027798766 0.020840767 0.777588141 0.627813328
1317401061.871459007 164.819321252 -108.432627923 10.531282646 -0.026908740 0.018351992 0.773494454 0.632965603
1317401061.975620031 164.710064627 -107.798028221 10.495154888 -0.026297562 0.017901478 0.767865570 0.639820632
1317401062.079849958 164.600493812 -107.152557481 10.457574158 -0.024828713 0.017740314 0.760419320 0.648715095
1317401062.184128046 164.493129025 -106.521658106 10.434250842 -0.023549012 0.015890874 0.751582642 0.659026901
1317401062.288455009 164.414364802 -105.880031824 10.409438059 -0.022681646 0.013893038 0.740699696 0.671309531
1317401062.392828941 164.342379514 -105.264402887 10.366443694 -0.023605554 0.013992022 0.727925517 0.685106884
1317401062.497252941 164.332072277 -104.596415188 10.322115890 -0.024107175 0.017617353 0.713220647 0.700303350
1317401062.601675987 164.325758139 -104.017969796 10.307257365 -0.022996182 0.023047414 0.696269262 0.717041914
1317401062.706049681 164.352681404 -103.374432022 10.296397763 -0.021656515 0.025266983 0.678396088 0.733942316
1317401062.810400963 164.391919112 -102.745133170 10.280989275 -0.020534817 0.023899149 0.660139780 0.750481594
1317401062.914705038 164.468359032 -102.129636352 10.250165892 -0.019007575 0.021497466 0.641716640 0.766404805
1317401063.018935919 164.570562259 -101.531097534 10.202977417 -0.017988884 0.020447674 0.622946119 0.781790526
1317401063.123166323 164.712388694 -100.920113389 10.193688514 -0.016970542 0.019226658 0.603601364 0.796873723
1317401063.227372885 164.875952142 -100.314372173 10.179522603 -0.017820142 0.014534385 0.583918913 0.811486227
1317401063.331506014 165.059847982 -99.716868573 10.128501127 -0.020453864 0.009390753 0.564479690 0.825140068
1317401063.435616016 165.282946171 -99.107603734 10.080642444 -0.021891946 0.007558931 0.545323766 0.837905481
1317401063.539654255 165.525683257 -98.510329337 10.065672469 -0.021812121 0.007238598 0.527129252 0.849474300
1317401063.643598080 165.811181182 -97.923893901 10.047150763 -0.021269177 0.005321857 0.509934612 0.859933713
1317401063.747520924 166.123208347 -97.345589723 10.029624185 -0.018200919 0.002753043 0.493477201 0.869563914
1317401063.851391077 166.451406266 -96.765329281 9.992223849 -0.015727453 0.001789949 0.478818547 0.877771179
1317401063.955212116 166.811794610 -96.225192660 9.996250059 -0.012376910 0.003555461 0.464729899 0.885358849
1317401064.059035063 167.208086403 -95.682317750 9.998639386 -0.011373064 0.004148294 0.450681092 0.892602934
1317401064.162858009 167.601785280 -95.133652168 9.994755374 -0.011322390 0.004329326 0.436637653 0.899555790
1317401064.266727924 168.017806004 -94.614984906 9.972959481 -0.010567473 0.003828563 0.422161274 0.906451063
1317401064.370623350 168.457418246 -94.079531174 9.983801327 -0.008531528 0.003034118 0.407225253 0.913282870
1317401064.474517107 168.926093529 -93.568667866 9.989820015 -0.008140176 0.002095967 0.391719750 0.920046184
1317401064.578459978 169.414383064 -93.068695256 9.965956584 -0.011279432 0.000486414 0.375053143 0.926934560
1317401064.682425737 169.931667317 -92.576545720 9.960705195 -0.011757837 -0.000172614 0.357568236 0.933812979
1317401064.786392927 170.453485608 -92.083897397 9.968884044 -0.012844626 -0.001605910 0.339984761 0.940341852
1317401064.890383005 171.018782608 -91.627688304 9.965137833 -0.012675443 -0.003008132 0.321547329 0.946803887
1317401064.994374037 171.595565728 -91.158551578 9.954262774 -0.012622880 -0.005058484 0.302659670 0.953001678
1317401065.098366022 172.202519237 -90.725923946 9.971547670 -0.012807975 -0.006672848 0.283733504 0.958794414
1317401065.202357054 172.826686715 -90.312801171 9.973606785 -0.015099027 -0.007104954 0.264443326 0.964256847
1317401065.306324005 173.480945107 -89.920983318 9.965388442 -0.016053656 -0.006670224 0.245332934 0.969283003
1317401065.410290003 174.151249759 -89.547604161 9.992550704 -0.015899885 -0.005197491 0.226376736 0.973896172
1317401065.514255762 174.861198834 -89.215760423 10.001480976 -0.015681460 -0.004418561 0.207984762 0.977996374
1317401065.618206024 175.574778279 -88.869607554 10.005807261 -0.017221937 -0.004053435 0.190486008 0.981530466
1317401065.722075939 176.314864166 -88.551808420 10.018902462 -0.018074871 -0.004460793 0.174814664 0.984425332
1317401065.825870991 177.062726196 -88.266811089 10.008037343 -0.019233520 -0.006171203 0.161142021 0.986724499
1317401065.929621935 177.831740099 -88.018689993 10.047473793 -0.015415973 -0.008060164 0.149048513 0.988676854
1317401066.033371925 178.604583158 -87.760041001 10.059486133 -0.013536978 -0.011215761 0.138738544 0.990173002
1317401066.137124062 179.391513967 -87.526289712 10.080183607 -0.014211631 -0.014352032 0.128874424 0.991455209
1317401066.240845919 180.186041208 -87.300818869 10.074982415 -0.012677548 -0.015179343 0.120518897 0.992514011
1317401066.344569921 181.003781610 -87.095828378 10.111866176 -0.009895234 -0.013778047 0.114261884 0.993305830
1317401066.448250771 181.806214910 -86.888784466 10.123256006 -0.005685686 -0.010303685 0.109388520 0.993929403
1317401066.551909924 182.647595242 -86.699890776 10.168271687 -0.004700688 -0.008531207 0.106893194 0.994222796
1317401066.655612946 183.463245999 -86.511243915 10.173474746 -0.003262840 -0.008115590 0.104649957 0.994470652
1317401066.759315014 184.319071309 -86.332789146 10.235863825 -0.002391524 -0.008913815 0.103433323 0.994593571
1317401066.863018990 185.150579448 -86.150919817 10.221922629 -0.002679637 -0.009714865 0.102799076 0.994651090
1317401066.966744900 186.008826602 -85.962570077 10.253519593 -0.001063845 -0.009877352 0.102424959 0.994691125
1317401067.070445061 186.884443580 -85.783270461 10.281728372 0.000479012 -0.009569808 0.102967158 0.994638605
1317401067.174123049 187.742515943 -85.588853007 10.306241884 -0.000840982 -0.008384175 0.103952721 0.994546545
1317401067.277801991 188.613838934 -85.404920706 10.306566895 -0.002919151 -0.005849896 0.105023362 0.994448264
1317401067.381481886 189.502624542 -85.208521253 10.333223665 -0.003198171 -0.003367428 0.106098548 0.994344774
1317401067.485184908 190.383659169 -85.017368719 10.368078052 -0.004985199 -0.004025722 0.107217620 0.994214928
1317401067.588936090 191.269885830 -84.821066793 10.383351147 -0.006365790 -0.005579104 0.107625422 0.994155480
1317401067.692686081 192.151563190 -84.624308712 10.392077879 -0.006615561 -0.006753651 0.108004833 0.994105416
1317401067.796462059 193.053555445 -84.425708256 10.403027395 -0.005671624 -0.007147011 0.108241022 0.994082810
1317401067.900238991 193.937445005 -84.214879816 10.433275123 -0.002374703 -0.008168192 0.108243348 0.994088034
1317401068.003989935 194.841879739 -84.019089906 10.462513919 -0.000884844 -0.008960107 0.108758806 0.994027392
1317401068.107789040 195.737952267 -83.813510991 10.468405390 -0.001887218 -0.008843831 0.108802087 0.994022299
1317401068.211587191 196.643422079 -83.614179640 10.487060300 -0.002040364 -0.008549369 0.108571287 0.994049808
1317401068.315361977 197.535668757 -83.409158085 10.515095165 -0.001472233 -0.008976669 0.108272361 0.994079649
1317401068.419161081 198.451684983 -83.212443416 10.545850269 -0.000130909 -0.011298840 0.107697910 0.994119449
1317401068.522957087 199.351423431 -83.006243050 10.568846768 0.000137504 -0.012160390 0.107234647 0.994159362
1317401068.626777887 200.267912106 -82.808587815 10.590088619 -0.000380894 -0.010759521 0.106925322 0.994208762
1317401068.730601072 201.158456996 -82.609961092 10.614089414 0.000367897 -0.007915535 0.106375043 0.994294503
1317401068.834424973 202.074956292 -82.413034375 10.652322170 0.000595165 -0.004939328 0.105630554 0.994392998
1317401068.938273907 202.965640602 -82.223623676 10.674726900 0.000696141 -0.002532550 0.104862968 0.994483212
1317401069.042131901 203.870930942 -82.027246650 10.695297650 -0.000139879 -0.000885664 0.104078360 0.994568696
1317401069.145989895 204.762257150 -81.830335895 10.713239720 0.000045023 -0.001145855 0.103327136 0.994646765
1317401069.249811888 205.654944689 -81.634820738 10.735516740 -0.000112807 -0.002358210 0.102588330 0.994721097
1317401069.353658915 206.535096866 -81.439181160 10.754497720 -0.001823657 -0.004263822 0.101670347 0.994807335
1317401069.457505941 207.421136903 -81.254306120 10.758430455 -0.002056263 -0.004844821 0.100942686 0.994878321
1317401069.561327934 208.304235797 -81.060715216 10.775659955 -0.002721084 -0.004236392 0.100534654 0.994920817
1317401069.665122986 209.193059498 -80.883247976 10.789999910 -0.002431304 -0.003453463 0.100380079 0.994940200
1317401069.768898010 210.067920753 -80.698975030 10.828691532 -0.003581856 -0.005499670 0.100402463 0.994925258
1317401069.872700930 210.945692338 -80.508358905 10.853177823 -0.005462133 -0.011206559 0.101003590 0.994807948
1317401069.976524115 211.815400612 -80.320651392 10.863134233 -0.006034799 -0.016045186 0.101198298 0.994718572
1317401070.080318928 212.681002574 -80.141824593 10.867385570 -0.006589459 -0.016604083 0.101625737 0.994662301
1317401070.184113979 213.531697588 -79.960432088 10.901538477 -0.008244683 -0.013300589 0.102512467 0.994608623
1317401070.287938118 214.408451892 -79.768233040 10.935901277 -0.009288456 -0.008231972 0.103474243 0.994554694
1317401070.391766071 215.255814195 -79.588305720 10.952138930 -0.009630483 -0.004089222 0.104649643 0.994454114
1317401070.495589018 216.127523466 -79.404101730 10.990724693 -0.008818527 -0.001626535 0.105591169 0.994369193
1317401070.599437714 216.969769982 -79.218470803 11.004392816 -0.007384691 -0.001866351 0.106777815 0.994253731
1317401070.703272104 217.812463170 -79.025265356 11.026750203 -0.006670946 -0.002771922 0.107831971 0.994142888
1317401070.807105064 218.652091892 -78.842771985 11.033526463 -0.005394188 -0.003748154 0.108544743 0.994069863
1317401070.910973072 219.495336882 -78.654929213 11.055512007 -0.004543031 -0.003634931 0.109123794 0.994011140
1317401071.014844894 220.327596158 -78.468492395 11.060053617 -0.004337086 -0.002119633 0.109235011 0.994004230
1317401071.118741989 221.172019835 -78.282573525 11.073152679 -0.003969434 0.000486837 0.109333542 0.993997074
1317401071.222660065 222.001967619 -78.092569187 11.102606157 -0.003622632 0.001873805 0.109251145 0.994005811
1317401071.326577902 222.845222897 -77.906072002 11.112263985 -0.004018937 0.001787719 0.108885521 0.994044564
1317401071.430495977 223.665304588 -77.714073204 11.122129033 -0.004387702 0.000794697 0.108452149 0.994091670
1317401071.534415007 224.508042178 -77.518927511 11.121099009 -0.004954045 0.000612258 0.108103494 0.994127113
1317401071.638335943 225.328185720 -77.343234141 11.132816522 -0.006008796 0.001523648 0.107759162 0.994157702
1317401071.742232084 226.163853542 -77.155120894 11.132063314 -0.006188663 0.002763705 0.107567808 0.994174647
1317401071.846126080 226.993654603 -76.977375245 11.146649422 -0.005034512 0.003597970 0.107497678 0.994186078
1317401071.950042963 227.818206332 -76.792104728 11.147007737 -0.003736980 0.003515989 0.107627673 0.994178031
1317401072.053961992 228.635534867 -76.614094827 11.152949653 -0.003271947 0.003849190 0.107906601 0.994148200
1317401072.157882929 229.473819907 -76.423203975 11.159851957 -0.002240139 0.004851210 0.108298617 0.994104047
1317401072.261801958 230.298145839 -76.244702936 11.151444845 -0.001037822 0.007322979 0.108401278 0.994079705
1317401072.365719080 231.118185492 -76.061309245 11.164895032 0.000452397 0.008496669 0.108517395 0.994058136
1317401072.469638109 231.930888313 -75.889958843 11.154158471 0.001227359 0.008329699 0.108837432 0.994023905
1317401072.573580027 232.766568521 -75.698283085 11.174308975 0.002160295 0.006135923 0.108895877 0.994031876
1317401072.677522898 233.568458542 -75.521659363 11.159651102 0.003203608 0.003314458 0.108986550 0.994032536
1317401072.781465054 234.408163151 -75.329876558 11.170398456 0.004475382 0.001839065 0.108873229 0.994043867
1317401072.885432005 235.212059003 -75.151351736 11.175602320 0.004270338 0.001649793 0.108875692 0.994044831
1317401072.989398956 236.052337371 -74.963293337 11.171826636 0.003810584 0.002967684 0.108690905 0.994063861
1317401073.093364000 236.870279462 -74.778958891 11.176611943 0.002145784 0.005839327 0.108634893 0.994062250
1317401073.197308064 237.689636268 -74.593841704 11.175346392 0.001706409 0.008092684 0.108490407 0.994063091
1317401073.301249981 238.498874855 -74.405414446 11.185569665 0.002325130 0.008932801 0.108373022 0.994067446
1317401073.405215979 239.333874442 -74.219420463 11.191988595 0.003008158 0.008674045 0.108167222 0.994090320
1317401073.509182930 240.147168900 -74.048562525 11.183642689 0.004706854 0.007804303 0.107796067 0.994131252
1317401073.613126993 240.974599678 -73.854507812 11.183005488 0.005897614 0.007742686 0.107862464 0.994118181
1317401073.717068911 241.794982823 -73.683362995 11.182693198 0.006472461 0.007418917 0.107906488 0.994112296
1317401073.821008921 242.619573300 -73.496173556 11.187849546 0.006869522 0.006749246 0.108181260 0.994084540
1317401073.924952030 243.430477952 -73.319530529 11.186004935 0.007535354 0.005529766 0.108288472 0.994075574
1317401074.028898954 244.256569626 -73.132241135 11.186561844 0.006928897 0.005367633 0.108427149 0.994065758
1317401074.132841110 245.076707987 -72.954126337 11.178828436 0.005389678 0.006096958 0.108363663 0.994078013
1317401074.236784935 245.897834035 -72.762686289 11.179215256 0.004744001 0.006931791 0.108421102 0.994069570
1317401074.340703964 246.723314813 -72.584783375 11.187216225 0.003229485 0.006787546 0.108596270 0.994057518
1317401074.444622993 247.539209070 -72.400986948 11.193800411 0.002306863 0.005804490 0.108748670 0.994049653
1317401074.548566103 248.352949727 -72.210419952 11.194491755 0.001426334 0.004645049 0.108907697 0.994039990
1317401074.652512074 249.179259972 -72.022414946 11.195900152 0.000528878 0.004272295 0.108831453 0.994050895
1317401074.756428003 250.002068788 -71.839909003 11.200305103 -0.000870471 0.004244245 0.108675195 0.994067870
1317401074.860343695 250.819805520 -71.655641996 11.202899094 -0.001687087 0.003907043 0.108585521 0.994078002
1317401074.964297056 251.627946044 -71.463689074 11.210615395 -0.002388520 0.002948080 0.108204343 0.994121433
1317401075.068239927 252.446835112 -71.285564972 11.208665255 -0.002391648 0.002197132 0.107847315 0.994162164
1317401075.172173023 253.248345929 -71.094511912 11.207890494 -0.001687996 0.002460520 0.107208569 0.994232075
1317401075.276113987 254.074747412 -70.913808130 11.212175722 -0.001493180 0.003754568 0.106889628 0.994262682
1317401075.380059958 254.860028444 -70.740854149 11.214850269 -0.001044863 0.005803804 0.106461717 0.994299315
1317401075.484025955 255.679368299 -70.560880602 11.230134864 -0.000807221 0.006463426 0.106320816 0.994310543
1317401075.587991953 256.465674224 -70.388194292 11.229675721 -0.000752987 0.006602208 0.106153049 0.994327599
1317401075.691956997 257.275935499 -70.203782374 11.234897275 -0.001208170 0.006372570 0.105918379 0.994353673
1317401075.795898914 258.071526417 -70.026193611 11.237382848 -0.002261653 0.005520718 0.105794686 0.994370098
1317401075.899820089 258.856986216 -69.851030893 11.241824045 -0.003026723 0.004757763 0.105598670 0.994392842
1317401076.003765106 259.635808637 -69.675286772 11.241208825 -0.004251109 0.004263328 0.105534571 0.994397409
1317401076.107707024 260.411958748 -69.507330109 11.248231147 -0.005418664 0.004633040 0.105360122 0.994408577
1317401076.211648941 261.158926451 -69.336145674 11.248986722 -0.006837544 0.005277426 0.105263710 0.994406832
1317401076.315592051 261.921519456 -69.167018857 11.254173338 -0.008208879 0.005490457 0.105175713 0.994404615
1317401076.419533968 262.644239183 -69.006154175 11.262628899 -0.009006046 0.005272367 0.104958701 0.994421824
1317401076.523475885 263.363744556 -68.844856681 11.261046322 -0.009712635 0.005162017 0.104802530 0.994432224
1317401076.627418995 264.066741522 -68.690206297 11.262414076 -0.009919296 0.005012346 0.104650711 0.994446938
1317401076.731420279 264.732375582 -68.546442071 11.263411959 -0.010146130 0.005325010 0.104474716 0.994461530
1317401076.835386992 265.434634107 -68.393034041 11.264727503 -0.010681351 0.006447700 0.104212768 0.994476764
1317401076.939321041 266.048047089 -68.259627195 11.261658301 -0.010923608 0.008291295 0.103514954 0.994533350
1317401077.043289900 266.674308464 -68.119560263 11.267340794 -0.010841573 0.010195400 0.102766925 0.994594125
1317401077.147255898 267.265968177 -67.997772944 11.275390887 -0.010558460 0.011359855 0.102220691 0.994640841
1317401077.251220942 267.834716212 -67.863955866 11.277646490 -0.010527115 0.011632867 0.101551562 0.994706558
1317401077.355187893 268.377316906 -67.750023612 11.281512459 -0.010824813 0.011011143 0.101084361 0.994758026
1317401077.459155083 268.889923521 -67.640587602 11.269613420 -0.010774522 0.009502865 0.100571830 0.994826071
1317401077.563147068 269.385350603 -67.541288902 11.263018588 -0.010183181 0.008686214 0.099812648 0.994916222
1317401077.667135954 269.851240827 -67.444534732 11.262115406 -0.008360186 0.007630510 0.098849741 0.995037995
1317401077.771125078 270.297688809 -67.355385131 11.277687941 -0.007417549 0.007085261 0.097889281 0.995144446
1317401077.875117064 270.695466414 -67.274739635 11.281561510 -0.008582558 0.006327057 0.096820405 0.995244752
1317401077.979106903 271.075294741 -67.200224561 11.276477312 -0.010643171 0.005648017 0.095320112 0.995373748
1317401078.083122969 271.421915699 -67.131457685 11.259038743 -0.011311018 0.005775864 0.093696548 0.995519792
1317401078.187116146 271.742082497 -67.071458559 11.260101395 -0.009909327 0.006098115 0.092060065 0.995685474
1317401078.291080952 272.025079359 -67.018187977 11.266046188 -0.007663189 0.006298008 0.090664151 0.995832126
1317401078.395071983 272.288687318 -66.971972472 11.278087302 -0.005797255 0.007075819 0.089503662 0.995944486
1317401078.499062061 272.522919978 -66.931483290 11.283758596 -0.005373911 0.007665273 0.088170072 0.996061445
1317401078.603029966 272.708526310 -66.892489847 11.288329236 -0.005556156 0.007508478 0.087040017 0.996161025
1317401078.707020998 272.906907666 -66.860065561 11.290493769 -0.005957282 0.006891297 0.086025726 0.996251271
1317401078.811011076 273.084505835 -66.823630189 11.288324263 -0.006979395 0.006243643 0.084838525 0.996350706
1317401078.914978027 273.244610809 -66.790406276 11.288528082 -0.008161750 0.005828194 0.083929829 0.996421197
1317401079.018944979 273.404813709 -66.763910494 11.288304578 -0.008767489 0.004976406 0.083186003 0.996483043
1317401079.122934103 273.558626124 -66.741964480 11.285210647 -0.008590021 0.004099929 0.082314498 0.996560949
1317401079.226923943 273.690097535 -66.719456319 11.290598023 -0.008156938 0.003559449 0.081541020 0.996630251
1317401079.330890894 273.842912768 -66.691181018 11.295589294 -0.007685334 0.002990954 0.080830593 0.996693737
1317401079.434883118 273.968456458 -66.672229203 11.295124214 -0.007625227 0.002420187 0.080169105 0.996749173
1317401079.538875103 274.095112824 -66.641891584 11.290471187 -0.007865854 0.001400845 0.079482278 0.996804260
1317401079.642842054 274.219442932 -66.619858943 11.287214875 -0.007815249 0.000427015 0.079012665 0.996842885
1317401079.746833086 274.337315416 -66.604281844 11.287642680 -0.007290900 -0.000715230 0.078707842 0.996870808
1317401079.850824118 274.468278387 -66.584552379 11.290283853 -0.006637334 -0.001695777 0.078918570 0.996857527
1317401079.954765081 274.608464028 -66.566873920 11.289676849 -0.006324773 -0.002229574 0.079763904 0.996791225
1317401080.058706999 274.710797169 -66.546332567 11.290050287 -0.006283514 -0.002579616 0.081172156 0.996676951
1317401080.162650108 274.851100329 -66.516900051 11.289932620 -0.006390888 -0.003126555 0.083162573 0.996510596
1317401080.266566992 274.985238825 -66.490770478 11.287403976 -0.006544662 -0.003779671 0.085835680 0.996280642
1317401080.370485067 275.096505353 -66.468292359 11.286570034 -0.006419063 -0.004188741 0.089106890 0.995992576
1317401080.474406004 275.222979838 -66.448382429 11.284645853 -0.006411258 -0.004493842 0.092651444 0.995667822
1317401080.578325033 275.350864272 -66.422372286 11.281552624 -0.006345690 -0.004884983 0.096666510 0.995284610
1317401080.682218075 275.501016332 -66.386939246 11.279323663 -0.005794345 -0.005428320 0.101516970 0.994802123
1317401080.786067963 275.634068787 -66.347055215 11.280797032 -0.004931363 -0.006113026 0.107736797 0.994148427
1317401080.889894962 275.783427346 -66.332976749 11.289167939 -0.004595741 -0.006702419 0.115615177 0.993260836
1317401080.993665934 275.953165657 -66.274797397 11.287213259 -0.004636146 -0.007082599 0.125061470 0.992112882
1317401081.097392082 276.138604586 -66.222405936 11.285029048 -0.004991880 -0.006928130 0.135657576 0.990718984
1317401081.201128006 276.338310181 -66.168215286 11.283779724 -0.005379406 -0.006415777 0.147485609 0.989028763
1317401081.304828882 276.550231985 -66.110939158 11.291329773 -0.005777545 -0.005726076 0.160570120 0.986990916
1317401081.408498287 276.774478961 -66.028747097 11.296202579 -0.006470884 -0.004786003 0.175419153 0.984460940
1317401081.512152910 277.009723816 -65.948668713 11.298879770 -0.006743319 -0.003315745 0.191923651 0.981381091
1317401081.615783930 277.246101879 -65.851255301 11.304450461 -0.007010842 -0.000958335 0.210076795 0.977659281
1317401081.719414949 277.502301459 -65.724855952 11.319603553 -0.007739017 0.001550242 0.229811553 0.973203141
1317401081.823045015 277.754694142 -65.577042223 11.305286791 -0.009343812 0.003754557 0.250304626 0.968114761
1317401081.926676035 278.006818740 -65.436576363 11.313274353 -0.010976639 0.005642055 0.271762665 0.962285163
1317401082.030329943 278.268528435 -65.270496077 11.306841179 -0.011934488 0.008016945 0.293741032 0.955776911
1317401082.134010077 278.530146855 -65.077289869 11.305593976 -0.012814838 0.011472235 0.316066674 0.948581059
1317401082.237714291 278.791176168 -64.865334366 11.303639060 -0.014049445 0.014403888 0.339032920 0.940559312
1317401082.341464996 279.056057119 -64.642455181 11.309819771 -0.015950046 0.016545626 0.362478688 0.931708666
1317401082.445240974 279.296079116 -64.398390368 11.303750655 -0.017032537 0.017817774 0.386437057 0.921986345
1317401082.549038887 279.546642469 -64.139101555 11.284522704 -0.018382599 0.017887877 0.410650492 0.911431993
1317401082.652834892 279.773286863 -63.841937554 11.273399784 -0.019132644 0.018859681 0.435061629 0.899999796
1317401082.756611109 280.018389519 -63.544990684 11.243836108 -0.020442286 0.019945408 0.459765142 0.887581156
1317401082.860410929 280.241382591 -63.215848373 11.216314924 -0.020571041 0.021397588 0.484054614 0.874534222
1317401082.964210033 280.457423226 -62.866713056 11.201987731 -0.019997550 0.022490974 0.507909886 0.860884314
1317401083.068006992 280.664778864 -62.470695649 11.174013576 -0.018574450 0.024024348 0.531310671 0.846632619
1317401083.171828032 280.843057028 -62.071076376 11.164606950 -0.017241656 0.026152153 0.554326613 0.831709563
1317401083.275651932 281.021688578 -61.637259681 11.135538872 -0.016872653 0.027290872 0.577123733 0.816026175
1317401083.379475117 281.169362830 -61.178365321 11.104382010 -0.016437228 0.027543992 0.599993881 0.799361301
1317401083.483297110 281.301977334 -60.702663661 11.068512140 -0.015030985 0.028558232 0.622876857 0.781653963
1317401083.587121010 281.414699233 -60.213911831 11.043787900 -0.013259781 0.030052677 0.645463543 0.763084418
1317401083.690968990 281.502346048 -59.692640960 11.035021107 -0.012308148 0.030461499 0.667076226 0.744264681
1317401083.794866085 281.559533664 -59.169414841 10.964659674 -0.013234710 0.031600995 0.687685018 0.725200341
1317401083.898807049 281.640956518 -58.669379214 10.933823684 -0.014477242 0.034265170 0.706383430 0.706851298
1317401084.002820969 281.600212919 -58.050855597 10.914745921 -0.013667794 0.036701785 0.723998317 0.688689050
1317401084.106883049 281.585941389 -57.461913090 10.884422396 -0.013090907 0.037909891 0.739556154 0.671898923
1317401084.210995913 281.523751273 -56.843246791 10.865742939 -0.012729627 0.037755639 0.753233433 0.656545401
1317401084.315203190 281.419951142 -56.223093658 10.817125052 -0.011960435 0.035147546 0.765059915 0.642887956
1317401084.419482946 281.303729902 -55.566103521 10.752467205 -0.012154701 0.033490343 0.774399746 0.631692720
1317401084.523833036 281.114353880 -54.904511525 10.704534843 -0.014010742 0.033677241 0.780604650 0.623959873
1317401084.628228903 280.931678686 -54.214664040 10.647363356 -0.015980035 0.035614276 0.784799353 0.618519392
1317401084.732650995 280.768078250 -53.502412984 10.617906485 -0.017000286 0.036836388 0.787330489 0.615194906
1317401084.837099075 280.584706080 -52.788241003 10.574097518 -0.016391169 0.036597098 0.788742705 0.613414156
1317401084.941543818 280.394909403 -52.044061555 10.488624314 -0.012655294 0.037385397 0.788813498 0.613364036
1317401085.045989990 280.213687387 -51.246707749 10.463964361 -0.008373843 0.041180179 0.787661066 0.614673992
1317401085.150413990 280.019591603 -50.445763475 10.415284789 -0.007690270 0.042101906 0.786051433 0.616677739
1317401085.254765034 279.808416075 -49.605839274 10.341615629 -0.007704098 0.041577016 0.784375451 0.618843397
1317401085.359042883 279.608499968 -48.776538015 10.317035626 -0.004995520 0.041354040 0.783147664 0.620439058
1317401085.463296652 279.409125964 -47.911615259 10.286987934 -0.001495184 0.037763083 0.782583545 0.621397384
1317401085.567503929 279.190711718 -47.024152600 10.216727593 -0.000191898 0.032570242 0.782374211 0.621956379
1317401085.671641111 278.965740619 -46.131313283 10.179508166 -0.000614402 0.028761622 0.782805571 0.621601022
1317401085.775752306 278.741687018 -45.219716727 10.124779699 -0.005186427 0.026736235 0.783952156 0.620223582
1317401085.879837990 278.495084760 -44.275139325 10.065634125 -0.010054564 0.026820173 0.785189249 0.618593103
1317401085.983899117 278.263317636 -43.334670593 10.029110551 -0.014107647 0.028949421 0.786589754 0.616635601
1317401086.087964058 278.025262768 -42.367702614 9.964221037 -0.018488816 0.031358207 0.787172079 0.615658140
1317401086.192003727 277.768787061 -41.382131128 9.908440282 -0.020873922 0.034376130 0.787448432 0.615067092
1317401086.296015978 277.520077147 -40.394663023 9.875065753 -0.021618332 0.035846767 0.787767745 0.614548319
1317401086.400031090 277.265459532 -39.419524293 9.791923456 -0.021065100 0.034989694 0.788307266 0.613924782
1317401086.503998995 277.003729062 -38.422884674 9.721553800 -0.019740192 0.033518408 0.789158474 0.612956560
1317401086.607916117 276.743505994 -37.419661222 9.666332529 -0.017520921 0.031984042 0.790543766 0.611318732
1317401086.711836100 276.467227820 -36.415191315 9.599827728 -0.015748450 0.030771188 0.792324868 0.609119384
1317401086.815754890 276.189437561 -35.411601579 9.535359849 -0.014921344 0.029542748 0.794367274 0.606535418
1317401086.919671059 275.900306849 -34.398258220 9.477732092 -0.015690257 0.029966836 0.796324624 0.603922923
1317401087.023565054 275.610839066 -33.380662697 9.426994633 -0.017807778 0.031039685 0.798226305 0.601293761
1317401087.127460957 275.312519284 -32.359093226 9.369303289 -0.020188043 0.031126512 0.800019055 0.598826432
1317401087.231406927 275.007827420 -31.350037018 9.305697173 -0.021809855 0.030719275 0.801437812 0.596890350
1317401087.335375071 274.696393570 -30.331701198 9.247031261 -0.024075608 0.029573944 0.802325301 0.595667574
1317401087.439341068 274.380913898 -29.309264940 9.166870744 -0.025819855 0.028540396 0.802817880 0.594980867
1317401087.543282986 274.053153800 -28.287469493 9.102171991 -0.026352240 0.027917422 0.803256942 0.594394198
1317401087.647226095 273.731541815 -27.254720819 9.033344515 -0.026397165 0.027580018 0.803688145 0.593824804
1317401087.751193047 273.410601314 -26.222373463 8.964482726 -0.026478141 0.027183981 0.804013655 0.593398670
1317401087.855159998 273.084291268 -25.191312482 8.890825855 -0.026777175 0.026346742 0.804300327 0.593034414
1317401087.959101915 272.746119726 -24.151884383 8.824245715 -0.027243517 0.024500339 0.804562377 0.592736793
1317401088.063044071 272.414951231 -23.114708173 8.764654864 -0.027402501 0.020977081 0.804716646 0.592655199
1317401088.167035103 272.084160623 -22.072666376 8.683934403 -0.027537215 0.019396999 0.804528153 0.592958606
1317401088.271050930 271.749024311 -21.003804791 8.608467909 -0.028885535 0.019741281 0.804068315 0.593506573
1317401088.375065088 271.419334032 -19.944046993 8.530752205 -0.030522347 0.021108019 0.803478244 0.594176362
1317401088.479054928 271.088600093 -18.886471591 8.479761096 -0.030251462 0.021743725 0.803036512 0.594764171
1317401088.583043098 270.768259016 -17.829945342 8.416763151 -0.029695655 0.021760699 0.802362998 0.595699807
1317401088.687035084 270.430817124 -16.764973499 8.332168218 -0.030648932 0.021015415 0.801168244 0.597284221
1317401088.791026831 270.100454153 -15.699116983 8.255614093 -0.032798941 0.019356233 0.799583485 0.599346158
1317401088.895018101 269.777156946 -14.619920024 8.184977327 -0.033974810 0.018057098 0.797758595 0.601748184
1317401088.998984098 269.455059997 -13.533676272 8.107054453 -0.034192489 0.017048858 0.795985236 0.604109025
1317401089.102927923 269.144738145 -12.449645030 8.035234818 -0.033917317 0.016853875 0.794268801 0.606384889
1317401089.206868887 268.836923558 -11.361783807 7.968299657 -0.033377750 0.017167097 0.792636364 0.608538257
1317401089.310811043 268.537275160 -10.258956013 7.892647357 -0.033284469 0.017685017 0.790999297 0.610654973
1317401089.414753675 268.244491701 -9.158712596 7.821529330 -0.033083931 0.018976088 0.789255399 0.612879496
1317401089.518697977 267.949904690 -8.051790587 7.743296246 -0.033836552 0.018862255 0.787624549 0.614936479
1317401089.622591972 267.668812223 -6.942894259 7.671636310 -0.033808915 0.018946580 0.785910331 0.617124733
1317401089.726486921 267.388660716 -5.833788086 7.601329113 -0.032634934 0.018185579 0.784369106 0.619168274
1317401089.830384016 267.115482163 -4.715851271 7.536602084 -0.030306013 0.016736387 0.783088976 0.620945323
1317401089.934252977 266.842098855 -3.590236990 7.449794900 -0.029717506 0.016052759 0.781975918 0.622392836
1317401090.038099051 266.573778723 -2.459062940 7.371936973 -0.030096262 0.016767336 0.780868056 0.623745261
1317401090.141896963 266.304699720 -1.335367100 7.319521451 -0.030341181 0.017124793 0.780058161 0.624736281
1317401090.245675087 266.041663895 -0.195572278 7.238055947 -0.030526463 0.016541024 0.779728393 0.625154511
1317401090.349449873 265.776698173 0.943854022 7.163413896 -0.031078883 0.016331097 0.779447100 0.625483507
1317401090.453223944 265.515217295 2.079029560 7.100113647 -0.031272735 0.016271748 0.779119104 0.625883909
1317401090.556973934 265.252093676 3.231469928 7.029891689 -0.031048606 0.015644944 0.778815084 0.626289298
1317401090.660722971 264.992360595 4.378863554 6.959978976 -0.030326493 0.015345185 0.778557967 0.626651674
1317401090.764472008 264.742551766 5.529884173 6.889577103 -0.029286255 0.016204586 0.778440315 0.626825655
1317401090.868199110 264.483341057 6.677007872 6.829184942 -0.028470159 0.017502645 0.778419198 0.626854577
1317401090.971927881 264.231464764 7.823167873 6.761444109 -0.029050965 0.018561108 0.778341564 0.626893879
1317401091.075654030 263.974705361 8.961578495 6.688506816 -0.030897748 0.019308941 0.778175607 0.626989010
1317401091.179404974 263.715887858 10.114963284 6.624431981 -0.031981156 0.018978609 0.778024440 0.627132354
1317401091.283157110 263.457430058 11.265422754 6.555349098 -0.031997793 0.017983425 0.777859208 0.627365754
1317401091.386909962 263.203622050 12.406411215 6.485234635 -0.031330939 0.017046843 0.777816986 0.627477899
1317401091.490660906 262.950059241 13.552687648 6.414324350 -0.030489988 0.017132383 0.777852961 0.627472400
1317401091.594388962 262.696894960 14.696419008 6.343920159 -0.030188774 0.018100032 0.777816990 0.627504388
1317401091.698137045 262.446630904 15.839776120 6.279876365 -0.031043455 0.019017489 0.777744809 0.627525021
1317401091.801909924 262.194036067 16.985345088 6.215560088 -0.032094242 0.019927420 0.777514354 0.627729470
1317401091.905685902 261.941979127 18.126919524 6.143583088 -0.032684859 0.019834757 0.777427433 0.627809580
1317401092.009462118 261.686589321 19.262541555 6.079378240 -0.032208940 0.019451106 0.777386339 0.627897061
1317401092.113236904 261.438131511 20.397686334 6.003424975 -0.031369604 0.019372083 0.777302464 0.628045818
1317401092.217036009 261.188809260 21.537598815 5.927341537 -0.030891085 0.020003383 0.777279385 0.628078310
1317401092.320858002 260.946421811 22.662454811 5.854915100 -0.031209581 0.021547122 0.777172034 0.628144341
1317401092.424678802 260.696475292 23.800132109 5.792471863 -0.031574346 0.023165798 0.777055533 0.628212627
1317401092.528505087 260.452031374 24.931949992 5.718130951 -0.032371737 0.023807698 0.776931940 0.628300903
1317401092.632328033 260.203429472 26.053260219 5.633579129 -0.033583140 0.023659034 0.776764677 0.628449727
1317401092.736149073 259.952431913 27.183269636 5.547770338 -0.034070738 0.023059729 0.776689971 0.628538084
1317401092.839976311 259.701355424 28.314032113 5.482444795 -0.033953399 0.021338770 0.776650567 0.628653895
1317401092.943796873 259.457431193 29.429970638 5.395943228 -0.033641823 0.019797239 0.776591148 0.628794471
1317401093.047616959 259.210136680 30.556504708 5.322688950 -0.033452311 0.019147893 0.776576166 0.628843192
1317401093.151413918 258.966486793 31.691369860 5.245647269 -0.032896189 0.019656265 0.776545443 0.628894782
1317401093.255213022 258.722791047 32.806130913 5.166551456 -0.033549002 0.020154956 0.776557147 0.628830057
1317401093.359010935 258.482976522 33.937284406 5.097861447 -0.033796715 0.021446269 0.776454202 0.628901194
1317401093.462810040 258.228646629 35.071242020 5.019411188 -0.034699195 0.020593640 0.776580802 0.628724205
1317401093.566656113 257.987383432 36.195523673 4.926447568 -0.036161556 0.019095421 0.776614331 0.628647666
1317401093.670502901 257.739231062 37.327759363 4.835663459 -0.037190623 0.017917084 0.776636024 0.628595516
1317401093.774324894 257.481992157 38.481708568 4.763450062 -0.036396644 0.016616345 0.776743709 0.628544662
1317401093.878149986 257.228296693 39.632691984 4.680400260 -0.035105054 0.014676640 0.777048773 0.628289293
1317401093.981972933 256.975050796 40.801327428 4.594564793 -0.033816986 0.015006897 0.777340780 0.627990857
1317401094.085793972 256.725032382 41.957236510 4.528358609 -0.032092877 0.016720656 0.777456611 0.627894645
1317401094.189618111 256.470425462 43.121830109 4.453559781 -0.032222107 0.017343931 0.777617545 0.627671792
1317401094.293417931 256.206812388 44.307475010 4.359705433 -0.033237037 0.019250105 0.777781158 0.627360505
1317401094.397214890 255.949440054 45.492500286 4.287615379 -0.033205157 0.020311113 0.777892926 0.627190140
1317401094.501039028 255.679124902 46.683066485 4.220924812 -0.031735457 0.019364013 0.778131569 0.627000125
1317401094.604836941 255.407959693 47.892909986 4.136673663 -0.030760937 0.017806145 0.778437959 0.626714488
1317401094.708621979 255.141443539 49.099572403 4.058587194 -0.029806598 0.017501781 0.778821445 0.626292592
1317401094.812375069 254.865565821 50.308276370 3.977919713 -0.030382931 0.017421488 0.778964173 0.626089599
1317401094.916139126 254.594568193 51.521517618 3.883979955 -0.033060701 0.017154219 0.778988870 0.625930557
1317401095.019936085 254.319596143 52.735941014 3.814037281 -0.036440577 0.016240711 0.778899161 0.625878919
1317401095.123711348 254.031923201 53.964965981 3.730004656 -0.038918981 0.013965735 0.778964475 0.625703298
1317401095.227483988 253.747743990 55.202484300 3.647547026 -0.039536672 0.011710871 0.778936481 0.625745688
1317401095.331235886 253.469801893 56.426876014 3.560159522 -0.039663414 0.010475941 0.779127270 0.625521994
1317401095.434986353 253.188537860 57.652074141 3.473056780 -0.039586469 0.010062843 0.779279547 0.625343936
1317401095.538737059 252.909227341 58.877274777 3.405529249 -0.039054220 0.010337357 0.779455070 0.625154142
1317401095.642465115 252.637097406 60.095276587 3.326459334 -0.039079476 0.010605643 0.779535373 0.625047931
1317401095.746190071 252.354785143 61.320316345 3.231763809 -0.040444947 0.011883949 0.779670863 0.624769016
1317401095.849941015 252.079882347 62.534736387 3.154142404 -0.041864539 0.013950295 0.779721689 0.624569321
1317401095.953716040 251.804922787 63.746993524 3.082689123 -0.041963227 0.013924879 0.779741924 0.624538003
1317401096.057490110 251.526920960 64.970743795 2.990630076 -0.041501127 0.013341192 0.779587929 0.624773823
1317401096.161289930 251.249084851 66.191666430 2.903258708 -0.041093446 0.013457040 0.779290925 0.625168690
1317401096.265089035 250.971098811 67.407653705 2.814168448 -0.040835027 0.013259364 0.779007245 0.625543286
1317401096.368865013 250.698604076 68.625699255 2.723758251 -0.041307533 0.013660590 0.778752527 0.625820724
1317401096.472666025 250.427184216 69.838843924 2.639129104 -0.042902317 0.014504951 0.778366143 0.626175011
1317401096.576463938 250.148412219 71.052639068 2.560078976 -0.043992663 0.014605779 0.777914941 0.626657531
1317401096.680237055 249.871667596 72.252675650 2.468852858 -0.043931645 0.013408132 0.777672686 0.626989175
1317401096.784012079 249.601251992 73.466107427 2.372922285 -0.042732109 0.012505122 0.777639466 0.627131924
1317401096.887763977 249.337452591 74.675188562 2.285127602 -0.041309708 0.012824750 0.777657510 0.627198399
1317401096.991489887 249.069783795 75.877109968 2.201295702 -0.040612499 0.013335813 0.777711926 0.627165800
1317401097.095187902 248.804409759 77.075994721 2.110405760 -0.039968976 0.014119261 0.777788822 0.627094631
1317401097.198892117 248.537624137 78.284372524 2.045934927 -0.038893468 0.015003910 0.777820204 0.627102792
1317401097.302623034 248.270782475 79.488192059 1.955966679 -0.038632314 0.015091461 0.777882919 0.627039040
1317401097.406375885 248.010516423 80.680228103 1.865792552 -0.038649136 0.016333396 0.777856541 0.627039605
1317401097.510148048 247.744597117 81.881052003 1.790172642 -0.038618133 0.018058716 0.777898367 0.626942304
1317401097.613919973 247.480224032 83.079899550 1.714237014 -0.037648972 0.018655749 0.777965010 0.626901078
1317401097.717698097 247.211306546 84.275381243 1.617437696 -0.037732481 0.018460388 0.778133582 0.626692591
1317401097.821471930 246.947625970 85.462078018 1.529191615 -0.039378181 0.019465253 0.777973631 0.626759518
1317401097.925245047 246.679720085 86.655030098 1.422887846 -0.042899780 0.020302491 0.777739560 0.626792306
1317401098.029020071 246.409591604 87.849712953 1.350794698 -0.045390852 0.018756902 0.777317874 0.627187988
1317401098.132795095 246.139446608 89.049579878 1.254858330 -0.045379434 0.016375314 0.776946855 0.627715015
1317401098.236596107 245.875760494 90.237313422 1.166209358 -0.044320350 0.013534620 0.776592542 0.628296542
1317401098.340394974 245.606613901 91.425883436 1.053140735 -0.044068540 0.012273684 0.776306798 0.628693149
1317401098.444166899 245.349987380 92.623166377 0.970746957 -0.041874495 0.012230907 0.776115163 0.629080428
1317401098.547940969 245.086507012 93.818206107 0.882450728 -0.038901288 0.012770077 0.776138404 0.629231907
1317401098.651741028 244.831552075 95.013444653 0.809647659 -0.036206482 0.013546416 0.776310966 0.629163627
1317401098.755538940 244.570813890 96.191198856 0.719225986 -0.035506662 0.015381924 0.776502781 0.628924562
1317401098.859339952 244.324719219 97.380680786 0.637079856 -0.037943784 0.017447383 0.776329916 0.628941745
1317401098.963160992 244.063710409 98.560849739 0.562598191 -0.039592028 0.018478589 0.775747142 0.629529495
1317401099.066958904 243.806288488 99.751685511 0.491570899 -0.039667058 0.017356790 0.775224430 0.630200245
1317401099.170757055 243.545428327 100.928503252 0.390703116 -0.039716958 0.016468713 0.774904774 0.630613936
1317401099.274557114 243.297635858 102.116027556 0.290059525 -0.039785441 0.016834045 0.774652483 0.630909870
1317401099.378356934 243.047086583 103.284695789 0.225879771 -0.039528556 0.016951598 0.774407744 0.631223244
1317401099.482177973 242.802129984 104.446715728 0.143976134 -0.039063462 0.016350754 0.773998806 0.631769379
1317401099.586023092 242.558754804 105.583219686 0.054815506 -0.039560780 0.016281673 0.773470559 0.632386864
1317401099.689870119 242.327947796 106.677761855 -0.017728057 -0.040341269 0.016664184 0.772910388 0.633012179
1317401099.793694019 242.102544391 107.758807977 -0.080889630 -0.041170734 0.017048644 0.772728592 0.633170465
1317401099.897492886 241.886315161 108.803274165 -0.156093433 -0.041995199 0.017146979 0.772545710 0.633336806
1317401100.001292944 241.675670947 109.834136543 -0.223476046 -0.042107175 0.017823970 0.772506910 0.633358007
1317401100.105114937 241.472775669 110.820558975 -0.284820969 -0.042155164 0.017718493 0.772425593 0.633456945
1317401100.208961964 241.271568567 111.780377390 -0.354590252 -0.042162093 0.017406103 0.772049735 0.633923175
1317401100.312809944 241.080696357 112.719064230 -0.429377202 -0.042596786 0.017298381 0.771620002 0.634420091
1317401100.416632891 240.892074363 113.652233587 -0.488844902 -0.042155730 0.017358382 0.771680711 0.634374070
1317401100.520454884 240.702019181 114.577124343 -0.541378763 -0.040444244 0.017569069 0.772563259 0.633404769
1317401100.624253988 240.515295564 115.471899709 -0.599992041 -0.039014472 0.016875575 0.774050620 0.631695119
1317401100.728053093 240.322482303 116.375899682 -0.667193215 -0.038396894 0.015220938 0.775681965 0.629770983
1317401100.831851959 240.118153113 117.267821258 -0.737282232 -0.038433208 0.014321271 0.776953700 0.628220294
1317401100.935676098 239.920349676 118.162072859 -0.802265616 -0.039293244 0.013602096 0.777891215 0.627021755
1317401101.039521933 239.721923854 119.065930575 -0.867499235 -0.039666537 0.014221987 0.778526414 0.626195596
1317401101.143343925 239.524580414 119.951548990 -0.925763021 -0.039381171 0.015731861 0.779017863 0.625565984
1317401101.247191906 239.320156468 120.830021214 -0.977257070 -0.039248437 0.016652016 0.779454136 0.625006817
1317401101.351037025 239.115923205 121.719689654 -1.031722385 -0.038934574 0.016877815 0.779812348 0.624573406
1317401101.454883099 238.920070722 122.598994285 -1.101880302 -0.039025629 0.016011411 0.780065934 0.624273797
1317401101.558778763 238.711652342 123.479937271 -1.174952773 -0.039678192 0.014572702 0.780105762 0.624218134
1317401101.662673950 238.511116060 124.361483073 -1.235153898 -0.039973151 0.013259000 0.779876771 0.624514666
1317401101.766567945 238.306348503 125.236907629 -1.297613351 -0.039436143 0.012058929 0.779662141 0.624841035
1317401101.870460987 238.097997340 126.137867720 -1.361491999 -0.038408172 0.011190499 0.779543769 0.625068873
1317401101.974354982 237.894683644 127.034074322 -1.429041670 -0.037983205 0.011024010 0.779334771 0.625358346
1317401102.078274012 237.691416247 127.935056843 -1.493467431 -0.038301420 0.012309428 0.779124384 0.625577072
1317401102.182169914 237.488087522 128.846991393 -1.550964367 -0.038627500 0.013283825 0.779055267 0.625623167
1317401102.286065102 237.284560179 129.759020627 -1.599517756 -0.036389710 0.013928152 0.778982193 0.625834274
1317401102.389983892 237.077701308 130.673140143 -1.656134369 -0.034198549 0.013737905 0.778993209 0.625948328
1317401102.493902922 236.863442452 131.593904244 -1.717238515 -0.035493726 0.012289381 0.778867039 0.626063337
1317401102.597820997 236.656176790 132.529822740 -1.805001760 -0.037070223 0.012634263 0.778392155 0.626555526
1317401102.701765060 236.446134205 133.460539958 -1.847911206 -0.037120133 0.013287807 0.777820863 0.627248144
1317401102.805706024 236.237676137 134.407960868 -1.915455611 -0.036574156 0.014103386 0.777147156 0.628096907
1317401102.909626007 236.018297167 135.365274129 -1.999061997 -0.038213153 0.015221234 0.776557540 0.628702200
1317401103.013546944 235.809302502 136.326080098 -2.064171511 -0.039153439 0.017394573 0.775967927 0.629315671
1317401103.117464066 235.600073240 137.292309298 -2.117024076 -0.039442009 0.018406714 0.775514526 0.629827549
1317401103.221383095 235.390097506 138.271421140 -2.195823194 -0.040389926 0.017787452 0.774895346 0.630546955
1317401103.325300932 235.176346074 139.252787508 -2.284829834 -0.041803352 0.017134119 0.774029274 0.631535893
1317401103.429219007 234.970828092 140.249042999 -2.355498869 -0.042408404 0.017001487 0.772954707 0.632813951
1317401103.533138037 234.759158069 141.246876690 -2.436100008 -0.042608001 0.015534558 0.771922933 0.634096382
1317401103.637032032 234.553591808 142.254851194 -2.512584444 -0.041878240 0.014142542 0.771066064 0.635219117
1317401103.740904093 234.348742263 143.257743052 -2.593373973 -0.041174672 0.013930535 0.770463927 0.635999940
1317401103.844774961 234.146309569 144.272461839 -2.676466404 -0.041701722 0.014386455 0.769852559 0.636695401
1317401103.948621035 233.938894147 145.302458255 -2.759437530 -0.043191758 0.014878893 0.769297370 0.637255559
1317401104.052443981 233.739000303 146.339603355 -2.831145061 -0.043623350 0.014881489 0.768785515 0.637843536
1317401104.156266928 233.535940498 147.383767884 -2.912158012 -0.042588580 0.014490646 0.768554906 0.638200274
1317401104.260097980 233.331645426 148.436521516 -2.989008088 -0.041103279 0.014253176 0.768555416 0.638302390
1317401104.363941908 233.133553784 149.500912603 -3.074498715 -0.039655993 0.014837257 0.768627722 0.638293571
1317401104.467781067 232.928426409 150.572883363 -3.160010520 -0.039434516 0.014607136 0.768638490 0.638299634
1317401104.571604013 232.720661724 151.652501442 -3.234698854 -0.039204666 0.014826408 0.768455596 0.638528910
1317401104.675427914 232.512922960 152.726881107 -3.317433635 -0.040129223 0.014254528 0.768461713 0.638477133
1317401104.779249907 232.301099641 153.818638938 -3.402196778 -0.041061520 0.014338588 0.768470709 0.638405143
1317401104.883050919 232.090651870 154.925104977 -3.482141917 -0.042024321 0.014711669 0.768597017 0.638181909
1317401104.986824989 231.877332526 156.020101575 -3.567680531 -0.043041030 0.015034090 0.768748303 0.637924363
1317401105.090599060 231.664227778 157.130847874 -3.651724206 -0.043882504 0.014944832 0.768879865 0.637710539
1317401105.194374084 231.447454889 158.241052519 -3.744368568 -0.044458392 0.013962875 0.769211899 0.637292353
1317401105.298124075 231.220259617 159.384975443 -3.829474556 -0.042681110 0.013199315 0.769690484 0.636852149
1317401105.401876926 230.992400380 160.523245091 -3.913838368 -0.039750009 0.012267084 0.770256541 0.636375924
1317401105.505655050 230.765941335 161.664251433 -3.996001762 -0.036821865 0.012068062 0.770906459 0.635768624
1317401105.609405994 230.538699561 162.815580468 -4.076683666 -0.034854831 0.013852820 0.771688995 0.634893169
1317401105.713129997 230.308580409 163.975757991 -4.156231499 -0.034496972 0.016918131 0.772416047 0.633953615
1317401105.816854000 230.069997810 165.149297136 -4.232606216 -0.034795057 0.018773111 0.772926721 0.633262314
1317401105.920603037 229.838360328 166.308350406 -4.302774417 -0.034468164 0.019398511 0.773638636 0.632391417
1317401106.024357080 229.587063501 167.491397473 -4.393119039 -0.034496438 0.019643530 0.774339246 0.631524236
1317401106.128108978 229.341688467 168.675119052 -4.482193250 -0.034743303 0.020434101 0.774978705 0.630700687
1317401106.231883049 229.089028336 169.857987706 -4.565566823 -0.034576281 0.020803961 0.775664061 0.629854698
1317401106.335658073 228.830523821 171.070620389 -4.652118392 -0.034113213 0.020734090 0.776359568 0.629024807
1317401106.439434052 228.572086024 172.260454907 -4.741486652 -0.034008170 0.020585393 0.777080875 0.628144091
1317401106.543206930 228.303889877 173.470443200 -4.836909959 -0.034285313 0.020772120 0.777753701 0.627289579
1317401106.646981001 228.036384625 174.684141354 -4.920956747 -0.034589313 0.020777305 0.778399099 0.626471649
1317401106.750757933 227.750627219 175.913249507 -5.012835529 -0.035181118 0.020803175 0.779126563 0.625532826
1317401106.854557037 227.470172008 177.126950601 -5.100813595 -0.036196906 0.020789763 0.779754119 0.624692791
1317401106.958378077 227.191155946 178.342646055 -5.191848640 -0.037157091 0.020583506 0.780230584 0.624048000
1317401107.062197924 226.912817883 179.570280035 -5.279503341 -0.038363179 0.019721710 0.780493021 0.623674566
1317401107.165997028 226.626939680 180.785960182 -5.371028882 -0.038858982 0.019460793 0.780433719 0.623726276
1317401107.269797087 226.343052397 182.015188363 -5.453003164 -0.038490542 0.019349909 0.780462517 0.623716538
1317401107.373621941 226.067183158 183.229238797 -5.546463371 -0.037479009 0.019730829 0.780459858 0.623769532
1317401107.477444887 225.779222403 184.460111432 -5.636047954 -0.036881971 0.020314711 0.780567436 0.623651754
1317401107.581268072 225.502142803 185.667511796 -5.726904033 -0.036962564 0.020580372 0.780523926 0.623692727
1317401107.685112715 225.220215272 186.896784813 -5.816201866 -0.036897393 0.020658902 0.780532840 0.623682834
1317401107.788957119 224.938346134 188.107998845 -5.903472778 -0.036894368 0.021047094 0.780382668 0.623857930
1317401107.892779112 224.656848932 189.337175586 -5.993438753 -0.036656531 0.021908110 0.780324884 0.623914584
1317401107.996581078 224.379025296 190.535847925 -6.079413952 -0.036268261 0.024004179 0.780211685 0.624001714
1317401108.100357056 224.104209228 191.752497223 -6.163766693 -0.036631099 0.026357298 0.780189997 0.623912674
1317401108.204130888 223.833126773 192.952021785 -6.251909618 -0.036945721 0.028198371 0.780060834 0.623975128
1317401108.307907104 223.552482726 194.165343204 -6.336278595 -0.036855361 0.028096050 0.780068316 0.623975734
1317401108.411680937 223.278160213 195.356674362 -6.440912285 -0.036819723 0.027214409 0.780037983 0.624054829
1317401108.515431881 222.995773443 196.560299382 -6.554166245 -0.038990901 0.025970888 0.780150269 0.623835539
1317401108.619184971 222.715434672 197.760656130 -6.672402618 -0.042901810 0.025567118 0.780015587 0.623763931
1317401108.722935915 222.434080245 198.953769500 -6.755405976 -0.044677290 0.024610312 0.779888662 0.623836475
1317401108.826661110 222.157345476 200.150325765 -6.856603967 -0.042867954 0.022407515 0.779999736 0.623907568
1317401108.930386066 221.882295999 201.352577064 -6.961278020 -0.039753878 0.021374667 0.780217453 0.623877775
1317401109.034137011 221.612721550 202.538504002 -7.072107035 -0.037448475 0.022694928 0.780319477 0.623846188
1317401109.137890100 221.341299908 203.731197446 -7.157618609 -0.036629982 0.024628518 0.780004154 0.624215668
1317401109.241640091 221.071077223 204.931153480 -7.251701829 -0.037131008 0.025530734 0.779570360 0.624691543
1317401109.345416307 220.796614730 206.119795488 -7.344782754 -0.038164486 0.026389573 0.779156874 0.625109293
1317401109.449191093 220.519469283 207.321681482 -7.448368527 -0.039071341 0.026461150 0.778860648 0.625419323
1317401109.552941084 220.246930525 208.510087132 -7.551045659 -0.039722840 0.026548694 0.778566229 0.625741073
1317401109.656666994 219.974916837 209.694931769 -7.648293726 -0.039727436 0.026460319 0.778301481 0.626073787
1317401109.760392904 219.708459012 210.891531547 -7.749785626 -0.039452887 0.025948511 0.778261836 0.626161848
1317401109.864098072 219.440929430 212.081528436 -7.849336276 -0.039030355 0.025635765 0.778239655 0.626228774
1317401109.967799902 219.174065914 213.271668512 -7.953189113 -0.039052977 0.025337840 0.778232907 0.626247876
1317401110.071527004 218.908346934 214.460562297 -8.053023214 -0.039060576 0.025246878 0.778088759 0.626430164
1317401110.175254107 218.637787953 215.649498478 -8.153050333 -0.039333428 0.025109935 0.778026165 0.626496336
1317401110.278978109 218.373106430 216.841227336 -8.254294131 -0.039392109 0.025214522 0.777917172 0.626623781
1317401110.382700682 218.110524079 218.034433517 -8.341964929 -0.039059285 0.024972990 0.777960775 0.626600156
1317401110.486442089 217.841360851 219.214576878 -8.437543317 -0.038088362 0.024493174 0.778001303 0.626628546
1317401110.590193987 217.572184293 220.413315166 -8.531375564 -0.037299768 0.023420243 0.778162446 0.626516901
1317401110.693928003 217.306455015 221.605928131 -8.630718650 -0.037036654 0.022468547 0.778221949 0.626493455
1317401110.798357010 217.039910444 222.792198878 -8.728450830 -0.037858768 0.021393561 0.778285479 0.626403019
1317401110.902136087 216.763807638 223.995476250 -8.825147315 -0.039128345 0.020586899 0.778416232 0.626189525
1317401111.005229712 216.497147197 225.185346027 -8.916486504 -0.040637427 0.019685583 0.778421003 0.626116459
1317401111.108983040 216.226094896 226.387385631 -9.010254448 -0.041572506 0.018762374 0.778537486 0.625938562
1317401111.212730885 215.958497533 227.579206625 -9.099767789 -0.041096670 0.018371106 0.778636750 0.625858113
1317401111.316478014 215.686692039 228.783029240 -9.194026015 -0.039775872 0.018203556 0.778841174 0.625693964
1317401111.420231104 215.416990752 229.976467236 -9.285830387 -0.038664317 0.018939219 0.779096007 0.625424487
1317401111.523998976 215.144638570 231.181302487 -9.379658490 -0.038511803 0.020210938 0.779298263 0.625142045
1317401111.627747059 214.872887656 232.387304851 -9.462654897 -0.038649814 0.021370896 0.779482700 0.624864944
1317401111.731520653 214.602127053 233.586724474 -9.553003947 -0.038751669 0.021434228 0.779574930 0.624741395
1317401111.835330009 214.325943018 234.786844596 -9.654219027 -0.038776807 0.020614162 0.779666015 0.624653761
1317401111.939114094 214.052428883 236.002555919 -9.757018376 -0.038683397 0.020231120 0.779512682 0.624863405
1317401112.042882919 213.777220324 237.204781166 -9.841241803 -0.038359929 0.020396645 0.779277788 0.625170874
1317401112.146648884 213.502887061 238.421799827 -9.936797577 -0.037673075 0.021506113 0.779088789 0.625410973
1317401112.250401020 213.232223136 239.629468841 -10.025787167 -0.037065702 0.022860608 0.778967735 0.625549993
1317401112.354126930 212.964834505 240.844733423 -10.114778627 -0.036710346 0.024054048 0.778862327 0.625657438
1317401112.457859039 212.691805172 242.059862686 -10.205235100 -0.036399000 0.024603498 0.778695816 0.625861492
1317401112.561614990 212.420431715 243.276791712 -10.302571918 -0.036231102 0.024581076 0.778468078 0.626155355
1317401112.665380001 212.143933796 244.491999234 -10.405997307 -0.036608661 0.024433574 0.778186566 0.626489006
1317401112.769134045 211.865894788 245.708812953 -10.505549429 -0.037792967 0.024347146 0.777773822 0.626934438
1317401112.872888088 211.586040568 246.928869846 -10.594637951 -0.038855885 0.024011044 0.777153930 0.627650746
1317401112.976654053 211.313437233 248.146391985 -10.693311344 -0.040183219 0.023112576 0.776560355 0.628335207
1317401113.080424309 211.042579198 249.371020006 -10.799103700 -0.041823849 0.022855105 0.775952183 0.628988569
1317401113.184175014 210.772030573 250.598417646 -10.912014657 -0.043862304 0.023294621 0.775558769 0.629318723
1317401113.287912846 210.501638840 251.823609791 -11.012561390 -0.045909357 0.023339399 0.775372509 0.629400569
1317401113.391645908 210.240100253 253.035226391 -11.119345968 -0.047823970 0.022775359 0.775296143 0.629372736
1317401113.495374918 209.969655824 254.264185323 -11.237887148 -0.050377188 0.021620787 0.775261752 0.629256623
1317401113.599117041 209.709331776 255.476344836 -11.349934675 -0.051816607 0.020297013 0.775097910 0.629385653
1317401113.702852011 209.438951884 256.690010631 -11.447736943 -0.050841401 0.018065872 0.775187418 0.629422945
1317401113.806579113 209.178246278 257.917011504 -11.553038985 -0.048493245 0.015638169 0.775316346 0.629514429
1317401113.910379887 208.919686153 259.129037994 -11.678262654 -0.048428365 0.013987662 0.775564217 0.629252877
1317401114.014190197 208.658179104 260.358605180 -11.787507976 -0.048697197 0.015461215 0.775493817 0.629284413
1317401114.117963076 208.397312068 261.556214811 -11.878060131 -0.049348567 0.015648540 0.775441485 0.629293529
1317401114.221703053 208.132914907 262.778201332 -11.992783205 -0.050103588 0.015823830 0.775437907 0.629233891
1317401114.325433969 207.875485898 263.984610623 -12.095917198 -0.051318190 0.017047677 0.775452760 0.629085715
1317401114.429179907 207.618030486 265.167426439 -12.185865305 -0.052013612 0.018012314 0.775452992 0.629001429
1317401114.532905102 207.366460842 266.347633561 -12.296013997 -0.052375364 0.018346940 0.775427011 0.628993770
1317401114.636643887 207.115451739 267.516559609 -12.400339426 -0.052280011 0.017802273 0.775453329 0.628984907
1317401114.740406990 206.860927755 268.674578267 -12.511210917 -0.052032447 0.016627587 0.775534587 0.628937400
1317401114.844156981 206.618879916 269.806952064 -12.623345094 -0.051992565 0.016075573 0.775509786 0.628985629
1317401114.947882891 206.375166836 270.939458115 -12.728881201 -0.052756807 0.016618033 0.775460143 0.628969099
1317401115.051634073 206.133442519 272.056969891 -12.825630114 -0.053390090 0.017893112 0.775494303 0.628838550
1317401115.155407906 205.904640625 273.144490321 -12.916272238 -0.053600514 0.019539885 0.775502314 0.628761750
1317401115.259181976 205.672857853 274.213819466 -13.021326998 -0.054420834 0.020941410 0.775498635 0.628650695
1317401115.362958193 205.441648701 275.272206029 -13.120409863 -0.055494802 0.021833873 0.775549808 0.628463288
1317401115.466732025 205.222628986 276.314450187 -13.197984633 -0.054372378 0.020962252 0.775802331 0.628279374
1317401115.570483923 204.990580119 277.346539212 -13.285761317 -0.050996331 0.017490809 0.776335579 0.628009964
1317401115.674235106 204.759968655 278.377824763 -13.384746003 -0.047275616 0.013156036 0.776910563 0.627695715
1317401115.777986050 204.539383726 279.392775996 -13.487582521 -0.045143323 0.010933130 0.777304132 0.627408028
1317401115.881712914 204.314048587 280.404898388 -13.576271591 -0.045604876 0.011131529 0.777517147 0.627107145
1317401115.985461950 204.091075325 281.411959252 -13.661040531 -0.048115367 0.013266738 0.777405195 0.627016801
1317401116.089211941 203.875121097 282.404022356 -13.729533847 -0.050589487 0.014959949 0.777461781 0.626713717
1317401116.192961931 203.651775299 283.394643844 -13.801044564 -0.052237033 0.015721014 0.777393241 0.626644949
1317401116.296737909 203.429179289 284.367595996 -13.889390095 -0.054197254 0.015242210 0.777269866 0.626643350
1317401116.400511980 203.217174564 285.324780612 -13.971331692 -0.055977833 0.014394240 0.776820593 0.627063836
1317401116.504287958 203.011320907 286.257149091 -14.055841318 -0.056746987 0.013218080 0.776339082 0.627616676
1317401116.608110905 202.810878155 287.176438594 -14.127535511 -0.056776581 0.011445982 0.775398742 0.628810146
1317401116.711982012 202.598108426 288.052604347 -14.212731627 -0.056234354 0.009878879 0.773961794 0.630653032
1317401116.815876007 202.402433956 288.910929133 -14.278648776 -0.055117496 0.009059374 0.772480013 0.632577758
1317401116.919820070 202.235739013 289.740659671 -14.354213453 -0.054033942 0.007975803 0.770012866 0.635686170
1317401117.023834229 202.087486198 290.542570201 -14.412918641 -0.052915463 0.006965070 0.766176243 0.640410342
1317401117.127921104 201.953067934 291.317213418 -14.476247046 -0.052015984 0.006214052 0.760876698 0.646778458
1317401117.232080936 201.839037002 292.071000506 -14.526058698 -0.051214677 0.006420587 0.754038750 0.654798745
1317401117.336281061 201.738808670 292.785934286 -14.579033943 -0.050231214 0.008030075 0.745764480 0.664264769
1317401117.440489054 201.664675750 293.490600538 -14.617063784 -0.049917191 0.009329065 0.736315989 0.674729580
1317401117.544723034 201.608828624 294.165023948 -14.664500320 -0.049665809 0.011294621 0.725851553 0.685963017
1317401117.649003029 201.560420021 294.847675060 -14.711050305 -0.049831840 0.013785569 0.713969954 0.698264743
1317401117.753283978 201.547946104 295.505586831 -14.746647380 -0.049783421 0.016428070 0.701401204 0.710836184
1317401117.857559919 201.581324867 296.114095886 -14.782648509 -0.049515401 0.019091814 0.687733041 0.724021403
1317401117.961884975 201.605906067 296.735153923 -14.818694000 -0.048606419 0.020373960 0.672762153 0.737979270
1317401118.066212893 201.683503131 297.334682635 -14.848407876 -0.047822416 0.020167892 0.656351679 0.752667753
1317401118.170540094 201.757660406 297.925030244 -14.907831039 -0.047239523 0.020224626 0.638289515 0.768079350
1317401118.274889946 201.877867896 298.514716740 -14.948437865 -0.046743166 0.020200872 0.618852173 0.783855209
1317401118.379199028 202.016847956 299.100945547 -15.009300098 -0.045984239 0.020151627 0.598760291 0.799353161
1317401118.483431101 202.190476824 299.674200529 -15.023136173 -0.042879926 0.020498240 0.578513183 0.814287192
1317401118.587654114 202.373829390 300.231843982 -15.068315568 -0.042012441 0.018348061 0.558055380 0.828536358
1317401118.691860914 202.612403286 300.781335143 -15.106947737 -0.041720884 0.017484544 0.537061924 0.842329002
1317401118.796020985 202.854355414 301.311302688 -15.144224318 -0.041953807 0.017994033 0.515916467 0.855421704
1317401118.900182962 203.130504410 301.834956954 -15.209943854 -0.042257766 0.019590809 0.494871745 0.867716796
1317401119.004310131 203.442751529 302.337075019 -15.217868276 -0.041477226 0.021749168 0.473695357 0.879442620
1317401119.108396053 203.777316666 302.846269397 -15.249917913 -0.041762475 0.021386598 0.452514415 0.890521877
1317401119.212460041 204.130139319 303.345942802 -15.278645471 -0.042635088 0.020529791 0.431214695 0.901007583
1317401119.316521883 204.522902475 303.827104153 -15.337432440 -0.043023745 0.019572733 0.409849563 0.910927660
1317401119.420558929 204.940173850 304.300653093 -15.382153370 -0.040483065 0.019519871 0.388951091 0.920161478
1317401119.524571896 205.386974657 304.746265499 -15.409715101 -0.037436603 0.018610289 0.368905606 0.928526150
1317401119.628571033 205.862794238 305.205048975 -15.430006708 -0.035554690 0.016455647 0.349168211 0.936240693
1317401119.732542038 206.353542203 305.643640309 -15.477395838 -0.035241413 0.014205170 0.330297224 0.943111870
1317401119.836477995 206.875795071 306.069925621 -15.507240376 -0.034858412 0.012293996 0.312052736 0.949345479
1317401119.940383911 207.421552746 306.468711551 -15.540167158 -0.035551182 0.011321544 0.293768435 0.955148178
1317401120.044308901 208.010296329 306.875082156 -15.560263933 -0.038098588 0.010685126 0.275507616 0.960484190
1317401120.148180008 208.618783531 307.270023181 -15.599301703 -0.040089050 0.009769482 0.257879667 0.965295552
1317401120.251995087 209.249350449 307.654000390 -15.614495105 -0.041394553 0.007737563 0.241196532 0.969562197
1317401120.355820894 209.929526813 308.026263277 -15.643017332 -0.042297039 0.005132528 0.225738670 0.973255707
1317401120.459600925 210.577783234 308.382597312 -15.669033268 -0.044415863 0.002587783 0.212203540 0.976212166
1317401120.563275099 211.302937274 308.726211017 -15.698030612 -0.047235486 0.000800640 0.200851429 0.978481922
1317401120.666933060 212.041663645 309.070204024 -15.721894512 -0.049688197 0.000087956 0.190999182 0.980331774
1317401120.770612955 212.783602986 309.391638611 -15.729316670 -0.052215547 -0.000362377 0.182104015 0.981891813
1317401120.874319077 213.546409468 309.691435006 -15.755894586 -0.055424234 -0.000525618 0.173391487 0.983292057
1317401120.978020906 214.346799720 309.991698689 -15.767414849 -0.057402952 -0.001019541 0.164618883 0.984684967
1317401121.081715107 215.177580951 310.282717439 -15.783216242 -0.058675988 -0.001284412 0.156005167 0.986011088
1317401121.185442924 216.020005782 310.580953709 -15.792366405 -0.059251441 -0.001501130 0.147948070 0.987217495
1317401121.289122105 216.883361176 310.836552220 -15.803144726 -0.059078187 -0.001432378 0.141635503 0.988153379
1317401121.392775059 217.771512554 311.106782427 -15.806076183 -0.058485752 -0.001537075 0.137041512 0.988836022
1317401121.496453047 218.645913617 311.365022971 -15.813302909 -0.057870250 -0.001894711 0.133602350 0.989342133
1317401121.600142002 219.552637895 311.619761315 -15.823046437 -0.057932925 -0.002424561 0.130579128 0.989740870
1317401121.703849077 220.475042601 311.888517700 -15.829123420 -0.058136117 -0.002982271 0.127642907 0.990110391
1317401121.807576180 221.410623902 312.130879577 -15.838236379 -0.058198791 -0.003135063 0.125085894 0.990432527
1317401121.911298037 222.374704440 312.384360620 -15.844262627 -0.057218157 -0.002599975 0.123141353 0.990734843
1317401122.015014887 223.350866633 312.642732889 -15.838486322 -0.056404709 -0.001393696 0.121847173 0.990943910
1317401122.118742943 224.319499268 312.884837725 -15.841017134 -0.055760236 -0.000081423 0.120992378 0.991086088
1317401122.222523928 225.300632904 313.138780780 -15.847999428 -0.055175999 0.001377052 0.120089435 0.991227643
1317401122.326326132 226.279849840 313.387241015 -15.840145370 -0.054520001 0.002153744 0.119213171 0.991368322
1317401122.430128098 227.264508948 313.631933351 -15.845113730 -0.054635261 0.002141429 0.118329751 0.991467837
1317401122.533946037 228.248237304 313.877724132 -15.859574429 -0.054241805 0.002196583 0.117540179 0.991583233
1317401122.637768030 229.232396744 314.123886616 -15.858761316 -0.053715893 0.002189272 0.116600447 0.991722817
1317401122.741590023 230.216900627 314.359766828 -15.867518452 -0.053659297 0.002000733 0.115352995 0.991872151
1317401122.845412016 231.197284391 314.602742629 -15.872204168 -0.053361946 0.001937899 0.113756785 0.992072649
1317401122.949234962 232.193821556 314.835923406 -15.878997009 -0.053214610 0.002239154 0.112247178 0.992251865
1317401123.053059101 233.183862202 315.071498560 -15.879450247 -0.052635617 0.002929180 0.110854688 0.992437479
1317401123.156883001 234.174868905 315.303682246 -15.884707784 -0.052042721 0.003532110 0.109847717 0.992578742
1317401123.260704994 235.159341218 315.530795799 -15.884866355 -0.051705744 0.003675909 0.109007376 0.992688469
1317401123.364506006 236.137097498 315.759686577 -15.891465358 -0.051455634 0.003314608 0.108187582 0.992792414
1317401123.468303919 237.112496725 315.984401645 -15.901283985 -0.051378167 0.003109711 0.107424575 0.992879940
1317401123.572129965 238.081803576 316.200656491 -15.910234068 -0.051891923 0.003323978 0.106597191 0.992941699
1317401123.675930023 239.055995863 316.427828229 -15.913347878 -0.052103572 0.003806235 0.105698196 0.993024986
1317401123.779727936 240.021128835 316.635336162 -15.913544749 -0.051665439 0.004186972 0.104811318 0.993140342
1317401123.883527279 240.979632476 316.852676941 -15.909189793 -0.051893491 0.004317711 0.103979985 0.993215277
1317401123.987302065 241.925816770 317.060306705 -15.922488892 -0.051739232 0.004447335 0.103082209 0.993316330
1317401124.091075897 242.869901413 317.267584501 -15.920429819 -0.051420870 0.004707633 0.102291871 0.993413361
1317401124.194849968 243.792316122 317.464621862 -15.926847806 -0.051272797 0.004720273 0.101511444 0.993501005
1317401124.298649073 244.714274199 317.665952009 -15.931121547 -0.051488570 0.004339674 0.100751928 0.993568892
1317401124.402472019 245.622961290 317.856238727 -15.939026257 -0.051821343 0.003756556 0.099875505 0.993642451
1317401124.506295919 246.518777119 318.055853610 -15.940770192 -0.052136301 0.002915598 0.098820088 0.993734318
1317401124.610117912 247.399398187 318.236174333 -15.945730715 -0.052659925 0.002671612 0.097411693 0.993846445
1317401124.713964939 248.268539114 318.416228597 -15.954628336 -0.053306503 0.002884947 0.095911645 0.993957268
1317401124.817812920 249.160678332 318.598114380 -15.952734523 -0.053329806 0.003365184 0.094135241 0.994124320
1317401124.921658039 250.000282386 318.761344707 -15.947959025 -0.053514167 0.003448354 0.091875892 0.994325482
1317401125.025552034 250.842792631 318.912700764 -15.950011409 -0.053988474 0.003402833 0.089174050 0.994545954
1317401125.129471064 251.667715896 319.069155525 -15.952715971 -0.054557939 0.003408319 0.085610067 0.994827991
1317401125.233412981 252.486517135 319.216355412 -15.954803159 -0.055049757 0.003543077 0.080962291 0.995189469
1317401125.337378979 253.284035236 319.347801283 -15.955077195 -0.056019892 0.003367789 0.075327220 0.995578344
1317401125.441370964 254.070383317 319.467566717 -15.950847786 -0.056449435 0.002957666 0.068447544 0.996052030
1317401125.545409679 254.869914520 319.586900663 -15.951431172 -0.056670595 0.002278760 0.060514622 0.996554681
1317401125.649471998 255.636792510 319.674859073 -15.950622161 -0.056882289 0.001772318 0.051317253 0.997059579
1317401125.753536940 256.408945835 319.756442852 -15.960254630 -0.056712023 0.002138369 0.041045820 0.997544192
1317401125.857623100 257.156746252 319.818004573 -15.958562031 -0.054437870 0.003487249 0.029479613 0.998075804
1317401125.961733103 257.894281593 319.869671901 -15.941177154 -0.050603706 0.003938314 0.017184736 0.998563188
1317401126.065865040 258.658510331 319.872402021 -15.921682695 -0.047259999 0.003298200 0.003054497 0.998872507
1317401126.170001984 259.349620277 319.868032927 -15.907847286 -0.043280285 0.001829858 -0.010466653 0.999006465
1317401126.274138927 260.070115467 319.864887648 -15.894723303 -0.038583225 -0.000062754 -0.025492785 0.998930152
1317401126.378297091 260.779844233 319.821943072 -15.882279433 -0.034240170 -0.001251945 -0.041940919 0.998532424
1317401126.482455969 261.456666143 319.759650019 -15.863084585 -0.030361707 -0.001707912 -0.059010125 0.997794094
1317401126.586615086 262.141271327 319.679984719 -15.851421778 -0.027260752 -0.002025740 -0.076682269 0.996680780
1317401126.690773010 262.808922629 319.568631552 -15.817251074 -0.024847157 -0.002818642 -0.094842405 0.995178171
1317401126.794929981 263.452401862 319.451482528 -15.802776601 -0.024236903 -0.003737579 -0.114005935 0.993177351
1317401126.899090290 264.069905181 319.307296785 -15.787170181 -0.023995316 -0.004403934 -0.134116534 0.990665224
1317401127.003249884 264.692103990 319.142418263 -15.762088569 -0.025010887 -0.005862942 -0.155014737 0.987578105
1317401127.107431889 265.290501440 318.950355693 -15.753527255 -0.026501228 -0.008746018 -0.177223577 0.983774871
1317401127.211663008 265.882342972 318.747906708 -15.717566925 -0.026186907 -0.011447989 -0.201793717 0.979010973
1317401127.315917015 266.461747584 318.487499513 -15.714612050 -0.025511654 -0.013224333 -0.227185232 0.973427523
1317401127.420147896 267.012904008 318.222909594 -15.664450804 -0.023853533 -0.015186088 -0.252615401 0.967153478
1317401127.524332047 267.550785950 317.921108362 -15.643325639 -0.023299481 -0.016437601 -0.277537433 0.960291577
1317401127.628490925 268.081545477 317.589526902 -15.600960942 -0.023062626 -0.016960081 -0.302230147 0.952805022
1317401127.732626915 268.593318711 317.239972149 -15.575208788 -0.023771316 -0.017908865 -0.326384850 0.944768293
1317401127.836690903 269.076034040 316.868266495 -15.529409836 -0.024563474 -0.019468831 -0.350374487 0.936085102
1317401127.940754890 269.550987902 316.463214583 -15.509808828 -0.025876150 -0.020848391 -0.373857505 0.926890681
1317401128.044807911 269.996810283 316.042373608 -15.447677369 -0.026536068 -0.022761854 -0.396045243 0.917565202
1317401128.148776054 270.420872414 315.596488274 -15.415675612 -0.026986660 -0.024309342 -0.416951319 0.908202826
1317401128.252701044 270.840317981 315.121519686 -15.362799929 -0.027715028 -0.024547408 -0.436450927 0.898966012
1317401128.356591940 271.231626008 314.631775927 -15.311522938 -0.028713094 -0.023333482 -0.454721433 0.889864892
1317401128.460442066 271.622028555 314.116092062 -15.295684484 -0.029546434 -0.021167478 -0.471850281 0.880929202
1317401128.564266920 271.987683907 313.568750646 -15.238887850 -0.028321436 -0.020427494 -0.488029789 0.872128166
1317401128.668061972 272.339644823 313.018378309 -15.168460207 -0.026908742 -0.021205465 -0.502988281 0.863613940
1317401128.771835089 272.665812203 312.437533348 -15.117529845 -0.026736941 -0.021972580 -0.517166607 0.855184800
1317401128.875586033 273.007920326 311.840180942 -15.065142279 -0.029857799 -0.021624095 -0.530952310 0.846599406
1317401128.979337931 273.311257015 311.230915240 -15.040478493 -0.031591861 -0.021444165 -0.543621706 0.838461414
1317401129.083066225 273.586921240 310.587833566 -14.984948605 -0.030269464 -0.021378095 -0.555308955 0.830818092
1317401129.186768055 273.874035750 309.925393110 -14.926648088 -0.028705590 -0.021697610 -0.565797786 0.823758501
1317401129.290468931 274.149593303 309.261170018 -14.865344948 -0.027363239 -0.022414332 -0.574978448 0.817403594
1317401129.394124985 274.400406418 308.578576243 -14.807374151 -0.026594647 -0.023064673 -0.582530928 0.812045851
1317401129.497755051 274.650343492 307.888273227 -14.750961313 -0.026306809 -0.023562719 -0.588601886 0.807651267
1317401129.601408005 274.881133280 307.179386667 -14.696965599 -0.026179786 -0.023361193 -0.593709113 0.803914400
1317401129.705063820 275.122490156 306.453835956 -14.645079227 -0.025761547 -0.022750497 -0.598400223 0.800459824
1317401129.808721066 275.337379097 305.710092032 -14.588764243 -0.025179024 -0.022206176 -0.602493939 0.797417053
1317401129.912424088 275.551782129 304.970784667 -14.534257794 -0.024294287 -0.021748982 -0.606347485 0.794530992
1317401130.016149998 275.763204125 304.197474269 -14.467652917 -0.024065656 -0.021863272 -0.610149643 0.791618756
1317401130.119853020 275.982636714 303.428021095 -14.418488296 -0.024108796 -0.022181532 -0.614128383 0.788525887
1317401130.223556042 276.193030075 302.636230967 -14.360598706 -0.024439862 -0.022121826 -0.617733042 0.785696638
1317401130.327281952 276.398274851 301.836700410 -14.301234247 -0.024420041 -0.022393272 -0.621157813 0.782984786
1317401130.431009054 276.591602735 301.006357621 -14.239943366 -0.024176571 -0.022721779 -0.624152456 0.780597801
1317401130.534737110 276.785518438 300.185627219 -14.180707588 -0.024023009 -0.022998959 -0.626996128 0.778312147
1317401130.638438940 276.972320974 299.329121637 -14.119113299 -0.023646016 -0.023245263 -0.629650638 0.776170470
1317401130.742141008 277.157126416 298.505585277 -14.048372245 -0.023407844 -0.023252611 -0.632362757 0.773969465
1317401130.845866919 277.344387654 297.623886024 -13.989860538 -0.022657540 -0.023502272 -0.634943074 0.771868882
1317401130.949594975 277.517306390 296.775978099 -13.921643183 -0.022187842 -0.023500622 -0.637597773 0.769691172
1317401131.053297997 277.680480138 295.901951675 -13.851694785 -0.021089420 -0.024292713 -0.639888326 0.767794264
1317401131.157000303 277.860627976 295.035228301 -13.784429116 -0.020024983 -0.025585219 -0.641688678 0.766276736
1317401131.260699987 278.027405955 294.132901283 -13.716120915 -0.019609868 -0.026188932 -0.642888106 0.765261051
1317401131.364403963 278.175667697 293.263172266 -13.658970866 -0.019280914 -0.026603216 -0.643739147 0.764539356
1317401131.468132019 278.337644014 292.366979258 -13.583096035 -0.018376206 -0.028102155 -0.644029848 0.764263135
1317401131.571835995 278.489581654 291.482318318 -13.495317508 -0.019040107 -0.030093331 -0.644431984 0.763831974
1317401131.675539017 278.649794410 290.589369926 -13.426075494 -0.018635352 -0.033528322 -0.644392817 0.763731938
1317401131.779240847 278.803708938 289.690289709 -13.359665999 -0.019009542 -0.033832241 -0.644051724 0.763996985
1317401131.882942915 278.967501125 288.788424006 -13.287997499 -0.018232190 -0.034201013 -0.643571641 0.764403964
1317401131.986673117 279.123002784 287.919304925 -13.210123929 -0.017407573 -0.033571793 -0.643126196 0.764825867
1317401132.090399027 279.279935580 287.016832138 -13.127721805 -0.016960488 -0.033592211 -0.642059107 0.765731029
1317401132.194098949 279.439237963 286.133681613 -13.047859997 -0.016823159 -0.033840839 -0.640659153 0.766894796
1317401132.297801971 279.608409477 285.242547123 -12.970948941 -0.016551340 -0.034101046 -0.639249246 0.768064823
1317401132.401505947 279.782003049 284.363081570 -12.888895521 -0.015958705 -0.034317895 -0.637243746 0.769732427
1317401132.505207062 279.949257838 283.472550222 -12.814431682 -0.015788716 -0.034035300 -0.634669973 0.771871971
1317401132.608956814 280.123440730 282.589011347 -12.731892991 -0.015470952 -0.034129319 -0.632194457 0.773903100
1317401132.712735891 280.309096486 281.717618705 -12.658438981 -0.015388105 -0.033862861 -0.629650268 0.775987791
1317401132.816510916 280.501790449 280.845738839 -12.583374747 -0.014949793 -0.033795192 -0.627118430 0.778046826
1317401132.920283079 280.693874172 279.971259510 -12.502680367 -0.014468756 -0.033660096 -0.625002544 0.779762446
1317401133.024058104 280.892453996 279.130268217 -12.422788131 -0.015170638 -0.033448405 -0.623085275 0.781291108
1317401133.127856016 281.091711670 278.252123816 -12.354895453 -0.015680045 -0.033537361 -0.621886844 0.782231510
1317401133.231678963 281.289041329 277.407916862 -12.280444472 -0.016885292 -0.032775497 -0.620858123 0.783055455
1317401133.335478067 281.489278665 276.541279036 -12.212894940 -0.017574810 -0.032233030 -0.620344317 0.783469901
1317401133.439277172 281.701924734 275.678129621 -12.138535243 -0.017622384 -0.032439179 -0.619772474 0.783912771
1317401133.543100119 281.905147233 274.823384178 -12.063992203 -0.017988774 -0.032339356 -0.619320331 0.784265834
1317401133.646921873 282.116911891 273.991020726 -11.994543803 -0.018560132 -0.031753025 -0.619169477 0.784395580
1317401133.750745058 282.327022087 273.118351778 -11.918668070 -0.018876968 -0.031452690 -0.619125868 0.784434540
1317401133.854569912 282.538749724 272.277561100 -11.842486236 -0.019037195 -0.030850212 -0.619089942 0.784482947
1317401133.958417892 282.748557274 271.409372474 -11.771384427 -0.019344598 -0.030375517 -0.619253760 0.784364645
1317401134.062288046 282.948032708 270.588981798 -11.696489978 -0.020178521 -0.029777993 -0.620135991 0.783669223
1317401134.166157961 283.164429903 269.715681440 -11.621150468 -0.020520525 -0.029707706 -0.621250054 0.782780129
1317401134.270028114 283.369998377 268.852306224 -11.551023568 -0.020957214 -0.029353682 -0.622745711 0.781592564
1317401134.373872995 283.574409615 267.999603948 -11.475831917 -0.020945419 -0.029258386 -0.624203936 0.780432369
1317401134.477720022 283.768219364 267.160434690 -11.400776514 -0.020524068 -0.029558627 -0.625505183 0.779389707
1317401134.581592083 283.963760131 266.290116214 -11.324673149 -0.020796975 -0.029659393 -0.626639264 0.778467109
1317401134.685440063 284.153266483 265.432718482 -11.258765261 -0.020695200 -0.029767397 -0.627668866 0.777635780
1317401134.789263964 284.350372657 264.574830614 -11.184260074 -0.020550787 -0.029425328 -0.628422894 0.777043423
1317401134.893085003 284.533436562 263.723305397 -11.113426324 -0.019424549 -0.029790383 -0.628944251 0.776636561
1317401134.996906996 284.725678467 262.850839198 -11.034151891 -0.019308626 -0.029919579 -0.629103109 0.776505811
1317401135.100707054 284.910316481 262.006488239 -10.963314462 -0.019157286 -0.030317316 -0.628997344 0.776579809
1317401135.204482079 285.091774562 261.141483739 -10.888571251 -0.019106726 -0.030426916 -0.628696144 0.776820632
1317401135.308254957 285.275354238 260.277813104 -10.812827625 -0.018827568 -0.031073718 -0.627967412 0.777391071
1317401135.412005901 285.467189833 259.436158691 -10.738678847 -0.018728378 -0.031398039 -0.626799172 0.778322690
1317401135.515758991 285.658899846 258.578763851 -10.665544968 -0.018723717 -0.031547069 -0.625240195 0.779569691
1317401135.619509935 285.854811076 257.713175651 -10.594166242 -0.018419296 -0.031328211 -0.623936435 0.780629616
1317401135.723258972 286.047168076 256.890866811 -10.520831175 -0.017960152 -0.030751402 -0.622381511 0.781903471
1317401135.827033043 286.250953456 256.045709194 -10.444523839 -0.017404329 -0.030186498 -0.621142987 0.782922253
1317401135.930809021 286.455567363 255.201154981 -10.368550146 -0.016901584 -0.028569722 -0.620090959 0.783827347
1317401136.034581900 286.654729839 254.363826087 -10.311211831 -0.015862747 -0.027276710 -0.619328703 0.784497490
1317401136.138356924 286.863566200 253.537448109 -10.231135717 -0.015517292 -0.026638179 -0.618553225 0.785137904
1317401136.242157936 287.068265088 252.702460692 -10.164890128 -0.015815389 -0.026617978 -0.618006123 0.785563358
1317401136.345978975 287.270874162 251.883404151 -10.098236873 -0.016409470 -0.027026456 -0.617756882 0.785733247
1317401136.449826002 287.476193970 251.044997337 -10.034999327 -0.016933126 -0.027048270 -0.618033700 0.785503664
1317401136.553672075 287.681855671 250.234064077 -9.970261078 -0.017444065 -0.027266861 -0.618176916 0.785372219
1317401136.657471895 287.883873816 249.381931831 -9.908440736 -0.017567344 -0.027316695 -0.618186722 0.785360021
1317401136.761271000 288.100012093 248.548687340 -9.840668552 -0.017387230 -0.027309804 -0.618292395 0.785281079
1317401136.865093946 288.291144437 247.733812505 -9.777201217 -0.017430407 -0.026967899 -0.618140547 0.785411470
1317401136.968892813 288.490670116 246.929201067 -9.706488528 -0.017235895 -0.026716842 -0.617969529 0.785558906
1317401137.072691917 288.702784234 246.073158702 -9.642473119 -0.017590069 -0.026333098 -0.617670238 0.785799360
1317401137.176537037 288.893083306 245.290928585 -9.574196319 -0.018217137 -0.026039481 -0.617542265 0.785895434
1317401137.280383348 289.102149503 244.464767292 -9.507552443 -0.018389939 -0.026025477 -0.617559883 0.785878029
1317401137.384229898 289.300448741 243.649936497 -9.440084194 -0.018703935 -0.025996627 -0.617420295 0.785981245
1317401137.488076687 289.508665353 242.835176800 -9.384723208 -0.018441387 -0.026327503 -0.616914705 0.786373337
1317401137.591923952 289.717967826 242.018285472 -9.311707515 -0.018251435 -0.026909965 -0.615726142 0.787289056
1317401137.695795059 289.930349198 241.187866893 -9.248473589 -0.018044816 -0.027407958 -0.614495916 0.788237247
1317401137.799665928 290.142451167 240.387738256 -9.186147708 -0.018929269 -0.027104951 -0.613396765 0.789082640
1317401137.903537035 290.367402448 239.550603235 -9.120802533 -0.019989749 -0.026743504 -0.612399884 0.789842755
1317401138.007409096 290.574840450 238.740390548 -9.059694194 -0.020621007 -0.026735685 -0.611698381 0.790370209
1317401138.111279011 290.803904672 237.904011510 -8.996313139 -0.020975160 -0.026632020 -0.610926973 0.790960816
1317401138.215173006 291.025791747 237.063974117 -8.931097055 -0.021409182 -0.026337520 -0.610210743 0.791511738
1317401138.319068909 291.253473340 236.218163410 -8.861057097 -0.021619618 -0.026354689 -0.609572807 0.791996853
1317401138.422962904 291.471514876 235.418384620 -8.794151904 -0.022998006 -0.026341346 -0.609157849 0.792277692
1317401138.526881933 291.709590979 234.544079968 -8.720304699 -0.024371552 -0.026863021 -0.608677592 0.792588162
1317401138.630822897 291.947381753 233.683758196 -8.651397063 -0.025928586 -0.026527868 -0.608551116 0.792647160
1317401138.734765053 292.189649696 232.804776698 -8.583590125 -0.025983567 -0.025870167 -0.608814859 0.792464546
1317401138.838710070 292.417827811 231.954630827 -8.512471685 -0.025661223 -0.024936153 -0.609734963 0.791797300
1317401138.942676067 292.655133449 231.090112295 -8.440077164 -0.025920490 -0.024482883 -0.610849374 0.790943588
1317401139.046618223 292.901537538 230.204466310 -8.360287192 -0.026729607 -0.024730389 -0.611972852 0.790039977
1317401139.150585890 293.139665213 229.301470531 -8.281344623 -0.027304998 -0.025291156 -0.613350492 0.788933438
1317401139.254580021 293.372468829 228.412092705 -8.214310399 -0.028137156 -0.025117631 -0.615541215 0.787201637
1317401139.358568907 293.608034220 227.500958808 -8.137819430 -0.028439523 -0.024634968 -0.618367130 0.784988156
1317401139.462579966 293.827817917 226.592817507 -8.065514603 -0.028254689 -0.024412745 -0.621175399 0.782781460
1317401139.566570997 294.051956313 225.662480931 -7.987007954 -0.027983487 -0.024459830 -0.623777401 0.780717872
1317401139.670538902 294.260535749 224.742773617 -7.907225311 -0.027846058 -0.024359956 -0.626412043 0.778613602
1317401139.774482012 294.479090300 223.802913227 -7.828046459 -0.027343128 -0.024667981 -0.628639440 0.776824497
1317401139.878398895 294.677223124 222.873326008 -7.745215560 -0.027230370 -0.024402165 -0.630508765 0.775320410
1317401139.982299089 294.885793389 221.927405061 -7.664526756 -0.026676033 -0.023778108 -0.631558196 0.774504510
1317401140.086170912 295.086921279 220.994873517 -7.586941143 -0.025253730 -0.023524742 -0.632406903 0.773867136
1317401140.190040112 295.285927853 220.059684064 -7.502207873 -0.025028609 -0.023275251 -0.633072685 0.773337447
1317401140.293910980 295.477330681 219.133758042 -7.423666674 -0.024840171 -0.023637480 -0.633682513 0.772832910
1317401140.397753954 295.669147257 218.198456520 -7.348760028 -0.024736802 -0.023937929 -0.634364350 0.772267400
1317401140.501604080 295.863482641 217.260266925 -7.270553387 -0.024512512 -0.024120250 -0.635009869 0.771738179
1317401140.605477095 296.043676833 216.360776685 -7.198998638 -0.024445982 -0.023634140 -0.635565950 0.771297442
1317401140.709343910 296.227389219 215.457169859 -7.124188221 -0.024068240 -0.023604378 -0.636369303 0.770647561
1317401140.813213110 296.409598436 214.543511027 -7.042243217 -0.023681116 -0.024062030 -0.636980815 0.770140029
1317401140.917083979 296.583909174 213.654479150 -6.971924049 -0.023695759 -0.023982825 -0.638122605 0.769196253
1317401141.020977974 296.749796948 212.767057652 -6.904213704 -0.023696246 -0.023720166 -0.639634956 0.767947241
1317401141.124874353 296.916971870 211.889317897 -6.827972205 -0.023359657 -0.023996519 -0.641343049 0.766523051
1317401141.228744984 297.091306747 210.970361632 -6.751395727 -0.022429891 -0.025250872 -0.642657737 0.765408601
1317401141.332638025 297.252832588 210.108139088 -6.670436145 -0.022213285 -0.026495595 -0.643874736 0.764349316
1317401141.436533928 297.410080003 209.239528844 -6.601857113 -0.022010719 -0.027174065 -0.644777524 0.763569933
1317401141.540380001 297.565731220 208.353542907 -6.538603166 -0.021140719 -0.027243659 -0.645331665 0.763123775
1317401141.644226074 297.716909342 207.468937243 -6.465053573 -0.019319473 -0.027013219 -0.645287325 0.763217735
1317401141.748073101 297.865923556 206.602299338 -6.380288226 -0.017783971 -0.027587357 -0.644920652 0.763544380
1317401141.851870060 298.017882451 205.730697298 -6.302129279 -0.017457176 -0.028720350 -0.644190904 0.764125950
1317401141.955646992 298.166952118 204.881208339 -6.232707120 -0.017467915 -0.029609365 -0.642928574 0.765154237
1317401142.059421301 298.323483832 204.015397881 -6.168742502 -0.017074234 -0.030110307 -0.641128382 0.766652618
1317401142.163175106 298.491876554 203.168032074 -6.099574078 -0.016555123 -0.030270736 -0.638794667 0.768603268
1317401142.266926050 298.655434703 202.291161550 -6.025180620 -0.016080812 -0.030149549 -0.635934253 0.770986406
1317401142.370721102 298.823819633 201.428069501 -5.956428570 -0.015223279 -0.029872956 -0.633014596 0.773413460
1317401142.474541903 299.010750141 200.559995148 -5.890904247 -0.014502410 -0.028620241 -0.630158727 0.775803159
1317401142.578366041 299.190835340 199.705681653 -5.824680442 -0.012816025 -0.028299847 -0.627093248 0.778324435
1317401142.682166100 299.379001139 198.835771287 -5.747005997 -0.012838803 -0.028370874 -0.624045453 0.780767271
1317401142.785965919 299.584634923 197.997085953 -5.682028732 -0.013516771 -0.028715043 -0.620758082 0.783359526
1317401142.889765024 299.780802501 197.146443285 -5.625736795 -0.014307381 -0.028672477 -0.617539684 0.785886714
1317401142.993540049 300.005035697 196.283459209 -5.566964743 -0.014680799 -0.028282366 -0.614290557 0.788436233
1317401143.097340107 300.229968798 195.408219490 -5.503684920 -0.015052678 -0.027590438 -0.611046446 0.790970559
1317401143.201138020 300.470398816 194.562568259 -5.436130790 -0.015489626 -0.027057072 -0.607625182 0.793611759
1317401143.304936886 300.706363914 193.708375162 -5.371409533 -0.016096820 -0.026375949 -0.604690735 0.795860740
1317401143.408760071 300.955148380 192.835528395 -5.297665003 -0.017275897 -0.025372023 -0.602304146 0.797676325
1317401143.512606859 301.201440451 191.965530726 -5.233826512 -0.018580572 -0.024521746 -0.600949305 0.798694797
1317401143.616477013 301.458654666 191.103690146 -5.164933630 -0.019967951 -0.023589480 -0.600164245 0.799279486
1317401143.720347881 301.717751624 190.245745582 -5.102749545 -0.020764043 -0.022731236 -0.599519473 0.799767808
1317401143.824219942 301.971529549 189.385991722 -5.033610349 -0.020599228 -0.022421823 -0.598925483 0.800225718
1317401143.928088903 302.244346847 188.500640952 -4.964688383 -0.020815409 -0.022255998 -0.598244577 0.800733923
1317401144.031981707 302.508745880 187.632556363 -4.895139851 -0.021795250 -0.021235228 -0.597928041 0.800971966
1317401144.135904074 302.775564415 186.759081883 -4.837065369 -0.023215946 -0.019873358 -0.598212338 0.800754686
1317401144.239845037 303.042861831 185.889958388 -4.769944878 -0.024632251 -0.018725333 -0.599406314 0.799846663
1317401144.343788147 303.303669959 185.027638392 -4.711641906 -0.025468884 -0.018380619 -0.601173085 0.798501353
1317401144.447731018 303.563822504 184.168544441 -4.645114964 -0.026063749 -0.018362391 -0.603593046 0.796654842
1317401144.551721334 303.815709991 183.293344821 -4.576446105 -0.026222821 -0.018609523 -0.606355505 0.794543297
1317401144.655689001 304.054555867 182.438354473 -4.509662957 -0.026631847 -0.018778063 -0.609520470 0.792100325
1317401144.759630919 304.299318409 181.553995895 -4.443932705 -0.027077663 -0.018920270 -0.612483113 0.789793175
1317401144.863598108 304.521305093 180.701290151 -4.372253153 -0.027597289 -0.019336752 -0.615857658 0.787136471
1317401144.967564106 304.752468962 179.833922146 -4.304074953 -0.028031529 -0.019627907 -0.619476922 0.784268654
1317401145.071529865 304.958485272 178.959530298 -4.231540456 -0.028924388 -0.020200408 -0.623489130 0.781035612
1317401145.175497055 305.166750052 178.100778659 -4.165401155 -0.028821862 -0.020401834 -0.627658239 0.777687727
1317401145.279463053 305.360791747 177.221046222 -4.104675089 -0.027791975 -0.020452476 -0.631870235 0.774305695
1317401145.383407116 305.546371063 176.355217340 -4.030433250 -0.026672284 -0.020668684 -0.635832007 0.771089524
1317401145.487349987 305.716443272 175.492399824 -3.962084215 -0.025634689 -0.021145145 -0.639939815 0.767706180
1317401145.591291904 305.882484106 174.611111449 -3.887553462 -0.025026616 -0.022177748 -0.643789922 0.764471289
1317401145.695209026 306.026237208 173.783486951 -3.821071239 -0.024373561 -0.023037333 -0.647483238 0.761341361
1317401145.799127102 306.170994889 172.912634282 -3.754622244 -0.023254059 -0.024093524 -0.650479302 0.758785496
1317401145.902998924 306.291064517 172.075083337 -3.682988086 -0.021683856 -0.025308423 -0.652734766 0.756853103
1317401146.006820917 306.434563098 171.201515472 -3.607940779 -0.019570830 -0.026287492 -0.654151602 0.755653116
1317401146.110646009 306.558251312 170.373327667 -3.541072528 -0.016732496 -0.027118708 -0.655218717 0.754766873
1317401146.214467049 306.674792128 169.545709590 -3.468213180 -0.015117997 -0.027794728 -0.656080634 0.754027255
1317401146.318289995 306.791956600 168.740595970 -3.401197424 -0.013758912 -0.028576870 -0.656591209 0.753579484
1317401146.422091007 306.903362355 167.939681096 -3.335545243 -0.012930706 -0.029568818 -0.656598062 0.753549910
1317401146.525866032 307.012072925 167.170873651 -3.269974958 -0.011835736 -0.030385296 -0.656461816 0.753654121
1317401146.629642010 307.112221633 166.413958962 -3.218930003 -0.011136141 -0.030728220 -0.656131679 0.753938315
1317401146.733417034 307.222408765 165.683100973 -3.154648565 -0.010429985 -0.031116945 -0.655864913 0.754164549
1317401146.837188959 307.324523102 164.968819873 -3.096619212 -0.009620311 -0.031605440 -0.655507864 0.754465364
1317401146.940965891 307.423854416 164.271067981 -3.041536877 -0.009002986 -0.031790537 -0.655283204 0.754660341
1317401147.044761896 307.514262800 163.628729130 -2.987303539 -0.008296314 -0.032329989 -0.655006309 0.754885871
1317401147.148560047 307.610006388 162.955794680 -2.934398377 -0.007468182 -0.032435705 -0.654684131 0.755169412
1317401147.252335072 307.693903255 162.363201148 -2.884615320 -0.006797672 -0.032584852 -0.654443805 0.755377604
1317401147.356108904 307.770067025 161.780769100 -2.839249459 -0.006576418 -0.032672558 -0.654134821 0.755643362
1317401147.459884882 307.854011085 161.218285402 -2.796926276 -0.006103223 -0.033358334 -0.653599078 0.756080827
1317401147.563637018 307.923251403 160.666105510 -2.742658071 -0.005671029 -0.034694830 -0.652658284 0.756836358
1317401147.667365074 308.001410331 160.126712154 -2.700629510 -0.005769555 -0.035925165 -0.651444015 0.757823720
1317401147.771090031 308.071145133 159.615704855 -2.654740802 -0.005973354 -0.036634135 -0.649278776 0.759644213
1317401147.874814034 308.152644947 159.151687801 -2.627538085 -0.005320786 -0.036605623 -0.646719461 0.761830464
1317401147.978518009 308.249920214 158.682184673 -2.600366054 -0.004159791 -0.035788410 -0.643405801 0.764676965
1317401148.082196951 308.319265997 158.220980913 -2.561422295 -0.002659126 -0.035860418 -0.638905833 0.768444075
1317401148.185852051 308.416592545 157.802904703 -2.510438630 -0.001535052 -0.037050022 -0.632644929 0.773553704
1317401148.289484024 308.477151420 157.385375288 -2.467275095 -0.002215812 -0.037700216 -0.625011044 0.779701853
1317401148.393090010 308.597891546 156.956228773 -2.429038820 -0.004453731 -0.037599138 -0.615112994 0.787529348
1317401148.496696949 308.725711257 156.564599098 -2.400875094 -0.005887104 -0.037864811 -0.602978313 0.796836716
1317401148.600352049 308.853805000 156.174902222 -2.380901293 -0.007647076 -0.037690984 -0.589143926 0.807112351
1317401148.704004049 308.997719743 155.797077277 -2.356706759 -0.008927431 -0.036339532 -0.574069585 0.817951008
1317401148.807660103 309.146175010 155.422084959 -2.336054516 -0.009604390 -0.034360894 -0.557791973 0.829213603
1317401148.911365986 309.311668010 155.068546384 -2.302492711 -0.011334565 -0.030606004 -0.541092070 0.840329800
1317401149.015068054 309.490744700 154.711198569 -2.267662016 -0.012038920 -0.027838010 -0.523962474 0.851201172
1317401149.118771315 309.654005617 154.380771096 -2.223171491 -0.014229219 -0.024459345 -0.505695815 0.862247651
1317401149.222520113 309.862225016 154.059584821 -2.188748881 -0.016606410 -0.022953469 -0.487192324 0.872835039
1317401149.326270103 310.074242052 153.749361654 -2.165793088 -0.018443784 -0.022237647 -0.468175577 0.883163033
1317401149.430011034 310.288912949 153.456335372 -2.139879178 -0.019262507 -0.021693594 -0.448749264 0.893186678
1317401149.533739090 310.499310684 153.163670285 -2.117226943 -0.019387478 -0.020727252 -0.429262758 0.902733621
1317401149.637475014 310.729929205 152.871683510 -2.092762519 -0.020923175 -0.018437583 -0.409767942 0.911763407
1317401149.741225958 310.984997494 152.615116463 -2.062062455 -0.022123875 -0.017558557 -0.390026541 0.920370321
1317401149.844979048 311.239434171 152.346897257 -2.047555713 -0.024590229 -0.017398519 -0.369597661 0.928703495
1317401149.948753119 311.520288296 152.102359511 -2.036735072 -0.024996131 -0.017612544 -0.348871091 0.936671743
1317401150.052500963 311.817797804 151.846195506 -2.014411115 -0.024002496 -0.018690495 -0.326906777 0.944566834
1317401150.156229019 312.138317968 151.604129750 -1.994903159 -0.022452072 -0.018935458 -0.304020448 0.952212644
1317401150.259979963 312.466440780 151.369602618 -1.958843190 -0.022185332 -0.019140404 -0.280826791 0.959311091
1317401150.363730907 312.837976551 151.140302849 -1.928025550 -0.023868153 -0.018046787 -0.256748345 0.966014965
1317401150.467458010 313.216921737 150.946046829 -1.922070496 -0.027335598 -0.016235279 -0.231845439 0.972232932
1317401150.571186066 313.625741655 150.743131167 -1.925477709 -0.028436933 -0.014758569 -0.206890861 0.977839300
1317401150.674936056 314.056201280 150.549091491 -1.907405317 -0.026291649 -0.013745833 -0.182516468 0.982755076
1317401150.778733015 314.507679408 150.370099550 -1.876897960 -0.023831831 -0.012309624 -0.158635702 0.986972761
1317401150.882580042 314.990986923 150.210562981 -1.841950389 -0.023149790 -0.008845638 -0.135580395 0.990456359
1317401150.986474991 315.506431322 150.082511598 -1.827641382 -0.024094673 -0.006344235 -0.113614971 0.993212382
1317401151.090418100 316.044359953 149.966800149 -1.825948892 -0.024672102 -0.004804470 -0.093392154 0.995312067
1317401151.194360971 316.615240310 149.856097681 -1.825141785 -0.024019804 -0.003162076 -0.074064583 0.996959120
1317401151.298304081 317.224447477 149.764801700 -1.818520990 -0.019820501 -0.000542090 -0.055370223 0.998268998
1317401151.402296066 317.845892026 149.694173993 -1.804031060 -0.016053555 0.000951469 -0.036970682 0.999186943
1317401151.506283998 318.481032751 149.657386142 -1.794386919 -0.014047962 0.000108781 -0.018812642 0.999724326
1317401151.610253096 319.171339931 149.733428179 -1.797780749 -0.012273630 -0.000937260 -0.000763521 0.999923945
1317401151.714268923 319.829246673 149.628002847 -1.774110921 -0.012306232 -0.002784789 0.016445638 0.999785148
1317401151.818305969 320.531620037 149.669524844 -1.785214359 -0.012785164 -0.002893688 0.032247718 0.999393942
1317401151.922366858 321.250955599 149.724497653 -1.789575093 -0.013412201 -0.001560469 0.046470124 0.998828416
1317401152.026478052 321.992990640 149.790363363 -1.789978612 -0.014226388 0.001885076 0.059234787 0.998140920
1317401152.130589008 322.765286340 149.879788179 -1.789430923 -0.014738817 0.004930011 0.070513369 0.997389757
1317401152.234724045 323.553950772 150.001148411 -1.793145245 -0.015321253 0.006638036 0.080349106 0.996626920
1317401152.338882923 324.345741100 150.125954035 -1.792427952 -0.015012093 0.006653605 0.089219837 0.995876592
1317401152.443017960 325.170416497 150.274453878 -1.791824526 -0.014338939 0.005208035 0.097126064 0.995155163
1317401152.547152996 325.965501881 150.445355823 -1.803788369 -0.013912896 0.004181156 0.104020953 0.994468999
1317401152.651335955 326.826695068 150.629301768 -1.812924928 -0.014755786 0.004411748 0.109233773 0.993896768
1317401152.755542040 327.689735224 150.818258635 -1.852384514 -0.015615115 0.006876272 0.113669726 0.993372075
1317401152.859747887 328.584392827 151.031529109 -1.846379417 -0.017048147 0.010093236 0.115796901 0.993075307
1317401152.964001894 329.497989656 151.260679183 -1.875388744 -0.017367391 0.011320200 0.116473877 0.992977373
1317401153.068281889 330.414121618 151.475833675 -1.868664409 -0.017401768 0.009841259 0.115688030 0.993084391
1317401153.172537088 331.335581042 151.691939199 -1.887905212 -0.016323371 0.006786163 0.114087642 0.993313397
1317401153.276767969 332.254110653 151.908791598 -1.914465722 -0.017552968 0.005454246 0.112349467 0.993498738
1317401153.380975962 333.185209344 152.138027119 -1.928792230 -0.016773742 0.006106773 0.110255859 0.993742922
1317401153.485181093 334.121509678 152.348944051 -1.933850371 -0.016763220 0.006080401 0.107805920 0.994012026
1317401153.589361906 335.074419479 152.556345072 -1.930251137 -0.016433572 0.004987482 0.105186885 0.994304170
1317401153.693496943 336.022225360 152.758562699 -1.952814683 -0.017364390 0.004966466 0.102059652 0.994614317
1317401153.797609329 336.966244408 152.965644877 -1.961872812 -0.016558525 0.007650031 0.098814895 0.994938646
1317401153.901695967 337.933253612 153.156349015 -1.991202359 -0.015719968 0.012567717 0.095970978 0.995180640
1317401154.005733967 338.895236473 153.345906926 -1.976308216 -0.014175424 0.014917902 0.093824487 0.995376049
1317401154.109750986 339.849140274 153.532770783 -1.976435146 -0.012949033 0.013198845 0.092313804 0.995558273
1317401154.213768959 340.796095360 153.708820709 -1.977913832 -0.013154689 0.008722829 0.090424184 0.995778255
1317401154.317759991 341.757079201 153.896376790 -2.004608369 -0.013618756 0.006537455 0.088994065 0.995917591
1317401154.421724081 342.707777356 154.074421838 -2.031039299 -0.015257193 0.007630157 0.087598264 0.996009811
1317401154.525690079 343.660475980 154.257783840 -2.038756682 -0.017052096 0.008809207 0.086546603 0.996062904
1317401154.629631042 344.622572977 154.429891723 -2.040815281 -0.018827260 0.008930831 0.086009786 0.996076348
1317401154.733550072 345.572864839 154.605352913 -2.039417357 -0.019116519 0.007180600 0.086139147 0.996073815
1317401154.837445974 346.531532444 154.776901318 -2.065551907 -0.018236286 0.006086928 0.087025819 0.996020529
1317401154.941315889 347.473484057 154.947954008 -2.050329505 -0.017591614 0.006581004 0.088111155 0.995933557
1317401155.045186043 348.385577953 155.111429857 -2.070616753 -0.016835129 0.008356243 0.089743445 0.995787561
1317401155.149055958 349.320537836 155.283417565 -2.068567132 -0.016109311 0.009426164 0.091235314 0.995654436
1317401155.252928019 350.218447643 155.453787324 -2.074090498 -0.014194722 0.009599327 0.093050748 0.995513898
1317401155.356797934 351.153044070 155.638788121 -2.070862531 -0.013989425 0.008940664 0.094580052 0.995378809
1317401155.460669041 352.054746292 155.815025471 -2.095908469 -0.014253822 0.009753816 0.095991174 0.995232328
1317401155.564564943 352.946312807 155.993901700 -2.094763306 -0.014577195 0.011311166 0.097420301 0.995072283
1317401155.668461084 353.802851784 156.158978739 -2.089843663 -0.012775875 0.011489890 0.099019637 0.994937119
1317401155.772332907 354.679694812 156.348032883 -2.088815278 -0.012423331 0.010131140 0.100546669 0.994803191
1317401155.876178026 355.517263371 156.531208042 -2.092956565 -0.012911121 0.008353943 0.101903380 0.994675432
1317401155.980026007 356.318709954 156.701149698 -2.122594870 -0.013394107 0.008611144 0.102967815 0.994557226
1317401156.083873034 357.117070091 156.869866459 -2.114917880 -0.013252862 0.009676421 0.104296365 0.994410879
1317401156.187717915 357.899847680 157.039818630 -2.115560187 -0.012254431 0.010334416 0.105880237 0.994249669
1317401156.291539907 358.628145558 157.201650412 -2.116503328 -0.012415917 0.010244902 0.107927385 0.994028454
1317401156.395339012 359.350331308 157.365600257 -2.130581844 -0.012534904 0.010867193 0.110516217 0.993735853
1317401156.499161005 360.063022142 157.530481242 -2.125189844 -0.013426618 0.011490344 0.113451664 0.993386339
1317401156.602961063 360.724193840 157.695156351 -2.137766882 -0.013652116 0.012189464 0.116414614 0.993032061
1317401156.706758976 361.371717093 157.846260259 -2.139857881 -0.013958001 0.013125305 0.119676079 0.992628096
1317401156.810555935 361.993066115 158.011284090 -2.134426670 -0.014024346 0.013379387 0.123707428 0.992129418
1317401156.914330006 362.592029709 158.187843908 -2.152314902 -0.013723132 0.013668976 0.129157295 0.991434934
1317401157.018059015 363.158810764 158.339178301 -2.155303501 -0.013576195 0.014104618 0.135567843 0.990574634
1317401157.121762037 363.706827796 158.506275162 -2.157365578 -0.012896923 0.013755077 0.143718299 0.989438991
1317401157.225486040 364.217077498 158.653135774 -2.161904967 -0.013606501 0.013157731 0.152838147 0.988069956
1317401157.329189777 364.728354939 158.830495017 -2.160435496 -0.014283027 0.011718244 0.163357127 0.986394002
1317401157.432893991 365.225665357 159.031863810 -2.187991691 -0.015112838 0.010342766 0.175423245 0.984322769
1317401157.536597967 365.709709263 159.196912879 -2.200508861 -0.014659341 0.010697731 0.188949375 0.981819126
1317401157.640281200 366.191005929 159.411450597 -2.208712027 -0.014804418 0.011383827 0.203484261 0.978900094
1317401157.743958950 366.672731432 159.638775272 -2.218183394 -0.016450578 0.012383080 0.218872055 0.975536294
1317401157.847608089 367.121620604 159.861484093 -2.224200509 -0.018883206 0.013440971 0.235836236 0.971516358
1317401157.951261997 367.574069881 160.134998791 -2.229593618 -0.020508434 0.014557654 0.254586097 0.966723020
1317401158.054943085 367.988684378 160.391879031 -2.245158626 -0.022041037 0.014844081 0.274908804 0.961103010
1317401158.158623934 368.412606172 160.664523523 -2.263792642 -0.025046735 0.015135630 0.295699525 0.954832637
1317401158.262301922 368.798904244 160.950998149 -2.291129334 -0.028470137 0.016392885 0.316282022 0.948096201
1317401158.366003036 369.180746003 161.246852230 -2.307567710 -0.030684375 0.017700167 0.336407913 0.941049887
1317401158.469728947 369.552968459 161.568719755 -2.326343499 -0.031102874 0.018725546 0.356564111 0.933565209
1317401158.573456049 369.914838422 161.908319286 -2.342315793 -0.030710498 0.019276214 0.376837563 0.925569416
1317401158.677182913 370.263902219 162.266001913 -2.365303244 -0.030930403 0.019714400 0.397106263 0.917039404
1317401158.780909061 370.603625537 162.641072944 -2.397692863 -0.032748343 0.020665110 0.417562505 0.907822699
1317401158.884634972 370.931354721 163.032484575 -2.435850906 -0.033458913 0.022070889 0.438069805 0.898046894
1317401158.988365173 371.248746054 163.453141955 -2.478776816 -0.032976860 0.023954163 0.458978092 0.887512161
1317401159.092068911 371.556143232 163.902417725 -2.500385408 -0.031616461 0.026083274 0.480301840 0.876145082
1317401159.195746899 371.834794296 164.355337515 -2.515128832 -0.029620451 0.026286238 0.502165287 0.863864392
1317401159.299424887 372.097213012 164.840290079 -2.558571909 -0.027478607 0.025702180 0.524245249 0.850735707
1317401159.403103113 372.346825588 165.348001711 -2.612515159 -0.024643713 0.024678225 0.546593461 0.836671537
1317401159.506782055 372.568028232 165.874196024 -2.635120036 -0.021986921 0.024039250 0.568859595 0.821789177
1317401159.610510111 372.777292205 166.420926373 -2.688842985 -0.021884198 0.023000696 0.590696857 0.806268735
1317401159.714282990 372.945924167 167.000446312 -2.725886339 -0.022792561 0.023355726 0.611816092 0.790326564
1317401159.818056107 373.090552512 167.591454118 -2.781704813 -0.023760154 0.024213285 0.631938944 0.774275366
1317401159.921855927 373.208115362 168.202233793 -2.803568525 -0.024412694 0.025566606 0.651013801 0.758242310
1317401160.025725842 373.296633978 168.835766027 -2.852405314 -0.025418523 0.026502585 0.668539323 0.742769605
1317401160.129668951 373.350520846 169.490634643 -2.875529603 -0.025969038 0.027054154 0.684859070 0.727709925
1317401160.233661890 373.393019949 170.143816725 -2.935590175 -0.025841978 0.025940675 0.700182079 0.713024775
1317401160.337702990 373.379185419 170.844110854 -2.981331122 -0.024919337 0.024537874 0.713415202 0.699868323
1317401160.441787958 373.344392792 171.534703007 -3.041637053 -0.024286834 0.024457899 0.724882424 0.688009761
1317401160.545945883 373.338803506 172.239855116 -3.083694363 -0.024520320 0.024989289 0.734782815 0.677398335
1317401160.650177002 373.287564168 172.976306949 -3.142720260 -0.025483751 0.026529606 0.742446039 0.668895087
1317401160.754456043 373.208403362 173.711839254 -3.183743445 -0.026409342 0.028387579 0.748045884 0.662513432
1317401160.858758926 373.092731091 174.462811622 -3.225302191 -0.026397569 0.029748951 0.752139095 0.657803124
1317401160.963094950 372.988460248 175.213640961 -3.279846363 -0.026683791 0.030095243 0.755089515 0.654386794
1317401161.067445993 372.867720324 175.990342304 -3.331766347 -0.026492719 0.029928784 0.757134548 0.652035030
1317401161.171761990 372.739384899 176.783690611 -3.391292046 -0.026279450 0.029850953 0.758331746 0.650654497
1317401161.276066065 372.619385923 177.581928617 -3.454149173 -0.026354943 0.029866038 0.758489015 0.650467410
1317401161.380369902 372.494606209 178.411688881 -3.515401951 -0.026412372 0.030046620 0.758481131 0.650465957
1317401161.484622955 372.358613989 179.210153721 -3.573517259 -0.026115020 0.030516689 0.758044786 0.650964545
1317401161.588829041 372.233801025 180.060502750 -3.635084656 -0.025356751 0.031244427 0.757820331 0.651221289
1317401161.693037033 372.103452745 180.909274866 -3.697105111 -0.024742745 0.031754548 0.757696143 0.651364722
1317401161.797219038 371.969526994 181.779319325 -3.765631972 -0.024608456 0.032200397 0.757558142 0.651508419
1317401161.901352882 371.836544614 182.656238808 -3.830075223 -0.024489664 0.033009787 0.757338624 0.651727564
1317401162.005464077 371.695501859 183.547633234 -3.896764751 -0.023854672 0.034200547 0.757214588 0.651833833
1317401162.109575987 371.559861166 184.449418056 -3.964550380 -0.023099070 0.035151762 0.757143417 0.651893114
1317401162.213660002 371.415945742 185.366167535 -4.034953812 -0.022754491 0.035456158 0.757052302 0.651994560
1317401162.317723989 371.278264985 186.297079554 -4.107753044 -0.021769931 0.036538474 0.756886471 0.652160931
1317401162.421761990 371.135220243 187.227966402 -4.182441162 -0.021520393 0.037237869 0.756919751 0.652091024
1317401162.525778294 370.991814843 188.187515301 -4.250585007 -0.020450197 0.038322356 0.756917342 0.652065429
1317401162.629768848 370.838838756 189.149082958 -4.315505635 -0.018972474 0.039321895 0.757201539 0.651720541
1317401162.733736038 370.687124514 190.124511012 -4.385061332 -0.017465418 0.039708126 0.757636292 0.651233808
1317401162.837680101 370.527326970 191.110557043 -4.460315940 -0.017280021 0.039432365 0.758428392 0.650332887
1317401162.941597939 370.372963489 192.114516545 -4.544669615 -0.017159608 0.040339424 0.759383050 0.649165358
1317401163.045492887 370.214387744 193.126356706 -4.618178046 -0.017571550 0.042715040 0.761112657 0.646973098
1317401163.149363041 370.037437809 194.149172980 -4.691474304 -0.017317094 0.044539424 0.762786313 0.644882469
1317401163.253210068 369.850779218 195.174895419 -4.764795820 -0.016894940 0.044731706 0.765093021 0.642141966
1317401163.357057095 369.654994351 196.232315756 -4.848461828 -0.016888987 0.044521267 0.767428275 0.639364108
1317401163.460926056 369.454586339 197.285720273 -4.940026508 -0.018019716 0.044691224 0.769650358 0.636644572
1317401163.564798117 369.234084055 198.327692920 -5.026345747 -0.019654709 0.045967775 0.771906027 0.633767893
1317401163.668669939 369.014759763 199.369956645 -5.101245797 -0.019680155 0.046132656 0.774243080 0.630897870
1317401163.772515059 368.781209316 200.427653111 -5.174628446 -0.017222748 0.044569251 0.776792494 0.627941383
1317401163.876362085 368.555666861 201.475539996 -5.254926558 -0.015167832 0.042766988 0.779089043 0.625268890
1317401163.980232954 368.314402901 202.505110931 -5.338607148 -0.015100791 0.042421846 0.781418372 0.622380656
1317401164.084103823 368.062405858 203.560230455 -5.415776991 -0.015659858 0.042982170 0.783647516 0.619519065
1317401164.187973976 367.809881892 204.599923105 -5.479989576 -0.015897294 0.043197898 0.785729415 0.616855335
1317401164.291845083 367.548361195 205.641105486 -5.558788384 -0.015836505 0.043192636 0.787808687 0.614199539
1317401164.395716906 367.285357086 206.669434324 -5.632280379 -0.015948132 0.042919774 0.789887875 0.611539610
1317401164.499587059 367.003636787 207.697577764 -5.699622434 -0.016415139 0.042516072 0.791622581 0.609308310
1317401164.603458166 366.723009066 208.727749181 -5.761852556 -0.017043855 0.042648842 0.793344272 0.607038260
1317401164.707329035 366.444431607 209.748176262 -5.828764065 -0.018672818 0.042712211 0.794683797 0.605231077
1317401164.811248779 366.168860403 210.743141288 -5.901200136 -0.019365899 0.042605377 0.795521505 0.604115286
1317401164.915215015 365.877530836 211.729083345 -5.957863015 -0.020120596 0.040854250 0.795989216 0.603595278
1317401165.019181967 365.597140329 212.707875189 -6.033110705 -0.020397606 0.039508713 0.796122036 0.603500376
1317401165.123147011 365.325535924 213.661927020 -6.107183562 -0.021590273 0.038777838 0.796289475 0.603285348
1317401165.227113962 365.053749290 214.602402551 -6.181766032 -0.023619453 0.039746593 0.796424003 0.602968604
1317401165.331083059 364.779495606 215.543218676 -6.234960357 -0.024513202 0.040168795 0.796464471 0.602851488
1317401165.435048103 364.514446042 216.444055222 -6.295212140 -0.023889034 0.039778565 0.796734800 0.602545134
1317401165.539015055 364.260294530 217.344070607 -6.361379469 -0.024177311 0.038306262 0.796761463 0.602593776
1317401165.643007040 364.033371394 218.144532148 -6.417191929 -0.025479168 0.037000385 0.796415244 0.603079217
1317401165.747021914 363.786158551 218.979205821 -6.474608547 -0.026849384 0.036159803 0.795578231 0.604174526
1317401165.851036072 363.556740154 219.803213346 -6.525251761 -0.027174095 0.035359015 0.794379032 0.605783181
1317401165.955049992 363.322790466 220.628613770 -6.582054805 -0.026919615 0.034369773 0.793282266 0.607286835
1317401166.059063911 363.087028849 221.438309501 -6.638244088 -0.025896093 0.033929553 0.791812116 0.609271491
1317401166.163079977 362.865898856 222.262118229 -6.700405364 -0.025692206 0.034032955 0.790862533 0.610506448
1317401166.267095089 362.652274081 223.037380495 -6.757584931 -0.026056830 0.033764026 0.789960110 0.611673161
1317401166.371085882 362.434095255 223.882405162 -6.821023306 -0.026288488 0.033782426 0.789234293 0.612598477
1317401166.475075722 362.222290643 224.681394889 -6.867319593 -0.025957223 0.033504726 0.788460209 0.613623790
1317401166.579067945 362.006804980 225.494747723 -6.923269514 -0.025798750 0.032400904 0.787496382 0.614926057
1317401166.683058023 361.796423005 226.289387870 -6.974076639 -0.025708007 0.031158998 0.786235924 0.616604644
1317401166.787096024 361.590922606 227.115297462 -7.045657551 -0.027069779 0.030803495 0.784950902 0.618199363
1317401166.891134977 361.399920355 227.899428682 -7.110166355 -0.028588142 0.032174503 0.783293132 0.620160777
1317401166.995173931 361.197406834 228.717112953 -7.170822372 -0.030749240 0.033845262 0.781677889 0.622003746
1317401167.099210978 361.018119679 229.491272533 -7.210499947 -0.030586240 0.035127676 0.780360836 0.623592410
1317401167.203226089 360.829608587 230.316579002 -7.273068036 -0.030457638 0.035135900 0.779219974 0.625023226
1317401167.307265997 360.648704134 231.090357945 -7.335557941 -0.029557757 0.034947680 0.778114937 0.626452028
1317401167.411303997 360.468283755 231.899108268 -7.403005277 -0.029293978 0.034377871 0.777004577 0.627872528
1317401167.515317917 360.297427964 232.669856612 -7.463997286 -0.028668119 0.034437949 0.776010787 0.629125922
1317401167.619307041 360.110902753 233.519557585 -7.531093008 -0.028445704 0.034192862 0.775334285 0.629982886
1317401167.723248959 359.939950977 234.298645264 -7.595837581 -0.027852657 0.034684222 0.774737920 0.630715775
1317401167.827193022 359.765775355 235.128378019 -7.665719356 -0.027755674 0.034894472 0.774184543 0.631387592
1317401167.931137085 359.588314633 235.959691680 -7.730951355 -0.027982341 0.035291990 0.774072378 0.631493007
1317401168.035080910 359.413572804 236.793624601 -7.801571635 -0.028016560 0.035527276 0.773950562 0.631627590
1317401168.139023066 359.242128561 237.598480766 -7.861756794 -0.028017670 0.035953690 0.774126771 0.631387429
1317401168.242940903 359.062171436 238.441372963 -7.933528162 -0.028196828 0.036773067 0.774571889 0.630786073
1317401168.346882105 358.893029941 239.245799454 -7.996049389 -0.028665011 0.037474952 0.775078302 0.630101238
1317401168.450824976 358.715754796 240.061241115 -8.061003810 -0.029083744 0.037630208 0.775687177 0.629323054
1317401168.554769039 358.534910229 240.877026421 -8.127682195 -0.028959536 0.037359882 0.776334417 0.628546304
1317401168.658710957 358.352287954 241.706889839 -8.189298147 -0.028750078 0.037072839 0.777028604 0.627714574
1317401168.762653112 358.177893243 242.494190837 -8.257528446 -0.028392037 0.036178452 0.777835543 0.626782961
1317401168.866642952 357.988625834 243.320486566 -8.323004917 -0.028048073 0.035531718 0.778599083 0.625886788
1317401168.970633984 357.808176888 244.139550099 -8.388752694 -0.027314392 0.034935483 0.779258791 0.625131324
1317401169.074626923 357.617224320 244.963209430 -8.449842573 -0.027038526 0.033748201 0.779587590 0.624798501
1317401169.178641081 357.430381985 245.772723554 -8.516989664 -0.026836033 0.033191552 0.779787484 0.624587567
1317401169.282632113 357.231087974 246.628437792 -8.587783584 -0.027484806 0.034024695 0.779885619 0.624391965
1317401169.386624098 357.046457212 247.441050815 -8.663890756 -0.029717234 0.034796194 0.779852403 0.624288667
1317401169.490612984 356.847754161 248.305944211 -8.721914839 -0.030043907 0.036003667 0.779825069 0.624238706
1317401169.594580889 356.644092639 249.137300202 -8.795223014 -0.029579660 0.035167341 0.780068436 0.624004437
1317401169.698548079 356.447195661 250.012816582 -8.864473053 -0.028858649 0.034642832 0.780229515 0.623866137
1317401169.802515030 356.253197157 250.865306034 -8.936523143 -0.028528777 0.033582586 0.780370810 0.623762549
1317401169.906481981 356.045987543 251.749526637 -9.010589410 -0.028737122 0.032995221 0.780522834 0.623594098
1317401170.010425091 355.835446771 252.631553596 -9.084474203 -0.029184525 0.033120230 0.780622350 0.623442106
1317401170.114368916 355.627161733 253.533959255 -9.159640405 -0.029923519 0.033046734 0.780754409 0.623245577
1317401170.218337059 355.416057835 254.434817735 -9.227515084 -0.029890643 0.032976521 0.780780509 0.623218176
1317401170.322326899 355.207407972 255.340199555 -9.298539453 -0.029729643 0.032431941 0.780475521 0.623636335
1317401170.426315069 354.990763607 256.257180524 -9.375124454 -0.029507707 0.031850914 0.780379418 0.623797065
1317401170.530257940 354.775664157 257.173939173 -9.453715353 -0.029196710 0.031479198 0.780388505 0.623819200
1317401170.634202003 354.559688308 258.109578952 -9.526825541 -0.028103737 0.031306705 0.780543753 0.623683830
1317401170.738168001 354.350815025 259.029229733 -9.590071754 -0.027313458 0.031021551 0.780593633 0.623670761
1317401170.842112064 354.131144198 259.970742078 -9.659891348 -0.026825464 0.030906486 0.780494045 0.623822274
1317401170.946028948 353.913489531 260.905229572 -9.732713787 -0.026714919 0.031064969 0.780233884 0.624144509
1317401171.049947023 353.705642954 261.822012668 -9.799960796 -0.026533456 0.031846031 0.780015902 0.624385297
1317401171.153867960 353.490936954 262.762255780 -9.863595895 -0.026167063 0.032400361 0.779750687 0.624703423
1317401171.257786989 353.279527913 263.700627965 -9.933160702 -0.026004247 0.032484034 0.779552299 0.624953423
1317401171.361704111 353.067431792 264.626637559 -10.001410987 -0.025876558 0.032740852 0.779252647 0.625318921
1317401171.465600014 352.854120197 265.557957495 -10.062088520 -0.025960754 0.033625845 0.778972939 0.625616897
1317401171.569494009 352.639118744 266.477060388 -10.122644709 -0.026239140 0.034222949 0.778560571 0.626086044
1317401171.673388958 352.430276901 267.397008014 -10.182877320 -0.026484101 0.034856372 0.778148823 0.626552500
1317401171.777283907 352.220652994 268.321909792 -10.250738612 -0.026174716 0.035622087 0.777625199 0.627172225
1317401171.881203890 352.017866393 269.229705354 -10.310388848 -0.025887707 0.035834877 0.777204101 0.627693774
1317401171.985121965 351.809108479 270.142960322 -10.385823247 -0.025168382 0.035385361 0.776992978 0.628009825
1317401172.089063883 351.610535743 271.045117467 -10.443287912 -0.024466938 0.034374781 0.776967903 0.628124686
1317401172.193006039 351.409826995 271.949298974 -10.520695035 -0.025219064 0.034583662 0.776876422 0.628196620
1317401172.296924114 351.211474925 272.859157348 -10.585946920 -0.026284001 0.035170899 0.776676692 0.628367309
1317401172.400844097 351.008345796 273.763683536 -10.646880811 -0.026488895 0.035622728 0.776501379 0.628549893
1317401172.504786968 350.815319196 274.649491600 -10.705428706 -0.026077472 0.035546749 0.776381108 0.628719945
1317401172.608728886 350.620500619 275.551118307 -10.784222590 -0.026259291 0.035546688 0.776280626 0.628836443
1317401172.712647915 350.435223221 276.435009757 -10.848516883 -0.026728001 0.036263856 0.776128954 0.628962951
1317401172.816589117 350.236260901 277.326280288 -10.910312271 -0.027155453 0.036120062 0.776028630 0.629076695
1317401172.920531988 350.045648617 278.218370583 -10.977918793 -0.027087250 0.035323409 0.776003057 0.629156413
1317401173.024476051 349.854936086 279.093570093 -11.052543610 -0.027299910 0.034949391 0.775904156 0.629290073
1317401173.128443956 349.671075395 279.928895455 -11.110619754 -0.027788277 0.035609952 0.775720421 0.629458158
1317401173.232410908 349.478515996 280.816692774 -11.175567571 -0.028493940 0.036603927 0.775536404 0.629596326
1317401173.336376905 349.300773853 281.652522493 -11.232643869 -0.028742211 0.037094445 0.775511768 0.629586678
1317401173.440342903 349.109016917 282.515475788 -11.299437007 -0.028353529 0.037125289 0.775466737 0.629657947
1317401173.544308901 348.932905068 283.324109441 -11.358106070 -0.027734470 0.036242295 0.775434539 0.629776604
1317401173.648277044 348.750418837 284.174045254 -11.420841263 -0.026553670 0.035931651 0.775428383 0.629852873
1317401173.752243996 348.575892071 284.996086060 -11.480012309 -0.026386365 0.035052344 0.775499043 0.629822456
1317401173.856209993 348.394063992 285.831111662 -11.555944794 -0.026891670 0.035566606 0.775610250 0.629635287
1317401173.960175991 348.219006003 286.632048120 -11.620911215 -0.027613732 0.037517614 0.775687394 0.629395723
1317401174.064143896 348.035522606 287.490999069 -11.684927727 -0.028373402 0.038578278 0.775869037 0.629073846
1317401174.168112040 347.861797652 288.306403330 -11.742528165 -0.028730572 0.039499516 0.776198105 0.628594340
1317401174.272078991 347.679248745 289.133952040 -11.807007347 -0.028978916 0.039761119 0.776485493 0.628211394
1317401174.376023054 347.506421233 289.920046280 -11.872616820 -0.028626194 0.040343583 0.776881743 0.627700321
1317401174.479963064 347.320133725 290.747304479 -11.942028049 -0.028361407 0.040237962 0.777719052 0.626681429
1317401174.583928108 347.133036003 291.536666134 -12.001829085 -0.027233597 0.040062050 0.778782770 0.625420467
1317401174.687870979 346.937285784 292.360241821 -12.063160577 -0.026056908 0.038979367 0.779973865 0.624053217
1317401174.791815281 346.757157937 293.157851084 -12.141257862 -0.026162392 0.037931450 0.780978468 0.622855815
1317401174.895781994 346.561237530 294.004736808 -12.218900530 -0.027224954 0.037583944 0.781809616 0.621787724
1317401174.999749899 346.368130815 294.810949516 -12.292163795 -0.028462728 0.037954002 0.782357116 0.621020700
1317401175.103717089 346.169479941 295.642224495 -12.356047455 -0.028201347 0.038784322 0.782841889 0.620370081
1317401175.207681894 345.970242746 296.454854218 -12.412863950 -0.027450347 0.038300092 0.783425579 0.619696655
1317401175.311650038 345.767641562 297.304683498 -12.484109757 -0.026859601 0.037884984 0.783868725 0.619187461
1317401175.415616989 345.565677395 298.128817033 -12.559598069 -0.026710418 0.037816401 0.784232620 0.618737158
1317401175.519608021 345.357191692 298.981963331 -12.638191203 -0.026985675 0.038126289 0.784364335 0.618539206
1317401175.623599052 345.147973728 299.834097271 -12.703780228 -0.027755267 0.037884216 0.784537215 0.618300727
1317401175.727564096 344.936806945 300.689529383 -12.775931791 -0.028197863 0.037607107 0.784628700 0.618181519
1317401175.831506968 344.723957356 301.538517150 -12.846995768 -0.028605877 0.037392167 0.784781056 0.617982381
1317401175.935427189 344.512737842 302.401244429 -12.913846563 -0.029114517 0.036743469 0.784983123 0.617740851
1317401176.039370060 344.301333836 303.240721484 -12.981971188 -0.029124552 0.035782269 0.785088013 0.617663502
1317401176.143312931 344.085480721 304.108659638 -13.053028154 -0.029181562 0.035120833 0.785339029 0.617379602
1317401176.247231007 343.867545448 304.970206310 -13.130776250 -0.029854693 0.034869702 0.785468853 0.617196470
1317401176.351147890 343.650481692 305.837041996 -13.204236187 -0.031054296 0.034448609 0.785570785 0.617031171
1317401176.455066919 343.443016123 306.667759189 -13.268467217 -0.032685313 0.034398131 0.785763335 0.616704484
1317401176.558986902 343.227372849 307.538532547 -13.347273799 -0.032820591 0.036188009 0.785840315 0.616496745
1317401176.662906885 343.011715141 308.396192836 -13.410607154 -0.032899011 0.037875413 0.785866908 0.616357292
1317401176.766824961 342.792425025 309.252692681 -13.473308377 -0.032583320 0.037950415 0.786051523 0.616133992
1317401176.870742083 342.587726260 310.077449133 -13.534066135 -0.031846062 0.036690486 0.786286538 0.615948957
1317401176.974690914 342.367320844 310.941025209 -13.615617706 -0.031739444 0.035308183 0.786290282 0.616030464
1317401177.078681946 342.153584163 311.783928735 -13.695971117 -0.032427018 0.034921007 0.785805246 0.616635328
1317401177.182667971 341.935520452 312.629234961 -13.770166709 -0.033435052 0.034709339 0.784767273 0.617913979
1317401177.286634922 341.717556479 313.463594171 -13.835476298 -0.033612076 0.033836454 0.783559321 0.619483747
1317401177.390601873 341.508651317 314.300646958 -13.898221886 -0.033255708 0.032651105 0.782178817 0.621308507
1317401177.494568110 341.318010286 315.105350290 -13.971208374 -0.033136130 0.032009025 0.780934658 0.622911293
1317401177.598510027 341.120634919 315.919508124 -14.037967996 -0.032969544 0.032018690 0.779655696 0.624519662
1317401177.702452898 340.932606482 316.730956494 -14.099845287 -0.032623081 0.031984509 0.778276582 0.626257366
1317401177.806396961 340.755378798 317.519884748 -14.163970498 -0.032398350 0.031939040 0.776856481 0.628032047
1317401177.910341024 340.588799074 318.287360553 -14.230519485 -0.032775651 0.031832124 0.775433177 0.629774452
1317401178.014306068 340.422074676 319.049694111 -14.303279922 -0.032552209 0.034423886 0.773620184 0.631875906
1317401178.118271351 340.269618971 319.810028921 -14.348142903 -0.033741554 0.035064637 0.771729125 0.634086852
1317401178.222285986 340.134577361 320.528782188 -14.394177582 -0.034421162 0.033310385 0.769022091 0.637424995
1317401178.326350927 339.989101786 321.258397594 -14.451295264 -0.034465329 0.031008899 0.765569789 0.641680207
1317401178.430437088 339.867962396 321.948162842 -14.501766345 -0.033081205 0.030638271 0.761098795 0.647066885
1317401178.534570932 339.767160240 322.603988550 -14.557442269 -0.032649654 0.030265339 0.755600092 0.653518562
1317401178.638705015 339.675094913 323.280880223 -14.611898796 -0.032789336 0.030532020 0.749237112 0.660784689
1317401178.742816925 339.575304288 323.908130065 -14.654855308 -0.033113043 0.030710610 0.743179266 0.667566449
1317401178.846926928 339.495230332 324.512807810 -14.709210049 -0.032959327 0.032137928 0.736643065 0.674713148
1317401178.951014042 339.460443027 325.109385867 -14.750542574 -0.032801621 0.034621159 0.729914822 0.681872262
1317401179.055104971 339.409284089 325.685030969 -14.795842742 -0.032106563 0.036833653 0.722746296 0.689383958
1317401179.159224033 339.383117559 326.241285543 -14.827318748 -0.031613147 0.038123847 0.715230295 0.697131843
1317401179.263354063 339.290383283 326.775735417 -14.866350233 -0.031092459 0.038028691 0.706766791 0.705739174
1317401179.367505074 339.357703337 327.324032991 -14.903272969 -0.030198801 0.036768969 0.697930201 0.714583452
1317401179.471664906 339.366626642 327.808154507 -14.944599942 -0.029433018 0.035475819 0.687902344 0.724337994
1317401179.575870991 339.397640493 328.296747854 -14.983062844 -0.027576483 0.034373448 0.676593556 0.735036845
1317401179.680124998 339.454215480 328.775576591 -15.020877066 -0.025675481 0.034062473 0.663246793 0.747184187
1317401179.784378767 339.501443376 329.245151504 -15.056916743 -0.023804797 0.035095364 0.648152605 0.760328776
1317401179.888609886 339.594767541 329.729415955 -15.091881776 -0.023548937 0.035471874 0.632551618 0.773347040
1317401179.992818117 339.673172327 330.201981231 -15.120891099 -0.023921212 0.034176615 0.616381710 0.786341734
1317401180.097047091 339.792149976 330.644987128 -15.157191779 -0.023485309 0.032356349 0.599373357 0.799470503
1317401180.201253891 339.927851828 331.101819022 -15.200273232 -0.022336745 0.031042563 0.581862019 0.812387851
1317401180.305389881 340.089490978 331.550987110 -15.227790548 -0.020286772 0.031504957 0.564162446 0.824813082
1317401180.409499884 340.262823493 331.974837604 -15.250524809 -0.018678513 0.031353477 0.546801244 0.836466659
1317401180.513607979 340.443697211 332.401415047 -15.268849706 -0.020529093 0.030015963 0.529266960 0.847675695
1317401180.617697954 340.638579167 332.835937495 -15.294934530 -0.024382133 0.026789585 0.511645623 0.858432633
1317401180.721736908 340.856413598 333.248199214 -15.358072851 -0.025884826 0.023025961 0.494375611 0.868557734
1317401180.825774908 341.112927835 333.678481377 -15.402909093 -0.022935931 0.021923534 0.476957230 0.878353632
1317401180.929837942 341.400086245 334.080964314 -15.417379526 -0.018426006 0.022751102 0.459066163 0.887919550
1317401181.033900976 341.723047613 334.496011298 -15.426187372 -0.016594975 0.023146473 0.440193718 0.897451023
1317401181.137989044 342.044010936 334.923733763 -15.438063540 -0.020355963 0.020941454 0.419924566 0.907088997
1317401181.242124081 342.400871116 335.347761344 -15.505471141 -0.026353327 0.017682247 0.398552334 0.916596355
1317401181.346260071 342.797094976 335.787171132 -15.560755658 -0.029527286 0.016594473 0.376082117 0.925967064
1317401181.450345993 343.234991386 336.197145149 -15.571748486 -0.029931738 0.016080168 0.353413376 0.934849991
1317401181.554430962 343.698067601 336.605837589 -15.604455356 -0.029813310 0.014784965 0.330146058 0.943343072
1317401181.658516884 344.200583615 336.993670412 -15.626383725 -0.029979958 0.013084737 0.306479480 0.951315048
1317401181.762557030 344.729348057 337.390378306 -15.674642958 -0.030389352 0.011699046 0.282891113 0.958599102
1317401181.866547108 345.296747125 337.764275946 -15.691551798 -0.030307777 0.011108472 0.260742138 0.964868684
1317401181.970489025 345.883424269 338.121819892 -15.712696187 -0.030558250 0.010279905 0.239900602 0.970261933
1317401182.074359894 346.500571365 338.461383010 -15.740326839 -0.031074754 0.009528350 0.220773771 0.974783316
1317401182.178138018 347.165117011 338.789563943 -15.765234948 -0.031400901 0.009301761 0.203554844 0.978515654
1317401182.281863928 347.840125377 339.094075647 -15.788478967 -0.031764234 0.009626930 0.188067407 0.981595134
1317401182.385565042 348.533844114 339.385015905 -15.805938526 -0.032302092 0.010274984 0.173607969 0.984231311
1317401182.489268064 349.260585940 339.647940476 -15.826073802 -0.032762876 0.010777142 0.160702526 0.986400094
1317401182.592947006 350.014407623 339.912091657 -15.845163299 -0.033498942 0.011184722 0.149186780 0.988178135
1317401182.696602106 350.781818869 340.155580649 -15.860399098 -0.033527214 0.010914019 0.139194304 0.989637184
1317401182.800256968 351.579734761 340.392994995 -15.884119653 -0.033669086 0.010126987 0.131138875 0.990740346
1317401182.903912306 352.389070120 340.615873930 -15.900801709 -0.033195831 0.009370453 0.124027294 0.991679112
1317401183.007587910 353.226712123 340.821701524 -15.923267714 -0.032235911 0.008937440 0.118217078 0.992424149
1317401183.111242056 354.077530125 341.027846498 -15.940530423 -0.031626374 0.008809397 0.113940546 0.992944973
1317401183.214898109 354.951031503 341.241244930 -15.963323135 -0.030706683 0.008777021 0.110798909 0.993329585
1317401183.318552971 355.843299171 341.438024262 -15.978652522 -0.029641883 0.008113670 0.109332663 0.993530018
1317401183.422183990 356.738983213 341.649715869 -15.988558485 -0.027832186 0.006698711 0.108544083 0.993679364
1317401183.525863886 357.660886199 341.850768399 -16.001925697 -0.027224915 0.005569998 0.108338885 0.993725548
1317401183.629589081 358.586266656 342.063144765 -16.018159610 -0.026769508 0.004430247 0.107943758 0.993786653
1317401183.733314991 359.523497266 342.271844772 -16.027410257 -0.026674396 0.003639616 0.107608564 0.993828771
1317401183.837042093 360.459563453 342.483721973 -16.041087018 -0.025933288 0.003803442 0.107463615 0.993863456
1317401183.940769911 361.414303295 342.691518582 -16.045317429 -0.025635414 0.004465365 0.107464305 0.993868356
1317401184.044519901 362.365114482 342.907205664 -16.057751949 -0.024508916 0.006312141 0.107299243 0.993904594
1317401184.148271084 363.329357693 343.120292387 -16.056457880 -0.023553252 0.007803345 0.107266119 0.993920687
1317401184.252023697 364.289909960 343.331775283 -16.070884933 -0.022474786 0.009205642 0.107343835 0.993925269
1317401184.355798960 365.253528575 343.545539480 -16.075429324 -0.021651543 0.009657491 0.107459969 0.993926707
1317401184.459597111 366.222935137 343.761274793 -16.078503978 -0.020718194 0.009008519 0.107623105 0.993935043
1317401184.563419104 367.184903775 343.981329020 -16.085906051 -0.020871379 0.007846908 0.107755373 0.993927357
1317401184.667242050 368.150474983 344.191600002 -16.096196678 -0.021481487 0.007393871 0.107584900 0.993936299
1317401184.771065950 369.115734185 344.409131071 -16.114011406 -0.022031361 0.007543634 0.107414670 0.993941548
1317401184.874890089 370.071688868 344.625745665 -16.118497047 -0.022470819 0.007540256 0.107217090 0.993953069
1317401184.978712082 371.031166639 344.839756927 -16.128013908 -0.022404737 0.007403688 0.106990212 0.993980034
1317401185.082535982 371.983990039 345.049769785 -16.134741287 -0.022378813 0.007795281 0.106685350 0.994010392
1317401185.186357975 372.936789560 345.262639992 -16.138167582 -0.022732750 0.008695555 0.106531617 0.994011380
1317401185.290182114 373.882290130 345.471727664 -16.151615045 -0.022776272 0.010137838 0.106260427 0.994025748
1317401185.394005060 374.830699182 345.677398741 -16.154910838 -0.022633190 0.011479870 0.106088126 0.994032827
1317401185.497826099 375.773584414 345.887174461 -16.164624209 -0.022655734 0.012141980 0.106153947 0.994017419
1317401185.601624012 376.714612741 346.096495475 -16.175010509 -0.023284914 0.012218991 0.106245215 0.993992185
1317401185.705423117 377.633768334 346.296402551 -16.196557249 -0.023721657 0.012470633 0.106405452 0.993961592
1317401185.809245110 378.537652389 346.493508836 -16.204291064 -0.024525938 0.013366526 0.106295466 0.993942196
1317401185.913042068 379.443443359 346.697927395 -16.224212423 -0.024987737 0.015107282 0.106220985 0.993913721
1317401186.016844988 380.333636401 346.895495002 -16.236038822 -0.026319310 0.016361165 0.106051825 0.993877566
1317401186.120692015 381.200401019 347.083770079 -16.248625642 -0.026585792 0.016348255 0.105744817 0.993903398
1317401186.224560022 382.043700259 347.268441171 -16.258090010 -0.026998807 0.014526954 0.105035046 0.993995810
1317401186.328429937 382.859822368 347.454540739 -16.267362366 -0.027029751 0.010584800 0.103816195 0.994172798
1317401186.432301044 383.672176937 347.634788822 -16.291534332 -0.027901536 0.007783284 0.102257691 0.994336105
1317401186.536195993 384.471206854 347.802258135 -16.309052760 -0.028475370 0.007773617 0.100410514 0.994508146
1317401186.640090942 385.239497724 347.956390649 -16.315056122 -0.029218333 0.009850281 0.098314745 0.994677572
1317401186.744010925 385.975080387 348.107460025 -16.318891922 -0.030141188 0.012109567 0.095094525 0.994938138
1317401186.848023891 386.688590145 348.234717317 -16.316955313 -0.030346131 0.012703995 0.090286752 0.995372304
1317401186.952086926 387.394759390 348.365441832 -16.329060199 -0.031232932 0.012972027 0.083561301 0.995928582
1317401187.056197882 388.095654871 348.469610255 -16.340551700 -0.031401611 0.013769413 0.074963208 0.996596638
1317401187.160353899 388.760572473 348.564197988 -16.348050994 -0.031355623 0.015210173 0.064659021 0.997298695
1317401187.264538050 389.446980534 348.640190903 -16.350953377 -0.031203111 0.015806411 0.052610379 0.998002340
1317401187.368768930 390.111942894 348.704561674 -16.356506592 -0.030884321 0.015027188 0.037095600 0.998721312
1317401187.473071098 390.773564078 348.734628213 -16.361009429 -0.031070204 0.013474367 0.019392529 0.999238217
1317401187.577423096 391.303004851 348.819512250 -16.383011680 -0.031123093 0.010829027 -0.000747421 0.999456616
1317401187.681797981 392.096972326 348.777022729 -16.387458509 -0.031747872 0.008414995 -0.022992108 0.999195989
1317401187.786171913 392.717252399 348.747603388 -16.401557937 -0.031795235 0.006331482 -0.047242891 0.998357193
1317401187.890498161 393.394425574 348.672875777 -16.393440383 -0.031341586 0.004485592 -0.072423387 0.996871324
1317401187.994777918 394.048192681 348.582877873 -16.395637396 -0.030771310 0.002727727 -0.097876835 0.994718961
1317401188.099037886 394.710373102 348.449657241 -16.385253599 -0.030101060 0.001534068 -0.122993723 0.991949654
1317401188.203269005 395.359001117 348.299901443 -16.376046864 -0.029930069 0.001071909 -0.148016746 0.988531277
1317401188.307446003 395.977967632 348.113800874 -16.364633020 -0.029750909 0.000570188 -0.172615232 0.984539761
1317401188.411603928 396.597406543 347.907946152 -16.341236106 -0.029338811 -0.000426246 -0.197422497 0.979879283
1317401188.515769958 397.207639270 347.663209785 -16.338584330 -0.030513393 -0.003837320 -0.222349081 0.974481962
1317401188.619927883 397.804713267 347.371992377 -16.304663597 -0.030964078 -0.008032601 -0.247531241 0.968351686
1317401188.724078894 398.392216186 347.048679631 -16.291229246 -0.032609746 -0.011211838 -0.272980699 0.961401288
1317401188.828213930 398.969966931 346.702364556 -16.275239849 -0.032600237 -0.013513195 -0.298347361 0.953804734
1317401188.932326078 399.527210938 346.314653162 -16.237707918 -0.031853855 -0.013733908 -0.323243989 0.945679668
1317401189.036412954 400.072434580 345.904696113 -16.201958216 -0.030568409 -0.013332368 -0.347484521 0.937092486
1317401189.140474081 400.600479719 345.465446222 -16.159964092 -0.030713615 -0.013564518 -0.371075544 0.927995484
1317401189.244488955 401.113211202 344.980916069 -16.123955708 -0.030059088 -0.014472884 -0.393386410 0.918767718
1317401189.348434925 401.602503961 344.475071374 -16.075166137 -0.030028571 -0.015619575 -0.414001262 0.909646783
1317401189.452353954 402.072950566 343.938056963 -16.042144791 -0.029364586 -0.017443265 -0.433514988 0.900498866
1317401189.556222916 402.530239949 343.379131884 -15.992872777 -0.028707942 -0.018414311 -0.451746062 0.891494399
1317401189.660047054 402.967090240 342.794805669 -15.938687498 -0.028549869 -0.019109670 -0.469013732 0.882522433
1317401189.763869047 403.385789745 342.186176196 -15.897711807 -0.028911858 -0.019819464 -0.485549553 0.873506110
1317401189.867667913 403.794054091 341.528492461 -15.843162357 -0.028283223 -0.021489789 -0.500831395 0.864815681
1317401189.971442938 404.177305178 340.881189495 -15.798205361 -0.027322865 -0.023810380 -0.514721781 0.856590926
1317401190.075193882 404.546513019 340.191329595 -15.737950198 -0.025615594 -0.024947136 -0.527232741 0.848968267
1317401190.178919077 404.914024552 339.474786844 -15.678520588 -0.024814621 -0.024575820 -0.538152289 0.842123731
1317401190.282622099 405.248888302 338.739666490 -15.617001217 -0.022974449 -0.024646810 -0.547718005 0.835984268
1317401190.386327028 405.572017686 337.998458398 -15.550265322 -0.022062794 -0.025423426 -0.556192489 0.830371482
1317401190.490052938 405.888753785 337.213473941 -15.481624650 -0.021951046 -0.027123483 -0.563298498 0.825516366
1317401190.593779087 406.205883546 336.423528317 -15.424990116 -0.021958298 -0.028214480 -0.569896194 0.820938551
1317401190.697481871 406.516159479 335.605308513 -15.362738200 -0.021602708 -0.028644520 -0.575397123 0.817086877
1317401190.801183939 406.819653880 334.777157621 -15.295264260 -0.021260398 -0.028508611 -0.580433570 0.813530654
1317401190.904885054 407.128359129 333.914875076 -15.219016576 -0.020791032 -0.027822009 -0.584454599 0.810682731
1317401191.008563042 407.421002088 333.042402849 -15.157475938 -0.020227081 -0.027353199 -0.587556680 0.808467572
1317401191.112243891 407.721828784 332.191756833 -15.087356986 -0.019371046 -0.026623770 -0.590223632 0.806568039
1317401191.215946913 408.007787670 331.295973888 -15.015221311 -0.018312230 -0.026863290 -0.591876604 0.805372654
1317401191.319672108 408.299294661 330.407149271 -14.943389517 -0.017773340 -0.027614794 -0.593219113 0.804370944
1317401191.423424959 408.583057736 329.493410980 -14.878107649 -0.017455280 -0.028043254 -0.594597185 0.803344930
1317401191.527224064 408.869403877 328.574482585 -14.811464732 -0.017270799 -0.027812440 -0.596028726 0.802295423
1317401191.631021976 409.142297018 327.643278065 -14.737126539 -0.017163049 -0.027027190 -0.597407559 0.801298427
1317401191.734795094 409.441526074 326.725832622 -14.662222545 -0.017207765 -0.026667965 -0.599399534 0.799820549
1317401191.838594913 409.711867108 325.775197755 -14.591306417 -0.017997534 -0.026806391 -0.601060294 0.798551207
1317401191.942395926 409.999623158 324.818875559 -14.517973500 -0.019405255 -0.026813851 -0.602984880 0.797065674
1317401192.046195984 410.278063012 323.868654577 -14.447353103 -0.020721384 -0.026676540 -0.604754507 0.795695276
1317401192.149995089 410.556787570 322.894220344 -14.370154355 -0.022663659 -0.026051773 -0.606626117 0.794237003
1317401192.253793001 410.832500818 321.913909123 -14.297167675 -0.022871468 -0.025789248 -0.608467949 0.792829468
1317401192.357614994 411.101592846 320.931502581 -14.224811620 -0.023219955 -0.025003963 -0.610196642 0.791514809
1317401192.461436987 411.380821270 319.925891594 -14.142070575 -0.023174537 -0.024615673 -0.612120390 0.790041542
1317401192.565258980 411.641175639 318.935194674 -14.061820768 -0.023427585 -0.023962348 -0.613899612 0.788672442
1317401192.669080973 411.906154015 317.929911109 -13.981056962 -0.023151671 -0.023251723 -0.615716421 0.787284349
1317401192.772880077 412.156838083 316.925315603 -13.902644267 -0.022471779 -0.022325413 -0.617404380 0.786007905
1317401192.876681328 412.401514331 315.917021982 -13.816672069 -0.021403039 -0.021654443 -0.618984184 0.784813083
1317401192.980478048 412.649765631 314.909504537 -13.746508613 -0.021068338 -0.021483529 -0.620436512 0.783679219
1317401193.084252119 412.887599017 313.918616100 -13.663865288 -0.021705162 -0.022453560 -0.621496740 0.782794051
1317401193.188052893 413.130309687 312.912971339 -13.592275421 -0.023313517 -0.024011264 -0.622576124 0.781843276
1317401193.291851997 413.363285592 311.911130177 -13.509462738 -0.024927100 -0.024608300 -0.623726546 0.780857392
1317401193.395652056 413.599361585 310.907572964 -13.435602542 -0.026417799 -0.023980828 -0.625026247 0.779787926
1317401193.499473810 413.829034445 309.909812461 -13.354692308 -0.026652961 -0.022708945 -0.626096418 0.778959048
1317401193.603296041 414.059969365 308.898670590 -13.280700193 -0.026043780 -0.021044303 -0.627489100 0.777905064
1317401193.707142115 414.282150441 307.892070644 -13.199383866 -0.026323544 -0.020071202 -0.629098218 0.776620660
1317401193.810987949 414.510231837 306.889986178 -13.096520667 -0.028188700 -0.019609351 -0.630980424 0.775038435
1317401193.914833069 414.729613168 305.889604444 -13.019077320 -0.029952569 -0.019846828 -0.632961283 0.773349184
1317401194.018703938 414.936793222 304.878462884 -12.955957287 -0.030030075 -0.019240884 -0.635095801 0.771609555
1317401194.122575760 415.144199595 303.869519432 -12.870122380 -0.030366326 -0.018430684 -0.637559045 0.769582134
1317401194.226423025 415.346454080 302.853633680 -12.786039306 -0.030133846 -0.018555502 -0.639971455 0.767583338
1317401194.330271959 415.541528322 301.841484480 -12.704989312 -0.029404964 -0.018541115 -0.642457899 0.765532118
1317401194.434118032 415.721553228 300.830907958 -12.626607678 -0.028084726 -0.017905238 -0.644932053 0.763513784
1317401194.537964106 415.887387802 299.828081954 -12.551840644 -0.026330608 -0.017771949 -0.647187316 0.761668849
1317401194.641810894 416.059498278 298.831717339 -12.463114351 -0.024876563 -0.019569866 -0.649037479 0.760097709
1317401194.745659113 416.227306955 297.824724469 -12.370353211 -0.024781356 -0.022489891 -0.650559846 0.758717323
1317401194.849483013 416.380189267 296.821256142 -12.281352270 -0.024969235 -0.023445983 -0.651620425 0.757771499
1317401194.953255892 416.540594599 295.811929832 -12.232168588 -0.023773392 -0.022342083 -0.652242108 0.757308319
1317401195.057028055 416.693725027 294.809356671 -12.152402889 -0.021251423 -0.021012872 -0.652494154 0.757204210
1317401195.160826921 416.853641029 293.801470447 -12.091648617 -0.018146243 -0.021550016 -0.652253496 0.757477186
1317401195.264625072 417.001543849 292.805351202 -11.994738182 -0.018360931 -0.023534988 -0.651604486 0.757971354
1317401195.368424892 417.161275909 291.801960657 -11.928415112 -0.018516711 -0.026650009 -0.650354716 0.758937186
1317401195.472198963 417.316208434 290.794678564 -11.839265326 -0.017977559 -0.029691733 -0.648420291 0.760490851
1317401195.575949907 417.478250704 289.801397859 -11.772272512 -0.016497210 -0.031335546 -0.645958902 0.762550341
1317401195.679749012 417.641932901 288.795730978 -11.682235163 -0.016375426 -0.030802638 -0.643774616 0.764419575
1317401195.783548117 417.820673457 287.785109993 -11.608470342 -0.015212043 -0.029950000 -0.641858538 0.766086945
1317401195.887348890 418.002848543 286.789814466 -11.531506359 -0.014621756 -0.029873496 -0.639391838 0.768161348
1317401195.991146088 418.187342473 285.796571837 -11.441458810 -0.014738378 -0.031082591 -0.636612671 0.770416095
1317401196.094919920 418.385676606 284.812708630 -11.363297577 -0.014960150 -0.032314911 -0.633730397 0.772733928
1317401196.198695898 418.574040239 283.825302056 -11.299565531 -0.014564081 -0.031501834 -0.630766107 0.775196517
1317401196.302470922 418.792029255 282.827130163 -11.220781655 -0.012904617 -0.031093850 -0.628036225 0.777455557
1317401196.406269073 419.006786162 281.846825718 -11.128165607 -0.012902032 -0.031280778 -0.625173114 0.779752286
1317401196.510092020 419.236146971 280.855568355 -11.043935092 -0.013563875 -0.032075316 -0.622305623 0.781999301
1317401196.613914967 419.463584902 279.861739090 -10.976968846 -0.013931204 -0.031932341 -0.619342286 0.784347741
1317401196.717761993 419.699906988 278.876044761 -10.907188186 -0.013113118 -0.031412946 -0.616750566 0.786422287
1317401196.821628809 419.950826061 277.887417799 -10.825112329 -0.012398629 -0.030787388 -0.614340159 0.788342933
1317401196.925498962 420.208441602 276.898886392 -10.751650697 -0.012626321 -0.030126722 -0.612475717 0.789814189
1317401197.029397964 420.459693504 275.913492196 -10.671985420 -0.013234691 -0.029635524 -0.611108877 0.790880850
1317401197.133317232 420.721363456 274.917479823 -10.592033526 -0.014097116 -0.029580607 -0.610054131 0.791681891
1317401197.237236977 420.988550838 273.946754790 -10.512964691 -0.014304882 -0.029985138 -0.609268558 0.792267686
1317401197.341156006 421.253941279 272.954372549 -10.444796199 -0.014378332 -0.029228163 -0.608470376 0.792907800
1317401197.445097923 421.524566819 271.961213997 -10.376502517 -0.013533750 -0.027073357 -0.607741505 0.793557896
1317401197.549038887 421.795139187 270.978703189 -10.296233371 -0.012532605 -0.025203451 -0.607244633 0.794016168
1317401197.652982950 422.059461883 270.001724868 -10.222113314 -0.012420225 -0.024161376 -0.606973587 0.794257534
1317401197.756926060 422.331217117 269.021192148 -10.151176559 -0.012810499 -0.023576103 -0.606806543 0.794396550
1317401197.860843658 422.602051774 268.048983770 -10.083684284 -0.013578818 -0.023409220 -0.606505621 0.794618497
1317401197.964762926 422.875587329 267.071552231 -10.016207161 -0.014259439 -0.023228801 -0.606244714 0.794810945
1317401198.068682909 423.147461256 266.096862587 -9.954388616 -0.014705539 -0.023013925 -0.606088274 0.794928368
1317401198.172627926 423.419338329 265.126717577 -9.880503338 -0.015421287 -0.022358321 -0.606329858 0.794749264
1317401198.276596069 423.692636731 264.153743042 -9.819251522 -0.016076028 -0.021831118 -0.606963146 0.794267400
1317401198.380541086 423.964829688 263.186327782 -9.746507083 -0.016766057 -0.021198544 -0.607913454 0.793543164
1317401198.484470129 424.236797586 262.217500471 -9.687669544 -0.017250132 -0.020366362 -0.608873121 0.792818495
1317401198.588387728 424.502382693 261.238556293 -9.613727356 -0.017677656 -0.019805208 -0.609720518 0.792171789
1317401198.692279100 424.764943191 260.266480970 -9.547739274 -0.017930843 -0.019505130 -0.610244516 0.791769957
1317401198.796173096 425.030944068 259.304148074 -9.479181418 -0.018128751 -0.019537248 -0.610384334 0.791656876
1317401198.900072098 425.286403798 258.345058452 -9.413029580 -0.018455467 -0.019663480 -0.610457465 0.791589809
1317401199.003982067 425.546589508 257.384283649 -9.344580558 -0.018914366 -0.019550346 -0.610493033 0.791554349
1317401199.107862949 425.806117420 256.427434061 -9.280707855 -0.019099482 -0.019421046 -0.610667756 0.791418300
1317401199.211775064 426.061209580 255.490244407 -9.216609314 -0.019641177 -0.018884562 -0.610752311 0.791352774
1317401199.315721035 426.313760472 254.535173296 -9.148396194 -0.020088811 -0.019401133 -0.611115966 0.791048236
1317401199.419641972 426.560194652 253.603306006 -9.068473760 -0.021006901 -0.020541219 -0.611659287 0.790575540
1317401199.523581982 426.813532856 252.666583465 -9.003868099 -0.021636016 -0.020992656 -0.612424576 0.789954005
1317401199.627513885 427.052185487 251.747431791 -8.936601313 -0.022604440 -0.020791655 -0.613342545 0.789219658
1317401199.731446028 427.291818785 250.830989730 -8.867533103 -0.023019771 -0.020421549 -0.614344374 0.788437722
1317401199.835388899 427.523548340 249.954401533 -8.800490492 -0.022533304 -0.020652308 -0.615266878 0.787726096
1317401199.939320087 427.751954969 249.040375590 -8.732681150 -0.022532351 -0.020455715 -0.616426434 0.786824192
1317401200.043250084 427.981569659 248.139038350 -8.666205835 -0.022765613 -0.019763361 -0.617409293 0.786064184
1317401200.147166967 428.209355409 247.251473226 -8.596797073 -0.022512613 -0.019384266 -0.618298908 0.785381368
1317401200.251087904 428.411754292 246.399218916 -8.530453088 -0.022596938 -0.019492276 -0.619388608 0.784517165
1317401200.355017900 428.624520137 245.522757340 -8.461304954 -0.022737470 -0.020022819 -0.620411580 0.783690988
1317401200.458959103 428.836348842 244.652080522 -8.396493795 -0.022866820 -0.020987959 -0.621522663 0.782781063
1317401200.562901974 429.045295184 243.774454606 -8.329817079 -0.023132306 -0.021373190 -0.622545195 0.781949847
1317401200.666807890 429.245738640 242.952607871 -8.263903059 -0.022777729 -0.021533451 -0.623370429 0.781298146
1317401200.770751953 429.439333624 242.107708313 -8.206236952 -0.022362368 -0.020867866 -0.624218242 0.780651038
1317401200.874670029 429.637733812 241.265741182 -8.132838862 -0.020728637 -0.020637476 -0.624883434 0.780169925
1317401200.978564978 429.831413865 240.422606487 -8.056530354 -0.020054362 -0.020185608 -0.625345267 0.779829251
1317401201.082484961 430.013071452 239.651706554 -7.997704100 -0.020457469 -0.020443100 -0.625621253 0.779590675
1317401201.186393023 430.195960358 238.840767402 -7.936001728 -0.020759221 -0.020235509 -0.625861495 0.779395258
1317401201.290321112 430.364791820 238.084934418 -7.881165602 -0.020635022 -0.020486873 -0.626130972 0.779175519
1317401201.394217968 430.550269348 237.274230601 -7.819674719 -0.020747520 -0.020526349 -0.626199862 0.779116129
1317401201.498106003 430.716081024 236.545944504 -7.762151974 -0.020708486 -0.020227056 -0.626256923 0.779079130
1317401201.602036953 430.895498001 235.742017863 -7.706589054 -0.019301444 -0.020341339 -0.626108364 0.779231673
1317401201.705951929 431.055220870 235.040614680 -7.656851211 -0.019084416 -0.019161289 -0.625967186 0.779380339
1317401201.809894085 431.228843475 234.261816334 -7.606716178 -0.018295648 -0.017921732 -0.625836973 0.779533299
1317401201.913846016 431.389701674 233.562853790 -7.547072466 -0.017532696 -0.017501616 -0.625598041 0.779752133
1317401202.017776012 431.550766080 232.830030494 -7.493852388 -0.016713833 -0.017809049 -0.625325832 0.779981467
1317401202.121731997 431.712134143 232.120025471 -7.442671649 -0.016451821 -0.018311879 -0.625069852 0.780180551
1317401202.225687981 431.868025534 231.458890929 -7.401920528 -0.016492584 -0.018795130 -0.624766906 0.780410822
1317401202.329629898 432.038259617 230.708132826 -7.351226049 -0.016810776 -0.019105406 -0.624473936 0.780630953
1317401202.433593035 432.177738876 230.080018626 -7.310447915 -0.016790424 -0.018877394 -0.624262916 0.780805697
1317401202.537584782 432.351767000 229.341367608 -7.263209648 -0.016414416 -0.018967703 -0.624015684 0.781009104
1317401202.641580105 432.495539359 228.703326565 -7.218370025 -0.015683500 -0.019180760 -0.623748593 0.781232244
1317401202.745573044 432.647988096 228.061196358 -7.168591840 -0.015009483 -0.019759590 -0.623463582 0.781458531
1317401202.849554062 432.801606826 227.396642063 -7.132761181 -0.014760784 -0.019907520 -0.623189009 0.781678495
1317401202.953556061 432.942977368 226.775846889 -7.090470054 -0.014995038 -0.019893728 -0.622947882 0.781866564
1317401203.057569027 433.086336098 226.179495665 -7.051185161 -0.015152540 -0.020081339 -0.622679889 0.782072181
1317401203.161576986 433.232223835 225.555589828 -7.011438155 -0.015406885 -0.020005922 -0.622355517 0.782327298
1317401203.265603065 433.378353650 224.938022678 -6.976798641 -0.015233267 -0.019964786 -0.622215892 0.782442802
1317401203.369621992 433.516079922 224.362286144 -6.938447830 -0.015349405 -0.019747486 -0.622011898 0.782608223
1317401203.473625898 433.651998636 223.788679851 -6.897588881 -0.015616510 -0.019707222 -0.621767025 0.782798516
1317401203.577652931 433.787191601 223.218516331 -6.859871765 -0.015427469 -0.019767718 -0.621434865 0.783064454
1317401203.681715012 433.922953244 222.658579164 -6.824788778 -0.015363100 -0.019637976 -0.621289186 0.783184571
1317401203.785784721 434.051247038 222.099065962 -6.788601843 -0.015374823 -0.019431993 -0.621212674 0.783250168
1317401203.889826059 434.181793920 221.545250109 -6.753924749 -0.015295333 -0.019122310 -0.621232120 0.783243923
1317401203.993868113 434.317021342 220.972177247 -6.713188803 -0.015463803 -0.018785307 -0.621216094 0.783261481
1317401204.097943068 434.442768397 220.445843099 -6.680363293 -0.015378025 -0.018860952 -0.621211795 0.783264761
1317401204.201996088 434.576465646 219.908110426 -6.645763780 -0.015546612 -0.018648201 -0.621158813 0.783308545
1317401204.306030989 434.703352072 219.367119800 -6.610452907 -0.015816102 -0.018374689 -0.621094271 0.783360791
1317401204.410068989 434.831166306 218.839158282 -6.575577313 -0.015761403 -0.018685913 -0.621158710 0.783303435
1317401204.514096022 434.964820766 218.307299886 -6.540683971 -0.016286306 -0.018547295 -0.621103764 0.783339562
1317401204.618113041 435.084381828 217.777216031 -6.508159578 -0.016783064 -0.018819582 -0.621076598 0.783344121
1317401204.722162962 435.210740027 217.253818213 -6.474818411 -0.016827012 -0.019498524 -0.620947390 0.783429000
1317401204.826211929 435.333344793 216.727140677 -6.434968765 -0.017534485 -0.020077013 -0.620823289 0.783497223
1317401204.930248976 435.464224581 216.201384363 -6.403631120 -0.017670442 -0.020056825 -0.620741295 0.783559650
1317401205.034312010 435.587062126 215.672166149 -6.380432267 -0.017291684 -0.019268022 -0.620671974 0.783642803
1317401205.138340950 435.712695548 215.156309105 -6.340709454 -0.017049905 -0.018769181 -0.620673338 0.783659126
1317401205.242356062 435.835859882 214.635817648 -6.302228748 -0.016640495 -0.018623626 -0.620505231 0.783804512
1317401205.346379995 435.959609056 214.123260357 -6.267703364 -0.016708771 -0.018458583 -0.620284340 0.783981782
1317401205.450383902 436.087787049 213.614795240 -6.237085084 -0.016706917 -0.018698252 -0.620073216 0.784143138
1317401205.554400921 436.210888086 213.103750171 -6.200274548 -0.016862293 -0.018717282 -0.619913051 0.784265985
1317401205.658401012 436.340054619 212.582535127 -6.172771221 -0.016930061 -0.018968906 -0.619518377 0.784570286
1317401205.762392044 436.460453617 212.068004876 -6.140703565 -0.016868220 -0.018724876 -0.619133874 0.784880939
1317401205.866394997 436.585657506 211.562534941 -6.103215747 -0.016104246 -0.019124379 -0.618628502 0.785285737
1317401205.970409870 436.713898320 211.057530068 -6.066638692 -0.016916792 -0.019403820 -0.618132757 0.785652092
1317401206.074424982 436.847925427 210.559574949 -6.017005437 -0.019165812 -0.020085432 -0.617579995 0.786017937
1317401206.178427935 436.976824419 210.050656022 -5.985927198 -0.021237333 -0.021293658 -0.616974778 0.786408087
1317401206.282453060 437.107688971 209.541204049 -5.953949766 -0.022188795 -0.022520194 -0.616340380 0.786844988
1317401206.386475086 437.229965772 209.050809660 -5.916325767 -0.022579670 -0.024242558 -0.615873006 0.787148587
1317401206.490519047 437.350714848 208.556528341 -5.877211918 -0.023259682 -0.024409829 -0.615564931 0.787364568
1317401206.594558954 437.480334741 208.072705407 -5.839397198 -0.023919315 -0.023754038 -0.615436182 0.787465503
1317401206.698599100 437.611527818 207.573505377 -5.803958317 -0.024749795 -0.022525244 -0.615417181 0.787490796
1317401206.802638054 437.732612593 207.082850653 -5.769739346 -0.024889403 -0.021413152 -0.615324032 0.787590205
1317401206.906636953 437.856907941 206.588137609 -5.725589490 -0.024389462 -0.020885924 -0.615235755 0.787688960
1317401207.010674000 437.988207218 206.091661563 -5.686178842 -0.024291429 -0.021067390 -0.615222234 0.787697718
1317401207.114715099 438.110163331 205.595195079 -5.638096601 -0.025370283 -0.021489720 -0.615349755 0.787552678
1317401207.218742132 438.241255114 205.101472238 -5.600001843 -0.025805342 -0.022223257 -0.615581601 0.787336970
1317401207.322768927 438.362414669 204.618558955 -5.565718125 -0.026150669 -0.022928347 -0.615899819 0.787056445
1317401207.426805973 438.489616368 204.117618184 -5.525929605 -0.026597293 -0.023460908 -0.616445295 0.786598606
1317401207.530855894 438.610967040 203.619960076 -5.484505052 -0.026885923 -0.023938478 -0.617008745 0.786132499
1317401207.634869099 438.739582488 203.122585820 -5.451709066 -0.027183518 -0.023401290 -0.617656574 0.785629551
1317401207.738847971 438.859565175 202.625215159 -5.412020602 -0.026753713 -0.023145324 -0.618263422 0.785174423
1317401207.842839003 438.985544306 202.129492507 -5.367665186 -0.026681935 -0.022874765 -0.618943669 0.784648682
1317401207.946839094 439.110234213 201.603956958 -5.323588750 -0.026558429 -0.022509488 -0.619532668 0.784198473
1317401208.050829172 439.240855873 201.104595112 -5.282436964 -0.026190379 -0.022013881 -0.620025075 0.783835671
1317401208.154845953 439.370327959 200.595559676 -5.238725774 -0.025498824 -0.021724172 -0.620630632 0.783387190
1317401208.258860111 439.497577714 200.080069615 -5.198386052 -0.024555246 -0.021758338 -0.621180022 0.782980839
1317401208.362863064 439.626114183 199.566778990 -5.158737680 -0.023252795 -0.021052306 -0.621782955 0.782561221
1317401208.466877937 439.748979774 199.055755281 -5.120458495 -0.022466315 -0.020005560 -0.622364379 0.782149361
1317401208.570892096 439.875750272 198.521138612 -5.077733624 -0.021385694 -0.019097369 -0.622848402 0.781816993
1317401208.674916029 439.998807713 197.999515732 -5.036300827 -0.020168962 -0.018152744 -0.623338179 0.781481417
1317401208.778930902 440.123204682 197.487961762 -5.004728339 -0.018899234 -0.017258569 -0.623750515 0.781204362
1317401208.882946014 440.243334360 196.977009061 -4.964904865 -0.017711640 -0.016928406 -0.624101105 0.780959370
1317401208.986938000 440.360424253 196.452948608 -4.922891309 -0.016880419 -0.016805455 -0.624649911 0.780541554
1317401209.090923071 440.479583592 195.943891364 -4.891183447 -0.016520767 -0.016862391 -0.625177629 0.780125410
1317401209.194937944 440.599041334 195.415092011 -4.855585011 -0.016620749 -0.016614218 -0.625693933 0.779714576
1317401209.298958063 440.714595318 194.912220923 -4.825806433 -0.016851724 -0.016320347 -0.626459113 0.779101178
1317401209.403002024 440.832445760 194.390989546 -4.793047517 -0.017087698 -0.016194095 -0.627626436 0.778158608
1317401209.507036924 440.943440168 193.888483104 -4.764566454 -0.016837613 -0.016301142 -0.629199842 0.776890164
1317401209.611102104 441.051185669 193.357586515 -4.732969945 -0.016481522 -0.016614117 -0.631532944 0.774995788
1317401209.715213060 441.157401897 192.845886293 -4.699937176 -0.016191068 -0.016999237 -0.634114957 0.772882330
1317401209.819299936 441.262290318 192.329626606 -4.663581542 -0.016316552 -0.017455930 -0.637202460 0.770325961
1317401209.923388004 441.362269571 191.821338726 -4.638339276 -0.016600642 -0.017316551 -0.640545052 0.767545824
1317401210.027523041 441.441888211 191.321697355 -4.609402516 -0.016698330 -0.017490563 -0.644361541 0.764338571
1317401210.131654978 441.526631673 190.825801827 -4.578946678 -0.016936714 -0.018410894 -0.648917370 0.760447522
1317401210.235814095 441.597579051 190.328066175 -4.541856338 -0.017133144 -0.020514221 -0.654103821 0.755932413
1317401210.339999914 441.676123427 189.849767117 -4.507800810 -0.017424486 -0.022296865 -0.660137983 0.750611138
1317401210.444183111 441.735123308 189.378843222 -4.476349049 -0.018622153 -0.024411850 -0.666770776 0.744630116
1317401210.548389912 441.772386927 188.919437111 -4.435395029 -0.019652877 -0.026613665 -0.674073137 0.737923359
1317401210.652596951 441.805373212 188.455103785 -4.404913415 -0.019682409 -0.028189813 -0.681715585 0.730809003
1317401210.756778002 441.856998631 188.026917598 -4.377391766 -0.017836837 -0.028976531 -0.689381292 0.723599089
1317401210.860937119 441.881526338 187.587864646 -4.343318507 -0.016132408 -0.029819677 -0.697071331 0.716199757
1317401210.965073109 441.838142938 187.230654556 -4.306351330 -0.014497208 -0.030232326 -0.704869262 0.708544396
1317401211.069158077 441.908051450 186.773760666 -4.275426276 -0.012667839 -0.030370741 -0.711321358 0.702096197
1317401211.173223019 441.910064312 186.406521197 -4.240674096 -0.011465820 -0.030003387 -0.718100019 0.695198313
1317401211.277309895 441.881425609 186.047910665 -4.214817636 -0.010981706 -0.030077053 -0.724495599 0.688535330
1317401211.381396055 441.872409439 185.695460046 -4.185605142 -0.010598867 -0.030302366 -0.731331975 0.681265714
1317401211.485456944 441.845799300 185.361078116 -4.162330407 -0.010383335 -0.030324411 -0.738340057 0.673666518
1317401211.589543104 441.811926027 185.027435118 -4.145209855 -0.009841586 -0.030029085 -0.745769253 0.665454445
1317401211.693679094 441.770173797 184.696550351 -4.119305596 -0.009144024 -0.029723248 -0.753687657 0.656496634
1317401211.797816038 441.708193450 184.359784691 -4.097947407 -0.008499730 -0.029829094 -0.762240968 0.646549833
1317401211.901949883 441.653740974 184.040218573 -4.075717123 -0.007761990 -0.030120689 -0.771282524 0.635732463
1317401212.006105900 441.596358521 183.718630785 -4.055262186 -0.007342192 -0.030343581 -0.780554206 0.624308009
1317401212.110264063 441.527819936 183.405634178 -4.028157326 -0.007413685 -0.031299629 -0.789927377 0.612356195
1317401212.214422941 441.462973837 183.089057928 -4.007186889 -0.008655607 -0.032890034 -0.799423462 0.599804513
1317401212.318583012 441.372246921 182.787180376 -3.982323016 -0.010273627 -0.034774890 -0.808844902 0.586902959
1317401212.422740936 441.274544583 182.497851292 -3.954606480 -0.012373631 -0.036950787 -0.818621838 0.573009441
1317401212.526922941 441.163182929 182.210471495 -3.946193773 -0.015190605 -0.038781360 -0.828790957 0.558006094
1317401212.631130934 441.050716829 181.909016265 -3.932928569 -0.018099524 -0.040824997 -0.839346570 0.541759230
1317401212.735336304 440.907919583 181.609837196 -3.925004008 -0.020347570 -0.042003200 -0.850001639 0.524708415
1317401212.839565992 440.751216026 181.303133339 -3.906085818 -0.021022838 -0.043102841 -0.860892793 0.506521258
1317401212.943796873 440.589257025 181.000209968 -3.891945378 0.020647507 0.044454472 0.872007740 -0.487031808
1317401213.048003912 440.386543067 180.700716620 -3.861245930 0.019354503 0.046458410 0.882929008 -0.466801228
1317401213.152211905 440.188467382 180.406459677 -3.826681350 0.016572904 0.047871720 0.893848401 -0.445498230
1317401213.256417036 439.954316012 180.102272333 -3.786818835 0.014400563 0.047204792 0.904457577 -0.423698976
1317401213.360625267 439.701592550 179.800362996 -3.757268813 0.012476910 0.045102475 0.914821513 -0.401137998
1317401213.464807987 439.430380099 179.507278652 -3.727289751 0.010175814 0.044013835 0.924745930 -0.377894431
1317401213.568967104 439.141803857 179.202419726 -3.703355261 0.008093785 0.044655195 0.934065630 -0.354205876
1317401213.673074961 438.807657560 178.923527507 -3.663847532 0.005979595 0.044503130 0.942434946 -0.331360965
1317401213.777113914 438.469102097 178.635182437 -3.637893757 0.005354346 0.042353393 0.950155243 -0.308840632
1317401213.881130934 438.097161913 178.344935248 -3.630639624 0.006017094 0.039748113 0.957072965 -0.287045677
1317401213.985096931 437.698189096 178.080240867 -3.610955513 0.006673922 0.040098795 0.963001968 -0.266410875
1317401214.089015961 437.270032831 177.805895828 -3.596263832 0.007515556 0.042265160 0.968070226 -0.246976134
1317401214.192910910 436.821364517 177.553691765 -3.564612858 0.008462621 0.043435975 0.972506653 -0.228631821
1317401214.296760082 436.343524383 177.314009116 -3.553995010 0.010206198 0.042669714 0.976440356 -0.211280287
1317401214.400583029 435.828080081 177.071222558 -3.554004852 0.010427562 0.041107270 0.979889647 -0.194981377
1317401214.504405975 435.296007132 176.841512364 -3.536038602 0.008731728 0.040618872 0.982785442 -0.180018442
1317401214.608228922 434.749772797 176.636854473 -3.511554131 0.007059626 0.041122327 0.985318713 -0.165548028
1317401214.712050915 434.160137153 176.438910051 -3.485958773 0.006390475 0.042090249 0.987585088 -0.151206044
1317401214.815850019 433.556605493 176.246401894 -3.468777520 0.006309953 0.041879413 0.989575763 -0.137644862
1317401214.919600010 432.925348851 176.053735349 -3.450779826 0.006088497 0.041828560 0.991175370 -0.125637130
1317401215.023324966 432.268635276 175.881378727 -3.443876706 0.005248684 0.043278609 0.992353917 -0.115469117
1317401215.127027988 431.609674953 175.723681984 -3.420996389 0.003728196 0.045460591 0.993118135 -0.107869387
1317401215.230707884 430.926055582 175.562863264 -3.398104140 0.003076981 0.047377202 0.993626464 -0.102236897
1317401215.334362030 430.214984324 175.409100097 -3.375110069 0.002599258 0.048957056 0.993918066 -0.098606944
1317401215.438015938 429.482660608 175.247841091 -3.371278683 0.002471432 0.047849280 0.994106238 -0.097247757
1317401215.541697025 428.755319267 175.091821095 -3.352948016 0.002436278 0.047981172 0.994164080 -0.096590131
1317401215.645375967 427.983677094 174.939350080 -3.344992017 0.002592181 0.048452751 0.994118535 -0.096819160
1317401215.749077082 427.215383456 174.785601406 -3.327402097 0.002419625 0.050094171 0.993977089 -0.097438525
1317401215.852828979 426.437238431 174.623972840 -3.315233041 0.002199125 0.050234251 0.993870895 -0.098449620
1317401215.956579924 425.592507394 174.453246519 -3.294662221 0.001318531 0.049749275 0.993773300 -0.099689013
1317401216.060305119 424.766135602 174.280100059 -3.280601581 0.000764979 0.048542843 0.993657915 -0.101424628
1317401216.164058924 423.921109650 174.106820638 -3.270396548 0.000377510 0.048394694 0.993509356 -0.102941586
1317401216.267857075 423.072551293 173.919919679 -3.246485815 0.000690160 0.048419571 0.993314115 -0.104795693
1317401216.371654987 422.192340918 173.722510074 -3.246846992 0.000388227 0.048532485 0.993148917 -0.106299932
1317401216.475430965 421.313982391 173.531090276 -3.218340008 0.001058322 0.049086972 0.992943674 -0.107945402
1317401216.579231024 420.409756856 173.327597856 -3.198906883 0.002702909 0.049746871 0.992703107 -0.109811134
1317401216.683075905 419.521856889 173.127119654 -3.193791042 0.003601047 0.049580194 0.992493795 -0.111735861
1317401216.786946058 418.605936724 172.927176937 -3.170686890 0.002612184 0.050490610 0.992304743 -0.113027304
1317401216.890815020 417.685106071 172.711038076 -3.165291993 0.000592762 0.051653714 0.992107644 -0.114253950
1317401216.994683981 416.762324226 172.505574166 -3.120664566 -0.002118296 0.053134230 0.991909321 -0.115274307
1317401217.098602057 415.836980621 172.294309165 -3.120327705 -0.003853626 0.053310407 0.991837886 -0.115761642
1317401217.202545881 414.911065360 172.076945311 -3.102178446 -0.005499021 0.052909605 0.991875369 -0.115557719
1317401217.306489944 414.001010029 171.846717186 -3.088452627 -0.006867628 0.052867339 0.991899973 -0.115292343
1317401217.410432100 413.076417439 171.636267645 -3.062227970 -0.007686166 0.052842854 0.991972151 -0.114628995
1317401217.514373064 412.173543754 171.413722361 -3.051830284 -0.007268955 0.052775810 0.992044081 -0.114063217
1317401217.618315935 411.246536043 171.199797473 -3.049842383 -0.007510825 0.052919877 0.992103570 -0.113461803
1317401217.722260952 410.331658208 170.980464604 -3.037130678 -0.009497351 0.053606911 0.992111613 -0.112918759
1317401217.826205969 409.410331996 170.759949485 -3.023733191 -0.009317140 0.053704155 0.992118001 -0.112831407
1317401217.930149078 408.510083806 170.545094221 -3.019180157 -0.006169667 0.053610681 0.992156805 -0.112750632
1317401218.034116030 407.605272100 170.333776648 -2.979248387 -0.001789851 0.051996307 0.992278986 -0.112585938
1317401218.138081074 406.708447307 170.122180321 -2.989443478 0.000366248 0.050379277 0.992368660 -0.112544374
1317401218.242048979 405.804107277 169.898956484 -2.961312337 0.000289146 0.046881848 0.992478500 -0.113085970
1317401218.346041203 404.913241420 169.681169506 -2.939753911 -0.001382184 0.045215195 0.992427225 -0.114201049
1317401218.450030088 404.008578386 169.466789153 -2.933160833 -0.002198660 0.044518767 0.992372003 -0.114939348
1317401218.553997040 403.105546811 169.258010579 -2.912231976 -0.003621843 0.043554726 0.992295015 -0.115933049
1317401218.657963991 402.220743025 169.037602000 -2.900460808 -0.004945222 0.044991046 0.992094915 -0.117042858
1317401218.761905909 401.354300742 168.823296370 -2.871969427 -0.004973760 0.045851451 0.991838978 -0.118862725
1317401218.865848064 400.475047940 168.605164141 -2.850741270 -0.002995939 0.046399051 0.991601897 -0.120680692
1317401218.969840050 399.632175835 168.378807796 -2.843742469 -0.000661794 0.046773052 0.991332559 -0.122766446
1317401219.073831081 398.793795500 168.165593353 -2.823798096 0.000934695 0.047565073 0.991065261 -0.124604726
1317401219.177820921 397.980261052 167.964563101 -2.802146059 0.000594409 0.047179544 0.990888729 -0.126147783
1317401219.281836033 397.159866688 167.746656735 -2.791541113 -0.001118520 0.045531632 0.990770148 -0.127671973
1317401219.385848999 396.400499158 167.542004637 -2.772283843 -0.002474052 0.044354673 0.990576710 -0.129554325
1317401219.489837885 395.624275465 167.331853343 -2.737980048 -0.002604366 0.045464530 0.990372004 -0.130726765
1317401219.593828917 394.899357925 167.130370752 -2.723546568 -0.001873575 0.045814194 0.990192892 -0.131968122
1317401219.697822094 394.139892102 166.925316496 -2.701231347 -0.001569238 0.045350959 0.990045518 -0.133231757
1317401219.801814079 393.472193405 166.734510753 -2.697245958 -0.001968277 0.044590437 0.989893385 -0.134606480
1317401219.905805111 392.798469741 166.544612312 -2.665649984 -0.002100746 0.045254820 0.989686882 -0.135895044
1317401220.009793997 392.118371805 166.345530537 -2.651343764 -0.001964823 0.044751399 0.989540506 -0.137124174
1317401220.113782883 391.491498356 166.163266257 -2.631806641 -0.001802854 0.042871713 0.989464087 -0.138273595
1317401220.217775106 390.828992146 165.960687077 -2.624404615 -0.001609011 0.041466195 0.989382322 -0.139285989
1317401220.321767092 390.206743249 165.782404760 -2.600501905 -0.001253711 0.040697529 0.989256140 -0.140408079
1317401220.425757885 389.586582579 165.613808635 -2.576891668 -0.000487605 0.039444318 0.989252495 -0.140795628
1317401220.529795885 389.005165669 165.433257591 -2.560883906 -0.000167812 0.037603167 0.989478256 -0.139709536
1317401220.633858919 388.421970984 165.263859136 -2.554098515 -0.000652168 0.034623421 0.989842761 -0.137884379
1317401220.737921953 387.886765990 165.099802808 -2.538040600 -0.001600420 0.033831397 0.990152587 -0.135833465
1317401220.841959953 387.372384865 164.969341040 -2.517377213 -0.002212570 0.034025628 0.990403054 -0.133937119
1317401220.945998907 386.886166112 164.830539780 -2.494116464 -0.002093887 0.034949290 0.990560024 -0.132533024
1317401221.050040007 386.413716764 164.703487411 -2.485809211 -0.001346285 0.035314663 0.990742277 -0.131075563
1317401221.154079914 385.952881315 164.575896418 -2.477542608 0.000151623 0.035324015 0.990910944 -0.129798658
1317401221.258093119 385.486427255 164.439369085 -2.465104077 0.001421471 0.035507839 0.990990777 -0.129129600
1317401221.362082958 385.038247261 164.316681523 -2.458965851 0.001769008 0.035594334 0.990981744 -0.129170806
1317401221.466074228 384.586654234 164.198820848 -2.450899583 0.001356349 0.035362643 0.990971940 -0.129314573
1317401221.570039034 384.144605973 164.084487826 -2.439437933 0.001273235 0.035247492 0.990935537 -0.129625443
1317401221.673981905 383.685506735 163.944188155 -2.421934699 0.002097497 0.035587513 0.990814463 -0.130444740
1317401221.777899981 383.267911994 163.826738415 -2.406137105 0.003266059 0.035807320 0.990591586 -0.132043475
1317401221.881827116 382.845009771 163.715244614 -2.394609547 0.005393085 0.035745333 0.990337142 -0.133886259
1317401221.985744953 382.429487471 163.591060253 -2.384033738 0.007887827 0.035606655 0.990031239 -0.136044459
1317401222.089679956 382.018470351 163.460340937 -2.371839007 0.009694489 0.036289667 0.989701954 -0.138127188
1317401222.193623066 381.595232205 163.336642370 -2.364668762 0.010294920 0.037444506 0.989394925 -0.139962873
1317401222.297564983 381.177958505 163.233501478 -2.352529599 0.009819829 0.038998810 0.989009100 -0.142280232
1317401222.401506901 380.752121953 163.106624512 -2.340290098 0.008733352 0.039321629 0.988704347 -0.144365000
1317401222.505428076 380.308029015 162.953843276 -2.316700905 0.005990268 0.039028496 0.988420064 -0.146515088
1317401222.609348059 379.874400322 162.826429158 -2.298690968 0.002907550 0.037880854 0.988126084 -0.148873868
1317401222.713289976 379.420529376 162.675311387 -2.289213852 0.000081811 0.038113023 0.987715522 -0.151543522
1317401222.817234993 378.960818072 162.546927004 -2.262799460 -0.001368272 0.038974251 0.987266859 -0.154218300
1317401222.921178102 378.496687596 162.390738235 -2.241004117 -0.001173980 0.040195751 0.986823849 -0.156721454
1317401223.025144100 378.012355165 162.245846931 -2.230551382 -0.000568654 0.039726628 0.986435019 -0.159271542
1317401223.129111052 377.530313371 162.062922801 -2.226764290 -0.000428755 0.038857550 0.986139519 -0.161303304
1317401223.233102083 377.023776714 161.909704848 -2.227026822 -0.000930407 0.037118012 0.985969041 -0.162746543
1317401223.337091923 376.514025914 161.717294607 -2.218715821 -0.001933486 0.036527329 0.985840984 -0.163644643
1317401223.441059113 375.993880147 161.541248662 -2.204645432 -0.002616695 0.036063445 0.985711410 -0.164516249
1317401223.545047998 375.464104676 161.351885794 -2.191415842 -0.002498151 0.035568708 0.985712074 -0.164621792
1317401223.649085999 374.904411541 161.167720406 -2.178377772 -0.001813574 0.034681576 0.985851192 -0.163985754
1317401223.753124952 374.310417856 160.965808789 -2.176178606 -0.000643196 0.034194601 0.986077410 -0.162731853
1317401223.857141018 373.735063548 160.757652769 -2.164525478 0.000231599 0.033841883 0.986316093 -0.161354387
1317401223.961183071 373.141503246 160.560505087 -2.167665262 -0.000132704 0.033193029 0.986591535 -0.159797834
1317401224.065244913 372.499199666 160.350812883 -2.158695488 -0.001502028 0.033553914 0.986897973 -0.157810866
1317401224.169305086 371.880999189 160.148981436 -2.137511515 -0.001814661 0.033343757 0.987232769 -0.155744537
1317401224.273367882 371.214073567 159.919048856 -2.123860670 -0.001374063 0.031685241 0.987746471 -0.152810560
1317401224.377454042 370.554919804 159.698646222 -2.114949434 0.000540830 0.030144808 0.988417000 -0.148737460
1317401224.481565952 369.870692482 159.461027517 -2.112968449 0.001874008 0.028491594 0.989228116 -0.143570375
1317401224.585675001 369.173350904 159.268544263 -2.105449181 0.001857403 0.028026145 0.990138328 -0.137248597
1317401224.689810038 368.430534404 159.044419688 -2.111763244 0.001563228 0.027740872 0.991161670 -0.129717168
1317401224.793919086 367.680768321 158.842645961 -2.087801106 0.001326793 0.027846856 0.992100428 -0.122309173
1317401224.898007154 366.913441319 158.653926610 -2.080384573 0.001755960 0.028186639 0.992985785 -0.114811415
1317401225.002070665 366.128468752 158.464107826 -2.070579537 0.002028969 0.028094634 0.993820336 -0.107367197
1317401225.106107950 365.326352839 158.287530297 -2.066489221 0.001448167 0.028610934 0.994509017 -0.100653525
1317401225.210123062 364.495082250 158.123130661 -2.051476786 0.000028636 0.029202468 0.995025836 -0.095240748
1317401225.314064980 363.652900505 157.947083553 -2.049117493 -0.001356272 0.029547161 0.995435791 -0.090734293
1317401225.417983055 362.770711295 157.777349624 -2.026519418 -0.001373277 0.029799437 0.995721550 -0.087456867
1317401225.521879911 361.915576646 157.620392460 -2.024683566 -0.001010491 0.029365163 0.995931473 -0.085189007
1317401225.625727892 361.024502330 157.461295665 -2.014424516 -0.001541431 0.029697827 0.996044988 -0.083726007
1317401225.729573965 360.114392950 157.305008545 -2.020380999 -0.003049154 0.029967170 0.996123738 -0.082644846
1317401225.833444118 359.193189173 157.146617748 -2.026331451 -0.004385744 0.030820147 0.996156058 -0.081877914
1317401225.937315941 358.292347339 156.995330624 -1.997970245 -0.003712174 0.032345312 0.996108724 -0.081898783
1317401226.041208029 357.355807146 156.837393203 -1.984188898 -0.001113515 0.033824224 0.996045436 -0.082147248
1317401226.145103931 356.414319216 156.684401440 -1.973470495 0.000965571 0.035072632 0.995976696 -0.082458463
1317401226.248975754 355.444415615 156.518272096 -1.994107825 0.000393933 0.035151090 0.995921003 -0.083099951
1317401226.352847099 354.471962252 156.353759757 -1.978862592 -0.002160533 0.036133788 0.995842411 -0.083591708
1317401226.456718922 353.487137624 156.191865569 -1.946111573 -0.003473506 0.037107142 0.995739972 -0.084338030
1317401226.560589075 352.497045925 156.016227912 -1.935161668 -0.004531362 0.037400794 0.995649988 -0.085215893
1317401226.664483070 351.511101324 155.835583497 -1.931294872 -0.005476660 0.037275334 0.995555158 -0.086316183
1317401226.768377066 350.525994674 155.659598089 -1.926317784 -0.006752019 0.039684693 0.995379111 -0.087177759
1317401226.872247696 349.540908142 155.484343309 -1.916770767 -0.006621658 0.040895669 0.995204292 -0.088612156
1317401226.976119995 348.563734610 155.303717095 -1.915101677 -0.004834797 0.041806942 0.995024071 -0.090310038
1317401227.079989910 347.585355653 155.115017805 -1.898573801 -0.003235081 0.044424287 0.994714604 -0.092514185
1317401227.183834076 346.597488232 154.934563342 -1.895941432 -0.002789134 0.047469265 0.994315825 -0.095262422
1317401227.287658930 345.613081465 154.741693851 -1.890491789 -0.003555944 0.048236699 0.993944824 -0.098662369
1317401227.391482115 344.642072460 154.538636168 -1.864075599 -0.004577740 0.048083828 0.993577097 -0.102330552
1317401227.495304108 343.671238277 154.329330382 -1.868189239 -0.005108554 0.048570148 0.993202427 -0.105658802
1317401227.599126101 342.714128764 154.122287735 -1.829161493 -0.003643174 0.047132017 0.992923199 -0.108944124
1317401227.702949047 341.747807475 153.893082425 -1.816246887 -0.001413000 0.045566463 0.992687309 -0.111774806
1317401227.806771994 340.789577010 153.667711221 -1.803623543 -0.001534695 0.044874035 0.992427739 -0.114329123
1317401227.910621881 339.829434069 153.448000108 -1.798922026 -0.003915078 0.042547782 0.992204685 -0.117065031
1317401228.014492989 338.883387254 153.220313292 -1.784994454 -0.007232790 0.043088283 0.991935394 -0.118975885
1317401228.118386984 337.961025829 152.975807075 -1.750841201 -0.007770991 0.042085080 0.991748892 -0.120841192
1317401228.222305059 337.013632198 152.743306295 -1.731950606 -0.007190473 0.041680001 0.991647748 -0.121843418
1317401228.326247931 336.114929441 152.509097841 -1.727926753 -0.005904169 0.039927153 0.991656746 -0.122424917
1317401228.430188894 335.201725252 152.283087673 -1.728072804 -0.005702649 0.039798891 0.991617113 -0.122796701
1317401228.534131050 334.358398599 152.064177111 -1.701061552 -0.005628661 0.041620988 0.991459380 -0.123467845
1317401228.638073921 333.512925500 151.848071173 -1.681927168 -0.005352495 0.043462764 0.991340012 -0.123803552
1317401228.742016077 332.687334207 151.639697265 -1.672105802 -0.005969634 0.045651946 0.991180809 -0.124261290
1317401228.845959902 331.856020113 151.430575167 -1.648479336 -0.006690496 0.046519531 0.991059950 -0.124865308
1317401228.949904919 331.108318112 151.236625885 -1.642611299 -0.006964902 0.045465576 0.991027874 -0.125491528
1317401229.053894997 330.335405121 151.038301274 -1.623356369 -0.006646012 0.044851037 0.991052633 -0.125534432
1317401229.157886028 329.630391076 150.853666173 -1.611610564 -0.006253890 0.044054369 0.991147669 -0.125085568
1317401229.261877060 328.904243718 150.660876203 -1.594521532 -0.006236929 0.042808892 0.991293488 -0.124361247
1317401229.365866899 328.251062694 150.486554910 -1.585084401 -0.006002931 0.041454270 0.991460002 -0.123501307
1317401229.469856977 327.641655286 150.319910610 -1.572524625 -0.006067326 0.040043776 0.991578196 -0.123013676
1317401229.573847055 326.972378080 150.147433868 -1.571206686 -0.006446525 0.038828068 0.991687336 -0.122503268
1317401229.677814960 326.394254778 150.000329083 -1.554158433 -0.006830586 0.038182338 0.991775710 -0.121968820
1317401229.781783104 325.849997520 149.861936049 -1.548565900 -0.007931866 0.037945441 0.991834470 -0.121497375
1317401229.885725021 325.334497464 149.725272479 -1.531482368 -0.009329977 0.036666412 0.991913678 -0.121143639
1317401229.989665985 324.844667300 149.596278983 -1.527643362 -0.009951485 0.034425041 0.992071668 -0.120456178
1317401230.093631983 324.373487423 149.463997556 -1.512042534 -0.009819325 0.032565096 0.992203481 -0.119897240
1317401230.197576046 323.921202187 149.346547901 -1.522558427 -0.008975164 0.032446359 0.992264105 -0.119493202
1317401230.301496029 323.484495048 149.242263685 -1.511363199 -0.007118812 0.034007328 0.992259001 -0.119226249
1317401230.405438900 323.057063697 149.142626963 -1.495531130 -0.005340457 0.036334017 0.992151111 -0.119530296
1317401230.509385109 322.635636145 149.040529426 -1.471468168 -0.003157205 0.037689232 0.992073791 -0.119829660
1317401230.613327980 322.246389219 148.933940681 -1.485874696 -0.001263205 0.035549306 0.992078741 -0.120475815
1317401230.717266083 321.848032352 148.843667553 -1.494763342 -0.000496905 0.033101916 0.992045749 -0.121446480
1317401230.821208000 321.437245489 148.726517632 -1.489093801 -0.001109168 0.034811504 0.991873842 -0.122365074
1317401230.925158262 321.015438168 148.630285039 -1.476123086 -0.002617714 0.037319083 0.991634728 -0.123535419
1317401231.029126883 320.614354562 148.544827903 -1.460183894 -0.003133250 0.039902984 0.991437065 -0.124299962
1317401231.133112907 320.219108081 148.439789221 -1.446974342 -0.002632117 0.041040699 0.991299390 -0.125037004
1317401231.237086058 319.829847541 148.335908348 -1.435418496 -0.002262228 0.041032148 0.991220151 -0.125673615
1317401231.341027021 319.447590593 148.218532561 -1.433162067 -0.002359823 0.040870730 0.991121918 -0.126496476
1317401231.444938898 319.054941606 148.120382067 -1.442758572 -0.003288483 0.041744767 0.990802833 -0.128671312
1317401231.548857927 318.660858478 148.024624094 -1.424684904 -0.004229353 0.044021195 0.990331604 -0.131482173
1317401231.652776003 318.276800431 147.898015114 -1.419810712 -0.004290304 0.044006536 0.989948812 -0.134336769
1317401231.756692886 317.875244363 147.781751137 -1.410135540 -0.003804699 0.042067469 0.989599756 -0.137507002
1317401231.860615015 317.472384284 147.666236554 -1.406429141 -0.003817504 0.042205031 0.989121778 -0.140862592
1317401231.964534998 317.067310129 147.551867241 -1.398163231 -0.004261644 0.044524261 0.988564921 -0.144009814
1317401232.068451881 316.649754037 147.444737041 -1.383309404 -0.004012965 0.046243417 0.988058725 -0.146919703
1317401232.172394037 316.225894106 147.309770702 -1.373965258 -0.002534171 0.046539466 0.987662793 -0.149498708
1317401232.276360989 315.805734679 147.166765223 -1.367336594 -0.000569782 0.045427625 0.987347474 -0.151924233
1317401232.380326986 315.361624497 147.005387182 -1.371600666 0.000618268 0.043272098 0.987000532 -0.154780791
1317401232.484268904 314.915425270 146.863868051 -1.377959260 -0.000306956 0.042436263 0.986548444 -0.157864617
1317401232.588212967 314.455142183 146.716332827 -1.362680957 -0.001009538 0.043454704 0.986047114 -0.160691499
1317401232.692181110 313.980485180 146.556073043 -1.348059414 -0.001039924 0.045211286 0.985525201 -0.163385852
1317401232.796147108 313.486115359 146.386734829 -1.337976633 -0.001184374 0.045873282 0.985119854 -0.165629443
1317401232.900114059 312.987969518 146.212538837 -1.316278509 -0.001128635 0.045244879 0.984897121 -0.167120579
1317401233.004080057 312.477281503 146.027814467 -1.310510528 0.000581418 0.043252004 0.984818058 -0.168114002
1317401233.108046055 311.949890282 145.840437199 -1.290480866 0.003126456 0.041454276 0.984821851 -0.168516144
1317401233.212017059 311.423862723 145.646048776 -1.296812147 0.005315083 0.040359831 0.984865488 -0.168471972
1317401233.315983057 310.876566118 145.447796313 -1.282612957 0.005650800 0.039922179 0.984966801 -0.167972288
1317401233.419972897 310.270859503 145.241438154 -1.264331800 0.004645643 0.037884327 0.985254098 -0.166785964
1317401233.523962021 309.692372609 145.041820504 -1.254629987 0.001618678 0.035539302 0.985563497 -0.165526227
1317401233.627926111 309.092385788 144.832878795 -1.243963428 -0.002454765 0.032922123 0.985898004 -0.164058627
1317401233.731918097 308.468770581 144.618249171 -1.215121076 -0.004725966 0.030376442 0.986339541 -0.161830920
1317401233.835933924 307.843165787 144.389922721 -1.200793340 -0.003519841 0.027438906 0.986845090 -0.159284292
1317401233.939949036 307.214637055 144.175627410 -1.209106838 -0.001732737 0.026086770 0.987409619 -0.156008728
1317401234.043986082 306.571963520 143.951039781 -1.201199218 0.001005958 0.025650712 0.988168131 -0.151211028
1317401234.148072004 305.899521309 143.766137408 -1.195502711 0.003132512 0.026456444 0.989040660 -0.145219888
1317401234.252182961 305.218942953 143.555163020 -1.184200456 0.004784273 0.026092928 0.990023365 -0.138383551
1317401234.356295109 304.526313155 143.344893787 -1.175560556 0.005414970 0.026566340 0.991099554 -0.130332582
1317401234.460406065 303.810920711 143.180337441 -1.159473614 0.005424210 0.026435561 0.992150322 -0.122104371
1317401234.564515114 303.096970772 142.977379648 -1.146135526 0.003923564 0.027661072 0.993203323 -0.112989510
1317401234.668648958 302.366548513 142.824185315 -1.121776337 0.001650773 0.027366166 0.994276334 -0.103261506
1317401234.772785902 301.618463407 142.664094258 -1.117693588 -0.001005069 0.026694598 0.995304989 -0.093028846
1317401234.876897097 300.858098499 142.517826330 -1.102201651 -0.002563285 0.026930985 0.996196439 -0.082829985
1317401234.980982065 300.093032521 142.378701313 -1.092112378 -0.002020802 0.028475802 0.996919452 -0.073052394
1317401235.084997892 299.311393502 142.268365740 -1.069242968 0.001561395 0.030174300 0.997476324 -0.064249948
1317401235.188941002 298.515660871 142.147504147 -1.064903723 0.004479738 0.032227382 0.997827144 -0.057291526
1317401235.292834997 297.688813443 142.034732540 -1.065624057 0.004931489 0.034524578 0.997999945 -0.052724224
1317401235.396657944 296.905531260 141.947771471 -1.058890500 0.003411690 0.038068210 0.997980682 -0.050731943
1317401235.500410080 296.083967530 141.852512313 -1.031723309 0.002278344 0.040974936 0.997863239 -0.050841131
1317401235.604134083 295.240187712 141.770921170 -1.017093512 0.001066410 0.042257468 0.997749572 -0.052047687
1317401235.707860947 294.454967308 141.681984722 -1.016180806 -0.001447577 0.043545702 0.997576990 -0.054238605
1317401235.811567068 293.594215694 141.589529553 -0.994631908 -0.004071378 0.044289511 0.997380493 -0.057043983
1317401235.915245056 292.765680946 141.479425919 -0.992259294 -0.004789424 0.046619171 0.997038108 -0.060981356
1317401236.018945932 291.878356185 141.366700268 -0.975586714 -0.003530883 0.048507173 0.996687637 -0.065179297
1317401236.122672081 291.028051645 141.250527669 -0.973133337 -0.000986441 0.050372632 0.996306368 -0.069535932
1317401236.226422071 290.147744617 141.116767743 -0.965125251 0.000757551 0.050068771 0.996015077 -0.073800478
1317401236.330199003 289.281473862 140.971895404 -0.959092045 0.001706187 0.048989452 0.995711830 -0.078454276
1317401236.433991909 288.381453368 140.836664914 -0.941641279 0.001569793 0.048650146 0.995379864 -0.082762469
1317401236.537817001 287.482320762 140.678652160 -0.935873809 -0.000064312 0.049391606 0.995000832 -0.086797514
1317401236.641647100 286.564744073 140.514414428 -0.924703443 -0.000887133 0.048776412 0.994716668 -0.090326216
1317401236.745467901 285.662716837 140.340195720 -0.897321752 -0.000460230 0.046673707 0.994460347 -0.094180523
1317401236.849288940 284.747987155 140.160151364 -0.897365939 -0.000488053 0.046378005 0.994126529 -0.097781831
1317401236.953136921 283.827066748 139.978419794 -0.871793524 -0.001221270 0.045906419 0.993840856 -0.100853668
1317401237.057007074 282.906061919 139.785454192 -0.846178190 -0.002130565 0.045535927 0.993649912 -0.102867835
1317401237.160847902 281.989672264 139.591732237 -0.850726142 -0.003291635 0.044850578 0.993495400 -0.104615875
1317401237.264693022 281.079032569 139.395848257 -0.809522093 -0.002576403 0.045988510 0.993295026 -0.106034946
1317401237.368570089 280.166729110 139.190300612 -0.799001234 -0.000849138 0.045019096 0.993201883 -0.107343281
1317401237.472466946 279.248676535 138.995861136 -0.785291663 -0.000445195 0.045364485 0.993108898 -0.108058235
1317401237.576384068 278.334627736 138.783894431 -0.783324020 -0.001845006 0.045291255 0.993083599 -0.108306346
1317401237.680326939 277.418779492 138.585806731 -0.764034305 -0.002818934 0.045295037 0.993116214 -0.107984251
1317401237.784270048 276.535550701 138.384201922 -0.739719327 -0.003243876 0.047514777 0.993027849 -0.107830957
1317401237.888187885 275.636720472 138.183126842 -0.716189701 -0.002303060 0.049374654 0.992953712 -0.107702206
1317401237.992084026 274.745885985 137.988594926 -0.695913094 -0.000951663 0.050156201 0.992929341 -0.107586122
1317401238.095978975 273.853662015 137.794173224 -0.677773270 -0.001347134 0.051460542 0.992883372 -0.107389980
1317401238.199898005 272.965818010 137.598296586 -0.670398220 -0.004318465 0.051291395 0.992906963 -0.107174188
1317401238.303838015 272.073109868 137.395719882 -0.660997030 -0.008400621 0.049306279 0.993010769 -0.106901510
1317401238.407803059 271.191351400 137.201095791 -0.666117837 -0.011707002 0.046269980 0.993225728 -0.105946631
1317401238.511770010 270.303155860 137.006100134 -0.644684244 -0.012257979 0.045543552 0.993403843 -0.104519528
1317401238.615739107 269.443036653 136.819630810 -0.635604371 -0.009475137 0.046778043 0.993536601 -0.102990577
1317401238.719708920 268.584558193 136.638646649 -0.616869700 -0.005890074 0.047799086 0.993615919 -0.102019409
1317401238.823652029 267.740546055 136.456142951 -0.619083315 -0.004119286 0.048165719 0.993636349 -0.101734460
1317401238.927593946 266.890488696 136.276902960 -0.613846508 -0.004446164 0.049031263 0.993602403 -0.101638726
1317401239.031534910 266.078048745 136.110471709 -0.598153347 -0.004744422 0.049750143 0.993536177 -0.101922909
1317401239.135454893 265.253850346 135.936585677 -0.577983254 -0.004479652 0.049295031 0.993543644 -0.102083107
1317401239.239372969 264.466965928 135.773631457 -0.580692219 -0.004351625 0.050975463 0.993456490 -0.102111543
1317401239.343291044 263.687128124 135.605754784 -0.563481685 -0.006042242 0.052394430 0.993327091 -0.102565123
1317401239.447211027 262.938954283 135.450345231 -0.545473811 -0.008779475 0.052706461 0.993243917 -0.103011997
1317401239.551130056 262.183159185 135.286337450 -0.538103199 -0.010084215 0.051190185 0.993232789 -0.103761748
1317401239.655048847 261.475853869 135.139098626 -0.517422722 -0.009391894 0.052370489 0.993130279 -0.104217915
1317401239.758991957 260.785010392 134.994416428 -0.489713184 -0.007190067 0.052744668 0.993085603 -0.104629293
1317401239.862956047 260.095745126 134.848133966 -0.492316520 -0.004678085 0.052663982 0.993074819 -0.104914367
1317401239.966923952 259.471877578 134.703470293 -0.493095382 -0.003640385 0.051728796 0.993071522 -0.105450613
1317401240.070867062 258.854412254 134.563952580 -0.487103174 -0.004290750 0.051905988 0.992935706 -0.106611638
1317401240.174808025 258.259112215 134.418232920 -0.471547628 -0.005580494 0.051784271 0.992735433 -0.108460167
1317401240.278752089 257.697541699 134.291627506 -0.453585755 -0.007297599 0.052354336 0.992420552 -0.110937897
1317401240.382671118 257.177430183 134.168582147 -0.432636826 -0.007543644 0.051615139 0.992163904 -0.113533071
1317401240.486613035 256.684486099 134.047698831 -0.419050224 -0.007685792 0.050397342 0.991910122 -0.116255524
1317401240.590579033 256.220438526 133.931776093 -0.413792844 -0.007764907 0.049798689 0.991609111 -0.119042717
1317401240.694545984 255.774436653 133.824027341 -0.405054281 -0.007656152 0.049645224 0.991251698 -0.122052476
1317401240.798511982 255.348806906 133.712004752 -0.392845180 -0.006822966 0.049488734 0.990861955 -0.125287260
1317401240.902503014 254.951428853 133.604506556 -0.383665122 -0.006196247 0.049037421 0.990432320 -0.128843930
1317401241.006493092 254.563780820 133.491601620 -0.384394580 -0.006064368 0.048409430 0.989967906 -0.132602021
1317401241.110483885 254.197420113 133.379656474 -0.375018180 -0.005838208 0.047197122 0.989442267 -0.136902693
1317401241.214476109 253.864424357 133.279450571 -0.364219131 -0.005261669 0.047158292 0.988797778 -0.141518075
1317401241.318466902 253.529693456 133.181788970 -0.356854279 -0.004222757 0.047149827 0.988070490 -0.146546134
1317401241.422458887 253.192639441 133.077785681 -0.348419164 -0.003035246 0.046393830 0.987294884 -0.151944766
1317401241.526426077 252.872354128 132.982829651 -0.341027696 -0.001512297 0.045430148 0.986439642 -0.157704306
1317401241.630367994 252.579031629 132.857790172 -0.329911572 0.000249937 0.044873219 0.985509462 -0.163576989
1317401241.734309912 252.286363853 132.753831908 -0.320972081 0.001948858 0.044196239 0.984435615 -0.170086491
1317401241.838253021 252.002778614 132.649296234 -0.322530788 0.002993870 0.043628837 0.983206439 -0.177179737
1317401241.942174911 251.745012548 132.532191652 -0.314502947 0.003272895 0.043155078 0.981862499 -0.184588624
1317401242.046070099 251.486219654 132.411867429 -0.311014195 0.003441224 0.042738738 0.980264463 -0.192984820
1317401242.149920940 251.235086378 132.297881947 -0.304744659 0.003440195 0.042734125 0.978341071 -0.202511006
1317401242.253742933 250.985835952 132.193121477 -0.292115359 0.003050801 0.042650195 0.976014503 -0.213465086
1317401242.357558966 250.740411715 132.073530358 -0.279554662 0.002401876 0.041431584 0.973325329 -0.225644542
1317401242.461358070 250.524723787 131.947619893 -0.269255945 0.001743287 0.039100396 0.970328577 -0.238601285
1317401242.565135002 250.293951575 131.828458485 -0.254867853 0.001183952 0.036411483 0.967052989 -0.251954991
1317401242.668932915 250.073189404 131.709561856 -0.253770987 0.000424079 0.034500642 0.963576088 -0.265199262
1317401242.772751093 249.866147048 131.550629253 -0.231838292 -0.000245738 0.033711083 0.959861287 -0.278441758
1317401242.876550913 249.663037504 131.438488372 -0.220852700 -0.000500817 0.032358856 0.955741891 -0.292421085
1317401242.980328083 249.466200222 131.298765544 -0.216113791 -0.000192443 0.032003440 0.951328205 -0.306513277
1317401243.084103107 249.263740424 131.152626390 -0.201636256 0.000581761 0.032079104 0.946460731 -0.321220606
1317401243.187850952 249.068732667 131.001748808 -0.191156641 0.001604843 0.032073626 0.941307354 -0.336019601
1317401243.291578770 248.884637173 130.832724609 -0.171062112 0.003140204 0.031135502 0.935777827 -0.351198773
1317401243.395304918 248.671370101 130.656314689 -0.175314996 0.004746976 0.030180007 0.929650529 -0.367173702
1317401243.499054909 248.476971788 130.460344242 -0.164353398 0.006250767 0.029391229 0.923042486 -0.383522688
1317401243.602804899 248.272439812 130.248165903 -0.164068719 0.007406910 0.030323057 0.915828199 -0.400355293
1317401243.706510067 248.067874515 130.028055539 -0.138092403 0.008390261 0.031254000 0.908094710 -0.417512621
1317401243.810214043 247.865910939 129.782340217 -0.141351832 0.009288823 0.032297386 0.899838378 -0.434926994
1317401243.913943052 247.653718517 129.520657131 -0.107613387 0.009327184 0.032913622 0.891063974 -0.452586667
1317401244.017669916 247.446117069 129.238022144 -0.108823208 0.009918432 0.033609030 0.881556111 -0.470776891
1317401244.121395111 247.248025037 128.949091306 -0.075513721 0.010559512 0.033391861 0.871613161 -0.488941692
1317401244.225120068 247.067145589 128.611391253 -0.066777076 -0.011714619 -0.032081348 -0.861458517 0.506678180
1317401244.328846931 246.872761762 128.271374701 -0.048373936 -0.011794505 -0.030785462 -0.850625690 0.524737154
1317401244.432573080 246.697063510 127.912433437 -0.033423827 -0.011029019 -0.030375131 -0.839484728 0.542421519
1317401244.536324978 246.523960123 127.521583353 0.002769591 -0.010433924 -0.030584327 -0.828213102 0.559480822
1317401244.640125036 246.359705636 127.119950802 0.025652731 -0.009738228 -0.030401840 -0.816697247 0.576182699
1317401244.743949890 246.208055284 126.684625100 0.048050764 -0.009204107 -0.029754791 -0.805600614 0.591639744
1317401244.847820044 246.074153759 126.236033147 0.071049066 -0.008089081 -0.029529090 -0.794908541 0.605956278
1317401244.951784849 245.942203266 125.750766569 0.105745416 -0.007389187 -0.029581304 -0.785256927 0.618418875
1317401245.055799007 245.821354280 125.243849062 0.138247599 -0.007095668 -0.029542845 -0.776934714 0.628847614
1317401245.159862995 245.710524828 124.711508443 0.162691641 -0.007169856 -0.029411740 -0.769858145 0.637496650
1317401245.263976097 245.602546725 124.150593404 0.188897133 -0.006677219 -0.029782512 -0.763737267 0.644805245
1317401245.368108988 245.504734704 123.563998236 0.209502452 -0.005066914 -0.031469489 -0.758182234 0.651263156
1317401245.472218037 245.405549399 122.947942125 0.242185196 -0.002488917 -0.033949632 -0.752172661 0.658086253
1317401245.576256990 245.316461931 122.324857618 0.282579244 0.000249469 -0.035147661 -0.745344818 0.665751967
1317401245.680273056 245.231950872 121.676376045 0.318303352 0.003479691 -0.035690940 -0.737664272 0.674214707
1317401245.784261942 245.174134977 121.022763913 0.356134414 0.006497734 -0.035652468 -0.729003510 0.683549971
1317401245.888205051 245.138744657 120.393485907 0.401580560 0.009305027 -0.035346627 -0.719337594 0.693698392
1317401245.992147923 245.128312932 119.768317152 0.430342708 0.011313007 -0.034667826 -0.709473613 0.703787859
1317401246.096115112 245.111520666 119.114248855 0.470682437 0.012471524 -0.034146542 -0.699435965 0.713770135
1317401246.200081110 245.127482317 118.531591132 0.501464409 0.012896152 -0.033394394 -0.689433900 0.723463476
1317401246.304047108 245.168180215 117.942528990 0.536866537 0.012402815 -0.033170907 -0.679702121 0.732632846
1317401246.408037901 245.214212452 117.357107004 0.571642436 0.010743282 -0.033090391 -0.670133609 0.741424679
1317401246.512053013 245.286363818 116.786572129 0.597551446 0.008728878 -0.033193110 -0.660928301 0.749663795
1317401246.616092920 245.358817312 116.208778501 0.627905847 0.006838428 -0.033401647 -0.652870946 0.756701456
1317401246.720202923 245.441122373 115.641403658 0.661540414 0.004751488 -0.033177608 -0.646038121 0.762568958
1317401246.824362040 245.547437116 115.081615627 0.687999448 0.002724691 -0.032301930 -0.640922999 0.766920381
1317401246.928544044 245.651537258 114.503816233 0.717543216 0.001049799 -0.030995688 -0.636952134 0.770279264
1317401247.032752037 245.770276991 113.915723026 0.749752197 0.000413237 -0.030325122 -0.633600843 0.773065449
1317401247.136910915 245.882951629 113.339309732 0.785143364 0.000720299 -0.029608040 -0.630263623 0.775816093
1317401247.241043091 246.008634305 112.784769343 0.817509516 0.001257142 -0.028868263 -0.626841181 0.778611056
1317401247.345156908 246.134954357 112.216644307 0.854966494 0.001516373 -0.028550256 -0.623466999 0.781326746
1317401247.449245930 246.271135261 111.656881939 0.887007196 0.001103135 -0.028700029 -0.620011546 0.784066818
1317401247.553353071 246.413211487 111.074689397 0.922414571 0.000187795 -0.028837194 -0.617178143 0.786294806
1317401247.657464027 246.558351334 110.489440643 0.950531287 -0.000984797 -0.029176952 -0.615159037 0.787862358
1317401247.761574984 246.711468083 109.898409030 0.984976036 -0.001855329 -0.029574261 -0.613600080 0.789060747
1317401247.865663052 246.865681040 109.288689204 1.013668858 -0.002194576 -0.030113774 -0.612202254 0.790124513
1317401247.969748974 247.030231811 108.663526362 1.046626778 -0.001910585 -0.030300665 -0.610885856 0.791136328
1317401248.073832989 247.190710908 108.012789222 1.082809421 -0.001518957 -0.030203137 -0.609697384 0.792057171
1317401248.177896023 247.370439632 107.359009719 1.121639979 -0.001597184 -0.029579783 -0.608385810 0.793088388
1317401248.281938076 247.554351636 106.700738517 1.161540985 -0.001585278 -0.029178377 -0.606970150 0.794187223
1317401248.385952950 247.742820735 106.031532526 1.199680526 -0.001538059 -0.028914044 -0.605545906 0.795283451
1317401248.489964962 247.937143035 105.333288313 1.239807902 -0.001966609 -0.028589327 -0.604102793 0.796390983
1317401248.593981028 248.133937012 104.647216023 1.278038571 -0.002354339 -0.028636767 -0.602612550 0.797516462
1317401248.697995663 248.344093290 103.921600742 1.319822457 -0.003143311 -0.028762574 -0.601411086 0.798415643
1317401248.802010059 248.557918687 103.208273535 1.367799280 -0.004792877 -0.029051758 -0.600437296 0.799129575
1317401248.906049013 248.780497272 102.465273499 1.414783813 -0.007200419 -0.029913934 -0.600283748 0.799195052
1317401249.010087013 249.004904205 101.710801150 1.458293344 -0.008381707 -0.030380869 -0.600353253 0.799113710
1317401249.114125967 249.231666264 100.949998707 1.495688676 -0.008240037 -0.030321673 -0.600411903 0.799073366
1317401249.218163967 249.464006849 100.145542929 1.550945988 -0.007601807 -0.029310047 -0.600683908 0.798912997
1317401249.322155952 249.691509173 99.373589645 1.586923487 -0.006868721 -0.028686429 -0.600463711 0.799107778
1317401249.426121950 249.936011747 98.559793893 1.655439333 -0.007162906 -0.029210816 -0.599708969 0.799652783
1317401249.530090094 250.176532601 97.736172697 1.702307566 -0.007494674 -0.029914046 -0.598525761 0.800509771
1317401249.634057045 250.424650826 96.901716986 1.750693973 -0.006997799 -0.029617912 -0.597036274 0.801636761
1317401249.738023281 250.680844017 96.066276118 1.786963909 -0.005315995 -0.028349675 -0.595330573 0.802962979
1317401249.841967106 250.937600360 95.212480932 1.849361050 -0.004277015 -0.027829275 -0.593241123 0.804532292
1317401249.945884943 251.218461056 94.342703995 1.906065040 -0.003255323 -0.028375408 -0.591038041 0.806137875
1317401250.049802065 251.503868692 93.460822013 1.968432687 -0.003620973 -0.029451397 -0.588653174 0.807840915
1317401250.153744936 251.795292411 92.582034829 2.020643215 -0.004771311 -0.030937320 -0.586632011 0.809248417
1317401250.257711887 252.098859675 91.679462152 2.082340697 -0.006801009 -0.031129663 -0.585339291 0.810162085
1317401250.361702919 252.404890745 90.769177638 2.142245333 -0.009615326 -0.030030629 -0.584679335 0.810651456
1317401250.465694904 252.723092604 89.838542794 2.188180852 -0.011253071 -0.027909981 -0.584609288 0.810756672
1317401250.569684982 253.046430663 88.896741394 2.263898039 -0.012827943 -0.026202778 -0.584867492 0.810604019
1317401250.673697948 253.369811258 87.950454533 2.320870957 -0.014449311 -0.025362112 -0.585230244 0.810341620
1317401250.777714014 253.694490223 86.993850843 2.394317014 -0.016026824 -0.024661547 -0.585616041 0.810054814
1317401250.881728649 254.023039190 86.032180336 2.455264940 -0.017368797 -0.022660493 -0.586316635 0.809578675
1317401250.985765934 254.349240748 85.059891699 2.508334659 -0.017285968 -0.019193143 -0.587541979 0.808781331
1317401251.089806080 254.677930923 84.082292754 2.574064813 -0.016874296 -0.016940367 -0.589278610 0.807576004
1317401251.193845987 255.009371940 83.092005268 2.651979265 -0.017436329 -0.016496349 -0.591672628 0.805820915
1317401251.297908068 255.335282902 82.098176016 2.715299486 -0.018825285 -0.017214801 -0.594650023 0.803579871
1317401251.401993990 255.640256551 81.106031654 2.766441705 -0.019561824 -0.017813518 -0.598469609 0.800708524
1317401251.506104946 255.941308386 80.097135776 2.825891608 -0.019160499 -0.017624223 -0.603303624 0.797086569
1317401251.610215902 256.229107902 79.091130503 2.890840974 -0.018895522 -0.015913931 -0.608740257 0.792984871
1317401251.714303017 256.501531939 78.072789868 2.936920683 -0.017324235 -0.014930929 -0.614431576 0.788638559
1317401251.818366051 256.771015970 77.033143079 3.009812616 -0.016867358 -0.015083795 -0.619891065 0.784361549
1317401251.922415972 257.028932210 76.006779956 3.076474055 -0.017510516 -0.016226526 -0.624960432 0.780291317
1317401252.026407957 257.267337143 74.971942082 3.128879424 -0.017855099 -0.017850838 -0.629412789 0.776660855
1317401252.130364895 257.494911418 73.913391682 3.187822330 -0.016705569 -0.018856539 -0.633422901 0.773395619
1317401252.234282017 257.706739771 72.862937406 3.246440913 -0.015237851 -0.019668846 -0.636714812 0.770697861
1317401252.338151932 257.921372755 71.798229227 3.323217821 -0.013699408 -0.021061716 -0.639090864 0.768720754
1317401252.441998005 258.124033017 70.740937577 3.386096375 -0.012758386 -0.022198870 -0.640305797 0.767693246
1317401252.545821905 258.316995590 69.677341192 3.450904746 -0.011805413 -0.022784410 -0.640675770 0.767382604
1317401252.649620056 258.520596459 68.593996303 3.509262697 -0.010670129 -0.022643514 -0.640319937 0.767700331
1317401252.753418922 258.722769489 67.510797166 3.576574123 -0.009639535 -0.022898309 -0.639450701 0.768430575
1317401252.857218027 258.927433546 66.431670310 3.643334904 -0.009305177 -0.023571466 -0.638309069 0.769362939
1317401252.960993052 259.135853567 65.352534420 3.705183824 -0.008899468 -0.024230512 -0.636998809 0.770432475
1317401253.064769983 259.348455709 64.258350116 3.763259864 -0.007755023 -0.024666685 -0.635591881 0.771592104
1317401253.168542862 259.562547344 63.157558252 3.829313285 -0.007012198 -0.025286204 -0.634182163 0.772738262
1317401253.272291899 259.794071836 62.055092707 3.901474796 -0.007027416 -0.025968474 -0.632799010 0.773848607
1317401253.376066923 260.020586217 60.945559608 3.960111485 -0.006690334 -0.025727148 -0.631561774 0.774869717
1317401253.479866028 260.251121682 59.834701419 4.016693781 -0.005257716 -0.024111540 -0.630758275 0.775586868
1317401253.583666086 260.486301264 58.725371134 4.073734264 -0.004086815 -0.022704838 -0.630182298 0.776104413
1317401253.687465906 260.728276048 57.598231203 4.138729023 -0.003665711 -0.022781746 -0.629918114 0.776318700
1317401253.791239977 260.967577647 56.446201507 4.204491423 -0.003828219 -0.023761594 -0.629959704 0.776254792
1317401253.895037889 261.211441867 55.311171301 4.268409516 -0.004673285 -0.024275839 -0.629896469 0.776285567
1317401253.998861074 261.466300847 54.152312735 4.331342251 -0.005359577 -0.024187275 -0.629796448 0.776365046
1317401254.102663994 261.715470966 52.987978007 4.391923023 -0.007015213 -0.023476906 -0.629781244 0.776385991
1317401254.206461906 261.972667360 51.841427069 4.456100625 -0.007826745 -0.022667557 -0.629786570 0.776397965
1317401254.310254097 262.219361154 50.664952980 4.516187002 -0.008345839 -0.021172215 -0.629887419 0.776352964
1317401254.414052963 262.474969938 49.486005290 4.577451434 -0.008222998 -0.020131485 -0.629934065 0.776344111
1317401254.517875910 262.727232362 48.307092710 4.636381592 -0.008154408 -0.020232983 -0.629834594 0.776422898
1317401254.621675968 262.986951903 47.121450379 4.703128201 -0.008001809 -0.021687616 -0.629700383 0.776494074
1317401254.725450039 263.243649243 45.904912451 4.770071862 -0.008240052 -0.023388971 -0.629462677 0.776634918
1317401254.829251051 263.506656503 44.710156761 4.843675187 -0.008490150 -0.024764977 -0.629291087 0.776728615
1317401254.933073997 263.762839147 43.500240330 4.908982821 -0.007458712 -0.025198182 -0.629174794 0.776819476
1317401255.036895990 264.021827212 42.292095544 4.966193363 -0.006269967 -0.024307015 -0.629124547 0.776899067
1317401255.140717030 264.291451830 41.066970710 5.028673280 -0.005095489 -0.024492221 -0.628911423 0.777074378
1317401255.244539022 264.549625405 39.855265677 5.103308315 -0.004306107 -0.025206443 -0.628761580 0.777177566
1317401255.348362923 264.818328622 38.616307814 5.174177134 -0.004476695 -0.025764956 -0.628590057 0.777297026
1317401255.452187061 265.085503713 37.396749802 5.247199989 -0.006091564 -0.026166929 -0.628435267 0.777397775
1317401255.556010962 265.360440885 36.149098995 5.323435411 -0.008375433 -0.025891908 -0.628182938 0.777589646
1317401255.659833908 265.627907701 34.935558136 5.398101676 -0.008808241 -0.024535175 -0.628262167 0.777564846
1317401255.763655901 265.911638405 33.685974346 5.464068610 -0.009248058 -0.023191521 -0.628167126 0.777677753
1317401255.867478132 266.177047625 32.451524789 5.541159443 -0.008533600 -0.022654261 -0.627900418 0.777917108
1317401255.971302032 266.455203934 31.206180275 5.594290385 -0.007574120 -0.022713285 -0.627488091 0.778257949
1317401256.075098991 266.729214992 29.976863439 5.685044256 -0.007307998 -0.023019872 -0.626886121 0.778736458
1317401256.178899050 267.010520663 28.727252924 5.747694476 -0.007290974 -0.022966795 -0.626397215 0.779131502
1317401256.282720089 267.290662333 27.501379069 5.806136018 -0.008262071 -0.022235448 -0.625878445 0.779559809
1317401256.386542082 267.575187047 26.253053260 5.891548946 -0.009613889 -0.021370720 -0.625590048 0.779799947
1317401256.490340948 267.857792082 25.017943827 5.952739774 -0.009915039 -0.021003722 -0.625199046 0.780119663
1317401256.594139099 268.142706422 23.769638475 6.024667993 -0.009284482 -0.020102223 -0.624796262 0.780473786
1317401256.697915077 268.422020836 22.543241343 6.099501186 -0.006875745 -0.019780223 -0.624131457 0.781038662
1317401256.801666021 268.706698219 21.298608948 6.164187209 -0.005089678 -0.019409331 -0.623565301 0.781513716
1317401256.905415058 268.991227901 20.077422182 6.229031878 -0.003692292 -0.019310859 -0.622885138 0.782066214
1317401257.009169102 269.282735641 18.832206999 6.296034121 -0.003824369 -0.019596679 -0.622299523 0.782524535
1317401257.112921953 269.569975077 17.617458950 6.359492006 -0.004278946 -0.020252728 -0.621745987 0.782945365
1317401257.216670036 269.864697861 16.386228885 6.419275068 -0.004882667 -0.019930723 -0.621230818 0.783358920
1317401257.320417881 270.158645014 15.152228763 6.476114615 -0.004687565 -0.019340699 -0.620655832 0.783830531
1317401257.424170971 270.450057880 13.932834054 6.540797633 -0.003719658 -0.018572344 -0.620130952 0.784269619
1317401257.527921915 270.744785822 12.704036993 6.601459559 -0.002744353 -0.018491208 -0.619636900 0.784665952
1317401257.631648064 271.039710701 11.482428838 6.664001787 -0.002783054 -0.018740726 -0.619130712 0.785059361
1317401257.735421896 271.336117657 10.274455618 6.729357548 -0.003459153 -0.019439445 -0.618522303 0.785519130
1317401257.839220047 271.638152294 9.057205384 6.790428403 -0.004937151 -0.019533362 -0.618197318 0.785764690
1317401257.943043947 271.942803690 7.847556437 6.846504819 -0.005493212 -0.018547613 -0.618252426 0.785741528
1317401258.046891928 272.241618268 6.636590976 6.894568722 -0.004914334 -0.017288556 -0.618527635 0.785557458
1317401258.150713205 272.536274547 5.430251763 6.947999481 -0.003939528 -0.016802388 -0.618856388 0.785314542
1317401258.254535913 272.833911248 4.217249911 7.015525644 -0.002780139 -0.017806481 -0.618943735 0.785228535
1317401258.358335018 273.123318773 3.020057246 7.072688402 -0.002501380 -0.018901599 -0.618886395 0.785249070
1317401258.462133646 273.420825392 1.827252307 7.131255262 -0.003567449 -0.019433549 -0.618730659 0.785354686
1317401258.565958261 273.711236593 0.630811983 7.199847659 -0.004723101 -0.019781489 -0.618710643 0.785355668
1317401258.669756889 274.010011551 -0.564876170 7.239414006 -0.005115787 -0.018942343 -0.618695407 0.785385899
1317401258.773554087 274.304977301 -1.757190734 7.303845506 -0.005382675 -0.018355017 -0.618501943 0.785550423
1317401258.877352953 274.597657908 -2.938534893 7.362977348 -0.005295281 -0.018592643 -0.618171848 0.785805218
1317401258.981127977 274.887425904 -4.123668309 7.422362014 -0.004516721 -0.018882504 -0.617882115 0.786031006
1317401259.084902048 275.185220493 -5.309221158 7.473438557 -0.004419381 -0.019004114 -0.617549922 0.786289646
1317401259.188677073 275.474446013 -6.489522204 7.559710010 -0.004818917 -0.020689889 -0.617164651 0.786547201
1317401259.292475939 275.768968494 -7.666314925 7.617450791 -0.006352076 -0.022171021 -0.616969310 0.786649203
1317401259.396297932 276.063457146 -8.833614525 7.677361895 -0.006946647 -0.022239401 -0.616738638 0.786823109
1317401259.500097036 276.354747140 -10.005341384 7.739163205 -0.006336880 -0.021829547 -0.616609674 0.786940801
1317401259.603897095 276.651872678 -11.174803831 7.797903769 -0.005232017 -0.021110327 -0.616360332 0.787163846
1317401259.707695007 276.937271010 -12.329136939 7.862909573 -0.003894258 -0.020863380 -0.616114480 0.787370626
1317401259.811492920 277.227459026 -13.481872909 7.929797884 -0.003300931 -0.021296432 -0.615813989 0.787596786
1317401259.915316105 277.524860612 -14.633740641 7.993869000 -0.003908557 -0.021594186 -0.615471944 0.787853223
1317401260.019115925 277.811439332 -15.770685141 8.050728224 -0.004541321 -0.021998814 -0.615185120 0.788062622
1317401260.122915030 278.108183438 -16.906545472 8.121218292 -0.005455158 -0.021406590 -0.615068801 0.788163923
1317401260.226736069 278.397312956 -18.046699748 8.179482600 -0.005447676 -0.020845770 -0.615057054 0.788188174
1317401260.330534935 278.686115728 -19.176066745 8.247921366 -0.004847410 -0.020165346 -0.614871726 0.788354376
1317401260.434335947 278.966561253 -20.301507144 8.308058470 -0.004138552 -0.020185818 -0.614726667 0.788471008
1317401260.538134098 279.255485690 -21.425846939 8.369476005 -0.003977986 -0.020132675 -0.614460671 0.788680502
1317401260.641907930 279.543718891 -22.535013591 8.429313929 -0.003903960 -0.020117644 -0.614213295 0.788873924
1317401260.745707989 279.828516606 -23.649619412 8.481866524 -0.003810090 -0.020211458 -0.614128058 0.788938342
1317401260.849505901 280.110014608 -24.752384393 8.545518750 -0.004302790 -0.020395771 -0.614059931 0.788984093
1317401260.953305960 280.393075982 -25.846943690 8.598163408 -0.004378214 -0.020604843 -0.613918698 0.789088147
1317401261.057104111 280.672777845 -26.922234904 8.651102651 -0.004213358 -0.020543681 -0.613694543 0.789264982
1317401261.160902262 280.944924279 -27.991280764 8.708432418 -0.003708898 -0.020455383 -0.613590581 0.789350632
1317401261.264723063 281.215850376 -29.036036890 8.774313079 -0.003260062 -0.020057462 -0.613435583 0.789483284
1317401261.368545055 281.480051082 -30.070325061 8.833504233 -0.002893880 -0.019390330 -0.613307557 0.789600837
1317401261.472371101 281.743872181 -31.077212230 8.889127921 -0.002535167 -0.018756501 -0.613137938 0.789749096
1317401261.576193094 282.000333858 -32.063396446 8.943062262 -0.002544231 -0.018237763 -0.613026824 0.789847469
1317401261.680015087 282.261358232 -33.034197306 8.998166361 -0.003612789 -0.017799128 -0.612932787 0.789926286
1317401261.783838034 282.508258339 -33.988283521 9.047256302 -0.003655021 -0.017520534 -0.612872733 0.789978914
1317401261.887659073 282.755778516 -34.930958735 9.093809234 -0.002774228 -0.016481352 -0.612826445 0.790040769
1317401261.991485119 282.997146761 -35.862346132 9.121394347 -0.001253347 -0.015277482 -0.612744824 0.790132146
1317401262.095308065 283.235366596 -36.774882095 9.183247338 -0.000799461 -0.015677626 -0.612613864 0.790226440
1317401262.199131250 283.471963412 -37.658259210 9.216079634 -0.003004220 -0.018191369 -0.612632486 0.790152824
1317401262.302978992 283.695804116 -38.517353266 9.254536107 -0.005322410 -0.020735877 -0.613132134 0.789690244
1317401262.406850100 283.921517834 -39.390013173 9.316211635 -0.004143428 -0.022282245 -0.614046881 0.788944080
1317401262.510746002 284.149874366 -40.242727820 9.357907030 -0.003159562 -0.020506378 -0.615411549 0.787932822
1317401262.614662886 284.362414866 -41.085217227 9.382790990 -0.002190053 -0.019305076 -0.616980553 0.786738530
1317401262.718580008 284.574555996 -41.893738747 9.433274576 -0.000061108 -0.019893841 -0.618358556 0.785644276
1317401262.822521925 284.771515495 -42.702874151 9.489669467 0.001882946 -0.020423491 -0.619627883 0.784627696
1317401262.926487923 284.951766708 -43.475082475 9.529935654 0.003131414 -0.019791562 -0.621305670 0.783312040
1317401263.030431032 285.143641664 -44.247323204 9.558901108 0.004148016 -0.019028251 -0.622799766 0.782138844
1317401263.134351015 285.305318803 -44.978741502 9.602775145 0.004782702 -0.017992924 -0.624208097 0.781036255
1317401263.238292933 285.476416203 -45.703844368 9.609419709 0.005235900 -0.018257022 -0.625478073 0.780010542
1317401263.342236042 285.636092578 -46.400135712 9.660680849 0.006135810 -0.018995300 -0.626632935 0.779058852
1317401263.446192980 285.779303029 -47.075114109 9.681463082 0.006896606 -0.021086495 -0.627690214 0.778147024
1317401263.550159931 285.923573725 -47.741345103 9.722728993 0.007489462 -0.023162795 -0.628855253 0.777141212
1317401263.654109955 286.065893191 -48.374875138 9.746311775 0.008082894 -0.024913450 -0.629869754 0.776259029
1317401263.758076906 286.202887807 -48.990617685 9.779391390 0.007627863 -0.025524784 -0.630823542 0.775468865
1317401263.862044811 286.323839831 -49.584798020 9.798100455 0.007495960 -0.025753242 -0.631820571 0.774650468
1317401263.966012955 286.447152951 -50.171646598 9.842696217 0.007377571 -0.026531983 -0.632474754 0.774091281
1317401264.070003033 286.562580238 -50.723138635 9.864815865 0.006510609 -0.026912303 -0.633148401 0.773535030
1317401264.173991919 286.664935652 -51.255579644 9.898236916 0.005387130 -0.026529444 -0.634123190 0.772758014
1317401264.277981997 286.781544713 -51.774773740 9.917541581 0.004844352 -0.025532527 -0.634674396 0.772342562
1317401264.381952047 286.886158695 -52.265665580 9.940830390 0.004206067 -0.025137896 -0.634823044 0.772237074
1317401264.485893011 286.977810143 -52.740922317 9.971553959 0.003929308 -0.025144769 -0.634764315 0.772286582
1317401264.589834929 287.077967702 -53.200690723 9.991064015 0.003295696 -0.025154139 -0.633966350 0.772944419
1317401264.693732023 287.165928345 -53.641221440 10.020040231 0.003117387 -0.025207114 -0.632407357 0.774219490
1317401264.797626972 287.258102152 -54.046845203 10.039408026 0.002923777 -0.025132923 -0.630041096 0.776149473
1317401264.901521921 287.353926150 -54.428840889 10.072278921 0.002279054 -0.024619445 -0.627026012 0.778605850
1317401265.005414963 287.436906092 -54.788621585 10.082638157 0.000903637 -0.023538007 -0.623880604 0.781164603
1317401265.109308958 287.522344510 -55.146335352 10.096812721 -0.000287284 -0.022626166 -0.620300976 0.784037418
1317401265.213156939 287.611358376 -55.469330313 10.114489311 -0.001197933 -0.021986901 -0.615702891 0.787670674
1317401265.316956043 287.697816541 -55.799910165 10.127395247 -0.001486111 -0.021392264 -0.610121733 0.792017445
1317401265.420706987 287.783520135 -56.108714019 10.143038651 -0.001451877 -0.021088184 -0.602829757 0.797589785
1317401265.524408102 287.894379806 -56.401990663 10.158833108 -0.001012606 -0.021151815 -0.593617856 0.804468406
1317401265.628062963 287.993789634 -56.708712848 10.187532448 -0.000375636 -0.020690165 -0.582048340 0.812890833
1317401265.731717110 288.096208525 -56.959058314 10.208031348 -0.000717262 -0.019106065 -0.569256724 0.821937483
1317401265.835421085 288.200006706 -57.231476458 10.226127071 -0.002232724 -0.016996918 -0.555830714 0.831118726
1317401265.939126015 288.319334521 -57.482158072 10.231361954 -0.004227570 -0.014773390 -0.541615968 0.840485584
1317401266.042804003 288.463295892 -57.741991375 10.247977183 -0.005738485 -0.013158704 -0.526114859 0.850292346
1317401266.146482944 288.594966105 -57.967968287 10.256518704 -0.007350305 -0.011423529 -0.510020847 0.860054773
1317401266.250185013 288.708867730 -58.198913141 10.276641127 -0.009083323 -0.009933866 -0.493607808 0.869580441
1317401266.353887081 288.863592678 -58.434423918 10.278205401 -0.010276682 -0.009311300 -0.476763832 0.878922032
1317401266.457591057 289.013940727 -58.663647755 10.284521101 -0.012061936 -0.009204618 -0.459064435 0.888273398
1317401266.561305046 289.191127414 -58.891883361 10.287899465 -0.012971866 -0.008989189 -0.440617568 0.897556173
1317401266.665004969 289.386576215 -59.123428514 10.299274321 -0.013510215 -0.008399972 -0.421567699 0.906657372
1317401266.768719912 289.583300014 -59.360336211 10.300207120 -0.013514940 -0.008102891 -0.401499013 0.915723884
1317401266.872423887 289.801253819 -59.602346099 10.320018142 -0.013132371 -0.007506617 -0.380512565 0.924652031
1317401266.976129055 290.040670615 -59.828959028 10.334516730 -0.013012842 -0.006884985 -0.358616481 0.933368889
1317401267.079855919 290.304260543 -60.049126557 10.364271790 -0.013975970 -0.006107128 -0.335683273 0.941851430
1317401267.183581114 290.588708365 -60.271677049 10.352273660 -0.016450366 -0.005695157 -0.311850191 0.949971794
1317401267.287333012 290.894458948 -60.481982701 10.351218779 -0.018382800 -0.004962476 -0.287508241 0.957588877
1317401267.391134024 291.212857778 -60.684511669 10.351334682 -0.018945279 -0.003959023 -0.263911192 0.964352781
1317401267.494982004 291.571004983 -60.895947584 10.356668455 -0.019124391 -0.002526660 -0.241303748 0.970257891
1317401267.598850965 291.956660577 -61.099104883 10.374096954 -0.019424666 -0.001004678 -0.219424158 0.975435652
1317401267.702765942 292.369721269 -61.285731907 10.385669121 -0.020409808 -0.001009954 -0.198425500 0.979902924
1317401267.806734085 292.824220584 -61.460073824 10.378374822 -0.020750809 -0.002124780 -0.178651021 0.983691365
1317401267.910723925 293.296391556 -61.635656980 10.381276955 -0.020807354 -0.002830573 -0.160036142 0.986887772
1317401268.014763117 293.814798083 -61.807605454 10.372852035 -0.019703427 -0.003468171 -0.142652150 0.989570670
1317401268.118803024 294.365057611 -61.968827882 10.391747696 -0.018243394 -0.003089732 -0.125075702 0.991974647
1317401268.222794056 294.936845631 -62.119839040 10.367741514 -0.016010791 -0.001839309 -0.106601004 0.994171262
1317401268.326785088 295.538154844 -62.247267502 10.408080469 -0.012420285 0.001045699 -0.088185721 0.996026065
1317401268.430824041 296.168950270 -62.355694059 10.405247686 -0.011183102 0.004580055 -0.070371778 0.997447630
1317401268.534887075 296.825486071 -62.447567542 10.403012957 -0.009952280 0.006086292 -0.053867328 0.998479955
1317401268.638950109 297.523927376 -62.505396326 10.376279903 -0.007613759 0.005015801 -0.038269583 0.999225856
1317401268.743036985 298.252974402 -62.571187798 10.400829238 -0.003843869 0.002846181 -0.023430330 0.999714031
1317401268.847172976 298.973255526 -62.594085312 10.380246154 -0.002249488 0.002196297 -0.009587251 0.999949099
1317401268.951281071 299.767994416 -62.622080077 10.364914360 0.000730973 0.003216178 0.003497688 0.999988444
1317401269.055344105 300.588759282 -62.618701307 10.362493496 0.004471804 0.006388025 0.017993355 0.999807699
1317401269.159404993 301.430094683 -62.582271611 10.367190408 0.007526515 0.008404350 0.032634678 0.999403670
1317401269.263444901 302.281591619 -62.542971663 10.367108735 0.009890531 0.010044873 0.047042678 0.998793404
1317401269.367508888 303.142529030 -62.451368150 10.357541005 0.011043934 0.012705576 0.060218089 0.998043276
1317401269.471616030 304.051414147 -62.328347196 10.341263448 0.009086937 0.014476809 0.072334811 0.997233937
1317401269.575705051 304.949829001 -62.187995810 10.308122896 0.005704642 0.014072158 0.083226208 0.996414989
1317401269.679817915 305.872089666 -62.023043149 10.287511408 0.003784571 0.012216572 0.092972751 0.995586510
1317401269.783977032 306.828970564 -61.841700982 10.267703545 0.003064422 0.009972682 0.101544674 0.994776273
1317401269.888135910 307.798796346 -61.636509198 10.245603302 0.001091718 0.008204396 0.108248004 0.994089466
1317401269.992291927 308.791078046 -61.398228416 10.218255914 -0.001123782 0.008456405 0.113748480 0.993472954
1317401270.096449137 309.826769780 -61.159637778 10.184100823 -0.001742447 0.010787464 0.118516388 0.992891968
1317401270.200610161 310.837339118 -60.897630890 10.181300636 -0.001922744 0.012519708 0.122392846 0.992400902
1317401270.304790974 311.876388857 -60.632618383 10.162332191 -0.003592597 0.012765629 0.125277266 0.992033134
1317401270.408973932 312.902841218 -60.377973006 10.141054265 -0.003379226 0.014269899 0.126808857 0.991818766
1317401270.513151884 313.926285921 -60.104706900 10.126537186 -0.004284722 0.015422207 0.127780348 0.991673323
1317401270.617358923 314.955373280 -59.828230235 10.114631242 -0.004115124 0.014598885 0.128026054 0.991654813
1317401270.721547127 315.977399608 -59.559398786 10.098144676 -0.004064183 0.013319220 0.127712687 0.991713442
1317401270.825681925 317.005899409 -59.276920674 10.075679649 -0.004386667 0.013270674 0.127247998 0.991772450
1317401270.929817200 318.064121600 -58.994700434 10.043729017 -0.004931208 0.013768980 0.126649769 0.991839672
1317401271.033927917 319.103850234 -58.723168521 10.030660861 -0.004473365 0.014702109 0.126462387 0.991852359
1317401271.137990952 320.126862075 -58.452298038 10.015571610 -0.004297478 0.014766140 0.126256793 0.991878377
1317401271.242026091 321.152035364 -58.176386146 9.987849227 -0.004490365 0.015010901 0.125954919 0.991912228
1317401271.346041203 322.184755672 -57.904754272 9.973611320 -0.004352319 0.015053057 0.125642046 0.991951883
1317401271.450035095 323.218632738 -57.637470783 9.959062076 -0.004910934 0.014139506 0.125305389 0.992005301
1317401271.554003000 324.250847768 -57.367083207 9.942512765 -0.004643011 0.012729179 0.124996396 0.992064671
1317401271.657969952 325.275278696 -57.100940109 9.923970244 -0.004104143 0.012626806 0.124957228 0.992073289
1317401271.761934996 326.295713669 -56.834053266 9.899761192 -0.003627895 0.013946207 0.124472929 0.992118356
1317401271.865901709 327.327645889 -56.566690759 9.882343685 -0.002575793 0.015738445 0.124012468 0.992152496
1317401271.969846010 328.338463668 -56.306521713 9.870340245 -0.002023133 0.016482401 0.123560740 0.992198055
1317401272.073787928 329.356140551 -56.039119454 9.852511212 -0.001238088 0.016128945 0.123016169 0.992272819
1317401272.177731037 330.371823101 -55.781515124 9.837323762 -0.001146063 0.015020173 0.122364563 0.992370896
1317401272.281673908 331.377490514 -55.524607519 9.815061707 -0.001235484 0.014455921 0.121756864 0.992453911
1317401272.385617971 332.366257336 -55.272572875 9.784139635 -0.001107870 0.015890377 0.121119064 0.992510172
1317401272.489536047 333.347867824 -55.022496294 9.776353866 -0.001781349 0.018294939 0.120538432 0.992538467
1317401272.593430996 334.320056360 -54.778121030 9.778454217 -0.002160289 0.018816705 0.119990303 0.992594374
1317401272.697324991 335.279479527 -54.534040198 9.760995406 -0.002476430 0.018386964 0.119710919 0.992635423
1317401272.801244020 336.228350344 -54.297321740 9.731004729 -0.002555668 0.018127629 0.119271454 0.992692892
1317401272.905163050 337.172151565 -54.058707027 9.707800031 -0.002983071 0.018270135 0.118932190 0.992729791
1317401273.009082079 338.093888246 -53.822888204 9.686118802 -0.003822952 0.018042826 0.118740553 0.992754009
1317401273.112999916 339.005522283 -53.604031689 9.679618622 -0.003780982 0.017284848 0.118519768 0.992794038
1317401273.216943026 339.864446579 -53.385235265 9.669494978 -0.004168775 0.015558107 0.118376996 0.992838080
1317401273.320887089 340.713855907 -53.180823600 9.642018160 -0.004311474 0.015283439 0.118016049 0.992884706
1317401273.424804211 341.567931759 -52.957485233 9.614957083 -0.004087525 0.017288098 0.118005385 0.992854039
1317401273.528723001 342.400970529 -52.760546959 9.594756005 -0.004007648 0.020621122 0.117659466 0.992831787
1317401273.632641077 343.165007132 -52.565497748 9.578961406 -0.004399943 0.022717005 0.117322286 0.992824284
1317401273.736584902 343.981725474 -52.366162785 9.579137979 -0.003984654 0.023161200 0.117192395 0.992831115
1317401273.840553045 344.701120438 -52.192751054 9.561307566 -0.002852358 0.022010281 0.116821339 0.992904923
1317401273.944519281 345.462232527 -52.006454510 9.545976913 -0.003310077 0.020941355 0.116483267 0.992966340
1317401274.048484087 346.150346585 -51.840634747 9.529064541 -0.003647773 0.019609795 0.115893550 0.993061345
1317401274.152499914 346.840304959 -51.668892952 9.505270246 -0.004823243 0.019000501 0.114313657 0.993251280
1317401274.256587029 347.492177486 -51.516720810 9.492953982 -0.006020882 0.018854771 0.110897096 0.993634782
1317401274.360743284 348.106205559 -51.382971300 9.477508798 -0.007202803 0.018942413 0.105129764 0.994251999
1317401274.464951038 348.713428344 -51.250697479 9.468875948 -0.008316487 0.019411684 0.097504946 0.995010959
1317401274.569206953 349.282865183 -51.132192125 9.450215346 -0.009224864 0.019542946 0.087418883 0.995937204
1317401274.673507929 349.816464724 -51.041783813 9.443902656 -0.010065413 0.019663081 0.075296280 0.996916506
1317401274.777858019 350.325216888 -50.957685033 9.433728767 -0.011203585 0.019132384 0.061169108 0.997881141
1317401274.882258892 350.819922259 -50.891378165 9.424970943 -0.012571460 0.018136709 0.044364316 0.998771658
1317401274.986659050 351.277851736 -50.852712846 9.407816362 -0.012954109 0.017318061 0.025150644 0.999449709
1317401275.091058016 351.724714707 -50.836960429 9.400628066 -0.011819005 0.016810892 0.005008941 0.999776283
1317401275.195431948 352.199211053 -50.817483492 9.395637658 -0.010079022 0.016166328 -0.015769618 0.999694144
1317401275.299782991 352.619172002 -50.835733692 9.397792162 -0.009650994 0.015362351 -0.037313123 0.999138923
1317401275.404131889 353.011783688 -50.864577205 9.388196132 -0.010222924 0.014366346 -0.060174526 0.998032127
1317401275.508457899 353.416880438 -50.911431718 9.377629216 -0.010987220 0.013646499 -0.083600454 0.996345331
1317401275.612760067 353.797787763 -50.976725241 9.377444812 -0.011128517 0.013155846 -0.106516025 0.994161665
1317401275.717036963 354.168247655 -51.060257625 9.375687160 -0.010698742 0.012596016 -0.128918306 0.991517497
1317401275.821269035 354.518875351 -51.141891611 9.382581181 -0.009611168 0.011505924 -0.151035773 0.988414607
1317401275.925452948 354.850156408 -51.246969035 9.384125028 -0.009861654 0.010424046 -0.172534663 0.984898917
1317401276.029637098 355.159118339 -51.355074589 9.372471238 -0.010507497 0.008891472 -0.194046019 0.980895854
1317401276.133796930 355.461352378 -51.471830939 9.368293802 -0.010126018 0.007129097 -0.215173262 0.976497367
1317401276.237883091 355.731030921 -51.605846991 9.362851573 -0.008824817 0.005150455 -0.235121731 0.971912222
1317401276.341922045 355.979927995 -51.736653328 9.368539711 -0.006326477 0.002701842 -0.253317503 0.967358733
1317401276.445913076 356.201419103 -51.864815827 9.374724035 -0.003134382 0.000402498 -0.270391034 0.962745399
1317401276.549853086 356.411779394 -51.987432792 9.388164379 -0.000997292 -0.001094216 -0.286030433 0.958219390
1317401276.653749943 356.589973472 -52.101829101 9.398487226 -0.000973810 -0.002270115 -0.300075621 0.953912218
1317401276.757646084 356.748061839 -52.209596512 9.402700401 -0.003327685 -0.003344490 -0.313415724 0.949604299
1317401276.861563921 356.896873328 -52.306654744 9.396988955 -0.006313035 -0.004000276 -0.327027435 0.944985291
1317401276.965481997 357.049348146 -52.418237199 9.387425917 -0.009257379 -0.003871819 -0.340472488 0.940200933
1317401277.069400072 357.186586941 -52.530400366 9.392202070 -0.011383178 -0.002718023 -0.353758577 0.935263548
1317401277.173321009 357.327727288 -52.643709391 9.395003369 -0.013504136 -0.001126489 -0.366883314 0.930168266
1317401277.277264118 357.478256017 -52.758609983 9.394022138 -0.015554651 0.000141064 -0.379851492 0.924916687
1317401277.381231070 357.608101441 -52.886103244 9.383654369 -0.016035608 0.000011655 -0.392934532 0.919426622
1317401277.485196114 357.723208473 -53.019492644 9.394778815 -0.015235404 -0.001116058 -0.405988959 0.913750295
1317401277.589184046 357.835140493 -53.151722170 9.402793597 -0.013572817 -0.002539879 -0.418830122 0.907959612
1317401277.693173647 357.960945008 -53.291020831 9.403908240 -0.011629337 -0.002646363 -0.431677168 0.901949321
1317401277.797117949 358.080404474 -53.428785748 9.422824762 -0.009371457 -0.001388600 -0.443922750 0.896014977
1317401277.901036978 358.202099306 -53.578315973 9.427562900 -0.008301004 -0.000614843 -0.455426774 0.890234334
1317401278.004956007 358.307882283 -53.718958390 9.429814111 -0.007349668 -0.000729953 -0.466447845 0.884517867
1317401278.108875036 358.399569440 -53.865195700 9.438167703 -0.007115318 -0.001758526 -0.476782824 0.878990568
1317401278.212769985 358.506776773 -54.027737028 9.449447049 -0.006800436 -0.002563641 -0.486994884 0.873374584
1317401278.316641092 358.609682886 -54.176707314 9.461631988 -0.007191761 -0.001960643 -0.496658350 0.867914119
1317401278.420535088 358.713631883 -54.339652834 9.463108470 -0.008510677 -0.000236925 -0.506102085 0.862431558
1317401278.524430037 358.812024277 -54.507626729 9.449743927 -0.009514683 0.001058700 -0.515449831 0.856866280
1317401278.628303051 358.897101803 -54.665616887 9.445138182 -0.008065980 0.001116992 -0.524059621 0.851642651
1317401278.732171059 358.980114382 -54.837000435 9.461845871 -0.005264945 0.000548999 -0.532200669 0.846601693
1317401278.836016893 359.072486607 -55.011019940 9.476111574 -0.002846221 -0.000312085 -0.539625777 0.841900126
1317401278.939819098 359.148070905 -55.193100095 9.494619662 -0.001513007 0.000198831 -0.546478549 0.837471711
1317401279.043596983 359.231987989 -55.365574626 9.499127504 -0.001641806 0.001315970 -0.552634522 0.833421057
1317401279.147396088 359.323793098 -55.538275559 9.511139534 -0.002750605 0.002113564 -0.557954334 0.829864404
1317401279.251192093 359.402354630 -55.709944561 9.491006275 -0.003783454 0.001466900 -0.562944252 0.826484908
1317401279.354989052 359.474057262 -55.893972608 9.492195341 -0.003394447 -0.001258603 -0.567680579 0.823240945
1317401279.458811998 359.517788377 -56.071192612 9.495041849 -0.002096785 -0.005256427 -0.572426787 0.819936306
1317401279.562634945 359.583862437 -56.251973853 9.518755245 -0.001182764 -0.007193720 -0.577786784 0.816155184
1317401279.666460276 359.656492399 -56.442320453 9.522716035 -0.002049551 -0.006441302 -0.582889058 0.812523634
1317401279.770282030 359.728417026 -56.626049921 9.524005743 -0.003511815 -0.005341299 -0.587851448 0.808943640
1317401279.874080658 359.797963106 -56.819741639 9.520611301 -0.004937194 -0.004979556 -0.592349754 0.805650419
1317401279.977854013 359.873783445 -57.005449321 9.516732996 -0.005160865 -0.005430339 -0.596395081 0.802656081
1317401280.081603050 359.950056009 -57.210893935 9.518624118 -0.005055212 -0.007483621 -0.599294088 0.800478005
1317401280.185355663 360.012986742 -57.435346528 9.531224768 -0.005111981 -0.010230908 -0.601219029 0.799002425
1317401280.289082766 360.095744473 -57.667524054 9.540240443 -0.006632537 -0.012156365 -0.602108106 0.798294470
1317401280.392808914 360.168641025 -57.916616418 9.544028435 -0.008873323 -0.012390482 -0.602092278 0.798281046
1317401280.496583939 360.244174576 -58.171662630 9.535108062 -0.009973771 -0.011920451 -0.602145980 0.798234706
1317401280.600359917 360.321572879 -58.450503406 9.543584487 -0.009705378 -0.011187986 -0.602220318 0.798192535
1317401280.704159021 360.406323890 -58.743080256 9.556712108 -0.008861821 -0.010853231 -0.602188519 0.798230959
1317401280.807956934 360.492374651 -59.036640879 9.573593317 -0.008836421 -0.010307406 -0.602349579 0.798116946
1317401280.911756039 360.587344306 -59.355271664 9.589776312 -0.009160614 -0.009170299 -0.602640636 0.797907421
1317401281.015553951 360.678970330 -59.654822304 9.593483625 -0.009834651 -0.007313354 -0.602939313 0.797692910
1317401281.119353056 360.770487370 -59.974572806 9.601412617 -0.009589546 -0.006193656 -0.603191028 0.797515055
1317401281.223202705 360.865825306 -60.298540776 9.614731308 -0.008872967 -0.005872704 -0.603841232 0.797033593
1317401281.327075005 360.971399197 -60.632251822 9.635372169 -0.008505167 -0.005450621 -0.604908222 0.796231119
1317401281.430941105 361.066922801 -60.972334328 9.646260978 -0.008661340 -0.004960071 -0.605570061 0.795729401
1317401281.534818888 361.157867221 -61.319359712 9.651667532 -0.009129160 -0.004177945 -0.606037564 0.795372664
1317401281.638714075 361.260108142 -61.683190092 9.656517785 -0.008701516 -0.003354917 -0.606837349 0.794771326
1317401281.742647886 361.353925730 -62.030295448 9.668924691 -0.006932951 -0.003324723 -0.608097937 0.793824779
1317401281.846590042 361.458817142 -62.394565262 9.680337851 -0.005504440 -0.003542766 -0.609253927 0.792948171
1317401281.950532913 361.547941358 -62.772876629 9.696136874 -0.003351081 -0.004103347 -0.610492185 0.792004561
1317401282.054500103 361.638571680 -63.126949476 9.712364789 -0.002960200 -0.003858059 -0.612843848 0.790189073
1317401282.158490896 361.740492999 -63.513673098 9.728068216 -0.004593299 -0.003069651 -0.615801568 0.787881912
1317401282.262481928 361.844999415 -63.892803244 9.730577549 -0.006439184 -0.002029511 -0.618791873 0.785525961
1317401282.366447926 361.931457176 -64.274924291 9.736870310 -0.006505677 -0.002489544 -0.621790095 0.783152958
1317401282.470415115 362.026775523 -64.651513881 9.750488873 -0.005963123 -0.003756458 -0.624455722 0.781028412
1317401282.574407101 362.111426367 -65.037231412 9.762096461 -0.005031807 -0.006595549 -0.627204546 0.778810398
1317401282.678397894 362.191778240 -65.428430277 9.771255141 -0.004355855 -0.009482797 -0.630392015 0.776206809
1317401282.782339096 362.281930799 -65.841790436 9.771067131 -0.003791198 -0.010754078 -0.633644261 0.773540514
1317401282.886281013 362.369527295 -66.261785093 9.784648397 -0.003783721 -0.010557142 -0.636543133 0.771159562
1317401282.990226984 362.460998110 -66.680121198 9.794935589 -0.004279847 -0.009987437 -0.638771136 0.769320070
1317401283.094145060 362.548417305 -67.108574566 9.806861205 -0.004717178 -0.009632468 -0.640725657 0.767694989
1317401283.198039055 362.621874818 -67.573692847 9.816629660 -0.003772138 -0.009634803 -0.641979533 0.766651955
1317401283.301911116 362.718681892 -68.035072611 9.829433551 -0.000969255 -0.011207669 -0.642752957 0.765990917
1317401283.405731916 362.803577554 -68.515796768 9.849040908 0.001663443 -0.013824630 -0.642436049 0.766212787
1317401283.509484053 362.899081762 -68.990620294 9.876004735 0.002512465 -0.015229199 -0.641012299 0.767375391
1317401283.613185883 363.018071023 -69.470695436 9.892634835 0.002634565 -0.016066357 -0.637575713 0.770215646
1317401283.716840029 363.124192284 -69.966593404 9.899290219 0.002744469 -0.016076355 -0.631328232 0.775344234
1317401283.820473909 363.256487802 -70.464493496 9.913723419 0.002987540 -0.016098024 -0.623675910 0.781511541
1317401283.924151897 363.354630376 -70.984878083 9.914863710 0.002522201 -0.014831612 -0.615211583 0.788218479
1317401284.027900934 363.505022733 -71.506239159 9.934832866 0.002013149 -0.011404110 -0.607911253 0.793920526
1317401284.131724119 363.644070806 -72.056288270 9.944322883 0.002479619 -0.010348165 -0.600927185 0.799232936
1317401284.235594034 363.804017157 -72.588729791 9.978543494 0.000781409 -0.008792880 -0.595120945 0.803587665
1317401284.339512110 363.980132105 -73.146505932 9.995605126 -0.001953513 -0.008495678 -0.590844115 0.806738643
1317401284.443527937 364.144905877 -73.711958285 10.008008202 -0.004394919 -0.010140929 -0.589242130 0.807880906
1317401284.547614098 364.331361354 -74.297845522 10.016122074 -0.008245398 -0.010156478 -0.589364049 0.807761646
1317401284.651724100 364.518811157 -74.886079405 10.013709473 -0.009787015 -0.009682627 -0.591011457 0.806545671
1317401284.755856991 364.715212356 -75.512195020 10.029017627 -0.010258826 -0.007970530 -0.593710742 0.804573665
1317401284.859992981 364.904824892 -76.138625462 10.021118432 -0.008866864 -0.005200934 -0.597394243 0.801881816
1317401284.964104891 365.100770194 -76.798231710 10.051955595 -0.005683358 -0.004451241 -0.601267311 0.799015335
1317401285.068191051 365.281752749 -77.437259121 10.069192873 -0.005110466 -0.003878173 -0.604958886 0.796230864
1317401285.172255039 365.488336224 -78.100406738 10.107990051 -0.005238074 -0.004545509 -0.608751055 0.793330986
1317401285.276292086 365.671211586 -78.761327430 10.129884041 -0.006089180 -0.006409666 -0.612397668 0.790500433
1317401285.380306005 365.856513055 -79.473319756 10.151183266 -0.007982616 -0.008032815 -0.615411179 0.788124884
1317401285.484297991 366.027619238 -80.130840247 10.157190065 -0.008975294 -0.008093657 -0.617891685 0.786170339
1317401285.588239908 366.214053823 -80.849903567 10.177354126 -0.009922466 -0.006263401 -0.619932931 0.784567063
1317401285.692158937 366.379015392 -81.527638765 10.187031850 -0.010647103 -0.004257040 -0.621254593 0.783524886
1317401285.796053648 366.553532205 -82.248994401 10.223477778 -0.010429516 -0.002787691 -0.622417141 0.782611242
1317401285.899947882 366.715701457 -82.915844733 10.245111447 -0.010343967 -0.002274190 -0.623390140 0.781839218
1317401286.003844976 366.890208524 -83.658178873 10.258687378 -0.009585283 -0.001584667 -0.624271647 0.781146927
1317401286.107716084 367.040985472 -84.326781775 10.276681064 -0.009648452 0.000276222 -0.624986640 0.780575768
1317401286.211611032 367.209986645 -85.064447448 10.311854253 -0.009542557 0.000862669 -0.625548886 0.780126135
1317401286.315506935 367.369289310 -85.730752755 10.334243135 -0.009671758 -0.001273144 -0.625899615 0.779842617
1317401286.419377804 367.546095767 -86.485035571 10.346880107 -0.011065074 -0.003412065 -0.625935096 0.779789188
1317401286.523247004 367.696128507 -87.140738874 10.374364837 -0.012199710 -0.004181798 -0.626024921 0.779696401
1317401286.627142906 367.864679533 -87.889576286 10.378542448 -0.011993998 -0.004607609 -0.626078951 0.779653808
1317401286.731039047 368.018052072 -88.552771708 10.396303370 -0.011713850 -0.003718068 -0.626045869 0.779689381
1317401286.834882975 368.190094084 -89.285978968 10.418870413 -0.011231656 -0.003524289 -0.625844450 0.779859060
1317401286.938728094 368.343546182 -89.959610514 10.453425355 -0.012299811 -0.002965515 -0.625301430 0.780280746
1317401287.042599916 368.509145526 -90.669346404 10.466038206 -0.013206990 -0.002026210 -0.624834143 0.780643173
1317401287.146471977 368.664403680 -91.346666378 10.480861763 -0.012790049 -0.000133630 -0.624613472 0.780829308
1317401287.250366926 368.827188746 -92.041314335 10.496764023 -0.012292510 0.001666967 -0.624296932 0.781088636
1317401287.354283094 368.991403038 -92.730671353 10.518636559 -0.012740487 0.003456041 -0.624050614 0.781272403
1317401287.458178043 369.160133756 -93.431020284 10.547630371 -0.015238117 0.005221006 -0.623306384 0.781811801
1317401287.562073946 369.325894249 -94.107020211 10.569959825 -0.016443930 0.004550366 -0.622603458 0.782351472
1317401287.665967941 369.500756421 -94.822268364 10.600855572 -0.018219148 0.003069578 -0.621605049 0.783112893
1317401287.769839048 369.662643740 -95.477315769 10.625792579 -0.019587745 0.001578570 -0.620302906 0.784116148
1317401287.873734951 369.837623958 -96.172384975 10.648827219 -0.022215473 0.002893778 -0.619091596 0.784999168
1317401287.977629900 370.005831759 -96.820108076 10.657720405 -0.022343933 0.002962005 -0.617759472 0.786044025
1317401288.081523895 370.176344380 -97.516691709 10.687305513 -0.022142716 0.002548114 -0.616540924 0.787007304
1317401288.185466766 370.336633182 -98.174631442 10.711960229 -0.022842300 0.001356770 -0.615885674 0.787503159
1317401288.289408922 370.512701276 -98.862753552 10.739734181 -0.025044508 0.000125341 -0.615703747 0.787579617
1317401288.393352032 370.684056015 -99.526308013 10.755705964 -0.025621896 -0.000741564 -0.615843868 0.787451141
1317401288.497318983 370.856087512 -100.207647190 10.787504890 -0.024032083 -0.001812682 -0.615948984 0.787417312
1317401288.601309299 371.018942141 -100.862347134 10.807601219 -0.022898997 -0.001562140 -0.616480067 0.787035910
1317401288.705299854 371.183233297 -101.532170168 10.840331015 -0.021265336 -0.000703654 -0.616863399 0.786782585
1317401288.809288979 371.354897663 -102.195023489 10.863543725 -0.020227552 0.000152347 -0.617444282 0.786354488
1317401288.913280010 371.518503818 -102.870381453 10.897353535 -0.020030974 0.000060798 -0.617645967 0.786201130
1317401289.017247915 371.685924005 -103.510088773 10.932346140 -0.019153914 -0.002139183 -0.617829892 0.786075554
1317401289.121216059 371.844198836 -104.207450601 10.957843943 -0.019109833 -0.003739742 -0.618024411 0.785917716
1317401289.225183964 372.003799523 -104.843086764 10.974869217 -0.018692177 -0.004626895 -0.618251028 0.785744781
1317401289.329124212 372.169085332 -105.532187268 11.003134585 -0.018642535 -0.004070715 -0.618437433 0.785602334
1317401289.433067083 372.329529124 -106.168257809 11.017348564 -0.017127428 -0.003719879 -0.618344353 0.785711827
1317401289.537009001 372.501258461 -106.857279280 11.077889728 -0.016432899 -0.004007671 -0.618058920 0.785949789
1317401289.640952110 372.664346298 -107.495033215 11.090800867 -0.016439170 -0.003163249 -0.617770452 0.786180270
1317401289.744920015 372.836619990 -108.167487896 11.111578963 -0.017704909 -0.002334744 -0.617767446 0.786158042
1317401289.848886013 372.997700153 -108.823353911 11.146313193 -0.017792759 -0.002478822 -0.618071655 0.785916473
1317401289.952877998 373.164965337 -109.490818050 11.161780982 -0.017695943 -0.003274350 -0.618378262 0.785674524
1317401290.056869030 373.322858911 -110.134133527 11.200294544 -0.018667365 -0.003132411 -0.619036128 0.785134377
1317401290.160811663 373.495937887 -110.825813595 11.205422104 -0.019012016 -0.002758858 -0.619426933 0.784819219
1317401290.264755011 373.648915687 -111.452751051 11.234613016 -0.017792496 -0.002916149 -0.619346608 0.784910633
1317401290.368721008 373.808700866 -112.119240775 11.263182569 -0.015767720 -0.004306981 -0.619447854 0.784867622
1317401290.472665071 373.965317825 -112.780476368 11.304468656 -0.015392352 -0.004698330 -0.619867587 0.784541379
1317401290.576591969 374.130523280 -113.442714591 11.313837378 -0.016209057 -0.003696918 -0.619885844 0.784515863
1317401290.680509090 374.292806545 -114.096800975 11.343068810 -0.016550162 -0.003004618 -0.620064263 0.784370686
1317401290.784420013 374.458531914 -114.767192327 11.364364662 -0.016168391 -0.003351598 -0.619920806 0.784490627
1317401290.888314009 374.607801037 -115.404550939 11.397007028 -0.014942057 -0.004805322 -0.619678907 0.784698475
1317401290.992207050 374.762767044 -116.074126296 11.434063616 -0.015991381 -0.006741062 -0.619543704 0.784770306
1317401291.096101999 374.929966514 -116.733355330 11.455439132 -0.018117222 -0.008219412 -0.619396159 0.784826481
1317401291.199997902 375.096110643 -117.390117693 11.475782122 -0.018893702 -0.007780468 -0.619114400 0.785034937
1317401291.303917885 375.250701395 -118.030938765 11.502766425 -0.018065519 -0.006262048 -0.619048047 0.785120334
1317401291.407835960 375.416798714 -118.713536725 11.515387777 -0.016614461 -0.004621619 -0.619245564 0.785007982
1317401291.511754990 375.568494126 -119.350292021 11.554437962 -0.015394242 -0.003089997 -0.619260292 0.785028764
1317401291.615674973 375.729818403 -120.007486873 11.590380966 -0.015703192 -0.002563950 -0.619406520 0.784909166
1317401291.719593048 375.894325017 -120.650257133 11.627643240 -0.017069536 -0.002688610 -0.619584315 0.784739880
1317401291.823513031 376.059468639 -121.314109659 11.646538537 -0.017558133 -0.004406700 -0.619764467 0.784579058
1317401291.927431822 376.214209715 -121.957829709 11.673510958 -0.017948477 -0.005067672 -0.619950085 0.784419571
1317401292.031374931 376.374189388 -122.634895446 11.696901008 -0.016769116 -0.004790371 -0.620296798 0.784173279
1317401292.135341167 376.536526372 -123.273603548 11.708246789 -0.016380516 -0.002024233 -0.620640592 0.783921448
1317401292.239284039 376.703557835 -123.962343744 11.729116320 -0.015785906 -0.000646347 -0.620990593 0.783658772
1317401292.343226910 376.854190928 -124.581185406 11.772644385 -0.015483786 -0.001116185 -0.621126667 0.783556424
1317401292.447192907 377.021884212 -125.278724272 11.803768622 -0.015892851 -0.002492294 -0.621212734 0.783476831
1317401292.551160097 377.170141705 -125.902723710 11.822734328 -0.017438782 -0.002718095 -0.621566798 0.783162318
1317401292.655102968 377.332151847 -126.563069922 11.837269886 -0.016856267 -0.002693782 -0.622100710 0.782751121
1317401292.759049892 377.487559036 -127.227938291 11.845960760 -0.014756371 -0.002217702 -0.622198239 0.782717499
1317401292.863016844 377.642818048 -127.902686306 11.888118255 -0.014134568 -0.002646122 -0.622500985 0.782486892
1317401292.966955662 377.803636611 -128.547675469 11.913408951 -0.014785452 -0.003420722 -0.622752444 0.782271745
1317401293.070898294 377.956874769 -129.227287465 11.930731061 -0.015372027 -0.004729837 -0.622637625 0.782345012
1317401293.174840927 378.099507800 -129.863608698 11.958264309 -0.014789122 -0.006417318 -0.622583914 0.782386969
1317401293.278783083 378.257597719 -130.548001759 11.979412400 -0.014616824 -0.007543090 -0.622735430 0.782259570
1317401293.382725954 378.416076751 -131.184402304 12.021748222 -0.015468101 -0.008853819 -0.622751419 0.782216733
1317401293.486668110 378.575431670 -131.850695088 12.054693735 -0.016433507 -0.010330061 -0.622576280 0.782318353
1317401293.590610981 378.727446401 -132.507484064 12.070943182 -0.015913798 -0.009220489 -0.622437671 0.782453244
1317401293.694554090 378.885451754 -133.181982370 12.086194790 -0.015439470 -0.006017056 -0.622245745 0.782646568
1317401293.798496008 379.044159609 -133.828596124 12.109238754 -0.013983405 -0.003219277 -0.621986691 0.782896326
1317401293.902439117 379.209888169 -134.508533568 12.154306511 -0.012412945 -0.003427244 -0.621646724 0.783191881
1317401294.006382942 379.357894416 -135.141296674 12.187946480 -0.013203312 -0.004735032 -0.621378465 0.783384998
1317401294.110301971 379.519136379 -135.828371910 12.213867416 -0.014168671 -0.006230985 -0.621240275 0.783467258
1317401294.214242935 379.675829514 -136.477676251 12.233348026 -0.013886641 -0.005470655 -0.620878935 0.783764366
1317401294.318186045 379.834758167 -137.134233285 12.244338858 -0.012392139 -0.003983361 -0.620577216 0.784037299
1317401294.422106028 379.980718416 -137.797968756 12.257057981 -0.008477178 -0.003641533 -0.620509550 0.784144613
1317401294.526022911 380.145124301 -138.456773308 12.296355440 -0.008039593 -0.005257594 -0.620122282 0.784446352
1317401294.629942894 380.300138235 -139.095517285 12.343903696 -0.010694403 -0.008127137 -0.620176911 0.784346976
1317401294.733861923 380.467254267 -139.762119817 12.350900060 -0.014465969 -0.010474025 -0.620364402 0.784110349
1317401294.837779999 380.616967043 -140.404056368 12.380083838 -0.015789407 -0.011261378 -0.620138317 0.784252729
1317401294.941699028 380.773211660 -141.071221765 12.390218903 -0.013156902 -0.011158650 -0.620052857 0.784370343
1317401295.045639992 380.927660967 -141.727524841 12.420435316 -0.011404189 -0.008856003 -0.620406228 0.784147708
1317401295.149584055 381.093017613 -142.378855991 12.450215568 -0.011695465 -0.008016411 -0.620493573 0.784083337
1317401295.253503084 381.252404698 -143.018156314 12.497280099 -0.013945228 -0.009799319 -0.620318091 0.784165142
1317401295.357420683 381.409699131 -143.671787657 12.512177867 -0.013809921 -0.013119275 -0.620182794 0.784226034
1317401295.461338997 381.557031502 -144.304920859 12.555576058 -0.014081291 -0.013823161 -0.620160710 0.784226582
1317401295.565282106 381.715934232 -144.954993007 12.564313214 -0.013536735 -0.011961011 -0.620337476 0.784126971
1317401295.669250965 381.871193783 -145.588401228 12.597290261 -0.012380792 -0.009172112 -0.620555916 0.784010806
1317401295.773195982 382.027827745 -146.232842069 12.626021948 -0.012200710 -0.006885862 -0.620691151 0.783929985
1317401295.877137899 382.174705734 -146.855892788 12.668094512 -0.012221606 -0.006579362 -0.620803534 0.783843299
1317401295.981126070 382.332336332 -147.479453965 12.696224387 -0.012665660 -0.006889337 -0.620901289 0.783756153
1317401296.085117102 382.469856109 -148.093654968 12.724000514 -0.013041474 -0.007118653 -0.621265964 0.783458899
1317401296.189086914 382.620868930 -148.726414068 12.736226530 -0.012272883 -0.007132805 -0.621704478 0.783123261
1317401296.293055058 382.764791936 -149.329328321 12.762117192 -0.012774381 -0.005570914 -0.621937482 0.782942877
1317401296.396992922 382.905033623 -149.918274931 12.789416965 -0.013367950 -0.004915332 -0.622066777 0.782834633
1317401296.500935078 383.044189446 -150.485578806 12.816073061 -0.013952004 -0.004646214 -0.622255918 0.782675748
1317401296.604902029 383.179145456 -151.058087206 12.837219351 -0.012335454 -0.007026358 -0.622209607 0.782721963
1317401296.708890915 383.297798851 -151.602397003 12.872714839 -0.010421664 -0.009526163 -0.622202550 0.782728962
1317401296.812906981 383.418402140 -152.133572893 12.895784594 -0.010035148 -0.009713456 -0.622525856 0.782474602
1317401296.916920900 383.546970059 -152.649841659 12.902125148 -0.010913715 -0.007590381 -0.622907546 0.782182502
1317401297.020911217 383.665386330 -153.121936421 12.919921486 -0.011468170 -0.006145206 -0.623181597 0.781968935
1317401297.124877930 383.773737139 -153.591572403 12.945220106 -0.010650965 -0.006440101 -0.623280934 0.781898944
1317401297.228873014 383.873397333 -154.034843426 12.966124429 -0.008972911 -0.007762873 -0.623301132 0.781891887
1317401297.332865000 383.968724941 -154.452770302 12.993293000 -0.008417632 -0.008273563 -0.623515607 0.781721804
1317401297.436853647 384.066715507 -154.862888887 13.016365260 -0.008362336 -0.008752307 -0.623955213 0.781366342
1317401297.540868044 384.161545126 -155.244468413 13.025960810 -0.009250490 -0.008140320 -0.624393811 0.781012504
1317401297.644881964 384.251040987 -155.612122463 13.032479218 -0.009009068 -0.007706752 -0.624708801 0.780767799
1317401297.748895884 384.337103952 -155.994744373 13.048705435 -0.007325741 -0.007566378 -0.625124549 0.780453959
1317401297.852910042 384.405441049 -156.316022997 13.071138741 -0.004920852 -0.008310719 -0.625390633 0.780252058
1317401297.956899881 384.479532537 -156.631680316 13.094116566 -0.003825000 -0.008952134 -0.625760530 0.779954478
1317401298.060866117 384.557107140 -156.946293891 13.108023077 -0.003950877 -0.008383100 -0.625955117 0.779804017
1317401298.164859056 384.603870240 -157.197688188 13.118451607 -0.004155142 -0.007534235 -0.626011447 0.779766400
1317401298.268851042 384.675709222 -157.491355539 13.124353498 -0.004904923 -0.006245282 -0.626080374 0.779718093
1317401298.372817993 384.721909646 -157.697300353 13.131602152 -0.005585033 -0.005594446 -0.626352348 0.779499998
1317401298.476783991 384.782426993 -157.935758646 13.144721360 -0.005799514 -0.005608967 -0.626070201 0.779724957
1317401298.580724955 384.815713852 -158.124549981 13.148783746 -0.006496339 -0.006176347 -0.625259292 0.780365599
1317401298.684643984 384.858376539 -158.314328693 13.152581808 -0.006949565 -0.007385236 -0.623324427 0.781897577
1317401298.788515091 384.898383816 -158.483870621 13.157161771 -0.007250243 -0.008319732 -0.620480099 0.784144542
1317401298.892313957 384.970828981 -158.641994973 13.164500045 -0.007192950 -0.009062628 -0.615353715 0.788166186
1317401298.996088982 385.017545216 -158.790658731 13.169808829 -0.007363221 -0.008805034 -0.608476063 0.793489215
1317401299.099865913 385.025448377 -158.952594254 13.164918124 -0.007053473 -0.008241455 -0.601022731 0.799158310
1317401299.203617096 385.091008128 -159.096432579 13.174736848 -0.005349332 -0.006703640 -0.592189515 0.805753079
1317401299.307318926 385.127849232 -159.243016427 13.184988541 -0.004313150 -0.005774683 -0.581291000 0.813663827
1317401299.411021709 385.217475712 -159.377636791 13.189730373 -0.004200720 -0.003556975 -0.569537212 0.821947119
1317401299.514746904 385.277739360 -159.518907261 13.191147710 -0.005495815 -0.001462839 -0.556634833 0.830737816
1317401299.618424177 385.351841097 -159.640797707 13.190873231 -0.007339984 0.000970513 -0.541722923 0.840524513
1317401299.722103119 385.404895874 -159.757860249 13.196305461 -0.009251352 0.003703800 -0.525102155 0.850980858
1317401299.825855017 385.473949195 -159.865722115 13.203644024 -0.011729980 0.006421748 -0.508961214 0.860685570
1317401299.929630995 385.557594684 -160.004845602 13.200585185 -0.014554291 0.008590893 -0.492818807 0.869967811
1317401300.033381939 385.646834722 -160.099415832 13.184241759 -0.016533198 0.009849013 -0.475231891 0.879650101
1317401300.137083054 385.721284547 -160.230662316 13.187101901 -0.017969209 0.011173132 -0.456401984 0.889522062
1317401300.240787029 385.822878139 -160.354744403 13.184716892 -0.018865807 0.012264185 -0.437238691 0.899063956
1317401300.344515085 385.930061953 -160.472222335 13.203115830 -0.020680706 0.014570532 -0.416869588 0.908614194
1317401300.448241949 386.047555611 -160.598154124 13.194427232 -0.022485020 0.017089069 -0.395339154 0.918100943
1317401300.551968098 386.190286431 -160.729353032 13.190463441 -0.023242650 0.018083391 -0.372762776 0.927459262
1317401300.655694962 386.305173799 -160.842797518 13.192545231 -0.023146743 0.018619553 -0.349250405 0.936558431
1317401300.759422064 386.437981862 -160.964222425 13.196234456 -0.022849993 0.019007887 -0.325230091 0.945167692
1317401300.863195896 386.591551752 -161.080219790 13.191580436 -0.023571375 0.018710931 -0.301708430 0.952925136
1317401300.967015982 386.745302136 -161.189959452 13.186359421 -0.025227363 0.019148042 -0.278981356 0.959774107
1317401301.070888042 386.939091376 -161.290123891 13.178099963 -0.027029335 0.020248271 -0.257651084 0.965647628
1317401301.174808025 387.137341489 -161.402744571 13.164414617 -0.028361525 0.020439473 -0.237491871 0.970760250
1317401301.278727055 387.345705815 -161.518548323 13.156913905 -0.028614562 0.020089212 -0.217299946 0.975478531
1317401301.382669926 387.551758034 -161.606641653 13.150955646 -0.028630010 0.020326012 -0.197270922 0.979720041
1317401301.486635923 387.801068629 -161.701202248 13.143107484 -0.028685352 0.020486293 -0.179077903 0.983203218
1317401301.590603113 388.036655771 -161.793815648 13.137260983 -0.029014212 0.021049282 -0.160683104 0.986354928
1317401301.694569111 388.278193683 -161.872669843 13.125645061 -0.029922860 0.021364120 -0.141865997 0.989202828
1317401301.798537016 388.556569907 -161.940521874 13.115591768 -0.030287238 0.021341248 -0.123825400 0.991612074
1317401301.902504921 388.834870302 -162.017690874 13.105015352 -0.029844545 0.021020571 -0.106340819 0.993659433
1317401302.006445885 389.127073789 -162.073839862 13.094367856 -0.028278195 0.020899583 -0.088194210 0.995482462
1317401302.110363960 389.422552512 -162.126255778 13.091777160 -0.026966439 0.020130213 -0.069759594 0.996996081
1317401302.214283943 389.738736010 -162.171951091 13.086207940 -0.026744940 0.019223253 -0.050983572 0.998156225
1317401302.318178892 390.076476307 -162.199573192 13.067082305 -0.028560371 0.018019911 -0.031108370 0.998945373
1317401302.422049999 390.418827532 -162.219151871 13.041167054 -0.029916746 0.016820504 -0.011531427 0.999344328
1317401302.525968075 390.759161132 -162.225241462 13.028746197 -0.029801399 0.015292900 0.007499521 0.999410707
1317401302.629909992 391.124893551 -162.202483735 13.016921428 -0.029585003 0.012612211 0.025335826 0.999161526
1317401302.733875990 391.542847915 -162.176401467 12.995840381 -0.031457128 0.009856358 0.042261964 0.998562581
1317401302.837892056 391.932094865 -162.119989937 12.973686952 -0.032562537 0.008540546 0.057892844 0.997755060
1317401302.942027092 392.331395397 -162.066204161 12.958152378 -0.032825450 0.008751889 0.069277966 0.997018785
1317401303.046281099 392.780375926 -161.995819640 12.950734154 -0.032495297 0.008767333 0.076538165 0.996498419
1317401303.150558949 393.237420948 -161.943010304 12.938254761 -0.032317424 0.008698114 0.081470939 0.996113655
1317401303.254837036 393.736665223 -161.858442012 12.928907540 -0.031699376 0.008751761 0.085638110 0.995783445
1317401303.359091997 394.242079394 -161.767903936 12.921306948 -0.030710856 0.008506146 0.089682540 0.995460462
1317401303.463325024 394.762768650 -161.669972087 12.916958550 -0.030856800 0.007602960 0.093292263 0.995131452
1317401303.567532063 395.329384141 -161.553872838 12.897353643 -0.032177095 0.006580716 0.097160422 0.994726687
1317401303.671737909 395.887543879 -161.439637770 12.882274174 -0.032936254 0.006633575 0.099907346 0.994429344
1317401303.775968075 396.477702328 -161.310833973 12.869196536 -0.033129168 0.006665847 0.101727157 0.994238206
1317401303.880199909 397.099971002 -161.183793728 12.857227059 -0.033031364 0.006646705 0.102700126 0.994141557
1317401303.984406948 397.752272906 -161.035258117 12.845371459 -0.032683796 0.006580364 0.103185729 0.994103201
1317401304.088614941 398.377951321 -160.903459934 12.829985039 -0.032397466 0.006329942 0.103422194 0.994089627
1317401304.192795992 399.086772725 -160.752696851 12.818261422 -0.031833213 0.006517297 0.103524704 0.994095975
1317401304.296955109 399.764128253 -160.605762456 12.803118446 -0.031607122 0.007048810 0.103962900 0.994053831
1317401304.401089907 400.486322240 -160.445135038 12.789388426 -0.031345838 0.008191721 0.104249345 0.994023344
1317401304.505198956 401.231323037 -160.286517194 12.774498641 -0.031107229 0.008873825 0.104566841 0.993991635
1317401304.609286070 401.979963721 -160.116615873 12.760933012 -0.031081257 0.008718609 0.105241395 0.993922628
1317401304.713350058 402.771051921 -159.945309759 12.749132492 -0.031280324 0.008224793 0.106322740 0.993805499
1317401304.817411900 403.506204407 -159.777053041 12.727915802 -0.032006134 0.008091082 0.107313475 0.993676990
1317401304.921449900 404.357880810 -159.576102895 12.697153265 -0.032996885 0.008540265 0.108358341 0.993527423
1317401305.025489807 405.144084956 -159.408468922 12.676572908 -0.034200872 0.009643453 0.109658468 0.993333944
1317401305.129529953 405.986098718 -159.209609172 12.670674298 -0.033858798 0.010031360 0.111022028 0.993190346
1317401305.233519077 406.819868586 -159.006231661 12.646668583 -0.034210693 0.010109958 0.112969661 0.992957840
1317401305.337507725 407.684838589 -158.800506187 12.623536614 -0.034165236 0.010728830 0.115239910 0.992691993
1317401305.441499949 408.548448845 -158.588406282 12.598452124 -0.033990982 0.010905853 0.117524133 0.992428211
1317401305.545466900 409.413045174 -158.371086098 12.584995216 -0.033946966 0.010597426 0.119805854 0.992160196
1317401305.649409056 410.265595540 -158.157443365 12.555983035 -0.034621455 0.010355845 0.122154366 0.991853024
1317401305.753350973 411.149529081 -157.922698436 12.533056074 -0.034870356 0.010909744 0.124167892 0.991588307
1317401305.857319117 412.027757075 -157.700335013 12.518204328 -0.035567958 0.011860170 0.125855799 0.991339788
1317401305.961308956 412.936116014 -157.453263513 12.490327662 -0.035276405 0.012868455 0.126987441 0.991193305
1317401306.065321922 413.800998708 -157.221982020 12.476260310 -0.035442998 0.013745984 0.128152853 0.991025574
1317401306.169338226 414.690348053 -156.987318046 12.445372854 -0.035372937 0.015020733 0.128909528 0.990911432
1317401306.273330927 415.578684691 -156.738811108 12.425221787 -0.035132494 0.016152816 0.129952835 0.990765893
1317401306.377321005 416.467168226 -156.500541259 12.398070626 -0.035160198 0.017295065 0.130761387 0.990639238
1317401306.481337070 417.339578576 -156.254331913 12.380508073 -0.034730135 0.017503874 0.131042785 0.990613558
1317401306.585352898 418.216243188 -156.013511947 12.357318467 -0.034615039 0.017434456 0.130762307 0.990655873
1317401306.689342976 419.090235776 -155.775551271 12.328198481 -0.034784252 0.016992694 0.130219750 0.990729085
1317401306.793333054 419.961323125 -155.537954077 12.302797256 -0.033445252 0.016689845 0.129436133 0.990883016
1317401306.897347927 420.846268197 -155.307319750 12.281167873 -0.033603426 0.016063384 0.128124213 0.991058507
1317401307.001360893 421.681191491 -155.078336820 12.249547835 -0.033137739 0.015875239 0.126442309 0.991293201
1317401307.105376005 422.543110940 -154.851201854 12.226158570 -0.031782399 0.016051456 0.124400507 0.991593033
1317401307.209393978 423.427131413 -154.626350190 12.202294377 -0.030478258 0.016424970 0.122579568 0.991854599
1317401307.313409090 424.304515398 -154.403453422 12.180029030 -0.029174166 0.016916109 0.120977122 0.992082280
1317401307.417398930 425.164167090 -154.191355850 12.159745015 -0.028809512 0.017255337 0.119424627 0.992275175
1317401307.521388054 425.995538546 -153.987401618 12.142796553 -0.026879156 0.017585611 0.117954748 0.992499337
1317401307.625401974 426.891675906 -153.762611136 12.118569444 -0.025740937 0.017783860 0.116991755 0.992639949
1317401307.729393959 427.744909777 -153.549992801 12.090694723 -0.025775334 0.018509320 0.116295629 0.992707592
1317401307.833360910 428.551098990 -153.360892039 12.056586485 -0.025628853 0.021021997 0.115545423 0.992748958
1317401307.937350988 429.394201983 -153.147649355 12.029815564 -0.024568401 0.023492578 0.115125733 0.992769136
1317401308.041341066 430.237287135 -152.941244052 12.014390979 -0.025637785 0.024783943 0.114814900 0.992746694
1317401308.145306110 431.003073081 -152.752982349 11.988476367 -0.025489332 0.025003376 0.114526302 0.992778350
1317401308.249274015 431.813750897 -152.554186668 11.949805677 -0.024981052 0.025179084 0.114463904 0.992794025
1317401308.353266954 432.581862616 -152.370052114 11.933551680 -0.024622647 0.024582758 0.114563188 0.992806471
1317401308.457257032 433.329552947 -152.189262376 11.904378354 -0.024260720 0.023626820 0.114635967 0.992830190
1317401308.561249018 434.050382088 -152.011774895 11.878095147 -0.024438284 0.021835427 0.114835051 0.992843842
1317401308.665239096 434.731608129 -151.858525895 11.854317174 -0.025378102 0.020238512 0.115213320 0.992810277
1317401308.769206047 435.454128109 -151.681825088 11.823468503 -0.026737214 0.019307114 0.115604716 0.992747655
1317401308.873195887 436.068766450 -151.537117969 11.803521348 -0.026269103 0.019410369 0.116051324 0.992706030
1317401308.977180004 436.722745814 -151.371204177 11.786337230 -0.026398623 0.019165663 0.116482295 0.992656872
1317401309.081147909 437.326827892 -151.230605202 11.769349360 -0.026206755 0.019131010 0.116962712 0.992606133
1317401309.185120106 437.900950079 -151.087450450 11.754152519 -0.026208521 0.019219248 0.117338960 0.992559974
1317401309.289114952 438.441816040 -150.952774073 11.744222979 -0.026144850 0.018716419 0.117612642 0.992538870
1317401309.393105984 438.976920837 -150.823629399 11.728329318 -0.026092461 0.018132243 0.117813273 0.992527298
1317401309.497092962 439.488132986 -150.697133786 11.708167850 -0.025956313 0.018171309 0.117794429 0.992532390
1317401309.601109982 439.984616576 -150.571483469 11.696390732 -0.025859996 0.018355521 0.117787311 0.992532360
1317401309.705123901 440.447333996 -150.459805491 11.686922828 -0.025701353 0.018516478 0.117751483 0.992537742
1317401309.809112072 440.914607334 -150.338197805 11.671266325 -0.025794662 0.018792986 0.117799977 0.992524370
1317401309.913103104 441.356402563 -150.226780806 11.661203516 -0.025738031 0.019470258 0.117810442 0.992511543
1317401310.017117023 441.783357046 -150.125938959 11.656152865 -0.025733714 0.019706861 0.117345269 0.992562090
1317401310.121130943 442.160404116 -150.029687620 11.643472375 -0.026039224 0.019441201 0.116294034 0.992683079
1317401310.225171089 442.472271413 -149.946109144 11.632958732 -0.026611954 0.019257980 0.114178011 0.992917074
1317401310.329210043 442.833023330 -149.861897079 11.616468527 -0.026691300 0.019158998 0.111348272 0.993238174
1317401310.433227062 443.143547656 -149.782944253 11.613332051 -0.026427012 0.018662160 0.108659500 0.993552439
1317401310.537240028 443.460296019 -149.716624874 11.605399302 -0.025492907 0.018306090 0.106492954 0.993818016
1317401310.641253948 443.727750926 -149.664249253 11.596492807 -0.025512224 0.018159576 0.103930816 0.994091415
1317401310.745245934 444.014524918 -149.600550088 11.583288044 -0.025500459 0.018027289 0.101591558 0.994335908
1317401310.849235058 444.281169882 -149.541772684 11.576893413 -0.025095966 0.017464529 0.099372706 0.994580438
1317401310.953250885 444.550576426 -149.488221408 11.577258797 -0.024976168 0.016004137 0.096984643 0.994843725
1317401311.057241201 444.771235886 -149.447448794 11.572446707 -0.024759279 0.015434517 0.094952710 0.995054138
1317401311.161228895 445.041814416 -149.385755270 11.563947515 -0.024526592 0.015214141 0.093125814 0.995235931
1317401311.265222073 445.260988176 -149.333560273 11.560820867 -0.024487086 0.014844390 0.091157441 0.995424707
1317401311.369190931 445.543817919 -149.287923192 11.556647841 -0.024351140 0.014649648 0.089348678 0.995594909
1317401311.473133087 445.740307297 -149.261180004 11.548901834 -0.023847150 0.014562849 0.087911037 0.995736354
1317401311.577049971 446.025978750 -149.198817136 11.545389237 -0.023633419 0.014362359 0.087142773 0.995811890
1317401311.680974960 446.236390023 -149.158162770 11.538651678 -0.023489424 0.014069127 0.086501821 0.995875365
1317401311.784919024 446.509786826 -149.103719621 11.538173127 -0.023170189 0.013880975 0.086378925 0.995896150
1317401311.888854980 446.720944622 -149.067648291 11.536937305 -0.023291640 0.013866474 0.086251625 0.995904552
1317401311.992796898 446.967116503 -149.021850313 11.521886955 -0.023301150 0.013879554 0.086447662 0.995887150
1317401312.096740961 447.208445540 -148.983853806 11.520199082 -0.023095174 0.012626830 0.086670602 0.995889242
1317401312.200659990 447.500093643 -148.919979505 11.521296893 -0.021323993 0.011374993 0.086860785 0.995927257
1317401312.304578066 447.771209775 -148.881587130 11.513888894 -0.019334645 0.011114504 0.086841732 0.995972466
1317401312.408504009 448.092701522 -148.825378858 11.506352062 -0.018849141 0.011281415 0.087292283 0.995940509
1317401312.512423992 448.390458218 -148.766701599 11.507499319 -0.019653305 0.011682223 0.087974463 0.995860315
1317401312.616336107 448.742705625 -148.707797758 11.498273563 -0.021197181 0.011973983 0.088762193 0.995755279
1317401312.720231056 449.102012960 -148.634519694 11.485999935 -0.021914878 0.012312719 0.089849298 0.995638106
1317401312.824101925 449.465404081 -148.554530876 11.480054740 -0.022106449 0.012723589 0.090955137 0.995528291
1317401312.927994013 449.854286315 -148.495605402 11.464533598 -0.022841144 0.013228067 0.092139685 0.995396192
1317401313.031888962 450.226410038 -148.411748609 11.440291658 -0.022726783 0.013686258 0.093274264 0.995286939
1317401313.135785103 450.628985815 -148.345345114 11.435115365 -0.021011928 0.013729999 0.094194867 0.995237315
1317401313.239705086 451.048322170 -148.263040650 11.436439443 -0.019825874 0.013797681 0.095021966 0.995182086
1317401313.343597889 451.478846563 -148.175236641 11.428194875 -0.021153238 0.014440838 0.096204221 0.995032035
1317401313.447494984 451.929563162 -148.080331099 11.405912332 -0.022900092 0.015323720 0.097221535 0.994881271
1317401313.551389933 452.400806597 -147.986045451 11.388368635 -0.025176318 0.015591271 0.098128927 0.994733019
1317401313.655283928 452.869561250 -147.876112827 11.369854714 -0.026524784 0.014792830 0.099155780 0.994608335
1317401313.759200096 453.358775576 -147.779049582 11.346666589 -0.026007897 0.014675250 0.100020617 0.994537130
1317401313.863095999 453.871688836 -147.669241394 11.333336942 -0.024334863 0.015353306 0.100682279 0.994502473
1317401313.967015028 454.397849532 -147.559404389 11.322899312 -0.023813079 0.015712937 0.101113102 0.994465777
1317401314.070956945 454.945774676 -147.436611809 11.299794041 -0.023988934 0.015992954 0.102146491 0.994351473
1317401314.174876928 455.499572928 -147.317122101 11.275817825 -0.024141821 0.015908674 0.102981946 0.994262946
1317401314.278820038 456.120279435 -147.185834106 11.253487492 -0.024202298 0.016030914 0.103570338 0.994198393
1317401314.382786036 456.731617404 -147.051195371 11.234677673 -0.024120646 0.016156888 0.104157343 0.994137011
1317401314.486752987 457.340756068 -146.919681991 11.211854851 -0.023907521 0.016124955 0.105009300 0.994053048
1317401314.590696096 457.964585382 -146.777898561 11.185060845 -0.023958269 0.016190461 0.105874780 0.993958953
1317401314.694641113 458.666954199 -146.626057236 11.161800272 -0.023471649 0.016326392 0.106510818 0.993900385
1317401314.798608065 459.307641998 -146.477620304 11.141151385 -0.023276558 0.016360625 0.107345598 0.993814598
1317401314.902573109 460.038965693 -146.317966678 11.115807919 -0.022936091 0.016528044 0.108159630 0.993731480
1317401315.006539106 460.721554338 -146.164276948 11.095298430 -0.022652460 0.017014636 0.108954605 0.993642925
1317401315.110505104 461.478287954 -145.990986020 11.070637953 -0.022656525 0.017235201 0.109401556 0.993589920
1317401315.214497089 462.194761023 -145.831312335 11.048841638 -0.022737272 0.017414765 0.109847543 0.993535736
1317401315.318485975 462.959078694 -145.649534202 11.017177056 -0.021841864 0.017640722 0.110174026 0.993515688
1317401315.422452927 463.742562721 -145.468325425 10.992494878 -0.022135547 0.017224294 0.110472931 0.993483303
1317401315.526396990 464.483398185 -145.299183344 10.961680492 -0.022380977 0.017039416 0.110760326 0.993448992
1317401315.630337954 465.340931926 -145.100338263 10.926687254 -0.022269445 0.017024480 0.111033116 0.993421303
1317401315.734304905 466.082582720 -144.928618260 10.900709414 -0.022457636 0.017137949 0.111111554 0.993406346
1317401315.838272095 466.919764522 -144.733928435 10.878146101 -0.022466796 0.017397528 0.111284940 0.993382218
1317401315.942238092 467.775150922 -144.535591605 10.843003746 -0.022969815 0.017856820 0.111406400 0.993348950
1317401316.046204090 468.632904373 -144.332953533 10.815773339 -0.023027163 0.018707726 0.111714324 0.993297378
1317401316.150196075 469.452415247 -144.141240722 10.786415663 -0.023387564 0.019219201 0.111497347 0.993303572
1317401316.254188061 470.323076618 -143.944142073 10.754893242 -0.023337871 0.019114353 0.110919952 0.993371406
1317401316.358179092 471.207428740 -143.737798297 10.732290578 -0.023015372 0.018415344 0.109744193 0.993522712
1317401316.462193966 472.122111200 -143.527219582 10.689964273 -0.022999407 0.018139662 0.108650685 0.993648332
1317401316.566184044 472.997540352 -143.326212176 10.652066910 -0.021786048 0.018316993 0.107643488 0.993782036
1317401316.670150042 473.873894685 -143.131320076 10.625417931 -0.020194021 0.018668122 0.106880103 0.993891516
1317401316.774116755 474.764417994 -142.929377312 10.596969645 -0.019959728 0.018257681 0.106571012 0.993937063
1317401316.878084898 475.676969874 -142.734195709 10.569943714 -0.019404916 0.017614448 0.106437063 0.993974010
1317401316.982050896 476.578366698 -142.530555768 10.533662720 -0.019377002 0.017656471 0.106394978 0.993978314
1317401317.086018085 477.482219896 -142.332603492 10.506842776 -0.019467331 0.018473453 0.106302754 0.993971569
1317401317.189982891 478.330603840 -142.142231511 10.490800733 -0.018784783 0.019286833 0.106255813 0.993974271
1317401317.293948889 479.208074886 -141.952039240 10.467048216 -0.018020701 0.019839208 0.106144238 0.993989467
1317401317.397917032 480.100547652 -141.756476204 10.444459173 -0.017285288 0.019913956 0.106239340 0.993990873
1317401317.501859188 481.000877160 -141.554161306 10.415083609 -0.016689236 0.019898448 0.106270788 0.993998008
1317401317.605777979 481.881886103 -141.357377726 10.396331440 -0.015219536 0.019762722 0.106810881 0.993966416
1317401317.709697008 482.757053434 -141.158681774 10.374605957 -0.013824285 0.019590882 0.107972824 0.993864657
1317401317.813619852 483.585358872 -140.968876753 10.345140401 -0.013169861 0.019640547 0.109903458 0.993660925
1317401317.917515993 484.456030127 -140.764157302 10.318111827 -0.012416763 0.020063582 0.112192463 0.993406326
1317401318.021380901 485.299993047 -140.561286120 10.294819298 -0.011085669 0.020995156 0.114944264 0.993088177
1317401318.125276089 486.157552770 -140.347382418 10.273506352 -0.010876984 0.022054211 0.117481077 0.992770618
1317401318.229193926 486.924879691 -140.161478872 10.257307160 -0.011320818 0.023369968 0.119780201 0.992460774
1317401318.333137035 487.733276794 -139.954887522 10.231298826 -0.012416663 0.024490742 0.121909998 0.992161268
1317401318.437127113 488.516508555 -139.754910214 10.204001885 -0.011863941 0.025556119 0.123175248 0.991984874
1317401318.541116953 489.282362256 -139.554683043 10.180173553 -0.012508126 0.025854015 0.123914847 0.991877123
1317401318.645107031 490.026454388 -139.368066054 10.154041162 -0.012775996 0.026124325 0.124463586 0.991797918
1317401318.749123096 490.799468588 -139.168105174 10.120174255 -0.012890156 0.026788804 0.124693250 0.991749866
1317401318.853163004 491.471914393 -138.991231039 10.092893306 -0.013421156 0.027679147 0.124539662 0.991737672
1317401318.957226992 492.146530685 -138.814409808 10.067772547 -0.014205572 0.028007461 0.124212245 0.991758591
1317401319.061266899 492.862483190 -138.628455544 10.040372053 -0.014265628 0.027888374 0.123932265 0.991796110
1317401319.165306091 493.454136150 -138.473932964 10.009735043 -0.014313522 0.028004404 0.123292911 0.991871834
1317401319.269345999 494.140137826 -138.296593080 9.987920504 -0.014547565 0.028248639 0.122452013 0.991965668
1317401319.373383999 494.751134567 -138.145521325 9.957024340 -0.014531093 0.028488799 0.121331473 0.992096724
1317401319.477446079 495.334889738 -137.995983656 9.937834049 -0.014591902 0.027881972 0.119845955 0.992293615
1317401319.581510067 495.906835318 -137.857413138 9.919325074 -0.014244267 0.026761609 0.118131071 0.992535121
1317401319.685570955 496.514961322 -137.705712997 9.884543898 -0.014579638 0.025034790 0.116187721 0.992804667
1317401319.789633036 497.092629529 -137.567809158 9.856575268 -0.014935525 0.024529161 0.113840930 0.993083830
1317401319.893699884 497.662712446 -137.426371058 9.834690662 -0.014511598 0.024353060 0.111321071 0.993380069
1317401319.997764111 498.233944768 -137.298315038 9.805305090 -0.014120451 0.024299166 0.108697759 0.993677493
1317401320.101824045 498.847180937 -137.160946572 9.791933112 -0.013706281 0.024047225 0.106170549 0.993962617
1317401320.205862999 499.417089844 -137.035722888 9.769356653 -0.013227928 0.023756637 0.104038812 0.994201473
1317401320.309905052 499.975330652 -136.908225072 9.746509303 -0.012913683 0.023635621 0.102049029 0.994414697
1317401320.413943052 500.526217391 -136.789115611 9.723626647 -0.012877607 0.023437412 0.100159876 0.994611911
1317401320.517977953 501.069029806 -136.679279137 9.705351995 -0.012093907 0.023178456 0.098553767 0.994788245
1317401320.621990919 501.617615877 -136.577889635 9.682988558 -0.011326404 0.023253287 0.097448243 0.994904436
1317401320.725982904 502.163757365 -136.463739444 9.665495607 -0.010818893 0.023257023 0.097009603 0.994952863
1317401320.829998016 502.706678338 -136.352222196 9.647478623 -0.010558647 0.023101628 0.097133708 0.994947171
1317401320.933986902 503.229768044 -136.247376507 9.629480043 -0.010418981 0.023060188 0.097606469 0.994903337
1317401321.037977934 503.741342640 -136.143796767 9.605897368 -0.009372652 0.023427268 0.098525426 0.994814584
1317401321.141969919 504.242356017 -136.041401006 9.591075532 -0.008611204 0.023855703 0.099797668 0.994684462
1317401321.245938063 504.742929329 -135.938295557 9.578287633 -0.008519970 0.023657943 0.101353881 0.994532605
1317401321.349931002 505.196778105 -135.838143238 9.569289789 -0.008567472 0.023381978 0.103299623 0.994338508
1317401321.453917980 505.674880595 -135.733880166 9.550780067 -0.008475452 0.023301019 0.105346879 0.994126382
1317401321.557907104 506.133101159 -135.630292581 9.533704858 -0.008662143 0.023168253 0.107232858 0.993926211
1317401321.661900043 506.586512360 -135.527121371 9.522559942 -0.007436521 0.022618974 0.109158326 0.993739171
1317401321.765892029 507.036717968 -135.425467209 9.509709136 -0.006094158 0.022030243 0.111345887 0.993518809
1317401321.869905949 507.482877631 -135.325390234 9.497848789 -0.005645466 0.022102953 0.113521851 0.993273566
1317401321.973917007 507.925435153 -135.213496481 9.481775418 -0.005739128 0.022364636 0.115880151 0.992994802
1317401322.077908039 508.367041859 -135.109616048 9.475973037 -0.006083333 0.022624985 0.118446776 0.992683970
1317401322.181900978 508.798700739 -134.998526153 9.452672677 -0.006239840 0.022663481 0.120687766 0.992412159
1317401322.285940886 509.240339547 -134.886754659 9.435350307 -0.006586007 0.022550189 0.122839012 0.992148522
1317401322.390003920 509.650076214 -134.787309554 9.416897699 -0.006883805 0.022390266 0.124174142 0.991983907
1317401322.494062901 510.069429266 -134.680834882 9.403379164 -0.006885471 0.022166226 0.124720197 0.991920421
1317401322.598150969 510.493588498 -134.572657795 9.389901295 -0.006638966 0.022179085 0.124656071 0.991929875
1317401322.702240944 510.911460473 -134.465695072 9.380929518 -0.006276002 0.022186466 0.123994403 0.992015000
1317401322.806325912 511.329164172 -134.356443128 9.361812550 -0.006298411 0.022316827 0.123219320 0.992108506
1317401322.910413027 511.744269954 -134.248405986 9.347341248 -0.006446891 0.022314359 0.122462005 0.992201373
1317401323.014475107 512.171438092 -134.142499144 9.327648370 -0.006313461 0.021635006 0.121896447 0.992286916
1317401323.118513107 512.603186113 -134.036115121 9.307558740 -0.006190964 0.021580896 0.121313175 0.992360343
1317401323.222552061 513.045871706 -133.926091616 9.295317607 -0.004092463 0.022576569 0.120159770 0.992489385
1317401323.326615095 513.481567121 -133.815047977 9.291548536 -0.002754396 0.023617789 0.118853167 0.992627089
1317401323.430653095 513.935932206 -133.698274376 9.278992983 -0.003233029 0.023451410 0.117523424 0.992787905
1317401323.534691095 514.393303996 -133.587684102 9.258407497 -0.005524029 0.022336237 0.116401320 0.992935703
1317401323.638731956 514.867651782 -133.473745641 9.228136503 -0.006320533 0.022112501 0.115419798 0.993050532
1317401323.742747068 515.343955536 -133.361993653 9.199633510 -0.005421032 0.022364390 0.114716160 0.993131738
1317401323.846735954 515.832221108 -133.249838327 9.184961910 -0.002294101 0.022663033 0.114469167 0.993165613
1317401323.950701714 516.322918175 -133.141891460 9.182860559 -0.000509159 0.023048602 0.114461880 0.993160098
1317401324.054668903 516.822493567 -133.019458779 9.159127999 -0.001494014 0.024201885 0.114842652 0.993087711
1317401324.158633947 517.323383321 -132.889823127 9.140738600 -0.004028540 0.025186264 0.115533465 0.992976053
1317401324.262603045 517.838498475 -132.756721615 9.116106747 -0.005326060 0.024754045 0.116426756 0.992876468
1317401324.366571665 518.361842827 -132.633057952 9.085545112 -0.005455097 0.024512664 0.117500043 0.992755313
1317401324.470513105 518.903892322 -132.492946578 9.060650902 -0.004611566 0.024739239 0.119286112 0.992540945
1317401324.574409008 519.444682774 -132.343503875 9.037099627 -0.003533260 0.024752747 0.122103322 0.992202397
1317401324.678282022 520.003775069 -132.196959846 9.014123457 -0.003277422 0.024356051 0.126064623 0.991717577
1317401324.782125711 520.585984581 -132.053636998 8.995472478 -0.003863251 0.023617689 0.131062238 0.991085249
1317401324.885946989 521.160885252 -131.892484009 8.969054782 -0.005123756 0.022456408 0.137349141 0.990254851
1317401324.989744902 521.766813419 -131.708051552 8.949980363 -0.005446755 0.021100259 0.144618846 0.989247442
1317401325.093544960 522.356525622 -131.523299352 8.920701094 -0.005539235 0.019834258 0.152497645 0.988089261
1317401325.197345972 522.959095408 -131.319666469 8.894083944 -0.006319522 0.019447635 0.160848137 0.986767313
1317401325.301168919 523.547186007 -131.106114680 8.870061389 -0.008116573 0.019520377 0.168487318 0.985477092
1317401325.405064106 524.154415999 -130.884991984 8.836713352 -0.010987272 0.019511086 0.174640226 0.984377666
1317401325.509006023 524.757640495 -130.658919729 8.817940226 -0.014121148 0.019319770 0.179185283 0.983524262
1317401325.612996101 525.383688608 -130.422017976 8.799206548 -0.015829828 0.018854623 0.182110204 0.982969884
1317401325.717010975 525.989903399 -130.173301480 8.770996382 -0.017147300 0.018654511 0.183574442 0.982679197
1317401325.821072102 526.668422508 -129.905081049 8.735760712 -0.018326141 0.018657450 0.184055171 0.982567935
1317401325.925158978 527.285721992 -129.665444851 8.708746891 -0.020074670 0.018882486 0.183122273 0.982703766
1317401326.029269934 527.972706892 -129.404714571 8.679758315 -0.020808739 0.019783052 0.180583335 0.983140522
1317401326.133405924 528.634971416 -129.161179395 8.653932249 -0.022370335 0.020211906 0.177024514 0.983744565
1317401326.237562895 529.304944994 -128.887342488 8.631768459 -0.023538286 0.020051756 0.172312370 0.984556917
1317401326.341744900 530.000178316 -128.654554433 8.606832576 -0.024420027 0.019553178 0.167008113 0.985459094
1317401326.445910931 530.703725260 -128.388295242 8.578440573 -0.024357067 0.018812410 0.160580721 0.986542781
1317401326.550045967 531.415080643 -128.148841734 8.544444510 -0.023382243 0.018384394 0.154579843 0.987532459
1317401326.654149771 532.154187023 -127.897518315 8.514585495 -0.024112631 0.018283140 0.148429551 0.988459901
1317401326.758235931 532.882593122 -127.669269270 8.486254311 -0.024573245 0.018062147 0.142326449 0.989349835
1317401326.862299919 533.665488031 -127.434978013 8.455556800 -0.025211265 0.017879651 0.136474817 0.990161267
1317401326.966341019 534.437382925 -127.204446542 8.424050235 -0.024345732 0.017886256 0.131058382 0.990914259
1317401327.070332050 535.208896923 -126.991048728 8.394477888 -0.024064019 0.017720391 0.126584050 0.991505617
1317401327.174298048 535.978714805 -126.789658466 8.369392959 -0.024090802 0.017566035 0.122797652 0.991983772
1317401327.278240919 536.790264168 -126.577537648 8.339793724 -0.023733647 0.017117727 0.119802671 0.992366373
1317401327.382135153 537.610035084 -126.381353451 8.307576362 -0.023911391 0.016836313 0.117695370 0.992619053
1317401327.486006021 538.382667138 -126.181442576 8.283998444 -0.023848400 0.016763933 0.116055773 0.992814828
1317401327.589850903 539.246322991 -125.972236500 8.252412802 -0.023736336 0.016860736 0.115270717 0.992907329
1317401327.693696976 540.066088954 -125.775921080 8.231407094 -0.024175474 0.017324434 0.115104418 0.992908044
1317401327.797569036 540.924607703 -125.569412530 8.196705245 -0.024284425 0.018429550 0.115305171 0.992862194
1317401327.901439905 541.737065985 -125.365721130 8.169497397 -0.024439763 0.021299113 0.115263138 0.992805850
1317401328.005287886 542.604151052 -125.157363627 8.133715745 -0.024757872 0.024340420 0.115493937 0.992701235
1317401328.109134912 543.455244144 -124.950789028 8.107536139 -0.025745703 0.026807347 0.115770582 0.992580323
1317401328.213002920 544.315145259 -124.740058988 8.083124639 -0.025487530 0.027473309 0.116155534 0.992523801
1317401328.316874027 545.117600493 -124.542951832 8.048466643 -0.026012132 0.026857674 0.116679287 0.992465606
1317401328.420743942 545.991977104 -124.325458921 8.003811809 -0.026391463 0.026183780 0.117212193 0.992410803
1317401328.524614096 546.827231973 -124.125525979 7.958567568 -0.026347455 0.026115326 0.117856137 0.992337509
1317401328.628485918 547.666474911 -123.908367739 7.920399295 -0.026894907 0.026565914 0.118471957 0.992237528
1317401328.732357025 548.504025149 -123.705477808 7.883200003 -0.026908650 0.026598481 0.119046401 0.992167526
1317401328.836227894 549.347994552 -123.497872329 7.840850386 -0.027158900 0.026644737 0.119505578 0.992104263
1317401328.940099001 550.181089771 -123.285838391 7.799155089 -0.026843792 0.026204545 0.120116309 0.992050808
1317401329.043968916 551.009692252 -123.075840624 7.765190162 -0.026550283 0.025621210 0.120562639 0.992019801
1317401329.147864103 551.827796699 -122.873212930 7.720835082 -0.027425960 0.025654319 0.120907643 0.991953131
1317401329.251782894 552.668493838 -122.657226923 7.668184945 -0.028727056 0.026538100 0.120846751 0.991900473
1317401329.355704069 553.492145907 -122.450813070 7.619908635 -0.029104895 0.028206857 0.120592051 0.991874405
1317401329.459621906 554.300433796 -122.248300964 7.596005060 -0.029266887 0.028079887 0.120292664 0.991909595
1317401329.563564062 555.090487476 -122.041258388 7.553215029 -0.029907046 0.027080548 0.119892778 0.991966700
1317401329.667505980 555.913623557 -121.830438296 7.505235566 -0.030355833 0.026680311 0.119503170 0.992010926
1317401329.771425009 556.652736830 -121.647577557 7.460440943 -0.031164425 0.027082708 0.119023064 0.992032669
1317401329.875368118 557.450871227 -121.444245813 7.424150588 -0.031487678 0.027286676 0.118373493 0.992094592
1317401329.979335070 558.177525933 -121.254327344 7.399513185 -0.031527820 0.027642326 0.117633196 0.992171522
1317401330.083302259 558.935724093 -121.070944285 7.356576159 -0.031644469 0.027741433 0.117064500 0.992232303
1317401330.187244892 559.639349662 -120.899562837 7.330591072 -0.031645979 0.027898597 0.116322524 0.992315107
1317401330.291188955 560.340081996 -120.729547028 7.291345549 -0.031759363 0.027895439 0.115640773 0.992391253
1317401330.395129204 561.034739370 -120.558224950 7.256188596 -0.031643455 0.027752422 0.115052919 0.992467290
1317401330.499046803 561.666261569 -120.402254745 7.229481512 -0.031746335 0.027744911 0.114900204 0.992481906
1317401330.602988958 562.354950010 -120.237839707 7.194458794 -0.031551666 0.027445607 0.114879679 0.992498811
1317401330.706933975 562.969962397 -120.088159493 7.173070609 -0.032055854 0.026734271 0.114964447 0.992492255
1317401330.810877085 563.566800783 -119.943248717 7.140690408 -0.032232566 0.026078341 0.114961764 0.992504295
1317401330.914819002 564.164750308 -119.791419613 7.127817874 -0.031648963 0.024877601 0.115105831 0.992537201
1317401331.018785954 564.772474339 -119.649165887 7.102351884 -0.031687240 0.022508122 0.114872707 0.992619547
1317401331.122776031 565.333881552 -119.513473132 7.083246926 -0.031001210 0.021193708 0.114766445 0.992682434
1317401331.226766109 565.900408955 -119.374310243 7.056167686 -0.031601040 0.019165752 0.114409595 0.992745936
1317401331.330755949 566.451371539 -119.241698195 7.027741126 -0.031406172 0.017966613 0.114153526 0.992804022
1317401331.434746981 567.000762504 -119.096121126 7.010523040 -0.030685373 0.017674573 0.113511258 0.992905439
1317401331.538764000 567.527853564 -118.972538698 6.994997610 -0.029010990 0.018254484 0.112621517 0.993046590
1317401331.642777205 568.062177470 -118.851771160 6.986174129 -0.028859028 0.018902978 0.111787821 0.993133081
1317401331.746790886 568.559683937 -118.722772359 6.970217568 -0.029243719 0.018892385 0.110530496 0.993262751
1317401331.850832939 569.047389623 -118.602338444 6.952987609 -0.030582364 0.018892692 0.108815699 0.993411762
1317401331.954896927 569.519734725 -118.493904052 6.934825421 -0.030983556 0.019056463 0.106178061 0.993681584
1317401332.058958054 569.982180925 -118.410562016 6.923424000 -0.030040329 0.018769362 0.102474338 0.994104773
1317401332.163069010 570.430224044 -118.313797351 6.913069973 -0.028828376 0.018441229 0.097922298 0.994605484
1317401332.267230034 570.857912622 -118.241242366 6.906714893 -0.029288263 0.018306170 0.092299829 0.995132063
1317401332.371388912 571.263208308 -118.149508942 6.889770782 -0.030507265 0.018226204 0.086204966 0.995643418
1317401332.475544930 571.671218146 -118.073467334 6.874290167 -0.031036333 0.017946100 0.079852986 0.996161726
1317401332.579703093 572.049536216 -118.017261905 6.865405266 -0.030644704 0.017483278 0.072533984 0.996741721
1317401332.683887005 572.430670889 -117.956112727 6.859634092 -0.029892662 0.016762782 0.064075877 0.997356366
1317401332.788094044 572.776100718 -117.917816609 6.849005941 -0.029223573 0.016138765 0.054624296 0.997948751
1317401332.892298937 573.121532937 -117.886020664 6.841651981 -0.029009268 0.015802809 0.044205685 0.998476134
1317401332.996506929 573.461094528 -117.839129209 6.833690652 -0.027844150 0.014933687 0.033195062 0.998949336
1317401333.100713015 573.776418341 -117.824677566 6.824120535 -0.026050868 0.014169066 0.021585128 0.999327110
1317401333.204919100 574.084377668 -117.818957946 6.821844552 -0.023485636 0.013480520 0.009488022 0.999588254
1317401333.309101105 574.345600845 -117.776889171 6.828774680 -0.020718123 0.012738583 -0.002502086 0.999701069
1317401333.413261175 574.692968384 -117.820374709 6.813977027 -0.019372878 0.011840683 -0.014625316 0.999635228
1317401333.517420053 574.979729444 -117.815523180 6.820741172 -0.017580732 0.010469196 -0.026975757 0.999426647
1317401333.621581078 575.242002058 -117.829732050 6.828436973 -0.017142959 0.009678530 -0.039730558 0.999016480
1317401333.725716114 575.535197622 -117.861044931 6.827741876 -0.017546312 0.009314386 -0.052854454 0.998404615
1317401333.829849958 575.806698720 -117.873184558 6.821026948 -0.018256946 0.009734361 -0.066144398 0.997595532
1317401333.933984041 576.076409397 -117.907961392 6.811250903 -0.018320578 0.011228416 -0.080351879 0.996534924
1317401334.038094997 576.337029929 -117.956363451 6.797791188 -0.016684879 0.013059352 -0.094859048 0.995265205
1317401334.142205954 576.603243044 -118.009982203 6.802233965 -0.014718621 0.014574669 -0.109122815 0.993812433
1317401334.246290922 576.863898201 -118.076443443 6.794920929 -0.012449821 0.015998454 -0.123253235 0.992168177
1317401334.350353956 577.118613021 -118.141757722 6.792640119 -0.009990096 0.016985583 -0.137401199 0.990319443
1317401334.454392910 577.374212163 -118.215155145 6.805869858 -0.007998049 0.017790428 -0.151669254 0.988238822
1317401334.558407068 577.639497414 -118.304561462 6.809733969 -0.007098294 0.018207965 -0.165739628 0.985975892
1317401334.662396908 577.906614511 -118.395834147 6.809571967 -0.007138189 0.018957529 -0.179406537 0.983566446
1317401334.766362906 578.183046370 -118.499010083 6.800099153 -0.007579923 0.019823151 -0.192882181 0.980992381
1317401334.870283127 578.486163741 -118.620386553 6.790768777 -0.007136879 0.020445607 -0.205320059 0.978455270
1317401334.974083900 578.800514997 -118.752126399 6.778755659 -0.005351596 0.020710340 -0.214385855 0.976514796
1317401335.077740908 579.118032719 -118.881464988 6.779474707 -0.002439417 0.020168266 -0.218594150 0.975604370
1317401335.181345940 579.404161084 -119.004022801 6.788321190 -0.000452888 0.020411358 -0.219047877 0.975500486
1317401335.284976959 579.670751139 -119.127105937 6.775127724 -0.000197966 0.021585271 -0.217653458 0.975787379
1317401335.388581991 579.955307851 -119.239556256 6.767216003 -0.000403184 0.022114930 -0.213421517 0.976709795
1317401335.492187977 580.188500931 -119.332213962 6.766188902 -0.000376732 0.022046314 -0.205939360 0.978316308
1317401335.595844030 580.381720945 -119.423556188 6.759215445 -0.000487118 0.021972339 -0.197370076 0.980082666
1317401335.699498892 580.620546815 -119.523254991 6.743848650 -0.000378732 0.021410918 -0.188169625 0.981903061
1317401335.803103924 580.844459195 -119.593611017 6.735181777 0.000543427 0.020791809 -0.175712935 0.984221708
1317401335.906711102 581.043911217 -119.673583156 6.730288393 0.002284418 0.019919237 -0.160639900 0.986809418
1317401336.010343075 581.249062824 -119.729430681 6.738424205 0.003916909 0.020087418 -0.143734682 0.989404616
1317401336.113975048 581.461510666 -119.777043813 6.726957349 0.004487718 0.020331064 -0.124344593 0.992020630
1317401336.217603922 581.647527313 -119.813933977 6.727370916 0.004637723 0.020817701 -0.102338857 0.994520926
1317401336.321259022 581.834901878 -119.865236528 6.721852483 0.003955916 0.021264995 -0.079263694 0.996618993
1317401336.424961090 582.015715646 -119.878197309 6.713595573 0.002668358 0.022259623 -0.055501830 0.998206860
1317401336.528687954 582.186298164 -119.895345235 6.702232592 0.001617440 0.022636888 -0.031132813 0.999257576
1317401336.632440090 582.343213673 -119.901789523 6.697259824 0.001538389 0.023093607 -0.006565492 0.999710565
1317401336.736212969 582.509085726 -119.887694646 6.689008467 0.001516632 0.023076989 0.017888919 0.999572478
1317401336.839987040 582.680295701 -119.877023426 6.683004956 0.001472748 0.023309836 0.041595849 0.998861486
1317401336.943763018 582.841018349 -119.853311769 6.677564381 0.001109360 0.023812367 0.065585816 0.997562149
1317401337.047538996 583.011833481 -119.836292319 6.669327060 0.000884055 0.025151775 0.089558883 0.995663504
1317401337.151313066 583.167873863 -119.798832832 6.652617422 0.000244980 0.027091680 0.113249836 0.993197088
1317401337.255085707 583.350122582 -119.744734122 6.640588578 0.000622518 0.029084215 0.137271501 0.990106184
1317401337.358865976 583.513817753 -119.687345396 6.633963350 0.001530917 0.030693854 0.162065353 0.986301356
1317401337.462640047 583.687136930 -119.633300143 6.634914024 0.001891792 0.032823669 0.187411777 0.981731050
1317401337.566411972 583.855671119 -119.572338931 6.629003850 0.001646899 0.034757114 0.212199042 0.976606777
1317401337.670236111 584.028045216 -119.481521168 6.634357766 0.000252390 0.037210758 0.235755608 0.971099680
1317401337.774153948 584.180300388 -119.389602269 6.622413208 -0.001759690 0.039119885 0.257212555 0.965561101
1317401337.878168106 584.333377367 -119.310608007 6.613243122 -0.003663426 0.040762017 0.275172388 0.960523396
1317401337.982278109 584.505434882 -119.174251376 6.596319367 -0.004033377 0.042146667 0.289439769 0.956259384
1317401338.086438894 584.683744753 -119.057155056 6.582393423 -0.004029782 0.043760251 0.301653332 0.952404362
1317401338.190623045 584.869568409 -118.922584729 6.573621280 -0.003375504 0.045671513 0.311965585 0.948989037
1317401338.294803858 585.054304019 -118.794808619 6.581175035 -0.004721088 0.045970996 0.321170204 0.945893271
1317401338.399009943 585.223476831 -118.628118668 6.573619114 -0.007568539 0.043177799 0.328834685 0.943369570
1317401338.503312111 585.410883579 -118.475913272 6.542955749 -0.010727736 0.039195775 0.334154499 0.941641852
1317401338.607640028 585.628853319 -118.295867245 6.485542600 -0.011222077 0.037634153 0.337337455 0.940564287
1317401338.711919069 585.854297502 -118.124334780 6.489339687 -0.009151673 0.037492657 0.339607837 0.939775007
1317401338.816245079 586.066670886 -117.955377672 6.493392197 -0.008503333 0.034730369 0.339965772 0.939757825
1317401338.920669079 586.298232822 -117.741290063 6.480177936 -0.010501688 0.027518390 0.336997950 0.941044544
1317401339.025139093 586.538836089 -117.519452554 6.429782345 -0.013044216 0.019256483 0.331360864 0.943217374
1317401339.129635096 586.795814420 -117.320961365 6.373690632 -0.012241478 0.012176173 0.322894516 0.946277453
1317401339.234154940 587.070850987 -117.112861579 6.371613971 -0.012172312 0.006882601 0.310673394 0.950413861
1317401339.338649035 587.377232488 -116.868579186 6.331065872 -0.014870449 0.001772447 0.297602779 0.954572320
1317401339.443022966 587.687618965 -116.631260789 6.272216465 -0.017010511 -0.001726180 0.285395084 0.958257434
1317401339.547348976 588.015661321 -116.417726721 6.256126654 -0.016860131 -0.001773712 0.272937839 0.961882283
1317401339.651649952 588.377432317 -116.207647373 6.292841313 -0.017572591 0.003612238 0.260005347 0.965440508
1317401339.755882025 588.739676941 -115.961326913 6.269321044 -0.020414873 0.008759050 0.248617403 0.968346993
1317401339.860064983 589.120712514 -115.747720654 6.272232232 -0.023615081 0.014321553 0.238836902 0.970666861
1317401339.964198112 589.523283802 -115.534076785 6.298667565 -0.025376540 0.017868620 0.229717419 0.972762382
1317401340.068309069 589.930368365 -115.322589735 6.286655916 -0.024758974 0.019667627 0.221109596 0.974736233
1317401340.172395945 590.371531916 -115.103191170 6.278052396 -0.024133079 0.019460090 0.212772347 0.976609865
1317401340.276459932 590.814439612 -114.904706205 6.255182082 -0.022786609 0.018463565 0.204937474 0.978335576
1317401340.380497932 591.290754269 -114.688970255 6.240048719 -0.021643465 0.016577992 0.196938307 0.980036751
1317401340.484513998 591.795516832 -114.480924701 6.202327698 -0.021035469 0.016288720 0.189233235 0.981571683
1317401340.588529110 592.304351961 -114.271570133 6.166677184 -0.020528499 0.017945667 0.181828482 0.982952154
1317401340.692518950 592.859484092 -114.061759267 6.153873441 -0.020247294 0.021043193 0.174929727 0.984147764
1317401340.796462059 593.442402048 -113.858114631 6.114104473 -0.020335991 0.023438173 0.169359459 0.985065720
1317401340.900381088 594.032343617 -113.634407598 6.106136507 -0.018867304 0.024215371 0.164697964 0.985866229
1317401341.004252911 594.641656784 -113.433212786 6.081256030 -0.015073747 0.024279416 0.161941872 0.986386396
1317401341.108099937 595.260967317 -113.220341647 6.057369334 -0.011834963 0.023388030 0.160099653 0.986752773
1317401341.211971998 595.921970652 -113.000880449 6.033177006 -0.011666972 0.021423531 0.158409344 0.987072132
1317401341.315864086 596.569391638 -112.764054186 5.967967624 -0.013670388 0.020823717 0.156698929 0.987332233
1317401341.419780970 597.261007009 -112.536462279 5.951744665 -0.015594249 0.020551911 0.153980983 0.987736956
1317401341.523750067 597.970296771 -112.306946519 5.901702030 -0.017365083 0.020654178 0.150318192 0.988269346
1317401341.627763987 598.695123798 -112.083806408 5.870525907 -0.019799592 0.021697143 0.145859537 0.988869155
1317401341.731777906 599.452027101 -111.857112209 5.835484954 -0.019922305 0.022476030 0.140707203 0.989595580
1317401341.835768938 600.199959901 -111.632558959 5.802087379 -0.019554626 0.022731009 0.135694297 0.990296913
1317401341.939759970 600.983841702 -111.394248301 5.778747792 -0.022398287 0.020337333 0.131044446 0.990914761
1317401342.043751001 601.786081319 -111.174659013 5.739989291 -0.026097928 0.017649719 0.126888127 0.991416557
1317401342.147717953 602.614430014 -110.961908330 5.685273350 -0.025763674 0.018401282 0.122385519 0.991977525
1317401342.251661062 603.426499270 -110.747064024 5.633620878 -0.021977575 0.022069799 0.118140699 0.992508280
1317401342.355581045 604.288371115 -110.532703517 5.600057997 -0.023166166 0.023758189 0.114800043 0.992834240
1317401342.459497929 605.129902344 -110.313330474 5.578883205 -0.022483709 0.022888558 0.112307505 0.993155386
1317401342.563394070 605.977277896 -110.107708574 5.547255123 -0.023180469 0.021033616 0.110791672 0.993350622
1317401342.667261839 606.876273320 -109.887946646 5.497826095 -0.023192675 0.019325744 0.109283424 0.993552087
1317401342.771133900 607.781053266 -109.687707250 5.469861527 -0.021863089 0.018562543 0.108275219 0.993707157
1317401342.875005007 608.665270058 -109.502500549 5.422916964 -0.021143968 0.018324463 0.107346528 0.993827887
1317401342.978878021 609.556492838 -109.314106097 5.403484856 -0.020032482 0.019669274 0.107071577 0.993854867
1317401343.082726955 610.435762778 -109.118612964 5.344951499 -0.019858621 0.022767683 0.106973380 0.993802779
1317401343.186571121 611.371673384 -108.919006441 5.319464155 -0.018627979 0.025453373 0.106596541 0.993801943
1317401343.290441036 612.299915667 -108.717520271 5.283687792 -0.017176144 0.025546270 0.106426179 0.993843970
1317401343.394310951 613.232218997 -108.500835810 5.244413601 -0.018074302 0.024648000 0.106402165 0.993853297
1317401343.498183012 614.177604867 -108.286392524 5.193277866 -0.018836374 0.023002058 0.106853194 0.993830212
1317401343.602076054 615.125682273 -108.072619303 5.144443523 -0.019661908 0.022357784 0.107304713 0.993780276
1317401343.705969095 616.070631441 -107.863605527 5.109051580 -0.019146952 0.021292244 0.107630350 0.993778518
1317401343.809864998 617.036330415 -107.647794480 5.068700259 -0.020076372 0.020737089 0.107928271 0.993739604
1317401343.913759947 617.992591674 -107.429933669 5.022457999 -0.018991949 0.021182942 0.108230603 0.993718635
1317401344.017654896 618.951242945 -107.214203045 4.979591867 -0.019095487 0.022770038 0.109056021 0.993591300
1317401344.121540070 619.915204865 -107.004120419 4.932833432 -0.018136245 0.024417123 0.109751019 0.993493631
1317401344.225409031 620.860379253 -106.788919036 4.910192678 -0.016659559 0.025266393 0.110253810 0.993442583
1317401344.329315186 621.812599843 -106.571330092 4.872901802 -0.016538389 0.024112238 0.110567845 0.993438389
1317401344.433211088 622.762687951 -106.351191212 4.835121382 -0.018044716 0.022068584 0.110908085 0.993421745
1317401344.537106037 623.703620702 -106.125667230 4.791129303 -0.018433249 0.021422430 0.111677393 0.993342567
1317401344.640976906 624.640796894 -105.900803152 4.752726932 -0.018603187 0.021816686 0.112703882 0.993214875
1317401344.744822979 625.583336940 -105.672949225 4.702460952 -0.017282109 0.023371212 0.113910432 0.993065722
1317401344.848716021 626.517596911 -105.449176276 4.668675243 -0.016290733 0.025186954 0.114905357 0.992923455
1317401344.952609062 627.451246123 -105.223656381 4.632213291 -0.014431967 0.026814179 0.115767423 0.992809459
1317401345.056480885 628.375489270 -105.005309347 4.612552187 -0.013122260 0.026278862 0.116488476 0.992757605
1317401345.160353899 629.297390333 -104.780599985 4.562891918 -0.011176325 0.024648240 0.117631592 0.992688452
1317401345.264222860 630.221868051 -104.552051721 4.541669184 -0.009884558 0.022720773 0.119136563 0.992568658
1317401345.368118048 631.129945008 -104.324792368 4.494426788 -0.009119328 0.021656653 0.120559947 0.992427895
1317401345.472012043 632.057398421 -104.111674705 4.470995909 -0.008171151 0.021975440 0.121720175 0.992287514
1317401345.575882912 632.964784838 -103.880226132 4.427660705 -0.008207541 0.023664551 0.122739497 0.992122795
1317401345.679754972 633.859528285 -103.648301104 4.401673297 -0.008605677 0.025595444 0.123479133 0.991979697
1317401345.783626080 634.748849756 -103.425208434 4.365436558 -0.009006833 0.027164478 0.124365023 0.991823729
1317401345.887521982 635.621562043 -103.195889064 4.342763976 -0.008901851 0.027601997 0.124466612 0.991799853
1317401345.991416931 636.452915692 -102.973261245 4.304909939 -0.009353853 0.027342921 0.124599376 0.991786199
1317401346.095286131 637.285520568 -102.763697787 4.270793201 -0.010068511 0.026301145 0.124629810 0.991803552
1317401346.199157953 638.086118380 -102.553392803 4.235930429 -0.009507365 0.025498066 0.124702311 0.991820948
1317401346.303051949 638.875345864 -102.352025565 4.203135248 -0.008982993 0.025654842 0.124574776 0.991837819
1317401346.406970978 639.631966770 -102.149358748 4.164823721 -0.009127456 0.026690606 0.124554960 0.991811657
1317401346.510889053 640.371225943 -101.958811512 4.148595516 -0.009229355 0.027300132 0.124401375 0.991813400
1317401346.614806890 641.085754252 -101.772490916 4.131736304 -0.008383206 0.027417559 0.123824747 0.991889828
1317401346.718750954 641.772179820 -101.592193494 4.107491669 -0.008172518 0.026079574 0.122910914 0.992041316
1317401346.822741985 642.448254982 -101.410942022 4.076767684 -0.009596840 0.023601828 0.121597113 0.992252486
1317401346.926733017 643.068299138 -101.240777592 4.049241485 -0.010598408 0.022186576 0.119460696 0.992534418
1317401347.030724049 643.682628384 -101.072303151 4.035876435 -0.010885719 0.020565651 0.117325214 0.992820905
1317401347.134738922 644.264298095 -100.931712748 4.014953149 -0.010340319 0.019689812 0.114884940 0.993129820
1317401347.238754034 644.844108407 -100.810129103 3.998484280 -0.009885968 0.019048673 0.112024793 0.993473634
1317401347.342791080 645.370283057 -100.686209951 3.993946123 -0.011730521 0.018079683 0.109060293 0.993801475
1317401347.446855068 645.887801337 -100.548747374 3.983801500 -0.012621277 0.016810370 0.104450524 0.994307901
1317401347.550940990 646.369412809 -100.460278977 3.971288062 -0.013775940 0.016326615 0.098688987 0.994889013
1317401347.655075073 646.843847558 -100.348729706 3.958771278 -0.013871549 0.016426629 0.091806949 0.995544690
1317401347.759234905 647.292291409 -100.271541427 3.952696781 -0.013641775 0.015471443 0.083917433 0.996259204
1317401347.863390923 647.684879354 -100.200112112 3.937240348 -0.013751532 0.014612330 0.074753558 0.997000141
1317401347.967549086 648.110871705 -100.138049138 3.934444661 -0.014386700 0.014216371 0.064893053 0.997687230
1317401348.071732998 648.489133306 -100.091583676 3.921022231 -0.014347683 0.014809182 0.053750891 0.998341462
1317401348.175939083 648.870616500 -100.031425944 3.917520256 -0.013371346 0.014869849 0.041454571 0.998940245
1317401348.280170918 649.239299504 -100.014364511 3.908716998 -0.013776458 0.013739785 0.027499224 0.999432449
1317401348.384428024 649.615559424 -99.982962311 3.906532876 -0.014615383 0.012861201 0.012567892 0.999731478
1317401348.488657951 650.016330790 -100.011609364 3.893410400 -0.015633013 0.013197693 -0.003084947 0.999785934
1317401348.592889071 650.361322169 -99.974855795 3.898065946 -0.016411882 0.014877663 -0.018474815 0.999583907
1317401348.697118998 650.707172659 -99.990540475 3.891586454 -0.017620030 0.016850253 -0.034956224 0.999091420
1317401348.801348209 651.046635371 -100.002696647 3.883357975 -0.018685487 0.018425050 -0.052634960 0.998268967
1317401348.905603886 651.375295053 -100.041750640 3.879887003 -0.017577927 0.019687109 -0.071173338 0.997114733
1317401349.009856939 651.707287355 -100.100912831 3.869480426 -0.016780892 0.021012823 -0.090889543 0.995497842
1317401349.114089012 652.032942873 -100.162387257 3.872132912 -0.016476256 0.023587574 -0.112004733 0.993291044
1317401349.218297005 652.375093024 -100.228155228 3.840350352 -0.018870163 0.027038099 -0.132289775 0.990662543
1317401349.322478056 652.707359034 -100.317975640 3.820697913 -0.019749395 0.030576578 -0.152574204 0.987621459
1317401349.426589966 653.024384495 -100.413204858 3.809502456 -0.019906785 0.032768786 -0.172765726 0.984216404
1317401349.530675888 653.344346816 -100.528526602 3.819312879 -0.016902637 0.032199133 -0.192679057 0.980587731
1317401349.634763956 653.626830732 -100.664865791 3.804242422 -0.011852096 0.030422930 -0.212856268 0.976537855
1317401349.738826036 653.952412715 -100.810661514 3.826768360 -0.008896784 0.027262300 -0.232657231 0.972135910
1317401349.842890024 654.250391005 -100.970357849 3.847465203 -0.010826564 0.024761125 -0.252640822 0.967182654
1317401349.946930885 654.606375064 -101.134949533 3.827249655 -0.015962406 0.022554921 -0.272011230 0.961897275
1317401350.050944090 654.935400186 -101.329605797 3.804618741 -0.022029877 0.021228698 -0.290711068 0.956321652
1317401350.154910326 655.260867008 -101.554891102 3.758874804 -0.026178887 0.019552827 -0.308686973 0.950602286
1317401350.258827925 655.617636375 -101.798000348 3.728264222 -0.025601549 0.018382878 -0.325663737 0.944960190
1317401350.362747908 655.940544067 -102.062024524 3.716862295 -0.021225842 0.016289054 -0.342399294 0.939173495
1317401350.466640949 656.274814857 -102.356701275 3.733899991 -0.016487091 0.014610811 -0.359034226 0.933064373
1317401350.570511103 656.617169786 -102.684826837 3.724335915 -0.013236274 0.011353171 -0.374910348 0.926897048
1317401350.674381018 656.978451009 -103.013459018 3.751888770 -0.013803858 0.009585971 -0.389890528 0.920707846
1317401350.778228045 657.329869354 -103.363568032 3.735253058 -0.018400133 0.010819516 -0.404112067 0.914460393
1317401350.882050991 657.715195457 -103.752698340 3.712222497 -0.023280971 0.013246405 -0.417793490 0.908147086
1317401350.985898972 658.074891369 -104.163641559 3.692722017 -0.025776367 0.015418908 -0.431303324 0.901706870
1317401351.089794159 658.423433958 -104.598877075 3.701885199 -0.026153341 0.016446334 -0.445063948 0.894965699
1317401351.193710089 658.768720306 -105.067940202 3.708895951 -0.027496347 0.017381391 -0.459051311 0.887814019
1317401351.297629118 659.135268081 -105.555117976 3.711093196 -0.030318447 0.018130427 -0.472811332 0.880455293
1317401351.401525974 659.491017271 -106.074340316 3.691282296 -0.034876355 0.019558018 -0.486272822 0.872891669
1317401351.505397081 659.843820174 -106.617924193 3.687462144 -0.037280054 0.020141141 -0.499010216 0.865559551
1317401351.609292030 660.168393748 -107.190553902 3.696379961 -0.038111174 0.019733561 -0.511938242 0.857949510
1317401351.713210106 660.485181472 -107.782090446 3.698763532 -0.039246079 0.018750536 -0.525213303 0.849858311
1317401351.817128897 660.807771188 -108.406858113 3.700251431 -0.039992055 0.018153259 -0.538529444 0.841461308
1317401351.921024084 661.120563827 -109.061546258 3.708025017 -0.040493540 0.017765255 -0.551042656 0.833304662
1317401352.024893999 661.401990289 -109.742009500 3.722324551 -0.040196617 0.017094599 -0.562959048 0.825329702
1317401352.128740072 661.686614538 -110.434363676 3.747017159 -0.038201948 0.016882757 -0.574276785 0.817595106
1317401352.232563019 661.950651067 -111.162935039 3.751547569 -0.036504790 0.016988554 -0.584557872 0.810352321
1317401352.336364985 662.198928268 -111.893938470 3.761498482 -0.034501836 0.016108268 -0.593984880 0.803574582
1317401352.440114975 662.438952652 -112.650144424 3.794266800 -0.032091062 0.013461731 -0.601819743 0.797873387
1317401352.543816090 662.677726888 -113.454417217 3.821676530 -0.031164851 0.010383150 -0.608265152 0.793053874
1317401352.647494793 662.893502166 -114.250423381 3.835593575 -0.030146162 0.008736696 -0.613454155 0.789106380
1317401352.751151085 663.095410008 -115.062451912 3.853268350 -0.028757181 0.007613561 -0.617491613 0.786014736
1317401352.854804993 663.311606708 -115.910153373 3.880828430 -0.026882978 0.006430975 -0.620288601 0.783886471
1317401352.958482027 663.514974130 -116.758515083 3.908282607 -0.025432634 0.005802112 -0.622264815 0.782372045
1317401353.062161922 663.728810172 -117.636691024 3.932838373 -0.024292134 0.005555290 -0.623282195 0.781599857
1317401353.165862799 663.925977152 -118.510273201 3.954016321 -0.023144117 0.004806261 -0.624002024 0.781065121
1317401353.269589901 664.134872498 -119.406031593 3.987912655 -0.022870325 0.003605684 -0.624668067 0.780547086
1317401353.373342037 664.340343978 -120.301468579 4.012694694 -0.022428108 0.002443875 -0.625158724 0.780171505
1317401353.477091074 664.544287946 -121.228672858 4.037241378 -0.021489451 0.001752482 -0.625443415 0.779971581
1317401353.580817938 664.757750501 -122.161727175 4.069376765 -0.019728586 0.000379739 -0.625493123 0.779980122
1317401353.684567690 664.968219782 -123.106136874 4.098891093 -0.018738484 -0.000595481 -0.625469000 0.780023746
1317401353.788342953 665.186809873 -124.063503524 4.127759775 -0.017800465 -0.000499857 -0.625130804 0.780316840
1317401353.892133236 665.405876437 -125.034259806 4.148177784 -0.015054618 0.000539077 -0.624742514 0.780685506
1317401353.995944977 665.629380042 -126.012060320 4.167946986 -0.012934218 0.001803932 -0.624320521 0.781059114
1317401354.099766970 665.860713997 -127.007192680 4.201293837 -0.011952181 0.001993429 -0.623869498 0.781434592
1317401354.203589916 666.092688466 -128.009791353 4.218972393 -0.011672681 0.001521633 -0.623144130 0.782018431
1317401354.307436943 666.326942131 -129.017696811 4.237240493 -0.011016206 0.000346993 -0.622352330 0.782659632
1317401354.411283970 666.567219875 -130.035333023 4.259777857 -0.010192098 -0.001930970 -0.621480866 0.783360661
1317401354.515091896 666.813282963 -131.080860506 4.280464247 -0.009678354 -0.003193831 -0.620251574 0.784336735
1317401354.618902922 667.064719415 -132.123888609 4.301622585 -0.008246285 -0.003440150 -0.618887619 0.785428724
1317401354.722728014 667.320098826 -133.169732993 4.328941689 -0.006906060 -0.002646063 -0.617866797 0.786248005
1317401354.826571941 667.581290767 -134.235647685 4.354974192 -0.006415526 -0.001994729 -0.617249983 0.786738407
1317401354.930418968 667.845034368 -135.313305997 4.379725368 -0.007139748 -0.001734321 -0.616945834 0.786971317
1317401355.034266949 668.122615886 -136.391121673 4.404137385 -0.008396667 -0.001581265 -0.616620506 0.787214169
1317401355.138137102 668.383894611 -137.461638233 4.423568337 -0.009443768 -0.000991216 -0.616443982 0.787341508
1317401355.242032051 668.660171241 -138.542352661 4.446406407 -0.010007371 -0.000844262 -0.616634372 0.787185614
1317401355.345951080 668.931726631 -139.634780982 4.473026628 -0.010471636 -0.001501423 -0.616818425 0.787034384
1317401355.449843884 669.202463711 -140.732148219 4.499898250 -0.011167518 -0.001911502 -0.616902935 0.786957687
1317401355.553739071 669.469000216 -141.824568565 4.517489706 -0.011253529 -0.001837048 -0.617004564 0.786876961
1317401355.657634020 669.751895498 -142.929972370 4.543943036 -0.010626671 -0.001123103 -0.617307654 0.786649269
1317401355.761528969 670.030504814 -144.037514504 4.562351356 -0.010584475 -0.000132174 -0.617683295 0.786355708
1317401355.865469933 670.309155896 -145.131761715 4.597350188 -0.011481053 0.001304998 -0.618086558 0.786025120
1317401355.969414949 670.593856889 -146.253541537 4.625529190 -0.012380980 0.002419828 -0.618457136 0.785717269
1317401356.073334932 670.877486677 -147.360834651 4.646059106 -0.012850388 0.003784890 -0.618879036 0.785372065
1317401356.177252054 671.154016715 -148.464526883 4.667631398 -0.012706051 0.004721175 -0.619097849 0.785196867
1317401356.281172991 671.423769751 -149.597996850 4.697904272 -0.012629140 0.004340359 -0.619311571 0.785031747
1317401356.385114908 671.694223801 -150.712124038 4.722124026 -0.012661382 0.002282590 -0.619357143 0.785003955
1317401356.489058971 671.967656151 -151.827428681 4.744349201 -0.012084636 0.000137401 -0.619363961 0.785010972
1317401356.592978954 672.239608272 -152.956814460 4.769264889 -0.011312301 -0.000692938 -0.619484288 0.784927238
1317401356.696870089 672.515079716 -154.082003230 4.796662652 -0.010209258 -0.000238108 -0.619626246 0.784830574
1317401356.800765038 672.784463246 -155.211998460 4.823037778 -0.008579149 0.000934568 -0.619829333 0.784689189
1317401356.904685020 673.059875831 -156.347377523 4.852038248 -0.007869182 0.002146565 -0.620048364 0.784521188
1317401357.008578062 673.332560267 -157.489229962 4.878058416 -0.007211172 0.002191224 -0.620117945 0.784472390
1317401357.112449884 673.615008815 -158.624503370 4.901064107 -0.007121864 0.001249556 -0.619997095 0.784570787
1317401357.216297865 673.886601037 -159.767171045 4.920273938 -0.007672313 -0.000619230 -0.619740345 0.784769175
1317401357.320143223 674.160062841 -160.912612642 4.944925437 -0.008351970 -0.001624830 -0.619451014 0.784989201
1317401357.423990011 674.443724726 -162.054362950 4.963244561 -0.009193088 -0.001934184 -0.619178531 0.785194048
1317401357.527837038 674.726069802 -163.212558174 4.982152869 -0.009637082 -0.000876888 -0.619055356 0.785287733
1317401357.631680965 675.009833715 -164.370019164 4.998633135 -0.009889437 0.000456183 -0.618911175 0.785398592
1317401357.735505104 675.292709289 -165.514251476 5.033987101 -0.011090300 0.000954317 -0.618801693 0.785468369
1317401357.839306355 675.581268745 -166.684346318 5.059152341 -0.012500560 0.000981855 -0.618604035 0.785602839
1317401357.943105936 675.871192600 -167.849801271 5.078364395 -0.013087461 0.001498958 -0.618341713 0.785798955
1317401358.046902895 676.158873959 -169.007530451 5.108060471 -0.013237491 0.002353483 -0.618166100 0.785932505
1317401358.150677919 676.451939444 -170.181315254 5.144328670 -0.013116245 0.002716215 -0.617941029 0.786110343
1317401358.254427910 676.733778666 -171.338178793 5.170442690 -0.012858574 0.003426844 -0.617783713 0.786235459
1317401358.358177900 677.019409252 -172.506063177 5.194140733 -0.011516219 0.004193244 -0.617794359 0.786244188
1317401358.461930037 677.313653706 -173.668546528 5.226673059 -0.010481017 0.004955735 -0.617786066 0.786260749
1317401358.565656900 677.601626460 -174.847315244 5.260343666 -0.009827656 0.004750996 -0.617657324 0.786371589
1317401358.669382095 677.893164622 -176.008795395 5.279250049 -0.009657328 0.004486249 -0.617574214 0.786440525
1317401358.773133039 678.175893385 -177.161694875 5.302709863 -0.009511480 0.004054477 -0.617726019 0.786325415
1317401358.876909971 678.466960017 -178.334355805 5.322701194 -0.009647309 0.003597983 -0.617741192 0.786314062
1317401358.980685711 678.751612143 -179.485998904 5.339700006 -0.009477863 0.003148370 -0.617808840 0.786264902
1317401359.084484100 679.036138611 -180.647766448 5.364678981 -0.008588889 0.003110060 -0.617783894 0.786294868
1317401359.188282013 679.328400660 -181.808830295 5.390345823 -0.008006820 0.003007957 -0.617764207 0.786316874
1317401359.292079926 679.608678665 -182.958756615 5.410090937 -0.007700637 0.002986725 -0.617921582 0.786196348
1317401359.395878077 679.897438021 -184.122703184 5.429211097 -0.007827997 0.003652615 -0.617972721 0.786152083
1317401359.499676943 680.184334274 -185.265789924 5.443123411 -0.007998439 0.003904335 -0.618033108 0.786101685
1317401359.603473902 680.466320522 -186.404877948 5.459935201 -0.008649957 0.004096163 -0.618183168 0.785975808
1317401359.707268953 680.757567421 -187.567244038 5.477044424 -0.009890863 0.004394213 -0.618322294 0.785850114
1317401359.811115026 681.037932239 -188.708881568 5.494367429 -0.010652325 0.004019475 -0.618620538 0.785607410
1317401359.914966106 681.317968801 -189.844439282 5.517175907 -0.011316840 0.003993128 -0.618989557 0.785307527
1317401360.018812895 681.596465494 -190.991244862 5.528483322 -0.010817730 0.004385107 -0.619280895 0.785082748
1317401360.122684956 681.878475360 -192.123990336 5.557089488 -0.010220486 0.004908461 -0.619677802 0.784774407
1317401360.226577997 682.161593748 -193.255358895 5.572885303 -0.010295643 0.005567251 -0.620103608 0.784432611
1317401360.330472946 682.429535886 -194.377045404 5.602583985 -0.010618342 0.005275747 -0.620319483 0.784259623
1317401360.434349060 682.705995466 -195.507238911 5.629921353 -0.011298547 0.004614253 -0.620274855 0.784289586
1317401360.538219929 682.975849815 -196.622123660 5.649427840 -0.010916950 0.003945793 -0.620100073 0.784436837
1317401360.642064095 683.238976760 -197.734313528 5.668440620 -0.009900836 0.004260736 -0.619609254 0.784836411
1317401360.745910883 683.512235264 -198.855671035 5.696266510 -0.008276085 0.004895884 -0.619309132 0.785088362
1317401360.849757910 683.773257375 -199.941511198 5.736686095 -0.007625951 0.005167490 -0.619124058 0.785239163
1317401360.953582048 684.042312916 -201.033050328 5.756544739 -0.007835452 0.004982862 -0.618984927 0.785347972
1317401361.057427883 684.317738290 -202.144983764 5.784941249 -0.008316749 0.004426261 -0.618661447 0.785601205
1317401361.161271095 684.582087444 -203.238020317 5.799732318 -0.008593036 0.003540088 -0.618388858 0.785817312
1317401361.265094042 684.852202007 -204.324981441 5.815107700 -0.008420809 0.002833530 -0.618167777 0.785995967
1317401361.368918896 685.121085583 -205.421618625 5.840161421 -0.007536355 0.002067134 -0.617968375 0.786164116
1317401361.472740889 685.392695585 -206.530211117 5.861563009 -0.007207995 0.002513602 -0.617647613 0.786417925
1317401361.576538086 685.667830035 -207.630195466 5.879396343 -0.005985270 0.002762056 -0.617444539 0.786586797
1317401361.680335760 685.940129495 -208.705384607 5.901300551 -0.004988371 0.003473752 -0.617277880 0.786721722
1317401361.784135818 686.218436374 -209.793668044 5.920007358 -0.004631328 0.003599265 -0.617194574 0.786788697
1317401361.887937069 686.484457393 -210.905484537 5.935006950 -0.004689990 0.003251668 -0.616938894 0.786990363
1317401361.991733074 686.752926202 -211.999074401 5.951419304 -0.004751030 0.002366644 -0.616803106 0.787099584
1317401362.095508337 687.022098747 -213.083181722 5.961344891 -0.004916666 0.001494437 -0.616567658 0.787285155
1317401362.199284077 687.296409510 -214.168875967 5.973572159 -0.004676054 0.001131790 -0.616420474 0.787402472
1317401362.303083658 687.567196951 -215.271628068 5.993106362 -0.004091448 0.000987018 -0.616289646 0.787508322
1317401362.406907082 687.848242198 -216.366573595 6.008933712 -0.004220340 0.000891516 -0.616240637 0.787546108
1317401362.510730028 688.120155229 -217.449101748 6.027697054 -0.005088987 0.000117660 -0.616448629 0.787378674
1317401362.614552975 688.397966677 -218.550187865 6.033165991 -0.006113098 -0.000167873 -0.616865085 0.787045151
1317401362.718400002 688.677054285 -219.664108545 6.035322414 -0.006491074 0.001026288 -0.617336960 0.786671399
1317401362.822247028 688.954007065 -220.771825244 6.050946850 -0.006675411 0.002323110 -0.617879162 0.786241301
1317401362.926069021 689.230235529 -221.870592690 6.067275057 -0.007065636 0.003171380 -0.618498886 0.785747509
1317401363.029891729 689.506972937 -222.984008826 6.086270041 -0.008171468 0.003979756 -0.619193210 0.785186066
1317401363.133713007 689.788050470 -224.094349177 6.108775714 -0.009330629 0.004591795 -0.619945170 0.784576218
1317401363.237559080 690.063634099 -225.198886660 6.126485765 -0.010395143 0.004769544 -0.620693916 0.783969550
1317401363.341407061 690.332097713 -226.298051175 6.144401331 -0.011041877 0.004803372 -0.621428918 0.783378009
1317401363.445252895 690.604450793 -227.414306320 6.163379645 -0.011001930 0.004923706 -0.621810620 0.783074880
1317401363.549098969 690.868577001 -228.538047205 6.190729734 -0.010394194 0.004765188 -0.622069015 0.782878914
1317401363.652924061 691.130204911 -229.642552409 6.212734145 -0.009519261 0.004742217 -0.622091722 0.782872138
1317401363.756746054 691.387251929 -230.746461651 6.238390581 -0.008561753 0.004524926 -0.622035351 0.782929271
1317401363.860543966 691.650554253 -231.866747897 6.265059524 -0.007991049 0.004302005 -0.621840623 0.783091231
1317401363.964344025 691.916930502 -232.985409187 6.291534821 -0.007649098 0.003917040 -0.621834586 0.783101460
1317401364.068144083 692.175276391 -234.090999741 6.308377648 -0.007368489 0.004420072 -0.621829135 0.783105801
1317401364.171916008 692.439092066 -235.205540275 6.322889812 -0.006584323 0.005209717 -0.621835350 0.783102997
1317401364.275716066 692.704937754 -236.327962976 6.341005397 -0.006115082 0.005098312 -0.621879911 0.783072148
1317401364.379517078 692.966156276 -237.438556914 6.358616997 -0.006772340 0.004702859 -0.621910237 0.783045130
1317401364.483289957 693.235035682 -238.543436495 6.368296596 -0.007487150 0.003902669 -0.621934954 0.783023387
1317401364.587063074 693.491531650 -239.648097545 6.378287418 -0.008117115 0.003766151 -0.621885658 0.783056931
1317401364.690862894 693.760515715 -240.772710614 6.392514436 -0.008118639 0.003778518 -0.621876447 0.783064170
1317401364.794684887 694.019941432 -241.879490810 6.401706818 -0.007983284 0.004374045 -0.621916457 0.783030686
1317401364.898508072 694.285631484 -242.984345706 6.419568956 -0.007780120 0.005026694 -0.621757399 0.783155118
1317401365.002305984 694.545318671 -244.076381126 6.432542365 -0.008148897 0.005093055 -0.621489576 0.783363494
1317401365.106105089 694.812396185 -245.176780850 6.442493136 -0.008681678 0.005100968 -0.621138317 0.783636268
1317401365.209902048 695.076516628 -246.273807490 6.451026465 -0.009197564 0.005331971 -0.620754489 0.783932930
1317401365.313678026 695.343912960 -247.371192450 6.458583032 -0.009505987 0.005749731 -0.620375544 0.784226218
1317401365.417476892 695.607373684 -248.456355002 6.474617493 -0.009566459 0.005920422 -0.619960032 0.784552732
1317401365.521275043 695.870592556 -249.541382246 6.489916901 -0.009363626 0.005892856 -0.619512844 0.784908550
1317401365.625029087 696.138356459 -250.626931813 6.503025454 -0.008877245 0.005755731 -0.619135730 0.785212719
1317401365.728779078 696.403390420 -251.714521207 6.515686671 -0.008089750 0.005861488 -0.618697646 0.785565670
1317401365.832552910 696.671628220 -252.793755937 6.532854187 -0.007072292 0.006136386 -0.618199916 0.785965134
1317401365.936326981 696.935529629 -253.887268481 6.552968605 -0.006300088 0.006153539 -0.617724693 0.786345119
1317401366.040102959 697.206143879 -254.964061583 6.564830196 -0.006095327 0.005733400 -0.617277381 0.786701093
1317401366.143878937 697.474516019 -256.045887710 6.571495432 -0.006125967 0.005420294 -0.616895704 0.787002404
1317401366.247678041 697.747858979 -257.134290550 6.578776870 -0.005655945 0.004898520 -0.616546336 0.787283069
1317401366.351476908 698.019468763 -258.219441961 6.596790465 -0.004652591 0.003391252 -0.616254778 0.787525810
1317401366.455275059 698.290017832 -259.295346962 6.608809373 -0.003875648 0.002120720 -0.615928637 0.787789563
1317401366.559074163 698.558382304 -260.369410769 6.619063320 -0.002901765 0.001589161 -0.615648816 0.788013699
1317401366.662873030 698.831643896 -261.451041599 6.635161647 -0.002916308 0.002117063 -0.615409695 0.788199163
1317401366.766671896 699.104265524 -262.522866347 6.647335572 -0.002781853 0.002526101 -0.615375581 0.788225079
1317401366.870493889 699.378833327 -263.599389520 6.657294780 -0.003748963 0.003062681 -0.615451018 0.788160269
1317401366.974363089 699.654515616 -264.677181821 6.665552635 -0.004929348 0.002888906 -0.615720689 0.787943772
1317401367.078211069 699.928545981 -265.749162185 6.673080930 -0.005439608 0.003116730 -0.615862747 0.787828518
1317401367.182033062 700.196948066 -266.824121776 6.683961442 -0.005018217 0.003961392 -0.616039975 0.787688945
1317401367.285856009 700.466662853 -267.890332711 6.715571739 -0.004789945 0.004289765 -0.616353238 0.787443547
1317401367.389702797 700.746303586 -268.964289180 6.737813119 -0.005577309 0.004180051 -0.616726666 0.787146518
1317401367.493549109 701.010795989 -270.031873094 6.766811209 -0.006894066 0.004141849 -0.617272256 0.786708509
1317401367.597373009 701.279470745 -271.099583258 6.777444772 -0.008075055 0.004458542 -0.617687229 0.786369761
1317401367.701220751 701.550811825 -272.178349645 6.792217587 -0.007866751 0.004775260 -0.618067776 0.786070948
1317401367.805067062 701.816859101 -273.239721266 6.801673833 -0.006315461 0.005192664 -0.618581915 0.785677775
1317401367.908937931 702.076986050 -274.304841023 6.820108976 -0.005523084 0.005348814 -0.619018532 0.785338744
1317401368.012833118 702.346525687 -275.376786004 6.837172372 -0.005104912 0.004963891 -0.619523648 0.784945698
1317401368.116703033 702.607694158 -276.447421192 6.842537831 -0.004929634 0.004858385 -0.619981136 0.784586188
1317401368.220571995 702.865501629 -277.508183999 6.854966783 -0.004556872 0.004978846 -0.620672768 0.784040663
1317401368.324443102 703.125234717 -278.584331521 6.863825225 -0.004272232 0.005242649 -0.621163073 0.783652155
1317401368.428316116 703.373782694 -279.648030399 6.874904313 -0.003808838 0.004609474 -0.621628502 0.783289379
1317401368.532162905 703.633321149 -280.711898823 6.887205807 -0.003808513 0.003515516 -0.621873413 0.783100628
1317401368.635984898 703.880333954 -281.773525643 6.901109103 -0.003740921 0.002246513 -0.622104257 0.782922251
1317401368.739815950 704.128678183 -282.838940437 6.926477687 -0.003347143 0.001474498 -0.622304867 0.782766425
1317401368.843661070 704.377327443 -283.896376024 6.930440725 -0.003039791 0.001651861 -0.622468169 0.782637470
1317401368.947520018 704.628445005 -284.967565149 6.940934684 -0.002690704 0.002029418 -0.622585230 0.782544742
1317401369.051392078 704.881583553 -286.029357223 6.954024128 -0.003063569 0.002890949 -0.622681339 0.782464189
1317401369.155262947 705.133090240 -287.086319645 6.959642131 -0.003527706 0.003457315 -0.622920874 0.782269255
1317401369.259135962 705.380997298 -288.144677839 6.966929362 -0.004366772 0.004006258 -0.623083474 0.782132895
1317401369.363006115 705.627610919 -289.199465141 6.972231558 -0.004928171 0.004075222 -0.623187196 0.782046562
1317401369.466852903 705.873523392 -290.250557232 6.985110372 -0.005417565 0.003793786 -0.623289622 0.781963109
1317401369.570702076 706.122558031 -291.306378135 6.994132249 -0.005821965 0.003837981 -0.623388805 0.781880920
1317401369.674576998 706.369081664 -292.356896065 6.994440951 -0.005594520 0.003989976 -0.623524717 0.781773438
1317401369.778424025 706.618187582 -293.412601447 7.008382086 -0.005317654 0.004714565 -0.623556009 0.781746378
1317401369.882241011 706.860879313 -294.467493796 7.025488672 -0.004907151 0.005719785 -0.623579927 0.781723275
1317401369.986062050 707.100833281 -295.495717908 7.035552537 -0.004485297 0.006741331 -0.623701242 0.781620878
1317401370.089885950 707.343581600 -296.536342953 7.059333051 -0.004385934 0.007097860 -0.623752661 0.781577252
1317401370.193708897 707.586510429 -297.574709071 7.080297069 -0.004808143 0.006063449 -0.623888067 0.781475397
1317401370.297530890 707.824838069 -298.600471960 7.079039037 -0.005354908 0.004676610 -0.623862740 0.781501591
1317401370.401328087 708.060659773 -299.627942325 7.083660557 -0.004167235 0.003780090 -0.623909216 0.781476574
1317401370.505129099 708.298581193 -300.656453299 7.105864225 -0.002946213 0.003785746 -0.623807479 0.781563316
1317401370.608952999 708.537149489 -301.704755171 7.117144263 -0.002084558 0.003725420 -0.623863220 0.781521886
1317401370.712774992 708.777912306 -302.729461584 7.118634350 -0.001591157 0.004078044 -0.623898394 0.781493206
1317401370.816572905 709.009593192 -303.753156839 7.140205895 -0.000979717 0.003771584 -0.624073247 0.781356127
1317401370.920371056 709.244951132 -304.759907666 7.149955908 -0.000985599 0.003182745 -0.624060530 0.781368897
1317401371.024168968 709.473941237 -305.776792581 7.158316093 -0.000637650 0.002685647 -0.624129417 0.781316102
1317401371.127943993 709.705913306 -306.774234866 7.165370725 0.000033115 0.002770042 -0.624006497 0.781414242
1317401371.231720924 709.939096455 -307.777912151 7.178137574 0.000624667 0.002602601 -0.623862313 0.781529687
1317401371.335496902 710.170992065 -308.775218232 7.192571292 0.000429452 0.002359944 -0.623581805 0.781754423
1317401371.439271927 710.400579513 -309.766097372 7.197474048 0.000016135 0.002378848 -0.623178010 0.782076408
1317401371.543023109 710.637160335 -310.755402638 7.210032116 -0.000466440 0.001815480 -0.622485763 0.782628878
1317401371.646750927 710.878131214 -311.745215089 7.221462136 -0.001019937 0.001210464 -0.620831521 0.783942420
1317401371.750502110 711.126120331 -312.733689118 7.223290338 -0.000415311 0.000805171 -0.618155060 0.786055660
1317401371.854249001 711.388283040 -313.716874149 7.224954414 0.000764978 0.001189094 -0.614369819 0.789016937
1317401371.957974672 711.630515739 -314.666347793 7.244263220 0.002205537 0.001234811 -0.609664439 0.792655589
1317401372.061702967 711.896802679 -315.629659570 7.260601303 0.001833101 0.001431559 -0.603842592 0.797100191
1317401372.165406942 712.177374817 -316.585982453 7.265402580 0.002117031 0.001205341 -0.597250155 0.802051319
1317401372.269084930 712.465050251 -317.515126765 7.269899358 0.002488383 0.001426656 -0.589795587 0.807547484
1317401372.372765303 712.780016923 -318.433705036 7.280021964 0.003304590 0.001859358 -0.581474428 0.813555845
1317401372.476466894 713.098677072 -319.359965582 7.291680275 0.004256739 0.002495443 -0.572338957 0.820002299
1317401372.580168962 713.431765853 -320.254531524 7.294242947 0.004926796 0.003236149 -0.562915658 0.826493325
1317401372.683871984 713.790072151 -321.159165776 7.299431293 0.005129528 0.004374982 -0.553122701 0.833072521
1317401372.787600040 714.172618223 -322.048800676 7.308895661 0.005158977 0.004521303 -0.542856263 0.839797607
1317401372.891302109 714.570101419 -322.904883350 7.308670978 0.004626652 0.004598055 -0.532064408 0.846678757
1317401372.994978905 714.997732444 -323.761716881 7.302825798 0.004530351 0.004503792 -0.521127413 0.853454985
1317401373.098656654 715.425977630 -324.595027375 7.293145685 0.004371719 0.005279352 -0.510070771 0.860105125
1317401373.202358961 715.893628413 -325.436844013 7.284741093 0.003991517 0.006525017 -0.498993247 0.866572115
1317401373.306087017 716.376624297 -326.256387276 7.292091667 0.004018227 0.007595088 -0.488183582 0.872698664
1317401373.409816027 716.873279051 -327.061227048 7.290969044 0.004013602 0.007743301 -0.477294037 0.878700367
1317401373.513544083 717.398799546 -327.859284190 7.286320106 0.003537265 0.007863212 -0.466598210 0.884427367
1317401373.617317915 717.936460170 -328.635921823 7.280978564 0.003235204 0.008056151 -0.456576024 0.889642044
1317401373.721138954 718.491162583 -329.407410755 7.276623202 0.001895739 0.008872827 -0.447372821 0.894301537
1317401373.824961901 719.069543798 -330.173715987 7.263819407 0.001299909 0.009568579 -0.439116215 0.898378374
1317401373.928785801 719.651341817 -330.925745227 7.250161437 0.000888350 0.011223655 -0.431518036 0.902034049
1317401374.032633066 720.263137873 -331.661919772 7.235987169 0.001094160 0.012776133 -0.424428765 0.905370530
1317401374.136502981 720.873477498 -332.390943594 7.240927312 0.001054703 0.014572365 -0.417776893 0.908432167
1317401374.240374088 721.509891653 -333.126373569 7.228860402 0.000544978 0.014713353 -0.411529490 0.911277509
1317401374.344296932 722.153556613 -333.848386710 7.212434540 -0.001417721 0.015146466 -0.406454556 0.913544344
1317401374.448262930 722.792059689 -334.566262360 7.192992828 -0.003119949 0.016120277 -0.403144522 0.914989014
1317401374.552273989 723.441035412 -335.274853862 7.176050625 -0.004194823 0.016963883 -0.401543905 0.915673044
1317401374.656311989 724.105169983 -335.987282951 7.150888849 -0.005112339 0.017185412 -0.401123735 0.915848391
1317401374.760349989 724.766338599 -336.706671512 7.135281578 -0.005262087 0.017118873 -0.401304610 0.915769548
1317401374.864413023 725.418925248 -337.418059207 7.120871505 -0.005206155 0.017372698 -0.401895006 0.915506138
1317401374.968498945 726.072226622 -338.114737783 7.111032715 -0.005991612 0.017340553 -0.403594710 0.914753910
1317401375.072609901 726.713569813 -338.820188751 7.099202675 -0.007501202 0.017278176 -0.406333874 0.913530503
1317401375.176721096 727.359586042 -339.530597228 7.085809197 -0.009072422 0.017685487 -0.410365239 0.911704604
1317401375.280879021 727.990689590 -340.241945391 7.059704850 -0.010466011 0.018813920 -0.415693644 0.909249852
1317401375.385061979 728.602634565 -340.956946120 7.055466753 -0.011126212 0.019834464 -0.422419917 0.906114902
1317401375.489244938 729.219536562 -341.678085437 7.043075461 -0.011847953 0.020073839 -0.430219670 0.902423239
1317401375.593431950 729.823348763 -342.421477404 7.035980764 -0.012495820 0.020774047 -0.438839117 0.898238567
1317401375.697614908 730.405940463 -343.137170153 7.024096555 -0.013097181 0.020666159 -0.447794080 0.893801899
1317401375.801769972 730.970236218 -343.891714697 7.017292107 -0.013917054 0.018658433 -0.456872347 0.889227663
1317401375.905904055 731.508770590 -344.639037878 7.014521758 -0.015768891 0.015354980 -0.466490880 0.884252128
1317401376.010062933 732.046778816 -345.413559958 7.012211774 -0.017330996 0.011966603 -0.476707232 0.878809793
1317401376.114223003 732.546384519 -346.192185714 6.996723384 -0.017623072 0.011218398 -0.487591900 0.872821696
1317401376.218354940 733.043339962 -346.985485741 6.986029383 -0.015137171 0.013239675 -0.498710550 0.866535265
1317401376.322476149 733.506083131 -347.782979810 6.997076852 -0.011444860 0.015593883 -0.509742097 0.860109784
1317401376.426565886 733.950084755 -348.588107812 7.032371968 -0.009262339 0.015884920 -0.520694134 0.853545252
1317401376.530622005 734.377265792 -349.411339248 7.033595201 -0.010362170 0.014444777 -0.531391455 0.846939842
1317401376.634685040 734.790923654 -350.235253953 7.027724637 -0.011278677 0.011266336 -0.541984474 0.840237283
1317401376.738744020 735.172417263 -351.078824744 7.023678731 -0.011979084 0.009815590 -0.552552022 0.833334518
1317401376.842782974 735.532527454 -351.945124559 7.029736244 -0.011777459 0.008735142 -0.563033248 0.826304151
1317401376.946798086 735.872911049 -352.803283944 7.036871577 -0.011805830 0.008632571 -0.573237660 0.819258620
1317401377.050787926 736.205321010 -353.686213792 7.044100722 -0.011379943 0.007852777 -0.582992504 0.812359878
1317401377.154752970 736.512263363 -354.591285668 7.059188221 -0.010370692 0.005677334 -0.592135532 0.805751654
1317401377.258696079 736.799485035 -355.475870125 7.075023093 -0.009664781 0.003561019 -0.600602856 0.799481157
1317401377.362616062 737.058459917 -356.384807368 7.093807235 -0.009062867 0.002364062 -0.608465871 0.793524769
1317401377.466511011 737.316960932 -357.312076044 7.105179363 -0.008077658 0.001714390 -0.615604113 0.788012302
1317401377.570406914 737.546019352 -358.233799045 7.123091375 -0.007220198 0.001501170 -0.622608646 0.782498620
1317401377.674278975 737.772891936 -359.177752810 7.146652367 -0.007453679 0.000895110 -0.628923522 0.777430926
1317401377.778100014 737.985465468 -360.130676954 7.153968104 -0.007789787 0.000731074 -0.634923788 0.772535157
1317401377.881922960 738.176110564 -361.092351291 7.162615676 -0.007560079 0.000223169 -0.640080632 0.768270512
1317401377.985718966 738.365267268 -362.067642719 7.191570421 -0.006674426 -0.000424363 -0.644705614 0.764401689
1317401378.089490891 738.546722855 -363.052440602 7.196025629 -0.006314491 -0.000860963 -0.648509179 0.761180156
1317401378.193268061 738.703935554 -364.034659232 7.228597375 -0.004046168 -0.001231448 -0.651826594 0.758356251
1317401378.297044039 738.855736927 -365.014167971 7.230417808 -0.003240055 -0.001011181 -0.654576059 0.755988533
1317401378.400815964 739.001647782 -366.027307847 7.261948891 -0.001952064 -0.000535832 -0.657166701 0.753742549
1317401378.504569054 739.142571971 -367.027740319 7.262575620 -0.000522805 0.000537539 -0.659411951 0.751781429
1317401378.608293772 739.273502812 -368.056512613 7.275774394 0.000993596 0.001035081 -0.661226310 0.750185116
1317401378.712020874 739.404070197 -369.075958094 7.285040715 0.002340529 0.000880517 -0.662582076 0.748985139
1317401378.815773010 739.536756165 -370.105162681 7.292802769 0.004227625 -0.000146590 -0.663637094 0.748042721
1317401378.919548273 739.658333180 -371.132153826 7.291237627 0.005959181 -0.001628977 -0.664552587 0.747215962
1317401379.023322105 739.784858465 -372.174657666 7.309729014 0.005742358 -0.002809957 -0.665360828 0.746494540
1317401379.127094030 739.909367976 -373.216174840 7.304688820 0.003895125 -0.003683892 -0.666051406 0.745886574
1317401379.230871916 740.047733319 -374.265391661 7.325037700 0.000300127 -0.002689582 -0.666888737 0.745152393
1317401379.334671021 740.177580844 -375.320873778 7.333185848 -0.002780245 -0.000592608 -0.667944751 0.744205434
1317401379.438467979 740.298152675 -376.351562947 7.344172741 -0.006020944 0.002855928 -0.669019708 0.743214789
1317401379.542243004 740.419484921 -377.384638714 7.341292341 -0.007846023 0.005671755 -0.670226416 0.742093540
1317401379.646015882 740.538199343 -378.420982914 7.369367730 -0.008916011 0.006790172 -0.671637825 0.740794864
1317401379.749816179 740.649194405 -379.451840065 7.382967060 -0.011610878 0.007499953 -0.673305932 0.739234780
1317401379.853615761 740.756798472 -380.495935051 7.405377079 -0.013559458 0.007701854 -0.675152218 0.737513596
1317401379.957391024 740.862081937 -381.531567083 7.419282279 -0.015210186 0.008432028 -0.676767574 0.735991306
1317401380.061192036 740.961190660 -382.548215690 7.427996765 -0.015092592 0.009650560 -0.678448739 0.734429295
1317401380.165014029 741.038114390 -383.543924462 7.445483616 -0.014622110 0.012377342 -0.680921755 0.732105565
1317401380.268886089 741.104441779 -384.511914140 7.457208874 -0.014864890 0.014697520 -0.684396072 0.728810699
1317401380.372802973 741.176219787 -385.462808673 7.495081032 -0.015481134 0.015442961 -0.688470916 0.724934237
1317401380.476770163 741.228054913 -386.380074498 7.503911046 -0.016840469 0.016744237 -0.693586540 0.719981764
1317401380.580836058 741.246732249 -387.293673012 7.501791801 -0.017551814 0.018513986 -0.700338731 0.713354630
1317401380.684945107 741.325468851 -388.145668934 7.525177971 -0.017361054 0.018161737 -0.708370887 0.705393104
1317401380.789103031 741.273888591 -388.965817340 7.549103586 -0.017197268 0.017264899 -0.718074209 0.695539795
1317401380.893357992 741.269324941 -389.752615708 7.553776427 -0.016153438 0.016034517 -0.729712520 0.683375153
1317401380.997636080 741.210060241 -390.521334521 7.583635321 -0.014091379 0.015225632 -0.742271598 0.669777939
1317401381.101914883 741.129299687 -391.226623648 7.583463833 -0.011214197 0.014909056 -0.755481799 0.654903973
1317401381.206242085 741.019061017 -391.933185057 7.626578530 -0.009227822 0.014317927 -0.769187191 0.638796454
1317401381.310544968 740.888411102 -392.608504237 7.629856950 -0.008726440 0.013068468 -0.782904776 0.621943066
1317401381.414823055 740.732832225 -393.239890360 7.664437959 -0.009429944 0.012238223 -0.796613088 0.604292057
1317401381.519124031 740.571228824 -393.876036627 7.687075822 -0.012589905 0.011489866 -0.810626983 0.585314762
1317401381.623429060 740.362185715 -394.489312866 7.690100900 -0.017130879 0.012328708 -0.824597666 0.565325769
1317401381.727732897 740.126913511 -395.101355874 7.681495511 -0.019957350 0.011759992 -0.838493130 0.544419579
1317401381.832011938 739.875506353 -395.681248130 7.695948359 -0.020584612 0.009928928 -0.852366042 0.522445998
1317401381.936266899 739.575665388 -396.246628104 7.714922963 0.021087155 -0.007948050 0.865885989 -0.499733544
1317401382.040518999 739.264633725 -396.791173575 7.736397397 0.021051770 -0.005609057 0.878792627 -0.476706282
1317401382.144722939 738.914588300 -397.324985396 7.764220878 0.019179589 -0.003029965 0.890916004 -0.453752836
1317401382.248883009 738.550408168 -397.830270739 7.799047874 0.016400196 -0.001674454 0.902198761 -0.431005366
1317401382.353018999 738.163881783 -398.310531546 7.832114071 0.013511513 -0.000250254 0.912973105 -0.407795888
1317401382.457130909 737.731406142 -398.775923180 7.867351966 0.011609914 0.000960233 0.923045842 -0.384513540
1317401382.561242104 737.310384513 -399.234465345 7.894543828 0.011374391 0.002251380 0.932405123 -0.361228793
1317401382.665328026 736.851683941 -399.658577486 7.930130419 0.012167502 0.002424398 0.941205249 -0.337607395
1317401382.769391060 736.354966507 -400.077447128 7.936357975 0.013669163 0.002753864 0.949305470 -0.314045690
1317401382.873431921 735.841579153 -400.460535876 7.956773961 0.014043690 0.004036202 0.956560659 -0.291166945
1317401382.977472067 735.302559676 -400.823395490 7.988282647 0.013873942 0.005263289 0.963159570 -0.268520863
1317401383.081484079 734.744282246 -401.178571494 8.011474301 0.014495587 0.004796934 0.969125875 -0.246093287
1317401383.185451031 734.158881542 -401.496912726 8.036003628 0.015844260 0.003425990 0.974309083 -0.224630880
1317401383.289393902 733.549008815 -401.780745194 8.058330038 0.017160819 0.003175428 0.978773062 -0.204202636
1317401383.393285036 732.917770183 -402.077232260 8.080237384 0.018631122 0.004287707 0.982458053 -0.185501136
1317401383.497107983 732.279881117 -402.321589912 8.118175306 0.018232788 0.007507330 0.985468398 -0.168710526
1317401383.600860119 731.628017186 -402.568820221 8.155545165 0.016377939 0.009352931 0.987873157 -0.154113310
1317401383.704545975 730.963626861 -402.777026053 8.180768583 0.015170189 0.009850258 0.989690756 -0.142074082
1317401383.808178902 730.298953305 -402.967973720 8.208228345 0.013096639 0.010525546 0.990970740 -0.133021367
1317401383.911827087 729.637040524 -403.151645285 8.247632773 0.011851085 0.012341850 0.991876013 -0.126052393
1317401384.015501976 728.982106852 -403.329282550 8.277336515 0.011092675 0.013170861 0.992529866 -0.120780571
1317401384.119182110 728.331769099 -403.486645056 8.305500712 0.010323198 0.013315179 0.993039242 -0.116572733
1317401384.222862005 727.673107490 -403.652437359 8.336044881 0.010258701 0.012537987 0.993451442 -0.113100799
1317401384.326540947 727.031105340 -403.812200490 8.365412225 0.010706608 0.012235665 0.993746266 -0.110471786
1317401384.430242062 726.381567840 -403.961289328 8.373614141 0.011697152 0.011711839 0.993982382 -0.108282197
1317401384.533946037 725.723019162 -404.101904546 8.408533009 0.012758314 0.012977963 0.994155304 -0.106414423
1317401384.637650013 725.069290146 -404.251849312 8.435552028 0.013911219 0.014045619 0.994221644 -0.105510765
1317401384.741398096 724.440710108 -404.385351510 8.472384492 0.014131849 0.015510489 0.994322012 -0.104323784
1317401384.845171928 723.786275285 -404.524859047 8.490165841 0.014103918 0.015153988 0.994432664 -0.103320443
1317401384.948949099 723.139819401 -404.656665625 8.524617988 0.013483554 0.015218875 0.994518935 -0.102560560
1317401385.052747965 722.493710247 -404.797183229 8.534992654 0.011674777 0.015227318 0.994601424 -0.101979589
1317401385.156570911 721.861742373 -404.931560668 8.582463551 0.010715734 0.015773552 0.994669559 -0.101335270
1317401385.260416985 721.212218244 -405.078865586 8.601720724 0.010322312 0.015450494 0.994690342 -0.101221813
1317401385.364286900 720.589526805 -405.205766729 8.634009495 0.010168519 0.015653705 0.994669785 -0.101408000
1317401385.468182087 719.949262584 -405.343049866 8.663208051 0.009942352 0.016186563 0.994611105 -0.101921026
1317401385.572102070 719.324483088 -405.471838632 8.683929467 0.009493142 0.016101909 0.994508106 -0.102976870
1317401385.676022053 718.701821853 -405.610627127 8.703879709 0.009809064 0.015254942 0.994434058 -0.103788118
1317401385.779959917 718.074798560 -405.749137379 8.729241106 0.010277624 0.015189297 0.994371423 -0.104350990
1317401385.883930922 717.452280602 -405.884758501 8.750178707 0.010645956 0.016552055 0.994242386 -0.105331714
1317401385.987921000 716.831998619 -406.013820455 8.785540315 0.011412605 0.018432307 0.994154013 -0.105772401
1317401386.091932058 716.211808505 -406.149622589 8.813264433 0.012021652 0.018589149 0.994146585 -0.105747300
1317401386.195924044 715.597246507 -406.289329172 8.825978440 0.011773073 0.018243652 0.994115938 -0.106122881
1317401386.299913883 714.970715329 -406.421825026 8.851858185 0.011363782 0.018359919 0.994084122 -0.106444988
1317401386.403930902 714.359159591 -406.553204185 8.878441422 0.010819291 0.019141300 0.994050429 -0.106678484
1317401386.507946968 713.744595571 -406.687317483 8.909575987 0.010575233 0.019580687 0.994005587 -0.107040434
1317401386.611963987 713.146412651 -406.821250397 8.932619169 0.011002421 0.019383279 0.993995657 -0.107125480
1317401386.716028929 712.521977533 -406.956781023 8.952317398 0.012065546 0.019610846 0.993941873 -0.107468092
1317401386.819967985 711.906583483 -407.103171469 8.979234771 0.014122022 0.021183555 0.993820765 -0.108037552
1317401386.923836946 711.291385413 -407.231805924 9.007654966 0.015096051 0.023732844 0.993655990 -0.108888177
1317401387.027780056 710.676110773 -407.371646530 9.036812878 0.014420577 0.024471892 0.993534175 -0.109922779
1317401387.131725073 710.044096320 -407.524435056 9.064866570 0.013667915 0.023716260 0.993382660 -0.111541998
1317401387.235667944 709.435764375 -407.664507046 9.084355741 0.011994466 0.023427326 0.993238785 -0.113066390
1317401387.339586020 708.798304207 -407.813661291 9.112719612 0.010134471 0.024042371 0.993050159 -0.114763399
1317401387.443504095 708.179421121 -407.957785360 9.151955902 0.009457265 0.024802440 0.992799463 -0.116810213
1317401387.547446966 707.547778864 -408.113613583 9.182387324 0.009580774 0.024267327 0.992545419 -0.119049975
1317401387.651391029 706.931235266 -408.269084104 9.203440914 0.010225936 0.023261572 0.992335257 -0.120934147
1317401387.755309105 706.289521374 -408.437081496 9.224783449 0.011104128 0.022604374 0.992030189 -0.123457869
1317401387.859226227 705.672181576 -408.589976622 9.244005404 0.011215756 0.022633427 0.991746287 -0.125702970
1317401387.963143826 705.036936447 -408.762771236 9.274742196 0.011377116 0.022644477 0.991455145 -0.127962822
1317401388.067061901 704.403675595 -408.932153950 9.303813468 0.012205041 0.023036741 0.991161501 -0.130073916
1317401388.170980930 703.769511814 -409.104258897 9.337420332 0.013192809 0.023918727 0.990784155 -0.132667262
1317401388.274926901 703.131871767 -409.268269809 9.360374415 0.013903080 0.024139228 0.990483885 -0.134780103
1317401388.378917933 702.498259710 -409.461269376 9.386402631 0.013881978 0.023609721 0.990239359 -0.136659740
1317401388.482933044 701.867782160 -409.636241201 9.407018017 0.013237141 0.022350227 0.990183411 -0.137339211
1317401388.586971998 701.211452620 -409.812493509 9.438169024 0.013204795 0.021672648 0.990320129 -0.136462342
1317401388.691031694 700.565271896 -409.988181478 9.468667306 0.014483381 0.021531221 0.990544275 -0.134717026
1317401388.795094013 699.891952688 -410.177884983 9.492268102 0.015079239 0.021422049 0.990884496 -0.132142457
1317401388.899179935 699.223018170 -410.361132033 9.526221729 0.015120169 0.020758661 0.991314843 -0.128978066
1317401389.003266096 698.544987099 -410.538873434 9.552073031 0.015143199 0.020437239 0.991797608 -0.125261754
1317401389.107331038 697.845822868 -410.722997705 9.587287742 0.015297783 0.020332575 0.992370278 -0.120639110
1317401389.211393118 697.131249538 -410.904138787 9.624797813 0.017006452 0.019877292 0.992894928 -0.116083313
1317401389.315429926 696.400466775 -411.080733069 9.647049701 0.018397392 0.019721396 0.993340433 -0.112015117
1317401389.419445038 695.662292892 -411.244024413 9.682521517 0.018990373 0.019181329 0.993770624 -0.108126730
1317401389.523437023 694.905440364 -411.416822951 9.707761240 0.018450607 0.019419333 0.994159572 -0.104542863
1317401389.627404690 694.138656551 -411.585444302 9.752526344 0.017662810 0.019457144 0.994493116 -0.101453870
1317401389.731370926 693.361201378 -411.760423693 9.783270956 0.017264600 0.019309625 0.994807014 -0.098428033
1317401389.835339069 692.568265337 -411.917057849 9.824078138 0.016822836 0.019187221 0.995099767 -0.095526417
1317401389.939284086 691.757831837 -412.072546929 9.860439800 0.016447937 0.019414980 0.995395471 -0.092414176
1317401390.043200970 690.942077103 -412.220448243 9.894505068 0.015702825 0.019357016 0.995690464 -0.089326520
1317401390.147140980 690.106617781 -412.371169629 9.933805393 0.015185708 0.019463915 0.995993000 -0.085956350
1317401390.251107931 689.275899627 -412.524774362 9.961125837 0.015138755 0.019221249 0.996306467 -0.082309087
1317401390.355099916 688.418562009 -412.663990388 10.006451956 0.014760213 0.019623587 0.996652590 -0.077978619
1317401390.459115028 687.566580414 -412.798967238 10.034782683 0.014267282 0.019169608 0.996992453 -0.073722579
1317401390.563127995 686.716638175 -412.923874974 10.069852251 0.012894455 0.019052088 0.997325400 -0.069374325
1317401390.667120934 685.856825682 -413.047841568 10.108130813 0.011588411 0.019399876 0.997632860 -0.064946365
1317401390.771111965 685.001974141 -413.162477289 10.147533796 0.010343841 0.019074780 0.997942240 -0.060336083
1317401390.875124931 684.149471058 -413.278951221 10.177901275 0.008550171 0.018354828 0.998264257 -0.055303415
1317401390.979162931 683.290377852 -413.371244153 10.205866080 0.007579160 0.017218392 0.998608645 -0.049263143
1317401391.083275080 682.430490393 -413.468587800 10.234938390 0.008091808 0.016064140 0.998973686 -0.041569718
1317401391.187433958 681.585114434 -413.536331618 10.267115802 0.012158143 0.013559452 0.999316728 -0.032162043
1317401391.291591883 680.709797103 -413.599344550 10.279464158 0.017296565 0.012263715 0.999546166 -0.021398419
1317401391.395751953 679.867067423 -413.620257711 10.315918345 0.021371712 0.013292013 0.999634547 -0.009866383
1317401391.499910116 678.956693794 -413.686679897 10.357311643 0.023779312 0.015849944 0.999588365 0.002534683
1317401391.604046106 678.114557407 -413.655665874 10.403209402 0.024153665 0.016810670 0.999448155 0.015407392
1317401391.708157301 677.257491493 -413.624286514 10.453498304 0.022960828 0.017763539 0.999185226 0.028038194
1317401391.812242031 676.397834830 -413.580834600 10.506350793 0.020353454 0.018699374 0.998786607 0.040760087
1317401391.916302919 675.532567542 -413.512501486 10.547307767 0.018293065 0.018546096 0.998237026 0.053331479
1317401392.020368099 674.677818934 -413.421090527 10.587826595 0.017829923 0.018568482 0.997477031 0.066157973
1317401392.124408007 673.824869174 -413.315426784 10.632668952 0.018288446 0.018096107 0.996568051 0.078677724
1317401392.228420973 672.970474110 -413.174052868 10.669180164 0.018783563 0.017270394 0.995483065 0.091446040
1317401392.332434893 672.119411214 -413.022465952 10.692907016 0.018541178 0.017940749 0.994263520 0.103799838
1317401392.436400890 671.274109914 -412.847316985 10.731068158 0.017282219 0.019791949 0.992990345 0.115237925
1317401392.540321112 670.416198377 -412.647242897 10.780201969 0.014573515 0.021529820 0.991763520 0.125416105
1317401392.644217968 669.594229742 -412.436193711 10.805591657 0.010835487 0.021946317 0.990666443 0.134093066
1317401392.748039961 668.740429634 -412.217943199 10.827443186 0.008034585 0.023537261 0.989617069 0.141560936
1317401392.851814032 667.920918401 -411.985541841 10.874738424 0.007334622 0.025595164 0.988654561 0.147828449
1317401392.955563068 667.101401186 -411.733555654 10.896507688 0.009440750 0.025232258 0.987801542 0.153369876
1317401393.059290886 666.285490020 -411.491114900 10.916129170 0.010405693 0.025140902 0.987012715 0.158321059
1317401393.163042068 665.480333547 -411.220344995 10.921347904 0.009488207 0.024688216 0.986342729 0.162568406
1317401393.266817093 664.668658466 -410.951889488 10.939469766 0.007894273 0.024902022 0.985627018 0.166904016
1317401393.370568991 663.874017301 -410.682236974 10.966690822 0.007860420 0.024785087 0.984815546 0.171645724
1317401393.474319935 663.077389515 -410.404469036 10.990539807 0.009635651 0.024431872 0.983972143 0.176377604
1317401393.578093052 662.294864294 -410.118133659 11.016912829 0.012111044 0.022975420 0.983104887 0.181191150
1317401393.681893110 661.499505895 -409.815870069 11.046807384 0.015341189 0.020225170 0.982213279 0.186044793
1317401393.785691977 660.734680090 -409.522654288 11.058068912 0.018829538 0.016692329 0.981308327 0.190789890
1317401393.889466047 659.939920280 -409.222595200 11.076636457 0.020108424 0.014578193 0.980395445 0.195468410
1317401393.993266106 659.172090778 -408.901938973 11.095425400 0.018766129 0.014048998 0.979550034 0.199830399
1317401394.097090006 658.389969034 -408.585364869 11.147584562 0.016787275 0.014186779 0.978742017 0.203914167
1317401394.200887918 657.628080324 -408.263434278 11.172306956 0.014704743 0.013133659 0.978098935 0.207204612
1317401394.304661036 656.851315422 -407.924041578 11.191509211 0.013480775 0.013821673 0.977612959 0.209523587
1317401394.408437014 656.087302094 -407.591006253 11.225851807 0.013022232 0.017017085 0.977223225 0.211129364
1317401394.512188911 655.326480049 -407.245365800 11.277228835 0.013460426 0.019549014 0.977084613 0.211523784
1317401394.615915060 654.564260436 -406.911549979 11.310890634 0.014672902 0.019878047 0.977175198 0.210993367
1317401394.719618082 653.778108078 -406.569039667 11.327817246 0.015724542 0.019823982 0.977402029 0.209869057
1317401394.823344946 653.018009222 -406.216679110 11.346551998 0.015763368 0.020475258 0.977769634 0.208083694
1317401394.927093983 652.228923487 -405.879122784 11.355853645 0.014071240 0.022803362 0.978266701 0.205611939
1317401395.030821085 651.446698164 -405.548121390 11.390610711 0.011113366 0.025102161 0.978972474 0.202136762
1317401395.134572983 650.672444965 -405.218223496 11.416560127 0.008295873 0.026845565 0.979745153 0.198267316
1317401395.238347054 649.888956275 -404.887041111 11.439023257 0.007073098 0.028372240 0.980508887 0.194286668
1317401395.342119932 649.105254602 -404.557523633 11.470225276 0.007909410 0.030019262 0.981195811 0.190502142
1317401395.445919037 648.331266714 -404.257414173 11.492968302 0.010357709 0.031708977 0.981876778 0.186561656
1317401395.549742937 647.546841927 -403.948498184 11.518616924 0.012831531 0.032722551 0.982517455 0.182822421
1317401395.653541088 646.767065634 -403.647009845 11.521427137 0.013484977 0.032639912 0.983212425 0.179014297
1317401395.757339954 645.976309003 -403.342029439 11.540743871 0.012468242 0.033372990 0.983892544 0.175174910
1317401395.861186028 645.200484446 -403.056231480 11.564083203 0.010931891 0.034491744 0.984512764 0.171538426
1317401395.965032101 644.404872203 -402.774358149 11.596891951 0.009718441 0.035457313 0.985028291 0.168426827
1317401396.068901777 643.642287891 -402.500021064 11.623117971 0.009652793 0.034902080 0.985461018 0.165997742
1317401396.172797918 642.836832471 -402.232030372 11.644202077 0.010275775 0.033769539 0.985729003 0.164597567
1317401396.276719093 642.070932919 -401.966915766 11.647585684 0.010432081 0.032009519 0.985948993 0.163618903
1317401396.380660057 641.275890198 -401.700348352 11.661186388 0.010636027 0.032224341 0.986029370 0.163078351
1317401396.484602928 640.518332944 -401.436303232 11.688090385 0.010496885 0.033037421 0.986082579 0.162602248
1317401396.588571787 639.734948200 -401.179193490 11.719239732 0.011838380 0.032617099 0.986131337 0.162298993
1317401396.692536116 638.968539880 -400.933384231 11.730389948 0.014537508 0.029689606 0.986232939 0.162024005
1317401396.796526194 638.177573877 -400.668421216 11.747281502 0.016383000 0.028420356 0.986197578 0.162290535
1317401396.900518894 637.416119603 -400.410549385 11.758095886 0.016283775 0.027259757 0.986185318 0.162573871
1317401397.004508018 636.620269763 -400.144781026 11.787174593 0.014551125 0.026547645 0.986141591 0.163120354
1317401397.108477116 635.849731645 -399.893924366 11.820277821 0.013635725 0.025465686 0.986186769 0.163098810
1317401397.212393045 635.058255455 -399.635915461 11.848598824 0.014330476 0.025339858 0.986265406 0.162582526
1317401397.316286325 634.281786880 -399.377491086 11.877228316 0.015852562 0.025059449 0.986466512 0.161259233
1317401397.420160055 633.487868333 -399.112176336 11.897044412 0.016421212 0.024629815 0.986799060 0.159221014
1317401397.524030924 632.706189777 -398.864798391 11.929578816 0.016775946 0.024309887 0.987241822 0.156464636
1317401397.627902031 631.934518762 -398.620367954 11.947926384 0.016724499 0.024019592 0.987727543 0.153419853
1317401397.731796980 631.145616546 -398.374280292 11.980956485 0.016858147 0.023777627 0.988148723 0.150706767
1317401397.835690975 630.325471349 -398.133135802 12.006769476 0.016772365 0.023272798 0.988532408 0.148259041
1317401397.939560890 629.557012886 -397.893738526 12.032674572 0.016309776 0.023421905 0.988938186 0.145556413
1317401398.043454885 628.745861470 -397.656358621 12.068277313 0.015864297 0.024100327 0.989259868 0.143291354
1317401398.147373915 627.963661882 -397.417487321 12.098694540 0.015411054 0.023859212 0.989507884 0.141659395
1317401398.251295090 627.146574843 -397.176333210 12.131115539 0.015690155 0.023637305 0.989596864 0.141043057
1317401398.355237961 626.355329156 -396.959284127 12.163714768 0.016361067 0.022912977 0.989658695 0.140651974
1317401398.459178925 625.542240831 -396.722822814 12.188678282 0.016851013 0.022590573 0.989687948 0.140440287
1317401398.563122034 624.745983480 -396.494856439 12.211472080 0.016139460 0.022382505 0.989702759 0.140452805
1317401398.667089939 623.934655514 -396.259616892 12.238548591 0.013664928 0.023061495 0.989679595 0.140768376
1317401398.771033049 623.129397207 -396.036711031 12.268463133 0.011034880 0.024182449 0.989667771 0.140894084
1317401398.874974966 622.306553209 -395.795029931 12.309555658 0.009215534 0.024550213 0.989668762 0.140954258
1317401398.978941917 621.502587967 -395.566716716 12.337207426 0.009465299 0.024728710 0.989630823 0.141172709
1317401399.082909107 620.678963099 -395.321122843 12.360042692 0.010339827 0.024253827 0.989608981 0.141346752
1317401399.186898947 619.866658486 -395.094947656 12.373862251 0.011357830 0.023860243 0.989572197 0.141592920
1317401399.290939093 619.051376405 -394.860529556 12.396556755 0.011763523 0.023311145 0.989515394 0.142047513
1317401399.394953966 618.227256901 -394.623653185 12.418907978 0.012152751 0.022925145 0.989399727 0.142880819
1317401399.498919964 617.413928677 -394.388876983 12.441386162 0.012162861 0.023111066 0.989271163 0.143737638
1317401399.602907896 616.611167126 -394.159203903 12.466446702 0.012417884 0.023387546 0.989129606 0.144642457
1317401399.706923008 615.792058770 -393.915722539 12.496578310 0.012835604 0.023336856 0.988941368 0.145895883
1317401399.810940981 614.996364505 -393.688012117 12.522676527 0.013230661 0.022945111 0.988697628 0.147565144
1317401399.914932013 614.193012733 -393.451085426 12.543790515 0.013385772 0.022652194 0.988316282 0.150128696
1317401400.018922091 613.421497778 -393.202836738 12.562785610 0.012795431 0.022234218 0.987938815 0.152704991
1317401400.122910976 612.599054926 -392.951100546 12.589666441 0.012310187 0.022182111 0.987465191 0.155784816
1317401400.226877928 611.830730996 -392.710087161 12.617091200 0.012179775 0.021459284 0.987063569 0.158419264
1317401400.330845833 611.035591407 -392.461021572 12.647781786 0.012236231 0.020946384 0.986662192 0.160963483
1317401400.434813976 610.270499814 -392.204444080 12.667482112 0.012506658 0.020787389 0.986252098 0.163457233
1317401400.538779974 609.491670580 -391.940178474 12.695072996 0.012060305 0.021024314 0.985847724 0.165881866
1317401400.642721891 608.731364037 -391.678091917 12.713255879 0.010993071 0.021923268 0.985455945 0.168152024
1317401400.746640921 607.956519307 -391.409742472 12.745905267 0.009801164 0.022527612 0.985200620 0.169635441
1317401400.850559950 607.215293725 -391.145147263 12.769403136 0.009130110 0.023714422 0.985027473 0.170514352
1317401400.954477072 606.448452398 -390.878114357 12.802412114 0.009033470 0.023917141 0.984904950 0.171197566
1317401401.058373928 605.711055016 -390.620520538 12.819694051 0.009767697 0.023977421 0.984773477 0.171903675
1317401401.162267923 604.948074451 -390.345920885 12.833369465 0.010734841 0.024820165 0.984666216 0.172340260
1317401401.266185999 604.210802690 -390.090889655 12.860240837 0.011542655 0.025012521 0.984670645 0.172234903
1317401401.370104074 603.445419253 -389.809984894 12.875635958 0.011780541 0.024898109 0.984718876 0.171959409
1317401401.474025011 602.723746152 -389.562144645 12.895898620 0.012236986 0.025186004 0.984718416 0.171888225
1317401401.577969074 601.947903042 -389.285964773 12.916479553 0.012359941 0.025116751 0.984739203 0.171770436
1317401401.681931973 601.228091661 -389.030986943 12.938469326 0.012285590 0.024910199 0.984662481 0.172245012
1317401401.785923004 600.449572444 -388.747287223 12.957437423 0.012129065 0.024458267 0.984493075 0.173286075
1317401401.889915943 599.726662810 -388.488204840 12.980849951 0.012392086 0.024937428 0.984328367 0.174132785
1317401401.993902922 598.943423149 -388.212292547 12.999357681 0.012596012 0.024913515 0.984181921 0.174947431
1317401402.097892046 598.201391668 -387.936232548 13.016306974 0.012896256 0.025352446 0.984064027 0.175524730
1317401402.201886892 597.415552271 -387.653560723 13.033983117 0.013260278 0.025482024 0.983993830 0.175872037
1317401402.305880070 596.667917188 -387.386893617 13.054585299 0.013777174 0.025003434 0.983943352 0.176183138
1317401402.409869909 595.882267456 -387.089307101 13.080688669 0.014292509 0.024667690 0.983842576 0.176751282
1317401402.513885021 595.115135090 -386.814532300 13.105417801 0.014774576 0.024607273 0.983727279 0.177360748
1317401402.617877007 594.302601164 -386.511021944 13.129868390 0.014853403 0.024561102 0.983605737 0.178033374
1317401402.721817017 593.504509348 -386.220252719 13.156166203 0.014906024 0.024450807 0.983456111 0.178868794
1317401402.825758934 592.698976032 -385.915542705 13.177715423 0.014850490 0.024251517 0.983352167 0.179471010
1317401402.929702044 591.887223274 -385.617646242 13.197730377 0.014694844 0.024765776 0.983243761 0.180006736
1317401403.033644915 591.053323954 -385.305155763 13.225842856 0.014618070 0.025288404 0.983102306 0.180711553
1317401403.137612104 590.223886710 -384.998633356 13.252142443 0.014705986 0.025300626 0.983008922 0.181210019
1317401403.241579056 589.381034759 -384.684012856 13.273488644 0.014739842 0.024893895 0.982957690 0.181541210
1317401403.345520973 588.557247757 -384.365768887 13.295266221 0.014086016 0.024154907 0.982936944 0.181805086
1317401403.449438095 587.697866716 -384.039504690 13.316405771 0.012596397 0.024851209 0.982960238 0.181694578
1317401403.553335905 586.859458221 -383.720130797 13.343319887 0.011348409 0.025460522 0.983081932 0.181032844
1317401403.657229900 586.005714437 -383.398568726 13.373292689 0.011230077 0.025443311 0.983241520 0.180173909
1317401403.761120081 585.141051976 -383.078581286 13.392576726 0.012649201 0.025521450 0.983433958 0.179014812
1317401403.865015030 584.263840225 -382.757477430 13.421795592 0.013693798 0.025256339 0.983808676 0.176904171
1317401403.968910933 583.413814713 -382.447580463 13.437293493 0.013449815 0.025428932 0.984114427 0.175189228
1317401404.072783947 582.536948665 -382.132506727 13.452747222 0.011742950 0.025486389 0.984444286 0.173441618
1317401404.176655054 581.655915884 -381.808449260 13.470981515 0.009529314 0.026405834 0.984764099 0.171614668
1317401404.280524015 580.766367019 -381.497006689 13.501689280 0.008649142 0.026947618 0.985004348 0.170192400
1317401404.384392977 579.867269319 -381.184705347 13.522383683 0.009208897 0.027020323 0.985322144 0.168301430
1317401404.488241911 578.973730611 -380.875543662 13.550244352 0.010193976 0.026608929 0.985547955 0.166982861
1317401404.592089891 578.091625330 -380.567028554 13.561355597 0.010725398 0.026703015 0.985746875 0.165755883
1317401404.695960045 577.183068708 -380.251998913 13.575531108 0.010385130 0.026206741 0.985905350 0.164912089
1317401404.799832106 576.275281920 -379.944621588 13.587201028 0.009625299 0.026556663 0.986048659 0.164043101
1317401404.903702974 575.356180967 -379.630486248 13.607806351 0.009303923 0.026316450 0.986067021 0.163989975
1317401405.007574081 574.449375855 -379.326177321 13.632148937 0.010232587 0.026095913 0.985999194 0.164377271
1317401405.111469030 573.537709202 -379.019397311 13.673660874 0.012948428 0.025482302 0.985773082 0.165633396
1317401405.215388060 572.651735596 -378.719277099 13.687344044 0.014441469 0.023311585 0.985557615 0.167105359
1317401405.319307089 571.711669973 -378.394835640 13.708189576 0.014057516 0.022269288 0.985261101 0.169017833
1317401405.423223972 570.798788751 -378.081341769 13.723428700 0.012774757 0.021765113 0.984965461 0.170897999
1317401405.527143002 569.870416688 -377.741183836 13.765080596 0.012708109 0.021000746 0.984556450 0.173338022
1317401405.631061077 568.931208455 -377.418905666 13.789985983 0.012929701 0.020208387 0.984111821 0.175921484
1317401405.734956026 567.977331873 -377.081197570 13.801382247 0.012238160 0.019504489 0.983720065 0.178226362
1317401405.838850975 567.043792217 -376.724469209 13.826177108 0.010776090 0.020334959 0.983357302 0.180218704
1317401405.942770004 566.100273588 -376.368979379 13.850988692 0.009927346 0.020709147 0.983020864 0.182050981
1317401406.046665907 565.150945265 -376.002037276 13.874208685 0.009732156 0.020690673 0.982675091 0.183920760
1317401406.150535822 564.201617576 -375.636428288 13.896355426 0.009377833 0.021199682 0.982450853 0.185075530
1317401406.254405975 563.249480715 -375.278512600 13.920040006 0.008375086 0.023246318 0.982259614 0.185891143
1317401406.358278036 562.300175893 -374.904050340 13.932011499 0.007695235 0.024292935 0.982151483 0.186357456
1317401406.462148905 561.345498458 -374.536314536 13.959548071 0.008089302 0.025368252 0.982017770 0.186901350
1317401406.565994978 560.379192940 -374.157822320 13.980157083 0.009270440 0.025730609 0.981930100 0.187257238
1317401406.669816971 559.403583019 -373.775275487 13.995153116 0.010636207 0.025244424 0.981877464 0.187526627
1317401406.773663998 558.421427127 -373.385658215 14.012955995 0.011530489 0.025117930 0.981884622 0.187453266
1317401406.877510071 557.422132159 -372.998921325 14.030559291 0.012018116 0.025178676 0.981881072 0.187433081
1317401406.981357098 556.407209610 -372.600335798 14.046538570 0.012283349 0.024851753 0.981996283 0.186855050
1317401407.085203886 555.396237939 -372.214933691 14.076751987 0.012780888 0.024266402 0.982102471 0.186339818
1317401407.189027071 554.393273387 -371.820045699 14.107891082 0.013679640 0.023878960 0.982210744 0.185754456
1317401407.292850018 553.392914800 -371.429286030 14.128307218 0.013753507 0.023445309 0.982347100 0.185081967
1317401407.396696091 552.384281451 -371.046273664 14.149696111 0.012806871 0.023318897 0.982520538 0.184243332
1317401407.500543118 551.336099832 -370.640183890 14.180585597 0.012316893 0.023205828 0.982663213 0.183528726
1317401407.604391098 550.306456507 -370.247056365 14.217633796 0.012524621 0.022814938 0.982845799 0.182583539
1317401407.708237171 549.288442111 -369.868398335 14.240519115 0.012674326 0.022281377 0.983016866 0.181716107
1317401407.812060118 548.269766907 -369.487536874 14.261279382 0.011910614 0.021526459 0.983203386 0.180847588
1317401407.915859938 547.242330877 -369.104409563 14.287910531 0.009915573 0.021230150 0.983403812 0.179910825
1317401408.019658089 546.213738364 -368.715319942 14.325285526 0.007870077 0.021673350 0.983602467 0.178870105
1317401408.123455048 545.179015814 -368.330545412 14.350020422 0.006787119 0.022115103 0.983763822 0.177970785
1317401408.227256060 544.153305899 -367.951766113 14.378174354 0.006732235 0.023015941 0.983851320 0.177373963
1317401408.331078053 543.132656398 -367.568505379 14.398990350 0.007607478 0.023758610 0.983920130 0.176858228
1317401408.434876919 542.116159654 -367.193661978 14.423508968 0.009213514 0.024342557 0.983973066 0.176407359
1317401408.538698912 541.075974523 -366.813403699 14.446470079 0.010559624 0.024992946 0.984101089 0.175524624
1317401408.642545938 540.041953944 -366.437300561 14.456993327 0.010636138 0.024614011 0.984275276 0.174594398
1317401408.746391058 539.024520278 -366.069182637 14.484454006 0.010418042 0.024483843 0.984396677 0.173940185
1317401408.850261927 537.987056408 -365.697170881 14.517912049 0.010713337 0.023694446 0.984521159 0.173325953
1317401408.954109907 536.955375788 -365.329833054 14.538115022 0.011144992 0.022750948 0.984633511 0.172786086
1317401409.057931662 535.913885402 -364.958572639 14.558159501 0.010866658 0.022182179 0.984726005 0.172350115
1317401409.161778927 534.885986242 -364.588869020 14.584774059 0.010503822 0.022376769 0.984876399 0.171485944
1317401409.265625954 533.846879482 -364.222750964 14.613868181 0.010589694 0.022963211 0.984996129 0.170713723
1317401409.369448900 532.815835652 -363.853817701 14.640161025 0.010723332 0.023041547 0.985159318 0.169750448
1317401409.473268986 531.776273922 -363.493840523 14.663563769 0.010128538 0.022949756 0.985308453 0.168931863
1317401409.577091932 530.729904829 -363.133581726 14.693292382 0.009148342 0.023502072 0.985450139 0.168083264
1317401409.680917978 529.692994972 -362.772189893 14.721571170 0.008577198 0.023721028 0.985609856 0.167143522
1317401409.784747124 528.652430384 -362.411927796 14.749931911 0.008761285 0.024344943 0.985720382 0.166390782
1317401409.888566971 527.617037775 -362.055645091 14.768449801 0.008621692 0.024455513 0.985825519 0.165757779
1317401409.992387056 526.571049505 -361.695083206 14.795096393 0.008066080 0.025000096 0.985947866 0.164974967
1317401410.096205711 525.524642310 -361.338298881 14.822074431 0.007962815 0.025685315 0.986011733 0.164492312
1317401410.200005054 524.482189544 -360.985323616 14.845540872 0.008240606 0.026032510 0.986101393 0.163885457
1317401410.303803921 523.433072525 -360.629597513 14.865402909 0.008787856 0.026103860 0.986143570 0.163591633
1317401410.407624960 522.397133362 -360.282001922 14.882365040 0.009134921 0.025689667 0.986170117 0.163478119
1317401410.511449099 521.363068234 -359.934344321 14.904199149 0.009226985 0.025461109 0.986188820 0.163395857
1317401410.615250111 520.339513419 -359.587048256 14.921500636 0.008914591 0.025414083 0.986202571 0.163337515
1317401410.719023943 519.329444683 -359.247005361 14.949593157 0.008592797 0.025374520 0.986218310 0.163265867
1317401410.822798014 518.320189633 -358.911968734 14.970454711 0.008520543 0.025127390 0.986244536 0.163149411
1317401410.926575899 517.341591979 -358.583042575 14.999510942 0.008760235 0.024846299 0.986278472 0.162974525
1317401411.030349970 516.376894113 -358.259387700 15.019358819 0.008947976 0.024418927 0.986303101 0.162879844
1317401411.134123087 515.434903886 -357.946618202 15.041807661 0.008754136 0.023064264 0.986375901 0.162646816
1317401411.237897873 514.514538832 -357.632754874 15.070682556 0.007920843 0.022046502 0.986453397 0.162360422
1317401411.341697931 513.600186629 -357.329088982 15.090175220 0.006273540 0.022112934 0.986499503 0.162143121
1317401411.445496082 512.720826013 -357.031258697 15.106419533 0.004485742 0.022255780 0.986558689 0.161822470
1317401411.549295902 511.859982374 -356.746961013 15.140072204 0.002720921 0.022821167 0.986557768 0.161788632
1317401411.653119087 511.061940891 -356.480939369 15.164493530 0.002281943 0.022797575 0.986525419 0.161995869
1317401411.756942034 510.224754535 -356.203282840 15.189978498 0.002526947 0.022139323 0.986398936 0.162851480
1317401411.860810041 509.394416436 -355.925588627 15.200630936 0.003614976 0.021460944 0.986093022 0.164763201
1317401411.964704037 508.564264095 -355.646186581 15.213409985 0.003884817 0.021569024 0.985676951 0.167214333
1317401412.068624973 507.764312455 -355.380853944 15.226881468 0.003919387 0.021582368 0.985178179 0.170125824
1317401412.172565937 506.927657739 -355.086286503 15.239727412 0.003999383 0.021783432 0.984746237 0.172581388
1317401412.276484013 506.114862159 -354.798630669 15.258754016 0.004462901 0.022042496 0.984338310 0.174849371
1317401412.380403996 505.301226809 -354.501441771 15.274240220 0.005030696 0.023268480 0.984085531 0.176093548
1317401412.484273911 504.481369105 -354.211456820 15.288677339 0.005254406 0.022830013 0.984047974 0.176354097
1317401412.588098049 503.666487476 -353.912772626 15.312305503 0.006260755 0.024790541 0.984139665 0.175543021
1317401412.691921949 502.877912458 -353.632614639 15.322832415 0.007891650 0.024721818 0.984403477 0.174001000
1317401412.795722008 502.063723730 -353.338513518 15.340252715 0.009442019 0.024191813 0.984786421 0.171817661
1317401412.899518967 501.259554505 -353.058158671 15.349324673 0.010803018 0.023815569 0.985152797 0.169676399
1317401413.003346920 500.440043019 -352.760376930 15.368745514 0.011019044 0.023691784 0.985480106 0.167768417
1317401413.107193947 499.622348491 -352.471487526 15.385389339 0.010698015 0.022904411 0.985719947 0.166484616
1317401413.211083889 498.796915570 -352.203666200 15.403671375 0.010429892 0.022014718 0.985916821 0.165452687
1317401413.314977884 497.980901400 -351.923571026 15.426164065 0.010155831 0.022339602 0.986057452 0.164585852
1317401413.418898106 497.145152461 -351.634205297 15.448756231 0.009739785 0.022117124 0.986057118 0.164643034
1317401413.522862196 496.318359989 -351.352043822 15.466861234 0.009456187 0.021315888 0.985929754 0.165525626
1317401413.626827002 495.470152337 -351.056800253 15.482681310 0.009246705 0.020747670 0.985708879 0.166919256
1317401413.730793953 494.638267061 -350.775841946 15.501922926 0.009759911 0.020580700 0.985457091 0.168390916
1317401413.834763050 493.777982119 -350.475681934 15.517129870 0.010275646 0.020745562 0.985270259 0.169430075
1317401413.938752651 492.939297443 -350.188489285 15.540178474 0.010660624 0.021394747 0.985152395 0.170009923
1317401414.042742968 492.072022942 -349.879751610 15.547620279 0.010176654 0.021138630 0.985063503 0.170585726
1317401414.146711111 491.216577116 -349.573485095 15.568967661 0.009909971 0.021421495 0.984912773 0.171434366
1317401414.250677109 490.351732006 -349.260908937 15.588642407 0.009955444 0.021826108 0.984814103 0.171946773
1317401414.354619026 489.481036487 -348.958823525 15.609015225 0.009924675 0.021816240 0.984758832 0.172266059
1317401414.458539963 488.596419762 -348.634846752 15.629318656 0.010050325 0.021772474 0.984773116 0.172182637
1317401414.562483311 487.718918777 -348.329264858 15.649419589 0.010118931 0.021551239 0.984824012 0.171915144
1317401414.666425943 486.832244689 -348.010258259 15.665734045 0.009988172 0.021613088 0.984897150 0.171495526
1317401414.770343065 485.943045537 -347.694641837 15.685210530 0.009813501 0.021565714 0.984943777 0.171243602
1317401414.874263048 485.040809073 -347.376528573 15.705217360 0.009163584 0.021686419 0.984969919 0.171113958
1317401414.978204966 484.130999569 -347.054321422 15.720135570 0.008073301 0.021433205 0.984958152 0.171268437
1317401415.082146883 483.202521089 -346.719833482 15.740707068 0.007575173 0.021679325 0.984876869 0.171727039
1317401415.186067104 482.292444083 -346.401678039 15.762573250 0.007602614 0.021865401 0.984820169 0.172027145
1317401415.290011883 481.363384285 -346.065498574 15.779687625 0.007679351 0.021811188 0.984691652 0.172764723
1317401415.393978119 480.428995729 -345.734097422 15.790957449 0.007608402 0.021619567 0.984438226 0.174229977
1317401415.497944117 479.493143785 -345.391673842 15.808506831 0.007300642 0.021471172 0.984106470 0.176125367
1317401415.601888657 478.551398741 -345.053173555 15.824520510 0.006929002 0.021354055 0.983770205 0.178022969
1317401415.705806732 477.605555876 -344.700547502 15.848603729 0.006772458 0.022176621 0.983482202 0.179513482
1317401415.809747934 476.649767589 -344.344396036 15.859607976 0.006632470 0.022695662 0.983282495 0.180544875
1317401415.913666964 475.698570982 -343.986071822 15.875364769 0.006644188 0.023355383 0.983142185 0.181223137
1317401416.017563105 474.741636375 -343.623830979 15.885190205 0.006514354 0.023247476 0.983078089 0.181589068
1317401416.121478796 473.792911323 -343.259168718 15.896418845 0.006400569 0.023907637 0.982987241 0.181998740
1317401416.225421906 472.829476379 -342.896349348 15.912670992 0.006276605 0.024255855 0.982940758 0.182207913
1317401416.329366922 471.859951937 -342.532847239 15.923818472 0.006110996 0.025196902 0.982924278 0.182174740
1317401416.433285952 470.890615960 -342.159614059 15.929717212 0.005994258 0.025744963 0.982955937 0.181931009
1317401416.537201881 469.916243750 -341.789298932 15.942383157 0.005826011 0.025897193 0.983015189 0.181594417
1317401416.641119957 468.922450059 -341.413971056 15.952674062 0.005917227 0.025964454 0.983035755 0.181470485
1317401416.745038986 467.924911194 -341.037317239 15.964999069 0.006223504 0.025893854 0.983082055 0.181219342
1317401416.848958015 466.892048436 -340.651222922 15.982110399 0.006812896 0.025942854 0.983151722 0.180812733
1317401416.952877998 465.879485653 -340.274431099 15.989296105 0.007282683 0.026056885 0.983194337 0.180546105
1317401417.056796074 464.871306928 -339.891650629 15.999798709 0.007703757 0.026349253 0.983254381 0.180158792
1317401417.160715103 463.861220529 -339.513100215 16.014128279 0.007950218 0.026240562 0.983361758 0.179576950
1317401417.264611721 462.836152954 -339.122854294 16.034129308 0.008772652 0.026058972 0.983451081 0.179075242
1317401417.368482113 461.782722771 -338.745799823 16.053719554 0.009562717 0.025328157 0.983605845 0.178287917
1317401417.472351074 460.739792799 -338.363143580 16.077770489 0.010487786 0.024920833 0.983762457 0.177427129
1317401417.576246977 459.706365381 -337.986830395 16.103360307 0.011291149 0.024174021 0.983877604 0.176841702
1317401417.680144072 458.657763128 -337.603503699 16.130872800 0.011907153 0.023448058 0.984005517 0.176186127
1317401417.784013987 457.597595535 -337.221529731 16.160171315 0.012079268 0.022475359 0.984151374 0.175485105
1317401417.887883663 456.534010726 -336.829354003 16.177567905 0.011571762 0.022455205 0.984283823 0.174777612
1317401417.991755962 455.484892329 -336.448397276 16.192960866 0.009466160 0.023259141 0.984383919 0.174234622
1317401418.095627069 454.420166156 -336.062124269 16.214574444 0.006890733 0.022999030 0.984463782 0.173938566
1317401418.199474096 453.327393910 -335.667934423 16.263048777 0.005800501 0.022908742 0.984523412 0.173652515
1317401418.303318977 452.257161903 -335.281844712 16.282922183 0.005678356 0.022725393 0.984567397 0.173431118
1317401418.407162905 451.177331476 -334.893866299 16.296496573 0.005022063 0.021788730 0.984628387 0.173225198
1317401418.510986090 450.096835312 -334.504906892 16.307288376 0.003775547 0.022267399 0.984650047 0.173072800
1317401418.614785910 448.998878465 -334.112982076 16.321883820 0.002656307 0.022842555 0.984685273 0.172818037
1317401418.718585968 447.917583707 -333.725209697 16.331552984 0.002102108 0.023862261 0.984663686 0.172810877
1317401418.822384119 446.824316610 -333.338114923 16.340316643 0.002271004 0.024203101 0.984630448 0.172950666
1317401418.926181078 445.731265306 -332.948266291 16.356879855 0.003166770 0.023753747 0.984612065 0.173103472
1317401419.030004978 444.661489085 -332.556765085 16.370829205 0.004702021 0.023260191 0.984546934 0.173505589
1317401419.133805037 443.573435043 -332.172336471 16.386114716 0.005776867 0.022076310 0.984519269 0.173784558
1317401419.237603188 442.484726051 -331.776539900 16.395759762 0.005999973 0.021987388 0.984470817 0.174062532
1317401419.341402054 441.403389403 -331.394718184 16.406686289 0.005596565 0.022500507 0.984406822 0.174372058
1317401419.445202112 440.329959152 -331.005804689 16.429462243 0.005711879 0.022663638 0.984349915 0.174668195
1317401419.549000978 439.248680408 -330.613731131 16.450576477 0.006440798 0.022676257 0.984285730 0.175002584
1317401419.652775049 438.171756819 -330.226799180 16.465771036 0.007159228 0.021996296 0.984247732 0.175274958
1317401419.756525040 437.105241543 -329.840514709 16.481612467 0.007275766 0.021884703 0.984220826 0.175435143
1317401419.860263109 436.041788860 -329.454381032 16.498743849 0.006815971 0.021871545 0.984229456 0.175406829
1317401419.964013100 434.986314984 -329.070772805 16.517044249 0.006135985 0.022202101 0.984240532 0.175328237
1317401420.067776918 433.931740696 -328.684628342 16.537666271 0.005728111 0.022470951 0.984285964 0.175052524
1317401420.171551943 432.880393447 -328.302746131 16.557864992 0.005733844 0.022660422 0.984322319 0.174823341
1317401420.275326014 431.838204724 -327.920875265 16.575073893 0.006099164 0.022730291 0.984354712 0.174619398
1317401420.379098892 430.788396987 -327.545005999 16.598598430 0.006942692 0.022507852 0.984383148 0.174456336
1317401420.482873917 429.747039885 -327.171217458 16.613595428 0.007424811 0.022351498 0.984393970 0.174395509
1317401420.586673975 428.710017952 -326.800815333 16.627285175 0.007070602 0.022434198 0.984419748 0.174254046
1317401420.690498114 427.668049770 -326.422882783 16.649200734 0.006622783 0.022624992 0.984413148 0.174284257
1317401420.794318914 426.648482554 -326.051871322 16.678633270 0.006318374 0.022758308 0.984393691 0.174388072
1317401420.898142099 425.627129396 -325.683859903 16.705229986 0.006523690 0.023032111 0.984326216 0.174725109
1317401421.001940966 424.611468101 -325.315249849 16.727633507 0.006950218 0.023136680 0.984246771 0.175141892
1317401421.105737925 423.602859758 -324.951363722 16.739811548 0.006739932 0.022396130 0.984192453 0.175551136
1317401421.209537029 422.601944838 -324.585133473 16.756386410 0.005833080 0.021754068 0.984113527 0.176105937
1317401421.313335896 421.606030623 -324.221869294 16.791085759 0.004772078 0.021710162 0.984012521 0.176706689
1317401421.417135000 420.602912286 -323.851929215 16.804123145 0.003771674 0.021798754 0.983868485 0.177520118
1317401421.520909071 419.608074837 -323.487939982 16.829640084 0.002663918 0.021406094 0.983692775 0.178558695
1317401421.624707937 418.628970093 -323.131977634 16.843629240 0.002172659 0.021811067 0.983554394 0.179277190
1317401421.728533983 417.649825525 -322.773630539 16.865163419 0.002173542 0.022207309 0.983401923 0.180063233
1317401421.832356215 416.674177158 -322.404664363 16.866155991 0.001706106 0.022108440 0.983277152 0.180760475
1317401421.936188936 415.690742583 -322.042072086 16.868862656 0.000404992 0.022120432 0.983182166 0.181282516
1317401422.040010929 414.737434564 -321.683678230 16.865178519 -0.000569836 0.023682537 0.983124228 0.181398910
1317401422.143799067 413.788120180 -321.317932322 16.875540854 -0.000390949 0.024513230 0.983134569 0.181232910
1317401422.247575045 412.817065479 -320.962580717 16.886802062 0.000412697 0.024080418 0.983198607 0.180943257
1317401422.351377964 411.867296661 -320.596492332 16.895447678 0.001383231 0.023972058 0.983269599 0.180566672
1317401422.455178976 410.917512304 -320.245815414 16.896072495 0.001679407 0.023548806 0.983367537 0.180085867
1317401422.558949232 409.972203334 -319.891113676 16.896786227 0.001416660 0.023432140 0.983462219 0.179585613
1317401422.662744999 409.032482955 -319.538361170 16.902522814 0.001413089 0.023145905 0.983562571 0.179072443
1317401422.766545057 408.079774666 -319.189084387 16.915593074 0.002061779 0.023770190 0.983680607 0.178334488
1317401422.870318890 407.136391485 -318.841620832 16.920751744 0.002277498 0.024244521 0.983763967 0.177807404
1317401422.974068880 406.195381213 -318.490063551 16.923096707 0.001585904 0.024678820 0.983872785 0.177151869
1317401423.077842951 405.260181886 -318.139854037 16.936395871 0.000775555 0.025132541 0.983942333 0.176706647
1317401423.181690931 404.322353398 -317.800067244 16.938992509 0.000662751 0.025327154 0.984024029 0.176223742
1317401423.285562038 403.392039257 -317.459337177 16.951373251 0.000974691 0.025335025 0.984080699 0.175904419
1317401423.389432907 402.460984532 -317.122531835 16.959383015 0.001717675 0.025082712 0.984119292 0.175718882
1317401423.493278980 401.533045809 -316.788709913 16.959770717 0.002056716 0.025020361 0.984147548 0.175565813
1317401423.597101927 400.608451598 -316.455263053 16.963223943 0.001932248 0.024783034 0.984185631 0.175387320
1317401423.700951099 399.687638606 -316.119997345 16.967848461 0.001683480 0.024830212 0.984209635 0.175248454
1317401423.804797888 398.777834027 -315.784710610 16.979377919 0.001289952 0.024597027 0.984229693 0.175172010
1317401423.908643723 397.864096531 -315.455401624 16.991468033 0.000923995 0.024774264 0.984260032 0.174978776
1317401424.012515068 396.956516205 -315.127191508 16.999012363 0.000473384 0.025577186 0.984286190 0.174717717
1317401424.116409063 396.053974586 -314.797733471 17.011418933 0.000316837 0.025612547 0.984350569 0.174349806
1317401424.220304966 395.173084495 -314.473882011 17.025813662 0.000757884 0.025917747 0.984449810 0.173741955
1317401424.324152946 394.285964725 -314.157235318 17.021025249 0.001353785 0.026462486 0.984501038 0.173365539
1317401424.427998066 393.392077735 -313.842709201 17.029976202 0.001599262 0.026002339 0.984666973 0.172488472
1317401424.531821966 392.513289328 -313.524009039 17.033252313 0.001966065 0.026655750 0.984855686 0.171303484
1317401424.635597706 391.641588864 -313.230905765 17.043674052 0.002442790 0.027323861 0.985223880 0.169060181
1317401424.739320993 390.760144756 -312.928481147 17.050760945 0.003224214 0.027995584 0.985803051 0.165524007
1317401424.843023062 389.872264306 -312.646365894 17.059777125 0.004382617 0.029329215 0.986559899 0.160686512
1317401424.946727991 388.999623032 -312.358606687 17.079139787 0.005871285 0.031020753 0.987509914 0.154361298
1317401425.050407887 388.138308849 -312.087371706 17.086770162 0.007312523 0.031267360 0.988632258 0.146884777
1317401425.154061079 387.251764132 -311.837090622 17.107036436 0.008650459 0.031949643 0.989936043 0.137590044
1317401425.257667065 386.402904973 -311.609324687 17.121706816 0.009168659 0.032939566 0.991346168 0.126742635
1317401425.361272097 385.528473503 -311.394530031 17.134786497 0.008774326 0.033290313 0.992849005 0.114304944
1317401425.464926004 384.655416926 -311.191259665 17.164176262 0.007969980 0.033167575 0.994309460 0.100921200
1317401425.568603992 383.786013369 -311.031289626 17.194943657 0.007947702 0.033095822 0.995644001 0.086801631
1317401425.672308922 382.901152130 -310.889162759 17.211973171 0.008252341 0.033078701 0.996791395 0.072419706
1317401425.776036024 382.049233755 -310.767091970 17.242520107 0.008697278 0.033255360 0.997757486 0.057432018
1317401425.879760981 381.181307561 -310.666117856 17.260143351 0.009372810 0.032710846 0.998517372 0.042487747
1317401425.983513117 380.315418705 -310.606856687 17.285101289 0.009578441 0.032313536 0.999058491 0.027317035
1317401426.087289095 379.456880702 -310.554502486 17.311181342 0.009497170 0.031808463 0.999376895 0.011993627
1317401426.191086054 378.659369936 -310.544373829 17.341247977 0.008982899 0.031526083 0.999455879 -0.003655161
1317401426.294884920 377.708322340 -310.549343348 17.369029482 0.008230423 0.030884457 0.999324853 -0.018117656
1317401426.398683786 376.887045680 -310.596229601 17.390857060 0.007215574 0.030188277 0.998986751 -0.032589481
1317401426.502532005 376.057400859 -310.627025378 17.420414154 0.006405844 0.029340190 0.998484881 -0.046109226
1317401426.606451988 375.233050701 -310.723606279 17.450239493 0.006111499 0.028177188 0.997876257 -0.058409518
1317401426.710417271 374.398187651 -310.797187364 17.472452585 0.005978832 0.026782183 0.997239039 -0.069001931
1317401426.814407825 373.604802808 -310.919904790 17.492384780 0.005846836 0.025773977 0.996630350 -0.077649609
1317401426.918446064 372.809203784 -311.048620116 17.519750119 0.005877724 0.025294274 0.996014902 -0.085322725
1317401427.022508144 372.013586909 -311.168723990 17.548114048 0.006264383 0.024837745 0.995507743 -0.091149206
1317401427.126619101 371.252093264 -311.328903266 17.576951701 0.007007034 0.023991485 0.995089448 -0.095772132
1317401427.230777740 370.471503521 -311.475237802 17.604630509 0.007361088 0.023146338 0.994857489 -0.098329232
1317401427.334935904 369.752251439 -311.613572502 17.622514237 0.007243765 0.022181288 0.994760280 -0.099536446
1317401427.439120054 369.000040097 -311.761980977 17.650386165 0.007084215 0.021185775 0.994811708 -0.099250401
1317401427.543350935 368.281696484 -311.910468815 17.673424656 0.006967917 0.019757764 0.995072507 -0.096911219
1317401427.647629023 367.568935924 -312.053508423 17.701877684 0.007091210 0.018292021 0.995560089 -0.092060995
1317401427.751955986 366.858378319 -312.183933737 17.723997559 0.007356195 0.016575065 0.996236257 -0.084761275
1317401427.856329918 366.128577130 -312.301416965 17.749675959 0.007600518 0.014998548 0.997116212 -0.074003619
1317401427.960728884 365.421996627 -312.415630376 17.771314023 0.007467907 0.013722651 0.998014083 -0.061023022
1317401428.065128088 364.734992265 -312.512751565 17.796931265 0.007677346 0.013092815 0.998812531 -0.046294322
1317401428.169503927 364.038915938 -312.577371312 17.820018037 0.007874041 0.013027971 0.999421358 -0.030417442
1317401428.273879051 363.329185272 -312.626166982 17.845679849 0.008327770 0.012575575 0.999805565 -0.012701750
1317401428.378252983 362.697532138 -312.609014089 17.862630327 0.008337812 0.011522449 0.999882953 0.005638693
1317401428.482604980 361.995054670 -312.636459277 17.878600855 0.007132793 0.010842283 0.999599315 0.025155069
1317401428.586954355 361.308510630 -312.610641772 17.903695838 0.004806558 0.010807759 0.998907300 0.045213879
1317401428.691278934 360.638103954 -312.544811718 17.908408731 0.003701283 0.010465840 0.997749516 0.066126170
1317401428.795582056 359.966627445 -312.465084022 17.929493125 0.003528689 0.010092514 0.996040289 0.088257763
1317401428.899887085 359.317141652 -312.356433354 17.953080241 0.003833788 0.009638274 0.993737537 0.111256966
1317401429.004164934 358.661522394 -312.215906611 17.954039974 0.004717543 0.008873718 0.990814654 0.134852970
1317401429.108395100 358.034272621 -312.048925098 17.964862321 0.005010798 0.010622052 0.987213537 0.158970108
1317401429.212601900 357.427395106 -311.833379485 17.978893855 0.004804776 0.012696636 0.983067284 0.182741417
1317401429.316785097 356.830019864 -311.604963480 17.990237580 0.004614674 0.013621881 0.978361166 0.206403922
1317401429.420919895 356.232323188 -311.351074364 18.004917916 0.004514156 0.013305924 0.973117923 0.229878410
1317401429.525032043 355.661035448 -311.072503058 18.011078368 0.004444248 0.013307074 0.967335560 0.253110816
1317401429.629139900 355.110090018 -310.760918637 18.019250149 0.004342370 0.013161809 0.960921834 0.276472674
1317401429.733252048 354.567323566 -310.424906189 18.028676050 0.004081285 0.013417647 0.953776108 0.300190683
1317401429.837388039 354.052164234 -310.069639045 18.031593933 0.003956236 0.013841757 0.945853955 0.324273109
1317401429.941524029 353.552859250 -309.671552660 18.036032692 0.003708874 0.014078963 0.937216554 0.348443910
1317401430.045609951 353.085218185 -309.274928947 18.049433181 0.003781559 0.014017431 0.927949850 0.372422189
1317401430.149672985 352.629827666 -308.843582590 18.049848958 0.003880367 0.013974078 0.918135742 0.396000539
1317401430.253709078 352.205680510 -308.391389997 18.050090565 0.003836119 0.014907007 0.908076923 0.418520450
1317401430.357700109 351.808817483 -307.928536417 18.048564847 0.003519038 0.016555317 0.897632016 0.440420595
1317401430.461667061 351.465123641 -307.476232271 18.048242334 0.002973397 0.018231763 0.887070938 0.461263388
1317401430.565609932 351.142356364 -307.017986853 18.046133092 0.002316270 0.019547408 0.876355753 0.481262016
1317401430.669553995 350.863090732 -306.580496212 18.058046285 0.002026764 0.021387331 0.865348355 0.500710195
1317401430.773497105 350.608111812 -306.140263719 18.059090954 0.002112983 0.022358340 0.854022348 0.519751354
1317401430.877389908 350.393367360 -305.721404981 18.067079985 0.002181859 0.023246669 0.842702996 0.537872189
1317401430.981286049 350.201729686 -305.307834891 18.067838068 0.001647607 0.023868823 0.831218531 0.555430751
1317401431.085228682 350.029469446 -304.901988402 18.069225860 -0.000013160 0.023294261 0.819194976 0.573041857
1317401431.189171314 349.881028672 -304.521142298 18.057972494 -0.001218715 0.022845603 0.806750815 0.590448741
1317401431.293088913 349.763209535 -304.139861176 18.051830922 -0.002166568 0.023138668 0.793905062 0.607597449
1317401431.397032022 349.670589452 -303.781717555 18.050126939 -0.002475653 0.023269527 0.780530318 0.624679777
1317401431.501024008 349.590882733 -303.431407671 18.048464864 -0.002460462 0.023049914 0.766188952 0.642197117
1317401431.605037928 349.521211431 -303.068893453 18.044920842 -0.003551751 0.021971577 0.750918760 0.660019432
1317401431.709100962 349.472439899 -302.712717673 18.042530745 -0.005262368 0.020994199 0.734249944 0.678534134
1317401431.813213110 349.425391472 -302.350592009 18.020395710 -0.007585514 0.020486070 0.715847801 0.697914541
1317401431.917346954 349.442331987 -301.997655420 18.010412257 -0.009172181 0.020713137 0.696577142 0.717124203
1317401432.021503925 349.457140022 -301.647659894 17.996786954 -0.010253150 0.020944429 0.675331631 0.737145435
1317401432.125664949 349.479282627 -301.293462274 17.983748915 -0.010629298 0.021122767 0.653170836 0.756841268
1317401432.229800940 349.511970166 -300.954596781 17.981180448 -0.010642599 0.021834335 0.630265697 0.775999451
1317401432.333909988 349.582350735 -300.622341035 17.976281380 -0.011041130 0.021831031 0.607011645 0.794316286
1317401432.437994957 349.672123088 -300.282384390 17.976547816 -0.012104143 0.020966278 0.583393173 0.811828991
1317401432.542057037 349.764513805 -299.963911503 17.954126562 -0.013851299 0.018872125 0.559173432 0.828720132
1317401432.646121025 349.885005558 -299.652738201 17.946329353 -0.015520256 0.017221782 0.533770629 0.845311450
1317401432.750183821 350.033351867 -299.330497300 17.916722484 -0.016594763 0.015468221 0.507709651 0.861229504
1317401432.854247093 350.212808185 -299.024536795 17.896346090 -0.016230981 0.014521395 0.481170013 0.876356721
1317401432.958285093 350.415741513 -298.708795769 17.882304947 -0.015514121 0.014345623 0.454108439 0.890695818
1317401433.062275887 350.638190757 -298.398666598 17.870396050 -0.014731625 0.015009822 0.427236598 0.903895223
1317401433.166220903 350.891850848 -298.099388492 17.869044484 -0.015107592 0.015800681 0.401029654 0.915804191
1317401433.270139933 351.158679066 -297.778084597 17.852198756 -0.016926466 0.016393863 0.375506067 0.926520334
1317401433.374010086 351.466166203 -297.481665041 17.834128324 -0.018097911 0.017423457 0.351096553 0.936002190
1317401433.477807760 351.785672497 -297.204040739 17.820200049 -0.018286386 0.019103041 0.328210977 0.944234206
1317401433.581558943 352.134481949 -296.914177237 17.824930921 -0.020162208 0.020377804 0.306642951 0.951392837
1317401433.685286045 352.486806991 -296.639583495 17.804374588 -0.023246156 0.020681626 0.286045586 0.957710713
1317401433.789014101 352.869396225 -296.382248456 17.789788628 -0.027875252 0.020693540 0.266431538 0.963228417
1317401433.892751932 353.287962732 -296.136961286 17.744692978 -0.030186958 0.021744979 0.247154975 0.968261494
1317401433.996454000 353.721532166 -295.884527944 17.701966380 -0.029465908 0.023306729 0.229078710 0.972682631
1317401434.100122929 354.164619505 -295.652819568 17.707693397 -0.026529108 0.024537246 0.212564790 0.976478540
1317401434.203800917 354.651294271 -295.439044541 17.706861175 -0.027315949 0.023722969 0.197799814 0.979574547
1317401434.307455063 355.140904374 -295.197766909 17.678746063 -0.031041878 0.021980639 0.184559458 0.982085057
1317401434.411084890 355.642710290 -294.981939843 17.640494117 -0.033977003 0.019272364 0.173775099 0.984010343
1317401434.514692068 356.162474212 -294.790832704 17.597111146 -0.034707585 0.016666857 0.165213224 0.985506058
1317401434.618300915 356.714749435 -294.604987276 17.569528756 -0.032879804 0.016333018 0.157548959 0.986828494
1317401434.721955061 357.278296708 -294.411803963 17.543339271 -0.032606676 0.017360319 0.151514936 0.987764470
1317401434.825633049 357.853180172 -294.221995023 17.526447900 -0.034148926 0.017875743 0.146506489 0.988458475
1317401434.929311037 358.449641950 -294.020443691 17.502893529 -0.036677696 0.018415624 0.142002306 0.989015145
1317401435.033014059 359.047841691 -293.850833849 17.478563490 -0.037965139 0.017463046 0.138419759 0.989491617
1317401435.136742115 359.670182787 -293.652710648 17.455630757 -0.039587705 0.014194903 0.135490329 0.989885695
1317401435.240468979 360.295311265 -293.463429303 17.434764090 -0.040620670 0.010472880 0.132855849 0.990247243
1317401435.344196081 360.964516112 -293.271025266 17.390873701 -0.040826431 0.007979764 0.131300848 0.990469390
1317401435.447922945 361.617081204 -293.092381950 17.382637371 -0.041159121 0.006951860 0.130184412 0.990610729
1317401435.551696777 362.302915431 -292.905467469 17.347415457 -0.044006749 0.006669673 0.129379638 0.990595695
1317401435.655493975 362.996941895 -292.715481855 17.343527688 -0.046918122 0.006402065 0.128845136 0.990533510
1317401435.759293079 363.709437942 -292.516531034 17.314694038 -0.049584612 0.006464396 0.128641038 0.990429736
1317401435.863140106 364.423215685 -292.323480924 17.294705022 -0.050354124 0.006866172 0.127857824 0.990489624
1317401435.967010021 365.148895748 -292.133823023 17.279580668 -0.051032433 0.008071171 0.126916486 0.990566885
1317401436.070880651 365.892019903 -291.931590166 17.263869086 -0.052442116 0.008976062 0.125631093 0.990649324
1317401436.174777031 366.639518296 -291.728596602 17.240562526 -0.054125596 0.009637474 0.124459368 0.990700462
1317401436.278670073 367.413192738 -291.527474841 17.219306086 -0.054392107 0.010181595 0.123034074 0.990858441
1317401436.382515907 368.137985865 -291.320359658 17.222040790 -0.054397342 0.009241139 0.122714519 0.990906997
1317401436.486365080 368.952441502 -291.110462513 17.190405311 -0.054729753 0.008036233 0.121881559 0.991001997
1317401436.590235949 369.701824587 -290.912396635 17.193300632 -0.055290941 0.007626776 0.121713675 0.990994715
1317401436.694107056 370.521525619 -290.700634507 17.140211848 -0.055988136 0.009613024 0.120796452 0.991050521
1317401436.798002958 371.318201531 -290.502738227 17.126949805 -0.056540792 0.012685137 0.119783261 0.991107560
1317401436.901896954 372.146046110 -290.279189888 17.086337661 -0.057527911 0.014603899 0.118888088 0.991132125
1317401437.005790949 372.978756874 -290.070424391 17.084851166 -0.058001499 0.013987786 0.118411612 0.991170449
1317401437.109710932 373.827582751 -289.867477422 17.043817390 -0.057167376 0.013436112 0.117887170 0.991289048
1317401437.213606119 374.670200256 -289.656619594 17.018972960 -0.056992948 0.012993570 0.117958638 0.991296490
1317401437.317473888 375.544064519 -289.425040109 16.989430963 -0.058269058 0.013121753 0.118061996 0.991208304
1317401437.421345949 376.425573653 -289.207354634 16.940659617 -0.058176646 0.013778200 0.118017183 0.991210161
1317401437.525192976 377.320075323 -288.989356488 16.904824146 -0.057322914 0.013353923 0.118677714 0.991186842
1317401437.629039049 378.214174318 -288.750970743 16.900925161 -0.056450812 0.011451858 0.119745082 0.991132320
1317401437.732886076 379.132017339 -288.526914719 16.865116308 -0.055260013 0.012142746 0.121103137 0.991026193
1317401437.836685896 380.044041558 -288.293279364 16.811407770 -0.052932896 0.016648367 0.122997810 0.990854419
1317401437.940485954 380.964665230 -288.061777596 16.741402924 -0.049069494 0.024133400 0.124414840 0.990722318
1317401438.044307947 381.913905806 -287.813649146 16.726175671 -0.044095372 0.029509232 0.125904471 0.990622465
1317401438.148104906 382.840987747 -287.575002765 16.668408374 -0.039008913 0.032747766 0.127509910 0.990528703
1317401438.251903057 383.780997459 -287.329245947 16.651522498 -0.035881716 0.032268291 0.129208405 0.990442552
1317401438.355751991 384.715879480 -287.083480687 16.585584210 -0.032689261 0.028940527 0.130565850 0.990477873
1317401438.459598064 385.673232537 -286.813740755 16.572241306 -0.033915768 0.023992468 0.132114037 0.990363551
1317401438.563442945 386.612526458 -286.547617945 16.480992747 -0.035677681 0.020148279 0.132854608 0.990288242
1317401438.667313099 387.563256772 -286.269747703 16.463661024 -0.038353609 0.018036476 0.133005149 0.990208724
1317401438.771209002 388.522458171 -286.006018443 16.393873659 -0.039130292 0.018757548 0.132422222 0.990243066
1317401438.875128984 389.478661578 -285.743195159 16.364235113 -0.038478014 0.022318208 0.131350669 0.990337489
1317401438.979023218 390.436070705 -285.476457541 16.301805507 -0.036205356 0.024137728 0.130557920 0.990485321
1317401439.082916975 391.395800821 -285.213970612 16.293010695 -0.034976364 0.024139453 0.130060174 0.990594918
1317401439.186837912 392.366758708 -284.952383051 16.239660976 -0.033743983 0.023890595 0.129484464 0.990719111
1317401439.290756941 393.329965581 -284.694028798 16.185802610 -0.032597265 0.024219039 0.129219748 0.990784090
1317401439.394649744 394.288416243 -284.438018990 16.146861938 -0.030405174 0.024409357 0.129748223 0.990780050
1317401439.498543978 395.266980735 -284.173115249 16.098633937 -0.030017432 0.024768447 0.130494809 0.990684906
1317401439.602438927 396.228034628 -283.916183251 16.046020563 -0.028122851 0.027409467 0.131443007 0.990545588
1317401439.706335068 397.205637030 -283.647300698 15.991638640 -0.025034594 0.029061239 0.132053517 0.990500168
1317401439.810276031 398.175086982 -283.384951868 15.958945056 -0.023941064 0.027764191 0.131989611 0.990572924
1317401439.914266109 399.157903831 -283.113750640 15.913402090 -0.023730778 0.024164762 0.131378892 0.990753502
1317401440.018256903 400.133484258 -282.843049527 15.876132236 -0.025106857 0.022338475 0.130306067 0.990904116
1317401440.122201204 401.099370755 -282.568276847 15.820136413 -0.025480305 0.023075851 0.129485860 0.990985202
1317401440.226144075 402.080284914 -282.300639925 15.773863581 -0.026447648 0.024757840 0.128759285 0.991013934
1317401440.330086946 403.054476361 -282.038048341 15.719554738 -0.025113524 0.026230497 0.127883218 0.991124187
1317401440.433981895 404.026017834 -281.778482473 15.690516185 -0.026420903 0.025221482 0.127250954 0.991197764
1317401440.537851095 405.002697655 -281.504171169 15.637063529 -0.027444651 0.024750973 0.127061663 0.991206091
1317401440.641746998 405.981440741 -281.247267664 15.587211154 -0.027960019 0.025712803 0.126896647 0.991188342
1317401440.745641947 406.944853717 -280.984626853 15.537374552 -0.027757183 0.027168458 0.126834940 0.991163111
1317401440.849514008 407.919029534 -280.726223586 15.496948313 -0.028267634 0.027154982 0.126931808 0.991136652
1317401440.953408957 408.894508206 -280.466734298 15.442327969 -0.027550404 0.026217293 0.126686867 0.991213431
1317401441.057303905 409.865804300 -280.222579644 15.406002822 -0.025050429 0.025870829 0.126188078 0.991352483
1317401441.161197901 410.841765584 -279.963502655 15.352930730 -0.024017629 0.023830200 0.126276379 0.991417950
1317401441.265091896 411.817441567 -279.693274281 15.321009607 -0.025187676 0.019932172 0.126201218 0.991484514
1317401441.368984938 412.784432061 -279.445217752 15.281941317 -0.027727113 0.016313891 0.126343170 0.991464809
1317401441.472929001 413.733997966 -279.173200421 15.249992447 -0.032032146 0.014433138 0.126301327 0.991369558
1317401441.576874018 414.702518138 -278.911765680 15.191286643 -0.037453051 0.014215353 0.126332498 0.991178739
1317401441.680767059 415.659041779 -278.636008868 15.169396927 -0.041666932 0.012774304 0.127133548 0.990927719
1317401441.784661055 416.617196355 -278.378935161 15.136361620 -0.043146444 0.012372002 0.127981945 0.990760284
1317401441.888556957 417.587747410 -278.117015468 15.115508003 -0.042756761 0.014443256 0.128878903 0.990632869
1317401441.992453098 418.555523253 -277.865751187 15.059322150 -0.041404316 0.019063224 0.129455952 0.990536942
1317401442.096365929 419.518273769 -277.604143789 15.041755281 -0.037916749 0.022416883 0.130078261 0.990524835
1317401442.200308084 420.489378755 -277.344256657 15.026237218 -0.034939894 0.020379487 0.130629705 0.990605754
1317401442.304279089 421.454927596 -277.073624345 14.995403724 -0.032846924 0.014595766 0.130811433 0.990755476
1317401442.408246040 422.437823957 -276.809008951 14.958734803 -0.031982207 0.009687679 0.130508501 0.990883857
1317401442.512212992 423.410805311 -276.539770163 14.914840009 -0.032925413 0.008089340 0.130155496 0.990913733
1317401442.616180897 424.390248850 -276.275890484 14.886463140 -0.033152382 0.010339366 0.129394871 0.990984856
1317401442.720150948 425.377136449 -276.011958935 14.853893201 -0.033748898 0.013232811 0.128523271 0.991043729
1317401442.824115992 426.369225436 -275.741678833 14.840585881 -0.033689367 0.014328541 0.127958039 0.991103657
1317401442.928056002 427.352137322 -275.477625445 14.809719233 -0.032134434 0.014035873 0.128099853 0.991141160
1317401443.031979084 428.345460600 -275.209365974 14.801663396 -0.030441991 0.013064875 0.128813293 0.991115397
1317401443.135899067 429.354785870 -274.934284911 14.751948167 -0.029886010 0.013447448 0.129613921 0.991022817
1317401443.239810705 430.407652998 -274.649691506 14.732074057 -0.029632204 0.015467075 0.130107250 0.990936328
1317401443.343728781 431.442508311 -274.363215139 14.683573815 -0.028748085 0.017184363 0.130572038 0.990872942
1317401443.447673082 432.478395708 -274.080249510 14.684667454 -0.026543407 0.017335408 0.130861247 0.990893670
1317401443.551615953 433.495487605 -273.803326497 14.626861398 -0.025069336 0.017803418 0.130944363 0.990912782
1317401443.655556917 434.504651279 -273.529911548 14.598087282 -0.021964397 0.018134028 0.130933234 0.990981943
1317401443.759500027 435.514398850 -273.258205194 14.588510746 -0.019159575 0.015697202 0.130513347 0.991137112
1317401443.863443851 436.521683759 -272.978825047 14.572977579 -0.017883635 0.011723194 0.130358357 0.991236320
1317401443.967410088 437.532274141 -272.705763364 14.541361767 -0.017757425 0.010665457 0.129861978 0.991315686
1317401444.071377993 438.555399704 -272.425738256 14.519616591 -0.018214828 0.012475621 0.129132433 0.991381558
1317401444.175322056 439.582205101 -272.144471801 14.487871908 -0.019911291 0.014667701 0.128680880 0.991377643
1317401444.279263973 440.601617937 -271.863528369 14.464036426 -0.021014133 0.015735026 0.128206611 0.991399960
1317401444.383207083 441.614216340 -271.581847342 14.439164424 -0.024027001 0.016071521 0.128138743 0.991334894
1317401444.487148046 442.630128514 -271.317845022 14.398643925 -0.027440356 0.017200320 0.127868361 0.991262255
1317401444.591089010 443.628541012 -271.035981325 14.376241833 -0.029892893 0.018906482 0.128079377 0.991133005
1317401444.694984913 444.625176667 -270.768551557 14.356558203 -0.030147982 0.018700499 0.128774047 0.991039169
1317401444.798880100 445.628223079 -270.497241754 14.324197884 -0.029270283 0.018120433 0.129447305 0.990988545
1317401444.902798891 446.611965890 -270.218125342 14.301595884 -0.029946907 0.016200663 0.130272176 0.990893476
1317401445.006716967 447.609804938 -269.943707891 14.262227860 -0.031206107 0.014856312 0.130651912 0.990825689
1317401445.110658884 448.590679623 -269.670030378 14.229281777 -0.032603874 0.014504039 0.130576976 0.990795778
1317401445.214626074 449.572140518 -269.400338591 14.198914670 -0.034304153 0.015098727 0.130032632 0.990801074
1317401445.318571091 450.558371793 -269.125029642 14.160499828 -0.036495140 0.016664360 0.129390307 0.990781788
1317401445.422489882 451.532726501 -268.865346987 14.139324675 -0.036056717 0.017191567 0.129051416 0.990833031
1317401445.526408911 452.500615670 -268.593237977 14.106749847 -0.036149266 0.016624630 0.128984832 0.990848003
1317401445.630328178 453.473773133 -268.327212435 14.081202910 -0.035771261 0.014938299 0.128983647 0.990888734
1317401445.734247923 454.443814140 -268.063879682 14.051967112 -0.036612533 0.013747417 0.129187077 0.990848742
1317401445.838165998 455.410096441 -267.801300622 14.026440716 -0.036785751 0.013817795 0.129255174 0.990832467
1317401445.942061901 456.379086459 -267.538560283 13.975733874 -0.037382022 0.016267544 0.129153891 0.990786165
1317401446.045932055 457.349223029 -267.271346161 13.921816846 -0.036627287 0.022356905 0.129079870 0.990705303
1317401446.149801016 458.316911225 -267.005765997 13.897703331 -0.035027640 0.026913645 0.129854300 0.990548626
1317401446.253673077 459.273754133 -266.746775689 13.883408108 -0.031935941 0.025269231 0.130745889 0.990579161
1317401446.357542992 460.233496176 -266.473122814 13.862551445 -0.028549013 0.017125048 0.131693824 0.990731257
1317401446.461437941 461.171361988 -266.218798060 13.824157267 -0.030069256 0.009708791 0.131848242 0.990766178
1317401446.565357924 462.127991229 -265.953873186 13.785949567 -0.032522525 0.005728349 0.131572414 0.990756363
1317401446.669251919 463.078807372 -265.685551674 13.752102775 -0.035841844 0.008723899 0.131182274 0.990671725
1317401446.773121119 464.030175672 -265.423048714 13.729321229 -0.036963253 0.014042548 0.130605855 0.990645565
1317401446.877019882 464.971774396 -265.165120150 13.715587065 -0.037588870 0.017819778 0.130092498 0.990628828
1317401446.980916023 465.916787061 -264.902469100 13.697099152 -0.037563317 0.017923232 0.129674239 0.990682768
1317401447.084784031 466.836730135 -264.648779047 13.657804371 -0.037436360 0.017985739 0.129340717 0.990730039
1317401447.188677073 467.764651367 -264.398759799 13.645718045 -0.035643744 0.017366498 0.128920933 0.990861908
1317401447.292573929 468.680048609 -264.149911325 13.620077135 -0.034071619 0.016528842 0.128825205 0.990943989
1317401447.396468878 469.579170177 -263.901867398 13.586232575 -0.033822848 0.014932547 0.128597377 0.991007441
1317401447.500385046 470.480015968 -263.663074364 13.564474973 -0.032302072 0.014974461 0.128573829 0.991060600
1317401447.604304075 471.373941228 -263.421893479 13.539732317 -0.030912058 0.016552878 0.128524020 0.991086284
1317401447.708222866 472.275840142 -263.183294091 13.504733467 -0.029788308 0.018486045 0.128233113 0.991124206
1317401447.812139988 473.183437129 -262.936555764 13.477747446 -0.028579018 0.020379437 0.127670701 0.991195294
1317401447.916081905 474.092736555 -262.694110433 13.457900242 -0.028162196 0.020292819 0.126858637 0.991313259
1317401448.020047903 474.979575823 -262.452522825 13.433770313 -0.027913210 0.018333449 0.126010688 0.991466613
1317401448.123990059 475.880192320 -262.211093582 13.425709594 -0.027953242 0.014695935 0.125397953 0.991603751
1317401448.227910995 476.756269093 -261.980283906 13.372091843 -0.026433983 0.011903151 0.125463638 0.991674561
1317401448.331784964 477.650187089 -261.737874919 13.371775596 -0.026007570 0.012495317 0.126800634 0.991508483
1317401448.435632944 478.519677017 -261.511182626 13.330736122 -0.027060654 0.016159520 0.128859785 0.991161817
1317401448.539526939 479.409521630 -261.268938659 13.286123606 -0.026927280 0.019902521 0.130182226 0.990924517
1317401448.643445015 480.278052462 -261.030464796 13.275743909 -0.026506311 0.021991913 0.131409593 0.990729676
1317401448.747386932 481.142531768 -260.790943715 13.245017534 -0.026830766 0.022317958 0.131618137 0.990685967
1317401448.851331949 482.000591088 -260.553398663 13.204671450 -0.028304803 0.022150126 0.131628126 0.990647388
1317401448.955275059 482.876487227 -260.305972080 13.179284581 -0.027405771 0.021449837 0.131617874 0.990689438
1317401449.059215069 483.744963481 -260.067841866 13.147104150 -0.026824028 0.021448447 0.131656070 0.990700315
1317401449.163156986 484.617160847 -259.825455234 13.097839511 -0.026574475 0.021534597 0.131643254 0.990706875
1317401449.267124891 485.461260029 -259.588765332 13.071159569 -0.027169237 0.020936549 0.131868173 0.990673649
1317401449.371068001 486.308021168 -259.347410088 13.053564234 -0.028137409 0.018939464 0.132381574 0.990618343
1317401449.475011110 487.163032332 -259.102876028 13.014209187 -0.029585506 0.017592109 0.132936679 0.990526655
1317401449.578970909 488.031675912 -258.867185516 12.965746024 -0.030424502 0.019625194 0.133002464 0.990454212
1317401449.682913065 488.866232133 -258.624514291 12.932822429 -0.031458083 0.022185060 0.133044766 0.990362208
1317401449.786861897 489.725380776 -258.383966717 12.907394954 -0.032087282 0.022389444 0.132983033 0.990345713
1317401449.890829086 490.560473279 -258.141756295 12.891994481 -0.031680693 0.019817542 0.133035436 0.990406569
1317401449.994796991 491.435524913 -257.906686722 12.853750595 -0.030615852 0.016536957 0.132861357 0.990523628
1317401450.098763943 492.282921703 -257.671554036 12.812683289 -0.031566926 0.014750775 0.132766372 0.990534721
1317401450.202730894 493.155611466 -257.427754234 12.780791510 -0.031775880 0.015061897 0.132375407 0.990575683
1317401450.306674004 494.029151573 -257.186405281 12.752544531 -0.032701806 0.016818812 0.131971197 0.990571210
1317401450.410590887 494.915228586 -256.945930145 12.726149228 -0.032929081 0.018630202 0.131960988 0.990532629
1317401450.514509916 495.807762249 -256.690909178 12.679689566 -0.032898364 0.019423686 0.132088039 0.990501473
1317401450.618452072 496.704763508 -256.440762570 12.667016097 -0.031432564 0.017786659 0.132288813 0.990553027
1317401450.722394943 497.583011891 -256.199706243 12.636848268 -0.030289185 0.015196689 0.132583998 0.990592302
1317401450.826338053 498.483710308 -255.954276631 12.602218058 -0.030175126 0.014487754 0.132733858 0.990586336
1317401450.930282354 499.373471782 -255.699582555 12.557468428 -0.029249524 0.016118482 0.132953308 0.990559477
1317401451.034224987 500.266379015 -255.451725995 12.546393013 -0.029211116 0.018074560 0.133083396 0.990509379
1317401451.138191223 501.132690086 -255.215367297 12.521167153 -0.029054720 0.018904388 0.133023665 0.990506513
1317401451.242156982 502.011073510 -254.968146635 12.497555461 -0.029466416 0.018585667 0.132680523 0.990546406
1317401451.346122980 502.885512455 -254.716868947 12.478722567 -0.029665716 0.017729775 0.132089082 0.990635188
1317401451.450088978 503.763981984 -254.468996316 12.450542332 -0.030310281 0.016964273 0.131488738 0.990708944
1317401451.554056883 504.632137212 -254.224199163 12.404735851 -0.030355320 0.016067986 0.131307572 0.990746535
1317401451.658000946 505.502599506 -253.979705110 12.380767984 -0.029807951 0.016013000 0.131140416 0.990786183
1317401451.761941910 506.368791811 -253.738840330 12.367932198 -0.029260245 0.015541078 0.130894286 0.990842570
1317401451.865907907 507.228208337 -253.501631044 12.345348341 -0.029099850 0.014423102 0.130402360 0.990929058
1317401451.969875097 508.085562578 -253.261823333 12.332874385 -0.030485910 0.013480060 0.130084004 0.990942506
1317401452.073848009 508.960391341 -253.019524980 12.279105829 -0.032079608 0.015267484 0.129512418 0.990941137
1317401452.177789927 509.807438901 -252.788205159 12.254544151 -0.034067835 0.018464958 0.128953940 0.990893188
1317401452.281752110 510.673587637 -252.542789614 12.219751450 -0.035826640 0.020933277 0.128916221 0.990786989
1317401452.385746956 511.521739737 -252.307640055 12.215580888 -0.035348063 0.020280000 0.129073277 0.990797318
1317401452.489711761 512.393720762 -252.067672048 12.174896365 -0.036242770 0.019409689 0.129101375 0.990778765
1317401452.593672037 513.241784571 -251.835203602 12.140192942 -0.035231780 0.018489231 0.129153699 0.990826015
1317401452.697639942 514.116729950 -251.593838095 12.109118200 -0.032855098 0.017142976 0.129125115 0.990935601
1317401452.801609993 514.950713408 -251.367787801 12.094482376 -0.032686286 0.014855652 0.128949905 0.991000928
1317401452.905601025 515.821610790 -251.142656928 12.062449470 -0.030397912 0.014486743 0.128494145 0.991138414
1317401453.009593010 516.689394973 -250.910216202 12.003190547 -0.031015457 0.017083526 0.128135390 0.991124370
1317401453.113560915 517.542675191 -250.679614288 11.976005977 -0.031043865 0.019865159 0.127780343 0.991117469
1317401453.217525959 518.386893221 -250.459906425 11.966059425 -0.029659252 0.022333654 0.127605915 0.991129793
1317401453.321511030 519.248213775 -250.224956565 11.925672002 -0.029865171 0.023476291 0.127230463 0.991145471
1317401453.425477982 520.077441606 -249.995812639 11.908420240 -0.030255944 0.023331923 0.126888163 0.991180908
1317401453.529423952 520.948140842 -249.760366359 11.875184952 -0.029384239 0.022715407 0.126482434 0.991273308
1317401453.633392096 521.773303705 -249.536046952 11.865526863 -0.027457017 0.020897834 0.126046742 0.991424032
1317401453.737359762 522.623967481 -249.312816554 11.816873186 -0.026970569 0.018034533 0.125964804 0.991504015
1317401453.841326952 523.465773164 -249.095756165 11.797006422 -0.027445125 0.016833898 0.125660103 0.991550767
1317401453.945295095 524.316423956 -248.865556694 11.747952378 -0.028369905 0.017192303 0.125245889 0.991570996
1317401454.049283981 525.129272549 -248.650242201 11.705471998 -0.030320492 0.018629576 0.124963587 0.991522924
1317401454.153254032 525.981812666 -248.422772838 11.689964632 -0.031250239 0.018790975 0.124789853 0.991512892
1317401454.257199049 526.801361045 -248.197159941 11.671745109 -0.031858664 0.017111021 0.124919777 0.991507583
1317401454.361160994 527.629145632 -247.979657533 11.650775585 -0.031143293 0.016194766 0.125113953 0.991521217
1317401454.465125084 528.449277605 -247.773383961 11.597571524 -0.029675460 0.018581056 0.125129355 0.991522444
1317401454.569092035 529.297760384 -247.556635624 11.531765085 -0.030644616 0.022210628 0.124982181 0.991436861
1317401454.673058987 530.110295629 -247.344919273 11.507618642 -0.029642249 0.026195986 0.124472278 0.991434193
1317401454.777025938 530.913974626 -247.134168134 11.499671826 -0.029335065 0.026848948 0.123954189 0.991490770
1317401454.881016016 531.699642112 -246.927252630 11.485669366 -0.027409659 0.023755746 0.123459651 0.991686488
1317401454.985008240 532.524860792 -246.709935889 11.465899385 -0.026537654 0.017971198 0.122851113 0.991907452
1317401455.088974953 533.305284593 -246.505226714 11.431595100 -0.027064149 0.013379403 0.122319168 0.992031524
1317401455.192941904 534.124401262 -246.285368851 11.408615886 -0.026935078 0.012158216 0.121203867 0.992187634
1317401455.296909094 534.913920070 -246.088263376 11.355304221 -0.030027440 0.015021559 0.120922801 0.992093938
1317401455.400875092 535.735183160 -245.874253691 11.333545680 -0.031519957 0.018358396 0.120659093 0.992023611
1317401455.504817009 536.531154929 -245.672528698 11.310393233 -0.033778728 0.018853483 0.120901557 0.991910458
1317401455.608758926 537.345330364 -245.462424762 11.307026794 -0.033757302 0.017056519 0.121123758 0.991916607
1317401455.712726116 538.151002648 -245.257926695 11.259860890 -0.033443999 0.015287412 0.121128010 0.991955543
1317401455.816668987 538.995291738 -245.044351995 11.228299122 -0.031726760 0.016935831 0.121035970 0.991996414
1317401455.920613050 539.825318580 -244.838895671 11.199157021 -0.031174626 0.018439371 0.121386998 0.991944217
1317401456.024532080 540.659968848 -244.625279332 11.178933131 -0.030703772 0.018664056 0.122407581 0.991829277
1317401456.128427982 541.483334685 -244.417766180 11.151231367 -0.028569159 0.019028024 0.123367543 0.991767204
1317401456.232346058 542.355276696 -244.196530753 11.097932043 -0.028164373 0.020046435 0.123955093 0.991685456
1317401456.336263895 543.185701621 -243.979798134 11.062391745 -0.028902371 0.021040036 0.124391238 0.991589023
1317401456.440182924 544.041801622 -243.752998709 11.045188399 -0.028838322 0.019420342 0.124954523 0.991553109
1317401456.544102907 544.888983622 -243.522031196 11.023312965 -0.027519223 0.015654986 0.126102178 0.991511903
1317401456.647973061 545.758080524 -243.294089587 10.977883420 -0.024334385 0.013174076 0.127648337 0.991433398
1317401456.751821041 546.622098579 -243.063937087 10.956563376 -0.021713698 0.013268710 0.129756853 0.991219257
1317401456.855667114 547.510145198 -242.824718160 10.927562556 -0.020362843 0.015985951 0.131459369 0.990983470
1317401456.959511995 548.384877790 -242.593331445 10.886592825 -0.020815457 0.019337497 0.133284541 0.990670485
1317401457.063381910 549.269912535 -242.344830607 10.843204614 -0.021820449 0.023037779 0.134850921 0.990357692
1317401457.167253017 550.140368711 -242.095354161 10.807739237 -0.021161675 0.024227381 0.136163246 0.990164021
1317401457.271148682 551.037639329 -241.829319373 10.801994266 -0.020459719 0.020973877 0.136707573 0.990178032
1317401457.375067949 551.922221024 -241.575995599 10.781135043 -0.020576563 0.014701793 0.136848011 0.990269198
1317401457.478986979 552.828580996 -241.312881609 10.736153099 -0.020550994 0.011133440 0.136631861 0.990346120
1317401457.582906961 553.734699727 -241.050114246 10.696431128 -0.022140287 0.012728280 0.136269313 0.990342604
1317401457.686825037 554.653060158 -240.794504112 10.668253365 -0.023749190 0.016965195 0.134943642 0.990423330
1317401457.790741920 555.557772497 -240.532629228 10.623130623 -0.025756351 0.021251875 0.133918116 0.990429657
1317401457.894637108 556.463250401 -240.273400074 10.617301681 -0.026005364 0.023409213 0.133323012 0.990454797
1317401457.998507977 557.362238329 -240.018214096 10.567758807 -0.024888607 0.023665069 0.133154215 0.990500115
1317401458.102379084 558.254449445 -239.762530805 10.571154394 -0.025095405 0.021647235 0.133265250 0.990526118
1317401458.206250906 559.155984012 -239.508592233 10.517179136 -0.026126868 0.019808146 0.133282301 0.990535639
1317401458.310120106 560.061030301 -239.252588471 10.482747373 -0.027452476 0.019863057 0.133437283 0.990477820
1317401458.414015055 560.959781611 -238.993100366 10.433972398 -0.029187116 0.021746810 0.133018954 0.990444923
1317401458.517935038 561.863814902 -238.734623141 10.400261988 -0.032358185 0.023343802 0.132302674 0.990405986
1317401458.621851921 562.765799756 -238.475123538 10.357911960 -0.032345953 0.023737223 0.131765243 0.990468679
1317401458.725771666 563.644872080 -238.224658330 10.334625956 -0.029688674 0.021592448 0.131475299 0.990639488
1317401458.829689741 564.508709621 -237.992797711 10.328126441 -0.026873292 0.017819747 0.131085387 0.990846559
1317401458.933609009 565.399477668 -237.732894081 10.288575222 -0.026232882 0.014716023 0.131048429 0.990919565
1317401459.037503958 566.277020587 -237.500520640 10.233064584 -0.026492721 0.015821901 0.130960044 0.990907296
1317401459.141400099 567.176440929 -237.255443275 10.210881862 -0.025813930 0.018461642 0.131043840 0.990868468
1317401459.245318890 568.027900432 -237.025888557 10.186379207 -0.023949358 0.021410229 0.130954483 0.990867778
1317401459.349236012 568.908473742 -236.781835435 10.169456703 -0.023360451 0.022232197 0.130693645 0.990898173
1317401459.453155041 569.764555350 -236.548538841 10.138236765 -0.021103083 0.022801168 0.130597554 0.990948558
1317401459.557074070 570.629950770 -236.321182579 10.111030227 -0.019930553 0.023067941 0.130530213 0.990975533
1317401459.660991907 571.485088119 -236.089036540 10.069550388 -0.017133702 0.024517296 0.130582116 0.990986200
1317401459.764935017 572.368256215 -235.847592917 10.032036493 -0.016004877 0.026084317 0.130619600 0.990960127
1317401459.868901968 573.228859171 -235.615447819 10.000878143 -0.015259318 0.026138896 0.130506943 0.990985292
1317401459.972868919 574.083368539 -235.376396849 9.966852541 -0.017587378 0.024377214 0.130198246 0.991032216
1317401460.076836109 574.898074740 -235.147814765 9.934910221 -0.018895075 0.022082475 0.129862826 0.991105941
1317401460.180804014 575.762821259 -234.903163372 9.889202209 -0.019829757 0.020849819 0.129395875 0.991175450
1317401460.284770012 576.604853271 -234.665398734 9.843654236 -0.020105845 0.021866951 0.128662492 0.991243439
1317401460.388712883 577.464810470 -234.432843935 9.805180491 -0.022295495 0.023181395 0.128190977 0.991227828
1317401460.492655039 578.286989295 -234.208121433 9.764319319 -0.022855588 0.025372842 0.127918183 0.991196640
1317401460.596613884 579.133094589 -233.980603411 9.745471011 -0.021368244 0.025882393 0.127652058 0.991250953
1317401460.700579882 579.965991917 -233.757413575 9.725222971 -0.020249456 0.024668032 0.127308437 0.991349590
1317401460.804532051 580.797897461 -233.534152671 9.682412056 -0.022150537 0.023919803 0.127389078 0.991316912
1317401460.908473969 581.609176978 -233.308670745 9.615867582 -0.023964624 0.024476656 0.128006581 0.991181570
1317401461.012415886 582.446615005 -233.094047132 9.571982470 -0.025356608 0.027838457 0.128466527 0.990998695
1317401461.116365910 583.237649488 -232.881061804 9.547466545 -0.025910422 0.029717866 0.128882610 0.990875760
1317401461.220305920 584.033022564 -232.660068490 9.541738846 -0.026140174 0.028493832 0.129235059 0.990859774
1317401461.324265957 584.778893517 -232.450189466 9.510658656 -0.028304601 0.025501610 0.129537916 0.990842291
1317401461.428256989 585.546514263 -232.237115585 9.459457935 -0.031963271 0.023179533 0.129460028 0.990798244
1317401461.532248020 586.259755903 -232.035846250 9.425729160 -0.033377593 0.022382339 0.128578497 0.990884724
1317401461.636287928 586.991973866 -231.838394923 9.391755818 -0.035133764 0.022180616 0.127351418 0.990987011
1317401461.740375042 587.672935982 -231.635800644 9.358701872 -0.036535373 0.022616097 0.125688976 0.991138719
1317401461.844461918 588.350939478 -231.440887581 9.324218347 -0.038948908 0.024927077 0.123612654 0.991252508
1317401461.948525906 589.031901173 -231.262209643 9.286835996 -0.040150935 0.027221348 0.121561572 0.991397844
1317401462.052635908 589.638150190 -231.100345340 9.291704758 -0.039103538 0.027057340 0.118304388 0.991838135
1317401462.156773090 590.265653769 -230.970600388 9.265519407 -0.036219516 0.024008600 0.114182479 0.992508990
1317401462.260883093 590.867746301 -230.823468232 9.243174736 -0.033664331 0.021612604 0.110049351 0.993120712
1317401462.365017891 591.442471607 -230.683394351 9.215573040 -0.031657340 0.020668824 0.105222618 0.993729749
1317401462.469151020 592.004626595 -230.572865232 9.182448510 -0.031450926 0.020953198 0.100589454 0.994210020
1317401462.573236942 592.570268816 -230.449329770 9.165607331 -0.029637946 0.023044979 0.096484180 0.994626223
1317401462.677323103 593.093484874 -230.336834590 9.148363399 -0.027043043 0.025439320 0.092220477 0.995046179
1317401462.781410933 593.635351659 -230.253878691 9.144652874 -0.024814021 0.026055586 0.087857497 0.995483014
1317401462.885497093 594.121401615 -230.143584469 9.116198308 -0.024857797 0.025552603 0.084383789 0.995795426
1317401462.989583969 594.633049401 -230.078621525 9.087829304 -0.024341415 0.024685788 0.080551442 0.996147365
1317401463.093599081 595.128576297 -229.996848360 9.068622603 -0.021613785 0.023726764 0.077488572 0.996476496
1317401463.197570086 595.618669287 -229.909476601 9.058085796 -0.016438186 0.020939829 0.076014840 0.996751250
1317401463.301513910 596.102906085 -229.830624431 9.059385961 -0.012708335 0.017752161 0.075592208 0.996899783
1317401463.405428886 596.567430601 -229.754267392 9.050066379 -0.013056706 0.016032945 0.076058251 0.996888966
1317401463.509323120 597.038996868 -229.674789882 9.028896411 -0.016812131 0.015315248 0.077595888 0.996725476
1317401463.613181114 597.491338162 -229.608272434 8.999260238 -0.017619597 0.015244443 0.080461084 0.996485409
1317401463.717004061 597.932373851 -229.529960424 8.969829419 -0.013616296 0.016528884 0.084035627 0.996232606
1317401463.820813894 598.353996711 -229.463781680 8.981934058 -0.009730639 0.019114708 0.087995888 0.995889887
1317401463.924613953 598.768797095 -229.389639478 8.980791620 -0.007386428 0.020864113 0.093024389 0.995417798
1317401464.028363943 599.164797636 -229.295957353 8.987034774 -0.008260124 0.021062617 0.099395941 0.994790723
1317401464.132113934 599.558355408 -229.217502964 8.984462991 -0.009508813 0.020824249 0.106667321 0.994031195
1317401464.235863924 599.930759463 -229.128624086 8.967155952 -0.011633997 0.020486115 0.114594678 0.993132936
1317401464.339590073 600.302695976 -229.025100666 8.938812002 -0.011694003 0.019040493 0.123107837 0.992141709
1317401464.443293095 600.645925812 -228.939520726 8.935173941 -0.009366212 0.017372196 0.132428550 0.990996044
1317401464.546972990 600.983318644 -228.840340885 8.923428198 -0.006547787 0.016814649 0.142560955 0.989621528
1317401464.650625944 601.337701810 -228.728359452 8.918919318 -0.005824218 0.017121025 0.153835977 0.987930889
1317401464.754257917 601.668671535 -228.621677156 8.896722745 -0.005721058 0.017768321 0.167258874 0.985736286
1317401464.857914925 601.989243828 -228.504942351 8.885461044 -0.004998859 0.018356088 0.182066569 0.983102146
1317401464.961591959 602.300538722 -228.370434036 8.885286552 -0.004569793 0.018880345 0.197943555 0.980020917
1317401465.065291882 602.598652159 -228.251471684 8.888023406 -0.006005634 0.019422887 0.214811484 0.976443910
1317401465.169020891 602.871602298 -228.093384597 8.870874516 -0.008759204 0.019701546 0.231823106 0.972518983
1317401465.272748947 603.157362019 -227.956182549 8.855795895 -0.008797637 0.020681856 0.248316889 0.968418084
1317401465.376499891 603.430298823 -227.806813613 8.847049591 -0.006492670 0.021675697 0.264291971 0.964177247
1317401465.480273962 603.695393739 -227.639346235 8.849877723 -0.004195455 0.023536572 0.280310653 0.959611570
1317401465.584049940 603.958205625 -227.481619861 8.844237421 -0.004353761 0.024393414 0.296049879 0.954851023
1317401465.687849045 604.207575912 -227.309884751 8.831376411 -0.005112921 0.025006426 0.311541127 0.949889816
1317401465.791624308 604.447634477 -227.110760370 8.818990942 -0.006273155 0.025960143 0.327414188 0.944503398
1317401465.895399094 604.690828375 -226.909590057 8.802184298 -0.006460564 0.026785970 0.343307561 0.938818774
1317401465.999171019 604.949748394 -226.712892471 8.795689597 -0.006043344 0.027972847 0.359174782 0.932831428
1317401466.102921963 605.188555768 -226.460276439 8.778885515 -0.005035361 0.029626102 0.375596747 0.926295861
1317401466.206697941 605.428734559 -226.218548208 8.763855212 -0.003571643 0.031014940 0.392337738 0.919291258
1317401466.310471058 605.674431157 -225.948231392 8.755921004 -0.003193157 0.032247093 0.409089062 0.911918893
1317401466.414246798 605.919325677 -225.678696844 8.742318229 -0.003391466 0.032425817 0.425924458 0.904171124
1317401466.518023968 606.143242203 -225.383821844 8.717830998 -0.002975718 0.031969256 0.442772771 0.896058806
1317401466.621774197 606.380167315 -225.074134270 8.691311970 -0.001803422 0.032047004 0.459986379 0.887345631
1317401466.725500107 606.599325121 -224.754934546 8.670339419 0.000921442 0.032013127 0.477825058 0.877871018
1317401466.829251051 606.825792011 -224.409969010 8.649429190 0.003494283 0.032296893 0.495834222 0.867809383
1317401466.933027029 607.033507074 -224.061792660 8.629960570 0.004919957 0.033849267 0.513948392 0.857138887
1317401467.036801100 607.228127326 -223.679907056 8.610470406 0.005541689 0.035585248 0.532221671 0.845838680
1317401467.140551090 607.414775781 -223.289861429 8.587885248 0.006227135 0.036415521 0.550867510 0.833774621
1317401467.244302034 607.580993250 -222.880247288 8.570262113 0.007426125 0.037589591 0.569817397 0.820877585
1317401467.348052025 607.742282861 -222.458442631 8.550660849 0.009037373 0.039027571 0.588922333 0.807196172
1317401467.451778889 607.885424679 -221.995744350 8.534371970 0.010603285 0.040213347 0.608293427 0.792621955
1317401467.555505991 608.002618917 -221.522884895 8.517135238 0.012840211 0.041552313 0.627969583 0.777021710
1317401467.659256935 608.108220676 -221.030282329 8.496276608 0.015621137 0.042763268 0.647750604 0.760490919
1317401467.763031960 608.180430050 -220.538204663 8.476035281 0.016942034 0.042621929 0.667108301 0.743547479
1317401467.866830111 608.222070680 -219.996090624 8.456383402 0.017937230 0.042689634 0.685723515 0.726387715
1317401467.970702887 608.246433093 -219.416791574 8.433831710 0.018400027 0.042496242 0.703559651 0.709125747
1317401468.074620962 608.257710164 -218.855499160 8.414422072 0.019005623 0.042681086 0.719940592 0.692461302
1317401468.178560972 608.216041848 -218.260667475 8.401709696 0.019759757 0.042525913 0.734902703 0.676549419
1317401468.282576084 608.178003460 -217.629993756 8.382659699 0.020229723 0.042289011 0.748377726 0.661614070
1317401468.386663914 608.099584882 -216.981354303 8.364744871 0.020039362 0.040925667 0.759867330 0.648479109
1317401468.490823030 607.996428654 -216.305282984 8.351617485 0.019822728 0.039686637 0.769560884 0.637030671
1317401468.595056057 607.886504941 -215.639239959 8.336903631 0.019670053 0.038306099 0.777262835 0.627700739
1317401468.699335098 607.746388132 -214.926749101 8.324488945 0.019588625 0.037601202 0.783440857 0.620018435
1317401468.803637028 607.578877423 -214.183415552 8.308701379 0.018741266 0.036209524 0.787947559 0.614390983
1317401468.907962084 607.409870730 -213.441316303 8.292168494 0.017721153 0.034888141 0.790724863 0.610919773
1317401469.012336016 607.204518881 -212.665944446 8.281245579 0.015797376 0.033068901 0.791979484 0.609446789
1317401469.116710901 606.991381283 -211.871338063 8.273381276 0.015113998 0.032186126 0.792101107 0.609353310
1317401469.221038103 606.783861058 -211.077403723 8.261758825 0.014728559 0.031782570 0.791692045 0.609915275
1317401469.325341940 606.540952401 -210.222402297 8.242937012 0.014625141 0.031798238 0.791129029 0.610647064
1317401469.429596901 606.296775512 -209.353867231 8.234170914 0.015424898 0.031817337 0.790451823 0.611502776
1317401469.533802986 606.052273585 -208.450378469 8.236470893 0.018405774 0.031218457 0.789992716 0.612044234
1317401469.638009071 605.805664461 -207.556984725 8.225932205 0.020219946 0.029836254 0.789380577 0.612845214
1317401469.742166996 605.563848328 -206.631534016 8.212946731 0.020530427 0.029351219 0.789062155 0.613268230
1317401469.846302032 605.326481218 -205.678217497 8.198377646 0.019798081 0.029939242 0.788714011 0.613711567
1317401469.950436115 605.069492063 -204.707848166 8.190828695 0.018925758 0.030804240 0.788328664 0.614191201
1317401470.054522991 604.814865740 -203.713414484 8.188403458 0.018844148 0.031277503 0.788092498 0.614472807
1317401470.158561945 604.556506432 -202.709951240 8.185255473 0.019050983 0.031150863 0.788236081 0.614288665
1317401470.262602091 604.290766012 -201.700302789 8.169808462 0.019230114 0.031092410 0.788549760 0.613883329
1317401470.366617918 604.018802764 -200.658037432 8.160414359 0.019252987 0.031483444 0.788926375 0.613378586
1317401470.470609903 603.736355497 -199.580709983 8.153268374 0.018983742 0.031875542 0.789373120 0.612791681
1317401470.574600935 603.441024820 -198.453496358 8.149376645 0.018584638 0.032727895 0.789927805 0.612043756
1317401470.678566933 603.143868837 -197.360600453 8.142322436 0.018371811 0.033178420 0.790586574 0.611174719
1317401470.782532215 602.856567959 -196.273404634 8.136923259 0.018366107 0.033264008 0.791141420 0.610451837
1317401470.886497021 602.552596353 -195.119429425 8.128815147 0.018063826 0.033006364 0.791524735 0.609977764
1317401470.990466118 602.237564057 -193.960741943 8.119517252 0.017682166 0.032343218 0.791730525 0.609757356
1317401471.094433069 601.931992774 -192.825288226 8.113880990 0.017672056 0.031831861 0.791876945 0.609594403
1317401471.198373079 601.605866035 -191.614822550 8.099675071 0.017275961 0.031393977 0.792148542 0.609275510
1317401471.302318096 601.286048345 -190.450096732 8.091100820 0.017212154 0.031850034 0.792229516 0.609148349
1317401471.406260967 600.951916134 -189.228015708 8.079852361 0.016907324 0.032329045 0.792582080 0.608672836
1317401471.510179043 600.628220070 -188.034272947 8.076319750 0.016352047 0.033070630 0.793084322 0.607993587
1317401471.614098072 600.299776581 -186.816585509 8.076036534 0.015679715 0.034367909 0.793807025 0.606995387
1317401471.718017101 599.976450817 -185.643362973 8.062156622 0.013862873 0.035433820 0.794374767 0.606235099
1317401471.821934938 599.639001232 -184.415124833 8.056561535 0.011627621 0.036098041 0.795021903 0.605394006
1317401471.925854921 599.315746360 -183.249736987 8.050328768 0.010369126 0.036125721 0.795197135 0.605185038
1317401472.029772997 598.974109016 -182.035793750 8.031888574 0.009995449 0.035827257 0.795223428 0.605174519
1317401472.133691788 598.641363864 -180.854189683 8.013555092 0.009902182 0.035111366 0.794980181 0.605537488
1317401472.237587929 598.306470751 -179.646743101 8.000834036 0.009951949 0.034436630 0.794820602 0.605784853
1317401472.341456890 597.969694327 -178.469714596 7.972273012 0.010041892 0.034698455 0.794741557 0.605872128
1317401472.445327759 597.633559028 -177.265272261 7.957446284 0.010000859 0.035171299 0.794899607 0.605638157
1317401472.549175978 597.310077527 -176.115423743 7.943937355 0.010217748 0.035481274 0.795124722 0.605320869
1317401472.652997971 596.969219773 -174.910324434 7.926854593 0.010061194 0.034987939 0.795415834 0.604969642
1317401472.756843090 596.644802334 -173.747570408 7.911520411 0.010193028 0.035065488 0.795517178 0.604829673
1317401472.860690832 596.308366907 -172.572743404 7.891028216 0.010117864 0.034839023 0.795694520 0.604610702
1317401472.964490891 595.978629407 -171.394346796 7.870089293 0.010401290 0.034979332 0.795733171 0.604546922
1317401473.068288088 595.653790104 -170.243559880 7.850080786 0.010638415 0.035272524 0.795708763 0.604557886
1317401473.172085047 595.319031565 -169.053396278 7.838250304 0.010496521 0.035228732 0.795732193 0.604532081
1317401473.275886059 594.990779528 -167.900160926 7.823159234 0.010197486 0.036442202 0.795532341 0.604728263
1317401473.379708052 594.650651026 -166.704015782 7.805673221 0.009720397 0.035489225 0.795419239 0.604941537
1317401473.483505964 594.325936515 -165.555151298 7.794747180 0.010723062 0.034829592 0.795201856 0.605248646
1317401473.587306023 593.997037924 -164.397786128 7.774461901 0.010198529 0.033084211 0.795128023 0.605452602
1317401473.691129923 593.664865995 -163.221185051 7.748728502 0.009399513 0.033436001 0.794978126 0.605643016
1317401473.794930935 593.339680026 -162.072300705 7.739203229 0.008846891 0.034307879 0.794838507 0.605785812
1317401473.898705006 593.013441045 -160.897837801 7.727468241 0.010054784 0.034327959 0.794729689 0.605908585
1317401474.002501965 592.694496680 -159.753264138 7.726785185 0.012090934 0.032711007 0.794675932 0.606031321
1317401474.106300116 592.366667601 -158.604568208 7.705615420 0.012807552 0.032354263 0.794584737 0.606155314
1317401474.210100889 592.047331050 -157.441832669 7.693063365 0.012283120 0.032075021 0.794512522 0.606275656
1317401474.313924074 591.731103045 -156.312175252 7.690387800 0.012003091 0.032257972 0.794450867 0.606352347
1317401474.417722225 591.409932768 -155.155407686 7.683180089 0.011770407 0.032087464 0.794406140 0.606424552
1317401474.521495104 591.090925784 -154.007335581 7.670096931 0.011388919 0.031829484 0.794366344 0.606497558
1317401474.625267982 590.774309978 -152.878741821 7.656720609 0.010810679 0.031551273 0.794307714 0.606599457
1317401474.729018927 590.454904230 -151.731088853 7.644945861 0.010836042 0.031958703 0.794252810 0.606649565
1317401474.832771063 590.142859765 -150.601663659 7.640170571 0.010789303 0.031974060 0.794284477 0.606608127
1317401474.936523914 589.829207574 -149.469407843 7.629841077 0.010869898 0.032244444 0.794326547 0.606537285
1317401475.040272951 589.515861221 -148.341734923 7.618656331 0.011081052 0.032556172 0.794355073 0.606479451
1317401475.144027948 589.203211736 -147.218968497 7.608296966 0.011080928 0.032482274 0.794453415 0.606354587
1317401475.247756958 588.888992914 -146.095843709 7.602341138 0.011047807 0.032441166 0.794636611 0.606117293
1317401475.351476908 588.576628430 -144.982349605 7.591175416 0.011200017 0.032435279 0.794946408 0.605708445
1317401475.455178976 588.265254398 -143.871625403 7.583483411 0.011426379 0.032748089 0.795392817 0.605101039
1317401475.558881044 587.948838542 -142.764811943 7.566434812 0.011049612 0.033398762 0.796047864 0.604210416
1317401475.662585974 587.629474544 -141.660616452 7.553079682 0.009622816 0.035336625 0.796846383 0.603070946
1317401475.766288042 587.302331366 -140.535671223 7.542817391 0.008053637 0.036754593 0.797976238 0.601513228
1317401475.869988918 586.981784790 -139.452328416 7.527101151 0.007588895 0.037130470 0.799379369 0.599630187
1317401475.973691940 586.647507401 -138.364801867 7.510853031 0.007297975 0.036488586 0.801205918 0.597230609
1317401476.077394962 586.309436504 -137.260391061 7.496449646 0.007668737 0.035936752 0.803181151 0.594600520
1317401476.181097984 585.968880515 -136.185691021 7.479194443 0.008442193 0.035152433 0.805199706 0.591900726
1317401476.284800053 585.625098506 -135.103730571 7.460639844 0.008502639 0.033967921 0.807316509 0.589078891
1317401476.388504028 585.263187588 -134.037850955 7.439535685 0.008255026 0.033819820 0.809731603 0.585766852
1317401476.492208242 584.898544147 -132.959437426 7.419490765 0.007805049 0.033928859 0.812432467 0.582014949
1317401476.595911026 584.531602189 -131.889472393 7.407289551 0.007728504 0.033955028 0.814948708 0.578485894
1317401476.699635983 584.161040235 -130.842981597 7.396494632 0.007861994 0.033488981 0.817278150 0.575215701
1317401476.803385973 583.782078148 -129.793701752 7.383196194 0.007399672 0.032502201 0.819338610 0.572340016
1317401476.907186031 583.396677521 -128.751737369 7.367067963 0.005893180 0.031311964 0.820954113 0.570104531
1317401477.011032104 583.010357157 -127.736987084 7.354875546 0.005606117 0.030341160 0.821948172 0.568725934
1317401477.114928961 582.611498830 -126.694691843 7.374640575 0.008155828 0.027746045 0.822733844 0.567690639
1317401477.218823910 582.219164896 -125.679271910 7.365425971 0.011898356 0.024045304 0.823484917 0.566703488
1317401477.322715998 581.822480405 -124.664478699 7.354976720 0.015020686 0.022665004 0.824078220 0.565823086
1317401477.426635027 581.423255514 -123.641226137 7.354696591 0.014922621 0.022487551 0.824700785 0.564924986
1317401477.530529976 581.023690152 -122.613615762 7.358473933 0.012442006 0.023977858 0.825165049 0.564245426
1317401477.634427071 580.628505797 -121.600335698 7.380965615 0.010546241 0.024684981 0.825473787 0.563801787
1317401477.738347054 580.239991389 -120.607965707 7.391608641 0.010898324 0.023653238 0.825470373 0.563844317
1317401477.842264175 579.847576113 -119.619626787 7.388472537 0.011262162 0.022438692 0.825162082 0.564337849
1317401477.946206093 579.463726146 -118.634930816 7.370164145 0.010348351 0.022635771 0.824465304 0.565364922
1317401478.050198078 579.066812722 -117.636904941 7.381408664 0.007193353 0.024660729 0.823094449 0.567323217
1317401478.154189110 578.693839524 -116.630589078 7.347095796 0.001869714 0.025871848 0.821540711 0.569559489
1317401478.258177996 578.320806385 -115.638166206 7.361246956 -0.000796626 0.027674482 0.819321790 0.572665079
1317401478.362190962 577.949688031 -114.627332521 7.362619511 -0.001401906 0.026593918 0.816950903 0.576092024
1317401478.466181040 577.583128747 -113.628876813 7.335905970 -0.002491152 0.023747496 0.814538018 0.579618554
1317401478.570147991 577.215016296 -112.621338860 7.290124232 -0.003987897 0.021689647 0.812240219 0.582906066
1317401478.674113989 576.856243271 -111.609203751 7.278577358 -0.005259091 0.020157410 0.810004520 0.586053494
1317401478.778081894 576.513911665 -110.590027133 7.259146184 -0.006506935 0.018613275 0.807693807 0.589272365
1317401478.882050037 576.164545850 -109.559205669 7.237470314 -0.008235448 0.016899697 0.805340228 0.592514721
1317401478.986017942 575.827259293 -108.532588292 7.213524158 -0.009400998 0.015363143 0.803072329 0.595609293
1317401479.089984655 575.494799701 -107.491908506 7.180446745 -0.009884895 0.013615054 0.800822281 0.598665677
1317401479.193974972 575.177008084 -106.442995630 7.159975906 -0.009141278 0.011771512 0.798570474 0.601716766
1317401479.297967911 574.867447214 -105.392407779 7.137850678 -0.008021596 0.010441990 0.796397705 0.604629898
1317401479.401910067 574.565516374 -104.326888100 7.110927163 -0.007414105 0.009805528 0.794454430 0.607199342
1317401479.505827188 574.266930687 -103.268737389 7.087832795 -0.007775365 0.011825094 0.793079720 0.608953421
1317401479.609721899 573.967172523 -102.180831072 7.072987945 -0.008033164 0.013571459 0.792215155 0.610038058
1317401479.713568926 573.667565167 -101.081068160 7.053285205 -0.008015419 0.014458452 0.791967305 0.610339654
1317401479.817415953 573.370453387 -99.999959849 7.031291995 -0.007557628 0.014154742 0.791825187 0.610536976
1317401479.921262026 573.077048571 -98.918640062 7.003728050 -0.007278182 0.013724897 0.791712600 0.610696172
1317401480.025110960 572.780287984 -97.829282742 6.976626005 -0.006984009 0.013616025 0.791646122 0.610788216
1317401480.128982067 572.481671143 -96.714901573 6.952609031 -0.006832271 0.013581886 0.791725164 0.610688232
1317401480.232826948 572.185732326 -95.608836327 6.929104439 -0.006622169 0.013810119 0.791806405 0.610580088
1317401480.336648941 571.887339484 -94.506676943 6.910367528 -0.006613450 0.014009393 0.791933590 0.610410672
1317401480.440496922 571.579645129 -93.372802694 6.884425072 -0.006714744 0.014315965 0.792235689 0.610010310
1317401480.544343948 571.275178659 -92.252496217 6.861876658 -0.006767037 0.014717252 0.792496233 0.609661652
1317401480.648164749 570.985282921 -91.164108686 6.842967996 -0.007046654 0.014870842 0.792745388 0.609330742
1317401480.751987934 570.664053286 -90.020485820 6.823899312 -0.007041543 0.015124806 0.793120201 0.608836599
1317401480.855838060 570.360586645 -88.919330708 6.811187051 -0.006671861 0.016270925 0.793456179 0.608373270
1317401480.959685087 570.061002905 -87.830283797 6.796422096 -0.006686933 0.016833421 0.793731302 0.607998800
1317401481.063504934 569.743796679 -86.687503897 6.772899709 -0.006459274 0.017503121 0.794115912 0.607479907
1317401481.167352915 569.437543170 -85.601729073 6.746269730 -0.007071610 0.017400182 0.794410095 0.607091284
1317401481.271199942 569.137693578 -84.511389550 6.726793480 -0.007368272 0.017077762 0.794565787 0.606893127
1317401481.375045061 568.820476559 -83.398233310 6.706450413 -0.006450759 0.017119885 0.794544264 0.606930564
1317401481.478915930 568.511972999 -82.303155444 6.683045803 -0.005550475 0.016273339 0.794499996 0.607020698
1317401481.582787991 568.205217548 -81.210955989 6.654460492 -0.005385291 0.015751802 0.794553635 0.606965733
1317401481.686657906 567.905340874 -80.120331638 6.631358512 -0.006017871 0.016032832 0.794422205 0.607124447
1317401481.790529013 567.603321041 -79.032792259 6.616633685 -0.006128596 0.016752847 0.794344701 0.607205301
1317401481.894398928 567.298041796 -77.960387257 6.597851411 -0.005880801 0.016802160 0.794316048 0.607243871
1317401481.998267889 566.998678602 -76.883031380 6.572586276 -0.005767236 0.016890179 0.794352850 0.607194376
1317401482.102140903 566.695589881 -75.804105419 6.550795018 -0.005951611 0.017477033 0.794313723 0.607227174
1317401482.206037045 566.395571268 -74.731694935 6.531039636 -0.005647689 0.017835374 0.794249078 0.607304211
1317401482.309931040 566.098171360 -73.663093962 6.516564945 -0.005633940 0.017112051 0.794249936 0.607324028
1317401482.413800955 565.805473721 -72.607721943 6.497276691 -0.005476267 0.017062726 0.794261324 0.607311965
1317401482.517671824 565.510250594 -71.546904006 6.474745260 -0.005853259 0.017043076 0.794267710 0.607300649
1317401482.621542931 565.219034038 -70.495608757 6.459523057 -0.006227663 0.017560005 0.794192466 0.607380597
1317401482.725413084 564.928973600 -69.450097872 6.445112321 -0.006416749 0.017725722 0.794187199 0.607380702
1317401482.829282999 564.638290150 -68.401955071 6.431553443 -0.006194718 0.017808655 0.794168971 0.607404414
1317401482.933155060 564.348526621 -67.381237040 6.413018638 -0.005996332 0.017790564 0.794086536 0.607514702
1317401483.037050009 564.063495659 -66.352858615 6.390218102 -0.005864258 0.017628833 0.793944881 0.607705818
1317401483.140945911 563.767189636 -65.317142106 6.376595200 -0.005617454 0.017105169 0.793675874 0.608074391
1317401483.244839907 563.483724821 -64.279035985 6.359412662 -0.004960853 0.016618758 0.793328590 0.608546593
1317401483.348758936 563.194819328 -63.246749517 6.339013619 -0.004355247 0.016907200 0.792973284 0.609006198
1317401483.452653170 562.908703219 -62.213018471 6.322604685 -0.004693051 0.018048364 0.792740458 0.609273992
1317401483.556545973 562.624117588 -61.179793903 6.292342665 -0.006596360 0.018636965 0.792623990 0.609390155
1317401483.660464048 562.350571627 -60.150325131 6.277465846 -0.007967426 0.019208729 0.792588822 0.609401759
1317401483.764384031 562.068472580 -59.133575325 6.259253326 -0.008278668 0.019550869 0.792600367 0.609371713
1317401483.868279696 561.792863369 -58.115421629 6.249467776 -0.008329934 0.018531965 0.792693604 0.609281568
1317401483.972173929 561.515357911 -57.106066573 6.218343842 -0.008216156 0.017799824 0.792737591 0.609247711
1317401484.076069117 561.236526519 -56.087568834 6.190450007 -0.008049187 0.017742129 0.792790391 0.609182914
1317401484.179939985 560.962072988 -55.079112042 6.165173920 -0.007704204 0.018170825 0.792873804 0.609066168
1317401484.283834934 560.684061284 -54.072804171 6.147323613 -0.007413032 0.018165779 0.792931033 0.608995426
1317401484.387729883 560.409101882 -53.068217708 6.120060955 -0.007391922 0.017927168 0.792982038 0.608936337
1317401484.491624117 560.137140488 -52.067865101 6.093503853 -0.007564238 0.018236402 0.793018014 0.608878187
1317401484.595566034 559.861865345 -51.061682216 6.070939410 -0.007286825 0.018901424 0.793003631 0.608880020
1317401484.699510098 559.593632194 -50.078647593 6.051555779 -0.007221748 0.018767235 0.792923032 0.608989904
1317401484.803430080 559.316557537 -49.065158465 6.021513555 -0.007122618 0.018656789 0.792632447 0.609372625
1317401484.907372952 559.043511578 -48.067346579 6.001398124 -0.006976688 0.019326009 0.792412611 0.609639308
1317401485.011338949 558.766877637 -47.072265137 5.977288935 -0.007469769 0.019374090 0.792093316 0.610046741
1317401485.115304947 558.491616048 -46.074676398 5.961659893 -0.007721352 0.019654824 0.791772190 0.610451364
1317401485.219247103 558.227497118 -45.085957371 5.944649185 -0.007197486 0.019981965 0.791387757 0.610945444
1317401485.323191881 557.963745776 -44.101900929 5.919356727 -0.006955375 0.019601296 0.791020212 0.611436371
1317401485.427134037 557.702717130 -43.120177186 5.891957732 -0.007066328 0.019487342 0.790717589 0.611830046
1317401485.531053066 557.440027874 -42.145706921 5.874122592 -0.007340372 0.019654241 0.790479076 0.612129610
1317401485.634994984 557.181516737 -41.168327991 5.848672401 -0.007645419 0.019860000 0.790466728 0.612135181
1317401485.738936901 556.922074209 -40.206300051 5.832047452 -0.007829787 0.019546924 0.790532777 0.612057629
1317401485.842856884 556.670895955 -39.257773877 5.807352700 -0.007111436 0.019686337 0.790605272 0.611968283
1317401485.946774960 556.415479368 -38.308259947 5.791526086 -0.006761976 0.019094289 0.790740571 0.611816176
1317401486.050693035 556.166051068 -37.376167377 5.784113666 -0.007085871 0.017652426 0.790966794 0.611563335
1317401486.154611111 555.927260662 -36.465425721 5.760005652 -0.007266717 0.018496802 0.791160164 0.611286069
1317401486.258506060 555.684455578 -35.581396065 5.742526268 -0.007388520 0.019578622 0.791406683 0.610931707
1317401486.362402916 555.452258819 -34.699810021 5.738907686 -0.007341176 0.019309526 0.791576247 0.610721127
1317401486.466346025 555.230195264 -33.865159260 5.720666745 -0.006351488 0.018615547 0.791752417 0.610525372
1317401486.570264101 554.991604819 -33.001279056 5.695802757 -0.006226267 0.018128178 0.791808265 0.610468897
1317401486.674160242 554.766296941 -32.162815979 5.679056793 -0.006464782 0.018067194 0.791918177 0.610325637
1317401486.778100967 554.549376406 -31.344994325 5.668245916 -0.006444009 0.018260012 0.791843146 0.610417463
1317401486.882041931 554.327899432 -30.539335828 5.654220418 -0.006049654 0.018307953 0.791801521 0.610474055
1317401486.985985041 554.110070690 -29.731380770 5.640067154 -0.005775066 0.018290113 0.791713642 0.610591213
1317401487.089951992 553.908532914 -28.973481307 5.626064030 -0.005712683 0.018333033 0.791659787 0.610660337
1317401487.193895817 553.698585724 -28.198179595 5.610581732 -0.005969808 0.018352176 0.791432681 0.610951610
1317401487.297863007 553.492264815 -27.457693998 5.601554221 -0.006091645 0.018455082 0.790994957 0.611513925
1317401487.401851892 553.293786409 -26.714424207 5.587206338 -0.006151770 0.018297729 0.790106720 0.612665259
1317401487.505867958 553.101477184 -25.990034206 5.578465414 -0.006113486 0.018037235 0.788653810 0.614542474
1317401487.609930992 552.914145514 -25.276246483 5.561913045 -0.006296217 0.017936371 0.786538999 0.617247962
1317401487.713993073 552.731182405 -24.579704706 5.550678108 -0.007070147 0.017943371 0.784165679 0.620251753
1317401487.818081141 552.573015324 -23.890585829 5.542174974 -0.007404830 0.018187988 0.781459456 0.623646923
1317401487.922168016 552.422263776 -23.228507799 5.534323517 -0.007400264 0.018365743 0.778406455 0.627448265
1317401488.026256084 552.276864341 -22.603693844 5.519087552 -0.007272990 0.018225004 0.775130202 0.631496733
1317401488.130342007 552.137886531 -21.963180589 5.513568757 -0.006463900 0.017833844 0.771718332 0.635681514
1317401488.234405041 552.021111542 -21.349553189 5.498600244 -0.005903277 0.017048286 0.768147426 0.640018780
1317401488.338466883 551.898723637 -20.732411271 5.483782262 -0.005740603 0.017175069 0.764444730 0.644434882
1317401488.442504883 551.799326941 -20.135270982 5.473350367 -0.005458618 0.017632970 0.760482356 0.649096193
1317401488.546518087 551.699565796 -19.536577174 5.462634172 -0.004588391 0.018435966 0.756805972 0.653363438
1317401488.650507927 551.613700718 -18.959398190 5.461534602 -0.003822287 0.019174030 0.753265700 0.657425686
1317401488.754476070 551.535600458 -18.376133027 5.453020865 -0.002884618 0.020276194 0.749946239 0.661181665
1317401488.858418941 551.460988814 -17.807882783 5.442130298 -0.002103537 0.021388714 0.746823646 0.664674763
1317401488.962312937 551.391563532 -17.233010146 5.433319209 -0.000816677 0.023228635 0.744124402 0.667636606
1317401489.066205978 551.320595034 -16.684635012 5.423224036 0.000678806 0.025383147 0.741729969 0.670217792
1317401489.170125961 551.274169655 -16.126660210 5.416642963 0.001509965 0.026999963 0.739379115 0.672746048
1317401489.274023056 551.223580380 -15.578943924 5.413550547 0.001972882 0.027978701 0.737254878 0.675032254
1317401489.377918005 551.172086999 -15.034947131 5.395403304 0.002893443 0.029947224 0.735141198 0.677246048
1317401489.481836081 551.119498399 -14.499076498 5.387318480 0.003734333 0.031975014 0.733026155 0.679438231
1317401489.585777044 551.085124415 -13.965725236 5.378401597 0.004638493 0.033293978 0.730763015 0.681803059
1317401489.689718962 551.053316416 -13.441953331 5.368872084 0.005333899 0.033814711 0.728545320 0.684141675
1317401489.793663025 551.018586548 -12.927311303 5.349834778 0.005980166 0.034992860 0.726037075 0.686738598
1317401489.897629023 550.994712521 -12.422190779 5.341046861 0.006949041 0.036238769 0.723115673 0.689740665
1317401490.001596928 550.967268674 -11.931570169 5.335530518 0.007845588 0.037388044 0.720352809 0.692554988
1317401490.105591059 550.951072889 -11.444016696 5.321376672 0.008299199 0.038075270 0.717258608 0.695716527
1317401490.209606886 550.943996643 -10.971419846 5.315000582 0.008318026 0.038712211 0.713952469 0.699073706
1317401490.313617945 550.921748974 -10.489121704 5.295495449 0.008212626 0.039695385 0.710395469 0.702634404
1317401490.417632103 550.883889962 -10.062902254 5.282686615 0.008625013 0.040871943 0.706722599 0.706256513
1317401490.521670103 550.920188829 -9.642836914 5.279780874 0.009599817 0.041475015 0.702285809 0.710621073
1317401490.625734091 550.931823188 -9.194237763 5.267984394 0.010955310 0.041758046 0.697596839 0.715188714
1317401490.729798079 550.927593996 -8.807267261 5.268777618 0.010939207 0.041078691 0.692110276 0.720538854
1317401490.833884001 550.931551336 -8.412267273 5.252049809 0.010951369 0.040312089 0.686308927 0.726109537
1317401490.937994003 550.964248740 -8.026424380 5.244186920 0.011304243 0.038859470 0.679760320 0.732316914
1317401491.042104006 550.980835454 -7.648108959 5.221452274 0.011943621 0.037585651 0.672541627 0.739007732
1317401491.146239996 551.012504322 -7.280087055 5.210024022 0.012255342 0.036997332 0.664519007 0.746254309
1317401491.250421047 551.051039694 -6.905919399 5.195305397 0.011878700 0.037097953 0.655511588 0.754179817
1317401491.354626894 551.112265583 -6.560544525 5.192180735 0.010642205 0.038151114 0.645667426 0.762590854
1317401491.458811045 551.170398242 -6.252070170 5.172541415 0.010274665 0.039356577 0.635517268 0.771014457
1317401491.562947989 551.223901720 -5.967352237 5.171047986 0.011232738 0.040932807 0.625638292 0.778957674
1317401491.667033911 551.279768583 -5.733858714 5.178060014 0.011754190 0.041986505 0.616461036 0.786177310
1317401491.771073103 551.314415334 -5.539233191 5.155767267 0.010868690 0.041053281 0.608410081 0.792485756
1317401491.875065088 551.347302904 -5.374195491 5.160275427 0.010876302 0.040426135 0.601472037 0.797796228
1317401491.979007959 551.386801147 -5.246189626 5.141512041 0.011407323 0.040525172 0.595993841 0.801884609
1317401492.082878113 551.412855465 -5.154686545 5.146045587 0.012552129 0.041848931 0.592123015 0.804662318
1317401492.186674833 551.416709103 -5.102564059 5.142161733 0.013080632 0.041951257 0.589903145 0.806277414
1317401492.290448904 551.419008614 -5.091015817 5.150187817 0.013295704 0.041782788 0.589397403 0.806652418
1317401492.394248962 551.409365103 -5.112607434 5.145691710 0.012762317 0.040172443 0.589855499 0.806407954
1317401492.498096943 551.409309408 -5.110652700 5.144904642 0.013131811 0.037173242 0.589719544 0.806645254
1317401492.601943016 551.409011723 -5.111078290 5.144530663 0.014108288 0.035538672 0.589688398 0.806725202
1317401492.705789089 551.400637123 -5.115005981 5.141399506 0.014647885 0.035750293 0.589858318 0.806581999
1317401492.809659958 551.399083310 -5.111750709 5.140167184 0.014662369 0.036553353 0.589653232 0.806695688
1317401492.913531065 551.399714707 -5.112161128 5.140496848 0.014463216 0.036707010 0.589571711 0.806751888
1317401493.017426014 551.399402987 -5.112927191 5.140515318 0.014198038 0.036633141 0.589584618 0.806750523
1317401493.121320009 551.398426250 -5.111358700 5.137451067 0.013908509 0.036612511 0.589437163 0.806864244
1317401493.225214005 551.399645277 -5.108444817 5.139989503 0.014013279 0.036550734 0.589322905 0.806948689
1317401493.329158068 551.398329652 -5.112044182 5.140140335 0.014108218 0.036561548 0.589285998 0.806973496
1317401493.433100939 551.396437538 -5.109890350 5.138575906 0.013950157 0.036681973 0.589151855 0.807068719
1317401493.537041903 551.396849977 -5.105724565 5.139494756 0.013881062 0.036566198 0.589199173 0.807040621
1317401493.641007900 551.396092815 -5.107627774 5.140293560 0.013974640 0.036546116 0.589168233 0.807062503
1317401493.744998932 551.395786859 -5.113631796 5.138857191 0.013945172 0.036666611 0.589129483 0.807085835
1317401493.848989010 551.397316915 -5.120299194 5.141879413 0.013848245 0.036437604 0.588995106 0.807195944
1317401493.952980995 551.403366303 -5.113614158 5.138415328 0.013948208 0.036192161 0.588261719 0.807739887
1317401494.056997061 551.404163386 -5.098076037 5.137672945 0.014146437 0.036126430 0.587767540 0.808099052
1317401494.161010981 551.405956989 -5.100370301 5.136394983 0.014207279 0.036032016 0.587106251 0.808582771
1317401494.265048981 551.418553697 -5.080959930 5.133570072 0.013941831 0.035874601 0.585772063 0.809561442
1317401494.369113922 551.424527136 -5.066013817 5.130769427 0.013830065 0.035814712 0.584202255 0.810699550
1317401494.473177910 551.427445222 -5.051867536 5.134074922 0.013846268 0.035946167 0.582595354 0.811849005
1317401494.577238083 551.430282469 -5.034046915 5.133222649 0.013821788 0.035811115 0.580265696 0.813522123
1317401494.681324005 551.442863703 -4.994336057 5.130035771 0.013564461 0.035072358 0.577150086 0.815771851
1317401494.785459042 551.460517228 -4.953494315 5.124927833 0.013601177 0.033847221 0.573080668 0.818686705
1317401494.889619112 551.469609889 -4.905847842 5.120314298 0.013741887 0.033060899 0.568015800 0.822238523
1317401494.993776083 551.503668819 -4.836167522 5.114148780 0.013627107 0.032594180 0.561698765 0.826587212
1317401495.097960949 551.535393328 -4.748430940 5.113158189 0.013399885 0.032855403 0.554359197 0.831520803
1317401495.202191114 551.579230203 -4.656914289 5.109994044 0.012891542 0.032990879 0.545953091 0.837066684
1317401495.306421041 551.625844411 -4.543058426 5.105234975 0.012322577 0.033066135 0.536685982 0.843043855
1317401495.410605907 551.677304978 -4.414820573 5.101037553 0.011881073 0.033098080 0.526542079 0.849421448
1317401495.514787912 551.749184864 -4.268599979 5.094352040 0.011336844 0.033274466 0.515683859 0.856057500
1317401495.618972063 551.844051839 -4.104106654 5.087321500 0.010927032 0.033577587 0.504589898 0.862636761
1317401495.723104954 551.957567888 -3.923005467 5.075097185 0.010890360 0.034201532 0.493717913 0.868881049
1317401495.827191114 552.066161638 -3.729484984 5.074390464 0.010790491 0.034679866 0.483238448 0.874735088
1317401495.931231976 552.194680033 -3.519990775 5.068094667 0.010252986 0.034144884 0.473833176 0.879892678
1317401496.035223007 552.332272735 -3.290053021 5.052129292 0.008639109 0.032391256 0.465102990 0.884621603
1317401496.139236927 552.476973353 -3.056953229 5.029665093 0.006522022 0.030181363 0.456078282 0.889403817
1317401496.243321896 552.661632052 -2.816387258 5.012731358 0.004726705 0.029729302 0.445424268 0.894813415
1317401496.347433329 552.857482678 -2.539434636 4.990749554 0.002319879 0.029889719 0.433541470 0.900634785
1317401496.451543093 553.073988780 -2.261037939 4.966651557 0.000583440 0.029352186 0.420627185 0.906758446
1317401496.555676937 553.324761159 -1.966685948 4.946503775 0.000247561 0.028779105 0.406491329 0.913201238
1317401496.659858942 553.605225319 -1.669379418 4.924881611 0.000533031 0.028018717 0.391613818 0.919702824
1317401496.764044046 553.915205623 -1.364118420 4.906706292 0.001133536 0.026792078 0.375749510 0.926333204
1317401496.868226051 554.250151692 -1.036750325 4.885108854 0.001057661 0.025467303 0.359035180 0.932975904
1317401496.972409964 554.596063369 -0.720155682 4.858647613 -0.000000842 0.024639379 0.341656095 0.939502003
1317401497.076545954 554.986718649 -0.387212720 4.832027908 -0.001401859 0.023795911 0.324201467 0.945687685
1317401497.180632114 555.403985650 -0.047550832 4.792522293 -0.002883074 0.023158524 0.307490467 0.951264939
1317401497.284668922 555.858251529 0.277449670 4.766724326 -0.002858711 0.023797910 0.291798560 0.956179422
1317401497.388683081 556.322231245 0.592028041 4.740584128 -0.002028937 0.025107970 0.277075680 0.960517850
1317401497.492650986 556.820788537 0.914611681 4.721858691 -0.001860556 0.026327046 0.263376689 0.964331968
1317401497.596546888 557.323784783 1.228049572 4.678003542 -0.002183407 0.027917170 0.251151286 0.967542710
1317401497.700417995 557.861842743 1.541803385 4.663905248 -0.002511237 0.027810845 0.239883859 0.970399910
1317401497.804287910 558.430007922 1.853205374 4.638333104 -0.002898399 0.025590368 0.229467801 0.972975468
1317401497.908158064 559.008471233 2.147269408 4.597428612 -0.003140540 0.023991790 0.219449575 0.975323749
1317401498.012026072 559.616575629 2.434809012 4.566209291 -0.003116106 0.023625670 0.209258350 0.977569977
1317401498.115920782 560.248335493 2.713000452 4.522242360 -0.003575754 0.023985680 0.199167439 0.979665367
1317401498.219816923 560.892302733 2.995359902 4.482247210 -0.004274537 0.025593469 0.188996551 0.981634864
1317401498.323713064 561.558335024 3.266225023 4.458596546 -0.004582287 0.025283625 0.179229049 0.983471753
1317401498.427582979 562.259304007 3.536465980 4.433953444 -0.003644792 0.022124963 0.170513512 0.985100169
1317401498.531403065 562.972394706 3.805282739 4.399403642 -0.002741369 0.019966405 0.163131718 0.986398434
1317401498.635179043 563.707592414 4.075182141 4.353503515 -0.003085595 0.020516189 0.157585865 0.987287324
1317401498.738918066 564.469365558 4.339501377 4.312523916 -0.004104350 0.022256066 0.153574518 0.987877872
1317401498.842622042 565.227196754 4.592921620 4.278922480 -0.004348799 0.023810057 0.150499140 0.988313805
1317401498.946312904 566.016377155 4.842758574 4.250840907 -0.004256933 0.024002859 0.148416139 0.988624494
1317401499.050019026 566.817565434 5.087896465 4.211711021 -0.004335632 0.024209865 0.146989551 0.988832219
1317401499.153722048 567.642618337 5.350598192 4.175382617 -0.004438085 0.024148738 0.145569536 0.989043301
1317401499.257446051 568.474257442 5.592205451 4.131466497 -0.004835122 0.023820205 0.144164607 0.989255167
1317401499.361196995 569.322634020 5.856923904 4.091707236 -0.005250957 0.024000712 0.142757831 0.989452674
1317401499.464971066 570.173077567 6.120549382 4.050554318 -0.006192379 0.025226176 0.141412241 0.989609960
1317401499.568769932 571.051952689 6.386707294 4.003410617 -0.006851070 0.026432332 0.139986278 0.989776862
1317401499.672569036 571.929159729 6.631837049 3.968792389 -0.006731807 0.026966397 0.138330859 0.989995995
