[INFO] [1789104761.208126780] [lidar_inertial_odometer]: lidar_inertial_odometer ready (point-to-point ICP)
[INFO] [1789104761.208203779] [lidar_inertial_odometer]:   topics : lidar='/points_raw' imu='/imu_raw'
[INFO] [1789104761.208211864] [lidar_inertial_odometer]:   frames : odom -> imu_link -> velodyne
[INFO] [1789104761.208217803] [lidar_inertial_odometer]:   ring   : selection=all band=[31,63] -> 33/64 ch (dropped 0 above + 31 below)
[INFO] [1789104761.208224988] [lidar_inertial_odometer]:   input  : voxelized points (no normal estimation)
[INFO] [1789104766.731897408] [lidar_inertial_odometer]: static TF imu_link -> velodyne : t=[0.8105 -0.3071 0.8027]
[INFO] [1789104775.163692964] [lidar_inertial_odometer]: odometer initialized (t=1317400964.327)
[lio] initialized at t=1317400964.326695 | |a|=9.843 m/s^2
[lio] t=1317400964.327 | feat 5727/76972 | map      0 | icp REJ iter  0 corr     0 rms 0.0000    0.00 ms | p=(    0.00     0.00  -0.00) v=0.00 m/s [KF]
[lio] t=1317400964.431 | feat 5844/78053 | map   4296 | icp ok  iter 13 corr  5727 rms 0.3897  116.31 ms | p=(    0.53    -0.24   0.04) v=3.82 m/s
[lio] t=1317400964.535 | feat 5824/80188 | map   4296 | icp ok  iter 24 corr  5713 rms 0.4915  149.11 ms | p=(    1.15    -0.52   0.09) v=5.50 m/s [KF]
[lio] t=1317400964.639 | feat 5785/81867 | map   6273 | icp ok  iter  4 corr  5767 rms 0.3603   27.10 ms | p=(    1.69    -0.77   0.13) v=5.66 m/s
[lio] t=1317400964.743 | feat 5719/81418 | map   6273 | icp ok  iter 15 corr  5647 rms 0.3935   96.05 ms | p=(    2.36    -1.08   0.18) v=6.61 m/s [KF]
[lio] t=1317400964.847 | feat 5575/81365 | map   7664 | icp ok  iter 12 corr  5574 rms 0.2942   66.88 ms | p=(    2.92    -1.36   0.22) v=6.32 m/s
[lio] t=1317400964.951 | feat 5517/81323 | map   7664 | icp ok  iter 10 corr  5510 rms 0.3628   64.95 ms | p=(    3.57    -1.68   0.28) v=6.80 m/s [KF]
[lio] t=1317400965.055 | feat 5469/81293 | map   8675 | icp ok  iter  8 corr  5466 rms 0.2863   46.29 ms | p=(    4.19    -1.98   0.32) v=6.75 m/s
[lio] t=1317400965.159 | feat 5331/81172 | map   8675 | icp ok  iter 11 corr  5305 rms 0.3561   58.07 ms | p=(    4.86    -2.31   0.38) v=7.05 m/s [KF]
[lio] t=1317400965.263 | feat 5426/81003 | map   9570 | icp ok  iter 10 corr  5345 rms 0.3023   53.31 ms | p=(    5.50    -2.63   0.43) v=7.01 m/s
[lio] t=1317400965.367 | feat 5669/80889 | map   9570 | icp ok  iter  9 corr  5415 rms 0.4583   53.25 ms | p=(    6.20    -2.98   0.49) v=7.38 m/s [KF]
[lio] t=1317400965.470 | feat 5979/81085 | map  10657 | icp ok  iter  7 corr  5860 rms 0.4158   45.32 ms | p=(    6.90    -3.33   0.53) v=7.54 m/s
[lio] t=1317400965.574 | feat 6307/80554 | map  10657 | icp ok  iter  8 corr  5997 rms 0.5476   47.13 ms | p=(    7.59    -3.67   0.58) v=7.55 m/s [KF]
[lio] t=1317400965.678 | feat 6429/80643 | map  12089 | icp ok  iter  7 corr  6423 rms 0.3112   47.85 ms | p=(    8.32    -4.02   0.64) v=7.76 m/s
[lio] t=1317400965.782 | feat 6461/80678 | map  12089 | icp ok  iter 10 corr  6427 rms 0.4232   61.47 ms | p=(    9.08    -4.38   0.70) v=8.01 m/s [KF]
[lio] t=1317400965.885 | feat 6463/80656 | map  13279 | icp ok  iter  7 corr  6453 rms 0.3194   50.98 ms | p=(    9.81    -4.70   0.75) v=7.89 m/s
[lio] t=1317400965.989 | feat 6531/80261 | map  13279 | icp ok  iter  9 corr  6509 rms 0.4087   56.31 ms | p=(   10.57    -5.05   0.81) v=8.00 m/s [KF]
[lio] t=1317400966.093 | feat 6604/79712 | map  14487 | icp ok  iter  8 corr  6601 rms 0.2744   51.31 ms | p=(   11.34    -5.39   0.87) v=8.02 m/s
[lio] t=1317400966.197 | feat 6521/79151 | map  14487 | icp ok  iter  7 corr  6509 rms 0.3494   43.42 ms | p=(   12.10    -5.71   0.92) v=7.96 m/s [KF]
[lio] t=1317400966.301 | feat 6336/78420 | map  15495 | icp ok  iter 10 corr  6333 rms 0.2594   60.74 ms | p=(   12.88    -6.03   0.98) v=7.99 m/s
[lio] t=1317400966.405 | feat 6191/78551 | map  15495 | icp ok  iter  6 corr  6160 rms 0.3371   39.15 ms | p=(   13.64    -6.36   1.03) v=7.90 m/s [KF]
[lio] t=1317400966.509 | feat 6107/79024 | map  16385 | icp ok  iter  9 corr  6092 rms 0.3057   57.91 ms | p=(   14.42    -6.68   1.09) v=7.98 m/s
[lio] t=1317400966.613 | feat 5853/78883 | map  16385 | icp ok  iter  9 corr  5841 rms 0.3434   50.59 ms | p=(   15.17    -6.98   1.14) v=7.80 m/s [KF]
[lio] t=1317400966.716 | feat 5622/78457 | map  17120 | icp ok  iter 10 corr  5612 rms 0.2633   59.55 ms | p=(   15.94    -7.29   1.19) v=7.89 m/s
[lio] t=1317400966.820 | feat 5419/77923 | map  17120 | icp ok  iter 11 corr  5400 rms 0.2871   56.71 ms | p=(   16.68    -7.58   1.24) v=7.70 m/s [KF]
[lio] t=1317400966.924 | feat 5357/77441 | map  17649 | icp ok  iter 10 corr  5357 rms 0.2388   60.23 ms | p=(   17.46    -7.90   1.30) v=7.88 m/s
[lio] t=1317400967.028 | feat 5323/77388 | map  17649 | icp ok  iter 10 corr  5319 rms 0.2920   53.54 ms | p=(   18.20    -8.18   1.35) v=7.63 m/s [KF]
[lio] t=1317400967.132 | feat 5310/77808 | map  18144 | icp ok  iter  7 corr  5299 rms 0.2719   44.03 ms | p=(   18.97    -8.49   1.40) v=7.76 m/s
[lio] t=1317400967.236 | feat 5281/77433 | map  18144 | icp ok  iter  2 corr  5235 rms 0.2682   14.06 ms | p=(   19.71    -8.77   1.45) v=7.58 m/s [KF]
[lio] t=1317400967.340 | feat 5305/77000 | map  18596 | icp ok  iter 10 corr  5303 rms 0.2504   52.18 ms | p=(   20.45    -9.06   1.50) v=7.51 m/s
[lio] t=1317400967.444 | feat 5371/76812 | map  18596 | icp ok  iter  8 corr  5366 rms 0.3182   40.95 ms | p=(   21.18    -9.34   1.55) v=7.41 m/s [KF]
[lio] t=1317400967.548 | feat 5336/76470 | map  19074 | icp ok  iter  8 corr  5334 rms 0.2597   41.76 ms | p=(   21.90    -9.62   1.61) v=7.31 m/s
[lio] t=1317400967.652 | feat 5394/76691 | map  19074 | icp ok  iter  6 corr  5379 rms 0.3267   30.39 ms | p=(   22.59    -9.89   1.65) v=7.07 m/s [KF]
[lio] t=1317400967.756 | feat 5378/76994 | map  19637 | icp ok  iter  7 corr  5357 rms 0.2522   43.95 ms | p=(   23.29   -10.15   1.70) v=7.03 m/s
[lio] t=1317400967.860 | feat 5523/77461 | map  19637 | icp ok  iter 12 corr  5495 rms 0.3165   58.23 ms | p=(   23.98   -10.42   1.75) v=6.88 m/s [KF]
[lio] t=1317400967.964 | feat 5533/77642 | map  20111 | icp ok  iter  7 corr  5515 rms 0.2930   37.14 ms | p=(   24.63   -10.67   1.80) v=6.65 m/s
[lio] t=1317400968.068 | feat 5685/78089 | map  20111 | icp ok  iter 15 corr  5671 rms 0.4056   82.72 ms | p=(   25.32   -10.93   1.84) v=6.84 m/s [KF]
[lio] t=1317400968.172 | feat 5645/78293 | map  20685 | icp ok  iter 12 corr  5633 rms 0.2859   71.02 ms | p=(   25.94   -11.16   1.89) v=6.39 m/s
[lio] t=1317400968.276 | feat 5679/78268 | map  20685 | icp ok  iter 13 corr  5649 rms 0.4198   78.31 ms | p=(   26.62   -11.42   1.93) v=6.66 m/s [KF]
[lio] t=1317400968.380 | feat 5596/78614 | map  21366 | icp ok  iter 13 corr  5594 rms 0.2689   73.91 ms | p=(   27.20   -11.65   1.97) v=6.10 m/s
[lio] t=1317400968.484 | feat 5485/78757 | map  21366 | icp ok  iter 14 corr  5464 rms 0.3432   81.85 ms | p=(   27.83   -11.92   2.02) v=6.27 m/s [KF]
[lio] t=1317400968.588 | feat 5539/79133 | map  21891 | icp ok  iter 11 corr  5533 rms 0.2798   63.57 ms | p=(   28.38   -12.14   2.06) v=5.77 m/s
[lio] t=1317400968.693 | feat 5479/79245 | map  21891 | icp ok  iter  9 corr  5408 rms 0.3200   55.80 ms | p=(   28.95   -12.39   2.10) v=5.79 m/s [KF]
[lio] t=1317400968.797 | feat 5659/79053 | map  22399 | icp ok  iter  8 corr  5657 rms 0.2629   47.26 ms | p=(   29.51   -12.63   2.15) v=5.67 m/s
[lio] t=1317400968.901 | feat 5646/78925 | map  22399 | icp ok  iter 12 corr  5614 rms 0.3366   68.53 ms | p=(   30.06   -12.89   2.19) v=5.70 m/s [KF]
[lio] t=1317400969.005 | feat 5653/79206 | map  22882 | icp ok  iter  5 corr  5645 rms 0.2656   28.01 ms | p=(   30.59   -13.13   2.23) v=5.53 m/s
[lio] t=1317400969.109 | feat 5795/79611 | map  22882 | icp ok  iter 10 corr  5773 rms 0.3889   57.22 ms | p=(   31.13   -13.39   2.27) v=5.53 m/s [KF]
[lio] t=1317400969.213 | feat 5887/80113 | map  23410 | icp ok  iter 10 corr  5877 rms 0.2858   55.67 ms | p=(   31.64   -13.64   2.30) v=5.37 m/s
[lio] t=1317400969.317 | feat 6026/80384 | map  23410 | icp ok  iter  9 corr  5936 rms 0.4162   55.93 ms | p=(   32.15   -13.90   2.35) v=5.33 m/s [KF]
[lio] t=1317400969.421 | feat 6094/80965 | map  24076 | icp ok  iter  7 corr  6079 rms 0.3070   41.99 ms | p=(   32.63   -14.14   2.38) v=5.10 m/s
[lio] t=1317400969.526 | feat 6073/81270 | map  24076 | icp ok  iter 16 corr  6059 rms 0.3278   98.40 ms | p=(   33.10   -14.41   2.43) v=5.08 m/s [KF]
[lio] t=1317400969.630 | feat 6025/81556 | map  24132 | icp ok  iter  5 corr  6024 rms 0.2271   36.86 ms | p=(   33.55   -14.68   2.45) v=4.96 m/s
[lio] t=1317400969.734 | feat 6107/81541 | map  24132 | icp ok  iter 10 corr  6106 rms 0.2755   62.00 ms | p=(   33.99   -14.95   2.50) v=4.83 m/s [KF]
[lio] t=1317400969.838 | feat 6066/81548 | map  23970 | icp ok  iter 10 corr  6063 rms 0.2368   62.46 ms | p=(   34.42   -15.23   2.53) v=4.76 m/s
[lio] t=1317400969.943 | feat 6168/81537 | map  23970 | icp ok  iter  8 corr  6165 rms 0.2452   51.54 ms | p=(   34.83   -15.51   2.57) v=4.63 m/s [KF]
[lio] t=1317400970.047 | feat 6335/81319 | map  23668 | icp ok  iter  9 corr  6333 rms 0.2529   56.69 ms | p=(   35.21   -15.80   2.60) v=4.48 m/s
[lio] t=1317400970.151 | feat 6579/81139 | map  23668 | icp ok  iter 11 corr  6546 rms 0.3472   72.28 ms | p=(   35.59   -16.08   2.65) v=4.42 m/s
[lio] t=1317400970.255 | feat 6815/80764 | map  23668 | icp ok  iter  9 corr  6755 rms 0.3999   64.28 ms | p=(   35.94   -16.38   2.68) v=4.29 m/s [KF]
[lio] t=1317400970.360 | feat 7007/80570 | map  23792 | icp ok  iter 13 corr  6996 rms 0.2515   85.94 ms | p=(   36.28   -16.68   2.70) v=4.21 m/s
[lio] t=1317400970.464 | feat 7101/80497 | map  23792 | icp ok  iter  9 corr  7069 rms 0.3136   69.07 ms | p=(   36.62   -16.98   2.75) v=4.15 m/s
[lio] t=1317400970.568 | feat 7117/80493 | map  23792 | icp ok  iter  9 corr  7069 rms 0.3616   67.14 ms | p=(   36.92   -17.29   2.79) v=4.05 m/s [KF]
[lio] t=1317400970.672 | feat 7283/80554 | map  24090 | icp ok  iter  6 corr  7281 rms 0.2337   44.32 ms | p=(   37.19   -17.58   2.82) v=3.79 m/s
[lio] t=1317400970.777 | feat 7334/80640 | map  24090 | icp ok  iter 11 corr  7329 rms 0.3051   85.27 ms | p=(   37.47   -17.91   2.86) v=3.89 m/s
[lio] t=1317400970.881 | feat 7382/80701 | map  24090 | icp ok  iter  6 corr  7364 rms 0.3786   42.52 ms | p=(   37.71   -18.23   2.89) v=3.76 m/s [KF]
[lio] t=1317400970.985 | feat 7422/80659 | map  24272 | icp ok  iter  7 corr  7421 rms 0.2699   54.35 ms | p=(   37.94   -18.55   2.92) v=3.68 m/s
[lio] t=1317400971.089 | feat 7516/80445 | map  24272 | icp ok  iter 20 corr  7510 rms 0.2747  149.62 ms | p=(   38.15   -18.88   2.96) v=3.63 m/s
[lio] t=1317400971.194 | feat 7472/80351 | map  24272 | icp ok  iter 11 corr  7455 rms 0.3171   83.50 ms | p=(   38.34   -19.22   2.99) v=3.65 m/s [KF]
[lio] t=1317400971.298 | feat 7599/80280 | map  24169 | icp ok  iter 12 corr  7579 rms 0.2911   95.23 ms | p=(   38.51   -19.56   3.04) v=3.57 m/s
[lio] t=1317400971.402 | feat 7639/80134 | map  24169 | icp ok  iter 13 corr  7621 rms 0.2970  104.23 ms | p=(   38.67   -19.90   3.06) v=3.54 m/s
[lio] t=1317400971.506 | feat 7659/80110 | map  24169 | icp ok  iter 10 corr  7640 rms 0.3419   75.59 ms | p=(   38.80   -20.24   3.08) v=3.46 m/s [KF]
[lio] t=1317400971.610 | feat 7669/79793 | map  24233 | icp ok  iter 10 corr  7661 rms 0.2627   81.45 ms | p=(   38.92   -20.59   3.11) v=3.44 m/s
[lio] t=1317400971.715 | feat 7641/79580 | map  24233 | icp ok  iter 19 corr  7635 rms 0.2992  137.50 ms | p=(   39.03   -20.95   3.15) v=3.53 m/s
[lio] t=1317400971.819 | feat 7659/79608 | map  24233 | icp ok  iter 10 corr  7646 rms 0.3274   73.83 ms | p=(   39.12   -21.32   3.17) v=3.60 m/s [KF]
[lio] t=1317400971.923 | feat 7529/79475 | map  24117 | icp ok  iter  7 corr  7526 rms 0.2376   57.76 ms | p=(   39.18   -21.69   3.20) v=3.65 m/s
[lio] t=1317400972.027 | feat 7278/79593 | map  24117 | icp ok  iter 11 corr  7275 rms 0.2705   87.19 ms | p=(   39.24   -22.10   3.22) v=3.88 m/s
[lio] t=1317400972.131 | feat 7154/80218 | map  24117 | icp ok  iter  9 corr  7151 rms 0.3109   65.74 ms | p=(   39.28   -22.51   3.22) v=3.96 m/s [KF]
[lio] t=1317400972.235 | feat 7051/80671 | map  23868 | icp ok  iter 14 corr  7051 rms 0.2437  103.83 ms | p=(   39.30   -22.94   3.23) v=4.12 m/s
[lio] t=1317400972.340 | feat 6686/80944 | map  23868 | icp ok  iter  8 corr  6684 rms 0.2497   55.59 ms | p=(   39.29   -23.39   3.26) v=4.32 m/s
[lio] t=1317400972.444 | feat 6478/80887 | map  23868 | icp ok  iter 13 corr  6470 rms 0.2770   85.58 ms | p=(   39.24   -23.88   3.27) v=4.64 m/s [KF]
[lio] t=1317400972.547 | feat 6176/80988 | map  23348 | icp ok  iter  7 corr  6176 rms 0.2389   50.08 ms | p=(   39.19   -24.35   3.30) v=4.68 m/s
[lio] t=1317400972.651 | feat 5885/81399 | map  23348 | icp ok  iter  5 corr  5885 rms 0.2446   35.31 ms | p=(   39.11   -24.84   3.32) v=4.81 m/s
[lio] t=1317400972.755 | feat 5752/81994 | map  23348 | icp ok  iter  7 corr  5752 rms 0.2711   43.52 ms | p=(   39.01   -25.35   3.34) v=5.04 m/s [KF]
[lio] t=1317400972.859 | feat 5680/82379 | map  23004 | icp ok  iter  9 corr  5679 rms 0.2325   56.13 ms | p=(   38.88   -25.87   3.36) v=5.23 m/s
[lio] t=1317400972.963 | feat 5586/82617 | map  23004 | icp ok  iter  8 corr  5582 rms 0.2546   44.16 ms | p=(   38.75   -26.41   3.38) v=5.38 m/s [KF]
[lio] t=1317400973.067 | feat 5435/82491 | map  22882 | icp ok  iter 11 corr  5433 rms 0.2176   61.23 ms | p=(   38.57   -26.96   3.40) v=5.60 m/s
[lio] t=1317400973.170 | feat 5333/82607 | map  22882 | icp ok  iter  9 corr  5328 rms 0.2425   50.56 ms | p=(   38.40   -27.53   3.41) v=5.81 m/s [KF]
[lio] t=1317400973.274 | feat 5239/82551 | map  22763 | icp ok  iter  5 corr  5236 rms 0.2334   32.17 ms | p=(   38.20   -28.10   3.41) v=5.91 m/s
[lio] t=1317400973.378 | feat 5097/82877 | map  22763 | icp ok  iter  8 corr  5092 rms 0.2529   41.37 ms | p=(   37.97   -28.69   3.42) v=6.13 m/s [KF]
[lio] t=1317400973.481 | feat 5047/83014 | map  22639 | icp ok  iter  7 corr  5047 rms 0.2324   39.06 ms | p=(   37.73   -29.27   3.44) v=6.20 m/s
[lio] t=1317400973.585 | feat 5003/82963 | map  22639 | icp ok  iter 11 corr  5001 rms 0.2668   52.08 ms | p=(   37.47   -29.88   3.45) v=6.45 m/s [KF]
[lio] t=1317400973.689 | feat 5054/82772 | map  22581 | icp ok  iter 10 corr  5053 rms 0.2381   50.05 ms | p=(   37.20   -30.51   3.47) v=6.63 m/s
[lio] t=1317400973.792 | feat 4966/82332 | map  22581 | icp ok  iter 14 corr  4966 rms 0.2948   69.89 ms | p=(   36.89   -31.14   3.48) v=6.83 m/s [KF]
[lio] t=1317400973.896 | feat 5054/81950 | map  22533 | icp ok  iter 10 corr  5053 rms 0.2512   52.20 ms | p=(   36.59   -31.79   3.49) v=6.98 m/s
[lio] t=1317400974.000 | feat 4912/81278 | map  22533 | icp ok  iter 14 corr  4910 rms 0.3047   69.67 ms | p=(   36.26   -32.47   3.51) v=7.24 m/s [KF]
[lio] t=1317400974.104 | feat 4928/81019 | map  22551 | icp ok  iter  9 corr  4926 rms 0.2594   48.12 ms | p=(   35.92   -33.13   3.52) v=7.32 m/s
[lio] t=1317400974.207 | feat 4952/81095 | map  22551 | icp ok  iter 11 corr  4950 rms 0.2935   55.57 ms | p=(   35.57   -33.81   3.54) v=7.45 m/s [KF]
[lio] t=1317400974.311 | feat 4877/81606 | map  22516 | icp ok  iter 12 corr  4871 rms 0.2360   56.08 ms | p=(   35.21   -34.53   3.56) v=7.69 m/s
[lio] t=1317400974.415 | feat 4701/81636 | map  22516 | icp ok  iter 12 corr  4692 rms 0.2679   58.74 ms | p=(   34.87   -35.20   3.58) v=7.50 m/s [KF]
[lio] t=1317400974.518 | feat 4782/81437 | map  22280 | icp ok  iter 10 corr  4779 rms 0.2511   56.66 ms | p=(   34.50   -35.93   3.60) v=7.75 m/s
[lio] t=1317400974.622 | feat 4802/81631 | map  22280 | icp ok  iter  8 corr  4797 rms 0.2817   44.98 ms | p=(   34.16   -36.62   3.62) v=7.58 m/s [KF]
[lio] t=1317400974.726 | feat 4851/81616 | map  22174 | icp ok  iter 11 corr  4846 rms 0.2698   58.36 ms | p=(   33.80   -37.37   3.63) v=7.86 m/s
[lio] t=1317400974.830 | feat 4985/81853 | map  22174 | icp ok  iter 13 corr  4983 rms 0.3351   64.64 ms | p=(   33.45   -38.08   3.66) v=7.67 m/s [KF]
[lio] t=1317400974.933 | feat 4988/81837 | map  22197 | icp ok  iter 13 corr  4984 rms 0.2963   65.37 ms | p=(   33.09   -38.82   3.69) v=7.83 m/s
[lio] t=1317400975.037 | feat 5177/82047 | map  22197 | icp ok  iter 21 corr  5151 rms 0.3810  101.10 ms | p=(   32.73   -39.52   3.70) v=7.66 m/s [KF]
[lio] t=1317400975.141 | feat 5294/82158 | map  22335 | icp ok  iter 11 corr  5294 rms 0.2868   59.51 ms | p=(   32.40   -40.27   3.74) v=7.79 m/s
[lio] t=1317400975.245 | feat 5611/82020 | map  22335 | icp ok  iter 12 corr  5610 rms 0.3833   65.95 ms | p=(   32.05   -40.97   3.77) v=7.64 m/s [KF]
[lio] t=1317400975.349 | feat 5811/81529 | map  22659 | icp ok  iter 11 corr  5791 rms 0.2687   65.89 ms | p=(   31.73   -41.73   3.80) v=7.82 m/s
[lio] t=1317400975.453 | feat 6127/81528 | map  22659 | icp ok  iter  7 corr  5982 rms 0.3685   42.60 ms | p=(   31.40   -42.48   3.81) v=7.84 m/s [KF]
[lio] t=1317400975.556 | feat 6375/81271 | map  23051 | icp ok  iter 10 corr  6192 rms 0.3486   67.32 ms | p=(   31.08   -43.23   3.84) v=7.84 m/s
[lio] t=1317400975.660 | feat 6589/80483 | map  23051 | icp ok  iter  9 corr  6183 rms 0.3992   55.94 ms | p=(   30.74   -43.96   3.85) v=7.78 m/s [KF]
[lio] t=1317400975.764 | feat 6820/79837 | map  23601 | icp ok  iter 10 corr  6789 rms 0.3752   72.90 ms | p=(   30.42   -44.73   3.87) v=7.92 m/s
[lio] t=1317400975.868 | feat 7085/79795 | map  23601 | icp ok  iter 11 corr  7026 rms 0.4932   77.50 ms | p=(   30.10   -45.46   3.88) v=7.79 m/s [KF]
[lio] t=1317400975.972 | feat 7060/78452 | map  24235 | icp ok  iter 10 corr  7049 rms 0.2781   75.29 ms | p=(   29.79   -46.23   3.88) v=7.93 m/s
[lio] t=1317400976.076 | feat 7092/77903 | map  24235 | icp ok  iter  9 corr  7049 rms 0.3430   62.35 ms | p=(   29.46   -46.98   3.90) v=7.87 m/s [KF]
[lio] t=1317400976.180 | feat 7207/77350 | map  24502 | icp ok  iter 14 corr  7192 rms 0.2876   98.05 ms | p=(   29.13   -47.75   3.93) v=7.99 m/s
[lio] t=1317400976.283 | feat 7185/76938 | map  24502 | icp ok  iter  8 corr  7153 rms 0.3551   57.72 ms | p=(   28.81   -48.50   3.97) v=7.95 m/s [KF]
[lio] t=1317400976.387 | feat 7217/76107 | map  24645 | icp ok  iter  9 corr  7209 rms 0.2660   67.13 ms | p=(   28.49   -49.28   3.97) v=8.07 m/s
[lio] t=1317400976.491 | feat 6961/75366 | map  24645 | icp ok  iter  5 corr  6952 rms 0.2970   44.50 ms | p=(   28.16   -50.05   3.99) v=8.11 m/s [KF]
[lio] t=1317400976.595 | feat 6685/76742 | map  24682 | icp ok  iter  7 corr  6674 rms 0.2617   50.40 ms | p=(   27.83   -50.84   4.01) v=8.22 m/s
[lio] t=1317400976.699 | feat 6498/78356 | map  24682 | icp ok  iter  6 corr  6469 rms 0.3171   45.24 ms | p=(   27.49   -51.62   4.04) v=8.18 m/s [KF]
[lio] t=1317400976.803 | feat 6126/79241 | map  24547 | icp ok  iter 11 corr  6122 rms 0.2703   72.99 ms | p=(   27.15   -52.42   4.04) v=8.36 m/s
[lio] t=1317400976.907 | feat 5732/78646 | map  24547 | icp ok  iter 12 corr  5727 rms 0.2989   69.90 ms | p=(   26.82   -53.22   4.07) v=8.37 m/s [KF]
[lio] t=1317400977.011 | feat 5541/78955 | map  24253 | icp ok  iter  5 corr  5539 rms 0.2600   34.85 ms | p=(   26.46   -54.04   4.08) v=8.54 m/s
[lio] t=1317400977.115 | feat 5537/79681 | map  24253 | icp ok  iter 10 corr  5527 rms 0.3099   56.80 ms | p=(   26.11   -54.86   4.13) v=8.63 m/s [KF]
[lio] t=1317400977.219 | feat 5505/80415 | map  23814 | icp ok  iter  8 corr  5504 rms 0.2484   48.13 ms | p=(   25.75   -55.69   4.15) v=8.75 m/s
[lio] t=1317400977.323 | feat 5450/80958 | map  23814 | icp ok  iter  8 corr  5445 rms 0.2931   49.26 ms | p=(   25.39   -56.53   4.16) v=8.81 m/s [KF]
[lio] t=1317400977.427 | feat 5468/81049 | map  22989 | icp ok  iter 10 corr  5461 rms 0.2620   58.78 ms | p=(   25.03   -57.39   4.19) v=8.94 m/s
[lio] t=1317400977.530 | feat 5508/81119 | map  22989 | icp ok  iter 10 corr  5492 rms 0.3086   58.09 ms | p=(   24.66   -58.23   4.24) v=8.93 m/s [KF]
[lio] t=1317400977.634 | feat 5505/81021 | map  22427 | icp ok  iter  9 corr  5497 rms 0.2685   48.08 ms | p=(   24.28   -59.10   4.26) v=9.09 m/s
[lio] t=1317400977.738 | feat 5611/81292 | map  22427 | icp ok  iter  9 corr  5608 rms 0.3245   52.74 ms | p=(   23.89   -59.98   4.30) v=9.24 m/s [KF]
[lio] t=1317400977.842 | feat 5720/81766 | map  22001 | icp ok  iter  9 corr  5710 rms 0.2841   55.49 ms | p=(   23.50   -60.86   4.32) v=9.37 m/s
[lio] t=1317400977.946 | feat 5900/82049 | map  22001 | icp ok  iter  4 corr  5845 rms 0.3911   31.12 ms | p=(   23.11   -61.75   4.35) v=9.41 m/s [KF]
[lio] t=1317400978.050 | feat 6149/81764 | map  22182 | icp ok  iter 10 corr  6109 rms 0.3391   64.97 ms | p=(   22.71   -62.65   4.39) v=9.51 m/s
[lio] t=1317400978.154 | feat 6392/82114 | map  22182 | icp ok  iter 10 corr  6243 rms 0.4168   68.84 ms | p=(   22.31   -63.57   4.42) v=9.59 m/s [KF]
[lio] t=1317400978.258 | feat 6499/81807 | map  22521 | icp ok  iter  5 corr  6439 rms 0.3467   39.56 ms | p=(   21.91   -64.48   4.46) v=9.62 m/s
[lio] t=1317400978.362 | feat 6651/80786 | map  22521 | icp ok  iter 11 corr  6456 rms 0.4424   76.62 ms | p=(   21.51   -65.40   4.49) v=9.73 m/s [KF]
[lio] t=1317400978.465 | feat 6729/80586 | map  23110 | icp ok  iter  8 corr  6715 rms 0.3098   62.55 ms | p=(   21.11   -66.32   4.51) v=9.72 m/s [KF]
[lio] t=1317400978.569 | feat 6849/80613 | map  23335 | icp ok  iter 13 corr  6817 rms 0.3164   96.83 ms | p=(   20.70   -67.26   4.53) v=9.85 m/s [KF]
[lio] t=1317400978.673 | feat 6954/81103 | map  23545 | icp ok  iter 13 corr  6911 rms 0.3041   86.99 ms | p=(   20.30   -68.19   4.54) v=9.79 m/s [KF]
[lio] t=1317400978.777 | feat 6764/81411 | map  23825 | icp ok  iter 10 corr  6758 rms 0.2938   76.81 ms | p=(   19.88   -69.13   4.58) v=9.91 m/s [KF]
[lio] t=1317400978.881 | feat 6756/82079 | map  23934 | icp ok  iter  8 corr  6753 rms 0.2835   51.72 ms | p=(   19.46   -70.07   4.60) v=9.94 m/s [KF]
[lio] t=1317400978.985 | feat 6602/82146 | map  24087 | icp ok  iter 11 corr  6590 rms 0.2641   73.05 ms | p=(   19.03   -71.03   4.63) v=10.07 m/s [KF]
[lio] t=1317400979.089 | feat 6425/82277 | map  24256 | icp ok  iter 12 corr  6403 rms 0.2788   84.56 ms | p=(   18.61   -71.99   4.64) v=10.14 m/s [KF]
[lio] t=1317400979.192 | feat 6362/82787 | map  24439 | icp ok  iter 10 corr  6348 rms 0.2901   65.45 ms | p=(   18.17   -72.96   4.66) v=10.24 m/s [KF]
[lio] t=1317400979.296 | feat 6108/82566 | map  24661 | icp ok  iter 12 corr  6107 rms 0.3105   85.17 ms | p=(   17.73   -73.95   4.67) v=10.35 m/s [KF]
[lio] t=1317400979.400 | feat 5878/82674 | map  24778 | icp ok  iter  7 corr  5877 rms 0.2810   43.13 ms | p=(   17.28   -74.92   4.71) v=10.32 m/s [KF]
[lio] t=1317400979.504 | feat 5718/83015 | map  24681 | icp ok  iter  8 corr  5711 rms 0.2878   48.62 ms | p=(   16.85   -75.89   4.72) v=10.23 m/s [KF]
[lio] t=1317400979.608 | feat 5720/83449 | map  24489 | icp ok  iter 20 corr  5719 rms 0.2724  134.29 ms | p=(   16.40   -76.86   4.76) v=10.24 m/s [KF]
[lio] t=1317400979.712 | feat 5704/83157 | map  24165 | icp ok  iter 12 corr  5638 rms 0.2540   68.89 ms | p=(   15.95   -77.83   4.77) v=10.28 m/s [KF]
[lio] t=1317400979.816 | feat 5720/82993 | map  23624 | icp ok  iter 10 corr  5684 rms 0.3010   57.74 ms | p=(   15.50   -78.80   4.80) v=10.26 m/s [KF]
[lio] t=1317400979.920 | feat 5950/83236 | map  23175 | icp ok  iter 11 corr  5949 rms 0.2742   66.34 ms | p=(   15.04   -79.78   4.82) v=10.35 m/s [KF]
[lio] t=1317400980.024 | feat 6231/83363 | map  22582 | icp ok  iter  8 corr  6230 rms 0.2698   57.09 ms | p=(   14.58   -80.74   4.84) v=10.27 m/s [KF]
[lio] t=1317400980.128 | feat 6163/83446 | map  21950 | icp ok  iter 10 corr  6151 rms 0.2570   66.44 ms | p=(   14.13   -81.71   4.85) v=10.27 m/s [KF]
[lio] t=1317400980.231 | feat 5738/83399 | map  21318 | icp ok  iter 11 corr  5736 rms 0.2527   61.37 ms | p=(   13.67   -82.67   4.87) v=10.25 m/s [KF]
[lio] t=1317400980.335 | feat 5408/83624 | map  20850 | icp ok  iter 12 corr  5378 rms 0.2616   63.09 ms | p=(   13.22   -83.62   4.88) v=10.17 m/s [KF]
[lio] t=1317400980.439 | feat 5398/83713 | map  20267 | icp ok  iter 11 corr  5290 rms 0.2773   56.06 ms | p=(   12.77   -84.59   4.89) v=10.23 m/s [KF]
[lio] t=1317400980.543 | feat 5489/83908 | map  20145 | icp ok  iter 12 corr  5422 rms 0.4147   61.70 ms | p=(   12.31   -85.56   4.89) v=10.32 m/s [KF]
[lio] t=1317400980.646 | feat 5756/84216 | map  20276 | icp ok  iter 13 corr  5713 rms 0.4337   72.22 ms | p=(   11.87   -86.55   4.90) v=10.40 m/s [KF]
[lio] t=1317400980.750 | feat 5976/84073 | map  20413 | icp ok  iter 15 corr  5927 rms 0.3936   93.53 ms | p=(   11.42   -87.53   4.92) v=10.37 m/s [KF]
[lio] t=1317400980.854 | feat 5971/84139 | map  20567 | icp ok  iter  8 corr  5967 rms 0.2722   49.81 ms | p=(   10.99   -88.51   4.96) v=10.32 m/s [KF]
[lio] t=1317400980.958 | feat 5936/83934 | map  20494 | icp ok  iter 12 corr  5935 rms 0.2515   71.84 ms | p=(   10.57   -89.48   4.96) v=10.25 m/s [KF]
[lio] t=1317400981.062 | feat 5887/83960 | map  20444 | icp ok  iter 11 corr  5880 rms 0.2538   59.28 ms | p=(   10.13   -90.46   4.97) v=10.30 m/s [KF]
[lio] t=1317400981.165 | feat 5826/84121 | map  20307 | icp ok  iter  6 corr  5820 rms 0.2511   37.11 ms | p=(    9.71   -91.44   5.00) v=10.27 m/s [KF]
[lio] t=1317400981.269 | feat 5843/84161 | map  20254 | icp ok  iter  9 corr  5839 rms 0.2690   55.99 ms | p=(    9.27   -92.44   5.02) v=10.38 m/s [KF]
[lio] t=1317400981.373 | feat 5667/84175 | map  20114 | icp ok  iter 10 corr  5648 rms 0.2942   59.35 ms | p=(    8.86   -93.43   5.05) v=10.38 m/s [KF]
[lio] t=1317400981.477 | feat 5327/84164 | map  20002 | icp ok  iter  6 corr  5296 rms 0.2694   38.63 ms | p=(    8.43   -94.42   5.07) v=10.38 m/s [KF]
[lio] t=1317400981.580 | feat 5144/84240 | map  19791 | icp ok  iter  9 corr  5102 rms 0.2726   47.64 ms | p=(    8.01   -95.41   5.09) v=10.36 m/s [KF]
[lio] t=1317400981.684 | feat 5039/84411 | map  19566 | icp ok  iter 15 corr  5022 rms 0.3134   71.12 ms | p=(    7.59   -96.42   5.11) v=10.51 m/s [KF]
[lio] t=1317400981.788 | feat 5082/84639 | map  19375 | icp ok  iter 11 corr  5060 rms 0.2966   56.40 ms | p=(    7.17   -97.42   5.13) v=10.43 m/s [KF]
[lio] t=1317400981.892 | feat 5148/84825 | map  19184 | icp ok  iter 13 corr  5133 rms 0.2950   70.95 ms | p=(    6.75   -98.42   5.16) v=10.46 m/s [KF]
[lio] t=1317400981.995 | feat 5294/85075 | map  19015 | icp ok  iter 13 corr  5272 rms 0.2999   73.55 ms | p=(    6.35   -99.41   5.21) v=10.34 m/s [KF]
[lio] t=1317400982.099 | feat 5647/84757 | map  19045 | icp ok  iter 18 corr  5503 rms 0.3340  101.50 ms | p=(    5.94  -100.44   5.25) v=10.54 m/s [KF]
[lio] t=1317400982.203 | feat 5760/84431 | map  19236 | icp ok  iter 13 corr  5721 rms 0.3382   79.17 ms | p=(    5.53  -101.44   5.27) v=10.45 m/s [KF]
[lio] t=1317400982.307 | feat 5727/84582 | map  19466 | icp ok  iter 11 corr  5711 rms 0.2915   74.44 ms | p=(    5.12  -102.44   5.30) v=10.42 m/s [KF]
[lio] t=1317400982.411 | feat 5753/84889 | map  19556 | icp ok  iter  7 corr  5751 rms 0.2423   38.93 ms | p=(    4.71  -103.44   5.32) v=10.41 m/s [KF]
[lio] t=1317400982.514 | feat 5685/84982 | map  19558 | icp ok  iter 12 corr  5684 rms 0.2389   69.05 ms | p=(    4.30  -104.46   5.34) v=10.48 m/s [KF]
[lio] t=1317400982.618 | feat 5594/84754 | map  19490 | icp ok  iter 14 corr  5591 rms 0.2481   76.21 ms | p=(    3.89  -105.45   5.38) v=10.34 m/s [KF]
[lio] t=1317400982.722 | feat 5530/84578 | map  19315 | icp ok  iter 12 corr  5521 rms 0.2318   69.88 ms | p=(    3.48  -106.44   5.43) v=10.32 m/s [KF]
[lio] t=1317400982.826 | feat 5527/84260 | map  18914 | icp ok  iter  5 corr  5504 rms 0.2544   31.11 ms | p=(    3.08  -107.44   5.44) v=10.30 m/s [KF]
[lio] t=1317400982.930 | feat 5702/83773 | map  18656 | icp ok  iter  9 corr  5571 rms 0.2847   49.62 ms | p=(    2.67  -108.44   5.46) v=10.37 m/s [KF]
[lio] t=1317400983.033 | feat 5879/83352 | map  18734 | icp ok  iter  6 corr  5832 rms 0.2746   38.80 ms | p=(    2.25  -109.43   5.47) v=10.30 m/s [KF]
[lio] t=1317400983.137 | feat 5543/82909 | map  18715 | icp ok  iter 16 corr  5515 rms 0.2762   94.44 ms | p=(    1.84  -110.42   5.53) v=10.26 m/s [KF]
[lio] t=1317400983.241 | feat 5574/82361 | map  18667 | icp ok  iter  7 corr  5570 rms 0.2310   46.26 ms | p=(    1.43  -111.39   5.55) v=10.19 m/s [KF]
[lio] t=1317400983.345 | feat 6020/81890 | map  18545 | icp ok  iter 14 corr  5772 rms 0.3317   99.73 ms | p=(    1.03  -112.38   5.58) v=10.21 m/s [KF]
[lio] t=1317400983.449 | feat 6557/80822 | map  18608 | icp ok  iter 14 corr  6413 rms 0.4537   93.29 ms | p=(    0.61  -113.37   5.61) v=10.28 m/s [KF]
[lio] t=1317400983.552 | feat 6701/79646 | map  19009 | icp ok  iter 10 corr  6696 rms 0.3586   65.22 ms | p=(    0.20  -114.34   5.63) v=10.16 m/s [KF]
[lio] t=1317400983.656 | feat 6522/78598 | map  19353 | icp ok  iter 14 corr  6519 rms 0.2945   94.91 ms | p=(   -0.20  -115.32   5.59) v=10.16 m/s [KF]
[lio] t=1317400983.760 | feat 6086/77715 | map  19674 | icp ok  iter  9 corr  6085 rms 0.2805   56.97 ms | p=(   -0.62  -116.28   5.64) v=10.09 m/s [KF]
[lio] t=1317400983.864 | feat 5820/77998 | map  19925 | icp ok  iter 10 corr  5820 rms 0.2495   71.13 ms | p=(   -1.03  -117.23   5.67) v=9.98 m/s [KF]
[lio] t=1317400983.968 | feat 5659/78967 | map  19804 | icp ok  iter 12 corr  5658 rms 0.2361   73.30 ms | p=(   -1.43  -118.17   5.68) v=9.81 m/s [KF]
[lio] t=1317400984.071 | feat 5579/79223 | map  19494 | icp ok  iter  9 corr  5577 rms 0.2447   65.61 ms | p=(   -1.85  -119.11   5.71) v=9.82 m/s [KF]
[lio] t=1317400984.175 | feat 5568/78857 | map  19273 | icp ok  iter 15 corr  5567 rms 0.2394   89.38 ms | p=(   -2.27  -120.06   5.75) v=9.90 m/s [KF]
[lio] t=1317400984.279 | feat 5680/78374 | map  19146 | icp ok  iter 13 corr  5679 rms 0.2392   88.41 ms | p=(   -2.69  -121.00   5.75) v=9.86 m/s [KF]
[lio] t=1317400984.383 | feat 5653/77706 | map  19194 | icp ok  iter 19 corr  5653 rms 0.2349  114.87 ms | p=(   -3.09  -121.92   5.74) v=9.76 m/s [KF]
[lio] t=1317400984.487 | feat 5475/77144 | map  19282 | icp ok  iter  8 corr  5472 rms 0.2317   43.09 ms | p=(   -3.50  -122.84   5.79) v=9.68 m/s [KF]
[lio] t=1317400984.590 | feat 5357/77449 | map  19328 | icp ok  iter 14 corr  5357 rms 0.2728   85.41 ms | p=(   -3.90  -123.77   5.80) v=9.65 m/s [KF]
[lio] t=1317400984.694 | feat 5361/78077 | map  19403 | icp ok  iter  9 corr  5357 rms 0.3068   45.69 ms | p=(   -4.31  -124.69   5.80) v=9.66 m/s [KF]
[lio] t=1317400984.798 | feat 5292/78316 | map  19481 | icp ok  iter 11 corr  5286 rms 0.3093   65.15 ms | p=(   -4.71  -125.63   5.81) v=9.69 m/s [KF]
[lio] t=1317400984.902 | feat 5278/78580 | map  19416 | icp ok  iter 12 corr  5268 rms 0.2845   73.20 ms | p=(   -5.10  -126.53   5.83) v=9.53 m/s
[lio] t=1317400985.006 | feat 5363/78727 | map  19416 | icp ok  iter 16 corr  5314 rms 0.3245  102.13 ms | p=(   -5.50  -127.45   5.86) v=9.53 m/s [KF]
[lio] t=1317400985.110 | feat 5365/78837 | map  19436 | icp ok  iter 27 corr  5354 rms 0.2908  142.93 ms | p=(   -5.90  -128.36   5.86) v=9.53 m/s
[lio] t=1317400985.214 | feat 5351/78240 | map  19436 | icp ok  iter  7 corr  5294 rms 0.3654   48.05 ms | p=(   -6.30  -129.28   5.89) v=9.55 m/s [KF]
[lio] t=1317400985.317 | feat 5237/77924 | map  19591 | icp ok  iter 10 corr  5220 rms 0.2923   67.89 ms | p=(   -6.69  -130.18   5.87) v=9.42 m/s
[lio] t=1317400985.421 | feat 5475/76197 | map  19591 | icp ok  iter  9 corr  5225 rms 0.3584   57.25 ms | p=(   -7.09  -131.08   5.90) v=9.40 m/s [KF]
[lio] t=1317400985.525 | feat 5851/74861 | map  19959 | icp ok  iter 14 corr  5823 rms 0.4131   90.67 ms | p=(   -7.48  -131.98   5.92) v=9.41 m/s
[lio] t=1317400985.629 | feat 6183/73782 | map  19959 | icp ok  iter 14 corr  6017 rms 0.5090  100.72 ms | p=(   -7.88  -132.87   5.95) v=9.33 m/s [KF]
[lio] t=1317400985.733 | feat 6327/72809 | map  20661 | icp ok  iter 18 corr  6317 rms 0.3694  114.98 ms | p=(   -8.26  -133.76   5.96) v=9.22 m/s
[lio] t=1317400985.837 | feat 6327/73619 | map  20661 | icp ok  iter 14 corr  6268 rms 0.4907  100.51 ms | p=(   -8.64  -134.65   5.98) v=9.18 m/s [KF]
[lio] t=1317400985.941 | feat 6296/74742 | map  21508 | icp ok  iter  9 corr  6290 rms 0.2842   64.27 ms | p=(   -9.01  -135.49   6.00) v=8.87 m/s
[lio] t=1317400986.045 | feat 6196/75735 | map  21508 | icp ok  iter 17 corr  6179 rms 0.3470  121.71 ms | p=(   -9.33  -136.26   6.01) v=8.19 m/s [KF]
[lio] t=1317400986.149 | feat 6150/76591 | map  22013 | icp ok  iter 12 corr  6139 rms 0.2687   81.71 ms | p=(   -9.69  -137.10   6.02) v=8.42 m/s
[lio] t=1317400986.253 | feat 5854/76781 | map  22013 | icp ok  iter 13 corr  5846 rms 0.3399   79.84 ms | p=(  -10.05  -137.92   6.01) v=8.41 m/s [KF]
[lio] t=1317400986.356 | feat 5560/76756 | map  22071 | icp ok  iter 20 corr  5554 rms 0.2650  119.59 ms | p=(  -10.39  -138.68   6.03) v=8.05 m/s
[lio] t=1317400986.460 | feat 5381/75317 | map  22071 | icp ok  iter 13 corr  5371 rms 0.3358   78.16 ms | p=(  -10.72  -139.40   6.04) v=7.66 m/s [KF]
[lio] t=1317400986.564 | feat 4921/71410 | map  22037 | icp ok  iter 12 corr  4918 rms 0.2423   62.84 ms | p=(  -11.07  -140.19   6.05) v=7.87 m/s
[lio] t=1317400986.668 | feat 4635/67216 | map  22037 | icp ok  iter 18 corr  4623 rms 0.2429   88.70 ms | p=(  -11.35  -140.88   6.06) v=7.30 m/s [KF]
[lio] t=1317400986.772 | feat 4413/63593 | map  21961 | icp ok  iter 19 corr  4408 rms 0.2573   93.05 ms | p=(  -11.67  -141.60   6.07) v=7.30 m/s
[lio] t=1317400986.876 | feat 4176/59343 | map  21961 | icp ok  iter 17 corr  4171 rms 0.3488   74.27 ms | p=(  -11.95  -142.27   6.11) v=6.93 m/s [KF]
[lio] t=1317400986.980 | feat 4058/56364 | map  21937 | icp ok  iter 11 corr  4057 rms 0.2406   50.66 ms | p=(  -12.21  -142.91   6.15) v=6.57 m/s
[lio] t=1317400987.084 | feat 4003/54856 | map  21937 | icp ok  iter 10 corr  4002 rms 0.2876   44.10 ms | p=(  -12.47  -143.57   6.16) v=6.51 m/s [KF]
[lio] t=1317400987.188 | feat 4346/56874 | map  21727 | icp ok  iter  9 corr  4345 rms 0.2548   47.72 ms | p=(  -12.73  -144.14   6.16) v=5.98 m/s
[lio] t=1317400987.292 | feat 5015/60088 | map  21727 | icp ok  iter 13 corr  4981 rms 0.3370   67.34 ms | p=(  -12.98  -144.74   6.18) v=5.92 m/s [KF]
[lio] t=1317400987.396 | feat 5662/64037 | map  21607 | icp ok  iter  7 corr  5660 rms 0.2815   44.21 ms | p=(  -13.18  -145.29   6.21) v=5.53 m/s
[lio] t=1317400987.500 | feat 6355/66290 | map  21607 | icp ok  iter  9 corr  6321 rms 0.4216   60.63 ms | p=(  -13.39  -145.83   6.23) v=5.40 m/s [KF]
[lio] t=1317400987.604 | feat 6483/67987 | map  21701 | icp ok  iter  9 corr  6469 rms 0.3031   61.23 ms | p=(  -13.60  -146.33   6.26) v=5.13 m/s
[lio] t=1317400987.708 | feat 6547/70031 | map  21701 | icp ok  iter 10 corr  6524 rms 0.3277   66.94 ms | p=(  -13.79  -146.83   6.27) v=5.04 m/s [KF]
[lio] t=1317400987.812 | feat 6735/72018 | map  21699 | icp ok  iter 11 corr  6733 rms 0.2733   78.52 ms | p=(  -13.99  -147.32   6.29) v=5.03 m/s
[lio] t=1317400987.916 | feat 6963/73836 | map  21699 | icp ok  iter 14 corr  6937 rms 0.3274   95.56 ms | p=(  -14.17  -147.80   6.31) v=4.94 m/s [KF]
[lio] t=1317400988.020 | feat 7183/74555 | map  21835 | icp ok  iter  8 corr  7180 rms 0.2753   57.91 ms | p=(  -14.35  -148.29   6.32) v=4.94 m/s
[lio] t=1317400988.124 | feat 7183/74358 | map  21835 | icp ok  iter 10 corr  7164 rms 0.2999   76.60 ms | p=(  -14.53  -148.78   6.31) v=4.92 m/s [KF]
[lio] t=1317400988.228 | feat 7236/74678 | map  22181 | icp ok  iter 11 corr  7229 rms 0.2766   86.70 ms | p=(  -14.71  -149.27   6.32) v=4.98 m/s
[lio] t=1317400988.332 | feat 7367/75202 | map  22181 | icp ok  iter  7 corr  7341 rms 0.3054   59.83 ms | p=(  -14.91  -149.73   6.37) v=4.83 m/s [KF]
[lio] t=1317400988.437 | feat 7488/75884 | map  22530 | icp ok  iter 11 corr  7480 rms 0.2507   83.18 ms | p=(  -15.10  -150.21   6.38) v=4.83 m/s
[lio] t=1317400988.541 | feat 7597/76360 | map  22530 | icp ok  iter  9 corr  7588 rms 0.2785   74.14 ms | p=(  -15.29  -150.67   6.39) v=4.80 m/s [KF]
[lio] t=1317400988.645 | feat 7597/76885 | map  22937 | icp ok  iter  7 corr  7592 rms 0.2504   58.44 ms | p=(  -15.49  -151.13   6.39) v=4.76 m/s
[lio] t=1317400988.749 | feat 7611/77501 | map  22937 | icp ok  iter 16 corr  7594 rms 0.3133  113.08 ms | p=(  -15.67  -151.59   6.40) v=4.73 m/s
[lio] t=1317400988.853 | feat 7638/77622 | map  22937 | icp ok  iter  8 corr  7607 rms 0.3556   64.91 ms | p=(  -15.86  -152.06   6.41) v=4.76 m/s [KF]
[lio] t=1317400988.957 | feat 7948/77399 | map  23287 | icp ok  iter 10 corr  7939 rms 0.2824   81.84 ms | p=(  -16.04  -152.53   6.42) v=4.79 m/s
[lio] t=1317400989.061 | feat 7991/77294 | map  23287 | icp ok  iter 11 corr  7973 rms 0.3654   82.56 ms | p=(  -16.23  -152.98   6.44) v=4.70 m/s
[lio] t=1317400989.165 | feat 8381/76906 | map  23287 | icp ok  iter  9 corr  8298 rms 0.4384   77.66 ms | p=(  -16.42  -153.44   6.45) v=4.73 m/s [KF]
[lio] t=1317400989.269 | feat 8654/77058 | map  23894 | icp ok  iter  9 corr  8635 rms 0.2952   83.48 ms | p=(  -16.61  -153.90   6.46) v=4.74 m/s
[lio] t=1317400989.373 | feat 8646/77417 | map  23894 | icp ok  iter  7 corr  8616 rms 0.3642   60.26 ms | p=(  -16.80  -154.35   6.47) v=4.68 m/s
[lio] t=1317400989.477 | feat 8789/77690 | map  23894 | icp ok  iter 10 corr  8745 rms 0.4142   87.46 ms | p=(  -16.99  -154.80   6.47) v=4.66 m/s [KF]
[lio] t=1317400989.581 | feat 8754/77867 | map  24509 | icp ok  iter  8 corr  8745 rms 0.2651   75.54 ms | p=(  -17.18  -155.25   6.48) v=4.61 m/s
[lio] t=1317400989.685 | feat 8784/77921 | map  24509 | icp ok  iter  5 corr  8748 rms 0.3046   56.18 ms | p=(  -17.36  -155.68   6.49) v=4.50 m/s
[lio] t=1317400989.789 | feat 8934/78341 | map  24509 | icp ok  iter 10 corr  8891 rms 0.3468   96.24 ms | p=(  -17.55  -156.11   6.50) v=4.44 m/s [KF]
[lio] t=1317400989.893 | feat 9033/78856 | map  25182 | icp ok  iter 12 corr  9026 rms 0.2803  114.04 ms | p=(  -17.73  -156.54   6.50) v=4.41 m/s
[lio] t=1317400989.996 | feat 8835/79329 | map  25182 | icp ok  iter 12 corr  8827 rms 0.3337  116.09 ms | p=(  -17.88  -156.96   6.50) v=4.29 m/s
[lio] t=1317400990.100 | feat 8884/79891 | map  25182 | icp ok  iter 14 corr  8874 rms 0.3774  142.31 ms | p=(  -18.04  -157.38   6.51) v=4.22 m/s [KF]
[lio] t=1317400990.204 | feat 8994/79901 | map  26095 | icp ok  iter 11 corr  8993 rms 0.2724  118.47 ms | p=(  -18.20  -157.77   6.51) v=4.10 m/s
[lio] t=1317400990.307 | feat 9194/80080 | map  26095 | icp ok  iter 14 corr  9184 rms 0.3190  146.96 ms | p=(  -18.33  -158.19   6.53) v=4.07 m/s
[lio] t=1317400990.411 | feat 9345/79777 | map  26095 | icp ok  iter  8 corr  9338 rms 0.3271   96.87 ms | p=(  -18.45  -158.58   6.54) v=3.91 m/s [KF]
[lio] t=1317400990.515 | feat 9387/79671 | map  27182 | icp ok  iter 10 corr  9385 rms 0.2660  100.03 ms | p=(  -18.53  -158.96   6.56) v=3.79 m/s
[lio] t=1317400990.618 | feat 9316/79841 | map  27182 | icp ok  iter 10 corr  9316 rms 0.2941  103.27 ms | p=(  -18.61  -159.34   6.56) v=3.71 m/s
[lio] t=1317400990.722 | feat 9260/79818 | map  27182 | icp ok  iter 11 corr  9257 rms 0.3060  109.04 ms | p=(  -18.67  -159.74   6.58) v=3.77 m/s [KF]
[lio] t=1317400990.826 | feat 9212/79909 | map  27808 | icp ok  iter 12 corr  9208 rms 0.2642  113.76 ms | p=(  -18.70  -160.13   6.60) v=3.69 m/s
[lio] t=1317400990.929 | feat 9295/79967 | map  27808 | icp ok  iter  8 corr  9289 rms 0.2770   81.84 ms | p=(  -18.72  -160.51   6.62) v=3.65 m/s
[lio] t=1317400991.033 | feat 9290/79795 | map  27808 | icp ok  iter  6 corr  9286 rms 0.2888   66.63 ms | p=(  -18.72  -160.89   6.63) v=3.63 m/s [KF]
[lio] t=1317400991.137 | feat 9274/79824 | map  28511 | icp ok  iter 10 corr  9273 rms 0.2464   98.45 ms | p=(  -18.71  -161.28   6.64) v=3.64 m/s
[lio] t=1317400991.241 | feat 9154/79890 | map  28511 | icp ok  iter 11 corr  9154 rms 0.2517  105.65 ms | p=(  -18.68  -161.65   6.65) v=3.64 m/s
[lio] t=1317400991.345 | feat 9079/80065 | map  28511 | icp ok  iter  9 corr  9072 rms 0.2601   95.04 ms | p=(  -18.64  -162.05   6.67) v=3.80 m/s [KF]
[lio] t=1317400991.448 | feat 9106/80297 | map  28943 | icp ok  iter  9 corr  9100 rms 0.2425   90.94 ms | p=(  -18.59  -162.45   6.69) v=3.88 m/s
[lio] t=1317400991.552 | feat 9070/80448 | map  28943 | icp ok  iter  8 corr  9067 rms 0.2632   83.46 ms | p=(  -18.51  -162.86   6.71) v=4.01 m/s
[lio] t=1317400991.656 | feat 9079/80534 | map  28943 | icp ok  iter  8 corr  9070 rms 0.2763   77.56 ms | p=(  -18.41  -163.26   6.75) v=4.05 m/s [KF]
[lio] t=1317400991.760 | feat 9003/80652 | map  29229 | icp ok  iter 10 corr  9002 rms 0.2372   97.86 ms | p=(  -18.27  -163.69   6.78) v=4.20 m/s
[lio] t=1317400991.864 | feat 8960/80927 | map  29229 | icp ok  iter 13 corr  8958 rms 0.2591  118.89 ms | p=(  -18.13  -164.10   6.80) v=4.25 m/s
[lio] t=1317400991.968 | feat 8901/81176 | map  29229 | icp ok  iter 12 corr  8889 rms 0.2872  121.51 ms | p=(  -17.97  -164.52   6.81) v=4.34 m/s [KF]
[lio] t=1317400992.072 | feat 9005/81253 | map  29413 | icp ok  iter  9 corr  9005 rms 0.2436   92.44 ms | p=(  -17.80  -164.95   6.84) v=4.43 m/s
[lio] t=1317400992.175 | feat 8920/81320 | map  29413 | icp ok  iter 14 corr  8917 rms 0.2509  135.73 ms | p=(  -17.59  -165.39   6.88) v=4.61 m/s
[lio] t=1317400992.279 | feat 8849/81328 | map  29413 | icp ok  iter 11 corr  8846 rms 0.2752  111.71 ms | p=(  -17.36  -165.83   6.91) v=4.79 m/s [KF]
[lio] t=1317400992.384 | feat 8683/81484 | map  29535 | icp ok  iter 10 corr  8682 rms 0.2459  100.80 ms | p=(  -17.11  -166.27   6.93) v=4.91 m/s
[lio] t=1317400992.488 | feat 8590/81649 | map  29535 | icp ok  iter 12 corr  8589 rms 0.2614  114.04 ms | p=(  -16.86  -166.73   6.96) v=5.02 m/s [KF]
[lio] t=1317400992.592 | feat 8690/81724 | map  29706 | icp ok  iter  9 corr  8690 rms 0.2303   89.78 ms | p=(  -16.59  -167.19   7.00) v=5.18 m/s
[lio] t=1317400992.696 | feat 8681/81616 | map  29706 | icp ok  iter  7 corr  8670 rms 0.2534   77.36 ms | p=(  -16.31  -167.67   7.03) v=5.33 m/s [KF]
[lio] t=1317400992.800 | feat 8835/81512 | map  29832 | icp ok  iter 10 corr  8818 rms 0.2352   97.77 ms | p=(  -16.00  -168.16   7.07) v=5.52 m/s
[lio] t=1317400992.904 | feat 8745/81401 | map  29832 | icp ok  iter 11 corr  8710 rms 0.2575   91.18 ms | p=(  -15.70  -168.64   7.11) v=5.58 m/s [KF]
[lio] t=1317400993.009 | feat 8884/80876 | map  29967 | icp ok  iter 12 corr  8867 rms 0.2574  112.54 ms | p=(  -15.35  -169.16   7.14) v=5.87 m/s
[lio] t=1317400993.113 | feat 8856/80144 | map  29967 | icp ok  iter 11 corr  8832 rms 0.2736  103.27 ms | p=(  -15.01  -169.66   7.17) v=5.92 m/s [KF]
[lio] t=1317400993.217 | feat 9031/79365 | map  30120 | icp ok  iter  9 corr  9024 rms 0.2492   80.46 ms | p=(  -14.65  -170.18   7.22) v=6.08 m/s
[lio] t=1317400993.321 | feat 8694/78928 | map  30120 | icp ok  iter 14 corr  8689 rms 0.2890  130.09 ms | p=(  -14.26  -170.71   7.24) v=6.27 m/s [KF]
[lio] t=1317400993.425 | feat 8536/78786 | map  30318 | icp ok  iter  8 corr  8529 rms 0.2368   79.42 ms | p=(  -13.88  -171.24   7.28) v=6.35 m/s
[lio] t=1317400993.529 | feat 8402/78725 | map  30318 | icp ok  iter 15 corr  8392 rms 0.2746  134.00 ms | p=(  -13.45  -171.79   7.30) v=6.59 m/s [KF]
[lio] t=1317400993.633 | feat 8403/78985 | map  30561 | icp ok  iter 12 corr  8400 rms 0.2448  111.58 ms | p=(  -13.04  -172.33   7.35) v=6.65 m/s
[lio] t=1317400993.738 | feat 8294/79377 | map  30561 | icp ok  iter 14 corr  8280 rms 0.2766  127.42 ms | p=(  -12.60  -172.91   7.37) v=6.94 m/s [KF]
[lio] t=1317400993.842 | feat 8097/79810 | map  30707 | icp ok  iter  9 corr  8097 rms 0.2368   80.17 ms | p=(  -12.16  -173.49   7.43) v=7.02 m/s
[lio] t=1317400993.946 | feat 8118/80126 | map  30707 | icp ok  iter 16 corr  8117 rms 0.2789  124.79 ms | p=(  -11.70  -174.10   7.48) v=7.27 m/s [KF]
[lio] t=1317400994.050 | feat 7934/80562 | map  30768 | icp ok  iter  8 corr  7919 rms 0.2528   68.40 ms | p=(  -11.25  -174.71   7.52) v=7.35 m/s
[lio] t=1317400994.154 | feat 7854/80487 | map  30768 | icp ok  iter 13 corr  7803 rms 0.2885  102.88 ms | p=(  -10.78  -175.35   7.57) v=7.56 m/s [KF]
[lio] t=1317400994.259 | feat 7994/80611 | map  30874 | icp ok  iter 10 corr  7960 rms 0.2775   79.27 ms | p=(  -10.32  -176.00   7.60) v=7.67 m/s
[lio] t=1317400994.363 | feat 8068/81148 | map  30874 | icp ok  iter 10 corr  7944 rms 0.3265   83.04 ms | p=(   -9.86  -176.65   7.65) v=7.72 m/s [KF]
[lio] t=1317400994.467 | feat 8070/81552 | map  31287 | icp ok  iter 12 corr  7993 rms 0.3097   94.24 ms | p=(   -9.39  -177.33   7.70) v=7.87 m/s
[lio] t=1317400994.571 | feat 8116/81637 | map  31287 | icp ok  iter 10 corr  7970 rms 0.3766   89.87 ms | p=(   -8.92  -178.01   7.75) v=7.95 m/s [KF]
[lio] t=1317400994.675 | feat 8080/81852 | map  31634 | icp ok  iter  7 corr  8034 rms 0.2993   67.04 ms | p=(   -8.44  -178.71   7.79) v=8.09 m/s
[lio] t=1317400994.779 | feat 8017/82170 | map  31634 | icp ok  iter  9 corr  7880 rms 0.3369   84.58 ms | p=(   -7.97  -179.41   7.85) v=8.13 m/s [KF]
[lio] t=1317400994.883 | feat 8014/82432 | map  31876 | icp ok  iter 19 corr  8007 rms 0.2865  167.19 ms | p=(   -7.49  -180.12   7.88) v=8.22 m/s
[lio] t=1317400994.987 | feat 8053/82633 | map  31876 | icp ok  iter  9 corr  8032 rms 0.3636   82.72 ms | p=(   -7.01  -180.83   7.92) v=8.25 m/s [KF]
[lio] t=1317400995.091 | feat 7839/82667 | map  32122 | icp ok  iter 10 corr  7836 rms 0.2676   94.85 ms | p=(   -6.55  -181.56   7.98) v=8.21 m/s
[lio] t=1317400995.195 | feat 7690/82759 | map  32122 | icp ok  iter  8 corr  7689 rms 0.2991   73.73 ms | p=(   -6.08  -182.26   8.04) v=8.13 m/s [KF]
[lio] t=1317400995.299 | feat 7363/83045 | map  32274 | icp ok  iter 10 corr  7359 rms 0.2431   83.40 ms | p=(   -5.62  -183.00   8.09) v=8.22 m/s
[lio] t=1317400995.403 | feat 7406/83417 | map  32274 | icp ok  iter 11 corr  7401 rms 0.2796   98.69 ms | p=(   -5.16  -183.71   8.14) v=8.15 m/s [KF]
[lio] t=1317400995.507 | feat 7436/83585 | map  32095 | icp ok  iter 14 corr  7436 rms 0.2531  105.43 ms | p=(   -4.70  -184.44   8.19) v=8.21 m/s
[lio] t=1317400995.611 | feat 7564/83824 | map  32095 | icp ok  iter 13 corr  7562 rms 0.2701   99.69 ms | p=(   -4.25  -185.15   8.26) v=8.12 m/s [KF]
[lio] t=1317400995.715 | feat 7579/83944 | map  31824 | icp ok  iter 12 corr  7575 rms 0.2533   98.06 ms | p=(   -3.78  -185.89   8.31) v=8.24 m/s
[lio] t=1317400995.819 | feat 7578/84139 | map  31824 | icp ok  iter 12 corr  7574 rms 0.2919   98.29 ms | p=(   -3.35  -186.58   8.37) v=7.96 m/s [KF]
[lio] t=1317400995.923 | feat 7425/84361 | map  31502 | icp ok  iter 11 corr  7408 rms 0.2399   87.68 ms | p=(   -2.88  -187.32   8.41) v=8.12 m/s
[lio] t=1317400996.027 | feat 7332/84573 | map  31502 | icp ok  iter 11 corr  7307 rms 0.2554   87.73 ms | p=(   -2.44  -188.01   8.48) v=7.94 m/s [KF]
[lio] t=1317400996.131 | feat 7340/84800 | map  31215 | icp ok  iter  9 corr  7333 rms 0.2655   74.41 ms | p=(   -1.99  -188.73   8.54) v=8.00 m/s
[lio] t=1317400996.235 | feat 7337/84945 | map  31215 | icp ok  iter 11 corr  7327 rms 0.3147   93.62 ms | p=(   -1.54  -189.42   8.59) v=7.91 m/s [KF]
[lio] t=1317400996.339 | feat 7378/84926 | map  30947 | icp ok  iter  7 corr  7370 rms 0.2528   61.96 ms | p=(   -1.09  -190.13   8.64) v=7.96 m/s
[lio] t=1317400996.443 | feat 7396/84904 | map  30947 | icp ok  iter  8 corr  7372 rms 0.3431   59.66 ms | p=(   -0.66  -190.82   8.68) v=7.80 m/s [KF]
[lio] t=1317400996.547 | feat 7384/84950 | map  30806 | icp ok  iter 12 corr  7377 rms 0.2837   93.78 ms | p=(   -0.21  -191.51   8.74) v=7.77 m/s
[lio] t=1317400996.651 | feat 7315/84972 | map  30806 | icp ok  iter 14 corr  7256 rms 0.3574  100.43 ms | p=(    0.21  -192.17   8.79) v=7.50 m/s [KF]
[lio] t=1317400996.755 | feat 7258/85120 | map  30665 | icp ok  iter 16 corr  7241 rms 0.2659  125.22 ms | p=(    0.64  -192.84   8.84) v=7.42 m/s
[lio] t=1317400996.859 | feat 7092/85313 | map  30665 | icp ok  iter  6 corr  7074 rms 0.3494   50.91 ms | p=(    1.04  -193.47   8.89) v=7.08 m/s [KF]
[lio] t=1317400996.963 | feat 7058/85528 | map  30472 | icp ok  iter 10 corr  7054 rms 0.2865   81.45 ms | p=(    1.45  -194.10   8.94) v=7.04 m/s
[lio] t=1317400997.067 | feat 6978/85564 | map  30472 | icp ok  iter 14 corr  6941 rms 0.3953   99.51 ms | p=(    1.83  -194.71   8.98) v=6.76 m/s [KF]
[lio] t=1317400997.171 | feat 7057/85640 | map  30200 | icp ok  iter 10 corr  7045 rms 0.2851   80.14 ms | p=(    2.20  -195.29   9.02) v=6.49 m/s
[lio] t=1317400997.275 | feat 7128/85520 | map  30200 | icp ok  iter 13 corr  7036 rms 0.3329   93.43 ms | p=(    2.55  -195.89   9.05) v=6.40 m/s [KF]
[lio] t=1317400997.379 | feat 7376/85493 | map  29904 | icp ok  iter 11 corr  7304 rms 0.3356   80.74 ms | p=(    2.87  -196.42   9.10) v=5.93 m/s
[lio] t=1317400997.483 | feat 7564/85354 | map  29904 | icp ok  iter 10 corr  7300 rms 0.4250   77.48 ms | p=(    3.19  -196.96   9.15) v=5.75 m/s [KF]
[lio] t=1317400997.587 | feat 7728/85266 | map  29873 | icp ok  iter  9 corr  7682 rms 0.3104   69.33 ms | p=(    3.49  -197.46   9.19) v=5.45 m/s
[lio] t=1317400997.691 | feat 7805/85204 | map  29873 | icp ok  iter 13 corr  7706 rms 0.3576  101.68 ms | p=(    3.77  -197.95   9.23) v=5.17 m/s [KF]
[lio] t=1317400997.795 | feat 8014/85457 | map  29971 | icp ok  iter  4 corr  7961 rms 0.3102   40.01 ms | p=(    4.03  -198.39   9.28) v=4.80 m/s
[lio] t=1317400997.899 | feat 8010/85334 | map  29971 | icp ok  iter 10 corr  7960 rms 0.3710   82.95 ms | p=(    4.28  -198.82   9.30) v=4.55 m/s [KF]
[lio] t=1317400998.003 | feat 8138/85238 | map  30012 | icp ok  iter 14 corr  8138 rms 0.2581  110.50 ms | p=(    4.52  -199.24   9.32) v=4.43 m/s
[lio] t=1317400998.107 | feat 8306/85127 | map  30012 | icp ok  iter 11 corr  8285 rms 0.3281   88.93 ms | p=(    4.74  -199.63   9.35) v=4.14 m/s
[lio] t=1317400998.211 | feat 8472/84980 | map  30012 | icp ok  iter  8 corr  8392 rms 0.4154   70.09 ms | p=(    4.96  -200.00   9.38) v=3.97 m/s [KF]
[lio] t=1317400998.315 | feat 8679/84880 | map  30319 | icp ok  iter  9 corr  8670 rms 0.2939   86.40 ms | p=(    5.16  -200.34   9.39) v=3.66 m/s
[lio] t=1317400998.418 | feat 8764/84566 | map  30319 | icp ok  iter 10 corr  8745 rms 0.3227   97.41 ms | p=(    5.35  -200.68   9.42) v=3.57 m/s
[lio] t=1317400998.522 | feat 8757/84378 | map  30319 | icp ok  iter 10 corr  8703 rms 0.3515   88.64 ms | p=(    5.53  -201.00   9.44) v=3.36 m/s [KF]
[lio] t=1317400998.626 | feat 8857/84216 | map  30620 | icp ok  iter  8 corr  8849 rms 0.2483   68.12 ms | p=(    5.69  -201.30   9.46) v=3.14 m/s
[lio] t=1317400998.730 | feat 8856/84093 | map  30620 | icp ok  iter  8 corr  8829 rms 0.2846   75.07 ms | p=(    5.85  -201.59   9.48) v=3.06 m/s
[lio] t=1317400998.834 | feat 9004/83965 | map  30620 | icp ok  iter 10 corr  8974 rms 0.3229   93.61 ms | p=(    6.02  -201.88   9.51) v=3.10 m/s [KF]
[lio] t=1317400998.938 | feat 9071/83733 | map  30575 | icp ok  iter  9 corr  9062 rms 0.2624   84.63 ms | p=(    6.17  -202.17   9.52) v=3.09 m/s
[lio] t=1317400999.042 | feat 9150/83635 | map  30575 | icp ok  iter  8 corr  9135 rms 0.2846   77.79 ms | p=(    6.34  -202.44   9.55) v=3.00 m/s
[lio] t=1317400999.146 | feat 9233/83629 | map  30575 | icp ok  iter  8 corr  9208 rms 0.3320   80.52 ms | p=(    6.49  -202.73   9.55) v=3.05 m/s
[lio] t=1317400999.250 | feat 9221/83482 | map  30575 | icp ok  iter  8 corr  9184 rms 0.3306   77.65 ms | p=(    6.65  -203.00   9.57) v=2.97 m/s [KF]
[lio] t=1317400999.354 | feat 9268/83409 | map  30537 | icp ok  iter 10 corr  9266 rms 0.2298   89.71 ms | p=(    6.78  -203.28   9.58) v=2.94 m/s
[lio] t=1317400999.457 | feat 9292/83304 | map  30537 | icp ok  iter 10 corr  9274 rms 0.2923   95.95 ms | p=(    6.94  -203.56   9.60) v=2.94 m/s
[lio] t=1317400999.561 | feat 9356/83248 | map  30537 | icp ok  iter  9 corr  9323 rms 0.2968   88.88 ms | p=(    7.10  -203.85   9.63) v=3.01 m/s
[lio] t=1317400999.665 | feat 9319/83210 | map  30537 | icp ok  iter  8 corr  9275 rms 0.3419   78.82 ms | p=(    7.24  -204.12   9.64) v=2.94 m/s [KF]
[lio] t=1317400999.769 | feat 9398/83186 | map  30556 | icp ok  iter  6 corr  9397 rms 0.2247   59.63 ms | p=(    7.38  -204.40   9.66) v=2.91 m/s
[lio] t=1317400999.873 | feat 9461/83167 | map  30556 | icp ok  iter  5 corr  9461 rms 0.2378   53.75 ms | p=(    7.52  -204.66   9.67) v=2.85 m/s
[lio] t=1317400999.977 | feat 9390/82983 | map  30556 | icp ok  iter 10 corr  9389 rms 0.2719   99.08 ms | p=(    7.68  -204.93   9.69) v=2.94 m/s
[lio] t=1317401000.080 | feat 9374/82992 | map  30556 | icp ok  iter 12 corr  9366 rms 0.3188  113.20 ms | p=(    7.82  -205.21   9.72) v=2.97 m/s [KF]
[lio] t=1317401000.184 | feat 9262/82928 | map  30611 | icp ok  iter 10 corr  9253 rms 0.2375   92.38 ms | p=(    7.99  -205.47   9.73) v=2.98 m/s
[lio] t=1317401000.288 | feat 9283/82827 | map  30611 | icp ok  iter  9 corr  9273 rms 0.2767   92.21 ms | p=(    8.16  -205.77   9.75) v=3.20 m/s
[lio] t=1317401000.392 | feat 9228/82898 | map  30611 | icp ok  iter 10 corr  9212 rms 0.2932   96.86 ms | p=(    8.33  -206.06   9.76) v=3.33 m/s
[lio] t=1317401000.495 | feat 9243/82869 | map  30611 | icp ok  iter  5 corr  9234 rms 0.3027   58.33 ms | p=(    8.52  -206.37   9.78) v=3.49 m/s [KF]
[lio] t=1317401000.599 | feat 9363/82813 | map  30723 | icp ok  iter  7 corr  9357 rms 0.2466   69.36 ms | p=(    8.70  -206.70   9.81) v=3.62 m/s
[lio] t=1317401000.703 | feat 9354/82887 | map  30723 | icp ok  iter  9 corr  9334 rms 0.2555   91.24 ms | p=(    8.90  -207.03   9.84) v=3.75 m/s
[lio] t=1317401000.807 | feat 9371/82817 | map  30723 | icp ok  iter 10 corr  9343 rms 0.2777   93.81 ms | p=(    9.12  -207.37   9.87) v=3.91 m/s [KF]
[lio] t=1317401000.910 | feat 9402/82801 | map  30665 | icp ok  iter  6 corr  9390 rms 0.2297   56.67 ms | p=(    9.35  -207.71   9.89) v=4.03 m/s
[lio] t=1317401001.014 | feat 9503/82669 | map  30665 | icp ok  iter  7 corr  9479 rms 0.2666   72.52 ms | p=(    9.59  -208.08   9.92) v=4.26 m/s
[lio] t=1317401001.118 | feat 9405/82655 | map  30665 | icp ok  iter 11 corr  9368 rms 0.2741  103.21 ms | p=(    9.85  -208.47   9.94) v=4.47 m/s [KF]
[lio] t=1317401001.222 | feat 9478/82576 | map  30576 | icp ok  iter  9 corr  9477 rms 0.2111   87.09 ms | p=(   10.11  -208.85   9.96) v=4.54 m/s
[lio] t=1317401001.325 | feat 9488/82607 | map  30576 | icp ok  iter  9 corr  9486 rms 0.2546   95.38 ms | p=(   10.39  -209.26   9.99) v=4.81 m/s
[lio] t=1317401001.429 | feat 9506/82509 | map  30576 | icp ok  iter  9 corr  9505 rms 0.2713   92.84 ms | p=(   10.69  -209.68  10.02) v=4.98 m/s [KF]
[lio] t=1317401001.533 | feat 9485/82564 | map  30657 | icp ok  iter 15 corr  9484 rms 0.2306  146.42 ms | p=(   10.99  -210.11  10.05) v=5.11 m/s
[lio] t=1317401001.637 | feat 9383/82590 | map  30657 | icp ok  iter 10 corr  9375 rms 0.2510   99.27 ms | p=(   11.33  -210.55  10.08) v=5.37 m/s [KF]
[lio] t=1317401001.741 | feat 9299/82709 | map  30671 | icp ok  iter 10 corr  9291 rms 0.2314   92.81 ms | p=(   11.66  -211.02  10.10) v=5.55 m/s
[lio] t=1317401001.845 | feat 9252/82623 | map  30671 | icp ok  iter 15 corr  9238 rms 0.2422  144.22 ms | p=(   12.02  -211.50  10.12) v=5.79 m/s [KF]
[lio] t=1317401001.949 | feat 9200/82593 | map  30586 | icp ok  iter  8 corr  9200 rms 0.2409   75.63 ms | p=(   12.39  -212.00  10.15) v=5.99 m/s
[lio] t=1317401002.053 | feat 9033/82552 | map  30586 | icp ok  iter 11 corr  9032 rms 0.2575  107.02 ms | p=(   12.76  -212.52  10.21) v=6.18 m/s [KF]
[lio] t=1317401002.157 | feat 8807/82615 | map  30501 | icp ok  iter  7 corr  8806 rms 0.2224   70.71 ms | p=(   13.16  -213.04  10.25) v=6.31 m/s
[lio] t=1317401002.261 | feat 8684/82296 | map  30501 | icp ok  iter  9 corr  8681 rms 0.2470   86.00 ms | p=(   13.56  -213.58  10.27) v=6.55 m/s [KF]
[lio] t=1317401002.365 | feat 8560/81989 | map  30447 | icp ok  iter  7 corr  8560 rms 0.2231   75.00 ms | p=(   13.98  -214.13  10.31) v=6.70 m/s
[lio] t=1317401002.469 | feat 8308/81491 | map  30447 | icp ok  iter 12 corr  8300 rms 0.2664  110.43 ms | p=(   14.40  -214.71  10.34) v=6.91 m/s [KF]
[lio] t=1317401002.573 | feat 7808/81171 | map  30502 | icp ok  iter 15 corr  7800 rms 0.2360  125.69 ms | p=(   14.83  -215.30  10.38) v=7.06 m/s
[lio] t=1317401002.676 | feat 7732/81530 | map  30502 | icp ok  iter 13 corr  7724 rms 0.2571  115.88 ms | p=(   15.27  -215.90  10.45) v=7.22 m/s [KF]
[lio] t=1317401002.780 | feat 7568/82602 | map  30235 | icp ok  iter  9 corr  7560 rms 0.2612   71.36 ms | p=(   15.71  -216.53  10.50) v=7.40 m/s
[lio] t=1317401002.884 | feat 7260/82318 | map  30235 | icp ok  iter  9 corr  7235 rms 0.2981   65.24 ms | p=(   16.17  -217.15  10.53) v=7.50 m/s [KF]
[lio] t=1317401002.988 | feat 7107/81993 | map  29898 | icp ok  iter 13 corr  7098 rms 0.2410   98.42 ms | p=(   16.64  -217.82  10.57) v=7.81 m/s
[lio] t=1317401003.092 | feat 7090/81375 | map  29898 | icp ok  iter  8 corr  7077 rms 0.2907   59.44 ms | p=(   17.12  -218.46  10.62) v=7.81 m/s [KF]
[lio] t=1317401003.196 | feat 6732/79889 | map  29502 | icp ok  iter  8 corr  6726 rms 0.2501   67.62 ms | p=(   17.61  -219.16  10.67) v=8.11 m/s
[lio] t=1317401003.300 | feat 6645/78649 | map  29502 | icp ok  iter 11 corr  6634 rms 0.3068   75.44 ms | p=(   18.11  -219.84  10.71) v=8.18 m/s [KF]
[lio] t=1317401003.404 | feat 6495/80055 | map  28986 | icp ok  iter 12 corr  6470 rms 0.2465   91.88 ms | p=(   18.60  -220.54  10.75) v=8.29 m/s
[lio] t=1317401003.508 | feat 6449/80079 | map  28986 | icp ok  iter 12 corr  6423 rms 0.2801   81.28 ms | p=(   19.14  -221.25  10.80) v=8.52 m/s [KF]
[lio] t=1317401003.612 | feat 6197/82264 | map  28808 | icp ok  iter 13 corr  6193 rms 0.2309   93.36 ms | p=(   19.66  -221.98  10.86) v=8.66 m/s
[lio] t=1317401003.716 | feat 6134/82637 | map  28808 | icp ok  iter 16 corr  6128 rms 0.2705   96.21 ms | p=(   20.17  -222.72  10.92) v=8.69 m/s [KF]
[lio] t=1317401003.820 | feat 5935/82010 | map  28527 | icp ok  iter 11 corr  5922 rms 0.2442   61.16 ms | p=(   20.70  -223.47  10.96) v=8.85 m/s
[lio] t=1317401003.924 | feat 5875/81800 | map  28527 | icp ok  iter 10 corr  5845 rms 0.3045   57.79 ms | p=(   21.23  -224.24  11.01) v=9.00 m/s [KF]
[lio] t=1317401004.028 | feat 5851/80976 | map  28094 | icp ok  iter  9 corr  5836 rms 0.2655   55.67 ms | p=(   21.77  -225.01  11.06) v=9.08 m/s
[lio] t=1317401004.132 | feat 5813/80649 | map  28094 | icp ok  iter  9 corr  5775 rms 0.3052   54.35 ms | p=(   22.33  -225.80  11.09) v=9.29 m/s [KF]
[lio] t=1317401004.236 | feat 5963/81467 | map  27882 | icp ok  iter  4 corr  5959 rms 0.2556   28.92 ms | p=(   22.89  -226.60  11.14) v=9.41 m/s
[lio] t=1317401004.339 | feat 6057/82446 | map  27882 | icp ok  iter 14 corr  6051 rms 0.3195   96.80 ms | p=(   23.46  -227.41  11.20) v=9.54 m/s [KF]
[lio] t=1317401004.443 | feat 6183/82795 | map  27981 | icp ok  iter  6 corr  6180 rms 0.2667   37.40 ms | p=(   24.03  -228.22  11.26) v=9.56 m/s
[lio] t=1317401004.547 | feat 6291/82865 | map  27981 | icp ok  iter  8 corr  6284 rms 0.3246   55.95 ms | p=(   24.61  -229.05  11.30) v=9.69 m/s [KF]
[lio] t=1317401004.651 | feat 6350/82659 | map  28123 | icp ok  iter  6 corr  6321 rms 0.3215   51.55 ms | p=(   25.19  -229.87  11.34) v=9.69 m/s [KF]
[lio] t=1317401004.755 | feat 6543/82678 | map  28152 | icp ok  iter  6 corr  6433 rms 0.3302   40.46 ms | p=(   25.78  -230.70  11.41) v=9.80 m/s [KF]
[lio] t=1317401004.859 | feat 6785/82521 | map  28231 | icp ok  iter  7 corr  6783 rms 0.3308   44.16 ms | p=(   26.36  -231.54  11.45) v=9.82 m/s [KF]
[lio] t=1317401004.962 | feat 6729/82515 | map  28170 | icp ok  iter  5 corr  6727 rms 0.2331   37.95 ms | p=(   26.94  -232.36  11.52) v=9.74 m/s [KF]
[lio] t=1317401005.066 | feat 6736/82627 | map  27890 | icp ok  iter  9 corr  6731 rms 0.2288   67.53 ms | p=(   27.53  -233.20  11.58) v=9.77 m/s [KF]
[lio] t=1317401005.170 | feat 6602/82167 | map  27613 | icp ok  iter  6 corr  6593 rms 0.2212   43.10 ms | p=(   28.12  -234.02  11.63) v=9.71 m/s [KF]
[lio] t=1317401005.274 | feat 6657/82348 | map  27059 | icp ok  iter  9 corr  6657 rms 0.2202   66.44 ms | p=(   28.71  -234.85  11.68) v=9.73 m/s [KF]
[lio] t=1317401005.378 | feat 6750/82088 | map  26693 | icp ok  iter  9 corr  6748 rms 0.2519   62.61 ms | p=(   29.30  -235.68  11.73) v=9.76 m/s [KF]
[lio] t=1317401005.481 | feat 6744/82679 | map  26171 | icp ok  iter  7 corr  6744 rms 0.2345   47.28 ms | p=(   29.90  -236.50  11.79) v=9.76 m/s [KF]
[lio] t=1317401005.585 | feat 6772/82642 | map  25592 | icp ok  iter  9 corr  6771 rms 0.2297   66.27 ms | p=(   30.50  -237.32  11.84) v=9.74 m/s [KF]
[lio] t=1317401005.689 | feat 6689/82306 | map  24941 | icp ok  iter  8 corr  6683 rms 0.2335   59.05 ms | p=(   31.11  -238.14  11.87) v=9.80 m/s [KF]
[lio] t=1317401005.793 | feat 6598/82029 | map  24301 | icp ok  iter 12 corr  6598 rms 0.2299   82.14 ms | p=(   31.71  -238.97  11.90) v=9.75 m/s [KF]
[lio] t=1317401005.897 | feat 6707/81995 | map  23501 | icp ok  iter  9 corr  6705 rms 0.2212   74.39 ms | p=(   32.31  -239.78  11.95) v=9.68 m/s [KF]
[lio] t=1317401006.000 | feat 6741/82495 | map  22862 | icp ok  iter 14 corr  6741 rms 0.2110   93.00 ms | p=(   32.92  -240.59  12.04) v=9.68 m/s [KF]
[lio] t=1317401006.104 | feat 6668/83145 | map  21950 | icp ok  iter  6 corr  6665 rms 0.2027   47.18 ms | p=(   33.51  -241.41  12.07) v=9.67 m/s [KF]
[lio] t=1317401006.208 | feat 6514/82961 | map  20832 | icp ok  iter  8 corr  6512 rms 0.2164   58.18 ms | p=(   34.10  -242.22  12.12) v=9.65 m/s [KF]
[lio] t=1317401006.312 | feat 6404/83304 | map  20088 | icp ok  iter  6 corr  6402 rms 0.2310   38.51 ms | p=(   34.69  -243.03  12.18) v=9.60 m/s [KF]
[lio] t=1317401006.415 | feat 6362/83764 | map  19355 | icp ok  iter  6 corr  6347 rms 0.2466   42.82 ms | p=(   35.29  -243.85  12.23) v=9.64 m/s [KF]
[lio] t=1317401006.519 | feat 6325/83653 | map  18743 | icp ok  iter  5 corr  6314 rms 0.2546   30.47 ms | p=(   35.88  -244.65  12.28) v=9.55 m/s
[lio] t=1317401006.623 | feat 6315/83603 | map  18743 | icp ok  iter 11 corr  6288 rms 0.3110   68.21 ms | p=(   36.47  -245.45  12.34) v=9.52 m/s [KF]
[lio] t=1317401006.727 | feat 6377/83796 | map  18210 | icp ok  iter  6 corr  6364 rms 0.2659   41.28 ms | p=(   37.05  -246.26  12.40) v=9.54 m/s [KF]
[lio] t=1317401006.831 | feat 6302/83560 | map  17900 | icp ok  iter  8 corr  6295 rms 0.2713   48.24 ms | p=(   37.65  -247.06  12.45) v=9.53 m/s
[lio] t=1317401006.934 | feat 6278/83475 | map  17900 | icp ok  iter  8 corr  6234 rms 0.3441   49.18 ms | p=(   38.24  -247.87  12.51) v=9.54 m/s [KF]
[lio] t=1317401007.038 | feat 6356/83323 | map  17852 | icp ok  iter  6 corr  6347 rms 0.2516   41.02 ms | p=(   38.82  -248.67  12.57) v=9.49 m/s
[lio] t=1317401007.142 | feat 6334/83689 | map  17852 | icp ok  iter  7 corr  6315 rms 0.3018   47.37 ms | p=(   39.40  -249.47  12.62) v=9.42 m/s [KF]
[lio] t=1317401007.246 | feat 6358/83528 | map  17889 | icp ok  iter  7 corr  6347 rms 0.2553   43.18 ms | p=(   39.98  -250.26  12.67) v=9.40 m/s
[lio] t=1317401007.350 | feat 6348/83515 | map  17889 | icp ok  iter 11 corr  6301 rms 0.2940   69.38 ms | p=(   40.56  -251.06  12.73) v=9.40 m/s [KF]
[lio] t=1317401007.453 | feat 6276/83411 | map  18034 | icp ok  iter  9 corr  6270 rms 0.2674   58.90 ms | p=(   41.14  -251.85  12.76) v=9.40 m/s
[lio] t=1317401007.557 | feat 6316/82982 | map  18034 | icp ok  iter  6 corr  6288 rms 0.3460   38.31 ms | p=(   41.71  -252.65  12.82) v=9.39 m/s [KF]
[lio] t=1317401007.661 | feat 6207/82935 | map  18287 | icp ok  iter  6 corr  6188 rms 0.2665   40.97 ms | p=(   42.29  -253.44  12.87) v=9.37 m/s
[lio] t=1317401007.765 | feat 6135/83295 | map  18287 | icp ok  iter  8 corr  6101 rms 0.3208   49.86 ms | p=(   42.86  -254.21  12.93) v=9.26 m/s [KF]
[lio] t=1317401007.869 | feat 5996/82748 | map  18593 | icp ok  iter  9 corr  5991 rms 0.2624   57.15 ms | p=(   43.43  -254.99  12.98) v=9.21 m/s
[lio] t=1317401007.972 | feat 6037/79270 | map  18593 | icp ok  iter 12 corr  5996 rms 0.3244   76.28 ms | p=(   43.98  -255.77  13.04) v=9.13 m/s [KF]
[lio] t=1317401008.076 | feat 6082/78412 | map  18727 | icp ok  iter 11 corr  6065 rms 0.3047   67.99 ms | p=(   44.53  -256.54  13.10) v=9.12 m/s
[lio] t=1317401008.180 | feat 6163/76659 | map  18727 | icp ok  iter  9 corr  6089 rms 0.3868   57.57 ms | p=(   45.09  -257.33  13.13) v=9.17 m/s [KF]
[lio] t=1317401008.284 | feat 6235/72666 | map  19016 | icp ok  iter 10 corr  6232 rms 0.3368   62.12 ms | p=(   45.64  -258.10  13.18) v=9.08 m/s
[lio] t=1317401008.388 | feat 6248/72865 | map  19016 | icp ok  iter 14 corr  6199 rms 0.4473   89.67 ms | p=(   46.19  -258.89  13.22) v=9.14 m/s [KF]
[lio] t=1317401008.492 | feat 6168/73327 | map  19441 | icp ok  iter 10 corr  6157 rms 0.2804   66.61 ms | p=(   46.72  -259.68  13.29) v=9.10 m/s
[lio] t=1317401008.596 | feat 6069/74712 | map  19441 | icp ok  iter 12 corr  6010 rms 0.3543   74.37 ms | p=(   47.26  -260.46  13.35) v=9.09 m/s [KF]
[lio] t=1317401008.699 | feat 6164/77640 | map  19644 | icp ok  iter  6 corr  6162 rms 0.3505   40.97 ms | p=(   47.80  -261.24  13.40) v=9.11 m/s
[lio] t=1317401008.803 | feat 6215/80457 | map  19644 | icp ok  iter 10 corr  6158 rms 0.4256   62.79 ms | p=(   48.33  -262.04  13.44) v=9.13 m/s [KF]
[lio] t=1317401008.907 | feat 6278/82488 | map  19915 | icp ok  iter  6 corr  6258 rms 0.3522   36.49 ms | p=(   48.85  -262.83  13.50) v=9.08 m/s
[lio] t=1317401009.011 | feat 6279/83517 | map  19915 | icp ok  iter 10 corr  6255 rms 0.4124   61.51 ms | p=(   49.37  -263.63  13.55) v=9.11 m/s [KF]
[lio] t=1317401009.115 | feat 6207/83545 | map  20283 | icp ok  iter 11 corr  6207 rms 0.2694   68.73 ms | p=(   49.89  -264.42  13.60) v=9.12 m/s
[lio] t=1317401009.218 | feat 5987/83662 | map  20283 | icp ok  iter 10 corr  5967 rms 0.3011   58.07 ms | p=(   50.40  -265.21  13.65) v=9.06 m/s [KF]
[lio] t=1317401009.322 | feat 5920/83798 | map  20493 | icp ok  iter 10 corr  5917 rms 0.2788   62.18 ms | p=(   50.93  -266.01  13.69) v=9.11 m/s
[lio] t=1317401009.426 | feat 5865/84136 | map  20493 | icp ok  iter 16 corr  5863 rms 0.2953   96.63 ms | p=(   51.44  -266.80  13.74) v=9.08 m/s [KF]
[lio] t=1317401009.530 | feat 5724/84348 | map  20502 | icp ok  iter  6 corr  5723 rms 0.2141   32.42 ms | p=(   51.96  -267.59  13.78) v=9.07 m/s
[lio] t=1317401009.633 | feat 5684/84530 | map  20502 | icp ok  iter 12 corr  5683 rms 0.2723   66.73 ms | p=(   52.49  -268.39  13.83) v=9.15 m/s [KF]
[lio] t=1317401009.737 | feat 5856/84964 | map  20538 | icp ok  iter  9 corr  5854 rms 0.2533   50.89 ms | p=(   53.01  -269.19  13.88) v=9.15 m/s
[lio] t=1317401009.841 | feat 5882/85180 | map  20538 | icp ok  iter  7 corr  5877 rms 0.3156   42.94 ms | p=(   53.53  -269.99  13.93) v=9.14 m/s [KF]
[lio] t=1317401009.945 | feat 5950/85499 | map  20758 | icp ok  iter  8 corr  5949 rms 0.2497   50.65 ms | p=(   54.05  -270.79  13.96) v=9.12 m/s
[lio] t=1317401010.049 | feat 5912/85704 | map  20758 | icp ok  iter 15 corr  5911 rms 0.3324   83.85 ms | p=(   54.57  -271.60  14.01) v=9.16 m/s [KF]
[lio] t=1317401010.153 | feat 5987/85974 | map  21087 | icp ok  iter  8 corr  5985 rms 0.2550   48.35 ms | p=(   55.08  -272.39  14.05) v=9.05 m/s
[lio] t=1317401010.257 | feat 6053/85936 | map  21087 | icp ok  iter  8 corr  6052 rms 0.3211   46.85 ms | p=(   55.58  -273.18  14.10) v=8.95 m/s [KF]
[lio] t=1317401010.360 | feat 6205/85542 | map  21424 | icp ok  iter  7 corr  6191 rms 0.2751   51.20 ms | p=(   56.09  -273.97  14.15) v=8.99 m/s
[lio] t=1317401010.464 | feat 6421/85959 | map  21424 | icp ok  iter  8 corr  6269 rms 0.3132   53.88 ms | p=(   56.59  -274.75  14.21) v=8.86 m/s [KF]
[lio] t=1317401010.568 | feat 6479/86087 | map  21850 | icp ok  iter 11 corr  6462 rms 0.2942   72.55 ms | p=(   57.10  -275.54  14.26) v=8.93 m/s
[lio] t=1317401010.672 | feat 6444/85946 | map  21850 | icp ok  iter 14 corr  6393 rms 0.3590   84.74 ms | p=(   57.59  -276.33  14.30) v=8.90 m/s [KF]
[lio] t=1317401010.776 | feat 6332/85799 | map  22167 | icp ok  iter  7 corr  6329 rms 0.2606   45.03 ms | p=(   58.09  -277.12  14.34) v=8.86 m/s
[lio] t=1317401010.880 | feat 6287/85665 | map  22167 | icp ok  iter 17 corr  6281 rms 0.2944  101.35 ms | p=(   58.56  -277.88  14.40) v=8.66 m/s [KF]
[lio] t=1317401010.983 | feat 6360/85840 | map  22561 | icp ok  iter 11 corr  6352 rms 0.2594   67.81 ms | p=(   59.05  -278.64  14.46) v=8.54 m/s
[lio] t=1317401011.087 | feat 6355/85947 | map  22561 | icp ok  iter  7 corr  6340 rms 0.2996   44.24 ms | p=(   59.51  -279.39  14.50) v=8.36 m/s [KF]
[lio] t=1317401011.191 | feat 6299/86067 | map  22878 | icp ok  iter  9 corr  6287 rms 0.2582   59.09 ms | p=(   59.98  -280.12  14.55) v=8.27 m/s
[lio] t=1317401011.295 | feat 6190/86192 | map  22878 | icp ok  iter  6 corr  6184 rms 0.2641   40.43 ms | p=(   60.43  -280.85  14.59) v=8.09 m/s [KF]
[lio] t=1317401011.399 | feat 6100/86203 | map  23113 | icp ok  iter  6 corr  6096 rms 0.2542   34.77 ms | p=(   60.87  -281.55  14.61) v=7.88 m/s
[lio] t=1317401011.502 | feat 6077/85990 | map  23113 | icp ok  iter 10 corr  6073 rms 0.2930   62.10 ms | p=(   61.31  -282.24  14.66) v=7.71 m/s [KF]
[lio] t=1317401011.606 | feat 6096/85953 | map  23163 | icp ok  iter 13 corr  6096 rms 0.2462   78.04 ms | p=(   61.74  -282.90  14.71) v=7.50 m/s
[lio] t=1317401011.710 | feat 6304/85806 | map  23163 | icp ok  iter 13 corr  6303 rms 0.2863   91.78 ms | p=(   62.18  -283.55  14.75) v=7.28 m/s [KF]
[lio] t=1317401011.814 | feat 6572/86043 | map  23289 | icp ok  iter  9 corr  6571 rms 0.2416   65.99 ms | p=(   62.58  -284.17  14.79) v=7.04 m/s
[lio] t=1317401011.918 | feat 6683/86115 | map  23289 | icp ok  iter  7 corr  6673 rms 0.2957   56.17 ms | p=(   63.00  -284.78  14.83) v=6.88 m/s [KF]
[lio] t=1317401012.021 | feat 6744/86099 | map  23285 | icp ok  iter  9 corr  6742 rms 0.2379   63.04 ms | p=(   63.38  -285.35  14.86) v=6.55 m/s
[lio] t=1317401012.125 | feat 6904/86196 | map  23285 | icp ok  iter 12 corr  6901 rms 0.2889   83.47 ms | p=(   63.78  -285.92  14.90) v=6.44 m/s [KF]
[lio] t=1317401012.229 | feat 7181/86180 | map  23265 | icp ok  iter 13 corr  7175 rms 0.2505   98.82 ms | p=(   64.15  -286.47  14.95) v=6.29 m/s
[lio] t=1317401012.333 | feat 7212/86251 | map  23265 | icp ok  iter  6 corr  7179 rms 0.3078   58.96 ms | p=(   64.52  -287.01  14.99) v=6.21 m/s [KF]
[lio] t=1317401012.437 | feat 7506/86215 | map  23440 | icp ok  iter 16 corr  7505 rms 0.2583  134.74 ms | p=(   64.90  -287.54  15.02) v=6.15 m/s
[lio] t=1317401012.542 | feat 7571/86028 | map  23440 | icp ok  iter 17 corr  7559 rms 0.3152  136.04 ms | p=(   65.24  -288.09  15.05) v=6.07 m/s [KF]
[lio] t=1317401012.646 | feat 7644/85676 | map  23488 | icp ok  iter 19 corr  7630 rms 0.2760  154.61 ms | p=(   65.58  -288.62  15.07) v=5.95 m/s
[lio] t=1317401012.750 | feat 7728/85331 | map  23488 | icp ok  iter 12 corr  7687 rms 0.3521  102.20 ms | p=(   65.90  -289.15  15.10) v=5.83 m/s [KF]
[lio] t=1317401012.854 | feat 7748/85063 | map  23644 | icp ok  iter 11 corr  7740 rms 0.2892  100.81 ms | p=(   66.21  -289.68  15.14) v=5.72 m/s
[lio] t=1317401012.959 | feat 7870/84895 | map  23644 | icp ok  iter 12 corr  7827 rms 0.3513   99.77 ms | p=(   66.49  -290.19  15.17) v=5.51 m/s [KF]
[lio] t=1317401013.063 | feat 7997/84918 | map  23826 | icp ok  iter  8 corr  7994 rms 0.2494   69.13 ms | p=(   66.73  -290.70  15.20) v=5.26 m/s
[lio] t=1317401013.167 | feat 8200/84898 | map  23826 | icp ok  iter 15 corr  8196 rms 0.2921  135.57 ms | p=(   66.96  -291.20  15.24) v=5.12 m/s [KF]
[lio] t=1317401013.271 | feat 8354/85140 | map  23776 | icp ok  iter 11 corr  8352 rms 0.2506   89.80 ms | p=(   67.17  -291.69  15.27) v=5.02 m/s
[lio] t=1317401013.375 | feat 8489/85134 | map  23776 | icp ok  iter 12 corr  8484 rms 0.2794  106.48 ms | p=(   67.36  -292.18  15.30) v=4.99 m/s [KF]
[lio] t=1317401013.479 | feat 8441/84978 | map  23786 | icp ok  iter  7 corr  8440 rms 0.2261   72.33 ms | p=(   67.54  -292.70  15.32) v=5.08 m/s
[lio] t=1317401013.583 | feat 8511/84942 | map  23786 | icp ok  iter 10 corr  8502 rms 0.2534   95.50 ms | p=(   67.70  -293.21  15.34) v=5.08 m/s [KF]
[lio] t=1317401013.687 | feat 8513/84801 | map  23733 | icp ok  iter  9 corr  8508 rms 0.2208   92.49 ms | p=(   67.84  -293.73  15.37) v=5.11 m/s
[lio] t=1317401013.791 | feat 8523/84666 | map  23733 | icp ok  iter 13 corr  8511 rms 0.2475  122.27 ms | p=(   67.97  -294.24  15.42) v=5.06 m/s [KF]
[lio] t=1317401013.895 | feat 8470/84283 | map  23777 | icp ok  iter 12 corr  8465 rms 0.2259  113.75 ms | p=(   68.11  -294.73  15.46) v=4.92 m/s
[lio] t=1317401013.999 | feat 8595/84259 | map  23777 | icp ok  iter 11 corr  8587 rms 0.2377  105.24 ms | p=(   68.25  -295.23  15.50) v=4.90 m/s [KF]
[lio] t=1317401014.102 | feat 8608/84165 | map  23697 | icp ok  iter 13 corr  8607 rms 0.2320  116.26 ms | p=(   68.38  -295.73  15.51) v=4.85 m/s
[lio] t=1317401014.206 | feat 8656/84125 | map  23697 | icp ok  iter 11 corr  8648 rms 0.2445  101.29 ms | p=(   68.53  -296.20  15.54) v=4.80 m/s [KF]
[lio] t=1317401014.310 | feat 8678/83978 | map  23532 | icp ok  iter  9 corr  8677 rms 0.2165   76.33 ms | p=(   68.67  -296.69  15.56) v=4.78 m/s
[lio] t=1317401014.413 | feat 8688/83945 | map  23532 | icp ok  iter 13 corr  8687 rms 0.2390  113.50 ms | p=(   68.81  -297.18  15.59) v=4.89 m/s [KF]
[lio] t=1317401014.517 | feat 8658/83974 | map  23460 | icp ok  iter  4 corr  8655 rms 0.2173   41.91 ms | p=(   68.96  -297.66  15.61) v=4.83 m/s
[lio] t=1317401014.621 | feat 8614/83957 | map  23460 | icp ok  iter 11 corr  8609 rms 0.2483   95.31 ms | p=(   69.12  -298.16  15.63) v=4.97 m/s [KF]
[lio] t=1317401014.725 | feat 8667/83887 | map  23502 | icp ok  iter 11 corr  8665 rms 0.2136   92.92 ms | p=(   69.29  -298.65  15.65) v=4.99 m/s
[lio] t=1317401014.828 | feat 8743/83822 | map  23502 | icp ok  iter  8 corr  8735 rms 0.2394   73.81 ms | p=(   69.47  -299.15  15.68) v=5.09 m/s [KF]
[lio] t=1317401014.932 | feat 8664/83854 | map  23696 | icp ok  iter  8 corr  8663 rms 0.2148   73.35 ms | p=(   69.66  -299.64  15.69) v=5.09 m/s
[lio] t=1317401015.036 | feat 8722/83828 | map  23696 | icp ok  iter  9 corr  8711 rms 0.2412   86.91 ms | p=(   69.85  -300.14  15.71) v=5.17 m/s [KF]
[lio] t=1317401015.139 | feat 8632/83860 | map  23736 | icp ok  iter 10 corr  8632 rms 0.2273   89.59 ms | p=(   70.05  -300.66  15.74) v=5.28 m/s
[lio] t=1317401015.243 | feat 8629/83757 | map  23736 | icp ok  iter 12 corr  8629 rms 0.2622  112.44 ms | p=(   70.29  -301.17  15.76) v=5.41 m/s [KF]
[lio] t=1317401015.347 | feat 8691/83793 | map  23950 | icp ok  iter 14 corr  8688 rms 0.2271  120.19 ms | p=(   70.51  -301.68  15.78) v=5.42 m/s
[lio] t=1317401015.451 | feat 8588/83989 | map  23950 | icp ok  iter 12 corr  8578 rms 0.2568  104.88 ms | p=(   70.76  -302.21  15.80) v=5.59 m/s [KF]
[lio] t=1317401015.554 | feat 8490/83935 | map  24062 | icp ok  iter  4 corr  8489 rms 0.2240   42.32 ms | p=(   71.02  -302.73  15.82) v=5.61 m/s
[lio] t=1317401015.658 | feat 8554/83528 | map  24062 | icp ok  iter 12 corr  8553 rms 0.2766  105.17 ms | p=(   71.30  -303.26  15.86) v=5.77 m/s [KF]
[lio] t=1317401015.762 | feat 8598/83474 | map  24079 | icp ok  iter 10 corr  8594 rms 0.2375   90.16 ms | p=(   71.61  -303.79  15.89) v=5.88 m/s
[lio] t=1317401015.866 | feat 8498/83441 | map  24079 | icp ok  iter  9 corr  8485 rms 0.2713   77.98 ms | p=(   71.91  -304.32  15.92) v=5.92 m/s [KF]
[lio] t=1317401015.969 | feat 8540/83557 | map  23951 | icp ok  iter 11 corr  8540 rms 0.2288   94.17 ms | p=(   72.23  -304.86  15.95) v=6.11 m/s
[lio] t=1317401016.073 | feat 8486/83657 | map  23951 | icp ok  iter  9 corr  8470 rms 0.2648   83.38 ms | p=(   72.58  -305.41  15.96) v=6.23 m/s [KF]
[lio] t=1317401016.177 | feat 8490/83622 | map  23916 | icp ok  iter  9 corr  8490 rms 0.2229   72.07 ms | p=(   72.93  -305.95  15.99) v=6.28 m/s
[lio] t=1317401016.281 | feat 8521/83769 | map  23916 | icp ok  iter  9 corr  8510 rms 0.2704   78.19 ms | p=(   73.31  -306.51  16.02) v=6.43 m/s [KF]
[lio] t=1317401016.385 | feat 8420/83486 | map  23924 | icp ok  iter  7 corr  8405 rms 0.2319   60.69 ms | p=(   73.70  -307.06  16.07) v=6.52 m/s
[lio] t=1317401016.489 | feat 8467/83566 | map  23924 | icp ok  iter 10 corr  8432 rms 0.2903   90.38 ms | p=(   74.12  -307.62  16.10) v=6.71 m/s [KF]
[lio] t=1317401016.592 | feat 8553/83823 | map  24062 | icp ok  iter  8 corr  8549 rms 0.2532   73.68 ms | p=(   74.53  -308.18  16.12) v=6.78 m/s
[lio] t=1317401016.696 | feat 8463/83695 | map  24062 | icp ok  iter 11 corr  8440 rms 0.2655   93.08 ms | p=(   74.98  -308.75  16.15) v=6.93 m/s [KF]
[lio] t=1317401016.800 | feat 8552/83611 | map  24294 | icp ok  iter 12 corr  8525 rms 0.2259  101.57 ms | p=(   75.45  -309.32  16.19) v=7.09 m/s
[lio] t=1317401016.904 | feat 8547/83769 | map  24294 | icp ok  iter  8 corr  8519 rms 0.2558   69.01 ms | p=(   75.93  -309.88  16.24) v=7.17 m/s [KF]
[lio] t=1317401017.007 | feat 8473/83875 | map  24563 | icp ok  iter  9 corr  8469 rms 0.2260   82.16 ms | p=(   76.42  -310.44  16.27) v=7.25 m/s
[lio] t=1317401017.111 | feat 8109/83981 | map  24563 | icp ok  iter 12 corr  8107 rms 0.2550   95.35 ms | p=(   76.94  -311.01  16.30) v=7.41 m/s [KF]
[lio] t=1317401017.215 | feat 8134/84304 | map  24633 | icp ok  iter  6 corr  8134 rms 0.2370   53.79 ms | p=(   77.48  -311.58  16.33) v=7.55 m/s
[lio] t=1317401017.319 | feat 8116/83403 | map  24633 | icp ok  iter 11 corr  8116 rms 0.2595   88.40 ms | p=(   78.04  -312.15  16.37) v=7.70 m/s [KF]
[lio] t=1317401017.423 | feat 7993/80688 | map  24739 | icp ok  iter  6 corr  7990 rms 0.2336   54.65 ms | p=(   78.62  -312.70  16.40) v=7.75 m/s
[lio] t=1317401017.526 | feat 7823/78441 | map  24739 | icp ok  iter  8 corr  7802 rms 0.2522   71.80 ms | p=(   79.22  -313.26  16.43) v=7.90 m/s [KF]
[lio] t=1317401017.630 | feat 7496/77535 | map  24761 | icp ok  iter  9 corr  7494 rms 0.2721   70.06 ms | p=(   79.83  -313.82  16.46) v=8.04 m/s
[lio] t=1317401017.734 | feat 7318/79503 | map  24761 | icp ok  iter  5 corr  7313 rms 0.3228   45.54 ms | p=(   80.47  -314.38  16.49) v=8.19 m/s [KF]
[lio] t=1317401017.838 | feat 7189/82728 | map  24625 | icp ok  iter  7 corr  7187 rms 0.2463   54.71 ms | p=(   81.13  -314.95  16.53) v=8.35 m/s
[lio] t=1317401017.942 | feat 7146/85132 | map  24625 | icp ok  iter 20 corr  7139 rms 0.2803  136.57 ms | p=(   81.80  -315.50  16.57) v=8.41 m/s [KF]
[lio] t=1317401018.046 | feat 7031/85499 | map  24691 | icp ok  iter  9 corr  7027 rms 0.2693   66.70 ms | p=(   82.48  -316.06  16.63) v=8.52 m/s
[lio] t=1317401018.150 | feat 6857/85654 | map  24691 | icp ok  iter  9 corr  6843 rms 0.2982   64.60 ms | p=(   83.19  -316.61  16.67) v=8.67 m/s [KF]
[lio] t=1317401018.254 | feat 6773/85872 | map  24839 | icp ok  iter 10 corr  6766 rms 0.2726   71.48 ms | p=(   83.94  -317.17  16.70) v=8.90 m/s
[lio] t=1317401018.357 | feat 6503/85959 | map  24839 | icp ok  iter 13 corr  6473 rms 0.3340   81.26 ms | p=(   84.68  -317.72  16.74) v=8.93 m/s [KF]
[lio] t=1317401018.461 | feat 6389/86087 | map  25025 | icp ok  iter  7 corr  6388 rms 0.2554   48.68 ms | p=(   85.43  -318.26  16.79) v=8.97 m/s
[lio] t=1317401018.565 | feat 6453/86383 | map  25025 | icp ok  iter 14 corr  6451 rms 0.3367   94.74 ms | p=(   86.20  -318.81  16.87) v=9.12 m/s [KF]
[lio] t=1317401018.669 | feat 6401/86576 | map  25356 | icp ok  iter  8 corr  6396 rms 0.2563   62.50 ms | p=(   87.00  -319.35  16.91) v=9.28 m/s
[lio] t=1317401018.773 | feat 6277/86633 | map  25356 | icp ok  iter 12 corr  6268 rms 0.2983   86.77 ms | p=(   87.82  -319.91  16.94) v=9.50 m/s [KF]
[lio] t=1317401018.878 | feat 6339/86717 | map  25581 | icp ok  iter  8 corr  6339 rms 0.2842   62.82 ms | p=(   88.65  -320.47  16.96) v=9.65 m/s [KF]
[lio] t=1317401018.982 | feat 6305/86530 | map  25734 | icp ok  iter 10 corr  6305 rms 0.2793   70.96 ms | p=(   89.49  -321.03  17.02) v=9.73 m/s [KF]
[lio] t=1317401019.086 | feat 6419/86266 | map  25831 | icp ok  iter 12 corr  6384 rms 0.2612   80.42 ms | p=(   90.34  -321.59  17.08) v=9.78 m/s [KF]
[lio] t=1317401019.190 | feat 6457/86256 | map  25897 | icp ok  iter 12 corr  6447 rms 0.2878   73.83 ms | p=(   91.19  -322.17  17.12) v=9.88 m/s [KF]
[lio] t=1317401019.294 | feat 6627/85709 | map  25900 | icp ok  iter 15 corr  6619 rms 0.3541   99.12 ms | p=(   92.04  -322.74  17.17) v=9.91 m/s [KF]
[lio] t=1317401019.398 | feat 6449/85436 | map  25982 | icp ok  iter  8 corr  6446 rms 0.2890   53.20 ms | p=(   92.89  -323.31  17.22) v=9.87 m/s [KF]
[lio] t=1317401019.501 | feat 6439/83072 | map  25819 | icp ok  iter  9 corr  6438 rms 0.2558   62.92 ms | p=(   93.78  -323.86  17.27) v=9.98 m/s [KF]
[lio] t=1317401019.605 | feat 6433/82973 | map  25623 | icp ok  iter  9 corr  6432 rms 0.2518   62.91 ms | p=(   94.64  -324.42  17.32) v=9.96 m/s [KF]
[lio] t=1317401019.709 | feat 6393/80356 | map  25366 | icp ok  iter  6 corr  6392 rms 0.2421   48.34 ms | p=(   95.52  -324.99  17.36) v=9.96 m/s [KF]
[lio] t=1317401019.813 | feat 6333/81434 | map  25173 | icp ok  iter 11 corr  6332 rms 0.2666   76.50 ms | p=(   96.39  -325.53  17.38) v=9.91 m/s [KF]
[lio] t=1317401019.917 | feat 6295/85695 | map  25108 | icp ok  iter  7 corr  6295 rms 0.2568   48.26 ms | p=(   97.27  -326.08  17.42) v=9.93 m/s [KF]
[lio] t=1317401020.021 | feat 6170/85664 | map  24973 | icp ok  iter 11 corr  6170 rms 0.2375   72.77 ms | p=(   98.14  -326.64  17.49) v=9.90 m/s [KF]
[lio] t=1317401020.125 | feat 6282/85390 | map  24703 | icp ok  iter  4 corr  6278 rms 0.2343   29.49 ms | p=(   99.01  -327.19  17.54) v=9.89 m/s [KF]
[lio] t=1317401020.229 | feat 6220/85159 | map  24393 | icp ok  iter  8 corr  6220 rms 0.2221   56.62 ms | p=(   99.90  -327.75  17.56) v=9.97 m/s [KF]
[lio] t=1317401020.333 | feat 6349/85217 | map  23980 | icp ok  iter  6 corr  6349 rms 0.2277   43.33 ms | p=(  100.78  -328.30  17.60) v=9.97 m/s [KF]
[lio] t=1317401020.437 | feat 6339/85127 | map  23569 | icp ok  iter 12 corr  6335 rms 0.2279   73.97 ms | p=(  101.65  -328.85  17.65) v=9.91 m/s [KF]
[lio] t=1317401020.541 | feat 6344/85167 | map  23073 | icp ok  iter  9 corr  6344 rms 0.2234   63.23 ms | p=(  102.53  -329.39  17.68) v=9.88 m/s [KF]
[lio] t=1317401020.645 | feat 6420/85304 | map  22595 | icp ok  iter 10 corr  6420 rms 0.2300   70.14 ms | p=(  103.42  -329.93  17.71) v=9.92 m/s [KF]
[lio] t=1317401020.748 | feat 6473/85070 | map  22037 | icp ok  iter 13 corr  6473 rms 0.2342   83.81 ms | p=(  104.31  -330.47  17.74) v=9.94 m/s [KF]
[lio] t=1317401020.852 | feat 6481/85015 | map  21425 | icp ok  iter 12 corr  6473 rms 0.2276   84.99 ms | p=(  105.19  -331.00  17.79) v=9.86 m/s [KF]
[lio] t=1317401020.956 | feat 6485/84790 | map  20851 | icp ok  iter 10 corr  6459 rms 0.2471   80.71 ms | p=(  106.07  -331.54  17.85) v=9.83 m/s [KF]
[lio] t=1317401021.060 | feat 6541/84475 | map  20348 | icp ok  iter  7 corr  6540 rms 0.2503   51.28 ms | p=(  106.95  -332.06  17.90) v=9.81 m/s [KF]
[lio] t=1317401021.164 | feat 6513/83070 | map  19836 | icp ok  iter 11 corr  6513 rms 0.2205   80.93 ms | p=(  107.83  -332.57  17.92) v=9.79 m/s [KF]
[lio] t=1317401021.268 | feat 6698/83311 | map  19385 | icp ok  iter 10 corr  6672 rms 0.2339   83.84 ms | p=(  108.72  -333.09  17.94) v=9.82 m/s [KF]
[lio] t=1317401021.372 | feat 6802/83400 | map  19149 | icp ok  iter  9 corr  6802 rms 0.2959   64.64 ms | p=(  109.61  -333.61  18.00) v=9.85 m/s [KF]
[lio] t=1317401021.476 | feat 6741/82959 | map  19117 | icp ok  iter 10 corr  6735 rms 0.2653   75.83 ms | p=(  110.48  -334.11  18.03) v=9.68 m/s [KF]
[lio] t=1317401021.579 | feat 6738/83355 | map  19125 | icp ok  iter 14 corr  6734 rms 0.2294  101.29 ms | p=(  111.35  -334.62  18.08) v=9.66 m/s [KF]
[lio] t=1317401021.683 | feat 6684/84090 | map  19149 | icp ok  iter 10 corr  6681 rms 0.2195   73.99 ms | p=(  112.23  -335.13  18.13) v=9.67 m/s [KF]
[lio] t=1317401021.787 | feat 6446/84636 | map  19039 | icp ok  iter  8 corr  6430 rms 0.2324   62.62 ms | p=(  113.10  -335.62  18.18) v=9.63 m/s [KF]
[lio] t=1317401021.891 | feat 6380/84812 | map  18892 | icp ok  iter  9 corr  6370 rms 0.2943   56.20 ms | p=(  113.98  -336.11  18.22) v=9.62 m/s [KF]
[lio] t=1317401021.995 | feat 6292/85064 | map  18606 | icp ok  iter 15 corr  6292 rms 0.2738  107.14 ms | p=(  114.86  -336.61  18.24) v=9.63 m/s [KF]
[lio] t=1317401022.099 | feat 6133/85629 | map  18435 | icp ok  iter 13 corr  6133 rms 0.2665   93.98 ms | p=(  115.74  -337.10  18.27) v=9.61 m/s [KF]
[lio] t=1317401022.203 | feat 5971/85626 | map  18397 | icp ok  iter  8 corr  5951 rms 0.2370   51.64 ms | p=(  116.60  -337.59  18.31) v=9.56 m/s
[lio] t=1317401022.307 | feat 5916/85653 | map  18397 | icp ok  iter 15 corr  5857 rms 0.2690   89.70 ms | p=(  117.48  -338.09  18.38) v=9.61 m/s [KF]
[lio] t=1317401022.411 | feat 5947/85539 | map  18348 | icp ok  iter 17 corr  5944 rms 0.2430  107.08 ms | p=(  118.35  -338.57  18.44) v=9.57 m/s [KF]
[lio] t=1317401022.515 | feat 5869/85503 | map  18192 | icp ok  iter 10 corr  5869 rms 0.2509   57.65 ms | p=(  119.22  -339.06  18.48) v=9.54 m/s
[lio] t=1317401022.618 | feat 6007/85367 | map  18192 | icp ok  iter 12 corr  5939 rms 0.3468   77.44 ms | p=(  120.10  -339.54  18.51) v=9.59 m/s [KF]
[lio] t=1317401022.722 | feat 5981/85045 | map  18079 | icp ok  iter 17 corr  5981 rms 0.2550   98.43 ms | p=(  120.97  -340.03  18.54) v=9.58 m/s
[lio] t=1317401022.826 | feat 6104/84828 | map  18079 | icp ok  iter  7 corr  6103 rms 0.3593   41.62 ms | p=(  121.85  -340.52  18.58) v=9.61 m/s [KF]
[lio] t=1317401022.930 | feat 6152/84772 | map  18223 | icp ok  iter  9 corr  6151 rms 0.2742   56.45 ms | p=(  122.71  -340.99  18.63) v=9.50 m/s
[lio] t=1317401023.034 | feat 6120/84811 | map  18223 | icp ok  iter  9 corr  6117 rms 0.2945   54.10 ms | p=(  123.58  -341.47  18.68) v=9.51 m/s [KF]
[lio] t=1317401023.138 | feat 6057/84988 | map  18341 | icp ok  iter  5 corr  6053 rms 0.2215   34.70 ms | p=(  124.45  -341.94  18.72) v=9.48 m/s
[lio] t=1317401023.242 | feat 5867/84989 | map  18341 | icp ok  iter  5 corr  5860 rms 0.2410   37.38 ms | p=(  125.33  -342.42  18.75) v=9.53 m/s [KF]
[lio] t=1317401023.345 | feat 5839/85130 | map  18146 | icp ok  iter  8 corr  5839 rms 0.2151   49.90 ms | p=(  126.20  -342.89  18.79) v=9.49 m/s
[lio] t=1317401023.449 | feat 5756/85211 | map  18146 | icp ok  iter  7 corr  5751 rms 0.2340   40.99 ms | p=(  127.07  -343.35  18.83) v=9.44 m/s [KF]
[lio] t=1317401023.553 | feat 5540/85187 | map  18186 | icp ok  iter  8 corr  5538 rms 0.2330   44.02 ms | p=(  127.94  -343.82  18.88) v=9.43 m/s
[lio] t=1317401023.657 | feat 5437/85164 | map  18186 | icp ok  iter  8 corr  5423 rms 0.2640   42.25 ms | p=(  128.80  -344.28  18.90) v=9.39 m/s [KF]
[lio] t=1317401023.761 | feat 5459/85008 | map  17814 | icp ok  iter  9 corr  5443 rms 0.2324   47.99 ms | p=(  129.67  -344.75  18.96) v=9.40 m/s
[lio] t=1317401023.864 | feat 5355/84906 | map  17814 | icp ok  iter  8 corr  5342 rms 0.2658   46.95 ms | p=(  130.53  -345.21  18.97) v=9.39 m/s [KF]
[lio] t=1317401023.968 | feat 5175/84974 | map  17848 | icp ok  iter  9 corr  5175 rms 0.2232   48.31 ms | p=(  131.39  -345.67  19.00) v=9.34 m/s
[lio] t=1317401024.072 | feat 5127/85056 | map  17848 | icp ok  iter  9 corr  5127 rms 0.2566   49.36 ms | p=(  132.25  -346.13  19.06) v=9.32 m/s [KF]
[lio] t=1317401024.176 | feat 5082/85175 | map  18014 | icp ok  iter 11 corr  5082 rms 0.2261   57.53 ms | p=(  133.10  -346.59  19.11) v=9.28 m/s
[lio] t=1317401024.280 | feat 5093/85197 | map  18014 | icp ok  iter 10 corr  5092 rms 0.2506   54.30 ms | p=(  133.93  -347.04  19.14) v=9.12 m/s [KF]
[lio] t=1317401024.383 | feat 5188/85284 | map  18094 | icp ok  iter 12 corr  5179 rms 0.2181   62.86 ms | p=(  134.78  -347.49  19.16) v=9.17 m/s
[lio] t=1317401024.487 | feat 5186/85195 | map  18094 | icp ok  iter 14 corr  5178 rms 0.2838   69.16 ms | p=(  135.61  -347.93  19.20) v=9.07 m/s [KF]
[lio] t=1317401024.591 | feat 5211/84944 | map  18192 | icp ok  iter 11 corr  5207 rms 0.2739   56.59 ms | p=(  136.45  -348.38  19.22) v=9.08 m/s
[lio] t=1317401024.695 | feat 5209/84714 | map  18192 | icp ok  iter 13 corr  5202 rms 0.3283   70.29 ms | p=(  137.30  -348.83  19.27) v=9.14 m/s [KF]
[lio] t=1317401024.798 | feat 5334/85025 | map  18313 | icp ok  iter  5 corr  5329 rms 0.2514   28.52 ms | p=(  138.13  -349.27  19.30) v=9.04 m/s
[lio] t=1317401024.902 | feat 5258/85014 | map  18313 | icp ok  iter 10 corr  5243 rms 0.3017   50.79 ms | p=(  138.97  -349.71  19.33) v=9.06 m/s [KF]
[lio] t=1317401025.006 | feat 5255/85016 | map  18333 | icp ok  iter  7 corr  5252 rms 0.2325   42.61 ms | p=(  139.81  -350.16  19.34) v=9.10 m/s
[lio] t=1317401025.110 | feat 5255/84219 | map  18333 | icp ok  iter  9 corr  5237 rms 0.3067   47.71 ms | p=(  140.64  -350.61  19.38) v=9.03 m/s [KF]
[lio] t=1317401025.214 | feat 5365/79862 | map  18345 | icp ok  iter 10 corr  5353 rms 0.2655   51.75 ms | p=(  141.48  -351.05  19.41) v=9.05 m/s
[lio] t=1317401025.318 | feat 5242/75745 | map  18345 | icp ok  iter  8 corr  5231 rms 0.2961   45.33 ms | p=(  142.29  -351.48  19.43) v=8.81 m/s [KF]
[lio] t=1317401025.421 | feat 5245/71255 | map  18583 | icp ok  iter  8 corr  5245 rms 0.2970   43.35 ms | p=(  143.09  -351.90  19.47) v=8.66 m/s
[lio] t=1317401025.525 | feat 5410/67767 | map  18583 | icp ok  iter 11 corr  5398 rms 0.3401   64.22 ms | p=(  143.85  -352.31  19.52) v=8.30 m/s [KF]
[lio] t=1317401025.629 | feat 5405/67400 | map  18801 | icp ok  iter 16 corr  5382 rms 0.2740   86.87 ms | p=(  144.65  -352.73  19.54) v=8.43 m/s
[lio] t=1317401025.733 | feat 5380/66795 | map  18801 | icp ok  iter  8 corr  5328 rms 0.3285   53.37 ms | p=(  145.42  -353.15  19.56) v=8.27 m/s [KF]
[lio] t=1317401025.837 | feat 5435/65865 | map  18945 | icp ok  iter 14 corr  5421 rms 0.3184   78.89 ms | p=(  146.15  -353.55  19.56) v=8.01 m/s
[lio] t=1317401025.941 | feat 5478/65145 | map  18945 | icp ok  iter 16 corr  5435 rms 0.3724   89.86 ms | p=(  146.89  -353.96  19.61) v=8.01 m/s [KF]
[lio] t=1317401026.045 | feat 5380/64743 | map  19268 | icp ok  iter 10 corr  5367 rms 0.2482   59.71 ms | p=(  147.63  -354.36  19.64) v=7.93 m/s
[lio] t=1317401026.148 | feat 5300/64642 | map  19268 | icp ok  iter 18 corr  5290 rms 0.2935   95.33 ms | p=(  148.30  -354.73  19.67) v=7.49 m/s [KF]
[lio] t=1317401026.252 | feat 5225/64793 | map  19301 | icp ok  iter 15 corr  5222 rms 0.2459   89.52 ms | p=(  149.04  -355.15  19.70) v=7.85 m/s
[lio] t=1317401026.356 | feat 5143/64511 | map  19301 | icp ok  iter 18 corr  5139 rms 0.2672   91.28 ms | p=(  149.71  -355.52  19.71) v=7.49 m/s [KF]
[lio] t=1317401026.460 | feat 5161/65284 | map  19071 | icp ok  iter 13 corr  5155 rms 0.2683   69.73 ms | p=(  150.41  -355.92  19.75) v=7.54 m/s
[lio] t=1317401026.564 | feat 5063/65116 | map  19071 | icp ok  iter 13 corr  5046 rms 0.2938   67.64 ms | p=(  151.07  -356.34  19.76) v=7.44 m/s [KF]
[lio] t=1317401026.668 | feat 5198/65520 | map  19016 | icp ok  iter 11 corr  5193 rms 0.3051   57.78 ms | p=(  151.72  -356.74  19.80) v=7.28 m/s
[lio] t=1317401026.772 | feat 5095/65842 | map  19016 | icp ok  iter 16 corr  5087 rms 0.3298   84.25 ms | p=(  152.38  -357.14  19.82) v=7.27 m/s [KF]
[lio] t=1317401026.876 | feat 5058/66097 | map  18997 | icp ok  iter  7 corr  5054 rms 0.2950   41.62 ms | p=(  153.00  -357.55  19.86) v=7.09 m/s
[lio] t=1317401026.980 | feat 5118/67072 | map  18997 | icp ok  iter 15 corr  5112 rms 0.3178   79.23 ms | p=(  153.63  -357.96  19.91) v=7.10 m/s [KF]
[lio] t=1317401027.084 | feat 5179/67990 | map  18920 | icp ok  iter  6 corr  5169 rms 0.2726   37.44 ms | p=(  154.22  -358.38  19.94) v=6.96 m/s
[lio] t=1317401027.188 | feat 5173/68430 | map  18920 | icp ok  iter 10 corr  5150 rms 0.3230   54.79 ms | p=(  154.82  -358.80  19.97) v=6.91 m/s [KF]
[lio] t=1317401027.292 | feat 5124/68775 | map  18831 | icp ok  iter 11 corr  5121 rms 0.3286   56.53 ms | p=(  155.40  -359.22  20.00) v=6.81 m/s
[lio] t=1317401027.396 | feat 5056/70777 | map  18831 | icp ok  iter 10 corr  5042 rms 0.3759   51.76 ms | p=(  155.98  -359.65  20.00) v=6.78 m/s [KF]
[lio] t=1317401027.500 | feat 5066/71729 | map  19021 | icp ok  iter  9 corr  5053 rms 0.3245   47.56 ms | p=(  156.53  -360.06  20.04) v=6.55 m/s
[lio] t=1317401027.604 | feat 5098/73045 | map  19021 | icp ok  iter 10 corr  5048 rms 0.3974   53.40 ms | p=(  157.05  -360.48  20.09) v=6.40 m/s [KF]
[lio] t=1317401027.708 | feat 5102/76235 | map  19109 | icp ok  iter 10 corr  5073 rms 0.3476   52.96 ms | p=(  157.57  -360.87  20.11) v=6.15 m/s
[lio] t=1317401027.812 | feat 5174/80139 | map  19109 | icp ok  iter 17 corr  5141 rms 0.3752   87.96 ms | p=(  158.09  -361.29  20.14) v=6.17 m/s [KF]
[lio] t=1317401027.916 | feat 5092/84137 | map  19242 | icp ok  iter 12 corr  5083 rms 0.3146   66.57 ms | p=(  158.56  -361.67  20.16) v=5.82 m/s
[lio] t=1317401028.019 | feat 5154/84939 | map  19242 | icp ok  iter 15 corr  5120 rms 0.3740   76.11 ms | p=(  159.05  -362.06  20.17) v=5.82 m/s [KF]
[lio] t=1317401028.123 | feat 5271/84813 | map  19561 | icp ok  iter  6 corr  5260 rms 0.3407   35.67 ms | p=(  159.49  -362.44  20.20) v=5.52 m/s
[lio] t=1317401028.227 | feat 5306/84704 | map  19561 | icp ok  iter 10 corr  5289 rms 0.4013   50.63 ms | p=(  159.94  -362.79  20.22) v=5.33 m/s [KF]
[lio] t=1317401028.331 | feat 5379/84830 | map  19805 | icp ok  iter  8 corr  5369 rms 0.3152   44.65 ms | p=(  160.35  -363.12  20.22) v=5.05 m/s
[lio] t=1317401028.434 | feat 5568/84831 | map  19805 | icp ok  iter 11 corr  5540 rms 0.4243   62.16 ms | p=(  160.77  -363.46  20.24) v=4.99 m/s [KF]
[lio] t=1317401028.538 | feat 5733/84851 | map  20114 | icp ok  iter  8 corr  5707 rms 0.3516   43.88 ms | p=(  161.18  -363.78  20.25) v=4.82 m/s
[lio] t=1317401028.642 | feat 5980/84885 | map  20114 | icp ok  iter  9 corr  5927 rms 0.4155   51.56 ms | p=(  161.57  -364.10  20.27) v=4.74 m/s [KF]
[lio] t=1317401028.746 | feat 6170/85026 | map  20527 | icp ok  iter  9 corr  6153 rms 0.3276   57.09 ms | p=(  161.94  -364.39  20.28) v=4.46 m/s
[lio] t=1317401028.850 | feat 6370/84875 | map  20527 | icp ok  iter 13 corr  6314 rms 0.4289   78.70 ms | p=(  162.33  -364.68  20.31) v=4.45 m/s
[lio] t=1317401028.953 | feat 6706/84434 | map  20527 | icp ok  iter  8 corr  6543 rms 0.5182   49.17 ms | p=(  162.68  -364.97  20.33) v=4.26 m/s [KF]
[lio] t=1317401029.057 | feat 7027/83708 | map  21617 | icp ok  iter  5 corr  6997 rms 0.4181   37.74 ms | p=(  163.03  -365.23  20.34) v=4.08 m/s
[lio] t=1317401029.161 | feat 7344/82696 | map  21617 | icp ok  iter  7 corr  7266 rms 0.4689   50.35 ms | p=(  163.35  -365.47  20.35) v=3.82 m/s
[lio] t=1317401029.265 | feat 7606/80588 | map  21617 | icp ok  iter  7 corr  7447 rms 0.5552   50.61 ms | p=(  163.66  -365.70  20.36) v=3.55 m/s [KF]
[lio] t=1317401029.368 | feat 7937/78984 | map  22870 | icp ok  iter 11 corr  7887 rms 0.3608   84.26 ms | p=(  163.95  -365.92  20.37) v=3.38 m/s
[lio] t=1317401029.472 | feat 8163/77446 | map  22870 | icp ok  iter  6 corr  8074 rms 0.4210   51.35 ms | p=(  164.22  -366.13  20.39) v=3.11 m/s
[lio] t=1317401029.576 | feat 8436/76328 | map  22870 | icp ok  iter 10 corr  8276 rms 0.4878   82.85 ms | p=(  164.49  -366.33  20.40) v=2.95 m/s [KF]
[lio] t=1317401029.680 | feat 8557/75521 | map  24557 | icp ok  iter 13 corr  8526 rms 0.3305  113.53 ms | p=(  164.71  -366.49  20.42) v=2.55 m/s
[lio] t=1317401029.784 | feat 8781/75034 | map  24557 | icp ok  iter 11 corr  8692 rms 0.3778   97.59 ms | p=(  164.92  -366.65  20.43) v=2.40 m/s
[lio] t=1317401029.887 | feat 9063/74596 | map  24557 | icp ok  iter 10 corr  8894 rms 0.4353   92.69 ms | p=(  165.14  -366.78  20.44) v=2.23 m/s
[lio] t=1317401029.991 | feat 9095/74676 | map  24557 | icp ok  iter 12 corr  8871 rms 0.4866  109.98 ms | p=(  165.34  -366.91  20.44) v=2.14 m/s [KF]
[lio] t=1317401030.095 | feat 9154/74893 | map  26355 | icp ok  iter 13 corr  9133 rms 0.3152  127.80 ms | p=(  165.48  -367.00  20.45) v=1.68 m/s
[lio] t=1317401030.198 | feat 9437/75733 | map  26355 | icp ok  iter 15 corr  9337 rms 0.3994  147.48 ms | p=(  165.66  -367.12  20.46) v=1.77 m/s
[lio] t=1317401030.302 | feat 9641/76576 | map  26355 | icp ok  iter  6 corr  9464 rms 0.4050   54.47 ms | p=(  165.80  -367.21  20.47) v=1.57 m/s
[lio] t=1317401030.406 | feat 9866/77596 | map  26355 | icp ok  iter 10 corr  9597 rms 0.3974   94.98 ms | p=(  165.94  -367.30  20.47) v=1.46 m/s
[lio] t=1317401030.510 | feat 9992/78366 | map  26355 | icp ok  iter  9 corr  9630 rms 0.4153   84.76 ms | p=(  166.08  -367.37  20.47) v=1.40 m/s
[lio] t=1317401030.613 | feat 10226/79057 | map  26355 | icp ok  iter 11 corr  9749 rms 0.4559  102.35 ms | p=(  166.20  -367.42  20.47) v=1.26 m/s [KF]
[lio] t=1317401030.717 | feat 10300/79601 | map  28277 | icp ok  iter 12 corr 10294 rms 0.2586  124.59 ms | p=(  166.30  -367.50  20.48) v=1.21 m/s
[lio] t=1317401030.821 | feat 10429/80729 | map  28277 | icp ok  iter  7 corr 10406 rms 0.3084   89.07 ms | p=(  166.44  -367.55  20.49) v=1.30 m/s
[lio] t=1317401030.925 | feat 10607/81742 | map  28277 | icp ok  iter 13 corr 10535 rms 0.4051  140.71 ms | p=(  166.58  -367.63  20.50) v=1.42 m/s
[lio] t=1317401031.029 | feat 10904/82273 | map  28277 | icp ok  iter 12 corr 10788 rms 0.4275  121.25 ms | p=(  166.70  -367.68  20.51) v=1.29 m/s
[lio] t=1317401031.132 | feat 11076/82561 | map  28277 | icp ok  iter  8 corr 10889 rms 0.4677   85.06 ms | p=(  166.83  -367.74  20.51) v=1.26 m/s
[lio] t=1317401031.236 | feat 11219/82555 | map  28277 | icp ok  iter  6 corr 10996 rms 0.4739   67.29 ms | p=(  166.94  -367.79  20.52) v=1.21 m/s
[lio] t=1317401031.340 | feat 11426/82568 | map  28277 | icp ok  iter  9 corr 11159 rms 0.4886   98.96 ms | p=(  167.07  -367.83  20.52) v=1.26 m/s
[lio] t=1317401031.444 | feat 11351/82267 | map  28277 | icp ok  iter  8 corr 11043 rms 0.5014   92.75 ms | p=(  167.21  -367.86  20.53) v=1.31 m/s [KF]
[lio] t=1317401031.547 | feat 11554/82294 | map  30448 | icp ok  iter 12 corr 11531 rms 0.3626  149.67 ms | p=(  167.34  -367.92  20.55) v=1.42 m/s
[lio] t=1317401031.651 | feat 11724/82288 | map  30448 | icp ok  iter  9 corr 11700 rms 0.4060  107.85 ms | p=(  167.49  -367.96  20.55) v=1.50 m/s
[lio] t=1317401031.755 | feat 11739/82330 | map  30448 | icp ok  iter 11 corr 11701 rms 0.3968  141.90 ms | p=(  167.66  -368.04  20.54) v=1.72 m/s
[lio] t=1317401031.859 | feat 11763/82343 | map  30448 | icp ok  iter 13 corr 11719 rms 0.4293  156.38 ms | p=(  167.82  -368.07  20.54) v=1.70 m/s
[lio] t=1317401031.962 | feat 11882/82296 | map  30448 | icp ok  iter 11 corr 11840 rms 0.4192  140.27 ms | p=(  168.04  -368.10  20.55) v=2.06 m/s
[lio] t=1317401032.066 | feat 11949/82251 | map  30448 | icp ok  iter 13 corr 11885 rms 0.4318  166.49 ms | p=(  168.25  -368.15  20.57) v=2.11 m/s [KF]
[lio] t=1317401032.170 | feat 11958/82057 | map  32762 | icp ok  iter 12 corr 11952 rms 0.3337  152.31 ms | p=(  168.47  -368.17  20.58) v=2.17 m/s
[lio] t=1317401032.273 | feat 12053/82106 | map  32762 | icp ok  iter  6 corr 12050 rms 0.2964   92.86 ms | p=(  168.70  -368.22  20.56) v=2.32 m/s
[lio] t=1317401032.377 | feat 12111/82018 | map  32762 | icp ok  iter 13 corr 12100 rms 0.3216  156.31 ms | p=(  168.96  -368.25  20.58) v=2.53 m/s
[lio] t=1317401032.481 | feat 12174/81702 | map  32762 | icp ok  iter 11 corr 12156 rms 0.3558  140.96 ms | p=(  169.23  -368.24  20.59) v=2.65 m/s
[lio] t=1317401032.584 | feat 12229/81483 | map  32762 | icp ok  iter 13 corr 12210 rms 0.3591  182.46 ms | p=(  169.55  -368.23  20.59) v=2.98 m/s [KF]
[lio] t=1317401032.688 | feat 12201/81524 | map  34476 | icp ok  iter 14 corr 12199 rms 0.2691  185.23 ms | p=(  169.82  -368.25  20.59) v=2.84 m/s
[lio] t=1317401032.792 | feat 12404/81698 | map  34476 | icp ok  iter 12 corr 12401 rms 0.3100  157.59 ms | p=(  170.12  -368.23  20.60) v=2.99 m/s
[lio] t=1317401032.895 | feat 12578/81775 | map  34476 | icp ok  iter 10 corr 12566 rms 0.3256  134.68 ms | p=(  170.45  -368.20  20.60) v=3.22 m/s
[lio] t=1317401032.999 | feat 12697/81703 | map  34476 | icp ok  iter  6 corr 12675 rms 0.3453   82.95 ms | p=(  170.79  -368.15  20.59) v=3.34 m/s [KF]
[lio] t=1317401033.103 | feat 12718/81798 | map  35978 | icp ok  iter 10 corr 12711 rms 0.3143  133.73 ms | p=(  171.14  -368.08  20.60) v=3.52 m/s
[lio] t=1317401033.206 | feat 12782/81774 | map  35978 | icp ok  iter  9 corr 12758 rms 0.2999  120.62 ms | p=(  171.50  -367.99  20.60) v=3.66 m/s
[lio] t=1317401033.310 | feat 12937/81866 | map  35978 | icp ok  iter 11 corr 12895 rms 0.3189  147.45 ms | p=(  171.87  -367.89  20.61) v=3.78 m/s [KF]
[lio] t=1317401033.414 | feat 12921/81770 | map  37213 | icp ok  iter  7 corr 12908 rms 0.2653   98.01 ms | p=(  172.24  -367.76  20.62) v=3.90 m/s
[lio] t=1317401033.517 | feat 12917/81905 | map  37213 | icp ok  iter 11 corr 12869 rms 0.3255  141.16 ms | p=(  172.63  -367.59  20.61) v=4.13 m/s
[lio] t=1317401033.621 | feat 12907/82031 | map  37213 | icp ok  iter  8 corr 12840 rms 0.3474  100.58 ms | p=(  173.02  -367.40  20.62) v=4.33 m/s [KF]
[lio] t=1317401033.725 | feat 12943/82345 | map  38381 | icp ok  iter  7 corr 12935 rms 0.2784  111.40 ms | p=(  173.42  -367.19  20.61) v=4.43 m/s
[lio] t=1317401033.829 | feat 12962/82466 | map  38381 | icp ok  iter 10 corr 12942 rms 0.3032  141.23 ms | p=(  173.82  -366.92  20.60) v=4.71 m/s
[lio] t=1317401033.933 | feat 12822/82680 | map  38381 | icp ok  iter  9 corr 12789 rms 0.3275  131.89 ms | p=(  174.26  -366.65  20.60) v=5.02 m/s [KF]
[lio] t=1317401034.037 | feat 12762/82740 | map  39592 | icp ok  iter 12 corr 12761 rms 0.2629  161.47 ms | p=(  174.67  -366.32  20.61) v=5.20 m/s
[lio] t=1317401034.140 | feat 12778/82656 | map  39592 | icp ok  iter  9 corr 12765 rms 0.3151  151.21 ms | p=(  175.08  -365.97  20.60) v=5.34 m/s [KF]
[lio] t=1317401034.244 | feat 12695/82385 | map  40722 | icp ok  iter 14 corr 12691 rms 0.2589  206.69 ms | p=(  175.50  -365.59  20.60) v=5.58 m/s
[lio] t=1317401034.349 | feat 12695/82196 | map  40722 | icp ok  iter 12 corr 12655 rms 0.3036  176.40 ms | p=(  175.92  -365.17  20.58) v=5.82 m/s [KF]
[lio] t=1317401034.453 | feat 12477/81987 | map  41700 | icp ok  iter  7 corr 12467 rms 0.2672  118.68 ms | p=(  176.36  -364.73  20.58) v=6.10 m/s
[lio] t=1317401034.557 | feat 12316/81705 | map  41700 | icp ok  iter 13 corr 12276 rms 0.3079  172.56 ms | p=(  176.81  -364.25  20.58) v=6.40 m/s [KF]
[lio] t=1317401034.661 | feat 12213/81625 | map  42509 | icp ok  iter  7 corr 12202 rms 0.2924   99.66 ms | p=(  177.26  -363.74  20.56) v=6.59 m/s
[lio] t=1317401034.765 | feat 11962/81683 | map  42509 | icp ok  iter  6 corr 11932 rms 0.3051   88.91 ms | p=(  177.72  -363.23  20.56) v=6.72 m/s [KF]
[lio] t=1317401034.869 | feat 11861/81676 | map  43058 | icp ok  iter  8 corr 11859 rms 0.2514   99.39 ms | p=(  178.18  -362.69  20.55) v=6.95 m/s
[lio] t=1317401034.974 | feat 11787/81599 | map  43058 | icp ok  iter  9 corr 11781 rms 0.2602  123.14 ms | p=(  178.65  -362.12  20.55) v=7.18 m/s [KF]
[lio] t=1317401035.078 | feat 11510/80929 | map  43396 | icp ok  iter  9 corr 11510 rms 0.2439  128.11 ms | p=(  179.11  -361.53  20.54) v=7.35 m/s
[lio] t=1317401035.182 | feat 11393/80897 | map  43396 | icp ok  iter  8 corr 11392 rms 0.2605  118.09 ms | p=(  179.61  -360.91  20.54) v=7.67 m/s [KF]
[lio] t=1317401035.286 | feat 11217/81294 | map  43561 | icp ok  iter 11 corr 11216 rms 0.2330  138.92 ms | p=(  180.09  -360.28  20.54) v=7.74 m/s
[lio] t=1317401035.390 | feat 11031/81075 | map  43561 | icp ok  iter  7 corr 11015 rms 0.2436   96.36 ms | p=(  180.60  -359.63  20.53) v=7.99 m/s [KF]
[lio] t=1317401035.495 | feat 10906/81247 | map  43812 | icp ok  iter  7 corr 10898 rms 0.2251   91.38 ms | p=(  181.10  -358.95  20.53) v=8.19 m/s
[lio] t=1317401035.599 | feat 10740/81014 | map  43812 | icp ok  iter 12 corr 10733 rms 0.2456  140.33 ms | p=(  181.61  -358.29  20.52) v=8.24 m/s [KF]
[lio] t=1317401035.703 | feat 10682/81183 | map  44063 | icp ok  iter  6 corr 10680 rms 0.2306   78.68 ms | p=(  182.14  -357.57  20.51) v=8.57 m/s
[lio] t=1317401035.807 | feat 10412/81250 | map  44063 | icp ok  iter  7 corr 10411 rms 0.2485   77.39 ms | p=(  182.68  -356.85  20.51) v=8.76 m/s [KF]
[lio] t=1317401035.911 | feat 10415/81621 | map  44255 | icp ok  iter  5 corr 10398 rms 0.2413   48.78 ms | p=(  183.23  -356.11  20.50) v=8.94 m/s
[lio] t=1317401036.015 | feat 10375/81927 | map  44255 | icp ok  iter 13 corr 10355 rms 0.2894  146.94 ms | p=(  183.78  -355.38  20.49) v=8.95 m/s [KF]
[lio] t=1317401036.119 | feat 10462/82178 | map  44583 | icp ok  iter 12 corr 10445 rms 0.2402  148.19 ms | p=(  184.35  -354.61  20.49) v=9.23 m/s
[lio] t=1317401036.223 | feat 10577/82257 | map  44583 | icp ok  iter  5 corr 10547 rms 0.2697   57.98 ms | p=(  184.92  -353.83  20.48) v=9.36 m/s [KF]
[lio] t=1317401036.327 | feat 10542/82323 | map  44698 | icp ok  iter  5 corr 10522 rms 0.2536   62.31 ms | p=(  185.49  -353.03  20.47) v=9.51 m/s
[lio] t=1317401036.431 | feat 10394/82018 | map  44698 | icp ok  iter 11 corr 10369 rms 0.3104  123.67 ms | p=(  186.08  -352.24  20.46) v=9.55 m/s [KF]
[lio] t=1317401036.535 | feat 10441/81861 | map  44928 | icp ok  iter  9 corr 10441 rms 0.2528   91.71 ms | p=(  186.66  -351.44  20.45) v=9.59 m/s
[lio] t=1317401036.639 | feat 10576/81458 | map  44928 | icp ok  iter  8 corr 10558 rms 0.2643   83.31 ms | p=(  187.25  -350.63  20.45) v=9.67 m/s [KF]
[lio] t=1317401036.743 | feat 10322/81410 | map  45152 | icp ok  iter 14 corr 10305 rms 0.2525  141.36 ms | p=(  187.84  -349.82  20.44) v=9.71 m/s [KF]
[lio] t=1317401036.847 | feat 10473/81849 | map  45177 | icp ok  iter  5 corr 10464 rms 0.2498   68.65 ms | p=(  188.42  -349.00  20.43) v=9.75 m/s [KF]
[lio] t=1317401036.951 | feat 10514/79651 | map  45276 | icp ok  iter  9 corr 10499 rms 0.2938   92.44 ms | p=(  189.01  -348.17  20.42) v=9.76 m/s [KF]
[lio] t=1317401037.055 | feat 10393/77206 | map  45298 | icp ok  iter  4 corr 10382 rms 0.2487   54.20 ms | p=(  189.60  -347.35  20.42) v=9.76 m/s [KF]
[lio] t=1317401037.159 | feat 9984/74747 | map  45050 | icp ok  iter  7 corr  9982 rms 0.2389   73.49 ms | p=(  190.18  -346.53  20.41) v=9.72 m/s [KF]
[lio] t=1317401037.263 | feat 9786/73225 | map  44568 | icp ok  iter  6 corr  9777 rms 0.2272   61.91 ms | p=(  190.77  -345.70  20.40) v=9.76 m/s [KF]
[lio] t=1317401037.367 | feat 9548/74316 | map  44078 | icp ok  iter  9 corr  9530 rms 0.2401   84.74 ms | p=(  191.36  -344.88  20.38) v=9.75 m/s [KF]
[lio] t=1317401037.471 | feat 9853/75502 | map  43597 | icp ok  iter  7 corr  9851 rms 0.2567   68.78 ms | p=(  191.95  -344.06  20.36) v=9.74 m/s [KF]
[lio] t=1317401037.575 | feat 10243/79768 | map  43263 | icp ok  iter  6 corr 10241 rms 0.2447   67.56 ms | p=(  192.53  -343.25  20.36) v=9.66 m/s [KF]
[lio] t=1317401037.679 | feat 10463/79827 | map  42857 | icp ok  iter  8 corr 10462 rms 0.2444   87.26 ms | p=(  193.12  -342.43  20.35) v=9.66 m/s [KF]
[lio] t=1317401037.783 | feat 10718/79672 | map  42297 | icp ok  iter  6 corr 10713 rms 0.2460   71.56 ms | p=(  193.71  -341.61  20.34) v=9.65 m/s [KF]
[lio] t=1317401037.887 | feat 10965/79173 | map  41752 | icp ok  iter  8 corr 10960 rms 0.2738   90.95 ms | p=(  194.29  -340.80  20.32) v=9.65 m/s [KF]
[lio] t=1317401037.991 | feat 10818/78583 | map  41375 | icp ok  iter  4 corr 10818 rms 0.2616   49.49 ms | p=(  194.88  -339.98  20.31) v=9.64 m/s [KF]
[lio] t=1317401038.095 | feat 10732/77940 | map  40963 | icp ok  iter  6 corr 10731 rms 0.2529   64.93 ms | p=(  195.46  -339.16  20.30) v=9.66 m/s [KF]
[lio] t=1317401038.199 | feat 9679/75398 | map  40520 | icp ok  iter  8 corr  9670 rms 0.2533   83.60 ms | p=(  196.05  -338.35  20.29) v=9.67 m/s [KF]
[lio] t=1317401038.303 | feat 9192/74298 | map  39974 | icp ok  iter  5 corr  9187 rms 0.2428   50.47 ms | p=(  196.63  -337.54  20.27) v=9.60 m/s
[lio] t=1317401038.407 | feat 8942/73379 | map  39974 | icp ok  iter  5 corr  8927 rms 0.3295   51.05 ms | p=(  197.20  -336.73  20.26) v=9.55 m/s [KF]
[lio] t=1317401038.511 | feat 8870/73222 | map  39354 | icp ok  iter  7 corr  8857 rms 0.2839   63.39 ms | p=(  197.78  -335.93  20.24) v=9.51 m/s
[lio] t=1317401038.615 | feat 8894/73219 | map  39354 | icp ok  iter  7 corr  8843 rms 0.3725   66.70 ms | p=(  198.35  -335.12  20.23) v=9.49 m/s [KF]
[lio] t=1317401038.718 | feat 9105/73723 | map  38698 | icp ok  iter  7 corr  9099 rms 0.3090   69.00 ms | p=(  198.93  -334.33  20.21) v=9.39 m/s
[lio] t=1317401038.822 | feat 9228/74205 | map  38698 | icp ok  iter  8 corr  9204 rms 0.4013   79.89 ms | p=(  199.48  -333.53  20.20) v=9.32 m/s [KF]
[lio] t=1317401038.926 | feat 9341/74972 | map  38603 | icp ok  iter 11 corr  9330 rms 0.2913  105.97 ms | p=(  200.03  -332.75  20.18) v=9.18 m/s
[lio] t=1317401039.030 | feat 9419/75840 | map  38603 | icp ok  iter 15 corr  9399 rms 0.3412  150.11 ms | p=(  200.55  -332.00  20.17) v=8.90 m/s [KF]
[lio] t=1317401039.134 | feat 9263/76216 | map  38623 | icp ok  iter 13 corr  9236 rms 0.3045  124.99 ms | p=(  201.08  -331.22  20.16) v=8.92 m/s
[lio] t=1317401039.237 | feat 9169/76845 | map  38623 | icp ok  iter 16 corr  9133 rms 0.3532  157.91 ms | p=(  201.59  -330.44  20.15) v=8.90 m/s [KF]
[lio] t=1317401039.341 | feat 9136/77847 | map  38612 | icp ok  iter 15 corr  9122 rms 0.3279  150.39 ms | p=(  202.07  -329.69  20.15) v=8.67 m/s
[lio] t=1317401039.445 | feat 8956/78807 | map  38612 | icp ok  iter 17 corr  8939 rms 0.3724  166.68 ms | p=(  202.56  -328.94  20.14) v=8.57 m/s [KF]
[lio] t=1317401039.548 | feat 9061/78954 | map  38518 | icp ok  iter  3 corr  9059 rms 0.3056   40.45 ms | p=(  203.01  -328.18  20.13) v=8.48 m/s
[lio] t=1317401039.652 | feat 8749/79319 | map  38518 | icp ok  iter  9 corr  8737 rms 0.3317   97.65 ms | p=(  203.44  -327.42  20.11) v=8.42 m/s [KF]
[lio] t=1317401039.756 | feat 8660/79530 | map  38354 | icp ok  iter 15 corr  8652 rms 0.2851  129.97 ms | p=(  203.85  -326.65  20.10) v=8.41 m/s
[lio] t=1317401039.859 | feat 8686/79566 | map  38354 | icp ok  iter  8 corr  8654 rms 0.3493   68.45 ms | p=(  204.24  -325.87  20.09) v=8.39 m/s [KF]
[lio] t=1317401039.963 | feat 8706/80088 | map  38307 | icp ok  iter  6 corr  8698 rms 0.2676   60.77 ms | p=(  204.59  -325.10  20.09) v=8.26 m/s
[lio] t=1317401040.067 | feat 8954/80772 | map  38307 | icp ok  iter 10 corr  8909 rms 0.3315   95.09 ms | p=(  204.95  -324.31  20.07) v=8.31 m/s [KF]
[lio] t=1317401040.170 | feat 9323/81373 | map  38293 | icp ok  iter  5 corr  9285 rms 0.3039   59.46 ms | p=(  205.26  -323.52  20.06) v=8.21 m/s
[lio] t=1317401040.274 | feat 9527/81959 | map  38293 | icp ok  iter 13 corr  9463 rms 0.3853  137.85 ms | p=(  205.55  -322.72  20.05) v=8.20 m/s [KF]
[lio] t=1317401040.378 | feat 9713/82250 | map  38567 | icp ok  iter 11 corr  9698 rms 0.3236  115.11 ms | p=(  205.82  -321.92  20.03) v=8.17 m/s
[lio] t=1317401040.481 | feat 9681/81851 | map  38567 | icp ok  iter 10 corr  9647 rms 0.3743  100.18 ms | p=(  206.05  -321.11  20.00) v=8.12 m/s [KF]
[lio] t=1317401040.585 | feat 9649/81306 | map  38786 | icp ok  iter 10 corr  9622 rms 0.3562  103.21 ms | p=(  206.26  -320.30  19.98) v=8.11 m/s
[lio] t=1317401040.689 | feat 9820/81391 | map  38786 | icp ok  iter 11 corr  9750 rms 0.4326  118.09 ms | p=(  206.43  -319.47  19.98) v=8.13 m/s [KF]
[lio] t=1317401040.793 | feat 10297/81605 | map  39264 | icp ok  iter 12 corr 10242 rms 0.3442  130.70 ms | p=(  206.59  -318.66  19.98) v=8.07 m/s
[lio] t=1317401040.897 | feat 10804/81755 | map  39264 | icp ok  iter 11 corr 10755 rms 0.4450  129.36 ms | p=(  206.71  -317.82  19.95) v=8.18 m/s [KF]
[lio] t=1317401041.000 | feat 11066/81858 | map  40094 | icp ok  iter  9 corr 11051 rms 0.3417  109.62 ms | p=(  206.82  -316.98  19.91) v=8.22 m/s
[lio] t=1317401041.104 | feat 11322/81894 | map  40094 | icp ok  iter  7 corr 11296 rms 0.3819   90.69 ms | p=(  206.90  -316.13  19.87) v=8.29 m/s [KF]
[lio] t=1317401041.208 | feat 11504/81782 | map  40934 | icp ok  iter  9 corr 11483 rms 0.3269  117.41 ms | p=(  206.96  -315.25  19.84) v=8.49 m/s
[lio] t=1317401041.312 | feat 11751/81487 | map  40934 | icp ok  iter 12 corr 11704 rms 0.3727  153.51 ms | p=(  206.98  -314.41  19.83) v=8.33 m/s [KF]
[lio] t=1317401041.416 | feat 11970/81303 | map  41959 | icp ok  iter  8 corr 11947 rms 0.3121  124.69 ms | p=(  207.01  -313.58  19.81) v=8.19 m/s
[lio] t=1317401041.520 | feat 12143/81519 | map  41959 | icp ok  iter 11 corr 12107 rms 0.3636  168.14 ms | p=(  206.98  -312.64  19.77) v=8.78 m/s [KF]
[lio] t=1317401041.624 | feat 12194/81154 | map  42890 | icp ok  iter 21 corr 12181 rms 0.2895  274.31 ms | p=(  206.96  -311.79  19.75) v=8.52 m/s
[lio] t=1317401041.728 | feat 12108/81370 | map  42890 | icp ok  iter  9 corr 12080 rms 0.3212  140.68 ms | p=(  206.90  -310.87  19.70) v=8.85 m/s [KF]
[lio] t=1317401041.832 | feat 12343/81395 | map  43830 | icp ok  iter  9 corr 12333 rms 0.2717  128.73 ms | p=(  206.84  -309.96  19.66) v=8.86 m/s
[lio] t=1317401041.936 | feat 12260/81388 | map  43830 | icp ok  iter 10 corr 12241 rms 0.3019  131.36 ms | p=(  206.76  -309.05  19.63) v=8.91 m/s [KF]
[lio] t=1317401042.040 | feat 12351/81415 | map  44577 | icp ok  iter  8 corr 12343 rms 0.2893  109.09 ms | p=(  206.67  -308.12  19.62) v=9.02 m/s
[lio] t=1317401042.144 | feat 12232/81158 | map  44577 | icp ok  iter 14 corr 12201 rms 0.3290  174.72 ms | p=(  206.56  -307.18  19.59) v=9.21 m/s [KF]
[lio] t=1317401042.248 | feat 12088/81102 | map  45190 | icp ok  iter 12 corr 12050 rms 0.3053  150.38 ms | p=(  206.44  -306.24  19.54) v=9.23 m/s
[lio] t=1317401042.352 | feat 12136/80814 | map  45190 | icp ok  iter 10 corr 12059 rms 0.3423  132.12 ms | p=(  206.31  -305.29  19.52) v=9.33 m/s [KF]
[lio] t=1317401042.456 | feat 11889/80499 | map  45492 | icp ok  iter 12 corr 11874 rms 0.2992  150.66 ms | p=(  206.17  -304.32  19.48) v=9.46 m/s
[lio] t=1317401042.560 | feat 11869/79898 | map  45492 | icp ok  iter 13 corr 11826 rms 0.3816  162.27 ms | p=(  206.02  -303.36  19.44) v=9.50 m/s [KF]
[lio] t=1317401042.664 | feat 11620/79964 | map  45552 | icp ok  iter 10 corr 11614 rms 0.2861  122.89 ms | p=(  205.86  -302.37  19.41) v=9.72 m/s [KF]
[lio] t=1317401042.768 | feat 11548/79820 | map  45568 | icp ok  iter  9 corr 11540 rms 0.2663  111.83 ms | p=(  205.69  -301.37  19.37) v=9.79 m/s [KF]
[lio] t=1317401042.872 | feat 11411/79761 | map  45526 | icp ok  iter  6 corr 11389 rms 0.2816   76.75 ms | p=(  205.52  -300.37  19.34) v=9.87 m/s [KF]
[lio] t=1317401042.976 | feat 11314/79152 | map  45196 | icp ok  iter  7 corr 11302 rms 0.2745   84.86 ms | p=(  205.34  -299.36  19.28) v=9.98 m/s [KF]
[lio] t=1317401043.080 | feat 11138/78806 | map  45117 | icp ok  iter 14 corr 11120 rms 0.2667  158.92 ms | p=(  205.15  -298.36  19.25) v=9.96 m/s [KF]
[lio] t=1317401043.184 | feat 10766/78741 | map  45240 | icp ok  iter 10 corr 10759 rms 0.2650  103.81 ms | p=(  204.97  -297.33  19.20) v=10.13 m/s [KF]
[lio] t=1317401043.288 | feat 10474/78523 | map  45371 | icp ok  iter  6 corr 10464 rms 0.2565   69.47 ms | p=(  204.78  -296.29  19.16) v=10.23 m/s [KF]
[lio] t=1317401043.392 | feat 10000/78394 | map  45531 | icp ok  iter  6 corr  9995 rms 0.2625   62.42 ms | p=(  204.58  -295.24  19.12) v=10.38 m/s [KF]
[lio] t=1317401043.496 | feat 9783/78492 | map  45428 | icp ok  iter  9 corr  9775 rms 0.2589   91.67 ms | p=(  204.39  -294.18  19.08) v=10.47 m/s [KF]
[lio] t=1317401043.600 | feat 9317/78983 | map  45204 | icp ok  iter  7 corr  9311 rms 0.2595   66.15 ms | p=(  204.19  -293.10  19.04) v=10.66 m/s [KF]
[lio] t=1317401043.704 | feat 9196/79740 | map  45006 | icp ok  iter  7 corr  9187 rms 0.2595   70.31 ms | p=(  203.98  -292.01  18.99) v=10.76 m/s [KF]
[lio] t=1317401043.808 | feat 9223/80115 | map  44866 | icp ok  iter  8 corr  9212 rms 0.2502   77.09 ms | p=(  203.78  -290.91  18.94) v=10.83 m/s [KF]
[lio] t=1317401043.912 | feat 9146/80130 | map  44649 | icp ok  iter  5 corr  9143 rms 0.2712   56.22 ms | p=(  203.56  -289.82  18.89) v=10.88 m/s [KF]
[lio] t=1317401044.016 | feat 8805/80720 | map  44425 | icp ok  iter  9 corr  8794 rms 0.2643   81.00 ms | p=(  203.35  -288.71  18.85) v=10.97 m/s [KF]
[lio] t=1317401044.120 | feat 8722/81305 | map  43899 | icp ok  iter  9 corr  8720 rms 0.2565   83.47 ms | p=(  203.13  -287.57  18.80) v=11.16 m/s [KF]
[lio] t=1317401044.224 | feat 8528/81714 | map  43502 | icp ok  iter 12 corr  8526 rms 0.2424  107.02 ms | p=(  202.93  -286.46  18.75) v=11.12 m/s [KF]
[lio] t=1317401044.328 | feat 8509/81518 | map  43153 | icp ok  iter  6 corr  8506 rms 0.2487   52.34 ms | p=(  202.71  -285.31  18.71) v=11.26 m/s [KF]
[lio] t=1317401044.432 | feat 8783/81862 | map  42668 | icp ok  iter  7 corr  8771 rms 0.2817   68.42 ms | p=(  202.48  -284.17  18.67) v=11.32 m/s [KF]
[lio] t=1317401044.536 | feat 8743/82061 | map  42163 | icp ok  iter  7 corr  8742 rms 0.2716   64.86 ms | p=(  202.24  -283.02  18.61) v=11.37 m/s [KF]
[lio] t=1317401044.640 | feat 8873/81981 | map  41580 | icp ok  iter  9 corr  8873 rms 0.2470   92.86 ms | p=(  202.02  -281.89  18.57) v=11.29 m/s [KF]
[lio] t=1317401044.743 | feat 8835/81863 | map  40934 | icp ok  iter 11 corr  8831 rms 0.2727  109.31 ms | p=(  201.78  -280.71  18.52) v=11.54 m/s [KF]
[lio] t=1317401044.847 | feat 8889/81781 | map  40235 | icp ok  iter  6 corr  8880 rms 0.2568   64.04 ms | p=(  201.55  -279.54  18.48) v=11.50 m/s [KF]
[lio] t=1317401044.951 | feat 8977/81725 | map  39408 | icp ok  iter  9 corr  8963 rms 0.2840   93.81 ms | p=(  201.31  -278.39  18.43) v=11.42 m/s [KF]
[lio] t=1317401045.055 | feat 9016/81553 | map  38543 | icp ok  iter  3 corr  9009 rms 0.2561   34.98 ms | p=(  201.08  -277.23  18.38) v=11.44 m/s [KF]
[lio] t=1317401045.159 | feat 8821/80970 | map  37524 | icp ok  iter 12 corr  8807 rms 0.2567  106.70 ms | p=(  200.86  -276.09  18.36) v=11.33 m/s [KF]
[lio] t=1317401045.263 | feat 8770/80890 | map  36900 | icp ok  iter  4 corr  8768 rms 0.2805   46.38 ms | p=(  200.63  -274.93  18.31) v=11.39 m/s [KF]
[lio] t=1317401045.367 | feat 8779/81766 | map  36541 | icp ok  iter  6 corr  8761 rms 0.2715   59.23 ms | p=(  200.40  -273.78  18.26) v=11.33 m/s [KF]
[lio] t=1317401045.471 | feat 8512/82525 | map  36050 | icp ok  iter 10 corr  8508 rms 0.2552   87.96 ms | p=(  200.16  -272.63  18.23) v=11.35 m/s [KF]
[lio] t=1317401045.574 | feat 8364/83240 | map  35372 | icp ok  iter  8 corr  8360 rms 0.2475   75.39 ms | p=(  199.92  -271.49  18.19) v=11.26 m/s [KF]
[lio] t=1317401045.678 | feat 8526/83317 | map  34633 | icp ok  iter  6 corr  8518 rms 0.2486   50.59 ms | p=(  199.69  -270.34  18.14) v=11.26 m/s [KF]
[lio] t=1317401045.782 | feat 8352/82984 | map  33935 | icp ok  iter 13 corr  8346 rms 0.2760  106.63 ms | p=(  199.46  -269.20  18.08) v=11.25 m/s [KF]
[lio] t=1317401045.886 | feat 8283/82889 | map  33391 | icp ok  iter  9 corr  8280 rms 0.2648   80.09 ms | p=(  199.23  -268.06  18.03) v=11.23 m/s [KF]
[lio] t=1317401045.990 | feat 8230/83103 | map  32815 | icp ok  iter 11 corr  8222 rms 0.2561   84.18 ms | p=(  198.99  -266.92  17.99) v=11.23 m/s [KF]
[lio] t=1317401046.094 | feat 8198/83382 | map  32432 | icp ok  iter 14 corr  8177 rms 0.2647  106.22 ms | p=(  198.76  -265.79  17.95) v=11.20 m/s [KF]
[lio] t=1317401046.198 | feat 8224/83612 | map  32019 | icp ok  iter 10 corr  8218 rms 0.2696   79.13 ms | p=(  198.54  -264.64  17.91) v=11.23 m/s [KF]
[lio] t=1317401046.302 | feat 8336/83847 | map  31787 | icp ok  iter  9 corr  8326 rms 0.3409   83.33 ms | p=(  198.32  -263.53  17.86) v=11.07 m/s [KF]
[lio] t=1317401046.406 | feat 8257/83745 | map  31726 | icp ok  iter 10 corr  8215 rms 0.3098   86.94 ms | p=(  198.10  -262.38  17.82) v=11.20 m/s [KF]
[lio] t=1317401046.509 | feat 8416/83954 | map  31557 | icp ok  iter 11 corr  8385 rms 0.3299   95.46 ms | p=(  197.88  -261.26  17.77) v=11.12 m/s [KF]
[lio] t=1317401046.613 | feat 8471/83804 | map  31419 | icp ok  iter  8 corr  8432 rms 0.3559   72.35 ms | p=(  197.66  -260.14  17.74) v=11.06 m/s [KF]
[lio] t=1317401046.717 | feat 8732/83657 | map  31476 | icp ok  iter  8 corr  8688 rms 0.3864   66.35 ms | p=(  197.43  -259.02  17.70) v=11.06 m/s [KF]
[lio] t=1317401046.821 | feat 8905/83841 | map  31624 | icp ok  iter  9 corr  8875 rms 0.3576   79.90 ms | p=(  197.20  -257.90  17.66) v=11.04 m/s [KF]
[lio] t=1317401046.924 | feat 8723/83476 | map  31941 | icp ok  iter  5 corr  8717 rms 0.3007   51.48 ms | p=(  196.97  -256.79  17.60) v=11.02 m/s [KF]
[lio] t=1317401047.028 | feat 8651/83346 | map  32180 | icp ok  iter  8 corr  8647 rms 0.2763   68.80 ms | p=(  196.73  -255.67  17.57) v=11.04 m/s [KF]
[lio] t=1317401047.132 | feat 8733/83238 | map  32221 | icp ok  iter  8 corr  8727 rms 0.2842   69.89 ms | p=(  196.49  -254.54  17.52) v=11.09 m/s [KF]
[lio] t=1317401047.236 | feat 8910/82938 | map  32250 | icp ok  iter 11 corr  8904 rms 0.2724  102.75 ms | p=(  196.27  -253.45  17.48) v=10.94 m/s [KF]
[lio] t=1317401047.339 | feat 9095/82771 | map  32286 | icp ok  iter 10 corr  9086 rms 0.2990   94.04 ms | p=(  196.03  -252.33  17.43) v=11.03 m/s [KF]
[lio] t=1317401047.443 | feat 9125/82912 | map  32402 | icp ok  iter  8 corr  9115 rms 0.2882   82.22 ms | p=(  195.79  -251.21  17.39) v=11.00 m/s [KF]
[lio] t=1317401047.547 | feat 8957/83001 | map  32449 | icp ok  iter 15 corr  8950 rms 0.2829  130.06 ms | p=(  195.57  -250.11  17.36) v=10.93 m/s [KF]
[lio] t=1317401047.651 | feat 9054/83089 | map  32407 | icp ok  iter  8 corr  9048 rms 0.2670   79.31 ms | p=(  195.34  -249.01  17.31) v=10.91 m/s [KF]
[lio] t=1317401047.754 | feat 9182/83152 | map  32230 | icp ok  iter  9 corr  9177 rms 0.2864   85.63 ms | p=(  195.11  -247.90  17.26) v=10.98 m/s [KF]
[lio] t=1317401047.858 | feat 8993/83354 | map  32188 | icp ok  iter  7 corr  8970 rms 0.2967   73.50 ms | p=(  194.87  -246.80  17.21) v=10.94 m/s [KF]
[lio] t=1317401047.962 | feat 8760/83599 | map  32266 | icp ok  iter 11 corr  8753 rms 0.2732   94.33 ms | p=(  194.63  -245.68  17.17) v=11.01 m/s [KF]
[lio] t=1317401048.066 | feat 8666/83659 | map  32218 | icp ok  iter 11 corr  8657 rms 0.2735  105.00 ms | p=(  194.40  -244.59  17.12) v=10.86 m/s [KF]
[lio] t=1317401048.169 | feat 8648/83723 | map  32160 | icp ok  iter  8 corr  8647 rms 0.2368   76.42 ms | p=(  194.16  -243.49  17.08) v=10.90 m/s [KF]
[lio] t=1317401048.273 | feat 8523/83436 | map  32032 | icp ok  iter  5 corr  8522 rms 0.2431   44.60 ms | p=(  193.92  -242.38  17.03) v=10.92 m/s [KF]
[lio] t=1317401048.377 | feat 8455/83401 | map  31776 | icp ok  iter  8 corr  8442 rms 0.2629   76.43 ms | p=(  193.69  -241.28  16.97) v=10.92 m/s [KF]
[lio] t=1317401048.481 | feat 8381/83413 | map  31497 | icp ok  iter  8 corr  8373 rms 0.2435   73.70 ms | p=(  193.46  -240.18  16.93) v=10.91 m/s [KF]
[lio] t=1317401048.585 | feat 8293/83177 | map  31235 | icp ok  iter  8 corr  8284 rms 0.2446   70.75 ms | p=(  193.23  -239.07  16.88) v=10.92 m/s [KF]
[lio] t=1317401048.689 | feat 8229/83028 | map  31090 | icp ok  iter 10 corr  8219 rms 0.2515   82.56 ms | p=(  193.00  -237.98  16.82) v=10.87 m/s [KF]
[lio] t=1317401048.792 | feat 7968/82970 | map  30918 | icp ok  iter  6 corr  7966 rms 0.2329   50.25 ms | p=(  192.76  -236.87  16.77) v=10.90 m/s [KF]
[lio] t=1317401048.896 | feat 8017/82800 | map  30705 | icp ok  iter  5 corr  8010 rms 0.2313   50.64 ms | p=(  192.53  -235.78  16.74) v=10.86 m/s [KF]
[lio] t=1317401049.000 | feat 8045/82820 | map  30444 | icp ok  iter  9 corr  8037 rms 0.2589   68.38 ms | p=(  192.31  -234.67  16.69) v=10.89 m/s [KF]
[lio] t=1317401049.104 | feat 8004/82897 | map  30191 | icp ok  iter 18 corr  8000 rms 0.2537  142.81 ms | p=(  192.08  -233.59  16.64) v=10.79 m/s [KF]
[lio] t=1317401049.207 | feat 7959/82780 | map  29994 | icp ok  iter  7 corr  7950 rms 0.2707   63.21 ms | p=(  191.85  -232.48  16.59) v=10.90 m/s [KF]
[lio] t=1317401049.311 | feat 7879/82604 | map  29787 | icp ok  iter 14 corr  7868 rms 0.2424  108.69 ms | p=(  191.62  -231.39  16.54) v=10.84 m/s [KF]
[lio] t=1317401049.415 | feat 7944/82740 | map  29522 | icp ok  iter 14 corr  7939 rms 0.2686  106.46 ms | p=(  191.38  -230.28  16.48) v=10.97 m/s [KF]
[lio] t=1317401049.519 | feat 7766/82791 | map  29235 | icp ok  iter  8 corr  7764 rms 0.2573   72.35 ms | p=(  191.15  -229.19  16.43) v=10.87 m/s [KF]
[lio] t=1317401049.623 | feat 7786/83051 | map  28975 | icp ok  iter  8 corr  7779 rms 0.2379   66.46 ms | p=(  190.91  -228.09  16.39) v=10.89 m/s [KF]
[lio] t=1317401049.726 | feat 8043/83008 | map  28718 | icp ok  iter 12 corr  8024 rms 0.2806   96.74 ms | p=(  190.67  -227.00  16.33) v=10.83 m/s [KF]
[lio] t=1317401049.830 | feat 7846/83169 | map  28433 | icp ok  iter  7 corr  7837 rms 0.2682   66.90 ms | p=(  190.43  -225.89  16.27) v=11.00 m/s [KF]
[lio] t=1317401049.934 | feat 7738/82905 | map  28249 | icp ok  iter  8 corr  7732 rms 0.2676   64.07 ms | p=(  190.20  -224.78  16.20) v=10.99 m/s [KF]
[lio] t=1317401050.038 | feat 7592/82796 | map  27961 | icp ok  iter  8 corr  7592 rms 0.2466   75.35 ms | p=(  189.95  -223.68  16.16) v=10.90 m/s [KF]
[lio] t=1317401050.141 | feat 7658/83203 | map  27603 | icp ok  iter  7 corr  7654 rms 0.2382   60.64 ms | p=(  189.72  -222.59  16.13) v=10.83 m/s [KF]
[lio] t=1317401050.245 | feat 7740/83191 | map  27269 | icp ok  iter  8 corr  7729 rms 0.2382   75.07 ms | p=(  189.48  -221.49  16.07) v=10.95 m/s [KF]
[lio] t=1317401050.349 | feat 7587/83289 | map  26872 | icp ok  iter 10 corr  7578 rms 0.2740   86.34 ms | p=(  189.23  -220.38  16.00) v=11.00 m/s [KF]
[lio] t=1317401050.453 | feat 7597/83278 | map  26447 | icp ok  iter  8 corr  7582 rms 0.2560   59.95 ms | p=(  188.99  -219.26  15.95) v=11.09 m/s [KF]
[lio] t=1317401050.557 | feat 7690/83462 | map  26044 | icp ok  iter 16 corr  7664 rms 0.3071  125.89 ms | p=(  188.75  -218.17  15.92) v=10.92 m/s [KF]
[lio] t=1317401050.660 | feat 7865/83412 | map  25756 | icp ok  iter 11 corr  7823 rms 0.3044   84.48 ms | p=(  188.50  -217.05  15.87) v=11.03 m/s [KF]
[lio] t=1317401050.764 | feat 7825/83573 | map  25597 | icp ok  iter  8 corr  7822 rms 0.3096   63.00 ms | p=(  188.25  -215.93  15.81) v=11.07 m/s [KF]
[lio] t=1317401050.868 | feat 7874/83569 | map  25464 | icp ok  iter  8 corr  7867 rms 0.2932   61.83 ms | p=(  188.01  -214.81  15.76) v=11.11 m/s [KF]
[lio] t=1317401050.972 | feat 7834/83585 | map  25374 | icp ok  iter 14 corr  7797 rms 0.2589  112.09 ms | p=(  187.76  -213.71  15.71) v=11.02 m/s [KF]
[lio] t=1317401051.076 | feat 7782/83561 | map  25263 | icp ok  iter 10 corr  7749 rms 0.2837   70.77 ms | p=(  187.52  -212.59  15.67) v=11.05 m/s [KF]
[lio] t=1317401051.179 | feat 7669/83682 | map  25158 | icp ok  iter  6 corr  7655 rms 0.2999   42.97 ms | p=(  187.28  -211.47  15.62) v=11.10 m/s [KF]
[lio] t=1317401051.283 | feat 7567/83754 | map  24995 | icp ok  iter  8 corr  7550 rms 0.2626   66.83 ms | p=(  187.04  -210.36  15.58) v=11.08 m/s [KF]
[lio] t=1317401051.387 | feat 7586/83685 | map  24794 | icp ok  iter  9 corr  7567 rms 0.2625   62.86 ms | p=(  186.79  -209.23  15.53) v=11.12 m/s [KF]
[lio] t=1317401051.491 | feat 7424/83539 | map  24748 | icp ok  iter 10 corr  7418 rms 0.2546   78.74 ms | p=(  186.55  -208.13  15.49) v=11.02 m/s [KF]
[lio] t=1317401051.595 | feat 7339/83607 | map  24682 | icp ok  iter 10 corr  7330 rms 0.2880   75.30 ms | p=(  186.31  -207.02  15.45) v=10.99 m/s [KF]
[lio] t=1317401051.699 | feat 7205/83576 | map  24619 | icp ok  iter 12 corr  7199 rms 0.2542   89.15 ms | p=(  186.05  -205.87  15.39) v=11.23 m/s [KF]
[lio] t=1317401051.802 | feat 7200/83352 | map  24540 | icp ok  iter  9 corr  7194 rms 0.2697   74.44 ms | p=(  185.81  -204.77  15.34) v=11.01 m/s [KF]
[lio] t=1317401051.906 | feat 7278/82969 | map  24531 | icp ok  iter  9 corr  7269 rms 0.2890   69.52 ms | p=(  185.57  -203.67  15.30) v=10.97 m/s [KF]
[lio] t=1317401052.010 | feat 7203/82652 | map  24539 | icp ok  iter  9 corr  7201 rms 0.2498   64.42 ms | p=(  185.32  -202.54  15.24) v=11.06 m/s [KF]
[lio] t=1317401052.114 | feat 7136/81959 | map  24450 | icp ok  iter  8 corr  7133 rms 0.2489   62.75 ms | p=(  185.08  -201.43  15.19) v=11.06 m/s [KF]
[lio] t=1317401052.218 | feat 7079/81059 | map  24436 | icp ok  iter 14 corr  7075 rms 0.2506  102.40 ms | p=(  184.85  -200.34  15.13) v=10.89 m/s [KF]
[lio] t=1317401052.322 | feat 7040/80152 | map  24413 | icp ok  iter  8 corr  7029 rms 0.2447   58.27 ms | p=(  184.61  -199.23  15.08) v=10.94 m/s [KF]
[lio] t=1317401052.425 | feat 7046/78583 | map  24307 | icp ok  iter 12 corr  7042 rms 0.2308   87.19 ms | p=(  184.36  -198.10  15.04) v=11.08 m/s [KF]
[lio] t=1317401052.529 | feat 7043/74967 | map  24192 | icp ok  iter  9 corr  7037 rms 0.2398   70.88 ms | p=(  184.12  -197.00  14.99) v=10.94 m/s [KF]
[lio] t=1317401052.633 | feat 7044/71286 | map  24035 | icp ok  iter 13 corr  7038 rms 0.2419   95.77 ms | p=(  183.89  -195.93  14.94) v=10.76 m/s [KF]
[lio] t=1317401052.737 | feat 7041/67507 | map  23885 | icp ok  iter  7 corr  7032 rms 0.2394   46.47 ms | p=(  183.65  -194.83  14.89) v=10.80 m/s [KF]
[lio] t=1317401052.841 | feat 7129/66125 | map  23784 | icp ok  iter 13 corr  7126 rms 0.2505   93.29 ms | p=(  183.41  -193.72  14.85) v=10.95 m/s [KF]
[lio] t=1317401052.944 | feat 7230/71327 | map  23617 | icp ok  iter  6 corr  7214 rms 0.2507   52.10 ms | p=(  183.18  -192.62  14.79) v=10.88 m/s [KF]
[lio] t=1317401053.048 | feat 7342/74548 | map  23606 | icp ok  iter 10 corr  7335 rms 0.2824   80.36 ms | p=(  182.95  -191.55  14.75) v=10.70 m/s [KF]
[lio] t=1317401053.152 | feat 7373/78051 | map  23740 | icp ok  iter 11 corr  7359 rms 0.2765   86.61 ms | p=(  182.71  -190.46  14.71) v=10.78 m/s [KF]
[lio] t=1317401053.256 | feat 7523/79500 | map  23646 | icp ok  iter  6 corr  7513 rms 0.2840   45.87 ms | p=(  182.46  -189.36  14.66) v=10.83 m/s [KF]
[lio] t=1317401053.360 | feat 7478/79959 | map  23478 | icp ok  iter  5 corr  7467 rms 0.2663   46.48 ms | p=(  182.22  -188.27  14.59) v=10.81 m/s [KF]
[lio] t=1317401053.463 | feat 7485/80177 | map  23319 | icp ok  iter 10 corr  7455 rms 0.2806   78.87 ms | p=(  181.99  -187.21  14.54) v=10.64 m/s [KF]
[lio] t=1317401053.567 | feat 7656/80205 | map  23240 | icp ok  iter 11 corr  7624 rms 0.3607   79.46 ms | p=(  181.76  -186.13  14.49) v=10.63 m/s [KF]
[lio] t=1317401053.671 | feat 7892/80520 | map  23340 | icp ok  iter  8 corr  7857 rms 0.3399   63.81 ms | p=(  181.53  -185.05  14.44) v=10.68 m/s [KF]
[lio] t=1317401053.775 | feat 7838/80522 | map  23516 | icp ok  iter  6 corr  7828 rms 0.2992   46.03 ms | p=(  181.30  -183.97  14.38) v=10.67 m/s [KF]
[lio] t=1317401053.879 | feat 7929/80177 | map  23548 | icp ok  iter  9 corr  7924 rms 0.3084   73.61 ms | p=(  181.08  -182.91  14.33) v=10.59 m/s [KF]
[lio] t=1317401053.982 | feat 8015/79520 | map  23650 | icp ok  iter 10 corr  8012 rms 0.2875   78.99 ms | p=(  180.85  -181.84  14.28) v=10.57 m/s [KF]
[lio] t=1317401054.086 | feat 8086/79157 | map  23631 | icp ok  iter  8 corr  8079 rms 0.3015   63.75 ms | p=(  180.63  -180.77  14.22) v=10.57 m/s [KF]
[lio] t=1317401054.190 | feat 8100/79520 | map  23685 | icp ok  iter  6 corr  8088 rms 0.3074   50.44 ms | p=(  180.40  -179.70  14.17) v=10.61 m/s [KF]
[lio] t=1317401054.294 | feat 8177/79452 | map  23939 | icp ok  iter  7 corr  8168 rms 0.2902   56.34 ms | p=(  180.17  -178.62  14.12) v=10.66 m/s [KF]
[lio] t=1317401054.398 | feat 8036/79513 | map  24262 | icp ok  iter  8 corr  8031 rms 0.2882   65.48 ms | p=(  179.94  -177.56  14.06) v=10.58 m/s [KF]
[lio] t=1317401054.501 | feat 7908/80332 | map  24448 | icp ok  iter 11 corr  7904 rms 0.2734   86.78 ms | p=(  179.73  -176.50  14.01) v=10.52 m/s [KF]
[lio] t=1317401054.605 | feat 7671/80714 | map  24531 | icp ok  iter  3 corr  7667 rms 0.2534   27.77 ms | p=(  179.50  -175.43  13.96) v=10.53 m/s [KF]
[lio] t=1317401054.709 | feat 7650/80622 | map  24547 | icp ok  iter  6 corr  7646 rms 0.2745   49.47 ms | p=(  179.29  -174.36  13.90) v=10.58 m/s [KF]
[lio] t=1317401054.813 | feat 7496/81272 | map  24628 | icp ok  iter  9 corr  7494 rms 0.2445   65.63 ms | p=(  179.07  -173.29  13.86) v=10.56 m/s [KF]
[lio] t=1317401054.917 | feat 7476/81769 | map  24667 | icp ok  iter 10 corr  7461 rms 0.2710   73.05 ms | p=(  178.85  -172.23  13.80) v=10.55 m/s [KF]
[lio] t=1317401055.021 | feat 7424/81476 | map  24716 | icp ok  iter 14 corr  7376 rms 0.2866  104.53 ms | p=(  178.63  -171.17  13.74) v=10.45 m/s [KF]
[lio] t=1317401055.124 | feat 7601/81196 | map  24828 | icp ok  iter 11 corr  7552 rms 0.3948   86.90 ms | p=(  178.41  -170.11  13.68) v=10.51 m/s [KF]
[lio] t=1317401055.228 | feat 7763/81010 | map  25089 | icp ok  iter  8 corr  7756 rms 0.3275   66.88 ms | p=(  178.19  -169.05  13.62) v=10.52 m/s [KF]
[lio] t=1317401055.332 | feat 7550/80437 | map  25308 | icp ok  iter 11 corr  7539 rms 0.2719   84.58 ms | p=(  177.96  -167.99  13.55) v=10.49 m/s [KF]
[lio] t=1317401055.436 | feat 7423/80030 | map  25385 | icp ok  iter  8 corr  7404 rms 0.3442   58.52 ms | p=(  177.74  -166.92  13.50) v=10.55 m/s [KF]
[lio] t=1317401055.539 | feat 7308/79311 | map  25509 | icp ok  iter  8 corr  7304 rms 0.2691   65.75 ms | p=(  177.51  -165.86  13.46) v=10.55 m/s [KF]
[lio] t=1317401055.643 | feat 7267/77960 | map  25656 | icp ok  iter  9 corr  7265 rms 0.2448   65.67 ms | p=(  177.29  -164.80  13.41) v=10.50 m/s [KF]
[lio] t=1317401055.747 | feat 6953/76064 | map  25728 | icp ok  iter  6 corr  6947 rms 0.2478   52.35 ms | p=(  177.06  -163.75  13.34) v=10.46 m/s [KF]
[lio] t=1317401055.851 | feat 6773/73924 | map  25681 | icp ok  iter 12 corr  6771 rms 0.2743   83.28 ms | p=(  176.83  -162.70  13.28) v=10.49 m/s [KF]
[lio] t=1317401055.955 | feat 6406/71473 | map  25718 | icp ok  iter  7 corr  6400 rms 0.2412   47.73 ms | p=(  176.60  -161.64  13.22) v=10.49 m/s [KF]
[lio] t=1317401056.058 | feat 6233/71774 | map  25615 | icp ok  iter 12 corr  6226 rms 0.2409   80.21 ms | p=(  176.37  -160.56  13.17) v=10.58 m/s [KF]
[lio] t=1317401056.162 | feat 6209/74348 | map  25494 | icp ok  iter  9 corr  6177 rms 0.2587   65.12 ms | p=(  176.15  -159.49  13.12) v=10.60 m/s [KF]
[lio] t=1317401056.266 | feat 6174/76267 | map  25302 | icp ok  iter  7 corr  6163 rms 0.3189   49.59 ms | p=(  175.92  -158.43  13.08) v=10.52 m/s [KF]
[lio] t=1317401056.370 | feat 6277/77454 | map  25086 | icp ok  iter  7 corr  6273 rms 0.2882   56.03 ms | p=(  175.69  -157.40  13.02) v=10.38 m/s [KF]
[lio] t=1317401056.474 | feat 6406/77362 | map  24932 | icp ok  iter  9 corr  6403 rms 0.2851   71.80 ms | p=(  175.46  -156.36  12.98) v=10.35 m/s [KF]
[lio] t=1317401056.577 | feat 6354/76697 | map  24938 | icp ok  iter  5 corr  6343 rms 0.2795   36.94 ms | p=(  175.23  -155.32  12.91) v=10.39 m/s [KF]
[lio] t=1317401056.681 | feat 6203/76135 | map  24901 | icp ok  iter 12 corr  6188 rms 0.2891   74.36 ms | p=(  174.98  -154.25  12.87) v=10.52 m/s [KF]
[lio] t=1317401056.785 | feat 6350/75875 | map  24761 | icp ok  iter 10 corr  6338 rms 0.2849   70.92 ms | p=(  174.75  -153.18  12.81) v=10.57 m/s [KF]
[lio] t=1317401056.889 | feat 6457/75757 | map  24679 | icp ok  iter  9 corr  6451 rms 0.2838   61.42 ms | p=(  174.51  -152.12  12.77) v=10.48 m/s [KF]
[lio] t=1317401056.992 | feat 6467/74878 | map  24676 | icp ok  iter  8 corr  6461 rms 0.2757   52.22 ms | p=(  174.27  -151.08  12.71) v=10.45 m/s [KF]
[lio] t=1317401057.096 | feat 6433/73254 | map  24552 | icp ok  iter 12 corr  6430 rms 0.2656   81.03 ms | p=(  174.04  -150.05  12.65) v=10.33 m/s [KF]
[lio] t=1317401057.200 | feat 6498/71634 | map  24415 | icp ok  iter  5 corr  6484 rms 0.2940   41.57 ms | p=(  173.81  -148.98  12.59) v=10.47 m/s [KF]
[lio] t=1317401057.304 | feat 6473/70375 | map  24423 | icp ok  iter 15 corr  6463 rms 0.2957  102.05 ms | p=(  173.58  -147.96  12.55) v=10.30 m/s [KF]
[lio] t=1317401057.408 | feat 6526/69158 | map  24357 | icp ok  iter 17 corr  6452 rms 0.3310  105.37 ms | p=(  173.34  -146.89  12.49) v=10.45 m/s [KF]
[lio] t=1317401057.511 | feat 6617/71271 | map  24453 | icp ok  iter 12 corr  6588 rms 0.3266   78.15 ms | p=(  173.12  -145.85  12.44) v=10.37 m/s [KF]
[lio] t=1317401057.615 | feat 6714/73812 | map  24534 | icp ok  iter  7 corr  6705 rms 0.2838   47.37 ms | p=(  172.87  -144.81  12.38) v=10.36 m/s [KF]
[lio] t=1317401057.719 | feat 6621/75839 | map  24517 | icp ok  iter  7 corr  6594 rms 0.3265   46.36 ms | p=(  172.64  -143.76  12.34) v=10.41 m/s [KF]
[lio] t=1317401057.823 | feat 6531/76940 | map  24354 | icp ok  iter 12 corr  6520 rms 0.3070   76.78 ms | p=(  172.41  -142.73  12.28) v=10.28 m/s [KF]
[lio] t=1317401057.926 | feat 6584/78142 | map  24176 | icp ok  iter 10 corr  6556 rms 0.3066   63.62 ms | p=(  172.18  -141.70  12.22) v=10.20 m/s [KF]
[lio] t=1317401058.030 | feat 6531/78724 | map  23925 | icp ok  iter  8 corr  6516 rms 0.3215   52.64 ms | p=(  171.95  -140.68  12.18) v=10.16 m/s [KF]
[lio] t=1317401058.134 | feat 6531/79404 | map  23786 | icp ok  iter  8 corr  6495 rms 0.3033   51.89 ms | p=(  171.73  -139.66  12.12) v=10.14 m/s [KF]
[lio] t=1317401058.238 | feat 6531/80002 | map  23590 | icp ok  iter  8 corr  6516 rms 0.3272   54.98 ms | p=(  171.51  -138.64  12.07) v=10.07 m/s [KF]
[lio] t=1317401058.341 | feat 6709/80186 | map  23430 | icp ok  iter  6 corr  6688 rms 0.3617   38.78 ms | p=(  171.29  -137.62  12.02) v=10.08 m/s [KF]
[lio] t=1317401058.445 | feat 6884/80192 | map  23362 | icp ok  iter  7 corr  6875 rms 0.3284   48.67 ms | p=(  171.07  -136.59  11.96) v=10.13 m/s [KF]
[lio] t=1317401058.549 | feat 6887/79677 | map  23346 | icp ok  iter  5 corr  6879 rms 0.3397   39.99 ms | p=(  170.85  -135.58  11.91) v=10.06 m/s [KF]
[lio] t=1317401058.653 | feat 6971/78910 | map  23444 | icp ok  iter 10 corr  6957 rms 0.3058   67.34 ms | p=(  170.64  -134.58  11.87) v=9.94 m/s [KF]
[lio] t=1317401058.756 | feat 7093/78223 | map  23552 | icp ok  iter  7 corr  7084 rms 0.3282   51.34 ms | p=(  170.43  -133.58  11.83) v=9.87 m/s [KF]
[lio] t=1317401058.860 | feat 7233/78238 | map  23679 | icp ok  iter  6 corr  7207 rms 0.3350   43.08 ms | p=(  170.22  -132.59  11.77) v=9.85 m/s [KF]
[lio] t=1317401058.964 | feat 7454/78283 | map  23878 | icp ok  iter  8 corr  7435 rms 0.3452   55.17 ms | p=(  170.00  -131.60  11.73) v=9.80 m/s [KF]
[lio] t=1317401059.068 | feat 7563/78265 | map  23992 | icp ok  iter  5 corr  7545 rms 0.3586   43.91 ms | p=(  169.79  -130.61  11.68) v=9.74 m/s [KF]
[lio] t=1317401059.172 | feat 7678/78764 | map  24214 | icp ok  iter  6 corr  7675 rms 0.3349   50.58 ms | p=(  169.58  -129.64  11.63) v=9.69 m/s [KF]
[lio] t=1317401059.275 | feat 7830/79119 | map  24534 | icp ok  iter  3 corr  7806 rms 0.3335   26.41 ms | p=(  169.37  -128.65  11.58) v=9.69 m/s [KF]
[lio] t=1317401059.379 | feat 7955/79695 | map  24919 | icp ok  iter  4 corr  7939 rms 0.3154   34.98 ms | p=(  169.16  -127.68  11.54) v=9.67 m/s [KF]
[lio] t=1317401059.483 | feat 8218/79933 | map  25280 | icp ok  iter  7 corr  8203 rms 0.3191   57.60 ms | p=(  168.95  -126.71  11.49) v=9.57 m/s
[lio] t=1317401059.587 | feat 8300/79855 | map  25280 | icp ok  iter  7 corr  8236 rms 0.4138   54.66 ms | p=(  168.74  -125.75  11.45) v=9.54 m/s [KF]
[lio] t=1317401059.691 | feat 8573/80002 | map  25873 | icp ok  iter  6 corr  8548 rms 0.3333   50.00 ms | p=(  168.54  -124.79  11.40) v=9.47 m/s
[lio] t=1317401059.795 | feat 8801/80111 | map  25873 | icp ok  iter  6 corr  8691 rms 0.4320   51.46 ms | p=(  168.34  -123.83  11.35) v=9.38 m/s [KF]
[lio] t=1317401059.898 | feat 8920/80660 | map  26772 | icp ok  iter  9 corr  8910 rms 0.3346   77.69 ms | p=(  168.15  -122.90  11.30) v=9.20 m/s
[lio] t=1317401060.002 | feat 9158/81198 | map  26772 | icp ok  iter 14 corr  9063 rms 0.4057  118.94 ms | p=(  167.96  -121.98  11.26) v=9.00 m/s [KF]
[lio] t=1317401060.106 | feat 9352/81621 | map  27762 | icp ok  iter 14 corr  9326 rms 0.3278  131.75 ms | p=(  167.77  -121.11  11.22) v=8.67 m/s
[lio] t=1317401060.210 | feat 9447/81657 | map  27762 | icp ok  iter 14 corr  9369 rms 0.3831  140.77 ms | p=(  167.59  -120.28  11.19) v=8.27 m/s [KF]
[lio] t=1317401060.313 | feat 9590/81563 | map  28713 | icp ok  iter 11 corr  9582 rms 0.2919  113.85 ms | p=(  167.41  -119.41  11.14) v=8.36 m/s
[lio] t=1317401060.417 | feat 9930/81586 | map  28713 | icp ok  iter  6 corr  9892 rms 0.3666   63.90 ms | p=(  167.24  -118.56  11.11) v=8.31 m/s [KF]
[lio] t=1317401060.521 | feat 10196/81457 | map  29678 | icp ok  iter 15 corr 10190 rms 0.3160  160.73 ms | p=(  167.06  -117.76  11.05) v=8.01 m/s
[lio] t=1317401060.625 | feat 10639/81340 | map  29678 | icp ok  iter  8 corr 10487 rms 0.3953   88.37 ms | p=(  166.87  -116.95  11.01) v=8.01 m/s [KF]
[lio] t=1317401060.728 | feat 10803/81572 | map  30835 | icp ok  iter 10 corr 10743 rms 0.3178  114.52 ms | p=(  166.69  -116.16  10.97) v=7.86 m/s
[lio] t=1317401060.832 | feat 11008/81768 | map  30835 | icp ok  iter  7 corr 10878 rms 0.3911   78.27 ms | p=(  166.50  -115.37  10.92) v=7.81 m/s [KF]
[lio] t=1317401060.936 | feat 11150/81634 | map  32099 | icp ok  iter  6 corr 11105 rms 0.3171   81.09 ms | p=(  166.31  -114.61  10.89) v=7.58 m/s
[lio] t=1317401061.040 | feat 11489/81658 | map  32099 | icp ok  iter  8 corr 11378 rms 0.3694  101.06 ms | p=(  166.13  -113.85  10.86) v=7.48 m/s [KF]
[lio] t=1317401061.144 | feat 11682/81520 | map  33226 | icp ok  iter  7 corr 11645 rms 0.3064   95.02 ms | p=(  165.95  -113.12  10.82) v=7.28 m/s
[lio] t=1317401061.247 | feat 11911/81671 | map  33226 | icp ok  iter  7 corr 11849 rms 0.3492   96.63 ms | p=(  165.77  -112.39  10.77) v=7.18 m/s [KF]
[lio] t=1317401061.351 | feat 11874/81938 | map  34246 | icp ok  iter 10 corr 11848 rms 0.3154  153.24 ms | p=(  165.60  -111.72  10.73) v=6.79 m/s
[lio] t=1317401061.455 | feat 11846/82037 | map  34246 | icp ok  iter 11 corr 11756 rms 0.3522  136.13 ms | p=(  165.43  -111.00  10.69) v=6.87 m/s [KF]
[lio] t=1317401061.559 | feat 12085/81969 | map  35274 | icp ok  iter  6 corr 12078 rms 0.3023   96.68 ms | p=(  165.26  -110.37  10.66) v=6.46 m/s
[lio] t=1317401061.663 | feat 12162/82060 | map  35274 | icp ok  iter 13 corr 12134 rms 0.3418  166.23 ms | p=(  165.11  -109.71  10.61) v=6.46 m/s [KF]
[lio] t=1317401061.767 | feat 12391/82015 | map  36388 | icp ok  iter 11 corr 12375 rms 0.2978  149.57 ms | p=(  164.96  -109.07  10.58) v=6.36 m/s
[lio] t=1317401061.871 | feat 12631/82207 | map  36388 | icp ok  iter  8 corr 12604 rms 0.3282  125.14 ms | p=(  164.82  -108.43  10.53) v=6.32 m/s [KF]
[lio] t=1317401061.976 | feat 12837/82284 | map  37420 | icp ok  iter 15 corr 12831 rms 0.2705  208.56 ms | p=(  164.71  -107.80  10.50) v=6.27 m/s
[lio] t=1317401062.080 | feat 13116/82321 | map  37420 | icp ok  iter 15 corr 13091 rms 0.3475  216.04 ms | p=(  164.60  -107.15  10.46) v=6.29 m/s [KF]
[lio] t=1317401062.184 | feat 13243/82206 | map  38549 | icp ok  iter 14 corr 13240 rms 0.2757  209.24 ms | p=(  164.49  -106.52  10.43) v=6.20 m/s
[lio] t=1317401062.288 | feat 13304/82130 | map  38549 | icp ok  iter 18 corr 13288 rms 0.3152  257.77 ms | p=(  164.41  -105.88  10.41) v=6.22 m/s [KF]
[lio] t=1317401062.393 | feat 13362/82244 | map  39785 | icp ok  iter 17 corr 13353 rms 0.2758  249.55 ms | p=(  164.34  -105.26  10.37) v=6.08 m/s
[lio] t=1317401062.497 | feat 13506/82729 | map  39785 | icp ok  iter 13 corr 13422 rms 0.3387  209.94 ms | p=(  164.33  -104.60  10.32) v=6.29 m/s [KF]
[lio] t=1317401062.602 | feat 13637/82104 | map  41125 | icp ok  iter 15 corr 13618 rms 0.3215  229.38 ms | p=(  164.33  -104.02  10.31) v=5.84 m/s
[lio] t=1317401062.706 | feat 13649/81569 | map  41125 | icp ok  iter 14 corr 13602 rms 0.3486  209.48 ms | p=(  164.35  -103.37  10.30) v=6.04 m/s [KF]
[lio] t=1317401062.810 | feat 13917/81636 | map  42289 | icp ok  iter 10 corr 13914 rms 0.2788  157.28 ms | p=(  164.39  -102.75  10.28) v=6.05 m/s
[lio] t=1317401062.915 | feat 14206/81992 | map  42289 | icp ok  iter 16 corr 14198 rms 0.3280  228.24 ms | p=(  164.47  -102.13  10.25) v=6.00 m/s [KF]
[lio] t=1317401063.019 | feat 14383/82164 | map  43283 | icp ok  iter 10 corr 14371 rms 0.2729  158.60 ms | p=(  164.57  -101.53  10.20) v=5.92 m/s
[lio] t=1317401063.123 | feat 14749/82177 | map  43283 | icp ok  iter  8 corr 14685 rms 0.3105  130.17 ms | p=(  164.71  -100.92  10.19) v=6.02 m/s [KF]
[lio] t=1317401063.227 | feat 14836/82259 | map  44466 | icp ok  iter  9 corr 14830 rms 0.2920  158.95 ms | p=(  164.88  -100.31  10.18) v=6.07 m/s
[lio] t=1317401063.332 | feat 14460/81455 | map  44466 | icp ok  iter 11 corr 14401 rms 0.3201  182.44 ms | p=(  165.06   -99.72  10.13) v=6.10 m/s [KF]
[lio] t=1317401063.436 | feat 14559/81428 | map  45375 | icp ok  iter 12 corr 14559 rms 0.2676  194.32 ms | p=(  165.28   -99.11  10.08) v=6.25 m/s
[lio] t=1317401063.540 | feat 14699/81435 | map  45375 | icp ok  iter 10 corr 14678 rms 0.3140  173.20 ms | p=(  165.53   -98.51  10.07) v=6.26 m/s [KF]
[lio] t=1317401063.644 | feat 14325/80460 | map  46162 | icp ok  iter  9 corr 14307 rms 0.2675  152.37 ms | p=(  165.81   -97.92  10.05) v=6.32 m/s
[lio] t=1317401063.748 | feat 14363/80406 | map  46162 | icp ok  iter  9 corr 14342 rms 0.3150  162.37 ms | p=(  166.12   -97.35  10.03) v=6.37 m/s [KF]
[lio] t=1317401063.851 | feat 14797/81069 | map  47000 | icp ok  iter  9 corr 14786 rms 0.2842  173.82 ms | p=(  166.45   -96.77   9.99) v=6.47 m/s
[lio] t=1317401063.955 | feat 14787/80870 | map  47000 | icp ok  iter 15 corr 14771 rms 0.3137  242.87 ms | p=(  166.81   -96.23  10.00) v=6.40 m/s [KF]
[lio] t=1317401064.059 | feat 14898/80661 | map  47940 | icp ok  iter 14 corr 14888 rms 0.2653  229.03 ms | p=(  167.21   -95.68  10.00) v=6.51 m/s
[lio] t=1317401064.163 | feat 15076/80578 | map  47940 | icp ok  iter  9 corr 15055 rms 0.2989  146.27 ms | p=(  167.60   -95.13   9.99) v=6.57 m/s [KF]
[lio] t=1317401064.267 | feat 15041/80251 | map  48753 | icp ok  iter  8 corr 15027 rms 0.2788  141.27 ms | p=(  168.02   -94.61   9.97) v=6.53 m/s
[lio] t=1317401064.371 | feat 14939/79691 | map  48753 | icp ok  iter  8 corr 14926 rms 0.3184  126.38 ms | p=(  168.46   -94.08   9.98) v=6.67 m/s [KF]
[lio] t=1317401064.475 | feat 14842/79513 | map  49683 | icp ok  iter 10 corr 14840 rms 0.2781  163.55 ms | p=(  168.93   -93.57   9.99) v=6.74 m/s
[lio] t=1317401064.578 | feat 15023/80137 | map  49683 | icp ok  iter 10 corr 15012 rms 0.3147  177.02 ms | p=(  169.41   -93.07   9.97) v=6.80 m/s [KF]
[lio] t=1317401064.682 | feat 14814/80068 | map  50405 | icp ok  iter 10 corr 14798 rms 0.2611  168.96 ms | p=(  169.93   -92.58   9.96) v=6.91 m/s
[lio] t=1317401064.786 | feat 14799/79854 | map  50405 | icp ok  iter  7 corr 14785 rms 0.3037  121.28 ms | p=(  170.45   -92.08   9.97) v=6.96 m/s [KF]
[lio] t=1317401064.890 | feat 14657/79627 | map  51093 | icp ok  iter 10 corr 14640 rms 0.2694  157.13 ms | p=(  171.02   -91.63   9.97) v=7.03 m/s
[lio] t=1317401064.994 | feat 14431/79609 | map  51093 | icp ok  iter 13 corr 14401 rms 0.2981  184.90 ms | p=(  171.60   -91.16   9.95) v=7.16 m/s [KF]
[lio] t=1317401065.098 | feat 14113/79539 | map  51634 | icp ok  iter  7 corr 14105 rms 0.2912  117.67 ms | p=(  172.20   -90.73   9.97) v=7.22 m/s
[lio] t=1317401065.202 | feat 13690/79097 | map  51634 | icp ok  iter  9 corr 13654 rms 0.3134  135.41 ms | p=(  172.83   -90.31   9.97) v=7.27 m/s [KF]
[lio] t=1317401065.306 | feat 13614/79541 | map  52254 | icp ok  iter 11 corr 13602 rms 0.2812  168.63 ms | p=(  173.48   -89.92   9.97) v=7.36 m/s
[lio] t=1317401065.410 | feat 13412/79425 | map  52254 | icp ok  iter 12 corr 13403 rms 0.3124  166.18 ms | p=(  174.15   -89.55   9.99) v=7.42 m/s [KF]
[lio] t=1317401065.514 | feat 13337/79524 | map  52921 | icp ok  iter 14 corr 13331 rms 0.2688  201.13 ms | p=(  174.86   -89.22  10.00) v=7.54 m/s
[lio] t=1317401065.618 | feat 13314/79776 | map  52921 | icp ok  iter 10 corr 13293 rms 0.3053  150.81 ms | p=(  175.57   -88.87  10.01) v=7.64 m/s [KF]
[lio] t=1317401065.722 | feat 13094/80182 | map  53618 | icp ok  iter 12 corr 13080 rms 0.2630  181.57 ms | p=(  176.31   -88.55  10.02) v=7.75 m/s
[lio] t=1317401065.826 | feat 12771/80834 | map  53618 | icp ok  iter 18 corr 12746 rms 0.3036  258.94 ms | p=(  177.06   -88.27  10.01) v=7.76 m/s [KF]
[lio] t=1317401065.930 | feat 12394/80856 | map  54166 | icp ok  iter 15 corr 12388 rms 0.2680  218.38 ms | p=(  177.83   -88.02  10.05) v=7.81 m/s
[lio] t=1317401066.033 | feat 12237/81169 | map  54166 | icp ok  iter 16 corr 12229 rms 0.3018  218.00 ms | p=(  178.60   -87.76  10.06) v=7.87 m/s [KF]
[lio] t=1317401066.137 | feat 11947/81245 | map  54447 | icp ok  iter  9 corr 11934 rms 0.2615  133.73 ms | p=(  179.39   -87.53  10.08) v=7.94 m/s
[lio] t=1317401066.241 | feat 11934/81456 | map  54447 | icp ok  iter  6 corr 11903 rms 0.2865  100.18 ms | p=(  180.19   -87.30  10.07) v=7.99 m/s [KF]
[lio] t=1317401066.345 | feat 11884/81311 | map  54958 | icp ok  iter 21 corr 11883 rms 0.2816  294.47 ms | p=(  181.00   -87.10  10.11) v=8.11 m/s
[lio] t=1317401066.448 | feat 11787/80892 | map  54958 | icp ok  iter 19 corr 11776 rms 0.3246  240.97 ms | p=(  181.81   -86.89  10.12) v=8.08 m/s [KF]
[lio] t=1317401066.552 | feat 11620/80852 | map  55612 | icp ok  iter 15 corr 11608 rms 0.2791  222.24 ms | p=(  182.65   -86.70  10.17) v=8.26 m/s
[lio] t=1317401066.656 | feat 11400/80854 | map  55612 | icp ok  iter 13 corr 11384 rms 0.3328  162.72 ms | p=(  183.46   -86.51  10.17) v=8.17 m/s [KF]
[lio] t=1317401066.759 | feat 11273/80642 | map  56121 | icp ok  iter  8 corr 11273 rms 0.2807  121.60 ms | p=(  184.32   -86.33  10.24) v=8.37 m/s
[lio] t=1317401066.863 | feat 11106/80934 | map  56121 | icp ok  iter 16 corr 11105 rms 0.3099  192.16 ms | p=(  185.15   -86.15  10.22) v=8.31 m/s [KF]
[lio] t=1317401066.967 | feat 10981/80822 | map  56490 | icp ok  iter  4 corr 10979 rms 0.2630   63.79 ms | p=(  186.01   -85.96  10.25) v=8.44 m/s
[lio] t=1317401067.070 | feat 10834/80619 | map  56490 | icp ok  iter 20 corr 10829 rms 0.2892  224.92 ms | p=(  186.88   -85.78  10.28) v=8.59 m/s [KF]
[lio] t=1317401067.174 | feat 10766/80802 | map  56591 | icp ok  iter 13 corr 10763 rms 0.2641  153.56 ms | p=(  187.74   -85.59  10.31) v=8.57 m/s
[lio] t=1317401067.278 | feat 10683/80958 | map  56591 | icp ok  iter  8 corr 10681 rms 0.3003  102.53 ms | p=(  188.61   -85.40  10.31) v=8.62 m/s [KF]
[lio] t=1317401067.381 | feat 10467/80935 | map  56744 | icp ok  iter 10 corr 10458 rms 0.2671  113.32 ms | p=(  189.50   -85.21  10.33) v=8.74 m/s
[lio] t=1317401067.485 | feat 10360/81344 | map  56744 | icp ok  iter 15 corr 10342 rms 0.2992  181.31 ms | p=(  190.38   -85.02  10.37) v=8.72 m/s [KF]
[lio] t=1317401067.589 | feat 10270/81895 | map  56915 | icp ok  iter  8 corr 10259 rms 0.2709   85.50 ms | p=(  191.27   -84.82  10.38) v=8.75 m/s
[lio] t=1317401067.693 | feat 10215/82396 | map  56915 | icp ok  iter 10 corr 10210 rms 0.3123  108.59 ms | p=(  192.15   -84.62  10.39) v=8.74 m/s [KF]
[lio] t=1317401067.796 | feat 10234/82970 | map  56719 | icp ok  iter  9 corr 10228 rms 0.2903   95.72 ms | p=(  193.05   -84.43  10.40) v=8.85 m/s
[lio] t=1317401067.900 | feat 10230/83195 | map  56719 | icp ok  iter 12 corr 10221 rms 0.3145  135.84 ms | p=(  193.94   -84.21  10.43) v=8.80 m/s [KF]
[lio] t=1317401068.004 | feat 10343/83331 | map  56455 | icp ok  iter 11 corr 10331 rms 0.2653  126.63 ms | p=(  194.84   -84.02  10.46) v=8.88 m/s
[lio] t=1317401068.108 | feat 10488/83545 | map  56455 | icp ok  iter  7 corr 10475 rms 0.2905   91.67 ms | p=(  195.74   -83.81  10.47) v=8.87 m/s [KF]
[lio] t=1317401068.212 | feat 10488/82924 | map  56143 | icp ok  iter  6 corr 10487 rms 0.2631   71.20 ms | p=(  196.64   -83.61  10.49) v=8.91 m/s
[lio] t=1317401068.315 | feat 10594/82835 | map  56143 | icp ok  iter  9 corr 10591 rms 0.3005   97.82 ms | p=(  197.54   -83.41  10.52) v=8.86 m/s [KF]
[lio] t=1317401068.419 | feat 10604/83018 | map  55488 | icp ok  iter 14 corr 10597 rms 0.3038  154.84 ms | p=(  198.45   -83.21  10.55) v=8.96 m/s
[lio] t=1317401068.523 | feat 10569/82704 | map  55488 | icp ok  iter 10 corr 10564 rms 0.3117  125.08 ms | p=(  199.35   -83.01  10.57) v=8.92 m/s [KF]
[lio] t=1317401068.627 | feat 10572/82736 | map  55011 | icp ok  iter 12 corr 10567 rms 0.2577  151.46 ms | p=(  200.27   -82.81  10.59) v=8.98 m/s
[lio] t=1317401068.731 | feat 10484/82298 | map  55011 | icp ok  iter 10 corr 10474 rms 0.2903  117.69 ms | p=(  201.16   -82.61  10.61) v=8.85 m/s [KF]
[lio] t=1317401068.834 | feat 10414/81841 | map  54272 | icp ok  iter 11 corr 10406 rms 0.2729  127.55 ms | p=(  202.07   -82.41  10.65) v=8.94 m/s
[lio] t=1317401068.938 | feat 10223/81446 | map  54272 | icp ok  iter  8 corr 10204 rms 0.3231   92.61 ms | p=(  202.97   -82.22  10.67) v=8.81 m/s [KF]
[lio] t=1317401069.042 | feat 9985/81177 | map  53612 | icp ok  iter 11 corr  9974 rms 0.2812  116.72 ms | p=(  203.87   -82.03  10.70) v=8.85 m/s
[lio] t=1317401069.146 | feat 9706/80603 | map  53612 | icp ok  iter 13 corr  9662 rms 0.3103  130.01 ms | p=(  204.76   -81.83  10.71) v=8.78 m/s [KF]
[lio] t=1317401069.250 | feat 9637/80937 | map  52506 | icp ok  iter  8 corr  9624 rms 0.2910   77.94 ms | p=(  205.65   -81.63  10.74) v=8.76 m/s
[lio] t=1317401069.354 | feat 9724/81335 | map  52506 | icp ok  iter  8 corr  9669 rms 0.3221   81.91 ms | p=(  206.54   -81.44  10.75) v=8.68 m/s [KF]
[lio] t=1317401069.458 | feat 9762/81644 | map  50946 | icp ok  iter 12 corr  9741 rms 0.3014  122.96 ms | p=(  207.42   -81.25  10.76) v=8.68 m/s
[lio] t=1317401069.561 | feat 9775/81520 | map  50946 | icp ok  iter  9 corr  9728 rms 0.3629   93.68 ms | p=(  208.30   -81.06  10.78) v=8.67 m/s [KF]
[lio] t=1317401069.665 | feat 9722/81689 | map  49754 | icp ok  iter  9 corr  9696 rms 0.3090   96.19 ms | p=(  209.19   -80.88  10.79) v=8.67 m/s
[lio] t=1317401069.769 | feat 9783/82064 | map  49754 | icp ok  iter  8 corr  9722 rms 0.3866   90.49 ms | p=(  210.07   -80.70  10.83) v=8.58 m/s [KF]
[lio] t=1317401069.873 | feat 9845/82339 | map  48849 | icp ok  iter  7 corr  9767 rms 0.3463   86.90 ms | p=(  210.95   -80.51  10.85) v=8.58 m/s
[lio] t=1317401069.977 | feat 9898/81747 | map  48849 | icp ok  iter  9 corr  9745 rms 0.3934   95.71 ms | p=(  211.82   -80.32  10.86) v=8.54 m/s [KF]
[lio] t=1317401070.080 | feat 10014/81355 | map  48133 | icp ok  iter  9 corr  9914 rms 0.3395  101.13 ms | p=(  212.68   -80.14  10.87) v=8.49 m/s
[lio] t=1317401070.184 | feat 10410/81102 | map  48133 | icp ok  iter 10 corr 10159 rms 0.4975  116.58 ms | p=(  213.53   -79.96  10.90) v=8.41 m/s [KF]
[lio] t=1317401070.288 | feat 10874/80689 | map  47629 | icp ok  iter 10 corr 10804 rms 0.4200  116.83 ms | p=(  214.41   -79.77  10.94) v=8.53 m/s
[lio] t=1317401070.392 | feat 11082/80060 | map  47629 | icp ok  iter 14 corr 10806 rms 0.4808  152.48 ms | p=(  215.26   -79.59  10.95) v=8.39 m/s [KF]
[lio] t=1317401070.496 | feat 11279/79265 | map  47623 | icp ok  iter 12 corr 11232 rms 0.4160  143.24 ms | p=(  216.13   -79.40  10.99) v=8.47 m/s
[lio] t=1317401070.599 | feat 11713/78949 | map  47623 | icp ok  iter  8 corr 11638 rms 0.4797   96.23 ms | p=(  216.97   -79.22  11.00) v=8.33 m/s [KF]
[lio] t=1317401070.703 | feat 12019/78511 | map  47938 | icp ok  iter  6 corr 11971 rms 0.3711   76.56 ms | p=(  217.81   -79.03  11.03) v=8.30 m/s
[lio] t=1317401070.807 | feat 12486/78689 | map  47938 | icp ok  iter  7 corr 12392 rms 0.4150   91.80 ms | p=(  218.65   -78.84  11.03) v=8.26 m/s [KF]
[lio] t=1317401070.911 | feat 12680/78500 | map  48670 | icp ok  iter  9 corr 12644 rms 0.3207  121.00 ms | p=(  219.50   -78.65  11.06) v=8.28 m/s
[lio] t=1317401071.015 | feat 12698/78779 | map  48670 | icp ok  iter  8 corr 12655 rms 0.3702  108.54 ms | p=(  220.33   -78.47  11.06) v=8.22 m/s [KF]
[lio] t=1317401071.119 | feat 12504/79281 | map  48982 | icp ok  iter  9 corr 12475 rms 0.3140  114.39 ms | p=(  221.17   -78.28  11.07) v=8.27 m/s
[lio] t=1317401071.223 | feat 12333/78774 | map  48982 | icp ok  iter  5 corr 12312 rms 0.3410   73.05 ms | p=(  222.00   -78.09  11.10) v=8.21 m/s [KF]
[lio] t=1317401071.327 | feat 12194/79083 | map  49434 | icp ok  iter  8 corr 12184 rms 0.2912  107.17 ms | p=(  222.85   -77.91  11.11) v=8.25 m/s
[lio] t=1317401071.430 | feat 11913/79343 | map  49434 | icp ok  iter  7 corr 11901 rms 0.3267   96.92 ms | p=(  223.67   -77.71  11.12) v=8.15 m/s [KF]
[lio] t=1317401071.534 | feat 11854/79926 | map  49525 | icp ok  iter  7 corr 11842 rms 0.2859   98.71 ms | p=(  224.51   -77.52  11.12) v=8.24 m/s
[lio] t=1317401071.638 | feat 11460/80234 | map  49525 | icp ok  iter  6 corr 11459 rms 0.3247   85.39 ms | p=(  225.33   -77.34  11.13) v=8.13 m/s [KF]
[lio] t=1317401071.742 | feat 11009/80224 | map  49592 | icp ok  iter 17 corr 10998 rms 0.3014  190.06 ms | p=(  226.16   -77.16  11.13) v=8.18 m/s
[lio] t=1317401071.846 | feat 10927/80603 | map  49592 | icp ok  iter  7 corr 10904 rms 0.3440   82.03 ms | p=(  226.99   -76.98  11.15) v=8.15 m/s [KF]
[lio] t=1317401071.950 | feat 10758/81036 | map  49654 | icp ok  iter  6 corr 10753 rms 0.3023   66.58 ms | p=(  227.82   -76.79  11.15) v=8.13 m/s
[lio] t=1317401072.054 | feat 10515/81144 | map  49654 | icp ok  iter  9 corr 10494 rms 0.3277   98.53 ms | p=(  228.64   -76.61  11.15) v=8.06 m/s [KF]
[lio] t=1317401072.158 | feat 10427/81114 | map  49483 | icp ok  iter  7 corr 10416 rms 0.2801   85.72 ms | p=(  229.47   -76.42  11.16) v=8.18 m/s
[lio] t=1317401072.262 | feat 10260/81098 | map  49483 | icp ok  iter  6 corr 10235 rms 0.3080   74.12 ms | p=(  230.30   -76.24  11.15) v=8.13 m/s [KF]
[lio] t=1317401072.366 | feat 10246/80824 | map  49226 | icp ok  iter  7 corr 10243 rms 0.2782   75.85 ms | p=(  231.12   -76.06  11.16) v=8.09 m/s
[lio] t=1317401072.470 | feat 10124/80634 | map  49226 | icp ok  iter  9 corr 10111 rms 0.3049  101.31 ms | p=(  231.93   -75.89  11.15) v=8.01 m/s [KF]
[lio] t=1317401072.574 | feat 10206/80895 | map  49111 | icp ok  iter 16 corr 10199 rms 0.2837  168.22 ms | p=(  232.77   -75.70  11.17) v=8.13 m/s
[lio] t=1317401072.678 | feat 10375/80903 | map  49111 | icp ok  iter 10 corr 10345 rms 0.3342  110.93 ms | p=(  233.57   -75.52  11.16) v=7.98 m/s [KF]
[lio] t=1317401072.781 | feat 10216/80842 | map  48987 | icp ok  iter 11 corr 10188 rms 0.2934  125.97 ms | p=(  234.41   -75.33  11.17) v=8.15 m/s
[lio] t=1317401072.885 | feat 10147/80905 | map  48987 | icp ok  iter 10 corr 10099 rms 0.3201  115.49 ms | p=(  235.21   -75.15  11.18) v=8.00 m/s [KF]
[lio] t=1317401072.989 | feat 10287/80964 | map  49017 | icp ok  iter 10 corr 10259 rms 0.3159  112.88 ms | p=(  236.05   -74.96  11.17) v=8.17 m/s
[lio] t=1317401073.093 | feat 10186/81037 | map  49017 | icp ok  iter  7 corr 10119 rms 0.3474   85.55 ms | p=(  236.87   -74.78  11.18) v=8.10 m/s [KF]
[lio] t=1317401073.197 | feat 10060/81094 | map  49213 | icp ok  iter  8 corr 10048 rms 0.3073   82.84 ms | p=(  237.69   -74.59  11.18) v=8.08 m/s
[lio] t=1317401073.301 | feat 9975/81303 | map  49213 | icp ok  iter  9 corr  9955 rms 0.3441   91.67 ms | p=(  238.50   -74.41  11.19) v=8.01 m/s [KF]
[lio] t=1317401073.405 | feat 9939/81393 | map  49207 | icp ok  iter  7 corr  9924 rms 0.3171   81.45 ms | p=(  239.33   -74.22  11.19) v=8.13 m/s
[lio] t=1317401073.509 | feat 10083/81558 | map  49207 | icp ok  iter  9 corr 10032 rms 0.3377   95.89 ms | p=(  240.15   -74.05  11.18) v=8.04 m/s [KF]
[lio] t=1317401073.613 | feat 10095/81665 | map  49206 | icp ok  iter 11 corr 10062 rms 0.3167  108.30 ms | p=(  240.97   -73.85  11.18) v=8.12 m/s
[lio] t=1317401073.717 | feat 10290/81775 | map  49206 | icp ok  iter  9 corr 10197 rms 0.3980   93.40 ms | p=(  241.79   -73.68  11.18) v=8.07 m/s [KF]
[lio] t=1317401073.821 | feat 10333/81707 | map  49310 | icp ok  iter  7 corr 10322 rms 0.3392   75.45 ms | p=(  242.62   -73.50  11.19) v=8.10 m/s
[lio] t=1317401073.925 | feat 10548/81629 | map  49310 | icp ok  iter  8 corr 10503 rms 0.3758   91.12 ms | p=(  243.43   -73.32  11.19) v=8.02 m/s [KF]
[lio] t=1317401074.029 | feat 10841/81435 | map  49641 | icp ok  iter 12 corr 10804 rms 0.3224  130.47 ms | p=(  244.26   -73.13  11.19) v=8.10 m/s
[lio] t=1317401074.133 | feat 11165/81457 | map  49641 | icp ok  iter 17 corr 11030 rms 0.3811  180.09 ms | p=(  245.08   -72.95  11.18) v=8.08 m/s [KF]
[lio] t=1317401074.237 | feat 11372/81198 | map  49993 | icp ok  iter  8 corr 11322 rms 0.3185   95.61 ms | p=(  245.90   -72.76  11.18) v=8.09 m/s
[lio] t=1317401074.341 | feat 11728/81128 | map  49993 | icp ok  iter 11 corr 11541 rms 0.3705  125.84 ms | p=(  246.72   -72.58  11.19) v=8.10 m/s [KF]
[lio] t=1317401074.445 | feat 12025/80783 | map  50545 | icp ok  iter  7 corr 11996 rms 0.3094   83.09 ms | p=(  247.54   -72.40  11.19) v=8.05 m/s
[lio] t=1317401074.549 | feat 12467/80459 | map  50545 | icp ok  iter  5 corr 12372 rms 0.3916   65.13 ms | p=(  248.35   -72.21  11.19) v=8.03 m/s [KF]
[lio] t=1317401074.653 | feat 12468/80137 | map  51391 | icp ok  iter  8 corr 12453 rms 0.3170  104.38 ms | p=(  249.18   -72.02  11.20) v=8.09 m/s
[lio] t=1317401074.756 | feat 12627/79636 | map  51391 | icp ok  iter  4 corr 12604 rms 0.3439   63.42 ms | p=(  250.00   -71.84  11.20) v=8.09 m/s [KF]
[lio] t=1317401074.860 | feat 12745/79376 | map  52170 | icp ok  iter  7 corr 12726 rms 0.2927   92.05 ms | p=(  250.82   -71.66  11.20) v=8.05 m/s
[lio] t=1317401074.964 | feat 13102/78845 | map  52170 | icp ok  iter  6 corr 13079 rms 0.3314   80.63 ms | p=(  251.63   -71.46  11.21) v=7.99 m/s [KF]
[lio] t=1317401075.068 | feat 13246/78463 | map  52935 | icp ok  iter  6 corr 13231 rms 0.3024   88.41 ms | p=(  252.45   -71.29  11.21) v=8.02 m/s
[lio] t=1317401075.172 | feat 13288/77724 | map  52935 | icp ok  iter  6 corr 13245 rms 0.3105   89.79 ms | p=(  253.25   -71.09  11.21) v=7.95 m/s [KF]
[lio] t=1317401075.276 | feat 13270/77009 | map  53335 | icp ok  iter 12 corr 13251 rms 0.3044  168.88 ms | p=(  254.07   -70.91  11.21) v=8.05 m/s
[lio] t=1317401075.380 | feat 13279/76541 | map  53335 | icp ok  iter 12 corr 13234 rms 0.3353  173.28 ms | p=(  254.86   -70.74  11.21) v=7.84 m/s [KF]
[lio] t=1317401075.484 | feat 13491/76584 | map  53573 | icp ok  iter 11 corr 13456 rms 0.2635  165.78 ms | p=(  255.68   -70.56  11.23) v=7.95 m/s
[lio] t=1317401075.588 | feat 13617/76502 | map  53573 | icp ok  iter 11 corr 13556 rms 0.3042  152.70 ms | p=(  256.47   -70.39  11.23) v=7.79 m/s [KF]
[lio] t=1317401075.692 | feat 13832/76582 | map  53845 | icp ok  iter  8 corr 13827 rms 0.2856  127.52 ms | p=(  257.28   -70.20  11.23) v=7.87 m/s
[lio] t=1317401075.796 | feat 14081/76648 | map  53845 | icp ok  iter  9 corr 14053 rms 0.3140  125.72 ms | p=(  258.07   -70.03  11.24) v=7.81 m/s [KF]
[lio] t=1317401075.900 | feat 14340/76715 | map  53884 | icp ok  iter  6 corr 14336 rms 0.2838   92.58 ms | p=(  258.86   -69.85  11.24) v=7.71 m/s
[lio] t=1317401076.004 | feat 14443/76768 | map  53884 | icp ok  iter  7 corr 14414 rms 0.3246  102.52 ms | p=(  259.64   -69.68  11.24) v=7.63 m/s [KF]
[lio] t=1317401076.108 | feat 14283/76509 | map  53990 | icp ok  iter  8 corr 14260 rms 0.2759  116.38 ms | p=(  260.41   -69.51  11.25) v=7.57 m/s
[lio] t=1317401076.212 | feat 14382/76432 | map  53990 | icp ok  iter  9 corr 14343 rms 0.3332  132.65 ms | p=(  261.16   -69.34  11.25) v=7.37 m/s [KF]
[lio] t=1317401076.316 | feat 14375/76130 | map  54186 | icp ok  iter 10 corr 14360 rms 0.2873  155.31 ms | p=(  261.92   -69.17  11.25) v=7.37 m/s
[lio] t=1317401076.420 | feat 14450/75756 | map  54186 | icp ok  iter 11 corr 14407 rms 0.3316  158.85 ms | p=(  262.64   -69.01  11.26) v=7.12 m/s [KF]
[lio] t=1317401076.523 | feat 14278/75633 | map  54497 | icp ok  iter  7 corr 14265 rms 0.2962  101.74 ms | p=(  263.36   -68.84  11.26) v=6.99 m/s
[lio] t=1317401076.627 | feat 14456/75805 | map  54497 | icp ok  iter  9 corr 14435 rms 0.3338  124.23 ms | p=(  264.07   -68.69  11.26) v=6.83 m/s [KF]
[lio] t=1317401076.731 | feat 14613/75932 | map  54676 | icp ok  iter 11 corr 14612 rms 0.2633  166.40 ms | p=(  264.73   -68.55  11.26) v=6.53 m/s
[lio] t=1317401076.835 | feat 14599/76146 | map  54676 | icp ok  iter 15 corr 14583 rms 0.3183  241.56 ms | p=(  265.43   -68.39  11.26) v=6.61 m/s [KF]
[lio] t=1317401076.939 | feat 14508/76175 | map  54841 | icp ok  iter 11 corr 14501 rms 0.2737  177.18 ms | p=(  266.05   -68.26  11.26) v=6.11 m/s
[lio] t=1317401077.043 | feat 14368/75910 | map  54841 | icp ok  iter 11 corr 14348 rms 0.3212  158.77 ms | p=(  266.67   -68.12  11.27) v=5.98 m/s [KF]
[lio] t=1317401077.147 | feat 14452/76018 | map  55312 | icp ok  iter 10 corr 14448 rms 0.2627  143.54 ms | p=(  267.27   -68.00  11.28) v=5.70 m/s
[lio] t=1317401077.251 | feat 14684/76391 | map  55312 | icp ok  iter  8 corr 14673 rms 0.2996  120.67 ms | p=(  267.83   -67.86  11.28) v=5.47 m/s [KF]
[lio] t=1317401077.355 | feat 14865/76743 | map  55646 | icp ok  iter 10 corr 14864 rms 0.2506  148.42 ms | p=(  268.38   -67.75  11.28) v=5.20 m/s
[lio] t=1317401077.459 | feat 15122/77314 | map  55646 | icp ok  iter  6 corr 15099 rms 0.2636  100.75 ms | p=(  268.89   -67.64  11.27) v=4.92 m/s [KF]
[lio] t=1317401077.563 | feat 15307/77570 | map  55913 | icp ok  iter 10 corr 15303 rms 0.2639  157.05 ms | p=(  269.39   -67.54  11.26) v=4.69 m/s
[lio] t=1317401077.667 | feat 15547/77708 | map  55913 | icp ok  iter  9 corr 15536 rms 0.2768  147.61 ms | p=(  269.85   -67.44  11.26) v=4.42 m/s
[lio] t=1317401077.771 | feat 15563/77618 | map  55913 | icp ok  iter 11 corr 15550 rms 0.2928  181.36 ms | p=(  270.30   -67.36  11.28) v=4.19 m/s [KF]
[lio] t=1317401077.875 | feat 15940/77722 | map  56378 | icp ok  iter  7 corr 15939 rms 0.2611  130.26 ms | p=(  270.70   -67.27  11.28) v=3.81 m/s
[lio] t=1317401077.979 | feat 16011/77980 | map  56378 | icp ok  iter 11 corr 15989 rms 0.2804  180.19 ms | p=(  271.08   -67.20  11.28) v=3.55 m/s
[lio] t=1317401078.083 | feat 16124/78225 | map  56378 | icp ok  iter  8 corr 16076 rms 0.3002  135.13 ms | p=(  271.42   -67.13  11.26) v=3.25 m/s [KF]
[lio] t=1317401078.187 | feat 16179/78210 | map  56865 | icp ok  iter  8 corr 16176 rms 0.2457  152.56 ms | p=(  271.74   -67.07  11.26) v=2.97 m/s
[lio] t=1317401078.291 | feat 16039/77983 | map  56865 | icp ok  iter  3 corr 16031 rms 0.2577   59.67 ms | p=(  272.03   -67.02  11.27) v=2.63 m/s
[lio] t=1317401078.395 | feat 15949/77669 | map  56865 | icp ok  iter  6 corr 15934 rms 0.2581  117.23 ms | p=(  272.29   -66.97  11.28) v=2.39 m/s
[lio] t=1317401078.499 | feat 15852/77413 | map  56865 | icp ok  iter  8 corr 15840 rms 0.2635  142.13 ms | p=(  272.52   -66.93  11.28) v=2.12 m/s [KF]
[lio] t=1317401078.603 | feat 15847/77521 | map  57046 | icp ok  iter 14 corr 15846 rms 0.2229  220.62 ms | p=(  272.71   -66.89  11.29) v=1.77 m/s
[lio] t=1317401078.707 | feat 15863/77623 | map  57046 | icp ok  iter 12 corr 15858 rms 0.2581  204.80 ms | p=(  272.91   -66.86  11.29) v=1.73 m/s
[lio] t=1317401078.811 | feat 16105/77625 | map  57046 | icp ok  iter  8 corr 16100 rms 0.2646  139.42 ms | p=(  273.08   -66.82  11.29) v=1.63 m/s
[lio] t=1317401078.915 | feat 16131/77748 | map  57046 | icp ok  iter  8 corr 16126 rms 0.2594  142.15 ms | p=(  273.24   -66.79  11.29) v=1.53 m/s
[lio] t=1317401079.019 | feat 16005/77787 | map  57046 | icp ok  iter  8 corr 15990 rms 0.2642  148.11 ms | p=(  273.40   -66.76  11.29) v=1.50 m/s
[lio] t=1317401079.123 | feat 16205/77894 | map  57046 | icp ok  iter  9 corr 16190 rms 0.2627  150.32 ms | p=(  273.56   -66.74  11.29) v=1.45 m/s [KF]
[lio] t=1317401079.227 | feat 16228/77919 | map  57269 | icp ok  iter  8 corr 16221 rms 0.2317  139.71 ms | p=(  273.69   -66.72  11.29) v=1.30 m/s
[lio] t=1317401079.331 | feat 16328/77943 | map  57269 | icp ok  iter 12 corr 16319 rms 0.2557  201.82 ms | p=(  273.84   -66.69  11.30) v=1.36 m/s
[lio] t=1317401079.435 | feat 16263/78055 | map  57269 | icp ok  iter  8 corr 16257 rms 0.2513  141.63 ms | p=(  273.97   -66.67  11.30) v=1.22 m/s
[lio] t=1317401079.539 | feat 16420/77998 | map  57269 | icp ok  iter  8 corr 16416 rms 0.2523  131.94 ms | p=(  274.10   -66.64  11.29) v=1.20 m/s
[lio] t=1317401079.643 | feat 16394/78173 | map  57269 | icp ok  iter  8 corr 16387 rms 0.2648  142.08 ms | p=(  274.22   -66.62  11.29) v=1.19 m/s
[lio] t=1317401079.747 | feat 16456/78166 | map  57269 | icp ok  iter  4 corr 16450 rms 0.2713   86.21 ms | p=(  274.34   -66.60  11.29) v=1.15 m/s
[lio] t=1317401079.851 | feat 16359/78095 | map  57269 | icp ok  iter 12 corr 16350 rms 0.2781  208.56 ms | p=(  274.47   -66.58  11.29) v=1.22 m/s
[lio] t=1317401079.955 | feat 16416/77854 | map  57269 | icp ok  iter 14 corr 16403 rms 0.2870  238.07 ms | p=(  274.61   -66.57  11.29) v=1.30 m/s [KF]
[lio] t=1317401080.059 | feat 16419/77842 | map  57783 | icp ok  iter  9 corr 16416 rms 0.2317  170.29 ms | p=(  274.71   -66.55  11.29) v=1.11 m/s
[lio] t=1317401080.163 | feat 16213/77713 | map  57783 | icp ok  iter 12 corr 16210 rms 0.2551  210.60 ms | p=(  274.85   -66.52  11.29) v=1.26 m/s
[lio] t=1317401080.267 | feat 16233/77507 | map  57783 | icp ok  iter 11 corr 16231 rms 0.2621  189.31 ms | p=(  274.99   -66.49  11.29) v=1.28 m/s
[lio] t=1317401080.370 | feat 16245/77567 | map  57783 | icp ok  iter 12 corr 16243 rms 0.2640  201.97 ms | p=(  275.10   -66.47  11.29) v=1.16 m/s
[lio] t=1317401080.474 | feat 16274/77552 | map  57783 | icp ok  iter  7 corr 16270 rms 0.2672  130.29 ms | p=(  275.22   -66.45  11.28) v=1.20 m/s
[lio] t=1317401080.578 | feat 16245/77593 | map  57783 | icp ok  iter  7 corr 16240 rms 0.2676  130.37 ms | p=(  275.35   -66.42  11.28) v=1.25 m/s
[lio] t=1317401080.682 | feat 16307/77547 | map  57783 | icp ok  iter 10 corr 16296 rms 0.2856  184.44 ms | p=(  275.50   -66.39  11.28) v=1.43 m/s
[lio] t=1317401080.786 | feat 16203/77117 | map  57783 | icp ok  iter 13 corr 16191 rms 0.2882  233.15 ms | p=(  275.63   -66.35  11.28) v=1.42 m/s [KF]
[lio] t=1317401080.890 | feat 16126/76603 | map  58432 | icp ok  iter 14 corr 16119 rms 0.2395  260.14 ms | p=(  275.78   -66.33  11.29) v=1.50 m/s
[lio] t=1317401080.994 | feat 16108/76515 | map  58432 | icp ok  iter 12 corr 16098 rms 0.2667  228.89 ms | p=(  275.95   -66.27  11.29) v=1.73 m/s
[lio] t=1317401081.097 | feat 16178/76808 | map  58432 | icp ok  iter  7 corr 16167 rms 0.2776  157.13 ms | p=(  276.14   -66.22  11.29) v=1.91 m/s
[lio] t=1317401081.201 | feat 16014/76451 | map  58432 | icp ok  iter 19 corr 16007 rms 0.2772  342.73 ms | p=(  276.34   -66.17  11.28) v=2.07 m/s
[lio] t=1317401081.305 | feat 16204/76632 | map  58432 | icp ok  iter 20 corr 16199 rms 0.2813  355.14 ms | p=(  276.55   -66.11  11.29) v=2.20 m/s
[lio] t=1317401081.408 | feat 16034/76712 | map  58432 | icp ok  iter 20 corr 16029 rms 0.2842  346.74 ms | p=(  276.77   -66.03  11.30) v=2.36 m/s [KF]
[lio] t=1317401081.512 | feat 16018/76578 | map  59164 | icp ok  iter 20 corr 16015 rms 0.2608  364.55 ms | p=(  277.01   -65.95  11.30) v=2.48 m/s
[lio] t=1317401081.616 | feat 16146/76739 | map  59164 | icp ok  iter 16 corr 16143 rms 0.2610  300.17 ms | p=(  277.25   -65.85  11.30) v=2.56 m/s
[lio] t=1317401081.719 | feat 16275/76828 | map  59164 | icp ok  iter 22 corr 16251 rms 0.2829  384.52 ms | p=(  277.50   -65.72  11.32) v=2.78 m/s
[lio] t=1317401081.823 | feat 16308/77035 | map  59164 | icp ok  iter 13 corr 16279 rms 0.3074  224.78 ms | p=(  277.75   -65.58  11.31) v=2.91 m/s [KF]
[lio] t=1317401081.927 | feat 16413/77254 | map  59911 | icp ok  iter 17 corr 16394 rms 0.2696  303.76 ms | p=(  278.01   -65.44  11.31) v=2.93 m/s
[lio] t=1317401082.030 | feat 16157/77391 | map  59911 | icp ok  iter  7 corr 16130 rms 0.2958  145.86 ms | p=(  278.27   -65.27  11.31) v=3.06 m/s
[lio] t=1317401082.134 | feat 16196/77080 | map  59911 | icp ok  iter  2 corr 16143 rms 0.3231   50.64 ms | p=(  278.53   -65.08  11.31) v=3.20 m/s
[lio] t=1317401082.238 | feat 16185/76983 | map  59911 | icp ok  iter  9 corr 16099 rms 0.3447  172.14 ms | p=(  278.79   -64.87  11.30) v=3.32 m/s [KF]
[lio] t=1317401082.341 | feat 16125/77142 | map  60906 | icp ok  iter  8 corr 16103 rms 0.2781  165.94 ms | p=(  279.06   -64.64  11.31) v=3.41 m/s
[lio] t=1317401082.445 | feat 16111/77070 | map  60906 | icp ok  iter 14 corr 16082 rms 0.2943  239.56 ms | p=(  279.30   -64.40  11.30) v=3.43 m/s
[lio] t=1317401082.549 | feat 16013/77309 | map  60906 | icp ok  iter 11 corr 15982 rms 0.3160  205.69 ms | p=(  279.55   -64.14  11.28) v=3.55 m/s [KF]
[lio] t=1317401082.653 | feat 15882/77294 | map  61601 | icp ok  iter 11 corr 15870 rms 0.2525  190.76 ms | p=(  279.77   -63.84  11.27) v=3.70 m/s
[lio] t=1317401082.757 | feat 15800/77309 | map  61601 | icp ok  iter 14 corr 15771 rms 0.2976  244.01 ms | p=(  280.02   -63.54  11.24) v=3.84 m/s
[lio] t=1317401082.860 | feat 15808/77461 | map  61601 | icp ok  iter  5 corr 15765 rms 0.3245   96.88 ms | p=(  280.24   -63.22  11.22) v=3.97 m/s [KF]
[lio] t=1317401082.964 | feat 15670/77264 | map  61856 | icp ok  iter  6 corr 15667 rms 0.2579  112.26 ms | p=(  280.46   -62.87  11.20) v=4.10 m/s
[lio] t=1317401083.068 | feat 15506/77287 | map  61856 | icp ok  iter  7 corr 15501 rms 0.3062  118.72 ms | p=(  280.66   -62.47  11.17) v=4.37 m/s
[lio] t=1317401083.172 | feat 15386/77143 | map  61856 | icp ok  iter  6 corr 15379 rms 0.3152  114.16 ms | p=(  280.84   -62.07  11.16) v=4.41 m/s [KF]
[lio] t=1317401083.276 | feat 15308/77060 | map  62099 | icp ok  iter 10 corr 15304 rms 0.2658  179.59 ms | p=(  281.02   -61.64  11.14) v=4.62 m/s
[lio] t=1317401083.379 | feat 15330/77236 | map  62099 | icp ok  iter 14 corr 15321 rms 0.2913  224.57 ms | p=(  281.17   -61.18  11.10) v=4.77 m/s
[lio] t=1317401083.483 | feat 15300/77221 | map  62099 | icp ok  iter 12 corr 15278 rms 0.2946  200.57 ms | p=(  281.30   -60.70  11.07) v=4.91 m/s [KF]
[lio] t=1317401083.587 | feat 15155/77029 | map  62094 | icp ok  iter  6 corr 15147 rms 0.2712  111.91 ms | p=(  281.41   -60.21  11.04) v=5.01 m/s
[lio] t=1317401083.691 | feat 15370/77133 | map  62094 | icp ok  iter 10 corr 15361 rms 0.2734  164.61 ms | p=(  281.50   -59.69  11.04) v=5.21 m/s [KF]
[lio] t=1317401083.795 | feat 15349/77729 | map  62202 | icp ok  iter  8 corr 15335 rms 0.2517  142.47 ms | p=(  281.56   -59.17  10.96) v=5.31 m/s
[lio] t=1317401083.899 | feat 15262/77761 | map  62202 | icp ok  iter 12 corr 15256 rms 0.3051  229.10 ms | p=(  281.64   -58.67  10.93) v=5.20 m/s [KF]
[lio] t=1317401084.003 | feat 15114/77351 | map  62730 | icp ok  iter 16 corr 15111 rms 0.2762  294.44 ms | p=(  281.60   -58.05  10.91) v=5.82 m/s
[lio] t=1317401084.107 | feat 15029/77444 | map  62730 | icp ok  iter 17 corr 15023 rms 0.3001  282.54 ms | p=(  281.59   -57.46  10.88) v=5.90 m/s [KF]
[lio] t=1317401084.211 | feat 15058/77412 | map  62821 | icp ok  iter 13 corr 15047 rms 0.2661  235.76 ms | p=(  281.52   -56.84  10.87) v=6.11 m/s
[lio] t=1317401084.315 | feat 15141/77814 | map  62821 | icp ok  iter 35 corr 15121 rms 0.2768  535.96 ms | p=(  281.42   -56.22  10.82) v=6.25 m/s [KF]
[lio] t=1317401084.419 | feat 15084/78294 | map  62585 | icp ok  iter 20 corr 15082 rms 0.2524  397.80 ms | p=(  281.30   -55.57  10.75) v=6.55 m/s
[lio] t=1317401084.524 | feat 15190/78885 | map  62585 | icp ok  iter 38 corr 15189 rms 0.2696  779.57 ms | p=(  281.11   -54.90  10.70) v=6.79 m/s [KF]
[lio] t=1317401084.628 | feat 15111/79169 | map  62329 | icp ok  iter 23 corr 15109 rms 0.2653  423.68 ms | p=(  280.93   -54.21  10.65) v=7.03 m/s
[lio] t=1317401084.733 | feat 15258/79243 | map  62329 | icp ok  iter 14 corr 15236 rms 0.2847  268.41 ms | p=(  280.77   -53.50  10.62) v=7.19 m/s [KF]
[lio] t=1317401084.837 | feat 15442/79368 | map  62197 | icp ok  iter 13 corr 15419 rms 0.2632  235.79 ms | p=(  280.58   -52.79  10.57) v=7.29 m/s
[lio] t=1317401084.942 | feat 15198/79478 | map  62197 | icp ok  iter 15 corr 15175 rms 0.2626  272.90 ms | p=(  280.39   -52.04  10.49) v=7.53 m/s [KF]
[lio] t=1317401085.046 | feat 14334/78087 | map  62005 | icp ok  iter 12 corr 14319 rms 0.2642  207.27 ms | p=(  280.21   -51.25  10.46) v=7.89 m/s
[lio] t=1317401085.150 | feat 13910/77510 | map  62005 | icp ok  iter 10 corr 13892 rms 0.2866  167.92 ms | p=(  280.02   -50.45  10.42) v=8.09 m/s [KF]
[lio] t=1317401085.255 | feat 13918/77592 | map  61824 | icp ok  iter  9 corr 13907 rms 0.2613  141.08 ms | p=(  279.81   -49.61  10.34) v=8.41 m/s
[lio] t=1317401085.359 | feat 13969/76582 | map  61824 | icp ok  iter  4 corr 13915 rms 0.3147   81.55 ms | p=(  279.61   -48.78  10.32) v=8.43 m/s [KF]
[lio] t=1317401085.463 | feat 14033/75659 | map  61487 | icp ok  iter 10 corr 13956 rms 0.2755  160.66 ms | p=(  279.41   -47.91  10.29) v=8.64 m/s
[lio] t=1317401085.568 | feat 14353/76221 | map  61487 | icp ok  iter 10 corr 14149 rms 0.3052  160.40 ms | p=(  279.19   -47.02  10.22) v=8.91 m/s [KF]
[lio] t=1317401085.672 | feat 14611/76699 | map  61786 | icp ok  iter 13 corr 14508 rms 0.3149  212.21 ms | p=(  278.97   -46.13  10.18) v=9.05 m/s
[lio] t=1317401085.776 | feat 15245/77930 | map  61786 | icp ok  iter 14 corr 15033 rms 0.3662  242.82 ms | p=(  278.74   -45.22  10.12) v=9.22 m/s [KF]
[lio] t=1317401085.880 | feat 15988/78937 | map  62454 | icp ok  iter  7 corr 15979 rms 0.3114  134.38 ms | p=(  278.50   -44.28  10.07) v=9.51 m/s
[lio] t=1317401085.984 | feat 16266/79766 | map  62454 | icp ok  iter 14 corr 16229 rms 0.3690  239.84 ms | p=(  278.26   -43.33  10.03) v=9.56 m/s [KF]
[lio] t=1317401086.088 | feat 16497/80317 | map  63388 | icp ok  iter 12 corr 16477 rms 0.3083  215.49 ms | p=(  278.03   -42.37   9.96) v=9.73 m/s
[lio] t=1317401086.192 | feat 16794/80098 | map  63388 | icp ok  iter 10 corr 16763 rms 0.3436  182.66 ms | p=(  277.77   -41.38   9.91) v=9.89 m/s [KF]
[lio] t=1317401086.296 | feat 16448/79460 | map  64305 | icp ok  iter 13 corr 16438 rms 0.2715  224.53 ms | p=(  277.52   -40.39   9.88) v=9.91 m/s [KF]
[lio] t=1317401086.400 | feat 16555/79723 | map  64803 | icp ok  iter  8 corr 16531 rms 0.2610  153.63 ms | p=(  277.27   -39.42   9.79) v=9.87 m/s [KF]
[lio] t=1317401086.504 | feat 16565/79734 | map  65021 | icp ok  iter  9 corr 16554 rms 0.2439  170.08 ms | p=(  277.00   -38.42   9.72) v=9.98 m/s [KF]
[lio] t=1317401086.608 | feat 16728/79800 | map  65029 | icp ok  iter  6 corr 16722 rms 0.2510  125.81 ms | p=(  276.74   -37.42   9.67) v=10.06 m/s [KF]
[lio] t=1317401086.712 | feat 16742/79616 | map  64697 | icp ok  iter  7 corr 16724 rms 0.2433  142.90 ms | p=(  276.47   -36.42   9.60) v=10.13 m/s [KF]
[lio] t=1317401086.816 | feat 16893/79935 | map  64253 | icp ok  iter  9 corr 16878 rms 0.2763  179.04 ms | p=(  276.19   -35.41   9.54) v=10.17 m/s [KF]
[lio] t=1317401086.920 | feat 16830/79944 | map  63585 | icp ok  iter 11 corr 16817 rms 0.2457  195.96 ms | p=(  275.90   -34.40   9.48) v=10.26 m/s [KF]
[lio] t=1317401087.024 | feat 16918/79902 | map  62915 | icp ok  iter  6 corr 16912 rms 0.2460  127.48 ms | p=(  275.61   -33.38   9.43) v=10.31 m/s [KF]
[lio] t=1317401087.127 | feat 17168/80263 | map  62700 | icp ok  iter  6 corr 17154 rms 0.2600  115.73 ms | p=(  275.31   -32.36   9.37) v=10.35 m/s [KF]
[lio] t=1317401087.231 | feat 17151/80403 | map  62702 | icp ok  iter  8 corr 17141 rms 0.2773  162.74 ms | p=(  275.01   -31.35   9.31) v=10.30 m/s [KF]
[lio] t=1317401087.335 | feat 17185/81067 | map  62806 | icp ok  iter 10 corr 17164 rms 0.2914  186.00 ms | p=(  274.70   -30.33   9.25) v=10.34 m/s [KF]
[lio] t=1317401087.439 | feat 17384/81536 | map  63163 | icp ok  iter 10 corr 17322 rms 0.3244  178.27 ms | p=(  274.38   -29.31   9.17) v=10.40 m/s [KF]
[lio] t=1317401087.543 | feat 17071/81542 | map  63613 | icp ok  iter 12 corr 17063 rms 0.2700  210.71 ms | p=(  274.05   -28.29   9.10) v=10.43 m/s [KF]
[lio] t=1317401087.647 | feat 16850/81880 | map  63679 | icp ok  iter  7 corr 16840 rms 0.2341  117.47 ms | p=(  273.73   -27.25   9.03) v=10.49 m/s [KF]
[lio] t=1317401087.751 | feat 16535/82162 | map  63442 | icp ok  iter  6 corr 16529 rms 0.2410  110.92 ms | p=(  273.41   -26.22   8.96) v=10.51 m/s [KF]
[lio] t=1317401087.855 | feat 16320/82645 | map  63298 | icp ok  iter  5 corr 16309 rms 0.2426   94.42 ms | p=(  273.08   -25.19   8.89) v=10.53 m/s [KF]
[lio] t=1317401087.959 | feat 16213/82778 | map  62927 | icp ok  iter  8 corr 16185 rms 0.2769  133.68 ms | p=(  272.75   -24.15   8.82) v=10.60 m/s [KF]
[lio] t=1317401088.063 | feat 16017/82953 | map  63037 | icp ok  iter  4 corr 16008 rms 0.2740   79.35 ms | p=(  272.41   -23.11   8.76) v=10.60 m/s [KF]
[lio] t=1317401088.167 | feat 15817/83128 | map  63186 | icp ok  iter  8 corr 15804 rms 0.2591  141.77 ms | p=(  272.08   -22.07   8.68) v=10.65 m/s [KF]
[lio] t=1317401088.271 | feat 15682/83108 | map  62962 | icp ok  iter  9 corr 15672 rms 0.2751  153.04 ms | p=(  271.75   -21.00   8.61) v=10.81 m/s [KF]
[lio] t=1317401088.375 | feat 15439/82962 | map  62853 | icp ok  iter  9 corr 15435 rms 0.2554  149.23 ms | p=(  271.42   -19.94   8.53) v=10.80 m/s [KF]
[lio] t=1317401088.479 | feat 15312/82888 | map  62646 | icp ok  iter  5 corr 15310 rms 0.2440   99.54 ms | p=(  271.09   -18.89   8.48) v=10.77 m/s [KF]
[lio] t=1317401088.583 | feat 15333/83010 | map  61846 | icp ok  iter  8 corr 15330 rms 0.2379  128.38 ms | p=(  270.77   -17.83   8.42) v=10.75 m/s [KF]
[lio] t=1317401088.687 | feat 15067/83020 | map  60932 | icp ok  iter 12 corr 15052 rms 0.2401  205.61 ms | p=(  270.43   -16.76   8.33) v=10.83 m/s [KF]
[lio] t=1317401088.791 | feat 14861/82695 | map  60500 | icp ok  iter  6 corr 14857 rms 0.2456  108.75 ms | p=(  270.10   -15.70   8.26) v=10.85 m/s [KF]
[lio] t=1317401088.895 | feat 14601/82507 | map  60385 | icp ok  iter 10 corr 14596 rms 0.2347  153.27 ms | p=(  269.78   -14.62   8.18) v=10.92 m/s [KF]
[lio] t=1317401088.999 | feat 14389/82221 | map  60239 | icp ok  iter  5 corr 14378 rms 0.2268   80.21 ms | p=(  269.46   -13.53   8.11) v=10.98 m/s [KF]
[lio] t=1317401089.103 | feat 14409/82058 | map  59784 | icp ok  iter  9 corr 14402 rms 0.2317  133.67 ms | p=(  269.14   -12.45   8.04) v=10.98 m/s [KF]
[lio] t=1317401089.207 | feat 14745/82015 | map  59316 | icp ok  iter  5 corr 14743 rms 0.2483   85.16 ms | p=(  268.84   -11.36   7.97) v=10.99 m/s [KF]
[lio] t=1317401089.311 | feat 14748/82192 | map  59012 | icp ok  iter  6 corr 14744 rms 0.2339   93.16 ms | p=(  268.54   -10.26   7.89) v=11.07 m/s [KF]
[lio] t=1317401089.415 | feat 14682/82025 | map  58691 | icp ok  iter 12 corr 14675 rms 0.2422  174.24 ms | p=(  268.24    -9.16   7.82) v=11.08 m/s [KF]
[lio] t=1317401089.519 | feat 14695/82202 | map  58167 | icp ok  iter 11 corr 14682 rms 0.2401  161.66 ms | p=(  267.95    -8.05   7.74) v=11.12 m/s [KF]
[lio] t=1317401089.623 | feat 14643/82094 | map  57491 | icp ok  iter  7 corr 14638 rms 0.2301  111.96 ms | p=(  267.67    -6.94   7.67) v=11.13 m/s [KF]
[lio] t=1317401089.726 | feat 14815/81817 | map  56581 | icp ok  iter  6 corr 14804 rms 0.2410   98.44 ms | p=(  267.39    -5.83   7.60) v=11.12 m/s [KF]
[lio] t=1317401089.830 | feat 14999/82066 | map  55675 | icp ok  iter  4 corr 14992 rms 0.2513   74.06 ms | p=(  267.12    -4.72   7.54) v=11.17 m/s [KF]
[lio] t=1317401089.934 | feat 14776/82154 | map  54814 | icp ok  iter  8 corr 14762 rms 0.2360  135.44 ms | p=(  266.84    -3.59   7.45) v=11.25 m/s [KF]
[lio] t=1317401090.038 | feat 14830/81898 | map  53728 | icp ok  iter  7 corr 14826 rms 0.2352  117.62 ms | p=(  266.57    -2.46   7.37) v=11.30 m/s [KF]
[lio] t=1317401090.142 | feat 14888/81680 | map  52874 | icp ok  iter  7 corr 14883 rms 0.2271  124.13 ms | p=(  266.30    -1.34   7.32) v=11.26 m/s [KF]
[lio] t=1317401090.246 | feat 14840/81073 | map  52042 | icp ok  iter  9 corr 14833 rms 0.2372  145.82 ms | p=(  266.04    -0.20   7.24) v=11.35 m/s [KF]
[lio] t=1317401090.349 | feat 14949/81785 | map  51265 | icp ok  iter  4 corr 14936 rms 0.2420   73.53 ms | p=(  265.78     0.94   7.16) v=11.38 m/s [KF]
[lio] t=1317401090.453 | feat 14894/81852 | map  50518 | icp ok  iter  9 corr 14874 rms 0.2534  139.77 ms | p=(  265.52     2.08   7.10) v=11.36 m/s [KF]
[lio] t=1317401090.557 | feat 14728/81531 | map  49703 | icp ok  iter  8 corr 14677 rms 0.2779  114.58 ms | p=(  265.25     3.23   7.03) v=11.45 m/s [KF]
[lio] t=1317401090.661 | feat 14774/81435 | map  49041 | icp ok  iter  9 corr 14708 rms 0.2981  137.21 ms | p=(  264.99     4.38   6.96) v=11.46 m/s [KF]
[lio] t=1317401090.764 | feat 15002/81299 | map  48459 | icp ok  iter 12 corr 14977 rms 0.3142  179.93 ms | p=(  264.74     5.53   6.89) v=11.46 m/s [KF]
[lio] t=1317401090.868 | feat 14993/81197 | map  48284 | icp ok  iter  9 corr 14981 rms 0.2593  139.82 ms | p=(  264.48     6.68   6.83) v=11.44 m/s [KF]
[lio] t=1317401090.972 | feat 15123/80968 | map  48301 | icp ok  iter 10 corr 15079 rms 0.2600  160.37 ms | p=(  264.23     7.82   6.76) v=11.43 m/s [KF]
[lio] t=1317401091.076 | feat 14788/80554 | map  48567 | icp ok  iter 10 corr 14777 rms 0.2855  155.74 ms | p=(  263.97     8.96   6.69) v=11.38 m/s [KF]
[lio] t=1317401091.179 | feat 14789/80246 | map  48912 | icp ok  iter  7 corr 14751 rms 0.2980  104.83 ms | p=(  263.72    10.11   6.62) v=11.43 m/s [KF]
[lio] t=1317401091.283 | feat 14670/80613 | map  48932 | icp ok  iter  6 corr 14659 rms 0.2564   90.86 ms | p=(  263.46    11.27   6.56) v=11.43 m/s [KF]
[lio] t=1317401091.387 | feat 14488/80593 | map  49060 | icp ok  iter  9 corr 14487 rms 0.2374  132.84 ms | p=(  263.20    12.41   6.49) v=11.38 m/s [KF]
[lio] t=1317401091.491 | feat 14517/80321 | map  49171 | icp ok  iter  9 corr 14494 rms 0.2370  130.68 ms | p=(  262.95    13.55   6.41) v=11.39 m/s [KF]
[lio] t=1317401091.594 | feat 14593/80057 | map  49319 | icp ok  iter 11 corr 14585 rms 0.2381  158.15 ms | p=(  262.70    14.70   6.34) v=11.38 m/s [KF]
[lio] t=1317401091.698 | feat 14710/80090 | map  49520 | icp ok  iter  9 corr 14694 rms 0.2507  132.28 ms | p=(  262.45    15.84   6.28) v=11.37 m/s [KF]
[lio] t=1317401091.802 | feat 14813/80237 | map  49756 | icp ok  iter  5 corr 14808 rms 0.2476   78.63 ms | p=(  262.19    16.99   6.22) v=11.37 m/s [KF]
[lio] t=1317401091.906 | feat 14532/80008 | map  49930 | icp ok  iter  6 corr 14526 rms 0.2227   98.62 ms | p=(  261.94    18.13   6.14) v=11.35 m/s [KF]
[lio] t=1317401092.009 | feat 14495/80258 | map  49724 | icp ok  iter  9 corr 14491 rms 0.2250  130.96 ms | p=(  261.69    19.26   6.08) v=11.30 m/s [KF]
[lio] t=1317401092.113 | feat 14206/80127 | map  49548 | icp ok  iter  6 corr 14202 rms 0.2306   93.85 ms | p=(  261.44    20.40   6.00) v=11.29 m/s [KF]
[lio] t=1317401092.217 | feat 14060/79703 | map  49369 | icp ok  iter  6 corr 14050 rms 0.2459   94.51 ms | p=(  261.19    21.54   5.93) v=11.31 m/s [KF]
[lio] t=1317401092.321 | feat 13894/79087 | map  49242 | icp ok  iter  8 corr 13886 rms 0.2675  126.85 ms | p=(  260.95    22.66   5.85) v=11.22 m/s [KF]
[lio] t=1317401092.425 | feat 13703/78238 | map  49008 | icp ok  iter  6 corr 13693 rms 0.2625   80.65 ms | p=(  260.70    23.80   5.79) v=11.26 m/s [KF]
[lio] t=1317401092.529 | feat 13626/78383 | map  48878 | icp ok  iter  6 corr 13617 rms 0.2408   91.56 ms | p=(  260.45    24.93   5.72) v=11.24 m/s [KF]
[lio] t=1317401092.632 | feat 13473/78747 | map  48696 | icp ok  iter 11 corr 13467 rms 0.2395  149.00 ms | p=(  260.20    26.05   5.63) v=11.19 m/s [KF]
[lio] t=1317401092.736 | feat 13642/78998 | map  48446 | icp ok  iter  6 corr 13613 rms 0.2437   90.28 ms | p=(  259.95    27.18   5.55) v=11.21 m/s [KF]
[lio] t=1317401092.840 | feat 13824/79158 | map  48201 | icp ok  iter  8 corr 13776 rms 0.2477  116.97 ms | p=(  259.70    28.31   5.48) v=11.22 m/s [KF]
[lio] t=1317401092.944 | feat 13887/79164 | map  48014 | icp ok  iter  6 corr 13868 rms 0.2716  102.59 ms | p=(  259.46    29.43   5.40) v=11.14 m/s [KF]
[lio] t=1317401093.048 | feat 13711/78613 | map  47968 | icp ok  iter  8 corr 13697 rms 0.2666  114.34 ms | p=(  259.21    30.56   5.32) v=11.18 m/s [KF]
[lio] t=1317401093.151 | feat 13769/77797 | map  47836 | icp ok  iter  4 corr 13762 rms 0.2703   61.90 ms | p=(  258.97    31.69   5.25) v=11.24 m/s [KF]
[lio] t=1317401093.255 | feat 13676/77507 | map  47825 | icp ok  iter 12 corr 13671 rms 0.2426  174.68 ms | p=(  258.72    32.81   5.17) v=11.17 m/s [KF]
[lio] t=1317401093.359 | feat 13330/76916 | map  47586 | icp ok  iter  8 corr 13327 rms 0.2622  108.56 ms | p=(  258.48    33.94   5.10) v=11.22 m/s [KF]
[lio] t=1317401093.463 | feat 13175/76915 | map  47395 | icp ok  iter  6 corr 13154 rms 0.2513   91.47 ms | p=(  258.23    35.07   5.02) v=11.29 m/s [KF]
[lio] t=1317401093.567 | feat 12759/78005 | map  46927 | icp ok  iter 12 corr 12752 rms 0.2707  156.76 ms | p=(  257.99    36.20   4.93) v=11.26 m/s [KF]
[lio] t=1317401093.671 | feat 12611/78502 | map  46401 | icp ok  iter 13 corr 12589 rms 0.2525  154.74 ms | p=(  257.74    37.33   4.84) v=11.30 m/s [KF]
[lio] t=1317401093.774 | feat 12414/77490 | map  46007 | icp ok  iter  7 corr 12411 rms 0.2615   95.23 ms | p=(  257.48    38.48   4.76) v=11.44 m/s [KF]
[lio] t=1317401093.878 | feat 11945/78892 | map  45847 | icp ok  iter 10 corr 11917 rms 0.2853  121.94 ms | p=(  257.23    39.63   4.68) v=11.49 m/s [KF]
[lio] t=1317401093.982 | feat 12116/78990 | map  45706 | icp ok  iter  7 corr 12092 rms 0.2847   91.03 ms | p=(  256.98    40.80   4.59) v=11.62 m/s [KF]
[lio] t=1317401094.086 | feat 12117/78821 | map  45416 | icp ok  iter 11 corr 12099 rms 0.2695  137.08 ms | p=(  256.73    41.96   4.53) v=11.58 m/s [KF]
[lio] t=1317401094.190 | feat 11952/79191 | map  45176 | icp ok  iter  9 corr 11946 rms 0.2601  113.66 ms | p=(  256.47    43.12   4.45) v=11.63 m/s [KF]
[lio] t=1317401094.293 | feat 11667/79398 | map  44944 | icp ok  iter  7 corr 11653 rms 0.2618   93.36 ms | p=(  256.21    44.31   4.36) v=11.79 m/s [KF]
[lio] t=1317401094.397 | feat 11557/79323 | map  44808 | icp ok  iter  8 corr 11555 rms 0.2511  101.62 ms | p=(  255.95    45.49   4.29) v=11.82 m/s [KF]
[lio] t=1317401094.501 | feat 11750/80452 | map  44710 | icp ok  iter 10 corr 11737 rms 0.2642  120.80 ms | p=(  255.68    46.68   4.22) v=11.88 m/s [KF]
[lio] t=1317401094.605 | feat 11966/80690 | map  44598 | icp ok  iter  9 corr 11914 rms 0.2751  103.67 ms | p=(  255.41    47.89   4.14) v=12.03 m/s [KF]
[lio] t=1317401094.709 | feat 12203/80507 | map  44696 | icp ok  iter 11 corr 12182 rms 0.3079  135.99 ms | p=(  255.14    49.10   4.06) v=12.06 m/s [KF]
[lio] t=1317401094.812 | feat 12096/80359 | map  44756 | icp ok  iter 12 corr 12040 rms 0.3037  145.24 ms | p=(  254.87    50.31   3.98) v=12.10 m/s [KF]
[lio] t=1317401094.916 | feat 12303/80776 | map  44599 | icp ok  iter 11 corr 12272 rms 0.2709  143.25 ms | p=(  254.59    51.52   3.88) v=12.14 m/s [KF]
[lio] t=1317401095.020 | feat 12264/80371 | map  44483 | icp ok  iter 10 corr 12210 rms 0.2765  128.70 ms | p=(  254.32    52.74   3.81) v=12.14 m/s [KF]
[lio] t=1317401095.124 | feat 12452/80307 | map  44502 | icp ok  iter  8 corr 12404 rms 0.2902   99.73 ms | p=(  254.03    53.96   3.73) v=12.23 m/s [KF]
[lio] t=1317401095.227 | feat 12772/80070 | map  44493 | icp ok  iter  7 corr 12732 rms 0.3062   92.13 ms | p=(  253.75    55.20   3.65) v=12.30 m/s [KF]
[lio] t=1317401095.331 | feat 13090/79546 | map  44532 | icp ok  iter 14 corr 13042 rms 0.2955  187.28 ms | p=(  253.47    56.43   3.56) v=12.24 m/s [KF]
[lio] t=1317401095.435 | feat 13149/80519 | map  44458 | icp ok  iter  7 corr 13142 rms 0.2564   99.84 ms | p=(  253.19    57.65   3.47) v=12.22 m/s [KF]
[lio] t=1317401095.539 | feat 13128/80513 | map  44210 | icp ok  iter  6 corr 13108 rms 0.2655   89.09 ms | p=(  252.91    58.88   3.41) v=12.20 m/s [KF]
[lio] t=1317401095.642 | feat 13364/80308 | map  44203 | icp ok  iter 11 corr 13319 rms 0.2489  153.07 ms | p=(  252.64    60.10   3.33) v=12.16 m/s [KF]
[lio] t=1317401095.746 | feat 13293/80454 | map  44069 | icp ok  iter  7 corr 13256 rms 0.2733  102.28 ms | p=(  252.35    61.32   3.23) v=12.21 m/s [KF]
[lio] t=1317401095.850 | feat 13370/80350 | map  44016 | icp ok  iter 12 corr 13355 rms 0.2826  161.71 ms | p=(  252.08    62.53   3.15) v=12.14 m/s [KF]
[lio] t=1317401095.954 | feat 13343/80292 | map  43954 | icp ok  iter 11 corr 13334 rms 0.2615  146.72 ms | p=(  251.80    63.75   3.08) v=12.08 m/s [KF]
[lio] t=1317401096.057 | feat 13260/79530 | map  43694 | icp ok  iter  7 corr 13240 rms 0.2642   93.93 ms | p=(  251.53    64.97   2.99) v=12.14 m/s [KF]
[lio] t=1317401096.161 | feat 13471/81488 | map  43495 | icp ok  iter  4 corr 13469 rms 0.2519   60.35 ms | p=(  251.25    66.19   2.90) v=12.15 m/s [KF]
[lio] t=1317401096.265 | feat 13515/81346 | map  43507 | icp ok  iter  9 corr 13507 rms 0.2459  126.68 ms | p=(  250.97    67.41   2.81) v=12.12 m/s [KF]
[lio] t=1317401096.369 | feat 13541/81577 | map  43504 | icp ok  iter  7 corr 13517 rms 0.2490  105.56 ms | p=(  250.70    68.63   2.72) v=12.12 m/s [KF]
[lio] t=1317401096.473 | feat 13469/81701 | map  43727 | icp ok  iter  8 corr 13455 rms 0.2786  112.56 ms | p=(  250.43    69.84   2.64) v=12.09 m/s [KF]
[lio] t=1317401096.576 | feat 13341/81960 | map  43999 | icp ok  iter 11 corr 13322 rms 0.2553  142.76 ms | p=(  250.15    71.05   2.56) v=12.08 m/s [KF]
[lio] t=1317401096.680 | feat 13319/82150 | map  44203 | icp ok  iter 13 corr 13313 rms 0.2693  175.26 ms | p=(  249.87    72.25   2.47) v=12.00 m/s [KF]
[lio] t=1317401096.784 | feat 13385/80597 | map  44366 | icp ok  iter  7 corr 13377 rms 0.2584   99.89 ms | p=(  249.60    73.47   2.37) v=12.04 m/s [KF]
[lio] t=1317401096.888 | feat 13517/81614 | map  44513 | icp ok  iter 12 corr 13498 rms 0.2627  160.18 ms | p=(  249.34    74.68   2.29) v=12.03 m/s [KF]
[lio] t=1317401096.991 | feat 13855/82787 | map  44835 | icp ok  iter 10 corr 13835 rms 0.2744  142.26 ms | p=(  249.07    75.88   2.20) v=11.99 m/s [KF]
[lio] t=1317401097.095 | feat 13952/82430 | map  45224 | icp ok  iter 10 corr 13946 rms 0.2666  146.73 ms | p=(  248.80    77.08   2.11) v=11.96 m/s [KF]
[lio] t=1317401097.199 | feat 14297/82498 | map  45691 | icp ok  iter  5 corr 14289 rms 0.2810   77.58 ms | p=(  248.54    78.28   2.05) v=11.98 m/s [KF]
[lio] t=1317401097.303 | feat 14374/82412 | map  46058 | icp ok  iter  8 corr 14368 rms 0.2589  116.93 ms | p=(  248.27    79.49   1.96) v=11.98 m/s [KF]
[lio] t=1317401097.406 | feat 14574/82349 | map  46286 | icp ok  iter 10 corr 14563 rms 0.2711  157.59 ms | p=(  248.01    80.68   1.87) v=11.91 m/s [KF]
[lio] t=1317401097.510 | feat 14773/81099 | map  46520 | icp ok  iter  5 corr 14747 rms 0.2639   85.86 ms | p=(  247.74    81.88   1.79) v=11.92 m/s [KF]
[lio] t=1317401097.614 | feat 14644/81928 | map  46688 | icp ok  iter  9 corr 14637 rms 0.2797  129.21 ms | p=(  247.48    83.08   1.71) v=11.91 m/s [KF]
[lio] t=1317401097.718 | feat 14769/82354 | map  47228 | icp ok  iter 10 corr 14758 rms 0.2471  149.65 ms | p=(  247.21    84.28   1.62) v=11.91 m/s [KF]
[lio] t=1317401097.821 | feat 14613/82280 | map  47540 | icp ok  iter 12 corr 14597 rms 0.2719  187.39 ms | p=(  246.95    85.46   1.53) v=11.86 m/s [KF]
[lio] t=1317401097.925 | feat 14210/82275 | map  48065 | icp ok  iter  7 corr 14202 rms 0.2596  105.90 ms | p=(  246.68    86.66   1.42) v=11.89 m/s [KF]
[lio] t=1317401098.029 | feat 14068/82511 | map  48537 | icp ok  iter  7 corr 14058 rms 0.2492  114.11 ms | p=(  246.41    87.85   1.35) v=11.88 m/s [KF]
[lio] t=1317401098.133 | feat 13902/82577 | map  48874 | icp ok  iter  9 corr 13886 rms 0.2539  139.69 ms | p=(  246.14    89.05   1.25) v=11.92 m/s [KF]
[lio] t=1317401098.237 | feat 13873/81832 | map  48991 | icp ok  iter  7 corr 13867 rms 0.2499  113.68 ms | p=(  245.88    90.24   1.17) v=11.86 m/s [KF]
[lio] t=1317401098.340 | feat 13656/80746 | map  48976 | icp ok  iter  9 corr 13634 rms 0.2702  133.93 ms | p=(  245.61    91.43   1.05) v=11.86 m/s [KF]
[lio] t=1317401098.444 | feat 13825/82740 | map  48750 | icp ok  iter  6 corr 13799 rms 0.2581  100.51 ms | p=(  245.35    92.62   0.97) v=11.88 m/s [KF]
[lio] t=1317401098.548 | feat 13655/82810 | map  48707 | icp ok  iter 10 corr 13640 rms 0.2736  144.09 ms | p=(  245.09    93.82   0.88) v=11.88 m/s [KF]
[lio] t=1317401098.652 | feat 13984/82823 | map  48583 | icp ok  iter  7 corr 13974 rms 0.2908  115.91 ms | p=(  244.83    95.01   0.81) v=11.87 m/s [KF]
[lio] t=1317401098.756 | feat 14416/82694 | map  48629 | icp ok  iter 12 corr 14348 rms 0.2871  186.24 ms | p=(  244.57    96.19   0.72) v=11.78 m/s [KF]
[lio] t=1317401098.859 | feat 14350/81400 | map  48890 | icp ok  iter 11 corr 14281 rms 0.2584  170.24 ms | p=(  244.32    97.38   0.64) v=11.80 m/s [KF]
[lio] t=1317401098.963 | feat 14543/81177 | map  49076 | icp ok  iter  8 corr 14486 rms 0.3153  132.94 ms | p=(  244.06    98.56   0.56) v=11.76 m/s [KF]
[lio] t=1317401099.067 | feat 14662/80351 | map  49434 | icp ok  iter  7 corr 14638 rms 0.2807  108.57 ms | p=(  243.81    99.75   0.49) v=11.79 m/s [KF]
[lio] t=1317401099.171 | feat 14788/81490 | map  49737 | icp ok  iter 11 corr 14772 rms 0.2719  170.12 ms | p=(  243.55   100.93   0.39) v=11.75 m/s [KF]
[lio] t=1317401099.275 | feat 14677/81488 | map  49932 | icp ok  iter  6 corr 14658 rms 0.2438   96.79 ms | p=(  243.30   102.12   0.29) v=11.77 m/s [KF]
[lio] t=1317401099.378 | feat 14604/81152 | map  49991 | icp ok  iter  8 corr 14595 rms 0.2438  129.86 ms | p=(  243.05   103.28   0.23) v=11.61 m/s [KF]
[lio] t=1317401099.482 | feat 14794/80845 | map  50149 | icp ok  iter  4 corr 14786 rms 0.2451   73.47 ms | p=(  242.80   104.45   0.14) v=11.43 m/s [KF]
[lio] t=1317401099.586 | feat 14634/80103 | map  50137 | icp ok  iter 12 corr 14624 rms 0.2355  167.51 ms | p=(  242.56   105.58   0.05) v=11.17 m/s [KF]
[lio] t=1317401099.690 | feat 14466/79103 | map  49978 | icp ok  iter  6 corr 14463 rms 0.2379  107.28 ms | p=(  242.33   106.68  -0.02) v=10.79 m/s [KF]
[lio] t=1317401099.794 | feat 14372/78502 | map  49649 | icp ok  iter  7 corr 14365 rms 0.2493  113.80 ms | p=(  242.10   107.76  -0.08) v=10.56 m/s [KF]
[lio] t=1317401099.897 | feat 14300/78422 | map  49615 | icp ok  iter  5 corr 14297 rms 0.2365   88.40 ms | p=(  241.89   108.80  -0.16) v=10.28 m/s [KF]
[lio] t=1317401100.001 | feat 14632/79059 | map  49412 | icp ok  iter  8 corr 14628 rms 0.2239  112.71 ms | p=(  241.68   109.83  -0.22) v=10.07 m/s [KF]
[lio] t=1317401100.105 | feat 14716/79703 | map  49342 | icp ok  iter  5 corr 14709 rms 0.2252   94.13 ms | p=(  241.47   110.82  -0.28) v=9.70 m/s [KF]
[lio] t=1317401100.209 | feat 14839/79618 | map  49220 | icp ok  iter  4 corr 14794 rms 0.2411   72.87 ms | p=(  241.27   111.78  -0.35) v=9.39 m/s
[lio] t=1317401100.313 | feat 14908/79319 | map  49220 | icp ok  iter  4 corr 14816 rms 0.2601   67.85 ms | p=(  241.08   112.72  -0.43) v=9.17 m/s [KF]
[lio] t=1317401100.417 | feat 15036/79626 | map  49425 | icp ok  iter  8 corr 15031 rms 0.2603  130.51 ms | p=(  240.89   113.65  -0.49) v=9.14 m/s
[lio] t=1317401100.520 | feat 15259/79911 | map  49425 | icp ok  iter  8 corr 15204 rms 0.2842  136.91 ms | p=(  240.70   114.58  -0.54) v=9.12 m/s [KF]
[lio] t=1317401100.624 | feat 15261/80090 | map  49588 | icp ok  iter  7 corr 15210 rms 0.2560  141.93 ms | p=(  240.52   115.47  -0.60) v=8.96 m/s
[lio] t=1317401100.728 | feat 15170/80268 | map  49588 | icp ok  iter  6 corr 15089 rms 0.2667  100.03 ms | p=(  240.32   116.38  -0.67) v=8.97 m/s [KF]
[lio] t=1317401100.832 | feat 15162/80279 | map  49612 | icp ok  iter  7 corr 15160 rms 0.2370  121.73 ms | p=(  240.12   117.27  -0.74) v=8.92 m/s
[lio] t=1317401100.936 | feat 15151/80576 | map  49612 | icp ok  iter  9 corr 15143 rms 0.2742  143.07 ms | p=(  239.92   118.16  -0.80) v=8.91 m/s [KF]
[lio] t=1317401101.040 | feat 15181/80761 | map  49688 | icp ok  iter  5 corr 15156 rms 0.2440   88.13 ms | p=(  239.72   119.07  -0.87) v=8.95 m/s
[lio] t=1317401101.143 | feat 15345/80911 | map  49688 | icp ok  iter 21 corr 15320 rms 0.2727  308.20 ms | p=(  239.52   119.95  -0.93) v=8.86 m/s [KF]
[lio] t=1317401101.247 | feat 15561/81254 | map  49913 | icp ok  iter  5 corr 15530 rms 0.2507   97.25 ms | p=(  239.32   120.83  -0.98) v=8.79 m/s
[lio] t=1317401101.351 | feat 15840/81077 | map  49913 | icp ok  iter  6 corr 15774 rms 0.3165   96.02 ms | p=(  239.12   121.72  -1.03) v=8.82 m/s [KF]
[lio] t=1317401101.455 | feat 15923/80962 | map  50535 | icp ok  iter 10 corr 15880 rms 0.2747  164.11 ms | p=(  238.92   122.60  -1.10) v=8.78 m/s
[lio] t=1317401101.559 | feat 15986/80814 | map  50535 | icp ok  iter  7 corr 15898 rms 0.3341  115.02 ms | p=(  238.71   123.48  -1.17) v=8.80 m/s [KF]
[lio] t=1317401101.663 | feat 15850/80280 | map  51264 | icp ok  iter  7 corr 15835 rms 0.2498  122.73 ms | p=(  238.51   124.36  -1.24) v=8.82 m/s
[lio] t=1317401101.767 | feat 15856/79900 | map  51264 | icp ok  iter  8 corr 15761 rms 0.3000  142.32 ms | p=(  238.31   125.24  -1.30) v=8.81 m/s [KF]
[lio] t=1317401101.870 | feat 15998/79611 | map  51922 | icp ok  iter  6 corr 15965 rms 0.2990   96.85 ms | p=(  238.10   126.14  -1.36) v=8.95 m/s
[lio] t=1317401101.974 | feat 15945/79308 | map  51922 | icp ok  iter 11 corr 15886 rms 0.3325  177.06 ms | p=(  237.89   127.03  -1.43) v=8.99 m/s [KF]
[lio] t=1317401102.078 | feat 16022/79902 | map  52481 | icp ok  iter  7 corr 16012 rms 0.2482  130.44 ms | p=(  237.69   127.94  -1.49) v=9.03 m/s
[lio] t=1317401102.182 | feat 16119/79878 | map  52481 | icp ok  iter  5 corr 16087 rms 0.2750   96.91 ms | p=(  237.49   128.85  -1.55) v=9.10 m/s [KF]
[lio] t=1317401102.286 | feat 16295/80524 | map  53022 | icp ok  iter  9 corr 16279 rms 0.2486  172.15 ms | p=(  237.28   129.76  -1.60) v=9.12 m/s
[lio] t=1317401102.390 | feat 16443/80710 | map  53022 | icp ok  iter  6 corr 16412 rms 0.2739  124.68 ms | p=(  237.08   130.67  -1.66) v=9.16 m/s [KF]
[lio] t=1317401102.494 | feat 16343/80123 | map  53429 | icp ok  iter  7 corr 16340 rms 0.2570  145.23 ms | p=(  236.86   131.59  -1.72) v=9.23 m/s
[lio] t=1317401102.598 | feat 16200/80249 | map  53429 | icp ok  iter  8 corr 16188 rms 0.2737  136.52 ms | p=(  236.66   132.53  -1.81) v=9.35 m/s [KF]
[lio] t=1317401102.702 | feat 16327/80418 | map  53031 | icp ok  iter  9 corr 16326 rms 0.2547  165.01 ms | p=(  236.45   133.46  -1.85) v=9.35 m/s
[lio] t=1317401102.806 | feat 16134/80356 | map  53031 | icp ok  iter  7 corr 16131 rms 0.2886  119.31 ms | p=(  236.24   134.41  -1.92) v=9.45 m/s [KF]
[lio] t=1317401102.910 | feat 15760/80122 | map  52895 | icp ok  iter  7 corr 15753 rms 0.2546  121.60 ms | p=(  236.02   135.37  -2.00) v=9.58 m/s
[lio] t=1317401103.014 | feat 15624/80532 | map  52895 | icp ok  iter 10 corr 15610 rms 0.2858  168.64 ms | p=(  235.81   136.33  -2.06) v=9.63 m/s [KF]
[lio] t=1317401103.117 | feat 15383/80765 | map  52960 | icp ok  iter  6 corr 15368 rms 0.2507  105.24 ms | p=(  235.60   137.29  -2.12) v=9.67 m/s
[lio] t=1317401103.221 | feat 15028/79967 | map  52960 | icp ok  iter  6 corr 15000 rms 0.2785  107.35 ms | p=(  235.39   138.27  -2.20) v=9.77 m/s [KF]
[lio] t=1317401103.325 | feat 14525/80176 | map  53284 | icp ok  iter  4 corr 14521 rms 0.2651   71.25 ms | p=(  235.18   139.25  -2.28) v=9.84 m/s [KF]
[lio] t=1317401103.429 | feat 14155/80921 | map  53591 | icp ok  iter  8 corr 14146 rms 0.2434  118.55 ms | p=(  234.97   140.25  -2.36) v=9.92 m/s [KF]
[lio] t=1317401103.533 | feat 13987/81714 | map  53658 | icp ok  iter  7 corr 13971 rms 0.2446  108.00 ms | p=(  234.76   141.25  -2.44) v=9.97 m/s [KF]
[lio] t=1317401103.637 | feat 13767/81996 | map  53788 | icp ok  iter 10 corr 13763 rms 0.2485  138.08 ms | p=(  234.55   142.25  -2.51) v=10.04 m/s [KF]
[lio] t=1317401103.741 | feat 13615/82096 | map  53871 | icp ok  iter 12 corr 13611 rms 0.2408  175.16 ms | p=(  234.35   143.26  -2.59) v=10.05 m/s [KF]
[lio] t=1317401103.845 | feat 13490/81986 | map  53786 | icp ok  iter  7 corr 13480 rms 0.2322  104.67 ms | p=(  234.15   144.27  -2.68) v=10.12 m/s [KF]
[lio] t=1317401103.949 | feat 13130/81944 | map  53800 | icp ok  iter  3 corr 13119 rms 0.2328   48.17 ms | p=(  233.94   145.30  -2.76) v=10.24 m/s [KF]
[lio] t=1317401104.052 | feat 13013/82218 | map  53754 | icp ok  iter  6 corr 13012 rms 0.2231   86.53 ms | p=(  233.74   146.34  -2.83) v=10.31 m/s [KF]
[lio] t=1317401104.156 | feat 13032/82274 | map  53584 | icp ok  iter  7 corr 13025 rms 0.2238  103.97 ms | p=(  233.54   147.38  -2.91) v=10.38 m/s [KF]
[lio] t=1317401104.260 | feat 12800/82281 | map  53437 | icp ok  iter  7 corr 12788 rms 0.2385  100.96 ms | p=(  233.33   148.44  -2.99) v=10.47 m/s [KF]
[lio] t=1317401104.364 | feat 12587/82473 | map  53142 | icp ok  iter 12 corr 12580 rms 0.2404  147.54 ms | p=(  233.13   149.50  -3.07) v=10.56 m/s [KF]
[lio] t=1317401104.468 | feat 12272/82365 | map  52776 | icp ok  iter  5 corr 12265 rms 0.2365   73.41 ms | p=(  232.93   150.57  -3.16) v=10.65 m/s [KF]
[lio] t=1317401104.572 | feat 12053/82216 | map  52251 | icp ok  iter  6 corr 12041 rms 0.2308   84.73 ms | p=(  232.72   151.65  -3.23) v=10.73 m/s [KF]
[lio] t=1317401104.675 | feat 11943/82103 | map  51699 | icp ok  iter 12 corr 11920 rms 0.2417  159.37 ms | p=(  232.51   152.73  -3.32) v=10.74 m/s [KF]
[lio] t=1317401104.779 | feat 11548/81882 | map  51047 | icp ok  iter  6 corr 11540 rms 0.2526   73.92 ms | p=(  232.30   153.82  -3.40) v=10.85 m/s [KF]
[lio] t=1317401104.883 | feat 11429/81934 | map  50225 | icp ok  iter  4 corr 11415 rms 0.2585   50.97 ms | p=(  232.09   154.93  -3.48) v=10.97 m/s [KF]
[lio] t=1317401104.987 | feat 11389/82009 | map  49326 | icp ok  iter  9 corr 11385 rms 0.2712  122.61 ms | p=(  231.88   156.02  -3.57) v=10.96 m/s [KF]
[lio] t=1317401105.091 | feat 11263/82167 | map  48577 | icp ok  iter 10 corr 11214 rms 0.2713  111.60 ms | p=(  231.66   157.13  -3.65) v=11.05 m/s [KF]
[lio] t=1317401105.194 | feat 11326/82276 | map  47787 | icp ok  iter 11 corr 11311 rms 0.2749  132.90 ms | p=(  231.45   158.24  -3.74) v=11.08 m/s [KF]
[lio] t=1317401105.298 | feat 11403/82400 | map  47087 | icp ok  iter 14 corr 11380 rms 0.3052  157.03 ms | p=(  231.22   159.38  -3.83) v=11.30 m/s [KF]
[lio] t=1317401105.402 | feat 11381/82426 | map  46435 | icp ok  iter  6 corr 11338 rms 0.3152   80.13 ms | p=(  230.99   160.52  -3.91) v=11.35 m/s [KF]
[lio] t=1317401105.506 | feat 11400/82408 | map  45479 | icp ok  iter 13 corr 11392 rms 0.2716  150.00 ms | p=(  230.77   161.66  -4.00) v=11.38 m/s [KF]
[lio] t=1317401105.609 | feat 11661/82616 | map  44614 | icp ok  iter 13 corr 11640 rms 0.3214  152.16 ms | p=(  230.54   162.82  -4.08) v=11.46 m/s [KF]
[lio] t=1317401105.713 | feat 12193/82422 | map  43685 | icp ok  iter 12 corr 12137 rms 0.3702  149.59 ms | p=(  230.31   163.98  -4.16) v=11.55 m/s [KF]
[lio] t=1317401105.817 | feat 12345/82363 | map  43161 | icp ok  iter 10 corr 12308 rms 0.2997  121.16 ms | p=(  230.07   165.15  -4.23) v=11.66 m/s [KF]
[lio] t=1317401105.921 | feat 12210/82581 | map  42705 | icp ok  iter  6 corr 12168 rms 0.2562   93.55 ms | p=(  229.84   166.31  -4.30) v=11.61 m/s [KF]
[lio] t=1317401106.024 | feat 12487/82633 | map  42436 | icp ok  iter  7 corr 12477 rms 0.2583   82.66 ms | p=(  229.59   167.49  -4.39) v=11.76 m/s [KF]
[lio] t=1317401106.128 | feat 12514/82651 | map  42137 | icp ok  iter 10 corr 12476 rms 0.2664  127.99 ms | p=(  229.34   168.68  -4.48) v=11.82 m/s [KF]
[lio] t=1317401106.232 | feat 12677/82666 | map  41795 | icp ok  iter 11 corr 12626 rms 0.2776  147.20 ms | p=(  229.09   169.86  -4.57) v=11.83 m/s [KF]
[lio] t=1317401106.336 | feat 12806/82644 | map  41684 | icp ok  iter  8 corr 12800 rms 0.2928  101.40 ms | p=(  228.83   171.07  -4.65) v=12.02 m/s [KF]
[lio] t=1317401106.439 | feat 12845/82686 | map  41691 | icp ok  iter 13 corr 12837 rms 0.2905  174.35 ms | p=(  228.57   172.26  -4.74) v=11.97 m/s [KF]
[lio] t=1317401106.543 | feat 12761/82670 | map  41732 | icp ok  iter  6 corr 12754 rms 0.2569   78.91 ms | p=(  228.30   173.47  -4.84) v=12.07 m/s [KF]
[lio] t=1317401106.647 | feat 12840/82720 | map  41841 | icp ok  iter 11 corr 12828 rms 0.2706  135.15 ms | p=(  228.04   174.68  -4.92) v=12.12 m/s [KF]
[lio] t=1317401106.751 | feat 12825/82817 | map  42048 | icp ok  iter  3 corr 12819 rms 0.2725   47.13 ms | p=(  227.75   175.91  -5.01) v=12.25 m/s [KF]
[lio] t=1317401106.855 | feat 12637/82850 | map  42313 | icp ok  iter 10 corr 12624 rms 0.2789  137.41 ms | p=(  227.47   177.13  -5.10) v=12.19 m/s [KF]
[lio] t=1317401106.958 | feat 12529/82660 | map  42606 | icp ok  iter 12 corr 12511 rms 0.2853  153.13 ms | p=(  227.19   178.34  -5.19) v=12.17 m/s [KF]
[lio] t=1317401107.062 | feat 12502/82379 | map  42844 | icp ok  iter  8 corr 12488 rms 0.2658  100.52 ms | p=(  226.91   179.57  -5.28) v=12.21 m/s [KF]
[lio] t=1317401107.166 | feat 12650/82489 | map  43082 | icp ok  iter  9 corr 12573 rms 0.2763  122.67 ms | p=(  226.63   180.79  -5.37) v=12.17 m/s [KF]
[lio] t=1317401107.270 | feat 12891/82776 | map  43245 | icp ok  iter  6 corr 12849 rms 0.3089   76.35 ms | p=(  226.34   182.02  -5.45) v=12.22 m/s [KF]
[lio] t=1317401107.374 | feat 13280/82769 | map  43425 | icp ok  iter 13 corr 13235 rms 0.3223  172.27 ms | p=(  226.07   183.23  -5.55) v=12.15 m/s [KF]
[lio] t=1317401107.477 | feat 13746/83107 | map  43748 | icp ok  iter  7 corr 13712 rms 0.3108   94.91 ms | p=(  225.78   184.46  -5.64) v=12.24 m/s [KF]
[lio] t=1317401107.581 | feat 13883/83296 | map  44138 | icp ok  iter 15 corr 13806 rms 0.2839  216.09 ms | p=(  225.50   185.67  -5.73) v=12.12 m/s [KF]
[lio] t=1317401107.685 | feat 14260/83130 | map  44410 | icp ok  iter  7 corr 14174 rms 0.2962   92.56 ms | p=(  225.22   186.90  -5.82) v=12.20 m/s [KF]
[lio] t=1317401107.789 | feat 14439/82709 | map  44657 | icp ok  iter 12 corr 14397 rms 0.3076  180.59 ms | p=(  224.94   188.11  -5.90) v=12.12 m/s [KF]
[lio] t=1317401107.893 | feat 14663/82390 | map  44930 | icp ok  iter  6 corr 14626 rms 0.3076   87.33 ms | p=(  224.66   189.34  -5.99) v=12.19 m/s [KF]
[lio] t=1317401107.997 | feat 14699/82335 | map  45512 | icp ok  iter 12 corr 14683 rms 0.2625  188.75 ms | p=(  224.38   190.54  -6.08) v=12.04 m/s [KF]
[lio] t=1317401108.100 | feat 14566/81633 | map  46069 | icp ok  iter  5 corr 14539 rms 0.2961   81.94 ms | p=(  224.10   191.75  -6.16) v=12.09 m/s [KF]
[lio] t=1317401108.204 | feat 14545/80895 | map  46767 | icp ok  iter  5 corr 14527 rms 0.2915   93.63 ms | p=(  223.83   192.95  -6.25) v=12.00 m/s [KF]
[lio] t=1317401108.308 | feat 14648/80374 | map  47388 | icp ok  iter  9 corr 14630 rms 0.2680  135.64 ms | p=(  223.55   194.17  -6.34) v=12.05 m/s [KF]
[lio] t=1317401108.412 | feat 14576/80020 | map  47888 | icp ok  iter  5 corr 14567 rms 0.2649   95.04 ms | p=(  223.28   195.36  -6.44) v=11.95 m/s [KF]
[lio] t=1317401108.515 | feat 14318/80065 | map  48285 | icp ok  iter  9 corr 14305 rms 0.2636  142.77 ms | p=(  223.00   196.56  -6.55) v=12.01 m/s [KF]
[lio] t=1317401108.619 | feat 13972/79716 | map  48779 | icp ok  iter  8 corr 13964 rms 0.2711  120.31 ms | p=(  222.72   197.76  -6.67) v=12.02 m/s [KF]
[lio] t=1317401108.723 | feat 13942/80306 | map  49253 | icp ok  iter  9 corr 13938 rms 0.2629  140.14 ms | p=(  222.43   198.95  -6.76) v=11.94 m/s [KF]
[lio] t=1317401108.827 | feat 13917/81541 | map  49667 | icp ok  iter  7 corr 13899 rms 0.2446  113.25 ms | p=(  222.16   200.15  -6.86) v=11.94 m/s [KF]
[lio] t=1317401108.930 | feat 14156/81521 | map  49841 | icp ok  iter  5 corr 14122 rms 0.2545   80.99 ms | p=(  221.88   201.35  -6.96) v=11.98 m/s [KF]
[lio] t=1317401109.034 | feat 14460/81051 | map  50042 | icp ok  iter  7 corr 14419 rms 0.2594  123.53 ms | p=(  221.61   202.54  -7.07) v=11.91 m/s [KF]
[lio] t=1317401109.138 | feat 14413/80608 | map  50145 | icp ok  iter 10 corr 14408 rms 0.2512  156.92 ms | p=(  221.34   203.73  -7.16) v=11.90 m/s [KF]
[lio] t=1317401109.242 | feat 14482/80808 | map  50248 | icp ok  iter  8 corr 14467 rms 0.2410  120.58 ms | p=(  221.07   204.93  -7.25) v=11.95 m/s [KF]
[lio] t=1317401109.345 | feat 14461/81568 | map  50274 | icp ok  iter 10 corr 14450 rms 0.2637  152.72 ms | p=(  220.80   206.12  -7.34) v=11.90 m/s [KF]
[lio] t=1317401109.449 | feat 14651/81121 | map  50371 | icp ok  iter  5 corr 14651 rms 0.2658   75.08 ms | p=(  220.52   207.32  -7.45) v=11.97 m/s [KF]
[lio] t=1317401109.553 | feat 14688/81605 | map  50731 | icp ok  iter  6 corr 14688 rms 0.2459  107.25 ms | p=(  220.25   208.51  -7.55) v=11.91 m/s [KF]
[lio] t=1317401109.657 | feat 14928/82326 | map  50952 | icp ok  iter  9 corr 14892 rms 0.2589  143.44 ms | p=(  219.97   209.69  -7.65) v=11.87 m/s [KF]
[lio] t=1317401109.760 | feat 15066/82532 | map  51206 | icp ok  iter  6 corr 14961 rms 0.2575  101.59 ms | p=(  219.71   210.89  -7.75) v=11.91 m/s [KF]
[lio] t=1317401109.864 | feat 15225/82111 | map  51518 | icp ok  iter  9 corr 15191 rms 0.2917  145.61 ms | p=(  219.44   212.08  -7.85) v=11.90 m/s [KF]
[lio] t=1317401109.968 | feat 15496/81855 | map  51865 | icp ok  iter 10 corr 15473 rms 0.3223  158.69 ms | p=(  219.17   213.27  -7.95) v=11.89 m/s [KF]
[lio] t=1317401110.072 | feat 15341/81820 | map  52035 | icp ok  iter 11 corr 15291 rms 0.2975  174.68 ms | p=(  218.91   214.46  -8.05) v=11.88 m/s [KF]
[lio] t=1317401110.175 | feat 15353/81963 | map  52153 | icp ok  iter 10 corr 15342 rms 0.2414  160.16 ms | p=(  218.64   215.65  -8.15) v=11.89 m/s [KF]
[lio] t=1317401110.279 | feat 15138/82068 | map  52379 | icp ok  iter  9 corr 15123 rms 0.2392  137.25 ms | p=(  218.37   216.84  -8.25) v=11.89 m/s [KF]
[lio] t=1317401110.383 | feat 15127/82406 | map  52301 | icp ok  iter  7 corr 15096 rms 0.2748  124.93 ms | p=(  218.11   218.03  -8.34) v=11.90 m/s [KF]
[lio] t=1317401110.486 | feat 14902/82775 | map  52374 | icp ok  iter  9 corr 14892 rms 0.2499  149.40 ms | p=(  217.84   219.21  -8.44) v=11.84 m/s [KF]
[lio] t=1317401110.590 | feat 14813/83003 | map  52189 | icp ok  iter  8 corr 14802 rms 0.2458  117.38 ms | p=(  217.57   220.41  -8.53) v=11.92 m/s [KF]
[lio] t=1317401110.694 | feat 14624/82976 | map  51944 | icp ok  iter  5 corr 14617 rms 0.2377   89.93 ms | p=(  217.31   221.61  -8.63) v=11.92 m/s [KF]
[lio] t=1317401110.798 | feat 14415/83017 | map  51750 | icp ok  iter 15 corr 14402 rms 0.2440  226.12 ms | p=(  217.04   222.79  -8.73) v=11.84 m/s [KF]
[lio] t=1317401110.902 | feat 14271/82870 | map  51592 | icp ok  iter  9 corr 14256 rms 0.2590  123.96 ms | p=(  216.76   224.00  -8.83) v=11.96 m/s [KF]
[lio] t=1317401111.005 | feat 14113/83133 | map  51168 | icp ok  iter  8 corr 14105 rms 0.2584  125.19 ms | p=(  216.50   225.19  -8.92) v=11.96 m/s [KF]
[lio] t=1317401111.109 | feat 13969/83356 | map  50784 | icp ok  iter  4 corr 13969 rms 0.2383   68.29 ms | p=(  216.23   226.39  -9.01) v=11.99 m/s [KF]
[lio] t=1317401111.213 | feat 13801/83302 | map  50367 | icp ok  iter  7 corr 13785 rms 0.2564  118.47 ms | p=(  215.96   227.58  -9.10) v=11.94 m/s [KF]
[lio] t=1317401111.316 | feat 13857/83271 | map  50024 | icp ok  iter  8 corr 13851 rms 0.2598  111.11 ms | p=(  215.69   228.78  -9.19) v=12.00 m/s [KF]
[lio] t=1317401111.420 | feat 13876/83302 | map  49639 | icp ok  iter  9 corr 13867 rms 0.2565  152.36 ms | p=(  215.42   229.98  -9.29) v=11.96 m/s [KF]
[lio] t=1317401111.524 | feat 13828/83179 | map  49432 | icp ok  iter  9 corr 13825 rms 0.2528  132.57 ms | p=(  215.14   231.18  -9.38) v=12.02 m/s [KF]
[lio] t=1317401111.628 | feat 13939/83174 | map  49295 | icp ok  iter  3 corr 13930 rms 0.2438   62.60 ms | p=(  214.87   232.39  -9.46) v=12.04 m/s [KF]
[lio] t=1317401111.732 | feat 13955/83137 | map  49142 | icp ok  iter  8 corr 13940 rms 0.2496  131.22 ms | p=(  214.60   233.59  -9.55) v=12.00 m/s [KF]
[lio] t=1317401111.835 | feat 13890/83008 | map  48874 | icp ok  iter  5 corr 13876 rms 0.2600   91.35 ms | p=(  214.33   234.79  -9.65) v=12.01 m/s [KF]
[lio] t=1317401111.939 | feat 14031/83040 | map  48779 | icp ok  iter  6 corr 14024 rms 0.2644   91.10 ms | p=(  214.05   236.00  -9.76) v=12.10 m/s [KF]
[lio] t=1317401112.043 | feat 14026/82842 | map  48848 | icp ok  iter 11 corr 14014 rms 0.2639  162.45 ms | p=(  213.78   237.20  -9.84) v=12.05 m/s [KF]
[lio] t=1317401112.147 | feat 14031/82628 | map  49244 | icp ok  iter  8 corr 14022 rms 0.2606  112.24 ms | p=(  213.50   238.42  -9.94) v=12.12 m/s [KF]
[lio] t=1317401112.250 | feat 14265/82379 | map  49488 | icp ok  iter 10 corr 14193 rms 0.2684  154.92 ms | p=(  213.23   239.63 -10.03) v=12.09 m/s [KF]
[lio] t=1317401112.354 | feat 14355/81962 | map  49708 | icp ok  iter  6 corr 14277 rms 0.2725   99.08 ms | p=(  212.96   240.84 -10.11) v=12.12 m/s [KF]
[lio] t=1317401112.458 | feat 14411/81851 | map  49997 | icp ok  iter  8 corr 14391 rms 0.2682  124.78 ms | p=(  212.69   242.06 -10.21) v=12.13 m/s [KF]
[lio] t=1317401112.562 | feat 14538/81790 | map  50131 | icp ok  iter  7 corr 14531 rms 0.2884  108.85 ms | p=(  212.42   243.28 -10.30) v=12.15 m/s [KF]
[lio] t=1317401112.665 | feat 14379/81380 | map  50270 | icp ok  iter  4 corr 14370 rms 0.2458   75.26 ms | p=(  212.14   244.49 -10.41) v=12.16 m/s [KF]
[lio] t=1317401112.769 | feat 14274/81715 | map  50365 | icp ok  iter  6 corr 14269 rms 0.2665  101.15 ms | p=(  211.87   245.71 -10.51) v=12.17 m/s [KF]
[lio] t=1317401112.873 | feat 13910/82224 | map  50521 | icp ok  iter  6 corr 13906 rms 0.2446   95.77 ms | p=(  211.59   246.93 -10.59) v=12.19 m/s [KF]
[lio] t=1317401112.977 | feat 13555/82317 | map  50537 | icp ok  iter  9 corr 13551 rms 0.2452  142.27 ms | p=(  211.31   248.15 -10.69) v=12.18 m/s [KF]
[lio] t=1317401113.080 | feat 13368/82148 | map  50372 | icp ok  iter  7 corr 13365 rms 0.2597  103.00 ms | p=(  211.04   249.37 -10.80) v=12.22 m/s [KF]
[lio] t=1317401113.184 | feat 13061/82064 | map  50077 | icp ok  iter  9 corr 13054 rms 0.2554  124.28 ms | p=(  210.77   250.60 -10.91) v=12.25 m/s [KF]
[lio] t=1317401113.288 | feat 12785/81751 | map  49859 | icp ok  iter  5 corr 12785 rms 0.2551   82.20 ms | p=(  210.50   251.82 -11.01) v=12.23 m/s [KF]
[lio] t=1317401113.392 | feat 12563/82318 | map  49684 | icp ok  iter 13 corr 12561 rms 0.2536  181.25 ms | p=(  210.24   253.04 -11.12) v=12.14 m/s [KF]
[lio] t=1317401113.495 | feat 12108/81966 | map  49647 | icp ok  iter  7 corr 12104 rms 0.2486   87.95 ms | p=(  209.97   254.26 -11.24) v=12.22 m/s [KF]
[lio] t=1317401113.599 | feat 11798/81939 | map  49481 | icp ok  iter 11 corr 11797 rms 0.2360  146.83 ms | p=(  209.71   255.48 -11.35) v=12.13 m/s [KF]
[lio] t=1317401113.703 | feat 11587/79698 | map  49285 | icp ok  iter  9 corr 11585 rms 0.2466  117.46 ms | p=(  209.44   256.69 -11.45) v=12.10 m/s [KF]
[lio] t=1317401113.807 | feat 11098/73431 | map  49084 | icp ok  iter  5 corr 11075 rms 0.2372   58.56 ms | p=(  209.18   257.92 -11.55) v=12.16 m/s [KF]
[lio] t=1317401113.910 | feat 10591/73537 | map  48650 | icp ok  iter 13 corr 10587 rms 0.2710  139.97 ms | p=(  208.92   259.13 -11.68) v=12.12 m/s [KF]
[lio] t=1317401114.014 | feat 10424/75071 | map  48083 | icp ok  iter  7 corr 10421 rms 0.2443   75.88 ms | p=(  208.66   260.36 -11.79) v=12.18 m/s [KF]
[lio] t=1317401114.118 | feat 10522/78600 | map  47453 | icp ok  iter 15 corr 10409 rms 0.2553  162.35 ms | p=(  208.40   261.56 -11.88) v=12.00 m/s [KF]
[lio] t=1317401114.222 | feat 10656/81637 | map  46912 | icp ok  iter  8 corr 10565 rms 0.3022   86.25 ms | p=(  208.13   262.78 -11.99) v=12.09 m/s [KF]
[lio] t=1317401114.325 | feat 10999/81491 | map  46622 | icp ok  iter 10 corr 10866 rms 0.3067  117.03 ms | p=(  207.88   263.98 -12.10) v=12.01 m/s [KF]
[lio] t=1317401114.429 | feat 11026/81338 | map  46512 | icp ok  iter 16 corr 11017 rms 0.2775  177.77 ms | p=(  207.62   265.17 -12.19) v=11.82 m/s [KF]
[lio] t=1317401114.533 | feat 11204/81382 | map  46418 | icp ok  iter 18 corr 11190 rms 0.2606  191.76 ms | p=(  207.37   266.35 -12.30) v=11.72 m/s [KF]
[lio] t=1317401114.637 | feat 11417/81389 | map  45987 | icp ok  iter  9 corr 11415 rms 0.2627  108.60 ms | p=(  207.12   267.52 -12.40) v=11.61 m/s [KF]
[lio] t=1317401114.740 | feat 11605/81807 | map  45804 | icp ok  iter  3 corr 11596 rms 0.2457   48.27 ms | p=(  206.86   268.67 -12.51) v=11.50 m/s [KF]
[lio] t=1317401114.844 | feat 11613/82131 | map  45584 | icp ok  iter 17 corr 11605 rms 0.2407  199.79 ms | p=(  206.62   269.81 -12.62) v=11.29 m/s [KF]
[lio] t=1317401114.948 | feat 11497/82439 | map  45332 | icp ok  iter  8 corr 11482 rms 0.2605   89.47 ms | p=(  206.38   270.94 -12.73) v=11.20 m/s [KF]
[lio] t=1317401115.052 | feat 11430/82455 | map  44936 | icp ok  iter 11 corr 11405 rms 0.2592  128.55 ms | p=(  206.13   272.06 -12.83) v=11.06 m/s [KF]
[lio] t=1317401115.155 | feat 11339/82603 | map  44598 | icp ok  iter 12 corr 11309 rms 0.2777  146.21 ms | p=(  205.90   273.14 -12.92) v=10.81 m/s [KF]
[lio] t=1317401115.259 | feat 11158/82861 | map  44128 | icp ok  iter  8 corr 11145 rms 0.2760   99.89 ms | p=(  205.67   274.21 -13.02) v=10.62 m/s [KF]
[lio] t=1317401115.363 | feat 11182/83066 | map  43608 | icp ok  iter  9 corr 11170 rms 0.2545  102.00 ms | p=(  205.44   275.27 -13.12) v=10.49 m/s [KF]
[lio] t=1317401115.467 | feat 11371/83222 | map  42895 | icp ok  iter 11 corr 11355 rms 0.2472  133.19 ms | p=(  205.22   276.31 -13.20) v=10.32 m/s [KF]
[lio] t=1317401115.570 | feat 11677/83487 | map  42214 | icp ok  iter  7 corr 11668 rms 0.2653   99.69 ms | p=(  204.99   277.35 -13.29) v=10.24 m/s [KF]
[lio] t=1317401115.674 | feat 11784/83677 | map  41947 | icp ok  iter  8 corr 11765 rms 0.2680   92.08 ms | p=(  204.76   278.38 -13.38) v=10.22 m/s [KF]
[lio] t=1317401115.778 | feat 11906/83691 | map  41775 | icp ok  iter  9 corr 11896 rms 0.2712  117.59 ms | p=(  204.54   279.39 -13.49) v=10.14 m/s [KF]
[lio] t=1317401115.882 | feat 11937/83610 | map  41492 | icp ok  iter 10 corr 11927 rms 0.2481  126.34 ms | p=(  204.31   280.40 -13.58) v=10.10 m/s [KF]
[lio] t=1317401115.985 | feat 11970/83511 | map  41041 | icp ok  iter 12 corr 11961 rms 0.2439  150.18 ms | p=(  204.09   281.41 -13.66) v=10.04 m/s [KF]
[lio] t=1317401116.089 | feat 11991/83378 | map  40745 | icp ok  iter 12 corr 11978 rms 0.2327  145.03 ms | p=(  203.88   282.40 -13.73) v=9.90 m/s [KF]
[lio] t=1317401116.193 | feat 11991/83440 | map  40468 | icp ok  iter  8 corr 11975 rms 0.2385   95.48 ms | p=(  203.65   283.39 -13.80) v=9.82 m/s [KF]
[lio] t=1317401116.297 | feat 12051/83338 | map  40236 | icp ok  iter  8 corr 12042 rms 0.2333  102.17 ms | p=(  203.43   284.37 -13.89) v=9.67 m/s [KF]
[lio] t=1317401116.401 | feat 12060/83354 | map  39984 | icp ok  iter  6 corr 12041 rms 0.2367   80.68 ms | p=(  203.22   285.32 -13.97) v=9.48 m/s
[lio] t=1317401116.504 | feat 12072/83268 | map  39984 | icp ok  iter  9 corr 12006 rms 0.3183  111.96 ms | p=(  203.01   286.26 -14.06) v=9.24 m/s [KF]
[lio] t=1317401116.608 | feat 12237/83234 | map  39899 | icp ok  iter 10 corr 12221 rms 0.2855  120.44 ms | p=(  202.81   287.18 -14.13) v=9.05 m/s
[lio] t=1317401116.712 | feat 12545/82976 | map  39899 | icp ok  iter 17 corr 12435 rms 0.3424  214.86 ms | p=(  202.60   288.05 -14.21) v=8.74 m/s [KF]
[lio] t=1317401116.816 | feat 12766/82635 | map  40302 | icp ok  iter 12 corr 12744 rms 0.2695  149.13 ms | p=(  202.40   288.91 -14.28) v=8.48 m/s
[lio] t=1317401116.920 | feat 12985/82880 | map  40302 | icp ok  iter 13 corr 12946 rms 0.3462  176.05 ms | p=(  202.24   289.74 -14.35) v=8.17 m/s [KF]
[lio] t=1317401117.024 | feat 13151/82988 | map  40881 | icp ok  iter  8 corr 13149 rms 0.2615  133.51 ms | p=(  202.09   290.54 -14.41) v=7.85 m/s
[lio] t=1317401117.128 | feat 13129/82844 | map  40881 | icp ok  iter 15 corr 13117 rms 0.3015  216.38 ms | p=(  201.95   291.32 -14.48) v=7.55 m/s [KF]
[lio] t=1317401117.232 | feat 13413/82986 | map  41430 | icp ok  iter 15 corr 13409 rms 0.2579  212.93 ms | p=(  201.84   292.07 -14.53) v=7.28 m/s
[lio] t=1317401117.336 | feat 13556/83151 | map  41430 | icp ok  iter 14 corr 13531 rms 0.2998  214.72 ms | p=(  201.74   292.79 -14.58) v=6.94 m/s [KF]
[lio] t=1317401117.440 | feat 13735/83350 | map  42126 | icp ok  iter 14 corr 13728 rms 0.2893  217.34 ms | p=(  201.66   293.49 -14.62) v=6.74 m/s
[lio] t=1317401117.545 | feat 13903/83487 | map  42126 | icp ok  iter 14 corr 13863 rms 0.3549  204.84 ms | p=(  201.61   294.17 -14.66) v=6.50 m/s [KF]
[lio] t=1317401117.649 | feat 14006/83796 | map  43330 | icp ok  iter 16 corr 13992 rms 0.2999  245.13 ms | p=(  201.56   294.85 -14.71) v=6.47 m/s
[lio] t=1317401117.753 | feat 13868/83768 | map  43330 | icp ok  iter  7 corr 13834 rms 0.3846  113.39 ms | p=(  201.55   295.51 -14.75) v=6.30 m/s [KF]
[lio] t=1317401117.858 | feat 13918/83580 | map  44725 | icp ok  iter 13 corr 13888 rms 0.3092  199.38 ms | p=(  201.58   296.11 -14.78) v=5.96 m/s
[lio] t=1317401117.962 | feat 14074/83284 | map  44725 | icp ok  iter 10 corr 13969 rms 0.3676  173.51 ms | p=(  201.61   296.74 -14.82) v=5.93 m/s [KF]
[lio] t=1317401118.066 | feat 14289/82999 | map  46158 | icp ok  iter  8 corr 14256 rms 0.3120  143.40 ms | p=(  201.68   297.33 -14.85) v=5.86 m/s
[lio] t=1317401118.171 | feat 14228/83012 | map  46158 | icp ok  iter 12 corr 14148 rms 0.3371  197.25 ms | p=(  201.76   297.93 -14.91) v=5.81 m/s [KF]
[lio] t=1317401118.275 | feat 14212/82783 | map  47288 | icp ok  iter 12 corr 14191 rms 0.3066  176.22 ms | p=(  201.88   298.51 -14.95) v=5.82 m/s
[lio] t=1317401118.379 | feat 14146/82434 | map  47288 | icp ok  iter  5 corr 14103 rms 0.3358   72.87 ms | p=(  202.02   299.10 -15.01) v=5.83 m/s [KF]
[lio] t=1317401118.483 | feat 14530/82279 | map  48244 | icp ok  iter  6 corr 14504 rms 0.3319  109.49 ms | p=(  202.19   299.67 -15.02) v=5.79 m/s
[lio] t=1317401118.588 | feat 14819/82292 | map  48244 | icp ok  iter 11 corr 14751 rms 0.3752  174.64 ms | p=(  202.37   300.23 -15.07) v=5.73 m/s [KF]
[lio] t=1317401118.692 | feat 15028/82151 | map  49451 | icp ok  iter 11 corr 15021 rms 0.3039  186.14 ms | p=(  202.61   300.78 -15.11) v=5.78 m/s
[lio] t=1317401118.796 | feat 15015/82008 | map  49451 | icp ok  iter 11 corr 14992 rms 0.3548  182.42 ms | p=(  202.85   301.31 -15.14) v=5.71 m/s [KF]
[lio] t=1317401118.900 | feat 15275/82136 | map  50597 | icp ok  iter 13 corr 15264 rms 0.3043  211.04 ms | p=(  203.13   301.83 -15.21) v=5.77 m/s
[lio] t=1317401119.004 | feat 15320/81819 | map  50597 | icp ok  iter 11 corr 15268 rms 0.3532  189.87 ms | p=(  203.44   302.34 -15.22) v=5.78 m/s [KF]
[lio] t=1317401119.108 | feat 15130/81760 | map  51798 | icp ok  iter  9 corr 15117 rms 0.2802  160.13 ms | p=(  203.78   302.85 -15.25) v=5.91 m/s
[lio] t=1317401119.212 | feat 15196/81662 | map  51798 | icp ok  iter 12 corr 15176 rms 0.3301  185.23 ms | p=(  204.13   303.35 -15.28) v=5.98 m/s [KF]
[lio] t=1317401119.317 | feat 15244/81828 | map  52981 | icp ok  iter  7 corr 15238 rms 0.2730  130.51 ms | p=(  204.52   303.83 -15.34) v=6.08 m/s
[lio] t=1317401119.421 | feat 15491/81741 | map  52981 | icp ok  iter 12 corr 15485 rms 0.3366  212.07 ms | p=(  204.94   304.30 -15.38) v=6.16 m/s [KF]
[lio] t=1317401119.525 | feat 15617/81974 | map  54176 | icp ok  iter 11 corr 15602 rms 0.2922  196.43 ms | p=(  205.39   304.75 -15.41) v=6.19 m/s
[lio] t=1317401119.629 | feat 15929/82120 | map  54176 | icp ok  iter 10 corr 15894 rms 0.3316  175.12 ms | p=(  205.86   305.21 -15.43) v=6.39 m/s [KF]
[lio] t=1317401119.733 | feat 15762/82366 | map  55372 | icp ok  iter  5 corr 15750 rms 0.2834  111.73 ms | p=(  206.35   305.64 -15.48) v=6.47 m/s
[lio] t=1317401119.836 | feat 15740/82565 | map  55372 | icp ok  iter 14 corr 15700 rms 0.3079  236.43 ms | p=(  206.88   306.07 -15.51) v=6.59 m/s [KF]
[lio] t=1317401119.940 | feat 15773/82651 | map  56274 | icp ok  iter  6 corr 15754 rms 0.2684  124.80 ms | p=(  207.42   306.47 -15.54) v=6.66 m/s
[lio] t=1317401120.044 | feat 15543/82877 | map  56274 | icp ok  iter 13 corr 15515 rms 0.3347  214.05 ms | p=(  208.01   306.88 -15.56) v=6.92 m/s [KF]
[lio] t=1317401120.148 | feat 15272/82932 | map  57094 | icp ok  iter  5 corr 15263 rms 0.2902  103.53 ms | p=(  208.62   307.27 -15.60) v=7.08 m/s
[lio] t=1317401120.252 | feat 15041/82958 | map  57094 | icp ok  iter 11 corr 15011 rms 0.3171  184.97 ms | p=(  209.25   307.65 -15.61) v=7.21 m/s [KF]
[lio] t=1317401120.356 | feat 14852/83166 | map  57788 | icp ok  iter 15 corr 14834 rms 0.3005  243.98 ms | p=(  209.93   308.03 -15.64) v=7.49 m/s
[lio] t=1317401120.460 | feat 14528/83311 | map  57788 | icp ok  iter 20 corr 14478 rms 0.3223  316.13 ms | p=(  210.58   308.38 -15.67) v=7.39 m/s [KF]
[lio] t=1317401120.563 | feat 14373/83401 | map  58496 | icp ok  iter 27 corr 14373 rms 0.2845  420.64 ms | p=(  211.30   308.73 -15.70) v=7.72 m/s
[lio] t=1317401120.667 | feat 13933/83236 | map  58496 | icp ok  iter 14 corr 13931 rms 0.3136  222.63 ms | p=(  212.04   309.07 -15.72) v=7.93 m/s [KF]
[lio] t=1317401120.771 | feat 13856/83242 | map  59228 | icp ok  iter 13 corr 13855 rms 0.2587  203.00 ms | p=(  212.78   309.39 -15.73) v=7.97 m/s
[lio] t=1317401120.874 | feat 13615/83143 | map  59228 | icp ok  iter 16 corr 13614 rms 0.2849  234.91 ms | p=(  213.55   309.69 -15.76) v=8.04 m/s [KF]
[lio] t=1317401120.978 | feat 13422/83028 | map  59604 | icp ok  iter  6 corr 13419 rms 0.2503  100.41 ms | p=(  214.35   309.99 -15.77) v=8.28 m/s
[lio] t=1317401121.082 | feat 13357/83011 | map  59604 | icp ok  iter 14 corr 13350 rms 0.2751  195.86 ms | p=(  215.18   310.28 -15.78) v=8.52 m/s [KF]
[lio] t=1317401121.185 | feat 13133/82982 | map  59822 | icp ok  iter 11 corr 13131 rms 0.2519  155.88 ms | p=(  216.02   310.58 -15.79) v=8.68 m/s
[lio] t=1317401121.289 | feat 13035/82873 | map  59822 | icp ok  iter 23 corr 13030 rms 0.2766  331.68 ms | p=(  216.88   310.84 -15.80) v=8.78 m/s [KF]
[lio] t=1317401121.393 | feat 13076/82953 | map  60016 | icp ok  iter 14 corr 13068 rms 0.2461  210.92 ms | p=(  217.77   311.11 -15.81) v=8.99 m/s
[lio] t=1317401121.496 | feat 12966/82902 | map  60016 | icp ok  iter 14 corr 12959 rms 0.2608  208.15 ms | p=(  218.65   311.37 -15.81) v=8.97 m/s [KF]
[lio] t=1317401121.600 | feat 12872/82790 | map  59936 | icp ok  iter 14 corr 12865 rms 0.2581  181.40 ms | p=(  219.55   311.62 -15.82) v=9.14 m/s
[lio] t=1317401121.704 | feat 12653/82581 | map  59936 | icp ok  iter  3 corr 12642 rms 0.2827   47.00 ms | p=(  220.48   311.89 -15.83) v=9.31 m/s [KF]
[lio] t=1317401121.808 | feat 12494/82527 | map  59664 | icp ok  iter  7 corr 12487 rms 0.2325  111.93 ms | p=(  221.41   312.13 -15.84) v=9.42 m/s
[lio] t=1317401121.911 | feat 12441/82325 | map  59664 | icp ok  iter 13 corr 12432 rms 0.2722  177.24 ms | p=(  222.37   312.38 -15.84) v=9.63 m/s [KF]
[lio] t=1317401122.015 | feat 12418/82309 | map  58828 | icp ok  iter 12 corr 12416 rms 0.2506  156.87 ms | p=(  223.35   312.64 -15.84) v=9.78 m/s [KF]
[lio] t=1317401122.119 | feat 12443/82525 | map  58144 | icp ok  iter 20 corr 12429 rms 0.2474  244.59 ms | p=(  224.32   312.88 -15.84) v=9.74 m/s
[lio] t=1317401122.223 | feat 12492/82558 | map  58144 | icp ok  iter  4 corr 12470 rms 0.2711   60.58 ms | p=(  225.30   313.14 -15.85) v=9.77 m/s [KF]
[lio] t=1317401122.326 | feat 12379/82861 | map  57089 | icp ok  iter 10 corr 12373 rms 0.2478  128.42 ms | p=(  226.28   313.39 -15.84) v=9.75 m/s [KF]
[lio] t=1317401122.430 | feat 12519/83285 | map  56089 | icp ok  iter  7 corr 12508 rms 0.2463   94.64 ms | p=(  227.26   313.63 -15.85) v=9.76 m/s [KF]
[lio] t=1317401122.534 | feat 12371/83614 | map  54979 | icp ok  iter  6 corr 12369 rms 0.2427   82.83 ms | p=(  228.25   313.88 -15.86) v=9.76 m/s [KF]
[lio] t=1317401122.638 | feat 12353/83731 | map  53897 | icp ok  iter  4 corr 12343 rms 0.2411   55.82 ms | p=(  229.23   314.12 -15.86) v=9.77 m/s [KF]
[lio] t=1317401122.742 | feat 12012/83755 | map  52910 | icp ok  iter  6 corr 12009 rms 0.2335   82.70 ms | p=(  230.22   314.36 -15.87) v=9.76 m/s [KF]
[lio] t=1317401122.845 | feat 11876/83585 | map  51652 | icp ok  iter  4 corr 11875 rms 0.2446   53.46 ms | p=(  231.20   314.60 -15.87) v=9.74 m/s [KF]
[lio] t=1317401122.949 | feat 11546/83082 | map  50264 | icp ok  iter  6 corr 11542 rms 0.2248   82.73 ms | p=(  232.19   314.84 -15.88) v=9.81 m/s [KF]
[lio] t=1317401123.053 | feat 11308/82743 | map  48822 | icp ok  iter  6 corr 11302 rms 0.2348   74.35 ms | p=(  233.18   315.07 -15.88) v=9.79 m/s [KF]
[lio] t=1317401123.157 | feat 11075/82293 | map  47313 | icp ok  iter 10 corr 11059 rms 0.2532  113.75 ms | p=(  234.17   315.30 -15.88) v=9.79 m/s [KF]
[lio] t=1317401123.261 | feat 10926/82219 | map  46109 | icp ok  iter 10 corr 10896 rms 0.2525  106.69 ms | p=(  235.16   315.53 -15.88) v=9.73 m/s [KF]
[lio] t=1317401123.365 | feat 10753/81600 | map  44876 | icp ok  iter  4 corr 10720 rms 0.2460   50.83 ms | p=(  236.14   315.76 -15.89) v=9.67 m/s [KF]
[lio] t=1317401123.468 | feat 10441/76787 | map  43644 | icp ok  iter  7 corr 10438 rms 0.2427   79.05 ms | p=(  237.11   315.98 -15.90) v=9.63 m/s [KF]
[lio] t=1317401123.572 | feat 9999/71960 | map  42305 | icp ok  iter 10 corr  9996 rms 0.2320   99.15 ms | p=(  238.08   316.20 -15.91) v=9.56 m/s
[lio] t=1317401123.676 | feat 9555/67988 | map  42305 | icp ok  iter 14 corr  9545 rms 0.2563  125.93 ms | p=(  239.06   316.43 -15.91) v=9.57 m/s [KF]
[lio] t=1317401123.780 | feat 9449/68479 | map  40715 | icp ok  iter 10 corr  9439 rms 0.2359   96.88 ms | p=(  240.02   316.64 -15.91) v=9.48 m/s
[lio] t=1317401123.884 | feat 9564/71616 | map  40715 | icp ok  iter  9 corr  9543 rms 0.2679   82.88 ms | p=(  240.98   316.85 -15.91) v=9.41 m/s [KF]
[lio] t=1317401123.987 | feat 9676/75906 | map  39194 | icp ok  iter  4 corr  9674 rms 0.2357   46.58 ms | p=(  241.93   317.06 -15.92) v=9.30 m/s
[lio] t=1317401124.091 | feat 9773/78683 | map  39194 | icp ok  iter  9 corr  9770 rms 0.2669   88.35 ms | p=(  242.87   317.27 -15.92) v=9.23 m/s [KF]
[lio] t=1317401124.195 | feat 9941/79641 | map  38005 | icp ok  iter  5 corr  9939 rms 0.2328   58.57 ms | p=(  243.79   317.46 -15.93) v=9.06 m/s
[lio] t=1317401124.299 | feat 10090/79504 | map  38005 | icp ok  iter  7 corr 10082 rms 0.2732   73.97 ms | p=(  244.71   317.67 -15.93) v=8.99 m/s [KF]
[lio] t=1317401124.402 | feat 10258/79792 | map  37107 | icp ok  iter  7 corr 10252 rms 0.2588   74.91 ms | p=(  245.62   317.86 -15.94) v=8.88 m/s
[lio] t=1317401124.506 | feat 10365/79892 | map  37107 | icp ok  iter  6 corr 10351 rms 0.2591   61.09 ms | p=(  246.52   318.06 -15.94) v=8.78 m/s [KF]
[lio] t=1317401124.610 | feat 10597/80232 | map  36505 | icp ok  iter 13 corr 10596 rms 0.2342  135.74 ms | p=(  247.40   318.24 -15.95) v=8.64 m/s
[lio] t=1317401124.714 | feat 10652/80537 | map  36505 | icp ok  iter  8 corr 10642 rms 0.2649   87.66 ms | p=(  248.27   318.42 -15.95) v=8.52 m/s [KF]
[lio] t=1317401124.818 | feat 10728/80948 | map  36056 | icp ok  iter 10 corr 10724 rms 0.2417  121.32 ms | p=(  249.16   318.60 -15.95) v=8.60 m/s
[lio] t=1317401124.922 | feat 10843/81712 | map  36056 | icp ok  iter 12 corr 10804 rms 0.2765  146.39 ms | p=(  250.00   318.76 -15.95) v=8.29 m/s [KF]
[lio] t=1317401125.026 | feat 10902/82292 | map  35776 | icp ok  iter  9 corr 10897 rms 0.2346  102.32 ms | p=(  250.84   318.91 -15.95) v=8.17 m/s
[lio] t=1317401125.129 | feat 10988/82677 | map  35776 | icp ok  iter  9 corr 10981 rms 0.2571   99.72 ms | p=(  251.67   319.07 -15.95) v=8.01 m/s [KF]
[lio] t=1317401125.233 | feat 11185/82756 | map  35517 | icp ok  iter  9 corr 11183 rms 0.2399  105.75 ms | p=(  252.49   319.22 -15.95) v=7.90 m/s
[lio] t=1317401125.337 | feat 11097/82732 | map  35517 | icp ok  iter 11 corr 11090 rms 0.2812  125.69 ms | p=(  253.28   319.35 -15.96) v=7.73 m/s [KF]
[lio] t=1317401125.441 | feat 11078/82574 | map  35564 | icp ok  iter 10 corr 11073 rms 0.2412  118.53 ms | p=(  254.07   319.47 -15.95) v=7.59 m/s
[lio] t=1317401125.545 | feat 11082/82694 | map  35564 | icp ok  iter  8 corr 11076 rms 0.2932  110.49 ms | p=(  254.87   319.59 -15.95) v=7.62 m/s [KF]
[lio] t=1317401125.649 | feat 10953/82513 | map  35617 | icp ok  iter 11 corr 10951 rms 0.2434  128.35 ms | p=(  255.64   319.67 -15.95) v=7.41 m/s
[lio] t=1317401125.754 | feat 10906/82506 | map  35617 | icp ok  iter 11 corr 10897 rms 0.2806  131.09 ms | p=(  256.41   319.76 -15.96) v=7.35 m/s [KF]
[lio] t=1317401125.858 | feat 10905/82629 | map  35728 | icp ok  iter 15 corr 10905 rms 0.2526  160.95 ms | p=(  257.16   319.82 -15.96) v=7.16 m/s
[lio] t=1317401125.962 | feat 11070/82839 | map  35728 | icp ok  iter  9 corr 11069 rms 0.2941  117.40 ms | p=(  257.89   319.87 -15.94) v=7.01 m/s [KF]
[lio] t=1317401126.066 | feat 11047/82776 | map  35973 | icp ok  iter 11 corr 11047 rms 0.2517  163.79 ms | p=(  258.66   319.87 -15.92) v=7.10 m/s
[lio] t=1317401126.170 | feat 11077/82856 | map  35973 | icp ok  iter 16 corr 11057 rms 0.2800  198.24 ms | p=(  259.35   319.87 -15.91) v=6.74 m/s [KF]
[lio] t=1317401126.274 | feat 11124/82968 | map  36279 | icp ok  iter 10 corr 11112 rms 0.2461  126.83 ms | p=(  260.07   319.86 -15.89) v=6.78 m/s
[lio] t=1317401126.378 | feat 11225/83082 | map  36279 | icp ok  iter  8 corr 11199 rms 0.2813  112.94 ms | p=(  260.78   319.82 -15.88) v=6.73 m/s [KF]
[lio] t=1317401126.482 | feat 11244/83051 | map  36628 | icp ok  iter  6 corr 11232 rms 0.2588   82.60 ms | p=(  261.46   319.76 -15.86) v=6.52 m/s
[lio] t=1317401126.587 | feat 11322/83090 | map  36628 | icp ok  iter 13 corr 11280 rms 0.3114  148.59 ms | p=(  262.14   319.68 -15.85) v=6.48 m/s [KF]
[lio] t=1317401126.691 | feat 11349/83027 | map  36971 | icp ok  iter 10 corr 11347 rms 0.2633  121.67 ms | p=(  262.81   319.57 -15.82) v=6.38 m/s
[lio] t=1317401126.795 | feat 11401/83098 | map  36971 | icp ok  iter 13 corr 11397 rms 0.3037  153.71 ms | p=(  263.45   319.45 -15.80) v=6.20 m/s [KF]
[lio] t=1317401126.899 | feat 11509/83299 | map  37335 | icp ok  iter  7 corr 11498 rms 0.2398   92.02 ms | p=(  264.07   319.31 -15.79) v=6.03 m/s
[lio] t=1317401127.003 | feat 11517/83427 | map  37335 | icp ok  iter 12 corr 11491 rms 0.2790  145.82 ms | p=(  264.69   319.14 -15.76) v=6.04 m/s [KF]
[lio] t=1317401127.107 | feat 11476/83735 | map  37550 | icp ok  iter 10 corr 11466 rms 0.2606  128.63 ms | p=(  265.29   318.95 -15.75) v=5.97 m/s
[lio] t=1317401127.212 | feat 11421/83705 | map  37550 | icp ok  iter 18 corr 11397 rms 0.3116  223.37 ms | p=(  265.88   318.75 -15.72) v=5.94 m/s [KF]
[lio] t=1317401127.316 | feat 11396/83715 | map  37759 | icp ok  iter 11 corr 11389 rms 0.2562  131.47 ms | p=(  266.46   318.49 -15.71) v=5.98 m/s
[lio] t=1317401127.420 | feat 11252/83461 | map  37759 | icp ok  iter  6 corr 11233 rms 0.2747   77.98 ms | p=(  267.01   318.22 -15.66) v=5.85 m/s [KF]
[lio] t=1317401127.524 | feat 11273/83324 | map  37844 | icp ok  iter 10 corr 11271 rms 0.2506  123.39 ms | p=(  267.55   317.92 -15.64) v=5.84 m/s
[lio] t=1317401127.628 | feat 11165/83120 | map  37844 | icp ok  iter 10 corr 11154 rms 0.2789  119.61 ms | p=(  268.08   317.59 -15.60) v=5.89 m/s [KF]
[lio] t=1317401127.733 | feat 11047/82879 | map  37787 | icp ok  iter 12 corr 11026 rms 0.2753  130.38 ms | p=(  268.59   317.24 -15.58) v=5.86 m/s
[lio] t=1317401127.837 | feat 10977/82424 | map  37787 | icp ok  iter  5 corr 10931 rms 0.2926   65.58 ms | p=(  269.08   316.87 -15.53) v=5.80 m/s [KF]
[lio] t=1317401127.941 | feat 10974/82593 | map  37907 | icp ok  iter 10 corr 10971 rms 0.2626  116.70 ms | p=(  269.55   316.46 -15.51) v=5.85 m/s
[lio] t=1317401128.045 | feat 10858/82493 | map  37907 | icp ok  iter 15 corr 10845 rms 0.2850  173.86 ms | p=(  270.00   316.04 -15.45) v=5.85 m/s [KF]
[lio] t=1317401128.149 | feat 10744/82457 | map  38065 | icp ok  iter 11 corr 10742 rms 0.2526  130.56 ms | p=(  270.42   315.60 -15.42) v=5.87 m/s
[lio] t=1317401128.253 | feat 10639/82368 | map  38065 | icp ok  iter 10 corr 10638 rms 0.2800  123.94 ms | p=(  270.84   315.12 -15.36) v=6.02 m/s [KF]
[lio] t=1317401128.357 | feat 10671/82414 | map  38248 | icp ok  iter 14 corr 10669 rms 0.2449  154.25 ms | p=(  271.23   314.63 -15.31) v=6.03 m/s
[lio] t=1317401128.460 | feat 10485/82275 | map  38248 | icp ok  iter  8 corr 10480 rms 0.2702  101.51 ms | p=(  271.62   314.12 -15.30) v=6.15 m/s [KF]
[lio] t=1317401128.564 | feat 10374/82062 | map  38411 | icp ok  iter  9 corr 10373 rms 0.2468  108.13 ms | p=(  271.99   313.57 -15.24) v=6.27 m/s
[lio] t=1317401128.668 | feat 10327/81672 | map  38411 | icp ok  iter 11 corr 10325 rms 0.2930  118.30 ms | p=(  272.34   313.02 -15.17) v=6.29 m/s [KF]
[lio] t=1317401128.772 | feat 10184/81504 | map  38399 | icp ok  iter  7 corr 10184 rms 0.2294   87.03 ms | p=(  272.67   312.44 -15.12) v=6.39 m/s
[lio] t=1317401128.876 | feat 9970/81446 | map  38399 | icp ok  iter 11 corr  9962 rms 0.2735  116.69 ms | p=(  273.01   311.84 -15.07) v=6.55 m/s [KF]
[lio] t=1317401128.979 | feat 9786/81595 | map  38442 | icp ok  iter  4 corr  9777 rms 0.2682   55.56 ms | p=(  273.31   311.23 -15.04) v=6.56 m/s
[lio] t=1317401129.083 | feat 9649/82058 | map  38442 | icp ok  iter 10 corr  9598 rms 0.3643  106.45 ms | p=(  273.59   310.59 -14.98) v=6.71 m/s [KF]
[lio] t=1317401129.187 | feat 9422/82585 | map  38792 | icp ok  iter 10 corr  9416 rms 0.2698  101.83 ms | p=(  273.87   309.93 -14.93) v=6.88 m/s
[lio] t=1317401129.290 | feat 9260/82953 | map  38792 | icp ok  iter  8 corr  9251 rms 0.3300   82.77 ms | p=(  274.15   309.26 -14.87) v=6.94 m/s [KF]
[lio] t=1317401129.394 | feat 9106/83024 | map  39058 | icp ok  iter 14 corr  9104 rms 0.2584  133.81 ms | p=(  274.40   308.58 -14.81) v=7.01 m/s
[lio] t=1317401129.498 | feat 8800/82954 | map  39058 | icp ok  iter 18 corr  8792 rms 0.2934  160.20 ms | p=(  274.65   307.89 -14.75) v=7.08 m/s [KF]
[lio] t=1317401129.601 | feat 8486/82746 | map  39228 | icp ok  iter 15 corr  8485 rms 0.2261  130.46 ms | p=(  274.88   307.18 -14.70) v=7.18 m/s
[lio] t=1317401129.705 | feat 8250/82720 | map  39228 | icp ok  iter 10 corr  8249 rms 0.2553   82.46 ms | p=(  275.12   306.45 -14.65) v=7.33 m/s [KF]
[lio] t=1317401129.809 | feat 8067/82872 | map  39170 | icp ok  iter  8 corr  8065 rms 0.2295   76.79 ms | p=(  275.34   305.71 -14.59) v=7.44 m/s
[lio] t=1317401129.912 | feat 7882/82888 | map  39170 | icp ok  iter  7 corr  7880 rms 0.2490   59.00 ms | p=(  275.55   304.97 -14.53) v=7.46 m/s [KF]
[lio] t=1317401130.016 | feat 7576/82812 | map  39006 | icp ok  iter 10 corr  7574 rms 0.2214   81.08 ms | p=(  275.76   304.20 -14.47) v=7.66 m/s
[lio] t=1317401130.120 | feat 7351/82675 | map  39006 | icp ok  iter  9 corr  7349 rms 0.2368   67.43 ms | p=(  275.98   303.43 -14.42) v=7.72 m/s [KF]
[lio] t=1317401130.224 | feat 7216/82483 | map  38586 | icp ok  iter 10 corr  7214 rms 0.2355   73.65 ms | p=(  276.19   302.64 -14.36) v=7.86 m/s
[lio] t=1317401130.327 | feat 6980/81620 | map  38586 | icp ok  iter  4 corr  6976 rms 0.2592   33.83 ms | p=(  276.40   301.84 -14.30) v=7.95 m/s [KF]
[lio] t=1317401130.431 | feat 6864/80206 | map  38029 | icp ok  iter  9 corr  6864 rms 0.2312   70.46 ms | p=(  276.59   301.01 -14.24) v=8.14 m/s
[lio] t=1317401130.535 | feat 6736/79473 | map  38029 | icp ok  iter  7 corr  6736 rms 0.2556   45.04 ms | p=(  276.79   300.19 -14.18) v=8.16 m/s [KF]
[lio] t=1317401130.638 | feat 6657/79255 | map  37340 | icp ok  iter 14 corr  6655 rms 0.2225   92.26 ms | p=(  276.97   299.33 -14.12) v=8.35 m/s
[lio] t=1317401130.742 | feat 6621/79544 | map  37340 | icp ok  iter  7 corr  6618 rms 0.2467   50.71 ms | p=(  277.16   298.51 -14.05) v=8.23 m/s [KF]
[lio] t=1317401130.846 | feat 6449/80101 | map  36629 | icp ok  iter  8 corr  6447 rms 0.2260   60.05 ms | p=(  277.34   297.62 -13.99) v=8.50 m/s
[lio] t=1317401130.950 | feat 6409/80761 | map  36629 | icp ok  iter  7 corr  6404 rms 0.2569   46.74 ms | p=(  277.52   296.78 -13.92) v=8.40 m/s [KF]
[lio] t=1317401131.053 | feat 6437/80757 | map  35910 | icp ok  iter 10 corr  6435 rms 0.2327   64.79 ms | p=(  277.68   295.90 -13.85) v=8.49 m/s
[lio] t=1317401131.157 | feat 6394/80794 | map  35910 | icp ok  iter 10 corr  6393 rms 0.2675   62.64 ms | p=(  277.86   295.04 -13.78) v=8.50 m/s [KF]
[lio] t=1317401131.261 | feat 6306/81086 | map  35132 | icp ok  iter 10 corr  6306 rms 0.2427   68.79 ms | p=(  278.03   294.13 -13.72) v=8.70 m/s
[lio] t=1317401131.364 | feat 6280/81511 | map  35132 | icp ok  iter  8 corr  6279 rms 0.2750   54.55 ms | p=(  278.18   293.26 -13.66) v=8.56 m/s [KF]
[lio] t=1317401131.468 | feat 6167/81235 | map  34116 | icp ok  iter 15 corr  6167 rms 0.2412   90.28 ms | p=(  278.34   292.37 -13.58) v=8.67 m/s
[lio] t=1317401131.572 | feat 6224/81216 | map  34116 | icp ok  iter 12 corr  6224 rms 0.2597   80.62 ms | p=(  278.49   291.48 -13.50) v=8.64 m/s [KF]
[lio] t=1317401131.676 | feat 6176/81283 | map  33348 | icp ok  iter  8 corr  6173 rms 0.2411   56.56 ms | p=(  278.65   290.59 -13.43) v=8.68 m/s
[lio] t=1317401131.779 | feat 6127/81579 | map  33348 | icp ok  iter 11 corr  6123 rms 0.2443   72.88 ms | p=(  278.80   289.69 -13.36) v=8.72 m/s [KF]
[lio] t=1317401131.883 | feat 6141/81838 | map  32565 | icp ok  iter  7 corr  6132 rms 0.2210   50.29 ms | p=(  278.97   288.79 -13.29) v=8.75 m/s
[lio] t=1317401131.987 | feat 6190/82075 | map  32565 | icp ok  iter  8 corr  6181 rms 0.2551   54.11 ms | p=(  279.12   287.92 -13.21) v=8.56 m/s [KF]
[lio] t=1317401132.090 | feat 6237/82403 | map  31750 | icp ok  iter 12 corr  6235 rms 0.2270   78.34 ms | p=(  279.28   287.02 -13.13) v=8.68 m/s
[lio] t=1317401132.194 | feat 6288/82381 | map  31750 | icp ok  iter  6 corr  6282 rms 0.2539   43.43 ms | p=(  279.44   286.13 -13.05) v=8.62 m/s [KF]
[lio] t=1317401132.298 | feat 6395/82153 | map  30894 | icp ok  iter  7 corr  6395 rms 0.2385   47.39 ms | p=(  279.61   285.24 -12.97) v=8.65 m/s
[lio] t=1317401132.402 | feat 6414/82412 | map  30894 | icp ok  iter  6 corr  6413 rms 0.2704   43.78 ms | p=(  279.78   284.36 -12.89) v=8.60 m/s [KF]
[lio] t=1317401132.505 | feat 6471/82880 | map  30259 | icp ok  iter 15 corr  6470 rms 0.2290   95.15 ms | p=(  279.95   283.47 -12.81) v=8.62 m/s
[lio] t=1317401132.609 | feat 6357/82975 | map  30259 | icp ok  iter 10 corr  6344 rms 0.2803   62.14 ms | p=(  280.12   282.59 -12.73) v=8.60 m/s [KF]
[lio] t=1317401132.713 | feat 6455/83104 | map  29612 | icp ok  iter  9 corr  6439 rms 0.2322   55.17 ms | p=(  280.31   281.72 -12.66) v=8.53 m/s
[lio] t=1317401132.817 | feat 6495/83041 | map  29612 | icp ok  iter  7 corr  6480 rms 0.2584   50.04 ms | p=(  280.50   280.85 -12.58) v=8.52 m/s [KF]
[lio] t=1317401132.920 | feat 6593/82107 | map  29082 | icp ok  iter  8 corr  6593 rms 0.2322   60.08 ms | p=(  280.69   279.97 -12.50) v=8.53 m/s
[lio] t=1317401133.024 | feat 6632/82016 | map  29082 | icp ok  iter  7 corr  6628 rms 0.2682   51.84 ms | p=(  280.89   279.13 -12.42) v=8.35 m/s [KF]
[lio] t=1317401133.128 | feat 6480/81724 | map  28550 | icp ok  iter  9 corr  6480 rms 0.2352   66.78 ms | p=(  281.09   278.25 -12.35) v=8.49 m/s
[lio] t=1317401133.232 | feat 6454/81828 | map  28550 | icp ok  iter  4 corr  6454 rms 0.2518   32.75 ms | p=(  281.29   277.41 -12.28) v=8.36 m/s [KF]
[lio] t=1317401133.335 | feat 6461/81572 | map  27725 | icp ok  iter  7 corr  6460 rms 0.2279   51.90 ms | p=(  281.49   276.54 -12.21) v=8.43 m/s
[lio] t=1317401133.439 | feat 6482/81647 | map  27725 | icp ok  iter 13 corr  6480 rms 0.2714   82.25 ms | p=(  281.70   275.68 -12.14) v=8.46 m/s [KF]
[lio] t=1317401133.543 | feat 6476/81506 | map  26637 | icp ok  iter 12 corr  6476 rms 0.2229   71.54 ms | p=(  281.91   274.82 -12.06) v=8.42 m/s
[lio] t=1317401133.647 | feat 6356/81554 | map  26637 | icp ok  iter  8 corr  6355 rms 0.2531   53.65 ms | p=(  282.12   273.99 -11.99) v=8.29 m/s [KF]
[lio] t=1317401133.751 | feat 6409/80910 | map  25503 | icp ok  iter 10 corr  6406 rms 0.2262   68.57 ms | p=(  282.33   273.12 -11.92) v=8.47 m/s
[lio] t=1317401133.855 | feat 6351/79728 | map  25503 | icp ok  iter  8 corr  6347 rms 0.2542   46.37 ms | p=(  282.54   272.28 -11.84) v=8.36 m/s [KF]
[lio] t=1317401133.958 | feat 6331/78505 | map  24364 | icp ok  iter  9 corr  6330 rms 0.2277   60.55 ms | p=(  282.75   271.41 -11.77) v=8.46 m/s
[lio] t=1317401134.062 | feat 6160/78142 | map  24364 | icp ok  iter 15 corr  6156 rms 0.2542   91.62 ms | p=(  282.95   270.59 -11.70) v=8.22 m/s [KF]
[lio] t=1317401134.166 | feat 6153/77709 | map  23014 | icp ok  iter  9 corr  6153 rms 0.2365   63.67 ms | p=(  283.16   269.72 -11.62) v=8.45 m/s
[lio] t=1317401134.270 | feat 6030/77177 | map  23014 | icp ok  iter 14 corr  6030 rms 0.2916   78.34 ms | p=(  283.37   268.85 -11.55) v=8.46 m/s [KF]
[lio] t=1317401134.374 | feat 6192/77882 | map  21307 | icp ok  iter  4 corr  6183 rms 0.2263   26.91 ms | p=(  283.57   268.00 -11.48) v=8.41 m/s
[lio] t=1317401134.478 | feat 6319/78599 | map  21307 | icp ok  iter  8 corr  6305 rms 0.2682   47.55 ms | p=(  283.77   267.16 -11.40) v=8.29 m/s [KF]
[lio] t=1317401134.582 | feat 6264/78654 | map  20656 | icp ok  iter 10 corr  6263 rms 0.2363   68.35 ms | p=(  283.96   266.29 -11.32) v=8.43 m/s
[lio] t=1317401134.685 | feat 6338/78660 | map  20656 | icp ok  iter  9 corr  6327 rms 0.2942   55.80 ms | p=(  284.15   265.43 -11.26) v=8.40 m/s [KF]
[lio] t=1317401134.789 | feat 6394/78996 | map  20130 | icp ok  iter  6 corr  6379 rms 0.2510   42.52 ms | p=(  284.35   264.57 -11.18) v=8.40 m/s
[lio] t=1317401134.893 | feat 6463/79763 | map  20130 | icp ok  iter 12 corr  6420 rms 0.3122   75.03 ms | p=(  284.53   263.72 -11.11) v=8.35 m/s [KF]
[lio] t=1317401134.997 | feat 6652/80111 | map  19684 | icp ok  iter 13 corr  6610 rms 0.3018   88.54 ms | p=(  284.73   262.85 -11.03) v=8.46 m/s
[lio] t=1317401135.101 | feat 6765/79587 | map  19684 | icp ok  iter  9 corr  6596 rms 0.4045   55.85 ms | p=(  284.91   262.01 -10.96) v=8.33 m/s [KF]
[lio] t=1317401135.204 | feat 6891/79834 | map  19517 | icp ok  iter  9 corr  6881 rms 0.3047   64.46 ms | p=(  285.09   261.14 -10.89) v=8.40 m/s
[lio] t=1317401135.308 | feat 6865/80245 | map  19517 | icp ok  iter 10 corr  6844 rms 0.3985   66.82 ms | p=(  285.28   260.28 -10.81) v=8.42 m/s [KF]
[lio] t=1317401135.412 | feat 6944/80032 | map  19675 | icp ok  iter  7 corr  6920 rms 0.2696   49.82 ms | p=(  285.47   259.44 -10.74) v=8.31 m/s
[lio] t=1317401135.516 | feat 6924/80181 | map  19675 | icp ok  iter 10 corr  6857 rms 0.3588   71.54 ms | p=(  285.66   258.58 -10.67) v=8.36 m/s [KF]
[lio] t=1317401135.620 | feat 6803/80530 | map  19796 | icp ok  iter 10 corr  6786 rms 0.2569   72.37 ms | p=(  285.85   257.71 -10.59) v=8.43 m/s
[lio] t=1317401135.723 | feat 6771/80972 | map  19796 | icp ok  iter 11 corr  6749 rms 0.3050   74.83 ms | p=(  286.05   256.89 -10.52) v=8.21 m/s [KF]
[lio] t=1317401135.827 | feat 6641/80168 | map  19817 | icp ok  iter 11 corr  6621 rms 0.3004   74.97 ms | p=(  286.25   256.05 -10.44) v=8.26 m/s
[lio] t=1317401135.931 | feat 6596/78777 | map  19817 | icp ok  iter 10 corr  6565 rms 0.3779   64.83 ms | p=(  286.46   255.20 -10.37) v=8.28 m/s [KF]
[lio] t=1317401136.035 | feat 6472/78522 | map  19952 | icp ok  iter  9 corr  6471 rms 0.2663   58.62 ms | p=(  286.65   254.36 -10.31) v=8.23 m/s
[lio] t=1317401136.138 | feat 6304/78430 | map  19952 | icp ok  iter 11 corr  6294 rms 0.3268   67.21 ms | p=(  286.86   253.54 -10.23) v=8.17 m/s [KF]
[lio] t=1317401136.242 | feat 6244/78608 | map  19740 | icp ok  iter  8 corr  6239 rms 0.2592   55.09 ms | p=(  287.07   252.70 -10.16) v=8.18 m/s
[lio] t=1317401136.346 | feat 6082/78559 | map  19740 | icp ok  iter  5 corr  6076 rms 0.2920   32.42 ms | p=(  287.27   251.88 -10.10) v=8.10 m/s [KF]
[lio] t=1317401136.450 | feat 6020/79026 | map  19792 | icp ok  iter  9 corr  6017 rms 0.2417   62.72 ms | p=(  287.48   251.04 -10.03) v=8.17 m/s
[lio] t=1317401136.554 | feat 5845/79285 | map  19792 | icp ok  iter  7 corr  5842 rms 0.2879   38.45 ms | p=(  287.68   250.23  -9.97) v=8.05 m/s [KF]
[lio] t=1317401136.657 | feat 5734/78077 | map  19948 | icp ok  iter 15 corr  5734 rms 0.2300   90.80 ms | p=(  287.88   249.38  -9.91) v=8.23 m/s
[lio] t=1317401136.761 | feat 5705/76769 | map  19948 | icp ok  iter 11 corr  5703 rms 0.2549   63.92 ms | p=(  288.10   248.55  -9.84) v=8.21 m/s [KF]
[lio] t=1317401136.865 | feat 5565/74794 | map  19901 | icp ok  iter  8 corr  5565 rms 0.2316   45.58 ms | p=(  288.29   247.73  -9.78) v=8.06 m/s
[lio] t=1317401136.969 | feat 5475/71257 | map  19901 | icp ok  iter  4 corr  5475 rms 0.2852   22.30 ms | p=(  288.49   246.93  -9.71) v=7.96 m/s [KF]
[lio] t=1317401137.073 | feat 5464/67989 | map  20016 | icp ok  iter 15 corr  5461 rms 0.2360   88.78 ms | p=(  288.70   246.07  -9.64) v=8.23 m/s
[lio] t=1317401137.177 | feat 5439/65268 | map  20016 | icp ok  iter 17 corr  5432 rms 0.2745   93.53 ms | p=(  288.89   245.29  -9.57) v=7.89 m/s [KF]
[lio] t=1317401137.280 | feat 5422/63169 | map  20241 | icp ok  iter  8 corr  5421 rms 0.2412   51.47 ms | p=(  289.10   244.46  -9.51) v=8.03 m/s
[lio] t=1317401137.384 | feat 5464/63758 | map  20241 | icp ok  iter 12 corr  5463 rms 0.2996   62.91 ms | p=(  289.30   243.65  -9.44) v=8.01 m/s [KF]
[lio] t=1317401137.488 | feat 5371/65854 | map  20400 | icp ok  iter  9 corr  5370 rms 0.2357   51.11 ms | p=(  289.51   242.84  -9.38) v=8.01 m/s
[lio] t=1317401137.592 | feat 5488/68018 | map  20400 | icp ok  iter 13 corr  5485 rms 0.2867   71.22 ms | p=(  289.72   242.02  -9.31) v=8.05 m/s [KF]
[lio] t=1317401137.696 | feat 5565/70549 | map  20569 | icp ok  iter  6 corr  5564 rms 0.2385   40.90 ms | p=(  289.93   241.19  -9.25) v=8.15 m/s
[lio] t=1317401137.800 | feat 5590/73042 | map  20569 | icp ok  iter  6 corr  5589 rms 0.2727   37.99 ms | p=(  290.14   240.39  -9.19) v=8.02 m/s [KF]
[lio] t=1317401137.904 | feat 5635/75164 | map  20706 | icp ok  iter 11 corr  5635 rms 0.2382   66.98 ms | p=(  290.37   239.55  -9.12) v=8.20 m/s
[lio] t=1317401138.007 | feat 5696/76538 | map  20706 | icp ok  iter  6 corr  5696 rms 0.2698   38.50 ms | p=(  290.57   238.74  -9.06) v=8.09 m/s [KF]
[lio] t=1317401138.111 | feat 5725/78166 | map  20846 | icp ok  iter  6 corr  5722 rms 0.2395   42.35 ms | p=(  290.80   237.90  -9.00) v=8.24 m/s
[lio] t=1317401138.215 | feat 5754/79711 | map  20846 | icp ok  iter  6 corr  5752 rms 0.2755   38.14 ms | p=(  291.03   237.06  -8.93) v=8.30 m/s [KF]
[lio] t=1317401138.319 | feat 5840/80499 | map  21005 | icp ok  iter  6 corr  5840 rms 0.2391   40.86 ms | p=(  291.25   236.22  -8.86) v=8.37 m/s
[lio] t=1317401138.423 | feat 5865/81021 | map  21005 | icp ok  iter 14 corr  5864 rms 0.2498   89.01 ms | p=(  291.47   235.42  -8.79) v=8.13 m/s [KF]
[lio] t=1317401138.527 | feat 5930/81415 | map  21103 | icp ok  iter 11 corr  5928 rms 0.2462   78.88 ms | p=(  291.71   234.54  -8.72) v=8.49 m/s
[lio] t=1317401138.631 | feat 5945/81645 | map  21103 | icp ok  iter  9 corr  5943 rms 0.2529   55.28 ms | p=(  291.95   233.68  -8.65) v=8.55 m/s [KF]
[lio] t=1317401138.735 | feat 5927/81684 | map  21163 | icp ok  iter 10 corr  5927 rms 0.2255   65.50 ms | p=(  292.19   232.80  -8.58) v=8.69 m/s
[lio] t=1317401138.839 | feat 5987/81711 | map  21163 | icp ok  iter 11 corr  5987 rms 0.2595   72.34 ms | p=(  292.42   231.95  -8.51) v=8.56 m/s [KF]
[lio] t=1317401138.943 | feat 5939/81943 | map  21120 | icp ok  iter  5 corr  5939 rms 0.2215   33.02 ms | p=(  292.66   231.09  -8.44) v=8.60 m/s
[lio] t=1317401139.047 | feat 5972/82179 | map  21120 | icp ok  iter  7 corr  5970 rms 0.2603   51.38 ms | p=(  292.90   230.20  -8.36) v=8.75 m/s [KF]
[lio] t=1317401139.151 | feat 5994/82366 | map  20944 | icp ok  iter  6 corr  5993 rms 0.2315   44.56 ms | p=(  293.14   229.30  -8.28) v=8.90 m/s
[lio] t=1317401139.255 | feat 6012/82367 | map  20944 | icp ok  iter  9 corr  6012 rms 0.2478   56.86 ms | p=(  293.37   228.41  -8.21) v=8.87 m/s [KF]
[lio] t=1317401139.359 | feat 6096/82566 | map  20929 | icp ok  iter  5 corr  6092 rms 0.2285   37.47 ms | p=(  293.61   227.50  -8.14) v=8.99 m/s
[lio] t=1317401139.463 | feat 6020/82349 | map  20929 | icp ok  iter  4 corr  6014 rms 0.2496   26.68 ms | p=(  293.83   226.59  -8.07) v=8.99 m/s [KF]
[lio] t=1317401139.567 | feat 5940/82213 | map  21004 | icp ok  iter 10 corr  5939 rms 0.2276   59.73 ms | p=(  294.05   225.66  -7.99) v=9.12 m/s
[lio] t=1317401139.671 | feat 6001/82214 | map  21004 | icp ok  iter  4 corr  5997 rms 0.2436   26.18 ms | p=(  294.26   224.74  -7.91) v=9.09 m/s [KF]
[lio] t=1317401139.774 | feat 5971/82248 | map  20945 | icp ok  iter 13 corr  5970 rms 0.2326   77.20 ms | p=(  294.48   223.80  -7.83) v=9.19 m/s
[lio] t=1317401139.878 | feat 5827/82583 | map  20945 | icp ok  iter  6 corr  5822 rms 0.2513   37.37 ms | p=(  294.68   222.87  -7.75) v=9.13 m/s [KF]
[lio] t=1317401139.982 | feat 5764/82450 | map  20892 | icp ok  iter  9 corr  5764 rms 0.2304   55.20 ms | p=(  294.89   221.93  -7.66) v=9.21 m/s
[lio] t=1317401140.086 | feat 5644/82143 | map  20892 | icp ok  iter  8 corr  5643 rms 0.2707   43.99 ms | p=(  295.09   220.99  -7.59) v=9.14 m/s [KF]
[lio] t=1317401140.190 | feat 5659/81810 | map  20718 | icp ok  iter  7 corr  5655 rms 0.2219   43.38 ms | p=(  295.29   220.06  -7.50) v=9.13 m/s
[lio] t=1317401140.294 | feat 5600/81964 | map  20718 | icp ok  iter  6 corr  5578 rms 0.2445   35.60 ms | p=(  295.48   219.13  -7.42) v=9.06 m/s [KF]
[lio] t=1317401140.398 | feat 5554/81873 | map  20475 | icp ok  iter 14 corr  5554 rms 0.2443   76.66 ms | p=(  295.67   218.20  -7.35) v=9.08 m/s
[lio] t=1317401140.502 | feat 5544/81142 | map  20475 | icp ok  iter 11 corr  5535 rms 0.3000   64.19 ms | p=(  295.86   217.26  -7.27) v=9.10 m/s [KF]
[lio] t=1317401140.605 | feat 5559/81113 | map  20108 | icp ok  iter  7 corr  5557 rms 0.2537   45.57 ms | p=(  296.04   216.36  -7.20) v=8.86 m/s
[lio] t=1317401140.709 | feat 5473/81186 | map  20108 | icp ok  iter  9 corr  5453 rms 0.2775   51.07 ms | p=(  296.23   215.46  -7.12) v=8.79 m/s [KF]
[lio] t=1317401140.813 | feat 5350/81360 | map  19797 | icp ok  iter  9 corr  5348 rms 0.2430   55.27 ms | p=(  296.41   214.54  -7.04) v=8.81 m/s
[lio] t=1317401140.917 | feat 5354/77623 | map  19797 | icp ok  iter  6 corr  5348 rms 0.2864   31.73 ms | p=(  296.58   213.65  -6.97) v=8.66 m/s [KF]
[lio] t=1317401141.021 | feat 5382/73805 | map  19507 | icp ok  iter 10 corr  5381 rms 0.2600   54.05 ms | p=(  296.75   212.77  -6.90) v=8.60 m/s
[lio] t=1317401141.125 | feat 5479/70639 | map  19507 | icp ok  iter  8 corr  5477 rms 0.3087   47.74 ms | p=(  296.92   211.89  -6.83) v=8.53 m/s [KF]
[lio] t=1317401141.229 | feat 5531/68927 | map  19132 | icp ok  iter 12 corr  5526 rms 0.2539   72.83 ms | p=(  297.09   210.97  -6.75) v=8.76 m/s
[lio] t=1317401141.333 | feat 5456/69419 | map  19132 | icp ok  iter 13 corr  5452 rms 0.2466   69.76 ms | p=(  297.25   210.11  -6.67) v=8.51 m/s [KF]
[lio] t=1317401141.437 | feat 5387/71094 | map  18742 | icp ok  iter  9 corr  5384 rms 0.2529   48.67 ms | p=(  297.41   209.24  -6.60) v=8.44 m/s
[lio] t=1317401141.540 | feat 5375/74907 | map  18742 | icp ok  iter 14 corr  5367 rms 0.2465   79.73 ms | p=(  297.57   208.35  -6.54) v=8.52 m/s [KF]
[lio] t=1317401141.644 | feat 5364/73921 | map  18438 | icp ok  iter 12 corr  5359 rms 0.2583   66.58 ms | p=(  297.72   207.47  -6.47) v=8.54 m/s
[lio] t=1317401141.748 | feat 5297/73004 | map  18438 | icp ok  iter 10 corr  5293 rms 0.2907   53.22 ms | p=(  297.87   206.60  -6.38) v=8.44 m/s [KF]
[lio] t=1317401141.852 | feat 5229/72730 | map  18323 | icp ok  iter 14 corr  5227 rms 0.2440   72.17 ms | p=(  298.02   205.73  -6.30) v=8.43 m/s
[lio] t=1317401141.956 | feat 5350/71207 | map  18323 | icp ok  iter  4 corr  5348 rms 0.2632   26.63 ms | p=(  298.17   204.88  -6.23) v=8.30 m/s [KF]
[lio] t=1317401142.059 | feat 5394/69602 | map  18194 | icp ok  iter 12 corr  5383 rms 0.2424   67.77 ms | p=(  298.32   204.02  -6.17) v=8.35 m/s
[lio] t=1317401142.163 | feat 5433/68914 | map  18194 | icp ok  iter 10 corr  5421 rms 0.2999   53.85 ms | p=(  298.49   203.17  -6.10) v=8.28 m/s [KF]
[lio] t=1317401142.267 | feat 5522/72614 | map  18229 | icp ok  iter 11 corr  5500 rms 0.2436   66.01 ms | p=(  298.66   202.29  -6.03) v=8.43 m/s
[lio] t=1317401142.371 | feat 5480/74170 | map  18229 | icp ok  iter 11 corr  5437 rms 0.2878   58.18 ms | p=(  298.82   201.43  -5.96) v=8.43 m/s [KF]
[lio] t=1317401142.475 | feat 5455/74440 | map  18272 | icp ok  iter 11 corr  5455 rms 0.2653   58.33 ms | p=(  299.01   200.56  -5.89) v=8.48 m/s
[lio] t=1317401142.578 | feat 5466/76129 | map  18272 | icp ok  iter  7 corr  5461 rms 0.2995   40.13 ms | p=(  299.19   199.71  -5.82) v=8.41 m/s [KF]
[lio] t=1317401142.682 | feat 5538/77716 | map  18368 | icp ok  iter 12 corr  5538 rms 0.2757   67.37 ms | p=(  299.38   198.84  -5.75) v=8.48 m/s
[lio] t=1317401142.786 | feat 5616/78479 | map  18368 | icp ok  iter  9 corr  5596 rms 0.3025   49.73 ms | p=(  299.58   198.00  -5.68) v=8.35 m/s [KF]
[lio] t=1317401142.890 | feat 5662/77752 | map  18394 | icp ok  iter  8 corr  5659 rms 0.2563   45.41 ms | p=(  299.78   197.15  -5.63) v=8.36 m/s
[lio] t=1317401142.994 | feat 5742/77016 | map  18394 | icp ok  iter 13 corr  5728 rms 0.2860   73.06 ms | p=(  300.01   196.28  -5.57) v=8.47 m/s [KF]
[lio] t=1317401143.097 | feat 5773/76576 | map  18416 | icp ok  iter  7 corr  5750 rms 0.2367   46.84 ms | p=(  300.23   195.41  -5.50) v=8.59 m/s
[lio] t=1317401143.201 | feat 5839/76602 | map  18416 | icp ok  iter 10 corr  5795 rms 0.2933   57.94 ms | p=(  300.47   194.56  -5.44) v=8.49 m/s [KF]
[lio] t=1317401143.305 | feat 5987/77063 | map  18541 | icp ok  iter  7 corr  5980 rms 0.2625   45.20 ms | p=(  300.71   193.71  -5.37) v=8.49 m/s
[lio] t=1317401143.409 | feat 6036/78170 | map  18541 | icp ok  iter 10 corr  6004 rms 0.3601   64.04 ms | p=(  300.96   192.84  -5.30) v=8.62 m/s [KF]
[lio] t=1317401143.513 | feat 6177/79036 | map  18798 | icp ok  iter  9 corr  6155 rms 0.3080   58.80 ms | p=(  301.20   191.97  -5.23) v=8.65 m/s
[lio] t=1317401143.616 | feat 6312/79694 | map  18798 | icp ok  iter  8 corr  6262 rms 0.4125   50.37 ms | p=(  301.46   191.10  -5.16) v=8.63 m/s [KF]
[lio] t=1317401143.720 | feat 6436/80335 | map  19099 | icp ok  iter  5 corr  6434 rms 0.3002   32.98 ms | p=(  301.72   190.25  -5.10) v=8.61 m/s
[lio] t=1317401143.824 | feat 6491/80927 | map  19099 | icp ok  iter  8 corr  6482 rms 0.3920   52.05 ms | p=(  301.97   189.39  -5.03) v=8.60 m/s [KF]
[lio] t=1317401143.928 | feat 6815/81415 | map  19404 | icp ok  iter 11 corr  6763 rms 0.3736   78.97 ms | p=(  302.24   188.50  -4.96) v=8.77 m/s
[lio] t=1317401144.032 | feat 7129/81898 | map  19404 | icp ok  iter  5 corr  7016 rms 0.4489   39.36 ms | p=(  302.51   187.63  -4.90) v=8.72 m/s [KF]
[lio] t=1317401144.136 | feat 7200/82081 | map  19959 | icp ok  iter 11 corr  7193 rms 0.2994   78.30 ms | p=(  302.78   186.76  -4.84) v=8.73 m/s
[lio] t=1317401144.240 | feat 7078/82025 | map  19959 | icp ok  iter  9 corr  7062 rms 0.4238   69.57 ms | p=(  303.04   185.89  -4.77) v=8.70 m/s [KF]
[lio] t=1317401144.344 | feat 6929/81496 | map  20485 | icp ok  iter  6 corr  6927 rms 0.2848   47.03 ms | p=(  303.30   185.03  -4.71) v=8.63 m/s
[lio] t=1317401144.448 | feat 6906/81312 | map  20485 | icp ok  iter  4 corr  6892 rms 0.3417   35.69 ms | p=(  303.56   184.17  -4.65) v=8.58 m/s [KF]
[lio] t=1317401144.552 | feat 6847/81613 | map  20580 | icp ok  iter 10 corr  6846 rms 0.3095   70.85 ms | p=(  303.82   183.29  -4.58) v=8.64 m/s
[lio] t=1317401144.656 | feat 7043/81786 | map  20580 | icp ok  iter  6 corr  7022 rms 0.3669   49.49 ms | p=(  304.05   182.44  -4.51) v=8.52 m/s [KF]
[lio] t=1317401144.760 | feat 7189/82015 | map  20760 | icp ok  iter  6 corr  7186 rms 0.2786   54.87 ms | p=(  304.30   181.55  -4.44) v=8.65 m/s
[lio] t=1317401144.864 | feat 7062/81545 | map  20760 | icp ok  iter  9 corr  7055 rms 0.2968   64.64 ms | p=(  304.52   180.70  -4.37) v=8.49 m/s [KF]
[lio] t=1317401144.968 | feat 6890/81828 | map  21166 | icp ok  iter  6 corr  6889 rms 0.2432   51.85 ms | p=(  304.75   179.83  -4.30) v=8.52 m/s
[lio] t=1317401145.072 | feat 6887/82109 | map  21166 | icp ok  iter 13 corr  6882 rms 0.2855   88.72 ms | p=(  304.96   178.96  -4.23) v=8.54 m/s [KF]
[lio] t=1317401145.175 | feat 6706/82608 | map  21342 | icp ok  iter  5 corr  6702 rms 0.2422   35.80 ms | p=(  305.17   178.10  -4.17) v=8.46 m/s
[lio] t=1317401145.279 | feat 6520/83050 | map  21342 | icp ok  iter  8 corr  6515 rms 0.2740   63.14 ms | p=(  305.36   177.22  -4.10) v=8.52 m/s [KF]
[lio] t=1317401145.383 | feat 6457/82950 | map  21487 | icp ok  iter 11 corr  6452 rms 0.2344   66.48 ms | p=(  305.55   176.36  -4.03) v=8.46 m/s
[lio] t=1317401145.487 | feat 6425/83075 | map  21487 | icp ok  iter 11 corr  6416 rms 0.2651   67.86 ms | p=(  305.72   175.49  -3.96) v=8.40 m/s [KF]
[lio] t=1317401145.591 | feat 6392/82880 | map  21605 | icp ok  iter 17 corr  6390 rms 0.2530  108.58 ms | p=(  305.88   174.61  -3.89) v=8.48 m/s
[lio] t=1317401145.695 | feat 6383/82759 | map  21605 | icp ok  iter 10 corr  6372 rms 0.3083   68.04 ms | p=(  306.03   173.78  -3.82) v=8.17 m/s [KF]
[lio] t=1317401145.799 | feat 6517/82999 | map  21637 | icp ok  iter  8 corr  6511 rms 0.2534   61.69 ms | p=(  306.17   172.91  -3.75) v=8.30 m/s
[lio] t=1317401145.903 | feat 6453/83220 | map  21637 | icp ok  iter 11 corr  6444 rms 0.3166   68.62 ms | p=(  306.29   172.08  -3.68) v=8.13 m/s [KF]
[lio] t=1317401146.007 | feat 6504/83355 | map  21745 | icp ok  iter 15 corr  6494 rms 0.2576  101.32 ms | p=(  306.43   171.20  -3.61) v=8.29 m/s
[lio] t=1317401146.111 | feat 6507/83458 | map  21745 | icp ok  iter 21 corr  6484 rms 0.3352  122.72 ms | p=(  306.56   170.37  -3.54) v=8.06 m/s [KF]
[lio] t=1317401146.214 | feat 6566/83628 | map  22078 | icp ok  iter 11 corr  6560 rms 0.2518   69.49 ms | p=(  306.67   169.55  -3.47) v=7.94 m/s
[lio] t=1317401146.318 | feat 6536/83669 | map  22078 | icp ok  iter  6 corr  6513 rms 0.3111   40.31 ms | p=(  306.79   168.74  -3.40) v=7.73 m/s [KF]
[lio] t=1317401146.422 | feat 6585/83608 | map  22283 | icp ok  iter 12 corr  6584 rms 0.2646   79.58 ms | p=(  306.90   167.94  -3.34) v=7.61 m/s
[lio] t=1317401146.526 | feat 6658/83522 | map  22283 | icp ok  iter  4 corr  6646 rms 0.3487   30.41 ms | p=(  307.01   167.17  -3.27) v=7.36 m/s [KF]
[lio] t=1317401146.630 | feat 6739/83597 | map  22464 | icp ok  iter  9 corr  6731 rms 0.2772   61.76 ms | p=(  307.11   166.41  -3.22) v=7.18 m/s
[lio] t=1317401146.733 | feat 6868/83593 | map  22464 | icp ok  iter 10 corr  6854 rms 0.3595   66.80 ms | p=(  307.22   165.68  -3.15) v=6.96 m/s [KF]
[lio] t=1317401146.837 | feat 7100/83493 | map  22739 | icp ok  iter 13 corr  7094 rms 0.2706   86.78 ms | p=(  307.32   164.97  -3.10) v=6.76 m/s
[lio] t=1317401146.941 | feat 7168/83632 | map  22739 | icp ok  iter 12 corr  7158 rms 0.3393   80.99 ms | p=(  307.42   164.27  -3.04) v=6.58 m/s [KF]
[lio] t=1317401147.045 | feat 7535/83618 | map  23216 | icp ok  iter  7 corr  7515 rms 0.2881   52.38 ms | p=(  307.51   163.63  -2.99) v=6.17 m/s
[lio] t=1317401147.149 | feat 7686/83658 | map  23216 | icp ok  iter 17 corr  7646 rms 0.3417  133.21 ms | p=(  307.61   162.96  -2.93) v=6.18 m/s [KF]
[lio] t=1317401147.252 | feat 7956/83827 | map  23789 | icp ok  iter  9 corr  7954 rms 0.2663   71.80 ms | p=(  307.69   162.36  -2.88) v=5.72 m/s
[lio] t=1317401147.356 | feat 8071/83979 | map  23789 | icp ok  iter  8 corr  8055 rms 0.3496   61.85 ms | p=(  307.77   161.78  -2.84) v=5.49 m/s [KF]
[lio] t=1317401147.460 | feat 8247/84049 | map  24302 | icp ok  iter 10 corr  8219 rms 0.3322   81.33 ms | p=(  307.85   161.22  -2.80) v=5.30 m/s
[lio] t=1317401147.564 | feat 8486/84114 | map  24302 | icp ok  iter 11 corr  8294 rms 0.3839   94.34 ms | p=(  307.92   160.67  -2.74) v=5.16 m/s [KF]
[lio] t=1317401147.667 | feat 8729/84278 | map  24906 | icp ok  iter  9 corr  8639 rms 0.3302   81.80 ms | p=(  308.00   160.13  -2.70) v=5.02 m/s
[lio] t=1317401147.771 | feat 8820/84307 | map  24906 | icp ok  iter  9 corr  8652 rms 0.3671   85.62 ms | p=(  308.07   159.62  -2.65) v=4.80 m/s [KF]
[lio] t=1317401147.875 | feat 8924/84296 | map  25603 | icp ok  iter 10 corr  8923 rms 0.2849   94.64 ms | p=(  308.15   159.15  -2.63) v=4.45 m/s
[lio] t=1317401147.979 | feat 8913/84297 | map  25603 | icp ok  iter  6 corr  8909 rms 0.3204   67.84 ms | p=(  308.25   158.68  -2.60) v=4.36 m/s
[lio] t=1317401148.082 | feat 9093/84164 | map  25603 | icp ok  iter 20 corr  9081 rms 0.3344  179.65 ms | p=(  308.32   158.22  -2.56) v=4.28 m/s [KF]
[lio] t=1317401148.186 | feat 9128/83884 | map  26231 | icp ok  iter 10 corr  9124 rms 0.2504  105.73 ms | p=(  308.42   157.80  -2.51) v=4.09 m/s
[lio] t=1317401148.289 | feat 9094/83609 | map  26231 | icp ok  iter 20 corr  9079 rms 0.2802  178.41 ms | p=(  308.48   157.39  -2.47) v=3.99 m/s
[lio] t=1317401148.393 | feat 9324/83556 | map  26231 | icp ok  iter 13 corr  9301 rms 0.3040  141.71 ms | p=(  308.60   156.96  -2.43) v=4.09 m/s [KF]
[lio] t=1317401148.497 | feat 9519/83612 | map  26802 | icp ok  iter 16 corr  9516 rms 0.2734  157.93 ms | p=(  308.73   156.56  -2.40) v=3.94 m/s
[lio] t=1317401148.600 | feat 9542/83644 | map  26802 | icp ok  iter 14 corr  9532 rms 0.3233  140.38 ms | p=(  308.85   156.17  -2.38) v=3.87 m/s
[lio] t=1317401148.704 | feat 9713/83567 | map  26802 | icp ok  iter 12 corr  9675 rms 0.3532  121.42 ms | p=(  309.00   155.80  -2.36) v=3.81 m/s [KF]
[lio] t=1317401148.808 | feat 9982/83683 | map  27552 | icp ok  iter  8 corr  9965 rms 0.3112   90.72 ms | p=(  309.15   155.42  -2.34) v=3.78 m/s
[lio] t=1317401148.911 | feat 10271/83813 | map  27552 | icp ok  iter 12 corr 10190 rms 0.3840  123.36 ms | p=(  309.31   155.07  -2.30) v=3.70 m/s
[lio] t=1317401149.015 | feat 10486/83812 | map  27552 | icp ok  iter 12 corr 10298 rms 0.4140  127.25 ms | p=(  309.49   154.71  -2.27) v=3.72 m/s [KF]
[lio] t=1317401149.119 | feat 10657/83795 | map  28614 | icp ok  iter 13 corr 10638 rms 0.2635  136.70 ms | p=(  309.65   154.38  -2.22) v=3.54 m/s
[lio] t=1317401149.223 | feat 10779/83859 | map  28614 | icp ok  iter 10 corr 10714 rms 0.3334  116.30 ms | p=(  309.86   154.06  -2.19) v=3.55 m/s
[lio] t=1317401149.326 | feat 10999/83757 | map  28614 | icp ok  iter  9 corr 10909 rms 0.3276   98.46 ms | p=(  310.07   153.75  -2.17) v=3.53 m/s [KF]
[lio] t=1317401149.430 | feat 11028/83682 | map  29570 | icp ok  iter  4 corr 11015 rms 0.2488   52.42 ms | p=(  310.29   153.46  -2.14) v=3.46 m/s
[lio] t=1317401149.534 | feat 11090/83552 | map  29570 | icp ok  iter  5 corr 11064 rms 0.2905   69.17 ms | p=(  310.50   153.16  -2.12) v=3.41 m/s
[lio] t=1317401149.637 | feat 11279/83599 | map  29570 | icp ok  iter 11 corr 11209 rms 0.3520  140.18 ms | p=(  310.73   152.87  -2.09) v=3.46 m/s [KF]
[lio] t=1317401149.741 | feat 11341/83598 | map  30203 | icp ok  iter  9 corr 11338 rms 0.2753  101.98 ms | p=(  310.98   152.62  -2.06) v=3.45 m/s
[lio] t=1317401149.845 | feat 11510/83747 | map  30203 | icp ok  iter 11 corr 11503 rms 0.2840  142.37 ms | p=(  311.24   152.35  -2.05) v=3.52 m/s
[lio] t=1317401149.949 | feat 11533/83818 | map  30203 | icp ok  iter  8 corr 11524 rms 0.3068   99.38 ms | p=(  311.52   152.10  -2.04) v=3.58 m/s [KF]
[lio] t=1317401150.053 | feat 11473/83800 | map  30448 | icp ok  iter  8 corr 11472 rms 0.2412  109.47 ms | p=(  311.82   151.85  -2.01) v=3.73 m/s
[lio] t=1317401150.156 | feat 11469/83755 | map  30448 | icp ok  iter  8 corr 11466 rms 0.2721  100.80 ms | p=(  312.14   151.60  -1.99) v=3.86 m/s
[lio] t=1317401150.260 | feat 11520/83741 | map  30448 | icp ok  iter  8 corr 11513 rms 0.2732  104.08 ms | p=(  312.47   151.37  -1.96) v=3.94 m/s [KF]
[lio] t=1317401150.364 | feat 11642/83753 | map  30622 | icp ok  iter 14 corr 11640 rms 0.2632  164.56 ms | p=(  312.84   151.14  -1.93) v=4.18 m/s
[lio] t=1317401150.467 | feat 11716/83650 | map  30622 | icp ok  iter  7 corr 11713 rms 0.2813   95.71 ms | p=(  313.22   150.95  -1.92) v=4.22 m/s
[lio] t=1317401150.571 | feat 11480/83740 | map  30622 | icp ok  iter 11 corr 11469 rms 0.2844  130.54 ms | p=(  313.63   150.74  -1.93) v=4.43 m/s [KF]
[lio] t=1317401150.675 | feat 11410/83756 | map  31025 | icp ok  iter 10 corr 11410 rms 0.2533  136.33 ms | p=(  314.06   150.55  -1.91) v=4.61 m/s
[lio] t=1317401150.779 | feat 11372/83757 | map  31025 | icp ok  iter  9 corr 11369 rms 0.2662  109.24 ms | p=(  314.51   150.37  -1.88) v=4.77 m/s
[lio] t=1317401150.883 | feat 11358/83598 | map  31025 | icp ok  iter 10 corr 11358 rms 0.2909  128.27 ms | p=(  314.99   150.21  -1.84) v=4.98 m/s [KF]
[lio] t=1317401150.986 | feat 11274/83749 | map  31298 | icp ok  iter 10 corr 11273 rms 0.2653  127.35 ms | p=(  315.51   150.08  -1.83) v=5.18 m/s
[lio] t=1317401151.090 | feat 11129/84003 | map  31298 | icp ok  iter  8 corr 11129 rms 0.2741  112.94 ms | p=(  316.04   149.97  -1.83) v=5.39 m/s [KF]
[lio] t=1317401151.194 | feat 10848/84070 | map  31535 | icp ok  iter 11 corr 10845 rms 0.2438  128.99 ms | p=(  316.62   149.86  -1.83) v=5.65 m/s
[lio] t=1317401151.298 | feat 10575/84079 | map  31535 | icp ok  iter 10 corr 10567 rms 0.2655  121.43 ms | p=(  317.22   149.76  -1.82) v=5.96 m/s [KF]
[lio] t=1317401151.402 | feat 10310/84312 | map  31780 | icp ok  iter 10 corr 10307 rms 0.2428  106.73 ms | p=(  317.85   149.69  -1.80) v=6.11 m/s
[lio] t=1317401151.506 | feat 10095/84371 | map  31780 | icp ok  iter  9 corr 10088 rms 0.2833  100.65 ms | p=(  318.48   149.66  -1.79) v=6.24 m/s [KF]
[lio] t=1317401151.610 | feat 9927/84523 | map  31977 | icp ok  iter  6 corr  9916 rms 0.2342   90.65 ms | p=(  319.17   149.73  -1.80) v=6.64 m/s
[lio] t=1317401151.714 | feat 9852/84697 | map  31977 | icp ok  iter 15 corr  9834 rms 0.2620  201.01 ms | p=(  319.83   149.63  -1.77) v=6.57 m/s [KF]
[lio] t=1317401151.818 | feat 9710/84657 | map  32130 | icp ok  iter 22 corr  9707 rms 0.2452  216.89 ms | p=(  320.53   149.67  -1.79) v=6.82 m/s
[lio] t=1317401151.922 | feat 9635/84762 | map  32130 | icp ok  iter  8 corr  9629 rms 0.2678   98.15 ms | p=(  321.25   149.72  -1.79) v=7.04 m/s [KF]
[lio] t=1317401152.026 | feat 9542/84856 | map  32236 | icp ok  iter 17 corr  9542 rms 0.2479  165.27 ms | p=(  321.99   149.79  -1.79) v=7.26 m/s
[lio] t=1317401152.131 | feat 9501/84863 | map  32236 | icp ok  iter 12 corr  9500 rms 0.2784  127.24 ms | p=(  322.77   149.88  -1.79) v=7.52 m/s [KF]
[lio] t=1317401152.235 | feat 9303/84979 | map  32584 | icp ok  iter 18 corr  9290 rms 0.2361  166.22 ms | p=(  323.55   150.00  -1.79) v=7.74 m/s
[lio] t=1317401152.339 | feat 9263/84946 | map  32584 | icp ok  iter 12 corr  9252 rms 0.2670  117.76 ms | p=(  324.35   150.13  -1.79) v=7.83 m/s [KF]
[lio] t=1317401152.443 | feat 9139/84919 | map  32824 | icp ok  iter 12 corr  9137 rms 0.2360  113.52 ms | p=(  325.17   150.27  -1.79) v=8.09 m/s
[lio] t=1317401152.547 | feat 9139/85018 | map  32824 | icp ok  iter 16 corr  9133 rms 0.2771  152.63 ms | p=(  325.97   150.45  -1.80) v=8.07 m/s [KF]
[lio] t=1317401152.651 | feat 9016/85077 | map  33157 | icp ok  iter 23 corr  9011 rms 0.2407  223.37 ms | p=(  326.83   150.63  -1.81) v=8.45 m/s
[lio] t=1317401152.756 | feat 9010/85024 | map  33157 | icp ok  iter  4 corr  8964 rms 0.2901   50.41 ms | p=(  327.69   150.82  -1.85) v=8.62 m/s [KF]
[lio] t=1317401152.860 | feat 8944/84851 | map  33523 | icp ok  iter 14 corr  8936 rms 0.2633  139.80 ms | p=(  328.58   151.03  -1.85) v=8.87 m/s
[lio] t=1317401152.964 | feat 8935/84913 | map  33523 | icp ok  iter 13 corr  8928 rms 0.3410  129.41 ms | p=(  329.50   151.26  -1.88) v=9.07 m/s [KF]
[lio] t=1317401153.068 | feat 8974/85035 | map  33868 | icp ok  iter 12 corr  8963 rms 0.2615  114.57 ms | p=(  330.41   151.48  -1.87) v=9.11 m/s
[lio] t=1317401153.173 | feat 8906/85086 | map  33868 | icp ok  iter 10 corr  8876 rms 0.3368   96.48 ms | p=(  331.34   151.69  -1.89) v=9.15 m/s [KF]
[lio] t=1317401153.277 | feat 8965/85190 | map  34041 | icp ok  iter 13 corr  8952 rms 0.2590  119.98 ms | p=(  332.25   151.91  -1.91) v=9.16 m/s
[lio] t=1317401153.381 | feat 8883/85191 | map  34041 | icp ok  iter 11 corr  8840 rms 0.3236   94.74 ms | p=(  333.19   152.14  -1.93) v=9.24 m/s [KF]
[lio] t=1317401153.485 | feat 8828/85059 | map  34162 | icp ok  iter  9 corr  8825 rms 0.2596   83.43 ms | p=(  334.12   152.35  -1.93) v=9.27 m/s
[lio] t=1317401153.589 | feat 8844/84942 | map  34162 | icp ok  iter 12 corr  8787 rms 0.2792  105.76 ms | p=(  335.07   152.56  -1.93) v=9.37 m/s [KF]
[lio] t=1317401153.693 | feat 8903/85101 | map  34169 | icp ok  iter  9 corr  8880 rms 0.2873   86.84 ms | p=(  336.02   152.76  -1.95) v=9.38 m/s
[lio] t=1317401153.798 | feat 8965/84838 | map  34169 | icp ok  iter  9 corr  8896 rms 0.3017   89.87 ms | p=(  336.97   152.97  -1.96) v=9.37 m/s [KF]
[lio] t=1317401153.902 | feat 8929/84650 | map  34324 | icp ok  iter 11 corr  8921 rms 0.3114  100.98 ms | p=(  337.93   153.16  -1.99) v=9.45 m/s
[lio] t=1317401154.006 | feat 8797/84416 | map  34324 | icp ok  iter  9 corr  8785 rms 0.3559   85.12 ms | p=(  338.90   153.35  -1.98) v=9.42 m/s [KF]
[lio] t=1317401154.110 | feat 8936/84604 | map  34557 | icp ok  iter 12 corr  8898 rms 0.2809  113.67 ms | p=(  339.85   153.53  -1.98) v=9.34 m/s
[lio] t=1317401154.214 | feat 9038/84631 | map  34557 | icp ok  iter 11 corr  8956 rms 0.3330  106.25 ms | p=(  340.80   153.71  -1.98) v=9.27 m/s [KF]
[lio] t=1317401154.318 | feat 9038/84579 | map  34726 | icp ok  iter 12 corr  8963 rms 0.3113  113.45 ms | p=(  341.76   153.90  -2.00) v=9.36 m/s
[lio] t=1317401154.422 | feat 8952/84420 | map  34726 | icp ok  iter 11 corr  8856 rms 0.3328  103.25 ms | p=(  342.71   154.07  -2.03) v=9.33 m/s [KF]
[lio] t=1317401154.526 | feat 8867/84397 | map  34750 | icp ok  iter  8 corr  8797 rms 0.2993   74.02 ms | p=(  343.66   154.26  -2.04) v=9.32 m/s
[lio] t=1317401154.630 | feat 8849/84459 | map  34750 | icp ok  iter 13 corr  8706 rms 0.3456  113.48 ms | p=(  344.62   154.43  -2.04) v=9.36 m/s [KF]
[lio] t=1317401154.734 | feat 8856/84619 | map  34703 | icp ok  iter  7 corr  8841 rms 0.2823   72.72 ms | p=(  345.57   154.61  -2.04) v=9.31 m/s
[lio] t=1317401154.837 | feat 8923/84516 | map  34703 | icp ok  iter 11 corr  8897 rms 0.3366  101.12 ms | p=(  346.53   154.78  -2.07) v=9.33 m/s [KF]
[lio] t=1317401154.941 | feat 9093/84446 | map  34752 | icp ok  iter 12 corr  9083 rms 0.2763  115.10 ms | p=(  347.47   154.95  -2.05) v=9.25 m/s
[lio] t=1317401155.045 | feat 9060/84356 | map  34752 | icp ok  iter 16 corr  9027 rms 0.3268  151.80 ms | p=(  348.39   155.11  -2.07) v=9.04 m/s [KF]
[lio] t=1317401155.149 | feat 9021/84295 | map  34729 | icp ok  iter 14 corr  9015 rms 0.2751  127.91 ms | p=(  349.32   155.28  -2.07) v=9.08 m/s
[lio] t=1317401155.253 | feat 8962/84201 | map  34729 | icp ok  iter 13 corr  8949 rms 0.3060  124.34 ms | p=(  350.22   155.45  -2.07) v=8.87 m/s [KF]
[lio] t=1317401155.357 | feat 8782/83962 | map  34738 | icp ok  iter 13 corr  8758 rms 0.2550  127.49 ms | p=(  351.15   155.64  -2.07) v=9.00 m/s
[lio] t=1317401155.461 | feat 8700/83751 | map  34738 | icp ok  iter  8 corr  8650 rms 0.2848   78.23 ms | p=(  352.05   155.82  -2.10) v=8.86 m/s [KF]
[lio] t=1317401155.565 | feat 8608/83671 | map  34573 | icp ok  iter  8 corr  8591 rms 0.2612   72.56 ms | p=(  352.95   155.99  -2.09) v=8.72 m/s
[lio] t=1317401155.668 | feat 8687/83365 | map  34573 | icp ok  iter 12 corr  8668 rms 0.3011  109.13 ms | p=(  353.80   156.16  -2.09) v=8.42 m/s [KF]
[lio] t=1317401155.772 | feat 8770/83508 | map  34224 | icp ok  iter 15 corr  8769 rms 0.2631  133.76 ms | p=(  354.68   156.35  -2.09) v=8.42 m/s
[lio] t=1317401155.876 | feat 8811/83612 | map  34224 | icp ok  iter 16 corr  8805 rms 0.3022  131.85 ms | p=(  355.52   156.53  -2.09) v=8.20 m/s [KF]
[lio] t=1317401155.980 | feat 8806/83560 | map  33662 | icp ok  iter  9 corr  8806 rms 0.2357   89.58 ms | p=(  356.32   156.70  -2.12) v=7.88 m/s
[lio] t=1317401156.084 | feat 8931/83244 | map  33662 | icp ok  iter  9 corr  8924 rms 0.2785   82.57 ms | p=(  357.12   156.87  -2.11) v=7.73 m/s [KF]
[lio] t=1317401156.188 | feat 8966/83181 | map  33327 | icp ok  iter 11 corr  8964 rms 0.2410   95.50 ms | p=(  357.90   157.04  -2.12) v=7.57 m/s
[lio] t=1317401156.292 | feat 9097/83207 | map  33327 | icp ok  iter 12 corr  9089 rms 0.2927  121.25 ms | p=(  358.63   157.20  -2.12) v=7.19 m/s [KF]
[lio] t=1317401156.395 | feat 9072/83571 | map  32890 | icp ok  iter  7 corr  9067 rms 0.2524   72.19 ms | p=(  359.35   157.37  -2.13) v=7.01 m/s
[lio] t=1317401156.499 | feat 9135/83757 | map  32890 | icp ok  iter 14 corr  9099 rms 0.2956  129.00 ms | p=(  360.06   157.53  -2.13) v=6.87 m/s [KF]
[lio] t=1317401156.603 | feat 9233/83736 | map  32502 | icp ok  iter  6 corr  9221 rms 0.2749   63.83 ms | p=(  360.72   157.70  -2.14) v=6.52 m/s
[lio] t=1317401156.707 | feat 9245/83707 | map  32502 | icp ok  iter  8 corr  9214 rms 0.3038   76.77 ms | p=(  361.37   157.85  -2.14) v=6.28 m/s [KF]
[lio] t=1317401156.811 | feat 9376/83808 | map  32306 | icp ok  iter  9 corr  9371 rms 0.2650   86.00 ms | p=(  361.99   158.01  -2.13) v=6.05 m/s
[lio] t=1317401156.914 | feat 9478/83597 | map  32306 | icp ok  iter  9 corr  9427 rms 0.3027   96.55 ms | p=(  362.59   158.19  -2.15) v=5.87 m/s [KF]
[lio] t=1317401157.018 | feat 9558/83591 | map  32209 | icp ok  iter 10 corr  9539 rms 0.2790  109.06 ms | p=(  363.16   158.34  -2.16) v=5.58 m/s
[lio] t=1317401157.122 | feat 9703/83650 | map  32209 | icp ok  iter 15 corr  9625 rms 0.2906  153.89 ms | p=(  363.71   158.51  -2.16) v=5.40 m/s [KF]
[lio] t=1317401157.225 | feat 9862/83665 | map  32241 | icp ok  iter 16 corr  9847 rms 0.2743  159.72 ms | p=(  364.22   158.65  -2.16) v=5.12 m/s
[lio] t=1317401157.329 | feat 10165/83543 | map  32241 | icp ok  iter  9 corr 10115 rms 0.3388  110.75 ms | p=(  364.73   158.83  -2.16) v=5.13 m/s [KF]
[lio] t=1317401157.433 | feat 10331/83387 | map  32550 | icp ok  iter  8 corr 10306 rms 0.2902   99.62 ms | p=(  365.23   159.03  -2.19) v=5.15 m/s
[lio] t=1317401157.537 | feat 10444/83174 | map  32550 | icp ok  iter 21 corr 10311 rms 0.3222  233.55 ms | p=(  365.71   159.20  -2.20) v=5.00 m/s [KF]
[lio] t=1317401157.640 | feat 10531/82995 | map  32877 | icp ok  iter  7 corr 10517 rms 0.2913   87.49 ms | p=(  366.19   159.41  -2.21) v=5.04 m/s
[lio] t=1317401157.744 | feat 10640/82949 | map  32877 | icp ok  iter 17 corr 10606 rms 0.3126  185.79 ms | p=(  366.67   159.64  -2.22) v=5.09 m/s [KF]
[lio] t=1317401157.848 | feat 10673/82857 | map  32971 | icp ok  iter 18 corr 10667 rms 0.2578  200.04 ms | p=(  367.12   159.86  -2.22) v=4.92 m/s
[lio] t=1317401157.951 | feat 10651/82862 | map  32971 | icp ok  iter 14 corr 10624 rms 0.2963  163.35 ms | p=(  367.57   160.13  -2.23) v=5.03 m/s [KF]
[lio] t=1317401158.055 | feat 10669/82717 | map  33322 | icp ok  iter 14 corr 10659 rms 0.2710  168.51 ms | p=(  367.99   160.39  -2.25) v=4.83 m/s
[lio] t=1317401158.159 | feat 10761/82588 | map  33322 | icp ok  iter 13 corr 10733 rms 0.3071  151.60 ms | p=(  368.41   160.66  -2.26) v=4.86 m/s
[lio] t=1317401158.262 | feat 10868/82560 | map  33322 | icp ok  iter 13 corr 10820 rms 0.3469  142.64 ms | p=(  368.80   160.95  -2.29) v=4.74 m/s [KF]
[lio] t=1317401158.366 | feat 10895/82383 | map  33843 | icp ok  iter 12 corr 10885 rms 0.2858  140.98 ms | p=(  369.18   161.25  -2.31) v=4.71 m/s
[lio] t=1317401158.470 | feat 10967/82234 | map  33843 | icp ok  iter  9 corr 10936 rms 0.3004  101.90 ms | p=(  369.55   161.57  -2.33) v=4.76 m/s
[lio] t=1317401158.573 | feat 10958/82297 | map  33843 | icp ok  iter 10 corr 10914 rms 0.3299  107.17 ms | p=(  369.91   161.91  -2.34) v=4.84 m/s [KF]
[lio] t=1317401158.677 | feat 10948/82293 | map  34316 | icp ok  iter  8 corr 10944 rms 0.2505   89.74 ms | p=(  370.26   162.27  -2.37) v=4.91 m/s
[lio] t=1317401158.781 | feat 10966/82227 | map  34316 | icp ok  iter 11 corr 10955 rms 0.2831  129.11 ms | p=(  370.60   162.64  -2.40) v=4.99 m/s [KF]
[lio] t=1317401158.885 | feat 10813/82175 | map  34621 | icp ok  iter 13 corr 10806 rms 0.2408  136.31 ms | p=(  370.93   163.03  -2.44) v=5.06 m/s
[lio] t=1317401158.988 | feat 10888/82168 | map  34621 | icp ok  iter 10 corr 10877 rms 0.2724  111.94 ms | p=(  371.25   163.45  -2.48) v=5.19 m/s [KF]
[lio] t=1317401159.092 | feat 10820/82108 | map  34828 | icp ok  iter 10 corr 10813 rms 0.2636  107.89 ms | p=(  371.56   163.90  -2.50) v=5.34 m/s
[lio] t=1317401159.196 | feat 10847/82318 | map  34828 | icp ok  iter 17 corr 10828 rms 0.2829  184.09 ms | p=(  371.83   164.36  -2.52) v=5.32 m/s [KF]
[lio] t=1317401159.299 | feat 10812/82821 | map  34818 | icp ok  iter  7 corr 10808 rms 0.2402   89.93 ms | p=(  372.10   164.84  -2.56) v=5.45 m/s
[lio] t=1317401159.403 | feat 10553/82886 | map  34818 | icp ok  iter  9 corr 10547 rms 0.2834  102.18 ms | p=(  372.35   165.35  -2.61) v=5.60 m/s [KF]
[lio] t=1317401159.507 | feat 10511/82922 | map  34911 | icp ok  iter  9 corr 10504 rms 0.2481  103.27 ms | p=(  372.57   165.87  -2.64) v=5.67 m/s
[lio] t=1317401159.611 | feat 10493/83016 | map  34911 | icp ok  iter 12 corr 10478 rms 0.2909  129.17 ms | p=(  372.78   166.42  -2.69) v=5.80 m/s [KF]
[lio] t=1317401159.714 | feat 10273/82893 | map  34852 | icp ok  iter  8 corr 10272 rms 0.2462   84.00 ms | p=(  372.95   167.00  -2.73) v=5.96 m/s
[lio] t=1317401159.818 | feat 10160/82997 | map  34852 | icp ok  iter  6 corr 10157 rms 0.2836   74.47 ms | p=(  373.09   167.59  -2.78) v=6.06 m/s [KF]
[lio] t=1317401159.922 | feat 10028/82984 | map  34714 | icp ok  iter  9 corr 10024 rms 0.2416  104.25 ms | p=(  373.21   168.20  -2.80) v=6.16 m/s
[lio] t=1317401160.026 | feat 9938/83126 | map  34714 | icp ok  iter  8 corr  9931 rms 0.2614   97.81 ms | p=(  373.30   168.84  -2.85) v=6.31 m/s [KF]
[lio] t=1317401160.130 | feat 9822/83234 | map  34656 | icp ok  iter  8 corr  9817 rms 0.2443   93.88 ms | p=(  373.35   169.49  -2.88) v=6.46 m/s
[lio] t=1317401160.234 | feat 9606/83578 | map  34656 | icp ok  iter 14 corr  9575 rms 0.3114  141.02 ms | p=(  373.39   170.14  -2.94) v=6.51 m/s [KF]
[lio] t=1317401160.338 | feat 9377/83627 | map  34635 | icp ok  iter 19 corr  9360 rms 0.2599  208.26 ms | p=(  373.38   170.84  -2.98) v=6.80 m/s
[lio] t=1317401160.442 | feat 9025/83606 | map  34635 | icp ok  iter 22 corr  8985 rms 0.3095  218.62 ms | p=(  373.34   171.53  -3.04) v=6.87 m/s [KF]
[lio] t=1317401160.546 | feat 8680/83518 | map  34496 | icp ok  iter 11 corr  8673 rms 0.2684  108.66 ms | p=(  373.34   172.24  -3.08) v=6.96 m/s
[lio] t=1317401160.650 | feat 8447/83286 | map  34496 | icp ok  iter 17 corr  8427 rms 0.3442  157.85 ms | p=(  373.29   172.98  -3.14) v=7.20 m/s [KF]
[lio] t=1317401160.754 | feat 8224/83076 | map  34390 | icp ok  iter 21 corr  8220 rms 0.2691  193.92 ms | p=(  373.21   173.71  -3.18) v=7.28 m/s
[lio] t=1317401160.859 | feat 8080/82941 | map  34390 | icp ok  iter 21 corr  8076 rms 0.3214  187.94 ms | p=(  373.09   174.46  -3.23) v=7.43 m/s [KF]
[lio] t=1317401160.963 | feat 7970/82984 | map  34449 | icp ok  iter 25 corr  7967 rms 0.2430  200.44 ms | p=(  372.99   175.21  -3.28) v=7.47 m/s
[lio] t=1317401161.067 | feat 8002/82627 | map  34449 | icp ok  iter 17 corr  7985 rms 0.3689  145.36 ms | p=(  372.87   175.99  -3.33) v=7.65 m/s [KF]
[lio] t=1317401161.172 | feat 7842/82692 | map  34512 | icp ok  iter 15 corr  7840 rms 0.3169  122.27 ms | p=(  372.74   176.78  -3.39) v=7.83 m/s
[lio] t=1317401161.276 | feat 7640/82363 | map  34512 | icp ok  iter 10 corr  7636 rms 0.3459   95.18 ms | p=(  372.62   177.58  -3.45) v=7.92 m/s [KF]
[lio] t=1317401161.380 | feat 7166/81675 | map  34482 | icp ok  iter  4 corr  7165 rms 0.2275   35.13 ms | p=(  372.49   178.41  -3.52) v=8.14 m/s
[lio] t=1317401161.485 | feat 6928/80903 | map  34482 | icp ok  iter 14 corr  6925 rms 0.2537  101.79 ms | p=(  372.36   179.21  -3.57) v=8.06 m/s [KF]
[lio] t=1317401161.589 | feat 6717/80339 | map  34225 | icp ok  iter  6 corr  6717 rms 0.2197   43.21 ms | p=(  372.23   180.06  -3.64) v=8.32 m/s
[lio] t=1317401161.693 | feat 6554/80787 | map  34225 | icp ok  iter  7 corr  6553 rms 0.2400   50.14 ms | p=(  372.10   180.91  -3.70) v=8.41 m/s [KF]
[lio] t=1317401161.797 | feat 6367/81707 | map  33805 | icp ok  iter  4 corr  6367 rms 0.2138   28.01 ms | p=(  371.97   181.78  -3.77) v=8.59 m/s
[lio] t=1317401161.901 | feat 6249/81591 | map  33805 | icp ok  iter 11 corr  6249 rms 0.2370   71.01 ms | p=(  371.84   182.66  -3.83) v=8.69 m/s [KF]
[lio] t=1317401162.005 | feat 6162/81654 | map  33368 | icp ok  iter 10 corr  6162 rms 0.2153   59.74 ms | p=(  371.70   183.55  -3.90) v=8.83 m/s
[lio] t=1317401162.110 | feat 6103/82281 | map  33368 | icp ok  iter  8 corr  6101 rms 0.2419   52.46 ms | p=(  371.56   184.45  -3.96) v=8.94 m/s [KF]
[lio] t=1317401162.214 | feat 6008/81817 | map  32893 | icp ok  iter  9 corr  6006 rms 0.2232   54.78 ms | p=(  371.42   185.37  -4.03) v=9.08 m/s
[lio] t=1317401162.318 | feat 5971/80858 | map  32893 | icp ok  iter  4 corr  5971 rms 0.2685   29.34 ms | p=(  371.28   186.30  -4.11) v=9.21 m/s [KF]
[lio] t=1317401162.422 | feat 5881/80570 | map  32369 | icp ok  iter  8 corr  5875 rms 0.2155   53.41 ms | p=(  371.14   187.23  -4.18) v=9.27 m/s
[lio] t=1317401162.526 | feat 5890/81049 | map  32369 | icp ok  iter  6 corr  5887 rms 0.2471   34.40 ms | p=(  370.99   188.19  -4.25) v=9.46 m/s [KF]
[lio] t=1317401162.630 | feat 5846/81581 | map  32052 | icp ok  iter  8 corr  5846 rms 0.2233   50.50 ms | p=(  370.84   189.15  -4.32) v=9.55 m/s
[lio] t=1317401162.734 | feat 5812/82199 | map  32052 | icp ok  iter 12 corr  5803 rms 0.2629   66.12 ms | p=(  370.69   190.12  -4.39) v=9.67 m/s [KF]
[lio] t=1317401162.838 | feat 5740/82670 | map  31529 | icp ok  iter 11 corr  5734 rms 0.2461   67.30 ms | p=(  370.53   191.11  -4.46) v=9.79 m/s [KF]
[lio] t=1317401162.942 | feat 5890/82753 | map  30940 | icp ok  iter  9 corr  5882 rms 0.2346   52.56 ms | p=(  370.37   192.11  -4.54) v=9.95 m/s [KF]
[lio] t=1317401163.045 | feat 5891/82620 | map  30352 | icp ok  iter 10 corr  5884 rms 0.2644   65.88 ms | p=(  370.21   193.13  -4.62) v=10.05 m/s [KF]
[lio] t=1317401163.149 | feat 5943/82558 | map  29746 | icp ok  iter  5 corr  5936 rms 0.2589   37.89 ms | p=(  370.04   194.15  -4.69) v=10.16 m/s [KF]
[lio] t=1317401163.253 | feat 6131/82142 | map  29309 | icp ok  iter 11 corr  6126 rms 0.2922   65.96 ms | p=(  369.85   195.17  -4.76) v=10.23 m/s [KF]
[lio] t=1317401163.357 | feat 6385/81941 | map  29044 | icp ok  iter  8 corr  6373 rms 0.3147   50.35 ms | p=(  369.65   196.23  -4.85) v=10.45 m/s [KF]
[lio] t=1317401163.461 | feat 6601/81855 | map  28726 | icp ok  iter  9 corr  6532 rms 0.3502   59.78 ms | p=(  369.45   197.29  -4.94) v=10.52 m/s [KF]
[lio] t=1317401163.565 | feat 6614/81745 | map  28375 | icp ok  iter 10 corr  6611 rms 0.2718   70.15 ms | p=(  369.23   198.33  -5.03) v=10.46 m/s [KF]
[lio] t=1317401163.669 | feat 6517/81657 | map  27970 | icp ok  iter  8 corr  6517 rms 0.2448   59.55 ms | p=(  369.01   199.37  -5.10) v=10.39 m/s [KF]
[lio] t=1317401163.773 | feat 6483/81596 | map  27357 | icp ok  iter 19 corr  6483 rms 0.2489  126.29 ms | p=(  368.78   200.43  -5.17) v=10.46 m/s [KF]
[lio] t=1317401163.876 | feat 6317/81627 | map  26526 | icp ok  iter 12 corr  6306 rms 0.2370   76.28 ms | p=(  368.56   201.48  -5.25) v=10.44 m/s [KF]
[lio] t=1317401163.980 | feat 6194/81493 | map  25536 | icp ok  iter 10 corr  6181 rms 0.2278   67.99 ms | p=(  368.31   202.51  -5.34) v=10.36 m/s [KF]
[lio] t=1317401164.084 | feat 6074/82107 | map  24724 | icp ok  iter  8 corr  6061 rms 0.2351   47.61 ms | p=(  368.06   203.56  -5.42) v=10.48 m/s [KF]
[lio] t=1317401164.188 | feat 6039/82537 | map  23504 | icp ok  iter  9 corr  6032 rms 0.2401   54.76 ms | p=(  367.81   204.60  -5.48) v=10.43 m/s [KF]
[lio] t=1317401164.292 | feat 6011/82781 | map  22308 | icp ok  iter  7 corr  6008 rms 0.2344   40.75 ms | p=(  367.55   205.64  -5.56) v=10.43 m/s [KF]
[lio] t=1317401164.396 | feat 5875/83092 | map  21407 | icp ok  iter 11 corr  5874 rms 0.2463   67.29 ms | p=(  367.29   206.67  -5.63) v=10.35 m/s [KF]
[lio] t=1317401164.500 | feat 5877/83074 | map  20692 | icp ok  iter  8 corr  5876 rms 0.2271   49.67 ms | p=(  367.00   207.70  -5.70) v=10.34 m/s [KF]
[lio] t=1317401164.603 | feat 5809/83064 | map  19708 | icp ok  iter 10 corr  5804 rms 0.2333   56.93 ms | p=(  366.72   208.73  -5.76) v=10.34 m/s [KF]
[lio] t=1317401164.707 | feat 5726/82997 | map  18730 | icp ok  iter  9 corr  5724 rms 0.2455   55.21 ms | p=(  366.44   209.75  -5.83) v=10.25 m/s [KF]
[lio] t=1317401164.811 | feat 5581/83087 | map  18176 | icp ok  iter  7 corr  5578 rms 0.2251   47.00 ms | p=(  366.17   210.74  -5.90) v=10.04 m/s [KF]
[lio] t=1317401164.915 | feat 5529/83009 | map  17777 | icp ok  iter  8 corr  5515 rms 0.2343   47.67 ms | p=(  365.88   211.73  -5.96) v=9.90 m/s [KF]
[lio] t=1317401165.019 | feat 5489/81394 | map  17467 | icp ok  iter  7 corr  5484 rms 0.2609   40.39 ms | p=(  365.60   212.71  -6.03) v=9.79 m/s [KF]
[lio] t=1317401165.123 | feat 5420/80022 | map  17171 | icp ok  iter  9 corr  5419 rms 0.2259   49.63 ms | p=(  365.33   213.66  -6.11) v=9.59 m/s
[lio] t=1317401165.227 | feat 5318/79141 | map  17171 | icp ok  iter  6 corr  5318 rms 0.2740   33.76 ms | p=(  365.05   214.60  -6.18) v=9.43 m/s [KF]
[lio] t=1317401165.331 | feat 5297/79307 | map  17004 | icp ok  iter 10 corr  5294 rms 0.2272   58.65 ms | p=(  364.78   215.54  -6.23) v=9.33 m/s
[lio] t=1317401165.435 | feat 5328/80197 | map  17004 | icp ok  iter 15 corr  5324 rms 0.2758   77.15 ms | p=(  364.51   216.44  -6.30) v=9.05 m/s [KF]
[lio] t=1317401165.539 | feat 5287/80339 | map  16808 | icp ok  iter  8 corr  5283 rms 0.2274   45.36 ms | p=(  364.26   217.34  -6.36) v=8.92 m/s
[lio] t=1317401165.643 | feat 5212/79019 | map  16808 | icp ok  iter 18 corr  5208 rms 0.2544  108.78 ms | p=(  364.03   218.14  -6.42) v=8.26 m/s [KF]
[lio] t=1317401165.747 | feat 5131/77826 | map  16762 | icp ok  iter  9 corr  5131 rms 0.2567   49.92 ms | p=(  363.79   218.98  -6.47) v=8.25 m/s
[lio] t=1317401165.851 | feat 5101/76441 | map  16762 | icp ok  iter 11 corr  5091 rms 0.2842   58.26 ms | p=(  363.56   219.80  -6.53) v=8.23 m/s [KF]
[lio] t=1317401165.955 | feat 5120/75112 | map  16831 | icp ok  iter  6 corr  5119 rms 0.2574   30.01 ms | p=(  363.32   220.63  -6.58) v=8.27 m/s
[lio] t=1317401166.059 | feat 5093/71173 | map  16831 | icp ok  iter 11 corr  5086 rms 0.2837   62.81 ms | p=(  363.09   221.44  -6.64) v=8.21 m/s [KF]
[lio] t=1317401166.163 | feat 5071/66584 | map  16884 | icp ok  iter  8 corr  5067 rms 0.2643   44.98 ms | p=(  362.87   222.26  -6.70) v=8.25 m/s
[lio] t=1317401166.267 | feat 5051/62790 | map  16884 | icp ok  iter 13 corr  5048 rms 0.3107   72.89 ms | p=(  362.65   223.04  -6.76) v=7.97 m/s [KF]
[lio] t=1317401166.371 | feat 5049/58578 | map  16967 | icp ok  iter  8 corr  5049 rms 0.2339   46.11 ms | p=(  362.43   223.88  -6.82) v=8.27 m/s
[lio] t=1317401166.475 | feat 5019/56291 | map  16967 | icp ok  iter 10 corr  5017 rms 0.3042   55.78 ms | p=(  362.22   224.68  -6.87) v=8.11 m/s [KF]
[lio] t=1317401166.579 | feat 4997/58871 | map  17064 | icp ok  iter  6 corr  4992 rms 0.2475   33.35 ms | p=(  362.01   225.49  -6.92) v=8.14 m/s
[lio] t=1317401166.683 | feat 5121/62529 | map  17064 | icp ok  iter 11 corr  5107 rms 0.2766   58.76 ms | p=(  361.80   226.29  -6.97) v=8.04 m/s [KF]
[lio] t=1317401166.787 | feat 5104/65942 | map  17105 | icp ok  iter  8 corr  5104 rms 0.2426   49.25 ms | p=(  361.59   227.12  -7.05) v=8.18 m/s
[lio] t=1317401166.891 | feat 5174/69591 | map  17105 | icp ok  iter 10 corr  5170 rms 0.2781   60.02 ms | p=(  361.40   227.90  -7.11) v=7.98 m/s [KF]
[lio] t=1317401166.995 | feat 5212/71992 | map  17155 | icp ok  iter  8 corr  5209 rms 0.2589   43.68 ms | p=(  361.20   228.72  -7.17) v=8.10 m/s
[lio] t=1317401167.099 | feat 5081/72703 | map  17155 | icp ok  iter 15 corr  5074 rms 0.2828   83.95 ms | p=(  361.02   229.49  -7.21) v=7.85 m/s [KF]
[lio] t=1317401167.203 | feat 5178/72459 | map  17244 | icp ok  iter  7 corr  5161 rms 0.2412   44.23 ms | p=(  360.83   230.32  -7.27) v=8.07 m/s
[lio] t=1317401167.307 | feat 5249/72855 | map  17244 | icp ok  iter  6 corr  5218 rms 0.2922   41.62 ms | p=(  360.65   231.09  -7.34) v=7.87 m/s [KF]
[lio] t=1317401167.411 | feat 5310/73693 | map  17173 | icp ok  iter  5 corr  5304 rms 0.2521   29.70 ms | p=(  360.47   231.90  -7.40) v=8.01 m/s
[lio] t=1317401167.515 | feat 5245/73923 | map  17173 | icp ok  iter 12 corr  5236 rms 0.2929   66.48 ms | p=(  360.30   232.67  -7.46) v=7.85 m/s [KF]
[lio] t=1317401167.619 | feat 5316/74388 | map  17050 | icp ok  iter 12 corr  5316 rms 0.2417   69.47 ms | p=(  360.11   233.52  -7.53) v=8.26 m/s
[lio] t=1317401167.723 | feat 5192/75130 | map  17050 | icp ok  iter 10 corr  5192 rms 0.2696   66.01 ms | p=(  359.94   234.30  -7.60) v=8.01 m/s [KF]
[lio] t=1317401167.827 | feat 5164/75335 | map  16849 | icp ok  iter  8 corr  5162 rms 0.2264   41.78 ms | p=(  359.77   235.13  -7.67) v=8.20 m/s
[lio] t=1317401167.931 | feat 5132/74759 | map  16849 | icp ok  iter  9 corr  5130 rms 0.2681   48.04 ms | p=(  359.59   235.96  -7.73) v=8.28 m/s [KF]
[lio] t=1317401168.035 | feat 5164/74632 | map  16591 | icp ok  iter  4 corr  5156 rms 0.2471   24.84 ms | p=(  359.41   236.79  -7.80) v=8.30 m/s
[lio] t=1317401168.139 | feat 5157/74498 | map  16591 | icp ok  iter 13 corr  5145 rms 0.3005   71.14 ms | p=(  359.24   237.60  -7.86) v=8.13 m/s [KF]
[lio] t=1317401168.243 | feat 5237/75010 | map  16451 | icp ok  iter  7 corr  5237 rms 0.2278   39.10 ms | p=(  359.06   238.44  -7.93) v=8.29 m/s
[lio] t=1317401168.347 | feat 5209/75722 | map  16451 | icp ok  iter 10 corr  5209 rms 0.2515   59.28 ms | p=(  358.89   239.25  -8.00) v=8.11 m/s [KF]
[lio] t=1317401168.451 | feat 5206/76510 | map  16583 | icp ok  iter  7 corr  5198 rms 0.2366   35.96 ms | p=(  358.72   240.06  -8.06) v=8.12 m/s
[lio] t=1317401168.555 | feat 5245/77181 | map  16583 | icp ok  iter  9 corr  5240 rms 0.2703   44.73 ms | p=(  358.53   240.88  -8.13) v=8.12 m/s [KF]
[lio] t=1317401168.659 | feat 5306/78003 | map  16701 | icp ok  iter  4 corr  5306 rms 0.2424   22.69 ms | p=(  358.35   241.71  -8.19) v=8.21 m/s
[lio] t=1317401168.763 | feat 5331/78978 | map  16701 | icp ok  iter  9 corr  5322 rms 0.2521   56.26 ms | p=(  358.18   242.49  -8.26) v=7.99 m/s [KF]
[lio] t=1317401168.867 | feat 5398/79399 | map  16757 | icp ok  iter  4 corr  5395 rms 0.2284   25.47 ms | p=(  357.99   243.32  -8.32) v=8.16 m/s
[lio] t=1317401168.971 | feat 5469/79285 | map  16757 | icp ok  iter  8 corr  5465 rms 0.2457   44.74 ms | p=(  357.81   244.14  -8.39) v=8.19 m/s [KF]
[lio] t=1317401169.075 | feat 5571/78947 | map  16901 | icp ok  iter  6 corr  5570 rms 0.2316   37.41 ms | p=(  357.62   244.96  -8.45) v=8.24 m/s
[lio] t=1317401169.179 | feat 5647/79136 | map  16901 | icp ok  iter 12 corr  5647 rms 0.2662   70.88 ms | p=(  357.43   245.77  -8.52) v=8.19 m/s [KF]
[lio] t=1317401169.283 | feat 5579/79270 | map  17049 | icp ok  iter 11 corr  5568 rms 0.2390   62.45 ms | p=(  357.23   246.63  -8.59) v=8.46 m/s
[lio] t=1317401169.387 | feat 5583/79396 | map  17049 | icp ok  iter 15 corr  5547 rms 0.2523   89.32 ms | p=(  357.05   247.44  -8.66) v=8.31 m/s [KF]
[lio] t=1317401169.491 | feat 5637/79976 | map  17185 | icp ok  iter 11 corr  5620 rms 0.2562   68.97 ms | p=(  356.85   248.31  -8.72) v=8.55 m/s
[lio] t=1317401169.595 | feat 5755/80986 | map  17185 | icp ok  iter 14 corr  5734 rms 0.2703   81.66 ms | p=(  356.64   249.14  -8.80) v=8.47 m/s [KF]
[lio] t=1317401169.699 | feat 5875/81196 | map  17345 | icp ok  iter  5 corr  5874 rms 0.2385   33.60 ms | p=(  356.45   250.01  -8.86) v=8.69 m/s
[lio] t=1317401169.803 | feat 5803/81511 | map  17345 | icp ok  iter  9 corr  5796 rms 0.2507   61.51 ms | p=(  356.25   250.87  -8.94) v=8.64 m/s [KF]
[lio] t=1317401169.906 | feat 5813/81541 | map  17433 | icp ok  iter  6 corr  5810 rms 0.2292   36.42 ms | p=(  356.05   251.75  -9.01) v=8.83 m/s
[lio] t=1317401170.010 | feat 5909/81463 | map  17433 | icp ok  iter  8 corr  5900 rms 0.2469   48.16 ms | p=(  355.84   252.63  -9.08) v=8.90 m/s [KF]
[lio] t=1317401170.114 | feat 5945/81679 | map  17454 | icp ok  iter  5 corr  5944 rms 0.2125   30.38 ms | p=(  355.63   253.53  -9.16) v=9.03 m/s
[lio] t=1317401170.218 | feat 5923/81633 | map  17454 | icp ok  iter 11 corr  5921 rms 0.2549   63.64 ms | p=(  355.42   254.43  -9.23) v=9.07 m/s [KF]
[lio] t=1317401170.322 | feat 6041/81963 | map  17384 | icp ok  iter  7 corr  6032 rms 0.2473   45.29 ms | p=(  355.21   255.34  -9.30) v=9.11 m/s
[lio] t=1317401170.426 | feat 6143/81780 | map  17384 | icp ok  iter  7 corr  6129 rms 0.3224   43.55 ms | p=(  354.99   256.26  -9.38) v=9.20 m/s [KF]
[lio] t=1317401170.530 | feat 6208/81902 | map  17397 | icp ok  iter 10 corr  6205 rms 0.2420   59.13 ms | p=(  354.78   257.17  -9.45) v=9.22 m/s
[lio] t=1317401170.634 | feat 6350/81895 | map  17397 | icp ok  iter  8 corr  6266 rms 0.2995   47.31 ms | p=(  354.56   258.11  -9.53) v=9.33 m/s [KF]
[lio] t=1317401170.738 | feat 6399/81721 | map  17523 | icp ok  iter 11 corr  6392 rms 0.2632   71.84 ms | p=(  354.35   259.03  -9.59) v=9.25 m/s
[lio] t=1317401170.842 | feat 6433/81237 | map  17523 | icp ok  iter  8 corr  6420 rms 0.3171   48.97 ms | p=(  354.13   259.97  -9.66) v=9.36 m/s [KF]
[lio] t=1317401170.946 | feat 6372/81199 | map  17647 | icp ok  iter  8 corr  6372 rms 0.2369   49.19 ms | p=(  353.91   260.91  -9.73) v=9.36 m/s
[lio] t=1317401171.050 | feat 6259/81111 | map  17647 | icp ok  iter 15 corr  6249 rms 0.2602   92.31 ms | p=(  353.71   261.82  -9.80) v=9.24 m/s [KF]
[lio] t=1317401171.154 | feat 6127/81149 | map  17617 | icp ok  iter  5 corr  6111 rms 0.2283   30.01 ms | p=(  353.49   262.76  -9.86) v=9.33 m/s
[lio] t=1317401171.258 | feat 6093/81298 | map  17617 | icp ok  iter 10 corr  6056 rms 0.2457   55.52 ms | p=(  353.28   263.70  -9.93) v=9.35 m/s [KF]
[lio] t=1317401171.362 | feat 6226/81049 | map  17496 | icp ok  iter 13 corr  6207 rms 0.2416   82.53 ms | p=(  353.07   264.63 -10.00) v=9.28 m/s
[lio] t=1317401171.466 | feat 6244/80918 | map  17496 | icp ok  iter 10 corr  6199 rms 0.2808   62.46 ms | p=(  352.85   265.56 -10.06) v=9.28 m/s [KF]
[lio] t=1317401171.569 | feat 6245/80583 | map  17496 | icp ok  iter 13 corr  6241 rms 0.2694   79.98 ms | p=(  352.64   266.48 -10.12) v=9.21 m/s
[lio] t=1317401171.673 | feat 6225/80117 | map  17496 | icp ok  iter  5 corr  6217 rms 0.2990   36.86 ms | p=(  352.43   267.40 -10.18) v=9.17 m/s [KF]
[lio] t=1317401171.777 | feat 6100/79861 | map  17516 | icp ok  iter  4 corr  6090 rms 0.2181   26.70 ms | p=(  352.22   268.32 -10.25) v=9.19 m/s
[lio] t=1317401171.881 | feat 6021/80319 | map  17516 | icp ok  iter  7 corr  5957 rms 0.2871   47.46 ms | p=(  352.02   269.23 -10.31) v=9.08 m/s [KF]
[lio] t=1317401171.985 | feat 5923/80437 | map  17378 | icp ok  iter  7 corr  5905 rms 0.2847   42.42 ms | p=(  351.81   270.14 -10.39) v=9.09 m/s
[lio] t=1317401172.089 | feat 5928/80538 | map  17378 | icp ok  iter 11 corr  5901 rms 0.2944   63.98 ms | p=(  351.61   271.05 -10.44) v=9.00 m/s [KF]
[lio] t=1317401172.193 | feat 5801/80259 | map  17336 | icp ok  iter 11 corr  5799 rms 0.2508   69.48 ms | p=(  351.41   271.95 -10.52) v=9.00 m/s
[lio] t=1317401172.297 | feat 5772/80025 | map  17336 | icp ok  iter  7 corr  5767 rms 0.3062   40.63 ms | p=(  351.21   272.86 -10.59) v=9.02 m/s [KF]
[lio] t=1317401172.401 | feat 5858/80041 | map  17374 | icp ok  iter  9 corr  5855 rms 0.2338   52.85 ms | p=(  351.01   273.76 -10.65) v=9.00 m/s
[lio] t=1317401172.505 | feat 5818/79903 | map  17374 | icp ok  iter  7 corr  5808 rms 0.2588   48.81 ms | p=(  350.82   274.65 -10.71) v=8.87 m/s [KF]
[lio] t=1317401172.609 | feat 5785/79420 | map  17278 | icp ok  iter 10 corr  5784 rms 0.2231   54.52 ms | p=(  350.62   275.55 -10.78) v=8.93 m/s
[lio] t=1317401172.713 | feat 5827/79440 | map  17278 | icp ok  iter  8 corr  5822 rms 0.2712   55.12 ms | p=(  350.44   276.44 -10.85) v=8.83 m/s [KF]
[lio] t=1317401172.817 | feat 5877/77721 | map  17360 | icp ok  iter  7 corr  5875 rms 0.2509   41.55 ms | p=(  350.24   277.33 -10.91) v=8.84 m/s
[lio] t=1317401172.921 | feat 5914/74705 | map  17360 | icp ok  iter  7 corr  5891 rms 0.2909   39.85 ms | p=(  350.05   278.22 -10.98) v=8.83 m/s [KF]
[lio] t=1317401173.024 | feat 5906/72291 | map  17496 | icp ok  iter 10 corr  5892 rms 0.2482   63.08 ms | p=(  349.85   279.09 -11.05) v=8.73 m/s
[lio] t=1317401173.128 | feat 5908/71409 | map  17496 | icp ok  iter 22 corr  5872 rms 0.3113  138.43 ms | p=(  349.67   279.93 -11.11) v=8.43 m/s [KF]
[lio] t=1317401173.232 | feat 5926/71275 | map  17757 | icp ok  iter 11 corr  5916 rms 0.2732   68.84 ms | p=(  349.48   280.82 -11.18) v=8.62 m/s
[lio] t=1317401173.336 | feat 5916/71639 | map  17757 | icp ok  iter 10 corr  5889 rms 0.2890   65.97 ms | p=(  349.30   281.65 -11.23) v=8.37 m/s [KF]
[lio] t=1317401173.440 | feat 6002/72527 | map  18077 | icp ok  iter  9 corr  5999 rms 0.2641   55.60 ms | p=(  349.11   282.52 -11.30) v=8.47 m/s
[lio] t=1317401173.544 | feat 6030/74190 | map  18077 | icp ok  iter  7 corr  6001 rms 0.3161   54.26 ms | p=(  348.93   283.32 -11.36) v=8.19 m/s [KF]
[lio] t=1317401173.648 | feat 6070/76445 | map  18350 | icp ok  iter 10 corr  6067 rms 0.2725   61.29 ms | p=(  348.75   284.17 -11.42) v=8.34 m/s
[lio] t=1317401173.752 | feat 6155/77165 | map  18350 | icp ok  iter 18 corr  6139 rms 0.3340  108.30 ms | p=(  348.58   285.00 -11.48) v=8.23 m/s [KF]
[lio] t=1317401173.856 | feat 6222/78014 | map  18651 | icp ok  iter  9 corr  6214 rms 0.2768   58.52 ms | p=(  348.39   285.83 -11.56) v=8.29 m/s
[lio] t=1317401173.960 | feat 6239/78339 | map  18651 | icp ok  iter 14 corr  6232 rms 0.3125   93.10 ms | p=(  348.22   286.63 -11.62) v=8.10 m/s [KF]
[lio] t=1317401174.064 | feat 6225/78504 | map  19022 | icp ok  iter 17 corr  6221 rms 0.2460  107.06 ms | p=(  348.04   287.49 -11.68) v=8.36 m/s
[lio] t=1317401174.168 | feat 6235/79139 | map  19022 | icp ok  iter  4 corr  6224 rms 0.2872   35.89 ms | p=(  347.86   288.31 -11.74) v=8.20 m/s [KF]
[lio] t=1317401174.272 | feat 6201/79500 | map  19290 | icp ok  iter  4 corr  6189 rms 0.2316   27.37 ms | p=(  347.68   289.13 -11.81) v=8.22 m/s
[lio] t=1317401174.376 | feat 6268/79383 | map  19290 | icp ok  iter 15 corr  6239 rms 0.2574  101.00 ms | p=(  347.51   289.92 -11.87) v=7.98 m/s [KF]
[lio] t=1317401174.480 | feat 6246/79489 | map  19421 | icp ok  iter  9 corr  6245 rms 0.2579   62.80 ms | p=(  347.32   290.75 -11.94) v=8.14 m/s
[lio] t=1317401174.584 | feat 6312/79808 | map  19421 | icp ok  iter 16 corr  6297 rms 0.2910  100.90 ms | p=(  347.13   291.54 -12.00) v=7.99 m/s [KF]
[lio] t=1317401174.688 | feat 6350/79944 | map  19568 | icp ok  iter 10 corr  6350 rms 0.2776   63.15 ms | p=(  346.94   292.36 -12.06) v=8.17 m/s
[lio] t=1317401174.792 | feat 6395/80244 | map  19568 | icp ok  iter 11 corr  6387 rms 0.2807   77.08 ms | p=(  346.76   293.16 -12.14) v=8.09 m/s [KF]
[lio] t=1317401174.896 | feat 6474/81103 | map  19705 | icp ok  iter 13 corr  6472 rms 0.2546   84.81 ms | p=(  346.56   294.00 -12.22) v=8.36 m/s
[lio] t=1317401175.000 | feat 6412/82155 | map  19705 | icp ok  iter 10 corr  6406 rms 0.2624   78.01 ms | p=(  346.37   294.81 -12.29) v=8.23 m/s [KF]
[lio] t=1317401175.104 | feat 6464/81961 | map  19819 | icp ok  iter  7 corr  6456 rms 0.2228   47.72 ms | p=(  346.17   295.64 -12.36) v=8.32 m/s
[lio] t=1317401175.208 | feat 6567/81722 | map  19819 | icp ok  iter 19 corr  6554 rms 0.2563  124.96 ms | p=(  345.97   296.45 -12.41) v=8.24 m/s [KF]
[lio] t=1317401175.312 | feat 6515/81989 | map  19946 | icp ok  iter  8 corr  6513 rms 0.2270   56.35 ms | p=(  345.77   297.30 -12.48) v=8.44 m/s
[lio] t=1317401175.416 | feat 6489/82481 | map  19946 | icp ok  iter 20 corr  6485 rms 0.2492  125.45 ms | p=(  345.57   298.13 -12.56) v=8.38 m/s [KF]
[lio] t=1317401175.520 | feat 6541/82623 | map  19973 | icp ok  iter  6 corr  6537 rms 0.2162   38.61 ms | p=(  345.36   298.98 -12.64) v=8.53 m/s
[lio] t=1317401175.624 | feat 6544/82707 | map  19973 | icp ok  iter  7 corr  6540 rms 0.2326   49.68 ms | p=(  345.15   299.83 -12.70) v=8.57 m/s [KF]
[lio] t=1317401175.728 | feat 6561/82531 | map  19960 | icp ok  iter 14 corr  6561 rms 0.2207   84.54 ms | p=(  344.94   300.69 -12.78) v=8.61 m/s
[lio] t=1317401175.832 | feat 6581/82730 | map  19960 | icp ok  iter  9 corr  6579 rms 0.2376   66.42 ms | p=(  344.72   301.54 -12.85) v=8.59 m/s [KF]
[lio] t=1317401175.935 | feat 6605/83065 | map  19969 | icp ok  iter  6 corr  6605 rms 0.2237   40.16 ms | p=(  344.51   302.40 -12.91) v=8.65 m/s
[lio] t=1317401176.039 | feat 6671/83421 | map  19969 | icp ok  iter 12 corr  6667 rms 0.2611   85.86 ms | p=(  344.30   303.24 -12.98) v=8.54 m/s [KF]
[lio] t=1317401176.143 | feat 6637/83627 | map  19841 | icp ok  iter  6 corr  6637 rms 0.2263   42.01 ms | p=(  344.09   304.11 -13.05) v=8.66 m/s
[lio] t=1317401176.247 | feat 6707/83630 | map  19841 | icp ok  iter 11 corr  6707 rms 0.2505   72.20 ms | p=(  343.87   304.97 -13.13) v=8.67 m/s [KF]
[lio] t=1317401176.351 | feat 6748/83601 | map  19857 | icp ok  iter 10 corr  6748 rms 0.2434   65.59 ms | p=(  343.65   305.84 -13.20) v=8.69 m/s
[lio] t=1317401176.455 | feat 6747/83647 | map  19857 | icp ok  iter 24 corr  6746 rms 0.2845  163.48 ms | p=(  343.44   306.67 -13.27) v=8.47 m/s [KF]
[lio] t=1317401176.559 | feat 6792/83853 | map  19931 | icp ok  iter 10 corr  6779 rms 0.2622   67.87 ms | p=(  343.23   307.54 -13.35) v=8.64 m/s
[lio] t=1317401176.663 | feat 6707/84056 | map  19931 | icp ok  iter  6 corr  6701 rms 0.2750   44.23 ms | p=(  343.01   308.40 -13.41) v=8.61 m/s [KF]
[lio] t=1317401176.767 | feat 6785/84229 | map  19962 | icp ok  iter  7 corr  6781 rms 0.2629   50.06 ms | p=(  342.79   309.25 -13.47) v=8.60 m/s
[lio] t=1317401176.871 | feat 6832/84412 | map  19962 | icp ok  iter 18 corr  6815 rms 0.2731  121.78 ms | p=(  342.59   310.08 -13.53) v=8.39 m/s [KF]
[lio] t=1317401176.975 | feat 6879/84746 | map  19825 | icp ok  iter 10 corr  6859 rms 0.2614   70.48 ms | p=(  342.37   310.94 -13.62) v=8.56 m/s
[lio] t=1317401177.079 | feat 6899/84665 | map  19825 | icp ok  iter 12 corr  6860 rms 0.3131   88.05 ms | p=(  342.15   311.78 -13.70) v=8.50 m/s [KF]
[lio] t=1317401177.183 | feat 7063/84742 | map  19791 | icp ok  iter  9 corr  7058 rms 0.2689   67.56 ms | p=(  341.94   312.63 -13.77) v=8.48 m/s
[lio] t=1317401177.287 | feat 7101/84908 | map  19791 | icp ok  iter 12 corr  7065 rms 0.3208   88.04 ms | p=(  341.72   313.46 -13.84) v=8.39 m/s [KF]
[lio] t=1317401177.391 | feat 7162/85009 | map  19890 | icp ok  iter  9 corr  7137 rms 0.2957   63.17 ms | p=(  341.51   314.30 -13.90) v=8.35 m/s
[lio] t=1317401177.495 | feat 7347/85032 | map  19890 | icp ok  iter 12 corr  7236 rms 0.3506   93.89 ms | p=(  341.32   315.11 -13.97) v=8.12 m/s [KF]
[lio] t=1317401177.599 | feat 7538/85079 | map  20147 | icp ok  iter 10 corr  7520 rms 0.3178   69.04 ms | p=(  341.12   315.92 -14.04) v=8.09 m/s
[lio] t=1317401177.702 | feat 7694/85116 | map  20147 | icp ok  iter  7 corr  7613 rms 0.4407   52.02 ms | p=(  340.93   316.73 -14.10) v=8.03 m/s [KF]
[lio] t=1317401177.806 | feat 7963/85107 | map  20694 | icp ok  iter 13 corr  7957 rms 0.3174  102.47 ms | p=(  340.76   317.52 -14.16) v=7.86 m/s
[lio] t=1317401177.910 | feat 8073/84931 | map  20694 | icp ok  iter 11 corr  8018 rms 0.3904   89.96 ms | p=(  340.59   318.29 -14.23) v=7.65 m/s [KF]
[lio] t=1317401178.014 | feat 8032/84779 | map  21317 | icp ok  iter 11 corr  8026 rms 0.2934   94.88 ms | p=(  340.42   319.05 -14.30) v=7.54 m/s
[lio] t=1317401178.118 | feat 8168/84746 | map  21317 | icp ok  iter  6 corr  8130 rms 0.3538   59.81 ms | p=(  340.27   319.81 -14.35) v=7.44 m/s [KF]
[lio] t=1317401178.222 | feat 8354/84794 | map  21986 | icp ok  iter 13 corr  8320 rms 0.2867  116.42 ms | p=(  340.13   320.53 -14.39) v=7.12 m/s
[lio] t=1317401178.326 | feat 8549/84860 | map  21986 | icp ok  iter  9 corr  8505 rms 0.3728   86.61 ms | p=(  339.99   321.26 -14.45) v=7.07 m/s [KF]
[lio] t=1317401178.430 | feat 8857/85018 | map  22720 | icp ok  iter  8 corr  8850 rms 0.2800   89.98 ms | p=(  339.87   321.95 -14.50) v=6.79 m/s
[lio] t=1317401178.535 | feat 9026/85025 | map  22720 | icp ok  iter 15 corr  8985 rms 0.3599  145.64 ms | p=(  339.77   322.60 -14.56) v=6.46 m/s [KF]
[lio] t=1317401178.639 | feat 9265/85003 | map  23388 | icp ok  iter 11 corr  9215 rms 0.3068  105.70 ms | p=(  339.68   323.28 -14.61) v=6.44 m/s
[lio] t=1317401178.743 | feat 9580/84879 | map  23388 | icp ok  iter 11 corr  9423 rms 0.3679  110.69 ms | p=(  339.58   323.91 -14.65) v=6.13 m/s [KF]
[lio] t=1317401178.847 | feat 9808/84849 | map  24356 | icp ok  iter  8 corr  9777 rms 0.3405   94.33 ms | p=(  339.50   324.51 -14.71) v=5.88 m/s
[lio] t=1317401178.951 | feat 9936/84673 | map  24356 | icp ok  iter  4 corr  9872 rms 0.4092   55.10 ms | p=(  339.46   325.11 -14.75) v=5.73 m/s [KF]
[lio] t=1317401179.055 | feat 10134/84631 | map  25305 | icp ok  iter  9 corr 10108 rms 0.3257   98.02 ms | p=(  339.41   325.69 -14.80) v=5.57 m/s
[lio] t=1317401179.159 | feat 10662/84507 | map  25305 | icp ok  iter 11 corr 10501 rms 0.4416  125.45 ms | p=(  339.38   326.24 -14.83) v=5.38 m/s [KF]
[lio] t=1317401179.263 | feat 11132/84330 | map  26477 | icp ok  iter 15 corr 11067 rms 0.3615  187.43 ms | p=(  339.29   326.78 -14.87) v=5.21 m/s
[lio] t=1317401179.368 | feat 11432/83935 | map  26477 | icp ok  iter 10 corr 11233 rms 0.3869  140.41 ms | p=(  339.36   327.32 -14.90) v=5.19 m/s [KF]
[lio] t=1317401179.472 | feat 11696/83806 | map  27718 | icp ok  iter 13 corr 11683 rms 0.3127  166.53 ms | p=(  339.37   327.81 -14.94) v=4.82 m/s
[lio] t=1317401179.576 | feat 12134/83963 | map  27718 | icp ok  iter 16 corr 12025 rms 0.4404  196.65 ms | p=(  339.40   328.30 -14.98) v=4.71 m/s
[lio] t=1317401179.680 | feat 12477/83977 | map  27718 | icp ok  iter 10 corr 12153 rms 0.4691  149.53 ms | p=(  339.45   328.78 -15.02) v=4.69 m/s [KF]
[lio] t=1317401179.784 | feat 12697/83831 | map  29496 | icp ok  iter 14 corr 12679 rms 0.3349  190.73 ms | p=(  339.50   329.25 -15.06) v=4.63 m/s
[lio] t=1317401179.889 | feat 12905/83754 | map  29496 | icp ok  iter 10 corr 12838 rms 0.3949  137.11 ms | p=(  339.59   329.73 -15.09) v=4.74 m/s
[lio] t=1317401179.993 | feat 13199/83636 | map  29496 | icp ok  iter  9 corr 13065 rms 0.4721  126.10 ms | p=(  339.67   330.20 -15.12) v=4.68 m/s [KF]
[lio] t=1317401180.097 | feat 13428/83765 | map  31426 | icp ok  iter 10 corr 13422 rms 0.3045  146.84 ms | p=(  339.79   330.64 -15.16) v=4.54 m/s
[lio] t=1317401180.201 | feat 13473/83643 | map  31426 | icp ok  iter  7 corr 13460 rms 0.3076   96.50 ms | p=(  339.93   331.10 -15.20) v=4.60 m/s
[lio] t=1317401180.305 | feat 13463/83203 | map  31426 | icp ok  iter 10 corr 13453 rms 0.3508  139.10 ms | p=(  340.09   331.55 -15.23) v=4.63 m/s [KF]
[lio] t=1317401180.409 | feat 13671/82701 | map  32848 | icp ok  iter 11 corr 13665 rms 0.2877  157.67 ms | p=(  340.26   331.97 -15.25) v=4.52 m/s
[lio] t=1317401180.514 | feat 13740/82601 | map  32848 | icp ok  iter  8 corr 13733 rms 0.3107  130.76 ms | p=(  340.44   332.40 -15.27) v=4.52 m/s
[lio] t=1317401180.618 | feat 13772/83102 | map  32848 | icp ok  iter  7 corr 13765 rms 0.2967  110.46 ms | p=(  340.64   332.84 -15.29) v=4.64 m/s [KF]
[lio] t=1317401180.722 | feat 13720/83211 | map  33972 | icp ok  iter  8 corr 13717 rms 0.2617  132.52 ms | p=(  340.86   333.25 -15.36) v=4.68 m/s
[lio] t=1317401180.826 | feat 13582/83191 | map  33972 | icp ok  iter 10 corr 13577 rms 0.2741  151.79 ms | p=(  341.11   333.68 -15.40) v=4.91 m/s
[lio] t=1317401180.930 | feat 13783/82666 | map  33972 | icp ok  iter 12 corr 13771 rms 0.2987  174.53 ms | p=(  341.40   334.08 -15.42) v=4.97 m/s [KF]
[lio] t=1317401181.034 | feat 13801/82242 | map  35157 | icp ok  iter 10 corr 13794 rms 0.2587  153.26 ms | p=(  341.72   334.50 -15.43) v=5.20 m/s
[lio] t=1317401181.138 | feat 13915/82863 | map  35157 | icp ok  iter 12 corr 13912 rms 0.2643  183.66 ms | p=(  342.04   334.92 -15.44) v=5.34 m/s [KF]
[lio] t=1317401181.242 | feat 13900/83577 | map  36211 | icp ok  iter 14 corr 13896 rms 0.2577  200.21 ms | p=(  342.40   335.35 -15.51) v=5.52 m/s
[lio] t=1317401181.346 | feat 13937/83639 | map  36211 | icp ok  iter 12 corr 13929 rms 0.2708  180.86 ms | p=(  342.80   335.79 -15.56) v=5.79 m/s [KF]
[lio] t=1317401181.450 | feat 14096/83752 | map  37143 | icp ok  iter  9 corr 14074 rms 0.2394  146.28 ms | p=(  343.23   336.20 -15.57) v=5.92 m/s
[lio] t=1317401181.554 | feat 14132/83722 | map  37143 | icp ok  iter  8 corr 14114 rms 0.2556  118.04 ms | p=(  343.70   336.61 -15.60) v=6.08 m/s [KF]
[lio] t=1317401181.659 | feat 14152/83834 | map  37846 | icp ok  iter  6 corr 14148 rms 0.2592  102.29 ms | p=(  344.20   336.99 -15.63) v=6.24 m/s
[lio] t=1317401181.763 | feat 14146/83841 | map  37846 | icp ok  iter 13 corr 14140 rms 0.2913  190.84 ms | p=(  344.73   337.39 -15.67) v=6.47 m/s [KF]
[lio] t=1317401181.867 | feat 14114/83673 | map  38715 | icp ok  iter  7 corr 14113 rms 0.2499  129.73 ms | p=(  345.30   337.76 -15.69) v=6.65 m/s
[lio] t=1317401181.970 | feat 14098/83601 | map  38715 | icp ok  iter 13 corr 14088 rms 0.2744  201.98 ms | p=(  345.88   338.12 -15.71) v=6.76 m/s [KF]
[lio] t=1317401182.074 | feat 13904/83431 | map  39500 | icp ok  iter 11 corr 13903 rms 0.2327  173.95 ms | p=(  346.50   338.46 -15.74) v=6.91 m/s
[lio] t=1317401182.178 | feat 13814/83364 | map  39500 | icp ok  iter  8 corr 13812 rms 0.2625  148.81 ms | p=(  347.17   338.79 -15.77) v=7.19 m/s [KF]
[lio] t=1317401182.282 | feat 13747/83412 | map  40271 | icp ok  iter 13 corr 13741 rms 0.2500  197.18 ms | p=(  347.84   339.09 -15.79) v=7.29 m/s
[lio] t=1317401182.386 | feat 13713/83338 | map  40271 | icp ok  iter  6 corr 13688 rms 0.2569  108.21 ms | p=(  348.53   339.39 -15.81) v=7.40 m/s [KF]
[lio] t=1317401182.489 | feat 13551/83473 | map  41015 | icp ok  iter 12 corr 13543 rms 0.2550  186.34 ms | p=(  349.26   339.65 -15.83) v=7.56 m/s
[lio] t=1317401182.593 | feat 13414/83454 | map  41015 | icp ok  iter 20 corr 13391 rms 0.2796  276.97 ms | p=(  350.01   339.91 -15.85) v=7.77 m/s [KF]
[lio] t=1317401182.697 | feat 13531/83601 | map  41793 | icp ok  iter 15 corr 13511 rms 0.2337  221.50 ms | p=(  350.78   340.16 -15.86) v=7.89 m/s
[lio] t=1317401182.800 | feat 13652/83668 | map  41793 | icp ok  iter 14 corr 13637 rms 0.2558  221.26 ms | p=(  351.58   340.39 -15.88) v=8.10 m/s [KF]
[lio] t=1317401182.904 | feat 13542/83675 | map  42335 | icp ok  iter 11 corr 13530 rms 0.2594  181.23 ms | p=(  352.39   340.62 -15.90) v=8.23 m/s
[lio] t=1317401183.008 | feat 13612/83724 | map  42335 | icp ok  iter 17 corr 13582 rms 0.2710  255.98 ms | p=(  353.23   340.82 -15.92) v=8.42 m/s [KF]
[lio] t=1317401183.111 | feat 13510/83729 | map  42967 | icp ok  iter 16 corr 13507 rms 0.2393  245.53 ms | p=(  354.08   341.03 -15.94) v=8.57 m/s
[lio] t=1317401183.215 | feat 13535/83836 | map  42967 | icp ok  iter  6 corr 13512 rms 0.2608  110.59 ms | p=(  354.95   341.24 -15.96) v=8.76 m/s [KF]
[lio] t=1317401183.319 | feat 13496/83874 | map  43498 | icp ok  iter 18 corr 13482 rms 0.2381  281.52 ms | p=(  355.84   341.44 -15.98) v=8.92 m/s
[lio] t=1317401183.422 | feat 13636/83954 | map  43498 | icp ok  iter 13 corr 13612 rms 0.2721  196.40 ms | p=(  356.74   341.65 -15.99) v=9.00 m/s [KF]
[lio] t=1317401183.526 | feat 13544/84015 | map  44093 | icp ok  iter 11 corr 13533 rms 0.2453  167.68 ms | p=(  357.66   341.85 -16.00) v=9.15 m/s
[lio] t=1317401183.630 | feat 13613/84075 | map  44093 | icp ok  iter  6 corr 13602 rms 0.2465   94.03 ms | p=(  358.59   342.06 -16.02) v=9.24 m/s [KF]
[lio] t=1317401183.733 | feat 13440/84110 | map  44522 | icp ok  iter  8 corr 13437 rms 0.2423  120.13 ms | p=(  359.52   342.27 -16.03) v=9.32 m/s
[lio] t=1317401183.837 | feat 13379/84103 | map  44522 | icp ok  iter  7 corr 13373 rms 0.2554  115.73 ms | p=(  360.46   342.48 -16.04) v=9.35 m/s [KF]
[lio] t=1317401183.941 | feat 13348/84033 | map  44899 | icp ok  iter  7 corr 13340 rms 0.2282  112.70 ms | p=(  361.41   342.69 -16.05) v=9.47 m/s
[lio] t=1317401184.045 | feat 13319/83998 | map  44899 | icp ok  iter  8 corr 13303 rms 0.2486  120.63 ms | p=(  362.37   342.91 -16.06) v=9.48 m/s [KF]
[lio] t=1317401184.148 | feat 13395/83770 | map  45191 | icp ok  iter  6 corr 13388 rms 0.2420   99.10 ms | p=(  363.33   343.12 -16.06) v=9.54 m/s
[lio] t=1317401184.252 | feat 13464/83694 | map  45191 | icp ok  iter  9 corr 13450 rms 0.2615  126.98 ms | p=(  364.29   343.33 -16.07) v=9.53 m/s [KF]
[lio] t=1317401184.356 | feat 13274/83650 | map  45553 | icp ok  iter  9 corr 13265 rms 0.2468  122.28 ms | p=(  365.25   343.55 -16.08) v=9.53 m/s
[lio] t=1317401184.460 | feat 13423/83632 | map  45553 | icp ok  iter  7 corr 13416 rms 0.2680  105.67 ms | p=(  366.22   343.76 -16.08) v=9.56 m/s [KF]
[lio] t=1317401184.563 | feat 13561/83580 | map  45783 | icp ok  iter 10 corr 13534 rms 0.2491  133.85 ms | p=(  367.18   343.98 -16.09) v=9.54 m/s
[lio] t=1317401184.667 | feat 13612/83594 | map  45783 | icp ok  iter  8 corr 13532 rms 0.2994  119.10 ms | p=(  368.15   344.19 -16.10) v=9.53 m/s [KF]
[lio] t=1317401184.771 | feat 13642/83378 | map  46003 | icp ok  iter  6 corr 13632 rms 0.2510   91.39 ms | p=(  369.12   344.41 -16.11) v=9.52 m/s
[lio] t=1317401184.875 | feat 13472/83126 | map  46003 | icp ok  iter  4 corr 13458 rms 0.2543   69.08 ms | p=(  370.07   344.63 -16.12) v=9.46 m/s [KF]
[lio] t=1317401184.979 | feat 13307/82773 | map  46116 | icp ok  iter  6 corr 13298 rms 0.2396   91.98 ms | p=(  371.03   344.84 -16.13) v=9.45 m/s
[lio] t=1317401185.083 | feat 13187/82377 | map  46116 | icp ok  iter  8 corr 13161 rms 0.2585  110.87 ms | p=(  371.98   345.05 -16.13) v=9.41 m/s [KF]
[lio] t=1317401185.186 | feat 13103/81984 | map  45815 | icp ok  iter  5 corr 13100 rms 0.2441   81.30 ms | p=(  372.94   345.26 -16.14) v=9.40 m/s
[lio] t=1317401185.290 | feat 12934/81592 | map  45815 | icp ok  iter  7 corr 12927 rms 0.2683  101.43 ms | p=(  373.88   345.47 -16.15) v=9.35 m/s [KF]
[lio] t=1317401185.394 | feat 12747/81154 | map  45654 | icp ok  iter 10 corr 12745 rms 0.2529  136.14 ms | p=(  374.83   345.68 -16.15) v=9.34 m/s
[lio] t=1317401185.498 | feat 12648/80727 | map  45654 | icp ok  iter  9 corr 12643 rms 0.2686  124.98 ms | p=(  375.77   345.89 -16.16) v=9.31 m/s [KF]
[lio] t=1317401185.602 | feat 12406/80348 | map  45752 | icp ok  iter  8 corr 12403 rms 0.2372  104.89 ms | p=(  376.71   346.10 -16.18) v=9.27 m/s
[lio] t=1317401185.705 | feat 12440/80370 | map  45752 | icp ok  iter 14 corr 12438 rms 0.2586  180.81 ms | p=(  377.63   346.30 -16.20) v=9.10 m/s [KF]
[lio] t=1317401185.809 | feat 12383/80226 | map  45620 | icp ok  iter  9 corr 12379 rms 0.2420  123.06 ms | p=(  378.54   346.49 -16.20) v=8.92 m/s
[lio] t=1317401185.913 | feat 12053/79953 | map  45620 | icp ok  iter 11 corr 12048 rms 0.2689  135.11 ms | p=(  379.44   346.70 -16.22) v=8.85 m/s [KF]
[lio] t=1317401186.017 | feat 11839/79732 | map  45429 | icp ok  iter  6 corr 11836 rms 0.2349   83.83 ms | p=(  380.33   346.90 -16.24) v=8.71 m/s
[lio] t=1317401186.121 | feat 11765/79697 | map  45429 | icp ok  iter  8 corr 11761 rms 0.2531  109.47 ms | p=(  381.20   347.08 -16.25) v=8.49 m/s [KF]
[lio] t=1317401186.225 | feat 11886/79668 | map  45447 | icp ok  iter 10 corr 11884 rms 0.2354  131.69 ms | p=(  382.04   347.27 -16.26) v=8.25 m/s
[lio] t=1317401186.328 | feat 11987/79896 | map  45447 | icp ok  iter 11 corr 11982 rms 0.2683  144.98 ms | p=(  382.86   347.45 -16.27) v=8.00 m/s [KF]
[lio] t=1317401186.432 | feat 11878/79812 | map  45337 | icp ok  iter  8 corr 11870 rms 0.2331  107.52 ms | p=(  383.67   347.63 -16.29) v=7.88 m/s
[lio] t=1317401186.536 | feat 11944/79612 | map  45337 | icp ok  iter 13 corr 11934 rms 0.2590  168.82 ms | p=(  384.47   347.80 -16.31) v=7.74 m/s [KF]
[lio] t=1317401186.640 | feat 11983/79351 | map  44987 | icp ok  iter 11 corr 11982 rms 0.2485  143.82 ms | p=(  385.24   347.96 -16.32) v=7.49 m/s
[lio] t=1317401186.744 | feat 11746/79056 | map  44987 | icp ok  iter 10 corr 11743 rms 0.2715  133.87 ms | p=(  385.98   348.11 -16.32) v=7.19 m/s [KF]
[lio] t=1317401186.848 | feat 11719/78853 | map  44509 | icp ok  iter 12 corr 11718 rms 0.2360  171.26 ms | p=(  386.69   348.23 -16.32) v=6.92 m/s
[lio] t=1317401186.952 | feat 11579/78691 | map  44509 | icp ok  iter 15 corr 11577 rms 0.2609  199.51 ms | p=(  387.39   348.37 -16.33) v=6.78 m/s [KF]
[lio] t=1317401187.056 | feat 11384/78345 | map  43882 | icp ok  iter 14 corr 11380 rms 0.2394  173.78 ms | p=(  388.10   348.47 -16.34) v=6.69 m/s
[lio] t=1317401187.160 | feat 11075/78086 | map  43882 | icp ok  iter 14 corr 11075 rms 0.2814  171.01 ms | p=(  388.76   348.56 -16.35) v=6.49 m/s [KF]
[lio] t=1317401187.265 | feat 10937/78264 | map  43459 | icp ok  iter 14 corr 10936 rms 0.2591  172.48 ms | p=(  389.45   348.64 -16.35) v=6.54 m/s
[lio] t=1317401187.369 | feat 10816/78902 | map  43459 | icp ok  iter 16 corr 10812 rms 0.2743  221.83 ms | p=(  390.11   348.70 -16.36) v=6.43 m/s [KF]
[lio] t=1317401187.473 | feat 10904/79777 | map  43205 | icp ok  iter 17 corr 10904 rms 0.2506  221.59 ms | p=(  390.77   348.73 -16.36) v=6.36 m/s
[lio] t=1317401187.577 | feat 11012/80483 | map  43205 | icp ok  iter 32 corr 11012 rms 0.2664  430.66 ms | p=(  391.30   348.82 -16.38) v=5.58 m/s [KF]
[lio] t=1317401187.682 | feat 11059/81017 | map  43280 | icp ok  iter 20 corr 11053 rms 0.2487  306.30 ms | p=(  392.10   348.78 -16.39) v=6.78 m/s
[lio] t=1317401187.786 | feat 11048/81261 | map  43280 | icp ok  iter 14 corr 11040 rms 0.2704  209.65 ms | p=(  392.72   348.75 -16.40) v=6.25 m/s [KF]
[lio] t=1317401187.890 | feat 11146/81540 | map  43222 | icp ok  iter 16 corr 11146 rms 0.2574  196.99 ms | p=(  393.39   348.67 -16.39) v=6.39 m/s
[lio] t=1317401187.995 | feat 11052/81732 | map  43222 | icp ok  iter 10 corr 11039 rms 0.2817  113.70 ms | p=(  394.05   348.58 -16.40) v=6.32 m/s [KF]
[lio] t=1317401188.099 | feat 11122/81816 | map  43129 | icp ok  iter 15 corr 11122 rms 0.2570  183.95 ms | p=(  394.71   348.45 -16.39) v=6.39 m/s
[lio] t=1317401188.203 | feat 11024/81940 | map  43129 | icp ok  iter  7 corr 10975 rms 0.2783   73.95 ms | p=(  395.36   348.30 -16.38) v=6.35 m/s [KF]
[lio] t=1317401188.307 | feat 11145/82105 | map  43114 | icp ok  iter 13 corr 11135 rms 0.2663  161.91 ms | p=(  395.98   348.11 -16.36) v=6.23 m/s
[lio] t=1317401188.412 | feat 11145/82473 | map  43114 | icp ok  iter 11 corr 11053 rms 0.2985  121.66 ms | p=(  396.60   347.91 -16.34) v=6.22 m/s [KF]
[lio] t=1317401188.516 | feat 11080/82761 | map  43191 | icp ok  iter 10 corr 11080 rms 0.2390  124.02 ms | p=(  397.21   347.66 -16.34) v=6.26 m/s
[lio] t=1317401188.620 | feat 11280/82841 | map  43191 | icp ok  iter  9 corr 11263 rms 0.2552  119.84 ms | p=(  397.80   347.37 -16.30) v=6.33 m/s [KF]
[lio] t=1317401188.724 | feat 10983/83074 | map  43075 | icp ok  iter 11 corr 10977 rms 0.2359  128.33 ms | p=(  398.39   347.05 -16.29) v=6.41 m/s
[lio] t=1317401188.828 | feat 10849/82975 | map  43075 | icp ok  iter 10 corr 10836 rms 0.2524  113.60 ms | p=(  398.97   346.70 -16.28) v=6.45 m/s [KF]
[lio] t=1317401188.932 | feat 10899/82585 | map  42906 | icp ok  iter  8 corr 10879 rms 0.2615  109.80 ms | p=(  399.53   346.31 -16.24) v=6.51 m/s
[lio] t=1317401189.036 | feat 10908/82520 | map  42906 | icp ok  iter 10 corr 10864 rms 0.2555  120.23 ms | p=(  400.07   345.90 -16.20) v=6.55 m/s [KF]
[lio] t=1317401189.140 | feat 10787/82689 | map  42658 | icp ok  iter  6 corr 10764 rms 0.2394   77.52 ms | p=(  400.60   345.47 -16.16) v=6.59 m/s
[lio] t=1317401189.244 | feat 10779/83121 | map  42658 | icp ok  iter 15 corr 10746 rms 0.2724  181.72 ms | p=(  401.11   344.98 -16.12) v=6.72 m/s [KF]
[lio] t=1317401189.348 | feat 10750/83233 | map  42416 | icp ok  iter 12 corr 10727 rms 0.2755  150.88 ms | p=(  401.60   344.48 -16.08) v=6.76 m/s
[lio] t=1317401189.452 | feat 10533/83323 | map  42416 | icp ok  iter 12 corr 10493 rms 0.3110  135.60 ms | p=(  402.07   343.94 -16.04) v=6.85 m/s [KF]
[lio] t=1317401189.556 | feat 10364/83577 | map  42307 | icp ok  iter 17 corr 10349 rms 0.2675  181.13 ms | p=(  402.53   343.38 -15.99) v=6.94 m/s
[lio] t=1317401189.660 | feat 10073/83753 | map  42307 | icp ok  iter 18 corr 10021 rms 0.3053  179.46 ms | p=(  402.97   342.79 -15.94) v=7.02 m/s [KF]
[lio] t=1317401189.764 | feat 9785/83720 | map  42201 | icp ok  iter 14 corr  9773 rms 0.2688  141.10 ms | p=(  403.39   342.19 -15.90) v=7.11 m/s
[lio] t=1317401189.868 | feat 9462/83865 | map  42201 | icp ok  iter 14 corr  9449 rms 0.2929  146.69 ms | p=(  403.79   341.53 -15.84) v=7.36 m/s [KF]
[lio] t=1317401189.971 | feat 9300/83820 | map  41670 | icp ok  iter  5 corr  9298 rms 0.2576   59.75 ms | p=(  404.18   340.88 -15.80) v=7.33 m/s
[lio] t=1317401190.075 | feat 9284/83808 | map  41670 | icp ok  iter 20 corr  9272 rms 0.2819  186.97 ms | p=(  404.55   340.19 -15.74) v=7.52 m/s [KF]
[lio] t=1317401190.179 | feat 9056/83851 | map  41396 | icp ok  iter 18 corr  9052 rms 0.2594  174.08 ms | p=(  404.91   339.47 -15.68) v=7.73 m/s
[lio] t=1317401190.283 | feat 9152/83819 | map  41396 | icp ok  iter 15 corr  9137 rms 0.2820  147.29 ms | p=(  405.25   338.74 -15.62) v=7.82 m/s [KF]
[lio] t=1317401190.386 | feat 9206/83755 | map  41213 | icp ok  iter 12 corr  9205 rms 0.2503  116.75 ms | p=(  405.57   338.00 -15.55) v=7.86 m/s
[lio] t=1317401190.490 | feat 9085/83555 | map  41213 | icp ok  iter 21 corr  9077 rms 0.2668  193.30 ms | p=(  405.89   337.21 -15.48) v=8.10 m/s [KF]
[lio] t=1317401190.594 | feat 8988/83303 | map  40906 | icp ok  iter  9 corr  8985 rms 0.2559   85.66 ms | p=(  406.21   336.42 -15.42) v=8.23 m/s
[lio] t=1317401190.697 | feat 8952/82944 | map  40906 | icp ok  iter 14 corr  8949 rms 0.2854  126.26 ms | p=(  406.52   335.61 -15.36) v=8.42 m/s [KF]
[lio] t=1317401190.801 | feat 8777/82666 | map  40542 | icp ok  iter  5 corr  8775 rms 0.2411   51.35 ms | p=(  406.82   334.78 -15.30) v=8.54 m/s
[lio] t=1317401190.905 | feat 8538/82300 | map  40542 | icp ok  iter 16 corr  8520 rms 0.2733  139.17 ms | p=(  407.13   333.91 -15.22) v=8.78 m/s [KF]
[lio] t=1317401191.009 | feat 8045/82100 | map  40381 | icp ok  iter 10 corr  8035 rms 0.2626   94.89 ms | p=(  407.42   333.04 -15.16) v=8.89 m/s
[lio] t=1317401191.112 | feat 7774/81752 | map  40381 | icp ok  iter  5 corr  7745 rms 0.3048   50.64 ms | p=(  407.72   332.19 -15.09) v=8.81 m/s [KF]
[lio] t=1317401191.216 | feat 7555/81400 | map  40165 | icp ok  iter 12 corr  7552 rms 0.2595   99.71 ms | p=(  408.01   331.30 -15.02) v=9.00 m/s
[lio] t=1317401191.320 | feat 7331/81029 | map  40165 | icp ok  iter  7 corr  7328 rms 0.2883   55.31 ms | p=(  408.30   330.41 -14.94) v=9.03 m/s [KF]
[lio] t=1317401191.423 | feat 7112/80567 | map  39750 | icp ok  iter 11 corr  7112 rms 0.2475   76.39 ms | p=(  408.58   329.49 -14.88) v=9.18 m/s
[lio] t=1317401191.527 | feat 7031/80293 | map  39750 | icp ok  iter  4 corr  7023 rms 0.2857   33.76 ms | p=(  408.87   328.57 -14.81) v=9.26 m/s [KF]
[lio] t=1317401191.631 | feat 6999/79980 | map  39113 | icp ok  iter 10 corr  6984 rms 0.2633   72.32 ms | p=(  409.14   327.64 -14.74) v=9.33 m/s
[lio] t=1317401191.735 | feat 7054/79701 | map  39113 | icp ok  iter  9 corr  7044 rms 0.3173   70.05 ms | p=(  409.44   326.73 -14.66) v=9.33 m/s [KF]
[lio] t=1317401191.839 | feat 7006/78698 | map  38484 | icp ok  iter 15 corr  6958 rms 0.2571  102.99 ms | p=(  409.71   325.78 -14.59) v=9.46 m/s
[lio] t=1317401191.942 | feat 6822/78229 | map  38484 | icp ok  iter 15 corr  6761 rms 0.3242   95.76 ms | p=(  410.00   324.82 -14.52) v=9.56 m/s [KF]
[lio] t=1317401192.046 | feat 6713/77979 | map  37814 | icp ok  iter  7 corr  6711 rms 0.2774   45.60 ms | p=(  410.28   323.87 -14.45) v=9.56 m/s
[lio] t=1317401192.150 | feat 6638/77981 | map  37814 | icp ok  iter 12 corr  6624 rms 0.3552   76.43 ms | p=(  410.56   322.89 -14.37) v=9.69 m/s [KF]
[lio] t=1317401192.254 | feat 6689/78840 | map  37066 | icp ok  iter  6 corr  6654 rms 0.2728   41.56 ms | p=(  410.83   321.91 -14.30) v=9.77 m/s [KF]
[lio] t=1317401192.358 | feat 6670/79466 | map  36452 | icp ok  iter  8 corr  6630 rms 0.2769   53.47 ms | p=(  411.10   320.93 -14.22) v=9.80 m/s [KF]
[lio] t=1317401192.461 | feat 6778/80217 | map  35777 | icp ok  iter  9 corr  6749 rms 0.3126   65.35 ms | p=(  411.38   319.93 -14.14) v=9.95 m/s [KF]
[lio] t=1317401192.565 | feat 6847/80881 | map  34955 | icp ok  iter 17 corr  6824 rms 0.2986  106.26 ms | p=(  411.64   318.94 -14.06) v=9.89 m/s [KF]
[lio] t=1317401192.669 | feat 6927/81193 | map  34180 | icp ok  iter  9 corr  6890 rms 0.3033   60.84 ms | p=(  411.91   317.93 -13.98) v=9.94 m/s [KF]
[lio] t=1317401192.773 | feat 7037/81303 | map  33598 | icp ok  iter  9 corr  7012 rms 0.3065   62.74 ms | p=(  412.16   316.93 -13.90) v=9.94 m/s [KF]
[lio] t=1317401192.877 | feat 7337/81177 | map  33212 | icp ok  iter 10 corr  7223 rms 0.3875   71.14 ms | p=(  412.40   315.92 -13.82) v=9.95 m/s [KF]
[lio] t=1317401192.980 | feat 7428/81052 | map  32846 | icp ok  iter  7 corr  7392 rms 0.3663   54.91 ms | p=(  412.65   314.91 -13.75) v=9.94 m/s [KF]
[lio] t=1317401193.084 | feat 7055/81215 | map  32416 | icp ok  iter 11 corr  7052 rms 0.2513   83.23 ms | p=(  412.89   313.92 -13.66) v=9.83 m/s [KF]
[lio] t=1317401193.188 | feat 7061/81427 | map  31554 | icp ok  iter  9 corr  7060 rms 0.2400   63.79 ms | p=(  413.13   312.91 -13.59) v=9.87 m/s [KF]
[lio] t=1317401193.292 | feat 7066/81592 | map  30774 | icp ok  iter  7 corr  7062 rms 0.2531   57.13 ms | p=(  413.36   311.91 -13.51) v=9.86 m/s [KF]
[lio] t=1317401193.396 | feat 7016/81335 | map  29885 | icp ok  iter  6 corr  7012 rms 0.2793   51.29 ms | p=(  413.60   310.91 -13.44) v=9.86 m/s [KF]
[lio] t=1317401193.499 | feat 6805/80800 | map  28938 | icp ok  iter 12 corr  6797 rms 0.2298   82.60 ms | p=(  413.83   309.91 -13.35) v=9.82 m/s [KF]
[lio] t=1317401193.603 | feat 6779/80754 | map  28239 | icp ok  iter  9 corr  6779 rms 0.2484   66.99 ms | p=(  414.06   308.90 -13.28) v=9.88 m/s [KF]
[lio] t=1317401193.707 | feat 6822/80788 | map  27577 | icp ok  iter  9 corr  6820 rms 0.2380   66.04 ms | p=(  414.28   307.89 -13.20) v=9.86 m/s [KF]
[lio] t=1317401193.811 | feat 6846/81032 | map  26780 | icp ok  iter 11 corr  6842 rms 0.2562   80.62 ms | p=(  414.51   306.89 -13.10) v=9.84 m/s [KF]
[lio] t=1317401193.915 | feat 6822/80983 | map  26043 | icp ok  iter  4 corr  6817 rms 0.2471   36.19 ms | p=(  414.73   305.89 -13.02) v=9.81 m/s [KF]
[lio] t=1317401194.019 | feat 6832/80940 | map  25211 | icp ok  iter 10 corr  6827 rms 0.2383   73.23 ms | p=(  414.94   304.88 -12.96) v=9.84 m/s [KF]
[lio] t=1317401194.123 | feat 6858/80524 | map  24301 | icp ok  iter  9 corr  6856 rms 0.2402   64.77 ms | p=(  415.14   303.87 -12.87) v=9.85 m/s [KF]
[lio] t=1317401194.226 | feat 6831/80546 | map  23209 | icp ok  iter  8 corr  6831 rms 0.2271   57.41 ms | p=(  415.35   302.85 -12.79) v=9.88 m/s [KF]
[lio] t=1317401194.330 | feat 6787/80681 | map  22526 | icp ok  iter  7 corr  6782 rms 0.2322   50.27 ms | p=(  415.54   301.84 -12.70) v=9.87 m/s [KF]
[lio] t=1317401194.434 | feat 6698/80768 | map  22063 | icp ok  iter  7 corr  6680 rms 0.2505   49.30 ms | p=(  415.72   300.83 -12.63) v=9.84 m/s [KF]
[lio] t=1317401194.538 | feat 6624/80347 | map  21806 | icp ok  iter  7 corr  6624 rms 0.2426   46.23 ms | p=(  415.89   299.83 -12.55) v=9.76 m/s [KF]
[lio] t=1317401194.642 | feat 6503/80176 | map  21499 | icp ok  iter 16 corr  6501 rms 0.2303  109.03 ms | p=(  416.06   298.83 -12.46) v=9.70 m/s [KF]
[lio] t=1317401194.746 | feat 6468/80753 | map  21261 | icp ok  iter  7 corr  6465 rms 0.2485   51.09 ms | p=(  416.23   297.82 -12.37) v=9.73 m/s [KF]
[lio] t=1317401194.849 | feat 6466/80921 | map  21154 | icp ok  iter 13 corr  6460 rms 0.2446   92.69 ms | p=(  416.38   296.82 -12.28) v=9.73 m/s [KF]
[lio] t=1317401194.953 | feat 6371/81406 | map  21061 | icp ok  iter 11 corr  6371 rms 0.2462   75.56 ms | p=(  416.54   295.81 -12.23) v=9.76 m/s [KF]
[lio] t=1317401195.057 | feat 6181/81144 | map  21000 | icp ok  iter 14 corr  6181 rms 0.2446   82.27 ms | p=(  416.69   294.81 -12.15) v=9.73 m/s [KF]
[lio] t=1317401195.161 | feat 6185/81138 | map  20972 | icp ok  iter  9 corr  6180 rms 0.2417   63.06 ms | p=(  416.85   293.80 -12.09) v=9.74 m/s [KF]
[lio] t=1317401195.265 | feat 6189/81588 | map  20895 | icp ok  iter 11 corr  6186 rms 0.2222   70.61 ms | p=(  417.00   292.81 -11.99) v=9.67 m/s [KF]
[lio] t=1317401195.368 | feat 6125/82160 | map  20719 | icp ok  iter 10 corr  6122 rms 0.2202   62.30 ms | p=(  417.16   291.80 -11.93) v=9.69 m/s [KF]
[lio] t=1317401195.472 | feat 6179/82676 | map  20490 | icp ok  iter 11 corr  6171 rms 0.2343   70.71 ms | p=(  417.32   290.79 -11.84) v=9.73 m/s [KF]
[lio] t=1317401195.576 | feat 6265/83398 | map  19900 | icp ok  iter  6 corr  6235 rms 0.2344   47.73 ms | p=(  417.48   289.80 -11.77) v=9.67 m/s [KF]
[lio] t=1317401195.680 | feat 6328/83556 | map  19449 | icp ok  iter  8 corr  6327 rms 0.2300   58.14 ms | p=(  417.64   288.80 -11.68) v=9.73 m/s [KF]
[lio] t=1317401195.784 | feat 6282/83365 | map  19337 | icp ok  iter 10 corr  6282 rms 0.2270   65.90 ms | p=(  417.82   287.79 -11.61) v=9.79 m/s [KF]
[lio] t=1317401195.887 | feat 6242/82628 | map  19207 | icp ok  iter  8 corr  6236 rms 0.2232   53.53 ms | p=(  418.00   286.79 -11.53) v=9.72 m/s [KF]
[lio] t=1317401195.991 | feat 6160/82341 | map  18969 | icp ok  iter  7 corr  6158 rms 0.2233   47.69 ms | p=(  418.19   285.80 -11.44) v=9.69 m/s [KF]
[lio] t=1317401196.095 | feat 6268/82406 | map  18728 | icp ok  iter  5 corr  6267 rms 0.2257   34.62 ms | p=(  418.39   284.81 -11.36) v=9.65 m/s [KF]
[lio] t=1317401196.199 | feat 6233/81869 | map  18562 | icp ok  iter  6 corr  6233 rms 0.2220   44.64 ms | p=(  418.57   283.83 -11.30) v=9.64 m/s [KF]
[lio] t=1317401196.302 | feat 6167/81337 | map  18509 | icp ok  iter 13 corr  6167 rms 0.2213   78.90 ms | p=(  418.79   282.83 -11.22) v=9.73 m/s [KF]
[lio] t=1317401196.406 | feat 6230/81311 | map  18388 | icp ok  iter 12 corr  6227 rms 0.2201   72.25 ms | p=(  419.01   281.85 -11.13) v=9.66 m/s [KF]
[lio] t=1317401196.510 | feat 6241/81272 | map  18209 | icp ok  iter  8 corr  6232 rms 0.2404   50.56 ms | p=(  419.24   280.86 -11.04) v=9.71 m/s [KF]
[lio] t=1317401196.614 | feat 6333/80841 | map  17970 | icp ok  iter  9 corr  6324 rms 0.2191   57.85 ms | p=(  419.46   279.86 -10.98) v=9.75 m/s [KF]
[lio] t=1317401196.718 | feat 6397/79283 | map  17809 | icp ok  iter 10 corr  6375 rms 0.2415   59.90 ms | p=(  419.70   278.88 -10.91) v=9.73 m/s [KF]
[lio] t=1317401196.822 | feat 6511/78226 | map  17737 | icp ok  iter 10 corr  6502 rms 0.2475   64.84 ms | p=(  419.95   277.89 -10.83) v=9.76 m/s [KF]
[lio] t=1317401196.925 | feat 6543/78563 | map  17688 | icp ok  iter 11 corr  6525 rms 0.2321   72.84 ms | p=(  420.21   276.90 -10.75) v=9.77 m/s [KF]
[lio] t=1317401197.029 | feat 6502/79685 | map  17555 | icp ok  iter 13 corr  6500 rms 0.2574   77.73 ms | p=(  420.46   275.91 -10.67) v=9.75 m/s [KF]
[lio] t=1317401197.133 | feat 6594/81319 | map  17338 | icp ok  iter 10 corr  6581 rms 0.2409   65.42 ms | p=(  420.72   274.92 -10.59) v=9.82 m/s [KF]
[lio] t=1317401197.237 | feat 6626/81663 | map  17182 | icp ok  iter 11 corr  6615 rms 0.2385   68.50 ms | p=(  420.99   273.95 -10.51) v=9.71 m/s [KF]
[lio] t=1317401197.341 | feat 6694/81754 | map  17040 | icp ok  iter  7 corr  6692 rms 0.2412   53.52 ms | p=(  421.25   272.95 -10.44) v=9.79 m/s [KF]
[lio] t=1317401197.445 | feat 6639/81885 | map  16876 | icp ok  iter 10 corr  6631 rms 0.2355   67.74 ms | p=(  421.52   271.96 -10.38) v=9.84 m/s [KF]
[lio] t=1317401197.549 | feat 6660/81898 | map  16753 | icp ok  iter 10 corr  6653 rms 0.2571   62.21 ms | p=(  421.80   270.98 -10.30) v=9.79 m/s [KF]
[lio] t=1317401197.653 | feat 6662/82268 | map  16807 | icp ok  iter  7 corr  6661 rms 0.2432   47.05 ms | p=(  422.06   270.00 -10.22) v=9.72 m/s [KF]
[lio] t=1317401197.757 | feat 6608/82509 | map  16819 | icp ok  iter  7 corr  6606 rms 0.2137   45.87 ms | p=(  422.33   269.02 -10.15) v=9.71 m/s [KF]
[lio] t=1317401197.861 | feat 6566/82836 | map  16802 | icp ok  iter  7 corr  6558 rms 0.2437   44.26 ms | p=(  422.60   268.05 -10.08) v=9.66 m/s [KF]
[lio] t=1317401197.965 | feat 6470/83055 | map  16797 | icp ok  iter  8 corr  6467 rms 0.2181   49.74 ms | p=(  422.88   267.07 -10.02) v=9.67 m/s [KF]
[lio] t=1317401198.069 | feat 6392/83154 | map  16779 | icp ok  iter  6 corr  6392 rms 0.2048   39.86 ms | p=(  423.15   266.10  -9.95) v=9.66 m/s [KF]
[lio] t=1317401198.173 | feat 6301/83234 | map  16669 | icp ok  iter  5 corr  6301 rms 0.2055   33.44 ms | p=(  423.42   265.13  -9.88) v=9.63 m/s [KF]
[lio] t=1317401198.277 | feat 6342/83383 | map  16514 | icp ok  iter  6 corr  6341 rms 0.2063   39.85 ms | p=(  423.69   264.15  -9.82) v=9.63 m/s [KF]
[lio] t=1317401198.381 | feat 6266/83337 | map  16377 | icp ok  iter  5 corr  6266 rms 0.2121   34.23 ms | p=(  423.96   263.19  -9.75) v=9.60 m/s [KF]
[lio] t=1317401198.484 | feat 6128/83297 | map  16323 | icp ok  iter  6 corr  6127 rms 0.2455   39.93 ms | p=(  424.24   262.22  -9.69) v=9.59 m/s [KF]
[lio] t=1317401198.588 | feat 6104/83265 | map  16228 | icp ok  iter  8 corr  6104 rms 0.2349   52.19 ms | p=(  424.50   261.24  -9.61) v=9.64 m/s [KF]
[lio] t=1317401198.692 | feat 6138/83214 | map  16141 | icp ok  iter  8 corr  6138 rms 0.2151   47.49 ms | p=(  424.76   260.27  -9.55) v=9.60 m/s [KF]
[lio] t=1317401198.796 | feat 6136/83135 | map  16026 | icp ok  iter  9 corr  6136 rms 0.2282   51.50 ms | p=(  425.03   259.30  -9.48) v=9.54 m/s [KF]
[lio] t=1317401198.900 | feat 6080/82798 | map  15930 | icp ok  iter  5 corr  6080 rms 0.2248   33.49 ms | p=(  425.29   258.35  -9.41) v=9.47 m/s
[lio] t=1317401199.004 | feat 6108/82693 | map  15930 | icp ok  iter  7 corr  6108 rms 0.2523   45.98 ms | p=(  425.55   257.38  -9.34) v=9.45 m/s [KF]
[lio] t=1317401199.108 | feat 6047/82211 | map  16014 | icp ok  iter  9 corr  6047 rms 0.2208   52.48 ms | p=(  425.81   256.43  -9.28) v=9.42 m/s
[lio] t=1317401199.212 | feat 6012/81858 | map  16014 | icp ok  iter  6 corr  6001 rms 0.2546   34.68 ms | p=(  426.06   255.49  -9.22) v=9.30 m/s [KF]
[lio] t=1317401199.316 | feat 6021/81494 | map  16089 | icp ok  iter 10 corr  6019 rms 0.2406   62.18 ms | p=(  426.31   254.54  -9.15) v=9.34 m/s
[lio] t=1317401199.420 | feat 5957/81291 | map  16089 | icp ok  iter  5 corr  5942 rms 0.2540   32.77 ms | p=(  426.56   253.60  -9.07) v=9.23 m/s [KF]
[lio] t=1317401199.524 | feat 6085/80950 | map  16084 | icp ok  iter  9 corr  6084 rms 0.2889   57.18 ms | p=(  426.81   252.67  -9.00) v=9.22 m/s
[lio] t=1317401199.628 | feat 6056/80059 | map  16084 | icp ok  iter  7 corr  6016 rms 0.2905   39.84 ms | p=(  427.05   251.75  -8.94) v=9.10 m/s [KF]
[lio] t=1317401199.731 | feat 6057/79214 | map  16027 | icp ok  iter  8 corr  6046 rms 0.2728   47.15 ms | p=(  427.29   250.83  -8.87) v=9.03 m/s
[lio] t=1317401199.835 | feat 5991/78471 | map  16027 | icp ok  iter 10 corr  5969 rms 0.2856   64.66 ms | p=(  427.52   249.95  -8.80) v=8.76 m/s [KF]
[lio] t=1317401199.939 | feat 6020/77900 | map  16044 | icp ok  iter  6 corr  6019 rms 0.2352   45.39 ms | p=(  427.75   249.04  -8.73) v=8.85 m/s
[lio] t=1317401200.043 | feat 6071/77936 | map  16044 | icp ok  iter  7 corr  6068 rms 0.2805   47.10 ms | p=(  427.98   248.14  -8.67) v=8.80 m/s [KF]
[lio] t=1317401200.147 | feat 6045/78675 | map  16090 | icp ok  iter  6 corr  6041 rms 0.2458   40.77 ms | p=(  428.21   247.25  -8.60) v=8.71 m/s
[lio] t=1317401200.251 | feat 6027/79300 | map  16090 | icp ok  iter  7 corr  5996 rms 0.2843   45.63 ms | p=(  428.41   246.40  -8.53) v=8.46 m/s [KF]
[lio] t=1317401200.355 | feat 5994/79652 | map  16194 | icp ok  iter  9 corr  5991 rms 0.2698   56.11 ms | p=(  428.62   245.52  -8.46) v=8.52 m/s
[lio] t=1317401200.459 | feat 5972/79772 | map  16194 | icp ok  iter 13 corr  5949 rms 0.3144   72.96 ms | p=(  428.84   244.65  -8.40) v=8.51 m/s [KF]
[lio] t=1317401200.563 | feat 5902/80018 | map  16381 | icp ok  iter 10 corr  5895 rms 0.2776   64.30 ms | p=(  429.05   243.77  -8.33) v=8.53 m/s
[lio] t=1317401200.667 | feat 5984/80108 | map  16381 | icp ok  iter  9 corr  5964 rms 0.3050   61.09 ms | p=(  429.25   242.95  -8.26) v=8.21 m/s [KF]
[lio] t=1317401200.771 | feat 5856/79891 | map  16493 | icp ok  iter 14 corr  5854 rms 0.2522   81.03 ms | p=(  429.44   242.11  -8.21) v=8.19 m/s
[lio] t=1317401200.875 | feat 5742/79598 | map  16493 | icp ok  iter  7 corr  5720 rms 0.3037   46.17 ms | p=(  429.64   241.27  -8.13) v=8.17 m/s [KF]
[lio] t=1317401200.979 | feat 5742/79718 | map  16545 | icp ok  iter 12 corr  5722 rms 0.2308   73.46 ms | p=(  429.83   240.42  -8.06) v=8.14 m/s
[lio] t=1317401201.082 | feat 5723/79872 | map  16545 | icp ok  iter 15 corr  5696 rms 0.2731   86.58 ms | p=(  430.01   239.65  -8.00) v=7.69 m/s [KF]
[lio] t=1317401201.186 | feat 5752/79953 | map  16644 | icp ok  iter  7 corr  5747 rms 0.2513   50.48 ms | p=(  430.20   238.84  -7.94) v=7.75 m/s
[lio] t=1317401201.290 | feat 5815/79739 | map  16644 | icp ok  iter  9 corr  5800 rms 0.2781   52.36 ms | p=(  430.36   238.08  -7.88) v=7.45 m/s [KF]
[lio] t=1317401201.394 | feat 5778/79323 | map  16862 | icp ok  iter 16 corr  5776 rms 0.2495   97.85 ms | p=(  430.55   237.27  -7.82) v=7.69 m/s
[lio] t=1317401201.498 | feat 5880/78558 | map  16862 | icp ok  iter  7 corr  5864 rms 0.2846   48.51 ms | p=(  430.72   236.55  -7.76) v=7.28 m/s [KF]
[lio] t=1317401201.602 | feat 5836/77795 | map  17116 | icp ok  iter 13 corr  5828 rms 0.2692   86.02 ms | p=(  430.90   235.74  -7.71) v=7.56 m/s
[lio] t=1317401201.706 | feat 5813/77106 | map  17116 | icp ok  iter 14 corr  5802 rms 0.3069   84.06 ms | p=(  431.06   235.04  -7.66) v=7.07 m/s [KF]
[lio] t=1317401201.810 | feat 5724/76489 | map  17396 | icp ok  iter 20 corr  5719 rms 0.2478  122.67 ms | p=(  431.23   234.26  -7.61) v=7.34 m/s
[lio] t=1317401201.914 | feat 5635/75801 | map  17396 | icp ok  iter  7 corr  5631 rms 0.2702   45.24 ms | p=(  431.39   233.56  -7.55) v=6.97 m/s [KF]
[lio] t=1317401202.018 | feat 5614/75424 | map  17637 | icp ok  iter 23 corr  5613 rms 0.2297  130.14 ms | p=(  431.55   232.83  -7.49) v=7.02 m/s
[lio] t=1317401202.122 | feat 5544/75418 | map  17637 | icp ok  iter  5 corr  5544 rms 0.2616   29.67 ms | p=(  431.71   232.12  -7.44) v=6.90 m/s [KF]
[lio] t=1317401202.226 | feat 5512/75336 | map  17810 | icp ok  iter 11 corr  5511 rms 0.2335   65.38 ms | p=(  431.87   231.46  -7.40) v=6.56 m/s
[lio] t=1317401202.330 | feat 5526/75459 | map  17810 | icp ok  iter  8 corr  5526 rms 0.2780   57.45 ms | p=(  432.04   230.71  -7.35) v=6.98 m/s [KF]
[lio] t=1317401202.434 | feat 5525/75206 | map  17956 | icp ok  iter 12 corr  5525 rms 0.2345   74.71 ms | p=(  432.18   230.08  -7.31) v=6.40 m/s
[lio] t=1317401202.538 | feat 5554/74959 | map  17956 | icp ok  iter 13 corr  5552 rms 0.2715   87.92 ms | p=(  432.35   229.34  -7.26) v=6.84 m/s [KF]
[lio] t=1317401202.642 | feat 5541/74828 | map  18096 | icp ok  iter 10 corr  5541 rms 0.2234   60.17 ms | p=(  432.50   228.70  -7.22) v=6.39 m/s
[lio] t=1317401202.746 | feat 5634/75180 | map  18096 | icp ok  iter  5 corr  5626 rms 0.2711   30.36 ms | p=(  432.65   228.06  -7.17) v=6.25 m/s [KF]
[lio] t=1317401202.850 | feat 5552/75464 | map  18288 | icp ok  iter 15 corr  5546 rms 0.2269   84.42 ms | p=(  432.80   227.40  -7.13) v=6.31 m/s
[lio] t=1317401202.954 | feat 5486/75564 | map  18288 | icp ok  iter  6 corr  5477 rms 0.2646   33.87 ms | p=(  432.94   226.78  -7.09) v=6.07 m/s [KF]
[lio] t=1317401203.058 | feat 5475/76023 | map  18497 | icp ok  iter  4 corr  5474 rms 0.2558   23.90 ms | p=(  433.09   226.18  -7.05) v=5.86 m/s
[lio] t=1317401203.162 | feat 5388/76527 | map  18497 | icp ok  iter 12 corr  5384 rms 0.2583   70.31 ms | p=(  433.23   225.56  -7.01) v=5.94 m/s [KF]
[lio] t=1317401203.266 | feat 5352/77139 | map  18526 | icp ok  iter  9 corr  5347 rms 0.2243   51.62 ms | p=(  433.38   224.94  -6.98) v=5.93 m/s
[lio] t=1317401203.370 | feat 5373/77440 | map  18526 | icp ok  iter 11 corr  5367 rms 0.2495   56.36 ms | p=(  433.52   224.36  -6.94) v=5.67 m/s [KF]
[lio] t=1317401203.474 | feat 5390/77806 | map  18610 | icp ok  iter  8 corr  5370 rms 0.2507   43.16 ms | p=(  433.65   223.79  -6.90) v=5.55 m/s
[lio] t=1317401203.578 | feat 5350/78255 | map  18610 | icp ok  iter 13 corr  5324 rms 0.2886   65.89 ms | p=(  433.79   223.22  -6.86) v=5.50 m/s [KF]
[lio] t=1317401203.682 | feat 5350/78540 | map  18688 | icp ok  iter 11 corr  5347 rms 0.2172   56.04 ms | p=(  433.92   222.66  -6.82) v=5.43 m/s
[lio] t=1317401203.786 | feat 5317/78623 | map  18688 | icp ok  iter  9 corr  5316 rms 0.2597   48.32 ms | p=(  434.05   222.10  -6.79) v=5.40 m/s [KF]
[lio] t=1317401203.890 | feat 5308/78709 | map  18712 | icp ok  iter  7 corr  5308 rms 0.2225   39.70 ms | p=(  434.18   221.55  -6.75) v=5.35 m/s
[lio] t=1317401203.994 | feat 5250/79032 | map  18712 | icp ok  iter 11 corr  5247 rms 0.2534   62.31 ms | p=(  434.32   220.97  -6.71) v=5.45 m/s [KF]
[lio] t=1317401204.098 | feat 5252/79335 | map  18586 | icp ok  iter  8 corr  5250 rms 0.2410   40.99 ms | p=(  434.44   220.45  -6.68) v=5.22 m/s
[lio] t=1317401204.202 | feat 5259/79250 | map  18586 | icp ok  iter 15 corr  5256 rms 0.3015   74.15 ms | p=(  434.58   219.91  -6.65) v=5.22 m/s [KF]
[lio] t=1317401204.306 | feat 5269/78855 | map  18494 | icp ok  iter  8 corr  5268 rms 0.2520   43.13 ms | p=(  434.70   219.37  -6.61) v=5.24 m/s
[lio] t=1317401204.410 | feat 5255/78692 | map  18494 | icp ok  iter  7 corr  5255 rms 0.2954   34.80 ms | p=(  434.83   218.84  -6.58) v=5.17 m/s [KF]
[lio] t=1317401204.514 | feat 5263/78504 | map  18411 | icp ok  iter 10 corr  5263 rms 0.2456   50.89 ms | p=(  434.96   218.31  -6.54) v=5.17 m/s
[lio] t=1317401204.618 | feat 5227/78529 | map  18411 | icp ok  iter  9 corr  5227 rms 0.2700   46.24 ms | p=(  435.08   217.78  -6.51) v=5.14 m/s [KF]
[lio] t=1317401204.722 | feat 5217/78803 | map  18353 | icp ok  iter  7 corr  5217 rms 0.2393   36.43 ms | p=(  435.21   217.25  -6.47) v=5.11 m/s
[lio] t=1317401204.826 | feat 5186/79001 | map  18353 | icp ok  iter 11 corr  5182 rms 0.2791   55.15 ms | p=(  435.33   216.73  -6.43) v=5.11 m/s [KF]
[lio] t=1317401204.930 | feat 5313/78716 | map  18161 | icp ok  iter  6 corr  5280 rms 0.2723   35.00 ms | p=(  435.46   216.20  -6.40) v=5.12 m/s
[lio] t=1317401205.034 | feat 5337/78508 | map  18161 | icp ok  iter  9 corr  5330 rms 0.2897   51.82 ms | p=(  435.59   215.67  -6.38) v=5.12 m/s [KF]
[lio] t=1317401205.138 | feat 5293/78354 | map  18060 | icp ok  iter  8 corr  5293 rms 0.2280   42.24 ms | p=(  435.71   215.16  -6.34) v=5.06 m/s
[lio] t=1317401205.242 | feat 5344/78221 | map  18060 | icp ok  iter  6 corr  5339 rms 0.2728   37.54 ms | p=(  435.84   214.64  -6.30) v=5.05 m/s [KF]
[lio] t=1317401205.346 | feat 5355/77998 | map  17952 | icp ok  iter  6 corr  5353 rms 0.2322   32.65 ms | p=(  435.96   214.12  -6.27) v=5.01 m/s
[lio] t=1317401205.450 | feat 5318/77352 | map  17952 | icp ok  iter  5 corr  5315 rms 0.2752   30.22 ms | p=(  436.09   213.61  -6.24) v=4.97 m/s [KF]
[lio] t=1317401205.554 | feat 5241/76776 | map  17799 | icp ok  iter  7 corr  5240 rms 0.2196   37.53 ms | p=(  436.21   213.10  -6.20) v=4.97 m/s
[lio] t=1317401205.658 | feat 5224/76105 | map  17799 | icp ok  iter 14 corr  5222 rms 0.2706   72.07 ms | p=(  436.34   212.58  -6.17) v=5.03 m/s [KF]
[lio] t=1317401205.762 | feat 5233/75152 | map  17539 | icp ok  iter  9 corr  5229 rms 0.2254   45.06 ms | p=(  436.46   212.07  -6.14) v=5.01 m/s
[lio] t=1317401205.866 | feat 5140/74262 | map  17539 | icp ok  iter  7 corr  5125 rms 0.2599   34.71 ms | p=(  436.59   211.56  -6.10) v=4.95 m/s [KF]
[lio] t=1317401205.970 | feat 5142/73409 | map  17292 | icp ok  iter  8 corr  5138 rms 0.2805   43.31 ms | p=(  436.71   211.06  -6.07) v=4.92 m/s
[lio] t=1317401206.074 | feat 5142/72732 | map  17292 | icp ok  iter  8 corr  5139 rms 0.3075   44.61 ms | p=(  436.85   210.56  -6.02) v=4.89 m/s [KF]
[lio] t=1317401206.178 | feat 5221/72308 | map  17160 | icp ok  iter  8 corr  5217 rms 0.2520   47.95 ms | p=(  436.98   210.05  -5.99) v=4.92 m/s
[lio] t=1317401206.282 | feat 5268/72549 | map  17160 | icp ok  iter 14 corr  5265 rms 0.2984   73.96 ms | p=(  437.11   209.54  -5.95) v=4.95 m/s [KF]
[lio] t=1317401206.386 | feat 5225/72433 | map  17045 | icp ok  iter  6 corr  5220 rms 0.2403   34.15 ms | p=(  437.23   209.05  -5.92) v=4.84 m/s
[lio] t=1317401206.491 | feat 5305/72586 | map  17045 | icp ok  iter 12 corr  5299 rms 0.2952   66.48 ms | p=(  437.35   208.56  -5.88) v=4.82 m/s [KF]
[lio] t=1317401206.595 | feat 5335/72662 | map  16957 | icp ok  iter  4 corr  5331 rms 0.2632   24.45 ms | p=(  437.48   208.07  -5.84) v=4.77 m/s
[lio] t=1317401206.699 | feat 5341/72510 | map  16957 | icp ok  iter  9 corr  5338 rms 0.3056   50.35 ms | p=(  437.61   207.57  -5.80) v=4.84 m/s [KF]
[lio] t=1317401206.803 | feat 5335/72480 | map  16848 | icp ok  iter  7 corr  5331 rms 0.2450   36.60 ms | p=(  437.73   207.08  -5.77) v=4.81 m/s
[lio] t=1317401206.907 | feat 5267/72936 | map  16848 | icp ok  iter  7 corr  5258 rms 0.2842   37.61 ms | p=(  437.86   206.59  -5.73) v=4.83 m/s [KF]
[lio] t=1317401207.011 | feat 5294/72781 | map  16719 | icp ok  iter  5 corr  5292 rms 0.2461   32.34 ms | p=(  437.99   206.09  -5.69) v=4.85 m/s
[lio] t=1317401207.115 | feat 5411/72090 | map  16719 | icp ok  iter  7 corr  5407 rms 0.2857   43.24 ms | p=(  438.11   205.60  -5.64) v=4.84 m/s [KF]
[lio] t=1317401207.219 | feat 5450/71556 | map  16692 | icp ok  iter  8 corr  5450 rms 0.2552   45.16 ms | p=(  438.24   205.10  -5.60) v=4.84 m/s
[lio] t=1317401207.323 | feat 5588/71422 | map  16692 | icp ok  iter  6 corr  5587 rms 0.2809   37.20 ms | p=(  438.36   204.62  -5.57) v=4.78 m/s [KF]
[lio] t=1317401207.427 | feat 5661/71438 | map  16804 | icp ok  iter  9 corr  5660 rms 0.2707   52.98 ms | p=(  438.49   204.12  -5.53) v=4.86 m/s
[lio] t=1317401207.531 | feat 5729/71634 | map  16804 | icp ok  iter  7 corr  5727 rms 0.2797   41.36 ms | p=(  438.61   203.62  -5.48) v=4.87 m/s [KF]
[lio] t=1317401207.635 | feat 5857/72396 | map  16951 | icp ok  iter  6 corr  5857 rms 0.2338   38.21 ms | p=(  438.74   203.12  -5.45) v=4.89 m/s
[lio] t=1317401207.739 | feat 5930/73338 | map  16951 | icp ok  iter  5 corr  5930 rms 0.2857   32.39 ms | p=(  438.86   202.63  -5.41) v=4.88 m/s [KF]
[lio] t=1317401207.843 | feat 6017/74385 | map  17078 | icp ok  iter  8 corr  6011 rms 0.2278   46.43 ms | p=(  438.99   202.13  -5.37) v=4.88 m/s
[lio] t=1317401207.947 | feat 6047/75492 | map  17078 | icp ok  iter 11 corr  6038 rms 0.2674   70.52 ms | p=(  439.11   201.60  -5.32) v=5.05 m/s [KF]
[lio] t=1317401208.051 | feat 6175/76606 | map  17253 | icp ok  iter  4 corr  6175 rms 0.2579   27.00 ms | p=(  439.24   201.10  -5.28) v=4.97 m/s
[lio] t=1317401208.155 | feat 6138/77203 | map  17253 | icp ok  iter  8 corr  6131 rms 0.2993   48.51 ms | p=(  439.37   200.60  -5.24) v=5.00 m/s [KF]
[lio] t=1317401208.259 | feat 6262/77881 | map  17406 | icp ok  iter  7 corr  6261 rms 0.2489   44.64 ms | p=(  439.50   200.08  -5.20) v=5.04 m/s
[lio] t=1317401208.363 | feat 6397/78394 | map  17406 | icp ok  iter 10 corr  6393 rms 0.3064   65.50 ms | p=(  439.63   199.57  -5.16) v=5.05 m/s [KF]
[lio] t=1317401208.467 | feat 6457/78492 | map  17728 | icp ok  iter  9 corr  6455 rms 0.2549   54.05 ms | p=(  439.75   199.06  -5.12) v=5.02 m/s
[lio] t=1317401208.571 | feat 6593/78395 | map  17728 | icp ok  iter  9 corr  6581 rms 0.3073   61.69 ms | p=(  439.88   198.52  -5.08) v=5.14 m/s [KF]
[lio] t=1317401208.675 | feat 6704/77710 | map  18143 | icp ok  iter  7 corr  6676 rms 0.2358   44.50 ms | p=(  440.00   198.00  -5.04) v=5.11 m/s
[lio] t=1317401208.779 | feat 6845/77396 | map  18143 | icp ok  iter  8 corr  6807 rms 0.3004   52.39 ms | p=(  440.12   197.49  -5.00) v=5.03 m/s [KF]
[lio] t=1317401208.883 | feat 6961/77472 | map  18554 | icp ok  iter  7 corr  6958 rms 0.2642   46.86 ms | p=(  440.24   196.98  -4.96) v=4.99 m/s
[lio] t=1317401208.987 | feat 7033/77815 | map  18554 | icp ok  iter  9 corr  7001 rms 0.3530   62.67 ms | p=(  440.36   196.45  -4.92) v=5.05 m/s [KF]
[lio] t=1317401209.091 | feat 7221/78323 | map  18979 | icp ok  iter  8 corr  7203 rms 0.2780   54.12 ms | p=(  440.48   195.94  -4.89) v=4.98 m/s
[lio] t=1317401209.195 | feat 7405/78838 | map  18979 | icp ok  iter 11 corr  7373 rms 0.3292   80.69 ms | p=(  440.60   195.42  -4.86) v=5.07 m/s [KF]
[lio] t=1317401209.299 | feat 7662/79593 | map  19487 | icp ok  iter  7 corr  7660 rms 0.2879   50.92 ms | p=(  440.71   194.91  -4.83) v=4.95 m/s
[lio] t=1317401209.403 | feat 7901/80449 | map  19487 | icp ok  iter 10 corr  7876 rms 0.3736   80.79 ms | p=(  440.83   194.39  -4.79) v=5.01 m/s [KF]
[lio] t=1317401209.507 | feat 8017/80925 | map  20032 | icp ok  iter  8 corr  8016 rms 0.2533   64.97 ms | p=(  440.94   193.89  -4.76) v=4.92 m/s
[lio] t=1317401209.611 | feat 8316/81650 | map  20032 | icp ok  iter 10 corr  8309 rms 0.3367   88.87 ms | p=(  441.05   193.36  -4.73) v=5.04 m/s [KF]
[lio] t=1317401209.715 | feat 8620/81881 | map  20630 | icp ok  iter  8 corr  8604 rms 0.2817   63.17 ms | p=(  441.16   192.85  -4.70) v=4.98 m/s
[lio] t=1317401209.819 | feat 8657/82000 | map  20630 | icp ok  iter  8 corr  8614 rms 0.3387   68.63 ms | p=(  441.26   192.33  -4.66) v=4.98 m/s [KF]
[lio] t=1317401209.923 | feat 8853/82214 | map  21265 | icp ok  iter  7 corr  8844 rms 0.2737   60.07 ms | p=(  441.36   191.82  -4.64) v=4.92 m/s
[lio] t=1317401210.028 | feat 8966/82385 | map  21265 | icp ok  iter  9 corr  8934 rms 0.3730   79.60 ms | p=(  441.44   191.32  -4.61) v=4.81 m/s [KF]
[lio] t=1317401210.132 | feat 9246/82563 | map  21981 | icp ok  iter  8 corr  9225 rms 0.2919   78.41 ms | p=(  441.53   190.83  -4.58) v=4.71 m/s
[lio] t=1317401210.236 | feat 9445/82839 | map  21981 | icp ok  iter 10 corr  9347 rms 0.3559   96.19 ms | p=(  441.60   190.33  -4.54) v=4.67 m/s [KF]
[lio] t=1317401210.340 | feat 9626/83112 | map  22737 | icp ok  iter  9 corr  9612 rms 0.2972   89.43 ms | p=(  441.68   189.85  -4.51) v=4.54 m/s
[lio] t=1317401210.444 | feat 9837/83315 | map  22737 | icp ok  iter  8 corr  9757 rms 0.3553   86.45 ms | p=(  441.74   189.38  -4.48) v=4.44 m/s
[lio] t=1317401210.548 | feat 10033/83475 | map  22737 | icp ok  iter 10 corr  9867 rms 0.3873  100.50 ms | p=(  441.77   188.92  -4.44) v=4.32 m/s [KF]
[lio] t=1317401210.653 | feat 10163/83545 | map  23840 | icp ok  iter 10 corr 10142 rms 0.3047  106.77 ms | p=(  441.81   188.46  -4.40) v=4.30 m/s
[lio] t=1317401210.757 | feat 10127/83506 | map  23840 | icp ok  iter 10 corr 10046 rms 0.3370  106.62 ms | p=(  441.86   188.03  -4.38) v=4.07 m/s
[lio] t=1317401210.861 | feat 10101/83473 | map  23840 | icp ok  iter  8 corr  9952 rms 0.3678   83.92 ms | p=(  441.88   187.59  -4.34) v=4.03 m/s [KF]
[lio] t=1317401210.965 | feat 10209/83303 | map  24897 | icp ok  iter 15 corr 10200 rms 0.2952  170.92 ms | p=(  441.84   187.23  -4.31) v=3.53 m/s
[lio] t=1317401211.069 | feat 10082/83114 | map  24897 | icp ok  iter 15 corr 10068 rms 0.3090  166.74 ms | p=(  441.91   186.77  -4.28) v=3.90 m/s
[lio] t=1317401211.173 | feat 10280/82982 | map  24897 | icp ok  iter 14 corr 10250 rms 0.3432  141.16 ms | p=(  441.91   186.41  -4.24) v=3.50 m/s [KF]
[lio] t=1317401211.277 | feat 10189/82971 | map  25763 | icp ok  iter 10 corr 10186 rms 0.2199  106.56 ms | p=(  441.88   186.05  -4.21) v=3.31 m/s
[lio] t=1317401211.381 | feat 10152/82802 | map  25763 | icp ok  iter 11 corr 10144 rms 0.2547  108.83 ms | p=(  441.87   185.70  -4.19) v=3.25 m/s
[lio] t=1317401211.485 | feat 10210/82808 | map  25763 | icp ok  iter  8 corr 10187 rms 0.2710   80.58 ms | p=(  441.85   185.36  -4.16) v=3.15 m/s [KF]
[lio] t=1317401211.590 | feat 10262/82791 | map  26311 | icp ok  iter  8 corr 10259 rms 0.2252   85.04 ms | p=(  441.81   185.03  -4.15) v=3.12 m/s
[lio] t=1317401211.694 | feat 10320/82758 | map  26311 | icp ok  iter 11 corr 10314 rms 0.2463  109.29 ms | p=(  441.77   184.70  -4.12) v=3.11 m/s
[lio] t=1317401211.798 | feat 10261/82716 | map  26311 | icp ok  iter 11 corr 10255 rms 0.2913  120.25 ms | p=(  441.71   184.36  -4.10) v=3.16 m/s [KF]
[lio] t=1317401211.902 | feat 10247/82733 | map  26874 | icp ok  iter  6 corr 10238 rms 0.2533   72.50 ms | p=(  441.65   184.04  -4.08) v=3.07 m/s
[lio] t=1317401212.006 | feat 10272/82766 | map  26874 | icp ok  iter 12 corr 10262 rms 0.2642  122.25 ms | p=(  441.60   183.72  -4.06) v=3.04 m/s
[lio] t=1317401212.110 | feat 10362/82779 | map  26874 | icp ok  iter 10 corr 10358 rms 0.2640  102.24 ms | p=(  441.53   183.41  -4.03) v=2.99 m/s
[lio] t=1317401212.214 | feat 10436/83092 | map  26874 | icp ok  iter 11 corr 10431 rms 0.2690  114.77 ms | p=(  441.46   183.09  -4.01) v=2.98 m/s [KF]
[lio] t=1317401212.319 | feat 10506/83210 | map  27495 | icp ok  iter  8 corr 10504 rms 0.2396   86.72 ms | p=(  441.37   182.79  -3.98) v=2.94 m/s
[lio] t=1317401212.423 | feat 10623/83415 | map  27495 | icp ok  iter  6 corr 10617 rms 0.2688   73.23 ms | p=(  441.27   182.50  -3.95) v=2.88 m/s
[lio] t=1317401212.527 | feat 10685/83552 | map  27495 | icp ok  iter  6 corr 10680 rms 0.2871   75.98 ms | p=(  441.16   182.21  -3.95) v=2.90 m/s
[lio] t=1317401212.631 | feat 10847/83572 | map  27495 | icp ok  iter 10 corr 10832 rms 0.3010  121.59 ms | p=(  441.05   181.91  -3.93) v=3.01 m/s [KF]
[lio] t=1317401212.735 | feat 10890/83584 | map  28139 | icp ok  iter 10 corr 10890 rms 0.2403  110.74 ms | p=(  440.91   181.61  -3.93) v=3.12 m/s
[lio] t=1317401212.840 | feat 10983/83477 | map  28139 | icp ok  iter  8 corr 10976 rms 0.2673  101.68 ms | p=(  440.75   181.30  -3.91) v=3.25 m/s
[lio] t=1317401212.944 | feat 10878/83441 | map  28139 | icp ok  iter 11 corr 10874 rms 0.2676  131.48 ms | p=(  440.59   181.00  -3.89) v=3.29 m/s [KF]
[lio] t=1317401213.048 | feat 10890/83393 | map  28657 | icp ok  iter  7 corr 10888 rms 0.2609   88.51 ms | p=(  440.39   180.70  -3.86) v=3.43 m/s
[lio] t=1317401213.152 | feat 10897/83482 | map  28657 | icp ok  iter 19 corr 10894 rms 0.2424  197.83 ms | p=(  440.19   180.41  -3.83) v=3.45 m/s
[lio] t=1317401213.256 | feat 11027/83530 | map  28657 | icp ok  iter 10 corr 11021 rms 0.2632  120.69 ms | p=(  439.95   180.10  -3.79) v=3.64 m/s [KF]
[lio] t=1317401213.361 | feat 11053/83804 | map  29148 | icp ok  iter 10 corr 11049 rms 0.2452  111.17 ms | p=(  439.70   179.80  -3.76) v=3.77 m/s
[lio] t=1317401213.465 | feat 10968/83824 | map  29148 | icp ok  iter  9 corr 10964 rms 0.2564   99.49 ms | p=(  439.43   179.51  -3.73) v=3.85 m/s
[lio] t=1317401213.569 | feat 10937/83781 | map  29148 | icp ok  iter 14 corr 10935 rms 0.2594  162.50 ms | p=(  439.14   179.20  -3.70) v=4.01 m/s [KF]
[lio] t=1317401213.673 | feat 10976/83722 | map  29484 | icp ok  iter  9 corr 10971 rms 0.2370  112.39 ms | p=(  438.81   178.92  -3.66) v=4.19 m/s
[lio] t=1317401213.777 | feat 10960/83664 | map  29484 | icp ok  iter 11 corr 10950 rms 0.2525  124.10 ms | p=(  438.47   178.64  -3.64) v=4.32 m/s
[lio] t=1317401213.881 | feat 10996/83752 | map  29484 | icp ok  iter  9 corr 10980 rms 0.2707  111.47 ms | p=(  438.10   178.34  -3.63) v=4.52 m/s [KF]
[lio] t=1317401213.985 | feat 10749/83615 | map  29872 | icp ok  iter  9 corr 10742 rms 0.2381  116.53 ms | p=(  437.70   178.08  -3.61) v=4.65 m/s
[lio] t=1317401214.089 | feat 10590/83552 | map  29872 | icp ok  iter 14 corr 10578 rms 0.2469  157.53 ms | p=(  437.27   177.81  -3.60) v=4.89 m/s
[lio] t=1317401214.193 | feat 10565/83497 | map  29872 | icp ok  iter 13 corr 10551 rms 0.2800  138.67 ms | p=(  436.82   177.55  -3.56) v=5.03 m/s [KF]
[lio] t=1317401214.297 | feat 10376/83476 | map  30144 | icp ok  iter  8 corr 10376 rms 0.2382   97.86 ms | p=(  436.34   177.31  -3.55) v=5.21 m/s
[lio] t=1317401214.401 | feat 10231/83587 | map  30144 | icp ok  iter  9 corr 10227 rms 0.2474  107.27 ms | p=(  435.83   177.07  -3.55) v=5.49 m/s [KF]
[lio] t=1317401214.504 | feat 10186/83577 | map  30392 | icp ok  iter 12 corr 10182 rms 0.2362  126.06 ms | p=(  435.30   176.84  -3.54) v=5.65 m/s
[lio] t=1317401214.608 | feat 10157/83568 | map  30392 | icp ok  iter  8 corr 10145 rms 0.2466   89.47 ms | p=(  434.75   176.64  -3.51) v=5.74 m/s [KF]
[lio] t=1317401214.712 | feat 10053/83625 | map  30653 | icp ok  iter 11 corr 10053 rms 0.2300  118.06 ms | p=(  434.16   176.44  -3.49) v=6.00 m/s
[lio] t=1317401214.816 | feat 10015/83507 | map  30653 | icp ok  iter  8 corr 10010 rms 0.2535   90.92 ms | p=(  433.56   176.25  -3.47) v=6.17 m/s [KF]
[lio] t=1317401214.920 | feat 10057/83445 | map  30990 | icp ok  iter  9 corr 10053 rms 0.2288  102.71 ms | p=(  432.93   176.05  -3.45) v=6.40 m/s
[lio] t=1317401215.023 | feat 9762/83396 | map  30990 | icp ok  iter 11 corr  9757 rms 0.2530  124.99 ms | p=(  432.27   175.88  -3.44) v=6.60 m/s [KF]
[lio] t=1317401215.127 | feat 9716/83275 | map  31335 | icp ok  iter 16 corr  9710 rms 0.2413  165.56 ms | p=(  431.61   175.72  -3.42) v=6.67 m/s
[lio] t=1317401215.231 | feat 9488/83204 | map  31335 | icp ok  iter 14 corr  9481 rms 0.2561  144.01 ms | p=(  430.93   175.56  -3.40) v=6.84 m/s [KF]
[lio] t=1317401215.334 | feat 9362/83164 | map  31700 | icp ok  iter 11 corr  9357 rms 0.2363  122.96 ms | p=(  430.21   175.41  -3.38) v=7.06 m/s
[lio] t=1317401215.438 | feat 9230/83240 | map  31700 | icp ok  iter 13 corr  9224 rms 0.2430  139.30 ms | p=(  429.48   175.25  -3.37) v=7.27 m/s [KF]
[lio] t=1317401215.542 | feat 9086/83209 | map  31964 | icp ok  iter 11 corr  9085 rms 0.2247  105.67 ms | p=(  428.76   175.09  -3.35) v=7.32 m/s
[lio] t=1317401215.645 | feat 8943/83148 | map  31964 | icp ok  iter 11 corr  8941 rms 0.2349  111.74 ms | p=(  427.98   174.94  -3.34) v=7.59 m/s [KF]
[lio] t=1317401215.749 | feat 8711/82959 | map  32195 | icp ok  iter 16 corr  8711 rms 0.2296  131.46 ms | p=(  427.22   174.79  -3.33) v=7.68 m/s
[lio] t=1317401215.853 | feat 8532/82737 | map  32195 | icp ok  iter  9 corr  8530 rms 0.2522   82.14 ms | p=(  426.44   174.62  -3.32) v=7.78 m/s [KF]
[lio] t=1317401215.957 | feat 8475/82499 | map  32457 | icp ok  iter  8 corr  8466 rms 0.2435   85.95 ms | p=(  425.59   174.45  -3.29) v=8.21 m/s
[lio] t=1317401216.060 | feat 8477/82207 | map  32457 | icp ok  iter  5 corr  8470 rms 0.2727   52.86 ms | p=(  424.77   174.28  -3.28) v=8.28 m/s [KF]
[lio] t=1317401216.164 | feat 8429/82057 | map  32675 | icp ok  iter  5 corr  8428 rms 0.2467   49.18 ms | p=(  423.92   174.11  -3.27) v=8.40 m/s
[lio] t=1317401216.268 | feat 8335/81781 | map  32675 | icp ok  iter  5 corr  8321 rms 0.2972   51.89 ms | p=(  423.07   173.92  -3.25) v=8.48 m/s [KF]
[lio] t=1317401216.372 | feat 8286/81320 | map  32740 | icp ok  iter 11 corr  8270 rms 0.2564   93.82 ms | p=(  422.19   173.72  -3.25) v=8.68 m/s
[lio] t=1317401216.475 | feat 8272/81417 | map  32740 | icp ok  iter  9 corr  8253 rms 0.3106   74.50 ms | p=(  421.31   173.53  -3.22) v=8.73 m/s [KF]
[lio] t=1317401216.579 | feat 8181/81587 | map  32528 | icp ok  iter  7 corr  8160 rms 0.2721   65.01 ms | p=(  420.41   173.33  -3.20) v=8.89 m/s
[lio] t=1317401216.683 | feat 8134/81889 | map  32528 | icp ok  iter  9 corr  8074 rms 0.3213   80.39 ms | p=(  419.52   173.13  -3.19) v=8.85 m/s [KF]
[lio] t=1317401216.787 | feat 8261/81868 | map  32359 | icp ok  iter  9 corr  8215 rms 0.2989   81.47 ms | p=(  418.61   172.93  -3.17) v=9.00 m/s
[lio] t=1317401216.891 | feat 8335/82004 | map  32359 | icp ok  iter 11 corr  8238 rms 0.3448   96.55 ms | p=(  417.69   172.71  -3.17) v=9.10 m/s [KF]
[lio] t=1317401216.995 | feat 8293/81704 | map  32441 | icp ok  iter  7 corr  8288 rms 0.2958   61.01 ms | p=(  416.76   172.51  -3.12) v=9.11 m/s
[lio] t=1317401217.099 | feat 8342/81682 | map  32441 | icp ok  iter  9 corr  8288 rms 0.3778   77.83 ms | p=(  415.84   172.29  -3.12) v=9.12 m/s [KF]
[lio] t=1317401217.203 | feat 8384/81889 | map  32557 | icp ok  iter  6 corr  8301 rms 0.3054   55.30 ms | p=(  414.91   172.08  -3.10) v=9.13 m/s
[lio] t=1317401217.306 | feat 8333/82431 | map  32557 | icp ok  iter 12 corr  8212 rms 0.4069  100.21 ms | p=(  414.00   171.85  -3.09) v=9.05 m/s [KF]
[lio] t=1317401217.410 | feat 8333/82960 | map  32946 | icp ok  iter  9 corr  8330 rms 0.3006   75.09 ms | p=(  413.08   171.64  -3.06) v=9.09 m/s
[lio] t=1317401217.514 | feat 8326/83129 | map  32946 | icp ok  iter 11 corr  8312 rms 0.3360   90.46 ms | p=(  412.17   171.41  -3.05) v=8.98 m/s [KF]
[lio] t=1317401217.618 | feat 8263/82891 | map  33255 | icp ok  iter  9 corr  8188 rms 0.2844   75.05 ms | p=(  411.25   171.20  -3.05) v=9.07 m/s
[lio] t=1317401217.722 | feat 8163/82559 | map  33255 | icp ok  iter  9 corr  7980 rms 0.3574   77.48 ms | p=(  410.33   170.98  -3.04) v=9.03 m/s [KF]
[lio] t=1317401217.826 | feat 7934/82616 | map  33629 | icp ok  iter  8 corr  7931 rms 0.2889   71.90 ms | p=(  409.41   170.76  -3.02) v=9.04 m/s
[lio] t=1317401217.930 | feat 7887/83061 | map  33629 | icp ok  iter  9 corr  7866 rms 0.3368   83.99 ms | p=(  408.51   170.55  -3.02) v=8.91 m/s [KF]
[lio] t=1317401218.034 | feat 7779/83685 | map  33618 | icp ok  iter  9 corr  7772 rms 0.2785   74.68 ms | p=(  407.61   170.33  -2.98) v=8.90 m/s
[lio] t=1317401218.138 | feat 7529/83694 | map  33618 | icp ok  iter  9 corr  7520 rms 0.3155   74.45 ms | p=(  406.71   170.12  -2.99) v=8.85 m/s [KF]
[lio] t=1317401218.242 | feat 7520/83946 | map  33593 | icp ok  iter  6 corr  7512 rms 0.2527   59.43 ms | p=(  405.80   169.90  -2.96) v=8.90 m/s
[lio] t=1317401218.346 | feat 7453/84000 | map  33593 | icp ok  iter 10 corr  7435 rms 0.2862   80.91 ms | p=(  404.91   169.68  -2.94) v=8.82 m/s [KF]
[lio] t=1317401218.450 | feat 7434/84001 | map  33454 | icp ok  iter  8 corr  7425 rms 0.2587   70.30 ms | p=(  404.01   169.47  -2.93) v=8.86 m/s
[lio] t=1317401218.554 | feat 7391/83763 | map  33454 | icp ok  iter  9 corr  7368 rms 0.3057   67.88 ms | p=(  403.11   169.26  -2.91) v=8.85 m/s [KF]
[lio] t=1317401218.658 | feat 7440/83556 | map  33128 | icp ok  iter  7 corr  7431 rms 0.3002   59.04 ms | p=(  402.22   169.04  -2.90) v=8.75 m/s
[lio] t=1317401218.762 | feat 7675/83139 | map  33128 | icp ok  iter 12 corr  7560 rms 0.3753   92.81 ms | p=(  401.35   168.82  -2.87) v=8.58 m/s [KF]
[lio] t=1317401218.866 | feat 7599/83185 | map  32954 | icp ok  iter 17 corr  7583 rms 0.3394  133.37 ms | p=(  400.48   168.61  -2.85) v=8.57 m/s
[lio] t=1317401218.970 | feat 7516/83045 | map  32954 | icp ok  iter  8 corr  7460 rms 0.4215   64.66 ms | p=(  399.63   168.38  -2.84) v=8.37 m/s [KF]
[lio] t=1317401219.074 | feat 7415/82785 | map  32798 | icp ok  iter 10 corr  7411 rms 0.2632   76.06 ms | p=(  398.79   168.17  -2.82) v=8.23 m/s
[lio] t=1317401219.178 | feat 7479/82700 | map  32798 | icp ok  iter 11 corr  7470 rms 0.3072   88.38 ms | p=(  397.98   167.96  -2.80) v=8.01 m/s [KF]
[lio] t=1317401219.282 | feat 7451/82408 | map  32470 | icp ok  iter 12 corr  7450 rms 0.2516   95.64 ms | p=(  397.16   167.75  -2.79) v=7.97 m/s
[lio] t=1317401219.386 | feat 7291/82135 | map  32470 | icp ok  iter 16 corr  7288 rms 0.2636  121.12 ms | p=(  396.40   167.54  -2.77) v=7.58 m/s [KF]
[lio] t=1317401219.490 | feat 7240/82047 | map  32048 | icp ok  iter  8 corr  7239 rms 0.2448   70.78 ms | p=(  395.62   167.33  -2.74) v=7.52 m/s
[lio] t=1317401219.594 | feat 7342/82019 | map  32048 | icp ok  iter  7 corr  7338 rms 0.2696   59.13 ms | p=(  394.90   167.13  -2.72) v=7.19 m/s [KF]
[lio] t=1317401219.698 | feat 7359/82108 | map  31549 | icp ok  iter 16 corr  7358 rms 0.2363  131.39 ms | p=(  394.14   166.93  -2.70) v=7.26 m/s
[lio] t=1317401219.802 | feat 7370/82173 | map  31549 | icp ok  iter  6 corr  7363 rms 0.2685   59.15 ms | p=(  393.47   166.73  -2.70) v=6.73 m/s [KF]
[lio] t=1317401219.906 | feat 7556/82244 | map  31223 | icp ok  iter 10 corr  7553 rms 0.2472   77.72 ms | p=(  392.80   166.54  -2.67) v=6.57 m/s
[lio] t=1317401220.010 | feat 7690/82336 | map  31223 | icp ok  iter 15 corr  7680 rms 0.2763  118.55 ms | p=(  392.12   166.35  -2.65) v=6.61 m/s [KF]
[lio] t=1317401220.114 | feat 7707/82211 | map  30918 | icp ok  iter  8 corr  7707 rms 0.2395   70.22 ms | p=(  391.49   166.16  -2.63) v=6.32 m/s
[lio] t=1317401220.218 | feat 7764/82176 | map  30918 | icp ok  iter 16 corr  7764 rms 0.2876  129.96 ms | p=(  390.83   165.96  -2.62) v=6.44 m/s [KF]
[lio] t=1317401220.322 | feat 7848/82043 | map  30509 | icp ok  iter  5 corr  7837 rms 0.2818   46.60 ms | p=(  390.21   165.78  -2.60) v=6.22 m/s
[lio] t=1317401220.426 | feat 8004/81936 | map  30509 | icp ok  iter 10 corr  7954 rms 0.3202   81.57 ms | p=(  389.59   165.61  -2.58) v=6.07 m/s [KF]
[lio] t=1317401220.530 | feat 8147/81767 | map  30171 | icp ok  iter  8 corr  8126 rms 0.2526   77.54 ms | p=(  389.01   165.43  -2.56) v=5.77 m/s
[lio] t=1317401220.634 | feat 8289/81877 | map  30171 | icp ok  iter 15 corr  8234 rms 0.3149  120.96 ms | p=(  388.42   165.26  -2.55) v=5.61 m/s [KF]
[lio] t=1317401220.738 | feat 8276/81885 | map  29975 | icp ok  iter  8 corr  8271 rms 0.2728   70.47 ms | p=(  387.89   165.10  -2.54) v=5.26 m/s
[lio] t=1317401220.842 | feat 8390/82016 | map  29975 | icp ok  iter  7 corr  8360 rms 0.3200   64.35 ms | p=(  387.37   164.97  -2.52) v=4.95 m/s [KF]
[lio] t=1317401220.946 | feat 8454/82187 | map  29818 | icp ok  iter 10 corr  8436 rms 0.2595   88.15 ms | p=(  386.89   164.83  -2.49) v=4.69 m/s
[lio] t=1317401221.050 | feat 8567/82214 | map  29818 | icp ok  iter 10 corr  8540 rms 0.2949   85.68 ms | p=(  386.41   164.70  -2.49) v=4.56 m/s
[lio] t=1317401221.154 | feat 8728/82314 | map  29818 | icp ok  iter 12 corr  8681 rms 0.3341  102.55 ms | p=(  385.95   164.58  -2.48) v=4.52 m/s [KF]
[lio] t=1317401221.258 | feat 8836/82445 | map  29741 | icp ok  iter 10 corr  8796 rms 0.2445   96.39 ms | p=(  385.49   164.44  -2.47) v=4.58 m/s
[lio] t=1317401221.362 | feat 8910/82610 | map  29741 | icp ok  iter  6 corr  8839 rms 0.2853   64.50 ms | p=(  385.04   164.32  -2.46) v=4.48 m/s
[lio] t=1317401221.466 | feat 9018/82492 | map  29741 | icp ok  iter  7 corr  8918 rms 0.3380   65.68 ms | p=(  384.59   164.20  -2.45) v=4.45 m/s [KF]
[lio] t=1317401221.570 | feat 9088/82527 | map  29774 | icp ok  iter  5 corr  9074 rms 0.2813   50.60 ms | p=(  384.14   164.08  -2.44) v=4.38 m/s
[lio] t=1317401221.674 | feat 9373/82579 | map  29774 | icp ok  iter 15 corr  9328 rms 0.3783  139.52 ms | p=(  383.69   163.94  -2.42) v=4.48 m/s
[lio] t=1317401221.778 | feat 9624/82684 | map  29774 | icp ok  iter 16 corr  9536 rms 0.4462  154.37 ms | p=(  383.27   163.83  -2.41) v=4.25 m/s [KF]
[lio] t=1317401221.882 | feat 9874/82737 | map  30168 | icp ok  iter  9 corr  9865 rms 0.3129   93.55 ms | p=(  382.85   163.72  -2.39) v=4.17 m/s
[lio] t=1317401221.986 | feat 10090/82878 | map  30168 | icp ok  iter 12 corr 10003 rms 0.4162  121.06 ms | p=(  382.43   163.59  -2.38) v=4.12 m/s
[lio] t=1317401222.090 | feat 10261/82656 | map  30168 | icp ok  iter 11 corr 10115 rms 0.4307  113.37 ms | p=(  382.02   163.46  -2.37) v=4.09 m/s [KF]
[lio] t=1317401222.194 | feat 10319/82708 | map  30806 | icp ok  iter 11 corr 10304 rms 0.3298  117.57 ms | p=(  381.60   163.34  -2.36) v=4.15 m/s
[lio] t=1317401222.298 | feat 10361/82890 | map  30806 | icp ok  iter 12 corr 10339 rms 0.3019  119.83 ms | p=(  381.18   163.23  -2.35) v=4.16 m/s
[lio] t=1317401222.402 | feat 10449/82873 | map  30806 | icp ok  iter  5 corr 10417 rms 0.3555   67.89 ms | p=(  380.75   163.11  -2.34) v=4.27 m/s [KF]
[lio] t=1317401222.505 | feat 10525/82913 | map  31164 | icp ok  iter 13 corr 10520 rms 0.2705  139.47 ms | p=(  380.31   162.95  -2.32) v=4.47 m/s
[lio] t=1317401222.609 | feat 10541/82755 | map  31164 | icp ok  iter 12 corr 10521 rms 0.3255  125.13 ms | p=(  379.87   162.83  -2.30) v=4.45 m/s
[lio] t=1317401222.713 | feat 10586/82667 | map  31164 | icp ok  iter 12 corr 10546 rms 0.3458  135.12 ms | p=(  379.42   162.68  -2.29) v=4.59 m/s [KF]
[lio] t=1317401222.817 | feat 10568/82602 | map  31381 | icp ok  iter  9 corr 10567 rms 0.2918  102.56 ms | p=(  378.96   162.55  -2.26) v=4.64 m/s
[lio] t=1317401222.921 | feat 10722/82626 | map  31381 | icp ok  iter 11 corr 10714 rms 0.2892  128.25 ms | p=(  378.50   162.39  -2.24) v=4.74 m/s
[lio] t=1317401223.025 | feat 10728/82610 | map  31381 | icp ok  iter  8 corr 10709 rms 0.3127   95.55 ms | p=(  378.01   162.25  -2.23) v=4.88 m/s [KF]
[lio] t=1317401223.129 | feat 10782/82635 | map  31460 | icp ok  iter 12 corr 10764 rms 0.2589  140.71 ms | p=(  377.53   162.06  -2.23) v=4.99 m/s
[lio] t=1317401223.233 | feat 10681/82483 | map  31460 | icp ok  iter 10 corr 10662 rms 0.2645  111.88 ms | p=(  377.02   161.91  -2.23) v=5.13 m/s [KF]
[lio] t=1317401223.337 | feat 10666/82269 | map  31386 | icp ok  iter 10 corr 10665 rms 0.2743  117.10 ms | p=(  376.51   161.72  -2.22) v=5.27 m/s
[lio] t=1317401223.441 | feat 10695/82255 | map  31386 | icp ok  iter  4 corr 10673 rms 0.3002   50.81 ms | p=(  375.99   161.54  -2.20) v=5.36 m/s [KF]
[lio] t=1317401223.545 | feat 10840/82272 | map  31293 | icp ok  iter  9 corr 10838 rms 0.2430  102.94 ms | p=(  375.46   161.35  -2.19) v=5.47 m/s
[lio] t=1317401223.649 | feat 10798/82218 | map  31293 | icp ok  iter 10 corr 10797 rms 0.2716  112.92 ms | p=(  374.90   161.17  -2.18) v=5.68 m/s [KF]
[lio] t=1317401223.753 | feat 10692/82231 | map  31084 | icp ok  iter 14 corr 10690 rms 0.2369  156.12 ms | p=(  374.31   160.97  -2.18) v=5.98 m/s
[lio] t=1317401223.857 | feat 10618/82142 | map  31084 | icp ok  iter  7 corr 10615 rms 0.2535   91.46 ms | p=(  373.74   160.76  -2.16) v=6.02 m/s [KF]
[lio] t=1317401223.961 | feat 10558/82174 | map  30766 | icp ok  iter  7 corr 10551 rms 0.2385   81.49 ms | p=(  373.14   160.56  -2.17) v=6.12 m/s
[lio] t=1317401224.065 | feat 10363/82187 | map  30766 | icp ok  iter 13 corr 10351 rms 0.2552  144.19 ms | p=(  372.50   160.35  -2.16) v=6.44 m/s [KF]
[lio] t=1317401224.169 | feat 10440/82316 | map  30708 | icp ok  iter  9 corr 10432 rms 0.2344  103.38 ms | p=(  371.88   160.15  -2.14) v=6.42 m/s
[lio] t=1317401224.273 | feat 10404/82385 | map  30708 | icp ok  iter  7 corr 10389 rms 0.2718   95.60 ms | p=(  371.21   159.92  -2.12) v=6.74 m/s [KF]
[lio] t=1317401224.377 | feat 10429/82606 | map  30817 | icp ok  iter 14 corr 10420 rms 0.2469  153.34 ms | p=(  370.55   159.70  -2.11) v=6.79 m/s
[lio] t=1317401224.482 | feat 10165/82631 | map  30817 | icp ok  iter  9 corr 10162 rms 0.2584  108.58 ms | p=(  369.87   159.46  -2.11) v=6.98 m/s [KF]
[lio] t=1317401224.586 | feat 9948/82905 | map  30867 | icp ok  iter  8 corr  9946 rms 0.2385   89.80 ms | p=(  369.17   159.27  -2.11) v=7.06 m/s
[lio] t=1317401224.690 | feat 9696/82467 | map  30867 | icp ok  iter 17 corr  9681 rms 0.2529  175.21 ms | p=(  368.43   159.04  -2.11) v=7.40 m/s [KF]
[lio] t=1317401224.794 | feat 9508/81976 | map  30756 | icp ok  iter  7 corr  9505 rms 0.2415   63.68 ms | p=(  367.68   158.84  -2.09) v=7.53 m/s
[lio] t=1317401224.898 | feat 9426/82378 | map  30756 | icp ok  iter  6 corr  9423 rms 0.2671   59.24 ms | p=(  366.91   158.65  -2.08) v=7.66 m/s [KF]
[lio] t=1317401225.002 | feat 9230/82326 | map  30652 | icp ok  iter  9 corr  9229 rms 0.2464   86.64 ms | p=(  366.13   158.46  -2.07) v=7.83 m/s
[lio] t=1317401225.106 | feat 8985/82104 | map  30652 | icp ok  iter 11 corr  8972 rms 0.2606   99.82 ms | p=(  365.33   158.29  -2.07) v=7.98 m/s [KF]
[lio] t=1317401225.210 | feat 8989/81996 | map  30620 | icp ok  iter 11 corr  8985 rms 0.2670  104.81 ms | p=(  364.50   158.12  -2.05) v=8.19 m/s
[lio] t=1317401225.314 | feat 8892/82034 | map  30620 | icp ok  iter 11 corr  8871 rms 0.3074  101.97 ms | p=(  363.65   157.95  -2.05) v=8.34 m/s [KF]
[lio] t=1317401225.418 | feat 8845/81343 | map  30923 | icp ok  iter 17 corr  8844 rms 0.2493  147.75 ms | p=(  362.77   157.78  -2.03) v=8.62 m/s
[lio] t=1317401225.522 | feat 8789/81107 | map  30923 | icp ok  iter 10 corr  8784 rms 0.2841   98.42 ms | p=(  361.92   157.62  -2.02) v=8.55 m/s [KF]
[lio] t=1317401225.626 | feat 8735/81321 | map  31196 | icp ok  iter 11 corr  8714 rms 0.2611   99.14 ms | p=(  361.02   157.46  -2.01) v=8.73 m/s
[lio] t=1317401225.730 | feat 8618/81764 | map  31196 | icp ok  iter 10 corr  8590 rms 0.3087   82.73 ms | p=(  360.11   157.31  -2.02) v=8.91 m/s [KF]
[lio] t=1317401225.833 | feat 8463/81967 | map  31553 | icp ok  iter  7 corr  8462 rms 0.2500   64.61 ms | p=(  359.19   157.15  -2.03) v=9.04 m/s
[lio] t=1317401225.937 | feat 8464/82122 | map  31553 | icp ok  iter 10 corr  8445 rms 0.2883   95.16 ms | p=(  358.29   157.00  -2.00) v=8.96 m/s [KF]
[lio] t=1317401226.041 | feat 8380/82340 | map  31783 | icp ok  iter  8 corr  8372 rms 0.2469   76.57 ms | p=(  357.36   156.84  -1.98) v=9.15 m/s
[lio] t=1317401226.145 | feat 8429/82268 | map  31783 | icp ok  iter  9 corr  8340 rms 0.2684   77.77 ms | p=(  356.41   156.68  -1.97) v=9.25 m/s [KF]
[lio] t=1317401226.249 | feat 8485/82394 | map  31946 | icp ok  iter 10 corr  8459 rms 0.3049   86.35 ms | p=(  355.44   156.52  -1.99) v=9.47 m/s
[lio] t=1317401226.353 | feat 8487/82754 | map  31946 | icp ok  iter  7 corr  8360 rms 0.3502   62.95 ms | p=(  354.47   156.35  -1.98) v=9.55 m/s [KF]
[lio] t=1317401226.457 | feat 8541/82818 | map  32055 | icp ok  iter  7 corr  8528 rms 0.3145   60.26 ms | p=(  353.49   156.19  -1.95) v=9.64 m/s
[lio] t=1317401226.561 | feat 8569/82977 | map  32055 | icp ok  iter  7 corr  8522 rms 0.4165   61.05 ms | p=(  352.50   156.02  -1.94) v=9.70 m/s [KF]
[lio] t=1317401226.664 | feat 8639/83171 | map  32521 | icp ok  iter  7 corr  8615 rms 0.3261   61.04 ms | p=(  351.51   155.84  -1.93) v=9.67 m/s [KF]
[lio] t=1317401226.768 | feat 8442/83459 | map  32842 | icp ok  iter 11 corr  8437 rms 0.2684   92.27 ms | p=(  350.53   155.66  -1.93) v=9.64 m/s [KF]
[lio] t=1317401226.872 | feat 8620/83770 | map  32961 | icp ok  iter  7 corr  8607 rms 0.2762   62.65 ms | p=(  349.54   155.48  -1.92) v=9.62 m/s [KF]
[lio] t=1317401226.976 | feat 8599/84010 | map  33052 | icp ok  iter  8 corr  8564 rms 0.3288   75.34 ms | p=(  348.56   155.30  -1.92) v=9.57 m/s
[lio] t=1317401227.080 | feat 8581/84057 | map  33052 | icp ok  iter 10 corr  8440 rms 0.3990   85.72 ms | p=(  347.59   155.12  -1.90) v=9.57 m/s [KF]
[lio] t=1317401227.184 | feat 8431/84225 | map  33153 | icp ok  iter 10 corr  8423 rms 0.2731   84.40 ms | p=(  346.60   154.93  -1.90) v=9.62 m/s [KF]
[lio] t=1317401227.288 | feat 8392/84224 | map  32934 | icp ok  iter 11 corr  8390 rms 0.2520   92.68 ms | p=(  345.61   154.74  -1.89) v=9.63 m/s [KF]
[lio] t=1317401227.391 | feat 8393/84070 | map  32379 | icp ok  iter  3 corr  8392 rms 0.2608   33.75 ms | p=(  344.64   154.54  -1.86) v=9.56 m/s
[lio] t=1317401227.495 | feat 8303/84002 | map  32379 | icp ok  iter  8 corr  8257 rms 0.3244   66.96 ms | p=(  343.67   154.33  -1.87) v=9.53 m/s [KF]
[lio] t=1317401227.599 | feat 8462/84043 | map  32002 | icp ok  iter  9 corr  8448 rms 0.2884   80.23 ms | p=(  342.71   154.12  -1.83) v=9.43 m/s
[lio] t=1317401227.703 | feat 8362/84297 | map  32002 | icp ok  iter 10 corr  8310 rms 0.3481   86.75 ms | p=(  341.75   153.89  -1.82) v=9.48 m/s [KF]
[lio] t=1317401227.807 | feat 8360/84359 | map  31700 | icp ok  iter 12 corr  8359 rms 0.2734  100.92 ms | p=(  340.79   153.67  -1.80) v=9.46 m/s
[lio] t=1317401227.911 | feat 8417/84176 | map  31700 | icp ok  iter  8 corr  8392 rms 0.3386   73.28 ms | p=(  339.83   153.45  -1.80) v=9.45 m/s [KF]
[lio] t=1317401228.014 | feat 8379/84201 | map  31471 | icp ok  iter  6 corr  8378 rms 0.2626   60.80 ms | p=(  338.88   153.22  -1.78) v=9.36 m/s
[lio] t=1317401228.118 | feat 8488/84299 | map  31471 | icp ok  iter 16 corr  8479 rms 0.3028  133.62 ms | p=(  337.96   152.98  -1.75) v=9.18 m/s [KF]
[lio] t=1317401228.222 | feat 8451/84315 | map  31382 | icp ok  iter  8 corr  8449 rms 0.2517   77.31 ms | p=(  337.01   152.74  -1.73) v=9.21 m/s
[lio] t=1317401228.326 | feat 8569/84330 | map  31382 | icp ok  iter  9 corr  8569 rms 0.2749   83.80 ms | p=(  336.11   152.51  -1.73) v=8.92 m/s [KF]
[lio] t=1317401228.430 | feat 8600/84303 | map  31139 | icp ok  iter  9 corr  8593 rms 0.2287   84.51 ms | p=(  335.20   152.28  -1.73) v=8.86 m/s
[lio] t=1317401228.534 | feat 8614/84393 | map  31139 | icp ok  iter 20 corr  8594 rms 0.2580  172.24 ms | p=(  334.36   152.06  -1.70) v=8.42 m/s [KF]
[lio] t=1317401228.638 | feat 8668/84281 | map  30855 | icp ok  iter 10 corr  8652 rms 0.2819   86.82 ms | p=(  333.51   151.85  -1.68) v=8.25 m/s
[lio] t=1317401228.742 | feat 8712/84317 | map  30855 | icp ok  iter  6 corr  8658 rms 0.3190   52.79 ms | p=(  332.69   151.64  -1.67) v=8.05 m/s [KF]
[lio] t=1317401228.846 | feat 8772/84281 | map  30621 | icp ok  iter 12 corr  8766 rms 0.2710  108.54 ms | p=(  331.86   151.43  -1.65) v=8.00 m/s
[lio] t=1317401228.950 | feat 8790/84344 | map  30621 | icp ok  iter 15 corr  8752 rms 0.3401  138.32 ms | p=(  331.11   151.24  -1.64) v=7.47 m/s [KF]
[lio] t=1317401229.054 | feat 8899/84460 | map  30412 | icp ok  iter 10 corr  8895 rms 0.2584   93.33 ms | p=(  330.34   151.04  -1.62) v=7.40 m/s
[lio] t=1317401229.158 | feat 8933/84413 | map  30412 | icp ok  iter 11 corr  8910 rms 0.3449  103.33 ms | p=(  329.63   150.85  -1.61) v=6.97 m/s [KF]
[lio] t=1317401229.262 | feat 8992/84373 | map  30144 | icp ok  iter 15 corr  8990 rms 0.2650  146.61 ms | p=(  328.90   150.66  -1.59) v=6.93 m/s
[lio] t=1317401229.366 | feat 9040/84356 | map  30144 | icp ok  iter 11 corr  8990 rms 0.3339  102.38 ms | p=(  328.25   150.49  -1.59) v=6.46 m/s [KF]
[lio] t=1317401229.470 | feat 9126/84348 | map  29919 | icp ok  iter 15 corr  9103 rms 0.2689  137.40 ms | p=(  327.64   150.32  -1.57) v=6.02 m/s
[lio] t=1317401229.574 | feat 9199/84401 | map  29919 | icp ok  iter 24 corr  9080 rms 0.3178  229.85 ms | p=(  326.97   150.15  -1.57) v=6.19 m/s [KF]
[lio] t=1317401229.678 | feat 9365/84365 | map  29676 | icp ok  iter  3 corr  9338 rms 0.2830   39.87 ms | p=(  326.39   150.00  -1.55) v=5.70 m/s
[lio] t=1317401229.782 | feat 9327/84338 | map  29676 | icp ok  iter  8 corr  9178 rms 0.3300   74.71 ms | p=(  325.85   149.86  -1.55) v=5.31 m/s [KF]
[lio] t=1317401229.886 | feat 9370/84132 | map  29597 | icp ok  iter 13 corr  9325 rms 0.2500  111.99 ms | p=(  325.33   149.73  -1.53) v=4.99 m/s
[lio] t=1317401229.990 | feat 9476/84028 | map  29597 | icp ok  iter  7 corr  9366 rms 0.2889   68.55 ms | p=(  324.84   149.60  -1.53) v=4.70 m/s [KF]
[lio] t=1317401230.094 | feat 9404/83995 | map  29564 | icp ok  iter 15 corr  9386 rms 0.2696  135.69 ms | p=(  324.37   149.46  -1.51) v=4.49 m/s
[lio] t=1317401230.198 | feat 9413/84105 | map  29564 | icp ok  iter 12 corr  9361 rms 0.2888  121.09 ms | p=(  323.92   149.35  -1.52) v=4.33 m/s
[lio] t=1317401230.301 | feat 9606/84277 | map  29564 | icp ok  iter  9 corr  9543 rms 0.2901   85.46 ms | p=(  323.48   149.24  -1.51) v=4.22 m/s [KF]
[lio] t=1317401230.405 | feat 9846/84403 | map  29468 | icp ok  iter  8 corr  9842 rms 0.2436   77.77 ms | p=(  323.06   149.14  -1.50) v=4.14 m/s
[lio] t=1317401230.509 | feat 10043/84381 | map  29468 | icp ok  iter 10 corr 10025 rms 0.2768  104.11 ms | p=(  322.64   149.04  -1.47) v=4.12 m/s
[lio] t=1317401230.613 | feat 10224/84499 | map  29468 | icp ok  iter 13 corr 10178 rms 0.3515  140.32 ms | p=(  322.25   148.93  -1.49) v=3.95 m/s [KF]
[lio] t=1317401230.717 | feat 10450/84357 | map  29712 | icp ok  iter  9 corr 10445 rms 0.2744   91.17 ms | p=(  321.85   148.84  -1.49) v=3.91 m/s
[lio] t=1317401230.821 | feat 10516/84355 | map  29712 | icp ok  iter 13 corr 10499 rms 0.3213  159.80 ms | p=(  321.44   148.73  -1.49) v=4.01 m/s
[lio] t=1317401230.925 | feat 10716/84225 | map  29712 | icp ok  iter  7 corr 10671 rms 0.3582   76.78 ms | p=(  321.02   148.63  -1.48) v=4.08 m/s [KF]
[lio] t=1317401231.029 | feat 10896/84247 | map  30107 | icp ok  iter 12 corr 10895 rms 0.2459  131.18 ms | p=(  320.61   148.54  -1.46) v=3.96 m/s
[lio] t=1317401231.133 | feat 11095/84133 | map  30107 | icp ok  iter 11 corr 11092 rms 0.3131  125.04 ms | p=(  320.22   148.44  -1.45) v=3.90 m/s
[lio] t=1317401231.237 | feat 11160/83962 | map  30107 | icp ok  iter  5 corr 11150 rms 0.3565   62.95 ms | p=(  319.83   148.34  -1.44) v=3.85 m/s [KF]
[lio] t=1317401231.341 | feat 11303/83780 | map  30543 | icp ok  iter  7 corr 11303 rms 0.2296   86.99 ms | p=(  319.45   148.22  -1.43) v=3.82 m/s
[lio] t=1317401231.445 | feat 11284/83634 | map  30543 | icp ok  iter  9 corr 11279 rms 0.2796  110.46 ms | p=(  319.05   148.12  -1.44) v=3.85 m/s
[lio] t=1317401231.549 | feat 11326/83472 | map  30543 | icp ok  iter  9 corr 11300 rms 0.3165  101.34 ms | p=(  318.66   148.02  -1.42) v=3.89 m/s [KF]
[lio] t=1317401231.653 | feat 11524/83449 | map  30961 | icp ok  iter  9 corr 11508 rms 0.2527  112.52 ms | p=(  318.28   147.90  -1.42) v=3.92 m/s
[lio] t=1317401231.757 | feat 11610/83500 | map  30961 | icp ok  iter 13 corr 11573 rms 0.2933  152.69 ms | p=(  317.88   147.78  -1.41) v=4.01 m/s
[lio] t=1317401231.861 | feat 11664/83472 | map  30961 | icp ok  iter  5 corr 11614 rms 0.3238   75.25 ms | p=(  317.47   147.67  -1.41) v=4.05 m/s [KF]
[lio] t=1317401231.965 | feat 11561/83246 | map  31570 | icp ok  iter  9 corr 11551 rms 0.2446  105.97 ms | p=(  317.07   147.55  -1.40) v=4.09 m/s
[lio] t=1317401232.068 | feat 11702/83229 | map  31570 | icp ok  iter 10 corr 11691 rms 0.2725  118.45 ms | p=(  316.65   147.44  -1.38) v=4.17 m/s
[lio] t=1317401232.172 | feat 11733/83320 | map  31570 | icp ok  iter  9 corr 11703 rms 0.2891  113.40 ms | p=(  316.23   147.31  -1.37) v=4.27 m/s [KF]
[lio] t=1317401232.276 | feat 11739/83400 | map  31954 | icp ok  iter  8 corr 11735 rms 0.2561  102.48 ms | p=(  315.81   147.17  -1.37) v=4.32 m/s
[lio] t=1317401232.380 | feat 11660/83502 | map  31954 | icp ok  iter 12 corr 11652 rms 0.2689  141.21 ms | p=(  315.36   147.01  -1.37) v=4.52 m/s
[lio] t=1317401232.484 | feat 11612/83489 | map  31954 | icp ok  iter 10 corr 11597 rms 0.2748  121.61 ms | p=(  314.92   146.86  -1.38) v=4.59 m/s [KF]
[lio] t=1317401232.588 | feat 11596/83453 | map  32221 | icp ok  iter  9 corr 11588 rms 0.2479  108.96 ms | p=(  314.46   146.72  -1.36) v=4.71 m/s
[lio] t=1317401232.692 | feat 11617/83265 | map  32221 | icp ok  iter  9 corr 11599 rms 0.2481  106.61 ms | p=(  313.98   146.56  -1.35) v=4.86 m/s
[lio] t=1317401232.796 | feat 11566/83042 | map  32221 | icp ok  iter 10 corr 11542 rms 0.2795  115.39 ms | p=(  313.49   146.39  -1.34) v=5.05 m/s [KF]
[lio] t=1317401232.900 | feat 11591/83003 | map  32319 | icp ok  iter  7 corr 11590 rms 0.2250   91.67 ms | p=(  312.99   146.21  -1.32) v=5.15 m/s
[lio] t=1317401233.004 | feat 11663/83097 | map  32319 | icp ok  iter 10 corr 11654 rms 0.2522  120.15 ms | p=(  312.48   146.03  -1.31) v=5.27 m/s [KF]
[lio] t=1317401233.108 | feat 11494/83177 | map  32479 | icp ok  iter  8 corr 11494 rms 0.2378   91.43 ms | p=(  311.95   145.84  -1.29) v=5.42 m/s
[lio] t=1317401233.212 | feat 11325/83139 | map  32479 | icp ok  iter 10 corr 11323 rms 0.2759  118.00 ms | p=(  311.42   145.65  -1.30) v=5.49 m/s [KF]
[lio] t=1317401233.316 | feat 11260/82991 | map  32785 | icp ok  iter 10 corr 11259 rms 0.2256  115.70 ms | p=(  310.88   145.45  -1.28) v=5.66 m/s
[lio] t=1317401233.420 | feat 11167/82831 | map  32785 | icp ok  iter 14 corr 11166 rms 0.2501  167.23 ms | p=(  310.27   145.24  -1.26) v=6.06 m/s [KF]
[lio] t=1317401233.524 | feat 11181/82322 | map  32958 | icp ok  iter 13 corr 11170 rms 0.2413  147.17 ms | p=(  309.69   145.04  -1.25) v=6.05 m/s
[lio] t=1317401233.628 | feat 10978/81910 | map  32958 | icp ok  iter 10 corr 10958 rms 0.2747  107.77 ms | p=(  309.09   144.83  -1.24) v=6.18 m/s [KF]
[lio] t=1317401233.732 | feat 10966/81425 | map  33248 | icp ok  iter 11 corr 10953 rms 0.2492  132.00 ms | p=(  308.47   144.62  -1.22) v=6.36 m/s
[lio] t=1317401233.836 | feat 10809/81231 | map  33248 | icp ok  iter  7 corr 10798 rms 0.2563   92.95 ms | p=(  307.84   144.39  -1.20) v=6.45 m/s [KF]
[lio] t=1317401233.940 | feat 10576/81302 | map  33207 | icp ok  iter 10 corr 10572 rms 0.2445  110.61 ms | p=(  307.21   144.18  -1.21) v=6.49 m/s
[lio] t=1317401234.044 | feat 10270/81102 | map  33207 | icp ok  iter 15 corr 10264 rms 0.2498  167.55 ms | p=(  306.57   143.95  -1.20) v=6.59 m/s [KF]
[lio] t=1317401234.148 | feat 9996/78567 | map  33196 | icp ok  iter  8 corr  9993 rms 0.2334   95.82 ms | p=(  305.90   143.77  -1.20) v=6.73 m/s
[lio] t=1317401234.252 | feat 9852/76975 | map  33196 | icp ok  iter 11 corr  9851 rms 0.2578  125.37 ms | p=(  305.22   143.56  -1.18) v=6.88 m/s [KF]
[lio] t=1317401234.356 | feat 9583/75235 | map  33184 | icp ok  iter  9 corr  9581 rms 0.2348  105.04 ms | p=(  304.53   143.34  -1.18) v=6.98 m/s
[lio] t=1317401234.460 | feat 9410/73042 | map  33184 | icp ok  iter  5 corr  9407 rms 0.2463   58.53 ms | p=(  303.81   143.18  -1.16) v=7.07 m/s [KF]
[lio] t=1317401234.565 | feat 9266/71327 | map  32967 | icp ok  iter 15 corr  9262 rms 0.2335  150.46 ms | p=(  303.10   142.98  -1.15) v=7.15 m/s
[lio] t=1317401234.669 | feat 9082/71918 | map  32967 | icp ok  iter  9 corr  9066 rms 0.2586   83.30 ms | p=(  302.37   142.82  -1.12) v=7.22 m/s [KF]
[lio] t=1317401234.773 | feat 8995/74219 | map  32831 | icp ok  iter 12 corr  8995 rms 0.2469  110.58 ms | p=(  301.62   142.66  -1.12) v=7.36 m/s
[lio] t=1317401234.877 | feat 8903/76266 | map  32831 | icp ok  iter  9 corr  8901 rms 0.2987   82.54 ms | p=(  300.86   142.52  -1.10) v=7.46 m/s [KF]
[lio] t=1317401234.981 | feat 8723/77417 | map  33040 | icp ok  iter 10 corr  8723 rms 0.2424   92.91 ms | p=(  300.09   142.38  -1.09) v=7.51 m/s
[lio] t=1317401235.085 | feat 8492/78718 | map  33040 | icp ok  iter  9 corr  8491 rms 0.2642   86.94 ms | p=(  299.31   142.27  -1.07) v=7.61 m/s [KF]
[lio] t=1317401235.189 | feat 8404/79870 | map  33207 | icp ok  iter 14 corr  8404 rms 0.2462  118.33 ms | p=(  298.52   142.15  -1.06) v=7.75 m/s
[lio] t=1317401235.293 | feat 8284/80693 | map  33207 | icp ok  iter 13 corr  8281 rms 0.2998  117.33 ms | p=(  297.69   142.03  -1.07) v=7.98 m/s [KF]
[lio] t=1317401235.397 | feat 7991/80877 | map  33456 | icp ok  iter 11 corr  7991 rms 0.2295  108.48 ms | p=(  296.91   141.95  -1.06) v=7.80 m/s
[lio] t=1317401235.500 | feat 7827/81128 | map  33456 | icp ok  iter 10 corr  7826 rms 0.2568   95.04 ms | p=(  296.08   141.85  -1.03) v=7.96 m/s [KF]
[lio] t=1317401235.604 | feat 7809/81749 | map  33642 | icp ok  iter  9 corr  7809 rms 0.2368   84.16 ms | p=(  295.24   141.77  -1.02) v=8.15 m/s
[lio] t=1317401235.708 | feat 7749/82073 | map  33642 | icp ok  iter 26 corr  7743 rms 0.2705  202.40 ms | p=(  294.45   141.68  -1.02) v=7.89 m/s [KF]
[lio] t=1317401235.812 | feat 7778/82022 | map  33947 | icp ok  iter 15 corr  7777 rms 0.2466  121.10 ms | p=(  293.59   141.59  -0.99) v=8.23 m/s
[lio] t=1317401235.915 | feat 7704/82068 | map  33947 | icp ok  iter 14 corr  7703 rms 0.2825  109.47 ms | p=(  292.77   141.48  -0.99) v=8.18 m/s [KF]
[lio] t=1317401236.019 | feat 7635/82345 | map  34235 | icp ok  iter 15 corr  7634 rms 0.2435  119.82 ms | p=(  291.88   141.37  -0.98) v=8.51 m/s
[lio] t=1317401236.123 | feat 7658/82628 | map  34235 | icp ok  iter 14 corr  7654 rms 0.2843  107.12 ms | p=(  291.03   141.25  -0.97) v=8.42 m/s [KF]
[lio] t=1317401236.226 | feat 7654/82976 | map  34300 | icp ok  iter  8 corr  7650 rms 0.2519   67.12 ms | p=(  290.15   141.12  -0.97) v=8.58 m/s
[lio] t=1317401236.330 | feat 7474/83246 | map  34300 | icp ok  iter 13 corr  7467 rms 0.2769   96.22 ms | p=(  289.28   140.97  -0.96) v=8.58 m/s [KF]
[lio] t=1317401236.434 | feat 7488/83093 | map  34241 | icp ok  iter 10 corr  7479 rms 0.2307   73.31 ms | p=(  288.38   140.84  -0.94) v=8.76 m/s
[lio] t=1317401236.538 | feat 7613/83104 | map  34241 | icp ok  iter  9 corr  7594 rms 0.2714   69.83 ms | p=(  287.48   140.68  -0.94) v=8.84 m/s [KF]
[lio] t=1317401236.642 | feat 7626/83383 | map  33929 | icp ok  iter 17 corr  7605 rms 0.2750  123.06 ms | p=(  286.56   140.51  -0.92) v=8.97 m/s
[lio] t=1317401236.745 | feat 7623/83507 | map  33929 | icp ok  iter 11 corr  7569 rms 0.3109   83.38 ms | p=(  285.66   140.34  -0.90) v=8.93 m/s [KF]
[lio] t=1317401236.849 | feat 7845/83486 | map  33779 | icp ok  iter  6 corr  7816 rms 0.3027   50.44 ms | p=(  284.75   140.16  -0.90) v=8.99 m/s
[lio] t=1317401236.953 | feat 8049/83583 | map  33779 | icp ok  iter  6 corr  7970 rms 0.4072   52.99 ms | p=(  283.83   139.98  -0.87) v=9.03 m/s [KF]
[lio] t=1317401237.057 | feat 8305/83808 | map  33836 | icp ok  iter 13 corr  8282 rms 0.3222  107.75 ms | p=(  282.91   139.79  -0.85) v=9.05 m/s
[lio] t=1317401237.161 | feat 8530/83875 | map  33836 | icp ok  iter  8 corr  8365 rms 0.4238   64.97 ms | p=(  281.99   139.59  -0.85) v=9.03 m/s [KF]
[lio] t=1317401237.265 | feat 8797/84013 | map  34090 | icp ok  iter  9 corr  8761 rms 0.3101   83.51 ms | p=(  281.08   139.40  -0.81) v=8.98 m/s
[lio] t=1317401237.369 | feat 8768/84059 | map  34090 | icp ok  iter  9 corr  8712 rms 0.3704   76.66 ms | p=(  280.17   139.19  -0.80) v=8.98 m/s [KF]
[lio] t=1317401237.472 | feat 8865/84131 | map  34126 | icp ok  iter 10 corr  8859 rms 0.3207   93.34 ms | p=(  279.25   139.00  -0.79) v=9.01 m/s
[lio] t=1317401237.576 | feat 8814/83974 | map  34126 | icp ok  iter  9 corr  8761 rms 0.4089   82.49 ms | p=(  278.33   138.78  -0.78) v=9.01 m/s [KF]
[lio] t=1317401237.680 | feat 8903/84008 | map  33987 | icp ok  iter  8 corr  8886 rms 0.3137   77.24 ms | p=(  277.42   138.59  -0.76) v=8.99 m/s
[lio] t=1317401237.784 | feat 8873/84025 | map  33987 | icp ok  iter  8 corr  8823 rms 0.3726   79.50 ms | p=(  276.54   138.38  -0.74) v=8.79 m/s [KF]
[lio] t=1317401237.888 | feat 8664/84108 | map  34064 | icp ok  iter 11 corr  8660 rms 0.3125   93.27 ms | p=(  275.64   138.18  -0.72) v=8.80 m/s
[lio] t=1317401237.992 | feat 8509/84202 | map  34064 | icp ok  iter  2 corr  8492 rms 0.3552   23.22 ms | p=(  274.75   137.99  -0.70) v=8.76 m/s [KF]
[lio] t=1317401238.096 | feat 8598/84290 | map  34041 | icp ok  iter  8 corr  8593 rms 0.2828   69.86 ms | p=(  273.85   137.79  -0.68) v=8.75 m/s
[lio] t=1317401238.200 | feat 8644/83894 | map  34041 | icp ok  iter 10 corr  8630 rms 0.3325   92.47 ms | p=(  272.97   137.60  -0.67) v=8.74 m/s [KF]
[lio] t=1317401238.304 | feat 8554/83752 | map  34050 | icp ok  iter  5 corr  8550 rms 0.2946   48.95 ms | p=(  272.07   137.40  -0.66) v=8.76 m/s
[lio] t=1317401238.408 | feat 8367/83450 | map  34050 | icp ok  iter  7 corr  8347 rms 0.3374   59.40 ms | p=(  271.19   137.20  -0.67) v=8.68 m/s [KF]
[lio] t=1317401238.512 | feat 8371/83593 | map  34154 | icp ok  iter  8 corr  8368 rms 0.2689   76.39 ms | p=(  270.30   137.01  -0.64) v=8.67 m/s
[lio] t=1317401238.616 | feat 8593/83733 | map  34154 | icp ok  iter 15 corr  8579 rms 0.3364  130.38 ms | p=(  269.44   136.82  -0.64) v=8.48 m/s [KF]
[lio] t=1317401238.720 | feat 8883/84086 | map  34176 | icp ok  iter  8 corr  8870 rms 0.2863   74.44 ms | p=(  268.58   136.64  -0.62) v=8.39 m/s
[lio] t=1317401238.824 | feat 9016/84315 | map  34176 | icp ok  iter  9 corr  8981 rms 0.3130   84.22 ms | p=(  267.74   136.46  -0.62) v=8.28 m/s [KF]
[lio] t=1317401238.928 | feat 8997/84300 | map  34168 | icp ok  iter  9 corr  8990 rms 0.2682   82.42 ms | p=(  266.89   136.28  -0.61) v=8.25 m/s
[lio] t=1317401239.032 | feat 9168/84289 | map  34168 | icp ok  iter  9 corr  9104 rms 0.3516   85.87 ms | p=(  266.08   136.11  -0.60) v=7.99 m/s [KF]
[lio] t=1317401239.135 | feat 9240/84343 | map  34268 | icp ok  iter 10 corr  9179 rms 0.2944   90.15 ms | p=(  265.25   135.94  -0.58) v=7.95 m/s
[lio] t=1317401239.239 | feat 9352/84380 | map  34268 | icp ok  iter 10 corr  9242 rms 0.3658   94.48 ms | p=(  264.47   135.77  -0.58) v=7.70 m/s [KF]
[lio] t=1317401239.343 | feat 9397/84132 | map  34390 | icp ok  iter  9 corr  9390 rms 0.3333   88.09 ms | p=(  263.69   135.61  -0.56) v=7.57 m/s
[lio] t=1317401239.447 | feat 9500/83952 | map  34390 | icp ok  iter  9 corr  9476 rms 0.4081   86.02 ms | p=(  262.94   135.45  -0.55) v=7.31 m/s [KF]
[lio] t=1317401239.551 | feat 9384/83671 | map  34907 | icp ok  iter  5 corr  9369 rms 0.3082   60.71 ms | p=(  262.18   135.29  -0.54) v=7.24 m/s
[lio] t=1317401239.655 | feat 9597/83812 | map  34907 | icp ok  iter  9 corr  9536 rms 0.3600   93.74 ms | p=(  261.48   135.14  -0.52) v=6.90 m/s [KF]
[lio] t=1317401239.759 | feat 10020/84087 | map  35096 | icp ok  iter  9 corr 10005 rms 0.2916   94.49 ms | p=(  260.79   134.99  -0.49) v=6.66 m/s
[lio] t=1317401239.863 | feat 10184/84272 | map  35096 | icp ok  iter 13 corr 10123 rms 0.3461  136.01 ms | p=(  260.10   134.85  -0.49) v=6.55 m/s [KF]
[lio] t=1317401239.967 | feat 10301/84275 | map  35367 | icp ok  iter 10 corr 10293 rms 0.2844  109.16 ms | p=(  259.47   134.70  -0.49) v=6.13 m/s
[lio] t=1317401240.071 | feat 10382/84110 | map  35367 | icp ok  iter  8 corr 10324 rms 0.3443   93.49 ms | p=(  258.85   134.56  -0.49) v=5.92 m/s [KF]
[lio] t=1317401240.175 | feat 10416/84047 | map  35501 | icp ok  iter  6 corr 10397 rms 0.3077   75.68 ms | p=(  258.26   134.42  -0.47) v=5.71 m/s
[lio] t=1317401240.279 | feat 10514/83972 | map  35501 | icp ok  iter  9 corr 10465 rms 0.3610   94.38 ms | p=(  257.70   134.29  -0.45) v=5.41 m/s [KF]
[lio] t=1317401240.383 | feat 10577/83910 | map  35899 | icp ok  iter  9 corr 10559 rms 0.2980   92.35 ms | p=(  257.18   134.17  -0.43) v=5.04 m/s
[lio] t=1317401240.487 | feat 10685/83870 | map  35899 | icp ok  iter  5 corr 10656 rms 0.3435   58.82 ms | p=(  256.68   134.05  -0.42) v=4.74 m/s [KF]
[lio] t=1317401240.591 | feat 10943/83847 | map  36222 | icp ok  iter  5 corr 10925 rms 0.2740   56.70 ms | p=(  256.22   133.93  -0.41) v=4.46 m/s
[lio] t=1317401240.695 | feat 11035/83863 | map  36222 | icp ok  iter  8 corr 11005 rms 0.3266   87.70 ms | p=(  255.77   133.82  -0.41) v=4.26 m/s
[lio] t=1317401240.799 | feat 11242/83746 | map  36222 | icp ok  iter  9 corr 11167 rms 0.3549  101.15 ms | p=(  255.35   133.71  -0.39) v=4.08 m/s [KF]
[lio] t=1317401240.903 | feat 11489/83711 | map  36713 | icp ok  iter  7 corr 11469 rms 0.2803   84.72 ms | p=(  254.95   133.60  -0.38) v=3.86 m/s
[lio] t=1317401241.006 | feat 11683/83628 | map  36713 | icp ok  iter 10 corr 11622 rms 0.3265  115.71 ms | p=(  254.56   133.49  -0.38) v=3.73 m/s
[lio] t=1317401241.110 | feat 11837/83659 | map  36713 | icp ok  iter  9 corr 11740 rms 0.3573  110.10 ms | p=(  254.20   133.38  -0.38) v=3.58 m/s [KF]
[lio] t=1317401241.214 | feat 12023/83533 | map  37517 | icp ok  iter 11 corr 12014 rms 0.2984  131.53 ms | p=(  253.86   133.28  -0.36) v=3.34 m/s
[lio] t=1317401241.318 | feat 12455/83476 | map  37517 | icp ok  iter  7 corr 12412 rms 0.3479   91.57 ms | p=(  253.53   133.18  -0.36) v=3.28 m/s
[lio] t=1317401241.422 | feat 12675/83353 | map  37517 | icp ok  iter 11 corr 12591 rms 0.3560  142.74 ms | p=(  253.19   133.08  -0.35) v=3.27 m/s [KF]
[lio] t=1317401241.526 | feat 12896/83379 | map  38457 | icp ok  iter  9 corr 12881 rms 0.3146  114.44 ms | p=(  252.87   132.98  -0.34) v=3.15 m/s
[lio] t=1317401241.630 | feat 13092/83241 | map  38457 | icp ok  iter  9 corr 13060 rms 0.3344  127.04 ms | p=(  252.58   132.86  -0.33) v=3.01 m/s
[lio] t=1317401241.734 | feat 13427/83314 | map  38457 | icp ok  iter  9 corr 13343 rms 0.3842  119.82 ms | p=(  252.29   132.75  -0.32) v=2.91 m/s
[lio] t=1317401241.838 | feat 13651/83040 | map  38457 | icp ok  iter  8 corr 13510 rms 0.4079  115.55 ms | p=(  252.00   132.65  -0.32) v=2.83 m/s [KF]
[lio] t=1317401241.942 | feat 13881/82926 | map  39774 | icp ok  iter  9 corr 13871 rms 0.2857  134.54 ms | p=(  251.75   132.53  -0.31) v=2.69 m/s
[lio] t=1317401242.046 | feat 13938/82656 | map  39774 | icp ok  iter 11 corr 13911 rms 0.3261  161.21 ms | p=(  251.49   132.41  -0.31) v=2.66 m/s
[lio] t=1317401242.150 | feat 14081/82582 | map  39774 | icp ok  iter 10 corr 14043 rms 0.3488  146.27 ms | p=(  251.24   132.30  -0.30) v=2.61 m/s
[lio] t=1317401242.254 | feat 14296/82458 | map  39774 | icp ok  iter 12 corr 14229 rms 0.3792  182.84 ms | p=(  250.99   132.19  -0.29) v=2.57 m/s [KF]
[lio] t=1317401242.358 | feat 14493/82388 | map  41176 | icp ok  iter 12 corr 14466 rms 0.3394  188.52 ms | p=(  250.74   132.07  -0.28) v=2.56 m/s
[lio] t=1317401242.461 | feat 14532/82258 | map  41176 | icp ok  iter 12 corr 14499 rms 0.3300  192.42 ms | p=(  250.52   131.95  -0.27) v=2.42 m/s
[lio] t=1317401242.565 | feat 14734/82266 | map  41176 | icp ok  iter 10 corr 14666 rms 0.3721  155.81 ms | p=(  250.29   131.83  -0.25) v=2.43 m/s
[lio] t=1317401242.669 | feat 14908/82285 | map  41176 | icp ok  iter  5 corr 14793 rms 0.4135   80.62 ms | p=(  250.07   131.71  -0.25) v=2.38 m/s [KF]
[lio] t=1317401242.773 | feat 14932/82154 | map  42953 | icp ok  iter 15 corr 14909 rms 0.3387  240.80 ms | p=(  249.87   131.55  -0.23) v=2.42 m/s
[lio] t=1317401242.877 | feat 15093/82138 | map  42953 | icp ok  iter 15 corr 15054 rms 0.3918  231.06 ms | p=(  249.66   131.44  -0.22) v=2.26 m/s
[lio] t=1317401242.980 | feat 15095/82050 | map  42953 | icp ok  iter  7 corr 15056 rms 0.3922  123.61 ms | p=(  249.47   131.30  -0.22) v=2.26 m/s
[lio] t=1317401243.084 | feat 15312/82016 | map  42953 | icp ok  iter 13 corr 15254 rms 0.3977  208.81 ms | p=(  249.26   131.15  -0.20) v=2.34 m/s
[lio] t=1317401243.188 | feat 15395/81920 | map  42953 | icp ok  iter  9 corr 15342 rms 0.3952  140.06 ms | p=(  249.07   131.00  -0.19) v=2.38 m/s [KF]
[lio] t=1317401243.292 | feat 15670/81891 | map  44665 | icp ok  iter 10 corr 15662 rms 0.3160  174.64 ms | p=(  248.88   130.83  -0.17) v=2.43 m/s
[lio] t=1317401243.395 | feat 15775/81950 | map  44665 | icp ok  iter 10 corr 15758 rms 0.3117  176.30 ms | p=(  248.67   130.66  -0.18) v=2.62 m/s
[lio] t=1317401243.499 | feat 15937/81841 | map  44665 | icp ok  iter  9 corr 15931 rms 0.3185  161.30 ms | p=(  248.48   130.46  -0.16) v=2.70 m/s
[lio] t=1317401243.603 | feat 16071/81864 | map  44665 | icp ok  iter 10 corr 16052 rms 0.3243  173.23 ms | p=(  248.27   130.25  -0.16) v=2.85 m/s [KF]
[lio] t=1317401243.707 | feat 16240/81654 | map  46316 | icp ok  iter  6 corr 16230 rms 0.2590  111.39 ms | p=(  248.07   130.03  -0.14) v=2.95 m/s
[lio] t=1317401243.810 | feat 16293/81757 | map  46316 | icp ok  iter 11 corr 16285 rms 0.2677  188.18 ms | p=(  247.87   129.78  -0.14) v=3.08 m/s
[lio] t=1317401243.914 | feat 16353/81777 | map  46316 | icp ok  iter  9 corr 16333 rms 0.2928  158.22 ms | p=(  247.65   129.52  -0.11) v=3.26 m/s
[lio] t=1317401244.018 | feat 16545/81737 | map  46316 | icp ok  iter 10 corr 16515 rms 0.3082  182.05 ms | p=(  247.45   129.24  -0.11) v=3.39 m/s [KF]
[lio] t=1317401244.121 | feat 16730/81744 | map  47596 | icp ok  iter  8 corr 16723 rms 0.2586  143.63 ms | p=(  247.25   128.95  -0.08) v=3.45 m/s
[lio] t=1317401244.225 | feat 16648/81558 | map  47596 | icp ok  iter 11 corr 16639 rms 0.2608  200.15 ms | p=(  247.07   128.61  -0.07) v=3.66 m/s
[lio] t=1317401244.329 | feat 16911/81553 | map  47596 | icp ok  iter 11 corr 16898 rms 0.2831  197.48 ms | p=(  246.87   128.27  -0.05) v=3.80 m/s [KF]
[lio] t=1317401244.433 | feat 16790/81587 | map  48523 | icp ok  iter 10 corr 16781 rms 0.2476  177.03 ms | p=(  246.70   127.91  -0.03) v=3.90 m/s
[lio] t=1317401244.536 | feat 16829/81541 | map  48523 | icp ok  iter  8 corr 16827 rms 0.2641  155.42 ms | p=(  246.52   127.52   0.00) v=4.12 m/s
[lio] t=1317401244.640 | feat 16818/81598 | map  48523 | icp ok  iter  3 corr 16813 rms 0.2865   66.14 ms | p=(  246.36   127.12   0.03) v=4.24 m/s [KF]
[lio] t=1317401244.744 | feat 16856/81657 | map  49173 | icp ok  iter 11 corr 16845 rms 0.2585  217.34 ms | p=(  246.21   126.68   0.05) v=4.46 m/s
[lio] t=1317401244.848 | feat 16862/81967 | map  49173 | icp ok  iter 10 corr 16842 rms 0.2985  203.01 ms | p=(  246.07   126.24   0.07) v=4.59 m/s
[lio] t=1317401244.952 | feat 16932/81930 | map  49173 | icp ok  iter 14 corr 16890 rms 0.3183  267.74 ms | p=(  245.94   125.75   0.11) v=4.85 m/s [KF]
[lio] t=1317401245.056 | feat 16834/81923 | map  50042 | icp ok  iter  8 corr 16826 rms 0.2373  179.37 ms | p=(  245.82   125.24   0.14) v=5.06 m/s
[lio] t=1317401245.160 | feat 16901/82148 | map  50042 | icp ok  iter 14 corr 16883 rms 0.2657  265.24 ms | p=(  245.71   124.71   0.16) v=5.27 m/s [KF]
[lio] t=1317401245.264 | feat 16662/82152 | map  50809 | icp ok  iter 12 corr 16633 rms 0.2889  224.39 ms | p=(  245.60   124.15   0.19) v=5.51 m/s
[lio] t=1317401245.368 | feat 16600/82319 | map  50809 | icp ok  iter 14 corr 16565 rms 0.3059  247.87 ms | p=(  245.50   123.56   0.21) v=5.73 m/s [KF]
[lio] t=1317401245.472 | feat 16257/82033 | map  51804 | icp ok  iter 11 corr 16231 rms 0.2707  195.30 ms | p=(  245.41   122.95   0.24) v=5.98 m/s
[lio] t=1317401245.576 | feat 16067/81711 | map  51804 | icp ok  iter 11 corr 16034 rms 0.2986  195.26 ms | p=(  245.32   122.32   0.28) v=6.10 m/s [KF]
[lio] t=1317401245.680 | feat 15709/81281 | map  52671 | icp ok  iter 13 corr 15702 rms 0.2634  223.08 ms | p=(  245.23   121.68   0.32) v=6.25 m/s
[lio] t=1317401245.784 | feat 14965/80768 | map  52671 | icp ok  iter 11 corr 14949 rms 0.2873  186.37 ms | p=(  245.17   121.02   0.36) v=6.28 m/s [KF]
[lio] t=1317401245.888 | feat 14631/80206 | map  53401 | icp ok  iter 11 corr 14627 rms 0.2591  173.54 ms | p=(  245.14   120.39   0.40) v=6.10 m/s
[lio] t=1317401245.992 | feat 14337/79534 | map  53401 | icp ok  iter 10 corr 14323 rms 0.3082  146.43 ms | p=(  245.13   119.77   0.43) v=5.96 m/s [KF]
[lio] t=1317401246.096 | feat 14140/79283 | map  54196 | icp ok  iter 16 corr 14136 rms 0.2634  236.01 ms | p=(  245.11   119.11   0.47) v=6.05 m/s
[lio] t=1317401246.200 | feat 14104/79102 | map  54196 | icp ok  iter 10 corr 14099 rms 0.2817  161.68 ms | p=(  245.13   118.53   0.50) v=5.65 m/s [KF]
[lio] t=1317401246.304 | feat 14271/77827 | map  54783 | icp ok  iter  9 corr 14266 rms 0.2519  143.58 ms | p=(  245.17   117.94   0.54) v=5.54 m/s
[lio] t=1317401246.408 | feat 14283/78089 | map  54783 | icp ok  iter  6 corr 14269 rms 0.2743  104.73 ms | p=(  245.21   117.36   0.57) v=5.53 m/s [KF]
[lio] t=1317401246.512 | feat 14522/78495 | map  55309 | icp ok  iter 10 corr 14521 rms 0.2648  156.32 ms | p=(  245.29   116.79   0.60) v=5.48 m/s
[lio] t=1317401246.616 | feat 14672/78207 | map  55309 | icp ok  iter 11 corr 14648 rms 0.2732  185.19 ms | p=(  245.36   116.21   0.63) v=5.52 m/s [KF]
[lio] t=1317401246.720 | feat 14961/78559 | map  55882 | icp ok  iter  8 corr 14949 rms 0.2494  153.95 ms | p=(  245.44   115.64   0.66) v=5.48 m/s
[lio] t=1317401246.824 | feat 15173/78438 | map  55882 | icp ok  iter 11 corr 15165 rms 0.2675  212.27 ms | p=(  245.55   115.08   0.69) v=5.44 m/s [KF]
[lio] t=1317401246.929 | feat 15359/78464 | map  56397 | icp ok  iter 14 corr 15352 rms 0.2481  232.93 ms | p=(  245.65   114.50   0.72) v=5.51 m/s
[lio] t=1317401247.033 | feat 15418/78590 | map  56397 | icp ok  iter 10 corr 15399 rms 0.2551  169.23 ms | p=(  245.77   113.92   0.75) v=5.61 m/s [KF]
[lio] t=1317401247.137 | feat 15399/78880 | map  56782 | icp ok  iter  5 corr 15392 rms 0.2480   90.33 ms | p=(  245.88   113.34   0.79) v=5.58 m/s
[lio] t=1317401247.241 | feat 15318/79065 | map  56782 | icp ok  iter  7 corr 15316 rms 0.2632  119.51 ms | p=(  246.01   112.78   0.82) v=5.46 m/s [KF]
[lio] t=1317401247.345 | feat 15023/79235 | map  57191 | icp ok  iter 10 corr 15021 rms 0.2161  155.07 ms | p=(  246.13   112.22   0.85) v=5.50 m/s
[lio] t=1317401247.449 | feat 15204/79600 | map  57191 | icp ok  iter 10 corr 15199 rms 0.2387  153.36 ms | p=(  246.27   111.66   0.89) v=5.52 m/s [KF]
[lio] t=1317401247.553 | feat 15154/79854 | map  57593 | icp ok  iter  8 corr 15146 rms 0.2345  142.83 ms | p=(  246.41   111.07   0.92) v=5.68 m/s
[lio] t=1317401247.657 | feat 15213/79933 | map  57593 | icp ok  iter  9 corr 15201 rms 0.2408  171.13 ms | p=(  246.56   110.49   0.95) v=5.78 m/s [KF]
[lio] t=1317401247.762 | feat 15240/78875 | map  58050 | icp ok  iter  5 corr 15234 rms 0.2292   95.40 ms | p=(  246.71   109.90   0.98) v=5.88 m/s
[lio] t=1317401247.866 | feat 15109/78532 | map  58050 | icp ok  iter  4 corr 15105 rms 0.2456   75.88 ms | p=(  246.87   109.29   1.01) v=6.03 m/s [KF]
[lio] t=1317401247.970 | feat 14908/78574 | map  58352 | icp ok  iter 14 corr 14902 rms 0.2204  202.64 ms | p=(  247.03   108.66   1.05) v=6.19 m/s
[lio] t=1317401248.074 | feat 14825/78599 | map  58352 | icp ok  iter 12 corr 14799 rms 0.2345  188.48 ms | p=(  247.19   108.01   1.08) v=6.40 m/s [KF]
[lio] t=1317401248.178 | feat 14778/79960 | map  58553 | icp ok  iter  7 corr 14738 rms 0.2235  116.04 ms | p=(  247.37   107.36   1.12) v=6.53 m/s
[lio] t=1317401248.282 | feat 14987/80488 | map  58553 | icp ok  iter  7 corr 14916 rms 0.2475  110.42 ms | p=(  247.55   106.70   1.16) v=6.61 m/s [KF]
[lio] t=1317401248.386 | feat 14863/80699 | map  58673 | icp ok  iter  5 corr 14838 rms 0.2322   77.55 ms | p=(  247.74   106.03   1.20) v=6.71 m/s
[lio] t=1317401248.490 | feat 15102/81127 | map  58673 | icp ok  iter 11 corr 15044 rms 0.2699  175.96 ms | p=(  247.94   105.33   1.24) v=6.93 m/s [KF]
[lio] t=1317401248.594 | feat 15211/81332 | map  58739 | icp ok  iter  6 corr 15202 rms 0.2442  104.10 ms | p=(  248.13   104.65   1.28) v=6.95 m/s
[lio] t=1317401248.698 | feat 15159/81728 | map  58739 | icp ok  iter 10 corr 15103 rms 0.2823  168.63 ms | p=(  248.34   103.92   1.32) v=7.20 m/s [KF]
[lio] t=1317401248.802 | feat 15217/81833 | map  58525 | icp ok  iter  9 corr 15215 rms 0.2506  152.41 ms | p=(  248.56   103.21   1.37) v=7.23 m/s
[lio] t=1317401248.906 | feat 15256/81699 | map  58525 | icp ok  iter 13 corr 15240 rms 0.3035  211.21 ms | p=(  248.78   102.47   1.41) v=7.43 m/s [KF]
[lio] t=1317401249.010 | feat 15468/81915 | map  58710 | icp ok  iter 12 corr 15463 rms 0.2376  189.75 ms | p=(  249.00   101.71   1.46) v=7.58 m/s
[lio] t=1317401249.114 | feat 15359/82172 | map  58710 | icp ok  iter  6 corr 15317 rms 0.2673  112.82 ms | p=(  249.23   100.95   1.50) v=7.67 m/s [KF]
[lio] t=1317401249.218 | feat 15275/82106 | map  58545 | icp ok  iter 11 corr 15268 rms 0.2490  190.32 ms | p=(  249.46   100.15   1.55) v=7.97 m/s
[lio] t=1317401249.322 | feat 14957/82219 | map  58545 | icp ok  iter 11 corr 14915 rms 0.2681  178.35 ms | p=(  249.69    99.37   1.59) v=7.89 m/s [KF]
[lio] t=1317401249.426 | feat 14755/82165 | map  58170 | icp ok  iter 12 corr 14743 rms 0.2675  194.70 ms | p=(  249.94    98.56   1.66) v=8.12 m/s
[lio] t=1317401249.530 | feat 14693/82225 | map  58170 | icp ok  iter  6 corr 14671 rms 0.3071  110.80 ms | p=(  250.18    97.74   1.70) v=8.26 m/s [KF]
[lio] t=1317401249.634 | feat 14611/82377 | map  57439 | icp ok  iter 10 corr 14587 rms 0.2432  153.08 ms | p=(  250.42    96.90   1.75) v=8.40 m/s
[lio] t=1317401249.738 | feat 14383/82628 | map  57439 | icp ok  iter  9 corr 14353 rms 0.2852  139.90 ms | p=(  250.68    96.07   1.79) v=8.47 m/s [KF]
[lio] t=1317401249.842 | feat 14407/82518 | map  56532 | icp ok  iter 12 corr 14401 rms 0.2510  179.01 ms | p=(  250.94    95.21   1.85) v=8.60 m/s
[lio] t=1317401249.946 | feat 14055/82399 | map  56532 | icp ok  iter 11 corr 13991 rms 0.2784  167.16 ms | p=(  251.22    94.34   1.91) v=8.78 m/s [KF]
[lio] t=1317401250.050 | feat 14034/82561 | map  55830 | icp ok  iter 11 corr 14011 rms 0.2788  161.70 ms | p=(  251.50    93.46   1.97) v=8.92 m/s
[lio] t=1317401250.154 | feat 14161/82749 | map  55830 | icp ok  iter  8 corr 14122 rms 0.3186  119.75 ms | p=(  251.80    92.58   2.02) v=8.97 m/s [KF]
[lio] t=1317401250.258 | feat 14311/82834 | map  55296 | icp ok  iter 11 corr 14297 rms 0.2698  178.57 ms | p=(  252.10    91.68   2.08) v=9.15 m/s
[lio] t=1317401250.362 | feat 14803/82836 | map  55296 | icp ok  iter 11 corr 14779 rms 0.3031  182.78 ms | p=(  252.40    90.77   2.14) v=9.27 m/s [KF]
[lio] t=1317401250.466 | feat 14627/82787 | map  54808 | icp ok  iter  9 corr 14595 rms 0.2565  153.78 ms | p=(  252.72    89.84   2.19) v=9.45 m/s
[lio] t=1317401250.570 | feat 14483/82265 | map  54808 | icp ok  iter 11 corr 14444 rms 0.2855  175.87 ms | p=(  253.05    88.90   2.26) v=9.59 m/s [KF]
[lio] t=1317401250.674 | feat 14523/81990 | map  54380 | icp ok  iter  9 corr 14505 rms 0.2576  147.86 ms | p=(  253.37    87.95   2.32) v=9.65 m/s [KF]
[lio] t=1317401250.778 | feat 14549/81779 | map  54030 | icp ok  iter  9 corr 14521 rms 0.2606  132.85 ms | p=(  253.69    86.99   2.39) v=9.72 m/s [KF]
[lio] t=1317401250.882 | feat 14593/81582 | map  53861 | icp ok  iter  9 corr 14591 rms 0.2637  142.76 ms | p=(  254.02    86.03   2.46) v=9.79 m/s [KF]
[lio] t=1317401250.986 | feat 14387/80837 | map  53864 | icp ok  iter  9 corr 14383 rms 0.2702  148.12 ms | p=(  254.35    85.06   2.51) v=9.86 m/s [KF]
[lio] t=1317401251.090 | feat 14518/80532 | map  54047 | icp ok  iter 15 corr 14501 rms 0.2754  242.99 ms | p=(  254.68    84.08   2.57) v=9.90 m/s [KF]
[lio] t=1317401251.194 | feat 14573/80571 | map  54250 | icp ok  iter  9 corr 14569 rms 0.2555  171.04 ms | p=(  255.01    83.09   2.65) v=9.98 m/s [KF]
[lio] t=1317401251.298 | feat 14749/80798 | map  54241 | icp ok  iter  8 corr 14746 rms 0.2459  146.04 ms | p=(  255.34    82.10   2.72) v=10.01 m/s [KF]
[lio] t=1317401251.402 | feat 14562/80705 | map  54232 | icp ok  iter 12 corr 14541 rms 0.2329  189.82 ms | p=(  255.64    81.11   2.77) v=9.98 m/s [KF]
[lio] t=1317401251.506 | feat 14601/80750 | map  54040 | icp ok  iter  5 corr 14594 rms 0.2615  100.25 ms | p=(  255.94    80.10   2.83) v=10.06 m/s [KF]
[lio] t=1317401251.610 | feat 14149/80284 | map  53744 | icp ok  iter  9 corr 14147 rms 0.2402  144.17 ms | p=(  256.23    79.09   2.89) v=10.06 m/s [KF]
[lio] t=1317401251.714 | feat 14169/80347 | map  53465 | icp ok  iter 10 corr 14166 rms 0.2497  160.26 ms | p=(  256.50    78.07   2.94) v=10.09 m/s [KF]
[lio] t=1317401251.818 | feat 14089/80696 | map  53264 | icp ok  iter 12 corr 14086 rms 0.2300  188.04 ms | p=(  256.77    77.03   3.01) v=10.22 m/s [KF]
[lio] t=1317401251.922 | feat 14219/80735 | map  52864 | icp ok  iter 10 corr 14213 rms 0.2421  152.72 ms | p=(  257.03    76.01   3.08) v=10.18 m/s [KF]
[lio] t=1317401252.026 | feat 14202/80323 | map  52337 | icp ok  iter 16 corr 14200 rms 0.2382  231.42 ms | p=(  257.27    74.97   3.13) v=10.18 m/s [KF]
[lio] t=1317401252.130 | feat 14290/79867 | map  51556 | icp ok  iter  9 corr 14277 rms 0.2256  151.79 ms | p=(  257.49    73.91   3.19) v=10.32 m/s [KF]
[lio] t=1317401252.234 | feat 14268/79642 | map  50757 | icp ok  iter  9 corr 14261 rms 0.2375  146.26 ms | p=(  257.71    72.86   3.25) v=10.31 m/s [KF]
[lio] t=1317401252.338 | feat 14168/79516 | map  50142 | icp ok  iter 12 corr 14160 rms 0.2299  191.47 ms | p=(  257.92    71.80   3.32) v=10.40 m/s [KF]
[lio] t=1317401252.442 | feat 14033/79350 | map  49483 | icp ok  iter 11 corr 14017 rms 0.2387  181.92 ms | p=(  258.12    70.74   3.39) v=10.37 m/s [KF]
[lio] t=1317401252.546 | feat 14058/79032 | map  48665 | icp ok  iter 11 corr 14056 rms 0.2311  183.01 ms | p=(  258.32    69.68   3.45) v=10.40 m/s [KF]
[lio] t=1317401252.650 | feat 13989/78436 | map  47907 | icp ok  iter 13 corr 13953 rms 0.2347  205.90 ms | p=(  258.52    68.59   3.51) v=10.54 m/s [KF]
[lio] t=1317401252.753 | feat 14027/78784 | map  47274 | icp ok  iter  9 corr 14019 rms 0.2534  140.62 ms | p=(  258.72    67.51   3.58) v=10.59 m/s [KF]
[lio] t=1317401252.857 | feat 13965/78776 | map  46666 | icp ok  iter  8 corr 13956 rms 0.2582  118.35 ms | p=(  258.93    66.43   3.64) v=10.59 m/s [KF]
[lio] t=1317401252.961 | feat 13715/78659 | map  46198 | icp ok  iter  7 corr 13705 rms 0.2596  100.92 ms | p=(  259.14    65.35   3.71) v=10.60 m/s [KF]
[lio] t=1317401253.065 | feat 13614/78767 | map  45794 | icp ok  iter 10 corr 13576 rms 0.2880  145.46 ms | p=(  259.35    64.26   3.76) v=10.70 m/s [KF]
[lio] t=1317401253.169 | feat 13637/78397 | map  45343 | icp ok  iter  9 corr 13614 rms 0.3025  130.47 ms | p=(  259.56    63.16   3.83) v=10.78 m/s [KF]
[lio] t=1317401253.272 | feat 13704/78387 | map  45342 | icp ok  iter 10 corr 13677 rms 0.3085  143.75 ms | p=(  259.79    62.06   3.90) v=10.84 m/s [KF]
[lio] t=1317401253.376 | feat 13805/78989 | map  45327 | icp ok  iter  8 corr 13792 rms 0.2893  120.24 ms | p=(  260.02    60.95   3.96) v=10.91 m/s [KF]
[lio] t=1317401253.480 | feat 13488/78579 | map  45229 | icp ok  iter 10 corr 13474 rms 0.2752  139.59 ms | p=(  260.25    59.83   4.02) v=10.95 m/s [KF]
[lio] t=1317401253.584 | feat 13469/78469 | map  45017 | icp ok  iter  8 corr 13441 rms 0.2565  116.25 ms | p=(  260.49    58.73   4.07) v=10.96 m/s [KF]
[lio] t=1317401253.687 | feat 13452/78566 | map  44909 | icp ok  iter 10 corr 13433 rms 0.2397  141.99 ms | p=(  260.73    57.60   4.14) v=11.06 m/s [KF]
[lio] t=1317401253.791 | feat 13466/78799 | map  44910 | icp ok  iter 11 corr 13453 rms 0.2815  158.64 ms | p=(  260.97    56.45   4.20) v=11.25 m/s [KF]
[lio] t=1317401253.895 | feat 13115/79235 | map  45055 | icp ok  iter  8 corr 13059 rms 0.2721  105.69 ms | p=(  261.21    55.31   4.27) v=11.23 m/s [KF]
[lio] t=1317401253.999 | feat 13005/79621 | map  45091 | icp ok  iter 13 corr 12967 rms 0.2846  172.64 ms | p=(  261.47    54.15   4.33) v=11.37 m/s [KF]
[lio] t=1317401254.103 | feat 12845/79792 | map  45107 | icp ok  iter  9 corr 12810 rms 0.2887  119.95 ms | p=(  261.72    52.99   4.39) v=11.45 m/s [KF]
[lio] t=1317401254.206 | feat 12735/79580 | map  45117 | icp ok  iter  7 corr 12715 rms 0.2786   97.68 ms | p=(  261.97    51.84   4.46) v=11.39 m/s [KF]
[lio] t=1317401254.310 | feat 12532/78487 | map  45122 | icp ok  iter 15 corr 12517 rms 0.2612  186.91 ms | p=(  262.22    50.66   4.52) v=11.53 m/s [KF]
[lio] t=1317401254.414 | feat 12248/77915 | map  45219 | icp ok  iter  8 corr 12242 rms 0.2646  101.16 ms | p=(  262.47    49.49   4.58) v=11.60 m/s [KF]
[lio] t=1317401254.518 | feat 12132/78064 | map  45290 | icp ok  iter  8 corr 12131 rms 0.2419  101.06 ms | p=(  262.73    48.31   4.64) v=11.62 m/s [KF]
[lio] t=1317401254.622 | feat 11831/77595 | map  45171 | icp ok  iter  7 corr 11811 rms 0.2738   93.61 ms | p=(  262.99    47.12   4.70) v=11.67 m/s [KF]
[lio] t=1317401254.725 | feat 11738/77282 | map  44956 | icp ok  iter 13 corr 11709 rms 0.2688  161.47 ms | p=(  263.24    45.90   4.77) v=11.87 m/s [KF]
[lio] t=1317401254.829 | feat 11831/77519 | map  44634 | icp ok  iter  8 corr 11819 rms 0.2566  103.03 ms | p=(  263.51    44.71   4.84) v=11.83 m/s [KF]
[lio] t=1317401254.933 | feat 12063/77880 | map  44379 | icp ok  iter  9 corr 12052 rms 0.2881  112.88 ms | p=(  263.76    43.50   4.91) v=11.90 m/s [KF]
[lio] t=1317401255.037 | feat 12272/77705 | map  44362 | icp ok  iter  6 corr 12256 rms 0.2627   77.80 ms | p=(  264.02    42.29   4.97) v=11.91 m/s [KF]
[lio] t=1317401255.141 | feat 12169/78251 | map  44388 | icp ok  iter 14 corr 12129 rms 0.2748  177.20 ms | p=(  264.29    41.07   5.03) v=12.02 m/s [KF]
[lio] t=1317401255.245 | feat 12066/78694 | map  44365 | icp ok  iter  7 corr 12039 rms 0.2884   87.09 ms | p=(  264.55    39.86   5.10) v=11.97 m/s [KF]
[lio] t=1317401255.348 | feat 12446/78404 | map  44402 | icp ok  iter 12 corr 12400 rms 0.2791  166.57 ms | p=(  264.82    38.62   5.17) v=12.12 m/s [KF]
[lio] t=1317401255.452 | feat 12443/78549 | map  44420 | icp ok  iter  8 corr 12436 rms 0.2925  108.20 ms | p=(  265.09    37.40   5.25) v=12.06 m/s [KF]
[lio] t=1317401255.556 | feat 13053/78339 | map  44459 | icp ok  iter  8 corr 13033 rms 0.3108  128.97 ms | p=(  265.36    36.15   5.32) v=12.20 m/s [KF]
[lio] t=1317401255.660 | feat 13517/77654 | map  44739 | icp ok  iter 12 corr 13413 rms 0.3073  179.38 ms | p=(  265.63    34.94   5.40) v=12.06 m/s [KF]
[lio] t=1317401255.764 | feat 13703/77469 | map  44973 | icp ok  iter 12 corr 13631 rms 0.3325  178.06 ms | p=(  265.91    33.69   5.46) v=12.21 m/s [KF]
[lio] t=1317401255.867 | feat 13801/77690 | map  45254 | icp ok  iter  7 corr 13714 rms 0.3481  101.92 ms | p=(  266.18    32.45   5.54) v=12.16 m/s [KF]
[lio] t=1317401255.971 | feat 13898/78211 | map  45715 | icp ok  iter  9 corr 13884 rms 0.3031  137.67 ms | p=(  266.46    31.21   5.59) v=12.22 m/s [KF]
[lio] t=1317401256.075 | feat 13889/78666 | map  46045 | icp ok  iter  6 corr 13873 rms 0.2778   95.63 ms | p=(  266.73    29.98   5.69) v=12.15 m/s [KF]
[lio] t=1317401256.179 | feat 14036/79356 | map  46145 | icp ok  iter 11 corr 13989 rms 0.2663  167.98 ms | p=(  267.01    28.73   5.75) v=12.25 m/s [KF]
[lio] t=1317401256.283 | feat 13903/79162 | map  46150 | icp ok  iter 10 corr 13874 rms 0.2986  141.95 ms | p=(  267.29    27.50   5.81) v=12.14 m/s [KF]
[lio] t=1317401256.387 | feat 13922/79268 | map  46284 | icp ok  iter 10 corr 13911 rms 0.2856  156.35 ms | p=(  267.58    26.25   5.89) v=12.23 m/s [KF]
[lio] t=1317401256.490 | feat 13639/78687 | map  46276 | icp ok  iter  7 corr 13613 rms 0.2678  105.08 ms | p=(  267.86    25.02   5.95) v=12.18 m/s [KF]
[lio] t=1317401256.594 | feat 13746/78752 | map  46241 | icp ok  iter 10 corr 13662 rms 0.2811  144.97 ms | p=(  268.14    23.77   6.02) v=12.25 m/s [KF]
[lio] t=1317401256.698 | feat 13799/79152 | map  46227 | icp ok  iter  8 corr 13780 rms 0.3306  121.83 ms | p=(  268.42    22.54   6.10) v=12.14 m/s [KF]
[lio] t=1317401256.802 | feat 13850/79908 | map  46542 | icp ok  iter 11 corr 13809 rms 0.3230  156.64 ms | p=(  268.71    21.30   6.16) v=12.21 m/s [KF]
[lio] t=1317401256.905 | feat 14109/80305 | map  46891 | icp ok  iter  7 corr 14095 rms 0.3057  102.81 ms | p=(  268.99    20.08   6.23) v=12.09 m/s [KF]
[lio] t=1317401257.009 | feat 14356/80508 | map  47204 | icp ok  iter 10 corr 14348 rms 0.2799  158.53 ms | p=(  269.28    18.83   6.30) v=12.19 m/s [KF]
[lio] t=1317401257.113 | feat 14508/80379 | map  47388 | icp ok  iter 12 corr 14487 rms 0.2855  163.70 ms | p=(  269.57    17.62   6.36) v=12.05 m/s [KF]
[lio] t=1317401257.217 | feat 14670/80600 | map  47783 | icp ok  iter  4 corr 14667 rms 0.2824   77.92 ms | p=(  269.86    16.39   6.42) v=12.11 m/s [KF]
[lio] t=1317401257.320 | feat 14700/80624 | map  48352 | icp ok  iter  7 corr 14679 rms 0.2715  114.66 ms | p=(  270.16    15.15   6.48) v=12.14 m/s [KF]
[lio] t=1317401257.424 | feat 14603/80708 | map  48750 | icp ok  iter  4 corr 14598 rms 0.2662   62.21 ms | p=(  270.45    13.93   6.54) v=12.07 m/s [KF]
[lio] t=1317401257.528 | feat 14450/80152 | map  49118 | icp ok  iter 10 corr 14438 rms 0.2666  144.66 ms | p=(  270.74    12.70   6.60) v=12.09 m/s [KF]
[lio] t=1317401257.632 | feat 14614/80962 | map  49520 | icp ok  iter  8 corr 14614 rms 0.2602  119.46 ms | p=(  271.04    11.48   6.66) v=12.06 m/s [KF]
[lio] t=1317401257.735 | feat 14738/81082 | map  49751 | icp ok  iter  5 corr 14653 rms 0.2771   78.24 ms | p=(  271.34    10.27   6.73) v=11.97 m/s [KF]
[lio] t=1317401257.839 | feat 15072/80757 | map  49981 | icp ok  iter  9 corr 14971 rms 0.3051  145.39 ms | p=(  271.64     9.06   6.79) v=11.99 m/s [KF]
[lio] t=1317401257.943 | feat 14972/80515 | map  50456 | icp ok  iter  8 corr 14958 rms 0.3111  136.42 ms | p=(  271.94     7.85   6.85) v=11.97 m/s [KF]
[lio] t=1317401258.047 | feat 14959/80437 | map  51016 | icp ok  iter  8 corr 14954 rms 0.2498  130.71 ms | p=(  272.24     6.64   6.89) v=11.95 m/s [KF]
[lio] t=1317401258.151 | feat 14716/80425 | map  51425 | icp ok  iter  8 corr 14699 rms 0.2476  127.99 ms | p=(  272.54     5.43   6.95) v=11.91 m/s [KF]
[lio] t=1317401258.255 | feat 14481/80691 | map  51598 | icp ok  iter  7 corr 14455 rms 0.2383  121.77 ms | p=(  272.83     4.22   7.02) v=11.93 m/s [KF]
[lio] t=1317401258.358 | feat 14414/80709 | map  51606 | icp ok  iter  5 corr 14393 rms 0.2605   87.02 ms | p=(  273.12     3.02   7.07) v=11.84 m/s [KF]
[lio] t=1317401258.462 | feat 14617/81163 | map  51517 | icp ok  iter 10 corr 14599 rms 0.2511  158.62 ms | p=(  273.42     1.83   7.13) v=11.79 m/s [KF]
[lio] t=1317401258.566 | feat 14699/80633 | map  51491 | icp ok  iter  7 corr 14664 rms 0.2466  112.99 ms | p=(  273.71     0.63   7.20) v=11.79 m/s [KF]
[lio] t=1317401258.670 | feat 14613/80282 | map  51501 | icp ok  iter  8 corr 14588 rms 0.2552  129.05 ms | p=(  274.01    -0.56   7.24) v=11.80 m/s [KF]
[lio] t=1317401258.774 | feat 14555/80483 | map  51444 | icp ok  iter  8 corr 14537 rms 0.2624  133.04 ms | p=(  274.30    -1.76   7.30) v=11.77 m/s [KF]
[lio] t=1317401258.877 | feat 14581/80611 | map  51199 | icp ok  iter  6 corr 14537 rms 0.2623   96.13 ms | p=(  274.60    -2.94   7.36) v=11.69 m/s [KF]
[lio] t=1317401258.981 | feat 14458/80534 | map  51073 | icp ok  iter  4 corr 14418 rms 0.2375   73.45 ms | p=(  274.89    -4.12   7.42) v=11.69 m/s [KF]
[lio] t=1317401259.085 | feat 14414/80195 | map  51050 | icp ok  iter  8 corr 14394 rms 0.2327  130.67 ms | p=(  275.19    -5.31   7.47) v=11.69 m/s [KF]
[lio] t=1317401259.189 | feat 14506/80387 | map  50860 | icp ok  iter 12 corr 14486 rms 0.2424  194.86 ms | p=(  275.47    -6.49   7.56) v=11.65 m/s [KF]
[lio] t=1317401259.292 | feat 14593/80544 | map  50761 | icp ok  iter  7 corr 14576 rms 0.2629  123.22 ms | p=(  275.77    -7.67   7.62) v=11.62 m/s [KF]
[lio] t=1317401259.396 | feat 14803/80512 | map  50687 | icp ok  iter  9 corr 14792 rms 0.2652  147.57 ms | p=(  276.06    -8.83   7.68) v=11.56 m/s [KF]
[lio] t=1317401259.500 | feat 14835/78195 | map  50870 | icp ok  iter  7 corr 14829 rms 0.2373  118.81 ms | p=(  276.35   -10.01   7.74) v=11.56 m/s [KF]
[lio] t=1317401259.604 | feat 14653/77182 | map  50760 | icp ok  iter  8 corr 14634 rms 0.2612  118.85 ms | p=(  276.65   -11.17   7.80) v=11.55 m/s [KF]
[lio] t=1317401259.708 | feat 14678/78645 | map  50831 | icp ok  iter  8 corr 14653 rms 0.2389  116.41 ms | p=(  276.94   -12.33   7.86) v=11.44 m/s [KF]
[lio] t=1317401259.811 | feat 14685/80126 | map  50859 | icp ok  iter  7 corr 14658 rms 0.2376  106.10 ms | p=(  277.23   -13.48   7.93) v=11.39 m/s [KF]
[lio] t=1317401259.915 | feat 14678/80714 | map  50800 | icp ok  iter  9 corr 14641 rms 0.2499  139.98 ms | p=(  277.52   -14.63   7.99) v=11.37 m/s [KF]
[lio] t=1317401260.019 | feat 14905/80958 | map  50836 | icp ok  iter  7 corr 14886 rms 0.2678  107.99 ms | p=(  277.81   -15.77   8.05) v=11.27 m/s [KF]
[lio] t=1317401260.123 | feat 15075/81102 | map  50914 | icp ok  iter  4 corr 15067 rms 0.2599   81.07 ms | p=(  278.11   -16.91   8.12) v=11.24 m/s [KF]
[lio] t=1317401260.227 | feat 15197/81076 | map  51040 | icp ok  iter  8 corr 15169 rms 0.2499  136.58 ms | p=(  278.40   -18.05   8.18) v=11.24 m/s [KF]
[lio] t=1317401260.331 | feat 15393/81622 | map  51128 | icp ok  iter  9 corr 15344 rms 0.2674  142.96 ms | p=(  278.69   -19.18   8.25) v=11.18 m/s [KF]
[lio] t=1317401260.434 | feat 15340/81830 | map  51288 | icp ok  iter  8 corr 15318 rms 0.2821  130.31 ms | p=(  278.97   -20.30   8.31) v=11.12 m/s [KF]
[lio] t=1317401260.538 | feat 15580/81714 | map  51421 | icp ok  iter  5 corr 15563 rms 0.2686   92.94 ms | p=(  279.26   -21.43   8.37) v=11.10 m/s [KF]
[lio] t=1317401260.642 | feat 15883/81916 | map  51505 | icp ok  iter  6 corr 15825 rms 0.2942   94.46 ms | p=(  279.54   -22.54   8.43) v=11.00 m/s [KF]
[lio] t=1317401260.746 | feat 16028/82028 | map  51734 | icp ok  iter 10 corr 15974 rms 0.3071  162.58 ms | p=(  279.83   -23.65   8.48) v=10.98 m/s [KF]
[lio] t=1317401260.850 | feat 16477/81898 | map  51918 | icp ok  iter  8 corr 16442 rms 0.3324  131.73 ms | p=(  280.11   -24.75   8.55) v=10.89 m/s [KF]
[lio] t=1317401260.953 | feat 16691/81871 | map  52321 | icp ok  iter  7 corr 16652 rms 0.3324  119.04 ms | p=(  280.39   -25.85   8.60) v=10.80 m/s [KF]
[lio] t=1317401261.057 | feat 17106/81901 | map  52716 | icp ok  iter  6 corr 17029 rms 0.2921  102.42 ms | p=(  280.67   -26.92   8.65) v=10.63 m/s [KF]
[lio] t=1317401261.161 | feat 17218/81622 | map  53113 | icp ok  iter  8 corr 17165 rms 0.3040  145.62 ms | p=(  280.94   -27.99   8.71) v=10.50 m/s [KF]
[lio] t=1317401261.265 | feat 17406/81324 | map  53706 | icp ok  iter  7 corr 17374 rms 0.2830  124.47 ms | p=(  281.22   -29.04   8.77) v=10.29 m/s [KF]
[lio] t=1317401261.369 | feat 17397/81363 | map  54328 | icp ok  iter  9 corr 17380 rms 0.2563  162.24 ms | p=(  281.48   -30.07   8.83) v=10.13 m/s [KF]
[lio] t=1317401261.472 | feat 17474/81301 | map  54886 | icp ok  iter  7 corr 17462 rms 0.2343  122.17 ms | p=(  281.74   -31.08   8.89) v=9.90 m/s [KF]
[lio] t=1317401261.576 | feat 17483/81223 | map  55280 | icp ok  iter  7 corr 17473 rms 0.2418  124.53 ms | p=(  282.00   -32.06   8.94) v=9.69 m/s [KF]
[lio] t=1317401261.680 | feat 17546/81187 | map  55598 | icp ok  iter  8 corr 17523 rms 0.2877  149.14 ms | p=(  282.26   -33.03   9.00) v=9.53 m/s [KF]
[lio] t=1317401261.784 | feat 17565/81145 | map  55935 | icp ok  iter  5 corr 17562 rms 0.2343  105.22 ms | p=(  282.51   -33.99   9.05) v=9.37 m/s
[lio] t=1317401261.888 | feat 17666/81135 | map  55935 | icp ok  iter  9 corr 17650 rms 0.2692  178.45 ms | p=(  282.76   -34.93   9.09) v=9.25 m/s [KF]
[lio] t=1317401261.991 | feat 17435/80748 | map  56220 | icp ok  iter  9 corr 17432 rms 0.2579  169.89 ms | p=(  283.00   -35.86   9.12) v=9.13 m/s
[lio] t=1317401262.095 | feat 17683/80996 | map  56220 | icp ok  iter  9 corr 17664 rms 0.3109  184.25 ms | p=(  283.24   -36.77   9.18) v=8.97 m/s [KF]
[lio] t=1317401262.199 | feat 17827/81378 | map  56647 | icp ok  iter 11 corr 17820 rms 0.2520  225.95 ms | p=(  283.47   -37.66   9.22) v=8.74 m/s
[lio] t=1317401262.303 | feat 17813/81618 | map  56647 | icp ok  iter 16 corr 17800 rms 0.2833  293.20 ms | p=(  283.70   -38.52   9.25) v=8.50 m/s [KF]
[lio] t=1317401262.407 | feat 17739/81656 | map  56681 | icp ok  iter  9 corr 17734 rms 0.2473  208.87 ms | p=(  283.92   -39.39   9.32) v=8.49 m/s
[lio] t=1317401262.511 | feat 17568/81154 | map  56681 | icp ok  iter 10 corr 17562 rms 0.2717  209.54 ms | p=(  284.15   -40.24   9.36) v=8.37 m/s [KF]
[lio] t=1317401262.615 | feat 17484/81152 | map  56894 | icp ok  iter  9 corr 17479 rms 0.2437  182.68 ms | p=(  284.36   -41.09   9.38) v=8.21 m/s
[lio] t=1317401262.719 | feat 17403/81139 | map  56894 | icp ok  iter  7 corr 17392 rms 0.2569  151.30 ms | p=(  284.57   -41.89   9.43) v=7.95 m/s [KF]
[lio] t=1317401262.823 | feat 17115/80909 | map  57145 | icp ok  iter 10 corr 17105 rms 0.2353  190.13 ms | p=(  284.77   -42.70   9.49) v=7.83 m/s
[lio] t=1317401262.926 | feat 17008/80537 | map  57145 | icp ok  iter  5 corr 16999 rms 0.2611  117.45 ms | p=(  284.95   -43.48   9.53) v=7.54 m/s [KF]
[lio] t=1317401263.030 | feat 16709/80238 | map  57470 | icp ok  iter 13 corr 16698 rms 0.2299  239.28 ms | p=(  285.14   -44.25   9.56) v=7.44 m/s
[lio] t=1317401263.134 | feat 16451/79991 | map  57470 | icp ok  iter 10 corr 16432 rms 0.2444  180.51 ms | p=(  285.31   -44.98   9.60) v=7.12 m/s [KF]
[lio] t=1317401263.238 | feat 16289/80102 | map  57503 | icp ok  iter 13 corr 16277 rms 0.2365  224.69 ms | p=(  285.48   -45.70   9.61) v=6.96 m/s
[lio] t=1317401263.342 | feat 16213/79720 | map  57503 | icp ok  iter  7 corr 16199 rms 0.2601  126.53 ms | p=(  285.64   -46.40   9.66) v=6.72 m/s [KF]
[lio] t=1317401263.446 | feat 15954/79496 | map  57097 | icp ok  iter  9 corr 15946 rms 0.2371  159.91 ms | p=(  285.78   -47.08   9.68) v=6.49 m/s
[lio] t=1317401263.550 | feat 15741/79215 | map  57097 | icp ok  iter 12 corr 15712 rms 0.2574  200.52 ms | p=(  285.92   -47.74   9.72) v=6.37 m/s [KF]
[lio] t=1317401263.654 | feat 15281/79264 | map  56291 | icp ok  iter  8 corr 15264 rms 0.2458  129.17 ms | p=(  286.07   -48.37   9.75) v=6.13 m/s
[lio] t=1317401263.758 | feat 15170/79359 | map  56291 | icp ok  iter 11 corr 15138 rms 0.2627  176.83 ms | p=(  286.20   -48.99   9.78) v=5.92 m/s [KF]
[lio] t=1317401263.862 | feat 15287/79605 | map  55876 | icp ok  iter  8 corr 15270 rms 0.2399  127.66 ms | p=(  286.32   -49.58   9.80) v=5.70 m/s
[lio] t=1317401263.966 | feat 15257/79338 | map  55876 | icp ok  iter  6 corr 15209 rms 0.2594  117.69 ms | p=(  286.45   -50.17   9.84) v=5.57 m/s [KF]
[lio] t=1317401264.070 | feat 15345/79339 | map  55807 | icp ok  iter  7 corr 15313 rms 0.2401  115.59 ms | p=(  286.56   -50.72   9.86) v=5.30 m/s
[lio] t=1317401264.174 | feat 15424/79051 | map  55807 | icp ok  iter  9 corr 15368 rms 0.2483  152.64 ms | p=(  286.66   -51.26   9.90) v=5.07 m/s [KF]
[lio] t=1317401264.278 | feat 15371/78753 | map  55788 | icp ok  iter 10 corr 15367 rms 0.2432  164.28 ms | p=(  286.78   -51.77   9.92) v=4.92 m/s
[lio] t=1317401264.382 | feat 15265/78484 | map  55788 | icp ok  iter  7 corr 15247 rms 0.2580  114.80 ms | p=(  286.89   -52.27   9.94) v=4.69 m/s [KF]
[lio] t=1317401264.486 | feat 15365/78732 | map  55919 | icp ok  iter  5 corr 15359 rms 0.2350   91.96 ms | p=(  286.98   -52.74   9.97) v=4.50 m/s
[lio] t=1317401264.590 | feat 15384/78860 | map  55919 | icp ok  iter 11 corr 15368 rms 0.2661  176.68 ms | p=(  287.08   -53.20   9.99) v=4.34 m/s
[lio] t=1317401264.694 | feat 15115/78777 | map  55919 | icp ok  iter 10 corr 15077 rms 0.2796  160.60 ms | p=(  287.17   -53.64  10.02) v=4.16 m/s [KF]
[lio] t=1317401264.798 | feat 15009/78872 | map  56069 | icp ok  iter  9 corr 15005 rms 0.2278  147.31 ms | p=(  287.26   -54.05  10.04) v=3.89 m/s
[lio] t=1317401264.902 | feat 15183/78959 | map  56069 | icp ok  iter 12 corr 15180 rms 0.2624  187.09 ms | p=(  287.35   -54.43  10.07) v=3.66 m/s
[lio] t=1317401265.005 | feat 15262/79184 | map  56069 | icp ok  iter 12 corr 15256 rms 0.2788  189.75 ms | p=(  287.44   -54.79  10.08) v=3.43 m/s [KF]
[lio] t=1317401265.109 | feat 15278/79358 | map  56106 | icp ok  iter  8 corr 15275 rms 0.2484  145.69 ms | p=(  287.52   -55.15  10.10) v=3.34 m/s
[lio] t=1317401265.213 | feat 15274/79421 | map  56106 | icp ok  iter  8 corr 15269 rms 0.2666  150.35 ms | p=(  287.61   -55.47  10.11) v=3.12 m/s
[lio] t=1317401265.317 | feat 15547/79467 | map  56106 | icp ok  iter 12 corr 15544 rms 0.2734  212.57 ms | p=(  287.70   -55.80  10.13) v=3.08 m/s [KF]
[lio] t=1317401265.421 | feat 15515/79367 | map  56411 | icp ok  iter 14 corr 15515 rms 0.2364  253.86 ms | p=(  287.78   -56.11  10.14) v=2.98 m/s
[lio] t=1317401265.524 | feat 15557/79155 | map  56411 | icp ok  iter 12 corr 15553 rms 0.2617  222.46 ms | p=(  287.89   -56.40  10.16) v=2.93 m/s
[lio] t=1317401265.628 | feat 15494/78968 | map  56411 | icp ok  iter 13 corr 15489 rms 0.2848  258.65 ms | p=(  287.99   -56.71  10.19) v=2.98 m/s
[lio] t=1317401265.732 | feat 15599/79053 | map  56411 | icp ok  iter 15 corr 15591 rms 0.2962  258.01 ms | p=(  288.10   -56.96  10.21) v=2.70 m/s [KF]
[lio] t=1317401265.835 | feat 15771/79106 | map  57061 | icp ok  iter 20 corr 15760 rms 0.2684  322.00 ms | p=(  288.20   -57.23  10.23) v=2.71 m/s
[lio] t=1317401265.939 | feat 15737/79106 | map  57061 | icp ok  iter  6 corr 15732 rms 0.2904  126.13 ms | p=(  288.32   -57.48  10.23) v=2.63 m/s
[lio] t=1317401266.043 | feat 15761/79031 | map  57061 | icp ok  iter 14 corr 15746 rms 0.3083  237.57 ms | p=(  288.46   -57.74  10.25) v=2.72 m/s
[lio] t=1317401266.146 | feat 15829/79019 | map  57061 | icp ok  iter  8 corr 15799 rms 0.3237  149.87 ms | p=(  288.59   -57.97  10.26) v=2.55 m/s [KF]
[lio] t=1317401266.250 | feat 15926/79104 | map  57984 | icp ok  iter 16 corr 15914 rms 0.2897  266.74 ms | p=(  288.71   -58.20  10.28) v=2.47 m/s
[lio] t=1317401266.354 | feat 15992/79112 | map  57984 | icp ok  iter  8 corr 15984 rms 0.2859  156.35 ms | p=(  288.86   -58.43  10.28) v=2.60 m/s
[lio] t=1317401266.458 | feat 16042/79223 | map  57984 | icp ok  iter 12 corr 16023 rms 0.3122  204.98 ms | p=(  289.01   -58.66  10.28) v=2.65 m/s
[lio] t=1317401266.561 | feat 16154/79264 | map  57984 | icp ok  iter 10 corr 16135 rms 0.3278  170.95 ms | p=(  289.19   -58.89  10.29) v=2.78 m/s [KF]
[lio] t=1317401266.665 | feat 16084/79352 | map  58797 | icp ok  iter 10 corr 16078 rms 0.2620  171.57 ms | p=(  289.39   -59.12  10.30) v=2.92 m/s
[lio] t=1317401266.769 | feat 15996/79314 | map  58797 | icp ok  iter  9 corr 15992 rms 0.2618  182.54 ms | p=(  289.58   -59.36  10.30) v=3.00 m/s
[lio] t=1317401266.872 | feat 16067/79233 | map  58797 | icp ok  iter 12 corr 16061 rms 0.2762  214.53 ms | p=(  289.80   -59.60  10.32) v=3.14 m/s
[lio] t=1317401266.976 | feat 16229/79176 | map  58797 | icp ok  iter  9 corr 16220 rms 0.2895  166.82 ms | p=(  290.04   -59.83  10.33) v=3.22 m/s [KF]
[lio] t=1317401267.080 | feat 16224/78990 | map  59219 | icp ok  iter 12 corr 16212 rms 0.2691  224.99 ms | p=(  290.30   -60.05  10.36) v=3.36 m/s
[lio] t=1317401267.184 | feat 16156/79025 | map  59219 | icp ok  iter 15 corr 16140 rms 0.3032  261.43 ms | p=(  290.59   -60.27  10.35) v=3.52 m/s
[lio] t=1317401267.287 | feat 15909/78911 | map  59219 | icp ok  iter  4 corr 15894 rms 0.3126   83.33 ms | p=(  290.89   -60.48  10.35) v=3.66 m/s [KF]
[lio] t=1317401267.391 | feat 15957/78941 | map  59851 | icp ok  iter  6 corr 15955 rms 0.2479  124.88 ms | p=(  291.21   -60.68  10.35) v=3.77 m/s
[lio] t=1317401267.495 | feat 15918/78634 | map  59851 | icp ok  iter 11 corr 15912 rms 0.2746  192.33 ms | p=(  291.57   -60.90  10.36) v=4.04 m/s
[lio] t=1317401267.599 | feat 15970/78409 | map  59851 | icp ok  iter  8 corr 15957 rms 0.2898  154.08 ms | p=(  291.96   -61.10  10.37) v=4.26 m/s [KF]
[lio] t=1317401267.703 | feat 16056/78645 | map  60594 | icp ok  iter 14 corr 16055 rms 0.2510  247.53 ms | p=(  292.37   -61.29  10.39) v=4.45 m/s
[lio] t=1317401267.807 | feat 16055/79121 | map  60594 | icp ok  iter 13 corr 16050 rms 0.2669  242.29 ms | p=(  292.82   -61.46  10.38) v=4.74 m/s
[lio] t=1317401267.911 | feat 15951/79300 | map  60594 | icp ok  iter 13 corr 15944 rms 0.2703  240.70 ms | p=(  293.30   -61.64  10.38) v=4.96 m/s [KF]
[lio] t=1317401268.015 | feat 15873/79461 | map  60946 | icp ok  iter 29 corr 15871 rms 0.2597  467.39 ms | p=(  293.81   -61.81  10.37) v=5.30 m/s
[lio] t=1317401268.119 | feat 15677/79370 | map  60946 | icp ok  iter 12 corr 15677 rms 0.2571  212.21 ms | p=(  294.37   -61.97  10.39) v=5.59 m/s [KF]
[lio] t=1317401268.223 | feat 15491/79406 | map  60761 | icp ok  iter 15 corr 15486 rms 0.2394  254.87 ms | p=(  294.94   -62.12  10.37) v=5.81 m/s
[lio] t=1317401268.327 | feat 15487/79267 | map  60761 | icp ok  iter  9 corr 15486 rms 0.2654  155.95 ms | p=(  295.54   -62.25  10.41) v=6.06 m/s [KF]
[lio] t=1317401268.431 | feat 15170/78735 | map  60647 | icp ok  iter  8 corr 15169 rms 0.2446  154.82 ms | p=(  296.17   -62.36  10.41) v=6.29 m/s
[lio] t=1317401268.535 | feat 15043/78610 | map  60647 | icp ok  iter 10 corr 15040 rms 0.2671  197.07 ms | p=(  296.83   -62.45  10.40) v=6.51 m/s [KF]
[lio] t=1317401268.639 | feat 14764/78714 | map  60387 | icp ok  iter 16 corr 14763 rms 0.2415  274.05 ms | p=(  297.52   -62.51  10.38) v=6.83 m/s
[lio] t=1317401268.743 | feat 14637/78550 | map  60387 | icp ok  iter  6 corr 14635 rms 0.2537  119.03 ms | p=(  298.25   -62.57  10.40) v=7.13 m/s [KF]
[lio] t=1317401268.847 | feat 14544/78588 | map  59780 | icp ok  iter 11 corr 14536 rms 0.2474  206.86 ms | p=(  298.97   -62.59  10.38) v=7.19 m/s
[lio] t=1317401268.951 | feat 14285/78263 | map  59780 | icp ok  iter 17 corr 14261 rms 0.2662  285.14 ms | p=(  299.77   -62.62  10.36) v=7.64 m/s [KF]
[lio] t=1317401269.055 | feat 13727/77334 | map  58903 | icp ok  iter 11 corr 13718 rms 0.2709  185.60 ms | p=(  300.59   -62.62  10.36) v=7.96 m/s
[lio] t=1317401269.159 | feat 13502/76504 | map  58903 | icp ok  iter 11 corr 13476 rms 0.3148  156.43 ms | p=(  301.43   -62.58  10.37) v=8.20 m/s [KF]
[lio] t=1317401269.263 | feat 13084/75642 | map  58420 | icp ok  iter  9 corr 13081 rms 0.2633  145.12 ms | p=(  302.28   -62.54  10.37) v=8.36 m/s
[lio] t=1317401269.368 | feat 12819/74998 | map  58420 | icp ok  iter 14 corr 12809 rms 0.3003  201.82 ms | p=(  303.14   -62.45  10.36) v=8.51 m/s [KF]
[lio] t=1317401269.472 | feat 13085/75884 | map  58062 | icp ok  iter 12 corr 13077 rms 0.2704  177.77 ms | p=(  304.05   -62.33  10.34) v=8.86 m/s
[lio] t=1317401269.576 | feat 12910/76880 | map  58062 | icp ok  iter 11 corr 12887 rms 0.2806  166.52 ms | p=(  304.95   -62.19  10.31) v=8.95 m/s [KF]
[lio] t=1317401269.680 | feat 12768/77734 | map  57601 | icp ok  iter 11 corr 12764 rms 0.2644  167.70 ms | p=(  305.87   -62.02  10.29) v=9.15 m/s
[lio] t=1317401269.784 | feat 12584/78538 | map  57601 | icp ok  iter 15 corr 12574 rms 0.2780  216.21 ms | p=(  306.83   -61.84  10.27) v=9.44 m/s [KF]
[lio] t=1317401269.888 | feat 12491/79439 | map  56764 | icp ok  iter 18 corr 12485 rms 0.2443  251.13 ms | p=(  307.80   -61.64  10.25) v=9.67 m/s
[lio] t=1317401269.992 | feat 12141/80050 | map  56764 | icp ok  iter 15 corr 12130 rms 0.2512  220.71 ms | p=(  308.79   -61.40  10.22) v=9.92 m/s [KF]
[lio] t=1317401270.096 | feat 11974/80254 | map  55998 | icp ok  iter 12 corr 11958 rms 0.2474  167.18 ms | p=(  309.83   -61.16  10.18) v=10.23 m/s [KF]
[lio] t=1317401270.201 | feat 11622/80065 | map  55595 | icp ok  iter 14 corr 11618 rms 0.2399  178.89 ms | p=(  310.84   -60.90  10.18) v=10.18 m/s [KF]
[lio] t=1317401270.305 | feat 11335/80114 | map  55165 | icp ok  iter 12 corr 11331 rms 0.2490  155.63 ms | p=(  311.88   -60.63  10.16) v=10.30 m/s [KF]
[lio] t=1317401270.409 | feat 11319/79593 | map  54577 | icp ok  iter  8 corr 11317 rms 0.2514  113.35 ms | p=(  312.90   -60.38  10.14) v=10.24 m/s [KF]
[lio] t=1317401270.513 | feat 11266/79402 | map  54070 | icp ok  iter 11 corr 11263 rms 0.2465  136.43 ms | p=(  313.93   -60.10  10.13) v=10.21 m/s [KF]
[lio] t=1317401270.617 | feat 11145/79200 | map  53540 | icp ok  iter  8 corr 11138 rms 0.2489   98.38 ms | p=(  314.96   -59.83  10.11) v=10.23 m/s [KF]
[lio] t=1317401270.722 | feat 11172/79317 | map  52832 | icp ok  iter 10 corr 11158 rms 0.2502  116.56 ms | p=(  315.98   -59.56  10.10) v=10.19 m/s [KF]
[lio] t=1317401270.826 | feat 11122/79455 | map  52053 | icp ok  iter  6 corr 11120 rms 0.2243   73.17 ms | p=(  317.01   -59.28  10.08) v=10.24 m/s [KF]
[lio] t=1317401270.930 | feat 10944/79667 | map  51028 | icp ok  iter 19 corr 10934 rms 0.2309  208.68 ms | p=(  318.06   -58.99  10.04) v=10.43 m/s [KF]
[lio] t=1317401271.034 | feat 10995/79636 | map  49844 | icp ok  iter  9 corr 10994 rms 0.2294  109.27 ms | p=(  319.10   -58.72  10.03) v=10.37 m/s [KF]
[lio] t=1317401271.138 | feat 11180/79839 | map  48922 | icp ok  iter 15 corr 11179 rms 0.2286  164.69 ms | p=(  320.13   -58.45  10.02) v=10.26 m/s [KF]
[lio] t=1317401271.242 | feat 11060/79854 | map  48073 | icp ok  iter 10 corr 11055 rms 0.2270  104.69 ms | p=(  321.15   -58.18   9.99) v=10.23 m/s [KF]
[lio] t=1317401271.346 | feat 11024/79428 | map  47003 | icp ok  iter  9 corr 11016 rms 0.2350   96.53 ms | p=(  322.18   -57.90   9.97) v=10.25 m/s [KF]
[lio] t=1317401271.450 | feat 11007/79626 | map  45992 | icp ok  iter  8 corr 11004 rms 0.2275   95.48 ms | p=(  323.22   -57.64   9.96) v=10.25 m/s [KF]
[lio] t=1317401271.554 | feat 10984/79328 | map  44740 | icp ok  iter  3 corr 10980 rms 0.2366   39.13 ms | p=(  324.25   -57.37   9.94) v=10.25 m/s [KF]
[lio] t=1317401271.658 | feat 10880/79297 | map  43417 | icp ok  iter 13 corr 10877 rms 0.2270  139.43 ms | p=(  325.28   -57.10   9.92) v=10.21 m/s [KF]
[lio] t=1317401271.762 | feat 10898/79132 | map  42099 | icp ok  iter  5 corr 10888 rms 0.2295   66.03 ms | p=(  326.30   -56.83   9.90) v=10.17 m/s [KF]
[lio] t=1317401271.866 | feat 10792/79008 | map  40843 | icp ok  iter 10 corr 10779 rms 0.2437  106.18 ms | p=(  327.33   -56.57   9.88) v=10.21 m/s [KF]
[lio] t=1317401271.970 | feat 10740/79340 | map  39746 | icp ok  iter 13 corr 10736 rms 0.2337  143.93 ms | p=(  328.34   -56.31   9.87) v=10.10 m/s [KF]
[lio] t=1317401272.074 | feat 10833/79669 | map  38739 | icp ok  iter  9 corr 10818 rms 0.2339   94.90 ms | p=(  329.36   -56.04   9.85) v=10.09 m/s [KF]
[lio] t=1317401272.178 | feat 10911/79988 | map  37707 | icp ok  iter 10 corr 10908 rms 0.2336  109.17 ms | p=(  330.37   -55.78   9.84) v=10.05 m/s [KF]
[lio] t=1317401272.282 | feat 10996/79506 | map  36906 | icp ok  iter 10 corr 10992 rms 0.2483  107.80 ms | p=(  331.38   -55.52   9.82) v=9.97 m/s [KF]
[lio] t=1317401272.386 | feat 10986/79932 | map  36126 | icp ok  iter  5 corr 10973 rms 0.2527   68.37 ms | p=(  332.37   -55.27   9.78) v=9.83 m/s [KF]
[lio] t=1317401272.490 | feat 10814/79888 | map  35531 | icp ok  iter  8 corr 10812 rms 0.2601   85.77 ms | p=(  333.35   -55.02   9.78) v=9.71 m/s [KF]
[lio] t=1317401272.593 | feat 10826/79933 | map  35110 | icp ok  iter  8 corr 10826 rms 0.2394   87.62 ms | p=(  334.32   -54.78   9.78) v=9.58 m/s [KF]
[lio] t=1317401272.697 | feat 10899/80140 | map  34737 | icp ok  iter  7 corr 10896 rms 0.2623   72.60 ms | p=(  335.28   -54.53   9.76) v=9.46 m/s
[lio] t=1317401272.801 | feat 10900/80249 | map  34737 | icp ok  iter  7 corr 10865 rms 0.2738   74.48 ms | p=(  336.23   -54.30   9.73) v=9.34 m/s [KF]
[lio] t=1317401272.905 | feat 10879/80386 | map  34240 | icp ok  iter  4 corr 10860 rms 0.2329   49.66 ms | p=(  337.17   -54.06   9.71) v=9.26 m/s
[lio] t=1317401273.009 | feat 10768/80487 | map  34240 | icp ok  iter  8 corr 10742 rms 0.2755   84.98 ms | p=(  338.09   -53.82   9.69) v=9.10 m/s [KF]
[lio] t=1317401273.113 | feat 10779/80313 | map  33944 | icp ok  iter  7 corr 10765 rms 0.2599   75.78 ms | p=(  339.01   -53.60   9.68) v=8.94 m/s
[lio] t=1317401273.217 | feat 10877/80372 | map  33944 | icp ok  iter 12 corr 10862 rms 0.2711  145.37 ms | p=(  339.86   -53.39   9.67) v=8.58 m/s [KF]
[lio] t=1317401273.321 | feat 10992/80430 | map  33492 | icp ok  iter  9 corr 10986 rms 0.2442  103.06 ms | p=(  340.71   -53.18   9.64) v=8.37 m/s
[lio] t=1317401273.425 | feat 10931/79976 | map  33492 | icp ok  iter  6 corr 10900 rms 0.2972   78.93 ms | p=(  341.57   -52.96   9.61) v=8.33 m/s [KF]
[lio] t=1317401273.529 | feat 10511/79351 | map  33517 | icp ok  iter  8 corr 10497 rms 0.2693   89.76 ms | p=(  342.40   -52.76   9.59) v=8.15 m/s
[lio] t=1317401273.633 | feat 10445/78810 | map  33517 | icp ok  iter 18 corr 10387 rms 0.3384  199.26 ms | p=(  343.17   -52.57   9.58) v=7.66 m/s [KF]
[lio] t=1317401273.737 | feat 10418/78678 | map  33905 | icp ok  iter 17 corr 10392 rms 0.2894  180.22 ms | p=(  343.98   -52.37   9.58) v=7.76 m/s
[lio] t=1317401273.841 | feat 10713/78817 | map  33905 | icp ok  iter 14 corr 10617 rms 0.3034  166.81 ms | p=(  344.70   -52.19   9.56) v=7.21 m/s [KF]
[lio] t=1317401273.945 | feat 10954/79142 | map  34128 | icp ok  iter 18 corr 10937 rms 0.2740  201.43 ms | p=(  345.46   -52.01   9.55) v=7.25 m/s
[lio] t=1317401274.048 | feat 11141/79483 | map  34128 | icp ok  iter 18 corr 11081 rms 0.3026  198.29 ms | p=(  346.15   -51.84   9.53) v=6.82 m/s [KF]
[lio] t=1317401274.152 | feat 11020/79798 | map  34397 | icp ok  iter 11 corr 11015 rms 0.2477  134.06 ms | p=(  346.84   -51.67   9.51) v=6.66 m/s
[lio] t=1317401274.257 | feat 11194/79970 | map  34397 | icp ok  iter 13 corr 11171 rms 0.3074  154.32 ms | p=(  347.49   -51.52   9.49) v=6.35 m/s [KF]
[lio] t=1317401274.361 | feat 11154/80059 | map  34665 | icp ok  iter 12 corr 11148 rms 0.2431  150.57 ms | p=(  348.11   -51.38   9.48) v=5.97 m/s
[lio] t=1317401274.465 | feat 11373/80050 | map  34665 | icp ok  iter 10 corr 11348 rms 0.2840  143.38 ms | p=(  348.71   -51.25   9.47) v=5.78 m/s [KF]
[lio] t=1317401274.569 | feat 11305/79917 | map  35097 | icp ok  iter 14 corr 11301 rms 0.2574  180.99 ms | p=(  349.28   -51.13   9.45) v=5.46 m/s
[lio] t=1317401274.674 | feat 11273/79787 | map  35097 | icp ok  iter 15 corr 11264 rms 0.2893  186.43 ms | p=(  349.82   -51.04   9.44) v=5.10 m/s [KF]
[lio] t=1317401274.778 | feat 11271/79859 | map  35507 | icp ok  iter 12 corr 11269 rms 0.2361  152.50 ms | p=(  350.33   -50.96   9.43) v=4.83 m/s
[lio] t=1317401274.882 | feat 11259/79801 | map  35507 | icp ok  iter 15 corr 11255 rms 0.2641  203.61 ms | p=(  350.82   -50.89   9.42) v=4.66 m/s [KF]
[lio] t=1317401274.987 | feat 11346/79663 | map  35972 | icp ok  iter  9 corr 11342 rms 0.2390  135.57 ms | p=(  351.28   -50.85   9.41) v=4.37 m/s
[lio] t=1317401275.091 | feat 11434/79547 | map  35972 | icp ok  iter  9 corr 11413 rms 0.2599  110.47 ms | p=(  351.72   -50.84   9.40) v=4.19 m/s
[lio] t=1317401275.195 | feat 11508/79513 | map  35972 | icp ok  iter 16 corr 11484 rms 0.2800  203.86 ms | p=(  352.20   -50.82   9.40) v=4.27 m/s [KF]
[lio] t=1317401275.300 | feat 11648/79631 | map  36380 | icp ok  iter  9 corr 11647 rms 0.2511  120.42 ms | p=(  352.62   -50.84   9.40) v=3.99 m/s
[lio] t=1317401275.404 | feat 11742/79610 | map  36380 | icp ok  iter 11 corr 11740 rms 0.2763  143.18 ms | p=(  353.01   -50.86   9.39) v=3.76 m/s
[lio] t=1317401275.508 | feat 11888/79772 | map  36380 | icp ok  iter  7 corr 11884 rms 0.2970  103.57 ms | p=(  353.42   -50.91   9.38) v=3.78 m/s [KF]
[lio] t=1317401275.613 | feat 11773/79976 | map  36772 | icp ok  iter  6 corr 11770 rms 0.2400   82.89 ms | p=(  353.80   -50.98   9.38) v=3.65 m/s
[lio] t=1317401275.717 | feat 11857/79999 | map  36772 | icp ok  iter  9 corr 11853 rms 0.2710  109.79 ms | p=(  354.17   -51.06   9.38) v=3.55 m/s
[lio] t=1317401275.821 | feat 11934/79989 | map  36772 | icp ok  iter  4 corr 11925 rms 0.2771   58.68 ms | p=(  354.52   -51.14   9.38) v=3.39 m/s [KF]
[lio] t=1317401275.925 | feat 11990/80084 | map  37158 | icp ok  iter 10 corr 11987 rms 0.2273  133.80 ms | p=(  354.85   -51.25   9.38) v=3.24 m/s
[lio] t=1317401276.030 | feat 11940/80335 | map  37158 | icp ok  iter  6 corr 11939 rms 0.2350   77.93 ms | p=(  355.16   -51.36   9.37) v=3.07 m/s
[lio] t=1317401276.134 | feat 11927/80343 | map  37158 | icp ok  iter  7 corr 11923 rms 0.2442   95.27 ms | p=(  355.46   -51.47   9.37) v=2.96 m/s
[lio] t=1317401276.238 | feat 11826/80293 | map  37158 | icp ok  iter 13 corr 11818 rms 0.2691  172.74 ms | p=(  355.73   -51.61   9.36) v=2.78 m/s [KF]
[lio] t=1317401276.342 | feat 11894/80190 | map  37451 | icp ok  iter  7 corr 11887 rms 0.2487  113.10 ms | p=(  355.98   -51.74   9.37) v=2.59 m/s
[lio] t=1317401276.446 | feat 11905/80001 | map  37451 | icp ok  iter 13 corr 11895 rms 0.2785  176.35 ms | p=(  356.20   -51.86   9.37) v=2.35 m/s
[lio] t=1317401276.550 | feat 12122/79703 | map  37451 | icp ok  iter 11 corr 12104 rms 0.3164  157.24 ms | p=(  356.41   -51.99   9.39) v=2.18 m/s
[lio] t=1317401276.654 | feat 12109/79720 | map  37451 | icp ok  iter 13 corr 12089 rms 0.3238  178.88 ms | p=(  356.59   -52.10   9.40) v=1.93 m/s
[lio] t=1317401276.758 | feat 11990/79840 | map  37451 | icp ok  iter 12 corr 11971 rms 0.3173  159.48 ms | p=(  356.75   -52.21   9.40) v=1.76 m/s [KF]
[lio] t=1317401276.862 | feat 11961/80139 | map  38044 | icp ok  iter  8 corr 11960 rms 0.2346   98.56 ms | p=(  356.90   -52.31   9.40) v=1.65 m/s
[lio] t=1317401276.965 | feat 11779/80316 | map  38044 | icp ok  iter 10 corr 11774 rms 0.2549  122.90 ms | p=(  357.05   -52.42   9.39) v=1.72 m/s
[lio] t=1317401277.069 | feat 11727/80173 | map  38044 | icp ok  iter  7 corr 11722 rms 0.2539   92.82 ms | p=(  357.19   -52.53   9.39) v=1.70 m/s
[lio] t=1317401277.173 | feat 11741/80242 | map  38044 | icp ok  iter  5 corr 11738 rms 0.2625   65.16 ms | p=(  357.33   -52.64   9.40) v=1.71 m/s
[lio] t=1317401277.277 | feat 11656/80237 | map  38044 | icp ok  iter  8 corr 11653 rms 0.2779   93.97 ms | p=(  357.48   -52.76   9.39) v=1.76 m/s
[lio] t=1317401277.381 | feat 11525/80306 | map  38044 | icp ok  iter 12 corr 11521 rms 0.2914  145.68 ms | p=(  357.61   -52.89   9.38) v=1.72 m/s [KF]
[lio] t=1317401277.485 | feat 11478/80425 | map  38515 | icp ok  iter 13 corr 11476 rms 0.2317  149.30 ms | p=(  357.72   -53.02   9.39) v=1.66 m/s
[lio] t=1317401277.589 | feat 11590/80542 | map  38515 | icp ok  iter  6 corr 11590 rms 0.2481   74.30 ms | p=(  357.84   -53.15   9.40) v=1.64 m/s
[lio] t=1317401277.693 | feat 11562/80317 | map  38515 | icp ok  iter 11 corr 11559 rms 0.2462  136.06 ms | p=(  357.96   -53.29   9.40) v=1.73 m/s
[lio] t=1317401277.797 | feat 11899/80082 | map  38515 | icp ok  iter 14 corr 11898 rms 0.2601  174.32 ms | p=(  358.08   -53.43   9.42) v=1.74 m/s
[lio] t=1317401277.901 | feat 11920/80097 | map  38515 | icp ok  iter  9 corr 11915 rms 0.2848  132.79 ms | p=(  358.20   -53.58   9.43) v=1.79 m/s
[lio] t=1317401278.005 | feat 11930/80135 | map  38515 | icp ok  iter  5 corr 11920 rms 0.2830   77.82 ms | p=(  358.31   -53.72   9.43) v=1.69 m/s [KF]
[lio] t=1317401278.109 | feat 11857/80202 | map  39111 | icp ok  iter 11 corr 11855 rms 0.2375  151.91 ms | p=(  358.40   -53.87   9.44) v=1.64 m/s
[lio] t=1317401278.213 | feat 11817/80132 | map  39111 | icp ok  iter 11 corr 11815 rms 0.2383  134.12 ms | p=(  358.51   -54.03   9.45) v=1.77 m/s
[lio] t=1317401278.317 | feat 11956/80005 | map  39111 | icp ok  iter 10 corr 11955 rms 0.2529  131.03 ms | p=(  358.61   -54.18   9.46) v=1.75 m/s
[lio] t=1317401278.421 | feat 11793/79795 | map  39111 | icp ok  iter  9 corr 11790 rms 0.2508  111.12 ms | p=(  358.71   -54.34   9.46) v=1.81 m/s
[lio] t=1317401278.524 | feat 11656/79761 | map  39111 | icp ok  iter  7 corr 11651 rms 0.2770   94.80 ms | p=(  358.81   -54.51   9.45) v=1.82 m/s
[lio] t=1317401278.628 | feat 11744/79988 | map  39111 | icp ok  iter 17 corr 11738 rms 0.2818  209.13 ms | p=(  358.90   -54.67   9.45) v=1.73 m/s [KF]
[lio] t=1317401278.732 | feat 11778/79770 | map  39723 | icp ok  iter  6 corr 11776 rms 0.2316   89.13 ms | p=(  358.98   -54.84   9.46) v=1.77 m/s
[lio] t=1317401278.836 | feat 11867/79432 | map  39723 | icp ok  iter 10 corr 11861 rms 0.2496  125.08 ms | p=(  359.07   -55.01   9.48) v=1.83 m/s
[lio] t=1317401278.940 | feat 11666/78991 | map  39723 | icp ok  iter 19 corr 11654 rms 0.2801  240.83 ms | p=(  359.15   -55.19   9.49) v=1.85 m/s
[lio] t=1317401279.044 | feat 11622/78808 | map  39723 | icp ok  iter  9 corr 11609 rms 0.2925  122.56 ms | p=(  359.23   -55.37   9.50) v=1.83 m/s
[lio] t=1317401279.147 | feat 11381/78645 | map  39723 | icp ok  iter 12 corr 11363 rms 0.3000  147.69 ms | p=(  359.32   -55.54   9.51) v=1.84 m/s
[lio] t=1317401279.251 | feat 11382/78956 | map  39723 | icp ok  iter 11 corr 11364 rms 0.2831  139.43 ms | p=(  359.40   -55.71   9.49) v=1.80 m/s [KF]
[lio] t=1317401279.355 | feat 11415/79401 | map  40304 | icp ok  iter  8 corr 11415 rms 0.2329  107.10 ms | p=(  359.47   -55.89   9.49) v=1.83 m/s
[lio] t=1317401279.459 | feat 11409/79588 | map  40304 | icp ok  iter 10 corr 11408 rms 0.2427  123.94 ms | p=(  359.52   -56.07   9.50) v=1.76 m/s
[lio] t=1317401279.563 | feat 11373/79501 | map  40304 | icp ok  iter 14 corr 11373 rms 0.2508  171.89 ms | p=(  359.58   -56.25   9.52) v=1.81 m/s
[lio] t=1317401279.666 | feat 11296/79651 | map  40304 | icp ok  iter 10 corr 11295 rms 0.2571  129.10 ms | p=(  359.66   -56.44   9.52) v=1.88 m/s
[lio] t=1317401279.770 | feat 11149/79725 | map  40304 | icp ok  iter  8 corr 11147 rms 0.2535   90.75 ms | p=(  359.73   -56.63   9.52) v=1.87 m/s
[lio] t=1317401279.874 | feat 11038/79815 | map  40304 | icp ok  iter 10 corr 11036 rms 0.2601  130.49 ms | p=(  359.80   -56.82   9.52) v=1.91 m/s [KF]
[lio] t=1317401279.978 | feat 10910/79850 | map  40518 | icp ok  iter 10 corr 10906 rms 0.2245  116.19 ms | p=(  359.87   -57.01   9.52) v=1.91 m/s
[lio] t=1317401280.082 | feat 10706/79796 | map  40518 | icp ok  iter  8 corr 10703 rms 0.2463  114.26 ms | p=(  359.95   -57.21   9.52) v=2.07 m/s
[lio] t=1317401280.185 | feat 10536/80102 | map  40518 | icp ok  iter 11 corr 10532 rms 0.2436  144.30 ms | p=(  360.01   -57.44   9.53) v=2.24 m/s
[lio] t=1317401280.289 | feat 10301/80138 | map  40518 | icp ok  iter 16 corr 10296 rms 0.2522  184.75 ms | p=(  360.10   -57.67   9.54) v=2.40 m/s
[lio] t=1317401280.393 | feat 10150/80304 | map  40518 | icp ok  iter 19 corr 10146 rms 0.2571  211.71 ms | p=(  360.17   -57.92   9.54) v=2.54 m/s [KF]
[lio] t=1317401280.497 | feat 9898/80271 | map  40521 | icp ok  iter  5 corr  9897 rms 0.2200   63.88 ms | p=(  360.24   -58.17   9.54) v=2.64 m/s
[lio] t=1317401280.600 | feat 9902/80527 | map  40521 | icp ok  iter 11 corr  9902 rms 0.2379  119.31 ms | p=(  360.32   -58.45   9.54) v=2.80 m/s
[lio] t=1317401280.704 | feat 9839/80581 | map  40521 | icp ok  iter  6 corr  9839 rms 0.2378   68.54 ms | p=(  360.41   -58.74   9.56) v=2.94 m/s
[lio] t=1317401280.808 | feat 9849/80658 | map  40521 | icp ok  iter  9 corr  9849 rms 0.2424   90.65 ms | p=(  360.49   -59.04   9.57) v=2.98 m/s [KF]
[lio] t=1317401280.912 | feat 9730/80588 | map  40471 | icp ok  iter 11 corr  9730 rms 0.2157  110.47 ms | p=(  360.59   -59.36   9.59) v=3.14 m/s
[lio] t=1317401281.016 | feat 9565/80471 | map  40471 | icp ok  iter 10 corr  9565 rms 0.2289  100.68 ms | p=(  360.68   -59.65   9.59) v=3.09 m/s
[lio] t=1317401281.119 | feat 9484/80055 | map  40471 | icp ok  iter  5 corr  9482 rms 0.2397   58.47 ms | p=(  360.77   -59.97   9.60) v=3.17 m/s
[lio] t=1317401281.223 | feat 9387/79377 | map  40471 | icp ok  iter 19 corr  9385 rms 0.2403  179.87 ms | p=(  360.87   -60.30   9.61) v=3.23 m/s [KF]
[lio] t=1317401281.327 | feat 9310/78816 | map  40478 | icp ok  iter 24 corr  9307 rms 0.2252  215.08 ms | p=(  360.97   -60.63   9.64) v=3.33 m/s
[lio] t=1317401281.431 | feat 9094/78513 | map  40478 | icp ok  iter  6 corr  9092 rms 0.2300   65.58 ms | p=(  361.07   -60.97   9.65) v=3.39 m/s
[lio] t=1317401281.535 | feat 8847/78223 | map  40478 | icp ok  iter 15 corr  8846 rms 0.2365  129.51 ms | p=(  361.16   -61.32   9.65) v=3.45 m/s [KF]
[lio] t=1317401281.639 | feat 8843/77988 | map  40362 | icp ok  iter  7 corr  8842 rms 0.2232   66.82 ms | p=(  361.26   -61.68   9.66) v=3.58 m/s
[lio] t=1317401281.743 | feat 8722/77734 | map  40362 | icp ok  iter 14 corr  8722 rms 0.2343  133.28 ms | p=(  361.35   -62.03   9.67) v=3.51 m/s
[lio] t=1317401281.847 | feat 8543/77285 | map  40362 | icp ok  iter  9 corr  8541 rms 0.2372   79.90 ms | p=(  361.46   -62.39   9.68) v=3.59 m/s [KF]
[lio] t=1317401281.951 | feat 8490/77330 | map  40242 | icp ok  iter  8 corr  8487 rms 0.2281   72.87 ms | p=(  361.55   -62.77   9.70) v=3.68 m/s
[lio] t=1317401282.055 | feat 8225/77599 | map  40242 | icp ok  iter 14 corr  8220 rms 0.2351  125.88 ms | p=(  361.64   -63.13   9.71) v=3.57 m/s
[lio] t=1317401282.158 | feat 7912/78334 | map  40242 | icp ok  iter 17 corr  7909 rms 0.2439  138.78 ms | p=(  361.74   -63.51   9.73) v=3.73 m/s [KF]
[lio] t=1317401282.262 | feat 7747/78581 | map  40079 | icp ok  iter  7 corr  7744 rms 0.2241   55.18 ms | p=(  361.84   -63.89   9.73) v=3.75 m/s
[lio] t=1317401282.366 | feat 7646/78670 | map  40079 | icp ok  iter  7 corr  7638 rms 0.2229   62.61 ms | p=(  361.93   -64.27   9.74) v=3.74 m/s
[lio] t=1317401282.470 | feat 7500/79422 | map  40079 | icp ok  iter  7 corr  7494 rms 0.2260   56.50 ms | p=(  362.03   -64.65   9.75) v=3.71 m/s [KF]
[lio] t=1317401282.574 | feat 7407/79402 | map  39720 | icp ok  iter  7 corr  7403 rms 0.2203   57.42 ms | p=(  362.11   -65.04   9.76) v=3.75 m/s
[lio] t=1317401282.678 | feat 7385/79456 | map  39720 | icp ok  iter 11 corr  7378 rms 0.2341   83.65 ms | p=(  362.19   -65.43   9.77) v=3.82 m/s
[lio] t=1317401282.782 | feat 7219/79811 | map  39720 | icp ok  iter  8 corr  7205 rms 0.2493   66.39 ms | p=(  362.28   -65.84   9.77) v=4.00 m/s [KF]
[lio] t=1317401282.886 | feat 7155/80431 | map  39224 | icp ok  iter 13 corr  7155 rms 0.2227   95.15 ms | p=(  362.37   -66.26   9.78) v=4.11 m/s
[lio] t=1317401282.990 | feat 7108/80849 | map  39224 | icp ok  iter  8 corr  7107 rms 0.2223   69.52 ms | p=(  362.46   -66.68   9.79) v=4.15 m/s
[lio] t=1317401283.094 | feat 6977/81043 | map  39224 | icp ok  iter  7 corr  6970 rms 0.2336   50.77 ms | p=(  362.55   -67.11   9.81) v=4.22 m/s [KF]
[lio] t=1317401283.198 | feat 6886/79968 | map  38865 | icp ok  iter 17 corr  6885 rms 0.2246  121.15 ms | p=(  362.62   -67.57   9.82) v=4.45 m/s
[lio] t=1317401283.302 | feat 6905/78918 | map  38865 | icp ok  iter 17 corr  6902 rms 0.2603  126.32 ms | p=(  362.72   -68.04   9.83) v=4.55 m/s
[lio] t=1317401283.406 | feat 6803/78501 | map  38865 | icp ok  iter 16 corr  6792 rms 0.2642  113.47 ms | p=(  362.80   -68.52   9.85) v=4.68 m/s [KF]
[lio] t=1317401283.509 | feat 6813/77832 | map  38559 | icp ok  iter  9 corr  6812 rms 0.2449   73.38 ms | p=(  362.90   -68.99   9.88) v=4.72 m/s
[lio] t=1317401283.613 | feat 6806/77409 | map  38559 | icp ok  iter 11 corr  6796 rms 0.2685   90.67 ms | p=(  363.02   -69.47   9.89) v=4.80 m/s
[lio] t=1317401283.717 | feat 6705/77392 | map  38559 | icp ok  iter 17 corr  6659 rms 0.3159  139.68 ms | p=(  363.12   -69.97   9.90) v=4.90 m/s [KF]
[lio] t=1317401283.820 | feat 6736/77896 | map  38561 | icp ok  iter 12 corr  6730 rms 0.2566   91.94 ms | p=(  363.26   -70.46   9.91) v=4.99 m/s
[lio] t=1317401283.924 | feat 6875/79462 | map  38561 | icp ok  iter 23 corr  6865 rms 0.2812  169.15 ms | p=(  363.35   -70.98   9.91) v=5.12 m/s [KF]
[lio] t=1317401284.028 | feat 6628/82389 | map  38325 | icp ok  iter 18 corr  6628 rms 0.2354  131.92 ms | p=(  363.51   -71.51   9.93) v=5.26 m/s
[lio] t=1317401284.132 | feat 6554/83421 | map  38325 | icp ok  iter 11 corr  6554 rms 0.2505   78.21 ms | p=(  363.64   -72.06   9.94) v=5.44 m/s [KF]
[lio] t=1317401284.236 | feat 6528/83658 | map  38010 | icp ok  iter 11 corr  6527 rms 0.2253   80.64 ms | p=(  363.80   -72.59   9.98) v=5.45 m/s
[lio] t=1317401284.340 | feat 6591/83925 | map  38010 | icp ok  iter 16 corr  6589 rms 0.2503  118.51 ms | p=(  363.98   -73.15  10.00) v=5.62 m/s [KF]
[lio] t=1317401284.444 | feat 6598/84240 | map  37713 | icp ok  iter 18 corr  6597 rms 0.2260  134.40 ms | p=(  364.14   -73.71  10.01) v=5.71 m/s
[lio] t=1317401284.548 | feat 6557/84186 | map  37713 | icp ok  iter 11 corr  6552 rms 0.2536   91.60 ms | p=(  364.33   -74.30  10.02) v=5.90 m/s [KF]
[lio] t=1317401284.652 | feat 6483/84180 | map  37315 | icp ok  iter 15 corr  6480 rms 0.2412  116.62 ms | p=(  364.52   -74.89  10.01) v=5.98 m/s
[lio] t=1317401284.756 | feat 6471/83760 | map  37315 | icp ok  iter 14 corr  6461 rms 0.2897  106.04 ms | p=(  364.72   -75.51  10.03) v=6.24 m/s [KF]
[lio] t=1317401284.860 | feat 6501/83814 | map  36834 | icp ok  iter 14 corr  6501 rms 0.2537   97.46 ms | p=(  364.90   -76.14  10.02) v=6.33 m/s
[lio] t=1317401284.964 | feat 6435/83691 | map  36834 | icp ok  iter 10 corr  6432 rms 0.2971   70.04 ms | p=(  365.10   -76.80  10.05) v=6.54 m/s [KF]
[lio] t=1317401285.068 | feat 6461/83616 | map  36209 | icp ok  iter 14 corr  6458 rms 0.2649   99.24 ms | p=(  365.28   -77.44  10.07) v=6.47 m/s
[lio] t=1317401285.172 | feat 6622/83744 | map  36209 | icp ok  iter 21 corr  6607 rms 0.2676  142.56 ms | p=(  365.49   -78.10  10.11) v=6.62 m/s [KF]
[lio] t=1317401285.276 | feat 6470/83981 | map  35511 | icp ok  iter  9 corr  6466 rms 0.2363   58.45 ms | p=(  365.67   -78.76  10.13) v=6.63 m/s
[lio] t=1317401285.380 | feat 6590/84832 | map  35511 | icp ok  iter 17 corr  6578 rms 0.2586  115.12 ms | p=(  365.86   -79.47  10.15) v=6.94 m/s [KF]
[lio] t=1317401285.484 | feat 6652/84776 | map  34369 | icp ok  iter 15 corr  6651 rms 0.2331  110.41 ms | p=(  366.03   -80.13  10.16) v=6.71 m/s
[lio] t=1317401285.588 | feat 6382/84652 | map  34369 | icp ok  iter 11 corr  6379 rms 0.2464   84.31 ms | p=(  366.21   -80.85  10.18) v=6.98 m/s [KF]
[lio] t=1317401285.692 | feat 6505/84876 | map  33197 | icp ok  iter 12 corr  6503 rms 0.2297   89.94 ms | p=(  366.38   -81.53  10.19) v=6.80 m/s
[lio] t=1317401285.796 | feat 6506/84696 | map  33197 | icp ok  iter 10 corr  6497 rms 0.2498   72.13 ms | p=(  366.55   -82.25  10.22) v=6.99 m/s [KF]
[lio] t=1317401285.900 | feat 6489/84407 | map  32177 | icp ok  iter 13 corr  6487 rms 0.2272   89.86 ms | p=(  366.72   -82.92  10.25) v=6.74 m/s
[lio] t=1317401286.004 | feat 6496/84268 | map  32177 | icp ok  iter 16 corr  6488 rms 0.2537  113.71 ms | p=(  366.89   -83.66  10.26) v=7.08 m/s [KF]
[lio] t=1317401286.108 | feat 6510/83997 | map  31177 | icp ok  iter 12 corr  6499 rms 0.2711   87.37 ms | p=(  367.04   -84.33  10.28) v=6.77 m/s
[lio] t=1317401286.212 | feat 6439/83932 | map  31177 | icp ok  iter 12 corr  6435 rms 0.2679   86.95 ms | p=(  367.21   -85.06  10.31) v=7.05 m/s [KF]
[lio] t=1317401286.316 | feat 6501/83480 | map  30016 | icp ok  iter 11 corr  6498 rms 0.2285   82.71 ms | p=(  367.37   -85.73  10.33) v=6.74 m/s
[lio] t=1317401286.419 | feat 6519/83393 | map  30016 | icp ok  iter 14 corr  6515 rms 0.2578  104.32 ms | p=(  367.55   -86.49  10.35) v=7.14 m/s [KF]
[lio] t=1317401286.523 | feat 6465/83113 | map  28642 | icp ok  iter 13 corr  6458 rms 0.2503   99.08 ms | p=(  367.70   -87.14  10.37) v=6.70 m/s
[lio] t=1317401286.627 | feat 6414/83248 | map  28642 | icp ok  iter 13 corr  6402 rms 0.2743   98.53 ms | p=(  367.86   -87.89  10.38) v=7.09 m/s [KF]
[lio] t=1317401286.731 | feat 6360/82524 | map  27262 | icp ok  iter 11 corr  6357 rms 0.2316   77.05 ms | p=(  368.02   -88.55  10.40) v=6.72 m/s
[lio] t=1317401286.835 | feat 6313/82511 | map  27262 | icp ok  iter 12 corr  6307 rms 0.2550   88.37 ms | p=(  368.19   -89.29  10.42) v=7.00 m/s [KF]
[lio] t=1317401286.939 | feat 6356/82628 | map  25725 | icp ok  iter  8 corr  6356 rms 0.2444   60.70 ms | p=(  368.34   -89.96  10.45) v=6.75 m/s
[lio] t=1317401287.043 | feat 6423/82742 | map  25725 | icp ok  iter 13 corr  6401 rms 0.2599   91.64 ms | p=(  368.51   -90.67  10.47) v=6.87 m/s [KF]
[lio] t=1317401287.146 | feat 6333/82986 | map  23931 | icp ok  iter 12 corr  6310 rms 0.2583   76.85 ms | p=(  368.66   -91.35  10.48) v=6.73 m/s
[lio] t=1317401287.250 | feat 6286/82546 | map  23931 | icp ok  iter  9 corr  6240 rms 0.3191   58.99 ms | p=(  368.83   -92.04  10.50) v=6.77 m/s [KF]
[lio] t=1317401287.354 | feat 6334/82188 | map  23131 | icp ok  iter 12 corr  6318 rms 0.3003   74.19 ms | p=(  368.99   -92.73  10.52) v=6.76 m/s
[lio] t=1317401287.458 | feat 6438/81765 | map  23131 | icp ok  iter 15 corr  6371 rms 0.3885   96.67 ms | p=(  369.16   -93.43  10.55) v=6.82 m/s [KF]
[lio] t=1317401287.562 | feat 6547/81976 | map  22533 | icp ok  iter 12 corr  6529 rms 0.3232   79.31 ms | p=(  369.33   -94.11  10.57) v=6.70 m/s
[lio] t=1317401287.666 | feat 6684/82085 | map  22533 | icp ok  iter 13 corr  6595 rms 0.4001   91.95 ms | p=(  369.50   -94.82  10.60) v=6.89 m/s [KF]
[lio] t=1317401287.770 | feat 6735/82097 | map  21961 | icp ok  iter 12 corr  6709 rms 0.3118   87.39 ms | p=(  369.66   -95.48  10.63) v=6.61 m/s
[lio] t=1317401287.874 | feat 6792/82549 | map  21961 | icp ok  iter 18 corr  6722 rms 0.3788  123.48 ms | p=(  369.84   -96.17  10.65) v=6.75 m/s [KF]
[lio] t=1317401287.978 | feat 6734/82753 | map  21677 | icp ok  iter 14 corr  6711 rms 0.2732   95.42 ms | p=(  370.01   -96.82  10.66) v=6.52 m/s
[lio] t=1317401288.082 | feat 6863/83226 | map  21677 | icp ok  iter 14 corr  6682 rms 0.3572   97.75 ms | p=(  370.18   -97.52  10.69) v=6.71 m/s [KF]
[lio] t=1317401288.185 | feat 7222/83240 | map  21675 | icp ok  iter 10 corr  7180 rms 0.4175   75.36 ms | p=(  370.34   -98.17  10.71) v=6.55 m/s
[lio] t=1317401288.289 | feat 7394/83280 | map  21675 | icp ok  iter 13 corr  7222 rms 0.5062   99.30 ms | p=(  370.51   -98.86  10.74) v=6.69 m/s [KF]
[lio] t=1317401288.393 | feat 7322/83176 | map  21942 | icp ok  iter  8 corr  7316 rms 0.2797   62.58 ms | p=(  370.68   -99.53  10.76) v=6.60 m/s
[lio] t=1317401288.497 | feat 7237/83414 | map  21942 | icp ok  iter 10 corr  7205 rms 0.3557   77.41 ms | p=(  370.86  -100.21  10.79) v=6.67 m/s [KF]
[lio] t=1317401288.601 | feat 7086/83466 | map  21929 | icp ok  iter 10 corr  7078 rms 0.2898   77.58 ms | p=(  371.02  -100.86  10.81) v=6.53 m/s
[lio] t=1317401288.705 | feat 6855/83328 | map  21929 | icp ok  iter  8 corr  6831 rms 0.3250   59.74 ms | p=(  371.18  -101.53  10.84) v=6.57 m/s [KF]
[lio] t=1317401288.809 | feat 6786/83456 | map  21960 | icp ok  iter  6 corr  6786 rms 0.2462   40.44 ms | p=(  371.35  -102.20  10.86) v=6.55 m/s
[lio] t=1317401288.913 | feat 6508/83205 | map  21960 | icp ok  iter  9 corr  6476 rms 0.2993   63.64 ms | p=(  371.52  -102.87  10.90) v=6.59 m/s [KF]
[lio] t=1317401289.017 | feat 6347/82272 | map  21918 | icp ok  iter  9 corr  6343 rms 0.2790   62.90 ms | p=(  371.69  -103.51  10.93) v=6.41 m/s
[lio] t=1317401289.121 | feat 6031/82345 | map  21918 | icp ok  iter 14 corr  6003 rms 0.3168   95.39 ms | p=(  371.84  -104.21  10.96) v=6.67 m/s [KF]
[lio] t=1317401289.225 | feat 5787/82507 | map  21881 | icp ok  iter 11 corr  5783 rms 0.2217   66.91 ms | p=(  372.00  -104.84  10.97) v=6.41 m/s
[lio] t=1317401289.329 | feat 5757/83070 | map  21881 | icp ok  iter 11 corr  5745 rms 0.2630   70.43 ms | p=(  372.17  -105.53  11.00) v=6.63 m/s [KF]
[lio] t=1317401289.433 | feat 5584/83759 | map  21714 | icp ok  iter  9 corr  5583 rms 0.2336   57.75 ms | p=(  372.33  -106.17  11.02) v=6.41 m/s
[lio] t=1317401289.537 | feat 5564/83588 | map  21714 | icp ok  iter 12 corr  5561 rms 0.2547   75.57 ms | p=(  372.50  -106.86  11.08) v=6.64 m/s [KF]
[lio] t=1317401289.641 | feat 5644/83741 | map  21658 | icp ok  iter 10 corr  5640 rms 0.2363   62.64 ms | p=(  372.66  -107.50  11.09) v=6.41 m/s
[lio] t=1317401289.745 | feat 5567/84420 | map  21658 | icp ok  iter 19 corr  5562 rms 0.2509  103.96 ms | p=(  372.84  -108.17  11.11) v=6.54 m/s [KF]
[lio] t=1317401289.849 | feat 5649/84489 | map  21560 | icp ok  iter  7 corr  5647 rms 0.2367   38.11 ms | p=(  373.00  -108.82  11.15) v=6.48 m/s
[lio] t=1317401289.953 | feat 5630/84319 | map  21560 | icp ok  iter  9 corr  5613 rms 0.2574   54.72 ms | p=(  373.16  -109.49  11.16) v=6.53 m/s [KF]
[lio] t=1317401290.057 | feat 5644/84696 | map  21506 | icp ok  iter  7 corr  5644 rms 0.2243   45.20 ms | p=(  373.32  -110.13  11.20) v=6.40 m/s
[lio] t=1317401290.161 | feat 5578/84981 | map  21506 | icp ok  iter 15 corr  5572 rms 0.2471   89.23 ms | p=(  373.50  -110.83  11.21) v=6.66 m/s [KF]
[lio] t=1317401290.265 | feat 5539/85052 | map  21394 | icp ok  iter 12 corr  5534 rms 0.2473   67.72 ms | p=(  373.65  -111.45  11.23) v=6.35 m/s
[lio] t=1317401290.369 | feat 5456/84766 | map  21394 | icp ok  iter 11 corr  5441 rms 0.2765   62.61 ms | p=(  373.81  -112.12  11.26) v=6.47 m/s [KF]
[lio] t=1317401290.473 | feat 5469/85080 | map  21249 | icp ok  iter  6 corr  5468 rms 0.2613   36.02 ms | p=(  373.97  -112.78  11.30) v=6.49 m/s
[lio] t=1317401290.577 | feat 5423/85436 | map  21249 | icp ok  iter  9 corr  5407 rms 0.3109   47.70 ms | p=(  374.13  -113.44  11.31) v=6.51 m/s [KF]
[lio] t=1317401290.681 | feat 5398/85280 | map  21171 | icp ok  iter  7 corr  5394 rms 0.2588   36.57 ms | p=(  374.29  -114.10  11.34) v=6.47 m/s
[lio] t=1317401290.784 | feat 5367/84887 | map  21171 | icp ok  iter 11 corr  5361 rms 0.2949   58.58 ms | p=(  374.46  -114.77  11.36) v=6.54 m/s [KF]
[lio] t=1317401290.888 | feat 5286/84480 | map  21095 | icp ok  iter  9 corr  5285 rms 0.2407   50.84 ms | p=(  374.61  -115.40  11.40) v=6.37 m/s
[lio] t=1317401290.992 | feat 5231/84092 | map  21095 | icp ok  iter 15 corr  5227 rms 0.2963   80.41 ms | p=(  374.76  -116.07  11.43) v=6.48 m/s [KF]
[lio] t=1317401291.096 | feat 5313/83733 | map  20993 | icp ok  iter  5 corr  5311 rms 0.2256   31.95 ms | p=(  374.93  -116.73  11.46) v=6.49 m/s
[lio] t=1317401291.200 | feat 5331/83273 | map  20993 | icp ok  iter  6 corr  5329 rms 0.2864   38.26 ms | p=(  375.10  -117.39  11.48) v=6.49 m/s [KF]
[lio] t=1317401291.304 | feat 5322/83291 | map  20930 | icp ok  iter 12 corr  5321 rms 0.2215   66.54 ms | p=(  375.25  -118.03  11.50) v=6.38 m/s
[lio] t=1317401291.408 | feat 5407/82962 | map  20930 | icp ok  iter 10 corr  5401 rms 0.2449   63.87 ms | p=(  375.42  -118.71  11.52) v=6.59 m/s [KF]
[lio] t=1317401291.512 | feat 5316/82753 | map  20840 | icp ok  iter  8 corr  5316 rms 0.2380   45.46 ms | p=(  375.57  -119.35  11.55) v=6.39 m/s
[lio] t=1317401291.616 | feat 5252/82590 | map  20840 | icp ok  iter 17 corr  5251 rms 0.2523   89.03 ms | p=(  375.73  -120.01  11.59) v=6.43 m/s [KF]
[lio] t=1317401291.720 | feat 5321/81957 | map  20913 | icp ok  iter  6 corr  5311 rms 0.2452   31.47 ms | p=(  375.89  -120.65  11.63) v=6.37 m/s
[lio] t=1317401291.824 | feat 5332/80756 | map  20913 | icp ok  iter 10 corr  5323 rms 0.2598   55.44 ms | p=(  376.06  -121.31  11.65) v=6.47 m/s [KF]
[lio] t=1317401291.927 | feat 5321/79848 | map  20852 | icp ok  iter  8 corr  5318 rms 0.2357   44.43 ms | p=(  376.21  -121.96  11.67) v=6.39 m/s
[lio] t=1317401292.031 | feat 5281/79338 | map  20852 | icp ok  iter 16 corr  5275 rms 0.2424   83.51 ms | p=(  376.37  -122.63  11.70) v=6.56 m/s [KF]
[lio] t=1317401292.135 | feat 5186/79351 | map  20828 | icp ok  iter  7 corr  5180 rms 0.2312   41.30 ms | p=(  376.54  -123.27  11.71) v=6.41 m/s
[lio] t=1317401292.239 | feat 5255/79033 | map  20828 | icp ok  iter 14 corr  5253 rms 0.2616   78.63 ms | p=(  376.70  -123.96  11.73) v=6.62 m/s [KF]
[lio] t=1317401292.343 | feat 5189/79023 | map  20928 | icp ok  iter 11 corr  5187 rms 0.2315   64.94 ms | p=(  376.85  -124.58  11.77) v=6.29 m/s
[lio] t=1317401292.447 | feat 5107/79828 | map  20928 | icp ok  iter 13 corr  5102 rms 0.2380   72.66 ms | p=(  377.02  -125.28  11.80) v=6.64 m/s [KF]
[lio] t=1317401292.551 | feat 5224/81053 | map  20827 | icp ok  iter 14 corr  5218 rms 0.2290   76.22 ms | p=(  377.17  -125.90  11.82) v=6.33 m/s
[lio] t=1317401292.655 | feat 5183/81560 | map  20827 | icp ok  iter  8 corr  5172 rms 0.2556   49.62 ms | p=(  377.33  -126.56  11.84) v=6.44 m/s [KF]
[lio] t=1317401292.759 | feat 5190/82087 | map  20630 | icp ok  iter  9 corr  5188 rms 0.2566   46.45 ms | p=(  377.49  -127.23  11.85) v=6.50 m/s
[lio] t=1317401292.863 | feat 5298/79290 | map  20630 | icp ok  iter 10 corr  5297 rms 0.2666   60.11 ms | p=(  377.64  -127.90  11.89) v=6.57 m/s [KF]
[lio] t=1317401292.967 | feat 5253/78246 | map  20332 | icp ok  iter  4 corr  5250 rms 0.2354   25.68 ms | p=(  377.80  -128.55  11.91) v=6.43 m/s
[lio] t=1317401293.071 | feat 5163/78046 | map  20332 | icp ok  iter 13 corr  5152 rms 0.2656   67.26 ms | p=(  377.96  -129.23  11.93) v=6.57 m/s [KF]
[lio] t=1317401293.175 | feat 5167/77649 | map  20009 | icp ok  iter  7 corr  5164 rms 0.2356   44.46 ms | p=(  378.10  -129.86  11.96) v=6.36 m/s
[lio] t=1317401293.279 | feat 5209/77716 | map  20009 | icp ok  iter 23 corr  5206 rms 0.2688  116.20 ms | p=(  378.26  -130.55  11.98) v=6.58 m/s [KF]
[lio] t=1317401293.383 | feat 5231/77756 | map  19672 | icp ok  iter 10 corr  5228 rms 0.2579   56.66 ms | p=(  378.42  -131.18  12.02) v=6.38 m/s
[lio] t=1317401293.487 | feat 5354/80530 | map  19672 | icp ok  iter  9 corr  5342 rms 0.3266   52.72 ms | p=(  378.58  -131.85  12.05) v=6.49 m/s [KF]
[lio] t=1317401293.591 | feat 5488/82672 | map  19213 | icp ok  iter  9 corr  5477 rms 0.2655   57.16 ms | p=(  378.73  -132.51  12.07) v=6.47 m/s
[lio] t=1317401293.695 | feat 5713/83339 | map  19213 | icp ok  iter 11 corr  5700 rms 0.3267   62.04 ms | p=(  378.89  -133.18  12.09) v=6.57 m/s [KF]
[lio] t=1317401293.798 | feat 5877/83802 | map  18833 | icp ok  iter  5 corr  5854 rms 0.3125   33.68 ms | p=(  379.04  -133.83  12.11) v=6.44 m/s
[lio] t=1317401293.902 | feat 5960/84802 | map  18833 | icp ok  iter 15 corr  5898 rms 0.4139   88.43 ms | p=(  379.21  -134.51  12.15) v=6.59 m/s [KF]
[lio] t=1317401294.006 | feat 5974/85226 | map  18875 | icp ok  iter  9 corr  5954 rms 0.3000   60.23 ms | p=(  379.36  -135.14  12.19) v=6.35 m/s
[lio] t=1317401294.110 | feat 6014/85214 | map  18875 | icp ok  iter 13 corr  5976 rms 0.3348   86.93 ms | p=(  379.52  -135.83  12.21) v=6.60 m/s [KF]
[lio] t=1317401294.214 | feat 5846/85193 | map  18760 | icp ok  iter 11 corr  5839 rms 0.2639   77.90 ms | p=(  379.68  -136.48  12.23) v=6.48 m/s
[lio] t=1317401294.318 | feat 5829/85483 | map  18760 | icp ok  iter  7 corr  5821 rms 0.2920   42.22 ms | p=(  379.83  -137.13  12.24) v=6.48 m/s [KF]
[lio] t=1317401294.422 | feat 5687/85630 | map  18733 | icp ok  iter  9 corr  5684 rms 0.2796   54.97 ms | p=(  379.98  -137.80  12.26) v=6.49 m/s
[lio] t=1317401294.526 | feat 5587/85637 | map  18733 | icp ok  iter 15 corr  5580 rms 0.2991   94.06 ms | p=(  380.15  -138.46  12.30) v=6.47 m/s [KF]
[lio] t=1317401294.630 | feat 5631/85762 | map  18795 | icp ok  iter 10 corr  5622 rms 0.2594   59.84 ms | p=(  380.30  -139.10  12.34) v=6.35 m/s
[lio] t=1317401294.734 | feat 5402/85974 | map  18795 | icp ok  iter 10 corr  5399 rms 0.3102   56.85 ms | p=(  380.47  -139.76  12.35) v=6.48 m/s [KF]
[lio] t=1317401294.838 | feat 5158/86133 | map  18843 | icp ok  iter 10 corr  5149 rms 0.2744   58.09 ms | p=(  380.62  -140.40  12.38) v=6.37 m/s
[lio] t=1317401294.942 | feat 5126/86082 | map  18843 | icp ok  iter 12 corr  5124 rms 0.2765   67.67 ms | p=(  380.77  -141.07  12.39) v=6.48 m/s [KF]
[lio] t=1317401295.046 | feat 5213/85971 | map  18735 | icp ok  iter 10 corr  5199 rms 0.2373   48.36 ms | p=(  380.93  -141.73  12.42) v=6.46 m/s
[lio] t=1317401295.150 | feat 5062/86034 | map  18735 | icp ok  iter 13 corr  5054 rms 0.2652   74.81 ms | p=(  381.09  -142.38  12.45) v=6.41 m/s [KF]
[lio] t=1317401295.254 | feat 4927/86085 | map  18626 | icp ok  iter  9 corr  4919 rms 0.2428   54.20 ms | p=(  381.25  -143.02  12.50) v=6.31 m/s
[lio] t=1317401295.357 | feat 4857/86342 | map  18626 | icp ok  iter 10 corr  4845 rms 0.2874   52.86 ms | p=(  381.41  -143.67  12.51) v=6.36 m/s [KF]
[lio] t=1317401295.461 | feat 4826/86275 | map  18567 | icp ok  iter 12 corr  4822 rms 0.2442   60.06 ms | p=(  381.56  -144.30  12.56) v=6.27 m/s
[lio] t=1317401295.565 | feat 4933/85561 | map  18567 | icp ok  iter  9 corr  4929 rms 0.2832   52.59 ms | p=(  381.72  -144.95  12.56) v=6.33 m/s [KF]
[lio] t=1317401295.669 | feat 4949/84672 | map  18537 | icp ok  iter  7 corr  4948 rms 0.2554   33.28 ms | p=(  381.87  -145.59  12.60) v=6.26 m/s
[lio] t=1317401295.773 | feat 5060/82801 | map  18537 | icp ok  iter 10 corr  5058 rms 0.2934   52.98 ms | p=(  382.03  -146.23  12.63) v=6.28 m/s [KF]
[lio] t=1317401295.877 | feat 5085/81117 | map  18603 | icp ok  iter  8 corr  5083 rms 0.2451   44.00 ms | p=(  382.17  -146.86  12.67) v=6.15 m/s
[lio] t=1317401295.981 | feat 5094/79840 | map  18603 | icp ok  iter  7 corr  5089 rms 0.2993   35.98 ms | p=(  382.33  -147.48  12.70) v=6.11 m/s [KF]
[lio] t=1317401296.085 | feat 5013/78821 | map  18619 | icp ok  iter 10 corr  5010 rms 0.2463   49.56 ms | p=(  382.47  -148.09  12.72) v=6.01 m/s
[lio] t=1317401296.189 | feat 5108/78084 | map  18619 | icp ok  iter 16 corr  5106 rms 0.2802   79.68 ms | p=(  382.62  -148.73  12.74) v=6.09 m/s [KF]
[lio] t=1317401296.293 | feat 5168/78539 | map  18635 | icp ok  iter  6 corr  5168 rms 0.2646   31.72 ms | p=(  382.76  -149.33  12.76) v=5.92 m/s
[lio] t=1317401296.397 | feat 5171/79976 | map  18635 | icp ok  iter 10 corr  5171 rms 0.2953   51.75 ms | p=(  382.91  -149.92  12.79) v=5.76 m/s [KF]
[lio] t=1317401296.501 | feat 5263/81010 | map  18645 | icp ok  iter  6 corr  5247 rms 0.2349   31.30 ms | p=(  383.04  -150.49  12.82) v=5.55 m/s
[lio] t=1317401296.605 | feat 5363/82010 | map  18645 | icp ok  iter 15 corr  5318 rms 0.3092   74.82 ms | p=(  383.18  -151.06  12.84) v=5.48 m/s [KF]
[lio] t=1317401296.709 | feat 5553/83240 | map  18716 | icp ok  iter  5 corr  5536 rms 0.2473   34.19 ms | p=(  383.30  -151.60  12.87) v=5.25 m/s
[lio] t=1317401296.813 | feat 5612/84816 | map  18716 | icp ok  iter 10 corr  5587 rms 0.2996   55.05 ms | p=(  383.42  -152.13  12.90) v=5.09 m/s [KF]
[lio] t=1317401296.917 | feat 5584/85164 | map  18815 | icp ok  iter 11 corr  5584 rms 0.2647   59.23 ms | p=(  383.55  -152.65  12.90) v=4.94 m/s
[lio] t=1317401297.021 | feat 5637/84860 | map  18815 | icp ok  iter  7 corr  5636 rms 0.3343   39.41 ms | p=(  383.67  -153.12  12.92) v=4.61 m/s [KF]
[lio] t=1317401297.125 | feat 5629/84509 | map  18855 | icp ok  iter  6 corr  5620 rms 0.2442   35.38 ms | p=(  383.77  -153.59  12.95) v=4.44 m/s
[lio] t=1317401297.229 | feat 5704/84378 | map  18855 | icp ok  iter  9 corr  5681 rms 0.3198   47.73 ms | p=(  383.87  -154.03  12.97) v=4.23 m/s
[lio] t=1317401297.333 | feat 5695/84368 | map  18855 | icp ok  iter  5 corr  5644 rms 0.3765   28.31 ms | p=(  383.97  -154.45  12.99) v=4.01 m/s [KF]
[lio] t=1317401297.437 | feat 5751/84591 | map  19009 | icp ok  iter  8 corr  5750 rms 0.2713   44.35 ms | p=(  384.07  -154.86  13.02) v=3.90 m/s
[lio] t=1317401297.541 | feat 5694/84737 | map  19009 | icp ok  iter  9 corr  5675 rms 0.3392   47.24 ms | p=(  384.16  -155.24  13.03) v=3.69 m/s
[lio] t=1317401297.645 | feat 5783/84663 | map  19009 | icp ok  iter  7 corr  5730 rms 0.3571   38.79 ms | p=(  384.25  -155.61  13.03) v=3.53 m/s [KF]
[lio] t=1317401297.749 | feat 5854/83892 | map  19216 | icp ok  iter 10 corr  5826 rms 0.2751   60.51 ms | p=(  384.34  -155.99  13.05) v=3.53 m/s
[lio] t=1317401297.853 | feat 5742/83063 | map  19216 | icp ok  iter 13 corr  5699 rms 0.2868   72.26 ms | p=(  384.41  -156.32  13.07) v=3.16 m/s
[lio] t=1317401297.957 | feat 5665/82473 | map  19216 | icp ok  iter 13 corr  5630 rms 0.3032   67.83 ms | p=(  384.48  -156.63  13.09) v=2.97 m/s [KF]
[lio] t=1317401298.061 | feat 5744/81987 | map  19428 | icp ok  iter 14 corr  5744 rms 0.2547   76.78 ms | p=(  384.56  -156.95  13.11) v=2.90 m/s
[lio] t=1317401298.165 | feat 5769/81614 | map  19428 | icp ok  iter  9 corr  5727 rms 0.3041   53.03 ms | p=(  384.60  -157.20  13.12) v=2.47 m/s
[lio] t=1317401298.269 | feat 5787/81427 | map  19428 | icp ok  iter 14 corr  5749 rms 0.2919   82.10 ms | p=(  384.68  -157.49  13.12) v=2.56 m/s
[lio] t=1317401298.373 | feat 5878/81578 | map  19428 | icp ok  iter 12 corr  5820 rms 0.3160   71.81 ms | p=(  384.72  -157.70  13.13) v=2.06 m/s [KF]
[lio] t=1317401298.477 | feat 5930/81572 | map  19659 | icp ok  iter 15 corr  5912 rms 0.2492   91.15 ms | p=(  384.78  -157.94  13.14) v=2.07 m/s
[lio] t=1317401298.581 | feat 6002/81398 | map  19659 | icp ok  iter  8 corr  5991 rms 0.2787   47.27 ms | p=(  384.82  -158.12  13.15) v=1.77 m/s
[lio] t=1317401298.685 | feat 6006/81252 | map  19659 | icp ok  iter  9 corr  5983 rms 0.2658   60.08 ms | p=(  384.86  -158.31  13.15) v=1.69 m/s
[lio] t=1317401298.789 | feat 6104/81101 | map  19659 | icp ok  iter 10 corr  6079 rms 0.2879   62.54 ms | p=(  384.90  -158.48  13.16) v=1.56 m/s
[lio] t=1317401298.892 | feat 6242/80991 | map  19659 | icp ok  iter 11 corr  6224 rms 0.3187   77.87 ms | p=(  384.97  -158.64  13.16) v=1.53 m/s
[lio] t=1317401298.996 | feat 6338/80812 | map  19659 | icp ok  iter 18 corr  6314 rms 0.3523  121.77 ms | p=(  385.02  -158.79  13.17) v=1.47 m/s [KF]
[lio] t=1317401299.100 | feat 6250/80599 | map  20125 | icp ok  iter  9 corr  6240 rms 0.2810   63.68 ms | p=(  385.03  -158.95  13.16) v=1.48 m/s
[lio] t=1317401299.204 | feat 6391/80447 | map  20125 | icp ok  iter 10 corr  6365 rms 0.3374   69.08 ms | p=(  385.09  -159.10  13.17) v=1.47 m/s
[lio] t=1317401299.307 | feat 6426/80075 | map  20125 | icp ok  iter 16 corr  6381 rms 0.3503  111.27 ms | p=(  385.13  -159.24  13.18) v=1.41 m/s
[lio] t=1317401299.411 | feat 6506/80048 | map  20125 | icp ok  iter 11 corr  6446 rms 0.3734   73.20 ms | p=(  385.22  -159.38  13.19) v=1.46 m/s
[lio] t=1317401299.515 | feat 6630/79995 | map  20125 | icp ok  iter 11 corr  6561 rms 0.3764   75.64 ms | p=(  385.28  -159.52  13.19) v=1.44 m/s
[lio] t=1317401299.618 | feat 6608/79933 | map  20125 | icp ok  iter 17 corr  6553 rms 0.4030  112.61 ms | p=(  385.35  -159.64  13.19) v=1.35 m/s
[lio] t=1317401299.722 | feat 6713/79916 | map  20125 | icp ok  iter 18 corr  6630 rms 0.4413  120.68 ms | p=(  385.40  -159.76  13.20) v=1.24 m/s [KF]
[lio] t=1317401299.826 | feat 6779/79864 | map  20927 | icp ok  iter  5 corr  6770 rms 0.3223   36.29 ms | p=(  385.47  -159.87  13.20) v=1.23 m/s
[lio] t=1317401299.930 | feat 7017/79704 | map  20927 | icp ok  iter 11 corr  6993 rms 0.3710   78.87 ms | p=(  385.56  -160.00  13.20) v=1.42 m/s
[lio] t=1317401300.033 | feat 7113/79544 | map  20927 | icp ok  iter  9 corr  7090 rms 0.3393   71.49 ms | p=(  385.65  -160.10  13.18) v=1.32 m/s
[lio] t=1317401300.137 | feat 7102/79269 | map  20927 | icp ok  iter  9 corr  7068 rms 0.4065   70.21 ms | p=(  385.72  -160.23  13.19) v=1.43 m/s
[lio] t=1317401300.241 | feat 7241/79042 | map  20927 | icp ok  iter  7 corr  7205 rms 0.4128   49.24 ms | p=(  385.82  -160.35  13.18) v=1.54 m/s [KF]
[lio] t=1317401300.345 | feat 7218/78884 | map  21730 | icp ok  iter  7 corr  7214 rms 0.2771   56.53 ms | p=(  385.93  -160.47  13.20) v=1.58 m/s
[lio] t=1317401300.448 | feat 7241/78639 | map  21730 | icp ok  iter 10 corr  7237 rms 0.3005   74.75 ms | p=(  386.05  -160.60  13.19) v=1.66 m/s
[lio] t=1317401300.552 | feat 7130/78361 | map  21730 | icp ok  iter 11 corr  7123 rms 0.3155   79.83 ms | p=(  386.19  -160.73  13.19) v=1.82 m/s
[lio] t=1317401300.656 | feat 7168/78263 | map  21730 | icp ok  iter 11 corr  7158 rms 0.3368   85.56 ms | p=(  386.31  -160.84  13.19) v=1.68 m/s [KF]
[lio] t=1317401300.759 | feat 7238/78260 | map  22171 | icp ok  iter 15 corr  7232 rms 0.2741  100.49 ms | p=(  386.44  -160.96  13.20) v=1.74 m/s
[lio] t=1317401300.863 | feat 7238/78116 | map  22171 | icp ok  iter  8 corr  7233 rms 0.2818   60.41 ms | p=(  386.59  -161.08  13.19) v=1.86 m/s
[lio] t=1317401300.967 | feat 7225/78257 | map  22171 | icp ok  iter  9 corr  7217 rms 0.2779   67.42 ms | p=(  386.75  -161.19  13.19) v=1.90 m/s
[lio] t=1317401301.071 | feat 7045/78558 | map  22171 | icp ok  iter 13 corr  7030 rms 0.3021   95.00 ms | p=(  386.94  -161.29  13.18) v=2.10 m/s [KF]
[lio] t=1317401301.175 | feat 6982/78942 | map  22431 | icp ok  iter  9 corr  6981 rms 0.2470   62.84 ms | p=(  387.14  -161.40  13.16) v=2.23 m/s
[lio] t=1317401301.279 | feat 6823/79286 | map  22431 | icp ok  iter 10 corr  6822 rms 0.2626   67.79 ms | p=(  387.35  -161.52  13.16) v=2.31 m/s
[lio] t=1317401301.383 | feat 6812/79729 | map  22431 | icp ok  iter 11 corr  6809 rms 0.2986   72.97 ms | p=(  387.55  -161.61  13.15) v=2.26 m/s
[lio] t=1317401301.487 | feat 6604/79815 | map  22431 | icp ok  iter  9 corr  6596 rms 0.3094   71.15 ms | p=(  387.80  -161.70  13.14) v=2.51 m/s
[lio] t=1317401301.591 | feat 6389/80036 | map  22431 | icp ok  iter 11 corr  6379 rms 0.3322   71.03 ms | p=(  388.04  -161.79  13.14) v=2.52 m/s [KF]
[lio] t=1317401301.695 | feat 6307/80445 | map  22546 | icp ok  iter  9 corr  6306 rms 0.2351   55.27 ms | p=(  388.28  -161.87  13.13) v=2.54 m/s
[lio] t=1317401301.799 | feat 6150/80612 | map  22546 | icp ok  iter  7 corr  6149 rms 0.2604   49.50 ms | p=(  388.56  -161.94  13.12) v=2.74 m/s
[lio] t=1317401301.903 | feat 6121/80695 | map  22546 | icp ok  iter 13 corr  6119 rms 0.2805   74.35 ms | p=(  388.83  -162.02  13.11) v=2.83 m/s
[lio] t=1317401302.006 | feat 6009/80892 | map  22546 | icp ok  iter 10 corr  6008 rms 0.2819   57.85 ms | p=(  389.13  -162.07  13.09) v=2.92 m/s [KF]
[lio] t=1317401302.110 | feat 5953/81200 | map  22466 | icp ok  iter  9 corr  5949 rms 0.2414   51.68 ms | p=(  389.42  -162.13  13.09) v=2.98 m/s
[lio] t=1317401302.214 | feat 5996/81174 | map  22466 | icp ok  iter  5 corr  5995 rms 0.2707   36.40 ms | p=(  389.74  -162.17  13.09) v=3.13 m/s
[lio] t=1317401302.318 | feat 6061/81249 | map  22466 | icp ok  iter 11 corr  6058 rms 0.2749   65.08 ms | p=(  390.08  -162.20  13.07) v=3.30 m/s
[lio] t=1317401302.422 | feat 6034/81637 | map  22466 | icp ok  iter  8 corr  6029 rms 0.3038   50.47 ms | p=(  390.42  -162.22  13.04) v=3.40 m/s [KF]
[lio] t=1317401302.526 | feat 6064/81840 | map  22377 | icp ok  iter 12 corr  6063 rms 0.2392   72.43 ms | p=(  390.76  -162.23  13.03) v=3.43 m/s
[lio] t=1317401302.630 | feat 6093/82247 | map  22377 | icp ok  iter  8 corr  6090 rms 0.2733   51.75 ms | p=(  391.12  -162.20  13.02) v=3.61 m/s
[lio] t=1317401302.734 | feat 6089/82721 | map  22377 | icp ok  iter  9 corr  6082 rms 0.3242   62.07 ms | p=(  391.54  -162.18  13.00) v=3.99 m/s [KF]
[lio] t=1317401302.838 | feat 5989/83030 | map  22440 | icp ok  iter  8 corr  5988 rms 0.2489   56.64 ms | p=(  391.93  -162.12  12.97) v=4.01 m/s
[lio] t=1317401302.942 | feat 5776/83689 | map  22440 | icp ok  iter 12 corr  5776 rms 0.2560   79.74 ms | p=(  392.33  -162.07  12.96) v=4.09 m/s
[lio] t=1317401303.046 | feat 5585/84309 | map  22440 | icp ok  iter 10 corr  5583 rms 0.2626   63.29 ms | p=(  392.78  -162.00  12.95) v=4.42 m/s [KF]
[lio] t=1317401303.151 | feat 5569/84985 | map  22259 | icp ok  iter  9 corr  5566 rms 0.2423   55.01 ms | p=(  393.24  -161.94  12.94) v=4.57 m/s
[lio] t=1317401303.255 | feat 5365/84797 | map  22259 | icp ok  iter 16 corr  5358 rms 0.2677   82.44 ms | p=(  393.74  -161.86  12.93) v=4.90 m/s
[lio] t=1317401303.359 | feat 5316/84742 | map  22259 | icp ok  iter  6 corr  5308 rms 0.2572   34.11 ms | p=(  394.24  -161.77  12.92) v=5.07 m/s [KF]
[lio] t=1317401303.463 | feat 5166/84447 | map  22140 | icp ok  iter  7 corr  5164 rms 0.2310   39.00 ms | p=(  394.76  -161.67  12.92) v=5.23 m/s
[lio] t=1317401303.568 | feat 5039/84321 | map  22140 | icp ok  iter 11 corr  5035 rms 0.2441   57.89 ms | p=(  395.33  -161.55  12.90) v=5.60 m/s [KF]
[lio] t=1317401303.672 | feat 4964/84476 | map  22015 | icp ok  iter 12 corr  4963 rms 0.2230   64.75 ms | p=(  395.89  -161.44  12.88) v=5.69 m/s
[lio] t=1317401303.776 | feat 4913/84731 | map  22015 | icp ok  iter  8 corr  4908 rms 0.2568   39.35 ms | p=(  396.48  -161.31  12.87) v=5.92 m/s [KF]
[lio] t=1317401303.880 | feat 4857/84822 | map  21862 | icp ok  iter  5 corr  4854 rms 0.2622   27.27 ms | p=(  397.10  -161.18  12.86) v=6.19 m/s
[lio] t=1317401303.984 | feat 4897/85419 | map  21862 | icp ok  iter 10 corr  4844 rms 0.2933   48.56 ms | p=(  397.75  -161.04  12.85) v=6.50 m/s [KF]
[lio] t=1317401304.089 | feat 4926/85727 | map  21734 | icp ok  iter  9 corr  4923 rms 0.2406   52.75 ms | p=(  398.38  -160.90  12.83) v=6.44 m/s
[lio] t=1317401304.193 | feat 4907/85810 | map  21734 | icp ok  iter 15 corr  4903 rms 0.2850   78.33 ms | p=(  399.09  -160.75  12.82) v=6.91 m/s [KF]
[lio] t=1317401304.297 | feat 4862/85190 | map  21578 | icp ok  iter 13 corr  4853 rms 0.2400   64.43 ms | p=(  399.76  -160.61  12.80) v=6.92 m/s
[lio] t=1317401304.401 | feat 4917/83837 | map  21578 | icp ok  iter 10 corr  4886 rms 0.2988   45.59 ms | p=(  400.49  -160.45  12.79) v=7.19 m/s [KF]
[lio] t=1317401304.505 | feat 4992/83420 | map  21515 | icp ok  iter  6 corr  4967 rms 0.2369   29.71 ms | p=(  401.23  -160.29  12.77) v=7.42 m/s
[lio] t=1317401304.609 | feat 4958/84010 | map  21515 | icp ok  iter 12 corr  4936 rms 0.2772   54.84 ms | p=(  401.98  -160.12  12.76) v=7.53 m/s [KF]
[lio] t=1317401304.713 | feat 4985/84551 | map  21489 | icp ok  iter  8 corr  4984 rms 0.2450   42.85 ms | p=(  402.77  -159.95  12.75) v=7.83 m/s
[lio] t=1317401304.817 | feat 4981/84834 | map  21489 | icp ok  iter 13 corr  4979 rms 0.2581   72.90 ms | p=(  403.51  -159.78  12.73) v=7.62 m/s [KF]
[lio] t=1317401304.921 | feat 4975/84994 | map  21491 | icp ok  iter  9 corr  4968 rms 0.2807   55.66 ms | p=(  404.36  -159.58  12.70) v=8.24 m/s
[lio] t=1317401305.025 | feat 5108/85463 | map  21491 | icp ok  iter 20 corr  5097 rms 0.3099  108.30 ms | p=(  405.14  -159.41  12.68) v=8.05 m/s [KF]
[lio] t=1317401305.130 | feat 5078/85723 | map  21530 | icp ok  iter 10 corr  5071 rms 0.2357   52.45 ms | p=(  405.99  -159.21  12.67) v=8.31 m/s
[lio] t=1317401305.234 | feat 5020/85619 | map  21530 | icp ok  iter  8 corr  5009 rms 0.2662   40.87 ms | p=(  406.82  -159.01  12.65) v=8.37 m/s [KF]
[lio] t=1317401305.338 | feat 4980/85466 | map  21452 | icp ok  iter  9 corr  4974 rms 0.2296   42.03 ms | p=(  407.68  -158.80  12.62) v=8.56 m/s
[lio] t=1317401305.441 | feat 4910/85289 | map  21452 | icp ok  iter  5 corr  4906 rms 0.2396   27.78 ms | p=(  408.55  -158.59  12.60) v=8.64 m/s [KF]
[lio] t=1317401305.545 | feat 4922/84853 | map  21291 | icp ok  iter 11 corr  4918 rms 0.2507   53.41 ms | p=(  409.41  -158.37  12.58) v=8.69 m/s
[lio] t=1317401305.649 | feat 4915/84273 | map  21291 | icp ok  iter  9 corr  4906 rms 0.2718   48.92 ms | p=(  410.27  -158.16  12.56) v=8.63 m/s [KF]
[lio] t=1317401305.753 | feat 4731/83998 | map  21024 | icp ok  iter  8 corr  4720 rms 0.2228   37.72 ms | p=(  411.15  -157.92  12.53) v=8.81 m/s
[lio] t=1317401305.857 | feat 4802/84311 | map  21024 | icp ok  iter 12 corr  4798 rms 0.2582   56.42 ms | p=(  412.03  -157.70  12.52) v=8.81 m/s [KF]
[lio] t=1317401305.961 | feat 4751/83856 | map  20807 | icp ok  iter 11 corr  4751 rms 0.2447   54.62 ms | p=(  412.94  -157.45  12.49) v=8.99 m/s
[lio] t=1317401306.065 | feat 4761/82568 | map  20807 | icp ok  iter 15 corr  4751 rms 0.2706   74.46 ms | p=(  413.80  -157.22  12.48) v=8.77 m/s [KF]
[lio] t=1317401306.169 | feat 4596/80975 | map  20563 | icp ok  iter  8 corr  4588 rms 0.2604   36.23 ms | p=(  414.69  -156.99  12.45) v=8.83 m/s
[lio] t=1317401306.273 | feat 4540/80030 | map  20563 | icp ok  iter  3 corr  4535 rms 0.3039   15.29 ms | p=(  415.58  -156.74  12.43) v=8.86 m/s [KF]
[lio] t=1317401306.377 | feat 4396/79805 | map  20334 | icp ok  iter  6 corr  4384 rms 0.2413   28.75 ms | p=(  416.47  -156.50  12.40) v=8.86 m/s
[lio] t=1317401306.481 | feat 4361/79474 | map  20334 | icp ok  iter  6 corr  4318 rms 0.3285   29.74 ms | p=(  417.34  -156.25  12.38) v=8.78 m/s [KF]
[lio] t=1317401306.585 | feat 4355/81201 | map  19877 | icp ok  iter  8 corr  4353 rms 0.2980   31.69 ms | p=(  418.22  -156.01  12.36) v=8.77 m/s
[lio] t=1317401306.689 | feat 4361/84076 | map  19877 | icp ok  iter 13 corr  4341 rms 0.4045   50.64 ms | p=(  419.09  -155.78  12.33) v=8.75 m/s [KF]
[lio] t=1317401306.793 | feat 4472/83985 | map  19559 | icp ok  iter  7 corr  4471 rms 0.2591   31.40 ms | p=(  419.96  -155.54  12.30) v=8.72 m/s
[lio] t=1317401306.897 | feat 4430/79233 | map  19559 | icp ok  iter  7 corr  4426 rms 0.3632   32.67 ms | p=(  420.85  -155.31  12.28) v=8.77 m/s [KF]
[lio] t=1317401307.001 | feat 4447/74554 | map  19144 | icp ok  iter 11 corr  4444 rms 0.2818   55.28 ms | p=(  421.68  -155.08  12.25) v=8.51 m/s
[lio] t=1317401307.105 | feat 4390/70532 | map  19144 | icp ok  iter  5 corr  4375 rms 0.2835   21.63 ms | p=(  422.54  -154.85  12.23) v=8.55 m/s [KF]
[lio] t=1317401307.209 | feat 4239/70853 | map  18562 | icp ok  iter  6 corr  4231 rms 0.2389   28.99 ms | p=(  423.43  -154.63  12.20) v=8.69 m/s
[lio] t=1317401307.313 | feat 4175/70472 | map  18562 | icp ok  iter  4 corr  4170 rms 0.3046   16.15 ms | p=(  424.30  -154.40  12.18) v=8.70 m/s [KF]
[lio] t=1317401307.417 | feat 4139/72147 | map  17809 | icp ok  iter 14 corr  4139 rms 0.2456   55.26 ms | p=(  425.16  -154.19  12.16) v=8.59 m/s
[lio] t=1317401307.521 | feat 4268/72447 | map  17809 | icp ok  iter 15 corr  4237 rms 0.2849   65.72 ms | p=(  426.00  -153.99  12.14) v=8.37 m/s [KF]
[lio] t=1317401307.625 | feat 4265/72625 | map  17366 | icp ok  iter 19 corr  4261 rms 0.2765   78.47 ms | p=(  426.89  -153.76  12.12) v=8.68 m/s
[lio] t=1317401307.729 | feat 4246/72809 | map  17366 | icp ok  iter  3 corr  4239 rms 0.3011   18.28 ms | p=(  427.74  -153.55  12.09) v=8.55 m/s [KF]
[lio] t=1317401307.833 | feat 4227/73616 | map  17083 | icp ok  iter 12 corr  4223 rms 0.2775   58.28 ms | p=(  428.55  -153.36  12.06) v=8.17 m/s
[lio] t=1317401307.937 | feat 4238/74086 | map  17083 | icp ok  iter 10 corr  4232 rms 0.3466   43.09 ms | p=(  429.39  -153.15  12.03) v=8.23 m/s [KF]
[lio] t=1317401308.041 | feat 4288/74148 | map  16827 | icp ok  iter 13 corr  4283 rms 0.2838   56.13 ms | p=(  430.24  -152.94  12.01) v=8.21 m/s
[lio] t=1317401308.145 | feat 4395/74094 | map  16827 | icp ok  iter 31 corr  4389 rms 0.3344  129.31 ms | p=(  431.00  -152.75  11.99) v=7.74 m/s [KF]
[lio] t=1317401308.249 | feat 4383/73747 | map  16440 | icp ok  iter  9 corr  4375 rms 0.2330   44.27 ms | p=(  431.81  -152.55  11.95) v=7.82 m/s
[lio] t=1317401308.353 | feat 4466/73775 | map  16440 | icp ok  iter 10 corr  4445 rms 0.3039   41.18 ms | p=(  432.58  -152.37  11.93) v=7.57 m/s [KF]
[lio] t=1317401308.457 | feat 4588/74137 | map  16250 | icp ok  iter 12 corr  4587 rms 0.2489   49.96 ms | p=(  433.33  -152.19  11.90) v=7.35 m/s
[lio] t=1317401308.561 | feat 4730/75709 | map  16250 | icp ok  iter 14 corr  4729 rms 0.3082   59.30 ms | p=(  434.05  -152.01  11.88) v=7.09 m/s [KF]
[lio] t=1317401308.665 | feat 4792/74682 | map  16182 | icp ok  iter 15 corr  4791 rms 0.2790   72.53 ms | p=(  434.73  -151.86  11.85) v=6.72 m/s
[lio] t=1317401308.769 | feat 4932/75183 | map  16182 | icp ok  iter 16 corr  4928 rms 0.3696   81.67 ms | p=(  435.45  -151.68  11.82) v=6.85 m/s [KF]
[lio] t=1317401308.873 | feat 4980/74141 | map  16340 | icp ok  iter 12 corr  4977 rms 0.2587   66.78 ms | p=(  436.07  -151.54  11.80) v=6.22 m/s
[lio] t=1317401308.977 | feat 4985/72003 | map  16340 | icp ok  iter 16 corr  4980 rms 0.3228   82.87 ms | p=(  436.72  -151.37  11.79) v=6.23 m/s [KF]
[lio] t=1317401309.081 | feat 4972/71677 | map  16500 | icp ok  iter 10 corr  4971 rms 0.2427   47.09 ms | p=(  437.33  -151.23  11.77) v=5.92 m/s
[lio] t=1317401309.185 | feat 4978/71870 | map  16500 | icp ok  iter  9 corr  4969 rms 0.2787   41.92 ms | p=(  437.90  -151.09  11.75) v=5.65 m/s [KF]
[lio] t=1317401309.289 | feat 4903/71991 | map  16641 | icp ok  iter 12 corr  4902 rms 0.2418   55.39 ms | p=(  438.44  -150.95  11.74) v=5.34 m/s
[lio] t=1317401309.393 | feat 4879/71862 | map  16641 | icp ok  iter  8 corr  4873 rms 0.2903   35.41 ms | p=(  438.98  -150.82  11.73) v=5.19 m/s [KF]
[lio] t=1317401309.497 | feat 4912/71636 | map  16742 | icp ok  iter  9 corr  4904 rms 0.2574   39.58 ms | p=(  439.49  -150.70  11.71) v=5.00 m/s
[lio] t=1317401309.601 | feat 4967/72219 | map  16742 | icp ok  iter  7 corr  4930 rms 0.3005   29.91 ms | p=(  439.98  -150.57  11.70) v=4.83 m/s [KF]
[lio] t=1317401309.705 | feat 4951/72469 | map  16925 | icp ok  iter  7 corr  4933 rms 0.2517   37.32 ms | p=(  440.45  -150.46  11.69) v=4.55 m/s
[lio] t=1317401309.809 | feat 4972/72950 | map  16925 | icp ok  iter 10 corr  4912 rms 0.2922   47.49 ms | p=(  440.91  -150.34  11.67) v=4.49 m/s
[lio] t=1317401309.913 | feat 5152/75479 | map  16925 | icp ok  iter  6 corr  5031 rms 0.3021   27.31 ms | p=(  441.36  -150.23  11.66) v=4.29 m/s [KF]
[lio] t=1317401310.017 | feat 5132/77253 | map  17159 | icp ok  iter  5 corr  5131 rms 0.2578   29.42 ms | p=(  441.78  -150.13  11.66) v=4.11 m/s
[lio] t=1317401310.121 | feat 5138/78638 | map  17159 | icp ok  iter 16 corr  5132 rms 0.3270   83.56 ms | p=(  442.16  -150.03  11.64) v=3.75 m/s
[lio] t=1317401310.225 | feat 5198/79927 | map  17159 | icp ok  iter 15 corr  5189 rms 0.3744   80.20 ms | p=(  442.47  -149.95  11.63) v=3.22 m/s [KF]
[lio] t=1317401310.329 | feat 5268/80413 | map  17326 | icp ok  iter 15 corr  5264 rms 0.2483   79.92 ms | p=(  442.83  -149.86  11.62) v=3.29 m/s
[lio] t=1317401310.433 | feat 5379/81697 | map  17326 | icp ok  iter 10 corr  5343 rms 0.2869   51.60 ms | p=(  443.14  -149.78  11.61) v=3.05 m/s
[lio] t=1317401310.537 | feat 5508/81814 | map  17326 | icp ok  iter 12 corr  5458 rms 0.3528   60.21 ms | p=(  443.46  -149.72  11.61) v=2.99 m/s [KF]
[lio] t=1317401310.641 | feat 5533/81684 | map  17512 | icp ok  iter 15 corr  5528 rms 0.2563   81.88 ms | p=(  443.73  -149.66  11.60) v=2.67 m/s
[lio] t=1317401310.745 | feat 5698/81732 | map  17512 | icp ok  iter  9 corr  5683 rms 0.3240   53.17 ms | p=(  444.01  -149.60  11.58) v=2.67 m/s
[lio] t=1317401310.849 | feat 5746/82198 | map  17512 | icp ok  iter 10 corr  5725 rms 0.3568   51.15 ms | p=(  444.28  -149.54  11.58) v=2.57 m/s
[lio] t=1317401310.953 | feat 5778/82716 | map  17512 | icp ok  iter 13 corr  5750 rms 0.3876   68.47 ms | p=(  444.55  -149.49  11.58) v=2.60 m/s [KF]
[lio] t=1317401311.057 | feat 5762/83313 | map  17746 | icp ok  iter 11 corr  5744 rms 0.2615   69.49 ms | p=(  444.77  -149.45  11.57) v=2.33 m/s
[lio] t=1317401311.161 | feat 5823/83896 | map  17746 | icp ok  iter 12 corr  5782 rms 0.2754   69.15 ms | p=(  445.04  -149.39  11.56) v=2.55 m/s
[lio] t=1317401311.265 | feat 5921/84173 | map  17746 | icp ok  iter 12 corr  5892 rms 0.3089   72.77 ms | p=(  445.26  -149.33  11.56) v=2.32 m/s
[lio] t=1317401311.369 | feat 5853/84069 | map  17746 | icp ok  iter 15 corr  5823 rms 0.3357   87.41 ms | p=(  445.54  -149.29  11.56) v=2.59 m/s [KF]
[lio] t=1317401311.473 | feat 5938/84012 | map  17870 | icp ok  iter 14 corr  5920 rms 0.2377   89.47 ms | p=(  445.74  -149.26  11.55) v=2.18 m/s
[lio] t=1317401311.577 | feat 6066/83860 | map  17870 | icp ok  iter 11 corr  6052 rms 0.2589   70.92 ms | p=(  446.03  -149.20  11.55) v=2.57 m/s
[lio] t=1317401311.681 | feat 6076/83811 | map  17870 | icp ok  iter 14 corr  6054 rms 0.2902   85.25 ms | p=(  446.24  -149.16  11.54) v=2.28 m/s
[lio] t=1317401311.785 | feat 6093/83843 | map  17870 | icp ok  iter 13 corr  6069 rms 0.3100   79.26 ms | p=(  446.51  -149.10  11.54) v=2.54 m/s
[lio] t=1317401311.889 | feat 6201/83824 | map  17870 | icp ok  iter 15 corr  6164 rms 0.3556   93.02 ms | p=(  446.72  -149.07  11.54) v=2.27 m/s [KF]
[lio] t=1317401311.993 | feat 6373/83851 | map  18167 | icp ok  iter  9 corr  6372 rms 0.2593   53.58 ms | p=(  446.97  -149.02  11.52) v=2.40 m/s
[lio] t=1317401312.097 | feat 6322/83625 | map  18167 | icp ok  iter 10 corr  6316 rms 0.3420   65.14 ms | p=(  447.21  -148.98  11.52) v=2.47 m/s
[lio] t=1317401312.201 | feat 6411/83368 | map  18167 | icp ok  iter 11 corr  6388 rms 0.3582   69.86 ms | p=(  447.50  -148.92  11.52) v=2.85 m/s
[lio] t=1317401312.305 | feat 6527/83144 | map  18167 | icp ok  iter 11 corr  6466 rms 0.4244   73.53 ms | p=(  447.77  -148.88  11.51) v=2.86 m/s [KF]
[lio] t=1317401312.409 | feat 6718/83041 | map  18588 | icp ok  iter  9 corr  6711 rms 0.2451   59.49 ms | p=(  448.09  -148.83  11.51) v=3.16 m/s
[lio] t=1317401312.512 | feat 6890/83026 | map  18588 | icp ok  iter 14 corr  6827 rms 0.3040   94.64 ms | p=(  448.39  -148.77  11.51) v=3.15 m/s
[lio] t=1317401312.616 | feat 7034/82968 | map  18588 | icp ok  iter 12 corr  6920 rms 0.3762   76.34 ms | p=(  448.74  -148.71  11.50) v=3.45 m/s
[lio] t=1317401312.720 | feat 7143/82999 | map  18588 | icp ok  iter  9 corr  6901 rms 0.4007   59.62 ms | p=(  449.10  -148.63  11.49) v=3.61 m/s [KF]
[lio] t=1317401312.824 | feat 7302/83107 | map  19087 | icp ok  iter  8 corr  7289 rms 0.3120   55.98 ms | p=(  449.47  -148.55  11.48) v=3.71 m/s
[lio] t=1317401312.928 | feat 7403/83146 | map  19087 | icp ok  iter  8 corr  7378 rms 0.4184   58.77 ms | p=(  449.85  -148.50  11.46) v=3.87 m/s
[lio] t=1317401313.032 | feat 7440/83072 | map  19087 | icp ok  iter 10 corr  7390 rms 0.4532   74.34 ms | p=(  450.23  -148.41  11.44) v=3.86 m/s [KF]
[lio] t=1317401313.136 | feat 7383/83156 | map  19665 | icp ok  iter  7 corr  7371 rms 0.2540   56.22 ms | p=(  450.63  -148.35  11.44) v=4.00 m/s
[lio] t=1317401313.240 | feat 7426/83115 | map  19665 | icp ok  iter  8 corr  7413 rms 0.2997   57.76 ms | p=(  451.05  -148.26  11.44) v=4.18 m/s
[lio] t=1317401313.344 | feat 7479/83069 | map  19665 | icp ok  iter  5 corr  7457 rms 0.3324   45.90 ms | p=(  451.48  -148.18  11.43) v=4.34 m/s [KF]
[lio] t=1317401313.447 | feat 7612/83256 | map  20279 | icp ok  iter  4 corr  7608 rms 0.2726   34.69 ms | p=(  451.93  -148.08  11.41) v=4.54 m/s
[lio] t=1317401313.551 | feat 7563/83509 | map  20279 | icp ok  iter  7 corr  7554 rms 0.3107   55.82 ms | p=(  452.40  -147.99  11.39) v=4.73 m/s
[lio] t=1317401313.655 | feat 7621/83700 | map  20279 | icp ok  iter  8 corr  7596 rms 0.3395   60.92 ms | p=(  452.87  -147.88  11.37) v=4.81 m/s [KF]
[lio] t=1317401313.759 | feat 7487/83887 | map  20928 | icp ok  iter  6 corr  7470 rms 0.2376   54.27 ms | p=(  453.36  -147.78  11.35) v=4.95 m/s
[lio] t=1317401313.863 | feat 7335/83858 | map  20928 | icp ok  iter  2 corr  7312 rms 0.2955   20.16 ms | p=(  453.87  -147.67  11.33) v=5.16 m/s [KF]
[lio] t=1317401313.967 | feat 7217/83835 | map  21267 | icp ok  iter  7 corr  7217 rms 0.2258   51.69 ms | p=(  454.40  -147.56  11.32) v=5.32 m/s
[lio] t=1317401314.071 | feat 6844/83787 | map  21267 | icp ok  iter  6 corr  6844 rms 0.2588   43.35 ms | p=(  454.95  -147.44  11.30) v=5.52 m/s [KF]
[lio] t=1317401314.175 | feat 6626/83837 | map  21364 | icp ok  iter  9 corr  6626 rms 0.2248   59.66 ms | p=(  455.50  -147.32  11.28) v=5.63 m/s
[lio] t=1317401314.279 | feat 6464/84039 | map  21364 | icp ok  iter 14 corr  6463 rms 0.2563   99.34 ms | p=(  456.12  -147.19  11.25) v=6.07 m/s [KF]
[lio] t=1317401314.383 | feat 6261/83919 | map  21402 | icp ok  iter  5 corr  6259 rms 0.2163   38.28 ms | p=(  456.73  -147.05  11.23) v=6.19 m/s
[lio] t=1317401314.487 | feat 6034/83498 | map  21402 | icp ok  iter  7 corr  6031 rms 0.2445   50.92 ms | p=(  457.34  -146.92  11.21) v=6.22 m/s [KF]
[lio] t=1317401314.591 | feat 5828/83152 | map  21371 | icp ok  iter  6 corr  5827 rms 0.2245   40.91 ms | p=(  457.96  -146.78  11.19) v=6.33 m/s
[lio] t=1317401314.695 | feat 5606/82734 | map  21371 | icp ok  iter 14 corr  5606 rms 0.2406   85.44 ms | p=(  458.67  -146.63  11.16) v=6.83 m/s [KF]
[lio] t=1317401314.799 | feat 5425/82609 | map  21361 | icp ok  iter 11 corr  5419 rms 0.2320   70.54 ms | p=(  459.31  -146.48  11.14) v=6.66 m/s
[lio] t=1317401314.903 | feat 5231/82402 | map  21361 | icp ok  iter 11 corr  5215 rms 0.2657   65.19 ms | p=(  460.04  -146.32  11.12) v=7.13 m/s [KF]
[lio] t=1317401315.007 | feat 5155/82500 | map  21315 | icp ok  iter 12 corr  5151 rms 0.2213   71.96 ms | p=(  460.72  -146.16  11.10) v=7.02 m/s
[lio] t=1317401315.111 | feat 5000/81958 | map  21315 | icp ok  iter 10 corr  4994 rms 0.2725   53.48 ms | p=(  461.48  -145.99  11.07) v=7.43 m/s [KF]
[lio] t=1317401315.214 | feat 4967/81341 | map  21123 | icp ok  iter 11 corr  4961 rms 0.2310   65.80 ms | p=(  462.19  -145.83  11.05) v=7.34 m/s
[lio] t=1317401315.318 | feat 4820/81290 | map  21123 | icp ok  iter 16 corr  4815 rms 0.3027   71.73 ms | p=(  462.96  -145.65  11.02) v=7.60 m/s [KF]
[lio] t=1317401315.422 | feat 4900/81629 | map  21072 | icp ok  iter  8 corr  4898 rms 0.2519   36.86 ms | p=(  463.74  -145.47  10.99) v=7.81 m/s
[lio] t=1317401315.526 | feat 4770/82710 | map  21072 | icp ok  iter 12 corr  4760 rms 0.3123   65.43 ms | p=(  464.48  -145.30  10.96) v=7.63 m/s [KF]
[lio] t=1317401315.630 | feat 4714/82978 | map  20893 | icp ok  iter 12 corr  4712 rms 0.3053   63.66 ms | p=(  465.34  -145.10  10.93) v=8.26 m/s
[lio] t=1317401315.734 | feat 4681/83022 | map  20893 | icp ok  iter 27 corr  4672 rms 0.3529  139.77 ms | p=(  466.08  -144.93  10.90) v=7.81 m/s [KF]
[lio] t=1317401315.838 | feat 4551/83127 | map  20720 | icp ok  iter  8 corr  4551 rms 0.2185   44.33 ms | p=(  466.92  -144.73  10.88) v=8.19 m/s
[lio] t=1317401315.942 | feat 4512/83621 | map  20720 | icp ok  iter  6 corr  4512 rms 0.2481   31.25 ms | p=(  467.78  -144.54  10.84) v=8.44 m/s [KF]
[lio] t=1317401316.046 | feat 4483/83695 | map  20452 | icp ok  iter  6 corr  4483 rms 0.2211   28.43 ms | p=(  468.63  -144.33  10.82) v=8.56 m/s
[lio] t=1317401316.150 | feat 4438/83834 | map  20452 | icp ok  iter 13 corr  4436 rms 0.2488   74.14 ms | p=(  469.45  -144.14  10.79) v=8.38 m/s [KF]
[lio] t=1317401316.254 | feat 4311/84050 | map  20218 | icp ok  iter 14 corr  4307 rms 0.2201   57.58 ms | p=(  470.32  -143.94  10.75) v=8.60 m/s
[lio] t=1317401316.358 | feat 4405/84449 | map  20218 | icp ok  iter  7 corr  4402 rms 0.2408   31.13 ms | p=(  471.21  -143.74  10.73) v=8.77 m/s [KF]
[lio] t=1317401316.462 | feat 4309/84311 | map  19998 | icp ok  iter  8 corr  4304 rms 0.2355   40.01 ms | p=(  472.12  -143.53  10.69) v=9.01 m/s
[lio] t=1317401316.566 | feat 4269/84104 | map  19998 | icp ok  iter 13 corr  4265 rms 0.2783   61.80 ms | p=(  473.00  -143.33  10.65) v=8.85 m/s [KF]
[lio] t=1317401316.670 | feat 4245/83977 | map  19817 | icp ok  iter  8 corr  4240 rms 0.2302   39.66 ms | p=(  473.87  -143.13  10.63) v=8.75 m/s
[lio] t=1317401316.774 | feat 4213/84096 | map  19817 | icp ok  iter  7 corr  4200 rms 0.2538   28.66 ms | p=(  474.76  -142.93  10.60) v=8.78 m/s [KF]
[lio] t=1317401316.878 | feat 4186/84076 | map  19670 | icp ok  iter  8 corr  4178 rms 0.2507   36.23 ms | p=(  475.68  -142.73  10.57) v=8.92 m/s
[lio] t=1317401316.982 | feat 4238/83945 | map  19670 | icp ok  iter  8 corr  4220 rms 0.3042   33.38 ms | p=(  476.58  -142.53  10.53) v=8.92 m/s [KF]
[lio] t=1317401317.086 | feat 4215/83747 | map  19651 | icp ok  iter  8 corr  4208 rms 0.2496   32.42 ms | p=(  477.48  -142.33  10.51) v=8.92 m/s
[lio] t=1317401317.190 | feat 4210/83466 | map  19651 | icp ok  iter 15 corr  4207 rms 0.3176   70.61 ms | p=(  478.33  -142.14  10.49) v=8.59 m/s [KF]
[lio] t=1317401317.294 | feat 4204/82968 | map  19620 | icp ok  iter  7 corr  4202 rms 0.2303   29.72 ms | p=(  479.21  -141.95  10.47) v=8.63 m/s
[lio] t=1317401317.398 | feat 4267/82493 | map  19620 | icp ok  iter 11 corr  4264 rms 0.3166   45.14 ms | p=(  480.10  -141.76  10.44) v=8.74 m/s [KF]
[lio] t=1317401317.502 | feat 4253/82135 | map  19561 | icp ok  iter  6 corr  4252 rms 0.2737   27.37 ms | p=(  481.00  -141.55  10.42) v=8.84 m/s
[lio] t=1317401317.606 | feat 4322/81878 | map  19561 | icp ok  iter 14 corr  4310 rms 0.3727   57.70 ms | p=(  481.88  -141.36  10.40) v=8.74 m/s [KF]
[lio] t=1317401317.710 | feat 4403/81427 | map  19610 | icp ok  iter  9 corr  4393 rms 0.3628   39.15 ms | p=(  482.76  -141.16  10.37) v=8.67 m/s
[lio] t=1317401317.814 | feat 4345/81123 | map  19610 | icp ok  iter 18 corr  4296 rms 0.2966   81.08 ms | p=(  483.59  -140.97  10.35) v=8.36 m/s [KF]
[lio] t=1317401317.918 | feat 4271/80915 | map  19580 | icp ok  iter  9 corr  4264 rms 0.2457   41.39 ms | p=(  484.46  -140.76  10.32) v=8.49 m/s
[lio] t=1317401318.021 | feat 4329/81149 | map  19580 | icp ok  iter 13 corr  4278 rms 0.3121   52.67 ms | p=(  485.30  -140.56  10.29) v=8.36 m/s [KF]
[lio] t=1317401318.125 | feat 4471/81400 | map  19370 | icp ok  iter 11 corr  4466 rms 0.3014   48.91 ms | p=(  486.16  -140.35  10.27) v=8.39 m/s
[lio] t=1317401318.229 | feat 4633/80756 | map  19370 | icp ok  iter 26 corr  4617 rms 0.4097  119.19 ms | p=(  486.92  -140.16  10.26) v=7.83 m/s [KF]
[lio] t=1317401318.333 | feat 4648/79736 | map  19052 | icp ok  iter 13 corr  4648 rms 0.2563   61.47 ms | p=(  487.73  -139.95  10.23) v=7.87 m/s
[lio] t=1317401318.437 | feat 4565/78998 | map  19052 | icp ok  iter  9 corr  4561 rms 0.2973   39.62 ms | p=(  488.52  -139.75  10.20) v=7.72 m/s [KF]
[lio] t=1317401318.541 | feat 4583/78866 | map  18605 | icp ok  iter  5 corr  4580 rms 0.2525   24.59 ms | p=(  489.28  -139.55  10.18) v=7.56 m/s
[lio] t=1317401318.645 | feat 4742/79083 | map  18605 | icp ok  iter  8 corr  4734 rms 0.3467   35.46 ms | p=(  490.03  -139.37  10.15) v=7.35 m/s [KF]
[lio] t=1317401318.749 | feat 4840/78701 | map  18141 | icp ok  iter 17 corr  4836 rms 0.2932   84.53 ms | p=(  490.80  -139.17  10.12) v=7.45 m/s
[lio] t=1317401318.853 | feat 4883/78907 | map  18141 | icp ok  iter 10 corr  4877 rms 0.3317   54.30 ms | p=(  491.47  -138.99  10.09) v=6.88 m/s [KF]
[lio] t=1317401318.957 | feat 4825/78319 | map  17750 | icp ok  iter  9 corr  4818 rms 0.2400   41.81 ms | p=(  492.15  -138.81  10.07) v=6.67 m/s
[lio] t=1317401319.061 | feat 4831/77616 | map  17750 | icp ok  iter 16 corr  4826 rms 0.2679   77.08 ms | p=(  492.86  -138.63  10.04) v=6.83 m/s [KF]
[lio] t=1317401319.165 | feat 4877/77074 | map  17286 | icp ok  iter 14 corr  4864 rms 0.2442   77.24 ms | p=(  493.45  -138.47  10.01) v=6.15 m/s
[lio] t=1317401319.269 | feat 4758/76275 | map  17286 | icp ok  iter 22 corr  4745 rms 0.2603  107.01 ms | p=(  494.14  -138.30   9.99) v=6.44 m/s [KF]
[lio] t=1317401319.373 | feat 4706/75810 | map  16871 | icp ok  iter 11 corr  4704 rms 0.2346   54.87 ms | p=(  494.75  -138.15   9.96) v=6.11 m/s
[lio] t=1317401319.477 | feat 4721/75220 | map  16871 | icp ok  iter 20 corr  4716 rms 0.2772   85.12 ms | p=(  495.33  -138.00   9.94) v=5.85 m/s [KF]
[lio] t=1317401319.582 | feat 4838/75192 | map  16465 | icp ok  iter  9 corr  4838 rms 0.2343   43.67 ms | p=(  495.91  -137.86   9.92) v=5.69 m/s
[lio] t=1317401319.686 | feat 4814/75281 | map  16465 | icp ok  iter 13 corr  4814 rms 0.2537   63.02 ms | p=(  496.51  -137.71   9.88) v=5.87 m/s [KF]
[lio] t=1317401319.790 | feat 4798/74774 | map  16120 | icp ok  iter  6 corr  4798 rms 0.2378   33.11 ms | p=(  497.09  -137.57   9.86) v=5.76 m/s
[lio] t=1317401319.894 | feat 4862/74340 | map  16120 | icp ok  iter  4 corr  4862 rms 0.2621   22.71 ms | p=(  497.66  -137.43   9.83) v=5.69 m/s [KF]
[lio] t=1317401319.998 | feat 4759/73649 | map  15843 | icp ok  iter 10 corr  4759 rms 0.2163   44.07 ms | p=(  498.23  -137.30   9.81) v=5.66 m/s
[lio] t=1317401320.102 | feat 4730/73546 | map  15843 | icp ok  iter 18 corr  4726 rms 0.2494   83.73 ms | p=(  498.85  -137.16   9.79) v=5.89 m/s [KF]
[lio] t=1317401320.206 | feat 4709/73830 | map  15702 | icp ok  iter 10 corr  4703 rms 0.2242   47.17 ms | p=(  499.42  -137.04   9.77) v=5.72 m/s
[lio] t=1317401320.310 | feat 4728/74305 | map  15702 | icp ok  iter  9 corr  4720 rms 0.2673   41.88 ms | p=(  499.98  -136.91   9.75) v=5.59 m/s [KF]
[lio] t=1317401320.414 | feat 4646/74678 | map  15585 | icp ok  iter  4 corr  4646 rms 0.2347   21.61 ms | p=(  500.53  -136.79   9.72) v=5.47 m/s
[lio] t=1317401320.518 | feat 4616/75211 | map  15585 | icp ok  iter  4 corr  4616 rms 0.2884   21.56 ms | p=(  501.07  -136.68   9.71) v=5.36 m/s [KF]
[lio] t=1317401320.622 | feat 4657/75584 | map  15522 | icp ok  iter 14 corr  4656 rms 0.2201   58.26 ms | p=(  501.62  -136.58   9.68) v=5.34 m/s
[lio] t=1317401320.726 | feat 4659/75761 | map  15522 | icp ok  iter  7 corr  4658 rms 0.2545   32.16 ms | p=(  502.16  -136.46   9.67) v=5.32 m/s [KF]
[lio] t=1317401320.830 | feat 4658/75863 | map  15398 | icp ok  iter  8 corr  4657 rms 0.2231   35.15 ms | p=(  502.71  -136.35   9.65) v=5.28 m/s
[lio] t=1317401320.934 | feat 4674/76034 | map  15398 | icp ok  iter  8 corr  4673 rms 0.2703   35.07 ms | p=(  503.23  -136.25   9.63) v=5.13 m/s [KF]
[lio] t=1317401321.038 | feat 4791/76052 | map  15171 | icp ok  iter 11 corr  4791 rms 0.2553   47.36 ms | p=(  503.74  -136.14   9.61) v=5.01 m/s
[lio] t=1317401321.142 | feat 4899/76513 | map  15171 | icp ok  iter  6 corr  4891 rms 0.3565   27.78 ms | p=(  504.24  -136.04   9.59) v=4.89 m/s [KF]
[lio] t=1317401321.246 | feat 5000/77322 | map  15143 | icp ok  iter  7 corr  4999 rms 0.2388   33.31 ms | p=(  504.74  -135.94   9.58) v=4.85 m/s
[lio] t=1317401321.350 | feat 5097/77834 | map  15143 | icp ok  iter 14 corr  5074 rms 0.2989   69.42 ms | p=(  505.20  -135.84   9.57) v=4.57 m/s
[lio] t=1317401321.454 | feat 5259/78309 | map  15143 | icp ok  iter 12 corr  5177 rms 0.3718   57.37 ms | p=(  505.67  -135.73   9.55) v=4.61 m/s [KF]
[lio] t=1317401321.558 | feat 5522/78539 | map  15412 | icp ok  iter  6 corr  5511 rms 0.3106   31.35 ms | p=(  506.13  -135.63   9.53) v=4.54 m/s
[lio] t=1317401321.662 | feat 5645/79025 | map  15412 | icp ok  iter 11 corr  5611 rms 0.4522   54.60 ms | p=(  506.59  -135.53   9.52) v=4.50 m/s
[lio] t=1317401321.766 | feat 5797/79613 | map  15412 | icp ok  iter  9 corr  5629 rms 0.5086   46.40 ms | p=(  507.04  -135.43   9.51) v=4.47 m/s [KF]
[lio] t=1317401321.870 | feat 6016/79987 | map  15913 | icp ok  iter 10 corr  5981 rms 0.3080   57.72 ms | p=(  507.48  -135.33   9.50) v=4.43 m/s
[lio] t=1317401321.974 | feat 6273/80198 | map  15913 | icp ok  iter  6 corr  6087 rms 0.4022   33.31 ms | p=(  507.93  -135.21   9.48) v=4.41 m/s
[lio] t=1317401322.078 | feat 6574/80349 | map  15913 | icp ok  iter  6 corr  6164 rms 0.4555   38.15 ms | p=(  508.37  -135.11   9.48) v=4.38 m/s [KF]
[lio] t=1317401322.182 | feat 6711/80420 | map  16672 | icp ok  iter  7 corr  6568 rms 0.2826   45.14 ms | p=(  508.80  -135.00   9.45) v=4.32 m/s
[lio] t=1317401322.286 | feat 7019/80528 | map  16672 | icp ok  iter  9 corr  6683 rms 0.3569   56.25 ms | p=(  509.24  -134.89   9.44) v=4.36 m/s
[lio] t=1317401322.390 | feat 7208/80487 | map  16672 | icp ok  iter 11 corr  6809 rms 0.4143   75.89 ms | p=(  509.65  -134.79   9.42) v=4.17 m/s [KF]
[lio] t=1317401322.494 | feat 7286/80548 | map  17651 | icp ok  iter  6 corr  7264 rms 0.2652   42.48 ms | p=(  510.07  -134.68   9.40) v=4.16 m/s
[lio] t=1317401322.598 | feat 7332/80692 | map  17651 | icp ok  iter  7 corr  7292 rms 0.3175   50.46 ms | p=(  510.49  -134.57   9.39) v=4.19 m/s
[lio] t=1317401322.702 | feat 7366/80707 | map  17651 | icp ok  iter  8 corr  7283 rms 0.3740   55.15 ms | p=(  510.91  -134.47   9.38) v=4.17 m/s [KF]
[lio] t=1317401322.806 | feat 7393/80838 | map  18395 | icp ok  iter  4 corr  7376 rms 0.2452   30.22 ms | p=(  511.33  -134.36   9.36) v=4.18 m/s
[lio] t=1317401322.910 | feat 7477/81106 | map  18395 | icp ok  iter  8 corr  7458 rms 0.2991   54.40 ms | p=(  511.74  -134.25   9.35) v=4.20 m/s
[lio] t=1317401323.014 | feat 7541/81205 | map  18395 | icp ok  iter  4 corr  7519 rms 0.3553   32.51 ms | p=(  512.17  -134.14   9.33) v=4.29 m/s [KF]
[lio] t=1317401323.119 | feat 7596/81433 | map  18984 | icp ok  iter  7 corr  7594 rms 0.2439   52.29 ms | p=(  512.60  -134.04   9.31) v=4.36 m/s
[lio] t=1317401323.223 | feat 7504/81556 | map  18984 | icp ok  iter  7 corr  7494 rms 0.2903   56.61 ms | p=(  513.05  -133.93   9.30) v=4.45 m/s
[lio] t=1317401323.327 | feat 7514/81576 | map  18984 | icp ok  iter 11 corr  7504 rms 0.3278   81.59 ms | p=(  513.48  -133.82   9.29) v=4.44 m/s [KF]
[lio] t=1317401323.431 | feat 7464/81840 | map  19599 | icp ok  iter  9 corr  7452 rms 0.2630   65.14 ms | p=(  513.94  -133.70   9.28) v=4.55 m/s
[lio] t=1317401323.535 | feat 7462/81782 | map  19599 | icp ok  iter  7 corr  7441 rms 0.2987   54.99 ms | p=(  514.39  -133.59   9.26) v=4.61 m/s
[lio] t=1317401323.639 | feat 7407/81675 | map  19599 | icp ok  iter  6 corr  7362 rms 0.3269   48.32 ms | p=(  514.87  -133.47   9.23) v=4.74 m/s [KF]
[lio] t=1317401323.743 | feat 7306/81808 | map  20053 | icp ok  iter  7 corr  7304 rms 0.2464   55.04 ms | p=(  515.34  -133.36   9.20) v=4.80 m/s
[lio] t=1317401323.847 | feat 7208/81543 | map  20053 | icp ok  iter  7 corr  7201 rms 0.2586   55.00 ms | p=(  515.83  -133.25   9.18) v=4.89 m/s
[lio] t=1317401323.951 | feat 7109/81456 | map  20053 | icp ok  iter  9 corr  7104 rms 0.3023   65.59 ms | p=(  516.32  -133.14   9.18) v=4.94 m/s [KF]
[lio] t=1317401324.055 | feat 7055/81435 | map  20439 | icp ok  iter  9 corr  7051 rms 0.2500   63.10 ms | p=(  516.82  -133.02   9.16) v=5.04 m/s
[lio] t=1317401324.159 | feat 6884/81469 | map  20439 | icp ok  iter  9 corr  6874 rms 0.2798   60.61 ms | p=(  517.32  -132.89   9.14) v=5.09 m/s [KF]
[lio] t=1317401324.263 | feat 6648/81792 | map  20724 | icp ok  iter  6 corr  6648 rms 0.2364   42.49 ms | p=(  517.84  -132.76   9.12) v=5.20 m/s
[lio] t=1317401324.367 | feat 6237/81720 | map  20724 | icp ok  iter  7 corr  6235 rms 0.2622   45.83 ms | p=(  518.36  -132.63   9.09) v=5.28 m/s [KF]
[lio] t=1317401324.471 | feat 6103/81189 | map  20799 | icp ok  iter  4 corr  6102 rms 0.2098   28.57 ms | p=(  518.90  -132.49   9.06) v=5.45 m/s
[lio] t=1317401324.574 | feat 5952/80638 | map  20799 | icp ok  iter  7 corr  5947 rms 0.2566   43.94 ms | p=(  519.44  -132.34   9.04) v=5.52 m/s [KF]
[lio] t=1317401324.678 | feat 5912/80261 | map  20967 | icp ok  iter  9 corr  5905 rms 0.2330   54.18 ms | p=(  520.00  -132.20   9.01) v=5.64 m/s
[lio] t=1317401324.782 | feat 6030/79509 | map  20967 | icp ok  iter 13 corr  6021 rms 0.2711   80.05 ms | p=(  520.59  -132.05   9.00) v=5.82 m/s [KF]
[lio] t=1317401324.886 | feat 6183/79096 | map  21047 | icp ok  iter  6 corr  6182 rms 0.2496   45.47 ms | p=(  521.16  -131.89   8.97) v=5.88 m/s
[lio] t=1317401324.990 | feat 6184/78625 | map  21047 | icp ok  iter  9 corr  6182 rms 0.3006   61.89 ms | p=(  521.77  -131.71   8.95) v=6.11 m/s [KF]
[lio] t=1317401325.094 | feat 6085/78871 | map  21254 | icp ok  iter  9 corr  6080 rms 0.2616   56.00 ms | p=(  522.36  -131.52   8.92) v=6.12 m/s
[lio] t=1317401325.197 | feat 5753/79087 | map  21254 | icp ok  iter  6 corr  5749 rms 0.2971   36.64 ms | p=(  522.96  -131.32   8.89) v=6.23 m/s [KF]
[lio] t=1317401325.301 | feat 5600/79103 | map  21329 | icp ok  iter 13 corr  5596 rms 0.2421   71.76 ms | p=(  523.55  -131.11   8.87) v=6.22 m/s
[lio] t=1317401325.405 | feat 5388/79481 | map  21329 | icp ok  iter 11 corr  5373 rms 0.3226   60.68 ms | p=(  524.15  -130.88   8.84) v=6.33 m/s [KF]
[lio] t=1317401325.509 | feat 5080/79884 | map  21491 | icp ok  iter 13 corr  5069 rms 0.2511   63.78 ms | p=(  524.76  -130.66   8.82) v=6.34 m/s
[lio] t=1317401325.613 | feat 4826/80186 | map  21491 | icp ok  iter  7 corr  4799 rms 0.3125   38.27 ms | p=(  525.38  -130.42   8.80) v=6.49 m/s [KF]
[lio] t=1317401325.717 | feat 4685/80574 | map  21580 | icp ok  iter 11 corr  4685 rms 0.2591   52.15 ms | p=(  525.99  -130.17   8.77) v=6.46 m/s
[lio] t=1317401325.821 | feat 4541/81026 | map  21580 | icp ok  iter 15 corr  4537 rms 0.3367   73.37 ms | p=(  526.67  -129.91   8.74) v=6.88 m/s [KF]
[lio] t=1317401325.925 | feat 4439/81315 | map  21621 | icp ok  iter 14 corr  4436 rms 0.2740   62.87 ms | p=(  527.29  -129.67   8.71) v=6.66 m/s
[lio] t=1317401326.029 | feat 4403/81854 | map  21621 | icp ok  iter 17 corr  4393 rms 0.3719   76.17 ms | p=(  527.97  -129.40   8.68) v=7.00 m/s [KF]
[lio] t=1317401326.133 | feat 4239/80404 | map  21680 | icp ok  iter 10 corr  4237 rms 0.2787   44.12 ms | p=(  528.63  -129.16   8.65) v=6.96 m/s
[lio] t=1317401326.238 | feat 4077/76900 | map  21680 | icp ok  iter 13 corr  4073 rms 0.3208   55.76 ms | p=(  529.30  -128.89   8.63) v=7.05 m/s [KF]
[lio] t=1317401326.342 | feat 4048/72679 | map  21720 | icp ok  iter  8 corr  4042 rms 0.2580   33.43 ms | p=(  530.00  -128.65   8.61) v=7.14 m/s
[lio] t=1317401326.446 | feat 4003/66401 | map  21720 | icp ok  iter 11 corr  3984 rms 0.3004   48.20 ms | p=(  530.70  -128.39   8.58) v=7.29 m/s [KF]
[lio] t=1317401326.550 | feat 4011/59211 | map  21715 | icp ok  iter  9 corr  4009 rms 0.3012   36.91 ms | p=(  531.42  -128.15   8.54) v=7.34 m/s
[lio] t=1317401326.654 | feat 4125/56318 | map  21715 | icp ok  iter 10 corr  4114 rms 0.3609   40.38 ms | p=(  532.15  -127.90   8.51) v=7.53 m/s [KF]
[lio] t=1317401326.758 | feat 4352/57236 | map  21815 | icp ok  iter 11 corr  4340 rms 0.3042   47.69 ms | p=(  532.88  -127.67   8.49) v=7.51 m/s
[lio] t=1317401326.862 | feat 4545/62538 | map  21815 | icp ok  iter 10 corr  4510 rms 0.3841   45.33 ms | p=(  533.67  -127.43   8.46) v=7.81 m/s [KF]
[lio] t=1317401326.966 | feat 4585/67278 | map  22038 | icp ok  iter 11 corr  4579 rms 0.3130   49.18 ms | p=(  534.44  -127.20   8.42) v=7.86 m/s
[lio] t=1317401327.070 | feat 4540/67432 | map  22038 | icp ok  iter 14 corr  4532 rms 0.3736   63.55 ms | p=(  535.21  -126.99   8.39) v=7.86 m/s [KF]
[lio] t=1317401327.174 | feat 4454/64733 | map  22292 | icp ok  iter 12 corr  4454 rms 0.2731   54.10 ms | p=(  535.98  -126.79   8.37) v=7.82 m/s
[lio] t=1317401327.278 | feat 4295/61953 | map  22292 | icp ok  iter 10 corr  4288 rms 0.3594   43.97 ms | p=(  536.79  -126.58   8.34) v=8.06 m/s [KF]
[lio] t=1317401327.382 | feat 4097/56290 | map  22308 | icp ok  iter  9 corr  4095 rms 0.2795   39.19 ms | p=(  537.61  -126.38   8.31) v=8.19 m/s
[lio] t=1317401327.486 | feat 4056/52782 | map  22308 | icp ok  iter 16 corr  4053 rms 0.3056   66.69 ms | p=(  538.38  -126.18   8.28) v=7.97 m/s [KF]
[lio] t=1317401327.590 | feat 4043/53216 | map  22291 | icp ok  iter 11 corr  4037 rms 0.2560   49.79 ms | p=(  539.25  -125.97   8.25) v=8.42 m/s
[lio] t=1317401327.694 | feat 3978/57564 | map  22291 | icp ok  iter 10 corr  3971 rms 0.3103   42.20 ms | p=(  540.07  -125.78   8.23) v=8.32 m/s [KF]
[lio] t=1317401327.798 | feat 4024/64229 | map  22190 | icp ok  iter  9 corr  4024 rms 0.2720   39.33 ms | p=(  540.92  -125.57   8.20) v=8.50 m/s
[lio] t=1317401327.901 | feat 4218/68569 | map  22190 | icp ok  iter 17 corr  4209 rms 0.3066   77.27 ms | p=(  541.74  -125.37   8.17) v=8.30 m/s [KF]
[lio] t=1317401328.005 | feat 4193/72745 | map  22034 | icp ok  iter 11 corr  4192 rms 0.2638   45.89 ms | p=(  542.60  -125.16   8.13) v=8.52 m/s
[lio] t=1317401328.109 | feat 4114/75039 | map  22034 | icp ok  iter 16 corr  4112 rms 0.3135   60.51 ms | p=(  543.46  -124.95   8.11) v=8.50 m/s [KF]
[lio] t=1317401328.213 | feat 4221/74572 | map  21723 | icp ok  iter 11 corr  4219 rms 0.2522   47.19 ms | p=(  544.32  -124.74   8.08) v=8.53 m/s
[lio] t=1317401328.317 | feat 4341/74749 | map  21723 | icp ok  iter 25 corr  4331 rms 0.3871  107.92 ms | p=(  545.12  -124.54   8.05) v=8.20 m/s [KF]
[lio] t=1317401328.421 | feat 4463/74756 | map  21469 | icp ok  iter 13 corr  4439 rms 0.2923   59.44 ms | p=(  545.99  -124.33   8.00) v=8.52 m/s
[lio] t=1317401328.525 | feat 4576/74247 | map  21469 | icp ok  iter 10 corr  4479 rms 0.3917   46.69 ms | p=(  546.83  -124.13   7.96) v=8.39 m/s [KF]
[lio] t=1317401328.628 | feat 4721/74043 | map  21196 | icp ok  iter  6 corr  4698 rms 0.3376   26.87 ms | p=(  547.67  -123.91   7.92) v=8.38 m/s
[lio] t=1317401328.732 | feat 4794/73455 | map  21196 | icp ok  iter 10 corr  4724 rms 0.4005   44.82 ms | p=(  548.50  -123.71   7.88) v=8.35 m/s [KF]
[lio] t=1317401328.836 | feat 4969/72653 | map  21064 | icp ok  iter  5 corr  4952 rms 0.2920   25.15 ms | p=(  549.35  -123.50   7.84) v=8.38 m/s
[lio] t=1317401328.940 | feat 4974/71975 | map  21064 | icp ok  iter  8 corr  4964 rms 0.3351   38.32 ms | p=(  550.18  -123.29   7.80) v=8.33 m/s [KF]
[lio] t=1317401329.044 | feat 5037/70902 | map  20712 | icp ok  iter  4 corr  5023 rms 0.2611   23.49 ms | p=(  551.01  -123.08   7.77) v=8.28 m/s
[lio] t=1317401329.148 | feat 5020/68822 | map  20712 | icp ok  iter  4 corr  5008 rms 0.2923   25.44 ms | p=(  551.83  -122.87   7.72) v=8.20 m/s [KF]
[lio] t=1317401329.252 | feat 5090/66650 | map  20413 | icp ok  iter  6 corr  5086 rms 0.2668   32.15 ms | p=(  552.67  -122.66   7.67) v=8.32 m/s
[lio] t=1317401329.356 | feat 4927/65563 | map  20413 | icp ok  iter  6 corr  4918 rms 0.2837   32.67 ms | p=(  553.49  -122.45   7.62) v=8.23 m/s [KF]
[lio] t=1317401329.460 | feat 5042/65351 | map  20112 | icp ok  iter 12 corr  5038 rms 0.2612   57.99 ms | p=(  554.30  -122.25   7.60) v=8.08 m/s
[lio] t=1317401329.564 | feat 5276/65558 | map  20112 | icp ok  iter  6 corr  5266 rms 0.3154   36.37 ms | p=(  555.09  -122.04   7.55) v=7.92 m/s [KF]
[lio] t=1317401329.668 | feat 5271/65543 | map  20011 | icp ok  iter 13 corr  5270 rms 0.2523   65.76 ms | p=(  555.91  -121.83   7.51) v=8.04 m/s
[lio] t=1317401329.771 | feat 5185/66349 | map  20011 | icp ok  iter 14 corr  5183 rms 0.2900   77.68 ms | p=(  556.65  -121.65   7.46) v=7.56 m/s [KF]
[lio] t=1317401329.875 | feat 5272/67848 | map  19928 | icp ok  iter  9 corr  5272 rms 0.2581   52.00 ms | p=(  557.45  -121.44   7.42) v=7.70 m/s
[lio] t=1317401329.979 | feat 5199/66874 | map  19928 | icp ok  iter  9 corr  5198 rms 0.3009   50.72 ms | p=(  558.18  -121.25   7.40) v=7.33 m/s [KF]
[lio] t=1317401330.083 | feat 5253/66903 | map  19803 | icp ok  iter  8 corr  5253 rms 0.2593   45.85 ms | p=(  558.94  -121.07   7.36) v=7.34 m/s
[lio] t=1317401330.187 | feat 5175/69663 | map  19803 | icp ok  iter 10 corr  5168 rms 0.3213   53.60 ms | p=(  559.64  -120.90   7.33) v=7.01 m/s [KF]
[lio] t=1317401330.291 | feat 5145/72245 | map  19317 | icp ok  iter  9 corr  5132 rms 0.2536   45.86 ms | p=(  560.34  -120.73   7.29) v=6.87 m/s
[lio] t=1317401330.395 | feat 5225/73557 | map  19317 | icp ok  iter  9 corr  5202 rms 0.3231   43.29 ms | p=(  561.03  -120.56   7.26) v=6.78 m/s [KF]
[lio] t=1317401330.499 | feat 5115/75811 | map  18887 | icp ok  iter 14 corr  5102 rms 0.2746   70.71 ms | p=(  561.67  -120.40   7.23) v=6.37 m/s
[lio] t=1317401330.603 | feat 5292/76733 | map  18887 | icp ok  iter 12 corr  5235 rms 0.3988   65.91 ms | p=(  562.35  -120.24   7.19) v=6.55 m/s [KF]
[lio] t=1317401330.707 | feat 5541/77083 | map  18699 | icp ok  iter 11 corr  5481 rms 0.3266   59.72 ms | p=(  562.97  -120.09   7.17) v=6.18 m/s
[lio] t=1317401330.811 | feat 5576/77180 | map  18699 | icp ok  iter  9 corr  5413 rms 0.3886   47.77 ms | p=(  563.57  -119.94   7.14) v=5.93 m/s [KF]
[lio] t=1317401330.915 | feat 5770/77342 | map  18748 | icp ok  iter  9 corr  5696 rms 0.3773   50.08 ms | p=(  564.16  -119.79   7.13) v=5.85 m/s
[lio] t=1317401331.019 | feat 5980/77224 | map  18748 | icp ok  iter 15 corr  5732 rms 0.4542   82.52 ms | p=(  564.77  -119.65   7.10) v=5.89 m/s [KF]
[lio] t=1317401331.123 | feat 6146/77551 | map  19171 | icp ok  iter 10 corr  6135 rms 0.3254   60.29 ms | p=(  565.33  -119.51   7.08) v=5.65 m/s
[lio] t=1317401331.227 | feat 6451/77872 | map  19171 | icp ok  iter  4 corr  6369 rms 0.4251   30.12 ms | p=(  565.90  -119.37   7.06) v=5.59 m/s [KF]
[lio] t=1317401331.331 | feat 6700/77941 | map  19554 | icp ok  iter  9 corr  6691 rms 0.3375   60.68 ms | p=(  566.45  -119.24   7.03) v=5.47 m/s
[lio] t=1317401331.435 | feat 6869/78229 | map  19554 | icp ok  iter  7 corr  6820 rms 0.4533   51.04 ms | p=(  567.00  -119.10   7.01) v=5.43 m/s [KF]
[lio] t=1317401331.539 | feat 7148/78324 | map  20177 | icp ok  iter  9 corr  7086 rms 0.3602   63.06 ms | p=(  567.53  -118.97   6.99) v=5.25 m/s
[lio] t=1317401331.643 | feat 7528/78589 | map  20177 | icp ok  iter  9 corr  7322 rms 0.4864   67.65 ms | p=(  568.06  -118.85   6.99) v=5.20 m/s [KF]
[lio] t=1317401331.747 | feat 7873/79193 | map  21091 | icp ok  iter  8 corr  7846 rms 0.2978   60.36 ms | p=(  568.56  -118.72   6.97) v=4.97 m/s
[lio] t=1317401331.851 | feat 8120/79565 | map  21091 | icp ok  iter  9 corr  8064 rms 0.3511   70.85 ms | p=(  569.05  -118.60   6.95) v=4.81 m/s [KF]
[lio] t=1317401331.955 | feat 8270/80013 | map  21929 | icp ok  iter  5 corr  8265 rms 0.2329   50.60 ms | p=(  569.52  -118.49   6.93) v=4.63 m/s
[lio] t=1317401332.059 | feat 8381/80077 | map  21929 | icp ok  iter  8 corr  8378 rms 0.2691   70.02 ms | p=(  569.98  -118.41   6.92) v=4.46 m/s
[lio] t=1317401332.163 | feat 8478/80354 | map  21929 | icp ok  iter  8 corr  8474 rms 0.2979   69.32 ms | p=(  570.43  -118.31   6.91) v=4.33 m/s [KF]
[lio] t=1317401332.267 | feat 8514/80808 | map  22527 | icp ok  iter  7 corr  8510 rms 0.2429   66.09 ms | p=(  570.86  -118.24   6.91) v=4.15 m/s
[lio] t=1317401332.371 | feat 8617/80750 | map  22527 | icp ok  iter  7 corr  8612 rms 0.2717   61.77 ms | p=(  571.26  -118.15   6.89) v=3.98 m/s
[lio] t=1317401332.476 | feat 8589/80860 | map  22527 | icp ok  iter  8 corr  8581 rms 0.3038   68.39 ms | p=(  571.67  -118.07   6.87) v=3.91 m/s [KF]
[lio] t=1317401332.580 | feat 8748/81235 | map  23060 | icp ok  iter 11 corr  8747 rms 0.2402   96.56 ms | p=(  572.05  -118.02   6.87) v=3.69 m/s
[lio] t=1317401332.684 | feat 8806/81939 | map  23060 | icp ok  iter  9 corr  8803 rms 0.2675   81.22 ms | p=(  572.43  -117.96   6.86) v=3.63 m/s
[lio] t=1317401332.788 | feat 8897/82168 | map  23060 | icp ok  iter  6 corr  8887 rms 0.2744   66.12 ms | p=(  572.78  -117.92   6.85) v=3.38 m/s [KF]
[lio] t=1317401332.892 | feat 9025/82102 | map  23447 | icp ok  iter  8 corr  9012 rms 0.2293   75.24 ms | p=(  573.12  -117.89   6.84) v=3.28 m/s
[lio] t=1317401332.997 | feat 9153/82022 | map  23447 | icp ok  iter  7 corr  9125 rms 0.2689   69.35 ms | p=(  573.46  -117.84   6.83) v=3.22 m/s
[lio] t=1317401333.101 | feat 9205/82052 | map  23447 | icp ok  iter 10 corr  9153 rms 0.2736   91.86 ms | p=(  573.78  -117.82   6.82) v=3.06 m/s [KF]
[lio] t=1317401333.205 | feat 9276/82107 | map  24002 | icp ok  iter  9 corr  9268 rms 0.2797   84.15 ms | p=(  574.08  -117.82   6.82) v=2.95 m/s
[lio] t=1317401333.309 | feat 9504/82151 | map  24002 | icp ok  iter  8 corr  9467 rms 0.3254   93.47 ms | p=(  574.35  -117.78   6.83) v=2.64 m/s
[lio] t=1317401333.413 | feat 9654/81985 | map  24002 | icp ok  iter 12 corr  9570 rms 0.3522  125.67 ms | p=(  574.69  -117.82   6.81) v=3.02 m/s
[lio] t=1317401333.517 | feat 9795/81931 | map  24002 | icp ok  iter 11 corr  9717 rms 0.3881  108.91 ms | p=(  574.98  -117.82   6.82) v=2.83 m/s [KF]
[lio] t=1317401333.622 | feat 9887/81660 | map  24942 | icp ok  iter 11 corr  9885 rms 0.2463  112.36 ms | p=(  575.24  -117.83   6.83) v=2.64 m/s
[lio] t=1317401333.726 | feat 10057/81540 | map  24942 | icp ok  iter 10 corr 10053 rms 0.2987  101.62 ms | p=(  575.54  -117.86   6.83) v=2.76 m/s
[lio] t=1317401333.830 | feat 9936/81546 | map  24942 | icp ok  iter  4 corr  9917 rms 0.3288   47.18 ms | p=(  575.81  -117.87   6.82) v=2.67 m/s
[lio] t=1317401333.934 | feat 9876/81607 | map  24942 | icp ok  iter  9 corr  9870 rms 0.2974   93.95 ms | p=(  576.08  -117.91   6.81) v=2.64 m/s [KF]
[lio] t=1317401334.038 | feat 10039/81716 | map  25586 | icp ok  iter  9 corr 10033 rms 0.2558   93.00 ms | p=(  576.34  -117.96   6.80) v=2.58 m/s
[lio] t=1317401334.142 | feat 10044/81890 | map  25586 | icp ok  iter  7 corr 10036 rms 0.2770   68.84 ms | p=(  576.60  -118.01   6.80) v=2.60 m/s
[lio] t=1317401334.246 | feat 10140/81884 | map  25586 | icp ok  iter  8 corr 10128 rms 0.3021   76.80 ms | p=(  576.86  -118.08   6.79) v=2.59 m/s
[lio] t=1317401334.350 | feat 10261/81979 | map  25586 | icp ok  iter  7 corr 10238 rms 0.3455   72.88 ms | p=(  577.12  -118.14   6.79) v=2.56 m/s [KF]
[lio] t=1317401334.454 | feat 10216/81794 | map  26604 | icp ok  iter  7 corr 10211 rms 0.2938   72.62 ms | p=(  577.37  -118.22   6.81) v=2.59 m/s
[lio] t=1317401334.558 | feat 10323/81838 | map  26604 | icp ok  iter 11 corr 10318 rms 0.2819  115.67 ms | p=(  577.64  -118.30   6.81) v=2.71 m/s
[lio] t=1317401334.662 | feat 10468/81828 | map  26604 | icp ok  iter  8 corr 10460 rms 0.3144   82.62 ms | p=(  577.91  -118.40   6.81) v=2.79 m/s
[lio] t=1317401334.766 | feat 10399/82044 | map  26604 | icp ok  iter  8 corr 10379 rms 0.3463   82.41 ms | p=(  578.18  -118.50   6.80) v=2.90 m/s [KF]
[lio] t=1317401334.870 | feat 10522/82103 | map  27504 | icp ok  iter  9 corr 10510 rms 0.2859   98.33 ms | p=(  578.49  -118.62   6.79) v=3.12 m/s
[lio] t=1317401334.974 | feat 10387/82084 | map  27504 | icp ok  iter 13 corr 10378 rms 0.2642  139.44 ms | p=(  578.80  -118.75   6.78) v=3.28 m/s
[lio] t=1317401335.078 | feat 10459/81666 | map  27504 | icp ok  iter 10 corr 10447 rms 0.2963  122.06 ms | p=(  579.12  -118.88   6.78) v=3.31 m/s [KF]
[lio] t=1317401335.181 | feat 10526/81653 | map  28384 | icp ok  iter  8 corr 10526 rms 0.2660  107.50 ms | p=(  579.40  -119.00   6.79) v=3.07 m/s
[lio] t=1317401335.285 | feat 10459/81772 | map  28384 | icp ok  iter  9 corr 10458 rms 0.2746  105.87 ms | p=(  579.67  -119.13   6.78) v=2.84 m/s
[lio] t=1317401335.389 | feat 10479/81694 | map  28384 | icp ok  iter 15 corr 10473 rms 0.3016  171.28 ms | p=(  579.96  -119.24   6.77) v=2.80 m/s
[lio] t=1317401335.492 | feat 10426/81687 | map  28384 | icp ok  iter  8 corr 10421 rms 0.3144  111.40 ms | p=(  580.19  -119.33   6.77) v=2.45 m/s [KF]
[lio] t=1317401335.596 | feat 10470/81622 | map  29210 | icp ok  iter 11 corr 10468 rms 0.2381  124.53 ms | p=(  580.38  -119.42   6.76) v=2.13 m/s
[lio] t=1317401335.699 | feat 10490/81717 | map  29210 | icp ok  iter 10 corr 10489 rms 0.2548  128.09 ms | p=(  580.62  -119.52   6.74) v=2.31 m/s
[lio] t=1317401335.803 | feat 10515/81425 | map  29210 | icp ok  iter 11 corr 10510 rms 0.2731  133.74 ms | p=(  580.84  -119.59   6.74) v=2.26 m/s
[lio] t=1317401335.907 | feat 10480/81425 | map  29210 | icp ok  iter  9 corr 10478 rms 0.2826  114.95 ms | p=(  581.04  -119.67   6.73) v=2.13 m/s
[lio] t=1317401336.010 | feat 10568/81382 | map  29210 | icp ok  iter 10 corr 10563 rms 0.3094  124.49 ms | p=(  581.25  -119.73   6.74) v=2.07 m/s [KF]
[lio] t=1317401336.114 | feat 10582/81428 | map  30120 | icp ok  iter 12 corr 10574 rms 0.2298  142.95 ms | p=(  581.46  -119.78   6.73) v=2.07 m/s
[lio] t=1317401336.218 | feat 10623/81476 | map  30120 | icp ok  iter 10 corr 10615 rms 0.2622  127.56 ms | p=(  581.65  -119.81   6.73) v=1.90 m/s
[lio] t=1317401336.321 | feat 10567/81610 | map  30120 | icp ok  iter 14 corr 10555 rms 0.2791  158.63 ms | p=(  581.83  -119.87   6.72) v=1.86 m/s
[lio] t=1317401336.425 | feat 10517/81690 | map  30120 | icp ok  iter 10 corr 10497 rms 0.2914  110.63 ms | p=(  582.02  -119.88   6.71) v=1.79 m/s
[lio] t=1317401336.529 | feat 10419/81659 | map  30120 | icp ok  iter  8 corr 10408 rms 0.3042  101.24 ms | p=(  582.19  -119.90   6.70) v=1.70 m/s [KF]
[lio] t=1317401336.632 | feat 10452/81779 | map  31012 | icp ok  iter 11 corr 10452 rms 0.2515  119.21 ms | p=(  582.34  -119.90   6.70) v=1.60 m/s
[lio] t=1317401336.736 | feat 10479/81821 | map  31012 | icp ok  iter  5 corr 10473 rms 0.2898   60.91 ms | p=(  582.51  -119.89   6.69) v=1.62 m/s
[lio] t=1317401336.840 | feat 10474/81897 | map  31012 | icp ok  iter  9 corr 10469 rms 0.2932   97.36 ms | p=(  582.68  -119.88   6.68) v=1.66 m/s
[lio] t=1317401336.944 | feat 10289/81966 | map  31012 | icp ok  iter 11 corr 10284 rms 0.2981  111.48 ms | p=(  582.84  -119.85   6.68) v=1.63 m/s [KF]
[lio] t=1317401337.048 | feat 10192/81953 | map  31762 | icp ok  iter 10 corr 10188 rms 0.2664  107.83 ms | p=(  583.01  -119.84   6.67) v=1.67 m/s
[lio] t=1317401337.151 | feat 10220/82095 | map  31762 | icp ok  iter  6 corr 10218 rms 0.2862   71.86 ms | p=(  583.17  -119.80   6.65) v=1.64 m/s
[lio] t=1317401337.255 | feat 10386/82009 | map  31762 | icp ok  iter  8 corr 10386 rms 0.2955   88.51 ms | p=(  583.35  -119.74   6.64) v=1.81 m/s
[lio] t=1317401337.359 | feat 10341/81924 | map  31762 | icp ok  iter 13 corr 10340 rms 0.2944  136.22 ms | p=(  583.51  -119.69   6.63) v=1.80 m/s [KF]
[lio] t=1317401337.463 | feat 10396/81718 | map  32411 | icp ok  iter 10 corr 10396 rms 0.2438  113.39 ms | p=(  583.69  -119.63   6.63) v=1.85 m/s
[lio] t=1317401337.566 | feat 10428/81509 | map  32411 | icp ok  iter  7 corr 10428 rms 0.2551   79.84 ms | p=(  583.86  -119.57   6.63) v=1.86 m/s
[lio] t=1317401337.670 | feat 10389/81375 | map  32411 | icp ok  iter  9 corr 10389 rms 0.2785  102.90 ms | p=(  584.03  -119.48   6.63) v=1.94 m/s
[lio] t=1317401337.774 | feat 10443/81353 | map  32411 | icp ok  iter 12 corr 10439 rms 0.2938  135.67 ms | p=(  584.18  -119.39   6.62) v=1.87 m/s [KF]
[lio] t=1317401337.878 | feat 10277/81106 | map  33030 | icp ok  iter  9 corr 10277 rms 0.2428  118.87 ms | p=(  584.33  -119.31   6.61) v=1.81 m/s
[lio] t=1317401337.982 | feat 10309/81075 | map  33030 | icp ok  iter 17 corr 10306 rms 0.2433  204.50 ms | p=(  584.51  -119.17   6.60) v=2.07 m/s
[lio] t=1317401338.086 | feat 10267/80709 | map  33030 | icp ok  iter  8 corr 10265 rms 0.2607  103.98 ms | p=(  584.68  -119.06   6.58) v=2.13 m/s
[lio] t=1317401338.191 | feat 10241/80354 | map  33030 | icp ok  iter 14 corr 10234 rms 0.2661  157.20 ms | p=(  584.87  -118.92   6.57) v=2.26 m/s
[lio] t=1317401338.295 | feat 10289/80132 | map  33030 | icp ok  iter  9 corr 10289 rms 0.2784  104.14 ms | p=(  585.05  -118.79   6.58) v=2.25 m/s [KF]
[lio] t=1317401338.399 | feat 10262/80188 | map  33514 | icp ok  iter 11 corr 10262 rms 0.2211  129.14 ms | p=(  585.22  -118.63   6.57) v=2.37 m/s
[lio] t=1317401338.503 | feat 10186/80367 | map  33514 | icp ok  iter  8 corr 10186 rms 0.2296   97.82 ms | p=(  585.41  -118.48   6.54) v=2.49 m/s
[lio] t=1317401338.608 | feat 10149/80616 | map  33514 | icp ok  iter 13 corr 10149 rms 0.2525  149.36 ms | p=(  585.63  -118.30   6.49) v=2.80 m/s
[lio] t=1317401338.712 | feat 10147/80269 | map  33514 | icp ok  iter 13 corr 10144 rms 0.2638  141.12 ms | p=(  585.85  -118.12   6.49) v=2.88 m/s [KF]
[lio] t=1317401338.816 | feat 10150/80432 | map  33697 | icp ok  iter 13 corr 10150 rms 0.2366  144.87 ms | p=(  586.07  -117.96   6.49) v=2.83 m/s
[lio] t=1317401338.921 | feat 10032/80567 | map  33697 | icp ok  iter 13 corr 10017 rms 0.2420  161.93 ms | p=(  586.30  -117.74   6.48) v=3.07 m/s
[lio] t=1317401339.025 | feat 9891/80920 | map  33697 | icp ok  iter 16 corr  9816 rms 0.2702  175.95 ms | p=(  586.54  -117.52   6.43) v=3.24 m/s
[lio] t=1317401339.130 | feat 9543/81192 | map  33697 | icp ok  iter 16 corr  9394 rms 0.2822  167.51 ms | p=(  586.80  -117.32   6.37) v=3.29 m/s [KF]
[lio] t=1317401339.234 | feat 9363/80728 | map  33995 | icp ok  iter 11 corr  9279 rms 0.3238  122.56 ms | p=(  587.07  -117.11   6.37) v=3.40 m/s
[lio] t=1317401339.339 | feat 9049/80114 | map  33995 | icp ok  iter 13 corr  8927 rms 0.3394  120.40 ms | p=(  587.38  -116.87   6.33) v=3.75 m/s
[lio] t=1317401339.443 | feat 8423/79379 | map  33995 | icp ok  iter  9 corr  8290 rms 0.3495   83.55 ms | p=(  587.69  -116.63   6.27) v=3.88 m/s [KF]
[lio] t=1317401339.547 | feat 8422/79462 | map  34441 | icp ok  iter 12 corr  8417 rms 0.2634   99.60 ms | p=(  588.02  -116.42   6.26) v=3.91 m/s
[lio] t=1317401339.652 | feat 8714/79144 | map  34441 | icp ok  iter 15 corr  8705 rms 0.2905  159.88 ms | p=(  588.38  -116.21   6.29) v=4.10 m/s
[lio] t=1317401339.756 | feat 8886/78601 | map  34441 | icp ok  iter 16 corr  8878 rms 0.2909  148.75 ms | p=(  588.74  -115.96   6.27) v=4.28 m/s [KF]
[lio] t=1317401339.860 | feat 8859/77763 | map  34677 | icp ok  iter 17 corr  8859 rms 0.2486  165.80 ms | p=(  589.12  -115.75   6.27) v=4.35 m/s
[lio] t=1317401339.964 | feat 8853/77995 | map  34677 | icp ok  iter 16 corr  8852 rms 0.2763  150.13 ms | p=(  589.52  -115.53   6.30) v=4.48 m/s
[lio] t=1317401340.068 | feat 8737/77951 | map  34677 | icp ok  iter 16 corr  8736 rms 0.2853  147.22 ms | p=(  589.93  -115.32   6.29) v=4.57 m/s [KF]
[lio] t=1317401340.172 | feat 8498/77579 | map  34894 | icp ok  iter  5 corr  8495 rms 0.2331   50.12 ms | p=(  590.37  -115.10   6.28) v=4.81 m/s
[lio] t=1317401340.276 | feat 8348/77106 | map  34894 | icp ok  iter 12 corr  8348 rms 0.2597  106.81 ms | p=(  590.81  -114.90   6.26) v=4.88 m/s
[lio] t=1317401340.380 | feat 8359/77188 | map  34894 | icp ok  iter 13 corr  8356 rms 0.2710  109.01 ms | p=(  591.29  -114.69   6.24) v=5.14 m/s [KF]
[lio] t=1317401340.485 | feat 8200/77197 | map  35057 | icp ok  iter  6 corr  8200 rms 0.2305   60.08 ms | p=(  591.80  -114.48   6.20) v=5.39 m/s
[lio] t=1317401340.589 | feat 8158/76849 | map  35057 | icp ok  iter 10 corr  8156 rms 0.2528  100.49 ms | p=(  592.30  -114.27   6.17) v=5.52 m/s [KF]
[lio] t=1317401340.693 | feat 8015/76642 | map  35150 | icp ok  iter 19 corr  8015 rms 0.2330  165.33 ms | p=(  592.86  -114.06   6.15) v=5.82 m/s
[lio] t=1317401340.796 | feat 7712/76545 | map  35150 | icp ok  iter 14 corr  7712 rms 0.2536  122.65 ms | p=(  593.44  -113.86   6.11) v=6.07 m/s [KF]
[lio] t=1317401340.900 | feat 7453/76923 | map  35310 | icp ok  iter  7 corr  7453 rms 0.2189   66.67 ms | p=(  594.03  -113.63   6.11) v=6.23 m/s
[lio] t=1317401341.004 | feat 7205/76929 | map  35310 | icp ok  iter 11 corr  7203 rms 0.2314   97.61 ms | p=(  594.64  -113.43   6.08) v=6.36 m/s [KF]
[lio] t=1317401341.108 | feat 7002/77124 | map  35223 | icp ok  iter 14 corr  7002 rms 0.2238  100.21 ms | p=(  595.26  -113.22   6.06) v=6.49 m/s
[lio] t=1317401341.212 | feat 6825/77054 | map  35223 | icp ok  iter 13 corr  6824 rms 0.2503   99.96 ms | p=(  595.92  -113.00   6.03) v=6.79 m/s [KF]
[lio] t=1317401341.316 | feat 6563/76677 | map  35187 | icp ok  iter  8 corr  6561 rms 0.2147   60.15 ms | p=(  596.57  -112.76   5.97) v=6.88 m/s
[lio] t=1317401341.420 | feat 6509/76553 | map  35187 | icp ok  iter  7 corr  6509 rms 0.2289   53.53 ms | p=(  597.26  -112.54   5.95) v=7.12 m/s [KF]
[lio] t=1317401341.524 | feat 6284/76346 | map  34833 | icp ok  iter  9 corr  6283 rms 0.2219   61.31 ms | p=(  597.97  -112.31   5.90) v=7.33 m/s
[lio] t=1317401341.628 | feat 6125/75588 | map  34833 | icp ok  iter  7 corr  6122 rms 0.2303   52.23 ms | p=(  598.70  -112.08   5.87) v=7.47 m/s [KF]
[lio] t=1317401341.732 | feat 6018/75473 | map  34491 | icp ok  iter 10 corr  6017 rms 0.2356   65.49 ms | p=(  599.45  -111.86   5.84) v=7.70 m/s
[lio] t=1317401341.836 | feat 5945/75880 | map  34491 | icp ok  iter 14 corr  5945 rms 0.2842   84.70 ms | p=(  600.20  -111.63   5.80) v=7.72 m/s [KF]
[lio] t=1317401341.940 | feat 5846/75076 | map  34133 | icp ok  iter  6 corr  5836 rms 0.2516   43.57 ms | p=(  600.98  -111.39   5.78) v=7.95 m/s
[lio] t=1317401342.044 | feat 5724/74210 | map  34133 | icp ok  iter 16 corr  5712 rms 0.2763   92.43 ms | p=(  601.79  -111.17   5.74) v=8.11 m/s [KF]
[lio] t=1317401342.148 | feat 5641/72117 | map  33831 | icp ok  iter 13 corr  5640 rms 0.2381   77.67 ms | p=(  602.61  -110.96   5.69) v=8.32 m/s
[lio] t=1317401342.252 | feat 5642/68952 | map  33831 | icp ok  iter 10 corr  5637 rms 0.2791   64.55 ms | p=(  603.43  -110.75   5.63) v=8.30 m/s [KF]
[lio] t=1317401342.356 | feat 5665/69126 | map  33496 | icp ok  iter 13 corr  5664 rms 0.2582   83.25 ms | p=(  604.29  -110.53   5.60) v=8.55 m/s
[lio] t=1317401342.459 | feat 5733/69410 | map  33496 | icp ok  iter  8 corr  5726 rms 0.2802   59.38 ms | p=(  605.13  -110.31   5.58) v=8.53 m/s [KF]
[lio] t=1317401342.563 | feat 6074/71975 | map  33135 | icp ok  iter 11 corr  5866 rms 0.4423   68.40 ms | p=(  605.98  -110.11   5.55) v=8.55 m/s
[lio] t=1317401342.667 | feat 6294/75155 | map  33135 | icp ok  iter 13 corr  5757 rms 0.4555   83.79 ms | p=(  606.88  -109.89   5.50) v=8.89 m/s [KF]
[lio] t=1317401342.771 | feat 6165/78747 | map  33242 | icp ok  iter 10 corr  6163 rms 0.2996   65.59 ms | p=(  607.78  -109.69   5.47) v=9.01 m/s
[lio] t=1317401342.875 | feat 5991/79033 | map  33242 | icp ok  iter 28 corr  5983 rms 0.3629  154.32 ms | p=(  608.67  -109.50   5.42) v=8.92 m/s [KF]
[lio] t=1317401342.979 | feat 5922/79395 | map  32901 | icp ok  iter 16 corr  5921 rms 0.3170   98.16 ms | p=(  609.56  -109.31   5.40) v=8.91 m/s
[lio] t=1317401343.083 | feat 5890/80077 | map  32901 | icp ok  iter 20 corr  5885 rms 0.3966  114.20 ms | p=(  610.44  -109.12   5.34) v=8.86 m/s [KF]
[lio] t=1317401343.187 | feat 5862/80499 | map  32581 | icp ok  iter 11 corr  5851 rms 0.2601   69.83 ms | p=(  611.37  -108.92   5.32) v=9.15 m/s
[lio] t=1317401343.290 | feat 5707/81239 | map  32581 | icp ok  iter 16 corr  5707 rms 0.2901   95.61 ms | p=(  612.30  -108.72   5.28) v=9.22 m/s [KF]
[lio] t=1317401343.394 | feat 5484/81637 | map  31840 | icp ok  iter  5 corr  5482 rms 0.2205   28.27 ms | p=(  613.23  -108.50   5.24) v=9.30 m/s
[lio] t=1317401343.498 | feat 5367/82061 | map  31840 | icp ok  iter  7 corr  5366 rms 0.2383   39.92 ms | p=(  614.18  -108.29   5.19) v=9.40 m/s [KF]
[lio] t=1317401343.602 | feat 5256/82488 | map  30984 | icp ok  iter 10 corr  5254 rms 0.2204   52.75 ms | p=(  615.13  -108.07   5.14) v=9.46 m/s
[lio] t=1317401343.706 | feat 5225/82789 | map  30984 | icp ok  iter 11 corr  5224 rms 0.2452   57.22 ms | p=(  616.07  -107.86   5.11) v=9.44 m/s [KF]
[lio] t=1317401343.810 | feat 5219/82764 | map  30163 | icp ok  iter  6 corr  5219 rms 0.2266   32.44 ms | p=(  617.04  -107.65   5.07) v=9.56 m/s
[lio] t=1317401343.914 | feat 5200/82270 | map  30163 | icp ok  iter  7 corr  5200 rms 0.2412   40.89 ms | p=(  617.99  -107.43   5.02) v=9.53 m/s [KF]
[lio] t=1317401344.018 | feat 5181/82197 | map  29021 | icp ok  iter  7 corr  5181 rms 0.2248   43.75 ms | p=(  618.95  -107.21   4.98) v=9.52 m/s
[lio] t=1317401344.122 | feat 5148/81822 | map  29021 | icp ok  iter 11 corr  5147 rms 0.2466   53.89 ms | p=(  619.92  -107.00   4.93) v=9.53 m/s [KF]
[lio] t=1317401344.225 | feat 5185/81994 | map  27869 | icp ok  iter 11 corr  5185 rms 0.2193   58.96 ms | p=(  620.86  -106.79   4.91) v=9.42 m/s
[lio] t=1317401344.329 | feat 5268/82451 | map  27869 | icp ok  iter  9 corr  5268 rms 0.2381   51.85 ms | p=(  621.81  -106.57   4.87) v=9.42 m/s [KF]
[lio] t=1317401344.433 | feat 5273/82678 | map  26751 | icp ok  iter  4 corr  5273 rms 0.2218   25.07 ms | p=(  622.76  -106.35   4.84) v=9.43 m/s
[lio] t=1317401344.537 | feat 5235/83120 | map  26751 | icp ok  iter  6 corr  5235 rms 0.2491   39.26 ms | p=(  623.70  -106.13   4.79) v=9.39 m/s [KF]
[lio] t=1317401344.641 | feat 5265/83302 | map  25891 | icp ok  iter 10 corr  5265 rms 0.2232   53.70 ms | p=(  624.64  -105.90   4.75) v=9.35 m/s
[lio] t=1317401344.745 | feat 5312/83412 | map  25891 | icp ok  iter  9 corr  5303 rms 0.2728   47.63 ms | p=(  625.58  -105.67   4.70) v=9.37 m/s [KF]
[lio] t=1317401344.849 | feat 5332/83298 | map  25131 | icp ok  iter  3 corr  5332 rms 0.2408   20.99 ms | p=(  626.52  -105.45   4.67) v=9.32 m/s
[lio] t=1317401344.953 | feat 5356/83361 | map  25131 | icp ok  iter  5 corr  5355 rms 0.2996   30.28 ms | p=(  627.45  -105.22   4.63) v=9.28 m/s [KF]
[lio] t=1317401345.056 | feat 5444/83483 | map  24104 | icp ok  iter 12 corr  5419 rms 0.2915   63.45 ms | p=(  628.38  -105.01   4.61) v=9.20 m/s
[lio] t=1317401345.160 | feat 5578/83393 | map  24104 | icp ok  iter 10 corr  5379 rms 0.3134   53.49 ms | p=(  629.30  -104.78   4.56) v=9.17 m/s [KF]
[lio] t=1317401345.264 | feat 5899/83153 | map  23378 | icp ok  iter 16 corr  5693 rms 0.3561   85.08 ms | p=(  630.22  -104.55   4.54) v=9.18 m/s
[lio] t=1317401345.368 | feat 6040/83033 | map  23378 | icp ok  iter 10 corr  5808 rms 0.3929   60.47 ms | p=(  631.13  -104.32   4.49) v=9.09 m/s [KF]
[lio] t=1317401345.472 | feat 6446/82462 | map  22966 | icp ok  iter 10 corr  6339 rms 0.4052   62.70 ms | p=(  632.06  -104.11   4.47) v=9.13 m/s
[lio] t=1317401345.576 | feat 6538/82026 | map  22966 | icp ok  iter 11 corr  6360 rms 0.4379   68.51 ms | p=(  632.96  -103.88   4.43) v=9.06 m/s [KF]
[lio] t=1317401345.680 | feat 6532/81386 | map  22634 | icp ok  iter  9 corr  6530 rms 0.3073   57.38 ms | p=(  633.86  -103.65   4.40) v=8.93 m/s
[lio] t=1317401345.784 | feat 6503/81519 | map  22634 | icp ok  iter 11 corr  6488 rms 0.3677   69.64 ms | p=(  634.75  -103.43   4.37) v=8.81 m/s [KF]
[lio] t=1317401345.888 | feat 6506/81598 | map  22330 | icp ok  iter  9 corr  6493 rms 0.2693   57.59 ms | p=(  635.62  -103.20   4.34) v=8.66 m/s
[lio] t=1317401345.991 | feat 6463/81618 | map  22330 | icp ok  iter 15 corr  6417 rms 0.3362   96.83 ms | p=(  636.45  -102.97   4.30) v=8.34 m/s [KF]
[lio] t=1317401346.095 | feat 6175/81487 | map  22001 | icp ok  iter  7 corr  6160 rms 0.2959   41.87 ms | p=(  637.29  -102.76   4.27) v=8.20 m/s
[lio] t=1317401346.199 | feat 6107/81554 | map  22001 | icp ok  iter 10 corr  6070 rms 0.3281   59.97 ms | p=(  638.09  -102.55   4.24) v=7.95 m/s [KF]
[lio] t=1317401346.303 | feat 6029/81039 | map  21679 | icp ok  iter  9 corr  6009 rms 0.2780   54.39 ms | p=(  638.88  -102.35   4.20) v=7.78 m/s
[lio] t=1317401346.407 | feat 6040/80521 | map  21679 | icp ok  iter 15 corr  5967 rms 0.3401   81.72 ms | p=(  639.63  -102.15   4.16) v=7.51 m/s [KF]
[lio] t=1317401346.511 | feat 6069/79866 | map  21548 | icp ok  iter  8 corr  6049 rms 0.3075   45.59 ms | p=(  640.37  -101.96   4.15) v=7.27 m/s
[lio] t=1317401346.615 | feat 6040/79372 | map  21548 | icp ok  iter 10 corr  5961 rms 0.3454   57.66 ms | p=(  641.09  -101.77   4.13) v=7.03 m/s [KF]
[lio] t=1317401346.719 | feat 6043/79307 | map  21518 | icp ok  iter  6 corr  6031 rms 0.3428   38.39 ms | p=(  641.77  -101.59   4.11) v=6.76 m/s
[lio] t=1317401346.823 | feat 6101/79521 | map  21518 | icp ok  iter  9 corr  6083 rms 0.4390   52.58 ms | p=(  642.45  -101.41   4.08) v=6.60 m/s [KF]
[lio] t=1317401346.927 | feat 6233/79611 | map  21632 | icp ok  iter 10 corr  6230 rms 0.3396   65.21 ms | p=(  643.07  -101.24   4.05) v=6.21 m/s
[lio] t=1317401347.031 | feat 6300/80074 | map  21632 | icp ok  iter  7 corr  6270 rms 0.4045   41.58 ms | p=(  643.68  -101.07   4.04) v=6.01 m/s [KF]
[lio] t=1317401347.135 | feat 6515/80472 | map  21841 | icp ok  iter 13 corr  6515 rms 0.2806   82.12 ms | p=(  644.26  -100.93   4.01) v=5.71 m/s
[lio] t=1317401347.239 | feat 6514/80852 | map  21841 | icp ok  iter 11 corr  6509 rms 0.3612   71.89 ms | p=(  644.84  -100.81   4.00) v=5.56 m/s [KF]
[lio] t=1317401347.343 | feat 6672/81106 | map  21979 | icp ok  iter  7 corr  6652 rms 0.2721   50.36 ms | p=(  645.37  -100.69   3.99) v=5.19 m/s
[lio] t=1317401347.447 | feat 6789/81093 | map  21979 | icp ok  iter 12 corr  6738 rms 0.3463   79.96 ms | p=(  645.89  -100.55   3.98) v=5.01 m/s [KF]
[lio] t=1317401347.551 | feat 6809/80934 | map  22291 | icp ok  iter  5 corr  6802 rms 0.2823   45.91 ms | p=(  646.37  -100.46   3.97) v=4.68 m/s
[lio] t=1317401347.655 | feat 6906/80766 | map  22291 | icp ok  iter  8 corr  6898 rms 0.3216   63.45 ms | p=(  646.84  -100.35   3.96) v=4.54 m/s
[lio] t=1317401347.759 | feat 7017/80774 | map  22291 | icp ok  iter 13 corr  6987 rms 0.3751   89.76 ms | p=(  647.29  -100.27   3.95) v=4.30 m/s [KF]
[lio] t=1317401347.863 | feat 7202/81007 | map  22532 | icp ok  iter 15 corr  7199 rms 0.2845  110.09 ms | p=(  647.68  -100.20   3.94) v=3.91 m/s
[lio] t=1317401347.968 | feat 7298/81138 | map  22532 | icp ok  iter 11 corr  7276 rms 0.3525   81.70 ms | p=(  648.11  -100.14   3.93) v=3.96 m/s
[lio] t=1317401348.072 | feat 7459/81368 | map  22532 | icp ok  iter 12 corr  7415 rms 0.3806   91.44 ms | p=(  648.49  -100.09   3.92) v=3.73 m/s [KF]
[lio] t=1317401348.176 | feat 7510/81526 | map  22721 | icp ok  iter 10 corr  7501 rms 0.2931   81.17 ms | p=(  648.87  -100.03   3.92) v=3.67 m/s
[lio] t=1317401348.280 | feat 7360/81745 | map  22721 | icp ok  iter 12 corr  7344 rms 0.3085   91.73 ms | p=(  649.24  -100.01   3.91) v=3.56 m/s
[lio] t=1317401348.384 | feat 7385/81839 | map  22721 | icp ok  iter 11 corr  7370 rms 0.3371   83.63 ms | p=(  649.62   -99.98   3.91) v=3.59 m/s [KF]
[lio] t=1317401348.489 | feat 7429/82002 | map  22687 | icp ok  iter 14 corr  7425 rms 0.2543  108.23 ms | p=(  650.02  -100.01   3.89) v=3.74 m/s
[lio] t=1317401348.593 | feat 7462/82000 | map  22687 | icp ok  iter 13 corr  7441 rms 0.2856  105.98 ms | p=(  650.36   -99.97   3.90) v=3.47 m/s
[lio] t=1317401348.697 | feat 7607/81750 | map  22687 | icp ok  iter 10 corr  7585 rms 0.3276   81.64 ms | p=(  650.71   -99.99   3.89) v=3.37 m/s [KF]
[lio] t=1317401348.801 | feat 7528/80993 | map  22906 | icp ok  iter 11 corr  7513 rms 0.2540   83.79 ms | p=(  651.05  -100.00   3.88) v=3.29 m/s
[lio] t=1317401348.906 | feat 7569/80641 | map  22906 | icp ok  iter 11 corr  7540 rms 0.2676   87.14 ms | p=(  651.38  -100.04   3.88) v=3.21 m/s
[lio] t=1317401349.010 | feat 7545/79471 | map  22906 | icp ok  iter 10 corr  7502 rms 0.3160   77.89 ms | p=(  651.71  -100.10   3.87) v=3.23 m/s [KF]
[lio] t=1317401349.114 | feat 7558/78840 | map  23202 | icp ok  iter  9 corr  7551 rms 0.2652   76.35 ms | p=(  652.03  -100.16   3.87) v=3.21 m/s
[lio] t=1317401349.218 | feat 7565/77986 | map  23202 | icp ok  iter  8 corr  7552 rms 0.3218   64.78 ms | p=(  652.38  -100.23   3.84) v=3.32 m/s
[lio] t=1317401349.322 | feat 7394/77470 | map  23202 | icp ok  iter 15 corr  7387 rms 0.3679  117.37 ms | p=(  652.71  -100.32   3.82) v=3.32 m/s [KF]
[lio] t=1317401349.427 | feat 7373/77600 | map  23955 | icp ok  iter 11 corr  7367 rms 0.2907   89.39 ms | p=(  653.02  -100.41   3.81) v=3.22 m/s
[lio] t=1317401349.531 | feat 7483/78259 | map  23955 | icp ok  iter  6 corr  7468 rms 0.3174   54.29 ms | p=(  653.34  -100.53   3.82) v=3.25 m/s
[lio] t=1317401349.635 | feat 7628/78762 | map  23955 | icp ok  iter 12 corr  7599 rms 0.3582   93.52 ms | p=(  653.63  -100.66   3.80) v=3.15 m/s
[lio] t=1317401349.739 | feat 7743/79358 | map  23955 | icp ok  iter 15 corr  7714 rms 0.3784  117.31 ms | p=(  653.95  -100.81   3.83) v=3.38 m/s [KF]
[lio] t=1317401349.843 | feat 7759/79706 | map  24599 | icp ok  iter 13 corr  7748 rms 0.2863  106.93 ms | p=(  654.25  -100.97   3.85) v=3.39 m/s
[lio] t=1317401349.947 | feat 7863/80530 | map  24599 | icp ok  iter 13 corr  7810 rms 0.3207  105.19 ms | p=(  654.61  -101.13   3.83) v=3.72 m/s
[lio] t=1317401350.051 | feat 7823/80881 | map  24599 | icp ok  iter 11 corr  7757 rms 0.3558   89.14 ms | p=(  654.94  -101.33   3.80) v=3.80 m/s [KF]
[lio] t=1317401350.155 | feat 7819/81324 | map  25333 | icp ok  iter 10 corr  7816 rms 0.2767   86.02 ms | p=(  655.26  -101.55   3.76) v=3.92 m/s
[lio] t=1317401350.259 | feat 7831/81854 | map  25333 | icp ok  iter 11 corr  7825 rms 0.2973   94.02 ms | p=(  655.62  -101.80   3.73) v=4.18 m/s
[lio] t=1317401350.363 | feat 7804/82380 | map  25333 | icp ok  iter 10 corr  7792 rms 0.3288   82.99 ms | p=(  655.94  -102.06   3.72) v=4.20 m/s [KF]
[lio] t=1317401350.467 | feat 7761/82431 | map  25945 | icp ok  iter  5 corr  7759 rms 0.2608   45.22 ms | p=(  656.27  -102.36   3.73) v=4.38 m/s
[lio] t=1317401350.571 | feat 7615/82648 | map  25945 | icp ok  iter 12 corr  7607 rms 0.2742   95.02 ms | p=(  656.62  -102.68   3.72) v=4.63 m/s
[lio] t=1317401350.674 | feat 7897/82660 | map  25945 | icp ok  iter 12 corr  7883 rms 0.3195  103.57 ms | p=(  656.98  -103.01   3.75) v=4.80 m/s [KF]
[lio] t=1317401350.778 | feat 8032/82472 | map  26483 | icp ok  iter 11 corr  8025 rms 0.2592   96.29 ms | p=(  657.33  -103.36   3.74) v=4.93 m/s
[lio] t=1317401350.882 | feat 8123/82362 | map  26483 | icp ok  iter 11 corr  8111 rms 0.2778   96.27 ms | p=(  657.72  -103.75   3.71) v=5.28 m/s [KF]
[lio] t=1317401350.986 | feat 7992/82385 | map  26995 | icp ok  iter  8 corr  7988 rms 0.2434   73.16 ms | p=(  658.07  -104.16   3.69) v=5.39 m/s
[lio] t=1317401351.090 | feat 7933/82508 | map  26995 | icp ok  iter 11 corr  7930 rms 0.2865   89.36 ms | p=(  658.42  -104.60   3.70) v=5.50 m/s [KF]
[lio] t=1317401351.194 | feat 7994/82535 | map  27513 | icp ok  iter  8 corr  7990 rms 0.2503   68.98 ms | p=(  658.77  -105.07   3.71) v=5.69 m/s
[lio] t=1317401351.298 | feat 8009/82608 | map  27513 | icp ok  iter 11 corr  8001 rms 0.2834   83.79 ms | p=(  659.14  -105.56   3.71) v=5.92 m/s [KF]
[lio] t=1317401351.402 | feat 8175/82614 | map  28159 | icp ok  iter 10 corr  8168 rms 0.2586   82.97 ms | p=(  659.49  -106.07   3.69) v=6.12 m/s
[lio] t=1317401351.505 | feat 8084/82770 | map  28159 | icp ok  iter 12 corr  8069 rms 0.2796  100.26 ms | p=(  659.84  -106.62   3.69) v=6.31 m/s [KF]
[lio] t=1317401351.609 | feat 7988/83078 | map  28743 | icp ok  iter  7 corr  7985 rms 0.2383   61.11 ms | p=(  660.17  -107.19   3.70) v=6.43 m/s
[lio] t=1317401351.713 | feat 8021/83186 | map  28743 | icp ok  iter  9 corr  8012 rms 0.2824   70.54 ms | p=(  660.49  -107.78   3.70) v=6.56 m/s [KF]
[lio] t=1317401351.817 | feat 7947/83306 | map  29079 | icp ok  iter 10 corr  7946 rms 0.2447   78.06 ms | p=(  660.81  -108.41   3.70) v=6.80 m/s
[lio] t=1317401351.921 | feat 7920/83349 | map  29079 | icp ok  iter  6 corr  7911 rms 0.2899   56.34 ms | p=(  661.12  -109.06   3.71) v=7.02 m/s [KF]
[lio] t=1317401352.025 | feat 7965/83373 | map  29177 | icp ok  iter  9 corr  7947 rms 0.2682   75.86 ms | p=(  661.40  -109.74   3.72) v=7.17 m/s
[lio] t=1317401352.129 | feat 7966/83168 | map  29177 | icp ok  iter 10 corr  7938 rms 0.3290   79.49 ms | p=(  661.69  -110.43   3.75) v=7.30 m/s [KF]
[lio] t=1317401352.233 | feat 8063/82992 | map  29240 | icp ok  iter 16 corr  8030 rms 0.3225  126.09 ms | p=(  661.95  -111.16   3.75) v=7.50 m/s
[lio] t=1317401352.336 | feat 8111/82914 | map  29240 | icp ok  iter 12 corr  8014 rms 0.4105  103.13 ms | p=(  662.20  -111.89   3.76) v=7.56 m/s [KF]
[lio] t=1317401352.440 | feat 8250/82914 | map  29568 | icp ok  iter 13 corr  8227 rms 0.3239  111.52 ms | p=(  662.44  -112.65   3.79) v=7.70 m/s
[lio] t=1317401352.544 | feat 8210/82656 | map  29568 | icp ok  iter 24 corr  8143 rms 0.3675  187.57 ms | p=(  662.68  -113.45   3.82) v=8.03 m/s [KF]
[lio] t=1317401352.647 | feat 8108/82250 | map  30008 | icp ok  iter 13 corr  8094 rms 0.2846  110.83 ms | p=(  662.89  -114.25   3.84) v=8.09 m/s
[lio] t=1317401352.751 | feat 8120/82104 | map  30008 | icp ok  iter 15 corr  8101 rms 0.3065  132.50 ms | p=(  663.10  -115.06   3.85) v=8.18 m/s [KF]
[lio] t=1317401352.855 | feat 8216/81824 | map  30349 | icp ok  iter 14 corr  8199 rms 0.2553  123.04 ms | p=(  663.31  -115.91   3.88) v=8.43 m/s
[lio] t=1317401352.958 | feat 8236/81752 | map  30349 | icp ok  iter 12 corr  8164 rms 0.3280  100.52 ms | p=(  663.51  -116.76   3.91) v=8.50 m/s [KF]
[lio] t=1317401353.062 | feat 8280/81909 | map  30816 | icp ok  iter 10 corr  8260 rms 0.2660   87.72 ms | p=(  663.73  -117.64   3.93) v=8.70 m/s
[lio] t=1317401353.166 | feat 8321/82107 | map  30816 | icp ok  iter 11 corr  8264 rms 0.2935   93.54 ms | p=(  663.93  -118.51   3.95) v=8.72 m/s [KF]
[lio] t=1317401353.270 | feat 8311/81855 | map  31325 | icp ok  iter  8 corr  8297 rms 0.2926   68.78 ms | p=(  664.13  -119.41   3.99) v=8.88 m/s
[lio] t=1317401353.373 | feat 8236/81540 | map  31325 | icp ok  iter  8 corr  8222 rms 0.3095   69.59 ms | p=(  664.34  -120.30   4.01) v=8.95 m/s [KF]
[lio] t=1317401353.477 | feat 8087/81649 | map  31622 | icp ok  iter  6 corr  8076 rms 0.2709   55.46 ms | p=(  664.54  -121.23   4.04) v=9.16 m/s
[lio] t=1317401353.581 | feat 7998/80594 | map  31622 | icp ok  iter  7 corr  7966 rms 0.3607   53.98 ms | p=(  664.76  -122.16   4.07) v=9.28 m/s [KF]
[lio] t=1317401353.685 | feat 7949/77783 | map  31942 | icp ok  iter  6 corr  7930 rms 0.3164   51.14 ms | p=(  664.97  -123.11   4.10) v=9.39 m/s
[lio] t=1317401353.788 | feat 7928/76188 | map  31942 | icp ok  iter 10 corr  7879 rms 0.3229   78.67 ms | p=(  665.19  -124.06   4.13) v=9.52 m/s [KF]
[lio] t=1317401353.892 | feat 8061/77453 | map  32246 | icp ok  iter  3 corr  8044 rms 0.2869   33.76 ms | p=(  665.41  -125.03   4.15) v=9.65 m/s
[lio] t=1317401353.996 | feat 7803/79684 | map  32246 | icp ok  iter 10 corr  7790 rms 0.3411   75.34 ms | p=(  665.63  -126.01   4.17) v=9.74 m/s [KF]
[lio] t=1317401354.100 | feat 7775/81436 | map  32528 | icp ok  iter 11 corr  7774 rms 0.2603   85.94 ms | p=(  665.86  -127.01   4.20) v=9.87 m/s [KF]
[lio] t=1317401354.204 | feat 7639/80488 | map  32457 | icp ok  iter  7 corr  7633 rms 0.2542   51.06 ms | p=(  666.09  -128.01   4.22) v=9.96 m/s [KF]
[lio] t=1317401354.307 | feat 7716/79847 | map  32277 | icp ok  iter  6 corr  7703 rms 0.2714   46.90 ms | p=(  666.33  -129.02   4.24) v=10.01 m/s [KF]
[lio] t=1317401354.411 | feat 7722/79654 | map  32026 | icp ok  iter  7 corr  7705 rms 0.2711   51.78 ms | p=(  666.57  -130.04   4.26) v=10.09 m/s [KF]
[lio] t=1317401354.515 | feat 7599/79455 | map  31832 | icp ok  iter  8 corr  7587 rms 0.2770   67.11 ms | p=(  666.81  -131.08   4.28) v=10.29 m/s [KF]
[lio] t=1317401354.619 | feat 7649/78910 | map  31632 | icp ok  iter  7 corr  7627 rms 0.2869   57.11 ms | p=(  667.06  -132.12   4.30) v=10.36 m/s [KF]
[lio] t=1317401354.723 | feat 7610/78582 | map  31623 | icp ok  iter  8 corr  7605 rms 0.2793   58.95 ms | p=(  667.32  -133.17   4.33) v=10.41 m/s [KF]
[lio] t=1317401354.827 | feat 7521/77745 | map  31671 | icp ok  iter 10 corr  7512 rms 0.2664   76.80 ms | p=(  667.58  -134.24   4.35) v=10.54 m/s [KF]
[lio] t=1317401354.930 | feat 7433/76186 | map  31539 | icp ok  iter 12 corr  7430 rms 0.2818   86.12 ms | p=(  667.85  -135.31   4.38) v=10.65 m/s [KF]
[lio] t=1317401355.034 | feat 7458/75227 | map  31273 | icp ok  iter  9 corr  7442 rms 0.3194   60.82 ms | p=(  668.12  -136.39   4.40) v=10.72 m/s [KF]
[lio] t=1317401355.138 | feat 7552/74936 | map  31141 | icp ok  iter  8 corr  7520 rms 0.3373   61.18 ms | p=(  668.38  -137.46   4.42) v=10.67 m/s [KF]
[lio] t=1317401355.242 | feat 7454/74801 | map  31163 | icp ok  iter  7 corr  7444 rms 0.3539   53.00 ms | p=(  668.66  -138.54   4.45) v=10.73 m/s [KF]
[lio] t=1317401355.346 | feat 7447/76270 | map  31052 | icp ok  iter  7 corr  7387 rms 0.4432   51.44 ms | p=(  668.93  -139.63   4.47) v=10.81 m/s [KF]
[lio] t=1317401355.450 | feat 7681/74231 | map  31115 | icp ok  iter  5 corr  7655 rms 0.4287   43.76 ms | p=(  669.20  -140.73   4.50) v=10.88 m/s [KF]
[lio] t=1317401355.554 | feat 7777/72416 | map  31329 | icp ok  iter  6 corr  7751 rms 0.3735   50.41 ms | p=(  669.47  -141.82   4.52) v=10.87 m/s [KF]
[lio] t=1317401355.658 | feat 7917/72225 | map  31423 | icp ok  iter  9 corr  7899 rms 0.3241   70.27 ms | p=(  669.75  -142.93   4.54) v=10.95 m/s [KF]
[lio] t=1317401355.762 | feat 8351/72979 | map  31610 | icp ok  iter  7 corr  8320 rms 0.3300   58.81 ms | p=(  670.03  -144.04   4.56) v=10.98 m/s [KF]
[lio] t=1317401355.865 | feat 8662/74394 | map  31963 | icp ok  iter 10 corr  8625 rms 0.3177   84.65 ms | p=(  670.31  -145.13   4.60) v=10.91 m/s [KF]
[lio] t=1317401355.969 | feat 8875/75582 | map  32253 | icp ok  iter 13 corr  8863 rms 0.3058  114.13 ms | p=(  670.59  -146.25   4.63) v=11.05 m/s [KF]
[lio] t=1317401356.073 | feat 8948/75914 | map  32548 | icp ok  iter  8 corr  8895 rms 0.3017   66.86 ms | p=(  670.88  -147.36   4.65) v=11.02 m/s [KF]
[lio] t=1317401356.177 | feat 9091/75353 | map  32819 | icp ok  iter 15 corr  9084 rms 0.2868  125.12 ms | p=(  671.15  -148.46   4.67) v=10.98 m/s [KF]
[lio] t=1317401356.281 | feat 9211/75567 | map  32929 | icp ok  iter 11 corr  9195 rms 0.2741  105.91 ms | p=(  671.42  -149.60   4.70) v=11.12 m/s [KF]
[lio] t=1317401356.385 | feat 9288/75312 | map  32920 | icp ok  iter  6 corr  9272 rms 0.2771   63.97 ms | p=(  671.69  -150.71   4.72) v=11.06 m/s [KF]
[lio] t=1317401356.489 | feat 9363/75940 | map  33011 | icp ok  iter  6 corr  9337 rms 0.2623   61.25 ms | p=(  671.97  -151.83   4.74) v=11.06 m/s [KF]
[lio] t=1317401356.593 | feat 9649/77089 | map  33011 | icp ok  iter 15 corr  9646 rms 0.2764  141.56 ms | p=(  672.24  -152.96   4.77) v=11.14 m/s [KF]
[lio] t=1317401356.697 | feat 9670/77556 | map  33231 | icp ok  iter  7 corr  9661 rms 0.2910   71.41 ms | p=(  672.52  -154.08   4.80) v=11.16 m/s [KF]
[lio] t=1317401356.801 | feat 9813/78518 | map  33513 | icp ok  iter  8 corr  9808 rms 0.2625   83.01 ms | p=(  672.78  -155.21   4.82) v=11.19 m/s [KF]
[lio] t=1317401356.905 | feat 9897/78953 | map  33727 | icp ok  iter  9 corr  9894 rms 0.2637   89.99 ms | p=(  673.06  -156.35   4.85) v=11.23 m/s [KF]
[lio] t=1317401357.009 | feat 9887/79057 | map  33959 | icp ok  iter 12 corr  9883 rms 0.2446  114.93 ms | p=(  673.33  -157.49   4.88) v=11.28 m/s [KF]
[lio] t=1317401357.112 | feat 9951/79527 | map  34054 | icp ok  iter  5 corr  9941 rms 0.2448   49.98 ms | p=(  673.62  -158.62   4.90) v=11.27 m/s [KF]
[lio] t=1317401357.216 | feat 10000/79938 | map  34013 | icp ok  iter  7 corr  9987 rms 0.2450   75.36 ms | p=(  673.89  -159.77   4.92) v=11.30 m/s [KF]
[lio] t=1317401357.320 | feat 10082/80354 | map  33873 | icp ok  iter  5 corr 10073 rms 0.2604   57.36 ms | p=(  674.16  -160.91   4.94) v=11.34 m/s [KF]
[lio] t=1317401357.424 | feat 9992/80149 | map  33884 | icp ok  iter  6 corr  9978 rms 0.2509   63.29 ms | p=(  674.44  -162.05   4.96) v=11.35 m/s [KF]
[lio] t=1317401357.528 | feat 9915/80368 | map  33814 | icp ok  iter 11 corr  9903 rms 0.2630  111.54 ms | p=(  674.73  -163.21   4.98) v=11.44 m/s [KF]
[lio] t=1317401357.632 | feat 9884/80236 | map  33808 | icp ok  iter  8 corr  9870 rms 0.2647   79.27 ms | p=(  675.01  -164.37   5.00) v=11.47 m/s [KF]
[lio] t=1317401357.736 | feat 9686/80280 | map  33828 | icp ok  iter  9 corr  9671 rms 0.2778   88.68 ms | p=(  675.29  -165.51   5.03) v=11.40 m/s [KF]
[lio] t=1317401357.839 | feat 9739/80556 | map  33815 | icp ok  iter  9 corr  9736 rms 0.2681   94.01 ms | p=(  675.58  -166.68   5.06) v=11.54 m/s [KF]
[lio] t=1317401357.943 | feat 9712/81003 | map  33767 | icp ok  iter  4 corr  9689 rms 0.2638   43.44 ms | p=(  675.87  -167.85   5.08) v=11.57 m/s [KF]
[lio] t=1317401358.047 | feat 9645/80589 | map  33850 | icp ok  iter  5 corr  9623 rms 0.2625   53.22 ms | p=(  676.16  -169.01   5.11) v=11.52 m/s [KF]
[lio] t=1317401358.151 | feat 9503/80446 | map  33911 | icp ok  iter 10 corr  9489 rms 0.2527   95.50 ms | p=(  676.45  -170.18   5.14) v=11.59 m/s [KF]
[lio] t=1317401358.254 | feat 9433/80665 | map  33861 | icp ok  iter  9 corr  9429 rms 0.2617   84.79 ms | p=(  676.73  -171.34   5.17) v=11.51 m/s [KF]
[lio] t=1317401358.358 | feat 9432/80728 | map  33921 | icp ok  iter  5 corr  9408 rms 0.2878   55.84 ms | p=(  677.02  -172.51   5.19) v=11.55 m/s [KF]
[lio] t=1317401358.462 | feat 9275/81116 | map  34064 | icp ok  iter  6 corr  9269 rms 0.2733   56.64 ms | p=(  677.31  -173.67   5.23) v=11.54 m/s [KF]
[lio] t=1317401358.566 | feat 9185/80742 | map  34256 | icp ok  iter 14 corr  9172 rms 0.2674  126.61 ms | p=(  677.60  -174.85   5.26) v=11.61 m/s [KF]
[lio] t=1317401358.669 | feat 9190/80408 | map  34424 | icp ok  iter  7 corr  9184 rms 0.2610   64.24 ms | p=(  677.89  -176.01   5.28) v=11.55 m/s [KF]
[lio] t=1317401358.773 | feat 9197/80114 | map  34614 | icp ok  iter 11 corr  9191 rms 0.2555   96.65 ms | p=(  678.18  -177.16   5.30) v=11.46 m/s [KF]
[lio] t=1317401358.877 | feat 9283/79772 | map  34785 | icp ok  iter 10 corr  9283 rms 0.2830   94.36 ms | p=(  678.47  -178.33   5.32) v=11.55 m/s [KF]
[lio] t=1317401358.981 | feat 9134/79714 | map  34881 | icp ok  iter  8 corr  9111 rms 0.2757   73.15 ms | p=(  678.75  -179.49   5.34) v=11.46 m/s [KF]
[lio] t=1317401359.084 | feat 9309/80312 | map  34946 | icp ok  iter  9 corr  9300 rms 0.2822   80.67 ms | p=(  679.04  -180.65   5.36) v=11.48 m/s [KF]
[lio] t=1317401359.188 | feat 9215/80092 | map  35207 | icp ok  iter  4 corr  9202 rms 0.2830   40.91 ms | p=(  679.33  -181.81   5.39) v=11.49 m/s [KF]
[lio] t=1317401359.292 | feat 9241/79693 | map  35454 | icp ok  iter  5 corr  9236 rms 0.2619   48.17 ms | p=(  679.61  -182.96   5.41) v=11.41 m/s [KF]
[lio] t=1317401359.396 | feat 9414/78269 | map  35707 | icp ok  iter  7 corr  9394 rms 0.2520   70.29 ms | p=(  679.90  -184.12   5.43) v=11.47 m/s [KF]
[lio] t=1317401359.500 | feat 9448/77917 | map  35954 | icp ok  iter  8 corr  9443 rms 0.2466   73.08 ms | p=(  680.18  -185.27   5.44) v=11.37 m/s [KF]
[lio] t=1317401359.603 | feat 9396/77599 | map  36088 | icp ok  iter  6 corr  9383 rms 0.2502   56.53 ms | p=(  680.47  -186.40   5.46) v=11.30 m/s [KF]
[lio] t=1317401359.707 | feat 9390/76243 | map  36126 | icp ok  iter 11 corr  9384 rms 0.2467  111.41 ms | p=(  680.76  -187.57   5.48) v=11.41 m/s [KF]
[lio] t=1317401359.811 | feat 9465/75068 | map  36130 | icp ok  iter  9 corr  9455 rms 0.2594   82.92 ms | p=(  681.04  -188.71   5.49) v=11.32 m/s [KF]
[lio] t=1317401359.915 | feat 9548/75256 | map  36081 | icp ok  iter  5 corr  9538 rms 0.2710   53.90 ms | p=(  681.32  -189.84   5.52) v=11.25 m/s [KF]
[lio] t=1317401360.019 | feat 9767/76236 | map  35940 | icp ok  iter  8 corr  9750 rms 0.2431   87.58 ms | p=(  681.60  -190.99   5.53) v=11.29 m/s [KF]
[lio] t=1317401360.123 | feat 9814/77386 | map  35776 | icp ok  iter  7 corr  9798 rms 0.2605   67.00 ms | p=(  681.88  -192.12   5.56) v=11.22 m/s [KF]
[lio] t=1317401360.227 | feat 10003/78174 | map  35762 | icp ok  iter  7 corr  9989 rms 0.2407   71.41 ms | p=(  682.16  -193.26   5.57) v=11.18 m/s [KF]
[lio] t=1317401360.330 | feat 10135/79173 | map  35559 | icp ok  iter  8 corr 10131 rms 0.2494   84.18 ms | p=(  682.43  -194.38   5.60) v=11.08 m/s [KF]
[lio] t=1317401360.434 | feat 10204/79693 | map  35443 | icp ok  iter 16 corr 10192 rms 0.2594  148.84 ms | p=(  682.71  -195.51   5.63) v=11.11 m/s [KF]
[lio] t=1317401360.538 | feat 10302/80067 | map  35277 | icp ok  iter  6 corr 10292 rms 0.2553   64.70 ms | p=(  682.98  -196.62   5.65) v=11.03 m/s [KF]
[lio] t=1317401360.642 | feat 10513/79611 | map  35261 | icp ok  iter  5 corr 10509 rms 0.2478   61.67 ms | p=(  683.24  -197.73   5.67) v=10.98 m/s [KF]
[lio] t=1317401360.746 | feat 10547/79262 | map  35382 | icp ok  iter 12 corr 10524 rms 0.2627  123.85 ms | p=(  683.51  -198.86   5.70) v=11.02 m/s [KF]
[lio] t=1317401360.850 | feat 10477/79153 | map  35618 | icp ok  iter  7 corr 10475 rms 0.2684   81.06 ms | p=(  683.77  -199.94   5.74) v=10.81 m/s [KF]
[lio] t=1317401360.954 | feat 10452/80264 | map  35720 | icp ok  iter  8 corr 10443 rms 0.2503   83.10 ms | p=(  684.04  -201.03   5.76) v=10.78 m/s [KF]
[lio] t=1317401361.057 | feat 10454/80958 | map  35556 | icp ok  iter 11 corr 10445 rms 0.2528  123.03 ms | p=(  684.32  -202.14   5.78) v=10.90 m/s [KF]
[lio] t=1317401361.161 | feat 10433/81219 | map  35590 | icp ok  iter  6 corr 10416 rms 0.2650   65.70 ms | p=(  684.58  -203.24   5.80) v=10.84 m/s [KF]
[lio] t=1317401361.265 | feat 10430/81216 | map  35576 | icp ok  iter  7 corr 10425 rms 0.2682   69.67 ms | p=(  684.85  -204.32   5.82) v=10.79 m/s [KF]
[lio] t=1317401361.369 | feat 10645/81393 | map  35649 | icp ok  iter 11 corr 10635 rms 0.2633  108.68 ms | p=(  685.12  -205.42   5.84) v=10.83 m/s [KF]
[lio] t=1317401361.473 | feat 10690/81356 | map  35786 | icp ok  iter 10 corr 10610 rms 0.2812  109.23 ms | p=(  685.39  -206.53   5.86) v=10.92 m/s [KF]
[lio] t=1317401361.577 | feat 11109/80786 | map  35846 | icp ok  iter  5 corr 10942 rms 0.3400   55.59 ms | p=(  685.67  -207.63   5.88) v=10.91 m/s [KF]
[lio] t=1317401361.680 | feat 11374/80864 | map  36336 | icp ok  iter 11 corr 11253 rms 0.3456  124.91 ms | p=(  685.94  -208.71   5.90) v=10.76 m/s [KF]
[lio] t=1317401361.784 | feat 11437/80623 | map  36876 | icp ok  iter  7 corr 11384 rms 0.3415   81.46 ms | p=(  686.22  -209.79   5.92) v=10.79 m/s [KF]
[lio] t=1317401361.888 | feat 11136/80534 | map  37427 | icp ok  iter 10 corr 11126 rms 0.2682  115.90 ms | p=(  686.48  -210.91   5.94) v=10.91 m/s [KF]
[lio] t=1317401361.992 | feat 11157/80259 | map  37627 | icp ok  iter  7 corr 11111 rms 0.2741   76.91 ms | p=(  686.75  -212.00   5.95) v=10.86 m/s [KF]
[lio] t=1317401362.096 | feat 11223/80294 | map  37967 | icp ok  iter  4 corr 11217 rms 0.2601   56.20 ms | p=(  687.02  -213.08   5.96) v=10.80 m/s [KF]
[lio] t=1317401362.199 | feat 11064/79858 | map  38239 | icp ok  iter  9 corr 11060 rms 0.2542   98.08 ms | p=(  687.30  -214.17   5.97) v=10.79 m/s [KF]
[lio] t=1317401362.303 | feat 10898/79098 | map  38530 | icp ok  iter  9 corr 10893 rms 0.2414  103.17 ms | p=(  687.57  -215.27   5.99) v=10.88 m/s [KF]
[lio] t=1317401362.407 | feat 10669/79169 | map  38720 | icp ok  iter  8 corr 10653 rms 0.2524   82.37 ms | p=(  687.85  -216.37   6.01) v=10.88 m/s [KF]
[lio] t=1317401362.511 | feat 10536/78692 | map  38750 | icp ok  iter  7 corr 10514 rms 0.2616   77.33 ms | p=(  688.12  -217.45   6.03) v=10.80 m/s [KF]
[lio] t=1317401362.615 | feat 10004/78581 | map  38940 | icp ok  iter  8 corr  9988 rms 0.2619   84.14 ms | p=(  688.40  -218.55   6.03) v=10.89 m/s [KF]
[lio] t=1317401362.718 | feat 9764/79147 | map  39020 | icp ok  iter  7 corr  9763 rms 0.2673   71.73 ms | p=(  688.68  -219.66   6.04) v=11.00 m/s [KF]
[lio] t=1317401362.822 | feat 9484/79505 | map  39085 | icp ok  iter  7 corr  9478 rms 0.2615   71.16 ms | p=(  688.95  -220.77   6.05) v=11.00 m/s [KF]
[lio] t=1317401362.926 | feat 9289/78927 | map  39120 | icp ok  iter  8 corr  9286 rms 0.2445   71.53 ms | p=(  689.23  -221.87   6.07) v=10.94 m/s [KF]
[lio] t=1317401363.030 | feat 8917/77675 | map  38969 | icp ok  iter 10 corr  8893 rms 0.2464   87.96 ms | p=(  689.51  -222.98   6.09) v=11.00 m/s [KF]
[lio] t=1317401363.134 | feat 8767/77494 | map  38748 | icp ok  iter  5 corr  8753 rms 0.2591   44.33 ms | p=(  689.79  -224.09   6.11) v=11.01 m/s [KF]
[lio] t=1317401363.238 | feat 8623/78092 | map  38366 | icp ok  iter  3 corr  8614 rms 0.2404   30.79 ms | p=(  690.06  -225.20   6.13) v=10.98 m/s [KF]
[lio] t=1317401363.341 | feat 8628/78597 | map  37989 | icp ok  iter  5 corr  8623 rms 0.2469   46.67 ms | p=(  690.33  -226.30   6.14) v=10.92 m/s [KF]
[lio] t=1317401363.445 | feat 8660/77962 | map  37629 | icp ok  iter  6 corr  8655 rms 0.2440   59.93 ms | p=(  690.60  -227.41   6.16) v=11.00 m/s [KF]
[lio] t=1317401363.549 | feat 8548/77134 | map  37448 | icp ok  iter 11 corr  8536 rms 0.2524   93.06 ms | p=(  690.87  -228.54   6.19) v=11.06 m/s [KF]
[lio] t=1317401363.653 | feat 8342/76812 | map  37214 | icp ok  iter  6 corr  8337 rms 0.2548   54.29 ms | p=(  691.13  -229.64   6.21) v=10.98 m/s [KF]
[lio] t=1317401363.757 | feat 8326/77250 | map  37012 | icp ok  iter  8 corr  8319 rms 0.2677   62.68 ms | p=(  691.39  -230.75   6.24) v=10.93 m/s [KF]
[lio] t=1317401363.861 | feat 8199/77091 | map  36836 | icp ok  iter  5 corr  8190 rms 0.2545   49.64 ms | p=(  691.65  -231.87   6.27) v=11.02 m/s [KF]
[lio] t=1317401363.964 | feat 8244/77410 | map  36632 | icp ok  iter  6 corr  8229 rms 0.2479   53.18 ms | p=(  691.92  -232.99   6.29) v=11.05 m/s [KF]
[lio] t=1317401364.068 | feat 8238/77369 | map  36550 | icp ok  iter  7 corr  8225 rms 0.2839   62.23 ms | p=(  692.18  -234.09   6.31) v=10.98 m/s [KF]
[lio] t=1317401364.172 | feat 8070/76206 | map  36486 | icp ok  iter  4 corr  8053 rms 0.2718   37.33 ms | p=(  692.44  -235.21   6.32) v=11.01 m/s [KF]
[lio] t=1317401364.276 | feat 8062/76210 | map  36228 | icp ok  iter  9 corr  8025 rms 0.2888   73.78 ms | p=(  692.70  -236.33   6.34) v=11.06 m/s [KF]
[lio] t=1317401364.380 | feat 7987/77010 | map  36136 | icp ok  iter  8 corr  7983 rms 0.2939   60.43 ms | p=(  692.97  -237.44   6.36) v=11.00 m/s [KF]
[lio] t=1317401364.483 | feat 7771/76959 | map  35780 | icp ok  iter  7 corr  7763 rms 0.2703   53.78 ms | p=(  693.24  -238.54   6.37) v=10.95 m/s [KF]
[lio] t=1317401364.587 | feat 7547/76556 | map  35346 | icp ok  iter 10 corr  7539 rms 0.2591   73.76 ms | p=(  693.49  -239.65   6.38) v=10.92 m/s [KF]
[lio] t=1317401364.691 | feat 7673/77120 | map  34903 | icp ok  iter  9 corr  7659 rms 0.2697   71.60 ms | p=(  693.76  -240.77   6.39) v=11.03 m/s [KF]
[lio] t=1317401364.795 | feat 7719/77736 | map  34476 | icp ok  iter  9 corr  7711 rms 0.2882   65.91 ms | p=(  694.02  -241.88   6.40) v=10.96 m/s [KF]
[lio] t=1317401364.899 | feat 7719/78620 | map  34062 | icp ok  iter  4 corr  7692 rms 0.2892   33.80 ms | p=(  694.29  -242.98   6.42) v=10.92 m/s [KF]
[lio] t=1317401365.002 | feat 7786/78757 | map  33509 | icp ok  iter  7 corr  7760 rms 0.3320   57.82 ms | p=(  694.55  -244.08   6.43) v=10.82 m/s [KF]
[lio] t=1317401365.106 | feat 8002/79318 | map  32964 | icp ok  iter  6 corr  7981 rms 0.2878   53.10 ms | p=(  694.81  -245.18   6.44) v=10.85 m/s [KF]
[lio] t=1317401365.210 | feat 8201/79951 | map  32505 | icp ok  iter  6 corr  8164 rms 0.2748   49.10 ms | p=(  695.08  -246.27   6.45) v=10.84 m/s [KF]
[lio] t=1317401365.314 | feat 8016/79603 | map  32147 | icp ok  iter  5 corr  8003 rms 0.2882   41.96 ms | p=(  695.34  -247.37   6.46) v=10.85 m/s [KF]
[lio] t=1317401365.417 | feat 8075/79008 | map  31756 | icp ok  iter 10 corr  8048 rms 0.2574   75.00 ms | p=(  695.61  -248.46   6.47) v=10.77 m/s [KF]
[lio] t=1317401365.521 | feat 8245/79741 | map  31331 | icp ok  iter  4 corr  8241 rms 0.2745   36.21 ms | p=(  695.87  -249.54   6.49) v=10.74 m/s [KF]
[lio] t=1317401365.625 | feat 8418/79719 | map  30954 | icp ok  iter  6 corr  8407 rms 0.2941   50.72 ms | p=(  696.14  -250.63   6.50) v=10.74 m/s [KF]
[lio] t=1317401365.729 | feat 8549/79629 | map  30750 | icp ok  iter  7 corr  8535 rms 0.2602   60.76 ms | p=(  696.40  -251.71   6.52) v=10.76 m/s [KF]
[lio] t=1317401365.833 | feat 8571/79499 | map  30671 | icp ok  iter  8 corr  8559 rms 0.2776   64.76 ms | p=(  696.67  -252.79   6.53) v=10.72 m/s [KF]
[lio] t=1317401365.936 | feat 8648/79629 | map  30621 | icp ok  iter  8 corr  8636 rms 0.2897   71.91 ms | p=(  696.94  -253.89   6.55) v=10.77 m/s [KF]
[lio] t=1317401366.040 | feat 8899/80795 | map  30661 | icp ok  iter  3 corr  8879 rms 0.3079   31.90 ms | p=(  697.21  -254.96   6.56) v=10.71 m/s [KF]
[lio] t=1317401366.144 | feat 8787/81158 | map  30702 | icp ok  iter  6 corr  8773 rms 0.2615   54.90 ms | p=(  697.47  -256.05   6.57) v=10.71 m/s [KF]
[lio] t=1317401366.248 | feat 8816/81464 | map  30597 | icp ok  iter 11 corr  8792 rms 0.2704   93.10 ms | p=(  697.75  -257.13   6.58) v=10.76 m/s [KF]
[lio] t=1317401366.351 | feat 8902/81370 | map  30534 | icp ok  iter  6 corr  8886 rms 0.2549   56.28 ms | p=(  698.02  -258.22   6.60) v=10.75 m/s [KF]
[lio] t=1317401366.455 | feat 8951/81808 | map  30465 | icp ok  iter 10 corr  8926 rms 0.2417   84.72 ms | p=(  698.29  -259.30   6.61) v=10.70 m/s [KF]
[lio] t=1317401366.559 | feat 9003/81566 | map  30341 | icp ok  iter  8 corr  8995 rms 0.2474   71.71 ms | p=(  698.56  -260.37   6.62) v=10.67 m/s [KF]
[lio] t=1317401366.663 | feat 9093/81085 | map  30259 | icp ok  iter  9 corr  9085 rms 0.2533   79.93 ms | p=(  698.83  -261.45   6.64) v=10.70 m/s [KF]
[lio] t=1317401366.767 | feat 9019/81308 | map  30192 | icp ok  iter  5 corr  9004 rms 0.2667   45.57 ms | p=(  699.10  -262.52   6.65) v=10.66 m/s [KF]
[lio] t=1317401366.870 | feat 8798/81616 | map  30053 | icp ok  iter  4 corr  8763 rms 0.2694   40.43 ms | p=(  699.38  -263.60   6.66) v=10.66 m/s [KF]
[lio] t=1317401366.974 | feat 8808/81348 | map  29952 | icp ok  iter  9 corr  8786 rms 0.2918   78.15 ms | p=(  699.65  -264.68   6.67) v=10.68 m/s [KF]
[lio] t=1317401367.078 | feat 8812/80535 | map  29997 | icp ok  iter  5 corr  8806 rms 0.2671   52.30 ms | p=(  699.93  -265.75   6.67) v=10.65 m/s [KF]
[lio] t=1317401367.182 | feat 8793/80131 | map  29931 | icp ok  iter  5 corr  8785 rms 0.2672   50.57 ms | p=(  700.20  -266.82   6.68) v=10.65 m/s [KF]
[lio] t=1317401367.286 | feat 8809/80331 | map  29886 | icp ok  iter  9 corr  8797 rms 0.2558   76.97 ms | p=(  700.47  -267.89   6.72) v=10.60 m/s [KF]
[lio] t=1317401367.390 | feat 8802/80950 | map  29814 | icp ok  iter  7 corr  8792 rms 0.2664   65.73 ms | p=(  700.75  -268.96   6.74) v=10.63 m/s [KF]
[lio] t=1317401367.494 | feat 8724/81094 | map  29801 | icp ok  iter  9 corr  8713 rms 0.2752   77.99 ms | p=(  701.01  -270.03   6.77) v=10.59 m/s [KF]
[lio] t=1317401367.597 | feat 8739/81320 | map  29823 | icp ok  iter  6 corr  8705 rms 0.2567   54.35 ms | p=(  701.28  -271.10   6.78) v=10.59 m/s [KF]
[lio] t=1317401367.701 | feat 8607/80713 | map  29860 | icp ok  iter  7 corr  8559 rms 0.2573   62.71 ms | p=(  701.55  -272.18   6.79) v=10.65 m/s [KF]
[lio] t=1317401367.805 | feat 8820/80514 | map  30066 | icp ok  iter 13 corr  8795 rms 0.3111  107.98 ms | p=(  701.82  -273.24   6.80) v=10.57 m/s [KF]
[lio] t=1317401367.909 | feat 8703/80304 | map  30270 | icp ok  iter  8 corr  8690 rms 0.3131   68.57 ms | p=(  702.08  -274.30   6.82) v=10.54 m/s [KF]
[lio] t=1317401368.013 | feat 8881/78996 | map  30497 | icp ok  iter  4 corr  8880 rms 0.2992   42.50 ms | p=(  702.35  -275.38   6.84) v=10.58 m/s [KF]
[lio] t=1317401368.117 | feat 8956/77768 | map  30709 | icp ok  iter  8 corr  8950 rms 0.2397   70.37 ms | p=(  702.61  -276.45   6.84) v=10.59 m/s [KF]
[lio] t=1317401368.221 | feat 8979/77218 | map  30847 | icp ok  iter  6 corr  8975 rms 0.2576   56.79 ms | p=(  702.87  -277.51   6.85) v=10.53 m/s [KF]
[lio] t=1317401368.324 | feat 9003/72847 | map  31025 | icp ok  iter  8 corr  8972 rms 0.2959   74.94 ms | p=(  703.13  -278.58   6.86) v=10.59 m/s [KF]
[lio] t=1317401368.428 | feat 8981/68127 | map  31200 | icp ok  iter  6 corr  8972 rms 0.3181   58.07 ms | p=(  703.37  -279.65   6.87) v=10.53 m/s [KF]
[lio] t=1317401368.532 | feat 9041/60913 | map  31405 | icp ok  iter  3 corr  9035 rms 0.2701   30.12 ms | p=(  703.63  -280.71   6.89) v=10.52 m/s [KF]
[lio] t=1317401368.636 | feat 9162/57480 | map  31590 | icp ok  iter  7 corr  9156 rms 0.2818   64.83 ms | p=(  703.88  -281.77   6.90) v=10.49 m/s [KF]
[lio] t=1317401368.740 | feat 9174/60717 | map  31763 | icp ok  iter  6 corr  9171 rms 0.2734   59.62 ms | p=(  704.13  -282.84   6.93) v=10.51 m/s [KF]
[lio] t=1317401368.844 | feat 9240/67504 | map  31906 | icp ok  iter  6 corr  9239 rms 0.2520   59.77 ms | p=(  704.38  -283.90   6.93) v=10.46 m/s [KF]
[lio] t=1317401368.948 | feat 9113/72411 | map  32016 | icp ok  iter 11 corr  9105 rms 0.2434  100.22 ms | p=(  704.63  -284.97   6.94) v=10.53 m/s [KF]
[lio] t=1317401369.051 | feat 8968/75012 | map  32046 | icp ok  iter  6 corr  8957 rms 0.2442   52.49 ms | p=(  704.88  -286.03   6.95) v=10.50 m/s [KF]
[lio] t=1317401369.155 | feat 9263/77850 | map  32008 | icp ok  iter  5 corr  9255 rms 0.2503   46.03 ms | p=(  705.13  -287.09   6.96) v=10.46 m/s [KF]
[lio] t=1317401369.259 | feat 9180/78472 | map  31881 | icp ok  iter  6 corr  9173 rms 0.2326   55.49 ms | p=(  705.38  -288.14   6.97) v=10.44 m/s [KF]
[lio] t=1317401369.363 | feat 9295/79116 | map  31789 | icp ok  iter  6 corr  9273 rms 0.2334   53.79 ms | p=(  705.63  -289.20   6.97) v=10.41 m/s [KF]
[lio] t=1317401369.467 | feat 9429/79522 | map  31725 | icp ok  iter  8 corr  9427 rms 0.2555   70.40 ms | p=(  705.87  -290.25   6.99) v=10.38 m/s [KF]
[lio] t=1317401369.571 | feat 9601/80107 | map  31645 | icp ok  iter 13 corr  9601 rms 0.2302  116.73 ms | p=(  706.12  -291.31   6.99) v=10.40 m/s [KF]
[lio] t=1317401369.675 | feat 9589/80149 | map  31540 | icp ok  iter  6 corr  9583 rms 0.2330   55.86 ms | p=(  706.37  -292.36   6.99) v=10.37 m/s [KF]
[lio] t=1317401369.778 | feat 9515/79725 | map  31510 | icp ok  iter 11 corr  9489 rms 0.2422   96.35 ms | p=(  706.62  -293.41   7.01) v=10.39 m/s [KF]
[lio] t=1317401369.882 | feat 9603/78536 | map  31554 | icp ok  iter  5 corr  9601 rms 0.2513   54.25 ms | p=(  706.86  -294.47   7.03) v=10.39 m/s [KF]
[lio] t=1317401369.986 | feat 9557/77460 | map  31596 | icp ok  iter  8 corr  9547 rms 0.2607   83.81 ms | p=(  707.10  -295.50   7.04) v=10.23 m/s [KF]
[lio] t=1317401370.090 | feat 9761/77858 | map  31671 | icp ok  iter  7 corr  9747 rms 0.2537   69.47 ms | p=(  707.34  -296.54   7.06) v=10.23 m/s [KF]
[lio] t=1317401370.194 | feat 9746/79321 | map  31694 | icp ok  iter 11 corr  9724 rms 0.2454  109.16 ms | p=(  707.59  -297.57   7.08) v=10.22 m/s [KF]
[lio] t=1317401370.298 | feat 9831/79620 | map  31689 | icp ok  iter  5 corr  9818 rms 0.2565   58.93 ms | p=(  707.82  -298.60   7.08) v=10.15 m/s [KF]
[lio] t=1317401370.401 | feat 9916/78732 | map  31691 | icp ok  iter  9 corr  9910 rms 0.2522   97.19 ms | p=(  708.06  -299.63   7.08) v=10.13 m/s [KF]
[lio] t=1317401370.505 | feat 9960/77922 | map  31681 | icp ok  iter  6 corr  9951 rms 0.2449   66.10 ms | p=(  708.30  -300.66   7.11) v=10.13 m/s [KF]
[lio] t=1317401370.609 | feat 9967/78213 | map  31802 | icp ok  iter  8 corr  9962 rms 0.2283   99.94 ms | p=(  708.54  -301.70   7.12) v=10.24 m/s [KF]
[lio] t=1317401370.713 | feat 9898/78244 | map  31812 | icp ok  iter  7 corr  9884 rms 0.2371   72.73 ms | p=(  708.78  -302.73   7.12) v=10.15 m/s [KF]
[lio] t=1317401370.817 | feat 9867/77856 | map  31794 | icp ok  iter  7 corr  9859 rms 0.2696   68.88 ms | p=(  709.01  -303.75   7.14) v=10.09 m/s [KF]
[lio] t=1317401370.920 | feat 9856/77810 | map  31985 | icp ok  iter  6 corr  9842 rms 0.2771   67.36 ms | p=(  709.24  -304.76   7.15) v=9.98 m/s [KF]
[lio] t=1317401371.024 | feat 9884/77226 | map  32012 | icp ok  iter  5 corr  9880 rms 0.2583   57.86 ms | p=(  709.47  -305.78   7.16) v=9.99 m/s [KF]
[lio] t=1317401371.128 | feat 9881/76840 | map  32012 | icp ok  iter  8 corr  9878 rms 0.2551   77.49 ms | p=(  709.71  -306.77   7.17) v=9.88 m/s [KF]
[lio] t=1317401371.232 | feat 9957/76433 | map  32086 | icp ok  iter  5 corr  9956 rms 0.2630   53.88 ms | p=(  709.94  -307.78   7.18) v=9.86 m/s [KF]
[lio] t=1317401371.335 | feat 10005/76153 | map  32233 | icp ok  iter  7 corr 10002 rms 0.2723   69.32 ms | p=(  710.17  -308.78   7.19) v=9.82 m/s [KF]
[lio] t=1317401371.439 | feat 9831/76050 | map  32411 | icp ok  iter  4 corr  9823 rms 0.2368   43.13 ms | p=(  710.40  -309.77   7.20) v=9.77 m/s [KF]
[lio] t=1317401371.543 | feat 9835/76431 | map  32547 | icp ok  iter  9 corr  9816 rms 0.2548   83.45 ms | p=(  710.64  -310.76   7.21) v=9.75 m/s [KF]
[lio] t=1317401371.647 | feat 9738/76488 | map  32690 | icp ok  iter  8 corr  9729 rms 0.2736   85.05 ms | p=(  710.88  -311.75   7.22) v=9.76 m/s [KF]
[lio] t=1317401371.751 | feat 9988/76338 | map  32988 | icp ok  iter 10 corr  9974 rms 0.2852  104.46 ms | p=(  711.13  -312.73   7.22) v=9.76 m/s [KF]
[lio] t=1317401371.854 | feat 9995/76172 | map  33224 | icp ok  iter 11 corr  9988 rms 0.2757  113.72 ms | p=(  711.39  -313.72   7.22) v=9.75 m/s [KF]
[lio] t=1317401371.958 | feat 10104/75998 | map  33493 | icp ok  iter  9 corr 10102 rms 0.2708  104.60 ms | p=(  711.63  -314.67   7.24) v=9.52 m/s
[lio] t=1317401372.062 | feat 10171/77366 | map  33493 | icp ok  iter  9 corr 10165 rms 0.3210  104.70 ms | p=(  711.90  -315.63   7.26) v=9.55 m/s [KF]
[lio] t=1317401372.165 | feat 10112/77316 | map  33920 | icp ok  iter 11 corr 10110 rms 0.2674  111.91 ms | p=(  712.18  -316.59   7.27) v=9.55 m/s
[lio] t=1317401372.269 | feat 10241/76768 | map  33920 | icp ok  iter  8 corr 10236 rms 0.3121   94.19 ms | p=(  712.47  -317.52   7.27) v=9.42 m/s [KF]
[lio] t=1317401372.373 | feat 10216/76462 | map  34389 | icp ok  iter  8 corr 10208 rms 0.2688   89.52 ms | p=(  712.78  -318.43   7.28) v=9.35 m/s
[lio] t=1317401372.476 | feat 10239/76517 | map  34389 | icp ok  iter 11 corr 10223 rms 0.2978  115.28 ms | p=(  713.10  -319.36   7.29) v=9.38 m/s [KF]
[lio] t=1317401372.580 | feat 10074/76970 | map  34912 | icp ok  iter 10 corr 10065 rms 0.2678  102.28 ms | p=(  713.43  -320.25   7.29) v=9.24 m/s
[lio] t=1317401372.684 | feat 10095/77025 | map  34912 | icp ok  iter 11 corr 10066 rms 0.3124  108.05 ms | p=(  713.79  -321.16   7.30) v=9.29 m/s [KF]
[lio] t=1317401372.788 | feat 10072/76672 | map  35453 | icp ok  iter  5 corr 10060 rms 0.2557   62.90 ms | p=(  714.17  -322.05   7.31) v=9.29 m/s
[lio] t=1317401372.891 | feat 10294/76700 | map  35453 | icp ok  iter 11 corr 10277 rms 0.2983  118.41 ms | p=(  714.57  -322.90   7.31) v=9.16 m/s [KF]
[lio] t=1317401372.995 | feat 10436/76619 | map  35967 | icp ok  iter  3 corr 10434 rms 0.2492   37.50 ms | p=(  715.00  -323.76   7.30) v=9.19 m/s
[lio] t=1317401373.099 | feat 10431/76893 | map  35967 | icp ok  iter 10 corr 10424 rms 0.2809  109.93 ms | p=(  715.43  -324.60   7.29) v=9.09 m/s [KF]
[lio] t=1317401373.202 | feat 10700/77344 | map  36349 | icp ok  iter 10 corr 10684 rms 0.2598  109.38 ms | p=(  715.89  -325.44   7.28) v=9.20 m/s
[lio] t=1317401373.306 | feat 10877/77307 | map  36349 | icp ok  iter  8 corr 10844 rms 0.3217   84.43 ms | p=(  716.38  -326.26   7.29) v=9.18 m/s [KF]
[lio] t=1317401373.410 | feat 11225/77553 | map  36862 | icp ok  iter  8 corr 11208 rms 0.2932   93.20 ms | p=(  716.87  -327.06   7.29) v=9.15 m/s
[lio] t=1317401373.514 | feat 11312/77989 | map  36862 | icp ok  iter  7 corr 11240 rms 0.3367   83.07 ms | p=(  717.40  -327.86   7.29) v=9.20 m/s [KF]
[lio] t=1317401373.617 | feat 11545/78268 | map  37212 | icp ok  iter  8 corr 11538 rms 0.2503  103.90 ms | p=(  717.94  -328.64   7.28) v=9.16 m/s
[lio] t=1317401373.721 | feat 11778/78259 | map  37212 | icp ok  iter 12 corr 11745 rms 0.3276  149.61 ms | p=(  718.49  -329.41   7.28) v=9.17 m/s [KF]
[lio] t=1317401373.825 | feat 12026/78459 | map  37741 | icp ok  iter 14 corr 12002 rms 0.2798  174.58 ms | p=(  719.07  -330.17   7.26) v=9.24 m/s
[lio] t=1317401373.929 | feat 12260/79018 | map  37741 | icp ok  iter 13 corr 12170 rms 0.3450  162.31 ms | p=(  719.65  -330.93   7.25) v=9.22 m/s [KF]
[lio] t=1317401374.033 | feat 12466/79269 | map  38343 | icp ok  iter  5 corr 12420 rms 0.3335   80.15 ms | p=(  720.26  -331.66   7.24) v=9.24 m/s
[lio] t=1317401374.137 | feat 12672/79234 | map  38343 | icp ok  iter  9 corr 12589 rms 0.3753  127.25 ms | p=(  720.87  -332.39   7.24) v=9.21 m/s [KF]
[lio] t=1317401374.240 | feat 12958/79617 | map  39050 | icp ok  iter 12 corr 12928 rms 0.2744  164.64 ms | p=(  721.51  -333.13   7.23) v=9.33 m/s
[lio] t=1317401374.344 | feat 13004/80153 | map  39050 | icp ok  iter  9 corr 12901 rms 0.3438  134.67 ms | p=(  722.15  -333.85   7.21) v=9.34 m/s [KF]
[lio] t=1317401374.448 | feat 13219/80316 | map  39735 | icp ok  iter  8 corr 13199 rms 0.3334  128.51 ms | p=(  722.79  -334.57   7.19) v=9.31 m/s
[lio] t=1317401374.552 | feat 13266/80251 | map  39735 | icp ok  iter 13 corr 13222 rms 0.3492  191.54 ms | p=(  723.44  -335.27   7.18) v=9.28 m/s [KF]
[lio] t=1317401374.656 | feat 13377/80075 | map  40523 | icp ok  iter  9 corr 13349 rms 0.3161  144.42 ms | p=(  724.11  -335.99   7.15) v=9.34 m/s
[lio] t=1317401374.760 | feat 13446/79920 | map  40523 | icp ok  iter  7 corr 13411 rms 0.3291  111.61 ms | p=(  724.77  -336.71   7.14) v=9.37 m/s [KF]
[lio] t=1317401374.864 | feat 13629/79749 | map  41208 | icp ok  iter  7 corr 13627 rms 0.2542  107.21 ms | p=(  725.42  -337.42   7.12) v=9.31 m/s
[lio] t=1317401374.968 | feat 13485/79500 | map  41208 | icp ok  iter 15 corr 13463 rms 0.3160  214.39 ms | p=(  726.07  -338.11   7.11) v=9.22 m/s [KF]
[lio] t=1317401375.073 | feat 13376/78781 | map  41839 | icp ok  iter 10 corr 13354 rms 0.3054  155.77 ms | p=(  726.71  -338.82   7.10) v=9.18 m/s
[lio] t=1317401375.177 | feat 13335/78592 | map  41839 | icp ok  iter 12 corr 13296 rms 0.3473  182.11 ms | p=(  727.36  -339.53   7.09) v=9.21 m/s [KF]
[lio] t=1317401375.281 | feat 13523/78955 | map  42658 | icp ok  iter  6 corr 13495 rms 0.3170  110.60 ms | p=(  727.99  -340.24   7.06) v=9.15 m/s
[lio] t=1317401375.385 | feat 13554/78892 | map  42658 | icp ok  iter 16 corr 13503 rms 0.3322  242.59 ms | p=(  728.60  -340.96   7.06) v=9.07 m/s [KF]
[lio] t=1317401375.489 | feat 13569/78374 | map  43758 | icp ok  iter 10 corr 13549 rms 0.2859  173.00 ms | p=(  729.22  -341.68   7.04) v=9.08 m/s
[lio] t=1317401375.593 | feat 13615/77538 | map  43758 | icp ok  iter 15 corr 13584 rms 0.3545  233.22 ms | p=(  729.82  -342.42   7.04) v=9.13 m/s [KF]
[lio] t=1317401375.698 | feat 13656/77741 | map  44732 | icp ok  iter 11 corr 13642 rms 0.2835  178.18 ms | p=(  730.41  -343.14   7.02) v=8.94 m/s
[lio] t=1317401375.802 | feat 13638/77755 | map  44732 | icp ok  iter 14 corr 13591 rms 0.3391  221.62 ms | p=(  730.97  -343.89   7.02) v=8.99 m/s [KF]
[lio] t=1317401375.906 | feat 13677/77906 | map  45454 | icp ok  iter  5 corr 13660 rms 0.3116   92.13 ms | p=(  731.51  -344.64   7.01) v=8.88 m/s
[lio] t=1317401376.010 | feat 13714/77577 | map  45454 | icp ok  iter 14 corr 13623 rms 0.3492  220.30 ms | p=(  732.05  -345.41   7.01) v=8.98 m/s [KF]
[lio] t=1317401376.114 | feat 13703/77456 | map  46375 | icp ok  iter  7 corr 13676 rms 0.2981  130.88 ms | p=(  732.55  -346.19   7.00) v=8.93 m/s
[lio] t=1317401376.218 | feat 13822/77206 | map  46375 | icp ok  iter 13 corr 13773 rms 0.3599  210.40 ms | p=(  733.04  -346.99   6.99) v=8.97 m/s [KF]
[lio] t=1317401376.322 | feat 13858/76952 | map  47064 | icp ok  iter 10 corr 13849 rms 0.2896  151.64 ms | p=(  733.51  -347.78   7.00) v=8.90 m/s
[lio] t=1317401376.427 | feat 14070/76579 | map  47064 | icp ok  iter  8 corr 14037 rms 0.3256  128.01 ms | p=(  733.95  -348.59   7.03) v=8.84 m/s [KF]
[lio] t=1317401376.531 | feat 14216/77034 | map  47732 | icp ok  iter 16 corr 14211 rms 0.2930  228.41 ms | p=(  734.38  -349.41   7.03) v=8.88 m/s
[lio] t=1317401376.635 | feat 14261/77512 | map  47732 | icp ok  iter  7 corr 14247 rms 0.3181  101.26 ms | p=(  734.79  -350.24   7.03) v=8.87 m/s [KF]
[lio] t=1317401376.739 | feat 14096/77792 | map  48226 | icp ok  iter  5 corr 14093 rms 0.2784  111.33 ms | p=(  735.17  -351.08   7.02) v=8.90 m/s
[lio] t=1317401376.843 | feat 14117/78302 | map  48226 | icp ok  iter 11 corr 14106 rms 0.2807  185.40 ms | p=(  735.53  -351.95   7.03) v=8.99 m/s [KF]
[lio] t=1317401376.947 | feat 14070/78330 | map  48510 | icp ok  iter 12 corr 14065 rms 0.2383  210.43 ms | p=(  735.87  -352.80   7.04) v=8.94 m/s
[lio] t=1317401377.051 | feat 13966/78462 | map  48510 | icp ok  iter  7 corr 13943 rms 0.2898  134.63 ms | p=(  736.21  -353.69   7.04) v=9.04 m/s [KF]
[lio] t=1317401377.155 | feat 13883/78370 | map  48632 | icp ok  iter  7 corr 13883 rms 0.2731  137.86 ms | p=(  736.51  -354.59   7.06) v=9.15 m/s
[lio] t=1317401377.259 | feat 13862/78369 | map  48632 | icp ok  iter 12 corr 13850 rms 0.2785  209.69 ms | p=(  736.80  -355.48   7.08) v=9.05 m/s [KF]
[lio] t=1317401377.363 | feat 13295/77858 | map  48559 | icp ok  iter  8 corr 13293 rms 0.2633  142.37 ms | p=(  737.06  -356.38   7.09) v=9.11 m/s
[lio] t=1317401377.467 | feat 13040/77188 | map  48559 | icp ok  iter 11 corr 13016 rms 0.2737  179.89 ms | p=(  737.32  -357.31   7.11) v=9.24 m/s [KF]
[lio] t=1317401377.570 | feat 12754/76749 | map  48316 | icp ok  iter  8 corr 12746 rms 0.2567  113.27 ms | p=(  737.55  -358.23   7.12) v=9.21 m/s
[lio] t=1317401377.674 | feat 12329/76477 | map  48316 | icp ok  iter 11 corr 12273 rms 0.2687  148.17 ms | p=(  737.77  -359.18   7.15) v=9.33 m/s [KF]
[lio] t=1317401377.778 | feat 12152/76659 | map  48061 | icp ok  iter  5 corr 12148 rms 0.2727   78.05 ms | p=(  737.99  -360.13   7.15) v=9.42 m/s
[lio] t=1317401377.882 | feat 11682/76543 | map  48061 | icp ok  iter  9 corr 11665 rms 0.3275  130.55 ms | p=(  738.18  -361.09   7.16) v=9.47 m/s [KF]
[lio] t=1317401377.986 | feat 11127/76404 | map  47932 | icp ok  iter 10 corr 11115 rms 0.2621  128.65 ms | p=(  738.37  -362.07   7.19) v=9.58 m/s
[lio] t=1317401378.089 | feat 10564/75402 | map  47932 | icp ok  iter  9 corr 10530 rms 0.3070  118.92 ms | p=(  738.55  -363.05   7.20) v=9.66 m/s [KF]
[lio] t=1317401378.193 | feat 10035/72295 | map  47675 | icp ok  iter  9 corr 10027 rms 0.2908  113.15 ms | p=(  738.70  -364.03   7.23) v=9.66 m/s
[lio] t=1317401378.297 | feat 9566/70126 | map  47675 | icp ok  iter 11 corr  9551 rms 0.3189  123.00 ms | p=(  738.86  -365.01   7.23) v=9.63 m/s [KF]
[lio] t=1317401378.401 | feat 9341/70008 | map  47158 | icp ok  iter 14 corr  9328 rms 0.2899  141.52 ms | p=(  739.00  -366.03   7.26) v=9.81 m/s [KF]
[lio] t=1317401378.505 | feat 9374/73836 | map  47081 | icp ok  iter  9 corr  9367 rms 0.2904  101.50 ms | p=(  739.14  -367.03   7.26) v=9.80 m/s [KF]
[lio] t=1317401378.608 | feat 9415/73528 | map  46906 | icp ok  iter 12 corr  9406 rms 0.2782  131.20 ms | p=(  739.27  -368.06   7.28) v=9.96 m/s [KF]
[lio] t=1317401378.712 | feat 9426/72813 | map  46705 | icp ok  iter  8 corr  9405 rms 0.2982   92.98 ms | p=(  739.40  -369.08   7.29) v=9.96 m/s [KF]
[lio] t=1317401378.816 | feat 9341/71835 | map  46570 | icp ok  iter 10 corr  9326 rms 0.2919  104.50 ms | p=(  739.54  -370.11   7.29) v=10.02 m/s [KF]
[lio] t=1317401378.920 | feat 9303/70102 | map  46487 | icp ok  iter  8 corr  9279 rms 0.3230   84.32 ms | p=(  739.66  -371.13   7.29) v=10.02 m/s [KF]
[lio] t=1317401379.023 | feat 9116/69989 | map  46576 | icp ok  iter 10 corr  9094 rms 0.3313  105.36 ms | p=(  739.78  -372.17   7.31) v=10.10 m/s [KF]
[lio] t=1317401379.127 | feat 9039/70703 | map  46611 | icp ok  iter  8 corr  9014 rms 0.3287   80.83 ms | p=(  739.91  -373.22   7.30) v=10.11 m/s [KF]
[lio] t=1317401379.231 | feat 8922/71219 | map  46669 | icp ok  iter  8 corr  8894 rms 0.3441   86.90 ms | p=(  740.05  -374.27   7.33) v=10.16 m/s [KF]
[lio] t=1317401379.335 | feat 8943/72018 | map  46586 | icp ok  iter  8 corr  8929 rms 0.3330   80.13 ms | p=(  740.18  -375.32   7.33) v=10.21 m/s [KF]
[lio] t=1317401379.438 | feat 8877/72088 | map  46402 | icp ok  iter 10 corr  8829 rms 0.3320  100.09 ms | p=(  740.30  -376.35   7.34) v=10.07 m/s [KF]
[lio] t=1317401379.542 | feat 9179/72426 | map  46341 | icp ok  iter  8 corr  9144 rms 0.3397   78.16 ms | p=(  740.42  -377.38   7.34) v=10.01 m/s [KF]
[lio] t=1317401379.646 | feat 9325/72822 | map  46240 | icp ok  iter  9 corr  9282 rms 0.3461   91.21 ms | p=(  740.54  -378.42   7.37) v=10.01 m/s [KF]
[lio] t=1317401379.750 | feat 9467/73884 | map  45879 | icp ok  iter  8 corr  9420 rms 0.3302   78.30 ms | p=(  740.65  -379.45   7.38) v=9.96 m/s [KF]
[lio] t=1317401379.854 | feat 9449/74030 | map  45299 | icp ok  iter  6 corr  9411 rms 0.3587   69.04 ms | p=(  740.76  -380.50   7.41) v=10.03 m/s [KF]
[lio] t=1317401379.957 | feat 9999/74034 | map  44901 | icp ok  iter 10 corr  9947 rms 0.3666  102.09 ms | p=(  740.86  -381.53   7.42) v=10.00 m/s [KF]
[lio] t=1317401380.061 | feat 10412/73694 | map  44590 | icp ok  iter  9 corr 10388 rms 0.3825  100.84 ms | p=(  740.96  -382.55   7.43) v=9.83 m/s [KF]
[lio] t=1317401380.165 | feat 10618/74631 | map  44393 | icp ok  iter  7 corr 10582 rms 0.3629   95.72 ms | p=(  741.04  -383.54   7.45) v=9.56 m/s
[lio] t=1317401380.269 | feat 10995/75509 | map  44393 | icp ok  iter 10 corr 10951 rms 0.4153  129.06 ms | p=(  741.10  -384.51   7.46) v=9.26 m/s [KF]
[lio] t=1317401380.373 | feat 11288/75822 | map  44169 | icp ok  iter  9 corr 11259 rms 0.3387  115.24 ms | p=(  741.18  -385.46   7.50) v=9.02 m/s
[lio] t=1317401380.477 | feat 11481/76229 | map  44169 | icp ok  iter  8 corr 11445 rms 0.3823  125.09 ms | p=(  741.23  -386.38   7.50) v=8.72 m/s [KF]
[lio] t=1317401380.581 | feat 11549/77162 | map  44016 | icp ok  iter 15 corr 11501 rms 0.3612  204.53 ms | p=(  741.25  -387.29   7.50) v=8.56 m/s
[lio] t=1317401380.685 | feat 11731/77881 | map  44016 | icp ok  iter 15 corr 11668 rms 0.4064  202.84 ms | p=(  741.33  -388.15   7.53) v=8.12 m/s [KF]
[lio] t=1317401380.789 | feat 12030/78038 | map  43927 | icp ok  iter 11 corr 12010 rms 0.3165  174.25 ms | p=(  741.27  -388.97   7.55) v=7.75 m/s
[lio] t=1317401380.893 | feat 11970/78148 | map  43927 | icp ok  iter 11 corr 11938 rms 0.3797  188.79 ms | p=(  741.27  -389.75   7.55) v=7.40 m/s [KF]
[lio] t=1317401380.998 | feat 12086/78511 | map  43898 | icp ok  iter 16 corr 12071 rms 0.3046  224.58 ms | p=(  741.21  -390.52   7.58) v=7.17 m/s
[lio] t=1317401381.102 | feat 12056/78806 | map  43898 | icp ok  iter 14 corr 12020 rms 0.3577  186.18 ms | p=(  741.13  -391.23   7.58) v=6.73 m/s [KF]
[lio] t=1317401381.206 | feat 12194/78979 | map  44184 | icp ok  iter 13 corr 12185 rms 0.3246  180.72 ms | p=(  741.02  -391.93   7.63) v=6.60 m/s
[lio] t=1317401381.311 | feat 12116/79126 | map  44184 | icp ok  iter 10 corr 12099 rms 0.3402  132.77 ms | p=(  740.89  -392.61   7.63) v=6.40 m/s [KF]
[lio] t=1317401381.415 | feat 12057/79187 | map  44612 | icp ok  iter 11 corr 12054 rms 0.3058  142.88 ms | p=(  740.73  -393.24   7.66) v=6.14 m/s
[lio] t=1317401381.519 | feat 12268/79757 | map  44612 | icp ok  iter 14 corr 12249 rms 0.3423  201.25 ms | p=(  740.57  -393.88   7.69) v=6.15 m/s [KF]
[lio] t=1317401381.623 | feat 12472/80132 | map  45035 | icp ok  iter 12 corr 12447 rms 0.3263  162.92 ms | p=(  740.36  -394.49   7.69) v=6.14 m/s
[lio] t=1317401381.728 | feat 12537/80420 | map  45035 | icp ok  iter 18 corr 12496 rms 0.3435  231.04 ms | p=(  740.13  -395.10   7.68) v=6.18 m/s [KF]
[lio] t=1317401381.832 | feat 12410/80861 | map  45687 | icp ok  iter  9 corr 12388 rms 0.2874  124.66 ms | p=(  739.88  -395.68   7.70) v=6.05 m/s
[lio] t=1317401381.936 | feat 12468/80981 | map  45687 | icp ok  iter 12 corr 12439 rms 0.3165  156.72 ms | p=(  739.58  -396.25   7.71) v=6.05 m/s [KF]
[lio] t=1317401382.041 | feat 12470/80924 | map  46250 | icp ok  iter  7 corr 12467 rms 0.3085   91.03 ms | p=(  739.26  -396.79   7.74) v=5.98 m/s
[lio] t=1317401382.145 | feat 12495/80612 | map  46250 | icp ok  iter 13 corr 12480 rms 0.3364  163.88 ms | p=(  738.91  -397.32   7.76) v=6.02 m/s [KF]
[lio] t=1317401382.249 | feat 12408/80367 | map  46776 | icp ok  iter 10 corr 12399 rms 0.2865  133.13 ms | p=(  738.55  -397.83   7.80) v=5.96 m/s
[lio] t=1317401382.353 | feat 12172/79852 | map  46776 | icp ok  iter  6 corr 12161 rms 0.3388   68.92 ms | p=(  738.16  -398.31   7.83) v=5.90 m/s [KF]
[lio] t=1317401382.457 | feat 12059/79545 | map  47200 | icp ok  iter 12 corr 12029 rms 0.3016  152.13 ms | p=(  737.73  -398.78   7.87) v=6.00 m/s
[lio] t=1317401382.561 | feat 12035/79190 | map  47200 | icp ok  iter 12 corr 12003 rms 0.3357  165.66 ms | p=(  737.31  -399.23   7.89) v=5.98 m/s [KF]
[lio] t=1317401382.665 | feat 12078/79059 | map  47694 | icp ok  iter  9 corr 12061 rms 0.2818  116.33 ms | p=(  736.85  -399.66   7.93) v=6.00 m/s
[lio] t=1317401382.769 | feat 12056/79142 | map  47694 | icp ok  iter  9 corr 12008 rms 0.3111  127.45 ms | p=(  736.35  -400.08   7.94) v=6.15 m/s [KF]
[lio] t=1317401382.873 | feat 11790/79145 | map  48221 | icp ok  iter 11 corr 11757 rms 0.2860  142.07 ms | p=(  735.84  -400.46   7.96) v=6.17 m/s
[lio] t=1317401382.977 | feat 11945/79203 | map  48221 | icp ok  iter  7 corr 11853 rms 0.3236   99.06 ms | p=(  735.30  -400.82   7.99) v=6.23 m/s [KF]
[lio] t=1317401383.081 | feat 11835/79229 | map  48515 | icp ok  iter  9 corr 11807 rms 0.3178  125.29 ms | p=(  734.74  -401.18   8.01) v=6.32 m/s
[lio] t=1317401383.185 | feat 11734/79237 | map  48515 | icp ok  iter 13 corr 11685 rms 0.3507  174.25 ms | p=(  734.16  -401.50   8.04) v=6.39 m/s [KF]
[lio] t=1317401383.289 | feat 11682/79179 | map  48686 | icp ok  iter  8 corr 11680 rms 0.2805  125.00 ms | p=(  733.55  -401.78   8.06) v=6.45 m/s
[lio] t=1317401383.393 | feat 11673/79074 | map  48686 | icp ok  iter 14 corr 11659 rms 0.3169  189.74 ms | p=(  732.92  -402.08   8.08) v=6.61 m/s [KF]
[lio] t=1317401383.497 | feat 11847/78895 | map  48886 | icp ok  iter  8 corr 11832 rms 0.2898  129.44 ms | p=(  732.28  -402.32   8.12) v=6.59 m/s
[lio] t=1317401383.601 | feat 11824/78489 | map  48886 | icp ok  iter 10 corr 11791 rms 0.3201  155.85 ms | p=(  731.63  -402.57   8.16) v=6.65 m/s [KF]
[lio] t=1317401383.705 | feat 11687/78038 | map  49198 | icp ok  iter  8 corr 11669 rms 0.2803  139.45 ms | p=(  730.96  -402.78   8.18) v=6.66 m/s
[lio] t=1317401383.808 | feat 11557/77620 | map  49198 | icp ok  iter 14 corr 11540 rms 0.3114  218.87 ms | p=(  730.30  -402.97   8.21) v=6.63 m/s [KF]
[lio] t=1317401383.912 | feat 11422/77117 | map  49482 | icp ok  iter  8 corr 11420 rms 0.2775  131.74 ms | p=(  729.64  -403.15   8.25) v=6.59 m/s
[lio] t=1317401384.016 | feat 11522/76902 | map  49482 | icp ok  iter 12 corr 11492 rms 0.3152  172.93 ms | p=(  728.98  -403.33   8.28) v=6.52 m/s [KF]
[lio] t=1317401384.119 | feat 11686/76694 | map  49497 | icp ok  iter 14 corr 11647 rms 0.2672  185.29 ms | p=(  728.33  -403.49   8.31) v=6.44 m/s
[lio] t=1317401384.223 | feat 11649/76506 | map  49497 | icp ok  iter 12 corr 11579 rms 0.2839  156.79 ms | p=(  727.67  -403.65   8.34) v=6.46 m/s [KF]
[lio] t=1317401384.327 | feat 11709/76694 | map  49333 | icp ok  iter 10 corr 11708 rms 0.2663  130.84 ms | p=(  727.03  -403.81   8.37) v=6.37 m/s
[lio] t=1317401384.430 | feat 11472/77162 | map  49333 | icp ok  iter  8 corr 11470 rms 0.3010  108.74 ms | p=(  726.38  -403.96   8.37) v=6.36 m/s [KF]
[lio] t=1317401384.534 | feat 11662/76629 | map  49113 | icp ok  iter  8 corr 11649 rms 0.2705  114.14 ms | p=(  725.72  -404.10   8.41) v=6.39 m/s
[lio] t=1317401384.638 | feat 11741/76593 | map  49113 | icp ok  iter 10 corr 11729 rms 0.2861  127.03 ms | p=(  725.07  -404.25   8.44) v=6.39 m/s [KF]
[lio] t=1317401384.741 | feat 12015/76338 | map  48915 | icp ok  iter  8 corr 12006 rms 0.2588  109.71 ms | p=(  724.44  -404.39   8.47) v=6.23 m/s
[lio] t=1317401384.845 | feat 12005/76429 | map  48915 | icp ok  iter  8 corr 12001 rms 0.2785  128.99 ms | p=(  723.79  -404.52   8.49) v=6.32 m/s [KF]
[lio] t=1317401384.949 | feat 11820/75926 | map  48696 | icp ok  iter  6 corr 11818 rms 0.2326   84.91 ms | p=(  723.14  -404.66   8.52) v=6.30 m/s
[lio] t=1317401385.053 | feat 11559/75765 | map  48696 | icp ok  iter  6 corr 11550 rms 0.2606   85.49 ms | p=(  722.49  -404.80   8.53) v=6.30 m/s [KF]
[lio] t=1317401385.157 | feat 11577/75712 | map  48404 | icp ok  iter  5 corr 11564 rms 0.2612   67.42 ms | p=(  721.86  -404.93   8.58) v=6.21 m/s
[lio] t=1317401385.260 | feat 11637/76235 | map  48404 | icp ok  iter 14 corr 11617 rms 0.2868  172.64 ms | p=(  721.21  -405.08   8.60) v=6.29 m/s [KF]
[lio] t=1317401385.364 | feat 11507/76139 | map  47930 | icp ok  iter 12 corr 11501 rms 0.2345  144.51 ms | p=(  720.59  -405.21   8.63) v=6.14 m/s
[lio] t=1317401385.468 | feat 11629/76021 | map  47930 | icp ok  iter 10 corr 11613 rms 0.2757  129.97 ms | p=(  719.95  -405.34   8.66) v=6.19 m/s [KF]
[lio] t=1317401385.572 | feat 11591/76054 | map  47701 | icp ok  iter  6 corr 11591 rms 0.2249   84.56 ms | p=(  719.32  -405.47   8.68) v=6.12 m/s
[lio] t=1317401385.676 | feat 11671/75896 | map  47701 | icp ok  iter 11 corr 11669 rms 0.2634  129.41 ms | p=(  718.70  -405.61   8.70) v=6.08 m/s [KF]
[lio] t=1317401385.780 | feat 11581/75712 | map  47139 | icp ok  iter 11 corr 11572 rms 0.2255  134.32 ms | p=(  718.07  -405.75   8.73) v=6.09 m/s
[lio] t=1317401385.884 | feat 11709/75399 | map  47139 | icp ok  iter  8 corr 11696 rms 0.2732  110.87 ms | p=(  717.45  -405.88   8.75) v=6.07 m/s [KF]
[lio] t=1317401385.988 | feat 11660/75075 | map  46638 | icp ok  iter 10 corr 11645 rms 0.2523  131.35 ms | p=(  716.83  -406.01   8.79) v=6.04 m/s
[lio] t=1317401386.092 | feat 11674/74462 | map  46638 | icp ok  iter  7 corr 11648 rms 0.2894  119.71 ms | p=(  716.21  -406.15   8.81) v=6.04 m/s [KF]
[lio] t=1317401386.196 | feat 11793/73353 | map  46378 | icp ok  iter  7 corr 11789 rms 0.2406   96.57 ms | p=(  715.60  -406.29   8.83) v=6.01 m/s
[lio] t=1317401386.300 | feat 11617/71571 | map  46378 | icp ok  iter 11 corr 11610 rms 0.2725  148.67 ms | p=(  714.97  -406.42   8.85) v=6.06 m/s [KF]
[lio] t=1317401386.404 | feat 11500/70993 | map  46132 | icp ok  iter  6 corr 11494 rms 0.2427   75.57 ms | p=(  714.36  -406.55   8.88) v=5.99 m/s
[lio] t=1317401386.508 | feat 11527/70751 | map  46132 | icp ok  iter 11 corr 11515 rms 0.2814  139.26 ms | p=(  713.74  -406.69   8.91) v=5.98 m/s [KF]
[lio] t=1317401386.612 | feat 11576/71003 | map  45957 | icp ok  iter  6 corr 11574 rms 0.2461   82.45 ms | p=(  713.15  -406.82   8.93) v=5.89 m/s
[lio] t=1317401386.716 | feat 11565/70820 | map  45957 | icp ok  iter 12 corr 11556 rms 0.2845  165.08 ms | p=(  712.52  -406.96   8.95) v=6.01 m/s [KF]
[lio] t=1317401386.820 | feat 11644/71008 | map  45701 | icp ok  iter 10 corr 11641 rms 0.2526  133.91 ms | p=(  711.91  -407.10   8.98) v=6.04 m/s
[lio] t=1317401386.924 | feat 11761/72435 | map  45701 | icp ok  iter 10 corr 11746 rms 0.3137  129.71 ms | p=(  711.29  -407.23   9.01) v=6.04 m/s [KF]
[lio] t=1317401387.028 | feat 11739/73280 | map  45652 | icp ok  iter  8 corr 11732 rms 0.2524  111.35 ms | p=(  710.68  -407.37   9.04) v=6.05 m/s
[lio] t=1317401387.132 | feat 11737/73982 | map  45652 | icp ok  iter 14 corr 11730 rms 0.3129  172.89 ms | p=(  710.04  -407.52   9.06) v=6.16 m/s [KF]
[lio] t=1317401387.236 | feat 11530/74250 | map  45344 | icp ok  iter 11 corr 11527 rms 0.2593  146.65 ms | p=(  709.44  -407.66   9.08) v=6.05 m/s
[lio] t=1317401387.340 | feat 11421/74659 | map  45344 | icp ok  iter 11 corr 11402 rms 0.3160  147.08 ms | p=(  708.80  -407.81   9.11) v=6.19 m/s [KF]
[lio] t=1317401387.444 | feat 11490/75040 | map  45169 | icp ok  iter  6 corr 11486 rms 0.2549   81.57 ms | p=(  708.18  -407.96   9.15) v=6.13 m/s
[lio] t=1317401387.547 | feat 11516/75574 | map  45169 | icp ok  iter 11 corr 11510 rms 0.2877  143.50 ms | p=(  707.55  -408.11   9.18) v=6.19 m/s [KF]
[lio] t=1317401387.651 | feat 11693/76186 | map  45174 | icp ok  iter  4 corr 11689 rms 0.2546   62.04 ms | p=(  706.93  -408.27   9.20) v=6.13 m/s
[lio] t=1317401387.755 | feat 11782/76892 | map  45174 | icp ok  iter 13 corr 11774 rms 0.2863  168.14 ms | p=(  706.29  -408.44   9.22) v=6.27 m/s [KF]
[lio] t=1317401387.859 | feat 11580/77578 | map  45187 | icp ok  iter  8 corr 11578 rms 0.2471  101.25 ms | p=(  705.67  -408.59   9.24) v=6.16 m/s
[lio] t=1317401387.963 | feat 11728/78064 | map  45187 | icp ok  iter 11 corr 11721 rms 0.3045  141.29 ms | p=(  705.04  -408.76   9.27) v=6.25 m/s [KF]
[lio] t=1317401388.067 | feat 11733/78360 | map  45178 | icp ok  iter  9 corr 11732 rms 0.2590  116.73 ms | p=(  704.40  -408.93   9.30) v=6.27 m/s
[lio] t=1317401388.171 | feat 11918/78544 | map  45178 | icp ok  iter 13 corr 11916 rms 0.2725  161.96 ms | p=(  703.77  -409.10   9.34) v=6.30 m/s [KF]
[lio] t=1317401388.275 | feat 11956/78938 | map  45308 | icp ok  iter  7 corr 11953 rms 0.2580   94.07 ms | p=(  703.13  -409.27   9.36) v=6.31 m/s
[lio] t=1317401388.379 | feat 11849/78977 | map  45308 | icp ok  iter  8 corr 11843 rms 0.2896  111.44 ms | p=(  702.50  -409.46   9.39) v=6.35 m/s [KF]
[lio] t=1317401388.483 | feat 11909/77833 | map  45309 | icp ok  iter 10 corr 11902 rms 0.2533  152.63 ms | p=(  701.87  -409.64   9.41) v=6.32 m/s
[lio] t=1317401388.587 | feat 11947/78410 | map  45309 | icp ok  iter  8 corr 11939 rms 0.2773  131.55 ms | p=(  701.21  -409.81   9.44) v=6.46 m/s [KF]
[lio] t=1317401388.691 | feat 11764/77939 | map  45174 | icp ok  iter 12 corr 11749 rms 0.2451  154.37 ms | p=(  700.57  -409.99   9.47) v=6.46 m/s
[lio] t=1317401388.795 | feat 11748/77682 | map  45174 | icp ok  iter 11 corr 11732 rms 0.2714  171.62 ms | p=(  699.89  -410.18   9.49) v=6.65 m/s [KF]
[lio] t=1317401388.899 | feat 11823/78591 | map  44910 | icp ok  iter  5 corr 11821 rms 0.2455   84.18 ms | p=(  699.22  -410.36   9.53) v=6.70 m/s
[lio] t=1317401389.003 | feat 11701/79579 | map  44910 | icp ok  iter  5 corr 11698 rms 0.2737   79.17 ms | p=(  698.54  -410.54   9.55) v=6.76 m/s [KF]
[lio] t=1317401389.107 | feat 11698/80523 | map  45048 | icp ok  iter  8 corr 11684 rms 0.2456  123.25 ms | p=(  697.85  -410.72   9.59) v=6.92 m/s
[lio] t=1317401389.211 | feat 11846/80558 | map  45048 | icp ok  iter 10 corr 11832 rms 0.2748  133.67 ms | p=(  697.13  -410.90   9.62) v=7.06 m/s [KF]
[lio] t=1317401389.315 | feat 11623/79926 | map  45316 | icp ok  iter  9 corr 11585 rms 0.2721  119.34 ms | p=(  696.40  -411.08   9.65) v=7.21 m/s
[lio] t=1317401389.419 | feat 11691/80796 | map  45316 | icp ok  iter  7 corr 11625 rms 0.2728   96.07 ms | p=(  695.66  -411.24   9.68) v=7.31 m/s [KF]
[lio] t=1317401389.523 | feat 11725/80654 | map  45501 | icp ok  iter  9 corr 11710 rms 0.2797  111.29 ms | p=(  694.91  -411.42   9.71) v=7.47 m/s
[lio] t=1317401389.627 | feat 11730/80610 | map  45501 | icp ok  iter 11 corr 11700 rms 0.3223  134.10 ms | p=(  694.14  -411.59   9.75) v=7.58 m/s [KF]
[lio] t=1317401389.731 | feat 11697/80650 | map  45783 | icp ok  iter  9 corr 11693 rms 0.2644  111.66 ms | p=(  693.36  -411.76   9.78) v=7.70 m/s
[lio] t=1317401389.835 | feat 11694/80452 | map  45783 | icp ok  iter  7 corr 11690 rms 0.2989   88.75 ms | p=(  692.57  -411.92   9.82) v=7.81 m/s [KF]
[lio] t=1317401389.939 | feat 11453/80547 | map  46088 | icp ok  iter  6 corr 11439 rms 0.2708   78.57 ms | p=(  691.76  -412.07   9.86) v=7.95 m/s
[lio] t=1317401390.043 | feat 11462/80687 | map  46088 | icp ok  iter  6 corr 11447 rms 0.3004   64.99 ms | p=(  690.94  -412.22   9.89) v=8.02 m/s [KF]
[lio] t=1317401390.147 | feat 11350/81061 | map  46319 | icp ok  iter  9 corr 11342 rms 0.2713  113.00 ms | p=(  690.11  -412.37   9.93) v=8.15 m/s
[lio] t=1317401390.251 | feat 11189/81276 | map  46319 | icp ok  iter  8 corr 11171 rms 0.3094   93.33 ms | p=(  689.28  -412.52   9.96) v=8.15 m/s [KF]
[lio] t=1317401390.355 | feat 11012/81319 | map  46644 | icp ok  iter  9 corr 10996 rms 0.2911  119.30 ms | p=(  688.42  -412.66  10.01) v=8.27 m/s
[lio] t=1317401390.459 | feat 10817/78680 | map  46644 | icp ok  iter  5 corr 10796 rms 0.3422   55.05 ms | p=(  687.57  -412.80  10.03) v=8.27 m/s [KF]
[lio] t=1317401390.563 | feat 10576/77854 | map  47011 | icp ok  iter  4 corr 10563 rms 0.3119   50.20 ms | p=(  686.72  -412.92  10.07) v=8.25 m/s
[lio] t=1317401390.667 | feat 10464/77742 | map  47011 | icp ok  iter  7 corr 10440 rms 0.3675   85.10 ms | p=(  685.86  -413.05  10.11) v=8.29 m/s [KF]
[lio] t=1317401390.771 | feat 10508/80776 | map  47167 | icp ok  iter  5 corr 10493 rms 0.2897   66.14 ms | p=(  685.00  -413.16  10.15) v=8.28 m/s
[lio] t=1317401390.875 | feat 10849/81139 | map  47167 | icp ok  iter  8 corr 10838 rms 0.3732   96.56 ms | p=(  684.15  -413.28  10.18) v=8.26 m/s [KF]
[lio] t=1317401390.979 | feat 10976/81162 | map  47273 | icp ok  iter 14 corr 10946 rms 0.2802  164.49 ms | p=(  683.29  -413.37  10.21) v=8.27 m/s
[lio] t=1317401391.083 | feat 11050/80931 | map  47273 | icp ok  iter 12 corr 11021 rms 0.3056  155.82 ms | p=(  682.43  -413.47  10.23) v=8.27 m/s [KF]
[lio] t=1317401391.187 | feat 11502/80818 | map  47393 | icp ok  iter 16 corr 11496 rms 0.3023  202.55 ms | p=(  681.59  -413.54  10.27) v=8.15 m/s
[lio] t=1317401391.292 | feat 11854/80520 | map  47393 | icp ok  iter 10 corr 11824 rms 0.3432  147.39 ms | p=(  680.71  -413.60  10.28) v=8.29 m/s [KF]
[lio] t=1317401391.396 | feat 12457/80070 | map  47885 | icp ok  iter 11 corr 12426 rms 0.3133  151.01 ms | p=(  679.87  -413.62  10.32) v=8.14 m/s
[lio] t=1317401391.500 | feat 12709/79802 | map  47885 | icp ok  iter 14 corr 12664 rms 0.3285  239.95 ms | p=(  678.96  -413.69  10.36) v=8.49 m/s [KF]
[lio] t=1317401391.604 | feat 12761/79333 | map  48335 | icp ok  iter  8 corr 12753 rms 0.2859  136.35 ms | p=(  678.11  -413.66  10.40) v=8.23 m/s
[lio] t=1317401391.708 | feat 12792/79662 | map  48335 | icp ok  iter  7 corr 12765 rms 0.3212  106.94 ms | p=(  677.26  -413.62  10.45) v=8.22 m/s [KF]
[lio] t=1317401391.812 | feat 12988/80417 | map  48925 | icp ok  iter 10 corr 12977 rms 0.2881  141.33 ms | p=(  676.40  -413.58  10.51) v=8.23 m/s
[lio] t=1317401391.916 | feat 13123/81053 | map  48925 | icp ok  iter  9 corr 13091 rms 0.3077  124.99 ms | p=(  675.53  -413.51  10.55) v=8.27 m/s [KF]
[lio] t=1317401392.020 | feat 12975/81231 | map  49381 | icp ok  iter  7 corr 12970 rms 0.2591   99.58 ms | p=(  674.68  -413.42  10.59) v=8.23 m/s
[lio] t=1317401392.124 | feat 12857/81221 | map  49381 | icp ok  iter 11 corr 12843 rms 0.2989  151.42 ms | p=(  673.82  -413.32  10.63) v=8.22 m/s [KF]
[lio] t=1317401392.228 | feat 12761/81196 | map  49586 | icp ok  iter 12 corr 12757 rms 0.2836  162.63 ms | p=(  672.97  -413.17  10.67) v=8.26 m/s
[lio] t=1317401392.332 | feat 12839/80970 | map  49586 | icp ok  iter  5 corr 12834 rms 0.3217   84.67 ms | p=(  672.12  -413.02  10.69) v=8.27 m/s [KF]
[lio] t=1317401392.436 | feat 12855/80860 | map  49747 | icp ok  iter  5 corr 12846 rms 0.2663   83.96 ms | p=(  671.27  -412.85  10.73) v=8.27 m/s
[lio] t=1317401392.540 | feat 13069/81008 | map  49747 | icp ok  iter 11 corr 13045 rms 0.3157  160.19 ms | p=(  670.42  -412.65  10.78) v=8.37 m/s [KF]
[lio] t=1317401392.644 | feat 12983/80969 | map  50237 | icp ok  iter 15 corr 12976 rms 0.2830  220.78 ms | p=(  669.59  -412.44  10.81) v=8.22 m/s
[lio] t=1317401392.748 | feat 12808/80684 | map  50237 | icp ok  iter 15 corr 12752 rms 0.3557  214.60 ms | p=(  668.74  -412.22  10.83) v=8.35 m/s [KF]
[lio] t=1317401392.852 | feat 12789/80496 | map  50664 | icp ok  iter 10 corr 12779 rms 0.3101  148.65 ms | p=(  667.92  -411.99  10.87) v=8.21 m/s
[lio] t=1317401392.956 | feat 13037/80611 | map  50664 | icp ok  iter 10 corr 12996 rms 0.3456  155.16 ms | p=(  667.10  -411.73  10.90) v=8.20 m/s [KF]
[lio] t=1317401393.059 | feat 13098/80792 | map  50587 | icp ok  iter  9 corr 13088 rms 0.3074  137.26 ms | p=(  666.29  -411.49  10.92) v=8.17 m/s
[lio] t=1317401393.163 | feat 13011/80910 | map  50587 | icp ok  iter  6 corr 12983 rms 0.3263  102.74 ms | p=(  665.48  -411.22  10.92) v=8.15 m/s [KF]
[lio] t=1317401393.267 | feat 12850/80895 | map  50578 | icp ok  iter 10 corr 12839 rms 0.2955  139.62 ms | p=(  664.67  -410.95  10.94) v=8.17 m/s
[lio] t=1317401393.371 | feat 12850/80967 | map  50578 | icp ok  iter 10 corr 12811 rms 0.3393  134.56 ms | p=(  663.87  -410.68  10.97) v=8.08 m/s [KF]
[lio] t=1317401393.474 | feat 13014/81261 | map  50879 | icp ok  iter  8 corr 12973 rms 0.2917  114.31 ms | p=(  663.08  -410.40  10.99) v=8.06 m/s
[lio] t=1317401393.578 | feat 13084/81447 | map  50879 | icp ok  iter  7 corr 12970 rms 0.3607   95.91 ms | p=(  662.29  -410.12  11.02) v=8.00 m/s [KF]
[lio] t=1317401393.682 | feat 12973/81353 | map  51391 | icp ok  iter 11 corr 12955 rms 0.3094  168.41 ms | p=(  661.50  -409.82  11.05) v=8.07 m/s
[lio] t=1317401393.786 | feat 12880/81225 | map  51391 | icp ok  iter 11 corr 12796 rms 0.3676  152.45 ms | p=(  660.73  -409.52  11.06) v=7.92 m/s [KF]
[lio] t=1317401393.889 | feat 12817/81224 | map  52134 | icp ok  iter 14 corr 12796 rms 0.3043  211.80 ms | p=(  659.94  -409.22  11.08) v=8.05 m/s
[lio] t=1317401393.993 | feat 12858/81100 | map  52134 | icp ok  iter  8 corr 12825 rms 0.3642  135.41 ms | p=(  659.17  -408.90  11.10) v=8.00 m/s [KF]
[lio] t=1317401394.097 | feat 12838/80859 | map  52981 | icp ok  iter 12 corr 12826 rms 0.2869  165.49 ms | p=(  658.39  -408.59  11.15) v=8.06 m/s
[lio] t=1317401394.201 | feat 12658/80489 | map  52981 | icp ok  iter 14 corr 12616 rms 0.3280  184.74 ms | p=(  657.63  -408.26  11.17) v=8.00 m/s [KF]
[lio] t=1317401394.305 | feat 12622/79926 | map  53714 | icp ok  iter 13 corr 12593 rms 0.3099  174.67 ms | p=(  656.85  -407.92  11.19) v=8.09 m/s
[lio] t=1317401394.408 | feat 12463/79478 | map  53714 | icp ok  iter 11 corr 12412 rms 0.3341  147.46 ms | p=(  656.09  -407.59  11.23) v=8.05 m/s [KF]
[lio] t=1317401394.512 | feat 12506/79100 | map  54059 | icp ok  iter  5 corr 12503 rms 0.2897   86.55 ms | p=(  655.33  -407.25  11.28) v=8.05 m/s
[lio] t=1317401394.616 | feat 12404/79136 | map  54059 | icp ok  iter  6 corr 12378 rms 0.3024   93.93 ms | p=(  654.56  -406.91  11.31) v=8.02 m/s [KF]
[lio] t=1317401394.720 | feat 12230/79214 | map  54274 | icp ok  iter 10 corr 12227 rms 0.2920  132.77 ms | p=(  653.78  -406.57  11.33) v=8.17 m/s
[lio] t=1317401394.823 | feat 12145/79105 | map  54274 | icp ok  iter 15 corr 12120 rms 0.3282  187.95 ms | p=(  653.02  -406.22  11.35) v=8.12 m/s [KF]
[lio] t=1317401394.927 | feat 12018/79298 | map  54295 | icp ok  iter 12 corr 12012 rms 0.2701  156.12 ms | p=(  652.23  -405.88  11.36) v=8.22 m/s
[lio] t=1317401395.031 | feat 11496/79195 | map  54295 | icp ok  iter 10 corr 11492 rms 0.3092  126.73 ms | p=(  651.45  -405.55  11.39) v=8.19 m/s [KF]
[lio] t=1317401395.135 | feat 11207/79044 | map  54460 | icp ok  iter 13 corr 11189 rms 0.2930  153.47 ms | p=(  650.67  -405.22  11.42) v=8.12 m/s
[lio] t=1317401395.238 | feat 10970/79125 | map  54460 | icp ok  iter  9 corr 10950 rms 0.3227  107.40 ms | p=(  649.89  -404.89  11.44) v=8.14 m/s [KF]
[lio] t=1317401395.342 | feat 10971/79735 | map  54541 | icp ok  iter  9 corr 10967 rms 0.2739  107.14 ms | p=(  649.11  -404.56  11.47) v=8.13 m/s
[lio] t=1317401395.446 | feat 10786/80392 | map  54541 | icp ok  iter  7 corr 10782 rms 0.2812   96.91 ms | p=(  648.33  -404.26  11.49) v=8.02 m/s [KF]
[lio] t=1317401395.550 | feat 10651/80930 | map  54248 | icp ok  iter 10 corr 10646 rms 0.2452  116.41 ms | p=(  647.55  -403.95  11.52) v=8.05 m/s
[lio] t=1317401395.654 | feat 10586/81280 | map  54248 | icp ok  iter  8 corr 10582 rms 0.2735   99.61 ms | p=(  646.77  -403.65  11.52) v=8.02 m/s [KF]
[lio] t=1317401395.757 | feat 10388/81520 | map  53884 | icp ok  iter  6 corr 10387 rms 0.2484   79.36 ms | p=(  645.98  -403.34  11.54) v=8.08 m/s
[lio] t=1317401395.861 | feat 10146/81231 | map  53884 | icp ok  iter  4 corr 10141 rms 0.2691   53.64 ms | p=(  645.20  -403.06  11.56) v=7.98 m/s [KF]
[lio] t=1317401395.965 | feat 9789/80959 | map  53348 | icp ok  iter  8 corr  9787 rms 0.2546   97.14 ms | p=(  644.40  -402.77  11.60) v=8.03 m/s
[lio] t=1317401396.069 | feat 9661/80977 | map  53348 | icp ok  iter  9 corr  9652 rms 0.2816  102.23 ms | p=(  643.64  -402.50  11.62) v=7.85 m/s [KF]
[lio] t=1317401396.173 | feat 9773/81155 | map  52568 | icp ok  iter  9 corr  9768 rms 0.2619  108.16 ms | p=(  642.84  -402.23  11.64) v=8.01 m/s
[lio] t=1317401396.277 | feat 9676/81711 | map  52568 | icp ok  iter  9 corr  9669 rms 0.2915   98.51 ms | p=(  642.07  -401.97  11.65) v=7.85 m/s [KF]
[lio] t=1317401396.381 | feat 9580/81931 | map  51924 | icp ok  iter 13 corr  9577 rms 0.2780  134.06 ms | p=(  641.28  -401.70  11.66) v=7.94 m/s
[lio] t=1317401396.485 | feat 9642/81961 | map  51924 | icp ok  iter 10 corr  9620 rms 0.3542  103.36 ms | p=(  640.52  -401.44  11.69) v=7.77 m/s [KF]
[lio] t=1317401396.589 | feat 9609/81862 | map  51456 | icp ok  iter  7 corr  9604 rms 0.2785   83.42 ms | p=(  639.73  -401.18  11.72) v=7.82 m/s
[lio] t=1317401396.693 | feat 9438/82132 | map  51456 | icp ok  iter  8 corr  9434 rms 0.2940   79.57 ms | p=(  638.97  -400.93  11.73) v=7.74 m/s [KF]
[lio] t=1317401396.797 | feat 9292/82826 | map  50830 | icp ok  iter 12 corr  9291 rms 0.2621  121.57 ms | p=(  638.18  -400.67  11.75) v=7.89 m/s
[lio] t=1317401396.901 | feat 9124/83301 | map  50830 | icp ok  iter 10 corr  9120 rms 0.2724  103.56 ms | p=(  637.42  -400.41  11.76) v=7.79 m/s [KF]
[lio] t=1317401397.005 | feat 9216/83072 | map  50063 | icp ok  iter 12 corr  9213 rms 0.2497  117.47 ms | p=(  636.62  -400.14  11.79) v=7.96 m/s
[lio] t=1317401397.108 | feat 9277/82679 | map  50063 | icp ok  iter 11 corr  9254 rms 0.2810  113.76 ms | p=(  635.85  -399.89  11.82) v=7.84 m/s [KF]
[lio] t=1317401397.212 | feat 9404/82289 | map  49509 | icp ok  iter  9 corr  9398 rms 0.2496   90.96 ms | p=(  635.06  -399.64  11.85) v=7.92 m/s
[lio] t=1317401397.316 | feat 9227/82454 | map  49509 | icp ok  iter  8 corr  9215 rms 0.2710   78.26 ms | p=(  634.28  -399.38  11.88) v=7.88 m/s [KF]
[lio] t=1317401397.420 | feat 9110/82400 | map  48816 | icp ok  iter  9 corr  9096 rms 0.2511   93.48 ms | p=(  633.49  -399.11  11.90) v=7.97 m/s
[lio] t=1317401397.524 | feat 8999/82741 | map  48816 | icp ok  iter  4 corr  8971 rms 0.2717   44.90 ms | p=(  632.71  -398.86  11.93) v=7.92 m/s [KF]
[lio] t=1317401397.628 | feat 8908/82837 | map  47863 | icp ok  iter  8 corr  8887 rms 0.2566   75.91 ms | p=(  631.93  -398.62  11.95) v=7.83 m/s
[lio] t=1317401397.732 | feat 8895/82799 | map  47863 | icp ok  iter  6 corr  8853 rms 0.2760   59.24 ms | p=(  631.15  -398.37  11.98) v=7.89 m/s [KF]
[lio] t=1317401397.836 | feat 8896/83079 | map  46864 | icp ok  iter 11 corr  8889 rms 0.2606  111.13 ms | p=(  630.33  -398.13  12.01) v=8.09 m/s
[lio] t=1317401397.940 | feat 8964/83240 | map  46864 | icp ok  iter 14 corr  8923 rms 0.3303  130.04 ms | p=(  629.56  -397.89  12.03) v=7.87 m/s [KF]
[lio] t=1317401398.043 | feat 8900/82847 | map  46037 | icp ok  iter 10 corr  8885 rms 0.3336   97.58 ms | p=(  628.75  -397.66  12.07) v=8.03 m/s
[lio] t=1317401398.147 | feat 8922/83055 | map  46037 | icp ok  iter 12 corr  8864 rms 0.4003  106.91 ms | p=(  627.96  -397.42  12.10) v=7.92 m/s [KF]
[lio] t=1317401398.251 | feat 8824/83214 | map  45413 | icp ok  iter 14 corr  8807 rms 0.3235  130.77 ms | p=(  627.15  -397.18  12.13) v=8.08 m/s
[lio] t=1317401398.355 | feat 8663/83196 | map  45413 | icp ok  iter 13 corr  8648 rms 0.3062  114.72 ms | p=(  626.36  -396.96  12.16) v=7.95 m/s [KF]
[lio] t=1317401398.459 | feat 8603/83207 | map  44553 | icp ok  iter  9 corr  8602 rms 0.2538   88.06 ms | p=(  625.54  -396.72  12.19) v=8.07 m/s
[lio] t=1317401398.563 | feat 8568/83170 | map  44553 | icp ok  iter  8 corr  8563 rms 0.2678   74.53 ms | p=(  624.75  -396.49  12.21) v=8.01 m/s [KF]
[lio] t=1317401398.667 | feat 8464/82959 | map  43413 | icp ok  iter  8 corr  8461 rms 0.2624   79.11 ms | p=(  623.93  -396.26  12.24) v=8.08 m/s
[lio] t=1317401398.771 | feat 8434/82451 | map  43413 | icp ok  iter  8 corr  8417 rms 0.3073   71.35 ms | p=(  623.13  -396.04  12.27) v=8.05 m/s [KF]
[lio] t=1317401398.875 | feat 8290/82350 | map  42514 | icp ok  iter 12 corr  8285 rms 0.2686  105.55 ms | p=(  622.31  -395.80  12.31) v=8.16 m/s
[lio] t=1317401398.979 | feat 8189/82430 | map  42514 | icp ok  iter 10 corr  8187 rms 0.2829   93.00 ms | p=(  621.50  -395.57  12.34) v=8.07 m/s [KF]
[lio] t=1317401399.083 | feat 8042/82591 | map  41070 | icp ok  iter 10 corr  8031 rms 0.2503   89.58 ms | p=(  620.68  -395.32  12.36) v=8.17 m/s
[lio] t=1317401399.187 | feat 7919/82461 | map  41070 | icp ok  iter  7 corr  7904 rms 0.2705   62.54 ms | p=(  619.87  -395.09  12.37) v=8.11 m/s [KF]
[lio] t=1317401399.291 | feat 7793/82578 | map  39271 | icp ok  iter  6 corr  7790 rms 0.2640   64.75 ms | p=(  619.05  -394.86  12.40) v=8.11 m/s
[lio] t=1317401399.395 | feat 7758/82835 | map  39271 | icp ok  iter 10 corr  7751 rms 0.2794   90.78 ms | p=(  618.23  -394.62  12.42) v=8.16 m/s [KF]
[lio] t=1317401399.499 | feat 7700/82526 | map  37745 | icp ok  iter  3 corr  7684 rms 0.2515   29.88 ms | p=(  617.41  -394.39  12.44) v=8.12 m/s
[lio] t=1317401399.603 | feat 7631/82297 | map  37745 | icp ok  iter  5 corr  7575 rms 0.2807   45.38 ms | p=(  616.61  -394.16  12.47) v=8.03 m/s [KF]
[lio] t=1317401399.707 | feat 7711/82758 | map  36395 | icp ok  iter  8 corr  7693 rms 0.3427   72.53 ms | p=(  615.79  -393.92  12.50) v=8.11 m/s
[lio] t=1317401399.811 | feat 7687/82817 | map  36395 | icp ok  iter  9 corr  7647 rms 0.3743   82.70 ms | p=(  615.00  -393.69  12.52) v=7.98 m/s [KF]
[lio] t=1317401399.915 | feat 7605/82555 | map  35129 | icp ok  iter  9 corr  7584 rms 0.3553   80.42 ms | p=(  614.19  -393.45  12.54) v=7.99 m/s
[lio] t=1317401400.019 | feat 7739/82646 | map  35129 | icp ok  iter  8 corr  7674 rms 0.3552   73.12 ms | p=(  613.42  -393.20  12.56) v=7.84 m/s [KF]
[lio] t=1317401400.123 | feat 7582/83152 | map  34049 | icp ok  iter 10 corr  7569 rms 0.3315   96.35 ms | p=(  612.60  -392.95  12.59) v=8.06 m/s
[lio] t=1317401400.227 | feat 7519/82494 | map  34049 | icp ok  iter 18 corr  7513 rms 0.3461  142.18 ms | p=(  611.83  -392.71  12.62) v=7.82 m/s [KF]
[lio] t=1317401400.331 | feat 7354/81711 | map  33194 | icp ok  iter  9 corr  7339 rms 0.2776   79.02 ms | p=(  611.04  -392.46  12.65) v=7.90 m/s
[lio] t=1317401400.435 | feat 7276/81747 | map  33194 | icp ok  iter 10 corr  7258 rms 0.3168   75.93 ms | p=(  610.27  -392.20  12.67) v=7.77 m/s [KF]
[lio] t=1317401400.539 | feat 7219/81647 | map  32577 | icp ok  iter  3 corr  7211 rms 0.2749   30.84 ms | p=(  609.49  -391.94  12.70) v=7.82 m/s
[lio] t=1317401400.643 | feat 7263/81362 | map  32577 | icp ok  iter 10 corr  7250 rms 0.3613   74.46 ms | p=(  608.73  -391.68  12.71) v=7.73 m/s [KF]
[lio] t=1317401400.747 | feat 7297/81604 | map  32273 | icp ok  iter 15 corr  7286 rms 0.3389  113.53 ms | p=(  607.96  -391.41  12.75) v=7.79 m/s
[lio] t=1317401400.851 | feat 7265/82171 | map  32273 | icp ok  iter  9 corr  7245 rms 0.3740   79.58 ms | p=(  607.22  -391.15  12.77) v=7.61 m/s [KF]
[lio] t=1317401400.954 | feat 7107/82392 | map  31971 | icp ok  iter  8 corr  7102 rms 0.2935   66.99 ms | p=(  606.45  -390.88  12.80) v=7.69 m/s
[lio] t=1317401401.058 | feat 6888/82053 | map  31971 | icp ok  iter 14 corr  6882 rms 0.3166   96.80 ms | p=(  605.71  -390.62  12.82) v=7.55 m/s [KF]
[lio] t=1317401401.162 | feat 6840/81698 | map  31643 | icp ok  iter  9 corr  6838 rms 0.2711   73.22 ms | p=(  604.95  -390.35  12.83) v=7.67 m/s
[lio] t=1317401401.266 | feat 6791/80464 | map  31643 | icp ok  iter  7 corr  6784 rms 0.2970   58.97 ms | p=(  604.21  -390.09  12.86) v=7.54 m/s [KF]
[lio] t=1317401401.370 | feat 6690/78235 | map  31435 | icp ok  iter 11 corr  6688 rms 0.2688   91.65 ms | p=(  603.45  -389.81  12.88) v=7.71 m/s
[lio] t=1317401401.474 | feat 6626/76620 | map  31435 | icp ok  iter 14 corr  6613 rms 0.3131  109.25 ms | p=(  602.72  -389.56  12.90) v=7.47 m/s [KF]
[lio] t=1317401401.578 | feat 6621/76212 | map  31193 | icp ok  iter 18 corr  6606 rms 0.2743  137.82 ms | p=(  601.95  -389.29  12.92) v=7.74 m/s
[lio] t=1317401401.682 | feat 6646/76025 | map  31193 | icp ok  iter 13 corr  6612 rms 0.3234  103.27 ms | p=(  601.23  -389.03  12.94) v=7.49 m/s [KF]
[lio] t=1317401401.786 | feat 6549/76463 | map  31027 | icp ok  iter  9 corr  6544 rms 0.2719   79.14 ms | p=(  600.45  -388.75  12.96) v=7.77 m/s
[lio] t=1317401401.890 | feat 6410/77421 | map  31027 | icp ok  iter 15 corr  6407 rms 0.2907  107.77 ms | p=(  599.73  -388.49  12.98) v=7.53 m/s [KF]
[lio] t=1317401401.994 | feat 6325/78332 | map  30894 | icp ok  iter 10 corr  6321 rms 0.2790   78.28 ms | p=(  598.94  -388.21  13.00) v=7.81 m/s
[lio] t=1317401402.098 | feat 6337/79643 | map  30894 | icp ok  iter 11 corr  6323 rms 0.2911   75.96 ms | p=(  598.20  -387.94  13.02) v=7.71 m/s [KF]
[lio] t=1317401402.202 | feat 6285/80227 | map  30756 | icp ok  iter 11 corr  6266 rms 0.2547   76.19 ms | p=(  597.42  -387.65  13.03) v=7.92 m/s
[lio] t=1317401402.306 | feat 6261/80643 | map  30756 | icp ok  iter 11 corr  6222 rms 0.2831   79.19 ms | p=(  596.67  -387.39  13.05) v=7.77 m/s [KF]
[lio] t=1317401402.410 | feat 6391/81294 | map  30506 | icp ok  iter 14 corr  6389 rms 0.2773   95.92 ms | p=(  595.88  -387.09  13.08) v=7.99 m/s
[lio] t=1317401402.514 | feat 6340/81425 | map  30506 | icp ok  iter 10 corr  6325 rms 0.2920   72.13 ms | p=(  595.12  -386.81  13.11) v=7.93 m/s [KF]
[lio] t=1317401402.618 | feat 6417/81212 | map  30332 | icp ok  iter  9 corr  6413 rms 0.2817   71.42 ms | p=(  594.30  -386.51  13.13) v=8.22 m/s
[lio] t=1317401402.722 | feat 6504/81624 | map  30332 | icp ok  iter  8 corr  6464 rms 0.3210   55.16 ms | p=(  593.50  -386.22  13.16) v=8.23 m/s [KF]
[lio] t=1317401402.826 | feat 6729/82125 | map  30210 | icp ok  iter  6 corr  6701 rms 0.3017   38.95 ms | p=(  592.70  -385.92  13.18) v=8.31 m/s
[lio] t=1317401402.930 | feat 6796/82004 | map  30210 | icp ok  iter  7 corr  6761 rms 0.3622   48.40 ms | p=(  591.89  -385.62  13.20) v=8.36 m/s [KF]
[lio] t=1317401403.034 | feat 6834/81985 | map  30196 | icp ok  iter 11 corr  6832 rms 0.2757   78.88 ms | p=(  591.05  -385.31  13.23) v=8.53 m/s
[lio] t=1317401403.138 | feat 6811/82450 | map  30196 | icp ok  iter  9 corr  6803 rms 0.3158   60.92 ms | p=(  590.22  -385.00  13.25) v=8.55 m/s [KF]
[lio] t=1317401403.242 | feat 6881/82785 | map  29998 | icp ok  iter  4 corr  6864 rms 0.2902   34.72 ms | p=(  589.38  -384.68  13.27) v=8.64 m/s
[lio] t=1317401403.346 | feat 6978/82579 | map  29998 | icp ok  iter 12 corr  6929 rms 0.2923   86.37 ms | p=(  588.56  -384.37  13.30) v=8.58 m/s [KF]
[lio] t=1317401403.449 | feat 7077/82158 | map  29794 | icp ok  iter 13 corr  7066 rms 0.2957   99.42 ms | p=(  587.70  -384.04  13.32) v=8.76 m/s
[lio] t=1317401403.553 | feat 7149/82253 | map  29794 | icp ok  iter  7 corr  7132 rms 0.3124   58.49 ms | p=(  586.86  -383.72  13.34) v=8.70 m/s [KF]
[lio] t=1317401403.657 | feat 7049/82541 | map  29684 | icp ok  iter  7 corr  7041 rms 0.3006   54.24 ms | p=(  586.01  -383.40  13.37) v=8.75 m/s
[lio] t=1317401403.761 | feat 7201/82331 | map  29684 | icp ok  iter 12 corr  7113 rms 0.3273   92.82 ms | p=(  585.14  -383.08  13.39) v=8.83 m/s [KF]
[lio] t=1317401403.865 | feat 7219/82498 | map  29525 | icp ok  iter 10 corr  7169 rms 0.3789   79.13 ms | p=(  584.26  -382.76  13.42) v=8.93 m/s
[lio] t=1317401403.969 | feat 7221/82690 | map  29525 | icp ok  iter 13 corr  7116 rms 0.4039  104.18 ms | p=(  583.41  -382.45  13.44) v=8.81 m/s [KF]
[lio] t=1317401404.073 | feat 7286/82774 | map  29420 | icp ok  iter  4 corr  7279 rms 0.2905   40.78 ms | p=(  582.54  -382.13  13.45) v=8.92 m/s
[lio] t=1317401404.177 | feat 7267/83058 | map  29420 | icp ok  iter  7 corr  7257 rms 0.3427   56.30 ms | p=(  581.66  -381.81  13.47) v=9.01 m/s [KF]
[lio] t=1317401404.281 | feat 7234/83035 | map  29316 | icp ok  iter 16 corr  7216 rms 0.2728  117.12 ms | p=(  580.77  -381.50  13.50) v=9.06 m/s
[lio] t=1317401404.384 | feat 7335/82158 | map  29316 | icp ok  iter  9 corr  7284 rms 0.3443   73.20 ms | p=(  579.87  -381.18  13.52) v=9.13 m/s [KF]
[lio] t=1317401404.488 | feat 7412/81865 | map  29037 | icp ok  iter  4 corr  7332 rms 0.3612   34.82 ms | p=(  578.97  -380.88  13.55) v=9.12 m/s
[lio] t=1317401404.592 | feat 7489/82065 | map  29037 | icp ok  iter 14 corr  7229 rms 0.4012  105.34 ms | p=(  578.09  -380.57  13.56) v=9.06 m/s [KF]
[lio] t=1317401404.696 | feat 7465/81939 | map  29158 | icp ok  iter  7 corr  7449 rms 0.2847   63.01 ms | p=(  577.18  -380.25  13.58) v=9.19 m/s
[lio] t=1317401404.800 | feat 7445/81784 | map  29158 | icp ok  iter  6 corr  7406 rms 0.3286   47.55 ms | p=(  576.28  -379.94  13.59) v=9.22 m/s [KF]
[lio] t=1317401404.904 | feat 7204/82517 | map  29267 | icp ok  iter  8 corr  7180 rms 0.2818   65.58 ms | p=(  575.36  -379.63  13.61) v=9.31 m/s
[lio] t=1317401405.008 | feat 7166/83127 | map  29267 | icp ok  iter 11 corr  7074 rms 0.3496   88.87 ms | p=(  574.45  -379.33  13.63) v=9.25 m/s [KF]
[lio] t=1317401405.111 | feat 7297/83104 | map  29042 | icp ok  iter 10 corr  7202 rms 0.4065   78.51 ms | p=(  573.54  -379.02  13.67) v=9.26 m/s
[lio] t=1317401405.215 | feat 7381/82328 | map  29042 | icp ok  iter 11 corr  7199 rms 0.4757   89.19 ms | p=(  572.65  -378.72  13.69) v=9.12 m/s [KF]
[lio] t=1317401405.319 | feat 7559/81596 | map  29184 | icp ok  iter 11 corr  7494 rms 0.4753   94.32 ms | p=(  571.71  -378.39  13.71) v=9.42 m/s
[lio] t=1317401405.423 | feat 7579/81695 | map  29184 | icp ok  iter 12 corr  7497 rms 0.5166   94.03 ms | p=(  570.80  -378.08  13.72) v=9.36 m/s [KF]
[lio] t=1317401405.527 | feat 7872/82020 | map  29602 | icp ok  iter 11 corr  7813 rms 0.4708   87.64 ms | p=(  569.87  -377.74  13.77) v=9.47 m/s
[lio] t=1317401405.631 | feat 7938/82256 | map  29602 | icp ok  iter  9 corr  7840 rms 0.5252   75.98 ms | p=(  568.93  -377.42  13.79) v=9.55 m/s [KF]
[lio] t=1317401405.735 | feat 8272/82670 | map  30326 | icp ok  iter  9 corr  8239 rms 0.4704   78.70 ms | p=(  567.98  -377.08  13.80) v=9.69 m/s [KF]
[lio] t=1317401405.839 | feat 8485/82809 | map  31023 | icp ok  iter 11 corr  8443 rms 0.4311   93.15 ms | p=(  567.04  -376.72  13.83) v=9.67 m/s
[lio] t=1317401405.943 | feat 8499/82848 | map  31023 | icp ok  iter  4 corr  8471 rms 0.4608   43.92 ms | p=(  566.10  -376.37  13.85) v=9.71 m/s [KF]
[lio] t=1317401406.047 | feat 8528/82832 | map  31704 | icp ok  iter  9 corr  8527 rms 0.3402   76.19 ms | p=(  565.15  -376.00  13.87) v=9.78 m/s [KF]
[lio] t=1317401406.151 | feat 8166/82994 | map  32230 | icp ok  iter 11 corr  8162 rms 0.3102   94.46 ms | p=(  564.20  -375.64  13.90) v=9.81 m/s [KF]
[lio] t=1317401406.254 | feat 7724/82885 | map  32655 | icp ok  iter  9 corr  7719 rms 0.2869   75.51 ms | p=(  563.25  -375.28  13.92) v=9.83 m/s [KF]
[lio] t=1317401406.358 | feat 7360/82841 | map  32917 | icp ok  iter  8 corr  7355 rms 0.2867   60.89 ms | p=(  562.30  -374.90  13.93) v=9.85 m/s [KF]
[lio] t=1317401406.462 | feat 6933/83426 | map  32983 | icp ok  iter  7 corr  6928 rms 0.2532   52.19 ms | p=(  561.35  -374.54  13.96) v=9.87 m/s [KF]
[lio] t=1317401406.566 | feat 6821/83916 | map  32890 | icp ok  iter  9 corr  6819 rms 0.2856   63.12 ms | p=(  560.38  -374.16  13.98) v=9.97 m/s [KF]
[lio] t=1317401406.670 | feat 6958/83912 | map  32889 | icp ok  iter 12 corr  6950 rms 0.2882   84.64 ms | p=(  559.40  -373.78  14.00) v=10.07 m/s [KF]
[lio] t=1317401406.774 | feat 6896/84070 | map  32930 | icp ok  iter  6 corr  6891 rms 0.2791   51.24 ms | p=(  558.42  -373.39  14.01) v=10.16 m/s [KF]
[lio] t=1317401406.878 | feat 6950/84169 | map  32876 | icp ok  iter 14 corr  6945 rms 0.2844  102.04 ms | p=(  557.42  -373.00  14.03) v=10.28 m/s [KF]
[lio] t=1317401406.981 | feat 6915/84278 | map  32839 | icp ok  iter 16 corr  6895 rms 0.2626  117.76 ms | p=(  556.41  -372.60  14.05) v=10.44 m/s [KF]
[lio] t=1317401407.085 | feat 6973/84243 | map  32715 | icp ok  iter  8 corr  6953 rms 0.2838   59.48 ms | p=(  555.40  -372.21  14.08) v=10.45 m/s [KF]
[lio] t=1317401407.189 | feat 7075/84310 | map  32617 | icp ok  iter  3 corr  7056 rms 0.2544   27.06 ms | p=(  554.39  -371.82  14.11) v=10.43 m/s [KF]
[lio] t=1317401407.293 | feat 7170/84620 | map  32428 | icp ok  iter  9 corr  7158 rms 0.2768   71.20 ms | p=(  553.39  -371.43  14.13) v=10.40 m/s [KF]
[lio] t=1317401407.397 | feat 7306/84340 | map  32310 | icp ok  iter  8 corr  7296 rms 0.2873   62.68 ms | p=(  552.38  -371.05  14.15) v=10.41 m/s [KF]
[lio] t=1317401407.501 | feat 7347/83873 | map  32103 | icp ok  iter 15 corr  7336 rms 0.2589  121.53 ms | p=(  551.34  -370.64  14.18) v=10.66 m/s [KF]
[lio] t=1317401407.604 | feat 7531/83355 | map  31762 | icp ok  iter  8 corr  7510 rms 0.2647   61.70 ms | p=(  550.31  -370.25  14.22) v=10.62 m/s [KF]
[lio] t=1317401407.708 | feat 7459/83351 | map  31531 | icp ok  iter  8 corr  7448 rms 0.2863   65.93 ms | p=(  549.29  -369.87  14.24) v=10.51 m/s [KF]
[lio] t=1317401407.812 | feat 7621/83557 | map  31361 | icp ok  iter  7 corr  7615 rms 0.2859   52.89 ms | p=(  548.27  -369.49  14.26) v=10.48 m/s [KF]
[lio] t=1317401407.916 | feat 7649/83975 | map  31119 | icp ok  iter  8 corr  7646 rms 0.2882   67.15 ms | p=(  547.24  -369.10  14.29) v=10.52 m/s [KF]
[lio] t=1317401408.020 | feat 7808/83966 | map  30805 | icp ok  iter  9 corr  7807 rms 0.2975   73.58 ms | p=(  546.21  -368.72  14.33) v=10.55 m/s [KF]
[lio] t=1317401408.123 | feat 7921/84231 | map  30562 | icp ok  iter 11 corr  7899 rms 0.2955   93.10 ms | p=(  545.18  -368.33  14.35) v=10.59 m/s [KF]
[lio] t=1317401408.227 | feat 8156/84098 | map  30247 | icp ok  iter 10 corr  8125 rms 0.3301   82.88 ms | p=(  544.15  -367.95  14.38) v=10.54 m/s [KF]
[lio] t=1317401408.331 | feat 8163/83946 | map  30018 | icp ok  iter  7 corr  8104 rms 0.3275   64.39 ms | p=(  543.13  -367.57  14.40) v=10.50 m/s [KF]
[lio] t=1317401408.435 | feat 8114/84099 | map  29790 | icp ok  iter  7 corr  8066 rms 0.3693   56.86 ms | p=(  542.12  -367.19  14.42) v=10.44 m/s [KF]
[lio] t=1317401408.539 | feat 7932/84134 | map  29399 | icp ok  iter  9 corr  7902 rms 0.3689   82.60 ms | p=(  541.08  -366.81  14.45) v=10.57 m/s [KF]
[lio] t=1317401408.643 | feat 7658/84387 | map  29106 | icp ok  iter  7 corr  7650 rms 0.3212   57.32 ms | p=(  540.04  -366.44  14.46) v=10.58 m/s [KF]
[lio] t=1317401408.746 | feat 7863/84522 | map  28669 | icp ok  iter  6 corr  7857 rms 0.3173   55.91 ms | p=(  539.02  -366.07  14.48) v=10.47 m/s [KF]
[lio] t=1317401408.850 | feat 8182/84323 | map  28374 | icp ok  iter 11 corr  8179 rms 0.3025   96.10 ms | p=(  537.99  -365.70  14.52) v=10.54 m/s [KF]
[lio] t=1317401408.954 | feat 8294/84182 | map  28339 | icp ok  iter  6 corr  8276 rms 0.2891   53.42 ms | p=(  536.96  -365.33  14.54) v=10.53 m/s [KF]
[lio] t=1317401409.058 | feat 8459/84169 | map  28361 | icp ok  iter 10 corr  8444 rms 0.3296   90.11 ms | p=(  535.91  -364.96  14.56) v=10.60 m/s [KF]
[lio] t=1317401409.162 | feat 8588/84047 | map  28575 | icp ok  iter  7 corr  8565 rms 0.3299   64.69 ms | p=(  534.89  -364.59  14.58) v=10.54 m/s [KF]
[lio] t=1317401409.266 | feat 8662/83720 | map  28918 | icp ok  iter 11 corr  8621 rms 0.3519   94.00 ms | p=(  533.85  -364.22  14.61) v=10.57 m/s [KF]
[lio] t=1317401409.369 | feat 8777/83327 | map  29279 | icp ok  iter  6 corr  8771 rms 0.3272   52.64 ms | p=(  532.82  -363.85  14.64) v=10.55 m/s [KF]
[lio] t=1317401409.473 | feat 8791/83157 | map  29540 | icp ok  iter  5 corr  8790 rms 0.2703   52.97 ms | p=(  531.78  -363.49  14.66) v=10.57 m/s [KF]
[lio] t=1317401409.577 | feat 8735/82566 | map  29731 | icp ok  iter 10 corr  8732 rms 0.2675   92.38 ms | p=(  530.73  -363.13  14.69) v=10.62 m/s [KF]
[lio] t=1317401409.681 | feat 8705/82114 | map  29933 | icp ok  iter  7 corr  8698 rms 0.2743   64.62 ms | p=(  529.69  -362.77  14.72) v=10.58 m/s [KF]
[lio] t=1317401409.785 | feat 8789/81663 | map  30115 | icp ok  iter  7 corr  8787 rms 0.2693   62.99 ms | p=(  528.65  -362.41  14.75) v=10.59 m/s [KF]
[lio] t=1317401409.889 | feat 8823/81027 | map  30204 | icp ok  iter  8 corr  8811 rms 0.2817   71.50 ms | p=(  527.62  -362.06  14.77) v=10.56 m/s [KF]
[lio] t=1317401409.992 | feat 8825/79950 | map  30297 | icp ok  iter  5 corr  8824 rms 0.2904   56.15 ms | p=(  526.57  -361.70  14.80) v=10.60 m/s [KF]
[lio] t=1317401410.096 | feat 8720/78683 | map  30454 | icp ok  iter  6 corr  8704 rms 0.2555   62.43 ms | p=(  525.52  -361.34  14.82) v=10.61 m/s [KF]
[lio] t=1317401410.200 | feat 8662/77276 | map  30583 | icp ok  iter  3 corr  8643 rms 0.2437   29.66 ms | p=(  524.48  -360.99  14.85) v=10.58 m/s [KF]
[lio] t=1317401410.304 | feat 8659/76547 | map  30587 | icp ok  iter  8 corr  8647 rms 0.2568   75.59 ms | p=(  523.43  -360.63  14.87) v=10.61 m/s [KF]
[lio] t=1317401410.408 | feat 8561/76936 | map  30577 | icp ok  iter  5 corr  8545 rms 0.2459   50.07 ms | p=(  522.40  -360.28  14.88) v=10.53 m/s [KF]
[lio] t=1317401410.511 | feat 8454/78081 | map  30392 | icp ok  iter  3 corr  8435 rms 0.2546   28.94 ms | p=(  521.36  -359.93  14.90) v=10.48 m/s [KF]
[lio] t=1317401410.615 | feat 8491/79649 | map  30164 | icp ok  iter  6 corr  8477 rms 0.2696   47.76 ms | p=(  520.34  -359.59  14.92) v=10.36 m/s [KF]
[lio] t=1317401410.719 | feat 8441/80894 | map  30072 | icp ok  iter  6 corr  8436 rms 0.2758   50.14 ms | p=(  519.33  -359.25  14.95) v=10.20 m/s [KF]
[lio] t=1317401410.823 | feat 8345/81394 | map  29926 | icp ok  iter 11 corr  8341 rms 0.2685   88.95 ms | p=(  518.32  -358.91  14.97) v=10.10 m/s [KF]
[lio] t=1317401410.927 | feat 8320/81771 | map  29633 | icp ok  iter  3 corr  8306 rms 0.2781   29.91 ms | p=(  517.34  -358.58  15.00) v=9.86 m/s [KF]
[lio] t=1317401411.030 | feat 8148/82303 | map  29270 | icp ok  iter 10 corr  8133 rms 0.2729   76.20 ms | p=(  516.38  -358.26  15.02) v=9.68 m/s [KF]
[lio] t=1317401411.134 | feat 8010/82752 | map  29086 | icp ok  iter  5 corr  8002 rms 0.2771   40.88 ms | p=(  515.43  -357.95  15.04) v=9.45 m/s
[lio] t=1317401411.238 | feat 7969/82935 | map  29086 | icp ok  iter  8 corr  7951 rms 0.3233   66.54 ms | p=(  514.51  -357.63  15.07) v=9.24 m/s [KF]
[lio] t=1317401411.342 | feat 7940/82880 | map  29201 | icp ok  iter 10 corr  7937 rms 0.3066   83.83 ms | p=(  513.60  -357.33  15.09) v=9.09 m/s
[lio] t=1317401411.445 | feat 7761/82806 | map  29201 | icp ok  iter  9 corr  7759 rms 0.3296   64.50 ms | p=(  512.72  -357.03  15.11) v=8.83 m/s [KF]
[lio] t=1317401411.549 | feat 7563/82524 | map  29537 | icp ok  iter  8 corr  7556 rms 0.2999   64.51 ms | p=(  511.86  -356.75  15.14) v=8.60 m/s
[lio] t=1317401411.653 | feat 7532/82485 | map  29537 | icp ok  iter  7 corr  7522 rms 0.3532   66.99 ms | p=(  511.06  -356.48  15.16) v=8.17 m/s [KF]
[lio] t=1317401411.757 | feat 7549/82433 | map  29844 | icp ok  iter 13 corr  7540 rms 0.2954  102.58 ms | p=(  510.22  -356.20  15.19) v=8.30 m/s
[lio] t=1317401411.861 | feat 7560/82215 | map  29844 | icp ok  iter 10 corr  7543 rms 0.3309   87.05 ms | p=(  509.39  -355.93  15.20) v=8.35 m/s [KF]
[lio] t=1317401411.965 | feat 7474/82022 | map  29985 | icp ok  iter  6 corr  7474 rms 0.2976   57.41 ms | p=(  508.56  -355.65  15.21) v=8.37 m/s
[lio] t=1317401412.069 | feat 7281/81278 | map  29985 | icp ok  iter 13 corr  7278 rms 0.3214   99.89 ms | p=(  507.76  -355.38  15.23) v=8.19 m/s [KF]
[lio] t=1317401412.173 | feat 7128/80754 | map  29964 | icp ok  iter 11 corr  7123 rms 0.2825   87.15 ms | p=(  506.93  -355.09  15.24) v=8.37 m/s
[lio] t=1317401412.276 | feat 6809/80534 | map  29964 | icp ok  iter  8 corr  6805 rms 0.3170   56.85 ms | p=(  506.11  -354.80  15.26) v=8.30 m/s [KF]
[lio] t=1317401412.380 | feat 6674/80244 | map  29862 | icp ok  iter 15 corr  6666 rms 0.3039  101.63 ms | p=(  505.30  -354.50  15.27) v=8.29 m/s
[lio] t=1317401412.484 | feat 6586/80201 | map  29862 | icp ok  iter 11 corr  6574 rms 0.3176   79.07 ms | p=(  504.48  -354.21  15.29) v=8.31 m/s [KF]
[lio] t=1317401412.588 | feat 6655/80801 | map  29519 | icp ok  iter  9 corr  6652 rms 0.3186   65.28 ms | p=(  503.67  -353.91  15.31) v=8.31 m/s
[lio] t=1317401412.692 | feat 6646/81264 | map  29519 | icp ok  iter 11 corr  6541 rms 0.3778   81.06 ms | p=(  502.88  -353.63  15.32) v=8.12 m/s [KF]
[lio] t=1317401412.796 | feat 6718/81395 | map  29322 | icp ok  iter 11 corr  6616 rms 0.3210   83.13 ms | p=(  502.06  -353.34  15.34) v=8.24 m/s
[lio] t=1317401412.900 | feat 6780/81890 | map  29322 | icp ok  iter  5 corr  6595 rms 0.3804   37.19 ms | p=(  501.26  -353.06  15.35) v=8.22 m/s [KF]
[lio] t=1317401413.003 | feat 6846/81849 | map  29378 | icp ok  iter  7 corr  6836 rms 0.2813   53.60 ms | p=(  500.44  -352.76  15.37) v=8.34 m/s
[lio] t=1317401413.107 | feat 6809/81678 | map  29378 | icp ok  iter  8 corr  6799 rms 0.3242   58.55 ms | p=(  499.62  -352.47  15.39) v=8.36 m/s [KF]
[lio] t=1317401413.211 | feat 6731/81623 | map  29340 | icp ok  iter  8 corr  6716 rms 0.2760   59.25 ms | p=(  498.80  -352.20  15.40) v=8.36 m/s
[lio] t=1317401413.315 | feat 6639/81503 | map  29340 | icp ok  iter  4 corr  6620 rms 0.3000   33.64 ms | p=(  497.98  -351.92  15.43) v=8.34 m/s [KF]
[lio] t=1317401413.419 | feat 6544/82156 | map  29352 | icp ok  iter  6 corr  6539 rms 0.2629   50.08 ms | p=(  497.15  -351.63  15.45) v=8.46 m/s
[lio] t=1317401413.523 | feat 6655/81994 | map  29352 | icp ok  iter 11 corr  6637 rms 0.3386   72.93 ms | p=(  496.32  -351.35  15.47) v=8.44 m/s [KF]
[lio] t=1317401413.627 | feat 6716/80621 | map  29313 | icp ok  iter  7 corr  6703 rms 0.2916   55.26 ms | p=(  495.47  -351.06  15.48) v=8.58 m/s
[lio] t=1317401413.731 | feat 6789/79642 | map  29313 | icp ok  iter  7 corr  6763 rms 0.3361   53.17 ms | p=(  494.64  -350.78  15.50) v=8.52 m/s [KF]
[lio] t=1317401413.835 | feat 6891/79334 | map  29248 | icp ok  iter 12 corr  6878 rms 0.2799   87.55 ms | p=(  493.78  -350.48  15.52) v=8.69 m/s
[lio] t=1317401413.939 | feat 7060/79301 | map  29248 | icp ok  iter 10 corr  7040 rms 0.3486   74.23 ms | p=(  492.94  -350.19  15.54) v=8.61 m/s [KF]
[lio] t=1317401414.043 | feat 7097/79963 | map  29244 | icp ok  iter  9 corr  7089 rms 0.3065   70.61 ms | p=(  492.07  -349.88  15.55) v=8.78 m/s
[lio] t=1317401414.147 | feat 7100/80915 | map  29244 | icp ok  iter  6 corr  7060 rms 0.3643   46.48 ms | p=(  491.22  -349.57  15.57) v=8.78 m/s [KF]
[lio] t=1317401414.251 | feat 7219/80602 | map  29318 | icp ok  iter  6 corr  7152 rms 0.3175   43.82 ms | p=(  490.35  -349.26  15.59) v=8.85 m/s
[lio] t=1317401414.355 | feat 7367/78721 | map  29318 | icp ok  iter  6 corr  7187 rms 0.3614   43.45 ms | p=(  489.48  -348.96  15.61) v=8.89 m/s [KF]
[lio] t=1317401414.459 | feat 7632/77170 | map  29596 | icp ok  iter 10 corr  7608 rms 0.3851   77.56 ms | p=(  488.60  -348.63  15.63) v=9.02 m/s
[lio] t=1317401414.562 | feat 7970/76429 | map  29596 | icp ok  iter  9 corr  7876 rms 0.4918   69.41 ms | p=(  487.72  -348.33  15.65) v=9.00 m/s [KF]
[lio] t=1317401414.666 | feat 8035/76542 | map  30175 | icp ok  iter  6 corr  8023 rms 0.3238   46.38 ms | p=(  486.83  -348.01  15.67) v=9.07 m/s
[lio] t=1317401414.770 | feat 8090/77939 | map  30175 | icp ok  iter  6 corr  8060 rms 0.3858   45.03 ms | p=(  485.94  -347.69  15.69) v=9.11 m/s [KF]
[lio] t=1317401414.874 | feat 8022/78447 | map  30699 | icp ok  iter  7 corr  8013 rms 0.3073   54.34 ms | p=(  485.04  -347.38  15.71) v=9.20 m/s
[lio] t=1317401414.978 | feat 7949/78184 | map  30699 | icp ok  iter  5 corr  7934 rms 0.3596   43.02 ms | p=(  484.13  -347.05  15.72) v=9.29 m/s [KF]
[lio] t=1317401415.082 | feat 7819/78221 | map  31164 | icp ok  iter  7 corr  7814 rms 0.2959   62.49 ms | p=(  483.20  -346.72  15.74) v=9.45 m/s
[lio] t=1317401415.186 | feat 7622/78566 | map  31164 | icp ok  iter  9 corr  7621 rms 0.3238   73.24 ms | p=(  482.29  -346.40  15.76) v=9.38 m/s [KF]
[lio] t=1317401415.290 | feat 7454/79081 | map  31391 | icp ok  iter  7 corr  7446 rms 0.2962   52.60 ms | p=(  481.36  -346.07  15.78) v=9.50 m/s
[lio] t=1317401415.394 | feat 7335/79043 | map  31391 | icp ok  iter  7 corr  7329 rms 0.3145   57.77 ms | p=(  480.43  -345.73  15.79) v=9.56 m/s [KF]
[lio] t=1317401415.498 | feat 7411/79295 | map  31414 | icp ok  iter  5 corr  7400 rms 0.2988   39.14 ms | p=(  479.49  -345.39  15.81) v=9.61 m/s
[lio] t=1317401415.602 | feat 7322/79621 | map  31414 | icp ok  iter  9 corr  7307 rms 0.3127   70.37 ms | p=(  478.55  -345.05  15.82) v=9.65 m/s [KF]
[lio] t=1317401415.706 | feat 7164/79902 | map  31473 | icp ok  iter  8 corr  7154 rms 0.3016   63.13 ms | p=(  477.61  -344.70  15.85) v=9.72 m/s [KF]
[lio] t=1317401415.810 | feat 7081/80157 | map  31495 | icp ok  iter  8 corr  7079 rms 0.3265   62.13 ms | p=(  476.65  -344.34  15.86) v=9.80 m/s [KF]
[lio] t=1317401415.914 | feat 7089/80237 | map  31415 | icp ok  iter  6 corr  7069 rms 0.3123   42.39 ms | p=(  475.70  -343.99  15.88) v=9.81 m/s [KF]
[lio] t=1317401416.018 | feat 6923/80148 | map  31188 | icp ok  iter  9 corr  6915 rms 0.3060   61.11 ms | p=(  474.74  -343.62  15.89) v=9.86 m/s [KF]
[lio] t=1317401416.121 | feat 6787/79840 | map  30879 | icp ok  iter  8 corr  6777 rms 0.2862   53.50 ms | p=(  473.79  -343.26  15.90) v=9.84 m/s [KF]
[lio] t=1317401416.225 | feat 6616/79766 | map  30576 | icp ok  iter  8 corr  6614 rms 0.3195   54.31 ms | p=(  472.83  -342.90  15.91) v=9.90 m/s [KF]
[lio] t=1317401416.329 | feat 6424/80366 | map  30276 | icp ok  iter  6 corr  6417 rms 0.2825   39.90 ms | p=(  471.86  -342.53  15.92) v=9.96 m/s [KF]
[lio] t=1317401416.433 | feat 6332/80816 | map  29767 | icp ok  iter  4 corr  6327 rms 0.2961   25.32 ms | p=(  470.89  -342.16  15.93) v=10.01 m/s [KF]
[lio] t=1317401416.537 | feat 6318/81312 | map  29323 | icp ok  iter  6 corr  6311 rms 0.2725   37.16 ms | p=(  469.92  -341.79  15.94) v=10.05 m/s [KF]
[lio] t=1317401416.641 | feat 6153/80880 | map  29124 | icp ok  iter 15 corr  6147 rms 0.2779   92.28 ms | p=(  468.92  -341.41  15.95) v=10.18 m/s [KF]
[lio] t=1317401416.745 | feat 6124/81119 | map  28907 | icp ok  iter  4 corr  6111 rms 0.2745   29.14 ms | p=(  467.92  -341.04  15.96) v=10.25 m/s [KF]
[lio] t=1317401416.849 | feat 6141/81708 | map  28690 | icp ok  iter  6 corr  6136 rms 0.2760   49.05 ms | p=(  466.89  -340.65  15.98) v=10.50 m/s [KF]
[lio] t=1317401416.953 | feat 6339/82089 | map  28307 | icp ok  iter  7 corr  6313 rms 0.2991   48.89 ms | p=(  465.88  -340.27  15.99) v=10.46 m/s [KF]
[lio] t=1317401417.057 | feat 6339/82861 | map  27960 | icp ok  iter  8 corr  6334 rms 0.2651   51.40 ms | p=(  464.87  -339.89  16.00) v=10.44 m/s [KF]
[lio] t=1317401417.161 | feat 6400/83940 | map  27656 | icp ok  iter  8 corr  6390 rms 0.3124   51.52 ms | p=(  463.86  -339.51  16.01) v=10.43 m/s [KF]
[lio] t=1317401417.265 | feat 6513/84024 | map  27462 | icp ok  iter  9 corr  6501 rms 0.2892   60.78 ms | p=(  462.84  -339.12  16.03) v=10.53 m/s [KF]
[lio] t=1317401417.368 | feat 6569/84276 | map  27252 | icp ok  iter 13 corr  6553 rms 0.3100   90.56 ms | p=(  461.78  -338.75  16.05) v=10.70 m/s [KF]
[lio] t=1317401417.472 | feat 6706/83997 | map  27219 | icp ok  iter  5 corr  6677 rms 0.3549   39.00 ms | p=(  460.74  -338.36  16.08) v=10.72 m/s [KF]
[lio] t=1317401417.576 | feat 6866/84198 | map  27147 | icp ok  iter 10 corr  6841 rms 0.3444   70.75 ms | p=(  459.71  -337.99  16.10) v=10.66 m/s [KF]
[lio] t=1317401417.680 | feat 6847/84198 | map  27033 | icp ok  iter  5 corr  6827 rms 0.3525   36.42 ms | p=(  458.66  -337.60  16.13) v=10.74 m/s [KF]
[lio] t=1317401417.784 | feat 6943/84160 | map  26643 | icp ok  iter  4 corr  6929 rms 0.3295   35.05 ms | p=(  457.60  -337.22  16.16) v=10.83 m/s [KF]
[lio] t=1317401417.888 | feat 7135/84180 | map  26227 | icp ok  iter  5 corr  7127 rms 0.2967   40.99 ms | p=(  456.53  -336.83  16.18) v=10.91 m/s [KF]
[lio] t=1317401417.992 | feat 7172/83893 | map  25966 | icp ok  iter  4 corr  7160 rms 0.2891   41.35 ms | p=(  455.48  -336.45  16.19) v=10.84 m/s [KF]
[lio] t=1317401418.096 | feat 7279/84034 | map  25900 | icp ok  iter  7 corr  7278 rms 0.3117   55.44 ms | p=(  454.42  -336.06  16.21) v=10.91 m/s [KF]
[lio] t=1317401418.199 | feat 7283/84079 | map  25862 | icp ok  iter 14 corr  7265 rms 0.3007  105.29 ms | p=(  453.33  -335.67  16.26) v=11.10 m/s [KF]
[lio] t=1317401418.303 | feat 7299/83947 | map  25861 | icp ok  iter  8 corr  7296 rms 0.3162   62.40 ms | p=(  452.26  -335.28  16.28) v=11.03 m/s [KF]
[lio] t=1317401418.407 | feat 7375/84050 | map  25881 | icp ok  iter  5 corr  7373 rms 0.3124   41.30 ms | p=(  451.18  -334.89  16.30) v=11.06 m/s [KF]
[lio] t=1317401418.511 | feat 7541/84025 | map  25886 | icp ok  iter  7 corr  7533 rms 0.3075   56.43 ms | p=(  450.10  -334.50  16.31) v=11.07 m/s [KF]
[lio] t=1317401418.615 | feat 7649/83678 | map  25953 | icp ok  iter 10 corr  7646 rms 0.3080   79.98 ms | p=(  449.00  -334.11  16.32) v=11.17 m/s [KF]
[lio] t=1317401418.719 | feat 7656/83106 | map  26134 | icp ok  iter  5 corr  7652 rms 0.2853   46.22 ms | p=(  447.92  -333.73  16.33) v=11.11 m/s [KF]
[lio] t=1317401418.822 | feat 7933/82760 | map  26195 | icp ok  iter  8 corr  7926 rms 0.2793   66.66 ms | p=(  446.82  -333.34  16.34) v=11.14 m/s [KF]
[lio] t=1317401418.926 | feat 8076/82474 | map  26325 | icp ok  iter 10 corr  8045 rms 0.3034   77.71 ms | p=(  445.73  -332.95  16.36) v=11.14 m/s [KF]
[lio] t=1317401419.030 | feat 8261/82448 | map  26522 | icp ok  iter 10 corr  8228 rms 0.3413   83.12 ms | p=(  444.66  -332.56  16.37) v=11.02 m/s [KF]
[lio] t=1317401419.134 | feat 8433/82479 | map  26842 | icp ok  iter  7 corr  8415 rms 0.3307   63.53 ms | p=(  443.57  -332.17  16.39) v=11.06 m/s [KF]
[lio] t=1317401419.238 | feat 8416/82445 | map  27291 | icp ok  iter  6 corr  8405 rms 0.2857   57.64 ms | p=(  442.48  -331.78  16.40) v=11.09 m/s [KF]
[lio] t=1317401419.341 | feat 8519/82527 | map  27644 | icp ok  iter  7 corr  8516 rms 0.2652   64.62 ms | p=(  441.40  -331.39  16.41) v=11.04 m/s [KF]
[lio] t=1317401419.445 | feat 8571/82316 | map  27950 | icp ok  iter  6 corr  8563 rms 0.2611   53.60 ms | p=(  440.33  -331.01  16.43) v=10.98 m/s [KF]
[lio] t=1317401419.549 | feat 8557/81648 | map  28187 | icp ok  iter  8 corr  8519 rms 0.2721   73.77 ms | p=(  439.25  -330.61  16.45) v=11.01 m/s [KF]
[lio] t=1317401419.653 | feat 8579/81874 | map  28294 | icp ok  iter  5 corr  8564 rms 0.2860   47.59 ms | p=(  438.17  -330.23  16.47) v=10.99 m/s [KF]
[lio] t=1317401419.757 | feat 8546/82604 | map  28513 | icp ok  iter  7 corr  8544 rms 0.2575   59.08 ms | p=(  437.11  -329.84  16.48) v=10.92 m/s [KF]
[lio] t=1317401419.860 | feat 8563/82493 | map  28660 | icp ok  iter  5 corr  8557 rms 0.2585   46.35 ms | p=(  436.04  -329.45  16.50) v=10.88 m/s [KF]
[lio] t=1317401419.964 | feat 8432/82511 | map  28847 | icp ok  iter  7 corr  8415 rms 0.2658   56.69 ms | p=(  434.99  -329.07  16.52) v=10.81 m/s [KF]
[lio] t=1317401420.068 | feat 8489/82350 | map  29022 | icp ok  iter  5 corr  8471 rms 0.2601   45.96 ms | p=(  433.93  -328.68  16.54) v=10.78 m/s [KF]
[lio] t=1317401420.172 | feat 8396/82035 | map  29113 | icp ok  iter  6 corr  8386 rms 0.2617   51.48 ms | p=(  432.88  -328.30  16.56) v=10.74 m/s [KF]
[lio] t=1317401420.275 | feat 8360/81759 | map  29068 | icp ok  iter  3 corr  8357 rms 0.2824   28.23 ms | p=(  431.84  -327.92  16.58) v=10.67 m/s [KF]
[lio] t=1317401420.379 | feat 8432/82003 | map  29032 | icp ok  iter 10 corr  8425 rms 0.2760   85.56 ms | p=(  430.79  -327.55  16.60) v=10.67 m/s [KF]
[lio] t=1317401420.483 | feat 8288/82034 | map  28954 | icp ok  iter  6 corr  8286 rms 0.2822   49.66 ms | p=(  429.75  -327.17  16.61) v=10.62 m/s [KF]
[lio] t=1317401420.587 | feat 8177/81865 | map  28857 | icp ok  iter  4 corr  8160 rms 0.2964   37.40 ms | p=(  428.71  -326.80  16.63) v=10.57 m/s [KF]
[lio] t=1317401420.690 | feat 8024/81688 | map  28761 | icp ok  iter 11 corr  8006 rms 0.3081   88.04 ms | p=(  427.67  -326.42  16.65) v=10.59 m/s [KF]
[lio] t=1317401420.794 | feat 8272/81386 | map  28825 | icp ok  iter 10 corr  8264 rms 0.3176   79.61 ms | p=(  426.65  -326.05  16.68) v=10.46 m/s [KF]
[lio] t=1317401420.898 | feat 8349/81198 | map  29030 | icp ok  iter  8 corr  8338 rms 0.3038   66.90 ms | p=(  425.63  -325.68  16.71) v=10.41 m/s [KF]
[lio] t=1317401421.002 | feat 8295/81269 | map  29195 | icp ok  iter  9 corr  8289 rms 0.2983   70.57 ms | p=(  424.61  -325.32  16.73) v=10.37 m/s [KF]
[lio] t=1317401421.106 | feat 8000/81124 | map  29366 | icp ok  iter  5 corr  7967 rms 0.2789   43.08 ms | p=(  423.60  -324.95  16.74) v=10.30 m/s [KF]
[lio] t=1317401421.210 | feat 8000/81370 | map  29379 | icp ok  iter  7 corr  7986 rms 0.3198   54.69 ms | p=(  422.60  -324.59  16.76) v=10.24 m/s [KF]
[lio] t=1317401421.313 | feat 8018/81663 | map  29506 | icp ok  iter  7 corr  8010 rms 0.2982   58.35 ms | p=(  421.61  -324.22  16.79) v=10.19 m/s [KF]
[lio] t=1317401421.417 | feat 7959/81390 | map  29659 | icp ok  iter 14 corr  7955 rms 0.3090  103.80 ms | p=(  420.60  -323.85  16.80) v=10.22 m/s [KF]
[lio] t=1317401421.521 | feat 7783/81778 | map  29817 | icp ok  iter  7 corr  7779 rms 0.3118   56.20 ms | p=(  419.61  -323.49  16.83) v=10.17 m/s [KF]
[lio] t=1317401421.625 | feat 7546/82179 | map  29790 | icp ok  iter  7 corr  7541 rms 0.2811   53.88 ms | p=(  418.63  -323.13  16.84) v=10.05 m/s [KF]
[lio] t=1317401421.729 | feat 7501/82252 | map  29723 | icp ok  iter  7 corr  7497 rms 0.2675   50.79 ms | p=(  417.65  -322.77  16.87) v=10.00 m/s [KF]
[lio] t=1317401421.832 | feat 7379/82531 | map  29462 | icp ok  iter  7 corr  7366 rms 0.2563   51.28 ms | p=(  416.67  -322.40  16.87) v=9.99 m/s [KF]
[lio] t=1317401421.936 | feat 7388/83082 | map  29163 | icp ok  iter  9 corr  7381 rms 0.2900   71.26 ms | p=(  415.69  -322.04  16.87) v=10.02 m/s [KF]
[lio] t=1317401422.040 | feat 7226/83105 | map  29092 | icp ok  iter 11 corr  7225 rms 0.2929   86.38 ms | p=(  414.74  -321.68  16.87) v=9.86 m/s [KF]
[lio] t=1317401422.144 | feat 7137/83100 | map  29034 | icp ok  iter  8 corr  7132 rms 0.2761   60.94 ms | p=(  413.79  -321.32  16.88) v=9.78 m/s [KF]
[lio] t=1317401422.248 | feat 7233/83049 | map  28808 | icp ok  iter  7 corr  7231 rms 0.2830   58.59 ms | p=(  412.82  -320.96  16.89) v=9.85 m/s [KF]
[lio] t=1317401422.351 | feat 7210/82987 | map  28591 | icp ok  iter  6 corr  7207 rms 0.2786   46.48 ms | p=(  411.87  -320.60  16.90) v=9.79 m/s [KF]
[lio] t=1317401422.455 | feat 7106/82447 | map  28316 | icp ok  iter  9 corr  7105 rms 0.2663   63.18 ms | p=(  410.92  -320.25  16.90) v=9.73 m/s [KF]
[lio] t=1317401422.559 | feat 7162/82450 | map  27929 | icp ok  iter  6 corr  7153 rms 0.2885   41.06 ms | p=(  409.97  -319.89  16.90) v=9.70 m/s [KF]
[lio] t=1317401422.663 | feat 7188/82670 | map  27678 | icp ok  iter  4 corr  7180 rms 0.2847   32.31 ms | p=(  409.03  -319.54  16.90) v=9.64 m/s [KF]
[lio] t=1317401422.767 | feat 7178/82792 | map  27548 | icp ok  iter  7 corr  7177 rms 0.2686   59.98 ms | p=(  408.08  -319.19  16.92) v=9.68 m/s [KF]
[lio] t=1317401422.870 | feat 7156/83185 | map  27434 | icp ok  iter  6 corr  7153 rms 0.2612   46.41 ms | p=(  407.14  -318.84  16.92) v=9.65 m/s [KF]
[lio] t=1317401422.974 | feat 7109/83244 | map  27269 | icp ok  iter  5 corr  7102 rms 0.2473   38.10 ms | p=(  406.20  -318.49  16.92) v=9.64 m/s [KF]
[lio] t=1317401423.078 | feat 7029/83337 | map  27026 | icp ok  iter  9 corr  7020 rms 0.2725   62.17 ms | p=(  405.26  -318.14  16.94) v=9.59 m/s
[lio] t=1317401423.182 | feat 6894/82852 | map  27026 | icp ok  iter 10 corr  6869 rms 0.3201   70.70 ms | p=(  404.32  -317.80  16.94) v=9.56 m/s [KF]
[lio] t=1317401423.286 | feat 6947/82773 | map  26972 | icp ok  iter  5 corr  6945 rms 0.2845   35.07 ms | p=(  403.39  -317.46  16.95) v=9.51 m/s
[lio] t=1317401423.389 | feat 6974/83292 | map  26972 | icp ok  iter  5 corr  6968 rms 0.2984   35.83 ms | p=(  402.46  -317.12  16.96) v=9.49 m/s [KF]
[lio] t=1317401423.493 | feat 6868/83450 | map  26962 | icp ok  iter  6 corr  6865 rms 0.2839   41.51 ms | p=(  401.53  -316.79  16.96) v=9.46 m/s
[lio] t=1317401423.597 | feat 6840/83638 | map  26962 | icp ok  iter  7 corr  6835 rms 0.2889   49.13 ms | p=(  400.61  -316.46  16.96) v=9.43 m/s [KF]
[lio] t=1317401423.701 | feat 6874/83799 | map  26971 | icp ok  iter  6 corr  6851 rms 0.3020   39.57 ms | p=(  399.69  -316.12  16.97) v=9.40 m/s
[lio] t=1317401423.805 | feat 6843/84049 | map  26971 | icp ok  iter  4 corr  6814 rms 0.3277   30.76 ms | p=(  398.78  -315.78  16.98) v=9.32 m/s [KF]
[lio] t=1317401423.909 | feat 6874/84313 | map  26966 | icp ok  iter  8 corr  6842 rms 0.2952   52.62 ms | p=(  397.86  -315.46  16.99) v=9.31 m/s
[lio] t=1317401424.013 | feat 7097/84271 | map  26966 | icp ok  iter  6 corr  7065 rms 0.3682   42.03 ms | p=(  396.96  -315.13  17.00) v=9.26 m/s [KF]
[lio] t=1317401424.116 | feat 7276/84188 | map  27155 | icp ok  iter  8 corr  7227 rms 0.3531   54.13 ms | p=(  396.05  -314.80  17.01) v=9.21 m/s
[lio] t=1317401424.220 | feat 7401/84293 | map  27155 | icp ok  iter 12 corr  7370 rms 0.3811   87.74 ms | p=(  395.17  -314.47  17.03) v=9.07 m/s [KF]
[lio] t=1317401424.324 | feat 7457/84551 | map  27409 | icp ok  iter  7 corr  7452 rms 0.3210   52.08 ms | p=(  394.29  -314.16  17.02) v=9.03 m/s
[lio] t=1317401424.428 | feat 7554/84814 | map  27409 | icp ok  iter 11 corr  7546 rms 0.3423   82.48 ms | p=(  393.39  -313.84  17.03) v=9.05 m/s [KF]
[lio] t=1317401424.532 | feat 7572/84929 | map  27660 | icp ok  iter  9 corr  7569 rms 0.3011   67.71 ms | p=(  392.51  -313.52  17.03) v=8.98 m/s
[lio] t=1317401424.636 | feat 7674/85100 | map  27660 | icp ok  iter  9 corr  7663 rms 0.3730   80.16 ms | p=(  391.64  -313.23  17.04) v=8.87 m/s [KF]
[lio] t=1317401424.739 | feat 7863/85108 | map  27890 | icp ok  iter 10 corr  7862 rms 0.3100   83.61 ms | p=(  390.76  -312.93  17.05) v=8.89 m/s
[lio] t=1317401424.843 | feat 7987/85036 | map  27890 | icp ok  iter 14 corr  7977 rms 0.3735  119.66 ms | p=(  389.87  -312.65  17.06) v=8.90 m/s [KF]
[lio] t=1317401424.947 | feat 8175/84851 | map  28197 | icp ok  iter 12 corr  8170 rms 0.3036  110.48 ms | p=(  389.00  -312.36  17.08) v=8.83 m/s
[lio] t=1317401425.050 | feat 8419/84770 | map  28197 | icp ok  iter 11 corr  8387 rms 0.3536  106.08 ms | p=(  388.14  -312.09  17.09) v=8.71 m/s [KF]
[lio] t=1317401425.154 | feat 8495/84530 | map  28513 | icp ok  iter  9 corr  8480 rms 0.3295  101.18 ms | p=(  387.25  -311.84  17.11) v=8.78 m/s
[lio] t=1317401425.258 | feat 8791/84201 | map  28513 | icp ok  iter 15 corr  8693 rms 0.4026  142.43 ms | p=(  386.40  -311.61  17.12) v=8.57 m/s [KF]
[lio] t=1317401425.361 | feat 8882/83925 | map  29133 | icp ok  iter 13 corr  8873 rms 0.3097  129.70 ms | p=(  385.53  -311.39  17.13) v=8.61 m/s
[lio] t=1317401425.465 | feat 8863/83666 | map  29133 | icp ok  iter 13 corr  8851 rms 0.3742  124.03 ms | p=(  384.66  -311.19  17.16) v=8.59 m/s [KF]
[lio] t=1317401425.569 | feat 8932/83472 | map  29729 | icp ok  iter  8 corr  8927 rms 0.2683   81.79 ms | p=(  383.79  -311.03  17.19) v=8.51 m/s
[lio] t=1317401425.672 | feat 8968/83438 | map  29729 | icp ok  iter 14 corr  8953 rms 0.2975  124.61 ms | p=(  382.90  -310.89  17.21) v=8.55 m/s [KF]
[lio] t=1317401425.776 | feat 9065/83370 | map  30056 | icp ok  iter  9 corr  9064 rms 0.2657   92.38 ms | p=(  382.05  -310.77  17.24) v=8.35 m/s
[lio] t=1317401425.880 | feat 9102/83265 | map  30056 | icp ok  iter  9 corr  9097 rms 0.2817   87.27 ms | p=(  381.18  -310.67  17.26) v=8.35 m/s [KF]
[lio] t=1317401425.984 | feat 9183/83370 | map  30215 | icp ok  iter  9 corr  9170 rms 0.2627   90.77 ms | p=(  380.32  -310.61  17.29) v=8.32 m/s
[lio] t=1317401426.087 | feat 9170/83252 | map  30215 | icp ok  iter 16 corr  9144 rms 0.2912  154.42 ms | p=(  379.46  -310.55  17.31) v=8.26 m/s [KF]
[lio] t=1317401426.191 | feat 9326/83098 | map  30413 | icp ok  iter 25 corr  9316 rms 0.2575  257.34 ms | p=(  378.66  -310.54  17.34) v=7.87 m/s
[lio] t=1317401426.295 | feat 9315/83361 | map  30413 | icp ok  iter 28 corr  9299 rms 0.2884  303.01 ms | p=(  377.71  -310.55  17.37) v=8.61 m/s [KF]
[lio] t=1317401426.399 | feat 9406/83466 | map  30587 | icp ok  iter 12 corr  9400 rms 0.2563  135.81 ms | p=(  376.89  -310.60  17.39) v=8.15 m/s
[lio] t=1317401426.503 | feat 9512/83536 | map  30587 | icp ok  iter 13 corr  9500 rms 0.2919  132.62 ms | p=(  376.06  -310.63  17.42) v=8.01 m/s [KF]
[lio] t=1317401426.606 | feat 9636/83812 | map  30950 | icp ok  iter  8 corr  9622 rms 0.2818   89.96 ms | p=(  375.23  -310.72  17.45) v=7.94 m/s
[lio] t=1317401426.710 | feat 9668/84024 | map  30950 | icp ok  iter 12 corr  9634 rms 0.3337  127.70 ms | p=(  374.40  -310.80  17.47) v=7.95 m/s [KF]
[lio] t=1317401426.814 | feat 9671/84061 | map  31496 | icp ok  iter 11 corr  9664 rms 0.2689  126.86 ms | p=(  373.60  -310.92  17.49) v=7.74 m/s
[lio] t=1317401426.918 | feat 9570/84400 | map  31496 | icp ok  iter 15 corr  9544 rms 0.3113  138.72 ms | p=(  372.81  -311.05  17.52) v=7.67 m/s [KF]
[lio] t=1317401427.023 | feat 9550/84618 | map  31813 | icp ok  iter 12 corr  9541 rms 0.2641  124.28 ms | p=(  372.01  -311.17  17.55) v=7.62 m/s
[lio] t=1317401427.127 | feat 9658/84881 | map  31813 | icp ok  iter 15 corr  9642 rms 0.3057  155.87 ms | p=(  371.25  -311.33  17.58) v=7.44 m/s [KF]
[lio] t=1317401427.231 | feat 9646/84882 | map  32192 | icp ok  iter  9 corr  9643 rms 0.2552  109.30 ms | p=(  370.47  -311.48  17.60) v=7.47 m/s
[lio] t=1317401427.335 | feat 9630/85034 | map  32192 | icp ok  iter 21 corr  9619 rms 0.2966  225.77 ms | p=(  369.75  -311.61  17.62) v=7.14 m/s [KF]
[lio] t=1317401427.439 | feat 9638/85164 | map  32482 | icp ok  iter 10 corr  9633 rms 0.2560  114.29 ms | p=(  369.00  -311.76  17.65) v=7.21 m/s
[lio] t=1317401427.543 | feat 9815/85353 | map  32482 | icp ok  iter 16 corr  9801 rms 0.2930  167.65 ms | p=(  368.28  -311.91  17.67) v=7.03 m/s [KF]
[lio] t=1317401427.648 | feat 9761/85546 | map  32665 | icp ok  iter 13 corr  9755 rms 0.2642  149.41 ms | p=(  367.57  -312.05  17.70) v=6.92 m/s
[lio] t=1317401427.752 | feat 10060/85555 | map  32665 | icp ok  iter 18 corr 10037 rms 0.2916  200.35 ms | p=(  366.86  -312.18  17.72) v=6.84 m/s [KF]
[lio] t=1317401427.856 | feat 10427/85597 | map  33120 | icp ok  iter 19 corr 10421 rms 0.2977  226.76 ms | p=(  366.13  -312.30  17.75) v=6.90 m/s
[lio] t=1317401427.961 | feat 10667/85557 | map  33120 | icp ok  iter 11 corr 10661 rms 0.3311  152.96 ms | p=(  365.42  -312.42  17.77) v=6.78 m/s [KF]
[lio] t=1317401428.065 | feat 10715/85607 | map  33739 | icp ok  iter 13 corr 10702 rms 0.3008  150.48 ms | p=(  364.73  -312.51  17.80) v=6.61 m/s
[lio] t=1317401428.170 | feat 10678/85555 | map  33739 | icp ok  iter 11 corr 10663 rms 0.3174  122.85 ms | p=(  364.04  -312.58  17.82) v=6.61 m/s [KF]
[lio] t=1317401428.274 | feat 10815/85447 | map  34043 | icp ok  iter 14 corr 10807 rms 0.2825  180.88 ms | p=(  363.33  -312.63  17.85) v=6.69 m/s
[lio] t=1317401428.378 | feat 10930/85399 | map  34043 | icp ok  iter  9 corr 10898 rms 0.3112  137.12 ms | p=(  362.70  -312.61  17.86) v=6.26 m/s [KF]
[lio] t=1317401428.483 | feat 10883/85251 | map  34603 | icp ok  iter  7 corr 10877 rms 0.2942  105.90 ms | p=(  362.00  -312.64  17.88) v=6.51 m/s
[lio] t=1317401428.587 | feat 10910/85083 | map  34603 | icp ok  iter 12 corr 10898 rms 0.3348  149.50 ms | p=(  361.31  -312.61  17.90) v=6.52 m/s [KF]
[lio] t=1317401428.691 | feat 10874/84680 | map  35233 | icp ok  iter  8 corr 10870 rms 0.2844  111.29 ms | p=(  360.64  -312.54  17.91) v=6.44 m/s
[lio] t=1317401428.796 | feat 10821/84592 | map  35233 | icp ok  iter 12 corr 10816 rms 0.3150  150.34 ms | p=(  359.97  -312.47  17.93) v=6.42 m/s [KF]
[lio] t=1317401428.900 | feat 10685/84601 | map  35717 | icp ok  iter  8 corr 10669 rms 0.2751  102.10 ms | p=(  359.32  -312.36  17.95) v=6.31 m/s
[lio] t=1317401429.004 | feat 10735/84468 | map  35717 | icp ok  iter 14 corr 10717 rms 0.3003  153.59 ms | p=(  358.66  -312.22  17.95) v=6.34 m/s [KF]
[lio] t=1317401429.108 | feat 10659/84342 | map  36012 | icp ok  iter 10 corr 10639 rms 0.2723  118.88 ms | p=(  358.03  -312.05  17.96) v=6.23 m/s
[lio] t=1317401429.213 | feat 10494/84316 | map  36012 | icp ok  iter 13 corr 10478 rms 0.2975  132.30 ms | p=(  357.43  -311.83  17.98) v=6.17 m/s [KF]
[lio] t=1317401429.317 | feat 10425/84180 | map  36149 | icp ok  iter  6 corr 10399 rms 0.2662   71.27 ms | p=(  356.83  -311.60  17.99) v=6.12 m/s
[lio] t=1317401429.421 | feat 10457/84129 | map  36149 | icp ok  iter 12 corr 10420 rms 0.2879  136.60 ms | p=(  356.23  -311.35  18.00) v=6.16 m/s [KF]
[lio] t=1317401429.525 | feat 10521/84098 | map  36247 | icp ok  iter  5 corr 10508 rms 0.2575   56.44 ms | p=(  355.66  -311.07  18.01) v=6.10 m/s
[lio] t=1317401429.629 | feat 10613/84090 | map  36247 | icp ok  iter  7 corr 10594 rms 0.2921   82.35 ms | p=(  355.11  -310.76  18.02) v=6.06 m/s [KF]
[lio] t=1317401429.733 | feat 10650/84040 | map  36329 | icp ok  iter  9 corr 10640 rms 0.2525  103.94 ms | p=(  354.57  -310.42  18.03) v=6.10 m/s
[lio] t=1317401429.837 | feat 10659/84077 | map  36329 | icp ok  iter  8 corr 10640 rms 0.2965   91.54 ms | p=(  354.05  -310.07  18.03) v=6.04 m/s [KF]
[lio] t=1317401429.942 | feat 10747/84019 | map  36434 | icp ok  iter  9 corr 10744 rms 0.2444  100.35 ms | p=(  353.55  -309.67  18.04) v=6.08 m/s
[lio] t=1317401430.046 | feat 10794/83998 | map  36434 | icp ok  iter  6 corr 10786 rms 0.2751   84.49 ms | p=(  353.09  -309.27  18.05) v=5.95 m/s [KF]
[lio] t=1317401430.150 | feat 10825/83888 | map  36523 | icp ok  iter  6 corr 10821 rms 0.2488   77.34 ms | p=(  352.63  -308.84  18.05) v=5.97 m/s
[lio] t=1317401430.254 | feat 10764/83949 | map  36523 | icp ok  iter 10 corr 10762 rms 0.2839  113.58 ms | p=(  352.21  -308.39  18.05) v=5.92 m/s [KF]
[lio] t=1317401430.358 | feat 10700/83928 | map  36594 | icp ok  iter  6 corr 10697 rms 0.2630   71.57 ms | p=(  351.81  -307.93  18.05) v=5.78 m/s
[lio] t=1317401430.462 | feat 10740/83871 | map  36594 | icp ok  iter 14 corr 10734 rms 0.2773  160.22 ms | p=(  351.47  -307.48  18.05) v=5.45 m/s [KF]
[lio] t=1317401430.566 | feat 10752/83784 | map  36686 | icp ok  iter  6 corr 10747 rms 0.2651   83.30 ms | p=(  351.14  -307.02  18.05) v=5.26 m/s
[lio] t=1317401430.670 | feat 10711/83939 | map  36686 | icp ok  iter  9 corr 10698 rms 0.2738  114.29 ms | p=(  350.86  -306.58  18.06) v=4.94 m/s [KF]
[lio] t=1317401430.773 | feat 10691/83927 | map  36763 | icp ok  iter 13 corr 10691 rms 0.2596  146.55 ms | p=(  350.61  -306.14  18.06) v=4.75 m/s
[lio] t=1317401430.877 | feat 10804/83941 | map  36763 | icp ok  iter  9 corr 10800 rms 0.2841  110.86 ms | p=(  350.39  -305.72  18.07) v=4.45 m/s
[lio] t=1317401430.981 | feat 10916/83949 | map  36763 | icp ok  iter  6 corr 10914 rms 0.3160   81.21 ms | p=(  350.20  -305.31  18.07) v=4.25 m/s [KF]
[lio] t=1317401431.085 | feat 10916/83918 | map  37086 | icp ok  iter 11 corr 10909 rms 0.2745  127.19 ms | p=(  350.03  -304.90  18.07) v=4.11 m/s
[lio] t=1317401431.189 | feat 11107/83837 | map  37086 | icp ok  iter 13 corr 11099 rms 0.3192  149.62 ms | p=(  349.88  -304.52  18.06) v=3.88 m/s
[lio] t=1317401431.293 | feat 11191/83898 | map  37086 | icp ok  iter  9 corr 11178 rms 0.3580   96.97 ms | p=(  349.76  -304.14  18.05) v=3.74 m/s [KF]
[lio] t=1317401431.397 | feat 11175/83962 | map  37683 | icp ok  iter  8 corr 11174 rms 0.2616   95.85 ms | p=(  349.67  -303.78  18.05) v=3.57 m/s
[lio] t=1317401431.501 | feat 11462/84038 | map  37683 | icp ok  iter  8 corr 11460 rms 0.2881  106.16 ms | p=(  349.59  -303.43  18.05) v=3.48 m/s
[lio] t=1317401431.605 | feat 11710/83825 | map  37683 | icp ok  iter 14 corr 11700 rms 0.3322  168.29 ms | p=(  349.52  -303.07  18.04) v=3.51 m/s [KF]
[lio] t=1317401431.709 | feat 11751/83886 | map  38267 | icp ok  iter  9 corr 11746 rms 0.2573  130.79 ms | p=(  349.47  -302.71  18.04) v=3.47 m/s
[lio] t=1317401431.813 | feat 11739/83615 | map  38267 | icp ok  iter  9 corr 11723 rms 0.2709  133.70 ms | p=(  349.43  -302.35  18.02) v=3.48 m/s
[lio] t=1317401431.917 | feat 11792/83512 | map  38267 | icp ok  iter 14 corr 11754 rms 0.3027  179.41 ms | p=(  349.44  -302.00  18.01) v=3.42 m/s [KF]
[lio] t=1317401432.022 | feat 11720/83464 | map  38778 | icp ok  iter  9 corr 11711 rms 0.2542  125.91 ms | p=(  349.46  -301.65  18.00) v=3.38 m/s
[lio] t=1317401432.126 | feat 11876/83562 | map  38778 | icp ok  iter 17 corr 11863 rms 0.3154  203.92 ms | p=(  349.48  -301.29  17.98) v=3.38 m/s
[lio] t=1317401432.230 | feat 11840/83513 | map  38778 | icp ok  iter 25 corr 11805 rms 0.3194  281.51 ms | p=(  349.51  -300.95  17.98) v=3.30 m/s [KF]
[lio] t=1317401432.334 | feat 11898/83476 | map  39161 | icp ok  iter  9 corr 11885 rms 0.2884  113.92 ms | p=(  349.58  -300.62  17.98) v=3.27 m/s
[lio] t=1317401432.438 | feat 11919/83260 | map  39161 | icp ok  iter 11 corr 11908 rms 0.3145  140.68 ms | p=(  349.67  -300.28  17.98) v=3.34 m/s
[lio] t=1317401432.542 | feat 12079/83010 | map  39161 | icp ok  iter  9 corr 12060 rms 0.3224  116.98 ms | p=(  349.76  -299.96  17.95) v=3.26 m/s [KF]
[lio] t=1317401432.646 | feat 11919/82701 | map  39557 | icp ok  iter  9 corr 11916 rms 0.2676  116.86 ms | p=(  349.89  -299.65  17.95) v=3.28 m/s
[lio] t=1317401432.750 | feat 11874/82398 | map  39557 | icp ok  iter 12 corr 11867 rms 0.2670  141.89 ms | p=(  350.03  -299.33  17.92) v=3.43 m/s
[lio] t=1317401432.854 | feat 11952/82549 | map  39557 | icp ok  iter  8 corr 11945 rms 0.2834  117.34 ms | p=(  350.21  -299.02  17.90) v=3.50 m/s [KF]
[lio] t=1317401432.958 | feat 11990/82728 | map  39924 | icp ok  iter  9 corr 11987 rms 0.2590  123.51 ms | p=(  350.42  -298.71  17.88) v=3.65 m/s
[lio] t=1317401433.062 | feat 12126/82814 | map  39924 | icp ok  iter 12 corr 12123 rms 0.2835  151.84 ms | p=(  350.64  -298.40  17.87) v=3.75 m/s
[lio] t=1317401433.166 | feat 12175/82740 | map  39924 | icp ok  iter 12 corr 12156 rms 0.3099  171.29 ms | p=(  350.89  -298.10  17.87) v=3.86 m/s [KF]
[lio] t=1317401433.270 | feat 12198/82647 | map  40415 | icp ok  iter 13 corr 12196 rms 0.2744  173.74 ms | p=(  351.16  -297.78  17.85) v=4.06 m/s
[lio] t=1317401433.374 | feat 12050/82624 | map  40415 | icp ok  iter  9 corr 12042 rms 0.2895  137.53 ms | p=(  351.47  -297.48  17.83) v=4.19 m/s
[lio] t=1317401433.478 | feat 11992/82448 | map  40415 | icp ok  iter 12 corr 11973 rms 0.3046  169.52 ms | p=(  351.79  -297.20  17.82) v=4.21 m/s [KF]
[lio] t=1317401433.582 | feat 12039/81933 | map  40951 | icp ok  iter  7 corr 12037 rms 0.2558  111.30 ms | p=(  352.13  -296.91  17.82) v=4.41 m/s
[lio] t=1317401433.685 | feat 12099/81844 | map  40951 | icp ok  iter 15 corr 12091 rms 0.3211  189.71 ms | p=(  352.49  -296.64  17.80) v=4.44 m/s
[lio] t=1317401433.789 | feat 11910/81283 | map  40951 | icp ok  iter 14 corr 11893 rms 0.3535  186.78 ms | p=(  352.87  -296.38  17.79) v=4.55 m/s [KF]
[lio] t=1317401433.893 | feat 11919/81410 | map  41678 | icp ok  iter 11 corr 11911 rms 0.2771  146.85 ms | p=(  353.29  -296.14  17.74) v=4.75 m/s
[lio] t=1317401433.996 | feat 11862/81806 | map  41678 | icp ok  iter 12 corr 11854 rms 0.2867  159.48 ms | p=(  353.72  -295.88  17.70) v=4.92 m/s
[lio] t=1317401434.100 | feat 11800/81768 | map  41678 | icp ok  iter 11 corr 11787 rms 0.3179  145.41 ms | p=(  354.16  -295.65  17.71) v=4.96 m/s [KF]
[lio] t=1317401434.204 | feat 11783/81745 | map  42202 | icp ok  iter  8 corr 11776 rms 0.2572  126.61 ms | p=(  354.65  -295.44  17.71) v=5.16 m/s
[lio] t=1317401434.307 | feat 11618/81078 | map  42202 | icp ok  iter 13 corr 11606 rms 0.2952  177.67 ms | p=(  355.14  -295.20  17.68) v=5.34 m/s [KF]
[lio] t=1317401434.411 | feat 11278/80441 | map  42601 | icp ok  iter 17 corr 11275 rms 0.2782  218.50 ms | p=(  355.64  -294.98  17.64) v=5.41 m/s
[lio] t=1317401434.515 | feat 11070/80832 | map  42601 | icp ok  iter 17 corr 11066 rms 0.2903  214.52 ms | p=(  356.16  -294.79  17.60) v=5.48 m/s [KF]
[lio] t=1317401434.618 | feat 11306/82160 | map  42739 | icp ok  iter  9 corr 11305 rms 0.2430  124.41 ms | p=(  356.71  -294.60  17.57) v=5.69 m/s
[lio] t=1317401434.722 | feat 11328/82126 | map  42739 | icp ok  iter 12 corr 11326 rms 0.2663  155.08 ms | p=(  357.28  -294.41  17.54) v=5.85 m/s [KF]
[lio] t=1317401434.826 | feat 10950/79532 | map  42643 | icp ok  iter 11 corr 10950 rms 0.2423  132.84 ms | p=(  357.85  -294.22  17.53) v=5.96 m/s
[lio] t=1317401434.929 | feat 10778/77848 | map  42643 | icp ok  iter 11 corr 10775 rms 0.2778  123.07 ms | p=(  358.45  -294.02  17.50) v=6.15 m/s [KF]
[lio] t=1317401435.033 | feat 10537/77276 | map  42724 | icp ok  iter  9 corr 10535 rms 0.2472  115.99 ms | p=(  359.05  -293.85  17.48) v=6.16 m/s
[lio] t=1317401435.137 | feat 10170/75996 | map  42724 | icp ok  iter 13 corr 10160 rms 0.2849  139.38 ms | p=(  359.67  -293.65  17.46) v=6.35 m/s [KF]
[lio] t=1317401435.240 | feat 10118/76219 | map  42795 | icp ok  iter 10 corr 10116 rms 0.2598  104.98 ms | p=(  360.30  -293.46  17.43) v=6.43 m/s
[lio] t=1317401435.344 | feat 9994/76142 | map  42795 | icp ok  iter 15 corr  9990 rms 0.2788  165.06 ms | p=(  360.96  -293.27  17.39) v=6.72 m/s [KF]
[lio] t=1317401435.448 | feat 9758/75371 | map  42739 | icp ok  iter 12 corr  9758 rms 0.2432  134.86 ms | p=(  361.62  -293.09  17.38) v=6.71 m/s
[lio] t=1317401435.552 | feat 9502/74579 | map  42739 | icp ok  iter  6 corr  9500 rms 0.2695   76.03 ms | p=(  362.30  -292.91  17.35) v=6.91 m/s [KF]
[lio] t=1317401435.655 | feat 9502/73320 | map  42689 | icp ok  iter 10 corr  9499 rms 0.2668   98.26 ms | p=(  363.00  -292.72  17.34) v=7.03 m/s
[lio] t=1317401435.759 | feat 9217/71189 | map  42689 | icp ok  iter 12 corr  9208 rms 0.3408  111.65 ms | p=(  363.71  -292.52  17.31) v=7.19 m/s [KF]
[lio] t=1317401435.863 | feat 9195/71212 | map  42878 | icp ok  iter  6 corr  9180 rms 0.2628   69.82 ms | p=(  364.42  -292.32  17.29) v=7.25 m/s
[lio] t=1317401435.967 | feat 8889/72287 | map  42878 | icp ok  iter  9 corr  8848 rms 0.3035   84.23 ms | p=(  365.15  -292.13  17.28) v=7.32 m/s [KF]
[lio] t=1317401436.071 | feat 8862/73225 | map  42933 | icp ok  iter  8 corr  8846 rms 0.2654   73.76 ms | p=(  365.89  -291.93  17.26) v=7.46 m/s
[lio] t=1317401436.175 | feat 8702/74391 | map  42933 | icp ok  iter  3 corr  8655 rms 0.3166   33.61 ms | p=(  366.64  -291.73  17.24) v=7.54 m/s [KF]
[lio] t=1317401436.279 | feat 8725/73463 | map  43063 | icp ok  iter 12 corr  8714 rms 0.2829  113.77 ms | p=(  367.41  -291.53  17.22) v=7.71 m/s
[lio] t=1317401436.383 | feat 8692/72242 | map  43063 | icp ok  iter 14 corr  8647 rms 0.3346  136.31 ms | p=(  368.14  -291.32  17.22) v=7.51 m/s [KF]
[lio] t=1317401436.486 | feat 8758/70474 | map  42975 | icp ok  iter 12 corr  8754 rms 0.2543  124.62 ms | p=(  368.95  -291.11  17.19) v=7.95 m/s
[lio] t=1317401436.590 | feat 8803/70217 | map  42975 | icp ok  iter  8 corr  8802 rms 0.2876   98.38 ms | p=(  369.70  -290.91  17.19) v=7.75 m/s [KF]
[lio] t=1317401436.694 | feat 8822/71421 | map  42885 | icp ok  iter 10 corr  8821 rms 0.2720  108.35 ms | p=(  370.52  -290.70  17.14) v=8.10 m/s
[lio] t=1317401436.798 | feat 8917/73121 | map  42885 | icp ok  iter  9 corr  8898 rms 0.3046  100.38 ms | p=(  371.32  -290.50  17.13) v=8.08 m/s [KF]
[lio] t=1317401436.902 | feat 8757/74095 | map  43073 | icp ok  iter 10 corr  8755 rms 0.2596   99.86 ms | p=(  372.15  -290.28  17.09) v=8.28 m/s
[lio] t=1317401437.006 | feat 8629/75306 | map  43073 | icp ok  iter  8 corr  8623 rms 0.2790   91.52 ms | p=(  372.98  -290.07  17.08) v=8.34 m/s [KF]
[lio] t=1317401437.110 | feat 8467/76830 | map  43135 | icp ok  iter  9 corr  8462 rms 0.2375   87.13 ms | p=(  373.83  -289.87  17.04) v=8.47 m/s
[lio] t=1317401437.214 | feat 8391/77782 | map  43135 | icp ok  iter 12 corr  8387 rms 0.2565  112.25 ms | p=(  374.67  -289.66  17.02) v=8.50 m/s [KF]
[lio] t=1317401437.317 | feat 8268/77185 | map  42848 | icp ok  iter 10 corr  8264 rms 0.2456   93.92 ms | p=(  375.54  -289.43  16.99) v=8.72 m/s
[lio] t=1317401437.421 | feat 8225/76046 | map  42848 | icp ok  iter  9 corr  8221 rms 0.2623   85.96 ms | p=(  376.43  -289.21  16.94) v=8.83 m/s [KF]
[lio] t=1317401437.525 | feat 8242/76908 | map  42549 | icp ok  iter 10 corr  8239 rms 0.2407   87.68 ms | p=(  377.32  -288.99  16.90) v=8.93 m/s
[lio] t=1317401437.629 | feat 8160/77777 | map  42549 | icp ok  iter  7 corr  8145 rms 0.2713   65.33 ms | p=(  378.21  -288.75  16.90) v=9.00 m/s [KF]
[lio] t=1317401437.733 | feat 7921/78464 | map  41907 | icp ok  iter 10 corr  7916 rms 0.2580   87.98 ms | p=(  379.13  -288.53  16.87) v=9.16 m/s
[lio] t=1317401437.837 | feat 7460/80174 | map  41907 | icp ok  iter 13 corr  7443 rms 0.3146  120.95 ms | p=(  380.04  -288.29  16.81) v=9.21 m/s [KF]
[lio] t=1317401437.940 | feat 6874/81293 | map  41522 | icp ok  iter  9 corr  6871 rms 0.2898   76.53 ms | p=(  380.96  -288.06  16.74) v=9.27 m/s
[lio] t=1317401438.044 | feat 6223/81092 | map  41522 | icp ok  iter 13 corr  6219 rms 0.3483   89.03 ms | p=(  381.91  -287.81  16.73) v=9.43 m/s [KF]
[lio] t=1317401438.148 | feat 5880/80983 | map  41120 | icp ok  iter 10 corr  5876 rms 0.2640   67.68 ms | p=(  382.84  -287.58  16.67) v=9.36 m/s
[lio] t=1317401438.252 | feat 5675/81458 | map  41120 | icp ok  iter 15 corr  5673 rms 0.2652   93.70 ms | p=(  383.78  -287.33  16.65) v=9.39 m/s [KF]
[lio] t=1317401438.356 | feat 5777/81759 | map  40509 | icp ok  iter 12 corr  5770 rms 0.2563   82.49 ms | p=(  384.72  -287.08  16.59) v=9.38 m/s
[lio] t=1317401438.460 | feat 5848/80028 | map  40509 | icp ok  iter 11 corr  5843 rms 0.2963   75.65 ms | p=(  385.67  -286.81  16.57) v=9.54 m/s [KF]
[lio] t=1317401438.563 | feat 6004/79513 | map  39697 | icp ok  iter  9 corr  6001 rms 0.2550   63.64 ms | p=(  386.61  -286.55  16.48) v=9.52 m/s
[lio] t=1317401438.667 | feat 6235/78607 | map  39697 | icp ok  iter 13 corr  6229 rms 0.2797   86.56 ms | p=(  387.56  -286.27  16.46) v=9.58 m/s [KF]
[lio] t=1317401438.771 | feat 6148/78991 | map  38567 | icp ok  iter 11 corr  6147 rms 0.2546   73.44 ms | p=(  388.52  -286.01  16.39) v=9.63 m/s
[lio] t=1317401438.875 | feat 6144/77873 | map  38567 | icp ok  iter 16 corr  6142 rms 0.2850  102.09 ms | p=(  389.48  -285.74  16.36) v=9.62 m/s [KF]
[lio] t=1317401438.979 | feat 6027/77672 | map  37464 | icp ok  iter 10 corr  6023 rms 0.2552   72.05 ms | p=(  390.44  -285.48  16.30) v=9.62 m/s
[lio] t=1317401439.083 | feat 5880/78653 | map  37464 | icp ok  iter 12 corr  5869 rms 0.2775   74.54 ms | p=(  391.40  -285.21  16.29) v=9.61 m/s [KF]
[lio] t=1317401439.187 | feat 5788/79558 | map  36493 | icp ok  iter  8 corr  5777 rms 0.2712   49.87 ms | p=(  392.37  -284.95  16.24) v=9.69 m/s [KF]
[lio] t=1317401439.291 | feat 5743/80508 | map  35429 | icp ok  iter  7 corr  5738 rms 0.2756   43.09 ms | p=(  393.33  -284.69  16.19) v=9.68 m/s
[lio] t=1317401439.395 | feat 5635/80960 | map  35429 | icp ok  iter  9 corr  5606 rms 0.3298   54.95 ms | p=(  394.29  -284.44  16.15) v=9.63 m/s [KF]
[lio] t=1317401439.499 | feat 5578/81752 | map  34242 | icp ok  iter  9 corr  5577 rms 0.2873   52.24 ms | p=(  395.27  -284.17  16.10) v=9.75 m/s [KF]
[lio] t=1317401439.602 | feat 5540/81304 | map  33517 | icp ok  iter 10 corr  5538 rms 0.3282   58.18 ms | p=(  396.23  -283.92  16.05) v=9.69 m/s
[lio] t=1317401439.706 | feat 5473/80194 | map  33517 | icp ok  iter 14 corr  5425 rms 0.4320   76.93 ms | p=(  397.21  -283.65  15.99) v=9.77 m/s [KF]
[lio] t=1317401439.810 | feat 5564/81458 | map  32491 | icp ok  iter 13 corr  5559 rms 0.3236   78.18 ms | p=(  398.18  -283.38  15.96) v=9.73 m/s [KF]
[lio] t=1317401439.914 | feat 5673/83271 | map  31456 | icp ok  iter  9 corr  5659 rms 0.2906   51.05 ms | p=(  399.16  -283.11  15.91) v=9.81 m/s [KF]
[lio] t=1317401440.018 | feat 5812/84373 | map  30545 | icp ok  iter 12 corr  5803 rms 0.3350   77.15 ms | p=(  400.13  -282.84  15.88) v=9.80 m/s [KF]
[lio] t=1317401440.122 | feat 5877/84259 | map  29678 | icp ok  iter  7 corr  5871 rms 0.2671   52.61 ms | p=(  401.10  -282.57  15.82) v=9.76 m/s [KF]
[lio] t=1317401440.226 | feat 6007/84132 | map  28938 | icp ok  iter  8 corr  5998 rms 0.2854   48.81 ms | p=(  402.08  -282.30  15.77) v=9.81 m/s [KF]
[lio] t=1317401440.330 | feat 6215/84114 | map  28400 | icp ok  iter  8 corr  6193 rms 0.2934   52.43 ms | p=(  403.05  -282.04  15.72) v=9.77 m/s [KF]
[lio] t=1317401440.434 | feat 6315/84698 | map  28043 | icp ok  iter  6 corr  6292 rms 0.2826   43.49 ms | p=(  404.03  -281.78  15.69) v=9.72 m/s [KF]
[lio] t=1317401440.538 | feat 6340/85300 | map  27717 | icp ok  iter  8 corr  6315 rms 0.2748   54.30 ms | p=(  405.00  -281.50  15.64) v=9.77 m/s [KF]
[lio] t=1317401440.642 | feat 6481/84309 | map  27388 | icp ok  iter  9 corr  6474 rms 0.3036   65.12 ms | p=(  405.98  -281.25  15.59) v=9.78 m/s [KF]
[lio] t=1317401440.746 | feat 6448/83784 | map  26968 | icp ok  iter  9 corr  6442 rms 0.2658   67.03 ms | p=(  406.94  -280.98  15.54) v=9.70 m/s
[lio] t=1317401440.850 | feat 6365/81636 | map  26968 | icp ok  iter  9 corr  6351 rms 0.3178   63.33 ms | p=(  407.92  -280.73  15.50) v=9.71 m/s [KF]
[lio] t=1317401440.953 | feat 6339/79092 | map  26629 | icp ok  iter  7 corr  6336 rms 0.2721   46.62 ms | p=(  408.89  -280.47  15.44) v=9.73 m/s [KF]
[lio] t=1317401441.057 | feat 6436/76538 | map  26103 | icp ok  iter  9 corr  6398 rms 0.2962   60.39 ms | p=(  409.87  -280.22  15.41) v=9.68 m/s [KF]
[lio] t=1317401441.161 | feat 6670/78584 | map  25633 | icp ok  iter 12 corr  6669 rms 0.3023   89.11 ms | p=(  410.84  -279.96  15.35) v=9.71 m/s [KF]
[lio] t=1317401441.265 | feat 6944/80306 | map  25251 | icp ok  iter  8 corr  6900 rms 0.3407   59.64 ms | p=(  411.82  -279.69  15.32) v=9.72 m/s [KF]
[lio] t=1317401441.369 | feat 6831/82772 | map  24557 | icp ok  iter  7 corr  6820 rms 0.2694   53.37 ms | p=(  412.78  -279.45  15.28) v=9.66 m/s
[lio] t=1317401441.473 | feat 6480/83067 | map  24557 | icp ok  iter 11 corr  6456 rms 0.2980   76.59 ms | p=(  413.73  -279.17  15.25) v=9.59 m/s [KF]
[lio] t=1317401441.577 | feat 6534/83284 | map  23754 | icp ok  iter 10 corr  6533 rms 0.2512   66.39 ms | p=(  414.70  -278.91  15.19) v=9.65 m/s [KF]
[lio] t=1317401441.681 | feat 6525/83613 | map  23231 | icp ok  iter 12 corr  6525 rms 0.2632   78.91 ms | p=(  415.66  -278.64  15.17) v=9.62 m/s
[lio] t=1317401441.785 | feat 6584/82857 | map  23231 | icp ok  iter 10 corr  6580 rms 0.3104   74.36 ms | p=(  416.62  -278.38  15.14) v=9.60 m/s [KF]
[lio] t=1317401441.889 | feat 6453/82081 | map  22693 | icp ok  iter 10 corr  6449 rms 0.2555   76.02 ms | p=(  417.59  -278.12  15.12) v=9.69 m/s [KF]
[lio] t=1317401441.992 | feat 6424/81951 | map  22315 | icp ok  iter  4 corr  6422 rms 0.2584   33.92 ms | p=(  418.56  -277.87  15.06) v=9.71 m/s [KF]
[lio] t=1317401442.096 | feat 6386/81869 | map  21668 | icp ok  iter  8 corr  6386 rms 0.2531   56.89 ms | p=(  419.52  -277.60  15.04) v=9.68 m/s
[lio] t=1317401442.200 | feat 6513/81181 | map  21668 | icp ok  iter 10 corr  6509 rms 0.2970   74.64 ms | p=(  420.49  -277.34  15.03) v=9.69 m/s [KF]
[lio] t=1317401442.304 | feat 6419/79161 | map  21020 | icp ok  iter  8 corr  6414 rms 0.2624   53.50 ms | p=(  421.45  -277.07  15.00) v=9.69 m/s [KF]
[lio] t=1317401442.408 | feat 6361/77564 | map  20959 | icp ok  iter  7 corr  6354 rms 0.2642   48.83 ms | p=(  422.44  -276.81  14.96) v=9.80 m/s [KF]
[lio] t=1317401442.512 | feat 6314/74884 | map  20866 | icp ok  iter 10 corr  6312 rms 0.2682   73.91 ms | p=(  423.41  -276.54  14.91) v=9.81 m/s [KF]
[lio] t=1317401442.616 | feat 6271/71259 | map  20935 | icp ok  iter 13 corr  6266 rms 0.2924   88.78 ms | p=(  424.39  -276.28  14.89) v=9.84 m/s [KF]
[lio] t=1317401442.720 | feat 5994/69803 | map  20971 | icp ok  iter  5 corr  5994 rms 0.2359   30.75 ms | p=(  425.38  -276.01  14.85) v=9.88 m/s [KF]
[lio] t=1317401442.824 | feat 5747/70474 | map  21061 | icp ok  iter  9 corr  5744 rms 0.2451   55.56 ms | p=(  426.37  -275.74  14.84) v=9.92 m/s [KF]
[lio] t=1317401442.928 | feat 5525/70878 | map  21057 | icp ok  iter 13 corr  5498 rms 0.2659   72.89 ms | p=(  427.35  -275.48  14.81) v=9.88 m/s [KF]
[lio] t=1317401443.032 | feat 5267/73177 | map  21104 | icp ok  iter  6 corr  5265 rms 0.2484   33.53 ms | p=(  428.35  -275.21  14.80) v=9.93 m/s [KF]
[lio] t=1317401443.136 | feat 5075/75769 | map  21071 | icp ok  iter 13 corr  5074 rms 0.2587   69.74 ms | p=(  429.35  -274.93  14.75) v=10.08 m/s [KF]
[lio] t=1317401443.240 | feat 5257/73750 | map  21008 | icp ok  iter 22 corr  5237 rms 0.2789  124.21 ms | p=(  430.41  -274.65  14.73) v=10.38 m/s [KF]
[lio] t=1317401443.344 | feat 5233/74066 | map  21151 | icp ok  iter 12 corr  5223 rms 0.3128   68.74 ms | p=(  431.44  -274.36  14.68) v=10.40 m/s [KF]
[lio] t=1317401443.448 | feat 5378/76318 | map  21290 | icp ok  iter  8 corr  5359 rms 0.3826   45.62 ms | p=(  432.48  -274.08  14.68) v=10.39 m/s [KF]
[lio] t=1317401443.552 | feat 5437/74419 | map  21460 | icp ok  iter  9 corr  5388 rms 0.3849   53.05 ms | p=(  433.50  -273.80  14.63) v=10.29 m/s [KF]
[lio] t=1317401443.656 | feat 5432/72308 | map  21655 | icp ok  iter 10 corr  5419 rms 0.3377   57.59 ms | p=(  434.50  -273.53  14.60) v=10.19 m/s [KF]
[lio] t=1317401443.760 | feat 5340/71874 | map  21703 | icp ok  iter 12 corr  5332 rms 0.2631   68.09 ms | p=(  435.51  -273.26  14.59) v=10.12 m/s [KF]
[lio] t=1317401443.863 | feat 5284/73266 | map  21795 | icp ok  iter  6 corr  5267 rms 0.2783   35.93 ms | p=(  436.52  -272.98  14.57) v=10.09 m/s [KF]
[lio] t=1317401443.967 | feat 5291/73328 | map  21831 | icp ok  iter  9 corr  5273 rms 0.2555   61.08 ms | p=(  437.53  -272.71  14.54) v=10.10 m/s [KF]
[lio] t=1317401444.071 | feat 5288/66931 | map  21821 | icp ok  iter  8 corr  5287 rms 0.2714   48.56 ms | p=(  438.56  -272.43  14.52) v=10.18 m/s [KF]
[lio] t=1317401444.175 | feat 5253/62569 | map  21648 | icp ok  iter  4 corr  5252 rms 0.2627   26.03 ms | p=(  439.58  -272.14  14.49) v=10.22 m/s [KF]
[lio] t=1317401444.279 | feat 5178/62174 | map  21040 | icp ok  iter 10 corr  5178 rms 0.2635   57.97 ms | p=(  440.60  -271.86  14.46) v=10.18 m/s [KF]
[lio] t=1317401444.383 | feat 5217/65037 | map  20882 | icp ok  iter  9 corr  5217 rms 0.2574   51.61 ms | p=(  441.61  -271.58  14.44) v=10.14 m/s [KF]
[lio] t=1317401444.487 | feat 5303/66770 | map  20692 | icp ok  iter 10 corr  5301 rms 0.2747   51.21 ms | p=(  442.63  -271.32  14.40) v=10.13 m/s [KF]
[lio] t=1317401444.591 | feat 5310/67174 | map  20700 | icp ok  iter  9 corr  5307 rms 0.2989   48.72 ms | p=(  443.63  -271.04  14.38) v=10.04 m/s [KF]
[lio] t=1317401444.695 | feat 5374/69291 | map  20697 | icp ok  iter  8 corr  5341 rms 0.2889   48.11 ms | p=(  444.63  -270.77  14.36) v=9.97 m/s [KF]
[lio] t=1317401444.799 | feat 5335/74331 | map  20518 | icp ok  iter  7 corr  5318 rms 0.2722   35.18 ms | p=(  445.63  -270.50  14.32) v=9.98 m/s [KF]
[lio] t=1317401444.903 | feat 5242/79385 | map  20410 | icp ok  iter  4 corr  5233 rms 0.2522   27.19 ms | p=(  446.61  -270.22  14.30) v=9.89 m/s [KF]
[lio] t=1317401445.007 | feat 5341/80820 | map  20201 | icp ok  iter  8 corr  5320 rms 0.2862   44.65 ms | p=(  447.61  -269.94  14.26) v=9.94 m/s [KF]
[lio] t=1317401445.111 | feat 5375/81178 | map  19984 | icp ok  iter 10 corr  5374 rms 0.3057   55.09 ms | p=(  448.59  -269.67  14.23) v=9.85 m/s [KF]
[lio] t=1317401445.215 | feat 5447/81674 | map  19533 | icp ok  iter  6 corr  5435 rms 0.2455   34.37 ms | p=(  449.57  -269.40  14.20) v=9.83 m/s [KF]
[lio] t=1317401445.319 | feat 5436/81399 | map  19000 | icp ok  iter  7 corr  5436 rms 0.2525   39.12 ms | p=(  450.56  -269.13  14.16) v=9.84 m/s [KF]
[lio] t=1317401445.422 | feat 5410/81605 | map  18650 | icp ok  iter  9 corr  5407 rms 0.2295   53.11 ms | p=(  451.53  -268.87  14.14) v=9.75 m/s [KF]
[lio] t=1317401445.526 | feat 5484/81385 | map  18483 | icp ok  iter 10 corr  5476 rms 0.2601   57.10 ms | p=(  452.50  -268.59  14.11) v=9.70 m/s [KF]
[lio] t=1317401445.630 | feat 5618/82525 | map  18276 | icp ok  iter  6 corr  5618 rms 0.2437   34.43 ms | p=(  453.47  -268.33  14.08) v=9.70 m/s [KF]
[lio] t=1317401445.734 | feat 5871/83389 | map  18105 | icp ok  iter  8 corr  5854 rms 0.2758   48.79 ms | p=(  454.44  -268.06  14.05) v=9.68 m/s [KF]
[lio] t=1317401445.838 | feat 6012/83678 | map  18089 | icp ok  iter  8 corr  6003 rms 0.2634   51.75 ms | p=(  455.41  -267.80  14.03) v=9.66 m/s [KF]
[lio] t=1317401445.942 | feat 6136/83691 | map  18050 | icp ok  iter 10 corr  6127 rms 0.3348   67.32 ms | p=(  456.38  -267.54  13.98) v=9.68 m/s [KF]
[lio] t=1317401446.046 | feat 5967/83487 | map  18241 | icp ok  iter 12 corr  5961 rms 0.3257   78.51 ms | p=(  457.35  -267.27  13.92) v=9.71 m/s [KF]
[lio] t=1317401446.150 | feat 5856/83823 | map  18400 | icp ok  iter 11 corr  5852 rms 0.3296   71.01 ms | p=(  458.32  -267.01  13.90) v=9.67 m/s [KF]
[lio] t=1317401446.254 | feat 6032/83015 | map  18562 | icp ok  iter 10 corr  6024 rms 0.3058   72.07 ms | p=(  459.27  -266.75  13.88) v=9.56 m/s
[lio] t=1317401446.358 | feat 6343/81841 | map  18562 | icp ok  iter  8 corr  6257 rms 0.4452   67.83 ms | p=(  460.23  -266.47  13.86) v=9.56 m/s [KF]
[lio] t=1317401446.461 | feat 6737/81340 | map  19018 | icp ok  iter 10 corr  6562 rms 0.3737   75.57 ms | p=(  461.17  -266.22  13.82) v=9.43 m/s
[lio] t=1317401446.565 | feat 6803/81180 | map  19018 | icp ok  iter 12 corr  6447 rms 0.4722   87.83 ms | p=(  462.13  -265.95  13.79) v=9.53 m/s [KF]
[lio] t=1317401446.669 | feat 6921/81816 | map  19676 | icp ok  iter 12 corr  6796 rms 0.3179  106.07 ms | p=(  463.08  -265.69  13.75) v=9.54 m/s
[lio] t=1317401446.773 | feat 7155/82989 | map  19676 | icp ok  iter  8 corr  6767 rms 0.4545   58.43 ms | p=(  464.03  -265.42  13.73) v=9.52 m/s [KF]
[lio] t=1317401446.877 | feat 7359/83188 | map  20384 | icp ok  iter  8 corr  7327 rms 0.3798   67.14 ms | p=(  464.97  -265.17  13.72) v=9.43 m/s
[lio] t=1317401446.981 | feat 7515/83068 | map  20384 | icp ok  iter 13 corr  7450 rms 0.4628  104.48 ms | p=(  465.92  -264.90  13.70) v=9.42 m/s [KF]
[lio] t=1317401447.085 | feat 7504/83647 | map  21050 | icp ok  iter  5 corr  7486 rms 0.2583   46.88 ms | p=(  466.84  -264.65  13.66) v=9.27 m/s
[lio] t=1317401447.189 | feat 7588/83603 | map  21050 | icp ok  iter  8 corr  7581 rms 0.3264   60.94 ms | p=(  467.76  -264.40  13.65) v=9.25 m/s [KF]
[lio] t=1317401447.293 | feat 7556/82478 | map  21438 | icp ok  iter  7 corr  7546 rms 0.2822   52.78 ms | p=(  468.68  -264.15  13.62) v=9.17 m/s
[lio] t=1317401447.396 | feat 7973/83136 | map  21438 | icp ok  iter  9 corr  7957 rms 0.3386   72.60 ms | p=(  469.58  -263.90  13.59) v=9.05 m/s [KF]
[lio] t=1317401447.500 | feat 8338/83958 | map  21847 | icp ok  iter 12 corr  8316 rms 0.2828  100.49 ms | p=(  470.48  -263.66  13.56) v=9.00 m/s
[lio] t=1317401447.604 | feat 8519/83465 | map  21847 | icp ok  iter 10 corr  8471 rms 0.3326   86.34 ms | p=(  471.37  -263.42  13.54) v=8.95 m/s [KF]
[lio] t=1317401447.708 | feat 8436/83171 | map  22538 | icp ok  iter  5 corr  8433 rms 0.2655   50.73 ms | p=(  472.28  -263.18  13.50) v=8.97 m/s
[lio] t=1317401447.812 | feat 8591/83150 | map  22538 | icp ok  iter  9 corr  8562 rms 0.3198   75.82 ms | p=(  473.18  -262.94  13.48) v=9.02 m/s [KF]
[lio] t=1317401447.916 | feat 8907/83268 | map  23261 | icp ok  iter  9 corr  8892 rms 0.2698   86.71 ms | p=(  474.09  -262.69  13.46) v=9.02 m/s
[lio] t=1317401448.020 | feat 9129/82920 | map  23261 | icp ok  iter 10 corr  9088 rms 0.3095   99.72 ms | p=(  474.98  -262.45  13.43) v=8.91 m/s [KF]
[lio] t=1317401448.124 | feat 9328/82407 | map  23863 | icp ok  iter 12 corr  9311 rms 0.2763  122.14 ms | p=(  475.88  -262.21  13.43) v=8.93 m/s
[lio] t=1317401448.228 | feat 9369/82770 | map  23863 | icp ok  iter 12 corr  9346 rms 0.3468  131.50 ms | p=(  476.76  -261.98  13.37) v=8.81 m/s [KF]
[lio] t=1317401448.332 | feat 9618/81850 | map  24625 | icp ok  iter 11 corr  9595 rms 0.2829  127.57 ms | p=(  477.65  -261.74  13.37) v=8.89 m/s
[lio] t=1317401448.436 | feat 9677/80556 | map  24625 | icp ok  iter 11 corr  9650 rms 0.3346  125.80 ms | p=(  478.52  -261.51  13.33) v=8.76 m/s [KF]
[lio] t=1317401448.540 | feat 9468/79350 | map  25542 | icp ok  iter  9 corr  9466 rms 0.2420  101.09 ms | p=(  479.41  -261.27  13.29) v=8.84 m/s
[lio] t=1317401448.643 | feat 9459/79528 | map  25542 | icp ok  iter 11 corr  9454 rms 0.2841  118.54 ms | p=(  480.28  -261.03  13.28) v=8.73 m/s [KF]
[lio] t=1317401448.747 | feat 9471/80322 | map  26331 | icp ok  iter 10 corr  9468 rms 0.2377  107.10 ms | p=(  481.14  -260.79  13.25) v=8.68 m/s
[lio] t=1317401448.851 | feat 9374/79763 | map  26331 | icp ok  iter  8 corr  9373 rms 0.2583   82.11 ms | p=(  482.00  -260.55  13.20) v=8.62 m/s [KF]
[lio] t=1317401448.955 | feat 9296/79463 | map  26885 | icp ok  iter 10 corr  9294 rms 0.2283  120.23 ms | p=(  482.88  -260.31  13.18) v=8.70 m/s
[lio] t=1317401449.059 | feat 8991/79585 | map  26885 | icp ok  iter 10 corr  8989 rms 0.2451  102.00 ms | p=(  483.74  -260.07  13.15) v=8.70 m/s [KF]
[lio] t=1317401449.163 | feat 8886/79150 | map  27285 | icp ok  iter  6 corr  8881 rms 0.2288   64.62 ms | p=(  484.62  -259.83  13.10) v=8.72 m/s
[lio] t=1317401449.267 | feat 8858/79287 | map  27285 | icp ok  iter 12 corr  8851 rms 0.2647  124.53 ms | p=(  485.46  -259.59  13.07) v=8.54 m/s [KF]
[lio] t=1317401449.371 | feat 8875/79588 | map  27647 | icp ok  iter 11 corr  8871 rms 0.2261  105.67 ms | p=(  486.31  -259.35  13.05) v=8.50 m/s
[lio] t=1317401449.475 | feat 8593/79355 | map  27647 | icp ok  iter 11 corr  8576 rms 0.2564  114.52 ms | p=(  487.16  -259.10  13.01) v=8.55 m/s [KF]
[lio] t=1317401449.579 | feat 8409/78590 | map  27913 | icp ok  iter 13 corr  8404 rms 0.2337  126.16 ms | p=(  488.03  -258.87  12.97) v=8.65 m/s
[lio] t=1317401449.683 | feat 8111/78593 | map  27913 | icp ok  iter 11 corr  8108 rms 0.2829  101.61 ms | p=(  488.87  -258.62  12.93) v=8.48 m/s [KF]
[lio] t=1317401449.787 | feat 7766/80205 | map  28221 | icp ok  iter 11 corr  7762 rms 0.2302   98.80 ms | p=(  489.73  -258.38  12.91) v=8.55 m/s
[lio] t=1317401449.891 | feat 7326/81305 | map  28221 | icp ok  iter 18 corr  7316 rms 0.2592  151.30 ms | p=(  490.56  -258.14  12.89) v=8.46 m/s [KF]
[lio] t=1317401449.995 | feat 6826/81918 | map  28370 | icp ok  iter  9 corr  6826 rms 0.2315   69.91 ms | p=(  491.44  -257.91  12.85) v=8.67 m/s
[lio] t=1317401450.099 | feat 6458/81241 | map  28370 | icp ok  iter 13 corr  6455 rms 0.2680  106.81 ms | p=(  492.28  -257.67  12.81) v=8.61 m/s [KF]
[lio] t=1317401450.203 | feat 6397/79642 | map  28414 | icp ok  iter  9 corr  6392 rms 0.2383   62.60 ms | p=(  493.16  -257.43  12.78) v=8.75 m/s
[lio] t=1317401450.307 | feat 6222/78081 | map  28414 | icp ok  iter 13 corr  6181 rms 0.3020   84.81 ms | p=(  494.03  -257.19  12.75) v=8.80 m/s [KF]
[lio] t=1317401450.411 | feat 6095/77262 | map  28472 | icp ok  iter  9 corr  6088 rms 0.2831   60.48 ms | p=(  494.92  -256.95  12.73) v=8.89 m/s
[lio] t=1317401450.515 | feat 6045/77480 | map  28472 | icp ok  iter  9 corr  5954 rms 0.3927   64.49 ms | p=(  495.81  -256.69  12.68) v=8.97 m/s [KF]
[lio] t=1317401450.618 | feat 6060/76429 | map  28712 | icp ok  iter 12 corr  6013 rms 0.3409   81.99 ms | p=(  496.70  -256.44  12.67) v=9.00 m/s
[lio] t=1317401450.722 | feat 6179/75326 | map  28712 | icp ok  iter 10 corr  6041 rms 0.4311   70.69 ms | p=(  497.58  -256.20  12.64) v=8.89 m/s [KF]
[lio] t=1317401450.826 | feat 6182/73866 | map  29034 | icp ok  iter  8 corr  6152 rms 0.3638   64.98 ms | p=(  498.48  -255.95  12.60) v=8.98 m/s
[lio] t=1317401450.930 | feat 5989/72907 | map  29034 | icp ok  iter  8 corr  5932 rms 0.4489   55.65 ms | p=(  499.37  -255.70  12.56) v=8.96 m/s [KF]
[lio] t=1317401451.034 | feat 6001/73758 | map  29269 | icp ok  iter  8 corr  5990 rms 0.2740   52.70 ms | p=(  500.27  -255.45  12.55) v=8.94 m/s
[lio] t=1317401451.138 | feat 6172/74079 | map  29269 | icp ok  iter  8 corr  6156 rms 0.3512   57.57 ms | p=(  501.13  -255.22  12.52) v=8.76 m/s [KF]
[lio] t=1317401451.242 | feat 6195/72489 | map  29492 | icp ok  iter  8 corr  6191 rms 0.2800   52.66 ms | p=(  502.01  -254.97  12.50) v=8.77 m/s
[lio] t=1317401451.346 | feat 6158/71769 | map  29492 | icp ok  iter  6 corr  6149 rms 0.3359   40.96 ms | p=(  502.89  -254.72  12.48) v=8.76 m/s [KF]
[lio] t=1317401451.450 | feat 6136/70371 | map  29512 | icp ok  iter  7 corr  6135 rms 0.2719   49.08 ms | p=(  503.76  -254.47  12.45) v=8.78 m/s
[lio] t=1317401451.554 | feat 6018/71488 | map  29512 | icp ok  iter 11 corr  6011 rms 0.3266   73.88 ms | p=(  504.63  -254.22  12.40) v=8.72 m/s [KF]
[lio] t=1317401451.658 | feat 6032/73031 | map  29409 | icp ok  iter  7 corr  6030 rms 0.2590   45.01 ms | p=(  505.50  -253.98  12.38) v=8.71 m/s
[lio] t=1317401451.762 | feat 6119/75860 | map  29409 | icp ok  iter  8 corr  6110 rms 0.3194   51.86 ms | p=(  506.37  -253.74  12.37) v=8.66 m/s [KF]
[lio] t=1317401451.866 | feat 6096/78148 | map  29199 | icp ok  iter  6 corr  6090 rms 0.2879   40.21 ms | p=(  507.23  -253.50  12.35) v=8.61 m/s
[lio] t=1317401451.970 | feat 6142/78029 | map  29199 | icp ok  iter  9 corr  6132 rms 0.3448   61.67 ms | p=(  508.09  -253.26  12.33) v=8.58 m/s [KF]
[lio] t=1317401452.074 | feat 6240/76307 | map  29386 | icp ok  iter 10 corr  6210 rms 0.3242   83.74 ms | p=(  508.96  -253.02  12.28) v=8.70 m/s
[lio] t=1317401452.178 | feat 6147/72949 | map  29386 | icp ok  iter 18 corr  6102 rms 0.4419  114.36 ms | p=(  509.81  -252.79  12.25) v=8.57 m/s [KF]
[lio] t=1317401452.282 | feat 5929/70091 | map  29865 | icp ok  iter 10 corr  5916 rms 0.3031   66.21 ms | p=(  510.67  -252.54  12.22) v=8.66 m/s
[lio] t=1317401452.386 | feat 5706/67638 | map  29865 | icp ok  iter 12 corr  5671 rms 0.3660   81.42 ms | p=(  511.52  -252.31  12.22) v=8.56 m/s [KF]
[lio] t=1317401452.490 | feat 5413/63556 | map  30048 | icp ok  iter 11 corr  5394 rms 0.2869   65.65 ms | p=(  512.39  -252.07  12.17) v=8.68 m/s
[lio] t=1317401452.594 | feat 5241/58303 | map  30048 | icp ok  iter 12 corr  5228 rms 0.3727   68.73 ms | p=(  513.24  -251.84  12.14) v=8.58 m/s [KF]
[lio] t=1317401452.698 | feat 4923/54294 | map  30059 | icp ok  iter 12 corr  4918 rms 0.3098   62.16 ms | p=(  514.12  -251.59  12.11) v=8.69 m/s
[lio] t=1317401452.802 | feat 4374/48701 | map  30059 | icp ok  iter 17 corr  4353 rms 0.4214   80.57 ms | p=(  514.95  -251.37  12.09) v=8.47 m/s [KF]
[lio] t=1317401452.906 | feat 4413/45452 | map  29808 | icp ok  iter  8 corr  4412 rms 0.2583   47.23 ms | p=(  515.82  -251.14  12.06) v=8.60 m/s
[lio] t=1317401453.010 | feat 4293/46769 | map  29808 | icp ok  iter 12 corr  4283 rms 0.2831   59.12 ms | p=(  516.69  -250.91  12.00) v=8.65 m/s [KF]
[lio] t=1317401453.114 | feat 4203/48546 | map  29485 | icp ok  iter  9 corr  4201 rms 0.2433   44.18 ms | p=(  517.54  -250.68  11.98) v=8.57 m/s
[lio] t=1317401453.218 | feat 4307/55006 | map  29485 | icp ok  iter 11 corr  4307 rms 0.3010   52.97 ms | p=(  518.39  -250.46  11.97) v=8.46 m/s [KF]
[lio] t=1317401453.322 | feat 4402/59713 | map  28914 | icp ok  iter 11 corr  4399 rms 0.3197   50.84 ms | p=(  519.25  -250.22  11.93) v=8.55 m/s
[lio] t=1317401453.425 | feat 4534/65796 | map  28914 | icp ok  iter 11 corr  4522 rms 0.3234   55.74 ms | p=(  520.08  -250.00  11.91) v=8.38 m/s [KF]
[lio] t=1317401453.529 | feat 4785/69644 | map  27999 | icp ok  iter  8 corr  4771 rms 0.3151   44.64 ms | p=(  520.95  -249.76  11.88) v=8.57 m/s
[lio] t=1317401453.633 | feat 4912/70322 | map  27999 | icp ok  iter 13 corr  4886 rms 0.3519   66.91 ms | p=(  521.77  -249.54  11.87) v=8.36 m/s [KF]
[lio] t=1317401453.737 | feat 5155/71279 | map  27113 | icp ok  iter  9 corr  5147 rms 0.2955   45.87 ms | p=(  522.62  -249.31  11.82) v=8.43 m/s
[lio] t=1317401453.841 | feat 5147/71335 | map  27113 | icp ok  iter 10 corr  5099 rms 0.3710   57.43 ms | p=(  523.47  -249.10  11.80) v=8.40 m/s [KF]
[lio] t=1317401453.945 | feat 5269/70498 | map  26413 | icp ok  iter  7 corr  5247 rms 0.2997   40.58 ms | p=(  524.32  -248.87  11.75) v=8.46 m/s
[lio] t=1317401454.049 | feat 5345/72107 | map  26413 | icp ok  iter 13 corr  5220 rms 0.3824   72.56 ms | p=(  525.13  -248.65  11.71) v=8.25 m/s [KF]
[lio] t=1317401454.153 | feat 5457/72000 | map  25830 | icp ok  iter 11 corr  5404 rms 0.3286   65.75 ms | p=(  525.98  -248.42  11.69) v=8.38 m/s
[lio] t=1317401454.257 | feat 5698/73013 | map  25830 | icp ok  iter  9 corr  5502 rms 0.3946   51.72 ms | p=(  526.80  -248.20  11.67) v=8.25 m/s [KF]
[lio] t=1317401454.361 | feat 5995/71775 | map  25464 | icp ok  iter  9 corr  5910 rms 0.4073   55.70 ms | p=(  527.63  -247.98  11.65) v=8.24 m/s
[lio] t=1317401454.465 | feat 6194/73167 | map  25464 | icp ok  iter 11 corr  5954 rms 0.5332   75.65 ms | p=(  528.45  -247.77  11.60) v=8.20 m/s [KF]
[lio] t=1317401454.569 | feat 6310/76339 | map  25385 | icp ok  iter 11 corr  6272 rms 0.3959   81.14 ms | p=(  529.30  -247.56  11.53) v=8.37 m/s
[lio] t=1317401454.673 | feat 6305/75818 | map  25385 | icp ok  iter 13 corr  6245 rms 0.5393   85.77 ms | p=(  530.11  -247.34  11.51) v=8.20 m/s [KF]
[lio] t=1317401454.777 | feat 6391/74699 | map  25296 | icp ok  iter 10 corr  6389 rms 0.2858   72.19 ms | p=(  530.91  -247.13  11.50) v=8.06 m/s
[lio] t=1317401454.881 | feat 6539/71010 | map  25296 | icp ok  iter 13 corr  6504 rms 0.4090   94.52 ms | p=(  531.70  -246.93  11.49) v=7.90 m/s [KF]
[lio] t=1317401454.985 | feat 6684/70579 | map  25009 | icp ok  iter 10 corr  6679 rms 0.3129   81.17 ms | p=(  532.52  -246.71  11.47) v=8.08 m/s
[lio] t=1317401455.089 | feat 6793/70409 | map  25009 | icp ok  iter 12 corr  6756 rms 0.4165   85.55 ms | p=(  533.31  -246.51  11.43) v=7.90 m/s [KF]
[lio] t=1317401455.193 | feat 6978/71766 | map  24918 | icp ok  iter  9 corr  6977 rms 0.2649   80.54 ms | p=(  534.12  -246.29  11.41) v=8.08 m/s
[lio] t=1317401455.297 | feat 7120/75313 | map  24918 | icp ok  iter 11 corr  7111 rms 0.3218   97.12 ms | p=(  534.91  -246.09  11.36) v=7.97 m/s [KF]
[lio] t=1317401455.401 | feat 7183/78549 | map  25017 | icp ok  iter 11 corr  7158 rms 0.2549   81.57 ms | p=(  535.74  -245.87  11.33) v=8.13 m/s
[lio] t=1317401455.505 | feat 7301/78779 | map  25017 | icp ok  iter 13 corr  7227 rms 0.3159  107.87 ms | p=(  536.53  -245.67  11.31) v=8.03 m/s [KF]
[lio] t=1317401455.609 | feat 7574/75326 | map  25147 | icp ok  iter  8 corr  7573 rms 0.2694   64.68 ms | p=(  537.35  -245.46  11.31) v=8.10 m/s
[lio] t=1317401455.713 | feat 7612/73451 | map  25147 | icp ok  iter  8 corr  7609 rms 0.3019   68.87 ms | p=(  538.15  -245.26  11.26) v=8.11 m/s [KF]
[lio] t=1317401455.817 | feat 7489/75277 | map  25312 | icp ok  iter 26 corr  7480 rms 0.2477  209.09 ms | p=(  539.00  -245.04  11.23) v=8.34 m/s
[lio] t=1317401455.921 | feat 7606/78866 | map  25312 | icp ok  iter  9 corr  7589 rms 0.3340   68.22 ms | p=(  539.83  -244.84  11.20) v=8.33 m/s [KF]
[lio] t=1317401456.025 | feat 7819/83065 | map  25373 | icp ok  iter  9 corr  7739 rms 0.2856   70.87 ms | p=(  540.66  -244.63  11.18) v=8.36 m/s
[lio] t=1317401456.128 | feat 7837/83969 | map  25373 | icp ok  iter 10 corr  7717 rms 0.3431   79.13 ms | p=(  541.48  -244.42  11.15) v=8.31 m/s [KF]
[lio] t=1317401456.232 | feat 7542/84306 | map  25572 | icp ok  iter  7 corr  7528 rms 0.2750   64.20 ms | p=(  542.36  -244.20  11.10) v=8.61 m/s
[lio] t=1317401456.336 | feat 7175/84541 | map  25572 | icp ok  iter 13 corr  7135 rms 0.3163  100.37 ms | p=(  543.19  -243.98  11.06) v=8.46 m/s [KF]
[lio] t=1317401456.440 | feat 6976/85236 | map  25440 | icp ok  iter  9 corr  6976 rms 0.2600   76.52 ms | p=(  544.04  -243.75  11.05) v=8.54 m/s
[lio] t=1317401456.544 | feat 6595/85237 | map  25440 | icp ok  iter 10 corr  6592 rms 0.3007   68.11 ms | p=(  544.89  -243.52  11.02) v=8.54 m/s [KF]
[lio] t=1317401456.648 | feat 6344/85074 | map  25506 | icp ok  iter  8 corr  6342 rms 0.2421   53.97 ms | p=(  545.76  -243.29  10.98) v=8.68 m/s
[lio] t=1317401456.752 | feat 6206/84757 | map  25506 | icp ok  iter 13 corr  6201 rms 0.2881   89.17 ms | p=(  546.62  -243.06  10.96) v=8.71 m/s [KF]
[lio] t=1317401456.856 | feat 6210/84949 | map  25451 | icp ok  iter 13 corr  6202 rms 0.2583   96.55 ms | p=(  547.51  -242.82  10.93) v=8.88 m/s
[lio] t=1317401456.960 | feat 6150/85425 | map  25451 | icp ok  iter 12 corr  6141 rms 0.2991   81.34 ms | p=(  548.38  -242.59  10.89) v=8.86 m/s [KF]
[lio] t=1317401457.063 | feat 6172/85614 | map  25342 | icp ok  iter  9 corr  6167 rms 0.2558   64.04 ms | p=(  549.27  -242.34  10.84) v=8.93 m/s
[lio] t=1317401457.167 | feat 5939/85616 | map  25342 | icp ok  iter 12 corr  5933 rms 0.3395   95.95 ms | p=(  550.14  -242.10  10.81) v=8.86 m/s [KF]
[lio] t=1317401457.271 | feat 6012/86205 | map  24955 | icp ok  iter 15 corr  6001 rms 0.2302  112.66 ms | p=(  551.04  -241.83  10.80) v=8.99 m/s
[lio] t=1317401457.375 | feat 5712/85998 | map  24955 | icp ok  iter 11 corr  5710 rms 0.2653   73.52 ms | p=(  551.92  -241.58  10.78) v=8.96 m/s [KF]
[lio] t=1317401457.479 | feat 5751/85328 | map  24282 | icp ok  iter 12 corr  5744 rms 0.2395   82.81 ms | p=(  552.83  -241.31  10.74) v=9.11 m/s
[lio] t=1317401457.583 | feat 5593/84762 | map  24282 | icp ok  iter 10 corr  5583 rms 0.2513   78.34 ms | p=(  553.73  -241.05  10.70) v=9.16 m/s [KF]
[lio] t=1317401457.687 | feat 5601/84395 | map  23838 | icp ok  iter 13 corr  5596 rms 0.2387   79.57 ms | p=(  554.65  -240.79  10.67) v=9.22 m/s
[lio] t=1317401457.791 | feat 5459/84949 | map  23838 | icp ok  iter  8 corr  5444 rms 0.2559   52.24 ms | p=(  555.56  -240.53  10.62) v=9.15 m/s [KF]
[lio] t=1317401457.895 | feat 5486/85095 | map  23568 | icp ok  iter  8 corr  5483 rms 0.2494   48.89 ms | p=(  556.46  -240.27  10.62) v=9.10 m/s
[lio] t=1317401457.999 | feat 5352/84955 | map  23568 | icp ok  iter 13 corr  5343 rms 0.2782   75.90 ms | p=(  557.36  -240.02  10.57) v=9.04 m/s [KF]
[lio] t=1317401458.102 | feat 5336/85013 | map  23507 | icp ok  iter 10 corr  5331 rms 0.2542   57.61 ms | p=(  558.25  -239.76  10.57) v=8.97 m/s
[lio] t=1317401458.206 | feat 5276/84319 | map  23507 | icp ok  iter  7 corr  5267 rms 0.3387   42.64 ms | p=(  559.16  -239.51  10.52) v=9.02 m/s [KF]
[lio] t=1317401458.310 | feat 5290/83911 | map  23518 | icp ok  iter  7 corr  5287 rms 0.2572   48.63 ms | p=(  560.06  -239.25  10.48) v=9.06 m/s
[lio] t=1317401458.414 | feat 5420/83306 | map  23518 | icp ok  iter  9 corr  5411 rms 0.3712   55.45 ms | p=(  560.96  -238.99  10.43) v=9.05 m/s [KF]
[lio] t=1317401458.518 | feat 5472/82305 | map  23686 | icp ok  iter  9 corr  5470 rms 0.2666   53.09 ms | p=(  561.86  -238.73  10.40) v=9.06 m/s
[lio] t=1317401458.622 | feat 5516/81625 | map  23686 | icp ok  iter  9 corr  5500 rms 0.3647   60.15 ms | p=(  562.77  -238.48  10.36) v=9.04 m/s [KF]
[lio] t=1317401458.726 | feat 5555/81224 | map  23930 | icp ok  iter 11 corr  5546 rms 0.2569   70.24 ms | p=(  563.64  -238.22  10.33) v=8.89 m/s
[lio] t=1317401458.830 | feat 5619/81131 | map  23930 | icp ok  iter 10 corr  5587 rms 0.3497   65.57 ms | p=(  564.51  -237.99  10.33) v=8.71 m/s [KF]
[lio] t=1317401458.934 | feat 5718/82540 | map  24061 | icp ok  iter 11 corr  5705 rms 0.2728   71.70 ms | p=(  565.40  -237.73  10.29) v=8.86 m/s
[lio] t=1317401459.038 | feat 5572/83041 | map  24061 | icp ok  iter 11 corr  5535 rms 0.3569   76.36 ms | p=(  566.28  -237.50  10.23) v=8.81 m/s [KF]
[lio] t=1317401459.141 | feat 5377/77574 | map  24109 | icp ok  iter 13 corr  5375 rms 0.2965   79.44 ms | p=(  567.18  -237.26  10.21) v=8.92 m/s
[lio] t=1317401459.245 | feat 5055/72135 | map  24109 | icp ok  iter 14 corr  5041 rms 0.3398   79.38 ms | p=(  568.03  -237.03  10.19) v=8.66 m/s [KF]
[lio] t=1317401459.349 | feat 4832/67546 | map  24139 | icp ok  iter 11 corr  4832 rms 0.2684   60.62 ms | p=(  568.91  -236.78  10.17) v=8.74 m/s
[lio] t=1317401459.453 | feat 4866/65245 | map  24139 | icp ok  iter 14 corr  4861 rms 0.3722   76.07 ms | p=(  569.76  -236.55  10.14) v=8.62 m/s [KF]
[lio] t=1317401459.557 | feat 4997/67934 | map  24145 | icp ok  iter  5 corr  4995 rms 0.2562   30.39 ms | p=(  570.63  -236.32  10.11) v=8.62 m/s
[lio] t=1317401459.661 | feat 5264/73539 | map  24145 | icp ok  iter 10 corr  5250 rms 0.3531   57.24 ms | p=(  571.49  -236.09  10.07) v=8.58 m/s [KF]
[lio] t=1317401459.765 | feat 5862/79009 | map  24279 | icp ok  iter 11 corr  5796 rms 0.4099   68.88 ms | p=(  572.37  -235.85  10.03) v=8.74 m/s
[lio] t=1317401459.869 | feat 6070/83545 | map  24279 | icp ok  iter 12 corr  5993 rms 0.4887   78.14 ms | p=(  573.23  -235.62  10.00) v=8.64 m/s [KF]
[lio] t=1317401459.973 | feat 6190/83032 | map  24636 | icp ok  iter  9 corr  6147 rms 0.3256   62.66 ms | p=(  574.08  -235.38   9.97) v=8.58 m/s
[lio] t=1317401460.077 | feat 6251/81619 | map  24636 | icp ok  iter 13 corr  6051 rms 0.3798   91.39 ms | p=(  574.90  -235.15   9.93) v=8.32 m/s [KF]
[lio] t=1317401460.181 | feat 6248/79601 | map  24664 | icp ok  iter 11 corr  6181 rms 0.3302   82.25 ms | p=(  575.76  -234.90   9.89) v=8.53 m/s
[lio] t=1317401460.285 | feat 6321/79679 | map  24664 | icp ok  iter 12 corr  6098 rms 0.3647   87.90 ms | p=(  576.60  -234.67   9.84) v=8.49 m/s [KF]
[lio] t=1317401460.389 | feat 6423/77801 | map  24874 | icp ok  iter 14 corr  6414 rms 0.3432  102.36 ms | p=(  577.46  -234.43   9.81) v=8.56 m/s
[lio] t=1317401460.493 | feat 6447/77506 | map  24874 | icp ok  iter 13 corr  6435 rms 0.4185   98.12 ms | p=(  578.29  -234.21   9.76) v=8.35 m/s [KF]
[lio] t=1317401460.597 | feat 6360/76704 | map  25152 | icp ok  iter 12 corr  6352 rms 0.2830   83.17 ms | p=(  579.13  -233.98   9.75) v=8.40 m/s
[lio] t=1317401460.701 | feat 6398/77952 | map  25152 | icp ok  iter 12 corr  6390 rms 0.3617   81.00 ms | p=(  579.97  -233.76   9.73) v=8.34 m/s [KF]
[lio] t=1317401460.805 | feat 6502/76803 | map  25163 | icp ok  iter  8 corr  6466 rms 0.2904   65.59 ms | p=(  580.80  -233.53   9.68) v=8.32 m/s
[lio] t=1317401460.908 | feat 6318/74510 | map  25163 | icp ok  iter 15 corr  6267 rms 0.3213   98.96 ms | p=(  581.61  -233.31   9.62) v=8.20 m/s [KF]
[lio] t=1317401461.012 | feat 6324/74542 | map  25033 | icp ok  iter 12 corr  6319 rms 0.2810   80.83 ms | p=(  582.45  -233.09   9.57) v=8.24 m/s
[lio] t=1317401461.116 | feat 6170/74103 | map  25033 | icp ok  iter 10 corr  6166 rms 0.3003   71.56 ms | p=(  583.24  -232.88   9.55) v=7.95 m/s [KF]
[lio] t=1317401461.220 | feat 6141/74972 | map  24877 | icp ok  iter 13 corr  6133 rms 0.2661   87.86 ms | p=(  584.03  -232.66   9.54) v=7.85 m/s
[lio] t=1317401461.324 | feat 6337/75245 | map  24877 | icp ok  iter 10 corr  6324 rms 0.3139   68.62 ms | p=(  584.78  -232.45   9.51) v=7.52 m/s [KF]
[lio] t=1317401461.428 | feat 6256/75549 | map  24362 | icp ok  iter 11 corr  6256 rms 0.2618   74.37 ms | p=(  585.55  -232.24   9.46) v=7.52 m/s
[lio] t=1317401461.532 | feat 6335/75896 | map  24362 | icp ok  iter 10 corr  6314 rms 0.3384   74.83 ms | p=(  586.26  -232.04   9.43) v=7.18 m/s [KF]
[lio] t=1317401461.636 | feat 6389/76786 | map  24020 | icp ok  iter 12 corr  6327 rms 0.2960   83.26 ms | p=(  586.99  -231.84   9.39) v=7.15 m/s
[lio] t=1317401461.740 | feat 6275/78016 | map  24020 | icp ok  iter 13 corr  6163 rms 0.3414   89.46 ms | p=(  587.67  -231.64   9.36) v=6.84 m/s [KF]
[lio] t=1317401461.844 | feat 6413/79325 | map  23745 | icp ok  iter 12 corr  6372 rms 0.3369   92.34 ms | p=(  588.35  -231.44   9.32) v=6.69 m/s
[lio] t=1317401461.949 | feat 6524/79514 | map  23745 | icp ok  iter 14 corr  6462 rms 0.3870  102.85 ms | p=(  589.03  -231.26   9.29) v=6.61 m/s [KF]
[lio] t=1317401462.053 | feat 6489/78347 | map  23800 | icp ok  iter  8 corr  6451 rms 0.3136   62.75 ms | p=(  589.64  -231.10   9.29) v=6.11 m/s
[lio] t=1317401462.157 | feat 6574/77941 | map  23800 | icp ok  iter 13 corr  6482 rms 0.4003   97.60 ms | p=(  590.27  -230.97   9.27) v=6.02 m/s [KF]
[lio] t=1317401462.261 | feat 6731/78681 | map  24009 | icp ok  iter 15 corr  6684 rms 0.3114  101.78 ms | p=(  590.87  -230.82   9.24) v=5.87 m/s
[lio] t=1317401462.365 | feat 6809/79564 | map  24009 | icp ok  iter 12 corr  6690 rms 0.3990   85.40 ms | p=(  591.44  -230.68   9.22) v=5.66 m/s [KF]
[lio] t=1317401462.469 | feat 6896/81042 | map  24171 | icp ok  iter 10 corr  6889 rms 0.3032   72.21 ms | p=(  592.00  -230.57   9.18) v=5.47 m/s
[lio] t=1317401462.573 | feat 7048/83723 | map  24171 | icp ok  iter  9 corr  6965 rms 0.4573   66.44 ms | p=(  592.57  -230.45   9.17) v=5.42 m/s [KF]
[lio] t=1317401462.677 | feat 7365/84428 | map  24416 | icp ok  iter  9 corr  7295 rms 0.3478   66.60 ms | p=(  593.09  -230.34   9.15) v=5.17 m/s
[lio] t=1317401462.781 | feat 7661/84401 | map  24416 | icp ok  iter 11 corr  7412 rms 0.4953   88.98 ms | p=(  593.64  -230.25   9.14) v=5.18 m/s [KF]
[lio] t=1317401462.885 | feat 7825/84478 | map  24980 | icp ok  iter 17 corr  7797 rms 0.3658  130.18 ms | p=(  594.12  -230.14   9.12) v=4.91 m/s
[lio] t=1317401462.990 | feat 8034/84829 | map  24980 | icp ok  iter 14 corr  8015 rms 0.4066  111.18 ms | p=(  594.63  -230.08   9.09) v=4.92 m/s [KF]
[lio] t=1317401463.094 | feat 8097/84947 | map  25582 | icp ok  iter  8 corr  8073 rms 0.2794   73.86 ms | p=(  595.13  -230.00   9.07) v=4.83 m/s
[lio] t=1317401463.198 | feat 8256/84521 | map  25582 | icp ok  iter 16 corr  8144 rms 0.3710  138.30 ms | p=(  595.62  -229.91   9.06) v=4.76 m/s [KF]
[lio] t=1317401463.302 | feat 8598/84213 | map  26231 | icp ok  iter  9 corr  8585 rms 0.3509   84.84 ms | p=(  596.10  -229.83   9.06) v=4.70 m/s
[lio] t=1317401463.405 | feat 8846/83973 | map  26231 | icp ok  iter 10 corr  8778 rms 0.3792   96.56 ms | p=(  596.57  -229.75   9.05) v=4.57 m/s
[lio] t=1317401463.509 | feat 8825/83692 | map  26231 | icp ok  iter 12 corr  8717 rms 0.3639  114.29 ms | p=(  597.04  -229.67   9.03) v=4.56 m/s [KF]
[lio] t=1317401463.613 | feat 8669/83438 | map  26997 | icp ok  iter 11 corr  8664 rms 0.2480  107.47 ms | p=(  597.49  -229.61   9.00) v=4.42 m/s
[lio] t=1317401463.717 | feat 8860/83636 | map  26997 | icp ok  iter 12 corr  8828 rms 0.3342  135.30 ms | p=(  597.93  -229.53   8.97) v=4.30 m/s
[lio] t=1317401463.821 | feat 9155/83555 | map  26997 | icp ok  iter 10 corr  9057 rms 0.4145   98.78 ms | p=(  598.35  -229.46   8.98) v=4.12 m/s [KF]
[lio] t=1317401463.925 | feat 9202/83542 | map  27965 | icp ok  iter  8 corr  9181 rms 0.3078   89.16 ms | p=(  598.77  -229.39   8.98) v=4.01 m/s
[lio] t=1317401464.028 | feat 9252/83382 | map  27965 | icp ok  iter 10 corr  9223 rms 0.3198  112.15 ms | p=(  599.16  -229.30   8.99) v=3.91 m/s
[lio] t=1317401464.132 | feat 9339/83191 | map  27965 | icp ok  iter  8 corr  9280 rms 0.3554   86.35 ms | p=(  599.56  -229.22   8.98) v=3.85 m/s [KF]
[lio] t=1317401464.236 | feat 9469/83036 | map  28780 | icp ok  iter  9 corr  9456 rms 0.2827   87.99 ms | p=(  599.93  -229.13   8.97) v=3.72 m/s
[lio] t=1317401464.340 | feat 9418/82940 | map  28780 | icp ok  iter 12 corr  9401 rms 0.3313  122.39 ms | p=(  600.30  -229.03   8.94) v=3.69 m/s
[lio] t=1317401464.443 | feat 9633/82999 | map  28780 | icp ok  iter 10 corr  9607 rms 0.3620  102.52 ms | p=(  600.65  -228.94   8.94) v=3.48 m/s [KF]
[lio] t=1317401464.547 | feat 9534/82951 | map  29545 | icp ok  iter 11 corr  9534 rms 0.2830  126.16 ms | p=(  600.98  -228.84   8.92) v=3.41 m/s
[lio] t=1317401464.651 | feat 9549/82927 | map  29545 | icp ok  iter 13 corr  9549 rms 0.3081  140.31 ms | p=(  601.34  -228.73   8.92) v=3.50 m/s
[lio] t=1317401464.754 | feat 9705/83086 | map  29545 | icp ok  iter 10 corr  9704 rms 0.3153  111.81 ms | p=(  601.67  -228.62   8.90) v=3.39 m/s [KF]
[lio] t=1317401464.858 | feat 9831/83230 | map  30067 | icp ok  iter  8 corr  9831 rms 0.2643   91.47 ms | p=(  601.99  -228.50   8.89) v=3.32 m/s
[lio] t=1317401464.962 | feat 9984/83211 | map  30067 | icp ok  iter 10 corr  9979 rms 0.2873  115.52 ms | p=(  602.30  -228.37   8.89) v=3.28 m/s
[lio] t=1317401465.065 | feat 10037/82887 | map  30067 | icp ok  iter 10 corr 10033 rms 0.2862  115.85 ms | p=(  602.60  -228.25   8.89) v=3.16 m/s [KF]
[lio] t=1317401465.169 | feat 9961/82573 | map  30824 | icp ok  iter 11 corr  9960 rms 0.2402  112.05 ms | p=(  602.87  -228.09   8.87) v=3.08 m/s
[lio] t=1317401465.273 | feat 9977/82638 | map  30824 | icp ok  iter 10 corr  9972 rms 0.2789  123.38 ms | p=(  603.16  -227.96   8.86) v=3.07 m/s
[lio] t=1317401465.376 | feat 10132/82750 | map  30824 | icp ok  iter  9 corr 10124 rms 0.2978  109.68 ms | p=(  603.43  -227.81   8.85) v=3.04 m/s
[lio] t=1317401465.480 | feat 10086/82715 | map  30824 | icp ok  iter  9 corr 10062 rms 0.3885  101.41 ms | p=(  603.70  -227.64   8.85) v=3.04 m/s [KF]
[lio] t=1317401465.584 | feat 10081/82523 | map  31712 | icp ok  iter  8 corr 10081 rms 0.2608  100.09 ms | p=(  603.96  -227.48   8.84) v=3.00 m/s
[lio] t=1317401465.688 | feat 9911/82380 | map  31712 | icp ok  iter 11 corr  9911 rms 0.2809  110.61 ms | p=(  604.21  -227.31   8.83) v=2.97 m/s
[lio] t=1317401465.792 | feat 9840/82149 | map  31712 | icp ok  iter 12 corr  9836 rms 0.3163  118.85 ms | p=(  604.45  -227.11   8.82) v=3.04 m/s
[lio] t=1317401465.895 | feat 9725/82124 | map  31712 | icp ok  iter 10 corr  9710 rms 0.3514   99.96 ms | p=(  604.69  -226.91   8.80) v=3.12 m/s [KF]
[lio] t=1317401465.999 | feat 9741/82020 | map  32322 | icp ok  iter 10 corr  9735 rms 0.2396  101.70 ms | p=(  604.95  -226.71   8.80) v=3.21 m/s
[lio] t=1317401466.103 | feat 9627/82023 | map  32322 | icp ok  iter  6 corr  9621 rms 0.2786   73.15 ms | p=(  605.19  -226.46   8.78) v=3.38 m/s
[lio] t=1317401466.207 | feat 9583/82046 | map  32322 | icp ok  iter  8 corr  9580 rms 0.3111   81.10 ms | p=(  605.43  -226.22   8.76) v=3.42 m/s [KF]
[lio] t=1317401466.310 | feat 9575/81970 | map  32688 | icp ok  iter  7 corr  9571 rms 0.2470   76.11 ms | p=(  605.67  -225.95   8.76) v=3.57 m/s
[lio] t=1317401466.414 | feat 9520/81862 | map  32688 | icp ok  iter 13 corr  9513 rms 0.2731  122.68 ms | p=(  605.92  -225.68   8.74) v=3.62 m/s
[lio] t=1317401466.518 | feat 9492/82054 | map  32688 | icp ok  iter 10 corr  9482 rms 0.3074   98.00 ms | p=(  606.14  -225.38   8.72) v=3.68 m/s [KF]
[lio] t=1317401466.622 | feat 9496/82174 | map  32892 | icp ok  iter  8 corr  9489 rms 0.2710   82.61 ms | p=(  606.38  -225.07   8.69) v=3.83 m/s
[lio] t=1317401466.726 | feat 9628/82293 | map  32892 | icp ok  iter  9 corr  9619 rms 0.2981   91.45 ms | p=(  606.60  -224.75   8.67) v=3.86 m/s
[lio] t=1317401466.829 | feat 9715/82473 | map  32892 | icp ok  iter  9 corr  9702 rms 0.3190   91.06 ms | p=(  606.83  -224.41   8.65) v=4.03 m/s [KF]
[lio] t=1317401466.933 | feat 9636/82472 | map  32989 | icp ok  iter  7 corr  9635 rms 0.2635   78.88 ms | p=(  607.03  -224.06   8.63) v=4.05 m/s
[lio] t=1317401467.037 | feat 9637/82471 | map  32989 | icp ok  iter  8 corr  9637 rms 0.2873   82.92 ms | p=(  607.23  -223.68   8.61) v=4.19 m/s
[lio] t=1317401467.141 | feat 9592/82493 | map  32989 | icp ok  iter  9 corr  9589 rms 0.2954   97.29 ms | p=(  607.41  -223.29   8.59) v=4.27 m/s [KF]
[lio] t=1317401467.244 | feat 9527/82483 | map  33286 | icp ok  iter  7 corr  9526 rms 0.2612   67.87 ms | p=(  607.58  -222.88   8.57) v=4.36 m/s
[lio] t=1317401467.348 | feat 9542/82583 | map  33286 | icp ok  iter  4 corr  9540 rms 0.2843   46.42 ms | p=(  607.74  -222.46   8.55) v=4.46 m/s
[lio] t=1317401467.452 | feat 9539/82670 | map  33286 | icp ok  iter 11 corr  9537 rms 0.3172  111.30 ms | p=(  607.89  -222.00   8.53) v=4.70 m/s [KF]
[lio] t=1317401467.556 | feat 9383/82874 | map  33702 | icp ok  iter 12 corr  9383 rms 0.2619  114.66 ms | p=(  608.00  -221.52   8.52) v=4.82 m/s
[lio] t=1317401467.659 | feat 9319/82965 | map  33702 | icp ok  iter 16 corr  9310 rms 0.3095  153.67 ms | p=(  608.11  -221.03   8.50) v=4.97 m/s
[lio] t=1317401467.763 | feat 9216/83243 | map  33702 | icp ok  iter 12 corr  9198 rms 0.3199  125.96 ms | p=(  608.18  -220.54   8.48) v=5.01 m/s [KF]
[lio] t=1317401467.867 | feat 9064/83375 | map  34098 | icp ok  iter  8 corr  9063 rms 0.2535   83.58 ms | p=(  608.22  -220.00   8.46) v=5.30 m/s
[lio] t=1317401467.971 | feat 8746/83897 | map  34098 | icp ok  iter 11 corr  8731 rms 0.3230   93.80 ms | p=(  608.25  -219.42   8.43) v=5.63 m/s [KF]
[lio] t=1317401468.075 | feat 8614/83887 | map  34319 | icp ok  iter  7 corr  8607 rms 0.2692   75.79 ms | p=(  608.26  -218.86   8.41) v=5.65 m/s
[lio] t=1317401468.179 | feat 8379/83723 | map  34319 | icp ok  iter 17 corr  8369 rms 0.3006  156.75 ms | p=(  608.22  -218.26   8.40) v=5.87 m/s [KF]
[lio] t=1317401468.283 | feat 8212/84111 | map  34366 | icp ok  iter  5 corr  8195 rms 0.2526   51.42 ms | p=(  608.18  -217.63   8.38) v=6.16 m/s
[lio] t=1317401468.387 | feat 7946/84117 | map  34366 | icp ok  iter 11 corr  7921 rms 0.2943  101.99 ms | p=(  608.10  -216.98   8.36) v=6.40 m/s [KF]
[lio] t=1317401468.491 | feat 7612/84108 | map  34352 | icp ok  iter 14 corr  7604 rms 0.2625  116.57 ms | p=(  608.00  -216.31   8.35) v=6.67 m/s
[lio] t=1317401468.595 | feat 7407/84138 | map  34352 | icp ok  iter  9 corr  7398 rms 0.2990   83.06 ms | p=(  607.89  -215.64   8.34) v=6.72 m/s [KF]
[lio] t=1317401468.699 | feat 7260/84074 | map  34280 | icp ok  iter  5 corr  7260 rms 0.2348   51.89 ms | p=(  607.75  -214.93   8.32) v=7.03 m/s
[lio] t=1317401468.804 | feat 7218/84024 | map  34280 | icp ok  iter 15 corr  7218 rms 0.2638  123.72 ms | p=(  607.58  -214.18   8.31) v=7.36 m/s [KF]
[lio] t=1317401468.908 | feat 7113/83731 | map  34209 | icp ok  iter  8 corr  7112 rms 0.2329   69.03 ms | p=(  607.41  -213.44   8.29) v=7.49 m/s
[lio] t=1317401469.012 | feat 7118/83650 | map  34209 | icp ok  iter 18 corr  7111 rms 0.2516  141.31 ms | p=(  607.20  -212.67   8.28) v=7.77 m/s [KF]
[lio] t=1317401469.117 | feat 7069/83618 | map  34213 | icp ok  iter 10 corr  7069 rms 0.2402   81.76 ms | p=(  606.99  -211.87   8.27) v=8.00 m/s
[lio] t=1317401469.221 | feat 7011/83472 | map  34213 | icp ok  iter 11 corr  7011 rms 0.2526   85.24 ms | p=(  606.78  -211.08   8.26) v=8.08 m/s [KF]
[lio] t=1317401469.325 | feat 6943/84039 | map  34134 | icp ok  iter 12 corr  6941 rms 0.2155   96.08 ms | p=(  606.54  -210.22   8.24) v=8.51 m/s
[lio] t=1317401469.430 | feat 6953/84262 | map  34134 | icp ok  iter 11 corr  6953 rms 0.2423   83.29 ms | p=(  606.30  -209.35   8.23) v=8.75 m/s [KF]
[lio] t=1317401469.534 | feat 6906/84319 | map  33960 | icp ok  iter 17 corr  6905 rms 0.2236  140.20 ms | p=(  606.05  -208.45   8.24) v=9.04 m/s
[lio] t=1317401469.638 | feat 6906/84245 | map  33960 | icp ok  iter 21 corr  6896 rms 0.2517  149.31 ms | p=(  605.81  -207.56   8.23) v=9.11 m/s [KF]
[lio] t=1317401469.742 | feat 6847/84426 | map  33804 | icp ok  iter 16 corr  6847 rms 0.2392  115.28 ms | p=(  605.56  -206.63   8.21) v=9.32 m/s
[lio] t=1317401469.846 | feat 6809/84845 | map  33804 | icp ok  iter 11 corr  6800 rms 0.2566   76.47 ms | p=(  605.33  -205.68   8.20) v=9.56 m/s [KF]
[lio] t=1317401469.950 | feat 6806/84625 | map  33489 | icp ok  iter 10 corr  6803 rms 0.2344   66.50 ms | p=(  605.07  -204.71   8.19) v=9.77 m/s [KF]
[lio] t=1317401470.055 | feat 6799/84271 | map  32969 | icp ok  iter  9 corr  6799 rms 0.2206   63.72 ms | p=(  604.81  -203.71   8.19) v=9.98 m/s [KF]
[lio] t=1317401470.159 | feat 6765/84287 | map  32235 | icp ok  iter 10 corr  6760 rms 0.2178   71.29 ms | p=(  604.56  -202.71   8.19) v=10.13 m/s [KF]
[lio] t=1317401470.263 | feat 6833/84083 | map  31486 | icp ok  iter  8 corr  6829 rms 0.2260   60.69 ms | p=(  604.29  -201.70   8.17) v=10.23 m/s [KF]
[lio] t=1317401470.367 | feat 6816/84040 | map  30775 | icp ok  iter  7 corr  6811 rms 0.2258   46.32 ms | p=(  604.02  -200.66   8.16) v=10.46 m/s [KF]
[lio] t=1317401470.471 | feat 6848/84131 | map  30156 | icp ok  iter 12 corr  6813 rms 0.2211   83.74 ms | p=(  603.74  -199.58   8.15) v=10.75 m/s [KF]
[lio] t=1317401470.575 | feat 6822/83516 | map  29473 | icp ok  iter 22 corr  6820 rms 0.2681  153.27 ms | p=(  603.44  -198.45   8.15) v=11.14 m/s [KF]
[lio] t=1317401470.679 | feat 6744/82614 | map  28588 | icp ok  iter 10 corr  6740 rms 0.2340   80.44 ms | p=(  603.14  -197.36   8.14) v=11.09 m/s [KF]
[lio] t=1317401470.783 | feat 6738/81805 | map  27939 | icp ok  iter  9 corr  6737 rms 0.2276   70.24 ms | p=(  602.86  -196.27   8.14) v=11.04 m/s [KF]
[lio] t=1317401470.886 | feat 6766/80988 | map  27280 | icp ok  iter 16 corr  6761 rms 0.2467  123.22 ms | p=(  602.55  -195.12   8.13) v=11.42 m/s [KF]
[lio] t=1317401470.990 | feat 6725/79289 | map  26706 | icp ok  iter  8 corr  6725 rms 0.2322   53.40 ms | p=(  602.24  -193.96   8.12) v=11.61 m/s [KF]
[lio] t=1317401471.094 | feat 6792/78404 | map  25873 | icp ok  iter 13 corr  6792 rms 0.2293   99.92 ms | p=(  601.93  -192.83   8.11) v=11.53 m/s [KF]
[lio] t=1317401471.198 | feat 6681/78561 | map  24901 | icp ok  iter 10 corr  6681 rms 0.2276   82.51 ms | p=(  601.61  -191.61   8.10) v=11.96 m/s [KF]
[lio] t=1317401471.302 | feat 6848/79410 | map  23962 | icp ok  iter 16 corr  6847 rms 0.2339  116.10 ms | p=(  601.29  -190.45   8.09) v=11.85 m/s [KF]
[lio] t=1317401471.406 | feat 6895/80111 | map  23044 | icp ok  iter 14 corr  6890 rms 0.2348  104.28 ms | p=(  600.95  -189.23   8.08) v=12.12 m/s [KF]
[lio] t=1317401471.510 | feat 6896/80926 | map  22245 | icp ok  iter 13 corr  6893 rms 0.2589   91.90 ms | p=(  600.63  -188.03   8.08) v=12.01 m/s [KF]
[lio] t=1317401471.614 | feat 6960/81372 | map  21499 | icp ok  iter  8 corr  6955 rms 0.2605   59.20 ms | p=(  600.30  -186.82   8.08) v=12.10 m/s [KF]
[lio] t=1317401471.718 | feat 6873/81415 | map  20938 | icp ok  iter 14 corr  6868 rms 0.2691  102.47 ms | p=(  599.98  -185.64   8.06) v=11.86 m/s [KF]
[lio] t=1317401471.822 | feat 6908/81579 | map  20466 | icp ok  iter  9 corr  6899 rms 0.2646   74.65 ms | p=(  599.64  -184.42   8.06) v=12.09 m/s [KF]
[lio] t=1317401471.926 | feat 6877/82070 | map  20221 | icp ok  iter 17 corr  6872 rms 0.2407  122.54 ms | p=(  599.32  -183.25   8.05) v=11.80 m/s [KF]
[lio] t=1317401472.030 | feat 6858/82094 | map  20166 | icp ok  iter 20 corr  6857 rms 0.2447  136.18 ms | p=(  598.97  -182.04   8.03) v=12.00 m/s [KF]
[lio] t=1317401472.134 | feat 6872/82045 | map  20150 | icp ok  iter  4 corr  6868 rms 0.2593   34.10 ms | p=(  598.64  -180.85   8.01) v=11.89 m/s [KF]
[lio] t=1317401472.238 | feat 6881/82012 | map  20076 | icp ok  iter 10 corr  6876 rms 0.2557   69.90 ms | p=(  598.31  -179.65   8.00) v=12.00 m/s [KF]
[lio] t=1317401472.341 | feat 6899/81777 | map  19921 | icp ok  iter 12 corr  6898 rms 0.2404   82.23 ms | p=(  597.97  -178.47   7.97) v=11.87 m/s [KF]
[lio] t=1317401472.445 | feat 6883/81340 | map  19823 | icp ok  iter 10 corr  6880 rms 0.2309   69.15 ms | p=(  597.63  -177.27   7.96) v=11.96 m/s [KF]
[lio] t=1317401472.549 | feat 6840/80377 | map  19849 | icp ok  iter 14 corr  6815 rms 0.2253  102.78 ms | p=(  597.31  -176.12   7.94) v=11.67 m/s [KF]
[lio] t=1317401472.653 | feat 6964/81464 | map  19868 | icp ok  iter 15 corr  6942 rms 0.2593  107.67 ms | p=(  596.97  -174.91   7.93) v=11.90 m/s [KF]
[lio] t=1317401472.757 | feat 7046/81841 | map  19889 | icp ok  iter 11 corr  7046 rms 0.2375   84.31 ms | p=(  596.64  -173.75   7.91) v=11.72 m/s [KF]
[lio] t=1317401472.861 | feat 7082/81233 | map  19936 | icp ok  iter  7 corr  7082 rms 0.2363   50.48 ms | p=(  596.31  -172.57   7.89) v=11.74 m/s [KF]
[lio] t=1317401472.964 | feat 7100/80638 | map  19916 | icp ok  iter  8 corr  7093 rms 0.2463   54.86 ms | p=(  595.98  -171.39   7.87) v=11.77 m/s [KF]
[lio] t=1317401473.068 | feat 7101/79945 | map  19916 | icp ok  iter 14 corr  7094 rms 0.2455   96.87 ms | p=(  595.65  -170.24   7.85) v=11.61 m/s [KF]
[lio] t=1317401473.172 | feat 6967/79816 | map  19882 | icp ok  iter 12 corr  6962 rms 0.2609   86.58 ms | p=(  595.32  -169.05   7.84) v=11.79 m/s [KF]
[lio] t=1317401473.276 | feat 6849/78880 | map  19828 | icp ok  iter  6 corr  6847 rms 0.2405   53.00 ms | p=(  594.99  -167.90   7.82) v=11.65 m/s [KF]
[lio] t=1317401473.380 | feat 6887/78520 | map  19790 | icp ok  iter 11 corr  6887 rms 0.2386   92.91 ms | p=(  594.65  -166.70   7.81) v=11.84 m/s [KF]
[lio] t=1317401473.484 | feat 6819/78233 | map  19764 | icp ok  iter 11 corr  6818 rms 0.2342   79.99 ms | p=(  594.33  -165.56   7.79) v=11.62 m/s [KF]
[lio] t=1317401473.587 | feat 6697/78074 | map  19801 | icp ok  iter  7 corr  6695 rms 0.2215   56.32 ms | p=(  594.00  -164.40   7.77) v=11.60 m/s [KF]
[lio] t=1317401473.691 | feat 6646/76866 | map  19782 | icp ok  iter  6 corr  6643 rms 0.2287   50.07 ms | p=(  593.66  -163.22   7.75) v=11.71 m/s [KF]
[lio] t=1317401473.795 | feat 6527/75879 | map  19712 | icp ok  iter  9 corr  6518 rms 0.2608   66.19 ms | p=(  593.34  -162.07   7.74) v=11.57 m/s [KF]
[lio] t=1317401473.899 | feat 6683/76933 | map  19658 | icp ok  iter 16 corr  6682 rms 0.2331  107.99 ms | p=(  593.01  -160.90   7.73) v=11.66 m/s [KF]
[lio] t=1317401474.003 | feat 6641/72602 | map  19560 | icp ok  iter  8 corr  6638 rms 0.2425   57.51 ms | p=(  592.69  -159.75   7.73) v=11.51 m/s [KF]
[lio] t=1317401474.106 | feat 6789/70817 | map  19402 | icp ok  iter  7 corr  6780 rms 0.2538   58.23 ms | p=(  592.37  -158.60   7.71) v=11.51 m/s [KF]
[lio] t=1317401474.210 | feat 6722/75481 | map  19342 | icp ok  iter  9 corr  6722 rms 0.2434   64.27 ms | p=(  592.05  -157.44   7.69) v=11.57 m/s [KF]
[lio] t=1317401474.314 | feat 6759/78549 | map  19097 | icp ok  iter 11 corr  6759 rms 0.2458   85.77 ms | p=(  591.73  -156.31   7.69) v=11.39 m/s [KF]
[lio] t=1317401474.418 | feat 6801/78442 | map  18839 | icp ok  iter  7 corr  6795 rms 0.2329   57.81 ms | p=(  591.41  -155.16   7.68) v=11.48 m/s [KF]
[lio] t=1317401474.521 | feat 6766/78599 | map  18831 | icp ok  iter  4 corr  6748 rms 0.2275   29.16 ms | p=(  591.09  -154.01   7.67) v=11.47 m/s [KF]
[lio] t=1317401474.625 | feat 6845/79690 | map  18794 | icp ok  iter  9 corr  6840 rms 0.2333   68.93 ms | p=(  590.77  -152.88   7.66) v=11.35 m/s [KF]
[lio] t=1317401474.729 | feat 6806/80044 | map  18878 | icp ok  iter 12 corr  6803 rms 0.2456   80.60 ms | p=(  590.45  -151.73   7.64) v=11.42 m/s [KF]
[lio] t=1317401474.833 | feat 6901/79598 | map  18980 | icp ok  iter  8 corr  6864 rms 0.2505   59.34 ms | p=(  590.14  -150.60   7.64) v=11.33 m/s [KF]
[lio] t=1317401474.937 | feat 7020/78793 | map  19110 | icp ok  iter  9 corr  7013 rms 0.2680   64.97 ms | p=(  589.83  -149.47   7.63) v=11.31 m/s [KF]
[lio] t=1317401475.040 | feat 6974/79468 | map  19305 | icp ok  iter  5 corr  6972 rms 0.2457   37.87 ms | p=(  589.52  -148.34   7.62) v=11.28 m/s [KF]
[lio] t=1317401475.144 | feat 7062/81078 | map  19378 | icp ok  iter  6 corr  7062 rms 0.2456   43.32 ms | p=(  589.20  -147.22   7.61) v=11.24 m/s [KF]
[lio] t=1317401475.248 | feat 7134/81275 | map  19467 | icp ok  iter  7 corr  7132 rms 0.2377   47.66 ms | p=(  588.89  -146.10   7.60) v=11.23 m/s [KF]
[lio] t=1317401475.351 | feat 7217/81290 | map  19581 | icp ok  iter  8 corr  7213 rms 0.2327   59.59 ms | p=(  588.58  -144.98   7.59) v=11.17 m/s [KF]
[lio] t=1317401475.455 | feat 7290/81301 | map  19685 | icp ok  iter  4 corr  7287 rms 0.2327   35.34 ms | p=(  588.27  -143.87   7.58) v=11.13 m/s [KF]
[lio] t=1317401475.559 | feat 7299/81539 | map  19742 | icp ok  iter  7 corr  7296 rms 0.2287   53.91 ms | p=(  587.95  -142.76   7.57) v=11.11 m/s [KF]
[lio] t=1317401475.663 | feat 7321/82061 | map  19850 | icp ok  iter 10 corr  7317 rms 0.2501   76.87 ms | p=(  587.63  -141.66   7.55) v=11.09 m/s [KF]
[lio] t=1317401475.766 | feat 7368/81103 | map  19988 | icp ok  iter 16 corr  7367 rms 0.2358  110.29 ms | p=(  587.30  -140.54   7.54) v=11.20 m/s [KF]
[lio] t=1317401475.870 | feat 7252/80247 | map  20140 | icp ok  iter 14 corr  7252 rms 0.2278  113.50 ms | p=(  586.98  -139.45   7.53) v=11.00 m/s [KF]
[lio] t=1317401475.974 | feat 7191/79968 | map  20183 | icp ok  iter  9 corr  7188 rms 0.2302   71.24 ms | p=(  586.65  -138.36   7.51) v=10.97 m/s [KF]
[lio] t=1317401476.077 | feat 7311/80490 | map  20157 | icp ok  iter  9 corr  7309 rms 0.2293   71.63 ms | p=(  586.31  -137.26   7.50) v=11.06 m/s [KF]
[lio] t=1317401476.181 | feat 7403/81542 | map  20146 | icp ok  iter  9 corr  7399 rms 0.2397   71.96 ms | p=(  585.97  -136.19   7.48) v=10.93 m/s [KF]
[lio] t=1317401476.285 | feat 7411/82028 | map  20158 | icp ok  iter  4 corr  7402 rms 0.2356   33.63 ms | p=(  585.63  -135.10   7.46) v=10.93 m/s [KF]
[lio] t=1317401476.389 | feat 7513/82500 | map  20094 | icp ok  iter  7 corr  7511 rms 0.2405   59.47 ms | p=(  585.26  -134.04   7.44) v=10.87 m/s [KF]
[lio] t=1317401476.492 | feat 7515/83008 | map  20070 | icp ok  iter  8 corr  7509 rms 0.2444   60.56 ms | p=(  584.90  -132.96   7.42) v=10.92 m/s [KF]
[lio] t=1317401476.596 | feat 7729/83242 | map  19955 | icp ok  iter  8 corr  7723 rms 0.2503   60.86 ms | p=(  584.53  -131.89   7.41) v=10.89 m/s [KF]
[lio] t=1317401476.700 | feat 7860/83368 | map  19872 | icp ok  iter 13 corr  7855 rms 0.2562   97.74 ms | p=(  584.16  -130.84   7.40) v=10.75 m/s [KF]
[lio] t=1317401476.803 | feat 7885/83902 | map  19828 | icp ok  iter  5 corr  7871 rms 0.2533   43.98 ms | p=(  583.78  -129.79   7.38) v=10.73 m/s [KF]
[lio] t=1317401476.907 | feat 7998/83918 | map  19899 | icp ok  iter  6 corr  7974 rms 0.2623   47.57 ms | p=(  583.40  -128.75   7.37) v=10.70 m/s [KF]
[lio] t=1317401477.011 | feat 8212/83946 | map  19998 | icp ok  iter 11 corr  8208 rms 0.2937   90.70 ms | p=(  583.01  -127.74   7.35) v=10.53 m/s [KF]
[lio] t=1317401477.115 | feat 8386/84221 | map  20085 | icp ok  iter 14 corr  8375 rms 0.2649  123.69 ms | p=(  582.61  -126.69   7.37) v=10.62 m/s [KF]
[lio] t=1317401477.219 | feat 8639/83793 | map  20403 | icp ok  iter  8 corr  8580 rms 0.2801   72.39 ms | p=(  582.22  -125.68   7.37) v=10.50 m/s [KF]
[lio] t=1317401477.323 | feat 8851/83368 | map  20766 | icp ok  iter 11 corr  8833 rms 0.2888  100.09 ms | p=(  581.82  -124.66   7.35) v=10.47 m/s [KF]
[lio] t=1317401477.427 | feat 9222/83108 | map  21116 | icp ok  iter  8 corr  9177 rms 0.3200   83.70 ms | p=(  581.42  -123.64   7.35) v=10.52 m/s [KF]
[lio] t=1317401477.531 | feat 9504/82789 | map  21689 | icp ok  iter 10 corr  9417 rms 0.3243  104.92 ms | p=(  581.02  -122.61   7.36) v=10.57 m/s [KF]
[lio] t=1317401477.634 | feat 9839/82732 | map  22264 | icp ok  iter 10 corr  9777 rms 0.3728  113.44 ms | p=(  580.63  -121.60   7.38) v=10.47 m/s [KF]
[lio] t=1317401477.738 | feat 10172/82756 | map  22851 | icp ok  iter 11 corr 10158 rms 0.3229  113.50 ms | p=(  580.24  -120.61   7.39) v=10.31 m/s [KF]
[lio] t=1317401477.842 | feat 10145/82350 | map  23521 | icp ok  iter 10 corr 10089 rms 0.3386  110.81 ms | p=(  579.85  -119.62   7.39) v=10.24 m/s [KF]
[lio] t=1317401477.946 | feat 10225/81990 | map  24208 | icp ok  iter  9 corr 10220 rms 0.2999  101.16 ms | p=(  579.46  -118.63   7.37) v=10.19 m/s [KF]
[lio] t=1317401478.050 | feat 10242/81382 | map  24880 | icp ok  iter  8 corr 10235 rms 0.2988  105.44 ms | p=(  579.07  -117.64   7.38) v=10.28 m/s [KF]
[lio] t=1317401478.154 | feat 10147/80923 | map  25582 | icp ok  iter  8 corr 10147 rms 0.2819   94.96 ms | p=(  578.69  -116.63   7.35) v=10.31 m/s [KF]
[lio] t=1317401478.258 | feat 9938/80459 | map  26258 | icp ok  iter 12 corr  9924 rms 0.2660  124.28 ms | p=(  578.32  -115.64   7.36) v=10.24 m/s [KF]
[lio] t=1317401478.362 | feat 9875/80147 | map  26734 | icp ok  iter  9 corr  9844 rms 0.2744  102.59 ms | p=(  577.95  -114.63   7.36) v=10.31 m/s [KF]
[lio] t=1317401478.466 | feat 9736/79866 | map  27333 | icp ok  iter  4 corr  9735 rms 0.2550   49.11 ms | p=(  577.58  -113.63   7.34) v=10.28 m/s [KF]
[lio] t=1317401478.570 | feat 9586/80103 | map  27835 | icp ok  iter 10 corr  9583 rms 0.2476   97.64 ms | p=(  577.22  -112.62   7.29) v=10.33 m/s [KF]
[lio] t=1317401478.674 | feat 9526/79930 | map  28249 | icp ok  iter  7 corr  9520 rms 0.2561   70.70 ms | p=(  576.86  -111.61   7.28) v=10.36 m/s [KF]
[lio] t=1317401478.778 | feat 9387/79773 | map  28673 | icp ok  iter  2 corr  9387 rms 0.2502   26.85 ms | p=(  576.51  -110.59   7.26) v=10.38 m/s [KF]
[lio] t=1317401478.882 | feat 9314/80216 | map  28982 | icp ok  iter  5 corr  9311 rms 0.2514   55.46 ms | p=(  576.16  -109.56   7.24) v=10.48 m/s [KF]
[lio] t=1317401478.986 | feat 9207/81119 | map  29397 | icp ok  iter  9 corr  9207 rms 0.2432   90.15 ms | p=(  575.83  -108.53   7.21) v=10.47 m/s [KF]
[lio] t=1317401479.090 | feat 8956/81280 | map  29743 | icp ok  iter  8 corr  8956 rms 0.2377   79.23 ms | p=(  575.49  -107.49   7.18) v=10.53 m/s [KF]
[lio] t=1317401479.194 | feat 8640/81400 | map  30062 | icp ok  iter  6 corr  8640 rms 0.2216   55.19 ms | p=(  575.18  -106.44   7.16) v=10.57 m/s [KF]
[lio] t=1317401479.298 | feat 8312/81297 | map  30148 | icp ok  iter  6 corr  8308 rms 0.2217   54.19 ms | p=(  574.87  -105.39   7.14) v=10.59 m/s [KF]
[lio] t=1317401479.402 | feat 8104/81815 | map  30165 | icp ok  iter  6 corr  8097 rms 0.2269   58.17 ms | p=(  574.57  -104.33   7.11) v=10.68 m/s [KF]
[lio] t=1317401479.506 | feat 7815/82240 | map  30129 | icp ok  iter  7 corr  7814 rms 0.2237   70.92 ms | p=(  574.27  -103.27   7.09) v=10.67 m/s [KF]
[lio] t=1317401479.610 | feat 7597/81606 | map  30033 | icp ok  iter 13 corr  7596 rms 0.2257  100.05 ms | p=(  573.97  -102.18   7.07) v=10.83 m/s [KF]
[lio] t=1317401479.714 | feat 7352/79701 | map  29955 | icp ok  iter  8 corr  7352 rms 0.2277   66.08 ms | p=(  573.67  -101.08   7.05) v=10.96 m/s [KF]
[lio] t=1317401479.817 | feat 7112/77668 | map  29825 | icp ok  iter  7 corr  7110 rms 0.2076   53.56 ms | p=(  573.37  -100.00   7.03) v=10.90 m/s [KF]
[lio] t=1317401479.921 | feat 6872/77195 | map  29662 | icp ok  iter  7 corr  6871 rms 0.2201   53.80 ms | p=(  573.08   -98.92   7.00) v=10.88 m/s [KF]
[lio] t=1317401480.025 | feat 6682/78631 | map  29379 | icp ok  iter  7 corr  6682 rms 0.2229   45.47 ms | p=(  572.78   -97.83   6.98) v=10.93 m/s [KF]
[lio] t=1317401480.129 | feat 6427/79678 | map  29010 | icp ok  iter 13 corr  6424 rms 0.2177   81.16 ms | p=(  572.48   -96.71   6.95) v=11.09 m/s [KF]
[lio] t=1317401480.233 | feat 6301/79598 | map  28551 | icp ok  iter  6 corr  6298 rms 0.2131   39.64 ms | p=(  572.19   -95.61   6.93) v=11.10 m/s [KF]
[lio] t=1317401480.337 | feat 6163/77535 | map  28029 | icp ok  iter  7 corr  6163 rms 0.2125   46.80 ms | p=(  571.89   -94.51   6.91) v=11.09 m/s [KF]
[lio] t=1317401480.440 | feat 6144/77325 | map  27384 | icp ok  iter 10 corr  6139 rms 0.2498   66.14 ms | p=(  571.58   -93.37   6.88) v=11.26 m/s [KF]
[lio] t=1317401480.544 | feat 6044/79271 | map  26770 | icp ok  iter  7 corr  6038 rms 0.2316   46.14 ms | p=(  571.28   -92.25   6.86) v=11.23 m/s [KF]
[lio] t=1317401480.648 | feat 5921/76381 | map  26109 | icp ok  iter 15 corr  5918 rms 0.2462   94.17 ms | p=(  570.99   -91.16   6.84) v=11.01 m/s [KF]
[lio] t=1317401480.752 | feat 5805/70487 | map  25207 | icp ok  iter 17 corr  5798 rms 0.2422  101.97 ms | p=(  570.66   -90.02   6.82) v=11.28 m/s [KF]
[lio] t=1317401480.856 | feat 5756/67280 | map  24538 | icp ok  iter 14 corr  5752 rms 0.2448   81.71 ms | p=(  570.36   -88.92   6.81) v=11.11 m/s [KF]
[lio] t=1317401480.960 | feat 5710/68901 | map  24056 | icp ok  iter 13 corr  5709 rms 0.2578   75.90 ms | p=(  570.06   -87.83   6.80) v=10.96 m/s [KF]
[lio] t=1317401481.064 | feat 5691/73441 | map  23572 | icp ok  iter 13 corr  5691 rms 0.2629   83.94 ms | p=(  569.74   -86.69   6.77) v=11.24 m/s [KF]
[lio] t=1317401481.167 | feat 5779/76631 | map  23117 | icp ok  iter  9 corr  5775 rms 0.2501   60.08 ms | p=(  569.44   -85.60   6.75) v=11.01 m/s [KF]
[lio] t=1317401481.271 | feat 5791/76870 | map  22701 | icp ok  iter  8 corr  5789 rms 0.2403   50.23 ms | p=(  569.14   -84.51   6.73) v=10.93 m/s [KF]
[lio] t=1317401481.375 | feat 5811/75621 | map  22271 | icp ok  iter 18 corr  5811 rms 0.2431  100.89 ms | p=(  568.82   -83.40   6.71) v=11.05 m/s [KF]
[lio] t=1317401481.479 | feat 5812/75968 | map  21950 | icp ok  iter  6 corr  5811 rms 0.2476   36.83 ms | p=(  568.51   -82.30   6.68) v=10.98 m/s [KF]
[lio] t=1317401481.583 | feat 5777/76949 | map  21631 | icp ok  iter 10 corr  5777 rms 0.2306   57.04 ms | p=(  568.21   -81.21   6.65) v=10.95 m/s [KF]
[lio] t=1317401481.687 | feat 5704/76195 | map  21107 | icp ok  iter 11 corr  5701 rms 0.2261   61.67 ms | p=(  567.91   -80.12   6.63) v=10.91 m/s [KF]
[lio] t=1317401481.791 | feat 5773/74310 | map  20576 | icp ok  iter  6 corr  5769 rms 0.2469   37.39 ms | p=(  567.60   -79.03   6.62) v=10.87 m/s [KF]
[lio] t=1317401481.894 | feat 5716/71766 | map  20113 | icp ok  iter  9 corr  5714 rms 0.2319   51.57 ms | p=(  567.30   -77.96   6.60) v=10.77 m/s [KF]
[lio] t=1317401481.998 | feat 5720/71901 | map  19684 | icp ok  iter  4 corr  5720 rms 0.2314   25.06 ms | p=(  567.00   -76.88   6.57) v=10.76 m/s [KF]
[lio] t=1317401482.102 | feat 5723/72187 | map  19272 | icp ok  iter  6 corr  5722 rms 0.2356   36.11 ms | p=(  566.70   -75.80   6.55) v=10.76 m/s [KF]
[lio] t=1317401482.206 | feat 5648/70258 | map  18879 | icp ok  iter 10 corr  5648 rms 0.2343   56.59 ms | p=(  566.40   -74.73   6.53) v=10.71 m/s [KF]
[lio] t=1317401482.310 | feat 5636/70044 | map  18522 | icp ok  iter 10 corr  5634 rms 0.2295   53.02 ms | p=(  566.10   -73.66   6.52) v=10.67 m/s [KF]
[lio] t=1317401482.414 | feat 5692/71453 | map  18259 | icp ok  iter  8 corr  5687 rms 0.2218   44.99 ms | p=(  565.81   -72.61   6.50) v=10.58 m/s [KF]
[lio] t=1317401482.518 | feat 5746/73836 | map  18044 | icp ok  iter  8 corr  5740 rms 0.2432   40.99 ms | p=(  565.51   -71.55   6.47) v=10.58 m/s [KF]
[lio] t=1317401482.622 | feat 5807/78010 | map  17906 | icp ok  iter  6 corr  5801 rms 0.2385   36.67 ms | p=(  565.22   -70.50   6.46) v=10.51 m/s [KF]
[lio] t=1317401482.725 | feat 5817/80230 | map  17747 | icp ok  iter  6 corr  5816 rms 0.2541   33.73 ms | p=(  564.93   -69.45   6.45) v=10.45 m/s [KF]
[lio] t=1317401482.829 | feat 5795/80936 | map  17569 | icp ok  iter  4 corr  5788 rms 0.2418   24.72 ms | p=(  564.64   -68.40   6.43) v=10.44 m/s [KF]
[lio] t=1317401482.933 | feat 5731/80058 | map  17427 | icp ok  iter 11 corr  5730 rms 0.2388   60.46 ms | p=(  564.35   -67.38   6.41) v=10.29 m/s [KF]
[lio] t=1317401483.037 | feat 5716/80182 | map  17240 | icp ok  iter  6 corr  5716 rms 0.2444   32.47 ms | p=(  564.06   -66.35   6.39) v=10.26 m/s [KF]
[lio] t=1317401483.141 | feat 5725/81384 | map  17112 | icp ok  iter 10 corr  5719 rms 0.2617   55.23 ms | p=(  563.77   -65.32   6.38) v=10.33 m/s [KF]
[lio] t=1317401483.245 | feat 5746/81327 | map  17070 | icp ok  iter  6 corr  5733 rms 0.2445   30.38 ms | p=(  563.48   -64.28   6.36) v=10.35 m/s [KF]
[lio] t=1317401483.349 | feat 5760/79220 | map  17033 | icp ok  iter  9 corr  5759 rms 0.2446   48.93 ms | p=(  563.19   -63.25   6.34) v=10.33 m/s [KF]
[lio] t=1317401483.453 | feat 5739/76907 | map  16961 | icp ok  iter  8 corr  5730 rms 0.2557   47.39 ms | p=(  562.91   -62.21   6.32) v=10.33 m/s [KF]
[lio] t=1317401483.557 | feat 5646/76878 | map  16857 | icp ok  iter  8 corr  5645 rms 0.2677   44.00 ms | p=(  562.62   -61.18   6.29) v=10.33 m/s [KF]
[lio] t=1317401483.660 | feat 5652/78614 | map  16819 | icp ok  iter 10 corr  5649 rms 0.2698   55.30 ms | p=(  562.35   -60.15   6.28) v=10.28 m/s [KF]
[lio] t=1317401483.764 | feat 5557/80152 | map  16845 | icp ok  iter  5 corr  5552 rms 0.2389   33.29 ms | p=(  562.07   -59.13   6.26) v=10.19 m/s [KF]
[lio] t=1317401483.868 | feat 5489/79927 | map  16774 | icp ok  iter  7 corr  5489 rms 0.2512   36.84 ms | p=(  561.79   -58.12   6.25) v=10.16 m/s [KF]
[lio] t=1317401483.972 | feat 5459/79726 | map  16792 | icp ok  iter  5 corr  5455 rms 0.2349   30.11 ms | p=(  561.52   -57.11   6.22) v=10.11 m/s [KF]
[lio] t=1317401484.076 | feat 5476/79369 | map  16758 | icp ok  iter  7 corr  5476 rms 0.2422   37.30 ms | p=(  561.24   -56.09   6.19) v=10.15 m/s [KF]
[lio] t=1317401484.180 | feat 5436/79369 | map  16769 | icp ok  iter 13 corr  5434 rms 0.2186   63.56 ms | p=(  560.96   -55.08   6.17) v=10.09 m/s [KF]
[lio] t=1317401484.284 | feat 5466/79651 | map  16703 | icp ok  iter  6 corr  5465 rms 0.2385   31.35 ms | p=(  560.68   -54.07   6.15) v=10.06 m/s [KF]
[lio] t=1317401484.388 | feat 5309/78051 | map  16653 | icp ok  iter  3 corr  5309 rms 0.2190   18.56 ms | p=(  560.41   -53.07   6.12) v=10.04 m/s [KF]
[lio] t=1317401484.492 | feat 5194/76302 | map  16461 | icp ok  iter  7 corr  5193 rms 0.2487   35.09 ms | p=(  560.14   -52.07   6.09) v=10.00 m/s [KF]
[lio] t=1317401484.596 | feat 5180/75303 | map  16310 | icp ok  iter  8 corr  5177 rms 0.2332   40.53 ms | p=(  559.86   -51.06   6.07) v=10.02 m/s [KF]
[lio] t=1317401484.700 | feat 5139/76107 | map  16210 | icp ok  iter  9 corr  5132 rms 0.2411   48.33 ms | p=(  559.59   -50.08   6.05) v=9.88 m/s [KF]
[lio] t=1317401484.803 | feat 5126/77411 | map  16180 | icp ok  iter  7 corr  5117 rms 0.2464   39.96 ms | p=(  559.32   -49.07   6.02) v=10.02 m/s [KF]
[lio] t=1317401484.907 | feat 5130/78490 | map  16054 | icp ok  iter  4 corr  5103 rms 0.2353   23.04 ms | p=(  559.04   -48.07   6.00) v=9.98 m/s [KF]
[lio] t=1317401485.011 | feat 5109/76874 | map  15988 | icp ok  iter  7 corr  5086 rms 0.2694   34.31 ms | p=(  558.77   -47.07   5.98) v=9.95 m/s [KF]
[lio] t=1317401485.115 | feat 5179/74382 | map  16018 | icp ok  iter  6 corr  5150 rms 0.3025   29.85 ms | p=(  558.49   -46.07   5.96) v=9.94 m/s [KF]
[lio] t=1317401485.219 | feat 5395/74997 | map  16025 | icp ok  iter  8 corr  5391 rms 0.3088   41.81 ms | p=(  558.23   -45.09   5.94) v=9.87 m/s [KF]
[lio] t=1317401485.323 | feat 5563/75961 | map  15990 | icp ok  iter  5 corr  5540 rms 0.3552   27.08 ms | p=(  557.96   -44.10   5.92) v=9.82 m/s [KF]
[lio] t=1317401485.427 | feat 5747/74544 | map  16130 | icp ok  iter  4 corr  5711 rms 0.3430   27.05 ms | p=(  557.70   -43.12   5.89) v=9.78 m/s [KF]
[lio] t=1317401485.531 | feat 5821/77139 | map  16413 | icp ok  iter  6 corr  5814 rms 0.2743   32.94 ms | p=(  557.44   -42.15   5.87) v=9.72 m/s [KF]
[lio] t=1317401485.635 | feat 5860/76700 | map  16618 | icp ok  iter  7 corr  5848 rms 0.2865   40.13 ms | p=(  557.18   -41.17   5.85) v=9.70 m/s [KF]
[lio] t=1317401485.739 | feat 5877/75505 | map  16848 | icp ok  iter  7 corr  5856 rms 0.3159   39.28 ms | p=(  556.92   -40.21   5.83) v=9.58 m/s
[lio] t=1317401485.843 | feat 5925/72896 | map  16848 | icp ok  iter  8 corr  5884 rms 0.3564   43.38 ms | p=(  556.67   -39.26   5.81) v=9.43 m/s [KF]
[lio] t=1317401485.947 | feat 5987/68731 | map  17128 | icp ok  iter  4 corr  5982 rms 0.2860   29.12 ms | p=(  556.42   -38.31   5.79) v=9.35 m/s
[lio] t=1317401486.051 | feat 6158/64920 | map  17128 | icp ok  iter 11 corr  6130 rms 0.4046   70.71 ms | p=(  556.17   -37.38   5.78) v=9.21 m/s [KF]
[lio] t=1317401486.155 | feat 6211/67248 | map  17571 | icp ok  iter  7 corr  6198 rms 0.3337   43.49 ms | p=(  555.93   -36.47   5.76) v=9.02 m/s
[lio] t=1317401486.259 | feat 6167/69683 | map  17571 | icp ok  iter 10 corr  6128 rms 0.3752   61.56 ms | p=(  555.68   -35.58   5.74) v=8.81 m/s [KF]
[lio] t=1317401486.362 | feat 6363/73509 | map  18003 | icp ok  iter  9 corr  6352 rms 0.3283   55.70 ms | p=(  555.45   -34.70   5.74) v=8.70 m/s
[lio] t=1317401486.466 | feat 6551/75430 | map  18003 | icp ok  iter 12 corr  6490 rms 0.4349   76.49 ms | p=(  555.23   -33.87   5.72) v=8.38 m/s [KF]
[lio] t=1317401486.570 | feat 6888/78311 | map  18463 | icp ok  iter 10 corr  6880 rms 0.3339   68.44 ms | p=(  554.99   -33.00   5.70) v=8.47 m/s
[lio] t=1317401486.674 | feat 7117/79493 | map  18463 | icp ok  iter  2 corr  7033 rms 0.4315   18.92 ms | p=(  554.77   -32.16   5.68) v=8.34 m/s [KF]
[lio] t=1317401486.778 | feat 7325/79788 | map  19105 | icp ok  iter  9 corr  7230 rms 0.3047   62.66 ms | p=(  554.55   -31.34   5.67) v=8.14 m/s
[lio] t=1317401486.882 | feat 7409/79192 | map  19105 | icp ok  iter  6 corr  7167 rms 0.3683   42.88 ms | p=(  554.33   -30.54   5.65) v=8.00 m/s [KF]
[lio] t=1317401486.986 | feat 7667/79902 | map  19802 | icp ok  iter  5 corr  7644 rms 0.3617   42.10 ms | p=(  554.11   -29.73   5.64) v=7.94 m/s
[lio] t=1317401487.090 | feat 7776/78994 | map  19802 | icp ok  iter  9 corr  7716 rms 0.4345   73.67 ms | p=(  553.91   -28.97   5.63) v=7.61 m/s [KF]
[lio] t=1317401487.194 | feat 7919/78674 | map  20505 | icp ok  iter  8 corr  7911 rms 0.3010   61.49 ms | p=(  553.70   -28.20   5.61) v=7.61 m/s
[lio] t=1317401487.298 | feat 8272/79819 | map  20505 | icp ok  iter  9 corr  8240 rms 0.4077   70.25 ms | p=(  553.49   -27.46   5.60) v=7.40 m/s [KF]
[lio] t=1317401487.402 | feat 8429/79919 | map  21371 | icp ok  iter  8 corr  8417 rms 0.3070   71.30 ms | p=(  553.29   -26.71   5.59) v=7.32 m/s
[lio] t=1317401487.506 | feat 8640/80426 | map  21371 | icp ok  iter  7 corr  8622 rms 0.4124   62.27 ms | p=(  553.10   -25.99   5.58) v=7.16 m/s [KF]
[lio] t=1317401487.610 | feat 8837/79951 | map  22305 | icp ok  iter  8 corr  8834 rms 0.2818   75.20 ms | p=(  552.91   -25.28   5.56) v=7.03 m/s
[lio] t=1317401487.714 | feat 8791/79839 | map  22305 | icp ok  iter  9 corr  8771 rms 0.3569   76.15 ms | p=(  552.73   -24.58   5.55) v=6.86 m/s [KF]
[lio] t=1317401487.818 | feat 8915/80004 | map  23233 | icp ok  iter  8 corr  8909 rms 0.2798   70.52 ms | p=(  552.57   -23.89   5.54) v=6.70 m/s
[lio] t=1317401487.922 | feat 9143/80305 | map  23233 | icp ok  iter  7 corr  9114 rms 0.3616   65.25 ms | p=(  552.42   -23.23   5.53) v=6.46 m/s [KF]
[lio] t=1317401488.026 | feat 9224/80265 | map  24093 | icp ok  iter  8 corr  9196 rms 0.3055   74.92 ms | p=(  552.28   -22.60   5.52) v=6.16 m/s
[lio] t=1317401488.130 | feat 9213/80417 | map  24093 | icp ok  iter 10 corr  9167 rms 0.3848   91.51 ms | p=(  552.14   -21.96   5.51) v=6.16 m/s [KF]
[lio] t=1317401488.234 | feat 9256/80582 | map  24916 | icp ok  iter  5 corr  9242 rms 0.3050   56.21 ms | p=(  552.02   -21.35   5.50) v=6.00 m/s
[lio] t=1317401488.338 | feat 9216/80941 | map  24916 | icp ok  iter 10 corr  9176 rms 0.3504   94.69 ms | p=(  551.90   -20.73   5.48) v=5.97 m/s [KF]
[lio] t=1317401488.443 | feat 9166/80923 | map  25657 | icp ok  iter  7 corr  9152 rms 0.2588   66.89 ms | p=(  551.80   -20.14   5.47) v=5.82 m/s
[lio] t=1317401488.547 | feat 9147/80764 | map  25657 | icp ok  iter 10 corr  9102 rms 0.3147   91.23 ms | p=(  551.70   -19.54   5.46) v=5.78 m/s [KF]
[lio] t=1317401488.651 | feat 9270/80442 | map  26420 | icp ok  iter  9 corr  9240 rms 0.2965   84.41 ms | p=(  551.61   -18.96   5.46) v=5.64 m/s
[lio] t=1317401488.754 | feat 9342/80155 | map  26420 | icp ok  iter  9 corr  9249 rms 0.3411   81.44 ms | p=(  551.54   -18.38   5.45) v=5.63 m/s [KF]
[lio] t=1317401488.858 | feat 9471/79879 | map  27299 | icp ok  iter  8 corr  9454 rms 0.3199   78.70 ms | p=(  551.46   -17.81   5.44) v=5.54 m/s
[lio] t=1317401488.962 | feat 9630/79917 | map  27299 | icp ok  iter 11 corr  9509 rms 0.3619  110.03 ms | p=(  551.39   -17.23   5.43) v=5.54 m/s [KF]
[lio] t=1317401489.066 | feat 9747/79945 | map  28342 | icp ok  iter  9 corr  9723 rms 0.2988   97.07 ms | p=(  551.32   -16.68   5.42) v=5.39 m/s
[lio] t=1317401489.170 | feat 9939/79999 | map  28342 | icp ok  iter  6 corr  9917 rms 0.3297   66.72 ms | p=(  551.27   -16.13   5.42) v=5.37 m/s [KF]
[lio] t=1317401489.274 | feat 9953/80033 | map  29346 | icp ok  iter 12 corr  9913 rms 0.2976  131.94 ms | p=(  551.22   -15.58   5.41) v=5.31 m/s
[lio] t=1317401489.378 | feat 10168/79924 | map  29346 | icp ok  iter  4 corr 10092 rms 0.3367   51.10 ms | p=(  551.17   -15.03   5.40) v=5.25 m/s [KF]
[lio] t=1317401489.482 | feat 10249/79657 | map  30377 | icp ok  iter  8 corr 10223 rms 0.3373   84.27 ms | p=(  551.12   -14.50   5.39) v=5.18 m/s
[lio] t=1317401489.586 | feat 10497/79762 | map  30377 | icp ok  iter  8 corr 10433 rms 0.3554   85.78 ms | p=(  551.09   -13.97   5.38) v=5.13 m/s [KF]
[lio] t=1317401489.690 | feat 10779/79751 | map  31457 | icp ok  iter  6 corr 10727 rms 0.2913   77.15 ms | p=(  551.05   -13.44   5.37) v=5.05 m/s
[lio] t=1317401489.794 | feat 10995/79566 | map  31457 | icp ok  iter  9 corr 10836 rms 0.3428  103.55 ms | p=(  551.02   -12.93   5.35) v=4.97 m/s [KF]
[lio] t=1317401489.898 | feat 11226/79544 | map  32620 | icp ok  iter  8 corr 11221 rms 0.3262   98.49 ms | p=(  550.99   -12.42   5.34) v=4.88 m/s
[lio] t=1317401490.002 | feat 11422/79505 | map  32620 | icp ok  iter  9 corr 11344 rms 0.3699  105.64 ms | p=(  550.97   -11.93   5.34) v=4.74 m/s
[lio] t=1317401490.106 | feat 11528/79838 | map  32620 | icp ok  iter 10 corr 11430 rms 0.3871  114.77 ms | p=(  550.95   -11.44   5.32) v=4.66 m/s [KF]
[lio] t=1317401490.210 | feat 11846/79804 | map  33989 | icp ok  iter 10 corr 11837 rms 0.2866  121.73 ms | p=(  550.94   -10.97   5.32) v=4.54 m/s
[lio] t=1317401490.314 | feat 11902/79696 | map  33989 | icp ok  iter  9 corr 11862 rms 0.3394  114.19 ms | p=(  550.92   -10.49   5.30) v=4.55 m/s
[lio] t=1317401490.418 | feat 11910/79582 | map  33989 | icp ok  iter 17 corr 11843 rms 0.3291  223.87 ms | p=(  550.88   -10.06   5.28) v=4.22 m/s [KF]
[lio] t=1317401490.522 | feat 12146/79872 | map  35078 | icp ok  iter 17 corr 12134 rms 0.2950  226.13 ms | p=(  550.92    -9.64   5.28) v=4.04 m/s
[lio] t=1317401490.626 | feat 12282/79928 | map  35078 | icp ok  iter 11 corr 12252 rms 0.3173  141.53 ms | p=(  550.93    -9.19   5.27) v=4.13 m/s
[lio] t=1317401490.730 | feat 12459/79999 | map  35078 | icp ok  iter 12 corr 12425 rms 0.3300  165.49 ms | p=(  550.93    -8.81   5.27) v=3.80 m/s [KF]
[lio] t=1317401490.834 | feat 12603/80108 | map  36402 | icp ok  iter  7 corr 12593 rms 0.2970  100.64 ms | p=(  550.93    -8.41   5.25) v=3.76 m/s
[lio] t=1317401490.938 | feat 12759/80216 | map  36402 | icp ok  iter  9 corr 12735 rms 0.3081  131.05 ms | p=(  550.96    -8.03   5.24) v=3.72 m/s
[lio] t=1317401491.042 | feat 12913/80363 | map  36402 | icp ok  iter 12 corr 12888 rms 0.3362  162.58 ms | p=(  550.98    -7.65   5.22) v=3.67 m/s [KF]
[lio] t=1317401491.146 | feat 12973/80502 | map  37571 | icp ok  iter  9 corr 12968 rms 0.2722  128.47 ms | p=(  551.01    -7.28   5.21) v=3.59 m/s
[lio] t=1317401491.250 | feat 13098/80685 | map  37571 | icp ok  iter 11 corr 13090 rms 0.2808  156.96 ms | p=(  551.05    -6.91   5.20) v=3.57 m/s
[lio] t=1317401491.355 | feat 13159/80786 | map  37571 | icp ok  iter 13 corr 13144 rms 0.3037  185.14 ms | p=(  551.11    -6.56   5.19) v=3.30 m/s [KF]
[lio] t=1317401491.459 | feat 13184/80935 | map  38434 | icp ok  iter  8 corr 13180 rms 0.2814  113.63 ms | p=(  551.17    -6.25   5.17) v=2.92 m/s
[lio] t=1317401491.563 | feat 13171/80869 | map  38434 | icp ok  iter  7 corr 13159 rms 0.2768  110.78 ms | p=(  551.22    -5.97   5.17) v=2.61 m/s
[lio] t=1317401491.667 | feat 13294/80527 | map  38434 | icp ok  iter 15 corr 13280 rms 0.3024  200.25 ms | p=(  551.28    -5.73   5.18) v=2.20 m/s
[lio] t=1317401491.771 | feat 13323/80763 | map  38434 | icp ok  iter  9 corr 13307 rms 0.2872  147.47 ms | p=(  551.31    -5.54   5.16) v=1.79 m/s [KF]
[lio] t=1317401491.875 | feat 13402/80809 | map  39387 | icp ok  iter 12 corr 13400 rms 0.2599  174.47 ms | p=(  551.35    -5.37   5.16) v=1.45 m/s
[lio] t=1317401491.979 | feat 13261/80813 | map  39387 | icp ok  iter  7 corr 13249 rms 0.2567  118.94 ms | p=(  551.39    -5.25   5.14) v=1.13 m/s
[lio] t=1317401492.083 | feat 13281/80522 | map  39387 | icp ok  iter 11 corr 13276 rms 0.2952  170.38 ms | p=(  551.41    -5.15   5.15) v=0.77 m/s
[lio] t=1317401492.187 | feat 13207/80397 | map  39387 | icp ok  iter 11 corr 13198 rms 0.2974  167.90 ms | p=(  551.42    -5.10   5.14) v=0.40 m/s
[lio] t=1317401492.290 | feat 13214/80284 | map  39387 | icp ok  iter 12 corr 13211 rms 0.3074  188.13 ms | p=(  551.42    -5.09   5.15) v=0.05 m/s
[lio] t=1317401492.394 | feat 13390/80428 | map  39387 | icp ok  iter 11 corr 13377 rms 0.2866  168.34 ms | p=(  551.41    -5.11   5.15) v=0.23 m/s
[lio] t=1317401492.498 | feat 13460/80659 | map  39387 | icp ok  iter 13 corr 13449 rms 0.2984  209.91 ms | p=(  551.41    -5.11   5.14) v=0.02 m/s
[lio] t=1317401492.602 | feat 13514/80580 | map  39387 | icp ok  iter 12 corr 13496 rms 0.3089  173.84 ms | p=(  551.41    -5.11   5.14) v=0.08 m/s
[lio] t=1317401492.706 | feat 13450/80559 | map  39387 | icp ok  iter  8 corr 13434 rms 0.3015  130.28 ms | p=(  551.40    -5.12   5.14) v=0.03 m/s
[lio] t=1317401492.810 | feat 13486/80454 | map  39387 | icp ok  iter  7 corr 13475 rms 0.2844   99.88 ms | p=(  551.40    -5.11   5.14) v=0.05 m/s
[lio] t=1317401492.914 | feat 13427/80432 | map  39387 | icp ok  iter  3 corr 13415 rms 0.2773   52.97 ms | p=(  551.40    -5.11   5.14) v=0.07 m/s
[lio] t=1317401493.017 | feat 13428/80392 | map  39387 | icp ok  iter  7 corr 13417 rms 0.2850   95.82 ms | p=(  551.40    -5.11   5.14) v=0.06 m/s
[lio] t=1317401493.121 | feat 13364/80280 | map  39387 | icp ok  iter  3 corr 13352 rms 0.2868   49.41 ms | p=(  551.40    -5.11   5.14) v=0.05 m/s
[lio] t=1317401493.225 | feat 13368/80158 | map  39387 | icp ok  iter  2 corr 13360 rms 0.2840   34.54 ms | p=(  551.40    -5.11   5.14) v=0.08 m/s
[lio] t=1317401493.329 | feat 13305/80120 | map  39387 | icp ok  iter  4 corr 13297 rms 0.2815   66.18 ms | p=(  551.40    -5.11   5.14) v=0.05 m/s
[lio] t=1317401493.433 | feat 13247/79999 | map  39387 | icp ok  iter  4 corr 13240 rms 0.2912   60.84 ms | p=(  551.40    -5.11   5.14) v=0.06 m/s
[lio] t=1317401493.537 | feat 13285/80073 | map  39387 | icp ok  iter 10 corr 13279 rms 0.2898  132.50 ms | p=(  551.40    -5.11   5.14) v=0.07 m/s
[lio] t=1317401493.641 | feat 13186/80109 | map  39387 | icp ok  iter  4 corr 13181 rms 0.2881   69.05 ms | p=(  551.40    -5.11   5.14) v=0.06 m/s
[lio] t=1317401493.745 | feat 13174/80138 | map  39387 | icp ok  iter 10 corr 13169 rms 0.2884  137.01 ms | p=(  551.40    -5.11   5.14) v=0.04 m/s
[lio] t=1317401493.849 | feat 13247/79983 | map  39387 | icp ok  iter  5 corr 13241 rms 0.3006   73.60 ms | p=(  551.40    -5.12   5.14) v=0.05 m/s
[lio] t=1317401493.953 | feat 13228/79935 | map  39387 | icp ok  iter  9 corr 13222 rms 0.2974  121.73 ms | p=(  551.40    -5.11   5.14) v=0.12 m/s
[lio] t=1317401494.057 | feat 13343/79808 | map  39387 | icp ok  iter  6 corr 13337 rms 0.2925   92.33 ms | p=(  551.40    -5.10   5.14) v=0.19 m/s
[lio] t=1317401494.161 | feat 13387/79720 | map  39387 | icp ok  iter 13 corr 13382 rms 0.2979  177.30 ms | p=(  551.41    -5.10   5.14) v=0.13 m/s
[lio] t=1317401494.265 | feat 13372/79948 | map  39387 | icp ok  iter 12 corr 13366 rms 0.2975  164.99 ms | p=(  551.42    -5.08   5.13) v=0.24 m/s
[lio] t=1317401494.369 | feat 13382/80134 | map  39387 | icp ok  iter  9 corr 13373 rms 0.2996  127.06 ms | p=(  551.42    -5.07   5.13) v=0.25 m/s
[lio] t=1317401494.473 | feat 13370/80300 | map  39387 | icp ok  iter  6 corr 13362 rms 0.2977   96.66 ms | p=(  551.43    -5.05   5.13) v=0.24 m/s
[lio] t=1317401494.577 | feat 13383/80515 | map  39387 | icp ok  iter 11 corr 13376 rms 0.3021  152.13 ms | p=(  551.43    -5.03   5.13) v=0.26 m/s
[lio] t=1317401494.681 | feat 13562/80775 | map  39387 | icp ok  iter 12 corr 13541 rms 0.2904  176.72 ms | p=(  551.44    -4.99   5.13) v=0.44 m/s
[lio] t=1317401494.785 | feat 13515/80951 | map  39387 | icp ok  iter 11 corr 13506 rms 0.2996  163.34 ms | p=(  551.46    -4.95   5.12) v=0.55 m/s
[lio] t=1317401494.890 | feat 13590/81045 | map  39387 | icp ok  iter 11 corr 13579 rms 0.3118  162.40 ms | p=(  551.47    -4.91   5.12) v=0.63 m/s
[lio] t=1317401494.994 | feat 13593/81114 | map  39387 | icp ok  iter 11 corr 13582 rms 0.3132  166.37 ms | p=(  551.50    -4.84   5.11) v=0.84 m/s
[lio] t=1317401495.098 | feat 13627/81127 | map  39387 | icp ok  iter 11 corr 13610 rms 0.3162  161.69 ms | p=(  551.54    -4.75   5.11) v=1.01 m/s
[lio] t=1317401495.202 | feat 13624/81223 | map  39387 | icp ok  iter 12 corr 13608 rms 0.3104  175.19 ms | p=(  551.58    -4.66   5.11) v=1.13 m/s
[lio] t=1317401495.306 | feat 13673/81365 | map  39387 | icp ok  iter 11 corr 13651 rms 0.3084  160.88 ms | p=(  551.63    -4.54   5.11) v=1.31 m/s [KF]
[lio] t=1317401495.411 | feat 13736/81420 | map  40258 | icp ok  iter  8 corr 13734 rms 0.2128  125.96 ms | p=(  551.68    -4.41   5.10) v=1.46 m/s
[lio] t=1317401495.515 | feat 13671/81409 | map  40258 | icp ok  iter  8 corr 13664 rms 0.2324  123.42 ms | p=(  551.75    -4.27   5.09) v=1.67 m/s
[lio] t=1317401495.619 | feat 13594/81343 | map  40258 | icp ok  iter  8 corr 13581 rms 0.2522  109.08 ms | p=(  551.84    -4.10   5.09) v=1.92 m/s
[lio] t=1317401495.723 | feat 13687/81129 | map  40258 | icp ok  iter  9 corr 13668 rms 0.2665  136.07 ms | p=(  551.96    -3.92   5.08) v=2.17 m/s
[lio] t=1317401495.827 | feat 13575/80973 | map  40258 | icp ok  iter 11 corr 13564 rms 0.2846  170.32 ms | p=(  552.07    -3.73   5.07) v=2.31 m/s
[lio] t=1317401495.931 | feat 13526/80855 | map  40258 | icp ok  iter 11 corr 13508 rms 0.2738  175.87 ms | p=(  552.19    -3.52   5.07) v=2.53 m/s [KF]
[lio] t=1317401496.035 | feat 13610/81259 | map  40891 | icp ok  iter 10 corr 13609 rms 0.2539  155.41 ms | p=(  552.33    -3.29   5.05) v=2.75 m/s
[lio] t=1317401496.139 | feat 13624/81317 | map  40891 | icp ok  iter 11 corr 13619 rms 0.2689  158.26 ms | p=(  552.48    -3.06   5.03) v=2.89 m/s
[lio] t=1317401496.243 | feat 13507/81405 | map  40891 | icp ok  iter 13 corr 13499 rms 0.2596  196.10 ms | p=(  552.66    -2.82   5.01) v=3.12 m/s
[lio] t=1317401496.347 | feat 13481/81469 | map  40891 | icp ok  iter 12 corr 13470 rms 0.2825  185.32 ms | p=(  552.86    -2.54   4.99) v=3.42 m/s [KF]
[lio] t=1317401496.452 | feat 13418/81405 | map  41639 | icp ok  iter 10 corr 13414 rms 0.2656  147.50 ms | p=(  553.07    -2.26   4.97) v=3.61 m/s
[lio] t=1317401496.556 | feat 13200/81458 | map  41639 | icp ok  iter 14 corr 13198 rms 0.2787  197.84 ms | p=(  553.32    -1.97   4.95) v=3.88 m/s
[lio] t=1317401496.660 | feat 13100/81447 | map  41639 | icp ok  iter 10 corr 13098 rms 0.2878  131.95 ms | p=(  553.61    -1.67   4.92) v=4.11 m/s [KF]
[lio] t=1317401496.764 | feat 13244/81466 | map  42255 | icp ok  iter  8 corr 13241 rms 0.2400  118.01 ms | p=(  553.92    -1.36   4.91) v=4.35 m/s
[lio] t=1317401496.868 | feat 13214/81428 | map  42255 | icp ok  iter 12 corr 13206 rms 0.2608  173.19 ms | p=(  554.25    -1.04   4.89) v=4.63 m/s
[lio] t=1317401496.972 | feat 13093/81343 | map  42255 | icp ok  iter 12 corr 13077 rms 0.2613  166.53 ms | p=(  554.60    -0.72   4.86) v=4.75 m/s [KF]
[lio] t=1317401497.077 | feat 13119/81307 | map  42875 | icp ok  iter  5 corr 13106 rms 0.2449   75.83 ms | p=(  554.99    -0.39   4.83) v=5.05 m/s
[lio] t=1317401497.181 | feat 12942/81260 | map  42875 | icp ok  iter  7 corr 12922 rms 0.2567  112.35 ms | p=(  555.40    -0.05   4.79) v=5.30 m/s [KF]
[lio] t=1317401497.285 | feat 12962/81247 | map  43339 | icp ok  iter 13 corr 12945 rms 0.2420  190.95 ms | p=(  555.86     0.28   4.77) v=5.50 m/s
[lio] t=1317401497.389 | feat 12932/81248 | map  43339 | icp ok  iter 13 corr 12918 rms 0.2532  186.58 ms | p=(  556.32     0.59   4.74) v=5.59 m/s [KF]
[lio] t=1317401497.493 | feat 13040/81253 | map  43608 | icp ok  iter  8 corr 13035 rms 0.2557  126.58 ms | p=(  556.82     0.91   4.72) v=5.83 m/s
[lio] t=1317401497.597 | feat 13004/81088 | map  43608 | icp ok  iter 10 corr 12979 rms 0.2621  159.65 ms | p=(  557.32     1.23   4.68) v=5.93 m/s [KF]
[lio] t=1317401497.700 | feat 13065/80847 | map  43803 | icp ok  iter  7 corr 13063 rms 0.2443  113.61 ms | p=(  557.86     1.54   4.66) v=6.12 m/s
[lio] t=1317401497.804 | feat 12921/80731 | map  43803 | icp ok  iter 11 corr 12912 rms 0.2676  156.80 ms | p=(  558.43     1.85   4.64) v=6.35 m/s [KF]
[lio] t=1317401497.908 | feat 12808/80683 | map  44020 | icp ok  iter  7 corr 12792 rms 0.2535  113.51 ms | p=(  559.01     2.15   4.60) v=6.45 m/s
[lio] t=1317401498.012 | feat 12863/80634 | map  44020 | icp ok  iter 10 corr 12839 rms 0.2602  129.93 ms | p=(  559.62     2.43   4.57) v=6.64 m/s [KF]
[lio] t=1317401498.116 | feat 12639/80751 | map  43977 | icp ok  iter 11 corr 12634 rms 0.2516  145.43 ms | p=(  560.25     2.71   4.52) v=6.81 m/s
[lio] t=1317401498.220 | feat 12759/80688 | map  43977 | icp ok  iter 12 corr 12757 rms 0.2756  163.48 ms | p=(  560.89     3.00   4.48) v=6.95 m/s [KF]
[lio] t=1317401498.324 | feat 12715/80897 | map  43894 | icp ok  iter 15 corr 12709 rms 0.2536  192.60 ms | p=(  561.56     3.27   4.46) v=7.08 m/s
[lio] t=1317401498.428 | feat 12558/80834 | map  43894 | icp ok  iter 12 corr 12513 rms 0.2667  164.63 ms | p=(  562.26     3.54   4.43) v=7.31 m/s [KF]
[lio] t=1317401498.531 | feat 12281/80854 | map  43893 | icp ok  iter  9 corr 12239 rms 0.2616  133.72 ms | p=(  562.97     3.81   4.40) v=7.49 m/s
[lio] t=1317401498.635 | feat 12066/80813 | map  43893 | icp ok  iter 15 corr 11997 rms 0.2655  205.54 ms | p=(  563.71     4.08   4.35) v=7.69 m/s [KF]
[lio] t=1317401498.739 | feat 12098/80985 | map  43923 | icp ok  iter 13 corr 12066 r[INFO] [1789105362.422264952] [rclcpp]: signal_handler(signum=15)
[INFO] [1789105362.422474049] [lidar_inertial_odometer]: processed 5153 lidar frames
ms 0.2615  179.07 ms | p=(  564.47     4.34   4.31) v=7.90 m/s
[lio] t=1317401498.843 | feat 12169/80663 | map  43923 | icp ok  iter 10 corr 12115 rms 0.2819  151.03 ms | p=(  565.23     4.59   4.28) v=7.93 m/s [KF]
[lio] t=1317401498.946 | feat 12160/80208 | map  44053 | icp ok  iter 13 corr 12160 rms 0.2494  172.52 ms | p=(  566.02     4.84   4.25) v=8.11 m/s
[lio] t=1317401499.050 | feat 12205/79909 | map  44053 | icp ok  iter 10 corr 12202 rms 0.2840  139.14 ms | p=(  566.82     5.09   4.21) v=8.24 m/s [KF]
[lio] t=1317401499.154 | feat 12162/79648 | map  44259 | icp ok  iter  5 corr 12162 rms 0.2695   69.99 ms | p=(  567.64     5.35   4.18) v=8.45 m/s
[lio] t=1317401499.257 | feat 11984/79380 | map  44259 | icp ok  iter 12 corr 11979 rms 0.2898  151.59 ms | p=(  568.47     5.59   4.13) v=8.52 m/s [KF]
[lio] t=1317401499.361 | feat 11896/79289 | map  44393 | icp ok  iter  4 corr 11893 rms 0.2401   58.80 ms | p=(  569.32     5.86   4.09) v=8.67 m/s
[lio] t=1317401499.465 | feat 11865/79372 | map  44393 | icp ok  iter  6 corr 11830 rms 0.2717   91.22 ms | p=(  570.17     6.12   4.05) v=8.74 m/s [KF]
[lio] t=1317401499.569 | feat 11822/79735 | map  44531 | icp ok  iter  8 corr 11810 rms 0.2545   94.84 ms | p=(  571.05     6.39   4.00) v=8.94 m/s
[lio] t=1317401499.673 | feat 11772/79867 | map  44531 | icp ok  iter 10 corr 11757 rms 0.2958  132.41 ms | p=(  571.93     6.63   3.97) v=8.96 m/s [KF]
