# TUM format: timestamp tx ty tz qx qy qz qw
1317400964.326694965 0.000000000 0.000000000 -0.000000000 -0.016092785 -0.029787852 -0.211781579 0.976730397
1317400964.430711031 0.559360579 -0.254508592 0.041951841 -0.016290336 -0.029649666 -0.214819705 0.976067629
1317400964.534748077 1.102490337 -0.496153662 0.090386760 -0.014999490 -0.031274474 -0.217909776 0.975352373
1317400964.638786077 1.679572041 -0.760045728 0.134734270 -0.017101749 -0.032060882 -0.221046732 0.974586052
1317400964.742799759 2.239699284 -1.029875457 0.178665510 -0.017878490 -0.032171809 -0.223978078 0.973898945
1317400964.846813917 2.869278051 -1.336804897 0.225009712 -0.012752442 -0.032455237 -0.226147166 0.973468794
1317400964.950808048 3.461527466 -1.625631325 0.277444816 -0.010293841 -0.030932468 -0.228594165 0.972975810
1317400965.054775000 4.093533720 -1.945029038 0.328094645 -0.009131625 -0.029645267 -0.230567980 0.972561658
1317400965.158716917 4.758597463 -2.268747740 0.380724161 -0.009080575 -0.029137102 -0.231770730 0.972291572
1317400965.262635946 5.439237879 -2.608088603 0.438474437 -0.006879267 -0.030419154 -0.231875756 0.972245331
1317400965.366508007 6.116082213 -2.946785554 0.489661958 -0.004110793 -0.031900888 -0.231021348 0.972416871
1317400965.470330954 6.803555726 -3.298640560 0.540126120 -0.002595068 -0.032486912 -0.228458624 0.973007977
1317400965.574127913 7.500691599 -3.645865019 0.595136884 -0.002950425 -0.032307933 -0.224994232 0.973819844
1317400965.677880049 8.228007274 -3.987612873 0.648049574 -0.003309135 -0.031417816 -0.220715818 0.974826394
1317400965.781652927 8.946574630 -4.325914662 0.706715727 -0.002939519 -0.030188827 -0.215911816 0.975941638
1317400965.885476112 9.711721952 -4.662491605 0.760077708 -0.004101676 -0.028444208 -0.211850485 0.976879458
1317400965.989300966 10.473658354 -5.008806991 0.816390657 -0.003125216 -0.027199647 -0.207633740 0.977823421
1317400966.093147039 11.223268242 -5.334028428 0.873734656 -0.003592002 -0.026315555 -0.204259382 0.978556434
1317400966.197015047 12.004001228 -5.671773316 0.927838700 -0.004703843 -0.025704804 -0.201433772 0.979153498
1317400966.300884008 12.776801446 -6.001864058 0.984561607 -0.005354674 -0.025239827 -0.198787640 0.979702890
1317400966.404755116 13.555016101 -6.328978057 1.040735393 -0.005893963 -0.025050162 -0.196586885 0.980148635
1317400966.508626938 14.330270849 -6.636272527 1.095517351 -0.007528157 -0.024942237 -0.194383192 0.980579618
1317400966.612523079 15.071773433 -6.941983300 1.146754988 -0.006523743 -0.024774234 -0.191756983 0.981108015
1317400966.716417074 15.845061192 -7.242489961 1.200601599 -0.007014864 -0.024175407 -0.190276352 0.981407791
1317400966.820334911 16.604304491 -7.551692042 1.251469190 -0.008892425 -0.023320550 -0.188949279 0.981669622
1317400966.924278021 17.368976468 -7.849805302 1.308085138 -0.008551077 -0.023123895 -0.187939341 0.981871157
1317400967.028222322 18.120048627 -8.140170450 1.358548480 -0.008777516 -0.023245607 -0.187756066 0.981901348
1317400967.132189989 18.883699061 -8.442484742 1.415322075 -0.009942324 -0.023506375 -0.187291321 0.981972791
1317400967.236156940 19.628469047 -8.729690496 1.460060157 -0.012160836 -0.023325930 -0.187040824 0.981999870
1317400967.340122938 20.365965914 -9.013314738 1.510648112 -0.013098283 -0.022778574 -0.186662640 0.982072620
1317400967.444091082 21.103949902 -9.292561537 1.564034668 -0.014014639 -0.022264385 -0.186418478 0.982118139
1317400967.548057079 21.802415925 -9.567935585 1.616353628 -0.014445905 -0.021992285 -0.186216072 0.982156418
1317400967.652046919 22.520729370 -9.838434279 1.665669833 -0.015653156 -0.021718316 -0.186067731 0.982172130
1317400967.756036043 23.201548492 -10.093019009 1.710522530 -0.016176168 -0.021330233 -0.186027649 0.982179753
1317400967.860024929 23.878346543 -10.354134519 1.758203131 -0.017434971 -0.021026728 -0.186313040 0.982110661
1317400967.964040995 24.554238563 -10.610832982 1.805720181 -0.019156910 -0.020638048 -0.187207868 0.981916645
1317400968.068082094 25.193149653 -10.861944137 1.851598547 -0.021145110 -0.020745110 -0.188604179 0.981606331
1317400968.172146082 25.832652249 -11.107837741 1.894678420 -0.022297778 -0.021067094 -0.190588551 0.981190599
1317400968.276232004 26.456545509 -11.351993963 1.935223264 -0.022313096 -0.020859739 -0.193021675 0.980718935
1317400968.380319118 27.091145166 -11.604818328 1.982474141 -0.022382926 -0.020661370 -0.195669000 0.980196794
1317400968.484381914 27.682568358 -11.848786605 2.026259877 -0.022440909 -0.020363944 -0.198612543 0.979609500
1317400968.588468075 28.247445328 -12.075682572 2.066037627 -0.022244659 -0.020071913 -0.202272652 0.978870813
1317400968.692553997 28.843402139 -12.333626074 2.110586070 -0.022692088 -0.019906830 -0.206441089 0.977993284
1317400968.796639919 29.403774592 -12.572896324 2.148977380 -0.022338144 -0.020012788 -0.211469448 0.976924341
1317400968.900774956 29.940118208 -12.809318250 2.187992224 -0.022285423 -0.019999457 -0.217514020 0.975597782
1317400969.004909992 30.472212771 -13.060808338 2.224711362 -0.021622180 -0.020130591 -0.223523375 0.974250759
1317400969.109019995 30.985760750 -13.299450235 2.261733869 -0.021302603 -0.020388728 -0.229986028 0.972747103
1317400969.213151932 31.499478226 -13.559946227 2.299409187 -0.020701143 -0.020439286 -0.237179591 0.971030144
1317400969.317287922 31.997785184 -13.815031034 2.335668587 -0.020339855 -0.020451399 -0.245155089 0.969054701
1317400969.421423912 32.482431607 -14.060912282 2.372665702 -0.021176445 -0.020278740 -0.253730189 0.966830555
1317400969.525607824 32.952086028 -14.323966628 2.411688555 -0.020279901 -0.021015159 -0.263783648 0.964139656
1317400969.629813910 33.408458004 -14.588979272 2.438843524 -0.021875671 -0.020802846 -0.275016621 0.960965428
1317400969.734045982 33.841929351 -14.868565210 2.476726265 -0.021714283 -0.021905920 -0.287131592 0.957394417
1317400969.838277102 34.270849051 -15.142470618 2.509700564 -0.020960114 -0.023572387 -0.299961385 0.953429695
1317400969.942506075 34.672985006 -15.426491700 2.546100742 -0.019877850 -0.025005463 -0.313570764 0.949027383
1317400970.046736240 35.073031068 -15.715637792 2.575134439 -0.018748040 -0.026120689 -0.328188182 0.944065007
1317400970.150990963 35.443405314 -15.993894874 2.613405986 -0.019121806 -0.026877638 -0.343292498 0.938649141
1317400970.255248070 35.795553337 -16.286155085 2.649475059 -0.018783510 -0.026677286 -0.358773304 0.932854339
1317400970.359503031 36.142976811 -16.589359357 2.680381140 -0.018352235 -0.026298474 -0.374794301 0.926553192
1317400970.463783026 36.499683881 -16.884204400 2.726494645 -0.016960326 -0.025912075 -0.391906208 0.919483788
1317400970.568058968 36.800015175 -17.180031332 2.758031964 -0.016495305 -0.025954792 -0.409392209 0.911840048
1317400970.672360897 37.066722282 -17.486945817 2.786460982 -0.015928464 -0.026590425 -0.427193415 0.903628806
1317400970.776640654 37.327780361 -17.800486397 2.817692301 -0.015019583 -0.027691114 -0.445426252 0.894764253
1317400970.880894899 37.577807216 -18.112566118 2.847768146 -0.014020286 -0.028980307 -0.463988664 0.885255948
1317400970.985147953 37.808739593 -18.437581719 2.880462756 -0.011954296 -0.029942799 -0.482786359 0.875144477
1317400971.089401960 38.011582407 -18.763687573 2.916061952 -0.009357743 -0.030027738 -0.501886305 0.864361559
1317400971.193634033 38.201665017 -19.095588654 2.940856800 -0.006856205 -0.029291171 -0.520948986 0.853057544
1317400971.297842026 38.380347292 -19.430475825 2.981191083 -0.004787814 -0.028136332 -0.540210564 0.841045760
1317400971.402050018 38.529805218 -19.770409164 3.004018273 -0.003171054 -0.026539203 -0.559952051 0.828093785
1317400971.506254196 38.676703500 -20.123706703 3.031546778 -0.001537333 -0.025303359 -0.579936149 0.814267425
1317400971.610436916 38.800714982 -20.462310658 3.056781025 0.000982277 -0.025326691 -0.599487929 0.799982385
1317400971.714620113 38.895588004 -20.820471578 3.081541609 0.003083497 -0.026378192 -0.619344082 0.784670371
1317400971.818825960 38.986184922 -21.190996754 3.104603281 0.003795372 -0.027445222 -0.639449608 0.768333621
1317400971.923011065 39.054372930 -21.566235771 3.125144282 0.003580481 -0.028212638 -0.659313445 0.751330160
1317400972.027169943 39.121017494 -21.956976911 3.141797574 0.002558491 -0.027758786 -0.679226654 0.733398975
1317400972.131328106 39.160420059 -22.356365756 3.156086937 0.001227703 -0.026229725 -0.698632906 0.714998292
1317400972.235440016 39.162633738 -22.797741808 3.162102045 0.000902324 -0.025361138 -0.717055063 0.696554402
1317400972.339500904 39.152474475 -23.243285250 3.180532261 0.001668730 -0.025771445 -0.734308073 0.678324924
1317400972.443519115 39.112541557 -23.695665633 3.194345031 0.002469029 -0.025804396 -0.749758284 0.661203866
1317400972.547439098 39.056423092 -24.175624310 3.215632623 0.003796286 -0.025365905 -0.763672555 0.645094093
1317400972.651329994 38.976731081 -24.671159428 3.231195747 0.005022957 -0.024562889 -0.776166477 0.630029392
1317400972.755202055 38.873587614 -25.183383371 3.248927408 0.006208068 -0.023711129 -0.787611422 0.615684570
1317400972.859025002 38.752545479 -25.707276596 3.264553465 0.007058332 -0.023442750 -0.797741920 0.602501823
1317400972.962822914 38.610884333 -26.233245772 3.280231828 0.008131120 -0.023664583 -0.806687293 0.590448545
1317400973.066574097 38.450159023 -26.787204661 3.296239713 0.007413603 -0.023533128 -0.814528092 0.579599187
1317400973.170277119 38.261804105 -27.376697388 3.303884889 0.005363784 -0.022443430 -0.821269709 0.570073317
1317400973.273956060 38.057188005 -27.931581453 3.303191261 0.004837904 -0.022366230 -0.826841832 0.561968800
1317400973.377633095 37.830499457 -28.543198337 3.316709967 0.005330778 -0.023110325 -0.831795850 0.554574756
1317400973.481311083 37.606352293 -29.090525033 3.329721139 0.006267256 -0.023788236 -0.836219926 0.547842200
1317400973.585012913 37.329481372 -29.736530703 3.340422320 0.006977049 -0.023758548 -0.840407848 0.541388494
1317400973.688739061 37.048987229 -30.362253588 3.358230197 0.007219908 -0.024328742 -0.844430175 0.535064169
1317400973.792490959 36.756710130 -31.000267813 3.366164295 0.007243583 -0.025022675 -0.847807968 0.529663144
1317400973.896241903 36.434363378 -31.657880682 3.384863454 0.007545794 -0.027683428 -0.850360475 0.525417693
1317400973.999944925 36.096889509 -32.344129960 3.401219189 0.008837349 -0.031255693 -0.851960029 0.522598404
1317400974.103625059 35.767735488 -32.956468601 3.410685172 0.010598576 -0.033923784 -0.852384699 0.521706021
1317400974.207304001 35.421696508 -33.696172302 3.430027536 0.011911388 -0.034414592 -0.852650494 0.521210985
1317400974.311007977 35.069439170 -34.373438965 3.448356082 0.012832556 -0.034654365 -0.851937338 0.522338178
1317400974.414736032 34.704870284 -35.071290502 3.463737847 0.014223538 -0.035842918 -0.850644233 0.524325629
1317400974.518460989 34.350474878 -35.791199684 3.493069645 0.012392176 -0.033114890 -0.849674852 0.526120217
1317400974.622211933 33.999784253 -36.521497556 3.502148396 0.012733326 -0.034598583 -0.848534671 0.527853874
1317400974.725963116 33.665222018 -37.226288708 3.510912109 0.013984297 -0.036451376 -0.847396340 0.529523540
1317400974.829714060 33.290414319 -37.937458126 3.538298756 0.016587832 -0.038144097 -0.846104511 0.531391596
1317400974.933489084 32.952242757 -38.649916528 3.556458394 0.018840509 -0.038094741 -0.845001848 0.533071949
1317400975.037261963 32.600055012 -39.383882674 3.578395846 0.021275540 -0.038674355 -0.843647310 0.535080238
1317400975.141060114 32.256090172 -40.110921307 3.600102073 0.022746053 -0.038057331 -0.842152964 0.537412915
1317400975.244883060 31.933084237 -40.820890211 3.621059408 0.023040533 -0.037047073 -0.841016564 0.539247426
1317400975.348706961 31.592121417 -41.574043967 3.635752078 0.021891023 -0.034317631 -0.840017490 0.541030220
1317400975.452555895 31.278390000 -42.300350244 3.634062043 0.021207570 -0.030933916 -0.839080508 0.542712846
1317400975.556399107 30.950814574 -43.045455779 3.655867583 0.021490217 -0.029624100 -0.837922066 0.544561471
1317400975.660221100 30.629966349 -43.784860657 3.679131899 0.020524859 -0.030770287 -0.836759199 0.546320384
1317400975.764066935 30.304508951 -44.525165228 3.699352326 0.018114545 -0.033919883 -0.835852414 0.547605740
1317400975.867938042 29.981516631 -45.285654190 3.698790837 0.014585974 -0.034232880 -0.835265809 0.548585807
1317400975.971812010 29.662610942 -46.033294484 3.686125128 0.013932506 -0.033311460 -0.834776320 0.549403974
1317400976.075683117 29.333830240 -46.790578636 3.698938688 0.015713882 -0.032977742 -0.834369227 0.549994123
1317400976.179550886 29.005251834 -47.542844530 3.736298496 0.016744389 -0.033449543 -0.834025245 0.550456760
1317400976.283446074 28.683124233 -48.311504577 3.759392622 0.015614403 -0.033351803 -0.834074333 0.550421525
1317400976.387341022 28.364710851 -49.089406301 3.771086193 0.013538776 -0.032058871 -0.834209039 0.550349171
1317400976.491235018 28.035767918 -49.862667557 3.775972625 0.012547629 -0.030098980 -0.834478547 0.550074689
1317400976.595177889 27.703155809 -50.651094312 3.795871687 0.013336930 -0.030083671 -0.834822754 0.549534410
1317400976.699121952 27.372596846 -51.449368585 3.827077034 0.012643871 -0.031383029 -0.835284221 0.548776374
1317400976.803040028 27.038991477 -52.229690362 3.835699946 0.010644683 -0.032224020 -0.835767751 0.548033366
1317400976.906960011 26.691265002 -53.043772971 3.855273667 0.009872861 -0.033432540 -0.835953532 0.547691962
1317400977.010853052 26.347442554 -53.844429704 3.872716788 0.010089087 -0.034693735 -0.836192713 0.547244279
1317400977.114747047 25.982583291 -54.681128074 3.901216931 0.009490885 -0.034812798 -0.836508053 0.546765278
1317400977.218667984 25.629132991 -55.493914026 3.921690307 0.009006507 -0.033672182 -0.836832955 0.546347575
1317400977.322609901 25.266306864 -56.338576245 3.941048434 0.010299359 -0.032005916 -0.837267212 0.545759251
1317400977.426552057 24.897965750 -57.202332929 3.969658466 0.011194948 -0.031846119 -0.837690621 0.545100837
1317400977.530471087 24.523840146 -58.054293514 4.001532587 0.010339838 -0.032579283 -0.838066058 0.544496980
1317400977.634365082 24.142664440 -58.924050985 4.023141355 0.008885467 -0.033425331 -0.838298196 0.544113895
1317400977.738261938 23.763121280 -59.781408516 4.049692267 0.009551154 -0.035225869 -0.838238389 0.544081167
1317400977.842186928 23.377630501 -60.648601416 4.073351502 0.011898467 -0.036179420 -0.838234410 0.543978446
1317400977.946079969 22.980436697 -61.550865967 4.092810680 0.014808963 -0.035342394 -0.838343081 0.543794527
1317400978.049945116 22.579044600 -62.444504065 4.118317035 0.016614082 -0.035269290 -0.838182998 0.543993852
1317400978.153790951 22.190471369 -63.350853205 4.153280058 0.016344501 -0.035041331 -0.837810315 0.544590523
1317400978.257637978 21.784905502 -64.264984473 4.169177901 0.014879357 -0.035203765 -0.837568819 0.544993369
1317400978.361509085 21.382021317 -65.186533584 4.195314883 0.012961306 -0.034240964 -0.837553702 0.545126919
1317400978.465379000 20.980774455 -66.104514114 4.210520067 0.012464288 -0.033335439 -0.837706104 0.544960432
1317400978.569228888 20.580230415 -67.025856627 4.229094843 0.013795573 -0.031507946 -0.837890903 0.544752940
1317400978.673074961 20.171269054 -67.975009000 4.243548827 0.015656705 -0.029587186 -0.838040347 0.544580429
1317400978.776943922 19.757444691 -68.916574486 4.275282499 0.016619422 -0.030179166 -0.838242063 0.544208835
1317400978.880790949 19.333135219 -69.879299279 4.289774622 0.016237500 -0.032084951 -0.838283942 0.544046810
1317400978.984637022 18.903248550 -70.839505867 4.310029424 0.015697638 -0.033566076 -0.838607809 0.543473868
1317400979.088510036 18.467423258 -71.810140591 4.317336543 0.016668733 -0.033015012 -0.839128337 0.542674669
1317400979.192404985 18.035196572 -72.795329269 4.334061335 0.019018747 -0.031524435 -0.839907134 0.541479920
1317400979.296324015 17.598683852 -73.759495643 4.350238463 0.021082380 -0.031728336 -0.840671684 0.540203634
1317400979.400243044 17.151315092 -74.745070245 4.373271173 0.022557603 -0.033699321 -0.841560374 0.538638698
1317400979.504158974 16.706812940 -75.708591516 4.378031762 0.023484186 -0.034034313 -0.842502732 0.537102695
1317400979.608078003 16.260543317 -76.677646413 4.389663014 0.025727456 -0.035502420 -0.843336983 0.535593511
1317400979.711996078 15.812531116 -77.646641209 4.405748938 0.027398626 -0.037532815 -0.844002585 0.534322225
1317400979.815890074 15.348713727 -78.615972832 4.428133474 0.027092711 -0.039179858 -0.844631781 0.533224229
1317400979.919786930 14.899202506 -79.581963006 4.440347923 0.026497092 -0.041859891 -0.845117364 0.532280278
1317400980.023680925 14.438608537 -80.559509880 4.439135044 0.026158279 -0.044122087 -0.845509710 0.531490655
1317400980.127527952 13.987541483 -81.524701852 4.447041150 0.026244888 -0.043641188 -0.845407804 0.531688157
1317400980.231328011 13.535505064 -82.476804846 4.464080146 0.027583565 -0.043680425 -0.844742334 0.532673968
1317400980.335100889 13.077550974 -83.446047470 4.475971408 0.028938808 -0.042846989 -0.843543529 0.534566174
1317400980.438875914 12.635246417 -84.420367731 4.488780197 0.030488810 -0.042561097 -0.842086625 0.536795213
1317400980.542627096 12.186722137 -85.384300611 4.497873193 0.032183754 -0.041969199 -0.840700194 0.538911845
1317400980.646378040 11.747308079 -86.339206915 4.505574132 0.033306749 -0.042462770 -0.839311172 0.540966108
1317400980.750152111 11.302636270 -87.303105681 4.521840053 0.032126652 -0.043215955 -0.838246579 0.542625960
1317400980.853926897 10.865074985 -88.274852509 4.531460517 0.030354656 -0.044259366 -0.837616964 0.543615236
1317400980.957726955 10.436750494 -89.247207911 4.522912804 0.029890633 -0.044411461 -0.837242684 0.544204797
1317400981.061526060 10.013696527 -90.218291050 4.528515558 0.031119988 -0.044531091 -0.836801830 0.544803841
1317400981.165297985 9.582466228 -91.197943759 4.552836939 0.030759557 -0.045718960 -0.836290141 0.545511161
1317400981.269072056 9.151008350 -92.197695932 4.565218041 0.028300826 -0.047090582 -0.835783137 0.546304026
1317400981.372848988 8.726041297 -93.186952776 4.575250107 0.026838061 -0.047618556 -0.835255080 0.547139053
1317400981.476600885 8.298210434 -94.182371269 4.584579329 0.026553394 -0.047146260 -0.834684803 0.548063343
1317400981.580326796 7.884401113 -95.173711832 4.608021927 0.027468690 -0.045861298 -0.833782658 0.549498582
1317400981.684029102 7.458625252 -96.170778939 4.621292638 0.028449765 -0.043756444 -0.832606797 0.551399951
1317400981.787755966 7.043649634 -97.152274072 4.636899902 0.029576067 -0.043157915 -0.831270019 0.553401127
1317400981.891530991 6.625860087 -98.160720482 4.659559019 0.028009365 -0.043659728 -0.830276502 0.554932638
1317400981.995304108 6.210472166 -99.166557142 4.679016693 0.023560841 -0.044570637 -0.829868896 0.555676129
1317400982.099103928 5.800980849 -100.184288866 4.700600991 0.018656445 -0.044248727 -0.829740884 0.556079179
1317400982.202903986 5.387635522 -101.193923101 4.712414284 0.016513248 -0.041667349 -0.829751637 0.556330267
1317400982.306704044 4.988273821 -102.175911863 4.733929756 0.018874276 -0.040504935 -0.829530350 0.556670917
1317400982.410526991 4.561282845 -103.184549723 4.768599069 0.021728367 -0.038999358 -0.829751373 0.556344846
1317400982.514348984 4.156007776 -104.185281126 4.789487329 0.023988868 -0.036846446 -0.830255957 0.555645498
1317400982.618171930 3.749178114 -105.189302177 4.804665620 0.026439469 -0.036001682 -0.830822380 0.554742288
1317400982.721992970 3.335021345 -106.198259705 4.834862632 0.027566269 -0.036646179 -0.831428068 0.553736875
1317400982.825815916 2.930986394 -107.185180451 4.843440718 0.027097114 -0.036033219 -0.832016736 0.552915459
1317400982.929615021 2.517133593 -108.189233586 4.850931774 0.027819136 -0.035949841 -0.832589225 0.552022542
1317400983.033412933 2.108516443 -109.171247534 4.861218881 0.029028385 -0.038529510 -0.832811323 0.551450932
1317400983.137208939 1.698807197 -110.164516869 4.897064044 0.026902256 -0.042008122 -0.833049034 0.550945455
1317400983.240984917 1.289370078 -111.138105760 4.903091350 0.021748016 -0.041050052 -0.833431520 0.550666704
1317400983.344784975 0.871638577 -112.117852328 4.907094040 0.019416577 -0.038445433 -0.833907749 0.550220693
1317400983.448606968 0.459851389 -113.083032883 4.920533947 0.019990689 -0.034475003 -0.834570622 0.549457663
1317400983.552406073 0.048987496 -114.054304306 4.942412856 0.021266436 -0.029853097 -0.835308428 0.548558440
1317400983.656204939 -0.354770188 -115.030473826 4.941053274 0.024056368 -0.026746380 -0.835954711 0.547618155
1317400983.760005236 -0.769820974 -115.993957310 4.952579780 0.027710393 -0.025670060 -0.836453166 0.546735113
1317400983.863779068 -1.184404767 -116.947266508 4.972737403 0.028954278 -0.026714119 -0.836858639 0.545999656
1317400983.967556000 -1.593905290 -117.916335567 4.971148197 0.027774026 -0.031210967 -0.837288737 0.545162406
1317400984.071332932 -2.005710902 -118.853514328 4.981017655 0.023914305 -0.037204039 -0.837472075 0.544687515
1317400984.175105095 -2.430528495 -119.787051331 5.003313899 0.020273029 -0.040193206 -0.837839685 0.544057141
1317400984.278902054 -2.843466733 -120.732282458 4.980937053 0.020264160 -0.038993407 -0.838056172 0.543811301
1317400984.382725239 -3.260667638 -121.669971020 4.996679232 0.024982738 -0.036702920 -0.837983031 0.543887119
1317400984.486524105 -3.665950233 -122.597201990 5.012777047 0.029802058 -0.035568722 -0.837684123 0.544180130
1317400984.590323925 -4.080018535 -123.526708892 5.033454033 0.031939972 -0.033078487 -0.837638261 0.544286502
1317400984.694147110 -4.476134819 -124.443075346 5.031685473 0.033516930 -0.030644314 -0.837573418 0.544433936
1317400984.797993898 -4.879944216 -125.375313583 5.036097665 0.034468639 -0.028707371 -0.837556517 0.544506089
1317400984.901865959 -5.284599664 -126.294018372 5.035753975 0.033381451 -0.028301902 -0.837608901 0.544514473
1317400985.005759954 -5.677833146 -127.204575384 5.038167720 0.030616334 -0.029675119 -0.837647302 0.544544787
1317400985.109654665 -6.076960553 -128.119051299 5.026385379 0.028195481 -0.031124608 -0.837716211 0.544488588
1317400985.213526011 -6.465368602 -129.011770951 5.023547213 0.026166960 -0.032505670 -0.837711420 0.544516527
1317400985.317420959 -6.862180783 -129.917192772 5.022893952 0.024942566 -0.034910679 -0.837680167 0.544473187
1317400985.421313047 -7.254023320 -130.813580147 5.030837549 0.023489615 -0.036154461 -0.837661829 0.544484852
1317400985.525182962 -7.646096731 -131.698462394 5.041507899 0.023538131 -0.035915212 -0.837654400 0.544510018
1317400985.629054070 -8.031583386 -132.573112760 5.049979785 0.025540021 -0.033641223 -0.837622650 0.544613874
1317400985.732949018 -8.415655689 -133.446063278 5.057285039 0.029049559 -0.031222101 -0.837655512 0.544531492
1317400985.836868048 -8.784537457 -134.293003375 5.067316576 0.031035317 -0.026670805 -0.837886013 0.544309201
1317400985.940813065 -9.151324333 -135.148529730 5.070474942 0.031438427 -0.023775019 -0.838357601 0.543693762
1317400986.044755936 -9.508064887 -135.970286035 5.069905068 0.029395222 -0.022220321 -0.839097900 0.542730957
1317400986.148653984 -9.859758356 -136.775478952 5.055790393 0.025647424 -0.022772710 -0.839606826 0.542110681
1317400986.252547979 -10.214779480 -137.584338460 5.043662172 0.023302710 -0.025082657 -0.839890497 0.541674992
1317400986.356437922 -10.558245716 -138.354192939 5.048639346 0.022222278 -0.027719634 -0.839724741 0.541848827
1317400986.460309982 -10.896966351 -139.118915852 5.051376514 0.022037522 -0.030427656 -0.838915388 0.542963606
1317400986.564181089 -11.227097105 -139.857760928 5.057670941 0.023328466 -0.031707824 -0.837810250 0.544540523
1317400986.668050289 -11.550179856 -140.581006021 5.072803169 0.025565058 -0.031780903 -0.836447561 0.546527107
1317400986.771943092 -11.860019412 -141.299801443 5.085057749 0.027848477 -0.031660218 -0.835114223 0.548458137
1317400986.875859976 -12.141752872 -141.976920639 5.102216747 0.028567298 -0.032108431 -0.833983887 0.550112564
1317400986.979782104 -12.424872284 -142.626125600 5.124338036 0.027393624 -0.033910128 -0.832821164 0.551822980
1317400987.083724976 -12.684839353 -143.265431381 5.121773846 0.025663948 -0.034602453 -0.831597148 0.553705893
1317400987.187691927 -12.933093942 -143.863456385 5.123523282 0.025446330 -0.035484714 -0.830365272 0.555505927
1317400987.291682959 -13.165996686 -144.442559580 5.132360822 0.024431585 -0.033832357 -0.829237876 0.557335638
1317400987.395697117 -13.383269162 -144.994720272 5.149449579 0.023617447 -0.032130977 -0.828182857 0.559037540
1317400987.499711037 -13.586931351 -145.510951628 5.153852186 0.022280322 -0.030082045 -0.827288572 0.560528569
1317400987.603750944 -13.787705223 -146.014685344 5.166532522 0.020776770 -0.030310859 -0.826566238 0.561638524
1317400987.707838058 -13.986535097 -146.505379726 5.168660462 0.018698591 -0.030662844 -0.826218150 0.562204341
1317400987.811949015 -14.179098672 -146.990851488 5.175192461 0.017491555 -0.029715547 -0.826300473 0.562173070
1317400987.916058064 -14.370385004 -147.477006172 5.177963583 0.016313123 -0.026525298 -0.826841490 0.561572293
1317400988.020168304 -14.553682721 -147.970569249 5.185605580 0.016517725 -0.023110671 -0.827520792 0.560715971
1317400988.124279022 -14.738031810 -148.456569560 5.185635017 0.018154681 -0.021322036 -0.828171470 0.559774771
1317400988.228389978 -14.929575814 -148.937005142 5.197078009 0.020456920 -0.021805129 -0.828793429 0.558755316
1317400988.332499981 -15.118448020 -149.413752281 5.224863562 0.020889283 -0.022844795 -0.829422728 0.557763114
1317400988.436585903 -15.306930741 -149.875717513 5.226076555 0.019319578 -0.023486760 -0.830327238 0.556445689
1317400988.540652037 -15.494652319 -150.350068071 5.226445983 0.017704166 -0.022513786 -0.831145062 0.555317547
1317400988.644714355 -15.675633940 -150.819103911 5.220229690 0.016816791 -0.022609905 -0.831875949 0.554245787
1317400988.748776913 -15.863010882 -151.272255568 5.226542799 0.016822391 -0.023499842 -0.832454427 0.553339310
1317400988.852840900 -16.053540266 -151.728833144 5.229059566 0.017847867 -0.022835245 -0.833098637 0.552364614
1317400988.956902027 -16.236699532 -152.194422863 5.226992547 0.019417096 -0.021380810 -0.833818296 0.551282946
1317400989.060965776 -16.429955608 -152.648443121 5.234978191 0.020564365 -0.019993497 -0.834544078 0.550194101
1317400989.165007114 -16.621930155 -153.095376889 5.239246841 0.020841199 -0.018628758 -0.835268504 0.549131259
1317400989.269021034 -16.814275036 -153.553654769 5.240368140 0.020973219 -0.017419990 -0.835915379 0.548180762
1317400989.373033047 -16.999940418 -153.997032302 5.247855103 0.021533441 -0.016928339 -0.836270811 0.547632059
1317400989.477024078 -17.187803353 -154.447414870 5.246648336 0.021790399 -0.016695824 -0.836557289 0.547191310
1317400989.580991030 -17.376414751 -154.896875627 5.238808634 0.021828599 -0.017573899 -0.836379347 0.547434250
1317400989.684909105 -17.538297805 -155.341245771 5.245070819 0.021699203 -0.019441445 -0.835211988 0.549155816
1317400989.788779974 -17.717850979 -155.764808381 5.245794718 0.020919378 -0.020079032 -0.833330152 0.552014555
1317400989.892625809 -17.880957550 -156.207375802 5.243022922 0.020375092 -0.019542206 -0.830789026 0.555870984
1317400989.996402025 -18.034075619 -156.659230900 5.239407657 0.021283071 -0.019894299 -0.827003519 0.561441384
1317400990.100080967 -18.160412834 -157.093179040 5.243840956 0.022621101 -0.022466782 -0.820912240 0.570163682
1317400990.203687906 -18.286165642 -157.515443079 5.259293510 0.024238024 -0.025534368 -0.812726812 0.581580299
1317400990.307270050 -18.398658990 -157.937314781 5.264634713 0.024524673 -0.026437279 -0.802601505 0.595424584
1317400990.410876989 -18.501015635 -158.326057264 5.273146164 0.023610623 -0.025666030 -0.790600233 0.611338748
1317400990.514530897 -18.595159345 -158.718789056 5.275969736 0.021353004 -0.025211844 -0.777605601 0.627883701
1317400990.618207932 -18.660542982 -159.107818578 5.278531115 0.019634479 -0.026472327 -0.764246406 0.644081621
1317400990.721911907 -18.721547671 -159.498432781 5.284546086 0.017959722 -0.028775493 -0.750237494 0.660297752
1317400990.825639009 -18.767681935 -159.875975723 5.288616167 0.016682127 -0.030769973 -0.735567216 0.676546957
1317400990.929390192 -18.800356866 -160.254452871 5.302298594 0.014937804 -0.030588973 -0.720894350 0.692208432
1317400991.033166885 -18.786415773 -160.661919845 5.308937502 0.011774448 -0.029202071 -0.706217571 0.707294383
1317400991.136941910 -18.771638587 -161.034135743 5.305945655 0.008227178 -0.027608393 -0.690765012 0.722505217
1317400991.240741014 -18.753759171 -161.419333158 5.317860284 0.005165910 -0.028174894 -0.674907633 0.737346035
1317400991.344538927 -18.699668440 -161.807135490 5.330783506 0.003226879 -0.029619657 -0.658673269 0.751838938
1317400991.448312044 -18.646086537 -162.218826503 5.354831454 0.002999287 -0.030825401 -0.642297981 0.765829030
1317400991.552110910 -18.586527679 -162.607245855 5.372588753 0.003111224 -0.030140802 -0.625547453 0.779597484
1317400991.655934095 -18.495303162 -162.995645194 5.393554007 0.001837251 -0.028616339 -0.609309210 0.792414043
1317400991.759782076 -18.373278297 -163.405523520 5.414136445 -0.000621463 -0.027166668 -0.593005746 0.804739567
1317400991.863651991 -18.248617764 -163.820219787 5.430186910 -0.002542430 -0.026263343 -0.576996755 0.816320107
1317400991.967559099 -18.092765691 -164.232346815 5.446747049 -0.003712708 -0.027265985 -0.561490901 0.827025241
1317400992.071502924 -17.944088412 -164.656382609 5.472528520 -0.003424457 -0.029409939 -0.546781098 0.836751911
1317400992.175479889 -17.741889420 -165.095004922 5.501014784 -0.004238454 -0.029981376 -0.533286605 0.845392541
1317400992.279493093 -17.513548903 -165.527134737 5.527414022 -0.006652832 -0.028459836 -0.520746284 0.853211044
1317400992.383557081 -17.287091187 -165.962972703 5.548083084 -0.008389377 -0.025375986 -0.509687699 0.859944258
1317400992.487668037 -17.047068293 -166.407793114 5.570067046 -0.008578823 -0.023154330 -0.500529898 0.865367033
1317400992.591800928 -16.775023215 -166.895899255 5.604490449 -0.007253638 -0.022407021 -0.492947265 0.869740366
1317400992.695983887 -16.514419983 -167.336080660 5.639358022 -0.003724664 -0.022037227 -0.486478311 0.873406744
1317400992.800190926 -16.273511849 -167.769251677 5.670922510 0.000092591 -0.021584648 -0.480940570 0.876487457
1317400992.904373646 -15.902808907 -168.306625578 5.707449308 0.001580716 -0.020531592 -0.475813025 0.879305363
1317400993.008517027 -15.584031518 -168.788641313 5.733284852 0.003352184 -0.020407881 -0.470981920 0.881900398
1317400993.112627983 -15.218120796 -169.320993282 5.763434474 0.006198707 -0.021886837 -0.465145875 0.884941726
1317400993.216731787 -14.890896213 -169.825939325 5.802358871 0.006858752 -0.023969759 -0.459943677 0.887598007
1317400993.320872307 -14.491791611 -170.354266692 5.828014578 0.005227560 -0.025930488 -0.455601407 0.889790785
1317400993.425004959 -14.138851317 -170.867553929 5.853562862 0.002727622 -0.027529592 -0.451709192 0.891736221
1317400993.529159069 -13.764837744 -171.399655063 5.876748488 0.000074671 -0.028520475 -0.449528284 0.892810674
1317400993.633389711 -13.295557755 -171.995365473 5.915645374 -0.002682546 -0.027456641 -0.449729675 0.892738571
1317400993.737646103 -12.876364202 -172.563655557 5.930645378 -0.003863797 -0.025304063 -0.451030545 0.892141370
1317400993.841881037 -12.476694060 -173.131627816 5.986701525 -0.004080248 -0.023902585 -0.452848881 0.891257487
1317400993.946086884 -12.022771654 -173.731399647 6.019872291 -0.005371357 -0.022647814 -0.455108663 0.890131636
1317400994.050302982 -11.495801176 -174.407543780 6.061931133 -0.005286372 -0.021730293 -0.457914980 0.888714644
1317400994.154485941 -11.067108498 -175.010737470 6.106829311 -0.004015864 -0.021755218 -0.460395507 0.887438201
1317400994.258655071 -10.608472179 -175.663147575 6.142278841 -0.002707958 -0.021150587 -0.463093765 0.886052755
1317400994.362814903 -10.153461800 -176.314259014 6.185375424 -0.002005679 -0.020812009 -0.466082630 0.884494104
1317400994.466927052 -9.680659319 -176.986324978 6.227520823 -0.003400135 -0.020716045 -0.468779499 0.883065720
1317400994.571038008 -9.203694788 -177.685360373 6.268730825 -0.003060387 -0.022593826 -0.471286672 0.881685333
1317400994.675122976 -8.724473709 -178.383742507 6.309351566 -0.003815579 -0.023791461 -0.473672508 0.880371378
1317400994.779186010 -8.267300692 -179.085486837 6.351511216 -0.003972200 -0.023147512 -0.475806088 0.879236590
1317400994.883249044 -7.780532136 -179.806759397 6.375425040 -0.003831231 -0.020021950 -0.477806770 0.878228406
1317400994.987287045 -7.317435110 -180.518572578 6.419613807 -0.001708285 -0.017822728 -0.479573865 0.877318836
1317400995.091326952 -6.842414436 -181.240764527 6.472935429 -0.000106788 -0.019918981 -0.481063190 0.876459600
1317400995.195365906 -6.381282850 -181.947474249 6.532573066 -0.001210788 -0.024552443 -0.482157781 0.875739451
1317400995.299416065 -5.931985995 -182.677306650 6.569699088 -0.002036705 -0.028100428 -0.483065340 0.875130902
1317400995.403453112 -5.466431608 -183.402628858 6.605112821 -0.001140496 -0.028954194 -0.483979805 0.874599281
1317400995.507457018 -5.012652915 -184.119749129 6.651758085 0.001052214 -0.027032840 -0.484446880 0.874402275
1317400995.611473083 -4.552019643 -184.847785019 6.712681571 0.003120733 -0.026214952 -0.484823984 0.874213213
1317400995.715462923 -4.096728302 -185.568863792 6.761559508 0.005763636 -0.026511345 -0.484759838 0.874226417
1317400995.819428921 -3.653871116 -186.282066439 6.818217834 0.008339360 -0.027396125 -0.484557893 0.874290315
1317400995.923394918 -3.213611411 -186.985522345 6.855884370 0.009434696 -0.028528386 -0.483971570 0.874567686
1317400996.027363062 -2.767592268 -187.702484971 6.918980855 0.009365543 -0.030328490 -0.483492937 0.874772570
1317400996.131330967 -2.322980408 -188.399722812 6.961400161 0.009370690 -0.032654346 -0.483060616 0.874927611
1317400996.235272884 -1.877900701 -189.115216731 7.003145259 0.009716321 -0.032298746 -0.482810078 0.875075318
1317400996.339225054 -1.442965177 -189.801965831 7.051485402 0.010376197 -0.029524184 -0.483010262 0.875055281
1317400996.443192720 -0.997269588 -190.505532208 7.081089033 0.011375570 -0.025541813 -0.483440170 0.874930748
1317400996.547154903 -0.553231613 -191.200030410 7.145097948 0.014822183 -0.023654807 -0.483760353 0.874755208
1317400996.651119947 -0.121554557 -191.887239656 7.190712835 0.016552393 -0.023661836 -0.484348318 0.874398561
1317400996.755091906 0.291751714 -192.542466758 7.223131023 0.015826636 -0.025060571 -0.484928447 0.874051421
1317400996.859072924 0.691603933 -193.177939565 7.272798578 0.013201700 -0.027407345 -0.485773495 0.873555186
1317400996.963066101 1.093488512 -193.825724068 7.299193343 0.010225719 -0.030389322 -0.486891878 0.872873543
1317400997.067063093 1.467305688 -194.430962534 7.341552088 0.010513237 -0.032622169 -0.488295278 0.872005153
1317400997.171072006 1.838788952 -195.029522820 7.374875544 0.011784395 -0.032322050 -0.490070304 0.871003737
1317400997.275054932 2.183647831 -195.586186938 7.411341821 0.014933719 -0.030384643 -0.491850105 0.870021397
1317400997.379026890 2.506275281 -196.146468801 7.457456903 0.018774874 -0.029234872 -0.493326735 0.869149906
1317400997.482998133 2.815245918 -196.669651545 7.500250458 0.022978082 -0.029615310 -0.494420759 0.868414103
1317400997.586985111 3.114551262 -197.177093266 7.535334605 0.026154973 -0.029615986 -0.496038315 0.867401177
1317400997.690960884 3.394017122 -197.656665690 7.566137521 0.026613593 -0.030228782 -0.497845561 0.866330038
1317400997.794898033 3.653812502 -198.103266249 7.601826243 0.026982699 -0.031721922 -0.499582616 0.865264621
1317400997.898840904 3.896405767 -198.528474615 7.620023380 0.027689124 -0.032840573 -0.500870467 0.864455658
1317400998.002780914 4.130175570 -198.945866467 7.641011218 0.029148030 -0.033221937 -0.502660693 0.863353301
1317400998.106720924 4.342978662 -199.327962986 7.657301834 0.028638846 -0.032363686 -0.504464799 0.862350088
1317400998.210640907 4.556947066 -199.689272671 7.683604269 0.027476241 -0.031388642 -0.506060076 0.861488833
1317400998.314558983 4.761708392 -200.052439079 7.693822232 0.026636422 -0.029831021 -0.507398263 0.860783140
1317400998.418453932 4.945089274 -200.377708081 7.721040754 0.027329925 -0.028759186 -0.509001891 0.859850603
1317400998.522350073 5.127187034 -200.697390982 7.735472268 0.027289939 -0.028181819 -0.510047246 0.859251331
1317400998.626267910 5.287559028 -200.998176963 7.753597618 0.026996972 -0.028684466 -0.511320617 0.858486804
1317400998.730187893 5.445533343 -201.288774412 7.765940247 0.025453053 -0.029517688 -0.512439107 0.857838569
1317400998.834106922 5.605543689 -201.577144308 7.778671715 0.023917105 -0.030842163 -0.513594439 0.857144962
1317400998.938024998 5.770370849 -201.862270545 7.788503176 0.022119761 -0.031207462 -0.514929052 0.856378936
1317400999.041944027 5.920706675 -202.155547622 7.802279677 0.020450591 -0.030741672 -0.516215205 0.855662658
1317400999.145862103 6.082261306 -202.423055534 7.812529945 0.018856845 -0.029980521 -0.517356868 0.855036525
1317400999.249754906 6.225957977 -202.709521327 7.821674087 0.018472581 -0.029723075 -0.518321303 0.854469619
1317400999.353626013 6.372744850 -202.987341599 7.835535608 0.018363036 -0.030187685 -0.519394373 0.853803834
1317400999.457499027 6.523488438 -203.272463493 7.852393266 0.016987674 -0.030718657 -0.519757683 0.853592253
1317400999.561346054 6.669583403 -203.537602788 7.866504918 0.015647416 -0.031401237 -0.519950557 0.853475564
1317400999.665175915 6.816115537 -203.811700065 7.878665416 0.015019791 -0.031717951 -0.519134760 0.853971591
1317400999.768974066 6.955267190 -204.078444687 7.892599157 0.015113442 -0.031806508 -0.517986112 0.854663863
1317400999.872764111 7.106176882 -204.359955785 7.907052464 0.015098592 -0.031634451 -0.516446151 0.855601933
1317400999.976543903 7.246071035 -204.620445975 7.920606010 0.014691314 -0.032058848 -0.514556642 0.856730913
1317401000.080296040 7.392694526 -204.884161422 7.936629773 0.013683842 -0.033627250 -0.512325401 0.858023685
1317401000.184072018 7.552273741 -205.172871352 7.952474379 0.012060622 -0.035819672 -0.509614077 0.859572559
1317401000.287847281 7.717495258 -205.461000114 7.965948748 0.010999071 -0.036755641 -0.506634728 0.861306737
1317401000.391616106 7.886701267 -205.764678563 7.975556867 0.010879720 -0.035387773 -0.502895800 0.863553792
1317401000.495395184 8.067101871 -206.074967682 7.992329992 0.011831481 -0.032991144 -0.498605125 0.866120390
1317401000.599143982 8.252410211 -206.390192782 8.018994562 0.012936741 -0.031653079 -0.494156675 0.868700123
1317401000.702893019 8.448906004 -206.724229574 8.042074664 0.013093731 -0.031303130 -0.489345967 0.871429397
1317401000.806643009 8.665086750 -207.069417818 8.062922302 0.012972162 -0.031148109 -0.484556152 0.874109177
1317401000.910392046 8.893389527 -207.429740967 8.085266438 0.013186565 -0.029670482 -0.479686773 0.876838854
1317401001.014142036 9.133044503 -207.799571228 8.113822169 0.013396458 -0.028084007 -0.474837012 0.879523527
1317401001.117892027 9.388575552 -208.172999240 8.134234358 0.013662433 -0.027428899 -0.470227174 0.882013264
1317401001.221666098 9.645014139 -208.567467023 8.150189177 0.013514716 -0.027391532 -0.465943657 0.884287038
1317401001.325465918 9.935123006 -208.972501356 8.169282292 0.012462882 -0.026529541 -0.462681862 0.886039703
1317401001.429313898 10.235187917 -209.391961551 8.200326747 0.010472547 -0.026590344 -0.460209229 0.887350407
1317401001.533207893 10.546446489 -209.826935346 8.223907270 0.008220647 -0.027355185 -0.458646280 0.888159729
1317401001.637125969 10.871179038 -210.268065829 8.246603989 0.006101658 -0.028017308 -0.457649449 0.888670233
1317401001.741045952 11.207880771 -210.735961818 8.262476553 0.004043316 -0.028808173 -0.457207950 0.888883925
1317401001.844964981 11.559216307 -211.220760359 8.280830234 0.001811818 -0.029092067 -0.456808242 0.889087509
1317401001.948882103 11.927892704 -211.721849385 8.300383905 0.000522733 -0.027530809 -0.456473268 0.889310934
1317401002.052824974 12.302867208 -212.231878585 8.352847527 -0.000942531 -0.026495441 -0.456329715 0.889415704
1317401002.156769037 12.699513402 -212.768586010 8.389225794 -0.004266961 -0.027440212 -0.456114199 0.889487867
1317401002.260688066 13.098012922 -213.306738194 8.408188268 -0.006998627 -0.027341161 -0.455854536 0.889606723
1317401002.364604950 13.508873559 -213.864232148 8.439797811 -0.008719256 -0.025263969 -0.455748263 0.889707383
1317401002.468549013 13.945077415 -214.451179373 8.469670500 -0.009081006 -0.021014869 -0.456053433 0.889657899
1317401002.572515726 14.371892956 -215.020465855 8.508523671 -0.007335586 -0.017080950 -0.456534608 0.889511429
1317401002.676481962 14.814760439 -215.647866003 8.563601749 -0.006207332 -0.016434635 -0.457489614 0.889041408
1317401002.780472994 15.260197456 -216.258774307 8.601463668 -0.005590671 -0.018121328 -0.458284592 0.888603171
1317401002.884464025 15.718307058 -216.906558064 8.626227396 -0.005560747 -0.019482573 -0.459062513 0.888172909
1317401002.988429070 16.186770760 -217.561497691 8.656272153 -0.004687947 -0.020288018 -0.459991102 0.887679337
1317401003.092396021 16.649048979 -218.220304072 8.689905492 -0.003780108 -0.020950946 -0.460399152 0.887456697
1317401003.196362972 17.148233798 -218.911086151 8.740961384 -0.004471740 -0.022199529 -0.461125170 0.887046088
1317401003.300304890 17.630893445 -219.598856525 8.772611931 -0.004148475 -0.022935388 -0.461550638 0.886807627
1317401003.404223919 18.119162331 -220.303287218 8.808506062 -0.003988883 -0.020507553 -0.462310570 0.886471920
1317401003.508145094 18.620737522 -221.002970757 8.844117906 -0.002534008 -0.017538836 -0.462740060 0.886316876
1317401003.612063885 19.136215664 -221.729835103 8.889933358 -0.002515474 -0.015926987 -0.463226365 0.886093301
1317401003.715982914 19.652947888 -222.462377678 8.932701732 -0.002241925 -0.016509574 -0.463875243 0.885743849
1317401003.819924116 20.187121006 -223.222754048 8.959063244 -0.001220329 -0.017909637 -0.464807356 0.885229845
1317401003.923866987 20.718735773 -224.003204829 9.005302501 -0.001579696 -0.019231748 -0.465754348 0.884703641
1317401004.027786970 21.255394082 -224.775559409 9.043150848 -0.001153045 -0.020467848 -0.466464117 0.884302530
1317401004.131681681 21.805472888 -225.568250634 9.072026760 0.000310579 -0.020037309 -0.466408146 0.884342610
1317401004.235552073 22.356758590 -226.356701860 9.106197492 0.002211182 -0.018958375 -0.466225466 0.884460008
1317401004.339421034 22.910458947 -227.156985682 9.156310221 0.002864711 -0.019339211 -0.465781027 0.884684025
1317401004.443291903 23.479350403 -227.969479201 9.204392354 0.000927921 -0.021772687 -0.465534371 0.884761458
1317401004.547175884 24.054076253 -228.796307202 9.245201590 -0.001808747 -0.022399193 -0.464964003 0.885044338
1317401004.651024103 24.626884837 -229.613319896 9.275567842 -0.000816691 -0.021534868 -0.464680779 0.885215994
1317401004.754833937 25.209640296 -230.452528714 9.321322100 0.001870845 -0.020021068 -0.464212317 0.885495670
1317401004.858656883 25.794763294 -231.295418329 9.366825403 0.003490394 -0.017461343 -0.463908709 0.885704030
1317401004.962480068 26.377051796 -232.121013807 9.411849161 0.004161360 -0.015852477 -0.463751926 0.885813487
1317401005.066301107 26.981541412 -232.972103234 9.465333701 0.003578368 -0.016617750 -0.463313579 0.886031361
1317401005.170099020 27.560392997 -233.801275064 9.505205836 0.002143818 -0.018584618 -0.462585043 0.886377512
1317401005.273850918 28.163294360 -234.641654276 9.543417655 0.002427369 -0.019090196 -0.461089280 0.887145055
1317401005.377603054 28.747027209 -235.463713082 9.582570070 0.003734399 -0.018130297 -0.459283617 0.888096789
1317401005.481379032 29.331022483 -236.270930689 9.625888988 0.004789256 -0.016168652 -0.457829797 0.888879921
1317401005.585175991 29.933448383 -237.107271555 9.674635645 0.002592527 -0.013713347 -0.457058014 0.889327383
1317401005.688973904 30.532312346 -237.922602527 9.696820880 -0.000164292 -0.010667489 -0.456984555 0.889410644
1317401005.792749166 31.131796822 -238.750200497 9.728346777 -0.001762511 -0.007992452 -0.457313953 0.889267655
1317401005.896548748 31.732159104 -239.566432963 9.766987370 -0.003786553 -0.008296663 -0.457442786 0.889192288
1317401006.000346899 32.333591790 -240.393396129 9.816430329 -0.007671181 -0.010872164 -0.457518014 0.889100791
1317401006.104120970 32.934237178 -241.218349468 9.837248986 -0.009083208 -0.013235389 -0.457325178 0.889154656
1317401006.207895994 33.531878919 -242.041415388 9.882205195 -0.008698536 -0.015037186 -0.457131765 0.889229311
1317401006.311671972 34.121921474 -242.854006746 9.927558074 -0.007675750 -0.016123902 -0.457085371 0.889243536
1317401006.415471077 34.707654130 -243.659515490 9.972001805 -0.009636902 -0.015497852 -0.456964692 0.889297597
1317401006.519269943 35.306919456 -244.472710325 10.011518940 -0.010032165 -0.014292482 -0.456847917 0.889373409
1317401006.623066902 35.894656199 -245.286146712 10.062379668 -0.009027311 -0.013294905 -0.456864405 0.889391179
1317401006.726866961 36.473816394 -246.085260014 10.113077088 -0.009090680 -0.012002141 -0.457013853 0.889332135
1317401006.830641270 37.056583049 -246.883384639 10.151637813 -0.008078545 -0.011034415 -0.457023849 0.889349302
1317401006.934416056 37.648746995 -247.690806664 10.195010490 -0.006946309 -0.010152730 -0.456902000 0.889431972
1317401007.038191080 38.216373675 -248.490748983 10.238399378 -0.005407319 -0.010423884 -0.456983700 0.889397550
1317401007.141988754 38.793484538 -249.272740536 10.285823399 -0.005177065 -0.012229558 -0.456959333 0.889388444
1317401007.245786905 39.358811735 -250.066350748 10.324795895 -0.004651220 -0.014534648 -0.457053410 0.889308322
1317401007.349586964 39.930099272 -250.853873924 10.369267281 -0.004348719 -0.015778218 -0.457156582 0.889235625
1317401007.453385115 40.496744485 -251.627684321 10.398893582 -0.004532955 -0.014741427 -0.457515217 0.889068034
1317401007.557183981 41.066742260 -252.418417941 10.443078104 -0.002959404 -0.013847065 -0.458316696 0.888676154
1317401007.660983086 41.652451840 -253.218330213 10.490611208 -0.000452342 -0.013054116 -0.458946241 0.888368017
1317401007.764781713 42.195229966 -253.973152644 10.526226012 0.000873988 -0.011550385 -0.459673158 0.888012619
1317401007.868580103 42.772073219 -254.771625622 10.558538083 0.000563173 -0.011279902 -0.460690758 0.887488857
1317401007.972403049 43.320127230 -255.558667218 10.601189633 0.000270064 -0.013084300 -0.462144447 0.886708091
1317401008.076275110 43.887342033 -256.341804261 10.650180632 -0.001832211 -0.015824542 -0.464397661 0.885483506
1317401008.180145264 44.427219472 -257.129579574 10.668374038 -0.004858895 -0.016351548 -0.467309374 0.883929277
1317401008.284015894 44.966927232 -257.902954267 10.710763753 -0.007425906 -0.015033618 -0.469810871 0.882607836
1317401008.387861967 45.510897897 -258.693973411 10.737097676 -0.006916930 -0.013136059 -0.471657456 0.881656874
1317401008.491708279 46.058763289 -259.480883366 10.791234795 -0.006075381 -0.012275552 -0.473145756 0.880877684
1317401008.595555067 46.587222833 -260.264374221 10.837038641 -0.006229051 -0.012099687 -0.474621213 0.880084940
1317401008.699377060 47.113864121 -261.050627424 10.864573827 -0.007336131 -0.011625956 -0.476015313 0.879329540
1317401008.803177118 47.630532645 -261.829886216 10.894595798 -0.006896539 -0.011378646 -0.477011919 0.878796105
1317401008.906977892 48.145461668 -262.620878530 10.946940191 -0.005659821 -0.012381841 -0.477959490 0.878276370
1317401009.010776043 48.660820158 -263.419007790 10.987633038 -0.004923534 -0.014198371 -0.478906398 0.877737334
1317401009.114550114 49.184485391 -264.212458789 11.019530289 -0.003777985 -0.014383482 -0.479215705 0.877571165
1317401009.218348980 49.694349258 -265.008337144 11.051290910 -0.001027303 -0.013497623 -0.479113685 0.877648469
1317401009.322146893 50.214062405 -265.800409163 11.095348735 0.001418031 -0.012882439 -0.479133234 0.877646498
1317401009.425921679 50.739524740 -266.604320894 11.145145159 0.001885192 -0.011901762 -0.479147746 0.877651544
1317401009.529700041 51.246001231 -267.394855017 11.162743871 0.001703764 -0.011433804 -0.479513973 0.877458098
1317401009.633497000 51.768301334 -268.185761348 11.194604342 0.001480245 -0.011523092 -0.479977857 0.877203673
1317401009.737340927 52.288802090 -268.987821732 11.236230824 0.000468240 -0.012407505 -0.480719374 0.876786586
1317401009.841188908 52.790998779 -269.759591344 11.260246117 -0.001111339 -0.012605789 -0.481528695 0.876338961
1317401009.945010900 53.309673485 -270.568052107 11.280577545 0.000117762 -0.012479645 -0.482361150 0.875883534
1317401010.048831940 53.814438344 -271.368230108 11.318544300 0.002720961 -0.012068434 -0.482854840 0.875613015
1317401010.152682066 54.325433973 -272.157779638 11.349380933 0.004519015 -0.012828847 -0.483572769 0.875198478
1317401010.256529093 54.820407256 -272.952393921 11.381235598 0.005195601 -0.013837574 -0.484104929 0.874885104
1317401010.360351086 55.330567738 -273.749096511 11.417514086 0.005618698 -0.015430760 -0.484619995 0.874570628
1317401010.464173079 55.829169485 -274.545642955 11.460097015 0.004357333 -0.016772494 -0.485004102 0.874340161
1317401010.567994118 56.333744864 -275.333975408 11.487369091 0.003649331 -0.017776595 -0.485522513 0.874035791
1317401010.671817064 56.809863211 -276.106909615 11.519616075 0.004492900 -0.017506142 -0.486062649 0.873737060
1317401010.775671005 57.298374854 -276.894834696 11.547724928 0.006413895 -0.016031530 -0.486478419 0.873521952
1317401010.879517078 57.787371274 -277.663089015 11.590234775 0.008896530 -0.015887492 -0.486681647 0.873389612
1317401010.983335018 58.258201387 -278.428452566 11.627004142 0.011002536 -0.017092252 -0.486965461 0.873184653
1317401011.087157011 58.726499772 -279.183399507 11.667069965 0.011932740 -0.018088990 -0.486917194 0.873179274
1317401011.190979004 59.187683789 -279.924118384 11.698666686 0.012537977 -0.018762501 -0.486915064 0.873157768
1317401011.294826031 59.640840292 -280.639025661 11.730556347 0.012631966 -0.018435139 -0.486459825 0.873417092
1317401011.398672104 60.110386486 -281.370555363 11.755386233 0.014141168 -0.016888331 -0.485369919 0.874031380
1317401011.502473116 60.531244655 -282.040782487 11.795984709 0.016222818 -0.015891613 -0.483972973 0.874788225
1317401011.606247902 60.966844077 -282.727052597 11.820463662 0.017544245 -0.015715275 -0.482309635 0.875684102
1317401011.710020065 61.391545902 -283.381964912 11.858547083 0.016844889 -0.017292430 -0.479655269 0.877124874
1317401011.813819885 61.812352104 -284.031035082 11.884769516 0.015320687 -0.019371816 -0.476831926 0.878647440
1317401011.917619944 62.211141365 -284.621097401 11.897175362 0.013723516 -0.019811195 -0.473798388 0.880303510
1317401012.021419048 62.599838491 -285.213374946 11.917187361 0.012245767 -0.018729067 -0.471363301 0.881655206
1317401012.125289917 62.988221184 -285.774789455 11.950065936 0.010910183 -0.018182627 -0.469686526 0.882578567
1317401012.229232073 63.361472652 -286.338217559 11.976708101 0.009095061 -0.018086156 -0.469355462 0.882777221
1317401012.333245039 63.719982302 -286.868532008 12.004752995 0.005962312 -0.017870170 -0.472128519 0.881328412
1317401012.437356949 64.075848991 -287.415264827 12.022864014 0.003825049 -0.017815594 -0.476526983 0.878970994
1317401012.541516066 64.430753961 -287.943522316 12.038081393 0.004537720 -0.017094466 -0.483723029 0.875042410
1317401012.645699024 64.753342573 -288.475237283 12.066571138 0.007466893 -0.015395415 -0.491470030 0.870726385
1317401012.749932051 65.066822046 -289.010380330 12.091584818 0.009754254 -0.013292294 -0.501691304 0.864889591
1317401012.854211092 65.374704075 -289.538405535 12.120469133 0.011094461 -0.012156646 -0.513384195 0.858001047
1317401012.958512068 65.639871144 -290.027693390 12.136808707 0.012090250 -0.011868088 -0.527459193 0.849411428
1317401013.062791824 65.902244811 -290.546304887 12.157596408 0.013014130 -0.013402433 -0.541085074 0.840760340
1317401013.167021036 66.146510555 -291.045181116 12.169831997 0.013305753 -0.017195365 -0.554559432 0.831860032
1317401013.271224976 66.324145560 -291.525939609 12.185308508 0.012491215 -0.022316257 -0.568004045 0.822628324
1317401013.375407934 66.526184816 -292.018227598 12.201751635 0.011257677 -0.025685438 -0.581322368 0.813189908
1317401013.479496002 66.707278023 -292.537668609 12.212715975 0.011156442 -0.026462555 -0.592830804 0.804814826
1317401013.583488941 66.867812364 -293.049628066 12.222934923 0.012730304 -0.026981898 -0.601617997 0.798226599
1317401013.687383890 67.026806590 -293.576228727 12.249184286 0.016138764 -0.027402323 -0.608129553 0.793200542
1317401013.791182995 67.148367971 -294.075773117 12.276630508 0.020098553 -0.027303516 -0.611468635 0.790542013
1317401013.894910097 67.290963954 -294.574852315 12.302015727 0.021952006 -0.025821391 -0.613017002 0.789342461
1317401013.998589039 67.413402169 -295.076164265 12.323535631 0.021182294 -0.024390003 -0.612194280 0.790047215
1317401014.102243900 67.550476842 -295.558716225 12.335890710 0.019232243 -0.022372121 -0.609575106 0.792179146
1317401014.205898046 67.689390985 -296.042820800 12.346359404 0.018317715 -0.020135246 -0.606124824 0.794903598
1317401014.309600115 67.826968605 -296.529710361 12.354444620 0.017683007 -0.017597050 -0.601731657 0.798308630
1317401014.413327217 67.980765759 -297.008126012 12.368866379 0.017971247 -0.016702639 -0.597238875 0.801688083
1317401014.517076969 68.122921498 -297.492611019 12.379472371 0.018756997 -0.016930026 -0.592198344 0.805395971
1317401014.620826960 68.280988241 -297.979834228 12.394267754 0.019826323 -0.017122999 -0.587252461 0.808979769
1317401014.724554062 68.448758810 -298.476333791 12.403574285 0.019628123 -0.016942826 -0.582077654 0.812719683
1317401014.828279972 68.633523944 -298.977238660 12.417156764 0.018182413 -0.016109255 -0.576370267 0.816827526
1317401014.932008028 68.834535986 -299.474686270 12.409182012 0.017493037 -0.016076172 -0.569712573 0.821500538
1317401015.035712004 69.024109693 -299.975399755 12.426024913 0.018323529 -0.018398130 -0.562306656 0.826521011
1317401015.139436007 69.240518630 -300.472638849 12.438569013 0.019259277 -0.021079461 -0.554885195 0.831436802
1317401015.243185997 69.460928592 -300.973559731 12.448464064 0.019940344 -0.022059960 -0.546913424 0.836660892
1317401015.346915007 69.684684245 -301.507151593 12.463304114 0.019081505 -0.021826958 -0.539051480 0.841773712
1317401015.450640917 69.931239497 -302.032913031 12.470924356 0.018323922 -0.022324621 -0.530395936 0.847257928
1317401015.554370165 70.219127335 -302.543968383 12.478655640 0.019015220 -0.022736252 -0.522112936 0.852361171
1317401015.658119917 70.471750081 -303.077014747 12.507240515 0.020258149 -0.022727733 -0.513314450 0.857660383
1317401015.761892080 70.784584273 -303.613469105 12.526595291 0.019766230 -0.023227071 -0.505046373 0.862553164
1317401015.865668058 71.066307834 -304.148028352 12.541807447 0.018441279 -0.023317129 -0.496165871 0.867718652
1317401015.969440937 71.392957743 -304.686624368 12.561844540 0.016765270 -0.022292049 -0.488330520 0.872212872
1317401016.073238134 71.734034771 -305.227034854 12.568213501 0.015796659 -0.020996051 -0.481309298 0.876156945
1317401016.177038908 72.089945898 -305.770455792 12.589157590 0.016016783 -0.020468272 -0.474154990 0.880057701
1317401016.280862093 72.449166005 -306.341417036 12.608971998 0.016480642 -0.020051539 -0.466831497 0.883965315
1317401016.384708881 72.848216274 -306.897195902 12.641095169 0.015957060 -0.019580089 -0.459996956 0.887561149
1317401016.488508940 73.250755679 -307.461019845 12.655184644 0.014194310 -0.020036440 -0.452305126 0.891525174
1317401016.592305899 73.691787085 -308.034301534 12.672269280 0.012813436 -0.020712106 -0.444903097 0.895247485
1317401016.696105003 74.124186237 -308.598814631 12.690353905 0.012548615 -0.020286222 -0.436709251 0.899286401
1317401016.799881935 74.579947663 -309.168257823 12.712183426 0.012371091 -0.019464489 -0.429202356 0.902913854
1317401016.903677940 75.070605520 -309.747324401 12.750982438 0.011775389 -0.018670700 -0.421419922 0.906596930
1317401017.007475853 75.563404115 -310.327247023 12.766583834 0.009537820 -0.017780952 -0.412933659 0.910537567
1317401017.111252069 76.075967101 -310.881892186 12.788803620 0.006724940 -0.016724330 -0.403986592 0.914587287
1317401017.215049982 76.619727276 -311.458066039 12.803676169 0.004338256 -0.015044089 -0.395077335 0.918514428
1317401017.318850040 77.171337636 -312.027727153 12.831512641 0.003038875 -0.013178142 -0.386226236 0.922304937
1317401017.422648907 77.744197444 -312.587957632 12.855641013 -0.000029682 -0.012802285 -0.377627915 0.925868921
1317401017.526448011 78.341164476 -313.167342476 12.877446180 -0.003087693 -0.013988369 -0.369660092 0.929056623
1317401017.630247116 78.953771400 -313.726961832 12.900309673 -0.004990108 -0.015101384 -0.360863110 0.932483170
1317401017.734093904 79.599889401 -314.297888170 12.926138184 -0.005672379 -0.014961036 -0.352368569 0.935724523
1317401017.837939024 80.227844771 -314.832021309 12.953504888 -0.006084863 -0.013957708 -0.343907920 0.938879918
1317401017.941785097 80.897678882 -315.404303342 12.978257425 -0.004705255 -0.013222399 -0.336362438 0.941628026
1317401018.045681000 81.587455660 -315.954757350 13.029141181 -0.003101880 -0.014394851 -0.329640208 0.943991790
1317401018.149600983 82.302403974 -316.525442815 13.059742796 -0.002341281 -0.016413827 -0.323143673 0.946204667
1317401018.253519058 83.036917948 -317.086351919 13.084189466 -0.003175354 -0.016682081 -0.317063113 0.948252397
1317401018.357438326 83.760785042 -317.641086425 13.111239173 -0.000648188 -0.016634718 -0.310702138 0.950361535
1317401018.461380959 84.510841809 -318.185415446 13.153564837 0.002944304 -0.017809125 -0.304909938 0.952210111
1317401018.565372944 85.292827653 -318.756393261 13.212089438 0.003846981 -0.021769524 -0.300561602 0.953506168
1317401018.669388056 86.029113892 -319.300377065 13.246896540 0.001259289 -0.024752279 -0.296184103 0.954809256
1317401018.773423910 86.868629813 -319.829795662 13.263560479 0.001532852 -0.023159904 -0.295238224 0.955141696
1317401018.877511024 87.620258332 -320.371477666 13.297237493 0.004031942 -0.018467292 -0.293442931 0.955789699
1317401018.981599092 88.525373782 -320.990597337 13.365148374 0.009137965 -0.016168145 -0.292861267 0.955974564
1317401019.085635900 89.348004496 -321.537619853 13.415410591 0.013052300 -0.016122115 -0.292147805 0.956148197
1317401019.189625740 90.186121078 -322.093697025 13.440889814 0.016881725 -0.016815530 -0.291652912 0.956227392
1317401019.293595076 91.017665838 -322.644161305 13.493355475 0.020026614 -0.018492065 -0.290192541 0.956579985
1317401019.397537947 91.831161901 -323.178899794 13.522388616 0.020256865 -0.020422166 -0.288372208 0.957086237
1317401019.501456976 92.716795127 -323.763778113 13.562718764 0.020066835 -0.022247554 -0.286285741 0.957675750
1317401019.605400085 93.645692653 -324.355631008 13.600338990 0.016792920 -0.022208612 -0.284957773 0.958135608
1317401019.709342003 94.471363792 -324.884680185 13.633620323 0.015857656 -0.019947521 -0.284361003 0.958378553
1317401019.813285112 95.367522091 -325.460818242 13.663110515 0.015735532 -0.014506134 -0.283186699 0.958825979
1317401019.917227030 96.301388682 -326.052925846 13.705027365 0.017757785 -0.009788279 -0.281646152 0.959304069
1317401020.021147251 97.160556586 -326.602117371 13.753509814 0.020811820 -0.010788676 -0.280211838 0.959651915
1317401020.125067949 98.037009160 -327.181401500 13.783264999 0.023160309 -0.013504536 -0.279317254 0.959824515
1317401020.228960991 98.939533282 -327.749453732 13.800800045 0.024435252 -0.014922749 -0.277273603 0.960364295
1317401020.332854986 99.851892866 -328.325227686 13.831190356 0.025521496 -0.015534784 -0.276722854 0.960485183
1317401020.436773777 100.705510063 -328.865919889 13.866200638 0.026563260 -0.016874997 -0.275066072 0.960910133
1317401020.540666103 101.584932928 -329.414678469 13.891755460 0.027224335 -0.017741889 -0.273939581 0.961197777
1317401020.644560099 102.448528605 -329.952032423 13.918889576 0.028115305 -0.016605691 -0.272716301 0.961540223
1317401020.748456955 103.290484875 -330.482758832 13.942738957 0.031074359 -0.014106953 -0.271550461 0.961818967
1317401020.852303982 104.183747642 -331.021143004 13.987165639 0.033742755 -0.014176649 -0.269938447 0.962181731
1317401020.956149101 105.074997727 -331.555207564 14.034254404 0.033910357 -0.017886256 -0.268426727 0.962536889
1317401021.060020924 105.960159264 -332.091174908 14.059907757 0.029259445 -0.022465630 -0.267083078 0.962967190
1317401021.163893938 106.820803277 -332.586720685 14.077178391 0.024443037 -0.023209166 -0.265969455 0.963391987
1317401021.267763853 107.701064486 -333.113473783 14.095145349 0.023036046 -0.020163427 -0.265099292 0.963734996
1317401021.371634960 108.596494777 -333.641960420 14.146849275 0.023547224 -0.015991150 -0.263926446 0.964122732
1317401021.475506067 109.467473311 -334.145504363 14.180637205 0.023891781 -0.012934143 -0.262606794 0.964520380
1317401021.579377890 110.347299844 -334.653643981 14.221932912 0.026356269 -0.013127637 -0.261474990 0.964761028
1317401021.683271885 111.222875776 -335.164513309 14.260564636 0.025319930 -0.015613542 -0.259877465 0.965183310
1317401021.787189007 112.108952144 -335.676892817 14.299844414 0.023561849 -0.020530615 -0.259160449 0.965328542
1317401021.891083002 112.965271904 -336.172372242 14.329678793 0.019311505 -0.024302618 -0.258446021 0.965526852
1317401021.994980097 113.863760347 -336.675371944 14.352275016 0.016588501 -0.024581793 -0.258216554 0.965631798
1317401022.098897934 114.729419807 -337.154029528 14.372905137 0.012156717 -0.019690427 -0.257971294 0.965875413
1317401022.202816010 115.597932077 -337.644821348 14.415405644 0.013273403 -0.014717837 -0.257439403 0.966091174
1317401022.306734085 116.476552559 -338.142710768 14.474159787 0.014767020 -0.012197248 -0.256628543 0.966320316
1317401022.410650969 117.346955752 -338.635932368 14.525872082 0.015414557 -0.013828052 -0.255949760 0.966468260
1317401022.514547110 118.223364973 -339.126527080 14.562254818 0.012342758 -0.016127852 -0.255352080 0.966634814
1317401022.618443012 119.072009494 -339.599958025 14.580912967 0.011489385 -0.017175548 -0.254444158 0.966866674
1317401022.722334862 119.954220153 -340.099415466 14.610126490 0.010995705 -0.015329751 -0.253796371 0.967073676
1317401022.826208115 120.828094104 -340.583523388 14.648240212 0.012039204 -0.013054872 -0.253314651 0.967220924
1317401022.930079937 121.693061864 -341.074254484 14.690667387 0.014058323 -0.013072160 -0.252689647 0.967356927
1317401023.033925056 122.555346750 -341.552331929 14.729110202 0.014986148 -0.014668480 -0.251425092 0.967649562
1317401023.137748957 123.412921312 -342.031566408 14.761533994 0.014064837 -0.015152328 -0.250719272 0.967839054
1317401023.241595984 124.287645792 -342.511814588 14.778393285 0.013780712 -0.014083774 -0.249920500 0.968065846
1317401023.345441103 125.142017706 -342.979336588 14.821414382 0.012927595 -0.012666952 -0.249322985 0.968251246
1317401023.449261904 126.004014713 -343.437282978 14.857759516 0.011169137 -0.012532432 -0.249286291 0.968284325
1317401023.553064108 126.857332613 -343.891531311 14.887547771 0.009381433 -0.013150396 -0.248884685 0.968398404
1317401023.656863928 127.709803726 -344.349469956 14.907819980 0.008984600 -0.013581280 -0.248598382 0.968469757
1317401023.760660887 128.565831521 -344.813876268 14.955979048 0.007747280 -0.013702887 -0.248324514 0.968548990
1317401023.864435911 129.416470057 -345.276217804 14.964430598 0.004608768 -0.011561145 -0.248215550 0.968624871
1317401023.968235016 130.285216462 -345.739914456 15.002764447 0.006817023 -0.008933512 -0.248376035 0.968598506
1317401024.072033882 131.123906575 -346.195595609 15.044414735 0.008207017 -0.007829256 -0.248466609 0.968574051
1317401024.175807953 131.981658477 -346.661520385 15.080976855 0.008695482 -0.008544044 -0.248690800 0.968506208
1317401024.279583931 132.794040215 -347.098077929 15.101675015 0.007025339 -0.009647765 -0.248798530 0.968481728
1317401024.383359909 133.657358517 -347.573469139 15.115254939 0.005475473 -0.008577444 -0.248599593 0.968552884
1317401024.487133026 134.505263815 -348.029704150 15.152140394 0.001895939 -0.005822845 -0.248638306 0.968577045
1317401024.590907097 135.342987542 -348.476678582 15.161020900 0.001646979 -0.004038071 -0.249141482 0.968457280
1317401024.694680929 136.172887199 -348.917428867 15.193265750 -0.000895064 -0.003570161 -0.249190854 0.968447402
1317401024.798487902 137.009547212 -349.364496300 15.218448518 -0.004823009 -0.005221273 -0.249163872 0.968435254
1317401024.902287006 137.822673811 -349.799093502 15.236299412 -0.007890545 -0.006670589 -0.248964296 0.968457548
1317401025.006078959 138.652381709 -350.249132167 15.237711488 -0.006540625 -0.006420456 -0.248640043 0.968552594
1317401025.109875917 139.472145117 -350.694289675 15.280436828 -0.007506768 -0.004319538 -0.248858242 0.968501195
1317401025.213674068 140.296874602 -351.128641441 15.301410620 -0.008270537 -0.001839206 -0.248960843 0.968476491
1317401025.317521811 141.106589459 -351.568593020 15.321767133 -0.010566818 0.000332146 -0.249616262 0.968287124
1317401025.421392918 141.899045822 -351.988505208 15.350924634 -0.010386947 0.000626320 -0.250840436 0.967972518
1317401025.525262117 142.698352667 -352.425428102 15.384287907 -0.010764973 -0.001743562 -0.252423329 0.967555444
1317401025.629111052 143.466558737 -352.848094263 15.392918053 -0.012881989 -0.003401387 -0.253493772 0.967245260
1317401025.732959032 144.235352995 -353.267813599 15.410599165 -0.018404737 -0.001911648 -0.254589102 0.966872277
1317401025.836806059 144.972968816 -353.672141150 15.403517511 -0.019670080 0.001522618 -0.255668616 0.966563153
1317401025.940654039 145.707053651 -354.072254769 15.441188782 -0.018579016 0.003713705 -0.257113647 0.966195426
1317401026.044523954 146.430198137 -354.473552224 15.474553519 -0.019547079 0.002413542 -0.258590436 0.965786246
1317401026.148391962 147.140392474 -354.862137461 15.492771498 -0.020894003 -0.000320908 -0.260460924 0.965258227
1317401026.252280951 147.866354989 -355.281381489 15.509838239 -0.026096201 -0.001447630 -0.262744028 0.964511518
1317401026.356200933 148.565723846 -355.673345010 15.521137418 -0.024444164 -0.002442631 -0.265430473 0.963816985
1317401026.460171938 149.246786490 -356.086836617 15.543869115 -0.024439101 -0.001927399 -0.269867750 0.962585276
1317401026.564187050 149.901001864 -356.485002161 15.559620216 -0.023034846 -0.000323329 -0.275080496 0.961145157
1317401026.668203115 150.564989598 -356.891159852 15.591277535 -0.020677150 0.000834943 -0.281250931 0.959411107
1317401026.772239923 151.213877402 -357.299644705 15.603243047 -0.019055300 0.002181634 -0.287828437 0.957489910
1317401026.876277924 151.831504061 -357.706393278 15.636494452 -0.014104729 -0.000428944 -0.294051241 0.955685482
1317401026.980293036 152.481443609 -358.146862268 15.670117384 -0.011213482 -0.003721676 -0.300074961 0.953842453
1317401027.084307909 153.005721998 -358.524833085 15.685961110 -0.010392491 -0.005775616 -0.305758683 0.952034803
1317401027.188301086 153.644572922 -358.970553231 15.707564719 -0.010141649 -0.005673780 -0.311218798 0.950267234
1317401027.292243004 154.194972828 -359.370549427 15.727193860 -0.009829702 -0.003606319 -0.315870880 0.948744411
1317401027.396181107 154.809417891 -359.825772577 15.735827655 -0.007075414 -0.000841901 -0.320465490 0.947233392
1317401027.500124931 155.322634164 -360.224639701 15.765489727 -0.002345257 -0.000359270 -0.324871081 0.945755334
1317401027.604022980 155.830622522 -360.620435519 15.787447901 -0.001476954 -0.000927370 -0.328542761 0.944487487
1317401027.707894087 156.388035539 -361.060931188 15.815119165 0.001683066 -0.002655761 -0.331885836 0.943314320
1317401027.811764002 156.878591626 -361.434801030 15.820534008 0.002286474 -0.002938196 -0.334003496 0.942564483
1317401027.915610075 157.408602720 -361.851943984 15.852491600 0.007900959 -0.003310733 -0.334959648 0.942193530
1317401028.019412041 157.830496755 -362.225925127 15.850419259 0.013018640 -0.001740215 -0.335909486 0.941802689
1317401028.123186111 158.327623337 -362.608601568 15.871739064 0.015296275 -0.001150045 -0.335017761 0.942086939
1317401028.226934671 158.756954446 -362.965352410 15.889677284 0.015801343 -0.001273212 -0.334849891 0.942138125
1317401028.330686092 159.206340597 -363.310552130 15.892666096 0.016370441 -0.001512673 -0.333956924 0.942444955
1317401028.434437990 159.598557040 -363.651632783 15.901134183 0.017924101 -0.002142202 -0.333200459 0.942683187
1317401028.538187981 159.992364444 -363.969216863 15.904931976 0.018347836 -0.003131501 -0.332033965 0.943083770
1317401028.641961098 160.404941471 -364.288955883 15.920995215 0.018270662 -0.004292414 -0.330517709 0.943613163
1317401028.745738029 160.732949635 -364.563442451 15.921825055 0.018420806 -0.005119488 -0.329728124 0.943882317
1317401028.849510908 161.106071324 -364.851223130 15.933925929 0.019069683 -0.006285882 -0.328130716 0.944418905
1317401028.953284979 161.492272306 -365.177248102 15.946263771 0.020141832 -0.007705362 -0.327124387 0.944735185
1317401029.057086945 161.823980025 -365.402208457 15.948354104 0.019583442 -0.008806281 -0.325420066 0.945325721
1317401029.160883904 162.150279440 -365.641305942 15.954724185 0.020078575 -0.008750452 -0.323476616 0.945982642
1317401029.264683008 162.433347360 -365.876756327 15.953281293 0.020292496 -0.008652151 -0.322373563 0.946355452
1317401029.368480921 162.779076005 -366.147144604 15.968026058 0.022082058 -0.009140165 -0.321369997 0.946652082
1317401029.472255945 163.044655190 -366.397939623 15.976029005 0.023774096 -0.009415837 -0.320711667 0.946831644
1317401029.576030970 163.249143803 -366.516904930 15.988138893 0.025150533 -0.010289623 -0.317155001 0.947984325
1317401029.679780960 163.550151694 -366.719728436 16.005668733 0.026163605 -0.012044947 -0.313529413 0.949141555
1317401029.783532143 163.717808247 -366.851656753 16.010894321 0.026885145 -0.013303197 -0.309762687 0.950340619
1317401029.887283087 163.937878521 -367.017951310 16.020970234 0.027539187 -0.014395276 -0.305449774 0.951701006
1317401029.991008997 164.080598488 -367.128653154 16.022321671 0.027856336 -0.015670058 -0.300122988 0.953364917
1317401030.094734907 164.273321127 -367.233792158 16.027545496 0.027657351 -0.016618962 -0.292620832 0.955684012
1317401030.198462009 164.417699494 -367.343627751 16.029717197 0.025784759 -0.016361975 -0.285179113 0.957987633
1317401030.302213907 164.543042809 -367.435862276 16.031846408 0.025097520 -0.016058237 -0.277969042 0.960127835
1317401030.405965090 164.683820357 -367.517010294 16.031841209 0.024512116 -0.015697053 -0.270950773 0.962153022
1317401030.509721994 164.792501448 -367.583716824 16.035218587 0.024158168 -0.015455294 -0.263903063 0.964122757
1317401030.613497019 164.913437877 -367.674525599 16.035863432 0.023826746 -0.015514860 -0.256282641 0.966183618
1317401030.717237949 165.028935537 -367.728450534 16.039084712 0.023872442 -0.015931839 -0.247911720 0.968357404
1317401030.820991039 165.161075403 -367.797834476 16.049680189 0.023793285 -0.015893646 -0.238737392 0.970662521
1317401030.924767017 165.299135060 -367.863322503 16.055774202 0.021996191 -0.015227150 -0.229221431 0.973006597
1317401031.028541088 165.389674915 -367.911101842 16.061638559 0.020064667 -0.014319942 -0.220535212 0.975067469
1317401031.132314920 165.559597600 -367.971212767 16.066686160 0.017952903 -0.013296319 -0.210758753 0.977282789
1317401031.236088037 165.675926400 -368.028290017 16.070062007 0.017509845 -0.013038705 -0.201261921 0.979294152
1317401031.339862108 165.786653522 -368.064464129 16.075637403 0.017439569 -0.013543704 -0.191826344 0.981180454
1317401031.443639040 165.880089309 -368.116710112 16.082596171 0.017084588 -0.014287691 -0.181749326 0.983092651
1317401031.547415018 166.059582809 -368.166920571 16.094850239 0.015014284 -0.014170679 -0.169899650 0.985245082
1317401031.651165009 166.221612559 -368.209300058 16.094200947 0.012562501 -0.013746851 -0.158300109 0.987215419
1317401031.754890919 166.330126970 -368.275813201 16.090703427 0.011320041 -0.012932319 -0.146783625 0.989019302
1317401031.858592987 166.567735306 -368.308873741 16.097208507 0.011413399 -0.011747486 -0.131612476 0.991165923
1317401031.962272882 166.725682916 -368.351298204 16.113669323 0.013054845 -0.010666820 -0.117352243 0.992947250
1317401032.065953016 166.918659031 -368.410978541 16.127386233 0.013075997 -0.009789850 -0.102295947 0.994619885
1317401032.169631958 167.149979990 -368.441117104 16.135756030 0.011539225 -0.008691886 -0.085075019 0.996269812
1317401032.273336887 167.381565834 -368.470298366 16.127929848 0.010411532 -0.007314935 -0.067321538 0.997650190
1317401032.377037048 167.652221632 -368.519056723 16.141545733 0.010059224 -0.006329646 -0.049207847 0.998717846
1317401032.480714083 167.895292821 -368.534818504 16.145750636 0.009091245 -0.005784562 -0.029889596 0.999495123
1317401032.584368944 168.210611228 -368.532028240 16.157746133 0.008144923 -0.004893688 -0.008398403 0.999919586
1317401032.688024044 168.498594857 -368.541154150 16.153960724 0.008041640 -0.004507647 0.013235191 0.999869913
1317401032.791677952 168.808986263 -368.507743040 16.169651393 0.008923666 -0.004841497 0.037014424 0.999263159
1317401032.895330906 169.148437464 -368.446694690 16.172481754 0.009767923 -0.004650371 0.061505916 0.998048087
1317401032.999010086 169.464589593 -368.432627855 16.169505778 0.010120289 -0.004322365 0.085153788 0.996307046
1317401033.102691889 169.833946653 -368.355033470 16.177473493 0.011396006 -0.004469092 0.109647855 0.993895118
1317401033.206346989 170.187884303 -368.271279901 16.180558332 0.012390064 -0.004324072 0.135122032 0.990742058
1317401033.310000896 170.559145714 -368.185046158 16.191949964 0.013266957 -0.003442510 0.160753057 0.986899484
1317401033.413703918 170.942586182 -368.038543863 16.197046473 0.013496466 -0.003107713 0.186689128 0.982321412
1317401033.517457008 171.322458312 -367.904129957 16.206281389 0.014433850 -0.002955245 0.212595418 0.977029231
1317401033.621232986 171.725241392 -367.713233794 16.215903964 0.015195536 -0.002527967 0.237906746 0.971165838
1317401033.725028753 172.105323827 -367.516772155 16.211138177 0.015762522 -0.001983969 0.261628201 0.965037974
1317401033.828852892 172.516506672 -367.269370705 16.227507341 0.017143974 -0.000726938 0.284283452 0.958586707
1317401033.932698011 172.900940624 -367.009219362 16.235059815 0.018003569 0.001062007 0.305994267 0.951862518
1317401034.036569118 173.349361057 -366.695642421 16.244520548 0.017765837 0.001975578 0.327531653 0.944671101
1317401034.140464783 173.728550561 -366.339933618 16.251529411 0.015920897 0.001999429 0.346722355 0.937830547
1317401034.244455099 174.115714119 -366.014367061 16.249268106 0.012960087 0.001296933 0.362741031 0.931798958
1317401034.348567009 174.571623652 -365.628694730 16.250797205 0.010663063 0.000557659 0.376566292 0.926328136
1317401034.452725649 174.994603932 -365.197470495 16.254174783 0.009825490 -0.000906453 0.386844878 0.922092012
1317401034.556907892 175.369204436 -364.737498873 16.259255649 0.009935092 -0.002032893 0.394182125 0.918976395
1317401034.661089897 175.822078943 -364.273315098 16.260256285 0.010077767 -0.003313798 0.402318448 0.915438323
1317401034.765252113 176.251255646 -363.762302035 16.275386878 0.011060149 -0.004315260 0.409387195 0.912283495
1317401034.869400024 176.735861318 -363.215583977 16.278472153 0.011314673 -0.004469576 0.416957932 0.908844367
1317401034.973558903 177.241930721 -362.650135220 16.294855550 0.011387871 -0.004347467 0.423010137 0.906042957
1317401035.077750921 177.674102251 -362.117051753 16.306389113 0.010929575 -0.004411834 0.428396417 0.903514023
1317401035.181931973 178.210286090 -361.481913369 16.325036501 0.010273768 -0.004178563 0.432235484 0.901692562
1317401035.286113977 178.683134177 -360.890494744 16.337078927 0.009547733 -0.004358716 0.435524209 0.900115829
1317401035.390320063 179.183288783 -360.273008150 16.351975549 0.009437714 -0.003915529 0.437732654 0.899047119
1317401035.494528055 179.695928385 -359.603959115 16.368717622 0.008977108 -0.003653057 0.439191159 0.898341356
1317401035.598733902 180.214024783 -358.949292053 16.386631286 0.008299058 -0.003949548 0.440192263 0.897856502
1317401035.702918053 180.762464948 -358.220684424 16.398486650 0.007853529 -0.003945520 0.441223974 0.897353977
1317401035.807075977 181.314106191 -357.497222101 16.410757039 0.008220571 -0.003326529 0.441476733 0.897228873
1317401035.911211967 181.847234555 -356.813498442 16.427700445 0.008310246 -0.002667010 0.442300713 0.896824345
1317401036.015299082 182.394217938 -356.081458044 16.439554033 0.008715180 -0.002214384 0.442622503 0.896662959
1317401036.119335890 182.958824246 -355.328127481 16.459150409 0.009054012 -0.001629159 0.443833525 0.896062036
1317401036.223352909 183.553485135 -354.543075124 16.473610516 0.009024316 -0.001066170 0.445426300 0.895272493
1317401036.327373981 184.118463671 -353.771438558 16.490820933 0.008638672 -0.000440497 0.446357906 0.894812717
1317401036.431385994 184.705074142 -352.993327777 16.501672357 0.007963797 -0.000288636 0.447329518 0.894333717
1317401036.535372972 185.277660979 -352.224714284 16.522693627 0.007734035 -0.000676390 0.447721506 0.894139352
1317401036.639362097 185.883572488 -351.405051237 16.537261149 0.008178456 -0.001091931 0.448583455 0.893702862
1317401036.743375063 186.478086221 -350.603080812 16.556959047 0.008164274 -0.001062564 0.449169692 0.893408531
1317401036.847368956 187.073548220 -349.801338050 16.572776278 0.007048863 -0.000027193 0.449811038 0.893095931
1317401036.951337099 187.677503252 -348.977279685 16.585927967 0.005597062 0.001311007 0.450277079 0.892870375
1317401037.055325985 188.285784717 -348.147210583 16.607169570 0.004556135 0.002020195 0.450597744 0.892713187
1317401037.159317017 188.875859999 -347.336842741 16.623301271 0.004122379 0.002135075 0.450478390 0.892775262
1317401037.263309002 189.476650770 -346.511042700 16.635259097 0.003830413 0.002250530 0.449744073 0.893146423
1317401037.367299080 190.065118331 -345.703551694 16.650294449 0.003065961 0.002732085 0.449446596 0.893297763
1317401037.471266031 190.666513222 -344.885251879 16.656661311 0.002776309 0.003753693 0.449116472 0.893461021
1317401037.575207949 191.261008570 -344.074140148 16.672513287 0.002726743 0.003761643 0.448811224 0.893614514
1317401037.679150105 191.865972989 -343.256745058 16.685504489 0.002755599 0.002740777 0.448466036 0.893791424
1317401037.783140898 192.463571607 -342.440668342 16.699477749 0.001788238 0.001257439 0.447879100 0.894091457
1317401037.887130976 193.058010255 -341.642130690 16.700476553 0.000127757 0.000590612 0.447698311 0.894184465
1317401037.991075993 193.630898055 -340.848174033 16.715839569 -0.001768965 0.000767072 0.447489356 0.894287179
1317401038.095020056 194.223326797 -340.048227468 16.722367081 -0.004132635 0.000760880 0.447056419 0.894495892
1317401038.198961973 194.823743489 -339.228104740 16.733331610 -0.006663639 0.000062721 0.447065239 0.894476531
1317401038.302877903 195.408231162 -338.430034832 16.735388287 -0.009009597 -0.001148478 0.446764619 0.894605434
1317401038.406795979 195.984425275 -337.612964551 16.743199908 -0.010745578 -0.002418725 0.447243585 0.894344373
1317401038.510714054 196.583163868 -336.812604933 16.750883025 -0.012002490 -0.003751707 0.447422251 0.894234418
1317401038.614609003 197.157395607 -335.985767223 16.754887383 -0.013136822 -0.004419611 0.448846100 0.893501578
1317401038.718481064 197.721621486 -335.249677556 16.759157174 -0.012880726 -0.004448334 0.448983913 0.893435921
1317401038.822328091 198.289577618 -334.434579828 16.770677804 -0.013410866 -0.005776145 0.451066557 0.892370857
1317401038.926152945 198.851093342 -333.691330183 16.788870487 -0.011987943 -0.006881212 0.452619089 0.891596825
1317401039.029927015 199.378068036 -332.972526411 16.800880213 -0.010696334 -0.006238968 0.455301588 0.890251160
1317401039.133651972 199.935574659 -332.169066535 16.808199400 -0.010968908 -0.004859799 0.459429697 0.888133109
1317401039.237330914 200.432309116 -331.457990094 16.821728165 -0.011096538 -0.003773193 0.464102416 0.885704001
1317401039.340961933 200.937141862 -330.687275348 16.835570869 -0.009730820 -0.004574436 0.471110672 0.882008571
1317401039.444617987 201.438272067 -329.948652577 16.851073848 -0.008283123 -0.005490520 0.479745944 0.877351169
1317401039.548273087 201.934700641 -329.165493645 16.864678015 -0.007874664 -0.005639588 0.490261769 0.871521418
1317401039.651904106 202.354374435 -328.454485681 16.872072776 -0.009207360 -0.005517560 0.499960009 0.865981969
1317401039.755558968 202.781691262 -327.729375176 16.883709409 -0.010028522 -0.004294385 0.510744305 0.859663447
1317401039.859235048 203.204702735 -326.915122362 16.895436600 -0.011079051 -0.003313106 0.523117294 0.852182243
1317401039.962937117 203.589406052 -326.141461815 16.912339449 -0.011903412 -0.002875036 0.535419211 0.844497668
1317401040.066664934 203.933149657 -325.370459090 16.911979367 -0.011605888 -0.003890326 0.547391375 0.836787220
1317401040.170368910 204.275638762 -324.585339813 16.917033819 -0.009407298 -0.004865853 0.559858560 0.828520500
1317401040.274048090 204.554826417 -323.787390436 16.928149550 -0.007265426 -0.005759306 0.574440718 0.818493681
1317401040.377751112 204.832987075 -322.993796940 16.930734197 -0.006943399 -0.005854702 0.587909098 0.808876013
1317401040.481477976 205.105923317 -322.152774949 16.937644653 -0.009218119 -0.004705241 0.602621444 0.797960075
1317401040.585206985 205.292137495 -321.357087184 16.931412238 -0.011890635 -0.002544001 0.615201459 0.788276161
1317401040.688958883 205.486406121 -320.546777160 16.961228665 -0.014626234 -0.001772308 0.628197564 0.777914361
1317401040.792756081 205.669563653 -319.722427104 16.977458716 -0.015580839 -0.003089767 0.640523150 0.767774567
1317401040.896552086 205.826288367 -318.885644196 16.971335057 -0.014221240 -0.005658602 0.652741691 0.757425918
1317401041.000349998 205.932648387 -318.078631215 16.952898054 -0.012857128 -0.006218609 0.664580294 0.747080354
1317401041.104195118 206.026271575 -317.234550328 16.936424082 -0.012526006 -0.005886855 0.675353561 0.737364233
1317401041.208066702 206.096732633 -316.372519113 16.928720092 -0.013705695 -0.004327234 0.686053771 0.727408862
1317401041.311964273 206.124670447 -315.510001380 16.942561964 -0.015162749 -0.003036830 0.695103129 0.718743701
1317401041.415884018 206.154388306 -314.663851178 16.937356615 -0.015289990 -0.002509542 0.703663297 0.710364613
1317401041.519850016 206.183866511 -313.707558237 16.932205352 -0.014961951 -0.002670462 0.712667830 0.701336989
1317401041.623840094 206.165148344 -312.827885328 16.921647675 -0.014646174 -0.003744424 0.719521766 0.694305334
1317401041.727828979 206.117360510 -311.978018076 16.901010837 -0.015068996 -0.003730798 0.725191622 0.688372078
1317401041.831867933 206.082381484 -311.048046587 16.890601591 -0.015772682 -0.002627376 0.731299519 0.681869000
1317401041.935930967 205.969136799 -310.152924058 16.875344883 -0.014530701 -0.001336868 0.734629949 0.678311072
1317401042.039968967 205.905542625 -309.197649056 16.893741758 -0.012129979 -0.000751992 0.739212785 0.673362278
1317401042.143984079 205.841012795 -308.258202297 16.881629316 -0.010532839 -0.002259400 0.743602413 0.668535269
1317401042.248020887 205.738657534 -307.305375641 16.853769679 -0.008915611 -0.003343543 0.747214169 0.664515100
1317401042.352061033 205.629138095 -306.351792199 16.852095646 -0.008992352 -0.003488030 0.750518842 0.660778662
1317401042.456108093 205.492628785 -305.405201565 16.842088391 -0.010276950 -0.002229481 0.752962738 0.657979124
1317401042.560169935 205.353331854 -304.439745827 16.823607352 -0.012906903 -0.000245461 0.755046852 0.655543745
1317401042.664200306 205.198265411 -303.451409514 16.827440694 -0.014491137 0.001913654 0.756927495 0.653335375
1317401042.768215895 205.050832395 -302.460630406 16.810060906 -0.014315072 0.003133012 0.758318410 0.651719611
1317401042.872231007 204.905494557 -301.471582062 16.813161582 -0.013190172 0.003142288 0.759366863 0.650521416
1317401042.976246119 204.743022299 -300.447052000 16.775125465 -0.012490552 0.003701178 0.760991570 0.648630957
1317401043.080262899 204.579459047 -299.442554877 16.768931323 -0.011187204 0.005373603 0.761853282 0.647630718
1317401043.184278965 204.406740049 -298.406542904 16.741199678 -0.010686562 0.007087270 0.762465750 0.646901498
1317401043.288294077 204.230600515 -297.364337582 16.734762123 -0.009632749 0.008254516 0.762953667 0.646328689
1317401043.392308950 204.057720435 -296.312086874 16.715487230 -0.008487761 0.009179660 0.763632621 0.645529947
1317401043.496321678 203.878309839 -295.245493812 16.704408275 -0.008533055 0.009343398 0.763970240 0.645127399
1317401043.600311995 203.684738829 -294.174431785 16.678714032 -0.009617059 0.009135826 0.764188129 0.644857001
1317401043.704278946 203.487452148 -293.092881523 16.660974013 -0.010425569 0.009271792 0.764333858 0.644669757
1317401043.808247089 203.311875553 -292.001387574 16.637937339 -0.010804687 0.008758436 0.764474407 0.644504018
1317401043.912213087 203.112224720 -290.927712150 16.618426787 -0.009820693 0.008282191 0.764386250 0.644630608
1317401044.016150951 202.913396929 -289.832998867 16.598832989 -0.008632037 0.007306001 0.764970426 0.643966115
1317401044.120070934 202.708825228 -288.672739613 16.576535787 -0.007847918 0.007578185 0.765591954 0.643233971
1317401044.223993063 202.520293343 -287.543976700 16.548216731 -0.008013244 0.008604163 0.765846583 0.642915832
1317401044.327887058 202.298308861 -286.407980212 16.537566858 -0.008572972 0.009091294 0.766565439 0.642044609
1317401044.431782961 202.095771923 -285.263511214 16.521286515 -0.009563109 0.008103438 0.766653321 0.641938912
1317401044.535702944 201.884954590 -284.139176388 16.494924129 -0.010647112 0.006754817 0.766743641 0.641829572
1317401044.639596939 201.664003431 -282.989226210 16.470744981 -0.011838673 0.005571224 0.767052630 0.641450754
1317401044.743464947 201.446338059 -281.817343928 16.458249476 -0.011238492 0.005821542 0.767469704 0.640960263
1317401044.847337008 201.200128333 -280.643286714 16.445786004 -0.009867636 0.005535533 0.767731506 0.640671775
1317401044.951210022 201.002109275 -279.496906290 16.422089224 -0.008541621 0.006039099 0.767726308 0.640692505
1317401045.055079937 200.781410066 -278.349589165 16.407335075 -0.008463230 0.007389947 0.768029517 0.640315878
1317401045.158947945 200.585110200 -277.186065519 16.404498746 -0.008285927 0.009460453 0.767960603 0.640373606
1317401045.262816906 200.364214712 -276.035493884 16.381060389 -0.009799685 0.011232168 0.768061055 0.640203108
1317401045.366686106 200.133295531 -274.871949997 16.366373643 -0.012773490 0.012571773 0.768544469 0.639545297
1317401045.470551968 199.952331989 -273.718038824 16.355680376 -0.014739718 0.011530764 0.768343554 0.639763992
1317401045.574450016 199.707350302 -272.551657645 16.339712384 -0.013657788 0.009497058 0.767993486 0.640241576
1317401045.678375006 199.486455446 -271.417076290 16.309957262 -0.012896623 0.006303041 0.767839148 0.640481844
1317401045.782293081 199.255739981 -270.289026816 16.284682276 -0.012773396 0.004182610 0.767511666 0.640894054
1317401045.886209011 199.076474484 -269.182843541 16.265773627 -0.014157771 0.003254514 0.766977310 0.641509759
1317401045.990129948 198.857688922 -268.032887211 16.243090692 -0.014803930 0.004644821 0.766372159 0.642209454
1317401046.094026089 198.643909733 -266.883655869 16.232555886 -0.014924502 0.005362204 0.766139685 0.642478396
1317401046.197891951 198.414063787 -265.762791749 16.213405908 -0.013901450 0.005230740 0.766155958 0.642483024
1317401046.301739931 198.211904830 -264.608512332 16.198554911 -0.012257348 0.005363747 0.766308616 0.642333319
1317401046.405567884 198.023407637 -263.507635790 16.181764001 -0.010401991 0.007150445 0.766192014 0.642487718
1317401046.509362936 197.792723328 -262.382206878 16.155898501 -0.009802664 0.009792742 0.767010459 0.641484969
1317401046.613136053 197.596308815 -261.251398138 16.152831427 -0.008861747 0.011010510 0.767976872 0.640321609
1317401046.716891050 197.380567255 -260.128944688 16.136180938 -0.008158972 0.010604583 0.768769822 0.639385592
1317401046.820643187 197.175249429 -259.010740375 16.116823506 -0.008260490 0.010346477 0.769290327 0.638762168
1317401046.924392939 196.952207256 -257.891248382 16.092170950 -0.010760808 0.009835190 0.769872450 0.638031257
1317401047.028119087 196.736386661 -256.756482902 16.079047723 -0.011820911 0.010728359 0.770548378 0.637181580
1317401047.131867886 196.516559956 -255.655773838 16.058684471 -0.011641148 0.011617447 0.770532078 0.637189010
1317401047.235620975 196.312421699 -254.547584063 16.044122021 -0.011072021 0.011662685 0.770795103 0.636880132
1317401047.339348078 196.076920383 -253.416423460 16.020809060 -0.010116286 0.012022983 0.771210782 0.636385919
1317401047.443074703 195.859492131 -252.319251448 16.001042043 -0.007421341 0.013517797 0.771545864 0.635986770
1317401047.546823978 195.654152263 -251.195658747 15.989003296 -0.004422056 0.015376347 0.771885098 0.635560705
1317401047.650572062 195.436984973 -250.129799571 15.964710180 -0.003860751 0.016853201 0.772094961 0.635271938
1317401047.754300117 195.216643184 -248.974140352 15.945272725 -0.005061341 0.018661481 0.772099923 0.635206927
1317401047.858052969 194.998499963 -247.902745088 15.925892446 -0.007832650 0.019931786 0.772189110 0.635031772
1317401047.961853027 194.765433794 -246.770153414 15.899024944 -0.010306715 0.020012599 0.772188007 0.634995236
1317401048.065675020 194.535729772 -245.672338652 15.876584010 -0.010402350 0.019604052 0.771869582 0.635393438
1317401048.169497013 194.316061900 -244.557067012 15.851685866 -0.008710789 0.018395587 0.771553457 0.635838806
1317401048.273320913 194.106938672 -243.465049842 15.829725726 -0.006465414 0.016693771 0.771277375 0.636247379
1317401048.377144098 193.885380148 -242.371730711 15.795775676 -0.004944373 0.017023353 0.771304792 0.636219048
1317401048.480967283 193.667238032 -241.273926052 15.773103478 -0.005436021 0.018660295 0.771550477 0.635871139
1317401048.584763050 193.469234725 -240.166590497 15.751994629 -0.006530014 0.020655909 0.771209030 0.636213270
1317401048.688561916 193.239526794 -239.059244838 15.722435104 -0.007348724 0.022659357 0.771061848 0.636314526
1317401048.792361021 193.021221259 -237.923975025 15.695528397 -0.006201052 0.024544232 0.770988575 0.636345617
1317401048.896135092 192.807397170 -236.857873242 15.676824883 -0.002922854 0.025871555 0.770973671 0.636334596
1317401048.999908924 192.610443457 -235.761872474 15.657359544 0.000777925 0.026966465 0.770749080 0.636567404
1317401049.103682041 192.390508834 -234.678476994 15.617856489 0.001807017 0.027041179 0.770891024 0.636390241
1317401049.207457066 192.162149797 -233.566086419 15.594203087 0.001316083 0.028397154 0.771073359 0.636111425
1317401049.311235905 191.951524789 -232.458147648 15.569183775 -0.000109377 0.029949937 0.771290204 0.635778587
1317401049.415011883 191.723954299 -231.351585519 15.536144490 -0.002229047 0.030248123 0.771379173 0.635652620
1317401049.518784046 191.513893038 -230.260006429 15.507045767 -0.003963707 0.028948439 0.771486585 0.635574327
1317401049.622558117 191.277933459 -229.140849858 15.488302688 -0.003100994 0.027352394 0.771684722 0.635409255
1317401049.726334095 191.056241989 -228.077637415 15.453386900 -0.002290431 0.025054850 0.771816790 0.635347032
1317401049.830106020 190.833090815 -226.962174923 15.414978552 -0.004551443 0.023678849 0.772210842 0.634908664
1317401049.933881998 190.614786301 -225.849981888 15.367524004 -0.006164294 0.025938914 0.772643641 0.634279890
1317401050.037658930 190.386056117 -224.736089007 15.355080521 -0.004123513 0.027143455 0.773359861 0.633372524
1317401050.141433001 190.158744792 -223.653836049 15.341183218 0.000794999 0.025799602 0.773634387 0.633106297
1317401050.245208979 189.929985874 -222.552596794 15.298743884 0.001532284 0.023564406 0.773940123 0.632818344
1317401050.348980904 189.699857009 -221.458918928 15.254925675 -0.000681057 0.025145802 0.774179913 0.632465562
1317401050.452754021 189.471206427 -220.328895648 15.231882269 -0.002719990 0.027725641 0.774706481 0.631707020
1317401050.556555986 189.253466311 -219.236262562 15.230096132 -0.002663527 0.027076125 0.774690362 0.631755200
1317401050.660353899 189.015958778 -218.119192700 15.190102717 -0.001951889 0.024209329 0.774729218 0.631826509
1317401050.764153957 188.782532042 -217.025124248 15.158638260 -0.001174640 0.022518997 0.774432663 0.632254352
1317401050.867974043 188.545902510 -215.914190104 15.124413541 -0.001184944 0.022312167 0.774305035 0.632417959
1317401050.971795082 188.319689899 -214.808741515 15.103363936 -0.001253303 0.023293369 0.774005099 0.632749519
1317401051.075596094 188.090624329 -213.692338316 15.092809607 -0.000541926 0.024281823 0.773930661 0.632804418
1317401051.179397106 187.860690397 -212.598167658 15.062448066 0.000432751 0.024941543 0.773572451 0.633216704
1317401051.283220053 187.642358960 -211.462243699 15.039391863 -0.000001214 0.025067673 0.773588473 0.633192298
1317401051.387042046 187.419914513 -210.354212089 15.023461792 -0.001612094 0.024771665 0.773324154 0.633524679
1317401051.490888119 187.183893658 -209.244081660 14.995060326 -0.003848724 0.023989559 0.773282891 0.633595501
1317401051.594757080 186.962260981 -208.111190535 14.971308709 -0.006861486 0.022954890 0.773225294 0.633678654
1317401051.698628902 186.728249479 -206.990731758 14.936154190 -0.008525286 0.023469038 0.773069979 0.633829103
1317401051.802476883 186.496391152 -205.884825398 14.909066940 -0.009161867 0.023083015 0.772854525 0.634097088
1317401051.906300068 186.264561153 -204.799232614 14.881860051 -0.008128162 0.021929139 0.773118676 0.633830071
1317401052.010122061 186.038272684 -203.680300135 14.850238233 -0.006249969 0.020804972 0.773159396 0.633839601
1317401052.113945007 185.824602707 -202.595349293 14.825687768 -0.006583889 0.019903386 0.773139748 0.633889137
1317401052.217768908 185.587366492 -201.442369438 14.781805212 -0.007968351 0.021360754 0.773315456 0.633611418
1317401052.321589947 185.345204107 -200.337896820 14.755344848 -0.007479568 0.024331637 0.773590431 0.633174441
1317401052.425386906 185.123112102 -199.236481053 14.734918324 -0.005844484 0.024247591 0.773315627 0.633530456
1317401052.529186010 184.899131746 -198.138473324 14.705119171 -0.005004208 0.022310521 0.773450941 0.633443637
1317401052.633011103 184.672442074 -197.018083416 14.669128742 -0.004271192 0.021345593 0.773285519 0.633684172
1317401052.736810923 184.447276256 -195.945088920 14.645013751 -0.002573891 0.022261048 0.773260574 0.633692280
1317401052.840585947 184.226277589 -194.841471004 14.626160890 -0.003532681 0.022596255 0.773148408 0.633812645
1317401052.944381952 183.999284748 -193.736563372 14.591395714 -0.005649762 0.024313177 0.773203923 0.633666035
1317401053.048204899 183.775278581 -192.653073753 14.563103222 -0.006315971 0.026846784 0.772886903 0.633944156
1317401053.152028084 183.528849039 -191.539976906 14.541176182 -0.006386998 0.026207831 0.772718444 0.634175497
1317401053.255851984 183.329542948 -190.464227901 14.514232315 -0.007569765 0.022017974 0.771978702 0.635221844
1317401053.359674931 183.087784470 -189.360303017 14.470792462 -0.009882219 0.019702518 0.772011644 0.635226081
1317401053.463470936 182.880173110 -188.321128304 14.439742471 -0.009845827 0.021921086 0.771929031 0.635254355
1317401053.567246914 182.665239407 -187.226620645 14.402283906 -0.010096950 0.023494871 0.771810667 0.635337971
1317401053.671045065 182.450898695 -186.144549966 14.379088376 -0.010480995 0.022559411 0.771794101 0.635385778
1317401053.774844885 182.232739034 -185.051736957 14.346595093 -0.009148974 0.022623303 0.771540041 0.635712551
1317401053.878644943 182.020381349 -183.976628248 14.312832263 -0.007721625 0.022606794 0.771663312 0.635582443
1317401053.982467890 181.793255024 -182.884817478 14.283256417 -0.006695859 0.022281769 0.771685447 0.635578680
1317401054.086287975 181.587686889 -181.838441001 14.248917811 -0.007022503 0.022747421 0.771447671 0.635847254
1317401054.190087080 181.379909277 -180.746592395 14.222730044 -0.008749550 0.022832253 0.770961533 0.636412169
1317401054.293888092 181.162704753 -179.672044707 14.186799309 -0.010386668 0.023335843 0.770632956 0.636767149
1317401054.397686005 180.945987152 -178.590134926 14.151239959 -0.009554904 0.025025686 0.770213982 0.637222756
1317401054.501483917 180.736512599 -177.540299478 14.121913418 -0.007810170 0.026520101 0.769886422 0.637581825
1317401054.605282068 180.533718086 -176.481096126 14.085915036 -0.006592929 0.027958914 0.769881011 0.637540635
1317401054.709080935 180.340396111 -175.414013205 14.051288270 -0.006028822 0.029902818 0.769962595 0.637359456
1317401054.812927008 180.137483549 -174.334305684 14.021500569 -0.006072732 0.030962860 0.770100716 0.637141516
1317401054.916771889 179.936384440 -173.287180113 13.975578905 -0.007556152 0.031014985 0.769990520 0.637256287
1317401055.020572901 179.715598940 -172.208938255 13.934433739 -0.007207092 0.031314747 0.770283876 0.636891038
1317401055.124346972 179.512198434 -171.159668015 13.906990053 -0.005348389 0.030271707 0.770593210 0.636585519
1317401055.228122950 179.294161748 -170.090405878 13.864614261 -0.004529776 0.029136022 0.770662169 0.636561383
1317401055.331896067 179.085781270 -169.028696420 13.807596744 -0.005981277 0.030074780 0.770852748 0.636274919
1317401055.435647011 178.876999672 -167.966417316 13.781470857 -0.006762380 0.032121486 0.770990294 0.636000351
1317401055.539400101 178.674188529 -166.908832927 13.761746098 -0.005879177 0.030662180 0.771342258 0.635654298
1317401055.643173933 178.457104889 -165.852760109 13.716102560 -0.005247966 0.027294722 0.771733934 0.635337857
1317401055.746949911 178.238992687 -164.816049113 13.664125004 -0.005600984 0.026055375 0.772109043 0.634930998
1317401055.850723982 178.026177734 -163.746439788 13.621029922 -0.008920131 0.025811250 0.772254634 0.634725918
1317401055.954521894 177.805738781 -162.672173577 13.584193379 -0.010624672 0.027826600 0.772214838 0.634662935
1317401056.058344841 177.589842663 -161.608374340 13.562731283 -0.008193248 0.029700142 0.772555930 0.634198791
1317401056.162168026 177.369382885 -160.514589322 13.528225457 -0.002298682 0.029598781 0.773073966 0.633620763
1317401056.265969038 177.164639080 -159.464424872 13.502332030 0.001501102 0.026878220 0.773514479 0.633206648
1317401056.369769335 176.953666352 -158.422950107 13.454350141 0.002470571 0.025901948 0.773744178 0.632963611
1317401056.473566055 176.739715224 -157.379246382 13.430629920 -0.001794589 0.025157620 0.774000457 0.632682517
1317401056.577366114 176.513967992 -156.318879694 13.394053224 -0.006192827 0.027539391 0.774315072 0.632170388
1317401056.681164980 176.282448652 -155.259868110 13.369117083 -0.011659770 0.026720412 0.774226616 0.632236678
1317401056.784939051 176.054229107 -154.187315229 13.322912818 -0.013306065 0.026629641 0.774335880 0.632074169
1317401056.888715029 175.826341662 -153.070945581 13.303370332 -0.013332613 0.022533529 0.774537169 0.631986278
1317401056.992464066 175.586629372 -152.108314133 13.257519981 -0.011159676 0.020178531 0.774492374 0.632162836
1317401057.096215963 175.369205014 -151.041138553 13.212163056 -0.009784712 0.019337983 0.774642693 0.632027689
1317401057.199992180 175.159551111 -150.008309901 13.182225548 -0.010117537 0.020157136 0.774486318 0.632188475
1317401057.303766012 174.937156707 -148.949352566 13.151091286 -0.010739757 0.020755361 0.774337996 0.632340526
1317401057.407537937 174.726575991 -147.913261760 13.121567940 -0.011176514 0.021885199 0.774247690 0.632405438
1317401057.511312246 174.504509535 -146.868490848 13.089704680 -0.011972279 0.022459842 0.774084716 0.632570211
1317401057.615112305 174.272529542 -145.827638902 13.047945509 -0.013141987 0.021768818 0.773773970 0.632951223
1317401057.718910933 174.061156633 -144.795151441 13.034149920 -0.013428842 0.020375868 0.773300546 0.633569851
1317401057.822686911 173.856090817 -143.759691068 12.987467058 -0.013427931 0.019669470 0.773303180 0.633588979
1317401057.926459074 173.641669087 -142.714317094 12.947937086 -0.013068500 0.019758373 0.773199328 0.633720460
1317401058.030210018 173.424851260 -141.690849471 12.926620099 -0.013504912 0.018768180 0.772923082 0.634078294
1317401058.133963108 173.216602974 -140.653115586 12.877419965 -0.013719648 0.018045330 0.772994248 0.634007910
1317401058.237689018 172.999766337 -139.635005574 12.850165857 -0.013469106 0.017680345 0.772693194 0.634390429
1317401058.341414928 172.801501690 -138.624846733 12.821288739 -0.012813314 0.017795676 0.772612083 0.634499569
1317401058.445164919 172.589538139 -137.582259868 12.786965999 -0.012098638 0.019663077 0.772284397 0.634857304
1317401058.548914909 172.385135509 -136.562735656 12.750598599 -0.011595464 0.021878524 0.772338976 0.634727801
1317401058.652692080 172.188262916 -135.576053340 12.729760548 -0.010602234 0.023465406 0.772268003 0.634774841
1317401058.756467104 171.993242463 -134.592147153 12.701953595 -0.009217341 0.025011029 0.772091849 0.634951704
1317401058.860240936 171.793134703 -133.610125453 12.664423952 -0.009533638 0.024794682 0.771999637 0.635067629
1317401058.964040995 171.578004387 -132.586975074 12.636528111 -0.008918129 0.024815012 0.771953088 0.635132358
1317401059.067838907 171.388697990 -131.643420444 12.609204369 -0.008621449 0.024291731 0.771863725 0.635265277
1317401059.171636343 171.194639017 -130.660678379 12.578609001 -0.008076904 0.025138519 0.771559509 0.635608954
1317401059.275461912 170.998393446 -129.674778881 12.545252231 -0.008685642 0.025777207 0.771558501 0.635576568
1317401059.379260063 170.781102123 -128.631742540 12.513788494 -0.009234490 0.025949135 0.771480444 0.635656583
1317401059.483056068 170.599965544 -127.678707570 12.481639826 -0.009829453 0.025456083 0.771325383 0.635855740
1317401059.586877108 170.414319962 -126.705156856 12.453060808 -0.009622479 0.025686655 0.771008637 0.636233672
1317401059.690700054 170.217959207 -125.766620211 12.420818287 -0.009891787 0.025612965 0.770871771 0.636398336
1317401059.794501066 170.025434511 -124.824464427 12.393450623 -0.009152587 0.026322131 0.770731375 0.636550487
1317401059.898277998 169.846640385 -123.934871891 12.365594245 -0.009031887 0.027250549 0.770632371 0.636633004
1317401060.002051115 169.661534181 -122.970787850 12.336630291 -0.008986088 0.028828379 0.770499949 0.636724433
1317401060.105846882 169.489032578 -122.114853273 12.309880866 -0.010049304 0.029591166 0.770311647 0.636901359
1317401060.209645987 169.313109627 -121.223920830 12.284220890 -0.010663345 0.029608430 0.770224472 0.636995994
1317401060.313395023 169.141772365 -120.384672208 12.255544442 -0.010235581 0.029864770 0.770395262 0.636784476
1317401060.417099953 168.972006106 -119.562333319 12.233578143 -0.009228133 0.029712789 0.771311296 0.635697158
1317401060.520806074 168.801849678 -118.722681071 12.194440323 -0.008447965 0.029818394 0.773010923 0.633635233
1317401060.624531031 168.632095081 -117.926208345 12.170318675 -0.007674496 0.031360027 0.774987317 0.631151574
1317401060.728281021 168.484355139 -117.146948500 12.141252182 -0.008404317 0.032254155 0.777041203 0.628566628
1317401060.832057953 168.304443393 -116.337527188 12.110157720 -0.010366287 0.032186111 0.779117236 0.625965595
1317401060.935858965 168.128444834 -115.554246378 12.087483996 -0.011213788 0.031084314 0.780732591 0.623990895
1317401061.039701939 167.954646667 -114.798151564 12.058085384 -0.011238711 0.028707855 0.781459409 0.623193984
1317401061.143571854 167.767255659 -114.069982769 12.025356631 -0.011059014 0.026871159 0.781516100 0.623208010
1317401061.247467995 167.604439909 -113.351941271 11.995691801 -0.011957962 0.025826017 0.781439814 0.623331245
1317401061.351382971 167.452324917 -112.636186656 11.967590781 -0.015387751 0.025038021 0.781436125 0.623292786
1317401061.455327988 167.284126012 -111.948622504 11.945337457 -0.018822290 0.023978467 0.780812643 0.624021130
1317401061.559297085 167.138712998 -111.274015910 11.924815027 -0.021180050 0.022587378 0.779367318 0.625801725
1317401061.663311005 166.989625136 -110.604900376 11.885128055 -0.022394779 0.019681032 0.777198277 0.628549098
1317401061.767373085 166.852676847 -109.952940807 11.866183470 -0.022253584 0.015242714 0.774018492 0.632588185
1317401061.871459007 166.727268829 -109.338271815 11.826947836 -0.021368477 0.012877547 0.769970100 0.637592034
1317401061.975620031 166.622050431 -108.688790037 11.800138867 -0.020534194 0.012703422 0.764564882 0.644094334
1317401062.079849958 166.512851207 -108.058098299 11.771676665 -0.018978914 0.012756594 0.757211963 0.652768805
1317401062.184128046 166.415646772 -107.419731568 11.759267661 -0.017691504 0.010685459 0.748455321 0.662863082
1317401062.288455009 166.353271169 -106.794903962 11.739694250 -0.016680598 0.008956767 0.737589523 0.674983874
1317401062.392828941 166.300309767 -106.177144040 11.712646832 -0.017631467 0.009531609 0.724849538 0.688615587
1317401062.497252941 166.279242662 -105.504855352 11.673832780 -0.017957359 0.013430930 0.710602453 0.703236303
1317401062.601675987 166.289053583 -104.927528969 11.676255116 -0.017005911 0.019199376 0.693532634 0.719968519
1317401062.706049681 166.300193518 -104.346382072 11.679797360 -0.015343555 0.021435132 0.675093648 0.737260929
1317401062.810400963 166.348383631 -103.736341355 11.665290422 -0.013860061 0.019943971 0.656750719 0.753716545
1317401062.914705038 166.385117183 -103.129603366 11.632407366 -0.012083460 0.017599924 0.638144576 0.769620513
1317401063.018935919 166.501993561 -102.572161190 11.598053015 -0.010951416 0.016753052 0.619129357 0.785033911
1317401063.123166323 166.653343885 -101.955678177 11.598630366 -0.010010315 0.015558809 0.599651243 0.800047563
1317401063.227372885 166.804304476 -101.388029465 11.585395403 -0.010734486 0.010944623 0.579877151 0.814559682
1317401063.331506014 166.992208096 -100.750930918 11.547459031 -0.013469801 0.006113712 0.560341878 0.828129318
1317401063.435616016 167.226850022 -100.167505379 11.515860904 -0.014893833 0.004456507 0.540833902 0.840985733
1317401063.539654255 167.496119448 -99.534532262 11.507275847 -0.014770322 0.004292690 0.522675700 0.852392822
1317401063.643598080 167.775655686 -98.975337627 11.496499417 -0.014062840 0.002315454 0.505208412 0.862879676
1317401063.747520924 168.091951963 -98.362656609 11.487439472 -0.011152006 0.000029393 0.488725918 0.872366098
1317401063.851391077 168.410250452 -97.804647663 11.460974355 -0.008504776 -0.000891178 0.473696918 0.880646413
1317401063.955212116 168.768362912 -97.247630487 11.468849519 -0.005074854 0.001006839 0.459697482 0.888060503
1317401064.059035063 169.157971696 -96.683518338 11.477298500 -0.003891302 0.001881279 0.445721592 0.895161204
1317401064.162858009 169.576156490 -96.158826811 11.481552762 -0.003880583 0.002223817 0.431246371 0.902223123
1317401064.266727924 169.996969311 -95.647606688 11.468189963 -0.002609413 0.002011908 0.416966328 0.908915961
1317401064.370623350 170.441703785 -95.097721164 11.482694826 -0.000962146 0.001130049 0.401596726 0.915815411
1317401064.474517107 170.872293223 -94.577598984 11.492248208 -0.000705060 0.000096247 0.385557903 0.922683368
1317401064.578459978 171.372741544 -94.058432144 11.482213677 -0.003829890 -0.001535485 0.368704281 0.929537588
1317401064.682425737 171.894007597 -93.565914201 11.479913776 -0.004337893 -0.002029078 0.351586344 0.936143209
1317401064.786392927 172.440447984 -93.059015404 11.497773576 -0.005531116 -0.003453341 0.333720990 0.942649342
1317401064.890383005 172.976845237 -92.605633196 11.497583451 -0.005104911 -0.004857379 0.314649849 0.949181657
1317401064.994374037 173.595869202 -92.174142370 11.501115233 -0.004982400 -0.006309866 0.295330312 0.955361381
1317401065.098366022 174.187003068 -91.748594086 11.518769799 -0.005197849 -0.007839529 0.276772396 0.960889465
1317401065.202357054 174.825778152 -91.328823448 11.530841250 -0.007765474 -0.008165110 0.257936569 0.966096142
1317401065.306324005 175.487408197 -90.985614694 11.525852175 -0.008661883 -0.007299396 0.238843182 0.970992083
1317401065.410290003 176.150271119 -90.559405927 11.556731827 -0.008687958 -0.005747952 0.219973276 0.975450275
1317401065.514255762 176.865123247 -90.184892733 11.567507922 -0.008446837 -0.004663460 0.201620490 0.979416194
1317401065.618206024 177.584614782 -89.903050487 11.579909010 -0.009835175 -0.004224787 0.185162905 0.982649540
1317401065.722075939 178.348113406 -89.633778965 11.596214899 -0.011075511 -0.004502479 0.169018617 0.985540343
1317401065.825870991 179.102778762 -89.335363822 11.587959048 -0.011405717 -0.006204203 0.155422828 0.987762705
1317401065.929621935 179.865115315 -89.038236847 11.619946602 -0.007794309 -0.008006200 0.142729225 0.989698701
1317401066.033371925 180.657534464 -88.925807746 11.637396604 -0.005939488 -0.011129164 0.133180943 0.991011453
1317401066.137124062 181.474329908 -88.615949652 11.652918883 -0.006975525 -0.014046813 0.123117739 0.992268135
1317401066.240845919 182.261478334 -88.378401416 11.654176772 -0.005644856 -0.014786182 0.114706868 0.993273295
1317401066.344569921 183.052397095 -88.109452969 11.689321178 -0.003086287 -0.013389763 0.107436796 0.994116957
1317401066.448250771 183.899331860 -88.036610167 11.715315582 0.001630897 -0.009773064 0.103828707 0.994545840
1317401066.551909924 184.737373344 -87.790991728 11.758172384 0.002925391 -0.007850007 0.100911195 0.994860166
1317401066.655612946 185.591552887 -87.690224992 11.767685117 0.005278159 -0.007299707 0.099438284 0.995002956
1317401066.759315014 186.403066329 -87.478084880 11.817783052 0.005905574 -0.008236812 0.098111606 0.995123807
1317401066.863018990 187.278760494 -87.328048765 11.812837305 0.005485065 -0.009244429 0.097934334 0.995134825
1317401066.966744900 188.166577995 -87.141976807 11.847244591 0.007254699 -0.009295974 0.097559352 0.995159850
1317401067.070445061 189.031972761 -87.011663976 11.876567314 0.008235340 -0.008998242 0.098243137 0.995087683
1317401067.174123049 189.858339122 -86.741779404 11.898399344 0.006715428 -0.007613382 0.097891597 0.995145303
1317401067.277801991 190.750963135 -86.558307226 11.900235195 0.004454218 -0.004733247 0.099275036 0.995038805
1317401067.381481886 191.635691829 -86.404857153 11.932166005 0.004345407 -0.002337737 0.100626596 0.994912027
1317401067.485184908 192.520527688 -86.211537896 11.964880068 0.003157055 -0.002771805 0.101633273 0.994813062
1317401067.588936090 193.362375459 -85.967494741 11.973797523 0.001738313 -0.004864885 0.100602043 0.994913333
1317401067.692686081 194.272653343 -85.836594345 11.984055667 0.001565653 -0.005878573 0.101980410 0.994767806
1317401067.796462059 195.172769399 -85.621160188 11.997779698 0.003352212 -0.006370321 0.101699941 0.994789075
1317401067.900238991 196.067496712 -85.461568458 12.030943795 0.006094519 -0.007265647 0.102629323 0.994674464
1317401068.003989935 196.892824954 -85.197399559 12.053101144 0.006964832 -0.008337124 0.101043152 0.994822730
1317401068.107789040 197.835121219 -85.087965500 12.067053309 0.006313264 -0.008130613 0.103167708 0.994610708
1317401068.211587191 198.705858238 -84.834911907 12.088937832 0.006410803 -0.007595034 0.100973169 0.994839503
1317401068.315361977 199.714658555 -84.734303380 12.131144608 0.007208197 -0.008148771 0.103412707 0.994579032
1317401068.419161081 200.599269801 -84.509721390 12.162844892 0.008575518 -0.010521735 0.101861737 0.994705957
1317401068.522957087 201.435038589 -84.289450778 12.171970520 0.008327188 -0.011467676 0.100032547 0.994883229
1317401068.626777887 202.415160356 -84.104495617 12.198591957 0.007612184 -0.010092332 0.101336187 0.994771922
1317401068.730601072 203.338299358 -83.947100512 12.225192851 0.007809385 -0.006832022 0.100328169 0.994900294
1317401068.834424973 204.192403006 -83.752101426 12.259104579 0.007821817 -0.003812681 0.099823505 0.994967110
1317401068.938273907 205.137082940 -83.578434450 12.287608371 0.007963240 -0.001165080 0.098941145 0.995060741
1317401069.042131901 206.007529641 -83.418481438 12.311924536 0.006198988 0.000250395 0.098365783 0.995130988
1317401069.145989895 206.900959430 -83.237928468 12.338597984 0.007669038 0.000264645 0.098140482 0.995142986
1317401069.249811888 207.867889492 -83.023954305 12.358053961 0.007199748 -0.001333005 0.097391815 0.995219182
1317401069.353658915 208.655415745 -82.864314655 12.366942535 0.006663823 -0.003279552 0.096235150 0.995330917
1317401069.457505941 209.579543811 -82.679122190 12.375140178 0.005733182 -0.003910409 0.095342435 0.995420343
1317401069.561327934 210.405765162 -82.499821485 12.386755436 0.005254406 -0.003177623 0.094287052 0.995526115
1317401069.665122986 211.337165623 -82.339933156 12.405928964 0.005298183 -0.002086106 0.094953788 0.995465396
1317401069.768898010 212.285441794 -82.152965945 12.448362980 0.004456207 -0.004555197 0.095015103 0.995455435
1317401069.872700930 213.147773921 -81.961973662 12.473959433 0.004283454 -0.010052670 0.096256767 0.995296554
1317401069.976524115 213.950871858 -81.775365284 12.481692730 0.000783931 -0.015334594 0.094441253 0.995412018
1317401070.080318928 214.853549169 -81.615322211 12.474599577 -0.000036321 -0.015824713 0.095994702 0.995256045
1317401070.184113979 215.713048280 -81.429676021 12.518991909 -0.003828048 -0.013106183 0.095729486 0.995313739
1317401070.287938118 216.613702918 -81.249783743 12.538891307 -0.004041206 -0.007436889 0.097905426 0.995159730
1317401070.391766071 217.384373063 -81.097686953 12.568085639 -0.004668485 -0.003077277 0.097826695 0.995187758
1317401070.495589018 218.281125718 -80.912706246 12.621355913 -0.003051505 -0.000367057 0.098694501 0.995113033
1317401070.599437714 219.128543842 -80.743988287 12.645871971 -0.001698793 -0.000596434 0.099348654 0.995051056
1317401070.703272104 219.968048170 -80.559654698 12.664513985 -0.000338182 -0.002120600 0.100296604 0.994955265
1317401070.807105064 220.862692554 -80.378506086 12.663070098 0.000720609 -0.002814294 0.101506583 0.994830626
1317401070.910973072 221.694386133 -80.196652175 12.689347852 0.001803053 -0.002611825 0.102104906 0.994768574
1317401071.014844894 222.502640496 -80.036651398 12.688511091 0.001666308 -0.001043679 0.101652688 0.994818006
1317401071.118741989 223.386913419 -79.850728373 12.705289002 0.002307184 0.001622194 0.102870819 0.994690726
1317401071.222660065 224.215792665 -79.677916058 12.726290596 0.002267274 0.003128826 0.102915024 0.994682647
1317401071.326577902 224.971370472 -79.516697098 12.735769557 0.001550700 0.003066671 0.102095859 0.994768630
1317401071.430495977 225.893402006 -79.336777532 12.754084598 0.001432679 0.001811758 0.102107252 0.994770714
1317401071.534415007 226.730615126 -79.146580815 12.748410288 0.001227819 0.001592041 0.100908927 0.994893636
1317401071.638335943 227.545281886 -78.983622699 12.757879559 -0.000321669 0.002693173 0.100164950 0.994967148
1317401071.742232084 228.440400675 -78.789341764 12.763851573 0.000081194 0.004075649 0.099807168 0.994998448
1317401071.846126080 229.186024389 -78.624355655 12.773217363 0.000821745 0.004817828 0.100678148 0.994907043
1317401071.950042963 230.095401359 -78.449818934 12.776298416 0.002970658 0.004872011 0.100461958 0.994924537
1317401072.053961992 230.922988461 -78.278462370 12.781306284 0.003155571 0.005302829 0.100591720 0.994908653
1317401072.157882929 231.675362052 -78.117251584 12.786729578 0.004290803 0.006311727 0.101593798 0.994796688
1317401072.261801958 232.513057258 -77.938857853 12.777220027 0.005600980 0.008922378 0.101820073 0.994747050
1317401072.365719080 233.382942542 -77.758201741 12.789886586 0.007123089 0.010037577 0.102427854 0.994664287
1317401072.469638109 234.210825255 -77.605258549 12.785942702 0.008138285 0.009912570 0.101683349 0.994734138
1317401072.573580027 235.007265334 -77.430127249 12.790061601 0.008572654 0.007237849 0.102256037 0.994694841
1317401072.677522898 235.854967751 -77.228133600 12.782627615 0.009466011 0.004742152 0.102414390 0.994685478
1317401072.781465054 236.686793338 -77.081810105 12.788436038 0.010570795 0.003070005 0.101541291 0.994770426
1317401072.885432005 237.506361083 -76.891619537 12.787448238 0.010321322 0.002959373 0.101710152 0.994756130
1317401072.989398956 238.318838418 -76.723428608 12.786135203 0.009645489 0.004353928 0.101607623 0.994768264
1317401073.093364000 239.167732060 -76.529595703 12.793895237 0.008474097 0.007272012 0.101624373 0.994760169
1317401073.197308064 239.974085038 -76.376996079 12.796946152 0.008360088 0.009849676 0.101303922 0.994771636
1317401073.301249981 240.821267628 -76.182781641 12.806723274 0.008512718 0.010556762 0.101379449 0.994755395
1317401073.405215979 241.611964742 -76.025364414 12.806244864 0.009549951 0.010134400 0.101399055 0.994748372
1317401073.509182930 242.427085356 -75.846661302 12.802166644 0.010980360 0.009552701 0.101300300 0.994749429
1317401073.613126993 243.296391579 -75.674409209 12.798705050 0.012506957 0.009335935 0.100893527 0.994774805
1317401073.717068911 244.096073954 -75.517780460 12.796273810 0.013000007 0.009014134 0.101200904 0.994740229
1317401073.821008921 244.933478536 -75.357032018 12.798978777 0.013593494 0.008200329 0.101449638 0.994714000
1317401073.924952030 245.830681074 -75.200449783 12.802533451 0.013890537 0.007025334 0.100312478 0.994834209
1317401074.028898954 246.556104096 -75.060326819 12.796452106 0.013310754 0.006958989 0.100845826 0.994788679
1317401074.132841110 247.398242864 -74.877652440 12.792378462 0.011713934 0.007817547 0.101223138 0.994764065
1317401074.236784935 248.238854584 -74.683851327 12.792732503 0.010505644 0.008780402 0.101098298 0.994782222
1317401074.340703964 249.067394252 -74.504462807 12.796394206 0.009399657 0.008482567 0.101417260 0.994763405
1317401074.444622993 249.892625398 -74.323792567 12.798788163 0.008344707 0.007335813 0.101658154 0.994757343
1317401074.548566103 250.728881148 -74.132931545 12.797730830 0.007196522 0.006177405 0.101856461 0.994753895
1317401074.652512074 251.550387896 -73.988367775 12.795967041 0.005984661 0.005813662 0.101644018 0.994785846
1317401074.756428003 252.360441004 -73.800432405 12.798805712 0.004968297 0.005864027 0.101629554 0.994792623
1317401074.860343695 253.161893531 -73.627150311 12.800844186 0.003893570 0.005568571 0.101594187 0.994802720
1317401074.964297056 253.996404533 -73.441239211 12.802503260 0.003376342 0.004370624 0.100989731 0.994872139
1317401075.068239927 254.800756640 -73.265597005 12.800293185 0.003471305 0.003536611 0.100592140 0.994915405
1317401075.172173023 255.639901475 -73.108802868 12.807112916 0.004393897 0.003972071 0.099812176 0.994988666
1317401075.276113987 256.439687261 -72.938217422 12.811787210 0.004676529 0.005791300 0.099132788 0.995046371
1317401075.380059958 257.246859020 -72.786396882 12.819227111 0.004921463 0.007613133 0.099096075 0.995036576
1317401075.484025955 258.050755439 -72.605083802 12.826834010 0.005227634 0.008332097 0.098719240 0.995066711
1317401075.587991953 258.855184492 -72.445304314 12.826506768 0.005276047 0.008442948 0.098562603 0.995081049
1317401075.691956997 259.679139943 -72.274177830 12.829944362 0.004671333 0.008095817 0.098247598 0.995118107
1317401075.795898914 260.487971850 -72.114118222 12.826759771 0.003661325 0.007211789 0.098082320 0.995145438
1317401075.899820089 261.261783721 -71.939185347 12.826458967 0.002879552 0.006374652 0.098039677 0.995157924
1317401076.003765106 262.034062205 -71.810802940 12.827811144 0.001757497 0.006084230 0.098191118 0.995147425
1317401076.107707024 262.787196794 -71.639870499 12.828135612 0.000364157 0.006429519 0.097991618 0.995166404
1317401076.211648941 263.560065416 -71.497748613 12.833950986 -0.001033509 0.007108967 0.097939648 0.995166428
1317401076.315592051 264.312523233 -71.305941658 12.833405602 -0.002417137 0.007374295 0.097670442 0.995188556
1317401076.419533968 265.054646581 -71.176178762 12.839782457 -0.003149134 0.007198147 0.097405152 0.995213799
1317401076.523475885 265.769008840 -71.023824720 12.836516811 -0.004026127 0.007080839 0.097354866 0.995216400
1317401076.627418995 266.471638116 -70.889091686 12.837603036 -0.004284710 0.006920189 0.097219490 0.995229684
1317401076.731420279 267.156728917 -70.729662571 12.839733729 -0.004503705 0.007329566 0.096878008 0.995259085
1317401076.835386992 267.817327530 -70.621456787 12.841041689 -0.004858826 0.008579006 0.096741017 0.995260754
1317401076.939321041 268.479143034 -70.460128801 12.839849425 -0.005064555 0.010445928 0.095812047 0.995331746
1317401077.043289900 269.089015564 -70.360925756 12.845294666 -0.004886861 0.012414598 0.095271553 0.995361908
1317401077.147255898 269.678718717 -70.226533464 12.846768653 -0.004643750 0.013690417 0.094683979 0.995402407
1317401077.251220942 270.248429115 -70.115205219 12.851265252 -0.004777709 0.013856030 0.094158295 0.995449345
1317401077.355187893 270.805421178 -70.013622465 12.851466931 -0.005257831 0.012854775 0.093598960 0.995513106
1317401077.459155083 271.301294430 -69.910696577 12.841467190 -0.005098934 0.011445453 0.093046102 0.995582958
1317401077.563147068 271.811135142 -69.815490698 12.830819405 -0.004297091 0.010645365 0.092241287 0.995670506
1317401077.667135954 272.271680781 -69.722575298 12.831504650 -0.002580179 0.009807728 0.091164350 0.995784220
1317401077.771125078 272.688252893 -69.647456435 12.840698382 -0.001319656 0.009173955 0.090312210 0.995870374
1317401077.875117064 273.101211979 -69.559629673 12.841624869 -0.002974270 0.008316881 0.089389302 0.995957597
1317401077.979106903 273.482592217 -69.488278026 12.838408005 -0.004923847 0.007601729 0.087843614 0.996093103
1317401078.083122969 273.817320569 -69.427918591 12.822895233 -0.005562477 0.007972708 0.086191468 0.996231161
1317401078.187116146 274.136813228 -69.374007514 12.825560520 -0.003966567 0.008379908 0.084576978 0.996373815
1317401078.291080952 274.428503208 -69.321244465 12.827976899 -0.001629464 0.008489835 0.083258854 0.996490457
1317401078.395071983 274.686198588 -69.276766298 12.835303206 0.000169662 0.009174796 0.081961952 0.996593213
1317401078.499062061 274.929554989 -69.241922143 12.841644682 0.000539417 0.009779807 0.080648090 0.996694512
1317401078.603029966 275.125009238 -69.206624348 12.842120688 0.000269641 0.009560122 0.079637938 0.996777974
1317401078.707020998 275.307438025 -69.163546926 12.843367161 -0.000151154 0.008841329 0.078470966 0.996877182
1317401078.811011076 275.477328254 -69.149966962 12.846119069 -0.001165063 0.008353369 0.077429295 0.996962170
1317401078.914978027 275.652770245 -69.105342003 12.846856545 -0.002368268 0.007907722 0.076525957 0.997033418
1317401079.018944979 275.802001626 -69.076072745 12.844130254 -0.003081493 0.007267810 0.075683740 0.997100624
1317401079.122934103 275.957302809 -69.055887720 12.844666660 -0.002795159 0.006424011 0.074806131 0.997173486
1317401079.226923943 276.105147694 -69.031719708 12.844833405 -0.002064198 0.005756259 0.074005491 0.997239085
1317401079.330890894 276.232768264 -69.008165143 12.846168298 -0.001605981 0.005224848 0.073397025 0.997287821
1317401079.434883118 276.373834557 -69.000603165 12.847939976 -0.001716889 0.004504832 0.072713696 0.997341204
1317401079.538875103 276.503827748 -68.970376670 12.843691941 -0.002078043 0.003593201 0.072027564 0.997394005
1317401079.642842054 276.624636587 -68.957428598 12.841139195 -0.001939368 0.002463341 0.071591259 0.997429127
1317401079.746833086 276.750356959 -68.935846202 12.840693206 -0.001527785 0.001268974 0.071178271 0.997461633
1317401079.850824118 276.884861254 -68.912344723 12.839222798 -0.001017257 0.000463020 0.071342366 0.997451261
1317401079.954765081 277.005677815 -68.889410934 12.840500369 -0.000657957 -0.000209415 0.072248747 0.997386405
1317401080.058706999 277.131958094 -68.881760615 12.838861622 -0.000607925 -0.000620279 0.073679807 0.997281571
1317401080.162650108 277.255894654 -68.847861362 12.839647437 -0.000709119 -0.001156458 0.075612941 0.997136321
1317401080.266566992 277.385363861 -68.828789418 12.837591549 -0.000784716 -0.001771963 0.078390099 0.996920878
1317401080.370485067 277.509574622 -68.814550236 12.836943879 -0.000680996 -0.002132522 0.081656295 0.996658035
1317401080.474406004 277.631884930 -68.788876173 12.836833535 -0.000604779 -0.002494928 0.085224489 0.996358468
1317401080.578325033 277.761329507 -68.767000148 12.833485212 -0.000542260 -0.002887211 0.089196881 0.996009682
1317401080.682218075 277.910316531 -68.736306617 12.832067331 0.000060552 -0.003514954 0.094029046 0.995563248
1317401080.786067963 278.058274841 -68.705616118 12.833907142 0.000796105 -0.004171885 0.100361504 0.994941973
1317401080.889894962 278.204539863 -68.686505927 12.838084501 0.001230093 -0.004945658 0.108428219 0.994091217
1317401080.993665934 278.372665982 -68.648020539 12.836064479 0.001206726 -0.005497986 0.117966086 0.993001671
1317401081.097392082 278.557076964 -68.585761230 12.835751990 0.000853373 -0.005408410 0.128494101 0.991695158
1317401081.201128006 278.766068973 -68.516993346 12.834143094 0.000514254 -0.004821646 0.140177744 0.990114482
1317401081.304828882 278.969807919 -68.448976053 12.839947341 0.000023339 -0.004027979 0.153267348 0.988176550
1317401081.408498287 279.199509543 -68.377103415 12.840361481 -0.000613701 -0.003100540 0.168187629 0.985749934
1317401081.512152910 279.447969434 -68.298106410 12.847144885 -0.000771619 -0.001499257 0.184547147 0.982822215
1317401081.615783930 279.712965949 -68.168647696 12.846533354 -0.001054092 0.000426393 0.202314598 0.979319922
1317401081.719414949 279.919546319 -68.111056485 12.860929104 -0.001664085 0.003048086 0.222856299 0.974845121
1317401081.823045015 280.199585110 -67.946895574 12.857119447 -0.003291135 0.005102621 0.243471580 0.969889025
1317401081.926676035 280.433967781 -67.851747090 12.863628082 -0.004818709 0.006962767 0.265162196 0.964166640
1317401082.030329943 280.687506142 -67.678206140 12.856874018 -0.005846388 0.009231471 0.287154821 0.957821856
1317401082.134010077 280.953061449 -67.509054375 12.864449120 -0.006754026 0.012690681 0.309892091 0.950663043
1317401082.237714291 281.199035001 -67.320592631 12.868847401 -0.008110505 0.015682733 0.332992834 0.942764045
1317401082.341464996 281.473706427 -67.091374506 12.869094433 -0.009940659 0.017346602 0.356461918 0.934095916
1317401082.445240974 281.713172309 -66.863332809 12.863847764 -0.011113582 0.018484720 0.380610869 0.924483732
1317401082.549038887 281.984607349 -66.599653108 12.848226104 -0.012511222 0.018513564 0.404814926 0.914125589
1317401082.652834892 282.217008613 -66.315976225 12.837051749 -0.013264474 0.019271749 0.429300954 0.902858430
1317401082.756611109 282.452476022 -65.997874264 12.813862448 -0.014576115 0.020169185 0.453857300 0.890726834
1317401082.860410929 282.694763914 -65.677719799 12.790789639 -0.014609534 0.021486867 0.478205596 0.877863477
1317401082.964210033 282.919162906 -65.318608794 12.776618347 -0.013947868 0.022461741 0.501995680 0.864465884
1317401083.068006992 283.138962207 -64.945221374 12.752305060 -0.012441955 0.023921582 0.525566651 0.850325027
1317401083.171828032 283.296841417 -64.546448713 12.743768085 -0.011195085 0.025892178 0.548697438 0.835544964
1317401083.275651932 283.518243095 -64.077566090 12.718497301 -0.010933370 0.026887788 0.571300243 0.820227737
1317401083.379475117 283.673940949 -63.651515999 12.689816799 -0.010491167 0.026605141 0.594469553 0.803609391
1317401083.483297110 283.812965152 -63.194951784 12.659166987 -0.008932302 0.027732101 0.617798930 0.785796174
1317401083.587121010 283.928479335 -62.656321481 12.635660137 -0.007072840 0.029012780 0.639851271 0.767918345
1317401083.690968990 284.005120059 -62.145227480 12.627480292 -0.006159801 0.029149191 0.661643468 0.749226470
1317401083.794866085 284.064939534 -61.620769730 12.576021752 -0.007380015 0.030618425 0.682251100 0.730439241
1317401083.898807049 284.068486782 -61.060145838 12.541950242 -0.008440525 0.033026934 0.701420085 0.711932471
1317401084.002820969 284.086137747 -60.485478268 12.528441955 -0.007700078 0.035138740 0.718622054 0.694469813
1317401084.106883049 284.054787632 -59.865189213 12.504240173 -0.007186752 0.036111578 0.733969992 0.678183128
1317401084.210995913 284.020059193 -59.222610346 12.480792262 -0.006856724 0.035308693 0.747522434 0.663262008
1317401084.315203190 283.920404408 -58.615759990 12.442314868 -0.006169720 0.032681024 0.759354186 0.649826981
1317401084.419482946 283.773450019 -57.943074420 12.389961461 -0.006720801 0.031261303 0.768499046 0.639051468
1317401084.523833036 283.663210409 -57.285865571 12.351896907 -0.008453243 0.031531856 0.775410158 0.630613489
1317401084.628228903 283.501349963 -56.583900741 12.309264255 -0.010413607 0.033547164 0.779694677 0.625173860
1317401084.732650995 283.358699106 -55.866764196 12.283172670 -0.011505491 0.034627402 0.782356107 0.621761601
1317401084.837099075 283.161506240 -55.110392348 12.242772410 -0.010537328 0.034200275 0.783472628 0.620394993
1317401084.941543818 282.981269184 -54.409483195 12.173693268 -0.006703202 0.035528629 0.783811723 0.619945132
1317401085.045989990 282.774056619 -53.551611560 12.153165323 -0.002795776 0.039045763 0.782212347 0.621780875
1317401085.150413990 282.639478366 -52.780453766 12.116218485 -0.002123516 0.039942049 0.780732262 0.623584204
1317401085.254765034 282.446725336 -51.941182254 12.051288321 -0.001571566 0.039476163 0.779172826 0.625562842
1317401085.359042883 282.259729523 -51.061980801 12.028263537 0.001145569 0.038900838 0.777788923 0.627319539
1317401085.463296652 282.056410686 -50.209754792 11.999649119 0.004321086 0.035018848 0.777204814 0.628257658
1317401085.567503929 281.888146730 -49.334043980 11.948289860 0.005631735 0.029926238 0.777300959 0.628391536
1317401085.671641111 281.632809064 -48.439858665 11.915761039 0.004623127 0.026259424 0.777444178 0.628386521
1317401085.775752306 281.440619143 -47.494711968 11.876951750 0.000077112 0.024191612 0.778562698 0.627100379
1317401085.879837990 281.179460210 -46.576765331 11.841250376 -0.004822715 0.024596215 0.780181486 0.625050892
1317401085.983899117 280.992846643 -45.612552923 11.812429780 -0.009138474 0.026599038 0.781448539 0.623335512
1317401086.087964058 280.746856790 -44.634398502 11.761723498 -0.013318792 0.029221008 0.781928474 0.622540443
1317401086.192003727 280.530974577 -43.674942297 11.725047961 -0.015788489 0.032381632 0.782533723 0.621565061
1317401086.296015978 280.297791971 -42.646242159 11.686575830 -0.016421669 0.034043886 0.782650126 0.621313225
1317401086.400031090 280.075992455 -41.667990239 11.621299275 -0.015616940 0.032833495 0.783295156 0.620585830
1317401086.503998995 279.826466783 -40.640130340 11.558025935 -0.014203593 0.031425100 0.784070493 0.619712984
1317401086.607916117 279.573002597 -39.663849332 11.511109282 -0.012109971 0.029786228 0.785609030 0.617887192
1317401086.711836100 279.302078194 -38.652020836 11.458261796 -0.010445176 0.028416356 0.787428097 0.615662571
1317401086.815754890 279.043321843 -37.648179478 11.406466171 -0.009809531 0.027039463 0.789455993 0.613132837
1317401086.919671059 278.772063229 -36.653014819 11.362053964 -0.010708127 0.027589422 0.791666791 0.610235898
1317401087.023565054 278.495172738 -35.609199259 11.321291433 -0.012881365 0.028524004 0.793436721 0.607847532
1317401087.127460957 278.217423991 -34.588595641 11.276270545 -0.015109504 0.028738172 0.795228746 0.605439561
1317401087.231406927 277.915936261 -33.567752524 11.226026647 -0.017014108 0.028289197 0.796606506 0.603596154
1317401087.335375071 277.610817919 -32.535586532 11.176875263 -0.019246343 0.027193255 0.797473775 0.602433136
1317401087.439341068 277.312292863 -31.498019867 11.110146603 -0.020944332 0.026199942 0.797921410 0.601827485
1317401087.543282986 277.002551346 -30.492427235 11.058564441 -0.021384843 0.025607436 0.798625942 0.600902282
1317401087.647226095 276.713891070 -29.439150122 10.998931287 -0.021468216 0.025212967 0.799016054 0.600397175
1317401087.751193047 276.392135389 -28.417248942 10.945219298 -0.021644088 0.024679999 0.799411368 0.599886569
1317401087.855159998 276.111448727 -27.373279618 10.883076599 -0.021987071 0.023834053 0.799765962 0.599435495
1317401087.959101915 275.768506085 -26.309021197 10.830133971 -0.022411411 0.022076438 0.799790444 0.599454422
1317401088.063044071 275.459126216 -25.271151122 10.775561345 -0.022616486 0.018539325 0.799891071 0.599432284
1317401088.167035103 275.139023756 -24.216625296 10.707831930 -0.022785338 0.016809661 0.799746666 0.599669521
1317401088.271050930 274.813695042 -23.139741262 10.647554845 -0.024386045 0.017261722 0.799114376 0.600436148
1317401088.375065088 274.508066011 -22.098255979 10.592777073 -0.025924744 0.018757375 0.798707615 0.600867885
1317401088.479054928 274.195394231 -21.023813820 10.543545715 -0.025522347 0.019506371 0.798234013 0.601490292
1317401088.583043098 273.862557528 -19.934071626 10.483766485 -0.024889518 0.019549439 0.797153407 0.602946745
1317401088.687035084 273.565248640 -18.873252696 10.423910426 -0.026130781 0.018603424 0.796049202 0.604381306
1317401088.791026831 273.249060119 -17.799881958 10.360466314 -0.028057849 0.017056954 0.794579907 0.606271052
1317401088.895018101 272.950421228 -16.721042672 10.303628152 -0.029383687 0.015716409 0.792903025 0.608436017
1317401088.998984098 272.644454263 -15.623544798 10.237597683 -0.029600755 0.014732275 0.791103960 0.610787426
1317401089.102927923 272.325101721 -14.524882706 10.177393393 -0.029352847 0.014509155 0.789220903 0.613235894
1317401089.206868887 272.054519763 -13.409557392 10.117077444 -0.028676512 0.015015190 0.787463723 0.615510427
1317401089.310811043 271.769787149 -12.322296518 10.056162854 -0.028580774 0.015664415 0.785862348 0.617542012
1317401089.414753675 271.471475574 -11.200416195 9.997499581 -0.028500332 0.016829495 0.784102827 0.619747736
1317401089.518697977 271.209847645 -10.110819450 9.932207445 -0.029323710 0.016753425 0.782605420 0.621601319
1317401089.622591972 270.950534412 -8.991932057 9.871696713 -0.029165397 0.016885634 0.780995539 0.623626670
1317401089.726486921 270.682030444 -7.827118194 9.812119165 -0.027824095 0.015922618 0.778971868 0.626238867
1317401089.830384016 270.427855859 -6.728537259 9.752974004 -0.025591662 0.014516088 0.777910774 0.627685572
1317401089.934252977 270.168376798 -5.607085950 9.684626261 -0.025138655 0.013815681 0.776880014 0.628994927
1317401090.038099051 269.925996872 -4.475829873 9.620942320 -0.025534393 0.014623462 0.775791566 0.630302781
1317401090.141896963 269.667499707 -3.331748419 9.576586830 -0.025660516 0.015117467 0.775100097 0.631136150
1317401090.245675087 269.419796566 -2.201761703 9.512412843 -0.026114189 0.014383440 0.774758588 0.631553875
1317401090.349449873 269.180040706 -1.048994100 9.453879158 -0.026790830 0.014157199 0.774446869 0.631912868
1317401090.453223944 268.936934777 0.116972421 9.401305143 -0.027013051 0.014040556 0.774089938 0.632343203
1317401090.556973934 268.691288573 1.258929082 9.345165026 -0.026599462 0.013218724 0.773936623 0.632566073
1317401090.660722971 268.444004106 2.445920146 9.284311959 -0.025735138 0.013049294 0.773620432 0.632991979
1317401090.764472008 268.210969575 3.529470078 9.233307101 -0.024595305 0.014092657 0.773568077 0.633078903
1317401090.868199110 267.970678827 4.719354326 9.177667530 -0.023911555 0.015437678 0.773437400 0.633233373
1317401090.971927881 267.734917508 5.875173321 9.121815957 -0.024580072 0.016592338 0.773261259 0.633393669
1317401091.075654030 267.498357225 7.032348079 9.067969023 -0.026520960 0.017186491 0.773119351 0.633472756
1317401091.179404974 267.259586215 8.197661606 9.015764287 -0.027680553 0.016696180 0.772884369 0.633722950
1317401091.283157110 267.012656535 9.343726993 8.957439006 -0.027510564 0.015602167 0.772853370 0.633796032
1317401091.386909962 266.773685409 10.509037143 8.898073354 -0.026790540 0.014674586 0.772843010 0.633861662
1317401091.490660906 266.530777420 11.663848366 8.838984541 -0.025864409 0.014896816 0.772838397 0.633900568
1317401091.594388962 266.297189287 12.820458066 8.781762222 -0.025733823 0.015971837 0.772882475 0.633825962
1317401091.698137045 266.052676358 13.999347379 8.723028025 -0.026565579 0.017062931 0.772647641 0.634049485
1317401091.801909924 265.827062098 15.124982802 8.669314701 -0.027535193 0.018105434 0.772453940 0.634215197
1317401091.905685902 265.584446224 16.293269331 8.610960979 -0.028279599 0.017841891 0.772395322 0.634261301
1317401092.009462118 265.355861048 17.403220584 8.558435620 -0.027644139 0.017389682 0.772348096 0.634359377
1317401092.113236904 265.115426305 18.574665025 8.491726353 -0.026611395 0.017256549 0.772235729 0.634543950
1317401092.217036009 264.886563482 19.726952903 8.430584281 -0.026318631 0.018054345 0.772180677 0.634600956
1317401092.320858002 264.653982094 20.865368611 8.366567953 -0.026734723 0.019600352 0.772116108 0.634616260
1317401092.424678802 264.421696759 21.983135520 8.312106575 -0.027169787 0.021308266 0.771951264 0.634743260
1317401092.528505087 264.198362020 23.131632717 8.250594131 -0.027983441 0.021868126 0.771798246 0.634874932
1317401092.632328033 263.970261650 24.255284034 8.181171731 -0.029287893 0.021822904 0.771728050 0.634902982
1317401092.736149073 263.735189633 25.392715913 8.114268179 -0.029965154 0.021007593 0.771596787 0.635058397
1317401092.839976311 263.496283421 26.519570037 8.055412680 -0.029625324 0.019205444 0.771529996 0.635212529
1317401092.943796873 263.266058166 27.647598420 7.980371567 -0.029274880 0.017691503 0.771470725 0.635344719
1317401093.047616959 263.038841911 28.793504608 7.918707821 -0.029009694 0.016961762 0.771441995 0.635411666
1317401093.151413918 262.805165447 29.918177653 7.849383051 -0.028364245 0.017745383 0.771296932 0.635595479
1317401093.255213022 262.580811243 31.043216574 7.780315052 -0.029209716 0.018337608 0.771321246 0.635510866
1317401093.359010935 262.350991492 32.182954401 7.717371374 -0.029294955 0.019852256 0.771288764 0.635500854
1317401093.462810040 262.121021342 33.305096400 7.656614168 -0.030375601 0.018602494 0.771411774 0.635338606
1317401093.566656113 261.893056741 34.461225743 7.572620769 -0.031888805 0.017209128 0.771466400 0.635237392
1317401093.670502901 261.652703891 35.616012179 7.505005468 -0.033047788 0.015753368 0.771477263 0.635202730
1317401093.774324894 261.419061265 36.765015709 7.441040317 -0.032157567 0.014406108 0.771602689 0.635128054
1317401093.878149986 261.185118362 37.935076315 7.365620938 -0.030911690 0.012603969 0.771898389 0.634868871
1317401093.981972933 260.952216125 39.086037992 7.287421093 -0.029356129 0.013157404 0.772233632 0.634523694
1317401094.085793972 260.718869778 40.274789802 7.226611791 -0.027552663 0.014901664 0.772390634 0.634374889
1317401094.189618111 260.470286093 41.447805924 7.156449495 -0.027680267 0.015934456 0.772481609 0.634233443
1317401094.293417931 260.226544578 42.627586853 7.087513851 -0.028877538 0.017435384 0.772636463 0.633951884
1317401094.397214890 259.998498992 43.821033750 7.027719499 -0.028824098 0.018529730 0.772875777 0.633631481
1317401094.501039028 259.737490640 45.042235117 6.967492276 -0.027424196 0.017489466 0.773080368 0.633473580
1317401094.604836941 259.475657203 46.244764258 6.892326274 -0.026313017 0.015884717 0.773206788 0.633408687
1317401094.708621979 259.239791041 47.450654597 6.820574542 -0.025147055 0.015745782 0.773619993 0.632954819
1317401094.812375069 258.979219476 48.652090071 6.749759847 -0.025652458 0.015680883 0.773767872 0.632755357
1317401094.916139126 258.717621459 49.888533973 6.675796687 -0.028653059 0.015354890 0.773772812 0.632628537
1317401095.019936085 258.456714247 51.117270025 6.616461521 -0.032045913 0.014605625 0.773661840 0.632619232
1317401095.123711348 258.185288069 52.350718881 6.552649556 -0.034648037 0.012123189 0.773641912 0.632558878
1317401095.227483988 257.921508847 53.584597455 6.475348324 -0.035197625 0.009926500 0.773641732 0.632567042
1317401095.331235886 257.661401271 54.805324514 6.401258332 -0.035405020 0.008614609 0.773828317 0.632346431
1317401095.434986353 257.394161329 56.041433362 6.329492066 -0.035373674 0.008162088 0.773908765 0.632255729
1317401095.538737059 257.140126478 57.282792993 6.266670788 -0.034618246 0.008647284 0.774118507 0.632034287
1317401095.642465115 256.878819560 58.513624526 6.199167792 -0.034674625 0.008856974 0.774176005 0.631957861
1317401095.746190071 256.624664383 59.731095194 6.123515208 -0.036197267 0.010167439 0.774287095 0.631716610
1317401095.849941015 256.358789857 60.968810419 6.057925829 -0.037622763 0.012348369 0.774334341 0.631536518
1317401095.953716040 256.101141176 62.178780073 6.001525022 -0.037817351 0.012163320 0.774384172 0.631467383
1317401096.057490110 255.834288976 63.422204141 5.913711714 -0.037107638 0.011739561 0.774094668 0.631872338
1317401096.161289930 255.571730912 64.662097666 5.838432371 -0.036502972 0.011936663 0.773742226 0.632335368
1317401096.265089035 255.317839858 65.873338753 5.764956608 -0.036465704 0.011623171 0.773411302 0.632748064
1317401096.368865013 255.062905535 67.083158240 5.687685268 -0.036983688 0.012158675 0.773199426 0.632966840
1317401096.472666025 254.813979560 68.315952886 5.611201177 -0.038655530 0.013113036 0.772726909 0.633424757
1317401096.576463938 254.562689886 69.492450548 5.543903511 -0.039857690 0.013198248 0.772362664 0.633792620
1317401096.680237055 254.304603610 70.744660485 5.470283997 -0.039763762 0.011718570 0.772176942 0.634053853
1317401096.784012079 254.058971899 71.943785290 5.384153251 -0.038340498 0.010829532 0.772147900 0.634192674
1317401096.887763977 253.811427565 73.170787795 5.303612155 -0.036931067 0.011271575 0.772078630 0.634352928
1317401096.991489887 253.562476422 74.376601000 5.233934871 -0.036044419 0.011927914 0.772175877 0.634273553
1317401097.095187902 253.315083277 75.576465938 5.155263370 -0.035443737 0.012588957 0.772331314 0.634105355
1317401097.198892117 253.065961260 76.793535341 5.098720785 -0.034369694 0.013550824 0.772277230 0.634210517
1317401097.302623034 252.820321613 77.998924870 5.019783792 -0.034130674 0.013684433 0.772298443 0.634194724
1317401097.406375885 252.574802714 79.210411853 4.943167588 -0.034270773 0.015007357 0.772308418 0.634145095
1317401097.510148048 252.332029423 80.412784930 4.878368998 -0.034195359 0.016760417 0.772338773 0.634068282
1317401097.613919973 252.087290905 81.617753759 4.809122262 -0.033081699 0.017412040 0.772493129 0.633921752
1317401097.717698097 251.835019999 82.823186101 4.725538741 -0.033266395 0.017128843 0.772514590 0.633893649
1317401097.821471930 251.588890200 84.014783436 4.647062119 -0.034913445 0.018147353 0.772379568 0.633941265
1317401097.925245047 251.340205785 85.216641520 4.565781836 -0.038751866 0.018935263 0.772170611 0.633949758
1317401098.029020071 251.090936115 86.413866483 4.496080203 -0.041145056 0.017280169 0.771703221 0.634415179
1317401098.132795095 250.846070859 87.616610973 4.407511743 -0.041117114 0.015069624 0.771127699 0.635172702
1317401098.236596107 250.597219265 88.820966432 4.323025547 -0.039983124 0.012217500 0.770832431 0.635664570
1317401098.340394974 250.359275803 89.997262146 4.229137475 -0.039767531 0.010817877 0.770560444 0.636033112
1317401098.444166899 250.121655504 91.229172675 4.153196648 -0.037476350 0.010975528 0.770261522 0.636531420
1317401098.547940969 249.880111507 92.393185760 4.081222030 -0.034586127 0.011448367 0.770363605 0.636563155
1317401098.651741028 249.649791041 93.613048814 4.010009988 -0.031692261 0.012246739 0.770478829 0.636559496
1317401098.755538940 249.392034889 94.808580349 3.939425757 -0.031113142 0.014166649 0.770826589 0.636127069
1317401098.859339952 249.166213370 95.991198813 3.867179194 -0.033537588 0.016237327 0.770532898 0.636310170
1317401098.963160992 248.931390052 97.188747502 3.805518382 -0.035434272 0.017351714 0.769834754 0.637022592
1317401099.066958904 248.693239963 98.379562573 3.736998034 -0.035258981 0.015957075 0.769436717 0.637549461
1317401099.170757055 248.464717973 99.570276952 3.650245358 -0.035418064 0.015103574 0.769043840 0.638035277
1317401099.274557114 248.237474411 100.759363088 3.568492399 -0.035627142 0.015595290 0.768764786 0.638348022
1317401099.378356934 247.992763719 101.935537951 3.509627683 -0.035158991 0.015644621 0.768519212 0.638668390
1317401099.482177973 247.763446230 103.093034267 3.437411970 -0.034507717 0.015043986 0.768195894 0.639107161
1317401099.586023092 247.543783600 104.225647103 3.365492579 -0.035390681 0.015046364 0.767646336 0.639718852
1317401099.689870119 247.334773198 105.327529792 3.304681415 -0.036252629 0.015528010 0.767215112 0.640176226
1317401099.793694019 247.134512171 106.405466905 3.250131389 -0.037078857 0.015888583 0.766885374 0.640515053
1317401099.897492886 246.941612192 107.474999560 3.185448522 -0.037897755 0.016075792 0.766707121 0.640675831
1317401100.001292944 246.741310940 108.486747651 3.128788575 -0.038019439 0.016744977 0.766747591 0.640603044
1317401100.105114937 246.553543330 109.472863240 3.076035113 -0.038045171 0.016591441 0.766663308 0.640706376
1317401100.208961964 246.371116028 110.433148156 3.016049943 -0.038176394 0.016281902 0.766184776 0.641278684
1317401100.312809944 246.197361733 111.381894636 2.952875922 -0.038685766 0.016251849 0.765789995 0.641720323
1317401100.416632891 246.022842360 112.314073994 2.900514804 -0.038043086 0.016179515 0.766091888 0.641400161
1317401100.520454884 245.874928357 113.225817324 2.848069967 -0.036190440 0.016412989 0.767057469 0.640346550
1317401100.624253988 245.680805394 114.130241167 2.795217369 -0.034743463 0.015567965 0.768567459 0.638634944
1317401100.728053093 245.505915634 115.047124389 2.734127624 -0.034221265 0.013997149 0.770130443 0.636814012
1317401100.831851959 245.315920557 115.950206790 2.674790113 -0.034317307 0.013045441 0.771412972 0.635274874
1317401100.935676098 245.133425432 116.827334661 2.616946938 -0.035284217 0.012333120 0.772342771 0.634105324
1317401101.039521933 244.955361588 117.738347614 2.561471761 -0.035705598 0.012970470 0.772852533 0.633447582
1317401101.143343925 244.769344499 118.630475764 2.513399431 -0.035447706 0.014685187 0.773376781 0.632784450
1317401101.247191906 244.580539464 119.512602742 2.464911383 -0.035208782 0.015642261 0.773839443 0.632208967
1317401101.351037025 244.385547259 120.419871158 2.420866784 -0.034926216 0.015673019 0.774222055 0.631755273
1317401101.454883099 244.198665844 121.306828488 2.360336060 -0.035107032 0.014662769 0.774288362 0.631688239
1317401101.558778763 244.017913855 122.188787470 2.303567908 -0.035874562 0.013072833 0.774276090 0.631695063
1317401101.662673950 243.817459218 123.083039760 2.248820441 -0.036135017 0.011736057 0.774120294 0.631897377
1317401101.766567945 243.636818867 123.969874686 2.192071681 -0.035579893 0.010529572 0.773854013 0.632276179
1317401101.870460987 243.450451334 124.868142515 2.135855840 -0.034571024 0.009718779 0.773719394 0.632509833
1317401101.974354982 243.254419681 125.775499928 2.076321711 -0.034173548 0.009545203 0.773556586 0.632733171
1317401102.078274012 243.075887525 126.682386870 2.017628005 -0.034410166 0.010990496 0.773225884 0.633101004
1317401102.182169914 242.874248576 127.568403388 1.971754896 -0.034848682 0.012046872 0.773253470 0.633024102
1317401102.286065102 242.702824318 128.530988798 1.925310251 -0.032322611 0.012700271 0.773105515 0.633325994
1317401102.389983892 242.491826566 129.434630369 1.868840057 -0.030031226 0.012620008 0.773084369 0.633466194
1317401102.493902922 242.309228819 130.352442739 1.812353289 -0.031479572 0.011020859 0.772916141 0.633630978
1317401102.597820997 242.110313538 131.292804694 1.744007288 -0.033135674 0.011450353 0.772483948 0.634065822
1317401102.701765060 241.933479465 132.262388970 1.702694268 -0.033062377 0.012187244 0.771602941 0.635127745
1317401102.805706024 241.716082153 133.184858223 1.641519109 -0.032582720 0.013035267 0.771203506 0.635620641
1317401102.909626007 241.536876795 134.156528509 1.571792921 -0.034274538 0.014150551 0.770576778 0.636267591
1317401103.013546944 241.343302823 135.114253105 1.517054400 -0.035333774 0.016408319 0.769956534 0.636905980
1317401103.117464066 241.144172342 136.101810229 1.468877038 -0.035544229 0.017378037 0.769410899 0.637527630
1317401103.221383095 240.940804979 137.084095598 1.398731451 -0.036508804 0.016819531 0.768716588 0.638325166
1317401103.325300932 240.762319714 138.074070566 1.321585605 -0.038080767 0.015996040 0.767645168 0.639542711
1317401103.429219007 240.557867068 139.094858244 1.255015039 -0.038722278 0.015846029 0.766661799 0.640686487
1317401103.533138037 240.379649908 140.078835703 1.188436134 -0.038898818 0.014235900 0.765657763 0.641913087
1317401103.637032032 240.189553356 141.096921802 1.114068222 -0.037888657 0.012941361 0.764988023 0.642798798
1317401103.740904093 240.007490918 142.104128286 1.041664117 -0.037191451 0.012609989 0.764384827 0.643563222
1317401103.844774961 239.810589221 143.136847054 0.966715462 -0.037892736 0.013132630 0.763773431 0.644237395
1317401103.948621035 239.646391549 144.164129796 0.893051669 -0.039513931 0.013805306 0.763137479 0.644879253
1317401104.052443981 239.450177201 145.230770336 0.827795291 -0.039900677 0.013798680 0.762775073 0.645284216
1317401104.156266928 239.269798771 146.291034373 0.754939568 -0.038607063 0.013435045 0.762510406 0.645683262
1317401104.260097980 239.084116264 147.335518542 0.684407688 -0.036827286 0.013199960 0.762572035 0.645719291
1317401104.363941908 238.899826568 148.416837768 0.609762703 -0.035566804 0.013730907 0.762616269 0.645726638
1317401104.467781067 238.709997160 149.485211918 0.535527169 -0.035397090 0.013537023 0.762424028 0.645967024
1317401104.571604013 238.531139729 150.565211608 0.468489160 -0.035221440 0.013702566 0.762315834 0.646100812
1317401104.675427914 238.320315236 151.664066927 0.396166539 -0.036323344 0.012951407 0.762271895 0.646107138
1317401104.779249907 238.145443003 152.738990231 0.320366653 -0.037183025 0.013291341 0.762451477 0.645839382
1317401104.883050919 237.935882693 153.856200957 0.250946915 -0.038181068 0.013772401 0.762503311 0.645709864
1317401104.986824989 237.749364324 154.965194192 0.171515269 -0.039108927 0.014153061 0.762642465 0.645481722
1317401105.090599060 237.551699071 156.088853106 0.097282686 -0.040189461 0.013878544 0.762903225 0.645113062
1317401105.194374084 237.365631255 157.215272333 0.015821050 -0.040946373 0.012680019 0.763263173 0.644664208
1317401105.298124075 237.157439776 158.353590337 -0.059057206 -0.038931993 0.012008851 0.763704936 0.644278556
1317401105.401876926 236.971892936 159.476973475 -0.135395826 -0.036008005 0.010899637 0.764471469 0.643558850
1317401105.505655050 236.741266018 160.650001284 -0.212379265 -0.032840607 0.010937661 0.764977141 0.643126610
1317401105.609405994 236.537392065 161.802351444 -0.284901743 -0.030852395 0.012850013 0.765671505 0.642362945
1317401105.713129997 236.342161226 162.965496341 -0.352385234 -0.030403997 0.015889680 0.766331770 0.641528435
1317401105.816854000 236.120128281 164.147877346 -0.424315091 -0.030540039 0.018234517 0.766957958 0.640710777
1317401105.920603037 235.906901472 165.317508961 -0.484718097 -0.030222513 0.018710620 0.767604050 0.639937915
1317401106.024357080 235.674112413 166.507902469 -0.565097765 -0.030328680 0.018956296 0.768197819 0.639212751
1317401106.128108978 235.444112604 167.719842690 -0.644460007 -0.030570628 0.019767150 0.768904080 0.638326885
1317401106.231883049 235.213184205 168.906127503 -0.716096909 -0.030443648 0.020230696 0.769647183 0.637422244
1317401106.335658073 234.976289896 170.118119600 -0.790197997 -0.029884699 0.020023350 0.770377656 0.636572256
1317401106.439434052 234.724842808 171.332370756 -0.869666658 -0.029827654 0.019747447 0.771006387 0.635821910
1317401106.543206930 234.495291603 172.538004482 -0.951958554 -0.030250308 0.019946461 0.771809303 0.634820808
1317401106.646981001 234.242047178 173.773151943 -1.026002565 -0.030580855 0.020035035 0.772501209 0.633960007
1317401106.750757933 233.983630101 174.985405354 -1.107032850 -0.031320629 0.020065353 0.773140240 0.633143403
1317401106.854557037 233.740866909 176.208309546 -1.187189067 -0.032399863 0.020023184 0.773899098 0.632162564
1317401106.958378077 233.468731494 177.434241783 -1.268852022 -0.033363527 0.019858934 0.774337026 0.631581086
1317401107.062197924 233.204801108 178.670399822 -1.346859198 -0.034593382 0.018899217 0.774342758 0.631537340
1317401107.165997028 232.939015213 179.899874576 -1.428348966 -0.035208953 0.018524416 0.774436383 0.631399608
1317401107.269797087 232.681145352 181.120534495 -1.502260675 -0.034656650 0.018518233 0.774438424 0.631427842
1317401107.373621941 232.425275122 182.360208517 -1.589881509 -0.033410758 0.018943794 0.774372519 0.631563184
1317401107.477444887 232.170974219 183.580970189 -1.668514589 -0.032804101 0.019587210 0.774540861 0.631368899
1317401107.581268072 231.905714915 184.810567800 -1.750613058 -0.032960553 0.019968924 0.774362795 0.631567183
1317401107.685112715 231.642091096 186.028628713 -1.830579487 -0.032896134 0.020036038 0.774288542 0.631659445
1317401107.788957119 231.381651341 187.247580236 -1.908628421 -0.032894603 0.020567106 0.774304995 0.631622288
1317401107.892779112 231.126877533 188.479567362 -1.991754327 -0.032706361 0.021449332 0.774097329 0.631857219
1317401107.996581078 230.866210813 189.700722886 -2.071738882 -0.032235252 0.023696930 0.774010279 0.631907771
1317401108.100357056 230.610515894 190.905932874 -2.150938955 -0.032341451 0.026209049 0.774047642 0.631757362
1317401108.204130888 230.357428646 192.120570477 -2.231171398 -0.032758405 0.028093461 0.773972660 0.631746758
1317401108.307907104 230.094257874 193.335872715 -2.304938975 -0.032634731 0.027900240 0.773831707 0.631934364
1317401108.411680937 229.838080313 194.547033434 -2.396814597 -0.032680744 0.026663854 0.774038849 0.631731643
1317401108.515431881 229.585215301 195.753264169 -2.498771784 -0.035091216 0.025506262 0.774047529 0.631639501
1317401108.619184971 229.316340363 196.943917550 -2.601176114 -0.039139029 0.025090981 0.773923731 0.631569979
1317401108.722935915 229.060009386 198.178307999 -2.684906202 -0.040722225 0.024137539 0.773751276 0.631718325
1317401108.826661110 228.810977717 199.375569005 -2.778739646 -0.038947593 0.021852137 0.773761913 0.631900364
1317401108.930386066 228.557322264 200.569747149 -2.867642488 -0.036090518 0.020601501 0.774105240 0.631691484
1317401109.034137011 228.305042942 201.767543064 -2.970978406 -0.033512804 0.021947974 0.774158809 0.631722499
1317401109.137890100 228.051180366 202.977280560 -3.053021604 -0.032624047 0.024156024 0.773767899 0.632167223
1317401109.241640091 227.802012688 204.161336768 -3.136932200 -0.033137939 0.025145774 0.773493011 0.632438242
1317401109.345416307 227.548851447 205.372045141 -3.219860514 -0.034254710 0.025982998 0.772827061 0.633158616
1317401109.449191093 227.302686980 206.573084912 -3.310382420 -0.035353111 0.025925029 0.772530733 0.633462167
1317401109.552941084 227.059179353 207.769184377 -3.400998350 -0.036135722 0.026012245 0.772212980 0.633801772
1317401109.656666994 226.812144560 208.962644184 -3.488445911 -0.036060846 0.025970949 0.772072345 0.633979037
1317401109.760392904 226.569251116 210.168897164 -3.582463172 -0.035684691 0.025394409 0.771871725 0.634267898
1317401109.864098072 226.326242989 211.356452682 -3.673114281 -0.035082785 0.024993775 0.771992387 0.634170532
1317401109.967799902 226.083808688 212.551236611 -3.768186815 -0.035176045 0.024770175 0.771827275 0.634375080
1317401110.071527004 225.844507993 213.749082426 -3.854487062 -0.035312564 0.024646346 0.771808832 0.634394757
1317401110.175254107 225.587677107 214.952260303 -3.947025414 -0.035647002 0.024443102 0.771663746 0.634560391
1317401110.278978109 225.346413792 216.147022310 -4.034811009 -0.035775879 0.024611778 0.771547087 0.634688459
1317401110.382700682 225.103603526 217.347344092 -4.121956852 -0.035093038 0.024572613 0.771553206 0.634720660
1317401110.486442089 224.862782645 218.553454216 -4.210845018 -0.034086533 0.023981125 0.771507242 0.634853991
1317401110.590193987 224.631031524 219.762338828 -4.298581270 -0.033359294 0.022781275 0.771541064 0.634895707
1317401110.693928003 224.362449731 220.945079234 -4.387731488 -0.033244788 0.021822215 0.771802859 0.634617145
1317401110.798357010 224.121070009 222.147093357 -4.473380726 -0.034224535 0.020541078 0.772002825 0.634364550
1317401110.902136087 223.857847531 223.357779083 -4.558947196 -0.035593443 0.019846993 0.771962447 0.634360453
1317401111.005229712 223.619405376 224.551461424 -4.641793218 -0.037270140 0.018895264 0.772014690 0.634229630
1317401111.108983040 223.373512451 225.754360479 -4.729980299 -0.038038545 0.018099642 0.772159254 0.634031197
1317401111.212730885 223.115872718 226.958030281 -4.810556164 -0.037491805 0.017609467 0.772286000 0.633923186
1317401111.316478014 222.868125636 228.173023646 -4.897101716 -0.036001633 0.017584015 0.772596261 0.633632150
1317401111.420231104 222.617935256 229.371990738 -4.979709730 -0.034895711 0.018385532 0.772769539 0.633459944
1317401111.523998976 222.369230874 230.585516744 -5.065683904 -0.034862390 0.019852564 0.773012716 0.633120707
1317401111.627747059 222.116753188 231.790607532 -5.138506241 -0.035052279 0.020855704 0.773201232 0.632847717
1317401111.731520653 221.857420315 232.992929619 -5.221167547 -0.035159996 0.020907135 0.773473730 0.632506960
1317401111.835330009 221.614339721 234.224000933 -5.310866208 -0.035250094 0.019884384 0.773251289 0.632806832
1317401111.939114094 221.350816959 235.431987168 -5.398646324 -0.035185285 0.019496990 0.773162555 0.632930902
1317401112.042882919 221.100376805 236.642694534 -5.479948935 -0.034609355 0.019946403 0.773007847 0.633137585
1317401112.146648884 220.856196990 237.866412063 -5.566436435 -0.033950704 0.021162188 0.772726213 0.633477475
1317401112.250401020 220.603997178 239.083925452 -5.647925695 -0.033344909 0.022532196 0.772554362 0.633671978
1317401112.354126930 220.362068684 240.293999548 -5.731148834 -0.032903558 0.023857254 0.772464412 0.633756199
1317401112.457859039 220.110713298 241.537380818 -5.814673556 -0.032581400 0.024364924 0.772088456 0.634211493
1317401112.561614990 219.850246332 242.744885257 -5.898802241 -0.032341751 0.024253713 0.772011840 0.634321280
1317401112.665380001 219.607117645 243.965950182 -5.989803006 -0.032995937 0.024012813 0.771643262 0.634745090
1317401112.769134045 219.349199089 245.194421817 -6.078571679 -0.034341960 0.023941844 0.771188150 0.635229293
1317401112.872888088 219.098420194 246.430571335 -6.163087204 -0.035386688 0.023585913 0.770542302 0.635968591
1317401112.976654053 218.843880769 247.657843308 -6.259816203 -0.036663230 0.022776424 0.769913618 0.636686786
1317401113.080424309 218.587946335 248.894278774 -6.353380121 -0.038359420 0.022477986 0.769505140 0.637091151
1317401113.184175014 218.349073804 250.126270139 -6.457602067 -0.040396531 0.023082745 0.769197584 0.637314980
1317401113.287912846 218.092887558 251.378153751 -6.549613203 -0.042504854 0.022959683 0.769003561 0.637416436
1317401113.391645908 217.862289774 252.595275179 -6.646489781 -0.044478164 0.022405805 0.768882900 0.637447063
1317401113.495374918 217.597999674 253.827030146 -6.755550231 -0.047149274 0.021192785 0.768899319 0.637276745
1317401113.599117041 217.375290555 255.065450004 -6.861404412 -0.048542698 0.019942587 0.768701645 0.637450924
1317401113.702852011 217.119623910 256.273634733 -6.957812589 -0.047347672 0.017700629 0.768885440 0.637385335
1317401113.806579113 216.898966083 257.514838079 -7.057600362 -0.045003180 0.015131324 0.769053263 0.637418885
1317401113.910379887 216.630452626 258.725892622 -7.173423564 -0.044901763 0.013631351 0.769312092 0.637147489
1317401114.014190197 216.414625734 259.965377170 -7.277751326 -0.045235296 0.015196543 0.769143011 0.637292602
1317401114.117963076 216.165698504 261.166525152 -7.358594072 -0.045919718 0.015501648 0.769005599 0.637402124
1317401114.221703053 215.931862609 262.380958664 -7.467287630 -0.046618076 0.015916859 0.769022853 0.637320375
1317401114.325433969 215.702675801 263.599474720 -7.564374554 -0.047735626 0.017216851 0.768825404 0.637442066
1317401114.429179907 215.465682978 264.785832198 -7.652468736 -0.048321366 0.018376518 0.768849539 0.637336438
1317401114.532905102 215.228933362 265.961376063 -7.747474106 -0.048866429 0.018545845 0.768838351 0.637303471
1317401114.636643887 215.001374221 267.146894282 -7.839642260 -0.048852974 0.017622194 0.768913074 0.637240559
1317401114.740406990 214.779060791 268.289067653 -7.936432888 -0.048662976 0.016241232 0.768933618 0.637266999
1317401114.844156981 214.538656395 269.460811054 -8.042851472 -0.048710282 0.015874662 0.768958219 0.637242937
1317401114.947882891 214.326132747 270.620831782 -8.143206140 -0.049497048 0.016502434 0.768906983 0.637228188
1317401115.051634073 214.102944736 271.745154202 -8.233206007 -0.050086651 0.017902986 0.769022102 0.637005351
1317401115.155407906 213.889677765 272.835341449 -8.321425032 -0.050204648 0.019700624 0.768894710 0.637096777
1317401115.259181976 213.685383883 273.877173407 -8.413560958 -0.051221351 0.021049813 0.769110153 0.636712534
1317401115.362958193 213.472939741 274.970385069 -8.503701489 -0.052378173 0.021928399 0.769185227 0.636498043
1317401115.466732025 213.247833001 276.040864081 -8.579495445 -0.051226445 0.021016720 0.769454826 0.636296644
1317401115.570483923 213.052381204 277.061176326 -8.662109979 -0.047695164 0.017401308 0.769997531 0.636023716
1317401115.674235106 212.838867918 278.076272625 -8.756334024 -0.044018320 0.012974084 0.770489685 0.635798479
1317401115.777986050 212.635127757 279.106720801 -8.855814571 -0.041636987 0.010653663 0.770906160 0.635497092
1317401115.881712914 212.426337529 280.133157927 -8.939706764 -0.042187525 0.011054208 0.771040527 0.635290897
1317401115.985461950 212.213391187 281.160791863 -9.019864901 -0.044584544 0.013084608 0.771036857 0.635093045
1317401116.089211941 211.999505065 282.166158157 -9.081927286 -0.047150457 0.015038712 0.771002383 0.634906290
1317401116.192961931 211.810712749 283.162890708 -9.147857413 -0.048784830 0.015877127 0.770991188 0.634775980
1317401116.296737909 211.609892399 284.107586921 -9.226940544 -0.051012636 0.015309441 0.770792888 0.634855618
1317401116.400511980 211.415354309 285.080854379 -9.299676567 -0.052952804 0.014467787 0.770251039 0.635373922
1317401116.504287958 211.216092926 286.003185516 -9.377383582 -0.053736219 0.013298263 0.769537644 0.636197603
1317401116.608110905 211.040508784 286.914420864 -9.446939152 -0.053677928 0.011484359 0.768602012 0.637367819
1317401116.711982012 210.870344577 287.790589084 -9.523622085 -0.053266214 0.009951040 0.767387504 0.638889745
1317401116.815876007 210.691034942 288.671581374 -9.589235843 -0.052036394 0.009132148 0.765646801 0.641087976
1317401116.919820070 210.512930284 289.499730605 -9.653988985 -0.051064046 0.007856586 0.762989830 0.644342499
1317401117.023834229 210.389601268 290.312533493 -9.712061138 -0.049766215 0.006861961 0.759057017 0.649082955
1317401117.127921104 210.240209851 291.107608316 -9.771262057 -0.048948691 0.006263717 0.753361503 0.655752420
1317401117.232080936 210.126426280 291.871493516 -9.821202060 -0.048083977 0.006720154 0.746139427 0.664017113
1317401117.336281061 210.055728896 292.600832600 -9.867987283 -0.047044240 0.008236866 0.737747830 0.673384833
1317401117.440489054 209.988059349 293.314653151 -9.906357236 -0.046554936 0.009751925 0.728165733 0.683748640
1317401117.544723034 209.968198678 294.001009482 -9.946207965 -0.046229002 0.011768161 0.717428057 0.694997391
1317401117.649003029 209.946419198 294.673967740 -9.986147978 -0.046547311 0.014475900 0.705497375 0.707034123
1317401117.753283978 209.936130333 295.318011333 -10.023414162 -0.046441938 0.017432556 0.692631374 0.719583930
1317401117.857559919 209.959852037 295.942225405 -10.058721305 -0.046110776 0.020106583 0.678670926 0.732717747
1317401117.961884975 210.006001603 296.566392036 -10.093021463 -0.045189116 0.021500220 0.663359374 0.746625760
1317401118.066212893 210.070564065 297.179508021 -10.133034422 -0.044152658 0.021576933 0.646544568 0.761291732
1317401118.170540094 210.188854894 297.786023604 -10.179232947 -0.043848396 0.021273709 0.628144589 0.776568814
1317401118.274889946 210.309152481 298.344122951 -10.222534795 -0.043248308 0.021592890 0.608663161 0.791954852
1317401118.379199028 210.472079753 298.927353384 -10.272872554 -0.042536059 0.021539434 0.588522630 0.807073634
1317401118.483431101 210.655419787 299.497876649 -10.293560521 -0.039311464 0.022001001 0.567960340 0.821822132
1317401118.587654114 210.847299159 300.050125546 -10.341428683 -0.038379182 0.020091403 0.547309019 0.835808717
1317401118.691860914 211.108037696 300.596606323 -10.381876653 -0.038030723 0.019324841 0.526008949 0.849408500
1317401118.796020985 211.362815702 301.114474044 -10.415212519 -0.038515089 0.019708309 0.504836763 0.862129928
1317401118.900182962 211.642007266 301.629192626 -10.474373709 -0.038885387 0.021361460 0.483770530 0.874069613
1317401119.004310131 211.950103839 302.120120313 -10.482516018 -0.038022211 0.023834332 0.462296007 0.885589430
1317401119.108396053 212.307937526 302.635416613 -10.516842014 -0.038326298 0.023644043 0.440758376 0.896495459
1317401119.212460041 212.668491672 303.124136060 -10.547273510 -0.039261443 0.022804404 0.419484443 0.906626329
1317401119.316521883 213.047005149 303.598297953 -10.603058658 -0.039785056 0.022151264 0.397860474 0.916315183
1317401119.420558929 213.483832884 304.037546120 -10.640972605 -0.037260093 0.022198209 0.377139511 0.925140375
1317401119.524571896 213.918761248 304.500455278 -10.672780722 -0.034150995 0.020966813 0.356807541 0.933317996
1317401119.628571033 214.383780246 304.931408491 -10.702468234 -0.032292897 0.019003939 0.336830985 0.940819274
1317401119.732542038 214.917786080 305.342447223 -10.746633064 -0.032082106 0.016541340 0.318223973 0.947328151
1317401119.836477995 215.455643349 305.753418390 -10.777138385 -0.031725141 0.014776187 0.300000391 0.953296882
1317401119.940383911 215.977489931 306.160798158 -10.813301964 -0.032633230 0.013823223 0.281265678 0.958975291
1317401120.044308901 216.588297433 306.536889075 -10.839091036 -0.035143158 0.013519604 0.263267775 0.963987685
1317401120.148180008 217.219593732 306.897572273 -10.872964855 -0.037120082 0.012615038 0.246022381 0.968470933
1317401120.251995087 217.867221045 307.259064938 -10.889337732 -0.038460327 0.010460806 0.229205676 0.972561635
1317401120.355820894 218.531121006 307.590930267 -10.915999441 -0.039512106 0.007921801 0.213981139 0.976006204
1317401120.459600925 219.242344018 307.937679356 -10.945910472 -0.041998651 0.005351360 0.200459847 0.978786660
1317401120.563275099 219.939204166 308.240023000 -10.971632333 -0.044575038 0.003590908 0.189292071 0.980901974
1317401120.666933060 220.686066571 308.543595073 -10.997405024 -0.047194656 0.003167679 0.179958057 0.982536375
1317401120.770612955 221.445460611 308.842007093 -11.011215957 -0.050126096 0.003106604 0.170900237 0.984007537
1317401120.874319077 222.238249602 309.129878010 -11.031239771 -0.053017133 0.002669914 0.162440618 0.985289349
1317401120.978020906 223.045280290 309.404813607 -11.048729180 -0.055043157 0.002295290 0.153567901 0.986601177
1317401121.081715107 223.865273095 309.682107539 -11.064412894 -0.056558951 0.002096399 0.144905673 0.987825408
1317401121.185442924 224.715886298 309.926572532 -11.078105017 -0.057203245 0.002117688 0.137001688 0.988915488
1317401121.289122105 225.571363802 310.196706713 -11.093786496 -0.056973233 0.002117681 0.130392717 0.989821855
1317401121.392775059 226.448415131 310.432431634 -11.103113775 -0.055970496 0.002120633 0.126026622 0.990444394
1317401121.496453047 227.347617498 310.674699994 -11.112503375 -0.055565500 0.001661016 0.122504664 0.990909846
1317401121.600142002 228.251798835 310.903781391 -11.124794257 -0.055598177 0.000999983 0.119537579 0.991271209
1317401121.703849077 229.181857869 311.155927173 -11.137726634 -0.055790811 0.000470276 0.116329087 0.991642429
1317401121.807576180 230.133945934 311.378488317 -11.146683296 -0.056045296 0.000304156 0.113794177 0.991922234
1317401121.911298037 231.099846019 311.619211332 -11.158286317 -0.055111614 0.001074413 0.111513406 0.992232995
1317401122.015014887 232.069580918 311.843710296 -11.162903496 -0.054024323 0.002476668 0.110078895 0.992450440
1317401122.118742943 233.045875412 312.048730383 -11.170393748 -0.053470925 0.003810748 0.109594794 0.992529758
1317401122.222523928 234.039043369 312.283144076 -11.181566891 -0.052788724 0.005314268 0.108583853 0.992670467
1317401122.326326132 235.033044837 312.510401304 -11.185196389 -0.052254660 0.006108951 0.107520853 0.992809850
1317401122.430128098 236.022639997 312.736421205 -11.195953664 -0.052270515 0.006091491 0.106521580 0.992916834
1317401122.533946037 237.021942086 312.954806793 -11.211087126 -0.051771600 0.006090608 0.105905794 0.993008846
1317401122.637768030 237.993789872 313.171780920 -11.215921722 -0.051168018 0.006092355 0.104821830 0.993155124
1317401122.741590023 238.980852391 313.392710109 -11.229137442 -0.051138830 0.005818338 0.103388047 0.993308552
1317401122.845412016 239.976312638 313.600835293 -11.236700591 -0.050907555 0.005833991 0.101912256 0.993472837
1317401122.949234962 240.974673248 313.804113784 -11.246610386 -0.050811932 0.006304835 0.100562095 0.993612430
1317401123.053059101 241.984516844 314.031086767 -11.257775049 -0.050148267 0.006966394 0.098986853 0.993799891
1317401123.156883001 242.967146044 314.233882646 -11.264474173 -0.049852966 0.007578079 0.098020721 0.993906028
1317401123.260704994 243.950880703 314.444479402 -11.275607512 -0.049401232 0.007677322 0.096939083 0.994033898
1317401123.364506006 244.949697944 314.647082495 -11.284214959 -0.049287337 0.007162422 0.096316241 0.994103938
1317401123.468303919 245.903569185 314.844385456 -11.291496041 -0.049408311 0.006885427 0.095518741 0.994176835
1317401123.572129965 246.903358547 315.031127025 -11.306974805 -0.049879660 0.007265929 0.094763562 0.994222859
1317401123.675930023 247.890017291 315.229168559 -11.318258074 -0.049986543 0.007992094 0.093788704 0.994304355
1317401123.779727936 248.850395085 315.416253047 -11.325954674 -0.049614141 0.008359554 0.092844997 0.994408549
1317401123.883527279 249.810010392 315.610278818 -11.333172522 -0.049628186 0.008433908 0.091922660 0.994492904
1317401123.987302065 250.763078483 315.795152068 -11.348769792 -0.049598427 0.008633415 0.091079992 0.994570206
1317401124.091075897 251.718820116 315.981502943 -11.354472990 -0.049196129 0.008864245 0.090172006 0.994670888
1317401124.194849968 252.645617642 316.152122020 -11.366517291 -0.049057965 0.008857064 0.089417404 0.994745895
1317401124.298649073 253.564682325 316.322041701 -11.373821956 -0.049276704 0.008459020 0.088778038 0.994795814
1317401124.402472019 254.466961474 316.497801969 -11.385499037 -0.049921469 0.007719732 0.087892466 0.994848314
1317401124.506295919 255.386705349 316.676264499 -11.392205528 -0.050256980 0.006903700 0.086866675 0.994927513
1317401124.610117912 256.255031726 316.830688119 -11.399082453 -0.050858317 0.006693853 0.085598467 0.995008305
1317401124.713964939 257.131565845 316.992157756 -11.409076400 -0.051440825 0.007023317 0.083947652 0.995116730
1317401124.817812920 258.003903342 317.144093726 -11.416106379 -0.051393862 0.007572891 0.082184313 0.995262308
1317401124.921658039 258.861729984 317.289511178 -11.418520170 -0.051565787 0.007697914 0.079996285 0.995430714
1317401125.025552034 259.712364232 317.437895524 -11.425012535 -0.051919795 0.007619160 0.077159008 0.995636867
1317401125.129471064 260.552682488 317.570049884 -11.433868837 -0.052491308 0.007699134 0.073684934 0.995869427
1317401125.233412981 261.374486050 317.688283198 -11.436197247 -0.053277459 0.007905426 0.068899420 0.996168603
1317401125.337378979 262.170221297 317.807198975 -11.445079289 -0.054343050 0.007769841 0.063014985 0.996501668
1317401125.441370964 262.966662828 317.912466424 -11.447207316 -0.054756445 0.007397186 0.056283300 0.996884749
1317401125.545409679 263.747422187 317.995982488 -11.451449604 -0.054998162 0.006842619 0.048487881 0.997284967
1317401125.649471998 264.531073649 318.072965354 -11.453601533 -0.055364646 0.006370545 0.039440680 0.997666580
1317401125.753536940 265.298978159 318.132610923 -11.459749616 -0.054945039 0.006875185 0.029060289 0.998042722
1317401125.857623100 266.051121153 318.180037263 -11.466778329 -0.052824361 0.008331583 0.017567686 0.998414517
1317401125.961733103 266.789796142 318.215220107 -11.455396861 -0.048933790 0.008736527 0.005295471 0.998749776
1317401126.065865040 267.517716493 318.202787613 -11.447377719 -0.045340385 0.008159175 -0.007681493 0.998908741
1317401126.170001984 268.240158073 318.194288817 -11.446654245 -0.041596367 0.006370525 -0.021928641 0.998873512
1317401126.274138927 268.938554490 318.174233164 -11.440638487 -0.036360143 0.004419124 -0.037581794 0.998622061
1317401126.378297091 269.650172989 318.091802384 -11.429670737 -0.031962866 0.003372875 -0.053313178 0.998060471
1317401126.482455969 270.340266373 318.021785977 -11.416525617 -0.028156966 0.002804830 -0.070912698 0.997081094
1317401126.586615086 271.021919343 317.913333560 -11.405723930 -0.024870626 0.002590307 -0.088011999 0.995805518
1317401126.690773010 271.703318668 317.791834557 -11.383337141 -0.022416181 0.001837951 -0.105803439 0.994132672
1317401126.794929981 272.325944588 317.642704606 -11.368599854 -0.021873593 0.001079974 -0.125021697 0.991912272
1317401126.899090290 272.943442518 317.481919154 -11.358484338 -0.021913651 0.000433489 -0.145148279 0.989167115
1317401127.003249884 273.556511784 317.312088724 -11.341866376 -0.023488686 -0.001099747 -0.166285134 0.985797305
1317401127.107431889 274.130285421 317.106906783 -11.340164384 -0.025216443 -0.004365694 -0.188579629 0.981724399
1317401127.211663008 274.716928843 316.878468134 -11.309135161 -0.024884073 -0.006807038 -0.212853699 0.976743441
1317401127.315917015 275.279587426 316.607968676 -11.305026593 -0.024075194 -0.008477581 -0.237958552 0.970939876
1317401127.420147896 275.821176239 316.350224136 -11.268337851 -0.022277509 -0.010328720 -0.263947825 0.964224339
1317401127.524332047 276.363301742 316.009221454 -11.247712435 -0.021984339 -0.011482343 -0.288414299 0.957184432
1317401127.628490925 276.878848030 315.671462257 -11.212857966 -0.021900620 -0.011928919 -0.312855374 0.949473316
1317401127.732626915 277.376580649 315.311450761 -11.195713202 -0.023250248 -0.012890152 -0.336836268 0.941187866
1317401127.836690903 277.856093678 314.940612375 -11.153348957 -0.024007868 -0.014327965 -0.361225492 0.932059266
1317401127.940754890 278.299516548 314.522743499 -11.137288533 -0.025491976 -0.015860875 -0.384358455 0.922695600
1317401128.044807911 278.734666670 314.104694186 -11.091131483 -0.026259261 -0.017750505 -0.406762347 0.912983989
1317401128.148776054 279.166691790 313.644228199 -11.062304185 -0.027179238 -0.019555714 -0.427604774 0.903345460
1317401128.252701044 279.560830711 313.173889654 -11.013194402 -0.027904269 -0.019534400 -0.446902442 0.893933983
1317401128.356591940 279.944203631 312.674711763 -10.966875810 -0.028849690 -0.018202203 -0.465084597 0.884608779
1317401128.460442066 280.312832235 312.145796738 -10.942046127 -0.029403660 -0.015512146 -0.482051472 0.875511951
1317401128.564266920 280.675791393 311.597872798 -10.895680497 -0.028216103 -0.014747854 -0.498098034 0.866536035
1317401128.668061972 281.014362249 311.039361201 -10.839161813 -0.027132063 -0.015482782 -0.513050395 0.857789850
1317401128.771835089 281.328281269 310.454802259 -10.792780703 -0.027010921 -0.016119825 -0.526997327 0.849284628
1317401128.875586033 281.651223947 309.847897699 -10.751845109 -0.030294754 -0.015827020 -0.540784796 0.840466262
1317401128.979337931 281.954829394 309.225491032 -10.724925483 -0.032306137 -0.015409305 -0.553324617 0.832196332
1317401129.083066225 282.223728226 308.574180504 -10.678227799 -0.030933359 -0.015234017 -0.564913284 0.824429520
1317401129.186768055 282.497040779 307.911079775 -10.626194582 -0.029105462 -0.015588243 -0.575439888 0.817177346
1317401129.290468931 282.746026637 307.223838067 -10.569789716 -0.028055559 -0.016395677 -0.584646667 0.810636997
1317401129.394124985 282.994993615 306.543234147 -10.523048382 -0.027221930 -0.017128118 -0.591900061 0.805369425
1317401129.497755051 283.235743853 305.822439207 -10.465599338 -0.026592181 -0.017866994 -0.598083570 0.800793151
1317401129.601408005 283.454231261 305.123513962 -10.419610163 -0.026536127 -0.017423050 -0.603393463 0.796811521
1317401129.705063820 283.679922331 304.378445756 -10.371483592 -0.026040778 -0.016690555 -0.608044140 0.793300464
1317401129.808721066 283.886108728 303.645118622 -10.316980775 -0.025311887 -0.016049572 -0.612111874 0.790202995
1317401129.912424088 284.082663143 302.891063309 -10.267559779 -0.024054757 -0.015987111 -0.615973917 0.787236886
1317401130.016149998 284.272380817 302.106119156 -10.208537018 -0.023520945 -0.016252317 -0.619759903 0.784270546
1317401130.119853020 284.471083392 301.309419283 -10.159080683 -0.023900636 -0.015976393 -0.623582046 0.781229125
1317401130.223556042 284.634795038 300.513942000 -10.109861869 -0.024186784 -0.016198613 -0.626763794 0.778665365
1317401130.327281952 284.826945264 299.686158400 -10.055959422 -0.024232829 -0.016412443 -0.630292806 0.775805633
1317401130.431009054 285.027665191 298.844971657 -10.003544433 -0.023187202 -0.017366689 -0.633482173 0.773214775
1317401130.534737110 285.204721109 298.011206722 -9.947888270 -0.022924601 -0.017484120 -0.636303344 0.770900008
1317401130.638438940 285.385746298 297.161221418 -9.893268803 -0.022217226 -0.017848488 -0.639203660 0.768509276
1317401130.742141008 285.543312774 296.276077149 -9.828304783 -0.022268341 -0.017451787 -0.641831872 0.766323303
1317401130.845866919 285.692061301 295.446488190 -9.777862364 -0.021647758 -0.017441368 -0.643970050 0.764545452
1317401130.949594975 285.853275005 294.555976976 -9.718609400 -0.020808264 -0.017832379 -0.647193410 0.761833127
1317401131.053297997 285.999048991 293.664521415 -9.661016127 -0.019963668 -0.018581510 -0.649441706 0.759922134
1317401131.157000303 286.152086722 292.805060565 -9.596227862 -0.018177003 -0.020697853 -0.651104769 0.758487821
1317401131.260699987 286.301961502 291.898110939 -9.536338511 -0.017707471 -0.021438208 -0.652381967 0.757380101
1317401131.364403963 286.432105091 291.022494186 -9.479191686 -0.016378507 -0.022484224 -0.653015546 0.756833470
1317401131.468132019 286.554778227 290.118862408 -9.418766358 -0.015882203 -0.024245342 -0.653593976 0.756290178
1317401131.571835995 286.703782566 289.238626436 -9.346421472 -0.015674947 -0.027042973 -0.654286382 0.755600625
1317401131.675539017 286.856054395 288.317392912 -9.282740793 -0.016774054 -0.028943061 -0.654437738 0.755375521
1317401131.779240847 286.980414978 287.387720643 -9.226613257 -0.017543091 -0.028927906 -0.654021317 0.755719215
1317401131.882942915 287.105490865 286.523401670 -9.162006585 -0.016696746 -0.028695584 -0.653515874 0.756184359
1317401131.986673117 287.226954125 285.638225257 -9.097405106 -0.015372529 -0.028658000 -0.652863836 0.756776860
1317401132.090399027 287.370788048 284.742078736 -9.019208170 -0.014254128 -0.029252171 -0.651690946 0.757786276
1317401132.194098949 287.505516387 283.868390989 -8.947038017 -0.013723628 -0.029705926 -0.650616094 0.758701468
1317401132.297801971 287.642776327 282.964027339 -8.877986618 -0.012931491 -0.030329245 -0.648648511 0.760373608
1317401132.401505947 287.793638269 282.068720819 -8.805016642 -0.012311650 -0.030400650 -0.647356801 0.761481054
1317401132.505207062 287.951000420 281.175406424 -8.733506143 -0.012087429 -0.030232942 -0.644738877 0.763709136
1317401132.608956814 288.101279081 280.300892419 -8.655485282 -0.011129119 -0.030824341 -0.642593356 0.765506226
1317401132.712735891 288.266403730 279.436249076 -8.599873380 -0.011651876 -0.029815586 -0.639847556 0.767834858
1317401132.816510916 288.413512543 278.572662418 -8.528667033 -0.012367435 -0.028525717 -0.637625089 0.769719154
1317401132.920283079 288.583305131 277.687670334 -8.457436842 -0.012000902 -0.028560867 -0.635322794 0.771625040
1317401133.024058104 288.764574891 276.848699052 -8.393439761 -0.012807720 -0.028630764 -0.633344549 0.773234068
1317401133.127856016 288.937327027 275.944874360 -8.324641286 -0.013172928 -0.029028731 -0.632056803 0.774266107
1317401133.231678963 289.119528244 275.136455134 -8.264692459 -0.014397001 -0.028017403 -0.631118040 0.775046948
1317401133.335478067 289.313011744 274.207377422 -8.195689485 -0.014172234 -0.028030291 -0.630357845 0.775669026
1317401133.439277172 289.484858722 273.368733931 -8.129317451 -0.014114108 -0.028247357 -0.629881536 0.776049051
1317401133.543100119 289.669896950 272.501073124 -8.065360080 -0.014765183 -0.027801441 -0.629433486 0.776416484
1317401133.646921873 289.861972477 271.641115736 -8.001258517 -0.015177209 -0.027275426 -0.629137445 0.776667096
1317401133.750745058 290.037897277 270.829975127 -7.941524244 -0.015348630 -0.026740024 -0.629120426 0.776696131
1317401133.854569912 290.249079758 269.890014239 -7.871672582 -0.015332204 -0.026049094 -0.628933225 0.776871526
1317401133.958417892 290.442281391 269.061075641 -7.810432946 -0.016113578 -0.025069794 -0.629191341 0.776678901
1317401134.062288046 290.620232089 268.231528893 -7.742575879 -0.016806751 -0.024876473 -0.630211177 0.775843132
1317401134.166157961 290.801412521 267.390855696 -7.681332113 -0.017404581 -0.024522082 -0.631720641 0.774612665
1317401134.270028114 290.985918895 266.516499869 -7.616879880 -0.017576737 -0.024346497 -0.633009486 0.773561437
1317401134.373872995 291.163918555 265.650580191 -7.555041974 -0.017372315 -0.024175546 -0.634436907 0.772401163
1317401134.477720022 291.335867512 264.770294330 -7.486597886 -0.016667398 -0.024911255 -0.635842584 0.771236562
1317401134.581592083 291.517983510 263.896877983 -7.416214812 -0.016593477 -0.025321912 -0.637104432 0.770182706
1317401134.685440063 291.681111951 263.053736085 -7.360289621 -0.016249706 -0.025367966 -0.637861268 0.769561834
1317401134.789263964 291.852524767 262.189309956 -7.294390349 -0.016127862 -0.024888707 -0.638590405 0.768975123
1317401134.893085003 292.018135334 261.333677172 -7.234053596 -0.015999384 -0.024412578 -0.639172738 0.768509113
1317401134.996906996 292.186241713 260.461912441 -7.167434796 -0.016050370 -0.024995703 -0.639431798 0.768273764
1317401135.100707054 292.338461793 259.621829974 -7.102744245 -0.015640342 -0.025473522 -0.639263781 0.768406336
1317401135.204482079 292.504183392 258.756046532 -7.039442949 -0.015040648 -0.026078302 -0.638722583 0.768847945
1317401135.308254957 292.664507363 257.897037170 -6.974456104 -0.014937927 -0.026700379 -0.637967117 0.769455591
1317401135.412005901 292.837994622 257.046087757 -6.909452499 -0.014654692 -0.027269754 -0.636650376 0.770530921
1317401135.515758991 292.995078381 256.186669667 -6.846764580 -0.013571097 -0.028031746 -0.635383222 0.771568667
1317401135.619509935 293.171803208 255.339815676 -6.782730735 -0.013167820 -0.027385099 -0.633998976 0.772736671
1317401135.723258972 293.346457166 254.486772714 -6.715934526 -0.012752635 -0.026572977 -0.632508994 0.773992003
1317401135.827033043 293.539193327 253.647940728 -6.652180124 -0.012442466 -0.025568455 -0.631162030 0.775129622
1317401135.930809021 293.706074808 252.819801816 -6.596251717 -0.011794408 -0.024109441 -0.630255036 0.775924105
1317401136.034581900 293.899686692 251.972680234 -6.538439396 -0.011099712 -0.022747663 -0.629368528 0.776694661
1317401136.138356924 294.066087345 251.105193134 -6.471420748 -0.011300246 -0.021831199 -0.628727404 0.777237129
1317401136.242157936 294.263498253 250.280109400 -6.417290393 -0.011572031 -0.021995172 -0.628161526 0.777685925
1317401136.345978975 294.454451538 249.419648929 -6.359226427 -0.012636699 -0.021973469 -0.628150924 0.777678531
1317401136.449826002 294.623950225 248.602737358 -6.313100846 -0.012815508 -0.022296636 -0.628375796 0.777484715
1317401136.553672075 294.816231387 247.765150985 -6.256053508 -0.013589123 -0.022203769 -0.628479599 0.777390328
1317401136.657471895 294.990323174 246.924538487 -6.200588846 -0.013241826 -0.022545641 -0.628648042 0.777250273
1317401136.761271000 295.146420401 246.112350553 -6.146400946 -0.013133738 -0.022297344 -0.628800733 0.777135748
1317401136.865093946 295.348421971 245.261456826 -6.089738153 -0.013168977 -0.021723123 -0.628616195 0.777300690
1317401136.968892813 295.525653383 244.445162557 -6.033676104 -0.013066509 -0.021337908 -0.628267747 0.777594752
1317401137.072691917 295.696506273 243.654726709 -5.981544767 -0.013449904 -0.020787129 -0.628005133 0.777815241
1317401137.176537037 295.870665183 242.816242988 -5.924920190 -0.014621461 -0.020355112 -0.628088643 0.777738091
1317401137.280383348 296.044518637 242.009237572 -5.870357848 -0.014148251 -0.021035003 -0.628163110 0.777668607
1317401137.384229898 296.231826476 241.176819588 -5.817234408 -0.014071926 -0.021310646 -0.627957470 0.777828550
1317401137.488076687 296.419293306 240.345681509 -5.765047942 -0.014107894 -0.021318257 -0.627185358 0.778450400
1317401137.591923952 296.609304830 239.540143494 -5.711345235 -0.014528405 -0.021446852 -0.625922869 0.779454630
1317401137.695795059 296.799961548 238.729512209 -5.658460861 -0.014138060 -0.022005324 -0.624816920 0.780333068
1317401137.799665928 296.988936298 237.896244960 -5.604118379 -0.015605985 -0.021407499 -0.623772979 0.781156478
1317401137.903537035 297.175767381 237.117066210 -5.550938954 -0.016632677 -0.021009475 -0.622885517 0.781853944
1317401138.007409096 297.377782421 236.234348631 -5.492559774 -0.016514696 -0.021388472 -0.622227228 0.782370165
1317401138.111279011 297.593003104 235.381532004 -5.439050153 -0.017149914 -0.020900119 -0.621340470 0.783074125
1317401138.215173006 297.790554589 234.533701237 -5.381977035 -0.017498359 -0.020576037 -0.620643389 0.783627601
1317401138.319068909 298.003114875 233.681002666 -5.328479625 -0.017651157 -0.020887658 -0.620030666 0.784100833
1317401138.422962904 298.180833594 232.924929269 -5.276175053 -0.019519127 -0.020763154 -0.619672505 0.784342962
1317401138.526881933 298.413172205 232.021457563 -5.220011899 -0.020881424 -0.021217382 -0.619214431 0.784657427
1317401138.630822897 298.615792303 231.197161762 -5.158384869 -0.022180816 -0.020773347 -0.619051383 0.784762299
1317401138.734765053 298.843535756 230.287848500 -5.101046056 -0.021958188 -0.020203088 -0.619328372 0.784564874
1317401138.838710070 299.049197098 229.454781551 -5.043750131 -0.022531558 -0.018888025 -0.620307459 0.783807520
1317401138.942676067 299.262659316 228.560363115 -4.977627508 -0.022891643 -0.018103326 -0.621428868 0.782926819
1317401139.046618223 299.477078956 227.677086483 -4.916980826 -0.024319465 -0.017873308 -0.622557336 0.781991989
1317401139.150585890 299.704367110 226.723065525 -4.843921085 -0.025008888 -0.018751881 -0.624185096 0.780650939
1317401139.254580021 299.924499665 225.802743235 -4.789237276 -0.025600221 -0.018525526 -0.626357686 0.778895040
1317401139.358568907 300.129923498 224.879960156 -4.723716655 -0.025494658 -0.018151442 -0.629063535 0.776723642
1317401139.462579966 300.330223804 223.953807022 -4.660751072 -0.025088122 -0.017995947 -0.631746313 0.774560086
1317401139.566570997 300.515519925 223.150785387 -4.600930186 -0.025036905 -0.017514945 -0.634418600 0.772385539
1317401139.670538902 300.720959277 222.062903472 -4.523439596 -0.024666101 -0.017612054 -0.636842501 0.770397967
1317401139.774482012 300.895509356 221.151950186 -4.458691070 -0.024062298 -0.017805336 -0.639188007 0.768467740
1317401139.878398895 301.055246573 220.299117072 -4.395214243 -0.023739435 -0.017482615 -0.640802615 0.767139365
1317401139.982299089 301.249525322 219.316678495 -4.331569807 -0.022757993 -0.017230887 -0.641874363 0.766278325
1317401140.086170912 301.426152630 218.380615291 -4.259243414 -0.020967771 -0.017581175 -0.642778561 0.765563176
1317401140.190040112 301.612474880 217.388999006 -4.186465230 -0.020569393 -0.017524835 -0.643718143 0.764785416
1317401140.293910980 301.748937920 216.600320862 -4.131602037 -0.020697876 -0.017634751 -0.644201927 0.764371959
1317401140.397753954 301.953226098 215.543781525 -4.064108613 -0.020618288 -0.017473787 -0.645166787 0.763563599
1317401140.501604080 302.109562171 214.644256969 -4.004132276 -0.020589922 -0.017248234 -0.645790892 0.763041727
1317401140.605477095 302.270311667 213.724826038 -3.939204966 -0.020132770 -0.016981374 -0.646445365 0.762505537
1317401140.709343910 302.424800367 212.798217508 -3.876356128 -0.019509707 -0.017215243 -0.647071137 0.761985531
1317401140.813213110 302.583021211 211.915971122 -3.807671609 -0.019676697 -0.017459054 -0.647893852 0.761276274
1317401140.917083979 302.730618446 211.015327753 -3.748673782 -0.019496611 -0.017277141 -0.648994666 0.760346833
1317401141.020977974 302.879198470 210.095992923 -3.687797240 -0.019140723 -0.017240263 -0.650422032 0.759136079
1317401141.124874353 303.018441822 209.235783576 -3.626309836 -0.018744717 -0.017536637 -0.651827276 0.757932916
1317401141.228744984 303.161413968 208.339695010 -3.565327920 -0.018304363 -0.018609110 -0.653064341 0.756852442
1317401141.332638025 303.305772112 207.428047552 -3.500168622 -0.017896064 -0.020306391 -0.654315421 0.755737197
1317401141.436533928 303.420825784 206.639504761 -3.450390118 -0.017589747 -0.021420462 -0.655424639 0.754751819
1317401141.540380001 303.569133412 205.656234563 -3.387134184 -0.016752510 -0.020881601 -0.656033968 0.754256419
1317401141.644226074 303.677255101 204.851690908 -3.337579613 -0.014819129 -0.020118463 -0.656159792 0.754208173
1317401141.748073101 303.786730573 203.988098565 -3.268208254 -0.013113235 -0.021042222 -0.656057606 0.754303444
1317401141.851870060 303.951867316 203.025282187 -3.197730789 -0.012547150 -0.022739854 -0.655140596 0.755060440
1317401141.955646992 304.072584912 202.203598446 -3.145634219 -0.012980488 -0.023284440 -0.653998481 0.756026010
1317401142.059421301 304.197954404 201.338906024 -3.092305718 -0.012240861 -0.023932626 -0.652363186 0.757429643
1317401142.163175106 304.348763703 200.432357425 -3.031051628 -0.011811368 -0.023972561 -0.650014722 0.759451558
1317401142.266926050 304.488013585 199.562573935 -2.972912544 -0.010721969 -0.024180163 -0.647281205 0.761792230
1317401142.370721102 304.635863138 198.700550216 -2.916013554 -0.010179189 -0.023589418 -0.644384987 0.764269528
1317401142.474541903 304.779310340 197.826299812 -2.866910688 -0.009721551 -0.022002776 -0.641537338 0.766714558
1317401142.578366041 304.966591767 196.915324168 -2.808717820 -0.009597842 -0.020486635 -0.638450200 0.769330567
1317401142.682166100 305.102323399 196.150598606 -2.758875863 -0.009925260 -0.020647437 -0.635206040 0.772002888
1317401142.785965919 305.286990078 195.288496368 -2.702382457 -0.008188931 -0.022796925 -0.632116593 0.774494580
1317401142.889765024 305.469220822 194.397268512 -2.655255143 -0.009167512 -0.022912832 -0.628705998 0.777251392
1317401142.993540049 305.638043180 193.545714654 -2.609472479 -0.010710932 -0.021149315 -0.625977577 0.779480632
1317401143.097340107 305.851241993 192.701521929 -2.552287376 -0.010028326 -0.021194071 -0.622484163 0.782281095
1317401143.201138020 306.048283991 191.838140136 -2.500685291 -0.010529162 -0.020284986 -0.619215403 0.784888489
1317401143.304936886 306.296424732 190.930251811 -2.447475610 -0.011741607 -0.019026787 -0.616107702 0.787344534
1317401143.408760071 306.501372575 190.113957008 -2.399894315 -0.013006296 -0.018022241 -0.613998546 0.788994183
1317401143.512606859 306.722553968 189.235578227 -2.348302013 -0.015446898 -0.016416874 -0.612936536 0.789810535
1317401143.616477013 306.956237609 188.348191518 -2.295423681 -0.016029320 -0.015977250 -0.612062377 0.790485569
1317401143.720347881 307.194599329 187.470909920 -2.247481349 -0.017142812 -0.014886427 -0.611314598 0.791061932
1317401143.824219942 307.426458485 186.592967863 -2.194908094 -0.016757214 -0.014590111 -0.610631584 0.791603053
1317401143.928088903 307.660853807 185.722119832 -2.141657257 -0.017267708 -0.014040099 -0.610130497 0.791988307
1317401144.031981707 307.909582137 184.847791158 -2.082785922 -0.016770270 -0.013859736 -0.609855345 0.792214064
1317401144.135904074 308.150535602 183.975484480 -2.037230572 -0.018289756 -0.012456719 -0.610162697 0.791967044
1317401144.239845037 308.389290953 183.097077739 -1.992926482 -0.020169046 -0.010898896 -0.611441928 0.790957137
1317401144.343788147 308.633367333 182.228829800 -1.934150831 -0.021025131 -0.010880388 -0.613085612 0.789661696
1317401144.447731018 308.870233791 181.355873086 -1.891243805 -0.021498214 -0.010625379 -0.615439923 0.787818907
1317401144.551721334 309.085364510 180.465099813 -1.836362546 -0.022041329 -0.010826081 -0.618337813 0.785528692
1317401144.655689001 309.308427226 179.596758372 -1.783393762 -0.022219117 -0.011253312 -0.621430912 0.783072982
1317401144.759630919 309.530408401 178.723737055 -1.733952881 -0.022862125 -0.011403429 -0.624290215 0.780774624
1317401144.863598108 309.735530373 177.827227551 -1.680996104 -0.023449171 -0.011718725 -0.627546803 0.778137403
1317401144.967564106 309.943650048 176.981020976 -1.624105216 -0.023299854 -0.012561478 -0.631214276 0.775156671
1317401145.071529865 310.122119723 176.082129058 -1.571936203 -0.024482432 -0.012711547 -0.635138500 0.771905508
1317401145.175497055 310.309609384 175.242245161 -1.512993993 -0.024693831 -0.012630753 -0.639201436 0.768539006
1317401145.279463053 310.472401700 174.355839281 -1.464436263 -0.024223304 -0.012100974 -0.643160536 0.765252457
1317401145.383407116 310.618874255 173.476536086 -1.408730997 -0.023756751 -0.011634407 -0.647300942 0.761775392
1317401145.487349987 310.764709835 172.615606041 -1.346645092 -0.021792451 -0.012732123 -0.651364492 0.758345093
1317401145.591291904 310.900955805 171.758894804 -1.292193558 -0.021558811 -0.013636883 -0.655098291 0.755112894
1317401145.695209026 311.034457147 170.900565895 -1.236238665 -0.020132778 -0.015253932 -0.658701672 0.751980117
1317401145.799127102 311.152236498 170.017827263 -1.180706511 -0.018627480 -0.016585791 -0.661611721 0.749431690
1317401145.902998924 311.249487429 169.181022061 -1.125660291 -0.016627355 -0.017973771 -0.663739706 0.747562758
1317401146.006820917 311.365612795 168.324950782 -1.067202101 -0.014613190 -0.018631818 -0.665212968 0.746278110
1317401146.110646009 311.467784475 167.462873099 -1.012567282 -0.012282234 -0.019207540 -0.666368127 0.745274269
1317401146.214467049 311.564100496 166.631094038 -0.956376620 -0.010652968 -0.019916233 -0.667184074 0.744550381
1317401146.318289995 311.653830097 165.814873300 -0.906206862 -0.009277973 -0.020767832 -0.667600012 0.744172588
1317401146.422091007 311.745452822 164.995251530 -0.851892475 -0.008095874 -0.022131018 -0.667736087 0.744024995
1317401146.525866032 311.835320547 164.228364864 -0.804042965 -0.007048928 -0.022747601 -0.667547275 0.744186465
1317401146.629642010 311.910913788 163.489288982 -0.759603944 -0.005974802 -0.023177017 -0.667274985 0.744426774
1317401146.733417034 311.995934143 162.760582330 -0.713680620 -0.005071043 -0.023805330 -0.666904992 0.744745139
1317401146.837188959 312.073736408 162.043773245 -0.666790059 -0.004259397 -0.024134795 -0.666589291 0.745022205
1317401146.940965891 312.143612369 161.368262164 -0.624114030 -0.003224884 -0.024613692 -0.666342886 0.745232128
1317401147.044761896 312.224280135 160.692620339 -0.580346563 -0.002459529 -0.025184730 -0.665996551 0.745525502
1317401147.148560047 312.291817818 160.069070030 -0.546157880 -0.001891371 -0.025030812 -0.665783798 0.745722345
1317401147.252335072 312.371816063 159.456628306 -0.501761204 -0.001008023 -0.025370119 -0.665575861 0.745898193
1317401147.356108904 312.429142046 158.857098980 -0.465150021 -0.000458377 -0.025707950 -0.665150841 0.746266205
1317401147.459884882 312.512447362 158.302340881 -0.430353486 -0.000303349 -0.026237211 -0.664721716 0.746630134
1317401147.563637018 312.574610043 157.738352245 -0.394999806 0.000158705 -0.027838536 -0.663773598 0.747415280
1317401147.667365074 312.636058853 157.218004295 -0.361207983 0.000137401 -0.029199413 -0.662468115 0.748520789
1317401147.771090031 312.700042781 156.703557036 -0.328454451 -0.000268222 -0.029786785 -0.660474495 0.750257368
1317401147.874814034 312.767086407 156.226227613 -0.304801982 0.001247949 -0.030265694 -0.657981902 0.752424247
1317401147.978518009 312.831553091 155.752807596 -0.283765705 0.002411738 -0.029297858 -0.654787040 0.755241519
1317401148.082196951 312.891265270 155.299731770 -0.249478500 0.004178754 -0.029519641 -0.650297878 0.759094064
1317401148.185852051 312.980180042 154.855148017 -0.212975551 0.005265820 -0.030993706 -0.644350886 0.764083501
1317401148.289484024 313.059763071 154.423083250 -0.177450575 0.004609998 -0.031744028 -0.636661058 0.770476321
1317401148.393090010 313.147328401 154.010466561 -0.147712841 0.002567091 -0.031640562 -0.627108072 0.778285135
1317401148.496696949 313.280294501 153.611119887 -0.129498690 0.000748832 -0.032052826 -0.615205318 0.787714715
1317401148.600352049 313.379713142 153.211426360 -0.114833276 -0.000933479 -0.031725125 -0.601287076 0.798402466
1317401148.704004049 313.507671813 152.831999151 -0.095552986 -0.002189836 -0.030356814 -0.586426358 0.809430537
1317401148.807660103 313.625657551 152.442017817 -0.072103010 -0.002996265 -0.027880602 -0.570025600 0.821148287
1317401148.911365986 313.785392498 152.078562681 -0.044678744 -0.004287861 -0.024698568 -0.553466684 0.832493979
1317401149.015068054 313.955771131 151.729836628 -0.016067830 -0.005230610 -0.021446428 -0.536314065 0.843729764
1317401149.118771315 314.120400908 151.398208712 0.015926926 -0.007187516 -0.018494727 -0.518311550 0.854961650
1317401149.222520113 314.299317582 151.059304861 0.040148597 -0.009648146 -0.016810194 -0.499743862 0.865956352
1317401149.326270103 314.494441721 150.756710182 0.049496323 -0.011538972 -0.016405702 -0.481223403 0.876368496
1317401149.430011034 314.703238635 150.469019773 0.065503026 -0.012275859 -0.015807539 -0.461924955 0.886693161
1317401149.533739090 314.916274597 150.161588312 0.086319244 -0.012324329 -0.014815774 -0.442714469 0.896455522
1317401149.637475014 315.143022153 149.883318043 0.107090686 -0.013421816 -0.013151846 -0.423409317 0.905743581
1317401149.741225958 315.380608140 149.607786049 0.123952308 -0.014932572 -0.012283720 -0.403834870 0.914627534
1317401149.844979048 315.629179612 149.341609808 0.139680761 -0.016817872 -0.012179850 -0.383519779 0.923299187
1317401149.948753119 315.905796254 149.080982823 0.145152177 -0.017445180 -0.012626948 -0.362800824 0.931617834
1317401150.052500963 316.201457366 148.828821520 0.158073065 -0.016248090 -0.013741847 -0.341208456 0.939746748
1317401150.156229019 316.515017581 148.580510560 0.181113153 -0.014218578 -0.014547902 -0.318563807 0.947683118
1317401150.259979963 316.841041079 148.349049069 0.210585313 -0.013930228 -0.014997612 -0.295439175 0.955142248
1317401150.363730907 317.190830500 148.120735174 0.225886278 -0.015938395 -0.014216457 -0.271527006 0.962193819
1317401150.467458010 317.564319949 147.890927963 0.233912141 -0.019040752 -0.012546772 -0.246419610 0.968894940
1317401150.571186066 317.964756802 147.688613772 0.223759912 -0.020102888 -0.011064652 -0.221640302 0.974858463
1317401150.674936056 318.386573808 147.469436938 0.245489331 -0.017676483 -0.010398176 -0.197424084 0.980103643
1317401150.778733015 318.833918988 147.277172762 0.272068883 -0.014957252 -0.008976785 -0.173427102 0.984692205
1317401150.882580042 319.321365142 147.118655700 0.301160747 -0.014011781 -0.005673102 -0.150791383 0.988450021
1317401150.986474991 319.831323583 146.965639628 0.309757176 -0.015059058 -0.003343195 -0.128927403 0.991534050
1317401151.090418100 320.363630765 146.829072288 0.309122948 -0.015522803 -0.002122129 -0.108690853 0.993952130
1317401151.194360971 320.955976574 146.702530154 0.306382980 -0.014260125 -0.000157316 -0.089580319 0.995877498
1317401151.298304081 321.563183795 146.593389646 0.316835527 -0.009734790 0.002189316 -0.070926181 0.997431661
1317401151.402296066 322.155864982 146.494607584 0.325113224 -0.006010919 0.003220942 -0.052412920 0.998602213
1317401151.506283998 322.806128893 146.437471563 0.332871558 -0.003652935 0.002397217 -0.033989316 0.999412645
1317401151.610253096 323.453304458 146.385932915 0.336073632 -0.001844291 0.001170106 -0.015882080 0.999871486
1317401151.714268923 324.128221372 146.362497852 0.342640520 -0.002000046 -0.001062580 0.001139263 0.999996786
1317401151.818305969 324.805309904 146.368313942 0.331612151 -0.003367810 -0.001751051 0.017167718 0.999845419
1317401151.922366858 325.547831665 146.395789762 0.330208080 -0.004076049 -0.000256810 0.031120039 0.999507310
1317401152.026478052 326.280925229 146.439318771 0.327701478 -0.004494508 0.003290685 0.044151200 0.999009330
1317401152.130589008 327.043367845 146.508391975 0.330165803 -0.003975871 0.006388083 0.055784438 0.998414484
1317401152.234724045 327.818326518 146.592877048 0.326225029 -0.004826707 0.008101393 0.065785361 0.997789235
1317401152.338882923 328.607808518 146.699283616 0.324959419 -0.003955585 0.008209487 0.074799352 0.997156966
1317401152.443017960 329.431187337 146.815983104 0.322278914 -0.003618081 0.006322120 0.082653726 0.996551706
1317401152.547152996 330.257019904 146.956538847 0.306585122 -0.003011010 0.005351829 0.089500047 0.995967888
1317401152.651335955 331.095549614 147.115577323 0.292226983 -0.004474868 0.005288222 0.095058189 0.995447613
1317401152.755542040 331.942711838 147.284224700 0.269387893 -0.005914500 0.008155002 0.098708229 0.995065425
1317401152.859747887 332.874378629 147.462925085 0.266410199 -0.006011676 0.011399579 0.101478508 0.994754252
1317401152.964001894 333.733039316 147.648566720 0.250690774 -0.007390444 0.012672129 0.102329431 0.994642391
1317401153.068281889 334.657348374 147.841760687 0.254651164 -0.007974658 0.010953476 0.101843992 0.994708112
1317401153.172537088 335.574988721 148.038672024 0.235592357 -0.006981157 0.007970708 0.099956026 0.994935437
1317401153.276767969 336.534612718 148.217227677 0.209394372 -0.008375432 0.006441431 0.098156217 0.995114927
1317401153.380975962 337.476149413 148.419523612 0.199512059 -0.007858080 0.007212453 0.095926678 0.995331253
1317401153.485181093 338.410520912 148.594295417 0.192245215 -0.007233788 0.007322995 0.094009908 0.995518048
1317401153.589361906 339.386671277 148.778372064 0.196539336 -0.006669411 0.006190994 0.091214585 0.995789682
1317401153.693496943 340.330380102 148.967088109 0.172883244 -0.008727389 0.005952920 0.088054123 0.996059670
1317401153.797609329 341.321986600 149.142156427 0.172278904 -0.008346029 0.008943043 0.084760694 0.996326247
1317401153.901695967 342.284414781 149.317341355 0.149025176 -0.007816119 0.014042125 0.081497188 0.996543996
1317401154.005733967 343.255732310 149.487201374 0.162750590 -0.004852648 0.016542764 0.079451392 0.996689653
1317401154.109750986 344.231189736 149.651758674 0.154341392 -0.002818127 0.014514392 0.077757231 0.996862680
1317401154.213768959 345.143068280 149.799344193 0.149293009 -0.002840742 0.010180794 0.076387277 0.997022199
1317401154.317759991 346.122753942 149.953718576 0.123691786 -0.005007659 0.007719692 0.074889302 0.997149398
1317401154.421724081 347.076424223 150.108615972 0.098473300 -0.006987612 0.009005385 0.073431559 0.997235119
1317401154.525690079 348.035618857 150.253319419 0.093394759 -0.009240452 0.010327616 0.072390668 0.997280074
1317401154.629631042 348.989404589 150.396451610 0.090467908 -0.010776415 0.010618770 0.071903887 0.997296817
1317401154.733550072 349.942392639 150.552628841 0.086222282 -0.010720289 0.008742411 0.072088719 0.997302292
1317401154.837445974 350.894609935 150.688006871 0.063681715 -0.010294232 0.007516917 0.072648389 0.997276158
1317401154.941315889 351.836219266 150.833011306 0.073858465 -0.009418057 0.007854579 0.074077507 0.997177080
1317401155.045186043 352.788673860 150.978006417 0.057950195 -0.008489455 0.009849706 0.075437074 0.997065775
1317401155.149055958 353.732778142 151.125465190 0.059418930 -0.006860601 0.011145970 0.077145296 0.996933951
1317401155.252928019 354.663332220 151.275589812 0.054032458 -0.005665365 0.011114312 0.078925183 0.996802484
1317401155.356797934 355.589872182 151.427430570 0.055729024 -0.005151737 0.010217781 0.080408000 0.996696348
1317401155.460669041 356.497275319 151.573253495 0.030533108 -0.005576546 0.011227334 0.081650874 0.996582151
1317401155.564564943 357.399891149 151.718892915 0.029089400 -0.005483755 0.012963800 0.083202904 0.996433212
1317401155.668461084 358.265167768 151.889297008 0.028334841 -0.003169725 0.013136248 0.085095283 0.996281177
1317401155.772332907 359.139761561 152.036293604 0.026997843 -0.002758930 0.011524943 0.086288395 0.996199717
1317401155.876178026 359.985524868 152.188845510 0.021366791 -0.003851419 0.009680656 0.087382386 0.996120359
1317401155.980026007 360.758113699 152.327222287 -0.005850780 -0.004697672 0.010049496 0.088605150 0.996005054
1317401156.083873034 361.579116067 152.487114283 -0.000696126 -0.004365086 0.011186237 0.090228462 0.995848703
1317401156.187717915 362.352938265 152.618968500 0.003004449 -0.003051566 0.011882808 0.091746473 0.995706820
1317401156.291539907 363.110476893 152.771499474 -0.000428943 -0.003587233 0.011841521 0.093946318 0.995500376
1317401156.395339012 363.830753672 152.918160471 -0.009108577 -0.004124856 0.012401521 0.096441848 0.995252811
1317401156.499161005 364.546401369 153.057744011 -0.007325963 -0.005121574 0.013047534 0.099192706 0.994969516
1317401156.602961063 365.197483301 153.199513953 -0.014890281 -0.005218512 0.013843272 0.102287719 0.994644838
1317401156.706758976 365.863006034 153.341240922 -0.022846087 -0.005710013 0.014851813 0.105815201 0.994258499
1317401156.810555935 366.496997657 153.468159347 -0.017348552 -0.005945358 0.015048233 0.109674013 0.993835909
1317401156.914330006 367.087829160 153.613285424 -0.033507201 -0.006103145 0.015275020 0.115326254 0.993191462
1317401157.018059015 367.663696378 153.744220734 -0.034562990 -0.005838057 0.015575683 0.122182498 0.992368254
1317401157.121762037 368.194246892 153.886309624 -0.037324580 -0.004964792 0.015001217 0.130448222 0.991329196
1317401157.225486040 368.736543700 154.031544228 -0.047054778 -0.005794066 0.014081980 0.139959085 0.990040192
1317401157.329189777 369.234583194 154.178142331 -0.044211946 -0.006535887 0.012661082 0.150282629 0.988540394
1317401157.432893991 369.748393843 154.344499451 -0.068881782 -0.007730265 0.011205012 0.162374052 0.986635372
1317401157.536597967 370.234267422 154.534069094 -0.081497697 -0.007375216 0.011467714 0.175978496 0.984299582
1317401157.640281200 370.732621557 154.689313935 -0.084134121 -0.007884931 0.012214298 0.190875166 0.981506653
1317401157.743958950 371.207236353 154.905212540 -0.091267646 -0.009336918 0.013046496 0.206335229 0.978349827
1317401157.847608089 371.634385874 155.109658075 -0.096709939 -0.011466020 0.014081202 0.222720791 0.974713137
1317401157.951261997 372.111603236 155.332931266 -0.100444574 -0.013448637 0.015082817 0.241244200 0.970254028
1317401158.054943085 372.512709568 155.605417370 -0.117762488 -0.015114286 0.015029970 0.261012188 0.965100148
1317401158.158623934 372.922948436 155.884287811 -0.134931383 -0.018191605 0.015412618 0.281373467 0.959302084
1317401158.262301922 373.339417364 156.154396501 -0.150372289 -0.021732860 0.016669559 0.302099148 0.952882948
1317401158.366003036 373.747132521 156.478221187 -0.165940802 -0.023805103 0.017967261 0.321795534 0.946339331
1317401158.469728947 374.079065018 156.759591188 -0.182464270 -0.024297959 0.018898437 0.343025291 0.938821659
1317401158.573456049 374.500134828 157.139584537 -0.195889294 -0.023939733 0.019176980 0.362692869 0.931403788
1317401158.677182913 374.850369570 157.496605756 -0.219947739 -0.024289675 0.019395335 0.383088169 0.923188652
1317401158.780909061 375.178817814 157.836637356 -0.246400079 -0.026130526 0.020128713 0.403772033 0.914264828
1317401158.884634972 375.539848054 158.248019592 -0.280827720 -0.026872535 0.021582176 0.424373866 0.904830867
1317401158.988365173 375.861748036 158.664865629 -0.315071765 -0.026388052 0.023661629 0.445375577 0.894642048
1317401159.092068911 376.178671233 159.087267307 -0.333631574 -0.024611715 0.025465584 0.467015438 0.883539670
1317401159.195746899 376.480956303 159.536076016 -0.348044111 -0.022720835 0.025427374 0.488971009 0.871633274
1317401159.299424887 376.783311209 160.027773030 -0.392629696 -0.020569394 0.024226340 0.510988599 0.858999788
1317401159.403103113 377.041201971 160.517862664 -0.436112039 -0.017845227 0.023096342 0.533412837 0.845351319
1317401159.506782055 377.253343476 161.052375394 -0.459722038 -0.015346198 0.022001552 0.556058412 0.830710219
1317401159.610510111 377.477171795 161.585777518 -0.502423876 -0.015197614 0.020984228 0.578156354 0.815514516
1317401159.714282990 377.647694990 162.161603337 -0.534752191 -0.016588002 0.021242168 0.599254064 0.800105102
1317401159.818056107 377.811031488 162.727335109 -0.575658535 -0.017306617 0.022053937 0.619765209 0.784286421
1317401159.921855927 377.934056189 163.326653447 -0.596390558 -0.018253370 0.023191982 0.639193441 0.768479467
1317401160.025725842 378.052517522 163.943298411 -0.635678715 -0.019253836 0.024135725 0.657084751 0.753184165
1317401160.129668951 378.095196457 164.586509113 -0.658559233 -0.020114613 0.024290317 0.673372133 0.738630728
1317401160.233661890 378.177513029 165.233652375 -0.698473164 -0.019865209 0.023207131 0.688815609 0.724292661
1317401160.337702990 378.197423417 165.889134686 -0.736934898 -0.019174244 0.021714785 0.702586110 0.711008843
1317401160.441787958 378.157327978 166.569733680 -0.788463221 -0.018748878 0.021446527 0.714356330 0.699202088
1317401160.545945883 378.166287897 167.263194139 -0.825565374 -0.019336274 0.021915683 0.724228842 0.688940053
1317401160.650177002 378.177225650 167.985375763 -0.866569673 -0.020223708 0.023374419 0.732241867 0.680342918
1317401160.754456043 378.086923890 168.704020627 -0.901491434 -0.021206283 0.025301293 0.738110792 0.673871350
1317401160.858758926 378.024799538 169.468821699 -0.940682377 -0.021425668 0.026437759 0.743055929 0.668363577
1317401160.963094950 377.943353679 170.231302590 -0.982794700 -0.021499472 0.026901874 0.746260715 0.664762369
1317401161.067445993 377.846304706 170.997977680 -1.028106071 -0.021185547 0.027076367 0.748905342 0.661784581
1317401161.171761990 377.762078111 171.762877906 -1.073491340 -0.020757828 0.026816101 0.749629504 0.660988363
1317401161.276066065 377.632855573 172.567981441 -1.125701401 -0.021071546 0.026646123 0.750278866 0.660248133
1317401161.380369902 377.524208234 173.380988780 -1.174280408 -0.020948672 0.027066453 0.750148177 0.660383429
1317401161.484622955 377.428861365 174.203007532 -1.226678070 -0.020673658 0.027829533 0.750103928 0.660410640
1317401161.588829041 377.304602656 175.039961792 -1.274127562 -0.019568574 0.028806187 0.750066345 0.660445118
1317401161.693037033 377.209610767 175.882286037 -1.321480039 -0.019133683 0.029192727 0.749054915 0.661587803
1317401161.797219038 377.096458350 176.748859760 -1.378073703 -0.018823453 0.030030540 0.749108980 0.661497982
1317401161.901352882 376.982004674 177.628149890 -1.432112000 -0.018557182 0.031214984 0.748932239 0.661650782
1317401162.005464077 376.851716526 178.516423050 -1.483878594 -0.017708620 0.032721828 0.748946234 0.661585388
1317401162.109575987 376.753019170 179.410624750 -1.536795552 -0.016777834 0.033693358 0.748862208 0.661655995
1317401162.213660002 376.636445070 180.315781789 -1.597746956 -0.016442072 0.034122212 0.748694192 0.661832562
1317401162.317723989 376.516347369 181.264713512 -1.656701901 -0.015271086 0.035521398 0.748843232 0.661618348
1317401162.421761990 376.387203808 182.211778099 -1.718651544 -0.015467672 0.035804136 0.748761204 0.661691374
1317401162.525778294 376.275373898 183.185031186 -1.776208161 -0.013685425 0.037540821 0.748501639 0.661928011
1317401162.629768848 376.162579794 184.094432145 -1.834953743 -0.012522169 0.037994865 0.748678720 0.661724837
1317401162.733736038 376.013372047 185.078238787 -1.893222879 -0.010606096 0.038682460 0.749537687 0.660745363
1317401162.837680101 375.891699046 186.046152526 -1.961171548 -0.010762926 0.038167172 0.750054514 0.660186074
1317401162.941597939 375.754135461 187.057218623 -2.026843330 -0.010652341 0.039794418 0.751325030 0.658645300
1317401163.045492887 375.637797693 188.071162287 -2.087781185 -0.011457512 0.041749573 0.752553630 0.657106332
1317401163.149363041 375.481974605 189.104353887 -2.148091500 -0.010953631 0.043886053 0.754491411 0.654749374
1317401163.253210068 375.328682420 190.157395892 -2.211655301 -0.010589627 0.043643782 0.756765217 0.652142229
1317401163.357057095 375.167656106 191.209062654 -2.287477668 -0.010865556 0.043577635 0.759009728 0.649528415
1317401163.460926056 375.001825894 192.258904384 -2.364561299 -0.012203689 0.044101346 0.761387184 0.646680522
1317401163.564798117 374.810862253 193.310299564 -2.436198109 -0.014359564 0.044611783 0.763765469 0.643790260
1317401163.668669939 374.632638071 194.379383696 -2.502531334 -0.013945679 0.044628768 0.766163790 0.640942149
1317401163.772515059 374.420622103 195.430847701 -2.557160332 -0.011663576 0.042932963 0.768659930 0.638108638
1317401163.876362085 374.227586627 196.479431224 -2.630341994 -0.009561033 0.040909957 0.770812454 0.635675328
1317401163.980232954 373.994204590 197.544639990 -2.705139198 -0.010188258 0.040074697 0.773404536 0.632562758
1317401164.084103823 373.778751063 198.587490411 -2.768865994 -0.010543291 0.041051325 0.775654000 0.629733674
1317401164.187973976 373.546577055 199.640067167 -2.817886997 -0.010517128 0.041562294 0.777811941 0.627033133
1317401164.291845083 373.331928508 200.668411953 -2.881902144 -0.010921367 0.041206121 0.779808843 0.624564607
1317401164.395716906 373.088955990 201.707852081 -2.945338874 -0.011614295 0.040557747 0.782075703 0.621753788
1317401164.499587059 372.837299295 202.750877042 -2.997799246 -0.012326058 0.039970573 0.783904308 0.619471111
1317401164.603458166 372.595236277 203.787869483 -3.052140674 -0.012729196 0.040607208 0.785445587 0.617465993
1317401164.707329035 372.336609143 204.809923210 -3.104629284 -0.013548757 0.041346309 0.786680602 0.615825092
1317401164.811248779 372.088289144 205.824302303 -3.166537820 -0.013593199 0.042187641 0.787649677 0.614526984
1317401164.915215015 371.836842901 206.808383586 -3.221598669 -0.015104564 0.039286504 0.788327091 0.613814972
1317401165.019181967 371.573616356 207.807555939 -3.279008439 -0.015082666 0.037843588 0.788391055 0.613824015
1317401165.123147011 371.326524955 208.776739097 -3.345694018 -0.018004705 0.036283735 0.788565554 0.613615260
1317401165.227113962 371.070388456 209.702583900 -3.408396413 -0.020600028 0.037134876 0.788796240 0.613186050
1317401165.331083059 370.820668833 210.656837363 -3.444220582 -0.019696718 0.039373021 0.788622217 0.613299930
1317401165.435048103 370.592692165 211.568327850 -3.498403900 -0.019887788 0.037430478 0.788862463 0.613106393
1317401165.539015055 370.367538076 212.450587693 -3.552901487 -0.020020390 0.035943492 0.788996890 0.613018072
1317401165.643007040 370.142185996 213.297738466 -3.610750312 -0.021688700 0.034727052 0.788699456 0.613414052
1317401165.747021914 369.923525728 214.128280045 -3.655514139 -0.022936277 0.034321232 0.787712332 0.614658656
1317401165.851036072 369.706607209 214.949559536 -3.711281727 -0.023840354 0.032689182 0.786710863 0.615994377
1317401165.955049992 369.499139845 215.816642060 -3.756567971 -0.023017166 0.031852685 0.785449289 0.617677125
1317401166.059063911 369.303577879 216.595758413 -3.804667503 -0.022241788 0.031270221 0.784143882 0.619391514
1317401166.163079977 369.094595191 217.406826867 -3.851539942 -0.021179614 0.032201450 0.783057393 0.620754065
1317401166.267095089 368.889662781 218.259136443 -3.909717416 -0.022047992 0.031546975 0.782171366 0.621873483
1317401166.371085882 368.696746317 219.050238486 -3.958306830 -0.022252513 0.031825358 0.781336656 0.622900476
1317401166.475075722 368.500915035 219.877523212 -4.008033152 -0.021801275 0.031649223 0.780501241 0.623971829
1317401166.579067945 368.304101634 220.670502615 -4.052700280 -0.021037447 0.031113007 0.779454965 0.625331403
1317401166.683058023 368.115616192 221.483394309 -4.095683620 -0.021680938 0.029117724 0.778389009 0.626731717
1317401166.787096024 367.947016066 222.295385357 -4.151544240 -0.023181043 0.028756137 0.776809053 0.628652065
1317401166.891134977 367.780407277 223.106916091 -4.203909901 -0.025521985 0.029955932 0.775376202 0.630272176
1317401166.995173931 367.601602579 223.887292513 -4.258822445 -0.026734335 0.032577052 0.773878217 0.631930785
1317401167.099210978 367.432585200 224.719216116 -4.300881417 -0.026457015 0.034235316 0.772445548 0.633605434
1317401167.203226089 367.259048094 225.520033319 -4.345349515 -0.024193022 0.036323468 0.771163496 0.635139485
1317401167.307265997 367.090727263 226.305687406 -4.399394081 -0.023441093 0.036064225 0.770169908 0.636386832
1317401167.411303997 366.948068975 227.130605612 -4.465021069 -0.024638581 0.033785257 0.769025046 0.637849493
1317401167.515317917 366.789540458 227.932572582 -4.529101494 -0.024236005 0.033603444 0.767842031 0.639298084
1317401167.619307041 366.638171704 228.729151598 -4.577236760 -0.023859512 0.033346019 0.767344215 0.639923138
1317401167.723248959 366.483563927 229.573094358 -4.646199896 -0.023623672 0.033563229 0.766547993 0.640874095
1317401167.827193022 366.334593425 230.383737141 -4.707629757 -0.023909212 0.033666982 0.766108831 0.641382992
1317401167.931137085 366.167220514 231.226697584 -4.765992989 -0.024157744 0.034229271 0.765818156 0.641690978
1317401168.035080910 366.003897478 232.074315568 -4.824720349 -0.023692078 0.035523853 0.765940101 0.641492403
1317401168.139023066 365.859179433 232.880551020 -4.881772904 -0.023311788 0.036512601 0.766023669 0.641351018
1317401168.242940903 365.708122292 233.714426502 -4.944502147 -0.023611271 0.037279631 0.766442252 0.640795609
1317401168.346882105 365.545186000 234.549973578 -5.000194725 -0.024207874 0.037810144 0.766981731 0.640096395
1317401168.450824976 365.384307062 235.371473877 -5.059978602 -0.024287735 0.038360981 0.767642960 0.639267414
1317401168.554769039 365.242512935 236.181211121 -5.112507217 -0.024497615 0.037783434 0.768123853 0.638715919
1317401168.658710957 365.079229768 237.004188079 -5.171708266 -0.024361116 0.036868636 0.769006363 0.637711889
1317401168.762653112 364.919396488 237.825823794 -5.229157797 -0.023832431 0.036434836 0.769689495 0.636932177
1317401168.866642952 364.760334780 238.648379098 -5.290161119 -0.023525144 0.035446105 0.770565344 0.635939614
1317401168.970633984 364.579042846 239.471714885 -5.349832264 -0.022695438 0.035039072 0.771108118 0.635334126
1317401169.074626923 364.422824702 240.287582221 -5.403259161 -0.022314303 0.033668262 0.771622613 0.634796867
1317401169.178641081 364.243857275 241.105118910 -5.465134292 -0.022136386 0.033586866 0.771789052 0.634605044
1317401169.282632113 364.082528847 241.972097104 -5.530302933 -0.023152760 0.034319313 0.771724396 0.634608218
1317401169.386624098 363.904309772 242.821017658 -5.602896765 -0.024976300 0.035127811 0.771880742 0.634304613
1317401169.490612984 363.717301909 243.659394060 -5.646513968 -0.025830274 0.036486365 0.771828794 0.634256931
1317401169.594580889 363.547710446 244.505490013 -5.707546290 -0.025316630 0.035934379 0.772028261 0.634066363
1317401169.698548079 363.362477222 245.388042903 -5.782088820 -0.024042292 0.035133123 0.772266380 0.633870862
1317401169.802515030 363.179339088 246.268050045 -5.849291772 -0.023733216 0.034122304 0.772406858 0.633766557
1317401169.906481981 363.027718659 247.050851458 -5.908180267 -0.023950365 0.033458516 0.772512972 0.633664434
1317401170.010425091 362.833988414 247.952013990 -5.972442364 -0.024676863 0.033911468 0.772667452 0.633424087
1317401170.114368916 362.636296423 248.863228604 -6.038559025 -0.025578318 0.033611540 0.772751191 0.633302148
1317401170.218337059 362.447642203 249.753326510 -6.102475272 -0.025535809 0.033860848 0.772786317 0.633247719
1317401170.322326899 362.275202927 250.672362628 -6.172864715 -0.025367640 0.032524544 0.772440706 0.633746000
1317401170.426315069 362.074878138 251.621550334 -6.247938691 -0.024984638 0.031981922 0.772292857 0.633968979
1317401170.530257940 361.882688956 252.505614555 -6.312783033 -0.024679727 0.031731524 0.772269596 0.634021839
1317401170.634202003 361.686382808 253.449305474 -6.379337007 -0.023319598 0.031925676 0.772376788 0.633932997
1317401170.738168001 361.490915635 254.421486105 -6.440393335 -0.022558813 0.031840497 0.772341810 0.634007422
1317401170.842112064 361.305706373 255.317860703 -6.504596897 -0.022207666 0.031634434 0.772373510 0.633991517
1317401170.946028948 361.117654085 256.294564929 -6.570396562 -0.022430249 0.031891544 0.772095100 0.634309838
1317401171.049947023 360.933977040 257.194808767 -6.627357277 -0.021934611 0.033205470 0.771826637 0.634586411
1317401171.153867960 360.736038262 258.151490544 -6.683733424 -0.021596307 0.033562818 0.771534914 0.634933866
1317401171.257786989 360.546865404 259.097188533 -6.744561183 -0.021552252 0.033770228 0.771309173 0.635198577
1317401171.361704111 360.367409854 259.993404860 -6.804893885 -0.021261044 0.034104231 0.771114882 0.635426398
1317401171.465600014 360.168434041 260.965488614 -6.862994268 -0.021922037 0.034450267 0.770675849 0.635917714
1317401171.569494009 359.984411113 261.874464556 -6.924080984 -0.022227035 0.035717712 0.770196512 0.636417738
1317401171.673388958 359.795469477 262.802484899 -6.980487370 -0.022565331 0.035960503 0.769654015 0.637048150
1317401171.777283907 359.618155227 263.736944415 -7.048199530 -0.022218489 0.036782413 0.769252409 0.637498332
1317401171.881203890 359.443663876 264.667734204 -7.103152263 -0.021958061 0.036594247 0.768953516 0.637878667
1317401171.985121965 359.253975643 265.574813914 -7.164578447 -0.021434004 0.035363786 0.768823241 0.638122880
1317401172.089063883 359.091002773 266.461948435 -7.218589023 -0.021223237 0.034221250 0.768790916 0.638231155
1317401172.193006039 358.900338331 267.415948796 -7.296644708 -0.021913068 0.034728250 0.768700597 0.638289244
1317401172.296924114 358.734693333 268.335573471 -7.349173953 -0.023089593 0.035214874 0.768427713 0.638549632
1317401172.400844097 358.550582037 269.269823583 -7.403687873 -0.022532865 0.036644908 0.768156744 0.638815026
1317401172.504786968 358.389627110 270.114464951 -7.459619199 -0.022337045 0.036308399 0.768231621 0.638751073
1317401172.608728886 358.226516491 271.003753877 -7.530109680 -0.022748470 0.036357540 0.767995460 0.639017692
1317401172.712647915 358.056783476 271.915069209 -7.589657266 -0.023611141 0.036705528 0.767862446 0.639126343
1317401172.816589117 357.879972457 272.766178369 -7.640914597 -0.022799676 0.038003211 0.767602233 0.639392479
1317401172.920531988 357.710254626 273.684188524 -7.706458202 -0.022918033 0.037027785 0.767535258 0.639525867
1317401173.024476051 357.549483300 274.533054278 -7.772117014 -0.023882455 0.035752440 0.767621104 0.639460110
1317401173.128443956 357.372985627 275.444245212 -7.835912265 -0.024741644 0.036168580 0.767438900 0.639622717
1317401173.232410908 357.216387278 276.282107534 -7.893632715 -0.025298710 0.037304632 0.767282440 0.639723376
1317401173.336376905 357.045063729 277.167250854 -7.954355961 -0.025446463 0.037864384 0.767130206 0.639867184
1317401173.440342903 356.890990147 277.970105645 -8.009092347 -0.024961851 0.037894028 0.767083801 0.639940146
1317401173.544308901 356.725525739 278.842487118 -8.067892112 -0.024070437 0.037147005 0.766910355 0.640225914
1317401173.648277044 356.557356960 279.715539989 -8.127202506 -0.023079677 0.036207128 0.767002314 0.640206078
1317401173.752243996 356.401856022 280.514634043 -8.184124561 -0.022835982 0.035795740 0.767255424 0.639934603
1317401173.856209993 356.267211546 281.364155398 -8.249553126 -0.023781337 0.035925843 0.767029468 0.640163711
1317401173.960175991 356.084538880 282.234845088 -8.310934258 -0.024525168 0.038048646 0.767339307 0.639641466
1317401174.064143896 355.919877074 283.083127103 -8.372775056 -0.025360996 0.039388153 0.767701972 0.639092385
1317401174.168112040 355.774992410 283.861600159 -8.423756271 -0.025959975 0.039708614 0.768000378 0.638689851
1317401174.272078991 355.595238806 284.761130142 -8.497752284 -0.025894826 0.040351235 0.768430969 0.638134062
1317401174.376023054 355.472083192 285.480014998 -8.550294928 -0.025729578 0.040918524 0.768646707 0.637844733
1317401174.479963064 355.283580090 286.353951007 -8.619243375 -0.024930976 0.041057607 0.769495457 0.636843357
1317401174.583928108 355.136395039 287.126903262 -8.675629416 -0.024077776 0.040343371 0.770516317 0.635686462
1317401174.687870979 354.954954138 287.952498236 -8.735404356 -0.022314858 0.040080317 0.771738740 0.634283007
1317401174.791815281 354.813737299 288.696203560 -8.800666551 -0.023130644 0.038386809 0.772792557 0.633074316
1317401174.895781994 354.607615017 289.615422462 -8.873070760 -0.023970699 0.038620082 0.773683535 0.631939619
1317401174.999749899 354.432868516 290.460204287 -8.943210988 -0.025005033 0.039139973 0.774328033 0.631077577
1317401175.103717089 354.255000614 291.262798733 -8.998679894 -0.024679198 0.040144571 0.774809765 0.630435705
1317401175.207681894 354.081850360 292.099492498 -9.062102660 -0.024238098 0.039387338 0.775377356 0.629802436
1317401175.311650038 353.917126240 292.949026573 -9.133926859 -0.023616056 0.038378869 0.775738081 0.629444020
1317401175.415616989 353.727928702 293.790054484 -9.197235889 -0.023540938 0.038401419 0.776077262 0.629027216
1317401175.519608021 353.545384007 294.608120751 -9.262337028 -0.023967123 0.038996301 0.776250186 0.628761094
1317401175.623599052 353.355643057 295.491747520 -9.328068138 -0.024964302 0.038787950 0.776376255 0.628579501
1317401175.727564096 353.162970688 296.334320954 -9.393779817 -0.025383076 0.038535307 0.776534285 0.628383031
1317401175.831506968 352.971845907 297.184252523 -9.460377758 -0.026045623 0.038341580 0.776765978 0.628081335
1317401175.935427189 352.793440823 298.047878823 -9.524792579 -0.026597727 0.037463441 0.776865750 0.627987785
1317401176.039370060 352.596226618 298.909207510 -9.591708157 -0.026268925 0.036534474 0.776980127 0.627914849
1317401176.143312931 352.392016917 299.786894916 -9.659356773 -0.026123095 0.036140366 0.777292504 0.627557026
1317401176.247231007 352.209372981 300.638742833 -9.736217815 -0.027436998 0.035245713 0.777381757 0.627441277
1317401176.351147890 352.006605797 301.514801393 -9.802262342 -0.028749158 0.035189644 0.777622010 0.627087860
1317401176.455066919 351.825350166 302.377600467 -9.866574243 -0.029519409 0.036034703 0.777618368 0.627008595
1317401176.558986902 351.620703504 303.261255044 -9.949877266 -0.030535009 0.036744161 0.777824519 0.626662985
1317401176.662906885 351.430955433 304.108848367 -10.009992025 -0.030786803 0.038351968 0.777948270 0.626400661
1317401176.766824961 351.245015709 304.941433474 -10.067565310 -0.030190829 0.038502404 0.778095857 0.626237109
1317401176.870742083 351.054226370 305.794606023 -10.135749718 -0.029228139 0.037307391 0.778261191 0.626149657
1317401176.974690914 350.869070291 306.654579846 -10.211799763 -0.029429073 0.035829255 0.778295203 0.626184294
1317401177.078681946 350.679343176 307.501230895 -10.286635523 -0.030362459 0.035254297 0.777583947 0.627055390
1317401177.182667971 350.490590654 308.360988833 -10.353438895 -0.031741629 0.034812327 0.776668497 0.628145378
1317401177.286634922 350.289208704 309.188965957 -10.412850985 -0.031780298 0.034250162 0.775258592 0.629913529
1317401177.390601873 350.112312356 310.034510751 -10.481481432 -0.031464117 0.032727653 0.773894279 0.631685487
1317401177.494568110 349.928266885 310.914101036 -10.553482369 -0.031145592 0.032359501 0.772656788 0.633233213
1317401177.598510027 349.744549794 311.716925701 -10.615875299 -0.031041492 0.032280094 0.771308574 0.634883852
1317401177.702452898 349.609729480 312.481375624 -10.671218526 -0.030806222 0.032209540 0.769708421 0.636837867
1317401177.806396961 349.444246831 313.311217927 -10.733162095 -0.030339400 0.032305643 0.768329900 0.638517839
1317401177.910341024 349.291477702 314.057414105 -10.789507785 -0.031097208 0.032176663 0.766873613 0.640236275
1317401178.014306068 349.139996176 314.831950008 -10.855645115 -0.031125901 0.034624147 0.765355485 0.641921591
1317401178.118271351 348.997696944 315.575483655 -10.896902360 -0.032373125 0.035340262 0.763489644 0.644039293
1317401178.222285986 348.880272795 316.308366116 -10.948760336 -0.032942176 0.033684862 0.760908346 0.647146531
1317401178.326350927 348.760769715 317.019737938 -11.009147187 -0.033162444 0.031155946 0.757302955 0.651476625
1317401178.430437088 348.653207926 317.705685849 -11.059499540 -0.031570717 0.030775459 0.753178596 0.656336929
1317401178.534570932 348.566065522 318.375886970 -11.113697829 -0.031188513 0.030469725 0.747435883 0.662901557
1317401178.638705015 348.472089423 319.036972282 -11.160878245 -0.031421410 0.030995566 0.741035206 0.670014025
1317401178.742816925 348.404840607 319.659660398 -11.202847026 -0.031961300 0.031072682 0.734843793 0.676769948
1317401178.846926928 348.348719631 320.275602037 -11.244708130 -0.031911248 0.032773894 0.728383739 0.683640748
1317401178.951014042 348.321940017 320.857215645 -11.284682804 -0.031479554 0.035349418 0.721457025 0.690839502
1317401179.055104971 348.273068892 321.425482226 -11.324474349 -0.030811561 0.037628972 0.714134227 0.698317273
1317401179.159224033 348.275148917 321.985176970 -11.360281871 -0.030240474 0.038931965 0.706627632 0.705866280
1317401179.263354063 348.257505929 322.489539371 -11.400421154 -0.029474471 0.038725106 0.698033556 0.714409390
1317401179.367505074 348.248268078 322.996342174 -11.433191363 -0.028830088 0.037371259 0.688820517 0.723393745
1317401179.471664906 348.273960705 323.502145075 -11.482425940 -0.027617855 0.036117745 0.678891932 0.732829112
1317401179.575870991 348.288852899 323.958803860 -11.521466179 -0.025912720 0.034972471 0.667225411 0.743583020
1317401179.680124998 348.318773320 324.397564907 -11.559476612 -0.023884410 0.034795821 0.653660996 0.755609746
1317401179.784378767 348.388541216 324.871534884 -11.590564569 -0.022262353 0.035791378 0.638394014 0.768554779
1317401179.888609886 348.482331757 325.351310444 -11.619935059 -0.021880314 0.036356717 0.622680546 0.781324759
1317401179.992818117 348.590438049 325.817103521 -11.646087520 -0.022194112 0.035065743 0.606397982 0.794077643
1317401180.097047091 348.712623725 326.257746019 -11.688019958 -0.021754154 0.032976272 0.589257136 0.806979151
1317401180.201253891 348.851569351 326.707799474 -11.726685612 -0.020844711 0.031815915 0.571463533 0.819745495
1317401180.305389881 349.008347567 327.143249674 -11.754606420 -0.018584945 0.032581270 0.553574816 0.831954316
1317401180.409499884 349.220745875 327.577657641 -11.779931614 -0.017132295 0.032494244 0.536320367 0.843214725
1317401180.513607979 349.425124937 328.012326773 -11.793986246 -0.019015289 0.031094454 0.518818917 0.854106834
1317401180.617697954 349.570438848 328.394952994 -11.828460543 -0.022933963 0.027742500 0.500555549 0.864955796
1317401180.721736908 349.837101354 328.828277579 -11.882379208 -0.024607097 0.023963352 0.483322330 0.874768411
1317401180.825774908 350.109359598 329.227211785 -11.926815252 -0.021667386 0.022817825 0.465736423 0.884363870
1317401180.929837942 350.416766900 329.658082338 -11.945932903 -0.017026649 0.023822369 0.448287840 0.893409537
1317401181.033900976 350.730462504 330.052831998 -11.956702247 -0.015260000 0.024407465 0.429164499 0.902767545
1317401181.137989044 351.048501380 330.426540052 -11.969065351 -0.019624925 0.021926931 0.408404627 0.912326549
1317401181.242124081 351.406151811 330.848898841 -12.031560400 -0.025599351 0.018669485 0.387083792 0.921500006
1317401181.346260071 351.760917864 331.208198647 -12.075394811 -0.028896426 0.017733279 0.363854664 0.930838499
1317401181.450345993 352.188291898 331.621346027 -12.090026261 -0.029021032 0.017489545 0.341041755 0.939437287
1317401181.554430962 352.683232527 332.037557783 -12.124961495 -0.028928387 0.016165696 0.318107380 0.947475337
1317401181.658516884 353.206432033 332.440019724 -12.151507465 -0.029202213 0.014181931 0.294633572 0.955058722
1317401181.762557030 353.728768914 332.783872446 -12.194134849 -0.029876388 0.012780719 0.270641114 0.962131718
1317401181.866547108 354.333174760 333.176184191 -12.215738563 -0.029643678 0.012537798 0.248441601 0.968111991
1317401181.970489025 354.912225323 333.519445517 -12.239289093 -0.029910440 0.011777219 0.227812735 0.973174198
1317401182.074359894 355.582063306 333.860562749 -12.265898178 -0.030481400 0.011132474 0.208615390 0.977459243
1317401182.178138018 356.227652635 334.175031176 -12.289758429 -0.030858050 0.010997576 0.191116566 0.981020536
1317401182.281863928 356.917316298 334.470250111 -12.312646326 -0.031276585 0.011322033 0.175505891 0.983916292
1317401182.385565042 357.633531360 334.754194732 -12.331247237 -0.032012399 0.011782930 0.161249880 0.986323905
1317401182.489268064 358.340364005 334.980423245 -12.351194950 -0.032281406 0.012538225 0.147498123 0.988455870
1317401182.592947006 359.102710031 335.257806970 -12.375776839 -0.032928339 0.012912846 0.136205721 0.990048981
1317401182.696602106 359.886888562 335.491053681 -12.397856345 -0.032936957 0.012729330 0.126435923 0.991346094
1317401182.800256968 360.675057322 335.718641612 -12.423493455 -0.033066664 0.011961017 0.117660114 0.992431170
1317401182.903912306 361.508998792 335.933874604 -12.446744050 -0.032331965 0.010950335 0.110408740 0.993299876
1317401183.007587910 362.351004787 336.118733348 -12.469148392 -0.031369616 0.010616233 0.104785859 0.993943241
1317401183.111242056 363.192737405 336.321792556 -12.493585091 -0.030470867 0.010618961 0.099918796 0.994472221
1317401183.214898109 364.066081837 336.503299192 -12.514961392 -0.029651215 0.010529409 0.096409341 0.994844297
1317401183.318552971 364.958873964 336.689990901 -12.534650956 -0.028553356 0.009704019 0.094849986 0.995034682
1317401183.422183990 365.843997042 336.873995009 -12.552052888 -0.026957798 0.008412953 0.094152025 0.995157221
1317401183.525863886 366.779166587 337.057753921 -12.568365535 -0.026293444 0.007196828 0.093732206 0.995224163
1317401183.629589081 367.698937065 337.218997400 -12.582181578 -0.025966523 0.006067345 0.093299890 0.995280894
1317401183.733314991 368.638297183 337.428127078 -12.594406556 -0.025894446 0.005229783 0.092885918 0.995326245
1317401183.837042093 369.583416417 337.608347307 -12.608379291 -0.025134014 0.005464894 0.092920845 0.995341214
1317401183.940769911 370.533825625 337.789200068 -12.613367427 -0.024841820 0.006332258 0.092971394 0.995338689
1317401184.044519901 371.495841025 337.961789336 -12.624789131 -0.023730171 0.008144399 0.092441002 0.995402034
1317401184.148271084 372.463362954 338.150040151 -12.625516567 -0.022785488 0.009763498 0.092710924 0.995384438
1317401184.252023697 373.442407392 338.334323908 -12.643755695 -0.021611899 0.011053110 0.092575517 0.995409729
1317401184.355798960 374.420354648 338.506280634 -12.651872498 -0.020641839 0.011466823 0.092723643 0.995411851
1317401184.459597111 375.385751264 338.714447128 -12.658575377 -0.019627197 0.010661560 0.093276294 0.995389691
1317401184.563419104 376.349036313 338.899140757 -12.669862097 -0.019981426 0.009512018 0.093330977 0.995389167
1317401184.667242050 377.332699172 339.081121168 -12.686004139 -0.020585296 0.009272016 0.093053276 0.995405125
1317401184.771065950 378.289614020 339.268831910 -12.698761472 -0.021392941 0.009511542 0.092743995 0.995414700
1317401184.874890089 379.243452538 339.433339198 -12.702454819 -0.021832038 0.009399636 0.092305682 0.995446970
1317401184.978712082 380.201981542 339.632536918 -12.713806847 -0.021775829 0.009259756 0.092211481 0.995458243
1317401185.082535982 381.179692998 339.830235223 -12.725624473 -0.021855583 0.009820359 0.092034502 0.995467500
1317401185.186357975 382.091330763 340.017621104 -12.733152894 -0.022316208 0.010879315 0.091794332 0.995468446
1317401185.290182114 383.039531588 340.183126502 -12.744941694 -0.022319068 0.012344132 0.091524672 0.995476125
1317401185.394005060 384.005231349 340.388933997 -12.754373890 -0.021975712 0.013637147 0.091294189 0.995488055
1317401185.497826099 384.979598054 340.563224027 -12.766081545 -0.021900555 0.014248871 0.091436192 0.995468110
1317401185.601624012 385.921714944 340.736845295 -12.777738812 -0.022680360 0.014427152 0.091448693 0.995446932
1317401185.705423117 386.857854176 340.919475557 -12.802511063 -0.023308626 0.014731926 0.091410945 0.995431423
1317401185.809245110 387.758967112 341.080651164 -12.816138642 -0.024195945 0.015761412 0.091457659 0.995390190
1317401185.913042068 388.664019146 341.266273861 -12.835033355 -0.024775094 0.017444302 0.091367968 0.995356110
1317401186.016844988 389.564907381 341.444611782 -12.853606812 -0.025688962 0.018828641 0.091250818 0.995318466
1317401186.120692015 390.422683716 341.591456702 -12.866664136 -0.026001016 0.018817138 0.090916331 0.995341189
1317401186.224560022 391.261478343 341.756127186 -12.884359155 -0.025924301 0.016806100 0.090435582 0.995422971
1317401186.328429937 392.084249131 341.900911407 -12.893198745 -0.026416375 0.012729599 0.089048667 0.995595534
1317401186.432301044 392.918731154 342.060601224 -12.919513264 -0.027356215 0.009924475 0.087470161 0.995741991
1317401186.536195993 393.710720559 342.221658750 -12.941135311 -0.028269020 0.009998887 0.085805909 0.995860548
1317401186.640090942 394.496075289 342.368209333 -12.953909206 -0.029290920 0.012283980 0.083783911 0.995977611
1317401186.744010925 395.234805194 342.478651167 -12.956708117 -0.030128552 0.014567067 0.080844334 0.996164778
1317401186.848023891 395.988947493 342.566497018 -12.954157157 -0.030391786 0.015272394 0.076459126 0.996492396
1317401186.952086926 396.691767268 342.652154738 -12.964044756 -0.031372391 0.015677918 0.069660387 0.996954064
1317401187.056197882 397.375647443 342.780108563 -12.981363560 -0.031601257 0.016652351 0.060533783 0.997526802
1317401187.160353899 397.992316944 342.844870943 -12.990576334 -0.031421880 0.018025775 0.050997750 0.998041565
1317401187.264538050 398.709268183 342.932972341 -12.998963411 -0.031099045 0.018530159 0.037165884 0.998653183
1317401187.368768930 399.409228385 342.950767709 -13.007858065 -0.031015698 0.017855753 0.023026317 0.999094083
1317401187.473071098 400.081423792 343.019982188 -13.019952281 -0.031193830 0.015914718 0.003218776 0.999381462
1317401187.577423096 400.766626813 343.034396558 -13.041386657 -0.031540908 0.013118837 -0.017257607 0.999267353
1317401187.681797981 401.455554433 343.013424493 -13.049453962 -0.032147402 0.010601531 -0.039803631 0.998633979
1317401187.786171913 402.073302391 342.960147541 -13.064304345 -0.032193633 0.008718702 -0.064043673 0.997389574
1317401187.890498161 402.773449424 342.908193107 -13.065299920 -0.031645217 0.006532820 -0.090730246 0.995351157
1317401187.994777918 403.468956652 342.773910910 -13.065776435 -0.030890030 0.004762978 -0.115590897 0.992805049
1317401188.099037886 404.075376339 342.602984318 -13.054309925 -0.030345370 0.003864188 -0.140456929 0.989614105
1317401188.203269005 404.726685241 342.440646058 -13.049251153 -0.030311662 0.003609285 -0.165343647 0.985763488
1317401188.307446003 405.335018423 342.223948909 -13.036315840 -0.030161797 0.003285939 -0.189993755 0.981316382
1317401188.411603928 405.898326065 341.988075087 -13.018795316 -0.030025035 0.002046292 -0.214178041 0.976330926
1317401188.515769958 406.489323323 341.705415880 -13.014347261 -0.031418822 -0.001800468 -0.239109831 0.970482408
1317401188.619927883 407.103181820 341.391715284 -12.989364398 -0.031994896 -0.005797302 -0.264115407 0.963942825
1317401188.724078894 407.658505386 341.037441909 -12.975230819 -0.033556931 -0.008935275 -0.288961156 0.956710794
1317401188.828213930 408.249312733 340.666273518 -12.959273930 -0.033684432 -0.011024228 -0.314474716 0.948603963
1317401188.932326078 408.775767511 340.288846803 -12.930310854 -0.032712503 -0.011292244 -0.339558072 0.939948240
1317401189.036412954 409.284153697 339.865974188 -12.893276837 -0.031590278 -0.010820626 -0.363453177 0.931013833
1317401189.140474081 409.817579930 339.402632935 -12.853220741 -0.031749091 -0.010907422 -0.386973060 0.921479720
1317401189.244488955 410.320279154 338.888064173 -12.815687243 -0.031261471 -0.011763502 -0.409094485 0.911880498
1317401189.348434925 410.796453080 338.375009072 -12.771662676 -0.031358870 -0.013174922 -0.429567907 0.902393737
1317401189.452353954 411.264912207 337.823014189 -12.739472927 -0.030746146 -0.015097779 -0.449220372 0.892764129
1317401189.556222916 411.690464204 337.243902992 -12.691400191 -0.029974834 -0.015970621 -0.467175383 0.883512088
1317401189.660047054 412.095765103 336.685861220 -12.644106112 -0.029860931 -0.016641341 -0.484277885 0.874246144
1317401189.763869047 412.461724900 336.033595458 -12.601228729 -0.030403194 -0.017250353 -0.500304227 0.865143775
1317401189.867667913 412.868802665 335.411259591 -12.549835958 -0.029555596 -0.019255969 -0.515669903 0.856060877
1317401189.971442938 413.224469858 334.731385236 -12.501582651 -0.029110549 -0.021525557 -0.529237016 0.847701249
1317401190.075193882 413.559703367 334.017407925 -12.447975152 -0.027147594 -0.022673385 -0.541426841 0.840003513
1317401190.178919077 413.900332590 333.298319474 -12.393733931 -0.025685971 -0.022058374 -0.552257750 0.832985616
1317401190.282622099 414.225230556 332.574527623 -12.329238994 -0.023788419 -0.022330783 -0.561876357 0.826577526
1317401190.386327028 414.525991743 331.827753501 -12.271696730 -0.022609090 -0.023257076 -0.570055950 0.820965377
1317401190.490052938 414.818646365 331.034242069 -12.203288167 -0.022905250 -0.024944968 -0.577146846 0.815937875
1317401190.593779087 415.132036016 330.236516768 -12.151412585 -0.023237692 -0.026156855 -0.583987839 0.811008035
1317401190.697481871 415.404553366 329.405590044 -12.089763740 -0.022920465 -0.026494630 -0.589356605 0.807113052
1317401190.801183939 415.677019242 328.568789691 -12.023654688 -0.022405244 -0.026081785 -0.594190823 0.803588832
1317401190.904885054 415.970194893 327.732240227 -11.952089477 -0.021982012 -0.025331887 -0.598593633 0.800350392
1317401191.008563042 416.207119855 326.856800971 -11.891807002 -0.021193744 -0.024662698 -0.601401367 0.798285019
1317401191.112243891 416.470326839 325.982996115 -11.826387728 -0.020220977 -0.024299342 -0.603994883 0.796360996
1317401191.215946913 416.728154972 325.085637490 -11.755959156 -0.018843152 -0.024871883 -0.605727018 0.795060441
1317401191.319672108 416.987206906 324.196625297 -11.684472645 -0.017820839 -0.025999623 -0.607080693 0.794014779
1317401191.423424959 417.233402254 323.295325669 -11.622327212 -0.018003059 -0.026046354 -0.608393985 0.793003302
1317401191.527224064 417.493768051 322.351004084 -11.559926981 -0.017740108 -0.025539035 -0.610005949 0.791786454
1317401191.631021976 417.734620396 321.406034737 -11.487665238 -0.017199731 -0.025051821 -0.611387546 0.790747649
1317401191.734795094 417.996089765 320.466724203 -11.416096465 -0.017302479 -0.024732868 -0.613365733 0.789222014
1317401191.838594913 418.256006924 319.512415950 -11.344099336 -0.018329670 -0.024839541 -0.615229624 0.787743315
1317401191.942395926 418.486990874 318.559285125 -11.272865066 -0.020075768 -0.024606077 -0.616851861 0.786438355
1317401192.046195984 418.730863443 317.565775759 -11.203341173 -0.021491994 -0.024668556 -0.618705467 0.784941464
1317401192.149995089 418.980382030 316.579325584 -11.132693624 -0.023084991 -0.023875847 -0.620826001 0.783244600
1317401192.253793001 419.217959282 315.596646861 -11.062389153 -0.023281315 -0.023518488 -0.622627175 0.781818561
1317401192.357614994 419.456280504 314.622125866 -10.988757906 -0.023494444 -0.022697404 -0.624475108 0.780361249
1317401192.461436987 419.684388453 313.631809958 -10.909839219 -0.023468531 -0.022187653 -0.626168125 0.779018880
1317401192.565258980 419.909982130 312.633204063 -10.834813030 -0.023830501 -0.021260371 -0.628264648 0.777343963
1317401192.669080973 420.136098752 311.642457695 -10.760558607 -0.023548442 -0.020470459 -0.630021563 0.775950554
1317401192.772880077 420.362521125 310.610773033 -10.683620547 -0.022532390 -0.019686447 -0.631758979 0.774587198
1317401192.876681328 420.572137434 309.584866085 -10.606795950 -0.021562621 -0.018901672 -0.633350496 0.773333647
1317401192.980478048 420.777021446 308.566633914 -10.532384635 -0.021220742 -0.018912054 -0.634671235 0.772259307
1317401193.084252119 420.991225170 307.562578650 -10.451125690 -0.021989895 -0.019952684 -0.635959692 0.771150831
1317401193.188052893 421.196555002 306.554085840 -10.379181400 -0.023810600 -0.021278085 -0.636949667 0.770243741
1317401193.291851997 421.395287107 305.533961959 -10.306193300 -0.025913850 -0.021682120 -0.637937026 0.769346937
1317401193.395652056 421.589537162 304.524336370 -10.234468884 -0.027169845 -0.020963115 -0.639168182 0.768300971
1317401193.499473810 421.785661469 303.519095770 -10.159430347 -0.028123253 -0.018853154 -0.640385585 0.767306942
1317401193.603296041 421.982460154 302.495994257 -10.083487304 -0.027361562 -0.017268658 -0.642066895 0.765965561
1317401193.707142115 422.181618695 301.487803112 -9.997720375 -0.027555299 -0.016447632 -0.643630689 0.764663140
1317401193.810987949 422.364332691 300.482217711 -9.911871902 -0.028529375 -0.016876830 -0.645245812 0.763255586
1317401193.914833069 422.534128174 299.463289658 -9.840504215 -0.031488221 -0.015934059 -0.647152056 0.761543705
1317401194.018703938 422.724932548 298.435758379 -9.778875444 -0.031896922 -0.014971962 -0.649688261 0.759383691
1317401194.122575760 422.876454174 297.448114735 -9.694699805 -0.031308513 -0.014707221 -0.651810774 0.757592364
1317401194.226423025 423.057719779 296.429664661 -9.614319033 -0.030994955 -0.014804442 -0.654415461 0.755354583
1317401194.330271959 423.205464954 295.394734856 -9.539143945 -0.030859811 -0.014154172 -0.656833536 0.753270893
1317401194.434118032 423.346839330 294.392589664 -9.465781691 -0.029582882 -0.013484541 -0.659224314 0.751243185
1317401194.537964106 423.486248107 293.389728331 -9.388088229 -0.027392791 -0.013755564 -0.661403865 0.749403328
1317401194.641810894 423.630503935 292.348824625 -9.304238325 -0.025662469 -0.016027880 -0.663460849 0.747598987
1317401194.745659113 423.751051863 291.345845444 -9.221890884 -0.025425733 -0.019083972 -0.664963695 0.746198780
1317401194.849483013 423.876576078 290.305905811 -9.140833425 -0.026148086 -0.019866983 -0.666166948 0.745079310
1317401194.953255892 423.987688974 289.320639875 -9.093646995 -0.024640047 -0.018719929 -0.666595232 0.744777302
1317401195.057028055 424.107966141 288.290249904 -9.009207444 -0.021581032 -0.017358097 -0.666742492 0.744773391
1317401195.160826921 424.233739585 287.287104468 -8.940538542 -0.017777268 -0.018144866 -0.666495229 0.745076401
1317401195.264625072 424.362566664 286.272072426 -8.852570275 -0.017510826 -0.021297175 -0.665754589 0.745661202
1317401195.368424892 424.475145156 285.272204933 -8.797458365 -0.017817630 -0.024153655 -0.664479653 0.746703371
1317401195.472198963 424.596811559 284.268329296 -8.719015896 -0.017160294 -0.027619906 -0.662624050 0.748245971
1317401195.575949907 424.713605575 283.247761691 -8.648583589 -0.015123043 -0.029639468 -0.660140687 0.750404603
1317401195.679749012 424.842106508 282.244619114 -8.566757328 -0.014814191 -0.028973760 -0.658034201 0.752284555
1317401195.783548117 424.983904771 281.245193847 -8.497686466 -0.013602119 -0.028162232 -0.656116714 0.754011093
1317401195.887348890 425.131012378 280.242600642 -8.418173029 -0.012954086 -0.028109833 -0.653826682 0.756011044
1317401195.991146088 425.275385106 279.246854461 -8.336018172 -0.012410349 -0.030047622 -0.651031419 0.758354281
1317401196.094919920 425.429560181 278.256053770 -8.264034035 -0.013221752 -0.030675349 -0.648168515 0.760763948
1317401196.198695898 425.592059837 277.242188792 -8.197707741 -0.012429679 -0.029973727 -0.645248708 0.763283161
1317401196.302470922 425.765648027 276.261172854 -8.119196359 -0.010407396 -0.029592814 -0.642340229 0.765777371
1317401196.406269073 425.949810398 275.269950497 -8.034706675 -0.010506223 -0.029911444 -0.639536389 0.768106849
1317401196.510092020 426.133544231 274.275485398 -7.964939302 -0.011641552 -0.030687390 -0.636674053 0.770434234
1317401196.613914967 426.333170398 273.261047631 -7.899274863 -0.012058276 -0.030283537 -0.633819145 0.772794149
1317401196.717761993 426.525567037 272.271932434 -7.827825487 -0.011069544 -0.029492236 -0.631180807 0.774995782
1317401196.821628809 426.741155549 271.271423962 -7.746293993 -0.010334117 -0.028541955 -0.628759700 0.777006951
1317401196.925498962 426.964407752 270.280966080 -7.675355851 -0.010200173 -0.028083577 -0.626809506 0.778599455
1317401197.029397964 427.176243955 269.274817777 -7.599652901 -0.011049003 -0.027500442 -0.625451278 0.779700163
1317401197.133317232 427.410121324 268.288865216 -7.528333710 -0.011727479 -0.027822119 -0.624400010 0.780520995
1317401197.237236977 427.634564216 267.303568556 -7.459550245 -0.012994788 -0.027555721 -0.623521020 0.781212746
1317401197.341156006 427.869850905 266.288185622 -7.390593893 -0.012195125 -0.027029971 -0.622802753 0.781816725
1317401197.445097923 428.097101396 265.301341990 -7.323203509 -0.011822360 -0.024115610 -0.622042262 0.782522903
1317401197.549038887 428.329527405 264.326262349 -7.248836054 -0.009832079 -0.023073813 -0.621509223 0.783005246
1317401197.652982950 428.577865336 263.309459111 -7.182626744 -0.010335031 -0.021413828 -0.621034194 0.783422724
1317401197.756926060 428.812073317 262.312122920 -7.117763999 -0.010651727 -0.020769435 -0.620868551 0.783567109
1317401197.860843658 429.054367672 261.304437653 -7.053154245 -0.011613349 -0.020733655 -0.620637725 0.783737239
1317401197.964762926 429.287267463 260.332389244 -6.993059979 -0.012733789 -0.020197329 -0.620432802 0.783896075
1317401198.068682909 429.526339056 259.343675683 -6.932070920 -0.013415987 -0.019808866 -0.620269537 0.784023801
1317401198.172627926 429.767074658 258.368119286 -6.870538468 -0.014379290 -0.018663417 -0.620400673 0.783931067
1317401198.276596069 430.002598154 257.398958645 -6.810826092 -0.015298546 -0.017785111 -0.621106304 0.783375136
1317401198.380541086 430.239784615 256.394209186 -6.747054772 -0.016369543 -0.016671850 -0.622019991 0.782652680
1317401198.484470129 430.477602403 255.418743119 -6.691446328 -0.016397903 -0.015905404 -0.623104850 0.781804626
1317401198.588387728 430.711715062 254.400399936 -6.625994649 -0.016267734 -0.015704671 -0.624039905 0.781065248
1317401198.692279100 430.933877810 253.455945407 -6.566713230 -0.016008327 -0.015836031 -0.624602026 0.780618513
1317401198.796173096 431.158050710 252.453972504 -6.502233562 -0.016054098 -0.016058096 -0.624893273 0.780379908
1317401198.900072098 431.383515481 251.502222317 -6.446880049 -0.016194532 -0.016182240 -0.624871423 0.780391938
1317401199.003982067 431.611776125 250.513770139 -6.384339901 -0.016975140 -0.016023961 -0.624960582 0.780307214
1317401199.107862949 431.823524737 249.590946282 -6.330001623 -0.017404825 -0.015543041 -0.625113934 0.780184629
1317401199.211775064 432.036229562 248.652543113 -6.271263965 -0.017352066 -0.015357435 -0.625307195 0.780034593
1317401199.315721035 432.267337077 247.698851407 -6.208457156 -0.017014714 -0.016647923 -0.625492449 0.779867003
1317401199.419641972 432.482007242 246.781645116 -6.146772681 -0.017887301 -0.017938398 -0.625960592 0.779443132
1317401199.523581982 432.685420278 245.836148044 -6.084879556 -0.019767117 -0.017855782 -0.626803304 0.778722062
1317401199.627513885 432.896037081 244.919104566 -6.026234008 -0.020120797 -0.017754456 -0.627694025 0.777997522
1317401199.731446028 433.110396331 243.979864453 -5.963939718 -0.021199512 -0.016612250 -0.628506014 0.777338281
1317401199.835388899 433.312094850 243.071132290 -5.898060195 -0.020513922 -0.016922970 -0.629468141 0.776571086
1317401199.939320087 433.500331027 242.201242808 -5.839556230 -0.020775881 -0.016259453 -0.630523414 0.775721740
1317401200.043250084 433.699155342 241.278767693 -5.776380595 -0.020427605 -0.015825205 -0.631546832 0.774907010
1317401200.147166967 433.872564345 240.411492392 -5.715391863 -0.020098510 -0.015288047 -0.632603954 0.774063669
1317401200.251087904 434.066050894 239.521295380 -5.657579421 -0.020206409 -0.015540991 -0.633578035 0.773258723
1317401200.355017900 434.244760769 238.625461070 -5.584839275 -0.019722260 -0.017250904 -0.634673625 0.772335956
1317401200.458959103 434.423894067 237.747422526 -5.532156415 -0.019863509 -0.018084955 -0.635771730 0.771409543
1317401200.562901974 434.596228341 236.884228290 -5.478205267 -0.021043472 -0.017697773 -0.636748872 0.770580843
1317401200.666807890 434.777036416 236.033198268 -5.419423638 -0.020373240 -0.017745289 -0.637611031 0.769884542
1317401200.770751953 434.950876436 235.157426107 -5.353219368 -0.018886285 -0.017753553 -0.638351969 0.769308055
1317401200.874670029 435.092645351 234.343759092 -5.300050295 -0.018135897 -0.016906195 -0.639126314 0.768702039
1317401200.978564978 435.244612962 233.576971714 -5.235091337 -0.017052062 -0.017090729 -0.639510293 0.768403357
1317401201.082484961 435.418522417 232.642163624 -5.172231124 -0.017629298 -0.016978130 -0.639961641 0.768016959
1317401201.186393023 435.580977942 231.890956989 -5.126642117 -0.016491337 -0.018129608 -0.640018335 0.767968674
1317401201.290321112 435.721870448 231.072304726 -5.075945026 -0.018227135 -0.016809141 -0.640295727 0.767728212
1317401201.394217968 435.873563380 230.304817544 -5.018687714 -0.017866971 -0.017300998 -0.640388594 0.767648289
1317401201.498106003 436.032697060 229.492525838 -4.972317898 -0.018671226 -0.016025292 -0.640290397 0.767738747
1317401201.602036953 436.170823464 228.746900219 -4.917690363 -0.015914921 -0.017126849 -0.640249291 0.767811326
1317401201.705951929 436.320966288 227.959247543 -4.872775307 -0.015710730 -0.015623681 -0.640100135 0.767971933
1317401201.809894085 436.448103383 227.238423456 -4.823620594 -0.013126889 -0.015660447 -0.639963956 0.768133172
1317401201.913846016 436.589961969 226.511168567 -4.777073080 -0.012423090 -0.015205806 -0.639750274 0.768331984
1317401202.017776012 436.720477362 225.798375696 -4.731416757 -0.012754657 -0.014667331 -0.639526708 0.768523114
1317401202.121731997 436.843855498 225.060260757 -4.683756305 -0.012264929 -0.015552968 -0.639215969 0.768772152
1317401202.225687981 437.000705172 224.366547727 -4.645368476 -0.010776258 -0.017363299 -0.638849460 0.769060306
1317401202.329629898 437.128207680 223.667457082 -4.606489909 -0.012492313 -0.016359834 -0.638548465 0.769306282
1317401202.433593035 437.255941653 222.975071206 -4.564996754 -0.011721599 -0.016710199 -0.638371937 0.769457369
1317401202.537584782 437.379370973 222.305310030 -4.525359307 -0.010956175 -0.016765167 -0.638266900 0.769554583
1317401202.641580105 437.504351776 221.646315379 -4.485888157 -0.010203526 -0.016999937 -0.637840508 0.769913226
1317401202.745573044 437.636132675 220.982427536 -4.443425486 -0.010538140 -0.016957818 -0.637555706 0.770145507
1317401202.849554062 437.761828412 220.343910752 -4.409885387 -0.010318322 -0.016996338 -0.637314386 0.770347344
1317401202.953556061 437.877683316 219.736695351 -4.375633916 -0.010837451 -0.016853029 -0.637096566 0.770523517
1317401203.057569027 438.007862310 219.081745759 -4.337455473 -0.011914469 -0.016428186 -0.636716013 0.770831291
1317401203.161576986 438.128657117 218.467491595 -4.301579503 -0.011086446 -0.017224909 -0.636439434 0.771054629
1317401203.265603065 438.249512897 217.883629502 -4.270090359 -0.010444080 -0.017262170 -0.636228543 0.771236786
1317401203.369621992 438.376151240 217.272463868 -4.231024569 -0.010282242 -0.017415336 -0.635891746 0.771513233
1317401203.473625898 438.494888808 216.687776470 -4.196019408 -0.009987406 -0.017869303 -0.635707824 0.771658281
1317401203.577652931 438.609039057 216.117805483 -4.168930360 -0.011118951 -0.016768726 -0.635422859 0.771902176
1317401203.681715012 438.723715342 215.541302328 -4.133646453 -0.010932786 -0.016702412 -0.635236715 0.772059466
1317401203.785784721 438.839782591 214.967291268 -4.104431161 -0.011859963 -0.015470808 -0.635220471 0.772084807
1317401203.889826059 438.937309121 214.410916457 -4.069899408 -0.011209423 -0.015584873 -0.635244748 0.772072257
1317401203.993868113 439.045196205 213.877651485 -4.039698668 -0.011049120 -0.015319392 -0.635221251 0.772099213
1317401204.097943068 439.166905797 213.327825872 -4.008141298 -0.010600136 -0.015520856 -0.635173635 0.772140657
1317401204.201996088 439.278219788 212.769224375 -3.977959562 -0.011002841 -0.015324238 -0.635150674 0.772157838
1317401204.306030989 439.377272020 212.230958495 -3.948228863 -0.010583487 -0.015576282 -0.635140278 0.772167207
1317401204.410068989 439.502433681 211.668570370 -3.913771566 -0.011074122 -0.015576311 -0.635060607 0.772225853
1317401204.514096022 439.610549114 211.141071646 -3.886590715 -0.011363756 -0.015739617 -0.635086630 0.772196932
1317401204.618113041 439.723748181 210.619183745 -3.851651280 -0.011009797 -0.017195153 -0.634839064 0.772374569
1317401204.722162962 439.833649424 210.079337932 -3.821430549 -0.011257012 -0.017957401 -0.634818167 0.772370835
1317401204.826211929 439.935242473 209.550229939 -3.793145936 -0.011343927 -0.018561367 -0.634788419 0.772379734
1317401204.930248976 440.042968863 209.008657875 -3.762412316 -0.011492317 -0.018141147 -0.634762926 0.772408476
1317401205.034312010 440.148049992 208.486536395 -3.737234048 -0.011069706 -0.017652221 -0.634704926 0.772473636
1317401205.138340950 440.255053776 207.964352236 -3.707559725 -0.010469121 -0.017134284 -0.634599546 0.772580242
1317401205.242356062 440.356684659 207.431559421 -3.670150763 -0.010017429 -0.017139972 -0.634342179 0.772797433
1317401205.346379995 440.471771922 206.915417174 -3.644216967 -0.010167731 -0.016838548 -0.634196870 0.772921348
1317401205.450383902 440.579671180 206.385552068 -3.616389465 -0.010694731 -0.016509558 -0.634131824 0.772974700
1317401205.554400921 440.686203641 205.861901717 -3.585521355 -0.011164105 -0.016661007 -0.633807892 0.773230450
1317401205.658401012 440.806909046 205.341359124 -3.558314873 -0.010384095 -0.017517571 -0.633327507 0.773615909
1317401205.762392044 440.899765943 204.831629982 -3.533422166 -0.010457192 -0.016978787 -0.633058510 0.773847072
1317401205.866394997 441.013346950 204.309039335 -3.501164529 -0.010006228 -0.017081882 -0.632641791 0.774191481
1317401205.970409870 441.129382015 203.760041335 -3.461689846 -0.010866168 -0.017879154 -0.632094577 0.774608745
1317401206.074424982 441.233366159 203.292789068 -3.435360241 -0.013780443 -0.018165476 -0.631629646 0.774934904
1317401206.178427935 441.343647910 202.790399508 -3.407954667 -0.015634912 -0.019090988 -0.631018408 0.775375297
1317401206.282453060 441.450629606 202.279344874 -3.378763123 -0.017194949 -0.020264101 -0.630560490 0.775684967
1317401206.386475086 441.545726127 201.767669541 -3.356154714 -0.017859967 -0.021638897 -0.630050944 0.776046769
1317401206.490519047 441.658233033 201.278924220 -3.329814756 -0.019748970 -0.021026487 -0.629809418 0.776213864
1317401206.594558954 441.781412734 200.756096043 -3.298959344 -0.020548522 -0.019575677 -0.629723576 0.776300695
1317401206.698599100 441.882964446 200.279603757 -3.266472681 -0.021590570 -0.018088924 -0.629574720 0.776429204
1317401206.802638054 441.989647680 199.754055974 -3.227866191 -0.021495806 -0.017328136 -0.629407228 0.776584964
1317401206.906636953 442.098230255 199.281551336 -3.197021400 -0.020975038 -0.016870859 -0.629376808 0.776633926
1317401207.010674000 442.202048231 198.766730793 -3.157943870 -0.021167282 -0.016829386 -0.629281234 0.776707053
1317401207.114715099 442.305318639 198.286241948 -3.114931287 -0.022112938 -0.017504485 -0.629372752 0.776591623
1317401207.218742132 442.433337532 197.801774467 -3.083205392 -0.023009103 -0.017901483 -0.629742557 0.776256678
1317401207.322768927 442.538150203 197.286009982 -3.051904312 -0.024243861 -0.017996330 -0.630301223 0.775763325
1317401207.426805973 442.643505443 196.802762772 -3.021541705 -0.024148115 -0.018923002 -0.630881619 0.775272321
1317401207.530855894 442.747403181 196.300839831 -2.983416557 -0.024399453 -0.019492304 -0.631451913 0.774785905
1317401207.634869099 442.858214628 195.803993060 -2.954569019 -0.024599757 -0.018861374 -0.632078516 0.774284089
1317401207.738847971 442.970498744 195.272210002 -2.912112897 -0.024107227 -0.018361424 -0.632829134 0.773698254
1317401207.842839003 443.079970399 194.770552909 -2.874211923 -0.023948989 -0.017875836 -0.633362131 0.773278289
1317401207.946839094 443.182706954 194.255832264 -2.837821322 -0.023786214 -0.017559281 -0.634035182 0.772738815
1317401208.050829172 443.295456237 193.729822750 -2.801250659 -0.023413705 -0.017078276 -0.634513420 0.772368339
1317401208.154845953 443.389777027 193.239867715 -2.768430953 -0.023002252 -0.016447215 -0.634967877 0.772020842
1317401208.258860111 443.498643306 192.718178054 -2.722910429 -0.021157157 -0.017150733 -0.635516581 0.771606702
1317401208.362863064 443.600252281 192.184666250 -2.687656274 -0.019708045 -0.016719436 -0.636044828 0.771219184
1317401208.466877937 443.706972904 191.661398304 -2.654439896 -0.018793268 -0.015507042 -0.636446647 0.770935802
1317401208.570892096 443.804956797 191.151340069 -2.616866988 -0.017917219 -0.014462905 -0.637027063 0.770497449
1317401208.674916029 443.914722874 190.605348968 -2.580033618 -0.016964898 -0.013325015 -0.637562386 0.770096643
1317401208.778930902 444.014478284 190.086966191 -2.550489668 -0.015786863 -0.012454215 -0.637957510 0.769808991
1317401208.882946014 444.110182525 189.561765383 -2.516041384 -0.014347958 -0.012156248 -0.638283635 0.769571545
1317401208.986938000 444.210382631 189.025434670 -2.484337205 -0.013091832 -0.012409669 -0.638917521 0.769063720
1317401209.090923071 444.308265587 188.509074996 -2.455074710 -0.012616089 -0.012524096 -0.639339523 0.768719036
1317401209.194937944 444.408697216 188.006746892 -2.427922065 -0.012980200 -0.012107225 -0.639945570 0.768215202
1317401209.298958063 444.509516666 187.484927948 -2.401331203 -0.013508067 -0.011587056 -0.640694128 0.767589934
1317401209.403002024 444.605149510 186.969112275 -2.377379914 -0.013947118 -0.011288900 -0.641836593 0.766631480
1317401209.507036924 444.707964171 186.465894279 -2.354027584 -0.013617815 -0.011405104 -0.643456847 0.765276267
1317401209.611102104 444.800234730 185.934896890 -2.326654699 -0.012996365 -0.011882115 -0.645567451 0.763500214
1317401209.715213060 444.880804234 185.425047526 -2.300177004 -0.012806242 -0.012364095 -0.648318795 0.761160870
1317401209.819299936 444.964274658 184.920570263 -2.271038236 -0.012899978 -0.012752701 -0.651300224 0.758603307
1317401209.923388004 445.048651277 184.403180991 -2.245543601 -0.013139594 -0.012671426 -0.654622789 0.755735265
1317401210.027523041 445.118525102 183.895250667 -2.223864109 -0.013318588 -0.012687091 -0.658446655 0.752402589
1317401210.131654978 445.193025036 183.403675188 -2.197289134 -0.013640478 -0.013932171 -0.662963634 0.748397656
1317401210.235814095 445.247690617 182.910129036 -2.171233560 -0.013718147 -0.016195598 -0.668061853 0.743802981
1317401210.339999914 445.295590000 182.431919693 -2.143083380 -0.014099903 -0.017903038 -0.673814712 0.738548853
1317401210.444183111 445.351776954 181.972938163 -2.124208021 -0.015562243 -0.019863769 -0.680583691 0.732235677
1317401210.548389912 445.377028740 181.511762763 -2.096222105 -0.016661301 -0.022194187 -0.687626114 0.725534387
1317401210.652596951 445.394240449 181.053342903 -2.070077983 -0.016363581 -0.024067865 -0.694962757 0.718456497
1317401210.756778002 445.404637442 180.615908883 -2.040087826 -0.014835098 -0.024559547 -0.702421773 0.711182396
1317401210.860937119 445.402614114 180.186412059 -2.009102548 -0.012887790 -0.025300848 -0.709950971 0.703678471
1317401210.965073109 445.399115835 179.761853986 -1.971438994 -0.011095554 -0.025873384 -0.717079703 0.696422398
1317401211.069158077 445.379985029 179.361186040 -1.942748599 -0.009675589 -0.025602432 -0.724058571 0.689195244
1317401211.173223019 445.365479442 178.985675033 -1.911186094 -0.008304831 -0.025259925 -0.730498168 0.682396800
1317401211.277309895 445.346644501 178.643074655 -1.886966838 -0.007850929 -0.025239992 -0.736926486 0.675455891
1317401211.381396055 445.321854187 178.290041088 -1.863698909 -0.007525850 -0.025485313 -0.743528128 0.668176461
1317401211.485456944 445.285178354 177.962135562 -1.842425551 -0.007213523 -0.025374697 -0.750468802 0.660379185
1317401211.589543104 445.249338533 177.626418579 -1.828765817 -0.006744798 -0.025038933 -0.757754446 0.652024354
1317401211.693679094 445.195849364 177.298941747 -1.805016361 -0.006067357 -0.024740997 -0.765455198 0.642984767
1317401211.797816038 445.130572875 176.978154157 -1.789545015 -0.005323337 -0.025032987 -0.773789019 0.632926193
1317401211.901949883 445.072930885 176.659778040 -1.766272084 -0.004400057 -0.025435711 -0.782673853 0.621896539
1317401212.006105900 445.003870902 176.355339111 -1.746551370 -0.004022588 -0.025566046 -0.791763460 0.610279296
1317401212.110264063 444.917387724 176.027554722 -1.724445636 -0.004282883 -0.026447150 -0.800909121 0.598186245
1317401212.214422941 444.826103919 175.733749418 -1.703749009 -0.005822415 -0.027874315 -0.810261735 0.585375984
1317401212.318583012 444.747032269 175.435038623 -1.690967384 -0.007927845 -0.029685453 -0.819551921 0.572180541
1317401212.422740936 444.635752087 175.134136482 -1.674911716 -0.010182358 -0.031670680 -0.829040497 0.558198120
1317401212.526922941 444.503073787 174.847483671 -1.666288797 -0.013186763 -0.033532072 -0.838821270 0.543213206
1317401212.631130934 444.370582255 174.552320705 -1.653833819 -0.016115670 -0.035464954 -0.849123865 0.526755336
1317401212.735336304 444.232973777 174.263596738 -1.646405316 -0.018409587 -0.036615125 -0.859477504 0.509528055
1317401212.839565992 444.073832221 173.965024291 -1.632981684 0.019388458 0.037502440 0.870243993 -0.490808564
1317401212.943796873 443.894802676 173.669907854 -1.623122201 0.019159404 0.038876477 0.880840209 -0.471425564
1317401213.048003912 443.695227276 173.384378888 -1.601090886 0.017621831 0.040967229 0.891411524 -0.450995180
1317401213.152211905 443.463162012 173.100876835 -1.569637046 0.015251307 0.042315200 0.901850847 -0.429699745
1317401213.256417036 443.214735186 172.793821958 -1.531725947 0.013017985 0.041597833 0.911991329 -0.407887200
1317401213.360625267 442.977228945 172.504284247 -1.508341197 0.011058237 0.039631628 0.922043103 -0.384894227
1317401213.464807987 442.693428135 172.222747973 -1.480810084 0.009142626 0.038427295 0.931518904 -0.361541543
1317401213.568967104 442.401323241 171.950532571 -1.460473619 0.007198730 0.038988077 0.940507612 -0.337451538
1317401213.673074961 442.041839349 171.651259465 -1.425260384 0.004905063 0.038736093 0.948345535 -0.314827257
1317401213.777113914 441.709728900 171.377825165 -1.399492761 0.004561430 0.036582238 0.955722830 -0.291950006
1317401213.881130934 441.358778986 171.112331414 -1.391962717 0.005465491 0.034051442 0.962330982 -0.269684463
1317401213.985096931 440.948785031 170.862118349 -1.376385993 0.006478152 0.034526600 0.967893734 -0.248892884
1317401214.089015961 440.487108824 170.613651261 -1.362789387 0.007204471 0.036525633 0.972480420 -0.229990882
1317401214.192910910 440.043744025 170.386333924 -1.336167792 0.008389349 0.037765332 0.976651036 -0.211320022
1317401214.296760082 439.555952318 170.139234744 -1.329641767 0.010330125 0.036773609 0.980310742 -0.193731360
1317401214.400583029 439.021902202 169.921253990 -1.329952034 0.010766684 0.034717263 0.983438534 -0.177559680
1317401214.504405975 438.516807412 169.720770424 -1.312164841 0.008708311 0.034122151 0.986139947 -0.162135283
1317401214.608228922 437.957385583 169.546429218 -1.290362247 0.007187708 0.035236777 0.988410414 -0.147484102
1317401214.712050915 437.377465402 169.361452254 -1.264079819 0.006669918 0.036512656 0.990414351 -0.133047930
1317401214.815850019 436.768500483 169.181227325 -1.251889223 0.006591875 0.036388475 0.992141533 -0.119530768
1317401214.919600010 436.136686160 169.021535205 -1.236952388 0.006441553 0.036221622 0.993531441 -0.107432655
1317401215.023324966 435.485662725 168.867064418 -1.230074732 0.005430295 0.037573261 0.994518434 -0.097426111
1317401215.127027988 434.783772179 168.725804335 -1.204325372 0.003980509 0.040004422 0.995152161 -0.089755100
1317401215.230707884 434.109746097 168.593560141 -1.186470764 0.003382855 0.042069824 0.995583586 -0.083857074
1317401215.334362030 433.373771137 168.431999209 -1.164736772 0.002944792 0.043444919 0.995868524 -0.079685322
1317401215.438015938 432.660779859 168.312622151 -1.158816575 0.002743795 0.042843047 0.996034361 -0.077926222
1317401215.541697025 431.945470115 168.185872133 -1.145236829 0.002758861 0.042869318 0.996103911 -0.077016933
1317401215.645375967 431.150758318 168.044587477 -1.135825479 0.002893172 0.043433969 0.996045211 -0.077453589
1317401215.749077082 430.367201759 167.938566348 -1.122768228 0.002793599 0.045301031 0.995899465 -0.078257699
1317401215.852828979 429.598235223 167.796758658 -1.108375833 0.002415099 0.045191961 0.995858756 -0.078849171
1317401215.956579924 428.739358766 167.664800281 -1.093931388 0.001315749 0.044524124 0.995763172 -0.080446113
1317401216.060305119 427.941508671 167.527932727 -1.085165491 0.000905822 0.043195350 0.995696564 -0.081985931
1317401216.164058924 427.114707743 167.405280076 -1.072469082 0.000413804 0.044090650 0.995544989 -0.083342773
1317401216.267857075 426.234418235 167.259424260 -1.046215936 0.000691902 0.044054067 0.995389703 -0.085194487
1317401216.371654987 425.375763178 167.093860331 -1.055187565 0.000274673 0.044010212 0.995272715 -0.086575106
1317401216.475430965 424.485284920 166.932632311 -1.025413560 0.001161552 0.045131874 0.995097239 -0.087995740
1317401216.579231024 423.571545673 166.762840862 -1.009056153 0.003044232 0.044959838 0.994913141 -0.090095436
1317401216.683075905 422.687652689 166.608981019 -1.002505572 0.003875566 0.044690787 0.994790909 -0.091535577
1317401216.786946058 421.786181380 166.445434968 -0.985491192 0.002675877 0.046378379 0.994549890 -0.093340249
1317401216.890815020 420.885670976 166.281773061 -0.981758682 0.000358137 0.046450709 0.994414872 -0.094769538
1317401216.994683981 419.956680995 166.102583785 -0.936489305 -0.002220494 0.048662208 0.994240107 -0.095465541
1317401217.098602057 419.019956253 165.911109051 -0.935244082 -0.004181561 0.049693822 0.994107406 -0.096247103
1317401217.202545881 418.110649499 165.738849050 -0.908249379 -0.005790633 0.049444518 0.994154490 -0.095804796
1317401217.306489944 417.172164137 165.554226082 -0.898741444 -0.007378586 0.049202654 0.994210746 -0.095234698
1317401217.410432100 416.245509479 165.386843662 -0.878457927 -0.008107798 0.048655174 0.994279474 -0.094737875
1317401217.514373064 415.315854440 165.181603005 -0.864871139 -0.007568683 0.048784164 0.994330766 -0.094176153
1317401217.618315935 414.432217322 165.013925383 -0.864925364 -0.008078244 0.048546649 0.994375726 -0.093781027
1317401217.722260952 413.481278035 164.838419586 -0.864775692 -0.009742836 0.048509372 0.994407842 -0.093300385
1317401217.826205969 412.583254745 164.660829761 -0.852152488 -0.009432246 0.049050639 0.994377242 -0.093375410
1317401217.930149078 411.647085080 164.460636487 -0.844785297 -0.006245965 0.049950126 0.994374378 -0.093196403
1317401218.034116030 410.744900293 164.288144979 -0.812797863 -0.001838394 0.047169138 0.994535365 -0.093118744
1317401218.138081074 409.799499048 164.111007604 -0.826985479 0.000312158 0.045389065 0.994621468 -0.093101403
1317401218.242048979 408.901382847 163.919100030 -0.813052483 0.000014016 0.040213999 0.994790389 -0.093674518
1317401218.346041203 407.981014737 163.729152931 -0.795249542 -0.001636691 0.039789203 0.994716478 -0.094621711
1317401218.450030088 407.120843849 163.562777808 -0.790388590 -0.002803526 0.039021172 0.994666956 -0.095431308
1317401218.553997040 406.205514624 163.377658333 -0.773490089 -0.004095426 0.038601175 0.994562815 -0.096633243
1317401218.657963991 405.316172945 163.193530170 -0.768194247 -0.005423364 0.040151076 0.994382157 -0.097788571
1317401218.761905909 404.422493046 163.005977709 -0.744286306 -0.005402820 0.040409421 0.994190325 -0.099616699
1317401218.865848064 403.522677799 162.834148198 -0.724288576 -0.003138087 0.041658845 0.993947016 -0.101607199
1317401218.969840050 402.661871926 162.669739286 -0.717506986 -0.000868896 0.041019523 0.993744254 -0.103870121
1317401219.073831081 401.838552927 162.467209979 -0.695270161 0.000735690 0.042048485 0.993531850 -0.105479132
1317401219.177820921 400.976889623 162.299256532 -0.674837040 0.000223860 0.041762130 0.993368587 -0.107120145
1317401219.281836033 400.172178067 162.100298947 -0.665932409 -0.001650424 0.040338721 0.993276304 -0.108499987
1317401219.385848999 399.364949001 161.916608977 -0.646416302 -0.003078405 0.038959601 0.993137786 -0.110227092
1317401219.489837885 398.587710696 161.744259812 -0.620378640 -0.003060456 0.039950232 0.992948802 -0.111567423
1317401219.593828917 397.857851401 161.565348806 -0.600452449 -0.002471209 0.040764225 0.992770270 -0.112868785
1317401219.697822094 397.114637197 161.395371695 -0.581805643 -0.002111924 0.040340761 0.992647427 -0.114101918
1317401219.801814079 396.393500118 161.219371623 -0.578316951 -0.002549394 0.039668514 0.992504819 -0.115559913
1317401219.905805111 395.726384665 161.059331415 -0.550453546 -0.002654146 0.040091548 0.992344467 -0.116782200
1317401220.009793997 395.057382746 160.907042037 -0.534798774 -0.002610647 0.039432371 0.992207890 -0.118159957
1317401220.113782883 394.409639353 160.737740533 -0.524128742 -0.002402225 0.036730497 0.992203982 -0.119064514
1317401220.217775106 393.735584697 160.565848757 -0.515608025 -0.002351638 0.034796671 0.992150213 -0.120090038
1317401220.321767092 393.132220211 160.405959889 -0.495766422 -0.001911388 0.034600877 0.992005578 -0.121342736
1317401220.425757885 392.505466806 160.270401557 -0.476860603 -0.001225070 0.033761495 0.991966401 -0.121907016
1317401220.529795885 391.904538244 160.111762828 -0.466357082 -0.000959706 0.031615651 0.992183315 -0.120713704
1317401220.633858919 391.331122088 159.970765614 -0.470864793 -0.001626635 0.028696840 0.992524449 -0.118613080
1317401220.737921953 390.785133422 159.828953084 -0.455961371 -0.002808534 0.027953261 0.992776595 -0.116642015
1317401220.841959953 390.284981588 159.713365586 -0.437174859 -0.003424075 0.028668432 0.992993302 -0.114589258
1317401220.945998907 389.800956287 159.586014631 -0.419014582 -0.003281135 0.030229541 0.993113372 -0.113142558
1317401221.050040007 389.328574235 159.485480692 -0.412767594 -0.002408129 0.030885953 0.993254721 -0.111737723
1317401221.154079914 388.866078755 159.371959284 -0.403931341 -0.000717502 0.030375042 0.993407861 -0.110533544
1317401221.258093119 388.399467073 159.256760581 -0.389370605 0.000750983 0.029973015 0.993498898 -0.109822556
1317401221.362082958 387.956629552 159.144050140 -0.384980356 0.000967104 0.029977647 0.993489688 -0.109902890
1317401221.466074228 387.491142885 159.044323428 -0.376139870 0.000598246 0.029805836 0.993486526 -0.109980801
1317401221.570039034 387.051920078 158.940717645 -0.368499588 0.000704955 0.029556726 0.993440616 -0.110461062
1317401221.673981905 386.608689164 158.832428185 -0.358035782 0.001420403 0.029701774 0.993331463 -0.111392963
1317401221.777899981 386.163585950 158.722376462 -0.350064135 0.002706039 0.029638900 0.993162820 -0.112879697
1317401221.881827116 385.706990979 158.620946755 -0.335256923 0.004888210 0.029068177 0.992957296 -0.114747351
1317401221.985744953 385.299503245 158.523907928 -0.326130589 0.007326685 0.029302820 0.992672542 -0.116999529
1317401222.089679956 384.872852731 158.416763138 -0.313285713 0.009231499 0.030031698 0.992380871 -0.119134730
1317401222.193623066 384.450570494 158.313731919 -0.307008972 0.009834183 0.031723660 0.992093270 -0.121028268
1317401222.297564983 384.030145511 158.202985080 -0.295423279 0.009168467 0.033268905 0.991786139 -0.123164010
1317401222.401506901 383.605149222 158.095522437 -0.282978466 0.007780921 0.033972970 0.991521160 -0.125184196
1317401222.505428076 383.152578092 157.979256550 -0.261735718 0.005125476 0.033143769 0.991289600 -0.127358353
1317401222.609348059 382.714328032 157.854616202 -0.238759516 0.001705061 0.032276161 0.991033768 -0.129643406
1317401222.713289976 382.266418725 157.721442861 -0.226013684 -0.001202568 0.032600395 0.990697884 -0.132111585
1317401222.817234993 381.797199952 157.606827017 -0.207734888 -0.002475853 0.033867444 0.990260310 -0.135023643
1317401222.921178102 381.337599134 157.485434036 -0.193067185 -0.002229845 0.034898597 0.989885690 -0.137489766
1317401223.025144100 380.856646828 157.340471211 -0.185200691 -0.001606084 0.034649635 0.989570079 -0.139813744
1317401223.129111052 380.350922446 157.194037040 -0.182285738 -0.001634033 0.033347388 0.989298664 -0.142033221
1317401223.233102083 379.852646098 157.050160818 -0.178763664 -0.002240290 0.031816363 0.989118264 -0.143623671
1317401223.337091923 379.314596166 156.896699026 -0.174046223 -0.003084045 0.030616421 0.988984042 -0.144788427
1317401223.441059113 378.787712182 156.729535896 -0.163383414 -0.003707430 0.030229445 0.988900087 -0.145427144
1317401223.545047998 378.239863798 156.571029762 -0.154331110 -0.003538061 0.029732532 0.988897339 -0.145552435
1317401223.649085999 377.678855135 156.394402939 -0.146613049 -0.002868863 0.029109537 0.989027623 -0.144805958
1317401223.753124952 377.112971312 156.224739825 -0.146048463 -0.001604886 0.028243471 0.989199357 -0.143820594
1317401223.857141018 376.517248513 156.039632636 -0.138598949 -0.000863902 0.027716426 0.989445550 -0.142227129
1317401223.961183071 375.891729097 155.854361206 -0.142257073 -0.001284298 0.026891454 0.989707194 -0.140552019
1317401224.065244913 375.265021814 155.670697922 -0.134617269 -0.002634189 0.027352651 0.989977469 -0.138526186
1317401224.169305086 374.632672556 155.489769104 -0.117566498 -0.002971044 0.027148942 0.990271159 -0.136444640
1317401224.273367882 373.964271865 155.282779450 -0.112060708 -0.002469385 0.025712735 0.990734738 -0.133332049
1317401224.377454042 373.299665152 155.106087127 -0.106556893 -0.000630561 0.023947560 0.991291699 -0.129487006
1317401224.481565952 372.610691367 154.915827388 -0.106362696 0.000571827 0.022406394 0.991953961 -0.124599219
1317401224.585675001 371.915192179 154.727658394 -0.103790697 0.000642950 0.021921597 0.992789922 -0.117843968
1317401224.689810038 371.167614026 154.549073322 -0.110016910 0.000264325 0.021374045 0.993649374 -0.110471723
1317401224.793919086 370.404519579 154.351383373 -0.090850529 0.000149553 0.021519468 0.994466554 -0.102825891
1317401224.898007154 369.637089906 154.202198884 -0.088547379 0.000646677 0.021970516 0.995182076 -0.095548486
1317401225.002070665 368.858784839 154.057051399 -0.082857839 0.000993807 0.022078755 0.995839538 -0.088403364
1317401225.106107950 368.022986041 153.901994796 -0.079830883 0.000188376 0.022969442 0.996394176 -0.081676279
1317401225.210123062 367.195903638 153.763253248 -0.073537268 -0.001252834 0.023283239 0.996850544 -0.075797846
1317401225.314064980 366.337561974 153.631594077 -0.069460898 -0.002587115 0.024224955 0.997136807 -0.071586633
1317401225.417983055 365.454923814 153.493629054 -0.051303640 -0.002533533 0.024719812 0.997368695 -0.068104320
1317401225.521879911 364.601496158 153.374758949 -0.053528398 -0.002179915 0.024510434 0.997510488 -0.066085652
1317401225.625727892 363.698007398 153.242439248 -0.047277440 -0.002823619 0.024635289 0.997632515 -0.064144325
1317401225.729573965 362.810377001 153.128236512 -0.051657679 -0.004456770 0.025082687 0.997671417 -0.063267208
1317401225.833444118 361.882948859 153.003711357 -0.059386148 -0.006072419 0.026553184 0.997661928 -0.062679596
1317401225.937315941 360.966157115 152.881420201 -0.033533404 -0.005168267 0.029013487 0.997608214 -0.062524856
1317401226.041208029 360.021062118 152.754419579 -0.034408293 -0.002308257 0.029936656 0.997584676 -0.062636119
1317401226.145103931 359.073567019 152.634676540 -0.025533797 -0.000191533 0.030171055 0.997557114 -0.063003768
1317401226.248975754 358.111552602 152.506026847 -0.050613333 -0.000882286 0.030686405 0.997495740 -0.063716674
1317401226.352847099 357.151912886 152.379360592 -0.040435357 -0.003329698 0.031293370 0.997436556 -0.064264718
1317401226.456718922 356.159266841 152.253145180 -0.019538732 -0.004785372 0.032751579 0.997327429 -0.065133961
1317401226.560589075 355.170528632 152.125763444 -0.011216434 -0.005803207 0.033426705 0.997237657 -0.066075964
1317401226.664483070 354.175958947 151.974941152 -0.012447457 -0.006927103 0.032550909 0.997171099 -0.067396234
1317401226.768377066 353.186830315 151.837323652 -0.008368196 -0.008201846 0.035304194 0.997013856 -0.068188816
1317401226.872247696 352.210505007 151.705052215 -0.002161491 -0.008068095 0.037459331 0.996845373 -0.069505448
1317401226.976119995 351.211352805 151.553892890 0.001187480 -0.006285655 0.039397566 0.996644833 -0.071466071
1317401227.079989910 350.227963686 151.410163108 0.015445181 -0.004857047 0.042829422 0.996368436 -0.073430165
1317401227.183834076 349.269274179 151.275978652 0.019132047 -0.004257333 0.045537553 0.996062418 -0.075946466
1317401227.287658930 348.273545635 151.116985533 0.022120720 -0.005236837 0.045540325 0.995783319 -0.079462166
1317401227.391482115 347.286951496 150.953557789 0.043165991 -0.006209864 0.045464135 0.995478543 -0.083168021
1317401227.495304108 346.305628982 150.786843091 0.038910362 -0.006673225 0.045807975 0.995165828 -0.086614499
1317401227.599126101 345.320368623 150.608953519 0.069233356 -0.005368192 0.044578264 0.994927318 -0.090019954
1317401227.702949047 344.361400287 150.421516429 0.071470495 -0.002931493 0.042051967 0.994806169 -0.092648393
1317401227.806771994 343.388741575 150.234026663 0.079392036 -0.003169531 0.040572000 0.994595537 -0.095517462
1317401227.910621881 342.451201300 150.046459879 0.086721508 -0.005840459 0.038211231 0.994437399 -0.097979844
1317401228.014492989 341.478904188 149.859432889 0.093987843 -0.009169872 0.039892679 0.994147524 -0.099975933
1317401228.118386984 340.525825186 149.662896684 0.118466495 -0.009639317 0.038467375 0.993998729 -0.101950339
1317401228.222305059 339.597172071 149.458912133 0.118890448 -0.008756614 0.037051236 0.993952174 -0.103002927
1317401228.326247931 338.678145684 149.259222745 0.126094243 -0.007547396 0.035419579 0.993953080 -0.103661786
1317401228.430188894 337.780002961 149.060456874 0.121272492 -0.007489361 0.035745544 0.993930502 -0.103770533
1317401228.534131050 336.894060237 148.869232321 0.142657815 -0.007234788 0.037951675 0.993763083 -0.104605271
1317401228.638073921 336.037031891 148.686576360 0.150819009 -0.006916389 0.039492068 0.993662086 -0.105015232
1317401228.742016077 335.199651095 148.509316698 0.160912337 -0.007705138 0.042017660 0.993512291 -0.105396747
1317401228.845959902 334.391114695 148.333910908 0.177261972 -0.008660297 0.042793863 0.993383913 -0.106217167
1317401228.949904919 333.605273285 148.164616936 0.182270955 -0.009017247 0.041964077 0.993333538 -0.106986862
1317401229.053894997 332.853827942 147.996748350 0.199043518 -0.008654539 0.041176621 0.993358561 -0.107090406
1317401229.157886028 332.116729502 147.835304828 0.202647173 -0.008107291 0.040005109 0.993451146 -0.106717779
1317401229.261877060 331.408773774 147.680131117 0.211911292 -0.008082955 0.037969007 0.993632652 -0.105769433
1317401229.365866899 330.724447676 147.523516845 0.220005070 -0.007781436 0.036613429 0.993800663 -0.104685950
1317401229.469856977 330.081880366 147.370290902 0.228770273 -0.007833692 0.034554206 0.993934771 -0.104107210
1317401229.573847055 329.469869262 147.236429192 0.230882787 -0.008520457 0.033960400 0.994003465 -0.103591525
1317401229.677814960 328.888296497 147.113032457 0.241586702 -0.009053591 0.033212413 0.994076945 -0.103082472
1317401229.781783104 328.324662733 146.993177669 0.246162910 -0.010160788 0.033204130 0.994115360 -0.102610409
1317401229.885725021 327.795221132 146.872551686 0.254954278 -0.011620300 0.031030207 0.994215072 -0.102168902
1317401229.989665985 327.292624710 146.777195738 0.256934692 -0.012059081 0.028744526 0.994350792 -0.101463454
1317401230.093631983 326.813185851 146.665800216 0.264547615 -0.011740784 0.026359871 0.994483735 -0.100843502
1317401230.197576046 326.376796363 146.574193260 0.254236659 -0.010918948 0.026303873 0.994536808 -0.100426198
1317401230.301496029 325.948965711 146.471334270 0.263609932 -0.009149034 0.028579366 0.994509000 -0.100256492
1317401230.405438900 325.530503722 146.395648467 0.264401413 -0.007135696 0.031199178 0.994422536 -0.100496332
1317401230.509385109 325.115747639 146.306590534 0.276657823 -0.004912286 0.032292026 0.994352840 -0.100972888
1317401230.613327980 324.695000007 146.212316669 0.271849875 -0.003136411 0.029378932 0.994391370 -0.101552178
1317401230.717266083 324.293981498 146.110174874 0.267563099 -0.002579557 0.027216245 0.994347760 -0.102592172
1317401230.821208000 323.875787864 146.016635518 0.263126846 -0.003240523 0.028474365 0.994203174 -0.103627976
1317401230.925158262 323.484909786 145.941218776 0.266870279 -0.004614026 0.031700914 0.993968387 -0.104883781
1317401231.029126883 323.079120776 145.860617730 0.284704747 -0.005014874 0.034865419 0.993776846 -0.105673238
1317401231.133112907 322.683060911 145.777515675 0.297085547 -0.004596979 0.035965005 0.993675590 -0.106274213
1317401231.237086058 322.292579236 145.699294871 0.302962755 -0.004156196 0.035845783 0.993618528 -0.106864520
1317401231.341027021 321.892593912 145.596366897 0.306274785 -0.004325074 0.035493202 0.993525204 -0.107838743
1317401231.444938898 321.517657701 145.500017269 0.297136300 -0.005542338 0.036988474 0.993252881 -0.109771809
1317401231.548857927 321.118114267 145.410569289 0.312251834 -0.006457824 0.039135717 0.992846333 -0.112618164
1317401231.652776003 320.717625725 145.316072222 0.316289197 -0.006423565 0.038859257 0.992526109 -0.115501594
1317401231.756692886 320.311612695 145.205019690 0.320067826 -0.006075890 0.037238398 0.992227182 -0.118581639
1317401231.860615015 319.924513586 145.110380951 0.320408460 -0.006204988 0.037607393 0.991809917 -0.121902712
1317401231.964534998 319.513085581 145.018087373 0.327356893 -0.006661640 0.039949909 0.991308849 -0.125165461
1317401232.068451881 319.088799504 144.928554413 0.337707055 -0.006328927 0.041653017 0.990881686 -0.127978341
1317401232.172394037 318.670649113 144.817721369 0.342352288 -0.004588677 0.042073724 0.990543179 -0.130510371
1317401232.276360989 318.230824800 144.688590049 0.340530943 -0.002530240 0.040339901 0.990276598 -0.133111041
1317401232.380326986 317.803040408 144.553180461 0.335729989 -0.001721139 0.038115581 0.989999977 -0.135809737
1317401232.484268904 317.339936211 144.419070313 0.331322455 -0.002486589 0.037511520 0.989591769 -0.138905841
1317401232.588212967 316.878845330 144.286004499 0.343760442 -0.003165785 0.038731972 0.989120557 -0.141881416
1317401232.692181110 316.401973924 144.154735362 0.351985953 -0.003270966 0.040302094 0.988677391 -0.144506259
1317401232.796147108 315.907321278 144.012934511 0.361769939 -0.003431990 0.041142326 0.988304305 -0.146799626
1317401232.900114059 315.392729619 143.849703048 0.378639915 -0.003315765 0.040311021 0.988091841 -0.148453834
1317401233.004080057 314.873090714 143.691874902 0.378019250 -0.001449984 0.038317848 0.988016937 -0.149506428
1317401233.108046055 314.327347163 143.514200367 0.391128160 0.001146580 0.036416101 0.988032333 -0.149882159
1317401233.212017059 313.800160642 143.344601907 0.384231245 0.003072776 0.035271220 0.988058254 -0.149957944
1317401233.315983057 313.226851930 143.163876414 0.393049194 0.003338423 0.034533950 0.988140196 -0.149583467
1317401233.419972897 312.646171859 142.985247880 0.406344936 0.002045187 0.032708297 0.988366363 -0.148519078
1317401233.523962021 312.056675173 142.801624124 0.414647047 -0.001215745 0.030360973 0.988645524 -0.147162365
1317401233.627926111 311.443096429 142.603782628 0.426008143 -0.005603119 0.027737905 0.988951637 -0.145512454
1317401233.731918097 310.834298464 142.419578864 0.444616785 -0.007583643 0.025243450 0.989308375 -0.143437081
1317401233.835933924 310.198106508 142.223892738 0.454525927 -0.006434923 0.022155204 0.989750630 -0.140930581
1317401233.939949036 309.559536244 142.037905010 0.435663918 -0.004336930 0.020553022 0.990263535 -0.137611392
1317401234.043986082 308.915946287 141.842454528 0.442632081 -0.001676410 0.020143985 0.990873973 -0.133267319
1317401234.148072004 308.229475794 141.665515891 0.440587909 0.000631774 0.021176310 0.991609273 -0.127523388
1317401234.252182961 307.555789039 141.496606566 0.445984619 0.002295750 0.020885153 0.992468916 -0.120681356
1317401234.356295109 306.851055982 141.304413099 0.448824608 0.003081097 0.021213409 0.993356891 -0.113060091
1317401234.460406065 306.131904432 141.133683015 0.461912030 0.002980898 0.021203095 0.994264108 -0.104787533
1317401234.564515114 305.403450866 140.988785294 0.468858310 0.001447679 0.022348632 0.995165169 -0.095628079
1317401234.668648958 304.672247702 140.853761169 0.488222974 -0.000825220 0.021946744 0.996084352 -0.085636572
1317401234.772785902 303.931416319 140.703313162 0.489087574 -0.003780489 0.021317228 0.996914180 -0.075454629
1317401234.876897097 303.164147789 140.585306289 0.499516400 -0.005342689 0.021634617 0.997595322 -0.065627523
1317401234.980982065 302.395927411 140.487677625 0.502054491 -0.004414553 0.023270878 0.998188971 -0.055296981
1317401235.084997892 301.622922998 140.386630882 0.521919039 -0.000628506 0.024903193 0.998599551 -0.046673032
1317401235.188941002 300.827426263 140.311143977 0.520240776 0.002415034 0.026624668 0.998873433 -0.039206618
1317401235.292834997 300.010296106 140.227657134 0.510617745 0.002864936 0.029038779 0.998977401 -0.034535399
1317401235.396657944 299.189925287 140.162977251 0.512611026 0.001277370 0.032523534 0.998949111 -0.032268578
1317401235.500410080 298.352307559 140.091602939 0.534594619 0.000198876 0.035843018 0.998839586 -0.032167078
1317401235.604134083 297.525238971 140.040163316 0.548634549 -0.001218187 0.037502996 0.998748650 -0.033063214
1317401235.707860947 296.728996048 139.983946365 0.544845288 -0.003593265 0.038314610 0.998646543 -0.034988026
1317401235.811567068 295.906268322 139.920145606 0.556570909 -0.006294882 0.039513239 0.998479454 -0.037919109
1317401235.915245056 295.047653297 139.834569050 0.559931028 -0.006939526 0.042047762 0.998216313 -0.041809332
1317401236.018945932 294.214511959 139.786901931 0.570788593 -0.005366949 0.043778044 0.997985925 -0.045593553
1317401236.122672081 293.331080331 139.731365462 0.568383302 -0.003102833 0.046060223 0.997699424 -0.049645612
1317401236.226422071 292.454547177 139.609609025 0.574075433 -0.001336062 0.045198044 0.997489351 -0.054500890
1317401236.330199003 291.575324016 139.509857970 0.570032831 -0.000290484 0.044109608 0.997289801 -0.058883885
1317401236.433991909 290.692874521 139.412693963 0.583693671 -0.000693125 0.043611767 0.997039396 -0.063324378
1317401236.537817001 289.778950147 139.288140737 0.580498011 -0.002422708 0.044390731 0.996733545 -0.067422799
1317401236.641647100 288.863463654 139.155288556 0.589314518 -0.003303813 0.043578669 0.996504733 -0.071192002
1317401236.745467901 287.889687444 138.990720976 0.614847141 -0.002895164 0.041631018 0.996326171 -0.074783933
1317401236.849288940 286.984161196 138.864649172 0.606161392 -0.003187307 0.041648728 0.996055115 -0.078290688
1317401236.953136921 286.074719349 138.718387269 0.623399220 -0.003875904 0.041008586 0.995823379 -0.081480496
1317401237.057007074 285.156982147 138.561375375 0.640931684 -0.004979872 0.041053815 0.995607389 -0.083998292
1317401237.160847902 284.226439642 138.399499948 0.632932229 -0.006130099 0.040313961 0.995483704 -0.085728649
1317401237.264693022 283.295640337 138.235651158 0.665838659 -0.005298654 0.041963371 0.995303554 -0.087073736
1317401237.368570089 282.388572288 138.070710308 0.662861637 -0.003393109 0.039869077 0.995282536 -0.088383350
1317401237.472466946 281.476839114 137.908654774 0.676864704 -0.003007004 0.040022578 0.995199345 -0.089260374
1317401237.576384068 280.555308027 137.737506776 0.671415396 -0.004660180 0.039658017 0.995164649 -0.089737648
1317401237.680326939 279.645702319 137.568976232 0.687109960 -0.005679536 0.039758650 0.995165046 -0.089629925
1317401237.784270048 278.751844937 137.409484214 0.696581369 -0.005957433 0.042012484 0.995113951 -0.089149794
1317401237.888187885 277.838138228 137.240897082 0.712677079 -0.004868134 0.044296770 0.995021130 -0.089146221
1317401237.992084026 276.943062240 137.082172953 0.727231544 -0.003643413 0.045131165 0.995020678 -0.088790509
1317401238.095978975 276.054984554 136.924416927 0.738076067 -0.004151832 0.046737289 0.994970645 -0.088497482
1317401238.199898005 275.158140398 136.759548711 0.750092557 -0.007356020 0.045783292 0.994995031 -0.088513662
1317401238.303838015 274.253478762 136.585665276 0.751616305 -0.011268857 0.043368581 0.995078726 -0.088377075
1317401238.407803059 273.373549946 136.430830481 0.750289267 -0.014667799 0.041377276 0.995229653 -0.087124702
1317401238.511770010 272.485376333 136.265667633 0.751574310 -0.015189038 0.040347184 0.995380238 -0.085787996
1317401238.615739107 271.612292261 136.100032065 0.751952481 -0.012299568 0.041968207 0.995483372 -0.084262961
1317401238.719708920 270.741166663 135.951933790 0.755906079 -0.008723335 0.042606076 0.995573300 -0.083321247
1317401238.823652029 269.899343155 135.813019344 0.747323708 -0.006961620 0.042529732 0.995629645 -0.082851476
1317401238.927593946 269.059933938 135.662037781 0.746883046 -0.007322605 0.043874071 0.995583766 -0.082670490
1317401239.031534910 268.222417979 135.522276835 0.755061742 -0.007661022 0.045225458 0.995477078 -0.083194676
1317401239.135454893 267.397102217 135.371657228 0.767714133 -0.007220560 0.043931813 0.995532287 -0.083266584
1317401239.239372969 266.584081058 135.243729412 0.767354158 -0.007516364 0.047033134 0.995398595 -0.083144612
1317401239.343291044 265.798608533 135.097194532 0.783743118 -0.009239482 0.047479635 0.995316805 -0.083694529
1317401239.447211027 265.026243307 134.964604824 0.786026968 -0.011624542 0.047947933 0.995209946 -0.084398035
1317401239.551130056 264.299743527 134.843997083 0.788572573 -0.012960248 0.046158215 0.995241873 -0.084823734
1317401239.655048847 263.564487640 134.717025834 0.794639083 -0.012412986 0.047674115 0.995114817 -0.085554643
1317401239.758991957 262.854702735 134.585435029 0.807887842 -0.010160468 0.048095930 0.995063379 -0.086211469
1317401239.862956047 262.198757732 134.483891173 0.805311532 -0.007863969 0.048606987 0.995080317 -0.085969069
1317401239.966923952 261.530546189 134.353816756 0.810927602 -0.006831937 0.047258913 0.995100215 -0.086576455
1317401240.070867062 260.889791542 134.241448936 0.811731406 -0.007355579 0.047397902 0.994990831 -0.087707356
1317401240.174808025 260.307648695 134.129327796 0.821777350 -0.008894337 0.047405560 0.994842234 -0.089233027
1317401240.278752089 259.730011559 134.036205782 0.830505996 -0.010271680 0.047476622 0.994597590 -0.091739288
1317401240.382671118 259.219885376 133.944484051 0.842619049 -0.010730145 0.046973140 0.994387611 -0.094189525
1317401240.486613035 258.710961283 133.852712410 0.849883812 -0.010907909 0.045694364 0.994197654 -0.096768111
1317401240.590579033 258.230951005 133.746389141 0.851328367 -0.011098398 0.044874612 0.993944342 -0.099688212
1317401240.694545984 257.802432644 133.665091673 0.855816466 -0.010967851 0.044728745 0.993664297 -0.102519804
1317401240.798511982 257.344849203 133.574504128 0.863496765 -0.010129626 0.045056049 0.993337715 -0.105581846
1317401240.902503014 256.919472062 133.477058943 0.866209636 -0.009458967 0.044472452 0.993002668 -0.108988210
1317401241.006493092 256.509078980 133.366979896 0.866193430 -0.009250247 0.043700021 0.992605781 -0.112864981
1317401241.110483885 256.139686905 133.261606334 0.873109389 -0.009167176 0.042418134 0.992166982 -0.117138144
1317401241.214476109 255.816150633 133.185609248 0.876885545 -0.008572933 0.042423968 0.991630430 -0.121637994
1317401241.318466902 255.481294069 133.105486172 0.881377290 -0.007643101 0.042415084 0.991045495 -0.126377891
1317401241.422458887 255.143782472 133.001759651 0.886961462 -0.006491955 0.042018777 0.990336748 -0.132005311
1317401241.526426077 254.802133681 132.915991235 0.891841728 -0.005080300 0.040909391 0.989666559 -0.137334319
1317401241.630367994 254.514246899 132.836679084 0.894598707 -0.003151929 0.040340737 0.988879187 -0.143110599
1317401241.734309912 254.223406973 132.737507029 0.900054322 -0.001503346 0.039596458 0.987932280 -0.149731996
1317401241.838253021 253.933595824 132.676286687 0.897825852 -0.000627378 0.039105801 0.986981366 -0.156006814
1317401241.942174911 253.677300917 132.558081521 0.901163119 -0.000339998 0.038613548 0.985748340 -0.163734809
1317401242.046070099 253.402946449 132.461488820 0.903967207 -0.000328920 0.038205204 0.984371545 -0.171909617
1317401242.149920940 253.137198710 132.369925461 0.906816041 -0.000362719 0.038263061 0.982715661 -0.181123540
1317401242.253742933 252.861564454 132.266072676 0.915871190 -0.000735564 0.038251132 0.980692210 -0.191778776
1317401242.357558966 252.597991465 132.120031410 0.928020127 -0.001276423 0.037029394 0.978174207 -0.204456391
1317401242.461358070 252.376365831 132.060406806 0.937497437 -0.002234001 0.034919340 0.975651812 -0.216516029
1317401242.565135002 252.170060192 131.925772051 0.947523903 -0.002826617 0.032131666 0.972580196 -0.230320058
1317401242.668932915 251.932103184 131.800175826 0.955222802 -0.003785540 0.030365090 0.969405872 -0.243548529
1317401242.772751093 251.732640168 131.710205066 0.966605636 -0.004675717 0.029588609 0.966048814 -0.256617108
1317401242.876550913 251.523797819 131.598696444 0.979232083 -0.005101462 0.028592954 0.962308299 -0.270405539
1317401242.980328083 251.315223723 131.441943368 0.981261827 -0.004841574 0.028131469 0.958142942 -0.284863621
1317401243.084103107 251.120689428 131.315983673 0.993599331 -0.004096033 0.028242894 0.953717477 -0.299346849
1317401243.187850952 250.921880818 131.177519483 0.996478376 -0.003221266 0.028106540 0.948941741 -0.314180231
1317401243.291578770 250.713149828 131.036759229 1.006450904 -0.001758566 0.027264614 0.943781684 -0.329438434
1317401243.395304918 250.514680753 130.847362224 1.002131817 -0.000156977 0.026377587 0.938028957 -0.345551550
1317401243.499054909 250.281704351 130.648726975 1.010634809 0.001181194 0.025756289 0.931871168 -0.361872001
1317401243.602804899 250.073492928 130.469047432 1.010528815 0.002327980 0.026808325 0.925231186 -0.378448340
1317401243.706510067 249.868036139 130.242937833 1.027318420 0.003457814 0.027861311 0.917678627 -0.396330328
1317401243.810214043 249.642143668 129.998801793 1.025942574 0.004254202 0.028915020 0.909780517 -0.414059457
1317401243.913943052 249.436625967 129.760211201 1.049814114 0.004191107 0.029690793 0.901484809 -0.431770809
1317401244.017669916 249.209307276 129.475171381 1.050675100 0.004759378 0.030629448 0.892420581 -0.450138525
1317401244.121395111 248.980432415 129.197730633 1.071965535 0.005340651 0.030478594 0.883055761 -0.468246788
1317401244.225120068 248.789948053 128.861586610 1.076748674 0.006557381 0.029077488 0.873047866 -0.486722635
1317401244.328846931 248.574207502 128.512982423 1.090004474 -0.006575312 -0.027804894 -0.862446827 0.505340602
1317401244.432573080 248.384440865 128.174930054 1.103967776 -0.005781482 -0.027540643 -0.851760083 0.523175734
1317401244.536324978 248.205968248 127.800256459 1.133885659 -0.004929811 -0.027979357 -0.840980467 0.540319079
1317401244.640125036 248.017854669 127.394018899 1.154951108 -0.004338944 -0.027886428 -0.829743130 0.557431484
1317401244.743949890 247.855437414 126.990522246 1.172338593 -0.003687355 -0.027296568 -0.818908167 0.573263216
1317401244.847820044 247.679519307 126.549845195 1.191377371 -0.002432558 -0.027313002 -0.808558668 0.587776286
1317401244.951784849 247.547807495 126.114451619 1.213513785 -0.001658102 -0.027492681 -0.799077463 0.600596879
1317401245.055799007 247.393850304 125.590468953 1.238873763 -0.001440242 -0.027476803 -0.790847997 0.611393815
1317401245.159862995 247.279402159 125.063972196 1.259053733 -0.001486521 -0.027417382 -0.783954500 0.620210786
1317401245.263976097 247.150810188 124.527713015 1.278752495 -0.000959900 -0.027913394 -0.778036982 0.627597304
1317401245.368108988 247.006656100 123.920017717 1.298045818 0.000579532 -0.029813094 -0.772398253 0.634438162
1317401245.472218037 246.891013728 123.320484981 1.324006114 0.003109316 -0.032270575 -0.766608153 0.641296251
1317401245.576256990 246.765390474 122.710934291 1.356947827 0.005782681 -0.033468206 -0.760072966 0.648949555
1317401245.680273056 246.669288002 122.065787460 1.387887172 0.008969636 -0.034207076 -0.752646165 0.657474845
1317401245.784261942 246.575933109 121.422202579 1.419361928 0.012092433 -0.034356910 -0.744210433 0.666951428
1317401245.888205051 246.514236340 120.783407947 1.454270977 0.015061580 -0.034257494 -0.734842444 0.677204663
1317401245.992147923 246.464033323 120.134241517 1.482527350 0.017013632 -0.033584952 -0.725207201 0.687500620
1317401246.096115112 246.430720571 119.510566541 1.509832834 0.018311675 -0.033262937 -0.715298824 0.697786395
1317401246.200081110 246.397978092 118.895565448 1.537206466 0.018758570 -0.032497094 -0.705340641 0.707874732
1317401246.304047108 246.419984948 118.303219268 1.560347473 0.018257047 -0.032287359 -0.695920549 0.717160230
1317401246.408037901 246.456949336 117.740296317 1.587765205 0.016499949 -0.032256061 -0.686605658 0.726126690
1317401246.512053013 246.545295600 117.186314376 1.605503952 0.014468405 -0.032548469 -0.678097976 0.734107892
1317401246.616092920 246.567697178 116.574822388 1.630904180 0.012582744 -0.032742224 -0.669687809 0.741813898
1317401246.720202923 246.660988627 116.028134480 1.654725513 0.010453375 -0.032546076 -0.663567943 0.747334640
1317401246.824362040 246.754293710 115.465343382 1.675111409 0.008500687 -0.031598252 -0.658608831 0.751773700
1317401246.928544044 246.804199993 114.854292274 1.699780043 0.006821369 -0.030237926 -0.654373297 0.755536051
1317401247.032752037 246.900955769 114.302248705 1.725021387 0.006206203 -0.029610459 -0.651064145 0.758419530
1317401247.136910915 246.967430730 113.734611591 1.753618334 0.006583571 -0.028782983 -0.647759563 0.761272451
1317401247.241043091 247.079848054 113.151989090 1.784085193 0.007072997 -0.028119043 -0.644422460 0.764119745
1317401247.345156908 247.185500204 112.580377181 1.813459908 0.007437437 -0.027852266 -0.641188251 0.766841941
1317401247.449245930 247.310287992 112.033449600 1.842689992 0.006977323 -0.028020264 -0.637999707 0.769495001
1317401247.553353071 247.391767749 111.433306017 1.868536949 0.005914441 -0.028192523 -0.634786718 0.772150260
1317401247.657464027 247.514545965 110.810819540 1.894302646 0.004776547 -0.028491729 -0.632638422 0.773908284
1317401247.761574984 247.632908491 110.221426231 1.921753047 0.003879695 -0.029002482 -0.631087385 0.775159672
1317401247.865663052 247.761856557 109.617750815 1.945775138 0.003581996 -0.029521482 -0.629703178 0.776266423
1317401247.969748974 247.899023031 108.988648399 1.975513011 0.003950288 -0.029764002 -0.628614519 0.777137237
1317401248.073832989 248.031543844 108.326220830 2.007409932 0.004396323 -0.029637043 -0.627339871 0.778169008
1317401248.177896023 248.181653081 107.676799362 2.040302216 0.004288811 -0.028896903 -0.626063148 0.779224942
1317401248.281938076 248.322326708 107.017792709 2.073868501 0.004329099 -0.028487874 -0.624654452 0.780369474
1317401248.385952950 248.480755751 106.332587576 2.105390388 0.004403283 -0.028228256 -0.623254568 0.781496974
1317401248.489964962 248.631338468 105.632547000 2.139551468 0.003990084 -0.027921958 -0.621735641 0.782719130
1317401248.593981028 248.805528960 104.929740743 2.168788667 0.003544577 -0.028040972 -0.620377207 0.783794144
1317401248.697995663 248.976430619 104.219165816 2.203348403 0.002750380 -0.028131213 -0.619054783 0.784838994
1317401248.802010059 249.164568236 103.486799491 2.239667476 0.001013034 -0.028372806 -0.618194608 0.785512179
1317401248.906049013 249.335400000 102.745268632 2.276997575 -0.001460768 -0.029152170 -0.617885714 0.785725945
1317401249.010087013 249.539569004 101.997230370 2.311573311 -0.002779083 -0.029690399 -0.617967588 0.785637841
1317401249.114125967 249.726981986 101.221902844 2.346642979 -0.002675867 -0.029527699 -0.618093477 0.785545294
1317401249.218163967 249.922612641 100.398529516 2.392344787 -0.001803249 -0.028504721 -0.618391564 0.785350943
1317401249.322155952 250.114905025 99.599770761 2.432638654 -0.001015902 -0.027893797 -0.618197683 0.785526912
1317401249.426121950 250.314676164 98.803001141 2.485989362 -0.001222042 -0.028458202 -0.617487184 0.786065020
1317401249.530090094 250.521219312 97.970707763 2.527618154 -0.001690294 -0.029179242 -0.616216961 0.787033908
1317401249.634057045 250.731825182 97.118484749 2.569162529 -0.001013839 -0.028873760 -0.614760896 0.788184191
1317401249.738023281 250.947927290 96.290602325 2.606211142 0.000712744 -0.027670790 -0.613322869 0.789347121
1317401249.841967106 251.182793632 95.415240768 2.659656886 0.001924733 -0.027190675 -0.611253580 0.790965248
1317401249.945884943 251.415292226 94.508064615 2.710116236 0.002884485 -0.027926092 -0.609138359 0.792566889
1317401250.049802065 251.645958581 93.640628950 2.755704271 0.002322874 -0.028922273 -0.606498804 0.794554785
1317401250.153744936 251.890753108 92.774446024 2.798176682 0.001181332 -0.030356605 -0.604762925 0.795825914
1317401250.257711887 252.146729200 91.838249647 2.846458388 -0.001041969 -0.030579583 -0.603249353 0.796965508
1317401250.361702919 252.418420078 90.922195297 2.895652592 -0.003979164 -0.029258823 -0.602719492 0.797406610
1317401250.465694904 252.693885894 89.993033871 2.935661923 -0.005631748 -0.026966417 -0.602592268 0.797573604
1317401250.569684982 252.978466992 89.040608404 2.999622112 -0.007092312 -0.025172049 -0.602893878 0.797392650
1317401250.673697948 253.246829247 88.094083144 3.053705763 -0.009022783 -0.024242938 -0.603290908 0.797101593
1317401250.777714014 253.535145633 87.128119759 3.114992860 -0.010681703 -0.023522975 -0.603829156 0.796694999
1317401250.881728649 253.816212169 86.143526283 3.165848389 -0.011949216 -0.021239312 -0.604445512 0.796273653
1317401250.985765934 254.095378784 85.161614053 3.213555609 -0.011909750 -0.017514623 -0.605590554 0.795494485
1317401251.089806080 254.367378097 84.176409031 3.271201717 -0.011271687 -0.015570090 -0.607060913 0.794422790
1317401251.193845987 254.647933869 83.186014262 3.335512952 -0.011905284 -0.015020112 -0.609377256 0.792648737
1317401251.297908068 254.911747565 82.183600703 3.383033703 -0.013339407 -0.015638642 -0.612321724 0.790341445
1317401251.401993990 255.177416580 81.184444814 3.428532089 -0.014269868 -0.016146525 -0.615913657 0.787518906
1317401251.506104946 255.426320167 80.157676273 3.481599932 -0.013755451 -0.015719535 -0.620489001 0.783936913
1317401251.610215902 255.669746822 79.149777077 3.534785356 -0.013363776 -0.013926321 -0.625848024 0.779706174
1317401251.714303017 255.898847244 78.116006671 3.579479672 -0.011723143 -0.012993105 -0.631566301 0.775124348
1317401251.818366051 256.118358066 77.082665327 3.644125446 -0.011116995 -0.013420521 -0.636812106 0.770822057
1317401251.922415972 256.328189722 76.052173151 3.694880069 -0.011821462 -0.014448723 -0.642009350 0.766469492
1317401252.026407957 256.539320851 75.003712721 3.740065777 -0.012252576 -0.015984365 -0.646474902 0.762669375
1317401252.130364895 256.712138203 73.973506503 3.786421750 -0.011052097 -0.017115521 -0.650696583 0.759064469
1317401252.234282017 256.882490647 72.897876197 3.840595467 -0.009463118 -0.017933796 -0.653954554 0.756262038
1317401252.338151932 257.057819889 71.823308282 3.903900599 -0.008047108 -0.019249368 -0.656476245 0.754058119
1317401252.441998005 257.205994196 70.789874137 3.957370237 -0.006982404 -0.020619098 -0.658007080 0.752697005
1317401252.545821905 257.370444530 69.701932148 4.009858423 -0.006006377 -0.021132665 -0.658462325 0.752292962
1317401252.649620056 257.520032257 68.631871063 4.059595131 -0.004841545 -0.020899567 -0.658302565 0.752447673
1317401252.753418922 257.670338373 67.566144254 4.113610758 -0.003791391 -0.021203826 -0.657292349 0.753327811
1317401252.857218027 257.822957153 66.488466921 4.176596431 -0.003114947 -0.022190286 -0.656425803 0.754057726
1317401252.960993052 257.975936672 65.403872941 4.223153815 -0.002769840 -0.022943395 -0.655068833 0.755215699
1317401253.064769983 258.139073670 64.308127853 4.271501596 -0.001702574 -0.023293097 -0.653826932 0.756283595
1317401253.168542862 258.309413282 63.175269943 4.328486424 -0.000995502 -0.023987954 -0.652355747 0.757532551
1317401253.272291899 258.477377022 62.094700275 4.389777951 -0.000943861 -0.024728142 -0.650824612 0.758824718
1317401253.376066923 258.654260441 60.978379599 4.435722236 -0.000556854 -0.024432837 -0.649519974 0.759951663
1317401253.479866028 258.825995127 59.859337766 4.485975588 0.000960488 -0.022666562 -0.648685379 0.760718466
1317401253.583666086 259.009722810 58.737095240 4.535010127 0.002250021 -0.021399738 -0.648019881 0.761319396
1317401253.687465906 259.189370723 57.611603809 4.590951170 0.002922746 -0.021864402 -0.647865114 0.761435618
1317401253.791239977 259.384312947 56.458317744 4.636651295 0.002521659 -0.022676497 -0.647651752 0.761594791
1317401253.895037889 259.576652764 55.310476654 4.681410741 0.001450579 -0.022986432 -0.647609228 0.761624454
1317401253.998861074 259.762839388 54.139998166 4.727745582 0.000478966 -0.022648981 -0.647720325 0.761541315
1317401254.102663994 259.969186268 52.983423521 4.777236726 -0.001166533 -0.021894491 -0.647540802 0.761715288
1317401254.206461906 260.166451357 51.805888946 4.831278888 -0.001765435 -0.021068338 -0.647604294 0.761683455
1317401254.310254097 260.373750161 50.642309930 4.877155490 -0.002375900 -0.019381660 -0.647532633 0.761787500
1317401254.414052963 260.579835756 49.425338640 4.930121321 -0.002074584 -0.018424327 -0.647616967 0.761740444
1317401254.517875910 260.768821962 48.266513667 4.977053522 -0.001885731 -0.018659852 -0.647693461 0.761670161
1317401254.621675968 260.968435239 47.078321033 5.030678594 -0.001703043 -0.020291384 -0.647579285 0.761725954
1317401254.725450039 261.173481328 45.867683661 5.078392814 -0.002250830 -0.021879439 -0.647358144 0.761868530
1317401254.829251051 261.376996801 44.667504978 5.136594784 -0.002625501 -0.023174031 -0.647155618 0.762001101
1317401254.933073997 261.577940661 43.440407104 5.195240805 -0.001334053 -0.023656331 -0.646998780 0.762122810
1317401255.036895990 261.780634174 42.218542427 5.245513987 -0.000084988 -0.022688777 -0.647007066 0.762146356
1317401255.140717030 261.986079731 41.002044830 5.301084593 0.001395357 -0.022985991 -0.646791602 0.762319042
1317401255.244539022 262.187902913 39.777347108 5.361717972 0.002399687 -0.023925607 -0.646589733 0.762458867
1317401255.348362923 262.384586044 38.546247240 5.415935120 0.001863223 -0.024451622 -0.646472790 0.762542837
1317401255.452187061 262.612378328 37.297028299 5.472001975 0.000046785 -0.024837292 -0.646299373 0.762679636
1317401255.556010962 262.819162475 36.063148553 5.534723666 -0.002175892 -0.024468374 -0.646194871 0.762777000
1317401255.659833908 263.043197810 34.834467155 5.589977483 -0.002784062 -0.022826871 -0.646096120 0.762909553
1317401255.763655901 263.274367765 33.588719766 5.645143283 -0.003140399 -0.021334643 -0.645982232 0.763047788
1317401255.867478132 263.474296090 32.348530920 5.713222888 -0.002130374 -0.020805903 -0.645977045 0.763070267
1317401255.971302032 263.694093964 31.076580238 5.761410464 -0.000854370 -0.021183340 -0.645475899 0.763486345
1317401256.075098991 263.923582775 29.822591637 5.842204970 -0.000394675 -0.021678702 -0.644905247 0.763954907
1317401256.178899050 264.134615884 28.563878928 5.888426235 -0.000619090 -0.021401240 -0.644417885 0.764373726
1317401256.282720089 264.347628187 27.323799508 5.932469480 -0.001805216 -0.020388545 -0.644047855 0.764711324
1317401256.386542082 264.577163442 26.068399200 6.000140415 -0.003176668 -0.019538018 -0.643667633 0.765049118
1317401256.490340948 264.813249827 24.819980361 6.050405094 -0.003526631 -0.018934142 -0.643285941 0.765383733
1317401256.594139099 265.043911950 23.561505750 6.109861296 -0.002585441 -0.018190385 -0.642854486 0.765767938
1317401256.697915077 265.261832482 22.316483560 6.168192894 -0.000362089 -0.018000536 -0.642290111 0.766250131
1317401256.801666021 265.477599026 21.069353353 6.223209849 0.001661438 -0.017809559 -0.641718011 0.766732061
1317401256.905415058 265.721030783 19.780659077 6.275757075 0.003104337 -0.017891012 -0.641049700 0.767284535
1317401257.009169102 265.937796683 18.559676457 6.324956100 0.002925254 -0.018216844 -0.640502573 0.767734358
1317401257.112921953 266.174453845 17.330385949 6.377983871 0.002349677 -0.018928288 -0.639906603 0.768215945
1317401257.216670036 266.410864584 16.079409826 6.426826950 0.001714890 -0.018450590 -0.639360829 0.768683527
1317401257.320417881 266.637548569 14.832265340 6.471673215 0.002040776 -0.017640876 -0.638990601 0.769009523
1317401257.424170971 266.877423713 13.593040562 6.520647267 0.003156621 -0.016846140 -0.638411340 0.769504519
1317401257.527921915 267.116284129 12.395569229 6.564514101 0.004156156 -0.016948745 -0.637878303 0.769939437
1317401257.631648064 267.344612946 11.149266869 6.614565492 0.004058737 -0.017285158 -0.637328333 0.770387789
1317401257.735421896 267.579644721 9.926562844 6.660675630 0.003133789 -0.017939571 -0.636850569 0.770772148
1317401257.839220047 267.822277115 8.711917768 6.706843416 0.001736421 -0.017831313 -0.636388158 0.771160905
1317401257.943043947 268.064988100 7.504871700 6.750035279 0.001201136 -0.016770652 -0.636304964 0.771254365
1317401258.046891928 268.301345700 6.277252355 6.791162569 0.001905173 -0.015390259 -0.636605579 0.771033623
1317401258.150713205 268.546431355 5.038810572 6.836309537 0.003162692 -0.015109690 -0.637083671 0.770640053
1317401258.254535913 268.782448441 3.856489336 6.880515481 0.004151601 -0.016066969 -0.637115752 0.770589472
1317401258.358335018 269.020992857 2.652112105 6.921310758 0.004415798 -0.017233616 -0.637084426 0.770588696
1317401258.462133646 269.264414789 1.374078308 6.970166490 0.003152106 -0.017922383 -0.636871270 0.770755368
1317401258.565958261 269.495421568 0.206822857 7.020462103 0.002051607 -0.018227195 -0.637126435 0.770541022
1317401258.669756889 269.734508701 -1.013985523 7.049865877 0.001637224 -0.017001516 -0.637182742 0.770523472
1317401258.773554087 269.969651408 -2.214277774 7.099780668 0.001426914 -0.016413675 -0.636864908 0.770799354
1317401258.877352953 270.220624478 -3.393229809 7.151371266 0.001603313 -0.016804375 -0.636980885 0.770694748
1317401258.981127977 270.450812432 -4.590797265 7.197622904 0.002633113 -0.016977220 -0.636117456 0.771400948
1317401259.084902048 270.685466177 -5.792750787 7.231270056 0.002660205 -0.016967015 -0.635905570 0.771575757
1317401259.188677073 270.927339720 -6.991580581 7.292631196 0.001986304 -0.018958175 -0.635453420 0.771903875
1317401259.292475939 271.167164760 -8.167883855 7.338521969 0.000346211 -0.020489889 -0.635447694 0.771871927
1317401259.396297932 271.395937400 -9.332546458 7.386987674 -0.000190066 -0.020510539 -0.635400971 0.771909896
1317401259.500097036 271.641751853 -10.529212470 7.435209910 0.000475172 -0.019844488 -0.634979789 0.772273681
1317401259.603897095 271.876661548 -11.689115694 7.484819295 0.001773341 -0.019153073 -0.634809332 0.772429367
1317401259.707695007 272.127639271 -12.897827945 7.537725056 0.003087018 -0.018961154 -0.634017818 0.773079783
1317401259.811492920 272.361812406 -14.031985564 7.586218855 0.003731658 -0.019517198 -0.634061994 0.773026869
1317401259.915316105 272.587039721 -15.209850700 7.640721754 0.003052948 -0.019861822 -0.633638408 0.773368318
1317401260.019115925 272.820130402 -16.345401300 7.683407000 0.002288983 -0.020242856 -0.633621152 0.773375215
1317401260.122915030 273.050188380 -17.501178551 7.738592051 0.001443948 -0.019353035 -0.633475498 0.773519340
1317401260.226736069 273.287385576 -18.637020410 7.777944495 0.001435658 -0.018558638 -0.633537437 0.773488094
1317401260.330534935 273.527620146 -19.779013693 7.829683071 0.002114283 -0.017826513 -0.633412203 0.773606312
1317401260.434335947 273.758083343 -20.932802988 7.878014542 0.002979097 -0.017983733 -0.633043156 0.773901850
1317401260.538134098 273.986135949 -22.057191714 7.923578523 0.003089614 -0.017896851 -0.632773475 0.774123948
1317401260.641907930 274.231598561 -23.185397802 7.966559295 0.003075827 -0.017812445 -0.632618100 0.774252927
1317401260.745707989 274.446450398 -24.307597588 8.011530183 0.003270879 -0.018054257 -0.632434210 0.774396743
1317401260.849505901 274.699365201 -25.423228768 8.055596103 0.002456317 -0.018242489 -0.632322347 0.774486687
1317401260.953305960 274.929740756 -26.524282885 8.098065018 0.002401974 -0.018393475 -0.632157085 0.774618184
1317401261.057104111 275.153354834 -27.626854257 8.142633141 0.002653507 -0.018228378 -0.631828456 0.774889339
1317401261.160902262 275.376097474 -28.700441644 8.188115286 0.003439515 -0.018148592 -0.631765734 0.774939259
1317401261.264723063 275.612616131 -29.759337067 8.238998730 0.003887687 -0.017667369 -0.631589872 0.775091597
1317401261.368545055 275.817723484 -30.797084036 8.280512335 0.004299339 -0.016948252 -0.631530900 0.775153529
1317401261.472371101 276.049025128 -31.817020394 8.323066564 0.004636140 -0.016261967 -0.631291381 0.775361365
1317401261.576193094 276.265193059 -32.818071752 8.363985016 0.004646223 -0.015749830 -0.631134673 0.775499439
1317401261.680015087 276.478186697 -33.784192435 8.403696413 0.003438656 -0.015283124 -0.631146910 0.775505113
1317401261.783838034 276.677525395 -34.760130836 8.443409052 0.003539107 -0.014976269 -0.631037691 0.775599522
1317401261.887659073 276.885362131 -35.705427735 8.480700368 0.004630981 -0.013932783 -0.630842970 0.775771603
1317401261.991485119 277.087027763 -36.647554235 8.499278619 0.006085265 -0.012602582 -0.630814695 0.775807299
1317401262.095308065 277.265689504 -37.558461593 8.548127026 0.006673284 -0.013293100 -0.630711652 0.775874715
1317401262.199131250 277.460197425 -38.462744227 8.566298417 0.004150562 -0.015526817 -0.630576244 0.775960883
1317401262.302978992 277.644197230 -39.324592629 8.591880145 0.001733515 -0.018147977 -0.631392954 0.775248724
1317401262.406850100 277.817757971 -40.208024535 8.631047507 0.002861593 -0.019900489 -0.632325114 0.774442207
1317401262.510746002 278.017431489 -41.099966875 8.669443435 0.004098027 -0.018105395 -0.633326453 0.773662074
1317401262.614662886 278.178011746 -41.942762083 8.689958330 0.005089050 -0.016712574 -0.635053261 0.772270773
1317401262.718580008 278.353653513 -42.769038356 8.730972128 0.007255947 -0.017400356 -0.636292241 0.771217715
1317401262.822521925 278.506917961 -43.589774137 8.770805644 0.009315865 -0.017962019 -0.637483555 0.770198220
1317401262.926487923 278.650917716 -44.365533926 8.800598917 0.010697943 -0.017338788 -0.639200915 0.768769869
1317401263.030431032 278.807963666 -45.147817329 8.823027771 0.011845811 -0.016441023 -0.640613035 0.767596449
1317401263.134351015 278.942540143 -45.891553710 8.857121510 0.012297227 -0.015594040 -0.642002126 0.766445611
1317401263.238292933 279.074725395 -46.621918287 8.856734879 0.012851772 -0.015659212 -0.643262030 0.765378064
1317401263.342236042 279.212721623 -47.324014136 8.894159619 0.013638888 -0.016527524 -0.644406860 0.764382509
1317401263.446192980 279.329017655 -48.013775873 8.908503932 0.014245399 -0.018681981 -0.645368088 0.763510369
1317401263.550159931 279.421627456 -48.660527794 8.937640292 0.014932120 -0.020997596 -0.646751449 0.762265502
1317401263.654109955 279.532775155 -49.310773519 8.950288417 0.015390784 -0.022611496 -0.647638133 0.761456954
1317401263.758076906 279.632742578 -49.932863685 8.977924686 0.014955757 -0.023365944 -0.648590024 0.760632196
1317401263.862044811 279.729391719 -50.532146851 8.991119586 0.014682968 -0.023643611 -0.649642555 0.759730176
1317401263.966012955 279.822029889 -51.106033640 9.018613358 0.014462179 -0.024312508 -0.650303387 0.759147714
1317401264.070003033 279.912471197 -51.677503458 9.033982070 0.013542697 -0.024569534 -0.650949172 0.758602735
1317401264.173991919 280.005837853 -52.236429147 9.056737873 0.012424163 -0.024069635 -0.651696206 0.757996272
1317401264.277981997 280.098503079 -52.745289858 9.070254126 0.011872555 -0.023009024 -0.652416885 0.757417873
1317401264.381952047 280.178719624 -53.217412773 9.088716474 0.011397191 -0.022547341 -0.652730255 0.757169027
1317401264.485893011 280.249955886 -53.702876070 9.113637431 0.010990642 -0.022745790 -0.652618928 0.757265059
1317401264.589834929 280.341284472 -54.156822795 9.126064834 0.010197348 -0.022579146 -0.651914882 0.757887315
1317401264.693732023 280.436620566 -54.583315558 9.146904978 0.010139301 -0.022642474 -0.650341266 0.759236953
1317401264.797626972 280.513022199 -54.985914455 9.160487367 0.009889996 -0.022501980 -0.648152240 0.761114001
1317401264.901521921 280.572701453 -55.366909877 9.183883277 0.009221096 -0.022004182 -0.645356345 0.763508988
1317401265.005414963 280.648106646 -55.748500789 9.193134335 0.007961656 -0.021012219 -0.642140563 0.766257526
1317401265.109308958 280.718943361 -56.113497246 9.207911918 0.006871764 -0.020160267 -0.638560391 0.769276914
1317401265.213156939 280.801451571 -56.427932787 9.219414761 0.005970144 -0.019528491 -0.634279523 0.772834059
1317401265.316956043 280.880761917 -56.726818909 9.229532158 0.005865266 -0.018946841 -0.628989570 0.777160689
1317401265.420706987 280.966767576 -57.005181751 9.239321405 0.006008934 -0.018734427 -0.622169537 0.782635280
1317401265.524408102 281.061042109 -57.289448582 9.252940380 0.006762598 -0.018979227 -0.613031636 0.789801412
1317401265.628062963 281.187681914 -57.564001682 9.271978574 0.007298926 -0.018592731 -0.602170220 0.798117825
1317401265.731717110 281.234625227 -57.807789190 9.285272822 0.006887350 -0.016930055 -0.589795385 0.807345863
1317401265.835421085 281.328451106 -58.152859514 9.300069216 0.005489293 -0.014847021 -0.575994423 0.817300348
1317401265.939126015 281.470134288 -58.390457968 9.307923629 0.003500082 -0.012700224 -0.562225680 0.826878914
1317401266.042804003 281.607039025 -58.605726256 9.316084089 0.001793274 -0.010916755 -0.547172680 0.836946633
1317401266.146482944 281.714627097 -58.829893038 9.325162310 0.000266021 -0.009344350 -0.531332684 0.847111676
1317401266.250185013 281.805815970 -59.102346400 9.335437951 -0.001254950 -0.008207165 -0.514936219 0.857188286
1317401266.353887081 281.936224973 -59.341296756 9.338276792 -0.002597173 -0.007684968 -0.498385797 0.866917409
1317401266.457591057 282.083079150 -59.549960252 9.342273519 -0.004217594 -0.007619179 -0.480910313 0.876726543
1317401266.561305046 282.242920493 -59.808050884 9.343388607 -0.005070645 -0.007603553 -0.462535409 0.886553704
1317401266.665004969 282.437122642 -60.033357159 9.348810259 -0.005811196 -0.007205947 -0.443798877 0.896078602
1317401266.768719912 282.605754782 -60.305280397 9.349986192 -0.005798301 -0.007156437 -0.423826988 0.905696334
1317401266.872423887 282.808387551 -60.529796954 9.367454787 -0.005138720 -0.006708069 -0.403145219 0.915097004
1317401266.976129055 283.033268156 -60.781231322 9.377934832 -0.004952592 -0.006232765 -0.381456840 0.924352370
1317401267.079855919 283.281553271 -61.024334793 9.399581879 -0.006172564 -0.005714864 -0.358598243 0.933454091
1317401267.183581114 283.555188852 -61.271325216 9.393402101 -0.008499423 -0.005261106 -0.334735386 0.942259148
1317401267.287333012 283.848411079 -61.501777300 9.389843320 -0.010406860 -0.004801207 -0.310439925 0.950523908
1317401267.391134024 284.165617589 -61.743634187 9.388265659 -0.011159895 -0.004029881 -0.286990807 0.957859851
1317401267.494982004 284.514611580 -61.968302343 9.394453419 -0.011291439 -0.002709123 -0.264757337 0.964245154
1317401267.598850965 284.871489923 -62.186590964 9.410068393 -0.011412294 -0.001315466 -0.242802911 0.970007616
1317401267.702765942 285.293932727 -62.396099138 9.419552447 -0.012508931 -0.001642304 -0.221970188 0.974971828
1317401267.806734085 285.726493426 -62.607799893 9.415874326 -0.012937087 -0.002843748 -0.202164607 0.979261975
1317401267.910723925 286.199048051 -62.823166192 9.417341340 -0.013059615 -0.003736824 -0.183388274 0.982946704
1317401268.014763117 286.705901697 -63.007679945 9.409547889 -0.012078603 -0.004603018 -0.166280148 0.985993830
1317401268.118803024 287.246510536 -63.198187740 9.423388240 -0.010386426 -0.004422825 -0.148714557 0.988815727
1317401268.222794056 287.827413039 -63.351004699 9.405842772 -0.008242291 -0.003193148 -0.130439112 0.991416919
1317401268.326785088 288.405386522 -63.533971327 9.440535585 -0.004378943 -0.000617178 -0.111870448 0.993712960
1317401268.430824041 289.025803629 -63.724822165 9.445995789 -0.003083069 0.002905024 -0.093466274 0.995613435
1317401268.534887075 289.701440650 -63.809239688 9.449544538 -0.001968439 0.004359959 -0.077363596 0.996991469
1317401268.638950109 290.387960322 -63.910378333 9.428301528 0.000175751 0.003203024 -0.062127682 0.998063055
1317401268.743036985 291.114921166 -64.017594572 9.448356243 0.004130814 0.000623064 -0.046923538 0.998889749
1317401268.847172976 291.867904971 -64.090745234 9.429104725 0.005582563 -0.000303288 -0.032744459 0.999448119
1317401268.951281071 292.663794244 -64.143755513 9.422884704 0.008781637 0.000838131 -0.019549451 0.999769973
1317401269.055344105 293.456943097 -64.199399932 9.429709151 0.012724400 0.003838318 -0.004909244 0.999899623
1317401269.159404993 294.278199055 -64.188465837 9.436527055 0.016039111 0.005690138 0.009328329 0.999811658
1317401269.263444901 295.156186899 -64.194335400 9.435371735 0.018283860 0.007250141 0.023798857 0.999523262
1317401269.367508888 296.025398811 -64.154761043 9.432944437 0.019521308 0.009801707 0.036919340 0.999079480
1317401269.471616030 296.909718478 -64.073018502 9.425065704 0.017263855 0.011479349 0.048881173 0.998589412
1317401269.575705051 297.862010677 -63.959968964 9.398703888 0.013929773 0.011009920 0.059702972 0.998058264
1317401269.679817915 298.806165988 -63.840033417 9.383358440 0.011851733 0.009060741 0.069503585 0.997470145
1317401269.783977032 299.750607225 -63.712464132 9.369921956 0.011001920 0.006701180 0.078040995 0.996866919
1317401269.888135910 300.745254957 -63.545750368 9.349092233 0.008980403 0.004848365 0.084759473 0.996349174
1317401269.992291927 301.747231438 -63.340083251 9.334398847 0.006645887 0.005076760 0.089815715 0.995923288
1317401270.096449137 302.801467996 -63.149996027 9.312432862 0.006187495 0.007787395 0.094484155 0.995476678
1317401270.200610161 303.833620718 -62.936870233 9.320597583 0.005758482 0.009248483 0.098515395 0.995075888
1317401270.304790974 304.854648001 -62.745184451 9.307863227 0.004194491 0.009529111 0.101413572 0.994789872
1317401270.408973932 305.914574793 -62.495974705 9.285529517 0.004735927 0.011386743 0.102752610 0.994630491
1317401270.513151884 306.968935247 -62.293335645 9.289845903 0.003596169 0.012422977 0.103836401 0.994510301
1317401270.617358923 308.014884334 -62.056956728 9.283898323 0.003886250 0.011307621 0.104135512 0.994491242
1317401270.721547127 309.035545211 -61.834004704 9.275850744 0.003780190 0.009816687 0.103636658 0.994559594
1317401270.825681925 310.100902247 -61.602202236 9.265542202 0.003454866 0.009976871 0.103000891 0.994625227
1317401270.929817200 311.153551531 -61.380415862 9.248515749 0.002830697 0.010766828 0.102823417 0.994637325
1317401271.033927917 312.190142225 -61.156432932 9.243287357 0.003469863 0.011773288 0.102449474 0.994662483
1317401271.137990952 313.246793474 -60.935151961 9.235198022 0.003819008 0.011801462 0.102194260 0.994687124
1317401271.242026091 314.296212075 -60.708313167 9.220696022 0.003346531 0.012126265 0.101863465 0.994718849
1317401271.346041203 315.367469321 -60.484143965 9.210875170 0.003637947 0.012102716 0.101401633 0.994765298
1317401271.450035095 316.394716066 -60.263953705 9.209186942 0.002866960 0.010730975 0.100831840 0.994841478
1317401271.554003000 317.424312323 -60.044251180 9.197241987 0.003247331 0.009437108 0.100683881 0.994868409
1317401271.657969952 318.451002800 -59.824997888 9.187333706 0.004007643 0.009530621 0.100582959 0.994874954
1317401271.761934996 319.521395623 -59.603931529 9.175799987 0.004636595 0.011068488 0.100254304 0.994889474
1317401271.865901709 320.520773593 -59.396267189 9.171513843 0.005357515 0.012847061 0.099704793 0.994919697
1317401271.969846010 321.547470763 -59.184797369 9.167346006 0.005992970 0.013706731 0.099143038 0.994960737
1317401272.073787928 322.600795101 -58.966204490 9.160419413 0.006754338 0.013155881 0.098650642 0.995012237
1317401272.177731037 323.613198967 -58.762697967 9.155235572 0.006442086 0.011805462 0.097993394 0.995096189
1317401272.281673908 324.632754658 -58.548229643 9.139306883 0.006540891 0.011272789 0.097554486 0.995144845
1317401272.385617971 325.658232486 -58.342902384 9.121956059 0.006767727 0.013104357 0.096799199 0.995194649
1317401272.489536047 326.641186944 -58.146652857 9.115300809 0.006308820 0.015496403 0.096211718 0.995220260
1317401272.593430996 327.587453252 -57.959830259 9.117290351 0.006218620 0.016047056 0.095491219 0.995281492
1317401272.697324991 328.600753291 -57.747896880 9.105114346 0.005880379 0.015365703 0.095313648 0.995311321
1317401272.801244020 329.538982210 -57.567989211 9.085823385 0.005852942 0.015247316 0.094802084 0.995362159
1317401272.905163050 330.471972218 -57.384719504 9.075919116 0.005192563 0.015546867 0.094316295 0.995407338
1317401273.009082079 331.398480231 -57.192416706 9.066249408 0.004015319 0.015403650 0.094207799 0.995425284
1317401273.112999916 332.309876282 -57.011641932 9.057186086 0.004634491 0.014255770 0.094019033 0.995457541
1317401273.216943026 333.200578566 -56.835289182 9.053950409 0.003983639 0.012762105 0.093944071 0.995487705
1317401273.320887089 334.072319051 -56.659924744 9.032928724 0.003695459 0.012515804 0.093694655 0.995515449
1317401273.424804211 334.920090784 -56.500140256 9.019570544 0.004011134 0.014804262 0.093386814 0.995511752
1317401273.528723001 335.745651589 -56.336287446 9.010356977 0.003975649 0.018419352 0.093122657 0.995476314
1317401273.632641077 336.562801390 -56.169933210 9.015185291 0.003420059 0.020570179 0.092954502 0.995451973
1317401273.736584902 337.339342993 -56.024698235 9.007472496 0.004288971 0.020566848 0.092680749 0.995474203
1317401273.840553045 338.100479317 -55.880809278 8.996488240 0.005264722 0.019498895 0.092186759 0.995536879
1317401273.944519281 338.846119390 -55.731771238 8.981759012 0.004902967 0.018137073 0.091866862 0.995594037
1317401274.048484087 339.554087955 -55.584000524 8.967553430 0.004761059 0.017019043 0.091163588 0.995679107
1317401274.152499914 340.228740827 -55.459213540 8.952981104 0.003128021 0.016401476 0.089387236 0.995856982
1317401274.256587029 340.896164820 -55.325378008 8.941754913 0.001932300 0.016434728 0.085586626 0.996193302
1317401274.360743284 341.510561067 -55.208521687 8.933373497 0.000499955 0.016619196 0.079733597 0.996677534
1317401274.464951038 342.125463996 -55.105495291 8.927485321 -0.000343690 0.017101089 0.071803397 0.997272133
1317401274.569206953 342.694256623 -55.011992511 8.919807894 -0.001317093 0.017394979 0.061536377 0.997952381
1317401274.673507929 343.253673614 -54.946467657 8.916329456 -0.002023219 0.017719850 0.049120980 0.998633588
1317401274.777858019 343.767374746 -54.877645883 8.910365146 -0.003293978 0.017274584 0.034719575 0.999242358
1317401274.882258892 344.272597942 -54.833023354 8.901645340 -0.004539072 0.016385435 0.017663833 0.999699407
1317401274.986659050 344.762091427 -54.817489429 8.886003535 -0.004879457 0.015585446 -0.001766055 0.999865074
1317401275.091058016 345.192547366 -54.812237468 8.880378932 -0.003405283 0.015216862 -0.021630524 0.999644423
1317401275.195431948 345.679737756 -54.843867695 8.878483767 -0.001936458 0.014719720 -0.042675321 0.998978677
1317401275.299782991 346.100570122 -54.872315521 8.874712291 -0.001124033 0.013960730 -0.064561733 0.997815422
1317401275.404131889 346.516286340 -54.935410305 8.873230843 -0.002045161 0.012938546 -0.087380336 0.996088896
1317401275.508457899 346.891078279 -54.991321260 8.866351844 -0.002870750 0.012365525 -0.110553848 0.993789062
1317401275.612760067 347.265648963 -55.085314099 8.863314892 -0.002705523 0.012327464 -0.133250540 0.991002022
1317401275.717036963 347.608031667 -55.181776713 8.857863376 -0.001913764 0.012003345 -0.155337185 0.987786726
1317401275.821269035 347.957573645 -55.294362981 8.862090232 -0.000979566 0.011067718 -0.177372273 0.984081106
1317401275.925452948 348.287234089 -55.413224652 8.860364299 -0.001305927 0.010073626 -0.198872700 0.979972686
1317401276.029637098 348.594916570 -55.539423465 8.849342762 -0.002042315 0.008854679 -0.220337536 0.975381358
1317401276.133796930 348.899060354 -55.684597917 8.846824319 -0.001778770 0.007218553 -0.241508159 0.970370310
1317401276.237883091 349.137585307 -55.819241770 8.841399957 -0.000380796 0.005340782 -0.260912129 0.965347705
1317401276.341922045 349.364418937 -55.963678482 8.841881476 0.002089625 0.002990765 -0.278490464 0.960432064
1317401276.445913076 349.595720498 -56.098651112 8.850386314 0.005272310 0.000672088 -0.295572033 0.955305671
1317401276.549853086 349.775693766 -56.233735180 8.860920232 0.007683708 -0.000803398 -0.310943216 0.950397091
1317401276.653749943 349.948526932 -56.355240171 8.866511464 0.007695651 -0.001818343 -0.324932386 0.945704190
1317401276.757646084 350.100826458 -56.476669071 8.865074943 0.005164024 -0.002610503 -0.338098069 0.941093095
1317401276.861563921 350.229876083 -56.582082581 8.866626885 0.001560411 -0.003185053 -0.351514922 0.936175561
1317401276.965481997 350.388692391 -56.701014781 8.860549888 -0.001332634 -0.002803998 -0.364850762 0.931060838
1317401277.069400072 350.527106764 -56.815159518 8.864468185 -0.003677784 -0.001490654 -0.378208713 0.925711846
1317401277.173321009 350.662024764 -56.931567176 8.863144444 -0.005782479 0.000393050 -0.391033874 0.920358038
1317401277.277264118 350.780083642 -57.061316142 8.859224655 -0.007866741 0.001834159 -0.403805166 0.914809345
1317401277.381231070 350.936769845 -57.213725070 8.851923667 -0.008353115 0.001873283 -0.417093463 0.908823283
1317401277.485196114 351.016596392 -57.339206711 8.859243208 -0.007350373 0.000635416 -0.429521468 0.903026510
1317401277.589184046 351.142490504 -57.474734743 8.862035948 -0.005669516 -0.000601864 -0.442369144 0.896814939
1317401277.693173647 351.238850267 -57.625793025 8.869912610 -0.003746702 -0.000636479 -0.454770819 0.890600392
1317401277.797117949 351.356039054 -57.775709494 8.877844021 -0.001742290 0.000620673 -0.467137689 0.884182650
1317401277.901036978 351.456487137 -57.925449105 8.878405604 -0.000489382 0.001810913 -0.478392509 0.878144116
1317401278.004956007 351.561824185 -58.074395851 8.886502996 0.000420983 0.001451846 -0.489305121 0.872111354
1317401278.108875036 351.664403524 -58.224622554 8.892370463 0.000685643 0.000290224 -0.499772164 0.866156585
1317401278.212769985 351.731691072 -58.378739241 8.897811426 0.000896241 -0.000215320 -0.509275395 0.860603116
1317401278.316641092 351.838260876 -58.539270140 8.906454218 0.000488046 0.000732289 -0.518704047 0.854953412
1317401278.420535088 351.943393822 -58.706971646 8.902639701 -0.001039692 0.002629320 -0.528275671 0.849068208
1317401278.524430037 352.030759388 -58.876519998 8.893607114 -0.001889946 0.004148703 -0.537471316 0.843269709
1317401278.628303051 352.100687502 -59.031530570 8.888019219 -0.000276431 0.004111628 -0.546022265 0.837760529
1317401278.732171059 352.196576418 -59.234388991 8.904301052 0.002491646 0.003334753 -0.554034188 0.832483507
1317401278.836016893 352.242886927 -59.392897711 8.912502055 0.005043468 0.002655796 -0.560963058 0.827821211
1317401278.939819098 352.343369452 -59.576061370 8.930207715 0.006404889 0.003246975 -0.568109491 0.822921650
1317401279.043596983 352.405366997 -59.756535134 8.933756006 0.006267174 0.004549102 -0.573743746 0.818998256
1317401279.147396088 352.489197284 -59.934059686 8.939421282 0.004898429 0.005607340 -0.579323479 0.815063722
1317401279.251192093 352.549899530 -60.110437707 8.922820266 0.004004470 0.004994965 -0.584150780 0.811619911
1317401279.354989052 352.611221610 -60.306214074 8.920879315 0.004415822 0.001698725 -0.588954768 0.808152149
1317401279.458811998 352.641618688 -60.460692061 8.915326387 0.005526598 -0.002258784 -0.593383673 0.804897615
1317401279.562634945 352.713316438 -60.655284712 8.929232595 0.006229898 -0.004162189 -0.598569137 0.801036112
1317401279.666460276 352.775082716 -60.833578585 8.929951603 0.005397047 -0.003327796 -0.603914612 0.797023801
1317401279.770282030 352.822340916 -61.025849533 8.932116709 0.003747233 -0.001897680 -0.608270710 0.793718527
1317401279.874080658 352.907896633 -61.236460985 8.928189296 0.002517501 -0.001533871 -0.612967999 0.790102235
1317401279.977854013 352.940671751 -61.414039259 8.926345354 0.002222375 -0.002185712 -0.616667596 0.787217479
1317401280.081603050 352.995718482 -61.641739619 8.925018325 0.002261610 -0.003992170 -0.619275226 0.785160584
1317401280.185355663 353.061713823 -61.870245290 8.933762977 0.001977412 -0.006844655 -0.621506141 0.783376894
1317401280.289082766 353.122525984 -62.113447943 8.935171852 0.000341532 -0.008651815 -0.622043653 0.782934687
1317401280.392808914 353.204738022 -62.367114765 8.934670013 -0.001904637 -0.008912966 -0.622512435 0.782556835
1317401280.496583939 353.269063166 -62.621406413 8.922498148 -0.002985718 -0.008330451 -0.622603818 0.782487173
1317401280.600359917 353.329810449 -62.896112755 8.926001109 -0.002624152 -0.007513448 -0.622790259 0.782348359
1317401280.704159021 353.376960912 -63.182073275 8.934064909 -0.001674675 -0.007119822 -0.622314562 0.782733089
1317401280.807956934 353.460700764 -63.507415003 8.950218357 -0.001759659 -0.006674029 -0.622812498 0.782340689
1317401280.911756039 353.535581639 -63.791483137 8.959350187 -0.002388214 -0.005397260 -0.623008177 0.782193056
1317401281.015553951 353.613539807 -64.121723091 8.957709715 -0.002699036 -0.003627457 -0.623479540 0.781826592
1317401281.119353056 353.695044727 -64.445890010 8.964127722 -0.002464272 -0.002702113 -0.623818676 0.781560545
1317401281.223202705 353.771319146 -64.790147364 8.976228970 -0.001638886 -0.002268053 -0.624307095 0.781174002
1317401281.327075005 353.828807509 -65.125058380 8.984000271 -0.001168009 -0.001612029 -0.624682147 0.780876592
1317401281.430941105 353.913063641 -65.452850580 8.994656317 -0.001386481 -0.001160988 -0.625449843 0.780262278
1317401281.534818888 354.004863469 -65.805717094 8.996422608 -0.001672742 -0.000563346 -0.626230727 0.779635788
1317401281.638714075 354.089922345 -66.196037169 8.998789841 -0.001157883 0.000273121 -0.627031167 0.778993261
1317401281.742647886 354.161895235 -66.532943730 9.004783380 0.000744759 0.000173951 -0.628250871 0.778010449
1317401281.846590042 354.240119405 -66.905658254 9.011292017 0.002445979 -0.000233304 -0.629168889 0.777264737
1317401281.950532913 354.320844490 -67.263053146 9.020784818 0.004156604 -0.000420685 -0.630540231 0.776145323
1317401282.054500103 354.393301617 -67.654919752 9.036604585 0.004620896 -0.000268885 -0.632633411 0.774437565
1317401282.158490896 354.469116383 -68.027628213 9.039190386 0.002943852 0.000847191 -0.635550510 0.772053214
1317401282.262481928 354.549299647 -68.434701856 9.035680359 0.001221158 0.001632959 -0.638693805 0.769458294
1317401282.366447926 354.621443297 -68.800015267 9.038299260 0.001005878 0.001337575 -0.641597199 0.767039916
1317401282.470415115 354.699451280 -69.221062585 9.040967844 0.001556737 -0.000173737 -0.644346544 0.764732030
1317401282.574407101 354.751031210 -69.592564202 9.047101919 0.002537718 -0.003173245 -0.646888525 0.762573752
1317401282.678397894 354.820211224 -69.956689304 9.049114681 0.002862839 -0.005566717 -0.650091782 0.759829909
1317401282.782339096 354.868196390 -70.370186127 9.050106151 0.003131413 -0.006445038 -0.652894266 0.757415166
1317401282.886281013 354.939509927 -70.823822470 9.055127275 0.003389709 -0.006257159 -0.655909977 0.754805578
1317401282.990226984 354.998193359 -71.231423966 9.058424140 0.003010328 -0.005911625 -0.658137635 0.752868410
1317401283.094145060 355.076764935 -71.685014539 9.067406715 0.002591648 -0.005515048 -0.659943875 0.751290190
1317401283.198039055 355.136667133 -72.176726686 9.077600972 0.004364578 -0.005968325 -0.661282703 0.750100337
1317401283.301911116 355.195596858 -72.623649453 9.082668886 0.006641435 -0.007252965 -0.661867179 0.749556618
1317401283.405731916 355.237383546 -73.103564977 9.099901818 0.010282653 -0.010677643 -0.661129547 0.750125307
1317401283.509484053 355.306925270 -73.588935750 9.109245452 0.011851028 -0.013416736 -0.659565883 0.751433557
1317401283.613185883 355.391582868 -74.062270572 9.111359739 0.011573475 -0.013906368 -0.656056891 0.754494548
1317401283.716840029 355.459025969 -74.567260262 9.116881785 0.011486234 -0.013760257 -0.649477530 0.760169494
1317401283.820473909 355.534987322 -75.109241798 9.121040657 0.011452382 -0.013105330 -0.641573160 0.766864377
1317401283.924151897 355.640588380 -75.571919311 9.118500918 0.010933091 -0.011520098 -0.633811776 0.773324245
1317401284.027900934 355.736594829 -76.126957478 9.118855611 0.010540649 -0.008730693 -0.626211346 0.779533207
1317401284.131724119 355.874197622 -76.660243751 9.129648733 0.011392323 -0.007352897 -0.619802550 0.784640649
1317401284.235594034 356.025798123 -77.208784237 9.150019940 0.008891725 -0.005490580 -0.614215140 0.789069422
1317401284.339512110 356.169226979 -77.762769005 9.157553140 0.005519292 -0.004893630 -0.610546667 0.791945930
1317401284.443527937 356.321606032 -78.317142326 9.158468405 0.002719849 -0.006076180 -0.609119591 0.793050443
1317401284.547614098 356.494993917 -78.945822811 9.156805207 -0.000387271 -0.006726964 -0.609349340 0.792873244
1317401284.651724100 356.641094232 -79.493055648 9.143213941 -0.002533214 -0.005705857 -0.611015843 0.791593750
1317401284.755856991 356.802796423 -80.058667665 9.153169016 -0.002405398 -0.004013064 -0.613827561 0.789426270
1317401284.859992981 356.973056294 -80.720307179 9.150688982 -0.001336883 -0.000813982 -0.617557929 0.786523842
1317401284.964104891 357.150272426 -81.437792830 9.171589781 0.001369197 0.000309071 -0.621499450 0.783413341
1317401285.068191051 357.297914638 -82.055208255 9.183939763 0.002326835 0.000975031 -0.625152957 0.780498184
1317401285.172255039 357.469260355 -82.771107769 9.200584258 0.002741377 -0.000563138 -0.628669175 0.777667819
1317401285.276292086 357.612068516 -83.447901164 9.208012458 0.000128406 -0.001649191 -0.632406653 0.774634810
1317401285.380306005 357.772639246 -84.154312703 9.216980186 -0.001376665 -0.003082153 -0.635378188 0.772193734
1317401285.484297991 357.894640779 -84.841209092 9.215232446 -0.002266689 -0.002829153 -0.637597406 0.770361218
1317401285.588239908 358.040573545 -85.554702283 9.222640611 -0.002771829 -0.001205038 -0.639360452 0.768901214
1317401285.692158937 358.183424732 -86.273219061 9.228038971 -0.002691450 0.000456133 -0.640713772 0.767774974
1317401285.796053648 358.317953919 -86.968600541 9.246128233 -0.001923961 0.000980756 -0.641878867 0.766803011
1317401285.899947882 358.453563112 -87.677279169 9.260396024 -0.001352523 0.001470639 -0.642759591 0.766065347
1317401286.003844976 358.592781192 -88.422528978 9.261272593 -0.000256398 0.002328014 -0.643908507 0.765098915
1317401286.107716084 358.709011361 -89.089439326 9.267549916 -0.000165181 0.004076245 -0.644369090 0.764703755
1317401286.211611032 358.843098326 -89.839634689 9.285110320 -0.000062257 0.004112121 -0.645295582 0.763921919
1317401286.315506935 358.960765062 -90.535456274 9.290893656 -0.000740720 0.002291484 -0.645464282 0.763786659
1317401286.419377804 359.097180485 -91.289005549 9.302936536 -0.002141317 0.000184974 -0.645463762 0.763787871
1317401286.523247004 359.219354974 -91.978177413 9.313852126 -0.003997408 -0.000442490 -0.645585880 0.763677089
1317401286.627142906 359.330792112 -92.633421631 9.304927188 -0.003690269 -0.000607926 -0.645523042 0.763731638
1317401286.731039047 359.473262180 -93.391679710 9.317763140 -0.003722130 0.000561919 -0.645536801 0.763719888
1317401286.834882975 359.592614024 -94.071174112 9.331118319 -0.003698156 0.001275134 -0.645351212 0.763875978
1317401286.938728094 359.730929271 -94.816302448 9.356375056 -0.003599592 0.001235772 -0.644851327 0.764298556
1317401287.042599916 359.848721726 -95.471189154 9.351287798 -0.006411055 0.003584095 -0.644474273 0.764590717
1317401287.146471977 359.972371043 -96.197257220 9.358994393 -0.006632655 0.005824257 -0.644238725 0.764773529
1317401287.250366926 360.105669292 -96.894119631 9.369296281 -0.004688665 0.006916645 -0.643934763 0.765034769
1317401287.354283094 360.231282173 -97.583708650 9.384646918 -0.004748213 0.008406654 -0.643421804 0.765450955
1317401287.458178043 360.365433332 -98.272327640 9.395244656 -0.006962121 0.010206928 -0.642878533 0.765868487
1317401287.562073946 360.494674929 -98.968211489 9.393323413 -0.008794263 0.010055939 -0.642123712 0.766484623
1317401287.665967941 360.625297811 -99.656123847 9.402324485 -0.010616178 0.008707464 -0.641214897 0.767238511
1317401287.769839048 360.764489251 -100.338645719 9.412783931 -0.012647504 0.007336513 -0.639969735 0.768260994
1317401287.873734951 360.894076469 -101.025710882 9.419603382 -0.014815374 0.008284432 -0.638811046 0.769176391
1317401287.977629900 361.030816301 -101.701612929 9.416806196 -0.014903410 0.008417500 -0.637415289 0.770330308
1317401288.081523895 361.164270998 -102.380981543 9.435828944 -0.014487315 0.007631521 -0.636348652 0.771227768
1317401288.185466766 361.300341555 -103.043497657 9.456391391 -0.014912124 0.005960685 -0.635781359 0.771702120
1317401288.289408922 361.440708485 -103.726904305 9.474280977 -0.016981947 0.004810021 -0.635671617 0.771757781
1317401288.393352032 361.582655225 -104.427253280 9.480251093 -0.017553379 0.003608436 -0.635908287 0.771556549
1317401288.497318983 361.720198566 -105.088358054 9.501732435 -0.016103006 0.003012398 -0.636091236 0.771439925
1317401288.601309299 361.843533845 -105.772182105 9.509580366 -0.014617607 0.003186224 -0.636472009 0.771154689
1317401288.705299854 361.975428500 -106.445961796 9.533543918 -0.012795442 0.004202604 -0.637009143 0.770738585
1317401288.809288979 362.118745745 -107.123014215 9.550221554 -0.011782343 0.004835315 -0.637323288 0.770491287
1317401288.913280010 362.251475216 -107.788499070 9.571231798 -0.011577496 0.004615648 -0.637613134 0.770255898
1317401289.017247915 362.379470626 -108.470536481 9.598939681 -0.010574614 0.002380949 -0.637832714 0.770098654
1317401289.121216059 362.509583737 -109.130355296 9.614556582 -0.010183913 0.000343999 -0.638011104 0.769959740
1317401289.225183964 362.626680758 -109.806155387 9.623015513 -0.009223681 -0.000814294 -0.638317274 0.769717688
1317401289.329124212 362.768845119 -110.491458380 9.646484872 -0.009844301 0.000279433 -0.638246808 0.769768811
1317401289.433067083 362.894540946 -111.145783782 9.646592411 -0.007709173 0.000304158 -0.638150102 0.769873317
1317401289.537009001 363.014014567 -111.843324678 9.693512831 -0.008337650 0.001222079 -0.638161503 0.769856406
1317401289.640952110 363.154086618 -112.489449902 9.696170410 -0.008154411 0.001984493 -0.637690570 0.770246911
1317401289.744920015 363.283942060 -113.146598483 9.705628395 -0.008975200 0.002785053 -0.637683823 0.770240891
1317401289.848886013 363.423962171 -113.818076605 9.726068475 -0.010761726 0.003686005 -0.637962609 0.769983316
1317401289.952877998 363.540437835 -114.481549821 9.729413340 -0.010255202 0.002573829 -0.638306039 0.769710080
1317401290.056869030 363.677627735 -115.155692858 9.757528503 -0.011537241 0.002808368 -0.639062588 0.769063075
1317401290.160811663 363.813514935 -115.837530462 9.749297758 -0.011008879 0.002889031 -0.639420194 0.768773226
1317401290.264755011 363.933992293 -116.482544966 9.775688567 -0.011421801 0.004103812 -0.639299134 0.768862354
1317401290.368721008 364.056464506 -117.160171265 9.792323255 -0.007845475 0.001442079 -0.639545142 0.768712157
1317401290.472665071 364.174569230 -117.829413941 9.817635201 -0.007445314 0.000675320 -0.639867914 0.768448543
1317401290.576591969 364.305784265 -118.469497480 9.818711278 -0.008555196 0.002325031 -0.639845574 0.768452370
1317401290.680509090 364.435723075 -119.152735248 9.836492247 -0.009743986 0.003628410 -0.640232153 0.768111111
1317401290.784420013 364.566078172 -119.818965672 9.849382741 -0.009987797 0.003906107 -0.639915411 0.768370518
1317401290.888314009 364.674032134 -120.473027806 9.865268766 -0.007322147 0.001029425 -0.639775826 0.768526004
1317401290.992207050 364.808059191 -121.139549460 9.886563623 -0.008357862 -0.001507960 -0.639527657 0.768721177
1317401291.096101999 364.940391887 -121.825700463 9.901104317 -0.010292529 -0.002681293 -0.639406748 0.768795086
1317401291.199997902 365.073413720 -122.455558770 9.905028230 -0.011146682 -0.002184967 -0.638907884 0.769199385
1317401291.303917885 365.201683419 -123.131444849 9.924264558 -0.010349817 -0.000591964 -0.638888447 0.769229538
1317401291.407835960 365.328579650 -123.795330376 9.933825190 -0.009149972 0.001557780 -0.638961006 0.769183128
1317401291.511754990 365.456819243 -124.452997789 9.958070402 -0.007821925 0.003169138 -0.639087843 0.769087448
1317401291.615674973 365.577428737 -125.104249272 9.977306231 -0.006703716 0.002997444 -0.639270609 0.768946789
1317401291.719593048 365.713087762 -125.758846163 10.000648799 -0.009329353 0.003644722 -0.639392942 0.768814897
1317401291.823513031 365.840305926 -126.427798423 10.005785754 -0.010313210 0.001800760 -0.639719040 0.768537537
1317401291.927431822 365.961700083 -127.085121596 10.020380093 -0.010128921 0.000238679 -0.639911957 0.768381438
1317401292.031374931 366.089408216 -127.745733559 10.030493521 -0.009176803 0.001051553 -0.640020125 0.768302622
1317401292.135341167 366.224750757 -128.398816544 10.031435911 -0.007200595 0.003040800 -0.640456873 0.767954360
1317401292.239284039 366.356756432 -129.074039913 10.055184598 -0.006529270 0.004882850 -0.640792784 0.767670590
1317401292.343226910 366.477336690 -129.726474224 10.086274371 -0.006072143 0.004266086 -0.640947794 0.767548601
1317401292.447192907 366.598874832 -130.395616462 10.105021755 -0.007283501 0.003023196 -0.641083852 0.767430326
1317401292.551160097 366.718847830 -131.037372933 10.094310300 -0.008329803 0.002013972 -0.641536759 0.767044422
1317401292.655102968 366.849750113 -131.714002063 10.094428317 -0.007378122 0.001987008 -0.641891915 0.766757057
1317401292.759049892 366.966173587 -132.386507542 10.109515616 -0.005857971 0.003144534 -0.642105152 0.766587744
1317401292.863016844 367.086394375 -133.039098790 10.141238577 -0.004047011 0.001999821 -0.642334006 0.766411539
1317401292.966955662 367.210121017 -133.717916989 10.144606748 -0.004958471 0.001062340 -0.642682476 0.766115866
1317401293.070898294 367.329674478 -134.383528830 10.148708194 -0.004709813 -0.001057018 -0.642627817 0.766163292
1317401293.174840927 367.440043342 -135.055270197 10.166164968 -0.004497959 -0.002693116 -0.642527905 0.766244352
1317401293.278783083 367.547673642 -135.694681394 10.176347375 -0.004454908 -0.003453467 -0.642743920 0.766060363
1317401293.382725954 367.682573486 -136.379220615 10.202820745 -0.005136461 -0.004710483 -0.642802377 0.766000348
1317401293.486668110 367.793953866 -137.011081756 10.210818272 -0.007686055 -0.005235975 -0.642615444 0.766132430
1317401293.590610981 367.917051033 -137.675041915 10.210275057 -0.007580371 -0.003750212 -0.642516137 0.766225481
1317401293.694554090 368.046916588 -138.401639159 10.231400218 -0.005872498 -0.000898579 -0.642326133 0.766408406
1317401293.798496008 368.174742096 -139.050513658 10.248003082 -0.005168174 0.002702340 -0.641929190 0.766741745
1317401293.902439117 368.288506148 -139.700398340 10.282377809 -0.005055204 0.003793200 -0.641581641 0.767028718
1317401294.006382942 368.418055375 -140.366632955 10.300534381 -0.004119485 0.000823345 -0.641293992 0.767283759
1317401294.110301971 368.536242853 -141.037906192 10.302284606 -0.006414025 0.000668115 -0.641080010 0.767446959
1317401294.214242935 368.662465049 -141.698308784 10.303624859 -0.006063058 0.000967141 -0.640761856 0.767715147
1317401294.318186045 368.789705158 -142.362684087 10.312684128 -0.003397237 0.002261092 -0.640404018 0.768027369
1317401294.422106028 368.906033077 -143.038541826 10.325593761 0.000791583 0.002288240 -0.640306947 0.768115324
1317401294.526022911 369.029518902 -143.698285696 10.350028347 0.000875762 0.001176035 -0.640026836 0.768351156
1317401294.629942894 369.152997222 -144.369529708 10.377100840 -0.002197148 -0.001714331 -0.639865385 0.768481960
1317401294.733861923 369.275259127 -145.002204757 10.367965623 -0.007738170 -0.003028985 -0.640228968 0.768139189
1317401294.837779999 369.424809073 -145.691395251 10.371393362 -0.007198136 -0.005382980 -0.640137931 0.768207420
1317401294.941699028 369.523137745 -146.356167459 10.370489218 -0.003933808 -0.005875539 -0.639905587 0.768421006
1317401295.045639992 369.638872005 -147.006219722 10.398483188 -0.002565563 -0.003243445 -0.640199250 0.768197773
1317401295.149584055 369.779243599 -147.662868438 10.413784872 -0.003408292 -0.001671050 -0.640347171 0.768076228
1317401295.253503084 369.910530813 -148.330296291 10.446265758 -0.003628894 -0.005230726 -0.640242379 0.768146579
1317401295.357420683 370.036600833 -148.953338266 10.452255310 -0.005349114 -0.007188521 -0.640023615 0.768302990
1317401295.461338997 370.153861918 -149.603478864 10.478514316 -0.003839578 -0.009762032 -0.640048630 0.768262788
1317401295.565282106 370.258200624 -150.275603760 10.481030618 -0.006152551 -0.005484491 -0.640304327 0.768077102
1317401295.669250965 370.382099524 -150.907526676 10.506142405 -0.002762250 -0.003833711 -0.640470514 0.767968224
1317401295.773195982 370.520505367 -151.568906987 10.521604905 -0.004080600 -0.000446766 -0.640536195 0.767917009
1317401295.877137899 370.654511187 -152.197077689 10.549533007 -0.003693384 -0.000175175 -0.640539102 0.767916653
1317401295.981126070 370.775819675 -152.810939502 10.571187458 -0.002303895 -0.002500496 -0.640739818 0.767750562
1317401296.085117102 370.872433773 -153.438040923 10.575491880 -0.003273110 -0.002250387 -0.641123487 0.767427453
1317401296.189086914 370.993674843 -154.075940831 10.581579704 -0.001627069 -0.002743417 -0.641553818 0.767071395
1317401296.293055058 371.112016792 -154.678100795 10.597492412 -0.001903278 -0.001120933 -0.641770695 0.766893406
1317401296.396992922 371.221859488 -155.276745894 10.615539520 -0.002424176 0.000163069 -0.641973887 0.766722652
1317401296.500935078 371.329198015 -155.842763488 10.632401710 -0.002865318 0.000027175 -0.642161215 0.766564259
1317401296.604902029 371.438691466 -156.434461390 10.642087106 -0.001007300 -0.002615641 -0.642336285 0.766417798
1317401296.708890915 371.518586202 -156.985571398 10.652318543 0.001301007 -0.005743297 -0.642219138 0.766498468
1317401296.812906981 371.606776922 -157.524623246 10.667876595 0.001962127 -0.006345408 -0.642434675 0.766311669
1317401296.916920900 371.709059042 -158.041934631 10.675632554 0.000821692 -0.003537822 -0.642886568 0.765952786
1317401297.020911217 371.799792891 -158.533722499 10.684307000 0.000409998 -0.001534343 -0.643206358 0.765691229
1317401297.124877930 371.893145677 -158.982896026 10.697337989 0.001796660 -0.002424885 -0.643233653 0.765663999
1317401297.228873014 371.957969954 -159.434007283 10.713575633 0.003508870 -0.004014500 -0.643292540 0.765601907
1317401297.332865000 372.035014770 -159.865387039 10.724808825 0.004242523 -0.004856699 -0.643425820 0.765481304
1317401297.436853647 372.105139268 -160.274053051 10.735629170 0.003756715 -0.005117223 -0.643829346 0.765142780
1317401297.540868044 372.176892716 -160.662196780 10.735447781 0.002548754 -0.004357906 -0.644242370 0.764804734
1317401297.644881964 372.247206123 -161.037436276 10.737873580 0.003146276 -0.003934667 -0.644679985 0.764435960
1317401297.748895884 372.303730230 -161.396944200 10.746925590 0.005330025 -0.004025732 -0.645088415 0.764078740
1317401297.852910042 372.354927851 -161.740436824 10.762632865 0.007958385 -0.005159281 -0.645341730 0.763835125
1317401297.956899881 372.417192096 -162.068877260 10.769878024 0.008701700 -0.005415083 -0.645654174 0.763561160
1317401298.060866117 372.468332029 -162.378766500 10.781671713 0.008800239 -0.004913254 -0.645876128 0.763375690
1317401298.164859056 372.515736879 -162.656653985 10.789350774 0.008283264 -0.003894727 -0.645836714 0.763420695
1317401298.268851042 372.556277192 -162.925869152 10.797126289 0.007947420 -0.002419058 -0.645992174 0.763298826
1317401298.372817993 372.604570872 -163.175978200 10.793199559 0.006755512 -0.001126746 -0.646129309 0.763197229
1317401298.476783991 372.644881162 -163.392159161 10.792395368 0.006050488 -0.001141733 -0.645983003 0.763326960
1317401298.580724955 372.687041678 -163.594360167 10.797853106 0.005745290 -0.002023834 -0.645134458 0.764044781
1317401298.684643984 372.725035915 -163.778093861 10.794305649 0.005326337 -0.003192804 -0.643493543 0.765426349
1317401298.788515091 372.766351122 -163.945381625 10.800798836 0.005221659 -0.004358532 -0.640701369 0.767760049
1317401298.892313957 372.813585402 -164.118921262 10.801576667 0.005103821 -0.005449744 -0.636432694 0.771296103
1317401298.996088982 372.846940095 -164.269517534 10.804427693 0.004929990 -0.005301164 -0.629307963 0.777122307
1317401299.099865913 372.864121784 -164.404937711 10.801100363 0.005427122 -0.004702865 -0.621814349 0.783131755
1317401299.203617096 372.919592078 -164.577845772 10.806851991 0.007433700 -0.003927484 -0.613299536 0.789805668
1317401299.307318926 372.988630216 -164.717353808 10.813643829 0.008728165 -0.002641545 -0.603200916 0.797537144
1317401299.411021709 373.035261933 -164.841482428 10.817782614 0.008500690 -0.000473759 -0.590874389 0.806718644
1317401299.514746904 373.087941927 -165.000020054 10.820998176 0.007202717 0.001750573 -0.578033553 0.815979331
1317401299.618424177 373.158735007 -165.129120564 10.818820240 0.005464171 0.004345790 -0.563759385 0.825909567
1317401299.722103119 373.213103753 -165.255752838 10.820242568 0.003441394 0.006774816 -0.547525699 0.836754365
1317401299.825855017 373.289831009 -165.355539380 10.822230712 0.001164490 0.009258033 -0.531874911 0.846771523
1317401299.929630995 373.371035722 -165.481195672 10.814075329 -0.002199017 0.011374375 -0.515613865 0.856742744
1317401300.033381939 373.452213400 -165.605409268 10.807599397 -0.003769190 0.012661108 -0.498440251 0.866823399
1317401300.137083054 373.522294436 -165.722295148 10.807033168 -0.005363129 0.013859408 -0.480192603 0.877037181
1317401300.240787029 373.603851723 -165.849866149 10.801638409 -0.006343238 0.014997406 -0.460826056 0.887341077
1317401300.344515085 373.710146975 -165.991164950 10.806349209 -0.008415938 0.016991494 -0.440800445 0.897404830
1317401300.448241949 373.825920239 -166.119994869 10.793965816 -0.010156505 0.019679263 -0.419758739 0.907365512
1317401300.551968098 373.963187057 -166.245492161 10.792476881 -0.010646487 0.020602823 -0.397361474 0.917369083
1317401300.655694962 374.056023182 -166.375711106 10.789376025 -0.010385598 0.020502510 -0.373665891 0.927278593
1317401300.759422064 374.205995407 -166.499559312 10.790251599 -0.010108801 0.020156845 -0.350136858 0.936427090
1317401300.863195896 374.333030154 -166.617012432 10.785518840 -0.010615766 0.019989281 -0.326515252 0.944920909
1317401300.967015982 374.472525699 -166.738619626 10.781725521 -0.012405115 0.020257296 -0.304057390 0.952357527
1317401301.070888042 374.660431838 -166.856958854 10.767493789 -0.014560768 0.020867465 -0.282814249 0.958837126
1317401301.174808025 374.829031147 -166.970760723 10.751671595 -0.015354842 0.020946402 -0.262767014 0.964509706
1317401301.278727055 375.053273897 -167.096465480 10.748181261 -0.016092073 0.019988943 -0.242920805 0.969706641
1317401301.382669926 375.256330573 -167.187163956 10.737252629 -0.015874784 0.019903427 -0.222974872 0.974491689
1317401301.486635923 375.489002327 -167.296386341 10.734584231 -0.016251310 0.019900176 -0.204875162 0.978450840
1317401301.590603113 375.706010801 -167.407324101 10.723549921 -0.016948573 0.020267003 -0.186523252 0.982095245
1317401301.694569111 375.960835664 -167.495012296 10.708480671 -0.017748056 0.020280551 -0.167850868 0.985443957
1317401301.798537016 376.211676121 -167.588020758 10.701045316 -0.018249596 0.019751707 -0.149667764 0.988370570
1317401301.902504921 376.476675406 -167.676620791 10.693375079 -0.018432404 0.019313013 -0.132149239 0.990870240
1317401302.006445885 376.762989589 -167.755106388 10.678384763 -0.016306467 0.019228786 -0.114142763 0.993144392
1317401302.110363960 377.074405046 -167.810738543 10.676501514 -0.014394615 0.018184914 -0.096019700 0.995109201
1317401302.214283943 377.389182076 -167.874620941 10.670122391 -0.014642205 0.016914008 -0.077293583 0.996757355
1317401302.318178892 377.720358266 -167.914152571 10.650365664 -0.016348431 0.015605684 -0.057434364 0.998093425
1317401302.422049999 378.053836379 -167.934488578 10.637870617 -0.016589370 0.014332662 -0.037691323 0.999048914
1317401302.525968075 378.404518987 -167.963842551 10.627427096 -0.016554278 0.012348152 -0.018753034 0.999610826
1317401302.629909992 378.771125707 -167.967685612 10.615346921 -0.016135404 0.009619868 -0.000981715 0.999823056
1317401302.733875990 379.168643682 -167.968571075 10.603665278 -0.018594375 0.006559991 0.015753382 0.999681473
1317401302.837892056 379.557923935 -167.934573647 10.578590321 -0.021123495 0.004771803 0.031491426 0.999269392
1317401302.942027092 379.919797788 -167.916702535 10.569800051 -0.022455800 0.004677012 0.043051490 0.998809507
1317401303.046281099 380.367198908 -167.892963311 10.562630123 -0.021907314 0.004876789 0.050720212 0.998460689
1317401303.150558949 380.789278290 -167.852896253 10.561050568 -0.022732412 0.004523694 0.055237727 0.998204171
1317401303.254837036 381.279415220 -167.789593260 10.553913712 -0.021245839 0.004629579 0.059310683 0.998002718
1317401303.359091997 381.772945650 -167.731383208 10.554457981 -0.019912748 0.004406767 0.063360292 0.997782309
1317401303.463325024 382.357084326 -167.646512793 10.551392984 -0.019838517 0.003216797 0.067119061 0.997542539
1317401303.567532063 382.966134712 -167.552099210 10.539828547 -0.020947298 0.002353507 0.070739275 0.997272093
1317401303.671737909 383.526756861 -167.469787570 10.526221871 -0.022639923 0.002349601 0.073446541 0.997039377
1317401303.775968075 384.183051953 -167.357321778 10.525414185 -0.022183162 0.002335653 0.075329130 0.996909211
1317401303.880199909 384.684581683 -167.287913456 10.519330173 -0.022924466 0.002333949 0.076275173 0.996820505
1317401303.984406948 385.432748936 -167.160140986 10.519797948 -0.022791684 0.002190745 0.076763523 0.996786387
1317401304.088614941 385.976393560 -167.081415424 10.511826744 -0.022952890 0.002007449 0.076923888 0.996770711
1317401304.192795992 386.772512126 -166.947017120 10.504145117 -0.022342976 0.001992943 0.077290275 0.996756256
1317401304.296955109 387.458947863 -166.844758716 10.498431137 -0.021752522 0.002710253 0.077613419 0.996742514
1317401304.401089907 388.121169212 -166.725240866 10.494002355 -0.023158546 0.003781997 0.077822313 0.996691058
1317401304.505198956 388.879978320 -166.616651204 10.489678091 -0.022006969 0.004761637 0.078279961 0.996677113
1317401304.609286070 389.654529251 -166.478987637 10.494829664 -0.022040846 0.004628963 0.079002899 0.996619946
1317401304.713350058 390.428803614 -166.346477209 10.485441459 -0.022141683 0.003972625 0.079938961 0.996545898
1317401304.817411900 391.208831940 -166.221980653 10.473952971 -0.022993859 0.003739179 0.080984741 0.996443060
1317401304.921449900 392.019696870 -166.077864404 10.457558262 -0.024764747 0.004458031 0.082107445 0.996305777
1317401305.025489807 392.836729247 -165.937397367 10.445041772 -0.024347250 0.005818024 0.083308927 0.996209308
1317401305.129529953 393.677003965 -165.785225791 10.451636798 -0.024834281 0.006118792 0.084793690 0.996070203
1317401305.233519077 394.549433955 -165.631101971 10.433388444 -0.024960501 0.006293830 0.086699620 0.995901871
1317401305.337507725 395.415896864 -165.469631686 10.422466091 -0.023693100 0.006886224 0.088951643 0.995730296
1317401305.441499949 396.248049996 -165.309965765 10.421271028 -0.024949589 0.007196023 0.091320402 0.995482958
1317401305.545466900 397.135491612 -165.134533949 10.415540771 -0.024237287 0.006580706 0.093451074 0.995307061
1317401305.649409056 398.012577382 -164.962770335 10.397357906 -0.025630814 0.006389782 0.095900772 0.995040338
1317401305.753350973 398.886755430 -164.785049401 10.388105364 -0.026210999 0.006909867 0.098094246 0.994807899
1317401305.857319117 399.796744323 -164.586041119 10.379347380 -0.027280181 0.007926382 0.099459768 0.994635973
1317401305.961308956 400.697157386 -164.401034152 10.368537749 -0.026197017 0.009175679 0.100442916 0.994555551
1317401306.065321922 401.562583571 -164.215254565 10.366555406 -0.027257250 0.009636338 0.101548596 0.994410411
1317401306.169338226 402.454012611 -164.034929564 10.346350589 -0.027938232 0.010989483 0.102622881 0.994267183
1317401306.273330927 403.369100812 -163.835362113 10.336888710 -0.027217924 0.012400056 0.103619710 0.994167179
1317401306.377321005 404.247794410 -163.644516386 10.327684294 -0.025646480 0.013773433 0.104448826 0.994104116
1317401306.481337070 405.147771638 -163.449159838 10.310398287 -0.027253340 0.013768141 0.104744294 0.994030345
1317401306.585352898 406.034796973 -163.252476962 10.296370736 -0.025038038 0.013953518 0.104164958 0.994146899
1317401306.689342976 406.920806644 -163.054065616 10.280166574 -0.024710916 0.013372961 0.103818234 0.994199331
1317401306.793333054 407.797215694 -162.859910064 10.263036836 -0.022231678 0.012957168 0.103165306 0.994331325
1317401306.897347927 408.655234120 -162.674254856 10.248347272 -0.023864790 0.012223882 0.101711989 0.994452472
1317401307.001360893 409.550055616 -162.489930650 10.235607450 -0.022436642 0.012139830 0.099944789 0.994665904
1317401307.105376005 410.420618320 -162.304756602 10.218322414 -0.021933931 0.012327979 0.097882900 0.994879823
1317401307.209393978 411.298311059 -162.128299214 10.203374229 -0.020632562 0.012759571 0.096122413 0.995073853
1317401307.313409090 412.179615221 -161.959997222 10.191884049 -0.018559433 0.013571718 0.094245206 0.995283476
1317401307.417398930 413.054128720 -161.779733281 10.178692699 -0.016912968 0.014128350 0.092653885 0.995454468
1317401307.521388054 413.912403716 -161.622367587 10.169737433 -0.016480467 0.014172448 0.091256239 0.995590194
1317401307.625401974 414.785963215 -161.460582871 10.152658122 -0.015550084 0.014496898 0.090093795 0.995706354
1317401307.729393959 415.643544899 -161.291056262 10.136221147 -0.015842071 0.015099794 0.089569139 0.995740124
1317401307.833360910 416.505096146 -161.138892635 10.111615962 -0.016043983 0.017802988 0.088721178 0.995768144
1317401307.937350988 417.337145857 -160.986364507 10.102180141 -0.015918278 0.020205813 0.088284500 0.995763115
1317401308.041341066 418.180196925 -160.816604496 10.084784816 -0.012108661 0.022042869 0.087933386 0.995808823
1317401308.145306110 419.005458602 -160.670700258 10.072109963 -0.017434294 0.021478629 0.087591368 0.995772296
1317401308.249274015 419.782257335 -160.513604658 10.040274971 -0.016446518 0.021808342 0.087609936 0.995780301
1317401308.353266954 420.561401119 -160.363485805 10.033938182 -0.011405804 0.021343257 0.087879182 0.995837146
1317401308.457257032 421.302703185 -160.227325203 10.012916446 -0.011979471 0.019995794 0.087998843 0.995847812
1317401308.561249018 422.028618502 -160.087745448 9.988039818 -0.013066018 0.018317812 0.088205753 0.995848122
1317401308.665239096 422.749297418 -159.958871913 9.971602576 -0.012728842 0.016753362 0.088660264 0.995839675
1317401308.769206047 423.440015551 -159.825088712 9.954245035 -0.013619587 0.016073558 0.088880022 0.995819506
1317401308.873195887 424.099992743 -159.708660178 9.936957723 -0.014283533 0.016021338 0.089266992 0.995776432
1317401308.977180004 424.739250740 -159.584416490 9.933994744 -0.015426536 0.015713358 0.089655167 0.995729413
1317401309.081147909 425.335582951 -159.474520373 9.920950300 -0.015144139 0.015522096 0.090241760 0.995683757
1317401309.185120106 425.910401288 -159.358075806 9.913556336 -0.014821557 0.015775711 0.090756928 0.995637800
1317401309.289114952 426.471384909 -159.253117933 9.909929819 -0.015214824 0.014995922 0.090915712 0.995629431
1317401309.393105984 426.996903313 -159.152218484 9.900655114 -0.014837807 0.014458567 0.091261323 0.995611450
1317401309.497092962 427.478410949 -159.062545054 9.893498391 -0.015079650 0.014534325 0.091077714 0.995623527
1317401309.601109982 428.029736863 -158.949525393 9.883342086 -0.014957607 0.014793680 0.091232821 0.995607347
1317401309.705123901 428.488809687 -158.867162598 9.877963468 -0.014846659 0.014960119 0.091204539 0.995609112
1317401309.809112072 428.958680235 -158.774250253 9.869212711 -0.014370738 0.015346377 0.091217098 0.995609066
1317401309.913103104 429.374103032 -158.696418715 9.859352237 -0.014151174 0.016294911 0.091068921 0.995610703
1317401310.017117023 429.791602766 -158.620724762 9.863693219 -0.014754924 0.016501408 0.090656690 0.995636159
1317401310.121130943 430.165345350 -158.549587392 9.855883464 -0.015553867 0.016277258 0.089637329 0.995719979
1317401310.225171089 430.542563008 -158.480853435 9.846935217 -0.016519335 0.015902456 0.087470474 0.995903178
1317401310.329210043 430.900533719 -158.416609681 9.841670725 -0.016460705 0.015944736 0.084486272 0.996161071
1317401310.433227062 431.202063879 -158.362269052 9.838157698 -0.015732252 0.015299630 0.081929868 0.996396464
1317401310.537240028 431.530663765 -158.299657833 9.833735562 -0.015087632 0.014703752 0.079546651 0.996608496
1317401310.641253948 431.800465194 -158.257083967 9.826799831 -0.014466735 0.014748487 0.077083459 0.996810582
1317401310.745245934 432.085753572 -158.207684692 9.823515040 -0.014357841 0.014667410 0.074750641 0.996991004
1317401310.849235058 432.336097498 -158.165639131 9.821380809 -0.014502786 0.014037608 0.072545201 0.997160874
1317401310.953250885 432.598451086 -158.125672975 9.818327370 -0.013897846 0.012931818 0.070357387 0.997341193
1317401311.057241201 432.840917000 -158.091476389 9.815606352 -0.013327865 0.012176470 0.068114492 0.997514169
1317401311.161228895 433.096784990 -158.058063163 9.810031521 -0.013141117 0.011941504 0.066136810 0.997652562
1317401311.265222073 433.344597667 -158.021400515 9.803977049 -0.013090841 0.011607667 0.064284028 0.997778260
1317401311.369190931 433.583156917 -157.991431586 9.803095842 -0.012625415 0.011334114 0.062507752 0.997900254
1317401311.473133087 433.836121315 -157.958061550 9.799541658 -0.011959814 0.011292685 0.061021616 0.998000902
1317401311.577049971 434.073008438 -157.924342977 9.796588438 -0.011512469 0.011205366 0.060193155 0.998057457
1317401311.680974960 434.318445152 -157.887967884 9.796178794 -0.011605888 0.010951504 0.059618292 0.998093697
1317401311.784919024 434.552569745 -157.861533893 9.793596400 -0.011231248 0.010674190 0.059460484 0.998110400
1317401311.888854980 434.790819654 -157.830676275 9.792124508 -0.011074848 0.010741121 0.059339437 0.998118634
1317401311.992796898 435.025978815 -157.797679888 9.778384635 -0.011037253 0.010841713 0.059415994 0.998113408
1317401312.096740961 435.282793913 -157.769436916 9.777159804 -0.010789655 0.009796728 0.059948983 0.998095049
1317401312.200659990 435.552652745 -157.729676897 9.777672754 -0.009026298 0.008266312 0.059869486 0.998131173
1317401312.304578066 435.847773729 -157.707224415 9.764690356 -0.006252606 0.008111488 0.059961098 0.998148173
1317401312.408504009 436.149039188 -157.664191485 9.760820347 -0.005903889 0.008582205 0.060359535 0.998122345
1317401312.512423992 436.468600302 -157.621564736 9.760897301 -0.006911663 0.008881809 0.060976228 0.998075770
1317401312.616336107 436.808401406 -157.572929408 9.755920489 -0.008810605 0.009101372 0.061748536 0.998011351
1317401312.720231056 437.160501821 -157.523193067 9.750215732 -0.009440311 0.009347148 0.062839075 0.997935249
1317401312.824101925 437.517836187 -157.473794413 9.751435373 -0.009909633 0.009716114 0.063952655 0.997856430
1317401312.927994013 437.910796460 -157.429760658 9.741077781 -0.011369337 0.010265429 0.065045514 0.997764722
1317401313.031888962 438.294462830 -157.365725045 9.726048905 -0.010902921 0.010854719 0.066205230 0.997687410
1317401313.135785103 438.698345444 -157.314695433 9.722014065 -0.008951958 0.010689232 0.067223868 0.997640494
1317401313.239705086 439.113787054 -157.259303834 9.721657210 -0.007610218 0.010936517 0.068028821 0.997594385
1317401313.343597889 439.538717892 -157.198256348 9.717665529 -0.008241979 0.011739310 0.069004798 0.997513206
1317401313.447494984 439.981626429 -157.122646260 9.705513207 -0.010528326 0.012860749 0.070225651 0.997392658
1317401313.551389933 440.451141805 -157.047292031 9.700335442 -0.013170578 0.013254413 0.071045463 0.997298049
1317401313.655283928 440.948394950 -156.969847823 9.684001256 -0.014752441 0.012156955 0.071988454 0.997222260
1317401313.759200096 441.448652511 -156.898126905 9.665393384 -0.014440895 0.011923831 0.072935207 0.997160839
1317401313.863095999 441.966885118 -156.813589336 9.658512938 -0.012389783 0.012758701 0.073555214 0.997132559
1317401313.967015028 442.516436879 -156.732960958 9.653432975 -0.011760964 0.013203341 0.074174321 0.997088522
1317401314.070956945 443.076904537 -156.644595393 9.638518431 -0.012184277 0.013397199 0.074926265 0.997024630
1317401314.174876928 443.638966026 -156.550412436 9.616935117 -0.012503395 0.013317147 0.075828868 0.996953510
1317401314.278820038 444.248150888 -156.455652528 9.607215353 -0.012512575 0.013751635 0.076463596 0.996899015
1317401314.382786036 444.838878595 -156.360320462 9.594559588 -0.012398886 0.013856083 0.077208720 0.996841557
1317401314.486752987 445.497998945 -156.254330457 9.576545361 -0.012232859 0.013724820 0.077886140 0.996792725
1317401314.590696096 446.134089206 -156.155602501 9.556086729 -0.011936303 0.013873789 0.078684565 0.996731550
1317401314.694641113 446.785250638 -156.048230117 9.540871711 -0.012247144 0.014176879 0.079611611 0.996649896
1317401314.798608065 447.485132611 -155.931029377 9.520601387 -0.011749773 0.014182766 0.080391779 0.996593174
1317401314.902573109 448.153991495 -155.810007670 9.498457666 -0.009203082 0.014618505 0.081127838 0.996554001
1317401315.006539106 448.846504216 -155.690805490 9.483297369 -0.010973224 0.014884280 0.081920566 0.996467294
1317401315.110505104 449.621756845 -155.561611515 9.464129351 -0.011159649 0.015207161 0.082458920 0.996415943
1317401315.214497089 450.363995033 -155.437529488 9.443280428 -0.011297940 0.015399862 0.083049697 0.996362358
1317401315.318485975 451.139614416 -155.293258177 9.421734871 -0.011279563 0.015557030 0.083391791 0.996331551
1317401315.422452927 451.915896295 -155.161989095 9.405057234 -0.010746807 0.014989253 0.083585858 0.996329881
1317401315.526396990 452.703100825 -155.019870702 9.379168897 -0.011217577 0.014592948 0.083943672 0.996300493
1317401315.630337954 453.498236640 -154.877822524 9.354682793 -0.010957368 0.014624927 0.084129801 0.996287220
1317401315.734304905 454.356076641 -154.730161374 9.331655710 -0.011340338 0.014795035 0.084273898 0.996268244
1317401315.838272095 455.193290368 -154.587697892 9.313338278 -0.011371138 0.015188761 0.084484875 0.996244099
1317401315.942238092 456.035242393 -154.434817827 9.292473855 -0.012307701 0.015829637 0.084568855 0.996215866
1317401316.046204090 456.873435562 -154.288475163 9.268674821 -0.011999832 0.016700203 0.084813792 0.996184585
1317401316.150196075 457.737942545 -154.126141158 9.247177215 -0.011938498 0.017245153 0.084613686 0.996193054
1317401316.254188061 458.604753353 -153.968757226 9.223020900 -0.011704431 0.017263914 0.083779083 0.996266043
1317401316.358179092 459.514207556 -153.820214105 9.203229558 -0.012302983 0.016350400 0.082886196 0.996348925
1317401316.462193966 460.413044857 -153.662976387 9.171189124 -0.011931611 0.016114906 0.081664685 0.996458140
1317401316.566184044 461.324615596 -153.514108536 9.146892565 -0.011243559 0.016359741 0.080722172 0.996538947
1317401316.670150042 462.212671537 -153.363566685 9.129244401 -0.008536188 0.016717944 0.080041285 0.996614788
1317401316.774116755 463.109770733 -153.212682715 9.113328791 -0.007518293 0.016232736 0.079569717 0.996668768
1317401316.878084898 464.016988400 -153.061770320 9.092767442 -0.007636568 0.015271385 0.079417319 0.996695218
1317401316.982050896 464.914778017 -152.911131349 9.067922379 -0.007930564 0.015550596 0.079353950 0.996693652
1317401317.086018085 465.823245878 -152.765269524 9.050718878 -0.008251949 0.016576392 0.079362285 0.996673847
1317401317.189982891 466.744612225 -152.610905562 9.032691397 -0.007334243 0.017673150 0.079208137 0.996674440
1317401317.293948889 467.614029089 -152.462109803 9.021766929 -0.006273832 0.018325270 0.079035957 0.996683571
1317401317.397917032 468.519827822 -152.312418437 9.001202758 -0.006334849 0.018333252 0.079303279 0.996661804
1317401317.501859188 469.397957613 -152.171606188 8.985746212 -0.004710447 0.018278901 0.079441944 0.996660760
1317401317.605777979 470.332155585 -152.014129325 8.964713760 -0.004458104 0.017722283 0.079983972 0.996628622
1317401317.709697008 471.157497138 -151.871689753 8.945670628 -0.003086381 0.017263291 0.081039895 0.996556566
1317401317.813619852 472.030825411 -151.729639943 8.920561583 -0.003706440 0.017167272 0.083052980 0.996390360
1317401317.917515993 472.882990750 -151.580415735 8.900786829 -0.002983691 0.017980489 0.085121206 0.996203885
1317401318.021380901 473.732854910 -151.429170524 8.886364271 -0.002323906 0.019127964 0.087901002 0.995942837
1317401318.125276089 474.571950156 -151.279144921 8.867332377 -0.002647243 0.020160723 0.090708838 0.995669847
1317401318.229193926 475.419600605 -151.107660454 8.847560239 -0.003354540 0.021029468 0.093236424 0.995416233
1317401318.333137035 476.229749598 -150.955608567 8.825021465 -0.004241162 0.022451004 0.094952443 0.995219573
1317401318.437127113 477.025749643 -150.796040493 8.813659780 -0.003508035 0.023390090 0.096240723 0.995077043
1317401318.541116953 477.760623330 -150.642842175 8.792661733 -0.004401995 0.023768256 0.097017449 0.994989099
1317401318.645107031 478.541089023 -150.481310356 8.769246225 -0.004985800 0.024133924 0.097569869 0.994923523
1317401318.749123096 479.261184714 -150.339095433 8.747428820 -0.005666936 0.024917219 0.097967777 0.994861464
1317401318.853163004 479.974933970 -150.189650752 8.725354474 -0.005943379 0.025775940 0.097817233 0.994852786
1317401318.957226992 480.692659164 -150.042300010 8.704147772 -0.006119143 0.026124922 0.097414291 0.994882154
1317401319.061266899 481.374592660 -149.903574390 8.680781828 -0.007628834 0.025958133 0.097024552 0.994914173
1317401319.165306091 482.009959631 -149.767077481 8.658651476 -0.007051158 0.026150193 0.096371067 0.994976917
1317401319.269345999 482.659667099 -149.636964879 8.639780724 -0.006844547 0.026462190 0.095446983 0.995059183
1317401319.373383999 483.291279407 -149.511576378 8.615624366 -0.005852968 0.026920237 0.094250836 0.995167234
1317401319.477446079 483.896422301 -149.383835858 8.598977079 -0.005526841 0.026016833 0.092976254 0.995313013
1317401319.581510067 484.504512425 -149.271517896 8.577343844 -0.006197745 0.024508558 0.091273999 0.995504885
1317401319.685570955 485.095883001 -149.157257798 8.551873463 -0.005912770 0.023304710 0.089614932 0.995686243
1317401319.789633036 485.678034516 -149.049006756 8.530864403 -0.006055368 0.022662670 0.087130278 0.995920705
1317401319.893699884 486.262884460 -148.940056414 8.513012507 -0.005940399 0.022626129 0.084531433 0.996146177
1317401319.997764111 486.873492499 -148.831084188 8.485426138 -0.005847814 0.022726616 0.081699190 0.996380724
1317401320.101824045 487.474123568 -148.731899139 8.469508311 -0.008329438 0.022033742 0.079516301 0.996555213
1317401320.205862999 488.023078777 -148.636234364 8.455193202 -0.007007461 0.021718651 0.077338623 0.996743665
1317401320.309905052 488.594995717 -148.544207005 8.428303630 -0.005781640 0.021784247 0.075180962 0.996915163
1317401320.413943052 489.160397602 -148.458603825 8.416245080 -0.006170710 0.021519261 0.073306334 0.997058185
1317401320.517977953 489.751749746 -148.367960079 8.405356256 -0.004389591 0.021278660 0.071679167 0.997191079
1317401320.621990919 490.300950786 -148.285301016 8.383721606 -0.002544444 0.021620061 0.070527518 0.997272264
1317401320.725982904 490.818919261 -148.217121411 8.371357587 -0.003478452 0.021430354 0.069992146 0.997311255
1317401320.829998016 491.369099543 -148.126938654 8.359409516 -0.003061865 0.021232482 0.070062257 0.997311931
1317401320.933986902 491.905169190 -148.051785913 8.345526435 -0.001957387 0.021263368 0.070716439 0.997267879
1317401321.037977934 492.408492840 -147.981053543 8.332213777 -0.000797650 0.021813602 0.071640884 0.997191614
1317401321.141969919 492.890112006 -147.905290731 8.311140214 -0.000058166 0.022225073 0.073071128 0.997079061
1317401321.245938063 493.387180950 -147.830989244 8.303182303 -0.001231360 0.022024413 0.074619509 0.996968073
1317401321.349931002 493.857755879 -147.751764368 8.294301418 -0.001466227 0.021417527 0.076622585 0.996829032
1317401321.453917980 494.336659050 -147.676814602 8.279202591 -0.002033394 0.021258850 0.078601914 0.996677313
1317401321.557907104 494.785281706 -147.604823757 8.266993686 -0.002672602 0.021040345 0.080574966 0.996522873
1317401321.661900043 495.237279197 -147.527631368 8.253076694 -0.001184447 0.020399256 0.082459915 0.996384880
1317401321.765892029 495.697802805 -147.453243190 8.239712740 0.000732405 0.020114135 0.084751776 0.996198786
1317401321.869905949 496.138444308 -147.377526899 8.228609332 0.001192250 0.020140618 0.086836338 0.996018265
1317401321.973917007 496.577926277 -147.301650337 8.213008599 0.001007117 0.020418932 0.089273315 0.995797333
1317401322.077908039 497.004009808 -147.216440475 8.203386064 0.000632839 0.020746690 0.091771187 0.995563772
1317401322.181900978 497.468085638 -147.127251741 8.189834252 -0.000333062 0.020498324 0.094082503 0.995353299
1317401322.285940886 497.881750449 -147.032728982 8.181384010 -0.000761855 0.020517683 0.095980510 0.995171435
1317401322.390003920 498.325595222 -146.953813595 8.161768017 -0.001012027 0.020351773 0.097430555 0.995033702
1317401322.494062901 498.755573556 -146.868012350 8.155930695 -0.000896138 0.020237069 0.097912079 0.994988886
1317401322.598150969 499.180822480 -146.778096209 8.143698813 -0.000366266 0.020201154 0.097971118 0.994984140
1317401322.702240944 499.597513578 -146.697281192 8.134437399 0.000179981 0.020279827 0.097287406 0.995049676
1317401322.806325912 500.012915559 -146.614616684 8.125459099 0.000030975 0.020387862 0.096509557 0.995123228
1317401322.910413027 500.430016184 -146.530780585 8.112272719 -0.000132326 0.020512475 0.095729290 0.995196023
1317401323.014475107 500.866033302 -146.444345979 8.095716616 -0.000146756 0.019794643 0.095095246 0.995271342
1317401323.118513107 501.308520587 -146.350045676 8.078616317 0.000395931 0.019628133 0.094416597 0.995339181
1317401323.222552061 501.748718009 -146.273206024 8.073996842 0.002729179 0.020851593 0.093218874 0.995423530
1317401323.326615095 502.200650574 -146.186638135 8.074781230 0.003947456 0.022301046 0.091902602 0.995510418
1317401323.430653095 502.650042582 -146.100070786 8.061515543 0.002980082 0.021544226 0.090617518 0.995648247
1317401323.534691095 503.123720018 -146.008343232 8.041015580 0.001094508 0.020457780 0.089420387 0.995783247
1317401323.638731956 503.597901343 -145.917963600 8.015678345 -0.000345313 0.020251700 0.088442762 0.995875307
1317401323.742747068 504.082594922 -145.833006180 7.989530054 0.000852347 0.020652319 0.087508896 0.995949270
1317401323.846735954 504.572267832 -145.743391055 7.981123271 0.004267843 0.020750153 0.087574722 0.995932671
1317401323.950701714 505.066534333 -145.665328791 7.973924645 0.006454220 0.021095072 0.087511480 0.995919214
1317401324.054668903 505.572599030 -145.567037099 7.958003213 0.004924579 0.022687410 0.087801026 0.995867466
1317401324.158633947 506.087352745 -145.464806413 7.938975568 0.002473838 0.023563224 0.088606474 0.995784890
1317401324.262603045 506.611186556 -145.369291745 7.919777568 0.000936574 0.023030876 0.089478887 0.995721964
1317401324.366571665 507.144023782 -145.268792973 7.895641788 0.000558711 0.022944818 0.090754091 0.995608818
1317401324.470513105 507.705140777 -145.158549700 7.871732384 0.001594806 0.023053509 0.092792138 0.995417305
1317401324.574409008 508.256819164 -145.054523877 7.856096731 0.002561101 0.023222485 0.095675301 0.995138379
1317401324.678282022 508.821749162 -144.934498689 7.835319791 0.002844429 0.022532888 0.099502171 0.994778114
1317401324.782125711 509.413409143 -144.817520907 7.812876356 0.002427262 0.021539696 0.104628696 0.994275106
1317401324.885946989 509.994621110 -144.677559135 7.789308761 0.001057019 0.020288297 0.110655017 0.993651214
1317401324.989744902 510.589155422 -144.537287515 7.761901572 0.000438955 0.018723904 0.117919074 0.992846572
1317401325.093544960 511.189721910 -144.380900502 7.740147047 0.000263739 0.017732460 0.125631526 0.991918449
1317401325.197345972 511.800595033 -144.216271682 7.717883143 -0.001326355 0.017566785 0.134266817 0.990788611
1317401325.301168919 512.401681350 -144.042728667 7.698680227 -0.004233894 0.017583049 0.141638681 0.989753199
1317401325.405064106 513.012426946 -143.854560385 7.677054135 -0.007331796 0.017629603 0.147957881 0.988809338
1317401325.509006023 513.637174326 -143.639925326 7.661137451 -0.010074517 0.017443503 0.152315427 0.988126631
1317401325.612996101 514.263188683 -143.438267985 7.640507202 -0.012588800 0.017035166 0.155297563 0.987640619
1317401325.717010975 514.904533505 -143.227333501 7.619011904 -0.013096907 0.016875508 0.156900333 0.987383398
1317401325.821072102 515.543418580 -143.010762657 7.597016536 -0.016860961 0.016803872 0.157617426 0.987213292
1317401325.925158978 516.193613732 -142.797364642 7.569875264 -0.019183997 0.017294531 0.156683545 0.987311066
1317401326.029269934 516.860003032 -142.584543195 7.548806026 -0.021224636 0.018106246 0.154275190 0.987633963
1317401326.133405924 517.548521800 -142.357574224 7.526131611 -0.021426297 0.018721423 0.150375359 0.988219446
1317401326.237562895 518.224620631 -142.142774866 7.506468963 -0.021529871 0.018733797 0.145777626 0.988905654
1317401326.341744900 518.928076007 -141.926430106 7.477954866 -0.023039848 0.017855846 0.140265400 0.989684774
1317401326.445910931 519.665672292 -141.714238128 7.457803378 -0.023480367 0.016908443 0.133914554 0.990570376
1317401326.550045967 520.377561059 -141.516302171 7.431613132 -0.022796592 0.016438500 0.128130868 0.991358952
1317401326.654149771 521.103129602 -141.312047534 7.408014860 -0.020714883 0.016825377 0.122180261 0.992149074
1317401326.758235931 521.884655021 -141.118510680 7.381740086 -0.024026807 0.016226244 0.115750327 0.992855117
1317401326.862299919 522.667586828 -140.929294389 7.355195285 -0.023604508 0.016490606 0.109591981 0.993559502
1317401326.966341019 523.418524114 -140.756392419 7.336273021 -0.023882044 0.016508584 0.104482687 0.994102853
1317401327.070332050 524.224199959 -140.575668821 7.309142944 -0.023205340 0.016431499 0.099653031 0.994615901
1317401327.174298048 525.018311536 -140.408396345 7.292724588 -0.021397879 0.015945459 0.096011279 0.995022466
1317401327.278240919 525.827496848 -140.241978537 7.264274148 -0.022174682 0.015357746 0.092877477 0.995312111
1317401327.382135153 526.636516771 -140.080169667 7.243250260 -0.021169151 0.015350691 0.090519678 0.995551310
1317401327.486006021 527.476309318 -139.928906082 7.215673769 -0.021863101 0.015356968 0.089006124 0.995672676
1317401327.589850903 528.299156999 -139.770460017 7.193683088 -0.022107718 0.015585852 0.088157162 0.995739245
1317401327.693696976 529.161047059 -139.608523585 7.177456116 -0.021575445 0.016130435 0.087878494 0.995766880
1317401327.797569036 529.978677508 -139.464427423 7.152196437 -0.022903513 0.017380500 0.088027540 0.995703018
1317401327.901439905 530.850560457 -139.292409277 7.121394069 -0.023001102 0.020283435 0.088202124 0.995630412
1317401328.005287886 531.725111046 -139.142201950 7.093165411 -0.024578863 0.023385853 0.088420608 0.995505288
1317401328.109134912 532.580773874 -138.971509619 7.061487593 -0.024743371 0.025793336 0.088745335 0.995412846
1317401328.213002920 533.429328000 -138.812735222 7.039343335 -0.024821627 0.026451378 0.089126187 0.995359600
1317401328.316874027 534.288861219 -138.650999428 7.007743781 -0.025697037 0.025565732 0.089730025 0.995306274
1317401328.420743942 535.168962153 -138.478230034 6.969440454 -0.023540990 0.024904251 0.090183090 0.995335426
1317401328.524614096 536.029521394 -138.314415559 6.924338835 -0.025231859 0.024925310 0.090748601 0.995242068
1317401328.628485918 536.892615628 -138.153207261 6.889627455 -0.024606427 0.025524593 0.091311954 0.995191010
1317401328.732357025 537.721925723 -137.994839978 6.858572354 -0.025299987 0.025678023 0.092057282 0.995101003
1317401328.836227894 538.545393756 -137.830678948 6.825204535 -0.026626933 0.025407867 0.092695491 0.995014067
1317401328.940099001 539.394552516 -137.670984407 6.781926048 -0.026841891 0.024921472 0.093118018 0.994981139
1317401329.043968916 540.220470664 -137.500301772 6.754567870 -0.026662626 0.024323796 0.093721431 0.994944094
1317401329.147864103 541.068492105 -137.342752886 6.707825850 -0.027945653 0.024597621 0.093919214 0.994883500
1317401329.251782894 541.898282100 -137.176138968 6.673507219 -0.029642237 0.025782079 0.093798929 0.994815753
1317401329.355704069 542.740304725 -137.008838210 6.626944806 -0.029112052 0.027725798 0.093604514 0.994797449
1317401329.459621906 543.558301738 -136.850082937 6.610832527 -0.029686928 0.027320685 0.093190578 0.994830530
1317401329.563564062 544.378322604 -136.684773354 6.570101970 -0.030975249 0.026183086 0.092751417 0.994862882
1317401329.667505980 545.182311976 -136.525921861 6.527136877 -0.031531985 0.025724365 0.092418072 0.994888381
1317401329.771425009 545.988644176 -136.366180401 6.479024478 -0.027958981 0.026610825 0.091533482 0.995053657
1317401329.875368118 546.753244607 -136.217498549 6.455038693 -0.030739032 0.026881541 0.091042396 0.995009436
1317401329.979335070 547.523954693 -136.069615673 6.429801937 -0.032854042 0.027192942 0.090213036 0.995008927
1317401330.083302259 548.246912413 -135.924726817 6.391915186 -0.032178932 0.027358566 0.089644615 0.995077820
1317401330.187244892 548.989514922 -135.790586306 6.366422562 -0.032879647 0.027592530 0.088874601 0.995117524
1317401330.291188955 549.703973471 -135.656768416 6.339257280 -0.032376168 0.027578483 0.088184283 0.995195832
1317401330.395129204 550.385867898 -135.527292851 6.312180521 -0.031588798 0.027577710 0.087707123 0.995263321
1317401330.499046803 551.054900077 -135.398190324 6.274760720 -0.031741898 0.027384048 0.087563540 0.995276440
1317401330.602988958 551.707844147 -135.279861216 6.251707629 -0.031783160 0.027088685 0.087529106 0.995286235
1317401330.706933975 552.344819696 -135.157162665 6.229936977 -0.032135958 0.026224558 0.087530759 0.995297905
1317401330.810877085 552.946608707 -135.050513669 6.196262810 -0.032961427 0.025538783 0.087483752 0.995292875
1317401330.914819002 553.560249083 -134.933288800 6.177143302 -0.032212755 0.023942886 0.087645500 0.995342827
1317401331.018785954 554.138808383 -134.819327447 6.163193397 -0.031821256 0.022027432 0.087721814 0.995392929
1317401331.122776031 554.718796700 -134.725626994 6.135940275 -0.031057285 0.020093970 0.087241823 0.995500147
1317401331.226766109 555.285843906 -134.615850969 6.116891532 -0.032003387 0.018287524 0.087062759 0.995520681
1317401331.330755949 555.837925191 -134.511647873 6.090473694 -0.031795850 0.017027595 0.086564750 0.995593104
1317401331.434746981 556.377958154 -134.409488609 6.073994333 -0.031111448 0.016897290 0.086075465 0.995659366
1317401331.538764000 556.944095913 -134.316752483 6.059941889 -0.028704008 0.017629137 0.085122978 0.995800870
1317401331.642777205 557.462642168 -134.228596439 6.047756005 -0.028356815 0.018111959 0.084075152 0.995891167
1317401331.746790886 557.976633534 -134.135123489 6.041285725 -0.029300871 0.018264615 0.082831372 0.995965274
1317401331.850832939 558.477633856 -134.043802955 6.024068895 -0.030914142 0.018310568 0.081144694 0.996054505
1317401331.954896927 558.961003862 -133.964160451 6.009087131 -0.031532887 0.018432648 0.078434258 0.996249959
1317401332.058958054 559.419001671 -133.891911089 5.998029722 -0.030224314 0.018294272 0.074882643 0.996566305
1317401332.163069010 559.861346808 -133.821070854 5.990295079 -0.028736834 0.017668920 0.070221085 0.996960883
1317401332.267230034 560.287388084 -133.757341740 5.982596579 -0.029245426 0.017398744 0.064781579 0.997319074
1317401332.371388912 560.714418247 -133.705398062 5.968817557 -0.031107167 0.017543042 0.058757093 0.997633294
1317401332.475544930 561.115143312 -133.648143490 5.956596116 -0.031878287 0.017398364 0.052041312 0.997984355
1317401332.579703093 561.494776156 -133.607202981 5.946784315 -0.030962342 0.016795216 0.044769285 0.998376164
1317401332.683887005 561.879937499 -133.576287825 5.945425343 -0.029844875 0.016018866 0.036495737 0.998759601
1317401332.788094044 562.224444769 -133.542262674 5.941126386 -0.029453324 0.015385999 0.026743108 0.999089875
1317401332.892298937 562.574091694 -133.526158249 5.931920748 -0.028827217 0.014937766 0.016738560 0.999332615
1317401332.996506929 562.908186551 -133.521082621 5.924381582 -0.027359558 0.014141821 0.005762680 0.999509007
1317401333.100713015 563.219698692 -133.511417511 5.919186379 -0.025671012 0.013280424 -0.006166146 0.999563209
1317401333.204919100 563.531879174 -133.520891608 5.911701845 -0.023172268 0.012257875 -0.017941169 0.999495325
1317401333.309101105 563.831422223 -133.538478786 5.920912246 -0.020450120 0.011538346 -0.030044344 0.999272734
1317401333.413261175 564.113365943 -133.547641986 5.911241897 -0.018735273 0.010649977 -0.042213791 0.998876150
1317401333.517420053 564.397007695 -133.570452368 5.919979117 -0.016638434 0.009343230 -0.054524849 0.998330059
1317401333.621581078 564.668466699 -133.598432963 5.921666012 -0.016306533 0.008393776 -0.067144968 0.997574656
1317401333.725716114 564.949934994 -133.630205376 5.921631059 -0.017113418 0.008214911 -0.080325392 0.996587918
1317401333.829849958 565.211778390 -133.667852665 5.913288371 -0.018039538 0.008831627 -0.093709959 0.995396916
1317401333.933984041 565.485296535 -133.722813252 5.906341024 -0.017756881 0.010323786 -0.107741350 0.993966757
1317401334.038094997 565.749890818 -133.778789067 5.904161180 -0.016171636 0.012277346 -0.122177849 0.992300518
1317401334.142205954 566.009490128 -133.845412351 5.908368790 -0.013894879 0.013789221 -0.136420870 0.990457539
1317401334.246290922 566.259784194 -133.916683208 5.909315737 -0.011114115 0.015254592 -0.150493361 0.988430838
1317401334.350353956 566.508034473 -133.998050196 5.915652575 -0.008562695 0.016300072 -0.164645533 0.986180935
1317401334.454392910 566.768552562 -134.071167616 5.918714164 -0.006723348 0.016799325 -0.178765735 0.983725262
1317401334.558407068 567.018103447 -134.180175520 5.922727719 -0.005744604 0.017235497 -0.192779426 0.981073917
1317401334.662396908 567.274066749 -134.283847593 5.923808874 -0.005859524 0.018189287 -0.206396590 0.978281791
1317401334.766362906 567.548234398 -134.398467889 5.920936332 -0.006056162 0.019078654 -0.219854799 0.975327225
1317401334.870283127 567.850624557 -134.544620333 5.915904949 -0.005482572 0.019820069 -0.232206118 0.972449189
1317401334.974083900 568.168265446 -134.692501896 5.904269292 -0.003587358 0.019987060 -0.241186974 0.970266196
1317401335.077740908 568.480953478 -134.849635594 5.902230816 -0.000311193 0.019282106 -0.245416934 0.969225790
1317401335.181345940 568.754968241 -134.987467300 5.910866330 0.001595182 0.019502010 -0.245968954 0.969080183
1317401335.284976959 569.021377223 -135.129443542 5.896455767 0.001880317 0.020829151 -0.244543713 0.969412700
1317401335.388581991 569.298776621 -135.257961638 5.893838124 0.001460495 0.021663814 -0.240590469 0.970383827
1317401335.492187977 569.529379066 -135.366563059 5.889568315 0.001560592 0.021551570 -0.233187126 0.972191781
1317401335.595844030 569.726638669 -135.476883732 5.875619770 0.000902905 0.021189172 -0.224529985 0.974236362
1317401335.699498892 569.951132359 -135.589342240 5.863704697 0.001231222 0.020561544 -0.215700467 0.976242293
1317401335.803103924 570.185873208 -135.664355305 5.856243255 0.002507018 0.019777761 -0.203531645 0.978865376
1317401335.906711102 570.382187633 -135.769188567 5.853843268 0.004739334 0.019142111 -0.188207152 0.981931355
1317401336.010343075 570.569725480 -135.805285880 5.853770362 0.005909480 0.018989882 -0.171724381 0.984944262
1317401336.113975048 570.795931518 -135.917743972 5.848318026 0.006482022 0.019394201 -0.152156635 0.988144831
1317401336.217603922 570.983502531 -135.951435295 5.845048858 0.006398274 0.019839723 -0.130223237 0.991265533
1317401336.321259022 571.138957510 -135.945381569 5.839714773 0.005375610 0.020315401 -0.107448565 0.993988528
1317401336.424961090 571.333974438 -135.980855293 5.834845240 0.004226323 0.021241605 -0.083654330 0.996259447
1317401336.528687954 571.497809438 -135.958599935 5.828568870 0.003061379 0.022101934 -0.059595108 0.997973224
1317401336.632440090 571.650169368 -135.992132330 5.820793467 0.002589653 0.022517686 -0.034763909 0.999138488
1317401336.736212969 571.811382185 -135.951774961 5.812623275 0.002416509 0.022638715 -0.010759508 0.999682891
1317401336.839987040 571.972161809 -135.956637917 5.809127435 0.002291969 0.022783742 0.013135651 0.999651491
1317401336.943763018 572.128602216 -135.891574813 5.799245295 0.002223082 0.023251697 0.036575308 0.999057888
1317401337.047538996 572.298520512 -135.904092107 5.792602529 0.001810469 0.024457058 0.060743273 0.997852108
1317401337.151313066 572.467725398 -135.880108019 5.783483065 0.001697968 0.026547886 0.084614937 0.996058552
1317401337.255085707 572.639609842 -135.846633781 5.774569438 0.002229768 0.028579040 0.108815720 0.993648532
1317401337.358865976 572.811530542 -135.788705038 5.770366684 0.003352487 0.030325811 0.133580685 0.990568174
1317401337.462640047 572.973984685 -135.714834156 5.768965448 0.003767741 0.032391702 0.159004506 0.986739149
1317401337.566411972 573.149937771 -135.668297600 5.763310080 0.003087152 0.034572220 0.183967720 0.982319250
1317401337.670236111 573.318661493 -135.583335407 5.763211107 0.001711087 0.037002928 0.207684957 0.977494151
1317401337.774153948 573.467342018 -135.488460377 5.756329957 -0.000206620 0.038960972 0.228993425 0.972647938
1317401337.878168106 573.642866276 -135.441474853 5.746579945 -0.001938299 0.040572360 0.246903277 0.968188462
1317401337.982278109 573.821886385 -135.366858366 5.730827471 -0.002665292 0.041882715 0.261720092 0.964230952
1317401338.086438894 574.001317440 -135.280574138 5.721494446 -0.002526846 0.043589825 0.273925146 0.960759365
1317401338.190623045 574.189562987 -135.182292643 5.715628234 -0.001786131 0.045737004 0.284594740 0.957554578
1317401338.294803858 574.389982760 -135.054975584 5.720903280 -0.003311914 0.045800533 0.293702439 0.954793286
1317401338.399009943 574.561455105 -134.946417233 5.700955117 -0.006350944 0.042170532 0.301578982 0.952486971
1317401338.503312111 574.768083468 -134.833002673 5.678025968 -0.009660105 0.038491991 0.306733063 0.950967863
1317401338.607640028 574.992133846 -134.662721189 5.620803278 -0.010104279 0.037276672 0.309982185 0.949957577
1317401338.711919069 575.221971876 -134.506651937 5.621628790 -0.008041285 0.036914673 0.312369025 0.949209269
1317401338.816245079 575.435947488 -134.351491970 5.615714790 -0.007379439 0.033309482 0.312536067 0.949293015
1317401338.920669079 575.686716235 -134.172911988 5.598813323 -0.009777913 0.026601777 0.309475309 0.950485019
1317401339.025139093 575.936871622 -133.939125090 5.550102151 -0.012453542 0.018290874 0.303800385 0.952478703
1317401339.129635096 576.196196056 -133.726473382 5.507464289 -0.012076857 0.011086668 0.295134427 0.955315082
1317401339.234154940 576.485469451 -133.566175139 5.496595669 -0.012004041 0.005291382 0.283295811 0.958942849
1317401339.338649035 576.796448890 -133.354396691 5.462019443 -0.015222075 0.000008746 0.270394751 0.962629195
1317401339.443022966 577.114811877 -133.084312239 5.422329084 -0.017423627 -0.003806007 0.257913061 0.966003512
1317401339.547348976 577.459985287 -132.887757946 5.396800148 -0.017032987 -0.002597413 0.245200663 0.969319228
1317401339.651649952 577.831742597 -132.719820122 5.413842255 -0.018130345 0.001997255 0.232312441 0.972470170
1317401339.755882025 578.216144199 -132.498308062 5.409917550 -0.021104202 0.008059258 0.220712299 0.975077301
1317401339.860064983 578.620343681 -132.310998376 5.421178553 -0.024197889 0.013968266 0.210673509 0.977157112
1317401339.964198112 579.027507564 -132.122851734 5.438232698 -0.025507457 0.017613507 0.201694327 0.978957881
1317401340.068309069 579.458688921 -131.918845619 5.433408002 -0.024915464 0.019056220 0.192849483 0.980726851
1317401340.172395945 579.901077747 -131.746628767 5.426519604 -0.023883698 0.018710543 0.184942810 0.982280836
1317401340.276459932 580.358287551 -131.564861791 5.401765979 -0.022301235 0.017494420 0.176887220 0.983822907
1317401340.380497932 580.843194617 -131.381760839 5.380436622 -0.022174875 0.015900857 0.168665218 0.985295632
1317401340.484513998 581.352054562 -131.202719788 5.347686516 -0.021113153 0.015777611 0.160992422 0.986603640
1317401340.588529110 581.892481110 -131.028577326 5.320477419 -0.021006709 0.017423973 0.153455785 0.987778541
1317401340.692518950 582.454786131 -130.831152622 5.307039554 -0.020426928 0.020547403 0.146787876 0.988743579
1317401340.796462059 583.037751010 -130.647720094 5.275466310 -0.020389943 0.023040276 0.140961581 0.989536876
1317401340.900381088 583.633561348 -130.468041050 5.263112726 -0.018488195 0.023821051 0.136653646 0.990159848
1317401341.004252911 584.264521631 -130.295201710 5.237072238 -0.014566570 0.023671051 0.133837117 0.990613508
1317401341.108099937 584.900751127 -130.108511041 5.217802206 -0.010811990 0.022508620 0.131808896 0.990960583
1317401341.211971998 585.536797646 -129.927327628 5.190034452 -0.011540461 0.020658552 0.130495974 0.991166405
1317401341.315864086 586.232444408 -129.739950461 5.128761074 -0.014166791 0.020256940 0.128474266 0.991404721
1317401341.419780970 586.924922371 -129.553452396 5.112288070 -0.015496970 0.019927870 0.125687051 0.991748703
1317401341.523750067 587.646297415 -129.364721531 5.067754093 -0.018051361 0.020351803 0.122073232 0.992148214
1317401341.627763987 588.389956397 -129.179376873 5.032375892 -0.020492589 0.021397001 0.117529496 0.992627342
1317401341.731777906 589.140457038 -128.993253531 5.006035761 -0.020093105 0.022229121 0.112677754 0.993179670
1317401341.835768938 589.925787015 -128.819668902 4.971805463 -0.020705101 0.022300382 0.107808875 0.993705811
1317401341.939759970 590.747079382 -128.609959559 4.944483960 -0.024369002 0.019712216 0.102475005 0.994241647
1317401342.043751001 591.541831044 -128.437806123 4.901124442 -0.027148633 0.017418479 0.098422325 0.994621835
1317401342.147717953 592.359747805 -128.278818254 4.853722191 -0.025354108 0.018709858 0.094120382 0.995062040
1317401342.251661062 593.196932055 -128.117350434 4.814122524 -0.024512775 0.021889999 0.089965855 0.995402480
1317401342.355581045 594.020809558 -127.958694846 4.787084710 -0.024069841 0.023997628 0.086469469 0.995674539
1317401342.459497929 594.892692149 -127.786793168 4.765399493 -0.024721011 0.022973623 0.084099167 0.995885744
1317401342.563394070 595.750098412 -127.637477438 4.731374967 -0.025236573 0.020648477 0.082884989 0.996025519
1317401342.667261839 596.657951181 -127.478842779 4.676878490 -0.025354129 0.019051456 0.081154363 0.996196858
1317401342.771133900 597.543217357 -127.324653471 4.647855164 -0.022949009 0.018296775 0.079982287 0.996364092
1317401342.875005007 598.471904425 -127.174318869 4.603438222 -0.021682909 0.018221556 0.079035068 0.996469410
1317401342.978878021 599.378112834 -127.021419138 4.575858922 -0.019211231 0.019644605 0.078585280 0.996528661
1317401343.082726955 600.276615996 -126.886054275 4.536149336 -0.017979820 0.023379723 0.078714280 0.996460826
1317401343.186571121 601.208359411 -126.742253011 4.512309122 -0.015724851 0.026128218 0.078269482 0.996465721
1317401343.290441036 602.137941184 -126.583418667 4.473270387 -0.014906571 0.026295977 0.078191977 0.996479970
1317401343.394310951 603.059910394 -126.436169695 4.434475957 -0.017275246 0.024895604 0.078059516 0.996488077
1317401343.498183012 604.049356014 -126.267500123 4.390130201 -0.019297484 0.023123443 0.078415600 0.996465708
1317401343.602076054 605.021545016 -126.099198062 4.339631111 -0.021371165 0.022252811 0.079262666 0.996376192
1317401343.705969095 605.926427979 -125.950305273 4.302110747 -0.020072248 0.021422178 0.079759005 0.996381802
1317401343.809864998 606.899749707 -125.783698811 4.267450632 -0.021700648 0.020643759 0.079950640 0.996348740
1317401343.913759947 607.877992881 -125.619171187 4.224709785 -0.020800629 0.021387790 0.080108708 0.996339546
1317401344.017654896 608.834700303 -125.464971145 4.184091664 -0.020617672 0.022960513 0.081343112 0.996208324
1317401344.121540070 609.793261456 -125.307705677 4.146620418 -0.019759967 0.024912743 0.081631434 0.996155213
1317401344.225409031 610.741452925 -125.147838112 4.124103542 -0.018321272 0.025604841 0.082649375 0.996081224
1317401344.329315186 611.704637154 -124.978745662 4.087702398 -0.017680683 0.024437261 0.082901386 0.996101187
1317401344.433211088 612.662632938 -124.816186930 4.053134703 -0.019179449 0.022530744 0.083125645 0.996099715
1317401344.537106037 613.625103513 -124.646398034 4.005685773 -0.019805616 0.021734696 0.083860036 0.996043591
1317401344.640976906 614.590669556 -124.472067465 3.971585702 -0.019629716 0.022336496 0.084994276 0.995937613
1317401344.744822979 615.533393997 -124.301525676 3.929255214 -0.018422715 0.023961046 0.086176397 0.995821320
1317401344.848716021 616.489116116 -124.135539029 3.895388609 -0.017740672 0.025863572 0.087104741 0.995705332
1317401344.952609062 617.438150390 -123.964432481 3.856608115 -0.015185443 0.027582998 0.087757174 0.995644143
1317401345.056480885 618.364545162 -123.791703075 3.836779750 -0.013175828 0.026785421 0.089000792 0.995584149
1317401345.160353899 619.324301556 -123.618830581 3.790057585 -0.010201649 0.025007163 0.089738921 0.995599063
1317401345.264222860 620.230601781 -123.451956855 3.762454494 -0.008703830 0.023038872 0.091106216 0.995536595
1317401345.368118048 621.162035253 -123.275466651 3.711074442 -0.007453384 0.022010800 0.092449864 0.995446128
1317401345.472012043 622.086385102 -123.101529910 3.686612020 -0.006406931 0.022394286 0.093477692 0.995348868
1317401345.575882912 622.998118497 -122.915324329 3.640492154 -0.006838599 0.024343145 0.094642706 0.995190134
1317401345.679754972 623.898408745 -122.737280500 3.619535251 -0.007706667 0.026630641 0.095540706 0.995039391
1317401345.783626080 624.780262287 -122.553057771 3.582817969 -0.008435841 0.028215880 0.096044814 0.994941252
1317401345.887521982 625.653282105 -122.388023742 3.559397088 -0.008530917 0.028332830 0.096173835 0.994924654
1317401345.991416931 626.518833484 -122.212056147 3.522659087 -0.009157163 0.027811389 0.096130096 0.994938027
1317401346.095286131 627.354503847 -122.038211354 3.485481166 -0.010182165 0.026703131 0.096271719 0.994944733
1317401346.199157953 628.178319389 -121.882469487 3.453634093 -0.009421004 0.025976423 0.096202764 0.994978140
1317401346.303051949 628.975087683 -121.723826308 3.422577093 -0.008451121 0.026249121 0.096118268 0.994987860
1317401346.406970978 629.734673464 -121.574608918 3.389276594 -0.008660795 0.027684968 0.095920232 0.994966252
1317401346.510889053 630.501930425 -121.419874948 3.370101393 -0.008272492 0.028338938 0.095577391 0.994984137
1317401346.614806890 631.205892460 -121.273782630 3.344238316 -0.007391472 0.028445956 0.094890069 0.995053802
1317401346.718750954 631.894429574 -121.136891773 3.325492580 -0.007272161 0.026679997 0.093982895 0.995189685
1317401346.822741985 632.577996983 -121.001966039 3.291693837 -0.008783310 0.024244700 0.092289106 0.995398297
1317401346.926733017 633.223213390 -120.876823992 3.263679601 -0.009864409 0.022663832 0.090165002 0.995620066
1317401347.030724049 633.828866514 -120.754557736 3.245820900 -0.010206845 0.021134195 0.088099602 0.995835140
1317401347.134738922 634.435887268 -120.654394763 3.225975750 -0.009639689 0.020297869 0.085572224 0.996078545
1317401347.238754034 634.998178679 -120.547638675 3.211942618 -0.009092520 0.019699911 0.082866910 0.996324402
1317401347.342791080 635.535556044 -120.457154364 3.200087990 -0.011395553 0.018827362 0.079471185 0.996594202
1317401347.446855068 636.052964139 -120.374516353 3.190955702 -0.012555230 0.017633583 0.074697501 0.996971267
1317401347.550940990 636.543213253 -120.290019539 3.174004776 -0.014111569 0.017138562 0.068826391 0.997381603
1317401347.655075073 637.017931115 -120.228131499 3.160821759 -0.014055956 0.017175329 0.061914855 0.997834650
1317401347.759234905 637.456199680 -120.156197067 3.155980578 -0.013465266 0.016223006 0.054268948 0.998303752
1317401347.863390923 637.863826868 -120.108937447 3.148511436 -0.013591061 0.015183534 0.045231674 0.998768661
1317401347.967549086 638.270110314 -120.062503313 3.145876379 -0.014117761 0.014919590 0.035361933 0.999163464
1317401348.071732998 638.663675304 -120.042374629 3.135171446 -0.013670245 0.015511805 0.023928509 0.999499842
1317401348.175939083 639.059424079 -120.016617165 3.133590273 -0.012086909 0.015672547 0.011418884 0.999738909
1317401348.280170918 639.434299974 -119.999043810 3.124518784 -0.012533316 0.014382215 -0.002261877 0.999815459
1317401348.384428024 639.809193026 -120.001165507 3.125755431 -0.013780910 0.013373393 -0.017000961 0.999671049
1317401348.488657951 640.175818099 -120.010125260 3.114594588 -0.015295279 0.014160620 -0.032250174 0.999262457
1317401348.592889071 640.537920302 -120.036006277 3.117942198 -0.015822434 0.015970431 -0.048149885 0.998587094
1317401348.697118998 640.891835794 -120.066252718 3.111718225 -0.017006836 0.018240284 -0.065123581 0.997565526
1317401348.801348209 641.239831690 -120.123787457 3.103289060 -0.017689553 0.019829951 -0.082956324 0.996198826
1317401348.905603886 641.573430443 -120.166800161 3.098166425 -0.016942450 0.021052296 -0.101154958 0.994503609
1317401349.009856939 641.924526625 -120.255354583 3.094575778 -0.016128842 0.022558727 -0.121335547 0.992224092
1317401349.114089012 642.228740020 -120.305949740 3.099522178 -0.015824202 0.025530771 -0.141822200 0.989436323
1317401349.218297005 642.565972734 -120.405644215 3.086675908 -0.018798583 0.030036285 -0.162485791 0.986074441
1317401349.322478056 642.903220972 -120.513650405 3.077504148 -0.019372278 0.034202891 -0.183235576 0.982282852
1317401349.426589966 643.207809962 -120.630032295 3.057070352 -0.019212227 0.035714395 -0.202882325 0.978362987
1317401349.530675888 643.505739634 -120.768062748 3.056336651 -0.015817910 0.034170696 -0.222877687 0.974118932
1317401349.634763956 643.807354437 -120.924835723 3.044590413 -0.010297362 0.031848535 -0.242903348 0.969472846
1317401349.738826036 644.086683718 -121.060621619 3.057655430 -0.007400236 0.028883998 -0.261558098 0.964727066
1317401349.842890024 644.394125145 -121.242242479 3.056634924 -0.009982859 0.026342931 -0.281411176 0.959173677
1317401349.946930885 644.721782786 -121.424350462 3.040760404 -0.015468049 0.024481997 -0.301127020 0.953144212
1317401350.050944090 645.037531860 -121.639251534 3.021987157 -0.021145826 0.023179760 -0.319490587 0.947069859
1317401350.154910326 645.356211992 -121.858426538 2.977063060 -0.025732460 0.021557698 -0.337375856 0.940771299
1317401350.258827925 645.684484033 -122.138683162 2.946437541 -0.025005864 0.020329632 -0.353731006 0.934791842
1317401350.362747908 646.002472373 -122.427764904 2.940690090 -0.020411339 0.018114200 -0.370566853 0.928404793
1317401350.466640949 646.308301753 -122.731028171 2.946553633 -0.015756732 0.016175460 -0.386792519 0.921890247
1317401350.570511103 646.647933946 -123.065637300 2.940441723 -0.012215097 0.012768283 -0.402102377 0.915424186
1317401350.674381018 646.963208676 -123.411203767 2.956943239 -0.012853658 0.010942874 -0.417238081 0.908640424
1317401350.778228045 647.279841153 -123.804613507 2.937133859 -0.017500248 0.012492516 -0.430991217 0.902099911
1317401350.882050991 647.648258430 -124.192030961 2.926671421 -0.022736222 0.015249478 -0.444494340 0.895363222
1317401350.985898972 647.960501576 -124.627139222 2.909767833 -0.025635874 0.017907248 -0.458534166 0.888126427
1317401351.089794159 648.287844316 -125.114009120 2.921386633 -0.025292347 0.018626412 -0.471670795 0.881215079
1317401351.193710089 648.595527447 -125.564666015 2.924433348 -0.026571737 0.019445708 -0.485708861 0.873500263
1317401351.297629118 648.943178680 -126.105704087 2.920674086 -0.030382729 0.020774414 -0.498646508 0.866023656
1317401351.401525974 649.254054544 -126.592343527 2.906938992 -0.035244604 0.022731176 -0.511714427 0.858131375
1317401351.505397081 649.566255054 -127.189582164 2.901692068 -0.037226561 0.023230906 -0.524999861 0.849970384
1317401351.609292030 649.850255765 -127.769080984 2.906640961 -0.037885573 0.022663325 -0.537254634 0.842263922
1317401351.713210106 650.143759863 -128.384773760 2.906990836 -0.039268261 0.021515633 -0.549788348 0.834103023
1317401351.817128897 650.429571950 -129.037332233 2.910128319 -0.039846839 0.021037862 -0.563978981 0.824558880
1317401351.921024084 650.683049396 -129.668820538 2.919100897 -0.040281617 0.020640546 -0.575203610 0.816757104
1317401352.024893999 650.939062381 -130.362267017 2.929017335 -0.039605984 0.019976398 -0.586931890 0.808420229
1317401352.128740072 651.159180170 -131.097850430 2.948618960 -0.037674835 0.019535989 -0.597519712 0.800730382
1317401352.232563019 651.403787216 -131.797494211 2.954344616 -0.035796890 0.019695646 -0.607564526 0.793218766
1317401352.336364985 651.610004268 -132.616135806 2.973343276 -0.034208846 0.018988530 -0.616613718 0.786293020
1317401352.440114975 651.791613547 -133.332089632 2.991019984 -0.031531052 0.015805408 -0.624100511 0.780547586
1317401352.543816090 651.971459182 -134.157984501 3.016411548 -0.030345837 0.012528897 -0.630948869 0.775129461
1317401352.647494793 652.160474798 -134.942266279 3.028814278 -0.029612121 0.010797040 -0.636305302 0.770793168
1317401352.751151085 652.317777638 -135.763905515 3.045345244 -0.028108091 0.009706769 -0.641335470 0.766684112
1317401352.854804993 652.469709954 -136.642326902 3.070015437 -0.025694416 0.008468081 -0.643245080 0.765182237
1317401352.958482027 652.624966540 -137.499698733 3.092055382 -0.024097578 0.007657195 -0.644876028 0.763868826
1317401353.062161922 652.796697725 -138.358846885 3.110760877 -0.022933279 0.007387590 -0.646178034 0.762806290
1317401353.165862799 652.960290699 -139.235230615 3.132501177 -0.021993865 0.006843986 -0.647452573 0.761757570
1317401353.269589901 653.082502512 -140.130158460 3.160796589 -0.021644572 0.005436813 -0.647673734 0.761590892
1317401353.373342037 653.247387034 -141.043791003 3.178640103 -0.021280049 0.004272427 -0.648201878 0.761159137
1317401353.477091074 653.392802638 -141.952621269 3.196680756 -0.019918170 0.003393623 -0.648485233 0.760959034
1317401353.580817938 653.570159937 -142.917698829 3.226815717 -0.018539266 0.002176576 -0.647874563 0.761518292
1317401353.684567690 653.698289500 -143.848354632 3.255068459 -0.017267107 0.000724836 -0.648740016 0.760813849
1317401353.788342953 653.883123170 -144.835072978 3.274961999 -0.016186175 0.000925043 -0.647605118 0.761803625
1317401353.892133236 654.043104557 -145.789379833 3.294924384 -0.013342951 0.002035086 -0.648047951 0.761479926
1317401353.995944977 654.199610856 -146.791715388 3.318217385 -0.011082131 0.003710547 -0.647531326 0.761949211
1317401354.099766970 654.368722449 -147.826538599 3.346434821 -0.010042015 0.003837307 -0.647058897 0.762364229
1317401354.203589916 654.531563146 -148.835359088 3.359560243 -0.009889826 0.003464553 -0.646132277 0.763153503
1317401354.307436943 654.732831847 -149.896032577 3.379469590 -0.009503105 0.001826477 -0.645328631 0.763843775
1317401354.411283970 654.911053393 -150.909178707 3.399829604 -0.008772107 -0.000297882 -0.644505940 0.764548923
1317401354.515091896 655.097828948 -151.994238496 3.416221655 -0.008297970 -0.001588612 -0.643077690 0.765754337
1317401354.618902922 655.275734384 -153.022200030 3.427794306 -0.006563040 -0.001856726 -0.641903426 0.766755157
1317401354.722728014 655.484008145 -154.084760422 3.454470033 -0.004866760 -0.001254232 -0.640651472 0.767815364
1317401354.826571941 655.656475210 -155.160083222 3.478547238 -0.004354784 -0.000555469 -0.640182362 0.768210434
1317401354.930418968 655.877000763 -156.231563107 3.497833776 -0.005289750 -0.000125890 -0.639725639 0.768585135
1317401355.034266949 656.100806120 -157.326293323 3.518021500 -0.006670427 0.000100743 -0.639172289 0.769034642
1317401355.138137102 656.286577906 -158.402535071 3.530606284 -0.007581773 0.000692841 -0.639134339 0.769057431
1317401355.242032051 656.512605599 -159.482439453 3.547585067 -0.008160950 0.000988374 -0.639125311 0.769058684
1317401355.345951080 656.724035415 -160.594412073 3.576410160 -0.008670216 -0.000172114 -0.639313820 0.768897027
1317401355.449843884 656.926852309 -161.697976565 3.596610441 -0.009440868 -0.000338213 -0.639438050 0.768784583
1317401355.553739071 657.141459216 -162.813180572 3.615776514 -0.009381256 -0.000135010 -0.639478332 0.768751869
1317401355.657634020 657.362055873 -163.938274989 3.637628426 -0.008691412 0.000681789 -0.639933551 0.768380795
1317401355.761528969 657.562865958 -165.058455396 3.661580071 -0.008558134 0.002096575 -0.640228297 0.768134162
1317401355.865469933 657.772251971 -166.161578157 3.689469746 -0.009371750 0.003674496 -0.640778944 0.767659438
1317401355.969414949 657.987075373 -167.299348539 3.706916362 -0.010290933 0.004727257 -0.641108852 0.767366399
1317401356.073334932 658.201478748 -168.425652719 3.720856774 -0.010659229 0.006004859 -0.641465051 0.767054699
1317401356.177252054 658.411146142 -169.561939703 3.738688233 -0.010375431 0.007018453 -0.641788651 0.766779251
1317401356.281172991 658.637400117 -170.665714910 3.758682858 -0.010249957 0.006495806 -0.641802456 0.766773989
1317401356.385114908 658.826406388 -171.792517084 3.781114414 -0.010380808 0.004466829 -0.642056315 0.766574181
1317401356.489058971 659.054470550 -172.954446552 3.794534640 -0.009987551 0.002152401 -0.642132025 0.766525980
1317401356.592978954 659.244042520 -174.076586584 3.815117282 -0.009177010 0.001242395 -0.642254690 0.766435354
1317401356.696870089 659.446641403 -175.210871258 3.834793074 -0.007708133 0.001668441 -0.642353718 0.766367733
1317401356.800765038 659.663859222 -176.370641415 3.853417792 -0.006093835 0.002842192 -0.642524523 0.766235619
1317401356.904685020 659.860995109 -177.510674566 3.875078300 -0.005129057 0.004281693 -0.642747867 0.766048653
1317401357.008578062 660.090415108 -178.698124732 3.891665234 -0.004390317 0.004328847 -0.642961244 0.765873896
1317401357.112449884 660.295279929 -179.849506276 3.907886355 -0.004456555 0.003100011 -0.642759242 0.766049010
1317401357.216297865 660.503531794 -180.993898453 3.920914965 -0.005087263 0.001299955 -0.642403797 0.766348349
1317401357.320143223 660.714466485 -182.135618267 3.938511389 -0.005971766 0.000075161 -0.642057693 0.766633062
1317401357.423990011 660.921924971 -183.352457699 3.957358334 -0.006975924 -0.000035285 -0.641754652 0.766878284
1317401357.527837038 661.142611858 -184.486244419 3.969783373 -0.007407950 0.001077749 -0.641785754 0.766847447
1317401357.631680965 661.354379445 -185.659751317 3.991611144 -0.007739511 0.003011178 -0.641458133 0.767113092
1317401357.735505104 661.576366445 -186.819874331 4.015023946 -0.009024107 0.003363975 -0.641204106 0.767309940
1317401357.839306355 661.809601504 -188.016761328 4.035650367 -0.010392220 0.003367240 -0.641129280 0.767355139
1317401357.943105936 662.024062438 -189.204925874 4.050200960 -0.010870307 0.004015795 -0.640936290 0.767506600
1317401358.046902895 662.246597775 -190.371133099 4.070589129 -0.010789453 0.005033103 -0.640679973 0.767715720
1317401358.150677919 662.470498828 -191.578160394 4.099028095 -0.010573471 0.005350323 -0.640597911 0.767785056
1317401358.254427910 662.684882677 -192.745712494 4.113124741 -0.010267905 0.006030440 -0.640183942 0.768129367
1317401358.358177900 662.909662644 -193.922306828 4.132584192 -0.008844743 0.006908782 -0.640163284 0.768156891
1317401358.461930037 663.135478090 -195.122680767 4.149475779 -0.007459207 0.007469895 -0.640280105 0.768068974
1317401358.565656900 663.361046098 -196.299295668 4.172429717 -0.006793268 0.007119543 -0.640229352 0.768120785
1317401358.669382095 663.577796651 -197.477095881 4.183239088 -0.006590081 0.006814313 -0.639801621 0.768481634
1317401358.773133039 663.789424783 -198.642759651 4.199265523 -0.006559557 0.006279589 -0.640253156 0.768110301
1317401358.876909971 664.024937293 -199.836051810 4.211486092 -0.006726088 0.005712597 -0.640312079 0.768064169
1317401358.980685711 664.242195287 -201.008859866 4.224840216 -0.006609348 0.005363286 -0.640600659 0.767827029
1317401359.084484100 664.473459427 -202.197275830 4.239352867 -0.005557496 0.005295435 -0.640548137 0.767879650
1317401359.188282013 664.697313937 -203.350086214 4.258298775 -0.005035076 0.005286189 -0.640411750 0.767997067
1317401359.292079926 664.915593818 -204.555297608 4.273698364 -0.004740157 0.005300072 -0.640639112 0.767809200
1317401359.395878077 665.110450610 -205.706230687 4.284701893 -0.004835910 0.006131606 -0.640124582 0.768231434
1317401359.499676943 665.348001438 -206.875731571 4.298767237 -0.005073456 0.006474201 -0.640435953 0.767967535
1317401359.603473902 665.563541450 -208.038380976 4.309132927 -0.005777915 0.006672104 -0.640522844 0.767888394
1317401359.707268953 665.792559538 -209.203094428 4.322141313 -0.007321411 0.007030057 -0.640794430 0.767645409
1317401359.811115026 666.016701123 -210.349778952 4.333670876 -0.008116675 0.006615074 -0.641092436 0.767392239
1317401359.914966106 666.234199700 -211.510662315 4.353164240 -0.008791386 0.006711375 -0.641455657 0.767080380
1317401360.018812895 666.456519911 -212.680850457 4.363670969 -0.008269828 0.007291359 -0.641679790 0.766893404
1317401360.122684956 666.661488777 -213.807706672 4.387527925 -0.007467279 0.008001887 -0.642140024 0.766509230
1317401360.226577997 666.868623070 -214.948958947 4.396624181 -0.007561668 0.008707292 -0.642795158 0.765951296
1317401360.330472946 667.079574055 -216.097042267 4.410915822 -0.007741366 0.008354600 -0.642905905 0.765860476
1317401360.434349060 667.300729985 -217.270966153 4.428607700 -0.008563678 0.007461484 -0.642502817 0.766199138
1317401360.538219929 667.502403351 -218.392616077 4.439342592 -0.008025997 0.006671766 -0.642120080 0.766533022
1317401360.642064095 667.696260971 -219.489558840 4.454095643 -0.006871832 0.007319346 -0.641909367 0.766714790
1317401360.745910883 667.887113276 -220.613415812 4.470030668 -0.005182566 0.007833249 -0.641907133 0.766724862
1317401360.849757910 668.101128616 -221.734014134 4.483799993 -0.004203717 0.007777416 -0.641670376 0.766929573
1317401360.953582048 668.308985943 -222.848177866 4.497508143 -0.004642942 0.007596896 -0.641360285 0.767188188
1317401361.057427883 668.516146731 -223.949177975 4.505665156 -0.004972182 0.006628798 -0.640945450 0.767541704
1317401361.161271095 668.720726430 -225.049383347 4.516855918 -0.005392763 0.005903229 -0.640853573 0.767621500
1317401361.265094042 668.934687206 -226.177091298 4.526008968 -0.005073185 0.005038846 -0.640446235 0.767969721
1317401361.368918896 669.164855294 -227.271728730 4.537323600 -0.003956815 0.004264833 -0.640058100 0.768304486
1317401361.472740889 669.347825822 -228.393234950 4.546972618 -0.003461210 0.004753119 -0.640114015 0.768257428
1317401361.576538086 669.563534007 -229.488581334 4.556137602 -0.002145964 0.005179849 -0.639915907 0.768424489
1317401361.680335760 669.767244942 -230.614740238 4.569527784 -0.001158073 0.006151977 -0.639706236 0.768594004
1317401361.784135818 669.987114483 -231.693397587 4.581121498 -0.000853296 0.006341406 -0.639446731 0.768808778
1317401361.887937069 670.196486865 -232.815601457 4.584202685 -0.000852036 0.005690874 -0.639309856 0.768927692
1317401361.991733074 670.400919093 -233.921301526 4.590771770 -0.001022687 0.004563570 -0.639216180 0.769012876
1317401362.095508337 670.617372178 -235.019449903 4.593417714 -0.001274129 0.003569665 -0.638903425 0.769277614
1317401362.199284077 670.819684361 -236.129275149 4.600926258 -0.000904630 0.002911376 -0.638880365 0.769300062
1317401362.303083658 671.035193493 -237.236225630 4.615171450 -0.000134186 0.002860793 -0.638452496 0.769655902
1317401362.406907082 671.248900531 -238.329780383 4.626918537 -0.000429300 0.002881909 -0.638336135 0.769752226
1317401362.510730028 671.469206453 -239.459725991 4.640245444 -0.001596461 0.001945916 -0.638802675 0.769366497
1317401362.614552975 671.675902579 -240.569247419 4.644131767 -0.002794822 0.002081393 -0.639145560 0.769077896
1317401362.718400002 671.896000298 -241.688516126 4.653649727 -0.003316957 0.003629686 -0.639744562 0.768571870
1317401362.822247028 672.105270035 -242.804059146 4.667156322 -0.003600612 0.005374818 -0.640210417 0.768172356
1317401362.926069021 672.332742326 -243.929240418 4.674451978 -0.004056390 0.006191551 -0.640760656 0.767705016
1317401363.029891729 672.539418015 -245.047394496 4.680752002 -0.004981795 0.007103123 -0.641540005 0.767040514
1317401363.133713007 672.753183413 -246.159454763 4.690446636 -0.006105698 0.007614636 -0.642247340 0.766435315
1317401363.237559080 672.962797184 -247.295441699 4.697614460 -0.007211517 0.007910994 -0.642736262 0.766012734
1317401363.341407061 673.164773036 -248.420209422 4.705736330 -0.007726972 0.007875228 -0.643426335 0.765428524
1317401363.445252895 673.378307515 -249.533732682 4.714878889 -0.007541625 0.008086579 -0.643928357 0.765005884
1317401363.549098969 673.577374970 -250.656265748 4.726682921 -0.006669765 0.007907414 -0.644073526 0.764893640
1317401363.652924061 673.780404980 -251.793849431 4.733116568 -0.005568919 0.007827959 -0.644192547 0.764803028
1317401363.756746054 673.970543236 -252.902694516 4.746469173 -0.004476905 0.007526625 -0.644194913 0.764811233
1317401363.860543966 674.173063215 -254.041666333 4.754657444 -0.003698493 0.007050106 -0.644033453 0.764955900
1317401363.964344025 674.370438175 -255.137196527 4.766174253 -0.002949014 0.006444320 -0.644010018 0.764984229
1317401364.068144083 674.574359877 -256.289727097 4.769684079 -0.002498200 0.006920741 -0.643820543 0.765141145
1317401364.171916008 674.762253158 -257.412507715 4.771186708 -0.001860532 0.007825441 -0.644036868 0.764952164
1317401364.275716066 674.962869127 -258.524781219 4.784372083 -0.001440678 0.008029376 -0.643958213 0.765017172
1317401364.379517078 675.170955602 -259.675230728 4.786130195 -0.002495299 0.007370580 -0.644062861 0.764932990
1317401364.483289957 675.377242167 -260.805672368 4.791475797 -0.003326200 0.006393556 -0.644023137 0.764972064
1317401364.587063074 675.567419161 -261.920898375 4.800500318 -0.004023138 0.006259977 -0.644007815 0.764982719
1317401364.690862894 675.775280138 -263.035783582 4.808002981 -0.004128399 0.006577773 -0.643893512 0.765075705
1317401364.794684887 675.979494202 -264.181872010 4.815165380 -0.003668083 0.007594153 -0.643872833 0.765086040
1317401364.898508072 676.179259606 -265.308893580 4.824353183 -0.003652339 0.008507873 -0.643770156 0.765162899
1317401365.002305984 676.381621866 -266.406254818 4.833118124 -0.004495846 0.008912110 -0.643326877 0.765526545
1317401365.106105089 676.581375303 -267.526945503 4.839147833 -0.005344362 0.009022635 -0.642990985 0.765801948
1317401365.209902048 676.779587511 -268.644120742 4.842742313 -0.005977516 0.009487125 -0.642534486 0.766174718
1317401365.313678026 676.987417531 -269.745556484 4.846459625 -0.006200970 0.009992194 -0.642139817 0.766497331
1317401365.417476892 677.194142818 -270.856206847 4.852544467 -0.006182805 0.010239985 -0.641884392 0.766708121
1317401365.521275043 677.395331675 -271.960260838 4.862104446 -0.005904140 0.010313699 -0.641464538 0.767060634
1317401365.625029087 677.595958915 -273.048065514 4.863507539 -0.004947534 0.010085224 -0.641055537 0.767412281
1317401365.728779078 677.802524331 -274.141212159 4.872196524 -0.004126328 0.010337080 -0.640479903 0.767894271
1317401365.832552910 678.011072688 -275.275605159 4.876940702 -0.002916262 0.010713306 -0.640011942 0.768284736
1317401365.936326981 678.227417589 -276.381678195 4.882197509 -0.002271167 0.010726665 -0.639682396 0.768561131
1317401366.040102959 678.421834655 -277.466014423 4.884138999 -0.002337667 0.010245775 -0.639115504 0.769038966
1317401366.143878937 678.637233052 -278.591022429 4.879790097 -0.002173633 0.009557016 -0.638900091 0.769227282
1317401366.247678041 678.848734190 -279.682690690 4.878872905 -0.001541241 0.008947760 -0.638461232 0.769600427
1317401366.351476908 679.054611710 -280.779510266 4.884538995 -0.000661120 0.007165871 -0.638122134 0.769901523
1317401366.455275059 679.264645790 -281.895330054 4.892538157 0.000034956 0.006196497 -0.637831711 0.770150836
1317401366.559074163 679.484700055 -282.989768353 4.893761563 0.000881163 0.005798355 -0.637681171 0.770278084
1317401366.662873030 679.691767831 -284.077969212 4.898001664 0.000818109 0.006542067 -0.637375089 0.770525488
1317401366.766671896 679.911908980 -285.173279668 4.897570648 0.000838171 0.007075184 -0.637507245 0.770411417
1317401366.870493889 680.134846699 -286.276803723 4.897604500 -0.000434640 0.007647036 -0.637643473 0.770293538
1317401366.974363089 680.335326743 -287.344056977 4.900609804 -0.001730203 0.007611044 -0.637715764 0.770232226
1317401367.078211069 680.565837679 -288.467594155 4.899867536 -0.002152480 0.007947624 -0.637973302 0.770014460
1317401367.182033062 680.772123492 -289.542988733 4.899955079 -0.001483465 0.008753398 -0.638343459 0.769700465
1317401367.285856009 680.992534657 -290.629870408 4.908292944 -0.001176281 0.009134134 -0.638739401 0.769368027
1317401367.389702797 681.198935930 -291.726645226 4.912578501 -0.001954388 0.008737208 -0.639199679 0.768988694
1317401367.493549109 681.413920718 -292.828178549 4.911782023 -0.003087922 0.008353704 -0.639340978 0.768871767
1317401367.597373009 681.617767645 -293.919667178 4.910181559 -0.004145430 0.008707206 -0.640159572 0.768181438
1317401367.701220751 681.832056120 -295.010107868 4.911249905 -0.003733634 0.009197181 -0.640582679 0.767825047
1317401367.805067062 682.022419691 -296.068671656 4.913204799 -0.002211030 0.009812563 -0.640803602 0.767638957
1317401367.908937931 682.233477613 -297.145863065 4.919451445 -0.001466755 0.009982434 -0.641202050 0.767305761
1317401368.012833118 682.438183236 -298.224815435 4.923409238 -0.000825394 0.009540170 -0.641709825 0.766887739
1317401368.116703033 682.639288722 -299.318594939 4.920990904 -0.000752490 0.009516244 -0.642113754 0.766549934
1317401368.220571995 682.841501750 -300.396859979 4.921150855 -0.000082101 0.009816509 -0.642849725 0.765929410
1317401368.324443102 683.033660137 -301.491329131 4.913765436 0.000456921 0.010045487 -0.643244323 0.765594945
1317401368.428316116 683.232268122 -302.565826189 4.916941077 0.000828744 0.009303466 -0.643776660 0.765156436
1317401368.532162905 683.416793962 -303.588326372 4.914894770 0.000489027 0.007921459 -0.644104916 0.764895986
1317401368.635984898 683.612811177 -304.711932018 4.912358061 0.000759351 0.006397751 -0.644254520 0.764784026
1317401368.739815950 683.789139415 -305.749134016 4.919414788 0.001264532 0.005540616 -0.644575628 0.764519432
1317401368.843661070 683.963899041 -306.772374305 4.915251859 0.001784423 0.005873658 -0.644839528 0.764293333
1317401368.947520018 684.176398928 -307.977615791 4.921750761 0.002203056 0.006533455 -0.644760309 0.764353717
1317401369.051392078 684.357848230 -308.971027209 4.916933001 0.001945107 0.007362564 -0.645036106 0.764114148
1317401369.155262947 684.538378387 -310.083181682 4.919894620 0.001226833 0.008202705 -0.645088687 0.764062691
1317401369.259135962 684.728355423 -311.127277810 4.918449184 0.000210041 0.008839401 -0.645286773 0.763889260
1317401369.363006115 684.931886576 -312.252275540 4.916881150 -0.000610062 0.008862196 -0.645400396 0.763792785
1317401369.466852903 685.123116395 -313.318541242 4.921558983 -0.001273669 0.008602409 -0.645487804 0.763721069
1317401369.570702076 685.297412421 -314.342584820 4.919501146 -0.001683347 0.008695522 -0.645705007 0.763535590
1317401369.674576998 685.490548694 -315.454598798 4.916462234 -0.001285654 0.009192916 -0.645835032 0.763420558
1317401369.778424025 685.674515331 -316.495911964 4.921985197 -0.000966249 0.010055834 -0.645959354 0.763304959
1317401369.882241011 685.866126282 -317.578023935 4.920112616 -0.000464424 0.011037554 -0.645877399 0.763361213
1317401369.986062050 686.050356520 -318.632240816 4.915239871 0.000066818 0.012114039 -0.645792473 0.763416876
1317401370.089885950 686.221487477 -319.657126870 4.918874504 0.000229588 0.012350195 -0.645973223 0.763260123
1317401370.193708897 686.399931554 -320.671312470 4.923632861 -0.000384943 0.010732500 -0.646133545 0.763148811
1317401370.297530890 686.582537520 -321.724729574 4.916062864 -0.001024879 0.009454063 -0.646183854 0.763122531
1317401370.401328087 686.765927854 -322.807734734 4.904964403 0.000186255 0.008563424 -0.646170273 0.763145210
1317401370.505129099 686.938883556 -323.804352067 4.909305044 0.001508909 0.008652912 -0.646160654 0.763150876
1317401370.608952999 687.122871294 -324.872658871 4.909260005 0.002457754 0.008802827 -0.646179769 0.763130511
1317401370.712774992 687.309359209 -325.946369909 4.904755589 0.002959286 0.009332394 -0.646203652 0.763102214
1317401370.816572905 687.477862974 -326.948501105 4.908537046 0.003596195 0.008858513 -0.646283961 0.763037113
1317401370.920371056 687.660925072 -328.024368514 4.906557779 0.003460620 0.008101193 -0.646350859 0.762989490
1317401371.024168968 687.824358006 -329.007599608 4.900112557 0.004117414 0.007395978 -0.646237908 0.763089060
1317401371.127943993 688.003307319 -330.020508770 4.897107579 0.005019084 0.007511146 -0.646208365 0.763107555
1317401371.231720924 688.184022766 -331.058435894 4.895690259 0.005666348 0.007297303 -0.645966515 0.763309834
1317401371.335496902 688.356385582 -332.082707104 4.895789628 0.005436581 0.006959186 -0.645718314 0.763524638
1317401371.439271927 688.529375250 -333.072709991 4.891139457 0.004795970 0.007125930 -0.645206620 0.763959840
1317401371.543023109 688.713677999 -334.124341270 4.892416621 0.004096092 0.006611456 -0.644185486 0.764829766
1317401371.646750927 688.891666129 -335.115320732 4.886825801 0.003754595 0.005779051 -0.642422623 0.766319567
1317401371.750502110 689.063211408 -336.083963648 4.881761677 0.004626363 0.005322536 -0.639781550 0.768524454
1317401371.854249001 689.250785792 -337.071237652 4.880474108 0.005659768 0.006088995 -0.635817786 0.771794425
1317401371.957974672 689.430682766 -338.019022755 4.883388634 0.007366863 0.005938618 -0.631119195 0.775628148
1317401372.061702967 689.647636214 -339.018410169 4.884297594 0.006870070 0.006168433 -0.625419524 0.780234050
1317401372.165406942 689.889904955 -340.071448971 4.874842142 0.007457949 0.005620938 -0.618808033 0.785486729
1317401372.269084930 690.117200427 -340.956517442 4.870409907 0.008001932 0.005966551 -0.611606319 0.791099286
1317401372.372765303 690.354023085 -341.896608078 4.867557755 0.009288849 0.006427286 -0.602966020 0.797686898
1317401372.476466894 690.634453739 -342.839156016 4.864119748 0.009948218 0.006955488 -0.594414153 0.804067453
1317401372.580168962 690.920882522 -343.783484833 4.853550223 0.010695764 0.007846427 -0.584881547 0.811010241
1317401372.683871984 691.227483892 -344.656245838 4.851570293 0.010837238 0.009021415 -0.575387784 0.817759174
1317401372.787600040 691.551744318 -345.536749900 4.842781419 0.010794692 0.009025535 -0.565325204 0.824748100
1317401372.891302109 691.912696965 -346.478625341 4.829030673 0.009933799 0.009029192 -0.554632406 0.831987192
1317401372.994978905 692.273906215 -347.299907567 4.812695441 0.010054593 0.008813642 -0.543682314 0.839184584
1317401373.098656654 692.685209981 -348.172813266 4.802491330 0.010014768 0.010041192 -0.533316375 0.845796975
1317401373.202358961 693.092263977 -349.009591200 4.783046124 0.009881533 0.011237397 -0.522744130 0.852358288
1317401373.306087017 693.546615811 -349.924504849 4.772131091 0.010252023 0.012007473 -0.511657181 0.859044612
1317401373.409816027 693.994718497 -350.633013901 4.760670946 0.010123961 0.012219774 -0.502496195 0.864433778
1317401373.513544083 694.487179952 -351.529002787 4.739613592 0.009616374 0.012296876 -0.492295858 0.870287941
1317401373.617317915 694.962565540 -352.295331927 4.725441520 0.008924091 0.012489216 -0.482152943 0.875952578
1317401373.721138954 695.489018411 -353.101378905 4.704142128 0.008007971 0.013161156 -0.473042126 0.880905105
1317401373.824961901 696.023780995 -353.883497648 4.681212247 0.007318935 0.013907415 -0.464777851 0.885287844
1317401373.928785801 696.564744411 -354.673506564 4.661531935 0.007173873 0.015593777 -0.457316375 0.889138405
1317401374.032633066 697.134998484 -355.470631328 4.637503220 0.007431560 0.017305022 -0.450330870 0.892663103
1317401374.136502981 697.700161727 -356.242381657 4.625261522 0.007495954 0.018825402 -0.443570972 0.896010160
1317401374.240374088 698.296499457 -357.014646549 4.601413865 0.006822167 0.019055225 -0.437609509 0.898937302
1317401374.344296932 698.888306675 -357.766668920 4.571091911 0.004799719 0.019545836 -0.432675088 0.901325242
1317401374.448262930 699.469165805 -358.475303967 4.538349921 0.003276427 0.020268994 -0.429472105 0.902846689
1317401374.552273989 700.105369350 -359.234745686 4.514993727 0.002099421 0.021342936 -0.427864550 0.903588401
1317401374.656311989 700.674150876 -359.974093262 4.481453124 0.000827563 0.021838375 -0.426807456 0.904078424
1317401374.760349989 701.303818335 -360.758211742 4.456044518 0.000733226 0.021836584 -0.427641859 0.903684163
1317401374.864413023 701.936865651 -361.502193542 4.429802578 0.000956413 0.022227759 -0.428208168 0.903406208
1317401374.968498945 702.517308935 -362.221586813 4.410533845 -0.000007451 0.022365630 -0.430040224 0.902532650
1317401375.072609901 703.122632532 -362.977698452 4.380610094 -0.001420327 0.022216167 -0.431991233 0.901603016
1317401375.176721096 703.749278590 -363.706887576 4.357518939 -0.002885718 0.022729977 -0.436498318 0.899413275
1317401375.280879021 704.333737897 -364.481405249 4.322539081 -0.004197054 0.023969497 -0.441792204 0.896787319
1317401375.385061979 704.906970370 -365.246487787 4.306022360 -0.004718135 0.025058223 -0.448645670 0.893345894
1317401375.489244938 705.516504680 -365.949702834 4.278487269 -0.005662515 0.025404135 -0.457202147 0.888981869
1317401375.593431950 706.064724665 -366.768358147 4.252697437 -0.006215637 0.026070009 -0.465467394 0.884659158
1317401375.697614908 706.632284683 -367.547524469 4.227037911 -0.006864557 0.025958818 -0.474394732 0.879902640
1317401375.801769972 707.159197205 -368.312630249 4.209842074 -0.007806667 0.023921256 -0.484047731 0.874679726
1317401375.905904055 707.680215291 -369.072120757 4.186499193 -0.009774119 0.020663816 -0.493827023 0.869259653
1317401376.010062933 708.177154740 -369.899190157 4.173071183 -0.011564651 0.017352451 -0.503748609 0.863598570
1317401376.114223003 708.633323769 -370.712711966 4.143547605 -0.012052185 0.016657818 -0.514896560 0.857005715
1317401376.218354940 709.067172191 -371.524476769 4.121371599 -0.009676466 0.018660390 -0.525709919 0.850404161
1317401376.322476149 709.485750289 -372.360500585 4.124814352 -0.005652589 0.021367450 -0.536574165 0.843563658
1317401376.426565886 709.859384959 -373.174601069 4.138556785 -0.003115941 0.021456711 -0.547282496 0.836667060
1317401376.530622005 710.263163202 -374.040199499 4.123692091 -0.004501828 0.019731558 -0.558081136 0.829539538
1317401376.634685040 710.604707328 -374.885220502 4.109457984 -0.005614670 0.016857683 -0.568269951 0.822650325
1317401376.738744020 710.959084866 -375.760659011 4.089970079 -0.006651443 0.015256720 -0.578982450 0.815170113
1317401376.842782974 711.238152702 -376.629838573 4.081214901 -0.006540081 0.014325174 -0.588995272 0.807983036
1317401376.946798086 711.540345346 -377.520526686 4.075193730 -0.006478279 0.014461731 -0.599025523 0.800573116
1317401377.050787926 711.813534736 -378.443028963 4.065959531 -0.006022089 0.013581015 -0.608703847 0.793258418
1317401377.154752970 712.051349912 -379.319337478 4.066008026 -0.005228073 0.011740013 -0.617589278 0.786395780
1317401377.258696079 712.274500910 -380.277991315 4.066065138 -0.004558182 0.009500153 -0.625758380 0.779945780
1317401377.362616062 712.485075809 -381.161301280 4.066409931 -0.003994426 0.008044391 -0.633320845 0.773837218
1317401377.466511011 712.672528555 -382.103483607 4.063545073 -0.003077362 0.007558860 -0.640306429 0.768076214
1317401377.570406914 712.845959069 -383.040687637 4.069255818 -0.002402873 0.007387188 -0.646845447 0.762581552
1317401377.674278975 713.012847801 -384.029957698 4.075952739 -0.002508951 0.006855564 -0.653177455 0.757169676
1317401377.778100014 713.158923062 -384.982894756 4.069148563 -0.002956430 0.006718582 -0.658960097 0.752142081
1317401377.881922960 713.286739658 -385.933491219 4.066226463 -0.002508783 0.006029202 -0.663870316 0.747819202
1317401377.985718966 713.400862672 -386.888986388 4.078249345 -0.001789295 0.005501966 -0.668192529 0.743965907
1317401378.089490891 713.496329794 -387.901100729 4.069911058 -0.001371129 0.005275987 -0.671662313 0.740837379
1317401378.193268061 713.614133564 -388.895639226 4.085972112 0.000869551 0.004515358 -0.675118405 0.737695055
1317401378.297044039 713.696593530 -389.889601526 4.073195870 0.001750564 0.004938843 -0.677639069 0.735375982
1317401378.400815964 713.788069842 -390.881961719 4.087594878 0.003074930 0.005495864 -0.680110859 0.733082233
1317401378.504569054 713.865727503 -391.894123862 4.073052858 0.004556136 0.006669926 -0.682313726 0.731014865
1317401378.608293772 713.925562508 -392.907066913 4.076643498 0.006003951 0.007164480 -0.683916487 0.729500419
1317401378.712020874 714.004768646 -393.946127458 4.066486369 0.007521370 0.007045168 -0.685359274 0.728132172
1317401378.815773010 714.072403142 -394.973383627 4.064751091 0.009321974 0.005906861 -0.686182293 0.727345908
1317401378.919548273 714.135948403 -396.020359582 4.049625347 0.011044158 0.004369472 -0.687205370 0.726366102
1317401379.023322105 714.199818017 -397.067291372 4.051420613 0.010871642 0.002855479 -0.687817794 0.725796346
1317401379.127094030 714.254747588 -398.125198004 4.040267573 0.007934768 0.002685175 -0.688643887 0.725051327
1317401379.230871916 714.323941600 -399.187401172 4.033814863 0.004702495 0.003324195 -0.689568944 0.724197147
1317401379.334671021 714.385600544 -400.229602708 4.027014246 0.001588795 0.005711123 -0.690477909 0.723329189
1317401379.438467979 714.444717543 -401.266230144 4.024205748 -0.001348484 0.009210577 -0.691515517 0.722301624
1317401379.542243004 714.499090388 -402.315558961 4.012783516 -0.003090300 0.012469405 -0.692572574 0.721233799
1317401379.646015882 714.550418974 -403.365577969 4.024962051 -0.004383792 0.013754324 -0.694036487 0.719795079
1317401379.749816179 714.587108932 -404.401706304 4.016278140 -0.007199376 0.014468922 -0.695842994 0.718012080
1317401379.853615761 714.646413476 -405.452915127 4.017665866 -0.009113285 0.014762596 -0.697520439 0.716354836
1317401379.957391024 714.681837457 -406.468330806 4.019524303 -0.010838256 0.015466467 -0.699224513 0.714652644
1317401380.061192036 714.713678962 -407.488764016 4.012073968 -0.010339433 0.016654330 -0.700968489 0.712922792
1317401380.165014029 714.738925599 -408.497701756 4.023029638 -0.009824078 0.019557408 -0.703093960 0.710760071
1317401380.268886089 714.753419790 -409.458120601 4.020177638 -0.010104628 0.022183877 -0.706316847 0.707475995
1317401380.372802973 714.752818499 -410.417072710 4.036532581 -0.011044563 0.023172843 -0.710368918 0.703361243
1317401380.476770163 714.758235429 -411.328553163 4.035611984 -0.011982597 0.024251591 -0.715185500 0.698411038
1317401380.580836058 714.739316812 -412.245622247 4.027712522 -0.012875275 0.026296495 -0.721833066 0.691447573
1317401380.684945107 714.697060239 -413.083772364 4.034188420 -0.013008801 0.026300811 -0.729825076 0.683003950
1317401380.789103031 714.645584254 -413.909203981 4.047642160 -0.012466203 0.024836862 -0.738964218 0.673171307
1317401380.893357992 714.564153185 -414.719159752 4.034890198 -0.011905826 0.023950569 -0.750166890 0.660707392
1317401380.997636080 714.460742250 -415.446797745 4.057192660 -0.009832781 0.023115654 -0.762267919 0.646773996
1317401381.101914883 714.342878534 -416.165627268 4.050270474 -0.006975056 0.022763477 -0.774825874 0.631726236
1317401381.206242085 714.215312969 -416.864645014 4.074910377 -0.005252178 0.022335035 -0.788293767 0.614871123
1317401381.310544968 714.025618600 -417.562743529 4.071565546 -0.004853754 0.021017995 -0.802166463 0.596710692
1317401381.414823055 713.837449748 -418.191755441 4.093188345 -0.005809488 0.019852753 -0.815240435 0.578753100
1317401381.519124031 713.616892052 -418.831093586 4.097714252 -0.009464867 0.019350323 -0.828468605 0.559621079
1317401381.623429060 713.443827021 -419.446223915 4.094201564 -0.014232598 0.020541281 -0.842492732 0.538127759
1317401381.727732897 713.140469691 -420.010745682 4.081840233 -0.017300368 0.020293807 -0.855243753 0.517539352
1317401381.832011938 712.889177626 -420.570670055 4.090154630 0.017900357 -0.018172646 0.868605746 -0.494846834
1317401381.936266899 712.535019789 -421.166115534 4.106325917 0.018564088 -0.016161890 0.881436449 -0.471660847
1317401382.040518999 712.204593440 -421.658838807 4.122561171 0.018528738 -0.013772630 0.893616843 -0.448236476
1317401382.144722939 711.831815721 -422.163600914 4.137550369 0.016994708 -0.011313552 0.905078981 -0.424753131
1317401382.248883009 711.417165008 -422.627147768 4.165373826 0.014296362 -0.009894932 0.915302155 -0.402392432
1317401382.353018999 710.994913355 -423.087291807 4.192265770 0.011580478 -0.008434886 0.925377718 -0.378775427
1317401382.457130909 710.569863799 -423.527360731 4.217852518 0.010220456 -0.007323484 0.934781696 -0.355000125
1317401382.561242104 710.099048424 -423.952305426 4.240348443 0.010243811 -0.006139307 0.943413325 -0.331404091
1317401382.665328026 709.632426412 -424.351701180 4.262735431 0.011599606 -0.006093841 0.951538359 -0.307250819
1317401382.769391060 709.099514072 -424.729260231 4.271587609 0.013112164 -0.005839953 0.958772273 -0.283812781
1317401382.873431921 708.561087541 -425.080214512 4.288128597 0.013606347 -0.004132460 0.965372663 -0.260486873
1317401382.977472067 708.001786805 -425.403739785 4.315725145 0.013626888 -0.003127846 0.971163269 -0.238005103
1317401383.081484079 707.412144108 -425.711487889 4.338131697 0.014358585 -0.003689327 0.976426413 -0.215340845
1317401383.185451031 706.809899456 -425.980469283 4.360862975 0.015912071 -0.005211773 0.980973632 -0.193417624
1317401383.289393902 706.179360085 -426.261874585 4.383088897 0.017780901 -0.005572014 0.984709021 -0.173207781
1317401383.393285036 705.529363549 -426.495181376 4.403937744 0.019211618 -0.004300803 0.987839963 -0.154222646
1317401383.497107983 704.877534536 -426.709757839 4.434949874 0.019229770 -0.001019042 0.990430534 -0.136662122
1317401383.600860119 704.217192995 -426.903415938 4.472861303 0.017478043 0.001007760 0.992329026 -0.122378944
1317401383.704545975 703.539174396 -427.064067563 4.506510450 0.015781221 0.001479808 0.993702064 -0.110927777
1317401383.808178902 702.873785526 -427.235469220 4.535667232 0.014047173 0.002250643 0.994757772 -0.101264934
1317401383.911827087 702.202828672 -427.381094582 4.575522326 0.012820347 0.004039552 0.995451327 -0.094318489
1317401384.015501976 701.535982374 -427.507987655 4.606867194 0.012038665 0.004790522 0.995961986 -0.088836049
1317401384.119182110 700.859551245 -427.606090932 4.636619041 0.011104940 0.004998427 0.996286427 -0.085235268
1317401384.222862005 700.190472450 -427.743264150 4.661736745 0.011155189 0.004277852 0.996587556 -0.081673161
1317401384.326540947 699.536040250 -427.841863253 4.689245205 0.011974542 0.003710669 0.996780280 -0.079195420
1317401384.430242062 698.875559284 -427.944842176 4.702982212 0.012768482 0.003125438 0.996972065 -0.076641362
1317401384.533946037 698.230410771 -428.064673715 4.734378382 0.014021050 0.004700087 0.997048608 -0.075335208
1317401384.637650013 697.570391451 -428.160988814 4.759890150 0.015157548 0.005703365 0.997108798 -0.074241263
1317401384.741398096 696.911994280 -428.298387941 4.796318698 0.015536090 0.007300876 0.997215496 -0.072571211
1317401384.845171928 696.259062909 -428.372306807 4.816693208 0.015329956 0.006888326 0.997272624 -0.071866945
1317401384.948949099 695.599180849 -428.467395663 4.851461181 0.014535081 0.007002087 0.997323573 -0.071311943
1317401385.052747965 694.963787156 -428.569141342 4.869863594 0.012848662 0.006894319 0.997396983 -0.070616132
1317401385.156570911 694.312351406 -428.649641448 4.915170447 0.011857911 0.007541236 0.997442332 -0.070080770
1317401385.260416985 693.679017946 -428.742100086 4.936631750 0.011450970 0.007182566 0.997453890 -0.070021592
1317401385.364286900 693.045241145 -428.837075857 4.964094039 0.011237734 0.007552192 0.997456874 -0.069974719
1317401385.468182087 692.397057188 -428.935321684 4.993918897 0.011060883 0.008067133 0.997414631 -0.070545247
1317401385.572102070 691.745693812 -429.027238076 5.017471769 0.010378308 0.007861215 0.997362837 -0.071399328
1317401385.676022053 691.136538589 -429.129289705 5.036669057 0.010725036 0.007004963 0.997301716 -0.072285486
1317401385.779959917 690.495060429 -429.229248357 5.061244307 0.011482972 0.006877697 0.997229161 -0.073176764
1317401385.883930922 689.867650054 -429.307212779 5.082065992 0.011779087 0.008470387 0.997134762 -0.074241313
1317401385.987921000 689.247865535 -429.406360968 5.114671280 0.012583187 0.010161000 0.997101517 -0.074343680
1317401386.091932058 688.618923831 -429.498823168 5.140187769 0.013342046 0.010298683 0.997076075 -0.074533394
1317401386.195924044 687.993141220 -429.596284722 5.156142215 0.012847616 0.009737681 0.997056343 -0.074958425
1317401386.299913883 687.384479098 -429.694017550 5.182708712 0.012415955 0.009998893 0.997026998 -0.075385883
1317401386.403930902 686.753809513 -429.782599896 5.204374682 0.011761444 0.011113412 0.997024853 -0.075363141
1317401386.507946968 686.133886385 -429.892566756 5.239675824 0.011546141 0.011488781 0.997002199 -0.075639338
1317401386.611963987 685.509530048 -429.987110803 5.268773697 0.012188045 0.011100280 0.996962094 -0.076123711
1317401386.716028929 684.885468760 -430.089886955 5.288488943 0.013182231 0.011252815 0.996935449 -0.076284421
1317401386.819967985 684.271559553 -430.184314478 5.310117755 0.015259874 0.013047789 0.996832760 -0.076950245
1317401386.923836946 683.655596388 -430.280740843 5.333811162 0.016348434 0.015583616 0.996721607 -0.077691171
1317401387.027780056 683.003894426 -430.388454494 5.361701410 0.015562905 0.016307622 0.996611299 -0.079106106
1317401387.131725073 682.394155867 -430.485733438 5.390693939 0.014809916 0.015640716 0.996520032 -0.080522423
1317401387.235667944 681.742814953 -430.595501977 5.411714411 0.012972865 0.015488336 0.996422507 -0.082060972
1317401387.339586020 681.106415129 -430.701009817 5.443389016 0.011039667 0.016061215 0.996303238 -0.083666124
1317401387.443504095 680.486703897 -430.810429569 5.476388258 0.010380133 0.016796756 0.996114193 -0.085829111
1317401387.547446966 679.857899755 -430.923896854 5.508538299 0.010386244 0.016180151 0.995934794 -0.088001220
1317401387.651391029 679.200175476 -431.040700394 5.533001978 0.011222102 0.014822491 0.995774782 -0.089927421
1317401387.755309105 678.560523720 -431.163251414 5.552773530 0.011956353 0.014478600 0.995576178 -0.092062427
1317401387.859226227 677.940403498 -431.288762867 5.569604231 0.012162406 0.014638861 0.995350747 -0.094417528
1317401387.963143826 677.302438555 -431.409098097 5.601528739 0.012221620 0.014566249 0.995151541 -0.096498019
1317401388.067061901 676.657293178 -431.536347878 5.624217012 0.013166435 0.014942915 0.994886388 -0.099017323
1317401388.170980930 676.016896115 -431.670890364 5.656678871 0.014002346 0.015734920 0.994618784 -0.101438759
1317401388.274926901 675.368644442 -431.800450700 5.677708500 0.014975210 0.016053844 0.994388139 -0.103490317
1317401388.378917933 674.727215593 -431.949877818 5.704390538 0.014923789 0.015405079 0.994205372 -0.105335856
1317401388.482933044 674.077871843 -432.086762579 5.727798173 0.014120131 0.013953958 0.994151827 -0.106151088
1317401388.586971998 673.436016755 -432.225844042 5.760624479 0.013951878 0.013335937 0.994261768 -0.105218979
1317401388.691031694 672.763116571 -432.365016788 5.792882578 0.015398864 0.013036991 0.994461717 -0.103144588
1317401388.795094013 672.084019620 -432.520541123 5.815326692 0.015891438 0.012884530 0.994716541 -0.100600471
1317401388.899179935 671.416111829 -432.663755820 5.844151655 0.015987058 0.012217067 0.995011778 -0.097707317
1317401389.003266096 670.726826205 -432.797005907 5.869373587 0.015859300 0.011825164 0.995401063 -0.093730320
1317401389.107331038 670.020794544 -432.940275685 5.899805529 0.016184339 0.011937324 0.995824746 -0.089042923
1317401389.211393118 669.292922345 -433.067081994 5.938183010 0.017876143 0.011427024 0.996186837 -0.084626551
1317401389.315429926 668.558201644 -433.205521346 5.961146028 0.019489669 0.011242395 0.996500676 -0.080499471
1317401389.419445038 667.802753735 -433.325804596 5.992941946 0.019992721 0.010741966 0.996794720 -0.076714974
1317401389.523437023 667.034326348 -433.453809370 6.021080752 0.019329864 0.010912296 0.997086697 -0.072975313
1317401389.627404690 666.267565827 -433.568771928 6.065424820 0.018529502 0.010856851 0.997314896 -0.070012751
1317401389.731370926 665.477968744 -433.679785007 6.098594541 0.018156650 0.010555804 0.997551167 -0.066712677
1317401389.835339069 664.664075278 -433.790670768 6.136962632 0.017724250 0.010570433 0.997753942 -0.063727454
1317401389.939284086 663.856848862 -433.898311248 6.171755473 0.017300228 0.010910341 0.997945218 -0.060720743
1317401390.043200970 663.034528101 -434.010937695 6.208554252 0.016560380 0.010908641 0.998137962 -0.057683305
1317401390.147140980 662.191408938 -434.101026778 6.247393727 0.015982185 0.011144836 0.998344676 -0.054113495
1317401390.251107931 661.345843471 -434.202512028 6.279365185 0.015777116 0.010688612 0.998547959 -0.050386599
1317401390.355099916 660.486860719 -434.294745315 6.318342516 0.015492135 0.011599395 0.998758171 -0.045908215
1317401390.459115028 659.634705342 -434.380105131 6.353436115 0.014900406 0.010959889 0.998949961 -0.041914605
1317401390.563127995 658.748046780 -434.451472184 6.392787105 0.013686394 0.010931653 0.999160271 -0.037039641
1317401390.667120934 657.887189001 -434.520912626 6.429320365 0.012573491 0.011199268 0.999326357 -0.032608517
1317401390.771111965 657.022286329 -434.577702258 6.471306067 0.011182294 0.011109708 0.999479377 -0.028151465
1317401390.875124931 656.169049205 -434.608417991 6.501030789 0.009556437 0.010215467 0.999638252 -0.022971378
1317401390.979162931 655.342120390 -434.648327729 6.529502655 0.008416096 0.008656175 0.999776298 -0.017366471
1317401391.083275080 654.497946213 -434.702233826 6.559415617 0.009107277 0.007436633 0.999881062 -0.009980768
1317401391.187433958 653.600234562 -434.715373172 6.592957340 0.013191430 0.004535311 0.999902670 -0.000258919
1317401391.291591883 652.728920593 -434.726886910 6.606377421 0.018737198 0.003075135 0.999763640 0.010588890
1317401391.395751953 651.869992127 -434.678219271 6.639833836 0.023345632 0.004401906 0.999466999 0.022390248
1317401391.499910116 651.001951565 -434.658653050 6.681928523 0.025655165 0.006581552 0.999052353 0.034538273
1317401391.604046106 650.122475062 -434.591234387 6.733922026 0.026007752 0.007785379 0.998542685 0.046642162
1317401391.708157301 649.256159713 -434.510446749 6.781634511 0.025085650 0.008743429 0.997837103 0.060128021
1317401391.812242031 648.312398874 -434.422071765 6.841551647 0.022502864 0.009967734 0.997055122 0.072631598
1317401391.916302919 647.267181752 -434.351332482 6.901467782 0.020194001 0.009710678 0.995970002 0.086842730
1317401392.020368099 646.428757023 -434.198332420 6.947950650 0.019874256 0.009840597 0.994581141 0.101570327
1317401392.124408007 645.589031968 -434.029534542 6.995676591 0.020506747 0.009290714 0.993134993 0.114786940
1317401392.228420973 644.662745466 -433.845326406 7.040139511 0.021275063 0.008296253 0.991671953 0.126748893
1317401392.332434893 643.888690035 -433.626053591 7.077439574 0.021009890 0.008704486 0.990041321 0.138928033
1317401392.436400890 643.038364288 -433.389653939 7.126870375 0.019780218 0.010797427 0.988494702 0.149567322
1317401392.540321112 642.184936196 -433.122415726 7.178128571 0.017184263 0.012800385 0.986734169 0.160923990
1317401392.644217968 641.353513250 -432.872452646 7.211549048 0.013538536 0.013397173 0.985500976 0.168597304
1317401392.748039961 640.573407921 -432.567934967 7.241900875 0.010515905 0.015212809 0.984271074 0.175694162
1317401392.851814032 639.723058498 -432.294368036 7.286905838 0.010067511 0.017320608 0.983210754 0.181370493
1317401392.955563068 638.982944701 -431.982233529 7.310767340 0.012261742 0.016942655 0.981974921 0.187850607
1317401393.059290886 638.257368975 -431.673215148 7.331277583 0.013546926 0.016927703 0.981098749 0.192289311
1317401393.163042068 637.408643897 -431.341937959 7.349636802 0.012465352 0.016353260 0.980233347 0.196773400
1317401393.266817093 636.629559035 -431.027454747 7.375562263 0.010508801 0.016783250 0.979259432 0.201640404
1317401393.370568991 635.840290463 -430.684128960 7.407791159 0.010562707 0.016593330 0.978234912 0.206566085
1317401393.474319935 635.097112271 -430.377652799 7.432869863 0.012535168 0.016147206 0.977255656 0.211077047
1317401393.578093052 634.377677925 -430.035676627 7.452049649 0.014910989 0.014809385 0.976317902 0.215317669
1317401393.681893110 633.618174420 -429.680153540 7.484073259 0.018179572 0.012040387 0.975349636 0.219585110
1317401393.785691977 632.857189354 -429.349234383 7.507385981 0.021468807 0.008232216 0.974232133 0.224372617
1317401393.889466047 632.068593193 -428.983838781 7.535640673 0.022908530 0.005845776 0.973102089 0.229157918
1317401393.993266106 631.360242211 -428.611689776 7.565604477 0.021990837 0.005443554 0.972114881 0.233408290
1317401394.097090006 630.567169482 -428.241952726 7.624166745 0.019662662 0.005594454 0.971091370 0.237831100
1317401394.200887918 629.853014856 -427.867535823 7.662945542 0.017630164 0.004726837 0.970445979 0.240627171
1317401394.304661036 629.133660361 -427.483473864 7.690137370 0.016281299 0.005376600 0.969918101 0.242826871
1317401394.408437014 628.397008993 -427.083715265 7.728133522 0.015877352 0.008470366 0.969591717 0.244065698
1317401394.512188911 627.657724923 -426.680513244 7.780254794 0.016264109 0.011185088 0.969486184 0.244349978
1317401394.615915060 626.898483016 -426.301654506 7.814579044 0.017583657 0.011644250 0.969566447 0.243918289
1317401394.719618082 626.163258321 -425.903230171 7.837786137 0.018819332 0.011401142 0.969921296 0.242422206
1317401394.823344946 625.414449265 -425.522827557 7.862894075 0.019089231 0.012434910 0.970313608 0.240774741
1317401394.927093983 624.675775944 -425.123619403 7.891041710 0.017326990 0.014629350 0.970991960 0.238034391
1317401395.030821085 623.885255777 -424.721655768 7.931515672 0.013903921 0.017283961 0.971713750 0.235117702
1317401395.134572983 623.166559170 -424.361083987 7.964891511 0.011049717 0.019274043 0.972754313 0.230771447
1317401395.238347054 622.344606125 -423.998733223 8.003218390 0.009929582 0.020933925 0.973412267 0.227885351
1317401395.342119932 621.605320218 -423.634774721 8.037372271 0.011267211 0.022975695 0.974218427 0.224150894
1317401395.445919037 620.876464493 -423.248778190 8.059987878 0.013746560 0.024722118 0.975280774 0.219151230
1317401395.549742937 620.106441595 -422.902478797 8.082975800 0.016004228 0.025253757 0.975950802 0.215930879
1317401395.653541088 619.351568120 -422.566087779 8.092340407 0.016455186 0.024922543 0.976754786 0.212269125
1317401395.757339954 618.577909053 -422.190861183 8.121000381 0.015397032 0.025964468 0.977582339 0.208378378
1317401395.861186028 617.813809196 -421.879311955 8.151363692 0.013657688 0.026995141 0.978333209 0.204814215
1317401395.965032101 617.016212440 -421.506862730 8.185222537 0.012334978 0.027692932 0.978858896 0.202277560
1317401396.068901777 616.279792401 -421.198947078 8.222530142 0.012291910 0.026930350 0.979505764 0.199228824
1317401396.172797918 615.515773073 -420.870253526 8.242492011 0.012895095 0.025578005 0.979804114 0.197897399
1317401396.276719093 614.740332783 -420.533701671 8.257945255 0.012937908 0.023963708 0.980105030 0.196602341
1317401396.380660057 613.994172728 -420.224083986 8.278686504 0.013133936 0.024592456 0.980095225 0.196560580
1317401396.484602928 613.227236957 -419.903216611 8.309285099 0.013081867 0.025662549 0.980198836 0.195909518
1317401396.588571787 612.483387737 -419.610606944 8.344436907 0.014907196 0.024731559 0.980301463 0.195384665
1317401396.692536116 611.713113944 -419.290751677 8.362592790 0.017210305 0.021782694 0.980345519 0.195325328
1317401396.796526194 610.943984839 -418.986739100 8.384293749 0.019097199 0.020769496 0.980257429 0.195702067
1317401396.900518894 610.180333645 -418.687133234 8.400010489 0.018562109 0.018750658 0.980186162 0.196313393
1317401397.004508018 609.436237513 -418.365583928 8.430056840 0.016785473 0.018248828 0.980153605 0.196682839
1317401397.108477116 608.653311557 -418.043923700 8.472866462 0.016034982 0.017488125 0.980280453 0.196181749
1317401397.212393045 607.935675463 -417.744938351 8.505612845 0.016925773 0.017870947 0.980383939 0.195554288
1317401397.316286325 607.141078015 -417.437487678 8.538423246 0.018311108 0.017524523 0.980589009 0.194429396
1317401397.420160055 606.379787861 -417.132163173 8.566012360 0.018832267 0.017383241 0.981013787 0.192237143
1317401397.524030924 605.609597089 -416.826561877 8.602881485 0.019051367 0.016985020 0.981539433 0.189549190
1317401397.627902031 604.853803336 -416.511305337 8.635149161 0.019099669 0.016769882 0.982199355 0.186113948
1317401397.731796980 604.054130524 -416.195950748 8.673454483 0.019014794 0.016286733 0.982640282 0.183823979
1317401397.835690975 603.306354069 -415.944574693 8.702531058 0.018781462 0.015655235 0.983091978 0.181472680
1317401397.939560890 602.510997606 -415.637942496 8.739165839 0.017952245 0.015730421 0.983639248 0.178561195
1317401398.043454885 601.725466498 -415.325368376 8.772583490 0.017125448 0.015619163 0.984073220 0.176246016
1317401398.147373915 600.949148887 -415.062251342 8.811610296 0.016957940 0.015866763 0.984291091 0.175019207
1317401398.251295090 600.144473832 -414.779433340 8.849170758 0.017370624 0.015742107 0.984355938 0.174624840
1317401398.355237961 599.371754487 -414.499970588 8.885116336 0.018319297 0.015116606 0.984406126 0.174299946
1317401398.459178925 598.573787645 -414.210282632 8.917480133 0.018643061 0.014645014 0.984416757 0.174245826
1317401398.563122034 597.780463542 -413.936662463 8.945618934 0.017520451 0.014369242 0.984416629 0.174385951
1317401398.667089939 596.986229175 -413.646357945 8.982744497 0.014832454 0.015524059 0.984420891 0.174512209
1317401398.771033049 596.199773266 -413.315873264 9.016963592 0.011945121 0.017009428 0.984561988 0.173797827
1317401398.874974966 595.389422448 -413.069959816 9.046341140 0.010192309 0.016826966 0.984408072 0.174796220
1317401398.978941917 594.611104792 -412.748659110 9.081161834 0.010586005 0.016330767 0.984550911 0.174013639
1317401399.082909107 593.767549145 -412.491626958 9.106184800 0.011896099 0.016184770 0.984292550 0.175398725
1317401399.186898947 593.019052616 -412.203027350 9.127949303 0.012748153 0.016252441 0.984331598 0.175113241
1317401399.290939093 592.183988107 -411.908153283 9.156946110 0.013312593 0.015287107 0.984218583 0.175792092
1317401399.394953966 591.408741988 -411.635553654 9.183684841 0.013689896 0.015242485 0.984012630 0.176916358
1317401399.498919964 590.598156630 -411.321872687 9.208493196 0.013550535 0.015130705 0.983919001 0.177456600
1317401399.602907896 589.808393616 -411.051991987 9.239832604 0.013934320 0.015762517 0.983653045 0.178840895
1317401399.706923008 589.010847933 -410.757492967 9.274146205 0.014399650 0.015681853 0.983402705 0.180182822
1317401399.810940981 588.230900220 -410.474122101 9.302810546 0.014869270 0.015161872 0.983057293 0.182064224
1317401399.914932013 587.444945865 -410.160943943 9.332136837 0.014840588 0.014177406 0.982655600 0.184300651
1317401400.018922091 586.677159006 -409.867796726 9.356349891 0.014029125 0.014218547 0.982193362 0.186807967
1317401400.122910976 585.893496036 -409.557092586 9.389527369 0.013361912 0.014109121 0.981627222 0.189816727
1317401400.226877928 585.116353795 -409.267780343 9.419688733 0.013270969 0.013552486 0.981118582 0.192474777
1317401400.330845833 584.362723376 -408.946207393 9.452603699 0.013520303 0.012891809 0.980641826 0.194916936
1317401400.434813976 583.614857315 -408.645759260 9.476316155 0.013589340 0.012758989 0.980144645 0.197405704
1317401400.538779974 582.851956729 -408.340606925 9.508897832 0.013144182 0.013837733 0.979664708 0.199731840
1317401400.642721891 582.084304117 -408.017436688 9.534952282 0.012063767 0.014366803 0.979218206 0.201940006
1317401400.746640921 581.338426203 -407.706184698 9.566297670 0.010819283 0.014641207 0.978901558 0.203519821
1317401400.850559950 580.612945472 -407.397813681 9.594012712 0.010110833 0.015875439 0.978786044 0.204018681
1317401400.954477072 579.880232602 -407.066517090 9.618398441 0.010250688 0.016055277 0.978650347 0.204647622
1317401401.058373928 579.135320630 -406.764648939 9.642394350 0.011192484 0.016557393 0.978394780 0.205777150
1317401401.162267923 578.401955174 -406.415977946 9.666594800 0.012129274 0.017141273 0.978344158 0.205916890
1317401401.266185999 577.729193749 -406.145307924 9.690373451 0.012955374 0.017615658 0.978404380 0.205540058
1317401401.370104074 576.946270217 -405.790499322 9.707797684 0.013110895 0.016933647 0.978384336 0.205682878
1317401401.474025011 576.226732228 -405.462104840 9.738718994 0.013473439 0.017121956 0.978470135 0.205235229
1317401401.577969074 575.515982210 -405.178912302 9.758609728 0.013581420 0.017059328 0.978430771 0.205420909
1317401401.681931973 574.740566140 -404.810844477 9.783362932 0.013160966 0.016395005 0.978483641 0.205250475
1317401401.785923004 574.022116835 -404.532816881 9.818201713 0.013543244 0.017878728 0.978131091 0.206776449
1317401401.889915943 573.289152316 -404.178059869 9.842427537 0.013655273 0.016908500 0.977970374 0.207609207
1317401401.993902922 572.555165100 -403.856145741 9.866834703 0.013869165 0.016997074 0.977743562 0.208653473
1317401402.097892046 571.818193686 -403.531297274 9.890718377 0.014318943 0.018027252 0.977631509 0.209061279
1317401402.201886892 571.064446584 -403.171936077 9.917392856 0.014612945 0.018379442 0.977672004 0.208820761
1317401402.305880070 570.260861144 -402.840648362 9.942018021 0.015069818 0.017611392 0.977555713 0.209398109
1317401402.409869909 569.508768246 -402.521126052 9.972430817 0.015837006 0.017587043 0.977329355 0.210397757
1317401402.513885021 568.758326767 -402.180667388 9.995627391 0.016186609 0.018044021 0.977213223 0.210871343
1317401402.617877007 568.020111624 -401.861690126 10.018717301 0.016454594 0.018309658 0.977010037 0.211767304
1317401402.721817017 567.236811654 -401.512359879 10.048000438 0.016251235 0.017791587 0.976856707 0.212533127
1317401402.825758934 566.443675738 -401.165185544 10.076145915 0.016129796 0.017936932 0.976710680 0.213200244
1317401402.929702044 565.649565079 -400.795630298 10.102618607 0.015871623 0.018775742 0.976628122 0.213525350
1317401403.033644915 564.879472531 -400.447469200 10.129391618 0.015647117 0.018689452 0.976465550 0.214291630
1317401403.137612104 564.045291989 -400.060480630 10.164676276 0.015788493 0.018432458 0.976349153 0.214833188
1317401403.241579056 563.219046057 -399.679739365 10.188835740 0.015585918 0.017781854 0.976302052 0.215116684
1317401403.345520973 562.426475095 -399.337790171 10.213816652 0.014796979 0.017465444 0.976173199 0.215782051
1317401403.449438095 561.583702094 -398.927321480 10.242483603 0.013294719 0.018213268 0.976377948 0.214889810
1317401403.553335905 560.730754417 -398.550059769 10.272348477 0.012215433 0.018834939 0.976493695 0.214373718
1317401403.657229900 559.888004806 -398.162224780 10.297417507 0.012212353 0.018730109 0.976679341 0.213535724
1317401403.761120081 559.075475462 -397.792873360 10.323582173 0.013470475 0.018420636 0.977028275 0.211884349
1317401403.865015030 558.204112979 -397.407169948 10.357761909 0.014633264 0.018815090 0.977328029 0.210384846
1317401403.968910933 557.371681561 -397.037902530 10.380146800 0.014214647 0.018512817 0.977762434 0.208412673
1317401404.072783947 556.512806800 -396.651167998 10.400171613 0.012370057 0.019238775 0.978170801 0.206539911
1317401404.176655054 555.655932364 -396.287741262 10.429551702 0.010020266 0.019796906 0.978573604 0.204698262
1317401404.280524015 554.780084908 -395.906284983 10.463653685 0.009319133 0.021084716 0.978879618 0.203133653
1317401404.384392977 553.916186892 -395.546960985 10.478317504 0.009713085 0.020474968 0.979177060 0.201739230
1317401404.488241911 553.047958430 -395.174617985 10.515022948 0.011148796 0.021469629 0.979438221 0.200288618
1317401404.592089891 552.206951606 -394.821316537 10.523489219 0.011540102 0.021276723 0.979688154 0.199060915
1317401404.695960045 551.297395556 -394.438960468 10.548180021 0.010798261 0.020650653 0.979873208 0.198256008
1317401404.799832106 550.413502144 -394.086859127 10.566003043 0.009853911 0.020393877 0.979976222 0.197822126
1317401404.903702974 549.532800084 -393.700431385 10.590804286 0.009271732 0.019748070 0.980097588 0.197313880
1317401405.007574081 548.626766780 -393.338042141 10.616158341 0.010494304 0.019583882 0.979926245 0.198118389
1317401405.111469030 547.730944548 -392.949941323 10.647469417 0.013457125 0.017986004 0.979675240 0.199328458
1317401405.215388060 546.851162347 -392.587011813 10.668638281 0.014957737 0.016801319 0.979347693 0.200928040
1317401405.319307089 545.936758712 -392.210246867 10.689221021 0.014312984 0.015981229 0.979042254 0.202524083
1317401405.423223972 545.022229951 -391.821169100 10.715439235 0.012958336 0.014881216 0.978631011 0.204675293
1317401405.527143002 544.112973503 -391.433209992 10.750550647 0.012764502 0.013948366 0.978169707 0.206945727
1317401405.631061077 543.231661638 -391.039381641 10.782875898 0.013123409 0.013538815 0.977632448 0.209473802
1317401405.734956026 542.300242782 -390.632875946 10.806718565 0.011982451 0.012833867 0.977205011 0.211570505
1317401405.838850975 541.383042375 -390.220698475 10.829486718 0.010603276 0.013580447 0.976680831 0.214003962
1317401405.942770004 540.436302458 -389.801480244 10.862175658 0.009710928 0.014105688 0.976274395 0.215858828
1317401406.046665907 539.582149110 -389.396059236 10.885358860 0.009481818 0.014413245 0.975941143 0.217350497
1317401406.150535822 538.633497944 -388.959767736 10.906196006 0.009102724 0.015523411 0.975648879 0.218598783
1317401406.254405975 537.666693257 -388.501100220 10.931704801 0.008370775 0.016740848 0.975448267 0.219431887
1317401406.358278036 536.734655253 -388.065936368 10.943954304 0.007715295 0.018098232 0.975287385 0.220062366
1317401406.462148905 535.760023540 -387.610185268 10.976481080 0.008115440 0.019132373 0.975170742 0.220477021
1317401406.565994978 534.816428510 -387.174941046 10.993682686 0.009559345 0.019666595 0.975112121 0.220631354
1317401406.669816971 533.863930108 -386.720106176 11.015190441 0.010778496 0.019377042 0.975038609 0.220925474
1317401406.773663998 532.907644412 -386.258094646 11.032593006 0.011700068 0.019045397 0.975033181 0.220931387
1317401406.877510071 531.979994308 -385.819420415 11.052883069 0.012194507 0.018937153 0.975096417 0.220634666
1317401406.981357098 531.008220412 -385.374415368 11.078078460 0.012336983 0.018529521 0.975172597 0.220324446
1317401407.085203886 530.037746478 -384.908014718 11.106991841 0.012973230 0.018036695 0.975294388 0.219789056
1317401407.189027071 529.033190780 -384.444520569 11.135967381 0.013731404 0.017359815 0.975427781 0.219204767
1317401407.292850018 528.063509424 -383.998576482 11.162462998 0.013801685 0.017376055 0.975646389 0.218223988
1317401407.396696091 527.077073808 -383.535070320 11.189208859 0.012578770 0.017483379 0.975792788 0.217633962
1317401407.500543118 526.083033686 -383.070138776 11.221801430 0.011648650 0.016817232 0.975992033 0.216843357
1317401407.604391098 525.085339224 -382.604255784 11.258138246 0.011983257 0.016119893 0.976201333 0.215934037
1317401407.708237171 524.095678298 -382.166947503 11.285358545 0.012027339 0.015250541 0.976408132 0.215057956
1317401407.812060118 523.100028420 -381.711395118 11.317774014 0.010770079 0.014656645 0.976672845 0.213961075
1317401407.915859938 522.095921963 -381.252081045 11.340870071 0.008777202 0.014154414 0.976880080 0.213138269
1317401408.019658089 521.083514669 -380.795076504 11.372769717 0.006459600 0.014337113 0.977064590 0.212361737
1317401408.123455048 520.106928017 -380.351442348 11.397417269 0.005454199 0.015589490 0.977316877 0.211137257
1317401408.227256060 519.121240629 -379.922699918 11.423977091 0.005915092 0.017024679 0.977478543 0.210263811
1317401408.331078053 518.109812022 -379.464214215 11.441754418 0.006969582 0.018081901 0.977522777 0.209937349
1317401408.434876919 517.119574227 -379.025295283 11.464582340 0.008774263 0.018926139 0.977649964 0.209201726
1317401408.538698912 516.101815865 -378.577982461 11.490542155 0.009932173 0.019190265 0.977723322 0.208782640
1317401408.642545938 515.092235979 -378.129042336 11.505579463 0.009966615 0.018873986 0.977889089 0.208032134
1317401408.746391058 514.106193021 -377.698689961 11.533106496 0.009555068 0.018170256 0.978066980 0.207276447
1317401408.850261927 513.078306502 -377.252970364 11.562964418 0.009928074 0.017472174 0.978213495 0.206626512
1317401408.954109907 512.079030203 -376.811165014 11.589726277 0.010376161 0.016798801 0.978329175 0.206112011
1317401409.057931662 511.074684609 -376.385771082 11.608911131 0.009887254 0.015954590 0.978478695 0.205492424
1317401409.161778927 510.074479622 -375.959384476 11.638390420 0.009440517 0.016318693 0.978637431 0.204727515
1317401409.265625954 509.048177175 -375.505502738 11.668077411 0.009399184 0.016688994 0.978820814 0.203820871
1317401409.369448900 508.052661715 -375.102264360 11.698371157 0.009619299 0.016879626 0.978961412 0.203118442
1317401409.473268986 507.035447576 -374.647547953 11.719800053 0.008613564 0.016729080 0.979209890 0.201975086
1317401409.577091932 506.023030582 -374.222643245 11.748041510 0.007522660 0.017336478 0.979351432 0.201279977
1317401409.680917978 505.003284181 -373.786380145 11.773105171 0.007235604 0.018177646 0.979528127 0.200354357
1317401409.784747124 503.962539591 -373.358592180 11.797021798 0.007514895 0.018960524 0.979679829 0.199528088
1317401409.888566971 502.983963955 -372.948324182 11.816035103 0.007352321 0.019345713 0.979794736 0.198932053
1317401409.992387056 501.928098375 -372.498110255 11.832936592 0.006567529 0.019710823 0.979959649 0.198109660
1317401410.096205711 500.946564756 -372.099498434 11.857379410 0.006497201 0.019655664 0.980077784 0.197532220
1317401410.200005054 499.889037147 -371.650619856 11.882371960 0.006853597 0.020257049 0.980169743 0.197002425
1317401410.303803921 498.877529400 -371.223412543 11.902829217 0.007421997 0.020120982 0.980222827 0.196731465
1317401410.407624960 497.846303604 -370.811058231 11.926641254 0.007996750 0.019624490 0.980241044 0.196668317
1317401410.511449099 496.853643008 -370.421209828 11.950477914 0.008045565 0.019593550 0.980258602 0.196581880
1317401410.615250111 495.809070263 -369.967729564 11.965526591 0.007497447 0.020103942 0.980255535 0.196567307
1317401410.719023943 494.896921826 -369.606746473 11.992951909 0.006949510 0.019544362 0.980313791 0.196353239
1317401410.822798014 493.889071466 -369.196274680 12.020590824 0.007104373 0.019523633 0.980337982 0.196228938
1317401410.926575899 492.922294005 -368.801585460 12.046741549 0.007385195 0.019220851 0.980399626 0.195940273
1317401411.030349970 491.998544260 -368.405809902 12.070167749 0.007530218 0.018597438 0.980421269 0.195886617
1317401411.134123087 491.061200276 -368.032500811 12.091968837 0.007076639 0.017230715 0.980501654 0.195625993
1317401411.237897873 490.180725621 -367.675711140 12.118778763 0.006153304 0.017449551 0.980551095 0.195389867
1317401411.341697931 489.300678009 -367.326200611 12.145416388 0.004416800 0.017029628 0.980632375 0.195065703
1317401411.445496082 488.424587513 -366.956936719 12.163596574 0.002427350 0.017399148 0.980687537 0.194790482
1317401411.549295902 487.506743731 -366.576292489 12.185158462 0.000979608 0.018364098 0.980653407 0.194886366
1317401411.653119087 486.752585952 -366.286572412 12.203002006 0.000305785 0.018398325 0.980645437 0.194925462
1317401411.756942034 485.907608168 -365.927219478 12.218805544 0.000928458 0.017286986 0.980433625 0.196087238
1317401411.860810041 485.127948583 -365.597340199 12.231094499 0.001836955 0.016687776 0.980046602 0.198057570
1317401411.964704037 484.384224879 -365.304740515 12.234161385 0.002193867 0.017120304 0.979530617 0.200553864
1317401412.068624973 483.563125771 -364.942461958 12.243574736 0.002136124 0.017122804 0.979012224 0.203069723
1317401412.172565937 482.773907175 -364.609761796 12.251455081 0.002340107 0.017514848 0.978411442 0.205909700
1317401412.276484013 481.954864511 -364.256240911 12.260159432 0.002865481 0.018234896 0.977939000 0.208073520
1317401412.380403996 481.161336646 -363.888987325 12.271875394 0.003394456 0.018815494 0.977688973 0.209185866
1317401412.484273911 480.376227295 -363.563545100 12.283585301 0.003972850 0.020314618 0.977615112 0.209380576
1317401412.588098049 479.584421309 -363.193216912 12.292006096 0.004861010 0.021194174 0.977807390 0.208374389
1317401412.691921949 478.807109134 -362.868585626 12.308924189 0.006415109 0.021731346 0.978089763 0.206946879
1317401412.795722008 478.027488553 -362.520603222 12.319170787 0.007720804 0.020237364 0.978575919 0.204743764
1317401412.899518967 477.232525002 -362.191449162 12.333359077 0.008938779 0.019663796 0.978959638 0.202907517
1317401413.003346920 476.431096870 -361.849012623 12.347813178 0.009244632 0.019649432 0.979346772 0.201018249
1317401413.107193947 475.648549792 -361.520027160 12.362713826 0.008744442 0.019237484 0.979626315 0.199714139
1317401413.211083889 474.844912907 -361.188868480 12.378044936 0.008375933 0.018037715 0.979889573 0.198546994
1317401413.314977884 474.029221802 -360.849894067 12.396947398 0.007888615 0.018166737 0.979976422 0.198126101
1317401413.418898106 473.228171975 -360.514124901 12.416753249 0.007603628 0.018381284 0.980002015 0.197990817
1317401413.522862196 472.409306042 -360.170269460 12.431528161 0.007391558 0.018490841 0.979799729 0.198987296
1317401413.626827002 471.591457324 -359.847159945 12.447709139 0.007005140 0.017123414 0.979484467 0.200668622
1317401413.730793953 470.775633302 -359.487573260 12.470286716 0.007662804 0.016993593 0.979224796 0.201919039
1317401413.834763050 469.928466236 -359.148661520 12.482621900 0.008036823 0.016284021 0.978935824 0.203359026
1317401413.938752651 469.108049976 -358.796770185 12.506793781 0.008589130 0.018516676 0.978796428 0.203815876
1317401414.042742968 468.276525381 -358.425546247 12.505937962 0.007827199 0.017443518 0.978726287 0.204277541
1317401414.146711111 467.439998793 -358.070788332 12.528952823 0.007492230 0.017709676 0.978590957 0.204914550
1317401414.250677109 466.592238967 -357.692152760 12.547892683 0.007578783 0.018409270 0.978451217 0.205516122
1317401414.354619026 465.759763176 -357.334705494 12.560046042 0.006979939 0.016481614 0.978438596 0.205760907
1317401414.458539963 464.893634361 -356.961615283 12.579408418 0.007927218 0.019453310 0.978378297 0.205753823
1317401414.562483311 464.039690217 -356.593107773 12.593331150 0.007763737 0.018677185 0.978491807 0.205291675
1317401414.666425943 463.169337743 -356.209164650 12.612352094 0.007392092 0.017693821 0.978555317 0.205089679
1317401414.770343065 462.297404400 -355.837280066 12.626846317 0.007050638 0.018004747 0.978613898 0.204794912
1317401414.874263048 461.422054130 -355.465766509 12.639125838 0.006445740 0.017967626 0.978709428 0.204361131
1317401414.978204966 460.531094542 -355.081008029 12.657318390 0.005357830 0.018202382 0.978648263 0.204664468
1317401415.082146883 459.650163849 -354.699768762 12.670203113 0.004557391 0.018043247 0.978559175 0.205123409
1317401415.186067104 458.749057213 -354.312752727 12.693672078 0.004706669 0.018218289 0.978424219 0.205747392
1317401415.290011883 457.834101588 -353.916306593 12.701042295 0.004868287 0.018065931 0.978274863 0.206466011
1317401415.393978119 456.949534195 -353.519971676 12.706945129 0.004541302 0.017739229 0.977995646 0.207820144
1317401415.497944117 456.004946645 -353.110416433 12.717295252 0.004193632 0.017551811 0.977501746 0.210153954
1317401415.601888657 455.066973671 -352.696178486 12.726680094 0.003712814 0.017350694 0.977151404 0.211802507
1317401415.705806732 454.155291194 -352.286584259 12.740868329 0.003608367 0.018233549 0.976793104 0.213377013
1317401415.809747934 453.212224494 -351.860148416 12.744893758 0.003462305 0.019584485 0.976614817 0.214074661
1317401415.913666964 452.266840392 -351.422659986 12.758508370 0.003638368 0.019962532 0.976419151 0.214927665
1317401416.017563105 451.396449870 -351.027130246 12.763532679 0.003424017 0.020170449 0.976321561 0.215354681
1317401416.121478796 450.399958414 -350.566922441 12.771750683 0.003279859 0.020657138 0.976172585 0.215985208
1317401416.225421906 449.466081832 -350.140998311 12.784572527 0.002949772 0.020797411 0.976163517 0.216017487
1317401416.329366922 448.520788012 -349.705009289 12.793300436 0.002722727 0.021506894 0.976137790 0.216067245
1317401416.433285952 447.562795353 -349.261192069 12.801562474 0.002435074 0.021724027 0.976273554 0.215434640
1317401416.537201881 446.594748050 -348.813917431 12.806987284 0.002148898 0.021859816 0.976365824 0.215005370
1317401416.641119957 445.623077031 -348.372783725 12.812197122 0.002367236 0.021942267 0.976409355 0.214796893
1317401416.745038986 444.668225628 -347.935631896 12.816029551 0.002824515 0.021570222 0.976458335 0.214606307
1317401416.848958015 443.681410864 -347.486862092 12.829505020 0.003400751 0.021413099 0.976546357 0.214212808
1317401416.952877998 442.718480110 -347.044357476 12.828277446 0.003956049 0.021284981 0.976574900 0.214085880
1317401417.056796074 441.671789038 -346.567820938 12.837660805 0.004364114 0.021676419 0.976534269 0.214223968
1317401417.160715103 440.703741940 -346.144627847 12.847487712 0.004748804 0.022036966 0.976698772 0.213427575
1317401417.264611721 439.667619816 -345.676959164 12.861705573 0.005613572 0.023047610 0.976907689 0.212340911
1317401417.368482113 438.683044021 -345.229114097 12.867472940 0.006201490 0.021808284 0.977047546 0.211811316
1317401417.472351074 437.681775226 -344.791912934 12.881235391 0.007129929 0.020974403 0.977263883 0.210866171
1317401417.576246977 436.643473873 -344.340209769 12.898884592 0.008146169 0.021147492 0.977432731 0.210027809
1317401417.680144072 435.656073676 -343.890867274 12.915485400 0.008585049 0.019980675 0.977516026 0.209736713
1317401417.784013987 434.604623983 -343.431776660 12.938551543 0.008795173 0.019408979 0.977710177 0.208874953
1317401417.887883663 433.547299349 -342.962439934 12.955270578 0.007941103 0.019549440 0.977829187 0.208338280
1317401417.991755962 432.535092096 -342.527204954 12.972695618 0.005383993 0.019468959 0.978027377 0.207495598
1317401418.095627069 431.543307413 -342.089630388 12.984944995 0.002456622 0.019358642 0.978040247 0.207500564
1317401418.199474096 430.488587608 -341.617089946 13.005575360 0.001710714 0.019945201 0.978041036 0.207448775
1317401418.303318977 429.390481840 -341.155133112 13.015230915 0.001650531 0.019757738 0.978125952 0.207066485
1317401418.407162905 428.358402348 -340.684711363 13.017839776 0.000874923 0.018941823 0.978135757 0.207101140
1317401418.510986090 427.293583788 -340.232757405 13.022298942 -0.000452808 0.018934085 0.978152166 0.207025689
1317401418.614785910 426.242083385 -339.759553845 13.027715825 -0.001777800 0.019738518 0.978166987 0.206873331
1317401418.718585968 425.163678848 -339.293926576 13.031297660 -0.002551470 0.019983255 0.978137721 0.206980092
1317401418.822384119 424.085585293 -338.821220316 13.037141829 -0.002214857 0.020186611 0.978102174 0.207132163
1317401418.926181078 423.027446803 -338.365931836 13.039143005 -0.001047639 0.019647918 0.978106054 0.207174825
1317401419.030004978 421.967319734 -337.895707120 13.043295320 0.000533952 0.019394534 0.978040796 0.207508478
1317401419.133805037 420.907996504 -337.435938738 13.048417501 0.001738798 0.018407005 0.977957536 0.207983694
1317401419.237603188 419.857016596 -336.988626607 13.049411194 0.001695409 0.018236331 0.977939090 0.208085794
1317401419.341402054 418.819595453 -336.528730764 13.055879400 0.001228114 0.018919312 0.977876222 0.208323416
1317401419.445202112 417.738467907 -336.052256727 13.069379009 0.001334103 0.019146531 0.977750237 0.208892567
1317401419.549000978 416.672252131 -335.579353405 13.086164874 0.002196046 0.018727863 0.977674367 0.209277988
1317401419.652775049 415.648482164 -335.130842233 13.098571401 0.003071312 0.018364883 0.977636807 0.209474514
1317401419.756525040 414.595811488 -334.662457590 13.105809339 0.002955750 0.018160904 0.977581297 0.209752837
1317401419.860263109 413.559282495 -334.229787015 13.118532986 0.002233600 0.018143192 0.977660076 0.209395827
1317401419.964013100 412.547993285 -333.765501155 13.130774653 0.001527254 0.018798119 0.977659163 0.209348655
1317401420.067776918 411.496286231 -333.307105132 13.147860796 0.001128848 0.019384202 0.977691397 0.209147104
1317401420.171551943 410.470539511 -332.836655133 13.159400382 0.001028273 0.019255524 0.977749873 0.208885981
1317401420.275326014 409.448614562 -332.386779686 13.170730218 0.001506763 0.019169072 0.977742359 0.208926196
1317401420.379098892 408.428535025 -331.944840547 13.187686357 0.002553021 0.018888299 0.977768598 0.208818782
1317401420.482873917 407.426314385 -331.506788504 13.197200812 0.002838586 0.018564119 0.977846691 0.208478211
1317401420.586673975 406.404982935 -331.053347861 13.205478393 0.002339801 0.018688526 0.977827543 0.208563086
1317401420.690498114 405.407390290 -330.613944486 13.216173221 0.001560089 0.018814131 0.977791859 0.208726314
1317401420.794318914 404.415202170 -330.175549326 13.237099051 0.001266415 0.018758005 0.977770677 0.208832558
1317401420.898142099 403.393563395 -329.733949768 13.249676231 0.001689434 0.019342895 0.977654793 0.209318187
1317401421.001940966 402.418538525 -329.299011414 13.259045919 0.001792389 0.018289761 0.977615829 0.209593803
1317401421.105737925 401.405919052 -328.860438677 13.264370206 0.001316282 0.017224693 0.977508927 0.210185337
1317401421.209537029 400.441331229 -328.437779086 13.275903262 0.000582491 0.017340435 0.977432947 0.210532191
1317401421.313335896 399.459140384 -328.009218544 13.292159446 -0.000375633 0.017183987 0.977304214 0.211142233
1317401421.417135000 398.495058512 -327.558637531 13.288919254 -0.001549621 0.017311662 0.977068129 0.212216342
1317401421.520909071 397.516418083 -327.115962556 13.301644735 -0.002553079 0.017800496 0.976881944 0.213021810
1317401421.624707937 396.556212233 -326.677561460 13.310193228 -0.003058976 0.017860885 0.976684118 0.213915324
1317401421.728533983 395.598381833 -326.248819468 13.320102812 -0.003000067 0.018317036 0.976526686 0.214595239
1317401421.832356215 394.637054188 -325.838066051 13.315628016 -0.003799825 0.017846064 0.976405393 0.215173390
1317401421.936188936 393.659253403 -325.386028087 13.312491546 -0.005271000 0.017534001 0.976260143 0.215826106
1317401422.040010929 392.774142460 -324.981319320 13.308428702 -0.006212005 0.018836658 0.976261695 0.215684245
1317401422.143799067 391.819508072 -324.537001851 13.307258965 -0.005929274 0.019302905 0.976334844 0.215319562
1317401422.247575045 390.877365403 -324.110469020 13.307924125 -0.004900770 0.019520991 0.976357387 0.215223525
1317401422.351377964 389.938343942 -323.692854141 13.306398228 -0.003830238 0.019580373 0.976493363 0.214622112
1317401422.455178976 388.991545407 -323.260027881 13.299614169 -0.003714114 0.018870245 0.976606838 0.214170968
1317401422.558949232 388.035466717 -322.847379947 13.292506998 -0.004333802 0.018111086 0.976785738 0.213407659
1317401422.662744999 387.185169801 -322.448406885 13.295152849 -0.004136374 0.018273807 0.976983323 0.212491281
1317401422.766545057 386.264558488 -322.029928561 13.294984714 -0.003396569 0.018767953 0.977027775 0.212256812
1317401422.870318890 385.314088407 -321.623986635 13.297508740 -0.003217107 0.019366057 0.977138707 0.211694479
1317401422.974068880 384.399645399 -321.216436273 13.290706694 -0.004258494 0.019935487 0.977297005 0.210890980
1317401423.077842951 383.519996785 -320.814984031 13.292892713 -0.005141274 0.020054654 0.977392057 0.210418974
1317401423.181690931 382.593742496 -320.387823492 13.291712311 -0.005186780 0.021273447 0.977475174 0.209911464
1317401423.285562038 381.673588796 -319.984260488 13.291054405 -0.004828401 0.020934501 0.977550954 0.209600966
1317401423.389432907 380.788931264 -319.607656823 13.287541218 -0.004198651 0.020169568 0.977601432 0.209454050
1317401423.493278980 379.852460789 -319.169823557 13.283442235 -0.003876651 0.020031514 0.977713963 0.208947640
1317401423.597101927 379.077593273 -318.815619501 13.280337572 -0.004254787 0.019711176 0.977616033 0.209428409
1317401423.700951099 378.158792067 -318.418890540 13.277604776 -0.004661470 0.019629094 0.977755285 0.208776371
1317401423.804797888 377.662732533 -318.190626623 13.274826851 -0.004964337 0.020441458 0.977595782 0.209437315
1317401423.908643723 376.824180281 -317.757042377 13.273700317 -0.005558207 0.019648800 0.977462389 0.210119751
1317401424.012515068 375.412789048 -317.207455425 13.274035769 -0.005897024 0.020394741 0.977728862 0.208795479
1317401424.116409063 374.624617423 -316.836665472 13.272596021 -0.005784149 0.021785586 0.977808183 0.208286076
1317401424.220304966 373.854323736 -316.570646337 13.275498435 -0.005047449 0.022594490 0.977821968 0.208154297
1317401424.324152946 372.923729366 -316.082734954 13.267707506 -0.004521894 0.022768293 0.978172843 0.206492245
1317401424.427998066 372.043579701 -315.737185264 13.265961628 -0.004242411 0.022458074 0.978138697 0.206693799
1317401424.531821966 371.185855263 -315.380227056 13.260521630 -0.003679550 0.023779305 0.978526200 0.204713169
1317401424.635597706 370.325059657 -314.978392768 13.257037198 -0.003354310 0.024023120 0.978828133 0.203241542
1317401424.739320993 369.445839204 -314.695520100 13.260532082 -0.002366280 0.025207842 0.979964798 0.197554953
1317401424.843023062 368.624578433 -314.292340354 13.256152390 -0.001403135 0.026372311 0.980660304 0.193927563
1317401424.946727991 367.954893583 -313.957867198 13.261037442 0.000063630 0.027504342 0.981444400 0.189764055
1317401425.050407887 367.062588100 -313.574756057 13.266712581 0.001337368 0.027523013 0.982863188 0.182265324
1317401425.154061079 366.158485430 -313.320768970 13.271394030 0.002878569 0.028852061 0.984480821 0.173080285
1317401425.257667065 365.341185160 -312.953266851 13.273687965 0.003153337 0.029835524 0.986473831 0.161149863
1317401425.361272097 364.478093917 -312.703136166 13.281658493 0.002541656 0.030421546 0.988380284 0.148904277
1317401425.464926004 363.614187059 -312.481392186 13.295507727 0.001671512 0.030251994 0.990327152 0.135403676
1317401425.568603992 362.747746402 -312.234264291 13.309227702 0.001568249 0.030321524 0.992122586 0.121535672
1317401425.672308922 361.859420135 -312.014193000 13.318673859 0.001696244 0.030366484 0.993719822 0.107684325
1317401425.776036024 361.042044291 -311.850413356 13.334676841 0.002276328 0.030439632 0.995226044 0.092700421
1317401425.879760981 360.188939032 -311.701291235 13.344927907 0.002851492 0.030239048 0.996436284 0.078690535
1317401425.983513117 359.348513166 -311.563708859 13.357432751 0.002960489 0.029768497 0.997572068 0.062889119
1317401426.087289095 358.531173420 -311.446060609 13.366611349 0.002782634 0.029558556 0.998447075 0.047137954
1317401426.191086054 357.615382430 -311.383199391 13.383576534 0.002240044 0.029080988 0.999022774 0.033208069
1317401426.294884920 356.822360796 -311.344807825 13.394961272 0.001225588 0.028442590 0.999433673 0.017940181
1317401426.398683786 355.933690166 -311.348836054 13.410959105 -0.000065614 0.027857491 0.999603979 0.003980203
1317401426.502532005 355.098231267 -311.313046549 13.429857323 -0.000994817 0.027260822 0.999581436 -0.009633786
1317401426.606451988 354.297868951 -311.393895485 13.445348525 -0.001380278 0.026100455 0.999411422 -0.022218700
1317401426.710417271 353.476667931 -311.395147780 13.457574470 -0.001708136 0.024623664 0.999157499 -0.032787964
1317401426.814407825 352.685515787 -311.467724000 13.464837627 -0.001824146 0.023742187 0.998846673 -0.041692988
1317401426.918446064 351.892885636 -311.546195329 13.482556375 -0.001916218 0.023435185 0.998535606 -0.048721292
1317401427.022508144 351.115905007 -311.659194318 13.496222284 -0.001286571 0.023028938 0.998231522 -0.054789055
1317401427.126619101 350.282861463 -311.712164076 13.504715694 -0.000675809 0.021843945 0.998002074 -0.059281067
1317401427.230777740 349.576107943 -311.808918031 13.513979808 -0.000485002 0.020690321 0.997850142 -0.062183361
1317401427.334935904 348.821685188 -311.912952696 13.523019227 -0.000653747 0.019816041 0.997782737 -0.063533507
1317401427.439120054 348.046945694 -312.012767750 13.540396993 -0.001213140 0.018794079 0.997836704 -0.062985892
1317401427.543350935 347.261114937 -312.150146302 13.557027934 -0.001304725 0.017555052 0.997977265 -0.061085973
1317401427.647629023 346.599177046 -312.208554157 13.563436279 -0.001287873 0.015687946 0.998281756 -0.056442584
1317401427.751955986 345.895364056 -312.360308750 13.582080478 -0.000988592 0.014261270 0.998658069 -0.049776498
1317401427.856329918 345.111434321 -312.378514472 13.589354126 -0.000801238 0.012528370 0.999225986 -0.037280371
1317401427.960728884 344.480140337 -312.467349593 13.596836231 -0.000978819 0.010969854 0.999636220 -0.024619741
1317401428.065128088 343.646539230 -312.479016528 13.608313119 -0.000822376 0.010044390 0.999912493 -0.008569702
1317401428.169503927 342.985620971 -312.514105540 13.620217626 -0.000634659 0.009995942 0.999922141 0.007442466
1317401428.273879051 342.254106824 -312.482261363 13.628374783 -0.000343053 0.009150898 0.999639365 0.025244461
1317401428.378252983 341.598743434 -312.458222106 13.636660770 -0.000613127 0.008086979 0.998962036 0.044822703
1317401428.482604980 340.902016375 -312.403248115 13.642354700 -0.001988087 0.007366867 0.997954915 0.063464668
1317401428.586954355 340.199482834 -312.349643827 13.647079150 -0.003874235 0.006885519 0.996483208 0.083419404
1317401428.691278934 339.555547165 -312.243226565 13.651684544 -0.005148791 0.006499216 0.994485309 0.104547698
1317401428.795582056 338.912518515 -312.111203050 13.658701904 -0.005403696 0.005727374 0.991921186 0.126611049
1317401428.899887085 338.184486795 -311.872561454 13.660595989 -0.004787533 0.004918294 0.988577349 0.150558010
1317401429.004164934 337.579305550 -311.695209949 13.654551075 -0.003870946 0.004378992 0.984690400 0.174214398
1317401429.108395100 336.945402349 -311.482487366 13.653286078 -0.003066329 0.005724985 0.980119131 0.198303584
1317401429.212601900 336.372913831 -311.200049048 13.662086310 -0.003124489 0.008171791 0.975065148 0.221746288
1317401429.316785097 335.773612551 -310.932893377 13.662052403 -0.003238909 0.008777096 0.969448124 0.245117946
1317401429.420919895 335.248676784 -310.683925338 13.672104256 -0.003322218 0.008398771 0.963520139 0.267483391
1317401429.525032043 334.681283938 -310.342431822 13.668181834 -0.003334355 0.008049836 0.956712770 0.290903349
1317401429.629139900 334.141791615 -309.956335110 13.663824303 -0.003578804 0.007495386 0.949323110 0.314192051
1317401429.733252048 333.639960967 -309.591381862 13.667415871 -0.003663545 0.007763715 0.941205386 0.337725812
1317401429.837388039 333.136511563 -309.180220410 13.660425366 -0.003761039 0.007852893 0.932457208 0.361175499
1317401429.941524029 332.739434748 -308.799568427 13.668552925 -0.003800714 0.008214702 0.923228694 0.384144311
1317401430.045609951 332.230461518 -308.327510458 13.671764410 -0.003648590 0.007875113 0.912707468 0.408521417
1317401430.149672985 331.855472391 -307.857701360 13.663383051 -0.003294879 0.007405378 0.902264486 0.431106833
1317401430.253709078 331.437043645 -307.373029056 13.667707185 -0.002829596 0.008700566 0.891147929 0.453620614
1317401430.357700109 331.133224489 -306.920370862 13.664984324 -0.002788471 0.010537507 0.880290987 0.474308932
1317401430.461667061 330.799008853 -306.399120244 13.671308896 -0.003136268 0.012100559 0.868870859 0.494880966
1317401430.565609932 330.499115243 -305.928867507 13.677876940 -0.003581346 0.013908815 0.857158358 0.514852666
1317401430.669553995 330.260026524 -305.466898992 13.675659280 -0.003774657 0.014964137 0.845489717 0.533768644
1317401430.773497105 330.021560197 -305.004075281 13.679779766 -0.003485412 0.015967860 0.833338091 0.552521950
1317401430.877389908 329.870857934 -304.583578509 13.677806616 -0.003410603 0.016491359 0.821516694 0.569935719
1317401430.981286049 329.666779177 -304.110162830 13.677587291 -0.003894945 0.016837028 0.808927177 0.587654803
1317401431.085228682 329.554926254 -303.738517072 13.674703562 -0.005351862 0.016380402 0.796422252 0.604495357
1317401431.189171314 329.413237245 -303.321485518 13.667940757 -0.006565098 0.015637686 0.783214904 0.621519731
1317401431.293088913 329.320840356 -302.932421499 13.661820411 -0.007271434 0.015959282 0.769682521 0.638185901
1317401431.397032022 329.228209307 -302.554430001 13.661437377 -0.007366529 0.016102988 0.755488315 0.654922770
1317401431.501024008 329.203980030 -302.188333958 13.662678589 -0.007182650 0.015798142 0.740384920 0.671959075
1317401431.605037928 329.145884172 -301.801182926 13.654262616 -0.008204775 0.014347109 0.724175408 0.689417740
1317401431.709100962 329.152962269 -301.469815725 13.651327747 -0.009927676 0.013375718 0.706964581 0.707052765
1317401431.813213110 329.140788149 -301.092947593 13.640622633 -0.011979386 0.013095284 0.687864252 0.725622338
1317401431.917346954 329.162296084 -300.736014902 13.632985033 -0.013453564 0.013181869 0.667304178 0.744547093
1317401432.021503925 329.211267381 -300.396664009 13.623644317 -0.014260764 0.013419414 0.645691423 0.763347324
1317401432.125664949 329.255144777 -300.039197005 13.614499486 -0.014303461 0.013594207 0.622713614 0.782200974
1317401432.229800940 329.360276378 -299.710462920 13.610881730 -0.014134856 0.014199212 0.599497969 0.800125474
1317401432.333909988 329.452291664 -299.391094127 13.607668015 -0.014169443 0.014085143 0.575504452 0.817554561
1317401432.437994957 329.496860864 -299.022018337 13.608124292 -0.015179748 0.013037597 0.550231833 0.834772141
1317401432.542057037 329.655992818 -298.752856939 13.589813312 -0.016789007 0.010769957 0.525902707 0.850310814
1317401432.646121025 329.784268139 -298.467664596 13.584217923 -0.018378219 0.009031449 0.499891740 0.865845785
1317401432.750183821 329.966073062 -298.126605557 13.560091015 -0.019101591 0.007029368 0.473202989 0.880718257
1317401432.854247093 330.205369367 -297.869377315 13.547170277 -0.018665535 0.006096113 0.446517909 0.894559217
1317401432.958285093 330.403773921 -297.547872756 13.537236263 -0.017392507 0.005857658 0.418496614 0.908032914
1317401433.062275887 330.679956496 -297.247127550 13.533544084 -0.016416670 0.006712100 0.391246608 0.920114956
1317401433.166220903 330.947600688 -296.931955529 13.535223578 -0.016563085 0.007494861 0.363960468 0.931236956
1317401433.270139933 331.227605416 -296.678597372 13.527475772 -0.018340344 0.008287437 0.338765615 0.940655521
1317401433.374010086 331.587285604 -296.410252144 13.511617628 -0.019152877 0.009245524 0.313633632 0.949305869
1317401433.477807760 331.910761190 -296.147345710 13.511041153 -0.019116458 0.011022692 0.290503910 0.956619328
1317401433.581558943 332.265328287 -295.913031733 13.520056887 -0.020804667 0.012285938 0.269185196 0.962785309
1317401433.685286045 332.651023082 -295.652239164 13.513936571 -0.023714093 0.012880758 0.248284295 0.968311229
1317401433.789014101 333.060940475 -295.428663984 13.507104909 -0.028313792 0.013029865 0.228387235 0.973071335
1317401433.892751932 333.495051320 -295.227399090 13.466469279 -0.030546237 0.014209859 0.209262787 0.977278923
1317401433.996454000 333.899524343 -295.051500692 13.439697186 -0.029257761 0.015694822 0.190961954 0.981035773
1317401434.100122929 334.396787939 -294.830768580 13.444932717 -0.026014239 0.016660769 0.174130144 0.984237965
1317401434.203800917 334.889727106 -294.646497427 13.446391191 -0.026872817 0.015928978 0.159007316 0.986783052
1317401434.307455063 335.415929922 -294.524230611 13.436193685 -0.030691285 0.014510398 0.146785530 0.988585607
1317401434.411084890 335.878606236 -294.297403250 13.403628067 -0.033734551 0.011614497 0.135311460 0.990160539
1317401434.514692068 336.443839860 -294.166823523 13.368532899 -0.034526694 0.008986664 0.126879790 0.991276281
1317401434.618300915 337.001080710 -294.006679967 13.348475125 -0.032448791 0.008637476 0.118931813 0.992334467
1317401434.721955061 337.570909032 -293.883882958 13.341006083 -0.032157132 0.009780857 0.112966364 0.993030138
1317401434.825633049 338.165196535 -293.760957456 13.331014505 -0.033814829 0.010564871 0.108248367 0.993492442
1317401434.929311037 338.754374143 -293.606447163 13.324007584 -0.036126867 0.011254942 0.103660720 0.993892666
1317401435.033014059 339.375979301 -293.491719106 13.310371984 -0.037423749 0.010183908 0.100523815 0.994178411
1317401435.136742115 340.035206748 -293.374008947 13.299512432 -0.039187053 0.007105338 0.097967847 0.994392372
1317401435.240468979 340.653115464 -293.192345686 13.278913403 -0.040459249 0.003053134 0.094766445 0.994672332
1317401435.344196081 341.336102245 -293.086141501 13.252478205 -0.040944631 0.000709750 0.093630325 0.994764493
1317401435.447922945 341.998967700 -292.922099828 13.249499055 -0.041787447 -0.000337504 0.092067026 0.994875549
1317401435.551696777 342.701171135 -292.780523326 13.232662800 -0.044813053 -0.000308816 0.090987477 0.994843191
1317401435.655493975 343.394344252 -292.650186188 13.239926919 -0.047746582 -0.000676923 0.090833501 0.994720604
1317401435.759293079 344.115189095 -292.504602475 13.221813800 -0.051068128 -0.000367155 0.090527167 0.994583704
1317401435.863140106 344.863833532 -292.356647352 13.218031634 -0.051236808 0.000262095 0.089332105 0.994683113
1317401435.967010021 345.600200016 -292.204343961 13.212239376 -0.052964513 0.001539277 0.088170141 0.994695138
1317401436.070880651 346.368187557 -292.069114248 13.214114194 -0.053959051 0.002689031 0.086903114 0.994750742
1317401436.174777031 347.125136418 -291.907876811 13.202022777 -0.055793824 0.003342236 0.085468533 0.994771837
1317401436.278670073 347.898975171 -291.786046578 13.195271082 -0.054966064 0.003947218 0.084596230 0.994890260
1317401436.382515907 348.672226175 -291.624992225 13.207083273 -0.055125185 0.002956610 0.083592045 0.994969770
1317401436.486365080 349.470178239 -291.467926917 13.193438742 -0.055010497 0.001643731 0.082733710 0.995050891
1317401436.590235949 350.269534445 -291.337860462 13.198655985 -0.057016295 0.001020785 0.082698736 0.994941716
1317401436.694107056 351.074592237 -291.188564353 13.165782375 -0.057242455 0.003296450 0.081588479 0.995015455
1317401436.798002958 351.910766977 -291.042564632 13.167601566 -0.058189510 0.006341773 0.080467079 0.995037091
1317401436.901896954 352.735628065 -290.903528680 13.142150256 -0.058399144 0.008580021 0.079758933 0.995065041
1317401437.005790949 353.579964004 -290.755410466 13.153472677 -0.058821273 0.008142117 0.078995833 0.995104729
1317401437.109710932 354.425068020 -290.628575741 13.131984922 -0.057528679 0.007198724 0.078962650 0.995190198
1317401437.213606119 355.321720032 -290.452456363 13.112896851 -0.058274915 0.006764361 0.078277627 0.995203944
1317401437.317473888 356.206967169 -290.319605110 13.105373979 -0.060150664 0.006893851 0.078864799 0.995045082
1317401437.421345949 357.121499510 -290.155824821 13.075295202 -0.058780685 0.007893495 0.078854744 0.995120321
1317401437.525192976 358.016368637 -290.011483175 13.059465020 -0.056607309 0.007396033 0.079574373 0.995192861
1317401437.629039049 358.905617536 -289.846358255 13.059150484 -0.057363094 0.005133059 0.080589544 0.995082134
1317401437.732886076 359.819072223 -289.703426965 13.030052547 -0.059250818 0.005231728 0.081798572 0.994872335
1317401437.836685896 360.754633744 -289.543507403 13.008389261 -0.058294760 0.009920369 0.083690059 0.994735785
1317401437.940485954 361.668541425 -289.386891300 12.970192796 -0.051774479 0.017961110 0.085213753 0.994854471
1317401438.044307947 362.620297082 -289.239261896 12.978045324 -0.046134210 0.023417689 0.086848735 0.994877150
1317401438.148104906 363.621284099 -289.038644491 12.950809533 -0.035525647 0.027263678 0.088446489 0.995073786
1317401438.251903057 364.562991133 -288.880539438 12.926687355 -0.034144972 0.026227756 0.090123676 0.994999472
1317401438.355751991 365.508635606 -288.708962043 12.862408974 -0.031619324 0.022310137 0.091889947 0.995016941
1317401438.459598064 366.460019276 -288.505672003 12.858735949 -0.032327187 0.017710999 0.093035406 0.994980244
1317401438.563442945 367.427351885 -288.318874377 12.794849460 -0.034502672 0.013859968 0.094100387 0.994868124
1317401438.667313099 368.357585574 -288.135869620 12.777216957 -0.038056492 0.011645095 0.094568374 0.994722533
1317401438.771209002 369.329883971 -287.934063995 12.726122606 -0.039694657 0.012379707 0.093389875 0.994760980
1317401438.875128984 370.318736270 -287.755393522 12.700086916 -0.042997388 0.014974949 0.092440367 0.994676708
1317401438.979023218 371.278768385 -287.563062951 12.678874932 -0.035400746 0.018075172 0.091932909 0.994971565
1317401439.082916975 372.284255352 -287.365574163 12.670926644 -0.036312946 0.017524610 0.091039526 0.995030684
1317401439.186837912 373.288690726 -287.180549110 12.636535995 -0.033167204 0.017555032 0.090352209 0.995202610
1317401439.290756941 374.272068641 -286.990180908 12.601486966 -0.033968155 0.017622430 0.090048608 0.995201920
1317401439.394649744 375.288771527 -286.816491314 12.578357602 -0.029251458 0.018104960 0.090908981 0.995264849
1317401439.498543978 376.249985721 -286.620122576 12.547511560 -0.031796821 0.018052432 0.091730317 0.995112366
1317401439.602438927 377.306192074 -286.410041581 12.509151814 -0.028535666 0.020833893 0.092684898 0.995068427
1317401439.706335068 378.279352591 -286.236247704 12.469726098 -0.025401870 0.022806877 0.093588878 0.995025484
1317401439.810276031 379.244987795 -286.048782837 12.454627722 -0.023508491 0.021169369 0.093472413 0.995119147
1317401439.914266109 380.256861633 -285.851788510 12.417740591 -0.023847701 0.017484519 0.092904847 0.995235785
1317401440.018256903 381.254708739 -285.658294976 12.393207144 -0.025986663 0.015375528 0.091875109 0.995312640
1317401440.122201204 382.237323910 -285.457644832 12.345855296 -0.026191230 0.016162252 0.090489612 0.995421735
1317401440.226144075 383.196425491 -285.273073822 12.321025821 -0.026451721 0.018453533 0.089858227 0.995432204
1317401440.330086946 384.200534740 -285.089316042 12.285350208 -0.024776440 0.020028331 0.088606283 0.995557091
1317401440.433981895 385.184254303 -284.889901733 12.271438802 -0.026832608 0.018752908 0.087706144 0.995608343
1317401440.537851095 386.188188715 -284.704031038 12.231516286 -0.028375331 0.018118877 0.087774738 0.995571264
1317401440.641746998 387.180551175 -284.524712327 12.192552890 -0.028468732 0.019351306 0.087513223 0.995568428
1317401440.745641947 388.181525676 -284.343097301 12.167487889 -0.028834253 0.021225619 0.087667641 0.995506124
1317401440.849514008 389.189637917 -284.167141262 12.142160241 -0.029417759 0.021170354 0.087478466 0.995506871
1317401440.953408957 390.167341643 -283.979344760 12.103918538 -0.028457784 0.020279298 0.087226102 0.995575468
1317401441.057303905 391.174987551 -283.805309526 12.079789599 -0.022392157 0.019864575 0.086609397 0.995792550
1317401441.161197901 392.145935591 -283.641008001 12.048718971 -0.022476804 0.018312914 0.086763519 0.995806970
1317401441.265091896 393.118250304 -283.434536828 12.028142086 -0.024833361 0.013726212 0.086664678 0.995833384
1317401441.368984938 394.148681618 -283.256733077 11.998925743 -0.027568654 0.010098370 0.086774054 0.995795288
1317401441.472929001 395.107771009 -283.057560855 11.971357599 -0.032794797 0.008054830 0.086784947 0.995654556
1317401441.576874018 396.100805233 -282.861759885 11.937832603 -0.038700261 0.008118117 0.086421237 0.995473634
1317401441.680767059 397.063850355 -282.672945398 11.934154362 -0.044640179 0.006690167 0.087098289 0.995176559
1317401441.784661055 398.035895874 -282.488819963 11.914409969 -0.046914930 0.006352912 0.088496922 0.994950715
1317401441.888556957 399.017550570 -282.303714247 11.901607982 -0.046028881 0.008411691 0.089390258 0.994896963
1317401441.992453098 400.012288946 -282.116033036 11.867891437 -0.041909818 0.013669492 0.090053375 0.994960854
1317401442.096365929 401.008340195 -281.932791202 11.865438031 -0.038398178 0.017071013 0.090478992 0.995011413
1317401442.200308084 402.005741102 -281.749855383 11.861806059 -0.035248054 0.014962394 0.090976768 0.995116540
1317401442.304279089 402.972588909 -281.565611520 11.841237874 -0.033970428 0.008394440 0.091294806 0.995208924
1317401442.408246040 403.987427939 -281.371758291 11.815987501 -0.033780548 0.004016736 0.091138155 0.995257041
1317401442.512212992 404.992815467 -281.186781377 11.792403789 -0.035742338 0.001684918 0.090736517 0.995231898
1317401442.616180897 406.007652837 -281.001764809 11.769619729 -0.036120234 0.004276192 0.089811026 0.995294440
1317401442.720150948 407.004186545 -280.817169991 11.759938706 -0.034738423 0.007503937 0.089121393 0.995386513
1317401442.824115992 408.044390151 -280.612105032 11.765674232 -0.035386088 0.008794477 0.088068926 0.995446807
1317401442.928056002 409.046345858 -280.420004365 11.748231052 -0.030994080 0.008653551 0.088218746 0.995581205
1317401443.031979084 410.085855951 -280.232603090 11.757980370 -0.030626402 0.007246503 0.089116575 0.995523856
1317401443.135899067 411.114783730 -280.047466063 11.725167136 -0.030620147 0.007595778 0.089960048 0.995445579
1317401443.239810705 412.162510860 -279.851944252 11.718382308 -0.030399400 0.009908590 0.090384755 0.995393536
1317401443.343728781 413.174746184 -279.661806400 11.704529535 -0.031444075 0.011849198 0.091102910 0.995274398
1317401443.447673082 414.191684224 -279.453336139 11.702439406 -0.028352134 0.011651715 0.091281096 0.995353282
1317401443.551615953 415.248876137 -279.265190440 11.668372665 -0.027273994 0.012329145 0.091451457 0.995359610
1317401443.655556917 416.284781073 -279.068480195 11.656174312 -0.022735813 0.012510017 0.091082760 0.995505155
1317401443.759500027 417.335180601 -278.866926594 11.658299292 -0.015912642 0.010386867 0.090987145 0.995670749
1317401443.863443851 418.382652911 -278.668303237 11.637684944 -0.016400308 0.006277653 0.090621557 0.995730563
1317401443.967410088 419.420449225 -278.472424326 11.616812307 -0.018845528 0.004427963 0.089988494 0.995754644
1317401444.071377993 420.463188611 -278.280694102 11.608772243 -0.019967978 0.006738960 0.089150650 0.995795174
1317401444.175322056 421.494333203 -278.076963230 11.605738396 -0.023595036 0.008684427 0.088831860 0.995729258
1317401444.279263973 422.536875218 -277.875402624 11.594393213 -0.022958493 0.010389473 0.088343467 0.995771258
1317401444.383207083 423.568061861 -277.681013166 11.580786910 -0.026675302 0.010708637 0.088195033 0.995688400
1317401444.487148046 424.602057080 -277.482887810 11.559010871 -0.029757895 0.012199500 0.087681851 0.995629215
1317401444.591089010 425.628075500 -277.277697389 11.539816089 -0.031286568 0.013878313 0.088066412 0.995526419
1317401444.694984913 426.639374476 -277.089742686 11.536392043 -0.034352767 0.013806084 0.088801596 0.995361018
1317401444.798880100 427.650053232 -276.897733945 11.511674158 -0.031819357 0.012901603 0.089461270 0.995398291
1317401444.902798891 428.677170328 -276.704144658 11.505109376 -0.032924031 0.010682406 0.090337124 0.995309549
1317401445.006716967 429.668590037 -276.502699168 11.476068942 -0.033498191 0.009676319 0.090658682 0.995271442
1317401445.110658884 430.681711421 -276.314326440 11.456751129 -0.035054935 0.009438158 0.090705125 0.995215883
1317401445.214626074 431.688690603 -276.112370897 11.435637991 -0.037389713 0.010307690 0.089644548 0.995218376
1317401445.318571091 432.690313206 -275.920407151 11.421166529 -0.039635360 0.011964346 0.089032397 0.995167888
1317401445.422489882 433.701611887 -275.731023608 11.413854333 -0.039502804 0.012919654 0.088746543 0.995186747
1317401445.526408911 434.694347686 -275.541475592 11.396662687 -0.039636391 0.011874914 0.088460426 0.995219923
1317401445.630328178 435.692069553 -275.354994241 11.379264471 -0.039649285 0.010224026 0.088529851 0.995231566
1317401445.734247923 436.665184306 -275.167828126 11.358534480 -0.040359569 0.008835746 0.088815239 0.995190880
1317401445.838165998 437.655093627 -274.981838628 11.344335121 -0.040266097 0.009237977 0.088918139 0.995181826
1317401445.942061901 438.619544968 -274.797206713 11.321108917 -0.041079665 0.012497324 0.088862445 0.995117955
1317401446.045932055 439.604602116 -274.627740653 11.297722417 -0.039993742 0.018816884 0.088663661 0.995080490
1317401446.149801016 440.546104433 -274.432408105 11.287671251 -0.038477617 0.023420318 0.089667948 0.994952572
1317401446.253673077 441.511541996 -274.259406047 11.270994500 -0.035401925 0.021125177 0.090680636 0.995026358
1317401446.357542992 442.499838217 -274.056567940 11.265267348 -0.032530986 0.013252411 0.091639318 0.995172520
1317401446.461437941 443.479893010 -273.875998727 11.216403491 -0.034140442 0.004901260 0.091771061 0.995182637
1317401446.565357924 444.440867188 -273.684537947 11.194901204 -0.036869439 0.001070175 0.091505897 0.995121184
1317401446.669251919 445.380663402 -273.506411110 11.159851903 -0.039774707 0.003904295 0.091081343 0.995041164
1317401446.773121119 446.330743804 -273.310594586 11.162030947 -0.040304075 0.009980576 0.090298770 0.995048794
1317401446.877019882 447.282955124 -273.119291831 11.160493196 -0.040203671 0.013986510 0.089112314 0.995111571
1317401446.980916023 448.242159215 -272.936558098 11.159050334 -0.041477242 0.014506004 0.088824156 0.995077627
1317401447.084784031 449.175886489 -272.765831117 11.120648462 -0.040703064 0.014375046 0.088613516 0.995130275
1317401447.188677073 450.116662650 -272.595162042 11.114472474 -0.038505306 0.013876077 0.088395217 0.995244232
1317401447.292573929 451.050889034 -272.412884544 11.095873886 -0.036837573 0.012564818 0.088377169 0.995326376
1317401447.396468878 451.978160625 -272.253445121 11.074479319 -0.037350799 0.011150826 0.088146939 0.995344510
1317401447.500385046 452.908730839 -272.074807335 11.058398510 -0.034756919 0.011226193 0.087956303 0.995454478
1317401447.604304075 453.819238885 -271.908001429 11.044935124 -0.032984587 0.012559572 0.087934647 0.995500764
1317401447.708222866 454.730097575 -271.741823006 11.029389096 -0.032544383 0.014828354 0.087600201 0.995513530
1317401447.812139988 455.651420355 -271.571818848 11.011391646 -0.030775457 0.016906998 0.086911806 0.995596988
1317401447.916081905 456.569056171 -271.411216084 11.000667651 -0.030712019 0.016503551 0.086154878 0.995671503
1317401448.020047903 457.475414412 -271.237339280 10.978429724 -0.030638865 0.014560681 0.085434920 0.995766098
1317401448.123990059 458.395181400 -271.069370356 10.970321591 -0.030869228 0.011077473 0.084643589 0.995871399
1317401448.227910995 459.293847732 -270.908603953 10.929193563 -0.030258790 0.007693087 0.084634275 0.995922819
1317401448.331784964 460.197853713 -270.749561142 10.929284627 -0.029381595 0.008091043 0.086084126 0.995821661
1317401448.435632944 461.091561420 -270.584096399 10.912904989 -0.030560133 0.012568130 0.088125309 0.995561174
1317401448.539526939 461.981500283 -270.419669024 10.891552883 -0.029973063 0.016479693 0.089599102 0.995390394
1317401448.643445015 462.866109750 -270.244782372 10.883522495 -0.029357868 0.019009820 0.090787313 0.995255950
1317401448.747386932 463.750522589 -270.078071706 10.861695887 -0.030010919 0.019187596 0.091093808 0.995205054
1317401448.851331949 464.642667390 -269.909300666 10.826011599 -0.031170947 0.019086091 0.090845019 0.995194089
1317401448.955275059 465.516305298 -269.741895714 10.808383414 -0.030748213 0.017914610 0.090985915 0.995216146
1317401449.059215069 466.417437282 -269.577557250 10.782900769 -0.029890920 0.017974640 0.090750771 0.995262650
1317401449.163156986 467.284214313 -269.401336619 10.750007227 -0.029801524 0.018576626 0.090885081 0.995242021
1317401449.267124891 468.163538654 -269.238808427 10.727612858 -0.030313383 0.017628187 0.091046649 0.995229046
1317401449.371068001 469.031458962 -269.060892515 10.713484598 -0.031993555 0.015582007 0.091614418 0.995158486
1317401449.475011110 469.902707970 -268.889747313 10.671199995 -0.033204889 0.014034262 0.092224291 0.995085501
1317401449.578970909 470.764871418 -268.726321784 10.644802815 -0.034212433 0.016461562 0.092280627 0.995008951
1317401449.682913065 471.631344658 -268.551886031 10.616526488 -0.034831839 0.019299662 0.092187287 0.994945109
1317401449.786861897 472.503002045 -268.380554270 10.604913597 -0.035374911 0.019359405 0.092141312 0.994929047
1317401449.890829086 473.379917860 -268.205922699 10.593641130 -0.035288267 0.016255163 0.092064592 0.994994783
1317401449.994796991 474.246201192 -268.041687563 10.558270740 -0.034600405 0.013013508 0.092092880 0.995063999
1317401450.098763943 475.110381465 -267.877733566 10.524798132 -0.035890278 0.011276777 0.092048233 0.995043640
1317401450.202730894 476.003140332 -267.702572580 10.497185266 -0.036072618 0.011841166 0.091440579 0.995086516
1317401450.306674004 476.901287317 -267.537753404 10.480816463 -0.037087134 0.013616352 0.091057003 0.995061687
1317401450.410590887 477.798068630 -267.365930707 10.457577923 -0.036355437 0.015688955 0.090954910 0.995067507
1317401450.514509916 478.695256273 -267.191400014 10.423409232 -0.035352855 0.016608239 0.091069617 0.995078222
1317401450.618452072 479.609933340 -267.019093636 10.426522189 -0.035115437 0.014722758 0.091243274 0.995100403
1317401450.722394943 480.506642918 -266.841456793 10.402911392 -0.032003988 0.012344638 0.091508460 0.995213322
1317401450.826338053 481.434489246 -266.674559199 10.368105932 -0.032505917 0.011247461 0.091556848 0.995205609
1317401450.930282354 482.324115270 -266.496142741 10.331098070 -0.030328046 0.013492089 0.091706141 0.995232715
1317401451.034224987 483.228636913 -266.324855701 10.326276717 -0.030130341 0.015426554 0.092065511 0.995177434
1317401451.138191223 484.120837763 -266.155254880 10.306477026 -0.029252281 0.016686760 0.091961015 0.995192960
1317401451.242156982 485.011882036 -265.979121091 10.289142650 -0.030268582 0.015898441 0.091475602 0.995220210
1317401451.346122980 485.911398307 -265.809648119 10.271980918 -0.030959285 0.015061983 0.090774993 0.995276122
1317401451.450088978 486.806928243 -265.635924044 10.258279035 -0.031503102 0.014005490 0.090143831 0.995331849
1317401451.554056883 487.693507867 -265.461744966 10.224531984 -0.032295654 0.013246235 0.089955151 0.995333913
1317401451.658000946 488.570777812 -265.300056535 10.202615433 -0.031903593 0.013191596 0.089837895 0.995357873
1317401451.761941910 489.447058208 -265.128520554 10.198964840 -0.032102540 0.012560790 0.089723925 0.995369917
1317401451.865907907 490.342689285 -264.963317875 10.183498019 -0.031915352 0.011289235 0.089121637 0.995445276
1317401451.969875097 491.220029051 -264.787053699 10.168630575 -0.032343363 0.010587649 0.088778768 0.995469808
1317401452.073848009 492.098551645 -264.622251499 10.126064685 -0.035012548 0.012440497 0.088096924 0.995418649
1317401452.177789927 492.964008502 -264.467623817 10.111838246 -0.037455888 0.016276689 0.087745329 0.995305422
1317401452.281752110 493.842080946 -264.295782379 10.092805014 -0.038955283 0.018671337 0.087617408 0.995217090
1317401452.385746956 494.721754689 -264.134564999 10.080659408 -0.040638684 0.017687953 0.087548914 0.995173764
1317401452.489711761 495.605784774 -263.972847932 10.046948335 -0.042636468 0.016800936 0.087643471 0.995097222
1317401452.593672037 496.465510883 -263.808447974 10.022485613 -0.041305551 0.015904507 0.087698966 0.995163197
1317401452.697639942 497.351140094 -263.647471632 9.996757439 -0.037789119 0.014229801 0.087498586 0.995345916
1317401452.801609993 498.209116434 -263.501740915 9.988443023 -0.037665616 0.012095399 0.087370134 0.995390106
1317401452.905601025 499.095846882 -263.337970688 9.958838499 -0.037274260 0.011325813 0.087051231 0.995441831
1317401453.009593010 500.007067020 -263.183201470 9.908852933 -0.036474803 0.014175934 0.086503542 0.995482681
1317401453.113560915 500.842393410 -263.020707602 9.912643805 -0.034832340 0.017779926 0.086396833 0.995492928
1317401453.217525959 501.725726678 -262.867348118 9.902825617 -0.033345610 0.020119836 0.085905617 0.995541806
1317401453.321511030 502.597144074 -262.705146659 9.865401645 -0.034193206 0.021234597 0.085576046 0.995518286
1317401453.425477982 503.445939233 -262.555436353 9.845672431 -0.034422322 0.021163731 0.085163824 0.995547248
1317401453.529423952 504.326961925 -262.396783905 9.816873261 -0.034362468 0.020294715 0.084853426 0.995593914
1317401453.633392096 505.156116108 -262.236376349 9.790721812 -0.027182688 0.018164648 0.084532667 0.995884218
1317401453.737359762 506.040622974 -262.083139593 9.771550053 -0.029116242 0.015792982 0.084160222 0.995901543
1317401453.841326952 506.860137092 -261.941767184 9.743756172 -0.028239366 0.014167488 0.083947362 0.995969207
1317401453.945295095 507.742076774 -261.786060972 9.710941780 -0.029972170 0.014778561 0.083651522 0.995934579
1317401454.049283981 508.580466970 -261.640639866 9.677870875 -0.032290995 0.016358877 0.083116527 0.995882183
1317401454.153254032 509.460476694 -261.476198684 9.676367271 -0.032991323 0.016624368 0.082845883 0.995877383
1317401454.257199049 510.262752766 -261.335408127 9.656059062 -0.034660956 0.014819502 0.083166067 0.995822477
1317401454.361160994 511.145044496 -261.174981206 9.639407580 -0.034220420 0.014024167 0.083070009 0.995857248
1317401454.465125084 511.987313488 -261.030614377 9.591922943 -0.032832261 0.016322486 0.083028466 0.995872428
1317401454.569092035 512.778680198 -260.893469017 9.578612667 -0.032423252 0.021107063 0.082952030 0.995802282
1317401454.673058987 513.622702552 -260.751719193 9.557003275 -0.031952848 0.024848423 0.082422617 0.995775117
1317401454.777025938 514.447587841 -260.605743641 9.549396743 -0.030730518 0.025305906 0.081756419 0.995856985
1317401454.881016016 515.267716150 -260.461196580 9.510923056 -0.029556165 0.021459974 0.081035934 0.996041706
1317401454.985008240 516.098803941 -260.318305155 9.501834447 -0.028623873 0.015855383 0.080385651 0.996226595
1317401455.088974953 516.916501542 -260.179773724 9.464142375 -0.029652111 0.011262460 0.079845006 0.996302506
1317401455.192941904 517.740672562 -260.038409563 9.435037505 -0.030529419 0.009726350 0.078943693 0.996364013
1317401455.296909094 518.559003720 -259.906299567 9.392240824 -0.033453519 0.012984665 0.078475608 0.996269963
1317401455.400875092 519.364141843 -259.759535059 9.381445645 -0.035256706 0.016527706 0.078178590 0.996178653
1317401455.504817009 520.208430498 -259.610136790 9.370591658 -0.036439668 0.017377627 0.078303800 0.996111783
1317401455.608758926 521.028705582 -259.475039586 9.362690493 -0.035692390 0.015135985 0.078533389 0.996157348
1317401455.712726116 521.868872127 -259.332679665 9.333442360 -0.035756794 0.013752095 0.078531636 0.996175242
1317401455.816668987 522.716055391 -259.200597900 9.294938898 -0.035084451 0.015308919 0.078413398 0.996185754
1317401455.920613050 523.553401109 -259.063823565 9.269439962 -0.034560272 0.016696960 0.078878313 0.996145075
1317401456.024532080 524.400081367 -258.912153780 9.259712879 -0.033554207 0.017291483 0.079878988 0.996089588
1317401456.128427982 525.245390211 -258.778799605 9.234848540 -0.031645139 0.017482931 0.080827031 0.996072248
1317401456.232346058 526.096014142 -258.639983113 9.197989874 -0.031109138 0.018739623 0.081692554 0.995995670
1317401456.336263895 526.968213309 -258.491229287 9.176675685 -0.031961350 0.019709713 0.082031401 0.995922110
1317401456.440182924 527.832553030 -258.336616430 9.155426404 -0.031743582 0.018212620 0.082499422 0.995918918
1317401456.544102907 528.709254969 -258.174172883 9.137813823 -0.030490361 0.014002657 0.083685075 0.995927242
1317401456.647973061 529.579410538 -258.025962682 9.098778992 -0.026985138 0.011573731 0.085349968 0.995918287
1317401456.751821041 530.468076101 -257.870796718 9.073435782 -0.023518342 0.011347376 0.087480770 0.995823900
1317401456.855667114 531.350049903 -257.718173363 9.046388144 -0.021089919 0.014032396 0.089310324 0.995681663
1317401456.959511995 532.253566540 -257.563084443 9.017817115 -0.022718446 0.017754371 0.091013562 0.995432160
1317401457.063381910 533.159407441 -257.381730380 8.991899660 -0.022339859 0.022080475 0.092801725 0.995189039
1317401457.167253017 534.040993022 -257.205430842 8.964571455 -0.022913741 0.023303268 0.093969498 0.995038518
1317401457.271148682 534.983436884 -257.026520638 8.958450042 -0.022062985 0.019579094 0.094317367 0.995105079
1317401457.375067949 535.888717416 -256.842981408 8.919365384 -0.023344378 0.012988316 0.094549175 0.995161694
1317401457.478986979 536.820061054 -256.666066585 8.890185043 -0.024421569 0.008892475 0.094203300 0.995213670
1317401457.582906961 537.727601486 -256.492451906 8.840691017 -0.027767553 0.010382161 0.093832715 0.995146519
1317401457.686825037 538.675782875 -256.310509558 8.827871530 -0.027442933 0.015387778 0.092638667 0.995202582
1317401457.790741920 539.577851291 -256.122957740 8.797367226 -0.026975001 0.020340753 0.091540139 0.995228118
1317401457.894637108 540.513612972 -255.945522566 8.796104982 -0.027653287 0.022190126 0.090872493 0.995231171
1317401457.998507977 541.439041341 -255.759155592 8.758106913 -0.024598546 0.022932991 0.090455115 0.995332538
1317401458.102379084 542.357529878 -255.583279921 8.753500592 -0.026237241 0.020323434 0.090683069 0.995326653
1317401458.206250906 543.259504037 -255.406597198 8.703247047 -0.026835871 0.018726643 0.090754534 0.995335503
1317401458.310120106 544.180047031 -255.228755185 8.674152953 -0.029948505 0.018455233 0.090809388 0.995246777
1317401458.414015055 545.077098473 -255.054862717 8.635620611 -0.032349081 0.020895047 0.090151916 0.995183182
1317401458.517935038 546.004138437 -254.875186703 8.608485275 -0.035482240 0.022841873 0.089305613 0.995109927
1317401458.621851921 546.910734433 -254.705947297 8.570208986 -0.035278609 0.023122448 0.088845707 0.995151854
1317401458.725771666 547.802377551 -254.520765422 8.541291386 -0.032035169 0.020674679 0.088738270 0.995324985
1317401458.829689741 548.714473494 -254.358328283 8.530173111 -0.027970387 0.016716444 0.088166925 0.995572605
1317401458.933609009 549.612630540 -254.182025368 8.499037800 -0.028628583 0.013693745 0.088264381 0.995591425
1317401459.037503958 550.498180092 -254.018701308 8.449265999 -0.029417592 0.014692330 0.088100935 0.995568665
1317401459.141400099 551.397319990 -253.862662334 8.425231791 -0.030584463 0.017547639 0.088284222 0.995471028
1317401459.245318890 552.256262402 -253.699335747 8.411187518 -0.024954319 0.020828291 0.088108378 0.995580423
1317401459.349236012 553.172201585 -253.532703275 8.395600803 -0.024670726 0.021690856 0.087943342 0.995583663
1317401459.453155041 554.075717136 -253.380139272 8.367942170 -0.025637187 0.021518498 0.087686608 0.995585630
1317401459.557074070 554.917734753 -253.223472811 8.348022093 -0.024036116 0.021968647 0.087692448 0.995615226
1317401459.660991907 555.848384280 -253.054330565 8.303362528 -0.018201083 0.024018325 0.087777685 0.995684146
1317401459.764935017 556.686312749 -252.902130963 8.270333672 -0.018268081 0.025235418 0.087578387 0.995670366
1317401459.868901968 557.589846014 -252.741140478 8.248631428 -0.016345711 0.025629341 0.087444067 0.995705524
1317401459.972868919 558.437238062 -252.582127403 8.215280488 -0.020266436 0.023474890 0.087324241 0.995697081
1317401460.076836109 559.290688750 -252.420414503 8.182536102 -0.020467034 0.020830817 0.086873767 0.995791206
1317401460.180804014 560.165928608 -252.255590399 8.146353305 -0.024156021 0.019400002 0.086253346 0.995791387
1317401460.284770012 561.040737291 -252.088436790 8.093911928 -0.024804876 0.020640969 0.085524023 0.995813391
1317401460.388712883 561.899877362 -251.935738393 8.078653630 -0.027194455 0.022640825 0.085169791 0.995737898
1317401460.492655039 562.739485159 -251.791249817 8.037094087 -0.029401602 0.025083159 0.084820939 0.995646418
1317401460.596613884 563.605828327 -251.635087405 8.021839145 -0.027335633 0.025245446 0.084193129 0.995754462
1317401460.700579882 564.445648268 -251.495185831 8.002876254 -0.025796258 0.023691773 0.084059327 0.995845009
1317401460.804532051 565.302195553 -251.335632773 7.956122312 -0.030401816 0.022720466 0.084355476 0.995712641
1317401460.908473969 566.146948684 -251.187617118 7.903623882 -0.031069094 0.024071857 0.084758616 0.995626051
1317401461.012415886 566.981619169 -251.035116507 7.865019907 -0.030911276 0.027828136 0.085313638 0.995485646
1317401461.116365910 567.803768163 -250.894599883 7.842753844 -0.030587561 0.029826304 0.085652618 0.995408671
1317401461.220305920 568.613165359 -250.754456924 7.822126423 -0.032342567 0.028031553 0.085668920 0.995403951
1317401461.324265957 569.390804655 -250.603230677 7.782581860 -0.035882589 0.025293729 0.086297302 0.995301684
1317401461.428256989 570.152358290 -250.454866694 7.735641519 -0.041197431 0.022961291 0.086160774 0.995164244
1317401461.532248020 570.896856364 -250.314040153 7.708648001 -0.040227423 0.022324984 0.085132915 0.995306855
1317401461.636287928 571.638589920 -250.188099921 7.674042380 -0.042624555 0.022293375 0.083587840 0.995338749
1317401461.740375042 572.343109369 -250.057894190 7.644251188 -0.043201522 0.022823148 0.081857913 0.995445636
1317401461.844461918 573.042073594 -249.935115062 7.609159310 -0.046106730 0.025562415 0.079797365 0.995416050
1317401461.948525906 573.705325005 -249.826005379 7.584218915 -0.047377090 0.027928105 0.077617188 0.995465220
1317401462.052635908 574.343181800 -249.713214634 7.576288684 -0.046733239 0.027452737 0.074490679 0.995747704
1317401462.156773090 574.978423500 -249.615919893 7.559522462 -0.042684871 0.024096070 0.070388478 0.996314631
1317401462.260883093 575.582591362 -249.524008242 7.540379455 -0.039704231 0.021462733 0.066223163 0.996783536
1317401462.365017891 576.180754124 -249.442860183 7.515163487 -0.037141954 0.020234664 0.061172299 0.997230657
1317401462.469151020 576.740838241 -249.375652281 7.482072135 -0.036581116 0.020954731 0.056592375 0.997506904
1317401462.573236942 577.293486531 -249.308791282 7.473307455 -0.034478048 0.023164517 0.052281126 0.997768186
1317401462.677323103 577.823305342 -249.241424675 7.456454543 -0.031791648 0.025111676 0.048151816 0.998018085
1317401462.781410933 578.356807296 -249.204469606 7.456925581 -0.029461049 0.025649372 0.043955807 0.998269524
1317401462.885497093 578.868748549 -249.146373029 7.438225023 -0.029864881 0.025087481 0.040397620 0.998422125
1317401462.989583969 579.368637033 -249.114296112 7.410776709 -0.029522550 0.024026779 0.036555655 0.998606437
1317401463.093599081 579.884928219 -249.077543862 7.386554159 -0.026092676 0.022932575 0.033546055 0.998833285
1317401463.197570086 580.374593966 -249.043570347 7.374725129 -0.021295260 0.019882910 0.032017848 0.999062580
1317401463.301513910 580.868931701 -249.002333748 7.373891249 -0.017353239 0.016432909 0.031754780 0.999209917
1317401463.405428886 581.341466455 -248.972717974 7.363826094 -0.018064414 0.014542795 0.032114471 0.999215114
1317401463.509323120 581.817798187 -248.929478630 7.345704576 -0.021849297 0.014237481 0.033782074 0.999088922
1317401463.613181114 582.266180887 -248.898447819 7.310677432 -0.023554845 0.014030774 0.036808119 0.998946179
1317401463.717004061 582.708083996 -248.865354750 7.293707663 -0.019130594 0.015399635 0.040304768 0.998885578
1317401463.820813894 583.129291221 -248.836370074 7.310150676 -0.014329731 0.018197036 0.044415654 0.998744600
1317401463.924613953 583.549170501 -248.796817027 7.310373168 -0.012081618 0.019620071 0.049478042 0.998509394
1317401464.028363943 583.957733559 -248.733268483 7.311366827 -0.012644618 0.020232391 0.055581223 0.998169070
1317401464.132113934 584.352090160 -248.686572450 7.311903394 -0.014490131 0.020257190 0.062873762 0.997710666
1317401464.235863924 584.730169032 -248.621874455 7.289793613 -0.016817507 0.019786400 0.070694124 0.997159972
1317401464.339590073 585.098607422 -248.559611273 7.268217975 -0.017171787 0.018450463 0.079264142 0.996534950
1317401464.443293095 585.469060944 -248.495783911 7.260178792 -0.014807886 0.016568165 0.088613140 0.995818223
1317401464.546972990 585.820998454 -248.421026736 7.249032061 -0.011789350 0.015493294 0.098651983 0.994931533
1317401464.650625944 586.179572571 -248.360564598 7.249450684 -0.010696094 0.015893058 0.110161740 0.993729035
1317401464.754257917 586.517472563 -248.254966896 7.225800732 -0.010928132 0.016799774 0.123532900 0.992138078
1317401464.857914925 586.837015724 -248.160562482 7.219143861 -0.009931970 0.017717458 0.138187413 0.990197802
1317401464.961591959 587.155936026 -248.051206646 7.217073731 -0.009350788 0.018572009 0.154174147 0.987824871
1317401465.065291882 587.467137488 -247.943046970 7.217532922 -0.011084537 0.019427050 0.171090000 0.985001490
1317401465.169020891 587.762781707 -247.823562247 7.203137587 -0.014073980 0.019585543 0.188262247 0.981822619
1317401465.272748947 588.038395735 -247.712055430 7.188316994 -0.014289418 0.020816935 0.204975148 0.978441443
1317401465.376499891 588.322346633 -247.578219091 7.176102233 -0.012104092 0.022082279 0.221170019 0.974910092
1317401465.480273962 588.598395750 -247.434884879 7.179852322 -0.009355941 0.023684253 0.237120145 0.971146518
1317401465.584049940 588.866839966 -247.298171491 7.178364660 -0.009649556 0.025014355 0.253070991 0.967076130
1317401465.687849045 589.142894674 -247.143005228 7.161705021 -0.010509213 0.025680329 0.268787285 0.962799809
1317401465.791624308 589.401139244 -246.972730201 7.142316499 -0.011741766 0.026591005 0.284856103 0.958129454
1317401465.895399094 589.665633988 -246.806809766 7.123222128 -0.011914162 0.027709349 0.300991621 0.953149668
1317401465.999171019 589.931298779 -246.601785863 7.109187060 -0.011310084 0.029226210 0.316978111 0.947914969
1317401466.102921963 590.195160515 -246.383221782 7.095699336 -0.010025636 0.030886570 0.333621828 0.942147538
1317401466.206697941 590.461971210 -246.163228327 7.078397389 -0.008286256 0.032353202 0.350685842 0.935897456
1317401466.310471058 590.731281554 -245.918216181 7.071378157 -0.008171349 0.033991355 0.367849214 0.929228052
1317401466.414246798 590.988588826 -245.666583158 7.050037115 -0.008493367 0.034388497 0.384815870 0.922313417
1317401466.518023968 591.248992680 -245.395271738 7.024890868 -0.008129098 0.033874454 0.402120624 0.914923736
1317401466.621774197 591.502062410 -245.108251601 6.993506545 -0.006409471 0.033509561 0.419817496 0.906967088
1317401466.725500107 591.759417340 -244.798818978 6.971134857 -0.003563469 0.033624641 0.437954398 0.898361080
1317401466.829251051 591.998490745 -244.473214827 6.947991288 -0.000989766 0.034382082 0.456431162 0.889093632
1317401466.933027029 592.228858918 -244.128990500 6.927204539 0.000547425 0.035899932 0.475138062 0.879178433
1317401467.036801100 592.461348485 -243.753600377 6.907008868 0.001326190 0.038001433 0.493913350 0.868679305
1317401467.140551090 592.673953839 -243.374405619 6.878953233 0.002148331 0.039393233 0.512927217 0.857525060
1317401467.244302034 592.868805529 -242.969656559 6.856606597 0.003754004 0.040664984 0.532510946 0.845437377
1317401467.348052025 593.062940291 -242.560192661 6.836670823 0.005327286 0.042081546 0.552217636 0.832620229
1317401467.451778889 593.240478948 -242.118195351 6.812671929 0.007104219 0.043486700 0.572113138 0.818990229
1317401467.555505991 593.376173717 -241.666927081 6.788577723 0.009842276 0.044979495 0.592197452 0.804476322
1317401467.659256935 593.541168866 -241.193864890 6.763559206 0.012345419 0.046060558 0.612896544 0.788722918
1317401467.763031960 593.648242409 -240.717075588 6.739771648 0.013978622 0.046049655 0.632819759 0.772802161
1317401467.866830111 593.722873061 -240.220733626 6.710551796 0.014761310 0.046171083 0.652010480 0.756658885
1317401467.970702887 593.834562166 -239.660921114 6.682100121 0.015013780 0.046166112 0.670725295 0.740115434
1317401468.074620962 593.874933656 -239.117571225 6.660261937 0.015526061 0.046252420 0.687681721 0.724371110
1317401468.178560972 593.926433139 -238.499664272 6.633588337 0.016178488 0.046278280 0.703795276 0.708709240
1317401468.282576084 593.946621920 -237.899007640 6.610137565 0.016579586 0.045961099 0.717937862 0.694390324
1317401468.386663914 593.943952029 -237.252787677 6.585064610 0.016369811 0.044836191 0.730246019 0.681514855
1317401468.490823030 593.921423272 -236.596954482 6.556525947 0.015802771 0.042890515 0.740565584 0.670427693
1317401468.595056057 593.875289745 -235.908339845 6.532714416 0.015480016 0.041454039 0.748846412 0.661264685
1317401468.699335098 593.806896945 -235.195746798 6.509628863 0.014858068 0.040166409 0.755477908 0.653772918
1317401468.803637028 593.715710501 -234.461077330 6.484081533 0.014125052 0.039041225 0.760362255 0.648170893
1317401468.907962084 593.597266316 -233.720983525 6.463078184 0.012990212 0.037907163 0.763087022 0.645052322
1317401469.012336016 593.476474946 -232.941578827 6.441701804 0.012294916 0.037280496 0.764652963 0.643245556
1317401469.116710901 593.327477113 -232.119563542 6.416086675 0.011540076 0.036431506 0.764629502 0.643336068
1317401469.221038103 593.169795114 -231.258138300 6.394742381 0.010796381 0.035783318 0.764324791 0.643747315
1317401469.325341940 593.006863381 -230.344790818 6.362260220 0.010918603 0.036071019 0.763707117 0.644461873
1317401469.429596901 592.845037936 -229.461073846 6.343429637 0.012604956 0.036341080 0.763113319 0.645118983
1317401469.533802986 592.699472577 -228.610772217 6.326974507 0.014307154 0.034807488 0.762667787 0.645694657
1317401469.638009071 592.543450809 -227.711178583 6.301715010 0.015619517 0.032902335 0.762094957 0.646440054
1317401469.742166996 592.377730947 -226.815935421 6.274773480 0.015851308 0.032454983 0.761743890 0.646870665
1317401469.846302032 592.225255405 -225.868684812 6.253053892 0.015099502 0.033351994 0.761330333 0.647329726
1317401469.950436115 592.059621488 -224.896873832 6.236713144 0.014211083 0.034232746 0.760904195 0.647804732
1317401470.054522991 591.894961129 -223.874763619 6.219936514 0.014320700 0.034879028 0.760700819 0.648006663
1317401470.158561945 591.719330572 -222.869991205 6.199145572 0.014761278 0.034832110 0.760803624 0.647878596
1317401470.262602091 591.537513360 -221.825067690 6.175385443 0.015035334 0.034953715 0.761134359 0.647477153
1317401470.366617918 591.360840744 -220.773350289 6.149675303 0.014912049 0.035608662 0.761514095 0.646997633
1317401470.470609903 591.168315686 -219.665259879 6.127191583 0.014186396 0.035720692 0.762029325 0.646400871
1317401470.574600935 590.973281893 -218.554675100 6.104196405 0.014030477 0.036829195 0.762427865 0.645871896
1317401470.678566933 590.780638564 -217.438858373 6.079498369 0.013344569 0.037159323 0.763290328 0.644848030
1317401470.782532215 590.586296499 -216.315110887 6.058866588 0.013143118 0.037010591 0.763869749 0.644174263
1317401470.886497021 590.381414662 -215.168546064 6.029886995 0.012894387 0.037046557 0.764211446 0.643771818
1317401470.990466118 590.175047727 -214.000568744 5.997583412 0.012303225 0.036122918 0.764507718 0.643484043
1317401471.094433069 589.969614092 -212.822664989 5.976881264 0.012295444 0.035551551 0.764654400 0.643341712
1317401471.198373079 589.750154975 -211.645102338 5.943530788 0.011678971 0.035077807 0.764849139 0.643147684
1317401471.302318096 589.530276784 -210.419571517 5.920823235 0.011524562 0.035743025 0.764995633 0.642939580
1317401471.406260967 589.298477706 -209.174076211 5.891473542 0.011292285 0.036566338 0.765368806 0.642453095
1317401471.510179043 589.082948647 -207.951793806 5.866762761 0.011069125 0.037755738 0.765935030 0.641712949
1317401471.614098072 588.848200113 -206.726868175 5.846232144 0.010427269 0.039192286 0.766531935 0.640924355
1317401471.718017101 588.631683678 -205.501987847 5.813826947 0.008781705 0.040842719 0.767306641 0.639918176
1317401471.821934938 588.405911752 -204.259277904 5.784052182 0.007217008 0.041732499 0.767867242 0.639207488
1317401471.925854921 588.177402926 -203.052614827 5.760935650 0.005993759 0.041896028 0.768148251 0.638871711
1317401472.029772997 587.936921187 -201.813058959 5.720438957 0.005250784 0.041255020 0.768124908 0.638948025
1317401472.133691788 587.709310740 -200.600793333 5.683832476 0.005319573 0.040704650 0.767842653 0.639321902
1317401472.237587929 587.484768295 -199.419928474 5.645261758 0.005486867 0.040257980 0.767622568 0.639612994
1317401472.341456890 587.241684384 -198.170778577 5.602808055 0.005596339 0.040901772 0.767526514 0.639686468
1317401472.445327759 587.014446836 -196.976722740 5.572862893 0.005483557 0.041682081 0.767705561 0.639422166
1317401472.549175978 586.780656685 -195.753163171 5.531687361 0.005586810 0.041918691 0.767964683 0.639094560
1317401472.652997971 586.547530511 -194.527338726 5.495945846 0.005483489 0.041422700 0.768298120 0.638726930
1317401472.756843090 586.315549554 -193.317705450 5.456652398 0.005805083 0.041842781 0.768438852 0.638527378
1317401472.860690832 586.093022256 -192.152167361 5.422979398 0.005519122 0.041413216 0.768698109 0.638245801
1317401472.964490891 585.866564629 -190.968854939 5.384775745 0.005792518 0.041742008 0.768726647 0.638187585
1317401473.068288088 585.638017129 -189.787612516 5.343271924 0.006014870 0.042054224 0.768751004 0.638135689
1317401473.172085047 585.396268061 -188.552192293 5.307896965 0.005721266 0.042228974 0.768756946 0.638119691
1317401473.275886059 585.165901164 -187.370277133 5.267926677 0.005543273 0.043441988 0.768530062 0.638313096
1317401473.379708052 584.946556388 -186.208145172 5.230783077 0.004889136 0.042208411 0.768425519 0.638527030
1317401473.483505964 584.706454062 -184.973215012 5.194133003 0.006314443 0.041409153 0.768145799 0.638903312
1317401473.587306023 584.475496063 -183.776914272 5.153505228 0.005684716 0.040058112 0.768056938 0.639102161
1317401473.691129923 584.262650664 -182.675468249 5.111955533 0.004496334 0.040549014 0.767882617 0.639290112
1317401473.794930935 584.040772597 -181.512658515 5.075918763 0.003862102 0.041646962 0.767753641 0.639378574
1317401473.898705006 583.808695139 -180.263076097 5.043186906 0.005751843 0.041368887 0.767587933 0.639581345
1317401474.002501965 583.586460477 -179.075320366 5.013185454 0.007564042 0.039719453 0.767535392 0.639730078
1317401474.106300116 583.354178979 -177.877239439 4.969364943 0.008171614 0.039064908 0.767449480 0.639865966
1317401474.210100889 583.139247376 -176.739083095 4.934847654 0.007645995 0.039181394 0.767342321 0.639993843
1317401474.313924074 582.916063722 -175.538241896 4.908583790 0.007382314 0.039859844 0.767254978 0.640059757
1317401474.417722225 582.698557133 -174.388446701 4.886600696 0.007039221 0.039922244 0.767206394 0.640117968
1317401474.521495104 582.481247729 -173.223158090 4.853720215 0.006982876 0.039995080 0.767140071 0.640193521
1317401474.625267982 582.257934620 -172.048902610 4.819759538 0.006197092 0.039916380 0.767113277 0.640238627
1317401474.729018927 582.037076526 -170.875709957 4.790191221 0.006021420 0.040328489 0.767048653 0.640291901
1317401474.832771063 581.821362478 -169.730116064 4.759789676 0.005882818 0.040213134 0.767086188 0.640255477
1317401474.936523914 581.606211027 -168.572677568 4.725882577 0.006047009 0.040348827 0.767120187 0.640204674
1317401475.040272951 581.387032178 -167.432343699 4.692735468 0.006227958 0.040459262 0.767201367 0.640098682
1317401475.144027948 581.172260809 -166.271694012 4.657556355 0.006404470 0.040561918 0.767257821 0.640022773
1317401475.247756958 580.950879097 -165.126569309 4.627688406 0.006596448 0.040679220 0.767521811 0.639696770
1317401475.351476908 580.736091590 -163.998496454 4.594554714 0.006862982 0.040601760 0.767850376 0.639304463
1317401475.455178976 580.518528963 -162.863733367 4.564058236 0.007047482 0.041081238 0.768279007 0.638756630
1317401475.558881044 580.297003273 -161.727525252 4.527395774 0.006445086 0.042031944 0.768984357 0.637851734
1317401475.662585974 580.074875513 -160.603711649 4.496242500 0.004721708 0.043971338 0.769862529 0.636675674
1317401475.766288042 579.844707644 -159.440234146 4.457680641 0.003616269 0.045747254 0.770967243 0.635219349
1317401475.869988918 579.621346271 -158.341438582 4.420463051 0.003412975 0.046466790 0.772433786 0.633383955
1317401475.973691940 579.397805493 -157.237627572 4.379231142 0.003024722 0.045656848 0.774213447 0.631268438
1317401476.077394962 579.149498089 -156.113043082 4.334500472 0.003199916 0.044392223 0.776430244 0.628629595
1317401476.181097984 578.899993154 -155.006850711 4.295311235 0.003600523 0.042976774 0.778633500 0.625995132
1317401476.284800053 578.654286832 -153.911331714 4.252722379 0.003542902 0.041915021 0.780906401 0.623230111
1317401476.388504028 578.381849968 -152.800920783 4.210040010 0.003234115 0.041875614 0.783422973 0.620068075
1317401476.492208242 578.118527834 -151.709371704 4.172482370 0.002823800 0.042413959 0.786191060 0.616519830
1317401476.595911026 577.842088930 -150.624613721 4.143312298 0.002911461 0.042760010 0.788905985 0.613017496
1317401476.699635983 577.564942565 -149.562166512 4.108545103 0.003258648 0.042432625 0.791388499 0.609830384
1317401476.803385973 577.276644243 -148.474124873 4.073892575 0.002432829 0.041111538 0.793664536 0.606960071
1317401476.907186031 576.977664339 -147.390358064 4.031023206 0.000653835 0.040035906 0.795395381 0.604766804
1317401477.011032104 576.678552296 -146.324719901 3.993651644 0.000223663 0.038433941 0.796505958 0.603407857
1317401477.114928961 576.374088431 -145.274574113 3.970650997 0.003144865 0.035640720 0.797378152 0.602418402
1317401477.218823910 576.063038191 -144.218419612 3.943296931 0.006325378 0.031792945 0.798251294 0.601451635
1317401477.322715998 575.753429543 -143.176513316 3.908522026 0.009735587 0.030229405 0.798897872 0.600627665
1317401477.426635027 575.451770491 -142.131507038 3.890543028 0.009649930 0.030493438 0.799515721 0.599792998
1317401477.530529976 575.143565852 -141.088864888 3.864536752 0.006907841 0.032263069 0.799910587 0.599211506
1317401477.634427071 574.836080963 -140.054774519 3.874835798 0.004882377 0.033226969 0.800318737 0.598633486
1317401477.738347054 574.536502485 -139.030289861 3.857440835 0.005196931 0.031925826 0.800361202 0.598644869
1317401477.842264175 574.222544742 -138.006194131 3.833343545 0.005329047 0.029955975 0.800071818 0.599132145
1317401477.946206093 573.939272479 -136.987314367 3.798516431 0.004024492 0.030218970 0.799325644 0.600124264
1317401478.050198078 573.638175040 -135.951821359 3.791996366 0.000759785 0.032769321 0.797931237 0.601856574
1317401478.154189110 573.352663647 -134.929755059 3.755490917 -0.004930005 0.034499306 0.796229105 0.603990650
1317401478.258177996 573.057479721 -133.902273483 3.735274227 -0.007118016 0.036233014 0.793880360 0.606951791
1317401478.362190962 572.768930544 -132.877332951 3.711087618 -0.007768434 0.034536016 0.791454850 0.610201717
1317401478.466181040 572.481689078 -131.845898972 3.659582042 -0.009318340 0.031848537 0.788864244 0.613670957
1317401478.570147991 572.200276787 -130.822046963 3.602448330 -0.011169088 0.029642222 0.786493622 0.616785515
1317401478.674113989 571.932774585 -129.786952959 3.565807507 -0.012376877 0.028339777 0.784059964 0.619914222
1317401478.778081894 571.672854219 -128.736028817 3.519345815 -0.013936544 0.026473406 0.781631082 0.623023100
1317401478.882050037 571.419349686 -127.672691470 3.469729026 -0.015656181 0.025100960 0.779108085 0.626191199
1317401478.986017942 571.183392577 -126.622287345 3.420379550 -0.017206270 0.023008620 0.776705454 0.629208380
1317401479.089984655 570.937326532 -125.554069989 3.366758776 -0.017733517 0.021264704 0.774403698 0.632085633
1317401479.193974972 570.708281068 -124.494860189 3.316568432 -0.017294528 0.019237047 0.772037559 0.635050268
1317401479.297967911 570.480603953 -123.402395756 3.273684043 -0.015954325 0.017943251 0.769754720 0.637888055
1317401479.401910067 570.271755607 -122.316663679 3.224992372 -0.015471625 0.017322637 0.767680196 0.640412110
1317401479.505827188 570.056497056 -121.226321464 3.177172007 -0.015617757 0.019237439 0.766074045 0.642274524
1317401479.609721899 569.847022760 -120.112472048 3.142819043 -0.015831131 0.021922132 0.765077574 0.643370112
1317401479.713568926 569.642319022 -119.020674114 3.100055710 -0.015762495 0.023025286 0.764908122 0.643534727
1317401479.817415953 569.447299494 -117.919734689 3.052163181 -0.015590160 0.022298784 0.764771790 0.643726511
1317401479.921262026 569.241390673 -116.803159950 3.000421430 -0.015302156 0.021693944 0.764752736 0.643776723
1317401480.025110960 569.041351838 -115.680206790 2.949735012 -0.015362742 0.021276235 0.764604432 0.643965348
1317401480.128982067 568.839930598 -114.564041366 2.901892044 -0.014892123 0.021569293 0.764624165 0.643943225
1317401480.232826948 568.636716648 -113.442699784 2.856516583 -0.014566924 0.022048886 0.764823391 0.643697780
1317401480.336648941 568.434847623 -112.305826797 2.809733828 -0.014671990 0.022451720 0.765065943 0.643393158
1317401480.440496922 568.227182401 -111.173572484 2.761346090 -0.014841602 0.023071342 0.765263531 0.643132310
1317401480.544343948 568.023204887 -110.031095736 2.716717250 -0.014758433 0.023684218 0.765770794 0.642507850
1317401480.648164749 567.812774288 -108.889251882 2.672562236 -0.015031002 0.023798476 0.765958163 0.642273924
1317401480.751987934 567.608477242 -107.757385368 2.626377414 -0.015183347 0.024069130 0.766441529 0.641683353
1317401480.855838060 567.393175943 -106.612616457 2.573704638 -0.015432929 0.024307374 0.766788731 0.641253475
1317401480.959685087 567.184783685 -105.493726156 2.530339122 -0.014855646 0.025591793 0.767145867 0.640789816
1317401481.063504934 566.970337567 -104.362704386 2.487230904 -0.015252718 0.025375896 0.767448627 0.640426439
1317401481.167352915 566.753999061 -103.229369477 2.431320931 -0.015758278 0.025287697 0.767758260 0.640046455
1317401481.271199942 566.544590820 -102.118953889 2.387309462 -0.016864103 0.024347939 0.768013977 0.639747850
1317401481.375045061 566.323960849 -100.971113974 2.339071177 -0.015881910 0.024021593 0.768034068 0.639761204
1317401481.478915930 566.112692394 -99.866810987 2.296755631 -0.015564468 0.022341409 0.767888634 0.640004418
1317401481.582787991 565.897050088 -98.767649763 2.245244731 -0.014641250 0.022550543 0.767898379 0.640007176
1317401481.686657906 565.688698308 -97.622588534 2.197995800 -0.015792580 0.022609610 0.767753508 0.640151506
1317401481.790529013 565.473750422 -96.520901819 2.156890498 -0.015682100 0.023914780 0.767586516 0.640307032
1317401481.894398928 565.262198882 -95.415949646 2.118601858 -0.015871050 0.023546885 0.767516398 0.640400057
1317401481.998267889 565.049588346 -94.313461924 2.063510389 -0.015935257 0.023597219 0.767483425 0.640436126
1317401482.102140903 564.847078819 -93.232486978 2.020250395 -0.016402641 0.024130354 0.767493086 0.640392882
1317401482.206037045 564.633938391 -92.112522941 1.980976582 -0.016291509 0.024466444 0.767338729 0.640567916
1317401482.309931040 564.431103117 -91.042936469 1.935544137 -0.015736879 0.024180880 0.767439538 0.640471851
1317401482.413800955 564.227443666 -89.943581593 1.883597469 -0.016025834 0.023584043 0.767310833 0.640641125
1317401482.517671824 564.015076206 -88.857798311 1.845267315 -0.015711479 0.024660345 0.767297745 0.640624061
1317401482.621542931 563.808348243 -87.785324193 1.800031639 -0.015973853 0.025295163 0.767235246 0.640667673
1317401482.725413084 563.610797296 -86.699924337 1.755777910 -0.016239183 0.025113670 0.767205061 0.640704290
1317401482.829282999 563.397325290 -85.619790156 1.713903923 -0.016079255 0.024973142 0.767149796 0.640779986
1317401482.933155060 563.202899757 -84.581803826 1.668345514 -0.016212821 0.024728382 0.767056639 0.640897624
1317401483.037050009 562.995735472 -83.510310293 1.619486126 -0.016060231 0.024591990 0.766823759 0.641185328
1317401483.140945911 562.800664938 -82.445235702 1.577226656 -0.015869743 0.023647036 0.766589411 0.641505763
1317401483.244839907 562.603305494 -81.396911369 1.534210851 -0.015559497 0.022932822 0.766180714 0.642027337
1317401483.348758936 562.407344927 -80.355014224 1.490781148 -0.015559050 0.022933415 0.765852828 0.642418416
1317401483.452653170 562.202624271 -79.228627435 1.445578816 -0.015277056 0.024551994 0.765627665 0.642633713
1317401483.556545973 562.012213886 -78.232628673 1.397551072 -0.017849244 0.024999431 0.765492521 0.642711159
1317401483.660464048 561.823098953 -77.171243004 1.352640340 -0.018929712 0.026134792 0.765434960 0.642703634
1317401483.764384031 561.627817333 -76.113270635 1.304890312 -0.019284098 0.026443196 0.765425150 0.642692167
1317401483.868279696 561.440389867 -75.101878960 1.258710500 -0.018874521 0.025552787 0.765437334 0.642725832
1317401483.972173929 561.247208975 -74.048357133 1.203870115 -0.018682096 0.024842231 0.765573386 0.642597256
1317401484.076069117 561.053957463 -72.977133741 1.142576772 -0.019846499 0.023377117 0.765619580 0.642562282
1317401484.179939985 560.863970267 -71.978007743 1.101932957 -0.018861972 0.024802597 0.765671926 0.642476115
1317401484.283834934 560.668172893 -70.924398301 1.053435407 -0.018486499 0.024127334 0.765694639 0.642485674
1317401484.387729883 560.477655533 -69.894980273 1.004373098 -0.018476225 0.024357416 0.765762021 0.642396974
1317401484.491624117 560.291087064 -68.852263638 0.945753656 -0.019280261 0.024306634 0.765808562 0.642319785
1317401484.595566034 560.106586531 -67.846965052 0.905622743 -0.019118441 0.024930582 0.765780254 0.642334456
1317401484.699510098 559.917050875 -66.817093507 0.860712675 -0.018399705 0.025026835 0.765679764 0.642471483
1317401484.803430080 559.729433261 -65.784520039 0.805999742 -0.019056114 0.024241188 0.765531445 0.642659191
1317401484.907372952 559.536828897 -64.770906822 0.764572525 -0.018461122 0.025769029 0.765038593 0.643203775
1317401485.011338949 559.346528392 -63.731563966 0.708355013 -0.019503459 0.025555283 0.764677917 0.643610306
1317401485.115304947 559.169835226 -62.734760915 0.663437681 -0.019488824 0.026164691 0.764106415 0.644264683
1317401485.219247103 558.988635046 -61.744534160 0.622835195 -0.019201220 0.026102918 0.763751859 0.644696091
1317401485.323191881 558.798093756 -60.716455653 0.570232960 -0.018754546 0.025848279 0.763425944 0.645105388
1317401485.427134037 558.624896628 -59.718725262 0.514398631 -0.019217588 0.025140830 0.763111570 0.645491560
1317401485.531053066 558.451576778 -58.729031246 0.467754204 -0.019613769 0.025663254 0.762834142 0.645786938
1317401485.634994984 558.279785449 -57.736427673 0.422600672 -0.020063538 0.026043460 0.762759176 0.645846446
1317401485.738936901 558.106171548 -56.750304018 0.371631905 -0.020494731 0.025412643 0.762907094 0.645683304
1317401485.842856884 557.933942619 -55.790890933 0.331355848 -0.019655662 0.025074780 0.763044709 0.645559976
1317401485.946774960 557.771137465 -54.829950231 0.290404971 -0.019010818 0.024193171 0.763243619 0.645377764
1317401486.050693035 557.587301716 -53.889125553 0.238339318 -0.018311698 0.024667848 0.763402615 0.645191930
1317401486.154611111 557.437089847 -52.983867682 0.196853321 -0.018672911 0.025569838 0.763643082 0.644861807
1317401486.258506060 557.275540590 -52.060652611 0.154244337 -0.019494459 0.025893765 0.763725414 0.644727051
1317401486.362402916 557.117479640 -51.174539897 0.126236881 -0.018490320 0.026754814 0.763967625 0.644434446
1317401486.466346025 556.954693822 -50.305978226 0.085168275 -0.017331468 0.025869266 0.764217632 0.644206342
1317401486.570264101 556.800148944 -49.461858154 0.037617344 -0.017315934 0.025245315 0.764455715 0.643948983
1317401486.674160242 556.648102038 -48.598061930 -0.003594879 -0.017772458 0.025328584 0.764401953 0.643997094
1317401486.778100967 556.487200960 -47.758750702 -0.036693636 -0.017848674 0.025552732 0.764370117 0.644023918
1317401486.882041931 556.346925010 -46.929351782 -0.073058591 -0.017743688 0.025114329 0.764260779 0.644173807
1317401486.985985041 556.198392376 -46.120777752 -0.106673850 -0.017861413 0.024265327 0.764161185 0.644321230
1317401487.089951992 556.056094813 -45.316970618 -0.141484581 -0.018082871 0.024442373 0.763964845 0.644541151
1317401487.193895817 555.915206262 -44.531566596 -0.179426909 -0.018685638 0.024365117 0.763626517 0.644927694
1317401487.297863007 555.793285471 -43.764429983 -0.207242479 -0.018958202 0.024377505 0.763136636 0.645498876
1317401487.401851892 555.637481923 -43.018069154 -0.242048212 -0.019747651 0.023356618 0.762252519 0.646556723
1317401487.505867958 555.515742059 -42.270840895 -0.270904726 -0.019872129 0.022758782 0.760625087 0.648487944
1317401487.609930992 555.398208057 -41.558398817 -0.308099212 -0.020666244 0.022005795 0.758625279 0.650827425
1317401487.713993073 555.274445603 -40.847200513 -0.341426260 -0.021541980 0.022288335 0.755968364 0.653873846
1317401487.818081141 555.179138769 -40.166372269 -0.371394920 -0.021776746 0.022680872 0.753133286 0.657116127
1317401487.922168016 555.082003925 -39.490316531 -0.394211502 -0.021694209 0.023014523 0.749969574 0.660715771
1317401488.026256084 554.992816854 -38.843080650 -0.420698032 -0.021607982 0.022647577 0.746455532 0.664698670
1317401488.130342007 554.914222822 -38.215293684 -0.447346503 -0.020740012 0.021641743 0.743001989 0.668617627
1317401488.234405041 554.838181587 -37.580303592 -0.482474396 -0.020080659 0.020872717 0.739249079 0.672808960
1317401488.338466883 554.778455172 -36.965462058 -0.505964584 -0.019962146 0.021086693 0.735276194 0.677145318
1317401488.442504883 554.719576299 -36.356617891 -0.527681981 -0.019537586 0.021826094 0.731073708 0.681669376
1317401488.546518087 554.683626841 -35.758552816 -0.557709697 -0.018624164 0.022484454 0.727258879 0.685742016
1317401488.650507927 554.643561172 -35.167515463 -0.577202913 -0.017261035 0.023515253 0.723417663 0.689794154
1317401488.754476070 554.608432107 -34.591023415 -0.600760088 -0.016450045 0.024461454 0.720000097 0.693347599
1317401488.858418941 554.589753444 -34.009816369 -0.626830433 -0.015334242 0.025748314 0.716761841 0.696673775
1317401488.962312937 554.573657619 -33.439776828 -0.651580298 -0.013907849 0.027185993 0.713804294 0.699679157
1317401489.066205978 554.565542919 -32.900197053 -0.672512308 -0.012597212 0.029388916 0.711318616 0.702142028
1317401489.170125961 554.566064068 -32.329478120 -0.695295707 -0.011704211 0.031078525 0.708947396 0.704479046
1317401489.274023056 554.552946860 -31.780625135 -0.716069193 -0.010820599 0.032418425 0.706670419 0.706716972
1317401489.377918005 554.549770017 -31.235982558 -0.741411384 -0.010029800 0.033972150 0.704546139 0.708773612
1317401489.481836081 554.552523790 -30.703002517 -0.763720346 -0.009173047 0.035875475 0.702231789 0.710984754
1317401489.585777044 554.560829408 -30.171723680 -0.787638729 -0.008143618 0.037131970 0.700087661 0.713044294
1317401489.689718962 554.567258222 -29.652046043 -0.808526866 -0.007034718 0.038093750 0.697570952 0.715467781
1317401489.793663025 554.584911693 -29.131357704 -0.837587088 -0.006602246 0.038756221 0.694934038 0.717997945
1317401489.897629023 554.594759143 -28.636048917 -0.860295842 -0.005577006 0.039917993 0.691987864 0.720783079
1317401490.001596928 554.618015776 -28.118948051 -0.883721805 -0.004762064 0.040852124 0.688958425 0.723632997
1317401490.105591059 554.639918970 -27.654188922 -0.908152669 -0.004159890 0.041582310 0.685925483 0.726470811
1317401490.209606886 554.667424742 -27.179740615 -0.927249838 -0.003908068 0.042444247 0.682611368 0.729537479
1317401490.313617945 554.697516069 -26.720386519 -0.953214040 -0.004319020 0.043208769 0.678776470 0.733059924
1317401490.417632103 554.738684590 -26.270184880 -0.980462119 -0.003823161 0.044183498 0.674688850 0.736768727
1317401490.521670103 554.767259143 -25.830615534 -0.997991183 -0.002629224 0.044752599 0.670119964 0.740897784
1317401490.625734091 554.808855862 -25.421611497 -1.015868371 -0.001392675 0.044908485 0.665057585 0.745439264
1317401490.729798079 554.840885346 -25.015086626 -1.032426050 -0.001245392 0.044010180 0.659529302 0.750388334
1317401490.833884001 554.890831949 -24.627522366 -1.059686528 -0.001618387 0.042845893 0.653481292 0.755727340
1317401490.937994003 554.943476315 -24.248797927 -1.081129511 -0.001376014 0.041371470 0.646769263 0.761561572
1317401491.042104006 554.993296522 -23.868174667 -1.107368310 -0.000847864 0.039836571 0.639250470 0.767965602
1317401491.146239996 555.065402428 -23.498712502 -1.125014171 -0.000392515 0.039101986 0.630907659 0.774871864
1317401491.250421047 555.157751197 -23.132950966 -1.146043216 -0.000874638 0.039140745 0.621542419 0.782401597
1317401491.354626894 555.218124368 -22.781664116 -1.161290746 -0.002091746 0.040143746 0.611130533 0.790508429
1317401491.458811045 555.304109830 -22.500818091 -1.178633984 -0.002350338 0.041595826 0.600850444 0.798275020
1317401491.562947989 555.377503878 -22.225882156 -1.190483735 -0.001104105 0.042810993 0.590576721 0.805844362
1317401491.667033911 555.442252085 -21.994994100 -1.193506464 -0.000697091 0.043487333 0.581235683 0.812572118
1317401491.771073103 555.509710247 -21.809096451 -1.214012223 -0.001633089 0.042520590 0.572875730 0.818536945
1317401491.875065088 555.569401528 -21.650016875 -1.222059218 -0.001662780 0.041548804 0.565866765 0.823447470
1317401491.979007959 555.616944565 -21.540603597 -1.235303812 -0.001022902 0.041803666 0.560328072 0.827214518
1317401492.082878113 555.642758979 -21.457323086 -1.233172332 0.000045335 0.042944774 0.556389664 0.829810994
1317401492.186674833 555.657982236 -21.409756109 -1.235896527 0.000591994 0.043014110 0.554251548 0.831236824
1317401492.290448904 555.664920620 -21.394707347 -1.229370653 0.000794272 0.042878951 0.553757125 0.831573094
1317401492.394248962 555.656693627 -21.419688534 -1.232537211 -0.000065113 0.041111818 0.554042333 0.831472734
1317401492.498096943 555.658538614 -21.415304495 -1.233600332 0.000156025 0.038227951 0.553880946 0.831717799
1317401492.601943016 555.648841312 -21.411922613 -1.238056855 0.001353451 0.036294788 0.553918862 0.831778066
1317401492.705789089 555.658136664 -21.427960471 -1.240982874 0.002031591 0.036592660 0.554207474 0.831571359
1317401492.809659958 555.652511702 -21.412176625 -1.241215225 0.002092802 0.037501201 0.553769286 0.831822612
1317401492.913531065 555.657716057 -21.413340992 -1.239931018 0.001769949 0.037683312 0.553785620 0.831804257
1317401493.017426014 555.648388943 -21.421164821 -1.238697462 0.001415494 0.037639493 0.553948577 0.831698406
1317401493.121320009 555.651778201 -21.411556874 -1.240309404 0.001100449 0.037561502 0.553653995 0.831898537
1317401493.225214005 555.655011560 -21.418178016 -1.239697203 0.001262246 0.037492338 0.553601736 0.831936205
1317401493.329158068 555.643889582 -21.421326174 -1.238858074 0.001294276 0.037525996 0.553580328 0.831948884
1317401493.433100939 555.656110859 -21.419022708 -1.239725759 0.001134472 0.037668416 0.553485859 0.832005533
1317401493.537041903 555.651022838 -21.415372326 -1.240212698 0.001106937 0.037563763 0.553402615 0.832065673
1317401493.641007900 555.650418631 -21.414885411 -1.240455641 0.001170955 0.037543107 0.553390007 0.832074903
1317401493.744998932 555.655300768 -21.418047015 -1.240817135 0.001115162 0.037638026 0.553432846 0.832042199
1317401493.848989010 555.648288695 -21.421983587 -1.238321842 0.000981563 0.037406119 0.553257987 0.832169104
1317401493.952980995 555.653449034 -21.418765231 -1.244426277 0.001134361 0.037089403 0.552518353 0.832674342
1317401494.056997061 555.662067843 -21.404513069 -1.245098270 0.001406882 0.036934780 0.552011840 0.833016669
1317401494.161010981 555.654528936 -21.407386533 -1.245777779 0.001472365 0.036831118 0.551257940 0.833520236
1317401494.265048981 555.660381913 -21.377865515 -1.248455595 0.001116623 0.036660818 0.549852172 0.834456306
1317401494.369113922 555.673282736 -21.378442089 -1.248872323 0.000996361 0.036587113 0.548388879 0.835422065
1317401494.473177910 555.672492566 -21.356148031 -1.249480222 0.001091405 0.036695150 0.546684348 0.836533620
1317401494.577238083 555.684157728 -21.332848800 -1.249232689 0.000927410 0.036469679 0.544225834 0.838145180
1317401494.681324005 555.693121723 -21.293683072 -1.251904261 0.000634896 0.035568217 0.540885770 0.840343431
1317401494.785459042 555.702988674 -21.251823341 -1.256842304 0.000674205 0.034427341 0.536743216 0.843042717
1317401494.889619112 555.735327418 -21.191903951 -1.264693212 0.000775829 0.033357955 0.531495526 0.846403657
1317401494.993776083 555.755487727 -21.131954886 -1.269062017 0.000623111 0.032886448 0.524962485 0.850489555
1317401495.097960949 555.806898040 -21.046599913 -1.274814639 0.000485723 0.032997551 0.517363988 0.855128897
1317401495.202191114 555.841110825 -20.958811040 -1.280767634 -0.000074062 0.032995835 0.508665630 0.860331649
1317401495.306421041 555.912040147 -20.835584877 -1.287480306 -0.000579860 0.032953203 0.499060418 0.865940211
1317401495.410605907 555.978990284 -20.713437699 -1.294481332 -0.001238976 0.032850550 0.488701276 0.871831617
1317401495.514787912 556.062306536 -20.572131729 -1.305377280 -0.001819568 0.032873404 0.477462963 0.878034821
1317401495.618972063 556.177852333 -20.410604180 -1.314984154 -0.002187399 0.033071825 0.466066741 0.884128533
1317401495.723104954 556.273539640 -20.250951598 -1.326445992 -0.002134907 0.033500850 0.454866605 0.889926686
1317401495.827191114 556.398213978 -20.060240329 -1.332752508 -0.002005906 0.033810248 0.444230815 0.895271929
1317401495.931231976 556.556588825 -19.866241628 -1.344048994 -0.002772116 0.033129968 0.434652254 0.899984522
1317401496.035223007 556.711153675 -19.655463906 -1.359103455 -0.004741991 0.031141409 0.425838314 0.904250771
1317401496.139236927 556.842943164 -19.422159155 -1.384485156 -0.006840740 0.028787424 0.416281321 0.908754285
1317401496.243321896 557.054687736 -19.210044259 -1.403711852 -0.008675178 0.028343181 0.405382870 0.913666315
1317401496.347433329 557.273662629 -18.959810709 -1.422505127 -0.011317241 0.028453540 0.393216894 0.918935684
1317401496.451543093 557.543179701 -18.687990053 -1.448734361 -0.013075974 0.027639880 0.380006766 0.924478184
1317401496.555676937 557.797816676 -18.418453557 -1.474367704 -0.013337734 0.026801503 0.365497485 0.930330787
1317401496.659858942 558.078384043 -18.134709170 -1.500465838 -0.013021347 0.025804567 0.350045165 0.936286789
1317401496.764044046 558.420185228 -17.853416379 -1.525396977 -0.012200322 0.024230528 0.333981472 0.942189158
1317401496.868226051 558.781626474 -17.565430179 -1.552162751 -0.012303523 0.022695293 0.316927093 0.948098500
1317401496.972409964 559.155090431 -17.297958769 -1.578820692 -0.013495241 0.021719326 0.299383366 0.953790202
1317401497.076545954 559.588899321 -16.992467883 -1.609458360 -0.015055313 0.020574825 0.281785470 0.959138657
1317401497.180632114 560.023761887 -16.704950925 -1.644122018 -0.016315600 0.019951959 0.264827384 0.963951335
1317401497.284668922 560.520613629 -16.432769386 -1.673608885 -0.016184077 0.020433382 0.249172991 0.968108141
1317401497.388683081 560.982431589 -16.158463069 -1.694570345 -0.015500338 0.021380359 0.234203713 0.971828812
1317401497.492650986 561.552433333 -15.867861342 -1.716679557 -0.014955831 0.022536053 0.220504492 0.975010881
1317401497.596546888 562.062955232 -15.609908412 -1.750318740 -0.015245265 0.023952334 0.208113281 0.977692554
1317401497.700417995 562.650263853 -15.341468594 -1.768578156 -0.015424022 0.023712077 0.196708922 0.980053793
1317401497.804287910 563.229321632 -15.090180315 -1.794124645 -0.015890649 0.021377936 0.186248226 0.982141573
1317401497.908158064 563.835458619 -14.862905179 -1.833538311 -0.016209532 0.019404066 0.176398914 0.983993982
1317401498.012026072 564.469952628 -14.623225183 -1.865658238 -0.016114622 0.019055916 0.165978388 0.985813555
1317401498.115920782 565.130948923 -14.401863352 -1.901614760 -0.016773597 0.019350496 0.155841808 0.987450017
1317401498.219816923 565.808536334 -14.161636877 -1.934447248 -0.017267757 0.020799187 0.145452706 0.988995818
1317401498.323713064 566.501225554 -13.946559332 -1.957651003 -0.017474273 0.020433320 0.135760836 0.990376759
1317401498.427582979 567.224077941 -13.743589584 -1.985392724 -0.016439156 0.016996907 0.127013991 0.991619032
1317401498.531403065 567.964493124 -13.548721245 -2.018148673 -0.015536573 0.014641492 0.119859068 0.992561356
1317401498.635179043 568.731737847 -13.351050622 -2.050584799 -0.016084430 0.015007196 0.114478950 0.993182081
1317401498.738918066 569.501466253 -13.139997292 -2.083754195 -0.017040792 0.017072883 0.110152631 0.993621923
1317401498.842622042 570.294635206 -12.960937266 -2.106906965 -0.017227791 0.018600645 0.107486816 0.993883194
1317401498.946312904 571.101479470 -12.771848665 -2.130632398 -0.016853137 0.018874859 0.105171202 0.994132149
1317401499.050019026 571.927015208 -12.601238210 -2.163049597 -0.016944161 0.019218938 0.103728374 0.994275592
1317401499.153722048 572.756221139 -12.426235242 -2.192953633 -0.017000388 0.019136193 0.102487335 0.994404917
1317401499.257446051 573.616803161 -12.238383793 -2.225854248 -0.017675356 0.018618291 0.100944645 0.994560767
1317401499.361196995 574.491008354 -12.062883981 -2.256007135 -0.018321244 0.019027942 0.099465321 0.994690364
1317401499.464971066 575.375443339 -11.874602464 -2.293214925 -0.019060343 0.020080301 0.098041432 0.994797146
1317401499.568769932 576.238063063 -11.694356368 -2.330572024 -0.019713266 0.021370216 0.096529948 0.994905357
1317401499.672569036 577.155905120 -11.507875038 -2.363660928 -0.019343211 0.021888748 0.095013452 0.995047319
