# TUM format: timestamp tx ty tz qx qy qz qw
1317400964.326694965 0.000000000 0.000000000 -0.000000000 -0.016092785 -0.029787852 -0.211781579 0.976730397
1317400964.430711031 0.552550234 -0.251278869 0.041594849 -0.016310465 -0.029647597 -0.214823390 0.976066545
1317400964.534748077 1.104217847 -0.495570818 0.090122569 -0.015036807 -0.031249393 -0.217919681 0.975350390
1317400964.638786077 1.679979176 -0.760676107 0.134402232 -0.016949604 -0.032076760 -0.221021550 0.974593898
1317400964.742799759 2.249668765 -1.033952216 0.179428393 -0.017909931 -0.032143888 -0.223969079 0.973901359
1317400964.846813917 2.869034304 -1.336247300 0.224550276 -0.012799450 -0.032425197 -0.226144287 0.973469847
1317400964.950808048 3.461736141 -1.628074457 0.277128687 -0.010389906 -0.030908251 -0.228580238 0.972978830
1317400965.054775000 4.098822452 -1.947735637 0.327665069 -0.009342452 -0.029616668 -0.230577331 0.972558310
1317400965.158716917 4.758278282 -2.268768075 0.380447431 -0.009237227 -0.029104650 -0.231786205 0.972287379
1317400965.262635946 5.442276060 -2.608401147 0.438241267 -0.006886650 -0.030403198 -0.231869918 0.972247171
1317400965.366508007 6.125767919 -2.957514745 0.489842425 -0.004117046 -0.031897661 -0.230933812 0.972437743
1317400965.470330954 6.805968854 -3.299769253 0.540456239 -0.002518124 -0.032493413 -0.228436165 0.973013235
1317400965.574127913 7.506057438 -3.646958776 0.595533120 -0.002981134 -0.032289959 -0.224946960 0.973831267
1317400965.677880049 8.229611314 -3.987108219 0.647990427 -0.003403381 -0.031383543 -0.220743523 0.974820900
1317400965.781652927 8.951252517 -4.328612866 0.707464594 -0.003245380 -0.030132952 -0.215892952 0.975946569
1317400965.885476112 9.713617979 -4.665038819 0.759853252 -0.004157607 -0.028454884 -0.211818565 0.976885832
1317400965.989300966 10.479082266 -5.009491646 0.815704077 -0.003161066 -0.027202578 -0.207604768 0.977829376
1317400966.093147039 11.226623525 -5.335131157 0.874046806 -0.003767626 -0.026271539 -0.204204720 0.978568364
1317400966.197015047 12.009483887 -5.672306160 0.927066279 -0.004605192 -0.025740693 -0.201433189 0.979153144
1317400966.300884008 12.775088946 -5.999076172 0.984402031 -0.005373616 -0.025260032 -0.198794841 0.979700804
1317400966.404755116 13.559554924 -6.329751064 1.040466367 -0.005941650 -0.025065806 -0.196561286 0.980153081
1317400966.508626938 14.332371964 -6.639108952 1.096028088 -0.007300719 -0.024990937 -0.194307077 0.980595183
1317400966.612523079 15.075327595 -6.943171565 1.146442146 -0.006555217 -0.024801752 -0.191782285 0.981102165
1317400966.716417074 15.850745088 -7.246854740 1.200217691 -0.007162346 -0.024173770 -0.190221039 0.981417488
1317400966.820334911 16.607265392 -7.555552509 1.250950619 -0.009051297 -0.023323047 -0.188919644 0.981673814
1317400966.924278021 17.373032289 -7.852581383 1.307739421 -0.008697084 -0.023133893 -0.187923275 0.981872714
1317400967.028222322 18.123103404 -8.144980474 1.358510589 -0.009122174 -0.023194974 -0.187724096 0.981905516
1317400967.132189989 18.884977828 -8.446238304 1.415339324 -0.010224820 -0.023464868 -0.187243282 0.981980044
1317400967.236156940 19.635603359 -8.733259855 1.460250764 -0.012262806 -0.023332928 -0.187033842 0.981999766
1317400967.340122938 20.368406992 -9.015377884 1.510494353 -0.013227538 -0.022781258 -0.186642058 0.982074737
1317400967.444091082 21.110263709 -9.296611283 1.564610726 -0.014023502 -0.022279563 -0.186411265 0.982119037
1317400967.548057079 21.810955070 -9.570576259 1.616485057 -0.014498899 -0.022013985 -0.186178131 0.982162344
1317400967.652046919 22.527258735 -9.842193067 1.666365494 -0.015627456 -0.021765496 -0.186055570 0.982173799
1317400967.756036043 23.211720955 -10.097649930 1.710998850 -0.016160228 -0.021382207 -0.186019495 0.982180429
1317400967.860024929 23.885615564 -10.355739599 1.758803035 -0.017426054 -0.021068614 -0.186304409 0.982111559
1317400967.964040995 24.561866205 -10.614461275 1.806689450 -0.019111752 -0.020688612 -0.187165342 0.981924568
1317400968.068082094 25.201968563 -10.865281273 1.851857018 -0.021060871 -0.020803832 -0.188594153 0.981608825
1317400968.172146082 25.838261326 -11.108861432 1.895458959 -0.022227882 -0.021095129 -0.190553111 0.981198466
1317400968.276232004 26.466274146 -11.355115570 1.936048509 -0.022179142 -0.020925768 -0.192999070 0.980725016
1317400968.380319118 27.100233893 -11.609330488 1.983401095 -0.022262980 -0.020718384 -0.195633830 0.980205342
1317400968.484381914 27.693130185 -11.851682731 2.027180801 -0.022271368 -0.020443092 -0.198586140 0.979617074
1317400968.588468075 28.257525875 -12.079680552 2.067132603 -0.022133858 -0.020122334 -0.202252690 0.978876414
1317400968.692553997 28.849894509 -12.336500522 2.111639342 -0.022549380 -0.019976005 -0.206427961 0.977997946
1317400968.796639919 29.410911669 -12.575772701 2.150090991 -0.022264156 -0.020075446 -0.211459257 0.976926950
1317400968.900774956 29.948459114 -12.811815859 2.188428777 -0.022266304 -0.020055904 -0.217510790 0.975597780
1317400969.004909992 30.481446661 -13.063065626 2.225544496 -0.021618350 -0.020189555 -0.223526928 0.974248809
1317400969.109019995 30.994078116 -13.303671264 2.262670027 -0.021091119 -0.020501921 -0.229963090 0.972754755
1317400969.213151932 31.506012626 -13.562232644 2.300215133 -0.020597897 -0.020528748 -0.237151398 0.971037338
1317400969.317287922 32.006596046 -13.818849896 2.336970340 -0.020299490 -0.020528478 -0.245150494 0.969055080
1317400969.421423912 32.490595687 -14.063869738 2.373538794 -0.021097055 -0.020346040 -0.253722544 0.966832883
1317400969.525607824 32.957846230 -14.326651488 2.412620743 -0.020279341 -0.021069141 -0.263751836 0.964147192
1317400969.629813910 33.415018277 -14.594272713 2.440221150 -0.021818034 -0.020867893 -0.274961971 0.960980967
1317400969.734045982 33.850815156 -14.870911812 2.477091542 -0.021643021 -0.021985392 -0.287137052 0.957392571
1317400969.838277102 34.278366545 -15.145256775 2.510536555 -0.020897355 -0.023625325 -0.299956829 0.953431196
1317400969.942506075 34.682003029 -15.429259303 2.547887832 -0.019766791 -0.025051643 -0.313561732 0.949031469
1317400970.046736240 35.081676687 -15.718572698 2.576361522 -0.018789299 -0.026183636 -0.328201542 0.944057799
1317400970.150990963 35.450863642 -15.997239562 2.614210174 -0.019107389 -0.026961592 -0.343265119 0.938657040
1317400970.255248070 35.804837049 -16.288570866 2.650179758 -0.018829057 -0.026738635 -0.358772783 0.932851865
1317400970.359503031 36.150275449 -16.590030580 2.681740293 -0.018464826 -0.026311224 -0.374805345 0.926546126
1317400970.463783026 36.508206367 -16.886641688 2.727061594 -0.017056455 -0.025984696 -0.391883518 0.919489631
1317400970.568058968 36.807444338 -17.182637153 2.759326855 -0.016592862 -0.026000758 -0.409376267 0.911844126
1317400970.672360897 37.074451195 -17.490216667 2.787747923 -0.016006025 -0.026655484 -0.427179613 0.903632044
1317400970.776640654 37.337482154 -17.803206763 2.819112295 -0.015120878 -0.027771773 -0.445448429 0.894749006
1317400970.880894899 37.587174102 -18.117223106 2.850183181 -0.014109706 -0.029022974 -0.463988093 0.885253428
1317400970.985147953 37.817264651 -18.441137551 2.882336723 -0.012046695 -0.030008445 -0.482784568 0.875141949
1317400971.089401960 38.020801408 -18.766678745 2.918168994 -0.009459574 -0.030107874 -0.501877294 0.864362895
1317400971.193634033 38.211358063 -19.098791589 2.943018201 -0.006950645 -0.029376042 -0.520947392 0.853054835
1317400971.297842026 38.389363022 -19.433932770 2.983076629 -0.004891960 -0.028234616 -0.540202170 0.841047259
1317400971.402050018 38.539242773 -19.774430011 3.006312465 -0.003272084 -0.026627446 -0.559954620 0.828088822
1317400971.506254196 38.686047898 -20.127017710 3.033574053 -0.001639965 -0.025437674 -0.579944708 0.814256944
1317400971.610436916 38.808858034 -20.466064616 3.059305503 0.000885162 -0.025424985 -0.599472889 0.799990651
1317400971.714620113 38.904376199 -20.824469520 3.084507805 0.002998171 -0.026478645 -0.619339324 0.784671074
1317400971.818825960 38.995738610 -21.193333553 3.106974829 0.003692058 -0.027559014 -0.639460632 0.768320876
1317400971.923011065 39.063996587 -21.570958729 3.128557521 0.003463148 -0.028297769 -0.659320521 0.751321298
1317400972.027169943 39.128414488 -21.966001747 3.145027631 0.002461671 -0.027856723 -0.679255270 0.733369090
1317400972.131328106 39.169487216 -22.359312277 3.159945371 0.001142611 -0.026267660 -0.698637814 0.714992244
1317400972.235440016 39.170570409 -22.805088963 3.165818590 0.000829696 -0.025424969 -0.717026317 0.696581756
1317400972.339500904 39.158906878 -23.247764198 3.183437276 0.001597740 -0.025891751 -0.734276634 0.678354545
1317400972.443519115 39.124314829 -23.699114343 3.197780405 0.002417792 -0.025969988 -0.749760475 0.661195087
1317400972.547439098 39.062052436 -24.178787869 3.219328517 0.003723456 -0.025482106 -0.763649616 0.645117092
1317400972.651329994 38.983826632 -24.676935867 3.235328685 0.004948220 -0.024681777 -0.776148380 0.630047631
1317400972.755202055 38.885108697 -25.190233003 3.252878409 0.006152701 -0.023817057 -0.787658073 0.615621354
1317400972.859025002 38.762707765 -25.709085579 3.268479687 0.007018566 -0.023585842 -0.797748258 0.602488311
1317400972.962822914 38.619242043 -26.237692600 3.284416417 0.008060058 -0.023785819 -0.806690015 0.590440928
1317400973.066574097 38.459124770 -26.791741757 3.300653426 0.007336353 -0.023654869 -0.814543398 0.579573704
1317400973.170277119 38.271232245 -27.382654602 3.307702624 0.005352580 -0.022650225 -0.821286139 0.570041572
1317400973.273956060 38.068000527 -27.934325899 3.307771497 0.004791216 -0.022506353 -0.826859464 0.561937661
1317400973.377633095 37.843653051 -28.542630758 3.321078508 0.005311965 -0.023292542 -0.831825550 0.554522764
1317400973.481311083 37.608559422 -29.106858256 3.334540223 0.006218837 -0.023943801 -0.836207545 0.547854873
1317400973.585012913 37.343300113 -29.728128061 3.345060055 0.006929935 -0.023900276 -0.840404083 0.541388705
1317400973.688739061 37.057020558 -30.366377203 3.363328090 0.007160469 -0.024429512 -0.844423744 0.535070526
1317400973.792490959 36.766765273 -31.007801764 3.371639434 0.007206961 -0.025212498 -0.847822723 0.529631022
1317400973.896241903 36.443535574 -31.666773946 3.391090372 0.007559540 -0.027848999 -0.850361138 0.525407673
1317400973.999944925 36.104509470 -32.358357931 3.406207644 0.008840304 -0.031552951 -0.852004653 0.522507734
1317400974.103625059 35.777835122 -32.961227706 3.416245538 0.010644413 -0.034197682 -0.852398068 0.521665361
1317400974.207304001 35.427607690 -33.709849022 3.437005471 0.011703338 -0.034274613 -0.852680571 0.521175716
1317400974.311007977 35.078231535 -34.377332338 3.453723130 0.012617036 -0.034636881 -0.851974604 0.522283803
1317400974.414736032 34.714689102 -35.089608000 3.471052810 0.013988598 -0.035716061 -0.850757879 0.524156192
1317400974.518460989 34.356530771 -35.802746150 3.499579405 0.012368271 -0.033318835 -0.849700613 0.526066298
1317400974.622211933 34.005388018 -36.529299899 3.508567850 0.012662652 -0.034784512 -0.848541945 0.527831662
1317400974.725963116 33.666234718 -37.251609388 3.519078395 0.013905131 -0.036517508 -0.847449959 0.529435251
1317400974.829714060 33.299890633 -37.948324871 3.545168194 0.016515989 -0.038333741 -0.846159386 0.531292800
1317400974.933489084 32.964440482 -38.645440843 3.563715373 0.018676591 -0.038199388 -0.845011497 0.533054933
1317400975.037261963 32.605351246 -39.393785375 3.586557295 0.021160123 -0.038794754 -0.843673840 0.535034269
1317400975.141060114 32.262950830 -40.123264834 3.608370361 0.022628903 -0.038186448 -0.842191834 0.537347785
1317400975.244883060 31.939057671 -40.827601663 3.629502859 0.022976199 -0.037321403 -0.841022877 0.539221409
1317400975.348706961 31.596100611 -41.590592138 3.644451962 0.021822111 -0.034564341 -0.840060523 0.540950479
1317400975.452555895 31.280895488 -42.315193911 3.643273655 0.021195932 -0.031180929 -0.839084983 0.542692246
1317400975.556399107 30.953362845 -43.061329816 3.664858736 0.021408437 -0.029819246 -0.837926149 0.544547757
1317400975.660221100 30.636886687 -43.794512776 3.688409408 0.020497611 -0.031087091 -0.836776102 0.546277582
1317400975.764066935 30.311998715 -44.534101797 3.709385011 0.018066195 -0.034107600 -0.835879971 0.547553612
1317400975.867938042 29.988594057 -45.293358686 3.708258519 0.014555875 -0.034465069 -0.835280500 0.548549699
1317400975.971812010 29.669457669 -46.042943956 3.696769103 0.013913954 -0.033551297 -0.834793804 0.549363284
1317400976.075683117 29.339782575 -46.799486495 3.709758304 0.015662424 -0.033218798 -0.834370046 0.549979841
1317400976.179550886 29.014449794 -47.550602846 3.747281016 0.016742676 -0.033773652 -0.834043823 0.550408870
1317400976.283446074 28.688100359 -48.321454738 3.770667900 0.015599186 -0.033636804 -0.834074233 0.550404764
1317400976.387341022 28.372895077 -49.097281163 3.781465426 0.013338182 -0.032046357 -0.834210513 0.550352564
1317400976.491235018 28.045058957 -49.869183052 3.787890527 0.012547352 -0.030398647 -0.834489748 0.550041223
1317400976.595177889 27.708304171 -50.660844358 3.808689861 0.013466484 -0.030622543 -0.834822861 0.549501323
1317400976.699121952 27.378566211 -51.455680350 3.838572333 0.012532868 -0.031507999 -0.835298418 0.548750149
1317400976.803040028 27.044100061 -52.236303437 3.848015857 0.010643993 -0.032489340 -0.835778119 0.548001901
1317400976.906960011 26.698372600 -53.052836111 3.866430916 0.009629516 -0.033372156 -0.836002490 0.547625245
1317400977.010853052 26.354642103 -53.852375275 3.884146706 0.009856979 -0.034622089 -0.836216891 0.547216102
1317400977.114747047 25.988955929 -54.686611700 3.914674335 0.009366952 -0.034914412 -0.836510197 0.546757655
1317400977.218667984 25.635045241 -55.501258341 3.935037984 0.008935398 -0.033890225 -0.836834873 0.546332323
1317400977.322609901 25.272184629 -56.344716132 3.953988112 0.010185377 -0.032168445 -0.837278801 0.545734055
1317400977.426552057 24.907579328 -57.202486797 3.983782608 0.011137150 -0.032066147 -0.837691001 0.545088536
1317400977.530471087 24.531428736 -58.062755905 4.016413482 0.010302262 -0.032790137 -0.838085339 0.544455357
1317400977.634365082 24.146299919 -58.933894997 4.038098709 0.008804301 -0.033535138 -0.838314847 0.544082802
1317400977.738261938 23.769582268 -59.789970826 4.064768830 0.009483768 -0.035384295 -0.838271580 0.544020925
1317400977.842186928 23.382781880 -60.656758155 4.088079053 0.011773390 -0.036327736 -0.838256822 0.543936745
1317400977.946079969 22.984368549 -61.559539022 4.107991983 0.014752772 -0.035598012 -0.838357238 0.543757555
1317400978.049945116 22.581913875 -62.452528831 4.133229086 0.016486166 -0.035437436 -0.838197417 0.543964599
1317400978.153790951 22.196133096 -63.362063961 4.168367656 0.016214374 -0.035211472 -0.837855062 0.544514593
1317400978.257637978 21.790269179 -64.269571688 4.184762567 0.014780294 -0.035355548 -0.837586775 0.544958643
1317400978.361509085 21.386921278 -65.190912636 4.211347467 0.012910238 -0.034432156 -0.837556963 0.545111078
1317400978.465379000 20.984217916 -66.113622463 4.229498276 0.012451898 -0.033627762 -0.837715447 0.544928393
1317400978.569228888 20.582328159 -67.039007180 4.245484513 0.013702668 -0.031847775 -0.837901815 0.544718738
1317400978.673074961 20.173372339 -67.982286431 4.261944677 0.015552007 -0.029845005 -0.838034212 0.544578800
1317400978.776943922 19.760990297 -68.926555564 4.293331193 0.016500677 -0.030344997 -0.838261616 0.544173109
1317400978.880790949 19.335659457 -69.890199246 4.309252441 0.016108994 -0.032225831 -0.838322363 0.543983098
1317400978.984637022 18.907639509 -70.843835125 4.327308544 0.015566833 -0.033704668 -0.838612982 0.543461071
1317400979.088510036 18.470970648 -71.817002070 4.337584825 0.016501573 -0.033187638 -0.839145301 0.542643016
1317400979.192404985 18.038393990 -72.803672469 4.353251251 0.018870637 -0.031738751 -0.839927840 0.541440462
1317400979.296324015 17.604274535 -73.767110063 4.371053588 0.020975606 -0.031961564 -0.840694405 0.540158680
1317400979.400243044 17.154387442 -74.749798191 4.393415905 0.022456693 -0.033891220 -0.841581377 0.538598058
1317400979.504158974 16.712822443 -75.716995487 4.398808919 0.023412192 -0.034380331 -0.842526506 0.537046505
1317400979.608078003 16.265835282 -76.683799152 4.412157080 0.025626410 -0.035748953 -0.843349157 0.535562788
1317400979.711996078 15.813640967 -77.658704645 4.426981687 0.027180711 -0.037636580 -0.844030742 0.534281577
1317400979.815890074 15.352889957 -78.618227289 4.450127730 0.026792727 -0.039082794 -0.844651015 0.533216042
1317400979.919786930 14.903842650 -79.586274318 4.462272272 0.026195543 -0.041807274 -0.845146679 0.532252793
1317400980.023680925 14.442622193 -80.563555207 4.461978102 0.025931386 -0.044118889 -0.845539100 0.531455283
1317400980.127527952 13.990565173 -81.530498213 4.470873681 0.025978881 -0.043621273 -0.845438496 0.531654053
1317400980.231328011 13.534054929 -82.494421321 4.487696375 0.027249721 -0.043611152 -0.844773427 0.532647516
1317400980.335100889 13.078470764 -83.456365077 4.500129430 0.028542188 -0.042635063 -0.843589625 0.534531702
1317400980.438875914 12.637741687 -84.427680928 4.513231580 0.030300218 -0.042655162 -0.842106888 0.536766638
1317400980.542627096 12.189771754 -85.390651276 4.522186666 0.032064816 -0.042224655 -0.840709998 0.538883684
1317400980.646378040 11.749828298 -86.347745374 4.530117097 0.033116996 -0.042636331 -0.839330257 0.540934495
1317400980.750152111 11.303930466 -87.314478432 4.547628912 0.031985075 -0.043437863 -0.838270161 0.542580173
1317400980.853926897 10.868235195 -88.284668328 4.557728090 0.030313446 -0.044640213 -0.837630613 0.543565362
1317400980.957726955 10.439048852 -89.255820616 4.550681753 0.029720717 -0.044491753 -0.837264582 0.544173853
1317400981.061526060 10.015410837 -90.225557181 4.556321695 0.030877103 -0.044521508 -0.836836641 0.544764973
1317400981.165297985 9.585561688 -91.204644003 4.581160466 0.030512062 -0.045764849 -0.836313388 0.545485572
1317400981.269072056 9.153241702 -92.206626201 4.594558787 0.028119450 -0.047187792 -0.835796886 0.546283969
1317400981.372848988 8.728519170 -93.192818071 4.603882729 0.026610112 -0.047644945 -0.835281466 0.547107607
1317400981.476600885 8.301909016 -94.188628924 4.613924188 0.026455951 -0.047382935 -0.834702328 0.548020952
1317400981.580326796 7.885314121 -95.183906959 4.637906979 0.027228503 -0.045944086 -0.833810740 0.549461008
1317400981.684029102 7.459356421 -96.179786339 4.652433204 0.028149785 -0.043775480 -0.832629555 0.551379472
1317400981.787755966 7.044351584 -97.158920893 4.667209881 0.029166425 -0.043001350 -0.831311252 0.553373116
1317400981.891530991 6.626939733 -98.168487527 4.689364351 0.027614159 -0.043569912 -0.830305565 0.554916021
1317400981.995304108 6.210244674 -99.174547467 4.710505113 0.023276914 -0.044516951 -0.829905969 0.555637030
1317400982.099103928 5.801810972 -100.192486257 4.733135248 0.018452649 -0.044352297 -0.829768626 0.556036330
1317400982.202903986 5.396055865 -101.183685786 4.744933133 0.016293659 -0.041835350 -0.829766956 0.556301285
1317400982.306704044 4.986899171 -102.185508071 4.766413639 0.018656001 -0.040630999 -0.829575579 0.556601684
1317400982.410526991 4.567198200 -103.185549815 4.801903141 0.021462952 -0.039043832 -0.829781268 0.556307441
1317400982.514348984 4.159236637 -104.188233348 4.824209784 0.023649888 -0.036742857 -0.830294283 0.555609619
1317400982.618171930 3.753621055 -105.187798564 4.838624568 0.026107358 -0.035961762 -0.830854607 0.554712340
1317400982.721992970 3.337667228 -106.202217541 4.870283493 0.027308788 -0.036744440 -0.831464834 0.553687914
1317400982.825815916 2.934123169 -107.188369379 4.879908457 0.026910443 -0.036214672 -0.832025985 0.552898802
1317400982.929615021 2.519552413 -108.193842974 4.887497074 0.027585272 -0.036057002 -0.832616890 0.551985562
1317400983.033412933 2.109952754 -109.175201671 4.898898524 0.028620958 -0.038434829 -0.832842108 0.551432342
1317400983.137208939 1.700726481 -110.169316125 4.932973606 0.026615014 -0.042005181 -0.833081329 0.550910797
1317400983.240984917 1.291967986 -111.143196245 4.942147047 0.021335323 -0.040914399 -0.833466567 0.550639899
1317400983.344784975 0.874054479 -112.122024648 4.946469895 0.019037840 -0.038349550 -0.833935676 0.550198292
1317400983.448606968 0.461267208 -113.088016788 4.959956598 0.019708485 -0.034568453 -0.834597708 0.549420844
1317400983.552406073 0.049249668 -114.059953714 4.981219728 0.021002986 -0.030021820 -0.835330569 0.548525665
1317400983.656204939 -0.353523661 -115.035872551 4.980976626 0.023721988 -0.026830053 -0.835976262 0.547595749
1317400983.760005236 -0.767228144 -115.996065912 4.994936495 0.027511329 -0.025939660 -0.836471115 0.546704979
1317400983.863779068 -1.183881814 -116.950514333 5.013430324 0.028628631 -0.026711363 -0.836894403 0.545962144
1317400983.967556000 -1.593218893 -117.918723522 5.014202387 0.027679136 -0.031433340 -0.837310107 0.545121634
1317400984.071332932 -2.002530638 -118.851800192 5.024771889 0.023683970 -0.037261855 -0.837495130 0.544658178
1317400984.175105095 -2.428192054 -119.789646146 5.047162353 0.020086129 -0.040425668 -0.837857106 0.544020021
1317400984.278902054 -2.841460258 -120.731383918 5.024622549 0.020015679 -0.039113653 -0.838073599 0.543785010
1317400984.382725239 -3.260360105 -121.673959042 5.042491208 0.024711260 -0.036697994 -0.838005304 0.543865536
1317400984.486524105 -3.664833093 -122.598696042 5.058356172 0.029547851 -0.035660188 -0.837708366 0.544150686
1317400984.590323925 -4.080357283 -123.529215286 5.079134653 0.031610919 -0.033044254 -0.837672772 0.544254677
1317400984.694147110 -4.476567193 -124.445248358 5.077802532 0.033143419 -0.030578505 -0.837609402 0.544405142
1317400984.797993898 -4.882329187 -125.383349825 5.081988327 0.034153734 -0.028816623 -0.837587241 0.544472899
1317400984.901865959 -5.282095503 -126.292549352 5.081765871 0.033062789 -0.028304722 -0.837632384 0.544497643
1317400985.005759954 -5.680288929 -127.213460433 5.083934480 0.030212814 -0.029554328 -0.837671535 0.544536617
1317400985.109654665 -6.074419355 -128.117700410 5.076972894 0.027970521 -0.031389941 -0.837740694 0.544447290
1317400985.213526011 -6.467115213 -129.017912375 5.072171383 0.025859153 -0.032638572 -0.837735028 0.544486961
1317400985.317420959 -6.863849623 -129.915882432 5.074333861 0.024294137 -0.034562772 -0.837739880 0.544432827
1317400985.421313047 -7.253862036 -130.815083430 5.075985192 0.023266686 -0.036138908 -0.837690491 0.544451359
1317400985.525182962 -7.645858912 -131.697668148 5.091700437 0.022969461 -0.035606058 -0.837689268 0.544500966
1317400985.629054070 -8.030649553 -132.576880736 5.099315204 0.025110088 -0.033653617 -0.837639390 0.544607354
1317400985.732949018 -8.411878762 -133.449710460 5.104591886 0.028473049 -0.030806049 -0.837638316 0.544612087
1317400985.836868048 -8.786801526 -134.302356894 5.113963874 0.030506740 -0.026464090 -0.837894846 0.544335575
1317400985.940813065 -9.152302390 -135.147119313 5.118088175 0.030886676 -0.023121923 -0.838403438 0.543682871
1317400986.044755936 -9.509481229 -135.972311771 5.118403592 0.028658962 -0.021542423 -0.839155988 0.542707855
1317400986.148653984 -9.859466557 -136.783634726 5.105928082 0.025158870 -0.022253084 -0.839632525 0.542115351
1317400986.252547979 -10.216510324 -137.592847100 5.093470157 0.022700404 -0.024567719 -0.839922267 0.541674907
1317400986.356437922 -10.563647757 -138.368934285 5.101139224 0.021643232 -0.027330287 -0.839746349 0.541858556
1317400986.460309982 -10.900380657 -139.125438607 5.102868055 0.021450442 -0.029881487 -0.838971401 0.542930901
1317400986.564181089 -11.234000539 -139.873660763 5.111583306 0.022918391 -0.031565010 -0.837831434 0.544533640
1317400986.668050289 -11.550566602 -140.587346051 5.125611273 0.025064442 -0.031662544 -0.836480844 0.546506225
1317400986.771943092 -11.864706531 -141.306378468 5.139159050 0.027305030 -0.031292309 -0.835190283 0.548390752
1317400986.875859976 -12.145033064 -141.982152141 5.155731457 0.028131383 -0.031776328 -0.834044713 0.550062093
1317400986.979782104 -12.426810761 -142.628330399 5.174553366 0.026817612 -0.033411008 -0.832866986 0.551812562
1317400987.083724976 -12.686141734 -143.270645575 5.179019330 0.024816054 -0.033960755 -0.831642799 0.553715709
1317400987.187691927 -12.934906980 -143.870283412 5.178444873 0.024591842 -0.034464320 -0.830409710 0.555542227
1317400987.291682959 -13.170910674 -144.452427140 5.192087696 0.024133468 -0.033782008 -0.829254696 0.557326656
1317400987.395697117 -13.388643171 -145.000426781 5.202865036 0.023045397 -0.031897825 -0.828250549 0.558974478
1317400987.499711037 -13.590757794 -145.524036448 5.208552409 0.021754788 -0.029898178 -0.827302627 0.560538305
1317400987.603750944 -13.793289358 -146.027122334 5.226743889 0.020277144 -0.030058977 -0.826618431 0.561593505
1317400987.707838058 -13.990475702 -146.519071605 5.226581362 0.018349376 -0.030331029 -0.826226728 0.562221240
1317400987.811949015 -14.181283366 -147.009984768 5.233192135 0.016830346 -0.029286001 -0.826309263 0.562202875
1317400987.916058064 -14.369790067 -147.487721161 5.238820372 0.015780658 -0.026165989 -0.826835801 0.561612740
1317400988.020168304 -14.552487662 -147.977316648 5.242034551 0.015979683 -0.022729155 -0.827512277 0.560759723
1317400988.124279022 -14.735836057 -148.464229650 5.244926930 0.017563976 -0.020897852 -0.828163467 0.559821452
1317400988.228389978 -14.933099822 -148.949656346 5.257813528 0.019742818 -0.021194413 -0.828826904 0.558754848
1317400988.332499981 -15.117212182 -149.422925493 5.281359786 0.020018461 -0.022307034 -0.829451826 0.557773544
1317400988.436585903 -15.308381059 -149.882812576 5.284921682 0.018738591 -0.023055826 -0.830349924 0.556449727
1317400988.540652037 -15.493660669 -150.364624718 5.284408441 0.017062207 -0.022164001 -0.831139174 0.555360525
1317400988.644714355 -15.677893188 -150.826626095 5.279761049 0.016254412 -0.022238407 -0.831887398 0.554260412
1317400988.748776913 -15.864138504 -151.282009929 5.284354897 0.016097850 -0.022989456 -0.832483937 0.553337906
1317400988.852840900 -16.063074978 -151.741697423 5.287157096 0.017012651 -0.022541944 -0.833160949 0.552309029
1317400988.956902027 -16.243045941 -152.205369452 5.283943988 0.018549670 -0.020831597 -0.833884422 0.551233820
1317400989.060965776 -16.433411025 -152.659911481 5.297075599 0.020024309 -0.019449179 -0.834567532 0.550197956
1317400989.165007114 -16.626855528 -153.108836429 5.300457560 0.020038497 -0.018260219 -0.835274593 0.549164254
1317400989.269021034 -16.818791740 -153.568922644 5.308040692 0.020444659 -0.017287878 -0.835939412 0.548168263
1317400989.373033047 -17.005915088 -154.007961695 5.309696280 0.020882725 -0.016574170 -0.836298852 0.547625272
1317400989.477024078 -17.192574682 -154.460336087 5.306972676 0.020969966 -0.016184211 -0.836588368 0.547191223
1317400989.580991030 -17.380823075 -154.908679673 5.309192588 0.021318622 -0.017497698 -0.836408121 0.547412825
1317400989.684909105 -17.545899942 -155.355439694 5.309862888 0.021016411 -0.019026728 -0.835262682 0.549119792
1317400989.788779974 -17.723895534 -155.778767911 5.313442457 0.020179365 -0.019790225 -0.833384005 0.551971231
1317400989.892625809 -17.884846146 -156.220788904 5.312658439 0.019774292 -0.019421631 -0.830804795 0.555873341
1317400989.996402025 -18.035333742 -156.674445204 5.306132123 0.020483619 -0.019765097 -0.827018063 0.561454259
1317400990.100080967 -18.161260968 -157.106795597 5.311834266 0.022022858 -0.022093797 -0.820938018 0.570164562
1317400990.203687906 -18.292325358 -157.535039278 5.326144998 0.023575724 -0.025247806 -0.812858139 0.581436480
1317400990.307270050 -18.407940970 -157.948863947 5.332824339 0.023879557 -0.026136844 -0.802617019 0.595443156
1317400990.410876989 -18.506915406 -158.339872760 5.341327153 0.022895949 -0.025236653 -0.790682235 0.611277753
1317400990.514530897 -18.589735547 -158.745137719 5.343933635 0.020791619 -0.024727308 -0.777736618 0.627759525
1317400990.618207932 -18.654748523 -159.130868613 5.346514329 0.019013082 -0.026081347 -0.764365560 0.643974811
1317400990.721911907 -18.732276254 -159.509332760 5.350481158 0.017232174 -0.028372486 -0.750316046 0.660245322
1317400990.825639009 -18.769130863 -159.897758013 5.357255482 0.015971294 -0.030354781 -0.735658729 0.676483362
1317400990.929390192 -18.811304328 -160.271970434 5.372738684 0.014321271 -0.030269556 -0.720930580 0.692197771
1317400991.033166885 -18.793244745 -160.681709906 5.376713365 0.011276543 -0.028672513 -0.706356643 0.707185279
1317400991.136941910 -18.773702442 -161.051902834 5.375338257 0.007784357 -0.027168339 -0.690746501 0.722544502
1317400991.240741014 -18.756708318 -161.445759166 5.388222403 0.004670486 -0.027718275 -0.675126476 0.737166281
1317400991.344538927 -18.707812618 -161.827415919 5.400117295 0.002742622 -0.029187945 -0.658875183 0.751680806
1317400991.448312044 -18.655951402 -162.235345187 5.420769469 0.002274703 -0.030320504 -0.642351729 0.765806600
1317400991.552110910 -18.585840673 -162.628707673 5.441617135 0.002575719 -0.029598788 -0.625799834 0.779417632
1317400991.655934095 -18.496375884 -163.019250563 5.462504530 0.001355344 -0.028081271 -0.609477195 0.792304962
1317400991.759782076 -18.386049589 -163.432846618 5.482064827 -0.001091588 -0.026675322 -0.593181918 0.804625657
1317400991.863651991 -18.254401596 -163.838799119 5.496055248 -0.003320895 -0.025679769 -0.577080313 0.816276812
1317400991.967559099 -18.081695536 -164.261226621 5.514659358 -0.004205323 -0.026655462 -0.561700985 0.826900118
1317400992.071502924 -17.950014097 -164.674841627 5.541106349 -0.003788585 -0.028905131 -0.546923500 0.836674862
1317400992.175479889 -17.743635949 -165.122420457 5.565526833 -0.004672161 -0.029385405 -0.533334438 0.845381006
1317400992.279493093 -17.538781400 -165.553017277 5.591682893 -0.007210457 -0.027782223 -0.520857623 0.853160884
1317400992.383557081 -17.296742494 -165.996397221 5.613370530 -0.009008462 -0.024686316 -0.509713071 0.859943032
1317400992.487668037 -17.059271071 -166.428968014 5.637080736 -0.009095734 -0.022562414 -0.500627251 0.865321074
1317400992.591800928 -16.788026194 -166.909197066 5.669183435 -0.007829182 -0.021839140 -0.492830118 0.869816205
1317400992.695983887 -16.520470164 -167.362864074 5.702880308 -0.004026327 -0.021421501 -0.486532450 0.873390567
1317400992.800190926 -16.268256391 -167.790596443 5.735456013 -0.000606553 -0.020931596 -0.481101088 0.876414995
1317400992.904373646 -15.910607089 -168.334563903 5.772048351 0.001058969 -0.019947889 -0.475770833 0.879342411
1317400993.008517027 -15.574091979 -168.819637338 5.801053092 0.002836458 -0.019787799 -0.471046522 0.881881835
1317400993.112627983 -15.221221646 -169.335539848 5.829307891 0.005467302 -0.021259236 -0.465238170 0.884913328
1317400993.216731787 -14.881640950 -169.855381330 5.866650110 0.006316038 -0.023297188 -0.459968798 0.887606925
1317400993.320872307 -14.506423851 -170.371381077 5.890976589 0.004660416 -0.025304766 -0.455612032 0.889806510
1317400993.425004959 -14.118814576 -170.912684904 5.917680969 0.002169809 -0.026867151 -0.451795826 0.891714068
1317400993.529159069 -13.764073970 -171.418346137 5.937660353 -0.000470741 -0.027957120 -0.449688830 0.892747520
1317400993.633389711 -13.293238661 -172.020472491 5.975685118 -0.003196475 -0.026803901 -0.449877710 0.892682127
1317400993.737646103 -12.880610860 -172.583101119 5.991821437 -0.004296017 -0.024713267 -0.451083029 0.892129419
1317400993.841881037 -12.473962480 -173.153474824 6.047933574 -0.004738415 -0.023167832 -0.452958227 0.891218067
1317400993.946086884 -12.027658364 -173.747659405 6.078662979 -0.006099757 -0.021947228 -0.455209626 0.890092865
1317400994.050302982 -11.490989053 -174.426497892 6.121226204 -0.005704398 -0.021159873 -0.458021629 0.888670865
1317400994.154485941 -11.081801671 -175.021362213 6.164173516 -0.004611804 -0.021087246 -0.460386601 0.887456048
1317400994.258655071 -10.606432392 -175.685554209 6.198846615 -0.003403859 -0.020427633 -0.463189116 0.886017477
1317400994.362814903 -10.150566607 -176.335830223 6.243400041 -0.002412579 -0.020246481 -0.466243522 0.884421414
1317400994.466927052 -9.676168862 -177.010158263 6.283999666 -0.003954139 -0.020026560 -0.468950014 0.882988780
1317400994.571038008 -9.206620896 -177.699561218 6.324033794 -0.003897763 -0.021765408 -0.471353566 0.881667109
1317400994.675122976 -8.730825463 -178.396454333 6.363865704 -0.004612494 -0.023030216 -0.473675017 0.880386456
1317400994.779186010 -8.270631580 -179.100645321 6.405537004 -0.004564761 -0.022541927 -0.475864290 0.879217949
1317400994.883249044 -7.787577295 -179.814811536 6.428999059 -0.004481683 -0.019384242 -0.477871469 0.878204432
1317400994.987287045 -7.317893119 -180.531570162 6.471667373 -0.002484482 -0.017115519 -0.479666181 0.877280595
1317400995.091326952 -6.847253746 -181.253587285 6.525812549 -0.000945639 -0.019143037 -0.481101658 0.876455273
1317400995.195365906 -6.388850212 -181.959500502 6.583808193 -0.001956647 -0.023855528 -0.482206051 0.875730786
1317400995.299416065 -5.942917682 -182.687292800 6.621735985 -0.002589872 -0.027489695 -0.483108514 0.875125004
1317400995.403453112 -5.476508802 -183.411994863 6.657952677 -0.001686222 -0.028317439 -0.484010463 0.874602282
1317400995.507457018 -5.022858165 -184.131543871 6.703541506 0.000502654 -0.026373238 -0.484449145 0.874421652
1317400995.611473083 -4.560095314 -184.861425211 6.763797923 0.002392014 -0.025514969 -0.484860081 0.874216201
1317400995.715462923 -4.107116422 -185.582102024 6.812270626 0.005170603 -0.025855108 -0.484799992 0.874227514
1317400995.819428921 -3.661334429 -186.300715112 6.866110746 0.007307767 -0.026527147 -0.484566238 0.874321719
1317400995.923394918 -3.226240694 -186.998534894 6.907753446 0.008895182 -0.027826519 -0.484009808 0.874574792
1317400996.027363062 -2.778049906 -187.719215311 6.967915795 0.008779027 -0.029835052 -0.483479726 0.874802922
1317400996.131330967 -2.329006840 -188.417717234 7.009842064 0.008542345 -0.031873150 -0.483089973 0.874948689
1317400996.235272884 -1.883042305 -189.125965848 7.050276509 0.008621536 -0.031358245 -0.482959150 0.875038736
1317400996.339225054 -1.454416258 -189.821919115 7.099605695 0.009747301 -0.028778710 -0.482989885 0.875098593
1317400996.443192720 -1.003552740 -190.519721656 7.131036122 0.010956570 -0.024822586 -0.483499993 0.874923740
1317400996.547154903 -0.568256621 -191.208321100 7.192655339 0.014427949 -0.023073999 -0.483795579 0.874757831
1317400996.651119947 -0.131903959 -191.904241799 7.237486047 0.016089078 -0.023051947 -0.484325870 0.874435933
1317400996.755091906 0.283097850 -192.551840475 7.269379897 0.015420042 -0.024515894 -0.484946174 0.874064301
1317400996.859072924 0.682530522 -193.190006820 7.318486378 0.012776739 -0.026830947 -0.485820764 0.873553113
1317400996.963066101 1.083321930 -193.840802102 7.344335087 0.009822771 -0.029807947 -0.486895236 0.872896345
1317400997.067063093 1.458857060 -194.442662236 7.385944652 0.010070847 -0.032063502 -0.488316252 0.872019351
1317400997.171072006 1.831142387 -195.043551158 7.418769957 0.011281677 -0.031728421 -0.490153442 0.870985439
1317400997.275054932 2.174142175 -195.599875107 7.454473141 0.014416842 -0.029795685 -0.491883681 0.870031503
1317400997.379026890 2.497670810 -196.162128967 7.501483600 0.018309781 -0.028618535 -0.493355841 0.869163820
1317400997.482998133 2.809565126 -196.683879002 7.542312893 0.022446683 -0.029079703 -0.494466684 0.868419953
1317400997.586985111 3.108205886 -197.191095782 7.578439443 0.025630869 -0.029006211 -0.496133215 0.867383152
1317400997.690960884 3.387439900 -197.670314711 7.608773054 0.026135449 -0.029631241 -0.497948671 0.866305979
1317400997.794898033 3.646333684 -198.117842114 7.643991603 0.026468000 -0.031148009 -0.499647464 0.865263924
1317400997.898840904 3.888971133 -198.542253513 7.662189853 0.027219710 -0.032268702 -0.500948304 0.864446999
1317400998.002780914 4.121199861 -198.956128629 7.682401853 0.028658389 -0.032637150 -0.502785485 0.863319332
1317400998.106720924 4.338308114 -199.341691445 7.699275809 0.028168920 -0.031814808 -0.504531443 0.862347003
1317400998.210640907 4.547151572 -199.705175881 7.724866432 0.026996248 -0.030857292 -0.506094522 0.861502969
1317400998.314558983 4.754464441 -200.064687705 7.735330809 0.026162578 -0.029249466 -0.507489306 0.860763959
1317400998.418453932 4.938884733 -200.394618179 7.762108040 0.026833044 -0.028221438 -0.509035056 0.859864437
1317400998.522350073 5.118826120 -200.712056845 7.776230457 0.026810098 -0.027636570 -0.510111542 0.859245979
1317400998.626267910 5.282030935 -201.014520151 7.794600255 0.026511183 -0.028114420 -0.511377606 0.858486855
1317400998.730187893 5.439035564 -201.303705664 7.806905460 0.024985743 -0.028967864 -0.512506053 0.857831056
1317400998.834106922 5.596774716 -201.590896235 7.819464169 0.023446160 -0.030278040 -0.513659683 0.857138990
1317400998.938024998 5.762944933 -201.875820342 7.828449822 0.021653989 -0.030646277 -0.514996407 0.856370604
1317400999.041944027 5.914833589 -202.170438197 7.842178797 0.019965874 -0.030182359 -0.516317577 0.855632251
1317400999.145862103 6.074122605 -202.438154657 7.852404885 0.018390251 -0.029425945 -0.517433974 0.855019295
1317400999.249754906 6.219946014 -202.724230219 7.861326444 0.018004382 -0.029176683 -0.518374718 0.854466041
1317400999.353626013 6.366279182 -203.001753561 7.874993504 0.017895923 -0.029638597 -0.519437401 0.853806814
1317400999.457499027 6.516302871 -203.288517830 7.891679265 0.016509449 -0.030198213 -0.519805467 0.853591110
1317400999.561346054 6.662857849 -203.553900009 7.905947389 0.015176633 -0.030856682 -0.519979672 0.853486190
1317400999.665175915 6.809927782 -203.827429401 7.917905224 0.014538709 -0.031174850 -0.519180327 0.853972214
1317400999.768974066 6.949666259 -204.094045150 7.931886186 0.014641831 -0.031272528 -0.518059032 0.854647579
1317400999.872764111 7.097980905 -204.375370051 7.946231580 0.014636786 -0.031062226 -0.516504267 0.855595842
1317400999.976543903 7.240082163 -204.633551509 7.959602832 0.014222929 -0.031476556 -0.514644790 0.856707462
1317401000.080296040 7.385343162 -204.898677985 7.975480364 0.013221926 -0.033069939 -0.512380220 0.858019854
1317401000.184072018 7.545532986 -205.186153158 7.990589080 0.011586895 -0.035245334 -0.509669202 0.859570134
1317401000.287847281 7.710422720 -205.476132542 8.004754304 0.010538536 -0.036146845 -0.506681395 0.861310808
1317401000.391616106 7.880635246 -205.779787347 8.014474908 0.010427161 -0.034785578 -0.502969614 0.863540853
1317401000.495395184 8.059715528 -206.089494900 8.030067353 0.011367764 -0.032423338 -0.498674461 0.866108124
1317401000.599143982 8.245567272 -206.408277546 8.056351361 0.012473874 -0.031094436 -0.494226441 0.868687380
1317401000.702893019 8.442239470 -206.737702377 8.080112551 0.012656369 -0.030721316 -0.489405071 0.871423372
1317401000.806643009 8.660121987 -207.085903679 8.100599871 0.012515309 -0.030583058 -0.484615241 0.874103033
1317401000.910392046 8.886839866 -207.445173758 8.122731265 0.012740373 -0.029105145 -0.479754172 0.876827525
1317401001.014142036 9.126193068 -207.816111991 8.150556334 0.012960909 -0.027519387 -0.474904810 0.879511296
1317401001.117892027 9.382269569 -208.188506362 8.170728141 0.013210418 -0.026859592 -0.470303080 0.881997200
1317401001.221666098 9.639027139 -208.581480178 8.186815272 0.013067417 -0.026846990 -0.466016544 0.884272053
1317401001.325465918 9.931794925 -208.987696235 8.205405174 0.012055348 -0.025939224 -0.462726637 0.886039437
1317401001.429313898 10.230714835 -209.407718634 8.236276527 0.010058932 -0.026012989 -0.460284715 0.887333152
1317401001.533207893 10.539778700 -209.842734826 8.259669485 0.007788128 -0.026780463 -0.458699062 0.888153884
1317401001.637125969 10.864860272 -210.284199379 8.281581230 0.005681330 -0.027442866 -0.457702004 0.888663878
1317401001.741045952 11.200255928 -210.752744649 8.296801255 0.003622773 -0.028213675 -0.457260931 0.888877553
1317401001.844964981 11.554472215 -211.236573045 8.315480784 0.001388595 -0.028512852 -0.456857076 0.889081943
1317401001.948882103 11.922872184 -211.740027389 8.334595264 0.000097032 -0.026983686 -0.456545817 0.889290610
1317401002.052824974 12.297626510 -212.250014071 8.386636169 -0.001355782 -0.025948711 -0.456386183 0.889402315
1317401002.156769037 12.692420237 -212.786868917 8.421834819 -0.004669787 -0.026844834 -0.456163705 0.889478624
1317401002.260688066 13.092275219 -213.324547915 8.440762839 -0.007399069 -0.026748362 -0.455904761 0.889595766
1317401002.364604950 13.502730000 -213.881769258 8.471994215 -0.009121897 -0.024710838 -0.455770651 0.889707412
1317401002.468549013 13.937976946 -214.464824120 8.500750821 -0.009434587 -0.020495839 -0.456063270 0.889661286
1317401002.572515726 14.365761713 -215.039299629 8.539435616 -0.007676436 -0.016585378 -0.456602212 0.889483231
1317401002.676481962 14.810268618 -215.666400435 8.594787428 -0.006532780 -0.015941726 -0.457557785 0.889012968
1317401002.780472994 15.254357581 -216.275679578 8.631935194 -0.006048342 -0.017558856 -0.458346033 0.888579776
1317401002.884464025 15.710910092 -216.922250500 8.656088726 -0.005986906 -0.018913261 -0.459144681 0.888139971
1317401002.988429070 16.180746921 -217.579873437 8.686464302 -0.005203903 -0.019695594 -0.460002634 0.887683828
1317401003.092396021 16.640856674 -218.238082035 8.719214091 -0.004168125 -0.020403790 -0.460403791 0.887465302
1317401003.196362972 17.139602934 -218.927086539 8.769379046 -0.004868964 -0.021693540 -0.461155559 0.887040717
1317401003.300304890 17.625820990 -219.616943286 8.801222527 -0.004552607 -0.022392927 -0.461624212 0.886781212
1317401003.404223919 18.113839830 -220.321291262 8.836346269 -0.004460169 -0.019931805 -0.462344866 0.886464921
1317401003.508145094 18.614002220 -221.018787120 8.871139701 -0.003020212 -0.016991073 -0.462788397 0.886300785
1317401003.612063885 19.131693160 -221.748478501 8.916310456 -0.002952092 -0.015385633 -0.463309487 0.886058060
1317401003.715982914 19.649901846 -222.483871396 8.958746714 -0.002656416 -0.015985547 -0.463977832 0.885698582
1317401003.819924116 20.181086667 -223.242184675 8.985268176 -0.001714021 -0.017347051 -0.464882960 0.885200528
1317401003.923866987 20.707031734 -224.013920769 9.029784710 -0.001985617 -0.018704565 -0.465753704 0.884714465
1317401004.027786970 21.254668457 -224.800533497 9.068405751 -0.001585025 -0.019944276 -0.466512053 0.884288538
1317401004.131681681 21.804407264 -225.590009952 9.096618177 -0.000167713 -0.019496932 -0.466457544 0.884328672
1317401004.235552073 22.352634342 -226.377439529 9.130281765 0.001788651 -0.018420681 -0.466296122 0.884435077
1317401004.339421034 22.908232780 -227.179037984 9.179496798 0.002368784 -0.018836598 -0.465827574 0.884671828
1317401004.443291903 23.471612880 -227.984402237 9.226451187 0.000512912 -0.021209257 -0.465625167 0.884727703
1317401004.547175884 24.048269743 -228.815177167 9.266573588 -0.002190277 -0.021875420 -0.465048871 0.885011987
1317401004.651024103 24.622851875 -229.633619221 9.296051151 -0.001195826 -0.020979571 -0.464746862 0.885194206
1317401004.754833937 25.203864052 -230.468034901 9.345182275 0.001256943 -0.019341720 -0.464283006 0.885474793
1317401004.858656883 25.789396088 -231.312637856 9.387041858 0.003034613 -0.016897977 -0.464008822 0.885664193
1317401004.962480068 26.370596218 -232.136676346 9.431572011 0.003709479 -0.015273188 -0.463834850 0.885782254
1317401005.066301107 26.974134242 -232.988544737 9.485582431 0.003067791 -0.016113586 -0.463391604 0.886001785
1317401005.170099020 27.553292774 -233.818757727 9.524394530 0.001660063 -0.017995378 -0.462673151 0.886344722
1317401005.273850918 28.156502104 -234.656715788 9.561833320 0.001976585 -0.018552749 -0.461152547 0.887124691
1317401005.377603054 28.739186830 -235.481571892 9.599299004 0.003307450 -0.017612379 -0.459335456 0.888082093
1317401005.481379032 29.326412025 -236.293474534 9.642125766 0.004353336 -0.015650649 -0.457917270 0.888846375
1317401005.585175991 29.927752605 -237.126704683 9.690027481 0.002191815 -0.013231444 -0.457097639 0.889315396
1317401005.688973904 30.522660007 -237.939975550 9.710893388 -0.000549955 -0.010177796 -0.457089064 0.889362523
1317401005.792749166 31.119134232 -238.759349210 9.742560214 -0.002196793 -0.007478694 -0.457408303 0.889222631
1317401005.896548748 31.719382040 -239.578004237 9.781724642 -0.004233046 -0.007701352 -0.457531012 0.889150237
1317401006.000346899 32.326016471 -240.406058457 9.830447312 -0.008081057 -0.010307034 -0.457575017 0.889074556
1317401006.104120970 32.924054164 -241.233132788 9.850604024 -0.009604698 -0.012634588 -0.457363268 0.889138324
1317401006.207895994 33.515149182 -242.049290839 9.894079521 -0.009214657 -0.014412936 -0.457196877 0.889200974
1317401006.311671972 34.110991602 -242.867476865 9.939921525 -0.008150279 -0.015552728 -0.457156542 0.889212900
1317401006.415471077 34.697782951 -243.674131711 9.982612468 -0.009958565 -0.014987070 -0.457046911 0.889260555
1317401006.519269943 35.294382660 -244.483696562 10.022759783 -0.010468156 -0.013732497 -0.456895242 0.889352896
1317401006.623066902 35.881445153 -245.298747984 10.071953096 -0.009478601 -0.012727278 -0.456943161 0.889354328
1317401006.726866961 36.460640983 -246.098757065 10.121637262 -0.009464144 -0.011497132 -0.457066414 0.889307899
1317401006.830641270 37.043582231 -246.893400279 10.158911092 -0.008394614 -0.010547008 -0.457073182 0.889326935
1317401006.934416056 37.634724156 -247.705722952 10.202436324 -0.007322677 -0.009663210 -0.456978386 0.889395163
1317401007.038191080 38.202382607 -248.501202397 10.245413561 -0.005783593 -0.009914537 -0.457042961 0.889370555
1317401007.141988754 38.783090944 -249.287382382 10.292651528 -0.005594921 -0.011732629 -0.456992428 0.889375603
1317401007.245786905 39.347432696 -250.079576206 10.330177687 -0.005059475 -0.014037596 -0.457059387 0.889311006
1317401007.349586964 39.917838659 -250.867908924 10.374265943 -0.004721896 -0.015273624 -0.457202258 0.889219048
1317401007.453385115 40.486830930 -251.644270979 10.404104058 -0.004884945 -0.014222569 -0.457579893 0.889041336
1317401007.557183981 41.054947558 -252.438085642 10.448101836 -0.003383591 -0.013315699 -0.458365989 0.888657338
1317401007.660983086 41.640228755 -253.235307774 10.493821321 -0.000841234 -0.012568094 -0.459017740 0.888337802
1317401007.764781713 42.193685097 -254.003029649 10.529875419 0.000444119 -0.011036438 -0.459708578 0.888001139
1317401007.868580103 42.764667469 -254.796346580 10.560998234 0.000149908 -0.010769408 -0.460717576 0.887481444
1317401007.972403049 43.311708699 -255.579650013 10.603473216 -0.000128784 -0.012621407 -0.462231317 0.886669551
1317401008.076275110 43.875514570 -256.364269086 10.651649581 -0.002172782 -0.015348610 -0.464451831 0.885462701
1317401008.180145264 44.420099346 -257.148505191 10.671396561 -0.005306878 -0.015857135 -0.467373422 0.883901846
1317401008.284015894 44.956543277 -257.924093939 10.712735667 -0.007862234 -0.014525873 -0.469915774 0.882556712
1317401008.387861967 45.503254561 -258.713472921 10.738224172 -0.007191632 -0.012716983 -0.471699123 0.881638529
1317401008.491708279 46.052020455 -259.503402173 10.792010306 -0.006413822 -0.011826448 -0.473142567 0.880883142
1317401008.595555067 46.580115841 -260.283051609 10.836978897 -0.006558885 -0.011646615 -0.474685724 0.880053862
1317401008.699377060 47.105120115 -261.068048866 10.864497298 -0.007632005 -0.011182502 -0.476118172 0.879277084
1317401008.803177118 47.623952741 -261.848576012 10.894010055 -0.007263366 -0.010931979 -0.477091894 0.878755404
1317401008.906977892 48.139031479 -262.641531025 10.945924598 -0.006051953 -0.011914250 -0.478016247 0.878249333
1317401009.010776043 48.654318366 -263.435913139 10.986047505 -0.005312574 -0.013723008 -0.478975949 0.877704675
1317401009.114550114 49.176325585 -264.231949422 11.016739078 -0.004164096 -0.013911410 -0.479286524 0.877538353
1317401009.218348980 49.686108502 -265.025045436 11.048270213 -0.001415969 -0.013033997 -0.479204852 0.877605162
1317401009.322146893 50.205673523 -265.821808816 11.092949079 0.001082558 -0.012459136 -0.479189028 0.877622626
1317401009.425921679 50.731569115 -266.624507623 11.141295185 0.001398859 -0.011414120 -0.479243282 0.877606767
1317401009.529700041 51.239542527 -267.417767115 11.159581786 0.001240490 -0.010941012 -0.479566901 0.877436233
1317401009.633497000 51.760985838 -268.208501674 11.190337808 0.001115626 -0.011074777 -0.479990068 0.877203305
1317401009.737340927 52.280986737 -269.009665063 11.232080082 -0.000001886 -0.011920705 -0.480767700 0.876766968
1317401009.841188908 52.779925190 -269.780304439 11.255393808 -0.001443108 -0.012176419 -0.481588952 0.876311436
1317401009.945010900 53.301721467 -270.587752012 11.275379372 -0.000277726 -0.012036812 -0.482418552 0.875858082
1317401010.048831940 53.805146671 -271.388189627 11.314016574 0.002310075 -0.011593220 -0.482919175 0.875585136
1317401010.152682066 54.313238998 -272.179297749 11.343174870 0.004104466 -0.012365257 -0.483703717 0.875134829
1317401010.256529093 54.811924193 -272.975843172 11.374959898 0.004785354 -0.013367913 -0.484179164 0.874853665
1317401010.360351086 55.323823545 -273.776264267 11.410025047 0.005187400 -0.014972623 -0.484722245 0.874524589
1317401010.464173079 55.824890855 -274.572409019 11.454103857 0.003971248 -0.016265673 -0.485024109 0.874340477
1317401010.567994118 56.322849100 -275.355917888 11.479801185 0.003242360 -0.017297467 -0.485605007 0.874001179
1317401010.671817064 56.813514136 -276.142278522 11.511257457 0.004011545 -0.016991705 -0.486082748 0.873738377
1317401010.775671005 57.291316954 -276.921777014 11.538523633 0.005966544 -0.015546392 -0.486499686 0.873522046
1317401010.879517078 57.776659420 -277.685809878 11.580443467 0.008359930 -0.015400343 -0.486762560 0.873358547
1317401010.983335018 58.252416795 -278.455997413 11.618182158 0.010487890 -0.016587336 -0.486990672 0.873186664
1317401011.087157011 58.717654289 -279.207619904 11.656279131 0.011422476 -0.017602269 -0.486982652 0.873159541
1317401011.190979004 59.181188793 -279.948602529 11.688321350 0.011993024 -0.018223474 -0.486927328 0.873170000
1317401011.294826031 59.632955804 -280.664360580 11.720559371 0.012092659 -0.017913498 -0.486517354 0.873403537
1317401011.398672104 60.089761321 -281.386704848 11.744411658 0.013774830 -0.016490750 -0.485480021 0.873983671
1317401011.502473116 60.526225727 -282.067651865 11.784295553 0.015756198 -0.015431457 -0.484043410 0.874766020
1317401011.606247902 60.955266271 -282.743286445 11.807820086 0.017044468 -0.015221821 -0.482314396 0.875700066
1317401011.710020065 61.384538404 -283.405239531 11.846449656 0.016415551 -0.016841227 -0.479762170 0.877083327
1317401011.813819885 61.805694015 -284.059491369 11.871673838 0.014903721 -0.018921119 -0.476896224 0.878629536
1317401011.917619944 62.204861363 -284.645720976 11.885427991 0.013181004 -0.019298298 -0.473872054 0.880283541
1317401012.021419048 62.588787567 -285.237739789 11.904530448 0.011761843 -0.018228190 -0.471428309 0.881637534
1317401012.125289917 62.980123770 -285.795781929 11.937132259 0.010419658 -0.017682499 -0.469772187 0.882549065
1317401012.229232073 63.355647021 -286.363043302 11.963948558 0.008608940 -0.017559035 -0.469417194 0.882759913
1317401012.333245039 63.718711934 -286.896109057 11.990625946 0.005442207 -0.017383597 -0.472201443 0.881302439
1317401012.437356949 64.068783569 -287.439680985 12.009783707 0.003308246 -0.017285659 -0.476724715 0.878876446
1317401012.541516066 64.422310850 -287.968692321 12.024360557 0.004007257 -0.016584494 -0.483758308 0.875035311
1317401012.645699024 64.748935569 -288.499139313 12.052415433 0.006949340 -0.014910619 -0.491544764 0.870696919
1317401012.749932051 65.063256002 -289.034294513 12.077525529 0.009245162 -0.012850278 -0.501757180 0.864863648
1317401012.854211092 65.369056614 -289.563858192 12.105547879 0.010579489 -0.011703634 -0.513585703 0.857893248
1317401012.958512068 65.635681246 -290.050464913 12.123133010 0.011601711 -0.011416824 -0.527539996 0.849374246
1317401013.062791824 65.895192640 -290.573512570 12.142952156 0.012513582 -0.012985914 -0.541132124 0.840744195
1317401013.167021036 66.129762029 -291.059654988 12.154922717 0.012792619 -0.016729329 -0.554622682 0.831835416
1317401013.271224976 66.315388225 -291.545939950 12.170363268 0.011969084 -0.021913985 -0.568202486 0.822509850
1317401013.375407934 66.514533036 -292.038326774 12.187507525 0.010743716 -0.025307780 -0.581374324 0.813171559
1317401013.479496002 66.697057546 -292.552481603 12.196990018 0.010610695 -0.026098573 -0.593005892 0.804705095
1317401013.583488941 66.855447808 -293.069685452 12.206925799 0.012177827 -0.026622998 -0.601736093 0.798158249
1317401013.687383890 67.015535125 -293.593904352 12.233967252 0.015593812 -0.027035777 -0.608204802 0.793166325
1317401013.791182995 67.140260069 -294.095763482 12.261069667 0.019543192 -0.026924384 -0.611609298 0.790460124
1317401013.894910097 67.277785339 -294.595630114 12.287619925 0.021423148 -0.025385643 -0.613087629 0.789316272
1317401013.998589039 67.401931961 -295.094536356 12.308420530 0.020635419 -0.023979077 -0.612296433 0.789995102
1317401014.102243900 67.541214376 -295.578311863 12.321574848 0.018713023 -0.022012987 -0.609612951 0.792172520
1317401014.205898046 67.675083982 -296.064650674 12.331666633 0.017800439 -0.019826097 -0.606113995 0.794931378
1317401014.309600115 67.815633353 -296.553076064 12.339077303 0.017130417 -0.017261524 -0.601798471 0.798277639
1317401014.413327217 67.966681406 -297.027918578 12.354144739 0.017436999 -0.016320171 -0.597339689 0.801632646
1317401014.517076969 68.108175477 -297.517436287 12.364726129 0.018233508 -0.016549967 -0.592166418 0.805439366
1317401014.620826960 68.268025469 -298.001710278 12.378718852 0.019261872 -0.016681377 -0.587436310 0.808869145
1317401014.724554062 68.432265466 -298.495021929 12.388479637 0.019098814 -0.016558564 -0.582206994 0.812647565
1317401014.828279972 68.621683460 -298.996806227 12.401211313 0.017658950 -0.015749814 -0.576434181 0.816800918
1317401014.932008028 68.820992696 -299.493108590 12.393861886 0.016977786 -0.015671181 -0.569892016 0.821394704
1317401015.035712004 69.012597253 -299.995650439 12.410635304 0.017797891 -0.018013880 -0.562426204 0.826459618
1317401015.139436007 69.224786180 -300.496891618 12.423628226 0.018752429 -0.020672980 -0.554945968 0.831418034
1317401015.243185997 69.447894932 -300.999055694 12.433057660 0.019437778 -0.021622268 -0.546923561 0.836677518
1317401015.346915007 69.673197758 -301.519892577 12.447547025 0.018556853 -0.021395959 -0.539277070 0.841652006
1317401015.450640917 69.919978561 -302.054941309 12.455313785 0.017820492 -0.021904340 -0.530410656 0.847270421
1317401015.554370165 70.201909927 -302.564567371 12.462785865 0.018483595 -0.022295346 -0.522117827 0.852381516
1317401015.658119917 70.452406087 -303.105356607 12.490669308 0.019695049 -0.022226667 -0.513253556 0.857723072
1317401015.761892080 70.767680730 -303.637417269 12.510324834 0.019255937 -0.022767139 -0.505057919 0.862570208
1317401015.865668058 71.047266591 -304.164428635 12.525099796 0.017947550 -0.022897886 -0.496197531 0.867722065
1317401015.969440937 71.378572478 -304.711674116 12.545344982 0.016260150 -0.021830968 -0.488244130 0.872282458
1317401016.073238134 71.715972141 -305.247243526 12.551228036 0.015321206 -0.020523609 -0.481340576 0.876159399
1317401016.177038908 72.074157169 -305.794277286 12.572091035 0.015524142 -0.020001953 -0.474071682 0.880122130
1317401016.280862093 72.435033678 -306.363620666 12.591862255 0.015993786 -0.019593340 -0.466887169 0.883955130
1317401016.384708881 72.836487944 -306.923383496 12.624269698 0.015459556 -0.019119035 -0.460144431 0.887503559
1317401016.488508940 73.240421817 -307.480246284 12.637176564 0.013728741 -0.019560161 -0.452308426 0.891541367
1317401016.592305899 73.676168989 -308.048765767 12.654106851 0.012360736 -0.020241142 -0.444989193 0.895221831
1317401016.696105003 74.116226403 -308.622351977 12.671997431 0.012085870 -0.019822614 -0.436885928 0.899217260
1317401016.799881935 74.565838992 -309.186894284 12.693706990 0.011928062 -0.018967247 -0.429182350 0.902939907
1317401016.903677940 75.053884239 -309.765686082 12.731298540 0.011356943 -0.018160780 -0.421428057 0.906608845
1317401017.007475853 75.545255787 -310.346999741 12.746746249 0.009080809 -0.017286521 -0.412927076 0.910554746
1317401017.111252069 76.062417668 -310.901896353 12.768353994 0.006300621 -0.016218748 -0.403974978 0.914604544
1317401017.215049982 76.597196424 -311.475204713 12.782075962 0.003984393 -0.014579308 -0.394930126 0.918586830
1317401017.318850040 77.158409755 -312.051953460 12.812170765 0.002650347 -0.012724147 -0.386273761 0.922292607
1317401017.422648907 77.728546075 -312.611766697 12.834081969 -0.000409123 -0.012309491 -0.377689282 0.925850482
1317401017.526448011 78.328126089 -313.185517372 12.856368561 -0.003515602 -0.013488777 -0.369691765 0.929049887
1317401017.630247116 78.943734239 -313.746290191 12.877310544 -0.005382352 -0.014592997 -0.360815051 0.932507680
1317401017.734093904 79.582816254 -314.316423276 12.903145224 -0.006097928 -0.014455076 -0.352425424 0.935708388
1317401017.837939024 80.216991659 -314.861400893 12.930199164 -0.006467814 -0.013460187 -0.344148915 0.938796312
1317401017.941785097 80.876588830 -315.424042073 12.953524964 -0.005151040 -0.012664758 -0.336373686 0.941629340
1317401018.045681000 81.568057666 -315.974503799 13.003494129 -0.003435181 -0.013886246 -0.329647519 0.943995702
1317401018.149600983 82.289303854 -316.547460226 13.034921541 -0.002630663 -0.015936037 -0.323241615 0.946178620
1317401018.253519058 83.022437588 -317.104163956 13.057687688 -0.003481822 -0.016192332 -0.317207395 0.948211556
1317401018.357438326 83.748443291 -317.661895504 13.085490377 -0.001037307 -0.016125767 -0.310765999 0.950349082
1317401018.461380959 84.493412011 -318.199705336 13.125578687 0.002684712 -0.017316789 -0.304979438 0.952197702
1317401018.565372944 85.283336128 -318.777530678 13.184068451 0.003603281 -0.021295424 -0.300666228 0.953484840
1317401018.669388056 86.018590003 -319.320706936 13.217537176 0.001050664 -0.024294484 -0.296453720 0.954737590
1317401018.773423910 86.854303528 -319.853314193 13.233422486 0.000987807 -0.022587482 -0.295335546 0.955126036
1317401018.877511024 87.607898035 -320.400293849 13.265874110 0.003789465 -0.017998818 -0.293532850 0.955772017
1317401018.981599092 88.501457508 -321.005454269 13.333653205 0.008729767 -0.015650746 -0.293101239 0.955913442
1317401019.085635900 89.333452678 -321.565049034 13.384356219 0.012636955 -0.015578367 -0.292280877 0.956122121
1317401019.189625740 90.166360737 -322.117568551 13.408403093 0.016289128 -0.016200706 -0.291604933 0.956262916
1317401019.293595076 90.954589142 -322.636806214 13.456069576 0.019760422 -0.017970376 -0.290282284 0.956568234
1317401019.397537947 91.860443236 -323.233825223 13.488423838 0.020352210 -0.020053578 -0.288350396 0.957098579
1317401019.501456976 92.713367358 -323.790510297 13.524009268 0.020268953 -0.021846006 -0.286325785 0.957668767
1317401019.605400085 93.619170784 -324.376940566 13.561653211 0.016718722 -0.021702955 -0.284756156 0.958208431
1317401019.709342003 94.480068396 -324.929829161 13.595724946 0.015735025 -0.019449404 -0.284018088 0.958492491
1317401019.813285112 95.380391580 -325.501334046 13.626360307 0.015445826 -0.013986594 -0.283199022 0.958834770
1317401019.917227030 96.296149813 -326.084363018 13.666044968 0.017624227 -0.009391385 -0.282022567 0.959199906
1317401020.021147251 97.168788007 -326.648166410 13.715341171 0.020567308 -0.010301208 -0.280358223 0.959619788
1317401020.125067949 98.026250796 -327.205910378 13.743712502 0.022821482 -0.012996774 -0.279035229 0.959921666
1317401020.228960991 98.923575562 -327.777403113 13.760893442 0.024080854 -0.014382734 -0.277280624 0.960379459
1317401020.332854986 99.824019741 -328.345456488 13.788653568 0.025268713 -0.015072828 -0.276525438 0.960556081
1317401020.436773777 100.697436438 -328.892160956 13.823324735 0.026239823 -0.016390015 -0.274937234 0.960964285
1317401020.540666103 101.577693358 -329.437210370 13.848182736 0.026879059 -0.017199134 -0.273901691 0.961228157
1317401020.644560099 102.437581148 -329.976322999 13.873976319 0.027633842 -0.016053784 -0.272605022 0.961595107
1317401020.748456955 103.285112819 -330.511011442 13.897765905 0.030744441 -0.013601535 -0.271458268 0.961862873
1317401020.852303982 104.173389469 -331.054872598 13.941212398 0.033413466 -0.013621846 -0.269945613 0.962199227
1317401020.956149101 105.068800930 -331.583175782 13.987168356 0.033453831 -0.017367902 -0.268372687 0.962577424
1317401021.060020924 105.945218268 -332.110944454 14.012939368 0.028785662 -0.021756525 -0.267040752 0.963009489
1317401021.163893938 106.806262780 -332.609287081 14.027658711 0.024041198 -0.022679882 -0.265967070 0.963415363
1317401021.267763853 107.704696104 -333.144090584 14.047329827 0.022430357 -0.019527510 -0.265019661 0.963784278
1317401021.371634960 108.587125355 -333.670899658 14.096979082 0.023136002 -0.015458868 -0.263903979 0.964147519
1317401021.475506067 109.461162469 -334.170874449 14.130546936 0.023372629 -0.012364105 -0.262599131 0.964542661
1317401021.579377890 110.339917288 -334.680786770 14.169584392 0.026027107 -0.012636456 -0.261431234 0.964788381
1317401021.683271885 111.217679971 -335.190256758 14.208726874 0.024798136 -0.015137680 -0.259851539 0.965211418
1317401021.787189007 112.103415677 -335.700738532 14.246903628 0.022993549 -0.020001052 -0.259091731 0.965371809
1317401021.891083002 112.961012547 -336.197670775 14.276904855 0.018746193 -0.023769877 -0.258478927 0.965542447
1317401021.994980097 113.851511767 -336.698146871 14.299048828 0.016050701 -0.024098808 -0.258154775 0.965669578
1317401022.098897934 114.722157082 -337.175892900 14.319108073 0.011747791 -0.019161834 -0.257899708 0.965910221
1317401022.202816010 115.589267405 -337.668765414 14.359129129 0.012725270 -0.014118718 -0.257389025 0.966120913
1317401022.306734085 116.470805425 -338.167254418 14.418412370 0.014496730 -0.011685187 -0.256647953 0.966325581
1317401022.410650969 117.338475335 -338.660894812 14.467900457 0.014867495 -0.013243273 -0.255904250 0.966497071
1317401022.514547110 118.211919412 -339.158446242 14.504660115 0.011641479 -0.015536789 -0.255281258 0.966671901
1317401022.618443012 119.079931952 -339.633085460 14.522537506 0.010899912 -0.016589432 -0.254470343 0.966876842
1317401022.722334862 119.957149400 -340.131421934 14.550673715 0.010312647 -0.014759528 -0.253853424 0.967075098
1317401022.826208115 120.828766462 -340.615614832 14.585976834 0.011269900 -0.012367219 -0.253272605 0.967250241
1317401022.930079937 121.692981197 -341.101241975 14.629144590 0.013273739 -0.012375849 -0.252754797 0.967360149
1317401023.033925056 122.552688495 -341.578559614 14.666097676 0.014292263 -0.014059614 -0.251398199 0.967676084
1317401023.137748957 123.411187413 -342.057658824 14.697634944 0.013435649 -0.014595030 -0.250716305 0.967857326
1317401023.241595984 124.286437762 -342.541122857 14.714905835 0.013291405 -0.013540830 -0.249937458 0.968076057
1317401023.345441103 125.142794200 -343.004462731 14.756653965 0.012260554 -0.012197096 -0.249358772 0.968256739
1317401023.449261904 126.007026928 -343.468999046 14.791028233 0.010322532 -0.011892998 -0.249247117 0.968311869
1317401023.553064108 126.858337637 -343.924410325 14.822809833 0.008571493 -0.012594717 -0.248869879 0.968417103
1317401023.656863928 127.706416112 -344.377261773 14.843059037 0.008368836 -0.013110111 -0.248469412 0.968514863
1317401023.760660887 128.556811894 -344.840649859 14.889624506 0.006911376 -0.013127444 -0.248171928 0.968602394
1317401023.864435911 129.419820405 -345.311069858 14.896672047 0.003851626 -0.011072216 -0.248194305 0.968639333
1317401023.968235016 130.285913833 -345.773769863 14.933141441 0.005629258 -0.008224528 -0.248323351 0.968625925
1317401024.072033882 131.124937052 -346.228620539 14.974403155 0.007497562 -0.007290971 -0.248323097 0.968620807
1317401024.175807953 131.987836075 -346.693359619 15.011360866 0.007913653 -0.008072889 -0.248645023 0.968528706
1317401024.279583931 132.810369130 -347.135261580 15.032471339 0.006009741 -0.009182130 -0.248800416 0.968492604
1317401024.383359909 133.644315415 -347.594703835 15.043847356 0.004667138 -0.008029706 -0.248565811 0.968570482
1317401024.487133026 134.512888518 -348.064924615 15.077865971 0.001085704 -0.005263811 -0.248529332 0.968609459
1317401024.590907097 135.352476147 -348.509136726 15.092532737 0.000584434 -0.003517707 -0.248990191 0.968499442
1317401024.694680929 136.168317318 -348.942125817 15.123360782 -0.001214921 -0.003261545 -0.249132560 0.968463140
1317401024.798487902 137.017300242 -349.397169806 15.146309493 -0.005021405 -0.004993379 -0.249098741 0.968452203
1317401024.902287006 137.847549601 -349.845931449 15.162640093 -0.008526819 -0.006270098 -0.249026695 0.968438787
1317401025.006078959 138.670467173 -350.287613744 15.166435484 -0.007785292 -0.005851205 -0.248757855 0.968516743
1317401025.109875917 139.485700931 -350.729627875 15.206037225 -0.008578440 -0.003778946 -0.248751430 0.968521996
1317401025.213674068 140.318152336 -351.177077368 15.228580620 -0.008183351 -0.001612112 -0.249060256 0.968452076
1317401025.317521811 141.119587816 -351.598251781 15.246640208 -0.010609004 0.000675769 -0.249780639 0.968244094
1317401025.421392918 141.930233402 -352.041998432 15.274737358 -0.011324943 0.001177299 -0.250838176 0.967962070
1317401025.525262117 142.715843691 -352.462573558 15.307332867 -0.012319309 -0.001090355 -0.252572604 0.967498902
1317401025.629111052 143.465254198 -352.878704227 15.315534224 -0.013640308 -0.002835397 -0.253485916 0.967238747
1317401025.732959032 144.182252132 -353.260681521 15.327657839 -0.018639447 -0.001508639 -0.254521060 0.966886408
1317401025.836806059 144.970957127 -353.701494560 15.322032608 -0.021175012 0.002325240 -0.255869452 0.966476609
1317401025.940654039 145.713362782 -354.099683856 15.365159011 -0.019497201 0.004209275 -0.257193026 0.966154174
1317401026.044523954 146.438089273 -354.505607547 15.393864787 -0.020421727 0.002936887 -0.258631482 0.965755706
1317401026.148391962 147.143425249 -354.901279528 15.410561175 -0.023143194 0.000493169 -0.260599393 0.965169470
1317401026.252280951 147.861475125 -355.310994416 15.431252985 -0.026660910 -0.001140102 -0.262770665 0.964489230
1317401026.356200933 148.577056357 -355.717781467 15.432104051 -0.027312323 -0.001375587 -0.265379733 0.963756059
1317401026.460171938 149.262024756 -356.123535100 15.464968286 -0.025353758 -0.001501326 -0.269806233 0.962579622
1317401026.564187050 149.903309672 -356.521534611 15.470535114 -0.024903782 0.000452868 -0.275015734 0.961117029
1317401026.668203115 150.592467655 -356.935436698 15.514778619 -0.021360916 0.001098334 -0.281279506 0.959387484
1317401026.772239923 151.236752180 -357.343930832 15.522360913 -0.019571387 0.002382637 -0.287876265 0.957464641
1317401026.876277924 151.837261425 -357.743832435 15.552671040 -0.013881273 -0.000185472 -0.294349978 0.955596864
1317401026.980293036 152.485049841 -358.187923213 15.583081542 -0.013409872 -0.002710709 -0.300227217 0.953769598
1317401027.084307909 153.021936323 -358.571134536 15.604243230 -0.012353428 -0.005199105 -0.305892800 0.951971616
1317401027.188301086 153.659647769 -359.018419193 15.623276303 -0.011894283 -0.005144248 -0.311664356 0.950103885
1317401027.292243004 154.203422390 -359.412718147 15.648895039 -0.010133048 -0.003425853 -0.316019043 0.948692547
1317401027.396181107 154.807430860 -359.861647330 15.656215151 -0.006174171 -0.001083928 -0.320664013 0.947172263
1317401027.500124931 155.302317053 -360.247942489 15.689675661 -0.001263106 -0.000578751 -0.325233080 0.945632864
1317401027.604022980 155.837166090 -360.653963380 15.706662041 -0.003137438 -0.000930721 -0.328707423 0.944426133
1317401027.707894087 156.321814176 -361.046851138 15.720117229 -0.002457207 -0.001369590 -0.331891886 0.943313237
1317401027.811764002 156.915159471 -361.494463687 15.745955864 0.001905795 -0.002982282 -0.334281023 0.942466801
1317401027.915610075 157.367849297 -361.866828133 15.757684517 0.004730105 -0.002627285 -0.335241071 0.942116844
1317401028.019412041 157.868130664 -362.271962845 15.768120454 0.009872860 -0.000879596 -0.335869912 0.941856229
1317401028.123186111 158.330288052 -362.651895717 15.785673066 0.012819294 -0.000466184 -0.335491768 0.941955796
1317401028.226934671 158.780635061 -363.023312621 15.807225033 0.014149044 -0.000917999 -0.335301112 0.942004313
1317401028.330686092 159.220125829 -363.371893759 15.811398838 0.014566017 -0.001026197 -0.334486924 0.942287257
1317401028.434437990 159.605494784 -363.694187594 15.818061317 0.015956854 -0.001634806 -0.333356357 0.942664439
1317401028.538187981 159.988178088 -363.998156343 15.825060979 0.016409502 -0.002435867 -0.331913778 0.943163845
1317401028.641961098 160.414245476 -364.339377241 15.837050094 0.016341144 -0.003994674 -0.331023409 0.943472582
1317401028.745738029 160.758394355 -364.596139031 15.837911937 0.015955002 -0.004352952 -0.329297261 0.944081460
1317401028.849510908 161.142120459 -364.905302526 15.853929960 0.017500724 -0.006009781 -0.328229908 0.944416611
1317401028.953284979 161.501349444 -365.181665475 15.859236957 0.017571388 -0.007205413 -0.326736102 0.944924784
1317401029.057086945 161.818966585 -365.465203048 15.871525962 0.017848649 -0.008221180 -0.326255842 0.945077226
1317401029.160883904 162.145607893 -365.709417913 15.871287255 0.018185941 -0.008393742 -0.324552171 0.945655701
1317401029.264683008 162.449049573 -365.939648738 15.878060874 0.018967312 -0.008238791 -0.323000728 0.946172761
1317401029.368480921 162.775757712 -366.194194878 15.886700252 0.019803949 -0.008440382 -0.321748774 0.946580313
1317401029.472255945 163.047455196 -366.382153880 15.895434158 0.021551232 -0.008703528 -0.319616155 0.947262005
1317401029.576030970 163.367455024 -366.598409202 15.913012658 0.023324486 -0.009763139 -0.316505719 0.948253542
1317401029.679780960 163.578255542 -366.767533836 15.923411584 0.024360250 -0.011497552 -0.313740642 0.949126543
1317401029.783532143 163.771483972 -366.904993205 15.929901727 0.025037727 -0.012735077 -0.309832742 0.950376032
1317401029.887283087 164.004370426 -367.069408407 15.941189527 0.025574459 -0.013804663 -0.304982224 0.951914503
1317401029.991008997 164.239491982 -367.183121108 15.946845402 0.025672908 -0.015072411 -0.298501786 0.953944657
1317401030.094734907 164.367936361 -367.260324585 15.950228335 0.025762463 -0.016064035 -0.291769602 0.956006664
1317401030.198462009 164.528338321 -367.401700084 15.951694792 0.024319480 -0.015803375 -0.284140190 0.958343972
1317401030.302213907 164.683225547 -367.494621013 15.957674952 0.023160248 -0.015412666 -0.276721154 0.960547477
1317401030.405965090 164.829721648 -367.580802437 15.959987306 0.022497137 -0.015102012 -0.269841141 0.962523541
1317401030.509721994 164.943834626 -367.644813250 15.963044861 0.022140461 -0.014833540 -0.262559061 0.964547824
1317401030.613497019 165.118694569 -367.715804717 15.967146167 0.021822770 -0.014927321 -0.253832871 0.966886661
1317401030.717237949 165.171499052 -367.769494112 15.962983527 0.021835713 -0.015284539 -0.246104472 0.968876759
1317401030.820991039 165.341037964 -367.845212867 15.978502515 0.021762241 -0.015198050 -0.236610457 0.971241945
1317401030.924767017 165.478162286 -367.923524773 15.987067568 0.020316556 -0.014598863 -0.227214838 0.973523255
1317401031.028541088 165.569763707 -367.983463085 15.991696285 0.018246954 -0.013589237 -0.218660078 0.975535828
1317401031.132314920 165.702786899 -368.021347771 15.993434176 0.016011344 -0.012444328 -0.208877290 0.977731585
1317401031.236088037 165.838130850 -368.093376780 15.998608356 0.015567085 -0.012197530 -0.199395239 0.979719564
1317401031.339862108 165.934855370 -368.116584278 16.001762967 0.015474174 -0.012669434 -0.190019866 0.981576531
1317401031.443639040 166.075766707 -368.173869533 16.008637504 0.015120200 -0.013640246 -0.179691523 0.983512216
1317401031.547415018 166.213940694 -368.225478191 16.021327408 0.013279653 -0.013476571 -0.168176905 0.985575244
1317401031.651165009 166.361991289 -368.248149449 16.018184656 0.011144316 -0.012994017 -0.156771909 0.987486470
1317401031.754890919 166.542495106 -368.305236780 16.019719136 0.009341665 -0.012043772 -0.143620958 0.989515387
1317401031.858592987 166.712245126 -368.356304244 16.024782557 0.010025438 -0.010951946 -0.129859440 0.991421238
1317401031.962272882 166.944921509 -368.378134609 16.039134715 0.011119800 -0.009810730 -0.114543558 0.993307542
1317401032.065953016 167.168944468 -368.422616628 16.054220488 0.011056479 -0.008864153 -0.098908818 0.994995591
1317401032.169631958 167.379058659 -368.485099618 16.063299345 0.009689639 -0.007737843 -0.082122526 0.996545096
1317401032.273336887 167.612171836 -368.502149033 16.054366506 0.008482828 -0.006335132 -0.064220578 0.997879564
1317401032.377037048 167.893561559 -368.530951752 16.068338250 0.008164147 -0.005288165 -0.046091026 0.998889883
1317401032.480714083 168.141437102 -368.538045286 16.072565988 0.007339522 -0.004766905 -0.026646469 0.999606609
1317401032.584368944 168.426808133 -368.578642955 16.083776851 0.006353182 -0.003794776 -0.005767390 0.999955986
1317401032.688024044 168.727634388 -368.573228643 16.081981943 0.006326723 -0.003330822 0.016185835 0.999843436
1317401032.791677952 169.031997916 -368.538596065 16.093801548 0.007187494 -0.003688833 0.039784443 0.999175625
1317401032.895330906 169.367190630 -368.480476142 16.095218461 0.008023019 -0.003409206 0.064000097 0.997911818
1317401032.999010086 169.685970207 -368.455510287 16.092106542 0.008397839 -0.002933319 0.087925434 0.996087341
1317401033.102691889 170.056483774 -368.379035059 16.098346354 0.009671624 -0.003144873 0.112528947 0.993596400
1317401033.206346989 170.422193456 -368.281446266 16.101606660 0.010751269 -0.002924141 0.138024376 0.990366160
1317401033.310000896 170.771679945 -368.207079417 16.111110611 0.011659267 -0.001981143 0.163647531 0.986447982
1317401033.413703918 171.158890252 -368.067055531 16.115260560 0.011923887 -0.001653463 0.189603399 0.981786962
1317401033.517457008 171.544816590 -367.909645073 16.121857527 0.012865446 -0.001404336 0.215556374 0.976405632
1317401033.621232986 171.940729761 -367.711797760 16.129575598 0.013619297 -0.000958719 0.240761134 0.970488368
1317401033.725028753 172.328343550 -367.527543886 16.124692989 0.014278522 -0.000371118 0.264510039 0.964277152
1317401033.828852892 172.725907342 -367.291706069 16.137379629 0.015682138 0.000920338 0.287137357 0.957760597
1317401033.932698011 173.118797595 -367.006131496 16.143240319 0.016581737 0.002697352 0.308558287 0.951057072
1317401034.036569118 173.571926295 -366.686302024 16.153408923 0.016399048 0.003663744 0.330164142 0.943773960
1317401034.140464783 173.920036282 -366.363782392 16.157163939 0.014604110 0.003634227 0.348901952 0.937038388
1317401034.244455099 174.300070977 -366.012619455 16.150930274 0.011681248 0.002976167 0.364895448 0.930970463
1317401034.348567009 174.757324574 -365.604790897 16.149198127 0.009366366 0.002239827 0.378361554 0.925607794
1317401034.452725649 175.166390061 -365.193923819 16.150399709 0.008567741 0.000829730 0.388708009 0.921320785
1317401034.556907892 175.578944448 -364.722547711 16.154557085 0.008649388 -0.000299563 0.396836424 0.917848545
1317401034.661089897 176.034192060 -364.252285744 16.154756854 0.008854686 -0.001472636 0.404924616 0.914306011
1317401034.765252113 176.473538655 -363.736235692 16.165967428 0.009822871 -0.002534785 0.412436791 0.910929734
1317401034.869400024 176.941482097 -363.208462786 16.166871320 0.010097833 -0.002668315 0.419807065 0.907553272
1317401034.973558903 177.432450864 -362.632847886 16.179229602 0.010213965 -0.002525809 0.425602271 0.904849160
1317401035.077750921 177.861137267 -362.096353559 16.188396277 0.009757091 -0.002547272 0.431129003 0.902233946
1317401035.181931973 178.390033294 -361.479644056 16.202408956 0.009048807 -0.002431478 0.434865318 0.900446757
1317401035.286113977 178.867249333 -360.861079850 16.210959367 0.008352515 -0.002560597 0.438121125 0.898873494
1317401035.390320063 179.366743874 -360.220923027 16.222638436 0.008275086 -0.002128605 0.440273932 0.897822842
1317401035.494528055 179.883187776 -359.555995831 16.236178094 0.007811468 -0.001805347 0.441941153 0.897008216
1317401035.598733902 180.386107799 -358.906983017 16.250498993 0.007090528 -0.002172311 0.442810736 0.896584440
1317401035.702918053 180.929554402 -358.186852142 16.259116809 0.006690410 -0.002102348 0.443868484 0.896064500
1317401035.807075977 181.480666214 -357.458670840 16.268526610 0.007071483 -0.001493519 0.444197723 0.895899630
1317401035.911211967 182.013268259 -356.761348086 16.280549135 0.007141923 -0.000912856 0.444856332 0.895573003
1317401036.015299082 182.552829812 -356.021216699 16.288798844 0.007543911 -0.000449870 0.445188992 0.895404740
1317401036.119335890 183.109934573 -355.273991866 16.304625076 0.007866831 0.000125448 0.446405611 0.894796138
1317401036.223352909 183.691967786 -354.488221686 16.314732117 0.007922213 0.000773345 0.447928873 0.894033761
1317401036.327373981 184.254850240 -353.713075013 16.327167800 0.007457511 0.001371241 0.448826064 0.893586968
1317401036.431385994 184.838281220 -352.932264980 16.334106720 0.006795861 0.001507714 0.449853570 0.893075198
1317401036.535372972 185.413481992 -352.146792078 16.352933283 0.006642076 0.001204169 0.450300167 0.892851719
1317401036.639362097 186.017215392 -351.324334093 16.361176767 0.007030197 0.000768931 0.451103513 0.892443615
1317401036.743375063 186.599560183 -350.524624961 16.376779080 0.007027489 0.000784075 0.451551194 0.892217193
1317401036.847368956 187.194411866 -349.710955906 16.387983824 0.005878224 0.001823131 0.452318069 0.891835460
1317401036.951337099 187.797851726 -348.881633297 16.396003649 0.004424910 0.003116970 0.452798146 0.891596626
1317401037.055325985 188.397560867 -348.054664201 16.416602223 0.003442017 0.003899082 0.453082499 0.891453419
1317401037.159317017 188.988421132 -347.233186580 16.426239848 0.003003261 0.003996078 0.453037361 0.891477516
1317401037.263309002 189.578312575 -346.412222256 16.434162417 0.002666573 0.004106834 0.452265283 0.891870022
1317401037.367299080 190.169069860 -345.591272242 16.444242355 0.001853575 0.004520195 0.452045707 0.891981396
1317401037.471266031 190.764747282 -344.773583479 16.446758111 0.001623529 0.005536377 0.451657100 0.892172952
1317401037.575207949 191.359079510 -343.958527845 16.458804695 0.001505519 0.005584171 0.451361793 0.892322297
1317401037.679150105 191.958523975 -343.137593460 16.466733493 0.001557593 0.004570360 0.451019503 0.892501033
1317401037.783140898 192.550453303 -342.322030879 16.476261003 0.000587411 0.003064963 0.450551317 0.892745076
1317401037.887130976 193.129848950 -341.518677440 16.472988955 -0.001007016 0.002400969 0.450292245 0.892877436
1317401037.991075993 193.698277190 -340.722141050 16.482450534 -0.002996919 0.002577687 0.450060150 0.892989494
1317401038.095020056 194.287410531 -339.919096625 16.486444642 -0.005331447 0.002591089 0.449681159 0.893169478
1317401038.198961973 194.883832028 -339.095946367 16.492982235 -0.007891781 0.001881086 0.449591511 0.893197433
1317401038.302877903 195.466964174 -338.290323129 16.490713971 -0.010203804 0.000648076 0.449409740 0.893267232
1317401038.406795979 196.053004175 -337.457744146 16.494109429 -0.011788241 -0.000599356 0.449853417 0.893024402
1317401038.510714054 196.628845228 -336.681211997 16.496814857 -0.013091480 -0.001972516 0.449805594 0.893028359
1317401038.614609003 197.209990672 -335.862570037 16.497793551 -0.014391643 -0.002802968 0.450981519 0.892412849
1317401038.718481064 197.778060382 -335.106722419 16.500005814 -0.014045579 -0.002694444 0.451425044 0.892194425
1317401038.822328091 198.342343357 -334.278808648 16.505440945 -0.014506035 -0.004058949 0.453339286 0.891210745
1317401038.926152945 198.890686311 -333.536723862 16.519193134 -0.013063355 -0.005096333 0.455289040 0.890233265
1317401039.029927015 199.418753775 -332.814808912 16.526986157 -0.011770693 -0.004452672 0.457839024 0.888946035
1317401039.133651972 199.970642086 -332.010455125 16.531023662 -0.012056554 -0.003066396 0.461932837 0.886827655
1317401039.237330914 200.464710620 -331.301073011 16.540800325 -0.012141737 -0.001978658 0.466461409 0.884456000
1317401039.340961933 200.972516096 -330.550764620 16.552554079 -0.010821705 -0.002731970 0.473174821 0.880897847
1317401039.444617987 201.471939643 -329.784308535 16.563565286 -0.009322310 -0.003631847 0.482287228 0.875956011
1317401039.548273087 201.943203686 -329.021629871 16.573920393 -0.008890407 -0.003767942 0.492297441 0.870373479
1317401039.651904106 202.366309636 -328.282179471 16.577750443 -0.010191503 -0.003601839 0.502464747 0.864530126
1317401039.755558968 202.784711699 -327.552228065 16.582790503 -0.010878959 -0.002312495 0.513203192 0.858195074
1317401039.859235048 203.208169299 -326.752352495 16.592565886 -0.012002742 -0.001395736 0.525205911 0.850889380
1317401039.962937117 203.587317678 -325.982113629 16.603428740 -0.012734742 -0.000940039 0.537390849 0.843236632
1317401040.066664934 203.925763937 -325.199410140 16.601192305 -0.012421970 -0.001924595 0.549617908 0.835321582
1317401040.170368910 204.258444230 -324.405425627 16.602576969 -0.010250250 -0.002936468 0.562247310 0.826900400
1317401040.274048090 204.541577960 -323.613700311 16.610525878 -0.008076722 -0.003787790 0.576415872 0.817107803
1317401040.377751112 204.820984002 -322.811178046 16.610294262 -0.007730837 -0.003865234 0.590032859 0.807332967
1317401040.481477976 205.082293882 -321.969112209 16.612495493 -0.009877975 -0.002652680 0.604869015 0.796259295
1317401040.585206985 205.262400492 -321.159525855 16.603075840 -0.012593950 -0.000531685 0.617477063 0.786487881
1317401040.688958883 205.467255204 -320.353475189 16.629987059 -0.015277832 0.000301544 0.630537731 0.776008162
1317401040.792756081 205.635148219 -319.541570043 16.641896277 -0.016166615 -0.001036387 0.642725873 0.765924943
1317401040.896552086 205.783802796 -318.698404554 16.631283296 -0.014701763 -0.003590754 0.654842189 0.755614103
1317401041.000349998 205.891406309 -317.876744407 16.611580384 -0.013363692 -0.004143746 0.666639401 0.745249052
1317401041.104195118 205.978325754 -317.015635038 16.591443322 -0.013013283 -0.003786126 0.677545669 0.735355823
1317401041.208066702 206.046408200 -316.154562216 16.581326436 -0.014193559 -0.002202780 0.688389267 0.725199220
1317401041.311964273 206.070448757 -315.300200327 16.592586320 -0.015543393 -0.000824449 0.697529735 0.716386761
1317401041.415884018 206.101139448 -314.445173052 16.583078949 -0.015672626 -0.000341769 0.706051357 0.707987100
1317401041.519850016 206.104492341 -313.532348137 16.574441493 -0.015305824 -0.000556895 0.714447523 0.699521378
1317401041.623840094 206.089942280 -312.632671068 16.560850313 -0.015079700 -0.001662942 0.721581011 0.692163768
1317401041.727828979 206.040900846 -311.791154714 16.538271992 -0.015456284 -0.001620266 0.727348338 0.686092467
1317401041.831867933 205.994642061 -310.862245093 16.524230350 -0.016062289 -0.000517139 0.733071707 0.679961476
1317401041.935930967 205.893115321 -309.940252261 16.505905070 -0.014832660 0.000821184 0.737077292 0.675645161
1317401042.039968967 205.810664166 -309.004008432 16.519696932 -0.012463717 0.001372060 0.741376093 0.670972623
1317401042.143984079 205.746549316 -308.056484296 16.505366413 -0.010812824 -0.000088601 0.745779122 0.666105530
1317401042.248020887 205.618608968 -307.107397164 16.473721643 -0.009228722 -0.001164135 0.749309472 0.662154658
1317401042.352061033 205.513633564 -306.143573754 16.468780307 -0.009245726 -0.001316790 0.752784841 0.658200399
1317401042.456108093 205.371540136 -305.200937562 16.456525195 -0.010509317 -0.000039361 0.755092805 0.655533682
1317401042.560169935 205.234805937 -304.235802342 16.435333266 -0.013130014 0.001927450 0.757325873 0.652902298
1317401042.664200306 205.072844603 -303.278242466 16.435702074 -0.014723233 0.004080506 0.758716787 0.651241440
1317401042.768215895 204.901345242 -302.267181429 16.412729004 -0.014615190 0.005211419 0.760186966 0.649519064
1317401042.872231007 204.752887512 -301.274387358 16.413421482 -0.013441399 0.005315994 0.761517237 0.647983462
1317401042.976246119 204.592068519 -300.266831472 16.372603362 -0.012762577 0.005993768 0.763158149 0.646057916
1317401043.080262899 204.426568424 -299.261763069 16.364941478 -0.011431979 0.007568924 0.763889164 0.645201803
1317401043.184278965 204.243806873 -298.225194581 16.332869044 -0.010923792 0.009301797 0.764392603 0.644591418
1317401043.288294077 204.067719265 -297.188197205 16.323174650 -0.009881921 0.010501072 0.764910599 0.643975039
1317401043.392308950 203.881650238 -296.122993761 16.299995396 -0.008773678 0.011392161 0.765737228 0.642992798
1317401043.496321678 203.696353015 -295.063003858 16.285759393 -0.008766596 0.011615026 0.766204829 0.642431629
1317401043.600311995 203.495109043 -293.986314967 16.256681425 -0.009838960 0.011442746 0.766352233 0.642243344
1317401043.704278946 203.291382700 -292.916149746 16.235407627 -0.010708629 0.011464028 0.766246249 0.642355499
1317401043.808247089 203.104305301 -291.810714849 16.208579208 -0.011002842 0.011032300 0.766524953 0.642025484
1317401043.912213087 202.903203254 -290.732560140 16.185495627 -0.010161003 0.010358508 0.766470235 0.642115904
1317401044.016150951 202.692784727 -289.640228959 16.163080242 -0.008896185 0.009523906 0.767057918 0.641445479
1317401044.120070934 202.485197627 -288.498934903 16.136881535 -0.008225744 0.009649814 0.767535032 0.640881575
1317401044.223993063 202.289715631 -287.369467517 16.104937549 -0.008249152 0.010853526 0.767868939 0.640461899
1317401044.327887058 202.060604019 -286.225266452 16.089248174 -0.008886141 0.011269329 0.768523167 0.639660988
1317401044.431782961 201.860347119 -285.104855465 16.070161161 -0.009850316 0.010266164 0.768336545 0.639887905
1317401044.535702944 201.630892742 -283.967838907 16.040135982 -0.010917979 0.008943052 0.768793452 0.639341417
1317401044.639596939 201.398044258 -282.812993776 16.013122762 -0.012140755 0.007705450 0.769131213 0.638929109
1317401044.743464947 201.184135954 -281.654328460 15.998207001 -0.011591591 0.007915918 0.769306751 0.638725368
1317401044.847337008 200.923928880 -280.472432953 15.978474960 -0.010213766 0.007671360 0.769665357 0.638319722
1317401044.951210022 200.727509025 -279.348880718 15.953363973 -0.008799013 0.008234352 0.769488921 0.638546454
1317401045.055079937 200.498290716 -278.190343370 15.934355508 -0.008849947 0.009446147 0.769947199 0.637976301
1317401045.158947945 200.288972020 -277.024243228 15.928226082 -0.008781707 0.011413571 0.769942474 0.637950781
1317401045.262816906 200.067102371 -275.891040312 15.899750010 -0.010295468 0.013158315 0.769994970 0.637831175
1317401045.366686106 199.844326460 -274.713856887 15.883088351 -0.013292366 0.014486480 0.770525780 0.637105547
1317401045.470551968 199.642022064 -273.562379544 15.866420211 -0.015113038 0.013625274 0.770253619 0.637412983
1317401045.574450016 199.392294194 -272.405904439 15.847273402 -0.014064657 0.011497990 0.769969227 0.637822366
1317401045.678375006 199.163857394 -271.260731788 15.813986284 -0.013250587 0.008382144 0.769724975 0.638183065
1317401045.782293081 198.926248915 -270.130322476 15.784360465 -0.013106989 0.006245559 0.769389089 0.638615401
1317401045.886209011 198.736979833 -269.022301976 15.761719581 -0.014404261 0.005453120 0.769024166 0.639034125
1317401045.990129948 198.513784005 -267.877154141 15.735451815 -0.015028336 0.006769049 0.768379161 0.639782615
1317401046.094026089 198.289630984 -266.722662067 15.722483929 -0.015388060 0.007316427 0.768254506 0.639917722
1317401046.197891951 198.069985927 -265.607228567 15.699278150 -0.014207713 0.007376706 0.768067944 0.640168227
1317401046.301739931 197.848564373 -264.461787073 15.680505715 -0.012687269 0.007301232 0.768069191 0.640199534
1317401046.405567884 197.636853605 -263.337768321 15.658707915 -0.010709976 0.009317167 0.768284303 0.639951339
1317401046.509362936 197.421148615 -262.214269385 15.630468013 -0.010173176 0.011750525 0.768928066 0.639146353
1317401046.613136053 197.207076595 -261.090113153 15.622190186 -0.009338232 0.012952962 0.770011308 0.637830387
1317401046.716891050 196.987111567 -259.976645301 15.604102933 -0.008567542 0.012622193 0.770722446 0.636988374
1317401046.820643187 196.774613345 -258.868049492 15.582238708 -0.008688812 0.012416500 0.771250432 0.636351402
1317401046.924392939 196.544913767 -257.746866841 15.552196471 -0.011171931 0.011882569 0.771858131 0.635585571
1317401047.028119087 196.326459356 -256.619117308 15.536624871 -0.012343225 0.012646835 0.772431422 0.634852267
1317401047.131867886 196.096087464 -255.519496898 15.511715677 -0.012067048 0.013615120 0.772524342 0.634724473
1317401047.235620975 195.881329017 -254.407961200 15.493480076 -0.011506191 0.013636975 0.772812673 0.634383333
1317401047.339348078 195.642812679 -253.280138192 15.466913001 -0.010571774 0.014018269 0.773180007 0.633943533
1317401047.443074703 195.413969587 -252.176893158 15.442913939 -0.007845517 0.015519123 0.773564398 0.633479066
1317401047.546823978 195.205635755 -251.068678390 15.427461868 -0.004886106 0.017394426 0.773800368 0.633171817
1317401047.650572062 194.977295445 -249.977662649 15.399888194 -0.004295600 0.018886221 0.774051886 0.632825834
1317401047.754300117 194.755494027 -248.862988014 15.376242034 -0.005490851 0.020704727 0.774022442 0.632795721
1317401047.858052969 194.535936282 -247.772551969 15.354407202 -0.008264814 0.021959118 0.774165771 0.632547902
1317401047.961853027 194.295703451 -246.649454733 15.323851224 -0.010776126 0.021985112 0.774087241 0.632605306
1317401048.065675020 194.058767005 -245.550010602 15.297352080 -0.010881234 0.021545334 0.773768829 0.633008054
1317401048.169497013 193.839592989 -244.444836468 15.270701051 -0.009172085 0.020315875 0.773409606 0.633514577
1317401048.273320913 193.607489547 -243.335632919 15.242820925 -0.006952946 0.018694601 0.773333211 0.633685974
1317401048.377144098 193.389072101 -242.248209552 15.206107574 -0.005429899 0.018997015 0.773267066 0.633772573
1317401048.480967283 193.151894243 -241.150877237 15.178813695 -0.005918372 0.020666672 0.773540971 0.633381581
1317401048.584763050 192.954596236 -240.050345125 15.154711725 -0.007040604 0.022570802 0.773150196 0.633782110
1317401048.688561916 192.723963599 -238.950795997 15.122213861 -0.007855811 0.024602696 0.772987218 0.633895697
1317401048.792361021 192.502297742 -237.834917624 15.092266037 -0.006637146 0.026582002 0.772828971 0.634022655
1317401048.896135092 192.270997662 -236.753463807 15.069590185 -0.003417247 0.027872243 0.772937312 0.633860688
1317401048.999908924 192.062740258 -235.657528517 15.045222617 0.000164037 0.028840794 0.772787120 0.634009659
1317401049.103682041 191.838549874 -234.569938314 15.003405716 0.001365982 0.029141466 0.772865675 0.633898696
1317401049.207457066 191.617097434 -233.467398984 14.977859684 0.000844290 0.030410667 0.772980385 0.633700089
1317401049.311235905 191.396098411 -232.360568974 14.948716765 -0.000648020 0.031908030 0.773196441 0.633363025
1317401049.415011883 191.157800450 -231.254563249 14.912441602 -0.002705422 0.032259311 0.773271525 0.633248109
1317401049.518784046 190.941112269 -230.158732987 14.877257173 -0.004500106 0.030918616 0.773381007 0.633171072
1317401049.622558117 190.704998764 -229.043780839 14.857560685 -0.003695241 0.029185875 0.773624561 0.632960953
1317401049.726334095 190.470042204 -227.973870567 14.817749833 -0.002815336 0.027036059 0.773846163 0.632790045
1317401049.830106020 190.242475748 -226.865359479 14.776151164 -0.005034550 0.025649976 0.774163068 0.632446263
1317401049.933881998 190.017754876 -225.755925606 14.725214478 -0.006664279 0.027908398 0.774595169 0.631806167
1317401050.037658930 189.787413815 -224.641216157 14.709900097 -0.004699388 0.029061607 0.775374342 0.630815321
1317401050.141433001 189.547285353 -223.561628257 14.690503586 0.000280131 0.027627980 0.775540719 0.630692643
1317401050.245208979 189.313200785 -222.467045361 14.645684282 0.001075276 0.025559949 0.775843145 0.630406970
1317401050.348980904 189.079850510 -221.374729596 14.598700187 -0.001255023 0.027085444 0.776097929 0.630029212
1317401050.452754021 188.840126952 -220.244770723 14.572090664 -0.003225411 0.029686818 0.776732361 0.629122507
1317401050.556555986 188.620524455 -219.151429197 14.566730086 -0.003254646 0.029013709 0.776623514 0.629288113
1317401050.660353899 188.371430329 -218.048818517 14.522788823 -0.002486912 0.026085619 0.776571279 0.629484236
1317401050.764153957 188.128724310 -216.943806867 14.486076926 -0.001734495 0.024413033 0.776316928 0.629867464
1317401050.867974043 187.887272636 -215.830914817 14.450918409 -0.001628641 0.024271051 0.776302028 0.629891597
1317401050.971795082 187.655874383 -214.734004379 14.426126946 -0.001681713 0.025287263 0.775906912 0.630338155
1317401051.075596094 187.418321478 -213.618798890 14.410932720 -0.001122707 0.026091903 0.775806832 0.630429783
1317401051.179397106 187.184115892 -212.523436287 14.377505865 -0.000121301 0.026856808 0.775499744 0.630776381
1317401051.283220053 186.956416466 -211.387242845 14.351366973 -0.000557055 0.027000542 0.775501001 0.630768466
1317401051.387042046 186.732294006 -210.288485194 14.329561357 -0.002221224 0.026564327 0.775064756 0.631319275
1317401051.490888119 186.484301294 -209.170950142 14.300367792 -0.004396483 0.025882740 0.775212843 0.631154341
1317401051.594757080 186.254697646 -208.050929559 14.270567669 -0.007384979 0.024824904 0.775123223 0.631279000
1317401051.698628902 186.011997958 -206.918459152 14.233235864 -0.009177982 0.025188753 0.775065367 0.631312100
1317401051.802476883 185.775913577 -205.816926169 14.202901112 -0.009815070 0.024782649 0.774744245 0.631712624
1317401051.906300068 185.537389712 -204.734314026 14.172944872 -0.008735789 0.023705402 0.775030385 0.631418753
1317401052.010122061 185.304625653 -203.612604066 14.136203432 -0.006796687 0.022641349 0.775083550 0.631416396
1317401052.113945007 185.086335069 -202.533506466 14.109121869 -0.007230899 0.021592527 0.775035012 0.631507884
1317401052.217768908 184.839387988 -201.386323174 14.062281328 -0.008550799 0.023145872 0.775221683 0.631207173
1317401052.321589947 184.591653363 -200.285597104 14.031651165 -0.007803118 0.026445316 0.775425214 0.630837137
1317401052.425386906 184.358590003 -199.161620897 14.007582115 -0.006351814 0.026125569 0.775241696 0.631092245
1317401052.529186010 184.131438742 -198.084058773 13.973904575 -0.005403873 0.024335104 0.775300068 0.631100947
1317401052.633011103 183.891337399 -196.961312965 13.933481019 -0.004604069 0.023398856 0.775117046 0.631367453
1317401052.736810923 183.655528650 -195.886449245 13.906399044 -0.003046127 0.024279690 0.775308271 0.631108789
1317401052.840585947 183.439789874 -194.789601539 13.885995731 -0.004090693 0.024381320 0.774987685 0.631492601
1317401052.944381952 183.198992782 -193.695714644 13.846635443 -0.006125008 0.026255816 0.775056626 0.631316358
1317401053.048204899 182.971486599 -192.611580136 13.815608758 -0.006843758 0.028708768 0.774723594 0.631610894
1317401053.152028084 182.729164379 -191.505200860 13.790856079 -0.006809425 0.028076708 0.774526408 0.631881456
1317401053.255851984 182.511744758 -190.429723737 13.759669092 -0.007996351 0.023924251 0.773826861 0.632894681
1317401053.359674931 182.271272554 -189.318130874 13.713481018 -0.010454477 0.021455352 0.773867485 0.632897691
1317401053.463470936 182.050368077 -188.275908986 13.678087652 -0.010423168 0.023678072 0.773821950 0.632874629
1317401053.567246914 181.827000109 -187.183975525 13.638148603 -0.010727934 0.025115775 0.773698209 0.632965394
1317401053.671045065 181.611932355 -186.107395092 13.610887795 -0.011060049 0.024315245 0.773644621 0.633056431
1317401053.774844885 181.388200195 -185.026226223 13.576318288 -0.009724920 0.024375839 0.773412546 0.633359517
1317401053.878644943 181.161929617 -183.918054446 13.536365309 -0.008312165 0.024330157 0.773609322 0.633141034
1317401053.982467890 180.933826546 -182.846779943 13.505476417 -0.007326509 0.024015785 0.773544676 0.633244186
1317401054.086287975 180.721245634 -181.788483297 13.467273965 -0.007628946 0.024524239 0.773325944 0.633488236
1317401054.190087080 180.506478823 -180.703073146 13.436639023 -0.009339085 0.024574784 0.772895501 0.633988490
1317401054.293888092 180.276388291 -179.631187238 13.396979315 -0.011005314 0.025088391 0.772509325 0.634412168
1317401054.397686005 180.053969271 -178.544940227 13.359035037 -0.010157415 0.026796765 0.772111736 0.634840316
1317401054.501483917 179.846427447 -177.496091223 13.326608511 -0.008395889 0.028281246 0.771770344 0.635216669
1317401054.605282068 179.635046819 -176.440518684 13.287272196 -0.007215795 0.029704514 0.771750275 0.635190591
1317401054.709080935 179.432866177 -175.372180463 13.249669536 -0.006637652 0.031703755 0.771841572 0.634989292
1317401054.812927008 179.223930425 -174.292826202 13.216419072 -0.006755389 0.032679388 0.771994720 0.634752373
1317401054.916771889 179.009851611 -173.233654298 13.167150321 -0.008277153 0.032715619 0.771904476 0.634842229
1317401055.020572901 178.784928061 -172.172257945 13.121152513 -0.007813540 0.033086327 0.772189198 0.634482534
1317401055.124346972 178.577395892 -171.135648049 13.092905374 -0.006118327 0.031862898 0.772499473 0.634186003
1317401055.228122950 178.354323639 -170.060530082 13.045295711 -0.005094143 0.030906007 0.772572394 0.634153581
1317401055.331896067 178.138197823 -169.002374891 12.986897766 -0.006567974 0.031875022 0.772732355 0.633897114
1317401055.435647011 177.921701626 -167.941011590 12.957823679 -0.007361166 0.033844345 0.772892625 0.633590849
1317401055.539400101 177.713430964 -166.882349968 12.931369184 -0.006545544 0.032286604 0.773227856 0.633271990
1317401055.643173933 177.488352578 -165.832072887 12.884957880 -0.005820852 0.029088392 0.773631446 0.632941047
1317401055.746949911 177.264506760 -164.791891631 12.830399827 -0.006232981 0.027822984 0.774001533 0.632541428
1317401055.850723982 177.040901575 -163.728181395 12.782280072 -0.009513033 0.027556041 0.774141784 0.632340624
1317401055.954521894 176.816080065 -162.657656070 12.742296711 -0.011243544 0.029558051 0.774104697 0.632267208
1317401056.058344841 176.596577743 -161.594713378 12.718532518 -0.008840085 0.031336764 0.774428287 0.631823305
1317401056.162168026 176.367007936 -160.509325124 12.679840557 -0.002941518 0.031305421 0.774934691 0.631258697
1317401056.265969038 176.156196501 -159.465439344 12.651263756 0.000944790 0.028690505 0.775377599 0.630845101
1317401056.369769335 175.941124034 -158.407844335 12.598948968 0.001928381 0.027714174 0.775634647 0.630570456
1317401056.473566055 175.711979726 -157.364718810 12.572326280 -0.002201173 0.027101493 0.775863995 0.630313989
1317401056.577366114 175.482828910 -156.307284614 12.534151356 -0.006804827 0.029339981 0.776174900 0.629797892
1317401056.681164980 175.249024752 -155.254444617 12.504280559 -0.012200505 0.028574225 0.776099511 0.629844592
1317401056.784939051 175.008982717 -154.186603670 12.455006073 -0.013863115 0.028376826 0.776197258 0.629698648
1317401056.888715029 174.775543073 -153.061466057 12.429991821 -0.013766326 0.024362023 0.776465632 0.629538007
1317401056.992464066 174.529147484 -152.093869353 12.383968507 -0.011614380 0.022139113 0.776438000 0.629697545
1317401057.096215963 174.308482595 -151.021344189 12.333715326 -0.010253104 0.021201231 0.776633416 0.629512445
1317401057.199992180 174.089670344 -149.999600954 12.302308194 -0.010627741 0.022001702 0.776392549 0.629775821
1317401057.303766012 173.862456086 -148.936995477 12.268541579 -0.011313004 0.022541968 0.776228118 0.629947446
1317401057.407537937 173.639509115 -147.902275204 12.236813226 -0.011782548 0.023593055 0.776099395 0.630058941
1317401057.511312246 173.421750207 -146.860748124 12.199879976 -0.012674521 0.024057100 0.775988811 0.630160279
1317401057.615112305 173.180411770 -145.820776344 12.156226331 -0.013697818 0.023482606 0.775672500 0.630549848
1317401057.718910933 172.961111164 -144.788428358 12.138006177 -0.013863599 0.022269713 0.775211940 0.631156327
1317401057.822686911 172.748194371 -143.757562365 12.089117989 -0.014012732 0.021396991 0.775128744 0.631285389
1317401057.926459074 172.530200429 -142.718976752 12.046310338 -0.013734168 0.021338361 0.774992963 0.631460177
1317401058.030210018 172.310579300 -141.695509653 12.020982352 -0.013999301 0.020567229 0.774832595 0.631676704
1317401058.133963108 172.089005878 -140.658600565 11.968845526 -0.014275208 0.019798159 0.774834394 0.631692895
1317401058.237689018 171.870577981 -139.650697717 11.939867455 -0.014051456 0.019376363 0.774559281 0.632048285
1317401058.341414928 171.662477242 -138.640150163 11.906121854 -0.013510916 0.019369542 0.774546679 0.632075721
1317401058.445164919 171.446113079 -137.626655901 11.869390316 -0.012693003 0.021364626 0.774472339 0.632119480
1317401058.548914909 171.232742147 -136.582631359 11.828360877 -0.012241203 0.023508145 0.774247561 0.632327633
1317401058.652692080 171.027573930 -135.596185710 11.806169719 -0.011123562 0.025268367 0.774250957 0.632276230
1317401058.756467104 170.835167493 -134.621366540 11.775096586 -0.009760567 0.026739350 0.773911704 0.632653469
1317401058.860240936 170.618113187 -133.602487686 11.733154565 -0.010218256 0.026387052 0.773982435 0.632574503
1317401058.964040995 170.398284455 -132.581457228 11.700118795 -0.009722371 0.026261428 0.773900818 0.632687393
1317401059.067838907 170.197422128 -131.632890368 11.671223936 -0.009370361 0.025825834 0.773858971 0.632761816
1317401059.171636343 170.006830127 -130.683608196 11.636814289 -0.008809823 0.026658129 0.773502135 0.633171524
1317401059.275461912 169.798196887 -129.667220376 11.600725645 -0.009345173 0.027473778 0.773557080 0.633061848
1317401059.379260063 169.592458477 -128.679841990 11.567493186 -0.009870934 0.027617473 0.773366775 0.633280089
1317401059.483056068 169.395349888 -127.702056629 11.531993688 -0.010505420 0.027069629 0.773339774 0.633326507
1317401059.586877108 169.202886099 -126.735966527 11.499405971 -0.010236600 0.027323704 0.773011610 0.633720505
1317401059.690700054 168.994963341 -125.789412889 11.464301036 -0.010472948 0.027261607 0.772885596 0.633872998
1317401059.794501066 168.799778282 -124.860387700 11.434565081 -0.009776966 0.027960035 0.772640264 0.634152718
1317401059.898277998 168.614094424 -123.955532664 11.404605690 -0.009665665 0.028917344 0.772542023 0.634231176
1317401060.002051115 168.428293106 -122.997410424 11.373218341 -0.009630640 0.030465805 0.772426263 0.634300208
1317401060.105846882 168.255387438 -122.151185022 11.344135790 -0.010704342 0.031276128 0.772242336 0.634467490
1317401060.209645987 168.066998319 -121.252683216 11.315363368 -0.011302298 0.031277691 0.772114697 0.634612370
1317401060.313395023 167.891706261 -120.412525455 11.282068371 -0.010864805 0.031487907 0.772281344 0.634406804
1317401060.417099953 167.718144076 -119.586811416 11.258920577 -0.009861044 0.031382472 0.773209527 0.633296872
1317401060.520806074 167.539819367 -118.753835448 11.216786214 -0.009069373 0.031482919 0.774871679 0.631268923
1317401060.624531031 167.369043406 -117.955246423 11.190669260 -0.008332234 0.033007570 0.776855822 0.628757589
1317401060.728281021 167.207868412 -117.173267716 11.159603919 -0.009077449 0.033889568 0.778978960 0.626067790
1317401060.832057953 167.034715509 -116.372177408 11.125103443 -0.010973898 0.033848369 0.780929927 0.623604290
1317401060.935858965 166.851305495 -115.598634672 11.101490430 -0.011830364 0.032750021 0.782461125 0.621725072
1317401061.039701939 166.669716150 -114.834891555 11.068723486 -0.011853079 0.030377280 0.783287446 0.620803917
1317401061.143571854 166.485400313 -114.104420694 11.034174190 -0.011671091 0.028547901 0.783348391 0.620817285
1317401061.247467995 166.310155142 -113.382896130 11.002604440 -0.012565423 0.027480439 0.783335105 0.620864759
1317401061.351382971 166.157086525 -112.667898771 10.971433500 -0.015986359 0.026683348 0.783318632 0.620841651
1317401061.455327988 165.983872156 -111.981098520 10.946975635 -0.019395919 0.025614955 0.782704828 0.621563210
1317401061.559297085 165.834053218 -111.310429806 10.924618733 -0.021788680 0.024213819 0.781232792 0.623389340
1317401061.663311005 165.678312559 -110.639555418 10.883634550 -0.022998908 0.021285647 0.779105288 0.626109353
1317401061.767373085 165.539172789 -109.993964744 10.862339086 -0.022839884 0.016855242 0.775903446 0.630212729
1317401061.871459007 165.410491524 -109.378321573 10.821279354 -0.021949518 0.014512399 0.771876251 0.635228040
1317401061.975620031 165.291088180 -108.728439722 10.791866916 -0.021165764 0.014314423 0.766554137 0.641671148
1317401062.079849958 165.187035819 -108.091797767 10.761894584 -0.019623903 0.014370126 0.759223040 0.650375874
1317401062.184128046 165.086280048 -107.462299391 10.747606359 -0.018324611 0.012299035 0.750442646 0.660567012
1317401062.288455009 165.024134334 -106.834418297 10.726819786 -0.017335576 0.010554965 0.739635176 0.672701923
1317401062.392828941 164.956160491 -106.220167927 10.697466333 -0.018348900 0.011114438 0.726935687 0.686370377
1317401062.497252941 164.938018153 -105.550096918 10.656895280 -0.018705026 0.015002677 0.712736745 0.701021664
1317401062.601675987 164.947687091 -104.966264109 10.656799832 -0.017792078 0.020739632 0.695713167 0.717799762
1317401062.706049681 164.947162416 -104.400828376 10.658434054 -0.016175638 0.022969019 0.677243780 0.735222167
1317401062.810400963 164.998871220 -103.750528324 10.642724711 -0.014773603 0.021480176 0.659219949 0.751498105
1317401062.914705038 165.031527169 -103.172664015 10.608052052 -0.013030673 0.019113764 0.640489752 0.767618227
1317401063.018935919 165.147616916 -102.604853420 10.571695243 -0.011912927 0.018249084 0.621503524 0.783108181
1317401063.123166323 165.291235449 -102.000130592 10.568599264 -0.010990086 0.017037964 0.602073260 0.798183385
1317401063.227372885 165.441773725 -101.429235328 10.554720349 -0.011749569 0.012376301 0.582355228 0.812755291
1317401063.331506014 165.626079048 -100.790739895 10.513658099 -0.014479080 0.007508792 0.562871644 0.826383378
1317401063.435616016 165.860270112 -100.193789975 10.479709804 -0.015946377 0.005826978 0.543466497 0.839259153
1317401063.539654255 166.122547862 -99.561891192 10.468349087 -0.015834182 0.005630663 0.525286390 0.850759533
1317401063.643598080 166.399431993 -99.002449028 10.455608104 -0.015165060 0.003657882 0.507910229 0.861268738
1317401063.747520924 166.706133290 -98.404714707 10.444334119 -0.012266951 0.001357045 0.491417944 0.870836428
1317401063.851391077 167.028258400 -97.821130152 10.415452031 -0.009645842 0.000439297 0.476536114 0.879101869
1317401063.955212116 167.382810294 -97.260071865 10.421124930 -0.006228302 0.002302240 0.462458033 0.886616307
1317401064.059035063 167.777181603 -96.727616326 10.428167550 -0.005085823 0.003172471 0.448454339 0.893785643
1317401064.162858009 168.178885176 -96.159831774 10.428929786 -0.005073407 0.003486773 0.434311169 0.900741867
1317401064.266727924 168.595594973 -95.654637359 10.413633626 -0.003895787 0.003263593 0.419896882 0.907557591
1317401064.370623350 169.034216337 -95.074582136 10.424063053 -0.002198149 0.002349073 0.404540863 0.914514264
1317401064.474517107 169.455623607 -94.566215133 10.432155906 -0.001946760 0.001275970 0.388354194 0.921507245
1317401064.578459978 169.959196110 -94.051392317 10.420969561 -0.005077704 -0.000360909 0.371651856 0.928358220
1317401064.682425737 170.477931258 -93.561604698 10.416357938 -0.005634691 -0.000875325 0.354570639 0.935011843
1317401064.786392927 171.014607490 -93.058510275 10.431790676 -0.006836929 -0.002340860 0.336467768 0.941667254
1317401064.890383005 171.565248244 -92.596063975 10.429424858 -0.006446629 -0.003713649 0.317753194 0.948144270
1317401064.994374037 172.168933864 -92.150489133 10.430125373 -0.006340364 -0.005230226 0.298689363 0.954314995
1317401065.098366022 172.757537888 -91.722191340 10.446195627 -0.006593716 -0.006788159 0.279918198 0.959977211
1317401065.202357054 173.397355253 -91.311674281 10.457506857 -0.009141534 -0.007208828 0.261120048 0.965236130
1317401065.306324005 174.056993203 -90.971154112 10.450750165 -0.010056890 -0.006348719 0.242040375 0.970193285
1317401065.410290003 174.726084219 -90.558873507 10.479184068 -0.010077126 -0.004815389 0.223204485 0.974707659
1317401065.514255762 175.433065865 -90.193458091 10.489470558 -0.009905670 -0.003763854 0.204789142 0.978748752
1317401065.618206024 176.148238613 -89.889235561 10.499719791 -0.011324892 -0.003341567 0.188265982 0.982047097
1317401065.722075939 176.921859647 -89.614520649 10.512864398 -0.012563728 -0.003606221 0.172401655 0.984940007
1317401065.825870991 177.670867084 -89.319325751 10.503348432 -0.012867726 -0.005363095 0.158627463 0.987240086
1317401065.929621935 178.442201525 -89.019553197 10.533809975 -0.009247837 -0.007181731 0.146324918 0.989167285
1317401066.033371925 179.229076120 -88.883723207 10.549486095 -0.007420321 -0.010332389 0.136180923 0.990602310
1317401066.137124062 180.021752503 -88.562851873 10.562477908 -0.008444651 -0.013261656 0.125880474 0.991920825
1317401066.240845919 180.803348896 -88.348848948 10.562945716 -0.007116786 -0.014005098 0.117680850 0.992927201
1317401066.344569921 181.622772921 -88.095412506 10.597273651 -0.004606954 -0.012585345 0.111078428 0.993721273
1317401066.448250771 182.401182918 -87.863319238 10.614251868 0.000119594 -0.009063074 0.105332593 0.994395742
1317401066.551909924 183.251311206 -87.689842250 10.659409809 0.001429648 -0.007098945 0.103240741 0.994630037
1317401066.655612946 184.121051152 -87.530494683 10.665691277 0.003661929 -0.006586330 0.101650490 0.994791631
1317401066.759315014 184.960094739 -87.358180055 10.716509122 0.004353205 -0.007491996 0.100453642 0.994904008
1317401066.863018990 185.800977022 -87.161422484 10.708370937 0.004003687 -0.008515399 0.099582377 0.994984828
1317401066.966744900 186.700180479 -86.997829384 10.743024991 0.005690322 -0.008548424 0.099659989 0.994968558
1317401067.070445061 187.544524173 -86.863389327 10.767889131 0.006682671 -0.008202430 0.100432379 0.994887632
1317401067.174123049 188.359744798 -86.556287052 10.787930433 0.005198982 -0.006876056 0.099465851 0.995003636
1317401067.277801991 189.245527239 -86.401221779 10.788831903 0.002868109 -0.003995418 0.101094189 0.994864702
1317401067.381481886 190.161341379 -86.282987793 10.821596831 0.002754840 -0.001577620 0.103251552 0.994650209
1317401067.485184908 191.049625015 -86.070493371 10.853372678 0.001582059 -0.002014060 0.104206767 0.994552357
1317401067.588936090 191.894306377 -85.859228009 10.860667821 0.000269084 -0.004077022 0.103763184 0.994593639
1317401067.692686081 192.765425801 -85.657400453 10.865890364 0.000090964 -0.005108509 0.103837386 0.994581164
1317401067.796462059 193.678540938 -85.459543262 10.880114845 0.001800858 -0.005602343 0.104265104 0.994532131
1317401067.900238991 194.574292987 -85.287025696 10.911352724 0.004670899 -0.006474909 0.104699778 0.994471827
1317401068.003989935 195.424816197 -85.063036969 10.932918186 0.005370965 -0.007556064 0.104033552 0.994530582
1317401068.107789040 196.367358410 -84.900632059 10.943171708 0.004793434 -0.007351616 0.105555419 0.994374693
1317401068.211587191 197.239130116 -84.681563803 10.964456214 0.004872742 -0.006772481 0.104068900 0.994535094
1317401068.315361977 198.225401770 -84.567881568 11.003477622 0.005565194 -0.007336450 0.106154754 0.994306981
1317401068.419161081 199.115841609 -84.337483278 11.034288620 0.007074141 -0.009737002 0.104723232 0.994428576
1317401068.522957087 199.956579914 -84.086589467 11.041116214 0.006824291 -0.010668859 0.102646904 0.994637229
1317401068.626777887 200.925421751 -83.897396444 11.066401853 0.006189721 -0.009316363 0.103620862 0.994553975
1317401068.730601072 201.807234562 -83.751154385 11.089143160 0.006312656 -0.006014249 0.102800879 0.994663741
1317401068.834424973 202.718565426 -83.575874025 11.123786108 0.006192673 -0.002946748 0.103507500 0.994605030
1317401068.938273907 203.627738896 -83.380887986 11.149478095 0.006330685 -0.000436033 0.101496215 0.994815687
1317401069.042131901 204.521179421 -83.201121811 11.173095446 0.004745123 0.001030938 0.100798547 0.994895006
1317401069.145989895 205.433024029 -83.029228583 11.200290287 0.005925851 0.001032216 0.101712820 0.994795618
1317401069.249811888 206.372365403 -82.809840982 11.216530362 0.005661668 -0.000600928 0.100393496 0.994931520
1317401069.353658915 207.184477613 -82.649472873 11.223509392 0.005144930 -0.002507960 0.099351577 0.995035931
1317401069.457505941 208.068126924 -82.457323659 11.228550273 0.004051885 -0.003133597 0.097989052 0.995174311
1317401069.561327934 208.916524485 -82.284557959 11.239716306 0.003356420 -0.002377589 0.097629280 0.995214351
1317401069.665122986 209.850526829 -82.100654113 11.258776394 0.003899793 -0.001307078 0.097555469 0.995221590
1317401069.768898010 210.790130217 -81.920093155 11.297062484 0.002629656 -0.003758184 0.098090887 0.995166890
1317401069.872700930 211.630351653 -81.711496949 11.320347659 0.003014092 -0.009261638 0.099003257 0.995039443
1317401069.976524115 212.469706462 -81.538275899 11.325263981 -0.001073230 -0.014508930 0.098348392 0.995045694
1317401070.080318928 213.352159503 -81.359613399 11.318865999 -0.001806337 -0.015074451 0.098910834 0.994980475
1317401070.184113979 214.205354000 -81.143816398 11.359531750 -0.005076836 -0.012380860 0.097308726 0.995164284
1317401070.287938118 215.079272780 -80.976011117 11.379006411 -0.005523197 -0.006650851 0.100272443 0.994922458
1317401070.391766071 215.921628047 -80.818502367 11.408168223 -0.006037922 -0.002216253 0.100708726 0.994895162
1317401070.495589018 216.814109265 -80.632188482 11.456632950 -0.004547675 0.000488950 0.101799752 0.994794396
1317401070.599437714 217.644607777 -80.462362092 11.480233694 -0.003210864 0.000205223 0.102444727 0.994733495
1317401070.703272104 218.465789562 -80.264950706 11.497396255 -0.001790019 -0.001336149 0.102700141 0.994709853
1317401070.807105064 219.353932881 -80.090682899 11.495539145 -0.000731251 -0.001962405 0.104516259 0.994520973
1317401070.910973072 220.201659977 -79.913812004 11.519689930 0.000220272 -0.001772101 0.105464427 0.994421473
1317401071.014844894 221.003923790 -79.733645072 11.519043668 0.000252803 -0.000189316 0.104347945 0.994540802
1317401071.118741989 221.865296072 -79.548961711 11.532400253 0.000803379 0.002464957 0.105544728 0.994411177
1317401071.222660065 222.718758965 -79.360396802 11.553380718 0.000736937 0.003952563 0.105574524 0.994403265
1317401071.326577902 223.451949979 -79.205297781 11.559789835 0.000039707 0.003906622 0.105182154 0.994445298
1317401071.430495977 224.369319131 -79.023629661 11.574971862 -0.000042778 0.002583936 0.104686695 0.994501894
1317401071.534415007 225.210833425 -78.820741439 11.569477367 -0.000305855 0.002394738 0.103706642 0.994604999
1317401071.638335943 226.019903447 -78.657561149 11.575264748 -0.001569558 0.003515290 0.103089230 0.994664662
1317401071.742232084 226.909822423 -78.473612322 11.584299308 -0.001465377 0.004917491 0.102259898 0.994744482
1317401071.846126080 227.676562489 -78.289651815 11.590570202 -0.000585158 0.005655863 0.103361905 0.994627561
1317401071.950042963 228.595993980 -78.104246841 11.590760496 0.001624814 0.005711266 0.103281561 0.994634436
1317401072.053961992 229.381364096 -77.943926226 11.594325536 0.001781676 0.006137146 0.103170867 0.994643119
1317401072.157882929 230.158949493 -77.768236544 11.598942359 0.002918210 0.007162285 0.104378245 0.994507601
1317401072.261801958 231.023100104 -77.583672946 11.588946578 0.004128898 0.009774448 0.104465291 0.994471928
1317401072.365719080 231.895820239 -77.386416406 11.598979669 0.005639368 0.010906964 0.105255229 0.994369435
1317401072.469638109 232.705004232 -77.247157748 11.592595106 0.006557481 0.010722872 0.104440114 0.994451749
1317401072.573580027 233.505043577 -77.055889214 11.595230128 0.007077435 0.008102419 0.105354223 0.994376563
1317401072.677522898 234.335322248 -76.865045723 11.586069485 0.008024153 0.005559007 0.105038454 0.994420250
1317401072.781465054 235.221322978 -76.703827989 11.590717383 0.009154567 0.003871257 0.103775938 0.994551035
1317401072.885432005 236.002994955 -76.510159859 11.588136625 0.008910786 0.003808316 0.104566745 0.994470658
1317401072.989398956 236.815819822 -76.339429928 11.585542627 0.008221690 0.005209070 0.104380585 0.994489800
1317401073.093364000 237.657609725 -76.145873479 11.591343416 0.007112194 0.008113975 0.104221267 0.994495605
1317401073.197308064 238.450172102 -75.980862540 11.591687518 0.006958338 0.010676986 0.104111597 0.994483966
1317401073.301249981 239.307574860 -75.788759447 11.600278840 0.007150903 0.011414268 0.104191506 0.994466042
1317401073.405215979 240.118915536 -75.628813942 11.599542188 0.008136057 0.010971532 0.103840452 0.994500171
1317401073.509182930 240.915706103 -75.443439325 11.591640515 0.009510993 0.010337773 0.104019771 0.994476022
1317401073.613126993 241.773508561 -75.284626800 11.588649829 0.011108372 0.010167155 0.103208131 0.994545783
1317401073.717068911 242.562850245 -75.106370090 11.584648975 0.011568771 0.009884150 0.103798615 0.994481933
1317401073.821008921 243.404818657 -74.939851194 11.584541951 0.012170107 0.009057378 0.104059281 0.994455388
1317401073.924952030 244.290010408 -74.776570451 11.586055358 0.012499945 0.007894485 0.103232320 0.994547393
1317401074.028898954 245.042935913 -74.620781188 11.578158116 0.011852203 0.007797046 0.103783159 0.994498762
1317401074.132841110 245.871278995 -74.441605348 11.572778331 0.010258360 0.008666107 0.104222345 0.994463357
1317401074.236784935 246.684688313 -74.245504726 11.570535321 0.009106061 0.009628751 0.103832102 0.994506542
1317401074.340703964 247.535877038 -74.053953543 11.573362794 0.007929778 0.009330677 0.104318074 0.994468600
1317401074.444622993 248.357563181 -73.873483858 11.574334912 0.006890888 0.008175589 0.104567200 0.994460344
1317401074.548566103 249.190777247 -73.684204292 11.571775776 0.005734238 0.007000320 0.104723298 0.994460228
1317401074.652512074 250.004663528 -73.520771869 11.568215674 0.004552746 0.006668163 0.104534823 0.994488451
1317401074.756428003 250.809428134 -73.334904395 11.568752733 0.003505764 0.006680055 0.104544073 0.994491641
1317401074.860343695 251.621751705 -73.165256808 11.570861479 0.002495208 0.006412223 0.104389290 0.994512712
1317401074.964297056 252.461262817 -72.973860589 11.570690341 0.001920459 0.005200450 0.103794725 0.994583291
1317401075.068239927 253.250476964 -72.777014847 11.565725906 0.002009309 0.004383167 0.103571001 0.994610375
1317401075.172173023 254.088800969 -72.625120273 11.571485684 0.002976656 0.004807581 0.102747658 0.994691382
1317401075.276113987 254.891903430 -72.452622927 11.574492401 0.003226397 0.006639315 0.101999665 0.994757045
1317401075.380059958 255.698282647 -72.286612329 11.579786207 0.003488049 0.008457751 0.101945513 0.994747914
1317401075.484025955 256.506096608 -72.103553199 11.585898158 0.003746439 0.009160958 0.101629879 0.994773044
1317401075.587991953 257.305125465 -71.935674872 11.584150194 0.003814840 0.009305063 0.101591647 0.994775352
1317401075.691956997 258.119015964 -71.766368971 11.586060196 0.003227098 0.008963463 0.101252750 0.994815120
1317401075.795898914 258.934081023 -71.602302786 11.581338252 0.002193630 0.008055429 0.101055833 0.994845725
1317401075.899820089 259.705891073 -71.418541144 11.579758058 0.001443799 0.007228986 0.100917413 0.994867495
1317401076.003765106 260.473108998 -71.283038543 11.578854817 0.000304439 0.006911379 0.101159675 0.994846149
1317401076.107707024 261.233370335 -71.111260322 11.578131788 -0.001127105 0.007262264 0.100944961 0.994864867
1317401076.211648941 262.018536706 -70.946387626 11.582036833 -0.002497439 0.007927623 0.100696649 0.994882456
1317401076.315592051 262.756714594 -70.766149075 11.580384314 -0.003863270 0.008181271 0.100540238 0.994891855
1317401076.419533968 263.498847231 -70.631453685 11.584794075 -0.004602608 0.008016828 0.100308678 0.994913421
1317401076.523475885 264.217217855 -70.475991787 11.580670974 -0.005467874 0.007880863 0.100256974 0.994915340
1317401076.627418995 264.926558467 -70.334050711 11.580541016 -0.005745224 0.007725744 0.100019098 0.994938935
1317401076.731420279 265.595494755 -70.176747837 11.581009561 -0.005939289 0.008152983 0.099815014 0.994954882
1317401076.835386992 266.269729886 -70.055547498 11.580758586 -0.006336162 0.009379203 0.099555646 0.994967616
1317401076.939321041 266.927458728 -69.891210282 11.578826699 -0.006531999 0.011239057 0.098618230 0.995040432
1317401077.043289900 267.526658401 -69.791978482 11.582329923 -0.006361455 0.013200232 0.098121305 0.995066578
1317401077.147255898 268.124518393 -69.655849436 11.583632420 -0.006118352 0.014490716 0.097522915 0.995108972
1317401077.251220942 268.686904735 -69.542334003 11.586808368 -0.006235124 0.014671873 0.097029974 0.995153779
1317401077.355187893 269.238632211 -69.435882738 11.585458178 -0.006694895 0.013641553 0.096491039 0.995217848
1317401077.459155083 269.744707400 -69.329773141 11.574757373 -0.006583303 0.012246609 0.095911939 0.995292711
1317401077.563147068 270.243427841 -69.235061956 11.563314174 -0.005766375 0.011443691 0.095126501 0.995382710
1317401077.667135954 270.706305259 -69.137437668 11.562895658 -0.004046449 0.010627997 0.094065113 0.995501093
1317401077.771125078 271.129954727 -69.061941657 11.571234751 -0.002779988 0.009969719 0.093250975 0.995588837
1317401077.875117064 271.540333433 -68.968831838 11.571982303 -0.004438674 0.009125098 0.092248097 0.995684347
1317401077.979106903 271.926439467 -68.893460985 11.567258168 -0.006404379 0.008374003 0.090738176 0.995818981
1317401078.083122969 272.253994053 -68.840132990 11.551531893 -0.007025684 0.008767119 0.089141355 0.995955620
1317401078.187116146 272.576658430 -68.776702570 11.553333953 -0.005436768 0.009157578 0.087489022 0.996108554
1317401078.291080952 272.864199307 -68.720047572 11.554713878 -0.003107102 0.009286653 0.086121283 0.996236532
1317401078.395071983 273.124805208 -68.676598418 11.561721997 -0.001280999 0.009972369 0.084826207 0.996345033
1317401078.499062061 273.367618400 -68.636510405 11.568055074 -0.000936248 0.010559903 0.083521720 0.996449564
1317401078.603029966 273.558938624 -68.606729689 11.567783133 -0.001224326 0.010341016 0.082544417 0.996532982
1317401078.707020998 273.744786516 -68.562789067 11.569024960 -0.001616146 0.009644058 0.081377126 0.996635412
1317401078.811011076 273.913689618 -68.545657522 11.571574126 -0.002652071 0.009133275 0.080332607 0.996722741
1317401078.914978027 274.086994465 -68.506030614 11.571546543 -0.003841605 0.008707420 0.079408784 0.996796703
1317401079.018944979 274.239839601 -68.470969705 11.568749038 -0.004587099 0.008041974 0.078617343 0.996861875
1317401079.122934103 274.392230909 -68.447453120 11.569073878 -0.004276483 0.007185830 0.077739724 0.996938619
1317401079.226923943 274.535430923 -68.428682628 11.568800103 -0.003555507 0.006510772 0.076949496 0.997007394
1317401079.330890894 274.669151377 -68.401690099 11.570054156 -0.003094615 0.005982333 0.076318556 0.997060737
1317401079.434883118 274.804860436 -68.387953963 11.571653687 -0.003212194 0.005276828 0.075597153 0.997119304
1317401079.538875103 274.933629412 -68.359040914 11.567134534 -0.003529246 0.004365261 0.074923064 0.997173517
1317401079.642842054 275.058812242 -68.348790803 11.564163923 -0.003407774 0.003241461 0.074521662 0.997208304
1317401079.746833086 275.178910217 -68.327974827 11.564007626 -0.002989248 0.002056867 0.074144706 0.997240892
1317401079.850824118 275.318874189 -68.302493290 11.562338757 -0.002477160 0.001244982 0.074299177 0.997232142
1317401079.954765081 275.439110979 -68.283597932 11.563523860 -0.002123907 0.000571684 0.075196608 0.997166301
1317401080.058706999 275.560892748 -68.267568391 11.561294654 -0.002077033 0.000160503 0.076588559 0.997060606
1317401080.162650108 275.690519058 -68.233449784 11.561688052 -0.002160546 -0.000383508 0.078529555 0.996909371
1317401080.266566992 275.822014551 -68.216996355 11.559689661 -0.002244624 -0.000979930 0.081306900 0.996686104
1317401080.370485067 275.941485698 -68.193041887 11.558221438 -0.002127349 -0.001345445 0.084502362 0.996420100
1317401080.474406004 276.067580171 -68.177456709 11.558413298 -0.002047093 -0.001708372 0.088168132 0.996102039
1317401080.578325033 276.197461061 -68.148974047 11.554603621 -0.001959671 -0.002094824 0.092130299 0.995742828
1317401080.682218075 276.341121074 -68.120199856 11.553242173 -0.001398155 -0.002691001 0.096968455 0.995282835
1317401080.786067963 276.490227980 -68.088615772 11.554514274 -0.000628288 -0.003353523 0.103314937 0.994642842
1317401080.889894962 276.639196083 -68.064303418 11.558136375 -0.000199437 -0.004103540 0.111329092 0.993775103
1317401080.993665934 276.803971396 -68.025160813 11.556095217 -0.000193154 -0.004667432 0.120860589 0.992658499
1317401081.097392082 276.988314886 -67.950834214 11.554783028 -0.000525240 -0.004555630 0.131332461 0.991327774
1317401081.201128006 277.196644967 -67.890502521 11.553085073 -0.000884833 -0.003949849 0.143045502 0.989707836
1317401081.304828882 277.402500245 -67.808670056 11.557415811 -0.001354842 -0.003139387 0.155930011 0.987762188
1317401081.408498287 277.631474843 -67.755861227 11.558792028 -0.001964013 -0.002189371 0.171075251 0.985253575
1317401081.512152910 277.875813900 -67.673393128 11.564317534 -0.002114289 -0.000558561 0.187398061 0.982281622
1317401081.615783930 278.139980175 -67.540331905 11.562947053 -0.002399112 0.001380665 0.205272868 0.978700867
1317401081.719414949 278.343878682 -67.486888074 11.577738920 -0.003012755 0.004015448 0.225694257 0.974185250
1317401081.823045015 278.623055112 -67.317347038 11.572859180 -0.004612879 0.006113640 0.246291104 0.969165640
1317401081.926676035 278.856529468 -67.226474961 11.578920366 -0.006139154 0.007985783 0.268049779 0.963352404
1317401082.030329943 279.112930685 -67.048024460 11.570870732 -0.007127043 0.010287469 0.289954205 0.956958689
1317401082.134010077 279.385018422 -66.868138455 11.576878056 -0.008041597 0.013775646 0.312539855 0.949770711
1317401082.237714291 279.620777552 -66.677676850 11.580116837 -0.009354782 0.016786129 0.335672368 0.941782764
1317401082.341464996 279.889427757 -66.453895959 11.579445714 -0.011173957 0.018468929 0.359139846 0.933034090
1317401082.445240974 280.135436543 -66.217529100 11.573448008 -0.012319400 0.019641158 0.383215664 0.923367864
1317401082.549038887 280.405706171 -65.953836669 11.557090060 -0.013684051 0.019696622 0.407451448 0.912911884
1317401082.652834892 280.630739090 -65.677376310 11.544653969 -0.014416566 0.020496512 0.431958808 0.901545142
1317401082.756611109 280.872157659 -65.347298315 11.520191410 -0.015682262 0.021397820 0.456373643 0.889392657
1317401082.860410929 281.108837648 -65.042310576 11.495857531 -0.015689919 0.022761801 0.480782036 0.876404222
1317401082.964210033 281.322351108 -64.678802920 11.480267572 -0.014991225 0.023767318 0.504575289 0.862910282
1317401083.068006992 281.554869067 -64.296916055 11.454417545 -0.013440686 0.025240223 0.528018751 0.848751128
1317401083.171828032 281.695686373 -63.906805427 11.445177011 -0.012169809 0.027270426 0.551160588 0.833864633
1317401083.275651932 281.917669579 -63.438199715 11.417941341 -0.011879549 0.028268678 0.573729310 0.818470792
1317401083.379475117 282.069960664 -63.003989693 11.387331477 -0.011390324 0.028026995 0.596820756 0.801804049
1317401083.483297110 282.197270561 -62.556061469 11.354766049 -0.009789478 0.029168834 0.620148796 0.783880613
1317401083.587121010 282.320707308 -62.012702432 11.330247554 -0.007910188 0.030483406 0.642132049 0.765946879
1317401083.690968990 282.393108527 -61.518768222 11.320995513 -0.006952164 0.030637608 0.664008891 0.747064386
1317401083.794866085 282.465690740 -60.969994593 11.267469640 -0.008134934 0.032140761 0.684421706 0.728332151
1317401083.898807049 282.449126334 -60.404955515 11.230569335 -0.009160900 0.034530037 0.703362257 0.709933300
1317401084.002820969 282.475440608 -59.830777709 11.215191274 -0.008402827 0.036655462 0.720614857 0.692314955
1317401084.106883049 282.438708878 -59.214633225 11.189388051 -0.007853310 0.037656316 0.735922677 0.675971997
1317401084.210995913 282.394567924 -58.595920895 11.165940994 -0.007459216 0.036872912 0.749644888 0.660770225
1317401084.315203190 282.284965880 -57.955810348 11.122867004 -0.006745764 0.034272666 0.761161933 0.647620560
1317401084.419482946 282.141275634 -57.306505913 11.070486392 -0.007269050 0.032832375 0.770402293 0.636670639
1317401084.523833036 282.021730537 -56.650357530 11.030252670 -0.008991335 0.033109057 0.777275615 0.628224135
1317401084.628228903 281.870128981 -55.940779096 10.985036927 -0.010951465 0.035136615 0.781491453 0.622829505
1317401084.732650995 281.710722520 -55.228648535 10.957185621 -0.012050335 0.036197254 0.784163954 0.619379885
1317401084.837099075 281.507576587 -54.475729735 10.915096177 -0.011055989 0.035739774 0.785310221 0.617971108
1317401084.941543818 281.327118562 -53.762276684 10.843366427 -0.007226448 0.037119792 0.785587399 0.617593992
1317401085.045989990 281.119013996 -52.917642639 10.821645152 -0.003374885 0.040654990 0.784009753 0.619406563
1317401085.150413990 280.978498594 -52.143151423 10.781977174 -0.002663622 0.041532366 0.782499111 0.621259292
1317401085.254765034 280.771864430 -51.312524325 10.715256296 -0.002157023 0.041090023 0.780994637 0.623180819
1317401085.359042883 280.586765146 -50.428866594 10.689638018 0.000576303 0.040520048 0.779616001 0.624945345
1317401085.463296652 280.388694630 -49.574102536 10.659271344 0.003761511 0.036611000 0.778997581 0.625945888
1317401085.567503929 280.210372296 -48.704957033 10.604912551 0.005057435 0.031587544 0.779272907 0.625867706
1317401085.671641111 279.944591066 -47.814085168 10.570531887 0.004113680 0.027913590 0.779361005 0.625939560
1317401085.775752306 279.736684511 -46.868598875 10.528801479 -0.000450903 0.025831176 0.780412467 0.624731085
1317401085.879837990 279.476465155 -45.946905877 10.490940002 -0.005351190 0.026198693 0.781992970 0.622713408
1317401085.983899117 279.284611385 -44.996169586 10.459323991 -0.009616035 0.028193506 0.783325938 0.620897039
1317401086.087964058 279.039489519 -44.004925329 10.406179438 -0.013841075 0.030823396 0.783714140 0.620201975
1317401086.192003727 278.814961299 -43.049971337 10.366583415 -0.016315074 0.033953301 0.784291468 0.619247838
1317401086.296015978 278.573045572 -42.024801321 10.325756461 -0.016965136 0.035620744 0.784450969 0.618934588
1317401086.400031090 278.341778574 -41.042274786 10.256541407 -0.016135906 0.034385380 0.785032990 0.618288349
1317401086.503998995 278.084043051 -40.020813173 10.191285267 -0.014712998 0.032980244 0.785857116 0.617352755
1317401086.607916117 277.830020583 -39.040050888 10.141496882 -0.012625952 0.031373396 0.787343802 0.615585926
1317401086.711836100 277.556285974 -38.040480249 10.086698714 -0.010948051 0.030017236 0.789201045 0.613303201
1317401086.815754890 277.291238987 -37.023867444 10.031236262 -0.010281180 0.028648972 0.791206704 0.610790869
1317401086.919671059 277.016091190 -36.035744178 9.984102569 -0.011195436 0.029181188 0.793364805 0.607943589
1317401087.023565054 276.739536440 -34.997497333 9.941063122 -0.013378158 0.030140038 0.795205534 0.605442616
1317401087.127460957 276.429271052 -33.986047172 9.892739343 -0.015576723 0.030314115 0.797012490 0.603000424
1317401087.231406927 276.148214459 -32.959960615 9.840060174 -0.017477303 0.029890061 0.798372518 0.601167573
1317401087.335375071 275.833298358 -31.933462850 9.788250662 -0.019702268 0.028779599 0.799273017 0.599955165
1317401087.439341068 275.529178550 -30.895392245 9.718526612 -0.021381800 0.027787998 0.799723693 0.599343524
1317401087.543282986 275.209727024 -29.871313850 9.662811500 -0.021829889 0.027175227 0.800257474 0.598642580
1317401087.647226095 274.902287640 -28.828808066 9.600873248 -0.021932602 0.026765760 0.800628756 0.598160639
1317401087.751193047 274.589929608 -27.804872416 9.544082810 -0.022071918 0.026222015 0.801018427 0.597657691
1317401087.855159998 274.306263312 -26.774220805 9.480184158 -0.022424787 0.025416312 0.801504521 0.597027339
1317401087.959101915 273.943439775 -25.711607959 9.423695124 -0.022855762 0.023624770 0.801543430 0.597032339
1317401088.063044071 273.636851119 -24.670545655 9.366960454 -0.023025602 0.020127653 0.801577252 0.597108540
1317401088.167035103 273.308790795 -23.621604122 9.295884749 -0.023185823 0.018420863 0.801439618 0.597342136
1317401088.271050930 272.973701644 -22.549032978 9.232846502 -0.024805020 0.018850513 0.800838572 0.598069353
1317401088.375065088 272.660472213 -21.505670602 9.175853775 -0.026355822 0.020307974 0.800410486 0.598528204
1317401088.479054928 272.340059826 -20.435543889 9.122642619 -0.025940470 0.021092201 0.799942136 0.599145050
1317401088.583043098 272.017729942 -19.349703051 9.059923717 -0.025308562 0.021140812 0.798941494 0.600503982
1317401088.687035084 271.693572434 -18.287122858 8.997369831 -0.026571524 0.020173251 0.797771326 0.602036465
1317401088.791026831 271.376136939 -17.220805696 8.930856307 -0.028487586 0.018651510 0.796301793 0.603940422
1317401088.895018101 271.065012559 -16.133354089 8.871717053 -0.029830910 0.017274092 0.794557187 0.606210029
1317401088.998984098 270.768868741 -15.050845672 8.802798295 -0.030037092 0.016289681 0.792899908 0.608393093
1317401089.102927923 270.448653973 -13.953442854 8.741526271 -0.029789136 0.016052645 0.791118049 0.610726741
1317401089.206868887 270.155742044 -12.851909477 8.677525171 -0.029103483 0.016568789 0.789357408 0.613019856
1317401089.310811043 269.866664886 -11.740734122 8.612699204 -0.029037821 0.017234216 0.787573293 0.615295128
1317401089.414753675 269.566262752 -10.631766982 8.550509652 -0.028960317 0.018402359 0.785856695 0.617455997
1317401089.518697977 269.298806213 -9.544047114 8.482673961 -0.029801659 0.018329004 0.784428171 0.619232067
1317401089.622591972 269.027538510 -8.416538851 8.418950694 -0.029632409 0.018440648 0.782679352 0.621445810
1317401089.726486921 268.751039851 -7.288884643 8.358263455 -0.028284022 0.017538955 0.781074609 0.623550202
1317401089.830384016 268.497024062 -6.168968660 8.294678103 -0.026054121 0.016090357 0.779833750 0.625237239
1317401089.934252977 268.224408492 -5.051128648 8.223688645 -0.025615266 0.015382202 0.778752490 0.626619347
1317401090.038099051 267.969176404 -3.922566561 8.157205328 -0.026011024 0.016177747 0.777658750 0.627939945
1317401090.141896963 267.712043862 -2.772104131 8.108215976 -0.026130073 0.016690544 0.777056580 0.628666618
1317401090.245675087 267.465126528 -1.652073601 8.042659189 -0.026592592 0.015939238 0.776507731 0.629344515
1317401090.349449873 267.220790658 -0.485264173 7.978245699 -0.027266043 0.015719686 0.776354067 0.629510776
1317401090.453223944 266.967425761 0.640602719 7.924375207 -0.027458509 0.015618721 0.775997428 0.629944504
1317401090.556973934 266.701947772 1.829774378 7.863251005 -0.027083142 0.014795735 0.775769933 0.630260740
1317401090.660722971 266.460397514 2.967470929 7.801157907 -0.026129564 0.014654982 0.775694653 0.630396925
1317401090.764472008 266.210780845 4.097736306 7.745070978 -0.025092396 0.015643591 0.775419786 0.630753363
1317401090.868199110 265.967231809 5.256143665 7.687044520 -0.024373362 0.017014198 0.775451498 0.630707088
1317401090.971927881 265.721128892 6.419445324 7.628266667 -0.025060891 0.018117367 0.775202442 0.630955535
1317401091.075654030 265.475702747 7.573409602 7.571387277 -0.027008833 0.018730761 0.775095182 0.630989017
1317401091.179404974 265.228309078 8.737927529 7.514505948 -0.028163767 0.018282436 0.774842692 0.631261719
1317401091.283157110 264.977534767 9.873304433 7.453744156 -0.027996305 0.017157359 0.774846852 0.631295642
1317401091.386909962 264.731459458 11.052030532 7.390626482 -0.027298008 0.016234228 0.774785893 0.631425442
1317401091.490660906 264.483116653 12.198480962 7.328137214 -0.026356532 0.016468355 0.774816555 0.631421755
1317401091.594388962 264.241986382 13.355719424 7.267333294 -0.026200150 0.017564322 0.774821129 0.631393114
1317401091.698137045 263.991024654 14.529476378 7.205720258 -0.027061589 0.018600702 0.774637648 0.631552214
1317401091.801909924 263.758561521 15.657249135 7.148633182 -0.028027374 0.019669939 0.774418556 0.631746357
1317401091.905685902 263.512726733 16.797816207 7.088609545 -0.028742059 0.019395657 0.774368688 0.631783854
1317401092.009462118 263.274732732 17.937697719 7.031218510 -0.028165960 0.018923510 0.774309992 0.631896048
1317401092.113236904 263.022874000 19.089473189 6.963103220 -0.027111688 0.018809926 0.774194861 0.632086592
1317401092.217036009 262.797352286 20.235721600 6.897534365 -0.026776571 0.019628464 0.774176887 0.632098004
1317401092.320858002 262.550235567 21.380021533 6.831046137 -0.027267144 0.021178903 0.774046084 0.632187169
1317401092.424678802 262.318146625 22.488850376 6.773018041 -0.027669132 0.022904369 0.773907925 0.632278683
1317401092.528505087 262.086464168 23.637907835 6.707803514 -0.028491303 0.023490842 0.773784823 0.632371310
1317401092.632328033 261.851133198 24.754192505 6.636754837 -0.029801868 0.023377444 0.773701745 0.632416757
1317401092.736149073 261.612065853 25.892473360 6.566668292 -0.030442701 0.022589109 0.773593456 0.632547341
1317401092.839976311 261.362343864 27.012467894 6.504436498 -0.030127472 0.020773902 0.773526692 0.632706281
1317401092.943796873 261.126870578 28.152893620 6.425096078 -0.029729742 0.019253237 0.773481436 0.632828511
1317401093.047616959 260.891569933 29.301176900 6.360631966 -0.029510446 0.018516706 0.773430484 0.632923022
1317401093.151413918 260.652983999 30.417570293 6.287824954 -0.028844415 0.019294095 0.773313948 0.633072883
1317401093.255213022 260.421324160 31.546581444 6.214943575 -0.029689484 0.019875177 0.773374455 0.632941912
1317401093.359010935 260.176364112 32.681040524 6.150012588 -0.029760004 0.021413595 0.773260952 0.633027093
1317401093.462810040 259.942066266 33.813538528 6.085474206 -0.030865319 0.020122741 0.773406787 0.632838327
1317401093.566656113 259.711018801 34.948771025 5.998802378 -0.032390236 0.018725640 0.773465712 0.632732973
1317401093.670502901 259.462016589 36.110082172 5.928038687 -0.033509366 0.017307671 0.773466750 0.632713800
1317401093.774324894 259.221925664 37.258378933 5.859230719 -0.032622222 0.015953030 0.773645612 0.632577077
1317401093.878149986 258.977680043 38.419431274 5.782661149 -0.031381682 0.014145473 0.773915703 0.632352418
1317401093.981972933 258.737604790 39.579341928 5.700090233 -0.029820609 0.014695719 0.774251060 0.632004797
1317401094.085793972 258.497410755 40.759898362 5.637537005 -0.028065797 0.016432972 0.774399266 0.631860780
1317401094.189618111 258.242830505 41.933141164 5.563886833 -0.028169266 0.017476830 0.774498827 0.631706118
1317401094.293417931 257.997558333 43.102415646 5.491828007 -0.029377427 0.018931175 0.774692884 0.631371137
1317401094.397214890 257.755025114 44.289330681 5.428500464 -0.029357522 0.020051248 0.774874985 0.631113969
1317401094.501039028 257.488692099 45.521740999 5.364677320 -0.027923522 0.019016588 0.775079070 0.630960443
1317401094.604836941 257.224999526 46.716384820 5.286427414 -0.026799328 0.017452479 0.775266261 0.630824406
1317401094.708621979 256.976613833 47.929762798 5.210531357 -0.025662534 0.017288370 0.775647485 0.630407429
1317401094.812375069 256.704432013 49.127187161 5.135779813 -0.026169718 0.017247935 0.775793747 0.630207677
1317401094.916139126 256.436979186 50.363086045 5.059030514 -0.029173074 0.016863430 0.775752198 0.630137353
1317401095.019936085 256.164658601 51.587795602 4.995231286 -0.032539491 0.016124712 0.775673403 0.630088840
1317401095.123711348 255.888892262 52.813333340 4.928930593 -0.035132690 0.013644014 0.775670695 0.630011514
1317401095.227483988 255.615773962 54.048143856 4.847701275 -0.035713883 0.011400092 0.775698005 0.629989811
1317401095.331235886 255.349412951 55.265616135 4.770295598 -0.035884104 0.010124334 0.775826255 0.629843989
1317401095.434986353 255.075058828 56.500384625 4.694394901 -0.035830100 0.009732313 0.775931039 0.629724153
1317401095.538737059 254.813696704 57.741611584 4.629038795 -0.035087749 0.010193057 0.776137758 0.629503878
1317401095.642465115 254.543716282 58.966966571 4.558521064 -0.035166386 0.010380970 0.776202584 0.629416483
1317401095.746190071 254.279927561 60.187474087 4.477477238 -0.036690474 0.011748844 0.776297181 0.629188732
1317401095.849941015 254.009724108 61.412937584 4.409868831 -0.038086214 0.013869391 0.776363097 0.628981257
1317401095.953716040 253.740572322 62.629678744 4.349149086 -0.038301311 0.013689538 0.776381090 0.628949926
1317401096.057490110 253.468163299 63.864043370 4.258898495 -0.037614271 0.013247542 0.776125084 0.629316712
1317401096.161289930 253.198857382 65.107242668 4.179649065 -0.036967407 0.013474665 0.775773547 0.629783493
1317401096.265089035 252.933897010 66.311900562 4.104595668 -0.036964697 0.013133987 0.775458467 0.630178765
1317401096.368865013 252.670759961 67.527430316 4.021550518 -0.037472808 0.013684935 0.775235604 0.630411191
1317401096.472666025 252.410207432 68.756412897 3.943263469 -0.039161525 0.014622880 0.774772638 0.630856486
1317401096.576463938 252.155767812 69.927786090 3.872961758 -0.040344958 0.014708648 0.774444194 0.631183119
1317401096.680237055 251.888224459 71.187825743 3.793428926 -0.040261669 0.013212505 0.774209447 0.631509430
1317401096.784012079 251.635257109 72.380971941 3.705202752 -0.038820248 0.012335121 0.774153522 0.631685964
1317401096.887763977 251.378152547 73.605983245 3.621568418 -0.037410321 0.012787766 0.774122942 0.631799503
1317401096.991489887 251.126042185 74.804626299 3.548167532 -0.036545639 0.013437631 0.774247114 0.631684457
1317401097.095187902 250.868783457 76.015986465 3.464395740 -0.035933564 0.014145846 0.774319589 0.631615269
1317401097.198892117 250.611639012 77.226329289 3.405525712 -0.034830376 0.015096071 0.774301791 0.631676887
1317401097.302623034 250.358617360 78.426346361 3.323764354 -0.034629051 0.015219419 0.774351831 0.631623654
1317401097.406375885 250.104512413 79.635943831 3.243003110 -0.034729309 0.016554114 0.774342402 0.631596137
1317401097.510148048 249.853749134 80.834539333 3.174379418 -0.034695950 0.018281114 0.774393694 0.631487450
1317401097.613919973 249.599602840 82.034471345 3.102893482 -0.033605472 0.018941448 0.774528791 0.631361264
1317401097.717698097 249.343245651 83.242612842 3.016402868 -0.033787019 0.018640843 0.774547611 0.631337434
1317401097.821471930 249.085068945 84.434407960 2.933821890 -0.035412413 0.019713942 0.774418603 0.631374017
1317401097.925245047 248.831927177 85.632725387 2.848511789 -0.039258215 0.020478147 0.774188886 0.631403997
1317401098.029020071 248.575666661 86.831464846 2.774936752 -0.041640879 0.018831350 0.773706743 0.631893419
1317401098.132795095 248.322967405 88.025008500 2.683886442 -0.041587576 0.016608593 0.773179627 0.632604057
1317401098.236596107 248.063464121 89.229794464 2.595539485 -0.040435499 0.013768586 0.772913294 0.633072220
1317401098.340394974 247.820972241 90.402644052 2.498373010 -0.040245404 0.012329989 0.772620765 0.633470940
1317401098.444166899 247.569695179 91.630198933 2.419902613 -0.037976877 0.012489517 0.772348618 0.633939573
1317401098.547940969 247.326994462 92.792842239 2.344217520 -0.035091166 0.012981223 0.772449577 0.633972988
1317401098.651741028 247.082908686 94.025489988 2.268248068 -0.032205802 0.013778183 0.772518520 0.634025302
1317401098.755538940 246.823416635 95.203936763 2.194945502 -0.031618258 0.015708141 0.772924450 0.633515063
1317401098.859339952 246.580666994 96.400837010 2.119581732 -0.034054462 0.017783971 0.772561870 0.633776129
1317401098.963160992 246.345642535 97.587593041 2.054280989 -0.035943046 0.018878316 0.771914263 0.634428938
1317401099.066958904 246.094526222 98.776883602 1.982910864 -0.035759436 0.017473262 0.771533745 0.634942224
1317401099.170757055 245.861645135 99.969854150 1.893162318 -0.035921533 0.016648445 0.771090370 0.635493599
1317401099.274557114 245.622125943 101.154221081 1.807129997 -0.036125994 0.017122139 0.770837257 0.635776429
1317401099.378356934 245.375137235 102.329744391 1.743993563 -0.035668647 0.017148695 0.770604729 0.636083344
1317401099.482177973 245.136285546 103.485359742 1.669583310 -0.035008117 0.016567246 0.770287827 0.636519145
1317401099.586023092 244.908672845 104.616473454 1.594289521 -0.035918340 0.016578667 0.769747748 0.637121201
1317401099.689870119 244.693547106 105.711635096 1.530753353 -0.036778677 0.017051324 0.769335721 0.637557158
1317401099.793694019 244.484404663 106.790419715 1.473167101 -0.037622907 0.017462084 0.768981962 0.637923455
1317401099.897492886 244.289981594 107.848061285 1.405246938 -0.038422744 0.017599534 0.768778732 0.638116925
1317401100.001292944 244.075349029 108.870027047 1.345766759 -0.038518823 0.018291593 0.768845676 0.638011006
1317401100.105114937 243.884415106 109.850836357 1.290266304 -0.038568693 0.018125280 0.768713521 0.638171962
1317401100.208961964 243.690584651 110.812404067 1.226667085 -0.038702679 0.017837671 0.768266317 0.638710252
1317401100.312809944 243.517959771 111.758293799 1.160872408 -0.039179058 0.017799599 0.767889140 0.639135700
1317401100.416632891 243.335420126 112.694619343 1.106682156 -0.038586379 0.017726980 0.768157485 0.638851253
1317401100.520454884 243.178192351 113.597640136 1.051369249 -0.036685761 0.017988268 0.769166915 0.637740413
1317401100.624253988 242.978844161 114.515463308 0.994482518 -0.035267527 0.017143816 0.770664413 0.636033531
1317401100.728053093 242.805372522 115.416310909 0.932201824 -0.034731147 0.015585210 0.772159791 0.634287085
1317401100.831851959 242.603306819 116.325412841 0.870419749 -0.034796146 0.014601101 0.773461263 0.632719299
1317401100.935676098 242.419613399 117.198151561 0.810244162 -0.035793856 0.013901222 0.774386427 0.631546687
1317401101.039521933 242.231650294 118.108451425 0.752652967 -0.036210376 0.014546606 0.774910251 0.630865523
1317401101.143343925 242.040896123 118.994723496 0.701038124 -0.035973424 0.016229399 0.775466021 0.630154718
1317401101.247191906 241.848762105 119.870931306 0.649991470 -0.035691452 0.017207890 0.775941761 0.629558888
1317401101.351037025 241.647121359 120.784836659 0.603901039 -0.035435960 0.017224317 0.776232453 0.629214427
1317401101.454883099 241.455459322 121.661567648 0.541611496 -0.035604466 0.016233307 0.776324351 0.629117877
1317401101.558778763 241.260605745 122.549593165 0.481455042 -0.036358161 0.014625225 0.776356421 0.629074634
1317401101.662673950 241.063646200 123.434262596 0.424505302 -0.036595022 0.013294257 0.776173540 0.629316060
1317401101.766567945 240.878069072 124.309181103 0.366210518 -0.036094125 0.012079266 0.775925906 0.629674753
1317401101.870460987 240.677425662 125.211329713 0.307393070 -0.035069981 0.011308132 0.775760805 0.629950313
1317401101.974354982 240.479357940 126.123028587 0.245037496 -0.034654551 0.011095491 0.775632207 0.630135407
1317401102.078274012 240.299861579 127.028814316 0.184352280 -0.034916539 0.012549526 0.775279792 0.630527231
1317401102.182169914 240.094230405 127.917484399 0.134651829 -0.035344466 0.013582087 0.775253771 0.630513985
1317401102.286065102 239.909225252 128.860664979 0.086842670 -0.032822205 0.014266620 0.775173947 0.630733318
1317401102.389983892 239.697830209 129.775958412 0.025980511 -0.030534079 0.014197728 0.775150272 0.630878871
1317401102.493902922 239.506950453 130.694785822 -0.033009883 -0.031950372 0.012559030 0.774925868 0.631119120
1317401102.597820997 239.303499826 131.629974993 -0.103441905 -0.033639878 0.013001496 0.774555645 0.631476740
1317401102.701765060 239.113106631 132.596558290 -0.148224917 -0.033571227 0.013705526 0.773681096 0.632536712
1317401102.805706024 238.895977650 133.519641679 -0.212012507 -0.033118956 0.014599924 0.773284405 0.633025438
1317401102.909626007 238.702663215 134.495002723 -0.283701706 -0.034782885 0.015709865 0.772642779 0.633692739
1317401103.013546944 238.509391373 135.445908639 -0.341978839 -0.035848754 0.017992774 0.772032578 0.634316030
1317401103.117464066 238.299555659 136.437217390 -0.393511943 -0.036058451 0.018938346 0.771461858 0.634970652
1317401103.221383095 238.096340791 137.412618849 -0.466056694 -0.037026592 0.018392374 0.770749832 0.635795131
1317401103.325300932 237.901922757 138.411712687 -0.546587127 -0.038688775 0.017479360 0.769768430 0.636909895
1317401103.429219007 237.696545544 139.428142847 -0.615129485 -0.039297474 0.017339759 0.768795188 0.638050938
1317401103.533138037 237.516880769 140.407919913 -0.686687133 -0.039411031 0.015851185 0.767777575 0.639306738
1317401103.637032032 237.315666346 141.422531998 -0.763682401 -0.038446044 0.014452846 0.767016463 0.640311457
1317401103.740904093 237.127352069 142.430317249 -0.838837233 -0.037757796 0.014139199 0.766472700 0.641010165
1317401103.844774961 236.920673807 143.458612757 -0.917353707 -0.038423616 0.014644176 0.765915558 0.641624915
1317401103.948621035 236.741779475 144.491819957 -0.992869633 -0.040082165 0.015293813 0.765318544 0.642220402
1317401104.052443981 236.548784917 145.543109777 -1.060708990 -0.040445383 0.015320563 0.764925784 0.642664762
1317401104.156266928 236.358454399 146.605156453 -1.136011821 -0.039171211 0.014917762 0.764661807 0.643067180
1317401104.260097980 236.170739734 147.652406262 -1.210032770 -0.037401459 0.014682281 0.764721572 0.643106896
1317401104.363941908 235.975496044 148.731849570 -1.288195554 -0.036173547 0.015202862 0.764716624 0.643170920
1317401104.467781067 235.784547378 149.799622267 -1.365806518 -0.035969093 0.015040080 0.764583029 0.643345018
1317401104.571604013 235.602475105 150.874504890 -1.435744210 -0.035828222 0.015180407 0.764536323 0.643405086
1317401104.675427914 235.375966614 151.965119676 -1.512332189 -0.036874754 0.014507076 0.764420421 0.643499197
1317401104.779249907 235.199595128 153.053633909 -1.592125176 -0.037712383 0.014828512 0.764624336 0.643200992
1317401104.883050919 234.974915464 154.177543185 -1.664634970 -0.038737609 0.015294752 0.764669678 0.643075230
1317401104.986824989 234.791191365 155.272612350 -1.746488895 -0.039651076 0.015687010 0.764825153 0.642825166
1317401105.090599060 234.578721028 156.402424888 -1.824800012 -0.040715924 0.015450777 0.765076744 0.642464834
1317401105.194374084 234.386495045 157.527153175 -1.909746988 -0.041484950 0.014205577 0.765382198 0.642080440
1317401105.298124075 234.173222769 158.663893075 -1.988170143 -0.039459150 0.013512462 0.765869346 0.641642060
1317401105.401876926 233.965529961 159.787312133 -2.068742145 -0.036530339 0.012509497 0.766568690 0.641000382
1317401105.505655050 233.737840352 160.954823327 -2.147838273 -0.033367172 0.012482765 0.767129904 0.640501774
1317401105.609405994 233.524335426 162.099267877 -2.222679732 -0.031395122 0.014388292 0.767787432 0.639773227
1317401105.713129997 233.319234411 163.267525284 -2.294582096 -0.030921226 0.017480340 0.768452091 0.638920730
1317401105.816854000 233.090613263 164.447124856 -2.368705438 -0.031110550 0.019766787 0.769059551 0.638113481
1317401105.920603037 232.873273921 165.616320628 -2.433277047 -0.030780212 0.020267788 0.769727429 0.637307995
1317401106.024357080 232.631694180 166.802380419 -2.516983350 -0.030838380 0.020518545 0.770353671 0.636540027
1317401106.128108978 232.395163038 168.008747596 -2.598867644 -0.031095275 0.021338759 0.771054485 0.635651416
1317401106.231883049 232.153810896 169.195939248 -2.674401366 -0.031009614 0.021749345 0.771760928 0.634783774
1317401106.335658073 231.906646082 170.405560413 -2.752844493 -0.030451697 0.021565817 0.772481518 0.633939992
1317401106.439434052 231.649367696 171.620819372 -2.836512519 -0.030349702 0.021313198 0.773093016 0.633207574
1317401106.543206930 231.415341087 172.827587240 -2.922350510 -0.030766914 0.021518636 0.773899355 0.632194696
1317401106.646981001 231.149928764 174.052990051 -2.999479078 -0.031122119 0.021596707 0.774519201 0.631415080
1317401106.750757933 230.882728112 175.267145009 -3.084139073 -0.031851163 0.021602335 0.775217959 0.630520387
1317401106.854557037 230.635709284 176.488946930 -3.167278235 -0.032947851 0.021562879 0.776000851 0.629501518
1317401106.958378077 230.353746821 177.718327504 -3.252624148 -0.033909042 0.021355519 0.776307059 0.629079859
1317401107.062197924 230.086285334 178.939775003 -3.334030215 -0.035115255 0.020430332 0.776485990 0.628823526
1317401107.165997028 229.811690740 180.172715195 -3.418300140 -0.035721620 0.020069225 0.776494459 0.628790543
1317401107.269797087 229.538776252 181.388775987 -3.496007221 -0.035167523 0.020045088 0.776475503 0.628845953
1317401107.373621941 229.281917177 182.626058044 -3.587233707 -0.033963123 0.020492317 0.776467039 0.628908188
1317401107.477444887 229.017777971 183.849501739 -3.669232781 -0.033342626 0.021095159 0.776603977 0.628752357
1317401107.581268072 228.745027378 185.079157301 -3.755022660 -0.033511262 0.021512339 0.776399564 0.628981662
1317401107.685112715 228.473206365 186.292535862 -3.838940396 -0.033432794 0.021580589 0.776357858 0.629034978
1317401107.788957119 228.203433239 187.510627218 -3.919767214 -0.033434714 0.022111157 0.776363075 0.629010010
1317401107.892779112 227.945025105 188.738048254 -4.006143932 -0.033255616 0.022977999 0.776195568 0.629195134
1317401107.996581078 227.672597181 189.959166412 -4.089902659 -0.032800297 0.025247187 0.776059806 0.629299530
1317401108.100357056 227.413466569 191.155364032 -4.171379992 -0.032929653 0.027729905 0.776108440 0.629128270
1317401108.204130888 227.148779929 192.368328896 -4.255251233 -0.033349577 0.029611669 0.776027447 0.629120304
1317401108.307907104 226.879355507 193.583061914 -4.334004259 -0.033154141 0.029466117 0.775866657 0.629335747
1317401108.411680937 226.619003542 194.782464137 -4.427901791 -0.033257917 0.028230248 0.776135345 0.629055554
1317401108.515431881 226.353921735 195.989002650 -4.533251896 -0.035666877 0.027017025 0.776093420 0.629028583
1317401108.619184971 226.075957322 197.182649368 -4.638701550 -0.039690938 0.026617691 0.775987384 0.628935376
1317401108.722935915 225.808054147 198.412393047 -4.725766004 -0.041291200 0.025614777 0.775839734 0.629056140
1317401108.826661110 225.556187076 199.605880292 -4.823981672 -0.039483691 0.023366782 0.775829813 0.629271907
1317401108.930386066 225.294472922 200.803406028 -4.916669963 -0.036637837 0.022115971 0.776212907 0.629016753
1317401109.034137011 225.032810886 201.998911663 -5.022830689 -0.034069124 0.023475802 0.776261666 0.629051673
1317401109.137890100 224.773117607 203.199660534 -5.107239537 -0.033191740 0.025684548 0.775876531 0.629487268
1317401109.241640091 224.515526713 204.391264411 -5.195497717 -0.033699225 0.026656540 0.775521613 0.629857142
1317401109.345416307 224.254071402 205.593845108 -5.282199698 -0.034813248 0.027508289 0.774924784 0.630494180
1317401109.449191093 223.995484108 206.801123279 -5.376355383 -0.035934376 0.027422044 0.774583458 0.630854357
1317401109.552941084 223.743859430 207.988578205 -5.468766953 -0.036703466 0.027497673 0.774321556 0.631128245
1317401109.656666994 223.489615533 209.183577578 -5.560941435 -0.036621286 0.027494154 0.774166290 0.631323616
1317401109.760392904 223.237866151 210.387966837 -5.658361251 -0.036234191 0.026936187 0.773969690 0.631610991
1317401109.864098072 222.987375523 211.575613604 -5.753013413 -0.035619289 0.026557673 0.774051808 0.631561362
1317401109.967799902 222.734795468 212.767196238 -5.850070551 -0.035731838 0.026274238 0.773968284 0.631669214
1317401110.071527004 222.488786738 213.962496874 -5.941188029 -0.035843330 0.026195514 0.773884652 0.631768626
1317401110.175254107 222.226532222 215.160117434 -6.037122197 -0.036167233 0.026003245 0.773793320 0.631869971
1317401110.278978109 221.975026568 216.351720930 -6.127903106 -0.036312361 0.026152290 0.773736441 0.631925146
1317401110.382700682 221.726582410 217.549306327 -6.217065008 -0.035635534 0.026119995 0.773669699 0.632046716
1317401110.486442089 221.475881749 218.757920835 -6.311170275 -0.034619881 0.025521997 0.773619670 0.632188815
1317401110.590193987 221.237697776 219.958687129 -6.400925187 -0.033907137 0.024295775 0.773655821 0.632231517
1317401110.693928003 220.967374813 221.142819225 -6.494178734 -0.033764614 0.023367791 0.773928224 0.631940663
1317401110.798357010 220.706808665 222.345276507 -6.582409727 -0.034799742 0.022051270 0.774075597 0.631751288
1317401110.902136087 220.446606455 223.550682151 -6.673196050 -0.036086120 0.021422521 0.774085028 0.631689193
1317401111.005229712 220.194056570 224.747329663 -6.758304022 -0.037790975 0.020413193 0.774095989 0.631609487
1317401111.108983040 219.936720846 225.943544242 -6.849656304 -0.038553808 0.019631737 0.774280746 0.631361643
1317401111.212730885 219.675936165 227.148341452 -6.933948033 -0.038008286 0.019126213 0.774427051 0.631230782
1317401111.316478014 219.420217599 228.361585279 -7.024236455 -0.036528019 0.019109318 0.774675091 0.631014296
1317401111.420231104 219.158072518 229.561173524 -7.110164937 -0.035439242 0.019915328 0.774824738 0.630867709
1317401111.523998976 218.904438978 230.767991727 -7.199977745 -0.035396189 0.021396647 0.775162167 0.630406938
1317401111.627747059 218.644907065 231.972611925 -7.277076584 -0.035568029 0.022447684 0.775305967 0.630183841
1317401111.731520653 218.378741396 233.178237918 -7.363036781 -0.035678975 0.022473614 0.775548197 0.629878513
1317401111.835330009 218.126545654 234.409745161 -7.456706870 -0.035766153 0.021469939 0.775310356 0.630201298
1317401111.939114094 217.861588198 235.610832979 -7.547863028 -0.035707546 0.021062270 0.775229958 0.630317272
1317401112.042882919 217.599411714 236.820577572 -7.631272133 -0.035136396 0.021479757 0.775082008 0.630517196
1317401112.146648884 217.346831771 238.045244997 -7.722918043 -0.034467590 0.022744742 0.774799788 0.630856521
1317401112.250401020 217.084109029 239.257178207 -7.806827311 -0.033876047 0.024096642 0.774653265 0.631018291
1317401112.354126930 216.834163801 240.471769465 -7.894415161 -0.033441404 0.025420686 0.774497920 0.631180191
1317401112.457859039 216.578106110 241.703329143 -7.980165437 -0.033135304 0.025939350 0.774148804 0.631603381
1317401112.561614990 216.306705134 242.918713749 -8.067797341 -0.032891477 0.025812816 0.774083833 0.631700934
1317401112.665380001 216.056912281 244.127854697 -8.161450035 -0.033556382 0.025565495 0.773776156 0.632052874
1317401112.769134045 215.788424974 245.352029915 -8.254624525 -0.034903289 0.025508093 0.773258447 0.632615580
1317401112.872888088 215.534128049 246.592578687 -8.344251515 -0.035921933 0.025160174 0.772599203 0.633377496
1317401112.976654053 215.270906103 247.818252775 -8.442005801 -0.037240608 0.024295130 0.771986989 0.634081203
1317401113.080424309 215.004655584 249.054877353 -8.539297048 -0.038918759 0.023999851 0.771574392 0.634493731
1317401113.184175014 214.761843798 250.279984012 -8.648505009 -0.040953363 0.024603098 0.771212624 0.634782323
1317401113.287912846 214.494348318 251.531822716 -8.743172953 -0.043074805 0.024478607 0.771070016 0.634819966
1317401113.391645908 214.252003144 252.743639841 -8.842901400 -0.045031167 0.023942048 0.770983791 0.634809393
1317401113.495374918 213.984598837 253.980743808 -8.957178357 -0.047678092 0.022721999 0.770946317 0.634706457
1317401113.599117041 213.750872935 255.219354762 -9.065611899 -0.049122397 0.021417849 0.770739410 0.634892926
1317401113.702852011 213.489991346 256.405013107 -9.164547499 -0.047901637 0.019203117 0.770998801 0.634742091
1317401113.806579113 213.247778688 257.652294333 -9.268542867 -0.045525656 0.016693958 0.771145649 0.634809510
1317401113.910379887 212.992825840 258.870858174 -9.388573545 -0.045424933 0.015150672 0.771337878 0.634621864
1317401114.014190197 212.751425015 260.105639305 -9.495961861 -0.045749193 0.016723046 0.771194721 0.634733057
1317401114.117963076 212.506117780 261.299110880 -9.580523442 -0.046467062 0.017006653 0.771138125 0.634742135
1317401114.221703053 212.257167413 262.515916413 -9.692285600 -0.047159946 0.017413942 0.771099366 0.634727077
1317401114.325433969 212.023873090 263.726739465 -9.792678906 -0.048311556 0.018719093 0.770939522 0.634797482
1317401114.429179907 211.772869364 264.913725924 -9.883493351 -0.048904640 0.019827678 0.770899239 0.634767330
1317401114.532905102 211.533708599 266.090987803 -9.984426175 -0.049358162 0.020102854 0.770911291 0.634708932
1317401114.636643887 211.292987314 267.274797838 -10.078624457 -0.049419190 0.019131054 0.770959981 0.634675078
1317401114.740406990 211.072189917 268.412022954 -10.179590508 -0.049189915 0.017769928 0.771012144 0.634669091
1317401114.844156981 210.826013815 269.553521720 -10.286285040 -0.049257649 0.017371357 0.771025104 0.634659128
1317401114.947882891 210.586918475 270.802684020 -10.397125088 -0.050005328 0.017986009 0.771036589 0.634569578
1317401115.051634073 210.370245141 271.867997278 -10.485923170 -0.050659822 0.019384431 0.771118359 0.634377098
1317401115.155407906 210.145565533 272.954304444 -10.576984550 -0.050774080 0.021166287 0.771023087 0.634426813
1317401115.259181976 209.932869274 274.002045196 -10.673632044 -0.051757677 0.022562910 0.771215642 0.634065052
1317401115.362958193 209.712937044 275.086908994 -10.765713977 -0.052933794 0.023356916 0.771297209 0.633839951
1317401115.466732025 209.488254388 276.178300646 -10.846348600 -0.051785075 0.022496193 0.771611296 0.633583645
1317401115.570483923 209.283034720 277.181219557 -10.931320097 -0.048227240 0.018902358 0.772137078 0.633341272
1317401115.674235106 209.070849167 278.191683378 -11.028757113 -0.044498054 0.014548696 0.772631712 0.633125972
1317401115.777986050 208.854849533 279.221362750 -11.131043798 -0.042120519 0.012237133 0.773044324 0.632833776
1317401115.881712914 208.638361258 280.246411033 -11.218248920 -0.042671080 0.012613961 0.773181790 0.632621519
1317401115.985461950 208.422840102 281.270369277 -11.300892245 -0.045085579 0.014603718 0.773178004 0.632415841
1317401116.089211941 208.206065496 282.278673440 -11.366476825 -0.047652563 0.016589082 0.773171476 0.632186606
1317401116.192961931 207.991737146 283.268743897 -11.434994883 -0.049287645 0.017403133 0.773064067 0.632170710
1317401116.296737909 207.785809338 284.219722536 -11.516975281 -0.051532448 0.016814902 0.772848492 0.632271203
1317401116.400511980 207.588912161 285.195707437 -11.593446978 -0.053427784 0.015987587 0.772408516 0.632672865
1317401116.504287958 207.386773033 286.115504641 -11.673047393 -0.054247946 0.014789010 0.771678684 0.633522261
1317401116.608110905 207.199958150 287.017597024 -11.745086957 -0.054162747 0.013043006 0.770725404 0.634727208
1317401116.711982012 207.027747067 287.896908517 -11.824332149 -0.053751325 0.011470680 0.769533116 0.636237379
1317401116.815876007 206.836141656 288.769592563 -11.892343771 -0.052506579 0.010650932 0.767803767 0.638441064
1317401116.919820070 206.659265708 289.600437718 -11.960037533 -0.051561667 0.009391082 0.765135137 0.641733141
1317401117.023834229 206.524264821 290.415246059 -12.020434907 -0.050262342 0.008391967 0.761205041 0.646506115
1317401117.127921104 206.377193095 291.203233412 -12.081209893 -0.049461949 0.007796181 0.755596211 0.653121046
1317401117.232080936 206.261381341 291.971753406 -12.133463905 -0.048632154 0.008194561 0.748415325 0.661394182
1317401117.336281061 206.184793718 292.694282111 -12.181722404 -0.047644236 0.009703234 0.740070536 0.670769317
1317401117.440489054 206.106844668 293.406607255 -12.222049636 -0.047188556 0.011224422 0.730486205 0.681202728
1317401117.544723034 206.082216454 294.095758088 -12.264820516 -0.046878811 0.013252258 0.719741991 0.692530303
1317401117.649003029 206.060486687 294.770067844 -12.307195787 -0.047252446 0.015933527 0.707854672 0.704595695
1317401117.753283978 206.043021370 295.416711850 -12.346445497 -0.047155777 0.018880654 0.695021192 0.717192719
1317401117.857559919 206.062486174 296.044086862 -12.384914962 -0.046879172 0.021547113 0.681032604 0.730433198
1317401117.961884975 206.101496203 296.664490561 -12.419717767 -0.045990666 0.022967722 0.665817222 0.744341837
1317401118.066212893 206.165177497 297.268366037 -12.461764131 -0.044952857 0.023002607 0.649094673 0.759029793
1317401118.170540094 206.277004351 297.883918290 -12.511329030 -0.044677356 0.022696160 0.630694690 0.774411407
1317401118.274889946 206.382643882 298.452910968 -12.556859256 -0.044168141 0.022980241 0.611178791 0.789925040
1317401118.379199028 206.553376348 299.035109390 -12.608711810 -0.043492416 0.022918787 0.591135565 0.805072595
1317401118.483431101 206.738189761 299.600262937 -12.631133986 -0.040324128 0.023373450 0.570698925 0.819835583
1317401118.587654114 206.918855928 300.157955640 -12.681491061 -0.039377648 0.021427767 0.550018713 0.833948240
1317401118.691860914 207.179597371 300.706082314 -12.724453513 -0.039072842 0.020638222 0.528767744 0.847615508
1317401118.796020985 207.429433119 301.227148530 -12.759684566 -0.039599476 0.020979054 0.507640219 0.860402911
1317401118.900182962 207.704386425 301.739684606 -12.820586759 -0.039982343 0.022593488 0.486533544 0.872454043
1317401119.004310131 208.017885419 302.229482885 -12.830417493 -0.039173119 0.025049315 0.465202057 0.883982491
1317401119.108396053 208.372859081 302.738302616 -12.865647884 -0.039554327 0.024876251 0.443763973 0.894924669
1317401119.212460041 208.716800044 303.231905282 -12.898012019 -0.040513522 0.024002715 0.422459950 0.905157508
1317401119.316521883 209.106893045 303.692498387 -12.954944814 -0.041045835 0.023301513 0.401019805 0.914852663
1317401119.420558929 209.519020204 304.157810328 -12.997076574 -0.038543898 0.023314469 0.380179812 0.923814978
1317401119.524571896 209.965399585 304.620524465 -13.029938770 -0.035491188 0.022086302 0.359914640 0.932048294
1317401119.628571033 210.421774731 305.050885991 -13.062110713 -0.033661764 0.020103531 0.339983689 0.939613657
1317401119.732542038 210.959305179 305.470843364 -13.109043252 -0.033399757 0.017610021 0.321423913 0.946182335
1317401119.836477995 211.488394469 305.882534998 -13.140910418 -0.033084855 0.015832225 0.303182527 0.952226385
1317401119.940383911 212.015699169 306.296027453 -13.178635401 -0.034065021 0.014855686 0.284512347 0.957951777
1317401120.044308901 212.604677650 306.686090678 -13.207706011 -0.036575156 0.014515697 0.266347376 0.963073532
1317401120.148180008 213.242946809 307.044053680 -13.242611522 -0.038570259 0.013588398 0.249232494 0.967579896
1317401120.251995087 213.887297133 307.404520127 -13.260903177 -0.039943196 0.011410259 0.232468189 0.971716465
1317401120.355820894 214.547789633 307.744740045 -13.290909830 -0.040995228 0.008818503 0.217200052 0.975226006
1317401120.459600925 215.241228554 308.090946490 -13.322280889 -0.043429992 0.006261384 0.203670181 0.978055770
1317401120.563275099 215.962864536 308.402149736 -13.350643287 -0.046031112 0.004445159 0.192596604 0.980187699
1317401120.666933060 216.708437045 308.705833243 -13.377358423 -0.048644717 0.004007050 0.183307622 0.981843140
1317401120.770612955 217.449461579 309.003025428 -13.392871312 -0.051585366 0.003916453 0.174304354 0.983331889
1317401120.874319077 218.254112490 309.305942231 -13.415692979 -0.054523176 0.003461363 0.165679043 0.984665272
1317401120.978020906 219.049606195 309.584983087 -13.434482336 -0.056551835 0.003077645 0.156956607 0.985980244
1317401121.081715107 219.871815467 309.865090112 -13.451940701 -0.058069281 0.002837041 0.148253269 0.987239018
1317401121.185442924 220.706799560 310.134390684 -13.469340893 -0.058738461 0.002858777 0.140078598 0.988392436
1317401121.289122105 221.570765736 310.393849963 -13.486317127 -0.058494975 0.002845132 0.133668961 0.989294118
1317401121.392775059 222.445447348 310.638178913 -13.497111427 -0.057539989 0.002835567 0.129253950 0.989936627
1317401121.496453047 223.349672054 310.885187935 -13.509272028 -0.057063027 0.002385939 0.125832862 0.990406083
1317401121.600142002 224.252516581 311.119832298 -13.523486073 -0.057116278 0.001724412 0.122862862 0.990777207
1317401121.703849077 225.176936832 311.376430766 -13.538093327 -0.057364543 0.001182145 0.119671125 0.991154243
1317401121.807576180 226.123633001 311.609398779 -13.550296334 -0.057555676 0.001015156 0.117056836 0.991455501
1317401121.911298037 227.088098357 311.852574213 -13.562806356 -0.056649550 0.001797990 0.114791028 0.991771453
1317401122.015014887 228.051478590 312.079444572 -13.569273535 -0.055587075 0.003195369 0.113413241 0.991986544
1317401122.118742943 229.024409077 312.299134505 -13.580822959 -0.054980409 0.004537468 0.112787071 0.992086510
1317401122.222523928 230.018735982 312.535521217 -13.593382431 -0.054341217 0.006025971 0.111901136 0.992214118
1317401122.326326132 231.009924669 312.769172400 -13.598182870 -0.053826241 0.006839645 0.110915724 0.992347549
1317401122.430128098 232.000161359 312.997999497 -13.611471296 -0.053833137 0.006815084 0.109942560 0.992455632
1317401122.533946037 232.999282053 313.225418239 -13.629077817 -0.053313364 0.006816834 0.109283705 0.992556441
1317401122.637768030 233.974643233 313.448837998 -13.636454802 -0.052713197 0.006813400 0.108201690 0.992707052
1317401122.741590023 234.967124367 313.680193960 -13.651983913 -0.052682176 0.006568315 0.106742188 0.992868345
1317401122.845412016 235.955186293 313.897824600 -13.661470140 -0.052459547 0.006537533 0.105224196 0.993042358
1317401122.949234962 236.953462022 314.109359679 -13.674062230 -0.052339711 0.007008939 0.103897644 0.993185133
1317401123.053059101 237.959199342 314.337540464 -13.686902189 -0.051695319 0.007686689 0.102378237 0.993371635
1317401123.156883001 238.938457797 314.547227461 -13.695514229 -0.051394861 0.008282631 0.101369775 0.993485850
1317401123.260704994 239.925898000 314.761937262 -13.709271215 -0.050952414 0.008399520 0.100332570 0.993612940
1317401123.364506006 240.917498299 314.969560099 -13.718215771 -0.050841533 0.007882369 0.099716887 0.993684834
1317401123.468303919 241.871412210 315.177565011 -13.729252744 -0.050914281 0.007620808 0.098864857 0.993768283
1317401123.572129965 242.871450305 315.371223406 -13.746490809 -0.051423353 0.008001212 0.098072157 0.993817625
1317401123.675930023 243.851207992 315.575285701 -13.759620037 -0.051550783 0.008730615 0.097080760 0.993902218
1317401123.779727936 244.813916331 315.768229785 -13.769159207 -0.051197674 0.009103597 0.096191462 0.994003584
1317401123.883527279 245.769776610 315.970139745 -13.779602686 -0.051200701 0.009156843 0.095228284 0.994095677
1317401123.987302065 246.717771991 316.161781936 -13.796086120 -0.051193871 0.009346969 0.094343553 0.994178614
1317401124.091075897 247.676752573 316.353231618 -13.804510111 -0.050789115 0.009557462 0.093491159 0.994277891
1317401124.194849968 248.601616279 316.530836604 -13.818253358 -0.050645441 0.009564812 0.092723813 0.994357002
1317401124.298649073 249.514418820 316.712106261 -13.827508128 -0.050885990 0.009166811 0.092070726 0.994409155
1317401124.402472019 250.419596290 316.888253039 -13.840500429 -0.051550280 0.008433215 0.091146873 0.994466539
1317401124.506295919 251.340243679 317.073953116 -13.850259308 -0.051800680 0.007611626 0.090205100 0.994546023
1317401124.610117912 252.209347351 317.233851793 -13.857705446 -0.052426006 0.007417693 0.088941207 0.994628550
1317401124.713964939 253.076018893 317.397406721 -13.869250384 -0.052997202 0.007729811 0.087269220 0.994744002
1317401124.817812920 253.952006469 317.557211466 -13.878410409 -0.053007845 0.008287806 0.085485348 0.994893832
1317401124.921658039 254.812099898 317.708470961 -13.882145337 -0.053171729 0.008405648 0.083294652 0.995069904
1317401125.025552034 255.665872797 317.860310852 -13.890409780 -0.053518780 0.008317348 0.080490997 0.995282754
1317401125.129471064 256.500026856 317.997663130 -13.900596586 -0.054100229 0.008389236 0.076997853 0.995527055
1317401125.233412981 257.325868609 318.125566272 -13.906100186 -0.054846248 0.008569141 0.072210219 0.995843433
1317401125.337378979 258.108479620 318.248551382 -13.916001213 -0.055915206 0.008408639 0.066318296 0.996195095
1317401125.441370964 258.914075812 318.359538530 -13.919426975 -0.056306947 0.008021133 0.059572850 0.996602360
1317401125.545409679 259.693042178 318.440693499 -13.924932733 -0.056588401 0.007445270 0.051821807 0.997023982
1317401125.649471998 260.475046290 318.529214483 -13.927918901 -0.056976997 0.006967920 0.042762580 0.997434926
1317401125.753536940 261.240279075 318.594427337 -13.936596689 -0.056554692 0.007448362 0.032480977 0.997843212
1317401125.857623100 261.988669800 318.646102998 -13.945399767 -0.054488128 0.008872602 0.020948243 0.998255224
1317401125.961733103 262.734166013 318.700313317 -13.935377571 -0.050597949 0.009265944 0.008384796 0.998640919
1317401126.065865040 263.467864105 318.686238982 -13.928710159 -0.047003767 0.008666676 -0.004427939 0.998847300
1317401126.170001984 264.185363044 318.677048735 -13.928122850 -0.043271645 0.006879801 -0.018635890 0.998865825
1317401126.274138927 264.885686445 318.661249249 -13.923320859 -0.038055538 0.004945746 -0.034211329 0.998677576
1317401126.378297091 265.584992525 318.588270713 -13.912735993 -0.033628887 0.003902418 -0.050134037 0.998168547
1317401126.482455969 266.288675860 318.519935317 -13.900911046 -0.029843853 0.003304594 -0.067462952 0.997269860
1317401126.586615086 266.966310861 318.415285869 -13.889617931 -0.026595116 0.003098362 -0.084740051 0.996043284
1317401126.690773010 267.652011782 318.298585492 -13.868022824 -0.024121654 0.002313678 -0.102607895 0.994426675
1317401126.794929981 268.264241624 318.152880517 -13.854113815 -0.023588068 0.001488853 -0.121751906 0.992279124
1317401126.899090290 268.888786976 317.998390744 -13.845089696 -0.023659444 0.000821796 -0.141994896 0.989584259
1317401127.003249884 269.502988474 317.835043692 -13.829346143 -0.025259753 -0.000771938 -0.163081512 0.986288887
1317401127.107431889 270.078522214 317.625528558 -13.826060528 -0.026896294 -0.004023554 -0.185137556 0.982336239
1317401127.211663008 270.665678724 317.407225262 -13.795673650 -0.026577495 -0.006506170 -0.209681556 0.977386797
1317401127.315917015 271.222402128 317.159108164 -13.793442298 -0.025764266 -0.008289705 -0.235178987 0.971575178
1317401127.420147896 271.772218319 316.886677083 -13.754850981 -0.023975449 -0.010141945 -0.260780600 0.965047044
1317401127.524332047 272.314832471 316.550565000 -13.734103453 -0.023703533 -0.011297560 -0.285226826 0.958100290
1317401127.628490925 272.832759193 316.214159024 -13.698964503 -0.023604267 -0.011802034 -0.309690887 0.950470991
1317401127.732626915 273.333906240 315.860185759 -13.681456152 -0.024978507 -0.012831878 -0.333744936 0.942245050
1317401127.836690903 273.814407149 315.484066183 -13.637902712 -0.025736083 -0.014303306 -0.358196895 0.933181683
1317401127.940754890 274.261593876 315.086049429 -13.621455503 -0.027208706 -0.015874392 -0.381418505 0.923865582
1317401128.044807911 274.709814544 314.646534585 -13.573403078 -0.028019493 -0.017825037 -0.403323595 0.914454621
1317401128.148776054 275.133666472 314.205034392 -13.544400471 -0.028820126 -0.019644300 -0.424531564 0.904741097
1317401128.252701044 275.535698890 313.735885637 -13.494924602 -0.029645714 -0.019717711 -0.443978807 0.895329639
1317401128.356591940 275.923853048 313.236941565 -13.446982719 -0.030576738 -0.018374785 -0.462011697 0.886156094
1317401128.460442066 276.289815187 312.710647782 -13.420711237 -0.031112874 -0.015741399 -0.479147633 0.877041472
1317401128.564266920 276.659878490 312.169693128 -13.373707409 -0.029948746 -0.015019755 -0.495246337 0.868106298
1317401128.668061972 276.999048665 311.608103656 -13.315915878 -0.028874124 -0.015803386 -0.510085579 0.859493595
1317401128.771835089 277.316666419 311.033585697 -13.268657639 -0.028715146 -0.016463381 -0.524200383 0.850951442
1317401128.875586033 277.642718091 310.419569223 -13.225559793 -0.032009448 -0.016225549 -0.537827825 0.842290542
1317401128.979337931 277.953191328 309.806534838 -13.197276050 -0.034007989 -0.015787155 -0.550532310 0.833971461
1317401129.083066225 278.234595703 309.150882378 -13.148238991 -0.032589118 -0.015723719 -0.562072154 0.826296320
1317401129.186768055 278.506431504 308.495736265 -13.094478790 -0.030842850 -0.016016900 -0.572701570 0.819026916
1317401129.290468931 278.758087163 307.809741016 -13.036857458 -0.029756967 -0.016868018 -0.581818615 0.812598974
1317401129.394124985 279.016895966 307.118263357 -12.986333253 -0.028927620 -0.017631052 -0.589230689 0.807254318
1317401129.497755051 279.258327485 306.411045477 -12.927833624 -0.028247067 -0.018395187 -0.595394349 0.802726161
1317401129.601408005 279.481049988 305.718607154 -12.880656914 -0.028214661 -0.017972843 -0.600636505 0.798822069
1317401129.705063820 279.709635493 304.968535464 -12.829681679 -0.027688731 -0.017227503 -0.605349599 0.795291400
1317401129.808721066 279.920218042 304.248112449 -12.773560857 -0.026997804 -0.016568842 -0.609475649 0.792171715
1317401129.912424088 280.121211898 303.482039988 -12.721056275 -0.025707201 -0.016556630 -0.613358121 0.789212794
1317401130.016149998 280.314748152 302.707250407 -12.659911753 -0.025255765 -0.016769126 -0.617100739 0.786299956
1317401130.119853020 280.519750662 301.911825481 -12.609246122 -0.025509679 -0.016572190 -0.621022227 0.783202408
1317401130.223556042 280.692426334 301.107488873 -12.557312937 -0.025988873 -0.016633627 -0.624077720 0.780752778
1317401130.327281952 280.892610826 300.274828933 -12.500118654 -0.025955739 -0.016926160 -0.627635172 0.777890671
1317401130.431009054 281.095114035 299.447170223 -12.446451982 -0.024775130 -0.018000094 -0.630904292 0.775256064
1317401130.534737110 281.267374971 298.631273229 -12.389839936 -0.024643113 -0.017998153 -0.633796840 0.772897373
1317401130.638438940 281.457231051 297.748172956 -12.329486550 -0.023882830 -0.018397780 -0.636623697 0.770585102
1317401130.742141008 281.617226719 296.895404042 -12.263942601 -0.023969423 -0.018019845 -0.639253042 0.768411543
1317401130.845866919 281.781146700 296.047189411 -12.210826601 -0.023214200 -0.018101253 -0.641551168 0.766515195
1317401130.949594975 281.926491384 295.179209002 -12.149023736 -0.022521124 -0.018404339 -0.644808899 0.763790261
1317401131.053297997 282.096922834 294.282525155 -12.089633574 -0.021744893 -0.019068305 -0.646633138 0.762252677
1317401131.157000303 282.260281463 293.415585437 -12.020888985 -0.019675352 -0.021420825 -0.648746299 0.760448728
1317401131.260699987 282.411842045 292.512703487 -11.957582988 -0.019304089 -0.022153894 -0.649946410 0.759411760
1317401131.364403963 282.548877513 291.625460951 -11.897509663 -0.017967793 -0.023141174 -0.650670857 0.758794491
1317401131.468132019 282.684366184 290.719023053 -11.833560924 -0.017601938 -0.024798960 -0.651106294 0.758377068
1317401131.571835995 282.831714181 289.849782383 -11.759525865 -0.017685812 -0.027316521 -0.651830677 0.757666014
1317401131.675539017 282.982997493 288.931402396 -11.693200317 -0.018640035 -0.029322746 -0.651962132 0.757455018
1317401131.779240847 283.117266315 288.017676783 -11.636571701 -0.019228838 -0.029417382 -0.651665023 0.757692264
1317401131.882942915 283.254135575 287.116816170 -11.567865581 -0.018216975 -0.029360816 -0.651046459 0.758251009
1317401131.986673117 283.385102246 286.247942422 -11.497978516 -0.017025078 -0.029267722 -0.650291144 0.758930152
1317401132.090399027 283.527057828 285.369638711 -11.418755171 -0.015917601 -0.029860964 -0.649186278 0.759876391
1317401132.194098949 283.670592976 284.488372200 -11.344190945 -0.015540696 -0.030215806 -0.648177004 0.760731269
1317401132.297801971 283.815413392 283.584596356 -11.270054685 -0.014507995 -0.031025732 -0.646159691 0.762433326
1317401132.401505947 283.972121988 282.691843713 -11.194627784 -0.014006750 -0.030971770 -0.644873724 0.763532868
1317401132.505207062 284.129647847 281.807155112 -11.122678450 -0.013831583 -0.030730577 -0.642312644 0.765701500
1317401132.608956814 284.293106792 280.922010890 -11.040218169 -0.012623771 -0.031484814 -0.640047814 0.767585918
1317401132.712735891 284.451225988 280.068882354 -10.982227936 -0.013529845 -0.030193967 -0.637362723 0.769853250
1317401132.816510916 284.623659221 279.172912929 -10.905373435 -0.014008519 -0.029135790 -0.635012909 0.771824768
1317401132.920283079 284.796469699 278.316454356 -10.833434597 -0.013553476 -0.029229140 -0.632816288 0.773631376
1317401133.024058104 284.973711648 277.492845594 -10.768718884 -0.014396700 -0.029213912 -0.630768318 0.775287438
1317401133.127856016 285.152560016 276.600918922 -10.697846629 -0.014769182 -0.029613086 -0.629526154 0.776274280
1317401133.231678963 285.341759137 275.758738348 -10.632036940 -0.016203642 -0.028471907 -0.628493995 0.777124244
1317401133.335478067 285.543645841 274.856670078 -10.562723415 -0.015770265 -0.028658822 -0.627844652 0.777650991
1317401133.439277172 285.725460858 273.996538958 -10.491282745 -0.016105747 -0.028605633 -0.627245481 0.778129442
1317401133.543100119 285.905109081 273.159578522 -10.427023028 -0.016402850 -0.028341856 -0.626874602 0.778431705
1317401133.646921873 286.110329300 272.279117182 -10.358367387 -0.017017111 -0.027741615 -0.626528434 0.778718782
1317401133.750745058 286.293963519 271.472024348 -10.294231279 -0.017005530 -0.027355476 -0.626479934 0.778771714
1317401133.854569912 286.503440291 270.562122331 -10.224775937 -0.017076015 -0.026600019 -0.626489715 0.778788473
1317401133.958417892 286.702956327 269.710448457 -10.158763313 -0.017703615 -0.025723802 -0.626624232 0.778695666
1317401134.062288046 286.898050191 268.869564586 -10.088833633 -0.018587662 -0.025486694 -0.627669570 0.777840496
1317401134.166157961 287.082917606 268.014856499 -10.023447065 -0.019349393 -0.024958895 -0.629043170 0.776728617
1317401134.270028114 287.267360143 267.164525563 -9.957013415 -0.019531751 -0.024754707 -0.630283905 0.775724122
1317401134.373872995 287.454796070 266.291017983 -9.891294038 -0.018997867 -0.024871959 -0.631672794 0.774603090
1317401134.477720022 287.634878944 265.412857612 -9.818538139 -0.018086999 -0.025789913 -0.633141368 0.773394950
1317401134.581592083 287.817839724 264.550908481 -9.748577192 -0.018000850 -0.026200509 -0.634428136 0.772327937
1317401134.685440063 287.985555273 263.698350968 -9.688860244 -0.018065624 -0.025907581 -0.635234260 0.771673419
1317401134.789263964 288.161018548 262.839115448 -9.622127329 -0.017886068 -0.025439665 -0.635962549 0.771093087
1317401134.893085003 288.335738917 261.981651424 -9.558875151 -0.017755393 -0.025106536 -0.636560502 0.770613479
1317401134.996906996 288.507500561 261.114948078 -9.486795976 -0.017806772 -0.025531847 -0.636736411 0.770452975
1317401135.100707054 288.664536712 260.273857998 -9.421170102 -0.017370019 -0.026106616 -0.636614942 0.770544056
1317401135.204482079 288.835984821 259.406444913 -9.355014244 -0.016758511 -0.026690207 -0.636038463 0.771013527
1317401135.308254957 289.008155050 258.551483535 -9.286733884 -0.016733649 -0.027248111 -0.635251127 0.771643396
1317401135.412005901 289.185170279 257.704646322 -9.219660903 -0.016550940 -0.027766073 -0.633988160 0.772666891
1317401135.515758991 289.349991048 256.847941153 -9.153747217 -0.015327978 -0.028586844 -0.632625625 0.773778175
1317401135.619509935 289.528501418 256.003367856 -9.087360737 -0.015048703 -0.027883184 -0.631224149 0.774952991
1317401135.723258972 289.711504562 255.154165645 -9.021526000 -0.015021713 -0.026794997 -0.629813551 0.776138691
1317401135.827033043 289.906264399 254.322375998 -8.953239201 -0.014296474 -0.026058122 -0.628469615 0.777266060
1317401135.930809021 290.079985086 253.487169803 -8.895630795 -0.013941446 -0.024429750 -0.627526588 0.778086888
1317401136.034581900 290.274664485 252.638514893 -8.831714848 -0.013131953 -0.023186512 -0.626689075 0.778813675
1317401136.138356924 290.454994641 251.776331675 -8.763723200 -0.013263050 -0.022329713 -0.626043095 0.779355836
1317401136.242157936 290.655938242 250.963155384 -8.707369750 -0.013384073 -0.022516910 -0.625473776 0.779805367
1317401136.345978975 290.854825046 250.103475374 -8.646593575 -0.014674673 -0.022371428 -0.625345233 0.779889424
1317401136.449826002 291.025502138 249.276633856 -8.596620998 -0.014595068 -0.022836178 -0.625693375 0.779598162
1317401136.553672075 291.224469495 248.436073483 -8.537898425 -0.015481312 -0.022749233 -0.625769442 0.779522551
1317401136.657471895 291.409387255 247.612110796 -8.478750385 -0.015241570 -0.022990583 -0.625847003 0.779457925
1317401136.761271000 291.579723733 246.787427645 -8.421225492 -0.015259401 -0.022753237 -0.626015977 0.779328838
1317401136.865093946 291.777577342 245.942635698 -8.362601605 -0.014822169 -0.022507239 -0.625902032 0.779435933
1317401136.968892813 291.968428100 245.141768082 -8.303225993 -0.014995334 -0.021894513 -0.625471448 0.779795638
1317401137.072691917 292.150330602 244.307365553 -8.245252784 -0.015549496 -0.021185183 -0.625178491 0.780039266
1317401137.176537037 292.318987000 243.493244308 -8.190284447 -0.016258832 -0.021136739 -0.625319867 0.779912786
1317401137.280383348 292.500503111 242.688569238 -8.130807524 -0.016139271 -0.021521225 -0.625411836 0.779831005
1317401137.384229898 292.692664436 241.865155580 -8.076615531 -0.016290607 -0.021611810 -0.625169780 0.780019418
1317401137.488076687 292.887615975 241.026085776 -8.020557801 -0.016115005 -0.021808266 -0.624402527 0.780631918
1317401137.591923952 293.084771675 240.229591327 -7.966648052 -0.016458391 -0.022009697 -0.623122224 0.781641470
1317401137.695795059 293.287087486 239.404878594 -7.906314432 -0.016087378 -0.022506314 -0.621979422 0.782544734
1317401137.799665928 293.463118702 238.591879931 -7.852528498 -0.017942909 -0.021616322 -0.621020476 0.783290722
1317401137.903537035 293.666745589 237.816966868 -7.798672531 -0.018632549 -0.021501611 -0.620146712 0.783969747
1317401138.007409096 293.871683680 236.930641633 -7.735679269 -0.018520554 -0.021833000 -0.619443231 0.784519211
1317401138.111279011 294.091374925 236.082715076 -7.679426096 -0.019294829 -0.021248522 -0.618645770 0.785145605
1317401138.215173006 294.291111871 235.263076297 -7.620880648 -0.019673582 -0.020854526 -0.617887937 0.785743302
1317401138.319068909 294.524988986 234.380789026 -7.562871795 -0.019661086 -0.021332276 -0.617175618 0.786290425
1317401138.422962904 294.702715008 233.608610589 -7.506766731 -0.021741757 -0.021037536 -0.616844719 0.786503217
1317401138.526881933 294.942458222 232.718586513 -7.449356938 -0.022670738 -0.021884985 -0.616394970 0.786806410
1317401138.630822897 295.151080407 231.895659462 -7.382205983 -0.024062681 -0.021317707 -0.616255951 0.786889538
1317401138.734765053 295.380390862 230.998194114 -7.324040418 -0.024171944 -0.020526966 -0.616502473 0.786714091
1317401138.838710070 295.598991413 230.145859542 -7.263734918 -0.024608814 -0.019324374 -0.617500571 0.785947848
1317401138.942676067 295.821626999 229.248064991 -7.192196102 -0.025089531 -0.018466175 -0.618620544 0.785072059
1317401139.046618223 296.040043781 228.379838350 -7.131295037 -0.026310254 -0.018381365 -0.619707338 0.784176454
1317401139.150585890 296.275588294 227.422913241 -7.057746164 -0.027032093 -0.019305454 -0.621367030 0.782815163
1317401139.254580021 296.495094141 226.534454934 -6.998647803 -0.027558697 -0.019079602 -0.623558323 0.781057940
1317401139.358568907 296.712058486 225.578337254 -6.928186726 -0.027824700 -0.018421319 -0.626236178 0.778918924
1317401139.462579966 296.931672625 224.607916968 -6.855639020 -0.027166128 -0.018422723 -0.628962047 0.776742781
1317401139.566570997 297.109454581 223.867362111 -6.800593540 -0.027161118 -0.018040886 -0.631604513 0.774604763
1317401139.670538902 297.326975980 222.750671721 -6.717773735 -0.026812891 -0.017997732 -0.634069277 0.772601646
1317401139.774482012 297.508587260 221.854282592 -6.651277574 -0.026291528 -0.018214587 -0.636461691 0.770644860
1317401139.878398895 297.677056826 220.987031400 -6.586257344 -0.025934755 -0.017920529 -0.638089240 0.769316817
1317401139.982299089 297.872210250 220.010487549 -6.515589201 -0.024617765 -0.017840315 -0.639024431 0.768585366
1317401140.086170912 298.046656269 219.109177783 -6.442406505 -0.023417871 -0.017799108 -0.640060064 0.767761623
1317401140.190040112 298.242873304 218.097604797 -6.364831086 -0.022817311 -0.017794171 -0.640802374 0.767160385
1317401140.293910980 298.404271649 217.274878075 -6.305126415 -0.022716937 -0.018101434 -0.641434901 0.766627384
1317401140.397753954 298.590030748 216.288078442 -6.237995334 -0.023178380 -0.017647921 -0.642304546 0.765895675
1317401140.501604080 298.762058295 215.358422810 -6.174363856 -0.022843207 -0.017597634 -0.642775759 0.765511485
1317401140.605477095 298.922280169 214.461410137 -6.105843133 -0.022457487 -0.017304685 -0.643527588 0.764897674
1317401140.709343910 299.077034715 213.564100404 -6.040242859 -0.021586396 -0.017693438 -0.644061247 0.764464571
1317401140.813213110 299.257866923 212.650344437 -5.966311985 -0.021749221 -0.018067473 -0.644981174 0.763675208
1317401140.917083979 299.395638270 211.799238377 -5.909038661 -0.021579418 -0.017867517 -0.646121907 0.762719845
1317401141.020977974 299.558526477 210.824693834 -5.838702982 -0.021026145 -0.018101799 -0.647641602 0.761439809
1317401141.124874353 299.708102592 209.975067963 -5.775809688 -0.020694241 -0.018231142 -0.649028763 0.760263795
1317401141.228744984 299.866850269 209.026530578 -5.707882009 -0.020196393 -0.019424964 -0.650244019 0.759208464
1317401141.332638025 300.004698411 208.151913601 -5.641701893 -0.019873896 -0.021048547 -0.651558456 0.758045886
1317401141.436533928 300.139285177 207.326790323 -5.587197973 -0.019575870 -0.022071617 -0.652559397 0.757163036
1317401141.540380001 300.284253445 206.384295307 -5.524401624 -0.018831705 -0.021424652 -0.653285065 0.756574500
1317401141.644226074 300.398496009 205.576266667 -5.469969659 -0.016898397 -0.020768043 -0.653324894 0.756604067
1317401141.748073101 300.526707411 204.678569114 -5.396549861 -0.015074975 -0.021683219 -0.653222466 0.756705355
1317401141.851870060 300.686449437 203.762966464 -5.324864863 -0.014327592 -0.023510645 -0.652362023 0.757407262
1317401141.955646992 300.812085541 202.928204522 -5.269216032 -0.014916608 -0.024087205 -0.651123733 0.758442605
1317401142.059421301 300.940589406 202.091769740 -5.216150072 -0.014209967 -0.024593820 -0.649551330 0.759787003
1317401142.163175106 301.093261160 201.194777037 -5.150237609 -0.013764211 -0.024624257 -0.647246455 0.761758636
1317401142.266926050 301.232623110 200.347249402 -5.090941396 -0.012470628 -0.024999481 -0.644419618 0.764161544
1317401142.370721102 301.394157345 199.458135389 -5.029520115 -0.012661637 -0.023822651 -0.641601799 0.766563302
1317401142.474541903 301.546897174 198.597082765 -4.977884680 -0.011469745 -0.022825701 -0.638718328 0.769016469
1317401142.578366041 301.734194147 197.688512620 -4.916167092 -0.010728657 -0.021784182 -0.635665716 0.771582428
1317401142.682166100 301.888299308 196.924784595 -4.860685406 -0.011000352 -0.022002765 -0.632387520 0.774261516
1317401142.785965919 302.068286309 196.064250096 -4.804454593 -0.009819771 -0.023685787 -0.629264504 0.776768138
1317401142.889765024 302.257504189 195.167520324 -4.752234106 -0.010640630 -0.023908483 -0.625679448 0.779641193
1317401142.993540049 302.436177325 194.317944733 -4.705815830 -0.012196683 -0.022153628 -0.623023166 0.781794470
1317401143.097340107 302.656957125 193.470893225 -4.645877261 -0.011787211 -0.022030115 -0.619615564 0.784507673
1317401143.201138020 302.860152843 192.611995757 -4.588743498 -0.012330634 -0.020997963 -0.616254579 0.787170461
1317401143.304936886 303.110740451 191.716289986 -4.535493915 -0.013290564 -0.020030131 -0.613208118 0.789555545
1317401143.408760071 303.325758853 190.884251029 -4.482240834 -0.015065432 -0.018645147 -0.610979917 0.791283092
1317401143.512606859 303.552001977 190.020169924 -4.427936710 -0.017294487 -0.017202748 -0.610025479 0.792006238
1317401143.616477013 303.792683043 189.132061206 -4.371090515 -0.017829217 -0.016741139 -0.609106642 0.792711140
1317401143.720347881 304.043502152 188.249638799 -4.320386621 -0.019377882 -0.015326211 -0.608309559 0.793315250
1317401143.824219942 304.275382109 187.386748885 -4.265216969 -0.018544505 -0.015413309 -0.607713236 0.793790371
1317401143.928088903 304.520697856 186.500204523 -4.203292356 -0.018598856 -0.015149759 -0.607182298 0.794200368
1317401144.031981707 304.774487529 185.636097797 -4.151775708 -0.019037260 -0.014350705 -0.606957087 0.794376947
1317401144.135904074 305.024698076 184.767393699 -4.098447157 -0.020184101 -0.013188617 -0.607186302 0.794193590
1317401144.239845037 305.262613537 183.888223848 -4.047799433 -0.021642187 -0.011984210 -0.608529105 0.793145840
1317401144.343788147 305.512819958 183.024480878 -3.988910296 -0.023016455 -0.011590113 -0.610223475 0.791810093
1317401144.447731018 305.758009389 182.155765399 -3.941417070 -0.023125194 -0.011670837 -0.612612374 0.789958921
1317401144.551721334 305.985758059 181.264404579 -3.883848646 -0.023776209 -0.011783045 -0.615366008 0.787794725
1317401144.655689001 306.211241617 180.400545959 -3.828603789 -0.023954726 -0.012191103 -0.618484353 0.785337287
1317401144.759630919 306.437823422 179.524340979 -3.775429710 -0.024742629 -0.012201982 -0.621414839 0.782995857
1317401144.863598108 306.651167859 178.631382187 -3.719323381 -0.025237441 -0.012624653 -0.624651242 0.780393821
1317401144.967564106 306.858019803 177.798309584 -3.661227082 -0.025180776 -0.013413426 -0.628415690 0.777354314
1317401145.071529865 307.045815827 176.888393964 -3.602738156 -0.026171136 -0.013652378 -0.632344386 0.774124836
1317401145.175497055 307.241846609 176.061429210 -3.541746182 -0.026384181 -0.013641663 -0.636365291 0.770815799
1317401145.279463053 307.417620442 175.152744376 -3.490236498 -0.026096541 -0.012977891 -0.640256269 0.767608269
1317401145.383407116 307.562503678 174.292071552 -3.431123062 -0.025401718 -0.012663828 -0.644418162 0.764146329
1317401145.487349987 307.713170534 173.443508693 -3.366271240 -0.023264740 -0.013933990 -0.648557845 0.760682140
1317401145.591291904 307.861560215 172.556082165 -3.307372694 -0.023257191 -0.014696743 -0.652213816 0.757535640
1317401145.695209026 307.992717324 171.736023026 -3.250023917 -0.021674664 -0.016324604 -0.655844649 0.754408054
1317401145.799127102 308.126009991 170.829947388 -3.190021128 -0.020222615 -0.017674483 -0.658812150 0.751827913
1317401145.902998924 308.226176189 170.003842233 -3.132154300 -0.018413491 -0.018920234 -0.660987198 0.749932592
1317401146.006820917 308.347692157 169.143597028 -3.069213680 -0.016366871 -0.019602832 -0.662412523 0.748703883
1317401146.110646009 308.457283756 168.289449810 -3.013804933 -0.014130956 -0.020135645 -0.663566726 0.747712560
1317401146.214467049 308.553449706 167.453627235 -2.952932978 -0.012531795 -0.020727220 -0.664428401 0.746959327
1317401146.318289995 308.657795818 166.635041332 -2.900987085 -0.010860963 -0.021873728 -0.664832407 0.746593229
1317401146.422091007 308.749432327 165.815508593 -2.841999384 -0.009894774 -0.022987328 -0.664932456 0.746484096
1317401146.525866032 308.850462974 165.052004897 -2.791180681 -0.008813386 -0.023655884 -0.664731294 0.746655898
1317401146.629642010 308.926680627 164.325303204 -2.745622545 -0.007791886 -0.024046492 -0.664528283 0.746835466
1317401146.733417034 309.017120537 163.600514500 -2.695497532 -0.006871947 -0.024657277 -0.664116871 0.747190455
1317401146.837188959 309.101595151 162.873510220 -2.646944646 -0.006021214 -0.025041601 -0.663780866 0.747483528
1317401146.940965891 309.179413079 162.198643284 -2.601613684 -0.004877272 -0.025575194 -0.663536616 0.747690632
1317401147.044761896 309.260471211 161.516539307 -2.552892222 -0.004178841 -0.026119214 -0.663193729 0.747980215
1317401147.148560047 309.333423075 160.899474076 -2.518029677 -0.003625829 -0.025959264 -0.663004751 0.748156181
1317401147.252335072 309.418768969 160.286120713 -2.471033160 -0.002720913 -0.026318924 -0.662785834 0.748341399
1317401147.356108904 309.480623326 159.689277109 -2.432208773 -0.002174052 -0.026609265 -0.662364107 0.748706224
1317401147.459884882 309.567980588 159.133308943 -2.395252265 -0.002044069 -0.027184013 -0.661954491 0.749048131
1317401147.563637018 309.634403195 158.572009044 -2.358033485 -0.001581495 -0.028760561 -0.661027345 0.749808761
1317401147.667365074 309.698576939 158.047557448 -2.321909290 -0.001517790 -0.030136386 -0.659703727 0.750919761
1317401147.771090031 309.765272606 157.533119613 -2.287648986 -0.001905419 -0.030711278 -0.657663167 0.752683430
1317401147.874814034 309.843114798 157.059629127 -2.261561737 -0.000467564 -0.031183008 -0.655196940 0.754814130
1317401147.978518009 309.914275364 156.591650276 -2.237704106 0.000684269 -0.030169757 -0.652071538 0.757556617
1317401148.082196951 309.971000944 156.130825831 -2.203266251 0.002452971 -0.030414297 -0.647459275 0.761488963
1317401148.185852051 310.062531229 155.693462134 -2.164197366 0.003557494 -0.031810237 -0.641545746 0.766416668
1317401148.289484024 310.144653793 155.256934150 -2.127590347 0.002894451 -0.032568440 -0.633792427 0.772811800
1317401148.393090010 310.232099667 154.842567548 -2.096093917 0.000785617 -0.032476023 -0.624161499 0.780619698
1317401148.496696949 310.369550829 154.447735204 -2.077008419 -0.001010431 -0.032879345 -0.612259088 0.789972618
1317401148.600352049 310.474143851 154.050242003 -2.060976997 -0.002676559 -0.032496013 -0.598343809 0.800575750
1317401148.704004049 310.604588567 153.669048950 -2.040283548 -0.003972227 -0.031126889 -0.583395891 0.811581525
1317401148.807660103 310.729360203 153.282623897 -2.015445293 -0.004816877 -0.028602760 -0.567067512 0.823160444
1317401148.911365986 310.889352461 152.923940578 -1.988131237 -0.006142250 -0.025406622 -0.550467857 0.834447071
1317401149.015068054 311.068739303 152.574405471 -1.957053014 -0.007093239 -0.022073096 -0.533227312 0.845654243
1317401149.118771315 311.228804404 152.241890928 -1.923893533 -0.009102618 -0.019102300 -0.515234049 0.856788258
1317401149.222520113 311.410366980 151.909036463 -1.898570497 -0.011565789 -0.017384877 -0.496636407 0.867707484
1317401149.326270103 311.604206074 151.614624967 -1.888042982 -0.013507829 -0.016938317 -0.478101442 0.878037381
1317401149.430011034 311.820499916 151.313309153 -1.870174547 -0.014233880 -0.016285270 -0.458617663 0.888370433
1317401149.533739090 312.038163120 151.014262212 -1.849189027 -0.014280676 -0.015258623 -0.439468718 0.898014745
1317401149.637475014 312.262180660 150.734279056 -1.827633121 -0.015382706 -0.013559409 -0.420131973 0.907231304
1317401149.741225958 312.501372453 150.459271382 -1.809594333 -0.016879327 -0.012658970 -0.400498118 0.916054636
1317401149.844979048 312.756572812 150.196009118 -1.793674499 -0.018774451 -0.012497884 -0.380161256 0.924645198
1317401149.948753119 313.028589025 149.935138716 -1.786972364 -0.019394590 -0.012903089 -0.359445260 0.932875375
1317401150.052500963 313.330224353 149.690552022 -1.773808602 -0.018202169 -0.013994751 -0.337781264 0.940944550
1317401150.156229019 313.646848190 149.445927287 -1.750033594 -0.016198317 -0.014741486 -0.315201170 0.948772115
1317401150.259979963 313.970318273 149.211642172 -1.720777140 -0.015887077 -0.015135781 -0.291961064 0.956178459
1317401150.363730907 314.327810767 148.989403520 -1.704051341 -0.017924000 -0.014294563 -0.268028567 0.963138143
1317401150.467458010 314.695384442 148.757548602 -1.695450829 -0.021018464 -0.012590868 -0.242909777 0.969739416
1317401150.571186066 315.099775613 148.559731229 -1.705857569 -0.022074410 -0.011031978 -0.218137748 0.975605934
1317401150.674936056 315.521449204 148.339195532 -1.682347234 -0.019651916 -0.010330690 -0.193789346 0.980791909
1317401150.778733015 315.977686734 148.162227118 -1.657060641 -0.016973413 -0.008855589 -0.169967957 0.985263607
1317401150.882580042 316.457980617 147.995339073 -1.626743430 -0.016034218 -0.005496846 -0.147177289 0.988964880
1317401150.986474991 316.973061260 147.854749340 -1.618728592 -0.017100237 -0.003173920 -0.125383912 0.991955837
1317401151.090418100 317.513608669 147.722656245 -1.619507427 -0.017561317 -0.001878032 -0.105226625 0.994291421
1317401151.194360971 318.105125653 147.599604292 -1.622571901 -0.016316083 0.000101773 -0.086097933 0.996153061
1317401151.298304081 318.706791965 147.493102917 -1.611857800 -0.011791996 0.002516938 -0.067381504 0.997654422
1317401151.402296066 319.299831591 147.396389456 -1.603709926 -0.008057825 0.003604471 -0.048794345 0.998769839
1317401151.506283998 319.950500267 147.339798178 -1.596119729 -0.005743348 0.002817862 -0.030393766 0.999517530
1317401151.610253096 320.594679374 147.297046458 -1.592275611 -0.003982947 0.001614787 -0.012320595 0.999914862
1317401151.714268923 321.270196506 147.277367574 -1.588089826 -0.003969468 -0.000572547 0.004827371 0.999980306
1317401151.818305969 321.947756861 147.292629693 -1.598625832 -0.005395435 -0.001255746 0.020704712 0.999770287
1317401151.922366858 322.687998492 147.318585896 -1.601714329 -0.006031406 0.000321380 0.034740419 0.999378118
1317401152.026478052 323.426158070 147.369914874 -1.606224187 -0.006349775 0.003906292 0.047795657 0.998829313
1317401152.130589008 324.190383879 147.445221776 -1.603699715 -0.005922003 0.006983818 0.059333770 0.998196203
1317401152.234724045 324.959802383 147.538572307 -1.609497201 -0.006787990 0.008736075 0.069336781 0.997531962
1317401152.338882923 325.751044078 147.653582688 -1.610843798 -0.005924035 0.008820715 0.078351626 0.996869161
1317401152.443017960 326.571314475 147.769933172 -1.616508767 -0.005510484 0.006970833 0.086311444 0.996228577
1317401152.547152996 327.396166318 147.913602161 -1.631700054 -0.004981314 0.006003055 0.093113770 0.995624917
1317401152.651335955 328.236326235 148.080276385 -1.647159812 -0.006448749 0.005969801 0.098688490 0.995079573
1317401152.755542040 329.084079495 148.258444607 -1.674670666 -0.007780906 0.008761305 0.102325793 0.994681924
1317401152.859747887 330.011517976 148.444681170 -1.676425400 -0.008021066 0.012064544 0.105027576 0.994363775
1317401152.964001894 330.869984122 148.633435152 -1.694206185 -0.009366038 0.013330619 0.105991302 0.994233582
1317401153.068281889 331.787878911 148.830623126 -1.691272057 -0.010032933 0.011611079 0.105365205 0.994315190
1317401153.172537088 332.707360652 149.035307334 -1.715454308 -0.008560054 0.008661576 0.103534072 0.994551355
1317401153.276767969 333.663525384 149.218818689 -1.742195939 -0.010084724 0.007144461 0.101803654 0.994727737
1317401153.380975962 334.608747287 149.427032812 -1.751920164 -0.009804372 0.007907502 0.099569144 0.994950919
1317401153.485181093 335.537469419 149.615849434 -1.761608595 -0.009186932 0.007981414 0.097631290 0.995148244
1317401153.589361906 336.517469756 149.807914141 -1.759522807 -0.008521251 0.006897982 0.094757817 0.995439984
1317401153.693496943 337.460345172 149.999381260 -1.782110257 -0.010839616 0.006614408 0.091584065 0.995716381
1317401153.797609329 338.441957962 150.188778206 -1.786506410 -0.010340638 0.009605075 0.088125019 0.996009435
1317401153.901695967 339.397320659 150.362778577 -1.811913245 -0.009722627 0.014653501 0.085098210 0.996217366
1317401154.005733967 340.367562476 150.535813405 -1.800269908 -0.006780568 0.017162378 0.082961249 0.996381909
1317401154.109750986 341.344852616 150.706614836 -1.808123466 -0.004796191 0.015057433 0.081216233 0.996571219
1317401154.213768959 342.269975816 150.869619376 -1.815705244 -0.004821442 0.010802248 0.079881953 0.996734136
1317401154.317759991 343.259625719 151.028681614 -1.840100148 -0.007290076 0.008186802 0.078391304 0.996862395
1317401154.421724081 344.205373553 151.194065518 -1.867180021 -0.009232759 0.009418429 0.076781516 0.996960705
1317401154.525690079 345.132482208 151.337367679 -1.876160063 -0.011268595 0.010885241 0.075951806 0.996988392
1317401154.629631042 346.116800681 151.499018821 -1.879555667 -0.012979106 0.011101174 0.075337525 0.997011817
1317401154.733550072 347.057491840 151.653231285 -1.881365137 -0.012841965 0.009131301 0.075440614 0.997025786
1317401154.837445974 347.999964897 151.799077846 -1.908436257 -0.012276689 0.008008119 0.076206831 0.996984289
1317401154.941315889 348.948014906 151.947059692 -1.899290761 -0.011374581 0.008387959 0.077595406 0.996884755
1317401155.045186043 349.884675056 152.105644494 -1.919014467 -0.010359699 0.010411703 0.079291543 0.996743259
1317401155.149055958 350.842300237 152.256267336 -1.919337333 -0.008867647 0.011803416 0.080883946 0.996614184
1317401155.252928019 351.756335156 152.409057473 -1.925913839 -0.007247741 0.011730220 0.082600509 0.996487345
1317401155.356797934 352.687778727 152.567111397 -1.924357614 -0.007174643 0.010856614 0.084144941 0.996368550
1317401155.460669041 353.585974943 152.724377693 -1.951016175 -0.007531472 0.011788276 0.085466240 0.996242860
1317401155.564564943 354.493349744 152.878001955 -1.955734190 -0.007344205 0.013640322 0.086918724 0.996094945
1317401155.668461084 355.358277350 153.042479877 -1.956226161 -0.005258729 0.013760252 0.088620699 0.995956512
1317401155.772332907 356.228274615 153.211782589 -1.961546978 -0.004965862 0.012171157 0.090114554 0.995844652
1317401155.876178026 357.063571960 153.361388841 -1.966166053 -0.005484308 0.010363611 0.091205579 0.995763054
1317401155.980026007 357.879363425 153.520588258 -1.996579009 -0.006677100 0.010654836 0.092438532 0.995638995
1317401156.083873034 358.669106315 153.670243034 -1.991182831 -0.006349898 0.011785683 0.093819013 0.995499256
1317401156.187717915 359.442152942 153.805994451 -1.990395276 -0.005161313 0.012461294 0.095260572 0.995360990
1317401156.291539907 360.197402623 153.973216414 -1.993588062 -0.005622054 0.012431082 0.097566479 0.995135490
1317401156.395339012 360.917923209 154.120139546 -2.004222193 -0.006074473 0.013103927 0.100076307 0.994874927
1317401156.499161005 361.640098700 154.267475292 -2.004649343 -0.007036365 0.013679929 0.102784973 0.994584636
1317401156.602961063 362.307977181 154.426142633 -2.014032105 -0.006868326 0.014473279 0.106004215 0.994236620
1317401156.706758976 362.941887208 154.558034059 -2.021921830 -0.007661156 0.015514447 0.109426845 0.993844240
1317401156.810555935 363.588853027 154.700276696 -2.018096643 -0.007781309 0.015719860 0.113459155 0.993387818
1317401156.914330006 364.184711068 154.833530043 -2.033819491 -0.008000645 0.015969062 0.118813371 0.992755943
1317401157.018059015 364.746890780 154.980663489 -2.037424583 -0.007670545 0.016272053 0.125790234 0.991893744
1317401157.121762037 365.299954687 155.119708505 -2.040441555 -0.006867338 0.015672765 0.133772006 0.990864398
1317401157.225486040 365.843605674 155.262533418 -2.050761110 -0.007682737 0.014833522 0.143178279 0.989555922
1317401157.329189777 366.335917923 155.427028816 -2.047986185 -0.008544788 0.013412314 0.153710276 0.987987979
1317401157.432893991 366.846741666 155.585269966 -2.073756026 -0.009534264 0.011968167 0.165747376 0.986049526
1317401157.536597967 367.326945065 155.780126822 -2.089180371 -0.009251443 0.012315622 0.179469805 0.983642885
1317401157.640281200 367.806828270 155.941900276 -2.092799558 -0.009791404 0.013026471 0.194034645 0.980859315
1317401157.743958950 368.293805468 156.155215799 -2.101686369 -0.011065236 0.013902960 0.209708741 0.977602431
1317401157.847608089 368.685528180 156.369753814 -2.107976484 -0.013186296 0.014932125 0.225396984 0.974063321
1317401157.951261997 369.178501430 156.609329680 -2.113025210 -0.015270177 0.015962005 0.243021604 0.969769321
1317401158.054943085 369.569791488 156.883351601 -2.132301850 -0.016928266 0.015994112 0.263340432 0.964421816
1317401158.158623934 369.969776707 157.155343954 -2.149386662 -0.019972331 0.016380546 0.283903773 0.958504790
1317401158.262301922 370.396685461 157.434327307 -2.167734908 -0.023433227 0.017681163 0.303469173 0.952388955
1317401158.366003036 370.796820934 157.752360205 -2.183451302 -0.025522028 0.018974428 0.323197386 0.945797043
1317401158.469728947 371.146306483 158.068006557 -2.204111063 -0.025907707 0.019909890 0.343658866 0.938525957
1317401158.573456049 371.562086652 158.412567060 -2.218218316 -0.025563809 0.020269517 0.363479221 0.931030877
1317401158.677182913 371.932097162 158.758342965 -2.242788655 -0.025894895 0.020502383 0.383620416 0.922900040
1317401158.780909061 372.256342107 159.114037708 -2.271342770 -0.027681804 0.021266983 0.404425899 0.913904330
1317401158.884634972 372.603388291 159.513367930 -2.307065965 -0.028482816 0.022773716 0.425140903 0.904392227
1317401158.988365173 372.921505912 159.927555085 -2.344602633 -0.027859464 0.024887828 0.446237632 0.894134454
1317401159.092068911 373.241142957 160.353938088 -2.363172784 -0.026197410 0.026758544 0.467736288 0.883074425
1317401159.195746899 373.539567481 160.818883761 -2.380119652 -0.024222177 0.026761092 0.489765563 0.871106666
1317401159.299424887 373.833956112 161.296921677 -2.426334069 -0.022013274 0.025620532 0.512087992 0.858268543
1317401159.403103113 374.093556187 161.787723854 -2.471052521 -0.019309768 0.024523826 0.534371947 0.844672917
1317401159.506782055 374.292048238 162.312853376 -2.497198917 -0.016715424 0.023490945 0.557047222 0.829980218
1317401159.610510111 374.513189682 162.850937568 -2.542806160 -0.016556740 0.022458517 0.579124026 0.814761837
1317401159.714282990 374.689501015 163.428917824 -2.576653689 -0.017902632 0.022757945 0.600472329 0.799121113
1317401159.818056107 374.841175202 163.990155226 -2.621235181 -0.018594776 0.023626045 0.620971691 0.783256154
1317401159.921855927 374.954359618 164.600378245 -2.644326197 -0.019478326 0.024812876 0.640464566 0.767339596
1317401160.025725842 375.076442506 165.208152481 -2.686457196 -0.020424867 0.025777750 0.658150047 0.752168098
1317401160.129668951 375.115099752 165.845614089 -2.710291685 -0.021241786 0.025955686 0.674777260 0.737258936
1317401160.233661890 375.210394172 166.500139298 -2.752731115 -0.020968248 0.024872804 0.690243607 0.722845377
1317401160.337702990 375.226721605 167.148442771 -2.793910733 -0.020231295 0.023426145 0.703861313 0.709662711
1317401160.441787958 375.189140204 167.823002680 -2.849305982 -0.019839866 0.023170057 0.715771340 0.697668199
1317401160.545945883 375.178623662 168.514215426 -2.888189406 -0.020377634 0.023596856 0.725612046 0.687397337
1317401160.650177002 375.176699154 169.238898503 -2.932174600 -0.021368850 0.025035205 0.733603788 0.678779856
1317401160.754456043 375.052993964 169.952848240 -2.969654980 -0.022254031 0.027052368 0.739021489 0.672770515
1317401160.858758926 375.011215819 170.713482610 -3.011944115 -0.022355352 0.028268998 0.744238048 0.666941399
1317401160.963094950 374.897160861 171.475920875 -3.056313619 -0.022444813 0.028696301 0.747038512 0.663781753
1317401161.067445993 374.812091535 172.250156381 -3.104578130 -0.022196201 0.028781576 0.749717704 0.660758892
1317401161.171761990 374.725139631 173.006556727 -3.152925284 -0.021709007 0.028601989 0.750357452 0.660056315
1317401161.276066065 374.591677039 173.807724759 -3.209101811 -0.022098102 0.028441269 0.751174732 0.659120088
1317401161.380369902 374.489858832 174.641241112 -3.261220008 -0.022053966 0.028822379 0.751129673 0.659156360
1317401161.484622955 374.391436990 175.450201417 -3.315369075 -0.021678360 0.029595608 0.750890280 0.659407261
1317401161.588829041 374.270872484 176.301867153 -3.366915594 -0.020634707 0.030500569 0.750882865 0.659407952
1317401161.693037033 374.173649679 177.132526749 -3.416876055 -0.020111779 0.030985355 0.750032623 0.660368449
1317401161.797219038 374.049768264 177.988599863 -3.476313495 -0.019838110 0.031827121 0.749776997 0.660626928
1317401161.901352882 373.924946425 178.864345492 -3.534246040 -0.019583698 0.033026263 0.749684261 0.660680901
1317401162.005464077 373.814076794 179.762488594 -3.589826695 -0.018725956 0.034503336 0.749702001 0.660610148
1317401162.109575987 373.704810261 180.670363977 -3.647198408 -0.017757816 0.035457820 0.749706653 0.660581061
1317401162.213660002 373.587131410 181.565272110 -3.709241798 -0.017333879 0.035975743 0.749345467 0.660974019
1317401162.317723989 373.466938241 182.517924007 -3.773050836 -0.016256513 0.037285807 0.749557498 0.660688317
1317401162.421761990 373.347734450 183.443095930 -3.836716573 -0.016377759 0.037684245 0.749361630 0.660884872
1317401162.525778294 373.233643549 184.399460141 -3.897086333 -0.014619547 0.039387114 0.749036441 0.661195382
1317401162.629768848 373.105133069 185.348487117 -3.961388446 -0.013343651 0.039900538 0.749467700 0.660702703
1317401162.733736038 372.968150017 186.320650702 -4.023093081 -0.011804432 0.040268052 0.750173775 0.659907908
1317401162.837680101 372.827068124 187.290346008 -4.092773625 -0.011417741 0.040397261 0.750887135 0.659094991
1317401162.941597939 372.687500264 188.302494565 -4.163568806 -0.011270957 0.041957115 0.752024779 0.657701526
1317401163.045492887 372.565838841 189.324761653 -4.230039622 -0.012095193 0.043937115 0.753246896 0.656157260
1317401163.149363041 372.414318440 190.344530449 -4.295217512 -0.011751401 0.045783794 0.755197398 0.653790975
1317401163.253210068 372.253253911 191.402768933 -4.359091024 -0.011311101 0.045762400 0.757500333 0.651130637
1317401163.357057095 372.092523331 192.450225294 -4.441050967 -0.011619110 0.045588517 0.759718855 0.648547566
1317401163.460926056 371.928336530 193.494772806 -4.522001623 -0.012940621 0.046024157 0.762069022 0.645728366
1317401163.564798117 371.738769958 194.553416818 -4.595563921 -0.015105841 0.046600417 0.764419389 0.642855514
1317401163.668669939 371.555098337 195.615574523 -4.666622871 -0.014664164 0.046614150 0.766768164 0.640061455
1317401163.772515059 371.346597568 196.668010021 -4.728439896 -0.012300287 0.044973778 0.769262285 0.637229628
1317401163.876362085 371.149831696 197.719479438 -4.802994700 -0.010317286 0.042881068 0.771458551 0.634749140
1317401163.980232954 370.909965841 198.770411230 -4.881291545 -0.010779004 0.042299084 0.774010439 0.631666400
1317401164.084103823 370.697213166 199.819691368 -4.948952147 -0.011332467 0.043018927 0.776282401 0.628813630
1317401164.187973976 370.460146862 200.868510729 -5.002845087 -0.011254102 0.043548597 0.778444518 0.626099830
1317401164.291845083 370.239585350 201.892344589 -5.068334628 -0.011541378 0.043388059 0.780388277 0.623681336
1317401164.395716906 369.996143218 202.934574833 -5.134551856 -0.012176489 0.042691019 0.782670651 0.620850917
1317401164.499587059 369.744687524 203.973402836 -5.193136658 -0.012920188 0.042061579 0.784500128 0.618565632
1317401164.603458166 369.497012475 205.009461397 -5.251859603 -0.013649734 0.042275413 0.786061308 0.616550155
1317401164.707329035 369.231864735 206.031488592 -5.308985704 -0.014167087 0.043488737 0.787317674 0.614848683
1317401164.811248779 368.986541707 207.041954559 -5.371860969 -0.014411140 0.044031718 0.788255659 0.613601290
1317401164.915215015 368.728984176 208.035398459 -5.432152032 -0.015891346 0.041148112 0.788946125 0.612877075
1317401165.019181967 368.461109980 209.034732127 -5.494184212 -0.015835392 0.039752757 0.788992029 0.612911524
1317401165.123147011 368.212699403 209.998589351 -5.564885550 -0.018456638 0.038474224 0.789133627 0.612737469
1317401165.227113962 367.964831661 210.902911352 -5.628762927 -0.021409574 0.039003547 0.789404853 0.612258386
1317401165.331083059 367.713992120 211.875142435 -5.670247893 -0.020679408 0.041066752 0.789308540 0.612272744
1317401165.435048103 367.479488586 212.777382553 -5.724522675 -0.020478351 0.039447285 0.789466967 0.612181718
1317401165.539015055 367.245129141 213.664909794 -5.783185327 -0.020564932 0.037993001 0.789669329 0.612009776
1317401165.643007040 367.016630310 214.508675991 -5.843654776 -0.022185925 0.036903550 0.789293055 0.612505008
1317401165.747021914 366.792396558 215.340290986 -5.891451605 -0.023187472 0.036644060 0.788308873 0.613749684
1317401165.851036072 366.577400295 216.160881107 -5.948518621 -0.024241311 0.034944022 0.787362667 0.615021386
1317401165.955049992 366.372541808 217.014510818 -5.995014803 -0.023517486 0.033948981 0.786060513 0.616768405
1317401166.059063911 366.178464524 217.809295421 -6.046467638 -0.022811608 0.033359303 0.784796291 0.618434774
1317401166.163079977 365.965008139 218.619916978 -6.102096978 -0.022389264 0.033416506 0.783672142 0.619870980
1317401166.267095089 365.755778525 219.462917120 -6.160150735 -0.023018218 0.033135365 0.782812329 0.620948522
1317401166.371085882 365.561162164 220.253291100 -6.210998081 -0.023153110 0.033539878 0.781968323 0.621984366
1317401166.475075722 365.359629697 221.080957123 -6.261899329 -0.022031986 0.034193924 0.781061300 0.623128087
1317401166.579067945 365.165451981 221.869762105 -6.308984591 -0.021712992 0.033172684 0.780158965 0.624323721
1317401166.683058023 364.975637909 222.688549230 -6.359068493 -0.022610510 0.030751853 0.779008164 0.625850916
1317401166.787096024 364.805686340 223.502590751 -6.416374271 -0.023706195 0.030983551 0.777463797 0.627716561
1317401166.891134977 364.638058509 224.309381436 -6.470792616 -0.026209590 0.031881842 0.776230941 0.629096282
1317401166.995173931 364.451250388 225.094660407 -6.535740029 -0.027983660 0.033783581 0.774536322 0.631006394
1317401167.099210978 364.285811804 225.920050251 -6.575044019 -0.027099506 0.036261484 0.773009056 0.632777781
1317401167.203226089 364.114748363 226.724212467 -6.623995496 -0.025278529 0.037817627 0.771790975 0.634247203
1317401167.307265997 363.943803428 227.513208016 -6.680410984 -0.024353005 0.037768751 0.770756710 0.635542718
1317401167.411303997 363.792949631 228.336052255 -6.750348643 -0.025461282 0.035635097 0.769685298 0.636919465
1317401167.515317917 363.635876824 229.130970506 -6.813747062 -0.025434608 0.034899456 0.768572033 0.638304111
1317401167.619307041 363.475678944 229.940255226 -6.870141200 -0.024736950 0.035178260 0.767974267 0.639035288
1317401167.723248959 363.319852632 230.768767023 -6.938800566 -0.024383094 0.035443345 0.767199717 0.639963927
1317401167.827193022 363.170302934 231.584852521 -7.003068470 -0.024789894 0.035341782 0.766789615 0.640445240
1317401167.931137085 363.003246227 232.423321702 -7.064665407 -0.024759310 0.036330306 0.766453897 0.640792876
1317401168.035080910 362.841965110 233.288296023 -7.129207708 -0.024466017 0.037319401 0.766531930 0.640653945
1317401168.139023066 362.691706270 234.091210818 -7.185723600 -0.024295761 0.038105624 0.766653189 0.640469020
1317401168.242940903 362.535690714 234.915894369 -7.253273362 -0.024486640 0.039001029 0.767076763 0.639900433
1317401168.346882105 362.375779742 235.746202679 -7.310510638 -0.025088740 0.039562349 0.767575570 0.639244179
1317401168.450824976 362.213116459 236.577294872 -7.376347860 -0.025007701 0.040213195 0.768220473 0.638431530
1317401168.554769039 362.065862138 237.387656718 -7.430197789 -0.025296111 0.039571484 0.768683612 0.637902586
1317401168.658710957 361.902477909 238.209254721 -7.491474513 -0.025437164 0.038372136 0.769630452 0.636827683
1317401168.762653112 361.739070580 239.019445261 -7.550924449 -0.024861330 0.037932524 0.770218510 0.636165454
1317401168.866642952 361.578099654 239.849085897 -7.615506823 -0.024317597 0.037253118 0.771218404 0.635014200
1317401168.970633984 361.397928679 240.676802066 -7.679180805 -0.023494303 0.036880141 0.771783433 0.634380174
1317401169.074626923 361.232063907 241.491971781 -7.733425539 -0.023035418 0.035757417 0.772269992 0.633868942
1317401169.178641081 361.058369454 242.314680234 -7.800016768 -0.023108165 0.035135107 0.772399244 0.633743595
1317401169.282632113 360.898934084 243.154453977 -7.867705330 -0.023919848 0.036181308 0.772376405 0.633682447
1317401169.386624098 360.722637591 243.992559443 -7.941558944 -0.025935018 0.036828464 0.772553271 0.633350206
1317401169.490612984 360.527878646 244.836343599 -7.989763536 -0.026710879 0.038214262 0.772454877 0.633355874
1317401169.594580889 360.351498250 245.689977860 -8.051809328 -0.026041418 0.037884199 0.772596967 0.633230258
1317401169.698548079 360.170554250 246.579017057 -8.132207153 -0.024903736 0.036969388 0.772956735 0.632890950
1317401169.802515030 359.987824668 247.459511177 -8.201342726 -0.024561710 0.035866014 0.773091670 0.632802988
1317401169.906481981 359.819752884 248.287355574 -8.267283260 -0.024867812 0.035148473 0.773154396 0.632754657
1317401170.010425091 359.628319021 249.168478862 -8.333264697 -0.025604637 0.035503779 0.773311672 0.632513196
1317401170.114368916 359.432223844 250.066162388 -8.406607807 -0.026100251 0.035740388 0.773397220 0.632375001
1317401170.218337059 359.242848560 250.956304542 -8.468415432 -0.026321328 0.035756919 0.773394508 0.632368219
1317401170.322326899 359.067059042 251.880397522 -8.543522998 -0.026177366 0.034320929 0.773081400 0.632836446
1317401170.426315069 358.862783570 252.829478948 -8.621583544 -0.025750177 0.033873565 0.772948914 0.633039878
1317401170.530257940 358.669775461 253.696484313 -8.688585600 -0.025372183 0.033725006 0.772936753 0.633077919
1317401170.634202003 358.472350887 254.636173778 -8.759378073 -0.024055162 0.033809210 0.773039466 0.632999423
1317401170.738168001 358.284388649 255.584385070 -8.820668232 -0.023462819 0.033557828 0.773008954 0.633072290
1317401170.842112064 358.089148129 256.506810068 -8.891736512 -0.022883667 0.033595062 0.773005385 0.633095873
1317401170.946028948 357.903369108 257.464545457 -8.959590864 -0.023359889 0.033552173 0.772724678 0.633423349
1317401171.049947023 357.713028984 258.365841899 -9.018862069 -0.022812255 0.034964400 0.772532322 0.633601533
1317401171.153867960 357.512093818 259.324812384 -9.078425121 -0.022454303 0.035350379 0.772191531 0.634008198
1317401171.257786989 357.323952660 260.264163951 -9.143289898 -0.022363508 0.035649267 0.771934271 0.634307878
1317401171.361704111 357.141791802 261.161801274 -9.206550014 -0.022096107 0.035967102 0.771733325 0.634543776
1317401171.465600014 356.936707996 262.133016152 -9.267016255 -0.022724091 0.036332407 0.771311330 0.635013704
1317401171.569494009 356.753797511 263.049603046 -9.332115012 -0.023122634 0.037448402 0.770821151 0.635529475
1317401171.673388958 356.559112511 263.985854367 -9.394233109 -0.023461052 0.037696601 0.770301539 0.636132128
1317401171.777283907 356.383415023 264.905815422 -9.463322915 -0.023264750 0.038363576 0.769896830 0.636589238
1317401171.881203890 356.204907360 265.842365894 -9.521682247 -0.022980468 0.038190819 0.769546449 0.637033455
1317401171.985121965 356.018621905 266.747992306 -9.587915026 -0.022401580 0.037019257 0.769477658 0.637206307
1317401172.089063883 355.855975322 267.639254247 -9.644074307 -0.022186778 0.035862694 0.769450618 0.637312609
1317401172.193006039 355.667453450 268.571739069 -9.725547772 -0.022950747 0.036330312 0.769406862 0.637311896
1317401172.296924114 355.495006314 269.503042843 -9.781453707 -0.023999453 0.036935503 0.769104567 0.637603294
1317401172.400844097 355.303930863 270.417869330 -9.839579537 -0.023466573 0.038361440 0.768980467 0.637688609
1317401172.504786968 355.138278020 271.273918322 -9.900014529 -0.023308070 0.037991873 0.768904951 0.637807594
1317401172.608728886 354.967397254 272.175818651 -9.974672066 -0.023670967 0.038059965 0.768621116 0.638132200
1317401172.712647915 354.801730496 273.071768836 -10.035767251 -0.024583515 0.038363315 0.768522163 0.638198709
1317401172.816589117 354.624717594 273.934159049 -10.091269816 -0.023691183 0.039768160 0.768279106 0.638439062
1317401172.920531988 354.450595810 274.831593703 -10.157288077 -0.023836914 0.038725115 0.768188628 0.638606607
1317401173.024476051 354.275827007 275.728889548 -10.229683998 -0.024739495 0.037613555 0.768254702 0.638559230
1317401173.128443956 354.109934570 276.610027932 -10.295321773 -0.025636176 0.037954964 0.768113325 0.638673725
1317401173.232410908 353.945636041 277.466786024 -10.356980837 -0.026183500 0.039076176 0.767921104 0.638815039
1317401173.336376905 353.770694934 278.349851082 -10.418727665 -0.026226276 0.039750856 0.767799649 0.638917640
1317401173.440342903 353.633159916 279.080426656 -10.474458355 -0.025956165 0.039547256 0.767787259 0.638956193
1317401173.544308901 353.449298126 280.020054269 -10.540161833 -0.024978361 0.038934620 0.767628413 0.639223589
1317401173.648277044 353.294595012 280.846532059 -10.597454649 -0.023854003 0.038194460 0.767636568 0.639301391
1317401173.752243996 353.124973824 281.692285018 -10.662550765 -0.023674751 0.037648010 0.767835479 0.639101565
1317401173.856209993 352.995045791 282.510683088 -10.729606170 -0.024577932 0.037767868 0.767732622 0.639183960
1317401173.960175991 352.812793999 283.380776016 -10.795620820 -0.025506498 0.039640119 0.768039990 0.638664742
1317401174.064143896 352.639825708 284.235748725 -10.859998709 -0.026319924 0.041021365 0.768355122 0.638165272
1317401174.168112040 352.491435922 285.038225264 -10.911586047 -0.026734200 0.041626583 0.768601005 0.637812673
1317401174.272078991 352.323391649 285.866258109 -10.986894041 -0.026759247 0.042142908 0.768981716 0.637318631
1317401174.376023054 352.184622204 286.624850181 -11.043459182 -0.026610559 0.042627327 0.769286611 0.636924563
1317401174.479963064 352.007663821 287.469113197 -11.114995934 -0.025801953 0.042832943 0.770105068 0.635954230
1317401174.583928108 351.850873467 288.256501032 -11.174157721 -0.024780606 0.042311654 0.771153386 0.634758301
1317401174.687870979 351.668663945 289.077604906 -11.237521624 -0.023144144 0.041894167 0.772369344 0.633367843
1317401174.791815281 351.528120191 289.829912860 -11.305900091 -0.024025650 0.040126222 0.773397752 0.632193461
1317401174.895781994 351.338276277 290.662174780 -11.376758915 -0.024909004 0.040292252 0.774241463 0.631115071
1317401174.999749899 351.134098862 291.621716184 -11.458290094 -0.025943220 0.040874428 0.774931971 0.630187807
1317401175.103717089 350.964021522 292.382971777 -11.514929581 -0.025789138 0.041669830 0.775393319 0.629574258
1317401175.207681894 350.794350483 293.221035319 -11.579092717 -0.025155977 0.041022496 0.775924790 0.628987323
1317401175.311650038 350.623723817 294.060363561 -11.653935952 -0.024350602 0.040259442 0.776269247 0.628643206
1317401175.415616989 350.431097307 294.908549040 -11.722086867 -0.024388627 0.040141482 0.776669098 0.628155211
1317401175.519608021 350.250585418 295.738873581 -11.794035247 -0.025153952 0.040377263 0.776823277 0.627919224
1317401175.623599052 350.050666942 296.620406432 -11.862338495 -0.025923792 0.040365701 0.776972357 0.627704169
1317401175.727564096 349.866280474 297.443393435 -11.925742180 -0.026591338 0.039972306 0.777124625 0.627512894
1317401175.831506968 349.662803055 298.313348751 -11.998347847 -0.027028408 0.039908818 0.777413819 0.627139941
1317401175.935427189 349.488719472 299.158381334 -12.066275970 -0.027495416 0.039146451 0.777463673 0.627105887
1317401176.039370060 349.282924148 300.030337077 -12.137274327 -0.027426410 0.038033203 0.777614599 0.626990274
1317401176.143312931 349.079409492 300.904159834 -12.206751046 -0.027136158 0.037729119 0.777955792 0.626597899
1317401176.247231007 348.892944303 301.765176807 -12.289247711 -0.028491185 0.036764881 0.778057150 0.626469206
1317401176.351147890 348.695994611 302.623208951 -12.355411215 -0.029753132 0.036792437 0.778194136 0.626238736
1317401176.455066919 348.505662649 303.481776601 -12.425740175 -0.030471065 0.037512981 0.778332254 0.625989771
1317401176.558986902 348.296540497 304.367007734 -12.508522234 -0.031432969 0.038495506 0.778478152 0.625701071
1317401176.662906885 348.117290443 305.203200914 -12.568601547 -0.031733705 0.040063026 0.778539214 0.625511486
1317401176.766824961 347.929730099 306.038338273 -12.630803484 -0.031018587 0.040295753 0.778621050 0.625430539
1317401176.870742083 347.729885099 306.912376202 -12.704059125 -0.030181544 0.038977912 0.778892576 0.625216884
1317401176.974690914 347.547802809 307.748409751 -12.782525290 -0.030296670 0.037472357 0.778893439 0.625302283
1317401177.078681946 347.361853332 308.595403643 -12.859199475 -0.031348729 0.036854552 0.778211916 0.626135140
1317401177.182667971 347.153047779 309.453319351 -12.929567840 -0.032576011 0.036622565 0.777299545 0.627218469
1317401177.286634922 346.959690652 310.294599099 -12.993183729 -0.032738333 0.035893462 0.775945596 0.628926302
1317401177.390601873 346.780237252 311.129336463 -13.063194059 -0.032431974 0.034457984 0.774565447 0.630721161
1317401177.494568110 346.594953546 312.006788515 -13.139806882 -0.032065598 0.034043688 0.773296094 0.632317938
1317401177.598510027 346.413201900 312.812454289 -13.205643337 -0.032031654 0.033931137 0.771930225 0.633992412
1317401177.702452898 346.269568635 313.589918885 -13.264151943 -0.031715942 0.033962942 0.770304537 0.635980769
1317401177.806396961 346.105634024 314.427007589 -13.329831235 -0.031309985 0.033970451 0.768934005 0.637656795
1317401177.910341024 345.945534154 315.162743976 -13.386714664 -0.032063764 0.033881465 0.767511648 0.639335461
1317401178.014306068 345.801330808 315.942267124 -13.458257713 -0.032072975 0.036296170 0.765996184 0.641017752
1317401178.118271351 345.651690170 316.682731035 -13.502377531 -0.033327393 0.036973163 0.764102556 0.643171481
1317401178.222285986 345.542298399 317.414683574 -13.555565954 -0.033961559 0.035318139 0.761472387 0.646342824
1317401178.326350927 345.415533656 318.124832262 -13.618999161 -0.034164522 0.032774223 0.757894825 0.650656645
1317401178.430437088 345.306627410 318.810267252 -13.670944386 -0.032564015 0.032422038 0.753797205 0.655498413
1317401178.534570932 345.214086553 319.479381960 -13.729174333 -0.032158177 0.032040524 0.748053768 0.662083693
1317401178.638705015 345.125383226 320.150229678 -13.777291509 -0.032450760 0.032611642 0.741809114 0.669031141
1317401178.742816925 345.051391935 320.766945604 -13.822504876 -0.032991424 0.032683042 0.735536891 0.675891165
1317401178.846926928 344.996769089 321.377474876 -13.865668498 -0.032959299 0.034394610 0.729037436 0.682814112
1317401178.951014042 344.968918550 321.962458310 -13.908860489 -0.032564686 0.036924323 0.722130306 0.690002867
1317401179.055104971 344.933504359 322.544715394 -13.951212987 -0.031920725 0.039176980 0.715015539 0.697279722
1317401179.159224033 344.906633316 323.082735494 -13.987061492 -0.031368846 0.040485173 0.707202336 0.705153743
1317401179.263354063 344.917823040 323.620194462 -14.031041143 -0.030641244 0.040263636 0.699056498 0.713274117
1317401179.367505074 344.910313631 324.110578918 -14.065857199 -0.029983438 0.038887676 0.689704764 0.722423755
1317401179.471664906 344.912010807 324.602618679 -14.115414330 -0.028818928 0.037620957 0.679664231 0.731990893
1317401179.575870991 344.914521575 325.061037857 -14.155217091 -0.027086086 0.036511604 0.668054683 0.742722146
1317401179.680124998 344.962059095 325.510779930 -14.194841630 -0.025025759 0.036338395 0.654580313 0.754703813
1317401179.784378767 345.030617550 325.977209642 -14.229535810 -0.023481759 0.037233023 0.639164437 0.767809306
1317401179.888609886 345.119960416 326.457272784 -14.261758138 -0.023117112 0.037811211 0.623666731 0.780433033
1317401179.992818117 345.227973026 326.931128657 -14.289585357 -0.023557398 0.036438272 0.607336531 0.793258873
1317401180.097047091 345.353494630 327.383291765 -14.332174795 -0.023085062 0.034390935 0.590303264 0.806118106
1317401180.201253891 345.473910566 327.820326188 -14.372254820 -0.022148971 0.033222246 0.572498082 0.818933240
1317401180.305389881 345.639852740 328.267526866 -14.402797133 -0.019987185 0.033903765 0.554666769 0.831141277
1317401180.409499884 345.845887867 328.689511414 -14.429733121 -0.018449824 0.033807305 0.537324383 0.842495803
1317401180.513607979 346.050819186 329.128882567 -14.445797707 -0.020498799 0.032393744 0.519907573 0.853361916
1317401180.617697954 346.194988784 329.509163038 -14.480889131 -0.024370736 0.029035843 0.501613716 0.864260763
1317401180.721736908 346.449988421 329.950461319 -14.540563810 -0.026006168 0.025224414 0.484532036 0.874022948
1317401180.825774908 346.720675135 330.346054978 -14.584172710 -0.023210286 0.024077463 0.466784503 0.883738528
1317401180.929837942 347.032327656 330.770710204 -14.604894257 -0.018648454 0.025054864 0.449342676 0.892813334
1317401181.033900976 347.357565900 331.172782581 -14.617588866 -0.016737444 0.025563110 0.430375592 0.902132604
1317401181.137989044 347.678410666 331.562113117 -14.635407947 -0.021204703 0.022977236 0.409668996 0.911698262
1317401181.242124081 348.013084240 331.946560682 -14.693734602 -0.027292406 0.019682119 0.388062196 0.921018714
1317401181.346260071 348.385002736 332.343474764 -14.742088029 -0.030490285 0.018757181 0.365094083 0.930282119
1317401181.450345993 348.828674076 332.756121180 -14.759395392 -0.030701586 0.018471094 0.342508574 0.938831246
1317401181.554430962 349.317422969 333.164857475 -14.794792837 -0.030646418 0.017089467 0.319385334 0.946975055
1317401181.658516884 349.836079799 333.555472205 -14.823110748 -0.030939766 0.015009385 0.295794380 0.954632460
1317401181.762557030 350.352469167 333.917901412 -14.868582208 -0.031610640 0.013648806 0.271970819 0.961689321
1317401181.866547108 350.952991069 334.317393868 -14.892865668 -0.031411905 0.013315157 0.249927230 0.967663360
1317401181.970489025 351.529987530 334.645560642 -14.916194181 -0.031729226 0.012527290 0.229065996 0.972812979
1317401182.074359894 352.187051931 334.998899524 -14.946330987 -0.032277240 0.011818380 0.209845579 0.977130154
1317401182.178138018 352.841956823 335.329424875 -14.972440063 -0.032622925 0.011701225 0.192602579 0.980664608
1317401182.281863928 353.522650989 335.613525470 -14.995488767 -0.033075034 0.012013331 0.176840121 0.983610336
1317401182.385565042 354.259471018 335.902240424 -15.016579973 -0.033826559 0.012437520 0.162665108 0.986022887
1317401182.489268064 354.942796258 336.147957844 -15.039036472 -0.034042648 0.013226024 0.149066630 0.988152473
1317401182.592947006 355.723413451 336.423781750 -15.065034285 -0.034739798 0.013518115 0.137927203 0.989740619
1317401182.696602106 356.497284347 336.649543302 -15.087515537 -0.034795489 0.013331023 0.127982989 0.991076138
1317401182.800256968 357.293901483 336.882135094 -15.114921802 -0.034899977 0.012558726 0.119220605 0.992174741
1317401182.903912306 358.117576728 337.087971776 -15.138796747 -0.034210093 0.011480269 0.111791809 0.993076263
1317401183.007587910 358.956340457 337.278680968 -15.162881652 -0.033214610 0.011155255 0.106283378 0.993718367
1317401183.111242056 359.796780660 337.483072868 -15.187761517 -0.032426965 0.011130877 0.101349885 0.994259924
1317401183.214898109 360.660584658 337.672041116 -15.212574228 -0.031483224 0.011051836 0.097888969 0.994637830
1317401183.318552971 361.580751830 337.856561554 -15.232841532 -0.030446634 0.010254569 0.096459764 0.994818255
1317401183.422183990 362.469254273 338.042869675 -15.251101357 -0.028830928 0.008946079 0.095769062 0.994945743
1317401183.525863886 363.390197761 338.227774416 -15.268724051 -0.028151021 0.007724870 0.095222348 0.995027915
1317401183.629589081 364.287195939 338.396471529 -15.285245043 -0.027800727 0.006607401 0.094764380 0.995089531
1317401183.733314991 365.234895181 338.594404733 -15.296927095 -0.027787679 0.005743789 0.094334685 0.995136082
1317401183.837042093 366.180347278 338.782426236 -15.312128876 -0.027069008 0.006007297 0.094229882 0.995164263
1317401183.940769911 367.139129372 338.964318999 -15.319947578 -0.026682537 0.006845192 0.094365106 0.995156476
1317401184.044519901 368.083005447 339.137081805 -15.331652516 -0.025615209 0.008733833 0.093850418 0.995218408
1317401184.148271084 369.057844738 339.333853996 -15.334893281 -0.024686659 0.010289793 0.094141444 0.995199516
1317401184.252023697 370.038466578 339.521747819 -15.354293092 -0.023520037 0.011572565 0.093926270 0.995234012
1317401184.355798960 371.013235626 339.698310490 -15.362661455 -0.022572704 0.012010266 0.094381813 0.995207667
1317401184.459597111 371.975487159 339.909789785 -15.373416370 -0.021545590 0.011256694 0.094773907 0.995201980
1317401184.563419104 372.949951935 340.094697937 -15.383935821 -0.021867315 0.010016525 0.094814371 0.995204363
1317401184.667242050 373.934027258 340.278804924 -15.402391332 -0.022459725 0.009799451 0.094435948 0.995229312
1317401184.771065950 374.900178048 340.485414162 -15.416703189 -0.023291360 0.010048532 0.094404333 0.995210712
1317401184.874890089 375.847172650 340.646620471 -15.422418184 -0.023681101 0.009920560 0.093907860 0.995249769
1317401184.978712082 376.807811153 340.850278302 -15.434133084 -0.023698399 0.009781594 0.093724073 0.995268057
1317401185.082535982 377.787231575 341.044489793 -15.447290109 -0.023781582 0.010332299 0.093508973 0.995280740
1317401185.186357975 378.703501467 341.228732136 -15.454884341 -0.024234816 0.011348244 0.093123667 0.995294868
1317401185.290182114 379.643270396 341.404507862 -15.469489841 -0.024290154 0.012847091 0.093005744 0.995286327
1317401185.394005060 380.613874267 341.603589812 -15.480352926 -0.023913385 0.014128943 0.092811772 0.995296186
1317401185.497826099 381.581949150 341.778303852 -15.492169333 -0.023821163 0.014710759 0.092786939 0.995292284
1317401185.601624012 382.522528397 341.963960806 -15.506383357 -0.024611917 0.014914758 0.092807143 0.995268124
1317401185.705423117 383.440108019 342.147165060 -15.532611908 -0.025176686 0.015256167 0.092875380 0.995242457
1317401185.809245110 384.362188635 342.317059225 -15.547986728 -0.026085902 0.016278672 0.092974162 0.995193617
1317401185.913042068 385.252907006 342.504567887 -15.568502133 -0.026622529 0.017950179 0.092840349 0.995163153
1317401186.016844988 386.155788404 342.678304963 -15.587911479 -0.027521545 0.019346088 0.092630217 0.995132120
1317401186.120692015 387.018114698 342.825458364 -15.601652199 -0.027873193 0.019331240 0.092528406 0.995132093
1317401186.224560022 387.859894062 342.993675736 -15.620449915 -0.027825182 0.017283657 0.091828062 0.995235973
1317401186.328429937 388.679542659 343.140496327 -15.630665152 -0.028244594 0.013217913 0.090543303 0.995404159
1317401186.432301044 389.521405907 343.310439645 -15.659174205 -0.029232510 0.010410785 0.088923700 0.995554947
1317401186.536195993 390.293725733 343.469360404 -15.680833186 -0.030120160 0.010467604 0.087171011 0.995682891
1317401186.640090942 391.098241702 343.618969931 -15.696157075 -0.031179084 0.012747819 0.085246721 0.995790317
1317401186.744010925 391.820725213 343.721768030 -15.698071736 -0.032027161 0.015027217 0.082325481 0.995977389
1317401186.848023891 392.577150679 343.828101265 -15.698444622 -0.032234306 0.015759831 0.077908279 0.996314648
1317401186.952086926 393.290400888 343.911522632 -15.709176711 -0.033327640 0.016108858 0.071150340 0.996778512
1317401187.056197882 393.977742686 344.031982436 -15.726678426 -0.033561522 0.017108663 0.062152740 0.997355481
1317401187.160353899 394.607062733 344.105562188 -15.736726239 -0.033339581 0.018488674 0.052650381 0.997885053
1317401187.264538050 395.314652973 344.193116425 -15.745511683 -0.033080375 0.018964872 0.038997806 0.998511489
1317401187.368768930 396.009498602 344.221089899 -15.756144638 -0.032940663 0.018238645 0.024842490 0.998982039
1317401187.473071098 396.682223338 344.286864910 -15.768345384 -0.033114215 0.016282721 0.005258906 0.999305091
1317401187.577423096 397.374396255 344.306199065 -15.790038068 -0.033490982 0.013434000 -0.015753291 0.999224557
1317401187.681797981 398.050983770 344.275128597 -15.798134010 -0.034134524 0.010864823 -0.038107129 0.998631382
1317401187.786171913 398.688856206 344.232518541 -15.814181865 -0.034135023 0.008905735 -0.062544438 0.997418509
1317401187.890498161 399.379967550 344.184211264 -15.815665373 -0.033574854 0.006681312 -0.089302040 0.995416111
1317401187.994777918 400.066732780 344.042915212 -15.815036315 -0.032853452 0.004885018 -0.113628744 0.992967923
1317401188.099037886 400.691219635 343.890822985 -15.804982849 -0.032267953 0.003916717 -0.138800961 0.989786710
1317401188.203269005 401.296362175 343.733690018 -15.799354168 -0.032276155 0.003562899 -0.163970050 0.985930717
1317401188.307446003 401.922956804 343.504835998 -15.785062492 -0.032140932 0.003234982 -0.188513865 0.981539107
1317401188.411603928 402.483814348 343.265885127 -15.766251601 -0.031992944 0.001943603 -0.212759527 0.976578751
1317401188.515769958 403.067618540 342.989693785 -15.761568607 -0.033366938 -0.001931420 -0.237601125 0.970787630
1317401188.619927883 403.695941748 342.680611725 -15.736229979 -0.033914381 -0.005983637 -0.262760310 0.964246354
1317401188.724078894 404.261215934 342.339898403 -15.722550980 -0.035457360 -0.009188707 -0.287558506 0.957062406
1317401188.828213930 404.838137519 341.967226959 -15.705409268 -0.035628354 -0.011298835 -0.313146324 0.948969092
1317401188.932326078 405.372214980 341.578998359 -15.674277128 -0.034637274 -0.011623741 -0.338117484 0.940394447
1317401189.036412954 405.876156582 341.174775849 -15.637462110 -0.033488945 -0.011225405 -0.362020184 0.931500868
1317401189.140474081 406.413466562 340.706473446 -15.595492797 -0.033647112 -0.011367007 -0.385626860 0.921971034
1317401189.244488955 406.911416835 340.190084482 -15.555784337 -0.033120530 -0.012276828 -0.407603255 0.912475696
1317401189.348434925 407.388728099 339.691252110 -15.510994396 -0.033148450 -0.013725908 -0.428304009 0.902922176
1317401189.452353954 407.856880025 339.116355210 -15.474549188 -0.032633867 -0.015693808 -0.447764274 0.893418094
1317401189.556222916 408.273222866 338.543155745 -15.424667214 -0.031793234 -0.016524990 -0.465615232 0.884261596
1317401189.660047054 408.710737378 337.999393773 -15.375985845 -0.031663287 -0.017282900 -0.482970684 0.874893168
1317401189.763869047 409.092621176 337.338493822 -15.330509251 -0.032160883 -0.017990350 -0.499125884 0.865745561
1317401189.867667913 409.470098850 336.700596228 -15.274840746 -0.031384129 -0.019971653 -0.514169899 0.856881255
1317401189.971442938 409.824105825 336.027510729 -15.226111157 -0.030886808 -0.022259665 -0.527704218 0.848574553
1317401190.075193882 410.168106065 335.318028594 -15.170185681 -0.028892270 -0.023479715 -0.540018950 0.840829039
1317401190.178919077 410.507794716 334.599041629 -15.112343643 -0.027471580 -0.022835089 -0.550887974 0.833814314
1317401190.282622099 410.825885218 333.868563687 -15.045295982 -0.025540940 -0.023161562 -0.560339258 0.827545236
1317401190.386327028 411.137836854 333.123663700 -14.984972169 -0.024426353 -0.024067796 -0.568655397 0.821860775
1317401190.490052938 411.439663563 332.341468943 -14.914295834 -0.024641915 -0.025788697 -0.575835284 0.816787270
1317401190.593779087 411.744293968 331.560336487 -14.861445764 -0.024890028 -0.027058596 -0.582519591 0.811984757
1317401190.697481871 412.022176893 330.735709314 -14.796447726 -0.024609263 -0.027386738 -0.588025562 0.808003892
1317401190.801183939 412.288395271 329.882606506 -14.726941393 -0.024112779 -0.026971026 -0.592696150 0.804613206
1317401190.904885054 412.579430827 329.038016534 -14.651215745 -0.023766060 -0.026243388 -0.597052106 0.801420764
1317401191.008563042 412.828251851 328.164391885 -14.587910767 -0.022970091 -0.025533206 -0.599967706 0.799286671
1317401191.112243891 413.089821153 327.295909549 -14.520371920 -0.021926869 -0.025211809 -0.602498035 0.797420651
1317401191.215946913 413.360759991 326.400930347 -14.445548737 -0.020652334 -0.025734778 -0.604393209 0.796002545
1317401191.319672108 413.622818188 325.517429486 -14.371059127 -0.019614426 -0.026871507 -0.605774820 0.794940289
1317401191.423424959 413.873552158 324.616166192 -14.305363328 -0.019681613 -0.026989011 -0.607136708 0.793894983
1317401191.527224064 414.139758910 323.669883135 -14.239018494 -0.019452522 -0.026472291 -0.608699039 0.792720819
1317401191.631021976 414.389718347 322.729045808 -14.163638990 -0.018974529 -0.025967678 -0.610194476 0.791598603
1317401191.734795094 414.648758362 321.787107794 -14.087825177 -0.018955037 -0.025736360 -0.612064857 0.790161349
1317401191.838594913 414.906612979 320.841725985 -14.013910542 -0.019953929 -0.025829991 -0.613880467 0.788723922
1317401191.942395926 415.142526084 319.880489141 -13.939032168 -0.021632474 -0.025678650 -0.615539408 0.787390551
1317401192.046195984 415.390232094 318.897248159 -13.866287233 -0.023139000 -0.025671691 -0.617376311 0.785908418
1317401192.149995089 415.642025794 317.905846599 -13.791724663 -0.024538888 -0.025029898 -0.619447284 0.784255322
1317401192.253793001 415.874971431 316.922105474 -13.717532915 -0.024948848 -0.024505118 -0.621152762 0.782908871
1317401192.357614994 416.125565488 315.947755026 -13.640041468 -0.025010934 -0.023806775 -0.623097761 0.781381387
1317401192.461436987 416.351643758 314.961024577 -13.556806242 -0.025049404 -0.023220142 -0.624692410 0.780123545
1317401192.565258980 416.586738233 313.965311882 -13.478226615 -0.025436038 -0.022314942 -0.626900662 0.778364061
1317401192.669080973 416.821017358 312.962517370 -13.398624951 -0.025259702 -0.021431698 -0.628695295 0.776945851
1317401192.772880077 417.042569478 311.952381791 -13.319196320 -0.024146262 -0.020686482 -0.630378576 0.775636434
1317401192.876681328 417.257605448 310.915219872 -13.238722088 -0.023190989 -0.019917871 -0.632025221 0.774344611
1317401192.980478048 417.473412613 309.886185257 -13.159690383 -0.022770306 -0.019967926 -0.633519442 0.773133825
1317401193.084252119 417.686356547 308.889858997 -13.076287275 -0.023640972 -0.020971012 -0.634639504 0.772161914
1317401193.188052893 417.896182061 307.879357147 -12.999615888 -0.025396892 -0.022357417 -0.635641920 0.771242176
1317401193.291851997 418.096518417 306.868161591 -12.923850309 -0.027520895 -0.022637158 -0.636533018 0.770425776
1317401193.395652056 418.293450442 305.857044082 -12.847290671 -0.028835607 -0.021962660 -0.637845426 0.769310966
1317401193.499473810 418.494634510 304.852110495 -12.769160573 -0.029659072 -0.019972306 -0.639065932 0.768320364
1317401193.603296041 418.692810399 303.835520827 -12.688799913 -0.028942947 -0.018325323 -0.640699502 0.767027142
1317401193.707142115 418.895923589 302.820557862 -12.600788611 -0.029164672 -0.017515066 -0.642319001 0.765682013
1317401193.810987949 419.079238610 301.820296561 -12.510640096 -0.030125943 -0.017906407 -0.643897091 0.764309051
1317401193.914833069 419.255504698 300.806040125 -12.435741732 -0.032909320 -0.017099903 -0.645856503 0.762557505
1317401194.018703938 419.451091706 299.774387963 -12.370361571 -0.033264797 -0.016253675 -0.648345459 0.760445551
1317401194.122575760 419.608565271 298.786629996 -12.282915779 -0.032819464 -0.015856686 -0.650507326 0.758624853
1317401194.226423025 419.787967774 297.768557107 -12.197655654 -0.032542509 -0.015944483 -0.653107424 0.756397681
1317401194.330271959 419.945972838 296.738998597 -12.119669957 -0.032192964 -0.015473331 -0.655513804 0.754338016
1317401194.434118032 420.088941516 295.731526855 -12.040809430 -0.030644720 -0.015015057 -0.657901659 0.752330284
1317401194.537964106 420.227698907 294.734640050 -11.960707269 -0.028797523 -0.014986623 -0.660056366 0.750514289
1317401194.641810894 420.374425010 293.698814223 -11.872225471 -0.027174667 -0.017161884 -0.662081285 0.748742532
1317401194.745659113 420.501730889 292.687553359 -11.786911617 -0.027062705 -0.020123791 -0.663638037 0.747293248
1317401194.849483013 420.627981563 291.648217522 -11.701005082 -0.027587335 -0.021109393 -0.664852950 0.746166126
1317401194.953255892 420.743013843 290.660577234 -11.649175544 -0.026235636 -0.019812597 -0.665301301 0.745850743
1317401195.057028055 420.864872512 289.634580559 -11.563623364 -0.023139277 -0.018550174 -0.665445172 0.745857351
1317401195.160826921 420.996079920 288.618711342 -11.489088998 -0.019361546 -0.019307115 -0.665297064 0.746077866
1317401195.264625072 421.128953615 287.608031987 -11.397312581 -0.019353802 -0.022141331 -0.664631294 0.746592549
1317401195.368424892 421.242834314 286.626255562 -11.337952115 -0.019489820 -0.025147503 -0.663185739 0.747778327
1317401195.472198963 421.368758407 285.605470195 -11.253989061 -0.019042028 -0.028400729 -0.661387380 0.749264661
1317401195.575949907 421.492129789 284.596738364 -11.183476870 -0.016955641 -0.030473070 -0.658944888 0.751382415
1317401195.679749012 421.622655356 283.588355643 -11.095635893 -0.016567492 -0.029856294 -0.656824378 0.753270109
1317401195.783548117 421.769003322 282.587008389 -11.023597664 -0.015481478 -0.028965970 -0.654866679 0.755030416
1317401195.887348890 421.915209673 281.591129519 -10.941260041 -0.014902862 -0.028888476 -0.652656918 0.756955949
1317401195.991146088 422.067550232 280.594276993 -10.855419665 -0.014263376 -0.030848995 -0.649781756 0.759360629
1317401196.094919920 422.223668254 279.603690527 -10.779363390 -0.014989049 -0.031521384 -0.646897088 0.761778110
1317401196.198695898 422.390327635 278.595222677 -10.709151867 -0.014139968 -0.030889039 -0.644012744 0.764260109
1317401196.302470922 422.563667006 277.609202186 -10.627439217 -0.012189319 -0.030461247 -0.641073450 0.766777911
1317401196.406269073 422.746351042 276.611168636 -10.538879197 -0.012001732 -0.031007262 -0.638323149 0.769050106
1317401196.510092020 422.937189246 275.624192978 -10.465153406 -0.013445179 -0.031520374 -0.635430896 0.771396960
1317401196.613914967 423.136913329 274.613369802 -10.395243330 -0.013824097 -0.031121012 -0.632567769 0.773756031
1317401196.717761993 423.335723653 273.628769577 -10.318801684 -0.012799918 -0.030372689 -0.629898195 0.775978045
1317401196.821628809 423.546664393 272.604914682 -10.233831791 -0.012274741 -0.029284223 -0.627626557 0.777866743
1317401196.925498962 423.777290295 271.639817332 -10.163216246 -0.012204746 -0.028847272 -0.625582645 0.779528854
1317401197.029397964 423.993669621 270.633967872 -10.083438399 -0.013138224 -0.028091893 -0.624292426 0.780574916
1317401197.133317232 424.231656467 269.639344418 -10.006407272 -0.013774687 -0.028540325 -0.623178506 0.781437303
1317401197.237236977 424.460627366 268.660687570 -9.934465370 -0.014970232 -0.028328647 -0.622240981 0.782169765
1317401197.341156006 424.700320278 267.641458473 -9.859424701 -0.014214442 -0.027687516 -0.621556407 0.782750908
1317401197.445097923 424.935087068 266.648340475 -9.789009727 -0.013655771 -0.024907254 -0.620796307 0.783457142
1317401197.549038887 425.164439462 265.687669755 -9.712633111 -0.011898634 -0.023775796 -0.620273740 0.783934705
1317401197.652982950 425.411559386 264.680481473 -9.643360021 -0.012448429 -0.022078046 -0.619801481 0.784349234
1317401197.756926060 425.649774254 263.681739844 -9.574199181 -0.012598865 -0.021591027 -0.619669876 0.784464366
1317401197.860843658 425.900953020 262.670499333 -9.504885002 -0.013656459 -0.021480904 -0.619384847 0.784674762
1317401197.964762926 426.129695896 261.697775734 -9.442032902 -0.014765785 -0.020950686 -0.619225557 0.784794718
1317401198.068682909 426.374666558 260.707692126 -9.377359640 -0.015344274 -0.020553585 -0.619071196 0.784915892
1317401198.172627926 426.619996753 259.725471891 -9.310455696 -0.016218438 -0.019547369 -0.619200790 0.784821792
1317401198.276596069 426.857664204 258.758294735 -9.249132974 -0.017165395 -0.018655642 -0.619924627 0.784251728
1317401198.380541086 427.098536977 257.767919163 -9.183670673 -0.018302044 -0.017326073 -0.620795425 0.783567408
1317401198.484470129 427.348003219 256.803824317 -9.124814225 -0.018311341 -0.016665264 -0.621786517 0.782795306
1317401198.588387728 427.567058432 255.804329432 -9.054193226 -0.017997331 -0.016707962 -0.622906983 0.781910373
1317401198.692279100 427.801823502 254.835673000 -8.991567731 -0.017932856 -0.016660747 -0.623425761 0.781499298
1317401198.796173096 428.031381914 253.837495473 -8.922603927 -0.018024261 -0.016860860 -0.623680018 0.781290005
1317401198.900072098 428.258458077 252.887541420 -8.864069765 -0.018056152 -0.017196504 -0.623668547 0.781291111
1317401199.003982067 428.485704120 251.909671015 -8.799061805 -0.018903738 -0.016889871 -0.623766093 0.781199874
1317401199.107862949 428.709985055 250.975634964 -8.738612817 -0.019414560 -0.016340979 -0.623852948 0.781129661
1317401199.211775064 428.923699697 250.035814306 -8.676668428 -0.019270816 -0.016253321 -0.624041242 0.780984631
1317401199.315721035 429.154745065 249.085875590 -8.612953036 -0.018919176 -0.017485719 -0.624254469 0.780796178
1317401199.419641972 429.370977150 248.159760092 -8.544815819 -0.019856002 -0.018735807 -0.624737679 0.780357316
1317401199.523581982 429.583448584 247.209727307 -8.481078357 -0.021806983 -0.018505739 -0.625557299 0.779653807
1317401199.627513885 429.789366178 246.302773889 -8.418118899 -0.022112701 -0.018568721 -0.626502520 0.778884346
1317401199.731446028 430.003063381 245.361110477 -8.352616366 -0.023002824 -0.017550827 -0.627381613 0.778174242
1317401199.835388899 430.210586315 244.446945717 -8.283217336 -0.022703716 -0.017594959 -0.628323175 0.777421988
1317401199.939320087 430.402700385 243.581670206 -8.219336465 -0.022657073 -0.017227584 -0.629339269 0.776609266
1317401200.043250084 430.599168341 242.663820194 -8.154875159 -0.022627148 -0.016482812 -0.630389901 0.775773744
1317401200.147166967 430.785653271 241.779440664 -8.088834376 -0.022170039 -0.016028100 -0.631415010 0.774962370
1317401200.251087904 430.977746204 240.907074798 -8.027988603 -0.022186335 -0.016316882 -0.632386554 0.774163272
1317401200.355017900 431.154523090 240.013488780 -7.954438972 -0.021807697 -0.017954193 -0.633505745 0.773222182
1317401200.458959103 431.339362658 239.129831711 -7.895976644 -0.022027283 -0.018855677 -0.634598322 0.772298020
1317401200.562901974 431.513190952 238.273198298 -7.838138834 -0.023151799 -0.018480325 -0.635587894 0.771459980
1317401200.666807890 431.701911160 237.406827272 -7.775236088 -0.022390867 -0.018588317 -0.636431406 0.770784139
1317401200.770751953 431.869768508 236.543249333 -7.708128956 -0.020900463 -0.018604019 -0.637208848 0.770183059
1317401200.874670029 432.016925874 235.725774620 -7.652231940 -0.020092094 -0.017746859 -0.637998878 0.769570522
1317401200.978564978 432.183000742 234.930130222 -7.581469869 -0.018983973 -0.017967234 -0.638338933 0.769311506
1317401201.082484961 432.350658882 234.052028030 -7.519946194 -0.019501401 -0.017934500 -0.638729063 0.768975444
1317401201.186393023 432.512408308 233.279720202 -7.468193171 -0.018922455 -0.018634866 -0.638874097 0.768852763
1317401201.290321112 432.663324075 232.469319173 -7.413960745 -0.019977645 -0.017863858 -0.639081630 0.768671872
1317401201.394217968 432.813977635 231.694600589 -7.353660838 -0.020283018 -0.017856579 -0.639222743 0.768546697
1317401201.498106003 432.977213567 230.887303170 -7.303379592 -0.020653131 -0.016919912 -0.639116603 0.768646299
1317401201.602036953 433.119028093 230.133873912 -7.248205654 -0.018156822 -0.017793896 -0.639031036 0.768760718
1317401201.705951929 433.266888997 229.365557974 -7.199765295 -0.018480654 -0.015855153 -0.638870109 0.768929167
1317401201.809894085 433.396111560 228.638687494 -7.146884021 -0.015725522 -0.016046154 -0.638768935 0.769070527
1317401201.913846016 433.542925518 227.910847872 -7.097320875 -0.014631409 -0.015916382 -0.638551817 0.769275093
1317401202.017776012 433.681695084 227.190592917 -7.048237003 -0.014586838 -0.015649862 -0.638297070 0.769492792
1317401202.121731997 433.811264935 226.449457939 -6.995621578 -0.014076237 -0.016585342 -0.638051454 0.769686383
1317401202.225687981 433.959152876 225.774990604 -6.957230587 -0.013391708 -0.017704114 -0.637655429 0.770001805
1317401202.329629898 434.094188214 225.059936550 -6.915564930 -0.014412904 -0.017261220 -0.637408458 0.770197881
1317401202.433593035 434.223090436 224.388471908 -6.871871008 -0.013954162 -0.017320086 -0.637162726 0.770408305
1317401202.537584782 434.344163939 223.713883294 -6.830206058 -0.013102173 -0.017495899 -0.637075810 0.770491168
1317401202.641580105 434.473932079 223.052657408 -6.787359195 -0.012152614 -0.017863635 -0.636664788 0.770837955
1317401202.745573044 434.608347873 222.385251129 -6.740863682 -0.012122540 -0.018129162 -0.636384699 0.771063481
1317401202.849554062 434.733678767 221.742922888 -6.705081392 -0.012371205 -0.017819875 -0.636128233 0.771278339
1317401202.953556061 434.852616681 221.138230349 -6.668172516 -0.012643802 -0.017846737 -0.635889490 0.771470145
1317401203.057569027 434.989804610 220.483863069 -6.627165366 -0.013610075 -0.017505944 -0.635515649 0.771769504
1317401203.161576986 435.106448120 219.876743410 -6.589210999 -0.012752354 -0.018265427 -0.635239396 0.771993951
1317401203.265603065 435.233502187 219.285629545 -6.553832842 -0.012183847 -0.018285896 -0.635013271 0.772188659
1317401203.369621992 435.363765226 218.676023310 -6.512171802 -0.011792782 -0.018666603 -0.634728286 0.772419893
1317401203.473625898 435.480658708 218.093141209 -6.475998764 -0.011925670 -0.018742506 -0.634518057 0.772588721
1317401203.577652931 435.598504697 217.527800049 -6.446624815 -0.012689107 -0.017974801 -0.634271535 0.772797200
1317401203.681715012 435.707175794 216.957856960 -6.411665395 -0.012829959 -0.017655195 -0.634063946 0.772972573
1317401203.785784721 435.830825754 216.380251840 -6.379186353 -0.013573238 -0.016578309 -0.634063085 0.772984432
1317401203.889826059 435.930113059 215.819589578 -6.341471069 -0.013030084 -0.016574048 -0.634057115 0.772998766
1317401203.993868113 436.039971879 215.286644067 -6.307728588 -0.012680873 -0.016481075 -0.634060060 0.773004146
1317401204.097943068 436.159919790 214.736086843 -6.276454824 -0.012490418 -0.016484574 -0.634002546 0.773054344
1317401204.201996088 436.272969735 214.177869328 -6.244305396 -0.012890332 -0.016251816 -0.633994923 0.773058960
1317401204.306030989 436.376133561 213.637434296 -6.212084150 -0.012335970 -0.016609342 -0.633931869 0.773112113
1317401204.410068989 436.503284059 213.081691910 -6.177215995 -0.012763972 -0.016639604 -0.633919105 0.773114981
1317401204.514096022 436.608037798 212.549804486 -6.144600057 -0.012907882 -0.016956344 -0.633907994 0.773114819
1317401204.618113041 436.722743167 212.018549190 -6.112189694 -0.012924511 -0.018135459 -0.633751579 0.773216010
1317401204.722162962 436.836607708 211.483772310 -6.075820541 -0.012890387 -0.019062325 -0.633626355 0.773296908
1317401204.826211929 436.940987424 210.954852313 -6.047970045 -0.013145108 -0.019560807 -0.633575092 0.773322173
1317401204.930248976 437.052208989 210.417204957 -6.013459377 -0.012736416 -0.019575010 -0.633538541 0.773358597
1317401205.034312010 437.157178279 209.895260760 -5.987629508 -0.012578738 -0.018810868 -0.633564287 0.773359051
1317401205.138340950 437.265720022 209.373105952 -5.958908087 -0.012591033 -0.017929841 -0.633460571 0.773464732
1317401205.242356062 437.365565816 208.848386528 -5.917017510 -0.011726703 -0.018211149 -0.633178472 0.773702695
1317401205.346379995 437.478916900 208.325149362 -5.889369261 -0.011924991 -0.017881941 -0.633008318 0.773846561
1317401205.450383902 437.587416226 207.804022114 -5.859558411 -0.012424663 -0.017580110 -0.632927869 0.773911417
1317401205.554400921 437.699014311 207.276035672 -5.825308494 -0.012594751 -0.017943386 -0.632649359 0.774128023
1317401205.658401012 437.817430470 206.769407860 -5.797520399 -0.012394427 -0.018296656 -0.632032562 0.774626653
1317401205.762392044 437.912713341 206.247505822 -5.770118839 -0.012048179 -0.018089157 -0.631866798 0.774772207
1317401205.866394997 438.027488001 205.728878547 -5.737263375 -0.011687484 -0.018208556 -0.631435173 0.775126747
1317401205.970409870 438.139028715 205.191422059 -5.693243131 -0.012607627 -0.018828429 -0.630867878 0.775559320
1317401206.074424982 438.252798301 204.705385950 -5.664912252 -0.015736893 -0.019090048 -0.630415031 0.775863911
1317401206.178427935 438.361388517 204.205838476 -5.635157442 -0.017485067 -0.020049275 -0.629783500 0.776315040
1317401206.282453060 438.469846873 203.692234635 -5.603505221 -0.018896707 -0.021307361 -0.629388463 0.776568783
1317401206.386475086 438.566929132 203.187834912 -5.579627292 -0.019587532 -0.022654650 -0.628770256 0.777014196
1317401206.490519047 438.684378175 202.689910298 -5.548359373 -0.021347625 -0.022123856 -0.628650705 0.777079857
1317401206.594558954 438.804152732 202.179535503 -5.518088572 -0.022285708 -0.020636988 -0.628465430 0.777244276
1317401206.698599100 438.912796423 201.694308963 -5.481517663 -0.023204879 -0.019230690 -0.628367339 0.777332748
1317401206.802638054 439.019630264 201.178658180 -5.444509842 -0.023052430 -0.018544670 -0.628187373 0.777499392
1317401206.906636953 439.131139793 200.698313504 -5.409048226 -0.022471336 -0.018120366 -0.628148508 0.777557807
1317401207.010674000 439.240681879 200.184411433 -5.368151290 -0.022875364 -0.017916264 -0.628114280 0.777578405
1317401207.114715099 439.346463556 199.707703170 -5.324795858 -0.023519190 -0.018770669 -0.628209853 0.777461826
1317401207.218742132 439.472364934 199.214606235 -5.289140928 -0.024387705 -0.019218588 -0.628437337 0.777240245
1317401207.322768927 439.581247949 198.699068929 -5.257492323 -0.025639333 -0.019298632 -0.629114677 0.776649799
1317401207.426805973 439.683399983 198.218084670 -5.225734162 -0.025751203 -0.020098288 -0.629654446 0.776188258
1317401207.530855894 439.790251437 197.722932263 -5.185761400 -0.026039093 -0.020603439 -0.630259346 0.775674301
1317401207.634869099 439.903981734 197.220735631 -5.154802201 -0.026149398 -0.020101693 -0.630869309 0.775187749
1317401207.738847971 440.012111812 196.694218971 -5.109234815 -0.025680621 -0.019573890 -0.631579182 0.774638694
1317401207.842839003 440.128334240 196.203186695 -5.069211959 -0.025520304 -0.019064919 -0.632206095 0.774145139
1317401207.946839094 440.231787948 195.671749166 -5.030668674 -0.025386927 -0.018809865 -0.632851774 0.773628027
1317401208.050829172 440.342138304 195.157180303 -4.992369184 -0.025056585 -0.018210668 -0.633317521 0.773271916
1317401208.154845953 440.438223823 194.669133726 -4.956532011 -0.024501470 -0.017715720 -0.633726386 0.772966169
1317401208.258860111 440.548875296 194.140601876 -4.910253704 -0.022789973 -0.018290956 -0.634298495 0.772535745
1317401208.362863064 440.652102663 193.610525896 -4.871368386 -0.021248281 -0.017920180 -0.634864775 0.772123109
1317401208.466877937 440.761908996 193.086461189 -4.836574358 -0.020430959 -0.016671311 -0.635291148 0.771822390
1317401208.570892096 440.861713241 192.578503523 -4.797674033 -0.019434607 -0.015728493 -0.635840312 0.771415587
1317401208.674916029 440.975008677 192.031319463 -4.758797247 -0.018526455 -0.014536123 -0.636394646 0.771004102
1317401208.778930902 441.074154754 191.516446534 -4.727195918 -0.017318110 -0.013658578 -0.636772175 0.770736482
1317401208.882946014 441.172928200 190.989642961 -4.690420594 -0.015870649 -0.013360816 -0.637119596 0.770485711
1317401208.986938000 441.276472436 190.464429351 -4.658186427 -0.014669217 -0.013610569 -0.637650972 0.770065455
1317401209.090923071 441.375872949 189.948589471 -4.626120352 -0.014176319 -0.013725528 -0.638115612 0.769687669
1317401209.194937944 441.473572785 189.440715636 -4.597504076 -0.014569431 -0.013328764 -0.638689898 0.769210823
1317401209.298958063 441.579652320 188.917246934 -4.568772895 -0.015085421 -0.012801423 -0.639498583 0.768537648
1317401209.403002024 441.674978047 188.399684763 -4.542936986 -0.015510544 -0.012514583 -0.640667312 0.767559902
1317401209.507036924 441.773577016 187.898663933 -4.516227230 -0.015186643 -0.012588868 -0.642244345 0.766246101
1317401209.611102104 441.869822743 187.368749381 -4.487612498 -0.014519038 -0.013126413 -0.644402758 0.764435727
1317401209.715213060 441.954861952 186.861796960 -4.458442749 -0.014301153 -0.013595712 -0.647113944 0.762137899
1317401209.819299936 442.038747974 186.347194106 -4.427815063 -0.014435034 -0.014001756 -0.650057567 0.759618813
1317401209.923388004 442.122734997 185.836657054 -4.400517060 -0.014691206 -0.013917473 -0.653476608 0.756676150
1317401210.027523041 442.195336110 185.330635891 -4.376028365 -0.014857945 -0.013931210 -0.657281635 0.753369773
1317401210.131654978 442.271472532 184.839893659 -4.349351187 -0.015202656 -0.015244825 -0.661715960 0.749445437
1317401210.235814095 442.329870660 184.346825053 -4.318815078 -0.015183629 -0.017444505 -0.666853210 0.744830144
1317401210.339999914 442.378449596 183.868778252 -4.291393166 -0.015581954 -0.019228193 -0.672665286 0.739532888
1317401210.444183111 442.436132156 183.409958685 -4.269749821 -0.017051157 -0.021187124 -0.679436795 0.733229845
1317401210.548389912 442.463199368 182.946370962 -4.240165652 -0.018151794 -0.023547213 -0.686473356 0.726546882
1317401210.652596951 442.485489477 182.486012141 -4.209634235 -0.017772000 -0.025343292 -0.693796378 0.719505705
1317401210.756778002 442.491872078 182.048914230 -4.179118532 -0.016264942 -0.025823444 -0.701263165 0.712248955
1317401210.860937119 442.496767203 181.620359634 -4.144745094 -0.014252302 -0.026564071 -0.708844526 0.704720271
1317401210.965073109 442.495924206 181.195939922 -4.106615304 -0.012488021 -0.027207912 -0.715979944 0.697478673
1317401211.069158077 442.473564246 180.795485333 -4.076690882 -0.011074933 -0.026957820 -0.722984690 0.690249056
1317401211.173223019 442.460366388 180.419946323 -4.044100817 -0.009685025 -0.026623328 -0.729431293 0.683467181
1317401211.277309895 442.445141096 180.076267598 -4.018085598 -0.009196201 -0.026626117 -0.735859250 0.676548331
1317401211.381396055 442.417223345 179.728002829 -3.993119099 -0.008837161 -0.026848488 -0.742468435 0.669284458
1317401211.485456944 442.382925920 179.399885901 -3.970706040 -0.008506064 -0.026763098 -0.749423819 0.661494764
1317401211.589543104 442.346144786 179.065304238 -3.955318518 -0.008000745 -0.026396494 -0.756727660 0.653148116
1317401211.693679094 442.293267585 178.730534214 -3.931404125 -0.007336073 -0.026166535 -0.764423658 0.644141263
1317401211.797816038 442.232925348 178.412794343 -3.914409818 -0.006596514 -0.026490474 -0.772804402 0.634056856
1317401211.901949883 442.174373376 178.093896474 -3.889499078 -0.005634349 -0.026895807 -0.781672867 0.623082978
1317401212.006105900 442.104317402 177.788820099 -3.868811785 -0.005222315 -0.027003251 -0.790774923 0.611488817
1317401212.110264063 442.022708707 177.463633023 -3.845999379 -0.005474549 -0.027946371 -0.799982104 0.599347698
1317401212.214422941 441.929995996 177.168126079 -3.823440424 -0.006986275 -0.029399372 -0.809304072 0.586612128
1317401212.318583012 441.850947556 176.867759497 -3.810335668 -0.009056202 -0.031255866 -0.818652573 0.573366392
1317401212.422740936 441.744366640 176.574499765 -3.793993650 -0.011311089 -0.033282579 -0.828123315 0.559442674
1317401212.526922941 441.612631915 176.282476267 -3.783493234 -0.014287433 -0.035143709 -0.837930979 0.544456116
1317401212.631130934 441.479267494 175.987789521 -3.769498196 -0.017159244 -0.037087683 -0.848266323 0.527990823
1317401212.735336304 441.346891605 175.699836978 -3.761085478 -0.019422420 -0.038252271 -0.858656559 0.510752823
1317401212.839565992 441.186319277 175.401320249 -3.746765078 0.020367877 0.039149918 0.869448502 -0.492048509
1317401212.943796873 441.008150349 175.103680137 -3.735317545 0.020105505 0.040547049 0.880081412 -0.472660993
1317401213.048003912 440.810690212 174.819820151 -3.711494252 0.018498973 0.042649506 0.890677607 -0.452252373
1317401213.152211905 440.579388094 174.533378640 -3.679460985 0.016117643 0.044028029 0.901160383 -0.430942826
1317401213.256417036 440.331152913 174.225944913 -3.640390827 0.013826907 0.043332806 0.911304821 -0.409212180
1317401213.360625267 440.095306008 173.936895940 -3.616151061 0.011837974 0.041415814 0.921392495 -0.386238867
1317401213.464807987 439.809905582 173.658976173 -3.587282468 0.009899506 0.040221718 0.930881179 -0.362966174
1317401213.568967104 439.512400251 173.377721108 -3.566159690 0.007872004 0.040793969 0.939862993 -0.339015394
1317401213.673074961 439.161522104 173.080058479 -3.529754561 0.005560934 0.040532972 0.947810581 -0.316198129
1317401213.777113914 438.842226863 172.814049837 -3.503042896 0.005195133 0.038408114 0.955267088 -0.293193822
1317401213.881130934 438.465626661 172.537707796 -3.493255125 0.006056682 0.035930165 0.961818457 -0.271251905
1317401213.985096931 438.045441327 172.270870139 -3.476538164 0.007000852 0.036382316 0.967365891 -0.250660224
1317401214.089015961 437.602573594 172.031661923 -3.462583433 0.007684051 0.038408966 0.972074500 -0.231380363
1317401214.192910910 437.168173789 171.813459162 -3.435175445 0.008865168 0.039669375 0.976266274 -0.212724968
1317401214.296760082 436.666039724 171.561980397 -3.427324796 0.010753923 0.038650428 0.979911659 -0.195355160
1317401214.400583029 436.138452198 171.337627643 -3.425572025 0.011155304 0.036613274 0.983098918 -0.179029450
1317401214.504405975 435.641736019 171.144255126 -3.408784139 0.009034257 0.036043182 0.985833096 -0.163561541
1317401214.608228922 435.079672324 170.954501675 -3.384953156 0.007503922 0.037123633 0.988112088 -0.148996739
1317401214.712050915 434.498025163 170.776933450 -3.358754124 0.006949009 0.038415233 0.990153082 -0.134435320
1317401214.815850019 433.884287554 170.594301479 -3.346660005 0.006823743 0.038339748 0.991875819 -0.121102686
1317401214.919600010 433.263203391 170.438665545 -3.330136202 0.006678330 0.038213613 0.993287163 -0.108975826
1317401215.023324966 432.607876039 170.281335488 -3.322070753 0.005655992 0.039538800 0.994288267 -0.098972391
1317401215.127027988 431.906153396 170.138000862 -3.296337065 0.004197100 0.041943245 0.994927138 -0.091340779
1317401215.230707884 431.231274522 170.001868416 -3.277056538 0.003575277 0.044002944 0.995357229 -0.085527453
1317401215.334362030 430.497084379 169.849661297 -3.256422552 0.003140484 0.045283532 0.995647003 -0.081403837
1317401215.438015938 429.783940983 169.710124106 -3.248818036 0.002920498 0.044771007 0.995807077 -0.079720095
1317401215.541697025 429.061705660 169.584668513 -3.234909812 0.002925842 0.044708442 0.995887118 -0.078749239
1317401215.645375967 428.279769753 169.447319867 -3.224399886 0.003071948 0.045428120 0.995825424 -0.079111153
1317401215.749077082 427.505608192 169.338663266 -3.210716935 0.002972705 0.047189524 0.995690130 -0.079783939
1317401215.852828979 426.734843113 169.205027971 -3.195579196 0.002611354 0.047118778 0.995647649 -0.080366417
1317401215.956579924 425.862698373 169.064648150 -3.180495468 0.001529484 0.046483967 0.995524813 -0.082263291
1317401216.060305119 425.065678106 168.930021855 -3.170314734 0.001096460 0.045260238 0.995461475 -0.083706393
1317401216.164058924 424.223140181 168.793062349 -3.156848423 0.000612882 0.046085437 0.995288558 -0.085302074
1317401216.267857075 423.343065467 168.650666161 -3.132657536 0.000912514 0.045693777 0.995153226 -0.087070676
1317401216.371654987 422.496615288 168.475877144 -3.138192559 0.000464667 0.046104861 0.995029135 -0.088267468
1317401216.475430965 421.598391053 168.311425535 -3.107977159 0.001338897 0.047108627 0.994842770 -0.089815632
1317401216.579231024 420.694790614 168.141386195 -3.091339471 0.003238129 0.046828616 0.994673376 -0.091768572
1317401216.683075905 419.804469908 167.972761460 -3.082396398 0.004059243 0.046689224 0.994522646 -0.093425616
1317401216.786946058 418.916034155 167.818157046 -3.066203443 0.002886590 0.048278202 0.994284509 -0.095179816
1317401216.890815020 418.008218280 167.648564079 -3.060727588 0.000559851 0.048241438 0.994160323 -0.096528246
1317401216.994683981 417.076048024 167.459635089 -3.015422033 -0.002007202 0.050586203 0.993956064 -0.097408166
1317401217.098602057 416.146401652 167.275109212 -3.013535003 -0.003949399 0.051524015 0.993850737 -0.097930545
1317401217.202545881 415.243292061 167.096211709 -2.985318247 -0.005601597 0.051369199 0.993875277 -0.097681938
1317401217.306489944 414.306575357 166.902534044 -2.975017980 -0.007183780 0.051148398 0.993937009 -0.097064192
1317401217.410432100 413.375976048 166.732995656 -2.953041890 -0.007939661 0.050699638 0.994003157 -0.096562065
1317401217.514373064 412.447001390 166.524234501 -2.939196675 -0.007382000 0.050760389 0.994052712 -0.096062970
1317401217.618315935 411.554398953 166.351307715 -2.936153387 -0.007878474 0.050523961 0.994108391 -0.095570734
1317401217.722260952 410.614327126 166.173689388 -2.938859924 -0.009537288 0.050408004 0.994138918 -0.095162416
1317401217.826205969 409.711968672 165.987526434 -2.922318196 -0.009226850 0.051122709 0.994101354 -0.095204160
1317401217.930149078 408.777670006 165.786204009 -2.915209624 -0.006084415 0.051928142 0.994098209 -0.095053667
1317401218.034116030 407.871914063 165.613373345 -2.881576938 -0.001645812 0.049280237 0.994263966 -0.094910037
1317401218.138081074 406.920652180 165.434280557 -2.895773317 0.000499478 0.047329271 0.994369202 -0.094813398
1317401218.242048979 406.025407626 165.237503288 -2.879835232 0.000244009 0.042156294 0.994540563 -0.095456041
1317401218.346041203 405.117463568 165.048044857 -2.861731768 -0.001440006 0.041947560 0.994453980 -0.096434492
1317401218.450030088 404.240349886 164.877386710 -2.856445724 -0.002530762 0.040855320 0.994415672 -0.097272346
1317401218.553997040 403.331441145 164.689754908 -2.836784672 -0.003885309 0.040625062 0.994307332 -0.098424782
1317401218.657963991 402.442934933 164.501632451 -2.830822898 -0.005200623 0.042338721 0.994112349 -0.099604337
1317401218.761905909 401.548243227 164.305019107 -2.805740389 -0.005207419 0.042549615 0.993915545 -0.101460838
1317401218.865848064 400.655586481 164.131601586 -2.785607808 -0.002931158 0.043785857 0.993671431 -0.103398717
1317401218.969840050 399.801763609 163.962337484 -2.777914554 -0.000643749 0.043102476 0.993471319 -0.105624335
1317401219.073831081 398.969712325 163.756634382 -2.754285692 0.000946867 0.044150659 0.993250054 -0.107257410
1317401219.177820921 398.102751193 163.587015989 -2.732655751 0.000467791 0.043692820 0.993090340 -0.108914163
1317401219.281836033 397.312023587 163.388590647 -2.723391448 -0.001428763 0.042234805 0.992996170 -0.110330354
1317401219.385848999 396.517429956 163.197830895 -2.703536261 -0.002830906 0.040868486 0.992863366 -0.112000403
1317401219.489837885 395.728986994 163.021385463 -2.675666542 -0.002803244 0.041969207 0.992662626 -0.113365067
1317401219.593828917 394.992071662 162.841041946 -2.654698966 -0.002207849 0.042744382 0.992478339 -0.114694328
1317401219.697822094 394.254141286 162.669883948 -2.635022677 -0.001860934 0.042490601 0.992350673 -0.115893173
1317401219.801814079 393.535544633 162.494550865 -2.631038294 -0.002286653 0.041603112 0.992214263 -0.117366127
1317401219.905805111 392.866785828 162.324667087 -2.601673403 -0.002398120 0.042199198 0.992049207 -0.118540492
1317401220.009793997 392.199249416 162.172411204 -2.585452300 -0.002339721 0.041554009 0.991906910 -0.119951953
1317401220.113782883 391.540062326 162.000996956 -2.574431988 -0.002138967 0.038775865 0.991907456 -0.120877856
1317401220.217775106 390.887295523 161.831040809 -2.565558590 -0.002064072 0.036955621 0.991850861 -0.121909356
1317401220.321767092 390.275183923 161.663394346 -2.544156434 -0.001629197 0.036642180 0.991716264 -0.123099749
1317401220.425757885 389.645566990 161.531480469 -2.525620670 -0.000924179 0.035818465 0.991673056 -0.123696133
1317401220.529795885 389.043755371 161.372379709 -2.514794567 -0.000655181 0.033662276 0.991899259 -0.122483803
1317401220.633858919 388.472591650 161.224962912 -2.517189082 -0.001368103 0.030715203 0.992243840 -0.120444453
1317401220.737921953 387.926701632 161.085006439 -2.501705975 -0.002539518 0.030002496 0.992507455 -0.118416015
1317401220.841959953 387.425869692 160.963907834 -2.481774883 -0.003138208 0.030789420 0.992719531 -0.116404880
1317401220.945998907 386.938452938 160.834677990 -2.464137941 -0.002983777 0.032294995 0.992843115 -0.114937721
1317401221.050040007 386.467103314 160.732351735 -2.457056790 -0.002115661 0.032918872 0.992984650 -0.113548921
1317401221.154079914 386.016859298 160.622201799 -2.448850228 -0.000399014 0.032444211 0.993135193 -0.112381946
1317401221.258093119 385.546201258 160.503005125 -2.433158153 0.001042054 0.032016081 0.993231322 -0.111648672
1317401221.362082958 385.095377374 160.384121721 -2.428022326 0.001240108 0.031982725 0.993228255 -0.111683486
1317401221.466074228 384.640351060 160.286720130 -2.418475964 0.000862923 0.031861553 0.993220343 -0.111791982
1317401221.570039034 384.195309149 160.178699151 -2.410464126 0.000948228 0.031649930 0.993175514 -0.112248743
1317401221.673981905 383.752061572 160.070406873 -2.399257353 0.001686325 0.031730680 0.993066944 -0.113174051
1317401221.777899981 383.309390910 159.953500376 -2.391771748 0.002957142 0.031719512 0.992895373 -0.114646874
1317401221.881827116 382.851087821 159.852845008 -2.375543241 0.005184171 0.031160177 0.992693546 -0.116454674
1317401221.985744953 382.443729849 159.754949345 -2.365506817 0.007603432 0.031377763 0.992398445 -0.118755841
1317401222.089679956 382.019675827 159.648561335 -2.352286425 0.009545207 0.032081319 0.992102655 -0.120880105
1317401222.193623066 381.598207369 159.540489801 -2.346152970 0.010139657 0.033797503 0.991814525 -0.122714567
1317401222.297564983 381.173365010 159.433534480 -2.333835502 0.009470576 0.035326942 0.991492250 -0.124921711
1317401222.401506901 380.754224971 159.321954912 -2.321535648 0.008133821 0.036044050 0.991219992 -0.126955088
1317401222.505428076 380.302575159 159.202436449 -2.299493926 0.005479538 0.035202499 0.990989869 -0.129111726
1317401222.609348059 379.857986823 159.079399170 -2.276170726 0.002047065 0.034332981 0.990724208 -0.131463304
1317401222.713289976 379.405645494 158.940949662 -2.261368421 -0.000874728 0.034624052 0.990388089 -0.133909830
1317401222.817234993 378.938402435 158.822829521 -2.242406698 -0.002180085 0.035911386 0.989940059 -0.136836759
1317401222.921178102 378.480175902 158.703852556 -2.227558255 -0.001886075 0.036927751 0.989562762 -0.139277869
1317401223.025144100 378.007549260 158.558022033 -2.218810583 -0.001301399 0.036699487 0.989237174 -0.141637801
1317401223.129111052 377.494460105 158.410188480 -2.215776965 -0.001258203 0.035377135 0.988975122 -0.143788330
1317401223.233102083 376.998449995 158.258351400 -2.211284912 -0.001856765 0.033846612 0.988798112 -0.145359051
1317401223.337091923 376.465103863 158.103844084 -2.205565933 -0.002721670 0.032658882 0.988673232 -0.146462387
1317401223.441059113 375.937808737 157.940389254 -2.195203330 -0.003364349 0.032249734 0.988573438 -0.147211390
1317401223.545047998 375.392665800 157.779575340 -2.183987808 -0.003181283 0.031779850 0.988565979 -0.147367655
1317401223.649085999 374.832954327 157.598992855 -2.175859803 -0.002502449 0.031209702 0.988714335 -0.146504796
1317401223.753124952 374.263516766 157.430665432 -2.174476452 -0.001260977 0.030259515 0.988888476 -0.145541588
1317401223.857141018 373.667707300 157.242062605 -2.166430685 -0.000508203 0.029740745 0.989125548 -0.144034299
1317401223.961183071 373.045754147 157.051358292 -2.168324043 -0.000954161 0.028937265 0.989393637 -0.142344499
1317401224.065244913 372.417743434 156.875223420 -2.159793084 -0.002300987 0.029412976 0.989661052 -0.140358774
1317401224.169305086 371.786911898 156.690254242 -2.142337215 -0.002624932 0.029217021 0.989948043 -0.138355870
1317401224.273367882 371.120781145 156.480809231 -2.136496450 -0.002155363 0.027820161 0.990421319 -0.135229446
1317401224.377454042 370.459138576 156.305572865 -2.129858275 -0.000305357 0.025980034 0.990989126 -0.131398237
1317401224.481565952 369.768748170 156.104940482 -2.128134068 0.000905028 0.024431453 0.991682718 -0.126363254
1317401224.585675001 369.063974315 155.905356540 -2.124589230 0.000963046 0.023941647 0.992537622 -0.119561447
1317401224.689810038 368.325823944 155.736890477 -2.130258551 0.000561508 0.023450957 0.993394811 -0.112323136
1317401224.793919086 367.560280756 155.536804956 -2.110589209 0.000434285 0.023651966 0.994228325 -0.104644324
1317401224.898007154 366.797816793 155.379477480 -2.106266392 0.000910237 0.024015755 0.994959870 -0.097351285
1317401225.002070665 366.017750697 155.228360463 -2.100395161 0.001266039 0.024152468 0.995636873 -0.090123648
1317401225.106107950 365.177573730 155.078160240 -2.096409556 0.000412805 0.024993821 0.996188718 -0.083565400
1317401225.210123062 364.353699331 154.927947568 -2.088439332 -0.001019702 0.025313181 0.996668419 -0.077525901
1317401225.314064980 363.496336111 154.805071343 -2.084639576 -0.002370281 0.026245835 0.996948822 -0.073475056
1317401225.417983055 362.632282066 154.660816720 -2.065337615 -0.002319668 0.026642642 0.997197367 -0.069872735
1317401225.521879911 361.774122285 154.541102926 -2.067024852 -0.001970082 0.026597243 0.997335668 -0.067898970
1317401225.625727892 360.870767229 154.394703849 -2.059749333 -0.002615002 0.026725383 0.997466851 -0.065869550
1317401225.729573965 359.976894717 154.286358061 -2.064387336 -0.004260605 0.027136757 0.997497470 -0.065147837
1317401225.833444118 359.055140140 154.154557229 -2.071105144 -0.005879226 0.028671096 0.997489634 -0.064481258
1317401225.937315941 358.137138798 154.026918636 -2.043961962 -0.004975062 0.031054430 0.997437482 -0.064259946
1317401226.041208029 357.192036186 153.900981664 -2.043861114 -0.002104474 0.032011739 0.997406664 -0.064426435
1317401226.145103931 356.245925696 153.777619721 -2.035355541 0.000023165 0.032326296 0.997377233 -0.064758513
1317401226.248975754 355.284187763 153.646277157 -2.058728663 -0.000688370 0.032736551 0.997323669 -0.065370817
1317401226.352847099 354.329367147 153.517273824 -2.048201445 -0.003133997 0.033355373 0.997256257 -0.066011785
1317401226.456718922 353.329112051 153.384391389 -2.027413094 -0.004585959 0.034773269 0.997141372 -0.066924376
1317401226.560589075 352.342650716 153.251788865 -2.018179270 -0.005583473 0.035410989 0.997048039 -0.067897673
1317401226.664483070 351.345982985 153.099457401 -2.017931437 -0.006715545 0.034632975 0.996980924 -0.069170045
1317401226.768377066 350.365519223 152.960472708 -2.012922223 -0.007994352 0.037268072 0.996823012 -0.069936149
1317401226.872247696 349.381867667 152.824984563 -2.006235251 -0.007886102 0.039440625 0.996646682 -0.071257547
1317401226.976119995 348.393970490 152.671186882 -2.001262403 -0.006110573 0.041370662 0.996442726 -0.073164351
1317401227.079989910 347.402375550 152.521881519 -1.988706193 -0.004537723 0.044053081 0.996191258 -0.075111335
1317401227.183834076 346.417893853 152.383495905 -1.983224452 -0.003939430 0.046646531 0.995852177 -0.078019376
1317401227.287658930 345.424640181 152.215825012 -1.980158442 -0.004998679 0.046968467 0.995552450 -0.081512545
1317401227.391482115 344.450782723 152.054854386 -1.957387322 -0.005995826 0.047182370 0.995241677 -0.085040457
1317401227.495304108 343.474513412 151.880386045 -1.961249281 -0.006404101 0.047493102 0.994930445 -0.088412682
1317401227.599126101 342.492446169 151.704960880 -1.928793797 -0.005037071 0.046332370 0.994694586 -0.091709432
1317401227.702949047 341.530156624 151.514611678 -1.928053883 -0.002608220 0.043484599 0.994586869 -0.094335824
1317401227.806771994 340.562476512 151.325163988 -1.917181966 -0.002915051 0.042282755 0.994360338 -0.097217232
1317401227.910621881 339.618955273 151.132242584 -1.908365709 -0.005489473 0.039948070 0.994189986 -0.099801245
1317401228.014492989 338.658529767 150.940709655 -1.902828348 -0.008840612 0.041222026 0.993922486 -0.101689134
1317401228.118386984 337.707263516 150.737066505 -1.871740624 -0.009367123 0.040211189 0.993747479 -0.103736515
1317401228.222305059 336.769251011 150.529019958 -1.871340810 -0.008394965 0.039002925 0.993717609 -0.104563901
1317401228.326247931 335.853709748 150.333911180 -1.862319177 -0.007267281 0.037621118 0.993714784 -0.105179683
1317401228.430188894 334.951322515 150.127184713 -1.865589845 -0.007243054 0.037848034 0.993668190 -0.105539535
1317401228.534131050 334.063193474 149.932297964 -1.842383975 -0.006905564 0.040173391 0.993492765 -0.106351008
1317401228.638073921 333.205011142 149.746983320 -1.833628083 -0.006603260 0.041676753 0.993386293 -0.106785387
1317401228.742016077 332.386591011 149.566217763 -1.825896258 -0.007491904 0.044017435 0.993232441 -0.107217788
1317401228.845959902 331.571159210 149.392105556 -1.808876964 -0.008404385 0.044626056 0.993121153 -0.107927093
1317401228.949904919 330.784891213 149.221363995 -1.804565145 -0.008788049 0.043557469 0.993085281 -0.108660671
1317401229.053894997 330.029116841 149.050976156 -1.784516281 -0.008310933 0.042877382 0.993104496 -0.108793006
1317401229.157886028 329.295465822 148.887964479 -1.781187517 -0.007872921 0.041996504 0.993188916 -0.108397824
1317401229.261877060 328.588765898 148.730077857 -1.768340746 -0.007796757 0.040014298 0.993367647 -0.107511789
1317401229.365866899 327.914868804 148.571130442 -1.761740255 -0.007485443 0.038629598 0.993529226 -0.106542942
1317401229.469856977 327.260050053 148.413112677 -1.751116153 -0.007540819 0.036454186 0.993685006 -0.105850539
1317401229.573847055 326.644773462 148.278176379 -1.749050690 -0.008229852 0.035762084 0.993758732 -0.105341945
1317401229.677814960 326.065974777 148.150671404 -1.735619960 -0.008765282 0.035314542 0.993821905 -0.104852626
1317401229.781783104 325.505816107 148.032651083 -1.733506617 -0.009873416 0.035318590 0.993875426 -0.104243702
1317401229.885725021 324.973365833 147.913965645 -1.721215717 -0.011261087 0.033079113 0.993980555 -0.103834561
1317401229.989665985 324.476620407 147.813839764 -1.719205188 -0.011720756 0.030873462 0.994116957 -0.103154881
1317401230.093631983 323.998900171 147.694164457 -1.711644426 -0.011444828 0.028519431 0.994249686 -0.102582745
1317401230.197576046 323.561140332 147.606321205 -1.721484451 -0.010616938 0.028394791 0.994311888 -0.102102326
1317401230.301496029 323.125333800 147.501660570 -1.711624293 -0.008830022 0.030637177 0.994284431 -0.101891430
1317401230.405438900 322.716484018 147.420932938 -1.708834206 -0.006798488 0.033268199 0.994177815 -0.102261822
1317401230.509385109 322.298953146 147.338258593 -1.696366191 -0.004498609 0.034230361 0.994119239 -0.102640067
1317401230.613327980 321.879117002 147.242006894 -1.701139714 -0.002884177 0.031463070 0.994156433 -0.103221821
1317401230.717266083 321.470756115 147.135894579 -1.705475947 -0.002262031 0.029228566 0.994113895 -0.104298308
1317401230.821208000 321.064076949 147.040734313 -1.708356418 -0.003020951 0.030829431 0.993961586 -0.105265306
1317401230.925158262 320.669508723 146.966014143 -1.704110231 -0.004320677 0.034017169 0.993720192 -0.106509834
1317401231.029126883 320.267513586 146.886063534 -1.686969949 -0.004766401 0.036920595 0.993522809 -0.107361909
1317401231.133112907 319.862774148 146.790630124 -1.673278845 -0.004300511 0.038101640 0.993410056 -0.108010332
1317401231.237086058 319.473503512 146.713224514 -1.664579540 -0.003805220 0.037959372 0.993350418 -0.108625750
1317401231.341027021 319.072424156 146.608809734 -1.662272996 -0.004017416 0.037685426 0.993256663 -0.109566741
1317401231.444938898 318.703749012 146.510681025 -1.671185106 -0.005253329 0.039090217 0.992975884 -0.111549318
1317401231.548857927 318.297591316 146.427086896 -1.655627690 -0.006147993 0.041122869 0.992566881 -0.114376998
1317401231.652776003 317.899827214 146.331963359 -1.653894395 -0.006141481 0.041009137 0.992246004 -0.117168259
1317401231.756692886 317.501480875 146.218357252 -1.648194861 -0.005801026 0.039254516 0.991943209 -0.120308361
1317401231.860615015 317.108358399 146.130500148 -1.646433424 -0.005857940 0.039461498 0.991530569 -0.123594520
1317401231.964534998 316.695790237 146.029294175 -1.635328021 -0.006336969 0.041963941 0.991014975 -0.126839227
1317401232.068451881 316.268070120 145.930497782 -1.627373173 -0.006009843 0.043672265 0.990571017 -0.129713819
1317401232.172394037 315.840850101 145.810578962 -1.619886435 -0.004280998 0.043980034 0.990206352 -0.132434175
1317401232.276360989 315.414908064 145.690612359 -1.621415006 -0.001990322 0.042369102 0.989953337 -0.134882495
1317401232.380326986 314.980038449 145.555222170 -1.626703537 -0.001298733 0.040196258 0.989680819 -0.137529816
1317401232.484268904 314.528723667 145.422563995 -1.629776353 -0.002064412 0.039510890 0.989272417 -0.140622592
1317401232.588212967 314.052888094 145.287377488 -1.618197958 -0.002790656 0.040650996 0.988795440 -0.143608102
1317401232.692181110 313.577048678 145.152171458 -1.605743597 -0.002837671 0.042281682 0.988338376 -0.146258204
1317401232.796147108 313.082541728 144.999275329 -1.597489304 -0.003087928 0.043100211 0.987954606 -0.148588470
1317401232.900114059 312.574892149 144.839379877 -1.579602711 -0.002919862 0.042296160 0.987740584 -0.150236640
1317401233.004080057 312.052294114 144.680479218 -1.578616343 -0.000958557 0.040185751 0.987676390 -0.151259827
1317401233.108046055 311.517979058 144.502523520 -1.566184734 0.001529847 0.038450712 0.987687293 -0.151634474
1317401233.212017059 310.982039211 144.330868017 -1.571251193 0.003578665 0.037288450 0.987712421 -0.151726524
1317401233.315983057 310.422926483 144.156764748 -1.561736956 0.003799240 0.036567022 0.987820209 -0.151194090
1317401233.419972897 309.834278384 143.967210752 -1.546175036 0.002555363 0.034704420 0.988032429 -0.150269730
1317401233.523962021 309.246125290 143.781480126 -1.538662303 -0.000706162 0.032425797 0.988328498 -0.148845051
1317401233.627926111 308.635588651 143.587142745 -1.526060123 -0.005150461 0.029709672 0.988645819 -0.147208198
1317401233.731918097 308.023053523 143.397962143 -1.505722249 -0.007116470 0.027266196 0.989000068 -0.145205975
1317401233.835933924 307.391981698 143.197812940 -1.494885422 -0.005946194 0.024156818 0.989451633 -0.142711448
1317401233.939949036 306.751173443 143.010878147 -1.512585349 -0.003855866 0.022563383 0.989979419 -0.139344094
1317401234.043986082 306.111067298 142.808373023 -1.504205054 -0.001260987 0.022187060 0.990591406 -0.135036327
1317401234.148072004 305.426589628 142.633827862 -1.505860837 0.001061815 0.023249806 0.991333309 -0.129292648
1317401234.252182961 304.747499885 142.464776652 -1.499435388 0.002724062 0.022867990 0.992215253 -0.122386791
1317401234.356295109 304.052047179 142.266631415 -1.496433930 0.003499741 0.023255294 0.993100580 -0.114883339
1317401234.460406065 303.317741066 142.104903985 -1.482476401 0.003404813 0.023214296 0.994044901 -0.106415403
1317401234.564515114 302.607433814 141.947988499 -1.473804593 0.001796379 0.024429173 0.994948287 -0.097354481
1317401234.668648958 301.865840481 141.812116593 -1.453286050 -0.000472639 0.023944787 0.995877717 -0.087487123
1317401234.772785902 301.126072958 141.663860872 -1.453029758 -0.003449443 0.023340508 0.996735996 -0.077205416
1317401234.876897097 300.365705602 141.541561078 -1.441253753 -0.005005733 0.023655576 0.997434631 -0.067375909
1317401234.980982065 299.596253152 141.439584976 -1.437266005 -0.004049656 0.025396556 0.998038524 -0.057076432
1317401235.084997892 298.820337165 141.333351565 -1.416974390 -0.000348456 0.026936486 0.998466815 -0.048356217
1317401235.188941002 298.018331905 141.256405444 -1.417894166 0.002690102 0.028751651 0.998745134 -0.040917767
1317401235.292834997 297.216504309 141.177949598 -1.425508681 0.003108270 0.031094938 0.998858258 -0.036133405
1317401235.396657944 296.387354006 141.098534850 -1.423967651 0.001511891 0.034599186 0.998821190 -0.034012350
1317401235.500410080 295.557444229 141.029898149 -1.401600801 0.000427864 0.037934589 0.998702408 -0.033974772
1317401235.604134083 294.729382547 140.983376881 -1.386745792 -0.000994574 0.039593053 0.998614760 -0.034640474
1317401235.707860947 293.927072327 140.917995729 -1.390330190 -0.003352096 0.040400052 0.998503730 -0.036700150
1317401235.811567068 293.102644199 140.853191051 -1.377155579 -0.006024466 0.041477243 0.998331658 -0.039714546
1317401235.915245056 292.248392093 140.768372848 -1.374139514 -0.006720390 0.044120900 0.998056956 -0.043479820
1317401236.018945932 291.402745943 140.706463409 -1.360986744 -0.005144120 0.045633825 0.997821492 -0.047364147
1317401236.122672081 290.529856172 140.652717651 -1.362758193 -0.002908075 0.048089413 0.997519656 -0.051317515
1317401236.226422071 289.650727460 140.535807432 -1.356041817 -0.001092677 0.047384612 0.997295359 -0.056173592
1317401236.330199003 288.780124593 140.431084988 -1.360033812 -0.000065469 0.046105324 0.997097542 -0.060587017
1317401236.433991909 287.887557760 140.324099828 -1.345378014 -0.000423134 0.045629026 0.996840822 -0.065009139
1317401236.537817001 286.978644122 140.184783847 -1.347111303 -0.002161264 0.046528203 0.996508253 -0.069294713
1317401236.641647100 286.073892461 140.062354236 -1.338987729 -0.002989170 0.045623285 0.996284234 -0.072988393
1317401236.745467901 285.098842724 139.892818547 -1.311141064 -0.002594804 0.043705100 0.996098401 -0.076623147
1317401236.849288940 284.187352807 139.761940835 -1.321117510 -0.002836680 0.043633537 0.995829638 -0.080071218
1317401236.953136921 283.274232548 139.612001877 -1.302309968 -0.003577301 0.042969685 0.995585690 -0.083366316
1317401237.057007074 282.357373073 139.448893457 -1.283563770 -0.004706976 0.042932794 0.995373076 -0.085831579
1317401237.160847902 281.431465490 139.289527018 -1.289907332 -0.005826688 0.042353647 0.995239560 -0.087581028
1317401237.264693022 280.510100173 139.120613638 -1.256545077 -0.004972993 0.043891110 0.995063125 -0.088871917
1317401237.368570089 279.584325186 138.953041716 -1.259115723 -0.003083348 0.041767466 0.995045896 -0.090164498
1317401237.472466946 278.686357717 138.787994345 -1.243571272 -0.002676002 0.041960965 0.994955567 -0.091079834
1317401237.576384068 277.767762180 138.613124634 -1.247486263 -0.004337432 0.041607496 0.994923516 -0.091527045
1317401237.680326939 276.852247796 138.442193698 -1.231178029 -0.005363325 0.041773022 0.994919049 -0.091445809
1317401237.784270048 275.961214039 138.279178023 -1.220510356 -0.005638492 0.043943850 0.994871394 -0.090928843
1317401237.888187885 275.042254955 138.105705465 -1.203124727 -0.004543873 0.046311261 0.994768603 -0.090939799
1317401237.992084026 274.146062751 137.942543766 -1.187457749 -0.003312079 0.047106889 0.994766455 -0.090607234
1317401238.095978975 273.265969058 137.784455914 -1.175642365 -0.003850990 0.048653524 0.994722354 -0.090252106
1317401238.199898005 272.366834243 137.616121165 -1.161652255 -0.006998404 0.047719691 0.994750641 -0.090249745
1317401238.303838015 271.466588855 137.444773568 -1.159889787 -0.010958095 0.045330055 0.994844187 -0.090056373
1317401238.407803059 270.587880986 137.281404897 -1.159511408 -0.014319218 0.043391494 0.994995529 -0.088859635
1317401238.511770010 269.694504694 137.113527186 -1.156667911 -0.014875766 0.042470481 0.995138358 -0.087604894
1317401238.615739107 268.823524553 136.940885137 -1.155095478 -0.011984865 0.044121699 0.995238682 -0.086079055
1317401238.719708920 267.953741657 136.790473078 -1.150890112 -0.008342063 0.044575543 0.995328034 -0.085238114
1317401238.823652029 267.120379269 136.652479799 -1.159169141 -0.006650231 0.044474054 0.995398964 -0.084609315
1317401238.927593946 266.274159251 136.491933288 -1.157454706 -0.007072815 0.046109217 0.995320911 -0.084617968
1317401239.031534910 265.438282609 136.352631062 -1.148253266 -0.007369084 0.047317102 0.995225384 -0.085048357
1317401239.135454893 264.617578590 136.209156284 -1.135237351 -0.006916648 0.046018987 0.995296876 -0.084961995
1317401239.239372969 263.805955763 136.076873856 -1.134343967 -0.007196429 0.049042723 0.995158166 -0.084871942
1317401239.343291044 263.018546176 135.925430182 -1.117237833 -0.008944525 0.049511785 0.995074222 -0.085415868
1317401239.447211027 262.242447429 135.786996234 -1.114033042 -0.011319944 0.049983882 0.994959767 -0.086188938
1317401239.551130056 261.512249748 135.664876987 -1.110241817 -0.012571811 0.048074095 0.994992115 -0.086726707
1317401239.655048847 260.783178753 135.537153125 -1.104028173 -0.012086331 0.049728963 0.994862869 -0.087343127
1317401239.758991957 260.070286961 135.403906783 -1.089414463 -0.009813952 0.050117993 0.994819331 -0.087899778
1317401239.862956047 259.411914181 135.291636776 -1.090826530 -0.007524121 0.050590634 0.994820499 -0.087841617
1317401239.966923952 258.751635680 135.168716219 -1.084055798 -0.006505118 0.049225036 0.994849318 -0.088370882
1317401240.070867062 258.111065819 135.059336229 -1.084231293 -0.007014117 0.049371891 0.994752263 -0.089337306
1317401240.174808025 257.532603231 134.947276480 -1.072943815 -0.008560669 0.049321861 0.994607464 -0.090829848
1317401240.278752089 256.957298102 134.849648066 -1.064344016 -0.009931932 0.049415876 0.994352286 -0.093396785
1317401240.382671118 256.441605339 134.747201660 -1.050884016 -0.010378710 0.048928633 0.994129366 -0.095943077
1317401240.486613035 255.927179733 134.652911225 -1.043447103 -0.010575042 0.047725959 0.993932903 -0.098528101
1317401240.590579033 255.440643504 134.542410869 -1.040746757 -0.010740556 0.046866905 0.993674525 -0.101484347
1317401240.694545984 255.013790923 134.453927899 -1.035921902 -0.010553120 0.046697804 0.993385295 -0.104372418
1317401240.798511982 254.567880733 134.355591877 -1.026621242 -0.009740669 0.047001996 0.993044935 -0.107506695
1317401240.902503014 254.134435080 134.263503989 -1.024791223 -0.009084488 0.046489152 0.992703349 -0.110888644
1317401241.006493092 253.733438132 134.158903433 -1.023610588 -0.008893866 0.045706226 0.992310226 -0.114683279
1317401241.110483885 253.368162712 134.054433990 -1.016618931 -0.008770583 0.044420177 0.991868770 -0.118938088
1317401241.214476109 253.044995757 133.975468426 -1.012142511 -0.008161513 0.044383245 0.991322070 -0.123466881
1317401241.318466902 252.697213585 133.884663796 -1.006019213 -0.007223785 0.044437210 0.990719903 -0.128246732
1317401241.422458887 252.360256050 133.784550622 -1.001725629 -0.006060200 0.044022513 0.990009623 -0.133814198
1317401241.526426077 252.027317669 133.699416924 -0.994908707 -0.004632507 0.042908246 0.989330416 -0.139150098
1317401241.630367994 251.744319277 133.606037263 -0.991665399 -0.002732821 0.042304982 0.988495743 -0.145186040
1317401241.734309912 251.415601809 133.502010183 -0.985163772 -0.001016063 0.041588390 0.987527604 -0.151850599
1317401241.838253021 251.149769148 133.424430943 -0.985876164 -0.000119873 0.041083436 0.986537662 -0.158289537
1317401241.942174911 250.898142851 133.312466376 -0.982031509 0.000168820 0.040610961 0.985288154 -0.166005949
1317401242.046070099 250.622025999 133.207315221 -0.978299764 0.000248055 0.040198473 0.983896522 -0.174159856
1317401242.149920940 250.353234583 133.123169695 -0.975317837 0.000208633 0.040235011 0.982227528 -0.183330805
1317401242.253742933 250.087676970 133.025579229 -0.966480830 -0.000157294 0.040211446 0.980194000 -0.193914253
1317401242.357558966 249.817942753 132.866738146 -0.952270613 -0.000711126 0.038978143 0.977631686 -0.206679668
1317401242.461358070 249.603841287 132.808220069 -0.943639213 -0.001604998 0.036857768 0.975105359 -0.218651477
1317401242.565135002 249.397052644 132.682538085 -0.932326898 -0.002175752 0.034086624 0.972038538 -0.232324016
1317401242.668932915 249.164063748 132.565053227 -0.925044659 -0.003140313 0.032292827 0.968856361 -0.245488620
1317401242.772751093 248.962237294 132.447419455 -0.911975139 -0.003945463 0.031522009 0.965399494 -0.258833176
1317401242.876550913 248.736213306 132.332015568 -0.898505690 -0.004335346 0.030476056 0.961615215 -0.272669383
1317401242.980328083 248.535103991 132.181787270 -0.895459966 -0.004092182 0.030026392 0.957427690 -0.287078193
1317401243.084103107 248.344178600 132.061361323 -0.883727675 -0.003306783 0.030116735 0.953020055 -0.301388159
1317401243.187850952 248.149086292 131.921257528 -0.880459401 -0.002405559 0.029944802 0.948204831 -0.316235861
1317401243.291578770 247.946983925 131.780051552 -0.869367286 -0.000906928 0.029094416 0.943017047 -0.331468764
1317401243.395304918 247.731753487 131.589384104 -0.872878352 0.000755196 0.028194423 0.937197492 -0.347656964
1317401243.499054909 247.512608555 131.384797227 -0.863290916 0.002060574 0.027581480 0.930989277 -0.363997228
1317401243.602804899 247.292752621 131.205974869 -0.862680582 0.003321325 0.028617319 0.924295207 -0.380589528
1317401243.706510067 247.088962660 130.984713612 -0.843940550 0.004485208 0.029662762 0.916694891 -0.398460136
1317401243.810214043 246.870757636 130.744226497 -0.844626396 0.005289244 0.030691291 0.908772493 -0.416128135
1317401243.913943052 246.642449719 130.491231192 -0.819431887 0.005255388 0.031404224 0.900282821 -0.434139375
1317401244.017669916 246.438308262 130.216496738 -0.817307907 0.005878833 0.032361579 0.891405192 -0.452012113
1317401244.121395111 246.211606318 129.942128156 -0.794378562 0.006480211 0.032174516 0.881816527 -0.470449168
1317401244.225120068 246.021890020 129.609451336 -0.789518579 0.007676826 0.030778917 0.871932218 -0.488597925
1317401244.328846931 245.825573475 129.261081869 -0.774977684 -0.007762943 -0.029462915 -0.861333137 0.507126119
1317401244.432573080 245.630661165 128.914753735 -0.759851478 -0.006989589 -0.029164759 -0.850604277 0.524950404
1317401244.536324978 245.448274452 128.528466432 -0.726813945 -0.006223397 -0.029542967 -0.839692352 0.542222498
1317401244.640125036 245.257516152 128.127263411 -0.704202892 -0.005660246 -0.029423941 -0.828473982 0.559225405
1317401244.743949890 245.100629624 127.725540885 -0.685671790 -0.005030009 -0.028837420 -0.817608933 0.575029333
1317401244.847820044 244.931459405 127.293842834 -0.665577523 -0.003777010 -0.028792405 -0.807213489 0.589544837
1317401244.951784849 244.804675619 126.846713850 -0.641133254 -0.003038493 -0.028947904 -0.797793074 0.602228359
1317401245.055799007 244.657188021 126.304300797 -0.612450799 -0.002844693 -0.028916370 -0.789480999 0.613086865
1317401245.159862995 244.528730827 125.806696290 -0.590096932 -0.002911739 -0.028844923 -0.782542194 0.621922187
1317401245.263976097 244.402176497 125.255305614 -0.567578579 -0.002366026 -0.029368485 -0.776537814 0.629381377
1317401245.368108988 244.283061390 124.663969238 -0.546663544 -0.000858451 -0.031272268 -0.771187514 0.635838916
1317401245.472218037 244.149007317 124.059609609 -0.518402031 0.001653019 -0.033666422 -0.765150797 0.642968193
1317401245.576256990 244.024203577 123.448557252 -0.483325828 0.004340167 -0.034872419 -0.758690955 0.650502200
1317401245.680273056 243.933269534 122.782166737 -0.448539279 0.007499404 -0.035561546 -0.751156996 0.659122373
1317401245.784261942 243.841877895 122.131326381 -0.414489102 0.010605747 -0.035674399 -0.742669894 0.668622676
1317401245.888205051 243.783793622 121.505602232 -0.377673239 0.013538490 -0.035544864 -0.733299114 0.678841426
1317401245.992147923 243.728496270 120.855956670 -0.345952761 0.015495185 -0.034862833 -0.723569910 0.689195957
1317401246.096115112 243.706724599 120.225202347 -0.315891519 0.016786866 -0.034530590 -0.713739998 0.699357602
1317401246.200081110 243.678913630 119.611398318 -0.284543020 0.017169616 -0.033734759 -0.703760770 0.709427902
1317401246.304047108 243.703084601 119.024123478 -0.260533782 0.016661699 -0.033509584 -0.694325886 0.718687039
1317401246.408037901 243.742568463 118.452920104 -0.229159781 0.014926394 -0.033457891 -0.684952991 0.727665563
1317401246.512053013 243.823161135 117.857331625 -0.208192364 0.012827737 -0.033724420 -0.676257628 0.735781036
1317401246.616092920 243.887622822 117.326779552 -0.184624753 0.010926752 -0.033904656 -0.668365234 0.742979807
1317401246.720202923 243.963548641 116.759305273 -0.157075099 0.008815342 -0.033688620 -0.662052610 0.748647920
1317401246.824362040 244.036491928 116.182845889 -0.134018575 0.006841935 -0.032752922 -0.656880916 0.753251549
1317401246.928544044 244.089686500 115.570206422 -0.105683669 0.005195183 -0.031378283 -0.652517599 0.757105803
1317401247.032752037 244.198249635 115.023426291 -0.079482170 0.004544464 -0.030731036 -0.649376548 0.759832252
1317401247.136910915 244.273611822 114.450982299 -0.047754150 0.004908719 -0.029919488 -0.646076984 0.762669823
1317401247.241043091 244.386536165 113.882235314 -0.016077849 0.005390379 -0.029228764 -0.642759434 0.765491302
1317401247.345156908 244.497617339 113.310098749 0.015248859 0.005726999 -0.028953585 -0.639454816 0.768261954
1317401247.449245930 244.603200570 112.757375758 0.047290061 0.005290836 -0.029119621 -0.636163989 0.770986014
1317401247.553353071 244.709598480 112.156067964 0.076312232 0.004197796 -0.029273319 -0.633186685 0.773433949
1317401247.657464027 244.813261268 111.529812968 0.105522033 0.003107281 -0.029598773 -0.630755988 0.775410305
1317401247.761574984 244.949289489 110.946995593 0.133692683 0.002196568 -0.030060811 -0.629294918 0.776581888
1317401247.865663052 245.079325051 110.343531689 0.160828118 0.001894006 -0.030598547 -0.627937908 0.777659389
1317401247.969748974 245.215167602 109.711846108 0.192543496 0.002256873 -0.030846070 -0.626801686 0.778564752
1317401248.073832989 245.346870473 109.056043212 0.227008715 0.002677771 -0.030681329 -0.625512151 0.779606333
1317401248.177896023 245.511169195 108.412959345 0.261936424 0.002566279 -0.029940126 -0.624338494 0.780575716
1317401248.281938076 245.647727126 107.752966540 0.298911032 0.002602697 -0.029545411 -0.622823971 0.781799588
1317401248.385952950 245.803047566 107.065674568 0.333496107 0.002705901 -0.029261141 -0.621387739 0.782951941
1317401248.489964962 245.963412247 106.374979795 0.369209691 0.002259991 -0.028987653 -0.619949765 0.784102606
1317401248.593981028 246.146058534 105.672177411 0.401476822 0.001774725 -0.029104794 -0.618636502 0.785136065
1317401248.697995663 246.317061000 104.952635907 0.439849167 0.001034399 -0.029197923 -0.617248182 0.786225854
1317401248.802010059 246.502188224 104.222862257 0.479216198 -0.000725670 -0.029456973 -0.616330483 0.786936145
1317401248.906049013 246.680628899 103.482293227 0.519650350 -0.003152872 -0.030200250 -0.616074594 0.787102344
1317401249.010087013 246.893822939 102.737182947 0.557899658 -0.004485094 -0.030729899 -0.616221957 0.786960010
1317401249.114125967 247.080707017 101.963910003 0.594317847 -0.004406555 -0.030567196 -0.616323880 0.786886970
1317401249.218163967 247.279172016 101.130594801 0.643797288 -0.003523939 -0.029515402 -0.616586340 0.786725942
1317401249.322155952 247.480086206 100.340684258 0.687570974 -0.002756895 -0.028906401 -0.616434408 0.786870663
1317401249.426121950 247.692816721 99.532393637 0.743163407 -0.002961086 -0.029524693 -0.615857587 0.787298519
1317401249.530090094 247.889575819 98.704832998 0.788682939 -0.003391817 -0.030209463 -0.614462731 0.788359966
1317401249.634057045 248.111426780 97.850735791 0.834358179 -0.002702115 -0.029945563 -0.613048775 0.789472711
1317401249.738023281 248.322092351 97.028296039 0.873875501 -0.001016666 -0.028694514 -0.611462408 0.790752373
1317401249.841967106 248.565426910 96.153919924 0.933148355 0.000203174 -0.028227280 -0.609452119 0.792320196
1317401249.945884943 248.800639130 95.255818035 0.985562765 0.001091127 -0.028935130 -0.607372499 0.793889296
1317401250.049802065 249.035496896 94.384101356 1.033889852 0.000578652 -0.029897412 -0.604730314 0.795868744
1317401250.153744936 249.281444426 93.514421333 1.081845605 -0.000564396 -0.031380559 -0.602877764 0.797215995
1317401250.257711887 249.545815199 92.583946565 1.133261381 -0.002792902 -0.031596006 -0.601450445 0.798280186
1317401250.361702919 249.816519330 91.668583878 1.185656843 -0.005728286 -0.030292395 -0.600889455 0.798737391
1317401250.465694904 250.096124303 90.743965366 1.229017994 -0.007399623 -0.028010302 -0.600823060 0.798856882
1317401250.569684982 250.384604711 89.791051844 1.297060062 -0.008904460 -0.026187010 -0.601091813 0.798701185
1317401250.673697948 250.659484195 88.842232996 1.354567198 -0.010772690 -0.025284084 -0.601440686 0.798444591
1317401250.777714014 250.950622564 87.878507380 1.418979339 -0.012487011 -0.024529533 -0.601962233 0.798050028
1317401250.881728649 251.239375985 86.898734236 1.473952395 -0.013825438 -0.022222323 -0.602716743 0.797525895
1317401250.985765934 251.520373186 85.915265346 1.525985224 -0.013755540 -0.018502492 -0.603786107 0.796812889
1317401251.089806080 251.794720299 84.933431691 1.587170634 -0.013071105 -0.016607551 -0.605232128 0.795768438
1317401251.193845987 252.087364325 83.941448183 1.655941362 -0.013787616 -0.015989021 -0.607542826 0.794006277
1317401251.297908068 252.354934648 82.940056162 1.707515182 -0.015177438 -0.016610519 -0.610485498 0.791707769
1317401251.401993990 252.622435026 81.946240002 1.756718074 -0.016133427 -0.017115011 -0.614136091 0.788849574
1317401251.506104946 252.873832884 80.919561719 1.814466003 -0.015598586 -0.016695700 -0.618678480 0.785311961
1317401251.610215902 253.120733756 79.919635937 1.871623412 -0.015150565 -0.015036408 -0.624040378 0.781100489
1317401251.714303017 253.357636012 78.890626417 1.919507073 -0.013484189 -0.014153238 -0.629833998 0.776483739
1317401251.818366051 253.587682091 77.853121967 1.988500375 -0.012869682 -0.014556718 -0.635109480 0.772177714
1317401251.922415972 253.802264388 76.815677586 2.043544440 -0.013562137 -0.015615366 -0.640362477 0.767794326
1317401252.026407957 254.011019106 75.778864251 2.092445608 -0.014009276 -0.017158674 -0.644901217 0.763944855
1317401252.130364895 254.187428152 74.742685353 2.144563076 -0.012809145 -0.018241918 -0.648943903 0.760509677
1317401252.234282017 254.365152488 73.672278014 2.201821306 -0.011187782 -0.019101810 -0.652273554 0.757660323
1317401252.338151932 254.539962438 72.595749164 2.270752711 -0.009691857 -0.020476931 -0.654695846 0.755552852
1317401252.441998005 254.700927194 71.553359239 2.327885744 -0.008796282 -0.021675743 -0.656183864 0.754238374
1317401252.545821905 254.863501711 70.474540571 2.383862476 -0.007766297 -0.022238907 -0.656722969 0.753763927
1317401252.649620056 255.019585945 69.402500299 2.438975145 -0.006593941 -0.022032553 -0.656497270 0.753977733
1317401252.753418922 255.178456281 68.334777243 2.497870624 -0.005524246 -0.022337985 -0.655530207 0.754818286
1317401252.857218027 255.335062951 67.271005956 2.563950853 -0.004846082 -0.023313699 -0.654597023 0.755602888
1317401252.960993052 255.491525254 66.180931582 2.616750015 -0.004473062 -0.024093428 -0.653311288 0.756692711
1317401253.064769983 255.661498430 65.091882045 2.667678592 -0.003484067 -0.024382954 -0.652057318 0.757769482
1317401253.168542862 255.839526612 63.957698613 2.728554196 -0.002702421 -0.025097460 -0.650517355 0.759071792
1317401253.272291899 256.007073017 62.876674144 2.794682308 -0.002721593 -0.025799857 -0.649050269 0.760303037
1317401253.376066923 256.193225276 61.750295374 2.847053308 -0.002309658 -0.025507676 -0.647709579 0.761456713
1317401253.479866028 256.370649147 60.638568890 2.901152530 -0.000706767 -0.023790564 -0.646878134 0.762221877
1317401253.583666086 256.558647570 59.515303191 2.954422032 0.000516710 -0.022514638 -0.646260877 0.762784179
1317401253.687465906 256.742801718 58.393469619 3.014080917 0.001174283 -0.022925811 -0.646071637 0.762931496
1317401253.791239977 256.946292594 57.235162946 3.065457500 0.000734913 -0.023755896 -0.645834861 0.763107102
1317401253.895037889 257.141823526 56.087169326 3.115398580 -0.000250837 -0.024127442 -0.645854628 0.763079028
1317401253.998861074 257.335644394 54.928598089 3.165617016 -0.001250735 -0.023763385 -0.645888896 0.763060464
1317401254.102663994 257.539671148 53.771450310 3.219768426 -0.002866566 -0.023023814 -0.645777320 0.763173205
1317401254.206461906 257.745940243 52.597974618 3.277663670 -0.003505515 -0.022168606 -0.645823636 0.763156665
1317401254.310254097 257.958964438 51.435234629 3.329730361 -0.004108919 -0.020498478 -0.645756156 0.763257438
1317401254.414052963 258.165370449 50.211165497 3.386985424 -0.003921812 -0.019480663 -0.645872071 0.763186996
1317401254.517875910 258.361502125 49.058242540 3.438509131 -0.003644980 -0.019761947 -0.645920006 0.763140567
1317401254.621675968 258.566465470 47.870488413 3.496759129 -0.003489959 -0.021383757 -0.645828043 0.763175402
1317401254.725450039 258.779364752 46.654045385 3.550907393 -0.003996832 -0.023000873 -0.645598341 0.763320226
1317401254.829251051 258.984313769 45.457610166 3.612569066 -0.004399208 -0.024218382 -0.645397960 0.763449796
1317401254.933073997 259.196118901 44.229507309 3.676752799 -0.003042586 -0.024753823 -0.645227946 0.763582928
1317401255.036895990 259.401162149 43.015899569 3.730372958 -0.001897649 -0.023743685 -0.645226649 0.763619806
1317401255.140717030 259.611211791 41.800441949 3.791255576 -0.000407072 -0.024034636 -0.644980040 0.763821261
1317401255.244539022 259.818110036 40.573865022 3.857701813 0.000707668 -0.025084796 -0.644816120 0.763925666
1317401255.348362923 260.026192139 39.340805290 3.917236943 0.000169244 -0.025560965 -0.644680734 0.764024450
1317401255.452187061 260.253452603 38.099210473 3.978075620 -0.001664726 -0.025952852 -0.644538219 0.764129677
1317401255.556010962 260.472132730 36.868543126 4.045769431 -0.003904125 -0.025577286 -0.644385033 0.764263364
1317401255.659833908 260.699905177 35.634313661 4.106882257 -0.004440107 -0.023978609 -0.644281057 0.764399916
1317401255.763655901 260.937143366 34.383769365 4.167213490 -0.004827744 -0.022469035 -0.644179995 0.764528593
1317401255.867478132 261.138050406 33.153874983 4.240374036 -0.003805731 -0.021919852 -0.644211324 0.764523908
1317401255.971302032 261.370856131 31.878685598 4.293532074 -0.002571010 -0.022266541 -0.643639387 0.765000608
1317401256.075098991 261.608230018 30.621923649 4.379094254 -0.002107329 -0.022802174 -0.643078281 0.765457997
1317401256.178899050 261.818787688 29.374972045 4.429581045 -0.002346155 -0.022515889 -0.642618559 0.765851760
1317401256.282720089 262.040846899 28.119043331 4.480111452 -0.003541350 -0.021543471 -0.642219697 0.766209631
1317401256.386542082 262.274305161 26.875279270 4.551572815 -0.004935146 -0.020624185 -0.641846677 0.766539713
1317401256.490340948 262.519238810 25.629499268 4.606662130 -0.005272991 -0.020063075 -0.641480962 0.766858425
1317401256.594139099 262.749894584 24.363153348 4.673222115 -0.004303277 -0.019309704 -0.641104242 0.767198780
1317401256.697915077 262.976354288 23.126623864 4.735234096 -0.002138704 -0.019074470 -0.640474147 0.767739837
1317401256.801666021 263.193885276 21.880279761 4.794713970 -0.000045690 -0.018938645 -0.639911821 0.768214935
1317401256.905415058 263.442758609 20.604164533 4.852284513 0.001379146 -0.018975069 -0.639231666 0.768778851
1317401257.009169102 263.669262040 19.373713728 4.907045546 0.001214891 -0.019318959 -0.638655472 0.769249303
1317401257.112921953 263.909575079 18.144937010 4.966079893 0.000643542 -0.020053290 -0.638090617 0.769699822
1317401257.216670036 264.149018220 16.899378513 5.018780129 -0.000041225 -0.019529752 -0.637574841 0.770140837
1317401257.320417881 264.383164976 15.654052287 5.068494446 0.000261578 -0.018722127 -0.637213718 0.770459662
1317401257.424170971 264.628515015 14.428261419 5.121638575 0.001423506 -0.017951205 -0.636645229 0.770946548
1317401257.527921915 264.869549156 13.225010392 5.171198854 0.002418596 -0.018023098 -0.636115841 0.771379255
1317401257.631648064 265.105502629 11.973305964 5.226027168 0.002312821 -0.018353459 -0.635557354 0.771832010
1317401257.735421896 265.346668318 10.756314759 5.277260182 0.001411597 -0.019028976 -0.635062920 0.772224704
1317401257.839220047 265.596739909 9.536291142 5.328705791 -0.000022684 -0.018927686 -0.634568763 0.772634601
1317401257.943043947 265.841075349 8.329879496 5.377374858 -0.000542441 -0.017876913 -0.634567012 0.772660876
1317401258.046891928 266.090442684 7.102013377 5.422244884 0.000171904 -0.016433676 -0.634788401 0.772511224
1317401258.150713205 266.340088974 5.866131955 5.473978476 0.001438362 -0.016174772 -0.635328148 0.772071533
1317401258.254535913 266.575259427 4.666065477 5.522240093 0.002427619 -0.017128640 -0.635358344 0.772023634
1317401258.358335018 266.824506860 3.455546530 5.569779473 0.002678540 -0.018341146 -0.635218063 0.772110380
1317401258.462133646 267.071644654 2.189429229 5.621815921 0.001413470 -0.018971496 -0.635212600 0.772102997
1317401258.565958261 267.312622610 1.021069809 5.676419377 0.000284184 -0.019314120 -0.635368956 0.771967081
1317401258.669756889 267.556596309 -0.183236669 5.711947890 -0.000103975 -0.018076093 -0.635633518 0.771779291
1317401258.773554087 267.792517906 -1.372417138 5.765630964 -0.000314315 -0.017505775 -0.635127983 0.772208453
1317401258.877352953 268.049963471 -2.580321487 5.823495700 -0.000075813 -0.017915858 -0.635141612 0.772187898
1317401258.981127977 268.284256537 -3.780755106 5.875132840 0.000922439 -0.018089405 -0.634246556 0.772918643
1317401259.084902048 268.522062717 -4.952384921 5.911602334 0.000893513 -0.018040268 -0.634238537 0.772926406
1317401259.188677073 268.762822404 -6.153808757 5.978424461 0.000243057 -0.020038686 -0.633727405 0.773296818
1317401259.292475939 269.009239025 -7.340355974 6.027787668 -0.001401547 -0.021549377 -0.633605869 0.773354552
1317401259.396297932 269.250863075 -8.499048362 6.082744888 -0.001913608 -0.021590887 -0.633574099 0.773378324
1317401259.500097036 269.503087761 -9.690427197 6.133555998 -0.001270853 -0.020915310 -0.633230757 0.773679354
1317401259.603897095 269.737562074 -10.842491818 6.188182380 0.000001307 -0.020234157 -0.633162236 0.773754588
1317401259.707695007 269.985532319 -12.054664023 6.246811242 0.001303666 -0.020029761 -0.632367471 0.774408478
1317401259.811492920 270.226431644 -13.193412290 6.299931412 0.001965399 -0.020597870 -0.632273784 0.774468674
1317401259.915316105 270.462614351 -14.367392442 6.357608473 0.001300561 -0.020956808 -0.631891023 0.774772777
1317401260.019115925 270.697553982 -15.499450631 6.406255800 0.000564139 -0.021366595 -0.631903248 0.774752500
1317401260.122915030 270.938204189 -16.666229952 6.466807887 -0.000313625 -0.020435773 -0.631591502 0.775031906
1317401260.226736069 271.184351963 -17.789118864 6.509571153 -0.000333338 -0.019661751 -0.631783683 0.774895272
1317401260.330534935 271.421709811 -18.938418443 6.565724300 0.000328060 -0.018892381 -0.631638391 0.775032847
1317401260.434335947 271.659712965 -20.077170082 6.617450946 0.001236407 -0.019108846 -0.631386742 0.775231646
1317401260.538134098 271.890526226 -21.207458684 6.669499575 0.001363890 -0.019015357 -0.631052282 0.775506011
1317401260.641907930 272.137880862 -22.329944444 6.717815888 0.001346559 -0.018922097 -0.630923449 0.775613140
1317401260.745707989 272.357548153 -23.459278830 6.766844984 0.001535138 -0.019117145 -0.630639108 0.775839219
1317401260.849505901 272.609413075 -24.558279104 6.814536210 0.000672362 -0.019337134 -0.630719946 0.775769278
1317401260.953305960 272.835501430 -25.659664176 6.862434567 0.000690677 -0.019462100 -0.630555335 0.775899941
1317401261.057104111 273.077385050 -26.758876399 6.910095539 0.000912944 -0.019344365 -0.630238916 0.776159694
1317401261.160902262 273.315301197 -27.830923927 6.959571000 0.001675013 -0.019260517 -0.630193492 0.776197390
1317401261.264723063 273.533256400 -28.887274708 7.015114372 0.002144696 -0.018763249 -0.630056974 0.776319232
1317401261.368545055 273.750415424 -29.927261295 7.061934659 0.002550436 -0.018023238 -0.629933349 0.776435853
1317401261.472371101 273.982135187 -30.955332865 7.107301291 0.002864679 -0.017372650 -0.629662132 0.776669546
1317401261.576193094 274.202990718 -31.941534500 7.152014248 0.002891602 -0.016859737 -0.629616695 0.776717584
1317401261.680015087 274.415066717 -32.914570754 7.196408845 0.001686837 -0.016362558 -0.629562928 0.776775348
1317401261.783838034 274.617810255 -33.884250464 7.239775811 0.001781816 -0.016090663 -0.629496428 0.776834708
1317401261.887659073 274.827125819 -34.832239985 7.280723347 0.002844450 -0.015075182 -0.629270343 0.777035059
1317401261.991485119 275.031902205 -35.767442918 7.303317412 0.004329121 -0.013712963 -0.629307771 0.777023128
1317401262.095308065 275.211172225 -36.676464335 7.356069243 0.004933280 -0.014392525 -0.629221829 0.777076835
1317401262.199131250 275.423977431 -37.584255759 7.377566272 0.002392135 -0.016643637 -0.629017936 0.777208919
1317401262.302978992 275.607199562 -38.445914337 7.407110820 -0.000002412 -0.019239605 -0.629833259 0.776492050
1317401262.406850100 275.784938199 -39.327496113 7.449630017 0.001135161 -0.021019038 -0.630760579 0.775691951
1317401262.510746002 275.994090453 -40.210999888 7.491539381 0.002321085 -0.019241326 -0.631821896 0.774871264
1317401262.614662886 276.156018824 -41.061960527 7.515770370 0.003338675 -0.017824150 -0.633470854 0.773554026
1317401262.718580008 276.344490650 -41.879326565 7.560675366 0.005521772 -0.018504600 -0.634754425 0.772472595
1317401262.822521925 276.492128325 -42.708526902 7.603505285 0.007578713 -0.019074129 -0.635904627 0.771494683
1317401262.926487923 276.641943980 -43.481909543 7.636181801 0.008973335 -0.018487789 -0.637634046 0.770065260
1317401263.030431032 276.805860786 -44.270005438 7.662184429 0.010092791 -0.017554681 -0.638989736 0.768948689
1317401263.134351015 276.943795352 -45.001640192 7.699257250 0.010558408 -0.016700085 -0.640416592 0.767773545
1317401263.238292933 277.071956535 -45.735986032 7.701893063 0.011123471 -0.016768255 -0.641694304 0.766696495
1317401263.342236042 277.212130004 -46.438761924 7.741609934 0.011918083 -0.017644638 -0.642837895 0.765706254
1317401263.446192980 277.328126123 -47.125224184 7.757789641 0.012517516 -0.019813362 -0.643854828 0.764788666
1317401263.550159931 277.439358093 -47.776818098 7.790687633 0.013188496 -0.022106845 -0.645159942 0.763613776
1317401263.654109955 277.541518941 -48.422102506 7.806130646 0.013658592 -0.023762957 -0.646051411 0.762801638
1317401263.758076906 277.651900221 -49.040292805 7.835761568 0.013240246 -0.024486111 -0.647042323 0.761945771
1317401263.862044811 277.748668053 -49.647497578 7.851934812 0.012960656 -0.024737782 -0.648065367 0.761072496
1317401263.966012955 277.839461726 -50.218613895 7.882075177 0.012742063 -0.025450395 -0.648745985 0.760472593
1317401264.070003033 277.929191250 -50.790575071 7.899623346 0.011827084 -0.025684654 -0.649360551 0.759954797
1317401264.173991919 278.023293386 -51.342990442 7.924121036 0.010711253 -0.025197560 -0.650161367 0.759302673
1317401264.277981997 278.114766006 -51.851963850 7.940832402 0.010167896 -0.024155495 -0.650897442 0.758713151
1317401264.381952047 278.196581401 -52.326357244 7.960732162 0.009675530 -0.023695790 -0.651176497 0.758494604
1317401264.485893011 278.275010472 -52.810894644 7.988218465 0.009274717 -0.023867712 -0.651074797 0.758581519
1317401264.589834929 278.362027445 -53.264572353 8.002524647 0.008489872 -0.023681862 -0.650381600 0.759190929
1317401264.693732023 278.453941979 -53.690537892 8.024253741 0.008434270 -0.023752538 -0.648808103 0.760534500
1317401264.797626972 278.536073148 -54.089323152 8.039228426 0.008189781 -0.023627078 -0.646633066 0.762391216
1317401264.901521921 278.599369626 -54.472902572 8.065147974 0.007533060 -0.023109399 -0.643799632 0.764807977
1317401265.005414963 278.678895757 -54.854272785 8.075926744 0.006256054 -0.022121371 -0.640585918 0.767542304
1317401265.109308958 278.749735071 -55.219320139 8.091948672 0.005149043 -0.021260720 -0.637008502 0.770546324
1317401265.213156939 278.833695842 -55.532949637 8.105250026 0.004235902 -0.020633729 -0.632725972 0.774089240
1317401265.316956043 278.918269294 -55.833839888 8.116225883 0.004106185 -0.020030802 -0.627386184 0.778439774
1317401265.420706987 278.998084095 -56.111980887 8.126731795 0.004259334 -0.019807808 -0.620557691 0.783899012
1317401265.524408102 279.092892221 -56.399493531 8.141522082 0.005030169 -0.020040030 -0.611389619 0.791059940
1317401265.628062963 279.221173758 -56.664803880 8.161133213 0.005514146 -0.019618679 -0.600563637 0.799317221
1317401265.731717110 279.278581680 -56.911465161 8.176837432 0.005088064 -0.017937609 -0.588144108 0.808541193
1317401265.835421085 279.372731038 -57.253882561 8.191884334 0.003645478 -0.015812654 -0.574296598 0.818486461
1317401265.939126015 279.514938235 -57.494117261 8.201376807 0.001668853 -0.013620040 -0.560549327 0.828007344
1317401266.042804003 279.629241035 -57.719528283 8.210591755 -0.000082262 -0.011815771 -0.545316940 0.838146655
1317401266.146482944 279.759912146 -57.923310121 8.219369671 -0.001607760 -0.010217272 -0.529691522 0.848127298
1317401266.250185013 279.856340083 -58.187070868 8.230271346 -0.003161904 -0.009050698 -0.513384013 0.858105438
1317401266.353887081 279.986889027 -58.451480116 8.235301866 -0.004509547 -0.008499768 -0.496540756 0.867960077
1317401266.457591057 280.126957329 -58.670100115 8.240889485 -0.006157722 -0.008385013 -0.478954635 0.877778008
1317401266.561305046 280.292602135 -58.911039325 8.242109182 -0.007047595 -0.008319161 -0.460656753 0.887511396
1317401266.665004969 280.471791365 -59.152404410 8.248436804 -0.007782010 -0.007913331 -0.441799359 0.897045231
1317401266.768719912 280.664165255 -59.403043562 8.250801468 -0.007788692 -0.007781167 -0.421993204 0.906532143
1317401266.872423887 280.859738419 -59.631577049 8.268680560 -0.007135959 -0.007309129 -0.401279302 0.915898781
1317401266.976129055 281.085270589 -59.872202682 8.280217332 -0.006953979 -0.006732858 -0.379648216 0.925080290
1317401267.079855919 281.331938452 -60.116857625 8.302746324 -0.008210073 -0.006223119 -0.356778535 0.934132188
1317401267.183581114 281.610477063 -60.367895903 8.297260858 -0.010537551 -0.005710450 -0.332804155 0.942919798
1317401267.287333012 281.899715307 -60.587650408 8.294904093 -0.012465500 -0.005218284 -0.308598112 0.951096518
1317401267.391134024 282.218184694 -60.837482459 8.293314680 -0.013195636 -0.004363100 -0.285063041 0.958408003
1317401267.494982004 282.568508909 -61.055882860 8.301224927 -0.013352096 -0.003024323 -0.262828185 0.964745521
1317401267.598850965 282.931023970 -61.287660475 8.317916051 -0.013495194 -0.001577016 -0.240713923 0.970501005
1317401267.702765942 283.347766922 -61.503358001 8.328272469 -0.014601032 -0.001849401 -0.219758409 0.975443300
1317401267.806734085 283.793385314 -61.683038591 8.324657492 -0.015024531 -0.003021052 -0.200330039 0.979608602
1317401267.910723925 284.253352849 -61.899530087 8.326147360 -0.015160518 -0.003882302 -0.181482900 0.983269568
1317401268.014763117 284.766042169 -62.082349881 8.319069454 -0.014170969 -0.004694339 -0.164393296 0.986281902
1317401268.118803024 285.308227554 -62.268212117 8.332886607 -0.012466643 -0.004460460 -0.146831026 0.989072968
1317401268.222794056 285.889986976 -62.420767031 8.315707988 -0.010316296 -0.003214670 -0.128541756 0.991645227
1317401268.326785088 286.468468565 -62.606967150 8.350747924 -0.006476670 -0.000593511 -0.109997376 0.993910599
1317401268.430824041 287.091039665 -62.770076823 8.355880615 -0.005150244 0.002965108 -0.091895246 0.995750946
1317401268.534887075 287.763479324 -62.872199737 8.360161372 -0.004051216 0.004459759 -0.075531876 0.997125185
1317401268.638950109 288.455732844 -62.977592498 8.339390788 -0.001932073 0.003342756 -0.060148277 0.998181986
1317401268.743036985 289.178109801 -63.070301731 8.359155584 0.002020784 0.000794527 -0.044972233 0.998985877
1317401268.847172976 289.937002862 -63.144993036 8.339605781 0.003497654 -0.000074129 -0.030880225 0.999516970
1317401268.951281071 290.730155319 -63.195599450 8.333230022 0.006709510 0.001070830 -0.017665912 0.999820860
1317401269.055344105 291.531393115 -63.246784141 8.340353923 0.010626414 0.004124753 -0.003027176 0.999930449
1317401269.159404993 292.355905020 -63.235286383 8.345955101 0.013953095 0.006028541 0.011237710 0.999821325
1317401269.263444901 293.224624148 -63.232828160 8.345285611 0.016180666 0.007602525 0.025629273 0.999511645
1317401269.367508888 294.090821861 -63.202670727 8.342078352 0.017420954 0.010167516 0.038946663 0.999037682
1317401269.471616030 294.986668081 -63.115419012 8.333050432 0.015196167 0.011904472 0.050866415 0.998518887
1317401269.575705051 295.930688233 -63.002861768 8.305356364 0.011861275 0.011431087 0.061738643 0.997956402
1317401269.679817915 296.880438482 -62.882897421 8.290010746 0.009791630 0.009523773 0.071667259 0.997335062
1317401269.783977032 297.823538673 -62.740521704 8.274656270 0.008930586 0.007171031 0.080007565 0.996728454
1317401269.888135910 298.820644453 -62.573495201 8.253224690 0.006933701 0.005320902 0.086813042 0.996186282
1317401269.992291927 299.816139138 -62.358836452 8.236929669 0.004627199 0.005570015 0.091739236 0.995756736
1317401270.096449137 300.869451465 -62.162338905 8.213200958 0.004143469 0.008285031 0.096342241 0.995305161
1317401270.200610161 301.889078879 -61.947945792 8.219795411 0.003733034 0.009736080 0.100335813 0.994898989
1317401270.304790974 302.933790850 -61.734971399 8.204929042 0.002172821 0.010001179 0.103167289 0.994611364
1317401270.408973932 303.964981911 -61.508530578 8.182219516 0.002699985 0.011896248 0.104789416 0.994419613
1317401270.513151884 305.035727887 -61.289613225 8.185858965 0.001508886 0.012914578 0.105693038 0.994313793
1317401270.617358923 306.062048117 -61.051361810 8.178276501 0.001828656 0.011810778 0.105996326 0.994294695
1317401270.721547127 307.101046372 -60.822182859 8.166987820 0.001766390 0.010331441 0.105589717 0.994354541
1317401270.825681925 308.145710745 -60.590481154 8.156046688 0.001422221 0.010494062 0.104900730 0.994426311
1317401270.929817200 309.198952871 -60.362289216 8.138702204 0.000727343 0.011241481 0.104771080 0.994432562
1317401271.033927917 310.239313036 -60.136890041 8.130888428 0.001431495 0.012268708 0.104293065 0.994469902
1317401271.137990952 311.300857135 -59.909146435 8.122217330 0.001747714 0.012264282 0.104119240 0.994487665
1317401271.242026091 312.360337513 -59.676696212 8.105377738 0.001294566 0.012620646 0.103813182 0.994515896
1317401271.346041203 313.428705412 -59.448705758 8.094147281 0.001567682 0.012584512 0.103370047 0.994562118
1317401271.450035095 314.445897086 -59.222525193 8.090177287 0.000826253 0.011221235 0.102723116 0.994646351
1317401271.554003000 315.493059438 -59.002348730 8.077392898 0.001197356 0.009925376 0.102612477 0.994671168
1317401271.657969952 316.513598251 -58.777335761 8.065701272 0.001986118 0.010015884 0.102505473 0.994680032
1317401271.761934996 317.565825021 -58.557529743 8.053651593 0.002546389 0.011535741 0.102147013 0.994699166
1317401271.865901709 318.564932427 -58.344599552 8.047505575 0.003300097 0.013338223 0.101686621 0.994721585
1317401271.969846010 319.589919118 -58.129470506 8.042020298 0.003972351 0.014211082 0.101074681 0.994769408
1317401272.073787928 320.649254240 -57.905693489 8.033166710 0.004690758 0.013651160 0.100626574 0.994819549
1317401272.177731037 321.666625334 -57.695164263 8.026182765 0.004395940 0.012304453 0.099939397 0.994907731
1317401272.281673908 322.681532822 -57.477819955 8.008477171 0.004502589 0.011788312 0.099452628 0.994962279
1317401272.385617971 323.694378754 -57.271224584 7.990387453 0.004694651 0.013593467 0.098744756 0.995008870
1317401272.489536047 324.665348803 -57.073044633 7.983550665 0.004219315 0.015967526 0.098081113 0.995041371
1317401272.593430996 325.661099794 -56.866862769 7.982669942 0.004151395 0.016521137 0.097507701 0.995088974
1317401272.697324991 326.640411408 -56.660165892 7.969020169 0.003860752 0.015832866 0.097263200 0.995125261
1317401272.801244020 327.586212228 -56.473253802 7.948749948 0.003824946 0.015721052 0.096757524 0.995176467
1317401272.905163050 328.511436224 -56.291135256 7.936797321 0.003147508 0.016047120 0.096284720 0.995219491
1317401273.009082079 329.439179411 -56.095614429 7.926437656 0.001950303 0.015900241 0.096149047 0.995238032
1317401273.112999916 330.347260029 -55.913365507 7.916612091 0.002582666 0.014744749 0.095913743 0.995277085
1317401273.216943026 331.241995056 -55.732151833 7.910874349 0.001980835 0.013275491 0.095886483 0.995301773
1317401273.320887089 332.109720561 -55.553639791 7.888833397 0.001674742 0.012988324 0.095601159 0.995333571
1317401273.424804211 332.957810053 -55.387624299 7.874999549 0.001958888 0.015303692 0.095379647 0.995321397
1317401273.528723001 333.775392970 -55.224010462 7.864091170 0.001937698 0.018893800 0.095037609 0.995292481
1317401273.632641077 334.605183402 -55.053578975 7.867757310 0.001352163 0.021054750 0.094888305 0.995264326
1317401273.736584902 335.381282319 -54.901526166 7.858399393 0.002256531 0.021082710 0.094631420 0.995286553
1317401273.840553045 336.136455642 -54.757765912 7.847288196 0.003238330 0.019995489 0.094210910 0.995346170
1317401273.944519281 336.873417948 -54.606570540 7.831432008 0.002841411 0.018643155 0.093782897 0.995414048
1317401274.048484087 337.590961263 -54.458152158 7.815948640 0.002702311 0.017503204 0.093080414 0.995501066
1317401274.152499914 338.249099606 -54.329334476 7.800652862 0.001047157 0.016892485 0.091311760 0.995678517
1317401274.256587029 338.931411210 -54.187947748 7.788302662 -0.000117450 0.016928486 0.087569915 0.996014519
1317401274.360743284 339.541536071 -54.072259233 7.779559901 -0.001515307 0.017079430 0.081689622 0.996510312
1317401274.464951038 340.156597897 -53.965263662 7.772863279 -0.002427073 0.017538167 0.073735761 0.997120634
1317401274.569206953 340.723516791 -53.869322278 7.765131857 -0.003388592 0.017786265 0.063498685 0.997817660
1317401274.673507929 341.287732577 -53.808334888 7.760183634 -0.004101637 0.018091529 0.050986156 0.998527058
1317401274.777858019 341.791722196 -53.735093396 7.753386500 -0.005330521 0.017629584 0.036677635 0.999157412
1317401274.882258892 342.308081147 -53.692309649 7.744422614 -0.006597154 0.016702296 0.019488724 0.999648789
1317401274.986659050 342.781866064 -53.669146298 7.729092964 -0.006937059 0.015879064 0.000201652 0.999849835
1317401275.091058016 343.232274646 -53.672064402 7.723865315 -0.005538858 0.015424685 -0.019887068 0.999667897
1317401275.195431948 343.699182038 -53.691545531 7.721038906 -0.004067924 0.014917880 -0.040682830 0.999052459
1317401275.299782991 344.132655915 -53.721850533 7.717194092 -0.003215798 0.014104801 -0.062647307 0.997930873
1317401275.404131889 344.534955002 -53.784279322 7.715507466 -0.004173334 0.013036354 -0.085467243 0.996246951
1317401275.508457899 344.913422771 -53.840197094 7.708636213 -0.004980300 0.012432910 -0.108641232 0.993990796
1317401275.612760067 345.296249542 -53.934499621 7.706628173 -0.004829524 0.012287284 -0.131425597 0.991238120
1317401275.717036963 345.638557250 -54.024574167 7.700526402 -0.004027725 0.011969974 -0.153495806 0.988068588
1317401275.821269035 345.987982118 -54.137607399 7.705660830 -0.003103507 0.010974330 -0.175465190 0.984419575
1317401275.925452948 346.319464018 -54.254745856 7.704211480 -0.003447665 0.009950056 -0.197015677 0.980343783
1317401276.029637098 346.621908797 -54.380264040 7.693429989 -0.004154980 0.008685257 -0.218438221 0.975803282
1317401276.133796930 346.927705518 -54.523921784 7.690080104 -0.003869610 0.007011165 -0.239632458 0.970830652
1317401276.237883091 347.170524395 -54.656063242 7.685777275 -0.002479295 0.005071052 -0.259059357 0.965844908
1317401276.341922045 347.391319035 -54.800916112 7.687225395 -0.000023027 0.002713744 -0.276572744 0.960989153
1317401276.445913076 347.627325766 -54.936687527 7.695726555 0.003199347 0.000362730 -0.293705348 0.955890580
1317401276.549853086 347.803455780 -55.071215169 7.707166337 0.005616213 -0.001150042 -0.309162419 0.950991974
1317401276.653749943 347.980076732 -55.191267328 7.712403105 0.005633009 -0.002205644 -0.323129879 0.946335292
1317401276.757646084 348.134591079 -55.308876930 7.712475483 0.003083665 -0.003047804 -0.336393997 0.941711357
1317401276.861563921 348.272159040 -55.417503197 7.713952182 -0.000482114 -0.003627839 -0.349733303 0.936842155
1317401276.965481997 348.426343242 -55.537665461 7.708674569 -0.003481924 -0.003314725 -0.363095535 0.931739513
1317401277.069400072 348.560429347 -55.653403400 7.712436128 -0.005769316 -0.002028934 -0.376181296 0.926525893
1317401277.173321009 348.687302411 -55.765286454 7.712140034 -0.007830172 -0.000158173 -0.389072855 0.921173695
1317401277.277264118 348.810517040 -55.892779122 7.708246419 -0.009965025 0.001237200 -0.401805275 0.915670076
1317401277.381231070 348.959536174 -56.036329433 7.701286514 -0.010361049 0.001243860 -0.415166399 0.909685639
1317401277.485196114 349.057498799 -56.168421686 7.709279211 -0.009345746 -0.000023706 -0.427740181 0.903853414
1317401277.589184046 349.175001855 -56.308525240 7.712174858 -0.007694527 -0.001307701 -0.440482030 0.897727500
1317401277.693173647 349.284840299 -56.457372197 7.721828753 -0.005803758 -0.001364370 -0.453079081 0.891450392
1317401277.797117949 349.399456515 -56.594966901 7.729039942 -0.003788432 -0.000120366 -0.465439029 0.885071830
1317401277.901036978 349.504054788 -56.753092856 7.731135689 -0.002515820 0.001048383 -0.476690750 0.879066835
1317401278.004956007 349.604931831 -56.902120016 7.738937860 -0.001559392 0.000708751 -0.487608371 0.873060790
1317401278.108875036 349.708874269 -57.055446047 7.746199364 -0.001306363 -0.000522208 -0.498093897 0.867121958
1317401278.212769985 349.777795920 -57.206817319 7.752619617 -0.001114217 -0.001056606 -0.507553186 0.861619061
1317401278.316641092 349.880072842 -57.366289113 7.761328431 -0.001503956 -0.000127532 -0.516940002 0.856020302
1317401278.420535088 349.988890957 -57.535826937 7.758327792 -0.002984978 0.001779000 -0.526666043 0.850065176
1317401278.524430037 350.070324713 -57.700403563 7.749444913 -0.003835863 0.003265053 -0.535727849 0.844375685
1317401278.628303051 350.151533197 -57.855557027 7.745061080 -0.002214644 0.003192277 -0.544437067 0.838792695
1317401278.732171059 350.235088904 -58.059506097 7.762496878 0.000593693 0.002395842 -0.552270765 0.833661148
1317401278.836016893 350.288311647 -58.217743766 7.770861413 0.003096107 0.001759489 -0.559141940 0.829064297
1317401278.939819098 350.376525624 -58.389401914 7.788095827 0.004474216 0.002298344 -0.566092117 0.824326643
1317401279.043596983 350.462517508 -58.587572218 7.793448740 0.004404760 0.003618164 -0.572274255 0.820042489
1317401279.147396088 350.545790785 -58.761269221 7.799338649 0.003055452 0.004618910 -0.577913457 0.816079265
1317401279.251192093 350.605867164 -58.942908653 7.785152085 0.002105089 0.003918918 -0.582755698 0.812635224
1317401279.354989052 350.661755921 -59.124730712 7.782330481 0.002550028 0.000688619 -0.587293195 0.809369956
1317401279.458811998 350.689974175 -59.283545196 7.777645299 0.003731803 -0.003276084 -0.591648193 0.806180970
1317401279.562634945 350.759275612 -59.482906127 7.792893218 0.004353191 -0.005181799 -0.596727827 0.802415166
1317401279.666460276 350.820709537 -59.654728179 7.794250706 0.003515019 -0.004367824 -0.602174455 0.798344846
1317401279.770282030 350.868018189 -59.842595601 7.796872763 0.001894637 -0.002949120 -0.606469583 0.795098961
1317401279.874080658 350.961725836 -60.056941312 7.794117141 0.000689589 -0.002574816 -0.611215212 0.791459954
1317401279.977854013 350.993495519 -60.245364524 7.793724743 0.000371885 -0.003297677 -0.614999721 0.788520342
1317401280.081603050 351.052595454 -60.452956675 7.792772712 0.000402161 -0.005099958 -0.617599666 0.786475989
1317401280.185355663 351.117928823 -60.686964808 7.801886094 0.000114792 -0.007965869 -0.619833803 0.784692671
1317401280.289082766 351.183648044 -60.933994774 7.804480623 -0.001441395 -0.009707195 -0.620446065 0.784187716
1317401280.392808914 351.260816483 -61.189838712 7.805409547 -0.003719364 -0.010013077 -0.620828879 0.783873336
1317401280.496583939 351.325196242 -61.438184399 7.793956122 -0.004827697 -0.009451858 -0.620976098 0.783757642
1317401280.600359917 351.388937326 -61.726989168 7.799655818 -0.004462532 -0.008631638 -0.621021422 0.783733357
1317401280.704159021 351.442083595 -62.008962951 7.808678190 -0.003512072 -0.008256378 -0.620782949 0.783931137
1317401280.807956934 351.514409399 -62.321392916 7.826606585 -0.003590703 -0.007791494 -0.621067893 0.783709813
1317401280.911756039 351.609111741 -62.613176595 7.835141664 -0.004217768 -0.006490992 -0.621503665 0.783373009
1317401281.015553951 351.680287224 -62.953590484 7.835792256 -0.004539136 -0.004724902 -0.621883697 0.783082204
1317401281.119353056 351.761305599 -63.265192065 7.842506259 -0.004302948 -0.003775814 -0.622136246 0.782888063
1317401281.223202705 351.835682448 -63.605942768 7.857057847 -0.003471553 -0.003329917 -0.622568434 0.782550576
1317401281.327075005 351.901737718 -63.924595421 7.865260959 -0.002984416 -0.002734994 -0.623167189 0.782078172
1317401281.430941105 351.977113296 -64.282561395 7.878560648 -0.003253222 -0.002277387 -0.623626950 0.781712004
1317401281.534818888 352.077731183 -64.623908745 7.880803388 -0.003516003 -0.001664306 -0.624590621 0.780942651
1317401281.638714075 352.153559780 -64.990969871 7.883543440 -0.002961427 -0.000828076 -0.625207078 0.780452852
1317401281.742647886 352.237028756 -65.362821909 7.893258664 -0.001109010 -0.000923352 -0.626456385 0.779455140
1317401281.846590042 352.313194875 -65.693243537 7.900762079 0.000636109 -0.001353083 -0.627594950 0.778538595
1317401281.950532913 352.410350436 -66.112243130 7.911407801 0.002315289 -0.001586833 -0.629028513 0.777377161
1317401282.054500103 352.475258071 -66.454588770 7.927848801 0.002819141 -0.001387381 -0.631125218 0.775674601
1317401282.158490896 352.548220390 -66.834686974 7.931053020 0.001104525 -0.000263786 -0.633812805 0.773485642
1317401282.262481928 352.641885501 -67.246871397 7.932089343 -0.000613611 0.000456268 -0.637109460 0.770772957
1317401282.366447926 352.704509110 -67.610440236 7.935127662 -0.000844790 0.000258214 -0.639939371 0.768424897
1317401282.470415115 352.786626347 -68.019650594 7.940305598 -0.000243499 -0.001290174 -0.642678257 0.766135063
1317401282.574407101 352.838121574 -68.391127584 7.947675473 0.000757617 -0.004306632 -0.645222685 0.763982045
1317401282.678397894 352.914211553 -68.777505749 7.951663488 0.001077568 -0.006712867 -0.648502004 0.761182585
1317401282.782339096 352.963587290 -69.205391937 7.953024229 0.001357402 -0.007598735 -0.651215840 0.758853310
1317401282.886281013 353.040639976 -69.642118406 7.958916957 0.001712448 -0.007468000 -0.654317666 0.756180989
1317401282.990226984 353.104038233 -70.049665460 7.965777577 0.001153689 -0.007063654 -0.656625006 0.754183250
1317401283.094145060 353.178759553 -70.507094022 7.975381416 0.000811820 -0.006687379 -0.658402685 0.752635718
1317401283.198039055 353.232828508 -70.968853979 7.987634414 0.002667836 -0.007231187 -0.659610104 0.751568429
1317401283.301911116 353.304345161 -71.435621044 7.995141228 0.004994510 -0.008588713 -0.660407694 0.750841506
1317401283.405731916 353.339439903 -71.914332636 8.013938627 0.008426925 -0.011798775 -0.659515151 0.751551423
1317401283.509484053 353.418112651 -72.409884347 8.024786431 0.010273108 -0.014728123 -0.657942735 0.752853839
1317401283.613185883 353.499200295 -72.885454177 8.029641614 0.009758540 -0.014991897 -0.654416747 0.755922440
1317401283.716840029 353.565544494 -73.377038575 8.037883375 0.010397135 -0.015498192 -0.647830147 0.761556174
1317401283.820473909 353.649813196 -73.927091639 8.043599302 0.010031446 -0.014573872 -0.639889711 0.768263061
1317401283.924151897 353.754931086 -74.385476490 8.046689231 0.009811698 -0.013187407 -0.632151514 0.774670437
1317401284.027900934 353.856276699 -74.945393812 8.046467090 0.009298073 -0.010372672 -0.624519343 0.780885103
1317401284.131724119 353.986571721 -75.441060123 8.053544774 0.009172575 -0.008060549 -0.618130007 0.785981034
1317401284.235594034 354.138272712 -76.011860778 8.083229748 0.007048487 -0.006575135 -0.612441932 0.790456808
1317401284.339512110 354.295810142 -76.568956841 8.091045831 0.003680265 -0.006027960 -0.608771303 0.793314326
1317401284.443527937 354.441226581 -77.113852289 8.093491430 0.001044321 -0.007352494 -0.607397279 0.794363516
1317401284.547614098 354.622815027 -77.751446702 8.097361342 -0.002071634 -0.007954528 -0.607616343 0.794188148
1317401284.651724100 354.769858216 -78.294604489 8.085434165 -0.004216759 -0.006870658 -0.609219411 0.792960732
1317401284.755856991 354.936658911 -78.882567296 8.096691618 -0.004088712 -0.005355074 -0.612183668 0.790686893
1317401284.859992981 355.107112856 -79.542949732 8.098614137 -0.002791169 -0.002301890 -0.615715998 0.787959847
1317401284.964104891 355.288222335 -80.241952417 8.120834586 -0.000551826 -0.000582638 -0.619831331 0.784734654
1317401285.068191051 355.437634748 -80.867117437 8.135919463 0.000516765 -0.000162111 -0.623456471 0.781857874
1317401285.172255039 355.609797294 -81.572957698 8.156707980 0.000829425 -0.001659664 -0.627043158 0.778982307
1317401285.276292086 355.761677676 -82.247844926 8.165430574 -0.001638836 -0.002880752 -0.630613141 0.776090253
1317401285.380306005 355.923258166 -82.952445511 8.177900523 -0.003306611 -0.004116175 -0.633768517 0.773504745
1317401285.484297991 356.047951846 -83.643691200 8.177387229 -0.004361269 -0.003779018 -0.635888786 0.771759127
1317401285.588239908 356.197488547 -84.355643690 8.189176698 -0.004550104 -0.002471934 -0.637685498 0.770279425
1317401285.692158937 356.344395347 -85.068360507 8.198404716 -0.004470071 -0.000717746 -0.639030073 0.769168427
1317401285.796053648 356.483784351 -85.766150429 8.220069465 -0.003695573 -0.000293178 -0.640181850 0.768214459
1317401285.899947882 356.622679043 -86.479506977 8.236725636 -0.003219843 0.000419195 -0.641160471 0.767399965
1317401286.003844976 356.759755085 -87.214888450 8.241047070 -0.002158406 0.001186379 -0.642132414 0.766589784
1317401286.107716084 356.882712889 -87.883487245 8.249616918 -0.001807845 0.002640968 -0.642764189 0.766057409
1317401286.211611032 357.020203397 -88.629808522 8.269908035 -0.002035616 0.003168801 -0.643609666 0.765344637
1317401286.315506935 357.139687716 -89.329093539 8.276919922 -0.002637795 0.001148154 -0.643716110 0.765258972
1317401286.419377804 357.279526650 -90.065478821 8.291410922 -0.003943618 -0.001028271 -0.643740797 0.765232760
1317401286.523247004 357.401823328 -90.752949119 8.309253233 -0.005489837 -0.001943414 -0.643940144 0.765053708
1317401286.627142906 357.521416622 -91.430853368 8.299898832 -0.005391695 -0.001845870 -0.643912009 0.765078327
1317401286.731039047 357.661285204 -92.176295420 8.318223398 -0.005393773 -0.000742706 -0.643843542 0.765137798
1317401286.834882975 357.784467811 -92.853625691 8.333453751 -0.005319326 -0.000084761 -0.643649756 0.765301698
1317401286.938728094 357.921872668 -93.595241684 8.360988739 -0.005322236 -0.000066195 -0.643185149 0.765692192
1317401287.042599916 358.049199854 -94.262873456 8.359701271 -0.007897485 0.002179243 -0.642812263 0.765979944
1317401287.146471977 358.180231905 -94.990291077 8.371081358 -0.008067338 0.004389978 -0.642619164 0.766130704
1317401287.250366926 358.310415731 -95.678486666 8.380765840 -0.006317128 0.005556001 -0.642223171 0.766471541
1317401287.354283094 358.443748958 -96.372667817 8.400534913 -0.006378384 0.007036640 -0.641775875 0.766833442
1317401287.458178043 358.579129727 -97.064923886 8.414951475 -0.008702768 0.008954878 -0.641192897 0.767278138
1317401287.562073946 358.715033041 -97.764292913 8.417613567 -0.010477218 0.008669404 -0.640371593 0.767944850
1317401287.665967941 358.845462387 -98.453428386 8.426123047 -0.012309089 0.007438165 -0.639523609 0.768636919
1317401287.769839048 358.992987481 -99.132658573 8.441568634 -0.014289699 0.006029827 -0.638262893 0.769662215
1317401287.873734951 359.124517035 -99.827436017 8.450723493 -0.016439703 0.006942936 -0.637113785 0.770563142
1317401287.977629900 359.260039054 -100.488172244 8.450290880 -0.016506799 0.007037507 -0.635726213 0.771706020
1317401288.081523895 359.396809317 -101.166983255 8.471423277 -0.016154616 0.006332720 -0.634739142 0.772531647
1317401288.185466766 359.541145249 -101.840137822 8.494840619 -0.016570517 0.004662092 -0.634058142 0.773093756
1317401288.289408922 359.682752303 -102.520955058 8.515295062 -0.018629967 0.003513777 -0.634048557 0.773060803
1317401288.393352032 359.823810394 -103.217414651 8.523140432 -0.019259450 0.002390367 -0.634195281 0.772929302
1317401288.497318983 359.963681583 -103.877589467 8.548871371 -0.017742764 0.001587453 -0.634395084 0.772803695
1317401288.601309299 360.090885006 -104.558922665 8.561111822 -0.016178519 0.001758936 -0.634819078 0.772489417
1317401288.705299854 360.227214756 -105.231701144 8.589342813 -0.014369598 0.002802506 -0.635239716 0.772176252
1317401288.809288979 360.370094066 -105.910217910 8.608261744 -0.013279444 0.003374685 -0.635659047 0.771848329
1317401288.913280010 360.509637541 -106.572644967 8.634394665 -0.013074413 0.003170461 -0.635889125 0.771663157
1317401289.017247915 360.641129163 -107.254680313 8.657368293 -0.012265152 0.000931719 -0.636089258 0.771517436
1317401289.121216059 360.770862284 -107.913950630 8.681022871 -0.012065244 -0.000753641 -0.636333493 0.771319355
1317401289.225183964 360.890599570 -108.572787315 8.692321676 -0.011408476 -0.001735895 -0.636550298 0.771148852
1317401289.329124212 361.035498351 -109.278237642 8.716740326 -0.011214792 -0.001294196 -0.636528443 0.771170600
1317401289.433067083 361.165366121 -109.932202736 8.720333153 -0.008835244 -0.001379329 -0.636443911 0.771271149
1317401289.537009001 361.287005064 -110.620139708 8.770091464 -0.010009362 -0.000038466 -0.636420751 0.771277148
1317401289.640952110 361.430617265 -111.272724781 8.773425043 -0.009642646 0.000501919 -0.636016346 0.771615173
1317401289.744920015 361.565941340 -111.923500383 8.785971267 -0.010334816 0.001268195 -0.635920484 0.771684340
1317401289.848886013 361.703046600 -112.596599935 8.809508480 -0.012632472 0.002475980 -0.636262070 0.771365587
1317401289.952877998 361.827655788 -113.261106269 8.812119136 -0.011008139 0.000499279 -0.636597696 0.771117336
1317401290.056869030 361.967045373 -113.932962329 8.846776931 -0.012636291 0.001118358 -0.637344256 0.770474771
1317401290.160811663 362.102561450 -114.613706873 8.843422503 -0.012761883 0.001618636 -0.637697082 0.770179814
1317401290.264755011 362.226162230 -115.263337637 8.869736559 -0.013258489 0.002767245 -0.637606677 0.770243001
1317401290.368721008 362.352276830 -115.922702467 8.891571565 -0.009883702 0.000473853 -0.637753915 0.770176624
1317401290.472665071 362.475959477 -116.607078447 8.916704846 -0.009057982 -0.000663720 -0.638173321 0.769839155
1317401290.576591969 362.611672145 -117.243040161 8.926515434 -0.010231625 0.001049017 -0.638124117 0.769864809
1317401290.680509090 362.740629603 -117.922897679 8.941521598 -0.011232043 0.002263957 -0.638422814 0.769600563
1317401290.784420013 362.877130799 -118.591695560 8.958535609 -0.011235099 0.002306348 -0.638167611 0.769812025
1317401290.888314009 362.986954066 -119.245623004 8.977226041 -0.008907010 -0.000358062 -0.638058076 0.769936640
1317401290.992207050 363.121961461 -119.918650156 9.000873452 -0.009819182 -0.002923897 -0.637794680 0.770138287
1317401291.096101999 363.256180215 -120.601544674 9.019660213 -0.011987940 -0.003943126 -0.637709952 0.770173200
1317401291.199997902 363.388632817 -121.221642419 9.029711550 -0.013203346 -0.003182485 -0.637174042 0.770600275
1317401291.303917885 363.520386272 -121.902701614 9.049478663 -0.011922162 -0.001986874 -0.637188210 0.770613457
1317401291.407835960 363.651537890 -122.560532342 9.063473534 -0.011198820 0.000468962 -0.637275748 0.770554338
1317401291.511754990 363.780921168 -123.218458005 9.089064181 -0.009608165 0.001987173 -0.637368322 0.770496825
1317401291.615674973 363.906696854 -123.870198781 9.113814313 -0.008698984 0.001959850 -0.637545339 0.770361232
1317401291.719593048 364.043655736 -124.525117505 9.136845673 -0.011236528 0.002373205 -0.637671672 0.770222661
1317401291.823513031 364.175182918 -125.192556034 9.144298125 -0.011981122 0.000532190 -0.637967304 0.769970057
1317401291.927431822 364.304142237 -125.849831781 9.163794184 -0.011770750 -0.001083163 -0.638148169 0.769822831
1317401292.031374931 364.438258852 -126.515205402 9.174559836 -0.011200014 0.000018153 -0.638214507 0.769777113
1317401292.135341167 364.571890415 -127.168967905 9.181179749 -0.008732560 0.001612952 -0.638685991 0.769416237
1317401292.239284039 364.699977324 -127.835637261 9.204895399 -0.008231856 0.003522835 -0.639053801 0.769109918
1317401292.343226910 364.828273618 -128.490512861 9.239246789 -0.007394093 0.002592266 -0.639244421 0.768963703
1317401292.447192907 364.952025729 -129.155938049 9.259138934 -0.008638295 0.001505038 -0.639358159 0.768859063
1317401292.551160097 365.078119678 -129.800532259 9.253826982 -0.009666418 0.000428959 -0.639821679 0.768462488
1317401292.655102968 365.215857126 -130.484607288 9.252561134 -0.008533255 0.000180298 -0.640170574 0.768185386
1317401292.759049892 365.329033145 -131.147307198 9.272065403 -0.006991638 0.001290780 -0.640347208 0.768052670
1317401292.863016844 365.453194885 -131.799797481 9.304977770 -0.005299642 0.000272018 -0.640618194 0.767841240
1317401292.966955662 365.581268115 -132.476705963 9.312811635 -0.006569336 -0.000335764 -0.640964623 0.767542235
1317401293.070898294 365.703790763 -133.147786467 9.321422090 -0.006267283 -0.002434338 -0.640871639 0.767618615
1317401293.174840927 365.812585267 -133.816027252 9.341601240 -0.006431772 -0.003772261 -0.640745728 0.767716949
1317401293.278783083 365.930821866 -134.465357622 9.354538683 -0.005901582 -0.004948964 -0.641006856 0.767496508
1317401293.382725954 366.065863465 -135.136842308 9.383394043 -0.006728780 -0.006140200 -0.641070306 0.767428097
1317401293.486668110 366.176196901 -135.754692046 9.393407893 -0.009351030 -0.006628413 -0.640870815 0.767563171
1317401293.590610981 366.311753239 -136.428296269 9.397504849 -0.009289073 -0.005032414 -0.640733680 0.767690523
1317401293.694554090 366.435879491 -137.151757580 9.419293008 -0.007786432 -0.001984656 -0.640583242 0.767846692
1317401293.798496008 366.566314200 -137.787950833 9.439230836 -0.006624326 0.001154971 -0.640200870 0.768178124
1317401293.902439117 366.689217105 -138.450743738 9.474830755 -0.006715085 0.002390908 -0.639819723 0.768491974
1317401294.006382942 366.819904513 -139.124074427 9.495656163 -0.005960683 -0.000267609 -0.639525171 0.768747003
1317401294.110301971 366.945390660 -139.795910493 9.502517808 -0.008072403 -0.000644451 -0.639328853 0.768890784
1317401294.214242935 367.071061046 -140.448504697 9.505632145 -0.007897129 -0.000250845 -0.639009692 0.769158102
1317401294.318186045 367.204707652 -141.112358762 9.517392469 -0.005177336 0.000976380 -0.638624883 0.769500163
1317401294.422106028 367.320318918 -141.786431257 9.530191413 -0.001072680 0.000960621 -0.638584919 0.769550016
1317401294.526022911 367.442245055 -142.446202116 9.561236586 -0.001186220 0.000105319 -0.638347570 0.769747336
1317401294.629942894 367.578875932 -143.120216470 9.593232024 -0.003738560 -0.003019639 -0.638094180 0.769943324
1317401294.733861923 367.695477027 -143.757252916 9.584779573 -0.009455786 -0.004355722 -0.638477308 0.769570233
1317401294.837779999 367.847876366 -144.438500396 9.594886422 -0.009214034 -0.006455071 -0.638426502 0.769600569
1317401294.941699028 367.947303865 -145.106264962 9.585189399 -0.005719267 -0.007163321 -0.638184339 0.769829024
1317401295.045639992 368.071180265 -145.755364252 9.620441715 -0.004507592 -0.004227307 -0.638450686 0.769637923
1317401295.149584055 368.209424749 -146.408761934 9.640556435 -0.005623718 -0.002466873 -0.638642421 0.769479140
1317401295.253503084 368.344299240 -147.068293036 9.673575272 -0.006021936 -0.005968138 -0.638524752 0.769554585
1317401295.357420683 368.474753489 -147.708729955 9.686090859 -0.006816836 -0.008713951 -0.638196839 0.769793734
1317401295.461338997 368.594106804 -148.344274409 9.713668601 -0.005402240 -0.011109575 -0.638298717 0.769689640
1317401295.565282106 368.705805025 -149.019817150 9.718828249 -0.007079756 -0.007289105 -0.638507643 0.769548397
1317401295.669250965 368.835319305 -149.653904335 9.749665053 -0.004350362 -0.005227788 -0.638695278 0.769429715
1317401295.773195982 368.972716671 -150.310931757 9.765531858 -0.006074632 -0.001400260 -0.638758560 0.769381986
1317401295.877137899 369.107500117 -150.943525882 9.795678220 -0.005655633 -0.001198073 -0.638825980 0.769329543
1317401295.981126070 369.234784734 -151.558244593 9.817540322 -0.004054538 -0.004039015 -0.638976216 0.769205201
1317401296.085117102 369.329179519 -152.183963295 9.826742586 -0.004963116 -0.003597962 -0.639367286 0.768877035
1317401296.189086914 369.460987228 -152.821359399 9.837974864 -0.003166527 -0.004224105 -0.639795060 0.768527430
1317401296.293055058 369.582197618 -153.426737097 9.853574322 -0.003608578 -0.002370473 -0.640011840 0.768352916
1317401296.396992922 369.689956759 -154.022137024 9.875902018 -0.004160348 -0.001143591 -0.640266510 0.768140729
1317401296.500935078 369.800517726 -154.585832791 9.894811937 -0.004493361 -0.001469781 -0.640436308 0.767996735
1317401296.604902029 369.916261237 -155.182296474 9.907733003 -0.002640049 -0.004053213 -0.640598471 0.767860795
1317401296.708890915 369.999989400 -155.735540706 9.919830447 -0.000413382 -0.007122306 -0.640441285 0.767973998
1317401296.812906981 370.090195310 -156.267256509 9.937611539 0.000232453 -0.007492163 -0.640661190 0.767787114
1317401296.916920900 370.190453867 -156.784185542 9.944646567 -0.001043316 -0.004677615 -0.641136378 0.767411999
1317401297.020911217 370.283351553 -157.272260009 9.954665706 -0.001509002 -0.002716066 -0.641440324 0.767166642
1317401297.124877930 370.379908922 -157.729376036 9.971295511 -0.000052572 -0.003736465 -0.641512583 0.767103410
1317401297.228873014 370.445752473 -158.182461865 9.989055560 0.001676361 -0.005349250 -0.641510951 0.767093394
1317401297.332865000 370.524651259 -158.613819515 10.001847395 0.002445084 -0.006074211 -0.641660865 0.766960534
1317401297.436853647 370.596879223 -159.023414819 10.016287253 0.002025598 -0.006272542 -0.642075393 0.766613163
1317401297.540868044 370.675052409 -159.402188272 10.018132288 0.000833548 -0.005615069 -0.642531815 0.766237980
1317401297.644881964 370.746867315 -159.782125111 10.023825085 0.001461826 -0.005228999 -0.642995367 0.765850820
1317401297.748895884 370.804420078 -160.143542369 10.034270235 0.003629841 -0.005332115 -0.643329079 0.765562596
1317401297.852910042 370.858653153 -160.488379734 10.048792710 0.006144430 -0.006524909 -0.643578377 0.765327737
1317401297.956899881 370.919131259 -160.807711282 10.057779368 0.006878380 -0.006650292 -0.643937269 0.765018467
1317401298.060866117 370.967871772 -161.119539796 10.069384848 0.006941374 -0.006233108 -0.644147382 0.764844505
1317401298.164859056 371.023007337 -161.398973589 10.082601983 0.006590696 -0.005224116 -0.644145077 0.764857105
1317401298.268851042 371.063118919 -161.671836692 10.087599620 0.006140996 -0.003711309 -0.644260996 0.764772047
1317401298.372817993 371.112685173 -161.924365964 10.087255100 0.004997310 -0.002399553 -0.644380749 0.764684719
1317401298.476783991 371.157866593 -162.136776667 10.085492642 0.004258081 -0.002356401 -0.644293857 0.764762539
1317401298.580724955 371.195880236 -162.332941915 10.092504756 0.003896698 -0.003270125 -0.643478423 0.765447347
1317401298.684643984 371.230562110 -162.521228974 10.091380220 0.003531609 -0.004496713 -0.641769648 0.766876148
1317401298.788515091 371.287886667 -162.687417587 10.096032988 0.003415999 -0.005628600 -0.639058142 0.769130249
1317401298.892313957 371.321523450 -162.856048480 10.099883833 0.003359136 -0.006705566 -0.634653758 0.772760221
1317401298.996088982 371.364820787 -163.011421055 10.102069361 0.003148569 -0.006489557 -0.627695474 0.778425568
1317401299.099865913 371.383099158 -163.147031962 10.100325807 0.003607771 -0.005911586 -0.620123021 0.784474012
1317401299.203617096 371.436395077 -163.314909479 10.106329313 0.005547813 -0.005122830 -0.611675002 0.791073113
1317401299.307318926 371.494253082 -163.466026741 10.112672478 0.006774253 -0.003833125 -0.601316251 0.798973205
1317401299.411021709 371.550687154 -163.588689472 10.117968396 0.006588467 -0.001612214 -0.589095543 0.808034921
1317401299.514746904 371.605430777 -163.743832468 10.121087460 0.005256048 0.000587405 -0.576245553 0.817259501
1317401299.618424177 371.664381337 -163.866348447 10.120548214 0.003515467 0.003222010 -0.561840846 0.827231602
1317401299.722103119 371.732804060 -164.002864440 10.122722779 0.001519852 0.005753094 -0.545647765 0.837993502
1317401299.825855017 371.803525016 -164.096753870 10.124540160 -0.000847158 0.008182132 -0.529982815 0.847968484
1317401299.929630995 371.887798987 -164.226855322 10.116299687 -0.004155523 0.010378706 -0.513728415 0.857880020
1317401300.033381939 371.971922451 -164.347207597 10.111856955 -0.005764577 0.011731719 -0.496615577 0.867872171
1317401300.137083054 372.042443952 -164.464958456 10.111869663 -0.007442227 0.012931182 -0.478351577 0.878041666
1317401300.240787029 372.129266257 -164.591476716 10.106557399 -0.008393893 0.014139629 -0.458922457 0.888324148
1317401300.344515085 372.233495420 -164.730393793 10.112867707 -0.010436129 0.016184955 -0.438837649 0.898359979
1317401300.448241949 372.347996110 -164.858639372 10.099964351 -0.012174735 0.018942717 -0.417830949 0.908245698
1317401300.551968098 372.483222404 -164.984702089 10.099475371 -0.012688455 0.019914366 -0.395364453 0.918220764
1317401300.655694962 372.574230564 -165.115613480 10.096716967 -0.012392708 0.019881616 -0.371636697 0.928082597
1317401300.759422064 372.730607006 -165.237598645 10.099994613 -0.012229860 0.019530744 -0.348142684 0.937158286
1317401300.863195896 372.859973724 -165.352496755 10.093577044 -0.012791647 0.019415741 -0.324495939 0.945601284
1317401300.967015982 373.000651891 -165.475456779 10.090052220 -0.014559230 0.019697390 -0.302016227 0.952988059
1317401301.070888042 373.182178390 -165.592264734 10.078997341 -0.016780684 0.020353066 -0.280755606 0.959416724
1317401301.174808025 373.354101171 -165.709704189 10.061192957 -0.017438150 0.020511096 -0.260645855 0.965059037
1317401301.278727055 373.576447108 -165.830389662 10.057909128 -0.018205602 0.019620850 -0.240767376 0.970213713
1317401301.382669926 373.786470241 -165.919113098 10.047855722 -0.018086889 0.019581441 -0.220896506 0.974932903
1317401301.486635923 374.021369092 -166.028215358 10.045961025 -0.018407176 0.019560207 -0.202773191 0.978857297
1317401301.590603113 374.234864522 -166.138285031 10.034925532 -0.019199855 0.019965536 -0.184480009 0.982445861
1317401301.694569111 374.492676486 -166.227330094 10.021761087 -0.019942343 0.020067003 -0.165690470 0.985771924
1317401301.798537016 374.743004800 -166.314446296 10.013593448 -0.020533421 0.019551835 -0.147525760 0.988651736
1317401301.902504921 375.019732690 -166.402106082 10.005137745 -0.020603508 0.019150248 -0.130058667 0.991107212
1317401302.006445885 375.292134318 -166.481225121 9.990900113 -0.018465309 0.019093689 -0.111990446 0.993354219
1317401302.110363960 375.612169294 -166.538134959 9.989666752 -0.016751328 0.018083838 -0.093825751 0.995283425
1317401302.214283943 375.929858172 -166.594515231 9.982928574 -0.016876126 0.016856157 -0.075195292 0.996883511
1317401302.318178892 376.252797029 -166.637743095 9.961705713 -0.018638804 0.015576213 -0.055234277 0.998177916
1317401302.422049999 376.582395404 -166.657058173 9.950869484 -0.018291059 0.014454757 -0.035456433 0.999099264
1317401302.525968075 376.933599921 -166.683674556 9.940035161 -0.018445974 0.012473941 -0.016514341 0.999615638
1317401302.629909992 377.303887403 -166.687770592 9.927631330 -0.018664692 0.009719715 0.001256519 0.999777764
1317401302.733875990 377.704709944 -166.687748047 9.915761706 -0.020602949 0.006741855 0.018051909 0.999602018
1317401302.837892056 378.098243533 -166.641489834 9.890112515 -0.023086583 0.004936903 0.033695747 0.999153258
1317401302.942027092 378.469934281 -166.627554114 9.881429743 -0.024974258 0.004831400 0.045197315 0.998654168
1317401303.046281099 378.905496450 -166.598748722 9.874815549 -0.024146340 0.005055979 0.052828073 0.998298846
1317401303.150558949 379.359135497 -166.555412806 9.870714599 -0.025947528 0.004676714 0.057425983 0.998001558
1317401303.254837036 379.804958893 -166.496204793 9.864837855 -0.023398780 0.004905611 0.061425650 0.997825296
1317401303.359091997 380.328138704 -166.428207301 9.863753805 -0.021623499 0.004649678 0.065519795 0.997606115
1317401303.463325024 380.873525464 -166.346193732 9.863152754 -0.021547557 0.003508507 0.069242357 0.997360962
1317401303.567532063 381.481372306 -166.255908396 9.849198201 -0.023004422 0.002624692 0.072953538 0.997066542
1317401303.671737909 382.064392176 -166.162069717 9.835657062 -0.024766427 0.002617572 0.075640093 0.996824131
1317401303.775968075 382.674181392 -166.060070246 9.833887018 -0.024611577 0.002631549 0.077523437 0.996683230
1317401303.880199909 383.250636489 -165.974765426 9.825023132 -0.024912641 0.002662644 0.078485575 0.996600364
1317401303.984406948 383.910251915 -165.859039155 9.828747400 -0.024550432 0.002470410 0.079012225 0.996568232
1317401304.088614941 384.562024375 -165.759303264 9.815965110 -0.025245009 0.002264158 0.079156366 0.996539930
1317401304.192795992 385.298433604 -165.632281094 9.809217459 -0.024585578 0.002250459 0.079475132 0.996531077
1317401304.296955109 385.984645135 -165.523864229 9.802740871 -0.024179470 0.002954240 0.079779519 0.996514854
1317401304.401089907 386.673465157 -165.400205297 9.797841554 -0.025412037 0.004079343 0.080038144 0.996459474
1317401304.505198956 387.410308212 -165.286843063 9.793219453 -0.023910500 0.005057522 0.080457277 0.996458397
1317401304.609286070 388.193684454 -165.148689438 9.795911426 -0.024146032 0.004891112 0.081159437 0.996396604
1317401304.713350058 388.977493749 -165.009800115 9.786371614 -0.024237293 0.004242236 0.082148974 0.996316267
1317401304.817411900 389.757087671 -164.882035383 9.774026160 -0.025074970 0.003955519 0.083228844 0.996207087
1317401304.921449900 390.570487192 -164.736195015 9.758397575 -0.027123609 0.004700170 0.084356126 0.996055351
1317401305.025489807 391.385079513 -164.590315453 9.744046351 -0.026500317 0.006096257 0.085495343 0.995967427
1317401305.129529953 392.221646157 -164.433951569 9.748886857 -0.026733967 0.006417411 0.086967021 0.995831737
1317401305.233519077 393.054356430 -164.283865637 9.730750926 -0.027043131 0.006585258 0.088903907 0.995651244
1317401305.337507725 393.929898840 -164.117752329 9.719887807 -0.025901466 0.007177450 0.091151946 0.995474219
1317401305.441499949 394.797483791 -163.945720126 9.714703098 -0.026613889 0.007479260 0.093343676 0.995250079
1317401305.545466900 395.686751811 -163.767436199 9.710249421 -0.026485847 0.006917123 0.095597407 0.995043612
1317401305.649409056 396.561727899 -163.587419589 9.689646639 -0.027507715 0.006663851 0.097978254 0.994785997
1317401305.753350973 397.411711636 -163.412496831 9.680423227 -0.028316282 0.007190505 0.100300090 0.994528218
1317401305.857319117 398.326807871 -163.211276934 9.670883978 -0.029493001 0.008161200 0.101654210 0.994349023
1317401305.961308956 399.233161352 -163.019242346 9.659696126 -0.028470453 0.009434708 0.102627656 0.994267562
1317401306.065321922 400.099030876 -162.830997249 9.657930391 -0.029780690 0.009924600 0.103645531 0.994118814
1317401306.169338226 400.976542384 -162.647831311 9.636924097 -0.029928390 0.011291598 0.104828386 0.993975755
1317401306.273330927 401.901654880 -162.445631165 9.626975919 -0.029251525 0.012750915 0.105848225 0.993870170
1317401306.377321005 402.774096370 -162.253341423 9.615623504 -0.027765116 0.014083777 0.106594263 0.993815078
1317401306.481337070 403.679443193 -162.050897581 9.597768077 -0.029328384 0.014070693 0.106843296 0.993743615
1317401306.585352898 404.567085817 -161.847065182 9.582299574 -0.026686587 0.014282545 0.106361837 0.993866689
1317401306.689342976 405.440199664 -161.651035661 9.564360333 -0.026749408 0.013676287 0.105939035 0.993918683
1317401306.793333054 406.316649936 -161.451270903 9.544852350 -0.025793203 0.013161347 0.105380024 0.994010332
1317401306.897347927 407.178724675 -161.261250801 9.529261149 -0.025931125 0.012531739 0.103871132 0.994173687
1317401307.001360893 408.081108580 -161.073442074 9.514552114 -0.024735355 0.012427349 0.102099734 0.994388942
1317401307.105376005 408.945621040 -160.885046097 9.499200542 -0.023864561 0.012603647 0.100064282 0.994614885
1317401307.209393978 409.814745796 -160.705174694 9.483793858 -0.021671156 0.013192637 0.098337359 0.994829673
1317401307.313409090 410.702563040 -160.529403559 9.468912708 -0.020728137 0.013815486 0.096535391 0.995017786
1317401307.417398930 411.571339834 -160.351487023 9.453670276 -0.019816653 0.014354633 0.094978505 0.995178541
1317401307.521388054 412.437230162 -160.185540227 9.445253927 -0.018564232 0.014464181 0.093482064 0.995342785
1317401307.625401974 413.302043013 -160.016033927 9.425860415 -0.018072226 0.014734577 0.092290892 0.995459029
1317401307.729393959 414.167976905 -159.841650461 9.408168153 -0.018655531 0.015284057 0.091803812 0.995485022
1317401307.833360910 415.022900749 -159.689673036 9.382357731 -0.018337538 0.018010748 0.090944683 0.995524190
1317401307.937350988 415.859181455 -159.535970521 9.370639588 -0.018338325 0.020508647 0.090454976 0.995520466
1317401308.041341066 416.697700644 -159.361901731 9.355025037 -0.015229835 0.022226567 0.090148221 0.995563825
1317401308.145306110 417.515488704 -159.215838655 9.340196515 -0.019840597 0.021757435 0.089792296 0.995525142
1317401308.249274015 418.291439444 -159.054943792 9.309038317 -0.018893904 0.022060236 0.089798475 0.995536338
1317401308.353266954 419.076415701 -158.897833821 9.300188981 -0.013722344 0.021576163 0.090068326 0.995607284
1317401308.457257032 419.814252788 -158.760854159 9.277974464 -0.014204293 0.020289669 0.090164581 0.995618861
1317401308.561249018 420.545920907 -158.618367804 9.253177880 -0.014797996 0.018643346 0.090368203 0.995623941
1317401308.665239096 421.266367429 -158.485377000 9.236410795 -0.014772504 0.017036481 0.090842815 0.995609921
1317401308.769206047 421.957003593 -158.351457096 9.219446319 -0.015852771 0.016369606 0.091125043 0.995578702
1317401308.873195887 422.617253019 -158.228607908 9.201005223 -0.016464618 0.016332822 0.091403403 0.995543858
1317401308.977180004 423.254360787 -158.102136014 9.196072342 -0.017193259 0.016038222 0.091867747 0.995493588
1317401309.081147909 423.851570991 -157.989690373 9.184053757 -0.017459308 0.015815724 0.092435464 0.995439963
1317401309.185120106 424.425618721 -157.870453627 9.174649006 -0.017508452 0.016008767 0.092948574 0.995388234
1317401309.289114952 424.987301196 -157.761789505 9.170874346 -0.017612494 0.015299026 0.093116675 0.995381849
1317401309.393105984 425.506453440 -157.660669609 9.162806554 -0.017748639 0.014707524 0.093510560 0.995351420
1317401309.497092962 425.989637235 -157.568359091 9.153232897 -0.017635836 0.014769083 0.093331595 0.995369311
1317401309.601109982 426.539882000 -157.456370029 9.142839103 -0.017841649 0.015014758 0.093377947 0.995357620
1317401309.705123901 426.996472290 -157.364980237 9.138301086 -0.017655420 0.015229414 0.093378265 0.995357650
1317401309.809112072 427.470929185 -157.271228501 9.128290575 -0.017280789 0.015599921 0.093369301 0.995359327
1317401309.913103104 427.885626378 -157.191775103 9.117069755 -0.016673330 0.016542796 0.093235574 0.995367000
1317401310.017117023 428.305588589 -157.110492250 9.120209942 -0.017152140 0.016791703 0.092799674 0.995395431
1317401310.121130943 428.681516566 -157.044402388 9.110959572 -0.017696938 0.016578913 0.091847058 0.995477813
1317401310.225171089 429.061545764 -156.971439311 9.101177320 -0.018826903 0.016192404 0.089585116 0.995669554
1317401310.329210043 429.415162697 -156.907428678 9.096596119 -0.018891856 0.016197315 0.086625986 0.995930059
1317401310.433227062 429.716593912 -156.852965947 9.093786798 -0.018161007 0.015519332 0.084175890 0.996164518
1317401310.537240028 430.043407600 -156.787507192 9.088740939 -0.017550316 0.014966391 0.081771490 0.996384171
1317401310.641253948 430.317527940 -156.739502904 9.081004993 -0.016988134 0.014932623 0.079225004 0.996600130
1317401310.745245934 430.589984115 -156.696225367 9.075543619 -0.016815162 0.014916810 0.076930718 0.996783027
1317401310.849235058 430.837372460 -156.649267399 9.075863211 -0.017000407 0.014267720 0.074700042 0.996959037
1317401310.953250885 431.112995498 -156.611214430 9.069034167 -0.016018011 0.013190032 0.072522929 0.997150877
1317401311.057241201 431.351133618 -156.578200030 9.066327184 -0.015587825 0.012464127 0.070329239 0.997324152
1317401311.161228895 431.600585899 -156.538243114 9.060724431 -0.015282755 0.012230177 0.068314909 0.997471771
1317401311.265222073 431.847555706 -156.501283229 9.058650746 -0.015425550 0.011862376 0.066457077 0.997599516
1317401311.369190931 432.091890920 -156.470534677 9.055985766 -0.015057555 0.011531080 0.064705301 0.997724174
1317401311.473133087 432.336573158 -156.438893381 9.052713934 -0.014093103 0.011546094 0.063209754 0.997833954
1317401311.577049971 432.573219622 -156.400234064 9.051014631 -0.013862474 0.011335105 0.062327021 0.997895130
1317401311.680974960 432.812616063 -156.366200541 9.046667846 -0.013733165 0.011267756 0.061839700 0.997927998
1317401311.784919024 433.052930634 -156.333314767 9.046053298 -0.013540847 0.010944025 0.061704104 0.997942622
1317401311.888854980 433.288394227 -156.302167067 9.043575027 -0.013360381 0.011019731 0.061583071 0.997951698
1317401311.992796898 433.529974361 -156.270992743 9.030897626 -0.013347638 0.011070702 0.061643093 0.997947598
1317401312.096740961 433.783996363 -156.235885416 9.028468480 -0.012954324 0.009936292 0.062079360 0.997937678
1317401312.200659990 434.052500391 -156.205145906 9.028711126 -0.011167367 0.008559843 0.062195499 0.997964798
1317401312.304578066 434.342433387 -156.173759792 9.018695609 -0.008648863 0.008276627 0.062136945 0.997995839
1317401312.408504009 434.656069358 -156.125756453 9.013940408 -0.008139441 0.008779195 0.062648741 0.997963832
1317401312.512423992 434.972843502 -156.087575845 9.013313115 -0.009400418 0.009189433 0.063233643 0.997912167
1317401312.616336107 435.312018564 -156.034202121 9.009289825 -0.011172263 0.009422025 0.063965605 0.997845082
1317401312.720231056 435.664322299 -155.983108250 9.006762215 -0.012073478 0.009629151 0.064970508 0.997767680
1317401312.824101925 436.023258969 -155.930788992 9.000921525 -0.012337204 0.009963155 0.066143799 0.997684082
1317401312.927994013 436.410231891 -155.883961616 8.988106123 -0.013342104 0.010572023 0.067218913 0.997593022
1317401313.031888962 436.799327039 -155.821993786 8.975757472 -0.013180469 0.011115200 0.068451880 0.997505422
1317401313.135785103 437.193585783 -155.768950156 8.971830729 -0.011407010 0.010926837 0.069479887 0.997458285
1317401313.239705086 437.614584270 -155.710289415 8.974262773 -0.009773568 0.011191848 0.070327404 0.997413293
1317401313.343597889 438.038498644 -155.652214676 8.968107946 -0.010852720 0.011975644 0.071285800 0.997324991
1317401313.447494984 438.479811819 -155.568023335 8.957131622 -0.012940472 0.013161414 0.072407732 0.997204313
1317401313.551389933 438.957206797 -155.494996498 8.949520482 -0.015696844 0.013430528 0.073236901 0.997100590
1317401313.655283928 439.443800602 -155.414118184 8.933775115 -0.017270526 0.012349462 0.074192341 0.997017912
1317401313.759200096 439.948642702 -155.338749931 8.911099857 -0.016768456 0.012213845 0.075124796 0.996958327
1317401313.863095999 440.464865447 -155.253301240 8.904082107 -0.014713807 0.013011766 0.075784376 0.996930753
1317401313.967015028 441.014616561 -155.168736772 8.897152109 -0.014058532 0.013474961 0.076407165 0.996886517
1317401314.070956945 441.568039799 -155.082688264 8.882200007 -0.014452858 0.013632912 0.077120635 0.996823789
1317401314.174876928 442.134522486 -154.987391779 8.861301735 -0.014638524 0.013572293 0.078017680 0.996752100
1317401314.278820038 442.735532269 -154.887712552 8.848808626 -0.014893724 0.014049709 0.078673257 0.996690173
1317401314.382786036 443.332391823 -154.787497658 8.838630806 -0.015308216 0.014090288 0.079406746 0.996625151
1317401314.486752987 443.977492159 -154.687078817 8.821843876 -0.014990150 0.013922219 0.080185431 0.996569999
1317401314.590696096 444.614469268 -154.585418029 8.799621354 -0.014555298 0.014106411 0.080966519 0.996510700
1317401314.694641113 445.261328796 -154.467695206 8.784726153 -0.014655986 0.014255784 0.081744638 0.996443570
1317401314.798608065 445.989283560 -154.342892414 8.763387816 -0.014905821 0.014289781 0.082571418 0.996371206
1317401314.902573109 446.661066119 -154.223865161 8.747196166 -0.013970484 0.014507986 0.083364281 0.996315583
1317401315.006539106 447.345420602 -154.101366210 8.726710416 -0.014489931 0.014912621 0.084149759 0.996236154
1317401315.110505104 448.118768714 -153.966948877 8.705089446 -0.013915300 0.015372019 0.084696518 0.996191029
1317401315.214497089 448.844904192 -153.840020323 8.685251686 -0.014228741 0.015532230 0.085157956 0.996144776
1317401315.318485975 449.626823453 -153.694833577 8.660705263 -0.013762749 0.015808139 0.085576185 0.996111141
1317401315.422452927 450.384535055 -153.559865659 8.649887000 -0.014145956 0.014889811 0.085840827 0.996097153
1317401315.526396990 451.183636020 -153.417805062 8.615405913 -0.014104808 0.014752642 0.086171124 0.996071258
1317401315.630337954 451.960046342 -153.270345465 8.596835062 -0.015401115 0.014622720 0.086371639 0.996036607
1317401315.734304905 452.807268675 -153.122071255 8.570497614 -0.015008231 0.014847501 0.086524579 0.996026005
1317401315.838272095 453.660831104 -152.969008397 8.550189538 -0.015140737 0.015299625 0.086616435 0.996009173
1317401315.942238092 454.524294285 -152.814936450 8.530181301 -0.014924263 0.015925812 0.086729922 0.995992749
1317401316.046204090 455.351787028 -152.662521088 8.504209449 -0.015259174 0.016758038 0.087055923 0.995945577
1317401316.150196075 456.217688531 -152.502070157 8.484273866 -0.015172119 0.017252331 0.086859520 0.995955615
1317401316.254188061 457.087737331 -152.341231463 8.457416087 -0.015246079 0.017222335 0.086042020 0.996025963
1317401316.358179092 457.989743426 -152.182504221 8.440716332 -0.015320470 0.016212800 0.085003148 0.996130962
1317401316.462193966 458.886427047 -152.030119117 8.406648851 -0.015138635 0.016028437 0.083946523 0.996226326
1317401316.566184044 459.762915511 -151.872696230 8.381018593 -0.013794670 0.016430219 0.082816748 0.996333850
1317401316.670150042 460.673337657 -151.726636531 8.360458377 -0.011820478 0.016803722 0.082341845 0.996392358
1317401316.774116755 461.569803666 -151.566150870 8.346667996 -0.010156121 0.016190179 0.081884472 0.996458561
1317401316.878084898 462.509603016 -151.400627646 8.321409394 -0.010345531 0.015378682 0.081580118 0.996494431
1317401316.982050896 463.391452957 -151.250566598 8.298895897 -0.011275016 0.015617737 0.081580849 0.996480569
1317401317.086018085 464.282399428 -151.106628740 8.287131371 -0.009565306 0.016549814 0.081624139 0.996479859
1317401317.189982891 465.192371190 -150.947991129 8.267449155 -0.009878365 0.017552841 0.081598615 0.996461731
1317401317.293948889 466.104959558 -150.791813549 8.251573763 -0.009085969 0.018313457 0.081526289 0.996461503
1317401317.397917032 466.972404824 -150.637522930 8.232545636 -0.008651173 0.018382563 0.081584987 0.996459296
1317401317.501859188 467.881656943 -150.491186913 8.210012560 -0.008187682 0.018248468 0.081813192 0.996446966
1317401317.605777979 468.740903091 -150.336676418 8.192156010 -0.006987240 0.017887005 0.082257153 0.996426111
1317401317.709697008 469.582714036 -150.196753292 8.174792240 -0.006122204 0.017250137 0.083395138 0.996348434
1317401317.813619852 470.484718424 -150.041874423 8.145341919 -0.006213942 0.017257356 0.085219707 0.996193341
1317401317.917515993 471.364909699 -149.881068341 8.126239358 -0.006303292 0.017897961 0.087509704 0.995982923
1317401318.021380901 472.179366947 -149.736691787 8.115967976 -0.005135488 0.019105581 0.090136694 0.995732886
1317401318.125276089 473.020628614 -149.582479770 8.094436950 -0.005881201 0.020018338 0.092768504 0.995469077
1317401318.229193926 473.860364128 -149.409328091 8.075781245 -0.005803182 0.021124530 0.095166530 0.995220282
1317401318.333137035 474.653733905 -149.256829893 8.048140583 -0.006697271 0.022580096 0.096994574 0.995006200
1317401318.437127113 475.449205504 -149.088452634 8.032449587 -0.006363988 0.023652624 0.098338129 0.994851580
1317401318.541116953 476.225017039 -148.929220992 8.012708660 -0.007708036 0.023835839 0.099363601 0.994735801
1317401318.645107031 476.996298266 -148.770195649 7.989268731 -0.007934364 0.024302790 0.099746891 0.994684361
1317401318.749123096 477.735806894 -148.617129414 7.968634781 -0.009041117 0.024907407 0.100242935 0.994610091
1317401318.853163004 478.411995742 -148.468134631 7.946344949 -0.008484038 0.025869294 0.100047742 0.994610100
1317401318.957226992 479.127885505 -148.317206361 7.921108138 -0.009898659 0.026104799 0.099728255 0.994622959
1317401319.061266899 479.809705807 -148.177048265 7.902567038 -0.010263138 0.025998794 0.099135627 0.994681285
1317401319.165306091 480.458841451 -148.033622444 7.876071443 -0.010211768 0.026129907 0.098691986 0.994722494
1317401319.269345999 481.100324811 -147.904659858 7.859658466 -0.010045311 0.026482080 0.097739584 0.994808909
1317401319.373383999 481.714487273 -147.770510801 7.836315624 -0.010295601 0.026735801 0.096548702 0.994915849
1317401319.477446079 482.331228832 -147.647423302 7.818129361 -0.008886600 0.025988249 0.095244249 0.995074958
1317401319.581510067 482.933392012 -147.527303529 7.791252497 -0.010482404 0.024426026 0.093612073 0.995253871
1317401319.685570955 483.516486210 -147.421371670 7.766323641 -0.010007478 0.023282239 0.091765133 0.995458160
1317401319.789633036 484.110568329 -147.307675295 7.744693836 -0.010613909 0.022531610 0.089276659 0.995695410
1317401319.893699884 484.702285112 -147.189129763 7.720569244 -0.011009059 0.022542774 0.086763564 0.995913002
1317401319.997764111 485.286567927 -147.085904256 7.699043332 -0.009047172 0.022822416 0.084013115 0.996162177
1317401320.101824045 485.868723730 -146.980290934 7.685144274 -0.009017491 0.022411640 0.081804730 0.996355554
1317401320.205862999 486.447684942 -146.884703917 7.663368948 -0.010313170 0.021830741 0.079642293 0.996531064
1317401320.309905052 487.029926138 -146.784904436 7.642750831 -0.009058872 0.021975782 0.077350678 0.996720560
1317401320.413943052 487.558334910 -146.704310463 7.625182077 -0.009966672 0.021466012 0.075617895 0.996855962
1317401320.517977953 488.170056233 -146.607830020 7.614493119 -0.008643799 0.021248672 0.073960525 0.996997302
1317401320.621990919 488.682169998 -146.530434629 7.592434176 -0.006835035 0.021566419 0.072857161 0.997085757
1317401320.725982904 489.249109606 -146.446957926 7.578430035 -0.006633953 0.021525134 0.072273157 0.997130508
1317401320.829998016 489.773407774 -146.360098484 7.565026520 -0.006542792 0.021247981 0.072487257 0.997121514
1317401320.933986902 490.284705114 -146.283956760 7.554202352 -0.005081859 0.021396504 0.072938750 0.997093929
1317401321.037977934 490.842229724 -146.199854503 7.542571044 -0.005360542 0.021814403 0.074024748 0.997003377
1317401321.141969919 491.302581859 -146.129960664 7.526815086 -0.003776070 0.022390810 0.075361690 0.996897692
1317401321.245938063 491.822332516 -146.046203350 7.512699600 -0.004283690 0.022164793 0.076942110 0.996779957
1317401321.349931002 492.273175539 -145.973455643 7.505838094 -0.005242960 0.021550958 0.078854428 0.996639377
1317401321.453917980 492.752260607 -145.894878604 7.487496239 -0.005309778 0.021433654 0.080905772 0.996477125
1317401321.557907104 493.187863362 -145.818319661 7.473613769 -0.005803090 0.021185056 0.083037052 0.996304354
1317401321.661900043 493.676351882 -145.739843279 7.458712084 -0.004539958 0.020561101 0.084893735 0.996167498
1317401321.765892029 494.096279877 -145.664706475 7.447865297 -0.002788251 0.020155852 0.087035411 0.995997392
1317401321.869905949 494.574070363 -145.583772409 7.436422121 -0.002042351 0.020305448 0.089170009 0.995807324
1317401321.973917007 494.996191615 -145.502552797 7.411709474 -0.002132970 0.020414001 0.091785680 0.995567229
1317401322.077908039 495.426006490 -145.421562100 7.410193259 -0.002788840 0.020797796 0.094062697 0.995345108
1317401322.181900978 495.874698860 -145.331101094 7.395058074 -0.003242465 0.020822678 0.096363856 0.995123063
1317401322.285940886 496.301119947 -145.232240842 7.384019847 -0.004073324 0.020615627 0.098459058 0.994919202
1317401322.390003920 496.730089169 -145.157618718 7.371187028 -0.004313465 0.020513777 0.099795588 0.994787123
1317401322.494062901 497.158179908 -145.062313089 7.362567223 -0.004192757 0.020370048 0.100189117 0.994751036
1317401322.598150969 497.571483675 -144.977636303 7.351524312 -0.003764992 0.020234517 0.100229299 0.994751465
1317401322.702240944 497.994460421 -144.892740227 7.339781590 -0.003189981 0.020433771 0.099603402 0.994812267
1317401322.806325912 498.412942091 -144.803648633 7.329347062 -0.003423709 0.020511476 0.098704871 0.994899445
1317401322.910413027 498.833600820 -144.718181168 7.315493303 -0.003688068 0.020547226 0.097945543 0.994972804
1317401323.014475107 499.262729509 -144.630481317 7.295947407 -0.003508773 0.019963665 0.097356951 0.995043097
1317401323.118513107 499.703266134 -144.536625172 7.277219425 -0.002689266 0.019855189 0.096603316 0.995121268
1317401323.222552061 500.144890942 -144.454898020 7.269380900 -0.000438954 0.021085757 0.095511611 0.995204869
1317401323.326615095 500.597865244 -144.371176078 7.268428509 0.000806723 0.022383788 0.094278168 0.995293897
1317401323.430653095 501.048164039 -144.274396893 7.255438783 0.000007684 0.021742791 0.092931414 0.995435082
1317401323.534691095 501.515291722 -144.189476410 7.237259263 -0.001904108 0.020515515 0.091639434 0.995579079
1317401323.638731956 501.991471062 -144.093351233 7.207328293 -0.003446328 0.020435958 0.090620864 0.995669801
1317401323.742747068 502.475280336 -144.004884302 7.183859036 -0.002141119 0.020951789 0.089928311 0.995725533
1317401323.846735954 502.965633342 -143.911420781 7.172768196 0.001157838 0.021010873 0.089932566 0.995725533
1317401323.950701714 503.455722029 -143.834915396 7.170049628 0.003440840 0.021381356 0.089870858 0.995717946
1317401324.054668903 503.965459489 -143.732690840 7.151870846 0.001993327 0.023104031 0.090117915 0.995661083
1317401324.158633947 504.475416137 -143.628044713 7.131052521 -0.000477407 0.023901226 0.090884772 0.995574438
1317401324.262603045 505.003942728 -143.528668152 7.110810885 -0.002173122 0.023290003 0.091762181 0.995506181
1317401324.366571665 505.537093941 -143.426752779 7.087444245 -0.002577968 0.023091746 0.093044525 0.995390798
1317401324.470513105 506.096188447 -143.317438130 7.064831993 -0.001449733 0.023321088 0.095059925 0.995197285
1317401324.574409008 506.650188197 -143.209394047 7.049604591 -0.000416219 0.023516247 0.097927002 0.994915632
1317401324.678282022 507.216306431 -143.085748884 7.026746992 -0.000147577 0.022710529 0.101877239 0.994537701
1317401324.782125711 507.804971837 -142.962198657 7.004805723 -0.000639779 0.021835325 0.106991002 0.994019987
1317401324.885946989 508.377095522 -142.826312182 6.981421738 -0.001913253 0.020673717 0.113015594 0.993376269
1317401324.989744902 508.978676455 -142.678384525 6.955319905 -0.002774565 0.019074443 0.120284219 0.992552353
1317401325.093544960 509.586166990 -142.517074949 6.928700139 -0.002776076 0.018091659 0.128164272 0.991584038
1317401325.197345972 510.189057380 -142.351429601 6.903140846 -0.003880588 0.018001244 0.136666417 0.990445953
1317401325.301168919 510.790463415 -142.169287564 6.885376823 -0.006659752 0.017988072 0.144095776 0.989377827
1317401325.405064106 511.396033667 -141.984643367 6.863020971 -0.010109129 0.018049346 0.150443758 0.988402095
1317401325.509006023 512.019472189 -141.767334926 6.847356814 -0.014259697 0.017800963 0.154730790 0.987693358
1317401325.612996101 512.643587824 -141.565805306 6.821533136 -0.015688387 0.017448668 0.157648567 0.987216465
1317401325.717010975 513.286886042 -141.348609953 6.801736763 -0.016194883 0.017281228 0.159231315 0.986957179
1317401325.821072102 513.924957375 -141.131751386 6.778443604 -0.019481367 0.017218621 0.159920086 0.986787496
1317401325.925158978 514.565708141 -140.915225819 6.751277912 -0.021846568 0.017746789 0.158994424 0.986878185
1317401326.029269934 515.234950711 -140.693259463 6.727474479 -0.023439768 0.018532310 0.156471556 0.987230360
1317401326.133405924 515.926940808 -140.469156892 6.704625661 -0.023978626 0.019239203 0.152581255 0.987812654
1317401326.237562895 516.606859712 -140.248637116 6.680136755 -0.024780318 0.019062592 0.147969650 0.988497616
1317401326.341744900 517.301195509 -140.030396258 6.654707409 -0.025815257 0.018250890 0.142452169 0.989296648
1317401326.445910931 518.045406989 -139.812386439 6.634157309 -0.025915927 0.017351573 0.136192866 0.990191290
1317401326.550045967 518.748082115 -139.609697853 6.604489295 -0.025574064 0.016810744 0.130363245 0.990993840
1317401326.654149771 519.474651458 -139.411655312 6.561967409 -0.030222720 0.016288241 0.124588383 0.991614348
1317401326.758235931 520.260851848 -139.207344624 6.555417210 -0.026775375 0.016670005 0.118051210 0.992506475
1317401326.862299919 521.040045844 -139.009039489 6.524304070 -0.026362433 0.016791349 0.111998784 0.993216666
1317401326.966341019 521.793431344 -138.832482166 6.505750206 -0.026901842 0.016796638 0.106756985 0.993779206
1317401327.070332050 522.599275331 -138.649225555 6.477062905 -0.026255499 0.016632404 0.102013427 0.994297376
1317401327.174298048 523.396923122 -138.479811334 6.460716800 -0.024806161 0.016084896 0.098297372 0.994717828
1317401327.278240919 524.205403954 -138.311150538 6.432911382 -0.025008519 0.015642709 0.095247562 0.995016473
1317401327.382135153 525.014490440 -138.145282797 6.406399875 -0.024533752 0.015520786 0.092843457 0.995257400
1317401327.486006021 525.853410756 -137.990561152 6.377246223 -0.025140084 0.015506033 0.091324540 0.995383026
1317401327.589850903 526.674465725 -137.824826080 6.355328884 -0.025443054 0.015728936 0.090488193 0.995448210
1317401327.693696976 527.545808132 -137.657864423 6.336558654 -0.024802155 0.016240598 0.090229349 0.995479664
1317401327.797569036 528.350175548 -137.516728394 6.309178707 -0.026543214 0.017518694 0.090369978 0.995400332
1317401327.901439905 529.225327827 -137.340068838 6.278179438 -0.026524858 0.020365052 0.090490035 0.995335747
1317401328.005287886 530.090178795 -137.184927121 6.252204876 -0.027385297 0.023649572 0.090646150 0.995225612
1317401328.109134912 530.947612436 -137.010245492 6.219048165 -0.027043482 0.026076945 0.090977131 0.995144113
1317401328.213002920 531.792151529 -136.848461831 6.196116824 -0.027804087 0.026629512 0.091381534 0.995071463
1317401328.316874027 532.659317512 -136.676680759 6.162133239 -0.028158610 0.025818524 0.091797079 0.995044618
1317401328.420743942 533.531791031 -136.508888887 6.122507827 -0.027003171 0.025087185 0.092452600 0.995034662
1317401328.524614096 534.389338888 -136.339439035 6.077824545 -0.027977951 0.025172467 0.093054753 0.994949443
1317401328.628485918 535.241615728 -136.171980166 6.041948268 -0.027664635 0.025700226 0.093499826 0.994902985
1317401328.732357025 536.077376290 -136.010980852 6.007993101 -0.028613973 0.025883181 0.094241050 0.994801451
1317401328.836227894 536.907760226 -135.841508105 5.972648745 -0.028995097 0.025679070 0.094781307 0.994744376
1317401328.940099001 537.755397509 -135.681264768 5.929627275 -0.029176375 0.025150471 0.095271106 0.994705790
1317401329.043968916 538.575751692 -135.506119951 5.901988407 -0.029007218 0.024564220 0.095939558 0.994661139
1317401329.147864103 539.423474694 -135.343287159 5.852802310 -0.030035075 0.024866690 0.096097417 0.994607877
1317401329.251782894 540.250627326 -135.175138678 5.821664403 -0.032419768 0.026014443 0.096029090 0.994510242
1317401329.355704069 541.093973044 -135.004869825 5.773462036 -0.031713949 0.027932003 0.095813658 0.994501771
1317401329.459621906 541.910061091 -134.841620865 5.755995788 -0.032154533 0.027515644 0.095380608 0.994540856
1317401329.563564062 542.729960634 -134.673945779 5.711061353 -0.033545320 0.026339549 0.094969745 0.994566080
1317401329.667505980 543.536160046 -134.509307969 5.669812251 -0.033524619 0.025991733 0.094577197 0.994613334
1317401329.771425009 544.338250950 -134.347591128 5.623483768 -0.031038385 0.026765509 0.093792013 0.994747850
1317401329.875368118 545.102907027 -134.194576459 5.596052962 -0.033208947 0.027088799 0.093254553 0.994719534
1317401329.979335070 545.869826670 -134.042500569 5.569993668 -0.034078130 0.027491825 0.092422012 0.994756780
1317401330.083302259 546.594858148 -133.900130619 5.531251777 -0.035517119 0.027441968 0.091852577 0.994760563
1317401330.187244892 547.343036923 -133.756863724 5.504815566 -0.035289260 0.027797504 0.091060975 0.994831577
1317401330.291188955 548.051323293 -133.623995145 5.478263679 -0.035265715 0.027786204 0.090413290 0.994891800
1317401330.395129204 548.726052874 -133.500744010 5.452461805 -0.036335307 0.027728299 0.089856465 0.994905374
1317401330.499046803 549.410596288 -133.356686493 5.411372199 -0.034598659 0.027600994 0.089714864 0.994983598
1317401330.602988958 550.067503520 -133.237532742 5.387598476 -0.034940000 0.027259498 0.089724387 0.994980226
1317401330.706933975 550.688903066 -133.111442165 5.365478094 -0.035365500 0.026420571 0.089742829 0.994986160
1317401330.810877085 551.296302177 -133.002198052 5.331243391 -0.036218123 0.025675922 0.089722840 0.994976787
1317401330.914819002 551.907931476 -132.881262596 5.312675472 -0.035466298 0.024112394 0.089884571 0.995028391
1317401331.018785954 552.476242132 -132.767513414 5.297944948 -0.035086720 0.022214416 0.089914948 0.995083285
1317401331.122776031 553.059481415 -132.669878643 5.268875424 -0.034211778 0.020310681 0.089469881 0.995194539
1317401331.226766109 553.625495003 -132.556052034 5.250541035 -0.035110219 0.018480249 0.089342081 0.995210403
1317401331.330755949 554.183878887 -132.449999995 5.220824358 -0.034936245 0.017144646 0.088824313 0.995286773
1317401331.434746981 554.726514400 -132.345011648 5.204892552 -0.034283147 0.017030053 0.088365953 0.995352250
1317401331.538764000 555.289576598 -132.250853580 5.190067750 -0.031858900 0.017771812 0.087395745 0.995505478
1317401331.642777205 555.805716857 -132.159919858 5.176618657 -0.031559205 0.018293643 0.086379673 0.995594250
1317401331.746790886 556.318353216 -132.065205414 5.171386781 -0.032486139 0.018435701 0.085087450 0.995673090
1317401331.850832939 556.818754487 -131.970054899 5.152778456 -0.034141368 0.018490804 0.083419752 0.995757803
1317401331.954896927 557.299724106 -131.891334127 5.137192253 -0.034716076 0.018555330 0.080673823 0.995962965
1317401332.058958054 557.761926076 -131.812295425 5.125926934 -0.033426411 0.018412050 0.077121458 0.996291098
1317401332.163069010 558.200222433 -131.739528531 5.116819759 -0.031921800 0.017770535 0.072509708 0.996698324
1317401332.267230034 558.631013912 -131.675758627 5.109709073 -0.032447182 0.017520694 0.067044339 0.997068334
1317401332.371388912 559.052960002 -131.623761575 5.097343137 -0.034319892 0.017669797 0.060955507 0.997393779
1317401332.475544930 559.453723707 -131.566553992 5.083756310 -0.035084724 0.017461248 0.054299807 0.997755330
1317401332.579703093 559.833899141 -131.524402009 5.073193329 -0.034145820 0.016792956 0.047021825 0.998168827
1317401332.683887005 560.217656484 -131.488721461 5.071284564 -0.033032029 0.016014268 0.038698693 0.998576406
1317401332.788094044 560.566023894 -131.456953400 5.066501236 -0.032609974 0.015342383 0.029101214 0.998926584
1317401332.892298937 560.914500012 -131.434672181 5.056584528 -0.031976648 0.014863309 0.018900674 0.999199350
1317401332.996506929 561.245174833 -131.426551921 5.050291474 -0.030550858 0.014073302 0.007897046 0.999402934
1317401333.100713015 561.560591062 -131.423202998 5.044842179 -0.028856063 0.013165624 -0.003942184 0.999489096
1317401333.204919100 561.870995301 -131.427543554 5.036935372 -0.026413780 0.012113956 -0.015704028 0.999454325
1317401333.309101105 562.171553131 -131.443613764 5.046076695 -0.023670170 0.011357107 -0.027759806 0.999269800
1317401333.413261175 562.452139447 -131.451874821 5.036318853 -0.021960715 0.010450327 -0.039889883 0.998908061
1317401333.517420053 562.739278051 -131.475168097 5.045877695 -0.019848074 0.009105535 -0.052225064 0.998396557
1317401333.621581078 563.008754537 -131.501402175 5.048101937 -0.019531447 0.008149146 -0.064895643 0.997667615
1317401333.725716114 563.292123786 -131.533510985 5.048438803 -0.020286221 0.007889608 -0.078080255 0.996709435
1317401333.829849958 563.552124842 -131.568194317 5.039775601 -0.021238101 0.008481965 -0.091437346 0.995548196
1317401333.933984041 563.824188749 -131.620927706 5.033178085 -0.020972867 0.009934872 -0.105489402 0.994149598
1317401334.038094997 564.092829171 -131.672015772 5.031054854 -0.019377655 0.011794417 -0.119905205 0.992526141
1317401334.142205954 564.349156073 -131.746051402 5.037219358 -0.017101085 0.013312691 -0.134155735 0.990723253
1317401334.246290922 564.599569812 -131.809182594 5.037228588 -0.014324614 0.014718065 -0.148266301 0.988734185
1317401334.350353956 564.849357709 -131.886036899 5.045455886 -0.011757803 0.015770912 -0.162426252 0.986524579
1317401334.454392910 565.106984050 -131.963859214 5.048258579 -0.009931873 0.016203124 -0.176551789 0.984107861
1317401334.558407068 565.359594235 -132.071782476 5.052980786 -0.008923764 0.016582730 -0.190557170 0.981495463
1317401334.662396908 565.616962594 -132.170511097 5.053202446 -0.009056232 0.017487539 -0.204139981 0.978743602
1317401334.766362906 565.889351543 -132.288261568 5.051051594 -0.009226675 0.018271304 -0.217672316 0.975807251
1317401334.870283127 566.192935707 -132.434253260 5.047866125 -0.008649064 0.019068422 -0.230032466 0.972957683
1317401334.974083900 566.513829661 -132.579138029 5.036730924 -0.006745167 0.019159575 -0.239012341 0.970804056
1317401335.077740908 566.825537139 -132.734996928 5.035072779 -0.003489503 0.018469258 -0.243232297 0.969785935
1317401335.181345940 567.096678996 -132.871402186 5.045232320 -0.001561201 0.018699109 -0.243728554 0.969661950
1317401335.284976959 567.366868088 -133.006401079 5.031116454 -0.001279829 0.020009176 -0.242378245 0.969974629
1317401335.388581991 567.643947995 -133.140974707 5.028733483 -0.001720341 0.020855646 -0.238414798 0.970937931
1317401335.492187977 567.875026755 -133.246184113 5.024976645 -0.001632749 0.020799787 -0.231054138 0.972717168
1317401335.595844030 568.071821588 -133.351592965 5.014066970 -0.002276714 0.020487645 -0.222379451 0.974742249
1317401335.699498892 568.300877096 -133.470712293 5.003018906 -0.001924404 0.019858845 -0.213547495 0.976728924
1317401335.803103924 568.536112071 -133.539826230 4.994564008 -0.000677316 0.019089679 -0.201338559 0.979335443
1317401335.906711102 568.731185966 -133.646597591 4.993043400 0.001499378 0.018518369 -0.186005884 0.982372960
1317401336.010343075 568.913944528 -133.682004844 4.994081416 0.002695984 0.018455527 -0.169592107 0.985337832
1317401336.113975048 569.149103111 -133.787492114 4.989151379 0.003265642 0.018932092 -0.150046645 0.988492244
1317401336.217603922 569.333521405 -133.822033819 4.982510141 0.003130605 0.019266669 -0.128134939 0.991564638
1317401336.321259022 569.491327860 -133.827996073 4.981665357 0.002177801 0.019883363 -0.105226207 0.994247129
1317401336.424961090 569.688300770 -133.867476174 4.976045254 0.000980928 0.021005163 -0.081407589 0.996459043
1317401336.528687954 569.848581302 -133.842829599 4.970214629 -0.000195526 0.021933929 -0.057353485 0.998112941
1317401336.632440090 570.000067845 -133.872516867 4.962655394 -0.000665401 0.022379861 -0.032546872 0.999219395
1317401336.736212969 570.167149264 -133.835775845 4.953187653 -0.000876642 0.022581438 -0.008560833 0.999707969
1317401336.839987040 570.323000037 -133.836859664 4.949055289 -0.000943558 0.022783717 0.015354616 0.999622052
1317401336.943763018 570.483971762 -133.798020861 4.940204794 -0.001078368 0.023307186 0.038920741 0.998969863
1317401337.047538996 570.649177551 -133.791100795 4.935137688 -0.001424816 0.024729698 0.063091110 0.997700318
1317401337.151313066 570.826611404 -133.784166839 4.924465084 -0.001589345 0.026803777 0.086890827 0.995855921
1317401337.255085707 570.989505495 -133.721776315 4.915555252 -0.000975511 0.028842155 0.111019137 0.993399179
1317401337.358865976 571.164645102 -133.670062124 4.911028926 0.000065235 0.030808684 0.135824202 0.990253809
1317401337.462640047 571.324138731 -133.589069181 4.909250170 0.000534513 0.032910477 0.161230590 0.986367736
1317401337.566411972 571.498381772 -133.526394495 4.902903802 -0.000130875 0.035115283 0.186117688 0.981899743
1317401337.670236111 571.668898418 -133.458790301 4.900526561 -0.001554496 0.037612337 0.209847507 0.977009171
1317401337.774153948 571.816488033 -133.350254021 4.892579652 -0.003426376 0.039664209 0.231138711 0.972105913
1317401337.878168106 571.983704189 -133.294300878 4.883738333 -0.005143665 0.041333626 0.249035008 0.967598387
1317401337.982278109 572.171870591 -133.224868021 4.866731927 -0.005882937 0.042671451 0.263794624 0.963616591
1317401338.086438894 572.344573462 -133.134668306 4.857044385 -0.005709769 0.044424781 0.275975991 0.960120352
1317401338.190623045 572.533831256 -133.032803614 4.849792709 -0.004953251 0.046590528 0.286704686 0.956872620
1317401338.294803858 572.734323818 -132.917547074 4.856013004 -0.006411814 0.046665036 0.295780792 0.954093804
1317401338.399009943 572.900976778 -132.802308954 4.835208185 -0.009500187 0.043059093 0.303668886 0.951756728
1317401338.503312111 573.106044774 -132.680609117 4.810630158 -0.012732303 0.039410542 0.308806316 0.950222793
1317401338.607640028 573.332883688 -132.517188237 4.753484337 -0.013203643 0.038240572 0.312049410 0.949204134
1317401338.711919069 573.560864204 -132.360288294 4.752403057 -0.011148294 0.037844707 0.314501782 0.948436673
1317401338.816245079 573.785728336 -132.214846818 4.746368555 -0.010481606 0.034217519 0.314569979 0.948559448
1317401338.920669079 574.029498081 -132.011641638 4.728893013 -0.012888136 0.027576478 0.311690886 0.949695859
1317401339.025139093 574.276901065 -131.803360355 4.678946163 -0.015473138 0.019148988 0.305984512 0.951718118
1317401339.129635096 574.539099358 -131.606342191 4.634583498 -0.015154282 0.012006047 0.297506633 0.954523968
1317401339.234154940 574.823404208 -131.433301832 4.621847408 -0.015015760 0.006210324 0.285550324 0.958225950
1317401339.338649035 575.140958085 -131.228549249 4.587327428 -0.018220416 0.000842995 0.272723411 0.961919563
1317401339.443022966 575.454556501 -130.944866162 4.546287617 -0.020456032 -0.003087308 0.260278125 0.965312031
1317401339.547348976 575.797699203 -130.751208341 4.520662692 -0.020063797 -0.001972161 0.247581385 0.968657325
1317401339.651649952 576.169807936 -130.579555012 4.533333222 -0.021268750 0.002698946 0.234744757 0.971820588
1317401339.755882025 576.555173446 -130.351417050 4.530034064 -0.024151154 0.008670881 0.223060934 0.974466704
1317401339.860064983 576.952207199 -130.160952862 4.538208964 -0.027188942 0.014568821 0.212944664 0.976577227
1317401339.964198112 577.364540081 -129.964669609 4.554527721 -0.028589525 0.018124547 0.203881016 0.978410278
1317401340.068309069 577.791253627 -129.772200218 4.549456332 -0.028002677 0.019636858 0.195074594 0.980191893
1317401340.172395945 578.232515490 -129.599339749 4.541057583 -0.026967227 0.019187191 0.187269591 0.981750844
1317401340.276459932 578.691695753 -129.400288788 4.515453649 -0.025412415 0.018005177 0.179177326 0.983323705
1317401340.380497932 579.184573604 -129.210947226 4.491363392 -0.025214874 0.016350299 0.170834732 0.984841293
1317401340.484513998 579.692837803 -129.047791642 4.459133864 -0.024323760 0.016306536 0.163118706 0.986171759
1317401340.588529110 580.230187131 -128.863961910 4.430613362 -0.024092482 0.017800765 0.155587435 0.987367832
1317401340.692518950 580.780654990 -128.668105278 4.415321156 -0.023479320 0.020915605 0.149072288 0.988326217
1317401340.796462059 581.363439725 -128.475556785 4.383158043 -0.023435929 0.023422301 0.143173920 0.989142751
1317401340.900381088 581.963738304 -128.294318635 4.371920592 -0.021697753 0.024157560 0.138867348 0.989778500
1317401341.004252911 582.587578432 -128.115991118 4.341648916 -0.017712284 0.024003025 0.136054824 0.990252097
1317401341.108099937 583.219259770 -127.926484715 4.322167169 -0.014217956 0.022841102 0.134249957 0.990582194
1317401341.211971998 583.866660894 -127.750072633 4.291825166 -0.014791671 0.021015018 0.132673182 0.990826626
1317401341.315864086 584.550983568 -127.543571312 4.231255153 -0.017283213 0.020630167 0.130630061 0.991065827
1317401341.419780970 585.237530465 -127.365316162 4.214477647 -0.018929202 0.020233950 0.127983043 0.991389234
1317401341.523750067 585.970895462 -127.171639812 4.167430949 -0.021064148 0.020618101 0.124364711 0.991798676
1317401341.627763987 586.706362881 -126.979659746 4.130327424 -0.023391328 0.021735891 0.119658482 0.992301489
1317401341.731777906 587.457122704 -126.796554950 4.102183736 -0.023386195 0.022527575 0.114940401 0.992841527
1317401341.835768938 588.230391412 -126.609912584 4.069260090 -0.023462351 0.022576436 0.109928653 0.993406017
1317401341.939759970 589.059888180 -126.405432348 4.040221245 -0.026966546 0.019990319 0.104728588 0.993934160
1317401342.043751001 589.845593343 -126.231540636 3.998389539 -0.029372287 0.017690112 0.100786352 0.994317072
1317401342.147717953 590.679070004 -126.063566948 3.947724341 -0.027788665 0.018985795 0.096294136 0.994783780
1317401342.251661062 591.502242965 -125.900733995 3.908294494 -0.027060870 0.022138145 0.092023552 0.995142843
1317401342.355581045 592.335962451 -125.738931476 3.878684113 -0.026423218 0.024231130 0.088667554 0.995415858
1317401342.459497929 593.208039078 -125.563015106 3.857993943 -0.027016228 0.023188594 0.086228480 0.995639022
1317401342.563394070 594.063118255 -125.406912571 3.819224333 -0.027482125 0.020862867 0.084951336 0.995787499
1317401342.667261839 594.970153358 -125.246396275 3.765414646 -0.027701200 0.019261528 0.083361550 0.995948035
1317401342.771133900 595.849295703 -125.088056919 3.736995814 -0.025288803 0.018497700 0.082180717 0.996124812
1317401342.875005007 596.771584847 -124.927347005 3.690353836 -0.023949830 0.018429983 0.081234464 0.996236771
1317401342.978878021 597.682852545 -124.774386029 3.661788654 -0.021508910 0.019873857 0.080802750 0.996299810
1317401343.082726955 598.579991729 -124.633932410 3.620583625 -0.020310345 0.023653780 0.080942155 0.996231076
1317401343.186571121 599.506572297 -124.489591618 3.596953838 -0.018112459 0.026330753 0.080469453 0.996244597
1317401343.290441036 600.438303470 -124.329447396 3.557657760 -0.017368109 0.026520146 0.080344297 0.996262929
1317401343.394310951 601.363460921 -124.172503594 3.516482600 -0.019857942 0.025113303 0.080079555 0.996274184
1317401343.498183012 602.342259937 -124.006563312 3.473686339 -0.021642423 0.023315937 0.080666614 0.996233341
1317401343.602076054 603.304504591 -123.839794119 3.419988936 -0.023627872 0.022504037 0.081727379 0.996120438
1317401343.705969095 604.210653908 -123.676323998 3.384880216 -0.022319833 0.021652765 0.081724429 0.996169715
1317401343.809864998 605.194112279 -123.513677777 3.346874979 -0.023936945 0.020859096 0.082203277 0.996109704
1317401343.913759947 606.161814252 -123.344073305 3.304680850 -0.023033995 0.021613065 0.082444848 0.996094954
1317401344.017654896 607.124054320 -123.184288855 3.262478779 -0.023248273 0.023171678 0.083488413 0.995968010
1317401344.121540070 608.081387486 -123.018416294 3.224686444 -0.022160684 0.025127026 0.083867621 0.995913530
1317401344.225409031 609.029671203 -122.854962038 3.200685956 -0.020888472 0.025807719 0.084812031 0.995843639
1317401344.329315186 609.992730670 -122.683126858 3.163183672 -0.019945410 0.024654821 0.084924128 0.995882630
1317401344.433211088 610.948276486 -122.512649783 3.126737539 -0.021418538 0.022740707 0.085320864 0.995863674
1317401344.537106037 611.913233846 -122.340540109 3.079240856 -0.022080793 0.021951416 0.086007536 0.995807852
1317401344.640976906 612.869587592 -122.166674585 3.043934808 -0.021951645 0.022569936 0.087107875 0.995701231
1317401344.744822979 613.816787461 -121.988497671 3.001290358 -0.020769874 0.024154897 0.088375711 0.995577665
1317401344.848716021 614.771924740 -121.818236491 2.965715382 -0.020143368 0.026012215 0.089157570 0.995474026
1317401344.952609062 615.713100080 -121.639388418 2.928370752 -0.017462104 0.027794566 0.090069012 0.995394449
1317401345.056480885 616.649653598 -121.458546186 2.905964369 -0.015530874 0.027031275 0.091225889 0.995342122
1317401345.160353899 617.596995016 -121.286574488 2.859667545 -0.012342885 0.025261929 0.092151376 0.995347985
1317401345.264222860 618.518699076 -121.116653997 2.830026314 -0.011023977 0.023285189 0.093339960 0.995300921
1317401345.368118048 619.439348401 -120.933535749 2.777928371 -0.009746321 0.022265533 0.094687605 0.995210286
1317401345.472012043 620.365703832 -120.755311034 2.750695536 -0.008880206 0.022649975 0.095748761 0.995108183
1317401345.575882912 621.276989119 -120.564101832 2.704873162 -0.009198505 0.024580982 0.096937056 0.994944406
1317401345.679754972 622.177071404 -120.381045534 2.683054898 -0.010042107 0.026869801 0.097782217 0.994794355
1317401345.783626080 623.055583712 -120.197098699 2.646290512 -0.010739471 0.028336344 0.098328503 0.994692526
1317401345.887521982 623.933172910 -120.021311858 2.622603491 -0.010826488 0.028539467 0.098430301 0.994675707
1317401345.991416931 624.797645251 -119.847186308 2.585712786 -0.011389069 0.027986556 0.098494242 0.994678805
1317401346.095286131 625.634884630 -119.665106063 2.545977303 -0.012409810 0.026951023 0.098507523 0.994693876
1317401346.199157953 626.451303811 -119.508998661 2.516765676 -0.011572407 0.026151026 0.098445357 0.994731479
1317401346.303051949 627.256528176 -119.349336722 2.483453801 -0.010682481 0.026430153 0.098246914 0.994753676
1317401346.406970978 628.013343954 -119.198701091 2.449091965 -0.010898050 0.027849524 0.098083621 0.994728727
1317401346.510889053 628.771015098 -119.039228035 2.429079715 -0.010703843 0.028555402 0.097815241 0.994737249
1317401346.614806890 629.481206403 -118.888646419 2.403531954 -0.009641680 0.028641506 0.097093057 0.994816385
1317401346.718750954 630.169239614 -118.752833880 2.383665588 -0.009551619 0.026876012 0.096081404 0.994964728
1317401346.822741985 630.848649677 -118.613599115 2.350310951 -0.010966795 0.024378363 0.094444182 0.995171202
1317401346.926733017 631.491804743 -118.477142510 2.321831853 -0.012127510 0.022833762 0.092495630 0.995377366
1317401347.030724049 632.097766668 -118.361107611 2.303656870 -0.012435997 0.021321155 0.090287050 0.995609865
1317401347.134738922 632.690655293 -118.246625265 2.282406927 -0.011851898 0.020465273 0.087906142 0.995847988
1317401347.238754034 633.280147856 -118.163845355 2.266584609 -0.011430280 0.019811697 0.084892696 0.996127540
1317401347.342791080 633.801136051 -118.047126226 2.254250294 -0.013646208 0.018972695 0.081682883 0.996384326
1317401347.446855068 634.325296805 -117.974404613 2.244731373 -0.014853169 0.017723325 0.076905758 0.996770170
1317401347.550940990 634.815278544 -117.887178701 2.227481503 -0.016366611 0.017196556 0.070994386 0.997194168
1317401347.655075073 635.289721162 -117.819383915 2.214118459 -0.016311325 0.017245228 0.064069567 0.997663086
1317401347.759234905 635.726634985 -117.745310516 2.210015107 -0.015739305 0.016316173 0.056424607 0.998149448
1317401347.863390923 636.138657471 -117.693817749 2.201334805 -0.015857888 0.015219742 0.047508187 0.998628990
1317401347.967549086 636.540869310 -117.655044073 2.198674949 -0.016344768 0.014914424 0.037423268 0.999054507
1317401348.071732998 636.933135251 -117.625359314 2.188551664 -0.015983445 0.015573524 0.026061956 0.999411211
1317401348.175939083 637.326659924 -117.597179987 2.185871760 -0.014340377 0.015602017 0.013611996 0.999682772
1317401348.280170918 637.705978017 -117.575668323 2.176915308 -0.014821249 0.014263201 -0.000050805 0.999788422
1317401348.384428024 638.080770538 -117.578645974 2.178556217 -0.016031860 0.013260779 -0.014841144 0.999673382
1317401348.488657951 638.441632194 -117.581959124 2.166694881 -0.017549240 0.014021236 -0.029922682 0.999299786
1317401348.592889071 638.810887594 -117.617104894 2.170957102 -0.018133610 0.015799171 -0.046033742 0.998650316
1317401348.697118998 639.156398093 -117.641296208 2.164810000 -0.019289858 0.018056927 -0.062973695 0.997665356
1317401348.801348209 639.502350335 -117.689040677 2.156327431 -0.019984220 0.019552324 -0.080655887 0.996349821
1317401348.905603886 639.845839819 -117.734393185 2.151042285 -0.019205714 0.020813612 -0.098953878 0.994688928
1317401349.009856939 640.179525954 -117.816820500 2.148445896 -0.018419046 0.022251666 -0.119114529 0.992460242
1317401349.114089012 640.496343585 -117.879430071 2.153692914 -0.018065366 0.025121139 -0.139736730 0.989705116
1317401349.218297005 640.830305803 -117.966054117 2.141206651 -0.021057998 0.029581440 -0.160293616 0.986401265
1317401349.322478056 641.164179432 -118.070863449 2.131445444 -0.021768338 0.033762038 -0.180938344 0.982673689
1317401349.426589966 641.472087295 -118.192490847 2.113452006 -0.021533021 0.035261975 -0.200819753 0.978756532
1317401349.530675888 641.785964691 -118.327004884 2.112213140 -0.018123849 0.033650665 -0.220704521 0.974591542
1317401349.634763956 642.075856057 -118.482952316 2.101386409 -0.012579038 0.031269924 -0.240692060 0.970016130
1317401349.738826036 642.366834595 -118.635707761 2.116396698 -0.009826284 0.028313243 -0.260051875 0.965129435
1317401349.842890024 642.665676772 -118.808621475 2.116425975 -0.012168482 0.025620250 -0.279599137 0.959697793
1317401349.946930885 643.007073645 -118.990541085 2.103151555 -0.017430693 0.023728535 -0.299224687 0.953728323
1317401350.050944090 643.308643336 -119.205799872 2.084352755 -0.023245860 0.022430832 -0.317570408 0.947684295
1317401350.154910326 643.640856937 -119.433678111 2.041873142 -0.027716845 0.020722058 -0.335754338 0.941313655
1317401350.258827925 643.965217378 -119.691742631 2.011308705 -0.026955959 0.019329161 -0.352240544 0.935321527
1317401350.362747908 644.278803090 -119.979295451 2.004145141 -0.022558788 0.017199551 -0.368474966 0.929204755
1317401350.466640949 644.586206620 -120.283496440 2.012425232 -0.017835389 0.015265747 -0.384598854 0.922785228
1317401350.570511103 644.933338473 -120.601490749 2.007722548 -0.014250685 0.011764822 -0.400072937 0.916296978
1317401350.674381018 645.252022054 -120.969757149 2.027915223 -0.014738076 0.009900769 -0.415245270 0.909536217
1317401350.778228045 645.581824572 -121.348025828 2.010034501 -0.019527532 0.011203968 -0.429084680 0.902983657
1317401350.882050991 645.933576547 -121.746357422 2.000206748 -0.024624271 0.014098429 -0.442779810 0.896181298
1317401350.985898972 646.246118736 -122.160239333 1.985585688 -0.027571594 0.016726622 -0.456444537 0.889167257
1317401351.089794159 646.588791829 -122.653738531 1.996809878 -0.027311506 0.017470259 -0.469757877 0.882199755
1317401351.193710089 646.885947035 -123.089014494 2.002237623 -0.028451885 0.018188779 -0.483685783 0.874590031
1317401351.297629118 647.238830930 -123.652817426 2.005552900 -0.032566301 0.019693635 -0.497031858 0.866897300
1317401351.401525974 647.546424800 -124.127494426 1.991776323 -0.037591094 0.021460680 -0.509816031 0.859193787
1317401351.505397081 647.851049620 -124.729469287 1.990541684 -0.039394934 0.021900953 -0.522882999 0.851211934
1317401351.609292030 648.139897615 -125.303209318 1.995503283 -0.039859064 0.021308997 -0.535753295 0.843164034
1317401351.713210106 648.460718120 -125.931877570 1.999396857 -0.041125810 0.020092772 -0.547780167 0.835369282
1317401351.817128897 648.731781648 -126.545556066 2.005270940 -0.041864990 0.019611707 -0.560870633 0.826611660
1317401351.921024084 649.002436272 -127.228191329 2.017653505 -0.042139773 0.019214169 -0.573684954 0.817765632
1317401352.024893999 649.251887751 -127.914877043 2.031763228 -0.041449861 0.018506991 -0.585236025 0.809591376
1317401352.128740072 649.477943597 -128.645339468 2.053593439 -0.039535701 0.018058787 -0.596049263 0.801770594
1317401352.232563019 649.719602785 -129.366529725 2.064419493 -0.037604509 0.018240799 -0.606478637 0.794000527
1317401352.336364985 649.935875043 -130.164417363 2.085292037 -0.035973258 0.017517488 -0.615723364 0.786945869
1317401352.440114975 650.120883390 -130.894922011 2.108655660 -0.033423304 0.014247536 -0.622962960 0.781407090
1317401352.543816090 650.308630222 -131.701640867 2.136513761 -0.032170634 0.010971559 -0.629378242 0.776355398
1317401352.647494793 650.494376379 -132.483154140 2.150561330 -0.031361062 0.009220255 -0.634755290 0.772021497
1317401352.751151085 650.659187176 -133.322665751 2.171358280 -0.029895905 0.008104769 -0.639629750 0.768058807
1317401352.854804993 650.814589420 -134.190479756 2.200690797 -0.027451064 0.006888966 -0.641628180 0.766493483
1317401352.958482027 650.978997653 -135.045535067 2.227018344 -0.025898976 0.006090770 -0.643295597 0.765155488
1317401353.062161922 651.147046200 -135.904557760 2.250222309 -0.024726751 0.005818889 -0.644685924 0.764025384
1317401353.165862799 651.305583286 -136.780136040 2.274268877 -0.023763036 0.005233199 -0.645922439 0.763015160
1317401353.269589901 651.440354926 -137.675447339 2.309206379 -0.023509466 0.003914849 -0.646133730 0.762852006
1317401353.373342037 651.606313959 -138.586102139 2.329398760 -0.023064737 0.002635392 -0.646648962 0.762434386
1317401353.477091074 651.752610104 -139.497032049 2.353065349 -0.021710982 0.001791941 -0.647122346 0.762074859
1317401353.580817938 651.933885932 -140.461542846 2.386492013 -0.020290177 0.000602744 -0.646338984 0.762780351
1317401353.684567690 652.086818109 -141.408892981 2.420428932 -0.019063980 -0.000925605 -0.646537392 0.762643500
1317401353.788342953 652.261684215 -142.375738735 2.443763375 -0.017964587 -0.000640348 -0.646063899 0.763071623
1317401353.892133236 652.431314025 -143.340813324 2.468550582 -0.015119802 0.000465101 -0.646211068 0.763008801
1317401353.995944977 652.577537759 -144.328134655 2.497121901 -0.012875902 0.002107206 -0.646000538 0.763225442
1317401354.099766970 652.757684008 -145.361214302 2.528756683 -0.011815680 0.002230282 -0.645493461 0.763671138
1317401354.203589916 652.935702348 -146.377347121 2.547073612 -0.011662014 0.001904743 -0.644525609 0.764491406
1317401354.307436943 653.128337525 -147.423019749 2.573010327 -0.011285469 0.000233341 -0.643771591 0.765134447
1317401354.411283970 653.310860603 -148.445091068 2.597080658 -0.010512529 -0.001874640 -0.643007687 0.765785275
1317401354.515091896 653.500472635 -149.523771133 2.620789223 -0.010139664 -0.003261517 -0.641595661 0.766969072
1317401354.618902922 653.691148416 -150.561203438 2.638618594 -0.008416556 -0.003421256 -0.640255147 0.768108588
1317401354.722728014 653.890306531 -151.609561203 2.666881659 -0.006612358 -0.002821813 -0.639261034 0.768956205
1317401354.826571941 654.073751247 -152.682996439 2.696488681 -0.006107619 -0.002111134 -0.638702986 0.769426238
1317401354.930418968 654.287597699 -153.757146457 2.720651649 -0.007099173 -0.001678496 -0.638310243 0.769744645
1317401355.034266949 654.534857542 -154.852564741 2.747139312 -0.008499520 -0.001422106 -0.637660202 0.770269565
1317401355.138137102 654.717916352 -155.928241373 2.763782404 -0.009319522 -0.000879673 -0.637663632 0.770258051
1317401355.242032051 654.935337954 -157.005530369 2.787094677 -0.009956317 -0.000594921 -0.637712944 0.770209530
1317401355.345951080 655.159008764 -158.126073666 2.820375363 -0.010464376 -0.001726294 -0.637877867 0.770064506
1317401355.449843884 655.358483234 -159.237344542 2.846294682 -0.011265002 -0.001904658 -0.638109472 0.769860879
1317401355.553739071 655.576293742 -160.336064741 2.870708890 -0.011197629 -0.001696087 -0.638136034 0.769840333
1317401355.657634020 655.798236846 -161.452913636 2.898302514 -0.010497126 -0.000893167 -0.638544776 0.769512561
1317401355.761528969 656.006265163 -162.584411108 2.926930134 -0.010421425 0.000538114 -0.638825382 0.769280987
1317401355.865469933 656.219673870 -163.687265490 2.960247860 -0.011183149 0.002096570 -0.639334713 0.768844371
1317401355.969414949 656.447061712 -164.820158121 2.982540425 -0.012125309 0.003150052 -0.639701348 0.768521463
1317401356.073334932 656.665717380 -165.968037787 3.002468064 -0.012491011 0.004424509 -0.640000541 0.768260181
1317401356.177252054 656.875582141 -167.077135718 3.024904210 -0.012190514 0.005437181 -0.640283768 0.768022477
1317401356.281172991 657.108760794 -168.202153660 3.050885488 -0.012043131 0.004932249 -0.640398795 0.767932301
1317401356.385114908 657.300562669 -169.327597746 3.079347874 -0.012199204 0.002913448 -0.640625245 0.767751253
1317401356.489058971 657.531715005 -170.480414420 3.097657024 -0.011782864 0.000586416 -0.640712742 0.767690043
1317401356.592978954 657.731131065 -171.608127055 3.124172970 -0.010966723 -0.000327836 -0.640786856 0.767640430
1317401356.696870089 657.933960728 -172.727900874 3.148311907 -0.009523871 0.000081604 -0.640878576 0.767583181
1317401356.800765038 658.158127440 -173.905858130 3.174728145 -0.007946754 0.001294464 -0.641068013 0.767441839
1317401356.904685020 658.364653007 -175.042208202 3.200659918 -0.006949158 0.002726275 -0.641342794 0.767218155
1317401357.008578062 658.589219895 -176.209863593 3.223058966 -0.006245317 0.002725590 -0.641426308 0.767154390
1317401357.112449884 658.805611037 -177.366924732 3.244272895 -0.006286044 0.001562011 -0.641279615 0.767279936
1317401357.216297865 659.012388425 -178.510909845 3.263022934 -0.006907468 -0.000256976 -0.640918938 0.767577446
1317401357.320143223 659.222606155 -179.646244606 3.286190526 -0.007823222 -0.001480815 -0.640478243 0.767935040
1317401357.423990011 659.439163782 -180.863978057 3.311262226 -0.008805964 -0.001547603 -0.640211051 0.768147037
1317401357.527837038 659.665668235 -182.005454288 3.329056261 -0.009241619 -0.000462239 -0.640233795 0.768124382
1317401357.631680965 659.881811883 -183.178380118 3.355390691 -0.009563127 0.001434396 -0.639911472 0.768387790
1317401357.735505104 660.108949799 -184.337095999 3.384648190 -0.010833658 0.001813201 -0.639768813 0.768488913
1317401357.839306355 660.345146879 -185.530935683 3.410318521 -0.012198325 0.001812603 -0.639595277 0.768612905
1317401357.943105936 660.563691525 -186.720563972 3.430667872 -0.012698652 0.002449794 -0.639312024 0.768838656
1317401358.046902895 660.795324570 -187.887104472 3.457547103 -0.012587425 0.003496855 -0.639196866 0.768932179
1317401358.150677919 661.021561369 -189.110746544 3.492031015 -0.012408760 0.003794204 -0.639058968 0.769048283
1317401358.254427910 661.246850720 -190.266661654 3.510168499 -0.012080504 0.004481825 -0.638865633 0.769210425
1317401358.358177900 661.465745209 -191.442103534 3.536810702 -0.010687275 0.005377972 -0.638667796 0.769389567
1317401358.461930037 661.702093786 -192.634038088 3.559118632 -0.009283344 0.005922549 -0.638894002 0.769215962
1317401358.565656900 661.927205747 -193.813051993 3.587738879 -0.008628111 0.005563678 -0.638767347 0.769331448
1317401358.669382095 662.151934791 -194.988298492 3.603321739 -0.008393148 0.005286683 -0.638422671 0.769622049
1317401358.773133039 662.365568805 -196.156003787 3.625505602 -0.008403075 0.004728486 -0.638844005 0.769275872
1317401358.876909971 662.605766207 -197.350912841 3.643479954 -0.008546392 0.004194043 -0.638968132 0.769174295
1317401358.980685711 662.825025146 -198.520583176 3.662203699 -0.008425612 0.003830006 -0.639100912 0.769067204
1317401359.084484100 663.066283354 -199.703332743 3.681995410 -0.007406306 0.003787415 -0.639190643 0.769003332
1317401359.188282013 663.293791834 -200.875192125 3.707420535 -0.006874350 0.003786732 -0.638917924 0.769234873
1317401359.292079926 663.514206804 -202.060550893 3.727689235 -0.006558600 0.003783270 -0.639265427 0.768948884
1317401359.395878077 663.723791692 -203.217242897 3.743611064 -0.006648822 0.004617621 -0.638929384 0.769222798
1317401359.499676943 663.957054287 -204.383135803 3.763078017 -0.006870165 0.004932343 -0.639003295 0.769157501
1317401359.603473902 664.177123748 -205.549490283 3.779436654 -0.007585807 0.005143354 -0.639037071 0.769121332
1317401359.707268953 664.406296757 -206.704585866 3.798296130 -0.009133663 0.005499438 -0.639398381 0.768801693
1317401359.811115026 664.636456295 -207.855700250 3.814984117 -0.009930592 0.005085726 -0.639731558 0.768517438
1317401359.914966106 664.853689096 -209.000876348 3.839822171 -0.010602791 0.005179718 -0.640127419 0.768178130
1317401360.018812895 665.088045037 -210.175712059 3.855773690 -0.010046848 0.005797471 -0.640391681 0.767960901
1317401360.122684956 665.294523946 -211.307097418 3.883965889 -0.009245757 0.006470261 -0.640729572 0.767683702
1317401360.226577997 665.506758607 -212.454549553 3.899033795 -0.009358501 0.007160806 -0.641311129 0.767190444
1317401360.330472946 665.723613051 -213.593305351 3.917812837 -0.009545493 0.006807878 -0.641402390 0.767115057
1317401360.434349060 665.943387533 -214.741429392 3.942022328 -0.010396838 0.005966975 -0.641135003 0.767334483
1317401360.538219929 666.144985433 -215.867640066 3.957895121 -0.009845160 0.005168979 -0.640847319 0.767587824
1317401360.642064095 666.346093201 -216.968981297 3.976366537 -0.008642314 0.005721660 -0.640635928 0.767774824
1317401360.745910883 666.536893877 -218.098595741 3.999140231 -0.007013514 0.006304371 -0.640497260 0.767902549
1317401360.849757910 666.764157019 -219.216729227 4.017908472 -0.006030687 0.006295881 -0.640292438 0.768081758
1317401360.953582048 666.966585328 -220.322522911 4.035822310 -0.006458459 0.006100250 -0.639986194 0.768335048
1317401361.057427883 667.184277985 -221.429257052 4.049763631 -0.006783464 0.005086232 -0.639445384 0.768789773
1317401361.161271095 667.392414393 -222.525201669 4.066409336 -0.007213496 0.004411425 -0.639397125 0.768830164
1317401361.265094042 667.611284867 -223.648437983 4.079985374 -0.006884260 0.003537191 -0.638936650 0.769220419
1317401361.368918896 667.840704952 -224.742352111 4.097402724 -0.005779250 0.002742947 -0.638590233 0.769520364
1317401361.472740889 668.028840758 -225.877493650 4.111642543 -0.005258960 0.003218660 -0.638687446 0.769441570
1317401361.576538086 668.250006926 -226.970955993 4.127304137 -0.003978559 0.003654793 -0.638397138 0.769688189
1317401361.680335760 668.464536758 -228.088991948 4.145270626 -0.002996712 0.004637722 -0.638238699 0.769818728
1317401361.784135818 668.682640938 -229.171035954 4.162135612 -0.002662758 0.004839582 -0.638000172 0.770016408
1317401361.887937069 668.893397372 -230.293926558 4.170358088 -0.002678223 0.004199091 -0.637937381 0.770072135
1317401361.991733074 669.103274123 -231.397258011 4.182311392 -0.002861738 0.003076635 -0.637820580 0.770173521
1317401362.095508337 669.320445542 -232.493743755 4.191530292 -0.003093828 0.002057052 -0.637471038 0.770465361
1317401362.199284077 669.532490241 -233.604390681 4.203640668 -0.002734156 0.001402487 -0.637456225 0.770480447
1317401362.303083658 669.749374705 -234.709966481 4.222924236 -0.001950505 0.001358293 -0.637090644 0.770785224
1317401362.406907082 669.968330721 -235.810585253 4.239605134 -0.002269513 0.001414970 -0.636970323 0.770883685
1317401362.510730028 670.193390421 -236.930754761 4.258491344 -0.003457239 0.000454956 -0.637367118 0.770552397
1317401362.614552975 670.403214189 -238.040145249 4.267426976 -0.004628019 0.000565939 -0.637712481 0.770260380
1317401362.718400002 670.630174794 -239.157140667 4.280863342 -0.005104403 0.002128866 -0.638331433 0.769741772
1317401362.822247028 670.850129385 -240.268333300 4.298490054 -0.005383089 0.003817736 -0.638727579 0.769404657
1317401362.926069021 671.066998860 -241.404027627 4.313601247 -0.005893535 0.004690589 -0.639443461 0.768801226
1317401363.029891729 671.289723632 -242.511404438 4.323390748 -0.006761552 0.005615572 -0.640052760 0.768280685
1317401363.133713007 671.502452650 -243.626779505 4.339661109 -0.007932364 0.006120293 -0.640727423 0.767703061
1317401363.237559080 671.719154429 -244.761449136 4.351370706 -0.009009974 0.006409898 -0.641356241 0.767163546
1317401363.341407061 671.922824322 -245.881227616 4.363972393 -0.009514040 0.006382340 -0.641958115 0.766654112
1317401363.445252895 672.139733749 -246.995754992 4.378735768 -0.009368475 0.006595079 -0.642456920 0.766236153
1317401363.549098969 672.342899752 -248.122116696 4.395743761 -0.008494432 0.006418925 -0.642588042 0.766137879
1317401363.652924061 672.552891850 -249.252027746 4.405872028 -0.007325405 0.006286863 -0.642713005 0.766046217
1317401363.756746054 672.743289541 -250.356718970 4.426629434 -0.006261022 0.006024415 -0.642687189 0.766079424
1317401363.860543966 672.952013192 -251.486471996 4.438965405 -0.005498006 0.005492122 -0.642582533 0.766177066
1317401363.964344025 673.156782431 -252.601860433 4.456717274 -0.004773798 0.004911980 -0.642525325 0.766233835
1317401364.068144083 673.359279046 -253.752378935 4.464780822 -0.004323714 0.005425195 -0.642350516 0.766379598
1317401364.171916008 673.549173390 -254.856321720 4.472456281 -0.003565709 0.006343027 -0.642548099 0.766210801
1317401364.275716066 673.761138115 -255.986816796 4.490106946 -0.003199790 0.006531162 -0.642440511 0.766301047
1317401364.379517078 673.971500464 -257.134030591 4.498109306 -0.004344587 0.005864837 -0.642566270 0.766195352
1317401364.483289957 674.178335049 -258.245553329 4.508369684 -0.005120613 0.004943589 -0.642507434 0.766246395
1317401364.587063074 674.383333964 -259.367916468 4.521037623 -0.005753345 0.004701471 -0.642549483 0.766208168
1317401364.690862894 674.583040602 -260.480611330 4.536443019 -0.005971649 0.005066473 -0.642344606 0.766375938
1317401364.794684887 674.801987967 -261.628749256 4.547607243 -0.005493289 0.006075306 -0.642409606 0.766317697
1317401364.898508072 675.005467975 -262.755164143 4.560159830 -0.005376776 0.006973247 -0.642263863 0.766433033
1317401365.002305984 675.215493836 -263.863630274 4.575761417 -0.006257038 0.007365485 -0.641914896 0.766714983
1317401365.106105089 675.410560588 -264.960284075 4.586488314 -0.007109744 0.007482497 -0.641593974 0.766974991
1317401365.209902048 675.619713901 -266.094142817 4.595751602 -0.007770300 0.007973532 -0.641123360 0.767357076
1317401365.313678026 675.831472301 -267.187197044 4.603324549 -0.007966716 0.008478483 -0.640676459 0.767722816
1317401365.417476892 676.039508459 -268.320905075 4.615483389 -0.007982905 0.008740538 -0.640405351 0.767945872
1317401365.521275043 676.243729371 -269.403537037 4.629871990 -0.007756024 0.008836174 -0.640007598 0.768278621
1317401365.625029087 676.447787877 -270.503907916 4.636812793 -0.006731548 0.008570434 -0.639520957 0.768696416
1317401365.728779078 676.657705812 -271.590783229 4.651446906 -0.005863609 0.008872415 -0.639016692 0.769119345
1317401365.832552910 676.874438971 -272.719943436 4.660332094 -0.004724078 0.009240209 -0.638591349 0.769476049
1317401365.936326981 677.099744010 -273.831851243 4.670336439 -0.004124368 0.009234245 -0.638358220 0.769672984
1317401366.040102959 677.300759375 -274.944774571 4.678080932 -0.004120339 0.008739663 -0.637685447 0.770236270
1317401366.143878937 677.507159312 -276.025307037 4.678187996 -0.003964259 0.008079598 -0.637409822 0.770472403
1317401366.247678041 677.732448244 -277.127222778 4.682166944 -0.003350568 0.007438047 -0.637019703 0.770804351
1317401366.351476908 677.938619577 -278.227646117 4.693900983 -0.002439335 0.005697889 -0.636663954 0.771116459
1317401366.455275059 678.153909693 -279.336528258 4.706279210 -0.001770271 0.004659230 -0.636379425 0.771360088
1317401366.559074163 678.379656569 -280.452628469 4.713097974 -0.000934002 0.004335558 -0.636173817 0.771533023
1317401366.662873030 678.587871317 -281.511569334 4.722959163 -0.001033103 0.005102592 -0.635931252 0.771728151
1317401366.766671896 678.806995961 -282.613425699 4.728035987 -0.001001574 0.005626182 -0.635997855 0.771669665
1317401366.870493889 679.036407413 -283.706733616 4.732218104 -0.002272035 0.006147530 -0.636169735 0.771521298
1317401366.974363089 679.244581625 -284.765323429 4.740415082 -0.003547959 0.006128126 -0.636200097 0.771491604
1317401367.078211069 679.482397696 -285.919800450 4.744654705 -0.003973502 0.006454310 -0.636624274 0.771136879
1317401367.182033062 679.684232925 -286.975968211 4.749590997 -0.003292284 0.007246225 -0.636872863 0.770927759
1317401367.285856009 679.915128624 -288.067054867 4.762522081 -0.002947971 0.007607328 -0.637331375 0.770546661
1317401367.389702797 680.122877570 -289.160770958 4.772334627 -0.003752655 0.007239679 -0.637681089 0.770257316
1317401367.493549109 680.343108013 -290.259712831 4.776982754 -0.004931923 0.006887349 -0.637836282 0.770125391
1317401367.597373009 680.555636034 -291.357227361 4.781528514 -0.006002358 0.007255389 -0.638758302 0.769349831
1317401367.701220751 680.767899112 -292.435920078 4.785810704 -0.005539592 0.007686842 -0.639106327 0.769060029
1317401367.805067062 680.967767377 -293.501027068 4.794610885 -0.004038149 0.008340510 -0.639336163 0.768871511
1317401367.908937931 681.179888649 -294.583161777 4.804797695 -0.003256273 0.008483706 -0.639724341 0.768550708
1317401368.012833118 681.390521966 -295.661689725 4.813249025 -0.002677124 0.008027721 -0.640307652 0.768071937
1317401368.116703033 681.595879044 -296.749996496 4.816819869 -0.002511750 0.008013265 -0.640695706 0.767748976
1317401368.220571995 681.797467327 -297.816876944 4.821058644 -0.001864014 0.008294584 -0.641456097 0.767112639
1317401368.324443102 681.997475988 -298.905676160 4.819098453 -0.001321892 0.008545315 -0.641950954 0.766696943
1317401368.428316116 682.195633921 -299.989006465 4.826721396 -0.000967881 0.007820168 -0.642351807 0.766369405
1317401368.532162905 682.383309200 -301.044113747 4.829454303 -0.001241689 0.006408830 -0.642731570 0.766063649
1317401368.635984898 682.583355265 -302.112649632 4.832153753 -0.001025422 0.004877930 -0.642915605 0.765920805
1317401368.739815950 682.765080504 -303.184441976 4.846354012 -0.000579920 0.004057023 -0.643121943 0.765752813
1317401368.843661070 682.952617663 -304.217737848 4.846161789 -0.000022195 0.004377257 -0.643327106 0.765578915
1317401368.947520018 683.153451503 -305.371144724 4.857023761 0.000421266 0.005022133 -0.643304986 0.765593427
1317401369.051392078 683.347264542 -306.395135753 4.858230562 0.000118373 0.005878862 -0.643575175 0.765360319
1317401369.155262947 683.537984580 -307.505358866 4.865603578 -0.000559963 0.006718401 -0.643824146 0.765143789
1317401369.259135962 683.728257478 -308.542291146 4.868776694 -0.001577864 0.007338931 -0.643949328 0.765031315
1317401369.363006115 683.934261659 -309.663907347 4.873379203 -0.002428777 0.007388776 -0.644023457 0.764966204
1317401369.466852903 684.122730551 -310.725394718 4.881799002 -0.003075813 0.007103302 -0.644088060 0.764912187
1317401369.570702076 684.310673800 -311.767435867 4.884219202 -0.003490973 0.007177426 -0.644228564 0.764791380
1317401369.674576998 684.501692311 -312.852609867 4.887060769 -0.003105658 0.007706919 -0.644392542 0.764649730
1317401369.778424025 684.693878970 -313.915689392 4.898401056 -0.002810381 0.008573293 -0.644464606 0.764580912
1317401369.882241011 684.885677730 -314.986075882 4.900496460 -0.002305971 0.009510882 -0.644368244 0.764652726
1317401369.986062050 685.070764366 -316.023724144 4.901479584 -0.001750064 0.010596980 -0.644432407 0.764585845
1317401370.089885950 685.248528793 -317.052870333 4.909223334 -0.001592553 0.010845808 -0.644564987 0.764470934
1317401370.193708897 685.434109881 -318.096324074 4.919418952 -0.002227254 0.009257160 -0.644724966 0.764355325
1317401370.297530890 685.620928431 -319.145390576 4.916291868 -0.002849472 0.007946345 -0.644727060 0.764366244
1317401370.401328087 685.806237071 -320.213139808 4.910334838 -0.001655662 0.007063066 -0.644677596 0.764420152
1317401370.505129099 685.987463786 -321.225954482 4.918968059 -0.000290216 0.007155260 -0.644645739 0.764447899
1317401370.608952999 686.168572040 -322.274033911 4.923173252 0.000656598 0.007264320 -0.644728146 0.764377143
1317401370.712774992 686.364996606 -323.371155718 4.924144912 0.001164648 0.007847453 -0.644777211 0.764329385
1317401370.816572905 686.538472894 -324.371674907 4.935301504 0.001758870 0.007401995 -0.644873251 0.764251665
1317401370.920371056 686.719643862 -325.420017860 4.936633502 0.001634421 0.006596808 -0.644963085 0.764183506
1317401371.024168968 686.887733330 -326.409078518 4.934238354 0.002303208 0.005915044 -0.644848535 0.764284027
1317401371.127943993 687.069026588 -327.431422379 4.936175689 0.003212165 0.006059220 -0.644797822 0.764322404
1317401371.231720924 687.249835912 -328.459196892 4.939983455 0.003823258 0.005829791 -0.644592714 0.764494362
1317401371.335496902 687.430174433 -329.484695508 4.944635941 0.003591846 0.005471439 -0.644318653 0.764729126
1317401371.439271927 687.609000859 -330.473598113 4.944993557 0.002952687 0.005655528 -0.643814753 0.765154795
1317401371.543023109 687.794955263 -331.527669867 4.951071062 0.002282733 0.005125420 -0.642778360 0.766031657
1317401371.646750927 687.973676871 -332.508040150 4.949691677 0.001908066 0.004294926 -0.641074125 0.767464579
1317401371.750502110 688.158224788 -333.515332685 4.946694933 0.002858179 0.003741852 -0.638325039 0.769752541
1317401371.854249001 688.350000554 -334.492096240 4.950139341 0.003807991 0.004573814 -0.634441967 0.772947585
1317401371.957974672 688.527952632 -335.429649046 4.957785145 0.005545024 0.004425195 -0.629676309 0.776825216
1317401372.061702967 688.748391929 -336.423112960 4.966009140 0.004940079 0.004785395 -0.623957668 0.781427875
1317401372.165406942 688.987213441 -337.449994001 4.960851742 0.005598210 0.004202732 -0.617289227 0.786705159
1317401372.269084930 689.212049908 -338.320634737 4.959820905 0.006103760 0.004589872 -0.610033735 0.792338639
1317401372.372765303 689.472030632 -339.317392324 4.959673608 0.007293204 0.005006730 -0.601540823 0.798793077
1317401372.476466894 689.744632542 -340.259822079 4.962657660 0.008027411 0.005632792 -0.592869591 0.805238772
1317401372.580168962 690.039119917 -341.197578057 4.954573754 0.008730263 0.006423171 -0.583275221 0.812202279
1317401372.683871984 690.353962546 -342.062339195 4.957824737 0.008800236 0.007660684 -0.573814326 0.818902308
1317401372.787600040 690.672454992 -342.930934564 4.952587470 0.008812892 0.007654255 -0.563772416 0.825847691
1317401372.891302109 691.033382871 -343.851091372 4.946048470 0.007927322 0.007750194 -0.553172475 0.832992980
1317401372.994978905 691.408701900 -344.690981477 4.931771310 0.008034770 0.007515323 -0.542142609 0.840214469
1317401373.098656654 691.815549466 -345.562398985 4.925566042 0.008001509 0.008788102 -0.531820755 0.846773541
1317401373.202358961 692.222792241 -346.391917030 4.911753256 0.007797835 0.010066399 -0.521216937 0.853329225
1317401373.306087017 692.670667609 -347.242295471 4.903553077 0.008176761 0.010816077 -0.510436768 0.859808385
1317401373.409816027 693.130026876 -348.032061891 4.896441884 0.008036800 0.011028491 -0.500676241 0.865527056
1317401373.513544083 693.620454328 -348.882522208 4.880695907 0.007503858 0.011220861 -0.490169997 0.871522322
1317401373.617317915 694.112864065 -349.680003425 4.868236277 0.006818816 0.011382631 -0.480248635 0.877032033
1317401373.721138954 694.647857398 -350.473402069 4.850256791 0.005870344 0.012031810 -0.471363574 0.881837375
1317401373.824961901 695.172143448 -351.251393333 4.834092967 0.005132893 0.012929767 -0.462947344 0.886276611
1317401373.928785801 695.722873299 -352.052490158 4.817186244 0.005004012 0.014473634 -0.455683955 0.890009891
1317401374.032633066 696.285959176 -352.823420090 4.797125441 0.005232545 0.016435227 -0.448503243 0.893614763
1317401374.136502981 696.877377793 -353.600347668 4.786389994 0.005358004 0.017747593 -0.441638456 0.897001554
1317401374.240374088 697.454730196 -354.357789833 4.766943425 0.004567948 0.017950700 -0.435794028 0.899855806
1317401374.344296932 698.044584137 -355.120169964 4.742479774 0.002496486 0.018647718 -0.430812901 0.902245130
1317401374.448262930 698.634216468 -355.810200158 4.712352179 0.001014304 0.019281172 -0.427735782 0.903697576
1317401374.552273989 699.270579417 -356.603681792 4.691093515 -0.000010881 0.020276595 -0.425731029 0.904622546
1317401374.656311989 699.862535686 -357.314833250 4.661516552 -0.001373821 0.020819786 -0.425025428 0.904940901
1317401374.760349989 700.487424546 -358.100809037 4.639899988 -0.001425528 0.020791797 -0.425771578 0.904590643
1317401374.864413023 701.125818505 -358.835225845 4.617888743 -0.001239945 0.021151258 -0.426293704 0.904336643
1317401374.968498945 701.695770529 -359.566474040 4.601223697 -0.002184097 0.021302143 -0.428170786 0.903444092
1317401375.072609901 702.311636270 -360.303726820 4.575615924 -0.003690311 0.021197799 -0.430333390 0.902413546
1317401375.176721096 702.916514013 -361.015418229 4.556542675 -0.005074677 0.021704573 -0.434831141 0.900236101
1317401375.280879021 703.507820412 -361.797565395 4.523603490 -0.006402695 0.022912835 -0.440001166 0.897682005
1317401375.385061979 704.099850785 -362.575298863 4.510325823 -0.006915336 0.023963568 -0.446942832 0.894214756
1317401375.489244938 704.719269709 -363.315880740 4.486157783 -0.007815479 0.024299462 -0.455780572 0.889726095
1317401375.593431950 705.252597695 -364.082005626 4.464947546 -0.008376736 0.024917782 -0.463682012 0.885611612
1317401375.697614908 705.816980078 -364.838604683 4.443303467 -0.009058815 0.024816949 -0.472678043 0.880839102
1317401375.801769972 706.351072344 -365.621135382 4.429372310 -0.009962148 0.022762054 -0.482300216 0.875653554
1317401375.905904055 706.886248510 -366.366323299 4.409300892 -0.011903547 0.019454171 -0.492130463 0.870222643
1317401376.010062933 707.379349341 -367.200709224 4.399537677 -0.013696625 0.016143790 -0.501979460 0.864620380
1317401376.114223003 707.849205274 -368.011871007 4.375027690 -0.014122925 0.015392838 -0.513207233 0.858010454
1317401376.218354940 708.248977978 -368.798420603 4.357282228 -0.011727567 0.017369817 -0.523449376 0.851798981
1317401376.322476149 708.686500707 -369.628347151 4.364494422 -0.007728399 0.019988913 -0.534640031 0.844808116
1317401376.426565886 709.085752256 -370.465656214 4.381714161 -0.005201076 0.020106712 -0.545710172 0.837716585
1317401376.530622005 709.474541954 -371.324970656 4.371896700 -0.006538623 0.018419156 -0.556248523 0.830786111
1317401376.634685040 709.820359460 -372.189508078 4.361356561 -0.007654213 0.015470557 -0.566642634 0.823782860
1317401376.738744020 710.180209593 -373.061214671 4.345611415 -0.008677178 0.013863644 -0.577185314 0.816449398
1317401376.842782974 710.475538622 -373.932401820 4.341626718 -0.008506228 0.012891738 -0.587342978 0.809190752
1317401376.946798086 710.776938319 -374.806976008 4.339068829 -0.008416441 0.012968120 -0.597435919 0.801767619
1317401377.050787926 711.045305346 -375.728112223 4.335075682 -0.007947054 0.012115605 -0.606973607 0.794589892
1317401377.154752970 711.288171706 -376.615394343 4.339977127 -0.007137691 0.010238397 -0.615782691 0.787817178
1317401377.258696079 711.528411370 -377.553697281 4.344112108 -0.006458132 0.007977725 -0.624200936 0.781196416
1317401377.362616062 711.738545110 -378.474506637 4.348496071 -0.005893995 0.006519015 -0.631717697 0.775148705
1317401377.466511011 711.929465703 -379.389238042 4.350029040 -0.004963244 0.006054422 -0.638794363 0.769337684
1317401377.570406914 712.103872539 -380.324872712 4.360709845 -0.004225866 0.005799431 -0.645330439 0.763869840
1317401377.674278975 712.276288767 -381.325519678 4.371478531 -0.004355251 0.005283879 -0.651649810 0.758489049
1317401377.778100014 712.427335563 -382.288570913 4.369770683 -0.004796701 0.005146202 -0.657439174 0.753474778
1317401377.881922960 712.550548133 -383.204060105 4.371222743 -0.004342096 0.004443057 -0.662336025 0.749181150
1317401377.985718966 712.672098345 -384.184752171 4.388028113 -0.003583179 0.003903191 -0.666596160 0.745400219
1317401378.089490891 712.772560488 -385.173856186 4.382558164 -0.003189758 0.003672177 -0.670147046 0.742212421
1317401378.193268061 712.893280229 -386.176183641 4.404839356 -0.000952982 0.002971796 -0.673486104 0.739193296
1317401378.297044039 712.986926494 -387.167379707 4.395622845 -0.000015749 0.003332433 -0.676183490 0.736725717
1317401378.400815964 713.078610427 -388.170018169 4.415734113 0.001280461 0.003924172 -0.678581856 0.734513189
1317401378.504569054 713.160816043 -389.170562373 4.406008179 0.002799636 0.005042786 -0.680700107 0.732539484
1317401378.608293772 713.226237497 -390.189374680 4.413594220 0.004257966 0.005517654 -0.682333362 0.731007940
1317401378.712020874 713.313565544 -391.218537790 4.408543630 0.005774789 0.005390978 -0.683752105 0.729671603
1317401378.815773010 713.387841876 -392.267404224 4.411562425 0.007560984 0.004278806 -0.684803006 0.728676448
1317401378.919548273 713.452141182 -393.298562615 4.402309526 0.009294016 0.002725596 -0.685693340 0.727826103
1317401379.023322105 713.517818156 -394.336956141 4.409533438 0.009105590 0.001240817 -0.686244908 0.727312502
1317401379.127094030 713.570869351 -395.402381278 4.402800795 0.006196162 0.001057372 -0.687055915 0.726577359
1317401379.230871916 713.647386422 -396.455457830 4.401638286 0.002987317 0.001699071 -0.688032100 0.725672115
1317401379.334671021 713.716436083 -397.493838911 4.400717823 -0.000134805 0.004084481 -0.688932108 0.724814355
1317401379.438467979 713.778140739 -398.532163426 4.402704597 -0.003078162 0.007522955 -0.690032558 0.723732684
1317401379.542243004 713.839209795 -399.599339750 4.396032300 -0.004842263 0.010823314 -0.691117765 0.722644894
1317401379.646015882 713.895859722 -400.635813346 4.412418588 -0.006104710 0.012062713 -0.692494651 0.721296321
1317401379.749816179 713.931708523 -401.676938370 4.408823271 -0.008933954 0.012763478 -0.694248528 0.719566717
1317401379.853615761 713.994383933 -402.716400444 4.415705312 -0.010840656 0.013070883 -0.695971551 0.717868534
1317401379.957391024 714.039677631 -403.740194823 4.422583456 -0.012537320 0.013770662 -0.697584093 0.716260859
1317401380.061192036 714.073649017 -404.766169945 4.419019447 -0.012070762 0.014928573 -0.699406993 0.714465739
1317401380.165014029 714.109490162 -405.782166669 4.435125468 -0.011535084 0.017853983 -0.701722830 0.712132885
1317401380.268886089 714.121525650 -406.741950548 4.437790280 -0.011799649 0.020457618 -0.704865384 0.708947843
1317401380.372802973 714.126169029 -407.694581439 4.457920024 -0.012764388 0.021417331 -0.708970681 0.704797092
1317401380.476770163 714.138316712 -408.604326774 4.462273753 -0.013690242 0.022507861 -0.713766063 0.699888548
1317401380.580836058 714.121755411 -409.532784388 4.458246202 -0.014579740 0.024529373 -0.720522250 0.692844447
1317401380.684945107 714.088591896 -410.345682794 4.469236476 -0.014682304 0.024552579 -0.728390655 0.684564573
1317401380.789103031 714.036363395 -411.198248115 4.486173963 -0.014099491 0.023030381 -0.737743318 0.674541031
1317401380.893357992 713.950763059 -412.014192203 4.477756258 -0.013533192 0.022156593 -0.749037685 0.662018493
1317401380.997636080 713.863808056 -412.734307260 4.501894705 -0.011429028 0.021280115 -0.761008372 0.648292212
1317401381.101914883 713.740139522 -413.440742626 4.500332008 -0.008506268 0.020890594 -0.773675585 0.633180318
1317401381.206242085 713.621054370 -414.157428351 4.527269248 -0.006743830 0.020432411 -0.786883124 0.616726832
1317401381.310544968 713.427886364 -414.815372813 4.527454600 -0.006313941 0.019072258 -0.800867487 0.598504513
1317401381.414823055 713.239655027 -415.483868398 4.551650183 -0.007238547 0.017837260 -0.814013506 0.580526871
1317401381.519124031 713.029039516 -416.108704837 4.558893115 -0.010825865 0.017317264 -0.827142209 0.561621473
1317401381.623429060 712.852702125 -416.722991454 4.559553174 -0.015560993 0.018494431 -0.841210355 0.540167520
1317401381.727732897 712.555114601 -417.285911160 4.549481366 -0.018557764 0.018231800 -0.854060491 0.519522750
1317401381.832011938 712.317959069 -417.872997967 4.561241908 0.019102508 -0.016059528 0.867663188 -0.496525707
1317401381.936266899 711.954454371 -418.481313770 4.580605093 0.019701441 -0.014062282 0.880773998 -0.472917825
1317401382.040518999 711.648339403 -418.965990045 4.597812964 0.019633207 -0.011643628 0.892878362 -0.449719017
1317401382.144722939 711.248331988 -419.470146476 4.616587168 0.018014340 -0.009165807 0.904215857 -0.426597181
1317401382.248883009 710.839566233 -419.927373312 4.646479327 0.015261590 -0.007678976 0.914490989 -0.404245406
1317401382.353018999 710.431883731 -420.399217220 4.674680445 0.012491164 -0.006226920 0.924562185 -0.380775474
1317401382.457130909 709.999155261 -420.820777545 4.702287045 0.011083928 -0.005093433 0.933970393 -0.357142142
1317401382.561242104 709.531635384 -421.260749916 4.727002978 0.011036496 -0.003917262 0.942724668 -0.333366242
1317401382.665328026 709.063078143 -421.658482352 4.750664744 0.012350637 -0.003807867 0.950902020 -0.309222106
1317401382.769391060 708.534969336 -422.046866282 4.762127261 0.013805714 -0.003542130 0.958192985 -0.285767490
1317401382.873431921 707.999205937 -422.394352333 4.780159924 0.014228478 -0.001799346 0.964859805 -0.262373529
1317401382.977472067 707.440498265 -422.720637839 4.808516727 0.014208761 -0.000791701 0.970716077 -0.239807804
1317401383.081484079 706.859556908 -423.031575669 4.832562024 0.014871821 -0.001325969 0.976006793 -0.217227556
1317401383.185451031 706.255904768 -423.302588490 4.856773510 0.016387837 -0.002856350 0.980604850 -0.195288015
1317401383.289393902 705.622312897 -423.580705306 4.879712680 0.018218359 -0.003156994 0.984398147 -0.174981181
1317401383.393285036 704.972568585 -423.823404487 4.902365052 0.019557816 -0.001897918 0.987550589 -0.156069612
1317401383.497107983 704.325331205 -424.028645502 4.935007072 0.019548308 0.001373370 0.990137869 -0.138719062
1317401383.600860119 703.652045506 -424.236655194 4.973013030 0.017734431 0.003451124 0.992072243 -0.124363354
1317401383.704545975 702.991381452 -424.392129213 5.007226988 0.016027887 0.003901855 0.993490808 -0.112711567
1317401383.808178902 702.309812332 -424.575870299 5.037891906 0.014252626 0.004661765 0.994546426 -0.103211130
1317401383.911827087 701.638685388 -424.716203452 5.077538329 0.013039940 0.006461855 0.995243937 -0.096320872
1317401384.015501976 700.979092452 -424.852778182 5.110155385 0.012245328 0.007213613 0.995769636 -0.090779114
1317401384.119182110 700.312832096 -424.951757480 5.138818905 0.011284104 0.007446066 0.996105736 -0.087123974
1317401384.222862005 699.638007761 -425.084694442 5.165773790 0.011341673 0.006698553 0.996414417 -0.083575152
1317401384.326540947 698.987969641 -425.192889264 5.193219299 0.012131077 0.006137727 0.996591366 -0.081368383
1317401384.430242062 698.334009854 -425.299466116 5.208108577 0.012932262 0.005553968 0.996800198 -0.078684659
1317401384.533946037 697.688120455 -425.415232920 5.239602130 0.014186783 0.007093923 0.996868047 -0.077475861
1317401384.637650013 697.017308210 -425.520600907 5.265572112 0.015308802 0.008133708 0.996931616 -0.076333722
1317401384.741398096 696.357157609 -425.664078689 5.303461168 0.015721329 0.009702158 0.997046907 -0.074539746
1317401384.845171928 695.709560489 -425.740533432 5.324059990 0.015493902 0.009280527 0.997123023 -0.073617164
1317401384.948949099 695.046862789 -425.832688495 5.358636325 0.014691848 0.009419572 0.997149282 -0.073407974
1317401385.052747965 694.423781705 -425.945004102 5.377416302 0.012998130 0.009319678 0.997250868 -0.072352599
1317401385.156570911 693.764197812 -426.019614354 5.423328231 0.011965938 0.009974032 0.997266422 -0.072228938
1317401385.260416985 693.132508100 -426.116536086 5.445385552 0.011576929 0.009604471 0.997276307 -0.072205937
1317401385.364286900 692.490125216 -426.210688948 5.472858948 0.011386045 0.009979180 0.997286396 -0.072045950
1317401385.468182087 691.850353258 -426.314342240 5.503242773 0.011198519 0.010489419 0.997246699 -0.072550586
1317401385.572102070 691.211623359 -426.401664003 5.527466622 0.010530209 0.010258658 0.997185515 -0.073518177
1317401385.676022053 690.597651310 -426.509032920 5.547654382 0.010884885 0.009396370 0.997133623 -0.074281658
1317401385.779959917 689.951364622 -426.614526698 5.572705978 0.011619230 0.009290769 0.997062630 -0.075131797
1317401385.883930922 689.324576991 -426.693609078 5.593568918 0.011946863 0.010885196 0.996958050 -0.076245867
1317401385.987921000 688.707313256 -426.799607198 5.626750960 0.012717204 0.012559228 0.996917375 -0.076395595
1317401386.091932058 688.073918602 -426.892776823 5.651366869 0.013478014 0.012734141 0.996894277 -0.076537477
1317401386.195924044 687.454929621 -426.993809580 5.668822335 0.012979509 0.012158169 0.996870305 -0.077027954
1317401386.299913883 686.847503122 -427.094917344 5.695905653 0.012574864 0.012420179 0.996844688 -0.077383980
1317401386.403930902 686.221518038 -427.186299140 5.718200171 0.011905891 0.013510622 0.996851499 -0.077219186
1317401386.507946968 685.605559570 -427.300546073 5.753769972 0.011689127 0.013892727 0.996820064 -0.077589413
1317401386.611963987 684.976882011 -427.390954086 5.782618589 0.012344120 0.013524343 0.996781518 -0.078046911
1317401386.716028929 684.345816803 -427.495443325 5.803909929 0.013314874 0.013657234 0.996752628 -0.078232944
1317401386.819967985 683.733805334 -427.594304173 5.825937958 0.015435713 0.015444899 0.996627171 -0.079104213
1317401386.923836946 683.107619910 -427.685886934 5.850267074 0.016502408 0.017974979 0.996513276 -0.079786351
1317401387.027780056 682.465692013 -427.797959339 5.879356594 0.015726995 0.018694090 0.996407836 -0.081084017
1317401387.131725073 681.853180392 -427.901073569 5.907918553 0.014986781 0.018058037 0.996316545 -0.082478154
1317401387.235667944 681.212145719 -428.014473143 5.930103187 0.013137732 0.017874992 0.996219707 -0.083989165
1317401387.339586020 680.569789161 -428.122917986 5.961842453 0.011201021 0.018456348 0.996086350 -0.085708127
1317401387.443504095 679.953108267 -428.233743692 5.995469857 0.010537014 0.019200707 0.995895314 -0.087822705
1317401387.547446966 679.324519528 -428.349913237 6.028140127 0.010530494 0.018576671 0.995709093 -0.090041202
1317401387.651391029 678.675656556 -428.468955111 6.052328661 0.011395823 0.017223044 0.995554661 -0.091893517
1317401387.755309105 678.044762829 -428.589917088 6.071587085 0.012095995 0.016903336 0.995336522 -0.094197513
1317401387.859226227 677.419014629 -428.720794450 6.089819527 0.012325456 0.017034435 0.995109794 -0.096511191
1317401387.963143826 676.770442063 -428.847398341 6.122577771 0.012406395 0.016982361 0.994909525 -0.098553117
1317401388.067061901 676.128708098 -428.973728975 6.145562070 0.013332161 0.017346064 0.994643368 -0.101024445
1317401388.170980930 675.485103874 -429.107118625 6.178759634 0.014185008 0.018168173 0.994367790 -0.103447577
1317401388.274926901 674.841264659 -429.245962254 6.201569403 0.015165617 0.018453808 0.994125337 -0.105566448
1317401388.378917933 674.200908946 -429.394987798 6.227773021 0.015129291 0.017815195 0.993948920 -0.107327850
1317401388.482933044 673.546982532 -429.534808122 6.252624134 0.014323288 0.016350912 0.993888276 -0.108229320
1317401388.586971998 672.904191031 -429.675162913 6.285879960 0.014165518 0.015714133 0.994012945 -0.107194535
1317401388.691031694 672.237310202 -429.826420976 6.318835968 0.015596370 0.015458547 0.994217047 -0.105120169
1317401388.795094013 671.568715199 -429.976723542 6.340895601 0.016092837 0.015296107 0.994456221 -0.102780714
1317401388.899179935 670.894125123 -430.120328273 6.371662426 0.016164169 0.014597146 0.994773690 -0.099754444
1317401389.003266096 670.202119515 -430.259521324 6.397479153 0.016028996 0.014216597 0.995183140 -0.095663351
1317401389.107331038 669.494725032 -430.404776419 6.427525567 0.016365563 0.014363495 0.995606907 -0.091064514
1317401389.211393118 668.770212726 -430.536321935 6.467634879 0.018028614 0.013807294 0.995978063 -0.086671938
1317401389.315429926 668.033708333 -430.681304811 6.489726377 0.019651883 0.013700783 0.996301313 -0.082521421
1317401389.419445038 667.281218630 -430.800180440 6.522973058 0.020115132 0.013163073 0.996610935 -0.078668674
1317401389.523437023 666.521398184 -430.935426719 6.550102217 0.019476049 0.013344640 0.996894713 -0.075123469
1317401389.627404690 665.746504278 -431.051275168 6.595928772 0.018647486 0.013308872 0.997138034 -0.072047812
1317401389.731370926 664.960268407 -431.165206888 6.628198628 0.018308870 0.013029965 0.997378422 -0.068784361
1317401389.835339069 664.147958179 -431.278222396 6.667933907 0.017852238 0.013021529 0.997590441 -0.065765105
1317401389.939284086 663.337689796 -431.390947273 6.703540156 0.017409153 0.013354442 0.997787057 -0.062765981
1317401390.043200970 662.516019373 -431.501179437 6.741174101 0.016641432 0.013340970 0.997987488 -0.059716452
1317401390.147140980 661.665261107 -431.603799875 6.780833418 0.016072457 0.013545564 0.998208092 -0.056024992
1317401390.251107931 660.831137912 -431.704779722 6.812455316 0.015835407 0.013097611 0.998411641 -0.052458437
1317401390.355099916 659.963320650 -431.796646014 6.852951023 0.015566725 0.014004401 0.998634420 -0.047862812
1317401390.459115028 659.108430896 -431.889670121 6.887728763 0.014978743 0.013407923 0.998839715 -0.043761727
1317401390.563127995 658.226492791 -431.955769005 6.927706898 0.013736663 0.013364363 0.999054722 -0.039017435
1317401390.667120934 657.371671937 -432.034807753 6.964097019 0.012613911 0.013622012 0.999225284 -0.034701045
1317401390.771111965 656.485690255 -432.087683349 7.007633400 0.011249578 0.013579686 0.999395539 -0.029959915
1317401390.875124931 655.643724534 -432.128719219 7.037222072 0.009581454 0.012626363 0.999564766 -0.024880710
1317401390.979162931 654.808760313 -432.174736148 7.066893490 0.008440051 0.011071583 0.999720197 -0.019123649
1317401391.083275080 653.968029509 -432.214910869 7.096798751 0.009098743 0.009848973 0.999839362 -0.011893732
1317401391.187433958 653.083230303 -432.248094680 7.129074963 0.013174501 0.006957704 0.999886363 -0.002298810
1317401391.291591883 652.225818857 -432.260898890 7.142569972 0.018689293 0.005498929 0.999775519 0.008329691
1317401391.395751953 651.351268914 -432.225592566 7.175457266 0.023280998 0.006851759 0.999499939 0.020271150
1317401391.499910116 650.491459007 -432.190104008 7.217839999 0.025522145 0.009012053 0.999110984 0.032320973
1317401391.604046106 649.617556038 -432.143177382 7.267908725 0.025915454 0.010277269 0.998604982 0.044842579
1317401391.708157301 648.747704200 -432.049220876 7.316996685 0.024906650 0.011153519 0.997933565 0.058170940
1317401391.812242031 647.785788546 -431.981000824 7.376611538 0.022318281 0.012409898 0.997139424 0.071139711
1317401391.916302919 646.854576913 -431.892212372 7.431095195 0.019968938 0.012171438 0.996155928 0.084418386
1317401392.020368099 645.920584116 -431.750837119 7.480974600 0.019617121 0.012225862 0.994980215 0.097365647
1317401392.124408007 645.096223529 -431.597062926 7.527507002 0.020231023 0.011728389 0.993428700 0.112038244
1317401392.228420973 644.201662247 -431.409092112 7.568646326 0.021101748 0.010807865 0.992029615 0.123754395
1317401392.332434893 643.404715430 -431.202047392 7.607401098 0.020754696 0.011096664 0.990401028 0.136205394
1317401392.436400890 642.574149022 -430.970704915 7.652205121 0.019514392 0.013363424 0.988917250 0.146571759
1317401392.540321112 641.692904529 -430.710624883 7.707641761 0.016756693 0.015269666 0.987257553 0.157507377
1317401392.644217968 640.798327228 -430.473345187 7.738439580 0.013203952 0.015825701 0.986071415 0.165040504
1317401392.748039961 640.055104649 -430.190242412 7.768172309 0.010163079 0.017633061 0.984790357 0.172550690
1317401392.851814032 639.163805779 -429.893794311 7.812243154 0.009726799 0.019773667 0.983627381 0.178861865
1317401392.955563068 638.462743114 -429.589493236 7.833282299 0.011922702 0.019441698 0.982497450 0.184874634
1317401393.059290886 637.745877200 -429.293487360 7.851769425 0.013206367 0.019354767 0.981635701 0.189320719
1317401393.163042068 636.862104914 -428.971534374 7.871660646 0.012198709 0.018944050 0.980732193 0.194053294
1317401393.266817093 636.123995298 -428.672942091 7.897688900 0.009991912 0.019003952 0.979849098 0.198581862
1317401393.370568991 635.339003378 -428.340450550 7.926875562 0.009997841 0.018822416 0.978932374 0.203069365
1317401393.474319935 634.567653191 -428.010499759 7.949952599 0.012112428 0.018581672 0.977843882 0.208157041
1317401393.578093052 633.859367739 -427.676448656 7.966547094 0.014362928 0.017114466 0.977022753 0.211960707
1317401393.681893110 633.076744364 -427.330691716 8.003388263 0.017604241 0.014258513 0.975939137 0.216863060
1317401393.785691977 632.314372930 -426.984974924 8.022207288 0.020970952 0.010553912 0.974841114 0.221661087
1317401393.889466047 631.545693899 -426.623614660 8.047639428 0.022308421 0.008095560 0.973719680 0.226510003
1317401393.993266106 630.814484257 -426.266049359 8.077641737 0.021598502 0.007933422 0.972796574 0.230515488
1317401394.097090006 630.022364837 -425.901537074 8.129919587 0.019223788 0.008067953 0.971808077 0.234849772
1317401394.200887918 629.295924069 -425.527000797 8.166965510 0.017188336 0.007189853 0.971141882 0.237773659
1317401394.304661036 628.593398284 -425.143442281 8.192224949 0.015825532 0.007838704 0.970711047 0.239600022
1317401394.408437014 627.834479772 -424.749360950 8.231231918 0.015434738 0.010877920 0.970308930 0.241130713
1317401394.512188911 627.084536462 -424.354456784 8.280561431 0.015638118 0.013563741 0.970143384 0.241647035
1317401394.615915060 626.317607890 -423.983262808 8.315535765 0.017025712 0.013980356 0.970240357 0.241139635
1317401394.719618082 625.606459765 -423.591445678 8.336537915 0.018326093 0.013720806 0.970585805 0.239664533
1317401394.823344946 624.841251305 -423.190212162 8.359917470 0.018637165 0.014866772 0.970963392 0.238037238
1317401394.927093983 624.102015886 -422.825448672 8.380273454 0.016720878 0.016985761 0.971583640 0.235493368
1317401395.030821085 623.345726066 -422.420054084 8.424102665 0.013342118 0.019551028 0.972422314 0.232022820
1317401395.134572983 622.586687339 -422.043177451 8.459716079 0.010725605 0.021647067 0.973326491 0.228148871
1317401395.238347054 621.819401290 -421.722533436 8.491938641 0.009389768 0.023283037 0.974158080 0.224467743
1317401395.342119932 621.064181936 -421.359907069 8.525497703 0.010830236 0.025385595 0.974898469 0.220932690
1317401395.445919037 620.309330660 -420.925624314 8.546848021 0.013223928 0.026990418 0.975875601 0.216248599
1317401395.549742937 619.526148855 -420.628714158 8.568712129 0.015590811 0.027671276 0.976561254 0.212883407
1317401395.653541088 618.783121733 -420.281942678 8.578600680 0.016108301 0.027361106 0.977319773 0.209375151
1317401395.757339954 618.023975355 -419.885517368 8.602740868 0.014916018 0.028257204 0.978283476 0.204793758
1317401395.861186028 617.251749999 -419.608438061 8.632559457 0.013148365 0.029262397 0.978924164 0.201688654
1317401395.965032101 616.470266029 -419.237805081 8.663412030 0.011887351 0.029914628 0.979518476 0.198764585
1317401396.068901777 615.695903888 -418.919779822 8.701693243 0.011880823 0.029369402 0.979945257 0.196732247
1317401396.172797918 614.955917021 -418.627204750 8.721168360 0.012477126 0.027917151 0.980392898 0.194665661
1317401396.276719093 614.164187031 -418.285635457 8.736927763 0.012638113 0.026480633 0.980515949 0.194235755
1317401396.380660057 613.409728278 -417.974283876 8.753757396 0.012758043 0.027026902 0.980617856 0.193637290
1317401396.484602928 612.628761829 -417.657284646 8.781149060 0.012616886 0.027925918 0.980639054 0.193411486
1317401396.588571787 611.892366090 -417.337324192 8.813358425 0.014334164 0.027023786 0.980833973 0.192429116
1317401396.692536116 611.119914213 -417.054565263 8.834193939 0.016824318 0.024277093 0.980832793 0.192599578
1317401396.796526194 610.361050337 -416.773638612 8.853676341 0.018680118 0.023240992 0.980800043 0.192723077
1317401396.900518894 609.588419528 -416.444904230 8.869703198 0.018307684 0.021294216 0.980726734 0.193355781
1317401397.004508018 608.838037246 -416.162475230 8.895698980 0.016350826 0.020408611 0.980538323 0.194578353
1317401397.108477116 608.076044071 -415.842545527 8.938298453 0.015699942 0.019873996 0.980714997 0.193795333
1317401397.212393045 607.326902881 -415.527333330 8.967859121 0.016458152 0.020274386 0.980819255 0.193162284
1317401397.316286325 606.536846897 -415.219191089 9.002370038 0.017823482 0.019873752 0.981093354 0.191685126
1317401397.420160055 605.770712823 -414.928839126 9.027491927 0.018480071 0.019742034 0.981495913 0.189564004
1317401397.524030924 605.026684712 -414.619668312 9.061850540 0.018760825 0.019158983 0.982024496 0.186839114
1317401397.627902031 604.232284017 -414.320611891 9.090937600 0.018580189 0.018823243 0.982651292 0.183567158
1317401397.731796980 603.459716718 -414.023650664 9.132659426 0.018706215 0.018753936 0.983141969 0.180914995
1317401397.835690975 602.688521723 -413.749016025 9.160781105 0.018358963 0.018151754 0.983584464 0.178591893
1317401397.939560890 601.907019363 -413.436370179 9.194641810 0.017624729 0.018138138 0.984154997 0.175497345
1317401398.043454885 601.123118446 -413.150094168 9.223794791 0.016791875 0.017918285 0.984542657 0.173414889
1317401398.147373915 600.337123547 -412.881079018 9.259170333 0.016444290 0.017585672 0.984771809 0.172176691
1317401398.251295090 599.532870150 -412.591536936 9.303497417 0.017154473 0.018571524 0.984836671 0.171632032
1317401398.355237961 598.733095172 -412.320607078 9.335440865 0.017982639 0.017502870 0.984877662 0.171424226
1317401398.459178925 597.943816226 -412.028311627 9.368026611 0.018394531 0.017067791 0.984888803 0.171360375
1317401398.563122034 597.144209007 -411.774340680 9.398006668 0.017272354 0.017035541 0.984846474 0.171723263
1317401398.667089939 596.350803943 -411.470683630 9.426693049 0.014398427 0.018220802 0.984893950 0.171594272
1317401398.771033049 595.560879424 -411.193825631 9.464304827 0.011630009 0.019205402 0.984912259 0.171591777
1317401398.874974966 594.736669834 -410.923687584 9.496477254 0.009995751 0.019669003 0.984788614 0.172350229
1317401398.978941917 593.957746841 -410.631941622 9.525559926 0.010202455 0.019160774 0.984839468 0.172104609
1317401399.082909107 593.154393432 -410.340102588 9.547300655 0.011539748 0.018801813 0.984771150 0.172450306
1317401399.186898947 592.338678717 -410.060825166 9.569394109 0.012416982 0.018666015 0.984659377 0.173041354
1317401399.290939093 591.560106360 -409.781983380 9.595306759 0.012931485 0.017302892 0.984684784 0.173000757
1317401399.394953966 590.752241690 -409.502832734 9.617835347 0.013278641 0.017633042 0.984481147 0.174096596
1317401399.498919964 589.976918432 -409.205368394 9.643606336 0.013334476 0.017899056 0.984381118 0.174629981
1317401399.602907896 589.154870459 -408.922950884 9.676081224 0.013507937 0.018092419 0.984136464 0.175970512
1317401399.706923008 588.384775759 -408.641350453 9.705666546 0.013872603 0.017404826 0.983923321 0.177199103
1317401399.810940981 587.567374266 -408.358613540 9.736155313 0.014484312 0.017429117 0.983537172 0.179279287
1317401399.914932013 586.802613487 -408.075856483 9.762184258 0.014360876 0.016438630 0.983155514 0.181462864
1317401400.018922091 586.024464550 -407.771602457 9.785128645 0.013529537 0.016391934 0.982645143 0.184273651
1317401400.122910976 585.259173900 -407.470284302 9.820226997 0.013011444 0.016545803 0.982143159 0.186953884
1317401400.226877928 584.458514957 -407.186590690 9.851922801 0.012927613 0.015864631 0.981613297 0.189780203
1317401400.330845833 583.712619281 -406.866400790 9.880094766 0.013202001 0.015355240 0.981142665 0.192221213
1317401400.434813976 582.955477560 -406.573887109 9.904129529 0.013255041 0.015408448 0.980702584 0.194446203
1317401400.538779974 582.194931760 -406.239439387 9.929064477 0.012397080 0.014837164 0.980255067 0.196789673
1317401400.642721891 581.422565330 -405.946037785 9.956645846 0.011355214 0.015999443 0.979740401 0.199308364
1317401400.746640921 580.671334292 -405.618796465 9.984263382 0.010264533 0.016763090 0.979494932 0.200507645
1317401400.850559950 579.957850121 -405.307986060 10.011307607 0.009617758 0.018026379 0.979371817 0.201030826
1317401400.954477072 579.203261434 -405.000388046 10.036464579 0.009788985 0.018661331 0.979132922 0.202125335
1317401401.058373928 578.458242417 -404.683325585 10.058724937 0.010773455 0.019031188 0.978933838 0.203003169
1317401401.162267923 577.744734514 -404.374088117 10.080096614 0.011621593 0.019354110 0.978812347 0.203511049
1317401401.266185999 577.031614068 -404.057855732 10.105021227 0.012488144 0.020607335 0.978900913 0.202909800
1317401401.370104074 576.296692543 -403.752044165 10.118296105 0.012703777 0.019539298 0.978910621 0.202955231
1317401401.474025011 575.577955621 -403.452856964 10.141998877 0.012937727 0.019517045 0.978937797 0.202811464
1317401401.577969074 574.833137683 -403.138452272 10.169005507 0.013103436 0.019561943 0.978910971 0.202925948
1317401401.681931973 574.097776748 -402.836023451 10.190658162 0.012931681 0.018928860 0.978869568 0.203196550
1317401401.785923004 573.338560208 -402.500177746 10.218273467 0.012941585 0.019415485 0.978614261 0.204376324
1317401401.889915943 572.655459391 -402.196743335 10.240620726 0.013098731 0.019226170 0.978536654 0.204755450
1317401401.993902922 571.859106051 -401.825367526 10.269545286 0.013350642 0.019808873 0.978332067 0.205659271
1317401402.097892046 571.105799069 -401.484278285 10.294764932 0.013840265 0.020390338 0.978243496 0.205991127
1317401402.201886892 570.347029789 -401.185956402 10.311197512 0.013965273 0.020130458 0.978109238 0.206644754
1317401402.305880070 569.621853539 -400.875522020 10.344110629 0.014795435 0.020922727 0.977978637 0.207125857
1317401402.409869909 568.904539121 -400.581576866 10.367637438 0.015546565 0.020802323 0.977745964 0.208178761
1317401402.513885021 568.077316180 -400.184021854 10.388271651 0.015734196 0.020036070 0.977749141 0.208224896
1317401402.617877007 567.363309848 -399.879827001 10.415035172 0.015823872 0.020865615 0.977502560 0.209291605
1317401402.721817017 566.544559955 -399.533815027 10.438234220 0.015789343 0.020668593 0.977317435 0.210176442
1317401402.825758934 565.733486743 -399.168733376 10.465883961 0.015558586 0.020131955 0.977235073 0.210628217
1317401402.929702044 564.928260523 -398.794359602 10.490551478 0.015312030 0.021008003 0.977176096 0.210834253
1317401403.033644915 564.116344658 -398.433229868 10.522040126 0.015281047 0.021411716 0.976988628 0.211663056
1317401403.137612104 563.315062922 -398.076087724 10.553462382 0.015384627 0.021514505 0.976842586 0.212318160
1317401403.241579056 562.502530062 -397.718026649 10.578555615 0.015258229 0.020607288 0.976763893 0.212778815
1317401403.345520973 561.672884099 -397.337536482 10.602521955 0.014421287 0.020235604 0.976743382 0.212966930
1317401403.449438095 560.829423409 -396.960486743 10.624444576 0.012850310 0.020999929 0.976821165 0.212636506
1317401403.553335905 560.013881766 -396.591762446 10.653562716 0.011738089 0.021640863 0.976952656 0.212031598
1317401403.657229900 559.163268838 -396.200970860 10.678244272 0.011895692 0.021693268 0.977190274 0.210919564
1317401403.761120081 558.326854052 -395.829188297 10.706715750 0.013089597 0.021512704 0.977536144 0.209258100
1317401403.865015030 557.484155768 -395.451998149 10.728929875 0.014152062 0.021409449 0.977783417 0.208040726
1317401403.968910933 556.620954309 -395.081785519 10.757881403 0.013852573 0.021809652 0.978194424 0.206077931
1317401404.072783947 555.772281337 -394.708147811 10.779434068 0.011979481 0.022491243 0.978671103 0.203846778
1317401404.176655054 554.885554356 -394.335133055 10.802985744 0.009619770 0.023183335 0.979026804 0.202179399
1317401404.280524015 554.056447240 -393.983403078 10.831982857 0.008832045 0.023728187 0.979344115 0.200609255
1317401404.384392977 553.186958150 -393.623738566 10.851454336 0.009551592 0.024236198 0.979614968 0.199188075
1317401404.488241911 552.302716650 -393.254040565 10.881889615 0.010743381 0.024539108 0.979869394 0.197834230
1317401404.592089891 551.443104616 -392.883286720 10.890896222 0.011198668 0.024697436 0.980125566 0.196515907
1317401404.695960045 550.565695635 -392.521257507 10.912409042 0.010496148 0.023850780 0.980305374 0.195760936
1317401404.799832106 549.667962777 -392.159257023 10.925791124 0.009424258 0.023206240 0.980445260 0.195191563
1317401404.903702974 548.767242046 -391.795561338 10.950871542 0.008878523 0.023052460 0.980527326 0.194822790
1317401405.007574081 547.887278030 -391.431295025 10.977185674 0.010278357 0.023007334 0.980374996 0.195524639
1317401405.111469030 547.000503705 -391.068111075 11.003413155 0.012985489 0.021241304 0.980112102 0.196876744
1317401405.215388060 546.095704831 -390.689376311 11.023613478 0.014500113 0.018991193 0.979805940 0.198518015
1317401405.319307089 545.184820099 -390.330414180 11.040342414 0.013969253 0.018551710 0.979498670 0.200107596
1317401405.423223972 544.264853690 -389.942294417 11.061834453 0.012686148 0.017941677 0.979092004 0.202227610
1317401405.527143002 543.380643833 -389.574596459 11.100384037 0.012701920 0.017546683 0.978588567 0.204683150
1317401405.631061077 542.405160315 -389.145846107 11.129833275 0.012686815 0.016622669 0.978129384 0.206943569
1317401405.734956026 541.520672168 -388.756993159 11.149629598 0.011591190 0.015866290 0.977722886 0.208978139
1317401405.838850975 540.634716538 -388.365568798 11.166457461 0.010141015 0.016761667 0.977190328 0.211459850
1317401405.942770004 539.654926408 -387.939696544 11.201307208 0.009242273 0.017305163 0.976776403 0.213361129
1317401406.046665907 538.778859222 -387.530231895 11.223020296 0.009141353 0.017577200 0.976434333 0.214903401
1317401406.150535822 537.835555971 -387.102350999 11.239014716 0.008734193 0.018504745 0.976131016 0.216216389
1317401406.254405975 536.856006063 -386.645838672 11.262192707 0.008002355 0.019845137 0.975941270 0.216981036
1317401406.358278036 535.930764515 -386.215579740 11.276697315 0.007199672 0.021230452 0.975782041 0.217593291
1317401406.462148905 534.967424303 -385.775306155 11.304461834 0.007659144 0.022374451 0.975677778 0.217930250
1317401406.565994978 534.017965566 -385.341817352 11.318454553 0.009091090 0.022861047 0.975601799 0.218164741
1317401406.669816971 533.057646423 -384.892511568 11.339723747 0.010338307 0.022503409 0.975548427 0.218384943
1317401406.773663998 532.108684120 -384.444034898 11.354867867 0.011177565 0.022060235 0.975541107 0.218421509
1317401406.877510071 531.158408420 -383.999668089 11.373813006 0.011708299 0.022019672 0.975602764 0.218122205
1317401406.981357098 530.179985982 -383.557712054 11.397841408 0.011858953 0.021726413 0.975677865 0.217807328
1317401407.085203886 529.198628072 -383.096679170 11.421889207 0.012542500 0.021248039 0.975786534 0.217328892
1317401407.189027071 528.193155115 -382.635847579 11.449512162 0.013294933 0.020549036 0.975945860 0.216634855
1317401407.292850018 527.244943002 -382.196561660 11.473318568 0.013383226 0.020483947 0.976110543 0.215892348
1317401407.396696091 526.250962636 -381.736825040 11.499256327 0.012107974 0.020664286 0.976265886 0.215247078
1317401407.500543118 525.259134399 -381.286524025 11.529059692 0.011235252 0.019992137 0.976455354 0.214497143
1317401407.604391098 524.256202033 -380.816042211 11.561901919 0.011521567 0.019315905 0.976690104 0.213472692
1317401407.708237171 523.262057823 -380.386771474 11.589025092 0.011630507 0.018544268 0.976907125 0.212540140
1317401407.812060118 522.263242691 -379.937652067 11.617124787 0.010360477 0.018076594 0.977153635 0.211510449
1317401407.915859938 521.259242527 -379.483805086 11.638480867 0.008364503 0.017470185 0.977345728 0.210760897
1317401408.019658089 520.244784428 -379.033487084 11.667879252 0.005933650 0.017309425 0.977581090 0.209762696
1317401408.123455048 519.268628932 -378.594505824 11.690828926 0.005048958 0.018751679 0.977804745 0.208616307
1317401408.227256060 518.273711207 -378.161085504 11.715569402 0.005384389 0.019991845 0.977926842 0.207919278
1317401408.331078053 517.258652654 -377.710405514 11.731543124 0.006530858 0.021116963 0.977959109 0.207623225
1317401408.434876919 516.263248113 -377.272260173 11.751217338 0.008326344 0.021988407 0.978109499 0.206758288
1317401408.538698912 515.250709608 -376.837442777 11.774309131 0.009491899 0.022256069 0.978185166 0.206320992
1317401408.642545938 514.243646314 -376.393380120 11.786822738 0.009507978 0.021951496 0.978370125 0.205474156
1317401408.746391058 513.264171520 -375.968907915 11.811907915 0.009099055 0.021255785 0.978540821 0.204751706
1317401408.850261927 512.210654409 -375.524897882 11.839660175 0.009472035 0.020599803 0.978663382 0.204215361
1317401408.954109907 511.219296433 -375.087749125 11.864705603 0.009941430 0.019885207 0.978782089 0.203694300
1317401409.057931662 510.203978104 -374.657868466 11.880514853 0.009446831 0.019197780 0.978945010 0.202999679
1317401409.161778927 509.181231478 -374.235061855 11.906962849 0.009009685 0.019573803 0.979038348 0.202532975
1317401409.265625954 508.173127574 -373.789659501 11.937593162 0.008993263 0.019872542 0.979277978 0.201342606
1317401409.369448900 507.161831626 -373.389176264 11.965194127 0.009225261 0.020099520 0.979408861 0.200671837
1317401409.473268986 506.143918892 -372.942199044 11.985116689 0.008251589 0.019950561 0.979654059 0.199528975
1317401409.577091932 505.135303714 -372.519765018 12.010899600 0.007091596 0.020542645 0.979783139 0.198878630
1317401409.680917978 504.100639600 -372.084514273 12.034036435 0.006817953 0.021315596 0.979944156 0.198011644
1317401409.784747124 503.058620955 -371.664956143 12.055783165 0.007058155 0.021978843 0.980116492 0.197075557
1317401409.888566971 502.081365993 -371.254640711 12.073735887 0.006951571 0.022386111 0.980228013 0.196477937
1317401409.992387056 501.030627603 -370.817724776 12.087727663 0.006181009 0.022816386 0.980397117 0.195608538
1317401410.096205711 500.034891549 -370.409768164 12.110033258 0.006034261 0.022766214 0.980494236 0.195131597
1317401410.200005054 498.978377478 -369.968499681 12.133306051 0.006457673 0.023433488 0.980594891 0.194532338
1317401410.303803921 497.976689610 -369.558962785 12.150675028 0.007056726 0.023326379 0.980632465 0.194334893
1317401410.407624960 496.935667208 -369.141944609 12.171291013 0.007600017 0.022930775 0.980658248 0.194231358
1317401410.511449099 495.942395184 -368.758525903 12.192731293 0.007585402 0.022627253 0.980655867 0.194279540
1317401410.615250111 494.895347729 -368.310538559 12.207410932 0.007094471 0.023282113 0.980677145 0.194113237
1317401410.719023943 493.972539751 -367.949996883 12.232510177 0.006528414 0.022748169 0.980735679 0.193900563
1317401410.822798014 492.975931896 -367.548909842 12.256521987 0.006653810 0.022555434 0.980761207 0.193789666
1317401410.926575899 492.012521224 -367.161968561 12.282394785 0.006972277 0.022238862 0.980821945 0.193507450
1317401411.030349970 491.064196867 -366.758537152 12.302561303 0.007132571 0.021770926 0.980835269 0.193487281
1317401411.134123087 490.156087907 -366.404316335 12.323761397 0.006676564 0.020369193 0.980926168 0.193195167
1317401411.237897873 489.243506320 -366.042682448 12.349292303 0.005765397 0.020544412 0.980986460 0.192899593
1317401411.341697931 488.364350096 -365.683865194 12.373211883 0.004099111 0.020034709 0.981048291 0.192681234
1317401411.445496082 487.510563661 -365.343085621 12.390154467 0.002004431 0.020691264 0.981081267 0.192477013
1317401411.549295902 486.625209095 -364.978068189 12.409864120 0.000697567 0.021425182 0.981064295 0.192492402
1317401411.653119087 485.852648677 -364.694062460 12.430665631 -0.000002115 0.021209994 0.981060714 0.192535739
1317401411.756942034 485.048598809 -364.347918172 12.435712325 0.000448346 0.020386378 0.980845133 0.193718921
1317401411.860810041 484.248750405 -364.022546200 12.449930883 0.001470248 0.019851205 0.980464449 0.195686568
1317401411.964704037 483.431161005 -363.696837781 12.457861618 0.001870507 0.020076586 0.979961788 0.198162371
1317401412.068624973 482.654207842 -363.377772729 12.459286609 0.001666369 0.020265122 0.979451608 0.200651676
1317401412.172565937 481.861609042 -363.031397878 12.465779154 0.001884144 0.020703975 0.978869233 0.203427676
1317401412.276484013 481.038068202 -362.689957583 12.474832203 0.002476785 0.021216924 0.978381807 0.205700627
1317401412.380403996 480.259813764 -362.341309889 12.483809831 0.002953935 0.022069095 0.978148572 0.206711394
1317401412.484273911 479.440493561 -361.986697780 12.491255733 0.003361802 0.023027022 0.978062843 0.207006111
1317401412.588098049 478.685213800 -361.634536806 12.497830702 0.004210092 0.024315335 0.978261122 0.205903417
1317401412.691921949 477.914736805 -361.325274954 12.513490704 0.005890946 0.024486717 0.978563766 0.204398271
1317401412.795722008 477.117755207 -361.001641703 12.522152578 0.007258634 0.023570645 0.978949186 0.202608557
1317401412.899518967 476.330377639 -360.648435491 12.534384825 0.008490969 0.022954863 0.979428299 0.200302734
1317401413.003346920 475.513486507 -360.312631212 12.545209292 0.008735629 0.023069701 0.979761537 0.198642414
1317401413.107193947 474.716414281 -359.986292302 12.563657495 0.008416225 0.022261106 0.980028200 0.197429324
1317401413.211083889 473.909454974 -359.645136834 12.574455387 0.007813001 0.020667086 0.980321125 0.196169112
1317401413.314977884 473.093934366 -359.315497628 12.592125403 0.007498061 0.020926530 0.980434032 0.195588775
1317401413.418898106 472.297719117 -358.977291731 12.616325884 0.007319372 0.021578624 0.980454260 0.195423218
1317401413.522862196 471.468016953 -358.660057378 12.623902698 0.006727734 0.020471446 0.980190918 0.196879204
1317401413.626827002 470.651609534 -358.309787585 12.644099064 0.006693817 0.020440071 0.979956367 0.198047760
1317401413.730793953 469.825715074 -357.978679360 12.659583588 0.007130606 0.019649319 0.979627136 0.199734155
1317401413.834763050 469.013863896 -357.618055982 12.673307899 0.007625046 0.019110077 0.979505926 0.200361684
1317401413.938752651 468.184564658 -357.284727109 12.693210993 0.008192297 0.021057725 0.979326504 0.201020040
1317401414.042742968 467.333836957 -356.924745913 12.694104493 0.007497364 0.020311798 0.979179446 0.201838631
1317401414.146711111 466.493509458 -356.563610009 12.712537995 0.006737632 0.018969772 0.979081814 0.202468650
1317401414.250677109 465.651873771 -356.199127695 12.733862291 0.007293221 0.022137177 0.978896727 0.203022046
1317401414.354619026 464.804585739 -355.842651743 12.746482613 0.007494346 0.022922418 0.978859532 0.203106904
1317401414.458539963 463.940900343 -355.466440676 12.763091879 0.007398173 0.021717663 0.978887813 0.203106522
1317401414.562483311 463.076074607 -355.095012842 12.772160473 0.007410057 0.021135584 0.978980887 0.202718527
1317401414.666425943 462.222246635 -354.730460041 12.793328451 0.007254712 0.021556458 0.979038981 0.202399017
1317401414.770343065 461.337780717 -354.356940884 12.802303112 0.006731094 0.021290734 0.979078382 0.202254590
1317401414.874263048 460.457512116 -353.978771815 12.812317367 0.006042785 0.021036446 0.979171507 0.201851711
1317401414.978204966 459.574023139 -353.610178877 12.827332745 0.004883263 0.021012392 0.979088269 0.202288891
1317401415.082146883 458.698185582 -353.227897902 12.840457279 0.004075279 0.020736936 0.979068781 0.202429478
1317401415.186067104 457.790389032 -352.849190082 12.858175627 0.004227350 0.020971914 0.978910015 0.203168627
1317401415.290011883 456.867205734 -352.453165549 12.862833302 0.004272421 0.020419643 0.978732077 0.204079165
1317401415.393978119 455.955085869 -352.063548618 12.869230048 0.004091984 0.020639129 0.978421474 0.205544890
1317401415.497944117 455.047074962 -351.670326381 12.877236266 0.003628483 0.020247534 0.978001890 0.207579321
1317401415.601888657 454.116228349 -351.263739795 12.886948254 0.003298738 0.020559700 0.977612956 0.209378426
1317401415.705806732 453.188073589 -350.857078735 12.900333286 0.003244902 0.021919029 0.977249629 0.210931718
1317401415.809747934 452.245958790 -350.426235117 12.904830169 0.003158904 0.022892801 0.977085862 0.211587237
1317401415.913666964 451.327702559 -350.012283451 12.914866706 0.003303381 0.023520608 0.976898707 0.212378870
1317401416.017563105 450.406212788 -349.597788848 12.915789370 0.003107729 0.023398199 0.976822520 0.212745461
1317401416.121478796 449.471626279 -349.171165120 12.923485300 0.002843191 0.023719154 0.976705809 0.213248868
1317401416.225421906 448.516842656 -348.738403356 12.931561047 0.002559209 0.023924451 0.976686142 0.213319599
1317401416.329366922 447.596581841 -348.323772223 12.938937095 0.002375849 0.024710974 0.976686400 0.213230858
1317401416.433285952 446.620401091 -347.873648827 12.945601954 0.001884593 0.024305229 0.976836580 0.212593511
1317401416.537201881 445.654069552 -347.439900424 12.945495021 0.001718082 0.024285390 0.976898572 0.212312150
1317401416.641119957 444.671473032 -346.991809237 12.948943462 0.001864724 0.024382125 0.976911843 0.212238748
1317401416.745038986 443.696712450 -346.560012912 12.954857859 0.002398631 0.024553364 0.976936264 0.212101189
1317401416.848958015 442.721999675 -346.119533443 12.964151642 0.002944661 0.024141017 0.977046403 0.211633804
1317401416.952877998 441.742525088 -345.678389135 12.961923018 0.003579925 0.024207220 0.977102342 0.211358007
1317401417.056796074 440.736249835 -345.222120774 12.968701433 0.003904302 0.024620979 0.977093321 0.211346177
1317401417.160715103 439.732041785 -344.789493927 12.976272796 0.004231388 0.024728105 0.977255362 0.210576765
1317401417.264611721 438.711050105 -344.335260328 12.990055537 0.005103123 0.025721399 0.977419804 0.209673304
1317401417.368482113 437.708688357 -343.888364585 12.995051061 0.005789709 0.024660224 0.977529404 0.209271634
1317401417.472351074 436.683279595 -343.442363753 13.005331248 0.006736479 0.023885794 0.977733260 0.208378888
1317401417.576246977 435.639721866 -342.998048292 13.022945177 0.007786570 0.024150933 0.977904423 0.207506724
1317401417.680144072 434.645743912 -342.551671188 13.035812279 0.008323828 0.023443196 0.977993551 0.207146673
1317401417.784013987 433.611198270 -342.108164950 13.057804494 0.008472814 0.022872794 0.978187340 0.206287603
1317401417.887883663 432.572654392 -341.648107039 13.072343968 0.007548062 0.022415309 0.978311862 0.205782606
1317401417.991755962 431.572369296 -341.222838490 13.088374914 0.005023110 0.022542048 0.978470490 0.205090530
1317401418.095627069 430.566959055 -340.784304692 13.097645850 0.002074821 0.022312800 0.978467523 0.205180752
1317401418.199474096 429.463032088 -340.311487436 13.116712725 0.001381599 0.023310417 0.978541305 0.204723299
1317401418.303318977 428.405262894 -339.854977429 13.124377472 0.001243280 0.022698509 0.978589990 0.204560171
1317401418.407162905 427.359848961 -339.404303674 13.124375769 0.000493852 0.021878101 0.978638029 0.204422880
1317401418.510986090 426.315826612 -338.949724654 13.126313541 -0.000817329 0.021956320 0.978590772 0.204639566
1317401418.614785910 425.239552636 -338.482894070 13.129065148 -0.002129169 0.022704424 0.978623550 0.204391591
1317401418.718585968 424.176158668 -338.022289163 13.130347090 -0.002886102 0.023041872 0.978626499 0.204330415
1317401418.822384119 423.085072886 -337.561150597 13.134069948 -0.002564376 0.023258117 0.978564637 0.204606294
1317401418.926181078 422.021561207 -337.106734189 13.134160566 -0.001382778 0.022773349 0.978617831 0.204417717
1317401419.030004978 420.947999143 -336.641764750 13.135627927 0.000186409 0.022470601 0.978529140 0.204879866
1317401419.133805037 419.900148511 -336.188401723 13.139328052 0.001404747 0.021383520 0.978445893 0.205388427
1317401419.237603188 418.843873078 -335.747814265 13.139390113 0.001338004 0.021311661 0.978422570 0.205507413
1317401419.341402054 417.801968836 -335.284794207 13.142996192 0.000918060 0.021953318 0.978344110 0.205815480
1317401419.445202112 416.740040056 -334.827738046 13.155702060 0.000967145 0.022154988 0.978235994 0.206306957
1317401419.549000978 415.667226150 -334.356133836 13.168029298 0.001847267 0.021810022 0.978160313 0.206696186
1317401419.652775049 414.613446114 -333.911267247 13.179693287 0.002717816 0.021448613 0.978128994 0.206872523
1317401419.756525040 413.567977743 -333.443994800 13.184542426 0.002627393 0.021250399 0.978061623 0.207212402
1317401419.860263109 412.544006645 -333.014873466 13.195385256 0.001903589 0.021160639 0.978141049 0.206854275
1317401419.964013100 411.519945690 -332.556234946 13.207262799 0.001160211 0.021853581 0.978151081 0.206740265
1317401420.067776918 410.455845204 -332.104402232 13.220552140 0.000750467 0.022365051 0.978176864 0.206565397
1317401420.171551943 409.430076408 -331.645797607 13.231061293 0.000686092 0.022417078 0.978261120 0.206160582
1317401420.275326014 408.417201438 -331.203370235 13.240373115 0.001182722 0.022290526 0.978224704 0.206344766
1317401420.379098892 407.391474393 -330.764529278 13.255159678 0.002163574 0.021914169 0.978250484 0.206254886
1317401420.482873917 406.390046038 -330.322320657 13.262393588 0.002483090 0.021688293 0.978324810 0.205922360
1317401420.586673975 405.364358720 -329.882051432 13.269826696 0.001984130 0.021765403 0.978323109 0.205927717
1317401420.690498114 404.359986580 -329.451729780 13.280924524 0.001259260 0.022277732 0.978299643 0.205990111
1317401420.794318914 403.357249753 -329.011480600 13.296569625 0.000915199 0.021849567 0.978265794 0.206198434
1317401420.898142099 402.341608024 -328.584003072 13.307098542 0.001323884 0.022481507 0.978173820 0.206564291
1317401421.001940966 401.351821273 -328.145818889 13.314798122 0.001454975 0.021414815 0.978100959 0.207021260
1317401421.105737925 400.354613771 -327.714327304 13.318801723 0.000972766 0.020358129 0.978012137 0.207549657
1317401421.209537029 399.383959572 -327.292626384 13.326650040 0.000247266 0.020302234 0.977937929 0.207906628
1317401421.313335896 398.392826852 -326.864782097 13.342923408 -0.000735845 0.020126912 0.977778927 0.208668965
1317401421.417135000 397.428308800 -326.427559177 13.337144900 -0.001903995 0.020367729 0.977575174 0.209590813
1317401421.520909071 396.441002273 -325.978090877 13.345818376 -0.002949743 0.020782132 0.977375861 0.210465742
1317401421.624707937 395.487285995 -325.550952533 13.352266027 -0.003441792 0.020909999 0.977187746 0.211317378
1317401421.728533983 394.516358066 -325.120831255 13.362481027 -0.003363633 0.021448181 0.977023561 0.212022696
1317401421.832356215 393.580096626 -324.721074749 13.354880228 -0.004140747 0.021035786 0.976904729 0.212597036
1317401421.936188936 392.588377461 -324.273629344 13.350066014 -0.005577080 0.020907276 0.976761401 0.213234490
1317401422.040010929 391.688682779 -323.873677846 13.344434349 -0.006538286 0.022138252 0.976757897 0.213098942
1317401422.143799067 390.721003439 -323.432977928 13.339212826 -0.006275045 0.022447999 0.976845170 0.212673989
1317401422.247575045 389.812718726 -323.008965233 13.340387669 -0.005219738 0.022813720 0.976865716 0.212569194
1317401422.351377964 388.848650138 -322.595195869 13.335279314 -0.004184229 0.022731970 0.976993688 0.212011990
1317401422.455178976 387.907142000 -322.181044058 13.327318110 -0.004067314 0.022028559 0.977127092 0.211473039
1317401422.558949232 386.968273170 -321.771910496 13.318534825 -0.004704559 0.021233052 0.977257409 0.210938335
1317401422.662744999 386.075715928 -321.372454736 13.318027563 -0.004397893 0.021567546 0.977486247 0.209847887
1317401422.766545057 385.200794691 -320.954058415 13.317053154 -0.003744721 0.021968787 0.977562493 0.209463412
1317401422.870318890 384.231741385 -320.563229874 13.316757197 -0.003560951 0.022432524 0.977648236 0.209016814
1317401422.974068880 383.312464351 -320.156075213 13.309376055 -0.004627647 0.023166200 0.977832955 0.208049569
1317401423.077842951 382.402505989 -319.746460681 13.308483794 -0.005520870 0.023078800 0.977897022 0.207736140
1317401423.181690931 381.536528752 -319.347571744 13.306551591 -0.005669915 0.023815407 0.977941010 0.207441703
1317401423.285562038 380.632639447 -318.956338963 13.303582515 -0.005246760 0.023669295 0.978030847 0.207045645
1317401423.389432907 379.632554313 -318.536894785 13.297374368 -0.004563755 0.023108875 0.978122313 0.206692752
1317401423.493278980 378.821839721 -318.171339841 13.293451735 -0.004376839 0.022936856 0.978205191 0.206323407
1317401423.597101927 378.064708032 -317.802633529 13.287536906 -0.004767930 0.022061018 0.978066833 0.207064840
1317401423.700951099 377.075378866 -317.403779069 13.283056125 -0.005075233 0.022510942 0.978169434 0.206523746
1317401423.804797888 376.586759336 -317.174615916 13.279324977 -0.005502170 0.022512009 0.977982853 0.207394492
1317401423.908643723 375.638287058 -316.698034844 13.275733630 -0.005940850 0.023015119 0.977924496 0.207602241
1317401424.012515068 374.390297000 -316.209995673 13.273318885 -0.006325331 0.023609245 0.978220826 0.206122800
1317401424.116409063 373.531967939 -315.801805229 13.268210019 -0.006189082 0.024753268 0.978132123 0.206413471
1317401424.220304966 372.721475688 -315.498815666 13.270881622 -0.005494968 0.025350855 0.978122310 0.206407090
1317401424.324152946 371.813434676 -315.121669071 13.260664662 -0.004923522 0.025769223 0.978353341 0.205271640
1317401424.427998066 370.911907367 -314.705361887 13.256805450 -0.004589132 0.025143494 0.978576420 0.204291298
1317401424.531821966 370.135010358 -314.442892851 13.249992006 -0.004121966 0.026627400 0.978740750 0.203323720
1317401424.635597706 369.243127068 -313.958769731 13.244889808 -0.003795231 0.026211060 0.979438839 0.199995344
1317401424.739320993 368.370390469 -313.612449311 13.246822925 -0.002818962 0.027946493 0.979914020 0.197432418
1317401424.843023062 367.475744001 -313.241075848 13.242649607 -0.001812616 0.028700399 0.980926501 0.192239957
1317401424.946727991 366.619549414 -312.881723061 13.249725142 -0.000373704 0.030303694 0.982098663 0.185913321
1317401425.050407887 365.772034044 -312.588877949 13.250424102 0.001075623 0.030422852 0.983435983 0.178681167
1317401425.154061079 364.939810011 -312.279605704 13.256235180 0.002486287 0.031349066 0.985228706 0.168331371
1317401425.257667065 364.060837519 -311.947849719 13.256202321 0.002943432 0.032495432 0.986918118 0.157886069
1317401425.361272097 363.241579667 -311.693065048 13.262197254 0.002203140 0.032662322 0.988843986 0.145313076
1317401425.464926004 362.443417343 -311.483654228 13.274432652 0.001401138 0.032912770 0.990767447 0.131509131
1317401425.568603992 361.547713669 -311.252166167 13.290030500 0.001358878 0.032925111 0.992446627 0.118168454
1317401425.672308922 360.663715179 -311.009888907 13.296345945 0.001417196 0.032567116 0.994125478 0.103208086
1317401425.776036024 359.802638999 -310.841691933 13.313461540 0.002077518 0.032923381 0.995531099 0.088484835
1317401425.879760981 358.911402142 -310.716317346 13.322369679 0.002781862 0.032667727 0.996628060 0.075216955
1317401425.983513117 358.074118267 -310.567815447 13.336308557 0.002968222 0.032458646 0.997702973 0.059383531
1317401426.087289095 357.226277742 -310.455717979 13.343799860 0.002845828 0.031938460 0.998511604 0.044118157
1317401426.191086054 356.348193348 -310.410440075 13.359832700 0.002268957 0.031597486 0.999060508 0.029572824
1317401426.294884920 355.521861641 -310.399172552 13.373418214 0.001398580 0.031040624 0.999405206 0.014958535
1317401426.398683786 354.673479039 -310.357413679 13.386951306 0.000037212 0.030250412 0.999541311 0.001442123
1317401426.502532005 353.888633876 -310.385434238 13.407214258 -0.000803786 0.029759942 0.999463691 -0.013639251
1317401426.606451988 353.023136534 -310.412415424 13.424279331 -0.001227573 0.028737636 0.999269839 -0.025148156
1317401426.710417271 352.202262149 -310.429746516 13.436092466 -0.001411967 0.027213236 0.998982649 -0.035932057
1317401426.814407825 351.418970846 -310.509093928 13.446550335 -0.001580056 0.026298195 0.998643220 -0.044918005
1317401426.918446064 350.611916520 -310.611900293 13.463848903 -0.001531919 0.026073163 0.998288418 -0.052326637
1317401427.022508144 349.832724618 -310.692142306 13.478085264 -0.001031145 0.025605233 0.997970561 -0.058292953
1317401427.126619101 349.043467882 -310.817823075 13.487301194 -0.000353275 0.024445762 0.997728491 -0.062770521
1317401427.230777740 348.309964317 -310.893808098 13.497680170 -0.000082125 0.023165242 0.997586198 -0.065461000
1317401427.334935904 347.532209306 -310.992243160 13.507422267 -0.000277863 0.022346237 0.997515858 -0.066803303
1317401427.439120054 346.768914495 -311.105454880 13.528413913 -0.000765672 0.021473996 0.997564187 -0.066362442
1317401427.543350935 345.995027244 -311.206602199 13.541207147 -0.000963820 0.019983392 0.997732223 -0.064266218
1317401427.647629023 345.315192012 -311.324748721 13.555842597 -0.000857980 0.018392182 0.998034588 -0.059899525
1317401427.751955986 344.595890939 -311.451358846 13.566756664 -0.000609127 0.016566836 0.998446840 -0.053189064
1317401427.856329918 343.891859094 -311.490725202 13.574276894 -0.000514779 0.014709823 0.999012525 -0.041920538
1317401427.960728884 343.173089263 -311.582623391 13.585475155 -0.000664157 0.013385367 0.999518305 -0.027991955
1317401428.065128088 342.441695974 -311.607041612 13.595601820 -0.000601459 0.012491157 0.999836920 -0.013028514
1317401428.169503927 341.697761985 -311.655395842 13.610017240 -0.000367722 0.012470489 0.999916864 0.003258257
1317401428.273879051 341.005802578 -311.622554463 13.616192647 -0.000186564 0.011528435 0.999715659 0.020872525
1317401428.378252983 340.335420628 -311.627158931 13.626327241 -0.000476095 0.010397880 0.999146075 0.039984723
1317401428.482604980 339.666650333 -311.571946134 13.634038808 -0.001810774 0.009877447 0.998245260 0.058357166
1317401428.586954355 338.966170852 -311.511364763 13.640439689 -0.003787538 0.009525501 0.996702622 0.080491006
1317401428.691278934 338.304252232 -311.389974102 13.641297712 -0.005151329 0.008954831 0.994874537 0.100587926
1317401428.795582056 337.656074186 -311.279949168 13.649027510 -0.005424719 0.008195060 0.992449946 0.122255954
1317401428.899887085 336.957208725 -311.067172262 13.646167995 -0.004914600 0.007233887 0.989205320 0.146274923
1317401429.004164934 336.286460870 -310.844786117 13.640078516 -0.004082295 0.006738642 0.985208537 0.171178455
1317401429.108395100 335.733478384 -310.666788814 13.638903239 -0.003254892 0.008135719 0.981037671 0.193618966
1317401429.212601900 335.062963822 -310.342675411 13.646501982 -0.003406294 0.010526630 0.975773936 0.218501289
1317401429.316785097 334.542072877 -310.127954215 13.647650816 -0.003568623 0.011136994 0.970475099 0.240917650
1317401429.420919895 333.985131840 -309.863606349 13.649494296 -0.003826356 0.010646686 0.964216242 0.264875529
1317401429.525032043 333.428840799 -309.521485094 13.649479364 -0.003878670 0.010428363 0.957710754 0.287517507
1317401429.629139900 332.930576941 -309.185938183 13.650947073 -0.004030783 0.010144904 0.950726709 0.309837956
1317401429.733252048 332.331219558 -308.759920827 13.645186091 -0.004241429 0.010111422 0.942312704 0.334554236
1317401429.837388039 331.870181031 -308.388844140 13.641778422 -0.004391046 0.010401315 0.933651603 0.358004492
1317401429.941524029 331.425007660 -307.986248937 13.643838859 -0.004598867 0.010623279 0.924394194 0.381262862
1317401430.045609951 330.949019651 -307.500237049 13.640254174 -0.004481982 0.010038760 0.914109892 0.405317455
1317401430.149672985 330.545201603 -307.076715672 13.639857313 -0.004193474 0.009952488 0.903594877 0.428251867
1317401430.253709078 330.160561740 -306.585698126 13.636823733 -0.003739738 0.011098143 0.892795414 0.450310109
1317401430.357700109 329.836093033 -306.113808494 13.631510114 -0.003690625 0.012754284 0.881919509 0.471212995
1317401430.461667061 329.528139933 -305.632012071 13.635565332 -0.004192525 0.014431288 0.870731746 0.491528622
1317401430.565609932 329.184894310 -305.129873135 13.638148726 -0.004675921 0.016010830 0.858955920 0.511777799
1317401430.669553995 328.944217704 -304.676703899 13.637375893 -0.005007469 0.017266975 0.847263544 0.530868405
1317401430.773497105 328.704527846 -304.197360116 13.633995704 -0.004784684 0.018056347 0.835014643 0.549910557
1317401430.877389908 328.565256840 -303.807387990 13.634850411 -0.004733170 0.018730216 0.823481424 0.567014215
1317401430.981286049 328.402489587 -303.358105214 13.630863475 -0.005260620 0.019060688 0.811248158 0.584367558
1317401431.085228682 328.229619566 -302.936572720 13.626869258 -0.006685316 0.018435936 0.798390950 0.601820001
1317401431.189171314 328.090039630 -302.524514543 13.619112516 -0.007957073 0.017809382 0.785290121 0.618820602
1317401431.293088913 328.019568703 -302.174578862 13.614378947 -0.008747826 0.018190143 0.772059754 0.635229353
1317401431.397032022 327.932797260 -301.803784402 13.610070548 -0.008885440 0.018197973 0.757943396 0.652005898
1317401431.501024008 327.888221120 -301.418340187 13.608014644 -0.008777918 0.017846468 0.742863465 0.669147461
1317401431.605037928 327.821329791 -301.037127875 13.599913383 -0.009796523 0.016431726 0.726723566 0.686663590
1317401431.709100962 327.828756759 -300.701010983 13.595053582 -0.011485564 0.015363360 0.709562082 0.704381786
1317401431.813213110 327.833523202 -300.334510996 13.580989222 -0.013703676 0.015084503 0.690746234 0.722810008
1317401431.917346954 327.813384675 -299.953716620 13.570351207 -0.015186849 0.014939094 0.669898022 0.742147440
1317401432.021503925 327.868650159 -299.618511535 13.557974691 -0.016071866 0.015102704 0.648326636 0.761042822
1317401432.125664949 327.905409619 -299.280121515 13.549231827 -0.016184281 0.015364148 0.625273288 0.780086743
1317401432.229800940 327.995488441 -298.927422476 13.545809771 -0.016029887 0.015970490 0.601997097 0.798177600
1317401432.333909988 328.105510251 -298.613211427 13.537229891 -0.016151210 0.015706160 0.578367382 0.815465282
1317401432.437994957 328.194010923 -298.281558381 13.536898899 -0.017196825 0.014557247 0.553802552 0.832343132
1317401432.542057037 328.311725085 -297.979254085 13.521904316 -0.018877664 0.012667738 0.528806607 0.848437820
1317401432.646121025 328.449846442 -297.691197505 13.509279163 -0.020445472 0.010369163 0.503197873 0.863867098
1317401432.750183821 328.626721492 -297.344774851 13.489222898 -0.021288988 0.008703906 0.476463667 0.878893278
1317401432.854247093 328.809207676 -297.051008396 13.472593770 -0.020826018 0.007628517 0.448974976 0.893269026
1317401432.958285093 329.002856238 -296.690352335 13.458800532 -0.019706904 0.007373320 0.420935360 0.906846566
1317401433.062275887 329.328333515 -296.466419696 13.454126425 -0.018644218 0.007854732 0.394516453 0.918666133
1317401433.166220903 329.570979832 -296.133210496 13.454952935 -0.018936594 0.008747222 0.367042524 0.929970256
1317401433.270139933 329.859951751 -295.861614334 13.443296996 -0.020663221 0.009339009 0.341700604 0.939535264
1317401433.374010086 330.184026774 -295.586112179 13.428953462 -0.021613348 0.010469682 0.316412742 0.948317576
1317401433.477807760 330.511849627 -295.320829064 13.423093195 -0.021521529 0.011957932 0.293476258 0.955649265
1317401433.581558943 330.894038876 -295.098296976 13.432399804 -0.023255204 0.013213173 0.272347301 0.961827196
1317401433.685286045 331.266554953 -294.838084282 13.424637593 -0.026201756 0.013693768 0.251477205 0.967411579
1317401433.789014101 331.676372192 -294.626762100 13.415324577 -0.030895277 0.013854478 0.231447016 0.972258101
1317401433.892751932 332.061875821 -294.440446761 13.377139147 -0.033029570 0.014954874 0.212880952 0.976405192
1317401433.996454000 332.550590223 -294.246237077 13.345338606 -0.031845447 0.016432784 0.194822189 0.980183731
1317401434.100122929 333.013081967 -294.005600255 13.349722320 -0.028516201 0.017311420 0.177304829 0.983590432
1317401434.203800917 333.488346244 -293.833224904 13.350557434 -0.029329523 0.016519556 0.162359227 0.986157373
1317401434.307455063 334.047713725 -293.668422185 13.338520884 -0.033292727 0.015089779 0.149862893 0.988030873
1317401434.411084890 334.511646655 -293.452636505 13.304318823 -0.036281438 0.012085026 0.138457170 0.989629841
1317401434.514692068 335.089205612 -293.341014882 13.268394577 -0.037120831 0.009424471 0.130529605 0.990704419
1317401434.618300915 335.631336514 -293.185182392 13.248614905 -0.035000614 0.009102081 0.122724946 0.991781577
1317401434.721955061 336.186701601 -293.053346215 13.240013678 -0.034614811 0.010145811 0.116918867 0.992486199
1317401434.825633049 336.781607168 -292.888794609 13.229531883 -0.036282223 0.010867424 0.111714030 0.993018366
1317401434.929311037 337.378784551 -292.750344005 13.219379501 -0.038744198 0.011724536 0.107211812 0.993411823
1317401435.033014059 337.987628481 -292.637340162 13.207351134 -0.039959474 0.010561863 0.103873500 0.993731344
1317401435.136742115 338.629022435 -292.451822162 13.193789662 -0.041495289 0.007323326 0.100497350 0.994044663
1317401435.240468979 339.281234235 -292.321469670 13.173255987 -0.043036739 0.003448056 0.097992788 0.994250151
1317401435.344196081 339.967815270 -292.191575200 13.147277641 -0.043395365 0.001013286 0.096650650 0.994371393
1317401435.447922945 340.634055168 -292.046178952 13.145036660 -0.044171245 -0.000102425 0.095495608 0.994449335
1317401435.551696777 341.317836466 -291.910434007 13.128272729 -0.047188306 -0.000120170 0.094600605 0.994396287
1317401435.655493975 342.010436182 -291.772064312 13.128335174 -0.050311318 -0.000224290 0.094391382 0.994263038
1317401435.759293079 342.754853962 -291.592286505 13.111876361 -0.053223748 -0.000045916 0.093577277 0.994188374
1317401435.863140106 343.475951162 -291.448814816 13.104515520 -0.053882480 0.000507773 0.092603667 0.994243924
1317401435.967010021 344.208941721 -291.304359423 13.101845002 -0.055260008 0.001765129 0.091630678 0.994257026
1317401436.070880651 344.965117056 -291.177516593 13.102759997 -0.056157964 0.002877667 0.090658360 0.994293248
1317401436.174777031 345.727904550 -291.018790294 13.089691805 -0.058335920 0.003455553 0.089392043 0.994280666
1317401436.278670073 346.510419207 -290.856479360 13.079448101 -0.058046396 0.004017798 0.087673970 0.994448464
1317401436.382515907 347.258403308 -290.710806146 13.094048277 -0.057384329 0.003163914 0.087217538 0.994530105
1317401436.486365080 348.059636626 -290.546336392 13.077216230 -0.057536752 0.001765620 0.086395658 0.994596499
1317401436.590235949 348.863426082 -290.410175175 13.079513108 -0.060060033 0.001111831 0.086241617 0.994461633
1317401436.694107056 349.662607171 -290.259056299 13.043198923 -0.060413230 0.003433883 0.085133629 0.994530399
1317401436.798002958 350.488866839 -290.124121185 13.048589441 -0.060458765 0.006659497 0.084175832 0.994592790
1317401436.901896954 351.339786059 -289.967742683 13.020348181 -0.061196011 0.008741284 0.083467973 0.994591240
1317401437.005790949 352.161248733 -289.814434389 13.029946974 -0.061622172 0.008353117 0.082588126 0.994641712
1317401437.109710932 353.020836832 -289.679865401 13.007112549 -0.060253336 0.007473724 0.082576271 0.994733551
1317401437.213606119 353.888731561 -289.513721446 12.990157065 -0.060020903 0.007109312 0.082362086 0.994768031
1317401437.317473888 354.780178240 -289.359340620 12.973347976 -0.063128190 0.007148631 0.082560383 0.994558953
1317401437.421345949 355.688388016 -289.195137690 12.948770059 -0.061527927 0.008100443 0.082510776 0.994656056
1317401437.525192976 356.585060093 -289.040475150 12.922414724 -0.059595833 0.007688624 0.083445800 0.994698960
1317401437.629039049 357.497457078 -288.859106076 12.924472706 -0.060070395 0.005468112 0.083940638 0.994643462
1317401437.732886076 358.406885454 -288.710604955 12.895482886 -0.061036899 0.005729807 0.085332447 0.994464700
1317401437.836685896 359.327966240 -288.540063543 12.876368167 -0.060114847 0.010363187 0.087257464 0.994316320
1317401437.940485954 360.265685180 -288.368960622 12.834208336 -0.053671695 0.018340770 0.088711351 0.994441180
1317401438.044307947 361.246040008 -288.195479637 12.840239478 -0.048241414 0.023901770 0.089647341 0.994517383
1317401438.148104906 362.225959713 -288.008765276 12.802837476 -0.040479653 0.027263606 0.091368325 0.994620492
1317401438.251903057 363.136347406 -287.867034662 12.784550264 -0.037975781 0.026303822 0.093856830 0.994513371
1317401438.355751991 364.090994324 -287.681019103 12.719520276 -0.035165679 0.022439123 0.095207389 0.994583035
1317401438.459598064 365.050866200 -287.458747742 12.714263511 -0.036139364 0.017762400 0.096565793 0.994511685
1317401438.563442945 366.000539641 -287.261960441 12.652909895 -0.036484067 0.014428208 0.097333247 0.994478245
1317401438.667313099 366.953107422 -287.060314263 12.621067662 -0.042731179 0.011636526 0.097318612 0.994267431
1317401438.771209002 367.908078093 -286.873140217 12.576334165 -0.043308434 0.012597531 0.096991165 0.994262740
1317401438.875128984 368.894023436 -286.683242631 12.553830004 -0.044825614 0.015619540 0.096199700 0.994229507
1317401438.979023218 369.872005105 -286.482284684 12.524218387 -0.038576264 0.018430138 0.095212403 0.994538486
1317401439.082916975 370.871971909 -286.275030972 12.519455863 -0.038746854 0.018099262 0.094557711 0.994600391
1317401439.186837912 371.914014258 -286.081156649 12.478241532 -0.036691525 0.017862574 0.094033133 0.994732341
1317401439.290756941 372.916791693 -285.883379875 12.444784092 -0.036213715 0.018181010 0.093747313 0.994771059
1317401439.394649744 373.885838618 -285.687038415 12.416512250 -0.032217100 0.018572865 0.094232608 0.994855428
1317401439.498543978 374.764850791 -285.513454952 12.386749212 -0.035468959 0.018413323 0.095016952 0.994673153
1317401439.602438927 375.869362528 -285.288585624 12.342337444 -0.031775752 0.021228130 0.095903996 0.994656771
1317401439.706335068 376.897506520 -285.098040326 12.305995607 -0.028642243 0.023210694 0.096618272 0.994638525
1317401439.810276031 377.881423984 -284.908987104 12.286912490 -0.026923008 0.021538661 0.096563221 0.994729502
1317401439.914266109 378.879006100 -284.705567607 12.251091212 -0.027932988 0.017767536 0.096138625 0.994817284
1317401440.018256903 379.887445424 -284.496590358 12.218306560 -0.029775130 0.015783075 0.095092659 0.994897845
1317401440.122201204 380.895132055 -284.285610875 12.167369025 -0.029230083 0.016701522 0.093933016 0.995009171
1317401440.226144075 381.807013258 -284.105787673 12.142268791 -0.029950214 0.018758591 0.093207831 0.995019296
1317401440.330086946 382.842796485 -283.910816100 12.105730819 -0.028190083 0.020419156 0.091972805 0.995152943
1317401440.433981895 383.816946018 -283.708205254 12.090613518 -0.030229412 0.019058289 0.091057644 0.995204235
1317401440.537851095 384.799901278 -283.518339807 12.049131628 -0.031473627 0.018571873 0.091004663 0.995179706
1317401440.641746998 385.805147689 -283.327403806 12.010168359 -0.031921233 0.019889087 0.090965122 0.995143611
1317401440.745641947 386.802069354 -283.137710275 11.982916418 -0.032212749 0.021650805 0.091006980 0.995093619
1317401440.849514008 387.806101687 -282.957296542 11.955520304 -0.032776665 0.021675536 0.090770823 0.995096236
1317401440.953408957 388.787586642 -282.763771555 11.915520180 -0.031758482 0.020745420 0.090571935 0.995167198
1317401441.057303905 389.783922937 -282.582315698 11.888875744 -0.026828050 0.020252825 0.090131713 0.995362423
1317401441.161197901 390.767411119 -282.406054168 11.860616640 -0.026523419 0.018652734 0.090100280 0.995404703
1317401441.265091896 391.726099132 -282.205147362 11.839849994 -0.028075102 0.014220667 0.090142054 0.995431550
1317401441.368984938 392.756057929 -282.010094548 11.803978416 -0.030988791 0.010565077 0.090081094 0.995396137
1317401441.472929001 393.724426689 -281.807350367 11.775837825 -0.036659196 0.008457590 0.089973797 0.995233283
1317401441.576874018 394.701349602 -281.608351026 11.740577452 -0.042076613 0.008674917 0.089772734 0.995035256
1317401441.680767059 395.663558307 -281.408588563 11.733443094 -0.048375936 0.007075539 0.090525072 0.994693378
1317401441.784661055 396.633332796 -281.222443262 11.712584094 -0.050038985 0.006836996 0.091855759 0.994490762
1317401441.888556957 397.610075710 -281.032492087 11.698963354 -0.049347340 0.008926691 0.092812357 0.994419942
1317401441.992453098 398.610571437 -280.834202620 11.661691801 -0.045456801 0.014023830 0.093385464 0.994492919
1317401442.096365929 399.603768621 -280.648446213 11.658016546 -0.041675660 0.017576363 0.093876869 0.994555853
1317401442.200308084 400.594368699 -280.450902097 11.650854837 -0.038597930 0.015420829 0.094323952 0.994673509
1317401442.304279089 401.553408488 -280.263706061 11.629015240 -0.037278227 0.009074315 0.094766792 0.994759893
1317401442.408246040 402.574906619 -280.068834793 11.601891961 -0.037142787 0.004514529 0.094564058 0.994815396
1317401442.512212992 403.582898388 -279.869980794 11.576044640 -0.039231237 0.002141745 0.094032752 0.994793529
1317401442.616180897 404.590294082 -279.690120505 11.554603226 -0.040472925 0.004714499 0.093214085 0.994811967
1317401442.720150948 405.594517060 -279.486614647 11.541783218 -0.038954661 0.007848182 0.092478864 0.994921404
1317401442.824115992 406.619637094 -279.274868070 11.545565857 -0.037996683 0.009364260 0.091478177 0.995037841
1317401442.928056002 407.624192133 -279.082261749 11.528591362 -0.034739500 0.009182536 0.091666920 0.995141208
1317401443.031979084 408.647261816 -278.891645642 11.534016441 -0.034520138 0.007674028 0.092517123 0.995082937
1317401443.135899067 409.689793877 -278.691129512 11.499376667 -0.034109505 0.008179901 0.093352028 0.995015090
1317401443.239810705 410.723082623 -278.495158860 11.490580437 -0.034564515 0.010358073 0.093774741 0.994939346
1317401443.343728781 411.741471800 -278.293112934 11.471940033 -0.034771075 0.012280530 0.094381426 0.994852907
1317401443.447673082 412.761917854 -278.078090471 11.470927440 -0.031546574 0.012162026 0.094747731 0.994927016
1317401443.551615953 413.819013537 -277.880538153 11.435853693 -0.030643175 0.012851574 0.094831247 0.994938625
1317401443.655556917 414.849646039 -277.677431487 11.420750909 -0.026505286 0.012990422 0.094484822 0.995088608
1317401443.759500027 415.900091952 -277.475368584 11.420742478 -0.022072304 0.010552169 0.094461698 0.995227840
1317401443.863443851 416.944779101 -277.265709905 11.395710747 -0.021057456 0.006645116 0.094041991 0.995323329
1317401443.967410088 417.981794551 -277.064535542 11.375781306 -0.023501461 0.004875779 0.093299058 0.995348780
1317401444.071377993 419.019132767 -276.870443852 11.365732482 -0.024311775 0.007081444 0.092642983 0.995377350
1317401444.175322056 420.055274659 -276.659808162 11.359844969 -0.028232863 0.009146718 0.092214013 0.995296850
1317401444.279263973 421.086994981 -276.452222043 11.350021849 -0.028283037 0.010813595 0.091765723 0.995320143
1317401444.383207083 422.126386489 -276.241459704 11.331795107 -0.031150763 0.011095558 0.091537511 0.995252432
1317401444.487148046 423.165952235 -276.045188458 11.308267629 -0.033940331 0.012690080 0.091170607 0.995175832
1317401444.591089010 424.185722142 -275.829612249 11.285505727 -0.035307971 0.014333300 0.091459855 0.995079393
1317401444.694984913 425.209544509 -275.631010891 11.280887857 -0.038794725 0.013994901 0.092165426 0.994889263
1317401444.798880100 426.204896266 -275.433963042 11.253428169 -0.036186992 0.013194460 0.092870194 0.994932930
1317401444.902798891 427.217811717 -275.235048565 11.242710785 -0.036960828 0.011049271 0.093742737 0.994848788
1317401445.006716967 428.221156226 -275.026572537 11.212551763 -0.037556415 0.010089212 0.094142612 0.994798920
1317401445.110658884 429.230382647 -274.825808812 11.191938460 -0.039130351 0.009858259 0.094074143 0.994747046
1317401445.214626074 430.233309654 -274.621321202 11.170822214 -0.041711668 0.010640015 0.093138470 0.994722148
1317401445.318571091 431.231711825 -274.421378953 11.151330880 -0.043748308 0.012256329 0.092477866 0.994677693
1317401445.422489882 432.242540734 -274.223199313 11.144910236 -0.043687886 0.013225023 0.092144207 0.994698905
1317401445.526408911 433.233248679 -274.028599876 11.126067275 -0.043925033 0.012215473 0.091911387 0.994722911
1317401445.630328178 434.229486939 -273.834803082 11.106475600 -0.043869661 0.010593791 0.091972233 0.994738324
1317401445.734247923 435.204052635 -273.641805083 11.084051409 -0.044528274 0.009167809 0.092304975 0.994692403
1317401445.838165998 436.191824455 -273.448945732 11.066923315 -0.044441157 0.009592457 0.092413555 0.994682212
1317401445.942061901 437.160309533 -273.257335315 11.037239205 -0.044882520 0.012698645 0.092226993 0.994644904
1317401446.045932055 438.141709374 -273.083757813 11.013857874 -0.044033478 0.019165570 0.092093607 0.994591625
1317401446.149801016 439.085025515 -272.882919680 11.004429440 -0.042675493 0.023780438 0.092960662 0.994470517
1317401446.253673077 440.049049734 -272.704149686 10.987068306 -0.039677388 0.021575541 0.094018661 0.994545470
1317401446.357542992 441.038351464 -272.493799940 10.975471273 -0.036583867 0.013566006 0.095015250 0.994710856
1317401446.461437941 442.008773555 -272.308829004 10.930797655 -0.038511429 0.005254084 0.095255017 0.994693795
1317401446.565357924 442.964653406 -272.103957639 10.904614297 -0.040971825 0.001484211 0.094950163 0.994637408
1317401446.669251919 443.911951080 -271.917378378 10.866666076 -0.043837140 0.004272797 0.094432582 0.994556452
1317401446.773121119 444.870868650 -271.714491064 10.866993343 -0.044396162 0.010425971 0.093628955 0.994562164
1317401446.877019882 445.821966671 -271.517779598 10.865092622 -0.044479650 0.014339192 0.092568719 0.994608959
1317401446.980916023 446.772914365 -271.328336985 10.859601928 -0.045458016 0.014869818 0.092213370 0.994589942
1317401447.084784031 447.707752404 -271.154254616 10.822760873 -0.045008925 0.014604481 0.091990105 0.994634971
1317401447.188677073 448.646529199 -270.974096068 10.816741738 -0.042907215 0.014156790 0.091795983 0.994752257
1317401447.292573929 449.577224843 -270.789237788 10.794027232 -0.041109421 0.012741224 0.091785996 0.994848233
1317401447.396468878 450.502349357 -270.619930511 10.770763618 -0.041636871 0.011540982 0.091397245 0.994876736
1317401447.500385046 451.432744171 -270.440896358 10.753745836 -0.039134512 0.011579380 0.091361956 0.994981106
1317401447.604304075 452.342826016 -270.264782952 10.737636670 -0.037293503 0.012987998 0.091295973 0.995040478
1317401447.708222866 453.254648062 -270.090251490 10.720543528 -0.036876556 0.015053787 0.090935770 0.995059892
1317401447.812139988 454.172603823 -269.916309040 10.699141292 -0.034929005 0.017159704 0.090281012 0.995155690
1317401447.916081905 455.090939074 -269.747633297 10.687959944 -0.034799582 0.016851340 0.089474575 0.995238324
1317401448.020047903 455.995512390 -269.572546777 10.663767670 -0.034781491 0.014871773 0.088811907 0.995329857
1317401448.123990059 456.915007711 -269.394612949 10.654063412 -0.035040593 0.011459657 0.088084291 0.995430555
1317401448.227910995 457.808425302 -269.232521758 10.611200995 -0.034408703 0.008077413 0.088123668 0.995482303
1317401448.331784964 458.719287940 -269.061290007 10.610395400 -0.033474792 0.008433891 0.089447724 0.995393094
1317401448.435632944 459.609669248 -268.886985838 10.593211301 -0.034893948 0.012874359 0.091432547 0.995116452
1317401448.539526939 460.495351677 -268.724958422 10.571534546 -0.034220939 0.016879474 0.092938243 0.994940447
1317401448.643445015 461.378920831 -268.538411539 10.559030957 -0.033558305 0.019334871 0.094113179 0.994807877
1317401448.747386932 462.263941168 -268.366599889 10.535936682 -0.034156614 0.019531487 0.094422265 0.994754383
1317401448.851331949 463.147307611 -268.190079957 10.498903070 -0.035376283 0.019435217 0.094246218 0.994730336
1317401448.955275059 464.024623754 -268.019707011 10.479908732 -0.034917801 0.018247934 0.094328725 0.994761203
1317401449.059215069 464.922908857 -267.852486260 10.451305968 -0.034059916 0.018319133 0.094061440 0.994814946
1317401449.163156986 465.790069073 -267.667733824 10.418143210 -0.034036495 0.018904317 0.094209127 0.994790824
1317401449.267124891 466.663284573 -267.499110787 10.394040244 -0.034592983 0.018002793 0.094417853 0.994768563
1317401449.371068001 467.534676791 -267.316321423 10.377523601 -0.036244621 0.015904419 0.095000927 0.994690002
1317401449.475011110 468.402308575 -267.137416371 10.333400526 -0.037436467 0.014399301 0.095583336 0.994612988
1317401449.578970909 469.259054000 -266.968318094 10.306599555 -0.038345495 0.016857978 0.095664945 0.994531875
1317401449.682913065 470.131003836 -266.790983463 10.276144712 -0.038923871 0.019628855 0.095571380 0.994467572
1317401449.786861897 471.003238372 -266.610109840 10.261504009 -0.039397482 0.019748871 0.095428965 0.994460222
1317401449.890829086 471.875694514 -266.429442757 10.249342341 -0.039443699 0.016656295 0.095432320 0.994514673
1317401449.994796991 472.741913295 -266.258348319 10.214357386 -0.038844133 0.013306523 0.095480868 0.994584071
1317401450.098763943 473.602393662 -266.092787600 10.177508890 -0.040192592 0.011654129 0.095381818 0.994560730
1317401450.202730894 474.494213040 -265.910292891 10.147740962 -0.040087855 0.012193033 0.094810130 0.994613157
1317401450.306674004 475.388052452 -265.740276209 10.130308721 -0.041066032 0.013979578 0.094458968 0.994583157
1317401450.410590887 476.282111405 -265.557671432 10.103565142 -0.040380788 0.015977721 0.094345027 0.994591937
1317401450.514509916 477.181865063 -265.377753827 10.069141340 -0.039296537 0.016966053 0.094474980 0.994606663
1317401450.618452072 478.098983192 -265.198918950 10.070803748 -0.039182070 0.015061447 0.094674180 0.994622902
1317401450.722394943 478.986600882 -265.013544068 10.044031977 -0.036185941 0.012758329 0.094862738 0.994750654
1317401450.826338053 479.920491716 -264.841710357 10.007081245 -0.036486858 0.011609333 0.094918291 0.994748436
1317401450.930282354 480.800072552 -264.660629881 9.971465035 -0.034669431 0.013851588 0.095162280 0.994761431
1317401451.034224987 481.711895322 -264.481179039 9.966060835 -0.034286386 0.015834531 0.095497713 0.994712973
1317401451.138191223 482.599657733 -264.306015671 9.943527666 -0.033646502 0.017059239 0.095265098 0.994736878
1317401451.242156982 483.492891092 -264.125232846 9.925213336 -0.034475096 0.016242521 0.094820457 0.994764660
1317401451.346122980 484.387502778 -263.949838881 9.909013516 -0.035504568 0.015439318 0.094162432 0.994803744
1317401451.450088978 485.285217166 -263.770051748 9.889746050 -0.035980641 0.014420003 0.093517036 0.994862815
1317401451.554056883 486.170059230 -263.590664826 9.855503274 -0.037511293 0.013470448 0.093308531 0.994839167
1317401451.658000946 487.046649192 -263.422350638 9.829029898 -0.036810391 0.013494016 0.093289159 0.994866845
1317401451.761941910 487.921722994 -263.246673125 9.824146313 -0.036519351 0.012855930 0.093106507 0.994903131
1317401451.865907907 488.819213929 -263.074665116 9.807439724 -0.036370131 0.011618925 0.092497125 0.994980651
1317401451.969875097 489.691083836 -262.894320122 9.791027108 -0.037090662 0.010890869 0.092153587 0.994994165
1317401452.073848009 490.576092837 -262.723935200 9.747426700 -0.039990601 0.012667910 0.091473709 0.994923533
1317401452.177789927 491.439995528 -262.556534835 9.726024101 -0.040823862 0.016403622 0.090966123 0.994881650
1317401452.281752110 492.312379423 -262.384704729 9.709599187 -0.042679792 0.018987084 0.090902114 0.994763656
1317401452.385746956 493.189789582 -262.214952418 9.698473663 -0.043925010 0.018060955 0.090862046 0.994730358
1317401452.489711761 494.066582355 -262.047310442 9.663838118 -0.045864267 0.017218590 0.090909819 0.994653404
1317401452.593672037 494.915318912 -261.881210311 9.640089431 -0.045683198 0.016243210 0.091055916 0.994664780
1317401452.697639942 495.808704815 -261.707882774 9.611669305 -0.041957102 0.014534550 0.090845125 0.994874621
1317401452.801609993 496.678339400 -261.556515163 9.598370736 -0.041184474 0.012431256 0.090844728 0.994935444
1317401452.905601025 497.578295242 -261.385812779 9.569639556 -0.041348351 0.011590302 0.090440453 0.994975629
1317401453.009593010 498.461294566 -261.229324856 9.517587542 -0.040920498 0.014523131 0.089932190 0.995000901
1317401453.113560915 499.318969331 -261.060380525 9.521205753 -0.039111239 0.017984923 0.089666941 0.995041051
1317401453.217525959 500.177106527 -260.900140767 9.506837320 -0.037655724 0.020311931 0.089333934 0.995082369
1317401453.321511030 501.059649458 -260.734068573 9.472329464 -0.038402004 0.021506547 0.088875090 0.995069833
1317401453.425477982 501.902135236 -260.579518125 9.451776723 -0.038486334 0.021464590 0.088494661 0.995101386
1317401453.529423952 502.781493771 -260.410403003 9.417984272 -0.038199858 0.020549004 0.088165558 0.995160964
1317401453.633392096 503.623378441 -260.245903434 9.390218536 -0.032544132 0.018409095 0.087812996 0.995435012
1317401453.737359762 504.485563537 -260.093107394 9.366870671 -0.034248823 0.015999136 0.087525063 0.995444830
1317401453.841326952 505.314436796 -259.941837510 9.341362777 -0.033016263 0.014463502 0.087293943 0.995530261
1317401453.945295095 506.188114865 -259.780346463 9.307867158 -0.034637066 0.015013974 0.086978600 0.995494640
1317401454.049283981 507.032705926 -259.625974285 9.270190509 -0.037157112 0.016567861 0.086452199 0.995424971
1317401454.153254032 507.900064078 -259.460349289 9.268325141 -0.038020133 0.016845363 0.086215463 0.995408257
1317401454.257199049 508.714788696 -259.309094451 9.248912313 -0.039484562 0.015125286 0.086517379 0.995352670
1317401454.361160994 509.591630234 -259.148160618 9.226723825 -0.039166924 0.014233877 0.086382429 0.995390087
1317401454.465125084 510.430092120 -258.995287162 9.179867406 -0.037791990 0.016591698 0.086375618 0.995407320
1317401454.569092035 511.222893676 -258.852794238 9.161317172 -0.037489521 0.021281984 0.086269949 0.995338691
1317401454.673058987 512.062703358 -258.702170189 9.137803920 -0.036911572 0.024977551 0.085750445 0.995319305
1317401454.777025938 512.889220104 -258.555839892 9.129643637 -0.035829489 0.025495001 0.085070466 0.995404073
1317401454.881016016 513.708154694 -258.404502628 9.093422235 -0.034505509 0.021660458 0.084390270 0.995599556
1317401454.985008240 514.544839762 -258.253160267 9.080093186 -0.033764361 0.016061662 0.083668787 0.995791908
1317401455.088974953 515.348584066 -258.116361578 9.042687946 -0.034530349 0.011460062 0.083306053 0.995859640
1317401455.192941904 516.177649200 -257.967805718 9.011212377 -0.035628812 0.009879620 0.082363489 0.995916280
1317401455.296909094 516.988027404 -257.831145310 8.968581705 -0.038203277 0.013138730 0.081913385 0.995820305
1317401455.400875092 517.797833948 -257.679944037 8.956216712 -0.040082387 0.016706725 0.081622244 0.995716876
1317401455.504817009 518.636194217 -257.523194697 8.944993357 -0.040932981 0.017614551 0.081675368 0.995662269
1317401455.608758926 519.453785593 -257.384304435 8.936834579 -0.040349530 0.015319989 0.082012100 0.995696354
1317401455.712726116 520.295045530 -257.231477374 8.905264093 -0.040096411 0.013944552 0.081938323 0.995732865
1317401455.816668987 521.140794128 -257.096935164 8.865330829 -0.039805762 0.015488262 0.081831613 0.995730487
1317401455.920613050 521.971186746 -256.955033705 8.839166014 -0.039164957 0.016864792 0.082283348 0.995696307
1317401456.024532080 522.828502585 -256.801214042 8.827195976 -0.038474410 0.017428913 0.083176543 0.995639300
1317401456.128427982 523.666359309 -256.660037264 8.803180495 -0.036709491 0.017593441 0.084236586 0.995613922
1317401456.232346058 524.514616548 -256.511079404 8.763965486 -0.036088833 0.018898507 0.085146294 0.995535309
1317401456.336263895 525.382341619 -256.361111104 8.740639614 -0.036955978 0.019889033 0.085474075 0.995456109
1317401456.440182924 526.255326334 -256.201363231 8.724663111 -0.036946276 0.018415498 0.085950281 0.995443816
1317401456.544102907 527.131617914 -256.028369589 8.701764706 -0.035605180 0.014304289 0.087118099 0.995458736
1317401456.647973061 527.996734747 -255.874882257 8.660071043 -0.032036654 0.011819732 0.088819932 0.995462187
1317401456.751821041 528.883352602 -255.713589975 8.634914281 -0.028203696 0.011663190 0.090895605 0.995392641
1317401456.855667114 529.768771379 -255.553481611 8.605110375 -0.026168755 0.014303631 0.092662443 0.995250860
1317401456.959511995 530.669520573 -255.396163221 8.576071723 -0.028153133 0.017967733 0.094397585 0.994974199
1317401457.063381910 531.569712931 -255.209778156 8.547068049 -0.027539870 0.022343689 0.096170473 0.994732907
1317401457.167253017 532.454484568 -255.029288114 8.517719573 -0.027908993 0.023516532 0.097224702 0.994593092
1317401457.271148682 533.390534085 -254.842045836 8.509334820 -0.027126167 0.019886220 0.097676991 0.994649644
1317401457.375067949 534.301966241 -254.653841929 8.468719946 -0.028822949 0.013197875 0.097942443 0.994687052
1317401457.478986979 535.228324364 -254.466497498 8.440054550 -0.029324467 0.009220500 0.097616687 0.994749235
1317401457.582906961 536.135506904 -254.291542856 8.389312969 -0.032648468 0.010635541 0.097195984 0.994672762
1317401457.686825037 537.075841867 -254.104385108 8.376052006 -0.032844258 0.015654780 0.096029133 0.994713320
1317401457.790741920 537.970905056 -253.911413853 8.339960120 -0.032785619 0.020517185 0.094905398 0.994734695
1317401457.894637108 538.912507871 -253.727345376 8.339223115 -0.032895190 0.022427088 0.094215030 0.994755478
1317401457.998507977 539.830729135 -253.532697124 8.298556549 -0.030043634 0.023106584 0.093808615 0.994868539
1317401458.102379084 540.752124810 -253.342720296 8.292487248 -0.031601326 0.020568349 0.094145904 0.994844133
1317401458.206250906 541.659380238 -253.167126942 8.239294153 -0.031964050 0.018970926 0.094107255 0.994867945
1317401458.310120106 542.568101531 -252.986940140 8.210798164 -0.035507361 0.018671590 0.094133565 0.994750959
1317401458.414015055 543.473196314 -252.803072404 8.170590692 -0.037462565 0.021155144 0.093490816 0.994690144
1317401458.517935038 544.392724732 -252.618836054 8.140969465 -0.040239902 0.023079787 0.092744070 0.994608773
1317401458.621851921 545.300924522 -252.446443839 8.102597014 -0.040999324 0.023294256 0.092222661 0.994621241
1317401458.725771666 546.201902755 -252.251365946 8.069444951 -0.037657851 0.020848868 0.092148948 0.994814446
1317401458.829689741 547.094956902 -252.086519331 8.057154296 -0.033344554 0.016871528 0.091697705 0.995085435
1317401458.933609009 548.000390169 -251.897692580 8.026235367 -0.033673431 0.013893547 0.091688320 0.995121260
1317401459.037503958 548.884900839 -251.730760013 7.975393298 -0.035142000 0.014816928 0.091509820 0.995073591
1317401459.141400099 549.784264241 -251.567167906 7.950599958 -0.035444713 0.017755364 0.091555037 0.995010600
1317401459.245318890 550.632583043 -251.399737329 7.935616611 -0.030669302 0.020957680 0.091539016 0.995108425
1317401459.349236012 551.548440536 -251.228188145 7.918983852 -0.030283682 0.021832147 0.091342105 0.995119528
1317401459.453155041 552.438167238 -251.067761365 7.888253911 -0.029508764 0.021878596 0.091085935 0.995165269
1317401459.557074070 553.298026245 -250.907576359 7.866655380 -0.028298631 0.022182611 0.091050706 0.995196909
1317401459.660991907 554.214309888 -250.731303686 7.818641431 -0.021768730 0.024322036 0.091077526 0.995308719
1317401459.764935017 555.054845585 -250.577020541 7.786863300 -0.022468378 0.025505350 0.090965332 0.995273810
1317401459.868901968 555.954556459 -250.407949709 7.766217474 -0.021254108 0.025889980 0.090858199 0.995300336
1317401459.972868919 556.806291500 -250.238064754 7.730087953 -0.024438584 0.023795640 0.090701047 0.995293848
1317401460.076836109 557.657481418 -250.071720917 7.695957447 -0.025254874 0.021097178 0.090201348 0.995379735
1317401460.180804014 558.523607833 -249.907459499 7.659485781 -0.027960553 0.019705008 0.089657463 0.995385081
1317401460.284770012 559.396299438 -249.728649543 7.606071135 -0.028656116 0.020939113 0.088973737 0.995401454
1317401460.388712883 560.262709822 -249.567196072 7.584706697 -0.030776565 0.022893719 0.088500011 0.995337344
1317401460.492655039 561.099416291 -249.420316570 7.544253417 -0.033443257 0.025319351 0.088100723 0.995227985
1317401460.596613884 561.961976766 -249.261541894 7.527386808 -0.031595588 0.025504489 0.087540858 0.995333029
1317401460.700579882 562.806766296 -249.110907267 7.507913541 -0.030122536 0.023946463 0.087452048 0.995425205
1317401460.804532051 563.663253257 -248.944951460 7.459473393 -0.034324373 0.023016199 0.087756691 0.995284309
1317401460.908473969 564.510662223 -248.792449240 7.405449025 -0.035067097 0.024277614 0.088064394 0.995201265
1317401461.012415886 565.342179735 -248.637830311 7.365166081 -0.035276836 0.028042093 0.088659301 0.995042067
1317401461.116365910 566.163611193 -248.485060823 7.342010147 -0.033929837 0.030111802 0.088985078 0.994999347
1317401461.220305920 566.971698498 -248.348131421 7.319232665 -0.036904770 0.028222808 0.088924059 0.994954282
1317401461.324265957 567.751517228 -248.183290503 7.279291227 -0.039953046 0.025561867 0.089577613 0.994849836
1317401461.428256989 568.515169424 -248.029436513 7.230054649 -0.045551569 0.023157813 0.089610155 0.994665165
1317401461.532248020 569.255149587 -247.888030170 7.200498811 -0.044379207 0.022491997 0.088439584 0.994838196
1317401461.636287928 569.988760321 -247.755365773 7.169759490 -0.046150842 0.022506327 0.086877939 0.994894863
1317401461.740375042 570.702445807 -247.621030710 7.137342728 -0.047210513 0.023017821 0.085173252 0.994980836
1317401461.844461918 571.399752694 -247.497429559 7.101939433 -0.050258356 0.025692222 0.083116764 0.994940004
1317401461.948525906 572.058115465 -247.377961811 7.072444346 -0.051333486 0.028017013 0.080982373 0.994998380
1317401462.052635908 572.692018049 -247.262956690 7.064703959 -0.050782429 0.027605260 0.077870117 0.995286561
1317401462.156773090 573.332279029 -247.157620762 7.046773078 -0.046615609 0.024217260 0.073781632 0.995889944
1317401462.260883093 573.944748063 -247.060830582 7.029576961 -0.043665115 0.021665160 0.069685369 0.996377402
1317401462.365017891 574.532152681 -246.985246530 6.999661719 -0.041050140 0.020322565 0.064515574 0.996864896
1317401462.469151020 575.093888914 -246.911632913 6.969580693 -0.040544757 0.021103516 0.059961412 0.997153646
1317401462.573236942 575.652347219 -246.838251954 6.957694749 -0.038433214 0.023239149 0.055581365 0.997443503
1317401462.677323103 576.172965295 -246.769759091 6.942014776 -0.035727355 0.025200088 0.051554976 0.997712682
1317401462.781410933 576.713680097 -246.728125865 6.938636243 -0.033351542 0.025636261 0.047289198 0.997995084
1317401462.885497093 577.221697300 -246.667222636 6.921340142 -0.033812649 0.025109849 0.043703777 0.998156391
1317401462.989583969 577.722696527 -246.628533139 6.895314262 -0.033456001 0.024093280 0.039933888 0.998351388
1317401463.093599081 578.239519482 -246.589398298 6.869657859 -0.030036064 0.022964117 0.036800197 0.998607145
1317401463.197570086 578.727530823 -246.554751639 6.857846736 -0.025206805 0.019978602 0.035371360 0.998856516
1317401463.301513910 579.219058310 -246.507375691 6.857847524 -0.021328080 0.016582091 0.035115218 0.999018052
1317401463.405428886 579.691347131 -246.474384382 6.848081045 -0.022006359 0.014708507 0.035505679 0.999018882
1317401463.509323120 580.169548125 -246.430736792 6.827736233 -0.025760604 0.014314162 0.037159275 0.998874709
1317401463.613181114 580.618652414 -246.397357202 6.792097225 -0.027458184 0.014108286 0.040185506 0.998715239
1317401463.717004061 581.060187388 -246.361580868 6.775640498 -0.023043691 0.015527046 0.043660875 0.998659916
1317401463.820813894 581.481246879 -246.332161899 6.793391052 -0.018286801 0.018378593 0.047746107 0.998522974
1317401463.924613953 581.903232341 -246.281077207 6.790954326 -0.015993472 0.019775794 0.052840932 0.998279000
1317401464.028363943 582.307287941 -246.220248781 6.791875682 -0.016595707 0.020433584 0.058924324 0.997915315
1317401464.132113934 582.704901409 -246.172768528 6.792473862 -0.018417988 0.020456900 0.066243328 0.997423739
1317401464.235863924 583.078240140 -246.103201958 6.768827161 -0.020737868 0.020000137 0.074090728 0.996835242
1317401464.339590073 583.448556959 -246.032206441 6.746938808 -0.021093229 0.018672237 0.082519298 0.996191241
1317401464.443293095 583.818512421 -245.972090989 6.740119245 -0.018694935 0.016819306 0.091906014 0.995450097
1317401464.546972990 584.169899527 -245.896879548 6.727358302 -0.015711258 0.015802498 0.101950278 0.994539883
1317401464.650625944 584.529643793 -245.828653349 6.726866407 -0.014606366 0.016252282 0.113462057 0.993302008
1317401464.754257917 584.865117738 -245.730625014 6.703587928 -0.014812221 0.017247729 0.126915414 0.991652959
1317401464.857914925 585.185780631 -245.629269893 6.694993947 -0.013801257 0.018178268 0.141509220 0.989673793
1317401464.961591959 585.501025007 -245.511385772 6.692229912 -0.013207251 0.019101457 0.157528466 0.987241351
1317401465.065291882 585.811828896 -245.401187316 6.691678749 -0.014921632 0.020023664 0.174408314 0.984356713
1317401465.169020891 586.106252329 -245.302623203 6.677901717 -0.017779807 0.020254701 0.191589212 0.981105091
1317401465.272748947 586.384824737 -245.166425395 6.657637359 -0.017971337 0.021504502 0.208223190 0.977679748
1317401465.376499891 586.666729989 -245.029991065 6.646767810 -0.015850528 0.022935593 0.224242377 0.974134526
1317401465.480273962 586.938918884 -244.877015583 6.650149757 -0.013175251 0.024589026 0.240192545 0.970324345
1317401465.584049940 587.208813107 -244.746936980 6.646419975 -0.013192632 0.025863545 0.256323648 0.966154863
1317401465.687849045 587.482240468 -244.583690663 6.626000098 -0.014367962 0.026771763 0.271842603 0.961861962
1317401465.791624308 587.738589594 -244.415824672 6.606458759 -0.015266394 0.027644116 0.287928158 0.957131190
1317401465.895399094 588.000381832 -244.235439229 6.585155669 -0.015548189 0.028753096 0.304148305 0.952063717
1317401465.999171019 588.265585883 -244.037526945 6.571264694 -0.014880429 0.030295639 0.320019475 0.946809528
1317401466.102921963 588.527029902 -243.815266012 6.556354823 -0.013600907 0.032027975 0.336661506 0.940982601
1317401466.206697941 588.794669473 -243.588477594 6.538759046 -0.012013964 0.033613326 0.353549501 0.934734486
1317401466.310471058 589.062509428 -243.351057673 6.528040250 -0.011744608 0.035076221 0.370764769 0.927989875
1317401466.414246798 589.321594601 -243.086089763 6.505451512 -0.012071913 0.035468452 0.387516435 0.921101119
1317401466.518023968 589.581966314 -242.825343711 6.478318046 -0.011608329 0.035289559 0.404922458 0.913596025
1317401466.621774197 589.827477045 -242.528466060 6.446390704 -0.009884536 0.035105524 0.422594911 0.905584584
1317401466.725500107 590.079763939 -242.229439395 6.418519134 -0.007229408 0.035320350 0.440765517 0.896897970
1317401466.829251051 590.313000645 -241.895623213 6.397502675 -0.004459317 0.036065012 0.459285780 0.887544929
1317401466.933027029 590.547953391 -241.558462669 6.369220446 -0.002906107 0.037870978 0.477907330 0.877588701
1317401467.036801100 590.774831171 -241.172864602 6.347845850 -0.002191386 0.039754409 0.496643108 0.867041180
1317401467.140551090 590.984679729 -240.791126145 6.317727610 -0.001183797 0.041361625 0.515594326 0.855833106
1317401467.244302034 591.179759601 -240.380720861 6.291408136 0.000447339 0.042736802 0.535165576 0.843665320
1317401467.348052025 591.365141069 -239.972150524 6.271324494 0.002087629 0.044103682 0.554776642 0.830826928
1317401467.451778889 591.540973083 -239.536407176 6.242925927 0.003859135 0.045652940 0.574595364 0.817154259
1317401467.555505991 591.704023145 -239.066250651 6.214177739 0.006567049 0.047124213 0.594851877 0.802425964
1317401467.659256935 591.844095552 -238.622225991 6.189463226 0.009106495 0.048064701 0.615319163 0.786758657
1317401467.763031960 591.922200076 -238.139989076 6.156426312 0.010843892 0.048465715 0.634969061 0.770939541
1317401467.866830111 592.026989593 -237.637453225 6.123581011 0.011717483 0.048699576 0.654397138 0.754490184
1317401467.970702887 592.119418781 -237.075546303 6.093623037 0.011958174 0.048633576 0.672960790 0.737980726
1317401468.074620962 592.166579707 -236.512274233 6.068243416 0.012128023 0.048359721 0.690007668 0.722082867
1317401468.178560972 592.211804257 -235.920598816 6.034678091 0.013402887 0.049071070 0.705890166 0.706492368
1317401468.282576084 592.227763480 -235.317122929 6.007098716 0.013824758 0.048847815 0.720078624 0.692032905
1317401468.386663914 592.223980459 -234.660934424 5.977127564 0.013644630 0.047625008 0.732481735 0.678981731
1317401468.490823030 592.181602132 -234.014213354 5.943453208 0.013219238 0.046033800 0.742652867 0.667961721
1317401468.595056057 592.135755007 -233.306687087 5.915705411 0.012949028 0.044365440 0.750875006 0.658825285
1317401468.699335098 592.061145908 -232.614174150 5.887231918 0.012275886 0.043096845 0.757472227 0.651327713
1317401468.803637028 591.962074693 -231.888515611 5.856494814 0.011770236 0.042109370 0.762260763 0.645791601
1317401468.907962084 591.843975932 -231.129578412 5.829363928 0.010500935 0.040842557 0.765165287 0.642451320
1317401469.012336016 591.719458199 -230.351827531 5.799813634 0.009757838 0.040208066 0.766599852 0.640790733
1317401469.116710901 591.570505163 -229.553370069 5.771469470 0.009023502 0.039373196 0.766788906 0.640627115
1317401469.221038103 591.398970181 -228.662555436 5.739161143 0.008352339 0.039011014 0.766352485 0.641180355
1317401469.325341940 591.248284214 -227.812816921 5.703055989 0.008420204 0.039016195 0.765810176 0.641826777
1317401469.429596901 591.072092315 -226.892818549 5.677073574 0.009994931 0.039298507 0.765194838 0.642520496
1317401469.533802986 590.915341326 -226.040776656 5.653773987 0.012163978 0.038176653 0.764660330 0.643186723
1317401469.638009071 590.758469078 -225.146047659 5.625014461 0.013236756 0.035811893 0.764276499 0.643757509
1317401469.742166996 590.571805499 -224.219893795 5.587532390 0.013343701 0.035480276 0.763857778 0.644270433
1317401469.846302032 590.414987327 -223.298365037 5.559875668 0.012492567 0.036141605 0.763363456 0.644836378
1317401469.950436115 590.249455645 -222.333135604 5.535243077 0.011747863 0.037380763 0.762918753 0.645305852
1317401470.054522991 590.080253947 -221.293445240 5.509455928 0.011726737 0.037850440 0.762710677 0.645524788
1317401470.158561945 589.892409090 -220.299488542 5.483325047 0.012233961 0.037751759 0.762761353 0.645461271
1317401470.262602091 589.707066466 -219.254788580 5.452574182 0.012535930 0.037945169 0.763163437 0.644968669
1317401470.366617918 589.521755746 -218.210451484 5.419718181 0.012444108 0.038670564 0.763496656 0.644532844
1317401470.470609903 589.324132211 -217.120256617 5.387065655 0.011615951 0.038888253 0.764012808 0.643923290
1317401470.574600935 589.108505884 -215.992062759 5.357893891 0.011337554 0.039705263 0.764324936 0.643507844
1317401470.678566933 588.914153330 -214.879760716 5.322831190 0.010853626 0.040173788 0.765261977 0.642372456
1317401470.782532215 588.706015840 -213.751149146 5.293329123 0.010568422 0.040027297 0.765802840 0.641741486
1317401470.886497021 588.502255099 -212.605963675 5.256265511 0.010326992 0.039975194 0.766205609 0.641267731
1317401470.990466118 588.281348704 -211.436484708 5.212694690 0.009663867 0.039066517 0.766477668 0.641008893
1317401471.094433069 588.071000141 -210.257441869 5.183752523 0.009727629 0.038528387 0.766565752 0.640935164
1317401471.198373079 587.845605247 -209.082709275 5.141595638 0.009063263 0.038056593 0.766828235 0.640659044
1317401471.302318096 587.618345133 -207.861429649 5.111061580 0.008968453 0.038748949 0.766957580 0.640464017
1317401471.406260967 587.377619414 -206.611181309 5.069055496 0.008859163 0.039607421 0.767359255 0.639931669
1317401471.510179043 587.153096787 -205.389870013 5.037715675 0.008475752 0.040696152 0.767904597 0.639213982
1317401471.614098072 586.918392941 -204.172791599 5.008418829 0.007881356 0.042113558 0.768550543 0.638352877
1317401471.718017101 586.687606954 -202.953398663 4.966392377 0.006236992 0.043771737 0.769281161 0.637378719
1317401471.821934938 586.453800717 -201.703927074 4.928937901 0.004586139 0.044567657 0.769867120 0.636629649
1317401471.925854921 586.219644685 -200.503001884 4.894751341 0.003447737 0.044842117 0.770138882 0.636288770
1317401472.029772997 585.967172404 -199.262247916 4.844881949 0.002767878 0.044310152 0.770095286 0.636382118
1317401472.133691788 585.734419781 -198.059774837 4.799370359 0.002765958 0.043661516 0.769858536 0.636713324
1317401472.237587929 585.495566816 -196.871249657 4.750786609 0.002976942 0.043202903 0.769608687 0.637045616
1317401472.341456890 585.247395290 -195.638189202 4.699187510 0.003050954 0.043824178 0.769503473 0.637129922
1317401472.445327759 585.006729255 -194.415557632 4.659310731 0.002933946 0.044589264 0.769688988 0.636853242
1317401472.549175978 584.769740995 -193.215597767 4.609992316 0.002995153 0.044776501 0.769931824 0.636546213
1317401472.652997971 584.527464271 -191.985877874 4.565147825 0.002866190 0.044281112 0.770245794 0.636201528
1317401472.756843090 584.288316030 -190.778401490 4.516388834 0.003187868 0.044647730 0.770416182 0.635968022
1317401472.860690832 584.057084287 -189.619207114 4.474009546 0.002968006 0.044242205 0.770654543 0.635708576
1317401472.964490891 583.824125948 -188.437833789 4.426796792 0.003221014 0.044573355 0.770701324 0.635627494
1317401473.068288088 583.589721989 -187.269462934 4.378337821 0.003428408 0.044932063 0.770703815 0.635598132
1317401473.172085047 583.343484187 -186.048249294 4.333138482 0.003202340 0.045099126 0.770681827 0.635614140
1317401473.275886059 583.095800258 -184.814930701 4.282422447 0.002915650 0.046300187 0.770428898 0.635835753
1317401473.379708052 582.866085738 -183.648134698 4.236377069 0.002308644 0.045087712 0.770374216 0.635991616
1317401473.483505964 582.619296243 -182.430480919 4.190723299 0.003768420 0.044333986 0.770117183 0.636348820
1317401473.587306023 582.391703136 -181.285058101 4.143531520 0.003109565 0.042945999 0.770009864 0.636577396
1317401473.691129923 582.155905191 -180.106617872 4.090565636 0.001906149 0.043367608 0.769813669 0.636790808
1317401473.794930935 581.933964604 -178.979996549 4.047538812 0.001276133 0.044449336 0.769732559 0.636815841
1317401473.898705006 581.692463239 -177.737354362 4.005117760 0.003055748 0.044181304 0.769603309 0.636984633
1317401474.002501965 581.465276700 -176.570153946 3.967277679 0.005029888 0.042606595 0.769523578 0.637175675
1317401474.106300116 581.234585487 -175.414237261 3.914432067 0.005654733 0.041952310 0.769421043 0.637337655
1317401474.210100889 581.002583399 -174.222351522 3.871758830 0.004981329 0.042072800 0.769310380 0.637468905
1317401474.313924074 580.772625526 -173.034550737 3.835743628 0.004779916 0.042776993 0.769219145 0.637533676
1317401474.417722225 580.546733372 -171.881004219 3.803070032 0.004463117 0.042814269 0.769176772 0.637584593
1317401474.521495104 580.319686943 -170.718658807 3.762326983 0.004312717 0.042781958 0.769132278 0.637641470
1317401474.625267982 580.086501606 -169.527796443 3.718652593 0.003598031 0.042756149 0.769077021 0.637714279
1317401474.729018927 579.859877763 -168.379627074 3.679117421 0.003479425 0.043178090 0.769022695 0.637752021
1317401474.832771063 579.635009028 -167.226770112 3.643089203 0.003342977 0.043145863 0.769065166 0.637703716
1317401474.936523914 579.413906033 -166.074130926 3.597029977 0.003451304 0.043099523 0.769109270 0.637653080
1317401475.040272951 579.191206481 -164.937787807 3.558508086 0.003557233 0.043221660 0.769163895 0.637578338
1317401475.144027948 578.964963058 -163.783107192 3.514090290 0.003705359 0.043393765 0.769261724 0.637447763
1317401475.247756958 578.738855703 -162.644903867 3.474525925 0.003973012 0.043492959 0.769512509 0.637136623
1317401475.351476908 578.511542694 -161.506815373 3.432755215 0.004133090 0.043321298 0.769843050 0.636747879
1317401475.455178976 578.289491718 -160.374330442 3.393880385 0.004383993 0.043878103 0.770273764 0.636186939
1317401475.558881044 578.060053150 -159.242422569 3.348822929 0.003717711 0.044750285 0.770942964 0.635319240
1317401475.662585974 577.831088103 -158.127169089 3.309442945 0.002056768 0.046768885 0.771809910 0.634127671
1317401475.766288042 577.591500278 -156.956126504 3.260740100 0.000946957 0.048480704 0.772917368 0.632651141
1317401475.869988918 577.360519470 -155.862471256 3.217631371 0.000786429 0.049221146 0.774395248 0.630784162
1317401475.973691940 577.132116337 -154.766373935 3.166853603 0.000399560 0.048454037 0.776153024 0.628679991
1317401476.077394962 576.876714722 -153.638033802 3.113637668 0.000569561 0.047195975 0.778374293 0.626023702
1317401476.181097984 576.619097999 -152.531713675 3.068118753 0.000942067 0.045785841 0.780540863 0.623425000
1317401476.284800053 576.363731871 -151.438685827 3.016141773 0.000948449 0.044721566 0.782824606 0.620632514
1317401476.388504028 576.085264634 -150.336566249 2.963576056 0.000696643 0.044777483 0.785340649 0.617441946
1317401476.492208242 575.817114921 -149.237676977 2.919799595 0.000232683 0.045237048 0.788077528 0.613911529
1317401476.595911026 575.531393496 -148.157565360 2.880867131 0.000433126 0.045656957 0.790784127 0.610389809
1317401476.699635983 575.247650267 -147.094587172 2.838606172 0.000752989 0.045364053 0.793263336 0.607185981
1317401476.803385973 574.950370934 -146.006560611 2.794653251 -0.000019369 0.044009265 0.795530148 0.604313634
1317401476.907186031 574.649018238 -144.936153821 2.746287638 -0.001902186 0.042856037 0.797266754 0.602100875
1317401477.011032104 574.340300410 -143.868468271 2.700272168 -0.002254391 0.041318402 0.798369022 0.600745048
1317401477.114928961 574.028134567 -142.819734783 2.666430181 0.000775644 0.038648096 0.799256659 0.599745375
1317401477.218823910 573.709702762 -141.767296759 2.634328577 0.003770504 0.034754282 0.800123928 0.598815182
1317401477.322715998 573.393955673 -140.728185732 2.589926614 0.007327208 0.033221453 0.800775507 0.597997688
1317401477.426635027 573.083694667 -139.687351509 2.564129339 0.007190657 0.033417741 0.801392857 0.597160814
1317401477.530529976 572.773209652 -138.645460259 2.530356707 0.004479319 0.035206739 0.801780284 0.596564161
1317401477.634427071 572.455213019 -137.612348734 2.533538172 0.002409003 0.036184707 0.802188571 0.595968422
1317401477.738347054 572.149666142 -136.589906823 2.507265966 0.002852587 0.034843191 0.802238090 0.595979749
1317401477.842264175 571.828857382 -135.566327305 2.476586798 0.002887382 0.032924936 0.801959724 0.596463085
1317401477.946206093 571.535794396 -134.552970688 2.434364693 0.001594344 0.033198888 0.801218646 0.597447884
1317401478.050198078 571.227257854 -133.521249571 2.417847288 -0.001650933 0.035673210 0.799813187 0.599185749
1317401478.154189110 570.939471008 -132.497765609 2.373599414 -0.007296381 0.037420136 0.798100997 0.601316301
1317401478.258177996 570.632510450 -131.477209261 2.346889327 -0.009528178 0.039127177 0.795783804 0.604240362
1317401478.362190962 570.341850788 -130.450546278 2.315214231 -0.010237480 0.037428103 0.793373412 0.607497292
1317401478.466181040 570.046508728 -129.422972206 2.256047073 -0.011780881 0.034695568 0.790786009 0.610995022
1317401478.570147991 569.756846484 -128.399194769 2.190868361 -0.013680820 0.032506402 0.788427905 0.614115304
1317401478.674113989 569.484659129 -127.366499262 2.146614351 -0.014880583 0.031182011 0.786032474 0.617218924
1317401478.778081894 569.218877103 -126.319494766 2.092684634 -0.016423306 0.029317974 0.783616662 0.620335117
1317401478.882050037 568.958550663 -125.260214650 2.034236182 -0.018173153 0.027957397 0.781115192 0.623495932
1317401478.986017942 568.712347074 -124.209878806 1.977727887 -0.019772784 0.025748643 0.778737545 0.626509282
1317401479.089984655 568.454801749 -123.144240180 1.914484703 -0.020193170 0.024081424 0.776396551 0.629460656
1317401479.193974972 568.227319058 -122.083443901 1.856197794 -0.019784264 0.022132369 0.774105620 0.632360048
1317401479.297967911 567.988152747 -120.999148187 1.805074659 -0.018412636 0.020783785 0.771823403 0.635230386
1317401479.401910067 567.774925016 -119.918089933 1.748094185 -0.018016426 0.020170080 0.769764704 0.637754559
1317401479.505827188 567.549305117 -118.819072284 1.691446928 -0.018110162 0.022148390 0.768136780 0.639646275
1317401479.609721899 567.328671239 -117.710663078 1.649593203 -0.018312073 0.024689187 0.767143822 0.640738221
1317401479.713568926 567.118833161 -116.616010370 1.596671316 -0.018230299 0.025908782 0.766915958 0.640965135
1317401479.817415953 566.916298586 -115.517351581 1.541524985 -0.018034408 0.025205877 0.766785996 0.641154163
1317401479.921262026 566.702741541 -114.404413877 1.481119464 -0.017779102 0.024553787 0.766766029 0.641210474
1317401480.025110960 566.495293385 -113.284319619 1.422047933 -0.017810066 0.024135704 0.766650496 0.641363614
1317401480.128982067 566.288355335 -112.169415565 1.367995055 -0.017425483 0.024269377 0.766674526 0.641340409
1317401480.232826948 566.078697935 -111.051159652 1.311867101 -0.017113766 0.024871493 0.766912836 0.641040740
1317401480.336648941 565.866079010 -109.917238795 1.257870125 -0.017202270 0.025264794 0.767125329 0.640768680
1317401480.440496922 565.648830296 -108.777946079 1.201110611 -0.017304014 0.025832236 0.767312740 0.640518873
1317401480.544343948 565.437127208 -107.643116136 1.147136533 -0.017219119 0.026504143 0.767787001 0.639925115
1317401480.648164749 565.223172805 -106.501187540 1.094920400 -0.017525544 0.026631886 0.767991608 0.639665919
1317401480.751987934 565.008779532 -105.370224805 1.039443237 -0.017520012 0.026990563 0.768444588 0.639106778
1317401480.855838060 564.790203730 -104.231478937 0.980336198 -0.018044889 0.027021013 0.768855528 0.638596448
1317401480.959685087 564.570413065 -103.116300192 0.928868744 -0.017386995 0.028298382 0.769099687 0.638265278
1317401481.063504934 564.350630318 -101.984623976 0.874132048 -0.017753633 0.028201328 0.769504727 0.637771094
1317401481.167352915 564.123742828 -100.851388525 0.811426713 -0.017978499 0.028463002 0.769812933 0.637381110
1317401481.271199942 563.906436740 -99.738862952 0.759582650 -0.019160768 0.027354803 0.770112583 0.637033114
1317401481.375045061 563.678729730 -98.601696703 0.702892677 -0.018333702 0.026794183 0.770093191 0.637104720
1317401481.478915930 563.459523607 -97.491311921 0.653255935 -0.017904669 0.025168152 0.769974727 0.637326373
1317401481.582787991 563.237057922 -96.388564047 0.589707404 -0.017284756 0.025184660 0.769957865 0.637363206
1317401481.686657906 563.022440581 -95.248206409 0.536960886 -0.018205613 0.025417072 0.769837875 0.637473273
1317401481.790529013 562.799436529 -94.143921986 0.485427961 -0.018124054 0.026749679 0.769651150 0.637646517
1317401481.894398928 562.578672630 -93.043514821 0.442825553 -0.018297163 0.026329123 0.769622382 0.637693798
1317401481.998267889 562.361440234 -91.949081938 0.379988879 -0.018275120 0.026492959 0.769567585 0.637753773
1317401482.102140903 562.148065294 -90.860975212 0.327083067 -0.018869093 0.026938030 0.769573393 0.637710822
1317401482.206037045 561.931362218 -89.756323340 0.280544980 -0.018708707 0.027337607 0.769437421 0.637862598
1317401482.309931040 561.719640058 -88.681439542 0.224190460 -0.017980798 0.027017381 0.769495593 0.637827002
1317401482.413800955 561.509921813 -87.588177967 0.165889148 -0.018460378 0.026333014 0.769377729 0.637984089
1317401482.517671824 561.290581774 -86.512189501 0.120163235 -0.018068038 0.027525208 0.769367886 0.637956868
1317401482.621542931 561.078607864 -85.437383744 0.065929244 -0.018421742 0.027995789 0.769321433 0.637982295
1317401482.725413084 560.873342820 -84.356643005 0.014965086 -0.018649925 0.027944627 0.769332274 0.637964835
1317401482.829282999 560.654178252 -83.281946529 -0.034782253 -0.018486934 0.027776159 0.769239633 0.638088635
1317401482.933155060 560.448289467 -82.240468666 -0.087548824 -0.018535023 0.027581516 0.769108551 0.638253672
1317401483.037050009 560.239463644 -81.193536201 -0.143885505 -0.018508951 0.027385660 0.768888525 0.638527901
1317401483.140945911 560.032436302 -80.115531186 -0.194548797 -0.018167879 0.026533628 0.768661098 0.638847408
1317401483.244839907 559.826220232 -79.069323412 -0.244991195 -0.017796238 0.025920870 0.768253288 0.639373356
1317401483.348758936 559.626080298 -78.031493529 -0.297402773 -0.017820949 0.025750137 0.767867729 0.639842555
1317401483.452653170 559.408832144 -76.896404911 -0.349269172 -0.017664682 0.027384906 0.767658649 0.640029863
1317401483.556545973 559.215185749 -75.899191074 -0.408445246 -0.020140599 0.027838343 0.767498124 0.640129684
1317401483.660464048 559.015077469 -74.840712237 -0.457471294 -0.021407382 0.028830880 0.767456454 0.640094598
1317401483.764384031 558.819337291 -73.795432714 -0.514037572 -0.021523048 0.029380313 0.767460719 0.640060623
1317401483.868279696 558.621885654 -72.780767216 -0.565807332 -0.021141148 0.028460388 0.767491911 0.640077515
1317401483.972173929 558.422200585 -71.719027136 -0.633568018 -0.021120785 0.027439221 0.767617524 0.639972138
1317401484.076069117 558.223070598 -70.663547179 -0.698903041 -0.022030392 0.026459891 0.767693157 0.639891986
1317401484.179939985 558.022363758 -69.650136226 -0.749706579 -0.021255613 0.027602422 0.767753758 0.639797212
1317401484.283834934 557.825957205 -68.609570666 -0.803576061 -0.020986648 0.026823733 0.767796432 0.639788002
1317401484.387729883 557.622579090 -67.581617507 -0.857906576 -0.020786590 0.027198229 0.767805818 0.639767458
1317401484.491624117 557.431174967 -66.552529554 -0.923573409 -0.021621831 0.027149294 0.767873602 0.639660491
1317401484.595566034 557.236586159 -65.533901988 -0.973564563 -0.021441150 0.027702641 0.767858345 0.639661163
1317401484.699510098 557.042644422 -64.512473890 -1.026606184 -0.020951321 0.027609088 0.767732788 0.639832124
1317401484.803430080 556.844802632 -63.483377735 -1.087199873 -0.021061458 0.027440056 0.767573575 0.640026769
1317401484.907372952 556.649203822 -62.473935279 -1.137193100 -0.020887895 0.028475840 0.767100127 0.640554617
1317401485.011338949 556.452019238 -61.445193588 -1.196383487 -0.021650213 0.028600211 0.766782387 0.640904101
1317401485.115304947 556.269027187 -60.449623126 -1.251401725 -0.021895722 0.028905517 0.766220454 0.641553789
1317401485.219247103 556.083330186 -59.455563588 -1.301253523 -0.021787215 0.028619128 0.765887099 0.641968234
1317401485.323191881 555.884503974 -58.441068587 -1.359446583 -0.021129968 0.028591611 0.765544078 0.642400428
1317401485.427134037 555.703553951 -57.435616928 -1.424136764 -0.021639882 0.027843602 0.765207499 0.642817185
1317401485.531053066 555.526390211 -56.447990306 -1.478209188 -0.022072993 0.028267601 0.764933338 0.643110188
1317401485.634994984 555.345624266 -55.464239299 -1.530070713 -0.022535542 0.028684675 0.764875717 0.643144211
1317401485.738936901 555.163562186 -54.476444931 -1.586826751 -0.022982401 0.028062804 0.764977412 0.643034873
1317401485.842856884 554.984323330 -53.517716953 -1.633238791 -0.021957559 0.027877845 0.765170071 0.642849480
1317401485.946774960 554.813803170 -52.557176029 -1.684898832 -0.021246008 0.027056094 0.765315994 0.642734785
1317401486.050693035 554.627041061 -51.617942245 -1.741575026 -0.020786737 0.027326764 0.765479053 0.642544145
1317401486.154611111 554.470389134 -50.711504860 -1.787459937 -0.021081075 0.028340195 0.765768638 0.642145478
1317401486.258506060 554.300746669 -49.795024811 -1.837648043 -0.021838146 0.028684462 0.765884639 0.641966523
1317401486.362402916 554.133672617 -48.899998221 -1.872715140 -0.020847002 0.029601451 0.766059151 0.641749587
1317401486.466346025 553.966403806 -48.037256422 -1.919115425 -0.019703558 0.028637392 0.766334083 0.641501164
1317401486.570264101 553.807735101 -47.188398212 -1.974285583 -0.019762540 0.027906286 0.766504870 0.641327502
1317401486.674160242 553.647646476 -46.328908567 -2.019744019 -0.020132554 0.028157257 0.766496359 0.641315197
1317401486.778100967 553.484745978 -45.489241386 -2.059911941 -0.020260115 0.028297932 0.766464408 0.641343174
1317401486.882041931 553.336310968 -44.661687224 -2.101890630 -0.020110706 0.027892202 0.766357852 0.641492967
1317401486.985985041 553.184277671 -43.854928395 -2.142060520 -0.020082748 0.027176484 0.766250325 0.641652991
1317401487.089951992 553.038201937 -43.055353625 -2.183875607 -0.020380146 0.027275888 0.766078226 0.641844862
1317401487.193895817 552.893610423 -42.273201818 -2.226357854 -0.020988142 0.027155712 0.765761652 0.642208032
1317401487.297863007 552.758030126 -41.502799844 -2.258873649 -0.021273310 0.027204620 0.765233010 0.642826411
1317401487.401851892 552.605936383 -40.752705989 -2.299377888 -0.022007675 0.026257359 0.764301588 0.643948209
1317401487.505867958 552.475152936 -40.011271335 -2.334269078 -0.022156065 0.025635829 0.762715295 0.645846183
1317401487.609930992 552.356356903 -39.300557636 -2.373876256 -0.023038435 0.024765749 0.760744385 0.648169630
1317401487.713993073 552.226191154 -38.588981707 -2.413668874 -0.023902550 0.025047468 0.758106434 0.651211123
1317401487.818081141 552.122253078 -37.909599329 -2.449903251 -0.024148987 0.025430678 0.755281785 0.654461253
1317401487.922168016 552.023319897 -37.233238106 -2.476476558 -0.024104256 0.025744732 0.752154611 0.658042274
1317401488.026256084 551.927356989 -36.586206982 -2.508833497 -0.024009067 0.025366464 0.748618856 0.662079992
1317401488.130342007 551.841440898 -35.957955986 -2.539758871 -0.023198256 0.024349563 0.745196996 0.665995779
1317401488.234405041 551.765339610 -35.314913157 -2.580511151 -0.022502793 0.023579023 0.741405990 0.670264732
1317401488.338466883 551.704323713 -34.705071538 -2.607464813 -0.022433501 0.023805961 0.737417356 0.674644837
1317401488.442504883 551.641592662 -34.095501280 -2.634351336 -0.021997169 0.024510028 0.733311355 0.679094868
1317401488.546518087 551.593798998 -33.497042242 -2.667195070 -0.021157863 0.025166127 0.729417050 0.683278697
1317401488.650507927 551.553592960 -32.911494796 -2.692772564 -0.019746678 0.026152291 0.725615512 0.687319616
1317401488.754476070 551.516527275 -32.326679387 -2.719412649 -0.019012367 0.027120077 0.722178373 0.690913474
1317401488.858418941 551.494647490 -31.751278513 -2.749467741 -0.017892656 0.028375593 0.718929023 0.694273533
1317401488.962312937 551.471604080 -31.185050815 -2.777025604 -0.016512604 0.029833345 0.716089392 0.697175221
1317401489.066205978 551.459113722 -30.635185592 -2.804156350 -0.015216564 0.031987432 0.713517105 0.699741811
1317401489.170125961 551.457858443 -30.074052700 -2.828903956 -0.014314282 0.033733478 0.711205403 0.702028510
1317401489.274023056 551.441901298 -29.523904277 -2.853777111 -0.013489619 0.035042359 0.708877557 0.704331366
1317401489.377918005 551.432502477 -28.969958491 -2.885149232 -0.012680549 0.036576896 0.706745879 0.706407529
1317401489.481836081 551.434905431 -28.441539790 -2.911224831 -0.011823201 0.038466645 0.704536776 0.708525554
1317401489.585777044 551.435992957 -27.906954964 -2.939608429 -0.010765297 0.039703064 0.702320399 0.710671395
1317401489.689718962 551.444333275 -27.393840726 -2.964958542 -0.009693293 0.040663519 0.699806948 0.713107814
1317401489.793663025 551.454648466 -26.880461573 -2.996397473 -0.009303587 0.041331293 0.697146330 0.715676017
1317401489.897629023 551.464268219 -26.375735116 -3.023159456 -0.008293096 0.042445341 0.694256043 0.718427564
1317401490.001596928 551.476577217 -25.864964224 -3.049676636 -0.007489623 0.043368894 0.691212232 0.721310402
1317401490.105591059 551.499203842 -25.396160646 -3.077883088 -0.006918871 0.044106947 0.688212040 0.724134584
1317401490.209606886 551.526103565 -24.926351669 -3.099073143 -0.006674261 0.044979657 0.684890390 0.727225851
1317401490.313617945 551.550419184 -24.463149379 -3.129650413 -0.007074095 0.045721957 0.681085874 0.730740373
1317401490.417632103 551.584461035 -24.013307150 -3.160558931 -0.006575450 0.046666282 0.676987189 0.734484423
1317401490.521670103 551.617546524 -23.577331430 -3.179933259 -0.005438337 0.047260505 0.672514334 0.738553545
1317401490.625734091 551.655686269 -23.163082878 -3.201161180 -0.004202238 0.047397658 0.667404681 0.743173462
1317401490.729798079 551.682540580 -22.752464166 -3.220217369 -0.004113887 0.046485053 0.661843409 0.748188156
1317401490.833884001 551.733405420 -22.370439449 -3.251287850 -0.004460873 0.045288947 0.655868310 0.753502337
1317401490.937994003 551.779652311 -21.988680104 -3.274085829 -0.004246483 0.043795207 0.649153919 0.759383392
1317401491.042104006 551.830027684 -21.609768019 -3.304275557 -0.003738117 0.042226385 0.641634695 0.765838022
1317401491.146239996 551.898773454 -21.241260177 -3.325588732 -0.003301481 0.041473059 0.633382280 0.772719855
1317401491.250421047 551.989615758 -20.876453444 -3.347978433 -0.003824593 0.041470514 0.624035551 0.780285332
1317401491.354626894 552.043889303 -20.522987992 -3.366700669 -0.005093983 0.042427156 0.613587485 0.788469648
1317401491.458811045 552.134782033 -20.243412489 -3.386132344 -0.005328341 0.043819142 0.603347818 0.796255551
1317401491.562947989 552.198413797 -19.964556619 -3.399997135 -0.004124243 0.045029479 0.593134626 0.803832478
1317401491.667033911 552.265859082 -19.738742704 -3.404067748 -0.003775014 0.045686026 0.583768576 0.810624936
1317401491.771073103 552.332698855 -19.547849435 -3.426147959 -0.004732905 0.044661650 0.575442796 0.816607938
1317401491.875065088 552.386273655 -19.390785830 -3.434139219 -0.004780148 0.043684325 0.568472053 0.821528061
1317401491.979007959 552.435356403 -19.279329073 -3.448887693 -0.004150453 0.043886959 0.562954224 0.825311608
1317401492.082878113 552.463266967 -19.196476438 -3.448334202 -0.003084494 0.045032149 0.558995413 0.827941254
1317401492.186674833 552.480311538 -19.149702552 -3.451009641 -0.002565703 0.045088596 0.556941531 0.829322957
1317401492.290448904 552.490525130 -19.139581914 -3.444997047 -0.002352908 0.044950177 0.556373576 0.829712233
1317401492.394248962 552.475568234 -19.155826492 -3.447330534 -0.003204581 0.043191965 0.556624207 0.829634665
1317401492.498096943 552.481681000 -19.160260891 -3.448917750 -0.002962431 0.040296311 0.556615969 0.829786777
1317401492.601943016 552.469494422 -19.150250631 -3.452648180 -0.001832944 0.038398748 0.556594582 0.829894359
1317401492.705789089 552.480118219 -19.178311879 -3.454224719 -0.001097127 0.038705787 0.556931676 0.829655209
1317401492.809659958 552.471581634 -19.154545108 -3.455607044 -0.001056658 0.039587278 0.556461693 0.829928982
1317401492.913531065 552.478623617 -19.149845275 -3.454861573 -0.001376093 0.039772981 0.556364321 0.829984915
1317401493.017426014 552.465028066 -19.163023929 -3.452957729 -0.001744684 0.039724135 0.556550229 0.829861911
1317401493.121320009 552.471098884 -19.154072791 -3.454705770 -0.002039348 0.039657237 0.556286725 0.830041098
1317401493.225214005 552.475412496 -19.163442659 -3.454053282 -0.001881131 0.039600325 0.556288169 0.830043221
1317401493.329158068 552.464772048 -19.155490265 -3.454157291 -0.001844229 0.039637617 0.556188345 0.830108417
1317401493.433100939 552.472183863 -19.159093939 -3.454977838 -0.002013339 0.039767046 0.556138641 0.830135134
1317401493.537041903 552.472344281 -19.153113246 -3.455335737 -0.002003338 0.039669854 0.556043030 0.830203853
1317401493.641007900 552.471249382 -19.158382585 -3.455317348 -0.001952758 0.039636872 0.556031597 0.830213206
1317401493.744998932 552.476324936 -19.158999047 -3.455324709 -0.002033907 0.039752007 0.556079203 0.830175621
1317401493.848989010 552.467769931 -19.165263932 -3.452590679 -0.002170775 0.039511009 0.555902266 0.830305268
1317401493.952980995 552.477803411 -19.163033358 -3.458914113 -0.002012956 0.039178832 0.555202164 0.830789699
1317401494.056997061 552.474544104 -19.144731813 -3.458450338 -0.001751120 0.039031025 0.554665684 0.831155516
1317401494.161010981 552.475406038 -19.147798502 -3.459451780 -0.001704959 0.038912886 0.553954514 0.831635303
1317401494.265048981 552.474919226 -19.120085378 -3.463326494 -0.002024471 0.038725721 0.552537894 0.832585189
1317401494.369113922 552.493921828 -19.114558870 -3.464262876 -0.002134569 0.038636828 0.551034225 0.833584982
1317401494.473177910 552.490323630 -19.097797216 -3.464141827 -0.002065596 0.038758811 0.549315536 0.834713083
1317401494.577238083 552.504116254 -19.077705188 -3.463988302 -0.002228177 0.038529797 0.546967339 0.836263846
1317401494.681324005 552.510552040 -19.035213516 -3.466706786 -0.002545030 0.037628760 0.543622902 0.838481806
1317401494.785459042 552.521557267 -18.992918647 -3.472980316 -0.002498730 0.036470622 0.539466428 0.841213186
1317401494.889619112 552.556303953 -18.935204380 -3.479879032 -0.002431458 0.035375984 0.534231076 0.844594450
1317401494.993776083 552.573745354 -18.868607666 -3.486546926 -0.002565699 0.034861210 0.527652113 0.848741045
1317401495.097960949 552.624389506 -18.787309987 -3.491792094 -0.002721475 0.034955610 0.520117444 0.853374797
1317401495.202191114 552.659422340 -18.696771655 -3.498132443 -0.003313663 0.034912615 0.511424471 0.858612333
1317401495.306421041 552.729345036 -18.573211785 -3.506806843 -0.003844529 0.034840099 0.501836773 0.864251839
1317401495.410605907 552.787691788 -18.448609108 -3.514139600 -0.004531517 0.034687396 0.491391444 0.870236001
1317401495.514787912 552.875382010 -18.307207149 -3.525851303 -0.005120079 0.034705928 0.480305131 0.876399603
1317401495.618972063 553.000528312 -18.152811418 -3.536770550 -0.005519402 0.034850324 0.468967689 0.882510225
1317401495.723104954 553.087998007 -17.985036576 -3.549812424 -0.005464096 0.035230286 0.457756385 0.888362574
1317401495.827191114 553.210450701 -17.799946838 -3.556954524 -0.005388981 0.035483369 0.447163133 0.893732075
1317401495.931231976 553.363541587 -17.596705630 -3.570737760 -0.006141563 0.034797118 0.437501266 0.898523280
1317401496.035223007 553.514491393 -17.389637040 -3.586558242 -0.008157669 0.032750717 0.428723172 0.902805231
1317401496.139236927 553.657210185 -17.157023859 -3.614467247 -0.010253101 0.030353532 0.419262210 0.907299695
1317401496.243321896 553.859531203 -16.940684942 -3.634608669 -0.012064793 0.029886541 0.408351379 0.912255659
1317401496.347433329 554.080317261 -16.689964200 -3.656215853 -0.014722746 0.029922855 0.396196167 0.917560059
1317401496.451543093 554.332112403 -16.418768225 -3.682852427 -0.016568571 0.029059888 0.383013227 0.923136974
1317401496.555676937 554.594091509 -16.141031144 -3.711536012 -0.016799346 0.028161051 0.368482803 0.929056059
1317401496.659858942 554.880949618 -15.854771208 -3.739286208 -0.016518937 0.027101334 0.353020439 0.935077116
1317401496.764044046 555.205322199 -15.568089386 -3.767142384 -0.015699174 0.025467434 0.336948348 0.941047691
1317401496.868226051 555.572731861 -15.279790966 -3.794490144 -0.015880379 0.023860314 0.319871367 0.947027353
1317401496.972409964 555.938271007 -15.014231944 -3.824169746 -0.017027834 0.022853635 0.302460204 0.952735844
1317401497.076545954 556.375447742 -14.700013468 -3.856955804 -0.018622649 0.021648191 0.284845634 0.958147962
1317401497.180632114 556.811730502 -14.408376055 -3.895376272 -0.019857107 0.020944204 0.267904105 0.963013201
1317401497.284668922 557.308573422 -14.145134034 -3.924952336 -0.019765967 0.021362386 0.252403957 0.967184159
1317401497.388683081 557.772200481 -13.866246444 -3.949260226 -0.019090484 0.022266801 0.237399408 0.970969240
1317401497.492650986 558.338441633 -13.570356140 -3.973086006 -0.018558442 0.023362694 0.223707673 0.974199490
1317401497.596546888 558.846381988 -13.309700015 -4.008626980 -0.018885303 0.024739156 0.211327006 0.976919759
1317401497.700417995 559.421198859 -13.037674134 -4.028895354 -0.019060685 0.024465900 0.199878823 0.979329651
1317401497.804287910 560.013944988 -12.785352302 -4.056301670 -0.019572673 0.022072924 0.189503963 0.981436674
1317401497.908158064 560.610372060 -12.546734001 -4.097884667 -0.019896641 0.020066553 0.179575013 0.983338330
1317401498.012026072 561.241069704 -12.308817932 -4.131317162 -0.019787117 0.019671910 0.169179670 0.985190197
1317401498.115920782 561.907341359 -12.077922555 -4.170090033 -0.020452381 0.019933666 0.159056341 0.986856337
1317401498.219816923 562.578434361 -11.838410053 -4.203851595 -0.020978723 0.021348354 0.148730795 0.988424651
1317401498.323713064 563.266878361 -11.620510761 -4.228436461 -0.021173659 0.020927285 0.138962045 0.989850128
1317401498.427582979 563.992312804 -11.413055402 -4.258771955 -0.020133521 0.017471727 0.130343041 0.991110524
1317401498.531403065 564.733200083 -11.211792652 -4.292636589 -0.019202036 0.015096054 0.123147865 0.992087695
1317401498.635179043 565.488044209 -11.014627135 -4.326735808 -0.019750542 0.015457225 0.117792527 0.992721467
1317401498.738918066 566.268234596 -10.789843389 -4.361544068 -0.020758133 0.017470200 0.113345227 0.993185155
1317401498.842622042 567.062726114 -10.610865315 -4.386298969 -0.020924123 0.019014842 0.110766676 0.993444191
1317401498.946312904 567.864524104 -10.416021013 -4.411809785 -0.020540445 0.019302794 0.108485208 0.993698371
1317401499.050019026 568.681112465 -10.239403096 -4.444924665 -0.020643038 0.019625438 0.106997945 0.993851169
1317401499.153722048 569.517709425 -10.058221054 -4.476033672 -0.020743231 0.019517083 0.105790095 0.993980512
1317401499.257446051 570.374291747 -9.865720257 -4.510728209 -0.021398888 0.018990497 0.104248514 0.994139676
1317401499.361196995 571.239833089 -9.681792531 -4.542584634 -0.022006298 0.019402333 0.102675831 0.994282126
1317401499.464971066 572.128730838 -9.484473174 -4.580956968 -0.022785442 0.020452767 0.101243758 0.994390371
1317401499.568769932 572.995001479 -9.302042970 -4.620995267 -0.023390017 0.021737338 0.099764210 0.994498616
1317401499.672569036 573.903658231 -9.114482295 -4.654308769 -0.023071874 0.022249828 0.098316534 0.994638876
