[INFO] [1789097181.828523683] [lidar_inertial_odometer]: lidar_inertial_odometer ready (fused point-to-point + point-to-plane ICP)
[INFO] [1789097181.828594735] [lidar_inertial_odometer]:   topics : lidar='/points_raw' imu='/imu_raw'
[INFO] [1789097181.828602478] [lidar_inertial_odometer]:   frames : odom -> imu_link -> velodyne
[INFO] [1789097181.828608457] [lidar_inertial_odometer]:   ring   : selection=all band=[31,63] -> 33/64 ch (dropped 0 above + 31 below)
[INFO] [1789097181.828615629] [lidar_inertial_odometer]:   normal : neighborhood_pca
[INFO] [1789097181.828621018] [lidar_inertial_odometer]:   icp    : alpha (point) 0.01, beta (plane) 1, huber 0.2 m
[INFO] [1789097187.349946800] [lidar_inertial_odometer]: static TF imu_link -> velodyne : t=[0.8105 -0.3071 0.8027]
[INFO] [1789097195.776676145] [lidar_inertial_odometer]: odometer initialized (t=1317400964.327)
[lio] initialized at t=1317400964.326695 | |a|=9.843 m/s^2
[lio] t=1317400964.327 | feat 1583/5727 | map      0 | icp REJ iter  0 corr     0 rms 0.0000    0.00 ms | p=(    0.00     0.00  -0.00) v=0.00 m/s [KF]
[lio] t=1317400964.431 | feat 1603/5844 | map   1316 | icp ok  iter  5 corr  1370 rms 0.0613   10.56 ms | p=(    0.55    -0.25   0.04) v=3.97 m/s
[lio] t=1317400964.535 | feat 1515/5829 | map   1316 | icp ok  iter  6 corr  1280 rms 0.0829   12.63 ms | p=(    1.10    -0.50   0.09) v=5.12 m/s [KF]
[lio] t=1317400964.639 | feat 1464/5782 | map   1978 | icp ok  iter  4 corr  1332 rms 0.0739    8.36 ms | p=(    1.68    -0.76   0.13) v=5.76 m/s
[lio] t=1317400964.743 | feat 1522/5715 | map   1978 | icp ok  iter  5 corr  1336 rms 0.1030   11.83 ms | p=(    2.25    -1.03   0.18) v=6.01 m/s [KF]
[lio] t=1317400964.847 | feat 1502/5569 | map   2502 | icp ok  iter  4 corr  1412 rms 0.0946    9.74 ms | p=(    2.87    -1.34   0.22) v=6.45 m/s
[lio] t=1317400964.951 | feat 1564/5519 | map   2502 | icp ok  iter  4 corr  1375 rms 0.0759    9.26 ms | p=(    3.46    -1.63   0.28) v=6.45 m/s [KF]
[lio] t=1317400965.055 | feat 1444/5467 | map   2963 | icp ok  iter  4 corr  1315 rms 0.0793    8.59 ms | p=(    4.10    -1.95   0.33) v=6.76 m/s
[lio] t=1317400965.159 | feat 1429/5328 | map   2963 | icp ok  iter  4 corr  1287 rms 0.0611    8.64 ms | p=(    4.76    -2.27   0.38) v=7.00 m/s [KF]
[lio] t=1317400965.263 | feat 1543/5419 | map   3286 | icp ok  iter  4 corr  1396 rms 0.0616    9.80 ms | p=(    5.44    -2.61   0.44) v=7.27 m/s
[lio] t=1317400965.367 | feat 1597/5664 | map   3286 | icp ok  iter  4 corr  1391 rms 0.1159    9.80 ms | p=(    6.13    -2.96   0.49) v=7.41 m/s [KF]
[lio] t=1317400965.470 | feat 1515/5980 | map   3678 | icp ok  iter  4 corr  1345 rms 0.0685    9.44 ms | p=(    6.81    -3.30   0.54) v=7.43 m/s
[lio] t=1317400965.574 | feat 1599/6309 | map   3678 | icp ok  iter  4 corr  1339 rms 0.0763    9.47 ms | p=(    7.51    -3.65   0.60) v=7.55 m/s [KF]
[lio] t=1317400965.678 | feat 1588/6429 | map   4112 | icp ok  iter  4 corr  1396 rms 0.0575    9.62 ms | p=(    8.23    -3.99   0.65) v=7.71 m/s
[lio] t=1317400965.782 | feat 1485/6465 | map   4112 | icp ok  iter  4 corr  1221 rms 0.0911    8.60 ms | p=(    8.95    -4.33   0.71) v=7.76 m/s [KF]
[lio] t=1317400965.885 | feat 1418/6471 | map   4470 | icp ok  iter  4 corr  1213 rms 0.1082    8.91 ms | p=(    9.71    -4.67   0.76) v=7.96 m/s
[lio] t=1317400965.989 | feat 1374/6533 | map   4470 | icp ok  iter  3 corr  1131 rms 0.0755    6.24 ms | p=(   10.48    -5.01   0.82) v=8.04 m/s [KF]
[lio] t=1317400966.093 | feat 1407/6604 | map   4826 | icp ok  iter  3 corr  1189 rms 0.0577    6.53 ms | p=(   11.23    -5.34   0.87) v=7.91 m/s
[lio] t=1317400966.197 | feat 1375/6524 | map   4826 | icp ok  iter  4 corr  1111 rms 0.0772    8.15 ms | p=(   12.01    -5.67   0.93) v=8.05 m/s [KF]
[lio] t=1317400966.301 | feat 1269/6342 | map   5078 | icp ok  iter  3 corr  1042 rms 0.1050    5.46 ms | p=(   12.78    -6.00   0.98) v=7.99 m/s
[lio] t=1317400966.405 | feat 1278/6194 | map   5078 | icp ok  iter  5 corr  1006 rms 0.1384    8.44 ms | p=(   13.56    -6.33   1.04) v=8.07 m/s [KF]
[lio] t=1317400966.509 | feat 1412/6107 | map   5375 | icp ok  iter  4 corr  1170 rms 0.1121    8.56 ms | p=(   14.33    -6.64   1.10) v=7.98 m/s
[lio] t=1317400966.613 | feat 1365/5854 | map   5375 | icp ok  iter  4 corr  1108 rms 0.0770    7.92 ms | p=(   15.08    -6.94   1.15) v=7.78 m/s [KF]
[lio] t=1317400966.716 | feat 1442/5620 | map   5627 | icp ok  iter  5 corr  1191 rms 0.0753   10.27 ms | p=(   15.85    -7.25   1.20) v=7.87 m/s
[lio] t=1317400966.820 | feat 1406/5420 | map   5627 | icp ok  iter  5 corr  1154 rms 0.0616   11.24 ms | p=(   16.61    -7.56   1.25) v=7.81 m/s [KF]
[lio] t=1317400966.924 | feat 1470/5349 | map   5836 | icp ok  iter  4 corr  1248 rms 0.0731    8.37 ms | p=(   17.37    -7.85   1.31) v=7.81 m/s
[lio] t=1317400967.028 | feat 1451/5324 | map   5836 | icp ok  iter  4 corr  1192 rms 0.0619    8.09 ms | p=(   18.12    -8.14   1.36) v=7.70 m/s [KF]
[lio] t=1317400967.132 | feat 1487/5311 | map   6050 | icp ok  iter  3 corr  1224 rms 0.0576    7.34 ms | p=(   18.88    -8.45   1.42) v=7.73 m/s
[lio] t=1317400967.236 | feat 1566/5282 | map   6050 | icp ok  iter  3 corr  1301 rms 0.0954    7.64 ms | p=(   19.64    -8.73   1.46) v=7.64 m/s [KF]
[lio] t=1317400967.340 | feat 1567/5307 | map   6326 | icp ok  iter  3 corr  1320 rms 0.0592    7.21 ms | p=(   20.37    -9.02   1.51) v=7.49 m/s
[lio] t=1317400967.444 | feat 1528/5374 | map   6326 | icp ok  iter  4 corr  1277 rms 0.0589    9.58 ms | p=(   21.11    -9.30   1.56) v=7.46 m/s [KF]
[lio] t=1317400967.548 | feat 1583/5335 | map   6539 | icp ok  iter  3 corr  1306 rms 0.0567    6.30 ms | p=(   21.81    -9.57   1.62) v=7.21 m/s
[lio] t=1317400967.652 | feat 1648/5389 | map   6539 | icp ok  iter  4 corr  1370 rms 0.0770    8.90 ms | p=(   22.53    -9.84   1.67) v=7.18 m/s [KF]
[lio] t=1317400967.756 | feat 1568/5383 | map   6794 | icp ok  iter  3 corr  1313 rms 0.0467    6.73 ms | p=(   23.21   -10.10   1.71) v=6.95 m/s
[lio] t=1317400967.860 | feat 1630/5525 | map   6794 | icp ok  iter  4 corr  1343 rms 0.0611    8.58 ms | p=(   23.89   -10.36   1.76) v=6.80 m/s [KF]
[lio] t=1317400967.964 | feat 1656/5534 | map   6978 | icp ok  iter  5 corr  1368 rms 0.0578   11.19 ms | p=(   24.56   -10.61   1.81) v=6.77 m/s
[lio] t=1317400968.068 | feat 1818/5684 | map   6978 | icp ok  iter  4 corr  1433 rms 0.0630   11.27 ms | p=(   25.20   -10.87   1.85) v=6.56 m/s [KF]
[lio] t=1317400968.172 | feat 1777/5641 | map   7295 | icp ok  iter  3 corr  1521 rms 0.0605    8.81 ms | p=(   25.84   -11.11   1.90) v=6.44 m/s
[lio] t=1317400968.276 | feat 1773/5683 | map   7295 | icp ok  iter  4 corr  1471 rms 0.0644   10.74 ms | p=(   26.47   -11.36   1.94) v=6.35 m/s [KF]
[lio] t=1317400968.380 | feat 1724/5607 | map   7550 | icp ok  iter  4 corr  1442 rms 0.0589    9.63 ms | p=(   27.10   -11.61   1.98) v=6.35 m/s
[lio] t=1317400968.484 | feat 1737/5480 | map   7550 | icp ok  iter  3 corr  1434 rms 0.1012    8.05 ms | p=(   27.69   -11.85   2.03) v=6.09 m/s [KF]
[lio] t=1317400968.588 | feat 1677/5545 | map   7799 | icp ok  iter  4 corr  1374 rms 0.0672    9.03 ms | p=(   28.26   -12.08   2.07) v=5.81 m/s
[lio] t=1317400968.693 | feat 1720/5478 | map   7799 | icp ok  iter  5 corr  1392 rms 0.0586   13.18 ms | p=(   28.85   -12.34   2.11) v=5.93 m/s [KF]
[lio] t=1317400968.797 | feat 1864/5656 | map   8027 | icp ok  iter  3 corr  1591 rms 0.0602    8.24 ms | p=(   29.41   -12.58   2.15) v=5.77 m/s
[lio] t=1317400968.901 | feat 1671/5652 | map   8027 | icp ok  iter  4 corr  1359 rms 0.0673    9.27 ms | p=(   29.95   -12.81   2.19) v=5.58 m/s [KF]
[lio] t=1317400969.005 | feat 1642/5665 | map   8272 | icp ok  iter  4 corr  1360 rms 0.0559    9.22 ms | p=(   30.48   -13.06   2.23) v=5.52 m/s
[lio] t=1317400969.109 | feat 1705/5790 | map   8272 | icp ok  iter  4 corr  1392 rms 0.0506    8.53 ms | p=(   30.99   -13.30   2.26) v=5.36 m/s [KF]
[lio] t=1317400969.213 | feat 1796/5877 | map   8468 | icp ok  iter  4 corr  1470 rms 0.0616   10.78 ms | p=(   31.51   -13.56   2.30) v=5.33 m/s
[lio] t=1317400969.317 | feat 1867/6027 | map   8468 | icp ok  iter  3 corr  1404 rms 0.0663    8.12 ms | p=(   32.01   -13.82   2.34) v=5.26 m/s [KF]
[lio] t=1317400969.421 | feat 1918/6099 | map   8810 | icp ok  iter  3 corr  1530 rms 0.0829    7.75 ms | p=(   32.49   -14.06   2.37) v=5.12 m/s
[lio] t=1317400969.526 | feat 1916/6075 | map   8810 | icp ok  iter  5 corr  1504 rms 0.0707   13.29 ms | p=(   32.96   -14.33   2.41) v=5.04 m/s [KF]
[lio] t=1317400969.630 | feat 1843/6024 | map   8926 | icp ok  iter  4 corr  1516 rms 0.0627    9.83 ms | p=(   33.42   -14.59   2.44) v=4.96 m/s
[lio] t=1317400969.734 | feat 1869/6102 | map   8926 | icp ok  iter  4 corr  1509 rms 0.1041   10.74 ms | p=(   33.85   -14.87   2.48) v=4.84 m/s [KF]
[lio] t=1317400969.838 | feat 1889/6067 | map   9009 | icp ok  iter  5 corr  1564 rms 0.0814   12.98 ms | p=(   34.28   -15.15   2.51) v=4.74 m/s
[lio] t=1317400969.943 | feat 2028/6168 | map   9009 | icp ok  iter  4 corr  1674 rms 0.0748   11.97 ms | p=(   34.68   -15.43   2.55) v=4.61 m/s [KF]
[lio] t=1317400970.047 | feat 2064/6330 | map   9044 | icp ok  iter  5 corr  1742 rms 0.0768   15.09 ms | p=(   35.08   -15.72   2.58) v=4.56 m/s
[lio] t=1317400970.151 | feat 2142/6577 | map   9044 | icp ok  iter  4 corr  1786 rms 0.0805   13.35 ms | p=(   35.45   -16.00   2.61) v=4.37 m/s
[lio] t=1317400970.255 | feat 2105/6818 | map   9044 | icp ok  iter  5 corr  1663 rms 0.0801   15.50 ms | p=(   35.80   -16.29   2.65) v=4.28 m/s [KF]
[lio] t=1317400970.360 | feat 2198/7007 | map   9115 | icp ok  iter  4 corr  1857 rms 0.0727   12.83 ms | p=(   36.15   -16.59   2.68) v=4.24 m/s
[lio] t=1317400970.464 | feat 2260/7102 | map   9115 | icp ok  iter  5 corr  1860 rms 0.0889   17.49 ms | p=(   36.51   -16.89   2.73) v=4.25 m/s
[lio] t=1317400970.568 | feat 2264/7123 | map   9115 | icp ok  iter  4 corr  1846 rms 0.0931   14.83 ms | p=(   36.81   -17.18   2.76) v=4.00 m/s [KF]
[lio] t=1317400970.672 | feat 2402/7276 | map   9329 | icp ok  iter  4 corr  2050 rms 0.0657   14.51 ms | p=(   37.07   -17.49   2.79) v=3.82 m/s
[lio] t=1317400970.777 | feat 2401/7333 | map   9329 | icp ok  iter  3 corr  2021 rms 0.0771   11.08 ms | p=(   37.34   -17.80   2.82) v=3.77 m/s
[lio] t=1317400970.881 | feat 2472/7380 | map   9329 | icp ok  iter  4 corr  2009 rms 0.0729   14.18 ms | p=(   37.59   -18.12   2.85) v=3.74 m/s [KF]
[lio] t=1317400970.985 | feat 2657/7422 | map   9514 | icp ok  iter  4 corr  2311 rms 0.0680   17.80 ms | p=(   37.82   -18.44   2.88) v=3.71 m/s
[lio] t=1317400971.089 | feat 2656/7514 | map   9514 | icp ok  iter  3 corr  2280 rms 0.0620   11.64 ms | p=(   38.02   -18.77   2.92) v=3.63 m/s
[lio] t=1317400971.194 | feat 2633/7475 | map   9514 | icp ok  iter  3 corr  2276 rms 0.0665   12.63 ms | p=(   38.21   -19.10   2.94) v=3.59 m/s [KF]
[lio] t=1317400971.298 | feat 2580/7595 | map   9558 | icp ok  iter  3 corr  2263 rms 0.0620   11.61 ms | p=(   38.39   -19.43   2.98) v=3.55 m/s
[lio] t=1317400971.402 | feat 2495/7635 | map   9558 | icp ok  iter  5 corr  2237 rms 0.0725   17.99 ms | p=(   38.54   -19.77   3.01) v=3.50 m/s
[lio] t=1317400971.506 | feat 2519/7662 | map   9558 | icp ok  iter  4 corr  2183 rms 0.0751   14.07 ms | p=(   38.69   -20.13   3.03) v=3.53 m/s [KF]
[lio] t=1317400971.610 | feat 2298/7672 | map   9701 | icp ok  iter  5 corr  2020 rms 0.0646   17.26 ms | p=(   38.81   -20.47   3.06) v=3.43 m/s
[lio] t=1317400971.715 | feat 2253/7636 | map   9701 | icp ok  iter  5 corr  1947 rms 0.0614   16.80 ms | p=(   38.90   -20.82   3.08) v=3.49 m/s
[lio] t=1317400971.819 | feat 2213/7664 | map   9701 | icp ok  iter  6 corr  1926 rms 0.0786   20.28 ms | p=(   39.00   -21.19   3.11) v=3.60 m/s [KF]
[lio] t=1317400971.923 | feat 2112/7532 | map   9772 | icp ok  iter  3 corr  1851 rms 0.0744   10.72 ms | p=(   39.06   -21.57   3.13) v=3.68 m/s
[lio] t=1317400972.027 | feat 2018/7279 | map   9772 | icp ok  iter  4 corr  1734 rms 0.0642   13.15 ms | p=(   39.13   -21.97   3.15) v=3.82 m/s
[lio] t=1317400972.131 | feat 1987/7150 | map   9772 | icp ok  iter  5 corr  1739 rms 0.0802   15.38 ms | p=(   39.17   -22.36   3.16) v=3.86 m/s [KF]
[lio] t=1317400972.235 | feat 2014/7053 | map   9782 | icp ok  iter  4 corr  1788 rms 0.0661   13.85 ms | p=(   39.17   -22.81   3.17) v=4.18 m/s
[lio] t=1317400972.340 | feat 1971/6686 | map   9782 | icp ok  iter  4 corr  1719 rms 0.0614   12.43 ms | p=(   39.16   -23.25   3.18) v=4.29 m/s
[lio] t=1317400972.444 | feat 1933/6480 | map   9782 | icp ok  iter  5 corr  1677 rms 0.0673   14.36 ms | p=(   39.12   -23.70   3.20) v=4.41 m/s [KF]
[lio] t=1317400972.547 | feat 1869/6182 | map   9818 | icp ok  iter  5 corr  1700 rms 0.0636   14.10 ms | p=(   39.06   -24.18   3.22) v=4.65 m/s
[lio] t=1317400972.651 | feat 1822/5887 | map   9818 | icp ok  iter  5 corr  1630 rms 0.0626   14.96 ms | p=(   38.98   -24.68   3.24) v=4.87 m/s
[lio] t=1317400972.755 | feat 1708/5746 | map   9818 | icp ok  iter  4 corr  1495 rms 0.0725   11.19 ms | p=(   38.89   -25.19   3.25) v=5.06 m/s [KF]
[lio] t=1317400972.859 | feat 1813/5679 | map   9873 | icp ok  iter  4 corr  1639 rms 0.0615   10.75 ms | p=(   38.76   -25.71   3.27) v=5.21 m/s
[lio] t=1317400972.963 | feat 1749/5587 | map   9873 | icp ok  iter  4 corr  1558 rms 0.0608   10.51 ms | p=(   38.62   -26.24   3.28) v=5.35 m/s [KF]
[lio] t=1317400973.067 | feat 1641/5439 | map   9885 | icp ok  iter  5 corr  1467 rms 0.0796   11.92 ms | p=(   38.46   -26.79   3.30) v=5.58 m/s
[lio] t=1317400973.170 | feat 1616/5332 | map   9885 | icp ok  iter  4 corr  1430 rms 0.0586   11.31 ms | p=(   38.27   -27.38   3.31) v=5.93 m/s [KF]
[lio] t=1317400973.274 | feat 1658/5240 | map   9875 | icp ok  iter  4 corr  1490 rms 0.0730   10.90 ms | p=(   38.07   -27.93   3.31) v=5.88 m/s
[lio] t=1317400973.378 | feat 1548/5097 | map   9875 | icp ok  iter  5 corr  1368 rms 0.0591   12.10 ms | p=(   37.84   -28.54   3.32) v=6.22 m/s [KF]
[lio] t=1317400973.481 | feat 1386/5051 | map   9834 | icp ok  iter  5 corr  1228 rms 0.0495   11.19 ms | p=(   37.61   -29.11   3.33) v=6.14 m/s
[lio] t=1317400973.585 | feat 1489/5004 | map   9834 | icp ok  iter  5 corr  1340 rms 0.0607   13.16 ms | p=(   37.34   -29.73   3.35) v=6.48 m/s [KF]
[lio] t=1317400973.689 | feat 1499/5055 | map   9819 | icp ok  iter  4 corr  1355 rms 0.0562    9.33 ms | p=(   37.06   -30.37   3.36) v=6.74 m/s
[lio] t=1317400973.792 | feat 1524/4963 | map   9819 | icp ok  iter  4 corr  1337 rms 0.0684    9.48 ms | p=(   36.77   -31.01   3.37) v=6.87 m/s [KF]
[lio] t=1317400973.896 | feat 1420/5058 | map   9775 | icp ok  iter  5 corr  1275 rms 0.0671   11.01 ms | p=(   36.44   -31.67   3.39) v=7.10 m/s
[lio] t=1317400974.000 | feat 1424/4907 | map   9775 | icp ok  iter  4 corr  1279 rms 0.0625    9.71 ms | p=(   36.10   -32.36   3.41) v=7.40 m/s [KF]
[lio] t=1317400974.104 | feat 1479/4929 | map   9739 | icp ok  iter  4 corr  1314 rms 0.0777    9.81 ms | p=(   35.78   -32.96   3.42) v=7.02 m/s
[lio] t=1317400974.207 | feat 1553/4946 | map   9739 | icp ok  iter  6 corr  1339 rms 0.0826   15.62 ms | p=(   35.43   -33.71   3.44) v=7.70 m/s [KF]
[lio] t=1317400974.311 | feat 1617/4868 | map   9728 | icp ok  iter  5 corr  1454 rms 0.0605   14.60 ms | p=(   35.08   -34.38   3.45) v=7.52 m/s
[lio] t=1317400974.415 | feat 1576/4707 | map   9728 | icp ok  iter  4 corr  1387 rms 0.0752   10.77 ms | p=(   34.71   -35.09   3.47) v=7.69 m/s [KF]
[lio] t=1317400974.518 | feat 1532/4778 | map   9697 | icp ok  iter  4 corr  1343 rms 0.0759   10.03 ms | p=(   34.36   -35.80   3.50) v=7.73 m/s
[lio] t=1317400974.622 | feat 1554/4802 | map   9697 | icp ok  iter  4 corr  1346 rms 0.0669    9.60 ms | p=(   34.01   -36.53   3.51) v=7.78 m/s [KF]
[lio] t=1317400974.726 | feat 1555/4843 | map   9645 | icp ok  iter  4 corr  1378 rms 0.0771    9.88 ms | p=(   33.67   -37.25   3.52) v=7.73 m/s
[lio] t=1317400974.830 | feat 1614/4982 | map   9645 | icp ok  iter  4 corr  1401 rms 0.0724   10.26 ms | p=(   33.30   -37.95   3.55) v=7.64 m/s [KF]
[lio] t=1317400974.933 | feat 1557/4989 | map   9696 | icp ok  iter  4 corr  1393 rms 0.0643    9.37 ms | p=(   32.96   -38.65   3.56) v=7.52 m/s
[lio] t=1317400975.037 | feat 1635/5177 | map   9696 | icp ok  iter  5 corr  1452 rms 0.0795   13.33 ms | p=(   32.61   -39.39   3.59) v=7.80 m/s [KF]
[lio] t=1317400975.141 | feat 1555/5298 | map   9754 | icp ok  iter  3 corr  1356 rms 0.0722    7.90 ms | p=(   32.26   -40.12   3.61) v=7.76 m/s
[lio] t=1317400975.245 | feat 1744/5610 | map   9754 | icp ok  iter  4 corr  1506 rms 0.0924   12.09 ms | p=(   31.94   -40.83   3.63) v=7.57 m/s [KF]
[lio] t=1317400975.349 | feat 1690/5813 | map   9835 | icp ok  iter  5 corr  1488 rms 0.0718   12.89 ms | p=(   31.60   -41.59   3.64) v=7.86 m/s
[lio] t=1317400975.453 | feat 1741/6130 | map   9835 | icp ok  iter  4 corr  1481 rms 0.0726   10.74 ms | p=(   31.28   -42.32   3.64) v=7.71 m/s [KF]
[lio] t=1317400975.556 | feat 1687/6384 | map   9871 | icp ok  iter  3 corr  1495 rms 0.0793    7.66 ms | p=(   30.95   -43.06   3.66) v=7.80 m/s
[lio] t=1317400975.660 | feat 1586/6585 | map   9871 | icp ok  iter  4 corr  1345 rms 0.0891   10.07 ms | p=(   30.64   -43.79   3.69) v=7.73 m/s [KF]
[lio] t=1317400975.764 | feat 1614/6824 | map   9907 | icp ok  iter  4 corr  1411 rms 0.0632    9.57 ms | p=(   30.31   -44.53   3.71) v=7.76 m/s
[lio] t=1317400975.868 | feat 1712/7095 | map   9907 | icp ok  iter  4 corr  1438 rms 0.1055   10.52 ms | p=(   29.99   -45.29   3.71) v=7.88 m/s [KF]
[lio] t=1317400975.972 | feat 1682/7058 | map   9969 | icp ok  iter  5 corr  1482 rms 0.0555   11.29 ms | p=(   29.67   -46.04   3.70) v=7.87 m/s
[lio] t=1317400976.076 | feat 1748/7099 | map   9969 | icp ok  iter  4 corr  1507 rms 0.0658   10.52 ms | p=(   29.34   -46.80   3.71) v=7.93 m/s [KF]
[lio] t=1317400976.180 | feat 1876/7200 | map   9954 | icp ok  iter  3 corr  1626 rms 0.0505    8.04 ms | p=(   29.01   -47.55   3.75) v=7.90 m/s
[lio] t=1317400976.283 | feat 1778/7188 | map   9954 | icp ok  iter  4 corr  1509 rms 0.0608   10.21 ms | p=(   28.69   -48.32   3.77) v=8.01 m/s [KF]
[lio] t=1317400976.387 | feat 1740/7213 | map   9843 | icp ok  iter  4 corr  1458 rms 0.0715   10.69 ms | p=(   28.37   -49.10   3.78) v=8.07 m/s
[lio] t=1317400976.491 | feat 1795/6962 | map   9843 | icp ok  iter  4 corr  1524 rms 0.0851    9.43 ms | p=(   28.05   -49.87   3.79) v=8.10 m/s [KF]
[lio] t=1317400976.595 | feat 1821/6683 | map   9740 | icp ok  iter  4 corr  1561 rms 0.0619   10.83 ms | p=(   27.71   -50.66   3.81) v=8.24 m/s
[lio] t=1317400976.699 | feat 1685/6501 | map   9740 | icp ok  iter  4 corr  1406 rms 0.0747    9.72 ms | p=(   27.38   -51.46   3.84) v=8.29 m/s [KF]
[lio] t=1317400976.803 | feat 1689/6137 | map   9565 | icp ok  iter  4 corr  1423 rms 0.0633    8.95 ms | p=(   27.04   -52.24   3.85) v=8.26 m/s
[lio] t=1317400976.907 | feat 1559/5722 | map   9565 | icp ok  iter  3 corr  1287 rms 0.0590    6.81 ms | p=(   26.70   -53.05   3.87) v=8.47 m/s [KF]
[lio] t=1317400977.011 | feat 1637/5547 | map   9340 | icp ok  iter  4 corr  1395 rms 0.0597    9.30 ms | p=(   26.35   -53.85   3.88) v=8.46 m/s
[lio] t=1317400977.115 | feat 1730/5539 | map   9340 | icp ok  iter  4 corr  1458 rms 0.0832   11.12 ms | p=(   25.99   -54.69   3.91) v=8.70 m/s [KF]
[lio] t=1317400977.219 | feat 1675/5508 | map   9096 | icp ok  iter  5 corr  1420 rms 0.0598   12.65 ms | p=(   25.64   -55.50   3.94) v=8.66 m/s
[lio] t=1317400977.323 | feat 1674/5447 | map   9096 | icp ok  iter  4 corr  1380 rms 0.0648   10.01 ms | p=(   25.27   -56.34   3.95) v=8.83 m/s [KF]
[lio] t=1317400977.427 | feat 1650/5462 | map   8944 | icp ok  iter  5 corr  1371 rms 0.0627   11.63 ms | p=(   24.91   -57.20   3.98) v=8.96 m/s
[lio] t=1317400977.530 | feat 1779/5508 | map   8944 | icp ok  iter  4 corr  1497 rms 0.0833   10.33 ms | p=(   24.53   -58.06   4.02) v=9.05 m/s [KF]
[lio] t=1317400977.634 | feat 1805/5504 | map   8909 | icp ok  iter  4 corr  1530 rms 0.0680   11.66 ms | p=(   24.15   -58.93   4.04) v=9.17 m/s
[lio] t=1317400977.738 | feat 1803/5607 | map   8909 | icp ok  iter  4 corr  1524 rms 0.0593    9.89 ms | p=(   23.77   -59.79   4.06) v=9.12 m/s [KF]
[lio] t=1317400977.842 | feat 1751/5724 | map   8847 | icp ok  iter  5 corr  1480 rms 0.0567   12.19 ms | p=(   23.38   -60.66   4.09) v=9.21 m/s
[lio] t=1317400977.946 | feat 1737/5907 | map   8847 | icp ok  iter  3 corr  1461 rms 0.0623    7.67 ms | p=(   22.98   -61.56   4.11) v=9.45 m/s [KF]
[lio] t=1317400978.050 | feat 1814/6151 | map   8896 | icp ok  iter  6 corr  1541 rms 0.0606   15.00 ms | p=(   22.58   -62.45   4.13) v=9.48 m/s
[lio] t=1317400978.154 | feat 1966/6393 | map   8896 | icp ok  iter  4 corr  1618 rms 0.0623   12.41 ms | p=(   22.20   -63.36   4.17) v=9.54 m/s [KF]
[lio] t=1317400978.258 | feat 1895/6501 | map   8955 | icp ok  iter  4 corr  1606 rms 0.0690    9.57 ms | p=(   21.79   -64.27   4.18) v=9.60 m/s
[lio] t=1317400978.362 | feat 1899/6651 | map   8955 | icp ok  iter  4 corr  1533 rms 0.0641   10.34 ms | p=(   21.39   -65.19   4.21) v=9.69 m/s [KF]
[lio] t=1317400978.465 | feat 2000/6727 | map   9093 | icp ok  iter  4 corr  1687 rms 0.0708   12.06 ms | p=(   20.98   -66.11   4.23) v=9.74 m/s [KF]
[lio] t=1317400978.569 | feat 1855/6846 | map   9188 | icp ok  iter  4 corr  1507 rms 0.0616   11.05 ms | p=(   20.58   -67.04   4.25) v=9.78 m/s [KF]
[lio] t=1317400978.673 | feat 2025/6961 | map   9241 | icp ok  iter  4 corr  1666 rms 0.0685   11.46 ms | p=(   20.17   -67.98   4.26) v=9.90 m/s [KF]
[lio] t=1317400978.777 | feat 2014/6762 | map   9316 | icp ok  iter  4 corr  1679 rms 0.0642   11.30 ms | p=(   19.76   -68.93   4.29) v=9.94 m/s [KF]
[lio] t=1317400978.881 | feat 2268/6749 | map   9432 | icp ok  iter  5 corr  1919 rms 0.0735   14.52 ms | p=(   19.34   -69.89   4.31) v=10.10 m/s [KF]
[lio] t=1317400978.985 | feat 2181/6602 | map   9572 | icp ok  iter  5 corr  1789 rms 0.0613   15.05 ms | p=(   18.91   -70.84   4.33) v=10.12 m/s [KF]
[lio] t=1317400979.089 | feat 2422/6426 | map   9654 | icp ok  iter  4 corr  2047 rms 0.0567   13.64 ms | p=(   18.47   -71.82   4.34) v=10.26 m/s [KF]
[lio] t=1317400979.192 | feat 2349/6372 | map   9791 | icp ok  iter  4 corr  1968 rms 0.1034   14.54 ms | p=(   18.04   -72.80   4.35) v=10.35 m/s [KF]
[lio] t=1317400979.296 | feat 2116/6100 | map   9903 | icp ok  iter  4 corr  1737 rms 0.0576   11.96 ms | p=(   17.60   -73.77   4.37) v=10.24 m/s [KF]
[lio] t=1317400979.400 | feat 2170/5877 | map   9912 | icp ok  iter  4 corr  1807 rms 0.0480   12.81 ms | p=(   17.15   -74.75   4.39) v=10.33 m/s [KF]
[lio] t=1317400979.504 | feat 2035/5716 | map   9861 | icp ok  iter  3 corr  1635 rms 0.0528    8.55 ms | p=(   16.71   -75.72   4.40) v=10.27 m/s [KF]
[lio] t=1317400979.608 | feat 1917/5720 | map   9774 | icp ok  iter  3 corr  1554 rms 0.0484    7.90 ms | p=(   16.27   -76.68   4.41) v=10.25 m/s [KF]
[lio] t=1317400979.712 | feat 2054/5706 | map   9704 | icp ok  iter  4 corr  1603 rms 0.0576   10.47 ms | p=(   15.81   -77.66   4.43) v=10.30 m/s [KF]
[lio] t=1317400979.816 | feat 2112/5718 | map   9690 | icp ok  iter  4 corr  1722 rms 0.0751   11.64 ms | p=(   15.35   -78.62   4.45) v=10.26 m/s [KF]
[lio] t=1317400979.920 | feat 2273/5950 | map   9618 | icp ok  iter  4 corr  1903 rms 0.0570   12.95 ms | p=(   14.90   -79.59   4.46) v=10.26 m/s [KF]
[lio] t=1317400980.024 | feat 2258/6232 | map   9555 | icp ok  iter  4 corr  1838 rms 0.0659   13.98 ms | p=(   14.44   -80.56   4.46) v=10.34 m/s [KF]
[lio] t=1317400980.128 | feat 2160/6165 | map   9524 | icp ok  iter  4 corr  1771 rms 0.0562   13.07 ms | p=(   13.99   -81.53   4.47) v=10.29 m/s [KF]
[lio] t=1317400980.231 | feat 2070/5739 | map   9433 | icp ok  iter  4 corr  1684 rms 0.0606   12.26 ms | p=(   13.53   -82.49   4.49) v=10.28 m/s [KF]
[lio] t=1317400980.335 | feat 1934/5409 | map   9318 | icp ok  iter  4 corr  1547 rms 0.0608   11.39 ms | p=(   13.08   -83.46   4.50) v=10.25 m/s [KF]
[lio] t=1317400980.439 | feat 1897/5400 | map   8929 | icp ok  iter  3 corr  1575 rms 0.0542    8.16 ms | p=(   12.64   -84.43   4.51) v=10.26 m/s [KF]
[lio] t=1317400980.543 | feat 1966/5497 | map   8855 | icp ok  iter  3 corr  1612 rms 0.0568    8.70 ms | p=(   12.19   -85.39   4.52) v=10.24 m/s [KF]
[lio] t=1317400980.646 | feat 1999/5757 | map   8839 | icp ok  iter  4 corr  1642 rms 0.0513   10.68 ms | p=(   11.75   -86.35   4.53) v=10.18 m/s [KF]
[lio] t=1317400980.750 | feat 2000/5983 | map   8813 | icp ok  iter  5 corr  1671 rms 0.0497   14.42 ms | p=(   11.30   -87.31   4.55) v=10.22 m/s [KF]
[lio] t=1317400980.854 | feat 2025/5962 | map   8850 | icp ok  iter  4 corr  1682 rms 0.0599   11.95 ms | p=(   10.87   -88.28   4.56) v=10.23 m/s [KF]
[lio] t=1317400980.958 | feat 2094/5934 | map   8813 | icp ok  iter  4 corr  1803 rms 0.0517   11.09 ms | p=(   10.44   -89.26   4.55) v=10.24 m/s [KF]
[lio] t=1317400981.062 | feat 2129/5889 | map   8782 | icp ok  iter  5 corr  1816 rms 0.0525   14.55 ms | p=(   10.02   -90.23   4.56) v=10.22 m/s [KF]
[lio] t=1317400981.165 | feat 2095/5825 | map   8751 | icp ok  iter  4 corr  1779 rms 0.0512   12.31 ms | p=(    9.59   -91.20   4.58) v=10.26 m/s [KF]
[lio] t=1317400981.269 | feat 2054/5842 | map   8719 | icp ok  iter  4 corr  1765 rms 0.0583   11.72 ms | p=(    9.15   -92.21   4.59) v=10.41 m/s [KF]
[lio] t=1317400981.373 | feat 1870/5664 | map   8703 | icp ok  iter  4 corr  1606 rms 0.0490   11.15 ms | p=(    8.73   -93.19   4.60) v=10.37 m/s [KF]
[lio] t=1317400981.477 | feat 1892/5328 | map   8623 | icp ok  iter  5 corr  1603 rms 0.0437   14.27 ms | p=(    8.30   -94.19   4.61) v=10.42 m/s [KF]
[lio] t=1317400981.580 | feat 1943/5147 | map   8532 | icp ok  iter  3 corr  1661 rms 0.0505    9.34 ms | p=(    7.89   -95.18   4.64) v=10.41 m/s [KF]
[lio] t=1317400981.684 | feat 2072/5039 | map   8395 | icp ok  iter  6 corr  1773 rms 0.0542   18.22 ms | p=(    7.46   -96.18   4.65) v=10.43 m/s [KF]
[lio] t=1317400981.788 | feat 1989/5080 | map   8303 | icp ok  iter  4 corr  1709 rms 0.0442   10.81 ms | p=(    7.04   -97.16   4.67) v=10.32 m/s [KF]
[lio] t=1317400981.892 | feat 2096/5153 | map   8196 | icp ok  iter  4 corr  1797 rms 0.0566   14.32 ms | p=(    6.63   -98.17   4.69) v=10.43 m/s [KF]
[lio] t=1317400981.995 | feat 1994/5293 | map   8160 | icp ok  iter  4 corr  1769 rms 0.0566   12.90 ms | p=(    6.21   -99.17   4.71) v=10.45 m/s [KF]
[lio] t=1317400982.099 | feat 2103/5637 | map   8074 | icp ok  iter  4 corr  1848 rms 0.0540   13.27 ms | p=(    5.80  -100.19   4.73) v=10.52 m/s [KF]
[lio] t=1317400982.203 | feat 2155/5759 | map   8058 | icp ok  iter  4 corr  1932 rms 0.0671   14.07 ms | p=(    5.40  -101.18   4.74) v=10.41 m/s [KF]
[lio] t=1317400982.307 | feat 2074/5727 | map   8144 | icp ok  iter  4 corr  1867 rms 0.0566   12.41 ms | p=(    4.99  -102.19   4.77) v=10.42 m/s [KF]
[lio] t=1317400982.411 | feat 2156/5752 | map   8168 | icp ok  iter  4 corr  1950 rms 0.0593   12.28 ms | p=(    4.57  -103.19   4.80) v=10.43 m/s [KF]
[lio] t=1317400982.514 | feat 2107/5684 | map   8177 | icp ok  iter  3 corr  1939 rms 0.0563    9.46 ms | p=(    4.16  -104.19   4.82) v=10.41 m/s [KF]
[lio] t=1317400982.618 | feat 2089/5599 | map   8060 | icp ok  iter  4 corr  1932 rms 0.0523   15.01 ms | p=(    3.75  -105.19   4.84) v=10.38 m/s [KF]
[lio] t=1317400982.722 | feat 2063/5532 | map   7949 | icp ok  iter  5 corr  1880 rms 0.0531   17.11 ms | p=(    3.34  -106.20   4.87) v=10.46 m/s [KF]
[lio] t=1317400982.826 | feat 2122/5522 | map   7878 | icp ok  iter  3 corr  1922 rms 0.0499    9.97 ms | p=(    2.93  -107.19   4.88) v=10.31 m/s [KF]
[lio] t=1317400982.930 | feat 2130/5699 | map   7855 | icp ok  iter  4 corr  1973 rms 0.0466   14.62 ms | p=(    2.52  -108.19   4.89) v=10.39 m/s [KF]
[lio] t=1317400983.033 | feat 2330/5878 | map   7886 | icp ok  iter  4 corr  2093 rms 0.0517   12.97 ms | p=(    2.11  -109.18   4.90) v=10.27 m/s [KF]
[lio] t=1317400983.137 | feat 2098/5544 | map   7961 | icp ok  iter  7 corr  1909 rms 0.0552   23.67 ms | p=(    1.70  -110.17   4.93) v=10.28 m/s [KF]
[lio] t=1317400983.241 | feat 2183/5576 | map   8034 | icp ok  iter  6 corr  2017 rms 0.0573   22.01 ms | p=(    1.29  -111.14   4.94) v=10.18 m/s [KF]
[lio] t=1317400983.345 | feat 2238/6023 | map   8112 | icp ok  iter  4 corr  2050 rms 0.0556   14.66 ms | p=(    0.87  -112.12   4.95) v=10.21 m/s [KF]
[lio] t=1317400983.449 | feat 2269/6558 | map   8154 | icp ok  iter  5 corr  1973 rms 0.0620   16.62 ms | p=(    0.46  -113.09   4.96) v=10.13 m/s [KF]
[lio] t=1317400983.552 | feat 2110/6702 | map   8281 | icp ok  iter  3 corr  1886 rms 0.0510   10.86 ms | p=(    0.05  -114.06   4.98) v=10.13 m/s [KF]
[lio] t=1317400983.656 | feat 2140/6520 | map   8381 | icp ok  iter  4 corr  1820 rms 0.0562   12.73 ms | p=(   -0.35  -115.04   4.98) v=10.13 m/s [KF]
[lio] t=1317400983.760 | feat 2184/6087 | map   8512 | icp ok  iter  4 corr  1923 rms 0.0538   13.76 ms | p=(   -0.77  -116.00   4.99) v=10.06 m/s [KF]
[lio] t=1317400983.864 | feat 2306/5818 | map   8618 | icp ok  iter  4 corr  2052 rms 0.0540   12.95 ms | p=(   -1.18  -116.95   5.01) v=10.00 m/s [KF]
[lio] t=1317400983.968 | feat 2158/5660 | map   8648 | icp ok  iter  5 corr  1899 rms 0.0616   16.65 ms | p=(   -1.59  -117.92   5.01) v=10.02 m/s [KF]
[lio] t=1317400984.071 | feat 2166/5570 | map   8717 | icp ok  iter  5 corr  1957 rms 0.0664   16.39 ms | p=(   -2.00  -118.85   5.02) v=9.84 m/s [KF]
[lio] t=1317400984.175 | feat 2296/5561 | map   8798 | icp ok  iter  4 corr  2068 rms 0.0530   13.92 ms | p=(   -2.43  -119.79   5.05) v=9.86 m/s [KF]
[lio] t=1317400984.279 | feat 2379/5683 | map   8884 | icp ok  iter  4 corr  2130 rms 0.0574   15.13 ms | p=(   -2.84  -120.73   5.02) v=9.87 m/s [KF]
[lio] t=1317400984.383 | feat 2215/5665 | map   8949 | icp ok  iter  5 corr  1992 rms 0.0657   16.59 ms | p=(   -3.26  -121.67   5.04) v=9.89 m/s [KF]
[lio] t=1317400984.487 | feat 2287/5479 | map   8990 | icp ok  iter  4 corr  2022 rms 0.0535   14.45 ms | p=(   -3.66  -122.60   5.06) v=9.75 m/s [KF]
[lio] t=1317400984.590 | feat 2308/5361 | map   8983 | icp ok  iter  4 corr  2072 rms 0.0562   14.84 ms | p=(   -4.08  -123.53   5.08) v=9.76 m/s [KF]
[lio] t=1317400984.694 | feat 2258/5365 | map   9083 | icp ok  iter  3 corr  2003 rms 0.0629   10.34 ms | p=(   -4.48  -124.45   5.08) v=9.64 m/s
[lio] t=1317400984.798 | feat 2212/5293 | map   9083 | icp ok  iter  4 corr  1890 rms 0.0519   13.27 ms | p=(   -4.88  -125.38   5.08) v=9.73 m/s [KF]
[lio] t=1317400984.902 | feat 2193/5278 | map   9205 | icp ok  iter  4 corr  1970 rms 0.0551   13.97 ms | p=(   -5.28  -126.29   5.08) v=9.58 m/s
[lio] t=1317400985.006 | feat 2357/5368 | map   9205 | icp ok  iter  4 corr  2087 rms 0.0803   14.90 ms | p=(   -5.68  -127.21   5.08) v=9.59 m/s [KF]
[lio] t=1317400985.110 | feat 2190/5368 | map   9325 | icp ok  iter  4 corr  1998 rms 0.0544   14.09 ms | p=(   -6.07  -128.12   5.08) v=9.50 m/s
[lio] t=1317400985.214 | feat 2189/5347 | map   9325 | icp ok  iter  3 corr  1966 rms 0.0571   11.22 ms | p=(   -6.47  -129.02   5.07) v=9.43 m/s [KF]
[lio] t=1317400985.317 | feat 2097/5225 | map   9335 | icp ok  iter  3 corr  1873 rms 0.0579    9.68 ms | p=(   -6.86  -129.92   5.07) v=9.40 m/s
[lio] t=1317400985.421 | feat 2080/5481 | map   9335 | icp ok  iter  4 corr  1824 rms 0.0573   13.75 ms | p=(   -7.25  -130.82   5.08) v=9.37 m/s [KF]
[lio] t=1317400985.525 | feat 2057/5858 | map   9398 | icp ok  iter  4 corr  1816 rms 0.0530   12.71 ms | p=(   -7.65  -131.70   5.09) v=9.28 m/s
[lio] t=1317400985.629 | feat 2033/6183 | map   9398 | icp ok  iter  4 corr  1657 rms 0.0681   12.18 ms | p=(   -8.03  -132.58   5.10) v=9.20 m/s [KF]
[lio] t=1317400985.733 | feat 2230/6331 | map   9577 | icp ok  iter  4 corr  1886 rms 0.0605   12.94 ms | p=(   -8.41  -133.45   5.10) v=9.11 m/s
[lio] t=1317400985.837 | feat 2405/6323 | map   9577 | icp ok  iter  3 corr  2048 rms 0.0650   11.74 ms | p=(   -8.79  -134.30   5.11) v=8.93 m/s [KF]
[lio] t=1317400985.941 | feat 2359/6290 | map   9875 | icp ok  iter  4 corr  2033 rms 0.0517   12.53 ms | p=(   -9.15  -135.15   5.12) v=8.77 m/s
[lio] t=1317400986.045 | feat 2434/6195 | map   9875 | icp ok  iter  4 corr  2073 rms 0.0607   14.60 ms | p=(   -9.51  -135.97   5.12) v=8.58 m/s [KF]
[lio] t=1317400986.149 | feat 2446/6148 | map  10065 | icp ok  iter  5 corr  2093 rms 0.0637   18.22 ms | p=(   -9.86  -136.78   5.11) v=8.41 m/s
[lio] t=1317400986.253 | feat 2344/5853 | map  10065 | icp ok  iter  4 corr  1962 rms 0.0586   15.99 ms | p=(  -10.22  -137.59   5.09) v=8.36 m/s [KF]
[lio] t=1317400986.356 | feat 2243/5557 | map  10176 | icp ok  iter  4 corr  1906 rms 0.0761   12.94 ms | p=(  -10.56  -138.37   5.10) v=8.12 m/s
[lio] t=1317400986.460 | feat 2206/5381 | map  10176 | icp ok  iter  4 corr  1803 rms 0.0688   12.24 ms | p=(  -10.90  -139.13   5.10) v=7.90 m/s [KF]
[lio] t=1317400986.564 | feat 2110/4925 | map  10276 | icp ok  iter  4 corr  1758 rms 0.0643   12.02 ms | p=(  -11.23  -139.87   5.11) v=7.75 m/s
[lio] t=1317400986.668 | feat 1862/4631 | map  10276 | icp ok  iter  5 corr  1571 rms 0.0586   12.83 ms | p=(  -11.55  -140.59   5.13) v=7.46 m/s [KF]
[lio] t=1317400986.772 | feat 1828/4403 | map  10293 | icp ok  iter  3 corr  1567 rms 0.0511    8.16 ms | p=(  -11.86  -141.31   5.14) v=7.35 m/s
[lio] t=1317400986.876 | feat 1826/4176 | map  10293 | icp ok  iter  5 corr  1546 rms 0.0532   14.34 ms | p=(  -12.15  -141.98   5.16) v=6.98 m/s [KF]
[lio] t=1317400986.980 | feat 1712/4052 | map  10266 | icp ok  iter  4 corr  1431 rms 0.0587   10.19 ms | p=(  -12.43  -142.63   5.17) v=6.66 m/s
[lio] t=1317400987.084 | feat 1573/4006 | map  10266 | icp ok  iter  4 corr  1260 rms 0.0771    9.37 ms | p=(  -12.69  -143.27   5.18) v=6.46 m/s [KF]
[lio] t=1317400987.188 | feat 1598/4351 | map  10237 | icp ok  iter  5 corr  1293 rms 0.0604   11.85 ms | p=(  -12.93  -143.87   5.18) v=6.13 m/s
[lio] t=1317400987.292 | feat 1941/5008 | map  10237 | icp ok  iter  4 corr  1518 rms 0.0691   11.02 ms | p=(  -13.17  -144.45   5.19) v=5.87 m/s [KF]
[lio] t=1317400987.396 | feat 1836/5658 | map  10242 | icp ok  iter  4 corr  1345 rms 0.0553    8.95 ms | p=(  -13.39  -145.00   5.20) v=5.54 m/s
[lio] t=1317400987.500 | feat 1926/6353 | map  10242 | icp ok  iter  4 corr  1345 rms 0.0559   10.02 ms | p=(  -13.59  -145.52   5.21) v=5.27 m/s [KF]
[lio] t=1317400987.604 | feat 2233/6476 | map  10201 | icp ok  iter  4 corr  1661 rms 0.0852   12.42 ms | p=(  -13.79  -146.03   5.23) v=5.09 m/s
[lio] t=1317400987.708 | feat 2315/6546 | map  10201 | icp ok  iter  4 corr  1711 rms 0.0778   11.98 ms | p=(  -13.99  -146.52   5.23) v=5.01 m/s [KF]
[lio] t=1317400987.812 | feat 2336/6727 | map  10272 | icp ok  iter  4 corr  1747 rms 0.0651   11.48 ms | p=(  -14.18  -147.01   5.23) v=5.01 m/s
[lio] t=1317400987.916 | feat 2479/6960 | map  10272 | icp ok  iter  4 corr  1889 rms 0.0690   13.44 ms | p=(  -14.37  -147.49   5.24) v=4.94 m/s [KF]
[lio] t=1317400988.020 | feat 2448/7196 | map  10314 | icp ok  iter  4 corr  1886 rms 0.0681   12.84 ms | p=(  -14.55  -147.98   5.24) v=4.97 m/s
[lio] t=1317400988.124 | feat 2374/7186 | map  10314 | icp ok  iter  3 corr  1841 rms 0.0819   10.51 ms | p=(  -14.74  -148.46   5.24) v=4.96 m/s [KF]
[lio] t=1317400988.228 | feat 2559/7233 | map  10357 | icp ok  iter  3 corr  1982 rms 0.0587   10.90 ms | p=(  -14.93  -148.95   5.26) v=4.97 m/s
[lio] t=1317400988.332 | feat 2530/7380 | map  10357 | icp ok  iter  3 corr  1937 rms 0.0654   11.26 ms | p=(  -15.12  -149.42   5.28) v=4.87 m/s [KF]
[lio] t=1317400988.437 | feat 2704/7494 | map  10510 | icp ok  iter  4 corr  2163 rms 0.0563   15.03 ms | p=(  -15.31  -149.88   5.28) v=4.79 m/s
[lio] t=1317400988.541 | feat 2715/7603 | map  10510 | icp ok  iter  4 corr  2154 rms 0.0524   15.07 ms | p=(  -15.49  -150.36   5.28) v=4.86 m/s [KF]
[lio] t=1317400988.645 | feat 2850/7594 | map  10642 | icp ok  iter  3 corr  2298 rms 0.0527   12.41 ms | p=(  -15.68  -150.83   5.28) v=4.79 m/s
[lio] t=1317400988.749 | feat 2722/7611 | map  10642 | icp ok  iter  3 corr  2172 rms 0.0663   11.69 ms | p=(  -15.86  -151.28   5.28) v=4.73 m/s
[lio] t=1317400988.853 | feat 2818/7637 | map  10642 | icp ok  iter  4 corr  2209 rms 0.0604   16.38 ms | p=(  -16.06  -151.74   5.29) v=4.77 m/s [KF]
[lio] t=1317400988.957 | feat 2946/7951 | map  10858 | icp ok  iter  4 corr  2425 rms 0.0642   17.41 ms | p=(  -16.24  -152.21   5.28) v=4.76 m/s
[lio] t=1317400989.061 | feat 2839/7988 | map  10858 | icp ok  iter  4 corr  2266 rms 0.0626   15.57 ms | p=(  -16.43  -152.66   5.30) v=4.73 m/s
[lio] t=1317400989.165 | feat 3011/8382 | map  10858 | icp ok  iter  3 corr  2395 rms 0.0624   13.10 ms | p=(  -16.63  -153.11   5.30) v=4.69 m/s [KF]
[lio] t=1317400989.269 | feat 3143/8660 | map  11108 | icp ok  iter  3 corr  2575 rms 0.0520   13.84 ms | p=(  -16.82  -153.57   5.31) v=4.73 m/s
[lio] t=1317400989.373 | feat 3127/8645 | map  11108 | icp ok  iter  3 corr  2535 rms 0.0571   13.40 ms | p=(  -17.01  -154.01   5.31) v=4.62 m/s
[lio] t=1317400989.477 | feat 3097/8788 | map  11108 | icp ok  iter  4 corr  2522 rms 0.0585   17.90 ms | p=(  -17.19  -154.46   5.31) v=4.65 m/s [KF]
[lio] t=1317400989.581 | feat 2977/8752 | map  11387 | icp ok  iter  5 corr  2500 rms 0.0674   21.00 ms | p=(  -17.38  -154.91   5.31) v=4.63 m/s
[lio] t=1317400989.685 | feat 3133/8783 | map  11387 | icp ok  iter  3 corr  2607 rms 0.0570   14.34 ms | p=(  -17.55  -155.36   5.31) v=4.55 m/s
[lio] t=1317400989.789 | feat 3169/8929 | map  11387 | icp ok  iter  4 corr  2657 rms 0.0629   18.52 ms | p=(  -17.72  -155.78   5.31) v=4.42 m/s [KF]
[lio] t=1317400989.893 | feat 3254/9035 | map  11640 | icp ok  iter  4 corr  2793 rms 0.0602   20.47 ms | p=(  -17.88  -156.22   5.31) v=4.42 m/s
[lio] t=1317400989.996 | feat 3140/8838 | map  11640 | icp ok  iter  4 corr  2653 rms 0.0847   21.17 ms | p=(  -18.04  -156.67   5.31) v=4.47 m/s
[lio] t=1317400990.100 | feat 3080/8898 | map  11640 | icp ok  iter  5 corr  2553 rms 0.1114   24.47 ms | p=(  -18.16  -157.11   5.31) v=4.33 m/s [KF]
[lio] t=1317400990.204 | feat 3088/8994 | map  11907 | icp ok  iter  4 corr  2611 rms 0.1030   21.48 ms | p=(  -18.29  -157.54   5.33) v=4.27 m/s
[lio] t=1317400990.307 | feat 3133/9195 | map  11907 | icp ok  iter  5 corr  2636 rms 0.1326   26.94 ms | p=(  -18.41  -157.95   5.33) v=4.14 m/s
[lio] t=1317400990.411 | feat 3109/9348 | map  11907 | icp ok  iter  4 corr  2586 rms 0.1242   21.44 ms | p=(  -18.51  -158.34   5.34) v=3.93 m/s [KF]
[lio] t=1317400990.515 | feat 3109/9382 | map  12207 | icp ok  iter  5 corr  2613 rms 0.1053   25.87 ms | p=(  -18.59  -158.75   5.34) v=3.92 m/s
[lio] t=1317400990.618 | feat 3081/9321 | map  12207 | icp ok  iter  5 corr  2572 rms 0.1032   22.78 ms | p=(  -18.65  -159.13   5.35) v=3.79 m/s
[lio] t=1317400990.722 | feat 2962/9267 | map  12207 | icp ok  iter  5 corr  2523 rms 0.1011   23.39 ms | p=(  -18.73  -159.51   5.35) v=3.71 m/s [KF]
[lio] t=1317400990.826 | feat 2931/9211 | map  12400 | icp ok  iter  5 corr  2495 rms 0.1289   26.14 ms | p=(  -18.77  -159.90   5.36) v=3.70 m/s
[lio] t=1317400990.929 | feat 2836/9301 | map  12400 | icp ok  iter  4 corr  2409 rms 0.0921   17.70 ms | p=(  -18.81  -160.27   5.37) v=3.62 m/s
[lio] t=1317400991.033 | feat 2727/9289 | map  12400 | icp ok  iter  6 corr  2319 rms 0.1094   28.88 ms | p=(  -18.79  -160.68   5.38) v=3.78 m/s [KF]
[lio] t=1317400991.137 | feat 2825/9270 | map  12439 | icp ok  iter  5 corr  2359 rms 0.0887   23.99 ms | p=(  -18.77  -161.05   5.38) v=3.63 m/s
[lio] t=1317400991.241 | feat 2640/9160 | map  12439 | icp ok  iter  5 corr  2208 rms 0.0965   21.43 ms | p=(  -18.76  -161.45   5.39) v=3.75 m/s
[lio] t=1317400991.345 | feat 2744/9065 | map  12439 | icp ok  iter  4 corr  2279 rms 0.0979   18.51 ms | p=(  -18.71  -161.83   5.40) v=3.76 m/s [KF]
[lio] t=1317400991.448 | feat 2813/9108 | map  12511 | icp ok  iter  4 corr  2392 rms 0.0869   19.16 ms | p=(  -18.66  -162.24   5.42) v=3.92 m/s
[lio] t=1317400991.552 | feat 2609/9065 | map  12511 | icp ok  iter  6 corr  2203 rms 0.0859   26.66 ms | p=(  -18.59  -162.63   5.44) v=3.92 m/s
[lio] t=1317400991.656 | feat 2528/9075 | map  12511 | icp ok  iter  4 corr  2114 rms 0.1001   16.80 ms | p=(  -18.50  -163.02   5.46) v=3.92 m/s [KF]
[lio] t=1317400991.760 | feat 2662/9014 | map  12492 | icp ok  iter  4 corr  2293 rms 0.0819   16.76 ms | p=(  -18.39  -163.43   5.48) v=4.07 m/s
[lio] t=1317400991.864 | feat 2565/8977 | map  12492 | icp ok  iter  4 corr  2118 rms 0.0957   16.06 ms | p=(  -18.25  -163.84   5.50) v=4.13 m/s
[lio] t=1317400991.968 | feat 2594/8908 | map  12492 | icp ok  iter  6 corr  2174 rms 0.1007   25.07 ms | p=(  -18.08  -164.26   5.51) v=4.33 m/s [KF]
[lio] t=1317400992.072 | feat 2589/8993 | map  12570 | icp ok  iter  5 corr  2184 rms 0.0676   19.63 ms | p=(  -17.95  -164.67   5.54) v=4.29 m/s
[lio] t=1317400992.175 | feat 2605/8915 | map  12570 | icp ok  iter  7 corr  2157 rms 0.0821   27.97 ms | p=(  -17.74  -165.12   5.57) v=4.61 m/s
[lio] t=1317400992.279 | feat 2481/8848 | map  12570 | icp ok  iter  5 corr  2001 rms 0.0967   19.96 ms | p=(  -17.54  -165.55   5.59) v=4.65 m/s [KF]
[lio] t=1317400992.384 | feat 2431/8683 | map  12673 | icp ok  iter  5 corr  2003 rms 0.0769   20.08 ms | p=(  -17.30  -166.00   5.61) v=4.84 m/s
[lio] t=1317400992.488 | feat 2389/8585 | map  12673 | icp ok  iter  6 corr  1967 rms 0.0815   20.63 ms | p=(  -17.06  -166.43   5.64) v=4.85 m/s
[lio] t=1317400992.592 | feat 2319/8682 | map  12673 | icp ok  iter  5 corr  1878 rms 0.0877   18.84 ms | p=(  -16.79  -166.91   5.67) v=5.19 m/s [KF]
[lio] t=1317400992.696 | feat 2349/8684 | map  12662 | icp ok  iter  5 corr  1906 rms 0.0744   18.22 ms | p=(  -16.52  -167.36   5.70) v=5.18 m/s
[lio] t=1317400992.800 | feat 2336/8837 | map  12662 | icp ok  iter  9 corr  1898 rms 0.0774   33.49 ms | p=(  -16.27  -167.79   5.74) v=5.00 m/s [KF]
[lio] t=1317400992.904 | feat 2257/8759 | map  12708 | icp ok  iter  8 corr  1863 rms 0.0801   27.72 ms | p=(  -15.91  -168.33   5.77) v=5.83 m/s
[lio] t=1317400993.009 | feat 2171/8889 | map  12708 | icp ok  iter  5 corr  1742 rms 0.0806   17.31 ms | p=(  -15.57  -168.82   5.80) v=5.80 m/s [KF]
[lio] t=1317400993.113 | feat 2189/8856 | map  12667 | icp ok  iter  4 corr  1793 rms 0.0778   14.40 ms | p=(  -15.22  -169.34   5.83) v=5.99 m/s
[lio] t=1317400993.217 | feat 2361/9029 | map  12667 | icp ok  iter  5 corr  1927 rms 0.0838   18.94 ms | p=(  -14.88  -169.86   5.87) v=6.04 m/s [KF]
[lio] t=1317400993.321 | feat 2241/8695 | map  12626 | icp ok  iter  6 corr  1769 rms 0.0789   21.24 ms | p=(  -14.51  -170.37   5.89) v=6.16 m/s
[lio] t=1317400993.425 | feat 2344/8528 | map  12626 | icp ok  iter  5 corr  1846 rms 0.0803   17.49 ms | p=(  -14.12  -170.91   5.92) v=6.37 m/s [KF]
[lio] t=1317400993.529 | feat 2253/8400 | map  12595 | icp ok  iter  5 corr  1790 rms 0.0774   16.49 ms | p=(  -13.76  -171.42   5.94) v=6.17 m/s
[lio] t=1317400993.633 | feat 2317/8385 | map  12595 | icp ok  iter  6 corr  1840 rms 0.0689   20.91 ms | p=(  -13.29  -172.02   5.98) v=6.95 m/s [KF]
[lio] t=1317400993.738 | feat 2238/8284 | map  12597 | icp ok  iter  8 corr  1807 rms 0.0655   25.86 ms | p=(  -12.88  -172.58   5.99) v=6.87 m/s
[lio] t=1317400993.842 | feat 2302/8086 | map  12597 | icp ok  iter  5 corr  1795 rms 0.0693   16.91 ms | p=(  -12.47  -173.15   6.05) v=6.85 m/s [KF]
[lio] t=1317400993.946 | feat 2243/8124 | map  12644 | icp ok  iter  4 corr  1802 rms 0.0642   12.78 ms | p=(  -12.03  -173.75   6.08) v=7.08 m/s
[lio] t=1317400994.050 | feat 2331/7921 | map  12644 | icp ok  iter  5 corr  1838 rms 0.0720   17.15 ms | p=(  -11.49  -174.43   6.12) v=7.89 m/s [KF]
[lio] t=1317400994.154 | feat 2141/7854 | map  12751 | icp ok  iter  6 corr  1712 rms 0.0572   19.76 ms | p=(  -11.08  -175.02   6.16) v=7.37 m/s
[lio] t=1317400994.259 | feat 2201/8001 | map  12751 | icp ok  iter  5 corr  1762 rms 0.0663   16.38 ms | p=(  -10.61  -175.69   6.20) v=7.72 m/s [KF]
[lio] t=1317400994.363 | feat 2185/8059 | map  12861 | icp ok  iter  4 corr  1744 rms 0.0619   12.76 ms | p=(  -10.15  -176.34   6.24) v=7.72 m/s
[lio] t=1317400994.467 | feat 2067/8070 | map  12861 | icp ok  iter  4 corr  1571 rms 0.0578   10.82 ms | p=(   -9.68  -177.01   6.28) v=7.88 m/s [KF]
[lio] t=1317400994.571 | feat 2116/8112 | map  12998 | icp ok  iter  5 corr  1658 rms 0.0903   14.71 ms | p=(   -9.21  -177.70   6.32) v=7.99 m/s
[lio] t=1317400994.675 | feat 2061/8080 | map  12998 | icp ok  iter  5 corr  1506 rms 0.0727   14.03 ms | p=(   -8.73  -178.40   6.36) v=8.10 m/s [KF]
[lio] t=1317400994.779 | feat 2073/8011 | map  13153 | icp ok  iter  5 corr  1658 rms 0.0663   15.71 ms | p=(   -8.27  -179.10   6.41) v=8.14 m/s
[lio] t=1317400994.883 | feat 2005/8020 | map  13153 | icp ok  iter  5 corr  1545 rms 0.0853   14.54 ms | p=(   -7.79  -179.81   6.43) v=8.25 m/s [KF]
[lio] t=1317400994.987 | feat 1987/8047 | map  13200 | icp ok  iter  4 corr  1515 rms 0.0533   10.12 ms | p=(   -7.32  -180.53   6.47) v=8.24 m/s
[lio] t=1317400995.091 | feat 2116/7839 | map  13200 | icp ok  iter  4 corr  1579 rms 0.0771   12.60 ms | p=(   -6.85  -181.25   6.53) v=8.23 m/s [KF]
[lio] t=1317400995.195 | feat 1974/7685 | map  13263 | icp ok  iter  4 corr  1541 rms 0.0810   12.15 ms | p=(   -6.39  -181.96   6.58) v=8.10 m/s
[lio] t=1317400995.299 | feat 1943/7366 | map  13263 | icp ok  iter  4 corr  1516 rms 0.0708   11.45 ms | p=(   -5.94  -182.69   6.62) v=8.13 m/s [KF]
[lio] t=1317400995.403 | feat 1926/7409 | map  13304 | icp ok  iter  4 corr  1494 rms 0.0658   11.11 ms | p=(   -5.48  -183.41   6.66) v=8.20 m/s
[lio] t=1317400995.507 | feat 1769/7429 | map  13304 | icp ok  iter  4 corr  1362 rms 0.0723    9.73 ms | p=(   -5.02  -184.13   6.70) v=8.17 m/s [KF]
[lio] t=1317400995.611 | feat 2045/7568 | map  13185 | icp ok  iter  4 corr  1601 rms 0.0607   11.54 ms | p=(   -4.56  -184.86   6.76) v=8.22 m/s
[lio] t=1317400995.715 | feat 1879/7580 | map  13185 | icp ok  iter  4 corr  1430 rms 0.0765   10.02 ms | p=(   -4.11  -185.58   6.81) v=8.16 m/s [KF]
[lio] t=1317400995.819 | feat 1983/7581 | map  13044 | icp ok  iter  4 corr  1491 rms 0.0781   10.43 ms | p=(   -3.66  -186.30   6.87) v=8.10 m/s
[lio] t=1317400995.923 | feat 1791/7425 | map  13044 | icp ok  iter  4 corr  1324 rms 0.0699    9.74 ms | p=(   -3.23  -187.00   6.91) v=7.93 m/s [KF]
[lio] t=1317400996.027 | feat 1917/7308 | map  12878 | icp ok  iter  4 corr  1502 rms 0.0636   11.02 ms | p=(   -2.78  -187.72   6.97) v=8.01 m/s
[lio] t=1317400996.131 | feat 1987/7339 | map  12878 | icp ok  iter  4 corr  1520 rms 0.0633   11.49 ms | p=(   -2.33  -188.42   7.01) v=7.94 m/s [KF]
[lio] t=1317400996.235 | feat 1938/7341 | map  12751 | icp ok  iter  5 corr  1508 rms 0.0712   13.84 ms | p=(   -1.88  -189.13   7.05) v=7.96 m/s
[lio] t=1317400996.339 | feat 1878/7371 | map  12751 | icp ok  iter  4 corr  1386 rms 0.0646   10.48 ms | p=(   -1.45  -189.82   7.10) v=7.85 m/s [KF]
[lio] t=1317400996.443 | feat 1830/7400 | map  12554 | icp ok  iter  5 corr  1388 rms 0.0663   13.10 ms | p=(   -1.00  -190.52   7.13) v=7.86 m/s
[lio] t=1317400996.547 | feat 1911/7387 | map  12554 | icp ok  iter  4 corr  1426 rms 0.0773   10.19 ms | p=(   -0.57  -191.21   7.19) v=7.74 m/s [KF]
[lio] t=1317400996.651 | feat 1914/7312 | map  12326 | icp ok  iter  4 corr  1456 rms 0.0510   10.23 ms | p=(   -0.13  -191.90   7.24) v=7.71 m/s
[lio] t=1317400996.755 | feat 1931/7240 | map  12326 | icp ok  iter  5 corr  1456 rms 0.0664   13.76 ms | p=(    0.28  -192.55   7.27) v=7.37 m/s [KF]
[lio] t=1317400996.859 | feat 1866/7080 | map  12052 | icp ok  iter  4 corr  1405 rms 0.0550   10.98 ms | p=(    0.68  -193.19   7.32) v=7.12 m/s
[lio] t=1317400996.963 | feat 2111/7051 | map  12052 | icp ok  iter  4 corr  1639 rms 0.0602   12.68 ms | p=(    1.08  -193.84   7.34) v=7.09 m/s [KF]
[lio] t=1317400997.067 | feat 2122/6978 | map  11879 | icp ok  iter  4 corr  1647 rms 0.0512   12.21 ms | p=(    1.46  -194.44   7.39) v=6.76 m/s
[lio] t=1317400997.171 | feat 2136/7055 | map  11879 | icp ok  iter  4 corr  1594 rms 0.0592   11.81 ms | p=(    1.83  -195.04   7.42) v=6.60 m/s [KF]
[lio] t=1317400997.275 | feat 2142/7129 | map  11759 | icp ok  iter  5 corr  1634 rms 0.0541   13.56 ms | p=(    2.17  -195.60   7.45) v=6.21 m/s
[lio] t=1317400997.379 | feat 2383/7368 | map  11759 | icp ok  iter  4 corr  1819 rms 0.0672   13.96 ms | p=(    2.50  -196.16   7.50) v=6.01 m/s [KF]
[lio] t=1317400997.483 | feat 2472/7572 | map  11673 | icp ok  iter  3 corr  1942 rms 0.0554   10.96 ms | p=(    2.81  -196.68   7.54) v=5.69 m/s
[lio] t=1317400997.587 | feat 2464/7730 | map  11673 | icp ok  iter  3 corr  1905 rms 0.0788   11.01 ms | p=(    3.11  -197.19   7.58) v=5.45 m/s [KF]
[lio] t=1317400997.691 | feat 2550/7804 | map  11590 | icp ok  iter  4 corr  2018 rms 0.0523   13.98 ms | p=(    3.39  -197.67   7.61) v=5.14 m/s
[lio] t=1317400997.795 | feat 2673/8011 | map  11590 | icp ok  iter  3 corr  2106 rms 0.0641   10.84 ms | p=(    3.65  -198.12   7.64) v=4.81 m/s [KF]
[lio] t=1317400997.899 | feat 2661/8008 | map  11653 | icp ok  iter  4 corr  2155 rms 0.0498   14.81 ms | p=(    3.89  -198.54   7.66) v=4.52 m/s
[lio] t=1317400998.003 | feat 2691/8144 | map  11653 | icp ok  iter  4 corr  2124 rms 0.0561   15.72 ms | p=(    4.12  -198.96   7.68) v=4.35 m/s
[lio] t=1317400998.107 | feat 2866/8305 | map  11653 | icp ok  iter  4 corr  2245 rms 0.0642   16.67 ms | p=(    4.34  -199.34   7.70) v=4.11 m/s [KF]
[lio] t=1317400998.211 | feat 2785/8473 | map  11762 | icp ok  iter  3 corr  2243 rms 0.0451   11.90 ms | p=(    4.55  -199.71   7.72) v=3.89 m/s
[lio] t=1317400998.315 | feat 2860/8671 | map  11762 | icp ok  iter  4 corr  2232 rms 0.0495   15.14 ms | p=(    4.75  -200.06   7.74) v=3.78 m/s
[lio] t=1317400998.418 | feat 2881/8767 | map  11762 | icp ok  iter  4 corr  2243 rms 0.0713   16.26 ms | p=(    4.94  -200.39   7.76) v=3.52 m/s [KF]
[lio] t=1317400998.522 | feat 2840/8760 | map  11860 | icp ok  iter  3 corr  2300 rms 0.0576   11.45 ms | p=(    5.12  -200.71   7.78) v=3.35 m/s
[lio] t=1317400998.626 | feat 2865/8852 | map  11860 | icp ok  iter  4 corr  2352 rms 0.0514   15.23 ms | p=(    5.28  -201.01   7.79) v=3.18 m/s
[lio] t=1317400998.730 | feat 2806/8853 | map  11860 | icp ok  iter  3 corr  2276 rms 0.0470   11.04 ms | p=(    5.44  -201.30   7.81) v=3.07 m/s [KF]
[lio] t=1317400998.834 | feat 2922/9005 | map  11832 | icp ok  iter  4 corr  2389 rms 0.0501   17.17 ms | p=(    5.60  -201.59   7.82) v=3.06 m/s
[lio] t=1317400998.938 | feat 2993/9080 | map  11832 | icp ok  iter  3 corr  2456 rms 0.0516   13.98 ms | p=(    5.76  -201.88   7.83) v=3.07 m/s
[lio] t=1317400999.042 | feat 2913/9148 | map  11832 | icp ok  iter  3 corr  2346 rms 0.0515   13.31 ms | p=(    5.91  -202.17   7.84) v=3.09 m/s
[lio] t=1317400999.146 | feat 2993/9223 | map  11832 | icp ok  iter  3 corr  2356 rms 0.0500   14.32 ms | p=(    6.07  -202.44   7.85) v=2.99 m/s [KF]
[lio] t=1317400999.250 | feat 2916/9220 | map  11786 | icp ok  iter  4 corr  2424 rms 0.0473   16.68 ms | p=(    6.22  -202.72   7.86) v=3.01 m/s
[lio] t=1317400999.354 | feat 2915/9268 | map  11786 | icp ok  iter  4 corr  2425 rms 0.0437   15.48 ms | p=(    6.37  -203.00   7.87) v=2.97 m/s
[lio] t=1317400999.457 | feat 2905/9291 | map  11786 | icp ok  iter  4 corr  2418 rms 0.0669   18.96 ms | p=(    6.52  -203.29   7.89) v=3.00 m/s
[lio] t=1317400999.561 | feat 2842/9355 | map  11786 | icp ok  iter  3 corr  2328 rms 0.0519   12.72 ms | p=(    6.66  -203.55   7.91) v=2.90 m/s [KF]
[lio] t=1317400999.665 | feat 2832/9316 | map  11657 | icp ok  iter  4 corr  2388 rms 0.0477   16.80 ms | p=(    6.81  -203.83   7.92) v=2.91 m/s
[lio] t=1317400999.769 | feat 2881/9397 | map  11657 | icp ok  iter  3 corr  2442 rms 0.0571   12.81 ms | p=(    6.95  -204.09   7.93) v=2.86 m/s
[lio] t=1317400999.873 | feat 2945/9460 | map  11657 | icp ok  iter  4 corr  2476 rms 0.0501   17.60 ms | p=(    7.10  -204.38   7.95) v=2.95 m/s
[lio] t=1317400999.977 | feat 2928/9389 | map  11657 | icp ok  iter  3 corr  2451 rms 0.0612   13.31 ms | p=(    7.24  -204.63   7.96) v=2.87 m/s [KF]
[lio] t=1317401000.080 | feat 2975/9375 | map  11680 | icp ok  iter  3 corr  2504 rms 0.0526   13.60 ms | p=(    7.39  -204.90   7.98) v=2.90 m/s
[lio] t=1317401000.184 | feat 2816/9266 | map  11680 | icp ok  iter  3 corr  2365 rms 0.0619   13.60 ms | p=(    7.55  -205.19   7.99) v=3.08 m/s
[lio] t=1317401000.288 | feat 2923/9282 | map  11680 | icp ok  iter  4 corr  2417 rms 0.0548   16.39 ms | p=(    7.71  -205.48   8.00) v=3.20 m/s
[lio] t=1317401000.392 | feat 2834/9227 | map  11680 | icp ok  iter  4 corr  2285 rms 0.0575   17.17 ms | p=(    7.88  -205.78   8.01) v=3.36 m/s [KF]
[lio] t=1317401000.495 | feat 2821/9241 | map  11750 | icp ok  iter  3 corr  2401 rms 0.0485   13.23 ms | p=(    8.06  -206.09   8.03) v=3.48 m/s
[lio] t=1317401000.599 | feat 2828/9361 | map  11750 | icp ok  iter  3 corr  2389 rms 0.0549   11.93 ms | p=(    8.25  -206.41   8.06) v=3.60 m/s
[lio] t=1317401000.703 | feat 2791/9357 | map  11750 | icp ok  iter  4 corr  2355 rms 0.0523   15.74 ms | p=(    8.44  -206.74   8.08) v=3.73 m/s [KF]
[lio] t=1317401000.807 | feat 2845/9368 | map  11808 | icp ok  iter  4 corr  2447 rms 0.0557   15.92 ms | p=(    8.66  -207.09   8.10) v=3.95 m/s
[lio] t=1317401000.910 | feat 2778/9402 | map  11808 | icp ok  iter  3 corr  2443 rms 0.0537   13.40 ms | p=(    8.89  -207.45   8.12) v=4.12 m/s
[lio] t=1317401001.014 | feat 2811/9501 | map  11808 | icp ok  iter  3 corr  2429 rms 0.0507   13.28 ms | p=(    9.13  -207.82   8.15) v=4.30 m/s [KF]
[lio] t=1317401001.118 | feat 2835/9407 | map  11871 | icp ok  iter  3 corr  2440 rms 0.0549   13.06 ms | p=(    9.38  -208.19   8.17) v=4.43 m/s
[lio] t=1317401001.222 | feat 2928/9482 | map  11871 | icp ok  iter  3 corr  2501 rms 0.0499   12.60 ms | p=(    9.64  -208.58   8.19) v=4.59 m/s
[lio] t=1317401001.325 | feat 2841/9491 | map  11871 | icp ok  iter  4 corr  2396 rms 0.0565   16.48 ms | p=(    9.93  -208.99   8.21) v=4.83 m/s [KF]
[lio] t=1317401001.429 | feat 3026/9515 | map  11911 | icp ok  iter  4 corr  2617 rms 0.0510   17.86 ms | p=(   10.23  -209.41   8.24) v=5.00 m/s
[lio] t=1317401001.533 | feat 3104/9484 | map  11911 | icp ok  iter  3 corr  2674 rms 0.0514   14.18 ms | p=(   10.54  -209.84   8.26) v=5.18 m/s [KF]
[lio] t=1317401001.637 | feat 2897/9379 | map  11998 | icp ok  iter  3 corr  2509 rms 0.0495   12.08 ms | p=(   10.86  -210.28   8.28) v=5.35 m/s
[lio] t=1317401001.741 | feat 3012/9301 | map  11998 | icp ok  iter  3 corr  2628 rms 0.0599   14.17 ms | p=(   11.20  -210.75   8.30) v=5.57 m/s [KF]
[lio] t=1317401001.845 | feat 2994/9255 | map  11983 | icp ok  iter  4 corr  2598 rms 0.0457   16.54 ms | p=(   11.55  -211.24   8.32) v=5.79 m/s
[lio] t=1317401001.949 | feat 3103/9201 | map  11983 | icp ok  iter  3 corr  2690 rms 0.0530   13.75 ms | p=(   11.92  -211.74   8.33) v=6.02 m/s [KF]
[lio] t=1317401002.053 | feat 2935/9036 | map  12025 | icp ok  iter  4 corr  2535 rms 0.0535   14.96 ms | p=(   12.30  -212.25   8.39) v=6.16 m/s
[lio] t=1317401002.157 | feat 3071/8810 | map  12025 | icp ok  iter  4 corr  2640 rms 0.0695   17.83 ms | p=(   12.69  -212.79   8.42) v=6.40 m/s [KF]
[lio] t=1317401002.261 | feat 3107/8680 | map  12111 | icp ok  iter  5 corr  2697 rms 0.0532   22.96 ms | p=(   13.09  -213.32   8.44) v=6.53 m/s
[lio] t=1317401002.365 | feat 2846/8560 | map  12111 | icp ok  iter  5 corr  2471 rms 0.0576   20.78 ms | p=(   13.50  -213.88   8.47) v=6.72 m/s [KF]
[lio] t=1317401002.469 | feat 2632/8308 | map  12123 | icp ok  iter  5 corr  2225 rms 0.0652   20.65 ms | p=(   13.94  -214.46   8.50) v=6.99 m/s
[lio] t=1317401002.573 | feat 2619/7812 | map  12123 | icp ok  iter  5 corr  2253 rms 0.0670   18.93 ms | p=(   14.37  -215.04   8.54) v=7.03 m/s [KF]
[lio] t=1317401002.676 | feat 2582/7729 | map  12225 | icp ok  iter  5 corr  2175 rms 0.0598   19.72 ms | p=(   14.81  -215.67   8.59) v=7.34 m/s
[lio] t=1317401002.780 | feat 2535/7580 | map  12225 | icp ok  iter  3 corr  2151 rms 0.0531   11.38 ms | p=(   15.25  -216.28   8.63) v=7.36 m/s [KF]
[lio] t=1317401002.884 | feat 2453/7269 | map  12243 | icp ok  iter  5 corr  2059 rms 0.0545   18.79 ms | p=(   15.71  -216.92   8.66) v=7.60 m/s
[lio] t=1317401002.988 | feat 2397/7114 | map  12243 | icp ok  iter  4 corr  2007 rms 0.0520   13.55 ms | p=(   16.18  -217.58   8.69) v=7.80 m/s [KF]
[lio] t=1317401003.092 | feat 2369/7091 | map  12222 | icp ok  iter  3 corr  2024 rms 0.0576   10.51 ms | p=(   16.64  -218.24   8.72) v=7.83 m/s
[lio] t=1317401003.196 | feat 2250/6729 | map  12222 | icp ok  iter  4 corr  1867 rms 0.0520   13.36 ms | p=(   17.14  -218.93   8.77) v=8.12 m/s [KF]
[lio] t=1317401003.300 | feat 2149/6647 | map  12198 | icp ok  iter  4 corr  1773 rms 0.0488   11.28 ms | p=(   17.63  -219.62   8.80) v=8.19 m/s
[lio] t=1317401003.404 | feat 2047/6500 | map  12198 | icp ok  iter  5 corr  1679 rms 0.0604   15.88 ms | p=(   18.11  -220.32   8.84) v=8.29 m/s [KF]
[lio] t=1317401003.508 | feat 2083/6451 | map  12208 | icp ok  iter  3 corr  1731 rms 0.0596   10.02 ms | p=(   18.61  -221.02   8.87) v=8.33 m/s
[lio] t=1317401003.612 | feat 2086/6195 | map  12208 | icp ok  iter  4 corr  1662 rms 0.0598   11.77 ms | p=(   19.13  -221.75   8.92) v=8.56 m/s [KF]
[lio] t=1317401003.716 | feat 2024/6122 | map  12286 | icp ok  iter  3 corr  1659 rms 0.0628    9.37 ms | p=(   19.65  -222.48   8.96) v=8.68 m/s
[lio] t=1317401003.820 | feat 1867/5933 | map  12286 | icp ok  iter  4 corr  1460 rms 0.0545   10.45 ms | p=(   20.18  -223.24   8.99) v=8.89 m/s [KF]
[lio] t=1317401003.924 | feat 1875/5876 | map  12311 | icp ok  iter  3 corr  1504 rms 0.0802    8.67 ms | p=(   20.71  -224.01   9.03) v=9.01 m/s
[lio] t=1317401004.028 | feat 1807/5851 | map  12311 | icp ok  iter  4 corr  1387 rms 0.0866    8.90 ms | p=(   21.25  -224.80   9.07) v=9.21 m/s [KF]
[lio] t=1317401004.132 | feat 1830/5809 | map  12440 | icp ok  iter  4 corr  1536 rms 0.0501   10.33 ms | p=(   21.80  -225.59   9.10) v=9.30 m/s
[lio] t=1317401004.236 | feat 1943/5962 | map  12440 | icp ok  iter  5 corr  1585 rms 0.0642   13.88 ms | p=(   22.35  -226.38   9.13) v=9.32 m/s [KF]
[lio] t=1317401004.339 | feat 1911/6055 | map  12577 | icp ok  iter  4 corr  1578 rms 0.0558   11.02 ms | p=(   22.91  -227.18   9.18) v=9.41 m/s
[lio] t=1317401004.443 | feat 2042/6184 | map  12577 | icp ok  iter  3 corr  1657 rms 0.0609    9.42 ms | p=(   23.47  -227.98   9.23) v=9.48 m/s [KF]
[lio] t=1317401004.547 | feat 2060/6287 | map  12714 | icp ok  iter  4 corr  1688 rms 0.0589   13.24 ms | p=(   24.05  -228.82   9.27) v=9.67 m/s [KF]
[lio] t=1317401004.651 | feat 1901/6352 | map  12717 | icp ok  iter  3 corr  1598 rms 0.0505    8.50 ms | p=(   24.62  -229.63   9.30) v=9.68 m/s [KF]
[lio] t=1317401004.755 | feat 2040/6543 | map  12696 | icp ok  iter  4 corr  1689 rms 0.0674   11.33 ms | p=(   25.20  -230.47   9.35) v=9.78 m/s [KF]
[lio] t=1317401004.859 | feat 2092/6786 | map  12740 | icp ok  iter  3 corr  1732 rms 0.0762    8.64 ms | p=(   25.79  -231.31   9.39) v=9.86 m/s [KF]
[lio] t=1317401004.962 | feat 2264/6730 | map  12728 | icp ok  iter  4 corr  1930 rms 0.0871   12.84 ms | p=(   26.37  -232.14   9.43) v=9.75 m/s [KF]
[lio] t=1317401005.066 | feat 2085/6734 | map  12718 | icp ok  iter  4 corr  1788 rms 0.0632   13.91 ms | p=(   26.97  -232.99   9.49) v=9.90 m/s [KF]
[lio] t=1317401005.170 | feat 2101/6593 | map  12631 | icp ok  iter  3 corr  1772 rms 0.0607    9.71 ms | p=(   27.55  -233.82   9.52) v=9.77 m/s [KF]
[lio] t=1317401005.274 | feat 2090/6652 | map  12511 | icp ok  iter  4 corr  1815 rms 0.0525   11.43 ms | p=(   28.16  -234.66   9.56) v=9.85 m/s [KF]
[lio] t=1317401005.378 | feat 2095/6756 | map  12362 | icp ok  iter  4 corr  1786 rms 0.0504   12.29 ms | p=(   28.74  -235.48   9.60) v=9.76 m/s [KF]
[lio] t=1317401005.481 | feat 2066/6748 | map  12185 | icp ok  iter  4 corr  1709 rms 0.0645   11.82 ms | p=(   29.33  -236.29   9.64) v=9.67 m/s [KF]
[lio] t=1317401005.585 | feat 2366/6772 | map  12008 | icp ok  iter  4 corr  2013 rms 0.0541   13.82 ms | p=(   29.93  -237.13   9.69) v=9.79 m/s [KF]
[lio] t=1317401005.689 | feat 2226/6696 | map  11814 | icp ok  iter  4 corr  1896 rms 0.0495   11.85 ms | p=(   30.52  -237.94   9.71) v=9.71 m/s [KF]
[lio] t=1317401005.793 | feat 2302/6602 | map  11539 | icp ok  iter  3 corr  1945 rms 0.0480    9.48 ms | p=(   31.12  -238.76   9.74) v=9.71 m/s [KF]
[lio] t=1317401005.897 | feat 2214/6709 | map  11182 | icp ok  iter  4 corr  1866 rms 0.0575   12.96 ms | p=(   31.72  -239.58   9.78) v=9.70 m/s [KF]
[lio] t=1317401006.000 | feat 2234/6744 | map  10802 | icp ok  iter  5 corr  1940 rms 0.0591   16.59 ms | p=(   32.33  -240.41   9.83) v=9.76 m/s [KF]
[lio] t=1317401006.104 | feat 2207/6665 | map  10364 | icp ok  iter  4 corr  1907 rms 0.0529   13.17 ms | p=(   32.92  -241.23   9.85) v=9.76 m/s [KF]
[lio] t=1317401006.208 | feat 2159/6514 | map  10031 | icp ok  iter  3 corr  1882 rms 0.0763    8.74 ms | p=(   33.52  -242.05   9.89) v=9.69 m/s [KF]
[lio] t=1317401006.312 | feat 2193/6405 | map   9768 | icp ok  iter  4 corr  1945 rms 0.0468   12.24 ms | p=(   34.11  -242.87   9.94) v=9.69 m/s [KF]
[lio] t=1317401006.415 | feat 2049/6363 | map   9549 | icp ok  iter  3 corr  1812 rms 0.0473    9.53 ms | p=(   34.70  -243.67   9.98) v=9.59 m/s
[lio] t=1317401006.519 | feat 2148/6327 | map   9549 | icp ok  iter  4 corr  1911 rms 0.0548   13.37 ms | p=(   35.29  -244.48  10.02) v=9.61 m/s [KF]
[lio] t=1317401006.623 | feat 2232/6314 | map   9391 | icp ok  iter  3 corr  1961 rms 0.0419    9.34 ms | p=(   35.88  -245.30  10.07) v=9.60 m/s [KF]
[lio] t=1317401006.727 | feat 2268/6366 | map   9294 | icp ok  iter  3 corr  2020 rms 0.0509    9.55 ms | p=(   36.46  -246.10  10.12) v=9.51 m/s
[lio] t=1317401006.831 | feat 2187/6298 | map   9294 | icp ok  iter  4 corr  1854 rms 0.0688   11.95 ms | p=(   37.04  -246.89  10.16) v=9.45 m/s [KF]
[lio] t=1317401006.934 | feat 2271/6275 | map   9264 | icp ok  iter  4 corr  2017 rms 0.0548   14.16 ms | p=(   37.63  -247.71  10.20) v=9.55 m/s [KF]
[lio] t=1317401007.038 | feat 2277/6360 | map   9271 | icp ok  iter  4 corr  2001 rms 0.0457   12.58 ms | p=(   38.20  -248.50  10.25) v=9.42 m/s
[lio] t=1317401007.142 | feat 2225/6331 | map   9271 | icp ok  iter  4 corr  1930 rms 0.0488   13.73 ms | p=(   38.78  -249.29  10.29) v=9.37 m/s [KF]
[lio] t=1317401007.246 | feat 2235/6359 | map   9351 | icp ok  iter  3 corr  1982 rms 0.0517    9.51 ms | p=(   39.35  -250.08  10.33) v=9.32 m/s
[lio] t=1317401007.350 | feat 2224/6351 | map   9351 | icp ok  iter  4 corr  1951 rms 0.0726   12.32 ms | p=(   39.92  -250.87  10.37) v=9.31 m/s [KF]
[lio] t=1317401007.453 | feat 2077/6279 | map   9446 | icp ok  iter  4 corr  1807 rms 0.0562   13.23 ms | p=(   40.49  -251.64  10.40) v=9.25 m/s
[lio] t=1317401007.557 | feat 2046/6314 | map   9446 | icp ok  iter  3 corr  1739 rms 0.0834    9.07 ms | p=(   41.05  -252.44  10.45) v=9.30 m/s [KF]
[lio] t=1317401007.661 | feat 2110/6203 | map   9534 | icp ok  iter  4 corr  1789 rms 0.0777   13.56 ms | p=(   41.64  -253.24  10.49) v=9.41 m/s
[lio] t=1317401007.765 | feat 2129/6142 | map   9534 | icp ok  iter  4 corr  1796 rms 0.0981   12.83 ms | p=(   42.19  -254.00  10.53) v=9.19 m/s [KF]
[lio] t=1317401007.869 | feat 1975/5998 | map   9682 | icp ok  iter  4 corr  1676 rms 0.0580   11.49 ms | p=(   42.76  -254.80  10.56) v=9.27 m/s
[lio] t=1317401007.972 | feat 2113/6030 | map   9682 | icp ok  iter  4 corr  1715 rms 0.0986   12.43 ms | p=(   43.31  -255.58  10.60) v=9.18 m/s [KF]
[lio] t=1317401008.076 | feat 2114/6087 | map   9889 | icp ok  iter  4 corr  1786 rms 0.0619   12.34 ms | p=(   43.88  -256.36  10.65) v=9.21 m/s
[lio] t=1317401008.180 | feat 2108/6163 | map   9889 | icp ok  iter  4 corr  1745 rms 0.0550   11.72 ms | p=(   44.42  -257.15  10.67) v=9.16 m/s [KF]
[lio] t=1317401008.284 | feat 2035/6229 | map  10004 | icp ok  iter  4 corr  1697 rms 0.0550   11.33 ms | p=(   44.96  -257.92  10.71) v=9.07 m/s
[lio] t=1317401008.388 | feat 2083/6250 | map  10004 | icp ok  iter  4 corr  1647 rms 0.0732   11.61 ms | p=(   45.50  -258.71  10.74) v=9.14 m/s [KF]
[lio] t=1317401008.492 | feat 2167/6168 | map  10143 | icp ok  iter  4 corr  1744 rms 0.0663   12.07 ms | p=(   46.05  -259.50  10.79) v=9.18 m/s
[lio] t=1317401008.596 | feat 2009/6069 | map  10143 | icp ok  iter  3 corr  1533 rms 0.0565    8.38 ms | p=(   46.58  -260.28  10.84) v=9.07 m/s [KF]
[lio] t=1317401008.699 | feat 2161/6162 | map  10235 | icp ok  iter  4 corr  1723 rms 0.0648   11.34 ms | p=(   47.11  -261.07  10.86) v=9.06 m/s
[lio] t=1317401008.803 | feat 2081/6225 | map  10235 | icp ok  iter  4 corr  1527 rms 0.0536   10.71 ms | p=(   47.62  -261.85  10.89) v=9.01 m/s [KF]
[lio] t=1317401008.907 | feat 2101/6275 | map  10389 | icp ok  iter  4 corr  1591 rms 0.0570   10.42 ms | p=(   48.14  -262.64  10.95) v=9.04 m/s
[lio] t=1317401009.011 | feat 2019/6286 | map  10389 | icp ok  iter  4 corr  1520 rms 0.0695   10.50 ms | p=(   48.65  -263.44  10.99) v=9.07 m/s [KF]
[lio] t=1317401009.115 | feat 1919/6206 | map  10409 | icp ok  iter  4 corr  1563 rms 0.0554   11.45 ms | p=(   49.18  -264.23  11.02) v=9.11 m/s
[lio] t=1317401009.218 | feat 1868/5988 | map  10409 | icp ok  iter  3 corr  1477 rms 0.0673    7.89 ms | p=(   49.69  -265.03  11.05) v=9.08 m/s [KF]
[lio] t=1317401009.322 | feat 1812/5929 | map  10439 | icp ok  iter  4 corr  1413 rms 0.0522    8.95 ms | p=(   50.21  -265.82  11.09) v=9.11 m/s
[lio] t=1317401009.426 | feat 1892/5857 | map  10439 | icp ok  iter  3 corr  1403 rms 0.0897    8.23 ms | p=(   50.73  -266.62  11.14) v=9.18 m/s [KF]
[lio] t=1317401009.530 | feat 1902/5720 | map  10393 | icp ok  iter  4 corr  1471 rms 0.0556   10.17 ms | p=(   51.24  -267.42  11.16) v=9.10 m/s
[lio] t=1317401009.633 | feat 1748/5684 | map  10393 | icp ok  iter  3 corr  1321 rms 0.0781    7.15 ms | p=(   51.76  -268.21  11.19) v=9.09 m/s [KF]
[lio] t=1317401009.737 | feat 1818/5859 | map  10422 | icp ok  iter 12 corr  1397 rms 0.0528   29.05 ms | p=(   52.28  -269.01  11.23) v=9.13 m/s
[lio] t=1317401009.841 | feat 1700/5885 | map  10422 | icp ok  iter  4 corr  1264 rms 0.0605    9.24 ms | p=(   52.78  -269.78  11.26) v=8.93 m/s [KF]
[lio] t=1317401009.945 | feat 1713/5948 | map  10431 | icp ok  iter  4 corr  1304 rms 0.0620    9.43 ms | p=(   53.30  -270.59  11.28) v=9.10 m/s
[lio] t=1317401010.049 | feat 1737/5918 | map  10431 | icp ok  iter  3 corr  1262 rms 0.0641    6.85 ms | p=(   53.81  -271.39  11.31) v=9.07 m/s [KF]
[lio] t=1317401010.153 | feat 1866/6000 | map  10521 | icp ok  iter  4 corr  1407 rms 0.0485    9.40 ms | p=(   54.31  -272.18  11.34) v=9.02 m/s
[lio] t=1317401010.257 | feat 1808/6050 | map  10521 | icp ok  iter  3 corr  1328 rms 0.0617    7.82 ms | p=(   54.81  -272.98  11.37) v=9.00 m/s [KF]
[lio] t=1317401010.360 | feat 1779/6203 | map  10599 | icp ok  iter  6 corr  1380 rms 0.0556   14.07 ms | p=(   55.32  -273.78  11.41) v=9.04 m/s
[lio] t=1317401010.464 | feat 1688/6421 | map  10599 | icp ok  iter  4 corr  1289 rms 0.0550    9.09 ms | p=(   55.82  -274.57  11.45) v=9.01 m/s [KF]
[lio] t=1317401010.568 | feat 1881/6483 | map  10622 | icp ok  iter  4 corr  1369 rms 0.0627   10.06 ms | p=(   56.32  -275.36  11.48) v=8.92 m/s
[lio] t=1317401010.672 | feat 1691/6454 | map  10622 | icp ok  iter  4 corr  1204 rms 0.0582    8.56 ms | p=(   56.81  -276.14  11.51) v=8.87 m/s [KF]
[lio] t=1317401010.776 | feat 1753/6331 | map  10620 | icp ok  iter  4 corr  1257 rms 0.0538    8.77 ms | p=(   57.29  -276.92  11.54) v=8.77 m/s
[lio] t=1317401010.880 | feat 1828/6287 | map  10620 | icp ok  iter  4 corr  1262 rms 0.0571    8.23 ms | p=(   57.78  -277.69  11.58) v=8.65 m/s [KF]
[lio] t=1317401010.983 | feat 1765/6364 | map  10723 | icp ok  iter  3 corr  1281 rms 0.0585    6.68 ms | p=(   58.25  -278.46  11.62) v=8.59 m/s
[lio] t=1317401011.087 | feat 1865/6364 | map  10723 | icp ok  iter  6 corr  1362 rms 0.0600   14.24 ms | p=(   58.72  -279.21  11.66) v=8.43 m/s [KF]
[lio] t=1317401011.191 | feat 1961/6299 | map  10783 | icp ok  iter  4 corr  1423 rms 0.0664   10.42 ms | p=(   59.18  -279.95  11.69) v=8.29 m/s
[lio] t=1317401011.295 | feat 2034/6191 | map  10783 | icp ok  iter  3 corr  1434 rms 0.0868    9.04 ms | p=(   59.63  -280.66  11.72) v=8.07 m/s [KF]
[lio] t=1317401011.399 | feat 2015/6094 | map  10811 | icp ok  iter  4 corr  1484 rms 0.0788   11.72 ms | p=(   60.09  -281.39  11.74) v=8.03 m/s
[lio] t=1317401011.502 | feat 1968/6080 | map  10811 | icp ok  iter  3 corr  1409 rms 0.0619    8.18 ms | p=(   60.53  -282.07  11.78) v=7.73 m/s [KF]
[lio] t=1317401011.606 | feat 2242/6098 | map  10860 | icp ok  iter  3 corr  1616 rms 0.0559    8.85 ms | p=(   60.96  -282.74  11.81) v=7.56 m/s
[lio] t=1317401011.710 | feat 2249/6301 | map  10860 | icp ok  iter  4 corr  1629 rms 0.0659   13.03 ms | p=(   61.38  -283.41  11.85) v=7.41 m/s [KF]
[lio] t=1317401011.814 | feat 2348/6572 | map  10888 | icp ok  iter  5 corr  1708 rms 0.0528   14.80 ms | p=(   61.81  -284.06  11.87) v=7.28 m/s
[lio] t=1317401011.918 | feat 2458/6680 | map  10888 | icp ok  iter  4 corr  1757 rms 0.0607   14.10 ms | p=(   62.20  -284.65  11.89) v=6.83 m/s [KF]
[lio] t=1317401012.021 | feat 2283/6750 | map  10956 | icp ok  iter  4 corr  1662 rms 0.0575   11.95 ms | p=(   62.59  -285.24  11.90) v=6.63 m/s
[lio] t=1317401012.125 | feat 2272/6905 | map  10956 | icp ok  iter  4 corr  1590 rms 0.0497   12.08 ms | p=(   62.98  -285.80  11.94) v=6.44 m/s [KF]
[lio] t=1317401012.229 | feat 2404/7181 | map  10887 | icp ok  iter  4 corr  1768 rms 0.0547   12.86 ms | p=(   63.36  -286.36  11.96) v=6.39 m/s
[lio] t=1317401012.333 | feat 2393/7219 | map  10887 | icp ok  iter  5 corr  1697 rms 0.0699   16.90 ms | p=(   63.72  -286.90  11.99) v=6.19 m/s [KF]
[lio] t=1317401012.437 | feat 2403/7508 | map  10835 | icp ok  iter  5 corr  1793 rms 0.0614   17.19 ms | p=(   64.07  -287.44  12.01) v=6.12 m/s
[lio] t=1317401012.542 | feat 2349/7569 | map  10835 | icp ok  iter  4 corr  1691 rms 0.0712   13.47 ms | p=(   64.42  -287.97  12.02) v=6.02 m/s [KF]
[lio] t=1317401012.646 | feat 2346/7646 | map  10700 | icp ok  iter  4 corr  1653 rms 0.0748   13.32 ms | p=(   64.75  -288.50  12.05) v=5.90 m/s
[lio] t=1317401012.750 | feat 2447/7720 | map  10700 | icp ok  iter  4 corr  1728 rms 0.0819   14.34 ms | p=(   65.06  -289.03  12.08) v=5.82 m/s [KF]
[lio] t=1317401012.854 | feat 2454/7750 | map  10699 | icp ok  iter  6 corr  1750 rms 0.1060   19.89 ms | p=(   65.37  -289.56  12.11) v=5.73 m/s
[lio] t=1317401012.959 | feat 2591/7871 | map  10699 | icp ok  iter  5 corr  1809 rms 0.0749   17.24 ms | p=(   65.64  -290.05  12.12) v=5.34 m/s [KF]
[lio] t=1317401013.063 | feat 2695/7997 | map  10703 | icp ok  iter  4 corr  1979 rms 0.0815   15.70 ms | p=(   65.90  -290.57  12.14) v=5.35 m/s
[lio] t=1317401013.167 | feat 2597/8195 | map  10703 | icp ok  iter  4 corr  1827 rms 0.0722   14.92 ms | p=(   66.13  -291.06  12.15) v=5.10 m/s [KF]
[lio] t=1317401013.271 | feat 2504/8352 | map  10586 | icp ok  iter  3 corr  1851 rms 0.0576   10.69 ms | p=(   66.32  -291.55  12.17) v=4.94 m/s
[lio] t=1317401013.375 | feat 2508/8492 | map  10586 | icp ok  iter  4 corr  1831 rms 0.0606   13.34 ms | p=(   66.51  -292.04  12.19) v=4.99 m/s [KF]
[lio] t=1317401013.479 | feat 2403/8447 | map  10549 | icp ok  iter  5 corr  1745 rms 0.0561   15.09 ms | p=(   66.70  -292.55  12.20) v=5.11 m/s
[lio] t=1317401013.583 | feat 2452/8513 | map  10549 | icp ok  iter  4 corr  1764 rms 0.0493   12.54 ms | p=(   66.86  -293.07  12.21) v=5.13 m/s [KF]
[lio] t=1317401013.687 | feat 2589/8510 | map  10454 | icp ok  iter  5 corr  1880 rms 0.0572   16.75 ms | p=(   67.02  -293.59  12.23) v=5.18 m/s
[lio] t=1317401013.791 | feat 2669/8531 | map  10454 | icp ok  iter  4 corr  1942 rms 0.0744   14.83 ms | p=(   67.14  -294.10  12.26) v=5.02 m/s [KF]
[lio] t=1317401013.895 | feat 2637/8468 | map  10449 | icp ok  iter  6 corr  2007 rms 0.0539   22.32 ms | p=(   67.28  -294.60  12.29) v=4.97 m/s
[lio] t=1317401013.999 | feat 2558/8599 | map  10449 | icp ok  iter  4 corr  1948 rms 0.0586   14.76 ms | p=(   67.40  -295.09  12.31) v=4.91 m/s [KF]
[lio] t=1317401014.102 | feat 2370/8614 | map  10332 | icp ok  iter  4 corr  1762 rms 0.0547   13.50 ms | p=(   67.54  -295.58  12.32) v=4.84 m/s
[lio] t=1317401014.206 | feat 2546/8651 | map  10332 | icp ok  iter  3 corr  1938 rms 0.0634   11.09 ms | p=(   67.68  -296.06  12.33) v=4.83 m/s [KF]
[lio] t=1317401014.310 | feat 2505/8680 | map  10214 | icp ok  iter  4 corr  1891 rms 0.0462   13.77 ms | p=(   67.82  -296.55  12.34) v=4.85 m/s
[lio] t=1317401014.413 | feat 2563/8680 | map  10214 | icp ok  iter  4 corr  1930 rms 0.0588   13.58 ms | p=(   67.97  -297.03  12.35) v=4.82 m/s [KF]
[lio] t=1317401014.517 | feat 2507/8649 | map  10117 | icp ok  iter  6 corr  1912 rms 0.0526   19.03 ms | p=(   68.11  -297.52  12.36) v=4.88 m/s
[lio] t=1317401014.621 | feat 2520/8616 | map  10117 | icp ok  iter  3 corr  1873 rms 0.0685   10.37 ms | p=(   68.27  -298.00  12.38) v=4.92 m/s [KF]
[lio] t=1317401014.725 | feat 2525/8669 | map  10066 | icp ok  iter  4 corr  1949 rms 0.0475   13.44 ms | p=(   68.43  -298.50  12.39) v=5.00 m/s
[lio] t=1317401014.828 | feat 2553/8753 | map  10066 | icp ok  iter  4 corr  1958 rms 0.0701   12.75 ms | p=(   68.62  -299.00  12.40) v=5.13 m/s [KF]
[lio] t=1317401014.932 | feat 2412/8660 | map  10036 | icp ok  iter  4 corr  1875 rms 0.0549   13.81 ms | p=(   68.82  -299.49  12.39) v=5.17 m/s
[lio] t=1317401015.036 | feat 2478/8717 | map  10036 | icp ok  iter  3 corr  1948 rms 0.0697   12.13 ms | p=(   69.01  -300.00  12.41) v=5.21 m/s [KF]
[lio] t=1317401015.139 | feat 2496/8632 | map   9953 | icp ok  iter  3 corr  1974 rms 0.0587   11.91 ms | p=(   69.22  -300.50  12.42) v=5.27 m/s
[lio] t=1317401015.243 | feat 2442/8626 | map   9953 | icp ok  iter  3 corr  1898 rms 0.0676   11.68 ms | p=(   69.45  -301.00  12.43) v=5.34 m/s [KF]
[lio] t=1317401015.347 | feat 2388/8685 | map   9932 | icp ok  iter  4 corr  1952 rms 0.0574   14.51 ms | p=(   69.67  -301.52  12.45) v=5.47 m/s
[lio] t=1317401015.451 | feat 2403/8586 | map   9932 | icp ok  iter  4 corr  1956 rms 0.0645   14.58 ms | p=(   69.92  -302.05  12.46) v=5.64 m/s [KF]
[lio] t=1317401015.554 | feat 2523/8490 | map   9899 | icp ok  iter  5 corr  2038 rms 0.0675   18.51 ms | p=(   70.20  -302.56  12.46) v=5.67 m/s
[lio] t=1317401015.658 | feat 2536/8559 | map   9899 | icp ok  iter  4 corr  2063 rms 0.0802   16.36 ms | p=(   70.45  -303.11  12.49) v=5.77 m/s [KF]
[lio] t=1317401015.762 | feat 2597/8603 | map   9892 | icp ok  iter  4 corr  2159 rms 0.0627   16.95 ms | p=(   70.77  -303.64  12.51) v=5.93 m/s
[lio] t=1317401015.866 | feat 2479/8503 | map   9892 | icp ok  iter  5 corr  2015 rms 0.0610   19.65 ms | p=(   71.05  -304.16  12.53) v=5.87 m/s [KF]
[lio] t=1317401015.969 | feat 2501/8536 | map   9893 | icp ok  iter  4 corr  2089 rms 0.0675   16.11 ms | p=(   71.38  -304.71  12.55) v=6.11 m/s
[lio] t=1317401016.073 | feat 2516/8482 | map   9893 | icp ok  iter  5 corr  2067 rms 0.0558   19.90 ms | p=(   71.72  -305.25  12.55) v=6.17 m/s [KF]
[lio] t=1317401016.177 | feat 2563/8487 | map   9887 | icp ok  iter  4 corr  2142 rms 0.0613   15.33 ms | p=(   72.07  -305.79  12.57) v=6.30 m/s
[lio] t=1317401016.281 | feat 2558/8518 | map   9887 | icp ok  iter  4 corr  2123 rms 0.0699   16.61 ms | p=(   72.44  -306.36  12.59) v=6.48 m/s [KF]
[lio] t=1317401016.385 | feat 2467/8429 | map   9987 | icp ok  iter  5 corr  2082 rms 0.0607   20.27 ms | p=(   72.84  -306.92  12.62) v=6.63 m/s
[lio] t=1317401016.489 | feat 2538/8457 | map   9987 | icp ok  iter  3 corr  2107 rms 0.0603   12.22 ms | p=(   73.24  -307.48  12.64) v=6.68 m/s [KF]
[lio] t=1317401016.592 | feat 2469/8555 | map  10083 | icp ok  iter  4 corr  2069 rms 0.0568   15.43 ms | p=(   73.68  -308.05  12.65) v=6.88 m/s
[lio] t=1317401016.696 | feat 2440/8463 | map  10083 | icp ok  iter  4 corr  2026 rms 0.0511   14.83 ms | p=(   74.12  -308.62  12.67) v=7.00 m/s [KF]
[lio] t=1317401016.800 | feat 2557/8555 | map  10159 | icp ok  iter  4 corr  2152 rms 0.0651   16.70 ms | p=(   74.57  -309.19  12.69) v=7.04 m/s
[lio] t=1317401016.904 | feat 2485/8547 | map  10159 | icp ok  iter  4 corr  2071 rms 0.0536   15.49 ms | p=(   75.05  -309.77  12.73) v=7.26 m/s [KF]
[lio] t=1317401017.007 | feat 2520/8480 | map  10200 | icp ok  iter  4 corr  2146 rms 0.0461   16.00 ms | p=(   75.55  -310.35  12.75) v=7.36 m/s
[lio] t=1317401017.111 | feat 2437/8116 | map  10200 | icp ok  iter  4 corr  2022 rms 0.0524   14.05 ms | p=(   76.06  -310.90  12.77) v=7.40 m/s [KF]
[lio] t=1317401017.215 | feat 2470/8133 | map  10170 | icp ok  iter  4 corr  2091 rms 0.0583   14.53 ms | p=(   76.60  -311.48  12.78) v=7.56 m/s
[lio] t=1317401017.319 | feat 2403/8118 | map  10170 | icp ok  iter  2 corr  1995 rms 0.0564    7.80 ms | p=(   77.16  -312.05  12.81) v=7.74 m/s [KF]
[lio] t=1317401017.423 | feat 2494/7996 | map  10190 | icp ok  iter  3 corr  2104 rms 0.0705   11.61 ms | p=(   77.73  -312.61  12.83) v=7.77 m/s
[lio] t=1317401017.526 | feat 2473/7810 | map  10190 | icp ok  iter  4 corr  2040 rms 0.0712   15.65 ms | p=(   78.33  -313.19  12.86) v=7.97 m/s [KF]
[lio] t=1317401017.630 | feat 2265/7496 | map  10203 | icp ok  iter  3 corr  1885 rms 0.0519   10.03 ms | p=(   78.94  -313.75  12.88) v=8.07 m/s
[lio] t=1317401017.734 | feat 2143/7319 | map  10203 | icp ok  iter  4 corr  1760 rms 0.0606   13.24 ms | p=(   79.58  -314.32  12.90) v=8.25 m/s [KF]
[lio] t=1317401017.838 | feat 2129/7189 | map  10210 | icp ok  iter  5 corr  1716 rms 0.0762   15.96 ms | p=(   80.22  -314.86  12.93) v=8.20 m/s
[lio] t=1317401017.942 | feat 1976/7143 | map  10210 | icp ok  iter  5 corr  1580 rms 0.0547   14.36 ms | p=(   80.88  -315.42  12.95) v=8.35 m/s [KF]
[lio] t=1317401018.046 | feat 1798/7041 | map  10211 | icp ok  iter  4 corr  1374 rms 0.0792    9.17 ms | p=(   81.57  -315.97  13.00) v=8.50 m/s
[lio] t=1317401018.150 | feat 1711/6856 | map  10211 | icp ok  iter  4 corr  1257 rms 0.0709    8.60 ms | p=(   82.29  -316.55  13.03) v=8.78 m/s [KF]
[lio] t=1317401018.254 | feat 1587/6775 | map  10210 | icp ok  iter  4 corr  1140 rms 0.0482    8.46 ms | p=(   83.02  -317.10  13.06) v=8.89 m/s
[lio] t=1317401018.357 | feat 1439/6497 | map  10210 | icp ok  iter  5 corr   969 rms 0.0559    8.80 ms | p=(   83.75  -317.66  13.09) v=8.90 m/s [KF]
[lio] t=1317401018.461 | feat 1529/6391 | map  10170 | icp ok  iter  5 corr  1093 rms 0.0608   11.08 ms | p=(   84.49  -318.20  13.13) v=8.92 m/s
[lio] t=1317401018.565 | feat 1374/6461 | map  10170 | icp ok  iter  5 corr   953 rms 0.0860    8.80 ms | p=(   85.28  -318.78  13.18) v=9.27 m/s [KF]
[lio] t=1317401018.669 | feat 1443/6409 | map  10188 | icp ok  iter  5 corr  1061 rms 0.0662    9.35 ms | p=(   86.02  -319.32  13.22) v=9.05 m/s
[lio] t=1317401018.773 | feat 1311/6276 | map  10188 | icp ok  iter  5 corr   905 rms 0.0708    8.25 ms | p=(   86.85  -319.85  13.23) v=9.41 m/s [KF]
[lio] t=1317401018.878 | feat 1210/6345 | map  10243 | icp ok  iter  6 corr   879 rms 0.0968   10.35 ms | p=(   87.61  -320.40  13.27) v=9.19 m/s
[lio] t=1317401018.982 | feat 1274/6311 | map  10243 | icp ok  iter  5 corr   911 rms 0.0820    8.75 ms | p=(   88.50  -321.01  13.33) v=9.96 m/s [KF]
[lio] t=1317401019.086 | feat 1269/6415 | map  10223 | icp ok  iter  4 corr   934 rms 0.0523    7.35 ms | p=(   89.33  -321.57  13.38) v=9.81 m/s [KF]
[lio] t=1317401019.190 | feat 1288/6458 | map  10217 | icp ok  iter  4 corr   944 rms 0.0629    6.99 ms | p=(   90.17  -322.12  13.41) v=9.73 m/s
[lio] t=1317401019.294 | feat 1382/6622 | map  10217 | icp ok  iter  5 corr  1014 rms 0.0952   10.43 ms | p=(   90.95  -322.64  13.46) v=9.36 m/s [KF]
[lio] t=1317401019.398 | feat 1418/6449 | map  10260 | icp ok  iter  6 corr  1053 rms 0.0715   13.04 ms | p=(   91.86  -323.23  13.49) v=10.03 m/s [KF]
[lio] t=1317401019.501 | feat 1366/6436 | map  10283 | icp ok  iter  6 corr  1058 rms 0.0608   11.11 ms | p=(   92.71  -323.79  13.52) v=9.90 m/s [KF]
[lio] t=1317401019.605 | feat 1407/6430 | map  10244 | icp ok  iter  4 corr  1081 rms 0.0852    8.84 ms | p=(   93.62  -324.38  13.56) v=10.19 m/s [KF]
[lio] t=1317401019.709 | feat 1358/6381 | map  10239 | icp ok  iter  4 corr  1076 rms 0.0578    7.43 ms | p=(   94.48  -324.93  13.60) v=9.98 m/s [KF]
[lio] t=1317401019.813 | feat 1457/6333 | map  10147 | icp ok  iter  3 corr  1140 rms 0.1068    7.11 ms | p=(   95.38  -325.50  13.63) v=10.14 m/s [KF]
[lio] t=1317401019.917 | feat 1498/6285 | map  10146 | icp ok  iter  5 corr  1177 rms 0.0739   10.74 ms | p=(   96.30  -326.08  13.67) v=10.31 m/s [KF]
[lio] t=1317401020.021 | feat 1429/6173 | map  10093 | icp ok  iter  4 corr  1143 rms 0.0513    8.14 ms | p=(   97.17  -326.65  13.72) v=10.08 m/s [KF]
[lio] t=1317401020.125 | feat 1433/6287 | map   9973 | icp ok  iter  4 corr  1148 rms 0.0928    9.10 ms | p=(   98.03  -327.21  13.74) v=9.91 m/s [KF]
[lio] t=1317401020.229 | feat 1458/6225 | map   9871 | icp ok  iter  4 corr  1142 rms 0.0487    7.27 ms | p=(   98.92  -327.78  13.76) v=10.09 m/s [KF]
[lio] t=1317401020.333 | feat 1530/6352 | map   9807 | icp ok  iter  4 corr  1181 rms 0.0737    9.64 ms | p=(   99.82  -328.35  13.79) v=10.16 m/s [KF]
[lio] t=1317401020.437 | feat 1562/6337 | map   9652 | icp ok  iter  4 corr  1231 rms 0.0593    9.03 ms | p=(  100.70  -328.89  13.82) v=9.97 m/s [KF]
[lio] t=1317401020.541 | feat 1492/6346 | map   9452 | icp ok  iter  4 corr  1159 rms 0.0590    7.94 ms | p=(  101.58  -329.44  13.85) v=9.93 m/s [KF]
[lio] t=1317401020.645 | feat 1532/6417 | map   9257 | icp ok  iter  4 corr  1126 rms 0.0522    8.34 ms | p=(  102.44  -329.98  13.87) v=9.81 m/s [KF]
[lio] t=1317401020.748 | feat 1484/6476 | map   9015 | icp ok  iter  4 corr  1164 rms 0.0526    7.76 ms | p=(  103.29  -330.51  13.90) v=9.68 m/s [KF]
[lio] t=1317401020.852 | feat 1493/6486 | map   8720 | icp ok  iter  4 corr  1199 rms 0.0593    8.41 ms | p=(  104.17  -331.05  13.94) v=9.84 m/s [KF]
[lio] t=1317401020.956 | feat 1461/6486 | map   8408 | icp ok  iter  5 corr  1117 rms 0.0729   10.48 ms | p=(  105.07  -331.58  13.99) v=9.89 m/s [KF]
[lio] t=1317401021.060 | feat 1506/6533 | map   8049 | icp ok  iter  4 corr  1187 rms 0.0906    8.46 ms | p=(  105.95  -332.11  14.01) v=9.82 m/s [KF]
[lio] t=1317401021.164 | feat 1571/6514 | map   7680 | icp ok  iter  7 corr  1206 rms 0.0625   14.25 ms | p=(  106.81  -332.61  14.03) v=9.64 m/s
[lio] t=1317401021.268 | feat 1590/6701 | map   7680 | icp ok  iter  4 corr  1180 rms 0.0623    8.95 ms | p=(  107.70  -333.14  14.05) v=9.88 m/s [KF]
[lio] t=1317401021.372 | feat 1656/6798 | map   7439 | icp ok  iter  4 corr  1257 rms 0.0673    8.88 ms | p=(  108.59  -333.67  14.10) v=9.86 m/s [KF]
[lio] t=1317401021.476 | feat 1667/6742 | map   7215 | icp ok  iter  3 corr  1310 rms 0.0615    7.56 ms | p=(  109.46  -334.17  14.13) v=9.72 m/s [KF]
[lio] t=1317401021.579 | feat 1597/6739 | map   7095 | icp ok  iter  3 corr  1274 rms 0.0486    7.00 ms | p=(  110.34  -334.68  14.17) v=9.71 m/s [KF]
[lio] t=1317401021.683 | feat 1653/6682 | map   6993 | icp ok  iter  4 corr  1305 rms 0.0706   10.28 ms | p=(  111.22  -335.19  14.21) v=9.70 m/s [KF]
[lio] t=1317401021.787 | feat 1569/6444 | map   6974 | icp ok  iter  4 corr  1213 rms 0.0726    8.82 ms | p=(  112.10  -335.70  14.25) v=9.73 m/s [KF]
[lio] t=1317401021.891 | feat 1631/6381 | map   6997 | icp ok  iter  4 corr  1315 rms 0.0837    9.53 ms | p=(  112.96  -336.20  14.28) v=9.58 m/s
[lio] t=1317401021.995 | feat 1627/6285 | map   6997 | icp ok  iter  4 corr  1274 rms 0.0729    9.72 ms | p=(  113.85  -336.70  14.30) v=9.71 m/s [KF]
[lio] t=1317401022.099 | feat 1469/6137 | map   7077 | icp ok  iter  5 corr  1216 rms 0.0701   11.21 ms | p=(  114.72  -337.18  14.32) v=9.59 m/s
[lio] t=1317401022.203 | feat 1477/5971 | map   7077 | icp ok  iter  4 corr  1208 rms 0.0590    8.92 ms | p=(  115.59  -337.67  14.36) v=9.57 m/s [KF]
[lio] t=1317401022.307 | feat 1631/5918 | map   7121 | icp ok  iter  3 corr  1297 rms 0.0568    7.01 ms | p=(  116.47  -338.17  14.42) v=9.64 m/s [KF]
[lio] t=1317401022.411 | feat 1531/5944 | map   7163 | icp ok  iter  4 corr  1232 rms 0.0598    8.66 ms | p=(  117.34  -338.66  14.47) v=9.58 m/s
[lio] t=1317401022.515 | feat 1372/5869 | map   7163 | icp ok  iter  5 corr  1121 rms 0.0526    9.91 ms | p=(  118.21  -339.16  14.50) v=9.60 m/s [KF]
[lio] t=1317401022.618 | feat 1481/6010 | map   7171 | icp ok  iter  5 corr  1173 rms 0.0557   10.00 ms | p=(  119.08  -339.63  14.52) v=9.53 m/s
[lio] t=1317401022.722 | feat 1455/5974 | map   7171 | icp ok  iter  3 corr  1166 rms 0.0629    6.42 ms | p=(  119.96  -340.13  14.55) v=9.62 m/s [KF]
[lio] t=1317401022.826 | feat 1505/6101 | map   7259 | icp ok  iter  3 corr  1257 rms 0.0569    6.40 ms | p=(  120.83  -340.62  14.59) v=9.59 m/s
[lio] t=1317401022.930 | feat 1557/6151 | map   7259 | icp ok  iter  4 corr  1157 rms 0.0586    9.51 ms | p=(  121.69  -341.10  14.63) v=9.53 m/s [KF]
[lio] t=1317401023.034 | feat 1580/6127 | map   7424 | icp ok  iter  5 corr  1347 rms 0.0544   11.25 ms | p=(  122.55  -341.58  14.67) v=9.46 m/s
[lio] t=1317401023.138 | feat 1632/6059 | map   7424 | icp ok  iter  6 corr  1304 rms 0.0827   13.42 ms | p=(  123.41  -342.06  14.70) v=9.44 m/s [KF]
[lio] t=1317401023.242 | feat 1558/5870 | map   7534 | icp ok  iter  4 corr  1316 rms 0.0505    8.67 ms | p=(  124.29  -342.54  14.71) v=9.53 m/s [KF]
[lio] t=1317401023.345 | feat 1542/5840 | map   7552 | icp ok  iter  5 corr  1260 rms 0.0528   10.89 ms | p=(  125.14  -343.00  14.76) v=9.41 m/s
[lio] t=1317401023.449 | feat 1518/5756 | map   7552 | icp ok  iter  4 corr  1225 rms 0.0661    9.06 ms | p=(  126.01  -343.47  14.79) v=9.39 m/s [KF]
[lio] t=1317401023.553 | feat 1557/5547 | map   7628 | icp ok  iter  3 corr  1314 rms 0.0460    6.48 ms | p=(  126.86  -343.92  14.82) v=9.29 m/s
[lio] t=1317401023.657 | feat 1560/5431 | map   7628 | icp ok  iter  3 corr  1267 rms 0.0521    6.78 ms | p=(  127.71  -344.38  14.84) v=9.23 m/s [KF]
[lio] t=1317401023.761 | feat 1640/5461 | map   7544 | icp ok  iter  2 corr  1339 rms 0.0574    5.29 ms | p=(  128.56  -344.84  14.89) v=9.25 m/s
[lio] t=1317401023.864 | feat 1534/5356 | map   7544 | icp ok  iter  4 corr  1223 rms 0.0689    8.31 ms | p=(  129.42  -345.31  14.90) v=9.36 m/s [KF]
[lio] t=1317401023.968 | feat 1457/5173 | map   7579 | icp ok  iter  4 corr  1238 rms 0.0547    8.55 ms | p=(  130.29  -345.77  14.93) v=9.38 m/s
[lio] t=1317401024.072 | feat 1545/5131 | map   7579 | icp ok  iter 12 corr  1237 rms 0.0590   25.56 ms | p=(  131.12  -346.23  14.97) v=9.22 m/s [KF]
[lio] t=1317401024.176 | feat 1405/5081 | map   7589 | icp ok  iter  5 corr  1168 rms 0.0480    9.58 ms | p=(  131.99  -346.69  15.01) v=9.31 m/s
[lio] t=1317401024.280 | feat 1459/5094 | map   7589 | icp ok  iter  6 corr  1207 rms 0.0628   12.80 ms | p=(  132.81  -347.14  15.03) v=9.08 m/s [KF]
[lio] t=1317401024.383 | feat 1439/5193 | map   7609 | icp ok  iter  5 corr  1182 rms 0.0534   10.13 ms | p=(  133.64  -347.59  15.04) v=9.10 m/s
[lio] t=1317401024.487 | feat 1274/5190 | map   7609 | icp ok  iter  8 corr  1068 rms 0.0628   15.12 ms | p=(  134.51  -348.06  15.08) v=9.32 m/s [KF]
[lio] t=1317401024.591 | feat 1289/5212 | map   7614 | icp ok  iter  4 corr  1056 rms 0.0593    7.41 ms | p=(  135.35  -348.51  15.09) v=9.18 m/s
[lio] t=1317401024.695 | feat 1302/5209 | map   7614 | icp ok  iter  4 corr  1076 rms 0.0561    7.94 ms | p=(  136.17  -348.94  15.12) v=8.96 m/s [KF]
[lio] t=1317401024.798 | feat 1286/5336 | map   7589 | icp ok  iter  4 corr  1027 rms 0.0550    7.39 ms | p=(  137.02  -349.40  15.15) v=9.10 m/s
[lio] t=1317401024.902 | feat 1339/5256 | map   7589 | icp ok  iter  4 corr  1058 rms 0.0539    7.28 ms | p=(  137.85  -349.85  15.16) v=9.06 m/s [KF]
[lio] t=1317401025.006 | feat 1333/5252 | map   7635 | icp ok  iter  5 corr  1132 rms 0.0564    9.19 ms | p=(  138.67  -350.29  15.17) v=8.99 m/s
[lio] t=1317401025.110 | feat 1219/5258 | map   7635 | icp ok  iter  4 corr   962 rms 0.0636    7.12 ms | p=(  139.49  -350.73  15.21) v=8.92 m/s [KF]
[lio] t=1317401025.214 | feat 1393/5365 | map   7651 | icp ok  iter  4 corr  1132 rms 0.0739    7.60 ms | p=(  140.32  -351.18  15.23) v=8.98 m/s
[lio] t=1317401025.318 | feat 1240/5244 | map   7651 | icp ok  iter  5 corr   948 rms 0.0685    8.21 ms | p=(  141.12  -351.60  15.25) v=8.74 m/s [KF]
[lio] t=1317401025.421 | feat 1245/5246 | map   7701 | icp ok  iter  4 corr   962 rms 0.0601    6.51 ms | p=(  141.93  -352.04  15.27) v=8.72 m/s
[lio] t=1317401025.525 | feat 1198/5408 | map   7701 | icp ok  iter  5 corr   908 rms 0.0571    7.68 ms | p=(  142.72  -352.46  15.31) v=8.50 m/s [KF]
[lio] t=1317401025.629 | feat 1220/5406 | map   7698 | icp ok  iter  5 corr   922 rms 0.0654    8.26 ms | p=(  143.47  -352.88  15.32) v=8.22 m/s
[lio] t=1317401025.733 | feat 1226/5370 | map   7698 | icp ok  iter  6 corr   937 rms 0.0608    9.75 ms | p=(  144.18  -353.26  15.33) v=7.87 m/s [KF]
[lio] t=1317401025.837 | feat 1190/5432 | map   7740 | icp ok  iter  5 corr   912 rms 0.0727    8.23 ms | p=(  144.97  -353.70  15.32) v=8.27 m/s
[lio] t=1317401025.941 | feat 1410/5480 | map   7740 | icp ok  iter  4 corr  1027 rms 0.0785    7.44 ms | p=(  145.71  -354.10  15.37) v=8.07 m/s [KF]
[lio] t=1317401026.045 | feat 1385/5387 | map   7791 | icp ok  iter  3 corr  1055 rms 0.0608    6.18 ms | p=(  146.44  -354.51  15.39) v=7.92 m/s
[lio] t=1317401026.148 | feat 1348/5297 | map   7791 | icp ok  iter  5 corr   998 rms 0.0601    9.08 ms | p=(  147.14  -354.90  15.41) v=7.75 m/s [KF]
[lio] t=1317401026.252 | feat 1389/5218 | map   7765 | icp ok  iter  5 corr  1065 rms 0.0592    8.94 ms | p=(  147.86  -355.31  15.43) v=7.80 m/s
[lio] t=1317401026.356 | feat 1438/5138 | map   7765 | icp ok  iter  4 corr  1106 rms 0.0758    7.68 ms | p=(  148.58  -355.72  15.43) v=7.80 m/s [KF]
[lio] t=1317401026.460 | feat 1475/5167 | map   7683 | icp ok  iter  4 corr  1142 rms 0.0713    7.55 ms | p=(  149.26  -356.12  15.46) v=7.64 m/s
[lio] t=1317401026.564 | feat 1387/5069 | map   7683 | icp ok  iter  3 corr  1082 rms 0.0594    6.21 ms | p=(  149.90  -356.52  15.47) v=7.33 m/s [KF]
[lio] t=1317401026.668 | feat 1413/5192 | map   7587 | icp ok  iter  5 corr  1118 rms 0.0643   10.45 ms | p=(  150.59  -356.94  15.51) v=7.50 m/s
[lio] t=1317401026.772 | feat 1318/5106 | map   7587 | icp ok  iter  7 corr   970 rms 0.0521   10.70 ms | p=(  151.24  -357.34  15.52) v=7.31 m/s [KF]
[lio] t=1317401026.876 | feat 1317/5061 | map   7417 | icp ok  iter  5 corr   959 rms 0.0688    9.16 ms | p=(  151.84  -357.74  15.55) v=6.99 m/s
[lio] t=1317401026.980 | feat 1314/5116 | map   7417 | icp ok  iter  5 corr   944 rms 0.0553    8.68 ms | p=(  152.49  -358.19  15.58) v=7.24 m/s [KF]
[lio] t=1317401027.084 | feat 1312/5165 | map   7299 | icp ok  iter  7 corr   958 rms 0.0799   12.03 ms | p=(  153.02  -358.57  15.60) v=6.62 m/s
[lio] t=1317401027.188 | feat 1249/5174 | map   7299 | icp ok  iter  6 corr   863 rms 0.0843    9.29 ms | p=(  153.66  -359.02  15.62) v=7.07 m/s [KF]
[lio] t=1317401027.292 | feat 1279/5120 | map   7279 | icp ok  iter  5 corr   910 rms 0.0767    8.63 ms | p=(  154.20  -359.41  15.65) v=6.62 m/s
[lio] t=1317401027.396 | feat 1213/5056 | map   7279 | icp ok  iter  4 corr   856 rms 0.0717    7.11 ms | p=(  154.81  -359.86  15.66) v=6.91 m/s [KF]
[lio] t=1317401027.500 | feat 1308/5063 | map   7267 | icp ok  iter  5 corr   885 rms 0.0726    7.70 ms | p=(  155.30  -360.25  15.69) v=6.27 m/s
[lio] t=1317401027.604 | feat 1270/5091 | map   7267 | icp ok  iter  5 corr   835 rms 0.0778    7.72 ms | p=(  155.84  -360.65  15.71) v=6.27 m/s [KF]
[lio] t=1317401027.708 | feat 1285/5096 | map   7387 | icp ok  iter  6 corr   890 rms 0.0631    9.29 ms | p=(  156.32  -361.05  15.72) v=5.99 m/s
[lio] t=1317401027.812 | feat 1325/5173 | map   7387 | icp ok  iter  6 corr   895 rms 0.0872    9.72 ms | p=(  156.92  -361.49  15.75) v=6.57 m/s [KF]
[lio] t=1317401027.916 | feat 1230/5098 | map   7533 | icp ok  iter  6 corr   870 rms 0.0751    9.50 ms | p=(  157.37  -361.87  15.76) v=5.88 m/s
[lio] t=1317401028.019 | feat 1314/5157 | map   7533 | icp ok  iter  5 corr   911 rms 0.0808    8.44 ms | p=(  157.87  -362.27  15.77) v=5.94 m/s [KF]
[lio] t=1317401028.123 | feat 1412/5264 | map   7676 | icp ok  iter  5 corr   997 rms 0.0808    9.32 ms | p=(  158.33  -362.65  15.79) v=5.68 m/s
[lio] t=1317401028.227 | feat 1383/5309 | map   7676 | icp ok  iter  5 corr   900 rms 0.0967    8.70 ms | p=(  158.78  -363.02  15.81) v=5.49 m/s [KF]
[lio] t=1317401028.331 | feat 1422/5390 | map   7891 | icp ok  iter  5 corr  1022 rms 0.0745    9.04 ms | p=(  159.22  -363.37  15.81) v=5.28 m/s
[lio] t=1317401028.434 | feat 1473/5570 | map   7891 | icp ok  iter  6 corr   984 rms 0.0679   10.37 ms | p=(  159.61  -363.69  15.82) v=4.86 m/s [KF]
[lio] t=1317401028.538 | feat 1560/5731 | map   8075 | icp ok  iter  4 corr  1080 rms 0.0774    7.35 ms | p=(  159.99  -364.00  15.83) v=4.63 m/s
[lio] t=1317401028.642 | feat 1626/5981 | map   8075 | icp ok  iter  6 corr  1098 rms 0.0781   12.50 ms | p=(  160.41  -364.34  15.84) v=4.89 m/s [KF]
[lio] t=1317401028.746 | feat 1761/6170 | map   8360 | icp ok  iter  9 corr  1281 rms 0.0698   19.56 ms | p=(  160.76  -364.60  15.84) v=4.31 m/s
[lio] t=1317401028.850 | feat 1812/6372 | map   8360 | icp ok  iter  4 corr  1278 rms 0.0809    9.89 ms | p=(  161.14  -364.91  15.85) v=4.45 m/s
[lio] t=1317401028.953 | feat 1911/6706 | map   8360 | icp ok  iter  4 corr  1267 rms 0.0823    9.67 ms | p=(  161.50  -365.18  15.86) v=4.26 m/s [KF]
[lio] t=1317401029.057 | feat 1915/7030 | map   8823 | icp ok  iter  7 corr  1361 rms 0.0811   16.41 ms | p=(  161.82  -365.47  15.87) v=4.02 m/s
[lio] t=1317401029.161 | feat 2037/7342 | map   8823 | icp ok  iter  6 corr  1448 rms 0.0889   15.74 ms | p=(  162.15  -365.71  15.87) v=3.82 m/s
[lio] t=1317401029.265 | feat 2134/7609 | map   8823 | icp ok  iter  4 corr  1461 rms 0.0930   11.03 ms | p=(  162.45  -365.94  15.88) v=3.57 m/s [KF]
[lio] t=1317401029.368 | feat 2295/7942 | map   9397 | icp ok  iter  8 corr  1687 rms 0.0702   24.17 ms | p=(  162.78  -366.19  15.89) v=3.65 m/s
[lio] t=1317401029.472 | feat 2408/8161 | map   9397 | icp ok  iter 12 corr  1732 rms 0.0791   40.88 ms | p=(  163.05  -366.38  15.90) v=3.18 m/s
[lio] t=1317401029.576 | feat 2354/8439 | map   9397 | icp ok  iter  9 corr  1679 rms 0.1110   27.96 ms | p=(  163.37  -366.60  15.91) v=3.31 m/s [KF]
[lio] t=1317401029.680 | feat 2513/8560 | map  10118 | icp ok  iter  6 corr  1975 rms 0.0662   20.21 ms | p=(  163.58  -366.77  15.92) v=2.68 m/s
[lio] t=1317401029.784 | feat 2550/8786 | map  10118 | icp ok  iter  7 corr  1985 rms 0.0799   23.66 ms | p=(  163.77  -366.90  15.93) v=2.27 m/s
[lio] t=1317401029.887 | feat 2671/9059 | map  10118 | icp ok  iter 11 corr  1980 rms 0.0762   39.16 ms | p=(  164.00  -367.07  15.94) v=2.41 m/s
[lio] t=1317401029.991 | feat 2650/9088 | map  10118 | icp ok  iter 10 corr  1898 rms 0.0892   34.69 ms | p=(  164.24  -367.18  15.95) v=2.32 m/s [KF]
[lio] t=1317401030.095 | feat 2704/9147 | map  10967 | icp ok  iter  9 corr  2269 rms 0.0691   34.52 ms | p=(  164.37  -367.26  15.95) v=1.64 m/s
[lio] t=1317401030.198 | feat 2745/9438 | map  10967 | icp ok  iter  8 corr  2121 rms 0.0757   32.09 ms | p=(  164.53  -367.40  15.95) v=1.75 m/s
[lio] t=1317401030.302 | feat 3039/9647 | map  10967 | icp ok  iter  6 corr  2372 rms 0.0735   23.61 ms | p=(  164.68  -367.49  15.96) v=1.62 m/s
[lio] t=1317401030.406 | feat 3014/9863 | map  10967 | icp ok  iter  6 corr  2369 rms 0.0745   25.52 ms | p=(  164.83  -367.58  15.96) v=1.52 m/s
[lio] t=1317401030.510 | feat 3213/9993 | map  10967 | icp ok  iter  5 corr  2520 rms 0.0737   24.27 ms | p=(  164.94  -367.64  15.96) v=1.29 m/s
[lio] t=1317401030.613 | feat 3302/10231 | map  10967 | icp ok  iter  8 corr  2493 rms 0.0711   35.30 ms | p=(  165.12  -367.72  15.97) v=1.57 m/s [KF]
[lio] t=1317401030.717 | feat 3360/10301 | map  11942 | icp ok  iter  5 corr  2814 rms 0.0630   28.08 ms | p=(  165.17  -367.77  15.96) v=1.01 m/s
[lio] t=1317401030.821 | feat 3373/10424 | map  11942 | icp ok  iter 11 corr  2815 rms 0.0720   55.51 ms | p=(  165.34  -367.85  15.98) v=1.45 m/s
[lio] t=1317401030.925 | feat 3505/10616 | map  11942 | icp ok  iter  4 corr  2745 rms 0.0760   20.87 ms | p=(  165.48  -367.92  15.99) v=1.46 m/s
[lio] t=1317401031.029 | feat 3551/10903 | map  11942 | icp ok  iter  8 corr  2737 rms 0.0750   41.11 ms | p=(  165.57  -367.98  15.99) v=1.17 m/s
[lio] t=1317401031.132 | feat 3816/11080 | map  11942 | icp ok  iter  8 corr  2874 rms 0.0796   41.35 ms | p=(  165.70  -368.02  15.99) v=1.22 m/s
[lio] t=1317401031.236 | feat 3906/11207 | map  11942 | icp ok  iter  6 corr  2953 rms 0.0768   30.14 ms | p=(  165.84  -368.09  16.00) v=1.35 m/s
[lio] t=1317401031.340 | feat 3883/11420 | map  11942 | icp ok  iter  9 corr  2908 rms 0.0854   45.06 ms | p=(  165.93  -368.12  16.00) v=1.10 m/s
[lio] t=1317401031.444 | feat 3828/11357 | map  11942 | icp ok  iter  8 corr  2875 rms 0.0787   41.67 ms | p=(  166.08  -368.17  16.01) v=1.34 m/s [KF]
[lio] t=1317401031.547 | feat 3686/11560 | map  13181 | icp ok  iter  6 corr  2978 rms 0.0755   32.35 ms | p=(  166.21  -368.23  16.02) v=1.43 m/s
[lio] t=1317401031.651 | feat 3655/11724 | map  13181 | icp ok  iter  7 corr  2910 rms 0.0729   34.84 ms | p=(  166.36  -368.25  16.02) v=1.48 m/s
[lio] t=1317401031.755 | feat 3617/11739 | map  13181 | icp ok  iter  8 corr  2872 rms 0.0791   41.65 ms | p=(  166.54  -368.31  16.02) v=1.75 m/s
[lio] t=1317401031.859 | feat 3737/11755 | map  13181 | icp ok  iter  4 corr  2939 rms 0.0828   23.35 ms | p=(  166.71  -368.36  16.02) v=1.80 m/s
[lio] t=1317401031.962 | feat 3944/11902 | map  13181 | icp ok  iter  8 corr  3162 rms 0.0732   47.76 ms | p=(  166.94  -368.38  16.04) v=2.15 m/s
[lio] t=1317401032.066 | feat 4057/11954 | map  13181 | icp ok  iter  6 corr  3202 rms 0.0767   36.54 ms | p=(  167.17  -368.42  16.05) v=2.25 m/s [KF]
[lio] t=1317401032.170 | feat 3921/11959 | map  14177 | icp ok  iter  5 corr  3251 rms 0.0639   29.24 ms | p=(  167.38  -368.49  16.06) v=2.22 m/s
[lio] t=1317401032.273 | feat 4010/12057 | map  14177 | icp ok  iter  7 corr  3333 rms 0.0625   42.74 ms | p=(  167.61  -368.50  16.05) v=2.31 m/s
[lio] t=1317401032.377 | feat 3961/12107 | map  14177 | icp ok  iter  9 corr  3300 rms 0.0600   48.86 ms | p=(  167.89  -368.53  16.07) v=2.64 m/s
[lio] t=1317401032.481 | feat 3860/12181 | map  14177 | icp ok  iter  8 corr  3139 rms 0.0650   45.30 ms | p=(  168.14  -368.54  16.07) v=2.57 m/s
[lio] t=1317401032.584 | feat 3970/12226 | map  14177 | icp ok  iter  6 corr  3248 rms 0.0690   35.78 ms | p=(  168.43  -368.58  16.08) v=2.77 m/s [KF]
[lio] t=1317401032.688 | feat 4084/12215 | map  14976 | icp ok  iter  5 corr  3475 rms 0.0602   33.53 ms | p=(  168.73  -368.57  16.08) v=2.93 m/s
[lio] t=1317401032.792 | feat 3993/12406 | map  14976 | icp ok  iter  9 corr  3338 rms 0.0643   55.82 ms | p=(  169.03  -368.54  16.09) v=3.04 m/s
[lio] t=1317401032.895 | feat 4086/12581 | map  14976 | icp ok  iter  9 corr  3351 rms 0.0613   54.88 ms | p=(  169.37  -368.48  16.10) v=3.29 m/s
[lio] t=1317401032.999 | feat 4218/12700 | map  14976 | icp ok  iter  7 corr  3411 rms 0.0689   43.21 ms | p=(  169.69  -368.46  16.09) v=3.26 m/s [KF]
[lio] t=1317401033.103 | feat 4345/12717 | map  15816 | icp ok  iter  7 corr  3553 rms 0.0635   47.35 ms | p=(  170.06  -368.38  16.10) v=3.59 m/s
[lio] t=1317401033.206 | feat 4300/12789 | map  15816 | icp ok  iter  6 corr  3538 rms 0.0627   41.02 ms | p=(  170.42  -368.28  16.10) v=3.71 m/s
[lio] t=1317401033.310 | feat 4336/12945 | map  15816 | icp ok  iter  5 corr  3555 rms 0.0641   31.23 ms | p=(  170.77  -368.21  16.11) v=3.64 m/s [KF]
[lio] t=1317401033.414 | feat 4434/12927 | map  16683 | icp ok  iter  6 corr  3750 rms 0.0556   43.04 ms | p=(  171.16  -368.07  16.12) v=3.94 m/s
[lio] t=1317401033.517 | feat 4395/12920 | map  16683 | icp ok  iter  5 corr  3527 rms 0.0637   33.54 ms | p=(  171.54  -367.91  16.12) v=4.10 m/s
[lio] t=1317401033.621 | feat 4506/12897 | map  16683 | icp ok  iter  4 corr  3697 rms 0.0684   29.80 ms | p=(  171.94  -367.71  16.13) v=4.33 m/s [KF]
[lio] t=1317401033.725 | feat 4541/12932 | map  17524 | icp ok  iter  9 corr  3823 rms 0.0663   62.54 ms | p=(  172.33  -367.53  16.12) v=4.34 m/s
[lio] t=1317401033.829 | feat 4630/12964 | map  17524 | icp ok  iter  6 corr  3844 rms 0.0668   42.36 ms | p=(  172.73  -367.29  16.14) v=4.54 m/s
[lio] t=1317401033.933 | feat 4697/12815 | map  17524 | icp ok  iter  8 corr  3865 rms 0.0817   57.23 ms | p=(  173.12  -367.01  16.14) v=4.76 m/s [KF]
[lio] t=1317401034.037 | feat 4548/12757 | map  18519 | icp ok  iter  7 corr  3864 rms 0.0687   53.89 ms | p=(  173.57  -366.69  16.15) v=5.24 m/s
[lio] t=1317401034.140 | feat 4555/12775 | map  18519 | icp ok  iter 10 corr  3763 rms 0.0861   74.01 ms | p=(  173.92  -366.36  16.16) v=4.98 m/s [KF]
[lio] t=1317401034.244 | feat 4570/12699 | map  19448 | icp ok  iter  9 corr  3801 rms 0.0677   68.50 ms | p=(  174.30  -366.01  16.15) v=5.14 m/s
[lio] t=1317401034.349 | feat 4690/12704 | map  19448 | icp ok  iter  6 corr  3854 rms 0.0802   43.51 ms | p=(  174.76  -365.60  16.15) v=5.74 m/s [KF]
[lio] t=1317401034.453 | feat 4411/12482 | map  20268 | icp ok  iter  9 corr  3598 rms 0.0655   64.78 ms | p=(  175.17  -365.19  16.15) v=5.78 m/s
[lio] t=1317401034.557 | feat 4433/12324 | map  20268 | icp ok  iter  7 corr  3650 rms 0.0668   51.49 ms | p=(  175.58  -364.72  16.15) v=6.07 m/s [KF]
[lio] t=1317401034.661 | feat 4275/12224 | map  20902 | icp ok  iter 12 corr  3537 rms 0.0708   76.87 ms | p=(  176.03  -364.25  16.15) v=6.33 m/s
[lio] t=1317401034.765 | feat 4253/11956 | map  20902 | icp ok  iter  6 corr  3453 rms 0.0707   40.08 ms | p=(  176.47  -363.74  16.17) v=6.57 m/s [KF]
[lio] t=1317401034.869 | feat 4102/11862 | map  21411 | icp ok  iter  7 corr  3413 rms 0.0559   42.47 ms | p=(  176.94  -363.21  16.17) v=6.83 m/s
[lio] t=1317401034.974 | feat 4157/11778 | map  21411 | icp ok  iter  4 corr  3447 rms 0.0621   26.47 ms | p=(  177.43  -362.63  16.18) v=7.23 m/s [KF]
[lio] t=1317401035.078 | feat 4150/11511 | map  21783 | icp ok  iter  9 corr  3413 rms 0.0586   58.07 ms | p=(  177.86  -362.10  16.19) v=6.97 m/s
[lio] t=1317401035.182 | feat 4125/11379 | map  21783 | icp ok  iter  8 corr  3318 rms 0.0630   52.27 ms | p=(  178.39  -361.48  16.20) v=7.60 m/s [KF]
[lio] t=1317401035.286 | feat 4287/11208 | map  22226 | icp ok  iter  6 corr  3557 rms 0.0634   37.74 ms | p=(  178.87  -360.86  16.21) v=7.66 m/s
[lio] t=1317401035.390 | feat 4114/11024 | map  22226 | icp ok  iter  4 corr  3328 rms 0.0684   25.43 ms | p=(  179.37  -360.22  16.22) v=7.87 m/s [KF]
[lio] t=1317401035.495 | feat 4194/10905 | map  22629 | icp ok  iter  4 corr  3464 rms 0.0571   25.31 ms | p=(  179.88  -359.56  16.24) v=8.12 m/s
[lio] t=1317401035.599 | feat 3935/10731 | map  22629 | icp ok  iter  7 corr  3241 rms 0.0623   40.76 ms | p=(  180.39  -358.91  16.25) v=8.09 m/s [KF]
[lio] t=1317401035.703 | feat 3953/10674 | map  22865 | icp ok  iter  5 corr  3255 rms 0.0564   30.20 ms | p=(  180.93  -358.19  16.26) v=8.56 m/s
[lio] t=1317401035.807 | feat 3862/10408 | map  22865 | icp ok  iter  5 corr  3163 rms 0.0664   28.12 ms | p=(  181.48  -357.46  16.27) v=8.81 m/s [KF]
[lio] t=1317401035.911 | feat 3619/10416 | map  23094 | icp ok  iter  6 corr  2980 rms 0.0616   32.92 ms | p=(  182.01  -356.76  16.28) v=8.70 m/s
[lio] t=1317401036.015 | feat 3339/10369 | map  23094 | icp ok  iter  5 corr  2718 rms 0.0704   25.86 ms | p=(  182.55  -356.02  16.29) v=8.87 m/s [KF]
[lio] t=1317401036.119 | feat 3443/10458 | map  23286 | icp ok  iter  7 corr  2857 rms 0.0551   34.71 ms | p=(  183.11  -355.27  16.30) v=9.03 m/s
[lio] t=1317401036.223 | feat 3483/10585 | map  23286 | icp ok  iter  6 corr  2808 rms 0.0605   31.95 ms | p=(  183.69  -354.49  16.31) v=9.35 m/s [KF]
[lio] t=1317401036.327 | feat 3438/10547 | map  23553 | icp ok  iter  5 corr  2771 rms 0.0592   24.76 ms | p=(  184.25  -353.71  16.33) v=9.33 m/s
[lio] t=1317401036.431 | feat 3504/10389 | map  23553 | icp ok  iter  4 corr  2842 rms 0.0624   20.50 ms | p=(  184.84  -352.93  16.33) v=9.41 m/s [KF]
[lio] t=1317401036.535 | feat 3394/10440 | map  23728 | icp ok  iter  4 corr  2734 rms 0.0629   19.81 ms | p=(  185.41  -352.15  16.35) v=9.42 m/s
[lio] t=1317401036.639 | feat 3490/10576 | map  23728 | icp ok  iter  5 corr  2766 rms 0.0646   26.52 ms | p=(  186.02  -351.32  16.36) v=9.70 m/s [KF]
[lio] t=1317401036.743 | feat 3307/10320 | map  23792 | icp ok  iter  6 corr  2735 rms 0.0545   29.09 ms | p=(  186.60  -350.52  16.38) v=9.64 m/s
[lio] t=1317401036.847 | feat 3366/10480 | map  23792 | icp ok  iter  5 corr  2738 rms 0.0570   24.02 ms | p=(  187.19  -349.71  16.39) v=9.71 m/s [KF]
[lio] t=1317401036.951 | feat 3286/10521 | map  23792 | icp ok  iter  3 corr  2747 rms 0.0612   16.09 ms | p=(  187.80  -348.88  16.40) v=9.82 m/s [KF]
[lio] t=1317401037.055 | feat 3311/10395 | map  23842 | icp ok  iter  3 corr  2711 rms 0.0561   15.19 ms | p=(  188.40  -348.05  16.42) v=9.83 m/s [KF]
[lio] t=1317401037.159 | feat 2917/9974 | map  23938 | icp ok  iter  5 corr  2468 rms 0.0536   21.73 ms | p=(  188.99  -347.23  16.43) v=9.77 m/s [KF]
[lio] t=1317401037.263 | feat 2804/9790 | map  23827 | icp ok  iter  4 corr  2401 rms 0.0517   16.93 ms | p=(  189.58  -346.41  16.43) v=9.74 m/s [KF]
[lio] t=1317401037.367 | feat 2705/9554 | map  23615 | icp ok  iter  5 corr  2310 rms 0.0571   20.64 ms | p=(  190.17  -345.59  16.44) v=9.72 m/s [KF]
[lio] t=1317401037.471 | feat 2920/9857 | map  23330 | icp ok  iter  3 corr  2467 rms 0.0518   12.25 ms | p=(  190.76  -344.77  16.45) v=9.70 m/s [KF]
[lio] t=1317401037.575 | feat 3080/10236 | map  23042 | icp ok  iter  5 corr  2593 rms 0.0571   22.82 ms | p=(  191.36  -343.96  16.46) v=9.68 m/s [KF]
[lio] t=1317401037.679 | feat 3186/10460 | map  22811 | icp ok  iter  7 corr  2703 rms 0.0530   31.64 ms | p=(  191.96  -343.14  16.47) v=9.71 m/s [KF]
[lio] t=1317401037.783 | feat 3220/10713 | map  22447 | icp ok  iter  3 corr  2714 rms 0.0523   15.10 ms | p=(  192.55  -342.32  16.48) v=9.68 m/s [KF]
[lio] t=1317401037.887 | feat 3124/10958 | map  22077 | icp ok  iter  4 corr  2606 rms 0.0568   18.45 ms | p=(  193.13  -341.52  16.47) v=9.57 m/s
[lio] t=1317401037.991 | feat 3073/10814 | map  22077 | icp ok  iter  4 corr  2531 rms 0.0567   16.60 ms | p=(  193.70  -340.72  16.48) v=9.46 m/s [KF]
[lio] t=1317401038.095 | feat 3116/10730 | map  21608 | icp ok  iter  4 corr  2543 rms 0.0644   15.94 ms | p=(  194.29  -339.92  16.49) v=9.52 m/s
[lio] t=1317401038.199 | feat 2576/9674 | map  21608 | icp ok  iter  5 corr  2085 rms 0.0591   18.10 ms | p=(  194.88  -339.10  16.49) v=9.66 m/s [KF]
[lio] t=1317401038.303 | feat 2376/9194 | map  21074 | icp ok  iter  4 corr  1969 rms 0.0567   13.31 ms | p=(  195.47  -338.29  16.49) v=9.58 m/s
[lio] t=1317401038.407 | feat 2265/8944 | map  21074 | icp ok  iter  4 corr  1850 rms 0.0685   13.13 ms | p=(  196.05  -337.46  16.49) v=9.68 m/s [KF]
[lio] t=1317401038.511 | feat 2178/8873 | map  20524 | icp ok  iter  5 corr  1785 rms 0.0757   16.11 ms | p=(  196.63  -336.68  16.50) v=9.42 m/s
[lio] t=1317401038.615 | feat 2115/8894 | map  20524 | icp ok  iter  5 corr  1662 rms 0.0604   15.15 ms | p=(  197.21  -335.86  16.50) v=9.52 m/s [KF]
[lio] t=1317401038.718 | feat 2102/9106 | map  19853 | icp ok  iter  5 corr  1711 rms 0.0628   14.51 ms | p=(  197.78  -335.11  16.50) v=9.21 m/s
[lio] t=1317401038.822 | feat 2001/9226 | map  19853 | icp ok  iter  7 corr  1631 rms 0.0581   19.09 ms | p=(  198.34  -334.28  16.51) v=9.40 m/s [KF]
[lio] t=1317401038.926 | feat 2083/9347 | map  19293 | icp ok  iter  7 corr  1670 rms 0.0513   20.52 ms | p=(  198.89  -333.54  16.52) v=9.01 m/s
[lio] t=1317401039.030 | feat 2287/9417 | map  19293 | icp ok  iter  5 corr  1809 rms 0.0657   16.02 ms | p=(  199.42  -332.81  16.53) v=8.69 m/s [KF]
[lio] t=1317401039.134 | feat 2030/9259 | map  18813 | icp ok  iter  5 corr  1624 rms 0.0546   14.96 ms | p=(  199.97  -332.01  16.53) v=9.05 m/s
[lio] t=1317401039.237 | feat 2219/9173 | map  18813 | icp ok  iter  5 corr  1686 rms 0.0826   15.88 ms | p=(  200.46  -331.30  16.54) v=8.53 m/s [KF]
[lio] t=1317401039.341 | feat 2134/9139 | map  18375 | icp ok  iter 12 corr  1678 rms 0.0662   37.30 ms | p=(  200.97  -330.55  16.55) v=8.58 m/s
[lio] t=1317401039.445 | feat 2023/8953 | map  18375 | icp ok  iter  6 corr  1526 rms 0.0670   16.45 ms | p=(  201.47  -329.78  16.56) v=8.66 m/s [KF]
[lio] t=1317401039.548 | feat 2059/9060 | map  17923 | icp ok  iter  5 corr  1557 rms 0.0597   14.40 ms | p=(  201.94  -329.02  16.57) v=8.59 m/s
[lio] t=1317401039.652 | feat 1981/8750 | map  17923 | icp ok  iter  6 corr  1498 rms 0.0631   15.65 ms | p=(  202.37  -328.28  16.58) v=8.33 m/s [KF]
[lio] t=1317401039.756 | feat 2012/8660 | map  17417 | icp ok  iter  5 corr  1539 rms 0.0509   14.38 ms | p=(  202.78  -327.55  16.58) v=8.17 m/s
[lio] t=1317401039.859 | feat 2008/8683 | map  17417 | icp ok  iter  5 corr  1466 rms 0.0572   14.40 ms | p=(  203.21  -326.75  16.59) v=8.48 m/s [KF]
[lio] t=1317401039.963 | feat 1949/8717 | map  16944 | icp ok  iter  4 corr  1444 rms 0.0542   10.42 ms | p=(  203.59  -325.98  16.60) v=8.33 m/s
[lio] t=1317401040.067 | feat 2001/8956 | map  16944 | icp ok  iter 10 corr  1462 rms 0.0771   28.80 ms | p=(  203.93  -325.20  16.60) v=8.23 m/s [KF]
[lio] t=1317401040.170 | feat 2192/9322 | map  16374 | icp ok  iter  4 corr  1715 rms 0.0674   13.27 ms | p=(  204.26  -324.41  16.60) v=8.24 m/s
[lio] t=1317401040.274 | feat 2084/9531 | map  16374 | icp ok  iter  3 corr  1520 rms 0.0607    9.72 ms | p=(  204.54  -323.61  16.61) v=8.14 m/s [KF]
[lio] t=1317401040.378 | feat 2043/9716 | map  16094 | icp ok  iter 12 corr  1534 rms 0.0721   33.94 ms | p=(  204.82  -322.81  16.61) v=8.15 m/s
[lio] t=1317401040.481 | feat 2031/9679 | map  16094 | icp ok  iter  6 corr  1537 rms 0.0794   18.55 ms | p=(  205.08  -321.97  16.61) v=8.35 m/s [KF]
[lio] t=1317401040.585 | feat 2125/9645 | map  15727 | icp ok  iter  6 corr  1533 rms 0.0543   16.95 ms | p=(  205.26  -321.16  16.60) v=8.13 m/s
[lio] t=1317401040.689 | feat 2242/9825 | map  15727 | icp ok  iter  5 corr  1571 rms 0.0613   13.97 ms | p=(  205.47  -320.35  16.63) v=8.06 m/s [KF]
[lio] t=1317401040.793 | feat 2296/10293 | map  15486 | icp ok  iter  6 corr  1740 rms 0.0727   19.40 ms | p=(  205.64  -319.54  16.64) v=8.02 m/s
[lio] t=1317401040.897 | feat 2325/10806 | map  15486 | icp ok  iter  5 corr  1742 rms 0.0629   15.93 ms | p=(  205.78  -318.70  16.63) v=8.18 m/s [KF]
[lio] t=1317401041.000 | feat 2379/11067 | map  15261 | icp ok  iter  6 corr  1836 rms 0.0534   18.10 ms | p=(  205.89  -317.88  16.61) v=8.11 m/s
[lio] t=1317401041.104 | feat 2432/11326 | map  15261 | icp ok  iter  7 corr  1865 rms 0.0753   24.39 ms | p=(  205.98  -317.02  16.59) v=8.30 m/s [KF]
[lio] t=1317401041.208 | feat 2537/11501 | map  15050 | icp ok  iter  6 corr  2013 rms 0.0586   23.05 ms | p=(  206.05  -316.15  16.58) v=8.37 m/s
[lio] t=1317401041.312 | feat 2739/11756 | map  15050 | icp ok  iter  6 corr  2108 rms 0.0608   24.20 ms | p=(  206.07  -315.30  16.59) v=8.34 m/s [KF]
[lio] t=1317401041.416 | feat 2678/11966 | map  15010 | icp ok  iter  5 corr  2131 rms 0.0502   18.84 ms | p=(  206.10  -314.45  16.58) v=8.33 m/s
[lio] t=1317401041.520 | feat 2800/12146 | map  15010 | icp ok  iter  5 corr  2098 rms 0.0562   19.35 ms | p=(  206.10  -313.53  16.57) v=8.67 m/s [KF]
[lio] t=1317401041.624 | feat 2661/12185 | map  14917 | icp ok  iter  5 corr  2106 rms 0.0557   17.50 ms | p=(  206.09  -312.63  16.56) v=8.73 m/s
[lio] t=1317401041.728 | feat 2713/12109 | map  14917 | icp ok  iter  5 corr  2130 rms 0.0555   20.25 ms | p=(  206.04  -311.79  16.54) v=8.43 m/s [KF]
[lio] t=1317401041.832 | feat 2826/12324 | map  14891 | icp ok  iter  6 corr  2211 rms 0.0501   25.23 ms | p=(  205.99  -310.86  16.52) v=8.82 m/s
[lio] t=1317401041.936 | feat 2842/12269 | map  14891 | icp ok  iter  5 corr  2185 rms 0.0730   21.54 ms | p=(  205.89  -309.94  16.51) v=8.95 m/s [KF]
[lio] t=1317401042.040 | feat 2774/12353 | map  14917 | icp ok  iter  4 corr  2164 rms 0.0584   15.68 ms | p=(  205.81  -309.00  16.52) v=9.07 m/s
[lio] t=1317401042.144 | feat 2704/12230 | map  14917 | icp ok  iter  5 corr  2149 rms 0.0651   20.55 ms | p=(  205.75  -308.06  16.51) v=9.18 m/s [KF]
[lio] t=1317401042.248 | feat 2623/12095 | map  14913 | icp ok  iter  6 corr  2017 rms 0.0527   23.23 ms | p=(  205.62  -307.11  16.47) v=9.27 m/s
[lio] t=1317401042.352 | feat 2554/12136 | map  14913 | icp ok  iter  6 corr  1885 rms 0.0655   21.25 ms | p=(  205.51  -306.14  16.47) v=9.38 m/s [KF]
[lio] t=1317401042.456 | feat 2552/11896 | map  14841 | icp ok  iter  6 corr  1979 rms 0.0603   21.24 ms | p=(  205.37  -305.20  16.46) v=9.34 m/s
[lio] t=1317401042.560 | feat 2433/11870 | map  14841 | icp ok  iter  2 corr  1859 rms 0.0732    7.21 ms | p=(  205.23  -304.24  16.44) v=9.44 m/s [KF]
[lio] t=1317401042.664 | feat 2314/11615 | map  14573 | icp ok  iter  5 corr  1798 rms 0.0499   16.63 ms | p=(  205.07  -303.28  16.44) v=9.46 m/s
[lio] t=1317401042.768 | feat 2344/11541 | map  14573 | icp ok  iter  5 corr  1776 rms 0.0535   15.95 ms | p=(  204.90  -302.27  16.41) v=9.78 m/s [KF]
[lio] t=1317401042.872 | feat 2390/11416 | map  14275 | icp ok  iter  4 corr  1848 rms 0.0529   12.70 ms | p=(  204.75  -301.27  16.41) v=9.78 m/s [KF]
[lio] t=1317401042.976 | feat 2481/11318 | map  13821 | icp ok  iter  4 corr  1890 rms 0.0537   13.04 ms | p=(  204.59  -300.27  16.37) v=9.89 m/s [KF]
[lio] t=1317401043.080 | feat 2360/11144 | map  13327 | icp ok  iter  5 corr  1761 rms 0.0476   15.30 ms | p=(  204.43  -299.26  16.36) v=9.92 m/s [KF]
[lio] t=1317401043.184 | feat 2355/10781 | map  12981 | icp ok  iter  5 corr  1764 rms 0.0549   15.28 ms | p=(  204.24  -298.23  16.33) v=10.13 m/s [KF]
[lio] t=1317401043.288 | feat 2275/10471 | map  12837 | icp ok  iter  4 corr  1700 rms 0.0564   12.57 ms | p=(  204.07  -297.19  16.32) v=10.20 m/s [KF]
[lio] t=1317401043.392 | feat 2093/10000 | map  12760 | icp ok  iter  5 corr  1590 rms 0.0551   13.27 ms | p=(  203.88  -296.12  16.30) v=10.41 m/s [KF]
[lio] t=1317401043.496 | feat 2073/9782 | map  12654 | icp ok  iter  5 corr  1594 rms 0.0516   13.61 ms | p=(  203.70  -295.06  16.29) v=10.46 m/s [KF]
[lio] t=1317401043.600 | feat 1918/9315 | map  12511 | icp ok  iter  3 corr  1475 rms 0.0495    7.72 ms | p=(  203.50  -293.99  16.26) v=10.59 m/s [KF]
[lio] t=1317401043.704 | feat 1882/9207 | map  12176 | icp ok  iter  4 corr  1439 rms 0.0576   10.38 ms | p=(  203.29  -292.92  16.24) v=10.61 m/s [KF]
[lio] t=1317401043.808 | feat 1699/9217 | map  11989 | icp ok  iter  4 corr  1284 rms 0.0567    9.50 ms | p=(  203.10  -291.81  16.21) v=10.80 m/s [KF]
[lio] t=1317401043.912 | feat 1665/9147 | map  11876 | icp ok  iter 12 corr  1278 rms 0.0593   27.30 ms | p=(  202.90  -290.73  16.19) v=10.72 m/s [KF]
[lio] t=1317401044.016 | feat 1593/8799 | map  11760 | icp ok  iter  4 corr  1236 rms 0.0789    8.62 ms | p=(  202.69  -289.64  16.16) v=10.79 m/s [KF]
[lio] t=1317401044.120 | feat 1585/8712 | map  11678 | icp ok  iter  5 corr  1181 rms 0.0623   11.08 ms | p=(  202.49  -288.50  16.14) v=11.10 m/s [KF]
[lio] t=1317401044.224 | feat 1598/8519 | map  11473 | icp ok  iter  4 corr  1229 rms 0.0519    8.70 ms | p=(  202.29  -287.37  16.10) v=11.14 m/s [KF]
[lio] t=1317401044.328 | feat 1578/8508 | map  11355 | icp ok  iter  4 corr  1196 rms 0.0568    8.69 ms | p=(  202.06  -286.23  16.09) v=11.27 m/s [KF]
[lio] t=1317401044.432 | feat 1552/8786 | map  11276 | icp ok  iter  5 corr  1120 rms 0.0736   10.13 ms | p=(  201.86  -285.10  16.07) v=11.14 m/s [KF]
[lio] t=1317401044.536 | feat 1514/8752 | map  11245 | icp ok  iter  3 corr  1113 rms 0.0673    5.64 ms | p=(  201.63  -283.97  16.04) v=11.21 m/s [KF]
[lio] t=1317401044.640 | feat 1473/8879 | map  11146 | icp ok  iter  4 corr  1028 rms 0.0692    6.92 ms | p=(  201.40  -282.81  16.01) v=11.34 m/s [KF]
[lio] t=1317401044.743 | feat 1603/8830 | map  10980 | icp ok  iter  4 corr  1176 rms 0.0725    8.39 ms | p=(  201.18  -281.65  16.00) v=11.38 m/s [KF]
[lio] t=1317401044.847 | feat 1625/8890 | map  10760 | icp ok  iter  5 corr  1189 rms 0.0704   12.03 ms | p=(  200.92  -280.47  15.98) v=11.57 m/s [KF]
[lio] t=1317401044.951 | feat 1755/8998 | map  10556 | icp ok  iter  5 corr  1233 rms 0.0512   10.52 ms | p=(  200.73  -279.35  15.95) v=11.23 m/s [KF]
[lio] t=1317401045.055 | feat 1776/9011 | map  10316 | icp ok  iter  4 corr  1215 rms 0.0616    8.93 ms | p=(  200.50  -278.19  15.93) v=11.33 m/s [KF]
[lio] t=1317401045.159 | feat 1685/8818 | map  10048 | icp ok  iter  4 corr  1197 rms 0.0761    9.13 ms | p=(  200.29  -277.02  15.93) v=11.38 m/s [KF]
[lio] t=1317401045.263 | feat 1582/8775 | map   9809 | icp ok  iter  7 corr  1071 rms 0.0621   14.88 ms | p=(  200.07  -275.89  15.90) v=11.23 m/s [KF]
[lio] t=1317401045.367 | feat 1744/8778 | map   9619 | icp ok  iter  5 corr  1187 rms 0.0830   11.09 ms | p=(  199.84  -274.71  15.88) v=11.41 m/s [KF]
[lio] t=1317401045.471 | feat 1593/8503 | map   9554 | icp ok  iter  4 corr  1109 rms 0.1086    9.05 ms | p=(  199.64  -273.56  15.87) v=11.31 m/s [KF]
[lio] t=1317401045.574 | feat 1573/8362 | map   9384 | icp ok  iter  5 corr  1095 rms 0.0718   10.37 ms | p=(  199.39  -272.41  15.85) v=11.34 m/s [KF]
[lio] t=1317401045.678 | feat 1652/8525 | map   9146 | icp ok  iter  5 corr  1197 rms 0.0631   10.96 ms | p=(  199.16  -271.26  15.81) v=11.27 m/s [KF]
[lio] t=1317401045.782 | feat 1607/8357 | map   8963 | icp ok  iter  5 corr  1140 rms 0.0537   11.00 ms | p=(  198.93  -270.13  15.78) v=11.18 m/s [KF]
[lio] t=1317401045.886 | feat 1573/8286 | map   8741 | icp ok  iter  5 corr  1141 rms 0.0684   10.72 ms | p=(  198.74  -269.02  15.76) v=10.97 m/s [KF]
[lio] t=1317401045.990 | feat 1592/8232 | map   8477 | icp ok  iter  4 corr  1156 rms 0.0712    8.31 ms | p=(  198.51  -267.88  15.74) v=11.14 m/s [KF]
[lio] t=1317401046.094 | feat 1515/8190 | map   8348 | icp ok  iter  5 corr  1103 rms 0.0574   10.03 ms | p=(  198.29  -266.72  15.72) v=11.25 m/s [KF]
[lio] t=1317401046.198 | feat 1521/8220 | map   8149 | icp ok  iter  4 corr  1112 rms 0.0518    7.33 ms | p=(  198.07  -265.61  15.70) v=11.05 m/s [KF]
[lio] t=1317401046.302 | feat 1603/8340 | map   8128 | icp ok  iter  4 corr  1169 rms 0.0804    9.00 ms | p=(  197.85  -264.46  15.68) v=11.16 m/s [KF]
[lio] t=1317401046.406 | feat 1566/8260 | map   8117 | icp ok  iter  4 corr  1208 rms 0.0681    8.58 ms | p=(  197.64  -263.34  15.66) v=11.08 m/s [KF]
[lio] t=1317401046.509 | feat 1588/8409 | map   8070 | icp ok  iter  4 corr  1188 rms 0.0682    8.83 ms | p=(  197.42  -262.21  15.63) v=11.05 m/s [KF]
[lio] t=1317401046.613 | feat 1737/8480 | map   8088 | icp ok  iter  4 corr  1318 rms 0.0822    9.41 ms | p=(  197.21  -261.09  15.62) v=11.04 m/s [KF]
[lio] t=1317401046.717 | feat 1820/8736 | map   8207 | icp ok  iter  4 corr  1289 rms 0.0615    9.58 ms | p=(  196.99  -259.98  15.60) v=10.98 m/s [KF]
[lio] t=1317401046.821 | feat 1865/8910 | map   8351 | icp ok  iter  4 corr  1383 rms 0.0698    9.50 ms | p=(  196.77  -258.87  15.58) v=10.93 m/s [KF]
[lio] t=1317401046.924 | feat 1731/8713 | map   8507 | icp ok  iter  5 corr  1299 rms 0.0602   11.36 ms | p=(  196.54  -257.75  15.55) v=11.01 m/s [KF]
[lio] t=1317401047.028 | feat 1627/8648 | map   8623 | icp ok  iter  5 corr  1227 rms 0.0761   11.89 ms | p=(  196.33  -256.62  15.54) v=11.06 m/s [KF]
[lio] t=1317401047.132 | feat 1661/8731 | map   8587 | icp ok  iter  4 corr  1268 rms 0.0610    8.86 ms | p=(  196.10  -255.52  15.51) v=10.92 m/s [KF]
[lio] t=1317401047.236 | feat 1759/8902 | map   8561 | icp ok  iter  3 corr  1336 rms 0.0607    7.45 ms | p=(  195.88  -254.41  15.49) v=10.93 m/s [KF]
[lio] t=1317401047.339 | feat 1824/9097 | map   8643 | icp ok  iter  4 corr  1387 rms 0.0758   10.46 ms | p=(  195.64  -253.28  15.47) v=11.05 m/s [KF]
[lio] t=1317401047.443 | feat 1872/9131 | map   8731 | icp ok  iter  5 corr  1470 rms 0.0716   12.40 ms | p=(  195.41  -252.18  15.44) v=10.94 m/s [KF]
[lio] t=1317401047.547 | feat 1793/8958 | map   8791 | icp ok  iter  5 corr  1389 rms 0.0457   11.80 ms | p=(  195.21  -251.07  15.43) v=10.90 m/s [KF]
[lio] t=1317401047.651 | feat 1872/9054 | map   8767 | icp ok  iter  3 corr  1458 rms 0.0594    8.00 ms | p=(  194.98  -249.98  15.40) v=10.83 m/s [KF]
[lio] t=1317401047.754 | feat 1906/9184 | map   8722 | icp ok  iter  5 corr  1490 rms 0.0592   12.91 ms | p=(  194.76  -248.86  15.38) v=10.93 m/s [KF]
[lio] t=1317401047.858 | feat 1907/8997 | map   8790 | icp ok  iter  6 corr  1499 rms 0.0557   14.93 ms | p=(  194.54  -247.77  15.35) v=10.82 m/s [KF]
[lio] t=1317401047.962 | feat 1729/8746 | map   8840 | icp ok  iter  5 corr  1306 rms 0.0537   11.74 ms | p=(  194.30  -246.65  15.32) v=10.98 m/s [KF]
[lio] t=1317401048.066 | feat 1931/8669 | map   8783 | icp ok  iter  3 corr  1555 rms 0.0645    8.94 ms | p=(  194.06  -245.55  15.30) v=10.90 m/s [KF]
[lio] t=1317401048.169 | feat 1899/8659 | map   8838 | icp ok  iter  4 corr  1544 rms 0.0776   10.75 ms | p=(  193.84  -244.44  15.27) v=10.88 m/s [KF]
[lio] t=1317401048.273 | feat 1879/8522 | map   8855 | icp ok  iter  3 corr  1537 rms 0.0589    8.20 ms | p=(  193.61  -243.34  15.24) v=10.91 m/s [KF]
[lio] t=1317401048.377 | feat 1953/8456 | map   8873 | icp ok  iter  5 corr  1551 rms 0.0465   12.74 ms | p=(  193.39  -242.25  15.21) v=10.80 m/s [KF]
[lio] t=1317401048.481 | feat 1901/8384 | map   8923 | icp ok  iter  7 corr  1521 rms 0.0534   18.47 ms | p=(  193.15  -241.15  15.18) v=10.83 m/s [KF]
[lio] t=1317401048.585 | feat 1918/8297 | map   8984 | icp ok  iter  3 corr  1518 rms 0.0640    8.04 ms | p=(  192.95  -240.05  15.15) v=10.82 m/s [KF]
[lio] t=1317401048.689 | feat 1929/8227 | map   9029 | icp ok  iter  6 corr  1494 rms 0.0758   16.15 ms | p=(  192.72  -238.95  15.12) v=10.84 m/s [KF]
[lio] t=1317401048.792 | feat 1825/7968 | map   9123 | icp ok  iter  4 corr  1452 rms 0.0531   10.09 ms | p=(  192.50  -237.83  15.09) v=10.92 m/s [KF]
[lio] t=1317401048.896 | feat 1883/8018 | map   9199 | icp ok  iter  4 corr  1486 rms 0.0630   10.94 ms | p=(  192.27  -236.75  15.07) v=10.77 m/s [KF]
[lio] t=1317401049.000 | feat 1922/8050 | map   9228 | icp ok  iter  7 corr  1493 rms 0.0523   18.36 ms | p=(  192.06  -235.66  15.05) v=10.77 m/s [KF]
[lio] t=1317401049.104 | feat 1857/8000 | map   9267 | icp ok  iter  4 corr  1391 rms 0.0581   10.23 ms | p=(  191.84  -234.57  15.00) v=10.76 m/s [KF]
[lio] t=1317401049.207 | feat 1922/7963 | map   9269 | icp ok  iter  4 corr  1415 rms 0.0535    9.52 ms | p=(  191.62  -233.47  14.98) v=10.83 m/s [KF]
[lio] t=1317401049.311 | feat 2057/7880 | map   9291 | icp ok  iter  3 corr  1572 rms 0.0771    8.60 ms | p=(  191.40  -232.36  14.95) v=10.89 m/s [KF]
[lio] t=1317401049.415 | feat 2062/7940 | map   9288 | icp ok  iter  2 corr  1575 rms 0.0620    6.13 ms | p=(  191.16  -231.25  14.91) v=10.92 m/s [KF]
[lio] t=1317401049.519 | feat 1880/7767 | map   9241 | icp ok  iter  4 corr  1454 rms 0.0588   11.08 ms | p=(  190.94  -230.16  14.88) v=10.85 m/s [KF]
[lio] t=1317401049.623 | feat 1860/7786 | map   9190 | icp ok  iter 12 corr  1373 rms 0.0588   29.70 ms | p=(  190.70  -229.04  14.86) v=10.94 m/s [KF]
[lio] t=1317401049.726 | feat 2001/8039 | map   9190 | icp ok  iter  3 corr  1510 rms 0.0620    8.08 ms | p=(  190.47  -227.97  14.82) v=10.74 m/s [KF]
[lio] t=1317401049.830 | feat 1922/7844 | map   9227 | icp ok  iter  4 corr  1467 rms 0.0629    9.80 ms | p=(  190.24  -226.87  14.78) v=10.89 m/s [KF]
[lio] t=1317401049.934 | feat 1787/7735 | map   9213 | icp ok  iter  4 corr  1345 rms 0.0624   10.15 ms | p=(  190.02  -225.76  14.73) v=10.94 m/s [KF]
[lio] t=1317401050.038 | feat 1759/7592 | map   9138 | icp ok  iter  4 corr  1280 rms 0.0708    8.71 ms | p=(  189.79  -224.64  14.71) v=10.96 m/s [KF]
[lio] t=1317401050.141 | feat 1861/7656 | map   9108 | icp ok  iter  4 corr  1476 rms 0.0705   11.22 ms | p=(  189.55  -223.56  14.69) v=10.79 m/s [KF]
[lio] t=1317401050.245 | feat 1940/7744 | map   9076 | icp ok  iter  5 corr  1573 rms 0.0613   13.49 ms | p=(  189.31  -222.47  14.65) v=10.83 m/s [KF]
[lio] t=1317401050.349 | feat 1685/7588 | map   9029 | icp ok  iter  4 corr  1325 rms 0.0610    9.73 ms | p=(  189.08  -221.37  14.60) v=10.85 m/s [KF]
[lio] t=1317401050.453 | feat 1879/7592 | map   8985 | icp ok  iter  5 corr  1434 rms 0.0524   13.79 ms | p=(  188.84  -220.24  14.57) v=11.05 m/s [KF]
[lio] t=1317401050.557 | feat 1745/7682 | map   8999 | icp ok  iter  4 corr  1392 rms 0.0718   10.47 ms | p=(  188.62  -219.15  14.57) v=10.88 m/s [KF]
[lio] t=1317401050.660 | feat 1702/7862 | map   8969 | icp ok  iter  5 corr  1381 rms 0.0592   11.87 ms | p=(  188.37  -218.05  14.52) v=10.91 m/s [KF]
[lio] t=1317401050.764 | feat 1901/7831 | map   8936 | icp ok  iter  3 corr  1551 rms 0.0618    8.70 ms | p=(  188.13  -216.94  14.49) v=10.94 m/s [KF]
[lio] t=1317401050.868 | feat 1881/7875 | map   8990 | icp ok  iter  4 corr  1558 rms 0.0542   10.63 ms | p=(  187.89  -215.83  14.45) v=11.00 m/s [KF]
[lio] t=1317401050.972 | feat 1774/7834 | map   8971 | icp ok  iter  4 corr  1461 rms 0.0434    9.89 ms | p=(  187.66  -214.73  14.43) v=10.91 m/s [KF]
[lio] t=1317401051.076 | feat 1898/7785 | map   8896 | icp ok  iter  4 corr  1568 rms 0.0477   10.26 ms | p=(  187.42  -213.62  14.41) v=10.98 m/s [KF]
[lio] t=1317401051.179 | feat 1859/7672 | map   8808 | icp ok  iter  4 corr  1580 rms 0.0755   11.42 ms | p=(  187.18  -212.52  14.38) v=10.90 m/s [KF]
[lio] t=1317401051.283 | feat 1698/7567 | map   8749 | icp ok  iter  4 corr  1380 rms 0.0451    9.84 ms | p=(  186.96  -211.39  14.35) v=11.09 m/s [KF]
[lio] t=1317401051.387 | feat 1784/7585 | map   8609 | icp ok  iter  5 corr  1479 rms 0.0562   12.49 ms | p=(  186.73  -210.29  14.33) v=10.94 m/s [KF]
[lio] t=1317401051.491 | feat 1738/7427 | map   8573 | icp ok  iter  4 corr  1450 rms 0.0520    9.71 ms | p=(  186.48  -209.17  14.30) v=11.01 m/s [KF]
[lio] t=1317401051.595 | feat 1630/7338 | map   8486 | icp ok  iter  3 corr  1344 rms 0.0560    7.10 ms | p=(  186.25  -208.05  14.27) v=11.03 m/s [KF]
[lio] t=1317401051.699 | feat 1625/7206 | map   8395 | icp ok  iter  4 corr  1275 rms 0.0628    8.83 ms | p=(  186.01  -206.92  14.23) v=11.12 m/s [KF]
[lio] t=1317401051.802 | feat 1638/7188 | map   8347 | icp ok  iter  4 corr  1334 rms 0.0883    9.55 ms | p=(  185.78  -205.82  14.20) v=10.97 m/s [KF]
[lio] t=1317401051.906 | feat 1520/7275 | map   8298 | icp ok  iter  4 corr  1221 rms 0.0580    8.41 ms | p=(  185.54  -204.73  14.17) v=10.80 m/s [KF]
[lio] t=1317401052.010 | feat 1665/7210 | map   8220 | icp ok  iter  5 corr  1344 rms 0.0524   10.38 ms | p=(  185.30  -203.61  14.14) v=10.95 m/s [KF]
[lio] t=1317401052.114 | feat 1676/7140 | map   8153 | icp ok  iter  4 corr  1360 rms 0.1058    9.66 ms | p=(  185.09  -202.53  14.11) v=10.76 m/s [KF]
[lio] t=1317401052.218 | feat 1665/7077 | map   8132 | icp ok  iter  4 corr  1323 rms 0.0730    9.75 ms | p=(  184.84  -201.39  14.06) v=11.12 m/s [KF]
[lio] t=1317401052.322 | feat 1756/7043 | map   8126 | icp ok  iter  4 corr  1370 rms 0.0818    9.90 ms | p=(  184.59  -200.29  14.03) v=10.98 m/s [KF]
[lio] t=1317401052.425 | feat 1710/7057 | map   8102 | icp ok  iter  4 corr  1392 rms 0.0627   10.33 ms | p=(  184.36  -199.16  14.01) v=11.02 m/s [KF]
[lio] t=1317401052.529 | feat 1790/7040 | map   8027 | icp ok  iter  5 corr  1486 rms 0.0613   13.16 ms | p=(  184.13  -198.08  13.97) v=10.78 m/s [KF]
[lio] t=1317401052.633 | feat 1804/7046 | map   8003 | icp ok  iter  7 corr  1402 rms 0.0759   18.88 ms | p=(  183.89  -196.96  13.93) v=10.96 m/s [KF]
[lio] t=1317401052.737 | feat 1840/7035 | map   7978 | icp ok  iter  5 corr  1479 rms 0.0660   14.15 ms | p=(  183.66  -195.89  13.91) v=10.75 m/s [KF]
[lio] t=1317401052.841 | feat 1816/7129 | map   7938 | icp ok  iter  6 corr  1513 rms 0.0606   15.56 ms | p=(  183.44  -194.79  13.89) v=10.78 m/s [KF]
[lio] t=1317401052.944 | feat 1679/7224 | map   7876 | icp ok  iter  5 corr  1340 rms 0.0741   12.88 ms | p=(  183.20  -193.70  13.85) v=10.81 m/s [KF]
[lio] t=1317401053.048 | feat 1698/7342 | map   7921 | icp ok  iter  5 corr  1316 rms 0.0607   11.55 ms | p=(  182.97  -192.61  13.82) v=10.73 m/s [KF]
[lio] t=1317401053.152 | feat 1632/7378 | map   7913 | icp ok  iter  4 corr  1316 rms 0.0808    9.45 ms | p=(  182.73  -191.51  13.79) v=10.84 m/s [KF]
[lio] t=1317401053.256 | feat 1562/7525 | map   7934 | icp ok  iter  5 corr  1262 rms 0.0652   11.72 ms | p=(  182.51  -190.43  13.76) v=10.68 m/s [KF]
[lio] t=1317401053.360 | feat 1530/7478 | map   7949 | icp ok  iter  4 corr  1200 rms 0.0661    9.00 ms | p=(  182.27  -189.32  13.71) v=10.87 m/s [KF]
[lio] t=1317401053.463 | feat 1479/7482 | map   7898 | icp ok  iter  5 corr  1189 rms 0.0548   10.53 ms | p=(  182.05  -188.28  13.68) v=10.52 m/s [KF]
[lio] t=1317401053.567 | feat 1480/7653 | map   7872 | icp ok  iter  4 corr  1098 rms 0.0748    8.08 ms | p=(  181.83  -187.18  13.64) v=10.67 m/s [KF]
[lio] t=1317401053.671 | feat 1529/7889 | map   7956 | icp ok  iter  3 corr  1127 rms 0.0829    6.03 ms | p=(  181.61  -186.11  13.61) v=10.62 m/s [KF]
[lio] t=1317401053.775 | feat 1527/7832 | map   8010 | icp ok  iter  4 corr  1168 rms 0.0557    7.82 ms | p=(  181.39  -185.03  13.58) v=10.64 m/s [KF]
[lio] t=1317401053.879 | feat 1603/7923 | map   8049 | icp ok  iter  5 corr  1239 rms 0.0760   10.99 ms | p=(  181.16  -183.92  13.54) v=10.81 m/s [KF]
[lio] t=1317401053.982 | feat 1618/8018 | map   8184 | icp ok  iter  4 corr  1206 rms 0.0571    7.70 ms | p=(  180.93  -182.85  13.51) v=10.67 m/s [KF]
[lio] t=1317401054.086 | feat 1746/8086 | map   8282 | icp ok  iter  5 corr  1323 rms 0.0579   11.08 ms | p=(  180.72  -181.79  13.47) v=10.53 m/s [KF]
[lio] t=1317401054.190 | feat 1710/8098 | map   8442 | icp ok  iter  6 corr  1392 rms 0.0790   14.84 ms | p=(  180.51  -180.70  13.44) v=10.63 m/s [KF]
[lio] t=1317401054.294 | feat 1879/8179 | map   8624 | icp ok  iter  4 corr  1502 rms 0.0830   11.35 ms | p=(  180.28  -179.63  13.40) v=10.61 m/s [KF]
[lio] t=1317401054.398 | feat 1784/8035 | map   8876 | icp ok  iter  5 corr  1480 rms 0.0590   12.98 ms | p=(  180.05  -178.54  13.36) v=10.67 m/s [KF]
[lio] t=1317401054.501 | feat 1600/7902 | map   9019 | icp ok  iter  6 corr  1289 rms 0.0663   13.25 ms | p=(  179.85  -177.50  13.33) v=10.46 m/s [KF]
[lio] t=1317401054.605 | feat 1543/7676 | map   9103 | icp ok  iter  4 corr  1268 rms 0.0659    8.86 ms | p=(  179.64  -176.44  13.29) v=10.43 m/s [KF]
[lio] t=1317401054.709 | feat 1575/7659 | map   9101 | icp ok  iter  4 corr  1305 rms 0.0650    8.54 ms | p=(  179.43  -175.37  13.25) v=10.48 m/s [KF]
[lio] t=1317401054.813 | feat 1521/7502 | map   9132 | icp ok  iter  4 corr  1259 rms 0.0518    8.91 ms | p=(  179.22  -174.29  13.22) v=10.57 m/s [KF]
[lio] t=1317401054.917 | feat 1541/7479 | map   9145 | icp ok  iter  3 corr  1262 rms 0.0793    7.02 ms | p=(  179.01  -173.23  13.17) v=10.50 m/s [KF]
[lio] t=1317401055.021 | feat 1573/7418 | map   9186 | icp ok  iter  3 corr  1283 rms 0.0736    7.21 ms | p=(  178.78  -172.17  13.12) v=10.49 m/s [KF]
[lio] t=1317401055.124 | feat 1519/7600 | map   9217 | icp ok  iter  5 corr  1215 rms 0.0751   10.54 ms | p=(  178.58  -171.14  13.09) v=10.32 m/s [KF]
[lio] t=1317401055.228 | feat 1782/7762 | map   9255 | icp ok  iter  5 corr  1287 rms 0.0698   11.44 ms | p=(  178.35  -170.06  13.05) v=10.51 m/s [KF]
[lio] t=1317401055.332 | feat 1825/7552 | map   9374 | icp ok  iter  3 corr  1524 rms 0.0695    8.01 ms | p=(  178.14  -169.00  12.99) v=10.50 m/s [KF]
[lio] t=1317401055.436 | feat 1851/7419 | map   9446 | icp ok  iter  4 corr  1485 rms 0.0665   10.93 ms | p=(  177.92  -167.94  12.96) v=10.49 m/s [KF]
[lio] t=1317401055.539 | feat 1758/7309 | map   9469 | icp ok  iter  4 corr  1449 rms 0.0641   10.82 ms | p=(  177.71  -166.88  12.93) v=10.44 m/s [KF]
[lio] t=1317401055.643 | feat 1783/7259 | map   9510 | icp ok  iter  4 corr  1498 rms 0.0659    9.75 ms | p=(  177.49  -165.83  12.88) v=10.41 m/s [KF]
[lio] t=1317401055.747 | feat 1659/6952 | map   9542 | icp ok  iter  4 corr  1350 rms 0.0541    9.22 ms | p=(  177.26  -164.79  12.83) v=10.36 m/s [KF]
[lio] t=1317401055.851 | feat 1593/6777 | map   9509 | icp ok  iter  4 corr  1244 rms 0.0520    8.99 ms | p=(  177.04  -163.73  12.78) v=10.48 m/s [KF]
[lio] t=1317401055.955 | feat 1589/6406 | map   9550 | icp ok  iter  4 corr  1249 rms 0.0750    8.26 ms | p=(  176.82  -162.66  12.74) v=10.55 m/s [KF]
[lio] t=1317401056.058 | feat 1416/6233 | map   9552 | icp ok  iter  4 corr  1035 rms 0.0744    7.29 ms | p=(  176.60  -161.59  12.72) v=10.50 m/s [KF]
[lio] t=1317401056.162 | feat 1421/6209 | map   9526 | icp ok  iter  4 corr  1067 rms 0.0812    8.47 ms | p=(  176.37  -160.51  12.68) v=10.62 m/s [KF]
[lio] t=1317401056.266 | feat 1393/6166 | map   9504 | icp ok  iter  4 corr  1047 rms 0.0823    7.78 ms | p=(  176.16  -159.47  12.65) v=10.42 m/s [KF]
[lio] t=1317401056.370 | feat 1568/6277 | map   9432 | icp ok  iter  4 corr  1212 rms 0.0617    8.70 ms | p=(  175.94  -158.41  12.60) v=10.45 m/s [KF]
[lio] t=1317401056.474 | feat 1535/6408 | map   9395 | icp ok  iter  5 corr  1149 rms 0.0656   11.09 ms | p=(  175.71  -157.36  12.57) v=10.39 m/s [KF]
[lio] t=1317401056.577 | feat 1527/6350 | map   9367 | icp ok  iter  4 corr  1117 rms 0.0614    8.71 ms | p=(  175.48  -156.31  12.53) v=10.45 m/s [KF]
[lio] t=1317401056.681 | feat 1524/6205 | map   9336 | icp ok  iter  3 corr  1101 rms 0.0748    6.26 ms | p=(  175.25  -155.25  12.50) v=10.43 m/s [KF]
[lio] t=1317401056.785 | feat 1565/6350 | map   9246 | icp ok  iter  4 corr  1126 rms 0.0774    8.66 ms | p=(  175.01  -154.19  12.46) v=10.52 m/s [KF]
[lio] t=1317401056.889 | feat 1599/6455 | map   9226 | icp ok  iter  5 corr  1135 rms 0.1095   10.49 ms | p=(  174.78  -153.06  12.43) v=10.86 m/s [KF]
[lio] t=1317401056.992 | feat 1580/6444 | map   9171 | icp ok  iter  5 corr  1161 rms 0.0661   10.82 ms | p=(  174.53  -152.09  12.38) v=10.12 m/s
[lio] t=1317401057.096 | feat 1604/6436 | map   9171 | icp ok  iter  5 corr  1201 rms 0.0938   10.76 ms | p=(  174.31  -151.02  12.33) v=10.42 m/s [KF]
[lio] t=1317401057.200 | feat 1626/6502 | map   9020 | icp ok  iter  4 corr  1194 rms 0.0713    9.62 ms | p=(  174.09  -150.00  12.30) v=10.23 m/s [KF]
[lio] t=1317401057.304 | feat 1712/6474 | map   8898 | icp ok  iter  4 corr  1239 rms 0.0705    8.48 ms | p=(  173.86  -148.94  12.27) v=10.40 m/s [KF]
[lio] t=1317401057.408 | feat 1605/6527 | map   8942 | icp ok  iter  5 corr  1149 rms 0.0896   10.38 ms | p=(  173.64  -147.90  12.24) v=10.30 m/s [KF]
[lio] t=1317401057.511 | feat 1705/6621 | map   8878 | icp ok  iter  5 corr  1193 rms 0.0672    9.86 ms | p=(  173.42  -146.86  12.20) v=10.29 m/s [KF]
[lio] t=1317401057.615 | feat 1660/6713 | map   8895 | icp ok  iter  4 corr  1229 rms 0.0665    9.03 ms | p=(  173.18  -145.82  12.16) v=10.30 m/s [KF]
[lio] t=1317401057.719 | feat 1740/6621 | map   8891 | icp ok  iter 12 corr  1362 rms 0.0824   28.32 ms | p=(  172.96  -144.79  12.14) v=10.23 m/s [KF]
[lio] t=1317401057.823 | feat 1608/6534 | map   8873 | icp ok  iter  4 corr  1243 rms 0.0501    8.12 ms | p=(  172.75  -143.76  12.09) v=10.19 m/s [KF]
[lio] t=1317401057.926 | feat 1527/6571 | map   8780 | icp ok  iter  3 corr  1164 rms 0.0715    5.70 ms | p=(  172.53  -142.72  12.05) v=10.23 m/s [KF]
[lio] t=1317401058.030 | feat 1501/6531 | map   8644 | icp ok  iter  4 corr  1123 rms 0.0742    7.64 ms | p=(  172.31  -141.70  12.02) v=10.14 m/s [KF]
[lio] t=1317401058.134 | feat 1473/6525 | map   8524 | icp ok  iter  5 corr  1157 rms 0.0828    9.75 ms | p=(  172.09  -140.66  11.97) v=10.20 m/s [KF]
[lio] t=1317401058.238 | feat 1508/6526 | map   8339 | icp ok  iter  5 corr  1144 rms 0.0538   10.19 ms | p=(  171.87  -139.65  11.94) v=10.04 m/s [KF]
[lio] t=1317401058.341 | feat 1556/6713 | map   8200 | icp ok  iter  4 corr  1190 rms 0.1044    9.18 ms | p=(  171.66  -138.64  11.91) v=9.99 m/s [KF]
[lio] t=1317401058.445 | feat 1539/6880 | map   8159 | icp ok  iter  3 corr  1206 rms 0.0729    7.03 ms | p=(  171.45  -137.63  11.87) v=10.00 m/s [KF]
[lio] t=1317401058.549 | feat 1682/6894 | map   8079 | icp ok  iter  5 corr  1308 rms 0.0555   11.41 ms | p=(  171.23  -136.58  11.83) v=10.16 m/s [KF]
[lio] t=1317401058.653 | feat 1730/6973 | map   7998 | icp ok  iter  5 corr  1350 rms 0.0574   12.92 ms | p=(  171.03  -135.60  11.81) v=9.88 m/s [KF]
[lio] t=1317401058.756 | feat 1713/7094 | map   7939 | icp ok  iter  5 corr  1386 rms 0.0491   12.29 ms | p=(  170.84  -134.62  11.78) v=9.69 m/s
[lio] t=1317401058.860 | feat 1726/7226 | map   7939 | icp ok  iter  6 corr  1350 rms 0.0538   14.27 ms | p=(  170.62  -133.60  11.73) v=9.90 m/s [KF]
[lio] t=1317401058.964 | feat 1814/7458 | map   7955 | icp ok  iter  4 corr  1494 rms 0.0659   11.52 ms | p=(  170.40  -132.58  11.70) v=9.99 m/s [KF]
[lio] t=1317401059.068 | feat 1947/7561 | map   7939 | icp ok  iter  4 corr  1533 rms 0.0891   11.69 ms | p=(  170.20  -131.63  11.67) v=9.59 m/s
[lio] t=1317401059.172 | feat 1905/7678 | map   7939 | icp ok  iter  7 corr  1450 rms 0.1055   19.28 ms | p=(  170.01  -130.68  11.64) v=9.43 m/s [KF]
[lio] t=1317401059.275 | feat 2062/7828 | map   8094 | icp ok  iter  8 corr  1586 rms 0.0657   23.90 ms | p=(  169.80  -129.67  11.60) v=9.77 m/s [KF]
[lio] t=1317401059.379 | feat 2087/7956 | map   8216 | icp ok  iter  3 corr  1618 rms 0.0855    8.73 ms | p=(  169.59  -128.68  11.57) v=9.73 m/s [KF]
[lio] t=1317401059.483 | feat 2215/8221 | map   8335 | icp ok  iter 12 corr  1756 rms 0.0683   35.82 ms | p=(  169.40  -127.70  11.53) v=9.65 m/s
[lio] t=1317401059.587 | feat 2255/8298 | map   8335 | icp ok  iter  5 corr  1697 rms 0.0777   15.84 ms | p=(  169.20  -126.74  11.50) v=9.54 m/s [KF]
[lio] t=1317401059.691 | feat 2362/8570 | map   8667 | icp ok  iter  6 corr  1853 rms 0.0551   18.70 ms | p=(  168.99  -125.79  11.46) v=9.40 m/s
[lio] t=1317401059.795 | feat 2434/8793 | map   8667 | icp ok  iter  5 corr  1808 rms 0.0714   15.80 ms | p=(  168.80  -124.86  11.43) v=9.19 m/s [KF]
[lio] t=1317401059.898 | feat 2495/8926 | map   9080 | icp ok  iter  7 corr  1905 rms 0.0610   24.31 ms | p=(  168.61  -123.96  11.40) v=8.93 m/s
[lio] t=1317401060.002 | feat 2529/9167 | map   9080 | icp ok  iter  8 corr  1855 rms 0.0740   26.26 ms | p=(  168.43  -123.00  11.37) v=9.12 m/s [KF]
[lio] t=1317401060.106 | feat 2643/9359 | map   9499 | icp ok  iter  9 corr  1953 rms 0.0503   31.29 ms | p=(  168.26  -122.15  11.34) v=8.52 m/s
[lio] t=1317401060.210 | feat 2659/9455 | map   9499 | icp ok  iter  6 corr  1950 rms 0.0533   20.21 ms | p=(  168.07  -121.25  11.32) v=8.61 m/s [KF]
[lio] t=1317401060.313 | feat 2809/9598 | map   9868 | icp ok  iter  7 corr  2092 rms 0.0519   25.11 ms | p=(  167.89  -120.41  11.28) v=8.32 m/s
[lio] t=1317401060.417 | feat 2904/9931 | map   9868 | icp ok  iter  4 corr  2061 rms 0.0646   14.38 ms | p=(  167.72  -119.59  11.26) v=8.15 m/s [KF]
[lio] t=1317401060.521 | feat 3026/10202 | map  10315 | icp ok  iter  3 corr  2231 rms 0.0672   12.83 ms | p=(  167.54  -118.75  11.22) v=8.14 m/s
[lio] t=1317401060.625 | feat 3166/10640 | map  10315 | icp ok  iter  4 corr  2195 rms 0.0663   15.56 ms | p=(  167.37  -117.96  11.19) v=7.94 m/s [KF]
[lio] t=1317401060.728 | feat 3284/10804 | map  10874 | icp ok  iter  4 corr  2426 rms 0.0597   18.45 ms | p=(  167.21  -117.17  11.16) v=7.75 m/s
[lio] t=1317401060.832 | feat 3455/10998 | map  10874 | icp ok  iter  3 corr  2471 rms 0.0599   14.69 ms | p=(  167.03  -116.37  11.13) v=7.79 m/s [KF]
[lio] t=1317401060.936 | feat 3550/11154 | map  11437 | icp ok  iter  4 corr  2690 rms 0.0490   17.58 ms | p=(  166.85  -115.60  11.10) v=7.65 m/s
[lio] t=1317401061.040 | feat 3645/11491 | map  11437 | icp ok  iter  4 corr  2700 rms 0.0539   20.56 ms | p=(  166.67  -114.83  11.07) v=7.53 m/s [KF]
[lio] t=1317401061.144 | feat 3767/11680 | map  12013 | icp ok  iter  5 corr  2805 rms 0.0561   24.97 ms | p=(  166.49  -114.10  11.03) v=7.28 m/s
[lio] t=1317401061.247 | feat 3760/11912 | map  12013 | icp ok  iter  3 corr  2726 rms 0.0560   15.12 ms | p=(  166.31  -113.38  11.00) v=7.11 m/s [KF]
[lio] t=1317401061.351 | feat 3898/11874 | map  12503 | icp ok  iter  4 corr  2919 rms 0.0616   22.73 ms | p=(  166.16  -112.67  10.97) v=6.98 m/s
[lio] t=1317401061.455 | feat 3906/11847 | map  12503 | icp ok  iter  4 corr  2833 rms 0.0673   20.45 ms | p=(  165.98  -111.98  10.95) v=6.77 m/s [KF]
[lio] t=1317401061.559 | feat 4039/12098 | map  13031 | icp ok  iter  2 corr  3019 rms 0.0554   12.68 ms | p=(  165.83  -111.31  10.92) v=6.57 m/s
[lio] t=1317401061.663 | feat 4305/12165 | map  13031 | icp ok  iter  4 corr  3195 rms 0.0682   22.41 ms | p=(  165.68  -110.64  10.88) v=6.56 m/s [KF]
[lio] t=1317401061.767 | feat 4132/12384 | map  13579 | icp ok  iter  4 corr  3029 rms 0.0547   21.96 ms | p=(  165.54  -109.99  10.86) v=6.41 m/s
[lio] t=1317401061.871 | feat 4303/12636 | map  13579 | icp ok  iter  4 corr  3203 rms 0.0522   23.77 ms | p=(  165.41  -109.38  10.82) v=6.20 m/s [KF]
[lio] t=1317401061.976 | feat 4321/12839 | map  14005 | icp ok  iter  5 corr  3260 rms 0.0583   29.90 ms | p=(  165.29  -108.73  10.79) v=6.31 m/s
[lio] t=1317401062.080 | feat 4564/13123 | map  14005 | icp ok  iter  4 corr  3365 rms 0.0534   22.94 ms | p=(  165.19  -108.09  10.76) v=6.24 m/s [KF]
[lio] t=1317401062.184 | feat 4441/13248 | map  14448 | icp ok  iter  4 corr  3319 rms 0.0552   26.28 ms | p=(  165.09  -107.46  10.75) v=6.16 m/s
[lio] t=1317401062.288 | feat 4503/13303 | map  14448 | icp ok  iter  4 corr  3300 rms 0.0504   27.43 ms | p=(  165.02  -106.83  10.73) v=6.10 m/s [KF]
[lio] t=1317401062.393 | feat 4460/13353 | map  14850 | icp ok  iter  5 corr  3258 rms 0.0582   29.47 ms | p=(  164.96  -106.22  10.70) v=6.01 m/s
[lio] t=1317401062.497 | feat 4810/13504 | map  14850 | icp ok  iter  4 corr  3341 rms 0.0643   26.30 ms | p=(  164.94  -105.55  10.66) v=6.27 m/s [KF]
[lio] t=1317401062.602 | feat 4945/13637 | map  15409 | icp ok  iter  6 corr  3590 rms 0.0858   43.38 ms | p=(  164.95  -104.97  10.66) v=5.86 m/s
[lio] t=1317401062.706 | feat 4813/13639 | map  15409 | icp ok  iter  5 corr  3405 rms 0.0944   35.42 ms | p=(  164.95  -104.40  10.66) v=5.58 m/s [KF]
[lio] t=1317401062.810 | feat 4855/13918 | map  15942 | icp ok  iter  6 corr  3516 rms 0.0693   41.71 ms | p=(  165.00  -103.75  10.64) v=5.98 m/s
[lio] t=1317401062.915 | feat 4913/14208 | map  15942 | icp ok  iter  5 corr  3486 rms 0.0771   37.30 ms | p=(  165.03  -103.17  10.61) v=5.72 m/s [KF]
[lio] t=1317401063.019 | feat 5002/14376 | map  16476 | icp ok  iter  4 corr  3698 rms 0.0644   30.74 ms | p=(  165.15  -102.60  10.57) v=5.64 m/s
[lio] t=1317401063.123 | feat 5161/14750 | map  16476 | icp ok  iter  5 corr  3821 rms 0.0692   40.09 ms | p=(  165.29  -102.00  10.57) v=5.87 m/s [KF]
[lio] t=1317401063.227 | feat 5082/14845 | map  17006 | icp ok  iter  5 corr  3612 rms 0.0634   36.02 ms | p=(  165.44  -101.43  10.55) v=5.79 m/s
[lio] t=1317401063.332 | feat 4873/14464 | map  17006 | icp ok  iter  8 corr  3385 rms 0.0648   53.17 ms | p=(  165.63  -100.79  10.51) v=6.21 m/s [KF]
[lio] t=1317401063.436 | feat 4970/14555 | map  17372 | icp ok  iter  6 corr  3504 rms 0.0547   35.43 ms | p=(  165.86  -100.19  10.48) v=6.23 m/s
[lio] t=1317401063.540 | feat 5169/14699 | map  17372 | icp ok  iter  5 corr  3672 rms 0.0558   36.74 ms | p=(  166.12   -99.56  10.47) v=6.48 m/s [KF]
[lio] t=1317401063.644 | feat 4894/14324 | map  17720 | icp ok  iter  5 corr  3437 rms 0.0516   33.47 ms | p=(  166.40   -99.00  10.46) v=6.23 m/s
[lio] t=1317401063.748 | feat 4761/14365 | map  17720 | icp ok  iter  6 corr  3359 rms 0.0505   37.13 ms | p=(  166.71   -98.40  10.44) v=6.41 m/s [KF]
[lio] t=1317401063.851 | feat 5022/14804 | map  17995 | icp ok  iter  5 corr  3641 rms 0.0581   36.36 ms | p=(  167.03   -97.82  10.42) v=6.47 m/s
[lio] t=1317401063.955 | feat 5090/14782 | map  17995 | icp ok  iter  8 corr  3749 rms 0.0685   59.09 ms | p=(  167.38   -97.26  10.42) v=6.48 m/s [KF]
[lio] t=1317401064.059 | feat 5121/14882 | map  18441 | icp ok  iter  6 corr  3817 rms 0.0569   43.56 ms | p=(  167.78   -96.73  10.43) v=6.48 m/s
[lio] t=1317401064.163 | feat 5080/15067 | map  18441 | icp ok  iter  5 corr  3720 rms 0.0576   35.74 ms | p=(  168.18   -96.16  10.43) v=6.67 m/s [KF]
[lio] t=1317401064.267 | feat 5050/15045 | map  18813 | icp ok  iter  7 corr  3760 rms 0.0520   51.40 ms | p=(  168.60   -95.65  10.41) v=6.50 m/s
[lio] t=1317401064.371 | feat 4897/14940 | map  18813 | icp ok  iter  6 corr  3545 rms 0.0555   43.60 ms | p=(  169.03   -95.07  10.42) v=6.86 m/s [KF]
[lio] t=1317401064.475 | feat 4874/14854 | map  19250 | icp ok  iter  8 corr  3632 rms 0.0826   60.13 ms | p=(  169.46   -94.57  10.43) v=6.61 m/s
[lio] t=1317401064.578 | feat 4999/15036 | map  19250 | icp ok  iter  5 corr  3665 rms 0.0857   37.45 ms | p=(  169.96   -94.05  10.42) v=6.87 m/s [KF]
[lio] t=1317401064.682 | feat 4925/14824 | map  19596 | icp ok  iter  5 corr  3661 rms 0.0679   36.38 ms | p=(  170.48   -93.56  10.42) v=6.92 m/s
[lio] t=1317401064.786 | feat 4834/14796 | map  19596 | icp ok  iter  4 corr  3582 rms 0.0607   28.96 ms | p=(  171.01   -93.06  10.43) v=7.06 m/s [KF]
[lio] t=1317401064.890 | feat 4923/14662 | map  19940 | icp ok  iter  6 corr  3717 rms 0.1068   45.30 ms | p=(  171.57   -92.60  10.43) v=7.03 m/s
[lio] t=1317401064.994 | feat 4685/14434 | map  19940 | icp ok  iter  7 corr  3542 rms 0.0749   48.74 ms | p=(  172.17   -92.15  10.43) v=7.19 m/s [KF]
[lio] t=1317401065.098 | feat 4615/14098 | map  20199 | icp ok  iter  5 corr  3357 rms 0.0842   32.48 ms | p=(  172.76   -91.72  10.45) v=7.13 m/s
[lio] t=1317401065.202 | feat 4101/13695 | map  20199 | icp ok  iter  5 corr  3001 rms 0.0544   28.58 ms | p=(  173.40   -91.31  10.46) v=7.30 m/s [KF]
[lio] t=1317401065.306 | feat 4049/13610 | map  20346 | icp ok  iter  7 corr  3009 rms 0.0586   39.45 ms | p=(  174.06   -90.97  10.45) v=7.25 m/s
[lio] t=1317401065.410 | feat 3876/13421 | map  20346 | icp ok  iter  7 corr  2862 rms 0.0856   38.33 ms | p=(  174.73   -90.56  10.48) v=7.48 m/s [KF]
[lio] t=1317401065.514 | feat 3614/13348 | map  20498 | icp ok  iter  4 corr  2657 rms 0.0780   21.08 ms | p=(  175.43   -90.19  10.49) v=7.63 m/s
[lio] t=1317401065.618 | feat 3657/13312 | map  20498 | icp ok  iter  7 corr  2713 rms 0.0696   35.37 ms | p=(  176.15   -89.89  10.50) v=7.58 m/s [KF]
[lio] t=1317401065.722 | feat 3474/13095 | map  20577 | icp ok  iter  6 corr  2543 rms 0.0521   30.53 ms | p=(  176.92   -89.61  10.51) v=7.82 m/s
[lio] t=1317401065.826 | feat 3549/12752 | map  20577 | icp ok  iter  5 corr  2634 rms 0.0681   24.63 ms | p=(  177.67   -89.32  10.50) v=7.81 m/s [KF]
[lio] t=1317401065.930 | feat 3191/12397 | map  20584 | icp ok  iter  5 corr  2359 rms 0.0613   21.54 ms | p=(  178.44   -89.02  10.53) v=7.94 m/s
[lio] t=1317401066.033 | feat 3092/12252 | map  20584 | icp ok  iter 12 corr  2256 rms 0.0506   52.34 ms | p=(  179.23   -88.88  10.55) v=7.80 m/s [KF]
[lio] t=1317401066.137 | feat 3145/11960 | map  20495 | icp ok  iter  7 corr  2310 rms 0.0694   33.09 ms | p=(  180.02   -88.56  10.56) v=8.09 m/s
[lio] t=1317401066.241 | feat 3050/11949 | map  20495 | icp ok  iter  5 corr  2237 rms 0.0561   22.47 ms | p=(  180.80   -88.35  10.56) v=7.95 m/s [KF]
[lio] t=1317401066.345 | feat 2944/11888 | map  20391 | icp ok  iter  5 corr  2136 rms 0.0633   21.90 ms | p=(  181.62   -88.10  10.60) v=8.18 m/s
[lio] t=1317401066.448 | feat 2818/11786 | map  20391 | icp ok  iter  9 corr  2024 rms 0.0759   37.72 ms | p=(  182.40   -87.86  10.61) v=8.01 m/s [KF]
[lio] t=1317401066.552 | feat 2716/11622 | map  20328 | icp ok  iter  8 corr  2026 rms 0.0743   32.94 ms | p=(  183.25   -87.69  10.66) v=8.25 m/s
[lio] t=1317401066.656 | feat 2668/11398 | map  20328 | icp ok  iter 10 corr  1979 rms 0.0886   40.73 ms | p=(  184.12   -87.53  10.67) v=8.45 m/s [KF]
[lio] t=1317401066.759 | feat 2598/11268 | map  20229 | icp ok  iter  9 corr  1861 rms 0.0790   33.46 ms | p=(  184.96   -87.36  10.72) v=8.37 m/s
[lio] t=1317401066.863 | feat 2531/11106 | map  20229 | icp ok  iter 12 corr  1780 rms 0.0577   41.19 ms | p=(  185.80   -87.16  10.71) v=8.38 m/s [KF]
[lio] t=1317401066.967 | feat 2425/10970 | map  20109 | icp ok  iter  8 corr  1761 rms 0.0576   28.05 ms | p=(  186.70   -87.00  10.74) v=8.68 m/s
[lio] t=1317401067.070 | feat 2326/10842 | map  20109 | icp ok  iter  7 corr  1661 rms 0.0503   21.81 ms | p=(  187.54   -86.86  10.77) v=8.45 m/s [KF]
[lio] t=1317401067.174 | feat 2320/10785 | map  19930 | icp ok  iter  6 corr  1722 rms 0.0695   20.14 ms | p=(  188.36   -86.56  10.79) v=8.44 m/s
[lio] t=1317401067.278 | feat 2179/10692 | map  19930 | icp ok  iter 11 corr  1627 rms 0.0726   33.27 ms | p=(  189.25   -86.40  10.79) v=8.61 m/s [KF]
[lio] t=1317401067.381 | feat 2050/10471 | map  19781 | icp ok  iter 12 corr  1525 rms 0.0666   36.24 ms | p=(  190.16   -86.28  10.82) v=8.80 m/s
[lio] t=1317401067.485 | feat 1953/10363 | map  19781 | icp ok  iter 12 corr  1524 rms 0.0726   36.75 ms | p=(  191.05   -86.07  10.85) v=8.81 m/s [KF]
[lio] t=1317401067.589 | feat 1875/10263 | map  19622 | icp ok  iter  8 corr  1424 rms 0.0701   23.22 ms | p=(  191.89   -85.86  10.86) v=8.57 m/s
[lio] t=1317401067.693 | feat 1866/10220 | map  19622 | icp ok  iter  8 corr  1372 rms 0.0650   19.86 ms | p=(  192.77   -85.66  10.87) v=8.61 m/s [KF]
[lio] t=1317401067.796 | feat 1793/10225 | map  19189 | icp ok  iter 12 corr  1385 rms 0.0791   32.32 ms | p=(  193.68   -85.46  10.88) v=8.86 m/s
[lio] t=1317401067.900 | feat 1806/10230 | map  19189 | icp ok  iter  7 corr  1431 rms 0.0666   18.16 ms | p=(  194.57   -85.29  10.91) v=8.82 m/s [KF]
[lio] t=1317401068.004 | feat 1797/10347 | map  18725 | icp ok  iter  6 corr  1426 rms 0.0524   14.82 ms | p=(  195.42   -85.06  10.93) v=8.62 m/s
[lio] t=1317401068.108 | feat 1743/10479 | map  18725 | icp ok  iter  6 corr  1319 rms 0.0660   14.58 ms | p=(  196.37   -84.90  10.94) v=8.98 m/s [KF]
[lio] t=1317401068.212 | feat 1684/10490 | map  18232 | icp ok  iter  5 corr  1292 rms 0.0727   12.69 ms | p=(  197.24   -84.68  10.96) v=8.79 m/s
[lio] t=1317401068.315 | feat 1558/10586 | map  18232 | icp ok  iter 10 corr  1206 rms 0.0553   22.44 ms | p=(  198.23   -84.57  11.00) v=9.25 m/s [KF]
[lio] t=1317401068.419 | feat 1610/10585 | map  17606 | icp ok  iter  7 corr  1215 rms 0.0547   16.71 ms | p=(  199.12   -84.34  11.03) v=9.00 m/s
[lio] t=1317401068.523 | feat 1601/10568 | map  17606 | icp ok  iter  7 corr  1192 rms 0.0950   16.77 ms | p=(  199.96   -84.09  11.04) v=8.67 m/s [KF]
[lio] t=1317401068.627 | feat 1491/10585 | map  17214 | icp ok  iter 12 corr  1063 rms 0.0703   26.04 ms | p=(  200.93   -83.90  11.07) v=9.17 m/s
[lio] t=1317401068.731 | feat 1324/10483 | map  17214 | icp ok  iter  6 corr   915 rms 0.0865    9.99 ms | p=(  201.81   -83.75  11.09) v=8.81 m/s [KF]
[lio] t=1317401068.834 | feat 1266/10404 | map  16590 | icp ok  iter  6 corr   923 rms 0.0721   11.18 ms | p=(  202.72   -83.58  11.12) v=8.87 m/s
[lio] t=1317401068.938 | feat 1410/10230 | map  16590 | icp ok  iter  6 corr  1021 rms 0.1138   12.50 ms | p=(  203.63   -83.38  11.15) v=8.90 m/s [KF]
[lio] t=1317401069.042 | feat 1342/9984 | map  15999 | icp ok  iter  4 corr  1001 rms 0.0714    7.64 ms | p=(  204.52   -83.20  11.17) v=8.80 m/s
[lio] t=1317401069.146 | feat 1261/9713 | map  15999 | icp ok  iter  9 corr   966 rms 0.0696   15.98 ms | p=(  205.43   -83.03  11.20) v=8.85 m/s [KF]
[lio] t=1317401069.250 | feat 1313/9647 | map  15249 | icp ok  iter  7 corr   991 rms 0.0964   12.18 ms | p=(  206.37   -82.81  11.22) v=9.08 m/s
[lio] t=1317401069.354 | feat 1286/9724 | map  15249 | icp ok  iter 11 corr   946 rms 0.0677   19.95 ms | p=(  207.18   -82.65  11.22) v=8.38 m/s [KF]
[lio] t=1317401069.458 | feat 1471/9780 | map  14380 | icp ok  iter  7 corr  1149 rms 0.0908   15.63 ms | p=(  208.07   -82.46  11.23) v=8.56 m/s
[lio] t=1317401069.561 | feat 1399/9781 | map  14380 | icp ok  iter  5 corr  1054 rms 0.0838   10.16 ms | p=(  208.92   -82.28  11.24) v=8.40 m/s [KF]
[lio] t=1317401069.665 | feat 1403/9723 | map  13813 | icp ok  iter  6 corr  1073 rms 0.0576   12.40 ms | p=(  209.85   -82.10  11.26) v=8.83 m/s
[lio] t=1317401069.769 | feat 1338/9778 | map  13813 | icp ok  iter  7 corr  1049 rms 0.1030   13.92 ms | p=(  210.79   -81.92  11.30) v=9.02 m/s [KF]
[lio] t=1317401069.873 | feat 1160/9853 | map  13273 | icp ok  iter  8 corr   877 rms 0.0937   13.85 ms | p=(  211.63   -81.71  11.32) v=8.55 m/s
[lio] t=1317401069.977 | feat 1335/9899 | map  13273 | icp ok  iter  7 corr  1019 rms 0.0789   12.63 ms | p=(  212.47   -81.54  11.33) v=8.34 m/s [KF]
[lio] t=1317401070.080 | feat 1313/10012 | map  12703 | icp ok  iter  6 corr  1019 rms 0.0893   11.76 ms | p=(  213.35   -81.36  11.32) v=8.51 m/s
[lio] t=1317401070.184 | feat 1126/10406 | map  12703 | icp ok  iter  6 corr   805 rms 0.0765    9.56 ms | p=(  214.21   -81.14  11.36) v=8.48 m/s [KF]
[lio] t=1317401070.288 | feat 1328/10882 | map  11992 | icp ok  iter  5 corr   946 rms 0.0824    8.68 ms | p=(  215.08   -80.98  11.38) v=8.50 m/s
[lio] t=1317401070.392 | feat 1410/11080 | map  11992 | icp ok  iter  5 corr   926 rms 0.0839    9.09 ms | p=(  215.92   -80.82  11.41) v=8.33 m/s [KF]
[lio] t=1317401070.496 | feat 1475/11277 | map  11672 | icp ok  iter 12 corr  1133 rms 0.0821   24.16 ms | p=(  216.81   -80.63  11.46) v=8.57 m/s
[lio] t=1317401070.599 | feat 1456/11708 | map  11672 | icp ok  iter  6 corr  1104 rms 0.0904   11.51 ms | p=(  217.64   -80.46  11.48) v=8.28 m/s [KF]
[lio] t=1317401070.703 | feat 1513/12020 | map  11364 | icp ok  iter  7 corr  1171 rms 0.0930   15.39 ms | p=(  218.47   -80.26  11.50) v=8.16 m/s
[lio] t=1317401070.807 | feat 1608/12490 | map  11364 | icp ok  iter  7 corr  1118 rms 0.0780   14.19 ms | p=(  219.35   -80.09  11.50) v=8.47 m/s [KF]
[lio] t=1317401070.911 | feat 1682/12678 | map  11160 | icp ok  iter  3 corr  1265 rms 0.0773    7.35 ms | p=(  220.20   -79.91  11.52) v=8.38 m/s
[lio] t=1317401071.015 | feat 1688/12695 | map  11160 | icp ok  iter  6 corr  1303 rms 0.0737   14.80 ms | p=(  221.00   -79.73  11.52) v=8.08 m/s [KF]
[lio] t=1317401071.119 | feat 1770/12500 | map  10934 | icp ok  iter  6 corr  1383 rms 0.0717   14.44 ms | p=(  221.87   -79.55  11.53) v=8.31 m/s
[lio] t=1317401071.223 | feat 1745/12330 | map  10934 | icp ok  iter  7 corr  1341 rms 0.0830   17.75 ms | p=(  222.72   -79.36  11.55) v=8.36 m/s [KF]
[lio] t=1317401071.327 | feat 1790/12201 | map  10827 | icp ok  iter  9 corr  1410 rms 0.0775   23.05 ms | p=(  223.45   -79.21  11.56) v=7.65 m/s
[lio] t=1317401071.430 | feat 1663/11914 | map  10827 | icp ok  iter  8 corr  1297 rms 0.1155   19.28 ms | p=(  224.37   -79.02  11.57) v=8.45 m/s [KF]
[lio] t=1317401071.534 | feat 1605/11852 | map  10619 | icp ok  iter  5 corr  1227 rms 0.0703   10.87 ms | p=(  225.21   -78.82  11.57) v=8.37 m/s
[lio] t=1317401071.638 | feat 1685/11453 | map  10619 | icp ok  iter  7 corr  1311 rms 0.0809   16.93 ms | p=(  226.02   -78.66  11.58) v=8.10 m/s [KF]
[lio] t=1317401071.742 | feat 1681/11005 | map  10456 | icp ok  iter 12 corr  1300 rms 0.0564   29.33 ms | p=(  226.91   -78.47  11.58) v=8.48 m/s
[lio] t=1317401071.846 | feat 1788/10923 | map  10456 | icp ok  iter  5 corr  1305 rms 0.0809   12.95 ms | p=(  227.68   -78.29  11.59) v=7.92 m/s [KF]
[lio] t=1317401071.950 | feat 1800/10751 | map  10426 | icp ok  iter  9 corr  1350 rms 0.0574   23.53 ms | p=(  228.60   -78.10  11.59) v=8.58 m/s
[lio] t=1317401072.054 | feat 1704/10523 | map  10426 | icp ok  iter  7 corr  1286 rms 0.0656   16.68 ms | p=(  229.38   -77.94  11.59) v=8.03 m/s [KF]
[lio] t=1317401072.158 | feat 1669/10423 | map  10305 | icp ok  iter  6 corr  1290 rms 0.0563   14.76 ms | p=(  230.16   -77.77  11.60) v=7.81 m/s
[lio] t=1317401072.262 | feat 1680/10266 | map  10305 | icp ok  iter 10 corr  1261 rms 0.0666   23.96 ms | p=(  231.02   -77.58  11.59) v=8.23 m/s [KF]
[lio] t=1317401072.366 | feat 1729/10250 | map  10169 | icp ok  iter  5 corr  1339 rms 0.0580   12.45 ms | p=(  231.90   -77.39  11.60) v=8.44 m/s
[lio] t=1317401072.470 | feat 1766/10112 | map  10169 | icp ok  iter  9 corr  1322 rms 0.0704   22.30 ms | p=(  232.71   -77.25  11.59) v=8.09 m/s [KF]
[lio] t=1317401072.574 | feat 1812/10197 | map  10098 | icp ok  iter  6 corr  1334 rms 0.0594   13.93 ms | p=(  233.51   -77.06  11.60) v=7.96 m/s
[lio] t=1317401072.678 | feat 1881/10365 | map  10098 | icp ok  iter  4 corr  1383 rms 0.0646   10.86 ms | p=(  234.34   -76.87  11.59) v=8.09 m/s [KF]
[lio] t=1317401072.781 | feat 1793/10224 | map  10101 | icp ok  iter  9 corr  1317 rms 0.0571   21.27 ms | p=(  235.22   -76.70  11.59) v=8.43 m/s
[lio] t=1317401072.885 | feat 1832/10136 | map  10101 | icp ok  iter  7 corr  1297 rms 0.0631   16.99 ms | p=(  236.00   -76.51  11.59) v=8.01 m/s [KF]
[lio] t=1317401072.989 | feat 1832/10294 | map  10125 | icp ok  iter  6 corr  1338 rms 0.0675   15.23 ms | p=(  236.82   -76.34  11.59) v=7.99 m/s
[lio] t=1317401073.093 | feat 1687/10192 | map  10125 | icp ok  iter  5 corr  1228 rms 0.0821   11.12 ms | p=(  237.66   -76.15  11.59) v=8.18 m/s [KF]
[lio] t=1317401073.197 | feat 1777/10058 | map  10127 | icp ok  iter  5 corr  1324 rms 0.0682   11.97 ms | p=(  238.45   -75.98  11.59) v=7.93 m/s
[lio] t=1317401073.301 | feat 1821/9976 | map  10127 | icp ok  iter  7 corr  1299 rms 0.0590   18.52 ms | p=(  239.31   -75.79  11.60) v=8.24 m/s [KF]
[lio] t=1317401073.405 | feat 1881/9942 | map  10117 | icp ok  iter  5 corr  1384 rms 0.0689   13.26 ms | p=(  240.12   -75.63  11.60) v=8.05 m/s
[lio] t=1317401073.509 | feat 1947/10085 | map  10117 | icp ok  iter  5 corr  1375 rms 0.0915   13.17 ms | p=(  240.92   -75.44  11.59) v=7.94 m/s [KF]
[lio] t=1317401073.613 | feat 2087/10098 | map  10133 | icp ok  iter  8 corr  1506 rms 0.0624   22.69 ms | p=(  241.77   -75.28  11.59) v=8.21 m/s
[lio] t=1317401073.717 | feat 2228/10276 | map  10133 | icp ok  iter  8 corr  1507 rms 0.0674   21.86 ms | p=(  242.56   -75.11  11.58) v=7.94 m/s [KF]
[lio] t=1317401073.821 | feat 2421/10329 | map  10311 | icp ok  iter  7 corr  1763 rms 0.0523   22.08 ms | p=(  243.40   -74.94  11.58) v=8.12 m/s
[lio] t=1317401073.925 | feat 2532/10546 | map  10311 | icp ok  iter  7 corr  1870 rms 0.0612   26.72 ms | p=(  244.29   -74.78  11.59) v=8.44 m/s [KF]
[lio] t=1317401074.029 | feat 2779/10854 | map  10646 | icp ok  iter  6 corr  2054 rms 0.0670   23.65 ms | p=(  245.04   -74.62  11.58) v=7.81 m/s
[lio] t=1317401074.133 | feat 3064/11166 | map  10646 | icp ok  iter  5 corr  2282 rms 0.0721   21.73 ms | p=(  245.87   -74.44  11.57) v=8.02 m/s [KF]
[lio] t=1317401074.237 | feat 3302/11367 | map  11118 | icp ok  iter  4 corr  2568 rms 0.0533   19.60 ms | p=(  246.68   -74.25  11.57) v=8.03 m/s
[lio] t=1317401074.341 | feat 3660/11728 | map  11118 | icp ok  iter  5 corr  2788 rms 0.0598   25.97 ms | p=(  247.54   -74.05  11.57) v=8.24 m/s [KF]
[lio] t=1317401074.445 | feat 3578/12025 | map  11738 | icp ok  iter  5 corr  2826 rms 0.0490   25.28 ms | p=(  248.36   -73.87  11.57) v=8.14 m/s
[lio] t=1317401074.549 | feat 3646/12467 | map  11738 | icp ok  iter  3 corr  2792 rms 0.0638   15.82 ms | p=(  249.19   -73.68  11.57) v=8.18 m/s [KF]
[lio] t=1317401074.653 | feat 3831/12466 | map  12267 | icp ok  iter  4 corr  2997 rms 0.0562   23.18 ms | p=(  250.00   -73.52  11.57) v=8.05 m/s
[lio] t=1317401074.756 | feat 3752/12624 | map  12267 | icp ok  iter  5 corr  2839 rms 0.0589   24.70 ms | p=(  250.81   -73.33  11.57) v=7.98 m/s [KF]
[lio] t=1317401074.860 | feat 3691/12752 | map  12747 | icp ok  iter  4 corr  2793 rms 0.0496   20.70 ms | p=(  251.62   -73.17  11.57) v=7.96 m/s
[lio] t=1317401074.964 | feat 4023/13106 | map  12747 | icp ok  iter  5 corr  3189 rms 0.0594   29.78 ms | p=(  252.46   -72.97  11.57) v=8.14 m/s [KF]
[lio] t=1317401075.068 | feat 3995/13247 | map  13256 | icp ok  iter  6 corr  3070 rms 0.0547   32.65 ms | p=(  253.25   -72.78  11.57) v=7.93 m/s
[lio] t=1317401075.172 | feat 4097/13301 | map  13256 | icp ok  iter  5 corr  3192 rms 0.0513   29.00 ms | p=(  254.09   -72.63  11.57) v=8.08 m/s [KF]
[lio] t=1317401075.276 | feat 4144/13261 | map  13719 | icp ok  iter  5 corr  3312 rms 0.0543   29.37 ms | p=(  254.89   -72.45  11.57) v=7.96 m/s
[lio] t=1317401075.380 | feat 4461/13267 | map  13719 | icp ok  iter  5 corr  3497 rms 0.0542   30.54 ms | p=(  255.70   -72.29  11.58) v=7.92 m/s [KF]
[lio] t=1317401075.484 | feat 4537/13494 | map  14195 | icp ok  iter  4 corr  3572 rms 0.0526   26.64 ms | p=(  256.51   -72.10  11.59) v=7.92 m/s
[lio] t=1317401075.588 | feat 4479/13626 | map  14195 | icp ok  iter  4 corr  3506 rms 0.0513   25.49 ms | p=(  257.31   -71.94  11.58) v=7.85 m/s [KF]
[lio] t=1317401075.692 | feat 4493/13827 | map  14605 | icp ok  iter  5 corr  3534 rms 0.0448   32.15 ms | p=(  258.12   -71.77  11.59) v=7.90 m/s
[lio] t=1317401075.796 | feat 4513/14091 | map  14605 | icp ok  iter  6 corr  3518 rms 0.0551   38.63 ms | p=(  258.93   -71.60  11.58) v=7.91 m/s [KF]
[lio] t=1317401075.900 | feat 4672/14342 | map  14952 | icp ok  iter  6 corr  3577 rms 0.0569   40.02 ms | p=(  259.71   -71.42  11.58) v=7.69 m/s
[lio] t=1317401076.004 | feat 4754/14431 | map  14952 | icp ok  iter  5 corr  3639 rms 0.0506   32.44 ms | p=(  260.47   -71.28  11.58) v=7.51 m/s [KF]
[lio] t=1317401076.108 | feat 4805/14287 | map  15386 | icp ok  iter  4 corr  3698 rms 0.0581   27.51 ms | p=(  261.23   -71.11  11.58) v=7.44 m/s
[lio] t=1317401076.212 | feat 4781/14391 | map  15386 | icp ok  iter  5 corr  3626 rms 0.0590   30.45 ms | p=(  262.02   -70.95  11.58) v=7.53 m/s [KF]
[lio] t=1317401076.316 | feat 4931/14377 | map  15855 | icp ok  iter  4 corr  3743 rms 0.0560   27.88 ms | p=(  262.76   -70.77  11.58) v=7.31 m/s
[lio] t=1317401076.420 | feat 4952/14455 | map  15855 | icp ok  iter  4 corr  3712 rms 0.0641   28.67 ms | p=(  263.50   -70.63  11.58) v=7.18 m/s [KF]
[lio] t=1317401076.523 | feat 4950/14278 | map  16247 | icp ok  iter  4 corr  3738 rms 0.0708   27.73 ms | p=(  264.22   -70.48  11.58) v=7.01 m/s
[lio] t=1317401076.627 | feat 5018/14456 | map  16247 | icp ok  iter  4 corr  3706 rms 0.0498   28.56 ms | p=(  264.93   -70.33  11.58) v=6.86 m/s [KF]
[lio] t=1317401076.731 | feat 5029/14609 | map  16687 | icp ok  iter  4 corr  3799 rms 0.0687   28.44 ms | p=(  265.60   -70.18  11.58) v=6.58 m/s
[lio] t=1317401076.835 | feat 5094/14581 | map  16687 | icp ok  iter  5 corr  3734 rms 0.0498   37.38 ms | p=(  266.27   -70.06  11.58) v=6.44 m/s [KF]
[lio] t=1317401076.939 | feat 5039/14487 | map  17096 | icp ok  iter  5 corr  3829 rms 0.0556   36.44 ms | p=(  266.93   -69.89  11.58) v=6.34 m/s
[lio] t=1317401077.043 | feat 4891/14363 | map  17096 | icp ok  iter  5 corr  3610 rms 0.0460   31.92 ms | p=(  267.53   -69.79  11.58) v=5.87 m/s [KF]
[lio] t=1317401077.147 | feat 4852/14458 | map  17421 | icp ok  iter  4 corr  3590 rms 0.0403   27.80 ms | p=(  268.12   -69.66  11.58) v=5.71 m/s
[lio] t=1317401077.251 | feat 4866/14681 | map  17421 | icp ok  iter  4 corr  3550 rms 0.0543   25.65 ms | p=(  268.69   -69.54  11.59) v=5.42 m/s [KF]
[lio] t=1317401077.355 | feat 5112/14881 | map  17720 | icp ok  iter  4 corr  3834 rms 0.0512   26.45 ms | p=(  269.24   -69.44  11.59) v=5.23 m/s
[lio] t=1317401077.459 | feat 5233/15127 | map  17720 | icp ok  iter  4 corr  3853 rms 0.0494   28.83 ms | p=(  269.74   -69.33  11.57) v=4.89 m/s [KF]
[lio] t=1317401077.563 | feat 5144/15312 | map  18139 | icp ok  iter  4 corr  3785 rms 0.0562   27.95 ms | p=(  270.24   -69.24  11.56) v=4.70 m/s
[lio] t=1317401077.667 | feat 5428/15552 | map  18139 | icp ok  iter  4 corr  4037 rms 0.0475   30.42 ms | p=(  270.71   -69.14  11.56) v=4.41 m/s
[lio] t=1317401077.771 | feat 5361/15558 | map  18139 | icp ok  iter  4 corr  3897 rms 0.0487   29.20 ms | p=(  271.13   -69.06  11.57) v=4.05 m/s [KF]
[lio] t=1317401077.875 | feat 5489/15944 | map  18516 | icp ok  iter  4 corr  4087 rms 0.0486   29.59 ms | p=(  271.54   -68.97  11.57) v=3.84 m/s
[lio] t=1317401077.979 | feat 5487/16013 | map  18516 | icp ok  iter  4 corr  3980 rms 0.0599   29.65 ms | p=(  271.93   -68.89  11.57) v=3.60 m/s
[lio] t=1317401078.083 | feat 5498/16121 | map  18516 | icp ok  iter  5 corr  3982 rms 0.0727   38.44 ms | p=(  272.25   -68.84  11.55) v=3.15 m/s [KF]
[lio] t=1317401078.187 | feat 5642/16183 | map  18880 | icp ok  iter  4 corr  4090 rms 0.0546   31.31 ms | p=(  272.58   -68.78  11.55) v=2.95 m/s
[lio] t=1317401078.291 | feat 5436/16038 | map  18880 | icp ok  iter  3 corr  3960 rms 0.0541   23.89 ms | p=(  272.86   -68.72  11.55) v=2.66 m/s
[lio] t=1317401078.395 | feat 5493/15944 | map  18880 | icp ok  iter  4 corr  4034 rms 0.0438   28.49 ms | p=(  273.12   -68.68  11.56) v=2.38 m/s
[lio] t=1317401078.499 | feat 5388/15850 | map  18880 | icp ok  iter  3 corr  3893 rms 0.0492   21.87 ms | p=(  273.37   -68.64  11.57) v=2.17 m/s [KF]
[lio] t=1317401078.603 | feat 5320/15850 | map  19153 | icp ok  iter  4 corr  3932 rms 0.0443   29.52 ms | p=(  273.56   -68.61  11.57) v=1.81 m/s
[lio] t=1317401078.707 | feat 5512/15873 | map  19153 | icp ok  iter 12 corr  4107 rms 0.0470   86.45 ms | p=(  273.74   -68.56  11.57) v=1.69 m/s
[lio] t=1317401078.811 | feat 5467/16117 | map  19153 | icp ok  iter  5 corr  3958 rms 0.0434   35.08 ms | p=(  273.91   -68.55  11.57) v=1.55 m/s
[lio] t=1317401078.915 | feat 5475/16139 | map  19153 | icp ok  iter  4 corr  4040 rms 0.0471   31.55 ms | p=(  274.09   -68.51  11.57) v=1.59 m/s
[lio] t=1317401079.019 | feat 5524/16009 | map  19153 | icp ok  iter  3 corr  4113 rms 0.0452   22.23 ms | p=(  274.24   -68.47  11.57) v=1.49 m/s
[lio] t=1317401079.123 | feat 5526/16205 | map  19153 | icp ok  iter  4 corr  4059 rms 0.0513   29.14 ms | p=(  274.39   -68.45  11.57) v=1.44 m/s [KF]
[lio] t=1317401079.227 | feat 5607/16226 | map  19555 | icp ok  iter  4 corr  4251 rms 0.0493   32.72 ms | p=(  274.54   -68.43  11.57) v=1.36 m/s
[lio] t=1317401079.331 | feat 5554/16326 | map  19555 | icp ok  iter  3 corr  4135 rms 0.0475   23.22 ms | p=(  274.67   -68.40  11.57) v=1.28 m/s
[lio] t=1317401079.435 | feat 5460/16265 | map  19555 | icp ok  iter  4 corr  4125 rms 0.0431   29.22 ms | p=(  274.80   -68.39  11.57) v=1.25 m/s
[lio] t=1317401079.539 | feat 5660/16419 | map  19555 | icp ok  iter  3 corr  4314 rms 0.0510   23.98 ms | p=(  274.93   -68.36  11.57) v=1.22 m/s
[lio] t=1317401079.643 | feat 5751/16392 | map  19555 | icp ok  iter  4 corr  4429 rms 0.0525   32.43 ms | p=(  275.06   -68.35  11.56) v=1.19 m/s
[lio] t=1317401079.747 | feat 5777/16457 | map  19555 | icp ok  iter  4 corr  4469 rms 0.0501   30.61 ms | p=(  275.18   -68.33  11.56) v=1.17 m/s
[lio] t=1317401079.851 | feat 5805/16353 | map  19555 | icp ok  iter  4 corr  4422 rms 0.0529   34.14 ms | p=(  275.32   -68.30  11.56) v=1.29 m/s
[lio] t=1317401079.955 | feat 5727/16411 | map  19555 | icp ok  iter  4 corr  4320 rms 0.0517   32.04 ms | p=(  275.44   -68.28  11.56) v=1.22 m/s [KF]
[lio] t=1317401080.059 | feat 5690/16413 | map  20022 | icp ok  iter  4 corr  4450 rms 0.0539   33.75 ms | p=(  275.56   -68.27  11.56) v=1.19 m/s
[lio] t=1317401080.163 | feat 5709/16219 | map  20022 | icp ok  iter  4 corr  4426 rms 0.0535   32.89 ms | p=(  275.69   -68.23  11.56) v=1.24 m/s
[lio] t=1317401080.267 | feat 5631/16233 | map  20022 | icp ok  iter  5 corr  4368 rms 0.0527   39.72 ms | p=(  275.82   -68.22  11.56) v=1.25 m/s
[lio] t=1317401080.370 | feat 5739/16250 | map  20022 | icp ok  iter  3 corr  4480 rms 0.0648   25.51 ms | p=(  275.94   -68.19  11.56) v=1.20 m/s
[lio] t=1317401080.474 | feat 5673/16261 | map  20022 | icp ok  iter  5 corr  4376 rms 0.0599   38.96 ms | p=(  276.07   -68.18  11.56) v=1.22 m/s
[lio] t=1317401080.578 | feat 5653/16243 | map  20022 | icp ok  iter  4 corr  4360 rms 0.0761   32.02 ms | p=(  276.20   -68.15  11.55) v=1.28 m/s
[lio] t=1317401080.682 | feat 5789/16313 | map  20022 | icp ok  iter  4 corr  4448 rms 0.0599   32.82 ms | p=(  276.34   -68.12  11.55) v=1.39 m/s
[lio] t=1317401080.786 | feat 6111/16202 | map  20022 | icp ok  iter  6 corr  4673 rms 0.0615   49.52 ms | p=(  276.49   -68.09  11.55) v=1.49 m/s [KF]
[lio] t=1317401080.890 | feat 5870/16132 | map  20577 | icp ok  iter  5 corr  4518 rms 0.0491   41.61 ms | p=(  276.64   -68.06  11.56) v=1.54 m/s
[lio] t=1317401080.994 | feat 5873/16101 | map  20577 | icp ok  iter  4 corr  4438 rms 0.0642   36.63 ms | p=(  276.80   -68.03  11.56) v=1.69 m/s
[lio] t=1317401081.097 | feat 5737/16171 | map  20577 | icp ok  iter  4 corr  4309 rms 0.0724   33.84 ms | p=(  276.99   -67.95  11.55) v=1.94 m/s
[lio] t=1317401081.201 | feat 5664/16017 | map  20577 | icp ok  iter  4 corr  4281 rms 0.0853   35.66 ms | p=(  277.20   -67.89  11.55) v=2.14 m/s
[lio] t=1317401081.305 | feat 5668/16199 | map  20577 | icp ok  iter  5 corr  4230 rms 0.0858   42.59 ms | p=(  277.40   -67.81  11.56) v=2.25 m/s
[lio] t=1317401081.408 | feat 5675/16046 | map  20577 | icp ok  iter  7 corr  4159 rms 0.0879   58.10 ms | p=(  277.63   -67.76  11.56) v=2.35 m/s [KF]
[lio] t=1317401081.512 | feat 5659/16024 | map  21103 | icp ok  iter  4 corr  4217 rms 0.0519   31.74 ms | p=(  277.88   -67.67  11.56) v=2.53 m/s
[lio] t=1317401081.616 | feat 5501/16142 | map  21103 | icp ok  iter  4 corr  4054 rms 0.0756   33.23 ms | p=(  278.14   -67.54  11.56) v=2.82 m/s
[lio] t=1317401081.719 | feat 5843/16281 | map  21103 | icp ok  iter  5 corr  4269 rms 0.0810   44.84 ms | p=(  278.34   -67.49  11.58) v=2.42 m/s
[lio] t=1317401081.823 | feat 5689/16308 | map  21103 | icp ok  iter  5 corr  4148 rms 0.0686   42.95 ms | p=(  278.62   -67.32  11.57) v=2.96 m/s [KF]
[lio] t=1317401081.927 | feat 5784/16410 | map  21583 | icp ok  iter  7 corr  4271 rms 0.0595   58.56 ms | p=(  278.86   -67.23  11.58) v=2.71 m/s
[lio] t=1317401082.030 | feat 5711/16184 | map  21583 | icp ok  iter  5 corr  4202 rms 0.0609   43.23 ms | p=(  279.11   -67.05  11.57) v=2.98 m/s
[lio] t=1317401082.134 | feat 5579/16201 | map  21583 | icp ok  iter  4 corr  4058 rms 0.0532   31.30 ms | p=(  279.39   -66.87  11.58) v=3.18 m/s
[lio] t=1317401082.238 | feat 5750/16203 | map  21583 | icp ok  iter  6 corr  4186 rms 0.0742   52.01 ms | p=(  279.62   -66.68  11.58) v=3.11 m/s [KF]
[lio] t=1317401082.341 | feat 5750/16132 | map  22004 | icp ok  iter  5 corr  4221 rms 0.0493   39.38 ms | p=(  279.89   -66.45  11.58) v=3.35 m/s
[lio] t=1317401082.445 | feat 5733/16109 | map  22004 | icp ok  iter  5 corr  4144 rms 0.0611   41.89 ms | p=(  280.14   -66.22  11.57) v=3.40 m/s
[lio] t=1317401082.549 | feat 5669/16019 | map  22004 | icp ok  iter  4 corr  4108 rms 0.0693   33.13 ms | p=(  280.41   -65.95  11.56) v=3.64 m/s [KF]
[lio] t=1317401082.653 | feat 5624/15883 | map  22302 | icp ok  iter  6 corr  4141 rms 0.0490   46.71 ms | p=(  280.63   -65.68  11.54) v=3.63 m/s
[lio] t=1317401082.757 | feat 5734/15788 | map  22302 | icp ok  iter  5 corr  4202 rms 0.0667   41.69 ms | p=(  280.87   -65.35  11.52) v=3.95 m/s
[lio] t=1317401082.860 | feat 5887/15799 | map  22302 | icp ok  iter  5 corr  4300 rms 0.0611   42.08 ms | p=(  281.11   -65.04  11.50) v=3.94 m/s [KF]
[lio] t=1317401082.964 | feat 5872/15666 | map  22589 | icp ok  iter  4 corr  4417 rms 0.0497   33.84 ms | p=(  281.32   -64.68  11.48) v=4.15 m/s
[lio] t=1317401083.068 | feat 5744/15509 | map  22589 | icp ok  iter  5 corr  4315 rms 0.0525   41.06 ms | p=(  281.55   -64.30  11.45) v=4.38 m/s
[lio] t=1317401083.172 | feat 5667/15386 | map  22589 | icp ok  iter  8 corr  4186 rms 0.0540   64.84 ms | p=(  281.70   -63.91  11.45) v=4.28 m/s [KF]
[lio] t=1317401083.276 | feat 5650/15300 | map  22748 | icp ok  iter  7 corr  4227 rms 0.0489   57.59 ms | p=(  281.92   -63.44  11.42) v=4.84 m/s
[lio] t=1317401083.379 | feat 5828/15330 | map  22748 | icp ok  iter  6 corr  4320 rms 0.0476   49.99 ms | p=(  282.07   -63.00  11.39) v=4.72 m/s
[lio] t=1317401083.483 | feat 5768/15305 | map  22748 | icp ok  iter  7 corr  4209 rms 0.0613   57.84 ms | p=(  282.20   -62.56  11.35) v=4.72 m/s [KF]
[lio] t=1317401083.587 | feat 5537/15168 | map  22847 | icp ok  iter  7 corr  4031 rms 0.0434   53.88 ms | p=(  282.32   -62.01  11.33) v=5.25 m/s
[lio] t=1317401083.691 | feat 5758/15364 | map  22847 | icp ok  iter  5 corr  4230 rms 0.0532   43.50 ms | p=(  282.39   -61.52  11.32) v=5.13 m/s [KF]
[lio] t=1317401083.795 | feat 5766/15347 | map  22845 | icp ok  iter  7 corr  4275 rms 0.0461   56.70 ms | p=(  282.47   -60.97  11.27) v=5.43 m/s
[lio] t=1317401083.899 | feat 5788/15258 | map  22845 | icp ok  iter  6 corr  4167 rms 0.0486   47.38 ms | p=(  282.45   -60.40  11.23) v=5.61 m/s [KF]
[lio] t=1317401084.003 | feat 5694/15081 | map  22933 | icp ok  iter  7 corr  4248 rms 0.0505   59.76 ms | p=(  282.48   -59.83  11.22) v=5.72 m/s
[lio] t=1317401084.107 | feat 5630/15028 | map  22933 | icp ok  iter  8 corr  4084 rms 0.0521   64.71 ms | p=(  282.44   -59.21  11.19) v=6.02 m/s [KF]
[lio] t=1317401084.211 | feat 5764/15053 | map  22900 | icp ok  iter  7 corr  4175 rms 0.0529   57.35 ms | p=(  282.39   -58.60  11.17) v=6.15 m/s
[lio] t=1317401084.315 | feat 5804/15136 | map  22900 | icp ok  iter  6 corr  4148 rms 0.0641   48.56 ms | p=(  282.28   -57.96  11.12) v=6.38 m/s [KF]
[lio] t=1317401084.419 | feat 5795/15082 | map  22984 | icp ok  iter  7 corr  4284 rms 0.0504   60.31 ms | p=(  282.14   -57.31  11.07) v=6.58 m/s
[lio] t=1317401084.524 | feat 5737/15183 | map  22984 | icp ok  iter  7 corr  4271 rms 0.0489   54.40 ms | p=(  282.02   -56.65  11.03) v=6.66 m/s [KF]
[lio] t=1317401084.628 | feat 5587/15121 | map  22903 | icp ok  iter  7 corr  4071 rms 0.0494   53.57 ms | p=(  281.87   -55.94  10.99) v=7.04 m/s
[lio] t=1317401084.733 | feat 5611/15262 | map  22903 | icp ok  iter  7 corr  4098 rms 0.0561   59.56 ms | p=(  281.71   -55.23  10.96) v=7.18 m/s [KF]
[lio] t=1317401084.837 | feat 5727/15448 | map  22877 | icp ok  iter  6 corr  4178 rms 0.0491   50.22 ms | p=(  281.51   -54.48  10.92) v=7.52 m/s
[lio] t=1317401084.942 | feat 5642/15210 | map  22877 | icp ok  iter  5 corr  4080 rms 0.0664   41.73 ms | p=(  281.33   -53.76  10.84) v=7.42 m/s [KF]
[lio] t=1317401085.046 | feat 5161/14331 | map  22945 | icp ok  iter  7 corr  3835 rms 0.0535   52.41 ms | p=(  281.12   -52.92  10.82) v=8.15 m/s
[lio] t=1317401085.150 | feat 4803/13917 | map  22945 | icp ok  iter  8 corr  3526 rms 0.0489   53.86 ms | p=(  280.98   -52.14  10.78) v=7.96 m/s [KF]
[lio] t=1317401085.255 | feat 4942/13910 | map  22864 | icp ok  iter  6 corr  3574 rms 0.0513   42.33 ms | p=(  280.77   -51.31  10.72) v=8.29 m/s
[lio] t=1317401085.359 | feat 4908/13969 | map  22864 | icp ok  iter  6 corr  3508 rms 0.0621   39.49 ms | p=(  280.59   -50.43  10.69) v=8.67 m/s [KF]
[lio] t=1317401085.463 | feat 4788/14026 | map  22902 | icp ok  iter  5 corr  3490 rms 0.0515   33.10 ms | p=(  280.39   -49.57  10.66) v=8.67 m/s
[lio] t=1317401085.568 | feat 4996/14353 | map  22902 | icp ok  iter  8 corr  3612 rms 0.0515   54.97 ms | p=(  280.21   -48.70  10.60) v=8.75 m/s [KF]
[lio] t=1317401085.672 | feat 5076/14612 | map  23023 | icp ok  iter  6 corr  3593 rms 0.0466   40.04 ms | p=(  279.94   -47.81  10.57) v=9.03 m/s
[lio] t=1317401085.776 | feat 5249/15226 | map  23023 | icp ok  iter  8 corr  3736 rms 0.0503   54.34 ms | p=(  279.74   -46.87  10.53) v=9.38 m/s [KF]
[lio] t=1317401085.880 | feat 5601/15995 | map  23194 | icp ok  iter  6 corr  3894 rms 0.0530   46.68 ms | p=(  279.48   -45.95  10.49) v=9.44 m/s
[lio] t=1317401085.984 | feat 5593/16250 | map  23194 | icp ok  iter  6 corr  3907 rms 0.0603   47.11 ms | p=(  279.28   -45.00  10.46) v=9.53 m/s [KF]
[lio] t=1317401086.088 | feat 5826/16499 | map  23424 | icp ok  iter  8 corr  4113 rms 0.0563   58.33 ms | p=(  279.04   -44.00  10.41) v=9.86 m/s [KF]
[lio] t=1317401086.192 | feat 5833/16798 | map  23673 | icp ok  iter  7 corr  4116 rms 0.0467   56.42 ms | p=(  278.81   -43.05  10.37) v=9.71 m/s
[lio] t=1317401086.296 | feat 5844/16453 | map  23673 | icp ok  iter  6 corr  4158 rms 0.0498   45.49 ms | p=(  278.57   -42.02  10.33) v=10.05 m/s [KF]
[lio] t=1317401086.400 | feat 5869/16545 | map  23823 | icp ok  iter  6 corr  4273 rms 0.0540   45.60 ms | p=(  278.34   -41.04  10.26) v=9.92 m/s [KF]
[lio] t=1317401086.504 | feat 5771/16564 | map  23908 | icp ok  iter  4 corr  4268 rms 0.0458   29.53 ms | p=(  278.08   -40.02  10.19) v=10.12 m/s [KF]
[lio] t=1317401086.608 | feat 5795/16727 | map  23881 | icp ok  iter 10 corr  4288 rms 0.0473   77.26 ms | p=(  277.83   -39.04  10.14) v=9.97 m/s [KF]
[lio] t=1317401086.712 | feat 5706/16731 | map  23807 | icp ok  iter  5 corr  4193 rms 0.0490   41.67 ms | p=(  277.56   -38.04  10.09) v=10.06 m/s [KF]
[lio] t=1317401086.816 | feat 5757/16890 | map  23658 | icp ok  iter  5 corr  4299 rms 0.0443   40.70 ms | p=(  277.29   -37.02  10.03) v=10.18 m/s [KF]
[lio] t=1317401086.920 | feat 5550/16828 | map  23503 | icp ok  iter  9 corr  4122 rms 0.0462   71.50 ms | p=(  277.02   -36.04   9.98) v=10.09 m/s [KF]
[lio] t=1317401087.024 | feat 5574/16921 | map  23269 | icp ok  iter  6 corr  4178 rms 0.0494   49.49 ms | p=(  276.74   -35.00   9.94) v=10.33 m/s [KF]
[lio] t=1317401087.127 | feat 5590/17173 | map  23115 | icp ok  iter  6 corr  4124 rms 0.0444   45.62 ms | p=(  276.43   -33.99   9.89) v=10.31 m/s [KF]
[lio] t=1317401087.231 | feat 5612/17157 | map  23022 | icp ok  iter  3 corr  4195 rms 0.0500   24.02 ms | p=(  276.15   -32.96   9.84) v=10.33 m/s [KF]
[lio] t=1317401087.335 | feat 5348/17190 | map  22891 | icp ok  iter  6 corr  3855 rms 0.0474   45.91 ms | p=(  275.83   -31.93   9.79) v=10.40 m/s [KF]
[lio] t=1317401087.439 | feat 5354/17388 | map  22874 | icp ok  iter  4 corr  3835 rms 0.0528   27.68 ms | p=(  275.53   -30.90   9.72) v=10.48 m/s [KF]
[lio] t=1317401087.543 | feat 5390/17072 | map  22946 | icp ok  iter  4 corr  3934 rms 0.0525   30.58 ms | p=(  275.21   -29.87   9.66) v=10.45 m/s [KF]
[lio] t=1317401087.647 | feat 4986/16851 | map  22948 | icp ok  iter  5 corr  3762 rms 0.0435   32.95 ms | p=(  274.90   -28.83   9.60) v=10.52 m/s [KF]
[lio] t=1317401087.751 | feat 4892/16542 | map  22837 | icp ok  iter  7 corr  3636 rms 0.0528   44.86 ms | p=(  274.59   -27.80   9.54) v=10.45 m/s [KF]
[lio] t=1317401087.855 | feat 4668/16322 | map  22831 | icp ok  iter  9 corr  3560 rms 0.0803   56.06 ms | p=(  274.31   -26.77   9.48) v=10.42 m/s [KF]
[lio] t=1317401087.959 | feat 4782/16209 | map  22711 | icp ok  iter  6 corr  3635 rms 0.0491   39.30 ms | p=(  273.94   -25.71   9.42) v=10.72 m/s [KF]
[lio] t=1317401088.063 | feat 4484/16022 | map  22653 | icp ok  iter  5 corr  3352 rms 0.0591   29.81 ms | p=(  273.64   -24.67   9.37) v=10.62 m/s [KF]
[lio] t=1317401088.167 | feat 4320/15817 | map  22591 | icp ok  iter  4 corr  3273 rms 0.0541   23.52 ms | p=(  273.31   -23.62   9.30) v=10.68 m/s [KF]
[lio] t=1317401088.271 | feat 4394/15676 | map  22337 | icp ok  iter  5 corr  3341 rms 0.0556   29.17 ms | p=(  272.97   -22.55   9.23) v=10.83 m/s [KF]
[lio] t=1317401088.375 | feat 4302/15434 | map  22191 | icp ok  iter 12 corr  3251 rms 0.0509   69.35 ms | p=(  272.66   -21.51   9.18) v=10.68 m/s [KF]
[lio] t=1317401088.479 | feat 4181/15319 | map  22070 | icp ok  iter  3 corr  3222 rms 0.0466   19.09 ms | p=(  272.34   -20.44   9.12) v=10.77 m/s [KF]
[lio] t=1317401088.583 | feat 4140/15329 | map  21818 | icp ok  iter  6 corr  3129 rms 0.0496   34.96 ms | p=(  272.02   -19.35   9.06) v=10.92 m/s [KF]
[lio] t=1317401088.687 | feat 4210/15070 | map  21746 | icp ok  iter  5 corr  3246 rms 0.0571   29.47 ms | p=(  271.69   -18.29   9.00) v=10.85 m/s [KF]
[lio] t=1317401088.791 | feat 4049/14856 | map  21643 | icp ok  iter  9 corr  3099 rms 0.0469   50.50 ms | p=(  271.38   -17.22   8.93) v=10.83 m/s [KF]
[lio] t=1317401088.895 | feat 3988/14600 | map  21524 | icp ok  iter  4 corr  2994 rms 0.0477   20.27 ms | p=(  271.07   -16.13   8.87) v=10.92 m/s [KF]
[lio] t=1317401088.999 | feat 3945/14389 | map  21460 | icp ok  iter  5 corr  3051 rms 0.0468   25.62 ms | p=(  270.77   -15.05   8.80) v=10.91 m/s [KF]
[lio] t=1317401089.103 | feat 3989/14408 | map  21326 | icp ok  iter  5 corr  3028 rms 0.0526   28.37 ms | p=(  270.45   -13.95   8.74) v=11.03 m/s [KF]
[lio] t=1317401089.207 | feat 3974/14744 | map  21172 | icp ok  iter  3 corr  2974 rms 0.0468   15.28 ms | p=(  270.16   -12.85   8.68) v=11.06 m/s [KF]
[lio] t=1317401089.311 | feat 3836/14754 | map  20984 | icp ok  iter  6 corr  2822 rms 0.0462   29.40 ms | p=(  269.87   -11.74   8.61) v=11.12 m/s [KF]
[lio] t=1317401089.415 | feat 3835/14683 | map  20699 | icp ok  iter  5 corr  2853 rms 0.0505   25.57 ms | p=(  269.57   -10.63   8.55) v=11.15 m/s [KF]
[lio] t=1317401089.519 | feat 3880/14692 | map  20436 | icp ok  iter  7 corr  2924 rms 0.0476   37.91 ms | p=(  269.30    -9.54   8.48) v=11.00 m/s [KF]
[lio] t=1317401089.623 | feat 3746/14637 | map  20133 | icp ok  iter  5 corr  2740 rms 0.0490   27.57 ms | p=(  269.03    -8.42   8.42) v=11.16 m/s [KF]
[lio] t=1317401089.726 | feat 3856/14810 | map  19819 | icp ok  iter  4 corr  2901 rms 0.0619   21.54 ms | p=(  268.75    -7.29   8.36) v=11.23 m/s [KF]
[lio] t=1317401089.830 | feat 3690/14998 | map  19471 | icp ok  iter  8 corr  2698 rms 0.0495   38.15 ms | p=(  268.50    -6.17   8.29) v=11.19 m/s [KF]
[lio] t=1317401089.934 | feat 3502/14779 | map  19025 | icp ok  iter  5 corr  2579 rms 0.0547   22.78 ms | p=(  268.22    -5.05   8.22) v=11.20 m/s [KF]
[lio] t=1317401090.038 | feat 3657/14836 | map  18632 | icp ok  iter  7 corr  2729 rms 0.0618   35.24 ms | p=(  267.97    -3.92   8.16) v=11.24 m/s [KF]
[lio] t=1317401090.142 | feat 3762/14892 | map  18293 | icp ok  iter  6 corr  2819 rms 0.0509   32.26 ms | p=(  267.71    -2.77   8.11) v=11.37 m/s [KF]
[lio] t=1317401090.246 | feat 3751/14832 | map  17840 | icp ok  iter  9 corr  2818 rms 0.0478   43.76 ms | p=(  267.47    -1.65   8.04) v=11.24 m/s [KF]
[lio] t=1317401090.349 | feat 3790/14954 | map  17509 | icp ok  iter  6 corr  2854 rms 0.0627   32.35 ms | p=(  267.22    -0.49   7.98) v=11.46 m/s [KF]
[lio] t=1317401090.453 | feat 3739/14893 | map  17282 | icp ok  iter  7 corr  2719 rms 0.0473   32.14 ms | p=(  266.97     0.64   7.92) v=11.32 m/s [KF]
[lio] t=1317401090.557 | feat 3805/14729 | map  17151 | icp ok  iter  6 corr  2773 rms 0.0559   30.74 ms | p=(  266.70     1.83   7.86) v=11.64 m/s [KF]
[lio] t=1317401090.661 | feat 3501/14774 | map  17092 | icp ok  iter  6 corr  2585 rms 0.0552   29.27 ms | p=(  266.46     2.97   7.80) v=11.44 m/s [KF]
[lio] t=1317401090.764 | feat 3529/15000 | map  17038 | icp ok  iter  6 corr  2657 rms 0.0482   27.17 ms | p=(  266.21     4.10   7.75) v=11.33 m/s [KF]
[lio] t=1317401090.868 | feat 3805/15001 | map  17034 | icp ok  iter  4 corr  2859 rms 0.0501   21.12 ms | p=(  265.97     5.26   7.69) v=11.43 m/s [KF]
[lio] t=1317401090.972 | feat 3965/15121 | map  17078 | icp ok  iter  4 corr  3063 rms 0.0538   22.14 ms | p=(  265.72     6.42   7.63) v=11.50 m/s [KF]
[lio] t=1317401091.076 | feat 3879/14788 | map  17192 | icp ok  iter  4 corr  2936 rms 0.0550   20.24 ms | p=(  265.48     7.57   7.57) v=11.47 m/s [KF]
[lio] t=1317401091.179 | feat 3902/14782 | map  17413 | icp ok  iter  4 corr  2982 rms 0.0529   22.34 ms | p=(  265.23     8.74   7.51) v=11.51 m/s [KF]
[lio] t=1317401091.283 | feat 3947/14668 | map  17507 | icp ok  iter  4 corr  3010 rms 0.0577   22.09 ms | p=(  264.98     9.87   7.45) v=11.36 m/s [KF]
[lio] t=1317401091.387 | feat 3856/14484 | map  17653 | icp ok  iter  6 corr  2945 rms 0.0583   32.34 ms | p=(  264.73    11.05   7.39) v=11.55 m/s [KF]
[lio] t=1317401091.491 | feat 3654/14511 | map  17729 | icp ok  iter  5 corr  2810 rms 0.0546   24.77 ms | p=(  264.48    12.20   7.33) v=11.44 m/s [KF]
[lio] t=1317401091.594 | feat 3894/14592 | map  17785 | icp ok  iter  3 corr  2991 rms 0.0522   16.70 ms | p=(  264.24    13.36   7.27) v=11.45 m/s [KF]
[lio] t=1317401091.698 | feat 3891/14715 | map  17834 | icp ok  iter  5 corr  3023 rms 0.0547   26.63 ms | p=(  263.99    14.53   7.21) v=11.56 m/s [KF]
[lio] t=1317401091.802 | feat 4035/14810 | map  17886 | icp ok  iter  7 corr  3099 rms 0.0571   37.41 ms | p=(  263.76    15.66   7.15) v=11.32 m/s [KF]
[lio] t=1317401091.906 | feat 3949/14532 | map  17886 | icp ok  iter  7 corr  3046 rms 0.0484   35.75 ms | p=(  263.51    16.80   7.09) v=11.30 m/s [KF]
[lio] t=1317401092.009 | feat 4115/14494 | map  17836 | icp ok  iter  5 corr  3143 rms 0.0569   28.73 ms | p=(  263.27    17.94   7.03) v=11.28 m/s [KF]
[lio] t=1317401092.113 | feat 4094/14204 | map  17938 | icp ok  iter  4 corr  3122 rms 0.0511   22.36 ms | p=(  263.02    19.09   6.96) v=11.37 m/s [KF]
[lio] t=1317401092.217 | feat 4040/14056 | map  18045 | icp ok  iter  8 corr  3068 rms 0.0526   43.64 ms | p=(  262.80    20.24   6.90) v=11.34 m/s [KF]
[lio] t=1317401092.321 | feat 4113/13903 | map  18144 | icp ok  iter  4 corr  3095 rms 0.0539   22.16 ms | p=(  262.55    21.38   6.83) v=11.34 m/s [KF]
[lio] t=1317401092.425 | feat 3989/13698 | map  18247 | icp ok  iter  6 corr  3051 rms 0.0582   32.68 ms | p=(  262.32    22.49   6.77) v=11.12 m/s [KF]
[lio] t=1317401092.529 | feat 4029/13615 | map  18306 | icp ok  iter  4 corr  3060 rms 0.0476   20.90 ms | p=(  262.09    23.64   6.71) v=11.26 m/s [KF]
[lio] t=1317401092.632 | feat 4043/13469 | map  18384 | icp ok  iter  5 corr  3007 rms 0.0560   25.53 ms | p=(  261.85    24.75   6.64) v=11.14 m/s [KF]
[lio] t=1317401092.736 | feat 4086/13645 | map  18383 | icp ok  iter  6 corr  3100 rms 0.0448   30.94 ms | p=(  261.61    25.89   6.57) v=11.22 m/s [KF]
[lio] t=1317401092.840 | feat 4083/13818 | map  18366 | icp ok  iter  5 corr  3100 rms 0.0730   26.41 ms | p=(  261.36    27.01   6.50) v=11.15 m/s [KF]
[lio] t=1317401092.944 | feat 4102/13884 | map  18319 | icp ok  iter  4 corr  3082 rms 0.0583   22.37 ms | p=(  261.13    28.15   6.43) v=11.24 m/s [KF]
[lio] t=1317401093.048 | feat 4247/13719 | map  18399 | icp ok  iter  4 corr  3163 rms 0.0566   20.70 ms | p=(  260.89    29.30   6.36) v=11.32 m/s [KF]
[lio] t=1317401093.151 | feat 4116/13761 | map  18479 | icp ok  iter  5 corr  3071 rms 0.0572   26.67 ms | p=(  260.65    30.42   6.29) v=11.18 m/s [KF]
[lio] t=1317401093.255 | feat 4176/13671 | map  18481 | icp ok  iter  5 corr  3055 rms 0.0505   28.51 ms | p=(  260.42    31.55   6.21) v=11.20 m/s [KF]
[lio] t=1317401093.359 | feat 3993/13331 | map  18526 | icp ok  iter  5 corr  2949 rms 0.0511   25.43 ms | p=(  260.18    32.68   6.15) v=11.26 m/s [KF]
[lio] t=1317401093.463 | feat 4290/13176 | map  18566 | icp ok  iter  4 corr  3202 rms 0.0495   21.40 ms | p=(  259.94    33.81   6.09) v=11.26 m/s [KF]
[lio] t=1317401093.567 | feat 4030/12760 | map  18531 | icp ok  iter  4 corr  3001 rms 0.0583   21.88 ms | p=(  259.71    34.95   6.00) v=11.29 m/s [KF]
[lio] t=1317401093.671 | feat 4061/12607 | map  18468 | icp ok  iter  4 corr  3054 rms 0.0546   24.06 ms | p=(  259.46    36.11   5.93) v=11.46 m/s [KF]
[lio] t=1317401093.774 | feat 4070/12424 | map  18382 | icp ok  iter  4 corr  3038 rms 0.0527   21.78 ms | p=(  259.22    37.26   5.86) v=11.45 m/s [KF]
[lio] t=1317401093.878 | feat 4018/11946 | map  18241 | icp ok  iter  3 corr  2983 rms 0.0557   16.74 ms | p=(  258.98    38.42   5.78) v=11.53 m/s [KF]
[lio] t=1317401093.982 | feat 3912/12120 | map  18163 | icp ok  iter  4 corr  2946 rms 0.0504   20.44 ms | p=(  258.74    39.58   5.70) v=11.56 m/s [KF]
[lio] t=1317401094.086 | feat 3954/12118 | map  18053 | icp ok  iter  4 corr  2925 rms 0.0470   20.55 ms | p=(  258.50    40.76   5.64) v=11.68 m/s [KF]
[lio] t=1317401094.190 | feat 3827/11950 | map  18010 | icp ok  iter  5 corr  2871 rms 0.0594   27.19 ms | p=(  258.24    41.93   5.56) v=11.72 m/s [KF]
[lio] t=1317401094.293 | feat 3999/11670 | map  17971 | icp ok  iter  5 corr  3087 rms 0.0506   25.68 ms | p=(  258.00    43.10   5.49) v=11.70 m/s [KF]
[lio] t=1317401094.397 | feat 4063/11553 | map  17934 | icp ok  iter  4 corr  3034 rms 0.0498   22.67 ms | p=(  257.76    44.29   5.43) v=11.77 m/s [KF]
[lio] t=1317401094.501 | feat 3955/11752 | map  18003 | icp ok  iter  6 corr  3021 rms 0.0472   32.44 ms | p=(  257.49    45.52   5.36) v=12.09 m/s [KF]
[lio] t=1317401094.605 | feat 3988/11977 | map  17960 | icp ok  iter  5 corr  3093 rms 0.0448   27.21 ms | p=(  257.22    46.72   5.29) v=12.01 m/s [KF]
[lio] t=1317401094.709 | feat 4004/12198 | map  17941 | icp ok  iter  6 corr  3146 rms 0.0525   34.05 ms | p=(  256.98    47.93   5.21) v=12.06 m/s [KF]
[lio] t=1317401094.812 | feat 3882/12097 | map  17925 | icp ok  iter  5 corr  3070 rms 0.0509   26.37 ms | p=(  256.70    49.13   5.14) v=12.03 m/s [KF]
[lio] t=1317401094.916 | feat 3923/12313 | map  17859 | icp ok  iter  4 corr  3098 rms 0.0545   22.39 ms | p=(  256.44    50.36   5.06) v=12.23 m/s [KF]
[lio] t=1317401095.020 | feat 3963/12257 | map  17774 | icp ok  iter  4 corr  3117 rms 0.0557   21.59 ms | p=(  256.16    51.59   5.00) v=12.22 m/s [KF]
[lio] t=1317401095.124 | feat 4169/12448 | map  17756 | icp ok  iter  5 corr  3276 rms 0.0536   30.16 ms | p=(  255.89    52.81   4.93) v=12.22 m/s [KF]
[lio] t=1317401095.227 | feat 4199/12772 | map  17780 | icp ok  iter  4 corr  3366 rms 0.0532   22.62 ms | p=(  255.62    54.05   4.85) v=12.26 m/s [KF]
[lio] t=1317401095.331 | feat 4269/13082 | map  17791 | icp ok  iter  5 corr  3342 rms 0.0503   29.11 ms | p=(  255.35    55.27   4.77) v=12.16 m/s [KF]
[lio] t=1317401095.435 | feat 4040/13149 | map  17753 | icp ok  iter  3 corr  3264 rms 0.0590   16.20 ms | p=(  255.08    56.50   4.69) v=12.23 m/s [KF]
[lio] t=1317401095.539 | feat 4377/13132 | map  17741 | icp ok  iter  3 corr  3494 rms 0.0543   17.69 ms | p=(  254.81    57.74   4.63) v=12.27 m/s [KF]
[lio] t=1317401095.642 | feat 4380/13361 | map  17726 | icp ok  iter  4 corr  3562 rms 0.0472   23.66 ms | p=(  254.54    58.97   4.56) v=12.22 m/s [KF]
[lio] t=1317401095.746 | feat 4060/13293 | map  17571 | icp ok  iter  5 corr  3235 rms 0.0531   27.79 ms | p=(  254.28    60.19   4.48) v=12.17 m/s [KF]
[lio] t=1317401095.850 | feat 4406/13380 | map  17483 | icp ok  iter  5 corr  3534 rms 0.0509   31.92 ms | p=(  254.01    61.41   4.41) v=12.17 m/s [KF]
[lio] t=1317401095.954 | feat 4223/13342 | map  17396 | icp ok  iter  5 corr  3434 rms 0.0532   29.53 ms | p=(  253.74    62.63   4.35) v=12.11 m/s [KF]
[lio] t=1317401096.057 | feat 4359/13259 | map  17324 | icp ok  iter  4 corr  3556 rms 0.0569   24.17 ms | p=(  253.47    63.86   4.26) v=12.20 m/s [KF]
[lio] t=1317401096.161 | feat 4360/13473 | map  17257 | icp ok  iter  5 corr  3582 rms 0.0571   31.63 ms | p=(  253.20    65.11   4.18) v=12.28 m/s [KF]
[lio] t=1317401096.265 | feat 4418/13514 | map  17223 | icp ok  iter  5 corr  3666 rms 0.0553   31.31 ms | p=(  252.93    66.31   4.10) v=12.08 m/s [KF]
[lio] t=1317401096.369 | feat 4431/13538 | map  17173 | icp ok  iter  4 corr  3719 rms 0.0497   26.43 ms | p=(  252.67    67.53   4.02) v=12.07 m/s [KF]
[lio] t=1317401096.473 | feat 4308/13473 | map  17175 | icp ok  iter  4 corr  3515 rms 0.0522   24.55 ms | p=(  252.41    68.76   3.94) v=12.14 m/s [KF]
[lio] t=1317401096.576 | feat 4296/13345 | map  17168 | icp ok  iter  6 corr  3441 rms 0.0564   38.43 ms | p=(  252.16    69.93   3.87) v=11.82 m/s [KF]
[lio] t=1317401096.680 | feat 4261/13317 | map  17190 | icp ok  iter  8 corr  3455 rms 0.0515   49.89 ms | p=(  251.89    71.19   3.79) v=12.22 m/s [KF]
[lio] t=1317401096.784 | feat 4307/13387 | map  17223 | icp ok  iter  5 corr  3462 rms 0.0522   31.93 ms | p=(  251.64    72.38   3.71) v=11.99 m/s [KF]
[lio] t=1317401096.888 | feat 4371/13516 | map  17303 | icp ok  iter  4 corr  3525 rms 0.0523   24.42 ms | p=(  251.38    73.61   3.62) v=12.08 m/s [KF]
[lio] t=1317401096.991 | feat 4464/13860 | map  17391 | icp ok  iter  5 corr  3633 rms 0.0608   33.70 ms | p=(  251.13    74.80   3.55) v=11.96 m/s [KF]
[lio] t=1317401097.095 | feat 4484/13950 | map  17469 | icp ok  iter  3 corr  3683 rms 0.0578   20.62 ms | p=(  250.87    76.02   3.46) v=12.00 m/s [KF]
[lio] t=1317401097.199 | feat 4388/14297 | map  17562 | icp ok  iter  4 corr  3590 rms 0.0489   25.41 ms | p=(  250.61    77.23   3.41) v=11.99 m/s [KF]
[lio] t=1317401097.303 | feat 4352/14372 | map  17689 | icp ok  iter  4 corr  3563 rms 0.0511   23.83 ms | p=(  250.36    78.43   3.32) v=11.94 m/s [KF]
[lio] t=1317401097.406 | feat 4327/14569 | map  17762 | icp ok  iter  4 corr  3461 rms 0.0555   24.60 ms | p=(  250.10    79.64   3.24) v=11.98 m/s [KF]
[lio] t=1317401097.510 | feat 4382/14775 | map  17835 | icp ok  iter  5 corr  3598 rms 0.0480   31.52 ms | p=(  249.85    80.83   3.17) v=11.91 m/s [KF]
[lio] t=1317401097.614 | feat 4275/14647 | map  17849 | icp ok  iter  5 corr  3466 rms 0.0504   30.45 ms | p=(  249.60    82.03   3.10) v=11.89 m/s [KF]
[lio] t=1317401097.718 | feat 4293/14764 | map  17921 | icp ok  iter  3 corr  3524 rms 0.0493   18.97 ms | p=(  249.34    83.24   3.02) v=11.95 m/s [KF]
[lio] t=1317401097.821 | feat 4231/14611 | map  17941 | icp ok  iter  5 corr  3379 rms 0.0576   28.61 ms | p=(  249.09    84.43   2.93) v=11.89 m/s [KF]
[lio] t=1317401097.925 | feat 4456/14212 | map  18027 | icp ok  iter  4 corr  3596 rms 0.0517   25.52 ms | p=(  248.83    85.63   2.85) v=11.90 m/s [KF]
[lio] t=1317401098.029 | feat 4371/14080 | map  18136 | icp ok  iter  3 corr  3523 rms 0.0527   19.63 ms | p=(  248.58    86.83   2.77) v=11.89 m/s [KF]
[lio] t=1317401098.133 | feat 4279/13900 | map  18246 | icp ok  iter  4 corr  3505 rms 0.0590   26.27 ms | p=(  248.32    88.03   2.68) v=11.86 m/s [KF]
[lio] t=1317401098.237 | feat 4425/13880 | map  18249 | icp ok  iter  6 corr  3613 rms 0.0543   36.45 ms | p=(  248.06    89.23   2.60) v=11.92 m/s [KF]
[lio] t=1317401098.340 | feat 4350/13654 | map  18214 | icp ok  iter  5 corr  3517 rms 0.0569   30.28 ms | p=(  247.82    90.40   2.50) v=11.75 m/s [KF]
[lio] t=1317401098.444 | feat 4301/13821 | map  18237 | icp ok  iter  5 corr  3530 rms 0.0576   33.46 ms | p=(  247.57    91.63   2.42) v=12.00 m/s [KF]
[lio] t=1317401098.548 | feat 4103/13654 | map  18250 | icp ok  iter  9 corr  3357 rms 0.0553   54.84 ms | p=(  247.33    92.79   2.34) v=11.70 m/s [KF]
[lio] t=1317401098.652 | feat 4193/13982 | map  18184 | icp ok  iter  8 corr  3398 rms 0.0545   51.31 ms | p=(  247.08    94.03   2.27) v=12.00 m/s [KF]
[lio] t=1317401098.756 | feat 4314/14416 | map  18233 | icp ok  iter  5 corr  3477 rms 0.0626   31.59 ms | p=(  246.82    95.20   2.19) v=11.83 m/s [KF]
[lio] t=1317401098.859 | feat 4238/14355 | map  18357 | icp ok  iter  4 corr  3326 rms 0.0565   24.97 ms | p=(  246.58    96.40   2.12) v=11.85 m/s [KF]
[lio] t=1317401098.963 | feat 4481/14543 | map  18397 | icp ok  iter  5 corr  3560 rms 0.0523   30.98 ms | p=(  246.35    97.59   2.05) v=11.77 m/s [KF]
[lio] t=1317401099.067 | feat 4393/14664 | map  18439 | icp ok  iter  5 corr  3416 rms 0.0540   30.26 ms | p=(  246.09    98.78   1.98) v=11.78 m/s [KF]
[lio] t=1317401099.171 | feat 4448/14787 | map  18460 | icp ok  iter  4 corr  3543 rms 0.0526   25.44 ms | p=(  245.86    99.97   1.89) v=11.80 m/s [KF]
[lio] t=1317401099.275 | feat 4579/14674 | map  18458 | icp ok  iter  5 corr  3639 rms 0.0561   30.68 ms | p=(  245.62   101.15   1.81) v=11.75 m/s [KF]
[lio] t=1317401099.378 | feat 4671/14605 | map  18419 | icp ok  iter  5 corr  3671 rms 0.0502   34.46 ms | p=(  245.38   102.33   1.74) v=11.63 m/s [KF]
[lio] t=1317401099.482 | feat 4777/14797 | map  18400 | icp ok  iter  4 corr  3768 rms 0.0552   27.34 ms | p=(  245.14   103.49   1.67) v=11.38 m/s [KF]
[lio] t=1317401099.586 | feat 4608/14633 | map  18417 | icp ok  iter  5 corr  3606 rms 0.0458   30.02 ms | p=(  244.91   104.62   1.59) v=11.10 m/s [KF]
[lio] t=1317401099.690 | feat 4684/14462 | map  18421 | icp ok  iter  5 corr  3647 rms 0.0493   31.21 ms | p=(  244.69   105.71   1.53) v=10.74 m/s [KF]
[lio] t=1317401099.794 | feat 4730/14378 | map  18388 | icp ok  iter  3 corr  3635 rms 0.0468   20.66 ms | p=(  244.48   106.79   1.47) v=10.51 m/s [KF]
[lio] t=1317401099.897 | feat 4626/14294 | map  18403 | icp ok  iter  4 corr  3547 rms 0.0504   26.61 ms | p=(  244.29   107.85   1.41) v=10.31 m/s [KF]
[lio] t=1317401100.001 | feat 4760/14626 | map  18415 | icp ok  iter  3 corr  3663 rms 0.0546   21.73 ms | p=(  244.08   108.87   1.35) v=10.03 m/s [KF]
[lio] t=1317401100.105 | feat 4818/14719 | map  18378 | icp ok  iter  5 corr  3735 rms 0.0507   35.57 ms | p=(  243.88   109.85   1.29) v=9.63 m/s [KF]
[lio] t=1317401100.209 | feat 4856/14836 | map  18423 | icp ok  iter  3 corr  3761 rms 0.0557   21.96 ms | p=(  243.69   110.81   1.23) v=9.36 m/s
[lio] t=1317401100.313 | feat 4865/14911 | map  18423 | icp ok  iter  4 corr  3721 rms 0.0525   26.76 ms | p=(  243.52   111.76   1.16) v=9.17 m/s [KF]
[lio] t=1317401100.417 | feat 4686/15039 | map  18506 | icp ok  iter  4 corr  3565 rms 0.0509   24.33 ms | p=(  243.34   112.69   1.11) v=9.14 m/s
[lio] t=1317401100.520 | feat 4575/15260 | map  18506 | icp ok  iter  7 corr  3424 rms 0.0554   43.78 ms | p=(  243.18   113.60   1.05) v=8.96 m/s [KF]
[lio] t=1317401100.624 | feat 4426/15254 | map  18564 | icp ok  iter  4 corr  3379 rms 0.0506   25.38 ms | p=(  242.98   114.52   0.99) v=9.04 m/s
[lio] t=1317401100.728 | feat 4621/15181 | map  18564 | icp ok  iter  5 corr  3411 rms 0.0558   32.09 ms | p=(  242.81   115.42   0.93) v=8.95 m/s [KF]
[lio] t=1317401100.832 | feat 4717/15161 | map  18642 | icp ok  iter  4 corr  3626 rms 0.0616   24.46 ms | p=(  242.60   116.33   0.87) v=9.00 m/s
[lio] t=1317401100.936 | feat 4704/15154 | map  18642 | icp ok  iter 10 corr  3513 rms 0.0643   64.41 ms | p=(  242.42   117.20   0.81) v=8.79 m/s [KF]
[lio] t=1317401101.040 | feat 4612/15177 | map  18819 | icp ok  iter  6 corr  3524 rms 0.0504   35.37 ms | p=(  242.23   118.11   0.75) v=8.93 m/s
[lio] t=1317401101.143 | feat 4432/15341 | map  18819 | icp ok  iter  6 corr  3332 rms 0.0517   37.29 ms | p=(  242.04   118.99   0.70) v=8.84 m/s [KF]
[lio] t=1317401101.247 | feat 4692/15555 | map  18959 | icp ok  iter  5 corr  3548 rms 0.0520   32.20 ms | p=(  241.85   119.87   0.65) v=8.75 m/s
[lio] t=1317401101.351 | feat 4710/15848 | map  18959 | icp ok  iter  6 corr  3549 rms 0.0527   36.96 ms | p=(  241.65   120.78   0.60) v=8.94 m/s [KF]
[lio] t=1317401101.455 | feat 4564/15911 | map  19189 | icp ok  iter  5 corr  3451 rms 0.0501   31.64 ms | p=(  241.46   121.66   0.54) v=8.80 m/s
[lio] t=1317401101.559 | feat 4583/15981 | map  19189 | icp ok  iter  3 corr  3474 rms 0.0537   18.77 ms | p=(  241.26   122.55   0.48) v=8.82 m/s [KF]
[lio] t=1317401101.663 | feat 4575/15853 | map  19310 | icp ok  iter  7 corr  3456 rms 0.0502   42.78 ms | p=(  241.06   123.43   0.42) v=8.84 m/s
[lio] t=1317401101.767 | feat 4577/15856 | map  19310 | icp ok  iter  6 corr  3388 rms 0.0617   36.34 ms | p=(  240.88   124.31   0.37) v=8.78 m/s [KF]
[lio] t=1317401101.870 | feat 4590/15994 | map  19472 | icp ok  iter  5 corr  3378 rms 0.0502   28.56 ms | p=(  240.68   125.21   0.31) v=8.94 m/s
[lio] t=1317401101.974 | feat 4551/15947 | map  19472 | icp ok  iter  4 corr  3340 rms 0.0525   25.46 ms | p=(  240.48   126.12   0.25) v=9.06 m/s [KF]
[lio] t=1317401102.078 | feat 4550/16027 | map  19575 | icp ok  iter  4 corr  3352 rms 0.0527   24.50 ms | p=(  240.30   127.03   0.18) v=9.05 m/s
[lio] t=1317401102.182 | feat 4533/16113 | map  19575 | icp ok  iter  9 corr  3255 rms 0.0551   47.19 ms | p=(  240.09   127.92   0.13) v=8.97 m/s [KF]
[lio] t=1317401102.286 | feat 4485/16301 | map  19787 | icp ok  iter  6 corr  3321 rms 0.0542   34.21 ms | p=(  239.91   128.86   0.09) v=9.22 m/s
[lio] t=1317401102.390 | feat 4616/16432 | map  19787 | icp ok  iter  5 corr  3376 rms 0.0565   33.21 ms | p=(  239.70   129.78   0.03) v=9.21 m/s [KF]
[lio] t=1317401102.494 | feat 4450/16345 | map  19970 | icp ok  iter  5 corr  3319 rms 0.0538   30.66 ms | p=(  239.51   130.69  -0.03) v=9.21 m/s
[lio] t=1317401102.598 | feat 4681/16208 | map  19970 | icp ok  iter  4 corr  3438 rms 0.0568   25.54 ms | p=(  239.30   131.63  -0.10) v=9.32 m/s [KF]
[lio] t=1317401102.702 | feat 4663/16332 | map  20187 | icp ok  iter  5 corr  3520 rms 0.0621   32.67 ms | p=(  239.11   132.60  -0.15) v=9.51 m/s
[lio] t=1317401102.806 | feat 4467/16128 | map  20187 | icp ok  iter  6 corr  3223 rms 0.0537   34.09 ms | p=(  238.90   133.52  -0.21) v=9.39 m/s [KF]
[lio] t=1317401102.910 | feat 4314/15772 | map  20346 | icp ok  iter  4 corr  3143 rms 0.0526   23.14 ms | p=(  238.70   134.50  -0.28) v=9.62 m/s
[lio] t=1317401103.014 | feat 4375/15627 | map  20346 | icp ok  iter  6 corr  3148 rms 0.0508   34.19 ms | p=(  238.51   135.45  -0.34) v=9.56 m/s [KF]
[lio] t=1317401103.117 | feat 4290/15382 | map  20553 | icp ok  iter  4 corr  3163 rms 0.0535   22.15 ms | p=(  238.30   136.44  -0.39) v=9.78 m/s [KF]
[lio] t=1317401103.221 | feat 4191/15032 | map  20611 | icp ok  iter  7 corr  3083 rms 0.0495   36.63 ms | p=(  238.10   137.41  -0.47) v=9.78 m/s
[lio] t=1317401103.325 | feat 4234/14517 | map  20611 | icp ok  iter  4 corr  3076 rms 0.0553   22.89 ms | p=(  237.90   138.41  -0.55) v=9.91 m/s [KF]
[lio] t=1317401103.429 | feat 3964/14162 | map  20733 | icp ok  iter  4 corr  2950 rms 0.0596   23.22 ms | p=(  237.70   139.43  -0.62) v=10.06 m/s [KF]
[lio] t=1317401103.533 | feat 4037/13986 | map  20718 | icp ok  iter  7 corr  2882 rms 0.0512   35.75 ms | p=(  237.52   140.41  -0.69) v=9.87 m/s
[lio] t=1317401103.637 | feat 4160/13769 | map  20718 | icp ok  iter  5 corr  2966 rms 0.0562   28.05 ms | p=(  237.32   141.42  -0.76) v=10.03 m/s [KF]
[lio] t=1317401103.741 | feat 4080/13619 | map  20777 | icp ok  iter  5 corr  2909 rms 0.0563   27.39 ms | p=(  237.13   142.43  -0.84) v=10.05 m/s [KF]
[lio] t=1317401103.845 | feat 3880/13485 | map  20831 | icp ok  iter  4 corr  2776 rms 0.0563   19.66 ms | p=(  236.92   143.46  -0.92) v=10.20 m/s [KF]
[lio] t=1317401103.949 | feat 3777/13132 | map  20841 | icp ok  iter  5 corr  2658 rms 0.0516   24.32 ms | p=(  236.74   144.49  -0.99) v=10.25 m/s [KF]
[lio] t=1317401104.052 | feat 3856/13009 | map  20810 | icp ok  iter  4 corr  2764 rms 0.0464   18.90 ms | p=(  236.55   145.54  -1.06) v=10.38 m/s [KF]
[lio] t=1317401104.156 | feat 3725/13033 | map  20738 | icp ok  iter  5 corr  2633 rms 0.0569   24.32 ms | p=(  236.36   146.61  -1.14) v=10.50 m/s [KF]
[lio] t=1317401104.260 | feat 3554/12802 | map  20655 | icp ok  iter  7 corr  2555 rms 0.0460   28.63 ms | p=(  236.17   147.65  -1.21) v=10.46 m/s [KF]
[lio] t=1317401104.364 | feat 3506/12590 | map  20500 | icp ok  iter  3 corr  2459 rms 0.0465   13.86 ms | p=(  235.98   148.73  -1.29) v=10.64 m/s [KF]
[lio] t=1317401104.468 | feat 3485/12276 | map  20305 | icp ok  iter  5 corr  2490 rms 0.0627   23.17 ms | p=(  235.78   149.80  -1.37) v=10.64 m/s [KF]
[lio] t=1317401104.572 | feat 3453/12051 | map  20131 | icp ok  iter  6 corr  2512 rms 0.0442   26.77 ms | p=(  235.60   150.87  -1.44) v=10.67 m/s [KF]
[lio] t=1317401104.675 | feat 3575/11936 | map  19879 | icp ok  iter  4 corr  2602 rms 0.0469   17.25 ms | p=(  235.38   151.97  -1.51) v=10.82 m/s [KF]
[lio] t=1317401104.779 | feat 3507/11550 | map  19638 | icp ok  iter  5 corr  2591 rms 0.0503   23.18 ms | p=(  235.20   153.05  -1.59) v=10.82 m/s [KF]
[lio] t=1317401104.883 | feat 3508/11430 | map  19382 | icp ok  iter  6 corr  2579 rms 0.0508   28.36 ms | p=(  234.97   154.18  -1.66) v=11.07 m/s [KF]
[lio] t=1317401104.987 | feat 3602/11391 | map  19161 | icp ok  iter  6 corr  2725 rms 0.0471   27.63 ms | p=(  234.79   155.27  -1.75) v=10.96 m/s [KF]
[lio] t=1317401105.091 | feat 3652/11267 | map  18818 | icp ok  iter  5 corr  2763 rms 0.0507   24.53 ms | p=(  234.58   156.40  -1.82) v=11.15 m/s [KF]
[lio] t=1317401105.194 | feat 3708/11329 | map  18558 | icp ok  iter  6 corr  2839 rms 0.0572   31.90 ms | p=(  234.39   157.53  -1.91) v=11.17 m/s [KF]
[lio] t=1317401105.298 | feat 3626/11405 | map  18439 | icp ok  iter  5 corr  2831 rms 0.0546   24.81 ms | p=(  234.17   158.66  -1.99) v=11.27 m/s [KF]
[lio] t=1317401105.402 | feat 3649/11379 | map  18272 | icp ok  iter  5 corr  2809 rms 0.0569   25.80 ms | p=(  233.97   159.79  -2.07) v=11.22 m/s [KF]
[lio] t=1317401105.506 | feat 3623/11398 | map  18160 | icp ok  iter  5 corr  2831 rms 0.0484   24.16 ms | p=(  233.74   160.95  -2.15) v=11.48 m/s [KF]
[lio] t=1317401105.609 | feat 3778/11667 | map  17819 | icp ok  iter  5 corr  3005 rms 0.0668   27.12 ms | p=(  233.52   162.10  -2.22) v=11.44 m/s [KF]
[lio] t=1317401105.713 | feat 4012/12199 | map  17604 | icp ok  iter  5 corr  3110 rms 0.0533   29.99 ms | p=(  233.32   163.27  -2.29) v=11.56 m/s [KF]
[lio] t=1317401105.817 | feat 3902/12346 | map  17359 | icp ok  iter  3 corr  2969 rms 0.0551   16.07 ms | p=(  233.09   164.45  -2.37) v=11.68 m/s [KF]
[lio] t=1317401105.921 | feat 3904/12211 | map  17208 | icp ok  iter  5 corr  3033 rms 0.0517   25.65 ms | p=(  232.87   165.62  -2.43) v=11.65 m/s [KF]
[lio] t=1317401106.024 | feat 4002/12483 | map  16907 | icp ok  iter  5 corr  3159 rms 0.0509   26.70 ms | p=(  232.63   166.80  -2.52) v=11.78 m/s [KF]
[lio] t=1317401106.128 | feat 4113/12518 | map  16783 | icp ok  iter  4 corr  3169 rms 0.0525   23.88 ms | p=(  232.40   168.01  -2.60) v=11.94 m/s [KF]
[lio] t=1317401106.232 | feat 4020/12666 | map  16550 | icp ok  iter  5 corr  3131 rms 0.0563   28.25 ms | p=(  232.15   169.20  -2.67) v=11.88 m/s [KF]
[lio] t=1317401106.336 | feat 4147/12800 | map  16465 | icp ok  iter  4 corr  3231 rms 0.0492   23.28 ms | p=(  231.91   170.41  -2.75) v=12.00 m/s [KF]
[lio] t=1317401106.439 | feat 4322/12851 | map  16412 | icp ok  iter  5 corr  3382 rms 0.0513   30.54 ms | p=(  231.65   171.62  -2.84) v=12.10 m/s [KF]
[lio] t=1317401106.543 | feat 4335/12761 | map  16428 | icp ok  iter  6 corr  3454 rms 0.0492   36.62 ms | p=(  231.42   172.83  -2.92) v=12.06 m/s [KF]
[lio] t=1317401106.647 | feat 4292/12837 | map  16424 | icp ok  iter  5 corr  3399 rms 0.0485   28.56 ms | p=(  231.15   174.05  -3.00) v=12.17 m/s [KF]
[lio] t=1317401106.751 | feat 4306/12833 | map  16434 | icp ok  iter  4 corr  3418 rms 0.0517   24.73 ms | p=(  230.88   175.27  -3.08) v=12.15 m/s [KF]
[lio] t=1317401106.855 | feat 4328/12629 | map  16454 | icp ok  iter  5 corr  3416 rms 0.0502   30.78 ms | p=(  230.64   176.49  -3.17) v=12.16 m/s [KF]
[lio] t=1317401106.958 | feat 4118/12522 | map  16583 | icp ok  iter  4 corr  3209 rms 0.0488   23.57 ms | p=(  230.35   177.72  -3.25) v=12.23 m/s [KF]
[lio] t=1317401107.062 | feat 4217/12501 | map  16654 | icp ok  iter  4 corr  3337 rms 0.0528   22.96 ms | p=(  230.09   178.94  -3.33) v=12.18 m/s [KF]
[lio] t=1317401107.166 | feat 4364/12644 | map  16773 | icp ok  iter  3 corr  3401 rms 0.0554   18.51 ms | p=(  229.81   180.17  -3.42) v=12.24 m/s [KF]
[lio] t=1317401107.270 | feat 4356/12887 | map  16840 | icp ok  iter  5 corr  3401 rms 0.0493   30.35 ms | p=(  229.54   181.39  -3.50) v=12.15 m/s [KF]
[lio] t=1317401107.374 | feat 4546/13288 | map  16925 | icp ok  iter  4 corr  3536 rms 0.0500   24.01 ms | p=(  229.28   182.63  -3.59) v=12.23 m/s [KF]
[lio] t=1317401107.477 | feat 4638/13747 | map  17046 | icp ok  iter  4 corr  3540 rms 0.0517   27.02 ms | p=(  229.02   183.85  -3.67) v=12.19 m/s [KF]
[lio] t=1317401107.581 | feat 4812/13881 | map  17315 | icp ok  iter  4 corr  3800 rms 0.0556   28.04 ms | p=(  228.75   185.08  -3.76) v=12.22 m/s [KF]
[lio] t=1317401107.685 | feat 5153/14260 | map  17491 | icp ok  iter  5 corr  4084 rms 0.0496   36.14 ms | p=(  228.47   186.29  -3.84) v=12.12 m/s [KF]
[lio] t=1317401107.789 | feat 5214/14438 | map  17647 | icp ok  iter  4 corr  4116 rms 0.0653   29.69 ms | p=(  228.20   187.51  -3.92) v=12.11 m/s [KF]
[lio] t=1317401107.893 | feat 5222/14660 | map  17888 | icp ok  iter  2 corr  4148 rms 0.0556   15.55 ms | p=(  227.95   188.74  -4.01) v=12.14 m/s [KF]
[lio] t=1317401107.997 | feat 4947/14697 | map  18097 | icp ok  iter  4 corr  3881 rms 0.0526   31.34 ms | p=(  227.67   189.96  -4.09) v=12.14 m/s [KF]
[lio] t=1317401108.100 | feat 4816/14570 | map  18194 | icp ok  iter  4 corr  3785 rms 0.0525   26.32 ms | p=(  227.41   191.16  -4.17) v=11.99 m/s [KF]
[lio] t=1317401108.204 | feat 4576/14544 | map  18351 | icp ok  iter  4 corr  3525 rms 0.0463   24.74 ms | p=(  227.15   192.37  -4.26) v=12.02 m/s [KF]
[lio] t=1317401108.308 | feat 4689/14646 | map  18464 | icp ok  iter  5 corr  3639 rms 0.0750   32.39 ms | p=(  226.88   193.58  -4.33) v=12.05 m/s [KF]
[lio] t=1317401108.412 | feat 4614/14578 | map  18561 | icp ok  iter  6 corr  3582 rms 0.0536   37.64 ms | p=(  226.62   194.78  -4.43) v=11.97 m/s [KF]
[lio] t=1317401108.515 | feat 4425/14313 | map  18652 | icp ok  iter  4 corr  3400 rms 0.0539   24.47 ms | p=(  226.35   195.99  -4.53) v=12.01 m/s [KF]
[lio] t=1317401108.619 | feat 4444/13970 | map  18730 | icp ok  iter  6 corr  3414 rms 0.0575   36.07 ms | p=(  226.08   197.18  -4.64) v=11.97 m/s [KF]
[lio] t=1317401108.723 | feat 4509/13948 | map  18812 | icp ok  iter  5 corr  3531 rms 0.0607   33.65 ms | p=(  225.81   198.41  -4.73) v=12.11 m/s [KF]
[lio] t=1317401108.827 | feat 4549/13928 | map  18885 | icp ok  iter  4 corr  3532 rms 0.0533   26.52 ms | p=(  225.56   199.61  -4.82) v=11.95 m/s [KF]
[lio] t=1317401108.930 | feat 4577/14161 | map  18952 | icp ok  iter  5 corr  3557 rms 0.0487   31.76 ms | p=(  225.29   200.80  -4.92) v=11.93 m/s [KF]
[lio] t=1317401109.034 | feat 4675/14457 | map  18946 | icp ok  iter  4 corr  3654 rms 0.0508   28.20 ms | p=(  225.03   202.00  -5.02) v=11.93 m/s [KF]
[lio] t=1317401109.138 | feat 4530/14413 | map  18936 | icp ok  iter  5 corr  3499 rms 0.0490   32.08 ms | p=(  224.77   203.20  -5.11) v=11.94 m/s [KF]
[lio] t=1317401109.242 | feat 4555/14478 | map  18915 | icp ok  iter  5 corr  3472 rms 0.0475   32.38 ms | p=(  224.52   204.39  -5.20) v=11.89 m/s [KF]
[lio] t=1317401109.345 | feat 4728/14462 | map  18877 | icp ok  iter  3 corr  3625 rms 0.0461   20.37 ms | p=(  224.25   205.59  -5.28) v=11.94 m/s [KF]
[lio] t=1317401109.449 | feat 4682/14653 | map  18888 | icp ok  iter  5 corr  3669 rms 0.0550   31.75 ms | p=(  224.00   206.80  -5.38) v=11.98 m/s [KF]
[lio] t=1317401109.553 | feat 4667/14686 | map  18884 | icp ok  iter  5 corr  3699 rms 0.0472   33.59 ms | p=(  223.74   207.99  -5.47) v=11.88 m/s [KF]
[lio] t=1317401109.657 | feat 4737/14936 | map  18872 | icp ok  iter  4 corr  3589 rms 0.0625   26.34 ms | p=(  223.49   209.18  -5.56) v=11.88 m/s [KF]
[lio] t=1317401109.760 | feat 4805/15059 | map  18928 | icp ok  iter  3 corr  3650 rms 0.0512   20.78 ms | p=(  223.24   210.39  -5.66) v=11.94 m/s [KF]
[lio] t=1317401109.864 | feat 4725/15222 | map  18973 | icp ok  iter  4 corr  3553 rms 0.0501   25.97 ms | p=(  222.99   211.58  -5.75) v=11.87 m/s [KF]
[lio] t=1317401109.968 | feat 4932/15493 | map  18939 | icp ok  iter  4 corr  3677 rms 0.0441   27.58 ms | p=(  222.73   212.77  -5.85) v=11.87 m/s [KF]
[lio] t=1317401110.072 | feat 4773/15342 | map  18884 | icp ok  iter  4 corr  3451 rms 0.0505   25.66 ms | p=(  222.49   213.96  -5.94) v=11.88 m/s [KF]
[lio] t=1317401110.175 | feat 4839/15348 | map  18824 | icp ok  iter  5 corr  3658 rms 0.0477   32.90 ms | p=(  222.23   215.16  -6.04) v=11.92 m/s [KF]
[lio] t=1317401110.279 | feat 4695/15142 | map  18812 | icp ok  iter  5 corr  3542 rms 0.0470   32.26 ms | p=(  221.98   216.35  -6.13) v=11.88 m/s [KF]
[lio] t=1317401110.383 | feat 4588/15127 | map  18727 | icp ok  iter  4 corr  3398 rms 0.0504   25.06 ms | p=(  221.73   217.55  -6.22) v=11.90 m/s [KF]
[lio] t=1317401110.486 | feat 4458/14902 | map  18584 | icp ok  iter  4 corr  3324 rms 0.0478   24.70 ms | p=(  221.48   218.76  -6.31) v=11.97 m/s [KF]
[lio] t=1317401110.590 | feat 4278/14816 | map  18443 | icp ok  iter  5 corr  3134 rms 0.0463   29.41 ms | p=(  221.24   219.96  -6.40) v=11.94 m/s [KF]
[lio] t=1317401110.694 | feat 4369/14622 | map  18291 | icp ok  iter  5 corr  3193 rms 0.0515   29.65 ms | p=(  220.97   221.14  -6.49) v=11.88 m/s [KF]
[lio] t=1317401110.798 | feat 4609/14413 | map  18137 | icp ok  iter  5 corr  3390 rms 0.0474   31.16 ms | p=(  220.71   222.35  -6.58) v=11.90 m/s [KF]
[lio] t=1317401110.902 | feat 4699/14265 | map  18199 | icp ok  iter  4 corr  3580 rms 0.0464   24.84 ms | p=(  220.45   223.55  -6.67) v=11.97 m/s [KF]
[lio] t=1317401111.005 | feat 4570/14116 | map  17995 | icp ok  iter  4 corr  3446 rms 0.0475   24.37 ms | p=(  220.19   224.75  -6.76) v=11.98 m/s [KF]
[lio] t=1317401111.109 | feat 4523/13970 | map  17850 | icp ok  iter  4 corr  3446 rms 0.0460   23.91 ms | p=(  219.94   225.94  -6.85) v=11.95 m/s [KF]
[lio] t=1317401111.213 | feat 4723/13802 | map  17847 | icp ok  iter  3 corr  3688 rms 0.0467   19.34 ms | p=(  219.68   227.15  -6.93) v=11.98 m/s [KF]
[lio] t=1317401111.316 | feat 4680/13857 | map  17871 | icp ok  iter  3 corr  3622 rms 0.0520   20.76 ms | p=(  219.42   228.36  -7.02) v=12.04 m/s [KF]
[lio] t=1317401111.420 | feat 4632/13876 | map  17915 | icp ok  iter  4 corr  3574 rms 0.0473   26.10 ms | p=(  219.16   229.56  -7.11) v=12.00 m/s [KF]
[lio] t=1317401111.524 | feat 4639/13832 | map  17924 | icp ok  iter  4 corr  3580 rms 0.0505   25.31 ms | p=(  218.90   230.77  -7.20) v=12.01 m/s [KF]
[lio] t=1317401111.628 | feat 4561/13938 | map  18023 | icp ok  iter  4 corr  3606 rms 0.0533   25.03 ms | p=(  218.64   231.97  -7.28) v=12.01 m/s [KF]
[lio] t=1317401111.732 | feat 4592/13955 | map  18046 | icp ok  iter  6 corr  3649 rms 0.0495   38.63 ms | p=(  218.38   233.18  -7.36) v=12.02 m/s [KF]
[lio] t=1317401111.835 | feat 4569/13892 | map  18052 | icp ok  iter  5 corr  3605 rms 0.0458   31.42 ms | p=(  218.13   234.41  -7.46) v=12.15 m/s [KF]
[lio] t=1317401111.939 | feat 4709/14028 | map  18116 | icp ok  iter  5 corr  3704 rms 0.0484   31.00 ms | p=(  217.86   235.61  -7.55) v=12.05 m/s [KF]
[lio] t=1317401112.043 | feat 4644/14030 | map  18234 | icp ok  iter  5 corr  3726 rms 0.0455   33.58 ms | p=(  217.60   236.82  -7.63) v=12.06 m/s [KF]
[lio] t=1317401112.147 | feat 4836/14029 | map  18366 | icp ok  iter  4 corr  3874 rms 0.0429   26.75 ms | p=(  217.35   238.05  -7.72) v=12.14 m/s [KF]
[lio] t=1317401112.250 | feat 4859/14268 | map  18463 | icp ok  iter  5 corr  3830 rms 0.0473   33.30 ms | p=(  217.08   239.26  -7.81) v=12.10 m/s [KF]
[lio] t=1317401112.354 | feat 4768/14352 | map  18605 | icp ok  iter  4 corr  3748 rms 0.0433   26.86 ms | p=(  216.83   240.47  -7.89) v=12.09 m/s [KF]
[lio] t=1317401112.458 | feat 4841/14415 | map  18711 | icp ok  iter  3 corr  3777 rms 0.0545   20.84 ms | p=(  216.58   241.70  -7.98) v=12.19 m/s [KF]
[lio] t=1317401112.562 | feat 4861/14535 | map  18850 | icp ok  iter  6 corr  3734 rms 0.0441   39.45 ms | p=(  216.31   242.92  -8.07) v=12.16 m/s [KF]
[lio] t=1317401112.665 | feat 4852/14381 | map  18923 | icp ok  iter  6 corr  3704 rms 0.0522   40.41 ms | p=(  216.06   244.13  -8.16) v=12.09 m/s [KF]
[lio] t=1317401112.769 | feat 4883/14269 | map  18990 | icp ok  iter  4 corr  3755 rms 0.0490   27.63 ms | p=(  215.79   245.35  -8.25) v=12.17 m/s [KF]
[lio] t=1317401112.873 | feat 4834/13911 | map  18962 | icp ok  iter  4 corr  3688 rms 0.0487   26.72 ms | p=(  215.53   246.59  -8.34) v=12.27 m/s [KF]
[lio] t=1317401112.977 | feat 4797/13562 | map  18991 | icp ok  iter  5 corr  3640 rms 0.0489   32.22 ms | p=(  215.27   247.82  -8.44) v=12.24 m/s [KF]
[lio] t=1317401113.080 | feat 4790/13367 | map  18963 | icp ok  iter  4 corr  3574 rms 0.0574   26.39 ms | p=(  215.00   249.05  -8.54) v=12.30 m/s [KF]
[lio] t=1317401113.184 | feat 4646/13054 | map  18947 | icp ok  iter  5 corr  3404 rms 0.0527   30.23 ms | p=(  214.76   250.28  -8.65) v=12.23 m/s [KF]
[lio] t=1317401113.288 | feat 4624/12791 | map  19003 | icp ok  iter  5 corr  3434 rms 0.0694   31.37 ms | p=(  214.49   251.53  -8.74) v=12.37 m/s [KF]
[lio] t=1317401113.392 | feat 4724/12562 | map  18976 | icp ok  iter  6 corr  3431 rms 0.0460   36.84 ms | p=(  214.25   252.74  -8.84) v=12.17 m/s [KF]
[lio] t=1317401113.495 | feat 4625/12116 | map  18988 | icp ok  iter  4 corr  3355 rms 0.0546   21.97 ms | p=(  213.98   253.98  -8.96) v=12.27 m/s [KF]
[lio] t=1317401113.599 | feat 4600/11795 | map  18944 | icp ok  iter  5 corr  3232 rms 0.0499   29.05 ms | p=(  213.75   255.22  -9.07) v=12.26 m/s [KF]
[lio] t=1317401113.703 | feat 4565/11588 | map  18906 | icp ok  iter  4 corr  3126 rms 0.0605   24.68 ms | p=(  213.49   256.41  -9.16) v=11.98 m/s [KF]
[lio] t=1317401113.807 | feat 4522/11098 | map  18942 | icp ok  iter  5 corr  3091 rms 0.0559   29.20 ms | p=(  213.25   257.65  -9.27) v=12.21 m/s [KF]
[lio] t=1317401113.910 | feat 4464/10594 | map  18976 | icp ok  iter  5 corr  3090 rms 0.0476   27.97 ms | p=(  212.99   258.87  -9.39) v=12.16 m/s [KF]
[lio] t=1317401114.014 | feat 4548/10427 | map  18897 | icp ok  iter  6 corr  3103 rms 0.0556   35.07 ms | p=(  212.75   260.11  -9.50) v=12.20 m/s [KF]
[lio] t=1317401114.118 | feat 4505/10525 | map  18888 | icp ok  iter  6 corr  3009 rms 0.0596   35.44 ms | p=(  212.51   261.30  -9.58) v=11.96 m/s [KF]
[lio] t=1317401114.222 | feat 4405/10656 | map  18871 | icp ok  iter  4 corr  2942 rms 0.0501   21.58 ms | p=(  212.26   262.52  -9.69) v=12.02 m/s [KF]
[lio] t=1317401114.325 | feat 4640/11007 | map  18865 | icp ok  iter  4 corr  3189 rms 0.0635   23.78 ms | p=(  212.02   263.73  -9.79) v=11.97 m/s [KF]
[lio] t=1317401114.429 | feat 4435/11022 | map  18880 | icp ok  iter  5 corr  3001 rms 0.0445   28.13 ms | p=(  211.77   264.91  -9.88) v=11.82 m/s [KF]
[lio] t=1317401114.533 | feat 4608/11206 | map  18817 | icp ok  iter  4 corr  3138 rms 0.0489   24.76 ms | p=(  211.53   266.09  -9.98) v=11.69 m/s [KF]
[lio] t=1317401114.637 | feat 4679/11418 | map  18815 | icp ok  iter  3 corr  3168 rms 0.0692   19.64 ms | p=(  211.29   267.27 -10.08) v=11.66 m/s [KF]
[lio] t=1317401114.740 | feat 4601/11607 | map  18915 | icp ok  iter  5 corr  3193 rms 0.0492   31.30 ms | p=(  211.07   268.41 -10.18) v=11.35 m/s [KF]
[lio] t=1317401114.844 | feat 4748/11607 | map  18911 | icp ok  iter  4 corr  3339 rms 0.0577   25.22 ms | p=(  210.83   269.55 -10.29) v=11.28 m/s [KF]
[lio] t=1317401114.948 | feat 4725/11500 | map  18910 | icp ok  iter  8 corr  3331 rms 0.0660   52.05 ms | p=(  210.59   270.80 -10.40) v=11.86 m/s [KF]
[lio] t=1317401115.052 | feat 4680/11431 | map  18934 | icp ok  iter  7 corr  3293 rms 0.0471   45.03 ms | p=(  210.37   271.87 -10.49) v=10.98 m/s [KF]
[lio] t=1317401115.155 | feat 4602/11341 | map  18937 | icp ok  iter  6 corr  3280 rms 0.0441   35.65 ms | p=(  210.15   272.95 -10.58) v=10.76 m/s [KF]
[lio] t=1317401115.259 | feat 4454/11154 | map  18911 | icp ok  iter  5 corr  3275 rms 0.0686   31.33 ms | p=(  209.93   274.00 -10.67) v=10.45 m/s [KF]
[lio] t=1317401115.363 | feat 4588/11181 | map  18843 | icp ok  iter  7 corr  3359 rms 0.0495   43.82 ms | p=(  209.71   275.09 -10.77) v=10.55 m/s [KF]
[lio] t=1317401115.467 | feat 4474/11369 | map  18717 | icp ok  iter  7 corr  3228 rms 0.0492   42.88 ms | p=(  209.49   276.18 -10.85) v=10.63 m/s [KF]
[lio] t=1317401115.570 | feat 4593/11682 | map  18598 | icp ok  iter 11 corr  3401 rms 0.0625   69.60 ms | p=(  209.28   277.18 -10.93) v=10.16 m/s [KF]
[lio] t=1317401115.674 | feat 4676/11782 | map  18544 | icp ok  iter  6 corr  3513 rms 0.0583   38.09 ms | p=(  209.07   278.19 -11.03) v=10.05 m/s [KF]
[lio] t=1317401115.778 | feat 4861/11912 | map  18458 | icp ok  iter  5 corr  3747 rms 0.0513   34.98 ms | p=(  208.85   279.22 -11.13) v=10.14 m/s [KF]
[lio] t=1317401115.882 | feat 4716/11944 | map  18362 | icp ok  iter  3 corr  3626 rms 0.0508   20.36 ms | p=(  208.64   280.25 -11.22) v=10.16 m/s [KF]
[lio] t=1317401115.985 | feat 4694/11974 | map  18257 | icp ok  iter  5 corr  3654 rms 0.0492   30.96 ms | p=(  208.42   281.27 -11.30) v=10.15 m/s [KF]
[lio] t=1317401116.089 | feat 4710/11986 | map  18124 | icp ok  iter  6 corr  3756 rms 0.0526   41.77 ms | p=(  208.21   282.28 -11.37) v=10.03 m/s [KF]
[lio] t=1317401116.193 | feat 4803/11981 | map  17971 | icp ok  iter  5 corr  3886 rms 0.0512   36.80 ms | p=(  207.99   283.27 -11.43) v=9.85 m/s [KF]
[lio] t=1317401116.297 | feat 5010/12050 | map  17876 | icp ok  iter  5 corr  4104 rms 0.0529   38.47 ms | p=(  207.79   284.22 -11.52) v=9.53 m/s
[lio] t=1317401116.401 | feat 4832/12061 | map  17876 | icp ok  iter  4 corr  3923 rms 0.0512   28.37 ms | p=(  207.59   285.20 -11.59) v=9.51 m/s [KF]
[lio] t=1317401116.504 | feat 4805/12074 | map  17869 | icp ok  iter  4 corr  3990 rms 0.0432   29.58 ms | p=(  207.39   286.12 -11.67) v=9.17 m/s
[lio] t=1317401116.608 | feat 4872/12246 | map  17869 | icp ok  iter  6 corr  4027 rms 0.0504   44.40 ms | p=(  207.20   287.02 -11.75) v=8.91 m/s [KF]
[lio] t=1317401116.712 | feat 5021/12545 | map  17873 | icp ok  iter  6 corr  4128 rms 0.0542   44.52 ms | p=(  207.03   287.90 -11.82) v=8.65 m/s
[lio] t=1317401116.816 | feat 5105/12754 | map  17873 | icp ok  iter  7 corr  4154 rms 0.0511   52.86 ms | p=(  206.84   288.77 -11.89) v=8.52 m/s [KF]
[lio] t=1317401116.920 | feat 5131/12984 | map  18017 | icp ok  iter  5 corr  4128 rms 0.0471   38.53 ms | p=(  206.66   289.60 -11.96) v=8.20 m/s
[lio] t=1317401117.024 | feat 5289/13155 | map  18017 | icp ok  iter  5 corr  4186 rms 0.0477   39.81 ms | p=(  206.52   290.42 -12.02) v=7.92 m/s [KF]
[lio] t=1317401117.128 | feat 5098/13136 | map  18149 | icp ok  iter  6 corr  4149 rms 0.0470   44.45 ms | p=(  206.38   291.20 -12.08) v=7.67 m/s
[lio] t=1317401117.232 | feat 5088/13399 | map  18149 | icp ok  iter  5 corr  4076 rms 0.0474   39.36 ms | p=(  206.26   291.97 -12.13) v=7.41 m/s [KF]
[lio] t=1317401117.336 | feat 5242/13553 | map  18196 | icp ok  iter  4 corr  4209 rms 0.0492   30.50 ms | p=(  206.18   292.69 -12.18) v=7.01 m/s
[lio] t=1317401117.440 | feat 5208/13736 | map  18196 | icp ok  iter  5 corr  4208 rms 0.0543   40.87 ms | p=(  206.11   293.41 -12.22) v=6.81 m/s [KF]
[lio] t=1317401117.545 | feat 5326/13898 | map  18339 | icp ok  iter  5 corr  4379 rms 0.0545   39.86 ms | p=(  206.08   294.10 -12.26) v=6.60 m/s
[lio] t=1317401117.649 | feat 5306/14002 | map  18339 | icp ok  iter  5 corr  4268 rms 0.0557   37.56 ms | p=(  206.06   294.77 -12.31) v=6.45 m/s [KF]
[lio] t=1317401117.753 | feat 5171/13870 | map  18587 | icp ok  iter  5 corr  4214 rms 0.0524   41.23 ms | p=(  206.04   295.42 -12.35) v=6.23 m/s
[lio] t=1317401117.858 | feat 4981/13925 | map  18587 | icp ok  iter  6 corr  4043 rms 0.0462   44.50 ms | p=(  206.06   296.04 -12.38) v=6.04 m/s [KF]
[lio] t=1317401117.962 | feat 5071/14072 | map  18798 | icp ok  iter  4 corr  4158 rms 0.0530   30.21 ms | p=(  206.10   296.66 -12.42) v=5.96 m/s
[lio] t=1317401118.066 | feat 5202/14284 | map  18798 | icp ok  iter  4 corr  4203 rms 0.0524   30.15 ms | p=(  206.17   297.27 -12.46) v=5.89 m/s [KF]
[lio] t=1317401118.171 | feat 5090/14238 | map  19024 | icp ok  iter  8 corr  4208 rms 0.0534   60.63 ms | p=(  206.28   297.88 -12.51) v=5.99 m/s
[lio] t=1317401118.275 | feat 5166/14206 | map  19024 | icp ok  iter  5 corr  4182 rms 0.0460   38.00 ms | p=(  206.38   298.45 -12.56) v=5.76 m/s [KF]
[lio] t=1317401118.379 | feat 5149/14140 | map  19152 | icp ok  iter  6 corr  4180 rms 0.0508   44.04 ms | p=(  206.55   299.04 -12.61) v=5.83 m/s
[lio] t=1317401118.483 | feat 5094/14525 | map  19152 | icp ok  iter  6 corr  4184 rms 0.0472   46.28 ms | p=(  206.74   299.60 -12.63) v=5.77 m/s [KF]
[lio] t=1317401118.588 | feat 5061/14816 | map  19220 | icp ok  iter  4 corr  4181 rms 0.0519   31.46 ms | p=(  206.92   300.16 -12.68) v=5.72 m/s
[lio] t=1317401118.692 | feat 5126/15012 | map  19220 | icp ok  iter  8 corr  4178 rms 0.0481   61.77 ms | p=(  207.18   300.71 -12.72) v=5.83 m/s [KF]
[lio] t=1317401118.796 | feat 5083/15008 | map  19340 | icp ok  iter  7 corr  4093 rms 0.0453   50.46 ms | p=(  207.43   301.23 -12.76) v=5.70 m/s
[lio] t=1317401118.900 | feat 5016/15271 | map  19340 | icp ok  iter  6 corr  3991 rms 0.0557   44.41 ms | p=(  207.70   301.74 -12.82) v=5.70 m/s [KF]
[lio] t=1317401119.004 | feat 4839/15331 | map  19482 | icp ok  iter  6 corr  3929 rms 0.0488   47.21 ms | p=(  208.02   302.23 -12.83) v=5.70 m/s
[lio] t=1317401119.108 | feat 4768/15132 | map  19482 | icp ok  iter  6 corr  3829 rms 0.0539   42.44 ms | p=(  208.37   302.74 -12.87) v=5.95 m/s [KF]
[lio] t=1317401119.212 | feat 4797/15187 | map  19559 | icp ok  iter  6 corr  3982 rms 0.0425   41.16 ms | p=(  208.72   303.23 -12.90) v=5.94 m/s
[lio] t=1317401119.317 | feat 4838/15240 | map  19559 | icp ok  iter  8 corr  3959 rms 0.0443   58.67 ms | p=(  209.11   303.69 -12.95) v=5.96 m/s [KF]
[lio] t=1317401119.421 | feat 4933/15480 | map  19642 | icp ok  iter  6 corr  3980 rms 0.0449   42.16 ms | p=(  209.52   304.16 -13.00) v=6.06 m/s
[lio] t=1317401119.525 | feat 4854/15610 | map  19642 | icp ok  iter  6 corr  3900 rms 0.0493   41.48 ms | p=(  209.97   304.62 -13.03) v=6.23 m/s [KF]
[lio] t=1317401119.629 | feat 4903/15946 | map  19879 | icp ok  iter  6 corr  3947 rms 0.0433   42.52 ms | p=(  210.42   305.05 -13.06) v=6.21 m/s
[lio] t=1317401119.733 | feat 4824/15770 | map  19879 | icp ok  iter  7 corr  3852 rms 0.0484   49.58 ms | p=(  210.96   305.47 -13.11) v=6.54 m/s [KF]
[lio] t=1317401119.836 | feat 4731/15738 | map  20072 | icp ok  iter  6 corr  3794 rms 0.0483   39.44 ms | p=(  211.49   305.88 -13.14) v=6.60 m/s
[lio] t=1317401119.940 | feat 4600/15769 | map  20072 | icp ok  iter  5 corr  3575 rms 0.0535   34.86 ms | p=(  212.02   306.30 -13.18) v=6.63 m/s [KF]
[lio] t=1317401120.044 | feat 4471/15541 | map  20306 | icp ok  iter  8 corr  3599 rms 0.0700   54.17 ms | p=(  212.60   306.69 -13.21) v=6.86 m/s
[lio] t=1317401120.148 | feat 4399/15271 | map  20306 | icp ok  iter 10 corr  3543 rms 0.0531   63.76 ms | p=(  213.24   307.04 -13.24) v=7.09 m/s [KF]
[lio] t=1317401120.252 | feat 4357/15033 | map  20562 | icp ok  iter  6 corr  3594 rms 0.0555   38.15 ms | p=(  213.89   307.40 -13.26) v=7.22 m/s
[lio] t=1317401120.356 | feat 4353/14858 | map  20562 | icp ok  iter  8 corr  3495 rms 0.0516   48.74 ms | p=(  214.55   307.74 -13.29) v=7.31 m/s [KF]
[lio] t=1317401120.460 | feat 4154/14537 | map  20790 | icp ok  iter  5 corr  3416 rms 0.0521   32.51 ms | p=(  215.24   308.09 -13.32) v=7.53 m/s
[lio] t=1317401120.563 | feat 4289/14378 | map  20790 | icp ok  iter  5 corr  3438 rms 0.0626   31.45 ms | p=(  215.96   308.40 -13.35) v=7.69 m/s [KF]
[lio] t=1317401120.667 | feat 4201/13937 | map  21079 | icp ok  iter  6 corr  3408 rms 0.0486   37.99 ms | p=(  216.71   308.71 -13.38) v=7.86 m/s
[lio] t=1317401120.771 | feat 4162/13858 | map  21079 | icp ok  iter  6 corr  3359 rms 0.0514   37.39 ms | p=(  217.45   309.00 -13.39) v=7.89 m/s [KF]
[lio] t=1317401120.874 | feat 4192/13633 | map  21277 | icp ok  iter  6 corr  3465 rms 0.0483   40.69 ms | p=(  218.25   309.31 -13.42) v=8.25 m/s
[lio] t=1317401120.978 | feat 4187/13416 | map  21277 | icp ok  iter  5 corr  3386 rms 0.0707   32.84 ms | p=(  219.05   309.58 -13.43) v=8.30 m/s [KF]
[lio] t=1317401121.082 | feat 4156/13364 | map  21492 | icp ok  iter  4 corr  3422 rms 0.0481   24.23 ms | p=(  219.87   309.87 -13.45) v=8.46 m/s
[lio] t=1317401121.185 | feat 4091/13131 | map  21492 | icp ok  iter  7 corr  3319 rms 0.0502   45.84 ms | p=(  220.71   310.13 -13.47) v=8.57 m/s [KF]
[lio] t=1317401121.289 | feat 3953/13033 | map  21697 | icp ok  iter  5 corr  3269 rms 0.0418   30.98 ms | p=(  221.57   310.39 -13.49) v=8.76 m/s
[lio] t=1317401121.393 | feat 4076/13069 | map  21697 | icp ok  iter  6 corr  3312 rms 0.0558   37.00 ms | p=(  222.45   310.64 -13.50) v=8.86 m/s [KF]
[lio] t=1317401121.496 | feat 3940/12966 | map  21762 | icp ok  iter  5 corr  3252 rms 0.0457   31.08 ms | p=(  223.35   310.89 -13.51) v=9.07 m/s
[lio] t=1317401121.600 | feat 3895/12873 | map  21762 | icp ok  iter  4 corr  3147 rms 0.0468   23.35 ms | p=(  224.25   311.12 -13.52) v=9.13 m/s [KF]
[lio] t=1317401121.704 | feat 3958/12653 | map  21732 | icp ok  iter  4 corr  3246 rms 0.0528   24.90 ms | p=(  225.18   311.38 -13.54) v=9.31 m/s
[lio] t=1317401121.808 | feat 3813/12498 | map  21732 | icp ok  iter  4 corr  3077 rms 0.0478   23.64 ms | p=(  226.12   311.61 -13.55) v=9.47 m/s [KF]
[lio] t=1317401121.911 | feat 3628/12435 | map  21781 | icp ok  iter  3 corr  2957 rms 0.0493   18.06 ms | p=(  227.09   311.85 -13.56) v=9.64 m/s
[lio] t=1317401122.015 | feat 3698/12417 | map  21781 | icp ok  iter  6 corr  2978 rms 0.0610   34.44 ms | p=(  228.05   312.08 -13.57) v=9.67 m/s [KF]
[lio] t=1317401122.119 | feat 3666/12439 | map  21671 | icp ok  iter  5 corr  2939 rms 0.0495   26.59 ms | p=(  229.02   312.30 -13.58) v=9.70 m/s
[lio] t=1317401122.223 | feat 3735/12496 | map  21671 | icp ok  iter  5 corr  2986 rms 0.0542   27.29 ms | p=(  230.02   312.54 -13.59) v=9.81 m/s [KF]
[lio] t=1317401122.326 | feat 3764/12384 | map  21517 | icp ok  iter  3 corr  3064 rms 0.0410   17.42 ms | p=(  231.01   312.77 -13.60) v=9.82 m/s [KF]
[lio] t=1317401122.430 | feat 3617/12520 | map  21220 | icp ok  iter  4 corr  2939 rms 0.0477   20.92 ms | p=(  232.00   313.00 -13.61) v=9.81 m/s [KF]
[lio] t=1317401122.534 | feat 3707/12376 | map  20965 | icp ok  iter  4 corr  2943 rms 0.0442   21.37 ms | p=(  233.00   313.23 -13.63) v=9.84 m/s [KF]
[lio] t=1317401122.638 | feat 3686/12353 | map  20691 | icp ok  iter  3 corr  2908 rms 0.0438   17.42 ms | p=(  233.97   313.45 -13.64) v=9.72 m/s [KF]
[lio] t=1317401122.742 | feat 3628/12013 | map  20482 | icp ok  iter  4 corr  2906 rms 0.0460   22.26 ms | p=(  234.97   313.68 -13.65) v=9.79 m/s [KF]
[lio] t=1317401122.845 | feat 3549/11876 | map  20243 | icp ok  iter  3 corr  2798 rms 0.0415   15.88 ms | p=(  235.96   313.90 -13.66) v=9.77 m/s [KF]
[lio] t=1317401122.949 | feat 3460/11543 | map  19969 | icp ok  iter  4 corr  2715 rms 0.0408   19.33 ms | p=(  236.95   314.11 -13.67) v=9.81 m/s [KF]
[lio] t=1317401123.053 | feat 3454/11310 | map  19580 | icp ok  iter  4 corr  2724 rms 0.0472   22.03 ms | p=(  237.96   314.34 -13.69) v=9.88 m/s [KF]
[lio] t=1317401123.157 | feat 3266/11081 | map  19270 | icp ok  iter  4 corr  2500 rms 0.0495   16.51 ms | p=(  238.94   314.55 -13.70) v=9.73 m/s [KF]
[lio] t=1317401123.261 | feat 3269/10926 | map  18787 | icp ok  iter  3 corr  2432 rms 0.0447   14.39 ms | p=(  239.93   314.76 -13.71) v=9.72 m/s [KF]
[lio] t=1317401123.365 | feat 3230/10755 | map  18506 | icp ok  iter  3 corr  2361 rms 0.0467   13.84 ms | p=(  240.92   314.97 -13.72) v=9.73 m/s [KF]
[lio] t=1317401123.468 | feat 3214/10432 | map  18102 | icp ok  iter  4 corr  2463 rms 0.0452   17.32 ms | p=(  241.87   315.18 -13.73) v=9.51 m/s
[lio] t=1317401123.572 | feat 3416/10005 | map  18102 | icp ok  iter  5 corr  2567 rms 0.0593   21.81 ms | p=(  242.87   315.37 -13.75) v=9.67 m/s [KF]
[lio] t=1317401123.676 | feat 3339/9558 | map  17687 | icp ok  iter  3 corr  2529 rms 0.0509   13.62 ms | p=(  243.85   315.58 -13.76) v=9.62 m/s [KF]
[lio] t=1317401123.780 | feat 3283/9451 | map  17133 | icp ok  iter  3 corr  2467 rms 0.0383   12.95 ms | p=(  244.81   315.77 -13.77) v=9.48 m/s
[lio] t=1317401123.884 | feat 3309/9563 | map  17133 | icp ok  iter  3 corr  2395 rms 0.0442   12.84 ms | p=(  245.77   315.97 -13.78) v=9.38 m/s [KF]
[lio] t=1317401123.987 | feat 3307/9681 | map  16656 | icp ok  iter  4 corr  2415 rms 0.0388   16.23 ms | p=(  246.72   316.16 -13.80) v=9.28 m/s
[lio] t=1317401124.091 | feat 3264/9780 | map  16656 | icp ok  iter  4 corr  2363 rms 0.0537   16.91 ms | p=(  247.68   316.35 -13.80) v=9.30 m/s [KF]
[lio] t=1317401124.195 | feat 3180/9940 | map  16249 | icp ok  iter  5 corr  2282 rms 0.0509   21.06 ms | p=(  248.60   316.53 -13.82) v=9.08 m/s
[lio] t=1317401124.299 | feat 3217/10084 | map  16249 | icp ok  iter  3 corr  2267 rms 0.0476   11.95 ms | p=(  249.51   316.71 -13.83) v=8.93 m/s [KF]
[lio] t=1317401124.402 | feat 3291/10254 | map  15962 | icp ok  iter  4 corr  2339 rms 0.0488   15.38 ms | p=(  250.42   316.89 -13.84) v=8.82 m/s
[lio] t=1317401124.506 | feat 3217/10373 | map  15962 | icp ok  iter  4 corr  2202 rms 0.0539   16.10 ms | p=(  251.34   317.07 -13.85) v=8.89 m/s [KF]
[lio] t=1317401124.610 | feat 3409/10599 | map  15706 | icp ok  iter  6 corr  2379 rms 0.0460   24.71 ms | p=(  252.21   317.23 -13.86) v=8.60 m/s
[lio] t=1317401124.714 | feat 3412/10652 | map  15706 | icp ok  iter  4 corr  2346 rms 0.0603   16.89 ms | p=(  253.08   317.40 -13.87) v=8.48 m/s [KF]
[lio] t=1317401124.818 | feat 3370/10720 | map  15534 | icp ok  iter  4 corr  2288 rms 0.0421   18.35 ms | p=(  253.95   317.56 -13.88) v=8.47 m/s
[lio] t=1317401124.922 | feat 3267/10842 | map  15534 | icp ok  iter  4 corr  2123 rms 0.0462   15.83 ms | p=(  254.81   317.71 -13.88) v=8.36 m/s [KF]
[lio] t=1317401125.026 | feat 3337/10893 | map  15370 | icp ok  iter  3 corr  2273 rms 0.0500   13.21 ms | p=(  255.67   317.86 -13.89) v=8.26 m/s
[lio] t=1317401125.129 | feat 3532/10985 | map  15370 | icp ok  iter  4 corr  2400 rms 0.0564   18.11 ms | p=(  256.50   318.00 -13.90) v=8.09 m/s [KF]
[lio] t=1317401125.233 | feat 3310/11180 | map  15310 | icp ok  iter  4 corr  2212 rms 0.0472   16.90 ms | p=(  257.33   318.13 -13.91) v=7.96 m/s
[lio] t=1317401125.337 | feat 3229/11102 | map  15310 | icp ok  iter  4 corr  2071 rms 0.0543   15.04 ms | p=(  258.11   318.25 -13.92) v=7.67 m/s [KF]
[lio] t=1317401125.441 | feat 3417/11081 | map  15185 | icp ok  iter  5 corr  2315 rms 0.0555   21.89 ms | p=(  258.91   318.36 -13.92) v=7.68 m/s
[lio] t=1317401125.545 | feat 3322/11084 | map  15185 | icp ok  iter  4 corr  2193 rms 0.0511   16.34 ms | p=(  259.69   318.44 -13.92) v=7.51 m/s [KF]
[lio] t=1317401125.649 | feat 3379/10949 | map  15029 | icp ok  iter  4 corr  2354 rms 0.0515   17.27 ms | p=(  260.48   318.53 -13.93) v=7.47 m/s
[lio] t=1317401125.754 | feat 3341/10913 | map  15029 | icp ok  iter  3 corr  2293 rms 0.0630   11.76 ms | p=(  261.24   318.59 -13.94) v=7.33 m/s [KF]
[lio] t=1317401125.858 | feat 3260/10911 | map  15008 | icp ok  iter  4 corr  2261 rms 0.0548   14.44 ms | p=(  261.99   318.65 -13.95) v=7.16 m/s
[lio] t=1317401125.962 | feat 3354/11070 | map  15008 | icp ok  iter  5 corr  2329 rms 0.0577   20.81 ms | p=(  262.73   318.70 -13.94) v=7.06 m/s [KF]
[lio] t=1317401126.066 | feat 3355/11054 | map  14993 | icp ok  iter  4 corr  2414 rms 0.0658   18.14 ms | p=(  263.47   318.69 -13.93) v=6.95 m/s
[lio] t=1317401126.170 | feat 3430/11076 | map  14993 | icp ok  iter  4 corr  2488 rms 0.0636   18.42 ms | p=(  264.19   318.68 -13.93) v=6.84 m/s [KF]
[lio] t=1317401126.274 | feat 3421/11117 | map  15076 | icp ok  iter  5 corr  2533 rms 0.0697   26.03 ms | p=(  264.89   318.66 -13.92) v=6.71 m/s
[lio] t=1317401126.378 | feat 3518/11222 | map  15076 | icp ok  iter  4 corr  2596 rms 0.0697   21.36 ms | p=(  265.58   318.59 -13.91) v=6.66 m/s [KF]
[lio] t=1317401126.482 | feat 3428/11238 | map  15188 | icp ok  iter  5 corr  2557 rms 0.0698   25.10 ms | p=(  266.29   318.52 -13.90) v=6.66 m/s
[lio] t=1317401126.587 | feat 3679/11335 | map  15188 | icp ok  iter  4 corr  2827 rms 0.0745   23.78 ms | p=(  266.97   318.42 -13.89) v=6.52 m/s [KF]
[lio] t=1317401126.691 | feat 3596/11356 | map  15268 | icp ok  iter  5 corr  2740 rms 0.0804   28.05 ms | p=(  267.65   318.30 -13.87) v=6.51 m/s
[lio] t=1317401126.795 | feat 3675/11411 | map  15268 | icp ok  iter  4 corr  2806 rms 0.0706   22.72 ms | p=(  268.26   318.15 -13.85) v=6.12 m/s [KF]
[lio] t=1317401126.899 | feat 3723/11509 | map  15322 | icp ok  iter  5 corr  2913 rms 0.0821   30.02 ms | p=(  268.89   318.00 -13.85) v=6.06 m/s
[lio] t=1317401127.003 | feat 3581/11522 | map  15322 | icp ok  iter  4 corr  2840 rms 0.0768   25.35 ms | p=(  269.50   317.84 -13.83) v=6.01 m/s [KF]
[lio] t=1317401127.107 | feat 3530/11481 | map  15392 | icp ok  iter  4 corr  2810 rms 0.0682   23.82 ms | p=(  270.08   317.63 -13.83) v=5.87 m/s
[lio] t=1317401127.212 | feat 3507/11425 | map  15392 | icp ok  iter  4 corr  2857 rms 0.0856   23.99 ms | p=(  270.67   317.41 -13.80) v=5.91 m/s [KF]
[lio] t=1317401127.316 | feat 3588/11397 | map  15507 | icp ok  iter  4 corr  2992 rms 0.0932   24.39 ms | p=(  271.22   317.16 -13.79) v=5.82 m/s
[lio] t=1317401127.420 | feat 3552/11234 | map  15507 | icp ok  iter  4 corr  2934 rms 0.0785   23.85 ms | p=(  271.77   316.89 -13.75) v=5.81 m/s [KF]
[lio] t=1317401127.524 | feat 3542/11270 | map  15645 | icp ok  iter  4 corr  2986 rms 0.0659   24.46 ms | p=(  272.31   316.55 -13.73) v=5.95 m/s
[lio] t=1317401127.628 | feat 3346/11165 | map  15645 | icp ok  iter  4 corr  2768 rms 0.0554   21.67 ms | p=(  272.83   316.21 -13.70) v=5.89 m/s [KF]
[lio] t=1317401127.733 | feat 3297/11046 | map  15597 | icp ok  iter  4 corr  2752 rms 0.0538   21.90 ms | p=(  273.33   315.86 -13.68) v=5.83 m/s
[lio] t=1317401127.837 | feat 3319/10974 | map  15597 | icp ok  iter  4 corr  2774 rms 0.0662   22.43 ms | p=(  273.81   315.48 -13.64) v=5.79 m/s [KF]
[lio] t=1317401127.941 | feat 3466/10979 | map  15622 | icp ok  iter  5 corr  2931 rms 0.0573   27.19 ms | p=(  274.26   315.09 -13.62) v=5.71 m/s
[lio] t=1317401128.045 | feat 3293/10852 | map  15622 | icp ok  iter  5 corr  2776 rms 0.0554   26.55 ms | p=(  274.71   314.65 -13.57) v=5.87 m/s [KF]
[lio] t=1317401128.149 | feat 3472/10740 | map  15513 | icp ok  iter  6 corr  2985 rms 0.0631   33.10 ms | p=(  275.13   314.21 -13.54) v=5.87 m/s
[lio] t=1317401128.253 | feat 3507/10642 | map  15513 | icp ok  iter  5 corr  2939 rms 0.0661   29.07 ms | p=(  275.54   313.74 -13.49) v=5.92 m/s [KF]
[lio] t=1317401128.357 | feat 3486/10682 | map  15452 | icp ok  iter  5 corr  2904 rms 0.0557   27.91 ms | p=(  275.92   313.24 -13.45) v=6.03 m/s
[lio] t=1317401128.460 | feat 3451/10483 | map  15452 | icp ok  iter  5 corr  2770 rms 0.0579   26.71 ms | p=(  276.29   312.71 -13.42) v=6.12 m/s [KF]
[lio] t=1317401128.564 | feat 3488/10376 | map  15380 | icp ok  iter  6 corr  2941 rms 0.0565   31.49 ms | p=(  276.66   312.17 -13.37) v=6.24 m/s
[lio] t=1317401128.668 | feat 3231/10318 | map  15380 | icp ok  iter  4 corr  2705 rms 0.0654   20.99 ms | p=(  277.00   311.61 -13.32) v=6.30 m/s [KF]
[lio] t=1317401128.772 | feat 3257/10172 | map  15423 | icp ok  iter  3 corr  2803 rms 0.0681   16.26 ms | p=(  277.32   311.03 -13.27) v=6.33 m/s
[lio] t=1317401128.876 | feat 3283/9963 | map  15423 | icp ok  iter  4 corr  2699 rms 0.0698   20.98 ms | p=(  277.64   310.42 -13.23) v=6.57 m/s [KF]
[lio] t=1317401128.979 | feat 3182/9781 | map  15424 | icp ok  iter  4 corr  2660 rms 0.0626   21.01 ms | p=(  277.95   309.81 -13.20) v=6.62 m/s
[lio] t=1317401129.083 | feat 3139/9652 | map  15424 | icp ok  iter  6 corr  2566 rms 0.0801   31.07 ms | p=(  278.23   309.15 -13.15) v=6.81 m/s [KF]
[lio] t=1317401129.187 | feat 2985/9428 | map  15466 | icp ok  iter  5 corr  2600 rms 0.0661   24.70 ms | p=(  278.51   308.50 -13.09) v=6.85 m/s
[lio] t=1317401129.290 | feat 2824/9259 | map  15466 | icp ok  iter  5 corr  2440 rms 0.0844   24.02 ms | p=(  278.76   307.81 -13.04) v=7.00 m/s [KF]
[lio] t=1317401129.394 | feat 2836/9098 | map  15485 | icp ok  iter  5 corr  2526 rms 0.0790   23.89 ms | p=(  279.02   307.12 -12.99) v=7.10 m/s
[lio] t=1317401129.498 | feat 2670/8800 | map  15485 | icp ok  iter  5 corr  2352 rms 0.0942   22.84 ms | p=(  279.26   306.41 -12.93) v=7.20 m/s [KF]
[lio] t=1317401129.601 | feat 2538/8489 | map  15462 | icp ok  iter  4 corr  2271 rms 0.0720   17.27 ms | p=(  279.48   305.72 -12.88) v=7.12 m/s
[lio] t=1317401129.705 | feat 2367/8253 | map  15462 | icp ok  iter  5 corr  2118 rms 0.0732   20.69 ms | p=(  279.71   304.97 -12.83) v=7.42 m/s [KF]
[lio] t=1317401129.809 | feat 2364/8058 | map  15323 | icp ok  iter  5 corr  2156 rms 0.1156   20.08 ms | p=(  279.92   304.25 -12.77) v=7.35 m/s
[lio] t=1317401129.912 | feat 2166/7888 | map  15323 | icp ok  iter  7 corr  1953 rms 0.0978   24.48 ms | p=(  280.12   303.48 -12.72) v=7.55 m/s [KF]
[lio] t=1317401130.016 | feat 2198/7576 | map  15217 | icp ok  iter  4 corr  1982 rms 0.0888   14.68 ms | p=(  280.31   302.71 -12.66) v=7.68 m/s
[lio] t=1317401130.120 | feat 1951/7348 | map  15217 | icp ok  iter  5 corr  1739 rms 0.0801   16.34 ms | p=(  280.52   301.91 -12.61) v=7.86 m/s [KF]
[lio] t=1317401130.224 | feat 1806/7218 | map  15064 | icp ok  iter  5 corr  1597 rms 0.0793   14.39 ms | p=(  280.69   301.11 -12.56) v=7.93 m/s
[lio] t=1317401130.327 | feat 1673/6985 | map  15064 | icp ok  iter  6 corr  1484 rms 0.0745   16.18 ms | p=(  280.89   300.27 -12.50) v=8.16 m/s [KF]
[lio] t=1317401130.431 | feat 1730/6868 | map  14727 | icp ok  iter  4 corr  1553 rms 0.0840   11.79 ms | p=(  281.10   299.45 -12.45) v=8.22 m/s
[lio] t=1317401130.535 | feat 1578/6735 | map  14727 | icp ok  iter  4 corr  1371 rms 0.0884   10.24 ms | p=(  281.27   298.63 -12.39) v=8.14 m/s [KF]
[lio] t=1317401130.638 | feat 1715/6654 | map  14481 | icp ok  iter  8 corr  1554 rms 0.0854   23.55 ms | p=(  281.46   297.75 -12.33) v=8.50 m/s
[lio] t=1317401130.742 | feat 1644/6624 | map  14481 | icp ok  iter  4 corr  1463 rms 0.1113   11.29 ms | p=(  281.62   296.90 -12.26) v=8.43 m/s [KF]
[lio] t=1317401130.846 | feat 1650/6464 | map  14198 | icp ok  iter  4 corr  1456 rms 0.0841   10.96 ms | p=(  281.78   296.05 -12.21) v=8.37 m/s
[lio] t=1317401130.950 | feat 1385/6412 | map  14198 | icp ok  iter  5 corr  1203 rms 0.1137   11.31 ms | p=(  281.93   295.18 -12.15) v=8.43 m/s [KF]
[lio] t=1317401131.053 | feat 1543/6433 | map  13900 | icp ok  iter  4 corr  1321 rms 0.0793   10.27 ms | p=(  282.10   294.28 -12.09) v=8.64 m/s
[lio] t=1317401131.157 | feat 1406/6408 | map  13900 | icp ok  iter  4 corr  1168 rms 0.0767    8.75 ms | p=(  282.26   293.42 -12.02) v=8.55 m/s [KF]
[lio] t=1317401131.261 | feat 1377/6306 | map  13644 | icp ok  iter  3 corr  1181 rms 0.0660    7.12 ms | p=(  282.41   292.51 -11.96) v=8.70 m/s
[lio] t=1317401131.364 | feat 1462/6279 | map  13644 | icp ok  iter  4 corr  1225 rms 0.0780    9.06 ms | p=(  282.55   291.63 -11.90) v=8.66 m/s [KF]
[lio] t=1317401131.468 | feat 1398/6167 | map  13388 | icp ok  iter 12 corr  1172 rms 0.0751   25.74 ms | p=(  282.68   290.72 -11.83) v=8.74 m/s
[lio] t=1317401131.572 | feat 1468/6220 | map  13388 | icp ok  iter  4 corr  1245 rms 0.0774    9.95 ms | p=(  282.83   289.85 -11.76) v=8.58 m/s [KF]
[lio] t=1317401131.676 | feat 1443/6179 | map  13070 | icp ok  iter  6 corr  1221 rms 0.0682   12.61 ms | p=(  282.98   288.93 -11.69) v=8.80 m/s
[lio] t=1317401131.779 | feat 1305/6115 | map  13070 | icp ok  iter  5 corr  1064 rms 0.1534   10.45 ms | p=(  283.12   288.02 -11.64) v=8.83 m/s [KF]
[lio] t=1317401131.883 | feat 1261/6146 | map  12749 | icp ok  iter  4 corr  1015 rms 0.0787    7.10 ms | p=(  283.25   287.12 -11.57) v=8.77 m/s
[lio] t=1317401131.987 | feat 1192/6185 | map  12749 | icp ok  iter  4 corr   942 rms 0.0966    7.65 ms | p=(  283.39   286.25 -11.50) v=8.54 m/s [KF]
[lio] t=1317401132.090 | feat 1169/6237 | map  12406 | icp ok  iter  4 corr   940 rms 0.0749    6.53 ms | p=(  283.53   285.37 -11.42) v=8.52 m/s
[lio] t=1317401132.194 | feat 1260/6288 | map  12406 | icp ok  iter  7 corr  1023 rms 0.0750   12.56 ms | p=(  283.67   284.49 -11.34) v=8.53 m/s [KF]
[lio] t=1317401132.298 | feat 1165/6398 | map  12104 | icp ok  iter  4 corr   932 rms 0.0678    6.61 ms | p=(  283.82   283.58 -11.27) v=8.67 m/s
[lio] t=1317401132.402 | feat 1184/6414 | map  12104 | icp ok  iter  4 corr   943 rms 0.0816    7.02 ms | p=(  283.97   282.69 -11.19) v=8.67 m/s [KF]
[lio] t=1317401132.505 | feat 1196/6468 | map  11816 | icp ok  iter  5 corr   943 rms 0.0945    8.60 ms | p=(  284.13   281.81 -11.12) v=8.61 m/s
[lio] t=1317401132.609 | feat 1205/6354 | map  11816 | icp ok  iter  5 corr   942 rms 0.1190    9.02 ms | p=(  284.29   280.92 -11.04) v=8.60 m/s [KF]
[lio] t=1317401132.713 | feat 1297/6457 | map  11516 | icp ok  iter  4 corr  1040 rms 0.0667    8.01 ms | p=(  284.45   280.07 -10.98) v=8.39 m/s
[lio] t=1317401132.817 | feat 1270/6501 | map  11516 | icp ok  iter  5 corr   980 rms 0.0736    8.97 ms | p=(  284.62   279.17 -10.91) v=8.59 m/s [KF]
[lio] t=1317401132.920 | feat 1281/6586 | map  11330 | icp ok  iter  4 corr  1050 rms 0.0669    7.67 ms | p=(  284.80   278.32 -10.83) v=8.43 m/s
[lio] t=1317401133.024 | feat 1164/6633 | map  11330 | icp ok  iter  5 corr   932 rms 0.0578    8.06 ms | p=(  284.97   277.49 -10.77) v=8.18 m/s [KF]
[lio] t=1317401133.128 | feat 1062/6485 | map  11156 | icp ok  iter  5 corr   866 rms 0.0632    7.53 ms | p=(  285.15   276.60 -10.70) v=8.49 m/s
[lio] t=1317401133.232 | feat 1091/6457 | map  11156 | icp ok  iter  5 corr   898 rms 0.0704    7.55 ms | p=(  285.34   275.76 -10.63) v=8.33 m/s [KF]
[lio] t=1317401133.335 | feat 1204/6461 | map  10876 | icp ok  iter  7 corr   993 rms 0.0594   12.85 ms | p=(  285.54   274.86 -10.56) v=8.63 m/s
[lio] t=1317401133.439 | feat 1123/6491 | map  10876 | icp ok  iter  5 corr   891 rms 0.0792    9.14 ms | p=(  285.73   274.00 -10.49) v=8.49 m/s [KF]
[lio] t=1317401133.543 | feat 1143/6480 | map  10483 | icp ok  iter  5 corr   925 rms 0.0621    7.90 ms | p=(  285.91   273.16 -10.43) v=8.30 m/s
[lio] t=1317401133.647 | feat 1120/6348 | map  10483 | icp ok  iter  8 corr   898 rms 0.0860   13.15 ms | p=(  286.11   272.28 -10.36) v=8.51 m/s [KF]
[lio] t=1317401133.751 | feat 1188/6409 | map  10021 | icp ok  iter  4 corr   944 rms 0.0636    6.78 ms | p=(  286.29   271.47 -10.29) v=8.15 m/s
[lio] t=1317401133.855 | feat 1101/6351 | map  10021 | icp ok  iter  5 corr   834 rms 0.0821    7.18 ms | p=(  286.50   270.56 -10.22) v=8.62 m/s [KF]
[lio] t=1317401133.958 | feat 1165/6330 | map   9521 | icp ok  iter  4 corr   920 rms 0.0777    6.52 ms | p=(  286.70   269.71 -10.16) v=8.46 m/s
[lio] t=1317401134.062 | feat 1193/6154 | map   9521 | icp ok  iter  4 corr   971 rms 0.0747    6.95 ms | p=(  286.90   268.87 -10.09) v=8.33 m/s [KF]
[lio] t=1317401134.166 | feat 1231/6159 | map   8799 | icp ok  iter  5 corr  1009 rms 0.0552    8.94 ms | p=(  287.08   268.01 -10.02) v=8.35 m/s
[lio] t=1317401134.270 | feat 1171/6031 | map   8799 | icp ok  iter  4 corr   908 rms 0.0795    6.40 ms | p=(  287.27   267.16  -9.96) v=8.32 m/s [KF]
[lio] t=1317401134.374 | feat 1141/6196 | map   8031 | icp ok  iter  4 corr   899 rms 0.0818    6.82 ms | p=(  287.45   266.29  -9.89) v=8.45 m/s
[lio] t=1317401134.478 | feat 1185/6318 | map   8031 | icp ok  iter  4 corr   925 rms 0.0664    6.19 ms | p=(  287.63   265.41  -9.82) v=8.52 m/s [KF]
[lio] t=1317401134.582 | feat 1283/6264 | map   7772 | icp ok  iter  3 corr  1075 rms 0.0719    5.95 ms | p=(  287.82   264.55  -9.75) v=8.45 m/s
[lio] t=1317401134.685 | feat 1301/6342 | map   7772 | icp ok  iter  4 corr  1041 rms 0.0624    7.90 ms | p=(  287.99   263.70  -9.69) v=8.36 m/s [KF]
[lio] t=1317401134.789 | feat 1320/6391 | map   7558 | icp ok  iter  4 corr  1085 rms 0.0662    7.48 ms | p=(  288.16   262.84  -9.62) v=8.37 m/s
[lio] t=1317401134.893 | feat 1316/6464 | map   7558 | icp ok  iter  4 corr  1071 rms 0.0960    7.84 ms | p=(  288.34   261.98  -9.56) v=8.36 m/s [KF]
[lio] t=1317401134.997 | feat 1341/6656 | map   7342 | icp ok  iter  3 corr  1125 rms 0.0900    6.75 ms | p=(  288.51   261.11  -9.49) v=8.41 m/s
[lio] t=1317401135.101 | feat 1306/6762 | map   7342 | icp ok  iter  4 corr  1037 rms 0.0557    7.68 ms | p=(  288.66   260.27  -9.42) v=8.27 m/s [KF]
[lio] t=1317401135.204 | feat 1269/6895 | map   7173 | icp ok  iter  4 corr  1056 rms 0.0533    7.89 ms | p=(  288.84   259.41  -9.36) v=8.38 m/s
[lio] t=1317401135.308 | feat 1240/6863 | map   7173 | icp ok  iter  4 corr   980 rms 0.0764    7.25 ms | p=(  289.01   258.55  -9.29) v=8.35 m/s [KF]
[lio] t=1317401135.412 | feat 1230/6949 | map   7065 | icp ok  iter  3 corr  1014 rms 0.0604    5.50 ms | p=(  289.19   257.70  -9.22) v=8.30 m/s
[lio] t=1317401135.516 | feat 1340/6923 | map   7065 | icp ok  iter  3 corr  1062 rms 0.0735    6.15 ms | p=(  289.35   256.85  -9.15) v=8.32 m/s [KF]
[lio] t=1317401135.620 | feat 1224/6801 | map   7064 | icp ok  iter  3 corr   972 rms 0.0875    5.80 ms | p=(  289.53   256.00  -9.09) v=8.28 m/s
[lio] t=1317401135.723 | feat 1148/6774 | map   7064 | icp ok  iter  5 corr   894 rms 0.0807    7.88 ms | p=(  289.71   255.15  -9.02) v=8.29 m/s [KF]
[lio] t=1317401135.827 | feat 1075/6643 | map   7055 | icp ok  iter  4 corr   873 rms 0.0631    6.20 ms | p=(  289.91   254.32  -8.95) v=8.21 m/s
[lio] t=1317401135.931 | feat 1111/6589 | map   7055 | icp ok  iter  3 corr   897 rms 0.0693    5.10 ms | p=(  290.08   253.49  -8.90) v=8.17 m/s [KF]
[lio] t=1317401136.035 | feat 1250/6475 | map   7024 | icp ok  iter  4 corr  1040 rms 0.0619    7.17 ms | p=(  290.27   252.64  -8.83) v=8.25 m/s
[lio] t=1317401136.138 | feat 1210/6300 | map   7024 | icp ok  iter  5 corr   922 rms 0.0682    8.08 ms | p=(  290.45   251.78  -8.76) v=8.34 m/s [KF]
[lio] t=1317401136.242 | feat 1210/6248 | map   6999 | icp ok  iter  4 corr   976 rms 0.0804    6.78 ms | p=(  290.66   250.96  -8.71) v=8.12 m/s
[lio] t=1317401136.346 | feat 1157/6079 | map   6999 | icp ok  iter  4 corr   919 rms 0.0962    6.84 ms | p=(  290.85   250.10  -8.65) v=8.30 m/s [KF]
[lio] t=1317401136.450 | feat 1140/6025 | map   7003 | icp ok  iter  4 corr   898 rms 0.0674    6.44 ms | p=(  291.03   249.28  -8.60) v=8.14 m/s
[lio] t=1317401136.554 | feat 1183/5842 | map   7003 | icp ok  iter  4 corr   898 rms 0.0768    6.75 ms | p=(  291.22   248.44  -8.54) v=8.20 m/s [KF]
[lio] t=1317401136.657 | feat 1165/5735 | map   6989 | icp ok  iter  3 corr   909 rms 0.0690    4.71 ms | p=(  291.41   247.61  -8.48) v=8.11 m/s
[lio] t=1317401136.761 | feat 1248/5709 | map   6989 | icp ok  iter  3 corr   914 rms 0.0722    5.69 ms | p=(  291.58   246.79  -8.42) v=8.06 m/s [KF]
[lio] t=1317401136.865 | feat 1175/5562 | map   6934 | icp ok  iter  4 corr   904 rms 0.0546    6.62 ms | p=(  291.78   245.94  -8.36) v=8.19 m/s
[lio] t=1317401136.969 | feat 1124/5469 | map   6934 | icp ok  iter  4 corr   849 rms 0.0560    6.06 ms | p=(  291.97   245.14  -8.30) v=7.98 m/s [KF]
[lio] t=1317401137.073 | feat 1276/5462 | map   6966 | icp ok  iter  5 corr   971 rms 0.0791    8.70 ms | p=(  292.15   244.31  -8.25) v=8.08 m/s
[lio] t=1317401137.177 | feat 1306/5440 | map   6966 | icp ok  iter  5 corr   961 rms 0.1133    9.10 ms | p=(  292.32   243.49  -8.19) v=7.98 m/s [KF]
[lio] t=1317401137.280 | feat 1254/5424 | map   7059 | icp ok  iter  3 corr   940 rms 0.1134    5.06 ms | p=(  292.50   242.69  -8.13) v=7.91 m/s
[lio] t=1317401137.384 | feat 1243/5467 | map   7059 | icp ok  iter  4 corr   935 rms 0.0879    7.50 ms | p=(  292.69   241.87  -8.08) v=8.00 m/s [KF]
[lio] t=1317401137.488 | feat 1153/5369 | map   7062 | icp ok  iter  5 corr   849 rms 0.0668    8.04 ms | p=(  292.89   241.03  -8.02) v=8.14 m/s
[lio] t=1317401137.592 | feat 1211/5490 | map   7062 | icp ok  iter  4 corr   880 rms 0.1218    6.67 ms | p=(  293.08   240.23  -7.97) v=7.96 m/s [KF]
[lio] t=1317401137.696 | feat 1207/5564 | map   7116 | icp ok  iter  4 corr   857 rms 0.0635    6.31 ms | p=(  293.29   239.40  -7.91) v=8.07 m/s
[lio] t=1317401137.800 | feat 1194/5595 | map   7116 | icp ok  iter  5 corr   859 rms 0.0613    7.83 ms | p=(  293.46   238.59  -7.85) v=8.01 m/s [KF]
[lio] t=1317401137.904 | feat 1236/5639 | map   7126 | icp ok  iter  5 corr   902 rms 0.0897    8.96 ms | p=(  293.67   237.82  -7.80) v=7.82 m/s
[lio] t=1317401138.007 | feat 1217/5703 | map   7126 | icp ok  iter  7 corr   869 rms 0.0629   11.59 ms | p=(  293.87   236.93  -7.74) v=8.38 m/s [KF]
[lio] t=1317401138.111 | feat 1192/5729 | map   7083 | icp ok  iter  5 corr   879 rms 0.0925    7.32 ms | p=(  294.09   236.08  -7.68) v=8.40 m/s
[lio] t=1317401138.215 | feat 1191/5768 | map   7083 | icp ok  iter  4 corr   850 rms 0.0617    6.21 ms | p=(  294.29   235.26  -7.62) v=8.23 m/s [KF]
[lio] t=1317401138.319 | feat 1205/5840 | map   7071 | icp ok  iter  7 corr   865 rms 0.0766   10.58 ms | p=(  294.52   234.38  -7.56) v=8.56 m/s
[lio] t=1317401138.423 | feat 1151/5861 | map   7071 | icp ok  iter  7 corr   889 rms 0.0911   11.63 ms | p=(  294.70   233.61  -7.51) v=7.99 m/s [KF]
[lio] t=1317401138.527 | feat 1144/5934 | map   7071 | icp ok  iter  6 corr   844 rms 0.0980    9.16 ms | p=(  294.94   232.72  -7.45) v=8.53 m/s
[lio] t=1317401138.631 | feat 1060/5945 | map   7071 | icp ok  iter  6 corr   773 rms 0.0606    8.38 ms | p=(  295.15   231.90  -7.38) v=8.32 m/s [KF]
[lio] t=1317401138.735 | feat 1092/5938 | map   7053 | icp ok  iter  4 corr   813 rms 0.0583    5.99 ms | p=(  295.38   231.00  -7.32) v=8.69 m/s
[lio] t=1317401138.839 | feat 1092/5987 | map   7053 | icp ok  iter  6 corr   794 rms 0.0805    8.75 ms | p=(  295.60   230.15  -7.26) v=8.56 m/s [KF]
[lio] t=1317401138.943 | feat  986/5938 | map   7099 | icp ok  iter  5 corr   699 rms 0.0682    6.74 ms | p=(  295.82   229.25  -7.19) v=8.77 m/s
[lio] t=1317401139.047 | feat 1079/5973 | map   7099 | icp ok  iter  5 corr   785 rms 0.0633    7.98 ms | p=(  296.04   228.38  -7.13) v=8.68 m/s [KF]
[lio] t=1317401139.151 | feat 1043/5991 | map   7151 | icp ok  iter  6 corr   771 rms 0.1032    8.99 ms | p=(  296.28   227.42  -7.06) v=9.18 m/s
[lio] t=1317401139.255 | feat 1062/6019 | map   7151 | icp ok  iter  6 corr   780 rms 0.1089    8.57 ms | p=(  296.50   226.53  -7.00) v=8.96 m/s [KF]
[lio] t=1317401139.359 | feat 1182/6103 | map   7183 | icp ok  iter  6 corr   909 rms 0.0850    9.49 ms | p=(  296.71   225.58  -6.93) v=9.26 m/s
[lio] t=1317401139.463 | feat 1054/6018 | map   7183 | icp ok  iter 11 corr   822 rms 0.0670   16.34 ms | p=(  296.93   224.61  -6.86) v=9.46 m/s [KF]
[lio] t=1317401139.567 | feat 1086/5942 | map   7178 | icp ok  iter  8 corr   856 rms 0.0737   13.29 ms | p=(  297.11   223.87  -6.80) v=8.16 m/s
[lio] t=1317401139.671 | feat 1079/6000 | map   7178 | icp ok  iter 12 corr   821 rms 0.0712   20.05 ms | p=(  297.33   222.75  -6.72) v=9.86 m/s [KF]
[lio] t=1317401139.774 | feat 1134/5953 | map   7156 | icp ok  iter  6 corr   892 rms 0.0541    9.66 ms | p=(  297.51   221.85  -6.65) v=9.20 m/s
[lio] t=1317401139.878 | feat 1074/5825 | map   7156 | icp ok  iter 12 corr   833 rms 0.0975   18.62 ms | p=(  297.68   220.99  -6.59) v=8.75 m/s [KF]
[lio] t=1317401139.982 | feat  962/5766 | map   7152 | icp ok  iter  6 corr   723 rms 0.0527    7.94 ms | p=(  297.87   220.01  -6.52) v=9.22 m/s
[lio] t=1317401140.086 | feat  972/5645 | map   7152 | icp ok  iter  5 corr   701 rms 0.0786    6.54 ms | p=(  298.05   219.11  -6.44) v=8.94 m/s [KF]
[lio] t=1317401140.190 | feat  992/5659 | map   7139 | icp ok  iter  6 corr   792 rms 0.0511    8.32 ms | p=(  298.24   218.10  -6.36) v=9.49 m/s [KF]
[lio] t=1317401140.294 | feat 1009/5597 | map   7051 | icp ok  iter  7 corr   791 rms 0.0671   10.03 ms | p=(  298.40   217.27  -6.31) v=8.57 m/s
[lio] t=1317401140.398 | feat 1009/5552 | map   7051 | icp ok  iter  6 corr   738 rms 0.0742    8.25 ms | p=(  298.59   216.29  -6.24) v=9.18 m/s [KF]
[lio] t=1317401140.502 | feat  988/5538 | map   7000 | icp ok  iter  4 corr   771 rms 0.0651    5.42 ms | p=(  298.76   215.36  -6.17) v=9.07 m/s
[lio] t=1317401140.605 | feat 1054/5562 | map   7000 | icp ok  iter  6 corr   790 rms 0.0713    8.05 ms | p=(  298.92   214.46  -6.11) v=8.82 m/s [KF]
[lio] t=1317401140.709 | feat 1082/5473 | map   6890 | icp ok  iter  4 corr   816 rms 0.0811    5.76 ms | p=(  299.08   213.56  -6.04) v=8.71 m/s
[lio] t=1317401140.813 | feat 1074/5353 | map   6890 | icp ok  iter  4 corr   777 rms 0.0820    6.35 ms | p=(  299.26   212.65  -5.97) v=8.78 m/s [KF]
[lio] t=1317401140.917 | feat 1130/5351 | map   6910 | icp ok  iter  7 corr   788 rms 0.0515    9.37 ms | p=(  299.40   211.80  -5.91) v=8.39 m/s
[lio] t=1317401141.021 | feat 1232/5391 | map   6910 | icp ok  iter  8 corr   855 rms 0.1036   11.79 ms | p=(  299.56   210.82  -5.84) v=9.00 m/s [KF]
[lio] t=1317401141.125 | feat 1188/5480 | map   6894 | icp ok  iter  7 corr   868 rms 0.0604   11.14 ms | p=(  299.71   209.98  -5.78) v=8.51 m/s
[lio] t=1317401141.229 | feat 1175/5530 | map   6894 | icp ok  iter  5 corr   814 rms 0.0747    7.74 ms | p=(  299.87   209.03  -5.71) v=8.91 m/s [KF]
[lio] t=1317401141.333 | feat 1186/5450 | map   6803 | icp ok  iter  7 corr   865 rms 0.0498    9.74 ms | p=(  300.00   208.15  -5.64) v=8.62 m/s
[lio] t=1317401141.437 | feat 1188/5385 | map   6803 | icp ok  iter  5 corr   845 rms 0.0645    7.98 ms | p=(  300.14   207.33  -5.59) v=8.22 m/s [KF]
[lio] t=1317401141.540 | feat 1276/5383 | map   6691 | icp ok  iter  6 corr   916 rms 0.0666   10.22 ms | p=(  300.28   206.38  -5.52) v=8.75 m/s
[lio] t=1317401141.644 | feat 1199/5362 | map   6691 | icp ok  iter  6 corr   836 rms 0.0609    9.12 ms | p=(  300.40   205.58  -5.47) v=8.15 m/s [KF]
[lio] t=1317401141.748 | feat 1121/5302 | map   6630 | icp ok  iter  7 corr   788 rms 0.0624    9.66 ms | p=(  300.53   204.68  -5.40) v=8.45 m/s
[lio] t=1317401141.852 | feat 1227/5231 | map   6630 | icp ok  iter  5 corr   844 rms 0.0621    8.25 ms | p=(  300.69   203.76  -5.32) v=8.70 m/s [KF]
[lio] t=1317401141.956 | feat 1201/5357 | map   6563 | icp ok  iter  5 corr   855 rms 0.0519    7.05 ms | p=(  300.81   202.93  -5.27) v=8.30 m/s
[lio] t=1317401142.059 | feat 1171/5391 | map   6563 | icp ok  iter  4 corr   843 rms 0.0705    6.00 ms | p=(  300.94   202.09  -5.22) v=8.16 m/s [KF]
[lio] t=1317401142.163 | feat 1178/5431 | map   6583 | icp ok  iter  5 corr   851 rms 0.0852    7.80 ms | p=(  301.09   201.19  -5.15) v=8.48 m/s
[lio] t=1317401142.267 | feat 1165/5525 | map   6583 | icp ok  iter  7 corr   784 rms 0.0806    9.95 ms | p=(  301.23   200.35  -5.09) v=8.32 m/s [KF]
[lio] t=1317401142.371 | feat 1147/5480 | map   6534 | icp ok  iter  5 corr   803 rms 0.0596    7.75 ms | p=(  301.39   199.46  -5.03) v=8.53 m/s
[lio] t=1317401142.475 | feat 1080/5456 | map   6534 | icp ok  iter  4 corr   748 rms 0.0557    5.51 ms | p=(  301.55   198.60  -4.98) v=8.45 m/s [KF]
[lio] t=1317401142.578 | feat 1171/5469 | map   6492 | icp ok  iter  5 corr   844 rms 0.0752    7.95 ms | p=(  301.73   197.69  -4.92) v=8.72 m/s
[lio] t=1317401142.682 | feat 1136/5542 | map   6492 | icp ok  iter  7 corr   830 rms 0.1468   11.16 ms | p=(  301.89   196.92  -4.86) v=7.96 m/s [KF]
[lio] t=1317401142.786 | feat 1108/5622 | map   6482 | icp ok  iter  5 corr   778 rms 0.0593    7.09 ms | p=(  302.07   196.06  -4.80) v=8.24 m/s
[lio] t=1317401142.890 | feat 1187/5666 | map   6482 | icp ok  iter  9 corr   827 rms 0.0760   14.08 ms | p=(  302.26   195.17  -4.75) v=8.58 m/s [KF]
[lio] t=1317401142.994 | feat 1086/5747 | map   6468 | icp ok  iter  5 corr   744 rms 0.0616    7.11 ms | p=(  302.44   194.32  -4.71) v=8.43 m/s
[lio] t=1317401143.097 | feat 1242/5778 | map   6468 | icp ok  iter  5 corr   889 rms 0.0664    8.34 ms | p=(  302.66   193.47  -4.65) v=8.41 m/s [KF]
[lio] t=1317401143.201 | feat 1227/5848 | map   6536 | icp ok  iter  6 corr   879 rms 0.0570    9.18 ms | p=(  302.86   192.61  -4.59) v=8.45 m/s
[lio] t=1317401143.305 | feat 1298/5990 | map   6536 | icp ok  iter  7 corr   922 rms 0.0809   12.05 ms | p=(  303.11   191.72  -4.54) v=8.74 m/s [KF]
[lio] t=1317401143.409 | feat 1319/6039 | map   6595 | icp ok  iter  5 corr   956 rms 0.0728    8.78 ms | p=(  303.33   190.88  -4.48) v=8.44 m/s
[lio] t=1317401143.513 | feat 1298/6178 | map   6595 | icp ok  iter  4 corr   899 rms 0.0714    6.64 ms | p=(  303.55   190.02  -4.43) v=8.52 m/s [KF]
[lio] t=1317401143.616 | feat 1266/6311 | map   6637 | icp ok  iter  6 corr   858 rms 0.0841    8.76 ms | p=(  303.79   189.13  -4.37) v=8.71 m/s
[lio] t=1317401143.720 | feat 1317/6433 | map   6637 | icp ok  iter  4 corr   894 rms 0.0684    6.46 ms | p=(  304.04   188.25  -4.32) v=8.76 m/s [KF]
[lio] t=1317401143.824 | feat 1358/6493 | map   6706 | icp ok  iter  4 corr   977 rms 0.0621    6.82 ms | p=(  304.28   187.39  -4.27) v=8.65 m/s
[lio] t=1317401143.928 | feat 1449/6812 | map   6706 | icp ok  iter  5 corr   996 rms 0.0643    8.84 ms | p=(  304.52   186.50  -4.20) v=8.76 m/s [KF]
[lio] t=1317401144.032 | feat 1507/7128 | map   6808 | icp ok  iter  4 corr  1117 rms 0.0751    8.25 ms | p=(  304.77   185.64  -4.15) v=8.68 m/s
[lio] t=1317401144.136 | feat 1462/7205 | map   6808 | icp ok  iter  3 corr  1007 rms 0.0802    6.05 ms | p=(  305.02   184.77  -4.10) v=8.66 m/s [KF]
[lio] t=1317401144.240 | feat 1535/7077 | map   6907 | icp ok  iter  4 corr  1072 rms 0.0729    6.95 ms | p=(  305.26   183.89  -4.05) v=8.69 m/s
[lio] t=1317401144.344 | feat 1581/6923 | map   6907 | icp ok  iter  3 corr  1037 rms 0.0999    5.93 ms | p=(  305.51   183.02  -3.99) v=8.63 m/s [KF]
[lio] t=1317401144.448 | feat 1627/6910 | map   7079 | icp ok  iter  3 corr  1130 rms 0.0781    6.91 ms | p=(  305.76   182.16  -3.94) v=8.61 m/s
[lio] t=1317401144.552 | feat 1602/6856 | map   7079 | icp ok  iter  4 corr  1053 rms 0.1214    7.84 ms | p=(  305.99   181.26  -3.88) v=8.71 m/s [KF]
[lio] t=1317401144.656 | feat 1564/7040 | map   7189 | icp ok  iter  4 corr  1019 rms 0.0569    7.33 ms | p=(  306.21   180.40  -3.83) v=8.59 m/s
[lio] t=1317401144.760 | feat 1581/7193 | map   7189 | icp ok  iter  4 corr  1069 rms 0.0654    8.01 ms | p=(  306.44   179.52  -3.78) v=8.61 m/s [KF]
[lio] t=1317401144.864 | feat 1611/7060 | map   7269 | icp ok  iter  5 corr  1139 rms 0.0490    9.71 ms | p=(  306.65   178.63  -3.72) v=8.69 m/s
[lio] t=1317401144.968 | feat 1570/6894 | map   7269 | icp ok  iter  5 corr  1067 rms 0.0790   10.02 ms | p=(  306.86   177.80  -3.66) v=8.38 m/s [KF]
[lio] t=1317401145.072 | feat 1600/6891 | map   7313 | icp ok  iter  6 corr  1085 rms 0.0535   12.18 ms | p=(  307.05   176.89  -3.60) v=8.66 m/s
[lio] t=1317401145.175 | feat 1639/6704 | map   7313 | icp ok  iter  6 corr  1097 rms 0.0756   13.05 ms | p=(  307.24   176.06  -3.54) v=8.32 m/s [KF]
[lio] t=1317401145.279 | feat 1591/6519 | map   7374 | icp ok  iter  4 corr  1073 rms 0.0733    8.36 ms | p=(  307.42   175.15  -3.49) v=8.62 m/s
[lio] t=1317401145.383 | feat 1496/6456 | map   7374 | icp ok  iter  4 corr   939 rms 0.0524    6.51 ms | p=(  307.56   174.29  -3.43) v=8.43 m/s [KF]
[lio] t=1317401145.487 | feat 1570/6431 | map   7393 | icp ok  iter  4 corr   995 rms 0.0659    8.03 ms | p=(  307.71   173.44  -3.37) v=8.29 m/s
[lio] t=1317401145.591 | feat 1569/6392 | map   7393 | icp ok  iter  5 corr   993 rms 0.0579    8.92 ms | p=(  307.86   172.56  -3.31) v=8.45 m/s [KF]
[lio] t=1317401145.695 | feat 1512/6382 | map   7462 | icp ok  iter  5 corr  1016 rms 0.0526    8.87 ms | p=(  307.99   171.74  -3.25) v=8.11 m/s
[lio] t=1317401145.799 | feat 1628/6510 | map   7462 | icp ok  iter  7 corr  1063 rms 0.0586   13.53 ms | p=(  308.13   170.83  -3.19) v=8.47 m/s [KF]
[lio] t=1317401145.903 | feat 1566/6454 | map   7492 | icp ok  iter  6 corr  1024 rms 0.0484   11.00 ms | p=(  308.23   170.00  -3.13) v=8.12 m/s
[lio] t=1317401146.007 | feat 1583/6501 | map   7492 | icp ok  iter  7 corr  1021 rms 0.0545   11.83 ms | p=(  308.35   169.14  -3.07) v=8.19 m/s [KF]
[lio] t=1317401146.111 | feat 1571/6513 | map   7539 | icp ok  iter  5 corr  1047 rms 0.0567    9.13 ms | p=(  308.46   168.29  -3.01) v=8.16 m/s
[lio] t=1317401146.214 | feat 1537/6562 | map   7539 | icp ok  iter  4 corr  1027 rms 0.0607    7.76 ms | p=(  308.55   167.45  -2.95) v=8.02 m/s [KF]
[lio] t=1317401146.318 | feat 1577/6537 | map   7585 | icp ok  iter  4 corr  1060 rms 0.0540    7.39 ms | p=(  308.66   166.64  -2.90) v=7.84 m/s
[lio] t=1317401146.422 | feat 1534/6587 | map   7585 | icp ok  iter  4 corr  1011 rms 0.0679    7.25 ms | p=(  308.75   165.82  -2.84) v=7.75 m/s [KF]
[lio] t=1317401146.526 | feat 1654/6654 | map   7658 | icp ok  iter  4 corr  1165 rms 0.0530    8.93 ms | p=(  308.85   165.05  -2.79) v=7.38 m/s
[lio] t=1317401146.630 | feat 1739/6733 | map   7658 | icp ok  iter  4 corr  1158 rms 0.0558    8.67 ms | p=(  308.93   164.33  -2.75) v=7.00 m/s [KF]
[lio] t=1317401146.733 | feat 1749/6868 | map   7807 | icp ok  iter  4 corr  1244 rms 0.0596    8.77 ms | p=(  309.02   163.60  -2.70) v=6.84 m/s
[lio] t=1317401146.837 | feat 1797/7092 | map   7807 | icp ok  iter  4 corr  1254 rms 0.0503    9.07 ms | p=(  309.10   162.87  -2.65) v=6.79 m/s [KF]
[lio] t=1317401146.941 | feat 1895/7167 | map   7967 | icp ok  iter  5 corr  1362 rms 0.0644   11.39 ms | p=(  309.18   162.20  -2.60) v=6.45 m/s
[lio] t=1317401147.045 | feat 2016/7529 | map   7967 | icp ok  iter 12 corr  1377 rms 0.0667   30.15 ms | p=(  309.26   161.52  -2.55) v=6.35 m/s [KF]
[lio] t=1317401147.149 | feat 2088/7694 | map   8250 | icp ok  iter  4 corr  1516 rms 0.0593   10.95 ms | p=(  309.33   160.90  -2.52) v=5.92 m/s
[lio] t=1317401147.252 | feat 2263/7958 | map   8250 | icp ok  iter  4 corr  1605 rms 0.0584   11.76 ms | p=(  309.42   160.29  -2.47) v=5.74 m/s [KF]
[lio] t=1317401147.356 | feat 2474/8071 | map   8527 | icp ok  iter  3 corr  1859 rms 0.0522   10.54 ms | p=(  309.48   159.69  -2.43) v=5.58 m/s
[lio] t=1317401147.460 | feat 2634/8249 | map   8527 | icp ok  iter  4 corr  1941 rms 0.0923   15.09 ms | p=(  309.57   159.13  -2.40) v=5.31 m/s [KF]
[lio] t=1317401147.564 | feat 2700/8484 | map   8928 | icp ok  iter  4 corr  2004 rms 0.0493   15.49 ms | p=(  309.63   158.57  -2.36) v=5.21 m/s
[lio] t=1317401147.667 | feat 2993/8731 | map   8928 | icp ok  iter  3 corr  2109 rms 0.0554   11.70 ms | p=(  309.70   158.05  -2.32) v=4.96 m/s [KF]
[lio] t=1317401147.771 | feat 2893/8813 | map   9454 | icp ok  iter  4 corr  2212 rms 0.0496   15.20 ms | p=(  309.77   157.53  -2.29) v=4.80 m/s
[lio] t=1317401147.875 | feat 2970/8924 | map   9454 | icp ok  iter  4 corr  2235 rms 0.0543   15.60 ms | p=(  309.84   157.06  -2.26) v=4.51 m/s [KF]
[lio] t=1317401147.979 | feat 3091/8902 | map   9867 | icp ok  iter  4 corr  2412 rms 0.0470   17.25 ms | p=(  309.91   156.59  -2.24) v=4.36 m/s
[lio] t=1317401148.082 | feat 3059/9091 | map   9867 | icp ok  iter  5 corr  2366 rms 0.0530   21.68 ms | p=(  309.97   156.13  -2.20) v=4.27 m/s
[lio] t=1317401148.186 | feat 3233/9122 | map   9867 | icp ok  iter  4 corr  2465 rms 0.0551   19.59 ms | p=(  310.06   155.69  -2.16) v=4.20 m/s [KF]
[lio] t=1317401148.289 | feat 3122/9109 | map  10260 | icp ok  iter  4 corr  2421 rms 0.0489   18.06 ms | p=(  310.14   155.26  -2.13) v=4.17 m/s
[lio] t=1317401148.393 | feat 3341/9318 | map  10260 | icp ok  iter  4 corr  2674 rms 0.0559   20.77 ms | p=(  310.23   154.84  -2.10) v=4.04 m/s
[lio] t=1317401148.497 | feat 3315/9520 | map  10260 | icp ok  iter 12 corr  2529 rms 0.0693   56.60 ms | p=(  310.37   154.45  -2.08) v=3.96 m/s [KF]
[lio] t=1317401148.600 | feat 3394/9545 | map  10615 | icp ok  iter  4 corr  2657 rms 0.0533   20.39 ms | p=(  310.47   154.05  -2.06) v=3.89 m/s
[lio] t=1317401148.704 | feat 3322/9711 | map  10615 | icp ok  iter  4 corr  2529 rms 0.0594   18.25 ms | p=(  310.60   153.67  -2.04) v=3.82 m/s
[lio] t=1317401148.808 | feat 3426/9983 | map  10615 | icp ok  iter  3 corr  2572 rms 0.0615   14.64 ms | p=(  310.73   153.28  -2.02) v=3.81 m/s [KF]
[lio] t=1317401148.911 | feat 3511/10280 | map  10833 | icp ok  iter  5 corr  2680 rms 0.0670   23.70 ms | p=(  310.89   152.92  -1.99) v=3.73 m/s
[lio] t=1317401149.015 | feat 3481/10484 | map  10833 | icp ok  iter  4 corr  2561 rms 0.0639   20.08 ms | p=(  311.07   152.57  -1.96) v=3.70 m/s
[lio] t=1317401149.119 | feat 3426/10657 | map  10833 | icp ok  iter  4 corr  2496 rms 0.0667   18.41 ms | p=(  311.23   152.24  -1.92) v=3.54 m/s [KF]
[lio] t=1317401149.223 | feat 3493/10780 | map  11144 | icp ok  iter  4 corr  2629 rms 0.0631   19.97 ms | p=(  311.41   151.91  -1.90) v=3.54 m/s
[lio] t=1317401149.326 | feat 3425/10996 | map  11144 | icp ok  iter  3 corr  2568 rms 0.0631   16.25 ms | p=(  311.60   151.61  -1.89) v=3.39 m/s
[lio] t=1317401149.430 | feat 3508/11033 | map  11144 | icp ok  iter  4 corr  2585 rms 0.0602   20.47 ms | p=(  311.82   151.31  -1.87) v=3.45 m/s [KF]
[lio] t=1317401149.534 | feat 3490/11088 | map  11408 | icp ok  iter  4 corr  2729 rms 0.0535   20.13 ms | p=(  312.04   151.01  -1.85) v=3.48 m/s
[lio] t=1317401149.637 | feat 3574/11275 | map  11408 | icp ok  iter  4 corr  2703 rms 0.0580   20.38 ms | p=(  312.26   150.73  -1.83) v=3.42 m/s
[lio] t=1317401149.741 | feat 3651/11345 | map  11408 | icp ok  iter  4 corr  2780 rms 0.0613   20.79 ms | p=(  312.50   150.46  -1.81) v=3.45 m/s [KF]
[lio] t=1317401149.845 | feat 3692/11504 | map  11663 | icp ok  iter 12 corr  2909 rms 0.0485   61.38 ms | p=(  312.76   150.20  -1.79) v=3.51 m/s
[lio] t=1317401149.949 | feat 3690/11532 | map  11663 | icp ok  iter  4 corr  2870 rms 0.0508   19.65 ms | p=(  313.03   149.94  -1.79) v=3.61 m/s
[lio] t=1317401150.053 | feat 3638/11470 | map  11663 | icp ok  iter  6 corr  2793 rms 0.0661   28.93 ms | p=(  313.33   149.69  -1.77) v=3.73 m/s [KF]
[lio] t=1317401150.156 | feat 3641/11465 | map  11821 | icp ok  iter  3 corr  2820 rms 0.0721   16.68 ms | p=(  313.65   149.45  -1.75) v=3.86 m/s
[lio] t=1317401150.260 | feat 3662/11522 | map  11821 | icp ok  iter  4 corr  2846 rms 0.0736   22.57 ms | p=(  313.97   149.21  -1.72) v=3.93 m/s
[lio] t=1317401150.364 | feat 3586/11640 | map  11821 | icp ok  iter  4 corr  2777 rms 0.0637   21.03 ms | p=(  314.33   148.99  -1.70) v=4.09 m/s [KF]
[lio] t=1317401150.467 | feat 3744/11709 | map  11941 | icp ok  iter  5 corr  2963 rms 0.0771   28.72 ms | p=(  314.70   148.76  -1.70) v=4.24 m/s
[lio] t=1317401150.571 | feat 3657/11477 | map  11941 | icp ok  iter  4 corr  2845 rms 0.0642   22.11 ms | p=(  315.10   148.56  -1.71) v=4.41 m/s
[lio] t=1317401150.675 | feat 3746/11411 | map  11941 | icp ok  iter  5 corr  2863 rms 0.0643   27.47 ms | p=(  315.52   148.34  -1.68) v=4.62 m/s [KF]
[lio] t=1317401150.779 | feat 3713/11365 | map  12049 | icp ok  iter  4 corr  2875 rms 0.0592   22.98 ms | p=(  315.98   148.16  -1.66) v=4.80 m/s
[lio] t=1317401150.883 | feat 3697/11350 | map  12049 | icp ok  iter  5 corr  2872 rms 0.0665   29.26 ms | p=(  316.46   148.00  -1.63) v=4.99 m/s
[lio] t=1317401150.986 | feat 3677/11275 | map  12049 | icp ok  iter  5 corr  2846 rms 0.0619   27.73 ms | p=(  316.97   147.85  -1.62) v=5.21 m/s [KF]
[lio] t=1317401151.090 | feat 3551/11135 | map  12225 | icp ok  iter  5 corr  2756 rms 0.0594   28.70 ms | p=(  317.51   147.72  -1.62) v=5.44 m/s
[lio] t=1317401151.194 | feat 3497/10851 | map  12225 | icp ok  iter  5 corr  2666 rms 0.0744   28.12 ms | p=(  318.11   147.60  -1.62) v=5.81 m/s [KF]
[lio] t=1317401151.298 | feat 3386/10565 | map  12391 | icp ok  iter  5 corr  2600 rms 0.0601   25.17 ms | p=(  318.71   147.49  -1.61) v=5.99 m/s
[lio] t=1317401151.402 | feat 3190/10315 | map  12391 | icp ok  iter  4 corr  2400 rms 0.0592   20.43 ms | p=(  319.30   147.40  -1.60) v=5.98 m/s [KF]
[lio] t=1317401151.506 | feat 3254/10094 | map  12523 | icp ok  iter  4 corr  2468 rms 0.0638   20.79 ms | p=(  319.95   147.34  -1.60) v=6.29 m/s
[lio] t=1317401151.610 | feat 3196/9921 | map  12523 | icp ok  iter  4 corr  2471 rms 0.0577   20.28 ms | p=(  320.59   147.30  -1.59) v=6.37 m/s [KF]
[lio] t=1317401151.714 | feat 3164/9847 | map  12632 | icp ok  iter  4 corr  2430 rms 0.0517   19.15 ms | p=(  321.27   147.28  -1.59) v=6.58 m/s
[lio] t=1317401151.818 | feat 3173/9711 | map  12632 | icp ok  iter  4 corr  2538 rms 0.0602   21.43 ms | p=(  321.95   147.29  -1.60) v=6.69 m/s [KF]
[lio] t=1317401151.922 | feat 3076/9632 | map  12728 | icp ok  iter  5 corr  2428 rms 0.0736   24.35 ms | p=(  322.69   147.32  -1.60) v=7.10 m/s
[lio] t=1317401152.026 | feat 3008/9542 | map  12728 | icp ok  iter  4 corr  2339 rms 0.0586   18.54 ms | p=(  323.43   147.37  -1.61) v=7.25 m/s [KF]
[lio] t=1317401152.131 | feat 2939/9503 | map  12781 | icp ok  iter  6 corr  2347 rms 0.0527   25.21 ms | p=(  324.19   147.45  -1.60) v=7.47 m/s
[lio] t=1317401152.235 | feat 3003/9307 | map  12781 | icp ok  iter  4 corr  2428 rms 0.0670   19.41 ms | p=(  324.96   147.54  -1.61) v=7.59 m/s [KF]
[lio] t=1317401152.339 | feat 2972/9258 | map  12839 | icp ok  iter  4 corr  2362 rms 0.0620   17.43 ms | p=(  325.75   147.65  -1.61) v=7.77 m/s
[lio] t=1317401152.443 | feat 2792/9138 | map  12839 | icp ok  iter  4 corr  2185 rms 0.0623   17.18 ms | p=(  326.57   147.77  -1.62) v=8.01 m/s [KF]
[lio] t=1317401152.547 | feat 2693/9136 | map  12921 | icp ok  iter  4 corr  2156 rms 0.0564   16.27 ms | p=(  327.40   147.91  -1.63) v=8.17 m/s
[lio] t=1317401152.651 | feat 2707/9015 | map  12921 | icp ok  iter  6 corr  2131 rms 0.0634   22.79 ms | p=(  328.24   148.08  -1.65) v=8.35 m/s [KF]
[lio] t=1317401152.756 | feat 2860/9008 | map  12979 | icp ok  iter  4 corr  2250 rms 0.0652   18.11 ms | p=(  329.08   148.26  -1.67) v=8.48 m/s
[lio] t=1317401152.860 | feat 2761/8951 | map  12979 | icp ok  iter  5 corr  2095 rms 0.0712   20.65 ms | p=(  330.01   148.44  -1.68) v=8.97 m/s [KF]
[lio] t=1317401152.964 | feat 2758/8936 | map  13029 | icp ok  iter  6 corr  2123 rms 0.0775   25.48 ms | p=(  330.87   148.63  -1.69) v=8.74 m/s
[lio] t=1317401153.068 | feat 2766/8975 | map  13029 | icp ok  iter  4 corr  2126 rms 0.0662   17.94 ms | p=(  331.79   148.83  -1.69) v=8.97 m/s [KF]
[lio] t=1317401153.173 | feat 2654/8909 | map  13085 | icp ok  iter  4 corr  2093 rms 0.0661   15.69 ms | p=(  332.71   149.04  -1.72) v=9.07 m/s
[lio] t=1317401153.277 | feat 2743/8967 | map  13085 | icp ok  iter  4 corr  2107 rms 0.0644   18.06 ms | p=(  333.66   149.22  -1.74) v=9.30 m/s [KF]
[lio] t=1317401153.381 | feat 2694/8872 | map  13095 | icp ok  iter  4 corr  2015 rms 0.0608   15.88 ms | p=(  334.61   149.43  -1.75) v=9.35 m/s
[lio] t=1317401153.485 | feat 2649/8831 | map  13095 | icp ok  iter  4 corr  2008 rms 0.0732   16.28 ms | p=(  335.54   149.62  -1.76) v=9.24 m/s [KF]
[lio] t=1317401153.589 | feat 2543/8851 | map  13163 | icp ok  iter  4 corr  1926 rms 0.0622   14.02 ms | p=(  336.52   149.81  -1.76) v=9.50 m/s
[lio] t=1317401153.693 | feat 2601/8898 | map  13163 | icp ok  iter  5 corr  1946 rms 0.0784   18.32 ms | p=(  337.46   150.00  -1.78) v=9.39 m/s [KF]
[lio] t=1317401153.798 | feat 2456/8968 | map  13182 | icp ok  iter  6 corr  1817 rms 0.0615   20.91 ms | p=(  338.44   150.19  -1.79) v=9.57 m/s
[lio] t=1317401153.902 | feat 2491/8937 | map  13182 | icp ok  iter  4 corr  1793 rms 0.0755   15.04 ms | p=(  339.40   150.36  -1.81) v=9.45 m/s [KF]
[lio] t=1317401154.006 | feat 2467/8802 | map  13185 | icp ok  iter  4 corr  1796 rms 0.0526   13.90 ms | p=(  340.37   150.54  -1.80) v=9.45 m/s
[lio] t=1317401154.110 | feat 2393/8938 | map  13185 | icp ok  iter  5 corr  1730 rms 0.0673   15.70 ms | p=(  341.34   150.71  -1.81) v=9.47 m/s [KF]
[lio] t=1317401154.214 | feat 2466/9041 | map  13222 | icp ok  iter  5 corr  1829 rms 0.0600   16.45 ms | p=(  342.27   150.87  -1.82) v=9.19 m/s
[lio] t=1317401154.318 | feat 2626/9031 | map  13222 | icp ok  iter  5 corr  1924 rms 0.0614   19.47 ms | p=(  343.26   151.03  -1.84) v=9.47 m/s [KF]
[lio] t=1317401154.422 | feat 2530/8956 | map  13263 | icp ok  iter  5 corr  1881 rms 0.0478   16.20 ms | p=(  344.21   151.19  -1.87) v=9.33 m/s
[lio] t=1317401154.526 | feat 2569/8867 | map  13263 | icp ok  iter  4 corr  1823 rms 0.0467   14.18 ms | p=(  345.13   151.34  -1.88) v=9.14 m/s [KF]
[lio] t=1317401154.630 | feat 2564/8850 | map  13192 | icp ok  iter  6 corr  1921 rms 0.0524   20.51 ms | p=(  346.12   151.50  -1.88) v=9.41 m/s
[lio] t=1317401154.734 | feat 2547/8855 | map  13192 | icp ok  iter  5 corr  1899 rms 0.0568   16.87 ms | p=(  347.06   151.65  -1.88) v=9.26 m/s [KF]
[lio] t=1317401154.837 | feat 2484/8925 | map  13080 | icp ok  iter  3 corr  1858 rms 0.0429   10.13 ms | p=(  348.00   151.80  -1.91) v=9.19 m/s
[lio] t=1317401154.941 | feat 2524/9087 | map  13080 | icp ok  iter  4 corr  1847 rms 0.0498   12.86 ms | p=(  348.95   151.95  -1.90) v=9.21 m/s [KF]
[lio] t=1317401155.045 | feat 2627/9071 | map  13096 | icp ok  iter  5 corr  1939 rms 0.0626   18.78 ms | p=(  349.88   152.11  -1.92) v=9.16 m/s
[lio] t=1317401155.149 | feat 2583/9016 | map  13096 | icp ok  iter  5 corr  1843 rms 0.0527   17.75 ms | p=(  350.84   152.26  -1.92) v=9.24 m/s [KF]
[lio] t=1317401155.253 | feat 2572/8957 | map  13107 | icp ok  iter  5 corr  1907 rms 0.0474   18.63 ms | p=(  351.76   152.41  -1.93) v=9.01 m/s
[lio] t=1317401155.357 | feat 2508/8782 | map  13107 | icp ok  iter  4 corr  1798 rms 0.0623   14.11 ms | p=(  352.69   152.57  -1.92) v=9.01 m/s [KF]
[lio] t=1317401155.461 | feat 2515/8701 | map  13009 | icp ok  iter  5 corr  1890 rms 0.0508   18.12 ms | p=(  353.59   152.72  -1.95) v=8.82 m/s
[lio] t=1317401155.565 | feat 2460/8599 | map  13009 | icp ok  iter  4 corr  1750 rms 0.0459   12.27 ms | p=(  354.49   152.88  -1.96) v=8.77 m/s [KF]
[lio] t=1317401155.668 | feat 2488/8688 | map  12868 | icp ok  iter  4 corr  1799 rms 0.0595   11.95 ms | p=(  355.36   153.04  -1.96) v=8.49 m/s
[lio] t=1317401155.772 | feat 2494/8766 | map  12868 | icp ok  iter  5 corr  1772 rms 0.0605   17.05 ms | p=(  356.23   153.21  -1.96) v=8.39 m/s [KF]
[lio] t=1317401155.876 | feat 2542/8809 | map  12767 | icp ok  iter  4 corr  1783 rms 0.0461   13.94 ms | p=(  357.06   153.36  -1.97) v=8.13 m/s
[lio] t=1317401155.980 | feat 2538/8814 | map  12767 | icp ok  iter  4 corr  1768 rms 0.0500   12.85 ms | p=(  357.88   153.52  -2.00) v=7.93 m/s [KF]
[lio] t=1317401156.084 | feat 2695/8930 | map  12424 | icp ok  iter  3 corr  1897 rms 0.0454   10.65 ms | p=(  358.67   153.67  -1.99) v=7.68 m/s
[lio] t=1317401156.188 | feat 2730/8964 | map  12424 | icp ok  iter  5 corr  1935 rms 0.0519   17.03 ms | p=(  359.44   153.81  -1.99) v=7.46 m/s [KF]
[lio] t=1317401156.292 | feat 2812/9114 | map  12218 | icp ok  iter  4 corr  2010 rms 0.0429   14.13 ms | p=(  360.20   153.97  -1.99) v=7.31 m/s
[lio] t=1317401156.395 | feat 2794/9071 | map  12218 | icp ok  iter  3 corr  1959 rms 0.0488   10.50 ms | p=(  360.92   154.12  -2.00) v=7.03 m/s [KF]
[lio] t=1317401156.499 | feat 2878/9135 | map  11972 | icp ok  iter  4 corr  2077 rms 0.0486   15.68 ms | p=(  361.64   154.27  -2.00) v=6.91 m/s
[lio] t=1317401156.603 | feat 2982/9229 | map  11972 | icp ok  iter  4 corr  2124 rms 0.0811   15.68 ms | p=(  362.31   154.43  -2.01) v=6.57 m/s [KF]
[lio] t=1317401156.707 | feat 2927/9247 | map  11966 | icp ok  iter  5 corr  2135 rms 0.0416   20.06 ms | p=(  362.94   154.56  -2.02) v=6.20 m/s
[lio] t=1317401156.811 | feat 2925/9374 | map  11966 | icp ok  iter  5 corr  2066 rms 0.0489   19.01 ms | p=(  363.59   154.70  -2.02) v=6.14 m/s [KF]
[lio] t=1317401156.914 | feat 3035/9466 | map  11905 | icp ok  iter  4 corr  2205 rms 0.0572   15.77 ms | p=(  364.18   154.83  -2.03) v=5.82 m/s
[lio] t=1317401157.018 | feat 2980/9563 | map  11905 | icp ok  iter  5 corr  2132 rms 0.0495   19.34 ms | p=(  364.75   154.98  -2.04) v=5.53 m/s [KF]
[lio] t=1317401157.122 | feat 3108/9694 | map  11816 | icp ok  iter  4 corr  2255 rms 0.0422   16.95 ms | p=(  365.30   155.12  -2.04) v=5.37 m/s
[lio] t=1317401157.225 | feat 3100/9865 | map  11816 | icp ok  iter  4 corr  2293 rms 0.0496   17.85 ms | p=(  365.84   155.26  -2.05) v=5.29 m/s [KF]
[lio] t=1317401157.329 | feat 3019/10175 | map  11810 | icp ok  iter  4 corr  2190 rms 0.0619   16.47 ms | p=(  366.34   155.43  -2.05) v=5.07 m/s
[lio] t=1317401157.433 | feat 3102/10333 | map  11810 | icp ok  iter  4 corr  2246 rms 0.0522   17.15 ms | p=(  366.85   155.59  -2.07) v=5.11 m/s [KF]
[lio] t=1317401157.537 | feat 3034/10438 | map  11790 | icp ok  iter  4 corr  2250 rms 0.0606   16.51 ms | p=(  367.33   155.78  -2.09) v=5.03 m/s
[lio] t=1317401157.640 | feat 3017/10526 | map  11790 | icp ok  iter  4 corr  2199 rms 0.0478   16.35 ms | p=(  367.81   155.94  -2.09) v=4.93 m/s [KF]
[lio] t=1317401157.744 | feat 3061/10647 | map  11761 | icp ok  iter  5 corr  2244 rms 0.0743   21.37 ms | p=(  368.29   156.16  -2.10) v=5.04 m/s
[lio] t=1317401157.848 | feat 3065/10679 | map  11761 | icp ok  iter  5 corr  2219 rms 0.0953   22.24 ms | p=(  368.69   156.37  -2.11) v=4.59 m/s
[lio] t=1317401157.951 | feat 2978/10646 | map  11761 | icp ok  iter  5 corr  2122 rms 0.0902   22.08 ms | p=(  369.18   156.61  -2.11) v=5.00 m/s [KF]
[lio] t=1317401158.055 | feat 3000/10668 | map  11825 | icp ok  iter  4 corr  2201 rms 0.0929   18.57 ms | p=(  369.57   156.88  -2.13) v=4.76 m/s
[lio] t=1317401158.159 | feat 2969/10761 | map  11825 | icp ok  iter  5 corr  2151 rms 0.1018   22.24 ms | p=(  369.97   157.16  -2.15) v=4.72 m/s
[lio] t=1317401158.262 | feat 3034/10865 | map  11825 | icp ok  iter  6 corr  2141 rms 0.0977   27.17 ms | p=(  370.40   157.43  -2.17) v=4.85 m/s [KF]
[lio] t=1317401158.366 | feat 3091/10898 | map  11969 | icp ok  iter  4 corr  2270 rms 0.0823   18.07 ms | p=(  370.80   157.75  -2.18) v=4.92 m/s
[lio] t=1317401158.470 | feat 3159/10965 | map  11969 | icp ok  iter  7 corr  2252 rms 0.0884   32.76 ms | p=(  371.15   158.07  -2.20) v=4.73 m/s
[lio] t=1317401158.573 | feat 3162/10958 | map  11969 | icp ok  iter  8 corr  2275 rms 0.0874   37.93 ms | p=(  371.56   158.41  -2.22) v=5.07 m/s [KF]
[lio] t=1317401158.677 | feat 3151/10958 | map  12047 | icp ok  iter  6 corr  2365 rms 0.0821   27.92 ms | p=(  371.93   158.76  -2.24) v=5.04 m/s
[lio] t=1317401158.781 | feat 3187/10956 | map  12047 | icp ok  iter  5 corr  2323 rms 0.0731   22.56 ms | p=(  372.26   159.11  -2.27) v=4.90 m/s
[lio] t=1317401158.885 | feat 3183/10813 | map  12047 | icp ok  iter  4 corr  2357 rms 0.0673   19.70 ms | p=(  372.60   159.51  -2.31) v=5.13 m/s [KF]
[lio] t=1317401158.988 | feat 3321/10884 | map  12178 | icp ok  iter  6 corr  2533 rms 0.0563   28.67 ms | p=(  372.92   159.93  -2.34) v=5.19 m/s
[lio] t=1317401159.092 | feat 3279/10821 | map  12178 | icp ok  iter  5 corr  2496 rms 0.0674   24.84 ms | p=(  373.24   160.35  -2.36) v=5.26 m/s [KF]
[lio] t=1317401159.196 | feat 3329/10865 | map  12280 | icp ok  iter  5 corr  2563 rms 0.0560   24.40 ms | p=(  373.54   160.82  -2.38) v=5.41 m/s
[lio] t=1317401159.299 | feat 3232/10809 | map  12280 | icp ok  iter  6 corr  2508 rms 0.0724   29.89 ms | p=(  373.83   161.30  -2.43) v=5.54 m/s [KF]
[lio] t=1317401159.403 | feat 3244/10553 | map  12356 | icp ok  iter  4 corr  2513 rms 0.0723   20.48 ms | p=(  374.09   161.79  -2.47) v=5.56 m/s
[lio] t=1317401159.507 | feat 3310/10512 | map  12356 | icp ok  iter  5 corr  2528 rms 0.0715   25.50 ms | p=(  374.29   162.31  -2.50) v=5.60 m/s [KF]
[lio] t=1317401159.611 | feat 3224/10488 | map  12555 | icp ok  iter  5 corr  2498 rms 0.0619   22.24 ms | p=(  374.51   162.85  -2.54) v=5.75 m/s
[lio] t=1317401159.714 | feat 3145/10272 | map  12555 | icp ok  iter  4 corr  2391 rms 0.0770   19.31 ms | p=(  374.69   163.43  -2.58) v=5.94 m/s [KF]
[lio] t=1317401159.818 | feat 3121/10157 | map  12638 | icp ok  iter  4 corr  2395 rms 0.0557   19.00 ms | p=(  374.84   163.99  -2.62) v=5.89 m/s
[lio] t=1317401159.922 | feat 3087/10017 | map  12638 | icp ok  iter  4 corr  2352 rms 0.0826   18.76 ms | p=(  374.95   164.60  -2.64) v=6.08 m/s [KF]
[lio] t=1317401160.026 | feat 2987/9937 | map  12583 | icp ok  iter  4 corr  2352 rms 0.0579   18.24 ms | p=(  375.08   165.21  -2.69) v=6.16 m/s
[lio] t=1317401160.130 | feat 2806/9812 | map  12583 | icp ok  iter  8 corr  2105 rms 0.0844   32.56 ms | p=(  375.12   165.85  -2.71) v=6.29 m/s [KF]
[lio] t=1317401160.234 | feat 2704/9604 | map  12626 | icp ok  iter  6 corr  2089 rms 0.0667   23.45 ms | p=(  375.21   166.50  -2.75) v=6.46 m/s
[lio] t=1317401160.338 | feat 2644/9385 | map  12626 | icp ok  iter  5 corr  2082 rms 0.0935   19.50 ms | p=(  375.23   167.15  -2.79) v=6.47 m/s [KF]
[lio] t=1317401160.442 | feat 2731/9046 | map  12628 | icp ok  iter  9 corr  2185 rms 0.0913   39.49 ms | p=(  375.19   167.82  -2.85) v=6.64 m/s
[lio] t=1317401160.546 | feat 2664/8678 | map  12628 | icp ok  iter  5 corr  2151 rms 0.0973   22.21 ms | p=(  375.18   168.51  -2.89) v=6.79 m/s [KF]
[lio] t=1317401160.650 | feat 2446/8446 | map  12727 | icp ok  iter  5 corr  1962 rms 0.0704   17.78 ms | p=(  375.18   169.24  -2.93) v=7.04 m/s
[lio] t=1317401160.754 | feat 2377/8225 | map  12727 | icp ok  iter 11 corr  1857 rms 0.0827   42.09 ms | p=(  375.05   169.95  -2.97) v=7.11 m/s [KF]
[lio] t=1317401160.859 | feat 2420/8067 | map  12743 | icp ok  iter  9 corr  1963 rms 0.0663   34.80 ms | p=(  375.01   170.71  -3.01) v=7.36 m/s
[lio] t=1317401160.963 | feat 2381/7978 | map  12743 | icp ok  iter  8 corr  1909 rms 0.0788   31.45 ms | p=(  374.90   171.48  -3.06) v=7.51 m/s [KF]
[lio] t=1317401161.067 | feat 2220/8000 | map  12803 | icp ok  iter  5 corr  1777 rms 0.0899   17.93 ms | p=(  374.81   172.25  -3.10) v=7.62 m/s
[lio] t=1317401161.172 | feat 2070/7848 | map  12803 | icp ok  iter  6 corr  1640 rms 0.0730   19.14 ms | p=(  374.73   173.01  -3.15) v=7.56 m/s [KF]
[lio] t=1317401161.276 | feat 2032/7640 | map  12839 | icp ok  iter  5 corr  1625 rms 0.0829   16.17 ms | p=(  374.59   173.81  -3.21) v=7.84 m/s
[lio] t=1317401161.380 | feat 1950/7173 | map  12839 | icp ok  iter  4 corr  1552 rms 0.0818   12.43 ms | p=(  374.49   174.64  -3.26) v=8.10 m/s [KF]
[lio] t=1317401161.485 | feat 1875/6926 | map  12825 | icp ok  iter  4 corr  1489 rms 0.0897   11.36 ms | p=(  374.39   175.45  -3.32) v=8.06 m/s
[lio] t=1317401161.589 | feat 1770/6709 | map  12825 | icp ok  iter  5 corr  1385 rms 0.0673   13.28 ms | p=(  374.27   176.30  -3.37) v=8.31 m/s [KF]
[lio] t=1317401161.693 | feat 1687/6553 | map  12802 | icp ok  iter  4 corr  1346 rms 0.0457    9.56 ms | p=(  374.17   177.13  -3.42) v=8.27 m/s
[lio] t=1317401161.797 | feat 1616/6375 | map  12802 | icp ok  iter  5 corr  1286 rms 0.0611   12.54 ms | p=(  374.05   177.99  -3.48) v=8.43 m/s [KF]
[lio] t=1317401161.901 | feat 1711/6241 | map  12731 | icp ok  iter  5 corr  1387 rms 0.0606   14.13 ms | p=(  373.92   178.86  -3.53) v=8.61 m/s
[lio] t=1317401162.005 | feat 1577/6161 | map  12731 | icp ok  iter  4 corr  1262 rms 0.0632    9.37 ms | p=(  373.81   179.76  -3.59) v=8.80 m/s [KF]
[lio] t=1317401162.110 | feat 1570/6104 | map  12617 | icp ok  iter  5 corr  1281 rms 0.0610   11.51 ms | p=(  373.70   180.67  -3.65) v=8.93 m/s
[lio] t=1317401162.214 | feat 1509/6004 | map  12617 | icp ok  iter  4 corr  1175 rms 0.0729    9.65 ms | p=(  373.59   181.57  -3.71) v=8.92 m/s [KF]
[lio] t=1317401162.318 | feat 1479/5963 | map  12501 | icp ok  iter  4 corr  1142 rms 0.0536    8.96 ms | p=(  373.47   182.52  -3.77) v=9.25 m/s
[lio] t=1317401162.422 | feat 1379/5883 | map  12501 | icp ok  iter  5 corr  1022 rms 0.0950    9.73 ms | p=(  373.35   183.44  -3.84) v=9.22 m/s [KF]
[lio] t=1317401162.526 | feat 1343/5891 | map  12449 | icp ok  iter  7 corr  1026 rms 0.0698   13.05 ms | p=(  373.23   184.40  -3.90) v=9.39 m/s
[lio] t=1317401162.630 | feat 1288/5843 | map  12449 | icp ok  iter  4 corr   981 rms 0.0689    7.93 ms | p=(  373.11   185.35  -3.96) v=9.42 m/s [KF]
[lio] t=1317401162.734 | feat 1286/5812 | map  12371 | icp ok  iter  4 corr   996 rms 0.0658    7.25 ms | p=(  372.97   186.32  -4.02) v=9.58 m/s
[lio] t=1317401162.838 | feat 1179/5742 | map  12371 | icp ok  iter  4 corr   857 rms 0.0598    6.60 ms | p=(  372.83   187.29  -4.09) v=9.64 m/s [KF]
[lio] t=1317401162.942 | feat 1199/5888 | map  12230 | icp ok  iter  7 corr   897 rms 0.0588   12.49 ms | p=(  372.69   188.30  -4.16) v=9.91 m/s [KF]
[lio] t=1317401163.045 | feat 1148/5890 | map  12105 | icp ok  iter  4 corr   840 rms 0.0671    6.14 ms | p=(  372.57   189.32  -4.23) v=10.06 m/s [KF]
[lio] t=1317401163.149 | feat 1157/5941 | map  11882 | icp ok  iter  4 corr   834 rms 0.0721    6.46 ms | p=(  372.41   190.34  -4.30) v=10.11 m/s [KF]
[lio] t=1317401163.253 | feat 1212/6134 | map  11661 | icp ok  iter  5 corr   877 rms 0.0614    8.01 ms | p=(  372.25   191.40  -4.36) v=10.36 m/s [KF]
[lio] t=1317401163.357 | feat 1280/6393 | map  11506 | icp ok  iter  6 corr   979 rms 0.0707   10.50 ms | p=(  372.09   192.45  -4.44) v=10.41 m/s [KF]
[lio] t=1317401163.461 | feat 1357/6598 | map  11305 | icp ok  iter  4 corr   965 rms 0.0806    6.71 ms | p=(  371.93   193.49  -4.52) v=10.40 m/s [KF]
[lio] t=1317401163.565 | feat 1360/6613 | map  11201 | icp ok  iter  3 corr   997 rms 0.0792    5.64 ms | p=(  371.74   194.55  -4.60) v=10.47 m/s [KF]
[lio] t=1317401163.669 | feat 1269/6517 | map  10999 | icp ok  iter  5 corr   983 rms 0.0663    8.60 ms | p=(  371.56   195.62  -4.67) v=10.47 m/s [KF]
[lio] t=1317401163.773 | feat 1284/6481 | map  10746 | icp ok  iter  5 corr   964 rms 0.0669    9.04 ms | p=(  371.35   196.67  -4.73) v=10.42 m/s [KF]
[lio] t=1317401163.876 | feat 1239/6326 | map  10374 | icp ok  iter  3 corr   981 rms 0.0534    5.57 ms | p=(  371.15   197.72  -4.80) v=10.40 m/s [KF]
[lio] t=1317401163.980 | feat 1257/6195 | map   9898 | icp ok  iter  4 corr  1013 rms 0.0670    8.06 ms | p=(  370.91   198.77  -4.88) v=10.45 m/s [KF]
[lio] t=1317401164.084 | feat 1267/6068 | map   9386 | icp ok  iter  4 corr   994 rms 0.0577    7.16 ms | p=(  370.70   199.82  -4.95) v=10.43 m/s [KF]
[lio] t=1317401164.188 | feat 1297/6039 | map   8987 | icp ok  iter  4 corr  1066 rms 0.0620    7.74 ms | p=(  370.46   200.87  -5.00) v=10.43 m/s [KF]
[lio] t=1317401164.292 | feat 1405/6008 | map   8570 | icp ok  iter  4 corr  1194 rms 0.0670    8.92 ms | p=(  370.24   201.89  -5.07) v=10.27 m/s [KF]
[lio] t=1317401164.396 | feat 1245/5885 | map   8231 | icp ok  iter  3 corr  1028 rms 0.0736    5.28 ms | p=(  370.00   202.93  -5.13) v=10.33 m/s [KF]
[lio] t=1317401164.500 | feat 1257/5872 | map   7952 | icp ok  iter  3 corr  1073 rms 0.0540    5.93 ms | p=(  369.74   203.97  -5.19) v=10.34 m/s [KF]
[lio] t=1317401164.603 | feat 1270/5807 | map   7599 | icp ok  iter  4 corr  1060 rms 0.0554    7.46 ms | p=(  369.50   205.01  -5.25) v=10.32 m/s [KF]
[lio] t=1317401164.707 | feat 1191/5722 | map   7334 | icp ok  iter  4 corr  1008 rms 0.0626    7.10 ms | p=(  369.23   206.03  -5.31) v=10.23 m/s [KF]
[lio] t=1317401164.811 | feat 1122/5576 | map   7070 | icp ok  iter  4 corr   943 rms 0.1031    6.80 ms | p=(  368.99   207.04  -5.37) v=10.06 m/s [KF]
[lio] t=1317401164.915 | feat 1003/5530 | map   6853 | icp ok  iter  4 corr   852 rms 0.0599    5.89 ms | p=(  368.73   208.04  -5.43) v=9.90 m/s [KF]
[lio] t=1317401165.019 | feat 1013/5486 | map   6680 | icp ok  iter  4 corr   870 rms 0.0645    5.73 ms | p=(  368.46   209.03  -5.49) v=9.88 m/s [KF]
[lio] t=1317401165.123 | feat  941/5425 | map   6491 | icp ok  iter  5 corr   821 rms 0.0603    6.83 ms | p=(  368.21   210.00  -5.56) v=9.64 m/s
[lio] t=1317401165.227 | feat  918/5316 | map   6491 | icp ok  iter  5 corr   772 rms 0.0685    6.83 ms | p=(  367.96   210.90  -5.63) v=9.20 m/s [KF]
[lio] t=1317401165.331 | feat  953/5294 | map   6350 | icp ok  iter  3 corr   817 rms 0.0622    4.55 ms | p=(  367.71   211.88  -5.67) v=9.38 m/s [KF]
[lio] t=1317401165.435 | feat  977/5321 | map   6256 | icp ok  iter  5 corr   823 rms 0.0566    6.98 ms | p=(  367.48   212.78  -5.72) v=9.02 m/s
[lio] t=1317401165.539 | feat 1108/5285 | map   6256 | icp ok  iter  3 corr   957 rms 0.0788    4.87 ms | p=(  367.25   213.66  -5.78) v=8.81 m/s [KF]
[lio] t=1317401165.643 | feat 1108/5212 | map   6201 | icp ok  iter  4 corr   961 rms 0.0639    6.53 ms | p=(  367.02   214.51  -5.84) v=8.46 m/s
[lio] t=1317401165.747 | feat 1024/5131 | map   6201 | icp ok  iter  4 corr   870 rms 0.0640    5.93 ms | p=(  366.79   215.34  -5.89) v=8.27 m/s [KF]
[lio] t=1317401165.851 | feat 1138/5102 | map   6178 | icp ok  iter  3 corr   953 rms 0.0801    5.91 ms | p=(  366.58   216.16  -5.95) v=8.19 m/s
[lio] t=1317401165.955 | feat 1092/5126 | map   6178 | icp ok  iter  5 corr   896 rms 0.0803    8.19 ms | p=(  366.37   217.01  -6.00) v=8.36 m/s [KF]
[lio] t=1317401166.059 | feat 1188/5088 | map   6121 | icp ok  iter  4 corr   995 rms 0.0612    6.57 ms | p=(  366.18   217.81  -6.05) v=8.10 m/s
[lio] t=1317401166.163 | feat 1103/5074 | map   6121 | icp ok  iter  4 corr   898 rms 0.0745    5.93 ms | p=(  365.97   218.62  -6.10) v=8.11 m/s [KF]
[lio] t=1317401166.267 | feat 1098/5052 | map   6146 | icp ok  iter  4 corr   911 rms 0.0700    6.38 ms | p=(  365.76   219.46  -6.16) v=8.29 m/s
[lio] t=1317401166.371 | feat 1089/5049 | map   6146 | icp ok  iter  5 corr   874 rms 0.0699    8.28 ms | p=(  365.56   220.25  -6.21) v=8.04 m/s [KF]
[lio] t=1317401166.475 | feat 1117/5020 | map   6196 | icp ok  iter  4 corr   943 rms 0.1136    6.59 ms | p=(  365.36   221.08  -6.26) v=8.16 m/s
[lio] t=1317401166.579 | feat 1051/4990 | map   6196 | icp ok  iter  5 corr   846 rms 0.1134    7.58 ms | p=(  365.17   221.87  -6.31) v=7.98 m/s [KF]
[lio] t=1317401166.683 | feat 1022/5121 | map   6157 | icp ok  iter  3 corr   850 rms 0.0689    4.61 ms | p=(  364.98   222.69  -6.36) v=8.08 m/s
[lio] t=1317401166.787 | feat 1107/5103 | map   6157 | icp ok  iter  5 corr   941 rms 0.0799    8.44 ms | p=(  364.81   223.50  -6.42) v=8.08 m/s [KF]
[lio] t=1317401166.891 | feat 1093/5171 | map   6148 | icp ok  iter  5 corr   866 rms 0.0892    7.80 ms | p=(  364.64   224.31  -6.47) v=8.03 m/s
[lio] t=1317401166.995 | feat 1174/5216 | map   6148 | icp ok  iter  5 corr   971 rms 0.0842    8.76 ms | p=(  364.45   225.09  -6.54) v=7.91 m/s [KF]
[lio] t=1317401167.099 | feat 1036/5080 | map   6109 | icp ok  iter  4 corr   852 rms 0.0778    6.24 ms | p=(  364.29   225.92  -6.58) v=8.05 m/s
[lio] t=1317401167.203 | feat 1132/5174 | map   6109 | icp ok  iter  4 corr   909 rms 0.0893    6.17 ms | p=(  364.11   226.72  -6.62) v=8.00 m/s [KF]
[lio] t=1317401167.307 | feat 1013/5252 | map   6131 | icp ok  iter  4 corr   813 rms 0.0651    5.75 ms | p=(  363.94   227.51  -6.68) v=7.90 m/s
[lio] t=1317401167.411 | feat 1095/5319 | map   6131 | icp ok  iter  5 corr   886 rms 0.0723    8.04 ms | p=(  363.79   228.34  -6.75) v=8.07 m/s [KF]
[lio] t=1317401167.515 | feat 1006/5243 | map   6158 | icp ok  iter  5 corr   823 rms 0.0586    7.32 ms | p=(  363.64   229.13  -6.81) v=7.99 m/s
[lio] t=1317401167.619 | feat 1018/5317 | map   6158 | icp ok  iter  5 corr   807 rms 0.0820    7.19 ms | p=(  363.48   229.94  -6.87) v=8.05 m/s [KF]
[lio] t=1317401167.723 | feat 1018/5178 | map   6180 | icp ok  iter  4 corr   824 rms 0.0802    5.97 ms | p=(  363.32   230.77  -6.94) v=8.19 m/s
[lio] t=1317401167.827 | feat 1021/5158 | map   6180 | icp ok  iter  5 corr   760 rms 0.1039    7.28 ms | p=(  363.17   231.58  -7.00) v=8.16 m/s [KF]
[lio] t=1317401167.931 | feat 1018/5130 | map   6216 | icp ok  iter  3 corr   778 rms 0.0606    4.18 ms | p=(  363.00   232.42  -7.06) v=8.28 m/s
[lio] t=1317401168.035 | feat 1010/5166 | map   6216 | icp ok  iter 12 corr   716 rms 0.1020   15.60 ms | p=(  362.84   233.29  -7.13) v=8.46 m/s [KF]
[lio] t=1317401168.139 | feat 1052/5157 | map   6310 | icp ok  iter  5 corr   799 rms 0.0878    6.98 ms | p=(  362.69   234.09  -7.19) v=8.16 m/s
[lio] t=1317401168.243 | feat 1046/5236 | map   6310 | icp ok  iter  3 corr   754 rms 0.0683    4.17 ms | p=(  362.54   234.92  -7.25) v=8.17 m/s [KF]
[lio] t=1317401168.347 | feat 1080/5210 | map   6400 | icp ok  iter  3 corr   777 rms 0.0582    3.98 ms | p=(  362.38   235.75  -7.31) v=8.20 m/s
[lio] t=1317401168.451 | feat 1134/5210 | map   6400 | icp ok  iter  3 corr   825 rms 0.0668    4.23 ms | p=(  362.21   236.58  -7.38) v=8.22 m/s [KF]
[lio] t=1317401168.555 | feat 1144/5246 | map   6477 | icp ok  iter  7 corr   826 rms 0.0743   10.59 ms | p=(  362.07   237.39  -7.43) v=8.09 m/s
[lio] t=1317401168.659 | feat 1111/5310 | map   6477 | icp ok  iter  3 corr   783 rms 0.0764    4.64 ms | p=(  361.90   238.21  -7.49) v=8.12 m/s [KF]
[lio] t=1317401168.763 | feat 1096/5328 | map   6514 | icp ok  iter  4 corr   785 rms 0.0740    5.57 ms | p=(  361.74   239.02  -7.55) v=8.07 m/s
[lio] t=1317401168.867 | feat 1154/5399 | map   6514 | icp ok  iter  4 corr   793 rms 0.0934    5.49 ms | p=(  361.58   239.85  -7.62) v=8.17 m/s [KF]
[lio] t=1317401168.971 | feat 1137/5467 | map   6549 | icp ok  iter  6 corr   774 rms 0.0679    8.20 ms | p=(  361.40   240.68  -7.68) v=8.24 m/s
[lio] t=1317401169.075 | feat 1228/5567 | map   6549 | icp ok  iter  4 corr   875 rms 0.0743    6.68 ms | p=(  361.23   241.49  -7.73) v=8.18 m/s [KF]
[lio] t=1317401169.179 | feat 1236/5648 | map   6597 | icp ok  iter  6 corr   929 rms 0.0628    9.70 ms | p=(  361.06   242.31  -7.80) v=8.22 m/s
[lio] t=1317401169.283 | feat 1296/5581 | map   6597 | icp ok  iter  5 corr   919 rms 0.0763    8.66 ms | p=(  360.90   243.15  -7.87) v=8.33 m/s [KF]
[lio] t=1317401169.387 | feat 1359/5582 | map   6617 | icp ok  iter  4 corr   992 rms 0.0975    7.77 ms | p=(  360.72   243.99  -7.94) v=8.39 m/s
[lio] t=1317401169.491 | feat 1363/5641 | map   6617 | icp ok  iter  4 corr   963 rms 0.0758    7.08 ms | p=(  360.53   244.84  -7.99) v=8.45 m/s [KF]
[lio] t=1317401169.595 | feat 1348/5752 | map   6669 | icp ok  iter  4 corr   978 rms 0.0722    6.96 ms | p=(  360.35   245.69  -8.05) v=8.51 m/s
[lio] t=1317401169.699 | feat 1310/5871 | map   6669 | icp ok  iter  5 corr   921 rms 0.0817    9.05 ms | p=(  360.17   246.58  -8.13) v=8.77 m/s [KF]
[lio] t=1317401169.803 | feat 1310/5800 | map   6706 | icp ok  iter  4 corr   965 rms 0.0806    6.72 ms | p=(  359.99   247.46  -8.20) v=8.82 m/s
[lio] t=1317401169.906 | feat 1292/5813 | map   6706 | icp ok  iter  6 corr   913 rms 0.0714    9.48 ms | p=(  359.82   248.29  -8.27) v=8.52 m/s [KF]
[lio] t=1317401170.010 | feat 1418/5908 | map   6768 | icp ok  iter  4 corr  1022 rms 0.0683    6.67 ms | p=(  359.63   249.17  -8.33) v=8.74 m/s
[lio] t=1317401170.114 | feat 1325/5948 | map   6768 | icp ok  iter  3 corr   924 rms 0.0934    5.07 ms | p=(  359.43   250.07  -8.41) v=8.92 m/s [KF]
[lio] t=1317401170.218 | feat 1367/5923 | map   6767 | icp ok  iter  6 corr  1029 rms 0.0703   10.48 ms | p=(  359.24   250.96  -8.47) v=8.94 m/s
[lio] t=1317401170.322 | feat 1350/6040 | map   6767 | icp ok  iter  4 corr   997 rms 0.0607    6.90 ms | p=(  359.07   251.88  -8.54) v=9.12 m/s [KF]
[lio] t=1317401170.426 | feat 1274/6146 | map   6830 | icp ok  iter  5 corr   972 rms 0.0681    8.17 ms | p=(  358.86   252.83  -8.62) v=9.37 m/s
[lio] t=1317401170.530 | feat 1343/6201 | map   6830 | icp ok  iter  6 corr  1003 rms 0.0605   11.24 ms | p=(  358.67   253.70  -8.69) v=8.97 m/s [KF]
[lio] t=1317401170.634 | feat 1357/6349 | map   6792 | icp ok  iter  5 corr  1032 rms 0.0796    9.30 ms | p=(  358.47   254.64  -8.76) v=9.22 m/s
[lio] t=1317401170.738 | feat 1401/6398 | map   6792 | icp ok  iter  4 corr  1066 rms 0.0949    7.92 ms | p=(  358.28   255.58  -8.82) v=9.35 m/s [KF]
[lio] t=1317401170.842 | feat 1380/6429 | map   6853 | icp ok  iter  4 corr  1092 rms 0.0722    8.64 ms | p=(  358.09   256.51  -8.89) v=9.26 m/s
[lio] t=1317401170.946 | feat 1329/6374 | map   6853 | icp ok  iter  4 corr  1012 rms 0.0692    6.93 ms | p=(  357.90   257.46  -8.96) v=9.41 m/s [KF]
[lio] t=1317401171.050 | feat 1408/6259 | map   6890 | icp ok  iter  5 corr  1131 rms 0.1016    9.86 ms | p=(  357.71   258.37  -9.02) v=9.15 m/s
[lio] t=1317401171.154 | feat 1405/6132 | map   6890 | icp ok  iter  4 corr  1143 rms 0.0948    8.94 ms | p=(  357.51   259.32  -9.08) v=9.38 m/s [KF]
[lio] t=1317401171.258 | feat 1389/6102 | map   6910 | icp ok  iter  5 corr  1172 rms 0.0736    9.49 ms | p=(  357.32   260.26  -9.14) v=9.34 m/s
[lio] t=1317401171.362 | feat 1419/6227 | map   6910 | icp ok  iter  6 corr  1158 rms 0.0607   11.76 ms | p=(  357.14   261.16  -9.21) v=9.08 m/s [KF]
[lio] t=1317401171.466 | feat 1380/6249 | map   6876 | icp ok  iter  7 corr  1137 rms 0.0536   13.41 ms | p=(  356.94   262.13  -9.27) v=9.42 m/s
[lio] t=1317401171.569 | feat 1462/6248 | map   6876 | icp ok  iter  5 corr  1177 rms 0.0607   10.47 ms | p=(  356.75   263.05  -9.33) v=9.21 m/s [KF]
[lio] t=1317401171.673 | feat 1324/6219 | map   6854 | icp ok  iter  4 corr  1121 rms 0.0537    7.51 ms | p=(  356.56   263.99  -9.39) v=9.25 m/s
[lio] t=1317401171.777 | feat 1248/6103 | map   6854 | icp ok  iter  5 corr  1011 rms 0.0486    8.99 ms | p=(  356.38   264.91  -9.46) v=9.15 m/s [KF]
[lio] t=1317401171.881 | feat 1304/6029 | map   6858 | icp ok  iter  3 corr  1083 rms 0.0555    6.08 ms | p=(  356.20   265.84  -9.52) v=9.20 m/s
[lio] t=1317401171.985 | feat 1286/5922 | map   6858 | icp ok  iter  5 corr  1075 rms 0.0857    9.45 ms | p=(  356.02   266.75  -9.59) v=9.06 m/s [KF]
[lio] t=1317401172.089 | feat 1260/5930 | map   6827 | icp ok  iter  4 corr  1039 rms 0.0751    7.10 ms | p=(  355.86   267.64  -9.64) v=8.89 m/s
[lio] t=1317401172.193 | feat 1256/5810 | map   6827 | icp ok  iter  5 corr  1007 rms 0.0869    8.97 ms | p=(  355.67   268.57  -9.73) v=9.10 m/s [KF]
[lio] t=1317401172.297 | feat 1213/5768 | map   6848 | icp ok  iter  3 corr   993 rms 0.0551    4.74 ms | p=(  355.50   269.50  -9.78) v=9.15 m/s
[lio] t=1317401172.401 | feat 1215/5859 | map   6848 | icp ok  iter  5 corr   931 rms 0.0609    8.98 ms | p=(  355.30   270.42  -9.84) v=9.09 m/s [KF]
[lio] t=1317401172.505 | feat 1201/5824 | map   6867 | icp ok  iter  6 corr   977 rms 0.0462   10.04 ms | p=(  355.14   271.27  -9.90) v=8.70 m/s
[lio] t=1317401172.609 | feat 1276/5783 | map   6867 | icp ok  iter  4 corr  1032 rms 0.0653    7.84 ms | p=(  354.97   272.18  -9.97) v=8.84 m/s [KF]
[lio] t=1317401172.713 | feat 1292/5831 | map   6794 | icp ok  iter  4 corr  1047 rms 0.0603    7.32 ms | p=(  354.80   273.07 -10.04) v=8.84 m/s
[lio] t=1317401172.817 | feat 1278/5879 | map   6794 | icp ok  iter  5 corr  1016 rms 0.0661    9.02 ms | p=(  354.62   273.93 -10.09) v=8.65 m/s [KF]
[lio] t=1317401172.921 | feat 1306/5913 | map   6770 | icp ok  iter  5 corr  1044 rms 0.0510    8.65 ms | p=(  354.45   274.83 -10.16) v=8.77 m/s
[lio] t=1317401173.024 | feat 1346/5913 | map   6770 | icp ok  iter  4 corr  1047 rms 0.0567    7.40 ms | p=(  354.28   275.73 -10.23) v=8.81 m/s [KF]
[lio] t=1317401173.128 | feat 1359/5905 | map   6803 | icp ok  iter  4 corr  1058 rms 0.0606    7.99 ms | p=(  354.11   276.61 -10.30) v=8.71 m/s
[lio] t=1317401173.232 | feat 1429/5923 | map   6803 | icp ok  iter  6 corr  1058 rms 0.0527   11.32 ms | p=(  353.95   277.47 -10.36) v=8.52 m/s [KF]
[lio] t=1317401173.336 | feat 1335/5915 | map   6943 | icp ok  iter  5 corr  1056 rms 0.0554    9.45 ms | p=(  353.77   278.35 -10.42) v=8.60 m/s
[lio] t=1317401173.440 | feat 1342/5992 | map   6943 | icp ok  iter  9 corr  1001 rms 0.0580   17.10 ms | p=(  353.63   279.08 -10.47) v=7.73 m/s [KF]
[lio] t=1317401173.544 | feat 1419/6044 | map   7023 | icp ok  iter  6 corr  1103 rms 0.0913   11.03 ms | p=(  353.45   280.02 -10.54) v=8.66 m/s
[lio] t=1317401173.648 | feat 1318/6062 | map   7023 | icp ok  iter  7 corr  1022 rms 0.0712   12.17 ms | p=(  353.29   280.85 -10.60) v=8.35 m/s [KF]
[lio] t=1317401173.752 | feat 1277/6157 | map   7092 | icp ok  iter  4 corr   965 rms 0.0623    6.57 ms | p=(  353.12   281.69 -10.66) v=8.37 m/s
[lio] t=1317401173.856 | feat 1295/6220 | map   7092 | icp ok  iter  5 corr   974 rms 0.0681    8.57 ms | p=(  353.00   282.51 -10.73) v=8.18 m/s [KF]
[lio] t=1317401173.960 | feat 1387/6240 | map   7193 | icp ok  iter  5 corr  1076 rms 0.0550    9.26 ms | p=(  352.81   283.38 -10.80) v=8.46 m/s
[lio] t=1317401174.064 | feat 1398/6226 | map   7193 | icp ok  iter  3 corr  1027 rms 0.0693    5.67 ms | p=(  352.64   284.24 -10.86) v=8.47 m/s [KF]
[lio] t=1317401174.168 | feat 1436/6245 | map   7366 | icp ok  iter  4 corr  1091 rms 0.0659    7.88 ms | p=(  352.49   285.04 -10.91) v=8.14 m/s
[lio] t=1317401174.272 | feat 1463/6201 | map   7366 | icp ok  iter  6 corr  1124 rms 0.0846   12.37 ms | p=(  352.32   285.87 -10.99) v=8.19 m/s [KF]
[lio] t=1317401174.376 | feat 1507/6274 | map   7466 | icp ok  iter  7 corr  1145 rms 0.0732   14.17 ms | p=(  352.18   286.62 -11.04) v=7.77 m/s
[lio] t=1317401174.480 | feat 1591/6241 | map   7466 | icp ok  iter  5 corr  1233 rms 0.0591   11.70 ms | p=(  352.01   287.47 -11.11) v=8.14 m/s [KF]
[lio] t=1317401174.584 | feat 1605/6312 | map   7539 | icp ok  iter  9 corr  1233 rms 0.0621   19.23 ms | p=(  351.85   288.26 -11.17) v=7.94 m/s
[lio] t=1317401174.688 | feat 1559/6351 | map   7539 | icp ok  iter  5 corr  1178 rms 0.0651   10.84 ms | p=(  351.67   289.08 -11.24) v=8.12 m/s [KF]
[lio] t=1317401174.792 | feat 1551/6394 | map   7586 | icp ok  iter 11 corr  1222 rms 0.0778   25.85 ms | p=(  351.53   289.83 -11.31) v=7.76 m/s
[lio] t=1317401174.896 | feat 1485/6476 | map   7586 | icp ok  iter  6 corr  1120 rms 0.0655   12.03 ms | p=(  351.34   290.66 -11.38) v=8.14 m/s [KF]
[lio] t=1317401175.000 | feat 1595/6407 | map   7556 | icp ok  iter  9 corr  1232 rms 0.0490   19.11 ms | p=(  351.13   291.62 -11.46) v=9.03 m/s
[lio] t=1317401175.104 | feat 1435/6479 | map   7556 | icp ok  iter 11 corr  1064 rms 0.0699   21.91 ms | p=(  350.96   292.38 -11.51) v=8.19 m/s [KF]
[lio] t=1317401175.208 | feat 1507/6566 | map   7595 | icp ok  iter  4 corr  1131 rms 0.0641    8.08 ms | p=(  350.79   293.22 -11.58) v=8.30 m/s
[lio] t=1317401175.312 | feat 1497/6513 | map   7595 | icp ok  iter  5 corr  1106 rms 0.0604   10.71 ms | p=(  350.62   294.06 -11.65) v=8.37 m/s [KF]
[lio] t=1317401175.416 | feat 1418/6492 | map   7613 | icp ok  iter  6 corr  1084 rms 0.0548   10.83 ms | p=(  350.43   294.91 -11.72) v=8.47 m/s
[lio] t=1317401175.520 | feat 1444/6549 | map   7613 | icp ok  iter  5 corr  1072 rms 0.0519    9.35 ms | p=(  350.25   295.74 -11.79) v=8.39 m/s [KF]
[lio] t=1317401175.624 | feat 1541/6539 | map   7626 | icp ok  iter  5 corr  1146 rms 0.0481    9.67 ms | p=(  350.05   296.62 -11.86) v=8.67 m/s
[lio] t=1317401175.728 | feat 1553/6564 | map   7626 | icp ok  iter  7 corr  1175 rms 0.0545   13.35 ms | p=(  349.87   297.44 -11.93) v=8.43 m/s [KF]
[lio] t=1317401175.832 | feat 1473/6580 | map   7641 | icp ok  iter  5 corr  1112 rms 0.0509    9.30 ms | p=(  349.66   298.31 -12.00) v=8.63 m/s
[lio] t=1317401175.935 | feat 1438/6606 | map   7641 | icp ok  iter  5 corr  1056 rms 0.0942    9.48 ms | p=(  349.49   299.16 -12.07) v=8.52 m/s [KF]
[lio] t=1317401176.039 | feat 1576/6679 | map   7621 | icp ok  iter  5 corr  1167 rms 0.0836   10.55 ms | p=(  349.28   300.03 -12.14) v=8.66 m/s
[lio] t=1317401176.143 | feat 1498/6631 | map   7621 | icp ok  iter  4 corr  1098 rms 0.0694    8.09 ms | p=(  349.08   300.90 -12.21) v=8.72 m/s [KF]
[lio] t=1317401176.247 | feat 1499/6706 | map   7601 | icp ok  iter  5 corr  1112 rms 0.0595    9.61 ms | p=(  348.89   301.77 -12.29) v=8.65 m/s
[lio] t=1317401176.351 | feat 1483/6753 | map   7601 | icp ok  iter  4 corr  1060 rms 0.0553    7.29 ms | p=(  348.70   302.62 -12.36) v=8.61 m/s [KF]
[lio] t=1317401176.455 | feat 1533/6747 | map   7539 | icp ok  iter  4 corr  1097 rms 0.0578    7.84 ms | p=(  348.51   303.48 -12.43) v=8.58 m/s
[lio] t=1317401176.559 | feat 1473/6796 | map   7539 | icp ok  iter  4 corr  1037 rms 0.1012    7.26 ms | p=(  348.30   304.37 -12.51) v=8.75 m/s [KF]
[lio] t=1317401176.663 | feat 1485/6710 | map   7515 | icp ok  iter  6 corr  1070 rms 0.0505   10.61 ms | p=(  348.12   305.20 -12.57) v=8.49 m/s
[lio] t=1317401176.767 | feat 1515/6788 | map   7515 | icp ok  iter  5 corr  1117 rms 0.0537    9.84 ms | p=(  347.93   306.04 -12.63) v=8.38 m/s [KF]
[lio] t=1317401176.871 | feat 1580/6850 | map   7441 | icp ok  iter  4 corr  1181 rms 0.0594    8.61 ms | p=(  347.73   306.91 -12.70) v=8.59 m/s
[lio] t=1317401176.975 | feat 1627/6867 | map   7441 | icp ok  iter  5 corr  1161 rms 0.0828   10.33 ms | p=(  347.55   307.75 -12.78) v=8.43 m/s [KF]
[lio] t=1317401177.079 | feat 1656/6888 | map   7444 | icp ok  iter  4 corr  1203 rms 0.0629    9.28 ms | p=(  347.36   308.60 -12.86) v=8.44 m/s
[lio] t=1317401177.183 | feat 1662/7054 | map   7444 | icp ok  iter  4 corr  1163 rms 0.0592    7.81 ms | p=(  347.15   309.45 -12.93) v=8.51 m/s [KF]
[lio] t=1317401177.287 | feat 1765/7098 | map   7414 | icp ok  iter  5 corr  1284 rms 0.0542   10.76 ms | p=(  346.96   310.29 -12.99) v=8.41 m/s
[lio] t=1317401177.391 | feat 1688/7158 | map   7414 | icp ok  iter  5 corr  1229 rms 0.0534   10.66 ms | p=(  346.78   311.13 -13.06) v=8.31 m/s [KF]
[lio] t=1317401177.495 | feat 1697/7347 | map   7479 | icp ok  iter  5 corr  1258 rms 0.0738   12.15 ms | p=(  346.59   312.01 -13.14) v=8.52 m/s
[lio] t=1317401177.599 | feat 1820/7533 | map   7479 | icp ok  iter  5 corr  1358 rms 0.0675   11.32 ms | p=(  346.41   312.81 -13.21) v=8.17 m/s [KF]
[lio] t=1317401177.702 | feat 1936/7691 | map   7596 | icp ok  iter  6 corr  1472 rms 0.0596   15.68 ms | p=(  346.27   313.59 -13.26) v=7.81 m/s
[lio] t=1317401177.806 | feat 1953/7967 | map   7596 | icp ok  iter  6 corr  1390 rms 0.0815   16.57 ms | p=(  346.11   314.43 -13.33) v=8.04 m/s [KF]
[lio] t=1317401177.910 | feat 2101/8072 | map   7807 | icp ok  iter  5 corr  1601 rms 0.0602   13.31 ms | p=(  345.95   315.16 -13.39) v=7.53 m/s
[lio] t=1317401178.014 | feat 2193/8036 | map   7807 | icp ok  iter  4 corr  1617 rms 0.0585   10.58 ms | p=(  345.80   315.94 -13.46) v=7.57 m/s [KF]
[lio] t=1317401178.118 | feat 2247/8173 | map   8030 | icp ok  iter  4 corr  1699 rms 0.0483   11.67 ms | p=(  345.65   316.68 -13.50) v=7.33 m/s
[lio] t=1317401178.222 | feat 2485/8357 | map   8030 | icp ok  iter  4 corr  1898 rms 0.0548   13.19 ms | p=(  345.54   317.41 -13.56) v=7.14 m/s [KF]
[lio] t=1317401178.326 | feat 2531/8553 | map   8282 | icp ok  iter  6 corr  1982 rms 0.0527   23.02 ms | p=(  345.42   318.12 -13.62) v=6.95 m/s
[lio] t=1317401178.430 | feat 2661/8860 | map   8282 | icp ok  iter  4 corr  2021 rms 0.0532   14.14 ms | p=(  345.31   318.81 -13.67) v=6.70 m/s [KF]
[lio] t=1317401178.535 | feat 2638/9027 | map   8477 | icp ok  iter  5 corr  2068 rms 0.0591   18.29 ms | p=(  345.21   319.48 -13.73) v=6.50 m/s
[lio] t=1317401178.639 | feat 2773/9268 | map   8477 | icp ok  iter  3 corr  2145 rms 0.0524   11.27 ms | p=(  345.13   320.15 -13.78) v=6.41 m/s [KF]
[lio] t=1317401178.743 | feat 2847/9578 | map   8684 | icp ok  iter  4 corr  2268 rms 0.0515   17.24 ms | p=(  345.05   320.77 -13.82) v=6.05 m/s
[lio] t=1317401178.847 | feat 2973/9811 | map   8684 | icp ok  iter  4 corr  2307 rms 0.0550   17.03 ms | p=(  345.00   321.38 -13.87) v=5.87 m/s [KF]
[lio] t=1317401178.951 | feat 3109/9929 | map   8948 | icp ok  iter  4 corr  2418 rms 0.0490   16.78 ms | p=(  344.97   321.96 -13.91) v=5.65 m/s
[lio] t=1317401179.055 | feat 3178/10136 | map   8948 | icp ok  iter  3 corr  2409 rms 0.0534   14.26 ms | p=(  344.93   322.54 -13.95) v=5.57 m/s [KF]
[lio] t=1317401179.159 | feat 3626/10665 | map   9319 | icp ok  iter  5 corr  2827 rms 0.0588   27.41 ms | p=(  344.91   323.08 -13.99) v=5.28 m/s
[lio] t=1317401179.263 | feat 3757/11131 | map   9319 | icp ok  iter  4 corr  2835 rms 0.0631   22.43 ms | p=(  344.92   323.62 -14.03) v=5.16 m/s [KF]
[lio] t=1317401179.368 | feat 3913/11437 | map   9915 | icp ok  iter  5 corr  3174 rms 0.0563   31.06 ms | p=(  344.91   324.11 -14.07) v=4.84 m/s
[lio] t=1317401179.472 | feat 3960/11690 | map   9915 | icp ok  iter  6 corr  3161 rms 0.0543   36.35 ms | p=(  344.91   324.60 -14.12) v=4.73 m/s
[lio] t=1317401179.576 | feat 4044/12132 | map   9915 | icp ok  iter  7 corr  3138 rms 0.0617   43.67 ms | p=(  344.91   325.06 -14.16) v=4.49 m/s [KF]
[lio] t=1317401179.680 | feat 4225/12471 | map  10605 | icp ok  iter  5 corr  3455 rms 0.0651   32.76 ms | p=(  344.96   325.51 -14.19) v=4.42 m/s
[lio] t=1317401179.784 | feat 4217/12700 | map  10605 | icp ok  iter  5 corr  3414 rms 0.0618   34.66 ms | p=(  345.03   325.98 -14.23) v=4.53 m/s
[lio] t=1317401179.889 | feat 4387/12911 | map  10605 | icp ok  iter  5 corr  3565 rms 0.0643   35.05 ms | p=(  345.12   326.46 -14.26) v=4.67 m/s [KF]
[lio] t=1317401179.993 | feat 4334/13197 | map  11234 | icp ok  iter  4 corr  3608 rms 0.0573   27.60 ms | p=(  345.23   326.93 -14.29) v=4.70 m/s
[lio] t=1317401180.097 | feat 4309/13428 | map  11234 | icp ok  iter  6 corr  3562 rms 0.0552   43.66 ms | p=(  345.35   327.38 -14.33) v=4.61 m/s
[lio] t=1317401180.201 | feat 4244/13465 | map  11234 | icp ok  iter  5 corr  3565 rms 0.0573   35.16 ms | p=(  345.47   327.82 -14.37) v=4.49 m/s [KF]
[lio] t=1317401180.305 | feat 4235/13468 | map  11654 | icp ok  iter  4 corr  3607 rms 0.0601   27.90 ms | p=(  345.64   328.27 -14.40) v=4.58 m/s
[lio] t=1317401180.409 | feat 4126/13672 | map  11654 | icp ok  iter  4 corr  3499 rms 0.0507   27.50 ms | p=(  345.85   328.69 -14.43) v=4.58 m/s
[lio] t=1317401180.514 | feat 4162/13740 | map  11654 | icp ok  iter  4 corr  3498 rms 0.0514   25.93 ms | p=(  346.05   329.13 -14.45) v=4.67 m/s [KF]
[lio] t=1317401180.618 | feat 4266/13768 | map  12006 | icp ok  iter  5 corr  3625 rms 0.0612   35.74 ms | p=(  346.19   329.51 -14.48) v=4.29 m/s
[lio] t=1317401180.722 | feat 4221/13719 | map  12006 | icp ok  iter  7 corr  3516 rms 0.0611   48.93 ms | p=(  346.45   329.95 -14.54) v=4.79 m/s
[lio] t=1317401180.826 | feat 4090/13573 | map  12006 | icp ok  iter  5 corr  3453 rms 0.0576   34.53 ms | p=(  346.72   330.35 -14.58) v=4.83 m/s [KF]
[lio] t=1317401180.930 | feat 4254/13780 | map  12306 | icp ok  iter  4 corr  3548 rms 0.0459   24.33 ms | p=(  347.03   330.77 -14.60) v=5.14 m/s
[lio] t=1317401181.034 | feat 4082/13808 | map  12306 | icp ok  iter  6 corr  3408 rms 0.0462   41.36 ms | p=(  347.36   331.17 -14.62) v=5.22 m/s [KF]
[lio] t=1317401181.138 | feat 4150/13914 | map  12616 | icp ok  iter  6 corr  3471 rms 0.0632   40.86 ms | p=(  347.68   331.56 -14.64) v=5.17 m/s
[lio] t=1317401181.242 | feat 4261/13914 | map  12616 | icp ok  iter  6 corr  3478 rms 0.0632   42.22 ms | p=(  348.01   331.95 -14.69) v=5.19 m/s [KF]
[lio] t=1317401181.346 | feat 4300/13951 | map  12974 | icp ok  iter  6 corr  3625 rms 0.0567   44.46 ms | p=(  348.39   332.34 -14.74) v=5.38 m/s
[lio] t=1317401181.450 | feat 4270/14107 | map  12974 | icp ok  iter  4 corr  3518 rms 0.0532   31.25 ms | p=(  348.83   332.76 -14.76) v=5.80 m/s [KF]
[lio] t=1317401181.554 | feat 4186/14124 | map  13228 | icp ok  iter  6 corr  3446 rms 0.0499   40.24 ms | p=(  349.32   333.16 -14.79) v=6.15 m/s
[lio] t=1317401181.659 | feat 4221/14150 | map  13228 | icp ok  iter  4 corr  3436 rms 0.0555   26.22 ms | p=(  349.84   333.56 -14.82) v=6.36 m/s [KF]
[lio] t=1317401181.763 | feat 4214/14137 | map  13490 | icp ok  iter  5 corr  3518 rms 0.0521   32.65 ms | p=(  350.35   333.92 -14.87) v=6.34 m/s
[lio] t=1317401181.867 | feat 4182/14103 | map  13490 | icp ok  iter  6 corr  3431 rms 0.0516   39.67 ms | p=(  350.95   334.32 -14.89) v=6.84 m/s [KF]
[lio] t=1317401181.970 | feat 4144/14112 | map  13740 | icp ok  iter  5 corr  3413 rms 0.0442   29.71 ms | p=(  351.53   334.65 -14.92) v=6.71 m/s
[lio] t=1317401182.074 | feat 4142/13904 | map  13740 | icp ok  iter  4 corr  3411 rms 0.0470   26.08 ms | p=(  352.19   335.00 -14.95) v=7.14 m/s [KF]
[lio] t=1317401182.178 | feat 4170/13807 | map  13911 | icp ok  iter  4 corr  3396 rms 0.0491   25.38 ms | p=(  352.84   335.33 -14.97) v=7.23 m/s
[lio] t=1317401182.282 | feat 4112/13752 | map  13911 | icp ok  iter  5 corr  3340 rms 0.0514   32.22 ms | p=(  353.52   335.61 -15.00) v=7.29 m/s [KF]
[lio] t=1317401182.386 | feat 4152/13713 | map  14070 | icp ok  iter  6 corr  3401 rms 0.0551   37.71 ms | p=(  354.26   335.90 -15.02) v=7.63 m/s
[lio] t=1317401182.489 | feat 4087/13544 | map  14070 | icp ok  iter  8 corr  3277 rms 0.0576   49.30 ms | p=(  354.94   336.15 -15.04) v=7.38 m/s [KF]
[lio] t=1317401182.593 | feat 4193/13411 | map  14288 | icp ok  iter  4 corr  3423 rms 0.0509   27.71 ms | p=(  355.72   336.42 -15.07) v=7.87 m/s
[lio] t=1317401182.697 | feat 4262/13540 | map  14288 | icp ok  iter  5 corr  3480 rms 0.0550   32.52 ms | p=(  356.50   336.65 -15.09) v=7.94 m/s [KF]
[lio] t=1317401182.800 | feat 4278/13658 | map  14467 | icp ok  iter  5 corr  3442 rms 0.0495   32.25 ms | p=(  357.29   336.88 -15.11) v=8.11 m/s
[lio] t=1317401182.904 | feat 4389/13543 | map  14467 | icp ok  iter  4 corr  3547 rms 0.0573   28.23 ms | p=(  358.12   337.09 -15.14) v=8.29 m/s [KF]
[lio] t=1317401183.008 | feat 4398/13614 | map  14723 | icp ok  iter  5 corr  3562 rms 0.0580   32.18 ms | p=(  358.96   337.28 -15.16) v=8.43 m/s
[lio] t=1317401183.111 | feat 4257/13509 | map  14723 | icp ok  iter  4 corr  3401 rms 0.0484   25.46 ms | p=(  359.80   337.48 -15.19) v=8.52 m/s [KF]
[lio] t=1317401183.215 | feat 4316/13540 | map  14913 | icp ok  iter  5 corr  3407 rms 0.0539   33.63 ms | p=(  360.66   337.67 -15.21) v=8.66 m/s
[lio] t=1317401183.319 | feat 4406/13497 | map  14913 | icp ok  iter  5 corr  3504 rms 0.0662   34.14 ms | p=(  361.58   337.86 -15.23) v=9.02 m/s [KF]
[lio] t=1317401183.422 | feat 4160/13641 | map  15140 | icp ok  iter  7 corr  3331 rms 0.0512   44.24 ms | p=(  362.47   338.04 -15.25) v=8.97 m/s
[lio] t=1317401183.526 | feat 4083/13551 | map  15140 | icp ok  iter  5 corr  3158 rms 0.0525   29.37 ms | p=(  363.39   338.23 -15.27) v=9.12 m/s [KF]
[lio] t=1317401183.630 | feat 4021/13612 | map  15315 | icp ok  iter  5 corr  3146 rms 0.0570   30.27 ms | p=(  364.29   338.40 -15.29) v=9.01 m/s
[lio] t=1317401183.733 | feat 3959/13441 | map  15315 | icp ok  iter  4 corr  3045 rms 0.0509   23.98 ms | p=(  365.23   338.59 -15.30) v=9.28 m/s [KF]
[lio] t=1317401183.837 | feat 4003/13381 | map  15479 | icp ok  iter  5 corr  3094 rms 0.0505   29.92 ms | p=(  366.18   338.78 -15.31) v=9.37 m/s
[lio] t=1317401183.941 | feat 3887/13349 | map  15479 | icp ok  iter  4 corr  3040 rms 0.0485   21.87 ms | p=(  367.14   338.96 -15.32) v=9.47 m/s [KF]
[lio] t=1317401184.045 | feat 3884/13319 | map  15593 | icp ok  iter  4 corr  2991 rms 0.0470   22.23 ms | p=(  368.08   339.14 -15.33) v=9.39 m/s
[lio] t=1317401184.148 | feat 3923/13390 | map  15593 | icp ok  iter  6 corr  2906 rms 0.0508   33.00 ms | p=(  369.06   339.33 -15.33) v=9.55 m/s [KF]
[lio] t=1317401184.252 | feat 3767/13469 | map  15699 | icp ok  iter  4 corr  2837 rms 0.0400   21.31 ms | p=(  370.04   339.52 -15.35) v=9.62 m/s
[lio] t=1317401184.356 | feat 3860/13270 | map  15699 | icp ok  iter  6 corr  2876 rms 0.0529   32.00 ms | p=(  371.01   339.70 -15.36) v=9.59 m/s [KF]
[lio] t=1317401184.460 | feat 3909/13428 | map  15732 | icp ok  iter  5 corr  2900 rms 0.0608   27.68 ms | p=(  371.98   339.91 -15.37) v=9.54 m/s
[lio] t=1317401184.563 | feat 3875/13554 | map  15732 | icp ok  iter  4 corr  2862 rms 0.0507   22.14 ms | p=(  372.95   340.09 -15.38) v=9.56 m/s [KF]
[lio] t=1317401184.667 | feat 3806/13610 | map  15692 | icp ok  iter  4 corr  2789 rms 0.0423   20.71 ms | p=(  373.93   340.28 -15.40) v=9.62 m/s [KF]
[lio] t=1317401184.771 | feat 3774/13630 | map  15646 | icp ok  iter  5 corr  2738 rms 0.0436   24.60 ms | p=(  374.90   340.49 -15.42) v=9.55 m/s
[lio] t=1317401184.875 | feat 3814/13480 | map  15646 | icp ok  iter  5 corr  2666 rms 0.0540   23.50 ms | p=(  375.85   340.65 -15.42) v=9.36 m/s [KF]
[lio] t=1317401184.979 | feat 3614/13309 | map  15518 | icp ok  iter  5 corr  2613 rms 0.0495   23.53 ms | p=(  376.81   340.85 -15.43) v=9.41 m/s
[lio] t=1317401185.083 | feat 3622/13190 | map  15518 | icp ok  iter  4 corr  2531 rms 0.0465   17.87 ms | p=(  377.79   341.04 -15.45) v=9.53 m/s [KF]
[lio] t=1317401185.186 | feat 3391/13099 | map  15266 | icp ok  iter  5 corr  2371 rms 0.0464   22.41 ms | p=(  378.70   341.23 -15.45) v=9.21 m/s
[lio] t=1317401185.290 | feat 3383/12932 | map  15266 | icp ok  iter  5 corr  2367 rms 0.0526   22.63 ms | p=(  379.64   341.40 -15.47) v=9.21 m/s [KF]
[lio] t=1317401185.394 | feat 3260/12747 | map  15040 | icp ok  iter  6 corr  2250 rms 0.0423   25.94 ms | p=(  380.61   341.60 -15.48) v=9.41 m/s
[lio] t=1317401185.498 | feat 3299/12650 | map  15040 | icp ok  iter  5 corr  2241 rms 0.0726   20.44 ms | p=(  381.58   341.78 -15.49) v=9.44 m/s [KF]
[lio] t=1317401185.602 | feat 3280/12408 | map  14908 | icp ok  iter  5 corr  2310 rms 0.0484   23.47 ms | p=(  382.52   341.96 -15.51) v=9.29 m/s
[lio] t=1317401185.705 | feat 3323/12441 | map  14908 | icp ok  iter  7 corr  2246 rms 0.0505   30.76 ms | p=(  383.44   342.15 -15.53) v=9.08 m/s [KF]
[lio] t=1317401185.809 | feat 3390/12383 | map  14859 | icp ok  iter  4 corr  2410 rms 0.0491   18.40 ms | p=(  384.36   342.32 -15.55) v=8.99 m/s
[lio] t=1317401185.913 | feat 3197/12060 | map  14859 | icp ok  iter  6 corr  2218 rms 0.0444   25.45 ms | p=(  385.25   342.50 -15.57) v=8.78 m/s [KF]
[lio] t=1317401186.017 | feat 3283/11843 | map  14706 | icp ok  iter  4 corr  2324 rms 0.0549   17.94 ms | p=(  386.16   342.68 -15.59) v=8.73 m/s
[lio] t=1317401186.121 | feat 3354/11766 | map  14706 | icp ok  iter  5 corr  2355 rms 0.0516   22.62 ms | p=(  387.02   342.83 -15.60) v=8.43 m/s [KF]
[lio] t=1317401186.225 | feat 3218/11880 | map  14684 | icp ok  iter  5 corr  2318 rms 0.0557   20.92 ms | p=(  387.86   342.99 -15.62) v=8.21 m/s
[lio] t=1317401186.328 | feat 3413/11986 | map  14684 | icp ok  iter  4 corr  2358 rms 0.0605   19.83 ms | p=(  388.68   343.14 -15.63) v=7.95 m/s [KF]
[lio] t=1317401186.432 | feat 3336/11870 | map  14649 | icp ok  iter  5 corr  2368 rms 0.0434   21.18 ms | p=(  389.52   343.31 -15.66) v=8.02 m/s
[lio] t=1317401186.536 | feat 3442/11944 | map  14649 | icp ok  iter  5 corr  2396 rms 0.0633   24.21 ms | p=(  390.29   343.47 -15.68) v=7.64 m/s [KF]
[lio] t=1317401186.640 | feat 3363/11976 | map  14563 | icp ok  iter  5 corr  2345 rms 0.0511   22.06 ms | p=(  391.10   343.62 -15.70) v=7.66 m/s
[lio] t=1317401186.744 | feat 3379/11760 | map  14563 | icp ok  iter  6 corr  2345 rms 0.0435   25.60 ms | p=(  391.82   343.72 -15.70) v=7.14 m/s [KF]
[lio] t=1317401186.848 | feat 3482/11718 | map  14377 | icp ok  iter  6 corr  2406 rms 0.0469   26.85 ms | p=(  392.58   343.83 -15.70) v=7.13 m/s
[lio] t=1317401186.952 | feat 3409/11587 | map  14377 | icp ok  iter  4 corr  2360 rms 0.0527   18.10 ms | p=(  393.29   343.91 -15.71) v=6.86 m/s [KF]
[lio] t=1317401187.056 | feat 3393/11385 | map  14340 | icp ok  iter  5 corr  2446 rms 0.0480   23.17 ms | p=(  393.98   344.03 -15.73) v=6.67 m/s
[lio] t=1317401187.160 | feat 3290/11086 | map  14340 | icp ok  iter  8 corr  2377 rms 0.0622   36.10 ms | p=(  394.61   344.11 -15.74) v=6.26 m/s [KF]
[lio] t=1317401187.265 | feat 3288/10918 | map  14338 | icp ok  iter  6 corr  2398 rms 0.0841   26.49 ms | p=(  395.31   344.19 -15.75) v=6.59 m/s
[lio] t=1317401187.369 | feat 3199/10822 | map  14338 | icp ok  iter  5 corr  2227 rms 0.0692   21.48 ms | p=(  396.01   344.22 -15.76) v=6.61 m/s [KF]
[lio] t=1317401187.473 | feat 3179/10903 | map  14375 | icp ok  iter  7 corr  2283 rms 0.0555   32.47 ms | p=(  396.68   344.29 -15.77) v=6.51 m/s
[lio] t=1317401187.577 | feat 3259/11009 | map  14375 | icp ok  iter  4 corr  2194 rms 0.0613   18.38 ms | p=(  397.37   344.31 -15.79) v=6.57 m/s [KF]
[lio] t=1317401187.682 | feat 3328/11041 | map  14334 | icp ok  iter  5 corr  2302 rms 0.0573   23.33 ms | p=(  398.05   344.28 -15.80) v=6.50 m/s
[lio] t=1317401187.786 | feat 3245/11043 | map  14334 | icp ok  iter  6 corr  2225 rms 0.0489   27.16 ms | p=(  398.69   344.23 -15.81) v=6.25 m/s [KF]
[lio] t=1317401187.890 | feat 3421/11141 | map  14243 | icp ok  iter  6 corr  2359 rms 0.0594   28.98 ms | p=(  399.38   344.18 -15.82) v=6.45 m/s
[lio] t=1317401187.995 | feat 3366/11042 | map  14243 | icp ok  iter 11 corr  2237 rms 0.0607   48.89 ms | p=(  400.07   344.04 -15.82) v=6.58 m/s [KF]
[lio] t=1317401188.099 | feat 3393/11124 | map  14224 | icp ok  iter  6 corr  2348 rms 0.0511   26.62 ms | p=(  400.69   343.89 -15.80) v=6.30 m/s
[lio] t=1317401188.203 | feat 3373/11031 | map  14224 | icp ok  iter  7 corr  2311 rms 0.0452   32.89 ms | p=(  401.30   343.73 -15.80) v=6.09 m/s [KF]
[lio] t=1317401188.307 | feat 3371/11158 | map  14162 | icp ok  iter  6 corr  2333 rms 0.0656   25.37 ms | p=(  401.92   343.50 -15.79) v=6.25 m/s
[lio] t=1317401188.412 | feat 3336/11135 | map  14162 | icp ok  iter  5 corr  2200 rms 0.0455   21.68 ms | p=(  402.48   343.27 -15.77) v=5.98 m/s [KF]
[lio] t=1317401188.516 | feat 3444/11067 | map  14069 | icp ok  iter  5 corr  2371 rms 0.0457   23.19 ms | p=(  403.07   342.99 -15.76) v=6.10 m/s
[lio] t=1317401188.620 | feat 3514/11277 | map  14069 | icp ok  iter  5 corr  2370 rms 0.0638   23.19 ms | p=(  403.70   342.68 -15.74) v=6.49 m/s [KF]
[lio] t=1317401188.724 | feat 3385/10981 | map  13950 | icp ok  iter  6 corr  2309 rms 0.0527   25.53 ms | p=(  404.26   342.34 -15.72) v=6.40 m/s
[lio] t=1317401188.828 | feat 3390/10847 | map  13950 | icp ok  iter  4 corr  2316 rms 0.0637   19.79 ms | p=(  404.84   341.97 -15.71) v=6.53 m/s [KF]
[lio] t=1317401188.932 | feat 3488/10901 | map  13864 | icp ok  iter  6 corr  2411 rms 0.0451   27.02 ms | p=(  405.37   341.58 -15.67) v=6.43 m/s
[lio] t=1317401189.036 | feat 3503/10906 | map  13864 | icp ok  iter  6 corr  2381 rms 0.0561   25.90 ms | p=(  405.88   341.17 -15.64) v=6.31 m/s [KF]
[lio] t=1317401189.140 | feat 3461/10785 | map  13802 | icp ok  iter  6 corr  2384 rms 0.0682   29.17 ms | p=(  406.41   340.71 -15.60) v=6.64 m/s
[lio] t=1317401189.244 | feat 3397/10771 | map  13802 | icp ok  iter  3 corr  2314 rms 0.0586   15.39 ms | p=(  406.91   340.19 -15.56) v=6.81 m/s [KF]
[lio] t=1317401189.348 | feat 3262/10759 | map  13736 | icp ok  iter  5 corr  2274 rms 0.0452   20.83 ms | p=(  407.39   339.69 -15.51) v=6.72 m/s
[lio] t=1317401189.452 | feat 3306/10529 | map  13736 | icp ok  iter  7 corr  2216 rms 0.0500   30.73 ms | p=(  407.86   339.12 -15.47) v=6.99 m/s [KF]
[lio] t=1317401189.556 | feat 3201/10366 | map  13653 | icp ok  iter  5 corr  2236 rms 0.0459   21.55 ms | p=(  408.27   338.54 -15.42) v=6.91 m/s
[lio] t=1317401189.660 | feat 3075/10069 | map  13653 | icp ok  iter  8 corr  2205 rms 0.0559   34.71 ms | p=(  408.71   338.00 -15.38) v=6.82 m/s [KF]
[lio] t=1317401189.764 | feat 3048/9780 | map  13614 | icp ok  iter  5 corr  2275 rms 0.0496   21.99 ms | p=(  409.09   337.34 -15.33) v=7.17 m/s
[lio] t=1317401189.868 | feat 2871/9463 | map  13614 | icp ok  iter  5 corr  2114 rms 0.0480   19.73 ms | p=(  409.47   336.70 -15.27) v=7.19 m/s [KF]
[lio] t=1317401189.971 | feat 2825/9292 | map  13535 | icp ok  iter  5 corr  2234 rms 0.0474   19.93 ms | p=(  409.82   336.03 -15.23) v=7.32 m/s
[lio] t=1317401190.075 | feat 2729/9289 | map  13535 | icp ok  iter  4 corr  2098 rms 0.0473   14.90 ms | p=(  410.17   335.32 -15.17) v=7.55 m/s [KF]
[lio] t=1317401190.179 | feat 2672/9058 | map  13388 | icp ok  iter  4 corr  2149 rms 0.0506   15.78 ms | p=(  410.51   334.60 -15.11) v=7.68 m/s
[lio] t=1317401190.283 | feat 2671/9153 | map  13388 | icp ok  iter  5 corr  2052 rms 0.0437   17.87 ms | p=(  410.83   333.87 -15.05) v=7.74 m/s [KF]
[lio] t=1317401190.386 | feat 2631/9206 | map  13300 | icp ok  iter  5 corr  2121 rms 0.0652   19.32 ms | p=(  411.14   333.12 -14.98) v=7.82 m/s
[lio] t=1317401190.490 | feat 2671/9083 | map  13300 | icp ok  iter  4 corr  2074 rms 0.0547   14.97 ms | p=(  411.44   332.34 -14.91) v=8.04 m/s [KF]
[lio] t=1317401190.594 | feat 2707/8981 | map  13213 | icp ok  iter  4 corr  2169 rms 0.0939   16.39 ms | p=(  411.74   331.56 -14.86) v=8.12 m/s
[lio] t=1317401190.697 | feat 2742/8959 | map  13213 | icp ok  iter  5 corr  2144 rms 0.0822   20.51 ms | p=(  412.02   330.74 -14.80) v=8.35 m/s [KF]
[lio] t=1317401190.801 | feat 2728/8784 | map  13180 | icp ok  iter  5 corr  2159 rms 0.0508   19.34 ms | p=(  412.29   329.88 -14.73) v=8.58 m/s
[lio] t=1317401190.905 | feat 2619/8540 | map  13180 | icp ok  iter  4 corr  2082 rms 0.0827   16.30 ms | p=(  412.58   329.04 -14.65) v=8.66 m/s [KF]
[lio] t=1317401191.009 | feat 2533/8046 | map  13074 | icp ok  iter  7 corr  2013 rms 0.0532   25.66 ms | p=(  412.83   328.16 -14.59) v=8.77 m/s
[lio] t=1317401191.112 | feat 2299/7773 | map  13074 | icp ok  iter  5 corr  1786 rms 0.0566   14.96 ms | p=(  413.09   327.30 -14.52) v=8.80 m/s [KF]
[lio] t=1317401191.216 | feat 2325/7559 | map  13007 | icp ok  iter  4 corr  1886 rms 0.0615   14.09 ms | p=(  413.36   326.40 -14.45) v=8.96 m/s
[lio] t=1317401191.320 | feat 2261/7331 | map  13007 | icp ok  iter  3 corr  1822 rms 0.0573   10.05 ms | p=(  413.62   325.52 -14.37) v=8.94 m/s [KF]
[lio] t=1317401191.423 | feat 2122/7116 | map  12875 | icp ok  iter  4 corr  1706 rms 0.0474   12.84 ms | p=(  413.87   324.62 -14.31) v=9.01 m/s
[lio] t=1317401191.527 | feat 2200/7032 | map  12875 | icp ok  iter  5 corr  1763 rms 0.0553   16.63 ms | p=(  414.14   323.67 -14.24) v=9.31 m/s [KF]
[lio] t=1317401191.631 | feat 2123/7000 | map  12629 | icp ok  iter  5 corr  1723 rms 0.0576   14.94 ms | p=(  414.39   322.73 -14.16) v=9.37 m/s
[lio] t=1317401191.735 | feat 2187/7058 | map  12629 | icp ok  iter  4 corr  1725 rms 0.0534   12.86 ms | p=(  414.65   321.79 -14.09) v=9.41 m/s [KF]
[lio] t=1317401191.839 | feat 2202/7004 | map  12490 | icp ok  iter  4 corr  1757 rms 0.0535   13.22 ms | p=(  414.91   320.84 -14.01) v=9.44 m/s
[lio] t=1317401191.942 | feat 2074/6826 | map  12490 | icp ok  iter  5 corr  1656 rms 0.0549   14.21 ms | p=(  415.14   319.88 -13.94) v=9.51 m/s [KF]
[lio] t=1317401192.046 | feat 2044/6714 | map  12399 | icp ok  iter  6 corr  1664 rms 0.0733   16.79 ms | p=(  415.39   318.90 -13.87) v=9.67 m/s [KF]
[lio] t=1317401192.150 | feat 2053/6638 | map  12252 | icp ok  iter  6 corr  1666 rms 0.0749   18.30 ms | p=(  415.64   317.91 -13.79) v=9.79 m/s [KF]
[lio] t=1317401192.254 | feat 2071/6696 | map  12175 | icp ok  iter  3 corr  1682 rms 0.0537    8.78 ms | p=(  415.87   316.92 -13.72) v=9.77 m/s [KF]
[lio] t=1317401192.358 | feat 2009/6669 | map  12056 | icp ok  iter  5 corr  1627 rms 0.0608   13.94 ms | p=(  416.13   315.95 -13.64) v=9.72 m/s [KF]
[lio] t=1317401192.461 | feat 1989/6785 | map  11980 | icp ok  iter  4 corr  1630 rms 0.0747   12.06 ms | p=(  416.35   314.96 -13.56) v=9.74 m/s [KF]
[lio] t=1317401192.565 | feat 2057/6840 | map  11873 | icp ok  iter  4 corr  1674 rms 0.0714   11.86 ms | p=(  416.59   313.97 -13.48) v=9.80 m/s [KF]
[lio] t=1317401192.669 | feat 2046/6927 | map  11777 | icp ok  iter  4 corr  1686 rms 0.0811   12.30 ms | p=(  416.82   312.96 -13.40) v=9.85 m/s [KF]
[lio] t=1317401192.773 | feat 1885/7036 | map  11682 | icp ok  iter  4 corr  1485 rms 0.0579   11.04 ms | p=(  417.04   311.95 -13.32) v=9.89 m/s [KF]
[lio] t=1317401192.877 | feat 2019/7337 | map  11537 | icp ok  iter  5 corr  1465 rms 0.0659   12.72 ms | p=(  417.26   310.92 -13.24) v=10.05 m/s [KF]
[lio] t=1317401192.980 | feat 2053/7427 | map  11542 | icp ok  iter  4 corr  1461 rms 0.0945   10.83 ms | p=(  417.47   309.89 -13.16) v=10.07 m/s [KF]
[lio] t=1317401193.084 | feat 2095/7049 | map  11419 | icp ok  iter  4 corr  1691 rms 0.0645   12.36 ms | p=(  417.69   308.89 -13.08) v=9.88 m/s [KF]
[lio] t=1317401193.188 | feat 2155/7060 | map  11282 | icp ok  iter  5 corr  1795 rms 0.0663   15.15 ms | p=(  417.90   307.88 -13.00) v=9.88 m/s [KF]
[lio] t=1317401193.292 | feat 2163/7067 | map  11014 | icp ok  iter  3 corr  1736 rms 0.0536    9.86 ms | p=(  418.10   306.87 -12.92) v=9.87 m/s [KF]
[lio] t=1317401193.396 | feat 2208/7016 | map  10675 | icp ok  iter  3 corr  1832 rms 0.0571    9.99 ms | p=(  418.29   305.86 -12.85) v=9.86 m/s [KF]
[lio] t=1317401193.499 | feat 1969/6804 | map  10457 | icp ok  iter  4 corr  1624 rms 0.0564   10.76 ms | p=(  418.49   304.85 -12.77) v=9.83 m/s [KF]
[lio] t=1317401193.603 | feat 2019/6781 | map  10259 | icp ok  iter  4 corr  1633 rms 0.0597   10.53 ms | p=(  418.69   303.84 -12.69) v=9.88 m/s [KF]
[lio] t=1317401193.707 | feat 1929/6816 | map  10144 | icp ok  iter  4 corr  1532 rms 0.0587   11.17 ms | p=(  418.90   302.82 -12.60) v=9.89 m/s [KF]
[lio] t=1317401193.811 | feat 2016/6841 | map  10013 | icp ok  iter  4 corr  1662 rms 0.0629   11.96 ms | p=(  419.08   301.82 -12.51) v=9.78 m/s [KF]
[lio] t=1317401193.915 | feat 2000/6817 | map   9866 | icp ok  iter  4 corr  1634 rms 0.0523   11.27 ms | p=(  419.26   300.81 -12.44) v=9.82 m/s [KF]
[lio] t=1317401194.019 | feat 1872/6826 | map   9718 | icp ok  iter  4 corr  1509 rms 0.0537   10.38 ms | p=(  419.45   299.77 -12.37) v=9.95 m/s [KF]
[lio] t=1317401194.123 | feat 1935/6866 | map   9440 | icp ok  iter  4 corr  1586 rms 0.0559   11.52 ms | p=(  419.61   298.79 -12.28) v=9.72 m/s [KF]
[lio] t=1317401194.226 | feat 2024/6847 | map   9257 | icp ok  iter  5 corr  1660 rms 0.0462   14.35 ms | p=(  419.79   297.77 -12.20) v=9.82 m/s [KF]
[lio] t=1317401194.330 | feat 1976/6785 | map   9166 | icp ok  iter  4 corr  1598 rms 0.0744   11.08 ms | p=(  419.95   296.74 -12.12) v=9.91 m/s [KF]
[lio] t=1317401194.434 | feat 1886/6694 | map   9110 | icp ok  iter  4 corr  1560 rms 0.0586   10.73 ms | p=(  420.09   295.73 -12.04) v=9.80 m/s [KF]
[lio] t=1317401194.538 | feat 1824/6626 | map   9027 | icp ok  iter  3 corr  1462 rms 0.0624    8.81 ms | p=(  420.23   294.73 -11.96) v=9.69 m/s [KF]
[lio] t=1317401194.642 | feat 1865/6508 | map   8970 | icp ok  iter  4 corr  1524 rms 0.0550   10.60 ms | p=(  420.37   293.70 -11.87) v=9.87 m/s [KF]
[lio] t=1317401194.746 | feat 1806/6473 | map   8924 | icp ok  iter  3 corr  1474 rms 0.0557    7.96 ms | p=(  420.50   292.69 -11.79) v=9.79 m/s [KF]
[lio] t=1317401194.849 | feat 1864/6464 | map   8890 | icp ok  iter  4 corr  1497 rms 0.1026   11.14 ms | p=(  420.63   291.65 -11.70) v=9.93 m/s [KF]
[lio] t=1317401194.953 | feat 1813/6372 | map   8866 | icp ok  iter  4 corr  1459 rms 0.0827   10.55 ms | p=(  420.74   290.66 -11.65) v=9.68 m/s
[lio] t=1317401195.057 | feat 1631/6179 | map   8866 | icp ok  iter  4 corr  1302 rms 0.0807    9.49 ms | p=(  420.86   289.63 -11.56) v=9.82 m/s [KF]
[lio] t=1317401195.161 | feat 1605/6191 | map   8888 | icp ok  iter  4 corr  1278 rms 0.0777    9.07 ms | p=(  421.00   288.62 -11.49) v=9.80 m/s [KF]
[lio] t=1317401195.265 | feat 1679/6184 | map   8916 | icp ok  iter  4 corr  1333 rms 0.0569    9.33 ms | p=(  421.13   287.61 -11.40) v=9.76 m/s [KF]
[lio] t=1317401195.368 | feat 1676/6128 | map   8937 | icp ok  iter  5 corr  1350 rms 0.0808   11.90 ms | p=(  421.24   286.63 -11.34) v=9.56 m/s
[lio] t=1317401195.472 | feat 1658/6183 | map   8937 | icp ok  iter  4 corr  1335 rms 0.0809    9.56 ms | p=(  421.37   285.61 -11.25) v=9.73 m/s [KF]
[lio] t=1317401195.576 | feat 1724/6264 | map   8808 | icp ok  iter  4 corr  1383 rms 0.0636   10.19 ms | p=(  421.49   284.60 -11.18) v=9.73 m/s [KF]
[lio] t=1317401195.680 | feat 1689/6325 | map   8783 | icp ok  iter  4 corr  1381 rms 0.0643    9.39 ms | p=(  421.62   283.59 -11.10) v=9.74 m/s [KF]
[lio] t=1317401195.784 | feat 1705/6280 | map   8654 | icp ok  iter  4 corr  1359 rms 0.0509    8.90 ms | p=(  421.77   282.59 -11.02) v=9.71 m/s [KF]
[lio] t=1317401195.887 | feat 1771/6237 | map   8499 | icp ok  iter  3 corr  1394 rms 0.0692    7.54 ms | p=(  421.92   281.59 -10.94) v=9.66 m/s [KF]
[lio] t=1317401195.991 | feat 1707/6160 | map   8457 | icp ok  iter  4 corr  1346 rms 0.1061    8.72 ms | p=(  422.07   280.59 -10.86) v=9.65 m/s [KF]
[lio] t=1317401196.095 | feat 1717/6265 | map   8374 | icp ok  iter  4 corr  1352 rms 0.0535    8.62 ms | p=(  422.22   279.60 -10.78) v=9.63 m/s [KF]
[lio] t=1317401196.199 | feat 1748/6235 | map   8304 | icp ok  iter  5 corr  1361 rms 0.0512   11.17 ms | p=(  422.39   278.60 -10.71) v=9.74 m/s [KF]
[lio] t=1317401196.302 | feat 1654/6169 | map   8198 | icp ok  iter  5 corr  1216 rms 0.0463    9.75 ms | p=(  422.56   277.61 -10.63) v=9.65 m/s [KF]
[lio] t=1317401196.406 | feat 1566/6226 | map   8075 | icp ok  iter  4 corr  1164 rms 0.0536    8.27 ms | p=(  422.75   276.61 -10.54) v=9.69 m/s [KF]
[lio] t=1317401196.510 | feat 1560/6242 | map   7991 | icp ok  iter  4 corr  1154 rms 0.0646    8.52 ms | p=(  422.94   275.62 -10.47) v=9.65 m/s [KF]
[lio] t=1317401196.614 | feat 1557/6336 | map   7915 | icp ok  iter  4 corr  1145 rms 0.0518    8.52 ms | p=(  423.14   274.61 -10.40) v=9.79 m/s [KF]
[lio] t=1317401196.718 | feat 1526/6394 | map   7823 | icp ok  iter  3 corr  1114 rms 0.0467    5.79 ms | p=(  423.34   273.63 -10.32) v=9.69 m/s [KF]
[lio] t=1317401196.822 | feat 1615/6516 | map   7724 | icp ok  iter  6 corr  1182 rms 0.0934   12.98 ms | p=(  423.55   272.60 -10.23) v=9.89 m/s [KF]
[lio] t=1317401196.925 | feat 1697/6529 | map   7676 | icp ok  iter  4 corr  1303 rms 0.1036    8.83 ms | p=(  423.78   271.64 -10.16) v=9.66 m/s
[lio] t=1317401197.029 | feat 1653/6499 | map   7676 | icp ok  iter  5 corr  1258 rms 0.0974   11.28 ms | p=(  423.99   270.63 -10.08) v=9.78 m/s [KF]
[lio] t=1317401197.133 | feat 1739/6600 | map   7656 | icp ok  iter  3 corr  1338 rms 0.0824    7.63 ms | p=(  424.23   269.64 -10.01) v=9.79 m/s [KF]
[lio] t=1317401197.237 | feat 1721/6616 | map   7583 | icp ok  iter  5 corr  1356 rms 0.0499   11.45 ms | p=(  424.46   268.66  -9.93) v=9.69 m/s [KF]
[lio] t=1317401197.341 | feat 1786/6694 | map   7482 | icp ok  iter  4 corr  1406 rms 0.0693   11.46 ms | p=(  424.70   267.64  -9.86) v=9.90 m/s [KF]
[lio] t=1317401197.445 | feat 1772/6639 | map   7459 | icp ok  iter  4 corr  1411 rms 0.0539   10.45 ms | p=(  424.94   266.65  -9.79) v=9.83 m/s [KF]
[lio] t=1317401197.549 | feat 1798/6656 | map   7483 | icp ok  iter  4 corr  1420 rms 0.0520   11.19 ms | p=(  425.16   265.69  -9.71) v=9.60 m/s
[lio] t=1317401197.653 | feat 1774/6659 | map   7483 | icp ok  iter  4 corr  1351 rms 0.0743    9.67 ms | p=(  425.41   264.68  -9.64) v=9.79 m/s [KF]
[lio] t=1317401197.757 | feat 1777/6606 | map   7518 | icp ok  iter  4 corr  1481 rms 0.0511   10.43 ms | p=(  425.65   263.68  -9.57) v=9.80 m/s [KF]
[lio] t=1317401197.861 | feat 1762/6569 | map   7445 | icp ok  iter  4 corr  1451 rms 0.0556   10.91 ms | p=(  425.90   262.67  -9.50) v=9.89 m/s [KF]
[lio] t=1317401197.965 | feat 1716/6473 | map   7329 | icp ok  iter  5 corr  1463 rms 0.0427   13.70 ms | p=(  426.13   261.70  -9.44) v=9.67 m/s [KF]
[lio] t=1317401198.069 | feat 1677/6393 | map   7291 | icp ok  iter  4 corr  1418 rms 0.0451    9.60 ms | p=(  426.37   260.71  -9.38) v=9.71 m/s [KF]
[lio] t=1317401198.173 | feat 1636/6302 | map   7215 | icp ok  iter  4 corr  1412 rms 0.0489    9.29 ms | p=(  426.62   259.73  -9.31) v=9.68 m/s [KF]
[lio] t=1317401198.277 | feat 1702/6339 | map   7129 | icp ok  iter  3 corr  1478 rms 0.0411    7.97 ms | p=(  426.86   258.76  -9.25) v=9.57 m/s
[lio] t=1317401198.381 | feat 1618/6262 | map   7129 | icp ok  iter  5 corr  1423 rms 0.0744   12.97 ms | p=(  427.10   257.77  -9.18) v=9.66 m/s [KF]
[lio] t=1317401198.484 | feat 1613/6130 | map   7154 | icp ok  iter  4 corr  1409 rms 0.0453    9.20 ms | p=(  427.35   256.80  -9.12) v=9.56 m/s
[lio] t=1317401198.588 | feat 1551/6110 | map   7154 | icp ok  iter  6 corr  1330 rms 0.0540   14.07 ms | p=(  427.57   255.80  -9.05) v=9.67 m/s [KF]
[lio] t=1317401198.692 | feat 1559/6134 | map   7157 | icp ok  iter  3 corr  1386 rms 0.0464    7.87 ms | p=(  427.80   254.84  -8.99) v=9.56 m/s
[lio] t=1317401198.796 | feat 1529/6131 | map   7157 | icp ok  iter  6 corr  1281 rms 0.0650   12.65 ms | p=(  428.03   253.84  -8.92) v=9.67 m/s [KF]
[lio] t=1317401198.900 | feat 1539/6090 | map   7127 | icp ok  iter  4 corr  1305 rms 0.0545    8.18 ms | p=(  428.26   252.89  -8.86) v=9.43 m/s
[lio] t=1317401199.004 | feat 1464/6110 | map   7127 | icp ok  iter  5 corr  1227 rms 0.0581   10.71 ms | p=(  428.49   251.91  -8.80) v=9.49 m/s [KF]
[lio] t=1317401199.108 | feat 1531/6050 | map   7157 | icp ok  iter  4 corr  1305 rms 0.0614    8.73 ms | p=(  428.71   250.98  -8.74) v=9.26 m/s
[lio] t=1317401199.212 | feat 1535/6028 | map   7157 | icp ok  iter  4 corr  1298 rms 0.0781    9.66 ms | p=(  428.92   250.04  -8.68) v=9.19 m/s [KF]
[lio] t=1317401199.316 | feat 1484/6019 | map   7194 | icp ok  iter  4 corr  1241 rms 0.0492    8.34 ms | p=(  429.15   249.09  -8.61) v=9.24 m/s
[lio] t=1317401199.420 | feat 1593/5958 | map   7194 | icp ok  iter  4 corr  1287 rms 0.0866    8.94 ms | p=(  429.37   248.16  -8.54) v=9.11 m/s [KF]
[lio] t=1317401199.524 | feat 1515/6087 | map   7230 | icp ok  iter  5 corr  1221 rms 0.0588   10.61 ms | p=(  429.58   247.21  -8.48) v=9.19 m/s
[lio] t=1317401199.628 | feat 1542/6056 | map   7230 | icp ok  iter  4 corr  1268 rms 0.0737    8.21 ms | p=(  429.79   246.30  -8.42) v=8.97 m/s [KF]
[lio] t=1317401199.731 | feat 1519/6055 | map   7215 | icp ok  iter  4 corr  1244 rms 0.0639    8.63 ms | p=(  430.00   245.36  -8.35) v=9.09 m/s
[lio] t=1317401199.835 | feat 1451/5997 | map   7215 | icp ok  iter  3 corr  1138 rms 0.0611    6.13 ms | p=(  430.21   244.45  -8.28) v=8.96 m/s [KF]
[lio] t=1317401199.939 | feat 1509/6022 | map   7141 | icp ok  iter  6 corr  1247 rms 0.0553   12.59 ms | p=(  430.40   243.58  -8.22) v=8.60 m/s
[lio] t=1317401200.043 | feat 1639/6079 | map   7141 | icp ok  iter  6 corr  1338 rms 0.0621   13.86 ms | p=(  430.60   242.66  -8.15) v=8.76 m/s [KF]
[lio] t=1317401200.147 | feat 1673/6050 | map   7135 | icp ok  iter  4 corr  1366 rms 0.0654    9.43 ms | p=(  430.79   241.78  -8.09) v=8.62 m/s
[lio] t=1317401200.251 | feat 1563/6028 | map   7135 | icp ok  iter  5 corr  1205 rms 0.0677   10.97 ms | p=(  430.98   240.91  -8.03) v=8.52 m/s [KF]
[lio] t=1317401200.355 | feat 1382/5990 | map   7112 | icp ok  iter  6 corr  1098 rms 0.0723   11.17 ms | p=(  431.15   240.01  -7.95) v=8.60 m/s
[lio] t=1317401200.459 | feat 1298/5977 | map   7112 | icp ok  iter  7 corr  1007 rms 0.0573   12.75 ms | p=(  431.34   239.13  -7.90) v=8.58 m/s [KF]
[lio] t=1317401200.563 | feat 1382/5907 | map   7077 | icp ok  iter  4 corr  1154 rms 0.0726    8.48 ms | p=(  431.51   238.27  -7.84) v=8.40 m/s
[lio] t=1317401200.667 | feat 1408/5981 | map   7077 | icp ok  iter  4 corr  1123 rms 0.0687    7.81 ms | p=(  431.70   237.41  -7.78) v=8.40 m/s [KF]
[lio] t=1317401200.771 | feat 1346/5856 | map   7100 | icp ok  iter  5 corr  1137 rms 0.0810   10.23 ms | p=(  431.87   236.54  -7.71) v=8.35 m/s
[lio] t=1317401200.875 | feat 1281/5742 | map   7100 | icp ok  iter  6 corr   999 rms 0.0616   10.01 ms | p=(  432.02   235.73  -7.65) v=8.03 m/s [KF]
[lio] t=1317401200.979 | feat 1159/5742 | map   7157 | icp ok  iter  5 corr   930 rms 0.0582    8.95 ms | p=(  432.18   234.93  -7.58) v=7.78 m/s
[lio] t=1317401201.082 | feat 1171/5727 | map   7157 | icp ok  iter  8 corr   950 rms 0.0936   13.30 ms | p=(  432.35   234.05  -7.52) v=8.15 m/s [KF]
[lio] t=1317401201.186 | feat 1084/5754 | map   7064 | icp ok  iter  6 corr   902 rms 0.0605    9.99 ms | p=(  432.51   233.28  -7.47) v=7.68 m/s
[lio] t=1317401201.290 | feat 1054/5813 | map   7064 | icp ok  iter  4 corr   843 rms 0.0542    6.44 ms | p=(  432.66   232.47  -7.41) v=7.72 m/s [KF]
[lio] t=1317401201.394 | feat 1080/5783 | map   7116 | icp ok  iter  4 corr   878 rms 0.0655    5.53 ms | p=(  432.81   231.69  -7.35) v=7.55 m/s
[lio] t=1317401201.498 | feat 1067/5878 | map   7116 | icp ok  iter  6 corr   789 rms 0.0775    8.85 ms | p=(  432.98   230.89  -7.30) v=7.67 m/s [KF]
[lio] t=1317401201.602 | feat 1049/5831 | map   7134 | icp ok  iter  5 corr   816 rms 0.0783    7.62 ms | p=(  433.12   230.13  -7.25) v=7.39 m/s
[lio] t=1317401201.706 | feat 1006/5807 | map   7134 | icp ok  iter  4 corr   787 rms 0.0699    5.65 ms | p=(  433.27   229.37  -7.20) v=7.37 m/s [KF]
[lio] t=1317401201.810 | feat 1063/5723 | map   7159 | icp ok  iter  5 corr   797 rms 0.0887    7.23 ms | p=(  433.40   228.64  -7.15) v=7.11 m/s
[lio] t=1317401201.914 | feat 1060/5625 | map   7159 | icp ok  iter  4 corr   771 rms 0.0819    5.76 ms | p=(  433.54   227.91  -7.10) v=7.03 m/s [KF]
[lio] t=1317401202.018 | feat  998/5609 | map   7201 | icp ok  iter  4 corr   774 rms 0.0557    5.41 ms | p=(  433.68   227.19  -7.05) v=6.94 m/s
[lio] t=1317401202.122 | feat 1035/5542 | map   7201 | icp ok  iter  4 corr   776 rms 0.0948    5.86 ms | p=(  433.81   226.45  -7.00) v=7.01 m/s [KF]
[lio] t=1317401202.226 | feat  955/5512 | map   7216 | icp ok  iter  4 corr   730 rms 0.1199    5.32 ms | p=(  433.96   225.77  -6.96) v=6.68 m/s
[lio] t=1317401202.330 | feat  990/5524 | map   7216 | icp ok  iter  4 corr   726 rms 0.0867    5.14 ms | p=(  434.09   225.06  -6.92) v=6.77 m/s [KF]
[lio] t=1317401202.434 | feat 1066/5529 | map   7263 | icp ok  iter  4 corr   802 rms 0.0991    5.76 ms | p=(  434.22   224.39  -6.87) v=6.56 m/s
[lio] t=1317401202.538 | feat 1134/5552 | map   7263 | icp ok  iter  4 corr   830 rms 0.1450    5.84 ms | p=(  434.34   223.71  -6.83) v=6.48 m/s [KF]
[lio] t=1317401202.642 | feat 1141/5546 | map   7347 | icp ok  iter  4 corr   895 rms 0.0784    5.90 ms | p=(  434.47   223.05  -6.79) v=6.37 m/s
[lio] t=1317401202.746 | feat 1217/5633 | map   7347 | icp ok  iter  4 corr   967 rms 0.0557    6.58 ms | p=(  434.61   222.39  -6.74) v=6.36 m/s [KF]
[lio] t=1317401202.850 | feat 1173/5549 | map   7387 | icp ok  iter  3 corr   911 rms 0.0740    4.77 ms | p=(  434.73   221.74  -6.71) v=6.20 m/s
[lio] t=1317401202.954 | feat 1154/5484 | map   7387 | icp ok  iter  4 corr   882 rms 0.0936    6.02 ms | p=(  434.85   221.14  -6.67) v=5.91 m/s [KF]
[lio] t=1317401203.058 | feat 1183/5470 | map   7417 | icp ok  iter  4 corr   943 rms 0.0650    6.63 ms | p=(  434.99   220.48  -6.63) v=6.13 m/s
[lio] t=1317401203.162 | feat 1076/5388 | map   7417 | icp ok  iter  4 corr   844 rms 0.1030    6.11 ms | p=(  435.11   219.88  -6.59) v=5.92 m/s [KF]
[lio] t=1317401203.266 | feat 1119/5352 | map   7404 | icp ok  iter  4 corr   886 rms 0.1116    6.35 ms | p=(  435.23   219.29  -6.55) v=5.75 m/s
[lio] t=1317401203.370 | feat 1108/5378 | map   7404 | icp ok  iter  3 corr   884 rms 0.1151    4.94 ms | p=(  435.36   218.68  -6.51) v=5.79 m/s [KF]
[lio] t=1317401203.474 | feat 1109/5393 | map   7386 | icp ok  iter  3 corr   912 rms 0.0629    4.53 ms | p=(  435.48   218.09  -6.48) v=5.63 m/s
[lio] t=1317401203.578 | feat 1051/5354 | map   7386 | icp ok  iter  4 corr   834 rms 0.0965    5.60 ms | p=(  435.60   217.53  -6.45) v=5.48 m/s [KF]
[lio] t=1317401203.682 | feat 1156/5348 | map   7339 | icp ok  iter  3 corr   950 rms 0.0840    4.89 ms | p=(  435.71   216.96  -6.41) v=5.45 m/s
[lio] t=1317401203.786 | feat 1068/5315 | map   7339 | icp ok  iter  4 corr   840 rms 0.1204    6.58 ms | p=(  435.83   216.38  -6.38) v=5.51 m/s [KF]
[lio] t=1317401203.890 | feat 1180/5317 | map   7238 | icp ok  iter  3 corr   965 rms 0.0814    5.13 ms | p=(  435.93   215.82  -6.34) v=5.40 m/s
[lio] t=1317401203.994 | feat 1096/5251 | map   7238 | icp ok  iter  4 corr   882 rms 0.0951    6.30 ms | p=(  436.04   215.29  -6.31) v=5.21 m/s [KF]
[lio] t=1317401204.098 | feat 1112/5253 | map   7193 | icp ok  iter  5 corr   916 rms 0.0544    8.01 ms | p=(  436.16   214.74  -6.28) v=5.26 m/s
[lio] t=1317401204.202 | feat 1067/5260 | map   7193 | icp ok  iter  4 corr   868 rms 0.0684    6.02 ms | p=(  436.27   214.18  -6.24) v=5.33 m/s [KF]
[lio] t=1317401204.306 | feat 1040/5275 | map   7142 | icp ok  iter  5 corr   871 rms 0.0751    7.35 ms | p=(  436.38   213.64  -6.21) v=5.25 m/s
[lio] t=1317401204.410 | feat 1072/5249 | map   7142 | icp ok  iter  5 corr   867 rms 0.1063    8.20 ms | p=(  436.50   213.08  -6.18) v=5.34 m/s [KF]
[lio] t=1317401204.514 | feat 1083/5260 | map   7077 | icp ok  iter  4 corr   890 rms 0.0811    6.11 ms | p=(  436.61   212.55  -6.14) v=5.21 m/s
[lio] t=1317401204.618 | feat 1029/5222 | map   7077 | icp ok  iter  3 corr   827 rms 0.1005    4.64 ms | p=(  436.72   212.02  -6.11) v=5.16 m/s [KF]
[lio] t=1317401204.722 | feat 1047/5218 | map   6975 | icp ok  iter  3 corr   824 rms 0.0598    4.60 ms | p=(  436.84   211.48  -6.08) v=5.17 m/s
[lio] t=1317401204.826 | feat 1007/5190 | map   6975 | icp ok  iter  4 corr   816 rms 0.0765    5.76 ms | p=(  436.94   210.95  -6.05) v=5.12 m/s [KF]
[lio] t=1317401204.930 | feat 1075/5313 | map   6878 | icp ok  iter  3 corr   822 rms 0.0584    4.59 ms | p=(  437.05   210.42  -6.01) v=5.17 m/s
[lio] t=1317401205.034 | feat 1050/5338 | map   6878 | icp ok  iter  4 corr   811 rms 0.0628    5.55 ms | p=(  437.16   209.90  -5.99) v=5.09 m/s [KF]
[lio] t=1317401205.138 | feat  999/5292 | map   6845 | icp ok  iter  4 corr   800 rms 0.0530    5.51 ms | p=(  437.27   209.37  -5.96) v=5.06 m/s
[lio] t=1317401205.242 | feat  995/5341 | map   6845 | icp ok  iter  5 corr   772 rms 0.0965    6.53 ms | p=(  437.37   208.85  -5.92) v=5.05 m/s [KF]
[lio] t=1317401205.346 | feat  989/5359 | map   6687 | icp ok  iter  3 corr   759 rms 0.0584    3.85 ms | p=(  437.48   208.33  -5.89) v=5.06 m/s
[lio] t=1317401205.450 | feat  928/5318 | map   6687 | icp ok  iter  3 corr   700 rms 0.0742    3.51 ms | p=(  437.59   207.80  -5.86) v=5.04 m/s [KF]
[lio] t=1317401205.554 | feat  898/5239 | map   6532 | icp ok  iter  5 corr   686 rms 0.0608    5.68 ms | p=(  437.70   207.28  -5.83) v=5.08 m/s
[lio] t=1317401205.658 | feat  895/5220 | map   6532 | icp ok  iter  3 corr   662 rms 0.0955    3.94 ms | p=(  437.82   206.77  -5.80) v=4.98 m/s [KF]
[lio] t=1317401205.762 | feat  886/5229 | map   6435 | icp ok  iter  3 corr   659 rms 0.0704    3.90 ms | p=(  437.91   206.25  -5.77) v=5.01 m/s
[lio] t=1317401205.866 | feat 1004/5143 | map   6435 | icp ok  iter  3 corr   741 rms 0.0792    4.03 ms | p=(  438.03   205.73  -5.74) v=5.01 m/s [KF]
[lio] t=1317401205.970 | feat 1042/5140 | map   6327 | icp ok  iter  5 corr   772 rms 0.1064    7.18 ms | p=(  438.14   205.19  -5.69) v=5.12 m/s
[lio] t=1317401206.074 | feat 1113/5147 | map   6327 | icp ok  iter  4 corr   809 rms 0.1035    6.59 ms | p=(  438.25   204.71  -5.66) v=4.86 m/s [KF]
[lio] t=1317401206.178 | feat 1080/5217 | map   6342 | icp ok  iter  4 corr   822 rms 0.0542    5.58 ms | p=(  438.36   204.21  -5.64) v=4.84 m/s
[lio] t=1317401206.282 | feat 1052/5274 | map   6342 | icp ok  iter  5 corr   765 rms 0.0892    6.87 ms | p=(  438.47   203.69  -5.60) v=4.91 m/s [KF]
[lio] t=1317401206.386 | feat 1146/5227 | map   6309 | icp ok  iter  5 corr   844 rms 0.0660    7.63 ms | p=(  438.57   203.19  -5.58) v=4.87 m/s
[lio] t=1317401206.491 | feat 1145/5305 | map   6309 | icp ok  iter  4 corr   830 rms 0.0843    5.80 ms | p=(  438.68   202.69  -5.55) v=4.85 m/s [KF]
[lio] t=1317401206.595 | feat 1230/5335 | map   6330 | icp ok  iter  5 corr   939 rms 0.0685    8.75 ms | p=(  438.80   202.18  -5.52) v=4.92 m/s
[lio] t=1317401206.699 | feat 1154/5337 | map   6330 | icp ok  iter  3 corr   864 rms 0.0606    4.84 ms | p=(  438.91   201.69  -5.48) v=4.79 m/s [KF]
[lio] t=1317401206.803 | feat 1256/5330 | map   6376 | icp ok  iter  4 corr   938 rms 0.0697    6.84 ms | p=(  439.02   201.18  -5.44) v=4.92 m/s
[lio] t=1317401206.907 | feat 1223/5270 | map   6376 | icp ok  iter  5 corr   877 rms 0.0824    7.87 ms | p=(  439.13   200.70  -5.41) v=4.77 m/s [KF]
[lio] t=1317401207.011 | feat 1388/5289 | map   6437 | icp ok  iter  3 corr  1071 rms 0.1137    6.24 ms | p=(  439.24   200.18  -5.37) v=4.90 m/s
[lio] t=1317401207.115 | feat 1312/5411 | map   6437 | icp ok  iter  4 corr   965 rms 0.0846    6.96 ms | p=(  439.35   199.71  -5.32) v=4.73 m/s [KF]
[lio] t=1317401207.219 | feat 1325/5447 | map   6513 | icp ok  iter  4 corr  1022 rms 0.0683    7.63 ms | p=(  439.47   199.21  -5.29) v=4.79 m/s
[lio] t=1317401207.323 | feat 1444/5587 | map   6513 | icp ok  iter  4 corr  1093 rms 0.0941    7.48 ms | p=(  439.58   198.70  -5.26) v=4.93 m/s [KF]
[lio] t=1317401207.427 | feat 1467/5660 | map   6578 | icp ok  iter  5 corr  1130 rms 0.0952   10.45 ms | p=(  439.68   198.22  -5.23) v=4.78 m/s
[lio] t=1317401207.531 | feat 1442/5723 | map   6578 | icp ok  iter  3 corr  1089 rms 0.0605    5.68 ms | p=(  439.79   197.72  -5.19) v=4.81 m/s [KF]
[lio] t=1317401207.635 | feat 1524/5856 | map   6684 | icp ok  iter  4 corr  1168 rms 0.0614    8.17 ms | p=(  439.90   197.22  -5.15) v=4.87 m/s
[lio] t=1317401207.739 | feat 1488/5932 | map   6684 | icp ok  iter  4 corr  1096 rms 0.0931    8.62 ms | p=(  440.01   196.69  -5.11) v=5.03 m/s [KF]
[lio] t=1317401207.843 | feat 1618/6014 | map   6790 | icp ok  iter  3 corr  1239 rms 0.0700    7.16 ms | p=(  440.13   196.20  -5.07) v=4.90 m/s
[lio] t=1317401207.947 | feat 1719/6041 | map   6790 | icp ok  iter  5 corr  1303 rms 0.0663   12.41 ms | p=(  440.23   195.67  -5.03) v=5.07 m/s [KF]
[lio] t=1317401208.051 | feat 1839/6177 | map   6915 | icp ok  iter  3 corr  1438 rms 0.0629    9.09 ms | p=(  440.34   195.16  -4.99) v=5.04 m/s
[lio] t=1317401208.155 | feat 1855/6140 | map   6915 | icp ok  iter  4 corr  1467 rms 0.0868   10.86 ms | p=(  440.44   194.67  -4.96) v=4.86 m/s [KF]
[lio] t=1317401208.259 | feat 1827/6276 | map   7081 | icp ok  iter  5 corr  1487 rms 0.0510   12.60 ms | p=(  440.55   194.14  -4.91) v=5.05 m/s
[lio] t=1317401208.363 | feat 1972/6400 | map   7081 | icp ok  iter  4 corr  1544 rms 0.0596   10.79 ms | p=(  440.65   193.61  -4.87) v=5.12 m/s [KF]
[lio] t=1317401208.467 | feat 2024/6463 | map   7311 | icp ok  iter  4 corr  1643 rms 0.0547   11.58 ms | p=(  440.76   193.09  -4.84) v=5.11 m/s
[lio] t=1317401208.571 | feat 2126/6596 | map   7311 | icp ok  iter  6 corr  1689 rms 0.0654   17.88 ms | p=(  440.86   192.58  -4.80) v=5.00 m/s [KF]
[lio] t=1317401208.675 | feat 2095/6707 | map   7536 | icp ok  iter  4 corr  1766 rms 0.0608   12.54 ms | p=(  440.98   192.03  -4.76) v=5.19 m/s
[lio] t=1317401208.779 | feat 2151/6847 | map   7536 | icp ok  iter  3 corr  1733 rms 0.0581    9.87 ms | p=(  441.07   191.52  -4.73) v=5.05 m/s [KF]
[lio] t=1317401208.883 | feat 2198/6955 | map   7702 | icp ok  iter  3 corr  1789 rms 0.0538    9.94 ms | p=(  441.17   190.99  -4.69) v=5.07 m/s
[lio] t=1317401208.987 | feat 2323/7040 | map   7702 | icp ok  iter  5 corr  1842 rms 0.0668   17.18 ms | p=(  441.28   190.46  -4.66) v=5.07 m/s [KF]
[lio] t=1317401209.091 | feat 2324/7224 | map   7920 | icp ok  iter  3 corr  1910 rms 0.0483    9.70 ms | p=(  441.38   189.95  -4.63) v=5.01 m/s
[lio] t=1317401209.195 | feat 2382/7409 | map   7920 | icp ok  iter  3 corr  1899 rms 0.0568    9.49 ms | p=(  441.47   189.44  -4.60) v=4.94 m/s [KF]
[lio] t=1317401209.299 | feat 2461/7661 | map   8129 | icp ok  iter  4 corr  2004 rms 0.0482   14.88 ms | p=(  441.58   188.92  -4.57) v=5.01 m/s
[lio] t=1317401209.403 | feat 2487/7896 | map   8129 | icp ok  iter  3 corr  1967 rms 0.0678   11.61 ms | p=(  441.67   188.40  -4.54) v=4.99 m/s [KF]
[lio] t=1317401209.507 | feat 2521/8017 | map   8370 | icp ok  iter  3 corr  2065 rms 0.0593   11.33 ms | p=(  441.77   187.90  -4.52) v=4.89 m/s
[lio] t=1317401209.611 | feat 2586/8315 | map   8370 | icp ok  iter  5 corr  2090 rms 0.0554   18.51 ms | p=(  441.87   187.37  -4.49) v=5.02 m/s [KF]
[lio] t=1317401209.715 | feat 2561/8618 | map   8519 | icp ok  iter  3 corr  2022 rms 0.0523   10.32 ms | p=(  441.95   186.86  -4.46) v=4.92 m/s
[lio] t=1317401209.819 | feat 2584/8661 | map   8519 | icp ok  iter  3 corr  2001 rms 0.0460   10.25 ms | p=(  442.04   186.35  -4.43) v=4.93 m/s [KF]
[lio] t=1317401209.923 | feat 2673/8852 | map   8690 | icp ok  iter  4 corr  2140 rms 0.0539   14.34 ms | p=(  442.12   185.84  -4.40) v=4.90 m/s
[lio] t=1317401210.028 | feat 2774/8968 | map   8690 | icp ok  iter  3 corr  2153 rms 0.0927   11.24 ms | p=(  442.20   185.33  -4.38) v=4.83 m/s [KF]
[lio] t=1317401210.132 | feat 2847/9243 | map   9000 | icp ok  iter  3 corr  2280 rms 0.0558   12.28 ms | p=(  442.27   184.84  -4.35) v=4.69 m/s
[lio] t=1317401210.236 | feat 2885/9438 | map   9000 | icp ok  iter  5 corr  2195 rms 0.0600   18.64 ms | p=(  442.33   184.35  -4.32) v=4.63 m/s
[lio] t=1317401210.340 | feat 3100/9624 | map   9000 | icp ok  iter  4 corr  2266 rms 0.0599   15.16 ms | p=(  442.38   183.87  -4.29) v=4.51 m/s [KF]
[lio] t=1317401210.444 | feat 3138/9842 | map   9345 | icp ok  iter  4 corr  2446 rms 0.0620   18.61 ms | p=(  442.44   183.41  -4.27) v=4.36 m/s
[lio] t=1317401210.548 | feat 3119/10018 | map   9345 | icp ok  iter  4 corr  2343 rms 0.0645   17.43 ms | p=(  442.46   182.95  -4.24) v=4.31 m/s
[lio] t=1317401210.653 | feat 3160/10168 | map   9345 | icp ok  iter  4 corr  2364 rms 0.0589   17.16 ms | p=(  442.49   182.49  -4.21) v=4.27 m/s [KF]
[lio] t=1317401210.757 | feat 3150/10123 | map   9725 | icp ok  iter  4 corr  2420 rms 0.0516   17.34 ms | p=(  442.49   182.05  -4.18) v=4.11 m/s
[lio] t=1317401210.861 | feat 3096/10107 | map   9725 | icp ok  iter  4 corr  2418 rms 0.0594   16.81 ms | p=(  442.50   181.62  -4.14) v=3.98 m/s
[lio] t=1317401210.965 | feat 3197/10219 | map   9725 | icp ok  iter  4 corr  2321 rms 0.0578   16.37 ms | p=(  442.50   181.20  -4.11) v=3.90 m/s [KF]
[lio] t=1317401211.069 | feat 3134/10096 | map  10117 | icp ok  iter  3 corr  2399 rms 0.0543   13.61 ms | p=(  442.47   180.80  -4.08) v=3.72 m/s
[lio] t=1317401211.173 | feat 3243/10280 | map  10117 | icp ok  iter  4 corr  2459 rms 0.0536   16.75 ms | p=(  442.46   180.42  -4.04) v=3.49 m/s
[lio] t=1317401211.277 | feat 3297/10188 | map  10117 | icp ok  iter  3 corr  2474 rms 0.0528   15.15 ms | p=(  442.45   180.08  -4.02) v=3.22 m/s [KF]
[lio] t=1317401211.381 | feat 3320/10166 | map  10463 | icp ok  iter  4 corr  2554 rms 0.0482   16.95 ms | p=(  442.42   179.73  -3.99) v=3.20 m/s
[lio] t=1317401211.485 | feat 3246/10212 | map  10463 | icp ok  iter  4 corr  2443 rms 0.0499   17.49 ms | p=(  442.38   179.40  -3.97) v=3.10 m/s
[lio] t=1317401211.590 | feat 3335/10255 | map  10463 | icp ok  iter  4 corr  2511 rms 0.0431   18.29 ms | p=(  442.35   179.07  -3.96) v=3.12 m/s [KF]
[lio] t=1317401211.694 | feat 3377/10313 | map  10558 | icp ok  iter  4 corr  2573 rms 0.0493   17.17 ms | p=(  442.29   178.73  -3.93) v=3.14 m/s
[lio] t=1317401211.798 | feat 3370/10256 | map  10558 | icp ok  iter  4 corr  2558 rms 0.0475   17.57 ms | p=(  442.23   178.41  -3.91) v=3.06 m/s
[lio] t=1317401211.902 | feat 3429/10249 | map  10558 | icp ok  iter  4 corr  2544 rms 0.0572   18.61 ms | p=(  442.17   178.09  -3.89) v=3.04 m/s
[lio] t=1317401212.006 | feat 3458/10275 | map  10558 | icp ok  iter  4 corr  2569 rms 0.0543   17.60 ms | p=(  442.10   177.79  -3.87) v=2.96 m/s [KF]
[lio] t=1317401212.110 | feat 3350/10360 | map  10751 | icp ok  iter  4 corr  2540 rms 0.0548   17.20 ms | p=(  442.02   177.46  -3.85) v=3.05 m/s
[lio] t=1317401212.214 | feat 3495/10437 | map  10751 | icp ok  iter  4 corr  2675 rms 0.0503   17.94 ms | p=(  441.93   177.17  -3.82) v=2.93 m/s
[lio] t=1317401212.319 | feat 3437/10509 | map  10751 | icp ok  iter  4 corr  2608 rms 0.0589   19.34 ms | p=(  441.85   176.87  -3.81) v=2.89 m/s
[lio] t=1317401212.423 | feat 3489/10629 | map  10751 | icp ok  iter  3 corr  2581 rms 0.0595   15.15 ms | p=(  441.74   176.57  -3.79) v=2.90 m/s [KF]
[lio] t=1317401212.527 | feat 3436/10688 | map  10973 | icp ok  iter  4 corr  2619 rms 0.0465   18.66 ms | p=(  441.61   176.28  -3.78) v=2.98 m/s
[lio] t=1317401212.631 | feat 3529/10848 | map  10973 | icp ok  iter  3 corr  2685 rms 0.0513   15.11 ms | p=(  441.48   175.99  -3.77) v=3.06 m/s
[lio] t=1317401212.735 | feat 3541/10890 | map  10973 | icp ok  iter  3 corr  2700 rms 0.0594   15.28 ms | p=(  441.35   175.70  -3.76) v=3.06 m/s
[lio] t=1317401212.840 | feat 3586/10973 | map  10973 | icp ok  iter  4 corr  2737 rms 0.0676   21.19 ms | p=(  441.19   175.40  -3.75) v=3.20 m/s [KF]
[lio] t=1317401212.944 | feat 3590/10875 | map  11175 | icp ok  iter  4 corr  2776 rms 0.0570   21.64 ms | p=(  441.01   175.10  -3.74) v=3.30 m/s
[lio] t=1317401213.048 | feat 3514/10890 | map  11175 | icp ok  iter  3 corr  2732 rms 0.0594   17.55 ms | p=(  440.81   174.82  -3.71) v=3.34 m/s
[lio] t=1317401213.152 | feat 3471/10895 | map  11175 | icp ok  iter  4 corr  2640 rms 0.0651   20.85 ms | p=(  440.58   174.53  -3.68) v=3.50 m/s [KF]
[lio] t=1317401213.256 | feat 3405/11036 | map  11365 | icp ok  iter  6 corr  2606 rms 0.0680   27.66 ms | p=(  440.33   174.23  -3.64) v=3.73 m/s
[lio] t=1317401213.361 | feat 3471/11064 | map  11365 | icp ok  iter  5 corr  2672 rms 0.0740   26.69 ms | p=(  440.10   173.94  -3.62) v=3.68 m/s
[lio] t=1317401213.465 | feat 3427/10968 | map  11365 | icp ok  iter  4 corr  2679 rms 0.0950   22.37 ms | p=(  439.81   173.66  -3.59) v=3.81 m/s [KF]
[lio] t=1317401213.569 | feat 3362/10935 | map  11555 | icp ok  iter  4 corr  2583 rms 0.0659   20.53 ms | p=(  439.51   173.38  -3.57) v=3.94 m/s
[lio] t=1317401213.673 | feat 3550/10970 | map  11555 | icp ok  iter  5 corr  2746 rms 0.0788   25.78 ms | p=(  439.16   173.08  -3.53) v=4.31 m/s
[lio] t=1317401213.777 | feat 3449/10959 | map  11555 | icp ok  iter  5 corr  2638 rms 0.0879   27.40 ms | p=(  438.84   172.81  -3.50) v=4.19 m/s [KF]
[lio] t=1317401213.881 | feat 3303/10987 | map  11755 | icp ok  iter  5 corr  2513 rms 0.0535   24.10 ms | p=(  438.47   172.54  -3.49) v=4.44 m/s
[lio] t=1317401213.985 | feat 3303/10742 | map  11755 | icp ok  iter  4 corr  2511 rms 0.0623   19.51 ms | p=(  438.05   172.27  -3.48) v=4.73 m/s
[lio] t=1317401214.089 | feat 3387/10592 | map  11755 | icp ok  iter  5 corr  2574 rms 0.0591   24.89 ms | p=(  437.60   172.03  -3.46) v=4.89 m/s [KF]
[lio] t=1317401214.193 | feat 3335/10566 | map  11954 | icp ok  iter  4 corr  2539 rms 0.0549   20.23 ms | p=(  437.17   171.81  -3.44) v=4.87 m/s
[lio] t=1317401214.297 | feat 3324/10363 | map  11954 | icp ok  iter  5 corr  2572 rms 0.0654   24.08 ms | p=(  436.67   171.56  -3.43) v=5.30 m/s [KF]
[lio] t=1317401214.401 | feat 3171/10233 | map  12065 | icp ok  iter  4 corr  2421 rms 0.0545   17.02 ms | p=(  436.14   171.34  -3.43) v=5.55 m/s
[lio] t=1317401214.504 | feat 3098/10191 | map  12065 | icp ok  iter  5 corr  2350 rms 0.0553   23.32 ms | p=(  435.64   171.14  -3.41) v=5.41 m/s [KF]
[lio] t=1317401214.608 | feat 3203/10147 | map  12172 | icp ok  iter  4 corr  2493 rms 0.0596   20.62 ms | p=(  435.08   170.95  -3.38) v=5.70 m/s
[lio] t=1317401214.712 | feat 3111/10060 | map  12172 | icp ok  iter  4 corr  2458 rms 0.0639   18.66 ms | p=(  434.50   170.78  -3.36) v=5.91 m/s [KF]
[lio] t=1317401214.816 | feat 3038/10023 | map  12271 | icp ok  iter  4 corr  2397 rms 0.0455   15.99 ms | p=(  433.88   170.59  -3.35) v=6.17 m/s
[lio] t=1317401214.920 | feat 3035/10055 | map  12271 | icp ok  iter  5 corr  2387 rms 0.0593   22.01 ms | p=(  433.26   170.44  -3.33) v=6.28 m/s [KF]
[lio] t=1317401215.023 | feat 2872/9767 | map  12397 | icp ok  iter  5 corr  2285 rms 0.0486   20.41 ms | p=(  432.61   170.28  -3.32) v=6.52 m/s
[lio] t=1317401215.127 | feat 3001/9716 | map  12397 | icp ok  iter  6 corr  2418 rms 0.0639   28.80 ms | p=(  431.91   170.14  -3.30) v=6.87 m/s [KF]
[lio] t=1317401215.231 | feat 2904/9488 | map  12519 | icp ok  iter  4 corr  2372 rms 0.0664   19.86 ms | p=(  431.23   170.00  -3.28) v=6.83 m/s
[lio] t=1317401215.334 | feat 2770/9368 | map  12519 | icp ok  iter  6 corr  2201 rms 0.0736   27.10 ms | p=(  430.50   169.85  -3.26) v=7.18 m/s [KF]
[lio] t=1317401215.438 | feat 2811/9223 | map  12641 | icp ok  iter  4 corr  2269 rms 0.0617   17.36 ms | p=(  429.78   169.71  -3.25) v=7.19 m/s
[lio] t=1317401215.542 | feat 2734/9084 | map  12641 | icp ok  iter  4 corr  2194 rms 0.0716   17.52 ms | p=(  429.06   169.58  -3.23) v=7.22 m/s [KF]
[lio] t=1317401215.645 | feat 2629/8948 | map  12756 | icp ok  iter  5 corr  2128 rms 0.0683   19.97 ms | p=(  428.28   169.45  -3.22) v=7.59 m/s
[lio] t=1317401215.749 | feat 2621/8707 | map  12756 | icp ok  iter  5 corr  2095 rms 0.0614   20.07 ms | p=(  427.51   169.34  -3.21) v=7.67 m/s [KF]
[lio] t=1317401215.853 | feat 2652/8534 | map  12866 | icp ok  iter  5 corr  2244 rms 0.0699   20.04 ms | p=(  426.73   169.21  -3.20) v=7.71 m/s
[lio] t=1317401215.957 | feat 2450/8479 | map  12866 | icp ok  iter  6 corr  1999 rms 0.0635   23.08 ms | p=(  425.86   169.06  -3.18) v=8.31 m/s [KF]
[lio] t=1317401216.060 | feat 2545/8475 | map  12948 | icp ok  iter  4 corr  2110 rms 0.0634   15.53 ms | p=(  425.07   168.93  -3.17) v=8.10 m/s
[lio] t=1317401216.164 | feat 2453/8436 | map  12948 | icp ok  iter  4 corr  1959 rms 0.0706   14.77 ms | p=(  424.22   168.79  -3.16) v=8.28 m/s [KF]
[lio] t=1317401216.268 | feat 2460/8331 | map  12949 | icp ok  iter  4 corr  1986 rms 0.0600   14.75 ms | p=(  423.34   168.65  -3.13) v=8.56 m/s
[lio] t=1317401216.372 | feat 2444/8292 | map  12949 | icp ok  iter  5 corr  2003 rms 0.0717   17.66 ms | p=(  422.50   168.48  -3.14) v=8.49 m/s [KF]
[lio] t=1317401216.475 | feat 2364/8271 | map  12914 | icp ok  iter  4 corr  1875 rms 0.0594   14.42 ms | p=(  421.60   168.31  -3.11) v=8.74 m/s
[lio] t=1317401216.579 | feat 2342/8179 | map  12914 | icp ok  iter  5 corr  1806 rms 0.0726   17.72 ms | p=(  420.69   168.14  -3.09) v=8.85 m/s [KF]
[lio] t=1317401216.683 | feat 2323/8141 | map  13009 | icp ok  iter  4 corr  1848 rms 0.0604   14.53 ms | p=(  419.80   167.97  -3.08) v=8.82 m/s
[lio] t=1317401216.787 | feat 2318/8261 | map  13009 | icp ok  iter  4 corr  1790 rms 0.0616   13.29 ms | p=(  418.92   167.82  -3.07) v=8.78 m/s [KF]
[lio] t=1317401216.891 | feat 2316/8341 | map  12957 | icp ok  iter  4 corr  1802 rms 0.0661   13.02 ms | p=(  418.01   167.65  -3.06) v=8.88 m/s
[lio] t=1317401216.995 | feat 2294/8307 | map  12957 | icp ok  iter  5 corr  1800 rms 0.0539   16.04 ms | p=(  417.08   167.46  -3.02) v=9.06 m/s [KF]
[lio] t=1317401217.099 | feat 2349/8339 | map  12864 | icp ok  iter  3 corr  1819 rms 0.0559    9.89 ms | p=(  416.15   167.28  -3.01) v=9.09 m/s
[lio] t=1317401217.203 | feat 2247/8381 | map  12864 | icp ok  iter  4 corr  1681 rms 0.0571   12.15 ms | p=(  415.24   167.10  -2.99) v=8.95 m/s [KF]
[lio] t=1317401217.306 | feat 2374/8338 | map  12852 | icp ok  iter  5 corr  1880 rms 0.0676   18.12 ms | p=(  414.31   166.90  -2.98) v=9.09 m/s
[lio] t=1317401217.410 | feat 2261/8329 | map  12852 | icp ok  iter  3 corr  1763 rms 0.0674    9.87 ms | p=(  413.38   166.73  -2.95) v=9.09 m/s [KF]
[lio] t=1317401217.514 | feat 2209/8327 | map  12895 | icp ok  iter  4 corr  1789 rms 0.0845   13.17 ms | p=(  412.45   166.52  -2.94) v=9.11 m/s
[lio] t=1317401217.618 | feat 2275/8261 | map  12895 | icp ok  iter  4 corr  1763 rms 0.0810   12.98 ms | p=(  411.55   166.35  -2.94) v=8.88 m/s [KF]
[lio] t=1317401217.722 | feat 2222/8162 | map  12957 | icp ok  iter  4 corr  1756 rms 0.0810   12.13 ms | p=(  410.61   166.17  -2.94) v=9.05 m/s
[lio] t=1317401217.826 | feat 2073/7941 | map  12957 | icp ok  iter  4 corr  1611 rms 0.0901   10.95 ms | p=(  409.71   165.99  -2.92) v=8.90 m/s [KF]
[lio] t=1317401217.930 | feat 2026/7882 | map  12924 | icp ok  iter  4 corr  1571 rms 0.0980   11.49 ms | p=(  408.78   165.79  -2.92) v=9.03 m/s
[lio] t=1317401218.034 | feat 2056/7786 | map  12924 | icp ok  iter  4 corr  1557 rms 0.0684   12.25 ms | p=(  407.87   165.61  -2.88) v=8.90 m/s [KF]
[lio] t=1317401218.138 | feat 1983/7528 | map  12817 | icp ok  iter  5 corr  1501 rms 0.0540   12.70 ms | p=(  406.92   165.43  -2.90) v=9.13 m/s
[lio] t=1317401218.242 | feat 2037/7518 | map  12817 | icp ok  iter  6 corr  1506 rms 0.0588   16.17 ms | p=(  406.03   165.24  -2.88) v=8.92 m/s [KF]
[lio] t=1317401218.346 | feat 1917/7463 | map  12770 | icp ok  iter  4 corr  1417 rms 0.0519   10.51 ms | p=(  405.12   165.05  -2.86) v=8.89 m/s
[lio] t=1317401218.450 | feat 1960/7439 | map  12770 | icp ok  iter  5 corr  1436 rms 0.0703   12.89 ms | p=(  404.24   164.88  -2.86) v=8.68 m/s [KF]
[lio] t=1317401218.554 | feat 2078/7393 | map  12731 | icp ok  iter  4 corr  1641 rms 0.0814   11.22 ms | p=(  403.33   164.69  -2.84) v=8.79 m/s
[lio] t=1317401218.658 | feat 2036/7438 | map  12731 | icp ok  iter  4 corr  1520 rms 0.0839   10.13 ms | p=(  402.44   164.50  -2.83) v=8.70 m/s [KF]
[lio] t=1317401218.762 | feat 2073/7672 | map  12629 | icp ok  iter  4 corr  1576 rms 0.0818   12.57 ms | p=(  401.55   164.31  -2.81) v=8.70 m/s
[lio] t=1317401218.866 | feat 2052/7602 | map  12629 | icp ok  iter  4 corr  1462 rms 0.0767   11.53 ms | p=(  400.66   164.13  -2.79) v=8.64 m/s [KF]
[lio] t=1317401218.970 | feat 2024/7516 | map  12561 | icp ok  iter  4 corr  1460 rms 0.0698   10.28 ms | p=(  399.80   163.96  -2.78) v=8.38 m/s
[lio] t=1317401219.074 | feat 2005/7418 | map  12561 | icp ok  iter  5 corr  1448 rms 0.0601   12.60 ms | p=(  398.97   163.76  -2.75) v=8.19 m/s [KF]
[lio] t=1317401219.178 | feat 1972/7478 | map  12390 | icp ok  iter  8 corr  1415 rms 0.0579   18.85 ms | p=(  398.10   163.59  -2.73) v=8.26 m/s
[lio] t=1317401219.282 | feat 2031/7444 | map  12390 | icp ok  iter  5 corr  1451 rms 0.0665   13.30 ms | p=(  397.31   163.39  -2.72) v=7.88 m/s [KF]
[lio] t=1317401219.386 | feat 2157/7289 | map  12195 | icp ok  iter  4 corr  1558 rms 0.0610   11.69 ms | p=(  396.52   163.20  -2.70) v=7.72 m/s
[lio] t=1317401219.490 | feat 2218/7241 | map  12195 | icp ok  iter  4 corr  1585 rms 0.0631   12.12 ms | p=(  395.73   163.02  -2.68) v=7.60 m/s [KF]
[lio] t=1317401219.594 | feat 2258/7341 | map  12074 | icp ok  iter  5 corr  1601 rms 0.0456   13.31 ms | p=(  394.99   162.84  -2.65) v=7.26 m/s
[lio] t=1317401219.698 | feat 2222/7359 | map  12074 | icp ok  iter  4 corr  1596 rms 0.0521   11.14 ms | p=(  394.25   162.67  -2.64) v=7.12 m/s [KF]
[lio] t=1317401219.802 | feat 2304/7372 | map  11965 | icp ok  iter  4 corr  1660 rms 0.0705   10.98 ms | p=(  393.54   162.49  -2.63) v=6.95 m/s
[lio] t=1317401219.906 | feat 2325/7555 | map  11965 | icp ok  iter  4 corr  1683 rms 0.0551   11.55 ms | p=(  392.87   162.32  -2.60) v=6.59 m/s [KF]
[lio] t=1317401220.010 | feat 2356/7687 | map  11865 | icp ok  iter  4 corr  1734 rms 0.0499   11.20 ms | p=(  392.20   162.17  -2.59) v=6.48 m/s
[lio] t=1317401220.114 | feat 2374/7702 | map  11865 | icp ok  iter  7 corr  1691 rms 0.0521   19.84 ms | p=(  391.54   162.00  -2.57) v=6.44 m/s [KF]
[lio] t=1317401220.218 | feat 2384/7765 | map  11683 | icp ok  iter  4 corr  1779 rms 0.0857   12.71 ms | p=(  390.89   161.83  -2.57) v=6.38 m/s
[lio] t=1317401220.322 | feat 2513/7845 | map  11683 | icp ok  iter  6 corr  1826 rms 0.0479   20.89 ms | p=(  390.28   161.66  -2.54) v=6.12 m/s [KF]
[lio] t=1317401220.426 | feat 2507/8001 | map  11603 | icp ok  iter  5 corr  1875 rms 0.0440   15.96 ms | p=(  389.65   161.53  -2.53) v=6.04 m/s
[lio] t=1317401220.530 | feat 2573/8144 | map  11603 | icp ok  iter  3 corr  1872 rms 0.0550   10.18 ms | p=(  389.04   161.37  -2.51) v=5.83 m/s [KF]
[lio] t=1317401220.634 | feat 2711/8288 | map  11606 | icp ok  iter  4 corr  2067 rms 0.0604   14.28 ms | p=(  388.47   161.22  -2.52) v=5.54 m/s
[lio] t=1317401220.738 | feat 2724/8278 | map  11606 | icp ok  iter  4 corr  2022 rms 0.0470   14.07 ms | p=(  387.93   161.09  -2.50) v=5.26 m/s [KF]
[lio] t=1317401220.842 | feat 2830/8389 | map  11541 | icp ok  iter  4 corr  2185 rms 0.0512   16.56 ms | p=(  387.43   160.96  -2.48) v=4.86 m/s
[lio] t=1317401220.946 | feat 2678/8449 | map  11541 | icp ok  iter  4 corr  2060 rms 0.0462   14.28 ms | p=(  386.94   160.83  -2.46) v=4.64 m/s [KF]
[lio] t=1317401221.050 | feat 2731/8567 | map  11452 | icp ok  iter  4 corr  2172 rms 0.0521   15.61 ms | p=(  386.47   160.73  -2.46) v=4.51 m/s
[lio] t=1317401221.154 | feat 2811/8728 | map  11452 | icp ok  iter  4 corr  2246 rms 0.0543   16.81 ms | p=(  386.02   160.62  -2.45) v=4.41 m/s
[lio] t=1317401221.258 | feat 2784/8831 | map  11452 | icp ok  iter  4 corr  2188 rms 0.0713   16.78 ms | p=(  385.55   160.50  -2.43) v=4.54 m/s [KF]
[lio] t=1317401221.362 | feat 2788/8909 | map  11397 | icp ok  iter  4 corr  2241 rms 0.0628   15.99 ms | p=(  385.10   160.38  -2.43) v=4.47 m/s
[lio] t=1317401221.466 | feat 2911/9013 | map  11397 | icp ok  iter  3 corr  2325 rms 0.0449   12.24 ms | p=(  384.64   160.29  -2.42) v=4.45 m/s
[lio] t=1317401221.570 | feat 2973/9088 | map  11397 | icp ok  iter  4 corr  2361 rms 0.0466   15.91 ms | p=(  384.20   160.18  -2.41) v=4.39 m/s [KF]
[lio] t=1317401221.674 | feat 2966/9367 | map  11335 | icp ok  iter  3 corr  2398 rms 0.0529   13.98 ms | p=(  383.75   160.07  -2.40) v=4.35 m/s
[lio] t=1317401221.778 | feat 3008/9614 | map  11335 | icp ok  iter  4 corr  2457 rms 0.0533   18.00 ms | p=(  383.31   159.95  -2.39) v=4.33 m/s
[lio] t=1317401221.882 | feat 3121/9864 | map  11335 | icp ok  iter  4 corr  2462 rms 0.0586   17.98 ms | p=(  382.85   159.85  -2.38) v=4.39 m/s [KF]
[lio] t=1317401221.986 | feat 3079/10088 | map  11477 | icp ok  iter  4 corr  2561 rms 0.0512   16.71 ms | p=(  382.44   159.75  -2.37) v=4.12 m/s
[lio] t=1317401222.090 | feat 3118/10256 | map  11477 | icp ok  iter  4 corr  2556 rms 0.0639   17.67 ms | p=(  382.02   159.65  -2.35) v=4.13 m/s
[lio] t=1317401222.194 | feat 3118/10319 | map  11477 | icp ok  iter  5 corr  2504 rms 0.0483   20.92 ms | p=(  381.60   159.54  -2.35) v=4.14 m/s [KF]
[lio] t=1317401222.298 | feat 3077/10357 | map  11602 | icp ok  iter  4 corr  2512 rms 0.0484   17.24 ms | p=(  381.17   159.43  -2.33) v=4.20 m/s
[lio] t=1317401222.402 | feat 2951/10448 | map  11602 | icp ok  iter  4 corr  2438 rms 0.0492   18.41 ms | p=(  380.75   159.32  -2.32) v=4.23 m/s
[lio] t=1317401222.505 | feat 2821/10518 | map  11602 | icp ok  iter  4 corr  2292 rms 0.0700   17.88 ms | p=(  380.30   159.20  -2.30) v=4.45 m/s [KF]
[lio] t=1317401222.609 | feat 2919/10544 | map  11675 | icp ok  iter  4 corr  2424 rms 0.0516   16.01 ms | p=(  379.86   159.08  -2.28) v=4.50 m/s
[lio] t=1317401222.713 | feat 3031/10595 | map  11675 | icp ok  iter  4 corr  2469 rms 0.0485   19.07 ms | p=(  379.41   158.94  -2.26) v=4.58 m/s
[lio] t=1317401222.817 | feat 3121/10577 | map  11675 | icp ok  iter  6 corr  2468 rms 0.0487   24.44 ms | p=(  378.94   158.82  -2.24) v=4.66 m/s [KF]
[lio] t=1317401222.921 | feat 3099/10722 | map  11869 | icp ok  iter  4 corr  2535 rms 0.0502   18.98 ms | p=(  378.48   158.70  -2.23) v=4.66 m/s
[lio] t=1317401223.025 | feat 3192/10731 | map  11869 | icp ok  iter  3 corr  2563 rms 0.0631   15.31 ms | p=(  378.01   158.56  -2.22) v=4.78 m/s
[lio] t=1317401223.129 | feat 3156/10781 | map  11869 | icp ok  iter  5 corr  2468 rms 0.0627   22.22 ms | p=(  377.49   158.41  -2.22) v=5.07 m/s [KF]
[lio] t=1317401223.233 | feat 3102/10679 | map  12038 | icp ok  iter  6 corr  2518 rms 0.0514   26.46 ms | p=(  377.00   158.26  -2.21) v=5.10 m/s
[lio] t=1317401223.337 | feat 3153/10674 | map  12038 | icp ok  iter  4 corr  2511 rms 0.0497   18.47 ms | p=(  376.47   158.10  -2.21) v=5.33 m/s [KF]
[lio] t=1317401223.441 | feat 3145/10702 | map  12192 | icp ok  iter  4 corr  2542 rms 0.0495   18.09 ms | p=(  375.94   157.94  -2.20) v=5.40 m/s
[lio] t=1317401223.545 | feat 3067/10837 | map  12192 | icp ok  iter  3 corr  2468 rms 0.0521   13.53 ms | p=(  375.39   157.78  -2.18) v=5.52 m/s [KF]
[lio] t=1317401223.649 | feat 3092/10799 | map  12094 | icp ok  iter  4 corr  2525 rms 0.0476   19.52 ms | p=(  374.83   157.60  -2.18) v=5.69 m/s
[lio] t=1317401223.753 | feat 2952/10690 | map  12094 | icp ok  iter  4 corr  2370 rms 0.0569   17.93 ms | p=(  374.26   157.43  -2.17) v=5.80 m/s [KF]
[lio] t=1317401223.857 | feat 2873/10632 | map  12040 | icp ok  iter  4 corr  2319 rms 0.0456   16.97 ms | p=(  373.67   157.24  -2.17) v=6.03 m/s
[lio] t=1317401223.961 | feat 3025/10556 | map  12040 | icp ok  iter  4 corr  2395 rms 0.0565   17.61 ms | p=(  373.05   157.05  -2.17) v=6.27 m/s [KF]
[lio] t=1317401224.065 | feat 2972/10374 | map  12074 | icp ok  iter  4 corr  2346 rms 0.0666   17.23 ms | p=(  372.42   156.88  -2.16) v=6.37 m/s
[lio] t=1317401224.169 | feat 2918/10436 | map  12074 | icp ok  iter  3 corr  2329 rms 0.0531   13.12 ms | p=(  371.79   156.69  -2.14) v=6.43 m/s [KF]
[lio] t=1317401224.273 | feat 2964/10401 | map  12046 | icp ok  iter  4 corr  2431 rms 0.0486   17.10 ms | p=(  371.12   156.48  -2.14) v=6.70 m/s
[lio] t=1317401224.377 | feat 2999/10429 | map  12046 | icp ok  iter  4 corr  2419 rms 0.0446   16.32 ms | p=(  370.46   156.31  -2.13) v=6.72 m/s [KF]
[lio] t=1317401224.482 | feat 2960/10166 | map  12117 | icp ok  iter  4 corr  2358 rms 0.0448   17.06 ms | p=(  369.77   156.10  -2.13) v=6.93 m/s
[lio] t=1317401224.586 | feat 2878/9942 | map  12117 | icp ok  iter  4 corr  2217 rms 0.0478   16.07 ms | p=(  369.06   155.91  -2.12) v=7.10 m/s [KF]
[lio] t=1317401224.690 | feat 2987/9694 | map  12155 | icp ok  iter  4 corr  2324 rms 0.0432   18.57 ms | p=(  368.33   155.74  -2.13) v=7.31 m/s
[lio] t=1317401224.794 | feat 2902/9507 | map  12155 | icp ok  iter  5 corr  2180 rms 0.0741   20.53 ms | p=(  367.56   155.54  -2.11) v=7.58 m/s [KF]
[lio] t=1317401224.898 | feat 2952/9423 | map  12188 | icp ok  iter  4 corr  2222 rms 0.0540   15.35 ms | p=(  366.80   155.38  -2.11) v=7.61 m/s
[lio] t=1317401225.002 | feat 2830/9230 | map  12188 | icp ok  iter  3 corr  2103 rms 0.0606   12.40 ms | p=(  366.02   155.23  -2.10) v=7.73 m/s [KF]
[lio] t=1317401225.106 | feat 2842/8983 | map  12250 | icp ok  iter  6 corr  2169 rms 0.0643   22.13 ms | p=(  365.18   155.08  -2.10) v=8.13 m/s
[lio] t=1317401225.210 | feat 2866/8991 | map  12250 | icp ok  iter  4 corr  2122 rms 0.0656   15.72 ms | p=(  364.35   154.93  -2.09) v=8.19 m/s [KF]
[lio] t=1317401225.314 | feat 2802/8885 | map  12334 | icp ok  iter  7 corr  2055 rms 0.0600   27.35 ms | p=(  363.50   154.81  -2.08) v=8.38 m/s
[lio] t=1317401225.418 | feat 2627/8842 | map  12334 | icp ok  iter  4 corr  1863 rms 0.0443   14.96 ms | p=(  362.63   154.66  -2.07) v=8.50 m/s [KF]
[lio] t=1317401225.522 | feat 2502/8789 | map  12371 | icp ok  iter  4 corr  1762 rms 0.0376   12.88 ms | p=(  361.77   154.54  -2.07) v=8.49 m/s
[lio] t=1317401225.626 | feat 2566/8738 | map  12371 | icp ok  iter  5 corr  1825 rms 0.0744   17.51 ms | p=(  360.87   154.39  -2.06) v=8.76 m/s [KF]
[lio] t=1317401225.730 | feat 2467/8621 | map  12426 | icp ok  iter  5 corr  1780 rms 0.0557   15.40 ms | p=(  359.98   154.29  -2.06) v=8.79 m/s
[lio] t=1317401225.833 | feat 2487/8454 | map  12426 | icp ok  iter  5 corr  1748 rms 0.0480   16.19 ms | p=(  359.06   154.15  -2.07) v=8.98 m/s [KF]
[lio] t=1317401225.937 | feat 2497/8462 | map  12481 | icp ok  iter  6 corr  1794 rms 0.0502   19.58 ms | p=(  358.14   154.03  -2.04) v=9.02 m/s
[lio] t=1317401226.041 | feat 2358/8377 | map  12481 | icp ok  iter  5 corr  1684 rms 0.0482   14.29 ms | p=(  357.19   153.90  -2.04) v=9.20 m/s [KF]
[lio] t=1317401226.145 | feat 2365/8427 | map  12512 | icp ok  iter  5 corr  1684 rms 0.0442   14.08 ms | p=(  356.25   153.78  -2.04) v=9.27 m/s
[lio] t=1317401226.249 | feat 2315/8486 | map  12512 | icp ok  iter  4 corr  1601 rms 0.0500   11.95 ms | p=(  355.28   153.65  -2.06) v=9.40 m/s [KF]
[lio] t=1317401226.353 | feat 2308/8486 | map  12507 | icp ok  iter  4 corr  1598 rms 0.0450   11.16 ms | p=(  354.33   153.52  -2.05) v=9.39 m/s
[lio] t=1317401226.457 | feat 2369/8543 | map  12507 | icp ok  iter  5 corr  1613 rms 0.0485   14.76 ms | p=(  353.33   153.38  -2.03) v=9.64 m/s [KF]
[lio] t=1317401226.561 | feat 2292/8559 | map  12487 | icp ok  iter  3 corr  1602 rms 0.0431    8.86 ms | p=(  352.34   153.25  -2.02) v=9.64 m/s
[lio] t=1317401226.664 | feat 2311/8645 | map  12487 | icp ok  iter  3 corr  1531 rms 0.0640    8.97 ms | p=(  351.35   153.10  -2.02) v=9.68 m/s [KF]
[lio] t=1317401226.768 | feat 2316/8445 | map  12511 | icp ok  iter  4 corr  1599 rms 0.0471   12.04 ms | p=(  350.37   152.96  -2.01) v=9.59 m/s
[lio] t=1317401226.872 | feat 2232/8622 | map  12511 | icp ok  iter  2 corr  1491 rms 0.0687    5.51 ms | p=(  349.38   152.82  -2.01) v=9.56 m/s [KF]
[lio] t=1317401226.976 | feat 2405/8593 | map  12484 | icp ok  iter  4 corr  1639 rms 0.0563   12.16 ms | p=(  348.39   152.67  -2.00) v=9.58 m/s
[lio] t=1317401227.080 | feat 2405/8582 | map  12484 | icp ok  iter  4 corr  1560 rms 0.0692   11.74 ms | p=(  347.40   152.52  -1.99) v=9.62 m/s [KF]
[lio] t=1317401227.184 | feat 2502/8435 | map  12558 | icp ok  iter  3 corr  1695 rms 0.0532   10.38 ms | p=(  346.42   152.38  -1.98) v=9.59 m/s
[lio] t=1317401227.288 | feat 2560/8391 | map  12558 | icp ok  iter  4 corr  1712 rms 0.0489   12.10 ms | p=(  345.42   152.22  -1.98) v=9.65 m/s [KF]
[lio] t=1317401227.391 | feat 2409/8387 | map  12585 | icp ok  iter  5 corr  1611 rms 0.0401   12.87 ms | p=(  344.45   152.05  -1.96) v=9.54 m/s
[lio] t=1317401227.495 | feat 2481/8299 | map  12585 | icp ok  iter  4 corr  1668 rms 0.0419   12.61 ms | p=(  343.47   151.88  -1.96) v=9.52 m/s [KF]
[lio] t=1317401227.599 | feat 2386/8459 | map  12464 | icp ok  iter  4 corr  1669 rms 0.0492   12.23 ms | p=(  342.49   151.70  -1.93) v=9.54 m/s
[lio] t=1317401227.703 | feat 2373/8370 | map  12464 | icp ok  iter  4 corr  1648 rms 0.0583   13.19 ms | p=(  341.53   151.51  -1.93) v=9.45 m/s [KF]
[lio] t=1317401227.807 | feat 2445/8360 | map  12278 | icp ok  iter  4 corr  1735 rms 0.0496   12.76 ms | p=(  340.56   151.33  -1.92) v=9.46 m/s
[lio] t=1317401227.911 | feat 2287/8417 | map  12278 | icp ok  iter  4 corr  1533 rms 0.0500   11.65 ms | p=(  339.62   151.13  -1.91) v=9.33 m/s [KF]
[lio] t=1317401228.014 | feat 2414/8373 | map  12226 | icp ok  iter  3 corr  1697 rms 0.0698    9.39 ms | p=(  338.66   150.94  -1.90) v=9.35 m/s
[lio] t=1317401228.118 | feat 2458/8488 | map  12226 | icp ok  iter  4 corr  1731 rms 0.1109   12.25 ms | p=(  337.71   150.74  -1.87) v=9.29 m/s [KF]
[lio] t=1317401228.222 | feat 2544/8456 | map  12103 | icp ok  iter  2 corr  1799 rms 0.0641    6.93 ms | p=(  336.77   150.53  -1.87) v=9.17 m/s
[lio] t=1317401228.326 | feat 2531/8571 | map  12103 | icp ok  iter  3 corr  1743 rms 0.0734   10.45 ms | p=(  335.85   150.33  -1.86) v=8.95 m/s [KF]
[lio] t=1317401228.430 | feat 2489/8597 | map  11908 | icp ok  iter  4 corr  1746 rms 0.0766   12.25 ms | p=(  334.95   150.13  -1.87) v=8.79 m/s
[lio] t=1317401228.534 | feat 2578/8610 | map  11908 | icp ok  iter  4 corr  1770 rms 0.0632   13.99 ms | p=(  334.06   149.93  -1.84) v=8.62 m/s [KF]
[lio] t=1317401228.638 | feat 2594/8666 | map  11757 | icp ok  iter  3 corr  1825 rms 0.0415    9.27 ms | p=(  333.21   149.75  -1.83) v=8.36 m/s
[lio] t=1317401228.742 | feat 2535/8719 | map  11757 | icp ok  iter  4 corr  1762 rms 0.0486   11.69 ms | p=(  332.39   149.57  -1.83) v=8.02 m/s [KF]
[lio] t=1317401228.846 | feat 2678/8769 | map  11664 | icp ok  iter  4 corr  1923 rms 0.0445   13.78 ms | p=(  331.57   149.39  -1.81) v=7.85 m/s
[lio] t=1317401228.950 | feat 2717/8783 | map  11664 | icp ok  iter  4 corr  1956 rms 0.0466   13.89 ms | p=(  330.78   149.22  -1.80) v=7.60 m/s [KF]
[lio] t=1317401229.054 | feat 2758/8904 | map  11526 | icp ok  iter  3 corr  2001 rms 0.0517   11.32 ms | p=(  330.03   149.05  -1.78) v=7.32 m/s
[lio] t=1317401229.158 | feat 2820/8935 | map  11526 | icp ok  iter  3 corr  2003 rms 0.0455   11.49 ms | p=(  329.30   148.89  -1.78) v=7.07 m/s [KF]
[lio] t=1317401229.262 | feat 2844/9000 | map  11447 | icp ok  iter  3 corr  2065 rms 0.0419   10.65 ms | p=(  328.59   148.73  -1.77) v=6.81 m/s
[lio] t=1317401229.366 | feat 2938/9036 | map  11447 | icp ok  iter  4 corr  2111 rms 0.0513   14.68 ms | p=(  327.91   148.57  -1.76) v=6.51 m/s [KF]
[lio] t=1317401229.470 | feat 2918/9126 | map  11430 | icp ok  iter  4 corr  2148 rms 0.0533   15.46 ms | p=(  327.26   148.41  -1.75) v=6.28 m/s
[lio] t=1317401229.574 | feat 3053/9199 | map  11430 | icp ok  iter  3 corr  2228 rms 0.0748   12.06 ms | p=(  326.64   148.28  -1.75) v=5.94 m/s [KF]
[lio] t=1317401229.678 | feat 2992/9361 | map  11379 | icp ok  iter  5 corr  2253 rms 0.0550   17.77 ms | p=(  326.07   148.15  -1.74) v=5.58 m/s
[lio] t=1317401229.782 | feat 3119/9324 | map  11379 | icp ok  iter  4 corr  2260 rms 0.0618   16.92 ms | p=(  325.51   148.03  -1.73) v=5.33 m/s [KF]
[lio] t=1317401229.886 | feat 3210/9372 | map  11477 | icp ok  iter  5 corr  2454 rms 0.0461   22.74 ms | p=(  324.97   147.91  -1.72) v=5.07 m/s
[lio] t=1317401229.990 | feat 3203/9480 | map  11477 | icp ok  iter  3 corr  2411 rms 0.0434   13.05 ms | p=(  324.48   147.81  -1.72) v=4.74 m/s [KF]
[lio] t=1317401230.094 | feat 3161/9404 | map  11440 | icp ok  iter  4 corr  2420 rms 0.0569   17.09 ms | p=(  324.00   147.69  -1.71) v=4.53 m/s
[lio] t=1317401230.198 | feat 3179/9418 | map  11440 | icp ok  iter  4 corr  2447 rms 0.0533   18.17 ms | p=(  323.56   147.61  -1.72) v=4.23 m/s
[lio] t=1317401230.301 | feat 3206/9598 | map  11440 | icp ok  iter  4 corr  2428 rms 0.0551   17.89 ms | p=(  323.13   147.50  -1.71) v=4.18 m/s [KF]
[lio] t=1317401230.405 | feat 3453/9853 | map  11480 | icp ok  iter  3 corr  2705 rms 0.0540   15.16 ms | p=(  322.72   147.42  -1.71) v=4.00 m/s
[lio] t=1317401230.509 | feat 3494/10044 | map  11480 | icp ok  iter  4 corr  2758 rms 0.0483   19.56 ms | p=(  322.30   147.34  -1.70) v=4.02 m/s
[lio] t=1317401230.613 | feat 3493/10230 | map  11480 | icp ok  iter  4 corr  2693 rms 0.0517   20.44 ms | p=(  321.88   147.24  -1.70) v=4.07 m/s [KF]
[lio] t=1317401230.717 | feat 3508/10444 | map  11558 | icp ok  iter  4 corr  2727 rms 0.0541   20.63 ms | p=(  321.47   147.14  -1.71) v=4.04 m/s
[lio] t=1317401230.821 | feat 3598/10497 | map  11558 | icp ok  iter  4 corr  2820 rms 0.0500   19.43 ms | p=(  321.06   147.04  -1.71) v=4.01 m/s
[lio] t=1317401230.925 | feat 3784/10710 | map  11558 | icp ok  iter  4 corr  2882 rms 0.0537   22.26 ms | p=(  320.67   146.97  -1.70) v=3.90 m/s [KF]
[lio] t=1317401231.029 | feat 3899/10895 | map  11737 | icp ok  iter  3 corr  3113 rms 0.0494   16.37 ms | p=(  320.27   146.89  -1.69) v=3.89 m/s
[lio] t=1317401231.133 | feat 3928/11091 | map  11737 | icp ok  iter  4 corr  3112 rms 0.0516   21.76 ms | p=(  319.86   146.79  -1.67) v=3.92 m/s
[lio] t=1317401231.237 | feat 3929/11164 | map  11737 | icp ok  iter  3 corr  3104 rms 0.0475   17.46 ms | p=(  319.47   146.71  -1.66) v=3.83 m/s [KF]
[lio] t=1317401231.341 | feat 4046/11303 | map  11979 | icp ok  iter  4 corr  3340 rms 0.0436   23.62 ms | p=(  319.07   146.61  -1.66) v=3.90 m/s
[lio] t=1317401231.445 | feat 3870/11283 | map  11979 | icp ok  iter  5 corr  3068 rms 0.0472   28.44 ms | p=(  318.70   146.51  -1.67) v=3.74 m/s
[lio] t=1317401231.549 | feat 3965/11317 | map  11979 | icp ok  iter  5 corr  3105 rms 0.0608   27.92 ms | p=(  318.30   146.43  -1.66) v=3.91 m/s [KF]
[lio] t=1317401231.653 | feat 3892/11518 | map  12220 | icp ok  iter  3 corr  3169 rms 0.0443   17.62 ms | p=(  317.90   146.33  -1.65) v=3.96 m/s
[lio] t=1317401231.757 | feat 3817/11615 | map  12220 | icp ok  iter  3 corr  3065 rms 0.0453   17.87 ms | p=(  317.50   146.22  -1.65) v=4.00 m/s
[lio] t=1317401231.861 | feat 3744/11662 | map  12220 | icp ok  iter  4 corr  3061 rms 0.0479   22.23 ms | p=(  317.11   146.13  -1.65) v=3.96 m/s [KF]
[lio] t=1317401231.965 | feat 3760/11568 | map  12338 | icp ok  iter  4 corr  3122 rms 0.0394   21.77 ms | p=(  316.70   146.03  -1.64) v=4.08 m/s
[lio] t=1317401232.068 | feat 3783/11697 | map  12338 | icp ok  iter  4 corr  3146 rms 0.0437   21.09 ms | p=(  316.27   145.93  -1.63) v=4.21 m/s
[lio] t=1317401232.172 | feat 3837/11733 | map  12338 | icp ok  iter  4 corr  3209 rms 0.0481   23.06 ms | p=(  315.84   145.81  -1.62) v=4.29 m/s [KF]
[lio] t=1317401232.276 | feat 3655/11739 | map  12535 | icp ok  iter  4 corr  3084 rms 0.0518   21.30 ms | p=(  315.41   145.69  -1.62) v=4.32 m/s
[lio] t=1317401232.380 | feat 3530/11651 | map  12535 | icp ok  iter  4 corr  2961 rms 0.0397   20.58 ms | p=(  314.98   145.56  -1.63) v=4.42 m/s
[lio] t=1317401232.484 | feat 3654/11607 | map  12535 | icp ok  iter  4 corr  3049 rms 0.0618   23.37 ms | p=(  314.53   145.42  -1.63) v=4.57 m/s [KF]
[lio] t=1317401232.588 | feat 3582/11595 | map  12667 | icp ok  iter  3 corr  2977 rms 0.0424   16.25 ms | p=(  314.05   145.29  -1.62) v=4.77 m/s
[lio] t=1317401232.692 | feat 3536/11612 | map  12667 | icp ok  iter  3 corr  2901 rms 0.0411   15.22 ms | p=(  313.58   145.15  -1.61) v=4.85 m/s
[lio] t=1317401232.796 | feat 3558/11556 | map  12667 | icp ok  iter  4 corr  2880 rms 0.0461   21.73 ms | p=(  313.08   145.00  -1.60) v=5.02 m/s [KF]
[lio] t=1317401232.900 | feat 3531/11596 | map  12781 | icp ok  iter  4 corr  2922 rms 0.0520   20.67 ms | p=(  312.57   144.84  -1.58) v=5.17 m/s
[lio] t=1317401233.004 | feat 3580/11666 | map  12781 | icp ok  iter  3 corr  2980 rms 0.0558   15.79 ms | p=(  312.05   144.68  -1.58) v=5.31 m/s [KF]
[lio] t=1317401233.108 | feat 3608/11493 | map  12936 | icp ok  iter  4 corr  3016 rms 0.0506   21.47 ms | p=(  311.52   144.50  -1.57) v=5.46 m/s
[lio] t=1317401233.212 | feat 3465/11333 | map  12936 | icp ok  iter  4 corr  2869 rms 0.0628   21.75 ms | p=(  310.98   144.33  -1.57) v=5.52 m/s [KF]
[lio] t=1317401233.316 | feat 3590/11261 | map  13016 | icp ok  iter  4 corr  2915 rms 0.0444   20.40 ms | p=(  310.42   144.16  -1.56) v=5.69 m/s
[lio] t=1317401233.420 | feat 3394/11162 | map  13016 | icp ok  iter  4 corr  2762 rms 0.0550   18.84 ms | p=(  309.83   143.97  -1.55) v=5.95 m/s [KF]
[lio] t=1317401233.524 | feat 3344/11185 | map  13055 | icp ok  iter  4 corr  2692 rms 0.0628   19.82 ms | p=(  309.25   143.78  -1.54) v=6.04 m/s
[lio] t=1317401233.628 | feat 3358/10984 | map  13055 | icp ok  iter  4 corr  2714 rms 0.0655   20.81 ms | p=(  308.64   143.59  -1.53) v=6.21 m/s [KF]
[lio] t=1317401233.732 | feat 3521/10972 | map  13266 | icp ok  iter  3 corr  2877 rms 0.0592   15.06 ms | p=(  308.02   143.40  -1.51) v=6.27 m/s
[lio] t=1317401233.836 | feat 3527/10800 | map  13266 | icp ok  iter  3 corr  2903 rms 0.0588   14.91 ms | p=(  307.39   143.20  -1.49) v=6.40 m/s [KF]
[lio] t=1317401233.940 | feat 3588/10577 | map  13434 | icp ok  iter  4 corr  3020 rms 0.0640   22.33 ms | p=(  306.75   143.01  -1.51) v=6.49 m/s
[lio] t=1317401234.044 | feat 3434/10270 | map  13434 | icp ok  iter  4 corr  2825 rms 0.0548   21.39 ms | p=(  306.11   142.81  -1.50) v=6.54 m/s [KF]
[lio] t=1317401234.148 | feat 3470/9993 | map  13570 | icp ok  iter  5 corr  2926 rms 0.0587   24.60 ms | p=(  305.43   142.63  -1.51) v=6.76 m/s
[lio] t=1317401234.252 | feat 3374/9855 | map  13570 | icp ok  iter  4 corr  2772 rms 0.0500   21.23 ms | p=(  304.75   142.46  -1.50) v=6.82 m/s [KF]
[lio] t=1317401234.356 | feat 3288/9578 | map  13678 | icp ok  iter  4 corr  2777 rms 0.0466   19.45 ms | p=(  304.05   142.27  -1.50) v=6.96 m/s
[lio] t=1317401234.460 | feat 3194/9404 | map  13678 | icp ok  iter  5 corr  2703 rms 0.0499   23.51 ms | p=(  303.32   142.10  -1.48) v=7.17 m/s [KF]
[lio] t=1317401234.565 | feat 3177/9274 | map  13718 | icp ok  iter  6 corr  2647 rms 0.0535   30.30 ms | p=(  302.61   141.95  -1.47) v=7.11 m/s
[lio] t=1317401234.669 | feat 3060/9087 | map  13718 | icp ok  iter  3 corr  2492 rms 0.0485   15.98 ms | p=(  301.87   141.81  -1.45) v=7.25 m/s [KF]
[lio] t=1317401234.773 | feat 2993/8995 | map  13787 | icp ok  iter  4 corr  2451 rms 0.0595   18.01 ms | p=(  301.13   141.66  -1.45) v=7.31 m/s
[lio] t=1317401234.877 | feat 2902/8905 | map  13787 | icp ok  iter  3 corr  2254 rms 0.0572   12.65 ms | p=(  300.37   141.54  -1.44) v=7.42 m/s [KF]
[lio] t=1317401234.981 | feat 2713/8719 | map  13932 | icp ok  iter  5 corr  2123 rms 0.0746   20.38 ms | p=(  299.60   141.44  -1.44) v=7.49 m/s
[lio] t=1317401235.085 | feat 2557/8494 | map  13932 | icp ok  iter  4 corr  1981 rms 0.0542   14.39 ms | p=(  298.82   141.33  -1.42) v=7.57 m/s [KF]
[lio] t=1317401235.189 | feat 2506/8413 | map  14024 | icp ok  iter  5 corr  1912 rms 0.0501   17.64 ms | p=(  298.02   141.26  -1.42) v=7.74 m/s
[lio] t=1317401235.293 | feat 2469/8284 | map  14024 | icp ok  iter  4 corr  1877 rms 0.0526   14.46 ms | p=(  297.22   141.18  -1.43) v=7.81 m/s [KF]
[lio] t=1317401235.397 | feat 2398/7987 | map  14148 | icp ok  iter  4 corr  1855 rms 0.0862   14.54 ms | p=(  296.39   141.10  -1.42) v=8.00 m/s
[lio] t=1317401235.500 | feat 2321/7828 | map  14148 | icp ok  iter  4 corr  1755 rms 0.0541   12.94 ms | p=(  295.56   141.03  -1.40) v=8.07 m/s [KF]
[lio] t=1317401235.604 | feat 2198/7809 | map  14237 | icp ok  iter  5 corr  1639 rms 0.0588   15.59 ms | p=(  294.73   140.98  -1.39) v=8.09 m/s
[lio] t=1317401235.708 | feat 2114/7745 | map  14237 | icp ok  iter  6 corr  1591 rms 0.0709   18.61 ms | p=(  293.93   140.92  -1.39) v=7.96 m/s [KF]
[lio] t=1317401235.812 | feat 2193/7776 | map  14270 | icp ok  iter  5 corr  1658 rms 0.0598   16.87 ms | p=(  293.10   140.85  -1.38) v=8.04 m/s
[lio] t=1317401235.915 | feat 2139/7706 | map  14270 | icp ok  iter  4 corr  1637 rms 0.0596   13.05 ms | p=(  292.25   140.77  -1.37) v=8.24 m/s [KF]
[lio] t=1317401236.019 | feat 2285/7633 | map  14269 | icp ok  iter  4 corr  1746 rms 0.0654   13.48 ms | p=(  291.40   140.71  -1.36) v=8.26 m/s
[lio] t=1317401236.123 | feat 2176/7655 | map  14269 | icp ok  iter  4 corr  1670 rms 0.0583   13.38 ms | p=(  290.53   140.65  -1.36) v=8.43 m/s [KF]
[lio] t=1317401236.226 | feat 2189/7655 | map  14326 | icp ok  iter  6 corr  1691 rms 0.0581   19.85 ms | p=(  289.65   140.54  -1.36) v=8.56 m/s
[lio] t=1317401236.330 | feat 2130/7474 | map  14326 | icp ok  iter  4 corr  1647 rms 0.0611   12.33 ms | p=(  288.78   140.43  -1.36) v=8.56 m/s [KF]
[lio] t=1317401236.434 | feat 2183/7491 | map  14354 | icp ok  iter  4 corr  1714 rms 0.0663   12.96 ms | p=(  287.89   140.32  -1.35) v=8.70 m/s
[lio] t=1317401236.538 | feat 2225/7608 | map  14354 | icp ok  iter  4 corr  1719 rms 0.0569   13.22 ms | p=(  286.98   140.18  -1.35) v=8.86 m/s [KF]
[lio] t=1317401236.642 | feat 2245/7618 | map  14316 | icp ok  iter  4 corr  1732 rms 0.0535   12.65 ms | p=(  286.07   140.06  -1.34) v=8.87 m/s
[lio] t=1317401236.745 | feat 2297/7628 | map  14316 | icp ok  iter  6 corr  1808 rms 0.0532   20.05 ms | p=(  285.10   139.89  -1.31) v=9.31 m/s [KF]
[lio] t=1317401236.849 | feat 2317/7856 | map  14251 | icp ok  iter  5 corr  1818 rms 0.0648   15.06 ms | p=(  284.19   139.76  -1.32) v=9.07 m/s
[lio] t=1317401236.953 | feat 2303/8050 | map  14251 | icp ok  iter  4 corr  1753 rms 0.0712   12.84 ms | p=(  283.27   139.61  -1.30) v=8.99 m/s [KF]
[lio] t=1317401237.057 | feat 2412/8310 | map  14186 | icp ok  iter  4 corr  1847 rms 0.0560   13.07 ms | p=(  282.36   139.45  -1.28) v=8.98 m/s
[lio] t=1317401237.161 | feat 2346/8528 | map  14186 | icp ok  iter  4 corr  1758 rms 0.0535   11.93 ms | p=(  281.43   139.29  -1.29) v=9.02 m/s [KF]
[lio] t=1317401237.265 | feat 2388/8794 | map  14022 | icp ok  iter  4 corr  1874 rms 0.0599   13.38 ms | p=(  280.51   139.12  -1.26) v=9.01 m/s
[lio] t=1317401237.369 | feat 2265/8766 | map  14022 | icp ok  iter  3 corr  1723 rms 0.0492    9.17 ms | p=(  279.58   138.95  -1.26) v=9.03 m/s [KF]
[lio] t=1317401237.472 | feat 2283/8868 | map  13951 | icp ok  iter  5 corr  1699 rms 0.0612   15.72 ms | p=(  278.69   138.79  -1.24) v=8.88 m/s
[lio] t=1317401237.576 | feat 2317/8811 | map  13951 | icp ok  iter  5 corr  1723 rms 0.0690   14.87 ms | p=(  277.77   138.61  -1.25) v=8.95 m/s [KF]
[lio] t=1317401237.680 | feat 2407/8901 | map  13770 | icp ok  iter  3 corr  1841 rms 0.0627   10.67 ms | p=(  276.85   138.44  -1.23) v=8.94 m/s
[lio] t=1317401237.784 | feat 2357/8868 | map  13770 | icp ok  iter  4 corr  1806 rms 0.1283   12.63 ms | p=(  275.96   138.28  -1.22) v=8.77 m/s [KF]
[lio] t=1317401237.888 | feat 2410/8667 | map  13635 | icp ok  iter  5 corr  1851 rms 0.0626   15.95 ms | p=(  275.04   138.11  -1.20) v=8.88 m/s
[lio] t=1317401237.992 | feat 2424/8505 | map  13635 | icp ok  iter  3 corr  1830 rms 0.0559   10.57 ms | p=(  274.15   137.94  -1.19) v=8.79 m/s [KF]
[lio] t=1317401238.096 | feat 2297/8599 | map  13481 | icp ok  iter  4 corr  1753 rms 0.0519   13.23 ms | p=(  273.27   137.78  -1.18) v=8.66 m/s
[lio] t=1317401238.200 | feat 2203/8644 | map  13481 | icp ok  iter  4 corr  1651 rms 0.0721   11.84 ms | p=(  272.37   137.62  -1.16) v=8.74 m/s [KF]
[lio] t=1317401238.304 | feat 2277/8553 | map  13289 | icp ok  iter  5 corr  1765 rms 0.0627   15.21 ms | p=(  271.47   137.44  -1.16) v=8.77 m/s
[lio] t=1317401238.408 | feat 2167/8377 | map  13289 | icp ok  iter  4 corr  1655 rms 0.0485   11.72 ms | p=(  270.59   137.28  -1.16) v=8.63 m/s [KF]
[lio] t=1317401238.512 | feat 2257/8374 | map  13163 | icp ok  iter  4 corr  1729 rms 0.0535   12.78 ms | p=(  269.69   137.11  -1.16) v=8.65 m/s
[lio] t=1317401238.616 | feat 2360/8589 | map  13163 | icp ok  iter  4 corr  1772 rms 0.0935   13.10 ms | p=(  268.82   136.94  -1.16) v=8.52 m/s [KF]
[lio] t=1317401238.720 | feat 2376/8882 | map  13042 | icp ok  iter  4 corr  1752 rms 0.0620   13.24 ms | p=(  267.95   136.79  -1.15) v=8.44 m/s
[lio] t=1317401238.824 | feat 2425/9015 | map  13042 | icp ok  iter  4 corr  1803 rms 0.0524   12.81 ms | p=(  267.12   136.65  -1.16) v=8.19 m/s [KF]
[lio] t=1317401238.928 | feat 2358/8993 | map  12889 | icp ok  iter  4 corr  1710 rms 0.0508   12.98 ms | p=(  266.27   136.49  -1.16) v=8.18 m/s
[lio] t=1317401239.032 | feat 2356/9167 | map  12889 | icp ok  iter  4 corr  1664 rms 0.0506   11.42 ms | p=(  265.44   136.35  -1.15) v=8.07 m/s [KF]
[lio] t=1317401239.135 | feat 2200/9239 | map  12667 | icp ok  iter  4 corr  1587 rms 0.0552   10.92 ms | p=(  264.62   136.21  -1.14) v=7.93 m/s
[lio] t=1317401239.239 | feat 2369/9350 | map  12667 | icp ok  iter  4 corr  1660 rms 0.0469   12.22 ms | p=(  263.81   136.08  -1.13) v=7.81 m/s [KF]
[lio] t=1317401239.343 | feat 2323/9405 | map  12430 | icp ok  iter  5 corr  1661 rms 0.0584   14.35 ms | p=(  263.02   135.93  -1.12) v=7.64 m/s
[lio] t=1317401239.447 | feat 2311/9499 | map  12430 | icp ok  iter  4 corr  1629 rms 0.0569   11.88 ms | p=(  262.24   135.79  -1.11) v=7.49 m/s [KF]
[lio] t=1317401239.551 | feat 2456/9390 | map  12144 | icp ok  iter  4 corr  1730 rms 0.0451   12.74 ms | p=(  261.51   135.66  -1.11) v=7.12 m/s
[lio] t=1317401239.655 | feat 2469/9592 | map  12144 | icp ok  iter  4 corr  1743 rms 0.0558   13.00 ms | p=(  260.78   135.54  -1.10) v=6.96 m/s [KF]
[lio] t=1317401239.759 | feat 2513/10013 | map  11978 | icp ok  iter  4 corr  1827 rms 0.0631   13.70 ms | p=(  260.07   135.40  -1.09) v=6.80 m/s
[lio] t=1317401239.863 | feat 2650/10170 | map  11978 | icp ok  iter  5 corr  1918 rms 0.0591   16.68 ms | p=(  259.41   135.29  -1.09) v=6.40 m/s [KF]
[lio] t=1317401239.967 | feat 2633/10301 | map  11709 | icp ok  iter  4 corr  1865 rms 0.0509   13.48 ms | p=(  258.75   135.17  -1.08) v=6.26 m/s
[lio] t=1317401240.071 | feat 2607/10381 | map  11709 | icp ok  iter  6 corr  1826 rms 0.0519   19.31 ms | p=(  258.11   135.06  -1.08) v=6.07 m/s [KF]
[lio] t=1317401240.175 | feat 2711/10418 | map  11497 | icp ok  iter  4 corr  1977 rms 0.0500   14.45 ms | p=(  257.53   134.95  -1.07) v=5.64 m/s
[lio] t=1317401240.279 | feat 2671/10517 | map  11497 | icp ok  iter  5 corr  1931 rms 0.0590   18.56 ms | p=(  256.96   134.85  -1.06) v=5.43 m/s [KF]
[lio] t=1317401240.383 | feat 2738/10572 | map  11397 | icp ok  iter  4 corr  1948 rms 0.0461   14.41 ms | p=(  256.44   134.75  -1.05) v=5.00 m/s
[lio] t=1317401240.487 | feat 2730/10684 | map  11397 | icp ok  iter  5 corr  1923 rms 0.0449   16.65 ms | p=(  255.93   134.65  -1.04) v=4.82 m/s [KF]
[lio] t=1317401240.591 | feat 3020/10938 | map  11293 | icp ok  iter  5 corr  2215 rms 0.0472   18.43 ms | p=(  255.44   134.54  -1.04) v=4.62 m/s
[lio] t=1317401240.695 | feat 2963/11027 | map  11293 | icp ok  iter  6 corr  2175 rms 0.0505   24.12 ms | p=(  255.01   134.45  -1.04) v=4.19 m/s
[lio] t=1317401240.799 | feat 2995/11246 | map  11293 | icp ok  iter  6 corr  2186 rms 0.0519   24.19 ms | p=(  254.57   134.36  -1.03) v=4.16 m/s [KF]
[lio] t=1317401240.903 | feat 3197/11489 | map  11280 | icp ok  iter  4 corr  2310 rms 0.0470   16.44 ms | p=(  254.13   134.26  -1.02) v=4.08 m/s
[lio] t=1317401241.006 | feat 3234/11682 | map  11280 | icp ok  iter 12 corr  2355 rms 0.0536   50.80 ms | p=(  253.73   134.16  -1.02) v=3.89 m/s
[lio] t=1317401241.110 | feat 3352/11840 | map  11280 | icp ok  iter  4 corr  2439 rms 0.0530   19.26 ms | p=(  253.37   134.05  -1.02) v=3.62 m/s [KF]
[lio] t=1317401241.214 | feat 3416/12021 | map  11459 | icp ok  iter  7 corr  2628 rms 0.0530   34.01 ms | p=(  253.04   133.98  -1.01) v=3.28 m/s
[lio] t=1317401241.318 | feat 3518/12453 | map  11459 | icp ok  iter  7 corr  2674 rms 0.0528   32.67 ms | p=(  252.70   133.88  -1.01) v=3.32 m/s
[lio] t=1317401241.422 | feat 3534/12679 | map  11459 | icp ok  iter  6 corr  2620 rms 0.0601   28.64 ms | p=(  252.36   133.78  -1.00) v=3.29 m/s [KF]
[lio] t=1317401241.526 | feat 3463/12899 | map  11784 | icp ok  iter  4 corr  2626 rms 0.0486   19.05 ms | p=(  252.03   133.70  -0.99) v=3.22 m/s
[lio] t=1317401241.630 | feat 3486/13086 | map  11784 | icp ok  iter  5 corr  2676 rms 0.0474   21.35 ms | p=(  251.74   133.61  -0.99) v=2.92 m/s
[lio] t=1317401241.734 | feat 3653/13420 | map  11784 | icp ok  iter  7 corr  2727 rms 0.0619   37.29 ms | p=(  251.42   133.50  -0.99) v=3.08 m/s
[lio] t=1317401241.838 | feat 3635/13652 | map  11784 | icp ok  iter  5 corr  2744 rms 0.0596   26.28 ms | p=(  251.15   133.42  -0.99) v=2.76 m/s [KF]
[lio] t=1317401241.942 | feat 3696/13880 | map  12102 | icp ok  iter  7 corr  2905 rms 0.0427   36.48 ms | p=(  250.90   133.31  -0.98) v=2.62 m/s
[lio] t=1317401242.046 | feat 3693/13932 | map  12102 | icp ok  iter  6 corr  2880 rms 0.0451   29.91 ms | p=(  250.62   133.21  -0.98) v=2.70 m/s
[lio] t=1317401242.150 | feat 3810/14082 | map  12102 | icp ok  iter  8 corr  2964 rms 0.0501   39.46 ms | p=(  250.35   133.12  -0.98) v=2.66 m/s
[lio] t=1317401242.254 | feat 4002/14293 | map  12102 | icp ok  iter  6 corr  3057 rms 0.0498   32.57 ms | p=(  250.09   133.03  -0.97) v=2.67 m/s [KF]
[lio] t=1317401242.358 | feat 4010/14490 | map  12503 | icp ok  iter  7 corr  3177 rms 0.0589   39.45 ms | p=(  249.82   132.87  -0.95) v=2.83 m/s
[lio] t=1317401242.461 | feat 4089/14521 | map  12503 | icp ok  iter  6 corr  3200 rms 0.0600   35.08 ms | p=(  249.60   132.81  -0.94) v=2.36 m/s
[lio] t=1317401242.565 | feat 4141/14727 | map  12503 | icp ok  iter  7 corr  3236 rms 0.0517   40.59 ms | p=(  249.40   132.68  -0.93) v=2.30 m/s
[lio] t=1317401242.669 | feat 4290/14913 | map  12503 | icp ok  iter  7 corr  3283 rms 0.0495   42.57 ms | p=(  249.16   132.57  -0.93) v=2.40 m/s [KF]
[lio] t=1317401242.773 | feat 4199/14934 | map  13015 | icp ok  iter  5 corr  3369 rms 0.0501   29.80 ms | p=(  248.96   132.45  -0.91) v=2.28 m/s
[lio] t=1317401242.877 | feat 4175/15090 | map  13015 | icp ok  iter  6 corr  3308 rms 0.0569   34.37 ms | p=(  248.74   132.33  -0.90) v=2.34 m/s
[lio] t=1317401242.980 | feat 4254/15093 | map  13015 | icp ok  iter  6 corr  3345 rms 0.0570   36.28 ms | p=(  248.54   132.18  -0.90) v=2.35 m/s
[lio] t=1317401243.084 | feat 4200/15326 | map  13015 | icp ok  iter  7 corr  3288 rms 0.0598   40.08 ms | p=(  248.34   132.06  -0.88) v=2.24 m/s
[lio] t=1317401243.188 | feat 4329/15406 | map  13015 | icp ok  iter  6 corr  3373 rms 0.0604   35.56 ms | p=(  248.15   131.92  -0.88) v=2.31 m/s [KF]
[lio] t=1317401243.292 | feat 4208/15672 | map  13504 | icp ok  iter  6 corr  3364 rms 0.0479   34.97 ms | p=(  247.95   131.78  -0.87) v=2.39 m/s
[lio] t=1317401243.395 | feat 4160/15767 | map  13504 | icp ok  iter  8 corr  3352 rms 0.0491   47.51 ms | p=(  247.73   131.59  -0.87) v=2.67 m/s
[lio] t=1317401243.499 | feat 4158/15944 | map  13504 | icp ok  iter  8 corr  3277 rms 0.0507   45.98 ms | p=(  247.51   131.38  -0.86) v=2.87 m/s
[lio] t=1317401243.603 | feat 4167/16063 | map  13504 | icp ok  iter  6 corr  3254 rms 0.0499   35.51 ms | p=(  247.29   131.21  -0.86) v=2.85 m/s [KF]
[lio] t=1317401243.707 | feat 4363/16232 | map  13862 | icp ok  iter  7 corr  3496 rms 0.0490   45.27 ms | p=(  247.09   130.98  -0.84) v=2.95 m/s
[lio] t=1317401243.810 | feat 4348/16294 | map  13862 | icp ok  iter  7 corr  3427 rms 0.0544   41.92 ms | p=(  246.87   130.74  -0.84) v=3.13 m/s
[lio] t=1317401243.914 | feat 4346/16354 | map  13862 | icp ok  iter  5 corr  3440 rms 0.0502   34.13 ms | p=(  246.64   130.49  -0.82) v=3.30 m/s
[lio] t=1317401244.018 | feat 4453/16547 | map  13862 | icp ok  iter  4 corr  3506 rms 0.0613   27.08 ms | p=(  246.44   130.22  -0.82) v=3.37 m/s [KF]
[lio] t=1317401244.121 | feat 4248/16729 | map  14171 | icp ok  iter  5 corr  3408 rms 0.0489   30.97 ms | p=(  246.21   129.94  -0.79) v=3.48 m/s
[lio] t=1317401244.225 | feat 4254/16655 | map  14171 | icp ok  iter  6 corr  3397 rms 0.0503   36.69 ms | p=(  246.02   129.61  -0.79) v=3.68 m/s
[lio] t=1317401244.329 | feat 4401/16909 | map  14171 | icp ok  iter  6 corr  3531 rms 0.0563   40.29 ms | p=(  245.83   129.26  -0.77) v=3.86 m/s [KF]
[lio] t=1317401244.433 | feat 4467/16770 | map  14430 | icp ok  iter  6 corr  3542 rms 0.0493   39.37 ms | p=(  245.63   128.91  -0.76) v=3.92 m/s
[lio] t=1317401244.536 | feat 4595/16830 | map  14430 | icp ok  iter  7 corr  3614 rms 0.0519   45.92 ms | p=(  245.45   128.53  -0.73) v=4.13 m/s
[lio] t=1317401244.640 | feat 4441/16815 | map  14430 | icp ok  iter  4 corr  3442 rms 0.0577   26.53 ms | p=(  245.26   128.13  -0.70) v=4.32 m/s [KF]
[lio] t=1317401244.744 | feat 4401/16858 | map  14723 | icp ok  iter  6 corr  3488 rms 0.0531   38.53 ms | p=(  245.10   127.73  -0.69) v=4.32 m/s
[lio] t=1317401244.848 | feat 4438/16858 | map  14723 | icp ok  iter  7 corr  3465 rms 0.0595   44.46 ms | p=(  244.93   127.29  -0.67) v=4.52 m/s
[lio] t=1317401244.952 | feat 4577/16922 | map  14723 | icp ok  iter  6 corr  3485 rms 0.0706   39.07 ms | p=(  244.80   126.85  -0.64) v=4.60 m/s [KF]
[lio] t=1317401245.056 | feat 4582/16829 | map  15072 | icp ok  iter  7 corr  3592 rms 0.0476   49.83 ms | p=(  244.66   126.30  -0.61) v=5.21 m/s
[lio] t=1317401245.160 | feat 4645/16892 | map  15072 | icp ok  iter  8 corr  3624 rms 0.0562   56.83 ms | p=(  244.53   125.81  -0.59) v=5.16 m/s [KF]
[lio] t=1317401245.264 | feat 4509/16669 | map  15306 | icp ok  iter  6 corr  3441 rms 0.0508   35.40 ms | p=(  244.40   125.26  -0.57) v=5.44 m/s
[lio] t=1317401245.368 | feat 4383/16598 | map  15306 | icp ok  iter  5 corr  3285 rms 0.0568   31.01 ms | p=(  244.28   124.66  -0.55) v=5.76 m/s [KF]
[lio] t=1317401245.472 | feat 4274/16252 | map  15607 | icp ok  iter  5 corr  3312 rms 0.0547   29.22 ms | p=(  244.15   124.06  -0.52) v=5.97 m/s
[lio] t=1317401245.576 | feat 4292/16062 | map  15607 | icp ok  iter  5 corr  3257 rms 0.0535   30.22 ms | p=(  244.02   123.45  -0.48) v=6.07 m/s [KF]
[lio] t=1317401245.680 | feat 4615/15713 | map  15922 | icp ok  iter  7 corr  3701 rms 0.0605   46.60 ms | p=(  243.93   122.78  -0.45) v=6.35 m/s
[lio] t=1317401245.784 | feat 4481/14965 | map  15922 | icp ok  iter  4 corr  3428 rms 0.0597   26.67 ms | p=(  243.84   122.13  -0.41) v=6.33 m/s [KF]
[lio] t=1317401245.888 | feat 4295/14621 | map  16276 | icp ok  iter  5 corr  3429 rms 0.0539   31.55 ms | p=(  243.78   121.51  -0.38) v=6.11 m/s
[lio] t=1317401245.992 | feat 4158/14339 | map  16276 | icp ok  iter 12 corr  3266 rms 0.0609   71.21 ms | p=(  243.73   120.86  -0.35) v=6.13 m/s [KF]
[lio] t=1317401246.096 | feat 4017/14148 | map  16606 | icp ok  iter  5 corr  3116 rms 0.0510   26.56 ms | p=(  243.71   120.23  -0.32) v=5.98 m/s
[lio] t=1317401246.200 | feat 4240/14104 | map  16606 | icp ok  iter  6 corr  3233 rms 0.0650   35.11 ms | p=(  243.68   119.61  -0.28) v=5.81 m/s [KF]
[lio] t=1317401246.304 | feat 4175/14281 | map  16926 | icp ok  iter  7 corr  3325 rms 0.0573   44.04 ms | p=(  243.70   119.02  -0.26) v=5.59 m/s
[lio] t=1317401246.408 | feat 4313/14284 | map  16926 | icp ok  iter  5 corr  3455 rms 0.0606   35.50 ms | p=(  243.74   118.45  -0.23) v=5.47 m/s [KF]
[lio] t=1317401246.512 | feat 4362/14531 | map  17269 | icp ok  iter  6 corr  3402 rms 0.0659   42.53 ms | p=(  243.82   117.86  -0.21) v=5.62 m/s
[lio] t=1317401246.616 | feat 4523/14655 | map  17269 | icp ok  iter  8 corr  3589 rms 0.0721   58.60 ms | p=(  243.89   117.33  -0.18) v=5.30 m/s [KF]
[lio] t=1317401246.720 | feat 4552/14973 | map  17655 | icp ok  iter  8 corr  3611 rms 0.0578   58.79 ms | p=(  243.96   116.76  -0.16) v=5.39 m/s
[lio] t=1317401246.824 | feat 4530/15156 | map  17655 | icp ok  iter  5 corr  3586 rms 0.0635   35.93 ms | p=(  244.04   116.18  -0.13) v=5.47 m/s [KF]
[lio] t=1317401246.929 | feat 4476/15352 | map  17966 | icp ok  iter  6 corr  3529 rms 0.0515   41.72 ms | p=(  244.09   115.57  -0.11) v=5.69 m/s
[lio] t=1317401247.033 | feat 4400/15425 | map  17966 | icp ok  iter  8 corr  3484 rms 0.0604   51.63 ms | p=(  244.20   115.02  -0.08) v=5.43 m/s [KF]
[lio] t=1317401247.137 | feat 4357/15409 | map  18247 | icp ok  iter  5 corr  3437 rms 0.0486   33.11 ms | p=(  244.27   114.45  -0.05) v=5.45 m/s
[lio] t=1317401247.241 | feat 4366/15320 | map  18247 | icp ok  iter  6 corr  3427 rms 0.0511   40.12 ms | p=(  244.39   113.88  -0.02) v=5.48 m/s [KF]
[lio] t=1317401247.345 | feat 4386/15020 | map  18464 | icp ok  iter  5 corr  3469 rms 0.0476   32.48 ms | p=(  244.50   113.31   0.02) v=5.51 m/s
[lio] t=1317401247.449 | feat 4337/15205 | map  18464 | icp ok  iter  3 corr  3410 rms 0.0584   20.67 ms | p=(  244.60   112.76   0.05) v=5.45 m/s [KF]
[lio] t=1317401247.553 | feat 4204/15159 | map  18719 | icp ok  iter  6 corr  3312 rms 0.0516   38.56 ms | p=(  244.71   112.16   0.08) v=5.72 m/s
[lio] t=1317401247.657 | feat 4368/15216 | map  18719 | icp ok  iter  6 corr  3465 rms 0.0532   38.71 ms | p=(  244.81   111.53   0.11) v=5.99 m/s [KF]
[lio] t=1317401247.762 | feat 4309/15228 | map  18960 | icp ok  iter  5 corr  3423 rms 0.0533   34.62 ms | p=(  244.95   110.95   0.13) v=5.89 m/s
[lio] t=1317401247.866 | feat 4402/15106 | map  18960 | icp ok  iter  3 corr  3478 rms 0.0507   19.02 ms | p=(  245.08   110.34   0.16) v=5.97 m/s [KF]
[lio] t=1317401247.970 | feat 4421/14905 | map  19145 | icp ok  iter  5 corr  3554 rms 0.0513   31.85 ms | p=(  245.22   109.71   0.19) v=6.17 m/s
[lio] t=1317401248.074 | feat 4266/14817 | map  19145 | icp ok  iter  5 corr  3338 rms 0.0561   31.08 ms | p=(  245.35   109.06   0.23) v=6.39 m/s [KF]
[lio] t=1317401248.178 | feat 4382/14785 | map  19226 | icp ok  iter  5 corr  3509 rms 0.0471   30.37 ms | p=(  245.51   108.41   0.26) v=6.44 m/s
[lio] t=1317401248.282 | feat 4407/14996 | map  19226 | icp ok  iter  6 corr  3521 rms 0.0511   35.86 ms | p=(  245.65   107.75   0.30) v=6.52 m/s [KF]
[lio] t=1317401248.386 | feat 4380/14871 | map  19320 | icp ok  iter  5 corr  3568 rms 0.0465   32.01 ms | p=(  245.80   107.07   0.33) v=6.73 m/s
[lio] t=1317401248.490 | feat 4199/15099 | map  19320 | icp ok  iter 12 corr  3297 rms 0.0584   68.53 ms | p=(  245.96   106.37   0.37) v=6.85 m/s [KF]
[lio] t=1317401248.594 | feat 4344/15195 | map  19370 | icp ok  iter  4 corr  3420 rms 0.0533   25.21 ms | p=(  246.15   105.67   0.40) v=6.99 m/s
[lio] t=1317401248.698 | feat 4192/15165 | map  19370 | icp ok  iter  6 corr  3268 rms 0.0523   35.56 ms | p=(  246.32   104.95   0.44) v=7.12 m/s [KF]
[lio] t=1317401248.802 | feat 4236/15217 | map  19433 | icp ok  iter  5 corr  3319 rms 0.0535   29.54 ms | p=(  246.50   104.22   0.48) v=7.25 m/s
[lio] t=1317401248.906 | feat 4223/15249 | map  19433 | icp ok  iter  4 corr  3252 rms 0.0548   24.50 ms | p=(  246.68   103.48   0.52) v=7.35 m/s [KF]
[lio] t=1317401249.010 | feat 3969/15458 | map  19510 | icp ok  iter  5 corr  3092 rms 0.0512   27.31 ms | p=(  246.89   102.74   0.56) v=7.48 m/s
[lio] t=1317401249.114 | feat 4069/15360 | map  19510 | icp ok  iter  5 corr  3069 rms 0.0538   27.35 ms | p=(  247.08   101.96   0.59) v=7.65 m/s [KF]
[lio] t=1317401249.218 | feat 3921/15275 | map  19450 | icp ok  iter  7 corr  2938 rms 0.0621   37.30 ms | p=(  247.28   101.13   0.64) v=8.07 m/s
[lio] t=1317401249.322 | feat 4029/14952 | map  19450 | icp ok  iter  5 corr  2990 rms 0.0563   27.84 ms | p=(  247.48   100.34   0.69) v=7.99 m/s [KF]
[lio] t=1317401249.426 | feat 4121/14763 | map  19535 | icp ok  iter  5 corr  3137 rms 0.0539   28.67 ms | p=(  247.69    99.53   0.74) v=8.08 m/s
[lio] t=1317401249.530 | feat 3903/14687 | map  19535 | icp ok  iter  6 corr  2984 rms 0.0502   30.71 ms | p=(  247.89    98.70   0.79) v=8.20 m/s [KF]
[lio] t=1317401249.634 | feat 3964/14618 | map  19491 | icp ok  iter  5 corr  3046 rms 0.0502   27.07 ms | p=(  248.11    97.85   0.83) v=8.45 m/s
[lio] t=1317401249.738 | feat 3954/14388 | map  19491 | icp ok  iter  6 corr  2978 rms 0.0531   31.26 ms | p=(  248.32    97.03   0.87) v=8.35 m/s [KF]
[lio] t=1317401249.842 | feat 4137/14401 | map  19422 | icp ok  iter  6 corr  3046 rms 0.0519   29.99 ms | p=(  248.57    96.15   0.93) v=8.65 m/s
[lio] t=1317401249.946 | feat 4085/14064 | map  19422 | icp ok  iter  5 corr  3082 rms 0.0677   28.70 ms | p=(  248.80    95.26   0.99) v=8.88 m/s [KF]
[lio] t=1317401250.050 | feat 3959/14043 | map  19355 | icp ok  iter  4 corr  3010 rms 0.0540   22.76 ms | p=(  249.04    94.38   1.03) v=8.82 m/s
[lio] t=1317401250.154 | feat 4061/14172 | map  19355 | icp ok  iter  7 corr  3023 rms 0.0616   38.67 ms | p=(  249.28    93.51   1.08) v=8.80 m/s [KF]
[lio] t=1317401250.258 | feat 3853/14315 | map  19307 | icp ok  iter  6 corr  2973 rms 0.0530   30.97 ms | p=(  249.55    92.58   1.13) v=9.17 m/s
[lio] t=1317401250.362 | feat 3644/14807 | map  19307 | icp ok  iter  4 corr  2712 rms 0.0502   19.71 ms | p=(  249.82    91.67   1.19) v=9.24 m/s [KF]
[lio] t=1317401250.466 | feat 3583/14619 | map  19005 | icp ok  iter  4 corr  2731 rms 0.0507   19.24 ms | p=(  250.10    90.74   1.23) v=9.34 m/s
[lio] t=1317401250.570 | feat 3694/14475 | map  19005 | icp ok  iter  5 corr  2743 rms 0.0532   23.79 ms | p=(  250.38    89.79   1.30) v=9.54 m/s [KF]
[lio] t=1317401250.674 | feat 3844/14527 | map  18735 | icp ok  iter  5 corr  2921 rms 0.0533   27.34 ms | p=(  250.66    88.84   1.35) v=9.56 m/s
[lio] t=1317401250.778 | feat 4080/14560 | map  18735 | icp ok  iter  4 corr  3067 rms 0.0570   22.65 ms | p=(  250.95    87.88   1.42) v=9.67 m/s [KF]
[lio] t=1317401250.882 | feat 4059/14595 | map  18612 | icp ok  iter  4 corr  3126 rms 0.0580   21.23 ms | p=(  251.24    86.90   1.47) v=9.80 m/s [KF]
[lio] t=1317401250.986 | feat 3796/14393 | map  18531 | icp ok  iter  5 corr  2874 rms 0.0512   25.08 ms | p=(  251.52    85.92   1.53) v=9.85 m/s [KF]
[lio] t=1317401251.090 | feat 4010/14532 | map  18424 | icp ok  iter  6 corr  2984 rms 0.0565   34.09 ms | p=(  251.79    84.93   1.59) v=9.83 m/s [KF]
[lio] t=1317401251.194 | feat 3974/14573 | map  18379 | icp ok  iter  5 corr  3053 rms 0.0682   27.24 ms | p=(  252.09    83.94   1.66) v=9.90 m/s [KF]
[lio] t=1317401251.298 | feat 3921/14738 | map  18286 | icp ok  iter  4 corr  3062 rms 0.0571   22.97 ms | p=(  252.35    82.94   1.71) v=9.92 m/s [KF]
[lio] t=1317401251.402 | feat 3933/14557 | map  18081 | icp ok  iter  4 corr  2979 rms 0.0486   20.48 ms | p=(  252.62    81.95   1.76) v=9.90 m/s [KF]
[lio] t=1317401251.506 | feat 3825/14612 | map  17989 | icp ok  iter  5 corr  2953 rms 0.0517   26.37 ms | p=(  252.87    80.92   1.81) v=10.06 m/s [KF]
[lio] t=1317401251.610 | feat 3556/14144 | map  17854 | icp ok  iter  5 corr  2706 rms 0.0541   25.50 ms | p=(  253.12    79.92   1.87) v=9.97 m/s [KF]
[lio] t=1317401251.714 | feat 3783/14161 | map  17688 | icp ok  iter  5 corr  2923 rms 0.0507   25.68 ms | p=(  253.36    78.89   1.92) v=10.07 m/s [KF]
[lio] t=1317401251.818 | feat 3756/14097 | map  17492 | icp ok  iter  5 corr  2898 rms 0.0526   24.91 ms | p=(  253.59    77.85   1.99) v=10.15 m/s [KF]
[lio] t=1317401251.922 | feat 3805/14221 | map  17312 | icp ok  iter  4 corr  2940 rms 0.0514   21.59 ms | p=(  253.80    76.82   2.04) v=10.16 m/s [KF]
[lio] t=1317401252.026 | feat 3926/14198 | map  17187 | icp ok  iter  4 corr  3126 rms 0.0589   23.56 ms | p=(  254.01    75.78   2.09) v=10.15 m/s [KF]
[lio] t=1317401252.130 | feat 3803/14301 | map  17028 | icp ok  iter  3 corr  2972 rms 0.0474   15.20 ms | p=(  254.19    74.74   2.14) v=10.12 m/s [KF]
[lio] t=1317401252.234 | feat 4123/14261 | map  16834 | icp ok  iter  5 corr  3174 rms 0.0547   30.37 ms | p=(  254.37    73.67   2.20) v=10.32 m/s [KF]
[lio] t=1317401252.338 | feat 4039/14165 | map  16715 | icp ok  iter  5 corr  3161 rms 0.0549   29.70 ms | p=(  254.54    72.60   2.27) v=10.43 m/s [KF]
[lio] t=1317401252.442 | feat 4062/14033 | map  16511 | icp ok  iter  5 corr  3122 rms 0.0486   29.33 ms | p=(  254.70    71.55   2.33) v=10.26 m/s [KF]
[lio] t=1317401252.546 | feat 4035/14055 | map  16294 | icp ok  iter  5 corr  3139 rms 0.0467   27.78 ms | p=(  254.86    70.47   2.38) v=10.42 m/s [KF]
[lio] t=1317401252.650 | feat 4090/13984 | map  16071 | icp ok  iter  5 corr  3268 rms 0.0613   28.54 ms | p=(  255.02    69.40   2.44) v=10.44 m/s [KF]
[lio] t=1317401252.753 | feat 4121/14033 | map  15885 | icp ok  iter  4 corr  3329 rms 0.0553   23.41 ms | p=(  255.18    68.33   2.50) v=10.42 m/s [KF]
[lio] t=1317401252.857 | feat 3988/13969 | map  15782 | icp ok  iter  4 corr  3178 rms 0.0648   21.72 ms | p=(  255.34    67.27   2.56) v=10.40 m/s [KF]
[lio] t=1317401252.961 | feat 3961/13709 | map  15655 | icp ok  iter  6 corr  3185 rms 0.0465   31.42 ms | p=(  255.49    66.18   2.62) v=10.54 m/s [KF]
[lio] t=1317401253.065 | feat 4036/13615 | map  15458 | icp ok  iter  5 corr  3241 rms 0.0504   26.64 ms | p=(  255.66    65.09   2.67) v=10.61 m/s [KF]
[lio] t=1317401253.169 | feat 4076/13644 | map  15313 | icp ok  iter  6 corr  3297 rms 0.0572   34.98 ms | p=(  255.84    63.96   2.73) v=10.90 m/s [KF]
[lio] t=1317401253.272 | feat 4071/13695 | map  15224 | icp ok  iter  6 corr  3236 rms 0.0953   38.25 ms | p=(  256.01    62.88   2.79) v=10.70 m/s [KF]
[lio] t=1317401253.376 | feat 4031/13797 | map  15219 | icp ok  iter  5 corr  3202 rms 0.0580   28.79 ms | p=(  256.19    61.75   2.85) v=10.91 m/s [KF]
[lio] t=1317401253.480 | feat 3926/13485 | map  15251 | icp ok  iter  5 corr  3128 rms 0.0561   30.40 ms | p=(  256.37    60.64   2.90) v=10.90 m/s [KF]
[lio] t=1317401253.584 | feat 4117/13455 | map  15256 | icp ok  iter  6 corr  3200 rms 0.0524   33.52 ms | p=(  256.56    59.52   2.95) v=10.97 m/s [KF]
[lio] t=1317401253.687 | feat 3991/13451 | map  15352 | icp ok  iter  3 corr  3140 rms 0.0497   17.39 ms | p=(  256.74    58.39   3.01) v=10.98 m/s [KF]
[lio] t=1317401253.791 | feat 3983/13457 | map  15400 | icp ok  iter  5 corr  3134 rms 0.0715   28.26 ms | p=(  256.95    57.24   3.07) v=11.21 m/s [KF]
[lio] t=1317401253.895 | feat 3870/13117 | map  15405 | icp ok  iter  4 corr  2971 rms 0.0580   22.33 ms | p=(  257.14    56.09   3.12) v=11.24 m/s [KF]
[lio] t=1317401253.999 | feat 4040/13003 | map  15459 | icp ok  iter  4 corr  3101 rms 0.0575   22.42 ms | p=(  257.34    54.93   3.17) v=11.30 m/s [KF]
[lio] t=1317401254.103 | feat 4274/12846 | map  15595 | icp ok  iter  4 corr  3297 rms 0.0532   23.18 ms | p=(  257.54    53.77   3.22) v=11.33 m/s [KF]
[lio] t=1317401254.206 | feat 4086/12738 | map  15657 | icp ok  iter  4 corr  3142 rms 0.0497   25.19 ms | p=(  257.75    52.60   3.28) v=11.44 m/s [KF]
[lio] t=1317401254.310 | feat 4015/12528 | map  15695 | icp ok  iter  3 corr  3079 rms 0.0560   16.39 ms | p=(  257.96    51.44   3.33) v=11.44 m/s [KF]
[lio] t=1317401254.414 | feat 3939/12242 | map  15790 | icp ok  iter  6 corr  3028 rms 0.0701   35.63 ms | p=(  258.17    50.21   3.39) v=11.77 m/s [KF]
[lio] t=1317401254.518 | feat 3859/12133 | map  15828 | icp ok  iter  6 corr  2940 rms 0.0516   32.73 ms | p=(  258.36    49.06   3.44) v=11.48 m/s [KF]
[lio] t=1317401254.622 | feat 3837/11827 | map  15796 | icp ok  iter  5 corr  3005 rms 0.0492   25.51 ms | p=(  258.57    47.87   3.50) v=11.57 m/s [KF]
[lio] t=1317401254.725 | feat 3935/11741 | map  15792 | icp ok  iter  5 corr  3050 rms 0.0477   27.58 ms | p=(  258.78    46.65   3.55) v=11.78 m/s [KF]
[lio] t=1317401254.829 | feat 3900/11835 | map  15811 | icp ok  iter  4 corr  2954 rms 0.0548   21.61 ms | p=(  258.98    45.46   3.61) v=11.74 m/s [KF]
[lio] t=1317401254.933 | feat 3957/12068 | map  15927 | icp ok  iter  5 corr  3120 rms 0.0509   28.77 ms | p=(  259.20    44.23   3.68) v=11.92 m/s [KF]
[lio] t=1317401255.037 | feat 3922/12272 | map  16020 | icp ok  iter  5 corr  3030 rms 0.0581   28.07 ms | p=(  259.40    43.02   3.73) v=11.90 m/s [KF]
[lio] t=1317401255.141 | feat 3878/12166 | map  16127 | icp ok  iter  3 corr  2969 rms 0.0517   17.22 ms | p=(  259.61    41.80   3.79) v=11.89 m/s [KF]
[lio] t=1317401255.245 | feat 3851/12071 | map  16271 | icp ok  iter  4 corr  2987 rms 0.0492   22.36 ms | p=(  259.82    40.57   3.86) v=11.96 m/s [KF]
[lio] t=1317401255.348 | feat 4032/12445 | map  16407 | icp ok  iter  5 corr  3081 rms 0.0502   27.69 ms | p=(  260.03    39.34   3.92) v=12.01 m/s [KF]
[lio] t=1317401255.452 | feat 3877/12439 | map  16609 | icp ok  iter  5 corr  3069 rms 0.0644   28.66 ms | p=(  260.25    38.10   3.98) v=12.10 m/s [KF]
[lio] t=1317401255.556 | feat 3989/13049 | map  16733 | icp ok  iter  5 corr  3081 rms 0.0582   28.58 ms | p=(  260.47    36.87   4.05) v=12.06 m/s [KF]
[lio] t=1317401255.660 | feat 4196/13523 | map  16903 | icp ok  iter  4 corr  3223 rms 0.0580   22.45 ms | p=(  260.70    35.63   4.11) v=12.08 m/s [KF]
[lio] t=1317401255.764 | feat 4160/13701 | map  17053 | icp ok  iter  5 corr  3126 rms 0.0568   29.50 ms | p=(  260.94    34.38   4.17) v=12.17 m/s [KF]
[lio] t=1317401255.867 | feat 4013/13800 | map  17159 | icp ok  iter  6 corr  3101 rms 0.0492   34.11 ms | p=(  261.14    33.15   4.24) v=12.05 m/s [KF]
[lio] t=1317401255.971 | feat 4141/13912 | map  17263 | icp ok  iter  7 corr  3116 rms 0.0520   38.09 ms | p=(  261.37    31.88   4.29) v=12.30 m/s [KF]
[lio] t=1317401256.075 | feat 4065/13894 | map  17366 | icp ok  iter  4 corr  3214 rms 0.0604   24.35 ms | p=(  261.61    30.62   4.38) v=12.30 m/s [KF]
[lio] t=1317401256.179 | feat 4265/14057 | map  17483 | icp ok  iter  5 corr  3329 rms 0.0519   29.17 ms | p=(  261.82    29.37   4.43) v=12.22 m/s [KF]
[lio] t=1317401256.283 | feat 4046/13925 | map  17548 | icp ok  iter  6 corr  3149 rms 0.0525   33.35 ms | p=(  262.04    28.12   4.48) v=12.24 m/s [KF]
[lio] t=1317401256.387 | feat 4120/13930 | map  17602 | icp ok  iter  3 corr  3252 rms 0.0522   17.66 ms | p=(  262.27    26.88   4.55) v=12.18 m/s [KF]
[lio] t=1317401256.490 | feat 4131/13643 | map  17624 | icp ok  iter  4 corr  3233 rms 0.0501   24.58 ms | p=(  262.52    25.63   4.61) v=12.18 m/s [KF]
[lio] t=1317401256.594 | feat 4063/13742 | map  17620 | icp ok  iter  5 corr  3224 rms 0.0560   30.01 ms | p=(  262.75    24.36   4.67) v=12.29 m/s [KF]
[lio] t=1317401256.698 | feat 4136/13798 | map  17550 | icp ok  iter  7 corr  3181 rms 0.0569   38.65 ms | p=(  262.98    23.13   4.74) v=12.15 m/s [KF]
[lio] t=1317401256.802 | feat 4176/13843 | map  17629 | icp ok  iter  4 corr  3238 rms 0.0530   24.80 ms | p=(  263.19    21.88   4.79) v=12.15 m/s [KF]
[lio] t=1317401256.905 | feat 4192/14106 | map  17737 | icp ok  iter  5 corr  3276 rms 0.0618   30.37 ms | p=(  263.44    20.60   4.85) v=12.34 m/s [KF]
[lio] t=1317401257.009 | feat 4299/14361 | map  17791 | icp ok  iter  7 corr  3338 rms 0.0583   44.91 ms | p=(  263.67    19.37   4.91) v=12.13 m/s [KF]
[lio] t=1317401257.113 | feat 4349/14511 | map  17922 | icp ok  iter  3 corr  3426 rms 0.0525   19.33 ms | p=(  263.91    18.14   4.97) v=12.05 m/s [KF]
[lio] t=1317401257.217 | feat 4136/14668 | map  17993 | icp ok  iter  6 corr  3256 rms 0.0485   32.61 ms | p=(  264.15    16.90   5.02) v=12.12 m/s [KF]
[lio] t=1317401257.320 | feat 4176/14710 | map  18051 | icp ok  iter  5 corr  3270 rms 0.0518   31.08 ms | p=(  264.38    15.65   5.07) v=12.15 m/s [KF]
[lio] t=1317401257.424 | feat 4110/14587 | map  18061 | icp ok  iter  4 corr  3234 rms 0.0590   24.04 ms | p=(  264.63    14.43   5.12) v=12.05 m/s [KF]
[lio] t=1317401257.528 | feat 3967/14451 | map  18021 | icp ok  iter  5 corr  3080 rms 0.0585   29.20 ms | p=(  264.87    13.23   5.17) v=11.88 m/s [KF]
[lio] t=1317401257.632 | feat 3905/14601 | map  18025 | icp ok  iter  6 corr  3047 rms 0.0539   34.10 ms | p=(  265.11    11.97   5.23) v=12.07 m/s [KF]
[lio] t=1317401257.735 | feat 4032/14743 | map  18121 | icp ok  iter  4 corr  3139 rms 0.0520   22.86 ms | p=(  265.35    10.76   5.28) v=11.96 m/s [KF]
[lio] t=1317401257.839 | feat 4038/15075 | map  18141 | icp ok  iter  4 corr  3137 rms 0.0479   21.70 ms | p=(  265.60     9.54   5.33) v=11.94 m/s [KF]
[lio] t=1317401257.943 | feat 3814/14979 | map  18111 | icp ok  iter  5 corr  2911 rms 0.0603   24.70 ms | p=(  265.84     8.33   5.38) v=11.85 m/s [KF]
[lio] t=1317401258.047 | feat 3799/14962 | map  18100 | icp ok  iter  4 corr  2955 rms 0.0497   22.35 ms | p=(  266.09     7.10   5.42) v=11.95 m/s [KF]
[lio] t=1317401258.151 | feat 3582/14710 | map  18108 | icp ok  iter  4 corr  2834 rms 0.0547   21.20 ms | p=(  266.34     5.87   5.47) v=12.02 m/s [KF]
[lio] t=1317401258.255 | feat 3436/14475 | map  18038 | icp ok  iter  8 corr  2662 rms 0.0512   38.12 ms | p=(  266.58     4.67   5.52) v=11.83 m/s [KF]
[lio] t=1317401258.358 | feat 3517/14408 | map  18033 | icp ok  iter  4 corr  2748 rms 0.0638   22.34 ms | p=(  266.82     3.46   5.57) v=11.83 m/s [KF]
[lio] t=1317401258.462 | feat 3531/14617 | map  18048 | icp ok  iter  8 corr  2729 rms 0.0542   39.39 ms | p=(  267.07     2.19   5.62) v=12.15 m/s [KF]
[lio] t=1317401258.566 | feat 3429/14713 | map  17981 | icp ok  iter  6 corr  2602 rms 0.0551   29.15 ms | p=(  267.31     1.02   5.68) v=11.71 m/s [KF]
[lio] t=1317401258.670 | feat 3449/14614 | map  17944 | icp ok  iter  5 corr  2611 rms 0.0505   24.75 ms | p=(  267.56    -0.18   5.71) v=11.75 m/s [KF]
[lio] t=1317401258.774 | feat 3420/14560 | map  17923 | icp ok  iter  4 corr  2624 rms 0.0513   19.29 ms | p=(  267.79    -1.37   5.77) v=11.66 m/s [KF]
[lio] t=1317401258.877 | feat 3509/14582 | map  17796 | icp ok  iter 12 corr  2614 rms 0.0586   55.48 ms | p=(  268.05    -2.58   5.82) v=11.76 m/s [KF]
[lio] t=1317401258.981 | feat 3536/14459 | map  17801 | icp ok  iter  6 corr  2682 rms 0.0554   29.51 ms | p=(  268.28    -3.78   5.88) v=11.74 m/s [KF]
[lio] t=1317401259.085 | feat 3548/14423 | map  17782 | icp ok  iter  7 corr  2670 rms 0.0541   33.82 ms | p=(  268.52    -4.95   5.91) v=11.56 m/s [KF]
[lio] t=1317401259.189 | feat 3569/14495 | map  17762 | icp ok  iter  5 corr  2708 rms 0.0549   23.71 ms | p=(  268.76    -6.15   5.98) v=11.65 m/s [KF]
[lio] t=1317401259.292 | feat 3681/14595 | map  17731 | icp ok  iter  3 corr  2752 rms 0.0523   15.23 ms | p=(  269.01    -7.34   6.03) v=11.62 m/s [KF]
[lio] t=1317401259.396 | feat 3821/14802 | map  17728 | icp ok  iter  9 corr  2846 rms 0.0522   44.81 ms | p=(  269.25    -8.50   6.08) v=11.45 m/s [KF]
[lio] t=1317401259.500 | feat 3811/14842 | map  17669 | icp ok  iter  7 corr  2892 rms 0.0493   36.96 ms | p=(  269.50    -9.69   6.13) v=11.58 m/s [KF]
[lio] t=1317401259.604 | feat 3866/14653 | map  17562 | icp ok  iter  6 corr  2860 rms 0.0641   32.24 ms | p=(  269.74   -10.84   6.19) v=11.38 m/s [KF]
[lio] t=1317401259.708 | feat 3789/14685 | map  17529 | icp ok  iter  6 corr  2868 rms 0.0499   31.28 ms | p=(  269.99   -12.05   6.25) v=11.66 m/s [KF]
[lio] t=1317401259.811 | feat 3968/14669 | map  17546 | icp ok  iter  7 corr  2913 rms 0.0509   35.83 ms | p=(  270.23   -13.19   6.30) v=11.33 m/s [KF]
[lio] t=1317401259.915 | feat 3901/14686 | map  17570 | icp ok  iter  7 corr  2843 rms 0.0531   34.42 ms | p=(  270.46   -14.37   6.36) v=11.40 m/s [KF]
[lio] t=1317401260.019 | feat 4064/14904 | map  17586 | icp ok  iter  7 corr  3012 rms 0.0482   36.69 ms | p=(  270.70   -15.50   6.41) v=11.18 m/s [KF]
[lio] t=1317401260.123 | feat 4186/15072 | map  17596 | icp ok  iter  8 corr  3083 rms 0.0493   42.69 ms | p=(  270.94   -16.67   6.47) v=11.31 m/s [KF]
[lio] t=1317401260.227 | feat 4316/15165 | map  17642 | icp ok  iter  4 corr  3078 rms 0.0491   23.66 ms | p=(  271.18   -17.79   6.51) v=11.12 m/s [KF]
[lio] t=1317401260.331 | feat 4237/15385 | map  17638 | icp ok  iter  5 corr  3038 rms 0.0489   25.59 ms | p=(  271.42   -18.94   6.57) v=11.18 m/s [KF]
[lio] t=1317401260.434 | feat 4312/15340 | map  17596 | icp ok  iter  3 corr  3062 rms 0.0496   16.53 ms | p=(  271.66   -20.08   6.62) v=11.14 m/s [KF]
[lio] t=1317401260.538 | feat 4460/15586 | map  17533 | icp ok  iter  5 corr  3158 rms 0.0490   28.51 ms | p=(  271.89   -21.21   6.67) v=11.07 m/s [KF]
[lio] t=1317401260.642 | feat 4591/15882 | map  17631 | icp ok  iter  4 corr  3122 rms 0.0598   21.82 ms | p=(  272.14   -22.33   6.72) v=11.01 m/s [KF]
[lio] t=1317401260.746 | feat 4839/16032 | map  17691 | icp ok  iter  5 corr  3312 rms 0.0485   29.50 ms | p=(  272.36   -23.46   6.77) v=10.99 m/s [KF]
[lio] t=1317401260.850 | feat 5095/16492 | map  17882 | icp ok  iter  6 corr  3570 rms 0.0582   38.13 ms | p=(  272.61   -24.56   6.81) v=10.84 m/s [KF]
[lio] t=1317401260.953 | feat 5249/16706 | map  18155 | icp ok  iter  4 corr  3715 rms 0.0543   29.54 ms | p=(  272.84   -25.66   6.86) v=10.75 m/s [KF]
[lio] t=1317401261.057 | feat 5351/17100 | map  18459 | icp ok  iter  6 corr  3853 rms 0.0506   40.07 ms | p=(  273.08   -26.76   6.91) v=10.70 m/s [KF]
[lio] t=1317401261.161 | feat 5492/17214 | map  18747 | icp ok  iter  4 corr  3873 rms 0.0477   28.96 ms | p=(  273.32   -27.83   6.96) v=10.50 m/s [KF]
[lio] t=1317401261.265 | feat 5705/17407 | map  19120 | icp ok  iter  5 corr  4055 rms 0.0431   35.67 ms | p=(  273.53   -28.89   7.02) v=10.29 m/s [KF]
[lio] t=1317401261.369 | feat 5612/17396 | map  19450 | icp ok  iter  4 corr  3969 rms 0.0443   27.62 ms | p=(  273.75   -29.93   7.06) v=10.10 m/s [KF]
[lio] t=1317401261.472 | feat 5981/17470 | map  19643 | icp ok  iter  5 corr  4330 rms 0.0461   40.06 ms | p=(  273.98   -30.96   7.11) v=9.97 m/s [KF]
[lio] t=1317401261.576 | feat 6006/17485 | map  19872 | icp ok  iter  4 corr  4247 rms 0.0419   29.29 ms | p=(  274.20   -31.94   7.15) v=9.67 m/s [KF]
[lio] t=1317401261.680 | feat 6207/17548 | map  20032 | icp ok  iter  5 corr  4358 rms 0.0511   41.20 ms | p=(  274.42   -32.91   7.20) v=9.47 m/s
[lio] t=1317401261.784 | feat 6299/17559 | map  20032 | icp ok  iter  4 corr  4358 rms 0.0585   33.50 ms | p=(  274.62   -33.88   7.24) v=9.38 m/s [KF]
[lio] t=1317401261.888 | feat 6194/17676 | map  20359 | icp ok  iter  5 corr  4226 rms 0.0478   38.63 ms | p=(  274.83   -34.83   7.28) v=9.23 m/s
[lio] t=1317401261.991 | feat 6116/17429 | map  20359 | icp ok  iter  4 corr  4091 rms 0.0493   30.63 ms | p=(  275.03   -35.77   7.30) v=9.10 m/s [KF]
[lio] t=1317401262.095 | feat 6275/17674 | map  20645 | icp ok  iter  5 corr  4160 rms 0.0531   38.56 ms | p=(  275.21   -36.68   7.36) v=8.87 m/s
[lio] t=1317401262.199 | feat 6286/17832 | map  20645 | icp ok  iter  6 corr  4111 rms 0.0568   48.61 ms | p=(  275.42   -37.58   7.38) v=8.80 m/s [KF]
[lio] t=1317401262.303 | feat 6415/17819 | map  20960 | icp ok  iter  6 corr  4343 rms 0.0562   51.84 ms | p=(  275.61   -38.45   7.41) v=8.49 m/s
[lio] t=1317401262.407 | feat 6591/17740 | map  20960 | icp ok  iter  4 corr  4390 rms 0.0582   36.01 ms | p=(  275.78   -39.33   7.45) v=8.48 m/s [KF]
[lio] t=1317401262.511 | feat 6287/17579 | map  21318 | icp ok  iter  3 corr  4108 rms 0.0491   23.34 ms | p=(  275.99   -40.21   7.49) v=8.52 m/s
[lio] t=1317401262.615 | feat 6282/17487 | map  21318 | icp ok  iter  6 corr  4008 rms 0.0482   47.78 ms | p=(  276.16   -41.06   7.52) v=8.26 m/s [KF]
[lio] t=1317401262.719 | feat 6319/17409 | map  21593 | icp ok  iter  5 corr  4012 rms 0.0530   40.32 ms | p=(  276.34   -41.88   7.56) v=7.99 m/s
[lio] t=1317401262.823 | feat 6212/17104 | map  21593 | icp ok  iter  5 corr  3887 rms 0.0490   40.14 ms | p=(  276.49   -42.71   7.60) v=7.91 m/s [KF]
[lio] t=1317401262.926 | feat 6162/17003 | map  21925 | icp ok  iter  5 corr  3939 rms 0.0535   39.11 ms | p=(  276.64   -43.48   7.64) v=7.55 m/s
[lio] t=1317401263.030 | feat 6165/16706 | map  21925 | icp ok  iter  5 corr  3863 rms 0.0588   41.40 ms | p=(  276.81   -44.27   7.66) v=7.50 m/s [KF]
[lio] t=1317401263.134 | feat 5853/16447 | map  22199 | icp ok  iter  5 corr  3662 rms 0.0423   37.77 ms | p=(  276.94   -45.00   7.70) v=7.13 m/s
[lio] t=1317401263.238 | feat 6449/16288 | map  22199 | icp ok  iter  4 corr  4125 rms 0.0590   30.99 ms | p=(  277.07   -45.74   7.70) v=6.98 m/s [KF]
[lio] t=1317401263.342 | feat 6424/16204 | map  22519 | icp ok  iter  4 corr  4148 rms 0.0463   31.06 ms | p=(  277.21   -46.44   7.74) v=6.74 m/s
[lio] t=1317401263.446 | feat 6545/15948 | map  22519 | icp ok  iter  4 corr  4205 rms 0.0519   33.84 ms | p=(  277.33   -47.13   7.76) v=6.54 m/s [KF]
[lio] t=1317401263.550 | feat 6609/15744 | map  22775 | icp ok  iter  4 corr  4339 rms 0.0507   34.07 ms | p=(  277.44   -47.78   7.79) v=6.27 m/s
[lio] t=1317401263.654 | feat 6235/15281 | map  22775 | icp ok  iter  4 corr  4105 rms 0.0533   33.67 ms | p=(  277.54   -48.42   7.81) v=6.12 m/s [KF]
[lio] t=1317401263.758 | feat 6124/15155 | map  22901 | icp ok  iter  5 corr  4072 rms 0.0435   38.79 ms | p=(  277.65   -49.04   7.84) v=5.91 m/s
[lio] t=1317401263.862 | feat 6174/15283 | map  22901 | icp ok  iter  4 corr  4061 rms 0.0526   30.97 ms | p=(  277.75   -49.65   7.85) v=5.75 m/s [KF]
[lio] t=1317401263.966 | feat 6284/15259 | map  23134 | icp ok  iter  3 corr  4318 rms 0.0445   26.76 ms | p=(  277.84   -50.22   7.88) v=5.47 m/s
[lio] t=1317401264.070 | feat 6493/15325 | map  23134 | icp ok  iter  6 corr  4492 rms 0.0427   51.14 ms | p=(  277.93   -50.79   7.90) v=5.36 m/s [KF]
[lio] t=1317401264.174 | feat 6498/15421 | map  23301 | icp ok  iter  4 corr  4572 rms 0.0479   35.69 ms | p=(  278.02   -51.34   7.92) v=5.21 m/s
[lio] t=1317401264.278 | feat 6498/15363 | map  23301 | icp ok  iter  4 corr  4554 rms 0.0488   33.14 ms | p=(  278.11   -51.85   7.94) v=4.89 m/s [KF]
[lio] t=1317401264.382 | feat 6483/15266 | map  23428 | icp ok  iter  4 corr  4614 rms 0.0431   35.26 ms | p=(  278.20   -52.33   7.96) v=4.56 m/s
[lio] t=1317401264.486 | feat 6418/15367 | map  23428 | icp ok  iter  4 corr  4547 rms 0.0485   32.44 ms | p=(  278.28   -52.81   7.99) v=4.50 m/s
[lio] t=1317401264.590 | feat 6521/15386 | map  23428 | icp ok  iter  5 corr  4582 rms 0.0450   43.61 ms | p=(  278.36   -53.26   8.00) v=4.30 m/s [KF]
[lio] t=1317401264.694 | feat 6457/15119 | map  23611 | icp ok  iter  4 corr  4678 rms 0.0514   36.71 ms | p=(  278.45   -53.69   8.02) v=4.07 m/s
[lio] t=1317401264.798 | feat 6426/15016 | map  23611 | icp ok  iter  3 corr  4578 rms 0.0507   25.74 ms | p=(  278.54   -54.09   8.04) v=3.80 m/s
[lio] t=1317401264.902 | feat 6412/15189 | map  23611 | icp ok  iter  4 corr  4546 rms 0.0495   34.80 ms | p=(  278.60   -54.47   8.07) v=3.60 m/s [KF]
[lio] t=1317401265.005 | feat 6649/15265 | map  23868 | icp ok  iter  4 corr  4817 rms 0.0528   38.67 ms | p=(  278.68   -54.85   8.08) v=3.53 m/s
[lio] t=1317401265.109 | feat 6465/15270 | map  23868 | icp ok  iter  4 corr  4630 rms 0.0583   35.08 ms | p=(  278.75   -55.22   8.09) v=3.41 m/s
[lio] t=1317401265.213 | feat 6554/15278 | map  23868 | icp ok  iter  3 corr  4671 rms 0.0531   26.46 ms | p=(  278.83   -55.53   8.11) v=3.10 m/s [KF]
[lio] t=1317401265.317 | feat 6513/15540 | map  24011 | icp ok  iter  4 corr  4737 rms 0.0515   37.86 ms | p=(  278.92   -55.83   8.12) v=2.91 m/s
[lio] t=1317401265.421 | feat 6565/15527 | map  24011 | icp ok  iter  6 corr  4756 rms 0.0531   57.13 ms | p=(  279.00   -56.11   8.13) v=2.73 m/s
[lio] t=1317401265.524 | feat 6443/15554 | map  24011 | icp ok  iter  7 corr  4558 rms 0.0567   61.82 ms | p=(  279.09   -56.40   8.14) v=2.78 m/s
[lio] t=1317401265.628 | feat 6555/15501 | map  24011 | icp ok  iter  5 corr  4649 rms 0.0669   49.59 ms | p=(  279.22   -56.66   8.16) v=2.76 m/s [KF]
[lio] t=1317401265.732 | feat 6622/15586 | map  24185 | icp ok  iter  5 corr  4801 rms 0.0596   49.41 ms | p=(  279.28   -56.91   8.18) v=2.50 m/s
[lio] t=1317401265.835 | feat 6637/15744 | map  24185 | icp ok  iter  7 corr  4746 rms 0.0610   69.49 ms | p=(  279.37   -57.25   8.19) v=3.01 m/s
[lio] t=1317401265.939 | feat 6706/15739 | map  24185 | icp ok  iter  6 corr  4734 rms 0.0731   60.55 ms | p=(  279.51   -57.49   8.20) v=2.75 m/s
[lio] t=1317401266.043 | feat 6556/15749 | map  24185 | icp ok  iter  4 corr  4507 rms 0.0638   38.66 ms | p=(  279.63   -57.72   8.21) v=2.51 m/s [KF]
[lio] t=1317401266.146 | feat 6507/15830 | map  24434 | icp ok  iter  5 corr  4528 rms 0.0641   46.36 ms | p=(  279.76   -57.92   8.22) v=2.36 m/s
[lio] t=1317401266.250 | feat 6455/15936 | map  24434 | icp ok  iter  6 corr  4473 rms 0.0604   56.02 ms | p=(  279.86   -58.19   8.23) v=2.52 m/s
[lio] t=1317401266.354 | feat 6498/15984 | map  24434 | icp ok  iter  6 corr  4483 rms 0.0619   55.80 ms | p=(  279.99   -58.45   8.24) v=2.70 m/s
[lio] t=1317401266.458 | feat 6436/16053 | map  24434 | icp ok  iter  5 corr  4493 rms 0.0572   48.15 ms | p=(  280.13   -58.67   8.24) v=2.60 m/s [KF]
[lio] t=1317401266.561 | feat 6423/16151 | map  24553 | icp ok  iter  5 corr  4568 rms 0.0511   45.80 ms | p=(  280.29   -58.91   8.24) v=2.78 m/s
[lio] t=1317401266.665 | feat 6340/16077 | map  24553 | icp ok  iter  5 corr  4348 rms 0.0574   44.63 ms | p=(  280.47   -59.15   8.25) v=2.91 m/s
[lio] t=1317401266.769 | feat 6391/15999 | map  24553 | icp ok  iter  5 corr  4395 rms 0.0607   44.24 ms | p=(  280.66   -59.40   8.25) v=3.04 m/s
[lio] t=1317401266.872 | feat 6537/16069 | map  24553 | icp ok  iter  5 corr  4515 rms 0.0577   47.46 ms | p=(  280.86   -59.63   8.27) v=3.02 m/s [KF]
[lio] t=1317401266.976 | feat 6613/16228 | map  24701 | icp ok  iter  6 corr  4668 rms 0.0544   53.32 ms | p=(  281.09   -59.87   8.28) v=3.18 m/s
[lio] t=1317401267.080 | feat 6432/16230 | map  24701 | icp ok  iter  6 corr  4488 rms 0.0545   55.06 ms | p=(  281.33   -60.12   8.30) v=3.36 m/s
[lio] t=1317401267.184 | feat 6431/16158 | map  24701 | icp ok  iter  6 corr  4411 rms 0.0618   57.31 ms | p=(  281.61   -60.37   8.30) v=3.60 m/s [KF]
[lio] t=1317401267.287 | feat 6267/15906 | map  24859 | icp ok  iter  5 corr  4285 rms 0.0515   42.52 ms | p=(  281.90   -60.59   8.29) v=3.65 m/s
[lio] t=1317401267.391 | feat 6333/15950 | map  24859 | icp ok  iter  5 corr  4331 rms 0.0575   41.21 ms | p=(  282.22   -60.84   8.29) v=3.92 m/s
[lio] t=1317401267.495 | feat 6273/15927 | map  24859 | icp ok  iter  4 corr  4262 rms 0.0599   36.19 ms | p=(  282.57   -61.06   8.30) v=4.08 m/s [KF]
[lio] t=1317401267.599 | feat 6242/15970 | map  24960 | icp ok  iter  7 corr  4290 rms 0.0490   53.58 ms | p=(  282.93   -61.29   8.32) v=4.24 m/s
[lio] t=1317401267.703 | feat 6393/16054 | map  24960 | icp ok  iter  7 corr  4433 rms 0.0486   66.32 ms | p=(  283.35   -61.50   8.33) v=4.53 m/s
[lio] t=1317401267.807 | feat 6472/16044 | map  24960 | icp ok  iter  7 corr  4392 rms 0.0472   62.53 ms | p=(  283.79   -61.68   8.32) v=4.74 m/s [KF]
[lio] t=1317401267.911 | feat 6276/15954 | map  25081 | icp ok  iter  5 corr  4391 rms 0.0442   39.18 ms | p=(  284.25   -61.90   8.33) v=4.98 m/s
[lio] t=1317401268.015 | feat 6329/15874 | map  25081 | icp ok  iter  7 corr  4395 rms 0.0481   57.09 ms | p=(  284.77   -62.08   8.32) v=5.29 m/s [KF]
[lio] t=1317401268.119 | feat 6192/15676 | map  25048 | icp ok  iter  6 corr  4296 rms 0.0476   50.23 ms | p=(  285.31   -62.27   8.33) v=5.58 m/s
[lio] t=1317401268.223 | feat 6266/15493 | map  25048 | icp ok  iter  5 corr  4417 rms 0.0532   40.15 ms | p=(  285.89   -62.42   8.32) v=5.87 m/s [KF]
[lio] t=1317401268.327 | feat 6165/15474 | map  25001 | icp ok  iter  6 corr  4267 rms 0.0584   48.98 ms | p=(  286.47   -62.61   8.35) v=6.03 m/s
[lio] t=1317401268.431 | feat 6064/15185 | map  25001 | icp ok  iter  4 corr  4251 rms 0.0530   31.27 ms | p=(  287.09   -62.77   8.36) v=6.29 m/s [KF]
[lio] t=1317401268.535 | feat 5833/15040 | map  24952 | icp ok  iter  5 corr  4120 rms 0.0473   36.86 ms | p=(  287.76   -62.87   8.36) v=6.61 m/s
[lio] t=1317401268.639 | feat 5759/14761 | map  24952 | icp ok  iter  5 corr  4066 rms 0.0576   38.23 ms | p=(  288.46   -62.98   8.34) v=6.86 m/s [KF]
[lio] t=1317401268.743 | feat 5687/14640 | map  24968 | icp ok  iter  4 corr  4117 rms 0.0501   28.97 ms | p=(  289.18   -63.07   8.36) v=7.12 m/s
[lio] t=1317401268.847 | feat 5538/14542 | map  24968 | icp ok  iter  5 corr  3974 rms 0.0593   37.25 ms | p=(  289.94   -63.14   8.34) v=7.42 m/s [KF]
[lio] t=1317401268.951 | feat 5495/14302 | map  24848 | icp ok  iter  4 corr  3934 rms 0.0532   30.03 ms | p=(  290.73   -63.20   8.33) v=7.73 m/s
[lio] t=1317401269.055 | feat 5148/13731 | map  24848 | icp ok  iter  6 corr  3695 rms 0.0615   43.89 ms | p=(  291.53   -63.25   8.34) v=7.89 m/s [KF]
[lio] t=1317401269.159 | feat 5043/13497 | map  24720 | icp ok  iter  5 corr  3637 rms 0.0606   33.69 ms | p=(  292.36   -63.24   8.35) v=8.06 m/s
[lio] t=1317401269.263 | feat 4728/13084 | map  24720 | icp ok  iter  5 corr  3391 rms 0.0723   30.83 ms | p=(  293.22   -63.23   8.35) v=8.40 m/s [KF]
[lio] t=1317401269.368 | feat 4377/12824 | map  24682 | icp ok  iter  4 corr  3165 rms 0.0637   24.12 ms | p=(  294.09   -63.20   8.34) v=8.52 m/s
[lio] t=1317401269.472 | feat 4473/13090 | map  24682 | icp ok  iter  6 corr  3113 rms 0.0584   36.13 ms | p=(  294.99   -63.12   8.33) v=8.76 m/s [KF]
[lio] t=1317401269.576 | feat 4520/12908 | map  24685 | icp ok  iter 12 corr  3301 rms 0.0540   71.85 ms | p=(  295.93   -63.00   8.31) v=9.15 m/s
[lio] t=1317401269.680 | feat 4735/12774 | map  24685 | icp ok  iter  5 corr  3386 rms 0.0588   33.60 ms | p=(  296.88   -62.88   8.29) v=9.34 m/s [KF]
[lio] t=1317401269.784 | feat 4662/12578 | map  24727 | icp ok  iter  6 corr  3357 rms 0.0554   36.25 ms | p=(  297.82   -62.74   8.27) v=9.40 m/s
[lio] t=1317401269.888 | feat 4826/12492 | map  24727 | icp ok  iter  6 corr  3419 rms 0.0589   39.61 ms | p=(  298.82   -62.57   8.25) v=9.76 m/s [KF]
[lio] t=1317401269.992 | feat 4597/12138 | map  24684 | icp ok  iter  8 corr  3287 rms 0.0502   47.35 ms | p=(  299.82   -62.36   8.24) v=9.94 m/s [KF]
[lio] t=1317401270.096 | feat 4512/11978 | map  24568 | icp ok  iter  6 corr  3132 rms 0.0694   34.82 ms | p=(  300.87   -62.16   8.21) v=10.28 m/s [KF]
[lio] t=1317401270.201 | feat 4487/11622 | map  24538 | icp ok  iter  8 corr  3151 rms 0.0458   46.50 ms | p=(  301.89   -61.95   8.22) v=10.18 m/s [KF]
[lio] t=1317401270.305 | feat 4401/11329 | map  24387 | icp ok  iter  5 corr  3058 rms 0.0525   29.57 ms | p=(  302.93   -61.73   8.20) v=10.26 m/s [KF]
[lio] t=1317401270.409 | feat 4405/11313 | map  24203 | icp ok  iter  6 corr  3064 rms 0.0566   35.63 ms | p=(  303.96   -61.51   8.18) v=10.21 m/s [KF]
[lio] t=1317401270.513 | feat 4344/11275 | map  24116 | icp ok  iter  7 corr  2948 rms 0.0486   38.82 ms | p=(  305.04   -61.29   8.19) v=10.39 m/s [KF]
[lio] t=1317401270.617 | feat 4424/11155 | map  23881 | icp ok  iter  5 corr  3022 rms 0.0491   27.95 ms | p=(  306.06   -61.05   8.18) v=10.22 m/s [KF]
[lio] t=1317401270.722 | feat 4474/11171 | map  23605 | icp ok  iter  5 corr  3024 rms 0.0561   28.48 ms | p=(  307.10   -60.82   8.17) v=10.23 m/s [KF]
[lio] t=1317401270.826 | feat 4545/11123 | map  23368 | icp ok  iter  5 corr  3159 rms 0.0662   25.98 ms | p=(  308.15   -60.59   8.16) v=10.27 m/s [KF]
[lio] t=1317401270.930 | feat 4513/10944 | map  22990 | icp ok  iter  5 corr  3141 rms 0.0468   28.59 ms | p=(  309.20   -60.36   8.14) v=10.33 m/s [KF]
[lio] t=1317401271.034 | feat 4490/10995 | map  22636 | icp ok  iter  6 corr  3113 rms 0.0502   34.36 ms | p=(  310.24   -60.14   8.13) v=10.27 m/s [KF]
[lio] t=1317401271.138 | feat 4441/11178 | map  22392 | icp ok  iter  5 corr  3021 rms 0.0441   26.85 ms | p=(  311.30   -59.91   8.12) v=10.37 m/s [KF]
[lio] t=1317401271.242 | feat 4479/11058 | map  22130 | icp ok  iter  5 corr  3148 rms 0.0421   28.82 ms | p=(  312.36   -59.68   8.11) v=10.41 m/s [KF]
[lio] t=1317401271.346 | feat 4530/11021 | map  21801 | icp ok  iter  7 corr  3265 rms 0.0505   41.74 ms | p=(  313.43   -59.45   8.09) v=10.46 m/s [KF]
[lio] t=1317401271.450 | feat 4552/10995 | map  21574 | icp ok  iter  7 corr  3358 rms 0.0463   41.42 ms | p=(  314.45   -59.22   8.09) v=10.17 m/s [KF]
[lio] t=1317401271.554 | feat 4682/10977 | map  21113 | icp ok  iter  4 corr  3385 rms 0.0449   24.94 ms | p=(  315.49   -59.00   8.08) v=10.23 m/s [KF]
[lio] t=1317401271.658 | feat 4605/10878 | map  20720 | icp ok  iter  7 corr  3340 rms 0.0536   42.42 ms | p=(  316.51   -58.78   8.07) v=10.12 m/s [KF]
[lio] t=1317401271.762 | feat 4610/10898 | map  20113 | icp ok  iter  6 corr  3364 rms 0.0473   38.17 ms | p=(  317.57   -58.56   8.05) v=10.25 m/s [KF]
[lio] t=1317401271.866 | feat 4540/10795 | map  19618 | icp ok  iter  7 corr  3225 rms 0.0437   40.54 ms | p=(  318.56   -58.34   8.05) v=9.98 m/s [KF]
[lio] t=1317401271.970 | feat 4427/10741 | map  19106 | icp ok  iter  6 corr  3156 rms 0.0384   33.03 ms | p=(  319.59   -58.13   8.04) v=10.02 m/s [KF]
[lio] t=1317401272.074 | feat 4503/10826 | map  18569 | icp ok  iter  6 corr  3213 rms 0.0497   35.61 ms | p=(  320.65   -57.91   8.03) v=10.24 m/s [KF]
[lio] t=1317401272.178 | feat 4532/10911 | map  18218 | icp ok  iter  6 corr  3179 rms 0.0473   34.57 ms | p=(  321.67   -57.70   8.03) v=10.05 m/s [KF]
[lio] t=1317401272.282 | feat 4406/10995 | map  17925 | icp ok  iter  5 corr  3071 rms 0.0508   28.27 ms | p=(  322.68   -57.48   8.01) v=9.97 m/s [KF]
[lio] t=1317401272.386 | feat 4330/10984 | map  17712 | icp ok  iter  6 corr  2875 rms 0.0534   32.03 ms | p=(  323.69   -57.27   7.99) v=9.90 m/s [KF]
[lio] t=1317401272.490 | feat 4185/10811 | map  17524 | icp ok  iter  5 corr  2784 rms 0.0470   22.92 ms | p=(  324.67   -57.07   7.98) v=9.61 m/s
[lio] t=1317401272.593 | feat 4252/10828 | map  17524 | icp ok  iter  5 corr  2866 rms 0.0520   26.67 ms | p=(  325.66   -56.87   7.98) v=9.62 m/s [KF]
[lio] t=1317401272.697 | feat 4193/10896 | map  17469 | icp ok  iter  3 corr  2644 rms 0.0600   16.35 ms | p=(  326.64   -56.66   7.97) v=9.53 m/s [KF]
[lio] t=1317401272.801 | feat 4167/10902 | map  17375 | icp ok  iter  4 corr  2707 rms 0.0442   20.12 ms | p=(  327.59   -56.47   7.95) v=9.28 m/s
[lio] t=1317401272.905 | feat 4059/10883 | map  17375 | icp ok  iter  5 corr  2570 rms 0.0526   23.04 ms | p=(  328.51   -56.29   7.94) v=9.06 m/s [KF]
[lio] t=1317401273.009 | feat 3959/10771 | map  17315 | icp ok  iter  5 corr  2503 rms 0.0411   21.61 ms | p=(  329.44   -56.10   7.93) v=8.99 m/s
[lio] t=1317401273.113 | feat 4131/10779 | map  17315 | icp ok  iter  4 corr  2680 rms 0.0584   20.05 ms | p=(  330.35   -55.91   7.92) v=8.83 m/s [KF]
[lio] t=1317401273.217 | feat 4143/10875 | map  17310 | icp ok  iter  4 corr  2673 rms 0.0480   19.09 ms | p=(  331.24   -55.73   7.91) v=8.68 m/s
[lio] t=1317401273.321 | feat 4045/10987 | map  17310 | icp ok  iter  4 corr  2536 rms 0.0650   19.07 ms | p=(  332.11   -55.55   7.89) v=8.47 m/s [KF]
[lio] t=1317401273.425 | feat 4060/10932 | map  17304 | icp ok  iter  4 corr  2510 rms 0.0696   17.93 ms | p=(  332.96   -55.39   7.87) v=8.26 m/s
[lio] t=1317401273.529 | feat 3975/10519 | map  17304 | icp ok  iter  3 corr  2548 rms 0.0679   15.38 ms | p=(  333.78   -55.22   7.86) v=7.99 m/s [KF]
[lio] t=1317401273.633 | feat 3907/10436 | map  17301 | icp ok  iter  4 corr  2503 rms 0.0555   19.15 ms | p=(  334.61   -55.05   7.87) v=7.93 m/s
[lio] t=1317401273.737 | feat 3816/10415 | map  17301 | icp ok  iter  4 corr  2462 rms 0.0620   18.65 ms | p=(  335.38   -54.90   7.86) v=7.58 m/s [KF]
[lio] t=1317401273.841 | feat 3923/10718 | map  17294 | icp ok  iter  6 corr  2599 rms 0.0539   26.47 ms | p=(  336.14   -54.76   7.85) v=7.30 m/s
[lio] t=1317401273.945 | feat 4138/10952 | map  17294 | icp ok  iter  4 corr  2712 rms 0.0559   19.47 ms | p=(  336.87   -54.61   7.83) v=7.10 m/s [KF]
[lio] t=1317401274.048 | feat 4206/11139 | map  17382 | icp ok  iter  4 corr  2721 rms 0.0580   20.36 ms | p=(  337.59   -54.46   7.82) v=6.90 m/s
[lio] t=1317401274.152 | feat 4240/11026 | map  17382 | icp ok  iter  5 corr  2723 rms 0.0600   23.46 ms | p=(  338.25   -54.33   7.80) v=6.45 m/s [KF]
[lio] t=1317401274.257 | feat 4325/11195 | map  17456 | icp ok  iter  5 corr  2809 rms 0.0496   27.48 ms | p=(  338.93   -54.19   7.79) v=6.42 m/s
[lio] t=1317401274.361 | feat 4162/11149 | map  17456 | icp ok  iter  4 corr  2627 rms 0.0492   21.47 ms | p=(  339.54   -54.07   7.78) v=5.96 m/s [KF]
[lio] t=1317401274.465 | feat 4152/11373 | map  17457 | icp ok  iter  5 corr  2716 rms 0.0540   27.38 ms | p=(  340.16   -53.97   7.77) v=5.78 m/s
[lio] t=1317401274.569 | feat 4324/11299 | map  17457 | icp ok  iter  4 corr  2832 rms 0.0675   20.83 ms | p=(  340.72   -53.87   7.77) v=5.42 m/s [KF]
[lio] t=1317401274.674 | feat 4136/11271 | map  17683 | icp ok  iter  5 corr  2839 rms 0.0531   26.62 ms | p=(  341.29   -53.81   7.76) v=5.24 m/s
[lio] t=1317401274.778 | feat 4163/11272 | map  17683 | icp ok  iter  4 corr  2867 rms 0.0702   22.79 ms | p=(  341.79   -53.74   7.75) v=4.84 m/s [KF]
[lio] t=1317401274.882 | feat 4172/11260 | map  17746 | icp ok  iter  5 corr  2829 rms 0.0575   26.80 ms | p=(  342.31   -53.69   7.74) v=4.77 m/s
[lio] t=1317401274.987 | feat 4131/11352 | map  17746 | icp ok  iter  4 corr  2811 rms 0.0673   21.70 ms | p=(  342.78   -53.67   7.73) v=4.50 m/s
[lio] t=1317401275.091 | feat 4150/11439 | map  17746 | icp ok  iter  4 corr  2827 rms 0.0744   23.24 ms | p=(  343.23   -53.67   7.72) v=4.25 m/s [KF]
[lio] t=1317401275.195 | feat 4131/11501 | map  17863 | icp ok  iter  5 corr  2773 rms 0.0637   28.43 ms | p=(  343.70   -53.69   7.72) v=4.25 m/s
[lio] t=1317401275.300 | feat 4102/11647 | map  17863 | icp ok  iter  4 corr  2834 rms 0.0597   22.00 ms | p=(  344.13   -53.72   7.72) v=4.07 m/s
[lio] t=1317401275.404 | feat 4159/11745 | map  17863 | icp ok  iter  4 corr  2866 rms 0.0774   21.53 ms | p=(  344.53   -53.78   7.72) v=3.87 m/s [KF]
[lio] t=1317401275.508 | feat 4053/11890 | map  17959 | icp ok  iter  4 corr  2825 rms 0.0525   21.92 ms | p=(  344.91   -53.84   7.71) v=3.67 m/s
[lio] t=1317401275.613 | feat 4018/11776 | map  17959 | icp ok  iter  4 corr  2800 rms 0.0673   21.53 ms | p=(  345.30   -53.93   7.71) v=3.66 m/s
[lio] t=1317401275.717 | feat 4029/11853 | map  17959 | icp ok  iter  5 corr  2746 rms 0.0704   28.02 ms | p=(  345.64   -54.02   7.70) v=3.40 m/s [KF]
[lio] t=1317401275.821 | feat 3956/11942 | map  17989 | icp ok  iter 12 corr  2762 rms 0.0603   63.15 ms | p=(  345.99   -54.14   7.71) v=3.37 m/s
[lio] t=1317401275.925 | feat 3888/11985 | map  17989 | icp ok  iter  3 corr  2672 rms 0.0553   16.82 ms | p=(  346.32   -54.25   7.70) v=3.26 m/s
[lio] t=1317401276.030 | feat 3802/11934 | map  17989 | icp ok  iter  5 corr  2656 rms 0.0549   23.01 ms | p=(  346.62   -54.38   7.69) v=3.07 m/s [KF]
[lio] t=1317401276.134 | feat 3908/11932 | map  17958 | icp ok  iter  4 corr  2762 rms 0.0648   20.48 ms | p=(  346.93   -54.52   7.69) v=3.05 m/s
[lio] t=1317401276.238 | feat 3679/11827 | map  17958 | icp ok  iter  5 corr  2559 rms 0.0538   22.98 ms | p=(  347.17   -54.66   7.69) v=2.68 m/s
[lio] t=1317401276.342 | feat 3730/11879 | map  17958 | icp ok  iter  6 corr  2614 rms 0.0570   30.24 ms | p=(  347.39   -54.80   7.69) v=2.45 m/s
[lio] t=1317401276.446 | feat 3847/11900 | map  17958 | icp ok  iter  5 corr  2744 rms 0.0644   25.76 ms | p=(  347.63   -54.94   7.70) v=2.39 m/s [KF]
[lio] t=1317401276.550 | feat 3696/12126 | map  18028 | icp ok  iter  7 corr  2755 rms 0.0622   37.32 ms | p=(  347.80   -55.07   7.71) v=2.07 m/s
[lio] t=1317401276.654 | feat 3639/12118 | map  18028 | icp ok  iter  4 corr  2692 rms 0.0625   19.70 ms | p=(  347.98   -55.19   7.71) v=1.90 m/s
[lio] t=1317401276.758 | feat 3653/11987 | map  18028 | icp ok  iter  4 corr  2743 rms 0.0688   20.45 ms | p=(  348.13   -55.31   7.71) v=1.77 m/s
[lio] t=1317401276.862 | feat 3610/11962 | map  18028 | icp ok  iter  5 corr  2620 rms 0.0610   22.67 ms | p=(  348.27   -55.42   7.71) v=1.64 m/s
[lio] t=1317401276.965 | feat 3614/11771 | map  18028 | icp ok  iter  4 corr  2579 rms 0.0615   19.29 ms | p=(  348.43   -55.54   7.71) v=1.76 m/s
[lio] t=1317401277.069 | feat 3482/11730 | map  18028 | icp ok  iter  3 corr  2450 rms 0.0639   13.17 ms | p=(  348.56   -55.65   7.71) v=1.71 m/s [KF]
[lio] t=1317401277.173 | feat 3456/11731 | map  18063 | icp ok  iter  3 corr  2497 rms 0.0539   13.21 ms | p=(  348.69   -55.77   7.71) v=1.65 m/s
[lio] t=1317401277.277 | feat 3483/11652 | map  18063 | icp ok  iter  4 corr  2513 rms 0.0803   19.25 ms | p=(  348.81   -55.89   7.71) v=1.67 m/s
[lio] t=1317401277.381 | feat 3436/11517 | map  18063 | icp ok  iter  5 corr  2477 rms 0.0584   23.31 ms | p=(  348.96   -56.04   7.70) v=1.83 m/s
[lio] t=1317401277.485 | feat 3539/11472 | map  18063 | icp ok  iter  5 corr  2532 rms 0.0585   22.52 ms | p=(  349.06   -56.17   7.71) v=1.64 m/s
[lio] t=1317401277.589 | feat 3462/11589 | map  18063 | icp ok  iter  3 corr  2533 rms 0.0568   15.68 ms | p=(  349.18   -56.31   7.71) v=1.69 m/s
[lio] t=1317401277.693 | feat 3506/11558 | map  18063 | icp ok  iter  4 corr  2548 rms 0.0628   19.70 ms | p=(  349.28   -56.46   7.72) v=1.74 m/s [KF]
[lio] t=1317401277.797 | feat 3486/11889 | map  18136 | icp ok  iter  3 corr  2689 rms 0.0538   15.08 ms | p=(  349.40   -56.59   7.73) v=1.72 m/s
[lio] t=1317401277.901 | feat 3406/11927 | map  18136 | icp ok  iter  4 corr  2591 rms 0.0471   19.79 ms | p=(  349.50   -56.75   7.73) v=1.77 m/s
[lio] t=1317401278.005 | feat 3463/11931 | map  18136 | icp ok  iter  5 corr  2612 rms 0.0591   23.37 ms | p=(  349.60   -56.90   7.74) v=1.72 m/s
[lio] t=1317401278.109 | feat 3521/11860 | map  18136 | icp ok  iter  4 corr  2719 rms 0.0627   20.42 ms | p=(  349.71   -57.06   7.75) v=1.73 m/s
[lio] t=1317401278.213 | feat 3324/11818 | map  18136 | icp ok  iter  5 corr  2510 rms 0.0578   24.13 ms | p=(  349.78   -57.21   7.75) v=1.64 m/s
[lio] t=1317401278.317 | feat 3312/11967 | map  18136 | icp ok  iter  4 corr  2461 rms 0.0576   19.55 ms | p=(  349.88   -57.37   7.76) v=1.75 m/s [KF]
[lio] t=1317401278.421 | feat 3252/11793 | map  18216 | icp ok  iter  5 corr  2480 rms 0.0538   22.87 ms | p=(  349.99   -57.54   7.76) v=1.86 m/s
[lio] t=1317401278.524 | feat 3260/11655 | map  18216 | icp ok  iter  6 corr  2463 rms 0.0777   28.05 ms | p=(  350.07   -57.70   7.75) v=1.78 m/s
[lio] t=1317401278.628 | feat 3248/11736 | map  18216 | icp ok  iter  4 corr  2449 rms 0.1021   19.18 ms | p=(  350.15   -57.86   7.75) v=1.70 m/s
[lio] t=1317401278.732 | feat 3174/11777 | map  18216 | icp ok  iter  4 corr  2305 rms 0.0927   17.63 ms | p=(  350.24   -58.06   7.76) v=1.94 m/s
[lio] t=1317401278.836 | feat 3217/11878 | map  18216 | icp ok  iter  5 corr  2444 rms 0.0774   22.53 ms | p=(  350.29   -58.22   7.77) v=1.72 m/s
[lio] t=1317401278.940 | feat 3143/11676 | map  18216 | icp ok  iter  5 corr  2407 rms 0.1038   22.64 ms | p=(  350.38   -58.39   7.79) v=1.79 m/s [KF]
[lio] t=1317401279.044 | feat 3063/11620 | map  18251 | icp ok  iter  5 corr  2333 rms 0.0564   22.50 ms | p=(  350.46   -58.59   7.79) v=1.95 m/s
[lio] t=1317401279.147 | feat 3079/11383 | map  18251 | icp ok  iter  4 corr  2340 rms 0.0593   16.74 ms | p=(  350.55   -58.76   7.80) v=1.87 m/s
[lio] t=1317401279.251 | feat 3102/11386 | map  18251 | icp ok  iter  5 corr  2249 rms 0.0677   22.86 ms | p=(  350.61   -58.94   7.79) v=1.83 m/s
[lio] t=1317401279.355 | feat 3159/11422 | map  18251 | icp ok  iter  4 corr  2374 rms 0.1038   18.60 ms | p=(  350.66   -59.12   7.78) v=1.82 m/s
[lio] t=1317401279.459 | feat 3229/11403 | map  18251 | icp ok  iter  4 corr  2462 rms 0.0913   19.08 ms | p=(  350.69   -59.28   7.78) v=1.64 m/s
[lio] t=1317401279.563 | feat 3209/11378 | map  18251 | icp ok  iter  5 corr  2315 rms 0.0906   21.74 ms | p=(  350.76   -59.48   7.79) v=1.87 m/s [KF]
[lio] t=1317401279.666 | feat 2994/11293 | map  18341 | icp ok  iter  5 corr  2196 rms 0.0690   21.52 ms | p=(  350.82   -59.65   7.79) v=1.79 m/s
[lio] t=1317401279.770 | feat 2963/11149 | map  18341 | icp ok  iter  8 corr  2191 rms 0.0568   33.00 ms | p=(  350.87   -59.84   7.80) v=1.82 m/s
[lio] t=1317401279.874 | feat 3102/11030 | map  18341 | icp ok  iter  6 corr  2228 rms 0.0606   26.76 ms | p=(  350.96   -60.06   7.79) v=2.06 m/s
[lio] t=1317401279.978 | feat 2988/10913 | map  18341 | icp ok  iter  5 corr  2159 rms 0.0541   20.15 ms | p=(  350.99   -60.25   7.79) v=1.91 m/s
[lio] t=1317401280.082 | feat 2821/10715 | map  18341 | icp ok  iter  5 corr  2030 rms 0.0577   19.12 ms | p=(  351.05   -60.45   7.79) v=2.06 m/s [KF]
[lio] t=1317401280.185 | feat 2735/10535 | map  18225 | icp ok  iter  5 corr  2046 rms 0.0592   18.94 ms | p=(  351.12   -60.69   7.80) v=2.30 m/s
[lio] t=1317401280.289 | feat 2695/10303 | map  18225 | icp ok  iter  5 corr  1909 rms 0.0595   18.72 ms | p=(  351.18   -60.93   7.80) v=2.48 m/s
[lio] t=1317401280.393 | feat 2775/10147 | map  18225 | icp ok  iter  5 corr  1998 rms 0.0773   20.07 ms | p=(  351.26   -61.19   7.81) v=2.63 m/s
[lio] t=1317401280.497 | feat 2683/9886 | map  18225 | icp ok  iter  5 corr  1915 rms 0.0774   19.40 ms | p=(  351.33   -61.44   7.79) v=2.62 m/s [KF]
[lio] t=1317401280.600 | feat 2714/9901 | map  18093 | icp ok  iter  5 corr  2000 rms 0.0800   18.23 ms | p=(  351.39   -61.73   7.80) v=2.84 m/s
[lio] t=1317401280.704 | feat 2611/9843 | map  18093 | icp ok  iter  4 corr  1894 rms 0.0825   14.88 ms | p=(  351.44   -62.01   7.81) v=2.86 m/s
[lio] t=1317401280.808 | feat 2458/9839 | map  18093 | icp ok  iter  4 corr  1762 rms 0.0531   13.72 ms | p=(  351.51   -62.32   7.83) v=3.05 m/s
[lio] t=1317401280.912 | feat 2429/9728 | map  18093 | icp ok  iter  4 corr  1726 rms 0.0671   14.03 ms | p=(  351.61   -62.61   7.84) v=3.02 m/s [KF]
[lio] t=1317401281.016 | feat 2403/9564 | map  17884 | icp ok  iter  4 corr  1785 rms 0.0619   13.15 ms | p=(  351.68   -62.95   7.84) v=3.25 m/s
[lio] t=1317401281.119 | feat 2463/9496 | map  17884 | icp ok  iter  4 corr  1747 rms 0.0693   13.78 ms | p=(  351.76   -63.27   7.84) v=3.18 m/s
[lio] t=1317401281.223 | feat 2258/9391 | map  17884 | icp ok  iter  5 corr  1588 rms 0.0481   15.40 ms | p=(  351.84   -63.61   7.86) v=3.31 m/s [KF]
[lio] t=1317401281.327 | feat 2354/9310 | map  17715 | icp ok  iter  4 corr  1758 rms 0.0754   12.13 ms | p=(  351.90   -63.92   7.87) v=3.22 m/s
[lio] t=1317401281.431 | feat 2245/9081 | map  17715 | icp ok  iter  6 corr  1672 rms 0.0922   17.32 ms | p=(  351.98   -64.28   7.88) v=3.43 m/s
[lio] t=1317401281.535 | feat 2046/8839 | map  17715 | icp ok  iter  5 corr  1510 rms 0.0579   14.39 ms | p=(  352.08   -64.62   7.88) v=3.45 m/s [KF]
[lio] t=1317401281.639 | feat 2020/8835 | map  17465 | icp ok  iter  4 corr  1515 rms 0.0538   11.06 ms | p=(  352.15   -64.99   7.88) v=3.57 m/s
[lio] t=1317401281.743 | feat 2180/8723 | map  17465 | icp ok  iter  5 corr  1609 rms 0.0535   14.49 ms | p=(  352.24   -65.36   7.89) v=3.64 m/s
[lio] t=1317401281.847 | feat 1906/8538 | map  17465 | icp ok  iter  6 corr  1384 rms 0.0572   15.73 ms | p=(  352.31   -65.69   7.90) v=3.41 m/s [KF]
[lio] t=1317401281.951 | feat 2025/8490 | map  17304 | icp ok  iter  4 corr  1589 rms 0.0752   11.44 ms | p=(  352.41   -66.11   7.91) v=3.86 m/s
[lio] t=1317401282.055 | feat 1844/8229 | map  17304 | icp ok  iter  5 corr  1377 rms 0.0558   12.56 ms | p=(  352.48   -66.45   7.93) v=3.55 m/s
[lio] t=1317401282.158 | feat 1713/7915 | map  17304 | icp ok  iter  4 corr  1290 rms 0.0779    9.08 ms | p=(  352.55   -66.83   7.93) v=3.65 m/s [KF]
[lio] t=1317401282.262 | feat 1699/7743 | map  17084 | icp ok  iter  4 corr  1318 rms 0.0572    9.78 ms | p=(  352.64   -67.25   7.93) v=3.89 m/s
[lio] t=1317401282.366 | feat 1647/7661 | map  17084 | icp ok  iter  4 corr  1267 rms 0.0621    9.15 ms | p=(  352.70   -67.61   7.94) v=3.67 m/s
[lio] t=1317401282.470 | feat 1595/7508 | map  17084 | icp ok  iter  8 corr  1236 rms 0.0628   17.40 ms | p=(  352.79   -68.02   7.94) v=3.86 m/s [KF]
[lio] t=1317401282.574 | feat 1717/7413 | map  16793 | icp ok  iter  4 corr  1366 rms 0.0623    9.12 ms | p=(  352.84   -68.39   7.95) v=3.70 m/s
[lio] t=1317401282.678 | feat 1587/7386 | map  16793 | icp ok  iter  4 corr  1240 rms 0.0606    9.25 ms | p=(  352.91   -68.78   7.95) v=3.78 m/s
[lio] t=1317401282.782 | feat 1593/7224 | map  16793 | icp ok  iter  5 corr  1265 rms 0.0602   11.75 ms | p=(  352.96   -69.21   7.95) v=4.04 m/s [KF]
[lio] t=1317401282.886 | feat 1530/7159 | map  16513 | icp ok  iter  4 corr  1208 rms 0.0753    9.41 ms | p=(  353.04   -69.64   7.96) v=4.22 m/s
[lio] t=1317401282.990 | feat 1517/7111 | map  16513 | icp ok  iter  7 corr  1250 rms 0.0782   16.63 ms | p=(  353.10   -70.05   7.97) v=4.10 m/s
[lio] t=1317401283.094 | feat 1487/6982 | map  16513 | icp ok  iter  5 corr  1226 rms 0.0591   10.27 ms | p=(  353.18   -70.51   7.98) v=4.36 m/s [KF]
[lio] t=1317401283.198 | feat 1477/6885 | map  16401 | icp ok  iter  7 corr  1162 rms 0.0544   14.38 ms | p=(  353.23   -70.97   7.99) v=4.48 m/s
[lio] t=1317401283.302 | feat 1465/6911 | map  16401 | icp ok  iter  4 corr  1178 rms 0.0645    8.37 ms | p=(  353.30   -71.44   8.00) v=4.57 m/s
[lio] t=1317401283.406 | feat 1417/6803 | map  16401 | icp ok  iter  4 corr  1148 rms 0.0675    8.38 ms | p=(  353.34   -71.91   8.01) v=4.65 m/s [KF]
[lio] t=1317401283.509 | feat 1423/6811 | map  16161 | icp ok  iter  4 corr  1157 rms 0.0740    7.59 ms | p=(  353.42   -72.41   8.02) v=4.81 m/s
[lio] t=1317401283.613 | feat 1459/6804 | map  16161 | icp ok  iter  5 corr  1128 rms 0.0928   10.52 ms | p=(  353.50   -72.89   8.03) v=4.77 m/s
[lio] t=1317401283.717 | feat 1481/6710 | map  16161 | icp ok  iter  4 corr  1139 rms 0.0642    8.80 ms | p=(  353.57   -73.38   8.04) v=4.83 m/s [KF]
[lio] t=1317401283.820 | feat 1592/6728 | map  15946 | icp ok  iter  5 corr  1257 rms 0.0992   11.15 ms | p=(  353.65   -73.93   8.04) v=5.21 m/s
[lio] t=1317401283.924 | feat 1661/6870 | map  15946 | icp ok  iter  5 corr  1366 rms 0.0835   12.28 ms | p=(  353.75   -74.39   8.05) v=4.87 m/s [KF]
[lio] t=1317401284.028 | feat 1422/6628 | map  15684 | icp ok  iter  5 corr  1135 rms 0.0621   10.08 ms | p=(  353.86   -74.95   8.05) v=5.32 m/s
[lio] t=1317401284.132 | feat 1346/6558 | map  15684 | icp ok  iter  6 corr  1031 rms 0.0727   10.83 ms | p=(  353.99   -75.44   8.05) v=5.16 m/s [KF]
[lio] t=1317401284.236 | feat 1411/6528 | map  15305 | icp ok  iter  4 corr  1148 rms 0.0953    8.15 ms | p=(  354.14   -76.01   8.08) v=5.55 m/s
[lio] t=1317401284.340 | feat 1348/6590 | map  15305 | icp ok  iter  6 corr  1087 rms 0.0786   12.55 ms | p=(  354.30   -76.57   8.09) v=5.63 m/s [KF]
[lio] t=1317401284.444 | feat 1265/6592 | map  14975 | icp ok  iter  5 corr  1070 rms 0.0797    9.75 ms | p=(  354.44   -77.11   8.09) v=5.58 m/s
[lio] t=1317401284.548 | feat 1307/6556 | map  14975 | icp ok  iter  6 corr  1063 rms 0.0764   12.11 ms | p=(  354.62   -77.75   8.10) v=6.13 m/s [KF]
[lio] t=1317401284.652 | feat 1325/6476 | map  14655 | icp ok  iter  5 corr  1098 rms 0.0756   10.04 ms | p=(  354.77   -78.29   8.09) v=5.76 m/s
[lio] t=1317401284.756 | feat 1172/6473 | map  14655 | icp ok  iter  4 corr   947 rms 0.0837    6.87 ms | p=(  354.94   -78.88   8.10) v=5.90 m/s [KF]
[lio] t=1317401284.860 | feat 1201/6503 | map  14281 | icp ok  iter  5 corr   974 rms 0.0764    9.70 ms | p=(  355.11   -79.54   8.10) v=6.36 m/s
[lio] t=1317401284.964 | feat 1182/6428 | map  14281 | icp ok  iter  5 corr   949 rms 0.0628    8.25 ms | p=(  355.29   -80.24   8.12) v=6.76 m/s [KF]
[lio] t=1317401285.068 | feat 1230/6461 | map  13902 | icp ok  iter 12 corr   973 rms 0.0720   20.99 ms | p=(  355.44   -80.87   8.14) v=6.44 m/s
[lio] t=1317401285.172 | feat 1224/6617 | map  13902 | icp ok  iter  5 corr   990 rms 0.0669    9.75 ms | p=(  355.61   -81.57   8.16) v=6.80 m/s [KF]
[lio] t=1317401285.276 | feat 1196/6471 | map  13451 | icp ok  iter  5 corr  1027 rms 0.0570    7.99 ms | p=(  355.76   -82.25   8.17) v=6.74 m/s
[lio] t=1317401285.380 | feat 1246/6585 | map  13451 | icp ok  iter  9 corr  1040 rms 0.0751   15.75 ms | p=(  355.92   -82.95   8.18) v=6.91 m/s [KF]
[lio] t=1317401285.484 | feat 1366/6658 | map  12954 | icp ok  iter  4 corr  1161 rms 0.0597    8.25 ms | p=(  356.05   -83.64   8.18) v=6.84 m/s
[lio] t=1317401285.588 | feat 1174/6381 | map  12954 | icp ok  iter  5 corr   984 rms 0.0692    8.28 ms | p=(  356.20   -84.36   8.19) v=6.95 m/s [KF]
[lio] t=1317401285.692 | feat 1088/6506 | map  12493 | icp ok  iter  4 corr   871 rms 0.0702    5.83 ms | p=(  356.34   -85.07   8.20) v=6.98 m/s
[lio] t=1317401285.796 | feat 1218/6508 | map  12493 | icp ok  iter  4 corr   979 rms 0.0632    6.69 ms | p=(  356.48   -85.77   8.22) v=6.88 m/s [KF]
[lio] t=1317401285.900 | feat 1197/6493 | map  12009 | icp ok  iter  3 corr  1017 rms 0.0629    5.72 ms | p=(  356.62   -86.48   8.24) v=6.94 m/s
[lio] t=1317401286.004 | feat 1146/6499 | map  12009 | icp ok  iter  4 corr   935 rms 0.0634    7.09 ms | p=(  356.76   -87.21   8.24) v=7.09 m/s [KF]
[lio] t=1317401286.108 | feat 1180/6508 | map  11582 | icp ok  iter  4 corr   975 rms 0.0572    6.84 ms | p=(  356.88   -87.88   8.25) v=6.75 m/s
[lio] t=1317401286.212 | feat 1132/6440 | map  11582 | icp ok  iter  5 corr   899 rms 0.0569    7.87 ms | p=(  357.02   -88.63   8.27) v=7.06 m/s [KF]
[lio] t=1317401286.316 | feat 1153/6499 | map  11025 | icp ok  iter  6 corr   960 rms 0.0795    9.33 ms | p=(  357.14   -89.33   8.28) v=6.89 m/s
[lio] t=1317401286.419 | feat 1121/6525 | map  11025 | icp ok  iter  5 corr   934 rms 0.0660    7.48 ms | p=(  357.28   -90.07   8.29) v=7.06 m/s [KF]
[lio] t=1317401286.523 | feat 1159/6461 | map  10349 | icp ok  iter  4 corr   979 rms 0.0588    6.59 ms | p=(  357.40   -90.75   8.31) v=6.83 m/s
[lio] t=1317401286.627 | feat 1085/6402 | map  10349 | icp ok  iter  4 corr   865 rms 0.0596    5.77 ms | p=(  357.52   -91.43   8.30) v=6.68 m/s [KF]
[lio] t=1317401286.731 | feat 1210/6359 | map   9806 | icp ok  iter  4 corr  1023 rms 0.0577    6.87 ms | p=(  357.66   -92.18   8.32) v=7.02 m/s
[lio] t=1317401286.835 | feat 1145/6307 | map   9806 | icp ok  iter  4 corr   922 rms 0.0578    6.87 ms | p=(  357.78   -92.85   8.33) v=6.75 m/s [KF]
[lio] t=1317401286.939 | feat 1090/6348 | map   9175 | icp ok  iter  8 corr   909 rms 0.0735   12.40 ms | p=(  357.92   -93.60   8.36) v=7.03 m/s
[lio] t=1317401287.043 | feat 1127/6431 | map   9175 | icp ok  iter  5 corr   929 rms 0.0708    7.58 ms | p=(  358.05   -94.26   8.36) v=6.70 m/s [KF]
[lio] t=1317401287.146 | feat 1058/6340 | map   8439 | icp ok  iter  5 corr   924 rms 0.0549    7.25 ms | p=(  358.18   -94.99   8.37) v=6.93 m/s
[lio] t=1317401287.250 | feat 1082/6289 | map   8439 | icp ok  iter  4 corr   874 rms 0.0583    6.14 ms | p=(  358.31   -95.68   8.38) v=6.78 m/s [KF]
[lio] t=1317401287.354 | feat 1229/6337 | map   8027 | icp ok  iter  4 corr   996 rms 0.0736    7.05 ms | p=(  358.44   -96.37   8.40) v=6.76 m/s
[lio] t=1317401287.458 | feat 1214/6444 | map   8027 | icp ok  iter  3 corr   947 rms 0.0601    4.65 ms | p=(  358.58   -97.06   8.41) v=6.74 m/s [KF]
[lio] t=1317401287.562 | feat 1205/6546 | map   7687 | icp ok  iter  4 corr  1006 rms 0.0635    6.32 ms | p=(  358.72   -97.76   8.42) v=6.77 m/s
[lio] t=1317401287.666 | feat 1348/6682 | map   7687 | icp ok  iter  3 corr  1080 rms 0.0649    5.10 ms | p=(  358.85   -98.45   8.43) v=6.72 m/s [KF]
[lio] t=1317401287.770 | feat 1257/6748 | map   7379 | icp ok  iter  4 corr  1041 rms 0.0658    7.58 ms | p=(  358.99   -99.13   8.44) v=6.67 m/s
[lio] t=1317401287.874 | feat 1267/6786 | map   7379 | icp ok  iter  5 corr  1030 rms 0.0707    8.94 ms | p=(  359.12   -99.83   8.45) v=6.72 m/s [KF]
[lio] t=1317401287.978 | feat 1125/6741 | map   7191 | icp ok  iter  4 corr   883 rms 0.0638    5.99 ms | p=(  359.26  -100.49   8.45) v=6.55 m/s
[lio] t=1317401288.082 | feat 1136/6861 | map   7191 | icp ok  iter  4 corr   872 rms 0.0763    6.46 ms | p=(  359.40  -101.17   8.47) v=6.58 m/s [KF]
[lio] t=1317401288.185 | feat 1159/7222 | map   6967 | icp ok  iter  4 corr   952 rms 0.0566    5.84 ms | p=(  359.54  -101.84   8.49) v=6.58 m/s
[lio] t=1317401288.289 | feat 1260/7392 | map   6967 | icp ok  iter  6 corr   978 rms 0.0574    9.61 ms | p=(  359.68  -102.52   8.52) v=6.62 m/s [KF]
[lio] t=1317401288.393 | feat 1245/7321 | map   6882 | icp ok  iter  3 corr   999 rms 0.0561    5.78 ms | p=(  359.82  -103.22   8.52) v=6.73 m/s
[lio] t=1317401288.497 | feat 1254/7242 | map   6882 | icp ok  iter  6 corr  1006 rms 0.0591   10.30 ms | p=(  359.96  -103.88   8.55) v=6.57 m/s [KF]
[lio] t=1317401288.601 | feat 1310/7085 | map   6783 | icp ok  iter  5 corr  1056 rms 0.0934    8.86 ms | p=(  360.09  -104.56   8.56) v=6.61 m/s
[lio] t=1317401288.705 | feat 1303/6854 | map   6783 | icp ok  iter  3 corr  1011 rms 0.0925    5.39 ms | p=(  360.23  -105.23   8.59) v=6.59 m/s [KF]
[lio] t=1317401288.809 | feat 1359/6783 | map   6752 | icp ok  iter  3 corr  1049 rms 0.0546    4.94 ms | p=(  360.37  -105.91   8.61) v=6.61 m/s
[lio] t=1317401288.913 | feat 1368/6515 | map   6752 | icp ok  iter  3 corr  1049 rms 0.0607    5.44 ms | p=(  360.51  -106.57   8.63) v=6.52 m/s [KF]
[lio] t=1317401289.017 | feat 1273/6345 | map   6762 | icp ok  iter  3 corr  1016 rms 0.0741    5.44 ms | p=(  360.64  -107.25   8.66) v=6.59 m/s
[lio] t=1317401289.121 | feat 1283/6041 | map   6762 | icp ok  iter  4 corr  1014 rms 0.0866    7.23 ms | p=(  360.77  -107.91   8.68) v=6.49 m/s [KF]
[lio] t=1317401289.225 | feat 1321/5785 | map   6702 | icp ok  iter  3 corr  1045 rms 0.0669    5.68 ms | p=(  360.89  -108.57   8.69) v=6.44 m/s
[lio] t=1317401289.329 | feat 1314/5757 | map   6702 | icp ok  iter  4 corr  1063 rms 0.0634    7.38 ms | p=(  361.04  -109.28   8.72) v=6.72 m/s [KF]
[lio] t=1317401289.433 | feat 1236/5570 | map   6670 | icp ok  iter  4 corr  1015 rms 0.0532    7.59 ms | p=(  361.17  -109.93   8.72) v=6.51 m/s
[lio] t=1317401289.537 | feat 1215/5566 | map   6670 | icp ok  iter  5 corr   961 rms 0.0595    8.47 ms | p=(  361.29  -110.62   8.77) v=6.61 m/s [KF]
[lio] t=1317401289.641 | feat 1298/5644 | map   6637 | icp ok  iter  3 corr  1038 rms 0.0554    5.11 ms | p=(  361.43  -111.27   8.77) v=6.47 m/s
[lio] t=1317401289.745 | feat 1215/5565 | map   6637 | icp ok  iter  3 corr   996 rms 0.0527    5.06 ms | p=(  361.57  -111.92   8.79) v=6.40 m/s [KF]
[lio] t=1317401289.849 | feat 1295/5645 | map   6555 | icp ok  iter  4 corr  1074 rms 0.0655    7.97 ms | p=(  361.70  -112.60   8.81) v=6.50 m/s
[lio] t=1317401289.953 | feat 1317/5634 | map   6555 | icp ok  iter  6 corr  1094 rms 0.0540   10.93 ms | p=(  361.83  -113.26   8.81) v=6.48 m/s [KF]
[lio] t=1317401290.057 | feat 1263/5641 | map   6528 | icp ok  iter  5 corr  1071 rms 0.0473    9.18 ms | p=(  361.97  -113.93   8.85) v=6.53 m/s
[lio] t=1317401290.161 | feat 1274/5573 | map   6528 | icp ok  iter  4 corr  1044 rms 0.0778    7.71 ms | p=(  362.10  -114.61   8.84) v=6.60 m/s [KF]
[lio] t=1317401290.265 | feat 1316/5541 | map   6543 | icp ok  iter  4 corr  1103 rms 0.0666    8.66 ms | p=(  362.23  -115.26   8.87) v=6.43 m/s
[lio] t=1317401290.369 | feat 1211/5455 | map   6543 | icp ok  iter  4 corr   994 rms 0.0674    7.05 ms | p=(  362.35  -115.92   8.89) v=6.43 m/s [KF]
[lio] t=1317401290.473 | feat 1189/5471 | map   6538 | icp ok  iter  5 corr   961 rms 0.0776    7.77 ms | p=(  362.48  -116.61   8.92) v=6.57 m/s
[lio] t=1317401290.577 | feat 1220/5416 | map   6538 | icp ok  iter  4 corr  1000 rms 0.0809    7.63 ms | p=(  362.61  -117.24   8.93) v=6.37 m/s [KF]
[lio] t=1317401290.681 | feat 1111/5388 | map   6541 | icp ok  iter  4 corr   927 rms 0.0614    6.19 ms | p=(  362.74  -117.92   8.94) v=6.52 m/s
[lio] t=1317401290.784 | feat 1099/5365 | map   6541 | icp ok  iter  4 corr   883 rms 0.0692    6.13 ms | p=(  362.88  -118.59   8.96) v=6.53 m/s [KF]
[lio] t=1317401290.888 | feat 1105/5284 | map   6577 | icp ok  iter  3 corr   877 rms 0.0687    5.23 ms | p=(  362.99  -119.25   8.98) v=6.42 m/s
[lio] t=1317401290.992 | feat  991/5234 | map   6577 | icp ok  iter  4 corr   800 rms 0.0683    6.24 ms | p=(  363.12  -119.92   9.00) v=6.50 m/s [KF]
[lio] t=1317401291.096 | feat 1086/5311 | map   6550 | icp ok  iter  4 corr   892 rms 0.0718    6.34 ms | p=(  363.26  -120.60   9.02) v=6.60 m/s
[lio] t=1317401291.200 | feat  996/5330 | map   6550 | icp ok  iter  5 corr   779 rms 0.0627    6.95 ms | p=(  363.39  -121.22   9.03) v=6.29 m/s [KF]
[lio] t=1317401291.304 | feat 1011/5318 | map   6571 | icp ok  iter  4 corr   827 rms 0.0596    5.71 ms | p=(  363.52  -121.90   9.05) v=6.51 m/s
[lio] t=1317401291.408 | feat 1049/5407 | map   6571 | icp ok  iter  3 corr   852 rms 0.0740    4.55 ms | p=(  363.65  -122.56   9.06) v=6.46 m/s [KF]
[lio] t=1317401291.512 | feat 1061/5317 | map   6612 | icp ok  iter  3 corr   877 rms 0.0541    5.05 ms | p=(  363.78  -123.22   9.09) v=6.44 m/s
[lio] t=1317401291.616 | feat 1100/5257 | map   6612 | icp ok  iter  4 corr   890 rms 0.0500    5.78 ms | p=(  363.91  -123.87   9.11) v=6.38 m/s [KF]
[lio] t=1317401291.720 | feat 1076/5316 | map   6661 | icp ok  iter  3 corr   892 rms 0.0757    4.48 ms | p=(  364.04  -124.53   9.14) v=6.39 m/s
[lio] t=1317401291.824 | feat  973/5334 | map   6661 | icp ok  iter  4 corr   764 rms 0.0708    5.49 ms | p=(  364.18  -125.19   9.14) v=6.46 m/s [KF]
[lio] t=1317401291.927 | feat 1072/5322 | map   6697 | icp ok  iter  3 corr   862 rms 0.1072    4.83 ms | p=(  364.30  -125.85   9.16) v=6.44 m/s
[lio] t=1317401292.031 | feat  895/5281 | map   6697 | icp ok  iter  4 corr   707 rms 0.0597    4.78 ms | p=(  364.44  -126.52   9.17) v=6.49 m/s [KF]
[lio] t=1317401292.135 | feat  876/5187 | map   6661 | icp ok  iter  4 corr   690 rms 0.0598    4.36 ms | p=(  364.57  -127.17   9.18) v=6.44 m/s
[lio] t=1317401292.239 | feat  970/5256 | map   6661 | icp ok  iter  4 corr   743 rms 0.0796    5.32 ms | p=(  364.70  -127.84   9.20) v=6.47 m/s [KF]
[lio] t=1317401292.343 | feat 1090/5187 | map   6695 | icp ok  iter  3 corr   875 rms 0.0684    4.97 ms | p=(  364.83  -128.49   9.24) v=6.41 m/s
[lio] t=1317401292.447 | feat 1075/5105 | map   6695 | icp ok  iter  4 corr   873 rms 0.0708    6.08 ms | p=(  364.95  -129.16   9.26) v=6.46 m/s [KF]
[lio] t=1317401292.551 | feat 1055/5227 | map   6728 | icp ok  iter  4 corr   875 rms 0.0641    6.20 ms | p=(  365.08  -129.80   9.25) v=6.36 m/s
[lio] t=1317401292.655 | feat 1113/5188 | map   6728 | icp ok  iter  4 corr   878 rms 0.0723    6.58 ms | p=(  365.22  -130.48   9.25) v=6.56 m/s [KF]
[lio] t=1317401292.759 | feat 1122/5184 | map   6644 | icp ok  iter  5 corr   892 rms 0.0666    7.43 ms | p=(  365.33  -131.15   9.27) v=6.50 m/s
[lio] t=1317401292.863 | feat 1242/5300 | map   6644 | icp ok  iter  4 corr  1063 rms 0.0807    7.23 ms | p=(  365.45  -131.80   9.30) v=6.41 m/s [KF]
[lio] t=1317401292.967 | feat 1166/5252 | map   6493 | icp ok  iter  5 corr   967 rms 0.0475    7.89 ms | p=(  365.58  -132.48   9.31) v=6.52 m/s
[lio] t=1317401293.071 | feat 1044/5166 | map   6493 | icp ok  iter  4 corr   875 rms 0.0723    5.89 ms | p=(  365.70  -133.15   9.32) v=6.53 m/s [KF]
[lio] t=1317401293.175 | feat 1133/5168 | map   6393 | icp ok  iter  4 corr   914 rms 0.0906    7.16 ms | p=(  365.81  -133.82   9.34) v=6.50 m/s
[lio] t=1317401293.279 | feat 1031/5209 | map   6393 | icp ok  iter  4 corr   846 rms 0.0619    6.20 ms | p=(  365.93  -134.47   9.35) v=6.40 m/s [KF]
[lio] t=1317401293.383 | feat 1041/5227 | map   6311 | icp ok  iter  4 corr   854 rms 0.0582    5.73 ms | p=(  366.07  -135.14   9.38) v=6.49 m/s
[lio] t=1317401293.487 | feat 1064/5353 | map   6311 | icp ok  iter  5 corr   830 rms 0.0982    7.55 ms | p=(  366.18  -135.75   9.39) v=6.20 m/s [KF]
[lio] t=1317401293.591 | feat  845/5499 | map   6310 | icp ok  iter  5 corr   666 rms 0.0598    5.99 ms | p=(  366.31  -136.43   9.40) v=6.45 m/s
[lio] t=1317401293.695 | feat  885/5708 | map   6310 | icp ok  iter  5 corr   708 rms 0.0739    6.44 ms | p=(  366.44  -137.15   9.42) v=6.81 m/s [KF]
[lio] t=1317401293.798 | feat  964/5883 | map   6241 | icp ok  iter  4 corr   799 rms 0.0800    6.32 ms | p=(  366.57  -137.79   9.44) v=6.45 m/s
[lio] t=1317401293.902 | feat  953/5961 | map   6241 | icp ok  iter  4 corr   764 rms 0.0999    5.73 ms | p=(  366.69  -138.45   9.47) v=6.45 m/s [KF]
[lio] t=1317401294.006 | feat  936/5971 | map   6237 | icp ok  iter  5 corr   785 rms 0.0924    6.68 ms | p=(  366.82  -139.12   9.50) v=6.51 m/s
[lio] t=1317401294.110 | feat  946/6017 | map   6237 | icp ok  iter  4 corr   757 rms 0.0984    5.67 ms | p=(  366.95  -139.80   9.50) v=6.54 m/s [KF]
[lio] t=1317401294.214 | feat  883/5848 | map   6177 | icp ok  iter  4 corr   746 rms 0.0852    5.26 ms | p=(  367.07  -140.45   9.51) v=6.45 m/s
[lio] t=1317401294.318 | feat  943/5833 | map   6177 | icp ok  iter  3 corr   740 rms 0.0842    4.26 ms | p=(  367.20  -141.11   9.52) v=6.49 m/s [KF]
[lio] t=1317401294.422 | feat 1084/5687 | map   6192 | icp ok  iter  3 corr   898 rms 0.0703    4.57 ms | p=(  367.32  -141.79   9.53) v=6.53 m/s
[lio] t=1317401294.526 | feat 1000/5594 | map   6192 | icp ok  iter  4 corr   822 rms 0.0779    5.87 ms | p=(  367.44  -142.45   9.56) v=6.45 m/s [KF]
[lio] t=1317401294.630 | feat  907/5633 | map   6195 | icp ok  iter  3 corr   786 rms 0.0822    4.72 ms | p=(  367.58  -143.12   9.59) v=6.52 m/s
[lio] t=1317401294.734 | feat  699/5404 | map   6195 | icp ok  iter  4 corr   583 rms 0.0761    4.22 ms | p=(  367.70  -143.76   9.58) v=6.33 m/s [KF]
[lio] t=1317401294.838 | feat  734/5153 | map   6146 | icp ok  iter  6 corr   608 rms 0.1013    6.39 ms | p=(  367.85  -144.44   9.59) v=6.55 m/s
[lio] t=1317401294.942 | feat  774/5123 | map   6146 | icp ok  iter  4 corr   585 rms 0.1007    4.50 ms | p=(  367.95  -145.11   9.59) v=6.50 m/s [KF]
[lio] t=1317401295.046 | feat  725/5206 | map   6214 | icp ok  iter  4 corr   576 rms 0.0620    3.81 ms | p=(  368.07  -145.76   9.62) v=6.40 m/s
[lio] t=1317401295.150 | feat  792/5059 | map   6214 | icp ok  iter  4 corr   668 rms 0.0625    4.61 ms | p=(  368.21  -146.41   9.64) v=6.37 m/s [KF]
[lio] t=1317401295.254 | feat  863/4929 | map   6156 | icp ok  iter  4 corr   703 rms 0.0657    4.88 ms | p=(  368.34  -147.07   9.67) v=6.39 m/s
[lio] t=1317401295.357 | feat  777/4860 | map   6156 | icp ok  iter  3 corr   616 rms 0.0753    3.39 ms | p=(  368.47  -147.71   9.69) v=6.29 m/s [KF]
[lio] t=1317401295.461 | feat  703/4828 | map   6088 | icp ok  iter  4 corr   585 rms 0.0550    3.72 ms | p=(  368.59  -148.34   9.71) v=6.23 m/s
[lio] t=1317401295.565 | feat  807/4929 | map   6088 | icp ok  iter  4 corr   631 rms 0.0664    4.68 ms | p=(  368.71  -149.02   9.72) v=6.42 m/s [KF]
[lio] t=1317401295.669 | feat  797/4951 | map   6045 | icp ok  iter  5 corr   635 rms 0.0766    5.89 ms | p=(  368.84  -149.65   9.75) v=6.27 m/s
[lio] t=1317401295.773 | feat  835/5057 | map   6045 | icp ok  iter  6 corr   633 rms 0.0694    6.37 ms | p=(  368.97  -150.31   9.77) v=6.34 m/s [KF]
[lio] t=1317401295.877 | feat  886/5082 | map   6010 | icp ok  iter  4 corr   728 rms 0.0607    5.12 ms | p=(  369.11  -150.94   9.80) v=6.22 m/s
[lio] t=1317401295.981 | feat  997/5087 | map   6010 | icp ok  iter  3 corr   816 rms 0.1198    4.72 ms | p=(  369.23  -151.56   9.82) v=6.06 m/s [KF]
[lio] t=1317401296.085 | feat 1038/5016 | map   6063 | icp ok  iter  4 corr   845 rms 0.0533    5.44 ms | p=(  369.33  -152.18   9.83) v=6.02 m/s
[lio] t=1317401296.189 | feat 1079/5115 | map   6063 | icp ok  iter  5 corr   899 rms 0.0642    7.49 ms | p=(  369.46  -152.82   9.84) v=6.10 m/s [KF]
[lio] t=1317401296.293 | feat 1057/5170 | map   6091 | icp ok  iter  6 corr   879 rms 0.0594    9.27 ms | p=(  369.58  -153.43   9.85) v=5.92 m/s
[lio] t=1317401296.397 | feat 1133/5169 | map   6091 | icp ok  iter  4 corr   977 rms 0.0672    6.39 ms | p=(  369.69  -154.02   9.88) v=5.76 m/s [KF]
[lio] t=1317401296.501 | feat 1084/5261 | map   6172 | icp ok  iter  4 corr   940 rms 0.0562    5.66 ms | p=(  369.80  -154.59   9.89) v=5.51 m/s
[lio] t=1317401296.605 | feat 1187/5365 | map   6172 | icp ok  iter  5 corr  1011 rms 0.0717    7.93 ms | p=(  369.92  -155.18   9.91) v=5.58 m/s [KF]
[lio] t=1317401296.709 | feat 1271/5556 | map   6226 | icp ok  iter  5 corr  1104 rms 0.0573    8.88 ms | p=(  370.00  -155.74   9.92) v=5.32 m/s
[lio] t=1317401296.813 | feat 1310/5611 | map   6226 | icp ok  iter  3 corr  1134 rms 0.0592    5.70 ms | p=(  370.09  -156.27   9.94) v=5.10 m/s [KF]
[lio] t=1317401296.917 | feat 1336/5584 | map   6232 | icp ok  iter  5 corr  1172 rms 0.0585    8.81 ms | p=(  370.19  -156.78   9.94) v=4.92 m/s
[lio] t=1317401297.021 | feat 1405/5636 | map   6232 | icp ok  iter  3 corr  1210 rms 0.0641    5.94 ms | p=(  370.28  -157.27   9.95) v=4.67 m/s [KF]
[lio] t=1317401297.125 | feat 1359/5637 | map   6266 | icp ok  iter  4 corr  1204 rms 0.0625    7.67 ms | p=(  370.38  -157.73   9.97) v=4.39 m/s
[lio] t=1317401297.229 | feat 1332/5699 | map   6266 | icp ok  iter  5 corr  1127 rms 0.0500    9.12 ms | p=(  370.45  -158.18   9.99) v=4.24 m/s
[lio] t=1317401297.333 | feat 1403/5699 | map   6266 | icp ok  iter  3 corr  1187 rms 0.0645    6.42 ms | p=(  370.52  -158.61  10.00) v=4.08 m/s [KF]
[lio] t=1317401297.437 | feat 1424/5753 | map   6384 | icp ok  iter  4 corr  1298 rms 0.0663    9.46 ms | p=(  370.60  -159.02  10.02) v=3.91 m/s
[lio] t=1317401297.541 | feat 1435/5694 | map   6384 | icp ok  iter  4 corr  1275 rms 0.0574    8.00 ms | p=(  370.68  -159.40  10.02) v=3.67 m/s
[lio] t=1317401297.645 | feat 1466/5784 | map   6384 | icp ok  iter  3 corr  1265 rms 0.0989    6.72 ms | p=(  370.75  -159.78  10.02) v=3.58 m/s [KF]
[lio] t=1317401297.749 | feat 1483/5851 | map   6492 | icp ok  iter  4 corr  1335 rms 0.0907    8.97 ms | p=(  370.80  -160.14  10.03) v=3.41 m/s
[lio] t=1317401297.853 | feat 1419/5744 | map   6492 | icp ok  iter  3 corr  1279 rms 0.0930    6.58 ms | p=(  370.86  -160.49  10.05) v=3.24 m/s
[lio] t=1317401297.957 | feat 1311/5668 | map   6492 | icp ok  iter  4 corr  1147 rms 0.0721    7.01 ms | p=(  370.92  -160.81  10.06) v=3.02 m/s [KF]
[lio] t=1317401298.061 | feat 1388/5744 | map   6567 | icp ok  iter  4 corr  1252 rms 0.0732    8.54 ms | p=(  370.97  -161.12  10.07) v=2.88 m/s
[lio] t=1317401298.165 | feat 1302/5766 | map   6567 | icp ok  iter  4 corr  1158 rms 0.0643    7.95 ms | p=(  371.02  -161.40  10.08) v=2.64 m/s
[lio] t=1317401298.269 | feat 1346/5782 | map   6567 | icp ok  iter  5 corr  1196 rms 0.0619    9.53 ms | p=(  371.06  -161.67  10.09) v=2.49 m/s
[lio] t=1317401298.373 | feat 1353/5877 | map   6567 | icp ok  iter  4 corr  1179 rms 0.0657    8.40 ms | p=(  371.11  -161.92  10.09) v=2.32 m/s [KF]
[lio] t=1317401298.477 | feat 1334/5930 | map   6658 | icp ok  iter  3 corr  1218 rms 0.0505    6.00 ms | p=(  371.16  -162.14  10.09) v=2.01 m/s
[lio] t=1317401298.581 | feat 1285/5998 | map   6658 | icp ok  iter  3 corr  1191 rms 0.0554    5.75 ms | p=(  371.20  -162.33  10.09) v=1.81 m/s
[lio] t=1317401298.685 | feat 1319/6004 | map   6658 | icp ok  iter  5 corr  1198 rms 0.0588    9.89 ms | p=(  371.23  -162.52  10.09) v=1.70 m/s
[lio] t=1317401298.789 | feat 1441/6108 | map   6658 | icp ok  iter  3 corr  1305 rms 0.0826    6.97 ms | p=(  371.29  -162.69  10.10) v=1.58 m/s
[lio] t=1317401298.892 | feat 1515/6241 | map   6658 | icp ok  iter  4 corr  1395 rms 0.0989    9.68 ms | p=(  371.32  -162.86  10.10) v=1.55 m/s
[lio] t=1317401298.996 | feat 1518/6334 | map   6658 | icp ok  iter  5 corr  1399 rms 0.0935   13.70 ms | p=(  371.36  -163.01  10.10) v=1.52 m/s [KF]
[lio] t=1317401299.100 | feat 1563/6253 | map   6777 | icp ok  iter  3 corr  1423 rms 0.0721    8.07 ms | p=(  371.38  -163.15  10.10) v=1.38 m/s
[lio] t=1317401299.204 | feat 1616/6391 | map   6777 | icp ok  iter  5 corr  1407 rms 0.0739   13.76 ms | p=(  371.44  -163.31  10.11) v=1.55 m/s
[lio] t=1317401299.307 | feat 1621/6425 | map   6777 | icp ok  iter  4 corr  1416 rms 0.0880   10.69 ms | p=(  371.49  -163.47  10.11) v=1.52 m/s
[lio] t=1317401299.411 | feat 1605/6504 | map   6777 | icp ok  iter  4 corr  1388 rms 0.1007   10.81 ms | p=(  371.55  -163.59  10.12) v=1.37 m/s
[lio] t=1317401299.515 | feat 1582/6633 | map   6777 | icp ok  iter  5 corr  1395 rms 0.0869   11.85 ms | p=(  371.61  -163.74  10.12) v=1.47 m/s
[lio] t=1317401299.618 | feat 1691/6610 | map   6777 | icp ok  iter  4 corr  1444 rms 0.0917   11.36 ms | p=(  371.66  -163.87  10.12) v=1.33 m/s
[lio] t=1317401299.722 | feat 1663/6716 | map   6777 | icp ok  iter  3 corr  1390 rms 0.0935    8.34 ms | p=(  371.73  -164.00  10.12) v=1.39 m/s [KF]
[lio] t=1317401299.826 | feat 1598/6779 | map   7034 | icp ok  iter  4 corr  1424 rms 0.0841   10.61 ms | p=(  371.80  -164.10  10.12) v=1.24 m/s
[lio] t=1317401299.930 | feat 1625/7014 | map   7034 | icp ok  iter  4 corr  1409 rms 0.0863    8.95 ms | p=(  371.89  -164.23  10.12) v=1.40 m/s
[lio] t=1317401300.033 | feat 1779/7109 | map   7034 | icp ok  iter  4 corr  1528 rms 0.0787   10.50 ms | p=(  371.97  -164.35  10.11) v=1.42 m/s
[lio] t=1317401300.137 | feat 1653/7093 | map   7034 | icp ok  iter  3 corr  1387 rms 0.0755    7.79 ms | p=(  372.04  -164.46  10.11) v=1.40 m/s
[lio] t=1317401300.241 | feat 1757/7244 | map   7034 | icp ok  iter  4 corr  1469 rms 0.0816   11.35 ms | p=(  372.13  -164.59  10.11) v=1.50 m/s [KF]
[lio] t=1317401300.345 | feat 1776/7214 | map   7239 | icp ok  iter  3 corr  1588 rms 0.0548    8.11 ms | p=(  372.23  -164.73  10.11) v=1.65 m/s
[lio] t=1317401300.448 | feat 1694/7234 | map   7239 | icp ok  iter  4 corr  1510 rms 0.0645   10.42 ms | p=(  372.35  -164.86  10.10) v=1.69 m/s
[lio] t=1317401300.552 | feat 1714/7130 | map   7239 | icp ok  iter  3 corr  1521 rms 0.0689    8.69 ms | p=(  372.48  -164.98  10.10) v=1.78 m/s
[lio] t=1317401300.656 | feat 1649/7169 | map   7239 | icp ok  iter  4 corr  1434 rms 0.0599   10.07 ms | p=(  372.57  -165.12  10.10) v=1.65 m/s [KF]
[lio] t=1317401300.759 | feat 1684/7240 | map   7315 | icp ok  iter  6 corr  1523 rms 0.0605   16.68 ms | p=(  372.73  -165.24  10.10) v=1.84 m/s
[lio] t=1317401300.863 | feat 1699/7248 | map   7315 | icp ok  iter  4 corr  1498 rms 0.0645   11.13 ms | p=(  372.86  -165.35  10.09) v=1.79 m/s
[lio] t=1317401300.967 | feat 1731/7225 | map   7315 | icp ok  iter  4 corr  1555 rms 0.0747   10.89 ms | p=(  373.00  -165.48  10.09) v=1.86 m/s
[lio] t=1317401301.071 | feat 1701/7047 | map   7315 | icp ok  iter  4 corr  1499 rms 0.0615   10.23 ms | p=(  373.18  -165.59  10.08) v=2.07 m/s [KF]
[lio] t=1317401301.175 | feat 1743/6977 | map   7432 | icp ok  iter  3 corr  1586 rms 0.0566    8.80 ms | p=(  373.35  -165.71  10.06) v=2.11 m/s
[lio] t=1317401301.279 | feat 1736/6826 | map   7432 | icp ok  iter  4 corr  1594 rms 0.0590   11.63 ms | p=(  373.58  -165.83  10.06) v=2.35 m/s
[lio] t=1317401301.383 | feat 1782/6818 | map   7432 | icp ok  iter  4 corr  1607 rms 0.0674   12.21 ms | p=(  373.79  -165.92  10.05) v=2.31 m/s
[lio] t=1317401301.487 | feat 1688/6614 | map   7432 | icp ok  iter  3 corr  1513 rms 0.0634    8.23 ms | p=(  374.02  -166.03  10.05) v=2.48 m/s
[lio] t=1317401301.591 | feat 1597/6400 | map   7432 | icp ok  iter  4 corr  1449 rms 0.0595   10.19 ms | p=(  374.23  -166.14  10.03) v=2.43 m/s [KF]
[lio] t=1317401301.695 | feat 1638/6299 | map   7515 | icp ok  iter  4 corr  1503 rms 0.0499    9.09 ms | p=(  374.49  -166.23  10.02) v=2.61 m/s
[lio] t=1317401301.799 | feat 1579/6150 | map   7515 | icp ok  iter  3 corr  1434 rms 0.0632    7.14 ms | p=(  374.74  -166.31  10.01) v=2.64 m/s
[lio] t=1317401301.903 | feat 1521/6117 | map   7515 | icp ok  iter  3 corr  1399 rms 0.0582    6.91 ms | p=(  375.02  -166.40  10.01) v=2.80 m/s
[lio] t=1317401302.006 | feat 1521/6005 | map   7515 | icp ok  iter  3 corr  1388 rms 0.0546    7.44 ms | p=(  375.29  -166.48   9.99) v=2.82 m/s [KF]
[lio] t=1317401302.110 | feat 1501/5955 | map   7552 | icp ok  iter  5 corr  1346 rms 0.0541   11.39 ms | p=(  375.61  -166.54   9.99) v=3.09 m/s
[lio] t=1317401302.214 | feat 1467/5995 | map   7552 | icp ok  iter  4 corr  1329 rms 0.0563    9.47 ms | p=(  375.93  -166.59   9.98) v=3.18 m/s
[lio] t=1317401302.318 | feat 1444/6062 | map   7552 | icp ok  iter  4 corr  1310 rms 0.0584    8.87 ms | p=(  376.25  -166.64   9.96) v=3.24 m/s
[lio] t=1317401302.422 | feat 1415/6030 | map   7552 | icp ok  iter  5 corr  1268 rms 0.0577   12.07 ms | p=(  376.58  -166.66   9.95) v=3.30 m/s [KF]
[lio] t=1317401302.526 | feat 1456/6064 | map   7516 | icp ok  iter  3 corr  1320 rms 0.0644    7.19 ms | p=(  376.93  -166.68   9.94) v=3.46 m/s
[lio] t=1317401302.630 | feat 1443/6094 | map   7516 | icp ok  iter  3 corr  1280 rms 0.0637    7.11 ms | p=(  377.30  -166.69   9.93) v=3.63 m/s
[lio] t=1317401302.734 | feat 1382/6088 | map   7516 | icp ok  iter  5 corr  1224 rms 0.0539    9.74 ms | p=(  377.70  -166.69   9.92) v=3.88 m/s [KF]
[lio] t=1317401302.838 | feat 1416/5984 | map   7450 | icp ok  iter  4 corr  1247 rms 0.0595    9.37 ms | p=(  378.10  -166.64   9.89) v=3.97 m/s
[lio] t=1317401302.942 | feat 1408/5775 | map   7450 | icp ok  iter  5 corr  1248 rms 0.0527   10.55 ms | p=(  378.47  -166.63   9.88) v=3.89 m/s
[lio] t=1317401303.046 | feat 1503/5587 | map   7450 | icp ok  iter  6 corr  1323 rms 0.0634   14.40 ms | p=(  378.91  -166.60   9.87) v=4.22 m/s [KF]
[lio] t=1317401303.151 | feat 1509/5561 | map   7471 | icp ok  iter  5 corr  1301 rms 0.0680   11.75 ms | p=(  379.36  -166.56   9.87) v=4.46 m/s
[lio] t=1317401303.255 | feat 1401/5361 | map   7471 | icp ok  iter  6 corr  1199 rms 0.0581   12.57 ms | p=(  379.80  -166.50   9.86) v=4.52 m/s
[lio] t=1317401303.359 | feat 1444/5316 | map   7471 | icp ok  iter  4 corr  1240 rms 0.0544    7.97 ms | p=(  380.33  -166.43   9.86) v=4.99 m/s [KF]
[lio] t=1317401303.463 | feat 1408/5162 | map   7460 | icp ok  iter  6 corr  1211 rms 0.0614   12.73 ms | p=(  380.87  -166.35   9.86) v=5.32 m/s
[lio] t=1317401303.568 | feat 1391/5040 | map   7460 | icp ok  iter  5 corr  1220 rms 0.0850   11.11 ms | p=(  381.48  -166.26   9.85) v=5.83 m/s [KF]
[lio] t=1317401303.672 | feat 1398/4950 | map   7451 | icp ok  iter  6 corr  1183 rms 0.0429   12.22 ms | p=(  382.06  -166.16   9.84) v=5.89 m/s
[lio] t=1317401303.776 | feat 1318/4907 | map   7451 | icp ok  iter  4 corr  1132 rms 0.0519    7.92 ms | p=(  382.67  -166.06   9.83) v=6.08 m/s [KF]
[lio] t=1317401303.880 | feat 1374/4864 | map   7414 | icp ok  iter  7 corr  1185 rms 0.0511   15.41 ms | p=(  383.25  -165.97   9.83) v=5.94 m/s
[lio] t=1317401303.984 | feat 1331/4894 | map   7414 | icp ok  iter  7 corr  1133 rms 0.0619   13.62 ms | p=(  383.91  -165.86   9.83) v=6.39 m/s [KF]
[lio] t=1317401304.089 | feat 1330/4922 | map   7419 | icp ok  iter  5 corr  1125 rms 0.0532    9.73 ms | p=(  384.56  -165.76   9.82) v=6.51 m/s
[lio] t=1317401304.193 | feat 1379/4908 | map   7419 | icp ok  iter  8 corr  1175 rms 0.0653   16.20 ms | p=(  385.30  -165.63   9.81) v=7.06 m/s [KF]
[lio] t=1317401304.297 | feat 1375/4869 | map   7457 | icp ok  iter  6 corr  1163 rms 0.0473   10.68 ms | p=(  385.98  -165.52   9.80) v=6.98 m/s
[lio] t=1317401304.401 | feat 1394/4915 | map   7457 | icp ok  iter  7 corr  1164 rms 0.0659   13.74 ms | p=(  386.67  -165.40   9.80) v=6.97 m/s [KF]
[lio] t=1317401304.505 | feat 1430/4999 | map   7513 | icp ok  iter  4 corr  1216 rms 0.0600    8.17 ms | p=(  387.41  -165.29   9.79) v=7.23 m/s
[lio] t=1317401304.609 | feat 1423/4959 | map   7513 | icp ok  iter  6 corr  1179 rms 0.0742   13.48 ms | p=(  388.19  -165.15   9.80) v=7.61 m/s [KF]
[lio] t=1317401304.713 | feat 1349/4980 | map   7535 | icp ok  iter  3 corr  1131 rms 0.0493    5.00 ms | p=(  388.98  -165.01   9.79) v=7.77 m/s
[lio] t=1317401304.817 | feat 1322/4975 | map   7535 | icp ok  iter  5 corr  1095 rms 0.0561    9.32 ms | p=(  389.76  -164.88   9.77) v=7.80 m/s [KF]
[lio] t=1317401304.921 | feat 1273/4975 | map   7528 | icp ok  iter  4 corr  1047 rms 0.0552    7.38 ms | p=(  390.57  -164.74   9.76) v=8.01 m/s
[lio] t=1317401305.025 | feat 1317/5111 | map   7528 | icp ok  iter  5 corr  1104 rms 0.0725    8.95 ms | p=(  391.39  -164.59   9.74) v=8.09 m/s [KF]
[lio] t=1317401305.130 | feat 1309/5076 | map   7544 | icp ok  iter  4 corr  1099 rms 0.0463    6.56 ms | p=(  392.22  -164.43   9.75) v=8.24 m/s
[lio] t=1317401305.234 | feat 1371/5024 | map   7544 | icp ok  iter  4 corr  1114 rms 0.0515    7.48 ms | p=(  393.05  -164.28   9.73) v=8.26 m/s [KF]
[lio] t=1317401305.338 | feat 1292/4985 | map   7553 | icp ok  iter  5 corr  1090 rms 0.0509    9.15 ms | p=(  393.93  -164.12   9.72) v=8.52 m/s
[lio] t=1317401305.441 | feat 1258/4914 | map   7553 | icp ok  iter  3 corr  1045 rms 0.0656    5.68 ms | p=(  394.80  -163.95   9.71) v=8.59 m/s [KF]
[lio] t=1317401305.545 | feat 1260/4921 | map   7528 | icp ok  iter  5 corr  1075 rms 0.0476    9.29 ms | p=(  395.69  -163.77   9.71) v=8.75 m/s
[lio] t=1317401305.649 | feat 1280/4918 | map   7528 | icp ok  iter  5 corr  1069 rms 0.1012    9.41 ms | p=(  396.56  -163.59   9.69) v=8.73 m/s [KF]
[lio] t=1317401305.753 | feat 1253/4734 | map   7475 | icp ok  iter  5 corr  1084 rms 0.0605    9.31 ms | p=(  397.41  -163.41   9.68) v=8.57 m/s
[lio] t=1317401305.857 | feat 1304/4804 | map   7475 | icp ok  iter  4 corr  1115 rms 0.0575    7.68 ms | p=(  398.33  -163.21   9.67) v=8.89 m/s [KF]
[lio] t=1317401305.961 | feat 1306/4745 | map   7437 | icp ok  iter  4 corr  1147 rms 0.0688    8.44 ms | p=(  399.23  -163.02   9.66) v=8.92 m/s
[lio] t=1317401306.065 | feat 1235/4761 | map   7437 | icp ok  iter  5 corr  1092 rms 0.0884    9.87 ms | p=(  400.10  -162.83   9.66) v=8.69 m/s [KF]
[lio] t=1317401306.169 | feat 1112/4599 | map   7398 | icp ok  iter  4 corr   967 rms 0.0499    6.21 ms | p=(  400.98  -162.65   9.64) v=8.65 m/s
[lio] t=1317401306.273 | feat 1272/4540 | map   7398 | icp ok  iter  7 corr  1108 rms 0.0569   13.15 ms | p=(  401.90  -162.45   9.63) v=8.93 m/s [KF]
[lio] t=1317401306.377 | feat 1241/4392 | map   7336 | icp ok  iter  4 corr  1089 rms 0.0889    7.64 ms | p=(  402.77  -162.25   9.62) v=8.72 m/s
[lio] t=1317401306.481 | feat 1172/4370 | map   7336 | icp ok  iter  4 corr  1001 rms 0.0883    7.09 ms | p=(  403.68  -162.05   9.60) v=8.84 m/s [KF]
[lio] t=1317401306.585 | feat 1117/4363 | map   7167 | icp ok  iter  3 corr   982 rms 0.0458    4.54 ms | p=(  404.57  -161.85   9.58) v=8.79 m/s
[lio] t=1317401306.689 | feat 1150/4363 | map   7167 | icp ok  iter  5 corr   969 rms 0.0668    8.30 ms | p=(  405.44  -161.65   9.56) v=8.68 m/s [KF]
[lio] t=1317401306.793 | feat 1167/4469 | map   7015 | icp ok  iter  3 corr  1012 rms 0.0562    4.75 ms | p=(  406.32  -161.45   9.54) v=8.67 m/s
[lio] t=1317401306.897 | feat 1146/4433 | map   7015 | icp ok  iter  4 corr  1006 rms 0.0739    7.12 ms | p=(  407.18  -161.26   9.53) v=8.56 m/s [KF]
[lio] t=1317401307.001 | feat 1258/4449 | map   6848 | icp ok  iter  5 corr  1049 rms 0.0554    9.52 ms | p=(  408.08  -161.07   9.51) v=8.75 m/s
[lio] t=1317401307.105 | feat 1259/4398 | map   6848 | icp ok  iter  4 corr  1014 rms 0.0580    7.21 ms | p=(  408.95  -160.89   9.50) v=8.60 m/s [KF]
[lio] t=1317401307.209 | feat 1235/4237 | map   6753 | icp ok  iter  5 corr  1008 rms 0.0533    8.31 ms | p=(  409.81  -160.71   9.48) v=8.55 m/s
[lio] t=1317401307.313 | feat 1235/4177 | map   6753 | icp ok  iter  4 corr   996 rms 0.0637    6.73 ms | p=(  410.70  -160.53   9.47) v=8.64 m/s [KF]
[lio] t=1317401307.417 | feat 1227/4139 | map   6568 | icp ok  iter  4 corr  1007 rms 0.0548    6.93 ms | p=(  411.57  -160.35   9.45) v=8.57 m/s
[lio] t=1317401307.521 | feat 1278/4268 | map   6568 | icp ok  iter  5 corr  1006 rms 0.0700    8.61 ms | p=(  412.44  -160.19   9.45) v=8.51 m/s [KF]
[lio] t=1317401307.625 | feat 1244/4264 | map   6498 | icp ok  iter  3 corr   999 rms 0.0546    5.64 ms | p=(  413.30  -160.02   9.43) v=8.48 m/s
[lio] t=1317401307.729 | feat 1178/4242 | map   6498 | icp ok  iter  4 corr   925 rms 0.0931    6.23 ms | p=(  414.17  -159.84   9.41) v=8.48 m/s [KF]
[lio] t=1317401307.833 | feat 1146/4224 | map   6470 | icp ok  iter  4 corr   911 rms 0.0821    6.75 ms | p=(  415.02  -159.69   9.38) v=8.37 m/s
[lio] t=1317401307.937 | feat 1200/4239 | map   6470 | icp ok  iter  4 corr   917 rms 0.1042    6.32 ms | p=(  415.86  -159.54   9.37) v=8.19 m/s [KF]
[lio] t=1317401308.041 | feat 1216/4293 | map   6410 | icp ok  iter  4 corr   974 rms 0.0865    7.32 ms | p=(  416.70  -159.36   9.36) v=8.12 m/s
[lio] t=1317401308.145 | feat 1149/4392 | map   6410 | icp ok  iter  4 corr   918 rms 0.0890    6.65 ms | p=(  417.52  -159.22   9.34) v=7.94 m/s [KF]
[lio] t=1317401308.249 | feat 1158/4370 | map   6418 | icp ok  iter  5 corr   924 rms 0.0469    7.15 ms | p=(  418.29  -159.05   9.31) v=7.64 m/s
[lio] t=1317401308.353 | feat 1281/4463 | map   6418 | icp ok  iter  5 corr   983 rms 0.0834    8.76 ms | p=(  419.08  -158.90   9.30) v=7.55 m/s [KF]
[lio] t=1317401308.457 | feat 1231/4583 | map   6437 | icp ok  iter  4 corr   944 rms 0.0610    6.33 ms | p=(  419.81  -158.76   9.28) v=7.22 m/s
[lio] t=1317401308.561 | feat 1242/4729 | map   6437 | icp ok  iter  3 corr   936 rms 0.0947    5.32 ms | p=(  420.55  -158.62   9.25) v=7.05 m/s [KF]
[lio] t=1317401308.665 | feat 1249/4792 | map   6468 | icp ok  iter  3 corr   925 rms 0.0674    4.83 ms | p=(  421.27  -158.49   9.24) v=6.90 m/s
[lio] t=1317401308.769 | feat 1292/4934 | map   6468 | icp ok  iter  4 corr   972 rms 0.0595    7.23 ms | p=(  421.96  -158.35   9.22) v=6.67 m/s [KF]
[lio] t=1317401308.873 | feat 1187/4973 | map   6539 | icp ok  iter  4 corr   923 rms 0.0589    6.79 ms | p=(  422.62  -158.23   9.20) v=6.38 m/s
[lio] t=1317401308.977 | feat 1191/4973 | map   6539 | icp ok  iter  3 corr   852 rms 0.0679    5.29 ms | p=(  423.25  -158.10   9.20) v=6.13 m/s [KF]
[lio] t=1317401309.081 | feat 1187/4974 | map   6653 | icp ok  iter  4 corr   923 rms 0.0620    6.35 ms | p=(  423.85  -157.99   9.18) v=5.80 m/s
[lio] t=1317401309.185 | feat 1255/4964 | map   6653 | icp ok  iter  5 corr   964 rms 0.0725    7.76 ms | p=(  424.43  -157.87   9.17) v=5.56 m/s [KF]
[lio] t=1317401309.289 | feat 1235/4907 | map   6719 | icp ok  iter  3 corr   926 rms 0.0796    4.58 ms | p=(  424.99  -157.76   9.17) v=5.39 m/s
[lio] t=1317401309.393 | feat 1299/4874 | map   6719 | icp ok  iter  4 corr  1028 rms 0.0705    6.33 ms | p=(  425.51  -157.66   9.16) v=5.08 m/s [KF]
[lio] t=1317401309.497 | feat 1282/4915 | map   6810 | icp ok  iter  4 corr   981 rms 0.0919    7.62 ms | p=(  425.99  -157.57   9.15) v=4.74 m/s
[lio] t=1317401309.601 | feat 1297/4970 | map   6810 | icp ok  iter  5 corr   981 rms 0.0497    8.05 ms | p=(  426.54  -157.46   9.14) v=5.01 m/s [KF]
[lio] t=1317401309.705 | feat 1329/4951 | map   6854 | icp ok  iter  5 corr  1065 rms 0.0657    9.16 ms | p=(  427.00  -157.36   9.14) v=4.56 m/s
[lio] t=1317401309.809 | feat 1355/4972 | map   6854 | icp ok  iter  5 corr  1051 rms 0.0570    8.53 ms | p=(  427.47  -157.27   9.13) v=4.48 m/s
[lio] t=1317401309.913 | feat 1522/5149 | map   6854 | icp ok  iter  4 corr  1150 rms 0.0627    7.82 ms | p=(  427.89  -157.19   9.12) v=4.09 m/s [KF]
[lio] t=1317401310.017 | feat 1409/5124 | map   6980 | icp ok  iter  3 corr  1137 rms 0.0526    5.59 ms | p=(  428.31  -157.11   9.12) v=3.96 m/s
[lio] t=1317401310.121 | feat 1335/5144 | map   6980 | icp ok  iter  3 corr  1056 rms 0.0597    5.63 ms | p=(  428.68  -157.04   9.11) v=3.64 m/s
[lio] t=1317401310.225 | feat 1386/5196 | map   6980 | icp ok  iter  4 corr  1053 rms 0.0882    7.71 ms | p=(  429.06  -156.97   9.10) v=3.54 m/s [KF]
[lio] t=1317401310.329 | feat 1467/5271 | map   7041 | icp ok  iter  4 corr  1190 rms 0.0582    7.83 ms | p=(  429.42  -156.91   9.10) v=3.35 m/s
[lio] t=1317401310.433 | feat 1494/5381 | map   7041 | icp ok  iter  4 corr  1206 rms 0.0582    8.34 ms | p=(  429.72  -156.85   9.09) v=2.98 m/s
[lio] t=1317401310.537 | feat 1542/5511 | map   7041 | icp ok  iter  4 corr  1281 rms 0.0660    8.94 ms | p=(  430.04  -156.79   9.09) v=3.01 m/s
[lio] t=1317401310.641 | feat 1578/5534 | map   7041 | icp ok  iter  3 corr  1257 rms 0.0692    6.77 ms | p=(  430.32  -156.74   9.08) v=2.71 m/s [KF]
[lio] t=1317401310.745 | feat 1655/5700 | map   7171 | icp ok  iter  3 corr  1403 rms 0.0467    6.74 ms | p=(  430.59  -156.70   9.08) v=2.57 m/s
[lio] t=1317401310.849 | feat 1632/5740 | map   7171 | icp ok  iter  4 corr  1293 rms 0.0483    8.05 ms | p=(  430.84  -156.65   9.08) v=2.40 m/s
[lio] t=1317401310.953 | feat 1511/5763 | map   7171 | icp ok  iter  4 corr  1174 rms 0.0741    7.65 ms | p=(  431.11  -156.61   9.07) v=2.55 m/s
[lio] t=1317401311.057 | feat 1605/5757 | map   7171 | icp ok  iter  4 corr  1275 rms 0.0795    8.19 ms | p=(  431.35  -156.58   9.07) v=2.40 m/s [KF]
[lio] t=1317401311.161 | feat 1652/5824 | map   7249 | icp ok  iter  3 corr  1350 rms 0.0450    7.42 ms | p=(  431.60  -156.54   9.06) v=2.42 m/s
[lio] t=1317401311.265 | feat 1711/5923 | map   7249 | icp ok  iter  3 corr  1380 rms 0.0477    7.69 ms | p=(  431.85  -156.50   9.06) v=2.41 m/s
[lio] t=1317401311.369 | feat 1681/5852 | map   7249 | icp ok  iter  3 corr  1368 rms 0.0543    6.88 ms | p=(  432.09  -156.47   9.06) v=2.38 m/s
[lio] t=1317401311.473 | feat 1733/5946 | map   7249 | icp ok  iter  4 corr  1382 rms 0.0518    9.48 ms | p=(  432.34  -156.44   9.05) v=2.38 m/s
[lio] t=1317401311.577 | feat 1805/6067 | map   7249 | icp ok  iter  3 corr  1421 rms 0.0582    8.56 ms | p=(  432.57  -156.40   9.05) v=2.34 m/s [KF]
[lio] t=1317401311.681 | feat 1768/6071 | map   7376 | icp ok  iter  3 corr  1490 rms 0.0432    7.23 ms | p=(  432.81  -156.37   9.05) v=2.34 m/s
[lio] t=1317401311.785 | feat 1750/6091 | map   7376 | icp ok  iter  3 corr  1498 rms 0.0487    7.36 ms | p=(  433.05  -156.33   9.05) v=2.34 m/s
[lio] t=1317401311.889 | feat 1731/6194 | map   7376 | icp ok  iter  3 corr  1481 rms 0.0511    7.69 ms | p=(  433.29  -156.30   9.04) v=2.32 m/s
[lio] t=1317401311.993 | feat 1783/6376 | map   7376 | icp ok  iter  3 corr  1494 rms 0.0528    7.28 ms | p=(  433.53  -156.27   9.03) v=2.37 m/s
[lio] t=1317401312.097 | feat 1663/6319 | map   7376 | icp ok  iter  4 corr  1383 rms 0.0545    9.16 ms | p=(  433.78  -156.24   9.03) v=2.53 m/s [KF]
[lio] t=1317401312.201 | feat 1663/6410 | map   7490 | icp ok  iter  3 corr  1398 rms 0.0535    7.19 ms | p=(  434.05  -156.21   9.03) v=2.70 m/s
[lio] t=1317401312.305 | feat 1593/6529 | map   7490 | icp ok  iter  3 corr  1325 rms 0.0552    7.31 ms | p=(  434.34  -156.17   9.02) v=2.90 m/s
[lio] t=1317401312.409 | feat 1653/6715 | map   7490 | icp ok  iter  4 corr  1374 rms 0.0612    9.17 ms | p=(  434.66  -156.13   9.01) v=3.12 m/s
[lio] t=1317401312.512 | feat 1686/6890 | map   7490 | icp ok  iter  4 corr  1368 rms 0.0554    9.58 ms | p=(  434.97  -156.09   9.01) v=3.21 m/s [KF]
[lio] t=1317401312.616 | feat 1622/7033 | map   7578 | icp ok  iter  3 corr  1367 rms 0.0553    7.31 ms | p=(  435.31  -156.03   9.01) v=3.39 m/s
[lio] t=1317401312.720 | feat 1579/7146 | map   7578 | icp ok  iter  3 corr  1275 rms 0.0492    5.94 ms | p=(  435.66  -155.98   9.01) v=3.52 m/s
[lio] t=1317401312.824 | feat 1694/7300 | map   7578 | icp ok  iter  3 corr  1396 rms 0.0594    6.66 ms | p=(  436.02  -155.93   9.00) v=3.61 m/s [KF]
[lio] t=1317401312.928 | feat 1674/7404 | map   7632 | icp ok  iter  3 corr  1409 rms 0.0578    6.49 ms | p=(  436.41  -155.88   8.99) v=3.81 m/s
[lio] t=1317401313.032 | feat 1637/7429 | map   7632 | icp ok  iter  4 corr  1342 rms 0.0486    8.28 ms | p=(  436.80  -155.82   8.98) v=3.90 m/s
[lio] t=1317401313.136 | feat 1601/7380 | map   7632 | icp ok  iter  4 corr  1287 rms 0.0493    8.41 ms | p=(  437.19  -155.77   8.97) v=3.95 m/s [KF]
[lio] t=1317401313.240 | feat 1693/7425 | map   7677 | icp ok  iter  4 corr  1412 rms 0.0578    9.14 ms | p=(  437.61  -155.71   8.97) v=4.15 m/s
[lio] t=1317401313.344 | feat 1607/7477 | map   7677 | icp ok  iter  4 corr  1334 rms 0.0466    8.99 ms | p=(  438.04  -155.65   8.97) v=4.25 m/s
[lio] t=1317401313.447 | feat 1680/7619 | map   7677 | icp ok  iter  3 corr  1381 rms 0.0606    7.44 ms | p=(  438.48  -155.57   8.96) v=4.43 m/s [KF]
[lio] t=1317401313.551 | feat 1725/7575 | map   7795 | icp ok  iter  4 corr  1449 rms 0.0578    9.89 ms | p=(  438.96  -155.49   8.95) v=4.69 m/s
[lio] t=1317401313.655 | feat 1706/7631 | map   7795 | icp ok  iter  3 corr  1430 rms 0.0537    7.43 ms | p=(  439.44  -155.41   8.93) v=4.86 m/s
[lio] t=1317401313.759 | feat 1728/7484 | map   7795 | icp ok  iter  4 corr  1384 rms 0.0511    9.11 ms | p=(  439.95  -155.34   8.91) v=5.03 m/s [KF]
[lio] t=1317401313.863 | feat 1550/7346 | map   7908 | icp ok  iter  5 corr  1278 rms 0.0507   10.25 ms | p=(  440.46  -155.25   8.90) v=5.18 m/s
[lio] t=1317401313.967 | feat 1626/7220 | map   7908 | icp ok  iter  3 corr  1334 rms 0.0608    6.64 ms | p=(  441.01  -155.17   8.90) v=5.43 m/s [KF]
[lio] t=1317401314.071 | feat 1597/6848 | map   7963 | icp ok  iter  3 corr  1331 rms 0.0520    7.05 ms | p=(  441.57  -155.08   8.88) v=5.55 m/s
[lio] t=1317401314.175 | feat 1584/6627 | map   7963 | icp ok  iter  4 corr  1313 rms 0.0566    8.61 ms | p=(  442.13  -154.99   8.86) v=5.68 m/s [KF]
[lio] t=1317401314.279 | feat 1585/6469 | map   7993 | icp ok  iter  3 corr  1322 rms 0.0580    7.31 ms | p=(  442.74  -154.89   8.85) v=5.93 m/s
[lio] t=1317401314.383 | feat 1486/6256 | map   7993 | icp ok  iter  4 corr  1228 rms 0.0711    9.24 ms | p=(  443.33  -154.79   8.84) v=6.01 m/s [KF]
[lio] t=1317401314.487 | feat 1493/6043 | map   8004 | icp ok  iter  4 corr  1253 rms 0.0536    7.89 ms | p=(  443.98  -154.69   8.82) v=6.31 m/s
[lio] t=1317401314.591 | feat 1525/5831 | map   8004 | icp ok  iter  3 corr  1231 rms 0.0598    6.63 ms | p=(  444.61  -154.59   8.80) v=6.39 m/s [KF]
[lio] t=1317401314.695 | feat 1491/5604 | map   7996 | icp ok  iter  4 corr  1245 rms 0.1029    9.02 ms | p=(  445.26  -154.47   8.78) v=6.49 m/s
[lio] t=1317401314.799 | feat 1467/5412 | map   7996 | icp ok  iter  5 corr  1209 rms 0.0584   10.09 ms | p=(  445.99  -154.34   8.76) v=7.00 m/s [KF]
[lio] t=1317401314.903 | feat 1429/5238 | map   7978 | icp ok  iter  5 corr  1153 rms 0.0516   10.89 ms | p=(  446.66  -154.22   8.75) v=6.87 m/s
[lio] t=1317401315.007 | feat 1382/5157 | map   7978 | icp ok  iter  5 corr  1114 rms 0.0541    9.08 ms | p=(  447.35  -154.10   8.73) v=6.89 m/s [KF]
[lio] t=1317401315.111 | feat 1405/5002 | map   7944 | icp ok  iter  4 corr  1134 rms 0.0470    6.94 ms | p=(  448.12  -153.97   8.71) v=7.42 m/s
[lio] t=1317401315.214 | feat 1340/4963 | map   7944 | icp ok  iter  4 corr  1089 rms 0.0553    8.04 ms | p=(  448.84  -153.84   8.69) v=7.35 m/s [KF]
[lio] t=1317401315.318 | feat 1350/4822 | map   7927 | icp ok  iter  6 corr  1082 rms 0.0497   11.45 ms | p=(  449.63  -153.69   8.66) v=7.66 m/s
[lio] t=1317401315.422 | feat 1498/4899 | map   7927 | icp ok  iter  5 corr  1192 rms 0.0559   10.16 ms | p=(  450.38  -153.56   8.65) v=7.62 m/s [KF]
[lio] t=1317401315.526 | feat 1441/4774 | map   7918 | icp ok  iter  4 corr  1156 rms 0.0457    7.92 ms | p=(  451.18  -153.42   8.62) v=7.85 m/s
[lio] t=1317401315.630 | feat 1355/4721 | map   7918 | icp ok  iter  6 corr  1030 rms 0.0666   10.79 ms | p=(  451.96  -153.27   8.60) v=7.82 m/s [KF]
[lio] t=1317401315.734 | feat 1366/4688 | map   7860 | icp ok  iter  5 corr  1066 rms 0.0455    9.06 ms | p=(  452.81  -153.12   8.57) v=8.20 m/s
[lio] t=1317401315.838 | feat 1367/4556 | map   7860 | icp ok  iter  4 corr  1056 rms 0.0527    7.07 ms | p=(  453.66  -152.97   8.55) v=8.39 m/s [KF]
[lio] t=1317401315.942 | feat 1314/4506 | map   7832 | icp ok  iter  4 corr  1048 rms 0.0584    6.45 ms | p=(  454.52  -152.81   8.53) v=8.50 m/s
[lio] t=1317401316.046 | feat 1229/4480 | map   7832 | icp ok  iter  4 corr   969 rms 0.0490    6.09 ms | p=(  455.35  -152.66   8.50) v=8.34 m/s [KF]
[lio] t=1317401316.150 | feat 1249/4442 | map   7800 | icp ok  iter  4 corr   991 rms 0.0621    6.74 ms | p=(  456.22  -152.50   8.48) v=8.51 m/s
[lio] t=1317401316.254 | feat 1213/4315 | map   7800 | icp ok  iter  4 corr   942 rms 0.0509    6.06 ms | p=(  457.09  -152.34   8.46) v=8.61 m/s [KF]
[lio] t=1317401316.358 | feat 1308/4407 | map   7810 | icp ok  iter  4 corr  1073 rms 0.0608    6.85 ms | p=(  457.99  -152.18   8.44) v=8.81 m/s
[lio] t=1317401316.462 | feat 1239/4306 | map   7810 | icp ok  iter  4 corr  1022 rms 0.0589    7.09 ms | p=(  458.89  -152.03   8.41) v=8.85 m/s [KF]
[lio] t=1317401316.566 | feat 1131/4257 | map   7786 | icp ok  iter  4 corr   935 rms 0.0467    6.13 ms | p=(  459.76  -151.87   8.38) v=8.73 m/s
[lio] t=1317401316.670 | feat 1127/4240 | map   7786 | icp ok  iter  4 corr   932 rms 0.0545    6.31 ms | p=(  460.67  -151.73   8.36) v=8.84 m/s [KF]
[lio] t=1317401316.774 | feat 1264/4205 | map   7786 | icp ok  iter  3 corr  1075 rms 0.0610    5.78 ms | p=(  461.57  -151.57   8.35) v=8.80 m/s
[lio] t=1317401316.878 | feat 1175/4189 | map   7786 | icp ok  iter  4 corr   967 rms 0.0540    7.00 ms | p=(  462.51  -151.40   8.32) v=9.04 m/s [KF]
[lio] t=1317401316.982 | feat 1159/4242 | map   7715 | icp ok  iter  5 corr  1001 rms 0.0534    8.28 ms | p=(  463.39  -151.25   8.30) v=8.78 m/s
[lio] t=1317401317.086 | feat 1137/4214 | map   7715 | icp ok  iter  4 corr   941 rms 0.0608    6.47 ms | p=(  464.28  -151.11   8.29) v=8.73 m/s [KF]
[lio] t=1317401317.190 | feat 1127/4210 | map   7684 | icp ok  iter  5 corr   932 rms 0.0526    7.05 ms | p=(  465.19  -150.95   8.27) v=8.83 m/s
[lio] t=1317401317.294 | feat 1194/4204 | map   7684 | icp ok  iter  4 corr  1008 rms 0.0588    6.68 ms | p=(  466.10  -150.79   8.25) v=8.88 m/s [KF]
[lio] t=1317401317.398 | feat 1289/4270 | map   7632 | icp ok  iter  5 corr  1125 rms 0.0653   10.36 ms | p=(  466.97  -150.64   8.23) v=8.64 m/s
[lio] t=1317401317.502 | feat 1144/4255 | map   7632 | icp ok  iter  5 corr   968 rms 0.0746    8.42 ms | p=(  467.88  -150.49   8.21) v=8.78 m/s [KF]
[lio] t=1317401317.606 | feat 1243/4323 | map   7606 | icp ok  iter  4 corr  1063 rms 0.0582    7.66 ms | p=(  468.74  -150.34   8.19) v=8.55 m/s
[lio] t=1317401317.710 | feat 1232/4402 | map   7606 | icp ok  iter  4 corr  1035 rms 0.0496    7.06 ms | p=(  469.58  -150.20   8.17) v=8.33 m/s [KF]
[lio] t=1317401317.814 | feat 1318/4343 | map   7479 | icp ok  iter  5 corr  1141 rms 0.0553   10.07 ms | p=(  470.48  -150.04   8.15) v=8.61 m/s
[lio] t=1317401317.918 | feat 1194/4277 | map   7479 | icp ok  iter  3 corr   983 rms 0.0704    5.70 ms | p=(  471.36  -149.88   8.13) v=8.58 m/s [KF]
[lio] t=1317401318.021 | feat 1210/4334 | map   7415 | icp ok  iter  5 corr  1023 rms 0.0594    8.71 ms | p=(  472.18  -149.74   8.12) v=8.15 m/s
[lio] t=1317401318.125 | feat 1247/4479 | map   7415 | icp ok  iter  3 corr  1050 rms 0.0651    5.55 ms | p=(  473.02  -149.58   8.09) v=8.13 m/s [KF]
[lio] t=1317401318.229 | feat 1404/4630 | map   7300 | icp ok  iter  4 corr  1222 rms 0.0694    9.08 ms | p=(  473.86  -149.41   8.08) v=8.13 m/s
[lio] t=1317401318.333 | feat 1308/4642 | map   7300 | icp ok  iter  5 corr  1139 rms 0.0588   10.05 ms | p=(  474.65  -149.26   8.05) v=7.83 m/s [KF]
[lio] t=1317401318.437 | feat 1309/4558 | map   7183 | icp ok  iter  3 corr  1116 rms 0.0572    5.78 ms | p=(  475.45  -149.09   8.03) v=7.73 m/s
[lio] t=1317401318.541 | feat 1344/4585 | map   7183 | icp ok  iter  4 corr  1160 rms 0.0846    7.80 ms | p=(  476.23  -148.93   8.01) v=7.56 m/s [KF]
[lio] t=1317401318.645 | feat 1276/4737 | map   7085 | icp ok  iter  5 corr  1065 rms 0.0658    8.80 ms | p=(  477.00  -148.77   7.99) v=7.47 m/s
[lio] t=1317401318.749 | feat 1275/4839 | map   7085 | icp ok  iter  5 corr  1051 rms 0.0725    9.84 ms | p=(  477.74  -148.62   7.97) v=7.24 m/s [KF]
[lio] t=1317401318.853 | feat 1224/4884 | map   6903 | icp ok  iter  5 corr  1030 rms 0.0550    9.11 ms | p=(  478.41  -148.47   7.95) v=6.78 m/s
[lio] t=1317401318.957 | feat 1410/4824 | map   6903 | icp ok  iter  4 corr  1180 rms 0.0685    8.15 ms | p=(  479.13  -148.32   7.92) v=6.82 m/s [KF]
[lio] t=1317401319.061 | feat 1320/4832 | map   6822 | icp ok  iter  3 corr  1125 rms 0.0574    5.93 ms | p=(  479.81  -148.18   7.90) v=6.63 m/s
[lio] t=1317401319.165 | feat 1389/4874 | map   6822 | icp ok  iter  5 corr  1123 rms 0.0626    9.78 ms | p=(  480.46  -148.03   7.88) v=6.38 m/s [KF]
[lio] t=1317401319.269 | feat 1337/4764 | map   6703 | icp ok  iter 12 corr  1115 rms 0.0516   22.80 ms | p=(  481.10  -147.90   7.86) v=6.21 m/s
[lio] t=1317401319.373 | feat 1340/4696 | map   6703 | icp ok  iter  4 corr  1079 rms 0.0641    7.58 ms | p=(  481.71  -147.77   7.84) v=6.01 m/s [KF]
[lio] t=1317401319.477 | feat 1322/4716 | map   6608 | icp ok  iter  5 corr  1088 rms 0.0814    9.13 ms | p=(  482.33  -147.65   7.82) v=5.96 m/s
[lio] t=1317401319.582 | feat 1287/4846 | map   6608 | icp ok  iter  3 corr  1038 rms 0.0738    5.68 ms | p=(  482.93  -147.53   7.79) v=5.88 m/s [KF]
[lio] t=1317401319.686 | feat 1405/4813 | map   6545 | icp ok  iter  5 corr  1146 rms 0.0571    9.37 ms | p=(  483.52  -147.42   7.77) v=5.74 m/s
[lio] t=1317401319.790 | feat 1325/4797 | map   6545 | icp ok  iter  3 corr  1089 rms 0.0588    6.44 ms | p=(  484.11  -147.31   7.74) v=5.77 m/s [KF]
[lio] t=1317401319.894 | feat 1319/4863 | map   6479 | icp ok  iter  3 corr  1102 rms 0.0864    6.07 ms | p=(  484.70  -147.19   7.72) v=5.78 m/s
[lio] t=1317401319.998 | feat 1252/4762 | map   6479 | icp ok  iter  4 corr   987 rms 0.0555    6.78 ms | p=(  485.29  -147.09   7.70) v=5.74 m/s [KF]
[lio] t=1317401320.102 | feat 1279/4731 | map   6446 | icp ok  iter  3 corr  1047 rms 0.0732    5.60 ms | p=(  485.87  -146.98   7.69) v=5.70 m/s
[lio] t=1317401320.206 | feat 1292/4720 | map   6446 | icp ok  iter  4 corr  1016 rms 0.0697    6.82 ms | p=(  486.45  -146.88   7.66) v=5.67 m/s [KF]
[lio] t=1317401320.310 | feat 1207/4722 | map   6457 | icp ok  iter  3 corr   959 rms 0.0621    4.78 ms | p=(  487.03  -146.78   7.64) v=5.67 m/s
[lio] t=1317401320.414 | feat 1265/4647 | map   6457 | icp ok  iter  5 corr   995 rms 0.0774    9.63 ms | p=(  487.56  -146.70   7.63) v=5.33 m/s [KF]
[lio] t=1317401320.518 | feat 1190/4618 | map   6468 | icp ok  iter  5 corr   935 rms 0.0559    8.27 ms | p=(  488.17  -146.61   7.61) v=5.68 m/s
[lio] t=1317401320.622 | feat 1173/4649 | map   6468 | icp ok  iter  5 corr   886 rms 0.1221    7.83 ms | p=(  488.68  -146.53   7.59) v=5.23 m/s [KF]
[lio] t=1317401320.726 | feat 1238/4662 | map   6338 | icp ok  iter  4 corr   960 rms 0.0642    6.29 ms | p=(  489.25  -146.45   7.58) v=5.36 m/s
[lio] t=1317401320.830 | feat 1235/4659 | map   6338 | icp ok  iter  4 corr   947 rms 0.0928    6.93 ms | p=(  489.77  -146.36   7.57) v=5.15 m/s [KF]
[lio] t=1317401320.934 | feat 1307/4677 | map   6317 | icp ok  iter  4 corr  1009 rms 0.0949    7.05 ms | p=(  490.28  -146.28   7.55) v=4.99 m/s
[lio] t=1317401321.038 | feat 1298/4790 | map   6317 | icp ok  iter  4 corr   969 rms 0.0714    7.35 ms | p=(  490.84  -146.20   7.54) v=5.19 m/s [KF]
[lio] t=1317401321.142 | feat 1354/4905 | map   6289 | icp ok  iter  4 corr  1077 rms 0.0594    7.65 ms | p=(  491.30  -146.13   7.53) v=4.69 m/s
[lio] t=1317401321.246 | feat 1367/4995 | map   6289 | icp ok  iter  5 corr  1074 rms 0.0689    9.71 ms | p=(  491.82  -146.05   7.51) v=4.86 m/s
[lio] t=1317401321.350 | feat 1352/5098 | map   6289 | icp ok  iter  5 corr  1030 rms 0.0703    8.50 ms | p=(  492.27  -145.97   7.51) v=4.52 m/s [KF]
[lio] t=1317401321.454 | feat 1452/5265 | map   6336 | icp ok  iter  5 corr  1182 rms 0.0660    9.29 ms | p=(  492.75  -145.89   7.49) v=4.57 m/s
[lio] t=1317401321.558 | feat 1459/5516 | map   6336 | icp ok  iter  6 corr  1153 rms 0.0740   11.80 ms | p=(  493.19  -145.82   7.47) v=4.36 m/s
[lio] t=1317401321.662 | feat 1478/5641 | map   6336 | icp ok  iter  5 corr  1166 rms 0.0703   10.55 ms | p=(  493.68  -145.74   7.46) v=4.60 m/s [KF]
[lio] t=1317401321.766 | feat 1468/5803 | map   6440 | icp ok  iter  4 corr  1202 rms 0.0697    8.96 ms | p=(  494.10  -145.66   7.45) v=4.30 m/s
[lio] t=1317401321.870 | feat 1441/6010 | map   6440 | icp ok  iter  4 corr  1138 rms 0.0702    7.52 ms | p=(  494.57  -145.58   7.44) v=4.52 m/s
[lio] t=1317401321.974 | feat 1565/6275 | map   6440 | icp ok  iter  5 corr  1195 rms 0.0961   10.92 ms | p=(  495.00  -145.50   7.41) v=4.29 m/s [KF]
[lio] t=1317401322.078 | feat 1611/6558 | map   6550 | icp ok  iter  4 corr  1308 rms 0.0558    8.32 ms | p=(  495.43  -145.42   7.41) v=4.24 m/s
[lio] t=1317401322.182 | feat 1561/6707 | map   6550 | icp ok  iter  3 corr  1222 rms 0.1040    6.35 ms | p=(  495.87  -145.33   7.40) v=4.33 m/s
[lio] t=1317401322.286 | feat 1642/7020 | map   6550 | icp ok  iter  4 corr  1237 rms 0.1093    9.01 ms | p=(  496.30  -145.23   7.38) v=4.25 m/s [KF]
[lio] t=1317401322.390 | feat 1756/7222 | map   6733 | icp ok  iter  3 corr  1389 rms 0.0571    6.93 ms | p=(  496.73  -145.16   7.37) v=4.20 m/s
[lio] t=1317401322.494 | feat 1727/7275 | map   6733 | icp ok  iter  4 corr  1298 rms 0.0883    8.85 ms | p=(  497.16  -145.06   7.36) v=4.20 m/s
[lio] t=1317401322.598 | feat 1861/7334 | map   6733 | icp ok  iter  3 corr  1374 rms 0.0985    7.69 ms | p=(  497.57  -144.98   7.35) v=4.11 m/s [KF]
[lio] t=1317401322.702 | feat 1763/7367 | map   7020 | icp ok  iter  4 corr  1458 rms 0.0542    9.47 ms | p=(  497.99  -144.89   7.34) v=4.14 m/s
[lio] t=1317401322.806 | feat 1834/7388 | map   7020 | icp ok  iter  4 corr  1549 rms 0.0642   10.35 ms | p=(  498.41  -144.80   7.33) v=4.14 m/s
[lio] t=1317401322.910 | feat 1940/7477 | map   7020 | icp ok  iter  3 corr  1590 rms 0.0821    8.53 ms | p=(  498.83  -144.72   7.32) v=4.18 m/s [KF]
[lio] t=1317401323.014 | feat 1982/7537 | map   7313 | icp ok  iter  3 corr  1708 rms 0.0670    8.31 ms | p=(  499.26  -144.63   7.30) v=4.27 m/s
[lio] t=1317401323.119 | feat 1949/7595 | map   7313 | icp ok  iter  3 corr  1650 rms 0.0850    8.15 ms | p=(  499.70  -144.54   7.28) v=4.38 m/s
[lio] t=1317401323.223 | feat 1975/7501 | map   7313 | icp ok  iter  3 corr  1651 rms 0.0813    8.61 ms | p=(  500.14  -144.45   7.27) v=4.42 m/s [KF]
[lio] t=1317401323.327 | feat 2042/7510 | map   7558 | icp ok  iter  4 corr  1761 rms 0.0585   11.62 ms | p=(  500.60  -144.37   7.27) v=4.49 m/s
[lio] t=1317401323.431 | feat 2068/7462 | map   7558 | icp ok  iter  4 corr  1795 rms 0.0729   12.22 ms | p=(  501.05  -144.27   7.26) v=4.52 m/s
[lio] t=1317401323.535 | feat 1988/7464 | map   7558 | icp ok  iter  3 corr  1689 rms 0.0565    8.46 ms | p=(  501.52  -144.19   7.24) v=4.61 m/s [KF]
[lio] t=1317401323.639 | feat 2029/7411 | map   7737 | icp ok  iter  3 corr  1741 rms 0.0450    8.59 ms | p=(  501.99  -144.09   7.21) v=4.73 m/s
[lio] t=1317401323.743 | feat 1994/7304 | map   7737 | icp ok  iter  3 corr  1722 rms 0.0678    9.61 ms | p=(  502.48  -144.00   7.18) v=4.81 m/s
[lio] t=1317401323.847 | feat 2037/7209 | map   7737 | icp ok  iter  3 corr  1758 rms 0.0684   10.12 ms | p=(  502.97  -143.91   7.17) v=4.88 m/s [KF]
[lio] t=1317401323.951 | feat 1973/7111 | map   7879 | icp ok  iter  4 corr  1672 rms 0.0556   11.72 ms | p=(  503.46  -143.83   7.17) v=4.90 m/s
[lio] t=1317401324.055 | feat 2053/7055 | map   7879 | icp ok  iter  4 corr  1758 rms 0.0657   12.34 ms | p=(  503.97  -143.73   7.15) v=5.05 m/s [KF]
[lio] t=1317401324.159 | feat 2143/6882 | map   8017 | icp ok  iter  3 corr  1830 rms 0.0542    9.70 ms | p=(  504.48  -143.63   7.13) v=5.11 m/s
[lio] t=1317401324.263 | feat 2008/6648 | map   8017 | icp ok  iter  4 corr  1719 rms 0.0529   10.70 ms | p=(  505.00  -143.53   7.11) v=5.24 m/s [KF]
[lio] t=1317401324.367 | feat 1868/6235 | map   8113 | icp ok  iter  3 corr  1616 rms 0.0504    7.97 ms | p=(  505.54  -143.43   7.09) v=5.32 m/s
[lio] t=1317401324.471 | feat 1930/6103 | map   8113 | icp ok  iter  3 corr  1660 rms 0.0516    8.22 ms | p=(  506.10  -143.32   7.06) v=5.52 m/s [KF]
[lio] t=1317401324.574 | feat 1831/5958 | map   8179 | icp ok  iter  4 corr  1568 rms 0.0589    9.83 ms | p=(  506.65  -143.21   7.05) v=5.56 m/s
[lio] t=1317401324.678 | feat 1937/5913 | map   8179 | icp ok  iter  4 corr  1664 rms 0.0741   11.52 ms | p=(  507.22  -143.09   7.03) v=5.66 m/s [KF]
[lio] t=1317401324.782 | feat 1912/6029 | map   8263 | icp ok  iter  4 corr  1681 rms 0.0537   11.17 ms | p=(  507.80  -142.96   7.00) v=5.84 m/s
[lio] t=1317401324.886 | feat 1884/6180 | map   8263 | icp ok  iter  3 corr  1640 rms 0.0802    9.30 ms | p=(  508.38  -142.83   6.98) v=5.83 m/s [KF]
[lio] t=1317401324.990 | feat 1749/6182 | map   8356 | icp ok  iter  4 corr  1564 rms 0.0652   10.38 ms | p=(  508.98  -142.68   6.96) v=6.01 m/s
[lio] t=1317401325.094 | feat 1661/6082 | map   8356 | icp ok  iter  5 corr  1432 rms 0.0777   12.59 ms | p=(  509.59  -142.52   6.93) v=6.14 m/s [KF]
[lio] t=1317401325.197 | feat 1639/5751 | map   8420 | icp ok  iter  3 corr  1397 rms 0.0625    7.59 ms | p=(  510.19  -142.35   6.90) v=6.17 m/s
[lio] t=1317401325.301 | feat 1615/5599 | map   8420 | icp ok  iter  4 corr  1329 rms 0.0659    9.13 ms | p=(  510.79  -142.17   6.89) v=6.20 m/s [KF]
[lio] t=1317401325.405 | feat 1490/5392 | map   8537 | icp ok  iter  4 corr  1305 rms 0.0716    8.89 ms | p=(  511.40  -141.98   6.86) v=6.24 m/s
[lio] t=1317401325.509 | feat 1412/5079 | map   8537 | icp ok  iter  4 corr  1161 rms 0.0813    8.37 ms | p=(  512.02  -141.77   6.85) v=6.40 m/s [KF]
[lio] t=1317401325.613 | feat 1352/4827 | map   8569 | icp ok  iter  4 corr  1136 rms 0.0696    7.86 ms | p=(  512.64  -141.57   6.82) v=6.43 m/s
[lio] t=1317401325.717 | feat 1340/4684 | map   8569 | icp ok  iter  4 corr  1103 rms 0.0751    8.25 ms | p=(  513.29  -141.35   6.80) v=6.57 m/s [KF]
[lio] t=1317401325.821 | feat 1312/4531 | map   8585 | icp ok  iter  4 corr  1100 rms 0.0694    8.21 ms | p=(  513.92  -141.13   6.78) v=6.60 m/s
[lio] t=1317401325.925 | feat 1327/4433 | map   8585 | icp ok  iter  4 corr  1038 rms 0.0607    7.07 ms | p=(  514.57  -140.92   6.75) v=6.63 m/s [KF]
[lio] t=1317401326.029 | feat 1366/4405 | map   8598 | icp ok  iter  3 corr  1167 rms 0.0646    5.83 ms | p=(  515.23  -140.69   6.73) v=6.81 m/s
[lio] t=1317401326.133 | feat 1278/4238 | map   8598 | icp ok  iter  3 corr  1033 rms 0.0719    6.10 ms | p=(  515.93  -140.47   6.70) v=7.01 m/s [KF]
[lio] t=1317401326.238 | feat 1295/4076 | map   8599 | icp ok  iter  7 corr  1076 rms 0.0645   13.06 ms | p=(  516.61  -140.25   6.68) v=7.02 m/s
[lio] t=1317401326.342 | feat 1298/4052 | map   8599 | icp ok  iter  6 corr  1044 rms 0.0794   11.19 ms | p=(  517.30  -140.03   6.65) v=7.09 m/s [KF]
[lio] t=1317401326.446 | feat 1224/3999 | map   8604 | icp ok  iter  5 corr  1008 rms 0.0744    9.32 ms | p=(  518.05  -139.81   6.63) v=7.40 m/s
[lio] t=1317401326.550 | feat 1175/4010 | map   8604 | icp ok  iter  4 corr   954 rms 0.0724    6.79 ms | p=(  518.75  -139.61   6.60) v=7.27 m/s [KF]
[lio] t=1317401326.654 | feat 1047/4125 | map   8600 | icp ok  iter  5 corr   860 rms 0.1260    8.10 ms | p=(  519.47  -139.41   6.56) v=7.34 m/s
[lio] t=1317401326.758 | feat 1154/4337 | map   8600 | icp ok  iter  6 corr   932 rms 0.0847    9.54 ms | p=(  520.26  -139.21   6.56) v=7.71 m/s [KF]
[lio] t=1317401326.862 | feat 1260/4545 | map   8596 | icp ok  iter  3 corr  1034 rms 0.0700    5.21 ms | p=(  521.04  -139.01   6.52) v=7.81 m/s
[lio] t=1317401326.966 | feat 1310/4587 | map   8596 | icp ok  iter  5 corr  1021 rms 0.1135    8.61 ms | p=(  521.79  -138.83   6.51) v=7.68 m/s [KF]
[lio] t=1317401327.070 | feat 1226/4543 | map   8710 | icp ok  iter  4 corr  1023 rms 0.0848    7.34 ms | p=(  522.60  -138.65   6.48) v=7.93 m/s
[lio] t=1317401327.174 | feat 1205/4457 | map   8710 | icp ok  iter  4 corr   978 rms 0.0748    7.05 ms | p=(  523.40  -138.48   6.46) v=7.96 m/s [KF]
[lio] t=1317401327.278 | feat 1213/4300 | map   8760 | icp ok  iter  3 corr   955 rms 0.0900    5.54 ms | p=(  524.21  -138.31   6.43) v=8.04 m/s
[lio] t=1317401327.382 | feat 1110/4096 | map   8760 | icp ok  iter  5 corr   841 rms 0.0778    7.25 ms | p=(  525.01  -138.15   6.41) v=8.08 m/s [KF]
[lio] t=1317401327.486 | feat 1109/4055 | map   8780 | icp ok  iter  3 corr   929 rms 0.0553    4.99 ms | p=(  525.85  -137.99   6.38) v=8.25 m/s
[lio] t=1317401327.590 | feat 1245/4037 | map   8780 | icp ok  iter  4 corr  1024 rms 0.0738    7.65 ms | p=(  526.67  -137.82   6.36) v=8.22 m/s [KF]
[lio] t=1317401327.694 | feat 1181/3976 | map   8823 | icp ok  iter  4 corr   950 rms 0.0616    6.10 ms | p=(  527.55  -137.66   6.34) v=8.50 m/s
[lio] t=1317401327.798 | feat 1142/4027 | map   8823 | icp ok  iter 12 corr   889 rms 0.0749   20.75 ms | p=(  528.35  -137.52   6.31) v=8.18 m/s [KF]
[lio] t=1317401327.901 | feat 1164/4215 | map   8831 | icp ok  iter  4 corr   940 rms 0.0663    6.53 ms | p=(  529.23  -137.34   6.28) v=8.49 m/s
[lio] t=1317401328.005 | feat 1116/4190 | map   8831 | icp ok  iter  4 corr   865 rms 0.0801    5.99 ms | p=(  530.09  -137.18   6.25) v=8.52 m/s [KF]
[lio] t=1317401328.109 | feat 1093/4112 | map   8804 | icp ok  iter  4 corr   902 rms 0.0799    5.90 ms | p=(  530.95  -137.01   6.22) v=8.49 m/s
[lio] t=1317401328.213 | feat 1038/4220 | map   8804 | icp ok  iter  3 corr   832 rms 0.0733    4.80 ms | p=(  531.79  -136.85   6.20) v=8.38 m/s [KF]
[lio] t=1317401328.317 | feat 1164/4338 | map   8628 | icp ok  iter  4 corr   886 rms 0.0794    5.68 ms | p=(  532.66  -136.68   6.16) v=8.48 m/s
[lio] t=1317401328.421 | feat 1302/4451 | map   8628 | icp ok  iter  4 corr  1010 rms 0.0666    7.19 ms | p=(  533.53  -136.51   6.12) v=8.55 m/s [KF]
[lio] t=1317401328.525 | feat 1300/4578 | map   8565 | icp ok  iter  4 corr  1056 rms 0.0818    6.96 ms | p=(  534.39  -136.34   6.08) v=8.49 m/s
[lio] t=1317401328.628 | feat 1271/4722 | map   8565 | icp ok  iter  5 corr   959 rms 0.0725    8.96 ms | p=(  535.24  -136.17   6.04) v=8.43 m/s [KF]
[lio] t=1317401328.732 | feat 1297/4791 | map   8536 | icp ok  iter  5 corr  1089 rms 0.0659    8.79 ms | p=(  536.08  -136.01   6.01) v=8.30 m/s
[lio] t=1317401328.836 | feat 1316/4965 | map   8536 | icp ok  iter  3 corr  1028 rms 0.0639    5.50 ms | p=(  536.91  -135.84   5.97) v=8.23 m/s [KF]
[lio] t=1317401328.940 | feat 1289/4969 | map   8509 | icp ok  iter  4 corr  1044 rms 0.0714    7.68 ms | p=(  537.76  -135.68   5.93) v=8.29 m/s
[lio] t=1317401329.044 | feat 1376/5036 | map   8509 | icp ok  iter  5 corr  1108 rms 0.0662    9.43 ms | p=(  538.58  -135.51   5.90) v=8.17 m/s [KF]
[lio] t=1317401329.148 | feat 1340/5018 | map   8466 | icp ok  iter  4 corr  1096 rms 0.0640    7.88 ms | p=(  539.42  -135.34   5.85) v=8.28 m/s
[lio] t=1317401329.252 | feat 1311/5080 | map   8466 | icp ok  iter  6 corr  1067 rms 0.0726   11.50 ms | p=(  540.25  -135.18   5.82) v=8.20 m/s [KF]
[lio] t=1317401329.356 | feat 1366/4926 | map   8342 | icp ok  iter  5 corr  1097 rms 0.0538    8.64 ms | p=(  541.09  -135.00   5.77) v=8.25 m/s
[lio] t=1317401329.460 | feat 1458/5037 | map   8342 | icp ok  iter  4 corr  1185 rms 0.0652    8.14 ms | p=(  541.91  -134.84   5.76) v=8.08 m/s [KF]
[lio] t=1317401329.564 | feat 1564/5275 | map   8231 | icp ok  iter  4 corr  1252 rms 0.0624    8.88 ms | p=(  542.73  -134.67   5.71) v=8.04 m/s
[lio] t=1317401329.668 | feat 1482/5275 | map   8231 | icp ok  iter  4 corr  1193 rms 0.0593    8.25 ms | p=(  543.54  -134.51   5.67) v=7.93 m/s [KF]
[lio] t=1317401329.771 | feat 1517/5175 | map   8158 | icp ok  iter  5 corr  1200 rms 0.0873   10.10 ms | p=(  544.34  -134.35   5.62) v=7.84 m/s
[lio] t=1317401329.875 | feat 1534/5272 | map   8158 | icp ok  iter  6 corr  1232 rms 0.0854   13.64 ms | p=(  545.10  -134.19   5.60) v=7.56 m/s [KF]
[lio] t=1317401329.979 | feat 1439/5194 | map   8017 | icp ok  iter  6 corr  1181 rms 0.0563   11.48 ms | p=(  545.87  -134.04   5.57) v=7.45 m/s
[lio] t=1317401330.083 | feat 1433/5255 | map   8017 | icp ok  iter  5 corr  1108 rms 0.0767    9.96 ms | p=(  546.59  -133.90   5.53) v=7.15 m/s [KF]
[lio] t=1317401330.187 | feat 1316/5172 | map   7810 | icp ok  iter  5 corr  1009 rms 0.0622    8.62 ms | p=(  547.34  -133.76   5.50) v=7.16 m/s
[lio] t=1317401330.291 | feat 1428/5143 | map   7810 | icp ok  iter  5 corr  1082 rms 0.0706    9.31 ms | p=(  548.05  -133.62   5.48) v=6.92 m/s [KF]
[lio] t=1317401330.395 | feat 1330/5229 | map   7614 | icp ok  iter  6 corr   999 rms 0.0783   11.10 ms | p=(  548.73  -133.50   5.45) v=6.62 m/s
[lio] t=1317401330.499 | feat 1296/5112 | map   7614 | icp ok  iter  5 corr   937 rms 0.0720    8.72 ms | p=(  549.41  -133.36   5.41) v=6.60 m/s [KF]
[lio] t=1317401330.603 | feat 1340/5283 | map   7483 | icp ok  iter  4 corr   979 rms 0.0536    7.14 ms | p=(  550.07  -133.24   5.39) v=6.40 m/s
[lio] t=1317401330.707 | feat 1581/5542 | map   7483 | icp ok  iter  3 corr  1169 rms 0.0673    6.18 ms | p=(  550.69  -133.11   5.37) v=6.12 m/s [KF]
[lio] t=1317401330.811 | feat 1487/5573 | map   7464 | icp ok  iter  3 corr  1085 rms 0.0648    6.02 ms | p=(  551.30  -133.00   5.33) v=5.92 m/s
[lio] t=1317401330.915 | feat 1583/5769 | map   7464 | icp ok  iter  5 corr  1162 rms 0.0562    9.65 ms | p=(  551.91  -132.88   5.31) v=5.88 m/s [KF]
[lio] t=1317401331.019 | feat 1585/5981 | map   7510 | icp ok  iter  4 corr  1184 rms 0.0696    8.47 ms | p=(  552.48  -132.77   5.30) v=5.64 m/s
[lio] t=1317401331.123 | feat 1697/6139 | map   7510 | icp ok  iter  4 corr  1207 rms 0.0685    9.26 ms | p=(  553.06  -132.67   5.27) v=5.63 m/s [KF]
[lio] t=1317401331.227 | feat 1867/6453 | map   7553 | icp ok  iter  3 corr  1402 rms 0.0586    8.38 ms | p=(  553.63  -132.56   5.25) v=5.55 m/s
[lio] t=1317401331.331 | feat 1881/6701 | map   7553 | icp ok  iter  5 corr  1396 rms 0.0726   12.60 ms | p=(  554.18  -132.45   5.22) v=5.47 m/s [KF]
[lio] t=1317401331.435 | feat 1895/6868 | map   7747 | icp ok  iter  3 corr  1437 rms 0.0834    7.51 ms | p=(  554.73  -132.35   5.20) v=5.34 m/s
[lio] t=1317401331.539 | feat 2004/7153 | map   7747 | icp ok  iter  4 corr  1484 rms 0.0685   11.04 ms | p=(  555.29  -132.25   5.19) v=5.39 m/s [KF]
[lio] t=1317401331.643 | feat 2174/7540 | map   7990 | icp ok  iter  3 corr  1663 rms 0.0711    9.12 ms | p=(  555.81  -132.16   5.18) v=5.11 m/s
[lio] t=1317401331.747 | feat 2421/7872 | map   7990 | icp ok  iter  4 corr  1688 rms 0.0698   11.37 ms | p=(  556.32  -132.07   5.17) v=4.98 m/s [KF]
[lio] t=1317401331.851 | feat 2519/8113 | map   8406 | icp ok  iter  3 corr  2028 rms 0.0599   11.00 ms | p=(  556.82  -131.97   5.15) v=4.85 m/s
[lio] t=1317401331.955 | feat 2657/8261 | map   8406 | icp ok  iter  4 corr  2078 rms 0.0974   14.47 ms | p=(  557.30  -131.89   5.14) v=4.66 m/s
[lio] t=1317401332.059 | feat 2694/8380 | map   8406 | icp ok  iter  5 corr  2133 rms 0.0885   18.54 ms | p=(  557.76  -131.81   5.13) v=4.47 m/s [KF]
[lio] t=1317401332.163 | feat 2417/8482 | map   8826 | icp ok  iter  3 corr  1976 rms 0.0508    9.82 ms | p=(  558.20  -131.74   5.12) v=4.25 m/s
[lio] t=1317401332.267 | feat 2591/8514 | map   8826 | icp ok  iter  3 corr  2101 rms 0.0713   10.90 ms | p=(  558.63  -131.68   5.11) v=4.13 m/s
[lio] t=1317401332.371 | feat 2367/8618 | map   8826 | icp ok  iter  4 corr  1879 rms 0.0653   12.27 ms | p=(  559.05  -131.62   5.10) v=4.02 m/s [KF]
[lio] t=1317401332.476 | feat 2512/8585 | map   9028 | icp ok  iter  3 corr  2041 rms 0.0674   10.46 ms | p=(  559.45  -131.57   5.08) v=3.86 m/s
[lio] t=1317401332.580 | feat 2467/8748 | map   9028 | icp ok  iter  4 corr  1976 rms 0.0614   12.52 ms | p=(  559.83  -131.52   5.07) v=3.67 m/s
[lio] t=1317401332.684 | feat 2509/8805 | map   9028 | icp ok  iter  3 corr  2017 rms 0.0643   10.43 ms | p=(  560.22  -131.49   5.07) v=3.62 m/s [KF]
[lio] t=1317401332.788 | feat 2525/8897 | map   9196 | icp ok  iter  4 corr  2066 rms 0.0473   14.37 ms | p=(  560.57  -131.46   5.07) v=3.38 m/s
[lio] t=1317401332.892 | feat 2439/9022 | map   9196 | icp ok  iter  4 corr  1987 rms 0.0487   13.27 ms | p=(  560.91  -131.43   5.06) v=3.29 m/s
[lio] t=1317401332.997 | feat 2542/9151 | map   9196 | icp ok  iter 12 corr  2047 rms 0.0564   41.73 ms | p=(  561.25  -131.43   5.05) v=3.16 m/s [KF]
[lio] t=1317401333.101 | feat 2514/9206 | map   9395 | icp ok  iter  4 corr  2049 rms 0.0490   13.20 ms | p=(  561.56  -131.42   5.04) v=3.03 m/s
[lio] t=1317401333.205 | feat 2593/9276 | map   9395 | icp ok  iter  4 corr  2081 rms 0.0521   13.79 ms | p=(  561.87  -131.43   5.04) v=2.95 m/s
[lio] t=1317401333.309 | feat 2726/9500 | map   9395 | icp ok  iter  3 corr  2144 rms 0.0558   10.91 ms | p=(  562.17  -131.44   5.05) v=2.86 m/s
[lio] t=1317401333.413 | feat 2794/9655 | map   9395 | icp ok  iter 12 corr  2184 rms 0.0741   47.52 ms | p=(  562.45  -131.45   5.04) v=2.72 m/s [KF]
[lio] t=1317401333.517 | feat 2796/9791 | map   9766 | icp ok  iter  3 corr  2281 rms 0.0544   12.00 ms | p=(  562.74  -131.48   5.05) v=2.72 m/s
[lio] t=1317401333.622 | feat 2742/9886 | map   9766 | icp ok  iter  4 corr  2211 rms 0.0490   13.66 ms | p=(  563.01  -131.50   5.05) v=2.64 m/s
[lio] t=1317401333.726 | feat 2898/10057 | map   9766 | icp ok  iter  3 corr  2321 rms 0.0492   12.29 ms | p=(  563.29  -131.53   5.05) v=2.70 m/s
[lio] t=1317401333.830 | feat 2729/9937 | map   9766 | icp ok  iter  3 corr  2248 rms 0.0583   12.14 ms | p=(  563.55  -131.57   5.04) v=2.59 m/s [KF]
[lio] t=1317401333.934 | feat 2882/9872 | map  10019 | icp ok  iter  5 corr  2413 rms 0.0481   19.09 ms | p=(  563.82  -131.62   5.03) v=2.64 m/s
[lio] t=1317401334.038 | feat 2857/10042 | map  10019 | icp ok  iter  3 corr  2344 rms 0.0548   11.75 ms | p=(  564.09  -131.67   5.03) v=2.63 m/s
[lio] t=1317401334.142 | feat 2919/10043 | map  10019 | icp ok  iter  3 corr  2356 rms 0.0569   12.21 ms | p=(  564.35  -131.75   5.04) v=2.58 m/s
[lio] t=1317401334.246 | feat 2945/10140 | map  10019 | icp ok  iter  3 corr  2370 rms 0.0571   11.31 ms | p=(  564.60  -131.81   5.04) v=2.52 m/s [KF]
[lio] t=1317401334.350 | feat 2999/10259 | map  10399 | icp ok  iter  3 corr  2516 rms 0.0554   12.51 ms | p=(  564.85  -131.89   5.05) v=2.52 m/s
[lio] t=1317401334.454 | feat 3117/10227 | map  10399 | icp ok  iter  4 corr  2585 rms 0.0691   17.65 ms | p=(  565.11  -131.96   5.05) v=2.59 m/s
[lio] t=1317401334.558 | feat 3024/10318 | map  10399 | icp ok  iter  4 corr  2529 rms 0.0647   16.53 ms | p=(  565.36  -132.07   5.05) v=2.67 m/s
[lio] t=1317401334.662 | feat 3113/10462 | map  10399 | icp ok  iter  4 corr  2596 rms 0.0734   17.62 ms | p=(  565.62  -132.17   5.05) v=2.73 m/s [KF]
[lio] t=1317401334.766 | feat 3105/10402 | map  10825 | icp ok  iter  3 corr  2669 rms 0.0480   13.05 ms | p=(  565.89  -132.29   5.05) v=2.88 m/s
[lio] t=1317401334.870 | feat 3157/10526 | map  10825 | icp ok  iter  4 corr  2675 rms 0.0574   17.88 ms | p=(  566.19  -132.43   5.05) v=3.17 m/s
[lio] t=1317401334.974 | feat 3061/10386 | map  10825 | icp ok  iter  4 corr  2610 rms 0.0634   18.81 ms | p=(  566.51  -132.58   5.04) v=3.36 m/s
[lio] t=1317401335.078 | feat 3001/10458 | map  10825 | icp ok  iter  4 corr  2570 rms 0.0732   19.43 ms | p=(  566.83  -132.73   5.04) v=3.38 m/s [KF]
[lio] t=1317401335.181 | feat 2965/10523 | map  11163 | icp ok  iter  5 corr  2589 rms 0.0590   22.87 ms | p=(  567.10  -132.87   5.05) v=3.05 m/s
[lio] t=1317401335.285 | feat 3034/10458 | map  11163 | icp ok  iter  4 corr  2608 rms 0.0695   19.37 ms | p=(  567.37  -133.01   5.03) v=2.88 m/s
[lio] t=1317401335.389 | feat 3012/10481 | map  11163 | icp ok  iter  4 corr  2596 rms 0.0827   20.02 ms | p=(  567.64  -133.14   5.03) v=2.82 m/s
[lio] t=1317401335.492 | feat 3006/10426 | map  11163 | icp ok  iter  4 corr  2567 rms 0.0979   19.55 ms | p=(  567.88  -133.25   5.02) v=2.48 m/s [KF]
[lio] t=1317401335.596 | feat 2890/10467 | map  11473 | icp ok  iter  4 corr  2537 rms 0.0684   18.42 ms | p=(  568.07  -133.35   5.01) v=2.20 m/s
[lio] t=1317401335.699 | feat 2808/10492 | map  11473 | icp ok  iter  4 corr  2457 rms 0.0722   18.66 ms | p=(  568.30  -133.47   5.00) v=2.32 m/s
[lio] t=1317401335.803 | feat 2869/10517 | map  11473 | icp ok  iter  4 corr  2515 rms 0.0963   19.29 ms | p=(  568.54  -133.54   4.99) v=2.32 m/s
[lio] t=1317401335.907 | feat 2982/10471 | map  11473 | icp ok  iter  4 corr  2610 rms 0.0981   20.16 ms | p=(  568.73  -133.65   4.99) v=2.19 m/s
[lio] t=1317401336.010 | feat 2812/10568 | map  11473 | icp ok  iter  5 corr  2441 rms 0.1031   23.13 ms | p=(  568.91  -133.68   4.99) v=1.94 m/s [KF]
[lio] t=1317401336.114 | feat 2971/10597 | map  11763 | icp ok  iter  4 corr  2563 rms 0.0986   19.97 ms | p=(  569.15  -133.79   4.99) v=2.23 m/s
[lio] t=1317401336.218 | feat 2917/10628 | map  11763 | icp ok  iter  5 corr  2543 rms 0.1142   23.87 ms | p=(  569.33  -133.82   4.98) v=1.95 m/s
[lio] t=1317401336.321 | feat 2898/10570 | map  11763 | icp ok  iter  4 corr  2545 rms 0.1071   19.87 ms | p=(  569.49  -133.83   4.98) v=1.68 m/s
[lio] t=1317401336.425 | feat 2872/10527 | map  11763 | icp ok  iter 12 corr  2468 rms 0.1159   57.52 ms | p=(  569.69  -133.87   4.98) v=1.83 m/s
[lio] t=1317401336.529 | feat 2842/10422 | map  11763 | icp ok  iter  6 corr  2456 rms 0.1452   28.67 ms | p=(  569.85  -133.84   4.97) v=1.66 m/s [KF]
[lio] t=1317401336.632 | feat 2729/10443 | map  12048 | icp ok  iter  5 corr  2439 rms 0.0953   21.65 ms | p=(  570.00  -133.87   4.96) v=1.55 m/s
[lio] t=1317401336.736 | feat 2834/10480 | map  12048 | icp ok  iter  5 corr  2478 rms 0.1200   24.09 ms | p=(  570.17  -133.84   4.95) v=1.63 m/s
[lio] t=1317401336.840 | feat 2719/10478 | map  12048 | icp ok  iter  4 corr  2345 rms 0.0998   17.38 ms | p=(  570.32  -133.84   4.95) v=1.57 m/s
[lio] t=1317401336.944 | feat 2871/10280 | map  12048 | icp ok  iter  6 corr  2510 rms 0.1101   29.47 ms | p=(  570.48  -133.80   4.94) v=1.62 m/s [KF]
[lio] t=1317401337.048 | feat 2830/10194 | map  12298 | icp ok  iter  5 corr  2452 rms 0.0894   23.83 ms | p=(  570.65  -133.79   4.94) v=1.62 m/s
[lio] t=1317401337.151 | feat 2846/10224 | map  12298 | icp ok  iter  5 corr  2437 rms 0.1054   22.89 ms | p=(  570.83  -133.78   4.92) v=1.71 m/s
[lio] t=1317401337.255 | feat 2860/10398 | map  12298 | icp ok  iter  5 corr  2472 rms 0.1014   21.46 ms | p=(  570.99  -133.72   4.92) v=1.74 m/s
[lio] t=1317401337.359 | feat 2794/10341 | map  12298 | icp ok  iter  4 corr  2444 rms 0.1303   18.61 ms | p=(  571.16  -133.67   4.91) v=1.82 m/s [KF]
[lio] t=1317401337.463 | feat 2762/10403 | map  12449 | icp ok  iter  5 corr  2441 rms 0.1258   22.72 ms | p=(  571.32  -133.59   4.91) v=1.85 m/s
[lio] t=1317401337.566 | feat 2757/10428 | map  12449 | icp ok  iter  4 corr  2384 rms 0.0813   18.22 ms | p=(  571.50  -133.53   4.90) v=1.90 m/s
[lio] t=1317401337.670 | feat 2724/10384 | map  12449 | icp ok  iter  4 corr  2353 rms 0.1022   17.39 ms | p=(  571.67  -133.46   4.90) v=1.89 m/s
[lio] t=1317401337.774 | feat 2791/10444 | map  12449 | icp ok  iter  8 corr  2424 rms 0.0889   36.91 ms | p=(  571.82  -133.35   4.89) v=1.88 m/s [KF]
[lio] t=1317401337.878 | feat 2928/10274 | map  12656 | icp ok  iter  6 corr  2584 rms 0.0697   25.86 ms | p=(  571.98  -133.29   4.88) v=1.83 m/s
[lio] t=1317401337.982 | feat 2777/10303 | map  12656 | icp ok  iter  5 corr  2395 rms 0.0647   22.18 ms | p=(  572.17  -133.22   4.87) v=1.96 m/s
[lio] t=1317401338.086 | feat 2715/10264 | map  12656 | icp ok  iter  5 corr  2347 rms 0.0789   19.85 ms | p=(  572.34  -133.13   4.86) v=1.98 m/s
[lio] t=1317401338.191 | feat 2824/10259 | map  12656 | icp ok  iter  3 corr  2457 rms 0.0769   14.20 ms | p=(  572.53  -133.03   4.85) v=2.11 m/s
[lio] t=1317401338.295 | feat 2808/10290 | map  12656 | icp ok  iter  5 corr  2473 rms 0.0926   22.42 ms | p=(  572.73  -132.92   4.86) v=2.24 m/s [KF]
[lio] t=1317401338.399 | feat 2729/10263 | map  12797 | icp ok  iter  4 corr  2427 rms 0.0669   17.37 ms | p=(  572.90  -132.80   4.84) v=2.16 m/s
[lio] t=1317401338.503 | feat 2817/10185 | map  12797 | icp ok  iter  4 corr  2488 rms 0.0726   18.29 ms | p=(  573.11  -132.68   4.81) v=2.38 m/s
[lio] t=1317401338.608 | feat 2980/10152 | map  12797 | icp ok  iter  7 corr  2655 rms 0.0752   32.77 ms | p=(  573.33  -132.52   4.75) v=2.75 m/s
[lio] t=1317401338.712 | feat 2876/10149 | map  12797 | icp ok  iter  4 corr  2525 rms 0.0680   18.26 ms | p=(  573.56  -132.36   4.75) v=2.82 m/s [KF]
[lio] t=1317401338.816 | feat 2870/10156 | map  12923 | icp ok  iter  5 corr  2528 rms 0.0758   22.35 ms | p=(  573.79  -132.21   4.75) v=2.79 m/s
[lio] t=1317401338.921 | feat 2927/10039 | map  12923 | icp ok  iter  6 corr  2606 rms 0.0953   29.61 ms | p=(  574.03  -132.01   4.73) v=3.07 m/s
[lio] t=1317401339.025 | feat 3005/9888 | map  12923 | icp ok  iter  4 corr  2639 rms 0.1047   20.25 ms | p=(  574.28  -131.80   4.68) v=3.22 m/s
[lio] t=1317401339.130 | feat 2908/9544 | map  12923 | icp ok  iter  5 corr  2526 rms 0.1084   22.69 ms | p=(  574.54  -131.61   4.63) v=3.30 m/s [KF]
[lio] t=1317401339.234 | feat 2921/9367 | map  13103 | icp ok  iter  3 corr  2584 rms 0.0945   15.67 ms | p=(  574.82  -131.43   4.62) v=3.33 m/s
[lio] t=1317401339.339 | feat 2879/9052 | map  13103 | icp ok  iter  4 corr  2584 rms 0.1172   20.38 ms | p=(  575.14  -131.23   4.59) v=3.64 m/s
[lio] t=1317401339.443 | feat 2672/8424 | map  13103 | icp ok  iter  5 corr  2380 rms 0.1154   21.75 ms | p=(  575.45  -130.94   4.55) v=3.99 m/s [KF]
[lio] t=1317401339.547 | feat 2591/8430 | map  13311 | icp ok  iter  4 corr  2300 rms 0.0801   18.06 ms | p=(  575.80  -130.75   4.52) v=3.96 m/s
[lio] t=1317401339.652 | feat 2816/8716 | map  13311 | icp ok  iter  4 corr  2487 rms 0.1016   19.55 ms | p=(  576.17  -130.58   4.53) v=4.06 m/s
[lio] t=1317401339.756 | feat 2859/8881 | map  13311 | icp ok  iter  4 corr  2525 rms 0.0976   19.40 ms | p=(  576.56  -130.35   4.53) v=4.33 m/s [KF]
[lio] t=1317401339.860 | feat 2836/8856 | map  13568 | icp ok  iter  6 corr  2491 rms 0.0790   28.17 ms | p=(  576.95  -130.16   4.54) v=4.39 m/s
[lio] t=1317401339.964 | feat 2693/8850 | map  13568 | icp ok  iter  6 corr  2324 rms 0.0855   24.92 ms | p=(  577.36  -129.96   4.55) v=4.51 m/s
[lio] t=1317401340.068 | feat 2593/8732 | map  13568 | icp ok  iter  4 corr  2190 rms 0.0744   16.25 ms | p=(  577.79  -129.77   4.55) v=4.63 m/s [KF]
[lio] t=1317401340.172 | feat 2486/8503 | map  13726 | icp ok  iter  6 corr  2143 rms 0.0642   23.22 ms | p=(  578.23  -129.60   4.54) v=4.73 m/s
[lio] t=1317401340.276 | feat 2458/8351 | map  13726 | icp ok  iter  6 corr  2117 rms 0.0667   21.26 ms | p=(  578.69  -129.40   4.52) v=4.94 m/s
[lio] t=1317401340.380 | feat 2417/8354 | map  13726 | icp ok  iter  5 corr  2010 rms 0.0676   18.64 ms | p=(  579.18  -129.21   4.49) v=5.19 m/s [KF]
[lio] t=1317401340.485 | feat 2387/8206 | map  13841 | icp ok  iter  5 corr  2015 rms 0.0666   17.30 ms | p=(  579.69  -129.05   4.46) v=5.34 m/s
[lio] t=1317401340.589 | feat 2321/8161 | map  13841 | icp ok  iter  4 corr  1972 rms 0.0703   13.94 ms | p=(  580.23  -128.86   4.43) v=5.60 m/s [KF]
[lio] t=1317401340.693 | feat 2273/8025 | map  13902 | icp ok  iter  5 corr  1949 rms 0.0758   18.32 ms | p=(  580.78  -128.67   4.42) v=5.80 m/s
[lio] t=1317401340.796 | feat 2219/7703 | map  13902 | icp ok  iter  5 corr  1845 rms 0.0738   15.41 ms | p=(  581.36  -128.48   4.38) v=6.04 m/s [KF]
[lio] t=1317401340.900 | feat 2127/7451 | map  13957 | icp ok  iter  6 corr  1822 rms 0.0727   19.13 ms | p=(  581.96  -128.29   4.37) v=6.20 m/s
[lio] t=1317401341.004 | feat 2080/7202 | map  13957 | icp ok  iter  6 corr  1747 rms 0.0779   18.70 ms | p=(  582.59  -128.12   4.34) v=6.39 m/s [KF]
[lio] t=1317401341.108 | feat 1991/6997 | map  13920 | icp ok  iter  7 corr  1744 rms 0.0692   22.13 ms | p=(  583.22  -127.93   4.32) v=6.53 m/s
[lio] t=1317401341.212 | feat 1925/6824 | map  13920 | icp ok  iter  6 corr  1681 rms 0.0723   18.71 ms | p=(  583.87  -127.75   4.29) v=6.66 m/s [KF]
[lio] t=1317401341.316 | feat 2009/6567 | map  13867 | icp ok  iter 11 corr  1750 rms 0.0642   32.28 ms | p=(  584.55  -127.54   4.23) v=6.97 m/s
[lio] t=1317401341.420 | feat 1836/6509 | map  13867 | icp ok  iter  5 corr  1512 rms 0.0690   13.16 ms | p=(  585.24  -127.37   4.21) v=7.05 m/s [KF]
[lio] t=1317401341.524 | feat 1819/6282 | map  13863 | icp ok  iter  4 corr  1581 rms 0.0686   11.43 ms | p=(  585.97  -127.17   4.17) v=7.37 m/s
[lio] t=1317401341.628 | feat 1783/6127 | map  13863 | icp ok  iter  4 corr  1529 rms 0.0749   10.72 ms | p=(  586.71  -126.98   4.13) v=7.50 m/s [KF]
[lio] t=1317401341.732 | feat 1787/6016 | map  13789 | icp ok  iter  5 corr  1482 rms 0.0674   12.38 ms | p=(  587.46  -126.80   4.10) v=7.61 m/s
[lio] t=1317401341.836 | feat 1821/5956 | map  13789 | icp ok  iter  4 corr  1496 rms 0.0744    9.83 ms | p=(  588.23  -126.61   4.07) v=7.77 m/s [KF]
[lio] t=1317401341.940 | feat 1824/5850 | map  13758 | icp ok  iter  5 corr  1479 rms 0.0889   12.66 ms | p=(  589.06  -126.41   4.04) v=8.17 m/s
[lio] t=1317401342.044 | feat 1851/5730 | map  13758 | icp ok  iter  7 corr  1482 rms 0.0651   18.40 ms | p=(  589.85  -126.23   4.00) v=8.05 m/s [KF]
[lio] t=1317401342.148 | feat 1841/5641 | map  13704 | icp ok  iter  4 corr  1498 rms 0.0802   11.28 ms | p=(  590.68  -126.06   3.95) v=8.27 m/s
[lio] t=1317401342.252 | feat 1812/5643 | map  13704 | icp ok  iter  5 corr  1380 rms 0.0872   12.22 ms | p=(  591.50  -125.90   3.91) v=8.27 m/s [KF]
[lio] t=1317401342.356 | feat 1830/5665 | map  13664 | icp ok  iter  3 corr  1411 rms 0.0641    7.68 ms | p=(  592.34  -125.74   3.88) v=8.31 m/s
[lio] t=1317401342.459 | feat 1895/5738 | map  13664 | icp ok  iter  5 corr  1495 rms 0.0666   12.69 ms | p=(  593.21  -125.56   3.86) v=8.56 m/s [KF]
[lio] t=1317401342.563 | feat 2032/6073 | map  13594 | icp ok  iter  5 corr  1644 rms 0.0715   13.60 ms | p=(  594.06  -125.41   3.82) v=8.55 m/s
[lio] t=1317401342.667 | feat 1983/6291 | map  13594 | icp ok  iter  6 corr  1514 rms 0.0710   15.75 ms | p=(  594.97  -125.25   3.77) v=8.86 m/s [KF]
[lio] t=1317401342.771 | feat 2006/6164 | map  13448 | icp ok  iter  4 corr  1576 rms 0.0665   11.55 ms | p=(  595.85  -125.09   3.74) v=8.80 m/s
[lio] t=1317401342.875 | feat 2024/5994 | map  13448 | icp ok  iter  3 corr  1515 rms 0.0789    9.17 ms | p=(  596.77  -124.93   3.69) v=9.03 m/s [KF]
[lio] t=1317401342.979 | feat 1995/5925 | map  13462 | icp ok  iter  4 corr  1590 rms 0.0825   11.02 ms | p=(  597.68  -124.77   3.66) v=9.03 m/s
[lio] t=1317401343.083 | feat 1959/5903 | map  13462 | icp ok  iter  6 corr  1469 rms 0.0845   15.99 ms | p=(  598.58  -124.63   3.62) v=8.95 m/s [KF]
[lio] t=1317401343.187 | feat 1893/5857 | map  13369 | icp ok  iter  3 corr  1461 rms 0.0799    7.71 ms | p=(  599.51  -124.49   3.60) v=9.07 m/s
[lio] t=1317401343.290 | feat 1876/5701 | map  13369 | icp ok  iter  4 corr  1411 rms 0.0711    9.79 ms | p=(  600.44  -124.33   3.56) v=9.17 m/s [KF]
[lio] t=1317401343.394 | feat 1658/5482 | map  13229 | icp ok  iter  5 corr  1291 rms 0.0771   11.25 ms | p=(  601.36  -124.17   3.52) v=9.17 m/s
[lio] t=1317401343.498 | feat 1585/5361 | map  13229 | icp ok  iter  4 corr  1206 rms 0.0811    9.85 ms | p=(  602.34  -124.01   3.47) v=9.49 m/s [KF]
[lio] t=1317401343.602 | feat 1471/5255 | map  12968 | icp ok  iter  4 corr  1142 rms 0.0670    7.51 ms | p=(  603.30  -123.84   3.42) v=9.52 m/s
[lio] t=1317401343.706 | feat 1532/5228 | map  12968 | icp ok  iter  5 corr  1192 rms 0.0691   11.08 ms | p=(  604.21  -123.68   3.38) v=9.19 m/s [KF]
[lio] t=1317401343.810 | feat 1528/5213 | map  12664 | icp ok  iter  4 corr  1178 rms 0.0515    8.16 ms | p=(  605.19  -123.51   3.35) v=9.50 m/s
[lio] t=1317401343.914 | feat 1604/5200 | map  12664 | icp ok  iter  6 corr  1248 rms 0.0575   12.91 ms | p=(  606.16  -123.34   3.30) v=9.52 m/s [KF]
[lio] t=1317401344.018 | feat 1590/5179 | map  12276 | icp ok  iter  4 corr  1209 rms 0.0616    8.46 ms | p=(  607.12  -123.18   3.26) v=9.47 m/s
[lio] t=1317401344.122 | feat 1610/5151 | map  12276 | icp ok  iter  4 corr  1233 rms 0.0552    8.44 ms | p=(  608.08  -123.02   3.22) v=9.43 m/s [KF]
[lio] t=1317401344.225 | feat 1610/5179 | map  11943 | icp ok  iter  4 corr  1301 rms 0.0519    8.19 ms | p=(  609.03  -122.85   3.20) v=9.34 m/s
[lio] t=1317401344.329 | feat 1824/5265 | map  11943 | icp ok  iter  6 corr  1439 rms 0.0689   14.34 ms | p=(  609.99  -122.68   3.16) v=9.40 m/s [KF]
[lio] t=1317401344.433 | feat 1624/5269 | map  11648 | icp ok  iter  3 corr  1298 rms 0.0463    6.74 ms | p=(  610.95  -122.51   3.13) v=9.39 m/s
[lio] t=1317401344.537 | feat 1598/5233 | map  11648 | icp ok  iter  4 corr  1250 rms 0.0457    8.68 ms | p=(  611.91  -122.34   3.08) v=9.45 m/s [KF]
[lio] t=1317401344.641 | feat 1633/5267 | map  11297 | icp ok  iter  4 corr  1310 rms 0.0536    8.85 ms | p=(  612.87  -122.17   3.04) v=9.42 m/s
[lio] t=1317401344.745 | feat 1597/5313 | map  11297 | icp ok  iter  5 corr  1237 rms 0.0462    9.46 ms | p=(  613.82  -121.99   3.00) v=9.36 m/s [KF]
[lio] t=1317401344.849 | feat 1615/5333 | map  10897 | icp ok  iter  4 corr  1276 rms 0.0602    9.65 ms | p=(  614.77  -121.82   2.97) v=9.37 m/s
[lio] t=1317401344.953 | feat 1615/5353 | map  10897 | icp ok  iter  5 corr  1230 rms 0.0679   11.27 ms | p=(  615.71  -121.64   2.93) v=9.29 m/s [KF]
[lio] t=1317401345.056 | feat 1749/5443 | map  10508 | icp ok  iter  5 corr  1387 rms 0.0534   11.09 ms | p=(  616.65  -121.46   2.91) v=9.23 m/s
[lio] t=1317401345.160 | feat 1683/5575 | map  10508 | icp ok  iter  3 corr  1208 rms 0.0749    6.39 ms | p=(  617.60  -121.29   2.86) v=9.26 m/s [KF]
[lio] t=1317401345.264 | feat 1711/5897 | map  10149 | icp ok  iter  3 corr  1265 rms 0.0597    6.91 ms | p=(  618.52  -121.12   2.83) v=9.13 m/s
[lio] t=1317401345.368 | feat 1913/6044 | map  10149 | icp ok  iter  4 corr  1396 rms 0.0831    9.73 ms | p=(  619.44  -120.93   2.78) v=9.09 m/s [KF]
[lio] t=1317401345.472 | feat 2221/6448 | map  10011 | icp ok  iter  3 corr  1742 rms 0.0536    9.26 ms | p=(  620.37  -120.76   2.75) v=9.09 m/s
[lio] t=1317401345.576 | feat 2030/6521 | map  10011 | icp ok  iter  4 corr  1586 rms 0.0678    9.92 ms | p=(  621.28  -120.56   2.70) v=9.01 m/s [KF]
[lio] t=1317401345.680 | feat 2053/6515 | map   9948 | icp ok  iter  4 corr  1649 rms 0.0796   11.24 ms | p=(  622.18  -120.38   2.68) v=8.88 m/s
[lio] t=1317401345.784 | feat 2026/6501 | map   9948 | icp ok  iter  5 corr  1517 rms 0.0834   13.22 ms | p=(  623.06  -120.20   2.65) v=8.68 m/s [KF]
[lio] t=1317401345.888 | feat 1964/6508 | map   9914 | icp ok  iter  5 corr  1576 rms 0.0445   13.42 ms | p=(  623.93  -120.02   2.62) v=8.57 m/s
[lio] t=1317401345.991 | feat 1956/6464 | map   9914 | icp ok  iter  3 corr  1512 rms 0.0567    7.85 ms | p=(  624.80  -119.85   2.59) v=8.43 m/s [KF]
[lio] t=1317401346.095 | feat 1773/6183 | map   9849 | icp ok  iter  4 corr  1404 rms 0.0465    9.31 ms | p=(  625.63  -119.67   2.55) v=8.23 m/s
[lio] t=1317401346.199 | feat 1944/6109 | map   9849 | icp ok  iter  4 corr  1522 rms 0.0538   10.48 ms | p=(  626.45  -119.51   2.52) v=7.98 m/s [KF]
[lio] t=1317401346.303 | feat 1872/6032 | map   9804 | icp ok  iter  4 corr  1479 rms 0.0602    9.34 ms | p=(  627.26  -119.35   2.48) v=7.83 m/s
[lio] t=1317401346.407 | feat 1942/6040 | map   9804 | icp ok  iter  4 corr  1478 rms 0.0581   10.08 ms | p=(  628.01  -119.20   2.45) v=7.47 m/s [KF]
[lio] t=1317401346.511 | feat 1917/6068 | map   9772 | icp ok  iter  3 corr  1544 rms 0.0620    8.12 ms | p=(  628.77  -119.04   2.43) v=7.32 m/s
[lio] t=1317401346.615 | feat 1905/6044 | map   9772 | icp ok  iter  4 corr  1477 rms 0.0622    9.38 ms | p=(  629.48  -118.89   2.40) v=6.98 m/s [KF]
[lio] t=1317401346.719 | feat 1789/6041 | map   9746 | icp ok  iter  4 corr  1419 rms 0.0615    9.03 ms | p=(  630.17  -118.75   2.38) v=6.69 m/s
[lio] t=1317401346.823 | feat 1932/6093 | map   9746 | icp ok  iter  4 corr  1495 rms 0.0833   10.53 ms | p=(  630.85  -118.61   2.35) v=6.54 m/s [KF]
[lio] t=1317401346.927 | feat 1907/6232 | map   9748 | icp ok  iter  3 corr  1476 rms 0.0482    7.30 ms | p=(  631.49  -118.48   2.32) v=6.27 m/s
[lio] t=1317401347.031 | feat 1781/6304 | map   9748 | icp ok  iter  4 corr  1399 rms 0.0584   10.74 ms | p=(  632.10  -118.36   2.30) v=5.91 m/s [KF]
[lio] t=1317401347.135 | feat 1913/6516 | map   9748 | icp ok  iter  4 corr  1554 rms 0.0616   10.21 ms | p=(  632.69  -118.25   2.28) v=5.70 m/s
[lio] t=1317401347.239 | feat 1978/6514 | map   9748 | icp ok  iter 12 corr  1566 rms 0.0737   33.50 ms | p=(  633.28  -118.16   2.27) v=5.57 m/s [KF]
[lio] t=1317401347.343 | feat 2072/6670 | map   9731 | icp ok  iter  5 corr  1682 rms 0.0511   13.49 ms | p=(  633.80  -118.05   2.25) v=5.15 m/s
[lio] t=1317401347.447 | feat 1991/6791 | map   9731 | icp ok  iter  7 corr  1635 rms 0.0499   18.68 ms | p=(  634.33  -117.97   2.24) v=4.96 m/s [KF]
[lio] t=1317401347.551 | feat 2129/6803 | map   9669 | icp ok  iter  4 corr  1770 rms 0.0572   12.35 ms | p=(  634.82  -117.89   2.23) v=4.71 m/s
[lio] t=1317401347.655 | feat 2128/6903 | map   9669 | icp ok  iter  4 corr  1757 rms 0.0660   12.31 ms | p=(  635.29  -117.82   2.21) v=4.50 m/s
[lio] t=1317401347.759 | feat 2133/7018 | map   9669 | icp ok  iter  4 corr  1726 rms 0.0735   11.73 ms | p=(  635.73  -117.75   2.21) v=4.22 m/s [KF]
[lio] t=1317401347.863 | feat 2236/7195 | map   9612 | icp ok  iter  5 corr  1866 rms 0.0617   15.24 ms | p=(  636.14  -117.69   2.20) v=3.97 m/s
[lio] t=1317401347.968 | feat 2168/7300 | map   9612 | icp ok  iter  4 corr  1790 rms 0.0637   12.85 ms | p=(  636.54  -117.66   2.20) v=3.83 m/s
[lio] t=1317401348.072 | feat 2323/7458 | map   9612 | icp ok  iter  5 corr  1900 rms 0.0532   15.81 ms | p=(  636.93  -117.63   2.19) v=3.75 m/s [KF]
[lio] t=1317401348.176 | feat 2176/7504 | map   9684 | icp ok  iter  4 corr  1832 rms 0.0517   12.63 ms | p=(  637.33  -117.60   2.19) v=3.73 m/s
[lio] t=1317401348.280 | feat 2086/7361 | map   9684 | icp ok  iter  4 corr  1758 rms 0.0524   11.45 ms | p=(  637.71  -117.58   2.18) v=3.65 m/s
[lio] t=1317401348.384 | feat 2214/7385 | map   9684 | icp ok  iter  4 corr  1828 rms 0.0550   12.04 ms | p=(  638.08  -117.58   2.18) v=3.61 m/s [KF]
[lio] t=1317401348.489 | feat 2210/7426 | map   9617 | icp ok  iter  4 corr  1876 rms 0.0456   13.40 ms | p=(  638.44  -117.58   2.17) v=3.51 m/s
[lio] t=1317401348.593 | feat 2277/7475 | map   9617 | icp ok  iter  5 corr  1900 rms 0.0455   15.50 ms | p=(  638.81  -117.62   2.17) v=3.53 m/s
[lio] t=1317401348.697 | feat 2156/7617 | map   9617 | icp ok  iter  4 corr  1867 rms 0.0642   12.38 ms | p=(  639.16  -117.64   2.16) v=3.40 m/s [KF]
[lio] t=1317401348.801 | feat 2233/7525 | map   9583 | icp ok  iter  4 corr  1912 rms 0.0576   12.74 ms | p=(  639.50  -117.69   2.16) v=3.36 m/s
[lio] t=1317401348.906 | feat 2155/7566 | map   9583 | icp ok  iter  3 corr  1822 rms 0.0553    9.72 ms | p=(  639.85  -117.73   2.15) v=3.33 m/s
[lio] t=1317401349.010 | feat 2148/7554 | map   9583 | icp ok  iter  5 corr  1825 rms 0.0578   16.08 ms | p=(  640.18  -117.82   2.15) v=3.31 m/s [KF]
[lio] t=1317401349.114 | feat 2095/7557 | map   9515 | icp ok  iter  4 corr  1823 rms 0.0510   11.93 ms | p=(  640.50  -117.88   2.15) v=3.20 m/s
[lio] t=1317401349.218 | feat 1996/7562 | map   9515 | icp ok  iter  4 corr  1759 rms 0.0685   11.78 ms | p=(  640.83  -117.97   2.14) v=3.29 m/s
[lio] t=1317401349.322 | feat 1992/7397 | map   9515 | icp ok  iter  4 corr  1710 rms 0.0752   11.82 ms | p=(  641.16  -118.07   2.13) v=3.34 m/s [KF]
[lio] t=1317401349.427 | feat 1960/7370 | map   9636 | icp ok  iter  4 corr  1679 rms 0.0481   11.90 ms | p=(  641.47  -118.19   2.11) v=3.24 m/s
[lio] t=1317401349.531 | feat 2012/7476 | map   9636 | icp ok  iter  4 corr  1771 rms 0.0674   12.37 ms | p=(  641.79  -118.33   2.11) v=3.27 m/s
[lio] t=1317401349.635 | feat 2134/7628 | map   9636 | icp ok  iter  4 corr  1844 rms 0.0660   13.64 ms | p=(  642.08  -118.48   2.10) v=3.25 m/s [KF]
[lio] t=1317401349.739 | feat 2107/7740 | map   9772 | icp ok  iter  3 corr  1815 rms 0.0474    9.49 ms | p=(  642.37  -118.64   2.12) v=3.26 m/s
[lio] t=1317401349.843 | feat 2188/7754 | map   9772 | icp ok  iter  4 corr  1863 rms 0.0561   12.75 ms | p=(  642.67  -118.81   2.12) v=3.38 m/s
[lio] t=1317401349.947 | feat 2140/7860 | map   9772 | icp ok  iter  4 corr  1820 rms 0.0831   12.52 ms | p=(  643.01  -118.99   2.10) v=3.69 m/s [KF]
[lio] t=1317401350.051 | feat 2023/7823 | map   9883 | icp ok  iter  5 corr  1763 rms 0.0643   15.07 ms | p=(  643.31  -119.21   2.08) v=3.72 m/s
[lio] t=1317401350.155 | feat 2015/7814 | map   9883 | icp ok  iter  5 corr  1697 rms 0.0518   14.24 ms | p=(  643.64  -119.43   2.04) v=3.93 m/s
[lio] t=1317401350.259 | feat 2097/7836 | map   9883 | icp ok  iter  7 corr  1748 rms 0.0633   21.87 ms | p=(  643.97  -119.69   2.01) v=4.08 m/s [KF]
[lio] t=1317401350.363 | feat 2085/7799 | map  10028 | icp ok  iter  4 corr  1799 rms 0.0477   11.65 ms | p=(  644.28  -119.98   2.00) v=4.21 m/s
[lio] t=1317401350.467 | feat 2088/7761 | map  10028 | icp ok  iter  5 corr  1790 rms 0.0499   16.08 ms | p=(  644.59  -120.28   2.01) v=4.30 m/s
[lio] t=1317401350.571 | feat 2139/7612 | map  10028 | icp ok  iter  5 corr  1770 rms 0.0665   15.17 ms | p=(  644.93  -120.60   2.01) v=4.57 m/s [KF]
[lio] t=1317401350.674 | feat 2045/7882 | map  10111 | icp ok  iter  4 corr  1731 rms 0.0728   11.20 ms | p=(  645.25  -120.97   2.03) v=4.77 m/s
[lio] t=1317401350.778 | feat 2067/8026 | map  10111 | icp ok  iter  4 corr  1706 rms 0.0593   12.57 ms | p=(  645.58  -121.35   2.01) v=4.95 m/s
[lio] t=1317401350.882 | feat 2048/8122 | map  10111 | icp ok  iter  4 corr  1681 rms 0.0945   11.15 ms | p=(  645.93  -121.75   2.00) v=5.19 m/s [KF]
[lio] t=1317401350.986 | feat 2019/7998 | map  10188 | icp ok  iter  4 corr  1639 rms 0.0559   11.81 ms | p=(  646.25  -122.16   1.99) v=5.20 m/s
[lio] t=1317401351.090 | feat 1896/7928 | map  10188 | icp ok  iter  6 corr  1514 rms 0.1011   16.34 ms | p=(  646.59  -122.65   2.00) v=5.68 m/s [KF]
[lio] t=1317401351.194 | feat 1842/7987 | map  10276 | icp ok  iter  5 corr  1507 rms 0.0644   13.94 ms | p=(  646.89  -123.09   2.00) v=5.43 m/s
[lio] t=1317401351.298 | feat 1864/8024 | map  10276 | icp ok  iter  5 corr  1470 rms 0.0767   13.26 ms | p=(  647.24  -123.65   2.01) v=6.14 m/s [KF]
[lio] t=1317401351.402 | feat 1885/8182 | map  10366 | icp ok  iter  6 corr  1479 rms 0.0584   16.54 ms | p=(  647.55  -124.13   1.99) v=5.84 m/s
[lio] t=1317401351.505 | feat 1963/8080 | map  10366 | icp ok  iter  6 corr  1489 rms 0.0623   16.31 ms | p=(  647.85  -124.73   1.99) v=6.35 m/s [KF]
[lio] t=1317401351.609 | feat 2030/7988 | map  10491 | icp ok  iter  5 corr  1595 rms 0.0770   14.38 ms | p=(  648.14  -125.30   2.00) v=6.36 m/s
[lio] t=1317401351.713 | feat 2062/8016 | map  10491 | icp ok  iter 12 corr  1529 rms 0.0776   32.49 ms | p=(  648.46  -125.93   2.00) v=6.73 m/s [KF]
[lio] t=1317401351.817 | feat 1937/7943 | map  10556 | icp ok  iter  5 corr  1537 rms 0.0544   13.91 ms | p=(  648.73  -126.55   2.01) v=6.67 m/s
[lio] t=1317401351.921 | feat 1962/7921 | map  10556 | icp ok  iter  8 corr  1505 rms 0.0542   22.00 ms | p=(  649.00  -127.23   2.02) v=7.02 m/s [KF]
[lio] t=1317401352.025 | feat 1998/7966 | map  10484 | icp ok  iter  3 corr  1536 rms 0.0613    8.84 ms | p=(  649.25  -127.91   2.03) v=7.13 m/s
[lio] t=1317401352.129 | feat 2073/7964 | map  10484 | icp ok  iter  5 corr  1598 rms 0.0603   13.52 ms | p=(  649.48  -128.65   2.05) v=7.38 m/s [KF]
[lio] t=1317401352.233 | feat 2122/8062 | map  10504 | icp ok  iter 12 corr  1659 rms 0.0630   35.75 ms | p=(  649.72  -129.37   2.06) v=7.45 m/s
[lio] t=1317401352.336 | feat 2162/8110 | map  10504 | icp ok  iter  7 corr  1574 rms 0.0736   19.97 ms | p=(  649.94  -130.16   2.09) v=7.86 m/s [KF]
[lio] t=1317401352.440 | feat 2158/8255 | map  10616 | icp ok  iter  6 corr  1625 rms 0.0535   17.07 ms | p=(  650.12  -130.89   2.11) v=7.58 m/s
[lio] t=1317401352.544 | feat 2252/8205 | map  10616 | icp ok  iter  6 corr  1615 rms 0.0586   18.60 ms | p=(  650.31  -131.70   2.14) v=7.92 m/s [KF]
[lio] t=1317401352.647 | feat 2293/8107 | map  10879 | icp ok  iter  5 corr  1698 rms 0.0607   14.97 ms | p=(  650.49  -132.48   2.15) v=7.92 m/s
[lio] t=1317401352.751 | feat 2301/8110 | map  10879 | icp ok  iter  5 corr  1695 rms 0.0549   16.71 ms | p=(  650.66  -133.32   2.17) v=8.22 m/s [KF]
[lio] t=1317401352.855 | feat 2307/8216 | map  11041 | icp ok  iter  7 corr  1791 rms 0.0488   21.30 ms | p=(  650.81  -134.19   2.20) v=8.48 m/s
[lio] t=1317401352.958 | feat 2381/8235 | map  11041 | icp ok  iter  6 corr  1696 rms 0.0545   17.05 ms | p=(  650.98  -135.05   2.23) v=8.51 m/s [KF]
[lio] t=1317401353.062 | feat 2450/8280 | map  11226 | icp ok  iter  4 corr  1853 rms 0.0623   14.40 ms | p=(  651.15  -135.90   2.25) v=8.53 m/s
[lio] t=1317401353.166 | feat 2549/8326 | map  11226 | icp ok  iter  5 corr  1883 rms 0.0584   17.71 ms | p=(  651.31  -136.78   2.27) v=8.63 m/s [KF]
[lio] t=1317401353.270 | feat 2496/8310 | map  11323 | icp ok  iter  4 corr  1862 rms 0.0588   12.60 ms | p=(  651.44  -137.68   2.31) v=8.76 m/s
[lio] t=1317401353.373 | feat 2397/8234 | map  11323 | icp ok  iter  4 corr  1806 rms 0.0652   12.71 ms | p=(  651.61  -138.59   2.33) v=8.94 m/s [KF]
[lio] t=1317401353.477 | feat 2310/8088 | map  11370 | icp ok  iter  4 corr  1798 rms 0.0522   12.28 ms | p=(  651.75  -139.50   2.35) v=9.00 m/s
[lio] t=1317401353.581 | feat 2250/7995 | map  11370 | icp ok  iter  5 corr  1737 rms 0.0481   16.66 ms | p=(  651.93  -140.46   2.39) v=9.36 m/s [KF]
[lio] t=1317401353.685 | feat 1975/7949 | map  11410 | icp ok  iter  5 corr  1592 rms 0.0564   14.03 ms | p=(  652.09  -141.41   2.42) v=9.37 m/s
[lio] t=1317401353.788 | feat 1896/7928 | map  11410 | icp ok  iter  3 corr  1510 rms 0.0526    8.22 ms | p=(  652.26  -142.38   2.44) v=9.52 m/s [KF]
[lio] t=1317401353.892 | feat 1870/8059 | map  11442 | icp ok  iter  4 corr  1518 rms 0.0751   11.26 ms | p=(  652.43  -143.34   2.47) v=9.56 m/s
[lio] t=1317401353.996 | feat 1881/7812 | map  11442 | icp ok  iter  4 corr  1489 rms 0.0736   10.37 ms | p=(  652.58  -144.33   2.50) v=9.67 m/s [KF]
[lio] t=1317401354.100 | feat 1827/7774 | map  11493 | icp ok  iter  6 corr  1443 rms 0.0560   15.10 ms | p=(  652.76  -145.36   2.53) v=10.00 m/s [KF]
[lio] t=1317401354.204 | feat 1699/7643 | map  11477 | icp ok  iter  4 corr  1350 rms 0.0556    8.73 ms | p=(  652.94  -146.38   2.55) v=10.03 m/s [KF]
[lio] t=1317401354.307 | feat 1736/7709 | map  11358 | icp ok  iter  4 corr  1375 rms 0.0535    9.41 ms | p=(  653.13  -147.42   2.57) v=10.21 m/s [KF]
[lio] t=1317401354.411 | feat 1642/7713 | map  11299 | icp ok  iter  4 corr  1266 rms 0.0580    9.26 ms | p=(  653.31  -148.45   2.60) v=10.12 m/s [KF]
[lio] t=1317401354.515 | feat 1535/7596 | map  11168 | icp ok  iter  6 corr  1116 rms 0.0503   11.23 ms | p=(  653.50  -149.52   2.62) v=10.43 m/s [KF]
[lio] t=1317401354.619 | feat 1437/7658 | map  11078 | icp ok  iter  5 corr  1042 rms 0.0486    9.04 ms | p=(  653.69  -150.56   2.64) v=10.31 m/s [KF]
[lio] t=1317401354.723 | feat 1458/7608 | map  10954 | icp ok  iter  4 corr  1096 rms 0.0633    7.18 ms | p=(  653.89  -151.61   2.67) v=10.33 m/s [KF]
[lio] t=1317401354.827 | feat 1429/7518 | map  10764 | icp ok  iter  4 corr  1089 rms 0.0546    7.29 ms | p=(  654.07  -152.68   2.70) v=10.46 m/s [KF]
[lio] t=1317401354.930 | feat 1410/7433 | map  10595 | icp ok  iter  4 corr  1125 rms 0.0557    7.49 ms | p=(  654.29  -153.76   2.72) v=10.54 m/s [KF]
[lio] t=1317401355.034 | feat 1527/7457 | map  10361 | icp ok  iter  4 corr  1137 rms 0.0620    8.64 ms | p=(  654.53  -154.85   2.75) v=10.73 m/s [KF]
[lio] t=1317401355.138 | feat 1612/7552 | map  10193 | icp ok  iter  5 corr  1255 rms 0.0726   10.85 ms | p=(  654.72  -155.93   2.76) v=10.61 m/s [KF]
[lio] t=1317401355.242 | feat 1469/7451 | map  10148 | icp ok  iter  3 corr  1147 rms 0.0952    6.36 ms | p=(  654.94  -157.01   2.79) v=10.61 m/s [KF]
[lio] t=1317401355.346 | feat 1461/7449 | map  10171 | icp ok  iter  4 corr  1074 rms 0.0556    7.59 ms | p=(  655.16  -158.13   2.82) v=10.87 m/s [KF]
[lio] t=1317401355.450 | feat 1679/7684 | map  10161 | icp ok  iter  4 corr  1104 rms 0.0761    7.34 ms | p=(  655.36  -159.24   2.85) v=10.89 m/s [KF]
[lio] t=1317401355.554 | feat 1832/7776 | map  10318 | icp ok  iter  4 corr  1328 rms 0.0817    9.38 ms | p=(  655.58  -160.34   2.87) v=10.85 m/s [KF]
[lio] t=1317401355.658 | feat 2027/7922 | map  10566 | icp ok  iter  4 corr  1562 rms 0.0794   10.50 ms | p=(  655.80  -161.45   2.90) v=10.93 m/s [KF]
[lio] t=1317401355.762 | feat 2188/8356 | map  10850 | icp ok  iter  4 corr  1722 rms 0.0702   11.20 ms | p=(  656.01  -162.58   2.93) v=11.02 m/s [KF]
[lio] t=1317401355.865 | feat 2413/8659 | map  11151 | icp ok  iter  4 corr  1907 rms 0.0485   12.43 ms | p=(  656.22  -163.69   2.96) v=10.89 m/s [KF]
[lio] t=1317401355.969 | feat 2485/8870 | map  11396 | icp ok  iter  6 corr  1969 rms 0.0669   18.81 ms | p=(  656.45  -164.82   2.98) v=11.03 m/s [KF]
[lio] t=1317401356.073 | feat 2640/8951 | map  11643 | icp ok  iter  5 corr  2086 rms 0.0486   16.50 ms | p=(  656.67  -165.97   3.00) v=11.16 m/s [KF]
[lio] t=1317401356.177 | feat 2648/9077 | map  11836 | icp ok  iter  5 corr  2121 rms 0.0447   18.39 ms | p=(  656.88  -167.08   3.02) v=10.98 m/s [KF]
[lio] t=1317401356.281 | feat 2800/9211 | map  11955 | icp ok  iter  5 corr  2303 rms 0.0515   18.82 ms | p=(  657.11  -168.20   3.05) v=11.02 m/s [KF]
[lio] t=1317401356.385 | feat 2670/9292 | map  12063 | icp ok  iter  4 corr  2188 rms 0.0530   15.31 ms | p=(  657.30  -169.33   3.08) v=10.99 m/s [KF]
[lio] t=1317401356.489 | feat 2626/9365 | map  12061 | icp ok  iter  6 corr  2085 rms 0.0452   20.86 ms | p=(  657.53  -170.48   3.10) v=11.19 m/s [KF]
[lio] t=1317401356.593 | feat 2787/9648 | map  12022 | icp ok  iter  5 corr  2181 rms 0.0438   18.75 ms | p=(  657.73  -171.61   3.12) v=11.10 m/s [KF]
[lio] t=1317401356.697 | feat 2730/9673 | map  12137 | icp ok  iter  5 corr  2143 rms 0.0567   17.83 ms | p=(  657.93  -172.73   3.15) v=11.02 m/s [KF]
[lio] t=1317401356.801 | feat 2681/9816 | map  12186 | icp ok  iter  5 corr  2139 rms 0.0401   18.26 ms | p=(  658.16  -173.91   3.17) v=11.35 m/s [KF]
[lio] t=1317401356.905 | feat 2811/9896 | map  12222 | icp ok  iter  5 corr  2181 rms 0.0461   19.88 ms | p=(  658.36  -175.04   3.20) v=11.22 m/s [KF]
[lio] t=1317401357.009 | feat 2741/9887 | map  12241 | icp ok  iter  5 corr  2124 rms 0.0437   17.98 ms | p=(  658.59  -176.21   3.22) v=11.36 m/s [KF]
[lio] t=1317401357.112 | feat 2752/9958 | map  12232 | icp ok  iter  4 corr  2113 rms 0.0439   15.77 ms | p=(  658.81  -177.37   3.24) v=11.35 m/s [KF]
[lio] t=1317401357.216 | feat 2753/10004 | map  12158 | icp ok  iter  5 corr  2144 rms 0.0401   17.38 ms | p=(  659.01  -178.51   3.26) v=11.26 m/s [KF]
[lio] t=1317401357.320 | feat 2716/10081 | map  12140 | icp ok  iter  5 corr  2121 rms 0.0485   19.14 ms | p=(  659.22  -179.65   3.29) v=11.19 m/s [KF]
[lio] t=1317401357.424 | feat 2741/9988 | map  12140 | icp ok  iter  5 corr  2070 rms 0.0448   17.74 ms | p=(  659.44  -180.86   3.31) v=11.64 m/s [KF]
[lio] t=1317401357.528 | feat 2670/9931 | map  12163 | icp ok  iter  4 corr  1953 rms 0.0619   15.12 ms | p=(  659.67  -182.01   3.33) v=11.39 m/s [KF]
[lio] t=1317401357.632 | feat 2628/9881 | map  12221 | icp ok  iter  4 corr  1883 rms 0.0442   12.78 ms | p=(  659.88  -183.18   3.36) v=11.46 m/s [KF]
[lio] t=1317401357.736 | feat 2521/9690 | map  12228 | icp ok  iter  5 corr  1917 rms 0.0448   15.55 ms | p=(  660.11  -184.34   3.38) v=11.41 m/s [KF]
[lio] t=1317401357.839 | feat 2522/9739 | map  12156 | icp ok  iter  5 corr  1871 rms 0.0452   16.64 ms | p=(  660.35  -185.53   3.41) v=11.61 m/s [KF]
[lio] t=1317401357.943 | feat 2464/9713 | map  12150 | icp ok  iter  4 corr  1854 rms 0.0475   12.74 ms | p=(  660.56  -186.72   3.43) v=11.65 m/s [KF]
[lio] t=1317401358.047 | feat 2541/9647 | map  12200 | icp ok  iter  5 corr  1985 rms 0.0493   16.56 ms | p=(  660.80  -187.89   3.46) v=11.53 m/s [KF]
[lio] t=1317401358.151 | feat 2468/9505 | map  12283 | icp ok  iter  6 corr  1918 rms 0.0445   20.21 ms | p=(  661.02  -189.11   3.49) v=11.80 m/s [KF]
[lio] t=1317401358.254 | feat 2557/9429 | map  12358 | icp ok  iter  4 corr  1950 rms 0.0489   14.96 ms | p=(  661.25  -190.27   3.51) v=11.52 m/s [KF]
[lio] t=1317401358.358 | feat 2554/9433 | map  12444 | icp ok  iter  4 corr  1839 rms 0.0724   13.10 ms | p=(  661.47  -191.44   3.54) v=11.51 m/s [KF]
[lio] t=1317401358.462 | feat 2431/9264 | map  12536 | icp ok  iter  6 corr  1824 rms 0.0451   17.89 ms | p=(  661.70  -192.63   3.56) v=11.62 m/s [KF]
[lio] t=1317401358.566 | feat 2474/9191 | map  12606 | icp ok  iter  5 corr  1862 rms 0.0445   14.43 ms | p=(  661.93  -193.81   3.59) v=11.57 m/s [KF]
[lio] t=1317401358.669 | feat 2424/9185 | map  12660 | icp ok  iter  4 corr  1870 rms 0.0645   13.99 ms | p=(  662.15  -194.99   3.60) v=11.53 m/s [KF]
[lio] t=1317401358.773 | feat 2455/9196 | map  12722 | icp ok  iter  4 corr  1940 rms 0.0433   12.59 ms | p=(  662.37  -196.16   3.63) v=11.45 m/s [KF]
[lio] t=1317401358.877 | feat 2630/9285 | map  12735 | icp ok  iter  5 corr  2070 rms 0.0478   17.95 ms | p=(  662.61  -197.35   3.64) v=11.61 m/s [KF]
[lio] t=1317401358.981 | feat 2641/9131 | map  12715 | icp ok  iter  4 corr  2062 rms 0.0496   14.02 ms | p=(  662.83  -198.52   3.66) v=11.50 m/s [KF]
[lio] t=1317401359.084 | feat 2713/9309 | map  12800 | icp ok  iter  4 corr  2173 rms 0.0669   15.84 ms | p=(  663.07  -199.70   3.68) v=11.56 m/s [KF]
[lio] t=1317401359.188 | feat 2641/9220 | map  12958 | icp ok  iter  5 corr  2109 rms 0.0543   19.01 ms | p=(  663.29  -200.88   3.71) v=11.50 m/s [KF]
[lio] t=1317401359.292 | feat 2566/9239 | map  13097 | icp ok  iter  5 corr  2134 rms 0.0474   17.85 ms | p=(  663.51  -202.06   3.73) v=11.55 m/s [KF]
[lio] t=1317401359.396 | feat 2623/9413 | map  13226 | icp ok  iter  4 corr  2254 rms 0.0446   15.67 ms | p=(  663.72  -203.22   3.74) v=11.39 m/s [KF]
[lio] t=1317401359.500 | feat 2779/9448 | map  13341 | icp ok  iter  3 corr  2376 rms 0.0691   13.54 ms | p=(  663.96  -204.38   3.76) v=11.40 m/s [KF]
[lio] t=1317401359.603 | feat 2878/9399 | map  13363 | icp ok  iter  3 corr  2497 rms 0.0461   13.70 ms | p=(  664.18  -205.55   3.78) v=11.39 m/s [KF]
[lio] t=1317401359.707 | feat 2866/9380 | map  13433 | icp ok  iter  4 corr  2405 rms 0.0401   16.60 ms | p=(  664.41  -206.70   3.80) v=11.33 m/s [KF]
[lio] t=1317401359.811 | feat 2853/9475 | map  13454 | icp ok  iter  3 corr  2394 rms 0.0470   12.41 ms | p=(  664.64  -207.86   3.81) v=11.28 m/s [KF]
[lio] t=1317401359.915 | feat 2990/9545 | map  13465 | icp ok  iter  4 corr  2483 rms 0.0475   17.07 ms | p=(  664.85  -209.00   3.84) v=11.21 m/s [KF]
[lio] t=1317401360.019 | feat 2998/9766 | map  13425 | icp ok  iter  5 corr  2528 rms 0.0455   21.01 ms | p=(  665.09  -210.18   3.86) v=11.38 m/s [KF]
[lio] t=1317401360.123 | feat 2920/9810 | map  13316 | icp ok  iter  5 corr  2449 rms 0.0444   19.87 ms | p=(  665.29  -211.31   3.88) v=11.16 m/s [KF]
[lio] t=1317401360.227 | feat 2954/10004 | map  13207 | icp ok  iter  5 corr  2488 rms 0.0422   20.06 ms | p=(  665.51  -212.45   3.90) v=11.16 m/s [KF]
[lio] t=1317401360.330 | feat 2958/10133 | map  13062 | icp ok  iter  3 corr  2439 rms 0.0438   12.23 ms | p=(  665.72  -213.59   3.92) v=11.11 m/s [KF]
[lio] t=1317401360.434 | feat 3053/10204 | map  12969 | icp ok  iter  4 corr  2462 rms 0.1006   17.93 ms | p=(  665.94  -214.74   3.94) v=11.15 m/s [KF]
[lio] t=1317401360.538 | feat 3062/10299 | map  12963 | icp ok  iter  4 corr  2501 rms 0.0465   17.87 ms | p=(  666.14  -215.87   3.96) v=11.03 m/s [KF]
[lio] t=1317401360.642 | feat 3099/10511 | map  12977 | icp ok  iter  6 corr  2511 rms 0.0445   25.08 ms | p=(  666.35  -216.97   3.98) v=10.84 m/s [KF]
[lio] t=1317401360.746 | feat 3033/10548 | map  12980 | icp ok  iter  5 corr  2457 rms 0.0602   22.88 ms | p=(  666.54  -218.10   4.00) v=10.92 m/s [KF]
[lio] t=1317401360.850 | feat 3049/10468 | map  13056 | icp ok  iter  5 corr  2488 rms 0.0506   20.75 ms | p=(  666.76  -219.22   4.02) v=10.91 m/s [KF]
[lio] t=1317401360.954 | feat 3134/10459 | map  13065 | icp ok  iter  4 corr  2543 rms 0.0622   17.16 ms | p=(  666.97  -220.32   4.04) v=10.82 m/s [KF]
[lio] t=1317401361.057 | feat 2984/10455 | map  13107 | icp ok  iter  3 corr  2381 rms 0.0494   12.33 ms | p=(  667.18  -221.43   4.05) v=10.82 m/s [KF]
[lio] t=1317401361.161 | feat 3052/10423 | map  13124 | icp ok  iter  4 corr  2452 rms 0.0460   16.06 ms | p=(  667.39  -222.53   4.07) v=10.76 m/s [KF]
[lio] t=1317401361.265 | feat 2939/10426 | map  13096 | icp ok  iter  4 corr  2310 rms 0.0532   17.00 ms | p=(  667.61  -223.65   4.08) v=10.90 m/s [KF]
[lio] t=1317401361.369 | feat 2994/10647 | map  13079 | icp ok  iter  4 corr  2374 rms 0.0615   18.16 ms | p=(  667.84  -224.74   4.10) v=10.81 m/s [KF]
[lio] t=1317401361.473 | feat 2999/10697 | map  13078 | icp ok  iter  5 corr  2338 rms 0.0658   21.30 ms | p=(  668.03  -225.88   4.11) v=10.96 m/s [KF]
[lio] t=1317401361.577 | feat 3189/11118 | map  13085 | icp ok  iter  5 corr  2375 rms 0.0488   19.20 ms | p=(  668.25  -226.97   4.13) v=10.82 m/s [KF]
[lio] t=1317401361.680 | feat 3267/11370 | map  13246 | icp ok  iter  4 corr  2470 rms 0.0424   16.61 ms | p=(  668.46  -228.09   4.15) v=10.90 m/s [KF]
[lio] t=1317401361.784 | feat 3222/11436 | map  13408 | icp ok  iter  5 corr  2471 rms 0.0536   19.67 ms | p=(  668.68  -229.17   4.16) v=10.73 m/s [KF]
[lio] t=1317401361.888 | feat 3130/11142 | map  13601 | icp ok  iter  5 corr  2491 rms 0.0439   21.11 ms | p=(  668.89  -230.29   4.17) v=10.89 m/s [KF]
[lio] t=1317401361.992 | feat 3119/11157 | map  13677 | icp ok  iter  4 corr  2511 rms 0.0433   17.05 ms | p=(  669.10  -231.40   4.18) v=10.84 m/s [KF]
[lio] t=1317401362.096 | feat 3200/11225 | map  13749 | icp ok  iter  4 corr  2519 rms 0.0454   17.06 ms | p=(  669.32  -232.49   4.19) v=10.79 m/s [KF]
[lio] t=1317401362.199 | feat 2999/11066 | map  13824 | icp ok  iter  4 corr  2334 rms 0.0451   14.95 ms | p=(  669.53  -233.60   4.20) v=10.85 m/s [KF]
[lio] t=1317401362.303 | feat 2984/10901 | map  13891 | icp ok  iter  3 corr  2317 rms 0.0454   12.04 ms | p=(  669.75  -234.71   4.22) v=10.85 m/s [KF]
[lio] t=1317401362.407 | feat 2980/10670 | map  13988 | icp ok  iter  4 corr  2280 rms 0.0503   15.56 ms | p=(  669.97  -235.81   4.24) v=10.82 m/s [KF]
[lio] t=1317401362.511 | feat 2928/10531 | map  14031 | icp ok  iter  4 corr  2261 rms 0.0530   15.78 ms | p=(  670.19  -236.93   4.26) v=10.94 m/s [KF]
[lio] t=1317401362.615 | feat 2532/10005 | map  14101 | icp ok  iter  4 corr  1912 rms 0.0590   13.00 ms | p=(  670.40  -238.04   4.27) v=10.91 m/s [KF]
[lio] t=1317401362.718 | feat 2504/9763 | map  14104 | icp ok  iter  4 corr  1838 rms 0.0809   13.21 ms | p=(  670.63  -239.16   4.28) v=10.96 m/s [KF]
[lio] t=1317401362.822 | feat 2513/9481 | map  14147 | icp ok  iter  3 corr  1923 rms 0.0556    9.14 ms | p=(  670.85  -240.27   4.30) v=10.93 m/s [KF]
[lio] t=1317401362.926 | feat 2519/9290 | map  14160 | icp ok  iter  4 corr  1981 rms 0.0515   14.37 ms | p=(  671.07  -241.40   4.31) v=11.05 m/s [KF]
[lio] t=1317401363.030 | feat 2349/8911 | map  14171 | icp ok  iter  4 corr  1812 rms 0.0495   12.46 ms | p=(  671.29  -242.51   4.32) v=10.95 m/s [KF]
[lio] t=1317401363.134 | feat 2382/8769 | map  14132 | icp ok  iter  3 corr  1832 rms 0.0616   10.18 ms | p=(  671.50  -243.63   4.34) v=10.93 m/s [KF]
[lio] t=1317401363.238 | feat 2269/8618 | map  14109 | icp ok  iter  4 corr  1729 rms 0.0482   12.12 ms | p=(  671.72  -244.76   4.35) v=11.05 m/s [KF]
[lio] t=1317401363.341 | feat 2213/8631 | map  14082 | icp ok  iter  4 corr  1733 rms 0.0486   11.70 ms | p=(  671.92  -245.88   4.36) v=10.99 m/s [KF]
[lio] t=1317401363.445 | feat 2095/8660 | map  14018 | icp ok  iter  3 corr  1645 rms 0.0570    8.01 ms | p=(  672.14  -247.00   4.38) v=10.95 m/s [KF]
[lio] t=1317401363.549 | feat 2033/8549 | map  13994 | icp ok  iter  5 corr  1615 rms 0.0577   13.33 ms | p=(  672.34  -248.12   4.40) v=10.99 m/s [KF]
[lio] t=1317401363.653 | feat 1788/8343 | map  13892 | icp ok  iter  4 corr  1377 rms 0.0539   10.09 ms | p=(  672.55  -249.25   4.41) v=11.03 m/s [KF]
[lio] t=1317401363.757 | feat 1611/8333 | map  13850 | icp ok  iter  4 corr  1303 rms 0.0472    8.86 ms | p=(  672.74  -250.36   4.43) v=10.88 m/s [KF]
[lio] t=1317401363.861 | feat 1578/8199 | map  13733 | icp ok  iter  4 corr  1270 rms 0.0623    8.79 ms | p=(  672.95  -251.49   4.44) v=10.99 m/s [KF]
[lio] t=1317401363.964 | feat 1542/8247 | map  13612 | icp ok  iter  4 corr  1267 rms 0.0575    8.80 ms | p=(  673.16  -252.60   4.46) v=10.95 m/s [KF]
[lio] t=1317401364.068 | feat 1558/8236 | map  13509 | icp ok  iter  4 corr  1229 rms 0.0773    8.96 ms | p=(  673.36  -253.75   4.46) v=11.13 m/s [KF]
[lio] t=1317401364.172 | feat 1486/8071 | map  13433 | icp ok  iter  4 corr  1209 rms 0.0576    8.42 ms | p=(  673.55  -254.86   4.47) v=10.92 m/s [KF]
[lio] t=1317401364.276 | feat 1419/8066 | map  13301 | icp ok  iter  4 corr  1148 rms 0.0684    7.56 ms | p=(  673.76  -255.99   4.49) v=11.01 m/s [KF]
[lio] t=1317401364.380 | feat 1367/7986 | map  13121 | icp ok  iter  4 corr  1142 rms 0.0511    7.33 ms | p=(  673.97  -257.13   4.50) v=11.13 m/s [KF]
[lio] t=1317401364.483 | feat 1389/7772 | map  12825 | icp ok  iter  4 corr  1156 rms 0.0639    7.39 ms | p=(  674.18  -258.25   4.51) v=10.97 m/s [KF]
[lio] t=1317401364.587 | feat 1324/7553 | map  12594 | icp ok  iter  4 corr  1139 rms 0.0859    7.19 ms | p=(  674.38  -259.37   4.52) v=10.97 m/s [KF]
[lio] t=1317401364.691 | feat 1328/7671 | map  12352 | icp ok  iter  5 corr  1135 rms 0.0830    9.65 ms | p=(  674.58  -260.48   4.54) v=10.91 m/s [KF]
[lio] t=1317401364.795 | feat 1386/7718 | map  12081 | icp ok  iter  5 corr  1171 rms 0.0728    9.72 ms | p=(  674.80  -261.63   4.55) v=11.10 m/s [KF]
[lio] t=1317401364.899 | feat 1477/7726 | map  11896 | icp ok  iter  4 corr  1247 rms 0.0660    7.88 ms | p=(  675.01  -262.76   4.56) v=11.03 m/s [KF]
[lio] t=1317401365.002 | feat 1609/7790 | map  11685 | icp ok  iter  4 corr  1290 rms 0.0661    9.24 ms | p=(  675.22  -263.86   4.58) v=10.90 m/s [KF]
[lio] t=1317401365.106 | feat 1760/8000 | map  11465 | icp ok  iter  4 corr  1487 rms 0.0828   10.72 ms | p=(  675.41  -264.96   4.59) v=10.77 m/s [KF]
[lio] t=1317401365.210 | feat 1740/8199 | map  11280 | icp ok  iter  5 corr  1486 rms 0.0561   12.17 ms | p=(  675.62  -266.09   4.60) v=10.96 m/s [KF]
[lio] t=1317401365.314 | feat 1710/8010 | map  11204 | icp ok  iter  4 corr  1409 rms 0.0526    9.77 ms | p=(  675.83  -267.19   4.60) v=10.80 m/s [KF]
[lio] t=1317401365.417 | feat 1771/8071 | map  11162 | icp ok  iter  6 corr  1426 rms 0.0625   14.31 ms | p=(  676.04  -268.32   4.62) v=10.97 m/s [KF]
[lio] t=1317401365.521 | feat 1794/8248 | map  11126 | icp ok  iter  5 corr  1493 rms 0.0519   12.63 ms | p=(  676.24  -269.40   4.63) v=10.74 m/s [KF]
[lio] t=1317401365.625 | feat 1881/8414 | map  10992 | icp ok  iter  4 corr  1524 rms 0.0522   10.45 ms | p=(  676.45  -270.50   4.64) v=10.75 m/s [KF]
[lio] t=1317401365.729 | feat 1837/8546 | map  10890 | icp ok  iter  5 corr  1554 rms 0.0487   12.39 ms | p=(  676.66  -271.59   4.65) v=10.69 m/s [KF]
[lio] t=1317401365.833 | feat 1859/8576 | map  10728 | icp ok  iter  5 corr  1523 rms 0.0646   13.34 ms | p=(  676.87  -272.72   4.66) v=10.92 m/s [KF]
[lio] t=1317401365.936 | feat 1811/8653 | map  10569 | icp ok  iter  8 corr  1478 rms 0.0659   19.60 ms | p=(  677.10  -273.83   4.67) v=10.91 m/s [KF]
[lio] t=1317401366.040 | feat 1887/8906 | map  10493 | icp ok  iter  4 corr  1461 rms 0.1016   10.10 ms | p=(  677.30  -274.94   4.68) v=10.89 m/s [KF]
[lio] t=1317401366.144 | feat 1929/8780 | map  10436 | icp ok  iter  7 corr  1559 rms 0.0547   19.13 ms | p=(  677.51  -276.03   4.68) v=10.70 m/s [KF]
[lio] t=1317401366.248 | feat 1960/8816 | map  10325 | icp ok  iter  6 corr  1553 rms 0.0572   15.29 ms | p=(  677.73  -277.13   4.68) v=10.77 m/s [KF]
[lio] t=1317401366.351 | feat 1829/8892 | map  10266 | icp ok  iter  5 corr  1489 rms 0.0491   12.57 ms | p=(  677.94  -278.23   4.69) v=10.77 m/s [KF]
[lio] t=1317401366.455 | feat 1778/8953 | map  10226 | icp ok  iter  7 corr  1434 rms 0.0511   16.30 ms | p=(  678.15  -279.34   4.71) v=10.82 m/s [KF]
[lio] t=1317401366.559 | feat 1817/8999 | map  10172 | icp ok  iter  5 corr  1477 rms 0.0446   12.84 ms | p=(  678.38  -280.45   4.71) v=10.91 m/s [KF]
[lio] t=1317401366.663 | feat 2041/9102 | map  10125 | icp ok  iter  6 corr  1690 rms 0.0568   17.23 ms | p=(  678.59  -281.51   4.72) v=10.59 m/s [KF]
[lio] t=1317401366.767 | feat 2197/9017 | map  10126 | icp ok  iter  6 corr  1764 rms 0.0474   17.27 ms | p=(  678.81  -282.61   4.73) v=10.72 m/s [KF]
[lio] t=1317401366.870 | feat 2145/8800 | map  10086 | icp ok  iter  5 corr  1702 rms 0.0544   14.93 ms | p=(  679.04  -283.71   4.73) v=10.73 m/s [KF]
[lio] t=1317401366.974 | feat 2225/8815 | map  10076 | icp ok  iter  5 corr  1752 rms 0.0526   15.09 ms | p=(  679.24  -284.77   4.74) v=10.51 m/s [KF]
[lio] t=1317401367.078 | feat 2136/8812 | map  10165 | icp ok  iter  6 corr  1662 rms 0.0474   17.88 ms | p=(  679.48  -285.92   4.74) v=11.01 m/s [KF]
[lio] t=1317401367.182 | feat 2122/8801 | map  10253 | icp ok  iter  6 corr  1670 rms 0.0549   17.54 ms | p=(  679.68  -286.98   4.75) v=10.61 m/s [KF]
[lio] t=1317401367.286 | feat 2060/8808 | map  10330 | icp ok  iter  3 corr  1621 rms 0.0521    9.06 ms | p=(  679.92  -288.07   4.76) v=10.67 m/s [KF]
[lio] t=1317401367.390 | feat 2132/8806 | map  10445 | icp ok  iter  4 corr  1696 rms 0.0669   10.70 ms | p=(  680.12  -289.16   4.77) v=10.69 m/s [KF]
[lio] t=1317401367.494 | feat 2146/8722 | map  10542 | icp ok  iter  4 corr  1677 rms 0.0660   11.21 ms | p=(  680.34  -290.26   4.78) v=10.74 m/s [KF]
[lio] t=1317401367.597 | feat 2139/8732 | map  10645 | icp ok  iter  4 corr  1733 rms 0.0513   11.46 ms | p=(  680.56  -291.36   4.78) v=10.75 m/s [KF]
[lio] t=1317401367.701 | feat 2186/8603 | map  10728 | icp ok  iter  5 corr  1743 rms 0.0507   15.54 ms | p=(  680.77  -292.44   4.79) v=10.64 m/s [KF]
[lio] t=1317401367.805 | feat 2351/8819 | map  10807 | icp ok  iter  5 corr  1891 rms 0.0522   16.37 ms | p=(  680.97  -293.50   4.79) v=10.51 m/s [KF]
[lio] t=1317401367.909 | feat 2296/8710 | map  10970 | icp ok  iter  5 corr  1878 rms 0.0486   14.66 ms | p=(  681.18  -294.58   4.80) v=10.56 m/s [KF]
[lio] t=1317401368.013 | feat 2265/8879 | map  11059 | icp ok  iter  5 corr  1823 rms 0.0648   15.76 ms | p=(  681.39  -295.66   4.81) v=10.56 m/s [KF]
[lio] t=1317401368.117 | feat 2343/8955 | map  11153 | icp ok  iter  3 corr  1901 rms 0.0452   10.15 ms | p=(  681.60  -296.75   4.82) v=10.61 m/s [KF]
[lio] t=1317401368.221 | feat 2468/8979 | map  11271 | icp ok  iter  5 corr  1994 rms 0.0648   17.06 ms | p=(  681.80  -297.82   4.82) v=10.51 m/s [KF]
[lio] t=1317401368.324 | feat 2435/9003 | map  11456 | icp ok  iter  8 corr  1999 rms 0.0552   27.04 ms | p=(  682.00  -298.91   4.82) v=10.59 m/s [KF]
[lio] t=1317401368.428 | feat 2409/8982 | map  11582 | icp ok  iter  4 corr  1957 rms 0.0803   12.67 ms | p=(  682.20  -299.99   4.83) v=10.58 m/s [KF]
[lio] t=1317401368.532 | feat 2449/9037 | map  11762 | icp ok  iter  6 corr  1982 rms 0.0589   20.06 ms | p=(  682.38  -301.04   4.83) v=10.41 m/s [KF]
[lio] t=1317401368.636 | feat 2462/9160 | map  11899 | icp ok  iter  3 corr  1985 rms 0.0448    9.72 ms | p=(  682.58  -302.11   4.83) v=10.44 m/s [KF]
[lio] t=1317401368.740 | feat 2469/9177 | map  11984 | icp ok  iter  5 corr  1971 rms 0.0506   16.07 ms | p=(  682.77  -303.18   4.85) v=10.45 m/s [KF]
[lio] t=1317401368.844 | feat 2539/9240 | map  12054 | icp ok  iter  6 corr  2042 rms 0.0628   21.83 ms | p=(  682.95  -304.22   4.85) v=10.24 m/s [KF]
[lio] t=1317401368.948 | feat 2393/9112 | map  12079 | icp ok  iter  9 corr  1879 rms 0.0454   30.98 ms | p=(  683.15  -305.37   4.86) v=10.85 m/s [KF]
[lio] t=1317401369.051 | feat 2394/8963 | map  12081 | icp ok  iter  7 corr  1895 rms 0.0755   23.74 ms | p=(  683.35  -306.40   4.86) v=10.34 m/s [KF]
[lio] t=1317401369.155 | feat 2525/9260 | map  12158 | icp ok  iter  8 corr  1923 rms 0.0543   28.71 ms | p=(  683.54  -307.51   4.87) v=10.63 m/s [KF]
[lio] t=1317401369.259 | feat 2564/9174 | map  12167 | icp ok  iter  6 corr  1935 rms 0.0456   20.99 ms | p=(  683.73  -308.54   4.87) v=10.33 m/s [KF]
[lio] t=1317401369.363 | feat 2598/9294 | map  12203 | icp ok  iter  6 corr  1942 rms 0.0624   19.48 ms | p=(  683.93  -309.66   4.87) v=10.71 m/s [KF]
[lio] t=1317401369.467 | feat 2570/9436 | map  12203 | icp ok  iter  7 corr  1969 rms 0.0541   24.45 ms | p=(  684.12  -310.73   4.88) v=10.49 m/s [KF]
[lio] t=1317401369.571 | feat 2710/9601 | map  12191 | icp ok  iter 11 corr  2046 rms 0.0499   39.50 ms | p=(  684.31  -311.77   4.88) v=10.30 m/s [KF]
[lio] t=1317401369.675 | feat 2680/9591 | map  12141 | icp ok  iter  9 corr  2074 rms 0.0490   30.29 ms | p=(  684.50  -312.85   4.89) v=10.47 m/s [KF]
[lio] t=1317401369.778 | feat 2684/9517 | map  12183 | icp ok  iter  4 corr  2093 rms 0.0463   14.00 ms | p=(  684.69  -313.92   4.90) v=10.41 m/s [KF]
[lio] t=1317401369.882 | feat 2721/9602 | map  12208 | icp ok  iter  4 corr  2125 rms 0.0571   13.93 ms | p=(  684.89  -314.99   4.90) v=10.43 m/s [KF]
[lio] t=1317401369.986 | feat 2785/9559 | map  12251 | icp ok  iter  5 corr  2168 rms 0.0511   20.07 ms | p=(  685.07  -316.02   4.90) v=10.25 m/s [KF]
[lio] t=1317401370.090 | feat 2812/9761 | map  12303 | icp ok  iter  7 corr  2187 rms 0.0502   24.87 ms | p=(  685.25  -317.05   4.91) v=10.10 m/s [KF]
[lio] t=1317401370.194 | feat 2766/9751 | map  12335 | icp ok  iter  6 corr  2161 rms 0.0441   20.08 ms | p=(  685.43  -318.10   4.92) v=10.14 m/s [KF]
[lio] t=1317401370.298 | feat 2791/9830 | map  12362 | icp ok  iter  6 corr  2190 rms 0.0483   22.47 ms | p=(  685.62  -319.15   4.92) v=10.19 m/s [KF]
[lio] t=1317401370.401 | feat 2751/9920 | map  12365 | icp ok  iter  9 corr  2139 rms 0.0626   31.05 ms | p=(  685.81  -320.21   4.91) v=10.33 m/s [KF]
[lio] t=1317401370.505 | feat 2739/9950 | map  12347 | icp ok  iter  7 corr  2166 rms 0.0547   27.16 ms | p=(  685.99  -321.23   4.92) v=10.05 m/s [KF]
[lio] t=1317401370.609 | feat 2711/9967 | map  12337 | icp ok  iter  6 corr  2169 rms 0.0461   21.09 ms | p=(  686.17  -322.27   4.92) v=10.15 m/s [KF]
[lio] t=1317401370.713 | feat 2692/9898 | map  12338 | icp ok  iter  7 corr  2126 rms 0.0569   25.98 ms | p=(  686.36  -323.37   4.92) v=10.48 m/s [KF]
[lio] t=1317401370.817 | feat 2590/9857 | map  12326 | icp ok  iter 10 corr  2022 rms 0.0513   34.04 ms | p=(  686.54  -324.37   4.94) v=10.03 m/s [KF]
[lio] t=1317401370.920 | feat 2642/9849 | map  12324 | icp ok  iter  8 corr  2099 rms 0.0501   28.52 ms | p=(  686.72  -325.42   4.94) v=10.14 m/s [KF]
[lio] t=1317401371.024 | feat 2776/9879 | map  12352 | icp ok  iter  7 corr  2204 rms 0.0529   24.29 ms | p=(  686.89  -326.41   4.93) v=9.82 m/s [KF]
[lio] t=1317401371.128 | feat 2780/9880 | map  12429 | icp ok  iter  6 corr  2233 rms 0.0424   21.41 ms | p=(  687.07  -327.43   4.94) v=9.90 m/s [KF]
[lio] t=1317401371.232 | feat 2739/9956 | map  12509 | icp ok  iter  6 corr  2160 rms 0.0416   17.65 ms | p=(  687.25  -328.46   4.94) v=9.96 m/s [KF]
[lio] t=1317401371.335 | feat 2748/9998 | map  12641 | icp ok  iter  5 corr  2149 rms 0.0546   17.94 ms | p=(  687.43  -329.48   4.94) v=9.96 m/s [KF]
[lio] t=1317401371.439 | feat 2634/9832 | map  12778 | icp ok  iter  6 corr  2127 rms 0.0555   22.14 ms | p=(  687.61  -330.47   4.94) v=9.76 m/s [KF]
[lio] t=1317401371.543 | feat 2800/9834 | map  12910 | icp ok  iter 10 corr  2253 rms 0.0627   39.31 ms | p=(  687.79  -331.53   4.95) v=10.07 m/s [KF]
[lio] t=1317401371.647 | feat 2669/9742 | map  13079 | icp ok  iter  8 corr  2128 rms 0.0668   27.22 ms | p=(  687.97  -332.51   4.95) v=9.76 m/s
[lio] t=1317401371.751 | feat 2797/9992 | map  13079 | icp ok  iter  5 corr  2188 rms 0.0704   19.24 ms | p=(  688.16  -333.52   4.95) v=9.80 m/s [KF]
[lio] t=1317401371.854 | feat 2837/9996 | map  13306 | icp ok  iter  8 corr  2142 rms 0.0748   29.59 ms | p=(  688.35  -334.49   4.95) v=9.64 m/s
[lio] t=1317401371.958 | feat 2801/10095 | map  13306 | icp ok  iter  6 corr  2153 rms 0.0561   23.75 ms | p=(  688.53  -335.43   4.96) v=9.33 m/s [KF]
[lio] t=1317401372.062 | feat 2813/10171 | map  13432 | icp ok  iter  7 corr  2203 rms 0.0522   26.13 ms | p=(  688.75  -336.42   4.97) v=9.59 m/s [KF]
[lio] t=1317401372.165 | feat 2701/10113 | map  13575 | icp ok  iter  8 corr  2020 rms 0.0509   27.95 ms | p=(  688.99  -337.45   4.96) v=9.91 m/s [KF]
[lio] t=1317401372.269 | feat 2781/10248 | map  13641 | icp ok  iter 10 corr  2098 rms 0.0489   39.27 ms | p=(  689.21  -338.32   4.96) v=9.13 m/s
[lio] t=1317401372.373 | feat 2782/10220 | map  13641 | icp ok  iter 10 corr  2048 rms 0.0436   35.57 ms | p=(  689.47  -339.32   4.96) v=9.59 m/s [KF]
[lio] t=1317401372.476 | feat 2851/10239 | map  13668 | icp ok  iter 10 corr  2067 rms 0.0436   36.22 ms | p=(  689.74  -340.26   4.96) v=9.48 m/s
[lio] t=1317401372.580 | feat 2956/10070 | map  13668 | icp ok  iter  3 corr  2117 rms 0.0592   11.21 ms | p=(  690.04  -341.20   4.95) v=9.46 m/s [KF]
[lio] t=1317401372.684 | feat 2956/10098 | map  13740 | icp ok  iter 12 corr  2139 rms 0.0507   46.38 ms | p=(  690.35  -342.06   4.96) v=9.08 m/s
[lio] t=1317401372.788 | feat 3083/10075 | map  13740 | icp ok  iter  4 corr  2127 rms 0.0536   16.99 ms | p=(  690.67  -342.93   4.95) v=8.96 m/s [KF]
[lio] t=1317401372.891 | feat 3115/10292 | map  13856 | icp ok  iter  6 corr  2266 rms 0.0694   24.83 ms | p=(  691.03  -343.85   4.95) v=9.29 m/s
[lio] t=1317401372.995 | feat 3120/10434 | map  13856 | icp ok  iter 12 corr  2151 rms 0.0550   46.21 ms | p=(  691.41  -344.69   4.93) v=9.03 m/s [KF]
[lio] t=1317401373.099 | feat 3121/10434 | map  13939 | icp ok  iter  7 corr  2198 rms 0.0668   26.26 ms | p=(  691.82  -345.56   4.93) v=9.18 m/s
[lio] t=1317401373.202 | feat 3129/10691 | map  13939 | icp ok  iter  5 corr  2115 rms 0.0528   19.97 ms | p=(  692.22  -346.39   4.91) v=9.02 m/s [KF]
[lio] t=1317401373.306 | feat 3221/10870 | map  14050 | icp ok  iter  6 corr  2190 rms 0.0494   23.43 ms | p=(  692.67  -347.24   4.90) v=9.17 m/s
[lio] t=1317401373.410 | feat 3424/11228 | map  14050 | icp ok  iter 10 corr  2236 rms 0.0904   44.64 ms | p=(  693.13  -348.03   4.90) v=8.97 m/s [KF]
[lio] t=1317401373.514 | feat 3555/11299 | map  14159 | icp ok  iter 11 corr  2395 rms 0.0613   49.15 ms | p=(  693.62  -348.88   4.88) v=9.29 m/s
[lio] t=1317401373.617 | feat 3662/11544 | map  14159 | icp ok  iter  6 corr  2447 rms 0.0770   28.29 ms | p=(  694.11  -349.68   4.87) v=9.16 m/s [KF]
[lio] t=1317401373.721 | feat 3834/11779 | map  14192 | icp ok  iter  6 corr  2582 rms 0.0499   27.29 ms | p=(  694.65  -350.47   4.85) v=9.22 m/s
[lio] t=1317401373.825 | feat 3964/12021 | map  14192 | icp ok  iter  4 corr  2627 rms 0.0798   20.92 ms | p=(  695.17  -351.25   4.83) v=9.14 m/s [KF]
[lio] t=1317401373.929 | feat 4057/12255 | map  14335 | icp ok  iter  8 corr  2703 rms 0.0453   38.96 ms | p=(  695.72  -352.05   4.82) v=9.31 m/s
[lio] t=1317401374.033 | feat 4195/12463 | map  14335 | icp ok  iter  7 corr  2783 rms 0.0591   33.26 ms | p=(  696.29  -352.82   4.80) v=9.27 m/s [KF]
[lio] t=1317401374.137 | feat 4298/12668 | map  14507 | icp ok  iter  5 corr  2934 rms 0.0529   25.15 ms | p=(  696.88  -353.60   4.79) v=9.38 m/s
[lio] t=1317401374.240 | feat 4427/12954 | map  14507 | icp ok  iter  4 corr  3004 rms 0.0482   20.83 ms | p=(  697.45  -354.36   4.77) v=9.28 m/s [KF]
[lio] t=1317401374.344 | feat 4338/13003 | map  14690 | icp ok  iter  4 corr  2933 rms 0.0467   23.72 ms | p=(  698.04  -355.12   4.74) v=9.31 m/s
[lio] t=1317401374.448 | feat 4569/13218 | map  14690 | icp ok  iter  7 corr  3033 rms 0.0522   39.75 ms | p=(  698.63  -355.81   4.71) v=9.00 m/s [KF]
[lio] t=1317401374.552 | feat 4458/13268 | map  14924 | icp ok  iter  7 corr  2970 rms 0.0697   38.52 ms | p=(  699.27  -356.60   4.69) v=9.49 m/s [KF]
[lio] t=1317401374.656 | feat 4641/13373 | map  15119 | icp ok  iter  5 corr  3071 rms 0.0638   30.62 ms | p=(  699.86  -357.31   4.66) v=9.14 m/s
[lio] t=1317401374.760 | feat 4684/13458 | map  15119 | icp ok  iter  7 corr  3104 rms 0.0604   40.37 ms | p=(  700.49  -358.10   4.64) v=9.46 m/s [KF]
[lio] t=1317401374.864 | feat 4599/13633 | map  15297 | icp ok  iter  5 corr  3088 rms 0.0576   26.73 ms | p=(  701.13  -358.84   4.62) v=9.39 m/s
[lio] t=1317401374.968 | feat 4578/13496 | map  15297 | icp ok  iter  5 corr  3031 rms 0.0611   29.03 ms | p=(  701.70  -359.57   4.60) v=9.09 m/s [KF]
[lio] t=1317401375.073 | feat 4513/13376 | map  15477 | icp ok  iter  4 corr  3080 rms 0.0695   24.51 ms | p=(  702.31  -360.30   4.58) v=9.18 m/s
[lio] t=1317401375.177 | feat 4515/13340 | map  15477 | icp ok  iter  6 corr  2996 rms 0.0727   35.21 ms | p=(  702.92  -361.02   4.56) v=9.06 m/s [KF]
[lio] t=1317401375.281 | feat 4599/13515 | map  15719 | icp ok  iter  9 corr  3126 rms 0.0689   54.62 ms | p=(  703.51  -361.80   4.52) v=9.28 m/s
[lio] t=1317401375.385 | feat 4591/13564 | map  15719 | icp ok  iter  6 corr  3082 rms 0.0787   37.39 ms | p=(  704.10  -362.58   4.51) v=9.34 m/s [KF]
[lio] t=1317401375.489 | feat 4744/13576 | map  16086 | icp ok  iter  9 corr  3176 rms 0.0625   53.53 ms | p=(  704.72  -363.32   4.49) v=9.28 m/s
[lio] t=1317401375.593 | feat 4678/13601 | map  16086 | icp ok  iter 12 corr  3090 rms 0.0784   73.41 ms | p=(  705.25  -364.08   4.46) v=9.08 m/s [KF]
[lio] t=1317401375.698 | feat 4508/13655 | map  16439 | icp ok  iter  6 corr  3048 rms 0.0651   34.50 ms | p=(  705.82  -364.84   4.44) v=9.05 m/s
[lio] t=1317401375.802 | feat 4633/13638 | map  16439 | icp ok  iter  7 corr  3036 rms 0.0672   39.91 ms | p=(  706.35  -365.62   4.43) v=9.06 m/s [KF]
[lio] t=1317401375.906 | feat 4572/13682 | map  16810 | icp ok  iter  5 corr  3122 rms 0.0763   30.19 ms | p=(  706.89  -366.37   4.41) v=8.90 m/s
[lio] t=1317401376.010 | feat 4567/13716 | map  16810 | icp ok  iter  7 corr  3008 rms 0.0898   41.42 ms | p=(  707.38  -367.20   4.40) v=9.14 m/s [KF]
[lio] t=1317401376.114 | feat 4476/13700 | map  17229 | icp ok  iter  8 corr  3079 rms 0.0674   43.79 ms | p=(  707.85  -368.01   4.38) v=9.07 m/s
[lio] t=1317401376.218 | feat 4400/13807 | map  17229 | icp ok  iter 12 corr  2985 rms 0.0738   67.26 ms | p=(  708.25  -368.80   4.36) v=8.72 m/s [KF]
[lio] t=1317401376.322 | feat 4638/13868 | map  17636 | icp ok  iter  6 corr  3176 rms 0.0750   37.88 ms | p=(  708.69  -369.63   4.36) v=8.90 m/s
[lio] t=1317401376.427 | feat 4723/14071 | map  17636 | icp ok  iter  5 corr  3212 rms 0.0839   32.32 ms | p=(  709.09  -370.47   4.38) v=8.90 m/s [KF]
[lio] t=1317401376.531 | feat 4682/14205 | map  18094 | icp ok  iter  6 corr  3265 rms 0.0673   34.31 ms | p=(  709.47  -371.32   4.37) v=9.00 m/s
[lio] t=1317401376.635 | feat 4721/14276 | map  18094 | icp ok  iter  4 corr  3275 rms 0.0671   23.94 ms | p=(  709.82  -372.19   4.36) v=8.98 m/s [KF]
[lio] t=1317401376.739 | feat 4716/14096 | map  18474 | icp ok  iter  5 corr  3379 rms 0.0561   30.19 ms | p=(  710.18  -373.06   4.35) v=9.05 m/s
[lio] t=1317401376.843 | feat 4772/14109 | map  18474 | icp ok  iter  5 corr  3410 rms 0.0640   32.77 ms | p=(  710.48  -373.93   4.34) v=8.95 m/s [KF]
[lio] t=1317401376.947 | feat 4882/14070 | map  18872 | icp ok  iter  5 corr  3553 rms 0.0544   30.29 ms | p=(  710.78  -374.81   4.34) v=8.94 m/s
[lio] t=1317401377.051 | feat 4698/13965 | map  18872 | icp ok  iter  4 corr  3361 rms 0.0757   25.45 ms | p=(  711.05  -375.73   4.34) v=9.14 m/s [KF]
[lio] t=1317401377.155 | feat 4582/13879 | map  19211 | icp ok  iter  6 corr  3243 rms 0.0534   35.80 ms | p=(  711.29  -376.62   4.34) v=8.99 m/s
[lio] t=1317401377.259 | feat 4383/13853 | map  19211 | icp ok  iter  5 corr  3048 rms 0.0581   30.05 ms | p=(  711.53  -377.55   4.34) v=9.22 m/s [KF]
[lio] t=1317401377.363 | feat 4322/13299 | map  19520 | icp ok  iter  5 corr  3119 rms 0.0611   28.66 ms | p=(  711.74  -378.47   4.35) v=9.18 m/s
[lio] t=1317401377.467 | feat 3992/13040 | map  19520 | icp ok  iter  6 corr  2901 rms 0.0537   31.27 ms | p=(  711.93  -379.39   4.35) v=9.11 m/s [KF]
[lio] t=1317401377.570 | feat 3888/12746 | map  19789 | icp ok  iter  4 corr  2884 rms 0.0535   22.28 ms | p=(  712.10  -380.32   4.36) v=9.18 m/s
[lio] t=1317401377.674 | feat 3781/12329 | map  19789 | icp ok  iter  6 corr  2758 rms 0.0669   31.84 ms | p=(  712.28  -381.33   4.37) v=9.58 m/s [KF]
[lio] t=1317401377.778 | feat 3717/12153 | map  19901 | icp ok  iter  5 corr  2730 rms 0.0583   24.92 ms | p=(  712.43  -382.29   4.37) v=9.51 m/s
[lio] t=1317401377.882 | feat 3656/11692 | map  19901 | icp ok  iter  6 corr  2662 rms 0.0624   29.37 ms | p=(  712.55  -383.20   4.37) v=9.18 m/s [KF]
[lio] t=1317401377.986 | feat 3388/11135 | map  20001 | icp ok  iter  5 corr  2511 rms 0.0523   22.67 ms | p=(  712.67  -384.18   4.39) v=9.44 m/s
[lio] t=1317401378.089 | feat 3395/10560 | map  20001 | icp ok  iter  6 corr  2521 rms 0.0575   26.17 ms | p=(  712.77  -385.17   4.38) v=9.57 m/s [KF]
[lio] t=1317401378.193 | feat 3296/10031 | map  20128 | icp ok  iter  6 corr  2450 rms 0.0636   25.04 ms | p=(  712.89  -386.18   4.40) v=9.72 m/s [KF]
[lio] t=1317401378.297 | feat 3164/9567 | map  20215 | icp ok  iter  5 corr  2337 rms 0.0544   19.52 ms | p=(  712.99  -387.17   4.40) v=9.69 m/s
[lio] t=1317401378.401 | feat 3140/9336 | map  20215 | icp ok  iter  4 corr  2243 rms 0.0575   16.04 ms | p=(  713.08  -388.17   4.42) v=9.74 m/s [KF]
[lio] t=1317401378.505 | feat 2967/9379 | map  20261 | icp ok  iter  6 corr  2196 rms 0.0522   23.51 ms | p=(  713.16  -389.17   4.41) v=9.75 m/s [KF]
[lio] t=1317401378.608 | feat 2897/9414 | map  20331 | icp ok  iter  5 corr  2169 rms 0.0499   18.79 ms | p=(  713.23  -390.19   4.41) v=9.85 m/s [KF]
[lio] t=1317401378.712 | feat 2876/9429 | map  20344 | icp ok  iter  4 corr  2178 rms 0.0522   14.24 ms | p=(  713.31  -391.22   4.41) v=9.96 m/s [KF]
[lio] t=1317401378.816 | feat 2889/9344 | map  20292 | icp ok  iter  4 corr  2133 rms 0.0634   14.90 ms | p=(  713.39  -392.27   4.41) v=10.11 m/s [KF]
[lio] t=1317401378.920 | feat 2732/9299 | map  20258 | icp ok  iter  5 corr  2029 rms 0.0512   17.10 ms | p=(  713.45  -393.30   4.40) v=10.06 m/s [KF]
[lio] t=1317401379.023 | feat 2699/9107 | map  20213 | icp ok  iter  4 corr  2019 rms 0.0572   14.61 ms | p=(  713.52  -394.34   4.41) v=10.07 m/s [KF]
[lio] t=1317401379.127 | feat 2752/9045 | map  20142 | icp ok  iter  5 corr  1956 rms 0.0580   17.36 ms | p=(  713.57  -395.40   4.40) v=10.21 m/s [KF]
[lio] t=1317401379.231 | feat 2824/8925 | map  20124 | icp ok  iter  4 corr  2005 rms 0.0570   14.38 ms | p=(  713.65  -396.46   4.40) v=10.19 m/s [KF]
[lio] t=1317401379.335 | feat 2855/8937 | map  20099 | icp ok  iter  5 corr  2018 rms 0.0809   18.15 ms | p=(  713.72  -397.49   4.40) v=10.09 m/s [KF]
[lio] t=1317401379.438 | feat 2824/8877 | map  20019 | icp ok  iter  4 corr  2002 rms 0.0844   14.54 ms | p=(  713.78  -398.53   4.40) v=10.05 m/s [KF]
[lio] t=1317401379.542 | feat 3051/9182 | map  19954 | icp ok  iter  5 corr  2136 rms 0.0606   19.23 ms | p=(  713.84  -399.60   4.40) v=10.18 m/s [KF]
[lio] t=1317401379.646 | feat 3114/9325 | map  19904 | icp ok  iter  4 corr  2189 rms 0.0610   15.40 ms | p=(  713.90  -400.64   4.41) v=10.05 m/s [KF]
[lio] t=1317401379.750 | feat 3353/9463 | map  19909 | icp ok  iter  5 corr  2389 rms 0.0577   20.95 ms | p=(  713.93  -401.68   4.41) v=10.02 m/s [KF]
[lio] t=1317401379.854 | feat 3318/9442 | map  19871 | icp ok  iter  5 corr  2416 rms 0.0551   20.26 ms | p=(  713.99  -402.72   4.42) v=10.01 m/s [KF]
[lio] t=1317401379.957 | feat 3621/9995 | map  19737 | icp ok  iter  5 corr  2600 rms 0.0543   22.47 ms | p=(  714.04  -403.74   4.42) v=9.90 m/s [KF]
[lio] t=1317401380.061 | feat 3838/10412 | map  19604 | icp ok  iter  6 corr  2678 rms 0.0572   27.00 ms | p=(  714.07  -404.77   4.42) v=9.83 m/s [KF]
[lio] t=1317401380.165 | feat 3879/10616 | map  19590 | icp ok  iter  4 corr  2857 rms 0.0649   21.79 ms | p=(  714.11  -405.78   4.44) v=9.67 m/s [KF]
[lio] t=1317401380.269 | feat 4024/11006 | map  19452 | icp ok  iter  5 corr  2948 rms 0.0530   25.71 ms | p=(  714.12  -406.74   4.44) v=9.25 m/s
[lio] t=1317401380.373 | feat 4181/11285 | map  19452 | icp ok  iter  6 corr  3047 rms 0.0548   31.23 ms | p=(  714.13  -407.69   4.46) v=9.02 m/s [KF]
[lio] t=1317401380.477 | feat 4142/11484 | map  19278 | icp ok  iter  5 corr  3104 rms 0.0566   27.66 ms | p=(  714.14  -408.60   4.46) v=8.67 m/s
[lio] t=1317401380.581 | feat 4137/11551 | map  19278 | icp ok  iter  7 corr  3058 rms 0.0504   34.58 ms | p=(  714.12  -409.53   4.46) v=8.63 m/s [KF]
[lio] t=1317401380.685 | feat 4249/11721 | map  18985 | icp ok  iter  7 corr  3201 rms 0.0531   39.81 ms | p=(  714.09  -410.35   4.47) v=7.92 m/s
[lio] t=1317401380.789 | feat 4312/12018 | map  18985 | icp ok  iter  9 corr  3101 rms 0.0774   54.49 ms | p=(  714.04  -411.20   4.49) v=7.88 m/s [KF]
[lio] t=1317401380.893 | feat 4270/11977 | map  18959 | icp ok  iter  6 corr  3060 rms 0.0603   34.53 ms | p=(  713.95  -412.01   4.48) v=7.66 m/s
[lio] t=1317401380.998 | feat 4285/12103 | map  18959 | icp ok  iter  5 corr  3033 rms 0.0558   29.57 ms | p=(  713.86  -412.73   4.50) v=7.01 m/s [KF]
[lio] t=1317401381.102 | feat 4240/12055 | map  19083 | icp ok  iter  4 corr  3035 rms 0.0647   23.82 ms | p=(  713.74  -413.44   4.50) v=6.72 m/s
[lio] t=1317401381.206 | feat 4037/12189 | map  19083 | icp ok  iter  7 corr  2805 rms 0.0840   39.47 ms | p=(  713.62  -414.16   4.53) v=6.66 m/s [KF]
[lio] t=1317401381.311 | feat 4020/12107 | map  19130 | icp ok  iter  5 corr  2841 rms 0.0791   28.42 ms | p=(  713.43  -414.82   4.53) v=6.41 m/s
[lio] t=1317401381.415 | feat 4082/12049 | map  19130 | icp ok  iter  5 corr  2909 rms 0.0649   28.04 ms | p=(  713.24  -415.48   4.55) v=6.41 m/s [KF]
[lio] t=1317401381.519 | feat 4237/12271 | map  19357 | icp ok  iter  5 corr  2986 rms 0.0704   27.55 ms | p=(  713.03  -416.11   4.56) v=6.28 m/s
[lio] t=1317401381.623 | feat 4339/12483 | map  19357 | icp ok  iter  8 corr  2954 rms 0.0620   46.87 ms | p=(  712.85  -416.72   4.56) v=6.13 m/s [KF]
[lio] t=1317401381.728 | feat 4419/12533 | map  19587 | icp ok  iter  5 corr  3066 rms 0.0600   30.40 ms | p=(  712.56  -417.29   4.55) v=6.06 m/s
[lio] t=1317401381.832 | feat 4315/12422 | map  19587 | icp ok  iter  7 corr  2978 rms 0.0598   42.17 ms | p=(  712.32  -417.87   4.56) v=6.00 m/s [KF]
[lio] t=1317401381.936 | feat 4415/12480 | map  19814 | icp ok  iter 10 corr  3044 rms 0.0568   54.86 ms | p=(  711.95  -418.48   4.58) v=6.43 m/s
[lio] t=1317401382.041 | feat 4186/12477 | map  19814 | icp ok  iter  9 corr  2881 rms 0.0561   49.80 ms | p=(  711.65  -418.97   4.60) v=5.82 m/s [KF]
[lio] t=1317401382.145 | feat 4209/12506 | map  19964 | icp ok  iter  7 corr  2894 rms 0.0641   37.79 ms | p=(  711.25  -419.47   4.62) v=5.99 m/s
[lio] t=1317401382.249 | feat 4304/12413 | map  19964 | icp ok  iter  7 corr  2823 rms 0.0777   39.48 ms | p=(  710.84  -419.93   4.65) v=5.90 m/s [KF]
[lio] t=1317401382.353 | feat 4427/12180 | map  20269 | icp ok  iter  5 corr  3017 rms 0.0627   30.09 ms | p=(  710.43  -420.40   4.67) v=5.92 m/s
[lio] t=1317401382.457 | feat 4425/12059 | map  20269 | icp ok  iter  4 corr  2945 rms 0.0625   24.28 ms | p=(  710.00  -420.82   4.70) v=5.82 m/s [KF]
[lio] t=1317401382.561 | feat 4411/12030 | map  20571 | icp ok  iter  5 corr  3046 rms 0.0620   29.74 ms | p=(  709.53  -421.26   4.73) v=6.03 m/s
[lio] t=1317401382.665 | feat 4571/12079 | map  20571 | icp ok  iter  4 corr  3119 rms 0.0599   23.97 ms | p=(  709.06  -421.66   4.75) v=5.96 m/s [KF]
[lio] t=1317401382.769 | feat 4593/12064 | map  20863 | icp ok  iter  5 corr  3202 rms 0.0562   31.12 ms | p=(  708.53  -422.05   4.76) v=6.17 m/s
[lio] t=1317401382.873 | feat 4523/11785 | map  20863 | icp ok  iter  4 corr  3021 rms 0.0576   21.99 ms | p=(  708.00  -422.39   4.78) v=6.17 m/s [KF]
[lio] t=1317401382.977 | feat 4527/11943 | map  21162 | icp ok  iter  4 corr  3167 rms 0.0546   24.65 ms | p=(  707.44  -422.72   4.81) v=6.22 m/s
[lio] t=1317401383.081 | feat 4585/11834 | map  21162 | icp ok  iter  6 corr  3158 rms 0.0609   37.71 ms | p=(  706.86  -423.03   4.83) v=6.31 m/s [KF]
[lio] t=1317401383.185 | feat 4466/11727 | map  21381 | icp ok  iter  5 corr  3044 rms 0.0590   25.99 ms | p=(  706.26  -423.30   4.86) v=6.36 m/s
[lio] t=1317401383.289 | feat 4579/11685 | map  21381 | icp ok  iter  6 corr  3072 rms 0.0597   33.25 ms | p=(  705.62  -423.58   4.88) v=6.55 m/s [KF]
[lio] t=1317401383.393 | feat 4589/11674 | map  21619 | icp ok  iter  4 corr  3160 rms 0.0512   23.59 ms | p=(  704.97  -423.82   4.90) v=6.63 m/s
[lio] t=1317401383.497 | feat 4662/11845 | map  21619 | icp ok  iter  5 corr  3120 rms 0.0603   30.15 ms | p=(  704.33  -424.03   4.94) v=6.58 m/s [KF]
[lio] t=1317401383.601 | feat 4691/11818 | map  21908 | icp ok  iter  5 corr  3238 rms 0.0577   29.41 ms | p=(  703.65  -424.24   4.97) v=6.69 m/s
[lio] t=1317401383.705 | feat 4851/11687 | map  21908 | icp ok  iter  6 corr  3324 rms 0.0582   35.43 ms | p=(  702.99  -424.39   5.01) v=6.57 m/s [KF]
[lio] t=1317401383.808 | feat 4650/11555 | map  22133 | icp ok  iter  4 corr  3119 rms 0.0532   24.22 ms | p=(  702.31  -424.58   5.04) v=6.68 m/s
[lio] t=1317401383.912 | feat 4650/11410 | map  22133 | icp ok  iter  6 corr  3118 rms 0.0544   35.32 ms | p=(  701.64  -424.72   5.08) v=6.60 m/s [KF]
[lio] t=1317401384.016 | feat 4664/11521 | map  22350 | icp ok  iter  4 corr  3194 rms 0.0544   24.82 ms | p=(  700.98  -424.85   5.11) v=6.49 m/s
[lio] t=1317401384.119 | feat 4702/11682 | map  22350 | icp ok  iter  5 corr  3215 rms 0.0515   29.18 ms | p=(  700.31  -424.95   5.14) v=6.45 m/s [KF]
[lio] t=1317401384.223 | feat 4721/11647 | map  22467 | icp ok  iter  5 corr  3291 rms 0.0502   28.18 ms | p=(  699.64  -425.08   5.17) v=6.51 m/s
[lio] t=1317401384.327 | feat 4751/11711 | map  22467 | icp ok  iter  5 corr  3257 rms 0.0623   29.82 ms | p=(  698.99  -425.19   5.19) v=6.37 m/s [KF]
[lio] t=1317401384.430 | feat 4826/11473 | map  22529 | icp ok  iter  4 corr  3268 rms 0.0521   23.36 ms | p=(  698.33  -425.30   5.21) v=6.34 m/s
[lio] t=1317401384.534 | feat 4781/11661 | map  22529 | icp ok  iter  5 corr  3241 rms 0.0532   29.57 ms | p=(  697.69  -425.42   5.24) v=6.28 m/s [KF]
[lio] t=1317401384.638 | feat 4667/11747 | map  22590 | icp ok  iter  4 corr  3249 rms 0.0459   25.67 ms | p=(  697.02  -425.52   5.27) v=6.39 m/s
[lio] t=1317401384.741 | feat 4735/12010 | map  22590 | icp ok  iter  6 corr  3267 rms 0.0500   39.10 ms | p=(  696.36  -425.66   5.30) v=6.42 m/s [KF]
[lio] t=1317401384.845 | feat 4822/12026 | map  22574 | icp ok  iter  6 corr  3357 rms 0.0446   36.85 ms | p=(  695.71  -425.74   5.32) v=6.29 m/s
[lio] t=1317401384.949 | feat 4766/11821 | map  22574 | icp ok  iter  5 corr  3300 rms 0.0554   30.24 ms | p=(  695.05  -425.83   5.36) v=6.34 m/s [KF]
[lio] t=1317401385.053 | feat 4707/11565 | map  22488 | icp ok  iter  4 corr  3300 rms 0.0644   24.64 ms | p=(  694.42  -425.95   5.38) v=6.15 m/s
[lio] t=1317401385.157 | feat 4675/11580 | map  22488 | icp ok  iter  6 corr  3154 rms 0.0503   36.47 ms | p=(  693.76  -426.02   5.42) v=6.25 m/s [KF]
[lio] t=1317401385.260 | feat 4662/11636 | map  22423 | icp ok  iter  4 corr  3264 rms 0.0432   23.67 ms | p=(  693.13  -426.12   5.45) v=6.15 m/s
[lio] t=1317401385.364 | feat 4587/11508 | map  22423 | icp ok  iter  4 corr  3121 rms 0.0484   23.33 ms | p=(  692.49  -426.21   5.47) v=6.16 m/s [KF]
[lio] t=1317401385.468 | feat 4652/11624 | map  22271 | icp ok  iter  5 corr  3213 rms 0.0461   29.14 ms | p=(  691.85  -426.31   5.50) v=6.16 m/s
[lio] t=1317401385.572 | feat 4550/11591 | map  22271 | icp ok  iter  4 corr  3120 rms 0.0433   23.99 ms | p=(  691.21  -426.40   5.53) v=6.14 m/s [KF]
[lio] t=1317401385.676 | feat 4717/11674 | map  22008 | icp ok  iter  5 corr  3237 rms 0.0653   33.09 ms | p=(  690.60  -426.51   5.55) v=6.01 m/s
[lio] t=1317401385.780 | feat 4661/11582 | map  22008 | icp ok  iter  7 corr  3134 rms 0.0498   38.41 ms | p=(  689.95  -426.61   5.57) v=6.14 m/s [KF]
[lio] t=1317401385.884 | feat 4644/11714 | map  21804 | icp ok  iter  5 corr  3209 rms 0.0480   28.39 ms | p=(  689.32  -426.69   5.59) v=6.06 m/s
[lio] t=1317401385.988 | feat 4554/11662 | map  21804 | icp ok  iter  5 corr  3081 rms 0.0486   26.53 ms | p=(  688.71  -426.80   5.63) v=5.99 m/s [KF]
[lio] t=1317401386.092 | feat 4424/11678 | map  21482 | icp ok  iter  5 corr  3031 rms 0.0494   27.13 ms | p=(  688.07  -426.89   5.65) v=6.05 m/s
[lio] t=1317401386.196 | feat 4465/11796 | map  21482 | icp ok  iter  5 corr  3020 rms 0.0483   26.62 ms | p=(  687.45  -426.99   5.67) v=6.00 m/s [KF]
[lio] t=1317401386.300 | feat 4377/11618 | map  21177 | icp ok  iter  4 corr  3090 rms 0.0526   21.39 ms | p=(  686.85  -427.09   5.70) v=5.91 m/s
[lio] t=1317401386.404 | feat 4378/11499 | map  21177 | icp ok  iter  5 corr  3014 rms 0.0531   27.29 ms | p=(  686.22  -427.19   5.72) v=5.97 m/s [KF]
[lio] t=1317401386.508 | feat 4260/11527 | map  21034 | icp ok  iter  4 corr  2983 rms 0.0498   23.01 ms | p=(  685.61  -427.30   5.75) v=5.96 m/s
[lio] t=1317401386.612 | feat 4218/11578 | map  21034 | icp ok  iter  4 corr  2965 rms 0.0529   21.54 ms | p=(  684.98  -427.39   5.78) v=6.01 m/s [KF]
[lio] t=1317401386.716 | feat 4228/11572 | map  20884 | icp ok  iter  4 corr  3047 rms 0.0534   21.76 ms | p=(  684.35  -427.50   5.80) v=6.06 m/s
[lio] t=1317401386.820 | feat 4246/11646 | map  20884 | icp ok  iter  5 corr  3020 rms 0.0489   27.57 ms | p=(  683.73  -427.59   5.83) v=5.99 m/s [KF]
[lio] t=1317401386.924 | feat 4383/11762 | map  20623 | icp ok  iter  4 corr  3153 rms 0.0645   25.19 ms | p=(  683.11  -427.69   5.85) v=6.05 m/s
[lio] t=1317401387.028 | feat 4299/11737 | map  20623 | icp ok  iter  7 corr  3038 rms 0.0608   37.64 ms | p=(  682.47  -427.80   5.88) v=6.17 m/s [KF]
[lio] t=1317401387.132 | feat 4341/11732 | map  20456 | icp ok  iter  5 corr  3100 rms 0.0563   27.20 ms | p=(  681.85  -427.90   5.91) v=6.04 m/s
[lio] t=1317401387.236 | feat 4190/11536 | map  20456 | icp ok  iter  5 corr  3033 rms 0.0541   29.59 ms | p=(  681.21  -428.01   5.93) v=6.16 m/s [KF]
[lio] t=1317401387.340 | feat 4271/11418 | map  20425 | icp ok  iter  4 corr  3093 rms 0.0511   23.08 ms | p=(  680.57  -428.12   5.96) v=6.21 m/s
[lio] t=1317401387.444 | feat 4192/11491 | map  20425 | icp ok  iter  5 corr  2978 rms 0.0601   26.43 ms | p=(  679.95  -428.23   6.00) v=6.08 m/s [KF]
[lio] t=1317401387.547 | feat 4200/11518 | map  20512 | icp ok  iter  5 corr  3090 rms 0.0461   25.76 ms | p=(  679.32  -428.35   6.03) v=6.11 m/s
[lio] t=1317401387.651 | feat 4235/11695 | map  20512 | icp ok  iter  5 corr  3061 rms 0.0480   26.43 ms | p=(  678.68  -428.47   6.05) v=6.23 m/s [KF]
[lio] t=1317401387.755 | feat 4284/11789 | map  20589 | icp ok  iter  4 corr  3137 rms 0.0621   23.25 ms | p=(  678.04  -428.59   6.07) v=6.19 m/s
[lio] t=1317401387.859 | feat 4230/11579 | map  20589 | icp ok  iter  4 corr  3081 rms 0.0587   22.38 ms | p=(  677.42  -428.72   6.09) v=6.15 m/s [KF]
[lio] t=1317401387.963 | feat 4219/11724 | map  20585 | icp ok  iter  5 corr  3106 rms 0.0583   27.99 ms | p=(  676.77  -428.85   6.12) v=6.26 m/s
[lio] t=1317401388.067 | feat 4336/11737 | map  20585 | icp ok  iter  4 corr  3066 rms 0.0602   20.91 ms | p=(  676.13  -428.97   6.15) v=6.26 m/s [KF]
[lio] t=1317401388.171 | feat 4383/11925 | map  20624 | icp ok  iter  4 corr  3256 rms 0.0464   21.46 ms | p=(  675.49  -429.11   6.18) v=6.29 m/s
[lio] t=1317401388.275 | feat 4256/11957 | map  20624 | icp ok  iter  4 corr  3127 rms 0.0499   23.18 ms | p=(  674.84  -429.25   6.20) v=6.32 m/s [KF]
[lio] t=1317401388.379 | feat 4315/11850 | map  20587 | icp ok  iter  4 corr  3211 rms 0.0478   22.26 ms | p=(  674.20  -429.39   6.23) v=6.32 m/s
[lio] t=1317401388.483 | feat 4305/11907 | map  20587 | icp ok  iter  4 corr  3266 rms 0.0543   22.66 ms | p=(  673.55  -429.53   6.25) v=6.40 m/s [KF]
[lio] t=1317401388.587 | feat 4217/11944 | map  20569 | icp ok  iter  5 corr  3230 rms 0.0436   28.02 ms | p=(  672.90  -429.68   6.29) v=6.36 m/s
[lio] t=1317401388.691 | feat 4076/11761 | map  20569 | icp ok  iter  7 corr  3127 rms 0.0502   36.15 ms | p=(  672.24  -429.83   6.32) v=6.51 m/s [KF]
[lio] t=1317401388.795 | feat 4000/11748 | map  20462 | icp ok  iter  5 corr  3031 rms 0.0414   25.93 ms | p=(  671.57  -429.98   6.34) v=6.58 m/s
[lio] t=1317401388.899 | feat 4092/11826 | map  20462 | icp ok  iter  4 corr  3026 rms 0.0624   23.27 ms | p=(  670.89  -430.12   6.37) v=6.65 m/s [KF]
[lio] t=1317401389.003 | feat 3978/11699 | map  20449 | icp ok  iter  5 corr  2894 rms 0.0566   26.34 ms | p=(  670.20  -430.26   6.40) v=6.77 m/s
[lio] t=1317401389.107 | feat 4005/11701 | map  20449 | icp ok  iter  5 corr  2945 rms 0.0611   25.99 ms | p=(  669.49  -430.40   6.43) v=6.91 m/s [KF]
[lio] t=1317401389.211 | feat 4057/11846 | map  20441 | icp ok  iter  3 corr  3016 rms 0.0486   16.44 ms | p=(  668.77  -430.54   6.47) v=7.06 m/s
[lio] t=1317401389.315 | feat 3870/11624 | map  20441 | icp ok  iter  4 corr  2804 rms 0.0503   19.12 ms | p=(  668.03  -430.68   6.49) v=7.21 m/s [KF]
[lio] t=1317401389.419 | feat 3837/11698 | map  20354 | icp ok  iter  4 corr  2793 rms 0.0559   18.24 ms | p=(  667.28  -430.80   6.52) v=7.34 m/s
[lio] t=1317401389.523 | feat 3704/11730 | map  20354 | icp ok  iter  4 corr  2654 rms 0.0605   18.85 ms | p=(  666.52  -430.94   6.55) v=7.45 m/s [KF]
[lio] t=1317401389.627 | feat 3865/11725 | map  20306 | icp ok  iter  4 corr  2826 rms 0.0801   19.82 ms | p=(  665.75  -431.05   6.60) v=7.57 m/s
[lio] t=1317401389.731 | feat 3782/11695 | map  20306 | icp ok  iter  4 corr  2744 rms 0.0555   21.07 ms | p=(  664.96  -431.17   6.63) v=7.68 m/s [KF]
[lio] t=1317401389.835 | feat 3814/11686 | map  20265 | icp ok  iter  4 corr  2899 rms 0.0450   22.37 ms | p=(  664.15  -431.28   6.67) v=7.87 m/s
[lio] t=1317401389.939 | feat 3582/11452 | map  20265 | icp ok  iter  4 corr  2597 rms 0.0547   17.46 ms | p=(  663.34  -431.39   6.70) v=7.93 m/s [KF]
[lio] t=1317401390.043 | feat 3600/11455 | map  20221 | icp ok  iter  3 corr  2695 rms 0.0572   14.44 ms | p=(  662.52  -431.50   6.74) v=8.02 m/s
[lio] t=1317401390.147 | feat 3570/11344 | map  20221 | icp ok  iter  5 corr  2595 rms 0.0653   21.55 ms | p=(  661.67  -431.60   6.78) v=8.19 m/s [KF]
[lio] t=1317401390.251 | feat 3414/11188 | map  20199 | icp ok  iter  5 corr  2600 rms 0.0619   21.96 ms | p=(  660.83  -431.70   6.81) v=8.14 m/s
[lio] t=1317401390.355 | feat 3229/11008 | map  20199 | icp ok  iter  5 corr  2319 rms 0.0524   21.16 ms | p=(  659.96  -431.80   6.85) v=8.29 m/s [KF]
[lio] t=1317401390.459 | feat 3069/10813 | map  20180 | icp ok  iter  4 corr  2281 rms 0.0730   17.58 ms | p=(  659.11  -431.89   6.89) v=8.26 m/s
[lio] t=1317401390.563 | feat 3049/10572 | map  20180 | icp ok  iter  6 corr  2120 rms 0.0492   22.92 ms | p=(  658.23  -431.96   6.93) v=8.39 m/s [KF]
[lio] t=1317401390.667 | feat 3002/10457 | map  20111 | icp ok  iter  5 corr  2113 rms 0.0543   17.81 ms | p=(  657.37  -432.03   6.96) v=8.29 m/s
[lio] t=1317401390.771 | feat 3033/10505 | map  20111 | icp ok  iter  7 corr  2045 rms 0.0661   26.82 ms | p=(  656.49  -432.09   7.01) v=8.42 m/s [KF]
[lio] t=1317401390.875 | feat 3228/10848 | map  20076 | icp ok  iter  4 corr  2284 rms 0.0544   16.31 ms | p=(  655.64  -432.13   7.04) v=8.21 m/s
[lio] t=1317401390.979 | feat 3076/10966 | map  20076 | icp ok  iter  5 corr  2061 rms 0.0613   18.27 ms | p=(  654.81  -432.17   7.07) v=8.09 m/s [KF]
[lio] t=1317401391.083 | feat 3143/11052 | map  20028 | icp ok  iter  6 corr  2036 rms 0.0650   23.31 ms | p=(  653.97  -432.21   7.10) v=8.06 m/s
[lio] t=1317401391.187 | feat 3240/11496 | map  20028 | icp ok  iter  8 corr  2025 rms 0.0833   32.31 ms | p=(  653.08  -432.25   7.13) v=8.29 m/s [KF]
[lio] t=1317401391.292 | feat 3489/11854 | map  20184 | icp ok  iter  9 corr  2330 rms 0.0759   38.39 ms | p=(  652.23  -432.26   7.14) v=8.22 m/s
[lio] t=1317401391.396 | feat 3648/12450 | map  20184 | icp ok  iter  6 corr  2299 rms 0.0779   26.31 ms | p=(  651.35  -432.23   7.18) v=8.30 m/s [KF]
[lio] t=1317401391.500 | feat 3683/12697 | map  20256 | icp ok  iter  7 corr  2385 rms 0.0640   29.54 ms | p=(  650.49  -432.19   7.22) v=8.26 m/s
[lio] t=1317401391.604 | feat 3666/12765 | map  20256 | icp ok  iter  7 corr  2322 rms 0.0690   31.83 ms | p=(  649.62  -432.14   7.27) v=8.33 m/s [KF]
[lio] t=1317401391.708 | feat 3665/12791 | map  20387 | icp ok  iter  7 corr  2370 rms 0.0618   30.63 ms | p=(  648.75  -432.05   7.32) v=8.35 m/s
[lio] t=1317401391.812 | feat 3777/12999 | map  20387 | icp ok  iter  9 corr  2450 rms 0.0689   43.60 ms | p=(  647.79  -431.98   7.38) v=8.89 m/s [KF]
[lio] t=1317401391.916 | feat 3954/13131 | map  20561 | icp ok  iter  7 corr  2538 rms 0.0610   35.76 ms | p=(  646.85  -431.89   7.43) v=8.92 m/s
[lio] t=1317401392.020 | feat 3970/12964 | map  20561 | icp ok  iter  8 corr  2559 rms 0.0624   39.49 ms | p=(  645.92  -431.75   7.48) v=8.98 m/s [KF]
[lio] t=1317401392.124 | feat 4024/12862 | map  20659 | icp ok  iter 12 corr  2594 rms 0.0577   59.82 ms | p=(  645.10  -431.60   7.53) v=8.39 m/s
[lio] t=1317401392.228 | feat 4006/12784 | map  20659 | icp ok  iter  5 corr  2617 rms 0.0623   25.67 ms | p=(  644.20  -431.41   7.57) v=8.61 m/s [KF]
[lio] t=1317401392.332 | feat 4008/12824 | map  20822 | icp ok  iter 10 corr  2676 rms 0.0647   49.37 ms | p=(  643.40  -431.20   7.61) v=8.16 m/s
[lio] t=1317401392.436 | feat 4089/12872 | map  20822 | icp ok  iter  7 corr  2736 rms 0.0609   37.36 ms | p=(  642.57  -430.97   7.65) v=8.22 m/s [KF]
[lio] t=1317401392.540 | feat 4085/13070 | map  21051 | icp ok  iter  7 corr  2786 rms 0.0624   37.47 ms | p=(  641.69  -430.71   7.71) v=8.57 m/s
[lio] t=1317401392.644 | feat 4053/12971 | map  21051 | icp ok  iter  9 corr  2742 rms 0.0692   45.64 ms | p=(  640.80  -430.47   7.74) v=8.74 m/s [KF]
[lio] t=1317401392.748 | feat 3996/12813 | map  21268 | icp ok  iter  8 corr  2678 rms 0.0625   41.52 ms | p=(  640.06  -430.19   7.77) v=8.04 m/s
[lio] t=1317401392.852 | feat 3893/12794 | map  21268 | icp ok  iter 11 corr  2612 rms 0.0807   53.30 ms | p=(  639.16  -429.89   7.81) v=8.60 m/s [KF]
[lio] t=1317401392.956 | feat 4008/13027 | map  21311 | icp ok  iter  7 corr  2770 rms 0.0527   36.55 ms | p=(  638.46  -429.59   7.83) v=7.80 m/s
[lio] t=1317401393.059 | feat 3997/13097 | map  21311 | icp ok  iter  7 corr  2791 rms 0.0566   37.95 ms | p=(  637.75  -429.29   7.85) v=7.57 m/s [KF]
[lio] t=1317401393.163 | feat 3809/13022 | map  21298 | icp ok  iter  9 corr  2668 rms 0.0530   43.53 ms | p=(  636.86  -428.97   7.87) v=8.44 m/s
[lio] t=1317401393.267 | feat 3745/12851 | map  21298 | icp ok  iter  8 corr  2588 rms 0.0530   36.77 ms | p=(  636.12  -428.67   7.90) v=7.94 m/s [KF]
[lio] t=1317401393.371 | feat 3783/12847 | map  21155 | icp ok  iter  6 corr  2705 rms 0.0532   29.24 ms | p=(  635.34  -428.34   7.93) v=8.06 m/s
[lio] t=1317401393.474 | feat 3820/13017 | map  21155 | icp ok  iter  6 corr  2630 rms 0.0560   28.35 ms | p=(  634.57  -428.01   7.95) v=8.03 m/s [KF]
[lio] t=1317401393.578 | feat 3868/13082 | map  21125 | icp ok  iter  6 corr  2663 rms 0.0544   31.12 ms | p=(  633.86  -427.68   7.97) v=7.68 m/s
[lio] t=1317401393.682 | feat 3888/12965 | map  21125 | icp ok  iter  6 corr  2651 rms 0.0615   30.94 ms | p=(  633.08  -427.33   8.00) v=7.97 m/s [KF]
[lio] t=1317401393.786 | feat 3942/12889 | map  21172 | icp ok  iter  7 corr  2661 rms 0.0570   33.27 ms | p=(  632.31  -426.98   8.02) v=7.98 m/s
[lio] t=1317401393.889 | feat 3931/12822 | map  21172 | icp ok  iter  3 corr  2622 rms 0.0595   15.84 ms | p=(  631.55  -426.62   8.05) v=8.07 m/s [KF]
[lio] t=1317401393.993 | feat 3925/12859 | map  21151 | icp ok  iter  6 corr  2704 rms 0.0627   29.64 ms | p=(  630.81  -426.27   8.08) v=7.90 m/s
[lio] t=1317401394.097 | feat 4004/12824 | map  21151 | icp ok  iter  6 corr  2630 rms 0.0741   29.59 ms | p=(  630.02  -425.90   8.13) v=8.18 m/s [KF]
[lio] t=1317401394.201 | feat 3935/12656 | map  21230 | icp ok  iter  6 corr  2721 rms 0.0476   27.64 ms | p=(  629.30  -425.53   8.17) v=7.98 m/s
[lio] t=1317401394.305 | feat 3873/12615 | map  21230 | icp ok  iter  6 corr  2618 rms 0.0681   31.00 ms | p=(  628.59  -425.14   8.19) v=7.81 m/s [KF]
[lio] t=1317401394.408 | feat 3728/12448 | map  21249 | icp ok  iter  3 corr  2573 rms 0.0495   15.72 ms | p=(  627.83  -424.75   8.23) v=8.06 m/s
[lio] t=1317401394.512 | feat 3630/12502 | map  21249 | icp ok  iter  3 corr  2398 rms 0.0548   12.29 ms | p=(  627.08  -424.35   8.28) v=8.12 m/s [KF]
[lio] t=1317401394.616 | feat 3541/12400 | map  21032 | icp ok  iter  5 corr  2384 rms 0.0596   21.61 ms | p=(  626.32  -423.98   8.32) v=8.16 m/s
[lio] t=1317401394.720 | feat 3417/12220 | map  21032 | icp ok  iter  6 corr  2185 rms 0.0783   24.68 ms | p=(  625.61  -423.59   8.34) v=7.95 m/s [KF]
[lio] t=1317401394.823 | feat 3354/12132 | map  20941 | icp ok  iter  5 corr  2199 rms 0.0547   20.77 ms | p=(  624.84  -423.19   8.36) v=8.19 m/s
[lio] t=1317401394.927 | feat 3275/12019 | map  20941 | icp ok  iter  5 corr  2143 rms 0.0755   21.32 ms | p=(  624.10  -422.83   8.38) v=8.04 m/s [KF]
[lio] t=1317401395.031 | feat 2947/11500 | map  20838 | icp ok  iter  5 corr  2056 rms 0.0546   18.00 ms | p=(  623.35  -422.42   8.42) v=8.17 m/s
[lio] t=1317401395.135 | feat 2705/11210 | map  20838 | icp ok  iter  5 corr  1867 rms 0.0587   17.50 ms | p=(  622.59  -422.04   8.46) v=8.15 m/s [KF]
[lio] t=1317401395.238 | feat 2411/10972 | map  20639 | icp ok  iter 11 corr  1673 rms 0.0706   34.93 ms | p=(  621.82  -421.72   8.49) v=8.03 m/s
[lio] t=1317401395.342 | feat 2383/10976 | map  20639 | icp ok  iter  5 corr  1629 rms 0.0710   15.73 ms | p=(  621.06  -421.36   8.53) v=8.01 m/s [KF]
[lio] t=1317401395.446 | feat 2279/10785 | map  20245 | icp ok  iter  8 corr  1577 rms 0.0682   22.12 ms | p=(  620.31  -420.93   8.55) v=8.20 m/s
[lio] t=1317401395.550 | feat 2392/10661 | map  20245 | icp ok  iter  6 corr  1646 rms 0.0654   18.35 ms | p=(  619.53  -420.63   8.57) v=8.07 m/s [KF]
[lio] t=1317401395.654 | feat 2284/10601 | map  19899 | icp ok  iter  5 corr  1545 rms 0.0467   14.55 ms | p=(  618.78  -420.28   8.58) v=7.93 m/s
[lio] t=1317401395.757 | feat 2185/10380 | map  19899 | icp ok  iter  7 corr  1498 rms 0.0551   20.15 ms | p=(  618.02  -419.89   8.60) v=8.09 m/s [KF]
[lio] t=1317401395.861 | feat 2062/10145 | map  19415 | icp ok  iter  7 corr  1498 rms 0.0639   18.19 ms | p=(  617.25  -419.61   8.63) v=7.93 m/s
[lio] t=1317401395.965 | feat 1970/9772 | map  19415 | icp ok  iter  5 corr  1409 rms 0.0645   13.24 ms | p=(  616.47  -419.24   8.66) v=8.13 m/s [KF]
[lio] t=1317401396.069 | feat 1871/9651 | map  18831 | icp ok  iter  5 corr  1383 rms 0.0538   11.86 ms | p=(  615.70  -418.92   8.70) v=8.04 m/s
[lio] t=1317401396.173 | feat 1915/9774 | map  18831 | icp ok  iter  6 corr  1410 rms 0.0696   14.76 ms | p=(  614.96  -418.63   8.72) v=7.77 m/s [KF]
[lio] t=1317401396.277 | feat 1834/9678 | map  18386 | icp ok  iter  5 corr  1345 rms 0.0597   12.55 ms | p=(  614.16  -418.29   8.74) v=8.05 m/s
[lio] t=1317401396.381 | feat 1815/9591 | map  18386 | icp ok  iter  5 corr  1311 rms 0.0711   11.70 ms | p=(  613.41  -417.97   8.75) v=7.89 m/s [KF]
[lio] t=1317401396.485 | feat 1797/9649 | map  18009 | icp ok  iter  4 corr  1346 rms 0.0545   10.68 ms | p=(  612.63  -417.66   8.78) v=7.98 m/s
[lio] t=1317401396.589 | feat 1743/9622 | map  18009 | icp ok  iter  5 corr  1278 rms 0.0597   11.94 ms | p=(  611.89  -417.34   8.81) v=7.78 m/s [KF]
[lio] t=1317401396.693 | feat 1722/9431 | map  17671 | icp ok  iter  5 corr  1267 rms 0.0556   11.32 ms | p=(  611.12  -417.05   8.83) v=7.82 m/s
[lio] t=1317401396.797 | feat 1723/9283 | map  17671 | icp ok  iter  4 corr  1236 rms 0.0656    9.24 ms | p=(  610.36  -416.77   8.85) v=7.77 m/s [KF]
[lio] t=1317401396.901 | feat 1662/9133 | map  17404 | icp ok  iter  5 corr  1268 rms 0.0554   10.83 ms | p=(  609.59  -416.44   8.87) v=7.95 m/s
[lio] t=1317401397.005 | feat 1606/9206 | map  17404 | icp ok  iter  7 corr  1156 rms 0.0654   15.46 ms | p=(  608.84  -416.16   8.90) v=7.80 m/s [KF]
[lio] t=1317401397.108 | feat 1582/9280 | map  17124 | icp ok  iter  6 corr  1127 rms 0.0603   12.33 ms | p=(  608.08  -415.84   8.94) v=7.87 m/s
[lio] t=1317401397.212 | feat 1590/9401 | map  17124 | icp ok  iter  6 corr  1135 rms 0.0627   12.32 ms | p=(  607.33  -415.53   8.97) v=7.82 m/s [KF]
[lio] t=1317401397.316 | feat 1707/9231 | map  16872 | icp ok  iter  5 corr  1297 rms 0.0523   11.32 ms | p=(  606.54  -415.22   9.00) v=8.01 m/s
[lio] t=1317401397.420 | feat 1703/9101 | map  16872 | icp ok  iter  4 corr  1236 rms 0.0569    8.71 ms | p=(  605.77  -414.93   9.03) v=7.92 m/s [KF]
[lio] t=1317401397.524 | feat 1595/9000 | map  16655 | icp ok  iter  4 corr  1162 rms 0.0656    8.13 ms | p=(  605.03  -414.62   9.06) v=7.81 m/s
[lio] t=1317401397.628 | feat 1509/8903 | map  16655 | icp ok  iter  5 corr  1075 rms 0.0636    9.88 ms | p=(  604.23  -414.32   9.09) v=8.02 m/s [KF]
[lio] t=1317401397.732 | feat 1530/8898 | map  16249 | icp ok  iter  3 corr  1114 rms 0.0762    6.11 ms | p=(  603.46  -414.02   9.13) v=7.97 m/s
[lio] t=1317401397.836 | feat 1576/8886 | map  16249 | icp ok  iter  6 corr  1181 rms 0.0683   12.70 ms | p=(  602.69  -413.75   9.16) v=7.90 m/s [KF]
[lio] t=1317401397.940 | feat 1523/8961 | map  15930 | icp ok  iter  8 corr  1143 rms 0.1089   15.98 ms | p=(  601.91  -413.44   9.19) v=8.02 m/s
[lio] t=1317401398.043 | feat 1502/8903 | map  15930 | icp ok  iter  4 corr  1057 rms 0.0801    7.44 ms | p=(  601.12  -413.15   9.22) v=8.02 m/s [KF]
[lio] t=1317401398.147 | feat 1537/8923 | map  15597 | icp ok  iter  6 corr  1178 rms 0.0702   11.89 ms | p=(  600.34  -412.88   9.26) v=7.99 m/s
[lio] t=1317401398.251 | feat 1526/8820 | map  15597 | icp ok  iter  5 corr  1080 rms 0.0715   10.11 ms | p=(  599.53  -412.59   9.30) v=8.12 m/s [KF]
[lio] t=1317401398.355 | feat 1335/8657 | map  15329 | icp ok  iter  4 corr  1066 rms 0.0611    7.86 ms | p=(  598.73  -412.32   9.34) v=8.11 m/s
[lio] t=1317401398.459 | feat 1295/8604 | map  15329 | icp ok  iter  5 corr   937 rms 0.0707    8.52 ms | p=(  597.94  -412.03   9.37) v=8.09 m/s [KF]
[lio] t=1317401398.563 | feat 1239/8569 | map  14903 | icp ok  iter  5 corr  1001 rms 0.0658    8.55 ms | p=(  597.14  -411.77   9.40) v=8.08 m/s
[lio] t=1317401398.667 | feat 1377/8457 | map  14903 | icp ok  iter  4 corr  1053 rms 0.0693    7.60 ms | p=(  596.35  -411.47   9.43) v=8.13 m/s [KF]
[lio] t=1317401398.771 | feat 1386/8432 | map  14480 | icp ok  iter  4 corr  1077 rms 0.0780    7.87 ms | p=(  595.56  -411.19   9.46) v=8.08 m/s
[lio] t=1317401398.875 | feat 1329/8294 | map  14480 | icp ok  iter  4 corr  1020 rms 0.0598    7.05 ms | p=(  594.74  -410.92   9.50) v=8.23 m/s [KF]
[lio] t=1317401398.979 | feat 1324/8191 | map  13939 | icp ok  iter  4 corr  1111 rms 0.0601    7.12 ms | p=(  593.96  -410.63   9.53) v=8.07 m/s
[lio] t=1317401399.083 | feat 1292/8043 | map  13939 | icp ok  iter  3 corr  1024 rms 0.0882    5.27 ms | p=(  593.15  -410.34   9.55) v=8.14 m/s [KF]
[lio] t=1317401399.187 | feat 1245/7926 | map  13309 | icp ok  iter  5 corr  1014 rms 0.0757    8.21 ms | p=(  592.34  -410.06   9.57) v=8.21 m/s
[lio] t=1317401399.291 | feat 1212/7792 | map  13309 | icp ok  iter  4 corr   986 rms 0.0709    7.75 ms | p=(  591.56  -409.78   9.60) v=8.02 m/s [KF]
[lio] t=1317401399.395 | feat 1284/7754 | map  12678 | icp ok  iter  5 corr  1033 rms 0.0764    8.77 ms | p=(  590.75  -409.50   9.62) v=8.11 m/s
[lio] t=1317401399.499 | feat 1263/7691 | map  12678 | icp ok  iter  4 corr  1008 rms 0.0648    7.42 ms | p=(  589.98  -409.21   9.64) v=8.00 m/s [KF]
[lio] t=1317401399.603 | feat 1301/7629 | map  12118 | icp ok  iter  4 corr  1092 rms 0.0648    7.80 ms | p=(  589.15  -408.92   9.68) v=8.18 m/s
[lio] t=1317401399.707 | feat 1326/7721 | map  12118 | icp ok  iter  4 corr  1056 rms 0.0661    6.89 ms | p=(  588.38  -408.64   9.71) v=7.96 m/s [KF]
[lio] t=1317401399.811 | feat 1242/7690 | map  11595 | icp ok  iter  5 corr  1004 rms 0.0675    8.23 ms | p=(  587.57  -408.36   9.74) v=8.14 m/s
[lio] t=1317401399.915 | feat 1331/7613 | map  11595 | icp ok  iter  4 corr  1084 rms 0.0859    7.84 ms | p=(  586.80  -408.08   9.76) v=7.92 m/s [KF]
[lio] t=1317401400.019 | feat 1442/7731 | map  11129 | icp ok  iter  4 corr  1212 rms 0.0617    8.39 ms | p=(  586.02  -407.77   9.79) v=7.95 m/s
[lio] t=1317401400.123 | feat 1302/7578 | map  11129 | icp ok  iter  3 corr  1070 rms 0.0601    5.69 ms | p=(  585.26  -407.47   9.82) v=7.89 m/s [KF]
[lio] t=1317401400.227 | feat 1331/7516 | map  10555 | icp ok  iter  4 corr  1106 rms 0.0770    7.94 ms | p=(  584.46  -407.19   9.85) v=8.01 m/s
[lio] t=1317401400.331 | feat 1205/7355 | map  10555 | icp ok  iter  4 corr  1014 rms 0.0653    6.27 ms | p=(  583.71  -406.87   9.88) v=7.84 m/s [KF]
[lio] t=1317401400.435 | feat 1125/7275 | map  10068 | icp ok  iter  3 corr   918 rms 0.0657    5.28 ms | p=(  582.96  -406.57   9.90) v=7.78 m/s
[lio] t=1317401400.539 | feat 1066/7220 | map  10068 | icp ok  iter  4 corr   876 rms 0.0532    6.29 ms | p=(  582.19  -406.24   9.93) v=7.87 m/s [KF]
[lio] t=1317401400.643 | feat 1162/7258 | map   9763 | icp ok  iter  6 corr   923 rms 0.0666    9.24 ms | p=(  581.42  -405.95   9.96) v=7.88 m/s
[lio] t=1317401400.747 | feat 1195/7309 | map   9763 | icp ok  iter  5 corr   903 rms 0.0799    8.17 ms | p=(  580.67  -405.62   9.98) v=7.84 m/s [KF]
[lio] t=1317401400.851 | feat 1203/7262 | map   9621 | icp ok  iter  4 corr   936 rms 0.0700    7.01 ms | p=(  579.96  -405.31  10.01) v=7.58 m/s
[lio] t=1317401400.954 | feat 1206/7109 | map   9621 | icp ok  iter  4 corr   911 rms 0.0727    6.19 ms | p=(  579.20  -405.00  10.04) v=7.69 m/s [KF]
[lio] t=1317401401.058 | feat 1166/6880 | map   9500 | icp ok  iter  4 corr   901 rms 0.0796    6.20 ms | p=(  578.46  -404.68  10.06) v=7.71 m/s
[lio] t=1317401401.162 | feat 1073/6840 | map   9500 | icp ok  iter  4 corr   806 rms 0.0938    5.30 ms | p=(  577.74  -404.37  10.08) v=7.54 m/s [KF]
[lio] t=1317401401.266 | feat 1082/6790 | map   9395 | icp ok  iter  5 corr   769 rms 0.0895    7.03 ms | p=(  577.03  -404.06  10.11) v=7.49 m/s
[lio] t=1317401401.370 | feat 1044/6692 | map   9395 | icp ok  iter  4 corr   759 rms 0.0716    5.49 ms | p=(  576.30  -403.75  10.12) v=7.57 m/s [KF]
[lio] t=1317401401.474 | feat 1052/6627 | map   9244 | icp ok  iter  4 corr   764 rms 0.0601    5.20 ms | p=(  575.58  -403.45  10.14) v=7.51 m/s
[lio] t=1317401401.578 | feat 1082/6621 | map   9244 | icp ok  iter  4 corr   738 rms 0.0641    5.34 ms | p=(  574.83  -403.14  10.17) v=7.66 m/s [KF]
[lio] t=1317401401.682 | feat 1038/6657 | map   9172 | icp ok  iter  5 corr   733 rms 0.0556    6.79 ms | p=(  574.10  -402.84  10.19) v=7.64 m/s
[lio] t=1317401401.786 | feat 1037/6554 | map   9172 | icp ok  iter  5 corr   730 rms 0.0785    6.41 ms | p=(  573.34  -402.50  10.22) v=7.84 m/s [KF]
[lio] t=1317401401.890 | feat  954/6410 | map   9021 | icp ok  iter  9 corr   633 rms 0.0913   10.37 ms | p=(  572.66  -402.20  10.24) v=7.44 m/s
[lio] t=1317401401.994 | feat 1001/6315 | map   9021 | icp ok  iter  5 corr   647 rms 0.0762    6.51 ms | p=(  571.86  -401.83  10.27) v=8.06 m/s [KF]
[lio] t=1317401402.098 | feat  996/6332 | map   8886 | icp ok  iter  6 corr   665 rms 0.0447    7.21 ms | p=(  571.11  -401.48  10.29) v=8.01 m/s
[lio] t=1317401402.202 | feat  952/6285 | map   8886 | icp ok  iter  5 corr   634 rms 0.0703    5.75 ms | p=(  570.35  -401.19  10.31) v=7.92 m/s [KF]
[lio] t=1317401402.306 | feat  997/6256 | map   8761 | icp ok  iter  5 corr   669 rms 0.0647    6.06 ms | p=(  569.62  -400.88  10.34) v=7.74 m/s
[lio] t=1317401402.410 | feat 1037/6392 | map   8761 | icp ok  iter  5 corr   697 rms 0.0976    6.20 ms | p=(  568.90  -400.58  10.37) v=7.60 m/s [KF]
[lio] t=1317401402.514 | feat 1035/6333 | map   8638 | icp ok  iter  7 corr   692 rms 0.0583    9.19 ms | p=(  568.08  -400.18  10.39) v=8.37 m/s
[lio] t=1317401402.618 | feat 1056/6415 | map   8638 | icp ok  iter 12 corr   723 rms 0.0907   16.92 ms | p=(  567.36  -399.88  10.42) v=7.86 m/s [KF]
[lio] t=1317401402.722 | feat 1104/6499 | map   8444 | icp ok  iter  7 corr   728 rms 0.0702    9.24 ms | p=(  566.54  -399.53  10.44) v=8.32 m/s
[lio] t=1317401402.826 | feat 1165/6732 | map   8444 | icp ok  iter  7 corr   743 rms 0.0670    8.92 ms | p=(  565.73  -399.17  10.47) v=8.51 m/s [KF]
[lio] t=1317401402.930 | feat 1160/6804 | map   8348 | icp ok  iter  3 corr   834 rms 0.0754    4.68 ms | p=(  564.93  -398.79  10.49) v=8.57 m/s
[lio] t=1317401403.034 | feat 1179/6839 | map   8348 | icp ok  iter  5 corr   811 rms 0.0895    7.31 ms | p=(  564.12  -398.43  10.52) v=8.60 m/s [KF]
[lio] t=1317401403.138 | feat 1189/6809 | map   8185 | icp ok  iter  5 corr   853 rms 0.0641    6.94 ms | p=(  563.32  -398.08  10.55) v=8.53 m/s
[lio] t=1317401403.242 | feat 1209/6878 | map   8185 | icp ok  iter  3 corr   834 rms 0.0787    4.55 ms | p=(  562.50  -397.72  10.58) v=8.57 m/s [KF]
[lio] t=1317401403.346 | feat 1256/6977 | map   8105 | icp ok  iter  4 corr   936 rms 0.0734    6.84 ms | p=(  561.67  -397.34  10.60) v=8.72 m/s
[lio] t=1317401403.449 | feat 1342/7077 | map   8105 | icp ok  iter  4 corr  1030 rms 0.0744    6.85 ms | p=(  560.83  -396.96  10.62) v=8.84 m/s [KF]
[lio] t=1317401403.553 | feat 1301/7145 | map   7999 | icp ok  iter  5 corr  1026 rms 0.0511    7.96 ms | p=(  560.01  -396.59  10.65) v=8.72 m/s
[lio] t=1317401403.657 | feat 1301/7055 | map   7999 | icp ok  iter  5 corr   999 rms 0.0513    7.59 ms | p=(  559.16  -396.20  10.68) v=8.90 m/s [KF]
[lio] t=1317401403.761 | feat 1414/7204 | map   7934 | icp ok  iter  6 corr  1081 rms 0.0810   11.68 ms | p=(  558.33  -395.83  10.71) v=8.85 m/s
[lio] t=1317401403.865 | feat 1350/7218 | map   7934 | icp ok  iter  4 corr  1005 rms 0.0925    6.70 ms | p=(  557.48  -395.45  10.73) v=8.88 m/s [KF]
[lio] t=1317401403.969 | feat 1286/7219 | map   7832 | icp ok  iter  6 corr  1028 rms 0.0778   10.77 ms | p=(  556.62  -395.08  10.76) v=8.99 m/s
[lio] t=1317401404.073 | feat 1204/7293 | map   7832 | icp ok  iter  5 corr   939 rms 0.0719    8.18 ms | p=(  555.77  -394.71  10.78) v=8.97 m/s [KF]
[lio] t=1317401404.177 | feat 1212/7274 | map   7701 | icp ok  iter  7 corr   994 rms 0.0667   10.73 ms | p=(  554.89  -394.34  10.80) v=9.16 m/s
[lio] t=1317401404.281 | feat 1250/7229 | map   7701 | icp ok  iter  7 corr  1032 rms 0.0828   11.31 ms | p=(  554.06  -393.98  10.83) v=8.87 m/s [KF]
[lio] t=1317401404.384 | feat 1256/7342 | map   7584 | icp ok  iter  4 corr  1028 rms 0.0741    7.35 ms | p=(  553.19  -393.62  10.85) v=8.99 m/s
[lio] t=1317401404.488 | feat 1425/7417 | map   7584 | icp ok  iter  6 corr  1087 rms 0.0703   11.29 ms | p=(  552.30  -393.25  10.88) v=9.14 m/s [KF]
[lio] t=1317401404.592 | feat 1348/7495 | map   7620 | icp ok  iter  5 corr  1059 rms 0.0797    8.65 ms | p=(  551.44  -392.88  10.89) v=9.08 m/s
[lio] t=1317401404.696 | feat 1251/7464 | map   7620 | icp ok  iter  5 corr   934 rms 0.0830    8.09 ms | p=(  550.57  -392.52  10.91) v=9.12 m/s [KF]
[lio] t=1317401404.800 | feat 1266/7444 | map   7634 | icp ok  iter  5 corr  1013 rms 0.0565    8.68 ms | p=(  549.67  -392.16  10.93) v=9.25 m/s
[lio] t=1317401404.904 | feat 1283/7204 | map   7634 | icp ok  iter  4 corr   954 rms 0.0701    6.69 ms | p=(  548.77  -391.80  10.95) v=9.32 m/s [KF]
[lio] t=1317401405.008 | feat 1313/7162 | map   7648 | icp ok  iter  4 corr   989 rms 0.0663    6.71 ms | p=(  547.89  -391.43  10.98) v=9.23 m/s
[lio] t=1317401405.111 | feat 1477/7293 | map   7648 | icp ok  iter  4 corr  1056 rms 0.0559    7.38 ms | p=(  547.00  -391.07  11.00) v=9.23 m/s [KF]
[lio] t=1317401405.215 | feat 1549/7376 | map   7665 | icp ok  iter  5 corr  1093 rms 0.0715    9.49 ms | p=(  546.10  -390.69  11.02) v=9.37 m/s
[lio] t=1317401405.319 | feat 1557/7556 | map   7665 | icp ok  iter  4 corr  1028 rms 0.0722    7.93 ms | p=(  545.18  -390.33  11.04) v=9.43 m/s [KF]
[lio] t=1317401405.423 | feat 1542/7581 | map   7813 | icp ok  iter  3 corr  1072 rms 0.0704    5.89 ms | p=(  544.26  -389.94  11.06) v=9.56 m/s
[lio] t=1317401405.527 | feat 1630/7863 | map   7813 | icp ok  iter  4 corr  1095 rms 0.0818    8.12 ms | p=(  543.38  -389.57  11.10) v=9.37 m/s [KF]
[lio] t=1317401405.631 | feat 1589/7931 | map   8104 | icp ok  iter  6 corr  1188 rms 0.0766   13.26 ms | p=(  542.41  -389.15  11.13) v=9.93 m/s [KF]
[lio] t=1317401405.735 | feat 1783/8263 | map   8314 | icp ok  iter  9 corr  1406 rms 0.0696   22.39 ms | p=(  541.52  -388.76  11.15) v=9.58 m/s
[lio] t=1317401405.839 | feat 2004/8478 | map   8314 | icp ok  iter 11 corr  1481 rms 0.0980   26.92 ms | p=(  540.63  -388.37  11.17) v=9.45 m/s [KF]
[lio] t=1317401405.943 | feat 2047/8499 | map   8643 | icp ok  iter  9 corr  1600 rms 0.0754   24.30 ms | p=(  539.65  -387.94  11.20) v=9.97 m/s [KF]
[lio] t=1317401406.047 | feat 1912/8533 | map   8953 | icp ok  iter  8 corr  1524 rms 0.0606   19.08 ms | p=(  538.78  -387.53  11.22) v=9.59 m/s
[lio] t=1317401406.151 | feat 1914/8176 | map   8953 | icp ok  iter 11 corr  1505 rms 0.0753   27.26 ms | p=(  537.84  -387.10  11.24) v=9.85 m/s [KF]
[lio] t=1317401406.254 | feat 1655/7724 | map   9283 | icp ok  iter  9 corr  1297 rms 0.0856   20.37 ms | p=(  536.86  -386.65  11.26) v=10.21 m/s [KF]
[lio] t=1317401406.358 | feat 1602/7360 | map   9518 | icp ok  iter  6 corr  1212 rms 0.0566   12.39 ms | p=(  535.93  -386.22  11.28) v=10.00 m/s [KF]
[lio] t=1317401406.462 | feat 1398/6930 | map   9640 | icp ok  iter  4 corr  1094 rms 0.0553    7.52 ms | p=(  534.97  -385.78  11.30) v=10.14 m/s [KF]
[lio] t=1317401406.566 | feat 1353/6822 | map   9683 | icp ok  iter  5 corr  1074 rms 0.0627    9.19 ms | p=(  534.02  -385.34  11.32) v=10.11 m/s [KF]
[lio] t=1317401406.670 | feat 1418/6947 | map   9689 | icp ok  iter  6 corr  1095 rms 0.0817   11.51 ms | p=(  533.06  -384.89  11.34) v=10.20 m/s [KF]
[lio] t=1317401406.774 | feat 1543/6894 | map   9759 | icp ok  iter  5 corr  1162 rms 0.0587   10.16 ms | p=(  532.11  -384.44  11.35) v=10.17 m/s [KF]
[lio] t=1317401406.878 | feat 1481/6950 | map   9875 | icp ok  iter  5 corr  1125 rms 0.0524    8.73 ms | p=(  531.16  -384.00  11.37) v=10.15 m/s [KF]
[lio] t=1317401406.981 | feat 1438/6919 | map   9929 | icp ok  iter  6 corr  1149 rms 0.0490   11.69 ms | p=(  530.18  -383.56  11.40) v=10.29 m/s [KF]
[lio] t=1317401407.085 | feat 1400/6971 | map   9915 | icp ok  iter  5 corr  1100 rms 0.0476    9.33 ms | p=(  529.20  -383.10  11.42) v=10.40 m/s [KF]
[lio] t=1317401407.189 | feat 1473/7072 | map   9893 | icp ok  iter  5 corr  1211 rms 0.0511   10.82 ms | p=(  528.19  -382.64  11.45) v=10.58 m/s [KF]
[lio] t=1317401407.293 | feat 1378/7168 | map   9890 | icp ok  iter  5 corr  1109 rms 0.0508    8.88 ms | p=(  527.24  -382.20  11.47) v=10.29 m/s [KF]
[lio] t=1317401407.397 | feat 1362/7301 | map   9797 | icp ok  iter  6 corr  1128 rms 0.0522   11.55 ms | p=(  526.25  -381.74  11.50) v=10.47 m/s [KF]
[lio] t=1317401407.501 | feat 1360/7343 | map   9701 | icp ok  iter  4 corr  1145 rms 0.0444    7.26 ms | p=(  525.26  -381.29  11.53) v=10.48 m/s [KF]
[lio] t=1317401407.604 | feat 1394/7524 | map   9568 | icp ok  iter  3 corr  1169 rms 0.0580    6.32 ms | p=(  524.26  -380.82  11.56) v=10.58 m/s [KF]
[lio] t=1317401407.708 | feat 1365/7455 | map   9533 | icp ok  iter  4 corr  1131 rms 0.0506    7.94 ms | p=(  523.26  -380.39  11.59) v=10.48 m/s [KF]
[lio] t=1317401407.812 | feat 1423/7623 | map   9558 | icp ok  iter  6 corr  1192 rms 0.0622   11.58 ms | p=(  522.26  -379.94  11.62) v=10.51 m/s [KF]
[lio] t=1317401407.916 | feat 1372/7652 | map   9484 | icp ok  iter  3 corr  1157 rms 0.0518    6.47 ms | p=(  521.26  -379.48  11.64) v=10.57 m/s [KF]
[lio] t=1317401408.020 | feat 1430/7807 | map   9381 | icp ok  iter  4 corr  1228 rms 0.0751    8.54 ms | p=(  520.24  -379.03  11.67) v=10.63 m/s [KF]
[lio] t=1317401408.123 | feat 1382/7924 | map   9281 | icp ok  iter  4 corr  1169 rms 0.0917    8.03 ms | p=(  519.27  -378.59  11.69) v=10.42 m/s [KF]
[lio] t=1317401408.227 | feat 1538/8165 | map   9191 | icp ok  iter  4 corr  1255 rms 0.0635    8.40 ms | p=(  518.27  -378.16  11.72) v=10.43 m/s [KF]
[lio] t=1317401408.331 | feat 1474/8166 | map   9041 | icp ok  iter  3 corr  1222 rms 0.0531    6.49 ms | p=(  517.26  -377.71  11.73) v=10.58 m/s [KF]
[lio] t=1317401408.435 | feat 1533/8111 | map   8934 | icp ok  iter  4 corr  1284 rms 0.0471    9.30 ms | p=(  516.26  -377.27  11.75) v=10.50 m/s [KF]
[lio] t=1317401408.539 | feat 1558/7930 | map   8830 | icp ok  iter  4 corr  1257 rms 0.0659    8.21 ms | p=(  515.25  -376.84  11.77) v=10.56 m/s [KF]
[lio] t=1317401408.643 | feat 1417/7667 | map   8640 | icp ok  iter  3 corr  1136 rms 0.0642    5.89 ms | p=(  514.24  -376.39  11.79) v=10.58 m/s [KF]
[lio] t=1317401408.746 | feat 1370/7864 | map   8309 | icp ok  iter  4 corr  1096 rms 0.0647    7.74 ms | p=(  513.26  -375.97  11.81) v=10.39 m/s [KF]
[lio] t=1317401408.850 | feat 1401/8178 | map   7995 | icp ok  iter  4 corr  1045 rms 0.0947    7.62 ms | p=(  512.21  -375.52  11.84) v=10.75 m/s [KF]
[lio] t=1317401408.954 | feat 1399/8300 | map   7853 | icp ok  iter  4 corr  1082 rms 0.0706    7.92 ms | p=(  511.22  -375.09  11.86) v=10.55 m/s [KF]
[lio] t=1317401409.058 | feat 1486/8457 | map   7721 | icp ok  iter  4 corr  1096 rms 0.0790    7.68 ms | p=(  510.20  -374.66  11.88) v=10.59 m/s [KF]
[lio] t=1317401409.162 | feat 1549/8584 | map   7720 | icp ok  iter  3 corr  1158 rms 0.0648    5.90 ms | p=(  509.18  -374.24  11.91) v=10.62 m/s [KF]
[lio] t=1317401409.266 | feat 1395/8664 | map   7777 | icp ok  iter  4 corr  1092 rms 0.0579    6.90 ms | p=(  508.17  -373.79  11.94) v=10.60 m/s [KF]
[lio] t=1317401409.369 | feat 1402/8771 | map   7740 | icp ok  iter  4 corr  1072 rms 0.0875    8.06 ms | p=(  507.16  -373.39  11.97) v=10.52 m/s [KF]
[lio] t=1317401409.473 | feat 1441/8792 | map   7631 | icp ok  iter  4 corr  1136 rms 0.0558    7.81 ms | p=(  506.14  -372.94  11.99) v=10.63 m/s [KF]
[lio] t=1317401409.577 | feat 1403/8746 | map   7550 | icp ok  iter  5 corr  1078 rms 0.0636    8.86 ms | p=(  505.14  -372.52  12.01) v=10.57 m/s [KF]
[lio] t=1317401409.681 | feat 1413/8706 | map   7513 | icp ok  iter  5 corr  1117 rms 0.0739    9.56 ms | p=(  504.10  -372.08  12.03) v=10.71 m/s [KF]
[lio] t=1317401409.785 | feat 1603/8793 | map   7547 | icp ok  iter  4 corr  1273 rms 0.0707    8.66 ms | p=(  503.06  -371.66  12.06) v=10.77 m/s [KF]
[lio] t=1317401409.889 | feat 1522/8827 | map   7617 | icp ok  iter  4 corr  1264 rms 0.0497    8.93 ms | p=(  502.08  -371.25  12.07) v=10.42 m/s [KF]
[lio] t=1317401409.992 | feat 1647/8821 | map   7638 | icp ok  iter  5 corr  1363 rms 0.0521   11.69 ms | p=(  501.03  -370.82  12.09) v=10.74 m/s [KF]
[lio] t=1317401410.096 | feat 1569/8721 | map   7735 | icp ok  iter  4 corr  1312 rms 0.0633    9.35 ms | p=(  500.03  -370.41  12.11) v=10.49 m/s [KF]
[lio] t=1317401410.200 | feat 1474/8670 | map   7821 | icp ok  iter  5 corr  1228 rms 0.0561   10.01 ms | p=(  498.98  -369.97  12.13) v=10.80 m/s [KF]
[lio] t=1317401410.304 | feat 1407/8649 | map   7842 | icp ok  iter  9 corr  1203 rms 0.0555   18.34 ms | p=(  497.98  -369.56  12.15) v=10.55 m/s [KF]
[lio] t=1317401410.408 | feat 1326/8563 | map   7822 | icp ok  iter  5 corr  1146 rms 0.0757    9.49 ms | p=(  496.94  -369.14  12.17) v=10.67 m/s [KF]
[lio] t=1317401410.511 | feat 1348/8449 | map   7814 | icp ok  iter  6 corr  1167 rms 0.0747   12.31 ms | p=(  495.94  -368.76  12.19) v=10.38 m/s [KF]
[lio] t=1317401410.615 | feat 1306/8494 | map   7816 | icp ok  iter  5 corr  1107 rms 0.0595    9.76 ms | p=(  494.90  -368.31  12.21) v=10.67 m/s [KF]
[lio] t=1317401410.719 | feat 1278/8440 | map   7806 | icp ok  iter  6 corr  1073 rms 0.0576   10.82 ms | p=(  493.97  -367.95  12.23) v=9.88 m/s
[lio] t=1317401410.823 | feat 1268/8358 | map   7806 | icp ok  iter  5 corr  1067 rms 0.0733    9.53 ms | p=(  492.98  -367.55  12.26) v=10.04 m/s [KF]
[lio] t=1317401410.927 | feat 1286/8319 | map   7860 | icp ok  iter  4 corr  1116 rms 0.0758    7.09 ms | p=(  492.01  -367.16  12.28) v=9.88 m/s [KF]
[lio] t=1317401411.030 | feat 1289/8146 | map   7846 | icp ok  iter  4 corr  1097 rms 0.0638    7.16 ms | p=(  491.06  -366.76  12.30) v=9.76 m/s [KF]
[lio] t=1317401411.134 | feat 1132/8006 | map   7841 | icp ok  iter  5 corr   975 rms 0.0905    7.78 ms | p=(  490.16  -366.40  12.32) v=9.38 m/s
[lio] t=1317401411.238 | feat 1159/7959 | map   7841 | icp ok  iter  3 corr   970 rms 0.0705    4.98 ms | p=(  489.24  -366.04  12.35) v=9.26 m/s [KF]
[lio] t=1317401411.342 | feat 1244/7941 | map   7861 | icp ok  iter  3 corr  1046 rms 0.0819    5.60 ms | p=(  488.36  -365.68  12.37) v=9.03 m/s
[lio] t=1317401411.445 | feat 1173/7765 | map   7861 | icp ok  iter  3 corr   959 rms 0.0735    5.03 ms | p=(  487.51  -365.34  12.39) v=8.75 m/s [KF]
[lio] t=1317401411.549 | feat 1075/7566 | map   7903 | icp ok  iter  5 corr   887 rms 0.1047    7.82 ms | p=(  486.63  -364.98  12.41) v=8.87 m/s
[lio] t=1317401411.653 | feat 1116/7519 | map   7903 | icp ok  iter  7 corr   931 rms 0.0626   11.35 ms | p=(  485.85  -364.69  12.43) v=8.17 m/s [KF]
[lio] t=1317401411.757 | feat 1258/7553 | map   7935 | icp ok  iter  5 corr  1079 rms 0.0854    9.46 ms | p=(  485.05  -364.35  12.44) v=8.27 m/s
[lio] t=1317401411.861 | feat 1321/7558 | map   7935 | icp ok  iter  8 corr  1121 rms 0.0563   14.73 ms | p=(  484.25  -364.02  12.45) v=8.27 m/s [KF]
[lio] t=1317401411.965 | feat 1315/7480 | map   8064 | icp ok  iter  6 corr  1155 rms 0.0623   12.40 ms | p=(  483.43  -363.70  12.46) v=8.37 m/s
[lio] t=1317401412.069 | feat 1359/7279 | map   8064 | icp ok  iter  6 corr  1157 rms 0.0906   12.25 ms | p=(  482.65  -363.38  12.46) v=8.17 m/s [KF]
[lio] t=1317401412.173 | feat 1248/7130 | map   8182 | icp ok  iter  4 corr  1085 rms 0.0699    7.58 ms | p=(  481.86  -363.03  12.47) v=8.24 m/s
[lio] t=1317401412.276 | feat 1201/6814 | map   8182 | icp ok  iter  5 corr  1029 rms 0.0954    9.37 ms | p=(  481.04  -362.69  12.47) v=8.42 m/s [KF]
[lio] t=1317401412.380 | feat 1151/6662 | map   8223 | icp ok  iter  4 corr   991 rms 0.0626    6.73 ms | p=(  480.26  -362.34  12.48) v=8.26 m/s
[lio] t=1317401412.484 | feat 1148/6583 | map   8223 | icp ok  iter  7 corr   988 rms 0.0639   11.78 ms | p=(  479.44  -361.99  12.49) v=8.44 m/s [KF]
[lio] t=1317401412.588 | feat 1105/6647 | map   8133 | icp ok  iter  4 corr   952 rms 0.0768    6.77 ms | p=(  478.69  -361.63  12.50) v=8.16 m/s
[lio] t=1317401412.692 | feat 1076/6650 | map   8133 | icp ok  iter  5 corr   922 rms 0.0910    7.59 ms | p=(  477.91  -361.33  12.51) v=8.03 m/s [KF]
[lio] t=1317401412.796 | feat 1052/6715 | map   8030 | icp ok  iter  4 corr   887 rms 0.0747    6.22 ms | p=(  477.12  -361.00  12.52) v=8.18 m/s
[lio] t=1317401412.900 | feat 1119/6780 | map   8030 | icp ok  iter  6 corr   929 rms 0.0743    9.70 ms | p=(  476.33  -360.65  12.53) v=8.26 m/s [KF]
[lio] t=1317401413.003 | feat 1130/6852 | map   7997 | icp ok  iter  5 corr   943 rms 0.0624    7.27 ms | p=(  475.51  -360.31  12.55) v=8.42 m/s
[lio] t=1317401413.107 | feat 1179/6800 | map   7997 | icp ok  iter  4 corr   993 rms 0.0801    7.21 ms | p=(  474.72  -359.99  12.56) v=8.36 m/s [KF]
[lio] t=1317401413.211 | feat 1163/6738 | map   7970 | icp ok  iter  4 corr  1002 rms 0.0869    6.74 ms | p=(  473.91  -359.65  12.57) v=8.42 m/s
[lio] t=1317401413.315 | feat 1164/6638 | map   7970 | icp ok  iter  4 corr   969 rms 0.0918    6.34 ms | p=(  473.09  -359.32  12.59) v=8.46 m/s [KF]
[lio] t=1317401413.419 | feat 1024/6543 | map   7939 | icp ok  iter  4 corr   861 rms 0.0614    5.56 ms | p=(  472.30  -358.98  12.62) v=8.40 m/s
[lio] t=1317401413.523 | feat 1001/6653 | map   7939 | icp ok  iter  5 corr   805 rms 0.0717    6.67 ms | p=(  471.47  -358.66  12.62) v=8.51 m/s [KF]
[lio] t=1317401413.627 | feat 1006/6712 | map   7900 | icp ok  iter  4 corr   850 rms 0.0754    5.62 ms | p=(  470.65  -358.31  12.64) v=8.55 m/s
[lio] t=1317401413.731 | feat 1051/6790 | map   7900 | icp ok  iter  4 corr   849 rms 0.0678    6.47 ms | p=(  469.83  -357.98  12.66) v=8.58 m/s [KF]
[lio] t=1317401413.835 | feat  996/6894 | map   7873 | icp ok  iter  4 corr   816 rms 0.0621    5.57 ms | p=(  469.01  -357.62  12.67) v=8.58 m/s
[lio] t=1317401413.939 | feat 1077/7061 | map   7873 | icp ok  iter  4 corr   863 rms 0.0819    6.24 ms | p=(  468.18  -357.28  12.69) v=8.61 m/s [KF]
[lio] t=1317401414.043 | feat 1156/7099 | map   7824 | icp ok  iter  4 corr   925 rms 0.0627    6.34 ms | p=(  467.33  -356.92  12.69) v=8.81 m/s
[lio] t=1317401414.147 | feat 1133/7100 | map   7824 | icp ok  iter  3 corr   919 rms 0.0858    5.34 ms | p=(  466.49  -356.56  12.71) v=8.83 m/s [KF]
[lio] t=1317401414.251 | feat 1166/7221 | map   7872 | icp ok  iter  4 corr   938 rms 0.0684    6.89 ms | p=(  465.65  -356.20  12.73) v=8.85 m/s
[lio] t=1317401414.355 | feat 1302/7371 | map   7872 | icp ok  iter  5 corr  1032 rms 0.0809    9.08 ms | p=(  464.80  -355.84  12.75) v=8.88 m/s [KF]
[lio] t=1317401414.459 | feat 1313/7630 | map   7897 | icp ok  iter  3 corr  1086 rms 0.0906    5.53 ms | p=(  463.94  -355.47  12.76) v=9.02 m/s
[lio] t=1317401414.562 | feat 1400/7970 | map   7897 | icp ok  iter  3 corr  1044 rms 0.1101    5.91 ms | p=(  463.08  -355.10  12.77) v=9.08 m/s [KF]
[lio] t=1317401414.666 | feat 1409/8040 | map   7996 | icp ok  iter  4 corr  1155 rms 0.1033    8.59 ms | p=(  462.22  -354.73  12.79) v=9.02 m/s
[lio] t=1317401414.770 | feat 1414/8093 | map   7996 | icp ok  iter  4 corr  1101 rms 0.0879    7.71 ms | p=(  461.34  -354.36  12.80) v=9.19 m/s [KF]
[lio] t=1317401414.874 | feat 1388/8021 | map   8151 | icp ok  iter  3 corr  1174 rms 0.0795    5.63 ms | p=(  460.46  -353.98  12.81) v=9.25 m/s
[lio] t=1317401414.978 | feat 1435/7950 | map   8151 | icp ok  iter  4 corr  1172 rms 0.0678    7.85 ms | p=(  459.57  -353.61  12.83) v=9.27 m/s [KF]
[lio] t=1317401415.082 | feat 1464/7825 | map   8196 | icp ok  iter  4 corr  1247 rms 0.0644    8.48 ms | p=(  458.70  -353.23  12.84) v=9.26 m/s
[lio] t=1317401415.186 | feat 1393/7621 | map   8196 | icp ok  iter  3 corr  1153 rms 0.0692    6.32 ms | p=(  457.79  -352.85  12.86) v=9.42 m/s [KF]
[lio] t=1317401415.290 | feat 1311/7460 | map   8273 | icp ok  iter  5 corr  1081 rms 0.0551    9.51 ms | p=(  456.87  -352.45  12.86) v=9.61 m/s [KF]
[lio] t=1317401415.394 | feat 1270/7339 | map   8309 | icp ok  iter  4 corr  1088 rms 0.0576    7.51 ms | p=(  455.96  -352.06  12.87) v=9.62 m/s
[lio] t=1317401415.498 | feat 1266/7416 | map   8309 | icp ok  iter  6 corr  1007 rms 0.0586   10.69 ms | p=(  455.05  -351.67  12.88) v=9.60 m/s [KF]
[lio] t=1317401415.602 | feat 1209/7319 | map   8302 | icp ok  iter  5 corr  1031 rms 0.0763    8.87 ms | p=(  454.12  -351.26  12.89) v=9.74 m/s [KF]
[lio] t=1317401415.706 | feat 1222/7162 | map   8282 | icp ok  iter  4 corr   998 rms 0.0688    6.53 ms | p=(  453.19  -350.86  12.90) v=9.78 m/s [KF]
[lio] t=1317401415.810 | feat 1173/7083 | map   8234 | icp ok  iter  5 corr   981 rms 0.0667    7.86 ms | p=(  452.25  -350.43  12.90) v=9.92 m/s [KF]
[lio] t=1317401415.914 | feat 1273/7086 | map   8130 | icp ok  iter  5 corr  1073 rms 0.0656    8.95 ms | p=(  451.33  -350.01  12.91) v=9.81 m/s [KF]
[lio] t=1317401416.018 | feat 1365/6922 | map   8113 | icp ok  iter  4 corr  1150 rms 0.0661    8.20 ms | p=(  450.41  -349.60  12.92) v=9.79 m/s [KF]
[lio] t=1317401416.121 | feat 1284/6785 | map   8016 | icp ok  iter  4 corr  1077 rms 0.0647    6.63 ms | p=(  449.47  -349.17  12.92) v=9.88 m/s [KF]
[lio] t=1317401416.225 | feat 1208/6624 | map   7895 | icp ok  iter 12 corr  1034 rms 0.0533   21.64 ms | p=(  448.52  -348.74  12.93) v=10.03 m/s [KF]
[lio] t=1317401416.329 | feat 1267/6427 | map   7673 | icp ok  iter  6 corr  1062 rms 0.0670   10.65 ms | p=(  447.60  -348.32  12.94) v=9.87 m/s [KF]
[lio] t=1317401416.433 | feat 1260/6334 | map   7428 | icp ok  iter  6 corr  1051 rms 0.0535   10.78 ms | p=(  446.62  -347.87  12.95) v=10.19 m/s [KF]
[lio] t=1317401416.537 | feat 1312/6324 | map   7271 | icp ok  iter  3 corr  1070 rms 0.0821    5.33 ms | p=(  445.65  -347.44  12.95) v=10.23 m/s [KF]
[lio] t=1317401416.641 | feat 1193/6146 | map   7222 | icp ok  iter  4 corr   970 rms 0.0815    6.71 ms | p=(  444.67  -346.99  12.95) v=10.36 m/s [KF]
[lio] t=1317401416.745 | feat 1184/6123 | map   7172 | icp ok  iter  5 corr   965 rms 0.0546    8.16 ms | p=(  443.70  -346.56  12.95) v=10.33 m/s [KF]
[lio] t=1317401416.849 | feat 1235/6143 | map   7055 | icp ok  iter  4 corr  1035 rms 0.0548    6.77 ms | p=(  442.72  -346.12  12.96) v=10.34 m/s [KF]
[lio] t=1317401416.953 | feat 1227/6345 | map   6930 | icp ok  iter  3 corr   960 rms 0.0465    5.21 ms | p=(  441.74  -345.68  12.96) v=10.37 m/s [KF]
[lio] t=1317401417.057 | feat 1247/6340 | map   6807 | icp ok  iter  5 corr  1009 rms 0.0520    9.30 ms | p=(  440.74  -345.22  12.97) v=10.56 m/s [KF]
[lio] t=1317401417.161 | feat 1328/6398 | map   6755 | icp ok  iter  4 corr  1063 rms 0.0612    7.95 ms | p=(  439.73  -344.79  12.98) v=10.57 m/s [KF]
[lio] t=1317401417.265 | feat 1383/6501 | map   6713 | icp ok  iter  6 corr  1103 rms 0.0553   11.12 ms | p=(  438.71  -344.34  12.99) v=10.71 m/s [KF]
[lio] t=1317401417.368 | feat 1230/6559 | map   6707 | icp ok  iter  4 corr  1035 rms 0.0675    7.77 ms | p=(  437.71  -343.89  13.00) v=10.65 m/s [KF]
[lio] t=1317401417.472 | feat 1261/6714 | map   6653 | icp ok  iter  7 corr  1076 rms 0.0654   12.74 ms | p=(  436.68  -343.44  13.01) v=10.75 m/s [KF]
[lio] t=1317401417.576 | feat 1243/6864 | map   6608 | icp ok  iter  5 corr  1085 rms 0.0541    9.13 ms | p=(  435.64  -343.00  13.02) v=10.88 m/s [KF]
[lio] t=1317401417.680 | feat 1232/6843 | map   6481 | icp ok  iter  7 corr  1037 rms 0.0590   11.70 ms | p=(  434.65  -342.55  13.04) v=10.67 m/s [KF]
[lio] t=1317401417.784 | feat 1192/6939 | map   6377 | icp ok  iter  5 corr  1026 rms 0.0446    8.52 ms | p=(  433.61  -342.11  13.06) v=10.80 m/s [KF]
[lio] t=1317401417.888 | feat 1158/7135 | map   6241 | icp ok  iter  9 corr  1004 rms 0.0551   14.70 ms | p=(  432.57  -341.65  13.07) v=10.92 m/s [KF]
[lio] t=1317401417.992 | feat 1193/7168 | map   6178 | icp ok  iter  6 corr   996 rms 0.0890   10.11 ms | p=(  431.57  -341.22  13.09) v=10.68 m/s [KF]
[lio] t=1317401418.096 | feat 1152/7279 | map   6130 | icp ok  iter  4 corr  1011 rms 0.0627    7.31 ms | p=(  430.57  -340.78  13.10) v=10.64 m/s [KF]
[lio] t=1317401418.199 | feat 1131/7286 | map   6063 | icp ok  iter  9 corr   985 rms 0.0428   15.42 ms | p=(  429.46  -340.31  13.12) v=11.22 m/s [KF]
[lio] t=1317401418.303 | feat 1212/7303 | map   6004 | icp ok  iter  5 corr  1002 rms 0.0856    8.61 ms | p=(  428.41  -339.85  13.12) v=11.17 m/s [KF]
[lio] t=1317401418.407 | feat 1360/7388 | map   6026 | icp ok  iter  7 corr  1129 rms 0.0692   13.60 ms | p=(  427.36  -339.40  13.12) v=11.07 m/s [KF]
[lio] t=1317401418.511 | feat 1380/7544 | map   6098 | icp ok  iter  4 corr  1180 rms 0.0677    8.37 ms | p=(  426.32  -338.95  13.13) v=11.03 m/s [KF]
[lio] t=1317401418.615 | feat 1433/7650 | map   6152 | icp ok  iter  5 corr  1230 rms 0.0674   10.00 ms | p=(  425.24  -338.48  13.13) v=11.21 m/s [KF]
[lio] t=1317401418.719 | feat 1304/7655 | map   6191 | icp ok  iter  4 corr  1116 rms 0.0510    7.41 ms | p=(  424.18  -338.02  13.13) v=11.18 m/s [KF]
[lio] t=1317401418.822 | feat 1353/7930 | map   6202 | icp ok  iter  5 corr  1185 rms 0.0578    9.35 ms | p=(  423.09  -337.56  13.13) v=11.32 m/s [KF]
[lio] t=1317401418.926 | feat 1401/8082 | map   6291 | icp ok  iter  3 corr  1209 rms 0.0846    6.63 ms | p=(  422.02  -337.11  13.13) v=11.20 m/s [KF]
[lio] t=1317401419.030 | feat 1512/8262 | map   6344 | icp ok  iter  4 corr  1314 rms 0.0708    8.34 ms | p=(  420.95  -336.64  13.14) v=11.23 m/s [KF]
[lio] t=1317401419.134 | feat 1580/8439 | map   6501 | icp ok  iter  5 corr  1343 rms 0.0748   11.58 ms | p=(  419.90  -336.19  13.14) v=11.08 m/s [KF]
[lio] t=1317401419.238 | feat 1550/8416 | map   6598 | icp ok  iter  5 corr  1324 rms 0.0616   11.01 ms | p=(  418.84  -335.75  13.14) v=11.03 m/s [KF]
[lio] t=1317401419.341 | feat 1560/8514 | map   6753 | icp ok  iter  4 corr  1344 rms 0.0690    9.03 ms | p=(  417.80  -335.28  13.14) v=10.98 m/s [KF]
[lio] t=1317401419.445 | feat 1608/8569 | map   6892 | icp ok  iter  5 corr  1358 rms 0.0595   10.95 ms | p=(  416.74  -334.83  13.16) v=11.05 m/s [KF]
[lio] t=1317401419.549 | feat 1567/8559 | map   7050 | icp ok  iter  4 corr  1333 rms 0.0648    8.84 ms | p=(  415.67  -334.36  13.17) v=11.17 m/s [KF]
[lio] t=1317401419.653 | feat 1576/8578 | map   7149 | icp ok  iter  4 corr  1308 rms 0.0602    8.75 ms | p=(  414.61  -333.91  13.18) v=11.05 m/s [KF]
[lio] t=1317401419.757 | feat 1545/8551 | map   7269 | icp ok  iter  4 corr  1310 rms 0.0807    8.59 ms | p=(  413.57  -333.44  13.18) v=11.02 m/s [KF]
[lio] t=1317401419.860 | feat 1466/8565 | map   7329 | icp ok  iter  5 corr  1231 rms 0.0454   10.70 ms | p=(  412.54  -333.01  13.20) v=10.80 m/s [KF]
[lio] t=1317401419.964 | feat 1448/8427 | map   7312 | icp ok  iter  4 corr  1226 rms 0.0614    8.50 ms | p=(  411.52  -332.56  13.21) v=10.78 m/s [KF]
[lio] t=1317401420.068 | feat 1483/8495 | map   7335 | icp ok  iter  5 corr  1202 rms 0.0486    9.61 ms | p=(  410.46  -332.10  13.22) v=10.97 m/s [KF]
[lio] t=1317401420.172 | feat 1467/8389 | map   7350 | icp ok  iter  5 corr  1192 rms 0.0799   10.85 ms | p=(  409.43  -331.65  13.23) v=10.85 m/s [KF]
[lio] t=1317401420.275 | feat 1530/8359 | map   7376 | icp ok  iter  5 corr  1276 rms 0.0677   10.78 ms | p=(  408.42  -331.20  13.24) v=10.69 m/s [KF]
[lio] t=1317401420.379 | feat 1461/8431 | map   7381 | icp ok  iter  4 corr  1191 rms 0.0639    8.29 ms | p=(  407.39  -330.76  13.26) v=10.69 m/s [KF]
[lio] t=1317401420.483 | feat 1428/8287 | map   7442 | icp ok  iter  4 corr  1157 rms 0.0690    8.13 ms | p=(  406.39  -330.32  13.26) v=10.57 m/s [KF]
[lio] t=1317401420.587 | feat 1423/8178 | map   7517 | icp ok  iter  5 corr  1165 rms 0.0704   10.55 ms | p=(  405.36  -329.88  13.27) v=10.65 m/s [KF]
[lio] t=1317401420.690 | feat 1393/8026 | map   7532 | icp ok  iter  4 corr  1141 rms 0.0861    8.15 ms | p=(  404.36  -329.45  13.28) v=10.54 m/s [KF]
[lio] t=1317401420.794 | feat 1416/8264 | map   7595 | icp ok  iter  3 corr  1109 rms 0.0963    5.81 ms | p=(  403.36  -329.01  13.30) v=10.51 m/s [KF]
[lio] t=1317401420.898 | feat 1465/8344 | map   7700 | icp ok  iter  4 corr  1167 rms 0.0568    7.74 ms | p=(  402.34  -328.58  13.31) v=10.53 m/s [KF]
[lio] t=1317401421.002 | feat 1528/8303 | map   7805 | icp ok  iter  4 corr  1177 rms 0.0564    7.72 ms | p=(  401.35  -328.15  13.31) v=10.43 m/s [KF]
[lio] t=1317401421.106 | feat 1463/7995 | map   7831 | icp ok  iter  3 corr  1191 rms 0.0520    6.03 ms | p=(  400.35  -327.71  13.32) v=10.42 m/s [KF]
[lio] t=1317401421.210 | feat 1451/8002 | map   7871 | icp ok  iter  6 corr  1151 rms 0.0484   11.26 ms | p=(  399.38  -327.29  13.33) v=10.25 m/s [KF]
[lio] t=1317401421.313 | feat 1436/8014 | map   7837 | icp ok  iter  5 corr  1140 rms 0.0488    9.27 ms | p=(  398.39  -326.86  13.34) v=10.31 m/s [KF]
[lio] t=1317401421.417 | feat 1441/7954 | map   7877 | icp ok  iter  4 corr  1147 rms 0.0560    8.25 ms | p=(  397.43  -326.43  13.34) v=10.21 m/s [KF]
[lio] t=1317401421.521 | feat 1431/7779 | map   7919 | icp ok  iter  4 corr  1130 rms 0.0669    7.97 ms | p=(  396.44  -325.98  13.35) v=10.33 m/s [KF]
[lio] t=1317401421.625 | feat 1459/7561 | map   7978 | icp ok  iter  6 corr  1189 rms 0.0626   11.51 ms | p=(  395.49  -325.55  13.35) v=10.13 m/s [KF]
[lio] t=1317401421.729 | feat 1395/7500 | map   8000 | icp ok  iter  5 corr  1119 rms 0.0697    9.06 ms | p=(  394.52  -325.12  13.36) v=10.16 m/s [KF]
[lio] t=1317401421.832 | feat 1364/7374 | map   7973 | icp ok  iter  6 corr  1109 rms 0.0559   11.09 ms | p=(  393.58  -324.72  13.35) v=9.92 m/s [KF]
[lio] t=1317401421.936 | feat 1289/7392 | map   7961 | icp ok  iter  5 corr  1053 rms 0.0474    9.52 ms | p=(  392.59  -324.27  13.35) v=10.23 m/s [KF]
[lio] t=1317401422.040 | feat 1245/7236 | map   7893 | icp ok  iter  7 corr  1041 rms 0.0664   12.46 ms | p=(  391.69  -323.87  13.34) v=9.75 m/s
[lio] t=1317401422.144 | feat 1224/7139 | map   7893 | icp ok  iter  6 corr   999 rms 0.0651    9.75 ms | p=(  390.72  -323.43  13.34) v=10.01 m/s [KF]
[lio] t=1317401422.248 | feat 1259/7232 | map   7841 | icp ok  iter  4 corr  1009 rms 0.0626    7.58 ms | p=(  389.81  -323.01  13.34) v=9.77 m/s [KF]
[lio] t=1317401422.351 | feat 1316/7215 | map   7774 | icp ok  iter  4 corr  1116 rms 0.0761    7.47 ms | p=(  388.85  -322.60  13.34) v=9.94 m/s [KF]
[lio] t=1317401422.455 | feat 1196/7102 | map   7689 | icp ok  iter  3 corr   975 rms 0.0559    4.71 ms | p=(  387.91  -322.18  13.33) v=9.90 m/s [KF]
[lio] t=1317401422.559 | feat 1217/7148 | map   7603 | icp ok  iter  3 corr  1017 rms 0.0735    5.64 ms | p=(  386.97  -321.77  13.32) v=9.85 m/s [KF]
[lio] t=1317401422.663 | feat 1278/7190 | map   7501 | icp ok  iter  8 corr  1045 rms 0.0496   14.58 ms | p=(  386.08  -321.37  13.32) v=9.56 m/s
[lio] t=1317401422.767 | feat 1247/7176 | map   7501 | icp ok  iter  6 corr   975 rms 0.0747    9.90 ms | p=(  385.20  -320.95  13.32) v=9.40 m/s [KF]
[lio] t=1317401422.870 | feat 1284/7146 | map   7499 | icp ok  iter  7 corr  1051 rms 0.0597   11.70 ms | p=(  384.23  -320.56  13.32) v=9.78 m/s [KF]
[lio] t=1317401422.974 | feat 1267/7105 | map   7429 | icp ok  iter  4 corr  1033 rms 0.0583    6.75 ms | p=(  383.31  -320.16  13.31) v=9.70 m/s [KF]
[lio] t=1317401423.078 | feat 1202/7028 | map   7345 | icp ok  iter  4 corr   982 rms 0.0588    6.58 ms | p=(  382.40  -319.75  13.31) v=9.62 m/s
[lio] t=1317401423.182 | feat 1242/6893 | map   7345 | icp ok  iter  8 corr   984 rms 0.0653   13.28 ms | p=(  381.54  -319.35  13.31) v=9.32 m/s [KF]
[lio] t=1317401423.286 | feat 1219/6955 | map   7268 | icp ok  iter 10 corr   934 rms 0.0623   15.31 ms | p=(  380.63  -318.96  13.30) v=9.39 m/s
[lio] t=1317401423.389 | feat 1261/6972 | map   7268 | icp ok  iter 12 corr   968 rms 0.0999   20.85 ms | p=(  379.63  -318.54  13.30) v=10.00 m/s [KF]
[lio] t=1317401423.493 | feat 1206/6866 | map   7198 | icp ok  iter 11 corr   919 rms 0.0632   17.65 ms | p=(  378.82  -318.17  13.29) v=9.10 m/s
[lio] t=1317401423.597 | feat 1250/6845 | map   7198 | icp ok  iter 10 corr   947 rms 0.0797   17.50 ms | p=(  378.06  -317.80  13.29) v=8.47 m/s [KF]
[lio] t=1317401423.701 | feat 1239/6877 | map   7154 | icp ok  iter  8 corr   930 rms 0.0638   13.97 ms | p=(  377.08  -317.40  13.28) v=9.54 m/s [KF]
[lio] t=1317401423.805 | feat 1245/6850 | map   7086 | icp ok  iter 12 corr   903 rms 0.0617   20.44 ms | p=(  376.59  -317.17  13.28) v=6.87 m/s
[lio] t=1317401423.909 | feat 1256/6861 | map   7086 | icp ok  iter 12 corr   890 rms 0.0683   20.42 ms | p=(  375.64  -316.70  13.28) v=8.88 m/s [KF]
[lio] t=1317401424.013 | feat 1255/7093 | map   7034 | icp ok  iter 12 corr   904 rms 0.0516   20.04 ms | p=(  374.39  -316.21  13.27) v=11.29 m/s [KF]
[lio] t=1317401424.116 | feat 1292/7274 | map   6993 | icp ok  iter  7 corr   949 rms 0.0544   12.51 ms | p=(  373.53  -315.80  13.27) v=9.96 m/s
[lio] t=1317401424.220 | feat 1378/7400 | map   6993 | icp ok  iter 10 corr   949 rms 0.0840   17.97 ms | p=(  372.72  -315.50  13.27) v=8.93 m/s [KF]
[lio] t=1317401424.324 | feat 1388/7460 | map   7017 | icp ok  iter  6 corr  1019 rms 0.0826   10.41 ms | p=(  371.81  -315.12  13.26) v=9.23 m/s
[lio] t=1317401424.428 | feat 1356/7552 | map   7017 | icp ok  iter  7 corr   964 rms 0.0634   12.05 ms | p=(  370.91  -314.71  13.26) v=9.40 m/s [KF]
[lio] t=1317401424.532 | feat 1391/7581 | map   6988 | icp ok  iter 10 corr  1031 rms 0.0567   17.08 ms | p=(  370.14  -314.44  13.25) v=8.45 m/s
[lio] t=1317401424.636 | feat 1550/7670 | map   6988 | icp ok  iter  9 corr  1091 rms 0.0703   17.75 ms | p=(  369.24  -313.96  13.24) v=9.21 m/s [KF]
[lio] t=1317401424.739 | feat 1513/7860 | map   7039 | icp ok  iter  8 corr  1115 rms 0.0503   14.87 ms | p=(  368.37  -313.61  13.25) v=9.07 m/s
[lio] t=1317401424.843 | feat 1570/7980 | map   7039 | icp ok  iter 12 corr  1091 rms 0.0509   23.81 ms | p=(  367.48  -313.24  13.24) v=9.19 m/s [KF]
[lio] t=1317401424.947 | feat 1664/8173 | map   7049 | icp ok  iter 12 corr  1166 rms 0.0668   24.39 ms | p=(  366.62  -312.88  13.25) v=9.01 m/s
[lio] t=1317401425.050 | feat 1636/8420 | map   7049 | icp ok  iter 11 corr  1130 rms 0.0458   20.78 ms | p=(  365.77  -312.59  13.25) v=8.75 m/s [KF]
[lio] t=1317401425.154 | feat 1739/8495 | map   7069 | icp ok  iter  7 corr  1201 rms 0.0772   14.54 ms | p=(  364.94  -312.28  13.26) v=8.61 m/s
[lio] t=1317401425.258 | feat 1804/8790 | map   7069 | icp ok  iter  8 corr  1205 rms 0.0643   16.80 ms | p=(  364.06  -311.95  13.26) v=8.86 m/s [KF]
[lio] t=1317401425.361 | feat 1896/8872 | map   7141 | icp ok  iter  9 corr  1342 rms 0.0586   20.37 ms | p=(  363.24  -311.69  13.26) v=8.48 m/s
[lio] t=1317401425.465 | feat 1916/8870 | map   7141 | icp ok  iter  7 corr  1266 rms 0.0649   16.88 ms | p=(  362.44  -311.48  13.27) v=8.13 m/s [KF]
[lio] t=1317401425.569 | feat 1880/8935 | map   7191 | icp ok  iter  5 corr  1312 rms 0.0667   12.71 ms | p=(  361.55  -311.25  13.29) v=8.58 m/s
[lio] t=1317401425.672 | feat 1895/8971 | map   7191 | icp ok  iter  6 corr  1322 rms 0.0655   14.17 ms | p=(  360.66  -311.01  13.30) v=8.70 m/s [KF]
[lio] t=1317401425.776 | feat 1923/9057 | map   7220 | icp ok  iter  4 corr  1352 rms 0.0498   10.01 ms | p=(  359.80  -310.84  13.31) v=8.52 m/s
[lio] t=1317401425.880 | feat 1918/9106 | map   7220 | icp ok  iter  9 corr  1363 rms 0.0600   23.79 ms | p=(  358.91  -310.72  13.32) v=8.58 m/s [KF]
[lio] t=1317401425.984 | feat 2037/9184 | map   7252 | icp ok  iter  5 corr  1451 rms 0.0546   13.92 ms | p=(  358.07  -310.57  13.34) v=8.31 m/s
[lio] t=1317401426.087 | feat 2082/9168 | map   7252 | icp ok  iter  4 corr  1445 rms 0.0487   10.78 ms | p=(  357.23  -310.46  13.34) v=8.23 m/s [KF]
[lio] t=1317401426.191 | feat 2147/9327 | map   7324 | icp ok  iter  6 corr  1534 rms 0.0465   16.48 ms | p=(  356.35  -310.41  13.36) v=8.35 m/s
[lio] t=1317401426.295 | feat 2146/9302 | map   7324 | icp ok  iter  6 corr  1527 rms 0.0541   16.65 ms | p=(  355.52  -310.40  13.37) v=8.08 m/s [KF]
[lio] t=1317401426.399 | feat 2173/9395 | map   7367 | icp ok  iter  7 corr  1542 rms 0.0458   18.96 ms | p=(  354.67  -310.36  13.39) v=8.11 m/s
[lio] t=1317401426.503 | feat 2220/9510 | map   7367 | icp ok  iter  6 corr  1545 rms 0.0450   18.14 ms | p=(  353.89  -310.39  13.41) v=7.74 m/s [KF]
[lio] t=1317401426.606 | feat 2273/9646 | map   7465 | icp ok  iter  6 corr  1598 rms 0.0575   17.82 ms | p=(  353.02  -310.41  13.42) v=8.06 m/s
[lio] t=1317401426.710 | feat 2312/9667 | map   7465 | icp ok  iter  5 corr  1599 rms 0.0593   14.71 ms | p=(  352.20  -310.43  13.44) v=7.91 m/s [KF]
[lio] t=1317401426.814 | feat 2352/9668 | map   7581 | icp ok  iter  6 corr  1622 rms 0.0678   17.16 ms | p=(  351.42  -310.51  13.45) v=7.64 m/s
[lio] t=1317401426.918 | feat 2343/9572 | map   7581 | icp ok  iter  5 corr  1630 rms 0.0739   14.99 ms | p=(  350.61  -310.61  13.46) v=7.68 m/s [KF]
[lio] t=1317401427.023 | feat 2388/9557 | map   7660 | icp ok  iter  5 corr  1641 rms 0.0504   13.29 ms | p=(  349.83  -310.69  13.48) v=7.51 m/s
[lio] t=1317401427.127 | feat 2443/9653 | map   7660 | icp ok  iter  5 corr  1672 rms 0.0534   14.08 ms | p=(  349.04  -310.82  13.49) v=7.53 m/s [KF]
[lio] t=1317401427.231 | feat 2439/9653 | map   7783 | icp ok  iter  7 corr  1687 rms 0.0518   21.14 ms | p=(  348.31  -310.89  13.50) v=7.19 m/s
[lio] t=1317401427.335 | feat 2384/9623 | map   7783 | icp ok  iter  7 corr  1617 rms 0.0558   20.58 ms | p=(  347.53  -310.99  13.51) v=7.33 m/s [KF]
[lio] t=1317401427.439 | feat 2429/9634 | map   7845 | icp ok  iter  4 corr  1670 rms 0.0447   12.04 ms | p=(  346.77  -311.11  13.53) v=7.32 m/s
[lio] t=1317401427.543 | feat 2356/9815 | map   7845 | icp ok  iter 12 corr  1546 rms 0.0502   35.84 ms | p=(  346.00  -311.21  13.54) v=7.36 m/s [KF]
[lio] t=1317401427.648 | feat 2467/9753 | map   7878 | icp ok  iter  7 corr  1652 rms 0.0520   20.84 ms | p=(  345.32  -311.32  13.56) v=6.84 m/s
[lio] t=1317401427.752 | feat 2475/10060 | map   7878 | icp ok  iter  4 corr  1657 rms 0.0596   12.40 ms | p=(  344.60  -311.45  13.57) v=6.86 m/s [KF]
[lio] t=1317401427.856 | feat 2605/10438 | map   7963 | icp ok  iter  6 corr  1801 rms 0.0620   19.89 ms | p=(  343.89  -311.49  13.57) v=6.71 m/s
[lio] t=1317401427.961 | feat 2622/10651 | map   7963 | icp ok  iter  6 corr  1743 rms 0.0547   19.17 ms | p=(  343.17  -311.58  13.59) v=6.77 m/s [KF]
[lio] t=1317401428.065 | feat 2665/10716 | map   8046 | icp ok  iter  6 corr  1796 rms 0.0526   17.94 ms | p=(  342.44  -311.61  13.60) v=6.84 m/s
[lio] t=1317401428.170 | feat 2577/10696 | map   8046 | icp ok  iter  6 corr  1742 rms 0.0589   18.67 ms | p=(  341.70  -311.66  13.61) v=6.97 m/s [KF]
[lio] t=1317401428.274 | feat 2513/10834 | map   8116 | icp ok  iter  4 corr  1704 rms 0.0443   12.33 ms | p=(  341.01  -311.62  13.62) v=6.73 m/s
[lio] t=1317401428.378 | feat 2442/10927 | map   8116 | icp ok  iter  6 corr  1660 rms 0.0563   18.32 ms | p=(  340.34  -311.63  13.63) v=6.51 m/s [KF]
[lio] t=1317401428.483 | feat 2384/10887 | map   8167 | icp ok  iter  5 corr  1644 rms 0.0562   15.45 ms | p=(  339.67  -311.57  13.63) v=6.44 m/s
[lio] t=1317401428.587 | feat 2364/10904 | map   8167 | icp ok  iter  5 corr  1612 rms 0.0561   14.73 ms | p=(  338.97  -311.51  13.64) v=6.59 m/s [KF]
[lio] t=1317401428.691 | feat 2265/10876 | map   8243 | icp ok  iter  5 corr  1587 rms 0.0470   14.57 ms | p=(  338.30  -311.39  13.64) v=6.47 m/s
[lio] t=1317401428.796 | feat 2232/10821 | map   8243 | icp ok  iter  5 corr  1560 rms 0.0685   14.18 ms | p=(  337.66  -311.28  13.65) v=6.33 m/s [KF]
[lio] t=1317401428.900 | feat 2318/10685 | map   8256 | icp ok  iter  6 corr  1608 rms 0.0568   16.67 ms | p=(  336.96  -311.07  13.65) v=6.71 m/s
[lio] t=1317401429.004 | feat 2255/10711 | map   8256 | icp ok  iter  6 corr  1606 rms 0.0647   17.47 ms | p=(  336.29  -310.84  13.64) v=6.73 m/s [KF]
[lio] t=1317401429.108 | feat 2323/10673 | map   8295 | icp ok  iter  7 corr  1667 rms 0.0513   20.71 ms | p=(  335.73  -310.67  13.64) v=5.99 m/s
[lio] t=1317401429.213 | feat 2263/10497 | map   8295 | icp ok  iter  8 corr  1616 rms 0.0613   24.80 ms | p=(  335.06  -310.34  13.65) v=6.68 m/s [KF]
[lio] t=1317401429.317 | feat 2209/10421 | map   8360 | icp ok  iter  8 corr  1570 rms 0.0487   22.61 ms | p=(  334.54  -310.13  13.65) v=5.88 m/s
[lio] t=1317401429.421 | feat 2162/10457 | map   8360 | icp ok  iter  6 corr  1467 rms 0.0578   15.65 ms | p=(  333.99  -309.86  13.65) v=5.88 m/s [KF]
[lio] t=1317401429.525 | feat 2142/10511 | map   8386 | icp ok  iter  6 corr  1499 rms 0.0524   17.11 ms | p=(  333.43  -309.52  13.65) v=6.10 m/s
[lio] t=1317401429.629 | feat 2196/10613 | map   8386 | icp ok  iter  5 corr  1521 rms 0.0601   13.86 ms | p=(  332.93  -309.19  13.65) v=5.89 m/s [KF]
[lio] t=1317401429.733 | feat 2225/10666 | map   8427 | icp ok  iter  6 corr  1581 rms 0.0519   17.92 ms | p=(  332.33  -308.76  13.65) v=6.61 m/s
[lio] t=1317401429.837 | feat 2245/10675 | map   8427 | icp ok  iter 10 corr  1567 rms 0.0481   26.44 ms | p=(  331.87  -308.39  13.64) v=6.05 m/s [KF]
[lio] t=1317401429.942 | feat 2261/10748 | map   8382 | icp ok  iter  7 corr  1600 rms 0.0495   21.04 ms | p=(  331.43  -307.99  13.64) v=5.87 m/s
[lio] t=1317401430.046 | feat 2316/10787 | map   8382 | icp ok  iter  7 corr  1591 rms 0.0590   20.55 ms | p=(  330.95  -307.50  13.64) v=6.26 m/s [KF]
[lio] t=1317401430.150 | feat 2282/10828 | map   8494 | icp ok  iter  7 corr  1609 rms 0.0466   19.86 ms | p=(  330.55  -307.08  13.64) v=5.86 m/s
[lio] t=1317401430.254 | feat 2333/10755 | map   8494 | icp ok  iter  5 corr  1663 rms 0.0670   14.42 ms | p=(  330.16  -306.59  13.64) v=5.90 m/s [KF]
[lio] t=1317401430.358 | feat 2406/10703 | map   8597 | icp ok  iter  7 corr  1723 rms 0.0668   20.59 ms | p=(  329.84  -306.11  13.63) v=5.57 m/s
[lio] t=1317401430.462 | feat 2440/10752 | map   8597 | icp ok  iter  5 corr  1700 rms 0.0532   15.06 ms | p=(  329.53  -305.63  13.64) v=5.40 m/s [KF]
[lio] t=1317401430.566 | feat 2539/10747 | map   8712 | icp ok  iter  8 corr  1806 rms 0.0593   25.16 ms | p=(  329.18  -305.13  13.64) v=5.52 m/s
[lio] t=1317401430.670 | feat 2516/10739 | map   8712 | icp ok  iter  6 corr  1760 rms 0.0472   18.77 ms | p=(  328.94  -304.68  13.64) v=5.01 m/s [KF]
[lio] t=1317401430.773 | feat 2474/10686 | map   8762 | icp ok  iter  6 corr  1795 rms 0.0507   18.98 ms | p=(  328.70  -304.20  13.63) v=4.94 m/s
[lio] t=1317401430.877 | feat 2527/10806 | map   8762 | icp ok  iter  5 corr  1829 rms 0.0468   17.08 ms | p=(  328.57  -303.81  13.63) v=4.20 m/s
[lio] t=1317401430.981 | feat 2484/10894 | map   8762 | icp ok  iter  4 corr  1726 rms 0.0752   13.41 ms | p=(  328.40  -303.36  13.63) v=4.29 m/s [KF]
[lio] t=1317401431.085 | feat 2467/10917 | map   8871 | icp ok  iter  6 corr  1813 rms 0.0616   19.64 ms | p=(  328.23  -302.94  13.63) v=4.21 m/s
[lio] t=1317401431.189 | feat 2656/11110 | map   8871 | icp ok  iter  7 corr  1994 rms 0.0643   24.87 ms | p=(  328.09  -302.52  13.62) v=4.08 m/s
[lio] t=1317401431.293 | feat 2721/11194 | map   8871 | icp ok  iter  7 corr  1995 rms 0.0523   25.28 ms | p=(  328.02  -302.17  13.61) v=3.57 m/s [KF]
[lio] t=1317401431.397 | feat 2616/11186 | map   9052 | icp ok  iter  6 corr  2027 rms 0.0556   20.96 ms | p=(  327.93  -301.80  13.61) v=3.56 m/s
[lio] t=1317401431.501 | feat 2626/11452 | map   9052 | icp ok  iter  5 corr  2016 rms 0.0556   17.28 ms | p=(  327.89  -301.42  13.61) v=3.65 m/s
[lio] t=1317401431.605 | feat 2595/11712 | map   9052 | icp ok  iter  8 corr  1953 rms 0.0740   28.28 ms | p=(  327.82  -301.04  13.60) v=3.68 m/s [KF]
[lio] t=1317401431.709 | feat 2678/11760 | map   9176 | icp ok  iter  6 corr  2092 rms 0.0509   22.71 ms | p=(  327.83  -300.70  13.60) v=3.40 m/s
[lio] t=1317401431.813 | feat 2569/11730 | map   9176 | icp ok  iter  5 corr  1981 rms 0.0456   16.09 ms | p=(  327.83  -300.33  13.58) v=3.47 m/s
[lio] t=1317401431.917 | feat 2609/11799 | map   9176 | icp ok  iter  6 corr  1953 rms 0.0521   19.47 ms | p=(  327.81  -299.95  13.57) v=3.57 m/s [KF]
[lio] t=1317401432.022 | feat 2622/11712 | map   9315 | icp ok  iter  5 corr  2082 rms 0.0498   18.11 ms | p=(  327.87  -299.62  13.56) v=3.36 m/s
[lio] t=1317401432.126 | feat 2658/11880 | map   9315 | icp ok  iter  6 corr  2060 rms 0.0590   22.50 ms | p=(  327.91  -299.28  13.55) v=3.29 m/s
[lio] t=1317401432.230 | feat 2679/11837 | map   9315 | icp ok  iter  8 corr  2105 rms 0.0591   30.29 ms | p=(  328.00  -298.93  13.55) v=3.40 m/s [KF]
[lio] t=1317401432.334 | feat 2684/11899 | map   9399 | icp ok  iter  4 corr  2135 rms 0.0455   15.14 ms | p=(  328.11  -298.61  13.54) v=3.28 m/s
[lio] t=1317401432.438 | feat 2623/11920 | map   9399 | icp ok  iter  5 corr  2091 rms 0.0469   20.01 ms | p=(  328.19  -298.28  13.54) v=3.28 m/s
[lio] t=1317401432.542 | feat 2601/12077 | map   9399 | icp ok  iter  4 corr  1998 rms 0.0675   15.06 ms | p=(  328.31  -297.98  13.52) v=3.19 m/s
[lio] t=1317401432.646 | feat 2497/11924 | map   9399 | icp ok  iter  6 corr  1941 rms 0.0548   21.17 ms | p=(  328.45  -297.69  13.51) v=3.17 m/s [KF]
[lio] t=1317401432.750 | feat 2499/11869 | map   9532 | icp ok  iter  6 corr  2028 rms 0.0553   20.06 ms | p=(  328.63  -297.34  13.49) v=3.58 m/s
[lio] t=1317401432.854 | feat 2510/11946 | map   9532 | icp ok  iter  6 corr  1991 rms 0.0537   19.13 ms | p=(  328.81  -297.05  13.47) v=3.49 m/s
[lio] t=1317401432.958 | feat 2562/11996 | map   9532 | icp ok  iter 12 corr  2027 rms 0.0654   46.97 ms | p=(  329.00  -296.69  13.46) v=3.82 m/s [KF]
[lio] t=1317401433.062 | feat 2674/12126 | map   9636 | icp ok  iter 11 corr  2179 rms 0.0501   42.07 ms | p=(  329.33  -296.47  13.45) v=3.83 m/s
[lio] t=1317401433.166 | feat 2587/12166 | map   9636 | icp ok  iter  9 corr  2075 rms 0.0479   32.51 ms | p=(  329.57  -296.13  13.45) v=3.97 m/s
[lio] t=1317401433.270 | feat 2527/12197 | map   9636 | icp ok  iter  7 corr  2051 rms 0.0533   25.01 ms | p=(  329.86  -295.86  13.44) v=3.97 m/s [KF]
[lio] t=1317401433.374 | feat 2521/12050 | map   9713 | icp ok  iter  4 corr  1997 rms 0.0409   13.08 ms | p=(  330.18  -295.59  13.43) v=4.13 m/s
[lio] t=1317401433.478 | feat 2622/11994 | map   9713 | icp ok  iter  4 corr  2053 rms 0.0524   13.85 ms | p=(  330.51  -295.32  13.42) v=4.17 m/s
[lio] t=1317401433.582 | feat 2494/12034 | map   9713 | icp ok  iter  8 corr  1998 rms 0.0548   27.66 ms | p=(  330.89  -295.10  13.43) v=4.31 m/s [KF]
[lio] t=1317401433.685 | feat 2458/12114 | map   9791 | icp ok  iter  8 corr  2063 rms 0.0592   28.08 ms | p=(  331.27  -294.84  13.42) v=4.44 m/s
[lio] t=1317401433.789 | feat 2301/11910 | map   9791 | icp ok  iter  9 corr  1862 rms 0.0537   27.67 ms | p=(  331.68  -294.63  13.42) v=4.54 m/s
[lio] t=1317401433.893 | feat 2334/11923 | map   9791 | icp ok  iter  6 corr  1872 rms 0.0691   21.08 ms | p=(  332.06  -294.44  13.38) v=4.40 m/s [KF]
[lio] t=1317401433.996 | feat 2440/11875 | map   9869 | icp ok  iter  6 corr  2005 rms 0.0444   19.10 ms | p=(  332.55  -294.25  13.35) v=4.91 m/s
[lio] t=1317401434.100 | feat 2398/11806 | map   9869 | icp ok  iter  7 corr  2022 rms 0.0535   23.40 ms | p=(  333.01  -294.01  13.35) v=5.06 m/s [KF]
[lio] t=1317401434.204 | feat 2377/11799 | map   9884 | icp ok  iter  6 corr  1953 rms 0.0410   20.00 ms | p=(  333.49  -293.83  13.35) v=5.04 m/s
[lio] t=1317401434.307 | feat 2263/11621 | map   9884 | icp ok  iter  6 corr  1828 rms 0.0779   18.86 ms | p=(  334.05  -293.67  13.34) v=5.50 m/s [KF]
[lio] t=1317401434.411 | feat 2158/11274 | map   9894 | icp ok  iter  5 corr  1707 rms 0.0474   15.80 ms | p=(  334.51  -293.45  13.30) v=5.24 m/s
[lio] t=1317401434.515 | feat 2094/11058 | map   9894 | icp ok  iter  8 corr  1658 rms 0.0511   22.97 ms | p=(  335.09  -293.34  13.27) v=5.59 m/s [KF]
[lio] t=1317401434.618 | feat 2268/11291 | map   9861 | icp ok  iter  4 corr  1803 rms 0.0411   14.15 ms | p=(  335.63  -293.19  13.25) v=5.61 m/s
[lio] t=1317401434.722 | feat 2173/11324 | map   9861 | icp ok  iter  6 corr  1744 rms 0.0533   17.54 ms | p=(  336.19  -293.05  13.24) v=5.66 m/s [KF]
[lio] t=1317401434.826 | feat 2160/10947 | map   9845 | icp ok  iter  5 corr  1742 rms 0.0512   14.69 ms | p=(  336.78  -292.89  13.23) v=5.94 m/s
[lio] t=1317401434.929 | feat 2077/10775 | map   9845 | icp ok  iter  8 corr  1616 rms 0.0595   23.11 ms | p=(  337.38  -292.75  13.22) v=6.03 m/s [KF]
[lio] t=1317401435.033 | feat 2034/10535 | map   9840 | icp ok  iter  5 corr  1566 rms 0.0528   14.41 ms | p=(  337.99  -292.64  13.21) v=6.09 m/s
[lio] t=1317401435.137 | feat 1946/10170 | map   9840 | icp ok  iter  6 corr  1491 rms 0.0718   16.17 ms | p=(  338.63  -292.45  13.19) v=6.39 m/s [KF]
[lio] t=1317401435.240 | feat 2040/10125 | map   9865 | icp ok  iter  6 corr  1579 rms 0.0506   16.91 ms | p=(  339.28  -292.32  13.17) v=6.50 m/s
[lio] t=1317401435.344 | feat 2028/9996 | map   9865 | icp ok  iter  6 corr  1575 rms 0.0578   16.70 ms | p=(  339.97  -292.19  13.15) v=6.75 m/s [KF]
[lio] t=1317401435.448 | feat 1903/9758 | map   9839 | icp ok  iter  6 corr  1524 rms 0.0623   15.82 ms | p=(  340.63  -292.05  13.15) v=6.74 m/s
[lio] t=1317401435.552 | feat 1699/9498 | map   9839 | icp ok  iter 12 corr  1276 rms 0.0719   27.67 ms | p=(  341.32  -291.91  13.13) v=6.83 m/s [KF]
[lio] t=1317401435.655 | feat 1712/9503 | map   9836 | icp ok  iter  6 corr  1392 rms 0.0565   13.29 ms | p=(  342.01  -291.77  13.13) v=6.91 m/s
[lio] t=1317401435.759 | feat 1636/9217 | map   9836 | icp ok  iter  7 corr  1253 rms 0.0607   16.39 ms | p=(  342.75  -291.59  13.11) v=7.28 m/s [KF]
[lio] t=1317401435.863 | feat 1603/9186 | map   9870 | icp ok  iter  5 corr  1275 rms 0.0822   11.51 ms | p=(  343.48  -291.45  13.10) v=7.25 m/s
[lio] t=1317401435.967 | feat 1486/8891 | map   9870 | icp ok  iter  4 corr  1154 rms 0.0753    8.23 ms | p=(  344.21  -291.30  13.10) v=7.29 m/s [KF]
[lio] t=1317401436.071 | feat 1437/8859 | map   9875 | icp ok  iter  7 corr  1147 rms 0.0526   14.23 ms | p=(  344.97  -291.18  13.10) v=7.42 m/s
[lio] t=1317401436.175 | feat 1334/8719 | map   9875 | icp ok  iter  5 corr  1059 rms 0.0570    8.59 ms | p=(  345.73  -291.02  13.09) v=7.53 m/s [KF]
[lio] t=1317401436.279 | feat 1397/8733 | map   9852 | icp ok  iter  4 corr  1124 rms 0.0579    7.95 ms | p=(  346.51  -290.86  13.08) v=7.69 m/s
[lio] t=1317401436.383 | feat 1370/8695 | map   9852 | icp ok  iter  5 corr  1063 rms 0.0501   10.27 ms | p=(  347.26  -290.71  13.09) v=7.54 m/s [KF]
[lio] t=1317401436.486 | feat 1381/8757 | map   9863 | icp ok  iter  5 corr  1133 rms 0.0721    9.55 ms | p=(  348.06  -290.55  13.08) v=7.82 m/s
[lio] t=1317401436.590 | feat 1338/8819 | map   9863 | icp ok  iter  4 corr  1083 rms 0.0550    7.74 ms | p=(  348.86  -290.41  13.08) v=7.92 m/s [KF]
[lio] t=1317401436.694 | feat 1351/8830 | map   9878 | icp ok  iter  4 corr  1105 rms 0.0542    6.78 ms | p=(  349.66  -290.26  13.04) v=7.96 m/s
[lio] t=1317401436.798 | feat 1328/8922 | map   9878 | icp ok  iter  6 corr  1092 rms 0.0631   11.24 ms | p=(  350.49  -290.12  13.05) v=8.10 m/s [KF]
[lio] t=1317401436.902 | feat 1430/8760 | map   9899 | icp ok  iter  6 corr  1182 rms 0.0723   11.78 ms | p=(  351.34  -289.97  13.02) v=8.32 m/s
[lio] t=1317401437.006 | feat 1387/8629 | map   9899 | icp ok  iter  5 corr  1175 rms 0.0685    8.97 ms | p=(  352.16  -289.81  13.03) v=8.22 m/s [KF]
[lio] t=1317401437.110 | feat 1377/8469 | map   9908 | icp ok  iter  4 corr  1165 rms 0.0861    8.31 ms | p=(  353.02  -289.68  13.01) v=8.39 m/s
[lio] t=1317401437.214 | feat 1355/8387 | map   9908 | icp ok  iter  5 corr  1159 rms 0.0927   10.23 ms | p=(  353.89  -289.51  12.99) v=8.54 m/s [KF]
[lio] t=1317401437.317 | feat 1380/8271 | map   9842 | icp ok  iter  4 corr  1205 rms 0.0556    8.27 ms | p=(  354.78  -289.36  12.97) v=8.73 m/s
[lio] t=1317401437.421 | feat 1376/8226 | map   9842 | icp ok  iter  5 corr  1180 rms 0.0519    9.66 ms | p=(  355.69  -289.20  12.95) v=8.91 m/s [KF]
[lio] t=1317401437.525 | feat 1420/8243 | map   9738 | icp ok  iter  5 corr  1228 rms 0.0574   10.45 ms | p=(  356.59  -289.04  12.92) v=8.89 m/s
[lio] t=1317401437.629 | feat 1359/8162 | map   9738 | icp ok  iter  5 corr  1173 rms 0.1080    9.80 ms | p=(  357.50  -288.86  12.92) v=9.00 m/s [KF]
[lio] t=1317401437.733 | feat 1296/7916 | map   9642 | icp ok  iter  5 corr  1114 rms 0.0651    9.62 ms | p=(  358.41  -288.71  12.90) v=9.02 m/s
[lio] t=1317401437.837 | feat 1061/7475 | map   9642 | icp ok  iter  4 corr   852 rms 0.0620    6.30 ms | p=(  359.33  -288.54  12.88) v=9.10 m/s [KF]
[lio] t=1317401437.940 | feat  950/6884 | map   9505 | icp ok  iter  5 corr   737 rms 0.0747    6.42 ms | p=(  360.27  -288.37  12.83) v=9.23 m/s
[lio] t=1317401438.044 | feat  923/6217 | map   9505 | icp ok  iter  4 corr   687 rms 0.0672    5.47 ms | p=(  361.25  -288.20  12.84) v=9.49 m/s [KF]
[lio] t=1317401438.148 | feat  902/5877 | map   9268 | icp ok  iter  6 corr   659 rms 0.0766    6.56 ms | p=(  362.23  -288.01  12.80) v=9.60 m/s
[lio] t=1317401438.252 | feat  990/5685 | map   9268 | icp ok  iter  7 corr   728 rms 0.0556    9.01 ms | p=(  363.14  -287.87  12.78) v=9.18 m/s [KF]
[lio] t=1317401438.356 | feat 1172/5779 | map   9069 | icp ok  iter  4 corr   872 rms 0.0878    6.82 ms | p=(  364.09  -287.68  12.72) v=9.33 m/s
[lio] t=1317401438.460 | feat 1268/5845 | map   9069 | icp ok  iter  5 corr   962 rms 0.0966    9.24 ms | p=(  365.05  -287.46  12.71) v=9.45 m/s [KF]
[lio] t=1317401438.563 | feat 1351/6007 | map   8880 | icp ok  iter  5 corr  1076 rms 0.0654    9.64 ms | p=(  366.00  -287.26  12.65) v=9.43 m/s
[lio] t=1317401438.667 | feat 1311/6235 | map   8880 | icp ok  iter  5 corr  1050 rms 0.0538    9.33 ms | p=(  366.95  -287.06  12.62) v=9.43 m/s [KF]
[lio] t=1317401438.771 | feat 1226/6132 | map   8674 | icp ok  iter  5 corr   984 rms 0.0463    7.59 ms | p=(  367.91  -286.87  12.58) v=9.44 m/s
[lio] t=1317401438.875 | feat 1156/6154 | map   8674 | icp ok  iter  5 corr   875 rms 0.0576    7.59 ms | p=(  368.89  -286.68  12.55) v=9.60 m/s [KF]
[lio] t=1317401438.979 | feat 1156/6026 | map   8393 | icp ok  iter  6 corr   882 rms 0.0749    9.57 ms | p=(  369.87  -286.48  12.52) v=9.62 m/s
[lio] t=1317401439.083 | feat 1133/5879 | map   8393 | icp ok  iter  5 corr   877 rms 0.0823    7.79 ms | p=(  370.87  -286.28  12.52) v=9.76 m/s [KF]
[lio] t=1317401439.187 | feat 1039/5788 | map   8197 | icp ok  iter  5 corr   827 rms 0.0506    7.13 ms | p=(  371.91  -286.08  12.48) v=10.05 m/s [KF]
[lio] t=1317401439.291 | feat 1060/5744 | map   7935 | icp ok  iter  5 corr   849 rms 0.0655    7.14 ms | p=(  372.92  -285.88  12.44) v=9.95 m/s [KF]
[lio] t=1317401439.395 | feat 1020/5625 | map   7672 | icp ok  iter  6 corr   820 rms 0.0862    8.47 ms | p=(  373.89  -285.69  12.42) v=9.70 m/s
[lio] t=1317401439.499 | feat  934/5579 | map   7672 | icp ok  iter 12 corr   728 rms 0.0704   14.38 ms | p=(  374.76  -285.51  12.39) v=9.08 m/s [KF]
[lio] t=1317401439.602 | feat  903/5531 | map   7525 | icp ok  iter  9 corr   681 rms 0.0901   10.92 ms | p=(  375.87  -285.29  12.34) v=10.19 m/s [KF]
[lio] t=1317401439.706 | feat  953/5464 | map   7225 | icp ok  iter  7 corr   768 rms 0.0805    9.03 ms | p=(  376.90  -285.10  12.31) v=10.14 m/s [KF]
[lio] t=1317401439.810 | feat  994/5558 | map   7055 | icp ok  iter  6 corr   825 rms 0.0722    8.44 ms | p=(  377.88  -284.91  12.29) v=9.84 m/s [KF]
[lio] t=1317401439.914 | feat  999/5673 | map   6942 | icp ok  iter 12 corr   815 rms 0.1004   17.38 ms | p=(  378.88  -284.71  12.25) v=9.83 m/s [KF]
[lio] t=1317401440.018 | feat 1013/5812 | map   6789 | icp ok  iter  4 corr   829 rms 0.0541    5.29 ms | p=(  379.89  -284.50  12.22) v=9.90 m/s [KF]
[lio] t=1317401440.122 | feat 1063/5876 | map   6685 | icp ok  iter  4 corr   886 rms 0.0793    5.87 ms | p=(  380.90  -284.29  12.17) v=9.93 m/s [KF]
[lio] t=1317401440.226 | feat 1185/6005 | map   6567 | icp ok  iter  5 corr  1017 rms 0.0878    9.36 ms | p=(  381.81  -284.11  12.14) v=9.35 m/s
[lio] t=1317401440.330 | feat 1135/6199 | map   6567 | icp ok  iter  6 corr   918 rms 0.0533    9.46 ms | p=(  382.84  -283.91  12.11) v=9.84 m/s [KF]
[lio] t=1317401440.434 | feat 1200/6328 | map   6533 | icp ok  iter  5 corr  1057 rms 0.0584    8.86 ms | p=(  383.82  -283.71  12.09) v=9.67 m/s
[lio] t=1317401440.538 | feat 1248/6335 | map   6533 | icp ok  iter  3 corr  1048 rms 0.0808    5.89 ms | p=(  384.80  -283.52  12.05) v=9.66 m/s [KF]
[lio] t=1317401440.642 | feat 1280/6477 | map   6609 | icp ok  iter  4 corr  1105 rms 0.0605    7.17 ms | p=(  385.81  -283.33  12.01) v=9.79 m/s [KF]
[lio] t=1317401440.746 | feat 1264/6451 | map   6637 | icp ok  iter  4 corr  1067 rms 0.0797    7.16 ms | p=(  386.80  -283.14  11.98) v=9.79 m/s [KF]
[lio] t=1317401440.850 | feat 1178/6357 | map   6651 | icp ok  iter  3 corr  1043 rms 0.0691    5.90 ms | p=(  387.81  -282.96  11.96) v=9.80 m/s [KF]
[lio] t=1317401440.953 | feat 1229/6341 | map   6635 | icp ok  iter  4 corr  1031 rms 0.0641    6.75 ms | p=(  388.79  -282.76  11.92) v=9.70 m/s [KF]
[lio] t=1317401441.057 | feat 1155/6433 | map   6624 | icp ok  iter  3 corr  1014 rms 0.0755    5.28 ms | p=(  389.78  -282.58  11.89) v=9.73 m/s [KF]
[lio] t=1317401441.161 | feat 1133/6666 | map   6607 | icp ok  iter  3 corr   955 rms 0.1032    5.10 ms | p=(  390.77  -282.41  11.86) v=9.65 m/s
[lio] t=1317401441.265 | feat 1092/6944 | map   6607 | icp ok  iter  4 corr   874 rms 0.1400    6.79 ms | p=(  391.73  -282.21  11.84) v=9.50 m/s [KF]
[lio] t=1317401441.369 | feat 1224/6819 | map   6589 | icp ok  iter  5 corr  1014 rms 0.0554    8.46 ms | p=(  392.76  -282.01  11.80) v=9.85 m/s [KF]
[lio] t=1317401441.473 | feat 1219/6481 | map   6560 | icp ok  iter  5 corr   988 rms 0.0840    8.34 ms | p=(  393.72  -281.81  11.78) v=9.66 m/s
[lio] t=1317401441.577 | feat 1202/6536 | map   6560 | icp ok  iter  3 corr   996 rms 0.0680    5.83 ms | p=(  394.70  -281.61  11.74) v=9.62 m/s [KF]
[lio] t=1317401441.681 | feat 1248/6535 | map   6657 | icp ok  iter  3 corr  1022 rms 0.0576    5.83 ms | p=(  395.66  -281.41  11.73) v=9.52 m/s
[lio] t=1317401441.785 | feat 1253/6582 | map   6657 | icp ok  iter  4 corr  1066 rms 0.0648    7.17 ms | p=(  396.63  -281.22  11.71) v=9.52 m/s [KF]
[lio] t=1317401441.889 | feat 1133/6449 | map   6772 | icp ok  iter  4 corr   964 rms 0.0676    6.21 ms | p=(  397.61  -281.03  11.70) v=9.59 m/s
[lio] t=1317401441.992 | feat  994/6428 | map   6772 | icp ok  iter  6 corr   807 rms 0.0766    8.32 ms | p=(  398.61  -280.83  11.66) v=9.78 m/s [KF]
[lio] t=1317401442.096 | feat 1173/6385 | map   6866 | icp ok  iter  4 corr   983 rms 0.0755    6.45 ms | p=(  399.60  -280.65  11.66) v=9.77 m/s [KF]
[lio] t=1317401442.200 | feat 1063/6521 | map   6854 | icp ok  iter  4 corr   900 rms 0.0759    6.09 ms | p=(  400.59  -280.45  11.65) v=9.75 m/s [KF]
[lio] t=1317401442.304 | feat  983/6426 | map   6798 | icp ok  iter  4 corr   809 rms 0.1206    5.48 ms | p=(  401.55  -280.26  11.63) v=9.56 m/s
[lio] t=1317401442.408 | feat  996/6358 | map   6798 | icp ok  iter  5 corr   869 rms 0.0755    8.17 ms | p=(  402.57  -280.07  11.60) v=9.86 m/s [KF]
[lio] t=1317401442.512 | feat 1076/6310 | map   6777 | icp ok  iter  4 corr   935 rms 0.0635    6.44 ms | p=(  403.58  -279.87  11.58) v=9.93 m/s [KF]
[lio] t=1317401442.616 | feat  961/6271 | map   6771 | icp ok  iter  4 corr   815 rms 0.0831    5.26 ms | p=(  404.59  -279.69  11.55) v=9.93 m/s [KF]
[lio] t=1317401442.720 | feat  948/5992 | map   6801 | icp ok  iter  4 corr   785 rms 0.0717    5.45 ms | p=(  405.59  -279.49  11.54) v=9.92 m/s [KF]
[lio] t=1317401442.824 | feat  960/5743 | map   6768 | icp ok  iter  4 corr   806 rms 0.0718    5.64 ms | p=(  406.62  -279.27  11.55) v=10.04 m/s [KF]
[lio] t=1317401442.928 | feat  936/5519 | map   6709 | icp ok  iter  4 corr   760 rms 0.0582    5.79 ms | p=(  407.62  -279.08  11.53) v=9.94 m/s [KF]
[lio] t=1317401443.032 | feat  880/5268 | map   6748 | icp ok  iter  5 corr   721 rms 0.0569    6.20 ms | p=(  408.65  -278.89  11.53) v=10.01 m/s [KF]
[lio] t=1317401443.136 | feat  843/5067 | map   6768 | icp ok  iter  4 corr   710 rms 0.0620    4.52 ms | p=(  409.69  -278.69  11.50) v=10.19 m/s [KF]
[lio] t=1317401443.240 | feat  793/5266 | map   6742 | icp ok  iter  4 corr   655 rms 0.0762    4.89 ms | p=(  410.72  -278.50  11.49) v=10.19 m/s [KF]
[lio] t=1317401443.344 | feat  893/5238 | map   6686 | icp ok  iter  4 corr   741 rms 0.0622    5.78 ms | p=(  411.74  -278.29  11.47) v=10.10 m/s [KF]
[lio] t=1317401443.448 | feat  892/5373 | map   6589 | icp ok  iter  5 corr   737 rms 0.0844    6.03 ms | p=(  412.76  -278.08  11.47) v=10.09 m/s [KF]
[lio] t=1317401443.552 | feat  899/5455 | map   6532 | icp ok  iter  4 corr   733 rms 0.0684    4.97 ms | p=(  413.82  -277.88  11.44) v=10.29 m/s [KF]
[lio] t=1317401443.656 | feat  987/5429 | map   6497 | icp ok  iter  4 corr   775 rms 0.0713    5.44 ms | p=(  414.85  -277.68  11.42) v=10.20 m/s [KF]
[lio] t=1317401443.760 | feat  968/5340 | map   6502 | icp ok  iter  5 corr   776 rms 0.0661    6.47 ms | p=(  415.90  -277.48  11.42) v=10.26 m/s [KF]
[lio] t=1317401443.863 | feat  988/5280 | map   6505 | icp ok  iter  3 corr   843 rms 0.0619    4.55 ms | p=(  416.94  -277.27  11.40) v=10.25 m/s [KF]
[lio] t=1317401443.967 | feat  879/5284 | map   6441 | icp ok  iter  5 corr   740 rms 0.0766    6.05 ms | p=(  417.98  -277.06  11.38) v=10.21 m/s [KF]
[lio] t=1317401444.071 | feat  923/5294 | map   6343 | icp ok  iter  4 corr   753 rms 0.0748    5.53 ms | p=(  419.02  -276.87  11.37) v=10.19 m/s [KF]
[lio] t=1317401444.175 | feat  869/5254 | map   6255 | icp ok  iter  4 corr   717 rms 0.0615    5.00 ms | p=(  420.06  -276.66  11.36) v=10.17 m/s [KF]
[lio] t=1317401444.279 | feat  945/5181 | map   6114 | icp ok  iter  4 corr   788 rms 0.0573    5.27 ms | p=(  421.09  -276.45  11.35) v=10.13 m/s [KF]
[lio] t=1317401444.383 | feat  898/5230 | map   6034 | icp ok  iter  4 corr   760 rms 0.0738    5.01 ms | p=(  422.13  -276.24  11.33) v=10.17 m/s [KF]
[lio] t=1317401444.487 | feat  871/5307 | map   5870 | icp ok  iter  4 corr   720 rms 0.0569    4.85 ms | p=(  423.17  -276.05  11.31) v=10.18 m/s [KF]
[lio] t=1317401444.591 | feat  979/5304 | map   5781 | icp ok  iter  4 corr   789 rms 0.0662    5.35 ms | p=(  424.19  -275.83  11.29) v=10.08 m/s [KF]
[lio] t=1317401444.695 | feat 1155/5371 | map   5715 | icp ok  iter  5 corr   989 rms 0.0710    8.23 ms | p=(  425.21  -275.63  11.28) v=10.04 m/s [KF]
[lio] t=1317401444.799 | feat 1155/5335 | map   5774 | icp ok  iter  4 corr   984 rms 0.0563    6.84 ms | p=(  426.20  -275.43  11.25) v=9.86 m/s [KF]
[lio] t=1317401444.903 | feat 1196/5252 | map   5728 | icp ok  iter  4 corr   999 rms 0.0576    6.53 ms | p=(  427.22  -275.24  11.24) v=9.89 m/s [KF]
[lio] t=1317401445.007 | feat 1157/5340 | map   5682 | icp ok  iter  4 corr   961 rms 0.0622    6.05 ms | p=(  428.22  -275.03  11.21) v=9.87 m/s [KF]
[lio] t=1317401445.111 | feat 1289/5372 | map   5718 | icp ok  iter  3 corr  1123 rms 0.0656    5.59 ms | p=(  429.23  -274.83  11.19) v=9.88 m/s [KF]
[lio] t=1317401445.215 | feat 1272/5449 | map   5677 | icp ok  iter  4 corr  1081 rms 0.0555    7.04 ms | p=(  430.23  -274.62  11.17) v=9.86 m/s [KF]
[lio] t=1317401445.319 | feat 1228/5441 | map   5695 | icp ok  iter  4 corr  1067 rms 0.0572    7.14 ms | p=(  431.23  -274.42  11.15) v=9.81 m/s [KF]
[lio] t=1317401445.422 | feat 1262/5414 | map   5731 | icp ok  iter  3 corr  1065 rms 0.0668    5.74 ms | p=(  432.24  -274.22  11.14) v=9.86 m/s [KF]
[lio] t=1317401445.526 | feat 1416/5491 | map   5756 | icp ok  iter  4 corr  1262 rms 0.0583    8.00 ms | p=(  433.23  -274.03  11.13) v=9.75 m/s [KF]
[lio] t=1317401445.630 | feat 1442/5612 | map   5781 | icp ok  iter  2 corr  1299 rms 0.0600    4.54 ms | p=(  434.23  -273.83  11.11) v=9.75 m/s [KF]
[lio] t=1317401445.734 | feat 1604/5870 | map   5783 | icp ok  iter  3 corr  1442 rms 0.0626    7.27 ms | p=(  435.20  -273.64  11.08) v=9.62 m/s
[lio] t=1317401445.838 | feat 1521/6012 | map   5783 | icp ok  iter  4 corr  1318 rms 0.0564    8.32 ms | p=(  436.19  -273.45  11.07) v=9.66 m/s [KF]
[lio] t=1317401445.942 | feat 1469/6134 | map   5867 | icp ok  iter  4 corr  1274 rms 0.0694    8.87 ms | p=(  437.16  -273.26  11.04) v=9.58 m/s
[lio] t=1317401446.046 | feat 1247/5960 | map   5867 | icp ok  iter  4 corr  1035 rms 0.0930    7.67 ms | p=(  438.14  -273.08  11.01) v=9.60 m/s [KF]
[lio] t=1317401446.150 | feat 1276/5845 | map   6006 | icp ok  iter  4 corr  1054 rms 0.0681    6.80 ms | p=(  439.09  -272.88  11.00) v=9.39 m/s
[lio] t=1317401446.254 | feat 1349/6034 | map   6006 | icp ok  iter  4 corr  1099 rms 0.1037    8.23 ms | p=(  440.05  -272.70  10.99) v=9.38 m/s [KF]
[lio] t=1317401446.358 | feat 1319/6349 | map   6179 | icp ok  iter  5 corr  1143 rms 0.0662    9.98 ms | p=(  441.04  -272.49  10.98) v=9.56 m/s [KF]
[lio] t=1317401446.461 | feat 1531/6739 | map   6275 | icp ok  iter  3 corr  1379 rms 0.0751    7.56 ms | p=(  442.01  -272.31  10.93) v=9.52 m/s
[lio] t=1317401446.565 | feat 1550/6801 | map   6275 | icp ok  iter  4 corr  1338 rms 0.0685    8.97 ms | p=(  442.96  -272.10  10.90) v=9.46 m/s [KF]
[lio] t=1317401446.669 | feat 1502/6922 | map   6472 | icp ok  iter  4 corr  1278 rms 0.0761    9.09 ms | p=(  443.91  -271.92  10.87) v=9.38 m/s
[lio] t=1317401446.773 | feat 1391/7147 | map   6472 | icp ok  iter  3 corr  1130 rms 0.0870    6.55 ms | p=(  444.87  -271.71  10.87) v=9.41 m/s [KF]
[lio] t=1317401446.877 | feat 1662/7369 | map   6626 | icp ok  iter  4 corr  1310 rms 0.0738    9.45 ms | p=(  445.82  -271.52  10.87) v=9.35 m/s
[lio] t=1317401446.981 | feat 1709/7516 | map   6626 | icp ok  iter  4 corr  1245 rms 0.0662    8.60 ms | p=(  446.77  -271.33  10.86) v=9.31 m/s [KF]
[lio] t=1317401447.085 | feat 1763/7500 | map   6884 | icp ok  iter  3 corr  1522 rms 0.0638    7.21 ms | p=(  447.71  -271.15  10.82) v=9.20 m/s
[lio] t=1317401447.189 | feat 1823/7588 | map   6884 | icp ok  iter  4 corr  1539 rms 0.0677   10.72 ms | p=(  448.65  -270.97  10.82) v=9.19 m/s [KF]
[lio] t=1317401447.293 | feat 1747/7554 | map   7107 | icp ok  iter  3 corr  1527 rms 0.0595    7.79 ms | p=(  449.58  -270.79  10.79) v=9.14 m/s
[lio] t=1317401447.396 | feat 1747/7965 | map   7107 | icp ok  iter  4 corr  1526 rms 0.0678   10.51 ms | p=(  450.50  -270.62  10.77) v=9.08 m/s [KF]
[lio] t=1317401447.500 | feat 1747/8340 | map   7282 | icp ok  iter  4 corr  1569 rms 0.0520   10.51 ms | p=(  451.43  -270.44  10.75) v=9.09 m/s
[lio] t=1317401447.604 | feat 1758/8520 | map   7282 | icp ok  iter  4 corr  1514 rms 0.0552   10.90 ms | p=(  452.34  -270.26  10.74) v=8.99 m/s [KF]
[lio] t=1317401447.708 | feat 1794/8437 | map   7416 | icp ok  iter  3 corr  1563 rms 0.0778    7.68 ms | p=(  453.25  -270.09  10.72) v=8.95 m/s
[lio] t=1317401447.812 | feat 1803/8599 | map   7416 | icp ok  iter  4 corr  1534 rms 0.0728   10.99 ms | p=(  454.17  -269.92  10.70) v=8.97 m/s [KF]
[lio] t=1317401447.916 | feat 1922/8918 | map   7680 | icp ok  iter  4 corr  1740 rms 0.0680   10.41 ms | p=(  455.09  -269.75  10.69) v=8.96 m/s
[lio] t=1317401448.020 | feat 1901/9125 | map   7680 | icp ok  iter  4 corr  1657 rms 0.0802   11.89 ms | p=(  456.00  -269.57  10.66) v=8.89 m/s [KF]
[lio] t=1317401448.124 | feat 1773/9325 | map   7902 | icp ok  iter  3 corr  1519 rms 0.0822    8.46 ms | p=(  456.92  -269.39  10.65) v=8.94 m/s
[lio] t=1317401448.228 | feat 1716/9368 | map   7902 | icp ok  iter  4 corr  1449 rms 0.0988    9.75 ms | p=(  457.81  -269.23  10.61) v=8.82 m/s [KF]
[lio] t=1317401448.332 | feat 1762/9617 | map   8109 | icp ok  iter  5 corr  1563 rms 0.0782   12.54 ms | p=(  458.72  -269.06  10.61) v=8.89 m/s
[lio] t=1317401448.436 | feat 1922/9673 | map   8109 | icp ok  iter  6 corr  1637 rms 0.0840   17.30 ms | p=(  459.61  -268.89  10.59) v=8.81 m/s [KF]
[lio] t=1317401448.540 | feat 1903/9473 | map   8419 | icp ok  iter  5 corr  1635 rms 0.0648   14.28 ms | p=(  460.50  -268.72  10.57) v=8.72 m/s
[lio] t=1317401448.643 | feat 1888/9435 | map   8419 | icp ok  iter  4 corr  1615 rms 0.0722   11.92 ms | p=(  461.38  -268.54  10.56) v=8.69 m/s [KF]
[lio] t=1317401448.747 | feat 2058/9482 | map   8720 | icp ok  iter  5 corr  1841 rms 0.0670   15.30 ms | p=(  462.26  -268.37  10.54) v=8.69 m/s
[lio] t=1317401448.851 | feat 2066/9375 | map   8720 | icp ok  iter  5 corr  1842 rms 0.0671   16.71 ms | p=(  463.15  -268.19  10.50) v=8.68 m/s [KF]
[lio] t=1317401448.955 | feat 1947/9290 | map   8992 | icp ok  iter  4 corr  1746 rms 0.0731   12.64 ms | p=(  464.02  -268.02  10.48) v=8.63 m/s
[lio] t=1317401449.059 | feat 1909/8990 | map   8992 | icp ok  iter  4 corr  1685 rms 0.0820   11.73 ms | p=(  464.92  -267.85  10.45) v=8.74 m/s [KF]
[lio] t=1317401449.163 | feat 1958/8884 | map   9178 | icp ok  iter  3 corr  1744 rms 0.0633    9.23 ms | p=(  465.79  -267.67  10.42) v=8.62 m/s
[lio] t=1317401449.267 | feat 2085/8875 | map   9178 | icp ok  iter  4 corr  1813 rms 0.0689   12.42 ms | p=(  466.66  -267.50  10.39) v=8.57 m/s [KF]
[lio] t=1317401449.371 | feat 2032/8876 | map   9385 | icp ok  iter  5 corr  1821 rms 0.0651   14.47 ms | p=(  467.53  -267.32  10.38) v=8.57 m/s
[lio] t=1317401449.475 | feat 1892/8608 | map   9385 | icp ok  iter  4 corr  1665 rms 0.0645   11.46 ms | p=(  468.40  -267.14  10.33) v=8.55 m/s [KF]
[lio] t=1317401449.579 | feat 1671/8413 | map   9515 | icp ok  iter  5 corr  1429 rms 0.0686   12.45 ms | p=(  469.26  -266.97  10.31) v=8.48 m/s
[lio] t=1317401449.683 | feat 1779/8089 | map   9515 | icp ok  iter  6 corr  1485 rms 0.0718   14.79 ms | p=(  470.13  -266.79  10.28) v=8.54 m/s [KF]
[lio] t=1317401449.787 | feat 1907/7771 | map   9673 | icp ok  iter  5 corr  1711 rms 0.0575   13.08 ms | p=(  471.00  -266.61  10.26) v=8.56 m/s
[lio] t=1317401449.891 | feat 1715/7325 | map   9673 | icp ok  iter  7 corr  1481 rms 0.0708   16.80 ms | p=(  471.88  -266.43  10.25) v=8.58 m/s [KF]
[lio] t=1317401449.995 | feat 1504/6830 | map   9777 | icp ok  iter  5 corr  1314 rms 0.0718   11.49 ms | p=(  472.74  -266.26  10.21) v=8.57 m/s
[lio] t=1317401450.099 | feat 1516/6453 | map   9777 | icp ok  iter  5 corr  1336 rms 0.0603   11.75 ms | p=(  473.60  -266.09  10.18) v=8.55 m/s [KF]
[lio] t=1317401450.203 | feat 1505/6402 | map   9823 | icp ok  iter  5 corr  1304 rms 0.0643   10.81 ms | p=(  474.49  -265.91  10.15) v=8.74 m/s
[lio] t=1317401450.307 | feat 1238/6217 | map   9823 | icp ok  iter  5 corr  1047 rms 0.0633    8.57 ms | p=(  475.39  -265.74  10.13) v=8.81 m/s [KF]
[lio] t=1317401450.411 | feat 1389/6096 | map   9852 | icp ok  iter  4 corr  1132 rms 0.0511    6.96 ms | p=(  476.28  -265.56  10.10) v=8.86 m/s
[lio] t=1317401450.515 | feat 1286/6047 | map   9852 | icp ok  iter  7 corr  1058 rms 0.0542   12.00 ms | p=(  477.18  -265.38  10.07) v=8.89 m/s [KF]
[lio] t=1317401450.618 | feat 1269/6054 | map   9847 | icp ok  iter  4 corr  1031 rms 0.0666    7.57 ms | p=(  478.10  -265.20  10.07) v=8.98 m/s
[lio] t=1317401450.722 | feat 1327/6173 | map   9847 | icp ok  iter  5 corr  1024 rms 0.0809    8.25 ms | p=(  478.99  -265.01  10.04) v=8.85 m/s [KF]
[lio] t=1317401450.826 | feat 1363/6178 | map   9817 | icp ok  iter  7 corr  1110 rms 0.0656   12.62 ms | p=(  479.92  -264.84  10.01) v=9.05 m/s
[lio] t=1317401450.930 | feat 1425/5988 | map   9817 | icp ok  iter  4 corr  1054 rms 0.0671    7.71 ms | p=(  480.80  -264.66   9.97) v=8.82 m/s [KF]
[lio] t=1317401451.034 | feat 1356/6010 | map   9797 | icp ok  iter  4 corr  1109 rms 0.0644    8.16 ms | p=(  481.71  -264.48   9.97) v=8.90 m/s
[lio] t=1317401451.138 | feat 1331/6170 | map   9797 | icp ok  iter  4 corr  1086 rms 0.0670    7.29 ms | p=(  482.60  -264.31   9.94) v=8.78 m/s [KF]
[lio] t=1317401451.242 | feat 1417/6197 | map   9783 | icp ok  iter  4 corr  1212 rms 0.0567    8.47 ms | p=(  483.49  -264.13   9.93) v=8.77 m/s
[lio] t=1317401451.346 | feat 1421/6162 | map   9783 | icp ok  iter  5 corr  1183 rms 0.0777   10.14 ms | p=(  484.39  -263.95   9.91) v=8.77 m/s [KF]
[lio] t=1317401451.450 | feat 1378/6136 | map   9784 | icp ok  iter  4 corr  1185 rms 0.0812    8.26 ms | p=(  485.29  -263.77   9.89) v=8.79 m/s
[lio] t=1317401451.554 | feat 1188/6019 | map   9784 | icp ok  iter  3 corr   971 rms 0.0581    5.23 ms | p=(  486.17  -263.59   9.86) v=8.72 m/s [KF]
[lio] t=1317401451.658 | feat 1104/6031 | map   9683 | icp ok  iter  4 corr   945 rms 0.0712    6.62 ms | p=(  487.05  -263.42   9.83) v=8.64 m/s
[lio] t=1317401451.762 | feat 1212/6123 | map   9683 | icp ok  iter  4 corr   987 rms 0.0665    6.98 ms | p=(  487.92  -263.25   9.82) v=8.59 m/s [KF]
[lio] t=1317401451.866 | feat 1332/6094 | map   9585 | icp ok  iter  4 corr  1083 rms 0.0791    7.62 ms | p=(  488.82  -263.07   9.81) v=8.71 m/s
[lio] t=1317401451.970 | feat 1150/6136 | map   9585 | icp ok  iter  4 corr   916 rms 0.0714    6.35 ms | p=(  489.69  -262.89   9.79) v=8.62 m/s [KF]
[lio] t=1317401452.074 | feat 1107/6235 | map   9575 | icp ok  iter  4 corr   924 rms 0.0872    6.31 ms | p=(  490.58  -262.72   9.75) v=8.67 m/s
[lio] t=1317401452.178 | feat 1456/6148 | map   9575 | icp ok  iter  3 corr  1142 rms 0.0879    6.92 ms | p=(  491.44  -262.56   9.73) v=8.57 m/s [KF]
[lio] t=1317401452.282 | feat 1262/5923 | map   9707 | icp ok  iter  5 corr  1019 rms 0.0633    8.23 ms | p=(  492.31  -262.38   9.71) v=8.58 m/s
[lio] t=1317401452.386 | feat 1276/5708 | map   9707 | icp ok  iter  4 corr  1009 rms 0.0709    7.26 ms | p=(  493.19  -262.21   9.70) v=8.61 m/s [KF]
[lio] t=1317401452.490 | feat 1230/5416 | map   9674 | icp ok  iter  5 corr   976 rms 0.0617    7.68 ms | p=(  494.07  -262.05   9.66) v=8.62 m/s
[lio] t=1317401452.594 | feat 1044/5242 | map   9674 | icp ok  iter  5 corr   793 rms 0.0697    6.95 ms | p=(  494.92  -261.88   9.64) v=8.47 m/s [KF]
[lio] t=1317401452.698 | feat 1055/4922 | map   9553 | icp ok  iter  4 corr   805 rms 0.0860    5.89 ms | p=(  495.81  -261.71   9.61) v=8.65 m/s
[lio] t=1317401452.802 | feat 1002/4377 | map   9553 | icp ok  iter  5 corr   756 rms 0.0787    7.04 ms | p=(  496.68  -261.56   9.60) v=8.56 m/s [KF]
[lio] t=1317401452.906 | feat  935/4409 | map   9414 | icp ok  iter  5 corr   711 rms 0.0627    6.08 ms | p=(  497.58  -261.39   9.57) v=8.73 m/s
[lio] t=1317401453.010 | feat 1027/4296 | map   9414 | icp ok  iter  4 corr   790 rms 0.0923    5.53 ms | p=(  498.46  -261.23   9.52) v=8.69 m/s [KF]
[lio] t=1317401453.114 | feat 1041/4205 | map   9244 | icp ok  iter  5 corr   823 rms 0.0511    6.89 ms | p=(  499.32  -261.06   9.52) v=8.52 m/s
[lio] t=1317401453.218 | feat 1143/4317 | map   9244 | icp ok  iter  5 corr   914 rms 0.0670    8.21 ms | p=(  500.18  -260.90   9.51) v=8.44 m/s [KF]
[lio] t=1317401453.322 | feat 1115/4400 | map   8981 | icp ok  iter  4 corr   907 rms 0.0790    6.18 ms | p=(  501.06  -260.73   9.47) v=8.57 m/s
[lio] t=1317401453.425 | feat 1113/4532 | map   8981 | icp ok  iter  5 corr   932 rms 0.0766    7.85 ms | p=(  501.90  -260.58   9.45) v=8.37 m/s [KF]
[lio] t=1317401453.529 | feat 1134/4784 | map   8751 | icp ok  iter  4 corr   895 rms 0.0898    6.03 ms | p=(  502.78  -260.41   9.42) v=8.52 m/s
[lio] t=1317401453.633 | feat 1137/4914 | map   8751 | icp ok  iter  4 corr   884 rms 0.0984    6.72 ms | p=(  503.62  -260.25   9.39) v=8.36 m/s [KF]
[lio] t=1317401453.737 | feat 1154/5157 | map   8499 | icp ok  iter  4 corr   895 rms 0.0630    5.78 ms | p=(  504.49  -260.09   9.37) v=8.39 m/s
[lio] t=1317401453.841 | feat 1092/5148 | map   8499 | icp ok  iter  4 corr   813 rms 0.0720    6.25 ms | p=(  505.31  -259.94   9.34) v=8.23 m/s [KF]
[lio] t=1317401453.945 | feat 1108/5266 | map   8316 | icp ok  iter  3 corr   869 rms 0.0647    5.03 ms | p=(  506.19  -259.78   9.31) v=8.43 m/s
[lio] t=1317401454.049 | feat 1260/5343 | map   8316 | icp ok  iter  5 corr   947 rms 0.0626    7.91 ms | p=(  507.03  -259.63   9.27) v=8.34 m/s [KF]
[lio] t=1317401454.153 | feat 1212/5453 | map   8189 | icp ok  iter  4 corr   937 rms 0.0789    6.45 ms | p=(  507.90  -259.46   9.27) v=8.42 m/s
[lio] t=1317401454.257 | feat 1135/5701 | map   8189 | icp ok  iter  4 corr   906 rms 0.0531    5.62 ms | p=(  508.71  -259.31   9.25) v=8.13 m/s [KF]
[lio] t=1317401454.361 | feat 1090/5992 | map   7956 | icp ok  iter  5 corr   835 rms 0.0842    7.51 ms | p=(  509.59  -259.15   9.23) v=8.40 m/s
[lio] t=1317401454.465 | feat 1165/6199 | map   7956 | icp ok  iter  5 corr   881 rms 0.0919    7.31 ms | p=(  510.43  -259.00   9.18) v=8.30 m/s [KF]
[lio] t=1317401454.569 | feat 1283/6321 | map   7759 | icp ok  iter  4 corr   965 rms 0.0621    6.94 ms | p=(  511.22  -258.85   9.16) v=7.98 m/s
[lio] t=1317401454.673 | feat 1441/6316 | map   7759 | icp ok  iter  4 corr  1012 rms 0.0765    7.60 ms | p=(  512.06  -258.70   9.14) v=8.12 m/s [KF]
[lio] t=1317401454.777 | feat 1530/6394 | map   7688 | icp ok  iter  4 corr  1234 rms 0.0694    8.52 ms | p=(  512.89  -258.56   9.13) v=8.08 m/s
[lio] t=1317401454.881 | feat 1602/6548 | map   7688 | icp ok  iter  4 corr  1245 rms 0.0771    9.22 ms | p=(  513.71  -258.40   9.09) v=8.03 m/s [KF]
[lio] t=1317401454.985 | feat 1418/6699 | map   7767 | icp ok  iter  5 corr  1112 rms 0.0852   10.06 ms | p=(  514.54  -258.25   9.08) v=8.10 m/s
[lio] t=1317401455.089 | feat 1475/6800 | map   7767 | icp ok  iter  5 corr  1165 rms 0.0741   10.09 ms | p=(  515.35  -258.12   9.04) v=7.95 m/s [KF]
[lio] t=1317401455.193 | feat 1507/6982 | map   7861 | icp ok  iter  5 corr  1251 rms 0.0778   11.28 ms | p=(  516.18  -257.97   9.01) v=8.06 m/s
[lio] t=1317401455.297 | feat 1307/7119 | map   7861 | icp ok  iter  4 corr  1050 rms 0.0769    6.85 ms | p=(  516.99  -257.83   8.97) v=8.01 m/s [KF]
[lio] t=1317401455.401 | feat 1510/7188 | map   7833 | icp ok  iter  4 corr  1171 rms 0.1026    8.25 ms | p=(  517.80  -257.68   8.96) v=8.00 m/s
[lio] t=1317401455.505 | feat 1448/7301 | map   7833 | icp ok  iter  5 corr  1134 rms 0.0893    9.81 ms | p=(  518.64  -257.52   8.94) v=8.15 m/s [KF]
[lio] t=1317401455.609 | feat 1445/7580 | map   7807 | icp ok  iter  4 corr  1189 rms 0.0696    7.46 ms | p=(  519.45  -257.38   8.94) v=8.09 m/s
[lio] t=1317401455.713 | feat 1617/7611 | map   7807 | icp ok  iter  4 corr  1310 rms 0.0824   10.03 ms | p=(  520.30  -257.23   8.91) v=8.23 m/s [KF]
[lio] t=1317401455.817 | feat 1671/7482 | map   7888 | icp ok  iter  3 corr  1346 rms 0.0754    7.50 ms | p=(  521.14  -257.10   8.87) v=8.30 m/s
[lio] t=1317401455.921 | feat 1690/7600 | map   7888 | icp ok  iter  5 corr  1367 rms 0.0732   11.41 ms | p=(  521.97  -256.96   8.84) v=8.24 m/s [KF]
[lio] t=1317401456.025 | feat 1547/7821 | map   7929 | icp ok  iter  5 corr  1252 rms 0.0693   10.63 ms | p=(  522.83  -256.80   8.83) v=8.38 m/s
[lio] t=1317401456.128 | feat 1627/7839 | map   7929 | icp ok  iter  4 corr  1317 rms 0.0814    9.33 ms | p=(  523.67  -256.66   8.80) v=8.32 m/s [KF]
[lio] t=1317401456.232 | feat 1583/7544 | map   7855 | icp ok  iter  4 corr  1326 rms 0.0639    8.94 ms | p=(  524.51  -256.51   8.76) v=8.38 m/s
[lio] t=1317401456.336 | feat 1567/7162 | map   7855 | icp ok  iter  3 corr  1263 rms 0.0638    7.02 ms | p=(  525.38  -256.36   8.74) v=8.49 m/s [KF]
[lio] t=1317401456.440 | feat 1523/6976 | map   7814 | icp ok  iter  4 corr  1233 rms 0.0649    9.15 ms | p=(  526.26  -256.20   8.72) v=8.57 m/s
[lio] t=1317401456.544 | feat 1462/6589 | map   7814 | icp ok  iter  4 corr  1181 rms 0.0793    8.38 ms | p=(  527.13  -256.03   8.70) v=8.64 m/s [KF]
[lio] t=1317401456.648 | feat 1483/6350 | map   7862 | icp ok  iter  4 corr  1270 rms 0.0670    9.19 ms | p=(  528.00  -255.87   8.66) v=8.59 m/s
[lio] t=1317401456.752 | feat 1475/6216 | map   7862 | icp ok  iter  4 corr  1271 rms 0.0649    9.03 ms | p=(  528.88  -255.71   8.63) v=8.71 m/s [KF]
[lio] t=1317401456.856 | feat 1327/6214 | map   7946 | icp ok  iter  4 corr  1125 rms 0.0710    8.41 ms | p=(  529.77  -255.55   8.61) v=8.76 m/s
[lio] t=1317401456.960 | feat 1347/6152 | map   7946 | icp ok  iter  5 corr  1101 rms 0.1222    8.97 ms | p=(  530.67  -255.40   8.58) v=8.86 m/s [KF]
[lio] t=1317401457.063 | feat 1527/6173 | map   8045 | icp ok  iter  4 corr  1245 rms 0.0657    8.39 ms | p=(  531.57  -255.21   8.55) v=8.93 m/s
[lio] t=1317401457.167 | feat 1495/5942 | map   8045 | icp ok  iter  4 corr  1201 rms 0.0756    8.35 ms | p=(  532.45  -255.03   8.52) v=8.84 m/s [KF]
[lio] t=1317401457.271 | feat 1418/6019 | map   8145 | icp ok  iter  5 corr  1197 rms 0.0681   10.17 ms | p=(  533.39  -254.84   8.51) v=9.10 m/s
[lio] t=1317401457.375 | feat 1199/5701 | map   8145 | icp ok  iter  4 corr   966 rms 0.0928    7.49 ms | p=(  534.30  -254.65   8.47) v=9.07 m/s [KF]
[lio] t=1317401457.479 | feat 1349/5735 | map   8092 | icp ok  iter  4 corr  1125 rms 0.0580    7.92 ms | p=(  535.23  -254.47   8.44) v=9.15 m/s
[lio] t=1317401457.583 | feat 1256/5595 | map   8092 | icp ok  iter  5 corr  1024 rms 0.0842    9.07 ms | p=(  536.14  -254.29   8.39) v=9.06 m/s [KF]
[lio] t=1317401457.687 | feat 1169/5601 | map   8128 | icp ok  iter  5 corr   998 rms 0.0639    8.33 ms | p=(  537.08  -254.10   8.38) v=9.21 m/s
[lio] t=1317401457.791 | feat 1336/5454 | map   8128 | icp ok  iter  5 corr  1076 rms 0.0765   10.37 ms | p=(  537.97  -253.91   8.34) v=8.99 m/s [KF]
[lio] t=1317401457.895 | feat 1370/5480 | map   8197 | icp ok  iter  6 corr  1150 rms 0.0684   12.21 ms | p=(  538.91  -253.73   8.34) v=9.14 m/s
[lio] t=1317401457.999 | feat 1265/5361 | map   8197 | icp ok  iter  4 corr  1034 rms 0.0612    7.01 ms | p=(  539.83  -253.53   8.30) v=9.08 m/s [KF]
[lio] t=1317401458.102 | feat 1279/5334 | map   8227 | icp ok  iter  4 corr  1055 rms 0.0668    7.34 ms | p=(  540.75  -253.34   8.29) v=9.06 m/s
[lio] t=1317401458.206 | feat 1313/5277 | map   8227 | icp ok  iter  4 corr  1099 rms 0.0702    7.87 ms | p=(  541.66  -253.17   8.24) v=8.98 m/s [KF]
[lio] t=1317401458.310 | feat 1301/5287 | map   8257 | icp ok  iter  5 corr  1073 rms 0.0580    9.23 ms | p=(  542.57  -252.99   8.21) v=8.96 m/s
[lio] t=1317401458.414 | feat 1277/5416 | map   8257 | icp ok  iter  4 corr  1038 rms 0.0604    7.23 ms | p=(  543.47  -252.80   8.17) v=8.94 m/s [KF]
[lio] t=1317401458.518 | feat 1228/5461 | map   8332 | icp ok  iter  4 corr  1003 rms 0.0621    6.79 ms | p=(  544.39  -252.62   8.14) v=9.00 m/s
[lio] t=1317401458.622 | feat 1334/5516 | map   8332 | icp ok  iter  4 corr  1057 rms 0.0734    7.59 ms | p=(  545.30  -252.45   8.10) v=8.94 m/s [KF]
[lio] t=1317401458.726 | feat 1193/5554 | map   8426 | icp ok  iter  4 corr   969 rms 0.0608    6.60 ms | p=(  546.20  -252.25   8.07) v=8.89 m/s
[lio] t=1317401458.830 | feat 1177/5620 | map   8426 | icp ok  iter  4 corr   939 rms 0.0821    7.17 ms | p=(  547.09  -252.09   8.06) v=8.79 m/s [KF]
[lio] t=1317401458.934 | feat 1266/5716 | map   8502 | icp ok  iter  5 corr  1027 rms 0.0602    8.54 ms | p=(  548.00  -251.90   8.03) v=8.87 m/s
[lio] t=1317401459.038 | feat 1173/5570 | map   8502 | icp ok  iter  4 corr   920 rms 0.0668    6.70 ms | p=(  548.88  -251.73   7.98) v=8.76 m/s [KF]
[lio] t=1317401459.141 | feat 1092/5377 | map   8545 | icp ok  iter  4 corr   873 rms 0.0628    5.96 ms | p=(  549.78  -251.57   7.95) v=8.80 m/s
[lio] t=1317401459.245 | feat 1247/5057 | map   8545 | icp ok  iter  5 corr   985 rms 0.0665    8.37 ms | p=(  550.63  -251.40   7.94) v=8.51 m/s [KF]
[lio] t=1317401459.349 | feat 1240/4825 | map   8559 | icp ok  iter  5 corr  1006 rms 0.0660    8.05 ms | p=(  551.55  -251.23   7.92) v=8.79 m/s
[lio] t=1317401459.453 | feat 1150/4868 | map   8559 | icp ok  iter  4 corr   906 rms 0.1001    6.32 ms | p=(  552.44  -251.07   7.89) v=8.74 m/s [KF]
[lio] t=1317401459.557 | feat 1219/4997 | map   8565 | icp ok  iter  5 corr   935 rms 0.0786    7.69 ms | p=(  553.30  -250.91   7.87) v=8.55 m/s
[lio] t=1317401459.661 | feat 1205/5268 | map   8565 | icp ok  iter  4 corr   901 rms 0.0727    6.78 ms | p=(  554.21  -250.73   7.82) v=8.83 m/s [KF]
[lio] t=1317401459.765 | feat 1329/5858 | map   8578 | icp ok  iter  8 corr   956 rms 0.0938   12.61 ms | p=(  555.05  -250.58   7.79) v=8.47 m/s
[lio] t=1317401459.869 | feat 1400/6088 | map   8578 | icp ok  iter  5 corr  1025 rms 0.0878    9.03 ms | p=(  555.95  -250.41   7.77) v=8.67 m/s [KF]
[lio] t=1317401459.973 | feat 1401/6189 | map   8659 | icp ok  iter  5 corr  1074 rms 0.0665   10.13 ms | p=(  556.81  -250.24   7.73) v=8.49 m/s
[lio] t=1317401460.077 | feat 1463/6251 | map   8659 | icp ok  iter  3 corr  1016 rms 0.0638    6.37 ms | p=(  557.66  -250.07   7.70) v=8.41 m/s [KF]
[lio] t=1317401460.181 | feat 1448/6243 | map   8637 | icp ok  iter  5 corr  1193 rms 0.0801   10.49 ms | p=(  558.52  -249.91   7.66) v=8.46 m/s
[lio] t=1317401460.285 | feat 1542/6326 | map   8637 | icp ok  iter  6 corr  1238 rms 0.0857   12.84 ms | p=(  559.40  -249.73   7.61) v=8.56 m/s [KF]
[lio] t=1317401460.389 | feat 1540/6426 | map   8771 | icp ok  iter  5 corr  1246 rms 0.0683   10.69 ms | p=(  560.26  -249.57   7.58) v=8.52 m/s
[lio] t=1317401460.493 | feat 1342/6446 | map   8771 | icp ok  iter  5 corr  1068 rms 0.0738    9.48 ms | p=(  561.10  -249.42   7.54) v=8.32 m/s [KF]
[lio] t=1317401460.597 | feat 1372/6360 | map   8767 | icp ok  iter  4 corr  1103 rms 0.0589    6.91 ms | p=(  561.96  -249.26   7.53) v=8.39 m/s
[lio] t=1317401460.701 | feat 1282/6403 | map   8767 | icp ok  iter  4 corr   957 rms 0.0679    6.87 ms | p=(  562.81  -249.11   7.51) v=8.31 m/s [KF]
[lio] t=1317401460.805 | feat 1362/6509 | map   8718 | icp ok  iter  5 corr  1113 rms 0.0746   10.59 ms | p=(  563.66  -248.94   7.46) v=8.37 m/s
[lio] t=1317401460.908 | feat 1457/6319 | map   8718 | icp ok  iter  7 corr  1143 rms 0.0898   13.78 ms | p=(  564.51  -248.79   7.41) v=8.33 m/s [KF]
[lio] t=1317401461.012 | feat 1455/6329 | map   8619 | icp ok  iter  4 corr  1160 rms 0.0768    7.93 ms | p=(  565.34  -248.64   7.37) v=8.18 m/s
[lio] t=1317401461.116 | feat 1380/6170 | map   8619 | icp ok  iter  4 corr  1062 rms 0.0749    7.78 ms | p=(  566.16  -248.49   7.34) v=8.02 m/s [KF]
[lio] t=1317401461.220 | feat 1427/6140 | map   8504 | icp ok  iter  4 corr  1109 rms 0.0740    8.03 ms | p=(  566.97  -248.35   7.32) v=7.85 m/s
[lio] t=1317401461.324 | feat 1507/6345 | map   8504 | icp ok  iter 12 corr  1157 rms 0.0738   27.10 ms | p=(  567.75  -248.18   7.28) v=7.65 m/s [KF]
[lio] t=1317401461.428 | feat 1465/6262 | map   8324 | icp ok  iter  5 corr  1102 rms 0.0577    8.94 ms | p=(  568.52  -248.03   7.23) v=7.47 m/s
[lio] t=1317401461.532 | feat 1465/6341 | map   8324 | icp ok  iter  4 corr  1088 rms 0.0632    8.65 ms | p=(  569.26  -247.89   7.20) v=7.23 m/s [KF]
[lio] t=1317401461.636 | feat 1506/6390 | map   8205 | icp ok  iter  4 corr  1072 rms 0.0661    7.31 ms | p=(  569.99  -247.76   7.17) v=7.09 m/s
[lio] t=1317401461.740 | feat 1676/6276 | map   8205 | icp ok  iter  4 corr  1215 rms 0.0649    8.46 ms | p=(  570.70  -247.62   7.14) v=6.91 m/s [KF]
[lio] t=1317401461.844 | feat 1752/6401 | map   8191 | icp ok  iter  5 corr  1290 rms 0.0757   11.02 ms | p=(  571.40  -247.50   7.10) v=6.74 m/s
[lio] t=1317401461.949 | feat 1820/6527 | map   8191 | icp ok  iter  4 corr  1320 rms 0.0725    9.67 ms | p=(  572.06  -247.38   7.07) v=6.43 m/s [KF]
[lio] t=1317401462.053 | feat 1692/6487 | map   8219 | icp ok  iter  5 corr  1299 rms 0.0729   11.27 ms | p=(  572.69  -247.26   7.06) v=6.14 m/s
[lio] t=1317401462.157 | feat 1827/6580 | map   8219 | icp ok  iter  5 corr  1261 rms 0.0697   11.67 ms | p=(  573.33  -247.16   7.05) v=6.07 m/s [KF]
[lio] t=1317401462.261 | feat 1748/6721 | map   8353 | icp ok  iter  4 corr  1349 rms 0.0582    9.08 ms | p=(  573.94  -247.06   7.03) v=5.90 m/s
[lio] t=1317401462.365 | feat 1936/6802 | map   8353 | icp ok  iter  4 corr  1401 rms 0.0738    9.90 ms | p=(  574.53  -246.99   7.00) v=5.67 m/s [KF]
[lio] t=1317401462.469 | feat 1905/6891 | map   8481 | icp ok  iter  4 corr  1471 rms 0.0664    9.37 ms | p=(  575.09  -246.91   6.97) v=5.44 m/s
[lio] t=1317401462.573 | feat 1921/7044 | map   8481 | icp ok  iter  6 corr  1427 rms 0.0698   15.10 ms | p=(  575.65  -246.84   6.96) v=5.32 m/s [KF]
[lio] t=1317401462.677 | feat 2011/7368 | map   8620 | icp ok  iter  4 corr  1535 rms 0.0822   10.86 ms | p=(  576.17  -246.77   6.94) v=5.07 m/s
[lio] t=1317401462.781 | feat 2149/7657 | map   8620 | icp ok  iter  4 corr  1476 rms 0.0537   10.60 ms | p=(  576.71  -246.73   6.94) v=5.10 m/s [KF]
[lio] t=1317401462.885 | feat 2316/7818 | map   8914 | icp ok  iter  4 corr  1677 rms 0.0581   11.85 ms | p=(  577.22  -246.67   6.92) v=4.96 m/s
[lio] t=1317401462.990 | feat 2495/8037 | map   8914 | icp ok  iter  4 corr  1748 rms 0.0798   12.05 ms | p=(  577.72  -246.63   6.90) v=4.86 m/s [KF]
[lio] t=1317401463.094 | feat 2426/8099 | map   9298 | icp ok  iter  4 corr  1974 rms 0.0523   13.34 ms | p=(  578.24  -246.59   6.87) v=4.90 m/s
[lio] t=1317401463.198 | feat 2385/8254 | map   9298 | icp ok  iter  4 corr  1868 rms 0.0731   12.13 ms | p=(  578.73  -246.55   6.86) v=4.74 m/s [KF]
[lio] t=1317401463.302 | feat 2504/8600 | map   9577 | icp ok  iter  3 corr  2019 rms 0.0637   10.42 ms | p=(  579.22  -246.51   6.86) v=4.70 m/s
[lio] t=1317401463.405 | feat 2449/8848 | map   9577 | icp ok  iter  3 corr  1927 rms 0.0611   10.55 ms | p=(  579.69  -246.47   6.85) v=4.58 m/s
[lio] t=1317401463.509 | feat 2511/8823 | map   9577 | icp ok  iter  4 corr  1956 rms 0.0595   13.63 ms | p=(  580.17  -246.43   6.83) v=4.58 m/s [KF]
[lio] t=1317401463.613 | feat 2479/8667 | map   9916 | icp ok  iter  5 corr  2047 rms 0.0528   15.66 ms | p=(  580.62  -246.40   6.79) v=4.38 m/s
[lio] t=1317401463.717 | feat 2616/8864 | map   9916 | icp ok  iter  4 corr  2083 rms 0.0601   15.08 ms | p=(  581.06  -246.36   6.78) v=4.26 m/s
[lio] t=1317401463.821 | feat 2692/9152 | map   9916 | icp ok  iter  4 corr  2112 rms 0.0649   14.26 ms | p=(  581.48  -246.33   6.79) v=4.07 m/s [KF]
[lio] t=1317401463.925 | feat 2660/9205 | map  10286 | icp ok  iter  5 corr  2164 rms 0.0678   18.51 ms | p=(  581.90  -246.28   6.79) v=4.02 m/s
[lio] t=1317401464.028 | feat 2721/9253 | map  10286 | icp ok  iter  3 corr  2267 rms 0.0594   12.98 ms | p=(  582.31  -246.22   6.79) v=3.92 m/s
[lio] t=1317401464.132 | feat 2745/9342 | map  10286 | icp ok  iter  5 corr  2242 rms 0.0742   19.61 ms | p=(  582.70  -246.17   6.79) v=3.85 m/s [KF]
[lio] t=1317401464.236 | feat 2790/9470 | map  10609 | icp ok  iter  4 corr  2404 rms 0.0600   18.49 ms | p=(  583.08  -246.10   6.77) v=3.70 m/s
[lio] t=1317401464.340 | feat 2735/9416 | map  10609 | icp ok  iter  6 corr  2303 rms 0.0722   25.33 ms | p=(  583.45  -246.03   6.75) v=3.63 m/s
[lio] t=1317401464.443 | feat 3046/9632 | map  10609 | icp ok  iter  4 corr  2530 rms 0.0745   20.27 ms | p=(  583.82  -245.97   6.74) v=3.59 m/s [KF]
[lio] t=1317401464.547 | feat 3148/9533 | map  11076 | icp ok  iter  4 corr  2743 rms 0.0740   21.30 ms | p=(  584.17  -245.90   6.73) v=3.50 m/s
[lio] t=1317401464.651 | feat 2870/9549 | map  11076 | icp ok  iter  4 corr  2427 rms 0.0849   19.73 ms | p=(  584.53  -245.83   6.73) v=3.50 m/s
[lio] t=1317401464.754 | feat 2876/9706 | map  11076 | icp ok  iter  4 corr  2453 rms 0.0774   19.03 ms | p=(  584.87  -245.73   6.70) v=3.40 m/s [KF]
[lio] t=1317401464.858 | feat 3026/9833 | map  11405 | icp ok  iter  3 corr  2628 rms 0.0711   15.49 ms | p=(  585.19  -245.63   6.69) v=3.30 m/s
[lio] t=1317401464.962 | feat 2802/9972 | map  11405 | icp ok  iter  5 corr  2426 rms 0.0743   22.19 ms | p=(  585.50  -245.51   6.69) v=3.27 m/s
[lio] t=1317401465.065 | feat 2838/10024 | map  11405 | icp ok  iter  4 corr  2447 rms 0.0827   17.23 ms | p=(  585.81  -245.40   6.69) v=3.21 m/s [KF]
[lio] t=1317401465.169 | feat 2518/9948 | map  11694 | icp ok  iter  5 corr  2230 rms 0.0609   20.31 ms | p=(  586.11  -245.30   6.68) v=3.07 m/s
[lio] t=1317401465.273 | feat 2655/9979 | map  11694 | icp ok  iter  4 corr  2288 rms 0.0733   16.68 ms | p=(  586.38  -245.17   6.66) v=3.04 m/s
[lio] t=1317401465.376 | feat 2703/10126 | map  11694 | icp ok  iter  3 corr  2340 rms 0.0885   14.07 ms | p=(  586.67  -245.03   6.65) v=3.04 m/s
[lio] t=1317401465.480 | feat 2666/10096 | map  11694 | icp ok  iter  3 corr  2250 rms 0.0881   13.49 ms | p=(  586.94  -244.88   6.65) v=3.04 m/s [KF]
[lio] t=1317401465.584 | feat 2626/10084 | map  12027 | icp ok  iter  4 corr  2350 rms 0.0702   17.56 ms | p=(  587.21  -244.75   6.65) v=2.96 m/s
[lio] t=1317401465.688 | feat 2445/9905 | map  12027 | icp ok  iter  3 corr  2141 rms 0.0715   12.53 ms | p=(  587.48  -244.58   6.63) v=3.05 m/s
[lio] t=1317401465.792 | feat 2375/9850 | map  12027 | icp ok  iter  4 corr  2104 rms 0.0795   16.27 ms | p=(  587.74  -244.42   6.61) v=3.06 m/s
[lio] t=1317401465.895 | feat 2354/9724 | map  12027 | icp ok  iter  3 corr  2039 rms 0.0720   12.03 ms | p=(  588.00  -244.24   6.59) v=3.15 m/s [KF]
[lio] t=1317401465.999 | feat 2373/9747 | map  12286 | icp ok  iter  4 corr  2148 rms 0.0714   15.05 ms | p=(  588.27  -244.04   6.57) v=3.27 m/s
[lio] t=1317401466.103 | feat 2209/9635 | map  12286 | icp ok  iter  4 corr  2006 rms 0.0718   14.05 ms | p=(  588.53  -243.82   6.56) v=3.39 m/s
[lio] t=1317401466.207 | feat 2374/9585 | map  12286 | icp ok  iter  3 corr  2074 rms 0.0766   12.14 ms | p=(  588.79  -243.59   6.54) v=3.49 m/s [KF]
[lio] t=1317401466.310 | feat 2193/9576 | map  12413 | icp ok  iter  4 corr  2022 rms 0.0602   15.09 ms | p=(  589.06  -243.35   6.53) v=3.56 m/s
[lio] t=1317401466.414 | feat 2282/9526 | map  12413 | icp ok  iter  4 corr  2085 rms 0.0685   16.24 ms | p=(  589.32  -243.09   6.51) v=3.67 m/s
[lio] t=1317401466.518 | feat 2257/9504 | map  12413 | icp ok  iter  4 corr  2033 rms 0.0745   15.55 ms | p=(  589.58  -242.83   6.48) v=3.70 m/s [KF]
[lio] t=1317401466.622 | feat 2325/9492 | map  12387 | icp ok  iter  4 corr  2147 rms 0.0642   16.13 ms | p=(  589.83  -242.53   6.45) v=3.82 m/s
[lio] t=1317401466.726 | feat 2385/9625 | map  12387 | icp ok  iter  4 corr  2135 rms 0.0635   15.70 ms | p=(  590.08  -242.23   6.42) v=3.90 m/s
[lio] t=1317401466.829 | feat 2585/9717 | map  12387 | icp ok  iter  3 corr  2302 rms 0.0821   13.48 ms | p=(  590.31  -241.90   6.40) v=4.02 m/s [KF]
[lio] t=1317401466.933 | feat 2508/9637 | map  12328 | icp ok  iter  5 corr  2296 rms 0.0708   20.57 ms | p=(  590.55  -241.56   6.37) v=4.10 m/s
[lio] t=1317401467.037 | feat 2561/9637 | map  12328 | icp ok  iter  4 corr  2336 rms 0.0818   15.22 ms | p=(  590.77  -241.17   6.35) v=4.34 m/s
[lio] t=1317401467.141 | feat 2527/9601 | map  12328 | icp ok  iter  5 corr  2279 rms 0.0949   21.82 ms | p=(  590.98  -240.79   6.32) v=4.36 m/s [KF]
[lio] t=1317401467.244 | feat 2414/9525 | map  12537 | icp ok  iter  6 corr  2193 rms 0.0724   22.75 ms | p=(  591.18  -240.38   6.29) v=4.49 m/s
[lio] t=1317401467.348 | feat 2300/9534 | map  12537 | icp ok  iter  7 corr  2041 rms 0.1228   26.29 ms | p=(  591.37  -239.97   6.27) v=4.51 m/s
[lio] t=1317401467.452 | feat 2378/9533 | map  12537 | icp ok  iter  3 corr  2072 rms 0.1748   12.07 ms | p=(  591.54  -239.54   6.24) v=4.65 m/s [KF]
[lio] t=1317401467.556 | feat 2360/9388 | map  12898 | icp ok  iter  5 corr  2126 rms 0.1337   18.28 ms | p=(  591.70  -239.07   6.21) v=4.88 m/s
[lio] t=1317401467.659 | feat 2295/9313 | map  12898 | icp ok  iter  6 corr  1990 rms 0.1936   22.09 ms | p=(  591.84  -238.62   6.19) v=4.79 m/s
[lio] t=1317401467.763 | feat 2231/9215 | map  12898 | icp ok  iter  5 corr  1950 rms 0.1574   19.32 ms | p=(  591.92  -238.14   6.16) v=4.90 m/s [KF]
[lio] t=1317401467.867 | feat 2285/9053 | map  13131 | icp ok  iter  4 corr  2040 rms 0.1427   15.12 ms | p=(  592.03  -237.64   6.12) v=5.10 m/s
[lio] t=1317401467.971 | feat 2258/8749 | map  13131 | icp ok  iter  5 corr  2000 rms 0.2185   19.17 ms | p=(  592.12  -237.08   6.09) v=5.50 m/s [KF]
[lio] t=1317401468.075 | feat 2134/8621 | map  13360 | icp ok  iter 10 corr  1889 rms 0.1990   36.27 ms | p=(  592.17  -236.51   6.07) v=5.64 m/s
[lio] t=1317401468.179 | feat 2027/8374 | map  13360 | icp ok  iter  5 corr  1814 rms 0.1927   15.74 ms | p=(  592.21  -235.92   6.03) v=5.86 m/s [KF]
[lio] t=1317401468.283 | feat 2094/8208 | map  13413 | icp ok  iter  6 corr  1896 rms 0.1055   18.98 ms | p=(  592.23  -235.32   6.01) v=6.01 m/s
[lio] t=1317401468.387 | feat 2031/7944 | map  13413 | icp ok  iter  4 corr  1816 rms 0.0851   13.29 ms | p=(  592.22  -234.66   5.98) v=6.37 m/s [KF]
[lio] t=1317401468.491 | feat 2049/7612 | map  13509 | icp ok  iter  4 corr  1850 rms 0.1259   13.39 ms | p=(  592.18  -234.01   5.94) v=6.46 m/s
[lio] t=1317401468.595 | feat 2014/7405 | map  13509 | icp ok  iter  6 corr  1788 rms 0.1614   18.79 ms | p=(  592.14  -233.31   5.92) v=6.85 m/s [KF]
[lio] t=1317401468.699 | feat 2093/7261 | map  13598 | icp ok  iter  4 corr  1890 rms 0.0786   13.55 ms | p=(  592.06  -232.61   5.89) v=6.93 m/s
[lio] t=1317401468.804 | feat 2214/7215 | map  13598 | icp ok  iter  5 corr  1949 rms 0.1173   17.76 ms | p=(  591.96  -231.89   5.86) v=7.17 m/s [KF]
[lio] t=1317401468.908 | feat 2139/7113 | map  13735 | icp ok  iter  5 corr  1939 rms 0.1144   17.57 ms | p=(  591.84  -231.13   5.83) v=7.47 m/s
[lio] t=1317401469.012 | feat 1943/7117 | map  13735 | icp ok  iter  7 corr  1718 rms 0.1209   22.51 ms | p=(  591.72  -230.35   5.80) v=7.70 m/s [KF]
[lio] t=1317401469.117 | feat 1887/7066 | map  13795 | icp ok  iter  4 corr  1690 rms 0.1106   13.16 ms | p=(  591.57  -229.55   5.77) v=7.93 m/s
[lio] t=1317401469.221 | feat 1727/7010 | map  13795 | icp ok  iter  9 corr  1538 rms 0.1185   25.88 ms | p=(  591.40  -228.66   5.74) v=8.57 m/s [KF]
[lio] t=1317401469.325 | feat 1733/6938 | map  13753 | icp ok  iter  9 corr  1536 rms 0.0895   24.03 ms | p=(  591.25  -227.81   5.70) v=8.57 m/s
[lio] t=1317401469.430 | feat 1724/6960 | map  13753 | icp ok  iter  8 corr  1503 rms 0.0974   21.40 ms | p=(  591.07  -226.89   5.68) v=8.99 m/s [KF]
[lio] t=1317401469.534 | feat 1791/6903 | map  13723 | icp ok  iter  6 corr  1606 rms 0.0995   17.09 ms | p=(  590.92  -226.04   5.65) v=8.75 m/s
[lio] t=1317401469.638 | feat 1889/6914 | map  13723 | icp ok  iter  5 corr  1647 rms 0.0858   15.04 ms | p=(  590.76  -225.15   5.63) v=8.90 m/s [KF]
[lio] t=1317401469.742 | feat 1702/6846 | map  13720 | icp ok  iter  5 corr  1500 rms 0.0759   12.38 ms | p=(  590.57  -224.22   5.59) v=9.19 m/s
[lio] t=1317401469.846 | feat 1655/6811 | map  13720 | icp ok  iter  5 corr  1428 rms 0.0957   13.87 ms | p=(  590.41  -223.30   5.56) v=9.25 m/s [KF]
[lio] t=1317401469.950 | feat 1787/6803 | map  13532 | icp ok  iter  4 corr  1565 rms 0.0747   10.81 ms | p=(  590.25  -222.33   5.54) v=9.52 m/s
[lio] t=1317401470.055 | feat 1895/6802 | map  13532 | icp ok  iter  6 corr  1669 rms 0.0854   18.55 ms | p=(  590.08  -221.29   5.51) v=10.06 m/s [KF]
[lio] t=1317401470.159 | feat 1815/6766 | map  13381 | icp ok  iter  4 corr  1619 rms 0.0758   10.66 ms | p=(  589.89  -220.30   5.48) v=10.03 m/s [KF]
[lio] t=1317401470.263 | feat 1811/6832 | map  13238 | icp ok  iter  5 corr  1529 rms 0.0694   14.06 ms | p=(  589.71  -219.25   5.45) v=10.31 m/s [KF]
[lio] t=1317401470.367 | feat 1798/6819 | map  13056 | icp ok  iter  4 corr  1521 rms 0.0594    9.88 ms | p=(  589.52  -218.21   5.42) v=10.42 m/s [KF]
[lio] t=1317401470.471 | feat 1780/6848 | map  12761 | icp ok  iter  5 corr  1490 rms 0.0564   13.81 ms | p=(  589.32  -217.12   5.39) v=10.72 m/s [KF]
[lio] t=1317401470.575 | feat 1746/6824 | map  12379 | icp ok  iter  8 corr  1448 rms 0.0732   20.98 ms | p=(  589.11  -215.99   5.36) v=11.05 m/s [KF]
[lio] t=1317401470.679 | feat 1730/6746 | map  12025 | icp ok  iter  5 corr  1463 rms 0.0632   12.08 ms | p=(  588.91  -214.88   5.32) v=11.06 m/s [KF]
[lio] t=1317401470.783 | feat 1842/6736 | map  11545 | icp ok  iter  5 corr  1593 rms 0.0608   13.24 ms | p=(  588.71  -213.75   5.29) v=11.18 m/s [KF]
[lio] t=1317401470.886 | feat 1794/6765 | map  11196 | icp ok  iter  4 corr  1566 rms 0.0589   10.85 ms | p=(  588.50  -212.61   5.26) v=11.32 m/s [KF]
[lio] t=1317401470.990 | feat 1763/6723 | map  10900 | icp ok  iter  5 corr  1549 rms 0.0602   11.85 ms | p=(  588.28  -211.44   5.21) v=11.53 m/s [KF]
[lio] t=1317401471.094 | feat 1741/6793 | map  10634 | icp ok  iter  4 corr  1499 rms 0.0704   10.24 ms | p=(  588.07  -210.26   5.18) v=11.65 m/s [KF]
[lio] t=1317401471.198 | feat 1752/6684 | map  10364 | icp ok  iter  4 corr  1502 rms 0.0560   10.44 ms | p=(  587.85  -209.08   5.14) v=11.69 m/s [KF]
[lio] t=1317401471.302 | feat 1753/6850 | map  10050 | icp ok  iter  4 corr  1512 rms 0.0578    9.33 ms | p=(  587.62  -207.86   5.11) v=11.97 m/s [KF]
[lio] t=1317401471.406 | feat 1857/6903 | map   9679 | icp ok  iter  4 corr  1578 rms 0.0624   10.94 ms | p=(  587.38  -206.61   5.07) v=12.22 m/s [KF]
[lio] t=1317401471.510 | feat 1897/6897 | map   9385 | icp ok  iter  5 corr  1667 rms 0.0680   14.74 ms | p=(  587.15  -205.39   5.04) v=12.10 m/s [KF]
[lio] t=1317401471.614 | feat 1875/6959 | map   9235 | icp ok  iter  5 corr  1665 rms 0.0560   13.74 ms | p=(  586.92  -204.17   5.01) v=12.02 m/s [KF]
[lio] t=1317401471.718 | feat 1749/6871 | map   9138 | icp ok  iter  4 corr  1515 rms 0.0720    9.91 ms | p=(  586.69  -202.95   4.97) v=11.99 m/s [KF]
[lio] t=1317401471.822 | feat 1759/6903 | map   9050 | icp ok  iter  3 corr  1528 rms 0.0639    7.70 ms | p=(  586.45  -201.70   4.93) v=12.15 m/s [KF]
[lio] t=1317401471.926 | feat 1645/6884 | map   9041 | icp ok  iter  5 corr  1427 rms 0.0615   11.72 ms | p=(  586.22  -200.50   4.89) v=11.93 m/s [KF]
[lio] t=1317401472.030 | feat 1626/6865 | map   8983 | icp ok  iter  4 corr  1403 rms 0.0516    9.84 ms | p=(  585.97  -199.26   4.84) v=12.10 m/s [KF]
[lio] t=1317401472.134 | feat 1701/6870 | map   8849 | icp ok  iter  6 corr  1447 rms 0.0640   15.31 ms | p=(  585.73  -198.06   4.80) v=11.93 m/s [KF]
[lio] t=1317401472.238 | feat 1615/6877 | map   8818 | icp ok  iter  5 corr  1383 rms 0.0803   11.92 ms | p=(  585.50  -196.87   4.75) v=11.80 m/s [KF]
[lio] t=1317401472.341 | feat 1655/6904 | map   8795 | icp ok  iter  5 corr  1415 rms 0.0505   12.00 ms | p=(  585.25  -195.64   4.70) v=12.01 m/s [KF]
[lio] t=1317401472.445 | feat 1720/6897 | map   8775 | icp ok  iter  3 corr  1502 rms 0.0871    8.17 ms | p=(  585.01  -194.42   4.66) v=12.02 m/s [KF]
[lio] t=1317401472.549 | feat 1683/6843 | map   8717 | icp ok  iter  6 corr  1476 rms 0.0763   13.98 ms | p=(  584.77  -193.22   4.61) v=11.88 m/s [KF]
[lio] t=1317401472.653 | feat 1716/6968 | map   8692 | icp ok  iter  5 corr  1523 rms 0.0576   11.99 ms | p=(  584.53  -191.99   4.57) v=12.01 m/s [KF]
[lio] t=1317401472.757 | feat 1713/7053 | map   8663 | icp ok  iter  6 corr  1505 rms 0.0633   15.10 ms | p=(  584.29  -190.78   4.52) v=11.93 m/s [KF]
[lio] t=1317401472.861 | feat 1869/7086 | map   8672 | icp ok  iter 10 corr  1678 rms 0.0602   28.56 ms | p=(  584.06  -189.62   4.47) v=11.61 m/s [KF]
[lio] t=1317401472.964 | feat 1826/7096 | map   8692 | icp ok  iter  3 corr  1594 rms 0.0748    7.13 ms | p=(  583.82  -188.44   4.43) v=11.62 m/s [KF]
[lio] t=1317401473.068 | feat 1820/7098 | map   8718 | icp ok  iter  6 corr  1592 rms 0.0673   14.78 ms | p=(  583.59  -187.27   4.38) v=11.56 m/s [KF]
[lio] t=1317401473.172 | feat 1934/6966 | map   8705 | icp ok  iter  7 corr  1702 rms 0.0489   19.70 ms | p=(  583.34  -186.05   4.33) v=11.85 m/s [KF]
[lio] t=1317401473.276 | feat 1848/6853 | map   8732 | icp ok  iter  8 corr  1560 rms 0.0473   21.43 ms | p=(  583.10  -184.81   4.28) v=12.04 m/s [KF]
[lio] t=1317401473.380 | feat 1875/6892 | map   8754 | icp ok  iter 10 corr  1572 rms 0.0845   25.10 ms | p=(  582.87  -183.65   4.24) v=11.70 m/s [KF]
[lio] t=1317401473.484 | feat 1848/6825 | map   8781 | icp ok  iter  9 corr  1584 rms 0.0465   21.87 ms | p=(  582.62  -182.43   4.19) v=11.87 m/s [KF]
[lio] t=1317401473.587 | feat 1774/6694 | map   8736 | icp ok  iter  7 corr  1521 rms 0.0478   17.08 ms | p=(  582.39  -181.29   4.14) v=11.52 m/s [KF]
[lio] t=1317401473.691 | feat 1710/6649 | map   8669 | icp ok  iter  7 corr  1483 rms 0.0454   16.45 ms | p=(  582.16  -180.11   4.09) v=11.58 m/s [KF]
[lio] t=1317401473.795 | feat 1695/6532 | map   8587 | icp ok  iter  9 corr  1445 rms 0.0603   22.93 ms | p=(  581.93  -178.98   4.05) v=11.28 m/s [KF]
[lio] t=1317401473.899 | feat 1767/6683 | map   8477 | icp ok  iter  5 corr  1513 rms 0.0563   14.00 ms | p=(  581.69  -177.74   4.01) v=11.84 m/s [KF]
[lio] t=1317401474.003 | feat 1863/6629 | map   8392 | icp ok  iter  6 corr  1629 rms 0.0468   17.01 ms | p=(  581.47  -176.57   3.97) v=11.61 m/s [KF]
[lio] t=1317401474.106 | feat 1770/6782 | map   8376 | icp ok  iter  7 corr  1504 rms 0.0729   16.94 ms | p=(  581.23  -175.41   3.91) v=11.48 m/s [KF]
[lio] t=1317401474.210 | feat 1792/6721 | map   8357 | icp ok  iter  7 corr  1525 rms 0.0613   16.37 ms | p=(  581.00  -174.22   3.87) v=11.63 m/s [KF]
[lio] t=1317401474.314 | feat 1881/6757 | map   8272 | icp ok  iter  3 corr  1595 rms 0.0600    8.28 ms | p=(  580.77  -173.03   3.84) v=11.65 m/s [KF]
[lio] t=1317401474.418 | feat 1745/6799 | map   8286 | icp ok  iter  5 corr  1475 rms 0.0507   12.24 ms | p=(  580.55  -171.88   3.80) v=11.46 m/s [KF]
[lio] t=1317401474.521 | feat 1810/6766 | map   8316 | icp ok  iter  3 corr  1545 rms 0.0481    7.67 ms | p=(  580.32  -170.72   3.76) v=11.45 m/s [KF]
[lio] t=1317401474.625 | feat 1795/6840 | map   8369 | icp ok  iter  5 corr  1548 rms 0.0552   14.29 ms | p=(  580.09  -169.53   3.72) v=11.61 m/s [KF]
[lio] t=1317401474.729 | feat 1729/6806 | map   8417 | icp ok  iter  5 corr  1457 rms 0.0507   12.79 ms | p=(  579.86  -168.38   3.68) v=11.42 m/s [KF]
[lio] t=1317401474.833 | feat 1780/6898 | map   8448 | icp ok  iter  4 corr  1453 rms 0.0748    9.24 ms | p=(  579.64  -167.23   3.64) v=11.37 m/s [KF]
[lio] t=1317401474.937 | feat 1843/7013 | map   8529 | icp ok  iter  5 corr  1512 rms 0.0502   12.39 ms | p=(  579.41  -166.07   3.60) v=11.35 m/s [KF]
[lio] t=1317401475.040 | feat 1889/6977 | map   8581 | icp ok  iter  4 corr  1565 rms 0.0532   10.16 ms | p=(  579.19  -164.94   3.56) v=11.25 m/s [KF]
[lio] t=1317401475.144 | feat 1875/7059 | map   8660 | icp ok  iter  5 corr  1578 rms 0.0437   11.69 ms | p=(  578.96  -163.78   3.51) v=11.32 m/s [KF]
[lio] t=1317401475.248 | feat 1946/7135 | map   8700 | icp ok  iter  4 corr  1630 rms 0.0679   11.01 ms | p=(  578.74  -162.64   3.47) v=11.25 m/s [KF]
[lio] t=1317401475.351 | feat 2085/7216 | map   8810 | icp ok  iter  3 corr  1744 rms 0.0518    9.26 ms | p=(  578.51  -161.51   3.43) v=11.22 m/s [KF]
[lio] t=1317401475.455 | feat 2214/7289 | map   8956 | icp ok  iter  4 corr  1855 rms 0.0519   12.29 ms | p=(  578.29  -160.37   3.39) v=11.18 m/s [KF]
[lio] t=1317401475.559 | feat 2162/7302 | map   9084 | icp ok  iter  4 corr  1802 rms 0.0485   12.65 ms | p=(  578.06  -159.24   3.35) v=11.17 m/s [KF]
[lio] t=1317401475.663 | feat 2145/7325 | map   9126 | icp ok  iter  5 corr  1799 rms 0.0487   13.84 ms | p=(  577.83  -158.13   3.31) v=11.07 m/s [KF]
[lio] t=1317401475.766 | feat 2177/7369 | map   9179 | icp ok  iter  6 corr  1777 rms 0.0656   18.56 ms | p=(  577.59  -156.96   3.26) v=11.36 m/s [KF]
[lio] t=1317401475.870 | feat 2229/7243 | map   9232 | icp ok  iter  6 corr  1832 rms 0.0580   17.50 ms | p=(  577.36  -155.86   3.22) v=11.02 m/s [KF]
[lio] t=1317401475.974 | feat 2182/7193 | map   9250 | icp ok  iter  6 corr  1764 rms 0.0465   16.26 ms | p=(  577.13  -154.77   3.17) v=10.90 m/s [KF]
[lio] t=1317401476.077 | feat 2196/7311 | map   9205 | icp ok  iter  5 corr  1761 rms 0.0508   15.62 ms | p=(  576.88  -153.64   3.11) v=11.06 m/s [KF]
[lio] t=1317401476.181 | feat 2281/7399 | map   9140 | icp ok  iter  4 corr  1842 rms 0.0485   11.88 ms | p=(  576.62  -152.53   3.07) v=11.01 m/s [KF]
[lio] t=1317401476.285 | feat 2427/7409 | map   9146 | icp ok  iter  4 corr  2018 rms 0.0483   12.65 ms | p=(  576.36  -151.44   3.02) v=10.91 m/s [KF]
[lio] t=1317401476.389 | feat 2304/7514 | map   9123 | icp ok  iter  4 corr  1848 rms 0.0585   12.05 ms | p=(  576.09  -150.34   2.96) v=10.95 m/s [KF]
[lio] t=1317401476.492 | feat 2303/7516 | map   9134 | icp ok  iter  5 corr  1854 rms 0.0573   14.46 ms | p=(  575.82  -149.24   2.92) v=10.93 m/s [KF]
[lio] t=1317401476.596 | feat 2370/7733 | map   9102 | icp ok  iter  4 corr  1934 rms 0.0589   12.71 ms | p=(  575.53  -148.16   2.88) v=10.83 m/s [KF]
[lio] t=1317401476.700 | feat 2525/7857 | map   9109 | icp ok  iter  4 corr  2052 rms 0.0546   13.81 ms | p=(  575.25  -147.09   2.84) v=10.69 m/s [KF]
[lio] t=1317401476.803 | feat 2513/7884 | map   9098 | icp ok  iter  4 corr  2016 rms 0.0476   12.49 ms | p=(  574.95  -146.01   2.79) v=10.81 m/s [KF]
[lio] t=1317401476.907 | feat 2493/7991 | map   9143 | icp ok  iter  3 corr  1985 rms 0.0720   10.69 ms | p=(  574.65  -144.94   2.75) v=10.77 m/s [KF]
[lio] t=1317401477.011 | feat 2538/8212 | map   9150 | icp ok  iter  4 corr  1991 rms 0.0686   15.22 ms | p=(  574.34  -143.87   2.70) v=10.73 m/s [KF]
[lio] t=1317401477.115 | feat 2472/8380 | map   9225 | icp ok  iter  6 corr  1989 rms 0.0633   19.60 ms | p=(  574.03  -142.82   2.67) v=10.60 m/s [KF]
[lio] t=1317401477.219 | feat 2457/8636 | map   9290 | icp ok  iter  3 corr  2011 rms 0.0587   10.75 ms | p=(  573.71  -141.77   2.63) v=10.58 m/s [KF]
[lio] t=1317401477.323 | feat 2334/8848 | map   9353 | icp ok  iter  4 corr  1903 rms 0.0534   12.31 ms | p=(  573.39  -140.73   2.59) v=10.51 m/s [KF]
[lio] t=1317401477.427 | feat 2440/9215 | map   9400 | icp ok  iter  4 corr  2041 rms 0.0522   13.84 ms | p=(  573.08  -139.69   2.56) v=10.48 m/s [KF]
[lio] t=1317401477.531 | feat 2453/9508 | map   9485 | icp ok  iter  4 corr  2046 rms 0.0875   13.35 ms | p=(  572.77  -138.65   2.53) v=10.48 m/s [KF]
[lio] t=1317401477.634 | feat 2653/9841 | map   9635 | icp ok  iter  4 corr  2129 rms 0.0667   14.76 ms | p=(  572.46  -137.61   2.53) v=10.42 m/s [KF]
[lio] t=1317401477.738 | feat 2807/10174 | map   9845 | icp ok  iter  4 corr  2368 rms 0.0607   16.42 ms | p=(  572.15  -136.59   2.51) v=10.32 m/s [KF]
[lio] t=1317401477.842 | feat 2838/10141 | map  10133 | icp ok  iter  4 corr  2445 rms 0.0698   17.28 ms | p=(  571.83  -135.57   2.48) v=10.32 m/s [KF]
[lio] t=1317401477.946 | feat 2614/10231 | map  10383 | icp ok  iter  3 corr  2265 rms 0.0606   11.98 ms | p=(  571.54  -134.55   2.43) v=10.24 m/s [KF]
[lio] t=1317401478.050 | feat 2734/10243 | map  10600 | icp ok  iter  4 corr  2318 rms 0.0797   15.24 ms | p=(  571.23  -133.52   2.42) v=10.33 m/s [KF]
[lio] t=1317401478.154 | feat 2686/10150 | map  10880 | icp ok  iter  3 corr  2279 rms 0.0817   12.38 ms | p=(  570.94  -132.50   2.37) v=10.30 m/s [KF]
[lio] t=1317401478.258 | feat 2608/9935 | map  11112 | icp ok  iter  4 corr  2257 rms 0.0776   15.75 ms | p=(  570.63  -131.48   2.35) v=10.29 m/s [KF]
[lio] t=1317401478.362 | feat 2734/9874 | map  11283 | icp ok  iter  4 corr  2338 rms 0.0721   16.88 ms | p=(  570.34  -130.45   2.32) v=10.30 m/s [KF]
[lio] t=1317401478.466 | feat 2594/9736 | map  11544 | icp ok  iter  5 corr  2230 rms 0.0703   18.58 ms | p=(  570.05  -129.42   2.26) v=10.34 m/s [KF]
[lio] t=1317401478.570 | feat 2828/9586 | map  11702 | icp ok  iter  4 corr  2427 rms 0.0757   16.55 ms | p=(  569.76  -128.40   2.19) v=10.33 m/s [KF]
[lio] t=1317401478.674 | feat 2729/9529 | map  11967 | icp ok  iter  3 corr  2357 rms 0.0599   12.70 ms | p=(  569.48  -127.37   2.15) v=10.35 m/s [KF]
[lio] t=1317401478.778 | feat 2764/9389 | map  12121 | icp ok  iter  4 corr  2458 rms 0.0561   15.86 ms | p=(  569.22  -126.32   2.09) v=10.44 m/s [KF]
[lio] t=1317401478.882 | feat 2634/9313 | map  12251 | icp ok  iter  3 corr  2302 rms 0.0563   11.21 ms | p=(  568.96  -125.26   2.03) v=10.54 m/s [KF]
[lio] t=1317401478.986 | feat 2698/9203 | map  12326 | icp ok  iter  3 corr  2408 rms 0.0523   11.79 ms | p=(  568.71  -124.21   1.98) v=10.51 m/s [KF]
[lio] t=1317401479.090 | feat 2608/8959 | map  12387 | icp ok  iter  4 corr  2281 rms 0.0594   16.28 ms | p=(  568.45  -123.14   1.91) v=10.60 m/s [KF]
[lio] t=1317401479.194 | feat 2612/8640 | map  12448 | icp ok  iter  3 corr  2338 rms 0.0645   11.70 ms | p=(  568.23  -122.08   1.86) v=10.56 m/s [KF]
[lio] t=1317401479.298 | feat 2564/8308 | map  12483 | icp ok  iter  4 corr  2283 rms 0.0716   15.15 ms | p=(  567.99  -121.00   1.81) v=10.70 m/s [KF]
[lio] t=1317401479.402 | feat 2530/8108 | map  12463 | icp ok  iter  4 corr  2262 rms 0.0482   14.59 ms | p=(  567.77  -119.92   1.75) v=10.72 m/s [KF]
[lio] t=1317401479.506 | feat 2431/7818 | map  12400 | icp ok  iter  4 corr  2175 rms 0.0488   13.69 ms | p=(  567.55  -118.82   1.69) v=10.85 m/s [KF]
[lio] t=1317401479.610 | feat 2238/7600 | map  12381 | icp ok  iter  3 corr  1988 rms 0.0718   11.08 ms | p=(  567.33  -117.71   1.65) v=10.93 m/s [KF]
[lio] t=1317401479.714 | feat 2070/7349 | map  12293 | icp ok  iter  5 corr  1823 rms 0.0664   14.99 ms | p=(  567.12  -116.62   1.60) v=10.88 m/s [KF]
[lio] t=1317401479.817 | feat 2024/7112 | map  12154 | icp ok  iter  4 corr  1810 rms 0.0579   11.36 ms | p=(  566.92  -115.52   1.54) v=10.88 m/s [KF]
[lio] t=1317401479.921 | feat 2033/6869 | map  12029 | icp ok  iter  3 corr  1735 rms 0.0506    8.98 ms | p=(  566.70  -114.40   1.48) v=10.98 m/s [KF]
[lio] t=1317401480.025 | feat 1857/6680 | map  11970 | icp ok  iter  3 corr  1587 rms 0.0493    7.89 ms | p=(  566.50  -113.28   1.42) v=11.05 m/s [KF]
[lio] t=1317401480.129 | feat 1766/6420 | map  11857 | icp ok  iter  4 corr  1519 rms 0.0535    9.59 ms | p=(  566.29  -112.17   1.37) v=11.05 m/s [KF]
[lio] t=1317401480.233 | feat 1776/6301 | map  11674 | icp ok  iter  3 corr  1527 rms 0.0431    7.71 ms | p=(  566.08  -111.05   1.31) v=11.07 m/s [KF]
[lio] t=1317401480.337 | feat 1826/6161 | map  11464 | icp ok  iter  3 corr  1594 rms 0.0519    8.13 ms | p=(  565.87  -109.92   1.26) v=11.17 m/s [KF]
[lio] t=1317401480.440 | feat 1788/6150 | map  11212 | icp ok  iter  3 corr  1559 rms 0.0528    8.33 ms | p=(  565.65  -108.78   1.20) v=11.24 m/s [KF]
[lio] t=1317401480.544 | feat 1767/6038 | map  10956 | icp ok  iter  4 corr  1562 rms 0.0576   10.50 ms | p=(  565.44  -107.64   1.15) v=11.21 m/s [KF]
[lio] t=1317401480.648 | feat 1664/5912 | map  10774 | icp ok  iter  4 corr  1496 rms 0.0533   10.26 ms | p=(  565.22  -106.50   1.09) v=11.24 m/s [KF]
[lio] t=1317401480.752 | feat 1525/5806 | map  10452 | icp ok  iter  4 corr  1336 rms 0.0610    8.76 ms | p=(  565.01  -105.37   1.04) v=11.18 m/s [KF]
[lio] t=1317401480.856 | feat 1554/5753 | map  10163 | icp ok  iter  3 corr  1325 rms 0.0741    7.18 ms | p=(  564.79  -104.23   0.98) v=11.20 m/s [KF]
[lio] t=1317401480.960 | feat 1528/5704 | map  10003 | icp ok  iter  4 corr  1307 rms 0.0732    8.55 ms | p=(  564.57  -103.12   0.93) v=11.07 m/s [KF]
[lio] t=1317401481.064 | feat 1443/5684 | map   9768 | icp ok  iter  4 corr  1264 rms 0.0662    8.66 ms | p=(  564.35  -101.98   0.87) v=11.12 m/s [KF]
[lio] t=1317401481.167 | feat 1453/5779 | map   9537 | icp ok  iter  4 corr  1249 rms 0.0549    8.34 ms | p=(  564.12  -100.85   0.81) v=11.15 m/s [KF]
[lio] t=1317401481.271 | feat 1576/5796 | map   9206 | icp ok  iter  5 corr  1362 rms 0.0700   11.36 ms | p=(  563.91   -99.74   0.76) v=11.03 m/s [KF]
[lio] t=1317401481.375 | feat 1493/5807 | map   8975 | icp ok  iter  3 corr  1295 rms 0.1262    7.35 ms | p=(  563.68   -98.60   0.70) v=11.14 m/s [KF]
[lio] t=1317401481.479 | feat 1553/5802 | map   8811 | icp ok  iter  4 corr  1344 rms 0.0692    8.51 ms | p=(  563.46   -97.49   0.65) v=11.01 m/s [KF]
[lio] t=1317401481.583 | feat 1521/5780 | map   8674 | icp ok  iter  3 corr  1313 rms 0.0585    7.38 ms | p=(  563.24   -96.39   0.59) v=10.93 m/s [KF]
[lio] t=1317401481.687 | feat 1395/5703 | map   8484 | icp ok  iter  5 corr  1180 rms 0.0701   10.29 ms | p=(  563.02   -95.25   0.54) v=11.10 m/s [KF]
[lio] t=1317401481.791 | feat 1375/5777 | map   8349 | icp ok  iter  5 corr  1179 rms 0.0817    9.28 ms | p=(  562.80   -94.14   0.49) v=10.96 m/s [KF]
[lio] t=1317401481.894 | feat 1425/5720 | map   8205 | icp ok  iter  3 corr  1203 rms 0.0611    6.33 ms | p=(  562.58   -93.04   0.44) v=10.88 m/s [KF]
[lio] t=1317401481.998 | feat 1429/5728 | map   8040 | icp ok  iter  5 corr  1211 rms 0.0736    9.12 ms | p=(  562.36   -91.95   0.38) v=10.82 m/s [KF]
[lio] t=1317401482.102 | feat 1472/5724 | map   7864 | icp ok  iter  5 corr  1244 rms 0.0570   10.24 ms | p=(  562.15   -90.86   0.33) v=10.74 m/s [KF]
[lio] t=1317401482.206 | feat 1484/5650 | map   7752 | icp ok  iter  4 corr  1280 rms 0.0524    8.30 ms | p=(  561.93   -89.76   0.28) v=10.80 m/s [KF]
[lio] t=1317401482.310 | feat 1403/5633 | map   7635 | icp ok  iter  4 corr  1156 rms 0.0576    8.31 ms | p=(  561.72   -88.68   0.22) v=10.66 m/s [KF]
[lio] t=1317401482.414 | feat 1443/5693 | map   7548 | icp ok  iter  3 corr  1211 rms 0.0548    6.13 ms | p=(  561.51   -87.59   0.17) v=10.71 m/s [KF]
[lio] t=1317401482.518 | feat 1360/5751 | map   7514 | icp ok  iter  4 corr  1154 rms 0.0695    8.22 ms | p=(  561.29   -86.51   0.12) v=10.64 m/s [KF]
[lio] t=1317401482.622 | feat 1382/5806 | map   7420 | icp ok  iter  4 corr  1191 rms 0.0740    7.62 ms | p=(  561.08   -85.44   0.07) v=10.60 m/s [KF]
[lio] t=1317401482.725 | feat 1390/5809 | map   7352 | icp ok  iter  3 corr  1241 rms 0.0654    5.53 ms | p=(  560.87   -84.36   0.01) v=10.60 m/s [KF]
[lio] t=1317401482.829 | feat 1393/5788 | map   7332 | icp ok  iter  3 corr  1199 rms 0.0531    5.89 ms | p=(  560.65   -83.28  -0.03) v=10.58 m/s [KF]
[lio] t=1317401482.933 | feat 1415/5731 | map   7322 | icp ok  iter  4 corr  1245 rms 0.0671    8.52 ms | p=(  560.45   -82.24  -0.09) v=10.37 m/s [KF]
[lio] t=1317401483.037 | feat 1313/5714 | map   7269 | icp ok  iter  4 corr  1131 rms 0.0592    7.34 ms | p=(  560.24   -81.19  -0.14) v=10.33 m/s [KF]
[lio] t=1317401483.141 | feat 1291/5727 | map   7174 | icp ok  iter  4 corr  1127 rms 0.0905    8.00 ms | p=(  560.03   -80.12  -0.19) v=10.51 m/s [KF]
[lio] t=1317401483.245 | feat 1249/5745 | map   7086 | icp ok  iter  5 corr  1081 rms 0.0659    8.86 ms | p=(  559.83   -79.07  -0.24) v=10.39 m/s [KF]
[lio] t=1317401483.349 | feat 1305/5761 | map   6961 | icp ok  iter  5 corr  1175 rms 0.0764    9.86 ms | p=(  559.63   -78.03  -0.30) v=10.29 m/s [KF]
[lio] t=1317401483.453 | feat 1329/5740 | map   6914 | icp ok  iter  6 corr  1136 rms 0.0987   11.29 ms | p=(  559.41   -76.90  -0.35) v=10.83 m/s [KF]
[lio] t=1317401483.557 | feat 1396/5641 | map   6885 | icp ok  iter  5 corr  1181 rms 0.0677   10.69 ms | p=(  559.22   -75.90  -0.41) v=10.23 m/s [KF]
[lio] t=1317401483.660 | feat 1301/5654 | map   6835 | icp ok  iter  5 corr  1127 rms 0.0598    9.00 ms | p=(  559.02   -74.84  -0.46) v=10.34 m/s [KF]
[lio] t=1317401483.764 | feat 1308/5554 | map   6770 | icp ok  iter  4 corr  1135 rms 0.0587    7.60 ms | p=(  558.82   -73.80  -0.51) v=10.30 m/s [KF]
[lio] t=1317401483.868 | feat 1494/5492 | map   6730 | icp ok  iter  4 corr  1315 rms 0.0902    8.52 ms | p=(  558.62   -72.78  -0.57) v=10.11 m/s [KF]
[lio] t=1317401483.972 | feat 1402/5462 | map   6691 | icp ok  iter  4 corr  1211 rms 0.0602    7.88 ms | p=(  558.42   -71.72  -0.63) v=10.32 m/s [KF]
[lio] t=1317401484.076 | feat 1459/5477 | map   6748 | icp ok  iter  4 corr  1270 rms 0.0775    8.70 ms | p=(  558.22   -70.66  -0.70) v=10.37 m/s [KF]
[lio] t=1317401484.180 | feat 1434/5437 | map   6822 | icp ok  iter  5 corr  1286 rms 0.0644   10.27 ms | p=(  558.02   -69.65  -0.75) v=10.14 m/s [KF]
[lio] t=1317401484.284 | feat 1454/5464 | map   6834 | icp ok  iter  4 corr  1298 rms 0.0694    8.40 ms | p=(  557.83   -68.61  -0.80) v=10.20 m/s [KF]
[lio] t=1317401484.388 | feat 1362/5314 | map   6840 | icp ok  iter  4 corr  1213 rms 0.0589    8.95 ms | p=(  557.62   -67.58  -0.86) v=10.16 m/s [KF]
[lio] t=1317401484.492 | feat 1369/5190 | map   6829 | icp ok  iter  3 corr  1178 rms 0.0692    6.23 ms | p=(  557.43   -66.55  -0.92) v=10.14 m/s [KF]
[lio] t=1317401484.596 | feat 1396/5176 | map   6814 | icp ok  iter  4 corr  1213 rms 0.0607    8.35 ms | p=(  557.24   -65.53  -0.97) v=10.07 m/s [KF]
[lio] t=1317401484.700 | feat 1312/5145 | map   6847 | icp ok  iter  3 corr  1137 rms 0.0864    5.53 ms | p=(  557.04   -64.51  -1.03) v=10.05 m/s [KF]
[lio] t=1317401484.803 | feat 1367/5127 | map   6818 | icp ok  iter  3 corr  1151 rms 0.0518    6.00 ms | p=(  556.84   -63.48  -1.09) v=10.10 m/s [KF]
[lio] t=1317401484.907 | feat 1338/5131 | map   6774 | icp ok  iter  4 corr  1167 rms 0.0565    7.49 ms | p=(  556.65   -62.47  -1.14) v=10.00 m/s [KF]
[lio] t=1317401485.011 | feat 1428/5106 | map   6706 | icp ok  iter  3 corr  1227 rms 0.1151    6.84 ms | p=(  556.45   -61.45  -1.20) v=10.07 m/s [KF]
[lio] t=1317401485.115 | feat 1438/5178 | map   6725 | icp ok  iter  4 corr  1193 rms 0.0807    7.84 ms | p=(  556.27   -60.45  -1.25) v=9.89 m/s [KF]
[lio] t=1317401485.219 | feat 1378/5396 | map   6750 | icp ok  iter  5 corr  1173 rms 0.0672   10.09 ms | p=(  556.08   -59.46  -1.30) v=9.81 m/s [KF]
[lio] t=1317401485.323 | feat 1386/5565 | map   6702 | icp ok  iter  4 corr  1130 rms 0.0899    7.83 ms | p=(  555.88   -58.44  -1.36) v=9.91 m/s [KF]
[lio] t=1317401485.427 | feat 1351/5755 | map   6750 | icp ok  iter  3 corr  1088 rms 0.0705    5.90 ms | p=(  555.70   -57.44  -1.42) v=9.89 m/s [KF]
[lio] t=1317401485.531 | feat 1359/5826 | map   6775 | icp ok  iter  4 corr  1161 rms 0.0686    8.02 ms | p=(  555.53   -56.45  -1.48) v=9.76 m/s [KF]
[lio] t=1317401485.635 | feat 1283/5862 | map   6832 | icp ok  iter  6 corr  1072 rms 0.0528   10.27 ms | p=(  555.35   -55.46  -1.53) v=9.68 m/s [KF]
[lio] t=1317401485.739 | feat 1328/5881 | map   6851 | icp ok  iter  3 corr  1058 rms 0.0875    5.51 ms | p=(  555.16   -54.48  -1.59) v=9.65 m/s [KF]
[lio] t=1317401485.843 | feat 1358/5925 | map   6914 | icp ok  iter  5 corr  1127 rms 0.0630    9.13 ms | p=(  554.98   -53.52  -1.63) v=9.45 m/s
[lio] t=1317401485.947 | feat 1372/5983 | map   6914 | icp ok  iter  4 corr  1089 rms 0.0672    7.36 ms | p=(  554.81   -52.56  -1.68) v=9.35 m/s [KF]
[lio] t=1317401486.051 | feat 1462/6155 | map   7003 | icp ok  iter  4 corr  1110 rms 0.0710    7.63 ms | p=(  554.63   -51.62  -1.74) v=9.20 m/s
[lio] t=1317401486.155 | feat 1464/6211 | map   7003 | icp ok  iter  3 corr  1036 rms 0.0713    5.76 ms | p=(  554.47   -50.71  -1.79) v=8.92 m/s [KF]
[lio] t=1317401486.259 | feat 1520/6167 | map   7217 | icp ok  iter  3 corr  1212 rms 0.0875    6.33 ms | p=(  554.30   -49.80  -1.84) v=8.89 m/s
[lio] t=1317401486.362 | feat 1560/6360 | map   7217 | icp ok  iter  4 corr  1200 rms 0.0786    8.32 ms | p=(  554.13   -48.90  -1.87) v=8.75 m/s [KF]
[lio] t=1317401486.466 | feat 1771/6549 | map   7353 | icp ok  iter  3 corr  1424 rms 0.0654    7.55 ms | p=(  553.97   -48.04  -1.92) v=8.52 m/s
[lio] t=1317401486.570 | feat 1860/6887 | map   7353 | icp ok  iter  4 corr  1467 rms 0.0728    9.97 ms | p=(  553.81   -47.19  -1.97) v=8.36 m/s [KF]
[lio] t=1317401486.674 | feat 2014/7120 | map   7579 | icp ok  iter  3 corr  1588 rms 0.0930    8.56 ms | p=(  553.65   -46.33  -2.02) v=8.36 m/s
[lio] t=1317401486.778 | feat 2057/7324 | map   7579 | icp ok  iter  3 corr  1414 rms 0.0753    7.95 ms | p=(  553.48   -45.49  -2.06) v=8.24 m/s [KF]
[lio] t=1317401486.882 | feat 2212/7410 | map   7926 | icp ok  iter  4 corr  1758 rms 0.0559   11.05 ms | p=(  553.34   -44.66  -2.10) v=8.09 m/s
[lio] t=1317401486.986 | feat 2191/7667 | map   7926 | icp ok  iter  4 corr  1690 rms 0.0716   12.07 ms | p=(  553.18   -43.85  -2.14) v=7.91 m/s [KF]
[lio] t=1317401487.090 | feat 2236/7777 | map   8251 | icp ok  iter  4 corr  1812 rms 0.0510   12.65 ms | p=(  553.04   -43.06  -2.18) v=7.80 m/s
[lio] t=1317401487.194 | feat 2374/7926 | map   8251 | icp ok  iter  3 corr  1800 rms 0.0622   10.24 ms | p=(  552.89   -42.27  -2.23) v=7.66 m/s [KF]
[lio] t=1317401487.298 | feat 2527/8275 | map   8595 | icp ok  iter  3 corr  1984 rms 0.0704   10.23 ms | p=(  552.76   -41.50  -2.26) v=7.53 m/s
[lio] t=1317401487.402 | feat 2552/8418 | map   8595 | icp ok  iter  4 corr  1986 rms 0.0760   14.42 ms | p=(  552.61   -40.75  -2.30) v=7.38 m/s [KF]
[lio] t=1317401487.506 | feat 2529/8645 | map   8978 | icp ok  iter  4 corr  1989 rms 0.0693   13.14 ms | p=(  552.48   -40.01  -2.33) v=7.24 m/s
[lio] t=1317401487.610 | feat 2585/8843 | map   8978 | icp ok  iter  4 corr  2088 rms 0.0782   14.29 ms | p=(  552.36   -39.30  -2.37) v=6.99 m/s [KF]
[lio] t=1317401487.714 | feat 2542/8790 | map   9374 | icp ok  iter  4 corr  2117 rms 0.0523   13.99 ms | p=(  552.23   -38.59  -2.41) v=6.89 m/s
[lio] t=1317401487.818 | feat 2700/8916 | map   9374 | icp ok  iter  5 corr  2175 rms 0.0649   18.40 ms | p=(  552.12   -37.91  -2.45) v=6.63 m/s [KF]
[lio] t=1317401487.922 | feat 2645/9151 | map   9758 | icp ok  iter  4 corr  2111 rms 0.0590   13.80 ms | p=(  552.02   -37.23  -2.48) v=6.49 m/s
[lio] t=1317401488.026 | feat 2679/9226 | map   9758 | icp ok  iter  4 corr  2026 rms 0.0680   14.80 ms | p=(  551.93   -36.59  -2.51) v=6.28 m/s [KF]
[lio] t=1317401488.130 | feat 2762/9219 | map  10208 | icp ok  iter  3 corr  2175 rms 0.0623   11.50 ms | p=(  551.84   -35.96  -2.54) v=6.11 m/s
[lio] t=1317401488.234 | feat 2708/9252 | map  10208 | icp ok  iter  4 corr  2090 rms 0.0683   15.54 ms | p=(  551.77   -35.31  -2.58) v=6.14 m/s [KF]
[lio] t=1317401488.338 | feat 2617/9205 | map  10602 | icp ok  iter  5 corr  2070 rms 0.0465   17.37 ms | p=(  551.70   -34.71  -2.61) v=5.96 m/s
[lio] t=1317401488.443 | feat 2763/9163 | map  10602 | icp ok  iter  3 corr  2140 rms 0.0627   11.63 ms | p=(  551.64   -34.10  -2.63) v=5.88 m/s [KF]
[lio] t=1317401488.547 | feat 2774/9150 | map  11040 | icp ok  iter  6 corr  2192 rms 0.0589   22.88 ms | p=(  551.59   -33.50  -2.67) v=5.79 m/s
[lio] t=1317401488.651 | feat 2852/9277 | map  11040 | icp ok  iter  4 corr  2180 rms 0.0570   15.23 ms | p=(  551.55   -32.91  -2.69) v=5.70 m/s [KF]
[lio] t=1317401488.754 | feat 2867/9346 | map  11390 | icp ok  iter  4 corr  2257 rms 0.0557   15.20 ms | p=(  551.52   -32.33  -2.72) v=5.66 m/s
[lio] t=1317401488.858 | feat 2896/9473 | map  11390 | icp ok  iter  4 corr  2240 rms 0.0619   15.26 ms | p=(  551.49   -31.75  -2.75) v=5.59 m/s [KF]
[lio] t=1317401488.962 | feat 2967/9636 | map  11794 | icp ok  iter  3 corr  2323 rms 0.0522   12.04 ms | p=(  551.47   -31.19  -2.78) v=5.51 m/s
[lio] t=1317401489.066 | feat 2920/9752 | map  11794 | icp ok  iter  3 corr  2247 rms 0.0565   11.72 ms | p=(  551.46   -30.64  -2.80) v=5.39 m/s [KF]
[lio] t=1317401489.170 | feat 3003/9944 | map  12145 | icp ok  iter  4 corr  2328 rms 0.0526   15.98 ms | p=(  551.46   -30.07  -2.83) v=5.41 m/s
[lio] t=1317401489.274 | feat 3065/9955 | map  12145 | icp ok  iter  4 corr  2332 rms 0.0724   15.36 ms | p=(  551.44   -29.52  -2.85) v=5.35 m/s [KF]
[lio] t=1317401489.378 | feat 3116/10158 | map  12571 | icp ok  iter  3 corr  2470 rms 0.0498   11.89 ms | p=(  551.43   -28.97  -2.89) v=5.34 m/s
[lio] t=1317401489.482 | feat 3180/10253 | map  12571 | icp ok  iter  5 corr  2448 rms 0.0601   19.78 ms | p=(  551.43   -28.44  -2.91) v=5.18 m/s [KF]
[lio] t=1317401489.586 | feat 3136/10495 | map  12949 | icp ok  iter  4 corr  2462 rms 0.0469   17.04 ms | p=(  551.44   -27.91  -2.94) v=5.16 m/s
[lio] t=1317401489.690 | feat 3272/10772 | map  12949 | icp ok  iter  4 corr  2509 rms 0.0552   16.42 ms | p=(  551.44   -27.39  -2.96) v=5.02 m/s [KF]
[lio] t=1317401489.794 | feat 3351/11000 | map  13347 | icp ok  iter  3 corr  2610 rms 0.0565   13.08 ms | p=(  551.45   -26.88  -3.00) v=4.97 m/s
[lio] t=1317401489.898 | feat 3456/11231 | map  13347 | icp ok  iter  4 corr  2634 rms 0.0544   17.55 ms | p=(  551.46   -26.38  -3.02) v=4.90 m/s [KF]
[lio] t=1317401490.002 | feat 3584/11427 | map  13684 | icp ok  iter  2 corr  2751 rms 0.0626   10.83 ms | p=(  551.48   -25.86  -3.05) v=4.89 m/s
[lio] t=1317401490.106 | feat 3675/11524 | map  13684 | icp ok  iter  5 corr  2763 rms 0.0491   23.32 ms | p=(  551.50   -25.40  -3.08) v=4.64 m/s
[lio] t=1317401490.210 | feat 3745/11840 | map  13684 | icp ok  iter  4 corr  2844 rms 0.0575   21.08 ms | p=(  551.53   -24.93  -3.10) v=4.54 m/s [KF]
[lio] t=1317401490.314 | feat 3623/11905 | map  14086 | icp ok  iter  3 corr  2753 rms 0.0559   15.90 ms | p=(  551.55   -24.46  -3.13) v=4.47 m/s
[lio] t=1317401490.418 | feat 3728/11918 | map  14086 | icp ok  iter  5 corr  2763 rms 0.0546   23.71 ms | p=(  551.58   -24.01  -3.16) v=4.35 m/s
[lio] t=1317401490.522 | feat 3645/12146 | map  14086 | icp ok  iter  3 corr  2723 rms 0.0562   15.45 ms | p=(  551.62   -23.58  -3.18) v=4.21 m/s [KF]
[lio] t=1317401490.626 | feat 3866/12309 | map  14519 | icp ok  iter  3 corr  2902 rms 0.0512   15.60 ms | p=(  551.66   -23.16  -3.20) v=4.03 m/s
[lio] t=1317401490.730 | feat 3813/12461 | map  14519 | icp ok  iter  4 corr  2833 rms 0.0514   18.52 ms | p=(  551.68   -22.75  -3.22) v=3.93 m/s
[lio] t=1317401490.834 | feat 4009/12611 | map  14519 | icp ok  iter  3 corr  2885 rms 0.0564   15.43 ms | p=(  551.73   -22.37  -3.25) v=3.78 m/s [KF]
[lio] t=1317401490.938 | feat 3978/12754 | map  14971 | icp ok  iter  5 corr  2978 rms 0.0508   26.84 ms | p=(  551.78   -21.99  -3.27) v=3.74 m/s
[lio] t=1317401491.042 | feat 3942/12919 | map  14971 | icp ok  iter  4 corr  2903 rms 0.0472   18.68 ms | p=(  551.83   -21.61  -3.30) v=3.72 m/s
[lio] t=1317401491.146 | feat 4151/12971 | map  14971 | icp ok  iter  4 corr  3083 rms 0.0739   22.31 ms | p=(  551.90   -21.24  -3.33) v=3.67 m/s [KF]
[lio] t=1317401491.250 | feat 4079/13097 | map  15385 | icp ok  iter  5 corr  3075 rms 0.0448   27.62 ms | p=(  551.99   -20.88  -3.35) v=3.62 m/s
[lio] t=1317401491.355 | feat 4255/13160 | map  15385 | icp ok  iter  4 corr  3100 rms 0.0591   23.36 ms | p=(  552.04   -20.52  -3.37) v=3.38 m/s
[lio] t=1317401491.459 | feat 4244/13184 | map  15385 | icp ok  iter  4 corr  3137 rms 0.0533   23.07 ms | p=(  552.13   -20.24  -3.39) v=2.85 m/s [KF]
[lio] t=1317401491.563 | feat 4154/13169 | map  15760 | icp ok  iter  5 corr  3062 rms 0.0485   25.53 ms | p=(  552.20   -19.96  -3.40) v=2.58 m/s
[lio] t=1317401491.667 | feat 4160/13287 | map  15760 | icp ok  iter  4 corr  3003 rms 0.0670   21.83 ms | p=(  552.27   -19.74  -3.40) v=2.18 m/s
[lio] t=1317401491.771 | feat 4286/13314 | map  15760 | icp ok  iter  4 corr  3105 rms 0.0457   21.83 ms | p=(  552.33   -19.55  -3.43) v=1.83 m/s
[lio] t=1317401491.875 | feat 4195/13398 | map  15760 | icp ok  iter  5 corr  3083 rms 0.0450   26.07 ms | p=(  552.39   -19.39  -3.43) v=1.48 m/s
[lio] t=1317401491.979 | feat 4233/13265 | map  15760 | icp ok  iter  5 corr  3080 rms 0.0447   26.65 ms | p=(  552.44   -19.28  -3.45) v=1.09 m/s [KF]
[lio] t=1317401492.083 | feat 4230/13286 | map  16059 | icp ok  iter  4 corr  3188 rms 0.0513   22.86 ms | p=(  552.46   -19.20  -3.45) v=0.73 m/s
[lio] t=1317401492.187 | feat 4176/13204 | map  16059 | icp ok  iter  4 corr  3120 rms 0.0546   21.68 ms | p=(  552.48   -19.15  -3.45) v=0.39 m/s
[lio] t=1317401492.290 | feat 4127/13213 | map  16059 | icp ok  iter  5 corr  3071 rms 0.0513   26.90 ms | p=(  552.49   -19.14  -3.44) v=0.07 m/s
[lio] t=1317401492.394 | feat 4177/13388 | map  16059 | icp ok  iter  3 corr  3042 rms 0.0482   15.86 ms | p=(  552.48   -19.16  -3.45) v=0.19 m/s
[lio] t=1317401492.498 | feat 4192/13461 | map  16059 | icp ok  iter  4 corr  3104 rms 0.0553   22.16 ms | p=(  552.48   -19.16  -3.45) v=0.02 m/s
[lio] t=1317401492.602 | feat 4145/13514 | map  16059 | icp ok  iter  4 corr  3107 rms 0.0643   22.53 ms | p=(  552.47   -19.15  -3.45) v=0.15 m/s
[lio] t=1317401492.706 | feat 4127/13448 | map  16059 | icp ok  iter  5 corr  3038 rms 0.0558   26.70 ms | p=(  552.48   -19.18  -3.45) v=0.12 m/s
[lio] t=1317401492.810 | feat 4291/13480 | map  16059 | icp ok  iter  4 corr  3186 rms 0.0590   23.88 ms | p=(  552.47   -19.15  -3.46) v=0.16 m/s
[lio] t=1317401492.914 | feat 4244/13436 | map  16059 | icp ok  iter  5 corr  3172 rms 0.0632   28.47 ms | p=(  552.48   -19.15  -3.45) v=0.16 m/s
[lio] t=1317401493.017 | feat 4252/13434 | map  16059 | icp ok  iter  4 corr  3156 rms 0.0488   25.20 ms | p=(  552.47   -19.16  -3.45) v=0.05 m/s
[lio] t=1317401493.121 | feat 4182/13362 | map  16059 | icp ok  iter  4 corr  3123 rms 0.0477   21.61 ms | p=(  552.47   -19.15  -3.45) v=0.10 m/s
[lio] t=1317401493.225 | feat 4187/13361 | map  16059 | icp ok  iter  4 corr  3077 rms 0.0552   22.05 ms | p=(  552.48   -19.16  -3.45) v=0.07 m/s
[lio] t=1317401493.329 | feat 4160/13306 | map  16059 | icp ok  iter  4 corr  3110 rms 0.0631   22.84 ms | p=(  552.46   -19.16  -3.45) v=0.11 m/s
[lio] t=1317401493.433 | feat 4063/13239 | map  16059 | icp ok  iter  4 corr  3030 rms 0.0696   21.59 ms | p=(  552.47   -19.16  -3.45) v=0.09 m/s
[lio] t=1317401493.537 | feat 4045/13293 | map  16059 | icp ok  iter  4 corr  3054 rms 0.0647   20.70 ms | p=(  552.47   -19.15  -3.46) v=0.11 m/s
[lio] t=1317401493.641 | feat 4026/13188 | map  16059 | icp ok  iter  4 corr  3007 rms 0.0757   20.86 ms | p=(  552.47   -19.16  -3.46) v=0.06 m/s
[lio] t=1317401493.745 | feat 4007/13172 | map  16059 | icp ok  iter  4 corr  3050 rms 0.0588   21.58 ms | p=(  552.48   -19.16  -3.46) v=0.09 m/s
[lio] t=1317401493.849 | feat 4125/13244 | map  16059 | icp ok  iter  5 corr  3105 rms 0.0436   24.93 ms | p=(  552.47   -19.17  -3.45) v=0.04 m/s
[lio] t=1317401493.953 | feat 4052/13215 | map  16059 | icp ok  iter  3 corr  3005 rms 0.0473   16.28 ms | p=(  552.48   -19.16  -3.46) v=0.13 m/s
[lio] t=1317401494.057 | feat 4123/13336 | map  16059 | icp ok  iter  5 corr  3072 rms 0.0574   24.71 ms | p=(  552.47   -19.14  -3.46) v=0.22 m/s
[lio] t=1317401494.161 | feat 4176/13392 | map  16059 | icp ok  iter  4 corr  3087 rms 0.0513   21.04 ms | p=(  552.48   -19.15  -3.46) v=0.15 m/s
[lio] t=1317401494.265 | feat 4127/13367 | map  16059 | icp ok  iter  3 corr  3071 rms 0.0469   17.09 ms | p=(  552.47   -19.12  -3.46) v=0.29 m/s
[lio] t=1317401494.369 | feat 4087/13389 | map  16059 | icp ok  iter  4 corr  3022 rms 0.0459   22.15 ms | p=(  552.49   -19.11  -3.46) v=0.27 m/s
[lio] t=1317401494.473 | feat 4010/13364 | map  16059 | icp ok  iter  4 corr  2952 rms 0.0458   21.09 ms | p=(  552.49   -19.10  -3.46) v=0.26 m/s
[lio] t=1317401494.577 | feat 4014/13387 | map  16059 | icp ok  iter  3 corr  2927 rms 0.0491   15.31 ms | p=(  552.50   -19.08  -3.46) v=0.33 m/s
[lio] t=1317401494.681 | feat 4141/13558 | map  16059 | icp ok  iter  4 corr  3110 rms 0.0494   22.07 ms | p=(  552.51   -19.04  -3.47) v=0.48 m/s
[lio] t=1317401494.785 | feat 4178/13519 | map  16059 | icp ok  iter  6 corr  3133 rms 0.0536   31.42 ms | p=(  552.52   -18.99  -3.47) v=0.58 m/s
[lio] t=1317401494.890 | feat 4178/13584 | map  16059 | icp ok  iter  5 corr  3160 rms 0.0489   26.44 ms | p=(  552.56   -18.94  -3.48) v=0.77 m/s
[lio] t=1317401494.994 | feat 4222/13582 | map  16059 | icp ok  iter  4 corr  3147 rms 0.0544   21.07 ms | p=(  552.57   -18.87  -3.49) v=0.86 m/s
[lio] t=1317401495.098 | feat 4214/13624 | map  16059 | icp ok  iter  4 corr  3166 rms 0.0459   22.04 ms | p=(  552.62   -18.79  -3.49) v=1.05 m/s
[lio] t=1317401495.202 | feat 4347/13624 | map  16059 | icp ok  iter  4 corr  3313 rms 0.0506   24.55 ms | p=(  552.66   -18.70  -3.50) v=1.14 m/s
[lio] t=1317401495.306 | feat 4355/13670 | map  16059 | icp ok  iter  4 corr  3244 rms 0.0505   23.07 ms | p=(  552.73   -18.57  -3.51) v=1.44 m/s
[lio] t=1317401495.411 | feat 4223/13740 | map  16059 | icp ok  iter  4 corr  3129 rms 0.0526   24.92 ms | p=(  552.79   -18.45  -3.51) v=1.53 m/s
[lio] t=1317401495.515 | feat 4264/13666 | map  16059 | icp ok  iter  3 corr  3134 rms 0.0537   17.91 ms | p=(  552.88   -18.31  -3.53) v=1.73 m/s [KF]
[lio] t=1317401495.619 | feat 4198/13586 | map  16342 | icp ok  iter  4 corr  3154 rms 0.0475   21.90 ms | p=(  553.00   -18.15  -3.54) v=2.01 m/s
[lio] t=1317401495.723 | feat 4421/13689 | map  16342 | icp ok  iter  6 corr  3320 rms 0.0544   34.49 ms | p=(  553.09   -17.99  -3.55) v=2.06 m/s
[lio] t=1317401495.827 | feat 4404/13572 | map  16342 | icp ok  iter  4 corr  3264 rms 0.0545   24.28 ms | p=(  553.21   -17.80  -3.56) v=2.29 m/s
[lio] t=1317401495.931 | feat 4334/13528 | map  16342 | icp ok  iter  4 corr  3201 rms 0.0552   24.98 ms | p=(  553.36   -17.60  -3.57) v=2.58 m/s
[lio] t=1317401496.035 | feat 4346/13609 | map  16342 | icp ok  iter  4 corr  3205 rms 0.0578   24.12 ms | p=(  553.51   -17.39  -3.59) v=2.72 m/s [KF]
[lio] t=1317401496.139 | feat 4472/13622 | map  16631 | icp ok  iter  4 corr  3254 rms 0.0568   23.74 ms | p=(  553.66   -17.16  -3.61) v=2.88 m/s
[lio] t=1317401496.243 | feat 4437/13491 | map  16631 | icp ok  iter  4 corr  3271 rms 0.0474   24.21 ms | p=(  553.86   -16.94  -3.63) v=3.08 m/s
[lio] t=1317401496.347 | feat 4541/13475 | map  16631 | icp ok  iter  6 corr  3339 rms 0.0525   37.02 ms | p=(  554.08   -16.69  -3.66) v=3.39 m/s
[lio] t=1317401496.452 | feat 4578/13416 | map  16631 | icp ok  iter  3 corr  3347 rms 0.0541   20.18 ms | p=(  554.33   -16.42  -3.68) v=3.71 m/s [KF]
[lio] t=1317401496.556 | feat 4468/13190 | map  16953 | icp ok  iter  5 corr  3352 rms 0.0474   31.09 ms | p=(  554.59   -16.14  -3.71) v=3.90 m/s
[lio] t=1317401496.660 | feat 4365/13108 | map  16953 | icp ok  iter  5 corr  3223 rms 0.0578   30.24 ms | p=(  554.88   -15.85  -3.74) v=4.11 m/s
[lio] t=1317401496.764 | feat 4446/13240 | map  16953 | icp ok  iter  4 corr  3263 rms 0.0691   24.20 ms | p=(  555.21   -15.57  -3.77) v=4.34 m/s [KF]
[lio] t=1317401496.868 | feat 4385/13217 | map  17195 | icp ok  iter  5 corr  3116 rms 0.0640   27.80 ms | p=(  555.57   -15.28  -3.79) v=4.63 m/s
[lio] t=1317401496.972 | feat 4600/13087 | map  17195 | icp ok  iter  4 corr  3294 rms 0.0568   26.51 ms | p=(  555.94   -15.01  -3.82) v=4.65 m/s
[lio] t=1317401497.077 | feat 4547/13113 | map  17195 | icp ok  iter  4 corr  3311 rms 0.0619   25.02 ms | p=(  556.38   -14.70  -3.86) v=5.17 m/s [KF]
[lio] t=1317401497.181 | feat 4573/12936 | map  17413 | icp ok  iter  5 corr  3392 rms 0.0563   32.42 ms | p=(  556.81   -14.41  -3.90) v=5.27 m/s
[lio] t=1317401497.285 | feat 4568/12965 | map  17413 | icp ok  iter  6 corr  3363 rms 0.0548   37.91 ms | p=(  557.31   -14.15  -3.92) v=5.51 m/s [KF]
[lio] t=1317401497.389 | feat 4590/12931 | map  17503 | icp ok  iter  5 corr  3428 rms 0.0535   32.30 ms | p=(  557.77   -13.87  -3.95) v=5.48 m/s
[lio] t=1317401497.493 | feat 4578/13045 | map  17503 | icp ok  iter  6 corr  3323 rms 0.0536   37.47 ms | p=(  558.34   -13.57  -3.97) v=6.06 m/s [KF]
[lio] t=1317401497.597 | feat 4650/13007 | map  17584 | icp ok  iter  5 corr  3473 rms 0.0689   31.59 ms | p=(  558.85   -13.31  -4.01) v=5.89 m/s
[lio] t=1317401497.700 | feat 4673/13062 | map  17584 | icp ok  iter  4 corr  3457 rms 0.0548   26.77 ms | p=(  559.42   -13.04  -4.03) v=6.18 m/s [KF]
[lio] t=1317401497.804 | feat 4616/12922 | map  17661 | icp ok  iter  5 corr  3457 rms 0.0576   31.90 ms | p=(  560.01   -12.79  -4.06) v=6.35 m/s
[lio] t=1317401497.908 | feat 4844/12807 | map  17661 | icp ok  iter  5 corr  3608 rms 0.0580   33.43 ms | p=(  560.61   -12.55  -4.10) v=6.42 m/s [KF]
[lio] t=1317401498.012 | feat 4761/12862 | map  17744 | icp ok  iter  3 corr  3537 rms 0.0457   17.82 ms | p=(  561.24   -12.31  -4.13) v=6.63 m/s
[lio] t=1317401498.116 | feat 4858/12634 | map  17744 | icp ok  iter  3 corr  3624 rms 0.0618   20.79 ms | p=(  561.91   -12.08  -4.17) v=6.89 m/s [KF]
[lio] t=1317401498.220 | feat 4907/12761 | map  17878 | icp ok  iter  5 corr  3627 rms 0.0544   31.91 ms | p=(  562.58   -11.84  -4.20) v=7.03 m/s
[lio] t=1317401498.324 | feat 4898/12713 | map  17878 | icp ok  iter  7 corr  3587 rms 0.0497   44.12 ms | p=(  563.27   -11.62  -4.23) v=7.13 m/s [KF]
[lio] t=1317401498.428 | feat 4974/12557 | map  18016 | icp ok  iter  4 corr  3688 rms 0.0538   27.69 ms | p=(  563.99   -11.41  -4.26) v=7.35 m/s
[lio] t=1317401498.531 | feat 4993/12285 | map  18016 | icp ok  iter  4 corr  3617 rms 0.0608   25.59 ms | p=(  564.73   -11.21  -4.29) v=7.53 m/s [KF]
[lio] t=1317401498.635 | feat 4861/12064 | map  18237 | icp ok  iter  5 corr  3529 rms 0.0477   30.16 ms | p=(  565.49   -11.01  -4.33) v=7.68 m/s
[lio] t=1317401498.739 | feat 4871/12096 | map  18237 | icp ok  iter  4 corr  3510 rms 0.0558   27.58 ms | p=(  566.27   -10.79  -4.36) v=7.92 m/s [KF]
[lio] t=1317401498.843 | feat 4961/12175 | map  18518 | icp ok  iter  5 corr  3632 rms 0.0498   31.97 ms | p=(  567.06   -10.61  -4.39) v=8.02 m/s
[lio] t=1317401498.946 | feat 4812/12152 | map  18518 | icp ok  iter  4 corr  3397 rms 0.0482   25.47 ms | p=(  567.86   -10.42  -4.41) v=8.12 m/s [KF]
[lio] t=1317401499.050 | feat 4921/12201 | map  18728 | icp ok  iter  4 corr  3504 rms 0.0519   27.43 ms | p=(  568.68   -10.24  -4.44) v=8.23 m/s
[lio] t=1317401499.154 | feat 4757/12165 | map  18728 | icp ok  iter  4 corr  3328 rms 0.0491   25.79 ms | p=(  569.52   -10.06  -4.48) v=8.38 m/s [KF]
[lio] t=1317401499.257 | feat 4893/11983 | map  18885 | icp ok  iter  3 corr  3451 rms 0.0520   18.08 ms | p=(  570.37    -9.87  -4.51) v=8.56 m/s
[lio] t=1317401499.361 | feat 4856/11892 | map  18885 | icp ok  iter  4 corr  3329 rms 0.0598   23.71 ms | p=(  571.24    -9.68  -4.54) v=8.66 m/s [KF]
[lio] t=1317401499.465 | feat 5013/11860 | map  19058 | icp ok  iter  4 corr  3458 rms 0.0572   23.57 ms | p=(  572.13    -9.48  -4.58) v=8.85 m/s
[lio] t=1317401499.569 | feat 4932/11818 | map  19058 | icp[INFO] [1789097394.226707915] [rclcpp]: signal_handler(signum=15)
[INFO] [1789097394.227160039] [lidar_inertial_odometer]: processed 5153 lidar frames
 ok  iter  4 corr  3269 rms 0.0587   27.00 ms | p=(  573.00    -9.30  -4.62) v=8.78 m/s [KF]
[lio] t=1317401499.673 | feat 4899/11774 | map  19250 | icp ok  iter  4 corr  3371 rms 0.0532   24.85 ms | p=(  573.90    -9.11  -4.65) v=9.00 m/s
