# TUM format: timestamp tx ty tz qx qy qz qw
1317400964.326694965 0.000000000 0.000000000 0.000000000 -0.016092785 -0.029787852 -0.211781579 0.976730397
1317400964.430711031 0.562255362 -0.247809670 0.037383294 -0.014200774 -0.030289961 -0.214735227 0.976099195
1317400964.534748077 1.134182595 -0.503726251 0.089899265 -0.015212409 -0.031152339 -0.217906537 0.975353708
1317400964.638786077 1.725722953 -0.777163746 0.137694423 -0.017431262 -0.031978306 -0.221002022 0.974593066
1317400964.742799759 2.304213476 -1.054031218 0.181721756 -0.018149936 -0.032197287 -0.223948560 0.973899870
1317400964.846813917 2.925866961 -1.352295434 0.228606184 -0.014280882 -0.032187606 -0.226262089 0.973429752
1317400964.950808048 3.547716360 -1.661173994 0.280170300 -0.010527420 -0.030974884 -0.228566279 0.972978513
1317400965.054775000 4.172530917 -1.974460923 0.331278120 -0.009419868 -0.029576141 -0.230597423 0.972554033
1317400965.158716917 4.836621575 -2.300113422 0.384272450 -0.009233273 -0.029051920 -0.231810249 0.972283262
1317400965.262635946 5.492914159 -2.631804676 0.435665175 -0.007761670 -0.030265633 -0.231825824 0.972255386
1317400965.366508007 6.165992013 -2.970494192 0.486356557 -0.004891247 -0.031772143 -0.230992697 0.972424280
1317400965.470330954 6.855444974 -3.319225109 0.538786224 -0.002908267 -0.032506788 -0.228473180 0.973003010
1317400965.574127913 7.562154546 -3.667268809 0.593950844 -0.002935242 -0.032391040 -0.224948757 0.973827634
1317400965.677880049 8.284576594 -4.009686518 0.647887076 -0.003348524 -0.031500498 -0.220737464 0.974818690
1317400965.781652927 9.019345163 -4.354321351 0.705007971 -0.003243196 -0.030248721 -0.215930884 0.975934603
1317400965.885476112 9.771660338 -4.694225328 0.761771544 -0.003897133 -0.028505655 -0.211763814 0.976897296
1317400965.989300966 10.539378561 -5.032005253 0.820062648 -0.003674697 -0.027033061 -0.207661708 0.977820191
1317400966.093147039 11.305685200 -5.364353246 0.875011959 -0.004053896 -0.026219124 -0.204198266 0.978569973
1317400966.197015047 12.079175556 -5.693893097 0.928585781 -0.004817380 -0.025663523 -0.201412673 0.979158369
1317400966.300884008 12.858123993 -6.020389822 0.983692345 -0.005632304 -0.025206150 -0.198908736 0.979677621
1317400966.404755116 13.633910844 -6.346375372 1.039538141 -0.006162855 -0.024969512 -0.196614224 0.980143556
1317400966.508626938 14.407799881 -6.659414210 1.094314509 -0.006670108 -0.025109525 -0.194282051 0.980601604
1317400966.612523079 15.169340314 -6.968027223 1.148850862 -0.006850270 -0.024767870 -0.191884222 0.981081073
1317400966.716417074 15.936124965 -7.270774198 1.202938987 -0.007495255 -0.024114455 -0.190249388 0.981410966
1317400966.820334911 16.698944400 -7.571652024 1.255370033 -0.008596658 -0.023382907 -0.188954355 0.981669796
1317400966.924278021 17.461903499 -7.871430265 1.308475984 -0.009136699 -0.023069108 -0.187899764 0.981874745
1317400967.028222322 18.218899021 -8.164923552 1.360723366 -0.009436098 -0.023135625 -0.187740000 0.981900909
1317400967.132189989 18.973167941 -8.460632533 1.413724908 -0.010255768 -0.023438826 -0.187248730 0.981979304
1317400967.236156940 19.722043049 -8.750607907 1.463841388 -0.012031158 -0.023372744 -0.187000722 0.982007992
1317400967.340122938 20.461627298 -9.035497442 1.514536322 -0.013101061 -0.022837329 -0.186645641 0.982074449
1317400967.444091082 21.194094598 -9.315501336 1.566930929 -0.014022084 -0.022299879 -0.186326068 0.982134763
1317400967.548057079 21.908803344 -9.591115346 1.619330211 -0.014534677 -0.022019369 -0.186147139 0.982167569
1317400967.652046919 22.612512295 -9.860508087 1.669808275 -0.015542756 -0.021710004 -0.186000631 0.982186776
1317400967.756036043 23.306146248 -10.123648474 1.716778287 -0.016208256 -0.021321896 -0.185945699 0.982194923
1317400967.860024929 23.977820836 -10.377719030 1.763950521 -0.017423417 -0.021020199 -0.186209101 0.982130718
1317400967.964040995 24.645383079 -10.630505319 1.810070601 -0.018974029 -0.020680857 -0.187130650 0.981934014
1317400968.068082094 25.298365540 -10.883579629 1.855813613 -0.020692386 -0.020794524 -0.188534218 0.981628372
1317400968.172146082 25.933578770 -11.129538412 1.899316759 -0.021872896 -0.021158700 -0.190465971 0.981221993
1317400968.276232004 26.560540106 -11.375392038 1.941648386 -0.022081208 -0.020925565 -0.192935026 0.980739831
1317400968.380319118 27.181848429 -11.623095174 1.985895791 -0.022121535 -0.020698113 -0.195530651 0.980229560
1317400968.484381914 27.785638262 -11.868855248 2.030031940 -0.022278846 -0.020391794 -0.198549006 0.979625500
1317400968.588468075 28.365308904 -12.107210263 2.072142264 -0.022174585 -0.020056476 -0.202159057 0.978896185
1317400968.692553997 28.933429244 -12.348630328 2.114397092 -0.022226575 -0.020003844 -0.206332722 0.978024863
1317400968.796639919 29.493722603 -12.592547501 2.154104800 -0.022120404 -0.020074342 -0.211352824 0.976953270
1317400968.900774956 30.038211698 -12.832889016 2.192181916 -0.022094049 -0.020052802 -0.217354061 0.975636690
1317400969.004909992 30.569276028 -13.077370756 2.229647812 -0.021522516 -0.020105587 -0.223430549 0.974274775
1317400969.109019995 31.085221007 -13.324139178 2.267129058 -0.020943463 -0.020427414 -0.229847299 0.972786879
1317400969.213151932 31.594371165 -13.578992565 2.303747565 -0.020492094 -0.020443417 -0.237031192 0.971070726
1317400969.317287922 32.089782989 -13.834474742 2.339490336 -0.020139529 -0.020436738 -0.245015008 0.969094621
1317400969.421423912 32.572240632 -14.086088317 2.375377532 -0.020870329 -0.020334952 -0.253636007 0.966860742
1317400969.525607824 33.040854615 -14.344473912 2.412763534 -0.020364263 -0.020951002 -0.263603071 0.964188661
1317400969.629813910 33.497959573 -14.611406612 2.445985383 -0.021431482 -0.020822724 -0.274814215 0.961032909
1317400969.734045982 33.936619773 -14.885844790 2.480118451 -0.021548954 -0.021806371 -0.286999738 0.957439959
1317400969.838277102 34.361410073 -15.163402033 2.512617004 -0.021148080 -0.023431969 -0.299876016 0.953455860
1317400969.942506075 34.766759334 -15.448174223 2.545826227 -0.020023374 -0.025006298 -0.313433669 0.949069589
1317400970.046736240 35.154924668 -15.737152651 2.577839236 -0.018863690 -0.026083766 -0.327981888 0.944135414
1317400970.150990963 35.526242435 -16.024911417 2.612390237 -0.018914524 -0.026896252 -0.343096054 0.938724630
1317400970.255248070 35.882983264 -16.316133291 2.646680551 -0.019140493 -0.026762857 -0.358596124 0.932912756
1317400970.359503031 36.222381427 -16.614140602 2.683403235 -0.018660103 -0.026205832 -0.374578594 0.926636893
1317400970.463783026 36.553901845 -16.914340409 2.723139760 -0.017460341 -0.025926788 -0.391463661 0.919662514
1317400970.568058968 36.863045222 -17.214263432 2.760006034 -0.016657712 -0.025891590 -0.409039625 0.911997111
1317400970.672360897 37.143864950 -17.516225742 2.790831199 -0.016057442 -0.026521928 -0.426957801 0.903739886
1317400970.776640654 37.404576342 -17.824970716 2.820032014 -0.015191613 -0.027636916 -0.445179056 0.894886039
1317400970.880894899 37.648523203 -18.138371350 2.848752712 -0.014219680 -0.028955395 -0.463743061 0.885382267
1317400970.985147953 37.879855530 -18.459980460 2.878934332 -0.012307289 -0.029980966 -0.482529485 0.875279937
1317400971.089401960 38.087880372 -18.787171197 2.912721785 -0.009745729 -0.030134083 -0.501645955 0.864493085
1317400971.193634033 38.277264714 -19.119017014 2.944130751 -0.007091754 -0.029291106 -0.520778102 0.853159954
1317400971.297842026 38.451080699 -19.455622894 2.979190183 -0.004996480 -0.028239534 -0.539987597 0.841184260
1317400971.402050018 38.605344873 -19.797273637 3.008590033 -0.003395359 -0.026547186 -0.559779620 0.828209210
1317400971.506254196 38.742012263 -20.143468488 3.035872954 -0.001814777 -0.025290065 -0.579675823 0.814452613
1317400971.610436916 38.860386482 -20.492131249 3.060823091 0.000652529 -0.025262903 -0.599329548 0.800103401
1317400971.714620113 38.957115500 -20.847560003 3.083831571 0.002822389 -0.026280117 -0.619184372 0.784800677
1317400971.818825960 39.043840937 -21.216686046 3.104612965 0.003636275 -0.027521400 -0.639235553 0.768509764
1317400971.923011065 39.109986025 -21.596927540 3.123489931 0.003325995 -0.028258816 -0.659075383 0.751538433
1317400972.027169943 39.163211992 -21.990687998 3.141349771 0.002394018 -0.027890311 -0.678933919 0.733665546
1317400972.131328106 39.202879625 -22.394662665 3.157966018 0.000961226 -0.026365756 -0.698420226 0.715201447
1317400972.235440016 39.214813107 -22.822945453 3.170322682 0.000527360 -0.025293873 -0.716888418 0.696728740
1317400972.339500904 39.198758698 -23.266460758 3.183775343 0.001263899 -0.025635961 -0.734075760 0.678582330
1317400972.443519115 39.156552032 -23.723880897 3.197454551 0.002179568 -0.025863740 -0.749540251 0.661449718
1317400972.547439098 39.092792358 -24.198387875 3.215123968 0.003527712 -0.025462349 -0.763415111 0.645396461
1317400972.651329994 39.007345727 -24.692847615 3.232416110 0.004740840 -0.024615814 -0.775957918 0.630286360
1317400972.755202055 38.902869207 -25.201958111 3.250375242 0.005925179 -0.023677196 -0.787344650 0.616029776
1317400972.859025002 38.776425544 -25.728246840 3.267135054 0.006745073 -0.023329938 -0.797501972 0.602827358
1317400972.962822914 38.627299380 -26.267556344 3.282759037 0.007778508 -0.023577420 -0.806408750 0.590837142
1317400973.066574097 38.458844697 -26.819644881 3.296593547 0.007086358 -0.023364834 -0.814195881 0.580076664
1317400973.170277119 38.271863807 -27.395579505 3.305757426 0.005142547 -0.022549959 -0.820925808 0.570566272
1317400973.273956060 38.062895172 -27.970465109 3.312413674 0.004218049 -0.021949878 -0.826524801 0.562456367
1317400973.377633095 37.837025382 -28.567801960 3.322359164 0.004786544 -0.022700620 -0.831498647 0.555042134
1317400973.481311083 37.586423071 -29.160747748 3.333636897 0.005835397 -0.023772333 -0.835812089 0.548469667
1317400973.585012913 37.322912395 -29.771315725 3.345430109 0.006510716 -0.023680401 -0.839972418 0.542073045
1317400973.688739061 37.041956677 -30.403163009 3.360710871 0.006659224 -0.023869335 -0.844038816 0.535709237
1317400973.792490959 36.747349956 -31.045042606 3.373537169 0.006612219 -0.024623764 -0.847476927 0.530219583
1317400973.896241903 36.426599660 -31.704276046 3.388214232 0.006784250 -0.026863832 -0.850014393 0.526030266
1317400973.999944925 36.091046298 -32.380290047 3.403355290 0.008197215 -0.030845992 -0.851575578 0.523259367
1317400974.103625059 35.748280576 -33.040051824 3.419909111 0.009851867 -0.033550454 -0.852100525 0.522208774
1317400974.207304001 35.404640721 -33.730209063 3.438427405 0.011175059 -0.033769899 -0.852213276 0.521983950
1317400974.311007977 35.052276447 -34.431169625 3.456352027 0.012117975 -0.034183055 -0.851567947 0.522988246
1317400974.414736032 34.692452633 -35.148443741 3.474055724 0.013266893 -0.034892724 -0.850427861 0.524765605
1317400974.518460989 34.333785756 -35.873446907 3.496447276 0.012597626 -0.034153478 -0.849320605 0.526620688
1317400974.622211933 33.979107761 -36.602459890 3.513514516 0.011818098 -0.033795624 -0.848203795 0.528458618
1317400974.725963116 33.626618906 -37.327433197 3.527747901 0.012530130 -0.034723556 -0.847102070 0.530146540
1317400974.829714060 33.270124322 -38.049925062 3.549863586 0.015312788 -0.036709271 -0.845930831 0.531807275
1317400974.933489084 32.921434106 -38.763834025 3.571728911 0.017683668 -0.037153044 -0.844783327 0.533524198
1317400975.037261963 32.574269831 -39.486638645 3.592465459 0.020031159 -0.037377252 -0.843446340 0.535537081
1317400975.141060114 32.227779993 -40.219934847 3.613348697 0.021638744 -0.036915913 -0.841964863 0.537832827
1317400975.244883060 31.897701188 -40.941257289 3.633087596 0.021999933 -0.036020562 -0.840776986 0.539733806
1317400975.348706961 31.569315568 -41.683166532 3.648261303 0.021092583 -0.033696857 -0.839838487 0.541378741
1317400975.452555895 31.246545631 -42.423564558 3.655970502 0.020305556 -0.030119510 -0.838831665 0.543177630
1317400975.556399107 30.921977015 -43.168993666 3.669085716 0.020113400 -0.028043813 -0.837746698 0.544967399
1317400975.660221100 30.595840600 -43.912067954 3.686531434 0.019066481 -0.028826460 -0.836603278 0.546717898
1317400975.764066935 30.270968805 -44.658910629 3.704163836 0.016505554 -0.031744853 -0.835700129 0.548019274
1317400975.867938042 29.947849583 -45.411591522 3.713331124 0.013365525 -0.033007594 -0.835075128 0.548982141
1317400975.971812010 29.628330219 -46.162217334 3.717187198 0.012800886 -0.032456885 -0.834574113 0.549789722
1317400976.075683117 29.304565911 -46.919916563 3.729030480 0.014534852 -0.031890214 -0.834169928 0.550392844
1317400976.179550886 28.978109776 -47.672701193 3.753044347 0.015549488 -0.032379300 -0.833856186 0.550811815
1317400976.283446074 28.652761326 -48.437793464 3.775706550 0.014586644 -0.032246028 -0.833871498 0.550822792
1317400976.387341022 28.329519593 -49.213661548 3.790674375 0.012325437 -0.030654142 -0.833972114 0.550816594
1317400976.491235018 28.005646968 -49.990519698 3.802468504 0.011278817 -0.028842425 -0.834265266 0.550492841
1317400976.595177889 27.669858941 -50.777239235 3.819002329 0.011865058 -0.028548812 -0.834600624 0.549987258
1317400976.699121952 27.332935984 -51.571643431 3.841147084 0.011015568 -0.029354057 -0.835021992 0.549322555
1317400976.803040028 26.994731221 -52.368020093 3.856480112 0.009261018 -0.030569664 -0.835529574 0.548516234
1317400976.906960011 26.651884471 -53.175906572 3.872855231 0.008264035 -0.031703277 -0.835765040 0.548108936
1317400977.010853052 26.302313283 -53.989731321 3.893945312 0.008533106 -0.033035442 -0.835962467 0.547724930
1317400977.114747047 25.944924218 -54.814396100 3.922612180 0.008356707 -0.033569445 -0.836278590 0.547212370
1317400977.218667984 25.584804654 -55.642193105 3.944797060 0.008106736 -0.033069421 -0.836561809 0.546813528
1317400977.322609901 25.222852700 -56.481449446 3.968546932 0.009198021 -0.031086303 -0.836985126 0.546264530
1317400977.426552057 24.854828492 -57.333371234 3.996932329 0.009750343 -0.030202000 -0.837425539 0.545629211
1317400977.530471087 24.484397399 -58.191028306 4.023946793 0.008883686 -0.030785135 -0.837823252 0.545000509
1317400977.634365082 24.104682071 -59.058103626 4.044679297 0.007404717 -0.031809744 -0.838055738 0.544606180
1317400977.738261938 23.722725638 -59.926107061 4.069190029 0.007736444 -0.033156594 -0.838033835 0.544554936
1317400977.842186928 23.331733513 -60.805559444 4.097119595 0.009982735 -0.034108508 -0.838033902 0.544459488
1317400977.946079969 22.936949242 -61.694140512 4.122867295 0.013321783 -0.033725868 -0.838116079 0.544285342
1317400978.049945116 22.537791182 -62.592086691 4.147842287 0.015148629 -0.033629169 -0.837956021 0.544489950
1317400978.153790951 22.144479708 -63.497200076 4.174378924 0.014738256 -0.033206713 -0.837596086 0.545080631
1317400978.257637978 21.741047999 -64.413878457 4.192001372 0.013417023 -0.033626342 -0.837343086 0.545477597
1317400978.361509085 21.338417637 -65.336898309 4.216767457 0.011666945 -0.032853955 -0.837309650 0.545616211
1317400978.465379000 20.934917745 -66.267576195 4.239980825 0.010746559 -0.031379458 -0.837497643 0.545433350
1317400978.569228888 20.527337939 -67.204981206 4.261108534 0.012133501 -0.029784086 -0.837695002 0.545190581
1317400978.673074961 20.114926099 -68.148806247 4.282699819 0.014139706 -0.027811536 -0.837814567 0.545062693
1317400978.776943922 19.701927726 -69.100947251 4.303830879 0.014672591 -0.027678098 -0.838081868 0.544644306
1317400978.880790949 19.278267592 -70.056369851 4.319004465 0.014272631 -0.029579217 -0.838127313 0.544485050
1317400978.984637022 18.849955161 -71.018148727 4.336225152 0.013775099 -0.031295244 -0.838401416 0.543979706
1317400979.088510036 18.416822988 -71.988937465 4.352381463 0.014821205 -0.031053055 -0.838937246 0.543139335
1317400979.192404985 17.980395900 -72.969155527 4.371392507 0.017231485 -0.029710302 -0.839684549 0.541987299
1317400979.296324015 17.539080215 -73.948824589 4.389857906 0.019134427 -0.029371080 -0.840481010 0.540705913
1317400979.400243044 17.094095846 -74.928682789 4.404163433 0.020254754 -0.030903702 -0.841408502 0.539134899
1317400979.504158974 16.646256178 -75.903886863 4.415177805 0.021592729 -0.031852766 -0.842327492 0.537590505
1317400979.608078003 16.195321052 -76.879387744 4.427766223 0.023529215 -0.032849141 -0.843198046 0.536082423
1317400979.711996078 15.743667344 -77.852869808 4.442032745 0.024814137 -0.034289620 -0.843880444 0.534859118
1317400979.815890074 15.284410964 -78.822296468 4.457229465 0.024883850 -0.036551596 -0.844491331 0.533740730
1317400979.919786930 14.826888615 -79.794617338 4.471168614 0.024035549 -0.038940115 -0.844993554 0.532815028
1317400980.023680925 14.366594417 -80.769973472 4.480746693 0.023524999 -0.040909985 -0.845421746 0.532010356
1317400980.127527952 13.908909298 -81.744341143 4.491774124 0.023782117 -0.040766106 -0.845279240 0.532236359
1317400980.231328011 13.450470987 -82.716801051 4.507182341 0.024597997 -0.040134762 -0.844666298 0.533219453
1317400980.335100889 12.991750451 -83.688571920 4.522271868 0.026579808 -0.040021343 -0.843411507 0.535115722
1317400980.438875914 12.542005551 -84.665039217 4.535138039 0.028125631 -0.039730482 -0.841952061 0.537351993
1317400980.542627096 12.096228825 -85.639662901 4.545518754 0.029790267 -0.039062361 -0.840558492 0.539488734
1317400980.646378040 11.655174782 -86.608858929 4.554386177 0.030722153 -0.039243433 -0.839208618 0.541521004
1317400980.750152111 11.213396608 -87.581409697 4.565006505 0.029780485 -0.040173517 -0.838132152 0.543170053
1317400980.853926897 10.775253778 -88.556690761 4.571752154 0.027657393 -0.040916409 -0.837523962 0.544164065
1317400980.957726955 10.342826066 -89.532873105 4.575182932 0.027198583 -0.041166058 -0.837134992 0.544766554
1317400981.061526060 9.912346301 -90.509972168 4.583618859 0.028316412 -0.040927736 -0.836694415 0.545404031
1317400981.165297985 9.480228719 -91.494102865 4.597411101 0.027842973 -0.041764906 -0.836207083 0.546111872
1317400981.269072056 9.052449032 -92.480906107 4.609971834 0.025521976 -0.043322197 -0.835689578 0.546895552
1317400981.372848988 8.624315786 -93.473340337 4.622888775 0.023894810 -0.043927369 -0.835150142 0.547744160
1317400981.476600885 8.198410865 -94.468901756 4.639316375 0.023775320 -0.043638543 -0.834567844 0.548659207
1317400981.580326796 7.778624697 -95.468547151 4.661737944 0.024780643 -0.042579196 -0.833641034 0.550105042
1317400981.684029102 7.360492431 -96.465379017 4.680598637 0.025851223 -0.040548780 -0.832476913 0.551968930
1317400981.787755966 6.942971732 -97.459770278 4.696349378 0.026892814 -0.039701384 -0.831169654 0.553947274
1317400981.891530991 6.527511998 -98.462381551 4.712586659 0.025131915 -0.039600672 -0.830171862 0.555531145
1317400981.995304108 6.115378538 -99.469294635 4.729359325 0.020858979 -0.040662888 -0.829751117 0.556259397
1317400982.099103928 5.707368823 -100.480873717 4.749325298 0.015943779 -0.040708003 -0.829584948 0.556666389
1317400982.202903986 5.300165388 -101.486028534 4.771470516 0.014051923 -0.038860481 -0.829542664 0.556912358
1317400982.306704044 4.888645119 -102.494739715 4.800276531 0.016107222 -0.037166670 -0.829410427 0.557169220
1317400982.410526991 4.472512981 -103.499987890 4.830633813 0.018956686 -0.035510500 -0.829621345 0.556873480
1317400982.514348984 4.059069730 -104.506374925 4.853570617 0.021519280 -0.033589002 -0.830122540 0.556152199
1317400982.618171930 3.647344183 -105.509331484 4.871119553 0.023354716 -0.031846652 -0.830731720 0.555270347
1317400982.721992970 3.233425861 -106.516642165 4.889554861 0.024245494 -0.032143593 -0.831382120 0.554240666
1317400982.825815916 2.822572100 -107.514429819 4.901929239 0.024046797 -0.032028750 -0.831965543 0.553379839
1317400982.929615021 2.411165132 -108.513214859 4.912404588 0.024744743 -0.031888449 -0.832542734 0.552488390
1317400983.033412933 1.999945536 -109.503539957 4.924144715 0.025246646 -0.033339559 -0.832836004 0.551937743
1317400983.137208939 1.587813426 -110.494450422 4.940763911 0.023066768 -0.036209771 -0.833085613 0.551475419
1317400983.240984917 1.180597243 -111.473206398 4.955886337 0.018953757 -0.037303111 -0.833346425 0.551165101
1317400983.344784975 0.768678148 -112.453167885 4.971430232 0.016939235 -0.035573148 -0.833787711 0.550677461
1317400983.448606968 0.357289468 -113.427329695 4.992808873 0.017891530 -0.032202796 -0.834445647 0.549857559
1317400983.552406073 -0.055820399 -114.402690913 5.015876846 0.019041758 -0.027498308 -0.835198240 0.548930920
1317400983.656204939 -0.465164458 -115.375442412 5.024644373 0.021242498 -0.023677359 -0.835875669 0.547996355
1317400983.760005236 -0.880859756 -116.344341174 5.033571872 0.024847460 -0.022363636 -0.836415588 0.547075347
1317400983.863779068 -1.296939739 -117.301490024 5.040257956 0.025958456 -0.022770859 -0.836856374 0.546332368
1317400983.967556000 -1.709076290 -118.259401532 5.038831206 0.023993131 -0.025624049 -0.837307890 0.545603552
1317400984.071332932 -2.121780775 -119.204526695 5.040242372 0.020289123 -0.031907630 -0.837494184 0.545136447
1317400984.175105095 -2.538486488 -120.140898149 5.056088857 0.017558112 -0.036718704 -0.837768609 0.544506389
1317400984.278902054 -2.952439611 -121.077986384 5.062604118 0.017751140 -0.036425891 -0.837959332 0.544226249
1317400984.382725239 -3.367778947 -122.019069675 5.081462285 0.022336176 -0.034026512 -0.837929238 0.544259023
1317400984.486524105 -3.778623052 -122.952575660 5.099385745 0.027127076 -0.032283959 -0.837669228 0.544547640
1317400984.590323925 -4.188212394 -123.882873345 5.112651192 0.029262442 -0.029793893 -0.837636360 0.544629563
1317400984.694147110 -4.592508574 -124.810582017 5.114573182 0.030765816 -0.027340576 -0.837603988 0.544725175
1317400984.797993898 -4.993991410 -125.736236778 5.115175957 0.031719039 -0.025339085 -0.837584158 0.544797771
1317400984.901865959 -5.396054177 -126.655959385 5.114131853 0.030701616 -0.024475709 -0.837617846 0.544843734
1317400985.005759954 -5.794470895 -127.574599541 5.110041351 0.027651734 -0.025678019 -0.837649044 0.544903753
1317400985.109654665 -6.189588490 -128.483571415 5.102630782 0.025175720 -0.027118329 -0.837750651 0.544797784
1317400985.213526011 -6.583220822 -129.386837081 5.100076878 0.023115021 -0.028640111 -0.837734765 0.544835666
1317400985.317420959 -6.975751564 -130.283344195 5.104744871 0.021488780 -0.030408748 -0.837724110 0.544822774
1317400985.421313047 -7.367522439 -131.176971447 5.110745648 0.020209084 -0.031985109 -0.837694212 0.544827452
1317400985.525182962 -7.757777541 -132.062045601 5.123459772 0.020331708 -0.032097173 -0.837667899 0.544856756
1317400985.629054070 -8.144412386 -132.943664905 5.136703268 0.022609659 -0.030320239 -0.837617773 0.544945826
1317400985.732949018 -8.527512890 -133.817467357 5.148387764 0.025974813 -0.027282205 -0.837663699 0.544885785
1317400985.836868048 -8.902144344 -134.681131294 5.155305635 0.028161337 -0.023156452 -0.837875899 0.544641804
1317400985.940813065 -9.269144017 -135.527903243 5.157659255 0.028503606 -0.019631700 -0.838386051 0.543976994
1317400986.044755936 -9.628836230 -136.354368652 5.154340838 0.026375494 -0.017931697 -0.839167914 0.542936460
1317400986.148653984 -9.981873568 -137.168721506 5.143143525 0.022714564 -0.018480941 -0.839645119 0.542345441
1317400986.252547979 -10.332478400 -137.968796098 5.130612409 0.020181182 -0.020738898 -0.839915129 0.541945748
1317400986.356437922 -10.680180986 -138.747766075 5.129475037 0.018931226 -0.023696814 -0.839757906 0.542113206
1317400986.460309982 -11.019895950 -139.507818002 5.135543146 0.018849787 -0.026194150 -0.838972590 0.543215928
1317400986.564181089 -11.351783989 -140.254457749 5.144931559 0.020209607 -0.027913712 -0.837831739 0.544839768
1317400986.668050289 -11.674387407 -140.979559638 5.158111705 0.022505739 -0.028138368 -0.836514577 0.546758710
1317400986.771943092 -11.984998972 -141.691008999 5.175586818 0.024867690 -0.027720793 -0.835216509 0.548658854
1317400986.875859976 -12.273323252 -142.372278489 5.190505432 0.025745894 -0.027921649 -0.834127119 0.550263101
1317400986.979782104 -12.550635356 -143.027021829 5.204567578 0.024384831 -0.029436645 -0.832917285 0.552075774
1317400987.083724976 -12.810223608 -143.657540278 5.212368032 0.022573280 -0.030658927 -0.831706432 0.553908737
1317400987.187691927 -13.058351597 -144.260797116 5.216965401 0.022387150 -0.031298902 -0.830455337 0.555754557
1317400987.291682959 -13.290067640 -144.840467876 5.226896346 0.021883198 -0.030529316 -0.829294941 0.557547297
1317400987.395697117 -13.508462036 -145.392138386 5.239401786 0.020768048 -0.028346073 -0.828272635 0.559222345
1317400987.499711037 -13.709937649 -145.916789785 5.250709838 0.019651360 -0.026381065 -0.827316714 0.560771716
1317400987.603750944 -13.904510708 -146.419546650 5.258755494 0.017868164 -0.026188726 -0.826579562 0.561926248
1317400987.707838058 -14.097944807 -146.906170208 5.262440163 0.015951777 -0.026700001 -0.826175603 0.562553574
1317400987.811949015 -14.288628111 -147.390301931 5.267696261 0.014513361 -0.025862474 -0.826221133 0.562564783
1317400987.916058064 -14.478476642 -147.873314181 5.275108742 0.013397739 -0.022759228 -0.826756059 0.561940332
1317400988.020168304 -14.665394605 -148.359606456 5.281925760 0.013632846 -0.019195491 -0.827484262 0.560995076
1317400988.124279022 -14.850761144 -148.843823326 5.284649081 0.015115997 -0.017254637 -0.828135646 0.560058155
1317400988.228389978 -15.043631630 -149.324434484 5.293235224 0.017274514 -0.017370873 -0.828804300 0.559002036
1317400988.332499981 -15.235949099 -149.801735093 5.308490377 0.017726004 -0.018582982 -0.829487885 0.557933966
1317400988.436585903 -15.428906722 -150.272420784 5.315532784 0.016385007 -0.019384454 -0.830392807 0.556600000
1317400988.540652037 -15.613537845 -150.743059538 5.318107405 0.014750707 -0.018543210 -0.831164333 0.555521752
1317400988.644714355 -15.798091737 -151.208859036 5.314245621 0.013832194 -0.018524489 -0.831885258 0.554465897
1317400988.748776913 -15.986758250 -151.670866490 5.313447364 0.013633280 -0.019312954 -0.832537203 0.553464496
1317400988.852840900 -16.179159115 -152.128961918 5.318485963 0.014584210 -0.018932369 -0.833191989 0.552467172
1317400988.956902027 -16.366854350 -152.587822057 5.324337912 0.016432796 -0.017314204 -0.833922907 0.551364460
1317400989.060965776 -16.557387982 -153.045790018 5.327812341 0.017578159 -0.015898677 -0.834583891 0.550370756
1317400989.165007114 -16.747052795 -153.498711308 5.331907588 0.017649997 -0.014797156 -0.835330831 0.549264895
1317400989.269021034 -16.937200893 -153.950762711 5.334264488 0.017932707 -0.013323402 -0.835971820 0.548317446
1317400989.373033047 -17.127785795 -154.399651911 5.338033023 0.018476453 -0.012665078 -0.836327553 0.547772252
1317400989.477024078 -17.315795123 -154.847873290 5.339388265 0.018725816 -0.012417522 -0.836610400 0.547337362
1317400989.580991030 -17.502580626 -155.294568920 5.335993395 0.018745877 -0.013740423 -0.836456651 0.547540011
1317400989.684909105 -17.680930568 -155.738791538 5.333991006 0.018519877 -0.015286659 -0.835360584 0.549177591
1317400989.788779974 -17.857109647 -156.169923608 5.336463123 0.017812248 -0.015967950 -0.833503185 0.551996548
1317400989.892625809 -18.020808436 -156.604691270 5.337865433 0.017403897 -0.015366822 -0.830937958 0.555880450
1317400989.996402025 -18.175934687 -157.039775969 5.334831766 0.018223117 -0.015652613 -0.827111768 0.561523852
1317400990.100080967 -18.317917182 -157.470496768 5.334147582 0.019692299 -0.018123283 -0.821179372 0.570042278
1317400990.203687906 -18.447618885 -157.897859950 5.340070944 0.021016885 -0.021335094 -0.812981449 0.581518932
1317400990.307270050 -18.566111480 -158.318857777 5.349706543 0.021553906 -0.022242088 -0.802844330 0.595383658
1317400990.410876989 -18.656852041 -158.730449108 5.361092215 0.020892057 -0.021452958 -0.790904982 0.611205860
1317400990.514530897 -18.735129444 -159.131980289 5.368031717 0.019015721 -0.020692724 -0.777928183 0.627724426
1317400990.618207932 -18.795796960 -159.526733523 5.369271078 0.017032556 -0.021993130 -0.764457955 0.644073155
1317400990.721911907 -18.846923982 -159.917856674 5.371873948 0.015344952 -0.024326102 -0.750611431 0.660117606
1317400990.825639009 -18.885295843 -160.303740011 5.377404576 0.014262449 -0.026305440 -0.735925090 0.676401411
1317400990.929390192 -18.913960189 -160.683842612 5.388105898 0.012568356 -0.026202531 -0.721049670 0.692273672
1317400991.033166885 -18.913474866 -161.069808916 5.395181762 0.009974285 -0.024460915 -0.706352158 0.707367519
1317400991.136941910 -18.893283938 -161.449583808 5.396435775 0.006400268 -0.022951549 -0.690931556 0.722527402
1317400991.240741014 -18.863351246 -161.838840689 5.401777542 0.003162678 -0.023377940 -0.675258926 0.737203400
1317400991.344538927 -18.819708427 -162.226778352 5.411683253 0.001153277 -0.024878613 -0.658896597 0.751821122
1317400991.448312044 -18.760361089 -162.621364717 5.428099379 0.001057548 -0.026006406 -0.642488798 0.765852918
1317400991.552110910 -18.688890202 -163.017752465 5.446301263 0.001479275 -0.025350548 -0.625836685 0.779540637
1317400991.655934095 -18.595100238 -163.417760051 5.467716498 0.000573932 -0.023840462 -0.609548166 0.792390268
1317400991.759782076 -18.482842110 -163.820973367 5.486785846 -0.001860528 -0.022357319 -0.593217082 0.804729881
1317400991.863651991 -18.353693024 -164.226688571 5.503408592 -0.004100875 -0.021279191 -0.577046556 0.816423696
1317400991.967559099 -18.204798460 -164.640097451 5.517152762 -0.005067638 -0.022190004 -0.561583719 0.827106795
1317400992.071502924 -18.044918099 -165.062185136 5.532792122 -0.004621633 -0.024387403 -0.546950984 0.836796580
1317400992.175479889 -17.857628980 -165.492792330 5.553429677 -0.005159539 -0.025078975 -0.533303768 0.845536230
1317400992.279493093 -17.644778120 -165.925971633 5.576976830 -0.007412184 -0.023449686 -0.520754553 0.853352135
1317400992.383557081 -17.410372171 -166.357962415 5.602300618 -0.009277424 -0.020349681 -0.509685285 0.860070189
1317400992.487668037 -17.161077386 -166.793552756 5.625612297 -0.009542244 -0.018088372 -0.500744674 0.865353412
1317400992.591800928 -16.900788128 -167.245589103 5.648243419 -0.008068475 -0.017431628 -0.492904479 0.869871377
1317400992.695983887 -16.635232898 -167.706744146 5.673863759 -0.004383633 -0.017026077 -0.486411644 0.873552866
1317400992.800190926 -16.360698639 -168.174629361 5.703347048 -0.000812163 -0.016444092 -0.480825424 0.876661762
1317400992.904373646 -16.046457239 -168.661487850 5.732915052 0.001226267 -0.015527867 -0.475901192 0.879360812
1317400993.008517027 -15.725715931 -169.152346207 5.757033649 0.002736508 -0.015364337 -0.470727032 0.882140867
1317400993.112627983 -15.378114038 -169.662660633 5.779253190 0.004998165 -0.016533347 -0.465083081 0.885098522
1317400993.216731787 -15.024394614 -170.182508253 5.806932935 0.006384180 -0.018881525 -0.459782085 0.887808068
1317400993.320872307 -14.651144482 -170.705746164 5.831237282 0.004713806 -0.020769005 -0.455304719 0.890080918
1317400993.425004959 -14.265593765 -171.232506823 5.853499576 0.002570953 -0.022504283 -0.451607231 0.891929289
1317400993.529159069 -13.878894939 -171.765721484 5.874779649 -0.000192602 -0.023501983 -0.449414243 0.893014254
1317400993.633389711 -13.457107331 -172.325180389 5.902846617 -0.002649398 -0.022605742 -0.449307390 0.893087247
1317400993.737646103 -13.026318545 -172.897218940 5.927909392 -0.004039758 -0.020397607 -0.450650242 0.892458390
1317400993.841881037 -12.598224086 -173.480721129 5.965277641 -0.004439219 -0.018998539 -0.452653509 0.891473022
1317400993.946086884 -12.161330481 -174.076011872 5.997610216 -0.005638913 -0.017756165 -0.454902425 0.890346396
1317400994.050302982 -11.703757742 -174.696674407 6.027943337 -0.005563217 -0.016730946 -0.457337882 0.889118208
1317400994.154485941 -11.248923365 -175.321947154 6.059335952 -0.004840534 -0.016557674 -0.459941507 0.887781630
1317400994.258655071 -10.790645141 -175.966107178 6.091206083 -0.003258067 -0.016026839 -0.462588589 0.886422203
1317400994.362814903 -10.334642726 -176.617826790 6.124102342 -0.003093677 -0.015415960 -0.465493971 0.884911374
1317400994.466927052 -9.863466445 -177.286823359 6.157474469 -0.003723480 -0.015700666 -0.468334638 0.883403810
1317400994.571038008 -9.395279871 -177.970018122 6.190448835 -0.003898842 -0.017238819 -0.470801068 0.882062343
1317400994.675122976 -8.920926023 -178.666485901 6.224370477 -0.004493256 -0.018716180 -0.472903476 0.880903977
1317400994.779186010 -8.449212317 -179.372130386 6.260532972 -0.004322680 -0.018441911 -0.475298580 0.879620640
1317400994.883249044 -7.970358765 -180.085366467 6.291662959 -0.003809328 -0.015327532 -0.477215679 0.878644269
1317400994.987287045 -7.494472436 -180.807732400 6.325830023 -0.002185239 -0.012721317 -0.479134538 0.877646562
1317400995.091326952 -7.021344475 -181.526516303 6.365218253 -0.000959486 -0.014619006 -0.480714134 0.876754974
1317400995.195365906 -6.553462645 -182.246005978 6.404198742 -0.002195416 -0.019221862 -0.481736822 0.876102354
1317400995.299416065 -6.097282099 -182.963744674 6.438090684 -0.002902144 -0.023007852 -0.482711194 0.875472512
1317400995.403453112 -5.636254012 -183.688439167 6.477871429 -0.001778931 -0.023987307 -0.483611704 0.874952093
1317400995.507457018 -5.179282646 -184.409777707 6.523477945 0.000816149 -0.022195686 -0.484063476 0.874750957
1317400995.611473083 -4.721338937 -185.127957877 6.571786570 0.002994220 -0.021282180 -0.484464070 0.874547122
1317400995.715462923 -4.265055465 -185.849155265 6.612744673 0.005183579 -0.021447705 -0.484364223 0.874588147
1317400995.819428921 -3.815634104 -186.569441977 6.653473769 0.007057679 -0.022061502 -0.484225653 0.874636494
1317400995.923394918 -3.367961638 -187.279480920 6.690937683 0.008468049 -0.023158671 -0.483753169 0.874857039
1317400996.027363062 -2.925772483 -187.991074134 6.734572971 0.008482323 -0.025046221 -0.483148416 0.875139043
1317400996.131330967 -2.481690553 -188.693692130 6.775771779 0.008361608 -0.027227608 -0.482749108 0.875295402
1317400996.235272884 -2.036379655 -189.396531032 6.815294061 0.009165319 -0.027307026 -0.482535253 0.875402795
1317400996.339225054 -1.593781720 -190.093519291 6.855897210 0.009351844 -0.024328014 -0.482774718 0.875356649
1317400996.443192720 -1.149838835 -190.786866611 6.893228433 0.010765946 -0.020379120 -0.483172099 0.875221977
1317400996.547154903 -0.713342804 -191.474695085 6.935498498 0.013594552 -0.018175426 -0.483484076 0.875058850
1317400996.651119947 -0.289590636 -192.153055233 6.971433520 0.015745978 -0.018506354 -0.483863324 0.874806186
1317400996.755091906 0.129774880 -192.815146536 7.001445697 0.015318511 -0.019792838 -0.484403699 0.874486502
1317400996.859072924 0.538333974 -193.457992072 7.033963102 0.012367798 -0.022115839 -0.485402141 0.873923732
1317400996.963066101 0.933513559 -194.085752854 7.061331025 0.009838109 -0.025209479 -0.486410482 0.873311248
1317400997.067063093 1.317108880 -194.698853804 7.092666444 0.009864385 -0.027466486 -0.488024793 0.872341727
1317400997.171072006 1.679225354 -195.292366793 7.125758181 0.011127458 -0.027153929 -0.489607397 0.871449047
1317400997.275054932 2.028543829 -195.863606913 7.161283734 0.013909805 -0.025074510 -0.491554009 0.870374886
1317400997.379026890 2.354964338 -196.409059021 7.198430257 0.017993212 -0.023843797 -0.492980388 0.869527490
1317400997.482998133 2.662167454 -196.933522439 7.233247141 0.022041405 -0.024371674 -0.494206501 0.868723277
1317400997.586985111 2.952568500 -197.436099541 7.265276683 0.025314676 -0.024410306 -0.495528451 0.867879518
1317400997.690960884 3.233521385 -197.912287521 7.291778753 0.025988952 -0.025032811 -0.497449785 0.866741971
1317400997.794898033 3.498750103 -198.363218258 7.317632788 0.026299189 -0.026575580 -0.499153845 0.865706377
1317400997.898840904 3.742040325 -198.785904904 7.336445583 0.027105309 -0.027755751 -0.500442262 0.864900262
1317400998.002780914 3.973138673 -199.195216188 7.354683906 0.028417702 -0.028100950 -0.502309860 0.863763611
1317400998.106720924 4.191221863 -199.584804249 7.369281994 0.028234884 -0.027445504 -0.504110636 0.862740982
1317400998.210640907 4.401468638 -199.949342967 7.385988239 0.027005558 -0.026474700 -0.505720615 0.861868000
1317400998.314558983 4.599715096 -200.297546812 7.399862158 0.026193935 -0.024690982 -0.506998499 0.861194958
1317400998.418453932 4.788575924 -200.630298567 7.418632755 0.026753140 -0.023610678 -0.508482564 0.860332661
1317400998.522350073 4.968796184 -200.950189073 7.432257493 0.026736507 -0.022950579 -0.509663038 0.859652266
1317400998.626267910 5.135907467 -201.250596693 7.445372997 0.026491540 -0.023431530 -0.510953173 0.858880677
1317400998.730187893 5.294624469 -201.537462659 7.454740463 0.024848847 -0.024384283 -0.512098348 0.858220964
1317400998.834106922 5.451213700 -201.822584551 7.463618824 0.023362085 -0.025748642 -0.513301789 0.857503641
1317400998.938024998 5.607275389 -202.109434522 7.473310814 0.021689228 -0.026227062 -0.514561453 0.856777818
1317400999.041944027 5.763012485 -202.390189596 7.483978305 0.019864256 -0.025694180 -0.515926721 0.856016845
1317400999.145862103 5.923467809 -202.672349883 7.493391820 0.018299780 -0.024975959 -0.516996565 0.855427303
1317400999.249754906 6.074967655 -202.955196956 7.501741065 0.017787716 -0.024645660 -0.517971099 0.854857958
1317400999.353626013 6.222455976 -203.234943691 7.510302962 0.017729043 -0.024936532 -0.519005398 0.854223183
1317400999.457499027 6.370069238 -203.512845742 7.521893305 0.016378135 -0.025690073 -0.519470092 0.853945315
1317400999.561346054 6.516711362 -203.785592838 7.535208985 0.015084476 -0.026233586 -0.519540791 0.853909611
1317400999.665175915 6.663108464 -204.058943173 7.544607885 0.014145528 -0.026318402 -0.518832527 0.854353589
1317400999.768974066 6.808432821 -204.331269759 7.556586506 0.014422104 -0.026640501 -0.517598639 0.855087092
1317400999.872764111 6.953728065 -204.602929683 7.568678470 0.014443635 -0.026468535 -0.516129614 0.855979567
1317400999.976543903 7.099626766 -204.870794482 7.580090367 0.014125638 -0.026803628 -0.514136831 0.857172883
1317401000.080296040 7.247646448 -205.141249189 7.591898754 0.013050429 -0.028299894 -0.511944743 0.858452901
1317401000.184072018 7.402740985 -205.418428926 7.603142969 0.011298338 -0.030532860 -0.509139560 0.860068021
1317401000.287847281 7.566808880 -205.704374372 7.614640146 0.010353826 -0.031747621 -0.506103580 0.861825999
1317401000.391616106 7.739686358 -206.003213063 7.629195935 0.010593267 -0.030395517 -0.502563286 0.863940993
1317401000.495395184 7.921042267 -206.315346163 7.642460760 0.011521468 -0.027937807 -0.498228401 0.866519010
1317401000.599143982 8.109191315 -206.635251257 7.661324436 0.012707432 -0.026607094 -0.493745432 0.869106456
1317401000.702893019 8.306501142 -206.966181690 7.680372502 0.012851792 -0.026210536 -0.488972154 0.871810801
1317401000.806643009 8.523081602 -207.311232686 7.699810250 0.012645491 -0.026067793 -0.484089780 0.874538534
1317401000.910392046 8.750791182 -207.667119018 7.720688986 0.012929320 -0.024725838 -0.479215317 0.877253752
1317401001.014142036 8.989525985 -208.036461569 7.744075356 0.013117002 -0.022980042 -0.474410913 0.879905761
1317401001.117892027 9.242755895 -208.415862727 7.760399601 0.013370152 -0.022296092 -0.469743131 0.882420259
1317401001.221666098 9.508563119 -208.807799103 7.770373838 0.013306661 -0.022226446 -0.465538882 0.884648216
1317401001.325465918 9.795713544 -209.214578847 7.783475884 0.012276351 -0.021354576 -0.462200492 0.886433290
1317401001.429313898 10.097713479 -209.632902076 7.808108037 0.010279594 -0.021310021 -0.459703309 0.887757332
1317401001.533207893 10.410506218 -210.063034073 7.829324884 0.007905283 -0.022166266 -0.458055894 0.888611817
1317401001.637125969 10.737466923 -210.509302364 7.850345085 0.005832048 -0.022936155 -0.457087259 0.889106944
1317401001.741045952 11.076131461 -210.974741571 7.861396730 0.003744022 -0.023699387 -0.456690608 0.889301979
1317401001.844964981 11.428581865 -211.455784909 7.872268038 0.001705599 -0.024040646 -0.456253783 0.889523257
1317401001.948882103 11.795770255 -211.954568698 7.890664979 0.000288401 -0.022468543 -0.455886303 0.889754325
1317401002.052824974 12.173996288 -212.465744070 7.926443092 -0.001024247 -0.021255044 -0.455765813 0.889845322
1317401002.156769037 12.568251758 -212.996408170 7.958031750 -0.004400109 -0.022096642 -0.455525624 0.889937516
1317401002.260688066 12.970623757 -213.538709705 7.979641040 -0.007243824 -0.022266416 -0.455182067 0.890090456
1317401002.364604950 13.384048469 -214.093843747 8.003528450 -0.008879447 -0.020330500 -0.455149416 0.890138661
1317401002.468549013 13.814555075 -214.672500951 8.028475114 -0.009340974 -0.016039381 -0.455306772 0.890141128
1317401002.572515726 14.252279083 -215.261682720 8.062488860 -0.007825602 -0.011845654 -0.456014144 0.889859282
1317401002.676481962 14.694326673 -215.869800964 8.099441964 -0.006330125 -0.011085804 -0.456851549 0.889451346
1317401002.780472994 15.141717401 -216.489596376 8.129395658 -0.005947236 -0.012789310 -0.457645227 0.889023009
1317401002.884464025 15.600152890 -217.130827338 8.149965740 -0.005759458 -0.014221741 -0.458464133 0.888580446
1317401002.988429070 16.065297615 -217.786607921 8.173623267 -0.004980969 -0.015062577 -0.459270435 0.888154816
1317401003.092396021 16.533202066 -218.448507219 8.202712815 -0.003924830 -0.015867745 -0.459574709 0.887988681
1317401003.196362972 17.019944899 -219.129051810 8.239044791 -0.004619615 -0.016977691 -0.460401129 0.887536601
1317401003.300304890 17.511843231 -219.822304077 8.270063398 -0.004193621 -0.017958464 -0.460926004 0.887246936
1317401003.404223919 18.008627189 -220.527072525 8.299295619 -0.003290626 -0.015954089 -0.461588305 0.886944686
1317401003.508145094 18.512398569 -221.231099652 8.332462855 -0.002505938 -0.012592784 -0.462033418 0.886769566
1317401003.612063885 19.026602013 -221.953532609 8.367302507 -0.002946094 -0.010749052 -0.462485235 0.886556927
1317401003.715982914 19.546477869 -222.687566576 8.396574714 -0.002773990 -0.011204723 -0.463240546 0.886157410
1317401003.819924116 20.074138632 -223.437642989 8.420804255 -0.002219703 -0.012376770 -0.464157766 0.885663286
1317401003.923866987 20.610800945 -224.208025592 8.450362295 -0.002184370 -0.013789980 -0.465035393 0.885181986
1317401004.027786970 21.152046615 -224.988315852 8.482016028 -0.001434071 -0.015409634 -0.465732316 0.884790312
1317401004.131681681 21.699864933 -225.777033152 8.508843313 -0.000066936 -0.014854717 -0.465676775 0.884830195
1317401004.235552073 22.255300160 -226.575340463 8.538918578 0.001293513 -0.013582102 -0.465473679 0.884956557
1317401004.339421034 22.817086462 -227.377864962 8.573460223 0.001808921 -0.013808033 -0.465019538 0.885190881
1317401004.443291903 23.382176803 -228.187135047 8.605905520 0.000488301 -0.016503437 -0.464717034 0.885305301
1317401004.547175884 23.957963934 -229.009641000 8.635405080 -0.001812365 -0.017351077 -0.464252621 0.885531004
1317401004.651024103 24.536940162 -229.831833367 8.668167419 -0.001689897 -0.016369409 -0.463935924 0.885715894
1317401004.754833937 25.121259360 -230.663756131 8.711314733 0.000708739 -0.014480424 -0.463434098 0.886012783
1317401004.858656883 25.710136125 -231.505156622 8.747116237 0.002599185 -0.012044838 -0.463215681 0.886159917
1317401004.962480068 26.297676146 -232.339534429 8.782018265 0.003230832 -0.010425435 -0.463033273 0.886273694
1317401005.066301107 26.892061786 -233.175314059 8.818062442 0.002767927 -0.011288074 -0.462591606 0.886495304
1317401005.170099020 27.482982157 -234.010779991 8.847914091 0.001558373 -0.013309079 -0.461843622 0.886860140
1317401005.273850918 28.079047023 -234.842731235 8.880788878 0.001719256 -0.013963839 -0.460323944 0.887639523
1317401005.377603054 28.672305540 -235.671704131 8.916085026 0.002908977 -0.012825104 -0.458545441 0.888573651
1317401005.481379032 29.266879816 -236.493134539 8.951166713 0.003949602 -0.010802889 -0.457111634 0.889334949
1317401005.585175991 29.869036677 -237.317770654 8.985556401 0.002149120 -0.008606445 -0.456327764 0.889767544
1317401005.688973904 30.473985411 -238.135712701 9.005328610 -0.000918562 -0.005468307 -0.456211485 0.889854109
1317401005.792749166 31.075791688 -238.953666904 9.025680986 -0.002669002 -0.002638996 -0.456395420 0.889769146
1317401005.896548748 31.679252477 -239.771268389 9.051803335 -0.004677372 -0.002664420 -0.456512487 0.889700721
1317401006.000346899 32.276316012 -240.585901239 9.079445666 -0.008073375 -0.005658630 -0.456638298 0.889597811
1317401006.104120970 32.872910610 -241.405536890 9.101129988 -0.009594180 -0.008068868 -0.456437116 0.889667356
1317401006.207895994 33.468498951 -242.226216009 9.135771509 -0.009453417 -0.009720856 -0.456294427 0.889725539
1317401006.311671972 34.062240264 -243.040909158 9.175584611 -0.008375082 -0.010801956 -0.456240434 0.889751562
1317401006.415471077 34.653992901 -243.848622978 9.211571391 -0.010013976 -0.010425181 -0.456119842 0.889800947
1317401006.519269943 35.248972245 -244.656108685 9.246709063 -0.010785693 -0.008968675 -0.455963856 0.889887742
1317401006.623066902 35.841064931 -245.465164353 9.285238911 -0.009812019 -0.007980802 -0.455957624 0.889911611
1317401006.726866961 36.426537264 -246.267906868 9.324303058 -0.009667321 -0.006757577 -0.456087341 0.889856851
1317401006.830641270 37.010058289 -247.065115960 9.358124484 -0.008974280 -0.005695890 -0.456124574 0.889852455
1317401006.934416056 37.599260217 -247.868373701 9.392016103 -0.007915713 -0.004824271 -0.456026704 0.889917813
1317401007.038191080 38.184537699 -248.672830482 9.425666772 -0.006359838 -0.005007043 -0.455955631 0.889965698
1317401007.141988754 38.760039684 -249.462531622 9.458920474 -0.005966221 -0.006882467 -0.456060536 0.889902142
1317401007.245786905 39.330887593 -250.249562921 9.488957452 -0.005445147 -0.009120708 -0.456145312 0.889841906
1317401007.349586964 39.901892606 -251.037246198 9.523908593 -0.004980119 -0.010493729 -0.456284722 0.889758019
1317401007.453385115 40.472028029 -251.816554964 9.554484050 -0.005173597 -0.009420626 -0.456648140 0.889582465
1317401007.557183981 41.041818693 -252.599055936 9.589841795 -0.003945257 -0.008428932 -0.457447076 0.889188147
1317401007.660983086 41.614374610 -253.388091889 9.625904204 -0.001422817 -0.007686073 -0.458146921 0.888842111
1317401007.764781713 42.180587922 -254.175989505 9.654600249 0.000119775 -0.006257967 -0.459031931 0.888397721
1317401007.868580103 42.747282673 -254.960216122 9.680979949 -0.000296420 -0.005857956 -0.459993469 0.887902926
1317401007.972403049 43.307884783 -255.740284305 9.709139704 -0.000544803 -0.007614245 -0.461333282 0.887194077
1317401008.076275110 43.860593458 -256.519728071 9.739839485 -0.002185830 -0.010777309 -0.463540493 0.886007496
1317401008.180145264 44.413234247 -257.300012632 9.765582729 -0.005055299 -0.011561777 -0.466482303 0.884440518
1317401008.284015894 44.962926402 -258.080277968 9.796405229 -0.007529480 -0.010335178 -0.468846774 0.883186953
1317401008.387861967 45.504778550 -258.865808034 9.823850798 -0.007967969 -0.007691412 -0.470716439 0.882215046
1317401008.491708279 46.045925733 -259.652622389 9.859134416 -0.006825926 -0.006582495 -0.472391239 0.881337957
1317401008.595555067 46.577917494 -260.438444488 9.892042447 -0.007036681 -0.006525749 -0.473892698 0.880530301
1317401008.699377060 47.106662186 -261.223875222 9.916997740 -0.008361593 -0.006088549 -0.475274151 0.879776958
1317401008.803177118 47.629426412 -262.009150831 9.942525298 -0.007983713 -0.005881509 -0.476277858 0.879238916
1317401008.906977892 48.145585613 -262.798384853 9.976816937 -0.006565308 -0.007046887 -0.477192689 0.878745911
1317401009.010776043 48.662719201 -263.588560338 10.009010745 -0.005911643 -0.008646498 -0.478258496 0.878156650
1317401009.114550114 49.181650228 -264.386312950 10.037346452 -0.004560080 -0.009006102 -0.478421564 0.878072265
1317401009.218348980 49.696107243 -265.181048440 10.068547710 -0.002322831 -0.007961038 -0.478393588 0.878106372
1317401009.322146893 50.213252904 -265.977107914 10.099534441 0.000347495 -0.007351269 -0.478306757 0.878161992
1317401009.425921679 50.732567281 -266.771903637 10.133420846 0.001294214 -0.006668234 -0.478532131 0.878043769
1317401009.529700041 51.254063319 -267.566893863 10.152061840 0.000855565 -0.006091482 -0.478785125 0.877910568
1317401009.633497000 51.775907195 -268.361084126 10.172599815 0.000565167 -0.006129400 -0.479266217 0.877647996
1317401009.737340927 52.297767969 -269.157787571 10.199102268 -0.000490371 -0.006880100 -0.479942405 0.877272883
1317401009.841188908 52.814297937 -269.950021302 10.220410041 -0.001957448 -0.007462546 -0.480938312 0.876720491
1317401009.945010900 53.330815589 -270.743559054 10.240296183 -0.000853346 -0.007116566 -0.481556673 0.876385644
1317401010.048831940 53.842966640 -271.538305295 10.264667141 0.001801171 -0.006645043 -0.482012293 0.876137403
1317401010.152682066 54.351007781 -272.330007812 10.287704533 0.003382888 -0.007294894 -0.482802733 0.875692218
1317401010.256529093 54.855775610 -273.124990841 10.310008884 0.004300980 -0.008323492 -0.483271061 0.875420643
1317401010.360351086 55.357133199 -273.918473750 10.335220566 0.004466224 -0.009858149 -0.483816431 0.875102583
1317401010.464173079 55.856889217 -274.708328999 10.363877254 0.003499683 -0.011367201 -0.484203528 0.874874552
1317401010.567994118 56.361298888 -275.497815586 10.390119037 0.002253284 -0.012087517 -0.484876689 0.874496090
1317401010.671817064 56.857196077 -276.280285387 10.416809036 0.003372419 -0.011984388 -0.485221026 0.874302898
1317401010.775671005 57.343637956 -277.059495565 10.443562962 0.005166449 -0.010542688 -0.485676203 0.874059944
1317401010.879517078 57.829787875 -277.831613653 10.473540694 0.007362311 -0.010182636 -0.485932547 0.873905985
1317401010.983335018 58.307823576 -278.596570219 10.502220282 0.009052241 -0.011116555 -0.485998892 0.873841837
1317401011.087157011 58.774803598 -279.351779415 10.529366346 0.010811942 -0.012475121 -0.486187687 0.873698464
1317401011.190979004 59.237940237 -280.096150182 10.555539663 0.011390788 -0.013183165 -0.486227348 0.873658640
1317401011.294826031 59.692750868 -280.818073055 10.578999188 0.011727311 -0.012940001 -0.485755230 0.873920410
1317401011.398672104 60.144068786 -281.529331424 10.600254201 0.013273924 -0.011518836 -0.484840562 0.874425954
1317401011.502473116 60.585811869 -282.223489195 10.627407492 0.015374686 -0.010550617 -0.483463197 0.875166065
1317401011.606247902 61.015759629 -282.894249512 10.652298919 0.016350413 -0.010014360 -0.481669137 0.876143378
1317401011.710020065 61.441804689 -283.552236366 10.673479621 0.016163895 -0.011873677 -0.479083905 0.877539946
1317401011.813819885 61.858331068 -284.189897365 10.692725787 0.014524652 -0.013999441 -0.476299137 0.879051866
1317401011.917619944 62.270104014 -284.800136650 10.707797838 0.012898351 -0.014370518 -0.473222722 0.880731160
1317401012.021419048 62.670309568 -285.383175579 10.722744646 0.011423105 -0.013312871 -0.470557847 0.882194759
1317401012.125289917 63.058314552 -285.945054534 10.744917690 0.009936216 -0.012668610 -0.468967980 0.883068407
1317401012.229232073 63.435511852 -286.495877614 10.768924112 0.008135022 -0.012509983 -0.468564208 0.883303405
1317401012.333245039 63.806991660 -287.037093867 10.788126386 0.005244531 -0.012496898 -0.471055745 0.881999324
1317401012.437356949 64.165208977 -287.572188883 10.802644734 0.002867670 -0.012307334 -0.475896162 0.879410683
1317401012.541516066 64.519068323 -288.100564764 10.816187209 0.003167263 -0.011402291 -0.483076362 0.875498249
1317401012.645699024 64.847433745 -288.632743559 10.837302912 0.006338446 -0.009809973 -0.490518720 0.871352382
1317401012.749932051 65.159155445 -289.169379573 10.858086295 0.008664305 -0.007836908 -0.500166593 0.865850387
1317401012.854211092 65.457516235 -289.696843314 10.877075914 0.009979863 -0.006655517 -0.512084793 0.858851134
1317401012.958512068 65.732473455 -290.203008245 10.892016211 0.010847108 -0.006368074 -0.526045105 0.850363649
1317401013.062791824 65.987624086 -290.707493696 10.906177014 0.011755588 -0.007948020 -0.540164303 0.841439933
1317401013.167021036 66.221663545 -291.201636837 10.913808583 0.011718503 -0.011502947 -0.553694474 0.832557979
1317401013.271224976 66.420949333 -291.688770612 10.921996421 0.010997116 -0.016915965 -0.567198183 0.823334158
1317401013.375407934 66.615372650 -292.182499862 10.932830199 0.009506945 -0.020403246 -0.580464393 0.813974456
1317401013.479496002 66.796367988 -292.685628130 10.944023340 0.009331315 -0.021166941 -0.591987838 0.805614850
1317401013.583488941 66.954653322 -293.194817388 10.953356254 0.010794726 -0.021740459 -0.601001303 0.798879378
1317401013.687383890 67.098090683 -293.706729489 10.971468247 0.014272362 -0.022151132 -0.607499028 0.793883214
1317401013.791182995 67.224537377 -294.214095792 10.997114807 0.018108827 -0.021922592 -0.610964793 0.791146947
1317401013.894910097 67.357177003 -294.718304594 11.023119768 0.020129236 -0.020532980 -0.612705207 0.789788288
1317401013.998589039 67.485660820 -295.218965827 11.041495401 0.019499550 -0.019065556 -0.611909527 0.790457464
1317401014.102243900 67.623611415 -295.713373264 11.050487627 0.017544052 -0.017169852 -0.609500307 0.792405690
1317401014.205898046 67.762781089 -296.201588666 11.058673089 0.016473867 -0.014948629 -0.605858615 0.795261271
1317401014.309600115 67.906394482 -296.691186848 11.065827681 0.015884513 -0.012262359 -0.601452617 0.798656413
1317401014.413327217 68.055273663 -297.175347280 11.074399185 0.016051611 -0.011289722 -0.596830615 0.802127237
1317401014.517076969 68.203988528 -297.660641784 11.081889613 0.016947674 -0.011488343 -0.591725544 0.805879442
1317401014.620826960 68.361160922 -298.148842904 11.090165551 0.018033907 -0.011665612 -0.586854353 0.809407598
1317401014.724554062 68.530452308 -298.639902026 11.097187563 0.017971911 -0.011548910 -0.581850431 0.813015196
1317401014.828279972 68.712051064 -299.137764521 11.103832089 0.016755269 -0.010842496 -0.576001025 0.817205311
1317401014.932008028 68.907710874 -299.633770121 11.101372725 0.015822307 -0.010544112 -0.569419444 0.821827216
1317401015.035712004 69.107872955 -300.134158022 11.105933086 0.016636385 -0.012884001 -0.562123625 0.826785500
1317401015.139436007 69.313649805 -300.641781482 11.114094459 0.017861205 -0.015750942 -0.554216377 0.832031906
1317401015.243185997 69.536453428 -301.147737027 11.121101611 0.018492022 -0.016660102 -0.546539982 0.837063041
1317401015.346915007 69.776164752 -301.665859837 11.131154434 0.017742571 -0.016410371 -0.538442909 0.842315341
1317401015.450640917 70.031795074 -302.190025496 11.136290284 0.016821524 -0.016762542 -0.529667480 0.847872876
1317401015.554370165 70.306348650 -302.708353226 11.143808416 0.017574653 -0.017279480 -0.521708045 0.852768003
1317401015.658119917 70.578169525 -303.242179815 11.161679785 0.018907379 -0.017306056 -0.512814627 0.858116641
1317401015.761892080 70.878162692 -303.772819219 11.176972867 0.018680296 -0.017723121 -0.504658059 0.862935212
1317401015.865668058 71.186294119 -304.311251207 11.188768345 0.017372689 -0.017859100 -0.495841899 0.868055329
1317401015.969440937 71.506555327 -304.845378477 11.201493826 0.015759451 -0.016884666 -0.487920140 0.872582652
1317401016.073238134 71.850556164 -305.387809746 11.210055609 0.014632701 -0.015562288 -0.480630734 0.876662875
1317401016.177038908 72.205134240 -305.929862190 11.220763031 0.014907559 -0.015025887 -0.473668430 0.880448866
1317401016.280862093 72.572939733 -306.487652850 11.235763136 0.015461552 -0.014631645 -0.466363064 0.884337237
1317401016.384708881 72.964604100 -307.051301573 11.255550008 0.015158976 -0.014072557 -0.459436385 0.887969806
1317401016.488508940 73.370422183 -307.613410964 11.266060502 0.013472464 -0.014469280 -0.451901812 0.891848577
1317401016.592305899 73.795835360 -308.179946129 11.276683186 0.012067407 -0.015294925 -0.444000233 0.895814845
1317401016.696105003 74.234104404 -308.749496599 11.290229281 0.011849499 -0.014850551 -0.436156527 0.899670237
1317401016.799881935 74.694382010 -309.320884978 11.305318527 0.011824363 -0.014038682 -0.428550569 0.903331340
1317401016.903677940 75.173757300 -309.895732216 11.329010365 0.011336171 -0.013200979 -0.420822750 0.906975986
1317401017.007475853 75.671363392 -310.469978654 11.346130144 0.008962614 -0.012329426 -0.412405532 0.910872842
1317401017.111252069 76.189037269 -311.037964066 11.359556437 0.006229574 -0.011281469 -0.403699302 0.914800959
1317401017.215049982 76.727570946 -311.606035077 11.368710226 0.004021758 -0.009569457 -0.394692488 0.918754641
1317401017.318850040 77.283899232 -312.174508025 11.385309046 0.002948770 -0.007891296 -0.385722982 0.922576183
1317401017.422648907 77.861152017 -312.739076275 11.403045696 -0.000547288 -0.007177147 -0.377362315 0.926037727
1317401017.526448011 78.462822387 -313.302296629 11.416628020 -0.003661620 -0.008369531 -0.368879713 0.929432246
1317401017.630247116 79.080280213 -313.864596245 11.429816741 -0.005365084 -0.009530010 -0.360022490 0.932879522
1317401017.734093904 79.718083659 -314.428110959 11.445816963 -0.005867193 -0.009404562 -0.351700879 0.936046805
1317401017.837939024 80.368669782 -314.982590393 11.466163260 -0.006178311 -0.008386025 -0.343341006 0.939153053
1317401017.941785097 81.038911074 -315.540773281 11.486078217 -0.005192570 -0.007599067 -0.335899616 0.941852822
1317401018.045681000 81.724018587 -316.094235862 11.514313824 -0.003261696 -0.008823682 -0.328982373 0.944289205
1317401018.149600983 82.432587808 -316.657216150 11.539183668 -0.002425648 -0.010684809 -0.322870359 0.946379777
1317401018.253519058 83.163379558 -317.212277703 11.558803352 -0.003047989 -0.011160543 -0.316681640 0.948461328
1317401018.357438326 83.908990600 -317.767948123 11.579482049 -0.001164331 -0.010926165 -0.310677067 0.950452010
1317401018.461380959 84.656628245 -318.317720865 11.608635694 0.002005618 -0.011849486 -0.304831496 0.952330471
1317401018.565372944 85.426784948 -318.869829271 11.644303428 0.003958459 -0.016047172 -0.299991472 0.953798687
1317401018.669388056 86.211717604 -319.420962999 11.671443750 0.002427844 -0.019454955 -0.296277326 0.954900705
1317401018.773423910 87.023981640 -319.969448186 11.695074653 0.002393817 -0.017854490 -0.294099858 0.955604919
1317401018.877511024 87.830245849 -320.521892595 11.726203260 0.004306003 -0.013125062 -0.292619526 0.956129177
1317401018.981599092 88.664349887 -321.081567087 11.767256680 0.008496258 -0.010278546 -0.292419540 0.956197144
1317401019.085635900 89.506681361 -321.648816194 11.801092019 0.012841489 -0.010315651 -0.291466967 0.956439068
1317401019.189625740 90.356572532 -322.216833495 11.823518292 0.016669234 -0.010999665 -0.290837250 0.956564079
1317401019.293595076 91.215554948 -322.788486118 11.855013577 0.020105352 -0.012829830 -0.289399645 0.956911185
1317401019.397537947 92.079290611 -323.359177239 11.880189794 0.021150111 -0.014909207 -0.287567907 0.957410616
1317401019.501456976 92.959402034 -323.928242548 11.905632434 0.020879122 -0.016707897 -0.285453067 0.958019548
1317401019.605400085 93.833903724 -324.486095449 11.933391138 0.018111822 -0.016823975 -0.283816794 0.958559828
1317401019.709342003 94.721808835 -325.044592439 11.962414957 0.016569970 -0.014488522 -0.283059128 0.958849857
1317401019.813285112 95.611736447 -325.608326802 11.989665083 0.015905485 -0.008827140 -0.281852365 0.959285329
1317401019.917227030 96.503711739 -326.167332177 12.016788018 0.017119166 -0.003964800 -0.280948455 0.959561973
1317401020.021147251 97.393969085 -326.732350289 12.042881733 0.020112397 -0.004717903 -0.279380750 0.959958139
1317401020.125067949 98.277521690 -327.294936094 12.058719788 0.023414831 -0.007812828 -0.278104721 0.960233550
1317401020.228960991 99.160201817 -327.852186960 12.069322272 0.024864985 -0.009364124 -0.276483345 0.960651344
1317401020.332854986 100.056160389 -328.417594688 12.088063838 0.025943092 -0.009975352 -0.275471617 0.960907298
1317401020.436773777 100.941892831 -328.970765647 12.108445985 0.026972322 -0.011230144 -0.274076315 0.961264038
1317401020.540666103 101.834149766 -329.520335078 12.125097969 0.027799153 -0.012213910 -0.272951707 0.961548435
1317401020.644560099 102.713932152 -330.063099908 12.143770145 0.028696187 -0.011175990 -0.271687516 0.961892676
1317401020.748456955 103.589154650 -330.603346788 12.163110422 0.031048329 -0.008513170 -0.270324826 0.962230750
1317401020.852303982 104.473905315 -331.142276081 12.186462403 0.033593617 -0.008287182 -0.268901248 0.962546056
1317401020.956149101 105.356304430 -331.673338497 12.211242023 0.033900149 -0.011851178 -0.267330178 0.962935567
1317401021.060020924 106.234919253 -332.193444236 12.226911880 0.030475571 -0.016720654 -0.265922844 0.963367376
1317401021.163893938 107.107989701 -332.700007393 12.244056872 0.025858772 -0.017950376 -0.264705278 0.963815451
1317401021.267763853 107.988184803 -333.208907909 12.263142733 0.023315180 -0.014563914 -0.263928299 0.964150480
1317401021.371634960 108.870553835 -333.722376819 12.294639752 0.023498784 -0.010158968 -0.262760723 0.964521335
1317401021.475506067 109.750391504 -334.233299146 12.318592777 0.023669820 -0.007039442 -0.261445035 0.964902420
1317401021.579377890 110.629903448 -334.739532564 12.340787962 0.025488127 -0.006904492 -0.260296401 0.965167585
1317401021.683271885 111.506403420 -335.244405004 12.363592575 0.025241063 -0.009616028 -0.258741907 0.965568768
1317401021.787189007 112.386470184 -335.744455692 12.388044979 0.023112054 -0.014233047 -0.258035049 0.965754196
1317401021.891083002 113.260187892 -336.240458652 12.411315082 0.019995701 -0.018611971 -0.257393101 0.965920576
1317401021.994980097 114.137995589 -336.733797035 12.434950221 0.017024612 -0.019014815 -0.257041464 0.966063293
1317401022.098897934 115.013006530 -337.218326951 12.457867456 0.013822012 -0.014459453 -0.256620923 0.966305116
1317401022.202816010 115.886654697 -337.706117115 12.484880295 0.013446499 -0.008986636 -0.256237311 0.966478594
1317401022.306734085 116.761032874 -338.198274138 12.516080316 0.014796818 -0.006376719 -0.255497173 0.966675533
1317401022.410650969 117.632418408 -338.685125606 12.544796725 0.014502197 -0.007556067 -0.254788001 0.966858659
1317401022.514547110 118.504960952 -339.171515612 12.571932451 0.012493368 -0.010381541 -0.254106242 0.967039894
1317401022.618443012 119.376750170 -339.656417202 12.591376122 0.011441666 -0.011397755 -0.253351097 0.967239578
1317401022.722334862 120.250340316 -340.142066127 12.613777716 0.011222799 -0.009605550 -0.252653588 0.967444028
1317401022.826208115 121.125167716 -340.622228639 12.638706519 0.011702351 -0.007199459 -0.252223460 0.967571470
1317401022.930079937 121.997979164 -341.104395647 12.663785360 0.013658178 -0.007052056 -0.251692353 0.967685218
1317401023.033925056 122.863286190 -341.583358156 12.687153607 0.014931825 -0.008808782 -0.250572173 0.967942680
1317401023.137748957 123.728487747 -342.062417706 12.710029717 0.014524141 -0.009394613 -0.249729112 0.968161227
1317401023.241595984 124.598423768 -342.536164371 12.727952105 0.014107020 -0.008435317 -0.248944161 0.968378357
1317401023.345441103 125.464653265 -343.004987691 12.752531133 0.013131785 -0.006885055 -0.248255350 0.968581144
1317401023.449261904 126.331989255 -343.469670216 12.775364129 0.011143386 -0.006668558 -0.248177392 0.968627553
1317401023.553064108 127.195273051 -343.930911749 12.794231709 0.009275653 -0.007162858 -0.247694477 0.968767311
1317401023.656863928 128.052275212 -344.391590656 12.810485019 0.008693357 -0.007771933 -0.247330678 0.968860959
1317401023.760660887 128.907347240 -344.851329985 12.836447081 0.008174942 -0.007968852 -0.247083492 0.968926940
1317401023.864435911 129.762805458 -345.308362065 12.850603018 0.006011334 -0.006367225 -0.247025593 0.968969390
1317401023.968235016 130.620510097 -345.766008206 12.869164186 0.006352592 -0.003022081 -0.247146396 0.968952615
1317401024.072033882 131.474072137 -346.223893801 12.893166483 0.007255895 -0.001470018 -0.247288154 0.968913701
1317401024.175807953 132.323213791 -346.680293092 12.913262894 0.007356277 -0.002118056 -0.247470607 0.968865160
1317401024.279583931 133.162327952 -347.131160498 12.924981852 0.006768886 -0.003688057 -0.247590982 0.968833983
1317401024.383359909 134.003199600 -347.586279495 12.937798744 0.006190644 -0.002980812 -0.247391759 0.968891175
1317401024.487133026 134.846353360 -348.036706715 12.957246789 0.003774413 -0.000562398 -0.247466796 0.968888860
1317401024.590907097 135.687408274 -348.483797471 12.966035329 0.001674705 0.001779884 -0.247822519 0.968802367
1317401024.694680929 136.525480055 -348.928337709 12.979901566 -0.000637670 0.002307257 -0.247895966 0.968783701
1317401024.798487902 137.360995390 -349.370210885 12.990302593 -0.004546517 0.000683238 -0.247950399 0.968761819
1317401024.902287006 138.190281308 -349.809004957 12.997761412 -0.007602478 -0.000879406 -0.247705771 0.968805078
1317401025.006078959 139.015064667 -350.253363830 13.003495431 -0.007018340 -0.000604521 -0.247392855 0.968889649
1317401025.109875917 139.841568921 -350.698672564 13.023960787 -0.006659306 0.001235397 -0.247390936 0.968892075
1317401025.213674068 140.666826083 -351.135442118 13.038975813 -0.008161463 0.003972363 -0.247630413 0.968812051
1317401025.317521811 141.487191109 -351.569855323 13.050115567 -0.009874535 0.005963563 -0.248262109 0.968624207
1317401025.421392918 142.291141321 -351.997955223 13.061567753 -0.011261310 0.006867241 -0.249348236 0.968324058
1317401025.525262117 143.082794289 -352.421636153 13.075254382 -0.013248578 0.004972685 -0.250954949 0.967895326
1317401025.629111052 143.858428055 -352.842263459 13.086631716 -0.014284713 0.002881069 -0.252116530 0.967587155
1317401025.732959032 144.622359143 -353.259260006 13.098742907 -0.016286133 0.003188247 -0.253101496 0.967297384
1317401025.836806059 145.373200323 -353.668878371 13.101452273 -0.018201304 0.006716188 -0.254202738 0.966956345
1317401025.940654039 146.111963100 -354.070551255 13.114062187 -0.019622187 0.009820142 -0.255648885 0.966520658
1317401026.044523954 146.831629228 -354.467099198 13.126694479 -0.021148285 0.008795046 -0.257089239 0.966116204
1317401026.148391962 147.546189271 -354.860799753 13.132037979 -0.022691751 0.006082073 -0.258872772 0.965625694
1317401026.252280951 148.255989066 -355.259061064 13.142149850 -0.025994813 0.004278387 -0.261031025 0.964970864
1317401026.356200933 148.959927673 -355.656151484 13.150942451 -0.026406978 0.003910286 -0.263744289 0.964223175
1317401026.460171938 149.644310896 -356.056245861 13.166105776 -0.024930652 0.003957314 -0.267842503 0.963131972
1317401026.564187050 150.314763836 -356.458536758 13.178379297 -0.022798615 0.005295918 -0.273326256 0.961636592
1317401026.668203115 150.977091268 -356.862803013 13.193923668 -0.021555104 0.006892208 -0.279552255 0.959863746
1317401026.772239923 151.628660035 -357.272464044 13.205437402 -0.019684204 0.008127909 -0.286100359 0.957962971
1317401026.876277924 152.256223756 -357.683807937 13.218199076 -0.016317314 0.006002174 -0.292451838 0.956122190
1317401026.980293036 152.876155453 -358.105464198 13.234058677 -0.013121454 0.002649695 -0.298419518 0.954340923
1317401027.084307909 153.474732784 -358.526367429 13.249817940 -0.010550745 -0.000001996 -0.304304269 0.952516453
1317401027.188301086 154.064299644 -358.943762849 13.262313211 -0.010394260 0.000070013 -0.309735705 0.950765874
1317401027.292243004 154.647119401 -359.364119301 13.278711346 -0.009644792 0.002004459 -0.314571203 0.949182764
1317401027.396181107 155.223581176 -359.791355737 13.291077653 -0.007113823 0.004890300 -0.319071014 0.947691493
1317401027.500124931 155.776916669 -360.210860080 13.307417724 -0.003185698 0.005482473 -0.323530045 0.946196652
1317401027.604022980 156.311516738 -360.624477476 13.319484364 -0.001615048 0.004744627 -0.327253735 0.944923210
1317401027.707894087 156.836223308 -361.037162459 13.331868738 0.000680162 0.003178684 -0.330558335 0.943779964
1317401027.811764002 157.342603434 -361.436153746 13.336864709 0.001525908 0.002850586 -0.332993370 0.942923624
1317401027.915610075 157.840423575 -361.832220707 13.348727064 0.006207400 0.002515510 -0.334024324 0.942540658
1317401028.019412041 158.313414884 -362.221537447 13.360198274 0.011430445 0.004232811 -0.334651055 0.942263286
1317401028.123186111 158.778083583 -362.600560932 13.370439946 0.014642672 0.004746611 -0.334186209 0.942381366
1317401028.226934671 159.222191405 -362.960870584 13.376964956 0.015209481 0.004535273 -0.333866854 0.942486619
1317401028.330686092 159.659111857 -363.307957624 13.378080430 0.015587979 0.004388648 -0.332996653 0.942788939
1317401028.434437990 160.075688086 -363.642440606 13.379973542 0.016977472 0.003797056 -0.331844709 0.943173599
1317401028.538187981 160.467926465 -363.960717915 13.378065858 0.017528947 0.002759837 -0.330682822 0.943575111
1317401028.641961098 160.861009496 -364.267095200 13.380164809 0.017438448 0.001512833 -0.329484993 0.943998544
1317401028.745738029 161.227573592 -364.554179424 13.384580315 0.017541485 0.000788540 -0.328288186 0.944414391
1317401028.849510908 161.586852302 -364.837186015 13.389445836 0.018264063 -0.000414517 -0.326937537 0.944869355
1317401028.953284979 161.946604261 -365.123960885 13.394447215 0.019336120 -0.001863155 -0.325673021 0.945282882
1317401029.057086945 162.292884575 -365.386076709 13.395765989 0.018865384 -0.002946920 -0.324298805 0.945761967
1317401029.160883904 162.623578951 -365.631955924 13.397462740 0.019272233 -0.002889770 -0.322576447 0.946342785
1317401029.264683008 162.937356484 -365.864553105 13.397806741 0.019606045 -0.002737910 -0.321124144 0.946830181
1317401029.368480921 163.237184347 -366.099552195 13.402598856 0.021093130 -0.003177135 -0.319959372 0.947191103
1317401029.472255945 163.523687769 -366.324899119 13.408283342 0.022794863 -0.003449357 -0.318651737 0.947591455
1317401029.576030970 163.777188671 -366.515999805 13.418066951 0.024336828 -0.004405032 -0.315976353 0.948444652
1317401029.679780960 164.017987205 -366.689948232 13.428643351 0.025309138 -0.006123304 -0.312597596 0.949528670
1317401029.783532143 164.233002711 -366.845135800 13.435917648 0.026109661 -0.007426701 -0.308717479 0.950766348
1317401029.887283087 164.444149102 -366.993123278 13.442069052 0.026722200 -0.008487643 -0.303894026 0.952293182
1317401029.991008997 164.626437690 -367.117495083 13.445310970 0.027067293 -0.009637404 -0.298286733 0.954043766
1317401030.094734907 164.796350774 -367.221756438 13.447186359 0.026969948 -0.010673681 -0.291025584 0.956275485
1317401030.198462009 164.944794079 -367.321224875 13.448232762 0.025163719 -0.010399246 -0.283499873 0.958585658
1317401030.302213907 165.088186372 -367.409238751 13.450221510 0.024434892 -0.010039272 -0.275738653 0.960869577
1317401030.405965090 165.214150430 -367.486632243 13.450248091 0.023916526 -0.009663175 -0.269001015 0.962794410
1317401030.509721994 165.333247263 -367.553472322 13.450232304 0.023578856 -0.009432015 -0.261951261 0.964746916
1317401030.613497019 165.454037616 -367.627389662 13.449066561 0.023311984 -0.009475695 -0.254093572 0.966852222
1317401030.717237949 165.573128951 -367.696148868 13.450150325 0.023406888 -0.009914194 -0.245923828 0.968955777
1317401030.820991039 165.695274332 -367.759949878 13.455344468 0.023355666 -0.009917505 -0.236998933 0.971178491
1317401030.924767017 165.815283278 -367.823922029 13.461503206 0.021624515 -0.009233048 -0.227533143 0.973486415
1317401031.028541088 165.936619374 -367.879142415 13.467498105 0.019740310 -0.008294928 -0.218428245 0.975618069
1317401031.132314920 166.057406683 -367.929803339 13.471056460 0.017714812 -0.007254360 -0.209090746 0.977708862
1317401031.236088037 166.182778870 -367.983122238 13.473198537 0.017342261 -0.006999442 -0.199554640 0.979708222
1317401031.339862108 166.295725420 -368.026775367 13.473487396 0.017290794 -0.007597457 -0.190056890 0.981591405
1317401031.443639040 166.416445753 -368.077563870 13.477643118 0.016988031 -0.008355522 -0.179830883 0.983515351
1317401031.547415018 166.554332457 -368.127545646 13.484874201 0.015026969 -0.008233827 -0.168626263 0.985531115
1317401031.651165009 166.709459327 -368.171009065 13.489031037 0.012695080 -0.007752321 -0.157007924 0.987485316
1317401031.754890919 166.860982945 -368.217116128 13.488892573 0.011468570 -0.006882718 -0.144451887 0.989421423
1317401031.858592987 167.037707230 -368.266107829 13.489742104 0.011723353 -0.005746977 -0.130336778 0.991383810
1317401031.962272882 167.230085246 -368.313442320 13.497127075 0.013349341 -0.004733681 -0.115803328 0.993171172
1317401032.065953016 167.431388703 -368.362044636 13.506776845 0.013434355 -0.003920454 -0.100620456 0.994826453
1317401032.169631958 167.651990519 -368.400997629 13.514500873 0.012046573 -0.002762498 -0.083549408 0.996426989
1317401032.273336887 167.889357664 -368.429607091 13.512853093 0.011093340 -0.001305285 -0.065634868 0.997781188
1317401032.377037048 168.145764593 -368.458788366 13.514065606 0.010767515 -0.000416384 -0.047569126 0.998809825
1317401032.480714083 168.413286396 -368.484872311 13.516805387 0.009943817 0.000109006 -0.028365900 0.999548140
1317401032.584368944 168.702419149 -368.489412381 13.522684696 0.009091275 0.000950994 -0.007153079 0.999932637
1317401032.688024044 169.003487042 -368.486886576 13.523197300 0.009147519 0.001396061 0.014885638 0.999846384
1317401032.791677952 169.319252870 -368.463933197 13.526446086 0.010131438 0.000942764 0.038303970 0.999214327
1317401032.895330906 169.650635755 -368.419836856 13.527407700 0.011117542 0.001097936 0.062651948 0.997972910
1317401032.999010086 169.988449291 -368.372540692 13.524867301 0.011609888 0.001478621 0.086882258 0.996149837
1317401033.102691889 170.349635492 -368.297592058 13.523732803 0.012992405 0.001232993 0.111275389 0.993703912
1317401033.206346989 170.716311374 -368.205261662 13.523867503 0.014140251 0.001292849 0.136707973 0.990509622
1317401033.310000896 171.092291146 -368.098143736 13.529966939 0.015159741 0.002192752 0.162533610 0.986584107
1317401033.413703918 171.478806635 -367.958673224 13.535266637 0.015538473 0.002499003 0.188594751 0.981928883
1317401033.517457008 171.866988207 -367.799892469 13.538925757 0.016619806 0.002661394 0.214523943 0.976573692
1317401033.621232986 172.262130186 -367.611329513 13.542083319 0.017524278 0.002945171 0.239712619 0.970681248
1317401033.725028753 172.662533883 -367.395885000 13.539583787 0.018255298 0.003467967 0.263603990 0.964451997
1317401033.828852892 173.068083035 -367.151380158 13.544428975 0.019708023 0.004627763 0.286278879 0.957932451
1317401033.932698011 173.473659945 -366.882085654 13.551295600 0.020680766 0.006349614 0.308020286 0.951133793
1317401034.036569118 173.896665566 -366.573947331 13.557718693 0.020605659 0.007245065 0.329506081 0.943900767
1317401034.140464783 174.308325158 -366.222991913 13.561597437 0.018841639 0.007189981 0.348841236 0.936964828
1317401034.244455099 174.713043912 -365.858995078 13.559193655 0.015978962 0.006510919 0.365449180 0.930671359
1317401034.348567009 175.126894792 -365.459113191 13.552751630 0.013771153 0.005678123 0.378754523 0.925377288
1317401034.452725649 175.547376466 -365.031864570 13.548725707 0.012993858 0.004170520 0.389180260 0.921060525
1317401034.556907892 175.955758191 -364.573118501 13.549064335 0.013038276 0.002991999 0.396896476 0.917765895
1317401034.661089897 176.385306482 -364.094925501 13.548171044 0.013293724 0.001744218 0.404921877 0.914252978
1317401034.765252113 176.811427872 -363.594443532 13.550927166 0.014181665 0.000655958 0.412248029 0.910961038
1317401034.869400024 177.254949721 -363.066101149 13.553602602 0.014541656 0.000462335 0.419175868 0.907788477
1317401034.973558903 177.723923567 -362.509076124 13.561765468 0.014676600 0.000622906 0.425168623 0.904994946
1317401035.077750921 178.182580514 -361.935033324 13.571431934 0.014236376 0.000481065 0.430487946 0.902483918
1317401035.181931973 178.664748188 -361.333652032 13.582638365 0.013607887 0.000712313 0.434344215 0.900643892
1317401035.286113977 179.153635893 -360.719905832 13.589843544 0.012900081 0.000485041 0.437549179 0.899101812
1317401035.390320063 179.646979156 -360.088872455 13.598831288 0.012817992 0.000928276 0.439761575 0.898022602
1317401035.494528055 180.158953327 -359.423125193 13.610797528 0.012356675 0.001235771 0.441350528 0.897248849
1317401035.598733902 180.679227452 -358.751952778 13.623403410 0.011626617 0.000962219 0.442517312 0.896684072
1317401035.702918053 181.207025863 -358.057182797 13.631775396 0.011230549 0.000904265 0.443331207 0.896287062
1317401035.807075977 181.755850125 -357.336684471 13.639937929 0.011626933 0.001576305 0.443771080 0.896063367
1317401035.911211967 182.310582148 -356.609112398 13.650470722 0.011743423 0.002165657 0.444335913 0.895780664
1317401036.015299082 182.868430713 -355.869247024 13.660120349 0.012137985 0.002648188 0.444933434 0.895477468
1317401036.119335890 183.430400203 -355.117870843 13.671473785 0.012447147 0.003179097 0.445926028 0.894977619
1317401036.223352909 184.006530770 -354.345481810 13.681644400 0.012437072 0.003764345 0.447515417 0.894181805
1317401036.327373981 184.580528604 -353.559754574 13.692977614 0.012037758 0.004370495 0.448760945 0.893560074
1317401036.431385994 185.165441429 -352.762344008 13.702443420 0.011419241 0.004538553 0.449523806 0.893183828
1317401036.535372972 185.746644001 -351.968355503 13.714144040 0.011136344 0.004155282 0.450284073 0.892806233
1317401036.639362097 186.334731426 -351.163617389 13.724083388 0.011524479 0.003727947 0.451036628 0.892423246
1317401036.743375063 186.926038946 -350.352373396 13.735780891 0.011570714 0.003740274 0.451496831 0.892189857
1317401036.847368956 187.521956855 -349.534689724 13.747938288 0.010473738 0.004783249 0.452175151 0.891854839
1317401036.951337099 188.122486422 -348.707938191 13.759577587 0.009094550 0.006171886 0.452680478 0.891605059
1317401037.055325985 188.723037117 -347.878503929 13.771911666 0.008009300 0.006922109 0.453015806 0.891439631
1317401037.159317017 189.317571356 -347.052776925 13.782108075 0.007585784 0.007004236 0.452936321 0.891483082
1317401037.263309002 189.913581850 -346.222526036 13.788775163 0.007273639 0.007102059 0.452279430 0.891818351
1317401037.367299080 190.507166300 -345.399519158 13.796131666 0.006490228 0.007528922 0.451958024 0.891983821
1317401037.471266031 191.102907243 -344.576288386 13.801199522 0.006192467 0.008548595 0.451730495 0.892091999
1317401037.575207949 191.699181362 -343.752989748 13.809091091 0.006083663 0.008639124 0.451476835 0.892220277
1317401037.679150105 192.292340964 -342.935929032 13.815091524 0.006133267 0.007561182 0.451114687 0.892412881
1317401037.783140898 192.885681400 -342.114751214 13.820907684 0.005131791 0.006039788 0.450797696 0.892590961
1317401037.887130976 193.471316784 -341.303016993 13.822712855 0.003646273 0.005426219 0.450427502 0.892789072
1317401037.991075993 194.049527729 -340.498435920 13.829887834 0.001661631 0.005535749 0.450295191 0.892861040
1317401038.095020056 194.629786590 -339.693238767 13.834963454 -0.000664746 0.005634816 0.450012940 0.893004010
1317401038.198961973 195.218585033 -338.881103079 13.838926439 -0.003093530 0.004998615 0.449814627 0.893102595
1317401038.302877903 195.802013194 -338.073722903 13.837808447 -0.005472588 0.003741982 0.449717680 0.893146156
1317401038.406795979 196.383383897 -337.263665343 13.836979352 -0.007226875 0.002422541 0.449970240 0.893011023
1317401038.510714054 196.964738696 -336.460492310 13.837269601 -0.008497410 0.001040188 0.450155175 0.892909307
1317401038.614609003 197.539377448 -335.656973417 13.837667442 -0.009794429 0.000198179 0.451382257 0.892276912
1317401038.718481064 198.109269378 -334.864283936 13.838598580 -0.009520132 0.000285386 0.451939149 0.891997921
1317401038.822328091 198.667700156 -334.077763379 13.842986922 -0.009780854 -0.000962103 0.453594030 0.891154232
1317401038.926152945 199.222068954 -333.301516009 13.851759005 -0.008545090 -0.002100684 0.455784361 0.890046732
1317401039.029927015 199.756874665 -332.555683005 13.859776331 -0.007100891 -0.001419458 0.458378900 0.888727375
1317401039.133651972 200.289894144 -331.791573769 13.868470438 -0.007204899 0.000079266 0.462205815 0.886743406
1317401039.237330914 200.798328352 -331.040981006 13.878315974 -0.007408241 0.001110217 0.467040757 0.884204058
1317401039.340961933 201.300725540 -330.290814422 13.885332667 -0.006071984 0.000258741 0.473816644 0.880602551
1317401039.444617987 201.788021377 -329.538728275 13.891804635 -0.004518478 -0.000821605 0.482445064 0.875914190
1317401039.548273087 202.257911191 -328.783357237 13.900606522 -0.004094171 -0.001069257 0.492306488 0.870411636
1317401039.651904106 202.702882809 -328.023154913 13.909345500 -0.005195979 -0.000760773 0.503078251 0.864224911
1317401039.755558968 203.126617000 -327.269618151 13.919081617 -0.006053438 0.000336127 0.514060895 0.857732266
1317401039.859235048 203.532038715 -326.496611595 13.926863323 -0.007122153 0.001184712 0.525966596 0.850474580
1317401039.962937117 203.915878175 -325.715924181 13.935524575 -0.007850579 0.001535763 0.538060071 0.842868537
1317401040.066664934 204.268071605 -324.923507587 13.937977192 -0.007614489 0.000470134 0.550423161 0.834850970
1317401040.170368910 204.598086532 -324.130061080 13.939165339 -0.005422311 -0.000669181 0.562867602 0.826529016
1317401040.274048090 204.899431473 -323.331165037 13.943201608 -0.003008593 -0.001521947 0.576810559 0.816870988
1317401040.377751112 205.173789463 -322.523470357 13.948352569 -0.002493435 -0.001588916 0.590803110 0.806810351
1317401040.481477976 205.417334974 -321.708332099 13.953997391 -0.004579873 -0.000465578 0.604946903 0.796252506
1317401040.585206985 205.620673069 -320.890731880 13.957202562 -0.007626635 0.001421191 0.618140422 0.786029410
1317401040.688958883 205.801134435 -320.068519217 13.968379600 -0.009882972 0.002314485 0.631276820 0.775491165
1317401040.792756081 205.958463443 -319.239118561 13.980248035 -0.010809973 0.000932646 0.643667137 0.765228653
1317401040.896552086 206.094822650 -318.403849145 13.980429633 -0.009534964 -0.001836721 0.655632634 0.755017589
1317401041.000349998 206.202826459 -317.563131862 13.969528807 -0.008014565 -0.002420337 0.667515039 0.744549247
1317401041.104195118 206.288372277 -316.716826109 13.957652762 -0.007666160 -0.002131340 0.678563674 0.734498487
1317401041.208066702 206.343686163 -315.856363435 13.950680152 -0.008795477 -0.000652338 0.688881863 0.724819973
1317401041.311964273 206.373431820 -314.992553557 13.952954826 -0.010146812 0.000553598 0.698216020 0.715815008
1317401041.415884018 206.384025161 -314.118383354 13.950958044 -0.010322824 0.000988710 0.706933019 0.707204474
1317401041.519850016 206.379238126 -313.225024107 13.948291789 -0.009954571 0.000723831 0.715043026 0.699009194
1317401041.623840094 206.357066512 -312.324051518 13.941009386 -0.009598266 -0.000357618 0.722204990 0.691612390
1317401041.727828979 206.310750648 -311.432075157 13.928521851 -0.009862836 -0.000334827 0.728190356 0.685303887
1317401041.831867933 206.252999956 -310.522038046 13.918781076 -0.010478101 0.000647100 0.733712280 0.679379188
1317401041.935930967 206.168134638 -309.601795539 13.906746551 -0.009406485 0.001934202 0.737856759 0.674889013
1317401042.039968967 206.081605791 -308.667571898 13.910219457 -0.007102489 0.002425805 0.742114994 0.670230562
1317401042.143984079 205.989087108 -307.733421942 13.909837862 -0.005368000 0.000902039 0.746385389 0.665491715
1317401042.248020887 205.875160981 -306.785330635 13.897775870 -0.003608973 -0.000135280 0.750039887 0.661382737
1317401042.352061033 205.760251823 -305.824111131 13.893724806 -0.003556118 -0.000214353 0.753363064 0.657595165
1317401042.456108093 205.624428248 -304.859584432 13.891814567 -0.004882618 0.000943120 0.755929496 0.654634148
1317401042.560169935 205.478810958 -303.886681849 13.882229261 -0.007333897 0.003000164 0.758165832 0.652013638
1317401042.664200306 205.322375114 -302.899285655 13.879947445 -0.009186558 0.005006829 0.759988618 0.649852167
1317401042.768215895 205.155572243 -301.906370203 13.868306766 -0.008999854 0.006218836 0.761340825 0.648259575
1317401042.872231007 204.991270812 -300.901722064 13.862693877 -0.007901838 0.006249423 0.762557508 0.646841984
1317401042.976246119 204.820327339 -299.890239833 13.843467826 -0.007173870 0.006892067 0.764051663 0.645078360
1317401043.080262899 204.646535891 -298.869024563 13.833536051 -0.005832762 0.008433615 0.765019842 0.643925069
1317401043.184278965 204.464762856 -297.831914612 13.818835335 -0.005254059 0.010295987 0.765578292 0.643238887
1317401043.288294077 204.279645738 -296.787484176 13.808510137 -0.004256024 0.011407736 0.766073517 0.642637625
1317401043.392308950 204.091231938 -295.733653739 13.795732387 -0.003031742 0.012392777 0.766696702 0.641882696
1317401043.496321678 203.898614005 -294.666635375 13.785412516 -0.002979343 0.012666291 0.767083182 0.641415684
1317401043.600311995 203.697363981 -293.587332683 13.770540702 -0.004002276 0.012526115 0.767400109 0.641033658
1317401043.704278946 203.493481678 -292.502260439 13.756811157 -0.004913125 0.012515958 0.767592098 0.640797615
1317401043.808247089 203.289962677 -291.404899634 13.739449872 -0.005306955 0.011972090 0.767707627 0.640666454
1317401043.912213087 203.081377871 -290.311629282 13.722629124 -0.004544351 0.011297673 0.768000481 0.640333485
1317401044.016150951 202.872404108 -289.206730113 13.706724756 -0.003172721 0.010477780 0.768500881 0.639755067
1317401044.120070934 202.660078014 -288.080635419 13.690787189 -0.002247374 0.010883213 0.768775116 0.639422650
1317401044.223993063 202.450277217 -286.948470713 13.674366881 -0.002628045 0.011635544 0.769158305 0.638946954
1317401044.327887058 202.231036859 -285.811146418 13.662464085 -0.003202490 0.012151399 0.769620635 0.638377761
1317401044.431782961 202.008261557 -284.667963300 13.649775287 -0.004002412 0.011378520 0.769932143 0.638011759
1317401044.535702944 201.782020171 -283.523015109 13.632576603 -0.005104321 0.010035413 0.770230952 0.637665678
1317401044.639596939 201.548876121 -282.365791118 13.614461357 -0.006348614 0.008756390 0.770529137 0.637313008
1317401044.743464947 201.315950350 -281.204043783 13.602761162 -0.006061222 0.008629888 0.770846451 0.636933698
1317401044.847337008 201.078776489 -280.040850118 13.592418424 -0.004541702 0.008569351 0.770951285 0.636820269
1317401044.951210022 200.847573944 -278.876150625 13.580056801 -0.003283058 0.008962587 0.771028426 0.636729189
1317401045.055079937 200.614394925 -277.716851872 13.570937926 -0.002926177 0.010548016 0.771481137 0.636158024
1317401045.158947945 200.389465905 -276.550100075 13.568530849 -0.002887047 0.012523705 0.771538529 0.636052765
1317401045.262816906 200.160372827 -275.389154398 13.558075414 -0.004277103 0.014413709 0.771633747 0.635889387
1317401045.366686106 199.929645824 -274.233319582 13.547441189 -0.007182585 0.015771290 0.771963440 0.635430660
1317401045.470551968 199.695882974 -273.075627153 13.534274692 -0.009020219 0.015028324 0.771928125 0.635468139
1317401045.574450016 199.461659510 -271.921795604 13.518674624 -0.008292327 0.012500494 0.771646976 0.635874138
1317401045.678375006 199.226205966 -270.776190026 13.498601066 -0.007551675 0.009310517 0.771430359 0.636200824
1317401045.782293081 198.988355449 -269.629454627 13.481651740 -0.007209108 0.007299257 0.770957291 0.636804213
1317401045.886209011 198.759472046 -268.489627806 13.468428157 -0.008099611 0.006954702 0.770665974 0.637149892
1317401045.990129948 198.537580347 -267.349123482 13.455945457 -0.009183647 0.007808155 0.770169857 0.637724929
1317401046.094026089 198.309794791 -266.205682964 13.446356451 -0.009585412 0.008286641 0.769791469 0.638169685
1317401046.197891951 198.085491845 -265.067699106 13.432281282 -0.008727742 0.007998129 0.769744157 0.638242735
1317401046.301739931 197.863209761 -263.928947230 13.419569307 -0.007046106 0.008160703 0.769796475 0.638198356
1317401046.405567884 197.648389656 -262.802500726 13.408567253 -0.005174506 0.009949186 0.769952894 0.638002179
1317401046.509362936 197.427963780 -261.675406492 13.396123029 -0.004512772 0.012574779 0.770577938 0.637205737
1317401046.613136053 197.208005026 -260.544719910 13.389823117 -0.003574867 0.013950971 0.771647684 0.635887130
1317401046.716891050 196.985166120 -259.428341845 13.379857921 -0.002657177 0.013706081 0.772400528 0.634982289
1317401046.820643187 196.754500537 -258.309866044 13.366210408 -0.002682797 0.013511286 0.773000443 0.634255913
1317401046.924392939 196.522430644 -257.188904750 13.351634597 -0.005127827 0.013053099 0.773572938 0.633552075
1317401047.028119087 196.288523885 -256.063264954 13.339825909 -0.006547248 0.013576754 0.774165601 0.632803625
1317401047.131867886 196.052641365 -254.950028843 13.324131259 -0.006308284 0.014542165 0.774329830 0.632583627
1317401047.235620975 195.824343131 -253.836683128 13.309313868 -0.005618648 0.014688964 0.774581751 0.632278242
1317401047.339348078 195.588837151 -252.724047943 13.292990730 -0.004765296 0.014930732 0.774933961 0.631847862
1317401047.443074703 195.354019865 -251.610843400 13.279390501 -0.002147985 0.016367270 0.775362434 0.631300716
1317401047.546823978 195.125725591 -250.497661238 13.269104445 0.000934255 0.018375641 0.775667394 0.630873645
1317401047.650572062 194.891215217 -249.388121884 13.256730002 0.001648836 0.019975030 0.775761810 0.630707455
1317401047.754300117 194.657782330 -248.278140320 13.244358378 0.000504855 0.021874720 0.775849429 0.630538584
1317401047.858052969 194.424748058 -247.176141122 13.230959779 -0.002227347 0.023240475 0.775974927 0.630331526
1317401047.961853027 194.184705175 -246.068056529 13.209764759 -0.004789108 0.023195302 0.775997796 0.630290776
1317401048.065675020 193.942387566 -244.963029257 13.187032551 -0.005231957 0.022433251 0.775669958 0.630718235
1317401048.169497013 193.704916487 -243.856860790 13.164262484 -0.003503395 0.021266079 0.775386190 0.631119432
1317401048.273320913 193.472199618 -242.751314893 13.144457028 -0.001160006 0.019660282 0.775207734 0.631399317
1317401048.377144098 193.242120563 -241.648302923 13.123908872 0.000511781 0.020094963 0.775131298 0.631480325
1317401048.480967283 193.009647368 -240.546581139 13.107964749 0.000097294 0.021775320 0.775394814 0.631101187
1317401048.584763050 192.785683809 -239.442411100 13.092382443 -0.001099729 0.023723047 0.775127378 0.631358500
1317401048.688561916 192.554129730 -238.334369359 13.071619327 -0.001921771 0.025764486 0.774931794 0.631516597
1317401048.792361021 192.322314514 -237.220961496 13.047051260 -0.000903495 0.027545407 0.774814176 0.631588020
1317401048.896135092 192.092176709 -236.123053184 13.025084492 0.002102373 0.028691703 0.774898290 0.631430919
1317401048.999908924 191.871913358 -235.027610875 13.006738662 0.005956169 0.029904330 0.774672571 0.631626997
1317401049.103682041 191.643453532 -233.929305065 12.983694651 0.007417958 0.030429401 0.774733192 0.631512080
1317401049.207457066 191.408352697 -232.828278592 12.965321474 0.006935280 0.031758643 0.774905861 0.631240206
1317401049.311235905 191.176229719 -231.723997809 12.946504572 0.005624862 0.033403507 0.775113911 0.630912824
1317401049.415011883 190.935510092 -230.619820112 12.920565189 0.003404056 0.033671446 0.775225156 0.630777777
1317401049.518784046 190.699394600 -229.516420106 12.892239511 0.001548650 0.032366652 0.775381866 0.630660735
1317401049.622558117 190.458089606 -228.406660136 12.868301245 0.001907256 0.030139058 0.775617412 0.630480476
1317401049.726334095 190.218075661 -227.311390407 12.841641075 0.002940225 0.028023942 0.775913843 0.630209268
1317401049.830106020 189.978664656 -226.209218367 12.814731829 0.001194083 0.027061604 0.776088583 0.630041868
1317401049.933881998 189.740748843 -225.101931010 12.784460707 -0.000811518 0.028935412 0.776605865 0.629321391
1317401050.037658930 189.501174778 -223.987783139 12.761066411 0.000831044 0.029895643 0.777318761 0.628395658
1317401050.141433001 189.260842302 -222.886128750 12.739471041 0.005656116 0.028425013 0.777495567 0.628220241
1317401050.245208979 189.014344202 -221.784386823 12.714181697 0.007168648 0.026876995 0.777768640 0.627934853
1317401050.348980904 188.768273409 -220.676540006 12.691318868 0.004895099 0.028313563 0.778218421 0.627336009
1317401050.452754021 188.525587693 -219.562948642 12.672494895 0.002774827 0.030860966 0.778659451 0.626681228
1317401050.556555986 188.280003312 -218.450970083 12.656371732 0.002825302 0.030432529 0.778760213 0.626576739
1317401050.660353899 188.032343306 -217.338517185 12.628621005 0.003391097 0.027364290 0.778653665 0.626847802
1317401050.764153957 187.783668946 -216.231325121 12.601875518 0.004129864 0.025496493 0.778450567 0.627174289
1317401050.867974043 187.538792270 -215.120813777 12.579568065 0.004273288 0.025332412 0.778306600 0.627358625
1317401050.971795082 187.294063781 -214.012063975 12.562671553 0.004112933 0.026251929 0.778071368 0.627613628
1317401051.075596094 187.052954732 -212.908451601 12.551371040 0.004819886 0.027366532 0.777978862 0.627675658
1317401051.179397106 186.811332909 -211.797452684 12.532680890 0.005755150 0.028035191 0.777802573 0.627856722
1317401051.283220053 186.571036205 -210.676722480 12.513378459 0.005593059 0.028464061 0.777763018 0.627887890
1317401051.387042046 186.327089270 -209.562811755 12.497980206 0.004052582 0.028195678 0.777457250 0.628290382
1317401051.490888119 186.080166352 -208.447687992 12.480456241 0.001757504 0.027332805 0.777399324 0.628410790
1317401051.594757080 185.837004296 -207.324039110 12.459565788 -0.001185113 0.026285836 0.777399140 0.628457021
1317401051.698628902 185.589702383 -206.202396489 12.434459177 -0.003367012 0.026204905 0.777345839 0.628518426
1317401051.802476883 185.342962705 -205.083597947 12.408970504 -0.004167452 0.025653717 0.777070327 0.628876956
1317401051.906300068 185.099559802 -203.976222759 12.382817713 -0.003289924 0.024454372 0.777294760 0.628652540
1317401052.010122061 184.856245246 -202.865921182 12.355068004 -0.001229146 0.023461006 0.777387962 0.628582554
1317401052.113945007 184.616697503 -201.756979582 12.333611172 -0.000928060 0.023284966 0.777400565 0.628574030
1317401052.217768908 184.372587351 -200.640863318 12.309757911 -0.002226927 0.024695473 0.777561517 0.628317804
1317401052.321589947 184.125534452 -199.530879352 12.286717398 -0.002585076 0.026705212 0.777788900 0.627952686
1317401052.425386906 183.879025845 -198.419064723 12.262727697 -0.001212797 0.026542884 0.777612996 0.628181529
1317401052.529186010 183.634581047 -197.315928229 12.236308638 0.000181318 0.025177838 0.777713380 0.628114594
1317401052.633011103 183.390598952 -196.210981248 12.210499402 0.001025624 0.024203210 0.777541638 0.628364666
1317401052.736810923 183.151271557 -195.119656576 12.190550469 0.002226634 0.024580611 0.777475658 0.628428546
1317401052.840585947 182.912990949 -194.020594808 12.176488156 0.002247621 0.026040015 0.777397844 0.628465956
1317401052.944381952 182.672828157 -192.919174985 12.155710249 -0.000043733 0.027514736 0.777409772 0.628392381
1317401053.048204899 182.431802054 -191.823221880 12.133195268 -0.001229963 0.029422105 0.777212549 0.628548709
1317401053.152028084 182.185402232 -190.727620417 12.107602608 -0.001026573 0.029144139 0.776899111 0.628949392
1317401053.255851984 181.944864282 -189.642112271 12.079447213 -0.001689748 0.025728089 0.776280302 0.629860384
1317401053.359674931 181.700365559 -188.548967442 12.050956997 -0.004003964 0.023314346 0.776230280 0.630005526
1317401053.463470936 181.465612241 -187.467825743 12.026609680 -0.004801626 0.024387014 0.776301567 0.629871491
1317401053.567246914 181.232441498 -186.381624771 11.997408857 -0.005075391 0.025994291 0.776305012 0.629800815
1317401053.671045065 181.000250869 -185.298693949 11.971509746 -0.005023014 0.025612558 0.776162024 0.629993078
1317401053.774844885 180.768669421 -184.213418582 11.943554179 -0.003815090 0.025573576 0.775929486 0.630289513
1317401053.878644943 180.539088095 -183.130055535 11.916528461 -0.002371057 0.025518863 0.776076212 0.630118147
1317401053.982467890 180.309042966 -182.055355997 11.891619942 -0.001360681 0.025144940 0.776023816 0.630200696
1317401054.086287975 180.078888295 -180.974398597 11.866619715 -0.001589260 0.025743164 0.775841016 0.630401048
1317401054.190087080 179.848758176 -179.891838624 11.843573023 -0.003243746 0.025867376 0.775398532 0.630933810
1317401054.293888092 179.616325017 -178.820849408 11.816568416 -0.004944697 0.026389464 0.774988357 0.631404936
1317401054.397686005 179.389456609 -177.744887098 11.786467476 -0.004219799 0.027964030 0.774631484 0.631780239
1317401054.501483917 179.169311376 -176.678561374 11.756749880 -0.002499494 0.029450164 0.774301526 0.632126243
1317401054.605282068 178.947076774 -175.605069692 11.725893203 -0.001344404 0.030842684 0.774273622 0.632097524
1317401054.709080935 178.730924904 -174.540650378 11.697415861 -0.000650873 0.032921549 0.774375128 0.631869377
1317401054.812927008 178.512562940 -173.473221421 11.669697153 -0.000615269 0.034094013 0.774477550 0.631681680
1317401054.916771889 178.289519420 -172.407007208 11.634118610 -0.001857279 0.034462658 0.774377182 0.631782286
1317401055.020572901 178.062913616 -171.341229364 11.597879195 -0.002077446 0.034091576 0.774720306 0.631380944
1317401055.124346972 177.839152515 -170.277433386 11.565789165 -0.000270000 0.033017880 0.775021821 0.631071251
1317401055.228122950 177.612512124 -169.215406994 11.531025830 0.000957173 0.032199473 0.775111505 0.631002720
1317401055.331896067 177.385729861 -168.157873578 11.492586649 -0.000478076 0.033103462 0.775285683 0.630742453
1317401055.435647011 177.161409647 -167.096846671 11.465091015 -0.001530669 0.035000758 0.775448455 0.630438180
1317401055.539400101 176.935602123 -166.036717580 11.438905735 -0.000700078 0.033529715 0.775788207 0.630101521
1317401055.643173933 176.706455024 -164.980720704 11.403764963 0.000207383 0.030395043 0.776188309 0.629768058
1317401055.746949911 176.474111955 -163.925442907 11.366245346 -0.000115275 0.029028549 0.776550579 0.629385834
1317401055.850723982 176.239811252 -162.864798698 11.331723433 -0.003233143 0.028937767 0.776675592 0.629227445
1317401055.954521894 176.005272189 -161.803273327 11.299758087 -0.005454600 0.030468097 0.776676231 0.629139074
1317401056.058344841 175.773353393 -160.738808482 11.270768598 -0.003360787 0.032171977 0.777005622 0.628662018
1317401056.162168026 175.544303528 -159.672479652 11.238743750 0.002282193 0.031893508 0.777477366 0.628097557
1317401056.265969038 175.316839661 -158.611603173 11.211432156 0.007589257 0.030795680 0.777817841 0.627688964
1317401056.369769335 175.090376233 -157.556793136 11.185028077 0.008713458 0.029814159 0.778054881 0.627427919
1317401056.473566055 174.858277986 -156.505526931 11.166336104 0.005349399 0.030049392 0.778329199 0.627114085
1317401056.577366114 174.620323725 -155.447158776 11.146972991 -0.000427533 0.031082564 0.778724660 0.626595241
1317401056.681164980 174.372678160 -154.389620904 11.120733407 -0.005596289 0.030589323 0.778650492 0.626686833
1317401056.784939051 174.128189190 -153.337083263 11.083176159 -0.008167503 0.029428092 0.778787797 0.626543572
1317401056.888715029 173.886689572 -152.274575764 11.051086294 -0.007573194 0.025905372 0.778857048 0.626620506
1317401056.992464066 173.643418934 -151.230805975 11.014794159 -0.005515714 0.023399358 0.779112359 0.626423163
1317401057.096215963 173.407919621 -150.187529910 10.981224330 -0.004132299 0.022489073 0.779199230 0.626359103
1317401057.199992180 173.172709485 -149.142489128 10.954708240 -0.004112014 0.023657709 0.778944538 0.626632915
1317401057.303766012 172.936839410 -148.091525600 10.930470542 -0.004962455 0.024145242 0.778818265 0.626765100
1317401057.407537937 172.703049658 -147.045859110 10.905059831 -0.005621828 0.025054044 0.778705120 0.626864440
1317401057.511312246 172.473015419 -146.000325329 10.878068502 -0.006413119 0.025681069 0.778540785 0.627035566
1317401057.615112305 172.237907599 -144.954524187 10.846005518 -0.007516421 0.025044352 0.778346169 0.627290623
1317401057.718910933 172.003040486 -143.916203386 10.822874789 -0.007481365 0.023863546 0.777978510 0.627792958
1317401057.822686911 171.774474639 -142.882124326 10.791818116 -0.007737606 0.022988875 0.777901779 0.627917561
1317401057.926459074 171.544656985 -141.843924267 10.759962434 -0.007533645 0.022899238 0.777698131 0.628175521
1317401058.030210018 171.316363936 -140.810761033 10.734960211 -0.007443205 0.022392137 0.777499643 0.628440527
1317401058.133963108 171.087901999 -139.779318001 10.701407776 -0.008073749 0.021300709 0.777408204 0.628583789
1317401058.237689018 170.859816969 -138.756596319 10.673759873 -0.007888974 0.020817763 0.777184867 0.628878420
1317401058.341414928 170.636253639 -137.735686849 10.648008554 -0.007302458 0.020865207 0.777124087 0.628959038
1317401058.445164919 170.414766328 -136.718436738 10.621042923 -0.006681868 0.022591832 0.777053971 0.628992916
1317401058.548914909 170.195661085 -135.699454022 10.593952190 -0.006121021 0.025011851 0.776913503 0.629080559
1317401058.652692080 169.977258648 -134.685501772 10.571074784 -0.004957731 0.026754061 0.776872212 0.629070114
1317401058.756467104 169.764845161 -133.689891035 10.546086758 -0.003496584 0.028318186 0.776601873 0.629345203
1317401058.860240936 169.549892264 -132.702790393 10.518618906 -0.003674847 0.028330109 0.776585559 0.629363782
1317401058.964040995 169.332236545 -131.712496926 10.494647991 -0.003321191 0.028109632 0.776445372 0.629548570
1317401059.067838907 169.117408856 -130.731217415 10.469329378 -0.002890874 0.027638226 0.776355426 0.629682479
1317401059.171636343 168.901686568 -129.750471363 10.443227961 -0.002653784 0.028263411 0.776148282 0.629911089
1317401059.275461912 168.690052916 -128.772467268 10.418261111 -0.003232656 0.029017567 0.776199972 0.629810395
1317401059.379260063 168.477997900 -127.787593079 10.393508267 -0.003714177 0.029229292 0.776015791 0.630024877
1317401059.483056068 168.269232605 -126.811924606 10.364765802 -0.004269847 0.028765746 0.775994621 0.630068765
1317401059.586877108 168.063493581 -125.844512052 10.337999638 -0.004128194 0.028856388 0.775751507 0.630364867
1317401059.690700054 167.855861210 -124.886844976 10.310494729 -0.004319301 0.028858502 0.775492988 0.630681501
1317401059.794501066 167.652362453 -123.940396711 10.286291243 -0.003679382 0.029426271 0.775413772 0.630756720
1317401059.898277998 167.450413954 -123.005763582 10.262171537 -0.003559663 0.030364394 0.775275038 0.630883466
1317401060.002051115 167.256518017 -122.085699259 10.239190593 -0.003514444 0.032023442 0.775184839 0.630912524
1317401060.105846882 167.068102867 -121.197198191 10.216807873 -0.004547340 0.032851718 0.774981974 0.631112531
1317401060.209645987 166.879661150 -120.322574869 10.194850769 -0.005212138 0.032819668 0.774861687 0.631256738
1317401060.313395023 166.696077387 -119.478344482 10.170002266 -0.004782674 0.032971321 0.775022268 0.631055071
1317401060.417099953 166.515502172 -118.649765965 10.147664355 -0.003720498 0.032884117 0.775903403 0.629983096
1317401060.520806074 166.333648663 -117.818337115 10.119942485 -0.002993248 0.032977106 0.777560644 0.627935503
1317401060.624531031 166.150759300 -117.008024766 10.095219473 -0.002205814 0.034409815 0.779535176 0.625408673
1317401060.728281021 165.973937007 -116.219519050 10.070959127 -0.002913528 0.035372955 0.781613131 0.622752904
1317401060.832057953 165.790033811 -115.427224288 10.045894014 -0.004880851 0.035318299 0.783662627 0.620162625
1317401060.935858965 165.602381488 -114.648601447 10.023798599 -0.005716413 0.034187129 0.785238985 0.618221885
1317401061.039701939 165.412405547 -113.889799906 9.998155353 -0.005692272 0.031813680 0.786050654 0.617316659
1317401061.143571854 165.222773387 -113.147249927 9.970321049 -0.005539135 0.029942011 0.786140991 0.617296635
1317401061.247467995 165.039206340 -112.424686244 9.944142961 -0.006397300 0.028870073 0.786140594 0.617339906
1317401061.351382971 164.863680813 -111.717251254 9.921094217 -0.009783188 0.028103417 0.786143618 0.617327060
1317401061.455327988 164.690853717 -111.029756838 9.901464377 -0.013245926 0.026999149 0.785552924 0.618063261
1317401061.559297085 164.528368959 -110.361463063 9.883382103 -0.015628482 0.025591935 0.784096267 0.619914387
1317401061.663311005 164.376819786 -109.704217318 9.854992519 -0.016921952 0.022726412 0.781923229 0.622730457
1317401061.767373085 164.227813753 -109.053296408 9.828896547 -0.016610663 0.018340983 0.778779196 0.626809905
1317401061.871459007 164.089001277 -108.414344497 9.797964012 -0.015817639 0.015941440 0.774870398 0.631721093
1317401061.975620031 163.965774842 -107.768789166 9.772985751 -0.015020848 0.015813832 0.769589174 0.638166750
1317401062.079849958 163.856750926 -107.132862437 9.748739120 -0.013501979 0.015980231 0.762201107 0.647002165
1317401062.184128046 163.757485462 -106.487456679 9.733521849 -0.012145897 0.014023765 0.753636176 0.657029928
1317401062.288455009 163.678633221 -105.851651207 9.719690581 -0.011257444 0.012354643 0.742884754 0.669210636
1317401062.392828941 163.619566245 -105.214806974 9.698538294 -0.012338643 0.012979911 0.730412016 0.682771973
1317401062.497252941 163.589740441 -104.580248961 9.667738369 -0.012801878 0.016985031 0.716004653 0.697771422
1317401062.601675987 163.589093229 -103.963231881 9.657944928 -0.011871712 0.022878808 0.699298806 0.714364615
1317401062.706049681 163.604865108 -103.359363451 9.661085028 -0.010335318 0.025301165 0.681147010 0.731636373
1317401062.810400963 163.651342024 -102.748692088 9.650638829 -0.008926974 0.024034645 0.662967035 0.748209433
1317401062.914705038 163.713775631 -102.153305196 9.622016682 -0.007271406 0.021758869 0.644262277 0.764460461
1317401063.018935919 163.808056637 -101.563440130 9.590286983 -0.006309239 0.021039344 0.625586715 0.779845371
1317401063.123166323 163.934285825 -100.985931926 9.579043129 -0.005289442 0.019974363 0.605996881 0.795198609
1317401063.227372885 164.084050509 -100.405414147 9.567870059 -0.006154993 0.015445560 0.586429710 0.809829455
1317401063.331506014 164.257863716 -99.810618563 9.540109250 -0.009026817 0.010687175 0.566697685 0.823807038
1317401063.435616016 164.468246703 -99.220474707 9.510414751 -0.010648613 0.009057454 0.547405479 0.836750746
1317401063.539654255 164.713764605 -98.625843286 9.493126767 -0.010527792 0.009031289 0.529118424 0.848434614
1317401063.643598080 164.987058164 -98.040203639 9.478056862 -0.009883185 0.007222716 0.511755749 0.859043776
1317401063.747520924 165.288333366 -97.452968323 9.463662301 -0.007035475 0.005022737 0.495193313 0.868739810
1317401063.851391077 165.610112134 -96.881246272 9.443080681 -0.004503068 0.004179940 0.480313150 0.877075555
1317401063.955212116 165.960849550 -96.319610830 9.436693045 -0.001075322 0.006091067 0.466365947 0.884570261
1317401064.059035063 166.335315835 -95.754760891 9.439262489 0.000010450 0.007094782 0.452403019 0.891785384
1317401064.162858009 166.732840581 -95.199991963 9.443412952 -0.000092306 0.007525557 0.438088401 0.898900390
1317401064.266727924 167.148596289 -94.657354097 9.434893239 0.001032081 0.007381335 0.423913429 0.905672046
1317401064.370623350 167.585972661 -94.117037474 9.432261994 0.002686973 0.006533136 0.408436199 0.912759535
1317401064.474517107 168.034159351 -93.586988066 9.435874719 0.002823289 0.005583320 0.392691055 0.919649167
1317401064.578459978 168.511147449 -93.076286359 9.432833366 -0.000321822 0.004012161 0.376228418 0.926518201
1317401064.682425737 169.002520927 -92.549017729 9.425845398 -0.000953154 0.003495147 0.358432006 0.933548806
1317401064.786392927 169.521949825 -92.031818774 9.426459561 -0.002239200 0.002198712 0.340333698 0.940299487
1317401064.890383005 170.063727755 -91.548647586 9.424892726 -0.001973073 0.000883312 0.321924084 0.946763017
1317401064.994374037 170.642146150 -91.087946926 9.421926190 -0.001918905 -0.000520583 0.302807748 0.953049587
1317401065.098366022 171.240823341 -90.658548996 9.425810873 -0.002266292 -0.001985681 0.284009823 0.958816636
1317401065.202357054 171.866013680 -90.239220532 9.434228431 -0.004892791 -0.002301598 0.264990427 0.964235882
1317401065.306324005 172.519010899 -89.846349596 9.434309434 -0.005976138 -0.001502712 0.246183533 0.969203640
1317401065.410290003 173.189682082 -89.464895225 9.443217634 -0.005965418 0.000237728 0.227291804 0.973808397
1317401065.514255762 173.884024879 -89.093008440 9.449522386 -0.006002465 0.001412235 0.208948563 0.977907191
1317401065.618206024 174.604583693 -88.764168443 9.453377539 -0.007449969 0.001842447 0.192286717 0.981308780
1317401065.722075939 175.349082917 -88.458485123 9.457400631 -0.008820792 0.001639748 0.176250573 0.984304445
1317401065.825870991 176.109108015 -88.168359210 9.450927753 -0.009305974 -0.000135065 0.162556382 0.986655362
1317401065.929621935 176.876252078 -87.889078264 9.457639620 -0.005643568 -0.001773683 0.150014209 0.988666143
1317401066.033371925 177.652731253 -87.656412995 9.465438762 -0.003873050 -0.004859953 0.139416294 0.990214359
1317401066.137124062 178.446850603 -87.427967941 9.474428897 -0.004742454 -0.007768073 0.129898560 0.991485517
1317401066.240845919 179.252076119 -87.199688889 9.480586156 -0.003756514 -0.008658368 0.121793118 0.992510634
1317401066.344569921 180.067798228 -86.973350615 9.499035757 -0.001006151 -0.007185318 0.114957393 0.993343927
1317401066.448250771 180.897243401 -86.783015035 9.519074462 0.003375449 -0.003592618 0.110938407 0.993815058
1317401066.551909924 181.728166513 -86.587594635 9.542683258 0.005047719 -0.001512499 0.107898726 0.994147926
1317401066.655612946 182.561890137 -86.397164279 9.553248953 0.006771990 -0.001074565 0.105698157 0.994374620
1317401066.759315014 183.394026434 -86.200989644 9.572398768 0.008031660 -0.001819382 0.104411404 0.994500096
1317401066.863018990 184.239976360 -86.014056694 9.576340559 0.007386166 -0.003034578 0.104098406 0.994534946
1317401066.966744900 185.100190794 -85.821623173 9.590760130 0.009004985 -0.003023886 0.103447902 0.994589512
1317401067.070445061 185.963593046 -85.637515540 9.608762338 0.010205514 -0.002728400 0.103998560 0.994521344
1317401067.174123049 186.826172128 -85.430479627 9.624498140 0.008815135 -0.001377031 0.104531237 0.994481582
1317401067.277801991 187.691687627 -85.221265378 9.626332074 0.006481364 0.001384764 0.105766887 0.994368865
1317401067.381481886 188.574681849 -85.028888090 9.638516120 0.006113450 0.003834922 0.106942808 0.994238983
1317401067.485184908 189.457777433 -84.832487628 9.652050224 0.004917754 0.003540931 0.108062946 0.994125584
1317401067.588936090 190.330504372 -84.621647084 9.655021922 0.003549955 0.001464834 0.108154049 0.994126729
1317401067.692686081 191.205665680 -84.415137350 9.657016020 0.003363402 0.000308683 0.108282453 0.994114431
1317401067.796462059 192.089994492 -84.205716688 9.662026306 0.005028877 -0.000180291 0.108454754 0.994088650
1317401067.900238991 192.975617571 -84.002561392 9.676399024 0.008003998 -0.000972563 0.108464639 0.994067609
1317401068.003989935 193.862349855 -83.792055768 9.689935109 0.009347643 -0.001993223 0.108442927 0.994056729
1317401068.107789040 194.753238255 -83.584434186 9.698511568 0.008508186 -0.001953886 0.108957536 0.994008073
1317401068.211587191 195.643605145 -83.376501437 9.710382302 0.008343662 -0.001343337 0.108483695 0.994062305
1317401068.315361977 196.538186356 -83.166078439 9.727500849 0.008962669 -0.001913661 0.107752850 0.994135470
1317401068.419161081 197.442637452 -82.962352560 9.745558536 0.010358650 -0.004195703 0.107166895 0.994178229
1317401068.522957087 198.343664631 -82.759939734 9.757699832 0.010732923 -0.005158571 0.106945443 0.994193576
1317401068.626777887 199.251551376 -82.544455209 9.774042116 0.009927439 -0.004015830 0.106266124 0.994280056
1317401068.730601072 200.159456767 -82.345147190 9.790509483 0.010108952 -0.000729036 0.105315590 0.994387200
1317401068.834424973 201.054611697 -82.148224480 9.809403718 0.010119064 0.002466449 0.105310739 0.994384820
1317401068.938273907 201.960840417 -81.958718368 9.823730378 0.010083342 0.005032705 0.104165075 0.994496172
1317401069.042131901 202.868367681 -81.779975398 9.835428710 0.008609783 0.006531551 0.103983217 0.994520337
1317401069.145989895 203.762613329 -81.592361032 9.847486365 0.008841063 0.006469381 0.103393641 0.994580182
1317401069.249811888 204.660221570 -81.406417154 9.854528529 0.008997088 0.004913150 0.102763796 0.994652962
1317401069.353658915 205.538192880 -81.217075678 9.858000684 0.008508638 0.002934556 0.101617943 0.994782783
1317401069.457505941 206.419737098 -81.039452939 9.859536282 0.007621684 0.002335685 0.101131264 0.994841154
1317401069.561327934 207.283373799 -80.852462682 9.862741571 0.007116442 0.003059856 0.100111396 0.994946080
1317401069.665122986 208.167432221 -80.669511004 9.869608175 0.007357998 0.004127767 0.100061961 0.994945438
1317401069.768898010 209.074060511 -80.481523761 9.886791559 0.006613714 0.001774592 0.100338419 0.994929802
1317401069.872700930 209.947894050 -80.293218829 9.901140475 0.005487958 -0.003816898 0.101004084 0.994863553
1317401069.976524115 210.805092482 -80.106032967 9.905662264 0.003548434 -0.008943236 0.101240296 0.994815475
1317401070.080318928 211.662351558 -79.916402907 9.907003755 0.002802052 -0.009694883 0.101257596 0.994809056
1317401070.184113979 212.516051584 -79.721778863 9.928659851 0.000712957 -0.006866789 0.101219866 0.994840127
1317401070.287938118 213.366308065 -79.535509792 9.947457904 -0.000555291 -0.001146573 0.102462237 0.994736079
1317401070.391766071 214.215480326 -79.353772987 9.960608429 -0.000721440 0.003233152 0.103542210 0.994619544
1317401070.495589018 215.064506678 -79.172389131 9.983760563 0.000408424 0.006018003 0.104803439 0.994474663
1317401070.599437714 215.916192138 -78.989354140 10.000008380 0.001725106 0.005801658 0.105576001 0.994392816
1317401070.703272104 216.763890818 -78.804076463 10.010378993 0.003032702 0.004366677 0.106807201 0.994265536
1317401070.807105064 217.615957491 -78.616139041 10.011703592 0.004400138 0.003579026 0.107701665 0.994167079
1317401070.910973072 218.466256023 -78.423831046 10.019868653 0.005479658 0.003672879 0.108219585 0.994105128
1317401071.014844894 219.293930784 -78.240176232 10.021224224 0.005485502 0.005332404 0.108426756 0.994075004
1317401071.118741989 220.129508710 -78.051204151 10.024646098 0.006034474 0.007966153 0.109077211 0.993983042
1317401071.222660065 220.954704329 -77.866530821 10.030520400 0.005975086 0.009440622 0.109119628 0.993965834
1317401071.326577902 221.767938626 -77.682535383 10.031934153 0.005125047 0.009399036 0.108698606 0.994017105
1317401071.430495977 222.591017409 -77.497146061 10.031560456 0.004997018 0.008090609 0.108652464 0.994034312
1317401071.534415007 223.412903264 -77.309812100 10.025445244 0.004529505 0.007908087 0.107842215 0.994126251
1317401071.638335943 224.248008438 -77.124622798 10.022816260 0.003338087 0.009050267 0.107292806 0.994180670
1317401071.742232084 225.079518061 -76.940573581 10.020179181 0.003183761 0.010396821 0.106621668 0.994240207
1317401071.846126080 225.913815776 -76.751872331 10.019407872 0.004421662 0.011159618 0.106899943 0.994197321
1317401071.950042963 226.755041288 -76.571099551 10.012999855 0.006554319 0.011263557 0.106738807 0.994201690
1317401072.053961992 227.606893370 -76.386022054 10.004090905 0.007006268 0.011634921 0.107006930 0.994165508
1317401072.157882929 228.420473283 -76.205180160 9.998433110 0.007857612 0.012576988 0.107888603 0.994052376
1317401072.261801958 229.239828584 -76.021598033 9.989446588 0.008973328 0.015298821 0.108133754 0.993978127
1317401072.365719080 230.055925232 -75.838148154 9.981616560 0.010714365 0.016331883 0.108304645 0.993925840
1317401072.469638109 230.891396543 -75.656156735 9.971352282 0.011485828 0.016319002 0.108650402 0.993879699
1317401072.573580027 231.704203988 -75.469657253 9.959767610 0.012074298 0.013611135 0.108923345 0.993883622
1317401072.677522898 232.525463413 -75.278918713 9.944302731 0.012924040 0.011043609 0.109116671 0.993883575
1317401072.781465054 233.340153828 -75.093920947 9.936289524 0.014125672 0.009407741 0.108807473 0.993917951
1317401072.885432005 234.159331000 -74.907359541 9.931696430 0.014017859 0.009323036 0.108627361 0.993939977
1317401072.989398956 234.980215485 -74.722369595 9.924186071 0.013401293 0.010721016 0.108331936 0.993966628
1317401073.093364000 235.805632209 -74.533990573 9.920627964 0.012153836 0.013627945 0.108349471 0.993945147
1317401073.197308064 236.631981545 -74.348774784 9.913664596 0.011768794 0.016154359 0.107948786 0.993955528
1317401073.301249981 237.452406178 -74.163178710 9.907304795 0.011994127 0.016865382 0.107974036 0.993938281
1317401073.405215979 238.267870674 -73.981270672 9.897006323 0.013006776 0.016468769 0.107925186 0.993937502
1317401073.509182930 239.074427955 -73.796000670 9.883121898 0.014402016 0.015851787 0.107945970 0.993926039
1317401073.613126993 239.894664918 -73.614437700 9.870246227 0.015963921 0.015686570 0.107696792 0.993931832
1317401073.717068911 240.712241950 -73.436097482 9.859463778 0.016558809 0.015394552 0.107947175 0.993899502
1317401073.821008921 241.536740066 -73.259374442 9.850224152 0.017142231 0.014593139 0.108181837 0.993876187
1317401073.924952030 242.362459899 -73.078482190 9.840949284 0.017402665 0.013490448 0.108355605 0.993868310
1317401074.028898954 243.179980527 -72.896436112 9.828673569 0.016788372 0.013366895 0.108446076 0.993870678
1317401074.132841110 243.997543470 -72.709419134 9.816141095 0.015148081 0.014228454 0.108901323 0.993835293
1317401074.236784935 244.817888569 -72.516616950 9.806618574 0.013931406 0.015185063 0.108804481 0.993849543
1317401074.340703964 245.643135882 -72.322526693 9.797573682 0.012805206 0.014858087 0.109042819 0.993843513
1317401074.444622993 246.464534012 -72.134191156 9.788072250 0.011819668 0.013710141 0.109332287 0.993840419
1317401074.548566103 247.289051784 -71.940738250 9.778096743 0.010663888 0.012531285 0.109523590 0.993847992
1317401074.652512074 248.109891059 -71.753325888 9.767470393 0.009519370 0.012204787 0.109218481 0.993897252
1317401074.756428003 248.928546888 -71.566060953 9.760274129 0.008471579 0.012216354 0.109116305 0.993917816
1317401074.860343695 249.738617538 -71.379523028 9.754320923 0.007441191 0.011905512 0.109059070 0.993936118
1317401074.964297056 250.554099205 -71.195605978 9.747092931 0.006827549 0.010721009 0.108587397 0.994005645
1317401075.068239927 251.362089521 -71.008272761 9.736546796 0.006938503 0.009890582 0.108163642 0.994059686
1317401075.172173023 252.176663945 -70.827866279 9.729350477 0.007944523 0.010336253 0.107432406 0.994126916
1317401075.276113987 252.987195362 -70.647413476 9.725498425 0.008145549 0.012175003 0.106827367 0.994169670
1317401075.380059958 253.794833462 -70.472216621 9.722532908 0.008398015 0.013972034 0.106667001 0.994161157
1317401075.484025955 254.600268276 -70.290414307 9.719094429 0.008689763 0.014707747 0.106334928 0.994183611
1317401075.587991953 255.400734003 -70.112022962 9.710483038 0.008738993 0.014822947 0.106215287 0.994194258
1317401075.691956997 256.205198268 -69.934216079 9.702151854 0.008168632 0.014519396 0.105979455 0.994228754
1317401075.795898914 257.001145986 -69.756819120 9.691543608 0.007139132 0.013597490 0.105856220 0.994262843
1317401075.899820089 257.788079804 -69.578529909 9.681748075 0.006385847 0.012748381 0.105752387 0.994290266
1317401076.003765106 258.573135240 -69.406630461 9.672432466 0.005273911 0.012424881 0.105597324 0.994317361
1317401076.107707024 259.333043965 -69.238544484 9.665360926 0.003842049 0.012735116 0.105523934 0.994327790
1317401076.211648941 260.092871537 -69.073617657 9.660882564 0.002438168 0.013439459 0.105456423 0.994330116
1317401076.315592051 260.835192164 -68.898853206 9.653957177 0.001038223 0.013703242 0.105385143 0.994336520
1317401076.419533968 261.573952098 -68.737037269 9.647782827 0.000317109 0.013502884 0.105049998 0.994375216
1317401076.523475885 262.293828855 -68.578153905 9.638640854 -0.000569790 0.013384098 0.104957935 0.994386430
1317401076.627418995 262.996387500 -68.423795265 9.629602909 -0.000820475 0.013238794 0.104842933 0.994400332
1317401076.731420279 263.679474230 -68.270904963 9.623541990 -0.001025510 0.013642256 0.104550467 0.994425481
1317401076.835386992 264.344124305 -68.126217391 9.617238954 -0.001423194 0.014894130 0.104282397 0.994435177
1317401076.939321041 264.989728416 -67.979312481 9.609403963 -0.001624671 0.016756276 0.103552147 0.994481544
1317401077.043289900 265.607437218 -67.848440606 9.604341872 -0.001479329 0.018708307 0.102830877 0.994521805
1317401077.147255898 266.198973577 -67.720927507 9.599928240 -0.001255062 0.019989105 0.102255357 0.994556536
1317401077.251220942 266.762750510 -67.595484909 9.595627002 -0.001382693 0.020181185 0.101794392 0.994599774
1317401077.355187893 267.306801334 -67.480604788 9.589260778 -0.001831842 0.019179695 0.101230720 0.994676392
1317401077.459155083 267.817573569 -67.371459359 9.576498870 -0.001714866 0.017781302 0.100660172 0.994760481
1317401077.563147068 268.305507402 -67.269163742 9.560858127 -0.000937399 0.016975346 0.099895284 0.994852698
1317401077.667135954 268.768084888 -67.174378518 9.551462130 0.000844905 0.016159940 0.098812025 0.994974535
1317401077.771125078 269.195426196 -67.088949296 9.551269635 0.002138946 0.015527030 0.097964307 0.995066496
1317401077.875117064 269.596817291 -67.001384629 9.551707095 0.000496960 0.014688906 0.096972040 0.995178583
1317401077.979106903 269.970739552 -66.919653943 9.547359920 -0.001536850 0.013948419 0.095509259 0.995329624
1317401078.083122969 270.314068973 -66.846177672 9.534303570 -0.002318197 0.014243080 0.093811880 0.995485355
1317401078.187116146 270.629920725 -66.786333752 9.525965118 -0.000638943 0.014709803 0.092172157 0.995634223
1317401078.291080952 270.918802553 -66.733433803 9.521531387 0.001751087 0.014850900 0.090880654 0.995749512
1317401078.395071983 271.178281189 -66.688762255 9.523408872 0.003523606 0.015526855 0.089582077 0.995852174
1317401078.499062061 271.411764655 -66.647686054 9.528811112 0.003881510 0.016176335 0.088293484 0.995955582
1317401078.603029966 271.615685498 -66.608778480 9.529023239 0.003597656 0.015959812 0.087255499 0.996051615
1317401078.707020998 271.796364724 -66.571242737 9.528017865 0.003172877 0.015251267 0.086099338 0.996164763
1317401078.811011076 271.962476854 -66.543238363 9.528071283 0.002191306 0.014765009 0.085035238 0.996266130
1317401078.914978027 272.122611498 -66.511574659 9.528652616 0.000935811 0.014322124 0.084136018 0.996350908
1317401079.018944979 272.279294121 -66.478738622 9.526402088 0.000195855 0.013678537 0.083371132 0.996424665
1317401079.122934103 272.430912562 -66.450146922 9.522637799 0.000491002 0.012800336 0.082480668 0.996510336
1317401079.226923943 272.576738827 -66.427879269 9.519309601 0.001248457 0.012143099 0.081681838 0.996583696
1317401079.330890894 272.714910511 -66.404721919 9.517891202 0.001732336 0.011623049 0.081054992 0.996640352
1317401079.434883118 272.847555895 -66.385568949 9.518050034 0.001585627 0.010903229 0.080329339 0.996707481
1317401079.538875103 272.977644461 -66.361048099 9.514301319 0.001328525 0.010054573 0.079658738 0.996770598
1317401079.642842054 273.102739737 -66.340594650 9.509936290 0.001444761 0.008911170 0.079211705 0.996816939
1317401079.746833086 273.227286990 -66.321685926 9.506838427 0.001866710 0.007724619 0.078824295 0.996856848
1317401079.850824118 273.356934546 -66.299512436 9.504350454 0.002387294 0.006908237 0.078995409 0.996848184
1317401079.954765081 273.483850175 -66.276668700 9.503122890 0.002739621 0.006217262 0.079889694 0.996780556
1317401080.058706999 273.610263740 -66.254711608 9.501178639 0.002769748 0.005793610 0.081273629 0.996671139
1317401080.162650108 273.735871396 -66.227895669 9.500044178 0.002677668 0.005241275 0.083210113 0.996514644
1317401080.266566992 273.862424927 -66.203023530 9.497502153 0.002628904 0.004633245 0.085966803 0.996283760
1317401080.370485067 273.988399692 -66.179864850 9.494685256 0.002775129 0.004262931 0.089178355 0.996002684
1317401080.474406004 274.112778674 -66.156094219 9.492520419 0.002850219 0.003872436 0.092788350 0.995674245
1317401080.578325033 274.241139844 -66.128682971 9.488437269 0.002948690 0.003448686 0.096760225 0.995297378
1317401080.682218075 274.375636346 -66.102272935 9.484885598 0.003587379 0.002853705 0.101677894 0.994806812
1317401080.786067963 274.524457670 -66.074662645 9.483542034 0.004403261 0.002156637 0.107962457 0.994142881
1317401080.889894962 274.677648320 -66.042440409 9.484471184 0.004900875 0.001374137 0.115946875 0.993242375
1317401080.993665934 274.843258829 -66.004667596 9.483371988 0.004926253 0.000754823 0.125478170 0.992083863
1317401081.097392082 275.024268098 -65.955573307 9.481896763 0.004646019 0.000828922 0.136103488 0.990683384
1317401081.201128006 275.224981074 -65.888636652 9.479189910 0.004349708 0.001374509 0.147800677 0.989006648
1317401081.304828882 275.440572088 -65.813922624 9.479804880 0.003940688 0.002114015 0.160859990 0.986967105
1317401081.408498287 275.667381615 -65.731695239 9.479694505 0.003381809 0.002964569 0.175697564 0.984433919
1317401081.512152910 275.907150492 -65.638766397 9.481344864 0.003330218 0.004473830 0.191945014 0.981389834
1317401081.615783930 276.161759190 -65.522486336 9.480495496 0.003102735 0.006339968 0.209843847 0.977709434
1317401081.719414949 276.411490253 -65.418524945 9.486610956 0.002665610 0.008826398 0.230031285 0.973139557
1317401081.823045015 276.670887338 -65.273376742 9.485970770 0.001073844 0.010789925 0.250640260 0.968019568
1317401081.926676035 276.925154621 -65.136765811 9.486425883 -0.000330142 0.012528593 0.272144465 0.962174784
1317401082.030329943 277.183227156 -64.980959161 9.482576813 -0.001267798 0.014706547 0.294297047 0.955599999
1317401082.134010077 277.442238637 -64.802065863 9.482844869 -0.002049323 0.018026108 0.316913971 0.948280757
1317401082.237714291 277.696035460 -64.610204768 9.484251329 -0.003290292 0.020904367 0.339940240 0.940208921
1317401082.341464996 277.948055811 -64.391659822 9.483009436 -0.004988953 0.022448101 0.363515184 0.931304410
1317401082.445240974 278.196895090 -64.153897616 9.477202919 -0.006077595 0.023435476 0.387524053 0.921541616
1317401082.549038887 278.445744632 -63.894034930 9.462391010 -0.007344690 0.023329941 0.411769989 0.910959519
1317401082.652834892 278.683289192 -63.610720484 9.446376552 -0.007967936 0.023914823 0.436226975 0.899483529
1317401082.756611109 278.916830918 -63.294957728 9.424917152 -0.009188886 0.024663035 0.460693641 0.887168906
1317401082.860410929 279.143264495 -62.964054148 9.400804103 -0.009103319 0.025826425 0.484921011 0.874129131
1317401082.964210033 279.363073098 -62.603888481 9.381660240 -0.008290220 0.026638765 0.508647199 0.860522908
1317401083.068006992 279.575434629 -62.218603867 9.359857892 -0.006696672 0.027948990 0.531982474 0.846267485
1317401083.171828032 279.757142034 -61.810844340 9.345121095 -0.005301729 0.029743083 0.554939911 0.831341648
1317401083.275651932 279.937508334 -61.369404569 9.324793930 -0.004965219 0.030588451 0.577691314 0.815666868
1317401083.379475117 280.096674427 -60.909887976 9.297002159 -0.004421007 0.030148273 0.600528697 0.799022415
1317401083.483297110 280.232408638 -60.437519510 9.267200144 -0.002791329 0.031078527 0.623500941 0.781199661
1317401083.587121010 280.347408912 -59.929445571 9.243921358 -0.000843671 0.032185499 0.645784591 0.762840510
1317401083.690968990 280.427501633 -59.402701710 9.228963448 0.000250624 0.032120416 0.667354880 0.744046827
1317401083.794866085 280.484147869 -58.857413526 9.195754228 -0.000992152 0.033449191 0.687692652 0.725230297
1317401083.898807049 280.503991793 -58.287596097 9.162970093 -0.001990401 0.035655688 0.706600182 0.706711322
1317401084.002820969 280.500079745 -57.703398213 9.141768964 -0.001154116 0.037576022 0.723689653 0.689100861
1317401084.106883049 280.467891194 -57.093267475 9.122974200 -0.000607249 0.038429570 0.738926098 0.672689395
1317401084.210995913 280.393951572 -56.472792207 9.105100997 -0.000245931 0.037544964 0.752567060 0.657444398
1317401084.315203190 280.296164375 -55.838799309 9.072219488 0.000522228 0.034751362 0.764138482 0.644115246
1317401084.419482946 280.156665123 -55.184252729 9.031370995 0.000001765 0.033182939 0.773347761 0.633113049
1317401084.523833036 279.998601250 -54.509219370 8.996580578 -0.001677961 0.033350546 0.779962105 0.624935228
1317401084.628228903 279.834689586 -53.811242039 8.962967342 -0.003707279 0.035285699 0.784221299 0.619466004
1317401084.732650995 279.659127455 -53.096674190 8.935356114 -0.004757214 0.036371515 0.786886140 0.616007049
1317401084.837099075 279.468190846 -52.355503894 8.903416537 -0.003787931 0.035923855 0.788107389 0.614476909
1317401084.941543818 279.275179409 -51.602967220 8.850467436 -0.000021585 0.037231633 0.788084400 0.614440220
1317401085.045989990 279.073636142 -50.816543181 8.817227970 0.004005834 0.040880564 0.786825523 0.615807055
1317401085.150413990 278.883638645 -50.011739442 8.789665177 0.004652187 0.041825399 0.785254139 0.617741799
1317401085.254765034 278.690498465 -49.186814805 8.750037230 0.005054370 0.041337593 0.783661994 0.619789912
1317401085.359042883 278.490124433 -48.333678386 8.720236950 0.007883167 0.040828214 0.782508639 0.621249662
1317401085.463296652 278.287850463 -47.462710451 8.694581454 0.011083774 0.036972710 0.781788798 0.622347527
1317401085.567503929 278.078918977 -46.582088005 8.662662852 0.012394218 0.031885178 0.781755779 0.622645662
1317401085.671641111 277.849947659 -45.686033908 8.637218311 0.011516692 0.028199288 0.782103678 0.622403409
1317401085.775752306 277.613071688 -44.765293494 8.613411434 0.006942441 0.026140123 0.783201857 0.621178998
1317401085.879837990 277.369029978 -43.823604367 8.590057047 0.001981473 0.026453607 0.784749173 0.619245521
1317401085.983899117 277.135491566 -42.862681386 8.562649878 -0.002207336 0.028325786 0.785875976 0.617731113
1317401086.087964058 276.894355490 -41.883227519 8.524521036 -0.006542964 0.030994795 0.786389219 0.616918559
1317401086.192003727 276.654463518 -40.894591189 8.488341808 -0.008995980 0.034077280 0.786743007 0.616273683
1317401086.296015978 276.413068512 -39.892451407 8.453951784 -0.009621828 0.035673303 0.787025805 0.615812648
1317401086.400031090 276.172122154 -38.892961085 8.403440920 -0.008824161 0.034533510 0.787564401 0.615200686
1317401086.503998995 275.924541600 -37.885951369 8.351002099 -0.007378586 0.033073571 0.788397614 0.614231957
1317401086.607916117 275.667335000 -36.884630345 8.306464062 -0.005300679 0.031485045 0.789742384 0.612607183
1317401086.711836100 275.406775313 -35.875524561 8.266326123 -0.003604591 0.030106305 0.791450094 0.610481258
1317401086.815754890 275.129421101 -34.867273514 8.225720988 -0.002930450 0.028706751 0.793465560 0.607930704
1317401086.919671059 274.852335363 -33.853885449 8.190219890 -0.003847711 0.029195561 0.795468129 0.605279497
1317401087.023565054 274.571909034 -32.827242641 8.158716393 -0.005994777 0.030147147 0.797353826 0.602728869
1317401087.127460957 274.264485667 -31.808816783 8.125309041 -0.008262895 0.030288735 0.799171986 0.600281979
1317401087.231406927 273.956483099 -30.787441503 8.084602032 -0.010113503 0.029818261 0.800553968 0.598432898
1317401087.335375071 273.645252685 -29.759816830 8.043902293 -0.012333296 0.028738185 0.801437978 0.597259721
1317401087.439341068 273.334132663 -28.724797529 7.993879989 -0.014047918 0.027656760 0.801930268 0.596611770
1317401087.543282986 273.012683769 -27.697257971 7.945857333 -0.014497296 0.027089437 0.802477708 0.595890527
1317401087.647226095 272.690582956 -26.663644785 7.896705190 -0.014557870 0.026673780 0.802832964 0.595429098
1317401087.751193047 272.372066603 -25.622596446 7.849269933 -0.014695921 0.026131627 0.803121251 0.595060857
1317401087.855159998 272.053316916 -24.577790169 7.800774764 -0.015068195 0.025261975 0.803365167 0.594759776
1317401087.959101915 271.720087067 -23.532079465 7.755400263 -0.015467441 0.023563676 0.803583756 0.594523893
1317401088.063044071 271.390350464 -22.485519746 7.710781256 -0.015607356 0.020070095 0.803626612 0.594590506
1317401088.167035103 271.060455916 -21.429890596 7.660151289 -0.015845201 0.018196761 0.803378039 0.594980280
1317401088.271050930 270.727038739 -20.366897750 7.611346218 -0.017427539 0.018627961 0.802840423 0.595647996
1317401088.375065088 270.401013222 -19.298034007 7.566145771 -0.019075191 0.020075300 0.802234962 0.596365815
1317401088.479054928 270.077580039 -18.232939984 7.520284907 -0.018569589 0.020989493 0.801749717 0.597002514
1317401088.583043098 269.752928446 -17.156395673 7.471946717 -0.017903258 0.021073209 0.800829851 0.598253243
1317401088.687035084 269.427369429 -16.081054402 7.423725586 -0.019187250 0.020079949 0.799602351 0.599887261
1317401088.791026831 269.103500165 -15.000470251 7.372727803 -0.021161386 0.018462774 0.797945733 0.602074687
1317401088.895018101 268.786994537 -13.914190228 7.322914962 -0.022445285 0.017140273 0.796182927 0.604396531
1317401088.998984098 268.477370914 -12.826361878 7.269538233 -0.022710884 0.016157419 0.794460057 0.606676497
1317401089.102927923 268.166419884 -11.731899499 7.218729912 -0.022420869 0.015978179 0.792725919 0.608956173
1317401089.206868887 267.865667672 -10.628948426 7.169112756 -0.021753521 0.016536957 0.790999729 0.611205973
1317401089.310811043 267.575116778 -9.519483015 7.118099732 -0.021663630 0.017201150 0.789206972 0.613504004
1317401089.414753675 267.280103059 -8.403075939 7.069379115 -0.021598990 0.018360307 0.787467779 0.615703565
1317401089.518697977 266.997793777 -7.295345880 7.016239636 -0.022464687 0.018288183 0.785778449 0.617829352
1317401089.622591972 266.723873628 -6.172435828 6.963283878 -0.022294362 0.018468329 0.783943816 0.620156413
1317401089.726486921 266.446794150 -5.049735645 6.912133620 -0.020900950 0.017659563 0.782446390 0.622116498
1317401089.830384016 266.181470587 -3.921297699 6.861426062 -0.018682154 0.016210778 0.781118610 0.623892543
1317401089.934252977 265.917289990 -2.787825592 6.809121793 -0.018233439 0.015404601 0.780030231 0.625286398
1317401090.038099051 265.659719044 -1.650871271 6.759001251 -0.018688373 0.016206262 0.778817044 0.626763204
1317401090.141896963 265.401904535 -0.505422460 6.716700232 -0.018758708 0.016815797 0.778153537 0.627568652
1317401090.245675087 265.149653683 0.641656022 6.665640480 -0.019222312 0.016015414 0.777639781 0.628212050
1317401090.349449873 264.894235635 1.789992668 6.616471929 -0.019945580 0.015755669 0.777305026 0.628610237
1317401090.453223944 264.643038313 2.943369581 6.571820996 -0.020117864 0.015691029 0.776993921 0.628990866
1317401090.556973934 264.388190170 4.106300232 6.525283523 -0.019726638 0.014890828 0.776734679 0.629342801
1317401090.660722971 264.137836315 5.268039878 6.476605996 -0.018819746 0.014689432 0.776320292 0.629886372
1317401090.764472008 263.886876768 6.425785991 6.430718865 -0.017709009 0.015746727 0.776355483 0.629849661
1317401090.868199110 263.637014864 7.595225616 6.386352015 -0.017006328 0.017092489 0.776207470 0.630016345
1317401090.971927881 263.389402650 8.751176903 6.342692281 -0.017666265 0.018227242 0.776012236 0.630206855
1317401091.075654030 263.140765570 9.917952201 6.297348593 -0.019605972 0.018784035 0.775873339 0.630304155
1317401091.179404974 262.892652953 11.083882446 6.252620617 -0.020762981 0.018356238 0.775660997 0.630541010
1317401091.283157110 262.642150950 12.234382734 6.203174317 -0.020586678 0.017279284 0.775621828 0.630625400
1317401091.386909962 262.393839418 13.400476589 6.153947888 -0.019868316 0.016402196 0.775570006 0.630735589
1317401091.490660906 262.145964517 14.566279524 6.106171781 -0.018984188 0.016540684 0.775574519 0.630753654
1317401091.594388962 261.899937972 15.729484079 6.060033703 -0.018826527 0.017619010 0.775529731 0.630784249
1317401091.698137045 261.648994336 16.895051794 6.013426675 -0.019713279 0.018659227 0.775413497 0.630870136
1317401091.801909924 261.405560624 18.039071986 5.967033332 -0.020658581 0.019735316 0.775152368 0.631127996
1317401091.905685902 261.159298193 19.194848801 5.918695441 -0.021362066 0.019528262 0.775134772 0.631132628
1317401092.009462118 260.913411563 20.343215664 5.871234542 -0.020752315 0.019035641 0.775034936 0.631290609
1317401092.113236904 260.673465591 21.480772696 5.820160365 -0.019781136 0.018877302 0.774962611 0.631415320
1317401092.217036009 260.434174730 22.641832220 5.768529558 -0.019423494 0.019693563 0.774886559 0.631494823
1317401092.320858002 260.194919717 23.789449983 5.717848067 -0.019913195 0.021168160 0.774823830 0.631508833
1317401092.424678802 259.955682580 24.932943657 5.668900222 -0.020294363 0.022909697 0.774683621 0.631607926
1317401092.528505087 259.714425677 26.074250236 5.616929302 -0.021113764 0.023506756 0.774522980 0.631756119
1317401092.632328033 259.475976147 27.208564902 5.559628156 -0.022456135 0.023392844 0.774457739 0.631794038
1317401092.736149073 259.233683258 28.347331658 5.501165194 -0.023088366 0.022618382 0.774361079 0.631917918
1317401092.839976311 258.988735943 29.484680908 5.445996240 -0.022683020 0.020912580 0.774338480 0.632019037
1317401092.943796873 258.750423001 30.614571985 5.385697611 -0.022321427 0.019343305 0.774268532 0.632167565
1317401093.047616959 258.507970788 31.756781733 5.332197747 -0.022115565 0.018606743 0.774223283 0.632252322
1317401093.151413918 258.268633180 32.886887855 5.277044972 -0.021502337 0.019334968 0.774069259 0.632440187
1317401093.255213022 258.029758551 34.019949079 5.218878140 -0.022357415 0.019851660 0.774096378 0.632361333
1317401093.359010935 257.790495878 35.160576865 5.164501589 -0.022439581 0.021404490 0.774086916 0.632319349
1317401093.462810040 257.548421518 36.299832009 5.108073849 -0.023433174 0.020240832 0.774190387 0.632194938
1317401093.566656113 257.308175380 37.435745199 5.043041290 -0.025016477 0.018723651 0.774215953 0.632149713
1317401093.670502901 257.062129240 38.587905771 4.980177917 -0.026083568 0.017328643 0.774297591 0.632046363
1317401093.774324894 256.817611347 39.740605474 4.922081375 -0.025231460 0.016020591 0.774404980 0.631983893
1317401093.878149986 256.573180164 40.902569541 4.859840704 -0.023947687 0.014240094 0.774681661 0.631737329
1317401093.981972933 256.327806470 42.071368470 4.796688052 -0.022497066 0.014641842 0.774992416 0.631400233
1317401094.085793972 256.087339448 43.245517823 4.743027446 -0.020671500 0.016450802 0.775159746 0.631212664
1317401094.189618111 255.836526517 44.429070701 4.686117082 -0.020819731 0.017443045 0.775282039 0.631030934
1317401094.293417931 255.584172060 45.615710059 4.628252201 -0.022008250 0.018906020 0.775481511 0.630703278
1317401094.397214890 255.331759332 46.809680558 4.573855552 -0.021952450 0.020055994 0.775666117 0.630442640
1317401094.501039028 255.072847476 48.015673508 4.519110547 -0.020406631 0.019202828 0.775857027 0.630286201
1317401094.604836941 254.809711901 49.224746658 4.460016110 -0.019365151 0.017515111 0.776117350 0.630047674
1317401094.708621979 254.548083147 50.441608126 4.401880944 -0.018238083 0.017312716 0.776410881 0.629725167
1317401094.812375069 254.280933846 51.659773142 4.344282628 -0.018776273 0.017205325 0.776598345 0.629481088
1317401094.916139126 254.010421532 52.886623147 4.284388545 -0.021804464 0.016803409 0.776628674 0.629356905
1317401095.019936085 253.734006562 54.118511829 4.228323714 -0.025133520 0.016124514 0.776521779 0.629382422
1317401095.123711348 253.455175384 55.348468123 4.171998337 -0.027700905 0.013708007 0.776494645 0.629365407
1317401095.227483988 253.171974816 56.582920915 4.109437776 -0.028332725 0.011409635 0.776528485 0.629341393
1317401095.331235886 252.899750560 57.812211860 4.046994254 -0.028492696 0.010125968 0.776584277 0.629287288
1317401095.434986353 252.626027858 59.045393250 3.987433398 -0.028478708 0.009653122 0.776693860 0.629160097
1317401095.538737059 252.357683941 60.277044008 3.933516326 -0.027709399 0.010185212 0.776921501 0.628904947
1317401095.642465115 252.088180709 61.508989205 3.878491702 -0.027771089 0.010360612 0.776965313 0.628845232
1317401095.746190071 251.818456672 62.743435742 3.817390260 -0.029382676 0.011573225 0.777095547 0.628589874
1317401095.849941015 251.546799471 63.975721315 3.760151259 -0.030766983 0.013791391 0.777170225 0.628386530
1317401095.953716040 251.273779907 65.206066331 3.704098386 -0.030846460 0.013758154 0.777146869 0.628412248
1317401096.057490110 251.000049951 66.430178614 3.636250091 -0.030245579 0.013194874 0.776937829 0.628711945
1317401096.161289930 250.727741369 67.663344369 3.571672830 -0.029614612 0.013438027 0.776572134 0.629188458
1317401096.265089035 250.457672903 68.888041753 3.509288352 -0.029551899 0.013121506 0.776256013 0.629588051
1317401096.368865013 250.190844902 70.106985147 3.444381199 -0.030121387 0.013623533 0.776008490 0.629855479
1317401096.472666025 249.928204080 71.330749639 3.380189542 -0.031781883 0.014563673 0.775589328 0.630268994
1317401096.576463938 249.664638130 72.548626971 3.317783413 -0.032942493 0.014707623 0.775146745 0.630750348
1317401096.680237055 249.399112472 73.770113602 3.253069021 -0.032834127 0.013236396 0.774926673 0.631058927
1317401096.784012079 249.140864517 74.981275758 3.182152232 -0.031489363 0.012287395 0.774900492 0.631178792
1317401096.887763977 248.884346894 76.197518045 3.113342587 -0.030000400 0.012745064 0.774890968 0.631253933
1317401096.991489887 248.626757099 77.409565746 3.051457079 -0.029145609 0.013428467 0.774983097 0.631166705
1317401097.095187902 248.369590852 78.617429036 2.986546501 -0.028578146 0.014070959 0.775049001 0.631097730
1317401097.198892117 248.111898981 79.827482141 2.932548084 -0.027387913 0.015133118 0.775007411 0.631176999
1317401097.302623034 247.853900206 81.034330421 2.872220348 -0.027260827 0.015187915 0.775057648 0.631119495
1317401097.406375885 247.597905479 82.243088178 2.807765167 -0.027366965 0.016483769 0.775032743 0.631112971
1317401097.510148048 247.342043235 83.448586066 2.748975801 -0.027302103 0.018277862 0.775076847 0.631012200
1317401097.613919973 247.085355495 84.656064461 2.688021599 -0.026202463 0.018941702 0.775251595 0.630824545
1317401097.717698097 246.827669529 85.861530206 2.620860993 -0.026401611 0.018618684 0.775240817 0.630839104
1317401097.821471930 246.567157875 87.062893921 2.553296244 -0.028048090 0.019612130 0.775156945 0.630841009
1317401097.925245047 246.308250005 88.262537444 2.483920127 -0.031894297 0.020372396 0.774922283 0.630922479
1317401098.029020071 246.047310790 89.460904510 2.415629231 -0.034214730 0.018845466 0.774497192 0.631370177
1317401098.132795095 245.789010806 90.659277450 2.340508685 -0.034175189 0.016563521 0.773943222 0.632115175
1317401098.236596107 245.531882784 91.855359768 2.265471146 -0.032990754 0.013799002 0.773613693 0.632647652
1317401098.340394974 245.280215796 93.048986118 2.188844835 -0.032876944 0.012284277 0.773343867 0.633014586
1317401098.444166899 245.031187034 94.254467791 2.121861558 -0.030604447 0.012434319 0.773064228 0.633467012
1317401098.547940969 244.782258145 95.451005634 2.058158914 -0.027697631 0.012969300 0.773100157 0.633546199
1317401098.651741028 244.539298161 96.649118271 1.998090308 -0.024766557 0.013776547 0.773211874 0.633514184
1317401098.755538940 244.291704412 97.846698791 1.939907501 -0.024217436 0.015661737 0.773484104 0.633159195
1317401098.859339952 244.045000957 99.044876361 1.881598494 -0.026662537 0.017706868 0.773197872 0.633356634
1317401098.963160992 243.797524683 100.238476163 1.825329638 -0.028579019 0.018868859 0.772571105 0.634004017
1317401099.066958904 243.548724538 101.433189929 1.763721050 -0.028352940 0.017531601 0.772138450 0.634579363
1317401099.170757055 243.304495790 102.624590976 1.692936375 -0.028525423 0.016625862 0.771762879 0.635052706
1317401099.274557114 243.065557873 103.815046399 1.624414803 -0.028772927 0.017041547 0.771494251 0.635356848
1317401099.378356934 242.824648041 104.999354754 1.566276543 -0.028202413 0.017219216 0.771200968 0.635733584
1317401099.482177973 242.585642936 106.163850066 1.506085608 -0.027564008 0.016583077 0.770767932 0.636303404
1317401099.586023092 242.353575121 107.304533866 1.447588439 -0.028490786 0.016570522 0.770253492 0.636885588
1317401099.689870119 242.131725686 108.413989842 1.395859624 -0.029365039 0.017056144 0.769830216 0.637344665
1317401099.793694019 241.916841757 109.494365862 1.348441836 -0.030207465 0.017451206 0.769514338 0.637675975
1317401099.897492886 241.710781031 110.550245351 1.296751163 -0.031023916 0.017593639 0.769461033 0.637697185
1317401100.001292944 241.508236878 111.578338538 1.246528167 -0.031153633 0.018294633 0.769391426 0.637755118
1317401100.105114937 241.312489151 112.574320937 1.198918135 -0.031149181 0.018160682 0.769252777 0.637926394
1317401100.208961964 241.120880470 113.540229237 1.148841092 -0.031284706 0.017856086 0.768841788 0.638423631
1317401100.312809944 240.939372515 114.473312450 1.097732547 -0.031819494 0.017749104 0.768459179 0.638860688
1317401100.416632891 240.761976708 115.394845543 1.050859646 -0.031182885 0.017726668 0.768771111 0.638517323
1317401100.520454884 240.592976330 116.304191469 1.006159440 -0.029279045 0.017976710 0.769749460 0.637420854
1317401100.624253988 240.413903201 117.211356318 0.960763877 -0.027847767 0.017182154 0.771153447 0.635807862
1317401100.728053093 240.228576272 118.112138180 0.911462539 -0.027301698 0.015528902 0.772729361 0.633958047
1317401100.831851959 240.036652615 119.013306118 0.860734820 -0.027395377 0.014521530 0.773976526 0.632454706
1317401100.935676098 239.839137917 119.911917120 0.811502337 -0.028352395 0.013790575 0.774932655 0.631256954
1317401101.039521933 239.646473261 120.807900856 0.764696805 -0.028780762 0.014421341 0.775479495 0.630551541
1317401101.143343925 239.455690745 121.701728860 0.720996465 -0.028514010 0.016137463 0.776017084 0.629860317
1317401101.247191906 239.262147366 122.589372671 0.678793551 -0.028263435 0.017118983 0.776481289 0.629273332
1317401101.351037025 239.068261159 123.480242975 0.640138833 -0.027961324 0.017178841 0.776799689 0.628892117
1317401101.454883099 238.869561917 124.366110751 0.594480412 -0.028183115 0.016161557 0.776875040 0.628816101
1317401101.558778763 238.672295793 125.249184351 0.545534239 -0.028933003 0.014565962 0.776927765 0.628755884
1317401101.662673950 238.474728992 126.137081023 0.498048724 -0.029193763 0.013205053 0.776725795 0.629023362
1317401101.766567945 238.278483182 127.029786295 0.450346549 -0.028670311 0.012003016 0.776449779 0.629412172
1317401101.870460987 238.084681767 127.925261378 0.401691644 -0.027634685 0.011188906 0.776301728 0.629656065
1317401101.974354982 237.888204201 128.831908736 0.352409744 -0.027237273 0.011032838 0.776124010 0.629895172
1317401102.078274012 237.694152036 129.739873262 0.303452734 -0.027502404 0.012434340 0.775865754 0.630175639
1317401102.182169914 237.500384027 130.650287117 0.259413325 -0.027912265 0.013495526 0.775819131 0.630193186
1317401102.286065102 237.303414065 131.579618540 0.219614174 -0.025429437 0.014223036 0.775750987 0.630366128
1317401102.389983892 237.103219960 132.508926457 0.172730041 -0.023088964 0.014142397 0.775670439 0.630557105
1317401102.493902922 236.905599264 133.437536331 0.124406964 -0.024448474 0.012542523 0.775424330 0.630842346
1317401102.597820997 236.701600101 134.369521302 0.073590081 -0.026278526 0.012896336 0.774971691 0.631317671
1317401102.701765060 236.500647120 135.320702667 0.031587058 -0.026129569 0.013663895 0.774238626 0.632206528
1317401102.805706024 236.298624040 136.270216910 -0.020067293 -0.025645255 0.014544586 0.773692435 0.632875021
1317401102.909626007 236.097145147 137.232778649 -0.075614294 -0.027380909 0.015624250 0.773083461 0.633520426
1317401103.013546944 235.897317347 138.205380499 -0.126406787 -0.028443237 0.017900100 0.772479255 0.634150116
1317401103.117464066 235.697101559 139.183981635 -0.173375547 -0.028565683 0.018975880 0.771952378 0.634754633
1317401103.221383095 235.490877137 140.170680962 -0.229695586 -0.029579605 0.018365893 0.771278422 0.635544913
1317401103.325300932 235.290835137 141.164564660 -0.293600528 -0.031202786 0.017486019 0.770230422 0.636761904
1317401103.429219007 235.088947991 142.172495826 -0.353802516 -0.031817750 0.017408189 0.769279980 0.637881571
1317401103.533138037 234.893601158 143.182149873 -0.414893331 -0.031992680 0.015781413 0.768262034 0.639140722
1317401103.637032032 234.697495298 144.195386407 -0.478510875 -0.030962878 0.014499650 0.767464449 0.640179178
1317401103.740904093 234.505787975 145.213505184 -0.541930527 -0.030255566 0.014178549 0.766829524 0.640980539
1317401103.844774961 234.311112903 146.245729126 -0.605510657 -0.030975832 0.014671181 0.766355952 0.641501215
1317401103.948621035 234.120342348 147.283750153 -0.669255354 -0.032670706 0.015309284 0.765718716 0.642162829
1317401104.052443981 233.927586558 148.331167361 -0.729713016 -0.032999062 0.015345651 0.765405852 0.642518057
1317401104.156266928 233.735487506 149.387494527 -0.793241800 -0.031730561 0.015012499 0.765098307 0.642955968
1317401104.260097980 233.543134560 150.448218852 -0.857561384 -0.029870112 0.014859898 0.765132428 0.643008030
1317401104.363941908 233.351907490 151.518362545 -0.920486369 -0.028683149 0.015287495 0.765164798 0.643013531
1317401104.467781067 233.161875327 152.596256652 -0.983067494 -0.028516258 0.015082451 0.764943582 0.643288939
1317401104.571604013 232.968155089 153.678539579 -1.043523392 -0.028325571 0.015265938 0.764906578 0.643337035
1317401104.675427914 232.761741274 154.770083135 -1.105185697 -0.029424851 0.014540090 0.764875638 0.643341295
1317401104.779249907 232.561412163 155.866559366 -1.169496679 -0.030360946 0.014742997 0.764958334 0.643194841
1317401104.883050919 232.356428998 156.978107868 -1.232905083 -0.031309487 0.015274988 0.765156827 0.642900786
1317401104.986824989 232.154494801 158.094409400 -1.301341676 -0.032269195 0.015662992 0.765265074 0.642715128
1317401105.090599060 231.944981152 159.221525661 -1.369576575 -0.033233809 0.015497428 0.765495369 0.642395659
1317401105.194374084 231.741462807 160.347039913 -1.440130642 -0.034024288 0.014288721 0.765800210 0.642018862
1317401105.298124075 231.530874535 161.485551116 -1.508487862 -0.032004636 0.013611894 0.766231044 0.641623260
1317401105.401876926 231.323015896 162.627876465 -1.575905250 -0.029071960 0.012523040 0.766925512 0.640954954
1317401105.505655050 231.105569987 163.781835792 -1.640298734 -0.025908069 0.012479837 0.767530225 0.640367378
1317401105.609405994 230.887664849 164.943344611 -1.700424361 -0.023907876 0.014348489 0.768166671 0.639642478
1317401105.713129997 230.671895633 166.110399735 -1.756222227 -0.023514087 0.017367529 0.768813251 0.638804854
1317401105.816854000 230.448137804 167.288299393 -1.815307877 -0.023701465 0.019664233 0.769459292 0.637952942
1317401105.920603037 230.219508589 168.470576065 -1.874161292 -0.023236749 0.020369131 0.770076028 0.637203314
1317401106.024357080 229.986033666 169.655865246 -1.939419772 -0.023388238 0.020524205 0.770719728 0.636414054
1317401106.128108978 229.744821946 170.856642829 -2.006084902 -0.023703997 0.021215587 0.771400506 0.635554309
1317401106.231883049 229.502402499 172.058947055 -2.070936052 -0.023540563 0.021717430 0.772135829 0.634649870
1317401106.335658073 229.254981894 173.268899731 -2.135713662 -0.022996193 0.021540204 0.772805209 0.633860634
1317401106.439434052 229.000008205 174.488585631 -2.203447640 -0.022912733 0.021240264 0.773465777 0.633067572
1317401106.543206930 228.744566566 175.706552980 -2.272212562 -0.023370070 0.021366954 0.774166661 0.632189271
1317401106.646981001 228.488228093 176.933054610 -2.338414218 -0.023664955 0.021527453 0.774865186 0.631316468
1317401106.750757933 228.225223983 178.153577424 -2.406250343 -0.024403793 0.021524775 0.775551910 0.630444585
1317401106.854557037 227.962745814 179.382880004 -2.475425620 -0.025518696 0.021381800 0.776248752 0.629547052
1317401106.958378077 227.689863602 180.614745649 -2.545524699 -0.026495768 0.021200290 0.776724289 0.628925990
1317401107.062197924 227.411558409 181.846124222 -2.614791547 -0.027666268 0.020320310 0.776817268 0.628789786
1317401107.165997028 227.136573804 183.077733541 -2.684863034 -0.028294505 0.019920322 0.776861234 0.628720308
1317401107.269797087 226.863163536 184.303778214 -2.750338309 -0.027711701 0.019990320 0.776810149 0.628807157
1317401107.373621941 226.597067692 185.533753075 -2.821512416 -0.026516220 0.020330635 0.776772755 0.628893984
1317401107.477444887 226.330035365 186.762599006 -2.890745598 -0.025869696 0.020979204 0.776879337 0.628767944
1317401107.581268072 226.061955788 187.991390095 -2.959553759 -0.026065893 0.021330642 0.776709361 0.628957981
1317401107.685112715 225.792539745 189.215165943 -3.029269877 -0.026026543 0.021419674 0.776683625 0.628988365
1317401107.788957119 225.520150651 190.438019564 -3.097543712 -0.025965215 0.021961880 0.776611151 0.629061685
1317401107.892779112 225.253208771 191.662482567 -3.166767396 -0.025852744 0.022827504 0.776442521 0.629243635
1317401107.996581078 224.990034145 192.883865211 -3.236158726 -0.025356642 0.025059453 0.776445557 0.629175143
1317401108.100357056 224.727286080 194.099461992 -3.305304779 -0.025469682 0.027564426 0.776388875 0.629135766
1317401108.204130888 224.463378475 195.313287690 -3.375059254 -0.025853407 0.029524708 0.776298528 0.629142661
1317401108.307907104 224.197724490 196.526211294 -3.443425376 -0.025628389 0.029411606 0.776215353 0.629259779
1317401108.411680937 223.928982178 197.739342182 -3.519700641 -0.025756704 0.028142923 0.776391118 0.629095700
1317401108.515431881 223.661751131 198.948633925 -3.603755146 -0.028249541 0.026853089 0.776338896 0.629109524
1317401108.619184971 223.390534881 200.153770399 -3.691910444 -0.032334899 0.026346244 0.776295796 0.628987414
1317401108.722935915 223.116950770 201.366149147 -3.773482980 -0.033826872 0.025523834 0.776123227 0.629155794
1317401108.826661110 222.852642519 202.569662867 -3.859293505 -0.031973062 0.023349593 0.776104045 0.629360812
1317401108.930386066 222.593269165 203.770205238 -3.941325822 -0.029039874 0.022141345 0.776423078 0.629153121
1317401109.034137011 222.333916208 204.968372305 -4.022439124 -0.026679157 0.023236966 0.776496003 0.629128145
1317401109.137890100 222.072877124 206.172602673 -4.095505189 -0.025695565 0.025519821 0.776183193 0.629466541
1317401109.241640091 221.813115957 207.372537847 -4.168837352 -0.026211262 0.026531726 0.775759992 0.629924974
1317401109.345416307 221.551647689 208.574729588 -4.242209646 -0.027313795 0.027415184 0.775189821 0.630541914
1317401109.449191093 221.291884960 209.776385225 -4.320173211 -0.028441562 0.027296198 0.774886508 0.630869951
1317401109.552941084 221.035951000 210.976504992 -4.400246993 -0.029244268 0.027380715 0.774548789 0.631244203
1317401109.656666994 220.781546672 212.176421391 -4.479850666 -0.029130111 0.027376443 0.774298551 0.631556586
1317401109.760392904 220.530855345 213.376490807 -4.561294311 -0.028765394 0.026831648 0.774145895 0.631783783
1317401109.864098072 220.279596080 214.573849052 -4.642568006 -0.028154537 0.026409705 0.774247153 0.631704991
1317401109.967799902 220.029267852 215.767901364 -4.723892208 -0.028276824 0.026132515 0.774073028 0.631924410
1317401110.071527004 219.776852546 216.966088537 -4.802031067 -0.028387440 0.026069186 0.773985302 0.632029511
1317401110.175254107 219.524106050 218.164565082 -4.881513127 -0.028740923 0.025850450 0.773920865 0.632101423
1317401110.278978109 219.270742043 219.364299094 -4.959844194 -0.028840705 0.026031340 0.773778624 0.632263571
1317401110.382700682 219.018707526 220.563705684 -5.035924945 -0.028142126 0.026000498 0.773808401 0.632259878
1317401110.486442089 218.769028747 221.765119067 -5.114020264 -0.027146623 0.025417393 0.773769942 0.632374173
1317401110.590193987 218.520146962 222.970896556 -5.190822047 -0.026425571 0.024212599 0.773793623 0.632423014
1317401110.693928003 218.262963623 224.170048346 -5.267495251 -0.026322704 0.023212358 0.774012618 0.632196780
1317401110.798357010 217.999990980 225.375297362 -5.341983612 -0.027312042 0.021943426 0.774126714 0.632060416
1317401110.902136087 217.738957053 226.575075279 -5.415181448 -0.028698221 0.021220317 0.774179721 0.631958756
1317401111.005229712 217.481696134 227.773235178 -5.488397397 -0.030332081 0.020259844 0.774212743 0.631873510
1317401111.108983040 217.224901328 228.976818693 -5.564320591 -0.031154363 0.019444666 0.774318062 0.631730044
1317401111.212730885 216.965819531 230.181200094 -5.637659053 -0.030539792 0.019018198 0.774490123 0.631562094
1317401111.316478014 216.706351055 231.386747904 -5.711194267 -0.029080696 0.018977322 0.774762021 0.631298650
1317401111.420231104 216.448201474 232.596402837 -5.783324900 -0.027966815 0.019764023 0.774915598 0.631136322
1317401111.523998976 216.188571434 233.804375094 -5.854882791 -0.027985042 0.021169419 0.775222122 0.630713370
1317401111.627747059 215.929051373 235.017035221 -5.922113418 -0.028096161 0.022266207 0.775367926 0.630491396
1317401111.731520653 215.665016518 236.225204451 -5.992123362 -0.028219275 0.022320006 0.775571052 0.630234110
1317401111.835330009 215.403382155 237.439945987 -6.068576548 -0.028328621 0.021288850 0.775478642 0.630378577
1317401111.939114094 215.139845897 238.656516363 -6.145277558 -0.028264305 0.020860275 0.775322853 0.630587386
1317401112.042882919 214.878118769 239.872763510 -6.217104560 -0.027703058 0.021285391 0.775149034 0.630811738
1317401112.146648884 214.620411293 241.092797985 -6.290481005 -0.027052315 0.022532208 0.774876338 0.631131629
1317401112.250401020 214.364147694 242.312747689 -6.361989557 -0.026443430 0.023908052 0.774687691 0.631338366
1317401112.354126930 214.109394838 243.532626631 -6.434345557 -0.025995857 0.025240010 0.774534809 0.631492666
1317401112.457859039 213.852667842 244.758351749 -6.507469393 -0.025673197 0.025792930 0.774285016 0.631789779
1317401112.561614990 213.590465033 245.983028937 -6.580787561 -0.025430395 0.025656039 0.774165799 0.631951246
1317401112.665380001 213.330701409 247.206978737 -6.657722883 -0.026132080 0.025327151 0.773786785 0.632399922
1317401112.769134045 213.070854651 248.434117395 -6.735701795 -0.027442181 0.025283440 0.773325537 0.632910174
1317401112.872888088 212.808809224 249.664628658 -6.811588626 -0.028501237 0.024964362 0.772709998 0.633627430
1317401112.976654053 212.549962402 250.898305916 -6.893435277 -0.029800802 0.024100139 0.772056055 0.634397781
1317401113.080424309 212.291494721 252.136074900 -6.976578707 -0.031498261 0.023815210 0.771560286 0.634929461
1317401113.184175014 212.035284768 253.371625642 -7.065232475 -0.033596913 0.024305851 0.771296235 0.635124075
1317401113.287912846 211.777631216 254.614208034 -7.150900926 -0.035618555 0.024323218 0.771194783 0.635136447
1317401113.391645908 211.524603490 255.849856201 -7.239741577 -0.037571577 0.023806343 0.771081874 0.635180587
1317401113.495374918 211.270032436 257.079023532 -7.334313245 -0.040235024 0.022530325 0.771007862 0.635153843
1317401113.599117041 211.014105049 258.316022257 -7.429919134 -0.041661902 0.021280648 0.770909980 0.635223758
1317401113.702852011 210.760030527 259.538579476 -7.521712191 -0.040421880 0.019122628 0.771113460 0.635125522
1317401113.806579113 210.512732799 260.762324850 -7.611150284 -0.037988972 0.016681157 0.771275022 0.635148343
1317401113.910379887 210.263459185 261.988065103 -7.706071003 -0.038005050 0.014922703 0.771439757 0.634991048
1317401114.014190197 210.018841586 263.212804606 -7.794167609 -0.038442504 0.016359162 0.771325927 0.635067607
1317401114.117963076 209.770053445 264.430806239 -7.874907327 -0.038968916 0.016879643 0.771260790 0.635101012
1317401114.221703053 209.522986098 265.647231825 -7.965598583 -0.039768666 0.017151568 0.771187513 0.635133133
1317401114.325433969 209.282844334 266.854667123 -8.052690923 -0.040889697 0.018489420 0.771071105 0.635165746
1317401114.429179907 209.042251259 268.056942441 -8.136440854 -0.041366003 0.019788747 0.771060744 0.635108328
1317401114.532905102 208.801137412 269.243894389 -8.222020857 -0.041878865 0.019939066 0.771020436 0.635118950
1317401114.636643887 208.559197381 270.422143400 -8.306280245 -0.041811988 0.019156476 0.771122774 0.635023192
1317401114.740406990 208.323448754 271.588333233 -8.391860614 -0.041646177 0.017681252 0.771083171 0.635124958
1317401114.844156981 208.089156794 272.744278633 -8.481386739 -0.041747044 0.017233865 0.771168743 0.635026731
1317401114.947882891 207.858625466 273.897092929 -8.568890225 -0.042569689 0.017802142 0.771128471 0.635005344
1317401115.051634073 207.630288006 275.025464226 -8.650873722 -0.043192921 0.019158217 0.771228413 0.634802386
1317401115.155407906 207.409994987 276.126238348 -8.731250526 -0.043278215 0.021005605 0.771176229 0.634801532
1317401115.259181976 207.193128354 277.198954273 -8.814973307 -0.044255658 0.022334367 0.771399369 0.634417549
1317401115.362958193 206.977572163 278.262137241 -8.896578910 -0.045413995 0.023253843 0.771428181 0.634267600
1317401115.466732025 206.759639084 279.322894106 -8.970761638 -0.044162606 0.022580283 0.771753867 0.633984040
1317401115.570483923 206.545114059 280.366315990 -9.045099311 -0.040607350 0.018953138 0.772239990 0.633748546
1317401115.674235106 206.331897062 281.393480914 -9.124563442 -0.036974320 0.014441663 0.772693442 0.633537041
1317401115.777986050 206.120396459 282.404827429 -9.203851877 -0.034719096 0.011914604 0.773095486 0.633226654
1317401115.881712914 205.906112592 283.425973855 -9.274910774 -0.035311363 0.012219227 0.773222493 0.633032996
1317401115.985461950 205.690935715 284.441815842 -9.343079209 -0.037740216 0.014237170 0.773281863 0.632778112
1317401116.089211941 205.477222959 285.452363227 -9.405262661 -0.040209261 0.016332452 0.773308902 0.632542337
1317401116.192961931 205.265899380 286.451228490 -9.466582029 -0.041759600 0.017232234 0.773223390 0.632522550
1317401116.296737909 205.054923604 287.426377582 -9.536074154 -0.043991871 0.016640701 0.773009746 0.632648193
1317401116.400511980 204.851693247 288.387180715 -9.602556477 -0.045868980 0.015873642 0.772540686 0.633107378
1317401116.504287958 204.651876670 289.324097130 -9.668530199 -0.046778447 0.014571950 0.771801392 0.633973222
1317401116.608110905 204.458775878 290.235371268 -9.732272417 -0.046631656 0.012865423 0.770797269 0.635241324
1317401116.711982012 204.276125649 291.118604546 -9.797500502 -0.046252264 0.011270604 0.769519582 0.636846382
1317401116.815876007 204.097937334 291.984892406 -9.855523501 -0.045070609 0.010440025 0.767902742 0.638893594
1317401116.919820070 203.929975288 292.825683202 -9.911657799 -0.044030486 0.009219476 0.765230443 0.642182752
1317401117.023834229 203.776907670 293.641071282 -9.963632637 -0.042765761 0.008224463 0.761265535 0.646976223
1317401117.127921104 203.635396658 294.430920076 -10.013445176 -0.041891166 0.007730423 0.755638841 0.653601800
1317401117.232080936 203.512124689 295.196154114 -10.057235208 -0.041084744 0.008211181 0.748486429 0.661825268
1317401117.336281061 203.417329883 295.926672487 -10.097649806 -0.040079686 0.009811430 0.740075516 0.671256720
1317401117.440489054 203.345837363 296.638938147 -10.132390851 -0.039580775 0.011500040 0.730483225 0.681685682
1317401117.544723034 203.302010121 297.325778126 -10.165760412 -0.039359021 0.013616577 0.719728929 0.693004852
1317401117.649003029 203.279525543 297.992624342 -10.200379484 -0.039695921 0.016418264 0.707767656 0.705138014
1317401117.753283978 203.280316086 298.640107903 -10.233998981 -0.039595192 0.019518961 0.695018336 0.717635523
1317401117.857559919 203.302536539 299.268624876 -10.266527381 -0.039353755 0.022337965 0.681221570 0.730677405
1317401117.961884975 203.342597913 299.882185091 -10.297874821 -0.038470546 0.023832815 0.665917952 0.744651123
1317401118.066212893 203.409862141 300.487237192 -10.332625231 -0.037454578 0.024069502 0.649250784 0.759270197
1317401118.170540094 203.504498679 301.084368469 -10.373768988 -0.037197259 0.023965370 0.630944720 0.774564901
1317401118.274889946 203.622826924 301.672805593 -10.414840341 -0.036809063 0.024344557 0.611213431 0.790234508
1317401118.379199028 203.775923062 302.250053448 -10.460932499 -0.036062417 0.024541076 0.591126237 0.805398665
1317401118.483431101 203.955913950 302.823588646 -10.490958641 -0.032925782 0.025254390 0.570557030 0.820208988
1317401118.587654114 204.152746928 303.375186394 -10.526818261 -0.032013492 0.023351543 0.550018919 0.834211622
1317401118.691860914 204.377394142 303.916090484 -10.566294532 -0.031810144 0.022780178 0.528824474 0.847828906
1317401118.796020985 204.637682380 304.454010053 -10.602605473 -0.032310378 0.023272411 0.507463322 0.860752817
1317401118.900182962 204.920939911 304.972385987 -10.651450344 -0.032812643 0.025045798 0.486306511 0.872812704
1317401119.004310131 205.223399004 305.476216904 -10.679463281 -0.031995093 0.027860786 0.464825590 0.884385245
1317401119.108396053 205.559538094 305.977114145 -10.710960831 -0.032548386 0.027877518 0.443537235 0.895230790
1317401119.212460041 205.920006041 306.468544931 -10.742732864 -0.033494738 0.027099880 0.422224763 0.905466702
1317401119.316521883 206.302637898 306.950928129 -10.790169621 -0.034160619 0.026492577 0.400619209 0.915224259
1317401119.420558929 206.715763490 307.407250040 -10.837196863 -0.031747372 0.026708713 0.379593875 0.924222505
1317401119.524571896 207.157434310 307.859649736 -10.877558295 -0.028642157 0.025694380 0.359386977 0.932394995
1317401119.628571033 207.620757415 308.301023730 -10.912502314 -0.026973650 0.023868101 0.339426202 0.939942865
1317401119.732542038 208.117529335 308.729393312 -10.952687436 -0.026822020 0.021440587 0.320583116 0.946597774
1317401119.836477995 208.648032613 309.143267765 -10.992532708 -0.026490459 0.019807319 0.302237577 0.952658581
1317401119.940383911 209.189871650 309.544977960 -11.030522037 -0.027514108 0.018991570 0.283797636 0.958301203
1317401120.044308901 209.757917831 309.941165663 -11.060796438 -0.030091438 0.018706131 0.265445411 0.963474608
1317401120.148180008 210.350238538 310.325630949 -11.096838802 -0.032400667 0.017916078 0.247734599 0.968120230
1317401120.251995087 210.982462249 310.687510704 -11.127394989 -0.033869715 0.015858700 0.231119631 0.972206285
1317401120.355820894 211.640904939 311.036051730 -11.159017936 -0.034949986 0.013389261 0.215545183 0.975776358
1317401120.459600925 212.321094030 311.374453106 -11.192604304 -0.037392886 0.010887228 0.202052219 0.978600093
1317401120.563275099 213.040639322 311.690409019 -11.224904014 -0.040052362 0.009160193 0.191034148 0.980723128
1317401120.666933060 213.775717192 311.997615922 -11.255367004 -0.042836648 0.008726898 0.181562336 0.982407238
1317401120.770612955 214.540086902 312.288032885 -11.278429079 -0.045810641 0.008676162 0.172797366 0.983853231
1317401120.874319077 215.319731230 312.582492019 -11.306053146 -0.048765346 0.008342642 0.164120114 0.985198929
1317401120.978020906 216.125137029 312.866722189 -11.332414471 -0.050821718 0.008007508 0.155341774 0.986520130
1317401121.081715107 216.943117076 313.144919865 -11.358425044 -0.052336452 0.007871687 0.146659978 0.987770106
1317401121.185442924 217.775850359 313.404889501 -11.382203636 -0.053027360 0.007898283 0.138632604 0.988891661
1317401121.289122105 218.626246427 313.661166630 -11.405708265 -0.052790019 0.007917541 0.132276720 0.989774417
1317401121.392775059 219.492404452 313.912597572 -11.426864482 -0.051888140 0.007934077 0.127521207 0.990445866
1317401121.496453047 220.383485827 314.152617766 -11.447366435 -0.051375959 0.007549652 0.124015770 0.990920583
1317401121.600142002 221.290729369 314.387866946 -11.468598873 -0.051490697 0.006922060 0.121227124 0.991264232
1317401121.703849077 222.215811587 314.628711496 -11.489029714 -0.051831466 0.006293316 0.118085151 0.991629866
1317401121.807576180 223.149291479 314.866470483 -11.511010304 -0.052055136 0.006236655 0.115431719 0.991930887
1317401121.911298037 224.107954573 315.101123912 -11.530601032 -0.051121699 0.006994024 0.113288076 0.992221481
1317401122.015014887 225.076174631 315.337833235 -11.547436858 -0.050093158 0.008343057 0.111687882 0.992444903
1317401122.118742943 226.060986647 315.563841335 -11.566714178 -0.049449751 0.009731189 0.110998466 0.992541872
1317401122.222523928 227.043876184 315.789375199 -11.586552478 -0.048871548 0.011158204 0.110167979 0.992648016
1317401122.326326132 228.031588866 316.018502733 -11.604590099 -0.048281498 0.012021778 0.109133370 0.992781084
1317401122.430128098 229.010874780 316.245431194 -11.625462752 -0.048334833 0.011999509 0.108449941 0.992853648
1317401122.533946037 229.998239581 316.478128716 -11.650404353 -0.047914868 0.012009866 0.107377336 0.992990451
1317401122.637768030 230.983618584 316.699821955 -11.669548120 -0.047210347 0.011970065 0.106317004 0.993138759
1317401122.741590023 231.966780872 316.921780778 -11.691610229 -0.047216777 0.011777850 0.104995345 0.993281348
1317401122.845412016 232.949408201 317.140178693 -11.712475825 -0.046946772 0.011788615 0.103482921 0.993452724
1317401122.949234962 233.947685815 317.355646909 -11.733167413 -0.046853636 0.012250016 0.102022872 0.993602540
1317401123.053059101 234.950415837 317.573416956 -11.754645745 -0.046282714 0.012948250 0.100532096 0.993772384
1317401123.156883001 235.938888940 317.786653864 -11.775865374 -0.045894247 0.013554476 0.099329850 0.993903202
1317401123.260704994 236.920394559 317.997870016 -11.797574448 -0.045498869 0.013661648 0.098372949 0.994015078
1317401123.364506006 237.899792260 318.205063269 -11.818214533 -0.045361804 0.013162290 0.097637059 0.994100631
1317401123.468303919 238.869360184 318.410903286 -11.838755093 -0.045407385 0.012888805 0.096842764 0.994179826
1317401123.572129965 239.845794139 318.606439034 -11.860494932 -0.046004762 0.013204113 0.095880673 0.994241475
1317401123.675930023 240.823545011 318.808967355 -11.882599008 -0.046113167 0.013957448 0.094810356 0.994328800
1317401123.779727936 241.789422107 319.000463333 -11.902193030 -0.045784497 0.014306814 0.093885053 0.994426816
1317401123.883527279 242.745507765 319.188508271 -11.922326740 -0.045757797 0.014393544 0.093124664 0.994498289
1317401123.987302065 243.704411540 319.372401989 -11.945154174 -0.045770411 0.014563685 0.092384022 0.994564307
1317401124.091075897 244.649431214 319.561705363 -11.965307722 -0.045366927 0.014802928 0.091339643 0.994675718
1317401124.194849968 245.580401125 319.743753659 -11.986109635 -0.045270057 0.014841173 0.090579403 0.994749081
1317401124.298649073 246.495000670 319.921385979 -12.005686598 -0.045432724 0.014472721 0.089924250 0.994806533
1317401124.402472019 247.396138088 320.090943228 -12.025529734 -0.046093065 0.013714519 0.089101839 0.994860897
1317401124.506295919 248.288603753 320.264086604 -12.044977024 -0.046441283 0.012880648 0.088023020 0.994951880
1317401124.610117912 249.177373004 320.428632640 -12.061993797 -0.047014393 0.012636504 0.086817607 0.995034004
1317401124.713964939 250.051371086 320.592211318 -12.079801136 -0.047633208 0.012984918 0.085102515 0.995148246
1317401124.817812920 250.916339352 320.750619503 -12.095631762 -0.047620971 0.013541317 0.083302317 0.995293725
1317401124.921658039 251.767739405 320.903173163 -12.111298854 -0.047722942 0.013676170 0.081142169 0.995465435
1317401125.025552034 252.615957930 321.046839138 -12.127024551 -0.048101249 0.013611865 0.078375132 0.995669787
1317401125.129471064 253.448165416 321.182748702 -12.143353632 -0.048731900 0.013750963 0.074933392 0.995902154
1317401125.233412981 254.264367859 321.310639543 -12.157885884 -0.049451268 0.013918893 0.070343655 0.996199080
1317401125.337378979 255.069491431 321.434539488 -12.174478762 -0.050547749 0.013738401 0.064285702 0.996555834
1317401125.441370964 255.870220033 321.541106270 -12.188448412 -0.051084024 0.013348517 0.057543063 0.996945854
1317401125.545409679 256.649614583 321.631693285 -12.201236921 -0.051362865 0.012841133 0.049717783 0.997359064
1317401125.649471998 257.426281695 321.708655904 -12.211927444 -0.051764616 0.012425687 0.040578809 0.997757178
1317401125.753536940 258.187421580 321.770470617 -12.224643548 -0.051537933 0.013005387 0.030279660 0.998127168
1317401125.857623100 258.939546731 321.817894428 -12.238986626 -0.049424746 0.014478673 0.018787750 0.998496161
1317401125.961733103 259.674921202 321.850917263 -12.243350976 -0.045650498 0.014882074 0.006326062 0.998826580
1317401126.065865040 260.402271755 321.846417269 -12.245498026 -0.042034847 0.014367263 -0.006409514 0.998992278
1317401126.170001984 261.113954283 321.836377187 -12.251811421 -0.038399512 0.012622998 -0.021034286 0.998961309
1317401126.274138927 261.822727634 321.805107105 -12.256532095 -0.033323861 0.010788320 -0.036416199 0.998722681
1317401126.378297091 262.513912855 321.752271879 -12.256043187 -0.028928460 0.009745188 -0.052962577 0.998129822
1317401126.482455969 263.202085843 321.671696095 -12.251452556 -0.025246820 0.009260805 -0.069863104 0.997194054
1317401126.586615086 263.878289455 321.570854791 -12.247306891 -0.022111089 0.009151401 -0.087183384 0.995904819
1317401126.690773010 264.541199861 321.448539563 -12.239387725 -0.019677867 0.008433978 -0.104915973 0.994250616
1317401126.794929981 265.189147295 321.310304453 -12.231581411 -0.019256576 0.007764994 -0.124299752 0.992027450
1317401126.899090290 265.814504760 321.149279972 -12.227725809 -0.019521177 0.007160971 -0.144374461 0.989304634
1317401127.003249884 266.419166289 320.973649931 -12.222753242 -0.021222513 0.005728502 -0.165374291 0.985985869
1317401127.107431889 267.002906896 320.777797122 -12.222418881 -0.023117707 0.002446303 -0.187886895 0.981915527
1317401127.211663008 267.573324177 320.557069575 -12.209975823 -0.022997174 0.000079090 -0.212253768 0.976943940
1317401127.315917015 268.138337215 320.295208976 -12.203964023 -0.022213905 -0.001655832 -0.237378287 0.971161855
1317401127.420147896 268.680146936 320.009320496 -12.187206113 -0.020814288 -0.003489931 -0.262844233 0.964607430
1317401127.524332047 269.204823537 319.701811394 -12.169910406 -0.020499062 -0.004541192 -0.288019648 0.957394302
1317401127.628490925 269.715865326 319.365764604 -12.145864859 -0.020569055 -0.004942019 -0.312424798 0.949706921
1317401127.732626915 270.208466091 319.008528950 -12.129839490 -0.022093192 -0.005726446 -0.336523161 0.941398566
1317401127.836690903 270.681221177 318.630819016 -12.106526676 -0.023143731 -0.007159587 -0.360693905 0.932369570
1317401127.940754890 271.133279585 318.226560390 -12.088683264 -0.024792410 -0.008611308 -0.383860952 0.923017850
1317401128.044807911 271.561609428 317.800598592 -12.060668193 -0.025733588 -0.010645222 -0.406230075 0.913346368
1317401128.148776054 271.978883358 317.342951886 -12.033827108 -0.026751569 -0.012303735 -0.426886924 0.903825495
1317401128.252701044 272.382755198 316.873219339 -11.999862137 -0.027512063 -0.012388281 -0.446304891 0.894372160
1317401128.356591940 272.763651898 316.377593688 -11.960924290 -0.028609337 -0.010979898 -0.464375733 0.885107975
1317401128.460442066 273.131815875 315.855753736 -11.931611222 -0.029624102 -0.008419636 -0.481400121 0.875959728
1317401128.564266920 273.487664916 315.313884835 -11.900667612 -0.028319119 -0.007438822 -0.497580651 0.866923403
1317401128.668061972 273.824178488 314.753394745 -11.861916961 -0.027250489 -0.008190664 -0.512460188 0.858239407
1317401128.771835089 274.146052239 314.173376835 -11.822015192 -0.027110858 -0.008885602 -0.526591199 0.849639780
1317401128.875586033 274.458640814 313.575153876 -11.788397674 -0.030449563 -0.008738642 -0.540183684 0.840950681
1317401128.979337931 274.761680712 312.954875048 -11.762913615 -0.032911041 -0.008333711 -0.552887178 0.832564221
1317401129.083066225 275.041553267 312.309965945 -11.726603668 -0.031722838 -0.008178799 -0.564269089 0.824940703
1317401129.186768055 275.305345582 311.644106192 -11.685200927 -0.029786563 -0.008397856 -0.574806575 0.817703882
1317401129.290468931 275.557826696 310.973008588 -11.642500064 -0.028672063 -0.009204085 -0.584075394 0.811140636
1317401129.394124985 275.801886642 310.279270311 -11.600150064 -0.027893302 -0.009990711 -0.591437806 0.805806100
1317401129.497755051 276.037116431 309.572090896 -11.556518730 -0.027498654 -0.010657504 -0.597717253 0.801164357
1317401129.601408005 276.259032492 308.858344703 -11.512912908 -0.027499114 -0.010330102 -0.602953251 0.797235514
1317401129.705063820 276.482046441 308.130256829 -11.469282171 -0.027173889 -0.009577651 -0.607648221 0.793683494
1317401129.808721066 276.696243787 307.391927178 -11.424476353 -0.026261348 -0.008969163 -0.611894197 0.790452647
1317401129.912424088 276.899788099 306.638820796 -11.380388716 -0.025406961 -0.008729172 -0.615704916 0.787518726
1317401130.016149998 277.096198979 305.868626383 -11.334827030 -0.024903273 -0.008994136 -0.619362098 0.784658859
1317401130.119853020 277.288741277 305.090297886 -11.293464986 -0.025015067 -0.008877277 -0.623225536 0.781591563
1317401130.223556042 277.472101226 304.290825085 -11.251776939 -0.025579087 -0.008881477 -0.626303394 0.779109035
1317401130.327281952 277.652649536 303.481611818 -11.207879886 -0.025510793 -0.009335342 -0.629800540 0.776281734
1317401130.431009054 277.833806444 302.651263134 -11.161708811 -0.024747892 -0.010128904 -0.633038765 0.773658109
1317401130.534737110 278.005816504 301.826278034 -11.116072909 -0.024311172 -0.010491099 -0.636027298 0.771212150
1317401130.638438940 278.182490055 300.982409380 -11.067722455 -0.023977629 -0.010552175 -0.638804968 0.768922582
1317401130.742141008 278.345514675 300.128268894 -11.017254814 -0.023711560 -0.010385168 -0.641347588 0.766813655
1317401130.845866919 278.505199625 299.273308017 -10.968073963 -0.023010186 -0.010490609 -0.643692756 0.764866076
1317401130.949594975 278.658616536 298.417354407 -10.920257880 -0.022269844 -0.010736977 -0.646804713 0.762254836
1317401131.053297997 278.811260206 297.540685291 -10.871911194 -0.021551980 -0.011417240 -0.648776628 0.760587961
1317401131.157000303 278.951284383 296.668949728 -10.819578932 -0.020307709 -0.012964316 -0.650910070 0.758772433
1317401131.260699987 279.087596510 295.780096916 -10.765289924 -0.019568467 -0.014124966 -0.652126359 0.757726054
1317401131.364403963 279.234643730 294.894135336 -10.712888948 -0.018077070 -0.015356222 -0.652632066 0.757303633
1317401131.468132019 279.367115043 294.002990215 -10.659301693 -0.017638056 -0.016861994 -0.653067617 0.756906375
1317401131.571835995 279.509092298 293.119208445 -10.601540699 -0.017763637 -0.019343342 -0.653553783 0.756424313
1317401131.675539017 279.654126302 292.228580474 -10.544311484 -0.018354760 -0.022055403 -0.653963048 0.755982139
1317401131.779240847 279.787730279 291.342013153 -10.490948166 -0.018587886 -0.022622220 -0.653704945 0.756182895
1317401131.882942915 279.916348401 290.453490577 -10.432291372 -0.017473384 -0.022613936 -0.653183305 0.756660334
1317401131.986673117 280.041390980 289.574694387 -10.370516198 -0.016312746 -0.022265590 -0.652499215 0.757286545
1317401132.090399027 280.171694927 288.694542925 -10.308889651 -0.015564385 -0.022512035 -0.651446967 0.758200374
1317401132.194098949 280.306233062 287.812239515 -10.246483322 -0.014911530 -0.023024459 -0.650450604 0.759053049
1317401132.297801971 280.445588477 286.927605781 -10.185052697 -0.014189067 -0.023581717 -0.648588541 0.760641491
1317401132.401505947 280.577734825 286.047068035 -10.123182937 -0.013291144 -0.023771487 -0.647112342 0.761908052
1317401132.505207062 280.724478475 285.166984678 -10.061500476 -0.013148290 -0.023555261 -0.644828393 0.763851173
1317401132.608956814 280.870017317 284.289959499 -9.999671615 -0.012972278 -0.023289061 -0.642500397 0.765821506
1317401132.712735891 281.035680917 283.409544647 -9.940777907 -0.012931243 -0.023066596 -0.639899903 0.768003144
1317401132.816510916 281.198451565 282.544036901 -9.882680454 -0.012746542 -0.022403054 -0.637464789 0.770048227
1317401132.920283079 281.370554860 281.679479589 -9.822073139 -0.013004976 -0.021834650 -0.635233605 0.771901798
1317401133.024058104 281.546239342 280.821411299 -9.762338929 -0.013822516 -0.021832742 -0.633195033 0.773560805
1317401133.127856016 281.725871759 279.955618684 -9.705197266 -0.014549698 -0.021863398 -0.631851300 0.774644585
1317401133.231678963 281.911519577 279.092265864 -9.647116245 -0.015314332 -0.021433155 -0.630997227 0.775337727
1317401133.335478067 282.099457357 278.219269937 -9.588883267 -0.015416655 -0.021162501 -0.630238749 0.775959789
1317401133.439277172 282.279929990 277.368035554 -9.531272585 -0.015730045 -0.021004571 -0.629703284 0.776392393
1317401133.543100119 282.465270335 276.510799771 -9.474478873 -0.016086186 -0.020842824 -0.629137359 0.776848115
1317401133.646921873 282.650489471 275.661387023 -9.418895553 -0.016403058 -0.020397660 -0.628845500 0.777089578
1317401133.750745058 282.838677473 274.814026661 -9.364084492 -0.016828580 -0.019734857 -0.628954658 0.777009249
1317401133.854569912 283.024462871 273.969255622 -9.308852302 -0.016821729 -0.019044015 -0.628793501 0.777157055
1317401133.958417892 283.208606713 273.127173782 -9.253721619 -0.017366176 -0.018258323 -0.628945401 0.777041010
1317401134.062288046 283.397319685 272.269786958 -9.197201270 -0.018010143 -0.018017471 -0.629884843 0.776270629
1317401134.166157961 283.584860171 271.428170647 -9.141839439 -0.018853031 -0.017515329 -0.631312812 0.775101226
1317401134.270028114 283.761355257 270.586228371 -9.088342177 -0.019069137 -0.017203183 -0.632696938 0.773973516
1317401134.373872995 283.937902618 269.726368934 -9.033078186 -0.018816858 -0.017125918 -0.634219388 0.772734363
1317401134.477720022 284.110775367 268.883093509 -8.980606922 -0.018679397 -0.017198224 -0.635565919 0.771628968
1317401134.581592083 284.282929064 268.020783980 -8.922674511 -0.018384522 -0.018019668 -0.636766279 0.770627022
1317401134.685440063 284.448884740 267.171479215 -8.869664264 -0.018006935 -0.017875271 -0.637621546 0.769931808
1317401134.789263964 284.615914716 266.326182584 -8.814821767 -0.017941068 -0.017462126 -0.638285046 0.769392872
1317401134.893085003 284.779702004 265.487676930 -8.761921980 -0.017800550 -0.017173635 -0.638864331 0.768921695
1317401134.996906996 284.946256155 264.627848731 -8.706323425 -0.017498691 -0.017782805 -0.639040768 0.768768147
1317401135.100707054 285.106999978 263.785156711 -8.651952704 -0.017144915 -0.018304418 -0.639079043 0.768732058
1317401135.204482079 285.265486375 262.940389594 -8.597768858 -0.016459542 -0.018829983 -0.638569383 0.769157759
1317401135.308254957 285.427121498 262.096259007 -8.542046192 -0.016390040 -0.019548413 -0.637713114 0.769851421
1317401135.412005901 285.589276752 261.256208066 -8.485178127 -0.016092777 -0.020113548 -0.636445137 0.770891728
1317401135.515758991 285.754538264 260.409270064 -8.429219359 -0.015337269 -0.020537738 -0.635043484 0.772050998
1317401135.619509935 285.921429768 259.568532444 -8.373961959 -0.014785844 -0.020076095 -0.633705038 0.773172848
1317401135.723258972 286.096241716 258.728831694 -8.318057501 -0.014572865 -0.019144782 -0.632419361 0.774252453
1317401135.827033043 286.278125932 257.891405098 -8.264764896 -0.014024659 -0.018306267 -0.631133533 0.775331318
1317401135.930809021 286.454141194 257.065004684 -8.213765095 -0.013420664 -0.016840610 -0.630203193 0.776131571
1317401136.034581900 286.640332869 256.228658606 -8.162918624 -0.012600329 -0.015400978 -0.629317519 0.776893495
1317401136.138356924 286.819861576 255.400893803 -8.111260642 -0.012415650 -0.014674423 -0.628506750 0.777566575
1317401136.242157936 287.004554707 254.572355785 -8.061950603 -0.012564536 -0.014961769 -0.628002019 0.777966415
1317401136.345978975 287.190591881 253.745498155 -8.017706133 -0.013315736 -0.015039397 -0.627971033 0.777977435
1317401136.449826002 287.375580205 252.910053185 -7.973179000 -0.013911330 -0.015231475 -0.628175587 0.777798116
1317401136.553672075 287.557606401 252.082690525 -7.925110229 -0.014695328 -0.015369649 -0.628296032 0.777683687
1317401136.657471895 287.732526220 251.266224088 -7.876709763 -0.014618450 -0.015622663 -0.628467069 0.777541881
1317401136.761271000 287.908177522 250.441494403 -7.828905049 -0.014220617 -0.015477391 -0.628556399 0.777479953
1317401136.865093946 288.083759752 249.625906530 -7.780427138 -0.014118407 -0.014990760 -0.628470266 0.777560976
1317401136.968892813 288.261953083 248.817238200 -7.733889584 -0.014184973 -0.014454645 -0.628231511 0.777762829
1317401137.072691917 288.442154135 247.990548418 -7.688618913 -0.014753907 -0.013772533 -0.627898291 0.778033660
1317401137.176537037 288.619117910 247.171524006 -7.643660604 -0.015396906 -0.013685646 -0.627842177 0.778068017
1317401137.280383348 288.795918981 246.356227111 -7.596953253 -0.015727571 -0.013787917 -0.627925943 0.777991997
1317401137.384229898 288.981726307 245.537002971 -7.551549500 -0.015725493 -0.013816985 -0.627711696 0.778164396
1317401137.488076687 289.163465531 244.722743547 -7.507627596 -0.015629062 -0.014222931 -0.627066034 0.778679414
1317401137.591923952 289.346051613 243.905009108 -7.463492804 -0.015394218 -0.014740367 -0.625863360 0.779641453
1317401137.695795059 289.525257154 243.093536305 -7.417919567 -0.015591944 -0.015016956 -0.624917885 0.780390299
1317401137.799665928 289.713096605 242.294161584 -7.372023320 -0.016334452 -0.014743121 -0.623801039 0.781273377
1317401137.903537035 289.906533602 241.483595389 -7.326367304 -0.017378669 -0.014282355 -0.622941120 0.781945239
1317401138.007409096 290.105341542 240.657967687 -7.279477665 -0.018157828 -0.014145871 -0.622044719 0.782643313
1317401138.111279011 290.308453878 239.820104276 -7.232238762 -0.018606822 -0.013753420 -0.621325292 0.783211026
1317401138.215173006 290.506156415 238.990459173 -7.185689639 -0.018795058 -0.013265740 -0.620554485 0.783825808
1317401138.319068909 290.714281776 238.156909786 -7.138849320 -0.019376274 -0.013361953 -0.619878247 0.784344935
1317401138.422962904 290.925116473 237.302598613 -7.090434624 -0.020996443 -0.013587188 -0.619421726 0.784659966
1317401138.526881933 291.132362095 236.483798871 -7.046102560 -0.022642253 -0.013886186 -0.619023970 0.784922816
1317401138.630822897 291.343707540 235.635999811 -6.997909245 -0.023546118 -0.013746963 -0.618882562 0.785010176
1317401138.734765053 291.556769363 234.789720503 -6.947703951 -0.023899534 -0.012767665 -0.619133156 0.784818408
1317401138.838710070 291.771289319 233.920851258 -6.896488384 -0.024019216 -0.011441345 -0.620107104 0.784065911
1317401138.942676067 291.985034677 233.041878673 -6.841709855 -0.024631065 -0.010678480 -0.621237366 0.783162446
1317401139.046618223 292.192572448 232.182109473 -6.792245557 -0.025206199 -0.011181244 -0.622450601 0.782173175
1317401139.150585890 292.404766978 231.295561382 -6.740120623 -0.025884870 -0.011914637 -0.623937756 0.780954347
1317401139.254580021 292.615323710 230.408529421 -6.688795522 -0.026446207 -0.011846080 -0.626101135 0.779203206
1317401139.358568907 292.820464402 229.511462940 -6.634311103 -0.026874781 -0.011199813 -0.628862934 0.776970862
1317401139.462579966 293.021837497 228.608026140 -6.578993765 -0.026718306 -0.010783113 -0.631541133 0.774806849
1317401139.566570997 293.222797556 227.679361120 -6.522257871 -0.026203753 -0.010850129 -0.634220827 0.772631594
1317401139.670538902 293.405316031 226.767673635 -6.468108510 -0.025519114 -0.011099850 -0.636778561 0.770544374
1317401139.774482012 293.583261863 225.837099806 -6.409270992 -0.024886349 -0.011441179 -0.639003461 0.768716037
1317401139.878398895 293.760364648 224.906031232 -6.350525593 -0.024241062 -0.011482071 -0.640705457 0.767318089
1317401139.982299089 293.932631230 223.965877662 -6.291943121 -0.023428402 -0.010971694 -0.641852913 0.766391265
1317401140.086170912 294.101980307 223.035229818 -6.232517716 -0.022176728 -0.010861833 -0.642705810 0.765714996
1317401140.190040112 294.272354572 222.094925105 -6.171228099 -0.021667397 -0.010806443 -0.643247518 0.765275359
1317401140.293910980 294.436484160 221.180513496 -6.116080238 -0.021790955 -0.010869574 -0.643878114 0.764740467
1317401140.397753954 294.609718586 220.238382489 -6.061336940 -0.021975299 -0.011034771 -0.644609253 0.764116634
1317401140.501604080 294.769233221 219.331351745 -6.008096693 -0.021693701 -0.010864561 -0.645261154 0.763576708
1317401140.605477095 294.928493136 218.416709387 -5.952863890 -0.021282298 -0.010512759 -0.646060631 0.762916907
1317401140.709343910 295.082741231 217.516715724 -5.898071699 -0.020941503 -0.010439854 -0.646595525 0.762474059
1317401140.813213110 295.245104245 216.593852062 -5.839728959 -0.021028746 -0.010727092 -0.647425026 0.761763452
1317401140.917083979 295.392727825 215.721469278 -5.788223792 -0.020783213 -0.010699987 -0.648555264 0.760808542
1317401141.020977974 295.539238414 214.826042098 -5.734880148 -0.020104914 -0.010979878 -0.650119045 0.759486973
1317401141.124874353 295.681977447 213.948162867 -5.680764163 -0.019858194 -0.011031711 -0.651552243 0.758263561
1317401141.228744984 295.817321248 213.082210230 -5.628270791 -0.019491940 -0.012040093 -0.652763720 0.757215047
1317401141.332638025 295.950235238 212.209800100 -5.575394595 -0.019240928 -0.013730750 -0.654083391 0.756053021
1317401141.436533928 296.083598870 211.319165575 -5.523290652 -0.018857680 -0.014810331 -0.655216893 0.755060173
1317401141.540380001 296.215910653 210.434543558 -5.473067235 -0.017523259 -0.014808723 -0.655777588 0.754605455
1317401141.644226074 296.336446094 209.572802444 -5.423298675 -0.015609914 -0.014135795 -0.655974178 0.754489488
1317401141.748073101 296.455243468 208.714106795 -5.368658442 -0.014312849 -0.014501758 -0.655855253 0.754611641
1317401141.851870060 296.584047979 207.846011071 -5.315097912 -0.014246818 -0.015739647 -0.655100670 0.755243274
1317401141.955646992 296.714736125 206.974730253 -5.265293527 -0.014360987 -0.016704163 -0.653869175 0.756286874
1317401142.059421301 296.841341035 206.125886612 -5.216591032 -0.013584731 -0.017402109 -0.652323769 0.757618850
1317401142.163175106 296.976457729 205.264796479 -5.164860255 -0.012798350 -0.017593572 -0.649993706 0.759628100
1317401142.266926050 297.118269245 204.413440705 -5.114314698 -0.011939067 -0.017725453 -0.647346140 0.761896478
1317401142.370721102 297.265441413 203.554758041 -5.066140108 -0.011336223 -0.017122128 -0.644396042 0.764416159
1317401142.474541903 297.417590645 202.693103683 -5.019693532 -0.010291664 -0.015886258 -0.641614956 0.766793295
1317401142.578366041 297.579647322 201.821466803 -4.972591902 -0.009656144 -0.014728634 -0.638658830 0.769288454
1317401142.682166100 297.744436828 200.977041652 -4.929174665 -0.009817791 -0.014970134 -0.635438427 0.771943982
1317401142.785965919 297.918293838 200.123325462 -4.886615072 -0.009761421 -0.015783356 -0.632157187 0.774617901
1317401142.889765024 298.096240461 199.257168912 -4.845941357 -0.010134538 -0.016436207 -0.628793635 0.777332430
1317401142.993540049 298.283154508 198.396954693 -4.804695545 -0.010577723 -0.015573415 -0.625824782 0.779736445
1317401143.097340107 298.486929476 197.522659348 -4.759839806 -0.010934096 -0.014759231 -0.622683502 0.782258184
1317401143.201138020 298.690851371 196.668309854 -4.714855427 -0.011464952 -0.013773819 -0.619355724 0.784905933
1317401143.304936886 298.914426254 195.803770404 -4.671823473 -0.012370085 -0.012707009 -0.616384971 0.787245248
1317401143.408760071 299.136137342 194.945675575 -4.630240946 -0.013914932 -0.011491547 -0.614094989 0.789025768
1317401143.512606859 299.362761317 194.084622653 -4.588247679 -0.015860155 -0.010302682 -0.612915969 0.789921721
1317401143.616477013 299.594116201 193.218271601 -4.545754501 -0.016972969 -0.009367467 -0.612001591 0.790618885
1317401143.720347881 299.828153102 192.348827039 -4.505052219 -0.017925046 -0.008336141 -0.611358378 0.791106905
1317401143.824219942 300.066733798 191.466330046 -4.462254860 -0.017881123 -0.007799340 -0.610669175 0.791645498
1317401143.928088903 300.299816972 190.590021353 -4.416013564 -0.017756142 -0.007655830 -0.610093683 0.792093306
1317401144.031981707 300.540959056 189.715179040 -4.370622046 -0.017862885 -0.007094702 -0.609885265 0.792256616
1317401144.135904074 300.785574245 188.839830763 -4.328411888 -0.019198002 -0.005745886 -0.610236311 0.791965950
1317401144.239845037 301.027144833 187.961340273 -4.287743973 -0.020523372 -0.004655729 -0.611434664 0.791015023
1317401144.343788147 301.268780449 187.085791075 -4.245052816 -0.021910975 -0.004237740 -0.613140063 0.789658923
1317401144.447731018 301.505323487 186.214006608 -4.205832581 -0.022426737 -0.004005479 -0.615483427 0.787820505
1317401144.551721334 301.732867684 185.337235490 -4.162672152 -0.022916245 -0.004229268 -0.618167679 0.785700757
1317401144.655689001 301.950707376 184.462185466 -4.119296052 -0.023288173 -0.004515076 -0.621279763 0.783229680
1317401144.759630919 302.165956524 183.590622795 -4.076953578 -0.023871891 -0.004727647 -0.624303348 0.780802864
1317401144.863598108 302.372855889 182.712059393 -4.033066467 -0.024495743 -0.005112128 -0.627456966 0.778249048
1317401144.967564106 302.572513340 181.838751046 -3.987160434 -0.024774064 -0.005622703 -0.631191658 0.775210760
1317401145.071529865 302.760364002 180.964255204 -3.940335224 -0.025363586 -0.006079249 -0.635168076 0.771933447
1317401145.175497055 302.941424342 180.100974074 -3.891655971 -0.025829580 -0.006048523 -0.639218267 0.768567665
1317401145.279463053 303.109596388 179.229574588 -3.845126379 -0.025053495 -0.005701456 -0.643194362 0.765271735
1317401145.383407116 303.262036452 178.357011615 -3.795881151 -0.024013158 -0.005612732 -0.647327737 0.761812750
1317401145.487349987 303.404054510 177.491275793 -3.745459653 -0.022782544 -0.006144099 -0.651241469 0.758503629
1317401145.591291904 303.537642293 176.625364432 -3.696849470 -0.022467013 -0.007281020 -0.655147639 0.755131638
1317401145.695209026 303.661793794 175.765686952 -3.649753940 -0.021452216 -0.008601070 -0.658739613 0.752015921
1317401145.799127102 303.776139417 174.905071531 -3.601685306 -0.019998855 -0.009938121 -0.661782621 0.749363091
1317401145.902998924 303.879932611 174.054134568 -3.552594817 -0.017941780 -0.011427476 -0.663974484 0.747452601
1317401146.006820917 303.980266338 173.205947314 -3.503212059 -0.015863148 -0.012197729 -0.665443317 0.746180118
1317401146.110646009 304.077402505 172.363265136 -3.454997358 -0.013741653 -0.012593823 -0.666594790 0.745187191
1317401146.214467049 304.173062756 171.523308458 -3.406762843 -0.012030838 -0.013275514 -0.667471848 0.744419473
1317401146.318289995 304.264282066 170.697676040 -3.362123402 -0.010595945 -0.014209309 -0.667911858 0.744029281
1317401146.422091007 304.351844527 169.890978514 -3.317174078 -0.009450004 -0.015565413 -0.668082085 0.743864735
1317401146.525866032 304.438888722 169.109385801 -3.274256722 -0.008382909 -0.016278147 -0.667906490 0.744019939
1317401146.629642010 304.519319470 168.351627631 -3.233419232 -0.007372134 -0.016626511 -0.667642705 0.744259651
1317401146.733417034 304.602103128 167.618139492 -3.192441845 -0.006446222 -0.017196732 -0.667258450 0.744599812
1317401146.837188959 304.682367711 166.904476465 -3.151845712 -0.005603661 -0.017554929 -0.666876627 0.744940258
1317401146.940965891 304.758008746 166.218147013 -3.114394759 -0.004548602 -0.018039658 -0.666656675 0.745132712
1317401147.044761896 304.835407665 165.554937530 -3.076876805 -0.003779489 -0.018616246 -0.666382137 0.745368364
1317401147.148560047 304.905172480 164.922959361 -3.044311678 -0.003119133 -0.018489453 -0.666164143 0.745569410
1317401147.252335072 304.974971499 164.311789995 -3.009820878 -0.002313495 -0.018814639 -0.665844022 0.745850116
1317401147.356108904 305.040937434 163.724081561 -2.978036236 -0.001873731 -0.019111276 -0.665502295 0.746148741
1317401147.459884882 305.109906425 163.159657910 -2.947917933 -0.001655677 -0.019662108 -0.664947942 0.746629020
1317401147.563637018 305.175146617 162.612437246 -2.917308277 -0.001237199 -0.021215922 -0.664169395 0.747279980
1317401147.667365074 305.240150357 162.085561115 -2.888124109 -0.001139098 -0.022637737 -0.662817633 0.748437720
1317401147.771090031 305.303169017 161.579109534 -2.860568380 -0.001493220 -0.023235836 -0.660875643 0.750134155
1317401147.874814034 305.368302516 161.094931296 -2.837513569 -0.000150705 -0.023617370 -0.658364202 0.752328901
1317401147.978518009 305.434752377 160.630229368 -2.817860138 0.001083645 -0.022610065 -0.655203125 0.755113552
1317401148.082196951 305.500758386 160.185826530 -2.792699635 0.002910582 -0.022928229 -0.650856563 0.758848838
1317401148.185852051 305.574644892 159.746042756 -2.762971318 0.004096071 -0.024374373 -0.644889105 0.763876400
1317401148.289484024 305.650286326 159.315788660 -2.732587333 0.003575918 -0.025184075 -0.637213446 0.770267485
1317401148.393090010 305.742913567 158.895784276 -2.704347871 0.001564321 -0.025027927 -0.627604717 0.778128187
1317401148.496696949 305.851568142 158.485269168 -2.686186443 -0.000199867 -0.025321713 -0.615597641 0.787653677
1317401148.600352049 305.967852919 158.087587094 -2.674225354 -0.001736449 -0.024953962 -0.601760186 0.798285014
1317401148.704004049 306.095453038 157.697902668 -2.661206018 -0.002928636 -0.023682606 -0.586795150 0.809383722
1317401148.807660103 306.234033518 157.317934950 -2.642724864 -0.003605222 -0.021157853 -0.570480352 0.821030764
1317401148.911365986 306.389175772 156.953010641 -2.620384532 -0.004750650 -0.018002539 -0.553910452 0.832368039
1317401149.015068054 306.555693768 156.599147490 -2.595925053 -0.005540297 -0.014696490 -0.536713777 0.843618184
1317401149.118771315 306.731339903 156.261926269 -2.570251613 -0.007318799 -0.011761399 -0.518688336 0.854851165
1317401149.222520113 306.917370745 155.935946806 -2.549526813 -0.009629848 -0.010036287 -0.500238352 0.865776028
1317401149.326270103 307.114700634 155.622993132 -2.538972643 -0.011419205 -0.009575169 -0.481537344 0.876298867
1317401149.430011034 307.320699882 155.325647229 -2.529359477 -0.012009451 -0.009043623 -0.462252613 0.886620836
1317401149.533739090 307.536632353 155.030941016 -2.517224837 -0.011896700 -0.008130062 -0.442978536 0.896416414
1317401149.637475014 307.764223834 154.751745833 -2.502599305 -0.012837075 -0.006463977 -0.423774061 0.905653892
1317401149.741225958 308.004448335 154.480647204 -2.488634570 -0.014194219 -0.005566836 -0.404193644 0.914546353
1317401149.844979048 308.257602564 154.217038139 -2.476863988 -0.015896650 -0.005455487 -0.383935438 0.923206972
1317401149.948753119 308.529087460 153.959289446 -2.470950124 -0.016431493 -0.005878422 -0.363262206 0.931523494
1317401150.052500963 308.820068344 153.703741017 -2.465647979 -0.015085505 -0.007070658 -0.341581928 0.939704326
1317401150.156229019 309.132062725 153.454108739 -2.453663774 -0.012914419 -0.007961080 -0.319001295 0.947632847
1317401150.259979963 309.463186785 153.214124233 -2.434276009 -0.012378573 -0.008465448 -0.295851206 0.955116313
1317401150.363730907 309.818924734 152.987996104 -2.419165705 -0.014237907 -0.007667913 -0.271927145 0.962181954
1317401150.467458010 310.197658956 152.768293830 -2.412019923 -0.017123013 -0.006031598 -0.246935034 0.968861967
1317401150.571186066 310.603081641 152.563045421 -2.419595664 -0.018163839 -0.004562435 -0.222148428 0.974832978
1317401150.674936056 311.031080881 152.358869462 -2.416740829 -0.015567418 -0.004045005 -0.198035151 0.980062943
1317401150.778733015 311.482670164 152.163990232 -2.401607385 -0.012645068 -0.002656567 -0.174045246 0.984652882
1317401150.882580042 311.964738509 151.991627195 -2.379908321 -0.011506722 0.000583941 -0.151307549 0.988419587
1317401150.986474991 312.473915132 151.838011227 -2.371602647 -0.012400277 0.002886521 -0.129290064 0.991525078
1317401151.090418100 313.013445921 151.706293282 -2.377111248 -0.012928229 0.004056252 -0.109220678 0.993925174
1317401151.194360971 313.591240882 151.586725770 -2.386281701 -0.011515454 0.005922806 -0.090142464 0.995844692
1317401151.298304081 314.197143898 151.476480300 -2.387292060 -0.006886320 0.008236969 -0.071294274 0.997397542
1317401151.402296066 314.819927037 151.385934903 -2.389813067 -0.002934772 0.009221712 -0.052979271 0.998548719
1317401151.506283998 315.459682199 151.317763151 -2.392275985 -0.000450386 0.008375036 -0.034494450 0.999369696
1317401151.610253096 316.120037179 151.272655054 -2.396906020 0.001596115 0.007077375 -0.016325016 0.999840416
1317401151.714268923 316.803654063 151.252712713 -2.403092240 0.001749803 0.004771887 0.000609649 0.999986898
1317401151.818305969 317.492994192 151.257561217 -2.415886856 0.000505649 0.004017731 0.016652915 0.999853130
1317401151.922366858 318.214252537 151.285179628 -2.424387646 -0.000377961 0.005472293 0.030767805 0.999511507
1317401152.026478052 318.953575894 151.331764804 -2.431570400 -0.000624072 0.008964575 0.043861759 0.998997194
1317401152.130589008 319.718914763 151.403179029 -2.439099316 -0.000417211 0.012057594 0.055269246 0.998398593
1317401152.234724045 320.495659670 151.491206533 -2.451834335 -0.000971073 0.013692210 0.065439825 0.997762101
1317401152.338882923 321.291721179 151.598181956 -2.466526403 -0.000268224 0.013818642 0.074488580 0.997126083
1317401152.443017960 322.109059251 151.718005396 -2.482560435 0.000521571 0.011937531 0.082277342 0.996537838
1317401152.547152996 322.941192738 151.854481743 -2.502939762 0.001097370 0.010857194 0.089058620 0.995966606
1317401152.651335955 323.792892069 152.008130588 -2.524235267 -0.000184301 0.010805074 0.094676981 0.995449389
1317401152.755542040 324.660905164 152.176294869 -2.548952294 -0.001647404 0.013492572 0.098308453 0.995063156
1317401152.859747887 325.558599870 152.360013056 -2.566831408 -0.002074895 0.016821952 0.101011098 0.994740908
1317401152.964001894 326.464446908 152.550015757 -2.590328399 -0.003621658 0.018090851 0.101956592 0.994617745
1317401153.068281889 327.378056991 152.745173969 -2.607317040 -0.003967578 0.016412977 0.101163604 0.994726494
1317401153.172537088 328.305520918 152.937285078 -2.632270102 -0.002719754 0.013387231 0.099375477 0.994956230
1317401153.276767969 329.234253788 153.121671864 -2.659645443 -0.003767762 0.011926808 0.097695729 0.995137729
1317401153.380975962 330.180716004 153.313838488 -2.678348441 -0.003892094 0.012675704 0.095372339 0.995353352
1317401153.485181093 331.133757564 153.498990528 -2.693990848 -0.003627943 0.012752491 0.093293304 0.995550386
1317401153.589361906 332.102657645 153.682638540 -2.708048835 -0.002712327 0.011663066 0.090450621 0.995828952
1317401153.693496943 333.069945948 153.863959405 -2.731658850 -0.004532718 0.011526424 0.087169825 0.996116468
1317401153.797609329 334.050168551 154.040846456 -2.747524745 -0.004458958 0.014388068 0.084022238 0.996350021
1317401153.901695967 335.033730174 154.214866674 -2.770147504 -0.004342479 0.019524649 0.080588967 0.996546712
1317401154.005733967 336.013508687 154.381944961 -2.784855405 -0.001614714 0.022054757 0.078525864 0.996666779
1317401154.109750986 336.988433732 154.544988854 -2.804825643 0.000664274 0.020187188 0.076688312 0.996850510
1317401154.213768959 337.945356873 154.703027637 -2.827912222 0.001339315 0.015799858 0.075499627 0.997019748
1317401154.317759991 338.908294041 154.858854745 -2.852939933 -0.000540008 0.013220067 0.073808842 0.997184633
1317401154.421724081 339.877415812 155.012247353 -2.877484314 -0.003284303 0.014500313 0.072492441 0.997258141
1317401154.525690079 340.843733039 155.160466922 -2.897141292 -0.005298010 0.015800303 0.071628693 0.997292140
1317401154.629631042 341.804467716 155.305018783 -2.914891249 -0.007222648 0.016107028 0.071079391 0.997314453
1317401154.733550072 342.756849732 155.449621095 -2.932534497 -0.007509687 0.014203434 0.071294033 0.997325939
1317401154.837445974 343.710116324 155.589905643 -2.956469908 -0.006688220 0.013038069 0.071835822 0.997308824
1317401154.941315889 344.661152146 155.729206347 -2.966044950 -0.005525962 0.013396089 0.073178664 0.997213564
1317401155.045186043 345.611949385 155.876979906 -2.980781176 -0.004914407 0.015289824 0.074796654 0.997069471
1317401155.149055958 346.556258291 156.022219006 -2.992819605 -0.003449738 0.016603430 0.076396417 0.996933304
1317401155.252928019 347.488444321 156.170410015 -3.009030100 -0.001940654 0.016626586 0.078145670 0.996801407
1317401155.356797934 348.420854928 156.323218143 -3.024420791 -0.001192647 0.015752687 0.079584363 0.996702945
1317401155.460669041 349.338373026 156.476803144 -3.046914893 -0.001572734 0.016698778 0.081068571 0.996567391
1317401155.564564943 350.250592748 156.629757798 -3.063381143 -0.001700137 0.018416470 0.082398162 0.996427863
1317401155.668461084 351.139350546 156.784601119 -3.074625380 0.000177766 0.018566423 0.084180163 0.996277550
1317401155.772332907 352.017333685 156.939454854 -3.087266036 0.000973693 0.017035460 0.085392237 0.996201290
1317401155.876178026 352.868280042 157.093010906 -3.102946451 0.000262870 0.015105672 0.086745748 0.996115919
1317401155.980026007 353.705247006 157.246899677 -3.125851047 -0.000744264 0.015479027 0.088060449 0.995994580
1317401156.083873034 354.498024948 157.394447036 -3.137222937 -0.000358231 0.016585001 0.089575042 0.995841916
1317401156.187717915 355.277133105 157.539173336 -3.145693988 0.000709326 0.017258383 0.091211944 0.995681689
1317401156.291539907 356.035487753 157.686114523 -3.156439117 0.000525027 0.017248043 0.093583335 0.995461897
1317401156.395339012 356.770780314 157.830539900 -3.168983260 -0.000106338 0.017780069 0.095885191 0.995233585
1317401156.499161005 357.476952923 157.971880601 -3.178594706 -0.001170572 0.018370936 0.098722409 0.994944734
1317401156.602961063 358.158925320 158.114085142 -3.190736340 -0.001250962 0.019180115 0.101788940 0.994620315
1317401156.706758976 358.819327590 158.255300828 -3.203215512 -0.001728906 0.020220419 0.105136199 0.994250736
1317401156.810555935 359.462282508 158.394875389 -3.211181994 -0.001877032 0.020357206 0.109150118 0.993815029
1317401156.914330006 360.073988694 158.535794711 -3.225522552 -0.002106921 0.020575605 0.114809427 0.993172191
1317401157.018059015 360.651317143 158.673516919 -3.236734223 -0.001747169 0.020838478 0.121775998 0.992337297
1317401157.121762037 361.192407989 158.811695859 -3.246877136 -0.000928476 0.020242985 0.129844456 0.991327280
1317401157.225486040 361.722126973 158.954985571 -3.258340253 -0.001504000 0.019285493 0.139378935 0.990050160
1317401157.329189777 362.242260371 159.107560577 -3.264592212 -0.002268811 0.017841776 0.149772626 0.988556869
1317401157.432893991 362.747946621 159.268862421 -3.283625761 -0.003495247 0.016333496 0.161829868 0.986677300
1317401157.536597967 363.244250460 159.445590413 -3.304286709 -0.003040817 0.016474143 0.175449233 0.984345936
1317401157.640281200 363.745134264 159.629848540 -3.316940099 -0.003412037 0.017165929 0.190417354 0.981547207
1317401157.743958950 364.227760808 159.830358924 -3.326945216 -0.004809528 0.017933228 0.205813877 0.978415002
1317401157.847608089 364.689586356 160.045437193 -3.335477510 -0.006870785 0.018887288 0.222379733 0.974752952
1317401157.951261997 365.143691058 160.278709548 -3.344991921 -0.008796277 0.019845775 0.239465019 0.970662287
1317401158.054943085 365.580002315 160.534721257 -3.364301958 -0.010359325 0.019714750 0.259541000 0.965475262
1317401158.158623934 365.999848767 160.804582312 -3.383980482 -0.013234882 0.019965064 0.279675542 0.959795721
1317401158.262301922 366.420735244 161.098143982 -3.401121571 -0.016717988 0.021109015 0.300071414 0.953536609
1317401158.366003036 366.822099290 161.401950732 -3.417915073 -0.018840683 0.022326581 0.318990810 0.947307456
1317401158.469728947 367.204968390 161.718336960 -3.438554853 -0.019176623 0.023090527 0.338982090 0.940313898
1317401158.573456049 367.590873760 162.053280400 -3.457751578 -0.018715412 0.023375090 0.359288194 0.932746124
1317401158.677182913 367.965429297 162.406012552 -3.482102808 -0.018990526 0.023419376 0.379771919 0.924588656
1317401158.780909061 368.328250690 162.773924529 -3.509577209 -0.020616884 0.024029212 0.400511224 0.915744670
1317401158.884634972 368.679396686 163.170750964 -3.542116622 -0.021267385 0.025300908 0.421228669 0.906352013
1317401158.988365173 369.017514520 163.586903342 -3.577116490 -0.020815191 0.027307890 0.442399627 0.896160464
1317401159.092068911 369.351501968 164.025558459 -3.603333663 -0.018965684 0.028994272 0.463860251 0.885230649
1317401159.195746899 369.662361832 164.481100909 -3.624493024 -0.017077388 0.028881719 0.485871909 0.873385767
1317401159.299424887 369.964973210 164.962202986 -3.657393605 -0.014784227 0.027418992 0.508193281 0.860679508
1317401159.403103113 370.247800669 165.462340055 -3.699740163 -0.011884676 0.026145942 0.530822758 0.846996071
1317401159.506782055 370.493953750 165.985499558 -3.734383573 -0.009251125 0.024967826 0.553275944 0.832572372
1317401159.610510111 370.727266140 166.531510149 -3.768388219 -0.009063769 0.023631629 0.575578232 0.817354937
1317401159.714282990 370.928969029 167.105704549 -3.796909628 -0.010327262 0.023802521 0.596956449 0.801853968
1317401159.818056107 371.097347368 167.687447766 -3.831010940 -0.011140245 0.024410732 0.617627824 0.786012648
1317401159.921855927 371.240740509 168.290370274 -3.859239936 -0.011912751 0.025429667 0.637050180 0.770310643
1317401160.025725842 371.346276542 168.906227207 -3.889453709 -0.012886843 0.026177273 0.654860635 0.755186221
1317401160.129668951 371.435531373 169.546954643 -3.914863680 -0.013632626 0.026315440 0.671799811 0.740139624
1317401160.233661890 371.505231346 170.202712581 -3.947821281 -0.013437019 0.024979697 0.687265676 0.725852156
1317401160.337702990 371.559425119 170.874659737 -3.984222454 -0.012608911 0.023399972 0.701107477 0.712560006
1317401160.441787958 371.569871645 171.551856440 -4.023725700 -0.012108178 0.022896194 0.713261763 0.700419028
1317401160.545945883 371.558968139 172.248783808 -4.060008308 -0.012524481 0.023253957 0.723264183 0.690066165
1317401160.650177002 371.534684602 172.971496465 -4.095285649 -0.013631434 0.024695545 0.731057257 0.681732793
1317401160.754456043 371.493542291 173.710933044 -4.127074227 -0.014559288 0.026518055 0.737184723 0.675013706
1317401160.858758926 371.427799164 174.463610124 -4.161514870 -0.014762217 0.027713740 0.742184441 0.669459694
1317401160.963094950 371.359690602 175.234166557 -4.198935985 -0.014812244 0.028184804 0.745450285 0.665800336
1317401161.067445993 371.289295992 176.016850618 -4.238150790 -0.014540795 0.028125678 0.747915747 0.663038119
1317401161.171761990 371.200713123 176.808786956 -4.279610931 -0.014237597 0.027902323 0.749208496 0.661593063
1317401161.276066065 371.105741006 177.612680279 -4.322003269 -0.014362128 0.027766537 0.749625874 0.661123134
1317401161.380369902 371.007706976 178.430439124 -4.365841057 -0.014484970 0.028010623 0.749550095 0.661196072
1317401161.484622955 370.906329690 179.262652295 -4.408529854 -0.014214247 0.028624898 0.749521376 0.661208195
1317401161.588829041 370.806937241 180.107627163 -4.450980459 -0.013403649 0.029385649 0.749331354 0.661407097
1317401161.693037033 370.715243533 180.958261380 -4.493416602 -0.012504959 0.030156807 0.748333075 0.662519284
1317401161.797219038 370.615378787 181.833765224 -4.540220150 -0.012236926 0.030901292 0.748380098 0.662436862
1317401161.901352882 370.507979289 182.705450858 -4.586049419 -0.012040471 0.032015112 0.748403000 0.662361690
1317401162.005464077 370.401492299 183.604157800 -4.633375138 -0.011643239 0.033135651 0.748115756 0.662638121
1317401162.109575987 370.292692290 184.507316364 -4.679882627 -0.010714230 0.034096742 0.748074357 0.662651774
1317401162.213660002 370.181509888 185.433114245 -4.730976620 -0.009809620 0.034975357 0.747991461 0.662713566
1317401162.317723989 370.070668726 186.370277080 -4.783280278 -0.008973003 0.036101840 0.747948736 0.662713234
1317401162.421761990 369.959721812 187.318757617 -4.835224180 -0.008666106 0.036765352 0.747727369 0.662930606
1317401162.525778294 369.840891718 188.283955402 -4.886757312 -0.007730587 0.037727131 0.747634066 0.662993367
1317401162.629768848 369.723276162 189.258863406 -4.939252166 -0.006358082 0.038192249 0.747973099 0.662598800
1317401162.733736038 369.595207613 190.240302955 -4.991893959 -0.004938501 0.038511346 0.748494379 0.662003514
1317401162.837680101 369.475743596 191.237769899 -5.046512757 -0.004272035 0.038862396 0.749253649 0.661128152
1317401162.941597939 369.346567151 192.246460186 -5.101714104 -0.004108889 0.040425544 0.750409014 0.659723582
1317401163.045492887 369.218946754 193.280551143 -5.156200530 -0.004916530 0.042271611 0.751582252 0.658265188
1317401163.149363041 369.080815092 194.310871648 -5.210704197 -0.004991687 0.043571559 0.753496371 0.655987668
1317401163.253210068 368.926136027 195.371323868 -5.266879783 -0.004590081 0.043725747 0.755666338 0.653479438
1317401163.357057095 368.762727594 196.440342848 -5.329969846 -0.005000355 0.043292381 0.757999384 0.650797742
1317401163.460926056 368.593984554 197.505879021 -5.395133907 -0.006266210 0.043715659 0.760444161 0.647899957
1317401163.564798117 368.414889676 198.586783001 -5.457712479 -0.008385579 0.044405012 0.762769587 0.645089477
1317401163.668669939 368.228359978 199.672620907 -5.517690348 -0.008291252 0.044310980 0.765045633 0.642396273
1317401163.772515059 368.039750795 200.748336534 -5.575784972 -0.005967971 0.042512676 0.767498927 0.639611173
1317401163.876362085 367.849879339 201.821252562 -5.633889655 -0.003946504 0.040336927 0.769769952 0.637033421
1317401163.980232954 367.635891336 202.893936742 -5.690785772 -0.004195173 0.039670924 0.772231317 0.634087858
1317401164.084103823 367.422591230 203.956696237 -5.742274287 -0.005061347 0.040100033 0.774451884 0.631340359
1317401164.187973976 367.203174272 205.017818008 -5.790204311 -0.005182418 0.040494362 0.776668547 0.628585171
1317401164.291845083 366.979425623 206.070179261 -5.842289109 -0.005293732 0.040398856 0.778586925 0.626212671
1317401164.395716906 366.740859039 207.130386918 -5.894992330 -0.005832458 0.039779496 0.780830327 0.623448133
1317401164.499587059 366.502037541 208.179941007 -5.941796380 -0.006561119 0.039249229 0.782783553 0.621020418
1317401164.603458166 366.262200254 209.220102832 -5.987649829 -0.007462575 0.039297986 0.784276393 0.619120762
1317401164.707329035 366.014636168 210.249717258 -6.030194973 -0.008330555 0.040019833 0.785677459 0.617284331
1317401164.811248779 365.761448119 211.280735837 -6.078760478 -0.009271249 0.039835639 0.786682088 0.616001995
1317401164.915215015 365.508495537 212.288535081 -6.127493989 -0.009778618 0.038148858 0.787189224 0.615452816
1317401165.019181967 365.258207414 213.292044773 -6.175360608 -0.010165182 0.036158767 0.787418127 0.615273847
1317401165.123147011 365.014325977 214.273230167 -6.224049197 -0.011866461 0.035856310 0.787353060 0.615344351
1317401165.227113962 364.771783869 215.244786951 -6.272768464 -0.014517179 0.036630812 0.787425476 0.615149213
1317401165.331083059 364.538424096 216.165650221 -6.312243235 -0.015491053 0.036826973 0.787520104 0.614992591
1317401165.435048103 364.305873494 217.078479809 -6.356145358 -0.015032014 0.035747480 0.787735376 0.614791943
1317401165.539015055 364.085358663 217.962159095 -6.400503203 -0.014814651 0.034492827 0.787823013 0.614756595
1317401165.643007040 363.859879678 218.827120855 -6.446562114 -0.016123606 0.033443546 0.787473487 0.615229279
1317401165.747021914 363.646495368 219.673785503 -6.486622920 -0.017946782 0.032533566 0.786474233 0.616504469
1317401165.851036072 363.440657630 220.498834969 -6.527778903 -0.018866488 0.031018501 0.785442806 0.617868519
1317401165.955049992 363.235623632 221.334450059 -6.569951654 -0.018228664 0.029985880 0.784214821 0.619496309
1317401166.059063911 363.037847911 222.159412779 -6.610634952 -0.017303808 0.029455426 0.783018887 0.621059078
1317401166.163079977 362.840873708 222.981075053 -6.654370871 -0.016889729 0.029788099 0.781761176 0.622637029
1317401166.267095089 362.649315281 223.805995374 -6.698759171 -0.017543174 0.029356368 0.781017996 0.623571431
1317401166.371085882 362.460332915 224.620180781 -6.742028871 -0.017926061 0.029504356 0.780167819 0.624616942
1317401166.475075722 362.272182155 225.440028986 -6.784020857 -0.017482402 0.029171707 0.779351797 0.625662971
1317401166.579067945 362.088029776 226.257492844 -6.823911900 -0.017045666 0.028205231 0.778282135 0.627049303
1317401166.683058023 361.903189293 227.067485149 -6.863795675 -0.017383410 0.026726590 0.777048419 0.628632851
1317401166.787096024 361.726241056 227.876673271 -6.905771648 -0.018795793 0.026400462 0.775646118 0.630335493
1317401166.891134977 361.550308788 228.693237795 -6.947030896 -0.020466229 0.028330800 0.774182019 0.631997389
1317401166.995173931 361.381499996 229.506521009 -6.990807136 -0.022333899 0.030146811 0.772740864 0.633611808
1317401167.099210978 361.217561100 230.320503516 -7.032290708 -0.022660780 0.031211783 0.771260135 0.635350390
1317401167.203226089 361.059973761 231.125663330 -7.079344796 -0.021852375 0.031602691 0.769976748 0.636914085
1317401167.307265997 360.902329941 231.934635670 -7.128412243 -0.020642863 0.031824346 0.768744013 0.638430674
1317401167.411303997 360.749136030 232.743353344 -7.176808052 -0.020120945 0.031659249 0.767565002 0.639872492
1317401167.515317917 360.592146234 233.558042235 -7.229062714 -0.020364438 0.030603184 0.766645769 0.641017160
1317401167.619307041 360.445292725 234.374617267 -7.276268396 -0.019820982 0.030613889 0.766015237 0.641787017
1317401167.723248959 360.290757256 235.199227490 -7.326358359 -0.019599215 0.030602510 0.765432105 0.642489728
1317401167.827193022 360.144233195 236.032185310 -7.374516885 -0.019295661 0.031382618 0.764786711 0.643229427
1317401167.931137085 359.994004797 236.871391053 -7.424106162 -0.019494186 0.031977266 0.764397278 0.643656922
1317401168.035080910 359.840068196 237.714927029 -7.475596878 -0.019804920 0.032385456 0.764537006 0.643461043
1317401168.139023066 359.684476769 238.566135469 -7.526167463 -0.019746361 0.033017026 0.764711686 0.643223130
1317401168.242940903 359.537167146 239.412689597 -7.578332636 -0.020007855 0.033704282 0.765205349 0.642592002
1317401168.346882105 359.387267861 240.254654835 -7.629120510 -0.020546969 0.034219235 0.765666983 0.641997615
1317401168.450824976 359.234287261 241.083502361 -7.680496657 -0.020910365 0.034488084 0.766256421 0.641267827
1317401168.554769039 359.073820781 241.922466407 -7.731201823 -0.020787891 0.034612811 0.766837045 0.640570654
1317401168.658710957 358.916336464 242.766005016 -7.783929447 -0.020445191 0.033855607 0.767573399 0.639739689
1317401168.762653112 358.767718843 243.578265416 -7.834608156 -0.020053948 0.033140398 0.768267273 0.638956142
1317401168.866642952 358.614008194 244.398645133 -7.885763014 -0.019424362 0.032663943 0.769064546 0.638040347
1317401168.970633984 358.453523748 245.232256337 -7.936593612 -0.018963651 0.031649088 0.769674372 0.637369654
1317401169.074626923 358.285700015 246.057230589 -7.983033411 -0.018450128 0.030373518 0.770093978 0.636939799
1317401169.178641081 358.115480060 246.898101422 -8.034419663 -0.018707569 0.029736533 0.770317098 0.636692496
1317401169.282632113 357.952737185 247.739732807 -8.086491311 -0.019377898 0.030924558 0.770207875 0.636747986
1317401169.386624098 357.781267779 248.592901565 -8.140735348 -0.021053704 0.032048378 0.770478300 0.636311898
1317401169.490612984 357.608008093 249.445046517 -8.189849015 -0.022263678 0.032781517 0.770448558 0.636269377
1317401169.594580889 357.432013031 250.302116991 -8.244848299 -0.021675469 0.032411664 0.770543613 0.636193523
1317401169.698548079 357.258590517 251.177084754 -8.306650539 -0.020605813 0.031313890 0.770798380 0.635975391
1317401169.802515030 357.084739194 252.063582573 -8.365727257 -0.020074275 0.030609982 0.770923902 0.635874507
1317401169.906481981 356.906939531 252.957032178 -8.424094159 -0.020214267 0.030210130 0.770970346 0.635832885
1317401170.010425091 356.724344664 253.859191890 -8.480258189 -0.020802046 0.030430097 0.771175016 0.635555174
1317401170.114368916 356.543366793 254.761283287 -8.536055638 -0.021903380 0.030413374 0.771250207 0.635427720
1317401170.218337059 356.360192634 255.670150856 -8.591584902 -0.021993770 0.030347628 0.771219823 0.635464617
1317401170.322326899 356.178388392 256.590386411 -8.650900110 -0.021445469 0.029422044 0.771018838 0.635770703
1317401170.426315069 355.988329434 257.523162486 -8.712667888 -0.021413597 0.028668330 0.770780538 0.636095077
1317401170.530257940 355.798507997 258.456561975 -8.772709471 -0.021182749 0.028207803 0.770745108 0.636166322
1317401170.634202003 355.611946496 259.385562702 -8.828779100 -0.020018009 0.028316640 0.770925315 0.635980822
1317401170.738168001 355.427264611 260.327061225 -8.882440659 -0.018906490 0.028321009 0.770943289 0.635992854
1317401170.842112064 355.236278954 261.283272572 -8.938252298 -0.018387660 0.028314044 0.770817450 0.636160881
1317401170.946028948 355.052676328 262.229013831 -8.990808049 -0.018311608 0.028765897 0.770557646 0.636457479
1317401171.049947023 354.866391882 263.173346231 -9.041014407 -0.018129100 0.029786750 0.770298952 0.636728835
1317401171.153867960 354.682110296 264.119021891 -9.090442854 -0.017758210 0.030479977 0.770015057 0.637049786
1317401171.257786989 354.496950529 265.068661557 -9.141633028 -0.017642876 0.030501334 0.769661431 0.637479160
1317401171.361704111 354.313269001 266.018557370 -9.194151883 -0.017501892 0.030703612 0.769401577 0.637786943
1317401171.465600014 354.126559716 266.974701056 -9.245148635 -0.017725462 0.031532988 0.769017740 0.638203098
1317401171.569494009 353.941942926 267.921067532 -9.296245597 -0.018318885 0.032339766 0.768536037 0.638726011
1317401171.673388958 353.753555482 268.869594579 -9.345791241 -0.018678364 0.032622156 0.768080535 0.639248938
1317401171.777283907 353.582072333 269.782037474 -9.398198736 -0.018623423 0.033069213 0.767593654 0.639812142
1317401171.881203890 353.413664666 270.708171939 -9.447478841 -0.018170378 0.033147191 0.767228349 0.640259136
1317401171.985121965 353.238124106 271.628469635 -9.499409261 -0.017750801 0.032043135 0.767081330 0.640503223
1317401172.089063883 353.064987750 272.552752922 -9.548136451 -0.017204588 0.031104506 0.767080736 0.640565107
1317401172.193006039 352.893478343 273.481297085 -9.605122869 -0.017872194 0.031614765 0.767034056 0.640577745
1317401172.296924114 352.725230126 274.410027426 -9.655494817 -0.018640890 0.032549639 0.766722085 0.640882425
1317401172.400844097 352.552526050 275.333370581 -9.703998991 -0.019507301 0.032730219 0.766524555 0.641083695
1317401172.504786968 352.382266942 276.240588458 -9.755018021 -0.019057085 0.032403987 0.766493166 0.641151336
1317401172.608728886 352.216882427 277.145621227 -9.811331373 -0.018969506 0.032858445 0.766323436 0.641333666
1317401172.712647915 352.051835768 278.049559596 -9.864177523 -0.019459806 0.033807204 0.766052675 0.641593085
1317401172.816589117 351.885191525 278.950667273 -9.912990912 -0.019529359 0.034217898 0.765900403 0.641750973
1317401172.920531988 351.721711522 279.834468972 -9.962411155 -0.019134148 0.033475739 0.765840946 0.641872967
1317401173.024476051 351.560164459 280.709465513 -10.016156709 -0.019518381 0.032997210 0.765889072 0.641828752
1317401173.128443956 351.400033304 281.585517877 -10.070225758 -0.020312981 0.033589076 0.765594918 0.642124271
1317401173.232410908 351.239984125 282.452403004 -10.120110079 -0.021267537 0.034161712 0.765388277 0.642309469
1317401173.336376905 351.080074145 283.325287801 -10.171861913 -0.021945297 0.034158636 0.765350513 0.642331833
1317401173.440342903 350.922476800 284.176816092 -10.223600569 -0.021435197 0.034264332 0.765200318 0.642522343
1317401173.544308901 350.769669435 285.009677554 -10.273990735 -0.020480919 0.033755043 0.765129820 0.642664366
1317401173.648277044 350.616022903 285.857716384 -10.322855315 -0.019219136 0.033015074 0.765146071 0.642722428
1317401173.752243996 350.460920695 286.698572954 -10.374731846 -0.018749345 0.032770936 0.765261663 0.642611169
1317401173.856209993 350.312404450 287.533360271 -10.425813526 -0.019338133 0.033355237 0.765346397 0.642462728
1317401173.960175991 350.164388313 288.368670621 -10.475406082 -0.020523863 0.034942259 0.765547964 0.642101335
1317401174.064143896 350.009305451 289.218998287 -10.526903854 -0.021648870 0.035860316 0.765715396 0.641814067
1317401174.168112040 349.854818665 290.060547141 -10.577589400 -0.022010884 0.036577272 0.766086010 0.641318836
1317401174.272078991 349.697998593 290.905371667 -10.633541326 -0.022170990 0.037056935 0.766390978 0.640921290
1317401174.376023054 349.541660294 291.745838405 -10.689282646 -0.021735093 0.037823772 0.766750878 0.640460802
1317401174.479963064 349.382005529 292.580198362 -10.747138495 -0.021142417 0.037887950 0.767554324 0.639513769
1317401174.583928108 349.220165962 293.418855488 -10.803600294 -0.019955880 0.037386010 0.768600843 0.638323424
1317401174.687870979 349.063904220 294.233239679 -10.857804897 -0.018691327 0.036401840 0.769721858 0.637066559
1317401174.791815281 348.897841081 295.066961165 -10.916005323 -0.019077547 0.035333945 0.770868871 0.635726941
1317401174.895781994 348.726119802 295.904275122 -10.973579632 -0.020165368 0.035131995 0.771789557 0.634586464
1317401174.999749899 348.550974218 296.747742788 -11.031105448 -0.021557847 0.035602709 0.772429728 0.633734978
1317401175.103717089 348.373338861 297.607778513 -11.086356289 -0.021604601 0.036203798 0.772868593 0.633164011
1317401175.207681894 348.203002732 298.426630101 -11.142091855 -0.020530045 0.035843168 0.773441628 0.632520223
1317401175.311650038 348.029202017 299.273395015 -11.202247779 -0.019763749 0.035170347 0.773901340 0.632019902
1317401175.415616989 347.851461230 300.122524696 -11.260892979 -0.019746526 0.034975980 0.774253540 0.631599723
1317401175.519608021 347.673771738 300.971708017 -11.317975111 -0.020332389 0.035456901 0.774391170 0.631385555
1317401175.623599052 347.491674005 301.831792865 -11.373024081 -0.021197124 0.035349368 0.774545041 0.631174369
1317401175.727564096 347.310226742 302.696062969 -11.431915762 -0.022004683 0.034718991 0.774659912 0.631040732
1317401175.831506968 347.121554225 303.571450378 -11.492218794 -0.022484458 0.034618332 0.774908762 0.630723736
1317401175.935427189 346.933983845 304.442890700 -11.550186933 -0.022884379 0.034003520 0.775079393 0.630533108
1317401176.039370060 346.745496962 305.313803060 -11.606765672 -0.023104336 0.032794546 0.775124241 0.630533995
1317401176.143312931 346.557601748 306.187834138 -11.665951496 -0.022954950 0.032066156 0.775398423 0.630239730
1317401176.247231007 346.367335889 307.067364192 -11.727052606 -0.023616924 0.031997023 0.775527555 0.630059872
1317401176.351147890 346.175156835 307.944693762 -11.787070757 -0.025018866 0.031899380 0.775622897 0.629893330
1317401176.455066919 345.986036655 308.811024605 -11.847047975 -0.025823038 0.032547832 0.775846628 0.629552078
1317401176.558986902 345.797510447 309.683353022 -11.909270199 -0.026423762 0.033941210 0.775976066 0.629293989
1317401176.662906885 345.606965544 310.561587505 -11.968713689 -0.026721841 0.035340515 0.776066749 0.629092515
1317401176.766824961 345.422381009 311.421029289 -12.024932972 -0.026503523 0.035295819 0.776210408 0.628927000
1317401176.870742083 345.236529993 312.278658128 -12.085492782 -0.025507304 0.034054181 0.776454627 0.628735161
1317401176.974690914 345.049457220 313.137698924 -12.150543349 -0.025214096 0.032761198 0.776480309 0.628783972
1317401177.078681946 344.860446435 313.996397377 -12.215324009 -0.026318166 0.032010982 0.775807674 0.629607104
1317401177.182667971 344.674450234 314.853180065 -12.274101304 -0.027747718 0.031571607 0.774908097 0.630674829
1317401177.286634922 344.490003686 315.697533683 -12.329668463 -0.028395055 0.030409163 0.773499302 0.632430101
1317401177.390601873 344.312556728 316.541640016 -12.386620837 -0.027745609 0.029364596 0.772097055 0.634219236
1317401177.494568110 344.142917530 317.381957439 -12.447187521 -0.027422633 0.028793420 0.770698775 0.635957810
1317401177.598510027 343.974982163 318.204158056 -12.503600658 -0.027423901 0.028629024 0.769374880 0.637566156
1317401177.702452898 343.817550922 319.014380718 -12.552481346 -0.027087870 0.028750263 0.767975935 0.639259440
1317401177.806396961 343.663107020 319.827022852 -12.602825202 -0.026708028 0.028834106 0.766474839 0.641070664
1317401177.910341024 343.514937067 320.603180523 -12.653955519 -0.027191316 0.028788690 0.765072796 0.642725028
1317401178.014306068 343.376869313 321.372264810 -12.705648259 -0.027403160 0.031195519 0.763395079 0.644595889
1317401178.118271351 343.240396857 322.132751894 -12.747075734 -0.028166739 0.032238551 0.761553667 0.646686417
1317401178.222285986 343.120166197 322.867650321 -12.790329439 -0.028855968 0.030554630 0.759011037 0.649719935
1317401178.326350927 343.002296343 323.587807228 -12.839432224 -0.029144990 0.028048642 0.755490294 0.653909977
1317401178.430437088 342.893419405 324.288520038 -12.886624378 -0.027432551 0.027590586 0.751205170 0.658921094
1317401178.534570932 342.803504505 324.970197122 -12.933576992 -0.026965151 0.027336114 0.745606125 0.665279734
1317401178.638705015 342.726634472 325.636070717 -12.973080815 -0.027278476 0.027877393 0.739220880 0.672332675
1317401178.742816925 342.662214874 326.269966219 -13.008662219 -0.027741585 0.028069919 0.732975814 0.679108931
1317401178.846926928 342.614332909 326.881455940 -13.045031273 -0.027651745 0.029745402 0.726468305 0.685998830
1317401178.951014042 342.585045572 327.474426452 -13.079849676 -0.027229831 0.032371076 0.719750473 0.692942931
1317401179.055104971 342.561251150 328.046542422 -13.114151732 -0.026526454 0.034715729 0.712454244 0.700357134
1317401179.159224033 342.550835975 328.598656497 -13.145368906 -0.025927556 0.036006913 0.704908965 0.707908620
1317401179.263354063 342.547665685 329.134302816 -13.178745255 -0.025236834 0.035928599 0.696615635 0.716099780
1317401179.367505074 342.546394150 329.644493812 -13.211182807 -0.024452049 0.034528035 0.687313588 0.725127537
1317401179.471664906 342.560579426 330.132092654 -13.252638605 -0.023379552 0.033290251 0.677098330 0.734767315
1317401179.575870991 342.585334797 330.606685625 -13.290075411 -0.021534964 0.032213700 0.665637292 0.745268756
1317401179.680124998 342.629494381 331.066056319 -13.324977409 -0.019487862 0.032048685 0.652265687 0.757061806
1317401179.784378767 342.694211592 331.523947938 -13.353587283 -0.017562387 0.033212647 0.636730270 0.770170790
1317401179.888609886 342.779673412 331.986477270 -13.377068435 -0.017267316 0.033857417 0.621064203 0.782837640
1317401179.992818117 342.882020599 332.437645257 -13.398307021 -0.017613236 0.032612230 0.604461132 0.795771925
1317401180.097047091 342.999454872 332.881280827 -13.428492256 -0.017154211 0.030807532 0.587322218 0.808584715
1317401180.201253891 343.139928898 333.319283435 -13.461834052 -0.016070074 0.029739098 0.569369812 0.821386240
1317401180.305389881 343.297701017 333.753096547 -13.492985367 -0.013916095 0.030337804 0.551520542 0.833493283
1317401180.409499884 343.480543819 334.176243522 -13.518118974 -0.012184274 0.030462221 0.534138236 0.844760286
1317401180.513607979 343.679258822 334.594777691 -13.534134708 -0.013996116 0.029131159 0.516509106 0.855671565
1317401180.617697954 343.879691030 335.012308854 -13.554035321 -0.018001609 0.026009394 0.498515451 0.866303526
1317401180.721736908 344.105193627 335.424654303 -13.592115041 -0.019777648 0.022457198 0.480983201 0.876218968
1317401180.825774908 344.363858805 335.834834048 -13.634721802 -0.016897235 0.021251076 0.463366062 0.885750963
1317401180.929837942 344.658787342 336.241327618 -13.663903680 -0.011976686 0.022260609 0.445540874 0.894904662
1317401181.033900976 344.979587175 336.650973473 -13.681518122 -0.010047000 0.022879679 0.426849031 0.903977590
1317401181.137989044 345.324073114 337.061530736 -13.694470000 -0.014250946 0.020534782 0.406287253 0.913403471
1317401181.242124081 345.683535672 337.476585285 -13.730770288 -0.020544057 0.017580448 0.384941843 0.922544659
1317401181.346260071 346.064378184 337.876062359 -13.769260304 -0.023832792 0.016731238 0.361910014 0.931758126
1317401181.450345993 346.487717969 338.268134514 -13.792243385 -0.023913603 0.016577735 0.338972785 0.940346090
1317401181.554430962 346.956933315 338.659477833 -13.820350783 -0.023778255 0.015433332 0.315948352 0.948352806
1317401181.658516884 347.458763238 339.036947132 -13.848964161 -0.023883638 0.013625397 0.292039214 0.956010992
1317401181.762557030 347.994683871 339.409697479 -13.882775082 -0.024610354 0.012420992 0.268518336 0.962880030
1317401181.866547108 348.566117343 339.766433387 -13.904522302 -0.024384253 0.012115992 0.245971039 0.968894658
1317401181.970489025 349.171848408 340.102444181 -13.924069781 -0.024692937 0.011428861 0.225110762 0.973953174
1317401182.074359894 349.802575801 340.431853805 -13.946359912 -0.025322710 0.010953579 0.205817313 0.978201417
1317401182.178138018 350.472402380 340.751957781 -13.968450510 -0.025630418 0.010980549 0.188395294 0.981697368
1317401182.281863928 351.161301460 341.049627342 -13.988682505 -0.026051337 0.011346646 0.172677302 0.984568500
1317401182.385565042 351.875354147 341.327408528 -14.007029827 -0.026702933 0.012033185 0.158429735 0.986935750
1317401182.489268064 352.603357679 341.586143507 -14.025897178 -0.027040236 0.012745934 0.144864145 0.988999872
1317401182.592947006 353.356049447 341.840538237 -14.048771197 -0.027661021 0.013205499 0.133655554 0.990553722
1317401182.696602106 354.134602279 342.080343027 -14.070867144 -0.027641628 0.013046149 0.123496456 0.991874167
1317401182.800256968 354.933350489 342.305762014 -14.095066919 -0.027772704 0.012354834 0.114995980 0.992900780
1317401182.903912306 355.750655886 342.517773235 -14.119131119 -0.027058822 0.011338334 0.107601932 0.993761081
1317401183.007587910 356.589576127 342.716881704 -14.142709763 -0.026061462 0.010993519 0.102009276 0.994381240
1317401183.111242056 357.440051884 342.910532138 -14.164476997 -0.025247233 0.011068903 0.097125210 0.994890321
1317401183.214898109 358.313526046 343.102841315 -14.186226287 -0.024333098 0.011038244 0.093876121 0.995225267
1317401183.318552971 359.205071067 343.286257752 -14.206843272 -0.023189397 0.010243912 0.092089838 0.995427936
1317401183.422183990 360.111968183 343.474590497 -14.227112495 -0.021524483 0.008917477 0.091603848 0.995522933
1317401183.525863886 361.024282171 343.661797257 -14.243476643 -0.020925926 0.007692030 0.091293049 0.995574466
1317401183.629589081 361.952367274 343.840832923 -14.258110669 -0.020499185 0.006590746 0.090835160 0.995633125
1317401183.733314991 362.887617631 344.027024337 -14.268470045 -0.020478209 0.005708925 0.090320204 0.995685850
1317401183.837042093 363.837305960 344.214574339 -14.279763439 -0.019805464 0.005963169 0.090528160 0.995679083
1317401183.940769911 364.789586492 344.391298308 -14.287036549 -0.019432500 0.006898598 0.090590658 0.995674706
1317401184.044519901 365.752239532 344.571123482 -14.294980490 -0.018422887 0.008666588 0.090391259 0.995698201
1317401184.148271084 366.714180074 344.750771441 -14.300822635 -0.017327957 0.010280138 0.090492400 0.995693319
1317401184.252023697 367.675631966 344.937131422 -14.313294076 -0.016281557 0.011595817 0.090634060 0.995683642
1317401184.355798960 368.653267111 345.113226853 -14.326162963 -0.015178237 0.012064947 0.090821059 0.995678459
1317401184.459597111 369.624855652 345.298827580 -14.336632030 -0.014143765 0.011260279 0.091129275 0.995674955
1317401184.563419104 370.595659709 345.485549597 -14.347191330 -0.014450444 0.010011535 0.091291635 0.995669017
1317401184.667242050 371.566423439 345.666277107 -14.360652019 -0.014935184 0.009771237 0.091064321 0.995685067
1317401184.771065950 372.530957454 345.856174558 -14.370841797 -0.015861057 0.009983215 0.091007330 0.995673856
1317401184.874890089 373.490236246 346.039425134 -14.379572898 -0.016222209 0.009943982 0.090630843 0.995702771
1317401184.978712082 374.438365391 346.222057528 -14.388387097 -0.016236520 0.009765887 0.090369938 0.995728014
1317401185.082535982 375.396338118 346.412441729 -14.398254344 -0.016300064 0.010294988 0.090260272 0.995731593
1317401185.186357975 376.337410423 346.607091583 -14.408029961 -0.016660257 0.011378124 0.090064282 0.995731590
1317401185.290182114 377.280695247 346.794637466 -14.419813815 -0.016716445 0.012853416 0.090053742 0.995713650
1317401185.394005060 378.221884955 346.985297075 -14.431409570 -0.016317223 0.014162706 0.089782864 0.995726972
1317401185.497826099 379.168543973 347.175289183 -14.445070956 -0.016151227 0.014857487 0.090048657 0.995695552
1317401185.601624012 380.107089125 347.359475136 -14.458728837 -0.016843778 0.014998406 0.090072530 0.995679805
1317401185.705423117 381.031806476 347.543268646 -14.477752245 -0.017511923 0.015242776 0.090217814 0.995651413
1317401185.809245110 381.953513712 347.715633610 -14.495806347 -0.018268694 0.016271121 0.090020359 0.995639413
1317401185.913042068 382.858295181 347.897071265 -14.513303000 -0.018831269 0.017932091 0.090186020 0.995585408
1317401186.016844988 383.748891773 348.071226480 -14.531263167 -0.019663709 0.019361108 0.089777222 0.995579498
1317401186.120692015 384.623130153 348.235954784 -14.547688845 -0.020056509 0.019368348 0.089457900 0.995600265
1317401186.224560022 385.471692434 348.397525572 -14.566490024 -0.020185705 0.017357682 0.089085942 0.995668089
1317401186.328429937 386.303132630 348.552791513 -14.580434201 -0.020425477 0.013367038 0.087942445 0.995826415
1317401186.432301044 387.112063125 348.716105593 -14.599498428 -0.021274785 0.010467861 0.086202566 0.995995444
1317401186.536195993 387.901744497 348.866008870 -14.617316660 -0.022170355 0.010526185 0.084632107 0.996109974
1317401186.640090942 388.674630117 349.016169440 -14.629252017 -0.023248641 0.012823924 0.082676091 0.996222722
1317401186.744010925 389.428503890 349.150184880 -14.635227343 -0.024075739 0.015086705 0.079914797 0.996396696
1317401186.848023891 390.169682916 349.257099077 -14.640098958 -0.024257677 0.015927644 0.075423851 0.996729210
1317401186.952086926 390.878702953 349.353624368 -14.649878868 -0.025191504 0.016338539 0.068886682 0.997172535
1317401187.056197882 391.568285358 349.450812821 -14.662511785 -0.025427439 0.017342804 0.059361195 0.997761956
1317401187.160353899 392.232230408 349.528843314 -14.674504304 -0.025336088 0.018774793 0.049832882 0.998259622
1317401187.264538050 392.903187305 349.600175455 -14.684335096 -0.025027053 0.019448055 0.036861578 0.998817623
1317401187.368768930 393.575741222 349.644016801 -14.694774437 -0.024846829 0.018902621 0.023048363 0.999246766
1317401187.473071098 394.245963443 349.684155115 -14.707395732 -0.025044071 0.017091021 0.004152643 0.999531614
1317401187.577423096 394.915000030 349.695204337 -14.725989738 -0.025504902 0.014426782 -0.017296156 0.999420938
1317401187.681797981 395.584077269 349.677379654 -14.740314663 -0.026027781 0.011984027 -0.040693080 0.998760738
1317401187.786171913 396.235891300 349.635259767 -14.753559844 -0.026198878 0.010173775 -0.065082423 0.997484031
1317401187.890498161 396.889851702 349.573097086 -14.759313863 -0.025692555 0.008145054 -0.091631490 0.995428160
1317401187.994777918 397.538251302 349.464126729 -14.763699786 -0.024975897 0.006511295 -0.116545576 0.992849906
1317401188.099037886 398.167936658 349.325342879 -14.760800121 -0.024302247 0.005745910 -0.141640818 0.989603084
1317401188.203269005 398.777135007 349.147050677 -14.754374501 -0.024477591 0.005645895 -0.165901237 0.985822373
1317401188.307446003 399.387151991 348.937878210 -14.746129478 -0.024382780 0.005449376 -0.190775254 0.981315743
1317401188.411603928 399.975477705 348.704302660 -14.734722648 -0.024273827 0.004437301 -0.215181271 0.976262317
1317401188.515769958 400.555853807 348.421412860 -14.729689078 -0.025727193 0.000853624 -0.240423781 0.970326640
1317401188.619927883 401.136302944 348.116806152 -14.718301231 -0.026316987 -0.003124288 -0.264732934 0.963957535
1317401188.724078894 401.697889998 347.780849111 -14.707632589 -0.027931116 -0.006104761 -0.290054214 0.956583053
1317401188.828213930 402.251289271 347.416122040 -14.696009047 -0.028200641 -0.008080782 -0.315101538 0.948604473
1317401188.932326078 402.781293498 347.017526943 -14.674598700 -0.027303968 -0.008183368 -0.340104434 0.939955584
1317401189.036412954 403.304335795 346.601716128 -14.643142310 -0.026361932 -0.007554212 -0.364276557 0.930886981
1317401189.140474081 403.810062791 346.155473847 -14.610817424 -0.026521860 -0.007550707 -0.387958772 0.921264115
1317401189.244488955 404.290047438 345.670205316 -14.579311461 -0.026156215 -0.008149457 -0.410486780 0.911454904
1317401189.348434925 404.756002281 345.163442565 -14.547073526 -0.026194225 -0.009471292 -0.430671930 0.902078625
1317401189.452353954 405.202687674 344.628329364 -14.519066239 -0.025832268 -0.011276475 -0.449930625 0.892618601
1317401189.556222916 405.633463519 344.063764698 -14.484353155 -0.025012359 -0.012047165 -0.468138240 0.883219019
1317401189.660047054 406.051961477 343.471555180 -14.443244896 -0.025055308 -0.012573630 -0.485406438 0.873839073
1317401189.763869047 406.436721882 342.841048630 -14.404912994 -0.025701520 -0.013144383 -0.501498911 0.864676529
1317401189.867667913 406.810081226 342.211101325 -14.365057611 -0.024994038 -0.014974078 -0.516746894 0.855642286
1317401189.971442938 407.162935457 341.551818755 -14.328158652 -0.024498649 -0.017216098 -0.530449703 0.847187426
1317401190.075193882 407.506368848 340.855486014 -14.284934980 -0.022608398 -0.018397982 -0.542957507 0.839254145
1317401190.178919077 407.831734099 340.132403664 -14.237260923 -0.021211022 -0.017684026 -0.553693543 0.832262476
1317401190.282622099 408.145403201 339.408745642 -14.186147683 -0.019302827 -0.017863325 -0.563079704 0.825983988
1317401190.386327028 408.460484216 338.663502171 -14.136300277 -0.018308869 -0.018716528 -0.571614447 0.820104506
1317401190.490052938 408.759737933 337.889558773 -14.085443020 -0.018401283 -0.020445210 -0.578838617 0.814978062
1317401190.593779087 409.046643054 337.100712382 -14.039603665 -0.018864720 -0.021665365 -0.585380943 0.810249274
1317401190.697481871 409.325456901 336.294283812 -13.990408762 -0.018529199 -0.022008724 -0.590874371 0.806250434
1317401190.801183939 409.598295102 335.462979395 -13.935986656 -0.018094081 -0.021536836 -0.595796158 0.802642951
1317401190.904885054 409.869267912 334.622942973 -13.878175976 -0.017655689 -0.020724505 -0.599975442 0.799555026
1317401191.008563042 410.126397559 333.760535755 -13.824904944 -0.016980842 -0.019978105 -0.603149224 0.797197303
1317401191.112243891 410.379047416 332.889440941 -13.772939265 -0.015938058 -0.019724701 -0.605671475 0.795310618
1317401191.215946913 410.629380470 332.005545538 -13.716485807 -0.014700165 -0.020114983 -0.607386956 0.794015352
1317401191.319672108 410.879971083 331.107713571 -13.659003481 -0.013760298 -0.021195820 -0.608582917 0.793087778
1317401191.423424959 411.127567315 330.222990500 -13.605463362 -0.013512442 -0.021532383 -0.610030021 0.791970419
1317401191.527224064 411.382272917 329.312177128 -13.554148740 -0.013175691 -0.021138096 -0.611601144 0.790774065
1317401191.631021976 411.628157900 328.396577050 -13.498048274 -0.012780662 -0.020523711 -0.613176252 0.789576036
1317401191.734795094 411.870152934 327.468071619 -13.441156306 -0.012832963 -0.020189249 -0.614812700 0.788310252
1317401191.838594913 412.119645705 326.517018461 -13.384693509 -0.013960001 -0.020165736 -0.616714852 0.786804456
1317401191.942395926 412.354891383 325.578892218 -13.326445652 -0.015632733 -0.020034650 -0.618314065 0.785520177
1317401192.046195984 412.589165396 324.624060906 -13.269278800 -0.017097791 -0.020008115 -0.620158644 0.784034819
1317401192.149995089 412.825358442 323.645156905 -13.210979111 -0.018432367 -0.019440662 -0.622060723 0.782510553
1317401192.253793001 413.056119503 322.662297615 -13.151831062 -0.018921209 -0.018881466 -0.623776346 0.781145664
1317401192.357614994 413.288884249 321.675503467 -13.090703658 -0.019183572 -0.018074498 -0.625710499 0.779609950
1317401192.461436987 413.511078577 320.694996270 -13.028030091 -0.019263143 -0.017433884 -0.627382357 0.778277823
1317401192.565258980 413.731202726 319.707676159 -12.965477172 -0.019581535 -0.016496803 -0.629493214 0.776584002
1317401192.669080973 413.948169070 318.712501609 -12.903518642 -0.019389231 -0.015646659 -0.631145326 0.775264353
1317401192.772880077 414.157883232 317.731587993 -12.842304721 -0.018329903 -0.014877045 -0.632801171 0.773954370
1317401192.876681328 414.362468947 316.738898959 -12.781888686 -0.017359418 -0.014087502 -0.634447379 0.772642683
1317401192.980478048 414.562035488 315.733699939 -12.721557545 -0.016921896 -0.014097617 -0.635625645 0.771683190
1317401193.084252119 414.767986811 314.727949480 -12.661271557 -0.017732318 -0.015037406 -0.636954997 0.770550305
1317401193.188052893 414.969409214 313.725826332 -12.601612217 -0.019549133 -0.016321862 -0.637954482 0.769652849
1317401193.291851997 415.163078545 312.725151839 -12.541536136 -0.021577222 -0.016874321 -0.638853310 0.768840770
1317401193.395652056 415.352367330 311.722111586 -12.479623713 -0.022888141 -0.016159786 -0.640060661 0.767813353
1317401193.499473810 415.543634216 310.717099652 -12.416135417 -0.023768228 -0.014256822 -0.641279075 0.766806992
1317401193.603296041 415.731047782 309.714664193 -12.352218843 -0.023283572 -0.012367067 -0.642842286 0.765544725
1317401193.707142115 415.915050550 308.709210555 -12.287003226 -0.023400251 -0.011449826 -0.644185013 0.764425928
1317401193.810987949 416.100223224 307.710241991 -12.220238665 -0.024849989 -0.011403791 -0.645895901 0.762935723
1317401193.914833069 416.270424427 306.715180507 -12.160560243 -0.026979718 -0.011214078 -0.647764872 0.761279850
1317401194.018703938 416.440183909 305.720787255 -12.104692624 -0.027492170 -0.010356716 -0.650075961 0.759301102
1317401194.122575760 416.609140760 304.715035107 -12.039110350 -0.027275208 -0.009640872 -0.652530997 0.757209624
1317401194.226423025 416.772531960 303.712829201 -11.974783785 -0.026989765 -0.009651365 -0.655012633 0.755074072
1317401194.330271959 416.924658953 302.697257399 -11.912228818 -0.026397862 -0.009458777 -0.657331117 0.753080001
1317401194.434118032 417.067489865 301.683221941 -11.848574641 -0.025164746 -0.008810583 -0.659718884 0.751039349
1317401194.537964106 417.200519347 300.674234187 -11.785826154 -0.023524981 -0.008558067 -0.661918576 0.749157616
1317401194.641810894 417.326091771 299.667007831 -11.721307474 -0.022037945 -0.010488607 -0.663766205 0.747541800
1317401194.745659113 417.449096305 298.655457537 -11.657415730 -0.021580107 -0.013712128 -0.665218004 0.746211286
1317401194.849483013 417.563579446 297.641855208 -11.593008662 -0.021306865 -0.015421044 -0.666226013 0.745285924
1317401194.953255892 417.678912064 296.635545182 -11.537761058 -0.020191221 -0.013979994 -0.666805484 0.744827041
1317401195.057028055 417.796074061 295.621793407 -11.474497094 -0.017475268 -0.012313800 -0.667094676 0.744666152
1317401195.160826921 417.909282928 294.614559412 -11.415457751 -0.014516090 -0.012486780 -0.666758052 0.745028230
1317401195.264625072 418.030318230 293.606160768 -11.355856323 -0.014024416 -0.015524780 -0.666044654 0.745618411
1317401195.368424892 418.146008077 292.607136810 -11.305943345 -0.014183488 -0.018660919 -0.664799118 0.746654359
1317401195.472198963 418.263503337 291.611622015 -11.247683216 -0.013382418 -0.022204469 -0.662878997 0.748277560
1317401195.575949907 418.383470119 290.612367315 -11.186763333 -0.011117672 -0.024540282 -0.660581984 0.750270360
1317401195.679749012 418.510975672 289.612991521 -11.119932290 -0.010246023 -0.024350677 -0.658425122 0.752182439
1317401195.783548117 418.649294122 288.611341087 -11.057848659 -0.009224584 -0.023282316 -0.656433670 0.753967955
1317401195.887348890 418.792323063 287.615365278 -10.995427874 -0.008800819 -0.022984610 -0.654185757 0.755933362
1317401195.991146088 418.938740641 286.629454391 -10.932013586 -0.008430565 -0.024781858 -0.651456654 0.758234141
1317401196.094919920 419.090154363 285.639678352 -10.871045065 -0.008870177 -0.025848878 -0.648557460 0.760674948
1317401196.198695898 419.251519241 284.643202075 -10.812139975 -0.007820106 -0.025434546 -0.645647130 0.763172139
1317401196.302470922 419.420719729 283.656680224 -10.748317679 -0.006151633 -0.024674864 -0.642809438 0.765603902
1317401196.406269073 419.597419186 282.671301194 -10.683025907 -0.006105511 -0.025082179 -0.640013573 0.767929836
1317401196.510092020 419.783333061 281.683900325 -10.624580083 -0.007231869 -0.025900117 -0.637170456 0.770253656
1317401196.613914967 419.978482036 280.682512495 -10.568588138 -0.007481227 -0.025729934 -0.634238410 0.772673049
1317401196.717761993 420.177887045 279.690945852 -10.507885123 -0.006512441 -0.024932932 -0.631524707 0.774927404
1317401196.821628809 420.384422378 278.698126993 -10.445378856 -0.005901235 -0.023774420 -0.629252773 0.776814585
1317401196.925498962 420.601844870 277.712283516 -10.387351523 -0.005972355 -0.023096174 -0.627328215 0.778389497
1317401197.029397964 420.818114895 276.727200097 -10.328720694 -0.006661758 -0.022572914 -0.625919671 0.779532328
1317401197.133317232 421.045166236 275.735968747 -10.271886986 -0.007726261 -0.022685971 -0.624915273 0.780324646
1317401197.237236977 421.271190438 274.754905699 -10.215588751 -0.008733313 -0.022683472 -0.624042013 0.781012647
1317401197.341156006 421.500033769 273.758869644 -10.158122305 -0.008020752 -0.022147162 -0.623329757 0.781604238
1317401197.445097923 421.727808391 272.776915102 -10.101663983 -0.007065967 -0.019653916 -0.622491365 0.782347938
1317401197.549038887 421.958896806 271.794193551 -10.044702723 -0.005853733 -0.017916232 -0.621944049 0.782834812
1317401197.652982950 422.192070897 270.811544146 -9.993149619 -0.005954273 -0.016593106 -0.621555529 0.783171718
1317401197.756926060 422.426708612 269.823987752 -9.943845904 -0.006236175 -0.015971818 -0.621368730 0.783330654
1317401197.860843658 422.662463164 268.839993203 -9.894544791 -0.007329380 -0.015844246 -0.621129241 0.783513692
1317401197.964762926 422.895411324 267.863200797 -9.847318171 -0.008291390 -0.015511830 -0.620907515 0.783686477
1317401198.068682909 423.129442990 266.889565015 -9.800916088 -0.008979768 -0.015048119 -0.620738329 0.783821947
1317401198.172627926 423.363602288 265.916685497 -9.751942020 -0.009858008 -0.013994501 -0.620981578 0.783638216
1317401198.276596069 423.597191040 264.954943067 -9.705642863 -0.010736488 -0.013204814 -0.621645051 0.783114162
1317401198.380541086 423.832097836 263.969433816 -9.657097820 -0.011748611 -0.011979713 -0.622541598 0.782406809
1317401198.484470129 424.069176824 262.991881140 -9.610028972 -0.012142967 -0.010952962 -0.623570400 0.781596147
1317401198.588387728 424.299845625 262.010143625 -9.562445691 -0.011982042 -0.010766015 -0.624481179 0.780873729
1317401198.692279100 424.522515482 261.039796547 -9.516073740 -0.011638747 -0.010900762 -0.625095685 0.780385224
1317401198.796173096 424.742988889 260.064973702 -9.467112774 -0.011594543 -0.011261053 -0.625366668 0.780163628
1317401198.900072098 424.962591150 259.100996927 -9.420952797 -0.011910383 -0.011320107 -0.625406683 0.780125938
1317401199.003982067 425.182691336 258.142980665 -9.374222296 -0.012417201 -0.011334761 -0.625523611 0.780024069
1317401199.107862949 425.401493858 257.193554690 -9.328566885 -0.012755620 -0.010880298 -0.625616608 0.779950494
1317401199.211775064 425.614131070 256.255152499 -9.282907100 -0.012954486 -0.010501980 -0.625801616 0.779803967
1317401199.315721035 425.829249187 255.321061057 -9.236398547 -0.013166715 -0.011312914 -0.626076222 0.779568611
1317401199.419641972 426.043797552 254.390027838 -9.189041953 -0.013650188 -0.012865250 -0.626576613 0.779134074
1317401199.523581982 426.253159563 253.463275566 -9.142364940 -0.014872340 -0.013213776 -0.627345386 0.778486979
1317401199.627513885 426.461250132 252.533807227 -9.091338888 -0.015722341 -0.012874530 -0.628239439 0.777754628
1317401199.731446028 426.667894483 251.617794189 -9.040847161 -0.016291314 -0.012168959 -0.629039295 0.777107505
1317401199.835388899 426.867398996 250.709234821 -8.990701121 -0.016312010 -0.011805122 -0.630060239 0.776285162
1317401199.939320087 427.063225856 249.812837715 -8.939949783 -0.016366812 -0.011400020 -0.631060267 0.775477341
1317401200.043250084 427.251975402 248.925829831 -8.890438331 -0.016073864 -0.010890573 -0.632076202 0.774662960
1317401200.147166967 427.434477160 248.048997448 -8.841750396 -0.015764571 -0.010318385 -0.633088867 0.773849789
1317401200.251087904 427.616587648 247.177975052 -8.795829902 -0.015817794 -0.010576265 -0.634088268 0.773026525
1317401200.355017900 427.792109136 246.314313924 -8.746092691 -0.015939019 -0.011696128 -0.635148633 0.772136880
1317401200.458959103 427.967524553 245.436670603 -8.699277192 -0.016005292 -0.012715744 -0.636257171 0.771206168
1317401200.562901974 428.136399395 244.586376009 -8.654448555 -0.016477760 -0.013031925 -0.637252456 0.770368717
1317401200.666807890 428.306239432 243.731159274 -8.606869550 -0.016060284 -0.012803253 -0.638178164 0.769614692
1317401200.770751953 428.473653385 242.881041055 -8.557065615 -0.014844527 -0.012589195 -0.638988591 0.768969917
1317401200.874670029 428.630423544 242.045108713 -8.508813125 -0.013679944 -0.012027314 -0.639626715 0.768469823
1317401200.978564978 428.783819509 241.232389022 -8.458800509 -0.013074914 -0.011711534 -0.640063559 0.768121427
1317401201.082484961 428.936893772 240.418119436 -8.414741047 -0.013578327 -0.011724789 -0.640453222 0.767787619
1317401201.186393023 429.086883386 239.629905113 -8.373727373 -0.013402153 -0.012171301 -0.640650088 0.767619506
1317401201.290321112 429.234202797 238.838813991 -8.332793351 -0.013511520 -0.012188995 -0.640841713 0.767457338
1317401201.394217968 429.379440770 238.065796731 -8.289961186 -0.013564639 -0.012330421 -0.641010849 0.767312878
1317401201.498106003 429.529509981 237.284894299 -8.250250710 -0.013587817 -0.011686451 -0.640938239 0.767383198
1317401201.602036953 429.668296494 236.533021801 -8.209289747 -0.012619138 -0.011365639 -0.640817299 0.767505550
1317401201.705951929 429.810278369 235.772494721 -8.170964903 -0.011419619 -0.010678969 -0.640691712 0.767639031
1317401201.809894085 429.945239305 235.036686967 -8.133073542 -0.009525500 -0.010146680 -0.640527514 0.767809100
1317401201.913846016 430.079920438 234.310639178 -8.096533538 -0.008446141 -0.009941846 -0.640323371 0.767994664
1317401202.017776012 430.213176696 233.595364348 -8.062402395 -0.008196606 -0.009911417 -0.640096185 0.768187121
1317401202.121731997 430.346388474 232.876690161 -8.027896426 -0.007793881 -0.010688016 -0.639734992 0.768481725
1317401202.225687981 430.480289444 232.177669496 -7.997106793 -0.007856696 -0.011244164 -0.639477850 0.768687141
1317401202.329629898 430.611933808 231.483319696 -7.967546954 -0.008441327 -0.011189888 -0.639162979 0.768943572
1317401202.433593035 430.740591078 230.804146635 -7.937144298 -0.008144149 -0.011148195 -0.638921263 0.769148237
1317401202.537584782 430.867923340 230.129945175 -7.906227185 -0.007461409 -0.011154400 -0.638763448 0.769286139
1317401202.641580105 430.990084462 229.468961478 -7.875498654 -0.006649720 -0.011344106 -0.638395554 0.769596134
1317401202.745573044 431.116746279 228.813755738 -7.844595145 -0.006519092 -0.011716837 -0.638102722 0.769834485
1317401202.849554062 431.239565075 228.167720829 -7.816585385 -0.006420393 -0.011671333 -0.637864111 0.770033723
1317401202.953556061 431.358063581 227.544893779 -7.790044804 -0.006725569 -0.011685381 -0.637657649 0.770201883
1317401203.057569027 431.480654682 226.918490164 -7.762104158 -0.007138503 -0.011839084 -0.637296606 0.770494591
1317401203.161576986 431.599002350 226.307191770 -7.734737868 -0.007225000 -0.011802425 -0.637042134 0.770704756
1317401203.265603065 431.718653115 225.703381051 -7.708016884 -0.006888789 -0.011642307 -0.636752692 0.770949421
1317401203.369621992 431.841407157 225.102319845 -7.681368313 -0.006750173 -0.011810506 -0.636538029 0.771125337
1317401203.473625898 431.959144136 224.519509927 -7.655406344 -0.006679020 -0.012055754 -0.636322562 0.771299972
1317401203.577652931 432.075488449 223.944682128 -7.631789485 -0.006843751 -0.011766997 -0.636030711 0.771543671
1317401203.681715012 432.186915226 223.375731487 -7.607016600 -0.006786270 -0.011597105 -0.635866835 0.771681814
1317401203.785784721 432.300127184 222.812493585 -7.582845416 -0.007135343 -0.010842846 -0.635851924 0.771701918
1317401203.889826059 432.405472997 222.255391548 -7.557803926 -0.006868709 -0.010611925 -0.635791341 0.771757461
1317401203.993868113 432.512487999 221.711030062 -7.534205196 -0.006763287 -0.010322992 -0.635813389 0.771744146
1317401204.097943068 432.622793746 221.169107288 -7.510803927 -0.006638860 -0.010245930 -0.635767904 0.771783725
1317401204.201996088 432.732795382 220.624547394 -7.489426204 -0.006691949 -0.010325655 -0.635724335 0.771818093
1317401204.306030989 432.837744890 220.083139169 -7.467309851 -0.006450417 -0.010422912 -0.635714975 0.771826551
1317401204.410068989 432.949863848 219.539114033 -7.443739718 -0.006664847 -0.010643299 -0.635725287 0.771813229
1317401204.514096022 433.060079891 218.997744443 -7.420751931 -0.006920133 -0.010821144 -0.635691080 0.771836683
1317401204.618113041 433.169697310 218.462727867 -7.397604550 -0.007443154 -0.011553461 -0.635500288 0.771978304
1317401204.722162962 433.277818086 217.930894130 -7.374446695 -0.007542228 -0.012528406 -0.635408945 0.772037322
1317401204.826211929 433.383032375 217.401994333 -7.352330288 -0.007580772 -0.013148351 -0.635409021 0.772026572
1317401204.930248976 433.489667695 216.871893548 -7.328863318 -0.007484082 -0.012967957 -0.635331804 0.772094113
1317401205.034312010 433.596689292 216.342453168 -7.306124569 -0.007181456 -0.012285230 -0.635374818 0.772072756
1317401205.138340950 433.701641317 215.820361546 -7.282808928 -0.006632364 -0.011725483 -0.635256155 0.772184008
1317401205.242356062 433.804529157 215.294534646 -7.256496034 -0.006149178 -0.011739862 -0.635008673 0.772391318
1317401205.346379995 433.909607472 214.773448267 -7.234281569 -0.006091576 -0.011620408 -0.634847760 0.772525844
1317401205.450383902 434.016829896 214.254050573 -7.214032668 -0.006514129 -0.011367809 -0.634846893 0.772526868
1317401205.554400921 434.124029599 213.734727697 -7.192910430 -0.006956398 -0.011523716 -0.634449753 0.772846895
1317401205.658401012 434.233580434 213.217362531 -7.172805951 -0.007150840 -0.011640956 -0.633937177 0.773263868
1317401205.762392044 434.339863932 212.704440268 -7.152829521 -0.006644294 -0.011549506 -0.633596667 0.773548787
1317401205.866394997 434.446004270 212.184866945 -7.130851402 -0.006088335 -0.011763516 -0.633236781 0.773844772
1317401205.970409870 434.552544328 211.671375345 -7.104984710 -0.006928125 -0.012429376 -0.632653343 0.774304371
1317401206.074424982 434.662977188 211.161398602 -7.080268837 -0.009559618 -0.012973714 -0.632202038 0.774635966
1317401206.178427935 434.772404821 210.658761303 -7.059207451 -0.011883659 -0.013605435 -0.631621636 0.775066307
1317401206.282453060 434.878694912 210.152506052 -7.037844624 -0.013452542 -0.014769710 -0.631235130 0.775334183
1317401206.386475086 434.980351754 209.644018369 -7.017570545 -0.013998275 -0.016273397 -0.630731003 0.775704600
1317401206.490519047 435.084956897 209.147933126 -6.995533534 -0.014733230 -0.016546306 -0.630399804 0.775954405
1317401206.594558954 435.198187290 208.649188653 -6.970253135 -0.015613215 -0.015057519 -0.630286715 0.776059376
1317401206.698599100 435.311811560 208.152272387 -6.943531097 -0.016743158 -0.013444258 -0.630234966 0.776107471
1317401206.802638054 435.420258348 207.647417910 -6.915847057 -0.016869269 -0.012503085 -0.630083809 0.776243192
1317401206.906636953 435.526900828 207.153624697 -6.889424334 -0.016270898 -0.012108134 -0.629992818 0.776336074
1317401207.010674000 435.632619768 206.648937963 -6.861174152 -0.016599264 -0.011919345 -0.629904110 0.776404022
1317401207.114715099 435.739671774 206.152950132 -6.830442846 -0.017762605 -0.012415258 -0.630026675 0.776271048
1317401207.218742132 435.852125205 205.662948322 -6.802466045 -0.018880926 -0.012663069 -0.630283450 0.776032171
1317401207.322768927 435.963714849 205.161241063 -6.775251266 -0.019631351 -0.013137262 -0.630904345 0.775500954
1317401207.426805973 436.070675582 204.667569878 -6.751034026 -0.019853002 -0.013861211 -0.631465214 0.775026070
1317401207.530855894 436.177322371 204.172416544 -6.723350874 -0.020170530 -0.014380668 -0.632149351 0.774450479
1317401207.634869099 436.283676060 203.673669173 -6.696538120 -0.020184255 -0.013910763 -0.632705250 0.774004621
1317401207.738847971 436.388436653 203.167442045 -6.664855133 -0.019808874 -0.013257642 -0.633391210 0.773464555
1317401207.842839003 436.496724233 202.659805206 -6.633968497 -0.019625966 -0.012785991 -0.634014063 0.772966693
1317401207.946839094 436.602130700 202.147013319 -6.604547602 -0.019588050 -0.012382865 -0.634708091 0.772404436
1317401208.050829172 436.708605520 201.630332064 -6.575077464 -0.019228357 -0.011884386 -0.635138215 0.772067665
1317401208.154845953 436.810804879 201.119388444 -6.545547313 -0.018530877 -0.011503542 -0.635581377 0.771725721
1317401208.258860111 436.914028716 200.599208766 -6.512977068 -0.017118658 -0.011827302 -0.636128273 0.771302721
1317401208.362863064 437.016050334 200.073693981 -6.481465038 -0.015489030 -0.011583427 -0.636671668 0.770892406
1317401208.466877937 437.118204557 199.550786151 -6.452969933 -0.014473304 -0.010461722 -0.637107065 0.770568403
1317401208.570892096 437.219539597 199.029617775 -6.424184797 -0.013613363 -0.009368047 -0.637602768 0.770188046
1317401208.674916029 437.322484007 198.497911337 -6.396307453 -0.012675853 -0.008234308 -0.638169888 0.769747175
1317401208.778930902 437.423346516 197.972066536 -6.371352759 -0.011607161 -0.007227181 -0.638573940 0.769438994
1317401208.882946014 437.519539112 197.448740195 -6.346200591 -0.010151019 -0.006969800 -0.638908494 0.769184188
1317401208.986938000 437.617500571 196.923465171 -6.322779680 -0.008887079 -0.007249333 -0.639435467 0.768759228
1317401209.090923071 437.715497176 196.401351705 -6.300947281 -0.008364449 -0.007432180 -0.639885240 0.768389015
1317401209.194937944 437.813420207 195.885738852 -6.279791780 -0.008716363 -0.007031896 -0.640466485 0.767904459
1317401209.298958063 437.913026092 195.368738187 -6.259927772 -0.009234367 -0.006499505 -0.641256565 0.767243443
1317401209.403002024 438.010554025 194.852825552 -6.242589667 -0.009752565 -0.006161762 -0.642426095 0.766260812
1317401209.507036924 438.105944083 194.341990573 -6.225030095 -0.009456760 -0.006220259 -0.643966537 0.764969919
1317401209.611102104 438.198423878 193.824685379 -6.206480657 -0.008758942 -0.006733641 -0.646144559 0.763135078
1317401209.715213060 438.286154256 193.310535175 -6.186409151 -0.008585372 -0.007218213 -0.648853025 0.760831085
1317401209.819299936 438.369232621 192.798887476 -6.165364064 -0.008733036 -0.007589567 -0.651808197 0.758295593
1317401209.923388004 438.448962777 192.285135627 -6.146229502 -0.009006561 -0.007469354 -0.655195098 0.755369098
1317401210.027523041 438.522520475 191.777782064 -6.129275775 -0.009175060 -0.007443922 -0.658966628 0.752079377
1317401210.131654978 438.591128390 191.278419648 -6.111376527 -0.009599400 -0.008650084 -0.663441488 0.748116581
1317401210.235814095 438.649114202 190.789500408 -6.091024134 -0.009656529 -0.010884374 -0.668562380 0.743513703
1317401210.339999914 438.698137651 190.307278191 -6.069995095 -0.010065347 -0.012604909 -0.674368857 0.738218430
1317401210.444183111 438.744452016 189.840471992 -6.052954870 -0.011529193 -0.014440231 -0.681125016 0.731933925
1317401210.548389912 438.778224378 189.384033581 -6.035617799 -0.012783909 -0.016785503 -0.688188083 0.725225469
1317401210.652596951 438.799266108 188.933368693 -6.016367802 -0.012572948 -0.018686441 -0.695587904 0.718087881
1317401210.756778002 438.806902579 188.495068833 -5.992083934 -0.011116620 -0.019135847 -0.702990005 0.710855325
1317401210.860937119 438.805089026 188.066716812 -5.964194242 -0.009137224 -0.019736987 -0.710527095 0.703333641
1317401210.965073109 438.795619995 187.651003363 -5.935402124 -0.007435568 -0.020359420 -0.717744414 0.695969226
1317401211.069158077 438.774496714 187.249482286 -5.909594530 -0.006042124 -0.020092795 -0.724685038 0.688760748
1317401211.173223019 438.750779588 186.869422524 -5.882884784 -0.004737242 -0.019614527 -0.731096882 0.681975203
1317401211.277309895 438.726923938 186.514841360 -5.861156799 -0.004235625 -0.019543042 -0.737418657 0.675139876
1317401211.381396055 438.698351927 186.170421666 -5.843569817 -0.004009199 -0.019811254 -0.744080948 0.667783635
1317401211.485456944 438.663040491 185.837452840 -5.827828519 -0.003790831 -0.019683335 -0.750979454 0.660021254
1317401211.589543104 438.624907811 185.506829573 -5.814742913 -0.003331830 -0.019196975 -0.758289280 0.651626997
1317401211.693679094 438.575333899 185.177983141 -5.798884064 -0.002749228 -0.018928003 -0.765978941 0.642581072
1317401211.797816038 438.515493706 184.854084930 -5.784977052 -0.002076300 -0.019138046 -0.774293854 0.632533360
1317401211.901949883 438.448841215 184.536654396 -5.768722476 -0.001265412 -0.019541666 -0.783159808 0.621512057
1317401212.006105900 438.378014934 184.226670753 -5.751669995 -0.000945259 -0.019587800 -0.792229431 0.609908152
1317401212.110264063 438.296913661 183.918356193 -5.735560745 -0.001298130 -0.020422689 -0.801489044 0.597659218
1317401212.214422941 438.206936059 183.616237451 -5.719341030 -0.002913904 -0.021842786 -0.810773798 0.584944656
1317401212.318583012 438.113992172 183.320506317 -5.707885633 -0.005104464 -0.023577956 -0.820108842 0.571698794
1317401212.422740936 438.010361074 183.026359759 -5.697053505 -0.007524151 -0.025531961 -0.829533643 0.557822052
1317401212.526922941 437.888528733 182.739083564 -5.689873953 -0.010621760 -0.027325148 -0.839369574 0.542769964
1317401212.631130934 437.754230354 182.446984382 -5.682712871 -0.013695385 -0.029239270 -0.849645921 0.526364237
1317401212.735336304 437.606046700 182.154391314 -5.675574329 -0.016117430 -0.030308200 -0.859970718 0.509187593
1317401212.839565992 437.442995156 181.860042617 -5.666268271 0.017233887 0.031161710 0.870692670 -0.490536660
1317401212.943796873 437.262715478 181.566035047 -5.657265890 0.017174908 0.032460578 0.881341133 -0.471051102
1317401213.048003912 437.064369071 181.278459687 -5.641542435 0.015751132 0.034513890 0.891922467 -0.450594060
1317401213.152211905 436.838750519 180.991094176 -5.617589473 0.013555391 0.035892049 0.902349020 -0.429295071
1317401213.256417036 436.591193757 180.703565703 -5.586152038 0.011455153 0.035210782 0.912498692 -0.407400438
1317401213.360625267 436.334252058 180.414659316 -5.559481765 0.009659392 0.033080438 0.922482392 -0.384497876
1317401213.464807987 436.050271990 180.134069755 -5.535140537 0.007917029 0.031840791 0.931906617 -0.361211214
1317401213.568967104 435.738280303 179.861149376 -5.515184737 0.006145364 0.032241387 0.940776163 -0.337435828
1317401213.673074961 435.401251537 179.579276372 -5.491302087 0.004021849 0.032158400 0.948765997 -0.314313132
1317401213.777113914 435.050412481 179.311190243 -5.468965113 0.003775331 0.029903637 0.956111778 -0.291447744
1317401213.881130934 434.675353899 179.045108969 -5.456616792 0.004865668 0.027319701 0.962600344 -0.269500534
1317401213.985096931 434.265526598 178.789145573 -5.445115688 0.005999863 0.027718215 0.968105865 -0.248931188
1317401214.089015961 433.830484805 178.542936994 -5.433708184 0.006884213 0.029749714 0.972859916 -0.229371195
1317401214.192910910 433.371651245 178.312956600 -5.416696236 0.008177208 0.031073455 0.976943499 -0.211066276
1317401214.296760082 432.884978035 178.084011332 -5.407890699 0.010232865 0.030087253 0.980577456 -0.193540432
1317401214.400583029 432.368116230 177.864991568 -5.403090934 0.010843793 0.028115849 0.983734972 -0.177080253
1317401214.504405975 431.839760215 177.660655538 -5.388252314 0.008911184 0.027448454 0.986400773 -0.161804477
1317401214.608228922 431.283794138 177.471971786 -5.367417473 0.007441027 0.028333397 0.988673550 -0.147195319
1317401214.712050915 430.705598513 177.301930317 -5.348412825 0.007024245 0.029783076 0.990718003 -0.132444204
1317401214.815850019 430.095660340 177.136767444 -5.335566781 0.006994564 0.029661910 0.992413825 -0.119105190
1317401214.919600010 429.466510756 176.978915158 -5.321886434 0.007002434 0.029473662 0.993816314 -0.106824172
1317401215.023324966 428.814678073 176.838230237 -5.310198494 0.006067737 0.030761872 0.994825239 -0.096641779
1317401215.127027988 428.135516548 176.705287496 -5.291192705 0.004638713 0.033169169 0.995492308 -0.088731917
1317401215.230707884 427.441282924 176.575047576 -5.274257141 0.004082986 0.035299951 0.995920824 -0.082939470
1317401215.334362030 426.725128248 176.439587250 -5.255200462 0.003692467 0.036467203 0.996230567 -0.078620391
1317401215.438015938 425.990652554 176.313751822 -5.242005820 0.003476519 0.036061570 0.996372420 -0.077003097
1317401215.541697025 425.239732103 176.186335742 -5.231480891 0.003542146 0.035861910 0.996427952 -0.076372199
1317401215.645375967 424.464389901 176.061674542 -5.221634623 0.003671033 0.036365119 0.996371116 -0.076868072
1317401215.749077082 423.676591135 175.941700390 -5.208123854 0.003565313 0.038200294 0.996231990 -0.077780764
1317401215.852828979 422.877203345 175.814737061 -5.195005654 0.003160843 0.038394561 0.996146948 -0.078785310
1317401215.956579924 422.054011037 175.684257436 -5.180725667 0.002073600 0.037791344 0.996067899 -0.080101533
1317401216.060305119 421.221603589 175.541141094 -5.167719966 0.001669593 0.036251843 0.996008923 -0.081542882
1317401216.164058924 420.376507052 175.397005932 -5.155291204 0.001197751 0.036593752 0.995871368 -0.083064321
1317401216.267857075 419.505783607 175.251367175 -5.139031570 0.001399908 0.036914950 0.995728435 -0.084618024
1317401216.371654987 418.630535736 175.098493219 -5.131284917 0.001009328 0.037099820 0.995587146 -0.086190601
1317401216.475430965 417.740927648 174.937867623 -5.114666709 0.001854308 0.037683190 0.995431013 -0.087713380
1317401216.579231024 416.834523683 174.770063601 -5.096929763 0.003720958 0.037649162 0.995227151 -0.089953392
1317401216.683075905 415.930030237 174.608066280 -5.083220474 0.004552360 0.037633782 0.995054286 -0.091814719
1317401216.786946058 415.028918131 174.442415774 -5.065634959 0.003396622 0.039253358 0.994837607 -0.093518833
1317401216.890815020 414.124583643 174.279541997 -5.052444742 0.001051344 0.039779623 0.994707891 -0.094724268
1317401216.994683981 413.205085688 174.106761980 -5.025358559 -0.001525241 0.041623364 0.994587932 -0.095184106
1317401217.098602057 412.284558748 173.928187465 -5.012114505 -0.003533444 0.042648547 0.994491815 -0.095679912
1317401217.202545881 411.362602870 173.747446546 -4.995309277 -0.005115201 0.042606801 0.994529572 -0.095233535
1317401217.306489944 410.433637120 173.569838578 -4.983482811 -0.006746678 0.042387621 0.994576561 -0.094737728
1317401217.410432100 409.501858547 173.395552292 -4.967598401 -0.007474897 0.041635382 0.994655080 -0.094190723
1317401217.514373064 408.571486148 173.217992052 -4.954943466 -0.006911774 0.041491132 0.994729157 -0.093512658
1317401217.618315935 407.652870402 173.039085690 -4.948887851 -0.007353610 0.041408983 0.994772696 -0.093051084
1317401217.722260952 406.719421735 172.865950387 -4.946677361 -0.009075677 0.041681036 0.994788057 -0.092612340
1317401217.826205969 405.800358552 172.697791515 -4.938747293 -0.008761072 0.041599243 0.994786771 -0.092693191
1317401217.930149078 404.877448770 172.518190167 -4.935229821 -0.005547213 0.041981560 0.994815638 -0.092458770
1317401218.034116030 403.962319977 172.338573841 -4.917736641 -0.001197286 0.039967708 0.994913090 -0.092461304
1317401218.138081074 403.035865431 172.160478563 -4.910353744 0.000987198 0.038055756 0.994999187 -0.092343936
1317401218.242048979 402.117326811 171.974371755 -4.896558506 0.000622135 0.034137165 0.995083675 -0.092966375
1317401218.346041203 401.198241262 171.794526218 -4.878747351 -0.000922722 0.032450929 0.995056239 -0.093857165
1317401218.450030088 400.293290651 171.616246871 -4.867557056 -0.002143286 0.031779083 0.994983820 -0.094829811
1317401218.553997040 399.385040697 171.438128714 -4.856814011 -0.003407399 0.031515789 0.994892484 -0.095833654
1317401218.657963991 398.491110330 171.258154502 -4.849691321 -0.004753558 0.032615977 0.994727688 -0.097110396
1317401218.761905909 397.602914022 171.078739221 -4.834589527 -0.004775236 0.033218854 0.994528420 -0.098928894
1317401218.865848064 396.719860909 170.904034051 -4.819978617 -0.002531761 0.033895222 0.994306125 -0.100995215
1317401218.969840050 395.853579534 170.736990005 -4.809849759 -0.000291701 0.033622157 0.994084345 -0.103275264
1317401219.073831081 395.003218628 170.556689240 -4.791696069 0.001403007 0.034227098 0.993874418 -0.105072252
1317401219.177820921 394.162156657 170.378134291 -4.767962362 0.000851563 0.034414287 0.993716245 -0.106503320
1317401219.281836033 393.351691231 170.194915331 -4.750406013 -0.001098154 0.033060935 0.993594844 -0.108051167
1317401219.385848999 392.552453300 170.011912480 -4.731474025 -0.002564556 0.031534981 0.993474070 -0.109582115
1317401219.489837885 391.772497135 169.833372316 -4.712549933 -0.002410305 0.031941830 0.993312360 -0.110925495
1317401219.593828917 391.020532160 169.657954603 -4.696424907 -0.001845207 0.032782977 0.993128391 -0.112329297
1317401219.697822094 390.288297565 169.486574844 -4.678936343 -0.001544171 0.032815433 0.992989899 -0.113542167
1317401219.801814079 389.571456781 169.315462824 -4.666100701 -0.002025691 0.031871672 0.992851505 -0.115004271
1317401219.905805111 388.876283917 169.147304456 -4.647536000 -0.002073258 0.032273600 0.992705347 -0.116147366
1317401220.009793997 388.201858915 168.990811669 -4.630983047 -0.002094979 0.031965373 0.992556738 -0.117494462
1317401220.113782883 387.545091733 168.829002021 -4.619501211 -0.001903598 0.029265458 0.992516220 -0.118538863
1317401220.217775106 386.894145471 168.664299180 -4.609456455 -0.001849709 0.027143029 0.992453445 -0.119565859
1317401220.321767092 386.256648146 168.502611268 -4.593030098 -0.001391562 0.026726283 0.992308751 -0.120859890
1317401220.425757885 385.631188916 168.354200272 -4.577943458 -0.000679886 0.026074647 0.992271801 -0.121310855
1317401220.529795885 385.034430014 168.202369027 -4.567747165 -0.000392783 0.023998394 0.992470351 -0.120110473
1317401220.633858919 384.462146194 168.057749916 -4.563097732 -0.001112439 0.021019697 0.992782069 -0.118070732
1317401220.737921953 383.911227709 167.919981859 -4.551947349 -0.002282965 0.020230747 0.993040677 -0.115998785
1317401220.841959953 383.395004936 167.798180288 -4.536274020 -0.002829634 0.020820361 0.993276356 -0.113844569
1317401220.945998907 382.904227022 167.680596774 -4.522240750 -0.002645469 0.022398315 0.993407239 -0.112398283
1317401221.050040007 382.434569964 167.577801556 -4.513670398 -0.001827913 0.023159856 0.993540418 -0.111075279
1317401221.154079914 381.979469680 167.472019427 -4.506142788 -0.000098387 0.022737583 0.993678392 -0.109937460
1317401221.258093119 381.525959536 167.367140137 -4.494312102 0.001385339 0.022146822 0.993759225 -0.109316979
1317401221.362082958 381.075163784 167.258634042 -4.485341401 0.001594899 0.022067862 0.993752368 -0.109392402
1317401221.466074228 380.622971069 167.153165042 -4.477039731 0.001220008 0.022048924 0.993747509 -0.109445167
1317401221.570039034 380.173488957 167.048055101 -4.470549084 0.001263571 0.021776478 0.993697964 -0.109947922
1317401221.673981905 379.729092475 166.943498157 -4.463392582 0.002019045 0.021916784 0.993596372 -0.110823410
1317401221.777899981 379.289213276 166.835835960 -4.453787861 0.003197515 0.021873834 0.993425352 -0.112327115
1317401221.881827116 378.842721946 166.728838533 -4.440374956 0.005438730 0.021343979 0.993206937 -0.114257760
1317401221.985744953 378.415586026 166.628786063 -4.429554896 0.007835818 0.021505832 0.992921951 -0.116542261
1317401222.089679956 377.993561155 166.528374701 -4.418767351 0.009839769 0.022262125 0.992628290 -0.118729334
1317401222.193623066 377.573449829 166.426200390 -4.411084515 0.010382412 0.023882666 0.992345791 -0.120713107
1317401222.297564983 377.151638394 166.322082513 -4.402448551 0.009742811 0.025502616 0.992051761 -0.122833210
1317401222.401506901 376.726715499 166.209821539 -4.390279110 0.008316440 0.026180040 0.991805753 -0.124766945
1317401222.505428076 376.284735417 166.095312146 -4.371243947 0.005710150 0.025411323 0.991564909 -0.126967276
1317401222.609348059 375.837082391 165.973016671 -4.346784775 0.002233888 0.024473503 0.991310524 -0.129226552
1317401222.713289976 375.384565522 165.844534087 -4.327769418 -0.000787408 0.024749925 0.990977124 -0.131723805
1317401222.817234993 374.918945632 165.718773537 -4.314567015 -0.002109522 0.026058509 0.990566548 -0.134515497
1317401222.921178102 374.447541904 165.594594763 -4.304944244 -0.001872092 0.027144521 0.990191342 -0.137042970
1317401223.025144100 373.971920803 165.459259104 -4.298422628 -0.001226591 0.026911136 0.989862038 -0.139454048
1317401223.129111052 373.473727342 165.314068848 -4.293469936 -0.001260169 0.025585503 0.989589485 -0.141620778
1317401223.233102083 372.967014431 165.164508850 -4.288805576 -0.001853653 0.023997546 0.989397687 -0.143223246
1317401223.337091923 372.445490248 165.009644963 -4.283955857 -0.002760701 0.022829761 0.989273114 -0.144256325
1317401223.441059113 371.912561145 164.851883868 -4.277242811 -0.003377945 0.022435550 0.989173589 -0.144985674
1317401223.545047998 371.364503998 164.689954379 -4.269176179 -0.003234604 0.021941962 0.989156376 -0.145181785
1317401223.649085999 370.797977519 164.519634609 -4.263013090 -0.002550561 0.021346352 0.989279951 -0.144440321
1317401223.753124952 370.221986408 164.345109331 -4.261643296 -0.001309547 0.020502886 0.989469608 -0.143275302
1317401223.857141018 369.625274673 164.168231218 -4.258740161 -0.000507256 0.020039007 0.989676814 -0.141908365
1317401223.961183071 369.008749230 163.985561427 -4.258941938 -0.000942056 0.019115702 0.989939144 -0.140193415
1317401224.065244913 368.377814522 163.803232950 -4.253968633 -0.002220745 0.019576853 0.990214249 -0.138157725
1317401224.169305086 367.733691680 163.619184453 -4.241909773 -0.002628326 0.019406765 0.990510944 -0.136031388
1317401224.273367882 367.070971982 163.426791245 -4.233611592 -0.002104932 0.017949134 0.990937575 -0.133101917
1317401224.377454042 366.398035640 163.236888939 -4.230944952 -0.000223508 0.016197445 0.991492656 -0.129150707
1317401224.481565952 365.706977447 163.048051507 -4.230749163 0.001079859 0.014635562 0.992152645 -0.124168285
1317401224.585675001 364.997513325 162.859190250 -4.227138345 0.001206331 0.014077553 0.992952760 -0.117665560
1317401224.689810038 364.265805053 162.680851207 -4.227957636 0.000899601 0.013587572 0.993815607 -0.110204844
1317401224.793919086 363.510261094 162.504022051 -4.220514567 0.000793370 0.013801903 0.994615194 -0.102710734
1317401224.898007154 362.738545451 162.342395286 -4.214656370 0.001334242 0.014182717 0.995347905 -0.095287030
1317401225.002070665 361.953132860 162.187485333 -4.209370966 0.001764579 0.014307479 0.996020299 -0.087953089
1317401225.106107950 361.138451834 162.043201824 -4.206093840 0.001052106 0.015217448 0.996573062 -0.081298546
1317401225.210123062 360.304445392 161.906761672 -4.200172451 -0.000396910 0.015673269 0.997028561 -0.075420417
1317401225.314064980 359.446769947 161.777334250 -4.193051668 -0.001693944 0.016325962 0.997329718 -0.071161982
1317401225.417983055 358.573115825 161.649794066 -4.183342359 -0.001626432 0.016894502 0.997553683 -0.067812829
1317401225.521879911 357.691880400 161.527967306 -4.179693112 -0.001250146 0.016750409 0.997696875 -0.065717634
1317401225.625727892 356.794961556 161.401706054 -4.174457823 -0.001837411 0.016968106 0.997810578 -0.063896459
1317401225.729573965 355.888709190 161.286166459 -4.172817327 -0.003485330 0.017351779 0.997855353 -0.063019540
1317401225.833444118 354.968810277 161.163303641 -4.175417670 -0.005101692 0.018446341 0.997875982 -0.062267408
1317401225.937315941 354.040115526 161.042377921 -4.165372472 -0.004166862 0.020811730 0.997839305 -0.062179021
1317401226.041208029 353.097877573 160.920229675 -4.160606406 -0.001338690 0.021939482 0.997803197 -0.062495184
1317401226.145103931 352.141330760 160.796075783 -4.155191545 0.000825232 0.022656628 0.997761660 -0.062909990
1317401226.248975754 351.173610854 160.667399504 -4.158114352 0.000096459 0.023055800 0.997714684 -0.063512445
1317401226.352847099 350.193283272 160.537965256 -4.152817705 -0.002287769 0.023598875 0.997659551 -0.064134847
1317401226.456718922 349.207606943 160.406658647 -4.140257760 -0.003795684 0.024776379 0.997580103 -0.064851074
1317401226.560589075 348.212334788 160.274993223 -4.130409297 -0.004813925 0.025445221 0.997500263 -0.065746421
1317401226.664483070 347.218183839 160.137597677 -4.126904921 -0.005904564 0.024923560 0.997419291 -0.067072424
1317401226.768377066 346.221813556 159.997254453 -4.121332282 -0.007153934 0.026851989 0.997306861 -0.067873540
1317401226.872247696 345.229612015 159.863237913 -4.116586144 -0.007103176 0.029310208 0.997141165 -0.069281697
1317401226.976119995 344.236129493 159.717070299 -4.113732461 -0.005240391 0.030942795 0.996979637 -0.071040020
1317401227.079989910 343.242251629 159.571973669 -4.105291624 -0.003815415 0.034225305 0.996717538 -0.073268140
1317401227.183834076 342.259426690 159.430551104 -4.095019122 -0.003259223 0.036933351 0.996415716 -0.076033055
1317401227.287658930 341.271125836 159.277175933 -4.086070414 -0.004397686 0.037850604 0.996091925 -0.079679795
1317401227.391482115 340.283895219 159.115795027 -4.071053676 -0.005331320 0.037606729 0.995804936 -0.083245662
1317401227.495304108 339.301351621 158.945988319 -4.065423400 -0.005844602 0.037741454 0.995512335 -0.086582985
1317401227.599126101 338.325659064 158.770751703 -4.049250173 -0.004572975 0.036712610 0.995271763 -0.089807521
1317401227.702949047 337.357567625 158.585428115 -4.040962484 -0.002147096 0.033933103 0.995120672 -0.092621721
1317401227.806771994 336.395292950 158.396240255 -4.030529216 -0.002347845 0.032829094 0.994890922 -0.095439986
1317401227.910621881 335.434423059 158.204294583 -4.019014612 -0.005003833 0.030697207 0.994706063 -0.097941264
1317401228.014492989 334.473125197 158.010754315 -4.009682224 -0.008339912 0.031347327 0.994480557 -0.099780821
1317401228.118386984 333.524980409 157.815969217 -3.996733516 -0.008912682 0.030359115 0.994299107 -0.101824229
1317401228.222305059 332.592052809 157.616401703 -3.992746595 -0.008042803 0.028773882 0.994253466 -0.102797971
1317401228.326247931 331.669564879 157.416315210 -3.988922890 -0.006785196 0.027331779 0.994234601 -0.103462525
1317401228.430188894 330.764600363 157.218832718 -3.986414281 -0.006705697 0.027306700 0.994210169 -0.103708810
1317401228.534131050 329.882301949 157.029228679 -3.974219394 -0.006465570 0.029283514 0.994080969 -0.104420781
1317401228.638073921 329.021444605 156.846678744 -3.964128623 -0.006169542 0.031155448 0.993977175 -0.104883987
1317401228.742016077 328.183815368 156.667366528 -3.952850973 -0.006949286 0.033618521 0.993837156 -0.105400237
1317401228.845959902 327.375841929 156.494348918 -3.938451556 -0.007948435 0.034788697 0.993719125 -0.106060689
1317401228.949904919 326.589273513 156.324023253 -3.926783265 -0.008349153 0.034084559 0.993660076 -0.106809116
1317401229.053894997 325.831494173 156.157569264 -3.916708533 -0.007933399 0.033041204 0.993685776 -0.106929503
1317401229.157886028 325.098160373 155.994618736 -3.910529580 -0.007387779 0.031872385 0.993765601 -0.106580967
1317401229.261877060 324.390770580 155.838946411 -3.902144807 -0.007354878 0.030033302 0.993920003 -0.105673714
1317401229.365866899 323.712168208 155.685566669 -3.893452317 -0.007066900 0.028378808 0.994089786 -0.104547591
1317401229.469856977 323.063426104 155.537217310 -3.885368890 -0.007057123 0.026495218 0.994212240 -0.103875998
1317401229.573847055 322.446613157 155.401437776 -3.880056827 -0.007735731 0.025712645 0.994283337 -0.103342462
1317401229.677814960 321.859857310 155.274728187 -3.873554764 -0.008263971 0.025077929 0.994338027 -0.102930519
1317401229.781783104 321.297744239 155.155896640 -3.867636441 -0.009381389 0.024952028 0.994381050 -0.102448592
1317401229.885725021 320.767286918 155.041502187 -3.860235495 -0.010869140 0.023114426 0.994463189 -0.101934054
1317401229.989665985 320.262369837 154.933776994 -3.856210531 -0.011278345 0.020496766 0.994577296 -0.101334513
1317401230.093631983 319.790073067 154.829967116 -3.852688862 -0.011032930 0.018409458 0.994693627 -0.100617861
1317401230.197576046 319.346705686 154.735760096 -3.855599007 -0.010138808 0.017944878 0.994745014 -0.100287304
1317401230.301496029 318.917128445 154.644426195 -3.853990618 -0.008308786 0.020288637 0.994749813 -0.099960717
1317401230.405438900 318.499743909 154.561589159 -3.852128033 -0.006281708 0.022980051 0.994671241 -0.100307427
1317401230.509385109 318.090132058 154.476477143 -3.845264548 -0.004097829 0.024015726 0.994601690 -0.100865903
1317401230.613327980 317.683583506 154.385573504 -3.844350868 -0.002456859 0.021253073 0.994619354 -0.101363759
1317401230.717266083 317.273644266 154.287774641 -3.845839282 -0.001838167 0.019112525 0.994548072 -0.102496174
1317401230.821208000 316.863035228 154.192305869 -3.848999455 -0.002506425 0.020331305 0.994412503 -0.103557374
1317401230.925158262 316.459074243 154.107407548 -3.846686817 -0.003869125 0.023539181 0.994209381 -0.104779022
1317401231.029126883 316.058647984 154.027450126 -3.836719772 -0.004285735 0.026596197 0.994047352 -0.105565794
1317401231.133112907 315.660419422 153.944840082 -3.823245433 -0.003860112 0.027910335 0.993944930 -0.106205405
1317401231.237086058 315.267137265 153.859191682 -3.813107845 -0.003452763 0.027753878 0.993882625 -0.106841607
1317401231.341027021 314.872536153 153.764603066 -3.808626573 -0.003617689 0.027407152 0.993792536 -0.107759712
1317401231.444938898 314.488039667 153.671691040 -3.812331288 -0.004711885 0.028626744 0.993538544 -0.109724511
1317401231.548857927 314.096121922 153.584427953 -3.808634725 -0.005709750 0.031032227 0.993157882 -0.112435856
1317401231.652776003 313.696762614 153.491305010 -3.801852867 -0.005703205 0.030496945 0.992842718 -0.115328866
1317401231.756692886 313.297063275 153.384482228 -3.796146318 -0.005470829 0.029067579 0.992521524 -0.118432135
1317401231.860615015 312.894021036 153.281340165 -3.790695028 -0.005562807 0.029084801 0.992110585 -0.121818380
1317401231.964534998 312.481741660 153.182092739 -3.784293483 -0.006006862 0.031571301 0.991617622 -0.125146567
1317401232.068451881 312.059275823 153.080116440 -3.779223902 -0.005685334 0.033347718 0.991199239 -0.127983104
1317401232.172394037 311.633422250 152.968017093 -3.777948873 -0.004017763 0.033704811 0.990843483 -0.130679129
1317401232.276360989 311.200926334 152.847558325 -3.779167906 -0.001985321 0.032121652 0.990574765 -0.133138626
1317401232.380326986 310.760610404 152.718500915 -3.780230222 -0.001097754 0.029833892 0.990284294 -0.135815139
1317401232.484268904 310.306676347 152.586440574 -3.780528704 -0.001893596 0.029174010 0.989881256 -0.138853847
1317401232.588212967 309.839970039 152.452478409 -3.775482343 -0.002728566 0.030337281 0.989414041 -0.141887492
1317401232.692181110 309.363467874 152.316357747 -3.768961322 -0.002795031 0.032019449 0.988980764 -0.144512943
1317401232.796147108 308.870877387 152.173963952 -3.762109597 -0.002992254 0.032838207 0.988618208 -0.146788066
1317401232.900114059 308.361033836 152.019792616 -3.749307386 -0.002925206 0.032012271 0.988406446 -0.148389202
1317401233.004080057 307.845117555 151.857997700 -3.743958393 -0.001099141 0.029923985 0.988322303 -0.149406738
1317401233.108046055 307.305757979 151.686615476 -3.737828417 0.001473069 0.028188300 0.988308684 -0.149830556
1317401233.212017059 306.760582058 151.514518433 -3.737237772 0.003597227 0.026946914 0.988317492 -0.149964860
1317401233.315983057 306.201339930 151.338326319 -3.733284433 0.003884709 0.026308534 0.988414579 -0.149430220
1317401233.419972897 305.619752806 151.156001719 -3.724059124 0.002559496 0.024501345 0.988620587 -0.148399691
1317401233.523962021 305.025912811 150.967476576 -3.714985036 -0.000797285 0.022133330 0.988894394 -0.146960395
1317401233.627926111 304.415797766 150.778031967 -3.701602342 -0.005025593 0.019377289 0.989176993 -0.145355221
1317401233.731918097 303.793222237 150.585780821 -3.686819918 -0.007082648 0.016980654 0.989496272 -0.143382776
1317401233.835933924 303.158020992 150.391807403 -3.681025742 -0.005949259 0.013939837 0.989913995 -0.140856560
1317401233.939949036 302.515902018 150.201560258 -3.691582898 -0.003784556 0.012250337 0.990415730 -0.137521953
1317401234.043986082 301.859346119 150.009311343 -3.695113907 -0.001036394 0.012015615 0.991017533 -0.133187090
1317401234.148072004 301.187044646 149.826385053 -3.695636499 0.001328159 0.012965742 0.991756769 -0.127470138
1317401234.252182961 300.502845889 149.649965802 -3.689956228 0.003018172 0.012573172 0.992590812 -0.120815086
1317401234.356295109 299.805628919 149.472968906 -3.685191867 0.003913317 0.012875961 0.993498089 -0.113050621
1317401234.460406065 299.090480461 149.307028118 -3.674465372 0.003926822 0.012941186 0.994406697 -0.104749355
1317401234.564515114 298.361807215 149.150914679 -3.661778945 0.002419681 0.013974687 0.995311665 -0.095674146
1317401234.668648958 297.625458092 149.008366640 -3.646699774 0.000216426 0.013672153 0.996215875 -0.085830972
1317401234.772785902 296.883111148 148.875353376 -3.640316460 -0.002625344 0.012938589 0.997069069 -0.075358958
1317401234.876897097 296.120567921 148.756638074 -3.632362969 -0.004111812 0.013242995 0.997760146 -0.065440099
1317401234.980982065 295.350466822 148.659238783 -3.626425785 -0.003093075 0.014806525 0.998367842 -0.055071327
1317401235.084997892 294.572452645 148.567401804 -3.617877828 0.000727089 0.016642689 0.998783080 -0.046420377
1317401235.188941002 293.778757612 148.490851013 -3.615166790 0.003923492 0.018634688 0.999061222 -0.038910530
1317401235.292834997 292.979774180 148.426059574 -3.613019230 0.004379560 0.020851457 0.999197381 -0.033920936
1317401235.396657944 292.163860693 148.365722142 -3.604476605 0.002798190 0.024168657 0.999194519 -0.031911752
1317401235.500410080 291.335733158 148.305561402 -3.587231191 0.001730231 0.027538571 0.999123574 -0.031475667
1317401235.604134083 290.500885517 148.252687876 -3.573645561 0.000339754 0.029574578 0.999043320 -0.032212929
1317401235.707860947 289.672669294 148.192237393 -3.567118067 -0.002089085 0.030289251 0.998942898 -0.034514978
1317401235.811567068 288.831313610 148.125765239 -3.557507411 -0.004739995 0.031249894 0.998808933 -0.037171116
1317401235.915245056 287.979884167 148.052905005 -3.552292756 -0.005507404 0.033561876 0.998585979 -0.040857216
1317401236.018945932 287.123030388 147.979745283 -3.547492365 -0.003889541 0.035575774 0.998352569 -0.044848450
1317401236.122672081 286.257691124 147.903703947 -3.544906295 -0.001746995 0.037737263 0.998072069 -0.049244203
1317401236.226422071 285.381168175 147.811756860 -3.540627417 0.000033317 0.037732065 0.997839113 -0.053790287
1317401236.330199003 284.496271598 147.713940653 -3.535906821 0.000996935 0.036031225 0.997650641 -0.058257665
1317401236.433991909 283.605613485 147.604377547 -3.524879929 0.000670777 0.035371549 0.997398446 -0.062807188
1317401236.537817001 282.702947426 147.491206359 -3.516973164 -0.001088535 0.036217134 0.997111108 -0.066757573
1317401236.641647100 281.784318826 147.362529970 -3.509280471 -0.002123346 0.035537308 0.996870237 -0.070585560
1317401236.745467901 280.850462939 147.217219251 -3.493860209 -0.001737656 0.033757610 0.996680049 -0.074069462
1317401236.849288940 279.921202787 147.070177326 -3.491045804 -0.001954378 0.033230572 0.996415205 -0.077773054
1317401236.953136921 278.998543901 146.924799945 -3.479964419 -0.002647716 0.032784042 0.996176704 -0.080933120
1317401237.057007074 278.076714300 146.769863913 -3.463301536 -0.003804843 0.032941590 0.995961537 -0.083432561
1317401237.160847902 277.153845966 146.610816323 -3.458335652 -0.005083171 0.032643417 0.995815929 -0.085200959
1317401237.264693022 276.230451261 146.450627557 -3.442138476 -0.004171519 0.033411799 0.995679639 -0.086535000
1317401237.368570089 275.307138456 146.283885786 -3.435268931 -0.002429140 0.032143986 0.995616370 -0.087800378
1317401237.472466946 274.387288046 146.116221416 -3.428179250 -0.001896370 0.031920222 0.995542582 -0.088726946
1317401237.576384068 273.472451712 145.948227337 -3.419177888 -0.003625946 0.031784532 0.995499146 -0.089207887
1317401237.680326939 272.556060487 145.780702815 -3.406494778 -0.004746007 0.031985175 0.995497572 -0.089101109
1317401237.784270048 271.641337796 145.614275582 -3.397941942 -0.005025554 0.034085741 0.995464252 -0.088678233
1317401237.888187885 270.734902950 145.451313974 -3.386687005 -0.003857594 0.036227327 0.995401344 -0.088593815
1317401237.992084026 269.833354509 145.287428417 -3.372228378 -0.002599087 0.037279596 0.995388076 -0.088351885
1317401238.095978975 268.936649680 145.128907667 -3.359022995 -0.003072120 0.038790523 0.995351706 -0.088095618
1317401238.199898005 268.038415445 144.969317224 -3.343114868 -0.006270150 0.038279528 0.995365148 -0.087997640
1317401238.303838015 267.142256556 144.799978687 -3.332538914 -0.010464014 0.036052058 0.995425211 -0.087860134
1317401238.407803059 266.254381075 144.632929554 -3.332704079 -0.013680504 0.033621280 0.995571639 -0.086715426
1317401238.511770010 265.369859268 144.470860217 -3.336495245 -0.014174114 0.032262567 0.995729565 -0.085327919
1317401238.615739107 264.497102736 144.311396931 -3.342494008 -0.011188445 0.033279206 0.995863752 -0.083801554
1317401238.719708920 263.632047887 144.162565950 -3.344312937 -0.007621484 0.034757984 0.995931450 -0.082790958
1317401238.823652029 262.774833196 144.013451471 -3.346242459 -0.005822301 0.034505714 0.995974525 -0.082523944
1317401238.927593946 261.929104936 143.868608632 -3.342034624 -0.006129198 0.035642828 0.995948064 -0.082337569
1317401239.031534910 261.095484771 143.730027453 -3.331810854 -0.006535007 0.037006005 0.995858064 -0.082792305
1317401239.135454893 260.275439454 143.588653764 -3.322722426 -0.006148584 0.036201433 0.995874359 -0.082981402
1317401239.239372969 259.470635843 143.453134328 -3.318418152 -0.006212074 0.038120362 0.995817859 -0.082795166
1317401239.343291044 258.689148228 143.319746815 -3.306193767 -0.008022465 0.039321950 0.995713108 -0.083335648
1317401239.447211027 257.913654639 143.184880734 -3.297475311 -0.010557101 0.039833780 0.995624806 -0.083863358
1317401239.551130056 257.167944189 143.053033363 -3.294680941 -0.011942883 0.038099564 0.995615303 -0.084592899
1317401239.655048847 256.438740898 142.927961526 -3.289787284 -0.011349523 0.039693925 0.995510209 -0.085176311
1317401239.758991957 255.733553493 142.806334757 -3.282664520 -0.009062596 0.039929365 0.995493026 -0.085540340
1317401239.862956047 255.057264916 142.687787227 -3.280175112 -0.006770786 0.040497653 0.995473804 -0.085708824
1317401239.966923952 254.405306404 142.570658108 -3.276566716 -0.005780548 0.039541185 0.995481044 -0.086142738
1317401240.070867062 253.777385433 142.460620589 -3.270552092 -0.006300725 0.039349344 0.995397930 -0.087148670
1317401240.174808025 253.183105211 142.352902332 -3.260626699 -0.007842511 0.039309482 0.995240183 -0.088827006
1317401240.278752089 252.607928241 142.250441765 -3.251422120 -0.009279180 0.039605506 0.994995036 -0.091269812
1317401240.382671118 252.068108594 142.150506047 -3.241638631 -0.009734643 0.038957020 0.994768813 -0.093928679
1317401240.486613035 251.559814857 142.057327066 -3.234034600 -0.009911302 0.037987086 0.994566877 -0.096413042
1317401240.590579033 251.079115478 141.963072673 -3.229070261 -0.010140283 0.036990236 0.994325035 -0.099230149
1317401240.694545984 250.630383150 141.867038835 -3.224547048 -0.010062958 0.036815490 0.994033126 -0.102183663
1317401240.798511982 250.202132116 141.777596742 -3.221004127 -0.009231133 0.037129892 0.993712435 -0.105222406
1317401240.902503014 249.787265316 141.689478815 -3.217649582 -0.008503754 0.036644362 0.993375034 -0.108585996
1317401241.006493092 249.397923190 141.596423609 -3.215121756 -0.008471857 0.035724573 0.992992754 -0.112327084
1317401241.110483885 249.027038314 141.499901066 -3.209725360 -0.008443339 0.034519952 0.992560483 -0.116450721
1317401241.214476109 248.670626614 141.404123578 -3.205141869 -0.007692718 0.034491550 0.992000301 -0.121188108
1317401241.318466902 248.331599767 141.314294289 -3.202399628 -0.006915331 0.034510077 0.991400358 -0.126041913
1317401241.422458887 247.998228785 141.223484979 -3.197948200 -0.005800277 0.033940152 0.990712719 -0.131539843
1317401241.526426077 247.680565377 141.129673275 -3.193024671 -0.004467267 0.032911549 0.989998031 -0.137115906
1317401241.630367994 247.374894324 141.042268514 -3.187828004 -0.002576783 0.032231883 0.989201830 -0.142948263
1317401241.734309912 247.078525047 140.947620688 -3.184039111 -0.001070891 0.031678952 0.988249267 -0.149528202
1317401241.838253021 246.793832316 140.859722823 -3.182609482 -0.000075189 0.030986812 0.987230068 -0.156258137
1317401241.942174911 246.526178317 140.764919879 -3.181887908 0.000111375 0.030369472 0.986022873 -0.163818729
1317401242.046070099 246.265019709 140.672144401 -3.180027757 0.000063964 0.030111215 0.984705666 -0.171604379
1317401242.149920940 246.010424030 140.576709153 -3.178242754 -0.000050197 0.030098555 0.983018554 -0.181020985
1317401242.253742933 245.759562067 140.480044530 -3.171488802 -0.000558877 0.030143185 0.980986211 -0.191721492
1317401242.357558966 245.508212562 140.363738792 -3.162813048 -0.001240775 0.029064647 0.978564347 -0.203876250
1317401242.461358070 245.268793399 140.253960018 -3.150902953 -0.002236115 0.026613445 0.975876207 -0.216684918
1317401242.565135002 245.043123055 140.138435124 -3.140523042 -0.002984707 0.024060538 0.972861727 -0.230113540
1317401242.668932915 244.815230789 140.017885148 -3.133483182 -0.004107053 0.022366017 0.969697839 -0.243246778
1317401242.772751093 244.601476766 139.897796903 -3.124367717 -0.005079926 0.021510008 0.966213985 -0.256791839
1317401242.876550913 244.392858625 139.767422698 -3.115000876 -0.005374766 0.020609199 0.962436693 -0.270669511
1317401242.980328083 244.189398204 139.637607868 -3.111505501 -0.005369413 0.020218599 0.958373370 -0.284750525
1317401243.084103107 243.993759861 139.508898347 -3.104936313 -0.004989702 0.020278608 0.953928534 -0.299306254
1317401243.187850952 243.797392426 139.371133423 -3.101688646 -0.004073220 0.020092358 0.949170718 -0.314093383
1317401243.291578770 243.593238003 139.214763922 -3.095637684 -0.002578855 0.019327904 0.943952990 -0.329503467
1317401243.395304918 243.390601474 139.041966930 -3.096038400 -0.001326309 0.018514555 0.938171628 -0.345672459
1317401243.499054909 243.177796840 138.855712232 -3.092941538 -0.000123938 0.017861020 0.932121849 -0.361704060
1317401243.602804899 242.960151027 138.657900091 -3.092799162 0.000914517 0.018843354 0.925423289 -0.378465094
1317401243.706510067 242.744645389 138.449453004 -3.084790069 0.001962541 0.019988268 0.917939290 -0.396212163
1317401243.810214043 242.529857947 138.222398813 -3.083106740 0.002501689 0.021029667 0.910155967 -0.413724075
1317401243.913943052 242.313934559 137.975349533 -3.071143326 0.002378083 0.021999425 0.901629584 -0.431942661
1317401244.017669916 242.099004383 137.704180713 -3.067040079 0.002656438 0.022917214 0.892801804 -0.449858515
1317401244.121395111 241.885794698 137.412168173 -3.056296194 0.003187172 0.022785702 0.883112087 -0.468597583
1317401244.225120068 241.682055969 137.094986744 -3.050410891 0.004147613 0.021441513 0.873377007 -0.486554892
1317401244.328846931 241.480366100 136.755908606 -3.042016460 -0.004054525 -0.020328693 -0.862917165 0.504920064
1317401244.432573080 241.284885461 136.401967436 -3.031751330 -0.003024771 -0.020026773 -0.852190299 0.522839817
1317401244.536324978 241.095377426 136.026605804 -3.012792174 -0.002156767 -0.020405352 -0.841306509 0.540168796
1317401244.640125036 240.912854501 135.623730964 -2.995184383 -0.001405459 -0.020361422 -0.830061262 0.557298607
1317401244.743949890 240.748761014 135.205487815 -2.981515639 -0.000473514 -0.019923671 -0.819196902 0.573165996
1317401244.847820044 240.590713987 134.763755452 -2.968967251 0.000739848 -0.019956903 -0.808762452 0.587796284
1317401244.951784849 240.443362441 134.301504299 -2.954069230 0.001580972 -0.020138644 -0.799308569 0.600581174
1317401245.055799007 240.307631213 133.811551028 -2.937359091 0.001971847 -0.020234042 -0.791146594 0.611288608
1317401245.159862995 240.182807539 133.297122437 -2.922246247 0.002123156 -0.020197590 -0.784279311 0.620075409
1317401245.263976097 240.060277417 132.742788882 -2.909589761 0.002708649 -0.020816042 -0.778353787 0.627474890
1317401245.368108988 239.943258742 132.175781852 -2.900431906 0.004335139 -0.022802537 -0.773023653 0.633952430
1317401245.472218037 239.819262789 131.588003026 -2.887485589 0.006883737 -0.025285936 -0.767314984 0.640734696
1317401245.576256990 239.703256835 130.976438244 -2.867975372 0.009681591 -0.026550974 -0.760887372 0.648268246
1317401245.680273056 239.587592484 130.338486251 -2.843666660 0.012969544 -0.027285244 -0.753299136 0.656983804
1317401245.784261942 239.497079128 129.697833946 -2.820363892 0.016166583 -0.027479190 -0.744909720 0.666403064
1317401245.888205051 239.425938672 129.054624678 -2.797580460 0.019155717 -0.027341889 -0.735490293 0.676712279
1317401245.992147923 239.373584663 128.407883456 -2.776649166 0.021354594 -0.026888017 -0.725796039 0.687052492
1317401246.096115112 239.345054537 127.781254557 -2.759336524 0.022730797 -0.026546580 -0.715934120 0.697292569
1317401246.200081110 239.334824108 127.165771399 -2.741298086 0.023235298 -0.025958982 -0.706091911 0.707262657
1317401246.304047108 239.343608128 126.570132819 -2.725918485 0.022639813 -0.025691770 -0.696674701 0.716569420
1317401246.408037901 239.374809470 125.986273962 -2.710555050 0.021159991 -0.025693484 -0.687308254 0.725602828
1317401246.512053013 239.438754713 125.409418071 -2.698034986 0.019224066 -0.026078072 -0.678541863 0.733846926
1317401246.616092920 239.506098981 124.841350308 -2.684802336 0.017298597 -0.026285942 -0.670578359 0.741171014
1317401246.720202923 239.582765875 124.277131179 -2.669312280 0.015397644 -0.026217365 -0.664101445 0.747023984
1317401246.824362040 239.672778296 123.711057021 -2.655404681 0.013461412 -0.025276821 -0.659230427 0.751395446
1317401246.928544044 239.753545607 123.132320932 -2.642158033 0.011777896 -0.023989408 -0.655249155 0.754939954
1317401247.032752037 239.852539251 122.570334338 -2.627675376 0.011120948 -0.023270917 -0.652043962 0.757742345
1317401247.136910915 239.938617154 122.007700514 -2.608766038 0.011497956 -0.022508822 -0.648733096 0.760596161
1317401247.241043091 240.038240527 121.447428834 -2.588559519 0.012053880 -0.021922724 -0.645435122 0.763405267
1317401247.345156908 240.137481787 120.885125304 -2.568901255 0.012403607 -0.021621299 -0.642064627 0.766245185
1317401247.449245930 240.241641952 120.319061523 -2.550322211 0.011974994 -0.021790913 -0.638763041 0.769001647
1317401247.553353071 240.353551962 119.751612320 -2.533719824 0.010916172 -0.021989979 -0.635826647 0.771441348
1317401247.657464027 240.466208681 119.152617208 -2.518648089 0.009917359 -0.022321786 -0.633644046 0.773239036
1317401247.761574984 240.585466662 118.557234242 -2.501581041 0.008895312 -0.022809286 -0.632221241 0.774401003
1317401247.865663052 240.702643603 117.942859051 -2.484920784 0.008692962 -0.023332636 -0.630687379 0.775637448
1317401247.969748974 240.826672978 117.315882833 -2.466685293 0.009035756 -0.023595294 -0.629490058 0.776597633
1317401248.073832989 240.958657145 116.677603024 -2.447032731 0.009506890 -0.023448994 -0.628233152 0.777613574
1317401248.177896023 241.103304284 116.023582986 -2.424732638 0.009465568 -0.022717841 -0.626949933 0.778670716
1317401248.281938076 241.252838454 115.355019596 -2.401717090 0.009475536 -0.022351908 -0.625635480 0.779737682
1317401248.385952950 241.407090138 114.671407981 -2.380399641 0.009576175 -0.022160535 -0.624241839 0.780858076
1317401248.489964962 241.560358331 113.977270628 -2.359493463 0.009167741 -0.021814326 -0.622686496 0.782113557
1317401248.593981028 241.725766143 113.274309807 -2.340616317 0.008653270 -0.021888808 -0.621334662 0.783191700
1317401248.697995663 241.895835754 112.556343739 -2.318331266 0.007948500 -0.022048266 -0.620074520 0.784192760
1317401248.802010059 242.076167379 111.825826492 -2.295155524 0.006260417 -0.022326955 -0.619108590 0.784962973
1317401248.906049013 242.256258661 111.084073252 -2.270327919 0.003777021 -0.023034597 -0.618864876 0.785150563
1317401249.010087013 242.451475934 110.332438810 -2.245404798 0.002363992 -0.023559001 -0.618927002 0.785091556
1317401249.114125967 242.644609562 109.564801201 -2.222318437 0.002589633 -0.023467010 -0.619091876 0.784963593
1317401249.218163967 242.839406141 108.775554695 -2.194342429 0.003392368 -0.022367206 -0.619410428 0.784741309
1317401249.322155952 243.038397877 107.970309184 -2.164948544 0.004207868 -0.021780608 -0.619479125 0.784699632
1317401249.426121950 243.234279982 107.154678378 -2.131557814 0.003891729 -0.022258619 -0.618565381 0.785408351
1317401249.530090094 243.441617056 106.329039044 -2.103071741 0.003542658 -0.023087838 -0.617379417 0.786318674
1317401249.634057045 243.655008439 105.486017562 -2.074562091 0.004223754 -0.022816632 -0.616018131 0.787390134
1317401249.738023281 243.867768689 104.630107759 -2.045339804 0.006011838 -0.021648285 -0.614340641 0.788720981
1317401249.841967106 244.096238648 103.767258665 -2.011028214 0.007168503 -0.021117092 -0.612426821 0.790212674
1317401249.945884943 244.325377912 102.878407145 -1.976561593 0.008159903 -0.021830302 -0.610219098 0.791889832
1317401250.049802065 244.562407509 101.984351647 -1.945976105 0.007649808 -0.022841727 -0.607637387 0.793849193
1317401250.153744936 244.811069064 101.077472076 -1.915206553 0.006438700 -0.024349107 -0.605876264 0.795160121
1317401250.257711887 245.063854298 100.169984010 -1.882446524 0.004378631 -0.024552201 -0.604340970 0.796335362
1317401250.361702919 245.330932911 99.249608914 -1.848499466 0.001413271 -0.023333470 -0.603763592 0.796820605
1317401250.465694904 245.604619040 98.317018715 -1.816512665 -0.000184101 -0.021090575 -0.603569498 0.797031377
1317401250.569684982 245.883741229 97.366741076 -1.775423434 -0.001779448 -0.019186075 -0.603955976 0.796784731
1317401250.673697948 246.159449347 96.410712116 -1.735201233 -0.003720067 -0.018181249 -0.604323111 0.796523183
1317401250.777714014 246.441868888 95.448434428 -1.694096605 -0.005220376 -0.017560156 -0.604806175 0.796161968
1317401250.881728649 246.726292554 94.471090106 -1.656406797 -0.006534201 -0.015248591 -0.605533192 0.795647119
1317401250.985765934 247.007405200 93.488641981 -1.619957801 -0.006391775 -0.011635939 -0.606530428 0.794949426
1317401251.089806080 247.287975439 92.500638855 -1.580777686 -0.005816513 -0.009595045 -0.608060488 0.793811405
1317401251.193845987 247.566805866 91.509365063 -1.540352576 -0.006529053 -0.008982709 -0.610249846 0.792131181
1317401251.297908068 247.836070244 90.511763911 -1.507702713 -0.007991684 -0.009543779 -0.613259989 0.789783030
1317401251.401993990 248.098961297 89.511538808 -1.476554270 -0.008944706 -0.010071783 -0.616958951 0.786880045
1317401251.506104946 248.349726677 88.497600441 -1.440238596 -0.008406501 -0.009722384 -0.621556131 0.783264184
1317401251.610215902 248.591652981 87.483405289 -1.402349158 -0.008010651 -0.007959025 -0.626860787 0.779049445
1317401251.714303017 248.816401757 86.456443332 -1.371228884 -0.006451909 -0.006897061 -0.632349579 0.774625596
1317401251.818366051 249.033106387 85.425065560 -1.334353753 -0.005888801 -0.007213443 -0.637844428 0.770108936
1317401251.922415972 249.233072223 84.388532289 -1.299886416 -0.006787926 -0.008128348 -0.643043439 0.765756482
1317401252.026407957 249.428746594 83.349033727 -1.269380335 -0.007186211 -0.009726374 -0.647520494 0.761952076
1317401252.130364895 249.605207450 82.306366462 -1.236890411 -0.006006267 -0.010875610 -0.651620178 0.758443662
1317401252.234282017 249.772636804 81.251122739 -1.200622024 -0.004430713 -0.011678746 -0.655010527 0.755516502
1317401252.338151932 249.933987904 80.190123649 -1.159785412 -0.003075950 -0.012900772 -0.657495686 0.753341577
1317401252.441998005 250.086302948 79.131223686 -1.120947195 -0.002019147 -0.014303328 -0.659032022 0.751976151
1317401252.545821905 250.236862378 78.060928058 -1.084271364 -0.001052309 -0.014825288 -0.659604141 0.751466221
1317401252.649620056 250.388849609 76.988357807 -1.048978562 0.000240332 -0.014746359 -0.659401034 0.751646701
1317401252.753418922 250.539969199 75.912274244 -1.013105705 0.001256585 -0.014915945 -0.658418184 0.752503443
1317401252.857218027 250.694808271 74.833808798 -0.974296649 0.001806967 -0.015844994 -0.657513013 0.753274391
1317401252.960993052 250.851119886 73.749897996 -0.939806292 0.002284891 -0.016699453 -0.656202493 0.754396577
1317401253.064769983 251.013615587 72.656548136 -0.907630046 0.003406586 -0.017122304 -0.654852713 0.755554860
1317401253.168542862 251.178910453 71.550813588 -0.871893822 0.004203560 -0.017854707 -0.653384805 0.756803697
1317401253.272291899 251.347952619 70.445562693 -0.832538283 0.004126000 -0.018495040 -0.651888559 0.758077975
1317401253.376066923 251.522998561 69.330502834 -0.798911305 0.004636334 -0.018295862 -0.650565025 0.759215986
1317401253.479866028 251.698350123 68.212700823 -0.765025148 0.006229552 -0.016639979 -0.649663531 0.760014211
1317401253.583666086 251.881517792 67.087560810 -0.733067133 0.007508077 -0.015299278 -0.649007969 0.760590703
1317401253.687465906 252.065691282 65.954541127 -0.702702958 0.008006574 -0.015589061 -0.648765218 0.760786808
1317401253.791239977 252.252690489 64.811665449 -0.676153373 0.007574602 -0.016463814 -0.648605467 0.760909006
1317401253.895037889 252.441224069 63.664868213 -0.650247581 0.006597007 -0.016814646 -0.648598329 0.760916523
1317401253.998861074 252.629246064 62.507657361 -0.621498388 0.005607346 -0.016451028 -0.648617478 0.760916085
1317401254.102663994 252.821810954 61.346151038 -0.590451862 0.004025947 -0.015767409 -0.648515834 0.761027196
1317401254.206461906 253.020405826 60.176899731 -0.558690413 0.003291609 -0.014838972 -0.648509235 0.761055019
1317401254.310254097 253.221687648 59.002545914 -0.527862661 0.002779458 -0.013238855 -0.648481997 0.761109787
1317401254.414052963 253.424269573 57.812186453 -0.496060854 0.003041930 -0.012208688 -0.648543377 0.761073704
1317401254.517875910 253.622367477 56.624789832 -0.467658986 0.003234836 -0.012446943 -0.648548777 0.761064447
1317401254.621675968 253.819725020 55.434127987 -0.437537575 0.003254255 -0.013994788 -0.648474640 0.761100648
1317401254.725450039 254.022438152 54.230764887 -0.407368034 0.002855515 -0.015678248 -0.648262519 0.761250120
1317401254.829251051 254.222333717 53.025449726 -0.373005270 0.002424892 -0.016862588 -0.648072440 0.761388131
1317401254.933073997 254.421475475 51.808197809 -0.332609070 0.003687542 -0.017416417 -0.647891127 0.761524890
1317401255.036895990 254.623451625 50.586012280 -0.294933747 0.005141139 -0.016586057 -0.647886565 0.761538883
1317401255.140717030 254.828753028 49.362015626 -0.258468407 0.006585923 -0.016842287 -0.647635512 0.761735654
1317401255.244539022 255.031103152 48.134002162 -0.223579917 0.007541138 -0.017807449 -0.647454908 0.761858365
1317401255.348362923 255.229072442 46.903237901 -0.189992111 0.006982266 -0.018262119 -0.647327681 0.761961034
1317401255.452187061 255.441282769 45.662809721 -0.153868608 0.005196265 -0.018662604 -0.647230477 0.762048172
1317401255.556010962 255.653280579 44.424832599 -0.115204191 0.002924882 -0.018275134 -0.647056634 0.762217277
1317401255.659833908 255.871469580 43.185904846 -0.074367165 0.002380441 -0.016670960 -0.646996892 0.762306654
1317401255.763655901 256.096925965 41.940349824 -0.034970040 0.002067210 -0.015200335 -0.646859372 0.762455001
1317401255.867478132 256.311059874 40.698623958 0.007074640 0.003035863 -0.014694358 -0.646786527 0.762523473
1317401255.971302032 256.525015880 39.448575271 0.040280648 0.004378009 -0.015072288 -0.646276215 0.762942143
1317401256.075098991 256.744193135 38.190811989 0.086158050 0.004680660 -0.015451845 -0.645747904 0.763379968
1317401256.178899050 256.959540301 36.936442091 0.121294950 0.004551861 -0.015225821 -0.645214385 0.763836273
1317401256.282720089 257.178189370 35.682768925 0.151307479 0.003477548 -0.014362379 -0.644792896 0.764214466
1317401256.386542082 257.403303616 34.430303203 0.189566369 0.001974559 -0.013352807 -0.644437274 0.764538032
1317401256.490340948 257.629625722 33.179621750 0.223550506 0.001681414 -0.012847039 -0.644104177 0.764828043
1317401256.594139099 257.858313581 31.926722295 0.261175008 0.002630269 -0.012080790 -0.643671432 0.765202080
1317401256.697915077 258.081123910 30.677081837 0.298725225 0.004797420 -0.011835649 -0.643055678 0.765712934
1317401256.801666021 258.301061511 29.433101999 0.333180240 0.006916719 -0.011686388 -0.642445234 0.766211269
1317401256.905415058 258.527142200 28.183233969 0.363916543 0.008293604 -0.011713311 -0.641827445 0.766714774
1317401257.009169102 258.751495936 26.938334303 0.392268367 0.008187484 -0.012072837 -0.641193734 0.767240384
1317401257.112921953 258.982446065 25.697211942 0.422505559 0.007495310 -0.012762030 -0.640651013 0.767689541
1317401257.216670036 259.216344069 24.456401518 0.451451456 0.006884978 -0.012308796 -0.640151392 0.768119318
1317401257.320417881 259.449377302 23.215216387 0.479854696 0.007235541 -0.011491610 -0.639723146 0.768485450
1317401257.424170971 259.683484626 21.977456338 0.508182469 0.008399707 -0.010748888 -0.639156306 0.768955865
1317401257.527921915 259.919859364 20.751356845 0.534076282 0.009438893 -0.010840939 -0.638642698 0.769369148
1317401257.631648064 260.154500660 19.515796514 0.559538593 0.009286978 -0.011150809 -0.638049317 0.769858741
1317401257.735421896 260.390664454 18.289992814 0.584363752 0.008367128 -0.011793125 -0.637552520 0.770271185
1317401257.839220047 260.629925333 17.067969351 0.610797395 0.006940957 -0.011689046 -0.637073594 0.770683090
1317401257.943043947 260.869654537 15.850501797 0.636882790 0.006454560 -0.010674959 -0.637018935 0.770747209
1317401258.046891928 261.107703062 14.630630927 0.661664182 0.007201366 -0.009273289 -0.637310085 0.770518009
1317401258.150713205 261.349345696 13.407417483 0.685506485 0.008446303 -0.008992898 -0.637900468 0.770019987
1317401258.254535913 261.586674207 12.189380390 0.707065937 0.009389750 -0.009891127 -0.637883271 0.770012293
1317401258.358335018 261.820596672 10.981661375 0.727892806 0.009654865 -0.011148928 -0.637819055 0.770045023
1317401258.462133646 262.055311599 9.764845294 0.751756748 0.008432902 -0.011827498 -0.637907459 0.769976019
1317401258.565958261 262.294319680 8.558789165 0.779770921 0.007166805 -0.012020816 -0.637850914 0.770032693
1317401258.669756889 262.531979006 7.354812855 0.801502525 0.006954248 -0.010962174 -0.638167867 0.769787791
1317401258.773554087 262.768516838 6.149434108 0.827569913 0.006659057 -0.010327709 -0.637727206 0.770164272
1317401258.877352953 263.006267470 4.951201649 0.856180679 0.006829022 -0.010642264 -0.637628627 0.770240119
1317401258.981127977 263.239855575 3.761610935 0.883266680 0.007787025 -0.010884069 -0.637066935 0.770692299
1317401259.084902048 263.476092953 2.570551154 0.904676297 0.007993388 -0.010915135 -0.636893571 0.770833020
1317401259.188677073 263.714004545 1.378365454 0.933372434 0.007096693 -0.012794490 -0.636468788 0.771163679
1317401259.292475939 263.951031261 0.189866314 0.961283276 0.005529592 -0.014332107 -0.636268327 0.771314871
1317401259.396297932 264.187139414 -0.984298772 0.993725192 0.004977631 -0.014401069 -0.636150777 0.771414300
1317401259.500097036 264.425908943 -2.164920268 1.026400835 0.005725367 -0.013774085 -0.635984213 0.771557889
1317401259.603897095 264.662217858 -3.338931160 1.057582077 0.007084006 -0.013098244 -0.635646452 0.771836668
1317401259.707695007 264.897394703 -4.516523222 1.088669660 0.008372012 -0.012892056 -0.635266766 0.772139781
1317401259.811492920 265.131995460 -5.681888385 1.118457605 0.008985840 -0.013422522 -0.634958146 0.772377656
1317401259.915316105 265.365837237 -6.855812884 1.148518886 0.008262161 -0.013762061 -0.634477473 0.772774662
1317401260.019115925 265.598026400 -8.007516192 1.177129717 0.007535184 -0.014159342 -0.634350196 0.772879397
1317401260.122915030 265.834346743 -9.156706121 1.210233210 0.006691974 -0.013321808 -0.634299620 0.772943555
1317401260.226736069 266.072552637 -10.302211088 1.237830870 0.006713434 -0.012499878 -0.634231337 0.773013126
1317401260.330534935 266.304758918 -11.445093662 1.267122903 0.007356137 -0.011764468 -0.634121969 0.773108539
1317401260.434335947 266.538469753 -12.587592716 1.295758518 0.008249586 -0.011919099 -0.633832768 0.773334275
1317401260.538134098 266.768976410 -13.723196837 1.322756437 0.008367108 -0.011862200 -0.633465282 0.773634937
1317401260.641907930 267.001109182 -14.853313640 1.347913772 0.008344023 -0.011763690 -0.633303677 0.773768987
1317401260.745707989 267.231012878 -15.976989396 1.373411798 0.008514318 -0.011951706 -0.633064408 0.773960023
1317401260.849505901 267.464557461 -17.089023872 1.398197573 0.007693005 -0.012205938 -0.633039589 0.773984956
1317401260.953305960 267.695751638 -18.192935561 1.423930194 0.007661022 -0.012314134 -0.632894350 0.774102327
1317401261.057104111 267.926247115 -19.288792250 1.450379933 0.007930513 -0.012211129 -0.632613336 0.774330912
1317401261.160902262 268.154996460 -20.369460243 1.478524043 0.008702494 -0.012105605 -0.632493887 0.774421852
1317401261.264723063 268.379331995 -21.432066736 1.509370449 0.009132030 -0.011647938 -0.632304133 0.774578863
1317401261.368545055 268.595984633 -22.475378224 1.536895512 0.009543781 -0.010903268 -0.632164850 0.774698417
1317401261.472371101 268.813405395 -23.500732124 1.562916186 0.009878262 -0.010237545 -0.631930674 0.774894338
1317401261.576193094 269.031445812 -24.501534789 1.587154656 0.009903722 -0.009723994 -0.631772333 0.775029728
1317401261.680015087 269.246166619 -25.481057796 1.610301729 0.008733284 -0.009218890 -0.631636451 0.775160716
1317401261.783838034 269.455817047 -26.447066606 1.632117455 0.008776886 -0.008924710 -0.631585450 0.775205221
1317401261.887659073 269.658976188 -27.396916607 1.654893748 0.009847452 -0.007943042 -0.631368824 0.775379484
1317401261.991485119 269.860157732 -28.331435747 1.666737645 0.011360159 -0.006587448 -0.631387888 0.775355975
1317401262.095308065 270.051774135 -29.252879604 1.687260610 0.011907066 -0.007308379 -0.631182349 0.775508641
1317401262.199131250 270.241844101 -30.150865683 1.697870877 0.009448329 -0.009492993 -0.631181117 0.775519832
1317401262.302978992 270.423912559 -31.028718622 1.705615468 0.006957787 -0.012067633 -0.631816666 0.774992685
1317401262.406850100 270.606009199 -31.904716535 1.725548393 0.008100100 -0.013861472 -0.632832216 0.774122493
1317401262.510746002 270.784831702 -32.772316950 1.753320347 0.009364993 -0.012073731 -0.634080663 0.773115926
1317401262.614662886 270.956935728 -33.628108761 1.773267950 0.010349375 -0.010657457 -0.635594409 0.771880208
1317401262.718580008 271.128268336 -34.459864843 1.790576673 0.012484301 -0.011297697 -0.636927666 0.770739679
1317401262.822521925 271.279515775 -35.279545520 1.811716308 0.014542636 -0.011883300 -0.638090166 0.769732576
1317401262.926487923 271.427028096 -36.070402084 1.831665784 0.015923170 -0.011257817 -0.639716207 0.768363773
1317401263.030431032 271.574496045 -36.846372230 1.847992410 0.017014985 -0.010312354 -0.641102291 0.767197496
1317401263.134351015 271.711209685 -37.593056982 1.863830348 0.017490516 -0.009426789 -0.642565341 0.765973237
1317401263.238292933 271.838611109 -38.324088258 1.861850149 0.018032929 -0.009535158 -0.643763288 0.764952759
1317401263.342236042 271.966016850 -39.027837595 1.872731638 0.018832954 -0.010372541 -0.644948167 0.763923813
1317401263.446192980 272.081620459 -39.714531566 1.880601929 0.019460764 -0.012488344 -0.645975816 0.763007579
1317401263.550159931 272.194127326 -40.374471188 1.892780240 0.020062287 -0.014711424 -0.647218946 0.761898100
1317401263.654109955 272.301626365 -41.018264533 1.900646670 0.020603025 -0.016401678 -0.648155588 0.761052451
1317401263.758076906 272.399034142 -41.639120126 1.914410555 0.020123425 -0.017137512 -0.649127086 0.760220613
1317401263.862044811 272.499951569 -42.242666773 1.924641989 0.019932417 -0.017369888 -0.650087932 0.759398885
1317401263.966012955 272.592591703 -42.820219097 1.937819271 0.019589340 -0.018051285 -0.650815928 0.758768105
1317401264.070003033 272.680060574 -43.381682400 1.945456814 0.018685292 -0.018316314 -0.651512037 0.758186941
1317401264.173991919 272.764458294 -43.924619475 1.957171996 0.017504591 -0.017819983 -0.652431641 0.757435800
1317401264.277981997 272.850761381 -44.442127103 1.967335860 0.017044336 -0.016783772 -0.653097523 0.756895911
1317401264.381952047 272.931743692 -44.935453508 1.977404087 0.016473845 -0.016333893 -0.653273290 0.756766691
1317401264.485893011 273.008515384 -45.408456375 1.988986529 0.016138930 -0.016427468 -0.653214106 0.756822968
1317401264.589834929 273.086553235 -45.863648889 1.997500751 0.015410244 -0.016276452 -0.652523291 0.757437097
1317401264.693732023 273.171657855 -46.296794288 2.008108269 0.015239705 -0.016412920 -0.650889614 0.758841932
1317401264.797626972 273.254760501 -46.703697496 2.017379911 0.015093049 -0.016245159 -0.648653367 0.760760872
1317401264.901521921 273.324027371 -47.086051606 2.030303034 0.014410315 -0.015732211 -0.645864420 0.763153976
1317401265.005414963 273.395459620 -47.453598810 2.038130298 0.013198546 -0.014777538 -0.642724187 0.765841395
1317401265.109308958 273.469424641 -47.806160145 2.045920412 0.012091173 -0.013920670 -0.639247861 0.768779676
1317401265.213156939 273.548740514 -48.134326536 2.053149161 0.011251982 -0.013348313 -0.634893558 0.772402347
1317401265.316956043 273.633938865 -48.440362102 2.058708471 0.011103328 -0.012781958 -0.629534279 0.776788214
1317401265.420706987 273.712915115 -48.724654253 2.063824763 0.011356468 -0.012626193 -0.622671423 0.782299117
1317401265.524408102 273.803310575 -48.998184757 2.070315257 0.012212802 -0.012940117 -0.613728025 0.789316991
1317401265.628062963 273.903019690 -49.268903894 2.081463425 0.012816235 -0.012625768 -0.602817900 0.797675945
1317401265.731717110 273.991123343 -49.533511302 2.093327299 0.012613418 -0.011109059 -0.590226908 0.807062382
1317401265.835421085 274.096163772 -49.793932980 2.101945006 0.011210968 -0.009083918 -0.577157933 0.816505063
1317401265.939126015 274.207467051 -50.057055157 2.108227909 0.009367973 -0.007031575 -0.563205030 0.826234163
1317401266.042804003 274.329759783 -50.308728377 2.113717938 0.007677282 -0.005308692 -0.547787323 0.836565554
1317401266.146482944 274.462351543 -50.547360492 2.117971800 0.006322912 -0.003899568 -0.531831381 0.846817688
1317401266.250185013 274.588926992 -50.779580218 2.121390732 0.004850962 -0.002812862 -0.515750991 0.856720183
1317401266.353887081 274.718049847 -51.015970617 2.120969211 0.003674522 -0.002422770 -0.499138392 0.866511104
1317401266.457591057 274.864885408 -51.253794960 2.120073388 0.002144640 -0.002532496 -0.481555195 0.876409482
1317401266.561305046 275.012872693 -51.496084759 2.117917414 0.001322518 -0.002628236 -0.463329163 0.886181375
1317401266.665004969 275.194101180 -51.737276289 2.118544301 0.000792183 -0.002365097 -0.444459519 0.895795465
1317401266.768719912 275.383755931 -51.985716024 2.117193096 0.000826263 -0.002427525 -0.424608029 0.905373650
1317401266.872423887 275.582361681 -52.229157764 2.125310549 0.001646194 -0.002151456 -0.403841664 0.914824886
1317401266.976129055 275.796542938 -52.477738834 2.134263345 0.001879791 -0.001884362 -0.382203347 0.924074411
1317401267.079855919 276.045214477 -52.720468705 2.146155528 0.000858008 -0.001541980 -0.359262133 0.933235022
1317401267.183581114 276.320111059 -52.953901555 2.143491440 -0.001435810 -0.001224556 -0.335617209 0.941996565
1317401267.287333012 276.610403196 -53.193901257 2.134656640 -0.003224021 -0.000968370 -0.311307730 0.950303196
1317401267.391134024 276.934698999 -53.430104783 2.127933851 -0.003791550 -0.000380919 -0.287878370 0.957659398
1317401267.494982004 277.284041674 -53.662299779 2.127849497 -0.003891870 0.000760021 -0.265424728 0.964123430
1317401267.598850965 277.653168992 -53.887022443 2.136559232 -0.003981484 0.002033658 -0.243490966 0.969892861
1317401267.702765942 278.060174273 -54.104400785 2.141726710 -0.004964269 0.001599163 -0.222529265 0.974912060
1317401267.806734085 278.499777234 -54.304256252 2.137686319 -0.005332657 0.000167689 -0.203056115 0.979152567
1317401267.910723925 278.965677827 -54.509485176 2.131832241 -0.005390901 -0.000884048 -0.184299145 0.982855016
1317401268.014763117 279.468014216 -54.702703609 2.122452395 -0.004423030 -0.001859942 -0.167070208 0.985933326
1317401268.118803024 280.000291551 -54.893360085 2.123182522 -0.002620535 -0.001813959 -0.149542778 0.988750120
1317401268.222794056 280.569035718 -55.062649811 2.115227674 -0.000644104 -0.000753581 -0.131068174 0.991372862
1317401268.326785088 281.160734357 -55.233447800 2.127243300 0.003556212 0.001612943 -0.112603993 0.993632272
1317401268.430824041 281.790622441 -55.383460955 2.134954837 0.004809875 0.005090522 -0.094760922 0.995475424
1317401268.534887075 282.453152616 -55.507753579 2.137030033 0.005962031 0.006409995 -0.078306694 0.996890881
1317401268.638950109 283.149159214 -55.616393548 2.121897056 0.008080178 0.005111543 -0.062792721 0.997980790
1317401268.743036985 283.871330520 -55.715955837 2.117544454 0.012191392 0.002432628 -0.047797401 0.998779686
1317401268.847172976 284.622841925 -55.794008262 2.104083491 0.013523514 0.001325213 -0.033749205 0.999337956
1317401268.951281071 285.412129150 -55.844739655 2.095554770 0.016823801 0.002365809 -0.020420615 0.999647118
1317401269.055344105 286.224234302 -55.890987837 2.099199793 0.020721776 0.005292964 -0.005936159 0.999753647
1317401269.159404993 287.053517304 -55.902298230 2.101412524 0.024096115 0.007119403 0.008463494 0.999648469
1317401269.263444901 287.918062682 -55.895494445 2.097836531 0.026458171 0.008508096 0.022943356 0.999350379
1317401269.367508888 288.801601603 -55.856844130 2.093132812 0.027738681 0.010930403 0.036053302 0.998905026
1317401269.471616030 289.707540243 -55.786013012 2.085555425 0.025473259 0.012584853 0.048304626 0.998428464
1317401269.575705051 290.637595188 -55.679554629 2.065395915 0.021904462 0.011943814 0.059056354 0.997942827
1317401269.679817915 291.586047042 -55.554842304 2.043089814 0.019966580 0.009974637 0.068940306 0.997371083
1317401269.783977032 292.550578709 -55.412391593 2.023715429 0.019149171 0.007538306 0.077124394 0.996809064
1317401269.888135910 293.543456580 -55.247277558 2.007755028 0.017094573 0.005499628 0.083680729 0.996330801
1317401269.992291927 294.557205365 -55.056936102 1.993467621 0.014773841 0.005708085 0.089065216 0.995899864
1317401270.096449137 295.591617374 -54.856768834 1.979487684 0.014084161 0.008361939 0.093749140 0.995461106
1317401270.200610161 296.637362881 -54.644988825 1.976719293 0.013945587 0.009857346 0.097769146 0.995062585
1317401270.304790974 297.693486011 -54.426056347 1.965700134 0.012402209 0.010154905 0.100470386 0.994810919
1317401270.408973932 298.747373257 -54.201736201 1.950702121 0.012703867 0.011957782 0.101928217 0.994638759
1317401270.513151884 299.799305258 -53.980522339 1.947557582 0.011810573 0.013022026 0.102788655 0.994547852
1317401270.617358923 300.840155760 -53.753473251 1.941238585 0.012115224 0.011937238 0.103022215 0.994533633
1317401270.721547127 301.888641424 -53.522539261 1.932664140 0.012065222 0.010456945 0.102520195 0.994602781
1317401270.825681925 302.935730448 -53.299224804 1.925953874 0.011608834 0.010567478 0.101963737 0.994664245
1317401270.929817200 303.991553285 -53.074194473 1.915990494 0.010842743 0.011343240 0.101689827 0.994692387
1317401271.033927917 305.037785912 -52.852678695 1.909539153 0.011534139 0.012346726 0.101424415 0.994699759
1317401271.137990952 306.095652551 -52.632010736 1.898758827 0.011990097 0.012391530 0.101131180 0.994723666
1317401271.242026091 307.140613030 -52.409956316 1.886420876 0.011451769 0.012752571 0.100858413 0.994753140
1317401271.346041203 308.198411511 -52.189455948 1.876963160 0.011707010 0.012689091 0.100419994 0.994795335
1317401271.450035095 309.244475255 -51.969591664 1.871283039 0.011076231 0.011392294 0.099861914 0.994874430
1317401271.554003000 310.288096251 -51.751244413 1.862948521 0.011398577 0.010052793 0.099662681 0.994905203
1317401271.657969952 311.326126821 -51.533097674 1.855081148 0.012099047 0.010133005 0.099542247 0.994908175
1317401271.761934996 312.372524790 -51.315835029 1.847769032 0.012651953 0.011632124 0.099267066 0.994912394
1317401271.865901709 313.411733736 -51.101369613 1.841062110 0.013447095 0.013457690 0.098886129 0.994916881
1317401271.969846010 314.435190934 -50.890259950 1.834519704 0.014154915 0.014329271 0.098201601 0.994962691
1317401272.073787928 315.466781161 -50.679151765 1.826099142 0.014920554 0.013818235 0.097870674 0.994991339
1317401272.177731037 316.497154812 -50.469843918 1.818356752 0.014722457 0.012467079 0.097124803 0.995085219
1317401272.281673908 317.519363191 -50.259542156 1.808059412 0.014680458 0.011923467 0.096621552 0.995141493
1317401272.385617971 318.536780184 -50.056154252 1.796149073 0.014821595 0.013709830 0.095915360 0.995184709
1317401272.489536047 319.540324829 -49.855470950 1.787916182 0.014391558 0.016120487 0.095383865 0.995205974
1317401272.593430996 320.524888603 -49.658940471 1.782974615 0.014397347 0.016736754 0.094760352 0.995255280
1317401272.697324991 321.504652149 -49.460513424 1.771920251 0.014151451 0.016015758 0.094497016 0.995295708
1317401272.801244020 322.458829036 -49.273911521 1.757775130 0.013951215 0.015854148 0.094046302 0.995343811
1317401272.905163050 323.403683534 -49.087317330 1.746207256 0.013336644 0.016195725 0.093630099 0.995385974
1317401273.009082079 324.331375002 -48.902403045 1.736705714 0.012124986 0.016042452 0.093438575 0.995421949
1317401273.112999916 325.241373675 -48.723643516 1.728543748 0.012705115 0.014883284 0.093216718 0.995453520
1317401273.216943026 326.126328028 -48.550268745 1.721048709 0.012218613 0.013469517 0.093176969 0.995483466
1317401273.320887089 326.998462813 -48.375511778 1.707992186 0.011779424 0.013199666 0.092804559 0.995527161
1317401273.424804211 327.854302797 -48.210164118 1.696216309 0.012136565 0.015371131 0.092641557 0.995506893
1317401273.528723001 328.690396837 -48.048670795 1.688562200 0.012118576 0.018923852 0.092449761 0.995463746
1317401273.632641077 329.506016575 -47.886732317 1.684637240 0.011651947 0.021281079 0.092200565 0.995444827
1317401273.736584902 330.296612866 -47.735195965 1.675197646 0.012510910 0.021347963 0.091987523 0.995452679
1317401273.840553045 331.057871444 -47.589453041 1.663887871 0.013478618 0.020228690 0.091603545 0.995498829
1317401273.944519281 331.793820406 -47.444461258 1.651618869 0.013209533 0.018753247 0.091215972 0.995566909
1317401274.048484087 332.506769842 -47.304076696 1.639606162 0.012895791 0.017698881 0.090410201 0.995663821
1317401274.152499914 333.194697029 -47.168548917 1.626667812 0.011238277 0.017206937 0.088756387 0.995841316
1317401274.256587029 333.849734338 -47.039580148 1.615708598 0.010026843 0.017188358 0.085012396 0.996181166
1317401274.360743284 334.476389457 -46.921062293 1.607521116 0.008618037 0.017436209 0.079158695 0.996672268
1317401274.464951038 335.080457097 -46.817104374 1.600426986 0.007763537 0.017944189 0.071169440 0.997272603
1317401274.569206953 335.654997514 -46.725660364 1.593033002 0.006750003 0.018331302 0.061014917 0.997945680
1317401274.673507929 336.209814915 -46.651062002 1.586506299 0.006063061 0.018809245 0.048623986 0.998621630
1317401274.777858019 336.732865073 -46.588679430 1.579326508 0.004940155 0.018475846 0.034204062 0.999231865
1317401274.882258892 337.231547785 -46.544579352 1.571636409 0.003597344 0.017658226 0.017059626 0.999692060
1317401274.986659050 337.716620382 -46.522454440 1.558794598 0.003070663 0.017093302 -0.002223335 0.999846712
1317401275.091058016 338.173708875 -46.521981810 1.549223690 0.004544641 0.016771810 -0.022318008 0.999599900
1317401275.195431948 338.631795344 -46.545903802 1.542862090 0.006105041 0.016502611 -0.043185113 0.998912127
1317401275.299782991 339.057725528 -46.585209296 1.537383498 0.006908943 0.015882031 -0.065067913 0.997730522
1317401275.404131889 339.461162997 -46.641819257 1.532790104 0.006013538 0.015095425 -0.087979498 0.995989746
1317401275.508457899 339.854254240 -46.710170551 1.527126370 0.005032437 0.014633302 -0.111166978 0.993681259
1317401275.612760067 340.234230425 -46.800627063 1.521663619 0.005094284 0.014746189 -0.134013600 0.990856676
1317401275.717036963 340.583876430 -46.903279025 1.514616251 0.005747121 0.014676212 -0.156172444 0.987604044
1317401275.821269035 340.925053238 -47.022368690 1.512091275 0.006734673 0.013919057 -0.178096369 0.983891553
1317401275.925452948 341.250722507 -47.143896442 1.507879158 0.006393343 0.013087263 -0.199717591 0.979745239
1317401276.029637098 341.554596304 -47.269786398 1.498394222 0.005495262 0.012044810 -0.221124893 0.975155632
1317401276.133796930 341.839285643 -47.408843541 1.490269156 0.005723554 0.010614952 -0.242140858 0.970166155
1317401276.237883091 342.098292211 -47.549258477 1.483467456 0.006969653 0.008806010 -0.261481661 0.965143108
1317401276.341922045 342.333659581 -47.690657015 1.478614283 0.009389623 0.006604806 -0.279578833 0.960054107
1317401276.445913076 342.544399467 -47.831355479 1.480246988 0.012592976 0.004512637 -0.296426819 0.954961881
1317401276.549853086 342.733721460 -47.968989086 1.487100782 0.014990910 0.003137530 -0.311963129 0.949970755
1317401276.653749943 342.900467874 -48.092385820 1.492603139 0.014968935 0.002196364 -0.325724490 0.945343675
1317401276.757646084 343.058788568 -48.207145674 1.492241983 0.012345054 0.001424690 -0.339078248 0.940676093
1317401276.861563921 343.200524429 -48.316788551 1.488623027 0.008779054 0.001148709 -0.352392843 0.935810287
1317401276.965481997 343.338072235 -48.430603062 1.484552870 0.005596293 0.001415223 -0.365679864 0.930722792
1317401277.069400072 343.472795037 -48.547433946 1.483046101 0.003344806 0.002946871 -0.378825624 0.925457333
1317401277.173321009 343.610842875 -48.664589293 1.481660724 0.001265319 0.004879493 -0.391816039 0.920029772
1317401277.277264118 343.743084181 -48.790754686 1.476581928 -0.000937911 0.006453380 -0.404661432 0.914443328
1317401277.381231070 343.876108161 -48.926915049 1.468077595 -0.001616305 0.006624215 -0.417750226 0.908536326
1317401277.485196114 343.989891122 -49.063665182 1.466886645 -0.000665649 0.005390692 -0.430431045 0.902607120
1317401277.589184046 344.094506282 -49.200860371 1.466627930 0.001041076 0.004294609 -0.442924627 0.896547962
1317401277.693173647 344.197092477 -49.345610292 1.470867805 0.002858038 0.004327141 -0.455603370 0.890167780
1317401277.797117949 344.310635687 -49.493807763 1.475664352 0.004817540 0.005661707 -0.467955632 0.883720693
1317401277.901036978 344.415439279 -49.646669585 1.477318456 0.006073753 0.006989996 -0.479201879 0.877655860
1317401278.004956007 344.520233910 -49.802254963 1.478704460 0.006937880 0.006830959 -0.490061527 0.871633468
1317401278.108875036 344.624013474 -49.959324393 1.480372530 0.007154389 0.005749822 -0.500454416 0.865714232
1317401278.212769985 344.715670702 -50.113981437 1.482980836 0.007299879 0.005214717 -0.510284019 0.859959149
1317401278.316641092 344.804804561 -50.270229085 1.487433152 0.006868340 0.006230401 -0.519803468 0.854235543
1317401278.420535088 344.897904124 -50.435964290 1.486841829 0.005300388 0.008164880 -0.529045667 0.848537520
1317401278.524430037 344.984090869 -50.604713724 1.479339066 0.004307859 0.009707181 -0.538121457 0.842800398
1317401278.628303051 345.062364416 -50.768933181 1.472631055 0.005756229 0.009695435 -0.546479875 0.837396328
1317401278.732171059 345.138181752 -50.946895970 1.476694955 0.008548930 0.009031754 -0.554913152 0.831815326
1317401278.836016893 345.208324147 -51.121017344 1.481356892 0.011093496 0.008474030 -0.562007211 0.827014522
1317401278.939819098 345.284065903 -51.304383622 1.492160152 0.012478241 0.009042621 -0.568556179 0.822500089
1317401279.043596983 345.356658614 -51.488519407 1.498498953 0.012313789 0.010456132 -0.574482787 0.818357237
1317401279.147396088 345.427618789 -51.670244957 1.501497441 0.010956016 0.011510529 -0.579676805 0.814691521
1317401279.251192093 345.496371701 -51.850624266 1.491196673 0.009881114 0.010835899 -0.584788242 0.811053426
1317401279.354989052 345.558196722 -52.033927657 1.477900165 0.010168093 0.007710841 -0.589434607 0.807715294
1317401279.458811998 345.604871595 -52.211774130 1.466376360 0.011350714 0.003767587 -0.594113034 0.804292652
1317401279.562634945 345.656995043 -52.392771018 1.467819391 0.012099984 0.001984723 -0.599402346 0.800353971
1317401279.666460276 345.719983694 -52.572930529 1.472860002 0.011150057 0.002787905 -0.604682058 0.796384023
1317401279.770282030 345.775760570 -52.756983829 1.475813071 0.009421881 0.004240110 -0.609226071 0.792929281
1317401279.874080658 345.836408342 -52.951778566 1.471790900 0.008172016 0.004653708 -0.613697213 0.789485461
1317401279.977854013 345.893171837 -53.147510005 1.465657037 0.007780868 0.004032707 -0.617443728 0.786566232
1317401280.081603050 345.945418333 -53.353051223 1.458600853 0.007832773 0.002261529 -0.620131406 0.784455589
1317401280.185355663 346.001252837 -53.574268878 1.455505457 0.007614378 -0.000471879 -0.622276805 0.782760101
1317401280.289082766 346.063577475 -53.809833387 1.454289611 0.005994433 -0.002304397 -0.623017177 0.782181791
1317401280.392808914 346.135255221 -54.066284080 1.452786942 0.003638018 -0.002665865 -0.623225943 0.782028825
1317401280.496583939 346.206995236 -54.336173832 1.443180315 0.002520417 -0.002157304 -0.623313784 0.781964782
1317401280.600359917 346.273382894 -54.619884386 1.440284878 0.002840371 -0.001403031 -0.623528908 0.781793876
1317401280.704159021 346.337284323 -54.916548747 1.443068886 0.003705515 -0.000998718 -0.623297765 0.781975171
1317401280.807956934 346.405128925 -55.224807276 1.448289965 0.003745426 -0.000452082 -0.623578802 0.781751396
1317401280.911756039 346.482182473 -55.536195293 1.453445121 0.003227631 0.000793805 -0.623809476 0.781569376
1317401281.015553951 346.558402167 -55.859849156 1.451849894 0.002718808 0.002613872 -0.624019433 0.781399721
1317401281.119353056 346.638510856 -56.183986239 1.450068544 0.002982853 0.003571027 -0.624466798 0.781037495
1317401281.223202705 346.710296715 -56.515234521 1.452472644 0.003855867 0.004155666 -0.624957151 0.780638471
1317401281.327075005 346.782151477 -56.851071705 1.456006584 0.004326814 0.004596748 -0.625584540 0.780130843
1317401281.430941105 346.857046072 -57.191800886 1.457327454 0.004217476 0.005091060 -0.626213142 0.779623881
1317401281.534818888 346.933993700 -57.541201755 1.455840881 0.003844680 0.005702914 -0.626802478 0.779147835
1317401281.638714075 347.014506044 -57.905293164 1.455598223 0.004317625 0.006576241 -0.627527427 0.778554712
1317401281.742647886 347.095122245 -58.271563162 1.455522929 0.006088493 0.006494657 -0.628842181 0.777482000
1317401281.846590042 347.174012501 -58.641484889 1.453621501 0.007912365 0.006058929 -0.629957095 0.776565994
1317401281.950532913 347.250851773 -59.012395292 1.454112701 0.009607954 0.005852095 -0.631332124 0.775430970
1317401282.054500103 347.324058638 -59.384759497 1.458351199 0.010219876 0.006065329 -0.633402668 0.773731107
1317401282.158490896 347.405160582 -59.766129257 1.459857648 0.008457298 0.007221357 -0.636354887 0.771316267
1317401282.262481928 347.483657667 -60.146386870 1.454444666 0.006519048 0.008107814 -0.639322903 0.768867993
1317401282.366447926 347.554214049 -60.530745557 1.449802990 0.006181614 0.007917163 -0.642289372 0.766396417
1317401282.470415115 347.624410200 -60.923153099 1.445975256 0.006686729 0.006332950 -0.645041482 0.764092054
1317401282.574407101 347.682246286 -61.316471346 1.443177372 0.007677811 0.003361637 -0.647618504 0.761918647
1317401282.678397894 347.742639037 -61.711665458 1.439360347 0.008171312 0.000820712 -0.650782625 0.759219686
1317401282.782339096 347.799459978 -62.112942314 1.435667237 0.008676990 -0.000411903 -0.653692932 0.756710044
1317401282.886281013 347.857803682 -62.528268668 1.434048406 0.008922676 0.000014632 -0.656489259 0.754282599
1317401282.990226984 347.921156083 -62.958989351 1.430268830 0.008117402 0.000646953 -0.658693977 0.752366888
1317401283.094145060 347.983631835 -63.401680701 1.428355380 0.007760584 0.001035351 -0.660504069 0.750781643
1317401283.198039055 348.048550061 -63.860342690 1.430263109 0.009277239 0.000777920 -0.662077661 0.749377407
1317401283.301911116 348.108151439 -64.330157779 1.431571718 0.011430446 -0.000328038 -0.662512773 0.748963325
1317401283.405731916 348.160740152 -64.808081688 1.433714718 0.014460469 -0.003469825 -0.662086479 0.749279887
1317401283.509484053 348.219980427 -65.295836557 1.432854693 0.016491205 -0.006402166 -0.660489907 0.750626495
1317401283.613185883 348.290148076 -65.792728452 1.430902324 0.017088240 -0.007697119 -0.656818191 0.753816032
1317401283.716840029 348.365250754 -66.291656124 1.429311947 0.017263708 -0.007814547 -0.650391705 0.759362579
1317401283.820473909 348.449804026 -66.819332533 1.426845591 0.017352913 -0.007312061 -0.642680888 0.765902530
1317401283.924151897 348.548971822 -67.325051975 1.420531863 0.017010615 -0.006043668 -0.634673484 0.772569532
1317401284.027900934 348.658766693 -67.863106396 1.411701330 0.017190416 -0.003630313 -0.627190157 0.778667977
1317401284.131724119 348.783612562 -68.404605591 1.407058974 0.016878413 -0.001068274 -0.620590143 0.783952710
1317401284.235594034 348.926852954 -68.956227240 1.409019063 0.014439686 0.000820348 -0.614893432 0.788477577
1317401284.339512110 349.080330872 -69.518458037 1.408056349 0.010642929 0.001844345 -0.611336462 0.791297072
1317401284.443527937 349.237509075 -70.084422675 1.402165471 0.007321550 0.001181932 -0.609799702 0.792520865
1317401284.547614098 349.401926389 -70.676373964 1.391047897 0.004745738 -0.000192373 -0.610022805 0.792369622
1317401284.651724100 349.564822447 -71.271005661 1.378237342 0.003237152 0.000105273 -0.611719041 0.791068470
1317401284.755856991 349.729631644 -71.875148529 1.373039091 0.003238384 0.001929372 -0.614544540 0.788873120
1317401284.859992981 349.893051099 -72.504185144 1.368386588 0.004448346 0.004854258 -0.618206764 0.785987942
1317401284.964104891 350.057286102 -73.156354848 1.366880415 0.006100876 0.007486248 -0.622203774 0.782795758
1317401285.068191051 350.211460772 -73.812442811 1.365479051 0.007072749 0.007927507 -0.625878600 0.779848132
1317401285.172255039 350.362135393 -74.484269831 1.362669372 0.007280184 0.006674893 -0.629444376 0.776982768
1317401285.276292086 350.508013503 -75.162026183 1.357142043 0.005298124 0.005217064 -0.633067871 0.774060581
1317401285.380306005 350.657466954 -75.852034110 1.351709460 0.003595183 0.003706433 -0.636162300 0.771537987
1317401285.484297991 350.793943451 -76.555351733 1.345268501 0.002917712 0.003659155 -0.638448169 0.769650592
1317401285.588239908 350.931905127 -77.268654123 1.343822589 0.002709153 0.005078111 -0.640125067 0.768249160
1317401285.692158937 351.068955360 -77.980825820 1.344047623 0.002537027 0.007039365 -0.641493816 0.767091712
1317401285.796053648 351.202496988 -78.691511295 1.344546301 0.002891768 0.007786242 -0.642551683 0.766197329
1317401285.899947882 351.334778641 -79.404773229 1.342983242 0.003200840 0.008443972 -0.643461778 0.765424976
1317401286.003844976 351.469007031 -80.126455647 1.338151020 0.004293670 0.009315504 -0.644571797 0.764474973
1317401286.107716084 351.596426795 -80.837497262 1.333694870 0.005010295 0.010440431 -0.645064779 0.764040134
1317401286.211611032 351.724757488 -81.554932746 1.332019871 0.005098951 0.010964162 -0.645869375 0.763352172
1317401286.315506935 351.846603795 -82.271105165 1.326689077 0.004213630 0.009129552 -0.646073002 0.763209390
1317401286.419377804 351.971344710 -82.991773737 1.322993772 0.002778459 0.007065038 -0.646201678 0.763128925
1317401286.523247004 352.092953585 -83.703106743 1.319477759 0.001477598 0.005807289 -0.646270246 0.763085094
1317401286.627142906 352.216466072 -84.415800640 1.310864826 0.001453939 0.005808302 -0.646396453 0.762978227
1317401286.731039047 352.342711372 -85.128533891 1.311137248 0.001786443 0.006808797 -0.646317920 0.763035776
1317401286.834882975 352.467771488 -85.832689304 1.313339628 0.001669396 0.007649631 -0.646074029 0.763234594
1317401286.938728094 352.593924825 -86.542842472 1.316886663 0.001425144 0.007868547 -0.645558984 0.763668549
1317401287.042599916 352.721257338 -87.239229048 1.312024646 -0.000323931 0.009412526 -0.645069733 0.764065664
1317401287.146471977 352.847923436 -87.940425399 1.308262412 -0.000412558 0.011442259 -0.644913091 0.764170144
1317401287.250366926 352.974596080 -88.640997154 1.305989669 0.000621977 0.013314267 -0.644528523 0.764464078
1317401287.354283094 353.101444420 -89.334969281 1.304769555 0.000625192 0.014853988 -0.644099468 0.764797257
1317401287.458178043 353.232469538 -90.029734328 1.300604268 -0.001612139 0.016659397 -0.643547531 0.765223132
1317401287.562073946 353.363317145 -90.723729076 1.291559019 -0.003552666 0.016663902 -0.642750355 0.765886202
1317401287.665967941 353.490499658 -91.410896710 1.283891568 -0.005170259 0.015134358 -0.641835488 0.766675568
1317401287.769839048 353.622364423 -92.096574141 1.279819339 -0.007162249 0.013822521 -0.640655904 0.767670276
1317401287.873734951 353.757389931 -92.781008595 1.276566081 -0.009290582 0.014581168 -0.639501347 0.768595539
1317401287.977629900 353.893072763 -93.462624204 1.270768468 -0.009790619 0.015151983 -0.638106543 0.769736709
1317401288.081523895 354.026036540 -94.140009778 1.273381067 -0.009207346 0.014271864 -0.636991590 0.770683627
1317401288.185466766 354.160955012 -94.812565043 1.277756549 -0.009454649 0.012597387 -0.636380335 0.771214617
1317401288.289408922 354.299898224 -95.485690120 1.280445033 -0.011309845 0.011106757 -0.636311917 0.771269001
1317401288.393352032 354.440918414 -96.167991745 1.281006379 -0.012234151 0.010172055 -0.636456780 0.771148249
1317401288.497318983 354.576143294 -96.844317929 1.288130382 -0.010941592 0.009504178 -0.636677126 0.770994286
1317401288.601309299 354.706308442 -97.523973249 1.294429281 -0.009064485 0.009367400 -0.637131600 0.770644802
1317401288.705299854 354.836286107 -98.203387994 1.304539342 -0.007260049 0.010342856 -0.637602270 0.770262074
1317401288.809288979 354.970405738 -98.882761756 1.311415945 -0.006104669 0.011035888 -0.637992210 0.769939531
1317401288.913280010 355.103805860 -99.557875295 1.318901555 -0.005904354 0.010884855 -0.638293210 0.769693729
1317401289.017247915 355.232307788 -100.231900235 1.327260398 -0.005581636 0.009091466 -0.638462711 0.769578818
1317401289.121216059 355.359408195 -100.901387195 1.334404252 -0.004688530 0.006703775 -0.638738053 0.769380775
1317401289.225183964 355.485085824 -101.569485150 1.336130310 -0.003784584 0.005455713 -0.638928090 0.769237810
1317401289.329124212 355.614963673 -102.245385305 1.341045426 -0.003202488 0.005607877 -0.638914549 0.769250606
1317401289.433067083 355.745233744 -102.915707188 1.344508137 -0.002136727 0.006630683 -0.638795674 0.769344887
1317401289.537009001 355.868839817 -103.592039524 1.357511863 -0.001600050 0.006661537 -0.638713014 0.769414550
1317401289.640952110 355.997843513 -104.258448139 1.359429191 -0.001285350 0.007260516 -0.638398428 0.769670761
1317401289.744920015 356.131737466 -104.920943741 1.360066056 -0.003099526 0.008935212 -0.638310415 0.769720968
1317401289.848886013 356.266921658 -105.586159435 1.363854980 -0.004094803 0.009176845 -0.638636948 0.769442569
1317401289.952877998 356.392840136 -106.248699712 1.362409126 -0.004222704 0.008557121 -0.638838555 0.769281642
1317401290.056869030 356.523025384 -106.915235455 1.365954988 -0.004556871 0.007957764 -0.639657360 0.768605471
1317401290.160811663 356.654542369 -107.588271015 1.363856827 -0.005808886 0.009511438 -0.639945992 0.768339064
1317401290.264755011 356.776818569 -108.252978040 1.367893175 -0.005267089 0.009830844 -0.639954368 0.768331972
1317401290.368721008 356.896563828 -108.919593816 1.374870824 -0.002778801 0.008219261 -0.640107437 0.768236416
1317401290.472665071 357.016765657 -109.588432423 1.384208922 -0.001685420 0.006861853 -0.640442043 0.767974000
1317401290.576591969 357.145018215 -110.249514804 1.385709455 -0.002434679 0.008130103 -0.640491340 0.767918496
1317401290.680509090 357.275608133 -110.915789809 1.385426498 -0.003460584 0.009418903 -0.640736303 0.767695447
1317401290.784420013 357.402631875 -111.582056341 1.389236129 -0.003885845 0.009881790 -0.640508160 0.767877951
1317401290.888314009 357.517849552 -112.247372497 1.395977913 -0.002038475 0.007635372 -0.640347560 0.768044626
1317401290.992207050 357.639111183 -112.912256797 1.399461760 -0.002175720 0.004542947 -0.640164565 0.768221295
1317401291.096101999 357.766299318 -113.586133273 1.401555972 -0.003981389 0.002902801 -0.640095791 0.768279311
1317401291.199997902 357.895739132 -114.243981833 1.405204004 -0.005222159 0.003633444 -0.639730896 0.768572644
1317401291.303917885 358.025502301 -114.909557727 1.410701478 -0.004543616 0.005143531 -0.639645008 0.768639814
1317401291.407835960 358.154657986 -115.576403578 1.415913739 -0.003192874 0.007476277 -0.639657632 0.768616955
1317401291.511754990 358.281701737 -116.240718948 1.426682807 -0.001958266 0.009287455 -0.639738375 0.768534137
1317401291.615674973 358.407877314 -116.900082598 1.433937064 -0.001207847 0.009592562 -0.639831436 0.768454460
1317401291.719593048 358.538390463 -117.557373727 1.437435154 -0.003103199 0.009429225 -0.640055493 0.768264555
1317401291.823513031 358.669180336 -118.219162247 1.435924172 -0.004633328 0.008039303 -0.640347818 0.768029019
1317401291.927431822 358.794916308 -118.879517349 1.437530154 -0.004556832 0.006493988 -0.640486053 0.767928824
1317401292.031374931 358.919319548 -119.539860365 1.439264825 -0.003099637 0.006562639 -0.640689384 0.767765874
1317401292.135341167 359.048148772 -120.200232532 1.439865999 -0.001660537 0.009052880 -0.641065873 0.767430670
1317401292.239284039 359.177410641 -120.863344011 1.440005297 -0.000944259 0.011284263 -0.641397075 0.767125522
1317401292.343226910 359.300851979 -121.522050505 1.451312134 -0.000750549 0.010920283 -0.641553705 0.767000018
1317401292.447192907 359.422305200 -122.183117853 1.458731388 -0.001161089 0.009059774 -0.641665300 0.766930385
1317401292.551160097 359.545123275 -122.840617778 1.450850984 -0.002673792 0.008107420 -0.642114615 0.766561114
1317401292.655102968 359.670353398 -123.501968011 1.440330004 -0.002129071 0.008084224 -0.642481955 0.766255212
1317401292.759049892 359.788280783 -124.168860132 1.440331659 0.000261137 0.008748919 -0.642668904 0.766094033
1317401292.863016844 359.905237526 -124.831730735 1.449661221 0.001381775 0.008581094 -0.642957440 0.765852587
1317401292.966955662 360.027602790 -125.499519299 1.447434294 0.000645977 0.007391627 -0.643290594 0.765586153
1317401293.070898294 360.146558777 -126.171434356 1.443076112 0.000279340 0.005698782 -0.643273603 0.765615124
1317401293.174840927 360.257235759 -126.842820132 1.443460901 0.001174606 0.003413335 -0.643124002 0.765753542
1317401293.278783083 360.370236410 -127.503759060 1.448135336 0.001603968 0.002361863 -0.643397695 0.765526782
1317401293.382725954 360.491512149 -128.170474867 1.456546994 0.000502544 0.001662504 -0.643500986 0.765443312
1317401293.486668110 360.610394596 -128.829312442 1.458037413 -0.001557966 0.000489495 -0.643273694 0.765634566
1317401293.590610981 360.730654482 -129.489835835 1.457015999 -0.001287806 0.001453124 -0.643182509 0.765710448
1317401293.694554090 360.854469993 -130.169391658 1.459665147 0.000514034 0.004556511 -0.642977899 0.765871004
1317401293.798496008 360.977745504 -130.836608980 1.466855257 0.001473378 0.008034230 -0.642618217 0.766143007
1317401293.902439117 361.100562276 -131.505601481 1.480121435 0.001718600 0.009294120 -0.642208298 0.766471896
1317401294.006382942 361.224533846 -132.173379728 1.484181225 0.001859993 0.007217044 -0.641921728 0.766733950
1317401294.110301971 361.350698577 -132.839041912 1.480040341 0.000644871 0.005690700 -0.641694977 0.766938561
1317401294.214242935 361.474729621 -133.507059168 1.474561461 0.000770857 0.005813030 -0.641368855 0.767210275
1317401294.318186045 361.599390050 -134.170998773 1.474816907 0.002830575 0.007665607 -0.640995556 0.767501091
1317401294.422106028 361.722577791 -134.841751461 1.478014964 0.006719954 0.008221567 -0.640873908 0.767572721
1317401294.526022911 361.843067647 -135.508489764 1.483840381 0.008352365 0.006237586 -0.640654363 0.767758632
1317401294.629942894 361.967131216 -136.173578671 1.488748444 0.005428094 0.003418138 -0.640548128 0.767891235
1317401294.733861923 362.096513150 -136.833453414 1.483012444 0.000104829 0.001500462 -0.640774027 0.767728067
1317401294.837779999 362.225501507 -137.496874617 1.475395354 -0.000997923 0.000090242 -0.640852178 0.767663651
1317401294.941699028 362.340166962 -138.164048097 1.469265973 0.001990501 -0.000369886 -0.640570273 0.767896885
1317401295.045639992 362.460373688 -138.826601840 1.481901284 0.004370584 0.001940037 -0.640738012 0.767744706
1317401295.149584055 362.589091338 -139.485551155 1.491653717 0.003326372 0.003902677 -0.640970481 0.767548401
1317401295.253503084 362.716114625 -140.144377522 1.498526245 0.001494770 0.001832882 -0.640897872 0.767622514
1317401295.357420683 362.837954161 -140.793756407 1.498263783 0.000628217 -0.001362085 -0.640625634 0.767851904
1317401295.461338997 362.957077936 -141.442362661 1.505210622 0.001407812 -0.003461707 -0.640656621 0.767818421
1317401295.565282106 363.074997103 -142.095710406 1.512765382 0.001845971 -0.001793733 -0.640904051 0.767616684
1317401295.669250965 363.194559566 -142.741691219 1.525242353 0.003330444 0.001463249 -0.641072172 0.767471978
1317401295.773195982 363.320792768 -143.387122350 1.536310443 0.003268734 0.004408316 -0.641155237 0.767391585
1317401295.877137899 363.445422047 -144.026922072 1.544532180 0.002934151 0.005321212 -0.641265710 0.767294835
1317401295.981126070 363.565921256 -144.651836666 1.549371747 0.002959882 0.003991559 -0.641356404 0.767227000
1317401296.085117102 363.677892124 -145.279939465 1.548954799 0.002851711 0.003337573 -0.641726901 0.766920669
1317401296.189086914 363.791045412 -145.903457013 1.547864609 0.004119407 0.003211561 -0.642172432 0.766542422
1317401296.293055058 363.906290735 -146.517291070 1.550952705 0.004465456 0.004315478 -0.642412743 0.766333676
1317401296.396992922 364.017592707 -147.119540357 1.558797689 0.003817361 0.005690517 -0.642595138 0.766175263
1317401296.500935078 364.126629310 -147.704220803 1.563326529 0.002965046 0.005947743 -0.642778019 0.766023663
1317401296.604902029 364.230926758 -148.277149086 1.565549544 0.004383560 0.003899799 -0.642980828 0.765859798
1317401296.708890915 364.318395957 -148.830123222 1.565775943 0.006974988 0.000169078 -0.642851457 0.765959089
1317401296.812906981 364.404596007 -149.364237353 1.570237296 0.007984682 -0.000777260 -0.643060791 0.765773113
1317401296.916920900 364.498750758 -149.881592610 1.574235288 0.007156748 0.001659490 -0.643496420 0.765413865
1317401297.020911217 364.592249665 -150.375976316 1.575033572 0.006340447 0.004246920 -0.643803356 0.765152926
1317401297.124877930 364.680845148 -150.844491698 1.577141629 0.007335800 0.003828662 -0.643895737 0.765068498
1317401297.228873014 364.755841191 -151.292393859 1.582203221 0.009146222 0.002183308 -0.643888331 0.765061695
1317401297.332865000 364.827456261 -151.719316536 1.588121530 0.010191833 0.000938590 -0.644081831 0.764888123
1317401297.436853647 364.897923909 -152.129534601 1.591325011 0.009746219 0.000604684 -0.644459753 0.764575877
1317401297.540868044 364.968654426 -152.522181639 1.589549659 0.008644007 0.001373516 -0.644946101 0.764177938
1317401297.644881964 365.037003652 -152.898455758 1.585365980 0.008914508 0.001940113 -0.645357676 0.763826052
1317401297.748895884 365.097497381 -153.257874693 1.586566299 0.011018051 0.001941988 -0.645689890 0.763517778
1317401297.852910042 365.149715025 -153.603483398 1.592464945 0.013577603 0.000873471 -0.645990849 0.763223891
1317401297.956899881 365.203250356 -153.927156754 1.596551407 0.014606156 0.000341801 -0.646324983 0.762922381
1317401298.060866117 365.254822448 -154.232375720 1.600355125 0.014691743 0.000774305 -0.646523323 0.762752349
1317401298.164859056 365.302987218 -154.517183650 1.605046458 0.014275678 0.001873052 -0.646469463 0.762803992
1317401298.268851042 365.347530636 -154.782877581 1.607857712 0.013786321 0.003385409 -0.646616925 0.762682784
1317401298.372817993 365.390922639 -155.025334440 1.606572995 0.012874183 0.004599087 -0.646729147 0.762597216
1317401298.476783991 365.430238512 -155.246358768 1.602189357 0.012079263 0.004743461 -0.646636612 0.762687802
1317401298.580724955 365.468603184 -155.447337254 1.599261034 0.011562415 0.003803934 -0.645873162 0.763347692
1317401298.684643984 365.503602401 -155.629612869 1.595121350 0.011247029 0.002544891 -0.644213267 0.764758978
1317401298.788515091 365.543183051 -155.798583342 1.595372097 0.011124399 0.001377390 -0.641408404 0.767117729
1317401298.892313957 365.583332932 -155.958908829 1.595489098 0.011095455 0.000323695 -0.637120626 0.770684172
1317401298.996088982 365.626655499 -156.115824588 1.594750640 0.010977807 0.000261715 -0.630277200 0.776292516
1317401299.099865913 365.658091209 -156.262498388 1.592341064 0.011502165 0.000776785 -0.622606705 0.782449990
1317401299.203617096 365.699038071 -156.416975643 1.593406808 0.013459093 0.001551029 -0.614164243 0.789061930
1317401299.307318926 365.749895758 -156.568565039 1.596133256 0.014939234 0.002752885 -0.603874062 0.796934977
1317401299.411021709 365.803921126 -156.706660903 1.599000734 0.014908003 0.004799987 -0.591817139 0.805920086
1317401299.514746904 365.862868751 -156.848039533 1.599799010 0.013720616 0.006927822 -0.578872275 0.815273353
1317401299.618424177 365.929068763 -156.982876825 1.597236843 0.012026138 0.009367176 -0.564473799 0.825310220
1317401299.722103119 365.994386500 -157.111699025 1.595533939 0.010239933 0.011809646 -0.548289060 0.836142801
1317401299.825855017 366.066340999 -157.227788599 1.593916196 0.007948138 0.014092816 -0.532501854 0.846274184
1317401299.929630995 366.146834609 -157.344622226 1.587636052 0.004722848 0.016130648 -0.516251303 0.856272205
1317401300.033381939 366.230531273 -157.462634961 1.578741716 0.003095735 0.017270418 -0.499345524 0.866225258
1317401300.137083054 366.315600086 -157.581513870 1.573105000 0.001729979 0.018245678 -0.481010886 0.876523034
1317401300.240787029 366.403942876 -157.708004578 1.566806899 0.000813418 0.019267921 -0.461574943 0.886891570
1317401300.344515085 366.506292775 -157.840791246 1.564630542 -0.001121096 0.021025641 -0.441590086 0.896969822
1317401300.448241949 366.619394555 -157.972458189 1.558926397 -0.002913885 0.023601037 -0.420509936 0.906976237
1317401300.551968098 366.746107615 -158.102666491 1.552519325 -0.003293916 0.024450314 -0.398098405 0.917010901
1317401300.655694962 366.866314419 -158.234815173 1.543830504 -0.002926944 0.024084416 -0.374457403 0.926926657
1317401300.759422064 367.005309991 -158.362193944 1.538253549 -0.002470681 0.023464939 -0.350983441 0.936084353
1317401300.863195896 367.147428578 -158.484533520 1.531692098 -0.002928867 0.023173150 -0.327357975 0.944611657
1317401300.967015982 367.297754118 -158.602711031 1.524842745 -0.004582814 0.023217974 -0.304776442 0.952129846
1317401301.070888042 367.469921621 -158.717483453 1.515511175 -0.006740311 0.023702069 -0.283637271 0.958614979
1317401301.174808025 367.651919834 -158.833147264 1.502177119 -0.007678019 0.023635189 -0.263642360 0.964300333
1317401301.278727055 367.852382013 -158.951037528 1.489169306 -0.008243792 0.022535757 -0.243689654 0.969556359
1317401301.382669926 368.062096477 -159.058550429 1.478937063 -0.008035242 0.022229183 -0.223673672 0.974377436
1317401301.486635923 368.286405752 -159.159455583 1.471296443 -0.008258571 0.022114694 -0.205629365 0.978345185
1317401301.590603113 368.516941302 -159.262802308 1.461382808 -0.009106073 0.022201169 -0.187485164 0.981974287
1317401301.694569111 368.761885938 -159.357793475 1.446993527 -0.009912592 0.022130647 -0.168723579 0.985365074
1317401301.798537016 369.018193965 -159.448807540 1.433941830 -0.010231387 0.021485999 -0.150457966 0.988329940
1317401301.902504921 369.288318711 -159.533175323 1.423621250 -0.010329300 0.020882261 -0.133066761 0.990833222
1317401302.006445885 369.571812834 -159.612864267 1.412537495 -0.008791576 0.020551423 -0.115066645 0.993106245
1317401302.110363960 369.870730003 -159.681430514 1.404287835 -0.006789949 0.019385230 -0.096880502 0.995084056
1317401302.214283943 370.186844328 -159.740809683 1.394122997 -0.006112099 0.018037309 -0.078162762 0.996758687
1317401302.318178892 370.515694660 -159.784396001 1.379265352 -0.007838011 0.016661523 -0.058306727 0.998128892
1317401302.422049999 370.853621873 -159.812869669 1.365573311 -0.009003810 0.015107896 -0.038576998 0.999100845
1317401302.525968075 371.208311950 -159.833512480 1.352313194 -0.009195258 0.012979301 -0.019693455 0.999679525
1317401302.629909992 371.579085228 -159.845181592 1.339844375 -0.008772781 0.010156326 -0.001793920 0.999908330
1317401302.733875990 371.968785117 -159.839530632 1.323602698 -0.010189403 0.007001608 0.014981687 0.999811333
1317401302.837892056 372.372255926 -159.816230471 1.305168311 -0.012729382 0.004972690 0.030872598 0.999429896
1317401302.942027092 372.787313398 -159.783573941 1.295190262 -0.014163844 0.004745995 0.042429534 0.998987786
1317401303.046281099 373.210973296 -159.747629818 1.289389962 -0.014326345 0.004931226 0.049916246 0.998638477
1317401303.150558949 373.665729761 -159.701965949 1.284276342 -0.014958175 0.004632514 0.054527649 0.998389467
1317401303.254837036 374.135417074 -159.648479543 1.279525926 -0.013706551 0.004622453 0.058559667 0.998179107
1317401303.359091997 374.623605284 -159.590252871 1.277203884 -0.012369527 0.004404067 0.062549368 0.997955498
1317401303.463325024 375.155093040 -159.519286861 1.274233068 -0.011900106 0.003227095 0.066192326 0.997730700
1317401303.567532063 375.718429287 -159.436413192 1.266943868 -0.012558224 0.002296047 0.069932135 0.997470058
1317401303.671737909 376.295499445 -159.350100412 1.257901468 -0.013826691 0.002250637 0.072632349 0.997260397
1317401303.775968075 376.900682434 -159.252975969 1.253783613 -0.014221811 0.002267932 0.074564236 0.997112216
1317401303.880199909 377.525145319 -159.154748972 1.249041329 -0.014325180 0.002254800 0.075435280 0.997045247
1317401303.984406948 378.174434147 -159.050701836 1.247923143 -0.014448281 0.002194398 0.075920260 0.997006793
1317401304.088614941 378.835563261 -158.946643749 1.241918407 -0.014480428 0.001943808 0.076061966 0.996996046
1317401304.192795992 379.530992561 -158.836837456 1.235855972 -0.014127509 0.001912740 0.076396315 0.996975605
1317401304.296955109 380.245966571 -158.727673637 1.232088506 -0.013423811 0.002580864 0.076737099 0.996957651
1317401304.401089907 380.979854129 -158.607850781 1.228857568 -0.013878661 0.003803803 0.076993221 0.996927760
1317401304.505198956 381.722919586 -158.488706562 1.224514837 -0.013541868 0.004700764 0.077270996 0.996907074
1317401304.609286070 382.494376082 -158.362525998 1.223273980 -0.013428073 0.004695311 0.078042694 0.996848524
1317401304.713350058 383.278620093 -158.232720178 1.219557471 -0.013492084 0.003961122 0.079111584 0.996766588
1317401304.817411900 384.080367769 -158.100048197 1.210890814 -0.014136651 0.003632771 0.080093156 0.996680513
1317401304.921449900 384.892431062 -157.959487686 1.198847431 -0.015700321 0.004363864 0.081191946 0.996565264
1317401305.025489807 385.730043522 -157.816704663 1.190026313 -0.015975179 0.005690280 0.082379816 0.996456713
1317401305.129529953 386.572708216 -157.668026992 1.187401547 -0.016380310 0.006104967 0.083878759 0.996322623
1317401305.233519077 387.417344870 -157.517030916 1.178279133 -0.016746491 0.006144717 0.085806865 0.996152087
1317401305.337507725 388.286602916 -157.360700976 1.169607586 -0.016381996 0.006673935 0.088055501 0.995958492
1317401305.441499949 389.159266180 -157.198705383 1.164685398 -0.015985616 0.007042476 0.090392287 0.995753031
1317401305.545466900 390.048114669 -157.025761968 1.160190567 -0.015785891 0.006452963 0.092568174 0.995560294
1317401305.649409056 390.930961502 -156.848597241 1.149395633 -0.016702025 0.006175772 0.094842432 0.995333017
1317401305.753350973 391.816251028 -156.669166783 1.140508632 -0.017339443 0.006713560 0.097270411 0.995084287
1317401305.857319117 392.710948443 -156.480693121 1.134778682 -0.018306918 0.007705212 0.098533466 0.994935497
1317401305.961308956 393.617449011 -156.289741795 1.127644199 -0.018181156 0.008873391 0.099588420 0.994823027
1317401306.065321922 394.517660501 -156.099382350 1.123402444 -0.018001510 0.009489958 0.100627003 0.994716086
1317401306.169338226 395.412359751 -155.914145904 1.112695396 -0.018168535 0.010838128 0.101719544 0.994588143
1317401306.273330927 396.307778575 -155.725082864 1.102891479 -0.017794984 0.012226881 0.102658708 0.994482293
1317401306.377321005 397.199382688 -155.535078112 1.094224934 -0.017257230 0.013521599 0.103604514 0.994376920
1317401306.481337070 398.089775545 -155.342375232 1.080590166 -0.017315804 0.013663541 0.103894954 0.994343657
1317401306.585352898 398.983779113 -155.148836964 1.065669038 -0.016747422 0.013674362 0.103356212 0.994409387
1317401306.689342976 399.873795799 -154.955252170 1.051238436 -0.016166626 0.013185391 0.102784476 0.994484860
1317401306.793333054 400.758914192 -154.762874687 1.035530387 -0.015546481 0.012597936 0.102210344 0.994561534
1317401306.897347927 401.642443630 -154.572906434 1.021988357 -0.014673035 0.012056746 0.100726367 0.994732897
1317401307.001360893 402.530347368 -154.384213891 1.009901798 -0.013648966 0.011930349 0.099059907 0.994916332
1317401307.105376005 403.415828610 -154.200399908 0.998769954 -0.012901849 0.012176667 0.097084749 0.995117994
1317401307.209393978 404.282161249 -154.026556652 0.988194148 -0.011563048 0.012644600 0.095128599 0.995317517
1317401307.313409090 405.156794210 -153.857760594 0.977609390 -0.010013573 0.013346439 0.093449547 0.995484195
1317401307.417398930 406.033127774 -153.683752494 0.965612081 -0.008945048 0.013876621 0.091875492 0.995633627
1317401307.521388054 406.908507875 -153.517854230 0.954763398 -0.007781155 0.014056637 0.090418183 0.995774280
1317401307.625401974 407.779089783 -153.358484123 0.942370166 -0.006631109 0.014353783 0.089190640 0.995889064
1317401307.729393959 408.646994904 -153.196803194 0.928574692 -0.005901461 0.015020108 0.088623008 0.995934502
1317401307.833360910 409.509064480 -153.039827182 0.909816598 -0.006134585 0.017700242 0.087767620 0.995964815
1317401307.937350988 410.350817391 -152.888329527 0.895567496 -0.006270781 0.020211450 0.087368132 0.995951296
1317401308.041341066 411.185864894 -152.732916530 0.880268905 -0.006083477 0.021747195 0.087035199 0.995949258
1317401308.145306110 412.007051561 -152.581279167 0.862279669 -0.007342295 0.021586109 0.086707247 0.995972883
1317401308.249274015 412.803011340 -152.431158617 0.838565499 -0.007428287 0.021752287 0.086657295 0.995972977
1317401308.353266954 413.581449163 -152.282869733 0.822600001 -0.005247904 0.021061060 0.086984706 0.995973168
1317401308.457257032 414.338364669 -152.144239645 0.805774427 -0.005476906 0.019829464 0.086940810 0.996001050
1317401308.561249018 415.072623754 -152.005036873 0.786975666 -0.005525926 0.018102471 0.087199405 0.996011058
1317401308.665239096 415.789009066 -151.874398031 0.770107552 -0.005328373 0.016523254 0.087671123 0.995998175
1317401308.769206047 416.481054042 -151.746991092 0.757745237 -0.005858787 0.015856833 0.087926458 0.995983521
1317401308.873195887 417.148915998 -151.624484271 0.745328513 -0.006224419 0.015850092 0.088245669 0.995953178
1317401308.977180004 417.791123433 -151.504313911 0.736766672 -0.006670291 0.015652563 0.088685596 0.995914339
1317401309.081147909 418.403355483 -151.387819352 0.728509255 -0.006794594 0.015409543 0.089286972 0.995863553
1317401309.185120106 418.981451883 -151.277457466 0.720883502 -0.006819961 0.015533225 0.089733426 0.995821329
1317401309.289114952 419.546811935 -151.169985688 0.716084282 -0.006763342 0.014881256 0.089989177 0.995808593
1317401309.393105984 420.085926016 -151.067043512 0.710393443 -0.006726877 0.014306577 0.090226696 0.995795769
1317401309.497092962 420.598025638 -150.968736618 0.703985578 -0.006864434 0.014328788 0.090071040 0.995808603
1317401309.601109982 421.099037097 -150.872607383 0.697800896 -0.006985643 0.014650127 0.090201142 0.995791308
1317401309.705123901 421.577017871 -150.782374073 0.691902021 -0.006861299 0.014849208 0.090167506 0.995792270
1317401309.809112072 422.036966395 -150.696911266 0.685315645 -0.006391087 0.015182141 0.090161990 0.995790878
1317401309.913103104 422.464753076 -150.616215284 0.677724615 -0.006243537 0.016110729 0.090051799 0.995787194
1317401310.017117023 422.881559680 -150.539484424 0.675086604 -0.006303817 0.016374106 0.089672466 0.995816750
1317401310.121130943 423.266825749 -150.467333952 0.670426788 -0.007177452 0.016137028 0.088614072 0.995909447
1317401310.225171089 423.631518803 -150.402965021 0.663767093 -0.008119596 0.015833959 0.086411671 0.996100588
1317401310.329210043 423.982554835 -150.340430947 0.657452412 -0.008380000 0.015803862 0.083476207 0.996349204
1317401310.433227062 424.299489300 -150.285399879 0.653424480 -0.007716789 0.015141844 0.080881942 0.996578791
1317401310.537240028 424.605637414 -150.233358809 0.650611697 -0.006932648 0.014647165 0.078546926 0.996778701
1317401310.641253948 424.891986401 -150.184490631 0.645740831 -0.006450858 0.014661538 0.076006655 0.996978643
1317401310.745245934 425.163465043 -150.139349038 0.641110651 -0.006282557 0.014670211 0.073702603 0.997152566
1317401310.849235058 425.416137811 -150.099327277 0.639902628 -0.006407145 0.014022949 0.071474611 0.997323260
1317401310.953250885 425.670568671 -150.060289305 0.636027774 -0.005601693 0.012970827 0.069253689 0.997499025
1317401311.057241201 425.920992983 -150.025863330 0.632840510 -0.005027652 0.012265181 0.067079424 0.997659581
1317401311.161228895 426.167751401 -149.990727144 0.628929374 -0.004750985 0.012019629 0.065047250 0.997798483
1317401311.265222073 426.414979609 -149.955998844 0.625186355 -0.004791646 0.011686752 0.063226677 0.997919259
1317401311.369190931 426.660597549 -149.922512420 0.622151504 -0.004463422 0.011401053 0.061430206 0.998036284
1317401311.473133087 426.905344631 -149.891647266 0.620052222 -0.003630808 0.011378472 0.059972002 0.998128602
1317401311.577049971 427.146492202 -149.859622279 0.619134608 -0.003320291 0.011204454 0.058991176 0.998190101
1317401311.680974960 427.386885393 -149.827525404 0.616344935 -0.003128561 0.011142291 0.058539888 0.998217984
1317401311.784919024 427.626345729 -149.795560213 0.613725467 -0.002874153 0.010830539 0.058420097 0.998229198
1317401311.888854980 427.864973587 -149.765086265 0.611508419 -0.002675090 0.010884738 0.058309824 0.998235609
1317401311.992796898 428.103159820 -149.733118938 0.606470821 -0.002826372 0.011032215 0.058373786 0.998229835
1317401312.096740961 428.354404552 -149.701985005 0.600369093 -0.002396818 0.009918659 0.058739962 0.998221164
1317401312.200659990 428.620321435 -149.669664449 0.595129624 -0.000672573 0.008381489 0.058886457 0.998229274
1317401312.304578066 428.907806630 -149.639380916 0.589211612 0.001868147 0.008088838 0.058792023 0.998235733
1317401312.408504009 429.216820994 -149.601639364 0.586272243 0.002626755 0.008666689 0.059353834 0.998195928
1317401312.512423992 429.540450703 -149.558745624 0.585277764 0.001411654 0.009068540 0.059885959 0.998163033
1317401312.616336107 429.880483830 -149.512819231 0.582249385 -0.000353954 0.009314628 0.060680247 0.998113731
1317401312.720231056 430.235326371 -149.463411738 0.578745080 -0.001365842 0.009489196 0.061699698 0.998048715
1317401312.824101925 430.599522291 -149.415167786 0.574338301 -0.001698341 0.009817678 0.062847154 0.997973429
1317401312.927994013 430.982391463 -149.365039817 0.564991153 -0.002774837 0.010443896 0.063913223 0.997896951
1317401313.031888962 431.376452025 -149.308514852 0.554091583 -0.002676105 0.010992899 0.065130489 0.997812615
1317401313.135785103 431.780029395 -149.257361540 0.545462298 -0.000820605 0.010811046 0.066197370 0.997747641
1317401313.239705086 432.199179413 -149.201823868 0.544459309 0.001003621 0.010939911 0.067041044 0.997689736
1317401313.343597889 432.630459749 -149.140524612 0.543318355 -0.000020248 0.011767226 0.067952988 0.997619127
1317401313.447494984 433.075063532 -149.068881173 0.537847467 -0.002261308 0.012964301 0.069166560 0.997518321
1317401313.551389933 433.540911792 -148.994499877 0.529498585 -0.005006348 0.013289701 0.069925641 0.997451114
1317401313.655283928 434.026646002 -148.917699737 0.514816300 -0.006741839 0.012238197 0.070908519 0.997384959
1317401313.759200096 434.531863546 -148.841591066 0.498976549 -0.006469492 0.011939076 0.071886145 0.997320403
1317401313.863095999 435.054701065 -148.764648183 0.490277636 -0.004357487 0.012765449 0.072524924 0.997275384
1317401313.967015028 435.597251033 -148.682416891 0.481806458 -0.003364813 0.013215496 0.073087853 0.997232267
1317401314.070956945 436.157095093 -148.596173093 0.467724743 -0.003581089 0.013394868 0.073900222 0.997169249
1317401314.174876928 436.732845855 -148.505465551 0.451369447 -0.004219394 0.013289092 0.074754467 0.997104491
1317401314.278820038 437.328481685 -148.411420269 0.438371717 -0.004260639 0.013751475 0.075355717 0.997052787
1317401314.382786036 437.939310439 -148.313796705 0.427069991 -0.004283995 0.013865789 0.076147391 0.996990954
1317401314.486752987 438.574421683 -148.213287412 0.413033367 -0.004222049 0.013709573 0.076867726 0.996938100
1317401314.590696096 439.223850705 -148.110462527 0.395036046 -0.003861720 0.013738923 0.077637533 0.996879503
1317401314.694641113 439.886952715 -148.003778835 0.377260184 -0.003838514 0.014067698 0.078517577 0.996806077
1317401314.798608065 440.578588814 -147.889785001 0.359081475 -0.003749532 0.014184355 0.079284746 0.996744036
1317401314.902573109 441.283293581 -147.771159564 0.343684266 -0.003579000 0.014217827 0.080149310 0.996675038
1317401315.006539106 441.997858145 -147.649378094 0.325872960 -0.003718787 0.014611241 0.080868600 0.996610732
1317401315.110505104 442.733232824 -147.522558237 0.306831341 -0.003662799 0.015019234 0.081420692 0.996559922
1317401315.214497089 443.483450506 -147.394216769 0.287532514 -0.003621909 0.015254807 0.081900142 0.996517205
1317401315.318485975 444.250378768 -147.260190567 0.267524503 -0.003589678 0.015459722 0.082308450 0.996480522
1317401315.422452927 445.028457700 -147.126052076 0.249780475 -0.003661389 0.014701055 0.082583772 0.996468963
1317401315.526396990 445.826125823 -146.986588552 0.227217091 -0.003966870 0.014459029 0.082860061 0.996448398
1317401315.630337954 446.638536006 -146.842993093 0.205982736 -0.004382685 0.014344229 0.083135983 0.996425333
1317401315.734304905 447.465571831 -146.697365664 0.184624180 -0.004136824 0.014519794 0.083193411 0.996419048
1317401315.838272095 448.307782104 -146.550986914 0.165892002 -0.004228035 0.015004858 0.083322820 0.996400665
1317401315.942238092 449.165408411 -146.404241141 0.147194738 -0.004262711 0.015632548 0.083474298 0.996378188
1317401316.046204090 450.023831201 -146.254295809 0.125250580 -0.004592841 0.016459168 0.083696303 0.996344785
1317401316.150196075 450.886105003 -146.102921904 0.104988783 -0.004667813 0.016980462 0.083626410 0.996341557
1317401316.254188061 451.769074517 -145.946980639 0.082343138 -0.004877886 0.016987446 0.082900522 0.996401092
1317401316.358179092 452.661316026 -145.791097637 0.061882178 -0.004737502 0.016006521 0.081734029 0.996514373
1317401316.462193966 453.560063815 -145.639001464 0.037678958 -0.004496173 0.015754776 0.080573119 0.996614040
1317401316.566184044 454.462854303 -145.489202203 0.013506977 -0.003847500 0.016069115 0.079558488 0.996693246
1317401316.670150042 455.369386034 -145.341739376 -0.004950335 -0.001971347 0.016506625 0.078910625 0.996743075
1317401316.774116755 456.273185361 -145.194445832 -0.022202014 -0.000584669 0.015928920 0.078585878 0.996779909
1317401316.878084898 457.182959724 -145.043944586 -0.041569430 0.000162966 0.015145410 0.078269387 0.996817181
1317401316.982050896 458.090524554 -144.894462633 -0.059315822 0.000229523 0.015346731 0.078280666 0.996813203
1317401317.086018085 458.991802995 -144.749770241 -0.073399495 0.000341615 0.016269075 0.078391786 0.996789812
1317401317.189982891 459.898106180 -144.601475679 -0.088928944 0.000223214 0.017327309 0.078335637 0.996776426
1317401317.293948889 460.796478888 -144.453180558 -0.103737406 0.000715262 0.018038704 0.078219867 0.996772665
1317401317.397917032 461.685569407 -144.305124662 -0.121567199 0.001055139 0.018117593 0.078319224 0.996763131
1317401317.501859188 462.587385653 -144.157259272 -0.141641050 0.001442489 0.017954770 0.078509274 0.996750640
1317401317.605777979 463.474636441 -144.010772502 -0.158773928 0.002503574 0.017495078 0.078902635 0.996725654
1317401317.709697008 464.346183238 -143.868573339 -0.175428966 0.003713272 0.016950454 0.080138074 0.996632722
1317401317.813619852 465.219014390 -143.723033702 -0.194753050 0.004509074 0.016891497 0.081857441 0.996490695
1317401317.917515993 466.091588541 -143.572169019 -0.212670788 0.004748525 0.017514777 0.084115731 0.996290735
1317401318.021380901 466.949925580 -143.422756468 -0.225528786 0.005510719 0.018705713 0.086820433 0.996033102
1317401318.125276089 467.789143424 -143.273652080 -0.240816450 0.005396225 0.019677132 0.089594194 0.995769337
1317401318.229193926 468.622127860 -143.112777014 -0.257559467 0.004978088 0.020646211 0.092132636 0.995520231
1317401318.333137035 469.438528925 -142.955543386 -0.277452883 0.004810765 0.022104752 0.093876768 0.995326775
1317401318.437127113 470.235310843 -142.797774189 -0.295031585 0.004545877 0.023102454 0.095206834 0.995179014
1317401318.541116953 471.011091116 -142.640611129 -0.313018149 0.003634486 0.023397444 0.096090529 0.995090931
1317401318.645107031 471.770314667 -142.486877425 -0.334265000 0.003038085 0.023829059 0.096588115 0.995034513
1317401318.749123096 472.517588226 -142.336697660 -0.355069328 0.002388975 0.024526888 0.096979025 0.994981303
1317401318.853163004 473.232765663 -142.189730385 -0.374114133 0.002211840 0.025415420 0.096899443 0.994967166
1317401318.957226992 473.930328573 -142.044181442 -0.392305118 0.001645382 0.025731004 0.096474687 0.995001429
1317401319.061266899 474.615278882 -141.905661320 -0.412941352 0.001216231 0.025601552 0.096047257 0.995046735
1317401319.165306091 475.278166717 -141.768683791 -0.437056049 0.001049132 0.025682456 0.095547203 0.995092982
1317401319.269345999 475.922701220 -141.639571488 -0.455980610 0.001262767 0.026083036 0.094556236 0.995176969
1317401319.373383999 476.549167725 -141.513114465 -0.473561526 0.001013940 0.026365016 0.093331903 0.995285393
1317401319.477446079 477.156259438 -141.393592913 -0.490996055 0.001745589 0.025625722 0.092003991 0.995427316
1317401319.581510067 477.746039390 -141.278799108 -0.513509462 0.001325351 0.024114957 0.090392915 0.995613295
1317401319.685570955 478.329880617 -141.170119741 -0.536154606 0.001372886 0.022912599 0.088589241 0.995803733
1317401319.789633036 478.917477684 -141.063135798 -0.557555640 0.001208999 0.022250033 0.086053367 0.996041311
1317401319.893699884 479.501786114 -140.955401776 -0.577985400 0.000992266 0.022275287 0.083586125 0.996251066
1317401319.997764111 480.088875767 -140.850588609 -0.596481285 0.001603943 0.022467530 0.080919441 0.996466097
1317401320.101824045 480.671505416 -140.751014472 -0.611920908 0.002388490 0.022171540 0.078665721 0.996651605
1317401320.205862999 481.247814061 -140.658134194 -0.630002557 0.002103573 0.021748784 0.076516745 0.996828848
1317401320.309905052 481.826210992 -140.563935037 -0.648634613 0.002381853 0.021756661 0.074230821 0.997000882
1317401320.413943052 482.391118407 -140.476075168 -0.666287356 0.002174419 0.021394996 0.072409878 0.997143087
1317401320.517977953 482.964159694 -140.390080936 -0.680631233 0.003055161 0.021105324 0.070739091 0.997266871
1317401320.621990919 483.523808219 -140.310182508 -0.696262564 0.004612881 0.021426271 0.069659919 0.997330002
1317401320.725982904 484.079222560 -140.230261655 -0.709876280 0.005186209 0.021417515 0.069032140 0.997371023
1317401320.829998016 484.614190052 -140.149705146 -0.723919206 0.005158822 0.021100170 0.069274609 0.997361117
1317401320.933986902 485.141027680 -140.073707432 -0.735335755 0.005765991 0.021146299 0.069789655 0.997320907
1317401321.037977934 485.660229461 -139.997818195 -0.744953757 0.006467833 0.021649253 0.070832990 0.997232252
1317401321.141969919 486.155990817 -139.926109889 -0.756425904 0.007630550 0.022229406 0.072122001 0.997118872
1317401321.245938063 486.645395395 -139.852668016 -0.770206921 0.007906898 0.021986883 0.073727865 0.997004644
1317401321.349931002 487.118673601 -139.777419754 -0.781250103 0.007422710 0.021454439 0.075650919 0.996875894
1317401321.453917980 487.584924161 -139.700022719 -0.793753033 0.007039753 0.021317742 0.077608941 0.996731081
1317401321.557907104 488.039362624 -139.624240024 -0.805804735 0.006553671 0.021015434 0.079744547 0.996572229
1317401321.661900043 488.493468464 -139.550193335 -0.818344479 0.007375051 0.020302549 0.081697165 0.996423097
1317401321.765892029 488.942586919 -139.476180422 -0.829937067 0.009034488 0.019832793 0.083869804 0.996238372
1317401321.869905949 489.390900614 -139.399854404 -0.839591509 0.009951843 0.019874239 0.085898584 0.996055926
1317401321.973917007 489.839002835 -139.319938231 -0.853452469 0.009679082 0.020055574 0.088321072 0.995843099
1317401322.077908039 490.277889111 -139.239050690 -0.862191927 0.009214344 0.020367574 0.090843226 0.995614266
1317401322.181900978 490.715157898 -139.154614120 -0.872875701 0.008588536 0.020345532 0.093132270 0.995408799
1317401322.285940886 491.150080545 -139.065642974 -0.883265748 0.007870899 0.020152653 0.095156705 0.995227171
1317401322.390003920 491.579848774 -138.980847772 -0.894086435 0.007570972 0.020119755 0.096495665 0.995101232
1317401322.494062901 492.008987586 -138.893995944 -0.903463588 0.007724397 0.019878473 0.097054785 0.995050526
1317401322.598150969 492.426954349 -138.808806892 -0.912612209 0.008230707 0.019767709 0.096991932 0.995054802
1317401322.702240944 492.846250832 -138.725557848 -0.923179231 0.008853745 0.020017582 0.096390219 0.995102926
1317401322.806325912 493.265793102 -138.641602661 -0.932010152 0.008530955 0.020090874 0.095485920 0.995191448
1317401322.910413027 493.683954652 -138.557555025 -0.943755620 0.008284485 0.020204927 0.094625633 0.995273389
1317401323.014475107 494.111859649 -138.474684251 -0.959067292 0.008377594 0.019589098 0.094072000 0.995337401
1317401323.118513107 494.551070829 -138.387512738 -0.974610740 0.009116354 0.019444953 0.093366294 0.995400181
1317401323.222552061 494.995934919 -138.303466589 -0.985542982 0.011372980 0.020639869 0.092261091 0.995455947
1317401323.326615095 495.449020615 -138.221593337 -0.990304435 0.012778342 0.021943550 0.091035544 0.995523844
1317401323.430653095 495.906101909 -138.134208546 -0.998346263 0.011944586 0.021545386 0.089695529 0.995664519
1317401323.534691095 496.369628587 -138.045862468 -1.012081956 0.009994507 0.020220617 0.088383931 0.995831069
1317401323.638731956 496.843941395 -137.954732322 -1.033445844 0.008380305 0.019945583 0.087438380 0.995934975
1317401323.742747068 497.327630310 -137.867735899 -1.055510163 0.009529017 0.020571463 0.086651934 0.995980650
1317401323.846735954 497.820539084 -137.782795205 -1.074859464 0.012979951 0.020628318 0.086631777 0.995942232
1317401323.950701714 498.319403940 -137.701624515 -1.086283020 0.015495902 0.020987647 0.086649818 0.995897186
1317401324.054668903 498.827163772 -137.609556151 -1.096272115 0.014158126 0.022701384 0.086900150 0.995857700
1317401324.158633947 499.342636375 -137.509459011 -1.110678239 0.011544724 0.023633743 0.087723112 0.995797580
1317401324.262603045 499.865410809 -137.409838764 -1.130143564 0.009755329 0.022971268 0.088573701 0.995756925
1317401324.366571665 500.400936598 -137.309449968 -1.149957739 0.009178384 0.022764091 0.089845326 0.995653238
1317401324.470513105 500.951610692 -137.205368972 -1.169496581 0.010173516 0.022964779 0.091814998 0.995459253
1317401324.574409008 501.511789591 -137.099893606 -1.188547525 0.011461578 0.023071795 0.094696505 0.995172797
1317401324.678282022 502.079821593 -136.985309494 -1.208934352 0.011856950 0.022254569 0.098588649 0.994808738
1317401324.782125711 502.661550846 -136.862631077 -1.229686734 0.011366669 0.021289722 0.103680459 0.994317811
1317401324.885946989 503.247883991 -136.730713739 -1.250048824 0.010010114 0.020050843 0.109783147 0.993702884
1317401324.989744902 503.845048861 -136.589492710 -1.273187844 0.009053683 0.018381952 0.116931186 0.992928614
1317401325.093544960 504.451363077 -136.436393546 -1.296779072 0.009175766 0.017264978 0.124704939 0.992001212
1317401325.197345972 505.064577383 -136.268960010 -1.318737114 0.008205727 0.017018487 0.133295686 0.990896209
1317401325.301168919 505.680130967 -136.091323896 -1.335556082 0.005488798 0.017047523 0.140702631 0.989889905
1317401325.405064106 506.297577360 -135.899734020 -1.352501977 0.002135591 0.017001512 0.147032403 0.988983246
1317401325.509006023 506.924233461 -135.694081825 -1.367772921 -0.001600061 0.016764206 0.151492300 0.988314972
1317401325.612996101 507.555521204 -135.483464816 -1.386251164 -0.003841528 0.016387275 0.154405114 0.987864242
1317401325.717010975 508.192532938 -135.270232990 -1.405023043 -0.005348666 0.016028085 0.156076368 0.987600455
1317401325.821072102 508.836516043 -135.054405581 -1.423381206 -0.007679247 0.016069938 0.156657942 0.987492317
1317401325.925158978 509.484580347 -134.838333294 -1.443070002 -0.010109921 0.016544387 0.155865388 0.987587998
1317401326.029269934 510.146220772 -134.622417963 -1.462435883 -0.011835411 0.017433476 0.153406108 0.987938542
1317401326.133405924 510.826148625 -134.405424249 -1.482585600 -0.012894745 0.018097147 0.149700104 0.988481713
1317401326.237562895 511.513983401 -134.189909886 -1.503835822 -0.013723485 0.018040466 0.144963506 0.989177330
1317401326.341744900 512.212862212 -133.977920953 -1.526205303 -0.014680645 0.017271809 0.139715027 0.989932257
1317401326.445910931 512.932504595 -133.769649936 -1.548701237 -0.015192157 0.016395053 0.133250605 0.990830297
1317401326.550045967 513.660836632 -133.568783055 -1.571272960 -0.014845296 0.015938798 0.127431170 0.991608223
1317401326.654149771 514.392930721 -133.374891530 -1.595766573 -0.015897113 0.015826040 0.121408947 0.992349075
1317401326.758235931 515.153958459 -133.180721652 -1.614763139 -0.015880971 0.015894643 0.115018000 0.993109266
1317401326.862299919 515.933349903 -132.992978711 -1.636731750 -0.015947165 0.016098849 0.108875065 0.993797130
1317401326.966341019 516.710575035 -132.812834414 -1.658336554 -0.016137874 0.016168693 0.103545235 0.994362372
1317401327.070332050 517.505295577 -132.639893633 -1.680848307 -0.015532178 0.016101656 0.098848601 0.994850965
1317401327.174298048 518.308481706 -132.472633855 -1.701315636 -0.014816101 0.015626514 0.095095532 0.995235216
1317401327.278240919 519.119486454 -132.309601178 -1.722838807 -0.014752896 0.015138091 0.092006624 0.995534013
1317401327.382135153 519.935961478 -132.150605418 -1.744251756 -0.014481091 0.014942425 0.089584822 0.995761810
1317401327.486006021 520.770037356 -131.994955409 -1.767452182 -0.014574088 0.015031409 0.088092787 0.995892220
1317401327.589850903 521.606230224 -131.838232337 -1.787786105 -0.014487022 0.015319735 0.087280371 0.995960626
1317401327.693696976 522.458415255 -131.680703998 -1.805138501 -0.014307202 0.015783743 0.086979936 0.995982263
1317401327.797569036 523.312449667 -131.525830628 -1.826217997 -0.014457475 0.017176623 0.087081959 0.995948130
1317401327.901439905 524.167042045 -131.366637488 -1.849824977 -0.014615264 0.020016660 0.087272948 0.995876077
1317401328.005287886 525.029409589 -131.208909788 -1.875508570 -0.015115620 0.023375382 0.087436694 0.995781067
1317401328.109134912 525.888065305 -131.046487282 -1.903766026 -0.015839749 0.025754444 0.087853339 0.995674446
1317401328.213002920 526.747205548 -130.884542900 -1.933270864 -0.015959714 0.026386165 0.088342427 0.995612713
1317401328.316874027 527.606427709 -130.722942918 -1.966057535 -0.015849304 0.025663316 0.088817596 0.995591095
1317401328.420743942 528.469678298 -130.559843576 -2.002004430 -0.015703686 0.024716759 0.089440303 0.995561604
1317401328.524614096 529.330150441 -130.393903639 -2.040245342 -0.016279365 0.024809940 0.089909773 0.995507751
1317401328.628485918 530.189565889 -130.230400185 -2.074636155 -0.016659991 0.025323134 0.090510535 0.995434090
1317401328.732357025 531.043419650 -130.067290678 -2.106375692 -0.016910009 0.025527912 0.091133120 0.995367837
1317401328.836227894 531.887718121 -129.902835704 -2.138785329 -0.017612720 0.025326632 0.091611247 0.995316901
1317401328.940099001 532.734266346 -129.740479385 -2.176761385 -0.017641228 0.024800610 0.092103778 0.995284186
1317401329.043968916 533.567051215 -129.577065183 -2.208291258 -0.016886958 0.024166278 0.092604539 0.995266407
1317401329.147864103 534.406144016 -129.414495139 -2.244932497 -0.017743602 0.024524141 0.092904717 0.995214773
1317401329.251782894 535.236429131 -129.250643348 -2.280022369 -0.019641972 0.025661530 0.092782671 0.995161823
1317401329.355704069 536.072389613 -129.087974049 -2.316417585 -0.020058374 0.027630368 0.092727524 0.995105939
1317401329.459621906 536.898999033 -128.928216433 -2.346458420 -0.020148186 0.027270027 0.092205499 0.995162571
1317401329.563564062 537.718405122 -128.766236719 -2.385008955 -0.021354140 0.026090356 0.091788671 0.995207583
1317401329.667505980 538.524685442 -128.608050471 -2.423102276 -0.022301743 0.025580289 0.091394921 0.995236278
1317401329.771425009 539.322700457 -128.454357665 -2.458617176 -0.021692054 0.026319208 0.090708300 0.995293303
1317401329.875368118 540.105849724 -128.303282624 -2.489996889 -0.021999168 0.026755598 0.090020317 0.995337389
1317401329.979335070 540.871651591 -128.154995894 -2.519640940 -0.022525494 0.027168869 0.089238392 0.995384832
1317401330.083302259 541.616036953 -128.012443012 -2.551991879 -0.022718255 0.027250013 0.088660013 0.995429917
1317401330.187244892 542.350591953 -127.874997150 -2.579022619 -0.022972301 0.027584897 0.087911070 0.995481286
1317401330.291188955 543.062703701 -127.743155025 -2.604552299 -0.023357542 0.027487199 0.087274855 0.995531003
1317401330.395129204 543.756394079 -127.616300214 -2.630289162 -0.023265600 0.027413340 0.086786848 0.995577854
1317401330.499046803 544.429614998 -127.490880118 -2.659851472 -0.022854854 0.027334347 0.086541529 0.995610894
1317401330.602988958 545.086006730 -127.370019129 -2.685155952 -0.023012792 0.027044172 0.086533440 0.995615884
1317401330.706933975 545.717751055 -127.251203598 -2.707858998 -0.023074220 0.026141721 0.086567886 0.995635572
1317401330.810877085 546.330821733 -127.138116670 -2.733909405 -0.023908260 0.025483845 0.086506535 0.995638282
1317401330.914819002 546.933710190 -127.026531444 -2.756687419 -0.023415931 0.023879718 0.086658132 0.995676565
1317401331.018785954 547.517870085 -126.917623337 -2.774721332 -0.023034254 0.021962835 0.086643007 0.995730911
1317401331.122776031 548.089326410 -126.813676586 -2.793932466 -0.022227010 0.020053064 0.086319933 0.995817606
1317401331.226766109 548.655819424 -126.710369211 -2.813159266 -0.022913132 0.018227399 0.086080310 0.995857887
1317401331.330755949 549.212184952 -126.606941686 -2.834572261 -0.023079462 0.016882886 0.085614263 0.995917921
1317401331.434746981 549.760935950 -126.507251475 -2.850613127 -0.022449397 0.016698729 0.085098847 0.995979600
1317401331.538764000 550.305141427 -126.413033005 -2.862904347 -0.020175725 0.017510031 0.084178268 0.996092545
1317401331.642777205 550.834508549 -126.323302207 -2.874579523 -0.019654303 0.018068988 0.083218426 0.996173636
1317401331.746790886 551.349911408 -126.233405204 -2.883573787 -0.020477879 0.018200604 0.081920019 0.996262267
1317401331.850832939 551.852038487 -126.143832548 -2.896473756 -0.022136061 0.018333260 0.080242642 0.996360881
1317401331.954896927 552.337400848 -126.061346811 -2.909556714 -0.022911842 0.018464093 0.077501051 0.996557932
1317401332.058958054 552.801575782 -125.986035475 -2.922158724 -0.021581701 0.018272081 0.073974566 0.996859130
1317401332.163069010 553.246546099 -125.918362431 -2.933406537 -0.019993190 0.017647442 0.069357257 0.997235384
1317401332.267230034 553.674566645 -125.854098733 -2.941521467 -0.020271619 0.017370739 0.063926255 0.997597490
1317401332.371388912 554.091309837 -125.797468171 -2.950434436 -0.022139671 0.017649412 0.057812257 0.997925887
1317401332.475544930 554.494178194 -125.746660748 -2.960315772 -0.023128896 0.017538866 0.051270034 0.998262904
1317401332.579703093 554.880076923 -125.707899192 -2.971527446 -0.022128203 0.017013670 0.043914145 0.998645295
1317401332.683887005 555.251336671 -125.675382694 -2.975845520 -0.021119337 0.016300526 0.035576685 0.999010794
1317401332.788094044 555.608743371 -125.649898054 -2.980218579 -0.020585884 0.015756214 0.026048362 0.999324495
1317401332.892298937 555.954091826 -125.629538815 -2.986662599 -0.019885416 0.015437976 0.015793369 0.999558307
1317401332.996506929 556.283427567 -125.618356348 -2.993509900 -0.018788248 0.014874104 0.004656695 0.999701995
1317401333.100713015 556.600844381 -125.617244995 -3.000732471 -0.016978245 0.013968740 -0.007053039 0.999733399
1317401333.204919100 556.909730884 -125.622254466 -3.007991222 -0.014509242 0.013057944 -0.018792237 0.999632844
1317401333.309101105 557.207434416 -125.639118355 -3.007086928 -0.011752040 0.012390403 -0.030936723 0.999375448
1317401333.413261175 557.495695849 -125.656904102 -3.009574147 -0.009966786 0.011646814 -0.043056359 0.998955036
1317401333.517420053 557.774724895 -125.679322323 -3.007420129 -0.007980121 0.010417288 -0.055411819 0.998377348
1317401333.621581078 558.048282276 -125.706552033 -3.005910022 -0.007546222 0.009487533 -0.068042655 0.997608760
1317401333.725716114 558.321920498 -125.736057942 -3.005867187 -0.008005740 0.009525586 -0.081235591 0.996617254
1317401333.829849958 558.588823936 -125.772801109 -3.011245846 -0.008837834 0.010392889 -0.094438760 0.995437191
1317401333.933984041 558.856544689 -125.824284826 -3.017965901 -0.008985968 0.011931312 -0.108555437 0.993978175
1317401334.038094997 559.121328939 -125.882483408 -3.022514785 -0.007306286 0.014017300 -0.122940505 0.992288147
1317401334.142205954 559.379645273 -125.950679250 -3.023295497 -0.005111140 0.015590467 -0.137236566 0.990402412
1317401334.246290922 559.634380049 -126.022954748 -3.022378519 -0.002451826 0.017200559 -0.151274754 0.988339050
1317401334.350353956 559.884484916 -126.099950209 -3.019448686 0.000091507 0.018391359 -0.165337845 0.986065488
1317401334.454392910 560.134933940 -126.179125156 -3.019042067 0.002070351 0.019026984 -0.179610050 0.983551685
1317401334.558407068 560.388023130 -126.271871681 -3.018690817 0.002867282 0.019471235 -0.193469863 0.980908794
1317401334.662396908 560.646955708 -126.379945289 -3.018481260 0.002722323 0.020496494 -0.207064468 0.978108782
1317401334.766362906 560.917183711 -126.496092183 -3.021512820 0.002407175 0.021602841 -0.220532883 0.975137308
1317401334.870283127 561.203791208 -126.633013764 -3.026249160 0.003187555 0.022583789 -0.232945749 0.972222243
1317401334.974083900 561.507349606 -126.783111746 -3.038076713 0.004717873 0.022786800 -0.242094169 0.969973668
1317401335.077740908 561.816654145 -126.946231386 -3.047729772 0.008037803 0.022150720 -0.246343295 0.968896135
1317401335.181345940 562.108737053 -127.098321389 -3.052024681 0.010142260 0.022269221 -0.246842677 0.968746566
1317401335.284976959 562.385345006 -127.239115722 -3.060164610 0.010341427 0.023473595 -0.245412462 0.969079341
1317401335.388581991 562.654904002 -127.370561658 -3.067634545 0.010071851 0.024320887 -0.241440724 0.970058467
1317401335.492187977 562.898924953 -127.486665190 -3.076462180 0.010215328 0.024238187 -0.233871839 0.971911580
1317401335.595844030 563.114696073 -127.589357437 -3.086514870 0.009556544 0.023698980 -0.225357482 0.973940982
1317401335.699498892 563.326958049 -127.689212725 -3.099452009 0.009805006 0.023059274 -0.216497852 0.975961481
1317401335.803103924 563.544731596 -127.779274553 -3.111940509 0.011071431 0.022061639 -0.204332337 0.978590314
1317401335.906711102 563.750272010 -127.871102627 -3.118218712 0.013303449 0.021310063 -0.188911718 0.981672686
1317401336.010343075 563.950698027 -127.944159963 -3.121842619 0.014530033 0.021011776 -0.172261940 0.984719862
1317401336.113975048 564.159577358 -128.016527379 -3.125948860 0.015094401 0.021289093 -0.152925616 0.987893056
1317401336.217603922 564.362335416 -128.075453018 -3.130215057 0.015123753 0.021639005 -0.130807024 0.991056279
1317401336.321259022 564.541001472 -128.104178789 -3.133953743 0.014197017 0.021829809 -0.108006008 0.993809140
1317401336.424961090 564.718911302 -128.125065691 -3.138483819 0.013185742 0.022497314 -0.084314877 0.996097891
1317401336.528687954 564.891554003 -128.137315960 -3.143883246 0.011930381 0.023202103 -0.059782388 0.997870430
1317401336.632440090 565.054937899 -128.142257559 -3.151197658 0.011403410 0.023519372 -0.035208519 0.999038118
1317401336.736212969 565.217677795 -128.136365222 -3.160260835 0.011445343 0.023366520 -0.011005502 0.999600865
1317401336.839987040 565.377366910 -128.119392157 -3.168113099 0.011440034 0.023290530 0.013041779 0.999578205
1317401336.943763018 565.537162299 -128.095341134 -3.174368731 0.011175275 0.023631432 0.036602832 0.998987939
1317401337.047538996 565.697025183 -128.069043583 -3.181213710 0.010656673 0.024553503 0.060603137 0.997802997
1317401337.151313066 565.856770736 -128.035804169 -3.189120486 0.010604333 0.026369882 0.084517088 0.996016586
1317401337.255085707 566.027134215 -128.006512257 -3.198430903 0.010967394 0.028279220 0.108733088 0.993608131
1317401337.358865976 566.195875285 -127.959458512 -3.204932269 0.011811237 0.029741904 0.133668993 0.990509220
1317401337.462640047 566.368428516 -127.899660695 -3.208868490 0.012305150 0.031372893 0.158907384 0.986718181
1317401337.566411972 566.542563365 -127.821131088 -3.210670673 0.012073544 0.033468035 0.183803192 0.982318944
1317401337.670236111 566.714610991 -127.729850933 -3.211673011 0.010617941 0.035752363 0.207568366 0.977509284
1317401337.774153948 566.878135494 -127.640379007 -3.215125417 0.008617257 0.037557908 0.229045162 0.972652795
1317401337.878168106 567.038743226 -127.543303032 -3.222996059 0.006714109 0.038742390 0.246898213 0.968243368
1317401337.982278109 567.210472786 -127.449995582 -3.233387424 0.006120153 0.040071908 0.261615878 0.964320444
1317401338.086438894 567.388153057 -127.357859838 -3.244156382 0.006199533 0.041686135 0.273910068 0.960831466
1317401338.190623045 567.573976602 -127.271197100 -3.252173246 0.007007250 0.043675048 0.284590239 0.957628208
1317401338.294803858 567.772078751 -127.170925710 -3.254309667 0.005448195 0.043604419 0.293804491 0.954854907
1317401338.399009943 567.955827169 -127.054907062 -3.263870312 0.002261972 0.040190636 0.301549206 0.952600479
1317401338.503312111 568.154461446 -126.930934945 -3.281945146 -0.000914647 0.036371183 0.306602300 0.951142119
1317401338.607640028 568.370479782 -126.783874238 -3.317424476 -0.001718967 0.035123735 0.309956987 0.950100013
1317401338.711919069 568.605644451 -126.630136503 -3.336212720 0.000664991 0.034621124 0.312291312 0.949355082
1317401338.816245079 568.841607559 -126.478030977 -3.348105339 0.001542906 0.031207970 0.312301914 0.949468902
1317401338.920669079 569.086248557 -126.302074166 -3.360926213 -0.000789891 0.024582361 0.309346596 0.950631247
1317401339.025139093 569.336366339 -126.105681973 -3.390730786 -0.003830792 0.016478465 0.303597005 0.952650326
1317401339.129635096 569.599589064 -125.905691395 -3.427583533 -0.003529739 0.009074139 0.295050246 0.955432129
1317401339.234154940 569.879085052 -125.717932061 -3.450888661 -0.003074842 0.003313752 0.282896123 0.959139900
1317401339.338649035 570.181775431 -125.522435975 -3.473370564 -0.006233112 -0.001730886 0.270107459 0.962808451
1317401339.443022966 570.503499469 -125.301602366 -3.504243283 -0.008736720 -0.005547241 0.257746966 0.966157026
1317401339.547348976 570.842929772 -125.093490739 -3.526939205 -0.008257594 -0.004659846 0.245017705 0.969472239
1317401339.651649952 571.213849643 -124.900099246 -3.522544985 -0.009104150 0.000516964 0.232251063 0.972613125
1317401339.755882025 571.603901971 -124.693248686 -3.512089072 -0.012142085 0.006451707 0.220560151 0.975276456
1317401339.860064983 572.008123683 -124.486573186 -3.497647345 -0.015390036 0.012757417 0.210369011 0.977417656
1317401339.964198112 572.424422545 -124.290760015 -3.482588184 -0.016953689 0.016417784 0.201342767 0.979236498
1317401340.068309069 572.855097976 -124.099844951 -3.481704083 -0.016486952 0.018086182 0.192648505 0.980962601
1317401340.172395945 573.298773779 -123.913213360 -3.489782983 -0.015219528 0.017803454 0.184551158 0.982543777
1317401340.276459932 573.763511976 -123.727532117 -3.506652052 -0.013925033 0.016435607 0.176496067 0.984065599
1317401340.380497932 574.249039461 -123.541544447 -3.528237213 -0.012942254 0.015026501 0.168262788 0.985542661
1317401340.484513998 574.759542216 -123.360338727 -3.553668791 -0.012226576 0.014957294 0.160561938 0.986836691
1317401340.588529110 575.294176817 -123.183181028 -3.576207252 -0.011927311 0.016522724 0.153087128 0.988002566
1317401340.692518950 575.850292462 -122.999895864 -3.592515323 -0.011452663 0.019716270 0.146418511 0.988959921
1317401340.796462059 576.436373990 -122.813446042 -3.613928875 -0.011603600 0.022272509 0.140578681 0.989750942
1317401340.900381088 577.040646345 -122.631710411 -3.630867337 -0.009754712 0.023196700 0.136160863 0.990367093
1317401341.004252911 577.667513282 -122.452798231 -3.653554217 -0.006153860 0.023025568 0.133351395 0.990782195
1317401341.108099937 578.308208305 -122.271831744 -3.677023637 -0.002303316 0.021960016 0.131531980 0.991065987
1317401341.211971998 578.966109754 -122.087567072 -3.704600403 -0.001856787 0.020231355 0.129861168 0.991324025
1317401341.315864086 579.642537805 -121.895410443 -3.743472039 -0.004269270 0.019739948 0.127954296 0.991574408
1317401341.419780970 580.336995073 -121.703784144 -3.770534025 -0.006348047 0.019335377 0.125369503 0.991901373
1317401341.523750067 581.058507584 -121.513070137 -3.804078427 -0.008680294 0.019879335 0.121613817 0.992340438
1317401341.627763987 581.797388247 -121.326814984 -3.838158508 -0.011234307 0.020965739 0.117122212 0.992832622
1317401341.731777906 582.556886104 -121.141263231 -3.869414404 -0.011581939 0.021801815 0.112187832 0.993380305
1317401341.835768938 583.334260586 -120.961100683 -3.899523465 -0.011698109 0.021950814 0.107199268 0.993926372
1317401341.939759970 584.133377352 -120.771914260 -3.929125464 -0.014721040 0.019529841 0.102100897 0.994473370
1317401342.043751001 584.950133010 -120.590078619 -3.966376871 -0.017257649 0.017184233 0.097804122 0.994907649
1317401342.147717953 585.775821713 -120.423001372 -4.004438806 -0.015944248 0.018371173 0.093523211 0.995319893
1317401342.251661062 586.618566284 -120.264517488 -4.038278663 -0.014422976 0.021770626 0.089326742 0.995659957
1317401342.355581045 587.465654647 -120.104797336 -4.068647914 -0.014344649 0.023935773 0.085916170 0.995911503
1317401342.459497929 588.329186638 -119.947769847 -4.097716797 -0.014802680 0.023027280 0.083323959 0.996146447
1317401342.563394070 589.188702174 -119.792529323 -4.133720005 -0.015165004 0.020670133 0.082108053 0.996293649
1317401342.667261839 590.073714417 -119.640736136 -4.176606565 -0.015567720 0.018956748 0.080608780 0.996443933
1317401342.771133900 590.966212613 -119.489198847 -4.207726901 -0.013299959 0.018211124 0.079452219 0.996583569
1317401342.875005007 591.876259138 -119.338273010 -4.242481212 -0.011971790 0.018140373 0.078522407 0.996675391
1317401342.978878021 592.794942196 -119.186686120 -4.274963223 -0.009431784 0.019484708 0.077906933 0.996725588
1317401343.082726955 593.712325307 -119.044135245 -4.306809271 -0.007924784 0.023355493 0.078083359 0.996641715
1317401343.186571121 594.641205570 -118.898095132 -4.335153855 -0.006018706 0.026184029 0.077639230 0.996619447
1317401343.290441036 595.575194728 -118.751767839 -4.371609364 -0.004910043 0.026404577 0.077600358 0.996622734
1317401343.394310951 596.512097001 -118.599288022 -4.413388942 -0.006626991 0.024957740 0.077451690 0.996661643
1317401343.498183012 597.463636292 -118.441078442 -4.455840825 -0.008946691 0.023164568 0.077994916 0.996644446
1317401343.602076054 598.425151836 -118.278092675 -4.498919194 -0.011131615 0.022284605 0.078778199 0.996580894
1317401343.705969095 599.375743357 -118.117470063 -4.537666789 -0.010819015 0.021334921 0.078921211 0.996593805
1317401343.809864998 600.337806657 -117.958109830 -4.572834668 -0.011407207 0.020666364 0.079500690 0.996555276
1317401343.913759947 601.306555385 -117.794874381 -4.608421909 -0.011224901 0.021256117 0.079646400 0.996533306
1317401344.017654896 602.275833163 -117.634608644 -4.644177050 -0.010716845 0.022917021 0.080592303 0.996426033
1317401344.121540070 603.234613761 -117.476664092 -4.680479306 -0.010263517 0.024835690 0.081252136 0.996331240
1317401344.225409031 604.193407248 -117.317486210 -4.710635188 -0.009122371 0.025527284 0.082222052 0.996245288
1317401344.329315186 605.146131374 -117.154411883 -4.743891700 -0.008199981 0.024371863 0.082293046 0.996276381
1317401344.433211088 606.102368580 -116.986446184 -4.778719174 -0.009144643 0.022491229 0.082614459 0.996285788
1317401344.537106037 607.059866205 -116.817973086 -4.816494418 -0.010093390 0.021604822 0.083190370 0.996248321
1317401344.640976906 608.018380155 -116.651255100 -4.848907117 -0.009952996 0.022171182 0.084359049 0.996139010
1317401344.744822979 608.970765060 -116.482707394 -4.883975841 -0.009123481 0.023770500 0.085715248 0.995994288
1317401344.848716021 609.925321372 -116.312854513 -4.918438551 -0.008029685 0.025614178 0.086623981 0.995879372
1317401344.952609062 610.877352746 -116.141067092 -4.953951855 -0.006243167 0.027345383 0.087443747 0.995774495
1317401345.056480885 611.819336441 -115.969193555 -4.984886255 -0.004197732 0.026641160 0.088390489 0.995720718
1317401345.160353899 612.760334681 -115.795604039 -5.021466964 -0.001636771 0.024786280 0.089345851 0.995690856
1317401345.264222860 613.687902751 -115.627385740 -5.053820494 0.000307570 0.022791907 0.090481123 0.995637284
1317401345.368118048 614.609139157 -115.453146746 -5.089976681 0.001475414 0.021629151 0.091813194 0.995540225
1317401345.472012043 615.531001742 -115.277818699 -5.117622442 0.002632486 0.021959853 0.092956221 0.995424520
1317401345.575882912 616.448500229 -115.098980146 -5.150267922 0.002488553 0.023855105 0.094064916 0.995277114
1317401345.679754972 617.353256358 -114.915946177 -5.176687962 0.001473181 0.026139597 0.094935803 0.995139058
1317401345.783626080 618.244769034 -114.735136081 -5.207324817 0.000734349 0.027741600 0.095463546 0.995046017
1317401345.887521982 619.120616233 -114.558543546 -5.235734688 0.000586180 0.027991959 0.095712536 0.995015184
1317401345.991416931 619.982867361 -114.386243073 -5.266908426 -0.000003601 0.027410132 0.095716868 0.995031138
1317401346.095286131 620.821783051 -114.212943592 -5.299784585 -0.001027042 0.026360745 0.095753682 0.995055420
1317401346.199157953 621.638615554 -114.051192574 -5.330702440 -0.000313007 0.025539011 0.095826491 0.995070321
1317401346.303051949 622.436500559 -113.895096388 -5.359536012 0.000783083 0.025734618 0.095706042 0.995076615
1317401346.406970978 623.208352537 -113.745487499 -5.387134681 0.000729519 0.027158528 0.095448776 0.995063522
1317401346.510889053 623.960819264 -113.598318200 -5.409180421 0.000802473 0.027917474 0.095158769 0.995070238
1317401346.614806890 624.682392035 -113.455541798 -5.431606022 0.001623953 0.028080030 0.094384987 0.995138357
1317401346.718750954 625.376233757 -113.320249315 -5.454175644 0.002024645 0.026302023 0.093333135 0.995285401
1317401346.822741985 626.045308991 -113.189153128 -5.480425351 0.000722538 0.023790177 0.091700659 0.995502132
1317401346.926733017 626.691112600 -113.060599989 -5.504063303 -0.000491513 0.022223008 0.089603610 0.995729426
1317401347.030724049 627.306337589 -112.942100890 -5.523075267 -0.000988996 0.020735973 0.087411587 0.995955951
1317401347.134738922 627.899030177 -112.834105156 -5.540780223 -0.000441327 0.019903693 0.084999636 0.996182067
1317401347.238754034 628.470726371 -112.734533588 -5.555012552 0.000064223 0.019311873 0.082305262 0.996420038
1317401347.342791080 629.010041055 -112.639089526 -5.566175292 -0.001970937 0.018473456 0.078915242 0.996708198
1317401347.446855068 629.523291584 -112.550616375 -5.575375351 -0.003392794 0.017333891 0.074269570 0.997081770
1317401347.550940990 630.011330024 -112.470551764 -5.586836758 -0.004870873 0.016881126 0.068445733 0.997500117
1317401347.655075073 630.476259496 -112.402919766 -5.599204868 -0.004945250 0.017011547 0.061511371 0.997949149
1317401347.759234905 630.918955476 -112.341211689 -5.607825670 -0.004281086 0.016153990 0.053751437 0.998414495
1317401347.863390923 631.336773920 -112.290779453 -5.615161453 -0.004392600 0.015175801 0.044759082 0.998872877
1317401347.967549086 631.736204837 -112.248029609 -5.617950961 -0.004894315 0.014937287 0.034779440 0.999271391
1317401348.071732998 632.124443750 -112.219588296 -5.623322638 -0.004588020 0.015752214 0.023445663 0.999590475
1317401348.175939083 632.509892855 -112.199454765 -5.628250945 -0.002993695 0.016009195 0.011040985 0.999806401
1317401348.280170918 632.886240228 -112.183434728 -5.636612806 -0.003356042 0.014868842 -0.002687012 0.999880210
1317401348.384428024 633.258180545 -112.180820757 -5.641113150 -0.004604470 0.013885562 -0.017371746 0.999742073
1317401348.488657951 633.625052228 -112.188752537 -5.647324269 -0.006176740 0.014804272 -0.032553845 0.999341247
1317401348.592889071 633.987531945 -112.206851861 -5.647203894 -0.006731972 0.016804391 -0.048391626 0.998664380
1317401348.697118998 634.345338836 -112.239146546 -5.649593088 -0.007937380 0.019313611 -0.065345869 0.997644175
1317401348.801348209 634.693286984 -112.278697785 -5.658292038 -0.008624686 0.021005965 -0.082950636 0.996294914
1317401348.905603886 635.033815297 -112.336102681 -5.668083021 -0.007965609 0.022448056 -0.101318702 0.994568828
1317401349.009856939 635.370800266 -112.407482330 -5.677040096 -0.007178663 0.024090742 -0.121224551 0.992306763
1317401349.114089012 635.699978742 -112.484520013 -5.678797256 -0.006847973 0.027086211 -0.142061422 0.989463488
1317401349.218297005 636.025131527 -112.569691462 -5.685596798 -0.009644280 0.031726125 -0.162514674 0.986148783
1317401349.322478056 636.348025817 -112.664891783 -5.692123089 -0.010800291 0.036584636 -0.182905734 0.982390152
1317401349.426589966 636.658206394 -112.781343701 -5.706858419 -0.010758985 0.038569243 -0.202720067 0.978417719
1317401349.530675888 636.959000882 -112.913183551 -5.721302871 -0.007319940 0.036929929 -0.222461070 0.974214387
1317401349.634763956 637.256365996 -113.062582156 -5.737152583 -0.001769818 0.034601364 -0.242377538 0.969563171
1317401349.738826036 637.545640994 -113.222998254 -5.740110220 0.001282463 0.031689894 -0.261601837 0.964654645
1317401349.842890024 637.846388544 -113.397444366 -5.745708245 -0.001253172 0.029197601 -0.281418908 0.959139890
1317401349.946930885 638.162157852 -113.574375944 -5.756698535 -0.006741392 0.027634421 -0.300905274 0.953229725
1317401350.050944090 638.484097780 -113.776894789 -5.773762101 -0.012701389 0.026571032 -0.319497591 0.947129318
1317401350.154910326 638.804370055 -114.003208467 -5.809467754 -0.017489706 0.025250667 -0.337176005 0.940940410
1317401350.258827925 639.127910119 -114.257647351 -5.846424147 -0.016892525 0.024157212 -0.353810388 0.934852545
1317401350.362747908 639.444619622 -114.544399143 -5.869539989 -0.012332966 0.022075452 -0.370279557 0.928576126
1317401350.466640949 639.761209063 -114.853174818 -5.877914079 -0.007615362 0.020139520 -0.386491082 0.922041783
1317401350.570511103 640.087788169 -115.180419019 -5.888183586 -0.004255335 0.017023046 -0.402172471 0.915395768
1317401350.674381018 640.416005800 -115.531675963 -5.892986970 -0.004498602 0.014896698 -0.416990340 0.908777699
1317401350.778228045 640.746334440 -115.908528228 -5.906469457 -0.009165272 0.016590889 -0.430930272 0.902186146
1317401350.882050991 641.092974794 -116.301628841 -5.918663194 -0.014754873 0.019669873 -0.444377145 0.895502285
1317401350.985898972 641.427553506 -116.720221150 -5.934803707 -0.017857036 0.022603165 -0.458101365 0.888433094
1317401351.089794159 641.751958722 -117.171017922 -5.943172077 -0.017770199 0.023524848 -0.471591452 0.881324177
1317401351.193710089 642.073567344 -117.645385233 -5.952316700 -0.018754023 0.024306506 -0.484735222 0.874121985
1317401351.297629118 642.399509797 -118.156312121 -5.965388046 -0.022521357 0.025635438 -0.498332031 0.866314493
1317401351.401525974 642.721882004 -118.677396128 -5.982373005 -0.027539696 0.027750685 -0.511305825 0.858509067
1317401351.505397081 643.031805711 -119.228249255 -5.998278691 -0.030018645 0.028593881 -0.524298814 0.850524558
1317401351.609292030 643.328695015 -119.804881651 -6.008914674 -0.030767519 0.028165667 -0.536613382 0.842796614
1317401351.713210106 643.613793943 -120.408926664 -6.020410569 -0.031986529 0.026971211 -0.549410269 0.834504507
1317401351.817128897 643.889069839 -121.027673737 -6.028716088 -0.032727279 0.026608982 -0.562606183 0.825648333
1317401351.921024084 644.154260610 -121.682996697 -6.031634053 -0.033295499 0.026407052 -0.574841595 0.817160460
1317401352.024893999 644.409397586 -122.354349320 -6.033108773 -0.032697248 0.025810883 -0.586431703 0.808926787
1317401352.128740072 644.638230415 -123.069169777 -6.029881702 -0.030777065 0.025467838 -0.597047789 0.801210396
1317401352.232563019 644.866644770 -123.809004110 -6.030281222 -0.029050853 0.025753558 -0.607247558 0.793563612
1317401352.336364985 645.076047023 -124.554996402 -6.029285322 -0.027415502 0.025112541 -0.616229801 0.786688365
1317401352.440114975 645.268935458 -125.317664161 -6.026764633 -0.024905716 0.021996862 -0.623872051 0.780819766
1317401352.543816090 645.445666645 -126.097445579 -6.022800749 -0.023455128 0.018664754 -0.630136600 0.775905503
1317401352.647494793 645.619471247 -126.908541266 -6.022616450 -0.022801177 0.016996019 -0.635576489 0.771513946
1317401352.751151085 645.788809810 -127.721276557 -6.018937147 -0.021502261 0.015929826 -0.640202967 0.767739575
1317401352.854804993 645.941054833 -128.565668045 -6.008707448 -0.019111055 0.014757944 -0.642724060 0.765717149
1317401352.958482027 646.092539223 -129.420836952 -6.001902902 -0.017544548 0.013969930 -0.644300674 0.764443374
1317401353.062161922 646.251735176 -130.292675025 -5.998125814 -0.016381384 0.013705244 -0.645384952 0.763558826
1317401353.165862799 646.410253553 -131.170581427 -5.992429789 -0.015423613 0.013181647 -0.646128613 0.762958827
1317401353.269589901 646.564883090 -132.055292500 -5.984242248 -0.015027492 0.011829272 -0.646526863 0.762651466
1317401353.373342037 646.723910065 -132.959497046 -5.981276137 -0.014720506 0.010548257 -0.647060178 0.762223830
1317401353.477091074 646.878796674 -133.866167816 -5.977913258 -0.013430807 0.009672113 -0.647428901 0.761946114
1317401353.580817938 647.038589313 -134.797498330 -5.968823448 -0.011912296 0.008460506 -0.647260370 0.762128946
1317401353.684567690 647.194080926 -135.739411117 -5.958686103 -0.010641603 0.007035953 -0.647529173 0.761933870
1317401353.788342953 647.357687865 -136.703700173 -5.953636040 -0.009573646 0.007086331 -0.647020932 0.762379199
1317401353.892133236 647.525461512 -137.673262830 -5.949622781 -0.006868285 0.008272460 -0.646930596 0.762473080
1317401353.995944977 647.688656371 -138.663598814 -5.944575999 -0.004513355 0.010011666 -0.646482179 0.762850043
1317401354.099766970 647.865762549 -139.662452130 -5.942806674 -0.003345469 0.010139801 -0.645854719 0.763385665
1317401354.203589916 648.045270812 -140.673450066 -5.947937411 -0.003152197 0.009788753 -0.644766644 0.764310289
1317401354.307436943 648.228800515 -141.696025725 -5.949711299 -0.002792631 0.008206578 -0.644114858 0.764879665
1317401354.411283970 648.416244702 -142.720524656 -5.950010969 -0.002049420 0.005997207 -0.643282323 0.765602825
1317401354.515091896 648.607640762 -143.763145679 -5.949677902 -0.001641455 0.004554716 -0.641983109 0.766703494
1317401354.618902922 648.802625696 -144.808289611 -5.949679609 0.000013721 0.004306247 -0.640777258 0.767714766
1317401354.722728014 649.004888983 -145.866768180 -5.947254433 0.001858842 0.004915198 -0.639570669 0.768714345
1317401354.826571941 649.210780500 -146.941088577 -5.945743356 0.002453491 0.005609043 -0.638913847 0.769253934
1317401354.930418968 649.417190959 -148.008867962 -5.946337779 0.001541750 0.006044110 -0.638529599 0.769571987
1317401355.034266949 649.641693006 -149.089330930 -5.949085040 0.000209962 0.006235834 -0.637984025 0.770024320
1317401355.138137102 649.848430982 -150.168450405 -5.952161137 -0.000799652 0.006867954 -0.637918765 0.770072621
1317401355.242032051 650.070838704 -151.254461153 -5.954781688 -0.001392611 0.007163204 -0.637887857 0.770094690
1317401355.345951080 650.290781533 -152.347920358 -5.953076873 -0.001939705 0.006120091 -0.638001177 0.770008623
1317401355.449843884 650.503462891 -153.446751804 -5.950516885 -0.002691045 0.005858800 -0.638128092 0.769903222
1317401355.553739071 650.724675370 -154.551382523 -5.949181208 -0.002653227 0.006092355 -0.638202394 0.769839949
1317401355.657634020 650.947233001 -155.666481244 -5.946275428 -0.001963354 0.006922640 -0.638564443 0.769534713
1317401355.761528969 651.168082570 -156.782309077 -5.944156449 -0.001817778 0.008343492 -0.638840082 0.769292163
1317401355.865469933 651.383189384 -157.895425135 -5.940552652 -0.002529927 0.009870884 -0.639291221 0.768897197
1317401355.969414949 651.602286369 -159.010820294 -5.941532675 -0.003525147 0.010974318 -0.639693668 0.768543524
1317401356.073334932 651.823495284 -160.132721688 -5.946165046 -0.003921011 0.012298337 -0.639987863 0.768276585
1317401356.177252054 652.039190673 -161.252241152 -5.950893229 -0.003626331 0.013278914 -0.640261426 0.768033741
1317401356.281172991 652.261167359 -162.377108992 -5.953634992 -0.003491497 0.012743938 -0.640442594 0.767892365
1317401356.385114908 652.470144238 -163.495697771 -5.956760414 -0.003569010 0.010653616 -0.640542776 0.767840293
1317401356.489058971 652.688975719 -164.626280879 -5.961036854 -0.003214353 0.008392110 -0.640592451 0.767828465
1317401356.592978954 652.898534038 -165.757130421 -5.961521305 -0.002411938 0.007428642 -0.640765589 0.767696853
1317401356.696870089 653.107492874 -166.888284206 -5.960763328 -0.000996160 0.007887693 -0.640836262 0.767636423
1317401356.800765038 653.321424845 -168.028816770 -5.961740695 0.000610382 0.009129905 -0.641004557 0.767482528
1317401356.904685020 653.533353948 -169.167392752 -5.963646773 0.001629455 0.010550557 -0.641166948 0.767327163
1317401357.008578062 653.754094111 -170.316540309 -5.969773866 0.002349756 0.010581619 -0.641351795 0.767170374
1317401357.112449884 653.973283412 -171.480322928 -5.977423220 0.002321866 0.009333324 -0.641144519 0.767359892
1317401357.216297865 654.190780993 -172.630911737 -5.985762000 0.001714200 0.007532743 -0.640846512 0.767630163
1317401357.320143223 654.407919281 -173.775741855 -5.991344656 0.000849188 0.006243101 -0.640414342 0.768003759
1317401357.423990011 654.630067081 -174.955921580 -5.994147687 -0.000161337 0.006153662 -0.640178928 0.768201176
1317401357.527837038 654.854928240 -176.116208308 -5.997654202 -0.000679349 0.007317202 -0.640088073 0.768266396
1317401357.631680965 655.077151950 -177.285201426 -5.998192740 -0.000991407 0.009207525 -0.639734103 0.768540511
1317401357.735505104 655.301760050 -178.449888392 -5.999520236 -0.002190569 0.009569680 -0.639520942 0.768710991
1317401357.839306355 655.530667331 -179.624964975 -6.002432623 -0.003608611 0.009510554 -0.639432398 0.768780031
1317401357.943105936 655.761086013 -180.803066079 -6.006120167 -0.004129861 0.010212729 -0.639306996 0.768872687
1317401358.046902895 655.985389199 -181.978204822 -6.006637034 -0.004040247 0.011235963 -0.638962028 0.769145601
1317401358.150677919 656.214485856 -183.158693346 -6.005174536 -0.003772892 0.011522594 -0.638863980 0.769224161
1317401358.254427910 656.443530449 -184.337150478 -6.008525430 -0.003507602 0.012225202 -0.638597119 0.769436131
1317401358.358177900 656.673001463 -185.513927592 -6.010720937 -0.002111123 0.013085172 -0.638558868 0.769458832
1317401358.461930037 656.901874812 -186.689043854 -6.015611564 -0.000697779 0.013712427 -0.638544979 0.769462015
1317401358.565656900 657.130969003 -187.870166808 -6.020012668 0.000032313 0.013303453 -0.638480083 0.769523359
1317401358.669382095 657.358452078 -189.042706767 -6.028883909 0.000250691 0.013003449 -0.638269227 0.769703346
1317401358.773133039 657.581650211 -190.214118068 -6.036031215 0.000250417 0.012457196 -0.638536475 0.769490693
1317401358.876909971 657.810541631 -191.391534003 -6.044441189 0.000106501 0.011967634 -0.638671266 0.769386625
1317401358.980685711 658.036574509 -192.562183552 -6.052780419 0.000184904 0.011550345 -0.638785772 0.769297922
1317401359.084484100 658.266528438 -193.735694850 -6.059486035 0.001204008 0.011523706 -0.638849372 0.769244587
1317401359.188282013 658.497934096 -194.902651474 -6.064344037 0.001798068 0.011475042 -0.638737435 0.769337104
1317401359.292079926 658.725360360 -196.072772471 -6.070903794 0.002103411 0.011505324 -0.638982863 0.769132046
1317401359.395878077 658.945417248 -197.247927518 -6.080614674 0.001997397 0.012329401 -0.638697899 0.769356218
1317401359.499676943 659.171334996 -198.411222485 -6.088971798 0.001756988 0.012704417 -0.638693739 0.769354156
1317401359.603473902 659.399700663 -199.578280188 -6.099332865 0.001046926 0.012889084 -0.638886857 0.769192017
1317401359.707268953 659.627165197 -200.735388632 -6.109498787 -0.000480983 0.013227161 -0.639143665 0.768973462
1317401359.811115026 659.855116228 -201.888380372 -6.117786109 -0.001331349 0.012854090 -0.639418407 0.768750350
1317401359.914966106 660.080417274 -203.041256955 -6.123271486 -0.001944409 0.012879289 -0.639688286 0.768524066
1317401360.018812895 660.303107315 -204.196135424 -6.129738474 -0.001469090 0.013547325 -0.639986013 0.768265719
1317401360.122684956 660.524538140 -205.337671315 -6.131961658 -0.000623001 0.014192888 -0.640328831 0.767969506
1317401360.226577997 660.742041662 -206.479608815 -6.139046756 -0.000794433 0.014974174 -0.640783252 0.767575382
1317401360.330472946 660.957222594 -207.617617685 -6.148139827 -0.000956344 0.014615634 -0.640964450 0.767430806
1317401360.434349060 661.176689735 -208.756674269 -6.155170716 -0.001714058 0.013686134 -0.640731182 0.767641391
1317401360.538219929 661.392515890 -209.889227663 -6.162981718 -0.001215799 0.012928476 -0.640395295 0.767935702
1317401360.642064095 661.598749528 -211.006901933 -6.169173396 -0.000056953 0.013482451 -0.639996962 0.768259142
1317401360.745910883 661.805200918 -212.123329622 -6.174207898 0.001625754 0.014080494 -0.639909063 0.768319912
1317401360.849757910 662.015293282 -213.240165135 -6.182169189 0.002624156 0.014012870 -0.639782730 0.768423589
1317401360.953582048 662.227248128 -214.347301283 -6.191585007 0.002242138 0.013788658 -0.639480631 0.768680277
1317401361.057427883 662.441958069 -215.448105400 -6.202942675 0.001904120 0.012855255 -0.639000889 0.769096210
1317401361.161271095 662.652867979 -216.548638431 -6.213005502 0.001487147 0.012082742 -0.638848112 0.769236560
1317401361.265094042 662.870015781 -217.651690651 -6.223188235 0.001767649 0.011279229 -0.638389735 0.769628612
1317401361.368918896 663.092516821 -218.751952660 -6.231541741 0.002887134 0.010466168 -0.638118367 0.769861724
1317401361.472740889 663.302879508 -219.856524745 -6.241376474 0.003400159 0.010931725 -0.637995451 0.769955025
1317401361.576538086 663.517646365 -220.965467540 -6.252308372 0.004655450 0.011393617 -0.637941616 0.769986368
1317401361.680335760 663.733908915 -222.074484898 -6.261455599 0.005663603 0.012394536 -0.637647560 0.770207692
1317401361.784135818 663.952038794 -223.176609026 -6.271985510 0.005988037 0.012591371 -0.637373498 0.770428858
1317401361.887937069 664.168462460 -224.280447386 -6.287644115 0.005987187 0.011978384 -0.637208828 0.770574838
1317401361.991733074 664.384141310 -225.385584851 -6.302898883 0.005831759 0.010818508 -0.637103791 0.770680031
1317401362.095508337 664.601352113 -226.486386461 -6.318622657 0.005577147 0.009761543 -0.636802318 0.770945144
1317401362.199284077 664.817095216 -227.589626065 -6.332489240 0.005954698 0.009128260 -0.636740650 0.771001012
1317401362.303083658 665.036927021 -228.696090601 -6.340959939 0.006751344 0.009070899 -0.636430767 0.771250943
1317401362.406907082 665.256762389 -229.799571918 -6.349953517 0.006465080 0.009108273 -0.636250147 0.771401966
1317401362.510730028 665.478903439 -230.908623547 -6.358955929 0.005304230 0.008180028 -0.636566409 0.771160268
1317401362.614552975 665.702370159 -232.016327048 -6.371883664 0.004045460 0.008288695 -0.636937117 0.770860584
1317401362.718400002 665.924838444 -233.133547280 -6.383310914 0.003507935 0.009859213 -0.637548899 0.770338816
1317401362.822247028 666.148526166 -234.247958191 -6.391372886 0.003220452 0.011606964 -0.637944625 0.769988027
1317401362.926069021 666.372289830 -235.368406644 -6.403512637 0.002778128 0.012434441 -0.638492725 0.769522389
1317401363.029891729 666.593158276 -236.486118653 -6.418835539 0.001851318 0.013347848 -0.639204194 0.768918986
1317401363.133713007 666.812522984 -237.603535697 -6.431949733 0.000696033 0.013898383 -0.639896657 0.768334965
1317401363.237559080 667.030393398 -238.726280053 -6.445172366 -0.000393777 0.014163881 -0.640465251 0.767856426
1317401363.341407061 667.240632909 -239.850724634 -6.458644151 -0.000892107 0.014178644 -0.641087988 0.767335886
1317401363.445252895 667.454019007 -240.969918149 -6.469320871 -0.000760923 0.014341728 -0.641568496 0.766931288
1317401363.549098969 667.664133284 -242.092925929 -6.479560681 0.000095600 0.014130451 -0.641818214 0.766726615
1317401363.652924061 667.874326612 -243.220129177 -6.491058600 0.001164289 0.014184695 -0.641734645 0.766794682
1317401363.756746054 668.081150633 -244.343769784 -6.501310415 0.002333965 0.013781433 -0.641776691 0.766764177
1317401363.860543966 668.287535375 -245.468185837 -6.513761561 0.003105122 0.013349675 -0.641660264 0.766866514
1317401363.964344025 668.494539279 -246.588053766 -6.525447500 0.003835225 0.012698915 -0.641640285 0.766890978
1317401364.068144083 668.701834305 -247.716008330 -6.540337330 0.004331053 0.013134470 -0.641530090 0.766973188
1317401364.171916008 668.906818390 -248.845011242 -6.556562591 0.004932179 0.014113439 -0.641592912 0.766899615
1317401364.275716066 669.113301190 -249.965682181 -6.570082355 0.005416146 0.014293469 -0.641585926 0.766898860
1317401364.379517078 669.322765764 -251.095238998 -6.587999127 0.004419156 0.013662846 -0.641732373 0.766794209
1317401364.483289957 669.529932202 -252.222795021 -6.606202794 0.003499712 0.012704586 -0.641658260 0.766877450
1317401364.587063074 669.738577440 -253.343693120 -6.620207182 0.002848082 0.012426653 -0.641721073 0.766832140
1317401364.690862894 669.945954119 -254.460104089 -6.631743227 0.002734724 0.012762984 -0.641536413 0.766981524
1317401364.794684887 670.157407852 -255.584010854 -6.643010379 0.003117914 0.013837394 -0.641538790 0.766959442
1317401364.898508072 670.367498080 -256.703849340 -6.654672398 0.003186145 0.014758790 -0.641412602 0.767047521
1317401365.002305984 670.577813480 -257.816536940 -6.667629303 0.002430155 0.015114241 -0.641006541 0.767382740
1317401365.106105089 670.783946063 -258.922954829 -6.683053019 0.001534974 0.015203399 -0.640700828 0.767638554
1317401365.209902048 670.995628683 -260.036820268 -6.698666657 0.000841977 0.015734071 -0.640269533 0.767988707
1317401365.313678026 671.206672159 -261.145747946 -6.714607490 0.000627186 0.016257000 -0.639789124 0.768378288
1317401365.417476892 671.419427256 -262.259828042 -6.729365640 0.000606107 0.016495869 -0.639531145 0.768587948
1317401365.521275043 671.632669220 -263.363624022 -6.743054584 0.000923532 0.016549215 -0.639167480 0.768888941
1317401365.625029087 671.844625980 -264.457011929 -6.758672131 0.001819663 0.016342045 -0.638684357 0.769293129
1317401365.728779078 672.056618576 -265.556604741 -6.773448781 0.002691296 0.016530007 -0.638199317 0.769688994
1317401365.832552910 672.268463453 -266.660265373 -6.789237893 0.003916733 0.016923774 -0.637759054 0.770040021
1317401365.936326981 672.485097662 -267.764509120 -6.805428139 0.004630060 0.016932914 -0.637340439 0.770382375
1317401366.040102959 672.699932955 -268.860940290 -6.824129316 0.004625152 0.016464450 -0.636867171 0.770783845
1317401366.143878937 672.910467428 -269.958464544 -6.846700920 0.004714201 0.015789602 -0.636533608 0.771072908
1317401366.247678041 673.130005678 -271.058480931 -6.868246183 0.005343527 0.015144858 -0.636157367 0.771392173
1317401366.351476908 673.345189055 -272.149009307 -6.885639442 0.006274425 0.013381193 -0.635887019 0.771640638
1317401366.455275059 673.561696864 -273.248991228 -6.901709644 0.007011161 0.012297364 -0.635585462 0.771900731
1317401366.559074163 673.781890158 -274.350160989 -6.918188983 0.007827281 0.011958260 -0.635292861 0.772139051
1317401366.662873030 674.002291382 -275.441341850 -6.933612090 0.007777308 0.012724840 -0.635078050 0.772303996
1317401366.766671896 674.226585671 -276.535502377 -6.951926172 0.007717844 0.013295542 -0.635144154 0.772240615
1317401366.870493889 674.452510214 -277.628042337 -6.972891554 0.006466796 0.013850051 -0.635243918 0.772160295
1317401366.974363089 674.674208947 -278.713996310 -6.992005188 0.005192800 0.013814005 -0.635343671 0.772088485
1317401367.078211069 674.897845001 -279.809914745 -7.012421335 0.004711606 0.014137290 -0.635547072 0.771918297
1317401367.182033062 675.116095922 -280.901679384 -7.031484404 0.005343915 0.014981365 -0.635914355 0.771595706
1317401367.285856009 675.337651079 -281.990751261 -7.047444235 0.005773948 0.015301360 -0.636335194 0.771239295
1317401367.389702797 675.555983814 -283.082962273 -7.064864356 0.005011534 0.014868337 -0.636650688 0.770992684
1317401367.493549109 675.776153805 -284.174912787 -7.084589920 0.003852306 0.014546193 -0.636972411 0.770739719
1317401367.597373009 675.992631170 -285.265856000 -7.104288084 0.002705146 0.014920942 -0.637632084 0.770191777
1317401367.701220751 676.208590374 -286.357570961 -7.123332024 0.003094799 0.015395738 -0.638066880 0.769820791
1317401367.805067062 676.417068590 -287.441245663 -7.140581212 0.004603153 0.016047802 -0.638340852 0.769572762
1317401367.908937931 676.629492895 -288.524489974 -7.156460846 0.005427452 0.016207971 -0.638659645 0.769299488
1317401368.012833118 676.840027796 -289.602431970 -7.175205586 0.006069122 0.015710700 -0.639270277 0.768797667
1317401368.116703033 677.049311656 -290.684687951 -7.196822207 0.006173537 0.015716636 -0.639712564 0.768428728
1317401368.220571995 677.254681312 -291.763423747 -7.216770197 0.006803620 0.016036356 -0.640448807 0.767803277
1317401368.324443102 677.459123031 -292.845653699 -7.241125346 0.007286624 0.016315047 -0.641001166 0.767331890
1317401368.428316116 677.662799773 -293.928646209 -7.262609837 0.007702874 0.015546823 -0.641358603 0.767045048
1317401368.532162905 677.859742575 -294.998349033 -7.285550029 0.007488768 0.014164135 -0.641670526 0.766813035
1317401368.635984898 678.059081280 -296.066973790 -7.308048254 0.007646907 0.012609630 -0.641868232 0.766673134
1317401368.739815950 678.252818585 -297.141446519 -7.324820586 0.008258651 0.011685809 -0.642109995 0.766478956
1317401368.843661070 678.445713246 -298.212606718 -7.342476917 0.008674942 0.012108814 -0.642292958 0.766314477
1317401368.947520018 678.641226428 -299.292310496 -7.358981601 0.009150087 0.012738259 -0.642313356 0.766281649
1317401369.051392078 678.839325406 -300.362073848 -7.379873574 0.008823763 0.013602403 -0.642645667 0.765991947
1317401369.155262947 679.036619975 -301.443722963 -7.401042566 0.008200637 0.014418605 -0.642799444 0.765854900
1317401369.259135962 679.228125973 -302.507282668 -7.421929064 0.007127360 0.015067763 -0.642782602 0.765867279
1317401369.363006115 679.426206542 -303.581291790 -7.443434206 0.006340112 0.015173293 -0.642967086 0.765717246
1317401369.466852903 679.622785937 -304.662719987 -7.462370625 0.005668760 0.014783763 -0.643107180 0.765612474
1317401369.570702076 679.817524352 -305.727090073 -7.481976922 0.005227004 0.014932928 -0.643210870 0.765525612
1317401369.674576998 680.011673262 -306.794442002 -7.502107048 0.005554409 0.015441892 -0.643368081 0.765381087
1317401369.778424025 680.204509774 -307.857502891 -7.517929044 0.005877475 0.016291492 -0.643401033 0.765333361
1317401369.882241011 680.398738526 -308.926114547 -7.537487813 0.006372171 0.017310202 -0.643342783 0.765356006
1317401369.986062050 680.590931635 -309.983343183 -7.559688976 0.006869647 0.018405619 -0.643304180 0.765358591
1317401370.089885950 680.781005997 -311.033129285 -7.580576191 0.007096169 0.018616940 -0.643382132 0.765285886
1317401370.193708897 680.968712419 -312.079960113 -7.599850175 0.006539985 0.016993069 -0.643608075 0.765138621
1317401370.297530890 681.155543080 -313.125189610 -7.624686676 0.005897780 0.015644613 -0.643613263 0.765168236
1317401370.401328087 681.341397959 -314.167741928 -7.649768411 0.006955000 0.014853659 -0.643602549 0.765184132
1317401370.505129099 681.523259430 -315.203088576 -7.668259927 0.008396765 0.014862292 -0.643586045 0.765183383
1317401370.608952999 681.707404449 -316.241634350 -7.687417998 0.009299164 0.015023884 -0.643661812 0.765106058
1317401370.712774992 681.894565262 -317.280063498 -7.710394509 0.009845264 0.015604178 -0.643714154 0.765043573
1317401370.816572905 682.079516547 -318.318125048 -7.728663401 0.010458611 0.015119710 -0.643800468 0.764972529
1317401370.920371056 682.263120056 -319.353769640 -7.750312536 0.010363962 0.014316918 -0.643879449 0.764922786
1317401371.024168968 682.443855752 -320.375078023 -7.773842380 0.010959546 0.013654380 -0.643771393 0.765017542
1317401371.127943993 682.624233039 -321.394884861 -7.795376770 0.011854235 0.013788693 -0.643717318 0.765047295
1317401371.231720924 682.806985133 -322.413713680 -7.816050720 0.012498466 0.013574920 -0.643489155 0.765232786
1317401371.335496902 682.988320229 -323.427759930 -7.836920769 0.012299973 0.013173979 -0.643308303 0.765395051
1317401371.439271927 683.171007770 -324.433071156 -7.859290798 0.011686849 0.013354248 -0.642744377 0.765875152
1317401371.543023109 683.355468236 -325.435661484 -7.878569057 0.011026249 0.012813595 -0.641773614 0.766707808
1317401371.646750927 683.539340380 -326.432929453 -7.899953113 0.010600314 0.012020791 -0.640071007 0.768148579
1317401371.750502110 683.725169096 -327.434095803 -7.922706454 0.011511125 0.011526740 -0.637367316 0.770387910
1317401371.854249001 683.913905307 -328.416000476 -7.942834959 0.012559095 0.012253587 -0.633420625 0.773608706
1317401371.957974672 684.109783100 -329.388591276 -7.959617883 0.014239455 0.012109128 -0.628836329 0.777312986
1317401372.061702967 684.319933286 -330.365995604 -7.979084999 0.013919708 0.012208673 -0.623093945 0.781927827
1317401372.165406942 684.547845501 -331.342635241 -8.003075460 0.014526980 0.011708276 -0.616429258 0.787189211
1317401372.269084930 684.787924239 -332.292895105 -8.025884569 0.015086410 0.011927191 -0.609066500 0.792885957
1317401372.372765303 685.042623998 -333.239053923 -8.047782162 0.016351315 0.012316988 -0.600555240 0.799321168
1317401372.476466894 685.317735740 -334.176428804 -8.069590261 0.017209379 0.012755839 -0.591792690 0.805805521
1317401372.580168962 685.612670558 -335.106515640 -8.094750891 0.017983203 0.013610539 -0.582441861 0.812559435
1317401372.683871984 685.930297851 -336.016777792 -8.117912149 0.018179088 0.014660888 -0.572847209 0.819329393
1317401372.787600040 686.265833334 -336.909366674 -8.143139412 0.018242492 0.014512647 -0.562713318 0.826323373
1317401372.891302109 686.623127714 -337.802935388 -8.171717952 0.017472372 0.014487043 -0.552045760 0.833504842
1317401372.994978905 687.000622151 -338.674598274 -8.203454756 0.017542038 0.014170713 -0.541113805 0.840646964
1317401373.098656654 687.401862080 -339.532932460 -8.231641352 0.017660111 0.015274498 -0.530358278 0.847452009
1317401373.202358961 687.828126509 -340.382191769 -8.264488299 0.017484460 0.016427209 -0.520010512 0.853822879
1317401373.306087017 688.274100169 -341.223500931 -8.294033185 0.017941193 0.017061476 -0.509186146 0.860300232
1317401373.409816027 688.741424197 -342.041021851 -8.322952385 0.017934821 0.017130575 -0.499468714 0.865976841
1317401373.513544083 689.228886125 -342.861277376 -8.356431699 0.017484862 0.017216758 -0.489108792 0.871877544
1317401373.617317915 689.734518233 -343.653595481 -8.389054873 0.016894420 0.017229178 -0.479034459 0.877464370
1317401373.721138954 690.264126094 -344.452054646 -8.423540246 0.015948972 0.017824779 -0.470143652 0.882265750
1317401373.824961901 690.805086948 -345.245282293 -8.459184936 0.015302083 0.018597656 -0.461546591 0.886788993
1317401373.928785801 691.360929748 -346.029143176 -8.494224239 0.015158304 0.020075683 -0.454089245 0.890601005
1317401374.032633066 691.929266776 -346.812733686 -8.531056583 0.015416596 0.021965642 -0.447150615 0.894056020
1317401374.136502981 692.512779210 -347.582540691 -8.565015005 0.015642069 0.023106884 -0.440267857 0.897432790
1317401374.240374088 693.104725850 -348.346909801 -8.601461604 0.014926727 0.023280471 -0.434186635 0.900398344
1317401374.344296932 693.707907022 -349.111239169 -8.643867260 0.012851974 0.023878355 -0.429364971 0.902723863
1317401374.448262930 694.308954602 -349.858076583 -8.689493591 0.011340728 0.024517874 -0.426200589 0.904225259
1317401374.552273989 694.933111562 -350.601070765 -8.730680475 0.010389237 0.025505095 -0.424325402 0.905090883
1317401374.656311989 695.541375649 -351.339305687 -8.774157902 0.008933238 0.026096104 -0.423515297 0.905468930
1317401374.760349989 696.157640373 -352.087879645 -8.815986215 0.008888693 0.026151081 -0.424214691 0.905140325
1317401374.864413023 696.784676799 -352.833704961 -8.856249664 0.009084678 0.026448000 -0.424868964 0.904822820
1317401374.968498945 697.394730031 -353.580779120 -8.893549110 0.008214593 0.026570374 -0.426843726 0.903897654
1317401375.072609901 698.000252498 -354.315473796 -8.932669327 0.006528513 0.026425578 -0.429158282 0.902819050
1317401375.176721096 698.608444213 -355.061526273 -8.971312731 0.005279100 0.027042000 -0.433062231 0.900942820
1317401375.280879021 699.211165035 -355.827756375 -9.014241225 0.003616380 0.028309520 -0.438205796 0.898421490
1317401375.385061979 699.802005953 -356.584779051 -9.050802611 0.003199081 0.029316821 -0.445172756 0.894958942
1317401375.489244938 700.382434873 -357.345406766 -9.089620441 0.002217563 0.029812302 -0.453725131 0.890640115
1317401375.593431950 700.951038202 -358.108665060 -9.129976730 0.001687102 0.030571579 -0.462223579 0.886234673
1317401375.697614908 701.512412900 -358.889818249 -9.169660840 0.000892334 0.030569757 -0.471549917 0.881308896
1317401375.801769972 702.035827454 -359.660047237 -9.204548654 -0.000002156 0.028625611 -0.480300632 0.876636685
1317401375.905904055 702.551072436 -360.433185141 -9.240707949 -0.002130568 0.025399662 -0.490315740 0.871172080
1317401376.010062933 703.058733169 -361.236671861 -9.273055531 -0.003859998 0.022232563 -0.500720349 0.865314940
1317401376.114223003 703.535357227 -362.047453142 -9.307424353 -0.004471531 0.021588331 -0.511563313 0.858962704
1317401376.218354940 703.989356424 -362.868168911 -9.339169357 -0.002236752 0.023659266 -0.522708115 0.852180417
1317401376.322476149 704.412525691 -363.693993584 -9.360750627 0.001744142 0.026451614 -0.533275691 0.845526054
1317401376.426565886 704.816137457 -364.526214018 -9.372725350 0.004345942 0.026610409 -0.544414359 0.838382970
1317401376.530622005 705.192793260 -365.369249500 -9.398151718 0.002854514 0.025025793 -0.554794903 0.831605782
1317401376.634685040 705.550955117 -366.222826660 -9.429140690 0.001725500 0.022249872 -0.565183659 0.824663203
1317401376.738744020 705.892250126 -367.089495993 -9.460135759 0.000523360 0.020844145 -0.575970785 0.817204321
1317401376.842782974 706.207353263 -367.966710034 -9.485919818 0.000673799 0.020030417 -0.586178145 0.809934263
1317401376.946798086 706.501965692 -368.847544062 -9.509025022 0.000690669 0.020105113 -0.596058334 0.802689087
1317401377.050787926 706.776971514 -369.745744521 -9.531506672 0.001014554 0.019331603 -0.605688200 0.795466570
1317401377.154752970 707.029898056 -370.646026246 -9.551689755 0.001772250 0.017535717 -0.614640766 0.788610225
1317401377.258696079 707.262633822 -371.566411504 -9.569802355 0.002317833 0.015481641 -0.623007712 0.782059037
1317401377.362616062 707.472938015 -372.485455366 -9.587961866 0.002842024 0.014112539 -0.630471252 0.776079093
1317401377.466511011 707.669098718 -373.413939884 -9.604464119 0.003667193 0.013618244 -0.637588412 0.770248085
1317401377.570406914 707.845211844 -374.351106858 -9.617330048 0.004456646 0.013442911 -0.644140778 0.764775840
1317401377.674278975 708.012627510 -375.308793347 -9.630782584 0.004256965 0.013055181 -0.650452106 0.759423135
1317401377.778100014 708.168387992 -376.271473033 -9.649421174 0.003658463 0.012905996 -0.656294894 0.754385222
1317401377.881922960 708.307776929 -377.248413342 -9.669713701 0.004000940 0.012351739 -0.661322338 0.749989462
1317401377.985718966 708.433804180 -378.232066933 -9.682771190 0.004830549 0.011812817 -0.665750811 0.746064998
1317401378.089490891 708.543948806 -379.219336153 -9.703867420 0.005208241 0.011602645 -0.669253979 0.742924872
1317401378.193268061 708.653151466 -380.215594828 -9.714497130 0.007396843 0.010894786 -0.672402650 0.740068420
1317401378.297044039 708.750643534 -381.210191866 -9.734924712 0.008389224 0.011209981 -0.675159917 0.737538503
1317401378.400815964 708.843589830 -382.211721565 -9.748928537 0.009675188 0.011883869 -0.677553188 0.735314111
1317401378.504569054 708.932237859 -383.226503433 -9.773080663 0.011091605 0.013052336 -0.679777713 0.733218163
1317401378.608293772 709.010224108 -384.245965263 -9.794283002 0.012583662 0.013571035 -0.681510093 0.731574652
1317401378.712020874 709.088738362 -385.273923742 -9.819947347 0.014050333 0.013467142 -0.682872554 0.730278234
1317401378.815773010 709.166643593 -386.307546226 -9.846521695 0.015920260 0.012285579 -0.683804930 0.729387707
1317401378.919548273 709.235895180 -387.349017932 -9.876989853 0.017599199 0.010818650 -0.684721064 0.728512381
1317401379.023322105 709.303429834 -388.393317800 -9.900724062 0.017452663 0.009258506 -0.685440891 0.727860200
1317401379.127094030 709.370825844 -389.446195977 -9.928213148 0.014652626 0.009010197 -0.686323904 0.727092577
1317401379.230871916 709.439756028 -390.501776536 -9.954905136 0.011330274 0.009707229 -0.686924214 0.726575887
1317401379.334671021 709.513917400 -391.553356226 -9.977306683 0.008165984 0.012169406 -0.687845568 0.725709099
1317401379.438467979 709.587463078 -392.598874802 -9.997564091 0.005225235 0.015638889 -0.688985155 0.724587868
1317401379.542243004 709.654973891 -393.642883059 -10.022252857 0.003423990 0.018967313 -0.690124871 0.723433604
1317401379.646015882 709.712942792 -394.686034804 -10.038163968 0.002098051 0.020247074 -0.691540977 0.722050366
1317401379.749816179 709.760368081 -395.726559937 -10.062771980 -0.000688439 0.020903375 -0.693198146 0.720443548
1317401379.853615761 709.814699286 -396.765059687 -10.082270904 -0.002626671 0.021238855 -0.694970250 0.718719948
1317401379.957391024 709.861380680 -397.797985548 -10.099562053 -0.004429493 0.021977067 -0.696553981 0.717154055
1317401380.061192036 709.903141435 -398.823679537 -10.120393683 -0.003935055 0.023182118 -0.698385204 0.715335734
1317401380.165014029 709.939438599 -399.832143721 -10.133407477 -0.003486650 0.026127654 -0.700565706 0.713100891
1317401380.268886089 709.965740326 -400.814373038 -10.149562347 -0.003761948 0.028826447 -0.703737261 0.709865305
1317401380.372802973 709.981569183 -401.771618351 -10.159654867 -0.004687839 0.029737145 -0.707876761 0.705694139
1317401380.476770163 709.987495636 -402.696416408 -10.174810603 -0.005734649 0.030867788 -0.712672226 0.700794258
1317401380.580836058 709.979254641 -403.594426026 -10.193710522 -0.006688369 0.033026153 -0.719078593 0.694111314
1317401380.684945107 709.951610467 -404.456751098 -10.206353313 -0.006896457 0.033088981 -0.727171817 0.685622861
1317401380.789103031 709.902880594 -405.288211117 -10.213157760 -0.006450635 0.031676970 -0.736508700 0.675655159
1317401380.893357992 709.830251657 -406.082860797 -10.231004214 -0.005958874 0.030981395 -0.747477820 0.663537153
1317401380.997636080 709.735385900 -406.838014289 -10.234709536 -0.004051205 0.030101640 -0.759777859 0.649472928
1317401381.101914883 709.620403415 -407.555092265 -10.242341119 -0.001304204 0.030044321 -0.772544526 0.634248053
1317401381.206242085 709.485194151 -408.240946780 -10.241951763 0.000231738 0.029585192 -0.786010415 0.617504891
1317401381.310544968 709.317291000 -408.887751272 -10.250563169 0.000519333 0.028501475 -0.799484210 0.600010328
1317401381.414823055 709.127900628 -409.519029340 -10.249953762 -0.000630969 0.027350139 -0.812621259 0.582149689
1317401381.519124031 708.916003942 -410.125085566 -10.254648304 -0.004423029 0.026986015 -0.825660686 0.563503880
1317401381.623429060 708.707289036 -410.730219112 -10.265394839 -0.009429484 0.028271225 -0.839617709 0.542359590
1317401381.727732897 708.456086072 -411.313758790 -10.280913813 -0.012677595 0.028241980 -0.852806773 0.521308236
1317401381.832011938 708.181743742 -411.874994515 -10.286583074 0.013502158 -0.026170985 0.866031907 -0.499120734
1317401381.936266899 707.865665991 -412.431021368 -10.284918668 0.014352518 -0.024332314 0.878963432 -0.476051708
1317401382.040518999 707.532460421 -412.958631134 -10.279871550 0.014567237 -0.022031686 0.891469389 -0.452310433
1317401382.144722939 707.163728265 -413.470152072 -10.271967100 0.013206155 -0.019686144 0.903137255 -0.428697041
1317401382.248883009 706.765590442 -413.945019227 -10.255098623 0.010690027 -0.018284260 0.913626059 -0.406003489
1317401382.353018999 706.350681199 -414.403645927 -10.236368277 0.008187432 -0.016966646 0.923662084 -0.382744632
1317401382.457130909 705.919617724 -414.836187986 -10.217998191 0.007023328 -0.015929096 0.933018703 -0.359406506
1317401382.561242104 705.460522475 -415.253106522 -10.202745388 0.007225154 -0.014851052 0.941790444 -0.335794585
1317401382.665328026 704.981663336 -415.650393549 -10.189324108 0.008838889 -0.014838157 0.949941103 -0.311951285
1317401382.769391060 704.474524588 -416.031752853 -10.182557518 0.010516515 -0.014715922 0.957383847 -0.288251652
1317401382.873431921 703.943083198 -416.386219243 -10.172948725 0.011221507 -0.013093721 0.964102658 -0.264969236
1317401382.977472067 703.394705329 -416.707343497 -10.156441889 0.011463874 -0.012035846 0.970030465 -0.242414140
1317401383.081484079 702.818240136 -417.013454697 -10.137922507 0.012396732 -0.012682604 0.975366161 -0.219877976
1317401383.185451031 702.225016479 -417.295586889 -10.119424391 0.014126780 -0.014253890 0.979959565 -0.198183025
1317401383.289393902 701.604701558 -417.566901320 -10.101358597 0.016233681 -0.014676743 0.983785341 -0.178009730
1317401383.393285036 700.969729754 -417.802483477 -10.085361807 0.017837876 -0.013423250 0.987032470 -0.158960778
1317401383.497107983 700.318984298 -418.006950826 -10.061335441 0.018040302 -0.010153403 0.989652351 -0.141984789
1317401383.600860119 699.665612079 -418.201383535 -10.029669935 0.016381592 -0.008076084 0.991671062 -0.127494805
1317401383.704545975 699.000064074 -418.376397136 -9.995752551 0.014774719 -0.007653669 0.993193571 -0.115280783
1317401383.808178902 698.334607541 -418.545992351 -9.966100739 0.013139504 -0.006972029 0.994295846 -0.105614939
1317401383.911827087 697.667765915 -418.695128230 -9.934048824 0.011971507 -0.005154961 0.994991093 -0.099110214
1317401384.015501976 697.002868317 -418.835448928 -9.905643699 0.011206779 -0.004333690 0.995557177 -0.093389162
1317401384.119182110 696.339973729 -418.959737587 -9.878070025 0.010298901 -0.004118032 0.995872212 -0.090086138
1317401384.222862005 695.677508620 -419.081302711 -9.852699726 0.010359069 -0.004903591 0.996181325 -0.086552941
1317401384.326540947 695.015497166 -419.201495109 -9.828670522 0.011247268 -0.005479705 0.996379194 -0.084095024
1317401384.430242062 694.351017513 -419.311906026 -9.810903259 0.012054812 -0.006124319 0.996578577 -0.081537191
1317401384.533946037 693.697805206 -419.421893327 -9.788764438 0.013352550 -0.004501320 0.996679304 -0.080198581
1317401384.637650013 693.048455569 -419.523166647 -9.764205450 0.014479032 -0.003468653 0.996730685 -0.079412013
1317401384.741398096 692.402396896 -419.637544364 -9.733484226 0.014873411 -0.001872039 0.996849603 -0.077885472
1317401384.845171928 691.756723683 -419.745726183 -9.708954938 0.014639335 -0.002324560 0.996925468 -0.076940866
1317401384.948949099 691.109448210 -419.848093303 -9.681165352 0.013887303 -0.002184170 0.996988730 -0.076261688
1317401385.052747965 690.469813061 -419.953676504 -9.656581523 0.012227326 -0.002393570 0.997068031 -0.075499042
1317401385.156570911 689.830041339 -420.051419179 -9.624022039 0.011142424 -0.001566054 0.997138870 -0.074749361
1317401385.260416985 689.192330551 -420.149095078 -9.598580191 0.010784876 -0.002037001 0.997136338 -0.074824197
1317401385.364286900 688.560298729 -420.247423480 -9.574894389 0.010558048 -0.001620907 0.997143514 -0.074771064
1317401385.468182087 687.927377909 -420.347355605 -9.549400341 0.010381646 -0.001075243 0.997098760 -0.075399785
1317401385.572102070 687.284284615 -420.445011624 -9.525154702 0.009689065 -0.001372992 0.997013117 -0.076609934
1317401385.676022053 686.662221633 -420.553804272 -9.505682893 0.010021887 -0.002203061 0.996975231 -0.077039582
1317401385.779959917 686.036122552 -420.661654912 -9.484714211 0.010766338 -0.002316028 0.996893263 -0.077990670
1317401385.883930922 685.406575658 -420.756147917 -9.463966263 0.011072722 -0.000767170 0.996819364 -0.078917443
1317401385.987921000 684.781431544 -420.857052164 -9.440748035 0.011848207 0.001063366 0.996779364 -0.079305662
1317401386.091932058 684.170303219 -420.954649845 -9.417002669 0.012579369 0.001213230 0.996773810 -0.079260701
1317401386.195924044 683.556829718 -421.054925184 -9.395407773 0.012122370 0.000535123 0.996757505 -0.079543941
1317401386.299913883 682.938505936 -421.158529542 -9.372798616 0.011688512 0.000830576 0.996719965 -0.080074965
1317401386.403930902 682.324042566 -421.257201057 -9.352329835 0.011058299 0.001903353 0.996734408 -0.079966316
1317401386.507946968 681.712721841 -421.361638133 -9.324065973 0.010785888 0.002371173 0.996714041 -0.080244395
1317401386.611963987 681.101616108 -421.464717406 -9.296591687 0.011378849 0.001996367 0.996671336 -0.080701820
1317401386.716028929 680.479705736 -421.569287593 -9.274976593 0.012408383 0.002064840 0.996653953 -0.080763027
1317401386.819967985 679.858725821 -421.671683832 -9.255417304 0.014489395 0.003893350 0.996584518 -0.081204663
1317401386.923836946 679.241356438 -421.771327113 -9.234258114 0.015601328 0.006417740 0.996471926 -0.082213820
1317401387.027780056 678.616865245 -421.876342557 -9.209159442 0.014739146 0.007167172 0.996357586 -0.083683627
1317401387.131725073 677.996811436 -421.982838936 -9.182412720 0.014010163 0.006512261 0.996256273 -0.085057297
1317401387.235667944 677.372048293 -422.093823317 -9.160247020 0.012147198 0.006288326 0.996141499 -0.086689200
1317401387.339586020 676.731747768 -422.208933623 -9.132784747 0.010179132 0.006862974 0.996041809 -0.088034077
1317401387.443504095 676.098207074 -422.323586761 -9.105689028 0.009448670 0.007700167 0.995851774 -0.090170250
1317401387.547446966 675.462986521 -422.443138937 -9.077300536 0.009498706 0.007106826 0.995662592 -0.092278220
1317401387.651391029 674.832068136 -422.567450798 -9.052893456 0.010298236 0.005729827 0.995485626 -0.094177939
1317401387.755309105 674.191503130 -422.693586083 -9.033956548 0.011004490 0.005338122 0.995256346 -0.096515344
1317401387.859226227 673.557684726 -422.824561840 -9.017358851 0.011198757 0.005454950 0.995013596 -0.098958450
1317401387.963143826 672.922477224 -422.952614270 -8.992477252 0.011240463 0.005483052 0.994793753 -0.101138403
1317401388.067061901 672.284346031 -423.086966099 -8.967689326 0.012136453 0.005789736 0.994549381 -0.103395913
1317401388.170980930 671.642175646 -423.224443082 -8.941129116 0.012957266 0.006641276 0.994273820 -0.105865826
1317401388.274926901 671.000552428 -423.362522611 -8.919968453 0.013916151 0.006923373 0.994024652 -0.108043509
1317401388.378917933 670.358608590 -423.511231688 -8.897151363 0.013856854 0.006293653 0.993818758 -0.109966600
1317401388.482933044 669.710695175 -423.659261770 -8.872747198 0.013042833 0.004786871 0.993749489 -0.110765173
1317401388.586971998 669.062191727 -423.809137452 -8.845108529 0.012895601 0.004166750 0.993872073 -0.109702523
1317401388.691031694 668.410607401 -423.956833002 -8.818793996 0.014346978 0.003949771 0.994077659 -0.107648367
1317401388.795094013 667.744350691 -424.106870607 -8.796033917 0.014925228 0.003741214 0.994302122 -0.105482373
1317401388.899179935 667.066406801 -424.255498323 -8.771380814 0.015000912 0.003097038 0.994646544 -0.102194093
1317401389.003266096 666.386672676 -424.399621418 -8.747300162 0.014901664 0.002648722 0.995039793 -0.098319558
1317401389.107331038 665.681817260 -424.545128081 -8.719975552 0.015271866 0.002745273 0.995483522 -0.093657841
1317401389.211393118 664.958139720 -424.683574234 -8.689391567 0.017007207 0.002364776 0.995861586 -0.089246090
1317401389.315429926 664.228143116 -424.822139355 -8.664658494 0.018669667 0.002146513 0.996199233 -0.085052479
1317401389.419445038 663.482419862 -424.952035747 -8.636713818 0.019209481 0.001646655 0.996515469 -0.081149277
1317401389.523437023 662.727845583 -425.082213128 -8.607972299 0.018569185 0.001672757 0.996798252 -0.077753664
1317401389.627404690 661.948674422 -425.206538931 -8.569384455 0.017800216 0.001685628 0.997061533 -0.074489001
1317401389.731370926 661.164747052 -425.325217723 -8.535225039 0.017453061 0.001383103 0.997294311 -0.071397017
1317401389.835339069 660.360623335 -425.442163998 -8.501240523 0.017032220 0.001421330 0.997509372 -0.068431982
1317401389.939284086 659.546180440 -425.555553614 -8.467856539 0.016651085 0.001703221 0.997715487 -0.065449575
1317401390.043200970 658.717703436 -425.667658261 -8.432987261 0.015935259 0.001748709 0.997931266 -0.062259113
1317401390.147140980 657.880098500 -425.778126809 -8.397861463 0.015370181 0.001981843 0.998152963 -0.058740895
1317401390.251107931 657.036472277 -425.883616596 -8.365413749 0.015197721 0.001498473 0.998365881 -0.055066799
1317401390.355099916 656.190119653 -425.983562727 -8.331029105 0.014991480 0.002438305 0.998597324 -0.050721730
1317401390.459115028 655.334251348 -426.076046773 -8.297022923 0.014443578 0.001875352 0.998812096 -0.046500150
1317401390.563127995 654.472380055 -426.159125421 -8.260154012 0.013254635 0.001777742 0.999028693 -0.041986017
1317401390.667120934 653.613752395 -426.235817903 -8.224840317 0.012142986 0.002025488 0.999217486 -0.037588050
1317401390.771111965 652.752975713 -426.299970105 -8.187465814 0.010804455 0.002025914 0.999388871 -0.033181980
1317401390.875124931 651.879726671 -426.353719136 -8.155007910 0.009242847 0.001028243 0.999568540 -0.027861189
1317401390.979162931 651.022906753 -426.403142503 -8.125634370 0.008169728 -0.000511635 0.999729345 -0.021776814
1317401391.083275080 650.179426072 -426.443903266 -8.096700033 0.008938396 -0.001813833 0.999852704 -0.014539086
1317401391.187433958 649.322320769 -426.473934109 -8.070062059 0.013057247 -0.004516126 0.999890471 -0.005306483
1317401391.291591883 648.468002754 -426.485615792 -8.049850114 0.018647773 -0.006131022 0.999793503 0.005255701
1317401391.395751953 647.608615642 -426.470953156 -8.021466956 0.023473830 -0.004690096 0.999567643 0.017073624
1317401391.499910116 646.755835765 -426.433212739 -7.980844812 0.025855386 -0.002469688 0.999247542 0.028805383
1317401391.604046106 645.892105028 -426.375351898 -7.928629891 0.026396456 -0.001245024 0.998782955 0.041644765
1317401391.708157301 645.040861177 -426.293085088 -7.876011813 0.025532356 -0.000360868 0.998164277 0.054918525
1317401391.812242031 644.192265119 -426.197173149 -7.819093209 0.023026494 0.000877910 0.997425687 0.067904416
1317401391.916302919 643.349082439 -426.076515163 -7.765332804 0.020816817 0.000591843 0.996586725 0.079882472
1317401392.020368099 642.502666463 -425.941429528 -7.715599512 0.020576087 0.000655048 0.995441502 0.093125785
1317401392.124408007 641.658675614 -425.785642400 -7.667892654 0.021349325 0.000192788 0.994161379 0.105770136
1317401392.228420973 640.822268225 -425.608061286 -7.623944207 0.022364922 -0.000711557 0.992729261 0.118270533
1317401392.332434893 639.987280419 -425.405767282 -7.579283011 0.022183769 -0.000371100 0.991121120 0.131097935
1317401392.436400890 639.159141902 -425.181916557 -7.529436463 0.021091864 0.001880231 0.989595524 0.142310562
1317401392.540321112 638.332797113 -424.932671415 -7.474091539 0.018430796 0.003812940 0.988102135 0.152643170
1317401392.644217968 637.520548997 -424.670012866 -7.431927625 0.014947194 0.004321760 0.986749038 0.161506163
1317401392.748039961 636.727601814 -424.390747576 -7.393360244 0.012048026 0.006075533 0.985410713 0.169657476
1317401392.851814032 635.942284512 -424.099143756 -7.355424726 0.011605578 0.008409370 0.984285284 0.176003050
1317401392.955563068 635.151996162 -423.819164072 -7.324278978 0.013841103 0.008075976 0.983459418 0.180418336
1317401393.059290886 634.349815210 -423.532149851 -7.296170754 0.015226287 0.007962206 0.982527122 0.185324629
1317401393.163042068 633.557882965 -423.224359009 -7.269316459 0.014283691 0.007507221 0.981717189 0.189660165
1317401393.266817093 632.781687515 -422.915259487 -7.234655095 0.012151506 0.007542997 0.980832168 0.194328849
1317401393.370568991 632.000310894 -422.596586907 -7.200245725 0.012134489 0.007439147 0.979844937 0.199251884
1317401393.474319935 631.232984521 -422.268686316 -7.172523335 0.014331639 0.007244950 0.978849903 0.203948479
1317401393.578093052 630.467887206 -421.939970110 -7.143678419 0.016673756 0.005772010 0.977919192 0.208237184
1317401393.681893110 629.709280265 -421.603601134 -7.107583762 0.019965337 0.003055856 0.976952945 0.212497036
1317401393.785691977 628.957451979 -421.266194349 -7.075092522 0.023381748 -0.000735071 0.975873574 0.217079526
1317401393.889466047 628.206217782 -420.921354758 -7.038319531 0.024844292 -0.003243568 0.974893427 0.221257874
1317401393.993266106 627.469850461 -420.566029609 -6.995850398 0.024196619 -0.003495204 0.973879608 0.225745027
1317401394.097090006 626.717946569 -420.205081491 -6.943476551 0.021818965 -0.003224221 0.972944461 0.229983939
1317401394.200887918 625.981386257 -419.838632923 -6.895622376 0.019825850 -0.004133297 0.972252923 0.233053869
1317401394.304661036 625.235476902 -419.467096058 -6.856352381 0.018465570 -0.003516491 0.971616751 0.235812522
1317401394.408437014 624.506142698 -419.081188329 -6.813921369 0.018049055 -0.000481178 0.971354051 0.236950011
1317401394.512188911 623.775059224 -418.688124751 -6.764235422 0.018276598 0.002339683 0.971341142 0.236974425
1317401394.615915060 623.034750932 -418.305882317 -6.719218769 0.019640581 0.002725250 0.971477111 0.236302865
1317401394.719618082 622.296071102 -417.918593586 -6.682712553 0.020910936 0.002401355 0.971832868 0.234729296
1317401394.823344946 621.551673563 -417.533347991 -6.647569172 0.021250107 0.003518159 0.972221173 0.233070904
1317401394.927093983 620.807869742 -417.155406153 -6.614404787 0.019290977 0.005615399 0.972867407 0.230489335
1317401395.030821085 620.046455815 -416.771076947 -6.569858439 0.015867010 0.008220256 0.973725897 0.227021018
1317401395.134572983 619.285962682 -416.397535643 -6.526356451 0.013037942 0.010158081 0.974640528 0.223165111
1317401395.238347054 618.527478194 -416.033238496 -6.488456763 0.011628681 0.011784739 0.975551733 0.219145410
1317401395.342119932 617.763059688 -415.679229841 -6.452163494 0.012822730 0.013598210 0.976292509 0.215646942
1317401395.445919037 617.007081614 -415.315667041 -6.419328568 0.015248912 0.015383192 0.977233880 0.211056324
1317401395.549742937 616.243606919 -414.979575252 -6.389885678 0.017663212 0.016220380 0.977986495 0.207285613
1317401395.653541088 615.479107346 -414.647387005 -6.363253825 0.018359008 0.016133940 0.978666171 0.203997961
1317401395.757339954 614.715454792 -414.306989602 -6.332677291 0.017071558 0.016954815 0.979507586 0.199964959
1317401395.861186028 613.950678091 -413.987105570 -6.297572596 0.015218871 0.017939526 0.980270134 0.196257543
1317401395.965032101 613.178992618 -413.667108282 -6.261168264 0.013837280 0.018483716 0.980855854 0.193361516
1317401396.068901777 612.404368528 -413.346574068 -6.223939017 0.013653898 0.017799237 0.981314805 0.191096866
1317401396.172797918 611.637683766 -413.043559857 -6.192006895 0.014352593 0.016321747 0.981673767 0.189325695
1317401396.276719093 610.874081874 -412.734096457 -6.166446107 0.014560586 0.014984219 0.981851647 0.188496167
1317401396.380660057 610.105270008 -412.430946823 -6.141823231 0.014619091 0.015407174 0.981910851 0.188148827
1317401396.484602928 609.336610499 -412.122752740 -6.109944509 0.014506005 0.016456142 0.981930437 0.187966455
1317401396.588571787 608.571535355 -411.821485557 -6.076124240 0.016161867 0.015516217 0.982057163 0.187247881
1317401396.692536116 607.808388423 -411.523684724 -6.047203695 0.018670425 0.012743632 0.982045598 0.187284432
1317401396.796526194 607.045463944 -411.232892750 -6.019665968 0.020517823 0.011343351 0.981994805 0.187447459
1317401396.900518894 606.284875484 -410.931526678 -5.991474844 0.020438891 0.010245361 0.981944583 0.187782106
1317401397.004508018 605.518083446 -410.636864171 -5.957640583 0.018383329 0.009265906 0.981837035 0.188606024
1317401397.108477116 604.751160751 -410.338706089 -5.916670714 0.017564261 0.008098596 0.981939033 0.188206388
1317401397.212393045 603.991253834 -410.039780558 -5.877609211 0.018312346 0.008541213 0.982054752 0.187510454
1317401397.316286325 603.222195320 -409.736608941 -5.841039625 0.019724742 0.008240812 0.982286954 0.186159512
1317401397.420160055 602.452671427 -409.446791614 -5.804503191 0.020358705 0.008137346 0.982669763 0.184063694
1317401397.524030924 601.689398087 -409.145197069 -5.763515407 0.020621724 0.007645524 0.983237454 0.180998342
1317401397.627902031 600.917984639 -408.853860534 -5.723596655 0.020400612 0.007316149 0.983828188 0.177798724
1317401397.731796980 600.138595392 -408.567213817 -5.680721567 0.020456389 0.007140556 0.984290914 0.175219704
1317401397.835690975 599.354904863 -408.287288830 -5.641757999 0.020110365 0.006466413 0.984743304 0.172726326
1317401397.939560890 598.574087800 -408.004710218 -5.602080610 0.019471620 0.006678704 0.985246482 0.169898852
1317401398.043454885 597.789045789 -407.722285945 -5.563326088 0.018573222 0.006662495 0.985644649 0.167676094
1317401398.147373915 596.995829820 -407.447184869 -5.523219530 0.018192882 0.006326415 0.985884304 0.166316370
1317401398.251295090 596.197383344 -407.178050805 -5.480384243 0.018809254 0.006936069 0.985952308 0.165819626
1317401398.355237961 595.405951839 -406.908718578 -5.441077408 0.019615407 0.005960027 0.985993798 0.165517205
1317401398.459178925 594.603524655 -406.639217964 -5.401979455 0.020090666 0.005427028 0.985992932 0.165483687
1317401398.563122034 593.805032465 -406.374978073 -5.363539125 0.019015467 0.005355113 0.985971446 0.165740890
1317401398.667089939 593.003319622 -406.099563417 -5.324963597 0.016165799 0.006509681 0.985996216 0.165854614
1317401398.771033049 592.206306902 -405.822370519 -5.283452349 0.013344543 0.007520616 0.986048953 0.165749286
1317401398.874974966 591.402112418 -405.548706109 -5.246240756 0.011597500 0.007771280 0.985969550 0.166340468
1317401398.978941917 590.602022512 -405.269676657 -5.214025642 0.011754574 0.007394186 0.986007642 0.166120699
1317401399.082909107 589.794438786 -404.995889492 -5.186327045 0.013114130 0.006964255 0.985891720 0.166724426
1317401399.186898947 588.995030318 -404.719435274 -5.159204038 0.014070846 0.006755178 0.985855784 0.166867467
1317401399.290939093 588.192480837 -404.449038623 -5.126375532 0.014652919 0.005686126 0.985785224 0.167273583
1317401399.394953966 587.389841386 -404.181050370 -5.094071558 0.014895639 0.005565829 0.985602429 0.168330012
1317401399.498919964 586.593996236 -403.903677455 -5.061185631 0.014980580 0.005940664 0.985484274 0.169000107
1317401399.602907896 585.798236118 -403.626921903 -5.026906722 0.015179856 0.006282758 0.985301714 0.170031266
1317401399.706923008 585.011686604 -403.351373239 -4.989976911 0.015605346 0.005841370 0.985069954 0.171346251
1317401399.810940981 584.220237562 -403.077354006 -4.954454108 0.016176908 0.005448529 0.984745716 0.173160317
1317401399.914932013 583.430551930 -402.802670125 -4.920350170 0.016150243 0.004686143 0.984325075 0.175560120
1317401400.018922091 582.650621854 -402.520284312 -4.887095873 0.015392977 0.004617050 0.983814243 0.178469251
1317401400.122910976 581.874914448 -402.231004919 -4.849784215 0.014877588 0.004841637 0.983328445 0.181163973
1317401400.226877928 581.099524733 -401.945087421 -4.813643170 0.014764669 0.004172858 0.982842502 0.183807529
1317401400.330845833 580.331731339 -401.651676828 -4.778190920 0.015090512 0.003613313 0.982338188 0.186469580
1317401400.434813976 579.568227049 -401.357118004 -4.745393045 0.015135049 0.003509404 0.981872369 0.188905440
1317401400.538779974 578.811819179 -401.053692446 -4.712330400 0.014499020 0.003575209 0.981422054 0.191279240
1317401400.642721891 578.054989699 -400.754333035 -4.677728517 0.013422439 0.004426322 0.981006284 0.193460374
1317401400.746640921 577.297545724 -400.451014602 -4.643551602 0.012285682 0.005172361 0.980710452 0.195011070
1317401400.850559950 576.554066389 -400.147126118 -4.610386055 0.011623758 0.006482921 0.980553298 0.195801148
1317401400.954477072 575.816074429 -399.838544143 -4.579367148 0.011769788 0.007061185 0.980402537 0.196526023
1317401401.058373928 575.076240112 -399.527880331 -4.550400005 0.012752812 0.007372320 0.980269892 0.197114062
1317401401.162267923 574.346449302 -399.224689148 -4.523350183 0.013638085 0.007810505 0.980103050 0.197866141
1317401401.266185999 573.619023858 -398.916216785 -4.492843458 0.014505074 0.008856532 0.980190669 0.197325662
1317401401.370104074 572.893611944 -398.608746021 -4.464377602 0.014866158 0.008682076 0.980224956 0.197136134
1317401401.474025011 572.161295210 -398.306504252 -4.435096377 0.015019187 0.008344237 0.980248345 0.197022791
1317401401.577969074 571.429312213 -398.006172459 -4.405285401 0.015153392 0.007996335 0.980235765 0.197089516
1317401401.681931973 570.694338215 -397.699563744 -4.374791819 0.014972073 0.007393297 0.980195675 0.197326164
1317401401.785923004 569.949613971 -397.398641119 -4.343544987 0.014838839 0.007425046 0.979947851 0.198562046
1317401401.889915943 569.218383026 -397.088637209 -4.312145737 0.015053143 0.007294518 0.979818975 0.199185768
1317401401.993902922 568.480984249 -396.773109152 -4.280407705 0.015275896 0.007624981 0.979625183 0.200107490
1317401402.097892046 567.741013897 -396.458838029 -4.249310227 0.015771691 0.008063737 0.979479211 0.200765298
1317401402.201886892 566.985244789 -396.139184341 -4.220120510 0.015972722 0.008309947 0.979422550 0.201015634
1317401402.305880070 566.225359226 -395.817534752 -4.188342338 0.016522540 0.008352931 0.979364165 0.201253736
1317401402.409869909 565.473162380 -395.504340271 -4.155105930 0.017352708 0.008341685 0.979205533 0.201955006
1317401402.513885021 564.698151998 -395.175188004 -4.123536972 0.017741382 0.008043410 0.979041443 0.202727402
1317401402.617877007 563.922715845 -394.843432863 -4.090222625 0.017771561 0.008308747 0.978872303 0.203529239
1317401402.721817017 563.137450154 -394.511250838 -4.056782164 0.017728064 0.008379320 0.978718157 0.204270097
1317401402.825758934 562.337440833 -394.173211945 -4.023311340 0.017619715 0.008189176 0.978586949 0.204914776
1317401402.929702044 561.534331206 -393.824652944 -3.988796662 0.017317825 0.008804805 0.978499647 0.205331460
1317401403.033644915 560.720627434 -393.470455777 -3.952687316 0.017307042 0.009395454 0.978349176 0.206022042
1317401403.137612104 559.906389122 -393.113646319 -3.914652602 0.017378317 0.009447520 0.978244461 0.206510321
1317401403.241579056 559.080467065 -392.756932856 -3.880127818 0.017326153 0.008696914 0.978135000 0.207065425
1317401403.345520973 558.244850434 -392.395781560 -3.845463419 0.016528494 0.008472482 0.978074402 0.207425866
1317401403.449438095 557.408564847 -392.026714252 -3.811626350 0.014937896 0.008933965 0.978208293 0.206895090
1317401403.553335905 556.573230590 -391.658338935 -3.776358649 0.013757529 0.009564114 0.978348193 0.206286380
1317401403.657229900 555.733444779 -391.290480084 -3.743219025 0.013878401 0.009745132 0.978557877 0.205272757
1317401403.761120081 554.891714601 -390.924225694 -3.711579274 0.015082112 0.009591806 0.978880448 0.203650669
1317401403.865015030 554.045725880 -390.558303342 -3.679582494 0.016213860 0.009530415 0.979145604 0.202287340
1317401403.968910933 553.193338685 -390.194676295 -3.644720961 0.015872993 0.009779255 0.979547511 0.200347417
1317401404.072783947 552.335209574 -389.833029968 -3.609643771 0.014009696 0.010493799 0.980000905 0.198221679
1317401404.176655054 551.467530495 -389.476976509 -3.574938362 0.011607853 0.011261714 0.980328394 0.196709612
1317401404.280524015 550.601730434 -389.123390603 -3.540928246 0.010646528 0.011776503 0.980666284 0.195042574
1317401404.384392977 549.733475518 -388.772296219 -3.513915645 0.011366336 0.012091989 0.980957603 0.193511684
1317401404.488241911 548.854490107 -388.419282632 -3.484711248 0.012606706 0.012335333 0.981217494 0.192096692
1317401404.592089891 547.974398993 -388.062819704 -3.458174909 0.013079254 0.012785336 0.981426709 0.190963563
1317401404.695960045 547.093569385 -387.709779890 -3.430225991 0.012502923 0.012204685 0.981607220 0.190110462
1317401404.799832106 546.195860140 -387.352256382 -3.403753084 0.011311618 0.011524817 0.981745710 0.189511442
1317401404.903702974 545.298803642 -386.996488506 -3.374866437 0.010753982 0.011303874 0.981832772 0.189105743
1317401405.007574081 544.400710237 -386.646931406 -3.344347372 0.012019816 0.010683549 0.981677126 0.189872078
1317401405.111469030 543.505598021 -386.294580346 -3.313371336 0.014781690 0.009039634 0.981388156 0.191251339
1317401405.215388060 542.604232248 -385.934531919 -3.283897604 0.016488318 0.007192928 0.981044849 0.192944039
1317401405.319307089 541.704755762 -385.576366013 -3.253161704 0.015961587 0.006346695 0.980746910 0.194526209
1317401405.423223972 540.790515270 -385.206757374 -3.217588031 0.014612483 0.005693703 0.980346811 0.196657536
1317401405.527143002 539.878807186 -384.832560159 -3.178518357 0.014650225 0.005414607 0.979905578 0.198849468
1317401405.631061077 538.951588093 -384.447420614 -3.142274952 0.014704247 0.004511215 0.979388033 0.201401379
1317401405.734956026 538.024948060 -384.056851134 -3.108617178 0.013635795 0.003751949 0.978963918 0.203542710
1317401405.838850975 537.102400234 -383.660041347 -3.074242349 0.012233640 0.004489488 0.978487218 0.205895477
1317401405.942770004 536.167627377 -383.255264615 -3.039167953 0.011360642 0.005126942 0.978086554 0.207825272
1317401406.046665907 535.238088645 -382.844584635 -3.007597408 0.011216674 0.005429359 0.977742643 0.209437418
1317401406.150535822 534.303209545 -382.427217262 -2.978459936 0.010785029 0.006195891 0.977492644 0.210602528
1317401406.254405975 533.358369395 -381.999596329 -2.948184020 0.010058870 0.007754266 0.977310328 0.211431343
1317401406.358278036 532.409819098 -381.568141604 -2.921416604 0.009297589 0.009041469 0.977178174 0.212025055
1317401406.462148905 531.455673863 -381.136268382 -2.891426043 0.009711238 0.010134619 0.977052159 0.212537198
1317401406.565994978 530.499591764 -380.706149390 -2.865281789 0.011193054 0.010681436 0.976983551 0.212752824
1317401406.669816971 529.538022849 -380.272843097 -2.838108256 0.012558363 0.010368452 0.976941400 0.212885611
1317401406.773663998 528.578653801 -379.833767138 -2.809421367 0.013379466 0.009949287 0.976936116 0.212879840
1317401406.877510071 527.610592882 -379.394794609 -2.777872717 0.013826462 0.009868220 0.976962895 0.212732105
1317401406.981357098 526.632890324 -378.957630093 -2.745342705 0.014053637 0.009569378 0.977051007 0.212325815
1317401407.085203886 525.650640126 -378.515016367 -2.709693646 0.014611314 0.009041820 0.977165046 0.211785806
1317401407.189027071 524.660937739 -378.072455805 -2.673416750 0.015418506 0.008416914 0.977289198 0.211180609
1317401407.292850018 523.672376354 -377.631180222 -2.637822978 0.015480872 0.008183541 0.977451796 0.210431363
1317401407.396696091 522.671880845 -377.187412591 -2.599791854 0.014215463 0.008424232 0.977586453 0.209884920
1317401407.500543118 521.670596940 -376.742369634 -2.559691246 0.013307525 0.008004520 0.977769239 0.209107992
1317401407.604391098 520.667270154 -376.295080111 -2.520012499 0.013648041 0.007298192 0.977986206 0.208094804
1317401407.708237171 519.665329147 -375.857036630 -2.483244146 0.013731689 0.006373906 0.978186694 0.207175301
1317401407.812060118 518.661907483 -375.422215050 -2.444142812 0.012441468 0.005584853 0.978418206 0.206183980
1317401407.915859938 517.657284485 -374.986759992 -2.407575411 0.010395206 0.005076780 0.978635051 0.205279330
1317401408.019658089 516.650200186 -374.550858626 -2.370284696 0.008035368 0.005111193 0.978839960 0.204405580
1317401408.123455048 515.649367196 -374.118057247 -2.337394393 0.006925637 0.005804578 0.979073219 0.203307585
1317401408.227256060 514.645236439 -373.689677469 -2.306514434 0.007327766 0.007515836 0.979212779 0.202563938
1317401408.331078053 513.637727645 -373.257519436 -2.279120505 0.008434508 0.008797127 0.979267658 0.202203671
1317401408.434876919 512.632538522 -372.827598060 -2.250625745 0.010264643 0.009718128 0.979401746 0.201425956
1317401408.538698912 511.622074086 -372.398567247 -2.220124243 0.011541205 0.010146592 0.979524728 0.200736530
1317401408.642545938 510.610311493 -371.970038280 -2.190537046 0.011518166 0.009766528 0.979686007 0.199968185
1317401408.746391058 509.602197962 -371.548803418 -2.156861954 0.011119390 0.009219932 0.979829298 0.199313569
1317401408.850261927 508.584580354 -371.126262903 -2.121872426 0.011417024 0.008461269 0.979968660 0.198644115
1317401408.954109907 507.567653447 -370.704479935 -2.087876491 0.011917673 0.007753074 0.980057888 0.198202912
1317401409.057931662 506.550972783 -370.283578726 -2.057568835 0.011461517 0.007016818 0.980198331 0.197561713
1317401409.161778927 505.534777105 -369.867115299 -2.023156026 0.010997888 0.007286114 0.980333300 0.196907543
1317401409.265625954 504.514749865 -369.444609037 -1.986625387 0.010901630 0.007637190 0.980526704 0.195934200
1317401409.369448900 503.493341521 -369.029959054 -1.950354313 0.011113788 0.007895148 0.980689811 0.195093938
1317401409.473268986 502.468020585 -368.609581221 -1.917442006 0.010212887 0.007860887 0.980878389 0.194194464
1317401409.577091932 501.446130723 -368.193847964 -1.882498584 0.009015363 0.008350702 0.981033255 0.193449585
1317401409.680917978 500.426269349 -367.779614857 -1.849557975 0.008643633 0.008952660 0.981226929 0.192454805
1317401409.784747124 499.394569404 -367.365676449 -1.820162933 0.008923227 0.009764737 0.981355607 0.191745137
1317401409.888566971 498.369535893 -366.955463754 -1.792028834 0.008818690 0.010296308 0.981488881 0.191038723
1317401409.992387056 497.341244342 -366.544201659 -1.766442612 0.008043215 0.010625746 0.981630064 0.190328185
1317401410.096205711 496.313844601 -366.136155057 -1.737366526 0.007910172 0.010648215 0.981755491 0.189684477
1317401410.200005054 495.279650051 -365.724189427 -1.706874219 0.008259294 0.011047702 0.981841448 0.189201223
1317401410.303803921 494.250330847 -365.314183041 -1.678593541 0.008913982 0.011081904 0.981881865 0.188959612
1317401410.407624960 493.222099814 -364.909136645 -1.648574882 0.009435160 0.010615473 0.981920351 0.188760998
1317401410.511449099 492.198143535 -364.511130971 -1.617418097 0.009455101 0.010342349 0.981951652 0.188612274
1317401410.615250111 491.171079293 -364.107487212 -1.589257224 0.008944689 0.010797479 0.981931112 0.188718568
1317401410.719023943 490.168718515 -363.714383206 -1.557810402 0.008345180 0.010694804 0.981973066 0.188533490
1317401410.822798014 489.183727412 -363.328492317 -1.526239108 0.008448987 0.010426253 0.982007757 0.188363140
1317401410.926575899 488.214486862 -362.950968689 -1.494523457 0.008732616 0.010110950 0.982061462 0.188087199
1317401411.030349970 487.267134699 -362.577441699 -1.462641283 0.008956011 0.009432698 0.982084462 0.187991819
1317401411.134123087 486.332692963 -362.212448589 -1.431936449 0.008572851 0.008102400 0.982146091 0.187749601
1317401411.237897873 485.430922450 -361.859918221 -1.399329662 0.007655970 0.008116250 0.982179476 0.187613940
1317401411.341697931 484.550353195 -361.520042772 -1.367438182 0.005890235 0.007894696 0.982255793 0.187287307
1317401411.445496082 483.686428191 -361.186307887 -1.338018394 0.003905857 0.008039942 0.982291506 0.187145666
1317401411.549295902 482.830887387 -360.847908703 -1.312483752 0.002379937 0.008972067 0.982314895 0.187006108
1317401411.653119087 482.005030178 -360.529538383 -1.290403095 0.001790014 0.009081722 0.982291998 0.187127625
1317401411.756942034 481.192454617 -360.212916532 -1.271884319 0.002345306 0.008051355 0.982067331 0.188343922
1317401411.860810041 480.382715329 -359.892342502 -1.255400093 0.003254547 0.007503723 0.981690705 0.190306231
1317401411.964704037 479.588852732 -359.577813215 -1.241931956 0.003695353 0.007869013 0.981199440 0.192800626
1317401412.068624973 478.785456308 -359.254639781 -1.227417191 0.003687746 0.007938530 0.980685221 0.195396719
1317401412.172565937 477.987668056 -358.925001695 -1.212938080 0.003860693 0.008305101 0.980107158 0.198257609
1317401412.276484013 477.189472546 -358.589133851 -1.198652699 0.004393919 0.008996956 0.979674771 0.200342434
1317401412.380403996 476.394829344 -358.248454270 -1.183769834 0.004911877 0.009713277 0.979423528 0.201521906
1317401412.484273911 475.601202519 -357.911496046 -1.167145471 0.005383758 0.010871924 0.979387645 0.201625041
1317401412.588098049 474.808389509 -357.569326236 -1.150645887 0.006287169 0.011895815 0.979552617 0.200737717
1317401412.691921949 474.023597595 -357.234289175 -1.131555901 0.007783560 0.012344402 0.979875760 0.199074174
1317401412.795722008 473.234757470 -356.902849481 -1.114239854 0.009264548 0.011527584 0.980317602 0.196872249
1317401412.899518967 472.443612428 -356.581690762 -1.094854953 0.010434327 0.010732766 0.980729429 0.194796609
1317401413.003346920 471.641730795 -356.260485923 -1.073451865 0.010723763 0.010553970 0.981096460 0.192933537
1317401413.107193947 470.835653779 -355.941515729 -1.050104600 0.010237976 0.010285553 0.981341906 0.191722335
1317401413.211083889 470.027197363 -355.624706244 -1.029659385 0.009891069 0.009225320 0.981560318 0.190673550
1317401413.314977884 469.211153921 -355.304737628 -1.007089349 0.009346971 0.009028747 0.981665079 0.190170422
1317401413.418898106 468.394921925 -354.979361692 -0.982966872 0.009004101 0.009111070 0.981692127 0.190043371
1317401413.522862196 467.572829181 -354.654227391 -0.960998112 0.008720294 0.008834394 0.981483033 0.191146451
1317401413.626827002 466.747833178 -354.327993109 -0.939548047 0.008502318 0.008051551 0.981201683 0.192629539
1317401413.730793953 465.919308094 -353.998943432 -0.915544777 0.009033920 0.007533535 0.980900391 0.194154727
1317401413.834763050 465.086002638 -353.663214906 -0.893958308 0.009569112 0.007193209 0.980657010 0.195367649
1317401413.938752651 464.252069483 -353.324480811 -0.869578524 0.009949149 0.008472161 0.980523397 0.195967099
1317401414.042742968 463.410401605 -352.978328063 -0.850481744 0.009445469 0.008656998 0.980409568 0.196552585
1317401414.146711111 462.563939294 -352.629498263 -0.827085884 0.008980183 0.008603870 0.980279345 0.197225089
1317401414.250677109 461.711385941 -352.274196848 -0.803716065 0.009123982 0.009564291 0.980136706 0.197882074
1317401414.354619026 460.861872037 -351.917595197 -0.782416360 0.008918608 0.009347896 0.980126392 0.197952848
1317401414.458539963 459.999419802 -351.559351959 -0.760349452 0.009210019 0.009622730 0.980120487 0.197955576
1317401414.562483311 459.132726546 -351.200069280 -0.737623010 0.009159165 0.009102307 0.980206122 0.197558135
1317401414.666425943 458.261668978 -350.836656825 -0.714315050 0.008887254 0.008653338 0.980255204 0.197347082
1317401414.770343065 457.382160554 -350.473430055 -0.691923733 0.008521069 0.008810282 0.980330010 0.196984369
1317401414.874263048 456.493470271 -350.109206766 -0.670055617 0.007886652 0.008802927 0.980394211 0.196691383
1317401414.978204966 455.599284155 -349.741245333 -0.648053393 0.006838522 0.008716500 0.980344465 0.196982199
1317401415.082146883 454.703703255 -349.371564084 -0.627034685 0.006076829 0.008744853 0.980266252 0.197394716
1317401415.186067104 453.798834524 -348.998441885 -0.604247988 0.006140567 0.008783833 0.980154291 0.197946214
1317401415.290011883 452.884284191 -348.620620995 -0.585768953 0.006302000 0.008710253 0.979993557 0.198738632
1317401415.393978119 451.964003165 -348.237074062 -0.569667493 0.005988908 0.008418608 0.979710122 0.200153282
1317401415.497944117 451.037492688 -347.849607532 -0.552353740 0.005729051 0.008226419 0.979265584 0.202332449
1317401415.601888657 450.101193826 -347.452641945 -0.535277342 0.005264764 0.008186128 0.978876052 0.204222782
1317401415.705806732 449.165567705 -347.048657493 -0.517300598 0.005150064 0.008845228 0.978565194 0.205682763
1317401415.809747934 448.226547960 -346.636316643 -0.501138155 0.004956980 0.009771106 0.978373813 0.206554195
1317401415.913666964 447.281488787 -346.219749603 -0.483713063 0.005180458 0.010356269 0.978214034 0.207275696
1317401416.017563105 446.340474805 -345.806230292 -0.468113918 0.004995734 0.010720083 0.978131432 0.207651209
1317401416.121478796 445.388615587 -345.385553410 -0.452486876 0.004804473 0.011043813 0.978005451 0.208231334
1317401416.225421906 444.438530428 -344.967151184 -0.435967005 0.004556742 0.011527355 0.977992824 0.208269998
1317401416.329366922 443.480190294 -344.545024655 -0.419222504 0.004364320 0.011753197 0.977973824 0.208350701
1317401416.433285952 442.515833442 -344.120178454 -0.403819179 0.003992990 0.012113359 0.978083359 0.207822678
1317401416.537201881 441.543616177 -343.690835918 -0.389637922 0.003696306 0.012187196 0.978173813 0.207397688
1317401416.641119957 440.562896057 -343.260595410 -0.376231640 0.003874159 0.012329924 0.978222038 0.207158414
1317401416.745038986 439.580735314 -342.831315054 -0.363429052 0.004304939 0.012104124 0.978259076 0.206988253
1317401416.848958015 438.591783624 -342.399411950 -0.347404257 0.005011017 0.012009691 0.978333040 0.206627973
1317401416.952877998 437.597585254 -341.965991543 -0.333920936 0.005499788 0.011919044 0.978381130 0.206392958
1317401417.056796074 436.590920540 -341.526503336 -0.318985136 0.005937032 0.012339634 0.978424848 0.206148736
1317401417.160715103 435.581636202 -341.094496980 -0.302487578 0.006160224 0.012201660 0.978506182 0.205763999
1317401417.264611721 434.560617121 -340.658128332 -0.281725656 0.006955847 0.012773649 0.978680974 0.204870694
1317401417.368482113 433.539299370 -340.219033246 -0.263427010 0.007686855 0.012229970 0.978809063 0.204264921
1317401417.472351074 432.517946038 -339.782441206 -0.243583182 0.008663078 0.011464001 0.978980848 0.203445391
1317401417.576246977 431.484853272 -339.347038716 -0.219289815 0.009579626 0.011158025 0.979149981 0.202605637
1317401417.680144072 430.452711316 -338.908818270 -0.194081872 0.010181544 0.010642425 0.979221227 0.202259399
1317401417.784013987 429.408947959 -338.467781523 -0.165392450 0.010309223 0.009740581 0.979404971 0.201406911
1317401417.887883663 428.357914584 -338.023305605 -0.136418246 0.009458155 0.009783814 0.979531884 0.200828553
1317401417.991755962 427.313576286 -337.583834105 -0.108661569 0.006965058 0.009893873 0.979695233 0.200127084
1317401418.095627069 426.260593517 -337.144920032 -0.084839157 0.003981820 0.009995232 0.979752159 0.199924853
1317401418.199474096 425.195061741 -336.698873553 -0.062802741 0.003175653 0.010396529 0.979816004 0.199605676
1317401418.303318977 424.135477174 -336.257459366 -0.046754852 0.003168949 0.010215355 0.979863435 0.199382177
1317401418.407162905 423.071303068 -335.813722493 -0.033789807 0.002501521 0.009380851 0.979897654 0.199264473
1317401418.510986090 422.012986028 -335.372162438 -0.020534964 0.001103479 0.009393721 0.979917899 0.199176934
1317401418.614785910 420.940669627 -334.926192403 -0.007018589 -0.000248049 0.010093722 0.979970735 0.198885428
1317401418.718585968 419.860514008 -334.474691819 0.003927179 -0.000983295 0.010620568 0.979942085 0.198996853
1317401418.822384119 418.780088646 -334.022812804 0.014057271 -0.000712455 0.010749077 0.979873834 0.199326917
1317401418.926181078 417.708052843 -333.574936816 0.024061431 0.000480820 0.010356879 0.979851672 0.199457276
1317401419.030004978 416.631542287 -333.128975197 0.034945572 0.002081364 0.010033906 0.979829358 0.199573088
1317401419.133805037 415.558735095 -332.681978552 0.049540998 0.003335411 0.009017688 0.979735233 0.200066065
1317401419.237603188 414.488669954 -332.238390531 0.064108807 0.003295001 0.008721940 0.979680741 0.200346491
1317401419.341402054 413.425530558 -331.794258686 0.081257212 0.002835732 0.009293530 0.979604337 0.200701099
1317401419.445202112 412.355544220 -331.346528332 0.100017106 0.002893440 0.009651869 0.979547212 0.200962009
1317401419.549000978 411.291398026 -330.897128086 0.120582495 0.003744295 0.009399758 0.979464389 0.201363194
1317401419.652775049 410.236605982 -330.453028618 0.140734573 0.004634317 0.009018869 0.979403131 0.201659836
1317401419.756525040 409.185248834 -330.005604436 0.159776921 0.004618234 0.008786276 0.979341482 0.201969639
1317401419.860263109 408.135492067 -329.566775184 0.180508406 0.003862762 0.008651504 0.979385917 0.201775755
1317401419.964013100 407.092219080 -329.126633626 0.201939341 0.003122118 0.009245623 0.979417207 0.201610281
1317401420.067776918 406.050088554 -328.687477985 0.224140093 0.002690661 0.009807894 0.979462087 0.201371758
1317401420.171551943 405.010719393 -328.248026480 0.244814673 0.002592889 0.009884059 0.979546870 0.200956493
1317401420.275326014 403.978953467 -327.812981743 0.264294063 0.003109543 0.009819508 0.979549354 0.200940217
1317401420.379098892 402.956282573 -327.376997492 0.285728681 0.004138313 0.009467846 0.979511930 0.201120890
1317401420.482873917 401.937229885 -326.949217802 0.306952358 0.004506727 0.009318350 0.979577857 0.200798605
1317401420.586673975 400.915718381 -326.521374143 0.326491103 0.003975699 0.009354741 0.979588340 0.200756984
1317401420.690498114 399.898263048 -326.093402065 0.347336398 0.003217665 0.009817324 0.979564964 0.200862513
1317401420.794318914 398.891954078 -325.670297822 0.369971554 0.002930154 0.009801681 0.979524594 0.201064445
1317401420.898142099 397.878133666 -325.249478021 0.390520258 0.003255241 0.009954759 0.979455731 0.201387130
1317401421.001940966 396.875894714 -324.827892222 0.409020747 0.003491238 0.009358998 0.979370580 0.201825388
1317401421.105737925 395.875778631 -324.408125222 0.423979850 0.003099337 0.008409309 0.979281425 0.202305630
1317401421.209537029 394.884729967 -323.992728016 0.441468400 0.002278362 0.007921886 0.979193816 0.202759768
1317401421.313335896 393.897983054 -323.579470558 0.461441798 0.001288613 0.007766757 0.979055904 0.203439313
1317401421.417135000 392.919531063 -323.161758812 0.473253545 0.000164147 0.007919426 0.978872301 0.204319052
1317401421.520909071 391.940488963 -322.737751454 0.487605736 -0.000843083 0.008365524 0.978696742 0.205138962
1317401421.624707937 390.968023042 -322.315326562 0.502061365 -0.001369264 0.008459959 0.978518957 0.205978650
1317401421.728533983 389.999663253 -321.890800490 0.517373356 -0.001312454 0.008806817 0.978350710 0.206762196
1317401421.832356215 389.036345272 -321.475787068 0.526349903 -0.002046175 0.008682240 0.978196375 0.207490445
1317401421.936188936 388.070715947 -321.054224608 0.533071694 -0.003465382 0.008607559 0.978057876 0.208126624
1317401422.040010929 387.113491856 -320.630585434 0.538612717 -0.004444978 0.009745329 0.978054750 0.208072529
1317401422.143799067 386.164665403 -320.211584542 0.541570056 -0.004173319 0.010309180 0.978103830 0.207820119
1317401422.247575045 385.217205850 -319.792655533 0.545876216 -0.003125510 0.010328119 0.978160450 0.207570939
1317401422.351377964 384.279861491 -319.384159971 0.550686699 -0.002113171 0.010090455 0.978264423 0.207104893
1317401422.455178976 383.334029445 -318.974658432 0.555637732 -0.001921643 0.009771770 0.978391717 0.206519895
1317401422.558949232 382.390764191 -318.570120869 0.560105002 -0.002535397 0.009263433 0.978576720 0.205658369
1317401422.662744999 381.456987155 -318.170508315 0.567455078 -0.002318916 0.009204857 0.978703529 0.205059248
1317401422.766545057 380.526322943 -317.767154676 0.574766471 -0.001640194 0.009521401 0.978816023 0.204513682
1317401422.870318890 379.595897542 -317.373945581 0.582149408 -0.001441379 0.010197145 0.978919593 0.203986203
1317401422.974068880 378.668103164 -316.982354012 0.588274966 -0.002476865 0.010935036 0.979065987 0.203234060
1317401423.077842951 377.748197648 -316.588431887 0.596582146 -0.003370451 0.011222564 0.979175810 0.202675670
1317401423.181690931 376.830735818 -316.193344685 0.602597556 -0.003540988 0.011649456 0.979253755 0.202271687
1317401423.285562038 375.909997947 -315.800529716 0.607178706 -0.003173852 0.011673321 0.979307668 0.202015228
1317401423.389432907 374.993795483 -315.417333497 0.611217420 -0.002364208 0.011512414 0.979364896 0.201757964
1317401423.493278980 374.082735107 -315.033363823 0.614388572 -0.002127769 0.010931515 0.979405183 0.201597277
1317401423.597101927 373.176948371 -314.648691976 0.619090848 -0.002483648 0.010679379 0.979431215 0.201480218
1317401423.700951099 372.269661776 -314.267864299 0.624373820 -0.002933216 0.010545497 0.979445085 0.201413789
1317401423.804797888 371.381329599 -313.890439858 0.630682634 -0.003244657 0.010804902 0.979467635 0.201285566
1317401423.908643723 370.501371940 -313.511844729 0.636296790 -0.003668365 0.011117702 0.979545167 0.200883561
1317401424.012515068 369.593121665 -313.125577556 0.641674445 -0.004204494 0.011405387 0.979556554 0.200801387
1317401424.116409063 368.701874999 -312.747775129 0.646408752 -0.004130984 0.012318754 0.979590772 0.200581912
1317401424.220304966 367.826084448 -312.373643758 0.652721079 -0.003394645 0.013224774 0.979678456 0.200109233
1317401424.324152946 366.967132052 -312.013666250 0.655244689 -0.002758490 0.013578548 0.979786099 0.199567567
1317401424.427998066 366.097385423 -311.655303639 0.659125972 -0.002576834 0.013527239 0.979983366 0.198602558
1317401424.531821966 365.224372786 -311.290691218 0.663371123 -0.001959333 0.014203408 0.980197614 0.197502054
1317401424.635597706 364.365034528 -310.928462642 0.668593904 -0.001770883 0.014641240 0.980688729 0.195018241
1317401424.739320993 363.497469871 -310.591598176 0.674961621 -0.000735196 0.015634703 0.981459108 0.191031500
1317401424.843023062 362.631949183 -310.236760702 0.680560704 0.000170212 0.016938404 0.982226907 0.186931445
1317401424.946727991 361.772565074 -309.897783551 0.690567395 0.001635967 0.018437173 0.983404307 0.180480922
1317401425.050407887 360.907006977 -309.566501230 0.701356711 0.002898008 0.018668763 0.984730513 0.173057492
1317401425.154061079 360.052215201 -309.271437677 0.712618192 0.004140054 0.019433961 0.986403709 0.163134620
1317401425.257667065 359.194053618 -308.966987188 0.723563570 0.004431796 0.020541364 0.988107471 0.152322152
1317401425.361272097 358.337465078 -308.687849275 0.735834706 0.003667765 0.021122069 0.989939116 0.139860475
1317401425.464926004 357.451839266 -308.433862927 0.752385390 0.002633855 0.020952815 0.991725721 0.126625974
1317401425.568603992 356.582473494 -308.210574607 0.769295859 0.002417080 0.020836397 0.993403857 0.112733221
1317401425.672308922 355.725944152 -308.025607813 0.782658143 0.002381283 0.020763507 0.994975531 0.097912708
1317401425.776036024 354.860986351 -307.857917607 0.799399799 0.002845688 0.020829913 0.996303103 0.083295518
1317401425.879760981 353.992917212 -307.714250130 0.815152817 0.003276161 0.020666248 0.997428619 0.068544311
1317401425.983513117 353.135635136 -307.602250970 0.830694840 0.003326067 0.020332639 0.998351310 0.053574091
1317401426.087289095 352.273889000 -307.513327774 0.844571262 0.003010829 0.020099212 0.999058899 0.038318042
1317401426.191086054 351.408872236 -307.457320958 0.861238037 0.002293050 0.019698774 0.999526143 0.023541252
1317401426.294884920 350.569672081 -307.421019377 0.875884439 0.001211155 0.019130858 0.999778680 0.008668052
1317401426.398683786 349.715859704 -307.433659850 0.889775922 -0.000228328 0.018425416 0.999816692 -0.005199387
1317401426.502532005 348.870233521 -307.446688271 0.906069862 -0.001306961 0.017719643 0.999667688 -0.018676719
1317401426.606451988 348.041164560 -307.497100787 0.921581912 -0.001820681 0.016633416 0.999374415 -0.031157564
1317401426.710417271 347.215897549 -307.549620466 0.933461380 -0.002159585 0.015191115 0.999014420 -0.041650392
1317401426.814407825 346.400385660 -307.629547111 0.941506746 -0.002362824 0.014230999 0.998615568 -0.050585017
1317401426.918446064 345.598709429 -307.726666478 0.953637538 -0.002545113 0.013799528 0.998222929 -0.057914419
1317401427.022508144 344.810133355 -307.836735755 0.965772025 -0.002019706 0.013422690 0.997863932 -0.063900897
1317401427.126619101 344.019593302 -307.950809235 0.975234891 -0.001395113 0.012418679 0.997554658 -0.068764345
1317401427.230777740 343.262916075 -308.068280422 0.984005298 -0.001112741 0.011293654 0.997370467 -0.071577695
1317401427.334935904 342.512811563 -308.187156709 0.992530336 -0.001306052 0.010473622 0.997271786 -0.073058754
1317401427.439120054 341.758165371 -308.298504994 1.005021406 -0.001887281 0.009424766 0.997318574 -0.072548431
1317401427.543350935 341.015111264 -308.423728131 1.017144699 -0.002045114 0.008043761 0.997474449 -0.070539629
1317401427.647629023 340.287342659 -308.535616534 1.027076260 -0.001835389 0.006308446 0.997788924 -0.066136969
1317401427.751955986 339.571988768 -308.659500338 1.037856706 -0.001511783 0.004690246 0.998239105 -0.059113496
1317401427.856329918 338.867288785 -308.759130328 1.047026519 -0.001199207 0.002960538 0.998827356 -0.048308484
1317401427.960728884 338.166048012 -308.842233375 1.055399556 -0.001201838 0.001478241 0.999376480 -0.035256521
1317401428.065128088 337.458775604 -308.901425647 1.064751508 -0.000903043 0.000537722 0.999801651 -0.019888527
1317401428.169503927 336.756848313 -308.947385758 1.074970692 -0.000522930 0.000496361 0.999992364 -0.003840881
1317401428.273879051 336.061952949 -308.958315346 1.084772191 -0.000040839 -0.000262788 0.999905375 0.013753893
1317401428.378252983 335.378509331 -308.954478799 1.094637579 -0.000021613 -0.001364235 0.999459452 0.032847268
1317401428.482604980 334.698847081 -308.917502501 1.102134736 -0.001200734 -0.002128964 0.998698134 0.050951571
1317401428.586954355 334.025245139 -308.861045668 1.108965772 -0.002933919 -0.002619862 0.997460217 0.071117114
1317401428.691278934 333.353381974 -308.774648620 1.114826418 -0.004084729 -0.003013122 0.995733793 0.092132777
1317401428.795582056 332.693571616 -308.653856061 1.122455587 -0.004121897 -0.003779804 0.993368280 0.114839818
1317401428.899887085 332.019534403 -308.496383920 1.127876293 -0.003197305 -0.004518830 0.990348378 0.138489881
1317401429.004164934 331.372165991 -308.316402018 1.127995325 -0.002135084 -0.004929865 0.986718617 0.162349960
1317401429.108395100 330.743822005 -308.112890633 1.128339262 -0.001072061 -0.003708725 0.982514222 0.186147519
1317401429.212601900 330.125985569 -307.860286404 1.137923449 -0.000914783 -0.001309092 0.977729431 0.209863312
1317401429.316785097 329.526219237 -307.573881791 1.149406467 -0.000829503 -0.000397852 0.972390233 0.233358924
1317401429.420919895 328.950041751 -307.284083421 1.160089264 -0.000711417 -0.000757515 0.966432749 0.256917616
1317401429.525032043 328.388295227 -306.969160304 1.167864271 -0.000479029 -0.001013876 0.959900177 0.280339780
1317401429.629139900 327.850762552 -306.618034350 1.175569093 -0.000401661 -0.001337065 0.952988407 0.303003544
1317401429.733252048 327.331854081 -306.242680800 1.182163912 -0.000288080 -0.001133760 0.945095706 0.326791582
1317401429.837388039 326.828178814 -305.848026811 1.186482448 -0.000143616 -0.000837773 0.936609258 0.350374621
1317401429.941524029 326.347301338 -305.433375126 1.195218415 -0.000068081 -0.000561461 0.927227905 0.374497120
1317401430.045609951 325.890915261 -304.996177633 1.206755610 0.000295278 -0.000840730 0.917256136 0.398296858
1317401430.149672985 325.461339317 -304.536479299 1.212503978 0.000910070 -0.001167271 0.906879433 0.421387594
1317401430.253709078 325.058336985 -304.058606554 1.221130593 0.001537614 0.000159079 0.896075700 0.443898581
1317401430.357700109 324.706089096 -303.576696560 1.228121170 0.001783101 0.002114561 0.885268030 0.465072967
1317401430.461667061 324.377224006 -303.082334496 1.241171036 0.001619835 0.003841775 0.874094939 0.485737228
1317401430.565609932 324.078830079 -302.596883067 1.256917444 0.001289659 0.005647770 0.862661725 0.505748147
1317401430.669553995 323.816358446 -302.127885316 1.268695607 0.001275064 0.006997694 0.851037771 0.525056301
1317401430.773497105 323.586560646 -301.671011796 1.278270869 0.001733244 0.008050064 0.839136219 0.543858988
1317401430.877389908 323.391208987 -301.231687592 1.286431264 0.002015221 0.008720424 0.827301311 0.561687132
1317401430.981286049 323.219762800 -300.799810615 1.293265647 0.001673140 0.009175420 0.815221566 0.579074098
1317401431.085228682 323.073149314 -300.394521860 1.299470749 0.000406723 0.008871804 0.802690873 0.596329177
1317401431.189171314 322.943469685 -299.991275725 1.302094507 -0.000679259 0.008262590 0.789641764 0.613512146
1317401431.293088913 322.837825483 -299.602775889 1.303303105 -0.001261020 0.008651734 0.776382785 0.630201022
1317401431.397032022 322.763333947 -299.237404100 1.306106754 -0.001161332 0.008872275 0.762447110 0.646988669
1317401431.501024008 322.704183826 -298.869946265 1.311098723 -0.000827374 0.008649924 0.747572492 0.664123379
1317401431.605037928 322.656385692 -298.497918159 1.314766620 -0.001664324 0.007494334 0.731529550 0.681766517
1317401431.709100962 322.633876657 -298.139463168 1.316355686 -0.003188187 0.006553672 0.714320230 0.699781033
1317401431.813213110 322.621305243 -297.774632275 1.315480828 -0.005060023 0.006450417 0.695480191 0.718498499
1317401431.917346954 322.633743010 -297.411508410 1.314175186 -0.006372041 0.006733908 0.675264830 0.737517092
1317401432.021503925 322.669293507 -297.066523153 1.312764729 -0.006993429 0.007273264 0.653693013 0.756692564
1317401432.125664949 322.721178088 -296.717878860 1.309476606 -0.006883701 0.007655388 0.631080876 0.775648720
1317401432.229800940 322.797380362 -296.379935098 1.309773799 -0.006537118 0.008408842 0.607708094 0.794089057
1317401432.333909988 322.888953237 -296.051082042 1.311379325 -0.006399528 0.008550941 0.584026838 0.811664081
1317401432.437994957 322.990078273 -295.732064968 1.316288625 -0.007210711 0.007673654 0.559636683 0.828671168
1317401432.542057037 323.109188379 -295.416479124 1.312379135 -0.008707463 0.005801418 0.535009816 0.844781049
1317401432.646121025 323.241084332 -295.112531697 1.308518395 -0.010096050 0.004193527 0.509159387 0.860602814
1317401432.750183821 323.406917082 -294.808808588 1.297375693 -0.010763672 0.002515362 0.482660213 0.875737937
1317401432.854247093 323.606327857 -294.512573412 1.286382616 -0.010110531 0.001724805 0.455723572 0.890062261
1317401432.958285093 323.818545330 -294.218398965 1.279903398 -0.008747902 0.001908133 0.428113337 0.903680698
1317401433.062275887 324.071941012 -293.926280427 1.279030461 -0.007632934 0.002873117 0.401024764 0.916030907
1317401433.166220903 324.341943277 -293.634998809 1.284692359 -0.007619826 0.003956428 0.374347531 0.927248732
1317401433.270139933 324.634751655 -293.356864414 1.286809371 -0.009329508 0.004917342 0.348898898 0.937101029
1317401433.374010086 324.955422767 -293.083047206 1.281934038 -0.010247084 0.006386781 0.323839046 0.946035136
1317401433.477807760 325.294844490 -292.816780330 1.279358142 -0.010067366 0.008151153 0.300608863 0.953659540
1317401433.581558943 325.651756453 -292.566910784 1.287638298 -0.011667967 0.009596294 0.279130343 0.960134377
1317401433.685286045 326.033386703 -292.319280047 1.291961122 -0.014644357 0.010402025 0.258657099 0.965802177
1317401433.789014101 326.436602102 -292.080360190 1.289483901 -0.019259660 0.010774779 0.238688598 0.970845365
1317401433.892751932 326.857893816 -291.852654442 1.266661747 -0.021502756 0.012221170 0.219215225 0.975362989
1317401433.996454000 327.298831436 -291.651149294 1.239546718 -0.020237315 0.013935044 0.201180269 0.979246019
1317401434.100122929 327.763773036 -291.452471985 1.229576416 -0.016910448 0.014900270 0.184684163 0.982539454
1317401434.203800917 328.248621879 -291.270276008 1.228173975 -0.017502262 0.014056019 0.169995661 0.985189106
1317401434.307455063 328.763170419 -291.091504002 1.227428032 -0.021427528 0.012874938 0.156869501 0.987302920
1317401434.411084890 329.272053085 -290.900577927 1.211274583 -0.024661641 0.010271246 0.146044228 0.988917281
1317401434.514692068 329.809857846 -290.744699900 1.183688522 -0.025288512 0.007615948 0.137335357 0.990172454
1317401434.618300915 330.373129184 -290.598317236 1.160683604 -0.023049501 0.007208321 0.130114978 0.991204748
1317401434.721955061 330.948953518 -290.448418132 1.149345875 -0.022559679 0.008275583 0.123973885 0.991994482
1317401434.825633049 331.536329236 -290.303839309 1.141210072 -0.024401234 0.009269873 0.119329500 0.992511521
1317401434.929311037 332.137685971 -290.147314595 1.136045498 -0.026777074 0.010040934 0.114754454 0.992982167
1317401435.033014059 332.751441393 -290.002228573 1.128219201 -0.028420501 0.009122317 0.111231979 0.993346116
1317401435.136742115 333.387056364 -289.858752400 1.117994388 -0.029980735 0.006029293 0.108402687 0.993636584
1317401435.240468979 334.031596448 -289.708691551 1.102441193 -0.031231102 0.001918136 0.105954652 0.993878539
1317401435.344196081 334.692519443 -289.566020355 1.083892546 -0.031438663 -0.000525118 0.104485295 0.994029254
1317401435.447922945 335.364714682 -289.417499048 1.075381067 -0.032065692 -0.001583806 0.103417218 0.994119793
1317401435.551696777 336.055885499 -289.261499492 1.069498415 -0.034863896 -0.001593152 0.102354249 0.994135594
1317401435.655493975 336.757221000 -289.101195437 1.070211832 -0.038418566 -0.001782545 0.101845957 0.994056456
1317401435.759293079 337.473764478 -288.933610737 1.063691187 -0.041196009 -0.001598201 0.101553651 0.993975448
1317401435.863140106 338.203350642 -288.770513874 1.057043274 -0.042214819 -0.001000800 0.100482228 0.994042368
1317401435.967010021 338.940170090 -288.604800526 1.055502667 -0.043184992 0.000268650 0.099253124 0.994124641
1317401436.070880651 339.696460881 -288.435839802 1.055653499 -0.044592400 0.001453769 0.098015945 0.994184228
1317401436.174777031 340.455856619 -288.271909567 1.049279867 -0.046431488 0.002114397 0.096593659 0.994238056
1317401436.278670073 341.229119379 -288.108312976 1.042457346 -0.046582496 0.002671885 0.095274332 0.994356945
1317401436.382515907 342.009215969 -287.944039556 1.045433348 -0.046504799 0.001800903 0.094451869 0.994441001
1317401436.486365080 342.799611413 -287.782789685 1.042634217 -0.046275902 0.000447116 0.093675726 0.994526621
1317401436.590235949 343.600324340 -287.612845910 1.042168239 -0.047738087 -0.000109516 0.093412861 0.994482328
1317401436.694107056 344.411708300 -287.445367225 1.031981542 -0.048511480 0.001865231 0.092362213 0.994541291
1317401436.798002958 345.232372759 -287.281999916 1.029804073 -0.049163052 0.005024703 0.091216015 0.994604135
1317401436.901896954 346.066683342 -287.118431679 1.017046419 -0.049836086 0.007318665 0.090404051 0.994630539
1317401437.005790949 346.912115630 -286.954725493 1.010344933 -0.050029079 0.006931614 0.089630614 0.994693620
1317401437.109710932 347.765055566 -286.797493452 0.996977251 -0.049587734 0.005918294 0.089464361 0.994737231
1317401437.213606119 348.635664196 -286.627726397 0.983881935 -0.048939915 0.005532682 0.089219128 0.994793557
1317401437.317473888 349.511796307 -286.461005430 0.975227529 -0.050377314 0.005696437 0.089574796 0.994688913
1317401437.421345949 350.411408587 -286.288654471 0.959507227 -0.050473921 0.006466987 0.089728353 0.994665463
1317401437.525192976 351.319956359 -286.116027253 0.939830402 -0.048614446 0.005987882 0.090259522 0.994713024
1317401437.629039049 352.232881670 -285.938805951 0.932074331 -0.048170040 0.004007542 0.091353648 0.994644709
1317401437.732886076 353.147864162 -285.758490961 0.916319672 -0.049171627 0.004101956 0.092383955 0.994500141
1317401437.836685896 354.081444535 -285.577397835 0.902540914 -0.047695902 0.008697596 0.094223359 0.994369856
1317401437.940485954 355.021574272 -285.395596051 0.885071542 -0.043748051 0.016433619 0.095958200 0.994287719
1317401438.044307947 355.972031947 -285.217256799 0.873359494 -0.037927819 0.022062828 0.097525643 0.994265287
1317401438.148104906 356.931974300 -285.029445336 0.846161205 -0.029570441 0.025561357 0.099630117 0.994256529
1317401438.251903057 357.889489514 -284.837727984 0.816098221 -0.025722647 0.025242338 0.101207346 0.994212373
1317401438.355751991 358.833452775 -284.643937719 0.772497401 -0.023261976 0.021191247 0.102552818 0.994229717
1317401438.459598064 359.786112475 -284.438374176 0.745865335 -0.023208602 0.016635993 0.104026068 0.994164565
1317401438.563442945 360.740674674 -284.226207337 0.712117628 -0.025346805 0.012653260 0.105102217 0.994057824
1317401438.667313099 361.693976831 -284.009118342 0.690543348 -0.028661020 0.010374165 0.105129284 0.993991326
1317401438.771209002 362.655855356 -283.791732842 0.662562299 -0.030327286 0.010903483 0.104324731 0.994020986
1317401438.875128984 363.629706514 -283.573947851 0.640793960 -0.031510805 0.013853260 0.102986011 0.994087037
1317401438.979023218 364.598007350 -283.362291957 0.618385132 -0.028678406 0.016443648 0.102339379 0.994200084
1317401439.082916975 365.571174659 -283.155033617 0.601168930 -0.026738839 0.016507193 0.101832959 0.994305082
1317401439.186837912 366.555202130 -282.946891194 0.575465449 -0.024553547 0.016180197 0.101305058 0.994420741
1317401439.290756941 367.542268590 -282.739329479 0.549046281 -0.024130130 0.016504223 0.101039551 0.994452793
1317401439.394649744 368.533150497 -282.530077625 0.526488352 -0.021746218 0.016676804 0.101366384 0.994471640
1317401439.498543978 369.520081049 -282.324097708 0.499705662 -0.020813194 0.017071307 0.102273122 0.994392071
1317401439.602438927 370.517058720 -282.108371493 0.469453138 -0.019235999 0.019509543 0.103323399 0.994270401
1317401439.706335068 371.517066973 -281.899000964 0.440309900 -0.016598662 0.021574730 0.104250327 0.994178497
1317401439.810276031 372.515382283 -281.683581037 0.413287427 -0.014665125 0.019960209 0.104024896 0.994266235
1317401439.914266109 373.515961174 -281.465175995 0.377834093 -0.014682202 0.016332325 0.103554602 0.994381281
1317401440.018256903 374.518481411 -281.244410378 0.351233880 -0.016332445 0.014256467 0.102312490 0.994516043
1317401440.122201204 375.510600269 -281.027823793 0.323476220 -0.017047332 0.014808237 0.101217384 0.994608036
1317401440.226144075 376.481452964 -280.818413982 0.300525232 -0.017684802 0.016957122 0.100402513 0.994645183
1317401440.330086946 377.475028223 -280.609178902 0.274588569 -0.016573864 0.018749269 0.099403004 0.994732534
1317401440.433981895 378.477479185 -280.394376938 0.251609621 -0.017498634 0.017513008 0.098497248 0.994829324
1317401440.537851095 379.469893953 -280.184121315 0.220169291 -0.019103775 0.016912793 0.098331200 0.994826607
1317401440.641746998 380.467039530 -279.975968550 0.189303535 -0.019666604 0.018000794 0.098182598 0.994811225
1317401440.745641947 381.466071189 -279.768773419 0.165382116 -0.019944075 0.019902492 0.098309806 0.994756908
1317401440.849514008 382.469488415 -279.564667032 0.140049099 -0.020479498 0.020020307 0.098088899 0.994765472
1317401440.953408957 383.464793592 -279.361148357 0.107751846 -0.019907779 0.019074608 0.097974388 0.994806946
1317401441.057303905 384.456653488 -279.164143467 0.081192716 -0.015412012 0.018521956 0.097380119 0.994955536
1317401441.161197901 385.444835607 -278.970600472 0.060223096 -0.013890562 0.017131753 0.097192722 0.995021171
1317401441.265091896 386.425781563 -278.761020822 0.035818822 -0.015888595 0.012701763 0.097247658 0.995052316
1317401441.368984938 387.413705408 -278.553302635 0.012402949 -0.018443710 0.008887432 0.097214262 0.995052878
1317401441.472929001 388.393308444 -278.342101027 -0.008721925 -0.023265528 0.006784516 0.097180319 0.994971694
1317401441.576874018 389.370867455 -278.124074930 -0.026274458 -0.029693285 0.006772802 0.096763214 0.994841353
1317401441.680767059 390.337716884 -277.909116968 -0.037564163 -0.035655165 0.005296780 0.097544059 0.994578207
1317401441.784661055 391.307489140 -277.700261422 -0.048222821 -0.038394396 0.004740652 0.098590648 0.994375825
1317401441.888556957 392.283641912 -277.495549725 -0.059153228 -0.037133842 0.006712864 0.099706319 0.994301094
1317401441.992453098 393.267564363 -277.289361477 -0.071543670 -0.034617478 0.011948987 0.100598357 0.994252897
1317401442.096365929 394.259514313 -277.084344755 -0.082751404 -0.030782272 0.015652179 0.101207718 0.994265789
1317401442.200308084 395.249693055 -276.881671645 -0.095952418 -0.026902398 0.013932029 0.101671352 0.994356624
1317401442.304279089 396.231764058 -276.676119371 -0.118397987 -0.024879388 0.007471342 0.101853546 0.994460180
1317401442.408246040 397.222925364 -276.466037076 -0.137992510 -0.024714473 0.002644674 0.101597099 0.994515073
1317401442.512212992 398.225792645 -276.250533306 -0.149170903 -0.026194956 0.000354690 0.101235121 0.994517546
1317401442.616180897 399.231541631 -276.036423858 -0.156260517 -0.027244448 0.002597389 0.100208997 0.994589941
1317401442.720150948 400.244806615 -275.827731887 -0.160853126 -0.027052008 0.005975248 0.099435184 0.994658298
1317401442.824115992 401.260428614 -275.614581590 -0.163158012 -0.026991979 0.007388773 0.098662047 0.994727420
1317401442.928056002 402.274938319 -275.404733635 -0.173308345 -0.024764472 0.007167353 0.098803306 0.994772967
1317401443.031979084 403.293698689 -275.193748911 -0.174727636 -0.022672183 0.005990476 0.099484800 0.994762716
1317401443.135899067 404.320188125 -274.984532641 -0.185787225 -0.020931387 0.006257561 0.100379241 0.994709369
1317401443.239810705 405.352354722 -274.769919135 -0.193166207 -0.020428619 0.008566642 0.100952147 0.994644634
1317401443.343728781 406.388589981 -274.549763600 -0.199612205 -0.020266600 0.010691292 0.101570946 0.994564379
1317401443.447673082 407.419287251 -274.327824506 -0.207358108 -0.018501265 0.010507062 0.101913420 0.994565714
1317401443.551615953 408.458318012 -274.109482295 -0.227850921 -0.016425416 0.011136763 0.102115704 0.994574563
1317401443.655556917 409.498294810 -273.892403789 -0.241822969 -0.012951195 0.011428787 0.101721064 0.994662995
1317401443.759500027 410.545115869 -273.672029863 -0.245396442 -0.009408368 0.009049514 0.101555919 0.994744180
1317401443.863443851 411.585898360 -273.452947041 -0.256930480 -0.007303150 0.005228048 0.101204430 0.994825108
1317401443.967410088 412.628473413 -273.229463682 -0.266012918 -0.007424026 0.003360515 0.100367084 0.994917102
1317401444.071377993 413.666128559 -273.009902389 -0.264493704 -0.007936092 0.005641746 0.099630900 0.994976820
1317401444.175322056 414.705123021 -272.785087580 -0.263912612 -0.010242703 0.007952667 0.099221972 0.994980825
1317401444.279263973 415.737521975 -272.562740841 -0.267861284 -0.012785611 0.009373813 0.098763971 0.994984592
1317401444.383207083 416.771118435 -272.341004440 -0.278830828 -0.015382215 0.009702035 0.098656525 0.994955350
1317401444.487148046 417.803766214 -272.118498685 -0.292671652 -0.019241443 0.011004988 0.098143167 0.994925412
1317401444.591089010 418.827057698 -271.897442019 -0.307636603 -0.021248583 0.012710501 0.098395004 0.994839366
1317401444.694984913 419.843078712 -271.681008538 -0.320141822 -0.023731076 0.012596574 0.099267926 0.994697965
1317401444.798880100 420.855898470 -271.468793572 -0.335712980 -0.022398386 0.011662195 0.099893888 0.994677594
1317401444.902798891 421.865310356 -271.257316626 -0.350186596 -0.022118997 0.009564287 0.100880535 0.994606652
1317401445.006716967 422.869744612 -271.037195538 -0.364930948 -0.023241767 0.008399200 0.101159861 0.994563199
1317401445.110658884 423.869647816 -270.818605176 -0.378477131 -0.024791126 0.008091111 0.101148616 0.994529482
1317401445.214626074 424.872502255 -270.596946666 -0.389974123 -0.027266477 0.009054960 0.100194572 0.994552962
1317401445.318571091 425.871321663 -270.378332462 -0.402370128 -0.029551094 0.010624522 0.099433123 0.994548594
1317401445.422489882 426.874030361 -270.166131560 -0.410862382 -0.029517232 0.011630192 0.099140832 0.994567528
1317401445.526408911 427.868728064 -269.956320834 -0.423090928 -0.029282826 0.010795901 0.098901333 0.994607707
1317401445.630328178 428.858409656 -269.747724722 -0.438740360 -0.029404332 0.009017893 0.099073991 0.994604649
1317401445.734247923 429.839059753 -269.541477985 -0.453681738 -0.030007213 0.007524346 0.099241850 0.994582328
1317401445.838165998 430.818490222 -269.332608821 -0.464725461 -0.030052720 0.007746303 0.099361753 0.994567278
1317401445.942061901 431.793917197 -269.124292444 -0.479050280 -0.030700037 0.010758407 0.099183547 0.994537274
1317401446.045932055 432.774155514 -268.924461582 -0.492962938 -0.030164115 0.017129297 0.099124883 0.994470196
1317401446.149801016 433.750852935 -268.718316576 -0.502908340 -0.028851909 0.022194254 0.100055683 0.994315766
1317401446.253673077 434.708931882 -268.519892133 -0.519378911 -0.026073837 0.020363666 0.101113756 0.994324637
1317401446.357542992 435.669599467 -268.314600196 -0.542837634 -0.022450575 0.012139192 0.102061260 0.994450658
1317401446.461437941 436.629194747 -268.107956339 -0.573299060 -0.023761463 0.003779243 0.102165213 0.994476435
1317401446.565357924 437.578493014 -267.893291452 -0.588351345 -0.026539437 -0.000335753 0.101803993 0.994450347
1317401446.669251919 438.527061163 -267.681344254 -0.603420135 -0.029821810 0.002322038 0.101169220 0.994419457
1317401446.773121119 439.479374501 -267.472832012 -0.603365203 -0.030927147 0.008384184 0.100641017 0.994406659
1317401446.877019882 440.431964985 -267.267396571 -0.601951033 -0.030753443 0.012781148 0.099668461 0.994463205
1317401446.980916023 441.380294665 -267.061128927 -0.611919548 -0.030880752 0.013319687 0.099311068 0.994487947
1317401447.084784031 442.318121823 -266.861168763 -0.633318823 -0.030961604 0.012949811 0.099017615 0.994519579
1317401447.188677073 443.254137782 -266.667664491 -0.643554198 -0.028941188 0.012531571 0.098711799 0.994616181
1317401447.292573929 444.186254493 -266.474682563 -0.656119390 -0.026869645 0.011261323 0.098667768 0.994693861
1317401447.396468878 445.112567370 -266.284428893 -0.671262300 -0.026978357 0.009907839 0.098468061 0.994725110
1317401447.500385046 446.037507502 -266.095615459 -0.684957405 -0.025086564 0.009725343 0.098263631 0.994796633
1317401447.604304075 446.958672515 -265.908358798 -0.695691104 -0.023246278 0.011274992 0.098055694 0.994845499
1317401447.708222866 447.870795099 -265.721094577 -0.705322608 -0.022434890 0.013311936 0.097782193 0.994865876
1317401447.812139988 448.784007780 -265.534639009 -0.717692685 -0.020977110 0.015467313 0.097227681 0.994920852
1317401447.916081905 449.693572972 -265.351572256 -0.729779646 -0.020459881 0.015321930 0.096407166 0.995013713
1317401448.020047903 450.596265512 -265.167581148 -0.747319951 -0.020448349 0.013393843 0.095738986 0.995106284
1317401448.123990059 451.505308203 -264.980989807 -0.761682161 -0.020394267 0.009835006 0.094909902 0.995228344
1317401448.227910995 452.405587730 -264.796930236 -0.784398226 -0.020191357 0.006521295 0.094903938 0.995260280
1317401448.331784964 453.303584448 -264.616910766 -0.792914496 -0.018841095 0.006749473 0.096391385 0.995142281
1317401448.435632944 454.195671810 -264.432766425 -0.800913772 -0.020037881 0.010933853 0.098317182 0.994893294
1317401448.539526939 455.084084800 -264.246958398 -0.805606001 -0.020284781 0.015283720 0.099842026 0.994679097
1317401448.643445015 455.969656132 -264.060030547 -0.817214961 -0.019381912 0.017671323 0.101075966 0.994532913
1317401448.747386932 456.852093108 -263.870262109 -0.836243147 -0.019897102 0.017983572 0.101245912 0.994499855
1317401448.851331949 457.736377772 -263.679300458 -0.862000448 -0.021363395 0.017873252 0.101085522 0.994487742
1317401448.955275059 458.614113603 -263.490213338 -0.885736167 -0.021183742 0.016457507 0.101163244 0.994508118
1317401449.059215069 459.492895166 -263.305558138 -0.907163151 -0.019966220 0.016636815 0.101213517 0.994525208
1317401449.163156986 460.372886072 -263.120153586 -0.931299513 -0.019899017 0.017182603 0.101219295 0.994516687
1317401449.267124891 461.246517601 -262.933355158 -0.952063766 -0.020113345 0.016438761 0.101352017 0.994511432
1317401449.371068001 462.113130037 -262.744381651 -0.968345674 -0.021511988 0.014300125 0.101848448 0.994464496
1317401449.475011110 462.980172686 -262.553654357 -0.997897865 -0.023121805 0.012648398 0.102413027 0.994392765
1317401449.578970909 463.845575331 -262.367702561 -1.019541324 -0.023995862 0.014783208 0.102580350 0.994325363
1317401449.682913065 464.706248802 -262.177656829 -1.039282729 -0.024779207 0.017942925 0.102494611 0.994262992
1317401449.786861897 465.570538533 -261.988020592 -1.059190711 -0.025721146 0.018327111 0.102293690 0.994252755
1317401449.890829086 466.437392538 -261.797611723 -1.079028210 -0.025642906 0.015447883 0.102370084 0.994295816
1317401449.994796991 467.306231437 -261.608282316 -1.104106367 -0.024476006 0.011645989 0.102306380 0.994383578
1317401450.098763943 468.175970698 -261.420732072 -1.129588304 -0.024849299 0.010085278 0.102158401 0.994406587
1317401450.202730894 469.053010031 -261.230893954 -1.150185849 -0.025591424 0.010522829 0.101644245 0.994435919
1317401450.306674004 469.942420215 -261.043643874 -1.165609114 -0.026205494 0.012428824 0.101320887 0.994430930
1317401450.410590887 470.841604174 -260.854918168 -1.182508066 -0.026171245 0.014387715 0.101163821 0.994421410
1317401450.514509916 471.739920494 -260.664407295 -1.206108822 -0.026745352 0.015359996 0.101278711 0.994379897
1317401450.618452072 472.647798445 -260.470302441 -1.221092043 -0.025557240 0.013507813 0.101500933 0.994415369
1317401450.722394943 473.550847418 -260.281220823 -1.238525325 -0.023916484 0.011057666 0.101728928 0.994463149
1317401450.826338053 474.460636473 -260.089139805 -1.261611030 -0.023061758 0.009874825 0.101860659 0.994482302
1317401450.930282354 475.364815353 -259.897138801 -1.281396365 -0.022669221 0.012033243 0.102029896 0.994450204
1317401451.034224987 476.268437109 -259.706334676 -1.294488308 -0.021613606 0.014153507 0.102290647 0.994419003
1317401451.138191223 477.169355240 -259.515319516 -1.309036687 -0.020987164 0.015409169 0.102138800 0.994429365
1317401451.242156982 478.063296951 -259.321016723 -1.327468740 -0.021604023 0.014774864 0.101676590 0.994473147
1317401451.346122980 478.951115890 -259.127985154 -1.344323769 -0.022234205 0.013899411 0.101008510 0.994539958
1317401451.450088978 479.835734599 -258.934708822 -1.358952217 -0.023442752 0.012756953 0.100514913 0.994577523
1317401451.554056883 480.722745166 -258.745341248 -1.382478963 -0.024439216 0.012242974 0.100275483 0.994584165
1317401451.658000946 481.607091052 -258.560121704 -1.399375752 -0.024088096 0.011925715 0.100084637 0.994615808
1317401451.761941910 482.488084873 -258.376032903 -1.408156901 -0.023329746 0.011329990 0.099764983 0.994672963
1317401451.865907907 483.361425537 -258.193390669 -1.416772401 -0.023368682 0.010041057 0.099373529 0.994725079
1317401451.969875097 484.236799181 -258.004277883 -1.427135884 -0.024275193 0.009368342 0.099050024 0.994742199
1317401452.073848009 485.110796085 -257.816483503 -1.449903882 -0.026862206 0.010957676 0.098487798 0.994715288
1317401452.177789927 485.977935324 -257.634295541 -1.461209212 -0.028980658 0.014601226 0.097897619 0.994667272
1317401452.281752110 486.848326307 -257.449904736 -1.477384772 -0.031039142 0.017246973 0.097944104 0.994558227
1317401452.385746956 487.722461580 -257.265240571 -1.494777002 -0.031778941 0.016624017 0.097840785 0.994555640
1317401452.489711761 488.598530912 -257.084962948 -1.523195343 -0.032631205 0.015371704 0.098040259 0.994528543
1317401452.593672037 489.472957819 -256.901826203 -1.548398827 -0.032521390 0.014549107 0.097949356 0.994553471
1317401452.697639942 490.348339483 -256.722482030 -1.566933124 -0.030923606 0.012845757 0.097801961 0.994642395
1317401452.801609993 491.222448987 -256.550917811 -1.583797387 -0.028185028 0.010778486 0.097539635 0.994774069
1317401452.905601025 492.098315499 -256.377664760 -1.602193621 -0.026478743 0.010144085 0.097224942 0.994858424
1317401453.009593010 492.981106732 -256.202081539 -1.625026427 -0.025702934 0.012756198 0.096738039 0.994896171
1317401453.113560915 493.850601064 -256.026946710 -1.638949941 -0.025095941 0.016318388 0.096471167 0.994885530
1317401453.217525959 494.714615481 -255.852733962 -1.647702967 -0.024536108 0.018881838 0.096101517 0.994889921
1317401453.321511030 495.581743049 -255.675914141 -1.672313333 -0.024966729 0.019991368 0.095836709 0.994883075
1317401453.425477982 496.441655132 -255.500846265 -1.696449493 -0.025618343 0.019832772 0.095363869 0.994915119
1317401453.529423952 497.303104893 -255.328799303 -1.721023547 -0.026227420 0.018827820 0.095177800 0.994936592
1317401453.633392096 498.161785735 -255.155449212 -1.746119508 -0.025822825 0.016468094 0.094804728 0.995024646
1317401453.737359762 499.013518651 -254.987533419 -1.771032132 -0.025046740 0.013928910 0.094479666 0.995114184
1317401453.841326952 499.865629803 -254.819663849 -1.791357824 -0.024595171 0.012360376 0.094137458 0.995178596
1317401453.945295095 500.727484341 -254.648189742 -1.812120848 -0.025089973 0.013021767 0.093929634 0.995177447
1317401454.049283981 501.577106195 -254.475861484 -1.835051612 -0.027187844 0.014676631 0.093323906 0.995156302
1317401454.153254032 502.430913169 -254.300792542 -1.845757512 -0.028590583 0.015118671 0.093077347 0.995133464
1317401454.257199049 503.272413324 -254.130828856 -1.863683081 -0.029603262 0.013429413 0.093446261 0.995093510
1317401454.361160994 504.116168300 -253.959019221 -1.883384130 -0.029982074 0.012241981 0.093441248 0.995097956
1317401454.465125084 504.957086868 -253.793967193 -1.907886149 -0.028447482 0.014626850 0.093386798 0.995115924
1317401454.569092035 505.780131440 -253.632461928 -1.925218784 -0.027744817 0.019482056 0.093247518 0.995065613
1317401454.673058987 506.613873121 -253.468216154 -1.942240285 -0.027487809 0.023443422 0.092746184 0.995034156
1317401454.777025938 507.443984215 -253.307141208 -1.963354444 -0.026932640 0.023791058 0.091892742 0.995120265
1317401454.881016016 508.259419514 -253.151332890 -1.993405934 -0.025694921 0.020290704 0.091286354 0.995286321
1317401454.985008240 509.081728343 -252.994266480 -2.020225507 -0.024417071 0.014295252 0.090702935 0.995475982
1317401455.088974953 509.895960469 -252.836166444 -2.041889431 -0.024566482 0.009609676 0.090039452 0.995588790
1317401455.192941904 510.709857189 -252.680732439 -2.062584974 -0.025593193 0.008070565 0.089097493 0.995661334
1317401455.296909094 511.530435592 -252.523778208 -2.083263750 -0.027904102 0.011239420 0.088642367 0.995609144
1317401455.400875092 512.348061637 -252.367232911 -2.096820411 -0.030370765 0.015134094 0.088470019 0.995500694
1317401455.504817009 513.176823822 -252.204612533 -2.113228532 -0.032188483 0.015906478 0.088659213 0.995414702
1317401455.608758926 514.000335818 -252.045412473 -2.128983664 -0.032410281 0.013665394 0.088771518 0.995430785
1317401455.712726116 514.828857498 -251.886462453 -2.154679387 -0.032506365 0.012124067 0.088651369 0.995458326
1317401455.816668987 515.671315441 -251.729779175 -2.183901941 -0.031169302 0.013476611 0.088673864 0.995481693
1317401455.920613050 516.511880872 -251.576218515 -2.205678403 -0.030053753 0.015018621 0.089069848 0.995458575
1317401456.024532080 517.361688864 -251.418704977 -2.221862338 -0.029417986 0.015725457 0.089985589 0.995384291
1317401456.128427982 518.209453534 -251.261663469 -2.242490467 -0.027545670 0.015841216 0.090869196 0.995355756
1317401456.232346058 519.061397818 -251.101928691 -2.267461152 -0.026451407 0.017073412 0.091739817 0.995285199
1317401456.336263895 519.920891431 -250.934546679 -2.292394921 -0.026941513 0.018015508 0.092103708 0.995221836
1317401456.440182924 520.788299207 -250.763552528 -2.311406083 -0.027093495 0.016943599 0.092631714 0.995187531
1317401456.544102907 521.654130697 -250.587115304 -2.335064597 -0.025666856 0.012696002 0.093745275 0.995184328
1317401456.647973061 522.526459006 -250.414457940 -2.361302556 -0.022943912 0.009991755 0.095417865 0.995122692
1317401456.751821041 523.408333671 -250.243308186 -2.380290854 -0.019528967 0.009804702 0.097575934 0.994988153
1317401456.855667114 524.299703893 -250.068186491 -2.392840519 -0.017215855 0.012472893 0.099501565 0.994810273
1317401456.959511995 525.188692721 -249.889299633 -2.413812896 -0.017494593 0.016278216 0.101076464 0.994591628
1317401457.063381910 526.092218780 -249.699580130 -2.441661325 -0.019106638 0.020576911 0.102908155 0.994294443
1317401457.167253017 526.995512774 -249.502763571 -2.468725668 -0.018779010 0.022100449 0.103983856 0.994156062
1317401457.271148682 527.907450908 -249.303970330 -2.492044039 -0.018273755 0.018276536 0.104463167 0.994192881
1317401457.375067949 528.821323635 -249.098278966 -2.523089125 -0.018412495 0.011806854 0.104717238 0.994261474
1317401457.478986979 529.736329523 -248.896398325 -2.547716868 -0.019103379 0.007506246 0.104565166 0.994306212
1317401457.582906961 530.657475430 -248.695869031 -2.571930335 -0.020131609 0.009239100 0.104051438 0.994325226
1317401457.686825037 531.580060055 -248.497699768 -2.582926994 -0.022442634 0.013987477 0.102985196 0.994331297
1317401457.790741920 532.505921645 -248.293695041 -2.606819052 -0.023998385 0.018982816 0.101967773 0.994317004
1317401457.894637108 533.429596179 -248.091913204 -2.624230978 -0.024216329 0.020783870 0.101342489 0.994339630
1317401457.998507977 534.353958883 -247.893909817 -2.654270945 -0.022621378 0.021438700 0.100828175 0.994415574
1317401458.102379084 535.269632719 -247.694567480 -2.678333443 -0.022851487 0.019127299 0.101017580 0.994438236
1317401458.206250906 536.175454588 -247.499198441 -2.708585756 -0.023721779 0.017128124 0.101025506 0.994453494
1317401458.310120106 537.084830177 -247.306038154 -2.737353448 -0.024624155 0.017037689 0.101023056 0.994433361
1317401458.414015055 537.992769419 -247.108967688 -2.766657739 -0.026356413 0.019630505 0.100422211 0.994402012
1317401458.517935038 538.907274918 -246.909625103 -2.792301707 -0.030048834 0.021412404 0.099687281 0.994334462
1317401458.621851921 539.815142790 -246.716764102 -2.825006802 -0.031220336 0.021764948 0.099165026 0.994342936
1317401458.725771666 540.712362999 -246.524465572 -2.857871900 -0.029480838 0.019247913 0.099091440 0.994455270
1317401458.829689741 541.607228901 -246.341725076 -2.883813615 -0.026767179 0.015040947 0.098371857 0.994675960
1317401458.933609009 542.510970523 -246.153838468 -2.903999393 -0.026252324 0.011974787 0.098346942 0.994733783
1317401459.037503958 543.406725010 -245.965103198 -2.932314254 -0.026651472 0.012998733 0.098269022 0.994718016
1317401459.141400099 544.301185875 -245.782323318 -2.952010696 -0.025803237 0.016060534 0.098563972 0.994666475
1317401459.245318890 545.183687094 -245.603608814 -2.969316457 -0.023774395 0.019145326 0.098390125 0.994679656
1317401459.349236012 546.059179165 -245.423800993 -2.990026080 -0.022237693 0.020222998 0.098241746 0.994708538
1317401459.453155041 546.938257186 -245.243999893 -3.012316298 -0.020621853 0.020424035 0.097975796 0.994765471
1317401459.557074070 547.818982636 -245.065780601 -3.032802308 -0.018035044 0.020741027 0.097990558 0.994807719
1317401459.660991907 548.693867059 -244.894227095 -3.062440862 -0.016092110 0.022458298 0.098060016 0.994796915
1317401459.764935017 549.566286530 -244.718149123 -3.094622565 -0.014664567 0.023847727 0.097890027 0.994803387
1317401459.868901968 550.436642350 -244.542361436 -3.121247827 -0.014724063 0.024271831 0.097864228 0.994794789
1317401459.972868919 551.301919707 -244.360778625 -3.151949360 -0.016342913 0.022228767 0.097596573 0.994843556
1317401460.076836109 552.161633459 -244.180240226 -3.186401323 -0.018347721 0.019481298 0.097011138 0.994923454
1317401460.180804014 553.021047252 -243.998082947 -3.218895713 -0.021323698 0.017914287 0.096300189 0.994962638
1317401460.284770012 553.880699428 -243.819387874 -3.251743915 -0.022020406 0.019107459 0.095631475 0.994989763
1317401460.388712883 554.741267284 -243.641206565 -3.277857829 -0.023291543 0.021251944 0.095162039 0.994962334
1317401460.492655039 555.596122395 -243.469261449 -3.307151070 -0.025224432 0.023650616 0.094838136 0.994892006
1317401460.596613884 556.449498512 -243.301672396 -3.333898584 -0.024373166 0.023994232 0.094489427 0.994938176
1317401460.700579882 557.298416713 -243.140080630 -3.356700572 -0.021768987 0.022626612 0.094258209 0.995052530
1317401460.804532051 558.145824303 -242.968556724 -3.390319968 -0.023239468 0.021647179 0.094446672 0.995023192
1317401460.908473969 558.982613815 -242.800598229 -3.427797064 -0.026161312 0.022781435 0.094861861 0.994885832
1317401461.012415886 559.818660128 -242.634422581 -3.460140698 -0.027317095 0.026671861 0.095487178 0.994698239
1317401461.116365910 560.645760586 -242.470179817 -3.490013766 -0.028197575 0.028647453 0.095913353 0.994577724
1317401461.220305920 561.446238870 -242.309390095 -3.517763368 -0.028708462 0.026907776 0.095984965 0.994604787
1317401461.324265957 562.236179426 -242.145508030 -3.553737727 -0.030491730 0.024173578 0.096433501 0.994578540
1317401461.428256989 563.003572989 -241.979399640 -3.592625444 -0.035590870 0.021681093 0.096298010 0.994479720
1317401461.532248020 563.756208960 -241.820205743 -3.623487151 -0.037272302 0.020774526 0.095432653 0.994520891
1317401461.636287928 564.490018852 -241.673225846 -3.649020992 -0.038910590 0.020553199 0.093839836 0.994614306
1317401461.740375042 565.201292395 -241.532355509 -3.679645773 -0.040354406 0.021035411 0.092070211 0.994712074
1317401461.844461918 565.889458311 -241.400749135 -3.708773522 -0.041415744 0.023856498 0.089822047 0.994810335
1317401461.948525906 566.552919538 -241.275550022 -3.729364244 -0.043383561 0.026570834 0.087630167 0.994853161
1317401462.052635908 567.198632199 -241.150101002 -3.745080523 -0.042897174 0.026072289 0.084519768 0.995156509
1317401462.156773090 567.820381937 -241.038154700 -3.765264633 -0.039879025 0.022795280 0.080482219 0.995697068
1317401462.260883093 568.415864227 -240.939819804 -3.786516642 -0.036819335 0.020073186 0.076390480 0.996195713
1317401462.365017891 569.007762944 -240.847698132 -3.807795062 -0.034044476 0.018817602 0.071395061 0.996689328
1317401462.469151020 569.581755751 -240.760803051 -3.829789406 -0.033407502 0.019851784 0.066854194 0.997005698
1317401462.573236942 570.134542428 -240.684150611 -3.844259312 -0.031399000 0.021798868 0.062485432 0.997313633
1317401462.677323103 570.667951330 -240.615809304 -3.856334421 -0.028884855 0.024071776 0.058238496 0.997594353
1317401462.781410933 571.192242959 -240.556765101 -3.864590682 -0.026346467 0.024552884 0.054096779 0.997886045
1317401462.885497093 571.706970250 -240.499838681 -3.877167273 -0.026637567 0.024045938 0.050343810 0.998087037
1317401462.989583969 572.212147854 -240.446106256 -3.897242243 -0.026531491 0.022996832 0.046640522 0.998294489
1317401463.093599081 572.716889347 -240.396225390 -3.920124641 -0.023169253 0.021945311 0.043701831 0.998534796
1317401463.197570086 573.208942885 -240.358002811 -3.938318713 -0.018272486 0.019077616 0.042083273 0.998764817
1317401463.301513910 573.698545137 -240.318727858 -3.947604227 -0.014079503 0.015460705 0.041719083 0.998910533
1317401463.405428886 574.179505504 -240.272829616 -3.952935584 -0.014566656 0.013422613 0.042142370 0.998915245
1317401463.509323120 574.648248760 -240.222115568 -3.962359865 -0.018338683 0.013063148 0.043738472 0.998789264
1317401463.613181114 575.105163033 -240.170616375 -3.983632110 -0.020330922 0.013111068 0.046753263 0.998613482
1317401463.717004061 575.551327283 -240.130501796 -4.007349202 -0.016198031 0.014415369 0.050234134 0.998502054
1317401463.820813894 575.977869753 -240.094312494 -4.002970734 -0.010763544 0.016958397 0.054395275 0.998317441
1317401463.924613953 576.393352030 -240.049134978 -3.997237787 -0.008696685 0.018660690 0.059439211 0.998019602
1317401464.028363943 576.798444403 -239.987700254 -3.990836225 -0.009462825 0.019246776 0.065542257 0.997619281
1317401464.132113934 577.187349754 -239.928204705 -3.989506995 -0.010986696 0.019241460 0.072775388 0.997102202
1317401464.235863924 577.566006115 -239.859418713 -4.002015724 -0.013163483 0.018664335 0.080657798 0.996480148
1317401464.339590073 577.934693982 -239.784502462 -4.023231347 -0.014062368 0.017377667 0.089173802 0.995765183
1317401464.443293095 578.297467536 -239.712337524 -4.035811143 -0.011573698 0.015318593 0.098586500 0.994943261
1317401464.546972990 578.650613107 -239.638159404 -4.046163434 -0.008364602 0.014216227 0.108449414 0.993965119
1317401464.650625944 578.997263047 -239.554945316 -4.049559082 -0.007339668 0.014446292 0.120181119 0.992619732
1317401464.754257917 579.337909300 -239.459308262 -4.063843792 -0.007613242 0.015495701 0.133453670 0.990904657
1317401464.857914925 579.664599147 -239.350761332 -4.076950150 -0.006692010 0.016274885 0.148028808 0.988826485
1317401464.961591959 579.982162681 -239.233461670 -4.080866407 -0.005993500 0.017060207 0.163995111 0.986295408
1317401465.065291882 580.290383830 -239.115475149 -4.081746030 -0.007619724 0.017823538 0.180815208 0.983326051
1317401465.169020891 580.586487333 -238.989435237 -4.087697406 -0.010817691 0.018102837 0.197955074 0.979984211
1317401465.272748947 580.867653011 -238.856921569 -4.096576722 -0.011155244 0.019164659 0.214519548 0.976467941
1317401465.376499891 581.145164658 -238.719685223 -4.106875614 -0.009006563 0.020555244 0.230644361 0.972779288
1317401465.480273962 581.419033993 -238.578974198 -4.112165177 -0.006485080 0.022156187 0.246793562 0.968793056
1317401465.584049940 581.684270041 -238.429646319 -4.116155066 -0.006825033 0.023339720 0.262717948 0.964566201
1317401465.687849045 581.945865330 -238.267444171 -4.126409966 -0.007489128 0.023915012 0.278221288 0.960190033
1317401465.791624308 582.204116706 -238.098305805 -4.138826032 -0.008954442 0.024948393 0.294411951 0.955310943
1317401465.895399094 582.463292478 -237.914439476 -4.153560011 -0.009029955 0.025872613 0.310410595 0.950207520
1317401465.999171019 582.724835382 -237.719929361 -4.166665465 -0.008516552 0.027328545 0.326390555 0.944801474
1317401466.102921963 582.987266496 -237.501042825 -4.181373862 -0.007252518 0.029005400 0.343026253 0.938849869
1317401466.206697941 583.249771212 -237.272929945 -4.196804662 -0.005736404 0.030555481 0.359975947 0.932443443
1317401466.310471058 583.516085059 -237.028104419 -4.208398988 -0.005481744 0.031869504 0.377025567 0.925638162
1317401466.414246798 583.774166558 -236.767336001 -4.221658038 -0.005877906 0.032301048 0.393974717 0.918534711
1317401466.518023968 584.030675062 -236.489244841 -4.241821788 -0.005529934 0.031831756 0.411192890 0.910975612
1317401466.621774197 584.281075628 -236.195638462 -4.268064076 -0.003807089 0.031334758 0.428811036 0.902842586
1317401466.725500107 584.531185283 -235.888625252 -4.294378094 -0.001132372 0.031518768 0.446815361 0.894070086
1317401466.829251051 584.765629290 -235.558911140 -4.316485102 0.001379279 0.031973990 0.465380329 0.884532029
1317401466.933027029 584.995699376 -235.212506261 -4.335447485 0.002865070 0.033688253 0.483860862 0.874491600
1317401467.036801100 585.214307309 -234.838297442 -4.352684935 0.003555362 0.035671737 0.502560687 0.863798381
1317401467.140551090 585.420468019 -234.447807815 -4.373627000 0.004387238 0.037104544 0.521463595 0.852455116
1317401467.244302034 585.618167585 -234.040686526 -4.395753570 0.005852130 0.038405530 0.540954360 0.840154241
1317401467.348052025 585.802592522 -233.618748444 -4.412367794 0.007534824 0.039616793 0.560491199 0.827177945
1317401467.451778889 585.972245311 -233.175830878 -4.430380252 0.009179673 0.041092524 0.580327836 0.813293761
1317401467.555505991 586.128833405 -232.708157372 -4.451382943 0.011648327 0.042327345 0.600548285 0.798382408
1317401467.659256935 586.270221403 -232.231488347 -4.474008036 0.014210095 0.043310467 0.620973374 0.782505172
1317401467.763031960 586.376725037 -231.736475008 -4.498017227 0.015652451 0.043387494 0.640784483 0.766333982
1317401467.866830111 586.462616422 -231.213494088 -4.522330817 0.016359588 0.043392978 0.660081076 0.749761553
1317401467.970702887 586.536129844 -230.664322981 -4.544403297 0.016567099 0.043478229 0.678547602 0.733081392
1317401468.074620962 586.585377584 -230.095803731 -4.563080060 0.016603801 0.043103845 0.695698935 0.716846821
1317401468.178560972 586.611098330 -229.505591535 -4.584046146 0.017520342 0.043422108 0.711362186 0.701264143
1317401468.282576084 586.616962706 -228.889551002 -4.606030986 0.018040675 0.043275184 0.725478850 0.686645637
1317401468.386663914 586.600195895 -228.252837018 -4.626785542 0.017939751 0.042156462 0.737694628 0.673578232
1317401468.490823030 586.557279336 -227.597211917 -4.648666544 0.017280315 0.040289334 0.747818676 0.662454065
1317401468.595056057 586.497692031 -226.913429868 -4.668811974 0.017028098 0.038678362 0.755950243 0.653263545
1317401468.699335098 586.414518811 -226.210721031 -4.687759835 0.016286352 0.037313066 0.762462032 0.645750834
1317401468.803637028 586.312746810 -225.489424630 -4.706655522 0.015390194 0.036038779 0.767248778 0.640151280
1317401468.907962084 586.192765658 -224.740770046 -4.723509253 0.014312430 0.034906295 0.770135685 0.636763482
1317401469.012336016 586.061577257 -223.972636720 -4.740620991 0.013386968 0.034020624 0.771521991 0.635151323
1317401469.116710901 585.912674032 -223.176216078 -4.758156429 0.012574688 0.033101464 0.771710194 0.634987832
1317401469.221038103 585.753033178 -222.356273218 -4.776726051 0.011977055 0.032750340 0.771257245 0.635567642
1317401469.325341940 585.591123989 -221.512311485 -4.797920737 0.011797834 0.032530283 0.770768662 0.636174709
1317401469.429596901 585.419892832 -220.644646343 -4.815465636 0.013309411 0.032737598 0.770205536 0.636815941
1317401469.533802986 585.247521954 -219.761611158 -4.830913928 0.015467396 0.031714486 0.769776487 0.637337517
1317401469.638009071 585.072874900 -218.853108203 -4.846934621 0.016988213 0.029888439 0.769288045 0.637976477
1317401469.742166996 584.886457015 -217.920594834 -4.865465358 0.017065268 0.029255620 0.768930571 0.638434541
1317401469.846302032 584.700812118 -216.967593872 -4.878245531 0.016173451 0.029927441 0.768407757 0.639055777
1317401469.950436115 584.513472598 -215.993187915 -4.886929686 0.015236464 0.030881869 0.768024698 0.639493725
1317401470.054522991 584.327745126 -214.991603279 -4.899906839 0.015313093 0.031474956 0.767732665 0.639813559
1317401470.158561945 584.129510757 -213.962552149 -4.914631402 0.015757647 0.031520037 0.767880979 0.639622534
1317401470.262602091 583.927683500 -212.910470005 -4.931064166 0.016065089 0.031588889 0.768240533 0.639179582
1317401470.366617918 583.723495393 -211.844495122 -4.948596613 0.015941629 0.032175359 0.768612451 0.638706123
1317401470.470609903 583.511535948 -210.758322572 -4.964907933 0.015198975 0.032655289 0.769086077 0.638129477
1317401470.574600935 583.289708538 -209.656463620 -4.979120885 0.014825073 0.033338361 0.769457014 0.637655608
1317401470.678566933 583.070024052 -208.537545595 -4.996141405 0.014299409 0.033769843 0.770330554 0.636589320
1317401470.782532215 582.845607360 -207.405678470 -5.013502736 0.014093768 0.033772671 0.770856623 0.635956633
1317401470.886497021 582.618023302 -206.260145178 -5.033427925 0.013930575 0.033825314 0.771221689 0.635514668
1317401470.990466118 582.384998824 -205.098234339 -5.055856788 0.013177450 0.032735086 0.771505293 0.635243537
1317401471.094433069 582.150738744 -203.923259781 -5.074255357 0.013293933 0.032199508 0.771566931 0.635193619
1317401471.198373079 581.912204247 -202.741037299 -5.095830772 0.012643592 0.031699329 0.771846188 0.634892711
1317401471.302318096 581.671373214 -201.535987496 -5.112526226 0.012387998 0.032264052 0.771998916 0.634683576
1317401471.406260967 581.423212406 -200.316807116 -5.131527177 0.012163953 0.033059787 0.772392326 0.634168104
1317401471.510179043 581.176896324 -199.094386972 -5.148496143 0.011881114 0.034255120 0.772907378 0.633482131
1317401471.614098072 580.927544872 -197.871843195 -5.164150548 0.011285116 0.035725344 0.773562731 0.632611292
1317401471.718017101 580.677835048 -196.651540441 -5.183622070 0.009714787 0.037385109 0.774260543 0.631687096
1317401471.821934938 580.426453746 -195.425987443 -5.203333152 0.008081208 0.038263592 0.774821285 0.630969546
1317401471.925854921 580.174967538 -194.211472766 -5.224561585 0.006897197 0.038483029 0.775107892 0.630618142
1317401472.029772997 579.916604333 -192.992427804 -5.253346475 0.006118437 0.037841677 0.775079883 0.630699411
1317401472.133691788 579.660942081 -191.782600664 -5.283053425 0.006121795 0.037199394 0.774853640 0.631015503
1317401472.237587929 579.406508268 -190.577055369 -5.314151566 0.006294620 0.036676814 0.774618645 0.631332832
1317401472.341456890 579.151492306 -189.366116322 -5.345032780 0.006285474 0.037073239 0.774474893 0.631486110
1317401472.445327759 578.894521736 -188.159294862 -5.371533632 0.006266985 0.037969998 0.774627032 0.631246358
1317401472.549175978 578.638694141 -186.952959343 -5.400962488 0.006279259 0.038198366 0.774872885 0.630930636
1317401472.652997971 578.380981375 -185.744836175 -5.430471928 0.006210991 0.037776230 0.775208794 0.630543976
1317401472.756843090 578.124171457 -184.537814658 -5.459064307 0.006397315 0.038001578 0.775342520 0.630364126
1317401472.860690832 577.867751204 -183.343799061 -5.488212481 0.006280700 0.037670150 0.775585724 0.630085944
1317401472.964490891 577.614378747 -182.153501150 -5.518171517 0.006516828 0.037952663 0.775651403 0.629985736
1317401473.068288088 577.359685496 -180.964618200 -5.548329602 0.006712590 0.038306704 0.775648382 0.629965972
1317401473.172085047 577.103599604 -179.773529419 -5.578002292 0.006528263 0.038524689 0.775629833 0.629977454
1317401473.275886059 576.846934494 -178.570782833 -5.608452391 0.006132421 0.039657235 0.775378840 0.630220082
1317401473.379708052 576.594797885 -177.387575732 -5.640192627 0.005567083 0.038528865 0.775259783 0.630441752
1317401473.483505964 576.338239490 -176.190382796 -5.671320994 0.006975347 0.037680536 0.775002334 0.630795454
1317401473.587306023 576.086121642 -175.013630805 -5.702983951 0.006588332 0.036458449 0.774911108 0.630983479
1317401473.691129923 575.834479938 -173.835649084 -5.733339537 0.005240264 0.036661271 0.774706403 0.631235678
1317401473.794930935 575.585589259 -172.656947092 -5.761015283 0.004387393 0.037659401 0.774601621 0.631312006
1317401473.898705006 575.339544496 -171.481650148 -5.788914902 0.006130514 0.037450369 0.774485025 0.631452954
1317401474.002501965 575.094459025 -170.309697661 -5.816456990 0.008274268 0.036056273 0.774394892 0.631620165
1317401474.106300116 574.848716745 -169.143702909 -5.845846345 0.009046051 0.035412362 0.774264030 0.631806415
1317401474.210100889 574.603586531 -167.971323309 -5.869812775 0.008398928 0.035456276 0.774158608 0.631942055
1317401474.313924074 574.359438799 -166.802462043 -5.890811964 0.008042712 0.036001434 0.774071692 0.632022331
1317401474.417722225 574.118806134 -165.643246749 -5.910378931 0.007740191 0.036057305 0.774002026 0.632108237
1317401474.521495104 573.878202837 -164.482781785 -5.931643075 0.007530906 0.036048981 0.773944534 0.632181631
1317401474.625267982 573.633556237 -163.317899592 -5.955103104 0.006812255 0.036034131 0.773893052 0.632253650
1317401474.729018927 573.391185612 -162.161348594 -5.978040023 0.006617761 0.036424063 0.773837791 0.632301009
1317401474.832771063 573.151266806 -161.011724384 -6.001092969 0.006555452 0.036458585 0.773875038 0.632254082
1317401474.936523914 572.913063013 -159.863859150 -6.026039393 0.006644567 0.036409594 0.773905513 0.632218671
1317401475.040272951 572.673925435 -158.722709116 -6.051061492 0.006760796 0.036511567 0.773983521 0.632116054
1317401475.144027948 572.434633293 -157.576145462 -6.076888658 0.006855517 0.036615377 0.774048878 0.632028995
1317401475.247756958 572.193111172 -156.435295386 -6.101403997 0.007095883 0.036732526 0.774296470 0.631716192
1317401475.351476908 571.952302238 -155.300799610 -6.126814982 0.007315390 0.036665872 0.774622680 0.631317513
1317401475.455178976 571.711430584 -154.169157593 -6.151387109 0.007615935 0.037154616 0.775046109 0.630765456
1317401475.558881044 571.469462085 -153.043288990 -6.177353622 0.006934111 0.038022642 0.775743029 0.629864232
1317401475.662585974 571.224641321 -151.919073600 -6.202063296 0.005160013 0.039918930 0.776584499 0.628725989
1317401475.766288042 570.976147779 -150.785919388 -6.231079043 0.003976527 0.041654848 0.777684205 0.627260981
1317401475.869988918 570.724703177 -149.664861005 -6.264179533 0.003826158 0.042445635 0.779129862 0.625412174
1317401475.973691940 570.473692460 -148.555405687 -6.300395216 0.003569008 0.041794559 0.780870911 0.623282518
1317401476.077394962 570.210949938 -147.445160989 -6.337858474 0.003667718 0.040460415 0.783044537 0.620637379
1317401476.181097984 569.940652031 -146.342620472 -6.371848458 0.004096099 0.039033122 0.785200092 0.617997130
1317401476.284800053 569.666662652 -145.247776613 -6.405257768 0.004071236 0.037974092 0.787454306 0.615188678
1317401476.388504028 569.381072553 -144.152782870 -6.437264332 0.003575535 0.037722442 0.789929824 0.612025413
1317401476.492208242 569.092636040 -143.064515725 -6.466839186 0.003145870 0.038274559 0.792660111 0.608453047
1317401476.595911026 568.796262919 -141.985428641 -6.492589965 0.003222695 0.038678091 0.795344547 0.604913771
1317401476.699635983 568.492202355 -140.913966887 -6.520175254 0.003588792 0.038385485 0.797806460 0.601679755
1317401476.803385973 568.180405672 -139.843422268 -6.549534278 0.002924839 0.037142742 0.800040426 0.598788092
1317401476.907186031 567.862466155 -138.778166581 -6.580252660 0.001057525 0.035999557 0.801763744 0.596554954
1317401477.011032104 567.539290103 -137.714842530 -6.610402136 0.000429672 0.034349021 0.802850935 0.595189328
1317401477.114928961 567.214455083 -136.662646666 -6.636065288 0.003301725 0.031544375 0.803703703 0.594183817
1317401477.218823910 566.886661716 -135.616736192 -6.660009384 0.006788801 0.027895806 0.804546554 0.593195228
1317401477.322715998 566.559871624 -134.578043974 -6.680599192 0.010054871 0.026119894 0.805183909 0.592364351
1317401477.426635027 566.232666049 -133.539781855 -6.690762894 0.010270212 0.026483550 0.805793979 0.591514335
1317401477.530529976 565.903978369 -132.505607687 -6.702435999 0.007371128 0.028208110 0.806161133 0.590977324
1317401477.634427071 565.574865502 -131.475066370 -6.698550289 0.005159564 0.029140008 0.806565948 0.590402922
1317401477.738347054 565.250154843 -130.453582476 -6.707993515 0.005401753 0.027831935 0.806625560 0.590382427
1317401477.842264175 564.922875081 -129.436707011 -6.724517968 0.005704536 0.025922398 0.806309943 0.590897422
1317401477.946206093 564.606061467 -128.422692281 -6.742999106 0.004503678 0.026120045 0.805602299 0.591863495
1317401478.050198078 564.289334379 -127.401735553 -6.752541613 0.001386331 0.028598661 0.804208866 0.593656715
1317401478.154189110 563.980532359 -126.380367655 -6.770965241 -0.004324250 0.030419511 0.802519138 0.595834698
1317401478.258177996 563.671116537 -125.359740157 -6.793248396 -0.006788075 0.032139947 0.800215722 0.598811943
1317401478.362190962 563.367190577 -124.339202061 -6.821026201 -0.007412396 0.030482130 0.797796383 0.602110312
1317401478.466181040 563.067062554 -123.315624024 -6.860765928 -0.008822126 0.027682430 0.795231721 0.605609084
1317401478.570147991 562.764500904 -122.291137916 -6.904633810 -0.010658722 0.025448281 0.792851103 0.608790526
1317401478.674113989 562.476996663 -121.261578509 -6.941627028 -0.011847196 0.024159290 0.790459202 0.611923380
1317401478.778081894 562.195773050 -120.222144866 -6.981193052 -0.013348004 0.022360504 0.788030343 0.615085374
1317401478.882050037 561.920560818 -119.171542958 -7.022418236 -0.015085193 0.020880649 0.785567919 0.618239016
1317401478.986017942 561.654378232 -118.117939327 -7.063622628 -0.016727793 0.018694128 0.783163596 0.621309498
1317401479.089984655 561.393098247 -117.056090672 -7.108753078 -0.017195011 0.016828318 0.780843930 0.624262682
1317401479.193974972 561.142485951 -115.988865733 -7.154219836 -0.016756679 0.014873827 0.778556833 0.627174011
1317401479.297967911 560.895594698 -114.913419225 -7.194005116 -0.015330965 0.013675276 0.776278542 0.630055215
1317401479.401910067 560.662070731 -113.832524720 -7.232716315 -0.014726186 0.013127553 0.774224068 0.632604061
1317401479.505827188 560.430218958 -112.740049166 -7.269797381 -0.014957353 0.014855479 0.772636142 0.634499002
1317401479.609721899 560.202980605 -111.638617006 -7.300788980 -0.015299725 0.017519281 0.771623407 0.635654239
1317401479.713568926 559.975290887 -110.536868333 -7.336367523 -0.015269149 0.018693694 0.771422220 0.635865675
1317401479.817415953 559.751882481 -109.434452378 -7.378341673 -0.014817279 0.018267859 0.771267473 0.636076426
1317401479.921262026 559.526449713 -108.324555501 -7.420935313 -0.014703339 0.017444404 0.771261410 0.636109537
1317401480.025110960 559.302186639 -107.206780964 -7.462905795 -0.014704641 0.016913511 0.771151390 0.636257212
1317401480.128982067 559.078610691 -106.086093215 -7.502867731 -0.014381766 0.016992183 0.771230673 0.636166393
1317401480.232826948 558.854154137 -104.963682984 -7.542411115 -0.013988273 0.017687204 0.771351679 0.636009496
1317401480.336648941 558.627607743 -103.834731781 -7.580985723 -0.014053567 0.018188611 0.771563840 0.635736511
1317401480.440496922 558.397885780 -102.700956497 -7.620369405 -0.014264421 0.018707681 0.771794222 0.635437037
1317401480.544343948 558.168883376 -101.565569121 -7.658535659 -0.014218359 0.019262875 0.772260413 0.634854814
1317401480.648164749 557.938964537 -100.428864663 -7.697285727 -0.014324175 0.019615713 0.772510940 0.634536752
1317401480.751987934 557.706346038 -99.290873960 -7.736557484 -0.014473129 0.019851153 0.772939924 0.634003418
1317401480.855838060 557.473105543 -98.156661676 -7.776939583 -0.014711942 0.020097849 0.773340929 0.633500941
1317401480.959685087 557.240693788 -97.033395319 -7.815842687 -0.014467865 0.020955510 0.773675090 0.633070614
1317401481.063504934 557.006023167 -95.909769936 -7.854197339 -0.014598652 0.021183102 0.774041729 0.632611696
1317401481.167352915 556.769537882 -94.786406814 -7.896164681 -0.015012493 0.021230407 0.774342896 0.632231742
1317401481.271199942 556.532854775 -93.668013676 -7.936230654 -0.015807451 0.020492780 0.774631932 0.631882536
1317401481.375045061 556.294466419 -92.546305874 -7.977171497 -0.015288285 0.019765113 0.774619984 0.631933137
1317401481.478915930 556.057193927 -91.429757684 -8.016874307 -0.014678979 0.018340369 0.774469644 0.632174762
1317401481.582787991 555.821468225 -90.320394990 -8.056859709 -0.014167906 0.018024411 0.774474069 0.632190089
1317401481.686657906 555.588514330 -89.202305292 -8.094351213 -0.014955590 0.018384883 0.774315269 0.632356064
1317401481.790529013 555.356216762 -88.092312727 -8.128287576 -0.015027026 0.019681851 0.774156528 0.632509670
1317401481.894398928 555.121694436 -86.988299914 -8.164337265 -0.014849420 0.019666527 0.774065339 0.632625935
1317401481.998267889 554.886421641 -85.883854611 -8.206388348 -0.014914513 0.019692180 0.774019690 0.632679457
1317401482.102140903 554.656840204 -84.790629252 -8.244741125 -0.015384546 0.020302549 0.774034095 0.632631285
1317401482.206037045 554.427469250 -83.698098138 -8.279048083 -0.015436967 0.020438365 0.773934540 0.632747423
1317401482.309931040 554.197491337 -82.616056773 -8.317600999 -0.014807903 0.020157574 0.773920937 0.632788101
1317401482.413800955 553.970807750 -81.531443593 -8.358085701 -0.014872726 0.019807930 0.773830698 0.632907970
1317401482.517671824 553.742937762 -80.450594339 -8.393523298 -0.015102292 0.020316402 0.773823052 0.632895764
1317401482.621542931 553.517143751 -79.375649529 -8.429549358 -0.015522633 0.020793878 0.773773039 0.632931233
1317401482.725413084 553.294413298 -78.302199810 -8.466292935 -0.015577859 0.020908919 0.773738390 0.632968444
1317401482.829282999 553.068344849 -77.228017881 -8.503008329 -0.015506656 0.020672136 0.773635337 0.633103919
1317401482.933155060 552.842904345 -76.169136801 -8.541681370 -0.015476262 0.020506497 0.773508763 0.633264686
1317401483.037050009 552.619718919 -75.115783863 -8.580626736 -0.015495988 0.020255776 0.773336442 0.633482695
1317401483.140945911 552.399091004 -74.060982636 -8.619281436 -0.015078099 0.019485255 0.773071648 0.633840045
1317401483.244839907 552.179433103 -73.003842243 -8.656634876 -0.014696680 0.018870547 0.772622900 0.634414505
1317401483.348758936 551.962168334 -71.954745762 -8.692927704 -0.014764733 0.018726053 0.772296924 0.634813987
1317401483.452653170 551.744354858 -70.893289044 -8.727574127 -0.014705095 0.020154287 0.772072789 0.635044230
1317401483.556545973 551.528659179 -69.845338146 -8.766540711 -0.016598099 0.021100741 0.771976234 0.635084211
1317401483.660464048 551.314941055 -68.796385930 -8.804382190 -0.018140519 0.021986764 0.771864086 0.635148279
1317401483.764384031 551.101449014 -67.746097557 -8.846445360 -0.018450849 0.022370058 0.771856184 0.635135558
1317401483.868279696 550.889032754 -66.707261329 -8.889150706 -0.018001377 0.021486902 0.771881177 0.635148575
1317401483.972173929 550.677915217 -65.668620929 -8.936195693 -0.017830936 0.020609390 0.771997159 0.635041492
1317401484.076069117 550.464506921 -64.622333008 -8.984057271 -0.018453583 0.019847304 0.772017917 0.635022744
1317401484.179939985 550.252700578 -63.587478850 -9.026371951 -0.018245748 0.020301733 0.772132313 0.634875282
1317401484.283834934 550.040477465 -62.555628176 -9.066913614 -0.017794877 0.019898470 0.772152492 0.634876304
1317401484.387729883 549.827057109 -61.523602731 -9.109519744 -0.017875048 0.019920574 0.772200421 0.634815062
1317401484.491624117 549.616939221 -60.492663558 -9.153855314 -0.018484507 0.020084933 0.772255234 0.634725746
1317401484.595566034 549.408448023 -59.468679978 -9.194544289 -0.018402856 0.020610784 0.772203813 0.634773819
1317401484.699510098 549.198719337 -58.442852604 -9.235669807 -0.017920500 0.020437557 0.772121671 0.634893131
1317401484.803430080 548.989846368 -57.420638403 -9.278373874 -0.017968239 0.020306467 0.771975708 0.635073457
1317401484.907372952 548.781162199 -56.397720126 -9.317223899 -0.018005087 0.021059986 0.771528051 0.635591661
1317401485.011338949 548.573533211 -55.375352960 -9.359014802 -0.018656826 0.021427673 0.771131392 0.636041787
1317401485.115304947 548.371779858 -54.362446217 -9.399986272 -0.018843963 0.021775946 0.770599919 0.636668263
1317401485.219247103 548.170877275 -53.353268183 -9.439509076 -0.018669927 0.021598716 0.770184951 0.637181348
1317401485.323191881 547.967550639 -52.344312090 -9.481782332 -0.018186608 0.021301547 0.769841207 0.637620583
1317401485.427134037 547.769645708 -51.336863338 -9.528003649 -0.018356114 0.020942600 0.769494572 0.638045895
1317401485.531053066 547.573285764 -50.338915800 -9.570435846 -0.018831284 0.021330942 0.769268408 0.638291853
1317401485.634994984 547.378300041 -49.342854993 -9.610667766 -0.019328010 0.021656446 0.769218074 0.638326703
1317401485.738936901 547.183415187 -48.351073072 -9.651840818 -0.019533387 0.021546394 0.769317535 0.638204302
1317401485.842856884 546.993801888 -47.381884582 -9.690893093 -0.018726300 0.021093706 0.769449869 0.638084070
1317401485.946774960 546.810046882 -46.445689875 -9.727838955 -0.017740916 0.020510903 0.769546629 0.638014537
1317401486.050693035 546.622873084 -45.509700613 -9.767206615 -0.017409637 0.020559436 0.769709667 0.637825401
1317401486.154611111 546.444467239 -44.597878712 -9.801826512 -0.017668033 0.021647395 0.769894488 0.637559180
1317401486.258506060 546.268074124 -43.694657804 -9.836838595 -0.018306896 0.022187380 0.770114734 0.637256522
1317401486.362402916 546.089518152 -42.803761753 -9.866281408 -0.017988223 0.022402398 0.770290547 0.637045547
1317401486.466346025 545.913480123 -41.932175428 -9.899776273 -0.016657740 0.021635898 0.770447535 0.636918365
1317401486.570264101 545.741377813 -41.078944074 -9.938012207 -0.016598228 0.021000365 0.770603913 0.636751986
1317401486.674160242 545.569871323 -40.228718723 -9.971968426 -0.017073840 0.021083342 0.770679806 0.636644809
1317401486.778100967 545.398351902 -39.391372643 -10.001464016 -0.017187579 0.021290644 0.770651812 0.636668736
1317401486.882041931 545.232965736 -38.565437360 -10.031876245 -0.017058767 0.020854652 0.770521484 0.636844349
1317401486.985985041 545.070732410 -37.757677686 -10.062926860 -0.017000456 0.020137756 0.770422326 0.636988928
1317401487.089951992 544.913834493 -36.960240656 -10.092239347 -0.017329128 0.020162738 0.770258567 0.637177295
1317401487.193895817 544.760000528 -36.177980912 -10.121576947 -0.017926597 0.020145484 0.769943904 0.637541514
1317401487.297863007 544.613585524 -35.408352187 -10.146867211 -0.018236987 0.020152194 0.769423310 0.638160695
1317401487.401851892 544.462636977 -34.656833745 -10.173997305 -0.018891413 0.019263255 0.768487398 0.639295832
1317401487.505867958 544.319991328 -33.914979920 -10.200801998 -0.019045671 0.018600883 0.766919534 0.641190844
1317401487.609930992 544.185277285 -33.196178116 -10.229538216 -0.019715241 0.017919967 0.764841105 0.643667824
1317401487.713993073 544.053638267 -32.489805120 -10.257957922 -0.020731296 0.018071626 0.762247402 0.646701266
1317401487.818081141 543.933947235 -31.803641300 -10.284272701 -0.020980550 0.018489506 0.759406534 0.650015131
1317401487.922168016 543.826932900 -31.133025088 -10.305925118 -0.020805582 0.018830147 0.756308737 0.653612765
1317401488.026256084 543.727948250 -30.482738725 -10.327847665 -0.020657621 0.018516018 0.752802873 0.657661200
1317401488.130342007 543.635857972 -29.852581731 -10.351633567 -0.019752314 0.017474448 0.749393021 0.661600023
1317401488.234405041 543.549393740 -29.228275446 -10.378389291 -0.019175507 0.016690817 0.745770143 0.665718116
1317401488.338466883 543.476133236 -28.613532720 -10.399901517 -0.019025535 0.016887224 0.741791734 0.670147651
1317401488.442504883 543.408669105 -28.008266650 -10.418163524 -0.018538277 0.017651022 0.737647442 0.674700693
1317401488.546518087 543.352216429 -27.411241583 -10.438353809 -0.017726274 0.018339627 0.733927563 0.678748679
1317401488.650507927 543.305451009 -26.822157964 -10.457906278 -0.016252930 0.019386830 0.730068426 0.682905621
1317401488.754476070 543.262067902 -26.240119539 -10.476818915 -0.015456272 0.020357572 0.726664505 0.686516839
1317401488.858418941 543.227085809 -25.660312415 -10.497169468 -0.014364600 0.021632228 0.723471307 0.689865910
1317401488.962312937 543.199804806 -25.090824321 -10.516747225 -0.012967424 0.023117572 0.720582080 0.692862822
1317401489.066205978 543.180184533 -24.530066360 -10.536512709 -0.011622604 0.025289931 0.718083761 0.695399918
1317401489.170125961 543.166080041 -23.974235182 -10.554797097 -0.010679245 0.027048571 0.715789666 0.697710171
1317401489.274023056 543.152211310 -23.422366985 -10.573596300 -0.009795643 0.028374155 0.713476283 0.700036104
1317401489.377918005 543.138050452 -22.873184601 -10.592794600 -0.009022457 0.030028284 0.711393478 0.702094166
1317401489.481836081 543.128764769 -22.338183964 -10.611761281 -0.008196729 0.031871242 0.709123028 0.704316384
1317401489.585777044 543.125549377 -21.808015096 -10.631901394 -0.007143425 0.033131580 0.706963170 0.706437787
1317401489.689718962 543.124268080 -21.286470813 -10.651470264 -0.005986304 0.034111435 0.704519677 0.708838909
1317401489.793663025 543.127328215 -20.772153676 -10.673108969 -0.005613943 0.034805367 0.701898947 0.711403499
1317401489.897629023 543.131757171 -20.265533328 -10.693802157 -0.004590119 0.035925949 0.698984533 0.714219070
1317401490.001596928 543.141276421 -19.761693714 -10.713085483 -0.003723587 0.036894193 0.696008375 0.717075516
1317401490.105591059 543.155597973 -19.277596623 -10.733190515 -0.003150909 0.037639064 0.692959240 0.719986711
1317401490.209606886 543.173256584 -18.807965134 -10.751456701 -0.002826780 0.038477278 0.689652786 0.723111709
1317401490.313617945 543.192565107 -18.344037539 -10.772230872 -0.003233948 0.039251668 0.685871953 0.726655704
1317401490.417632103 543.218787376 -17.893508688 -10.794228621 -0.002774277 0.040278157 0.681901848 0.730328585
1317401490.521670103 543.249987192 -17.458421938 -10.812038501 -0.001521633 0.040833169 0.677459959 0.734423815
1317401490.625734091 543.282446752 -17.040629737 -10.827154399 -0.000249789 0.041016540 0.672385584 0.739063737
1317401490.729798079 543.313696983 -16.636756924 -10.840999131 -0.000043047 0.040150064 0.666869170 0.744092388
1317401490.833884001 543.349038546 -16.244483148 -10.859979534 -0.000438564 0.039049136 0.660870057 0.749483649
1317401490.937994003 543.389443711 -15.859225813 -10.880787515 -0.000127718 0.037561687 0.654217842 0.755372835
1317401491.042104006 543.438016825 -15.483942330 -10.903422566 0.000445181 0.036032360 0.646756077 0.761845160
1317401491.146239996 543.496083047 -15.110848375 -10.921337992 0.000989587 0.035294546 0.638473387 0.768833565
1317401491.250421047 543.566990716 -14.741515271 -10.936915841 0.000535837 0.035342817 0.629156547 0.776474492
1317401491.354626894 543.634528244 -14.392845827 -10.948556651 -0.000660319 0.036381638 0.618871825 0.784648714
1317401491.458811045 543.708351088 -14.088765530 -10.961517067 -0.000898511 0.037856250 0.608544026 0.792616089
1317401491.562947989 543.779946322 -13.815656364 -10.973729077 0.000380116 0.039119506 0.598363929 0.800268785
1317401491.667033911 543.847653100 -13.580715433 -10.980699043 0.000932988 0.039792689 0.588981603 0.807165623
1317401491.771073103 543.906490035 -13.390106678 -10.992449768 -0.000042810 0.038893613 0.580753238 0.813150024
1317401491.875065088 543.957895904 -13.232782481 -11.000813589 -0.000031751 0.037896624 0.573767889 0.818140730
1317401491.979007959 544.004594485 -13.117983133 -11.010054287 0.000581674 0.038149054 0.568293818 0.821940659
1317401492.082878113 544.037631422 -13.039777906 -11.011816436 0.001694485 0.039325050 0.564396050 0.824565199
1317401492.186674833 544.054747000 -12.995646557 -11.012277072 0.002238069 0.039412197 0.562257399 0.826019544
1317401492.290448904 544.058855648 -12.980112173 -11.009133853 0.002499375 0.039239922 0.561722651 0.826390734
1317401492.394248962 544.049437107 -12.997363704 -11.007588960 0.001623516 0.037539320 0.562073897 0.826233077
1317401492.498096943 544.037981708 -13.009911713 -11.007954419 0.001838258 0.034640051 0.561946985 0.826445566
1317401492.601943016 544.030295527 -13.010114502 -11.010642536 0.003003173 0.032719645 0.562045120 0.826453682
1317401492.705789089 544.033064146 -13.016859673 -11.014147113 0.003753034 0.032999318 0.562302185 0.826264614
1317401492.809659958 544.032084804 -13.013479538 -11.016140963 0.003796809 0.033914067 0.561905512 0.826497197
1317401492.913531065 544.032765514 -13.011402406 -11.015706973 0.003480073 0.034122474 0.561904221 0.826490891
1317401493.017426014 544.031822783 -13.011017248 -11.014746092 0.003120223 0.034085356 0.561986336 0.826438026
1317401493.121320009 544.031478737 -13.009881832 -11.015105783 0.002792931 0.033989675 0.561700937 0.826637139
1317401493.225214005 544.033938792 -13.007580428 -11.015536262 0.002960907 0.033904029 0.561678428 0.826655365
1317401493.329158068 544.034729009 -13.005303837 -11.015525107 0.003005695 0.033943215 0.561617996 0.826694653
1317401493.433100939 544.035014676 -13.005986566 -11.015687911 0.002811389 0.034079727 0.561551863 0.826734645
1317401493.537041903 544.036153040 -13.003993332 -11.016433250 0.002809249 0.033982530 0.561446515 0.826810200
1317401493.641007900 544.038099157 -13.004620335 -11.016802766 0.002889821 0.033961279 0.561460734 0.826801140
1317401493.744998932 544.040085473 -13.002141752 -11.016719014 0.002807447 0.034074740 0.561447867 0.826805493
1317401493.848989010 544.037504377 -13.006201049 -11.015484430 0.002689477 0.033813301 0.561284406 0.826927592
1317401493.952980995 544.039142782 -13.007470765 -11.018410049 0.002828051 0.033511307 0.560586333 0.827412810
1317401494.056997061 544.043520283 -12.999973961 -11.020198772 0.003119600 0.033359092 0.560075676 0.827763660
1317401494.161010981 544.045998667 -12.994925222 -11.021425123 0.003173210 0.033233170 0.559362074 0.828250902
1317401494.265048981 544.046526610 -12.977588853 -11.022507598 0.002819498 0.033096011 0.557970169 0.829195993
1317401494.369113922 544.053774926 -12.960494101 -11.023758331 0.002741386 0.033013587 0.556406590 0.830249538
1317401494.473177910 544.060179614 -12.940177231 -11.024448584 0.002822013 0.033142847 0.554715613 0.831374872
1317401494.577238083 544.068830568 -12.919328494 -11.024866556 0.002696258 0.032902810 0.552371193 0.832944296
1317401494.681324005 544.078601632 -12.886771655 -11.026416145 0.002395603 0.031997064 0.549048608 0.835174278
1317401494.785459042 544.091243655 -12.843205567 -11.030889008 0.002461093 0.030899164 0.544949342 0.837895816
1317401494.889619112 544.114905577 -12.787383591 -11.036551210 0.002575059 0.029827349 0.539719540 0.841312378
1317401494.993776083 544.137694677 -12.716741085 -11.042080866 0.002499230 0.029344669 0.533117310 0.845528579
1317401495.097960949 544.176923357 -12.633135166 -11.046731837 0.002392828 0.029482180 0.525620855 0.850204559
1317401495.202191114 544.221782163 -12.539775201 -11.051655261 0.001863244 0.029500414 0.517006921 0.855470688
1317401495.306421041 544.276788824 -12.425915995 -11.057341448 0.001377016 0.029466484 0.507444469 0.861179390
1317401495.410605907 544.343163627 -12.298142346 -11.063395411 0.000769441 0.029389719 0.497057595 0.867219349
1317401495.514787912 544.423811168 -12.153847265 -11.070935663 0.000182717 0.029474102 0.485899572 0.873517516
1317401495.618972063 544.521892441 -11.996781764 -11.079207917 -0.000109491 0.029684129 0.474636958 0.879680964
1317401495.723104954 544.636000393 -11.828751938 -11.089178400 -0.000018873 0.030159937 0.463525252 0.885570279
1317401495.827191114 544.758190387 -11.644817352 -11.096718122 0.000187745 0.030474612 0.452950158 0.891014824
1317401495.931231976 544.898620529 -11.442446300 -11.106048824 -0.000544538 0.029853535 0.443279951 0.895885793
1317401496.035223007 545.054785426 -11.224591102 -11.119306139 -0.002405454 0.027830160 0.434490177 0.900243290
1317401496.139236927 545.214328896 -10.993968035 -11.138781762 -0.004555526 0.025507404 0.425153779 0.904750178
1317401496.243321896 545.401720528 -10.755173738 -11.156850527 -0.006311787 0.025057054 0.414154387 0.909839793
1317401496.347433329 545.611763756 -10.499206527 -11.173623002 -0.008877640 0.025189560 0.401967864 0.915264175
1317401496.451543093 545.849000154 -10.229909501 -11.194732357 -0.010661441 0.024413515 0.388786775 0.920942538
1317401496.555676937 546.116229229 -9.948549010 -11.218950722 -0.010871745 0.023606867 0.374335755 0.926928942
1317401496.659858942 546.406810855 -9.655848475 -11.243944846 -0.010434830 0.022646688 0.358894554 0.933044983
1317401496.764044046 546.724150560 -9.362538644 -11.267567547 -0.009496128 0.021133590 0.342927914 0.939075951
1317401496.868226051 547.069970829 -9.063829903 -11.290718017 -0.009517244 0.019630001 0.325753755 0.945202929
1317401496.972409964 547.447054141 -8.770663518 -11.313461436 -0.010656334 0.018706866 0.308232008 0.951067571
1317401497.076545954 547.855867619 -8.473763043 -11.337590565 -0.012194145 0.017616371 0.290734660 0.956563811
1317401497.180632114 548.295239273 -8.173554523 -11.366239703 -0.013448114 0.017039204 0.273895344 0.961514511
1317401497.284668922 548.767318664 -7.886690151 -11.393540296 -0.013239986 0.017531023 0.258184958 0.965845688
1317401497.388683081 549.257429413 -7.604630084 -11.414331903 -0.012482428 0.018530817 0.243291878 0.969695756
1317401497.492650986 549.779349250 -7.320825473 -11.432108750 -0.011880699 0.019770524 0.229500615 0.973035171
1317401497.596546888 550.315436691 -7.048577377 -11.456698377 -0.012258349 0.021222327 0.217297208 0.975797760
1317401497.700417995 550.874261619 -6.771943891 -11.477570483 -0.012307256 0.021051350 0.205852270 0.978279211
1317401497.804287910 551.466786381 -6.500150238 -11.498955882 -0.012759668 0.018745858 0.195410467 0.980459348
1317401497.908158064 552.070633241 -6.245043787 -11.528028149 -0.013157493 0.016759046 0.185423789 0.982427622
1317401498.012026072 552.701662447 -5.993335464 -11.559759896 -0.012912425 0.016416187 0.175003777 0.984346207
1317401498.115920782 553.358197287 -5.756314848 -11.592829771 -0.013478683 0.016763397 0.164929264 0.986070815
1317401498.219816923 554.028984064 -5.510346945 -11.618057702 -0.014074805 0.018274473 0.154553074 0.987715187
1317401498.323713064 554.724034944 -5.276872535 -11.638700772 -0.014261717 0.017941952 0.144892987 0.989181840
1317401498.427582979 555.440044783 -5.057696586 -11.666725171 -0.013108670 0.014547752 0.136222712 0.990484678
1317401498.531403065 556.172638754 -4.845213510 -11.696432998 -0.012068459 0.012213578 0.128950346 0.991502390
1317401498.635179043 556.927104919 -4.635681264 -11.721369114 -0.012636461 0.012618417 0.123452629 0.992189772
1317401498.738918066 557.701693842 -4.427274983 -11.743859070 -0.013744051 0.014632154 0.119390193 0.992644439
1317401498.842622042 558.495400902 -4.215704474 -11.765230254 -0.013935055 0.016186058 0.116529101 0.992957600
1317401498.946312904 559.296575264 -4.011094670 -11.788592371 -0.013465523 0.016514722 0.114339913 0.993213133
1317401499.050019026 560.114416039 -3.816087970 -11.816093289 -0.013555607 0.016849502 0.112764834 0.993386346
1317401499.153722048 560.950414244 -3.615301408 -11.842428997 -0.013648187 0.016742742 0.111429897 0.993537511
1317401499.257446051 561.802320617 -3.419983696 -11.869227100 -0.014282054 0.016234599 0.110071242 0.993688474
1317401499.361196995 562.671353129 -3.222298787 -11.896868533 -0.014878506 0.016660782 0.108512461 0.993844100
1317401499.464971066 563.549671811 -3.019011125 -11.926749356 -0.015641833 0.017687653 0.107084425 0.993969520
1317401499.568769932 564.435468361 -2.816980742 -11.957251004 -0.016423989 0.018974265 0.105607828 0.994091151
1317401499.672569036 565.336584217 -2.618636518 -11.987681268 -0.016013898 0.019507026 0.104138538 0.994242524
