[INFO] [1789104285.680966068] [lidar_inertial_odometer]: lidar_inertial_odometer ready (point-to-plane ICP)
[INFO] [1789104285.681042233] [lidar_inertial_odometer]:   topics : lidar='/points_raw' imu='/imu_raw'
[INFO] [1789104285.681050631] [lidar_inertial_odometer]:   frames : odom -> imu_link -> velodyne
[INFO] [1789104285.681056912] [lidar_inertial_odometer]:   ring   : selection=all band=[31,63] -> 33/64 ch (dropped 0 above + 31 below)
[INFO] [1789104285.681064422] [lidar_inertial_odometer]:   normal : neighborhood_pca
[INFO] [1789104291.206094323] [lidar_inertial_odometer]: static TF imu_link -> velodyne : t=[0.8105 -0.3071 0.8027]
[INFO] [1789104299.662814281] [lidar_inertial_odometer]: odometer initialized (t=1317400964.327)
[lio] initialized at t=1317400964.326695 | |a|=9.843 m/s^2
[tight-lio] t=1317400964.327 corr=0 lidar=IMU rms=0.0000 time=22.07 ms | v=0.000 bg=0.00000 ba=0.00000
[tight-lio] t=1317400964.431 corr=1412 lidar=ok rms=0.0682 time=105.10 ms | v=5.937 bg=0.00139 ba=0.00076
[tight-lio] t=1317400964.535 corr=1270 lidar=ok rms=0.0488 time=71.64 ms | v=6.041 bg=0.01937 ba=0.22466
[tight-lio] t=1317400964.639 corr=1310 lidar=ok rms=0.0516 time=69.80 ms | v=6.238 bg=0.01420 ba=0.50843
[tight-lio] t=1317400964.743 corr=1337 lidar=ok rms=0.1105 time=75.92 ms | v=6.277 bg=0.00840 ba=0.55989
[tight-lio] t=1317400964.847 corr=1410 lidar=ok rms=0.0480 time=72.58 ms | v=6.567 bg=0.00356 ba=0.81047
[tight-lio] t=1317400964.951 corr=1393 lidar=ok rms=0.0616 time=71.21 ms | v=6.747 bg=0.00526 ba=0.83332
[tight-lio] t=1317400965.055 corr=1304 lidar=ok rms=0.0613 time=72.06 ms | v=6.860 bg=0.00402 ba=0.74666
[tight-lio] t=1317400965.159 corr=1297 lidar=ok rms=0.0520 time=66.67 ms | v=7.096 bg=0.00331 ba=0.89947
[tight-lio] t=1317400965.263 corr=1398 lidar=ok rms=0.0520 time=64.72 ms | v=7.221 bg=0.00483 ba=0.83344
[tight-lio] t=1317400965.367 corr=1375 lidar=ok rms=0.1031 time=64.97 ms | v=7.370 bg=0.00568 ba=0.80504
[tight-lio] t=1317400965.470 corr=1401 lidar=ok rms=0.0621 time=68.68 ms | v=7.532 bg=0.00667 ba=0.80718
[tight-lio] t=1317400965.574 corr=1360 lidar=ok rms=0.0888 time=67.41 ms | v=7.690 bg=0.00733 ba=0.80302
[tight-lio] t=1317400965.678 corr=1389 lidar=ok rms=0.0480 time=58.88 ms | v=7.837 bg=0.00742 ba=0.78056
[tight-lio] t=1317400965.782 corr=1227 lidar=ok rms=0.0663 time=62.24 ms | v=7.963 bg=0.00740 ba=0.75410
[tight-lio] t=1317400965.885 corr=1157 lidar=ok rms=0.0637 time=72.90 ms | v=8.065 bg=0.00657 ba=0.73584
[tight-lio] t=1317400965.989 corr=1114 lidar=ok rms=0.0657 time=61.20 ms | v=8.137 bg=0.00576 ba=0.73372
[tight-lio] t=1317400966.093 corr=1150 lidar=ok rms=0.0468 time=61.61 ms | v=8.145 bg=0.00505 ba=0.71300
[tight-lio] t=1317400966.197 corr=1098 lidar=ok rms=0.0650 time=59.01 ms | v=8.145 bg=0.00428 ba=0.70647
[tight-lio] t=1317400966.301 corr=1066 lidar=ok rms=0.0691 time=58.63 ms | v=8.143 bg=0.00389 ba=0.70908
[tight-lio] t=1317400966.405 corr=1012 lidar=ok rms=0.1056 time=56.26 ms | v=8.131 bg=0.00344 ba=0.70896
[tight-lio] t=1317400966.509 corr=1143 lidar=ok rms=0.0904 time=58.86 ms | v=8.098 bg=0.00324 ba=0.69901
[tight-lio] t=1317400966.613 corr=1102 lidar=ok rms=0.0744 time=55.64 ms | v=8.045 bg=0.00313 ba=0.67891
[tight-lio] t=1317400966.716 corr=1185 lidar=ok rms=0.0712 time=57.95 ms | v=8.008 bg=0.00279 ba=0.66946
[tight-lio] t=1317400966.820 corr=1145 lidar=ok rms=0.0554 time=56.49 ms | v=7.964 bg=0.00267 ba=0.66148
[tight-lio] t=1317400966.924 corr=1238 lidar=ok rms=0.0758 time=54.99 ms | v=7.919 bg=0.00220 ba=0.65926
[tight-lio] t=1317400967.028 corr=1200 lidar=ok rms=0.0632 time=55.23 ms | v=7.852 bg=0.00166 ba=0.65393
[tight-lio] t=1317400967.132 corr=1223 lidar=ok rms=0.0472 time=55.81 ms | v=7.785 bg=0.00163 ba=0.65538
[tight-lio] t=1317400967.236 corr=1272 lidar=ok rms=0.0737 time=55.66 ms | v=7.709 bg=0.00195 ba=0.65634
[tight-lio] t=1317400967.340 corr=1322 lidar=ok rms=0.0498 time=55.67 ms | v=7.615 bg=0.00201 ba=0.65546
[tight-lio] t=1317400967.444 corr=1294 lidar=ok rms=0.0533 time=40.30 ms | v=7.507 bg=0.00200 ba=0.65573
[tight-lio] t=1317400967.548 corr=1310 lidar=ok rms=0.0506 time=54.84 ms | v=7.374 bg=0.00180 ba=0.65263
[tight-lio] t=1317400967.652 corr=1370 lidar=ok rms=0.0746 time=55.13 ms | v=7.232 bg=0.00183 ba=0.65042
[tight-lio] t=1317400967.756 corr=1306 lidar=ok rms=0.0491 time=54.43 ms | v=7.084 bg=0.00172 ba=0.65000
[tight-lio] t=1317400967.860 corr=1345 lidar=ok rms=0.0583 time=57.02 ms | v=6.912 bg=0.00155 ba=0.64493
[tight-lio] t=1317400967.964 corr=1359 lidar=ok rms=0.0511 time=57.84 ms | v=6.782 bg=0.00148 ba=0.64806
[tight-lio] t=1317400968.068 corr=1428 lidar=ok rms=0.1042 time=41.60 ms | v=6.672 bg=0.00142 ba=0.65158
[tight-lio] t=1317400968.172 corr=1501 lidar=ok rms=0.0481 time=59.25 ms | v=6.551 bg=0.00145 ba=0.64923
[tight-lio] t=1317400968.276 corr=1473 lidar=ok rms=0.0541 time=56.51 ms | v=6.433 bg=0.00142 ba=0.64955
[tight-lio] t=1317400968.380 corr=1418 lidar=ok rms=0.0484 time=57.60 ms | v=6.315 bg=0.00140 ba=0.65459
[tight-lio] t=1317400968.484 corr=1465 lidar=ok rms=0.0732 time=56.94 ms | v=6.177 bg=0.00137 ba=0.65766
[tight-lio] t=1317400968.588 corr=1371 lidar=ok rms=0.0639 time=58.37 ms | v=6.016 bg=0.00140 ba=0.65429
[tight-lio] t=1317400968.693 corr=1414 lidar=ok rms=0.0581 time=39.80 ms | v=5.888 bg=0.00148 ba=0.65482
[tight-lio] t=1317400968.797 corr=1587 lidar=ok rms=0.0500 time=43.78 ms | v=5.790 bg=0.00152 ba=0.65839
[tight-lio] t=1317400968.901 corr=1329 lidar=ok rms=0.0489 time=56.19 ms | v=5.682 bg=0.00168 ba=0.65797
[tight-lio] t=1317400969.005 corr=1331 lidar=ok rms=0.0406 time=55.68 ms | v=5.576 bg=0.00164 ba=0.65840
[tight-lio] t=1317400969.109 corr=1398 lidar=ok rms=0.0451 time=41.81 ms | v=5.463 bg=0.00170 ba=0.65782
[tight-lio] t=1317400969.213 corr=1481 lidar=ok rms=0.0580 time=63.39 ms | v=5.370 bg=0.00188 ba=0.66243
[tight-lio] t=1317400969.317 corr=1400 lidar=ok rms=0.0636 time=59.47 ms | v=5.275 bg=0.00198 ba=0.66543
[tight-lio] t=1317400969.421 corr=1570 lidar=ok rms=0.0754 time=61.60 ms | v=5.178 bg=0.00210 ba=0.66483
[tight-lio] t=1317400969.526 corr=1482 lidar=ok rms=0.0655 time=63.77 ms | v=5.094 bg=0.00231 ba=0.66532
[tight-lio] t=1317400969.630 corr=1516 lidar=ok rms=0.0587 time=44.75 ms | v=5.018 bg=0.00265 ba=0.66737
[tight-lio] t=1317400969.734 corr=1491 lidar=ok rms=0.1001 time=61.56 ms | v=4.913 bg=0.00275 ba=0.66880
[tight-lio] t=1317400969.838 corr=1574 lidar=ok rms=0.0769 time=64.38 ms | v=4.806 bg=0.00282 ba=0.66943
[tight-lio] t=1317400969.943 corr=1723 lidar=ok rms=0.0640 time=44.92 ms | v=4.684 bg=0.00293 ba=0.67024
[tight-lio] t=1317400970.047 corr=1743 lidar=ok rms=0.0665 time=69.59 ms | v=4.575 bg=0.00314 ba=0.67121
[tight-lio] t=1317400970.151 corr=1757 lidar=ok rms=0.0755 time=68.17 ms | v=4.459 bg=0.00332 ba=0.66965
[tight-lio] t=1317400970.255 corr=1680 lidar=ok rms=0.0751 time=69.36 ms | v=4.366 bg=0.00342 ba=0.66914
[tight-lio] t=1317400970.360 corr=1858 lidar=ok rms=0.0594 time=96.30 ms | v=4.274 bg=0.00349 ba=0.66943
[tight-lio] t=1317400970.464 corr=1834 lidar=ok rms=0.0830 time=77.23 ms | v=4.181 bg=0.00366 ba=0.67125
[tight-lio] t=1317400970.568 corr=1844 lidar=ok rms=0.0816 time=79.08 ms | v=4.070 bg=0.00382 ba=0.67013
[tight-lio] t=1317400970.672 corr=2047 lidar=ok rms=0.0604 time=78.11 ms | v=3.936 bg=0.00387 ba=0.66677
[tight-lio] t=1317400970.777 corr=1998 lidar=ok rms=0.0713 time=77.66 ms | v=3.838 bg=0.00390 ba=0.66613
[tight-lio] t=1317400970.881 corr=2003 lidar=ok rms=0.0639 time=77.33 ms | v=3.778 bg=0.00393 ba=0.66590
[tight-lio] t=1317400970.985 corr=2338 lidar=ok rms=0.0655 time=88.72 ms | v=3.744 bg=0.00400 ba=0.66723
[tight-lio] t=1317400971.089 corr=2302 lidar=ok rms=0.0574 time=81.26 ms | v=3.705 bg=0.00410 ba=0.66671
[tight-lio] t=1317400971.194 corr=2286 lidar=ok rms=0.0605 time=79.17 ms | v=3.665 bg=0.00411 ba=0.66541
[tight-lio] t=1317400971.298 corr=2299 lidar=ok rms=0.0589 time=81.13 ms | v=3.625 bg=0.00412 ba=0.66442
[tight-lio] t=1317400971.402 corr=2234 lidar=ok rms=0.0657 time=83.34 ms | v=3.593 bg=0.00423 ba=0.66360
[tight-lio] t=1317400971.506 corr=2145 lidar=ok rms=0.0588 time=75.75 ms | v=3.561 bg=0.00419 ba=0.66308
[tight-lio] t=1317400971.610 corr=2003 lidar=ok rms=0.0570 time=75.73 ms | v=3.537 bg=0.00412 ba=0.66177
[tight-lio] t=1317400971.715 corr=1966 lidar=ok rms=0.0621 time=73.73 ms | v=3.566 bg=0.00416 ba=0.66087
[tight-lio] t=1317400971.819 corr=1916 lidar=ok rms=0.0818 time=78.07 ms | v=3.662 bg=0.00420 ba=0.66151
[tight-lio] t=1317400971.923 corr=1848 lidar=ok rms=0.0650 time=72.34 ms | v=3.773 bg=0.00419 ba=0.66052
[tight-lio] t=1317400972.027 corr=1742 lidar=ok rms=0.0603 time=70.12 ms | v=3.899 bg=0.00422 ba=0.65918
[tight-lio] t=1317400972.131 corr=1763 lidar=ok rms=0.0797 time=70.67 ms | v=4.030 bg=0.00419 ba=0.65583
[tight-lio] t=1317400972.235 corr=1763 lidar=ok rms=0.0624 time=72.42 ms | v=4.193 bg=0.00396 ba=0.65612
[tight-lio] t=1317400972.340 corr=1729 lidar=ok rms=0.0573 time=71.47 ms | v=4.359 bg=0.00365 ba=0.65593
[tight-lio] t=1317400972.444 corr=1692 lidar=ok rms=0.0648 time=72.51 ms | v=4.539 bg=0.00325 ba=0.65504
[tight-lio] t=1317400972.547 corr=1699 lidar=ok rms=0.0610 time=70.00 ms | v=4.734 bg=0.00288 ba=0.65431
[tight-lio] t=1317400972.651 corr=1659 lidar=ok rms=0.0609 time=69.45 ms | v=4.940 bg=0.00261 ba=0.65455
[tight-lio] t=1317400972.755 corr=1527 lidar=ok rms=0.0695 time=66.66 ms | v=5.143 bg=0.00233 ba=0.65344
[tight-lio] t=1317400972.859 corr=1632 lidar=ok rms=0.0605 time=68.88 ms | v=5.352 bg=0.00198 ba=0.65249
[tight-lio] t=1317400972.963 corr=1548 lidar=ok rms=0.0613 time=60.55 ms | v=5.557 bg=0.00169 ba=0.65050
[tight-lio] t=1317400973.067 corr=1480 lidar=ok rms=0.0829 time=64.45 ms | v=5.755 bg=0.00135 ba=0.64745
[tight-lio] t=1317400973.170 corr=1419 lidar=ok rms=0.0586 time=58.94 ms | v=5.974 bg=0.00115 ba=0.64712
[tight-lio] t=1317400973.274 corr=1494 lidar=ok rms=0.0731 time=63.15 ms | v=6.165 bg=0.00096 ba=0.64167
[tight-lio] t=1317400973.378 corr=1361 lidar=ok rms=0.0604 time=63.34 ms | v=6.369 bg=0.00094 ba=0.63880
[tight-lio] t=1317400973.481 corr=1243 lidar=ok rms=0.0540 time=55.82 ms | v=6.541 bg=0.00098 ba=0.63108
[tight-lio] t=1317400973.585 corr=1354 lidar=ok rms=0.0601 time=61.36 ms | v=6.718 bg=0.00103 ba=0.62460
[tight-lio] t=1317400973.689 corr=1371 lidar=ok rms=0.0516 time=57.63 ms | v=6.900 bg=0.00092 ba=0.62065
[tight-lio] t=1317400973.792 corr=1347 lidar=ok rms=0.0643 time=58.03 ms | v=7.070 bg=0.00090 ba=0.61578
[tight-lio] t=1317400973.896 corr=1269 lidar=ok rms=0.0684 time=59.85 ms | v=7.261 bg=0.00084 ba=0.61322
[tight-lio] t=1317400974.000 corr=1253 lidar=ok rms=0.0622 time=57.89 ms | v=7.445 bg=0.00098 ba=0.61164
[tight-lio] t=1317400974.104 corr=1316 lidar=ok rms=0.0698 time=58.43 ms | v=7.574 bg=0.00132 ba=0.60198
[tight-lio] t=1317400974.207 corr=1321 lidar=ok rms=0.0811 time=58.69 ms | v=7.728 bg=0.00150 ba=0.59662
[tight-lio] t=1317400974.311 corr=1455 lidar=ok rms=0.0736 time=58.85 ms | v=7.853 bg=0.00168 ba=0.59086
[tight-lio] t=1317400974.415 corr=1390 lidar=ok rms=0.0717 time=54.88 ms | v=7.954 bg=0.00175 ba=0.58680
[tight-lio] t=1317400974.518 corr=1366 lidar=ok rms=0.0770 time=57.50 ms | v=8.016 bg=0.00180 ba=0.58197
[tight-lio] t=1317400974.622 corr=1350 lidar=ok rms=0.0736 time=58.56 ms | v=8.047 bg=0.00183 ba=0.57617
[tight-lio] t=1317400974.726 corr=1344 lidar=ok rms=0.0952 time=59.68 ms | v=8.047 bg=0.00176 ba=0.56875
[tight-lio] t=1317400974.830 corr=1387 lidar=ok rms=0.0674 time=62.60 ms | v=8.029 bg=0.00174 ba=0.56155
[tight-lio] t=1317400974.933 corr=1384 lidar=ok rms=0.0669 time=61.33 ms | v=7.986 bg=0.00182 ba=0.55220
[tight-lio] t=1317400975.037 corr=1399 lidar=ok rms=0.0828 time=59.84 ms | v=7.961 bg=0.00187 ba=0.54616
[tight-lio] t=1317400975.141 corr=1359 lidar=ok rms=0.0797 time=56.82 ms | v=7.955 bg=0.00195 ba=0.54338
[tight-lio] t=1317400975.245 corr=1520 lidar=ok rms=0.0827 time=65.54 ms | v=7.916 bg=0.00188 ba=0.53640
[tight-lio] t=1317400975.349 corr=1464 lidar=ok rms=0.0754 time=61.86 ms | v=7.928 bg=0.00192 ba=0.53499
[tight-lio] t=1317400975.453 corr=1516 lidar=ok rms=0.0727 time=63.45 ms | v=7.944 bg=0.00197 ba=0.53184
[tight-lio] t=1317400975.556 corr=1503 lidar=ok rms=0.0758 time=64.58 ms | v=7.964 bg=0.00183 ba=0.52938
[tight-lio] t=1317400975.660 corr=1336 lidar=ok rms=0.0652 time=65.10 ms | v=7.970 bg=0.00155 ba=0.52574
[tight-lio] t=1317400975.764 corr=1415 lidar=ok rms=0.0664 time=66.04 ms | v=7.985 bg=0.00132 ba=0.52283
[tight-lio] t=1317400975.868 corr=1419 lidar=ok rms=0.1081 time=66.88 ms | v=8.014 bg=0.00135 ba=0.52078
[tight-lio] t=1317400975.972 corr=1527 lidar=ok rms=0.0678 time=65.82 ms | v=8.035 bg=0.00150 ba=0.51709
[tight-lio] t=1317400976.076 corr=1507 lidar=ok rms=0.0693 time=69.74 ms | v=8.068 bg=0.00155 ba=0.51502
[tight-lio] t=1317400976.180 corr=1667 lidar=ok rms=0.0853 time=80.48 ms | v=8.071 bg=0.00142 ba=0.51092
[tight-lio] t=1317400976.283 corr=1477 lidar=ok rms=0.0565 time=64.65 ms | v=8.110 bg=0.00138 ba=0.50980
[tight-lio] t=1317400976.387 corr=1474 lidar=ok rms=0.0750 time=63.32 ms | v=8.179 bg=0.00143 ba=0.51006
[tight-lio] t=1317400976.491 corr=1497 lidar=ok rms=0.0812 time=71.99 ms | v=8.241 bg=0.00147 ba=0.50845
[tight-lio] t=1317400976.595 corr=1588 lidar=ok rms=0.0660 time=65.22 ms | v=8.318 bg=0.00135 ba=0.50825
[tight-lio] t=1317400976.699 corr=1399 lidar=ok rms=0.0722 time=62.52 ms | v=8.389 bg=0.00117 ba=0.50870
[tight-lio] t=1317400976.803 corr=1399 lidar=ok rms=0.0567 time=59.16 ms | v=8.465 bg=0.00110 ba=0.50778
[tight-lio] t=1317400976.907 corr=1312 lidar=ok rms=0.0569 time=57.69 ms | v=8.558 bg=0.00116 ba=0.50832
[tight-lio] t=1317400977.011 corr=1411 lidar=ok rms=0.0563 time=62.06 ms | v=8.653 bg=0.00121 ba=0.50847
[tight-lio] t=1317400977.115 corr=1434 lidar=ok rms=0.0561 time=65.74 ms | v=8.757 bg=0.00116 ba=0.50906
[tight-lio] t=1317400977.219 corr=1429 lidar=ok rms=0.0578 time=59.66 ms | v=8.851 bg=0.00137 ba=0.50785
[tight-lio] t=1317400977.323 corr=1420 lidar=ok rms=0.0601 time=63.50 ms | v=8.955 bg=0.00153 ba=0.50723
[tight-lio] t=1317400977.427 corr=1362 lidar=ok rms=0.0736 time=62.85 ms | v=9.047 bg=0.00133 ba=0.50762
[tight-lio] t=1317400977.530 corr=1453 lidar=ok rms=0.0817 time=63.04 ms | v=9.126 bg=0.00116 ba=0.50769
[tight-lio] t=1317400977.634 corr=1527 lidar=ok rms=0.0613 time=62.12 ms | v=9.223 bg=0.00119 ba=0.50802
[tight-lio] t=1317400977.738 corr=1520 lidar=ok rms=0.0558 time=63.80 ms | v=9.310 bg=0.00127 ba=0.50673
[tight-lio] t=1317400977.842 corr=1468 lidar=ok rms=0.0509 time=65.87 ms | v=9.436 bg=0.00138 ba=0.50592
[tight-lio] t=1317400977.946 corr=1445 lidar=ok rms=0.0537 time=65.08 ms | v=9.538 bg=0.00148 ba=0.50468
[tight-lio] t=1317400978.050 corr=1562 lidar=ok rms=0.0478 time=66.10 ms | v=9.615 bg=0.00140 ba=0.50364
[tight-lio] t=1317400978.154 corr=1671 lidar=ok rms=0.0558 time=72.67 ms | v=9.674 bg=0.00126 ba=0.50304
[tight-lio] t=1317400978.258 corr=1594 lidar=ok rms=0.0638 time=63.67 ms | v=9.752 bg=0.00130 ba=0.50301
[tight-lio] t=1317400978.362 corr=1600 lidar=ok rms=0.0583 time=66.95 ms | v=9.826 bg=0.00132 ba=0.50256
[tight-lio] t=1317400978.465 corr=1767 lidar=ok rms=0.0684 time=72.94 ms | v=9.908 bg=0.00127 ba=0.50167
[tight-lio] t=1317400978.569 corr=1497 lidar=ok rms=0.0528 time=65.09 ms | v=9.996 bg=0.00148 ba=0.50081
[tight-lio] t=1317400978.673 corr=1582 lidar=ok rms=0.0567 time=66.94 ms | v=10.074 bg=0.00144 ba=0.49995
[tight-lio] t=1317400978.777 corr=1722 lidar=ok rms=0.0576 time=73.78 ms | v=10.129 bg=0.00119 ba=0.49991
[tight-lio] t=1317400978.881 corr=1929 lidar=ok rms=0.0602 time=77.54 ms | v=10.192 bg=0.00105 ba=0.49912
[tight-lio] t=1317400978.985 corr=1769 lidar=ok rms=0.0548 time=69.43 ms | v=10.271 bg=0.00108 ba=0.49849
[tight-lio] t=1317400979.089 corr=2020 lidar=ok rms=0.0557 time=72.91 ms | v=10.362 bg=0.00127 ba=0.49791
[tight-lio] t=1317400979.192 corr=1938 lidar=ok rms=0.0834 time=67.57 ms | v=10.423 bg=0.00142 ba=0.49817
[tight-lio] t=1317400979.296 corr=1711 lidar=ok rms=0.0507 time=68.21 ms | v=10.440 bg=0.00123 ba=0.49745
[tight-lio] t=1317400979.400 corr=1769 lidar=ok rms=0.0470 time=64.02 ms | v=10.442 bg=0.00109 ba=0.49716
[tight-lio] t=1317400979.504 corr=1683 lidar=ok rms=0.0556 time=66.81 ms | v=10.441 bg=0.00117 ba=0.49630
[tight-lio] t=1317400979.608 corr=1600 lidar=ok rms=0.0503 time=67.63 ms | v=10.440 bg=0.00116 ba=0.49607
[tight-lio] t=1317400979.712 corr=1681 lidar=ok rms=0.0560 time=68.88 ms | v=10.435 bg=0.00107 ba=0.49628
[tight-lio] t=1317400979.816 corr=1709 lidar=ok rms=0.0790 time=67.76 ms | v=10.431 bg=0.00098 ba=0.49556
[tight-lio] t=1317400979.920 corr=1896 lidar=ok rms=0.0531 time=69.08 ms | v=10.436 bg=0.00092 ba=0.49647
[tight-lio] t=1317400980.024 corr=1865 lidar=ok rms=0.0634 time=70.80 ms | v=10.453 bg=0.00099 ba=0.49786
[tight-lio] t=1317400980.128 corr=1830 lidar=ok rms=0.0536 time=69.72 ms | v=10.456 bg=0.00126 ba=0.49936
[tight-lio] t=1317400980.231 corr=1683 lidar=ok rms=0.0576 time=64.42 ms | v=10.456 bg=0.00139 ba=0.49980
[tight-lio] t=1317400980.335 corr=1555 lidar=ok rms=0.0544 time=63.85 ms | v=10.452 bg=0.00149 ba=0.49992
[tight-lio] t=1317400980.439 corr=1586 lidar=ok rms=0.0507 time=60.55 ms | v=10.456 bg=0.00151 ba=0.50155
[tight-lio] t=1317400980.543 corr=1626 lidar=ok rms=0.0502 time=62.46 ms | v=10.460 bg=0.00152 ba=0.50129
[tight-lio] t=1317400980.646 corr=1670 lidar=ok rms=0.0498 time=62.58 ms | v=10.444 bg=0.00141 ba=0.49939
[tight-lio] t=1317400980.750 corr=1661 lidar=ok rms=0.0504 time=70.46 ms | v=10.428 bg=0.00123 ba=0.49737
[tight-lio] t=1317400980.854 corr=1688 lidar=ok rms=0.0635 time=70.60 ms | v=10.431 bg=0.00123 ba=0.49563
[tight-lio] t=1317400980.958 corr=1825 lidar=ok rms=0.0489 time=69.52 ms | v=10.446 bg=0.00133 ba=0.49410
[tight-lio] t=1317400981.062 corr=1822 lidar=ok rms=0.0517 time=68.33 ms | v=10.449 bg=0.00137 ba=0.49268
[tight-lio] t=1317400981.165 corr=1779 lidar=ok rms=0.0450 time=66.04 ms | v=10.448 bg=0.00117 ba=0.49262
[tight-lio] t=1317400981.269 corr=1774 lidar=ok rms=0.0553 time=69.31 ms | v=10.445 bg=0.00110 ba=0.49356
[tight-lio] t=1317400981.373 corr=1620 lidar=ok rms=0.0433 time=63.56 ms | v=10.471 bg=0.00122 ba=0.49490
[tight-lio] t=1317400981.477 corr=1613 lidar=ok rms=0.0408 time=67.29 ms | v=10.500 bg=0.00136 ba=0.49602
[tight-lio] t=1317400981.580 corr=1655 lidar=ok rms=0.0471 time=63.68 ms | v=10.524 bg=0.00150 ba=0.49812
[tight-lio] t=1317400981.684 corr=1769 lidar=ok rms=0.0694 time=62.34 ms | v=10.536 bg=0.00160 ba=0.49829
[tight-lio] t=1317400981.788 corr=1682 lidar=ok rms=0.0391 time=66.22 ms | v=10.533 bg=0.00150 ba=0.49698
[tight-lio] t=1317400981.892 corr=1794 lidar=ok rms=0.0537 time=65.71 ms | v=10.528 bg=0.00119 ba=0.49655
[tight-lio] t=1317400981.995 corr=1750 lidar=ok rms=0.0493 time=64.25 ms | v=10.526 bg=0.00095 ba=0.49621
[tight-lio] t=1317400982.099 corr=1843 lidar=ok rms=0.0487 time=65.65 ms | v=10.547 bg=0.00104 ba=0.49689
[tight-lio] t=1317400982.203 corr=1903 lidar=ok rms=0.0594 time=74.51 ms | v=10.570 bg=0.00140 ba=0.49574
[tight-lio] t=1317400982.307 corr=1821 lidar=ok rms=0.0549 time=72.31 ms | v=10.591 bg=0.00157 ba=0.49529
[tight-lio] t=1317400982.411 corr=1951 lidar=ok rms=0.0520 time=68.32 ms | v=10.585 bg=0.00156 ba=0.49326
[tight-lio] t=1317400982.514 corr=1883 lidar=ok rms=0.0516 time=65.47 ms | v=10.567 bg=0.00165 ba=0.49248
[tight-lio] t=1317400982.618 corr=1896 lidar=ok rms=0.0459 time=68.82 ms | v=10.542 bg=0.00149 ba=0.49168
[tight-lio] t=1317400982.722 corr=1848 lidar=ok rms=0.0478 time=65.80 ms | v=10.514 bg=0.00125 ba=0.49290
[tight-lio] t=1317400982.826 corr=1921 lidar=ok rms=0.0476 time=65.62 ms | v=10.479 bg=0.00127 ba=0.49338
[tight-lio] t=1317400982.930 corr=1988 lidar=ok rms=0.0449 time=66.44 ms | v=10.467 bg=0.00131 ba=0.49461
[tight-lio] t=1317400983.033 corr=2105 lidar=ok rms=0.0453 time=68.00 ms | v=10.419 bg=0.00109 ba=0.49480
[tight-lio] t=1317400983.137 corr=1927 lidar=ok rms=0.0559 time=66.64 ms | v=10.369 bg=0.00077 ba=0.49615
[tight-lio] t=1317400983.241 corr=2031 lidar=ok rms=0.0538 time=67.01 ms | v=10.315 bg=0.00087 ba=0.49625
[tight-lio] t=1317400983.345 corr=2096 lidar=ok rms=0.0520 time=79.10 ms | v=10.303 bg=0.00129 ba=0.49596
[tight-lio] t=1317400983.449 corr=1950 lidar=ok rms=0.0657 time=68.60 ms | v=10.276 bg=0.00162 ba=0.49469
[tight-lio] t=1317400983.552 corr=1926 lidar=ok rms=0.0563 time=70.37 ms | v=10.254 bg=0.00168 ba=0.49388
[tight-lio] t=1317400983.656 corr=1834 lidar=ok rms=0.0521 time=68.87 ms | v=10.222 bg=0.00165 ba=0.49421
[tight-lio] t=1317400983.760 corr=1877 lidar=ok rms=0.0450 time=65.36 ms | v=10.192 bg=0.00153 ba=0.49454
[tight-lio] t=1317400983.864 corr=2043 lidar=ok rms=0.0493 time=71.45 ms | v=10.130 bg=0.00122 ba=0.49382
[tight-lio] t=1317400983.968 corr=1933 lidar=ok rms=0.0642 time=93.39 ms | v=10.058 bg=0.00074 ba=0.49535
[tight-lio] t=1317400984.071 corr=1947 lidar=ok rms=0.0588 time=65.75 ms | v=9.977 bg=0.00042 ba=0.49622
[tight-lio] t=1317400984.175 corr=2037 lidar=ok rms=0.0500 time=70.57 ms | v=9.934 bg=0.00076 ba=0.49584
[tight-lio] t=1317400984.279 corr=2122 lidar=ok rms=0.0502 time=67.30 ms | v=9.924 bg=0.00147 ba=0.49654
[tight-lio] t=1317400984.383 corr=2014 lidar=ok rms=0.0652 time=70.46 ms | v=9.925 bg=0.00185 ba=0.49798
[tight-lio] t=1317400984.487 corr=2006 lidar=ok rms=0.0494 time=65.78 ms | v=9.879 bg=0.00180 ba=0.49869
[tight-lio] t=1317400984.590 corr=2037 lidar=ok rms=0.0479 time=62.41 ms | v=9.834 bg=0.00168 ba=0.49868
[tight-lio] t=1317400984.694 corr=1981 lidar=ok rms=0.0586 time=66.85 ms | v=9.797 bg=0.00164 ba=0.49884
[tight-lio] t=1317400984.798 corr=2019 lidar=ok rms=0.0438 time=62.57 ms | v=9.759 bg=0.00153 ba=0.49907
[tight-lio] t=1317400984.902 corr=1982 lidar=ok rms=0.0726 time=62.84 ms | v=9.706 bg=0.00126 ba=0.49839
[tight-lio] t=1317400985.006 corr=2117 lidar=ok rms=0.0489 time=66.91 ms | v=9.660 bg=0.00104 ba=0.49894
[tight-lio] t=1317400985.110 corr=1954 lidar=ok rms=0.0446 time=64.48 ms | v=9.616 bg=0.00102 ba=0.49845
[tight-lio] t=1317400985.214 corr=1957 lidar=ok rms=0.0545 time=63.24 ms | v=9.563 bg=0.00105 ba=0.49813
[tight-lio] t=1317400985.317 corr=1862 lidar=ok rms=0.0556 time=61.41 ms | v=9.499 bg=0.00098 ba=0.49754
[tight-lio] t=1317400985.421 corr=1816 lidar=ok rms=0.0494 time=64.22 ms | v=9.433 bg=0.00109 ba=0.49752
[tight-lio] t=1317400985.525 corr=1820 lidar=ok rms=0.0482 time=65.22 ms | v=9.368 bg=0.00130 ba=0.49695
[tight-lio] t=1317400985.629 corr=1692 lidar=ok rms=0.0629 time=64.78 ms | v=9.298 bg=0.00163 ba=0.49741
[tight-lio] t=1317400985.733 corr=1921 lidar=ok rms=0.0543 time=65.36 ms | v=9.210 bg=0.00170 ba=0.49727
[tight-lio] t=1317400985.837 corr=2069 lidar=ok rms=0.0522 time=68.68 ms | v=9.078 bg=0.00166 ba=0.49743
[tight-lio] t=1317400985.941 corr=2030 lidar=ok rms=0.0490 time=67.53 ms | v=8.912 bg=0.00149 ba=0.49672
[tight-lio] t=1317400986.045 corr=2084 lidar=ok rms=0.0576 time=75.21 ms | v=8.722 bg=0.00125 ba=0.49535
[tight-lio] t=1317400986.149 corr=2081 lidar=ok rms=0.0589 time=67.55 ms | v=8.545 bg=0.00098 ba=0.49562
[tight-lio] t=1317400986.253 corr=1925 lidar=ok rms=0.0537 time=46.40 ms | v=8.384 bg=0.00085 ba=0.49598
[tight-lio] t=1317400986.356 corr=1928 lidar=ok rms=0.0664 time=63.66 ms | v=8.204 bg=0.00097 ba=0.49561
[tight-lio] t=1317400986.460 corr=1804 lidar=ok rms=0.0662 time=67.77 ms | v=8.012 bg=0.00110 ba=0.49564
[tight-lio] t=1317400986.564 corr=1757 lidar=ok rms=0.0613 time=57.73 ms | v=7.820 bg=0.00128 ba=0.49633
[tight-lio] t=1317400986.668 corr=1573 lidar=ok rms=0.0530 time=56.14 ms | v=7.615 bg=0.00144 ba=0.49615
[tight-lio] t=1317400986.772 corr=1578 lidar=ok rms=0.0442 time=48.00 ms | v=7.394 bg=0.00137 ba=0.49681
[tight-lio] t=1317400986.876 corr=1547 lidar=ok rms=0.0508 time=49.48 ms | v=7.113 bg=0.00122 ba=0.49702
[tight-lio] t=1317400986.980 corr=1427 lidar=ok rms=0.0523 time=48.45 ms | v=6.813 bg=0.00098 ba=0.49626
[tight-lio] t=1317400987.084 corr=1245 lidar=ok rms=0.0769 time=43.15 ms | v=6.518 bg=0.00102 ba=0.49657
[tight-lio] t=1317400987.188 corr=1337 lidar=ok rms=0.0559 time=51.98 ms | v=6.229 bg=0.00116 ba=0.49601
[tight-lio] t=1317400987.292 corr=1548 lidar=ok rms=0.0624 time=55.77 ms | v=5.928 bg=0.00125 ba=0.49641
[tight-lio] t=1317400987.396 corr=1371 lidar=ok rms=0.0575 time=53.53 ms | v=5.631 bg=0.00131 ba=0.49602
[tight-lio] t=1317400987.500 corr=1346 lidar=ok rms=0.0471 time=57.23 ms | v=5.362 bg=0.00125 ba=0.49584
[tight-lio] t=1317400987.604 corr=1606 lidar=ok rms=0.0899 time=58.83 ms | v=5.154 bg=0.00106 ba=0.49517
[tight-lio] t=1317400987.708 corr=1635 lidar=ok rms=0.0800 time=61.39 ms | v=5.040 bg=0.00106 ba=0.49378
[tight-lio] t=1317400987.812 corr=1742 lidar=ok rms=0.0610 time=45.02 ms | v=5.002 bg=0.00122 ba=0.49341
[tight-lio] t=1317400987.916 corr=1840 lidar=ok rms=0.0647 time=69.27 ms | v=4.989 bg=0.00143 ba=0.49272
[tight-lio] t=1317400988.020 corr=1873 lidar=ok rms=0.0596 time=51.57 ms | v=4.985 bg=0.00155 ba=0.49311
[tight-lio] t=1317400988.124 corr=1826 lidar=ok rms=0.0771 time=68.09 ms | v=4.969 bg=0.00145 ba=0.49428
[tight-lio] t=1317400988.228 corr=1932 lidar=ok rms=0.0476 time=69.35 ms | v=4.942 bg=0.00128 ba=0.49503
[tight-lio] t=1317400988.332 corr=1902 lidar=ok rms=0.0556 time=69.60 ms | v=4.905 bg=0.00107 ba=0.49654
[tight-lio] t=1317400988.437 corr=2127 lidar=ok rms=0.0499 time=72.88 ms | v=4.878 bg=0.00102 ba=0.49669
[tight-lio] t=1317400988.541 corr=2133 lidar=ok rms=0.0469 time=74.82 ms | v=4.859 bg=0.00112 ba=0.49853
[tight-lio] t=1317400988.645 corr=2274 lidar=ok rms=0.0440 time=76.70 ms | v=4.835 bg=0.00106 ba=0.49946
[tight-lio] t=1317400988.749 corr=2186 lidar=ok rms=0.0603 time=72.40 ms | v=4.814 bg=0.00110 ba=0.50000
[tight-lio] t=1317400988.853 corr=2196 lidar=ok rms=0.0440 time=75.92 ms | v=4.805 bg=0.00131 ba=0.50003
[tight-lio] t=1317400988.957 corr=2329 lidar=ok rms=0.0637 time=73.22 ms | v=4.799 bg=0.00138 ba=0.50114
[tight-lio] t=1317400989.061 corr=2218 lidar=ok rms=0.0681 time=74.58 ms | v=4.783 bg=0.00130 ba=0.50158
[tight-lio] t=1317400989.165 corr=2392 lidar=ok rms=0.0739 time=78.70 ms | v=4.755 bg=0.00122 ba=0.50151
[tight-lio] t=1317400989.269 corr=2540 lidar=ok rms=0.0457 time=81.92 ms | v=4.736 bg=0.00128 ba=0.50155
[tight-lio] t=1317400989.373 corr=2505 lidar=ok rms=0.0558 time=87.43 ms | v=4.714 bg=0.00122 ba=0.50187
[tight-lio] t=1317400989.477 corr=2560 lidar=ok rms=0.0425 time=81.80 ms | v=4.691 bg=0.00113 ba=0.50305
[tight-lio] t=1317400989.581 corr=2441 lidar=ok rms=0.0583 time=81.54 ms | v=4.657 bg=0.00100 ba=0.50418
[tight-lio] t=1317400989.685 corr=2590 lidar=ok rms=0.0612 time=84.06 ms | v=4.600 bg=0.00104 ba=0.50768
[tight-lio] t=1317400989.789 corr=2713 lidar=ok rms=0.0524 time=85.19 ms | v=4.519 bg=0.00113 ba=0.50869
[tight-lio] t=1317400989.893 corr=2759 lidar=ok rms=0.0627 time=86.63 ms | v=4.451 bg=0.00128 ba=0.51173
[tight-lio] t=1317400989.996 corr=2615 lidar=ok rms=0.0883 time=95.77 ms | v=4.387 bg=0.00137 ba=0.51547
[tight-lio] t=1317400990.100 corr=2539 lidar=ok rms=0.0862 time=109.48 ms | v=4.329 bg=0.00152 ba=0.52048
[tight-lio] t=1317400990.204 corr=2552 lidar=ok rms=0.1066 time=100.12 ms | v=4.274 bg=0.00177 ba=0.52574
[tight-lio] t=1317400990.307 corr=2632 lidar=ok rms=0.1366 time=111.33 ms | v=4.210 bg=0.00205 ba=0.52879
[tight-lio] t=1317400990.411 corr=2633 lidar=ok rms=0.0969 time=152.68 ms | v=4.119 bg=0.00226 ba=0.53121
[tight-lio] t=1317400990.515 corr=2566 lidar=ok rms=0.0989 time=125.40 ms | v=4.033 bg=0.00234 ba=0.53017
[tight-lio] t=1317400990.618 corr=2592 lidar=ok rms=0.0968 time=97.97 ms | v=3.949 bg=0.00232 ba=0.52882
[tight-lio] t=1317400990.722 corr=2525 lidar=ok rms=0.0858 time=94.54 ms | v=3.879 bg=0.00229 ba=0.52669
[tight-lio] t=1317400990.826 corr=2502 lidar=ok rms=0.1351 time=98.43 ms | v=3.812 bg=0.00235 ba=0.52424
[tight-lio] t=1317400990.929 corr=2451 lidar=ok rms=0.0911 time=96.68 ms | v=3.752 bg=0.00239 ba=0.52006
[tight-lio] t=1317400991.033 corr=2320 lidar=ok rms=0.1004 time=100.62 ms | v=3.718 bg=0.00234 ba=0.51993
[tight-lio] t=1317400991.137 corr=2356 lidar=ok rms=0.1076 time=91.17 ms | v=3.696 bg=0.00233 ba=0.51939
[tight-lio] t=1317400991.241 corr=2200 lidar=ok rms=0.1072 time=88.88 ms | v=3.753 bg=0.00219 ba=0.51840
[tight-lio] t=1317400991.345 corr=2342 lidar=ok rms=0.0819 time=94.30 ms | v=3.818 bg=0.00219 ba=0.51676
[tight-lio] t=1317400991.448 corr=2318 lidar=ok rms=0.0935 time=84.05 ms | v=3.898 bg=0.00220 ba=0.51577
[tight-lio] t=1317400991.552 corr=2233 lidar=ok rms=0.0945 time=91.76 ms | v=3.970 bg=0.00226 ba=0.51332
[tight-lio] t=1317400991.656 corr=2122 lidar=ok rms=0.0813 time=88.71 ms | v=4.032 bg=0.00221 ba=0.51136
[tight-lio] t=1317400991.760 corr=2265 lidar=ok rms=0.0923 time=87.74 ms | v=4.093 bg=0.00217 ba=0.50882
[tight-lio] t=1317400991.864 corr=2139 lidar=ok rms=0.1083 time=80.80 ms | v=4.161 bg=0.00212 ba=0.50594
[tight-lio] t=1317400991.968 corr=2161 lidar=ok rms=0.0722 time=85.25 ms | v=4.255 bg=0.00192 ba=0.50428
[tight-lio] t=1317400992.072 corr=2159 lidar=ok rms=0.0732 time=91.71 ms | v=4.364 bg=0.00173 ba=0.50146
[tight-lio] t=1317400992.175 corr=2119 lidar=ok rms=0.0927 time=97.47 ms | v=4.488 bg=0.00164 ba=0.50118
[tight-lio] t=1317400992.279 corr=2076 lidar=ok rms=0.0738 time=92.10 ms | v=4.617 bg=0.00164 ba=0.50097
[tight-lio] t=1317400992.384 corr=1960 lidar=ok rms=0.0963 time=98.57 ms | v=4.751 bg=0.00156 ba=0.50027
[tight-lio] t=1317400992.488 corr=1981 lidar=ok rms=0.0806 time=90.16 ms | v=4.878 bg=0.00124 ba=0.49860
[tight-lio] t=1317400992.592 corr=1973 lidar=ok rms=0.0730 time=90.96 ms | v=5.018 bg=0.00111 ba=0.49601
[tight-lio] t=1317400992.696 corr=1917 lidar=ok rms=0.0796 time=89.53 ms | v=5.154 bg=0.00113 ba=0.49230
[tight-lio] t=1317400992.800 corr=1938 lidar=ok rms=0.0661 time=86.85 ms | v=5.283 bg=0.00113 ba=0.48794
[tight-lio] t=1317400992.904 corr=1879 lidar=ok rms=0.0728 time=78.15 ms | v=5.460 bg=0.00108 ba=0.48890
[tight-lio] t=1317400993.009 corr=1788 lidar=ok rms=0.0657 time=76.55 ms | v=5.609 bg=0.00099 ba=0.48767
[tight-lio] t=1317400993.113 corr=1760 lidar=ok rms=0.0720 time=86.23 ms | v=5.789 bg=0.00086 ba=0.48936
[tight-lio] t=1317400993.217 corr=1990 lidar=ok rms=0.0759 time=85.82 ms | v=5.952 bg=0.00072 ba=0.48870
[tight-lio] t=1317400993.321 corr=1719 lidar=ok rms=0.0856 time=77.00 ms | v=6.111 bg=0.00064 ba=0.48873
[tight-lio] t=1317400993.425 corr=1933 lidar=ok rms=0.0687 time=81.39 ms | v=6.261 bg=0.00069 ba=0.48791
[tight-lio] t=1317400993.529 corr=1769 lidar=ok rms=0.0660 time=86.60 ms | v=6.394 bg=0.00083 ba=0.48387
[tight-lio] t=1317400993.633 corr=1839 lidar=ok rms=0.0682 time=92.40 ms | v=6.589 bg=0.00120 ba=0.48450
[tight-lio] t=1317400993.738 corr=1825 lidar=ok rms=0.0666 time=81.70 ms | v=6.780 bg=0.00140 ba=0.48411
[tight-lio] t=1317400993.842 corr=1802 lidar=ok rms=0.0565 time=78.48 ms | v=6.921 bg=0.00136 ba=0.48141
[tight-lio] t=1317400993.946 corr=1710 lidar=ok rms=0.0751 time=75.68 ms | v=7.063 bg=0.00142 ba=0.48023
[tight-lio] t=1317400994.050 corr=1882 lidar=ok rms=0.0553 time=77.57 ms | v=7.251 bg=0.00138 ba=0.48176
[tight-lio] t=1317400994.154 corr=1687 lidar=ok rms=0.0591 time=75.03 ms | v=7.391 bg=0.00136 ba=0.48178
[tight-lio] t=1317400994.259 corr=1789 lidar=ok rms=0.0544 time=75.27 ms | v=7.542 bg=0.00143 ba=0.48179
[tight-lio] t=1317400994.363 corr=1704 lidar=ok rms=0.0848 time=82.05 ms | v=7.663 bg=0.00135 ba=0.48031
[tight-lio] t=1317400994.467 corr=1620 lidar=ok rms=0.0504 time=72.07 ms | v=7.781 bg=0.00125 ba=0.48117
[tight-lio] t=1317400994.571 corr=1649 lidar=ok rms=0.0588 time=75.88 ms | v=7.881 bg=0.00115 ba=0.48118
[tight-lio] t=1317400994.675 corr=1571 lidar=ok rms=0.0846 time=75.84 ms | v=8.000 bg=0.00111 ba=0.48226
[tight-lio] t=1317400994.779 corr=1581 lidar=ok rms=0.0679 time=77.36 ms | v=8.120 bg=0.00131 ba=0.48190
[tight-lio] t=1317400994.883 corr=1533 lidar=ok rms=0.0805 time=74.97 ms | v=8.217 bg=0.00156 ba=0.48259
[tight-lio] t=1317400994.987 corr=1547 lidar=ok rms=0.0825 time=71.88 ms | v=8.258 bg=0.00143 ba=0.48200
[tight-lio] t=1317400995.091 corr=1554 lidar=ok rms=0.0641 time=78.48 ms | v=8.229 bg=0.00103 ba=0.48190
[tight-lio] t=1317400995.195 corr=1523 lidar=ok rms=0.0746 time=77.85 ms | v=8.195 bg=0.00079 ba=0.48205
[tight-lio] t=1317400995.299 corr=1515 lidar=ok rms=0.0854 time=68.03 ms | v=8.181 bg=0.00088 ba=0.48018
[tight-lio] t=1317400995.403 corr=1505 lidar=ok rms=0.0792 time=70.05 ms | v=8.197 bg=0.00115 ba=0.48029
[tight-lio] t=1317400995.507 corr=1403 lidar=ok rms=0.0765 time=71.69 ms | v=8.199 bg=0.00133 ba=0.48000
[tight-lio] t=1317400995.611 corr=1553 lidar=ok rms=0.0845 time=72.21 ms | v=8.171 bg=0.00122 ba=0.47984
[tight-lio] t=1317400995.715 corr=1412 lidar=ok rms=0.0787 time=66.95 ms | v=8.149 bg=0.00113 ba=0.47977
[tight-lio] t=1317400995.819 corr=1463 lidar=ok rms=0.0585 time=67.59 ms | v=8.113 bg=0.00106 ba=0.47892
[tight-lio] t=1317400995.923 corr=1412 lidar=ok rms=0.0574 time=67.45 ms | v=8.060 bg=0.00098 ba=0.47833
[tight-lio] t=1317400996.027 corr=1515 lidar=ok rms=0.0650 time=68.00 ms | v=8.003 bg=0.00084 ba=0.47685
[tight-lio] t=1317400996.131 corr=1588 lidar=ok rms=0.0574 time=73.47 ms | v=7.955 bg=0.00088 ba=0.47636
[tight-lio] t=1317400996.235 corr=1484 lidar=ok rms=0.0696 time=66.32 ms | v=7.931 bg=0.00113 ba=0.47665
[tight-lio] t=1317400996.339 corr=1395 lidar=ok rms=0.0506 time=70.34 ms | v=7.892 bg=0.00142 ba=0.47613
[tight-lio] t=1317400996.443 corr=1340 lidar=ok rms=0.0576 time=65.01 ms | v=7.838 bg=0.00148 ba=0.47594
[tight-lio] t=1317400996.547 corr=1453 lidar=ok rms=0.0671 time=67.60 ms | v=7.725 bg=0.00132 ba=0.47567
[tight-lio] t=1317400996.651 corr=1407 lidar=ok rms=0.0583 time=67.67 ms | v=7.576 bg=0.00115 ba=0.47471
[tight-lio] t=1317400996.755 corr=1486 lidar=ok rms=0.0711 time=72.66 ms | v=7.400 bg=0.00090 ba=0.47465
[tight-lio] t=1317400996.859 corr=1442 lidar=ok rms=0.0545 time=65.96 ms | v=7.195 bg=0.00081 ba=0.47408
[tight-lio] t=1317400996.963 corr=1657 lidar=ok rms=0.0523 time=69.74 ms | v=6.997 bg=0.00079 ba=0.47315
[tight-lio] t=1317400997.067 corr=1599 lidar=ok rms=0.0602 time=73.53 ms | v=6.796 bg=0.00100 ba=0.47294
[tight-lio] t=1317400997.171 corr=1636 lidar=ok rms=0.0496 time=71.77 ms | v=6.574 bg=0.00125 ba=0.47132
[tight-lio] t=1317400997.275 corr=1550 lidar=ok rms=0.0472 time=84.11 ms | v=6.324 bg=0.00142 ba=0.47055
[tight-lio] t=1317400997.379 corr=1812 lidar=ok rms=0.0492 time=107.89 ms | v=6.026 bg=0.00135 ba=0.46892
[tight-lio] t=1317400997.483 corr=1864 lidar=ok rms=0.0570 time=77.04 ms | v=5.724 bg=0.00124 ba=0.46786
[tight-lio] t=1317400997.587 corr=1926 lidar=ok rms=0.0664 time=75.51 ms | v=5.433 bg=0.00121 ba=0.46687
[tight-lio] t=1317400997.691 corr=1864 lidar=ok rms=0.0651 time=75.23 ms | v=5.130 bg=0.00107 ba=0.46720
[tight-lio] t=1317400997.795 corr=2130 lidar=ok rms=0.0580 time=84.58 ms | v=4.837 bg=0.00099 ba=0.46758
[tight-lio] t=1317400997.899 corr=2113 lidar=ok rms=0.0504 time=82.30 ms | v=4.551 bg=0.00105 ba=0.46697
[tight-lio] t=1317400998.003 corr=2183 lidar=ok rms=0.0477 time=87.18 ms | v=4.325 bg=0.00114 ba=0.46722
[tight-lio] t=1317400998.107 corr=2236 lidar=ok rms=0.0626 time=84.80 ms | v=4.115 bg=0.00112 ba=0.46708
[tight-lio] t=1317400998.211 corr=2139 lidar=ok rms=0.0473 time=78.08 ms | v=3.904 bg=0.00121 ba=0.46788
[tight-lio] t=1317400998.315 corr=2278 lidar=ok rms=0.0533 time=90.62 ms | v=3.710 bg=0.00124 ba=0.46801
[tight-lio] t=1317400998.418 corr=2186 lidar=ok rms=0.0450 time=81.92 ms | v=3.518 bg=0.00118 ba=0.46869
[tight-lio] t=1317400998.522 corr=2195 lidar=ok rms=0.0573 time=81.97 ms | v=3.348 bg=0.00113 ba=0.47048
[tight-lio] t=1317400998.626 corr=2323 lidar=ok rms=0.0390 time=81.36 ms | v=3.183 bg=0.00103 ba=0.47079
[tight-lio] t=1317400998.730 corr=2217 lidar=ok rms=0.0388 time=81.28 ms | v=3.083 bg=0.00095 ba=0.47059
[tight-lio] t=1317400998.834 corr=2292 lidar=ok rms=0.0401 time=84.36 ms | v=3.049 bg=0.00096 ba=0.47093
[tight-lio] t=1317400998.938 corr=2397 lidar=ok rms=0.0470 time=84.43 ms | v=3.032 bg=0.00103 ba=0.47177
[tight-lio] t=1317400999.042 corr=2334 lidar=ok rms=0.0394 time=82.15 ms | v=3.012 bg=0.00111 ba=0.47254
[tight-lio] t=1317400999.146 corr=2465 lidar=ok rms=0.0401 time=86.77 ms | v=3.019 bg=0.00109 ba=0.47476
[tight-lio] t=1317400999.250 corr=2342 lidar=ok rms=0.0408 time=84.80 ms | v=3.018 bg=0.00107 ba=0.47503
[tight-lio] t=1317400999.354 corr=2320 lidar=ok rms=0.0401 time=85.65 ms | v=2.997 bg=0.00100 ba=0.47482
[tight-lio] t=1317400999.457 corr=2386 lidar=ok rms=0.0475 time=85.63 ms | v=2.966 bg=0.00090 ba=0.47525
[tight-lio] t=1317400999.561 corr=2340 lidar=ok rms=0.0513 time=84.61 ms | v=2.943 bg=0.00089 ba=0.47543
[tight-lio] t=1317400999.665 corr=2346 lidar=ok rms=0.0373 time=88.22 ms | v=2.931 bg=0.00093 ba=0.47603
[tight-lio] t=1317400999.769 corr=2350 lidar=ok rms=0.0434 time=84.17 ms | v=2.923 bg=0.00093 ba=0.47668
[tight-lio] t=1317400999.873 corr=2455 lidar=ok rms=0.0445 time=78.05 ms | v=2.923 bg=0.00093 ba=0.47728
[tight-lio] t=1317400999.977 corr=2435 lidar=ok rms=0.0548 time=84.48 ms | v=2.942 bg=0.00082 ba=0.47717
[tight-lio] t=1317401000.080 corr=2471 lidar=ok rms=0.0474 time=86.08 ms | v=2.983 bg=0.00069 ba=0.47700
[tight-lio] t=1317401000.184 corr=2293 lidar=ok rms=0.0498 time=83.26 ms | v=3.062 bg=0.00063 ba=0.47774
[tight-lio] t=1317401000.288 corr=2469 lidar=ok rms=0.0446 time=84.82 ms | v=3.178 bg=0.00080 ba=0.47901
[tight-lio] t=1317401000.392 corr=2370 lidar=ok rms=0.0439 time=86.71 ms | v=3.333 bg=0.00104 ba=0.48019
[tight-lio] t=1317401000.495 corr=2381 lidar=ok rms=0.0663 time=83.13 ms | v=3.496 bg=0.00117 ba=0.48102
[tight-lio] t=1317401000.599 corr=2395 lidar=ok rms=0.0413 time=64.49 ms | v=3.639 bg=0.00106 ba=0.48068
[tight-lio] t=1317401000.703 corr=2363 lidar=ok rms=0.0461 time=62.90 ms | v=3.777 bg=0.00095 ba=0.48000
[tight-lio] t=1317401000.807 corr=2441 lidar=ok rms=0.0502 time=91.26 ms | v=3.946 bg=0.00099 ba=0.48138
[tight-lio] t=1317401000.910 corr=2478 lidar=ok rms=0.0457 time=91.13 ms | v=4.122 bg=0.00107 ba=0.48193
[tight-lio] t=1317401001.014 corr=2446 lidar=ok rms=0.0423 time=84.83 ms | v=4.300 bg=0.00104 ba=0.48165
[tight-lio] t=1317401001.118 corr=2410 lidar=ok rms=0.0518 time=84.13 ms | v=4.478 bg=0.00095 ba=0.48141
[tight-lio] t=1317401001.222 corr=2534 lidar=ok rms=0.0409 time=65.71 ms | v=4.661 bg=0.00093 ba=0.48053
[tight-lio] t=1317401001.325 corr=2392 lidar=ok rms=0.0534 time=84.86 ms | v=4.855 bg=0.00098 ba=0.48119
[tight-lio] t=1317401001.429 corr=2546 lidar=ok rms=0.0523 time=90.30 ms | v=5.034 bg=0.00081 ba=0.48132
[tight-lio] t=1317401001.533 corr=2678 lidar=ok rms=0.0458 time=69.22 ms | v=5.213 bg=0.00074 ba=0.48043
[tight-lio] t=1317401001.637 corr=2485 lidar=ok rms=0.0439 time=60.41 ms | v=5.411 bg=0.00073 ba=0.47992
[tight-lio] t=1317401001.741 corr=2617 lidar=ok rms=0.0527 time=85.39 ms | v=5.615 bg=0.00075 ba=0.47911
[tight-lio] t=1317401001.845 corr=2593 lidar=ok rms=0.0478 time=85.59 ms | v=5.810 bg=0.00090 ba=0.47869
[tight-lio] t=1317401001.949 corr=2715 lidar=ok rms=0.0487 time=86.40 ms | v=6.017 bg=0.00106 ba=0.47896
[tight-lio] t=1317401002.053 corr=2501 lidar=ok rms=0.0576 time=83.74 ms | v=6.192 bg=0.00093 ba=0.47848
[tight-lio] t=1317401002.157 corr=2682 lidar=ok rms=0.0673 time=87.10 ms | v=6.379 bg=0.00077 ba=0.47953
[tight-lio] t=1317401002.261 corr=2640 lidar=ok rms=0.0564 time=79.11 ms | v=6.575 bg=0.00086 ba=0.47918
[tight-lio] t=1317401002.365 corr=2522 lidar=ok rms=0.0463 time=83.27 ms | v=6.767 bg=0.00109 ba=0.47843
[tight-lio] t=1317401002.469 corr=2239 lidar=ok rms=0.0542 time=80.02 ms | v=6.981 bg=0.00138 ba=0.47918
[tight-lio] t=1317401002.573 corr=2274 lidar=ok rms=0.1054 time=78.86 ms | v=7.160 bg=0.00129 ba=0.47826
[tight-lio] t=1317401002.676 corr=2121 lidar=ok rms=0.0630 time=76.18 ms | v=7.310 bg=0.00097 ba=0.47648
[tight-lio] t=1317401002.780 corr=2140 lidar=ok rms=0.0854 time=75.88 ms | v=7.452 bg=0.00080 ba=0.47478
[tight-lio] t=1317401002.884 corr=2059 lidar=ok rms=0.0511 time=73.45 ms | v=7.632 bg=0.00084 ba=0.47434
[tight-lio] t=1317401002.988 corr=2013 lidar=ok rms=0.0493 time=68.81 ms | v=7.808 bg=0.00090 ba=0.47324
[tight-lio] t=1317401003.092 corr=1959 lidar=ok rms=0.0597 time=69.95 ms | v=7.942 bg=0.00087 ba=0.47083
[tight-lio] t=1317401003.196 corr=1882 lidar=ok rms=0.0472 time=65.98 ms | v=8.089 bg=0.00077 ba=0.47137
[tight-lio] t=1317401003.300 corr=1794 lidar=ok rms=0.0703 time=66.87 ms | v=8.231 bg=0.00089 ba=0.47126
[tight-lio] t=1317401003.404 corr=1680 lidar=ok rms=0.0533 time=68.65 ms | v=8.366 bg=0.00124 ba=0.47105
[tight-lio] t=1317401003.508 corr=1710 lidar=ok rms=0.0617 time=65.89 ms | v=8.471 bg=0.00124 ba=0.46954
[tight-lio] t=1317401003.612 corr=1716 lidar=ok rms=0.0509 time=65.68 ms | v=8.595 bg=0.00100 ba=0.46900
[tight-lio] t=1317401003.716 corr=1605 lidar=ok rms=0.0531 time=65.77 ms | v=8.722 bg=0.00087 ba=0.46869
[tight-lio] t=1317401003.820 corr=1420 lidar=ok rms=0.0426 time=64.16 ms | v=8.869 bg=0.00087 ba=0.46891
[tight-lio] t=1317401003.924 corr=1469 lidar=ok rms=0.0551 time=62.45 ms | v=9.023 bg=0.00078 ba=0.46946
[tight-lio] t=1317401004.028 corr=1418 lidar=ok rms=0.0854 time=73.43 ms | v=9.167 bg=0.00086 ba=0.46965
[tight-lio] t=1317401004.132 corr=1442 lidar=ok rms=0.0557 time=62.57 ms | v=9.305 bg=0.00102 ba=0.46979
[tight-lio] t=1317401004.236 corr=1654 lidar=ok rms=0.0661 time=64.53 ms | v=9.431 bg=0.00107 ba=0.46996
[tight-lio] t=1317401004.339 corr=1558 lidar=ok rms=0.0566 time=64.91 ms | v=9.526 bg=0.00078 ba=0.46926
[tight-lio] t=1317401004.443 corr=1691 lidar=ok rms=0.0494 time=66.29 ms | v=9.598 bg=0.00064 ba=0.46754
[tight-lio] t=1317401004.547 corr=1640 lidar=ok rms=0.0644 time=65.50 ms | v=9.691 bg=0.00085 ba=0.46710
[tight-lio] t=1317401004.651 corr=1553 lidar=ok rms=0.0427 time=66.27 ms | v=9.767 bg=0.00106 ba=0.46594
[tight-lio] t=1317401004.755 corr=1713 lidar=ok rms=0.0573 time=48.86 ms | v=9.842 bg=0.00110 ba=0.46552
[tight-lio] t=1317401004.859 corr=1718 lidar=ok rms=0.0792 time=68.23 ms | v=9.902 bg=0.00120 ba=0.46543
[tight-lio] t=1317401004.962 corr=1909 lidar=ok rms=0.0872 time=71.86 ms | v=9.895 bg=0.00104 ba=0.46357
[tight-lio] t=1317401005.066 corr=1774 lidar=ok rms=0.0566 time=48.65 ms | v=9.874 bg=0.00077 ba=0.46352
[tight-lio] t=1317401005.170 corr=1750 lidar=ok rms=0.0432 time=66.17 ms | v=9.851 bg=0.00074 ba=0.46267
[tight-lio] t=1317401005.274 corr=1797 lidar=ok rms=0.0492 time=67.55 ms | v=9.853 bg=0.00090 ba=0.46310
[tight-lio] t=1317401005.378 corr=1791 lidar=ok rms=0.0440 time=68.39 ms | v=9.858 bg=0.00106 ba=0.46226
[tight-lio] t=1317401005.481 corr=1801 lidar=ok rms=0.0665 time=69.72 ms | v=9.840 bg=0.00111 ba=0.46072
[tight-lio] t=1317401005.585 corr=2042 lidar=ok rms=0.0790 time=72.02 ms | v=9.840 bg=0.00108 ba=0.46007
[tight-lio] t=1317401005.689 corr=1916 lidar=ok rms=0.0497 time=70.95 ms | v=9.834 bg=0.00119 ba=0.45874
[tight-lio] t=1317401005.793 corr=1906 lidar=ok rms=0.0533 time=71.78 ms | v=9.810 bg=0.00115 ba=0.45645
[tight-lio] t=1317401005.897 corr=1851 lidar=ok rms=0.0475 time=69.13 ms | v=9.771 bg=0.00078 ba=0.45548
[tight-lio] t=1317401006.000 corr=1872 lidar=ok rms=0.0596 time=70.18 ms | v=9.721 bg=0.00055 ba=0.45395
[tight-lio] t=1317401006.104 corr=1893 lidar=ok rms=0.0479 time=72.61 ms | v=9.712 bg=0.00075 ba=0.45388
[tight-lio] t=1317401006.208 corr=1913 lidar=ok rms=0.0719 time=70.73 ms | v=9.704 bg=0.00081 ba=0.45416
[tight-lio] t=1317401006.312 corr=1927 lidar=ok rms=0.0408 time=67.43 ms | v=9.686 bg=0.00086 ba=0.45426
[tight-lio] t=1317401006.415 corr=1803 lidar=ok rms=0.0405 time=64.47 ms | v=9.650 bg=0.00095 ba=0.45365
[tight-lio] t=1317401006.519 corr=1892 lidar=ok rms=0.0449 time=68.21 ms | v=9.633 bg=0.00106 ba=0.45377
[tight-lio] t=1317401006.623 corr=1980 lidar=ok rms=0.0357 time=69.70 ms | v=9.611 bg=0.00108 ba=0.45381
[tight-lio] t=1317401006.727 corr=2021 lidar=ok rms=0.0411 time=64.98 ms | v=9.580 bg=0.00109 ba=0.45243
[tight-lio] t=1317401006.831 corr=1895 lidar=ok rms=0.0553 time=65.66 ms | v=9.542 bg=0.00109 ba=0.45115
[tight-lio] t=1317401006.934 corr=2012 lidar=ok rms=0.0507 time=57.41 ms | v=9.533 bg=0.00107 ba=0.45219
[tight-lio] t=1317401007.038 corr=2023 lidar=ok rms=0.0737 time=69.50 ms | v=9.514 bg=0.00097 ba=0.45262
[tight-lio] t=1317401007.142 corr=1987 lidar=ok rms=0.0470 time=67.80 ms | v=9.460 bg=0.00076 ba=0.45082
[tight-lio] t=1317401007.246 corr=1915 lidar=ok rms=0.0616 time=67.81 ms | v=9.408 bg=0.00081 ba=0.44885
[tight-lio] t=1317401007.350 corr=1948 lidar=ok rms=0.0579 time=67.68 ms | v=9.381 bg=0.00093 ba=0.44779
[tight-lio] t=1317401007.453 corr=1788 lidar=ok rms=0.0736 time=69.05 ms | v=9.353 bg=0.00112 ba=0.44657
[tight-lio] t=1317401007.557 corr=1737 lidar=ok rms=0.0466 time=65.07 ms | v=9.325 bg=0.00115 ba=0.44565
[tight-lio] t=1317401007.661 corr=1693 lidar=ok rms=0.0571 time=68.24 ms | v=9.330 bg=0.00117 ba=0.44669
[tight-lio] t=1317401007.765 corr=1879 lidar=ok rms=0.0642 time=65.97 ms | v=9.314 bg=0.00118 ba=0.44636
[tight-lio] t=1317401007.869 corr=1705 lidar=ok rms=0.0677 time=65.38 ms | v=9.282 bg=0.00099 ba=0.44661
[tight-lio] t=1317401007.972 corr=1719 lidar=ok rms=0.0985 time=49.69 ms | v=9.245 bg=0.00079 ba=0.44613
[tight-lio] t=1317401008.076 corr=1720 lidar=ok rms=0.1080 time=64.39 ms | v=9.204 bg=0.00075 ba=0.44487
[tight-lio] t=1317401008.180 corr=1745 lidar=ok rms=0.0442 time=62.23 ms | v=9.190 bg=0.00095 ba=0.44431
[tight-lio] t=1317401008.284 corr=1609 lidar=ok rms=0.0471 time=58.47 ms | v=9.179 bg=0.00114 ba=0.44400
[tight-lio] t=1317401008.388 corr=1681 lidar=ok rms=0.0684 time=64.40 ms | v=9.173 bg=0.00132 ba=0.44353
[tight-lio] t=1317401008.492 corr=1648 lidar=ok rms=0.0984 time=62.35 ms | v=9.157 bg=0.00117 ba=0.44433
[tight-lio] t=1317401008.596 corr=1605 lidar=ok rms=0.0508 time=59.62 ms | v=9.137 bg=0.00104 ba=0.44371
[tight-lio] t=1317401008.699 corr=1564 lidar=ok rms=0.0525 time=61.74 ms | v=9.132 bg=0.00109 ba=0.44303
[tight-lio] t=1317401008.803 corr=1605 lidar=ok rms=0.0430 time=66.17 ms | v=9.118 bg=0.00104 ba=0.44177
[tight-lio] t=1317401008.907 corr=1502 lidar=ok rms=0.0499 time=64.08 ms | v=9.105 bg=0.00094 ba=0.44058
[tight-lio] t=1317401009.011 corr=1590 lidar=ok rms=0.0505 time=49.31 ms | v=9.104 bg=0.00091 ba=0.44020
[tight-lio] t=1317401009.115 corr=1519 lidar=ok rms=0.0807 time=69.20 ms | v=9.135 bg=0.00111 ba=0.44100
[tight-lio] t=1317401009.218 corr=1475 lidar=ok rms=0.0585 time=44.81 ms | v=9.145 bg=0.00119 ba=0.44051
[tight-lio] t=1317401009.322 corr=1422 lidar=ok rms=0.0464 time=62.99 ms | v=9.154 bg=0.00117 ba=0.44067
[tight-lio] t=1317401009.426 corr=1467 lidar=ok rms=0.0681 time=60.59 ms | v=9.166 bg=0.00107 ba=0.44073
[tight-lio] t=1317401009.530 corr=1460 lidar=ok rms=0.0627 time=61.23 ms | v=9.184 bg=0.00109 ba=0.44050
[tight-lio] t=1317401009.633 corr=1361 lidar=ok rms=0.0612 time=59.40 ms | v=9.182 bg=0.00100 ba=0.43985
[tight-lio] t=1317401009.737 corr=1334 lidar=ok rms=0.0552 time=43.73 ms | v=9.180 bg=0.00088 ba=0.43955
[tight-lio] t=1317401009.841 corr=1259 lidar=ok rms=0.0524 time=61.51 ms | v=9.166 bg=0.00096 ba=0.43783
[tight-lio] t=1317401009.945 corr=1232 lidar=ok rms=0.0844 time=59.87 ms | v=9.159 bg=0.00114 ba=0.43706
[tight-lio] t=1317401010.049 corr=1325 lidar=ok rms=0.0562 time=61.58 ms | v=9.134 bg=0.00114 ba=0.43638
[tight-lio] t=1317401010.153 corr=1344 lidar=ok rms=0.0633 time=63.15 ms | v=9.101 bg=0.00103 ba=0.43523
[tight-lio] t=1317401010.257 corr=1412 lidar=ok rms=0.0501 time=62.89 ms | v=9.073 bg=0.00099 ba=0.43425
[tight-lio] t=1317401010.360 corr=1335 lidar=ok rms=0.0477 time=63.05 ms | v=9.042 bg=0.00092 ba=0.43342
[tight-lio] t=1317401010.464 corr=1289 lidar=ok rms=0.0788 time=63.85 ms | v=9.004 bg=0.00088 ba=0.43251
[tight-lio] t=1317401010.568 corr=1346 lidar=ok rms=0.0853 time=64.74 ms | v=8.982 bg=0.00095 ba=0.43308
[tight-lio] t=1317401010.672 corr=1261 lidar=ok rms=0.0476 time=63.03 ms | v=8.943 bg=0.00115 ba=0.43219
[tight-lio] t=1317401010.776 corr=1220 lidar=ok rms=0.0618 time=61.15 ms | v=8.879 bg=0.00127 ba=0.43042
[tight-lio] t=1317401010.880 corr=1302 lidar=ok rms=0.0572 time=61.51 ms | v=8.787 bg=0.00112 ba=0.42962
[tight-lio] t=1317401010.983 corr=1259 lidar=ok rms=0.0537 time=62.75 ms | v=8.666 bg=0.00102 ba=0.42886
[tight-lio] t=1317401011.087 corr=1370 lidar=ok rms=0.0558 time=62.80 ms | v=8.524 bg=0.00101 ba=0.42763
[tight-lio] t=1317401011.191 corr=1420 lidar=ok rms=0.0572 time=66.14 ms | v=8.370 bg=0.00103 ba=0.42723
[tight-lio] t=1317401011.295 corr=1465 lidar=ok rms=0.0487 time=65.07 ms | v=8.202 bg=0.00113 ba=0.42626
[tight-lio] t=1317401011.399 corr=1467 lidar=ok rms=0.0841 time=66.94 ms | v=8.041 bg=0.00122 ba=0.42646
[tight-lio] t=1317401011.502 corr=1442 lidar=ok rms=0.0411 time=62.50 ms | v=7.855 bg=0.00123 ba=0.42638
[tight-lio] t=1317401011.606 corr=1601 lidar=ok rms=0.0547 time=70.55 ms | v=7.646 bg=0.00110 ba=0.42533
[tight-lio] t=1317401011.710 corr=1607 lidar=ok rms=0.0471 time=69.52 ms | v=7.427 bg=0.00086 ba=0.42556
[tight-lio] t=1317401011.814 corr=1725 lidar=ok rms=0.0630 time=69.95 ms | v=7.215 bg=0.00091 ba=0.42558
[tight-lio] t=1317401011.918 corr=1831 lidar=ok rms=0.0573 time=51.40 ms | v=7.001 bg=0.00110 ba=0.42562
[tight-lio] t=1317401012.021 corr=1606 lidar=ok rms=0.0496 time=68.90 ms | v=6.771 bg=0.00120 ba=0.42430
[tight-lio] t=1317401012.125 corr=1673 lidar=ok rms=0.0460 time=73.26 ms | v=6.563 bg=0.00114 ba=0.42214
[tight-lio] t=1317401012.229 corr=1711 lidar=ok rms=0.0670 time=50.56 ms | v=6.416 bg=0.00107 ba=0.41967
[tight-lio] t=1317401012.333 corr=1718 lidar=ok rms=0.0664 time=78.91 ms | v=6.316 bg=0.00108 ba=0.41737
[tight-lio] t=1317401012.437 corr=1760 lidar=ok rms=0.0652 time=74.36 ms | v=6.221 bg=0.00125 ba=0.41371
[tight-lio] t=1317401012.542 corr=1727 lidar=ok rms=0.0643 time=82.55 ms | v=6.120 bg=0.00154 ba=0.41207
[tight-lio] t=1317401012.646 corr=1647 lidar=ok rms=0.0832 time=97.66 ms | v=6.009 bg=0.00163 ba=0.40889
[tight-lio] t=1317401012.750 corr=1723 lidar=ok rms=0.0689 time=74.68 ms | v=5.888 bg=0.00169 ba=0.40668
[tight-lio] t=1317401012.854 corr=1698 lidar=ok rms=0.1101 time=81.91 ms | v=5.746 bg=0.00176 ba=0.40564
[tight-lio] t=1317401012.959 corr=1917 lidar=ok rms=0.0712 time=99.38 ms | v=5.560 bg=0.00198 ba=0.40364
[tight-lio] t=1317401013.063 corr=1899 lidar=ok rms=0.0888 time=89.13 ms | v=5.376 bg=0.00205 ba=0.40285
[tight-lio] t=1317401013.167 corr=1898 lidar=ok rms=0.0628 time=82.07 ms | v=5.189 bg=0.00200 ba=0.40300
[tight-lio] t=1317401013.271 corr=1833 lidar=ok rms=0.0577 time=80.15 ms | v=5.060 bg=0.00200 ba=0.40096
[tight-lio] t=1317401013.375 corr=1836 lidar=ok rms=0.0604 time=81.20 ms | v=5.039 bg=0.00208 ba=0.40239
[tight-lio] t=1317401013.479 corr=1810 lidar=ok rms=0.0552 time=89.45 ms | v=5.058 bg=0.00197 ba=0.40406
[tight-lio] t=1317401013.583 corr=1797 lidar=ok rms=0.0426 time=84.82 ms | v=5.063 bg=0.00170 ba=0.40452
[tight-lio] t=1317401013.687 corr=1944 lidar=ok rms=0.0513 time=86.17 ms | v=5.060 bg=0.00156 ba=0.40547
[tight-lio] t=1317401013.791 corr=2033 lidar=ok rms=0.0828 time=94.20 ms | v=5.041 bg=0.00144 ba=0.40512
[tight-lio] t=1317401013.895 corr=2015 lidar=ok rms=0.0651 time=90.80 ms | v=5.014 bg=0.00127 ba=0.40678
[tight-lio] t=1317401013.999 corr=1979 lidar=ok rms=0.0530 time=93.49 ms | v=4.976 bg=0.00115 ba=0.40723
[tight-lio] t=1317401014.102 corr=1772 lidar=ok rms=0.0535 time=82.03 ms | v=4.949 bg=0.00128 ba=0.40863
[tight-lio] t=1317401014.206 corr=2015 lidar=ok rms=0.0586 time=86.76 ms | v=4.933 bg=0.00142 ba=0.40911
[tight-lio] t=1317401014.310 corr=1888 lidar=ok rms=0.0464 time=84.73 ms | v=4.933 bg=0.00150 ba=0.40986
[tight-lio] t=1317401014.413 corr=1980 lidar=ok rms=0.0493 time=88.98 ms | v=4.946 bg=0.00139 ba=0.40985
[tight-lio] t=1317401014.517 corr=1952 lidar=ok rms=0.0574 time=79.48 ms | v=4.977 bg=0.00138 ba=0.40906
[tight-lio] t=1317401014.621 corr=1916 lidar=ok rms=0.0454 time=78.87 ms | v=5.028 bg=0.00136 ba=0.40849
[tight-lio] t=1317401014.725 corr=1950 lidar=ok rms=0.0561 time=89.44 ms | v=5.080 bg=0.00133 ba=0.40841
[tight-lio] t=1317401014.828 corr=1979 lidar=ok rms=0.0444 time=79.97 ms | v=5.152 bg=0.00141 ba=0.40904
[tight-lio] t=1317401014.932 corr=1892 lidar=ok rms=0.0561 time=77.51 ms | v=5.214 bg=0.00138 ba=0.40945
[tight-lio] t=1317401015.036 corr=2038 lidar=ok rms=0.0600 time=80.34 ms | v=5.276 bg=0.00131 ba=0.40911
[tight-lio] t=1317401015.139 corr=2001 lidar=ok rms=0.0513 time=72.66 ms | v=5.363 bg=0.00133 ba=0.40867
[tight-lio] t=1317401015.243 corr=1956 lidar=ok rms=0.0584 time=82.98 ms | v=5.448 bg=0.00134 ba=0.40821
[tight-lio] t=1317401015.347 corr=1925 lidar=ok rms=0.0625 time=77.36 ms | v=5.557 bg=0.00137 ba=0.40840
[tight-lio] t=1317401015.451 corr=1954 lidar=ok rms=0.0581 time=84.75 ms | v=5.659 bg=0.00147 ba=0.40860
[tight-lio] t=1317401015.554 corr=2026 lidar=ok rms=0.0867 time=88.28 ms | v=5.758 bg=0.00134 ba=0.40919
[tight-lio] t=1317401015.658 corr=2142 lidar=ok rms=0.0721 time=84.68 ms | v=5.866 bg=0.00134 ba=0.40693
[tight-lio] t=1317401015.762 corr=2138 lidar=ok rms=0.0716 time=85.69 ms | v=5.963 bg=0.00126 ba=0.40653
[tight-lio] t=1317401015.866 corr=2047 lidar=ok rms=0.0494 time=81.70 ms | v=6.066 bg=0.00130 ba=0.40467
[tight-lio] t=1317401015.969 corr=2085 lidar=ok rms=0.0618 time=89.16 ms | v=6.168 bg=0.00133 ba=0.40138
[tight-lio] t=1317401016.073 corr=2099 lidar=ok rms=0.0507 time=82.87 ms | v=6.289 bg=0.00129 ba=0.39995
[tight-lio] t=1317401016.177 corr=2157 lidar=ok rms=0.0588 time=94.34 ms | v=6.382 bg=0.00123 ba=0.39764
[tight-lio] t=1317401016.281 corr=2179 lidar=ok rms=0.0656 time=82.05 ms | v=6.505 bg=0.00124 ba=0.39615
[tight-lio] t=1317401016.385 corr=2067 lidar=ok rms=0.0513 time=80.24 ms | v=6.634 bg=0.00118 ba=0.39648
[tight-lio] t=1317401016.489 corr=2109 lidar=ok rms=0.0453 time=86.34 ms | v=6.747 bg=0.00112 ba=0.39586
[tight-lio] t=1317401016.592 corr=2140 lidar=ok rms=0.0754 time=95.75 ms | v=6.879 bg=0.00116 ba=0.39599
[tight-lio] t=1317401016.696 corr=2042 lidar=ok rms=0.0453 time=78.69 ms | v=7.011 bg=0.00122 ba=0.39496
[tight-lio] t=1317401016.800 corr=2102 lidar=ok rms=0.0449 time=88.75 ms | v=7.141 bg=0.00121 ba=0.39487
[tight-lio] t=1317401016.904 corr=2100 lidar=ok rms=0.0445 time=83.66 ms | v=7.268 bg=0.00121 ba=0.39477
[tight-lio] t=1317401017.007 corr=2085 lidar=ok rms=0.0391 time=91.12 ms | v=7.391 bg=0.00117 ba=0.39429
[tight-lio] t=1317401017.111 corr=2050 lidar=ok rms=0.0460 time=78.83 ms | v=7.512 bg=0.00126 ba=0.39361
[tight-lio] t=1317401017.215 corr=2062 lidar=ok rms=0.0515 time=80.69 ms | v=7.639 bg=0.00135 ba=0.39307
[tight-lio] t=1317401017.319 corr=2030 lidar=ok rms=0.0566 time=79.31 ms | v=7.762 bg=0.00132 ba=0.39204
[tight-lio] t=1317401017.423 corr=2038 lidar=ok rms=0.0521 time=82.40 ms | v=7.872 bg=0.00116 ba=0.39086
[tight-lio] t=1317401017.526 corr=2009 lidar=ok rms=0.0504 time=74.48 ms | v=7.999 bg=0.00100 ba=0.39070
[tight-lio] t=1317401017.630 corr=1838 lidar=ok rms=0.0725 time=72.72 ms | v=8.126 bg=0.00106 ba=0.39007
[tight-lio] t=1317401017.734 corr=1798 lidar=ok rms=0.0533 time=72.52 ms | v=8.265 bg=0.00117 ba=0.38970
[tight-lio] t=1317401017.838 corr=1733 lidar=ok rms=0.0478 time=70.92 ms | v=8.378 bg=0.00122 ba=0.38750
[tight-lio] t=1317401017.942 corr=1589 lidar=ok rms=0.0634 time=69.64 ms | v=8.500 bg=0.00114 ba=0.38573
[tight-lio] t=1317401018.046 corr=1388 lidar=ok rms=0.0673 time=67.33 ms | v=8.595 bg=0.00097 ba=0.38334
[tight-lio] t=1317401018.150 corr=1339 lidar=ok rms=0.0592 time=68.17 ms | v=8.724 bg=0.00091 ba=0.38264
[tight-lio] t=1317401018.254 corr=1138 lidar=ok rms=0.0463 time=64.53 ms | v=8.868 bg=0.00099 ba=0.38278
[tight-lio] t=1317401018.357 corr=1029 lidar=ok rms=0.0752 time=62.83 ms | v=8.993 bg=0.00110 ba=0.38224
[tight-lio] t=1317401018.461 corr=1068 lidar=ok rms=0.0633 time=63.38 ms | v=9.082 bg=0.00094 ba=0.37942
[tight-lio] t=1317401018.565 corr=1015 lidar=ok rms=0.0978 time=44.24 ms | v=9.181 bg=0.00069 ba=0.37794
[tight-lio] t=1317401018.669 corr=1031 lidar=ok rms=0.1163 time=60.04 ms | v=9.314 bg=0.00076 ba=0.37636
[tight-lio] t=1317401018.773 corr=1009 lidar=ok rms=0.0724 time=82.35 ms | v=9.478 bg=0.00123 ba=0.37655
[tight-lio] t=1317401018.878 corr=905 lidar=ok rms=0.0757 time=62.91 ms | v=9.585 bg=0.00146 ba=0.37264
[tight-lio] t=1317401018.982 corr=944 lidar=ok rms=0.0588 time=60.24 ms | v=9.693 bg=0.00130 ba=0.37221
[tight-lio] t=1317401019.086 corr=966 lidar=ok rms=0.0476 time=43.22 ms | v=9.795 bg=0.00112 ba=0.37179
[tight-lio] t=1317401019.190 corr=987 lidar=ok rms=0.0520 time=60.21 ms | v=9.893 bg=0.00110 ba=0.37124
[tight-lio] t=1317401019.294 corr=1043 lidar=ok rms=0.0733 time=44.97 ms | v=9.965 bg=0.00090 ba=0.37089
[tight-lio] t=1317401019.398 corr=1041 lidar=ok rms=0.0435 time=43.90 ms | v=10.020 bg=0.00087 ba=0.37006
[tight-lio] t=1317401019.501 corr=1088 lidar=ok rms=0.0522 time=59.83 ms | v=10.071 bg=0.00094 ba=0.37050
[tight-lio] t=1317401019.605 corr=1085 lidar=ok rms=0.0897 time=58.53 ms | v=10.084 bg=0.00107 ba=0.36879
[tight-lio] t=1317401019.709 corr=1077 lidar=ok rms=0.0573 time=56.90 ms | v=10.117 bg=0.00132 ba=0.36801
[tight-lio] t=1317401019.813 corr=1147 lidar=ok rms=0.0779 time=60.83 ms | v=10.149 bg=0.00165 ba=0.36660
[tight-lio] t=1317401019.917 corr=1168 lidar=ok rms=0.0742 time=62.03 ms | v=10.152 bg=0.00147 ba=0.36537
[tight-lio] t=1317401020.021 corr=1152 lidar=ok rms=0.0478 time=62.56 ms | v=10.131 bg=0.00098 ba=0.36400
[tight-lio] t=1317401020.125 corr=1160 lidar=ok rms=0.0609 time=64.32 ms | v=10.120 bg=0.00087 ba=0.36206
[tight-lio] t=1317401020.229 corr=1118 lidar=ok rms=0.0385 time=60.97 ms | v=10.112 bg=0.00098 ba=0.35993
[tight-lio] t=1317401020.333 corr=1198 lidar=ok rms=0.0727 time=63.00 ms | v=10.123 bg=0.00102 ba=0.35979
[tight-lio] t=1317401020.437 corr=1255 lidar=ok rms=0.0612 time=63.82 ms | v=10.093 bg=0.00098 ba=0.35778
[tight-lio] t=1317401020.541 corr=1143 lidar=ok rms=0.0596 time=60.38 ms | v=10.082 bg=0.00111 ba=0.35710
[tight-lio] t=1317401020.645 corr=1137 lidar=ok rms=0.0464 time=62.16 ms | v=10.060 bg=0.00128 ba=0.35408
[tight-lio] t=1317401020.748 corr=1186 lidar=ok rms=0.0548 time=65.46 ms | v=10.024 bg=0.00137 ba=0.35055
[tight-lio] t=1317401020.852 corr=1215 lidar=ok rms=0.0479 time=64.00 ms | v=9.983 bg=0.00113 ba=0.34942
[tight-lio] t=1317401020.956 corr=1116 lidar=ok rms=0.0667 time=62.02 ms | v=9.923 bg=0.00073 ba=0.34849
[tight-lio] t=1317401021.060 corr=1216 lidar=ok rms=0.0813 time=71.44 ms | v=9.878 bg=0.00080 ba=0.34720
[tight-lio] t=1317401021.164 corr=1226 lidar=ok rms=0.0615 time=68.85 ms | v=9.848 bg=0.00117 ba=0.34500
[tight-lio] t=1317401021.268 corr=1270 lidar=ok rms=0.0644 time=69.80 ms | v=9.845 bg=0.00152 ba=0.34343
[tight-lio] t=1317401021.372 corr=1284 lidar=ok rms=0.0633 time=67.06 ms | v=9.833 bg=0.00154 ba=0.34209
[tight-lio] t=1317401021.476 corr=1316 lidar=ok rms=0.0558 time=66.77 ms | v=9.805 bg=0.00142 ba=0.34052
[tight-lio] t=1317401021.579 corr=1311 lidar=ok rms=0.0457 time=64.07 ms | v=9.768 bg=0.00118 ba=0.33945
[tight-lio] t=1317401021.683 corr=1309 lidar=ok rms=0.0721 time=51.19 ms | v=9.725 bg=0.00086 ba=0.33844
[tight-lio] t=1317401021.787 corr=1228 lidar=ok rms=0.0714 time=44.51 ms | v=9.692 bg=0.00067 ba=0.33818
[tight-lio] t=1317401021.891 corr=1317 lidar=ok rms=0.0974 time=66.27 ms | v=9.669 bg=0.00077 ba=0.33687
[tight-lio] t=1317401021.995 corr=1332 lidar=ok rms=0.0629 time=68.30 ms | v=9.678 bg=0.00116 ba=0.33639
[tight-lio] t=1317401022.099 corr=1240 lidar=ok rms=0.0664 time=67.70 ms | v=9.677 bg=0.00159 ba=0.33519
[tight-lio] t=1317401022.203 corr=1196 lidar=ok rms=0.0565 time=64.11 ms | v=9.666 bg=0.00163 ba=0.33359
[tight-lio] t=1317401022.307 corr=1336 lidar=ok rms=0.0486 time=62.40 ms | v=9.637 bg=0.00138 ba=0.33261
[tight-lio] t=1317401022.411 corr=1273 lidar=ok rms=0.0635 time=66.11 ms | v=9.604 bg=0.00102 ba=0.33152
[tight-lio] t=1317401022.515 corr=1148 lidar=ok rms=0.0458 time=61.55 ms | v=9.584 bg=0.00092 ba=0.33089
[tight-lio] t=1317401022.618 corr=1228 lidar=ok rms=0.0526 time=64.32 ms | v=9.599 bg=0.00114 ba=0.33037
[tight-lio] t=1317401022.722 corr=1215 lidar=ok rms=0.0554 time=61.57 ms | v=9.613 bg=0.00134 ba=0.32973
[tight-lio] t=1317401022.826 corr=1261 lidar=ok rms=0.0477 time=59.30 ms | v=9.614 bg=0.00131 ba=0.32913
[tight-lio] t=1317401022.930 corr=1201 lidar=ok rms=0.0517 time=61.96 ms | v=9.598 bg=0.00116 ba=0.32817
[tight-lio] t=1317401023.034 corr=1373 lidar=ok rms=0.0556 time=63.79 ms | v=9.570 bg=0.00104 ba=0.32642
[tight-lio] t=1317401023.138 corr=1326 lidar=ok rms=0.0767 time=65.78 ms | v=9.563 bg=0.00113 ba=0.32461
[tight-lio] t=1317401023.242 corr=1342 lidar=ok rms=0.0495 time=67.57 ms | v=9.560 bg=0.00129 ba=0.32369
[tight-lio] t=1317401023.345 corr=1255 lidar=ok rms=0.0508 time=61.28 ms | v=9.535 bg=0.00125 ba=0.32172
[tight-lio] t=1317401023.449 corr=1247 lidar=ok rms=0.0568 time=60.25 ms | v=9.493 bg=0.00117 ba=0.32030
[tight-lio] t=1317401023.553 corr=1302 lidar=ok rms=0.0466 time=59.71 ms | v=9.452 bg=0.00109 ba=0.31876
[tight-lio] t=1317401023.657 corr=1348 lidar=ok rms=0.0455 time=60.72 ms | v=9.413 bg=0.00110 ba=0.31695
[tight-lio] t=1317401023.761 corr=1374 lidar=ok rms=0.0684 time=63.40 ms | v=9.380 bg=0.00112 ba=0.31553
[tight-lio] t=1317401023.864 corr=1291 lidar=ok rms=0.0480 time=59.14 ms | v=9.368 bg=0.00139 ba=0.31450
[tight-lio] t=1317401023.968 corr=1224 lidar=ok rms=0.0549 time=59.60 ms | v=9.355 bg=0.00151 ba=0.31388
[tight-lio] t=1317401024.072 corr=1284 lidar=ok rms=0.0574 time=62.12 ms | v=9.316 bg=0.00129 ba=0.31304
[tight-lio] t=1317401024.176 corr=1162 lidar=ok rms=0.0475 time=58.19 ms | v=9.281 bg=0.00109 ba=0.31192
[tight-lio] t=1317401024.280 corr=1220 lidar=ok rms=0.0579 time=57.81 ms | v=9.235 bg=0.00109 ba=0.31005
[tight-lio] t=1317401024.383 corr=1148 lidar=ok rms=0.0535 time=57.86 ms | v=9.222 bg=0.00127 ba=0.30910
[tight-lio] t=1317401024.487 corr=1097 lidar=ok rms=0.0496 time=57.54 ms | v=9.211 bg=0.00135 ba=0.30859
[tight-lio] t=1317401024.591 corr=1048 lidar=ok rms=0.0528 time=57.63 ms | v=9.187 bg=0.00140 ba=0.30772
[tight-lio] t=1317401024.695 corr=1077 lidar=ok rms=0.0487 time=57.26 ms | v=9.147 bg=0.00114 ba=0.30686
[tight-lio] t=1317401024.798 corr=1033 lidar=ok rms=0.0680 time=57.42 ms | v=9.104 bg=0.00098 ba=0.30605
[tight-lio] t=1317401024.902 corr=1141 lidar=ok rms=0.0606 time=64.26 ms | v=9.076 bg=0.00105 ba=0.30481
[tight-lio] t=1317401025.006 corr=1126 lidar=ok rms=0.0595 time=56.17 ms | v=9.060 bg=0.00127 ba=0.30367
[tight-lio] t=1317401025.110 corr=979 lidar=ok rms=0.0708 time=54.35 ms | v=9.044 bg=0.00135 ba=0.30304
[tight-lio] t=1317401025.214 corr=1092 lidar=ok rms=0.0801 time=58.94 ms | v=9.004 bg=0.00143 ba=0.30229
[tight-lio] t=1317401025.318 corr=1012 lidar=ok rms=0.0570 time=54.33 ms | v=8.913 bg=0.00138 ba=0.30148
[tight-lio] t=1317401025.421 corr=971 lidar=ok rms=0.0495 time=53.59 ms | v=8.772 bg=0.00124 ba=0.29955
[tight-lio] t=1317401025.525 corr=895 lidar=ok rms=0.0513 time=54.99 ms | v=8.599 bg=0.00100 ba=0.29790
[tight-lio] t=1317401025.629 corr=917 lidar=ok rms=0.0556 time=62.33 ms | v=8.446 bg=0.00099 ba=0.29654
[tight-lio] t=1317401025.733 corr=970 lidar=ok rms=0.0568 time=54.22 ms | v=8.323 bg=0.00123 ba=0.29590
[tight-lio] t=1317401025.837 corr=921 lidar=ok rms=0.0725 time=53.72 ms | v=8.212 bg=0.00154 ba=0.29505
[tight-lio] t=1317401025.941 corr=1071 lidar=ok rms=0.0620 time=59.46 ms | v=8.079 bg=0.00134 ba=0.29400
[tight-lio] t=1317401026.045 corr=1049 lidar=ok rms=0.0585 time=57.74 ms | v=7.937 bg=0.00100 ba=0.29200
[tight-lio] t=1317401026.148 corr=1008 lidar=ok rms=0.0821 time=53.03 ms | v=7.839 bg=0.00090 ba=0.29109
[tight-lio] t=1317401026.252 corr=1069 lidar=ok rms=0.0611 time=55.79 ms | v=7.770 bg=0.00103 ba=0.29055
[tight-lio] t=1317401026.356 corr=1154 lidar=ok rms=0.0771 time=54.84 ms | v=7.710 bg=0.00123 ba=0.29080
[tight-lio] t=1317401026.460 corr=1117 lidar=ok rms=0.0651 time=52.93 ms | v=7.627 bg=0.00140 ba=0.28929
[tight-lio] t=1317401026.564 corr=1090 lidar=ok rms=0.0581 time=52.36 ms | v=7.545 bg=0.00165 ba=0.28744
[tight-lio] t=1317401026.668 corr=1083 lidar=ok rms=0.0582 time=54.39 ms | v=7.455 bg=0.00164 ba=0.28596
[tight-lio] t=1317401026.772 corr=1017 lidar=ok rms=0.0576 time=52.31 ms | v=7.359 bg=0.00162 ba=0.28518
[tight-lio] t=1317401026.876 corr=968 lidar=ok rms=0.0610 time=53.80 ms | v=7.238 bg=0.00140 ba=0.28320
[tight-lio] t=1317401026.980 corr=976 lidar=ok rms=0.0538 time=55.14 ms | v=7.139 bg=0.00130 ba=0.28274
[tight-lio] t=1317401027.084 corr=967 lidar=ok rms=0.0628 time=51.53 ms | v=7.049 bg=0.00134 ba=0.28110
[tight-lio] t=1317401027.188 corr=926 lidar=ok rms=0.0451 time=50.61 ms | v=6.969 bg=0.00148 ba=0.27998
[tight-lio] t=1317401027.292 corr=901 lidar=ok rms=0.0647 time=53.64 ms | v=6.887 bg=0.00164 ba=0.27964
[tight-lio] t=1317401027.396 corr=928 lidar=ok rms=0.0513 time=51.45 ms | v=6.809 bg=0.00172 ba=0.28044
[tight-lio] t=1317401027.500 corr=899 lidar=ok rms=0.0626 time=56.55 ms | v=6.671 bg=0.00142 ba=0.27972
[tight-lio] t=1317401027.604 corr=860 lidar=ok rms=0.0707 time=52.48 ms | v=6.516 bg=0.00124 ba=0.27839
[tight-lio] t=1317401027.708 corr=858 lidar=ok rms=0.0543 time=50.92 ms | v=6.378 bg=0.00112 ba=0.27782
[tight-lio] t=1317401027.812 corr=964 lidar=ok rms=0.0710 time=55.65 ms | v=6.219 bg=0.00115 ba=0.27688
[tight-lio] t=1317401027.916 corr=884 lidar=ok rms=0.0858 time=53.20 ms | v=6.066 bg=0.00123 ba=0.27693
[tight-lio] t=1317401028.019 corr=952 lidar=ok rms=0.0701 time=55.57 ms | v=5.902 bg=0.00142 ba=0.27601
[tight-lio] t=1317401028.123 corr=991 lidar=ok rms=0.0762 time=56.48 ms | v=5.715 bg=0.00116 ba=0.27598
[tight-lio] t=1317401028.227 corr=988 lidar=ok rms=0.0564 time=55.69 ms | v=5.508 bg=0.00102 ba=0.27484
[tight-lio] t=1317401028.331 corr=994 lidar=ok rms=0.0712 time=69.90 ms | v=5.313 bg=0.00105 ba=0.27468
[tight-lio] t=1317401028.434 corr=1031 lidar=ok rms=0.0607 time=40.06 ms | v=5.113 bg=0.00096 ba=0.27386
[tight-lio] t=1317401028.538 corr=1081 lidar=ok rms=0.0655 time=56.63 ms | v=4.921 bg=0.00091 ba=0.27182
[tight-lio] t=1317401028.642 corr=1106 lidar=ok rms=0.0711 time=60.30 ms | v=4.767 bg=0.00091 ba=0.27147
[tight-lio] t=1317401028.746 corr=1252 lidar=ok rms=0.0836 time=66.42 ms | v=4.597 bg=0.00090 ba=0.26900
[tight-lio] t=1317401028.850 corr=1250 lidar=ok rms=0.0936 time=44.11 ms | v=4.430 bg=0.00087 ba=0.26742
[tight-lio] t=1317401028.953 corr=1380 lidar=ok rms=0.0721 time=63.86 ms | v=4.284 bg=0.00084 ba=0.26780
[tight-lio] t=1317401029.057 corr=1356 lidar=ok rms=0.0709 time=64.64 ms | v=4.115 bg=0.00087 ba=0.26788
[tight-lio] t=1317401029.161 corr=1417 lidar=ok rms=0.0844 time=68.76 ms | v=3.932 bg=0.00099 ba=0.26731
[tight-lio] t=1317401029.265 corr=1632 lidar=ok rms=0.0517 time=67.92 ms | v=3.725 bg=0.00100 ba=0.26657
[tight-lio] t=1317401029.368 corr=1621 lidar=ok rms=0.0693 time=70.03 ms | v=3.519 bg=0.00093 ba=0.26644
[tight-lio] t=1317401029.472 corr=1619 lidar=ok rms=0.0818 time=71.77 ms | v=3.305 bg=0.00096 ba=0.26704
[tight-lio] t=1317401029.576 corr=1843 lidar=ok rms=0.0603 time=60.36 ms | v=3.034 bg=0.00085 ba=0.26536
[tight-lio] t=1317401029.680 corr=1928 lidar=ok rms=0.0622 time=77.33 ms | v=2.774 bg=0.00077 ba=0.26500
[tight-lio] t=1317401029.784 corr=1881 lidar=ok rms=0.0725 time=76.49 ms | v=2.539 bg=0.00081 ba=0.26368
[tight-lio] t=1317401029.887 corr=1924 lidar=ok rms=0.0641 time=56.73 ms | v=2.355 bg=0.00085 ba=0.26417
[tight-lio] t=1317401029.991 corr=2171 lidar=ok rms=0.0676 time=59.79 ms | v=2.152 bg=0.00086 ba=0.26267
[tight-lio] t=1317401030.095 corr=2128 lidar=ok rms=0.0659 time=96.62 ms | v=1.955 bg=0.00093 ba=0.26143
[tight-lio] t=1317401030.198 corr=2107 lidar=ok rms=0.0637 time=84.65 ms | v=1.775 bg=0.00106 ba=0.25931
[tight-lio] t=1317401030.302 corr=2320 lidar=ok rms=0.0616 time=67.74 ms | v=1.623 bg=0.00110 ba=0.25812
[tight-lio] t=1317401030.406 corr=2300 lidar=ok rms=0.0642 time=85.27 ms | v=1.480 bg=0.00104 ba=0.25629
[tight-lio] t=1317401030.510 corr=2377 lidar=ok rms=0.0581 time=91.46 ms | v=1.390 bg=0.00098 ba=0.25485
[tight-lio] t=1317401030.613 corr=2793 lidar=ok rms=0.0468 time=95.69 ms | v=1.369 bg=0.00095 ba=0.25409
[tight-lio] t=1317401030.717 corr=2755 lidar=ok rms=0.0504 time=90.74 ms | v=1.352 bg=0.00094 ba=0.25320
[tight-lio] t=1317401030.821 corr=2756 lidar=ok rms=0.0548 time=96.52 ms | v=1.335 bg=0.00099 ba=0.25281
[tight-lio] t=1317401030.925 corr=2725 lidar=ok rms=0.0635 time=74.61 ms | v=1.318 bg=0.00108 ba=0.25212
[tight-lio] t=1317401031.029 corr=2645 lidar=ok rms=0.0642 time=97.26 ms | v=1.297 bg=0.00110 ba=0.25161
[tight-lio] t=1317401031.132 corr=2844 lidar=ok rms=0.0754 time=97.62 ms | v=1.274 bg=0.00108 ba=0.25117
[tight-lio] t=1317401031.236 corr=2884 lidar=ok rms=0.0731 time=99.75 ms | v=1.276 bg=0.00098 ba=0.25145
[tight-lio] t=1317401031.340 corr=2801 lidar=ok rms=0.0747 time=97.66 ms | v=1.285 bg=0.00087 ba=0.25005
[tight-lio] t=1317401031.444 corr=3179 lidar=ok rms=0.0550 time=99.33 ms | v=1.336 bg=0.00088 ba=0.24884
[tight-lio] t=1317401031.547 corr=3026 lidar=ok rms=0.0638 time=79.82 ms | v=1.432 bg=0.00104 ba=0.24882
[tight-lio] t=1317401031.651 corr=2870 lidar=ok rms=0.0649 time=78.76 ms | v=1.547 bg=0.00111 ba=0.24973
[tight-lio] t=1317401031.755 corr=2877 lidar=ok rms=0.0618 time=106.50 ms | v=1.653 bg=0.00111 ba=0.24839
[tight-lio] t=1317401031.859 corr=2859 lidar=ok rms=0.0643 time=110.31 ms | v=1.796 bg=0.00117 ba=0.24880
[tight-lio] t=1317401031.962 corr=3119 lidar=ok rms=0.0633 time=119.20 ms | v=1.945 bg=0.00117 ba=0.24929
[tight-lio] t=1317401032.066 corr=3193 lidar=ok rms=0.0702 time=110.67 ms | v=2.066 bg=0.00113 ba=0.24871
[tight-lio] t=1317401032.170 corr=3255 lidar=ok rms=0.0550 time=104.43 ms | v=2.195 bg=0.00127 ba=0.24888
[tight-lio] t=1317401032.273 corr=3379 lidar=ok rms=0.0545 time=115.94 ms | v=2.342 bg=0.00136 ba=0.24952
[tight-lio] t=1317401032.377 corr=3234 lidar=ok rms=0.0536 time=108.25 ms | v=2.502 bg=0.00131 ba=0.25028
[tight-lio] t=1317401032.481 corr=3159 lidar=ok rms=0.0580 time=115.90 ms | v=2.647 bg=0.00131 ba=0.24995
[tight-lio] t=1317401032.584 corr=3238 lidar=ok rms=0.0542 time=105.42 ms | v=2.807 bg=0.00150 ba=0.25099
[tight-lio] t=1317401032.688 corr=3386 lidar=ok rms=0.0554 time=111.89 ms | v=2.970 bg=0.00153 ba=0.25121
[tight-lio] t=1317401032.792 corr=3321 lidar=ok rms=0.0580 time=119.21 ms | v=3.139 bg=0.00163 ba=0.25136
[tight-lio] t=1317401032.895 corr=3371 lidar=ok rms=0.0530 time=112.47 ms | v=3.310 bg=0.00180 ba=0.25167
[tight-lio] t=1317401032.999 corr=3386 lidar=ok rms=0.0630 time=138.84 ms | v=3.464 bg=0.00184 ba=0.24952
[tight-lio] t=1317401033.103 corr=3545 lidar=ok rms=0.0534 time=121.44 ms | v=3.631 bg=0.00183 ba=0.24964
[tight-lio] t=1317401033.206 corr=3527 lidar=ok rms=0.0518 time=114.25 ms | v=3.776 bg=0.00196 ba=0.24844
[tight-lio] t=1317401033.310 corr=3536 lidar=ok rms=0.0536 time=114.65 ms | v=3.921 bg=0.00207 ba=0.24648
[tight-lio] t=1317401033.414 corr=3759 lidar=ok rms=0.0457 time=81.18 ms | v=4.085 bg=0.00211 ba=0.24566
[tight-lio] t=1317401033.517 corr=3629 lidar=ok rms=0.0550 time=124.18 ms | v=4.250 bg=0.00214 ba=0.24303
[tight-lio] t=1317401033.621 corr=3710 lidar=ok rms=0.0587 time=129.24 ms | v=4.435 bg=0.00207 ba=0.24057
[tight-lio] t=1317401033.725 corr=3804 lidar=ok rms=0.0543 time=118.25 ms | v=4.626 bg=0.00192 ba=0.23761
[tight-lio] t=1317401033.829 corr=3823 lidar=ok rms=0.0584 time=119.59 ms | v=4.817 bg=0.00187 ba=0.23431
[tight-lio] t=1317401033.933 corr=3909 lidar=ok rms=0.0733 time=122.53 ms | v=4.993 bg=0.00182 ba=0.22984
[tight-lio] t=1317401034.037 corr=3896 lidar=ok rms=0.0630 time=116.57 ms | v=5.200 bg=0.00174 ba=0.22824
[tight-lio] t=1317401034.140 corr=3703 lidar=ok rms=0.0750 time=133.92 ms | v=5.413 bg=0.00158 ba=0.22671
[tight-lio] t=1317401034.244 corr=3811 lidar=ok rms=0.0566 time=135.37 ms | v=5.608 bg=0.00142 ba=0.22093
[tight-lio] t=1317401034.349 corr=3780 lidar=ok rms=0.0692 time=123.86 ms | v=5.819 bg=0.00109 ba=0.21663
[tight-lio] t=1317401034.453 corr=3546 lidar=ok rms=0.0630 time=122.94 ms | v=6.021 bg=0.00073 ba=0.21256
[tight-lio] t=1317401034.557 corr=3659 lidar=ok rms=0.0632 time=140.39 ms | v=6.211 bg=0.00051 ba=0.20869
[tight-lio] t=1317401034.661 corr=3572 lidar=ok rms=0.0693 time=110.66 ms | v=6.405 bg=0.00045 ba=0.20518
[tight-lio] t=1317401034.765 corr=3487 lidar=ok rms=0.0686 time=113.67 ms | v=6.580 bg=0.00051 ba=0.20148
[tight-lio] t=1317401034.869 corr=3430 lidar=ok rms=0.0498 time=111.71 ms | v=6.791 bg=0.00070 ba=0.19946
[tight-lio] t=1317401034.974 corr=3434 lidar=ok rms=0.0644 time=119.28 ms | v=7.024 bg=0.00079 ba=0.19914
[tight-lio] t=1317401035.078 corr=3429 lidar=ok rms=0.0532 time=106.29 ms | v=7.223 bg=0.00089 ba=0.19698
[tight-lio] t=1317401035.182 corr=3362 lidar=ok rms=0.0592 time=105.48 ms | v=7.445 bg=0.00097 ba=0.19629
[tight-lio] t=1317401035.286 corr=3594 lidar=ok rms=0.0585 time=118.42 ms | v=7.642 bg=0.00102 ba=0.19438
[tight-lio] t=1317401035.390 corr=3358 lidar=ok rms=0.0692 time=105.78 ms | v=7.834 bg=0.00110 ba=0.19217
[tight-lio] t=1317401035.495 corr=3484 lidar=ok rms=0.0562 time=118.38 ms | v=8.054 bg=0.00114 ba=0.19300
[tight-lio] t=1317401035.599 corr=3259 lidar=ok rms=0.0594 time=99.59 ms | v=8.247 bg=0.00113 ba=0.19156
[tight-lio] t=1317401035.703 corr=3245 lidar=ok rms=0.0490 time=99.85 ms | v=8.450 bg=0.00114 ba=0.19120
[tight-lio] t=1317401035.807 corr=3159 lidar=ok rms=0.0591 time=108.18 ms | v=8.676 bg=0.00119 ba=0.19268
[tight-lio] t=1317401035.911 corr=3001 lidar=ok rms=0.0568 time=95.41 ms | v=8.869 bg=0.00118 ba=0.19220
[tight-lio] t=1317401036.015 corr=2729 lidar=ok rms=0.0681 time=91.67 ms | v=9.045 bg=0.00114 ba=0.19078
[tight-lio] t=1317401036.119 corr=2832 lidar=ok rms=0.0527 time=98.74 ms | v=9.202 bg=0.00113 ba=0.18857
[tight-lio] t=1317401036.223 corr=2838 lidar=ok rms=0.0565 time=102.21 ms | v=9.352 bg=0.00109 ba=0.18796
[tight-lio] t=1317401036.327 corr=2782 lidar=ok rms=0.0548 time=92.68 ms | v=9.465 bg=0.00111 ba=0.18690
[tight-lio] t=1317401036.431 corr=2840 lidar=ok rms=0.0544 time=93.30 ms | v=9.560 bg=0.00108 ba=0.18646
[tight-lio] t=1317401036.535 corr=2718 lidar=ok rms=0.0604 time=99.02 ms | v=9.616 bg=0.00101 ba=0.18374
[tight-lio] t=1317401036.639 corr=2797 lidar=ok rms=0.0607 time=102.72 ms | v=9.688 bg=0.00098 ba=0.18212
[tight-lio] t=1317401036.743 corr=2711 lidar=ok rms=0.0495 time=92.04 ms | v=9.765 bg=0.00109 ba=0.18039
[tight-lio] t=1317401036.847 corr=2787 lidar=ok rms=0.0516 time=101.47 ms | v=9.834 bg=0.00120 ba=0.17868
[tight-lio] t=1317401036.951 corr=2790 lidar=ok rms=0.0546 time=92.12 ms | v=9.871 bg=0.00120 ba=0.17787
[tight-lio] t=1317401037.055 corr=2686 lidar=ok rms=0.0511 time=89.27 ms | v=9.888 bg=0.00115 ba=0.17695
[tight-lio] t=1317401037.159 corr=2486 lidar=ok rms=0.0534 time=86.13 ms | v=9.887 bg=0.00107 ba=0.17469
[tight-lio] t=1317401037.263 corr=2386 lidar=ok rms=0.0549 time=60.56 ms | v=9.888 bg=0.00112 ba=0.17332
[tight-lio] t=1317401037.367 corr=2330 lidar=ok rms=0.0497 time=81.15 ms | v=9.866 bg=0.00113 ba=0.17075
[tight-lio] t=1317401037.471 corr=2443 lidar=ok rms=0.0420 time=90.76 ms | v=9.836 bg=0.00111 ba=0.16902
[tight-lio] t=1317401037.575 corr=2605 lidar=ok rms=0.0527 time=96.37 ms | v=9.806 bg=0.00102 ba=0.16796
[tight-lio] t=1317401037.679 corr=2685 lidar=ok rms=0.0510 time=97.23 ms | v=9.772 bg=0.00096 ba=0.16623
[tight-lio] t=1317401037.783 corr=2693 lidar=ok rms=0.0511 time=92.15 ms | v=9.756 bg=0.00100 ba=0.16563
[tight-lio] t=1317401037.887 corr=2660 lidar=ok rms=0.0548 time=96.87 ms | v=9.729 bg=0.00107 ba=0.16319
[tight-lio] t=1317401037.991 corr=2559 lidar=ok rms=0.0483 time=90.54 ms | v=9.690 bg=0.00108 ba=0.15955
[tight-lio] t=1317401038.095 corr=2503 lidar=ok rms=0.0543 time=88.78 ms | v=9.661 bg=0.00109 ba=0.15694
[tight-lio] t=1317401038.199 corr=2098 lidar=ok rms=0.0489 time=80.45 ms | v=9.651 bg=0.00103 ba=0.15671
[tight-lio] t=1317401038.303 corr=1991 lidar=ok rms=0.0528 time=80.53 ms | v=9.625 bg=0.00100 ba=0.15566
[tight-lio] t=1317401038.407 corr=1818 lidar=ok rms=0.0666 time=73.01 ms | v=9.598 bg=0.00090 ba=0.15530
[tight-lio] t=1317401038.511 corr=1819 lidar=ok rms=0.0580 time=52.10 ms | v=9.555 bg=0.00090 ba=0.15456
[tight-lio] t=1317401038.615 corr=1705 lidar=ok rms=0.0532 time=75.26 ms | v=9.506 bg=0.00084 ba=0.15407
[tight-lio] t=1317401038.718 corr=1719 lidar=ok rms=0.0612 time=72.46 ms | v=9.432 bg=0.00089 ba=0.15273
[tight-lio] t=1317401038.822 corr=1644 lidar=ok rms=0.0506 time=78.93 ms | v=9.325 bg=0.00074 ba=0.15100
[tight-lio] t=1317401038.926 corr=1700 lidar=ok rms=0.0478 time=78.49 ms | v=9.210 bg=0.00066 ba=0.14951
[tight-lio] t=1317401039.030 corr=1839 lidar=ok rms=0.0777 time=60.09 ms | v=9.055 bg=0.00086 ba=0.14438
[tight-lio] t=1317401039.134 corr=1637 lidar=ok rms=0.0534 time=74.66 ms | v=8.955 bg=0.00094 ba=0.14410
[tight-lio] t=1317401039.237 corr=1661 lidar=ok rms=0.0722 time=74.27 ms | v=8.825 bg=0.00078 ba=0.14148
[tight-lio] t=1317401039.341 corr=1699 lidar=ok rms=0.0602 time=81.22 ms | v=8.706 bg=0.00057 ba=0.14066
[tight-lio] t=1317401039.445 corr=1534 lidar=ok rms=0.0633 time=114.25 ms | v=8.616 bg=0.00049 ba=0.14050
[tight-lio] t=1317401039.548 corr=1572 lidar=ok rms=0.0582 time=73.19 ms | v=8.540 bg=0.00063 ba=0.14077
[tight-lio] t=1317401039.652 corr=1498 lidar=ok rms=0.0559 time=72.67 ms | v=8.492 bg=0.00080 ba=0.14059
[tight-lio] t=1317401039.756 corr=1534 lidar=ok rms=0.0550 time=71.44 ms | v=8.439 bg=0.00083 ba=0.13873
[tight-lio] t=1317401039.859 corr=1499 lidar=ok rms=0.0650 time=69.67 ms | v=8.413 bg=0.00085 ba=0.13896
[tight-lio] t=1317401039.963 corr=1478 lidar=ok rms=0.0449 time=71.74 ms | v=8.387 bg=0.00082 ba=0.13905
[tight-lio] t=1317401040.067 corr=1477 lidar=ok rms=0.0640 time=76.74 ms | v=8.351 bg=0.00074 ba=0.13880
[tight-lio] t=1317401040.170 corr=1698 lidar=ok rms=0.0640 time=77.16 ms | v=8.306 bg=0.00069 ba=0.13825
[tight-lio] t=1317401040.274 corr=1548 lidar=ok rms=0.0511 time=81.77 ms | v=8.267 bg=0.00086 ba=0.13714
[tight-lio] t=1317401040.378 corr=1543 lidar=ok rms=0.0718 time=81.88 ms | v=8.243 bg=0.00098 ba=0.13649
[tight-lio] t=1317401040.481 corr=1534 lidar=ok rms=0.0689 time=80.77 ms | v=8.234 bg=0.00121 ba=0.13586
[tight-lio] t=1317401040.585 corr=1569 lidar=ok rms=0.0516 time=76.46 ms | v=8.217 bg=0.00124 ba=0.13404
[tight-lio] t=1317401040.689 corr=1585 lidar=ok rms=0.0533 time=88.41 ms | v=8.208 bg=0.00114 ba=0.13236
[tight-lio] t=1317401040.793 corr=1756 lidar=ok rms=0.0643 time=82.06 ms | v=8.219 bg=0.00092 ba=0.13127
[tight-lio] t=1317401040.897 corr=1751 lidar=ok rms=0.0529 time=92.47 ms | v=8.248 bg=0.00072 ba=0.13073
[tight-lio] t=1317401041.000 corr=1858 lidar=ok rms=0.0425 time=90.96 ms | v=8.303 bg=0.00083 ba=0.12943
[tight-lio] t=1317401041.104 corr=1849 lidar=ok rms=0.0646 time=84.55 ms | v=8.360 bg=0.00091 ba=0.12793
[tight-lio] t=1317401041.208 corr=1996 lidar=ok rms=0.0453 time=88.19 ms | v=8.436 bg=0.00097 ba=0.12690
[tight-lio] t=1317401041.312 corr=2086 lidar=ok rms=0.0515 time=92.67 ms | v=8.500 bg=0.00087 ba=0.12463
[tight-lio] t=1317401041.416 corr=2132 lidar=ok rms=0.0404 time=90.78 ms | v=8.571 bg=0.00075 ba=0.12302
[tight-lio] t=1317401041.520 corr=2088 lidar=ok rms=0.0416 time=91.22 ms | v=8.671 bg=0.00065 ba=0.12336
[tight-lio] t=1317401041.624 corr=2093 lidar=ok rms=0.0513 time=90.46 ms | v=8.769 bg=0.00060 ba=0.12351
[tight-lio] t=1317401041.728 corr=2126 lidar=ok rms=0.0477 time=93.09 ms | v=8.852 bg=0.00072 ba=0.12062
[tight-lio] t=1317401041.832 corr=2223 lidar=ok rms=0.0468 time=95.45 ms | v=8.952 bg=0.00075 ba=0.11947
[tight-lio] t=1317401041.936 corr=2178 lidar=ok rms=0.0665 time=103.53 ms | v=9.043 bg=0.00075 ba=0.11782
[tight-lio] t=1317401042.040 corr=2139 lidar=ok rms=0.0466 time=92.03 ms | v=9.133 bg=0.00065 ba=0.11715
[tight-lio] t=1317401042.144 corr=2088 lidar=ok rms=0.0557 time=93.31 ms | v=9.214 bg=0.00059 ba=0.11592
[tight-lio] t=1317401042.248 corr=2013 lidar=ok rms=0.0538 time=93.71 ms | v=9.319 bg=0.00065 ba=0.11529
[tight-lio] t=1317401042.352 corr=1931 lidar=ok rms=0.0574 time=90.19 ms | v=9.427 bg=0.00078 ba=0.11557
[tight-lio] t=1317401042.456 corr=1978 lidar=ok rms=0.0506 time=87.97 ms | v=9.542 bg=0.00093 ba=0.11417
[tight-lio] t=1317401042.560 corr=1848 lidar=ok rms=0.0666 time=94.09 ms | v=9.639 bg=0.00109 ba=0.11259
[tight-lio] t=1317401042.664 corr=1757 lidar=ok rms=0.0438 time=83.93 ms | v=9.749 bg=0.00101 ba=0.11140
[tight-lio] t=1317401042.768 corr=1812 lidar=ok rms=0.0629 time=91.61 ms | v=9.838 bg=0.00093 ba=0.10951
[tight-lio] t=1317401042.872 corr=1831 lidar=ok rms=0.0588 time=86.39 ms | v=9.934 bg=0.00088 ba=0.10832
[tight-lio] t=1317401042.976 corr=1891 lidar=ok rms=0.0490 time=61.54 ms | v=10.037 bg=0.00089 ba=0.10696
[tight-lio] t=1317401043.080 corr=1749 lidar=ok rms=0.0422 time=83.62 ms | v=10.138 bg=0.00095 ba=0.10549
[tight-lio] t=1317401043.184 corr=1742 lidar=ok rms=0.0492 time=58.08 ms | v=10.254 bg=0.00103 ba=0.10484
[tight-lio] t=1317401043.288 corr=1695 lidar=ok rms=0.0397 time=79.08 ms | v=10.354 bg=0.00101 ba=0.10357
[tight-lio] t=1317401043.392 corr=1577 lidar=ok rms=0.0514 time=76.09 ms | v=10.454 bg=0.00097 ba=0.10230
[tight-lio] t=1317401043.496 corr=1602 lidar=ok rms=0.0543 time=78.47 ms | v=10.564 bg=0.00099 ba=0.10130
[tight-lio] t=1317401043.600 corr=1468 lidar=ok rms=0.0517 time=71.04 ms | v=10.681 bg=0.00103 ba=0.10040
[tight-lio] t=1317401043.704 corr=1418 lidar=ok rms=0.0536 time=69.05 ms | v=10.781 bg=0.00101 ba=0.09899
[tight-lio] t=1317401043.808 corr=1281 lidar=ok rms=0.0485 time=67.97 ms | v=10.877 bg=0.00097 ba=0.09844
[tight-lio] t=1317401043.912 corr=1241 lidar=ok rms=0.0565 time=73.25 ms | v=10.948 bg=0.00087 ba=0.09555
[tight-lio] t=1317401044.016 corr=1243 lidar=ok rms=0.0762 time=70.52 ms | v=11.031 bg=0.00078 ba=0.09338
[tight-lio] t=1317401044.120 corr=1185 lidar=ok rms=0.0581 time=67.93 ms | v=11.139 bg=0.00089 ba=0.09280
[tight-lio] t=1317401044.224 corr=1256 lidar=ok rms=0.0549 time=70.88 ms | v=11.238 bg=0.00099 ba=0.09238
[tight-lio] t=1317401044.328 corr=1171 lidar=ok rms=0.0494 time=68.39 ms | v=11.315 bg=0.00095 ba=0.09076
[tight-lio] t=1317401044.432 corr=1104 lidar=ok rms=0.0640 time=67.33 ms | v=11.375 bg=0.00093 ba=0.08914
[tight-lio] t=1317401044.536 corr=1091 lidar=ok rms=0.0537 time=66.13 ms | v=11.425 bg=0.00094 ba=0.08730
[tight-lio] t=1317401044.640 corr=1039 lidar=ok rms=0.0511 time=63.80 ms | v=11.481 bg=0.00093 ba=0.08613
[tight-lio] t=1317401044.743 corr=1183 lidar=ok rms=0.0715 time=66.44 ms | v=11.520 bg=0.00084 ba=0.08497
[tight-lio] t=1317401044.847 corr=1208 lidar=ok rms=0.0621 time=68.67 ms | v=11.532 bg=0.00081 ba=0.08315
[tight-lio] t=1317401044.951 corr=1231 lidar=ok rms=0.0494 time=74.86 ms | v=11.539 bg=0.00089 ba=0.08242
[tight-lio] t=1317401045.055 corr=1201 lidar=ok rms=0.0646 time=68.75 ms | v=11.522 bg=0.00096 ba=0.08068
[tight-lio] t=1317401045.159 corr=1190 lidar=ok rms=0.0723 time=72.30 ms | v=11.512 bg=0.00103 ba=0.08128
[tight-lio] t=1317401045.263 corr=1067 lidar=ok rms=0.0661 time=69.61 ms | v=11.496 bg=0.00117 ba=0.08101
[tight-lio] t=1317401045.367 corr=1188 lidar=ok rms=0.0759 time=73.37 ms | v=11.464 bg=0.00120 ba=0.08052
[tight-lio] t=1317401045.471 corr=1111 lidar=ok rms=0.0928 time=68.21 ms | v=11.432 bg=0.00099 ba=0.08055
[tight-lio] t=1317401045.574 corr=1119 lidar=ok rms=0.0642 time=66.26 ms | v=11.391 bg=0.00080 ba=0.08046
[tight-lio] t=1317401045.678 corr=1195 lidar=ok rms=0.0680 time=71.48 ms | v=11.355 bg=0.00079 ba=0.07967
[tight-lio] t=1317401045.782 corr=1146 lidar=ok rms=0.0494 time=69.17 ms | v=11.343 bg=0.00091 ba=0.07878
[tight-lio] t=1317401045.886 corr=1166 lidar=ok rms=0.0684 time=66.05 ms | v=11.331 bg=0.00105 ba=0.07836
[tight-lio] t=1317401045.990 corr=1146 lidar=ok rms=0.0680 time=66.31 ms | v=11.314 bg=0.00114 ba=0.07898
[tight-lio] t=1317401046.094 corr=1102 lidar=ok rms=0.0524 time=65.17 ms | v=11.293 bg=0.00104 ba=0.07857
[tight-lio] t=1317401046.198 corr=1113 lidar=ok rms=0.0386 time=67.17 ms | v=11.254 bg=0.00090 ba=0.07837
[tight-lio] t=1317401046.302 corr=1158 lidar=ok rms=0.0722 time=69.72 ms | v=11.230 bg=0.00084 ba=0.07841
[tight-lio] t=1317401046.406 corr=1204 lidar=ok rms=0.0610 time=69.26 ms | v=11.198 bg=0.00097 ba=0.07805
[tight-lio] t=1317401046.509 corr=1174 lidar=ok rms=0.0669 time=68.97 ms | v=11.182 bg=0.00108 ba=0.07710
[tight-lio] t=1317401046.613 corr=1329 lidar=ok rms=0.0683 time=69.39 ms | v=11.162 bg=0.00090 ba=0.07674
[tight-lio] t=1317401046.717 corr=1271 lidar=ok rms=0.0673 time=72.81 ms | v=11.121 bg=0.00084 ba=0.07579
[tight-lio] t=1317401046.821 corr=1382 lidar=ok rms=0.0670 time=71.13 ms | v=11.110 bg=0.00097 ba=0.07515
[tight-lio] t=1317401046.924 corr=1299 lidar=ok rms=0.0434 time=53.81 ms | v=11.107 bg=0.00118 ba=0.07556
[tight-lio] t=1317401047.028 corr=1222 lidar=ok rms=0.0850 time=68.11 ms | v=11.108 bg=0.00108 ba=0.07639
[tight-lio] t=1317401047.132 corr=1282 lidar=ok rms=0.0479 time=72.36 ms | v=11.080 bg=0.00098 ba=0.07592
[tight-lio] t=1317401047.236 corr=1352 lidar=ok rms=0.0762 time=71.96 ms | v=11.065 bg=0.00092 ba=0.07680
[tight-lio] t=1317401047.339 corr=1365 lidar=ok rms=0.0647 time=73.30 ms | v=11.049 bg=0.00089 ba=0.07673
[tight-lio] t=1317401047.443 corr=1461 lidar=ok rms=0.0684 time=73.00 ms | v=11.033 bg=0.00082 ba=0.07673
[tight-lio] t=1317401047.547 corr=1412 lidar=ok rms=0.0367 time=71.88 ms | v=11.021 bg=0.00088 ba=0.07739
[tight-lio] t=1317401047.651 corr=1487 lidar=ok rms=0.0581 time=73.23 ms | v=11.026 bg=0.00106 ba=0.07712
[tight-lio] t=1317401047.754 corr=1498 lidar=ok rms=0.0511 time=73.23 ms | v=11.030 bg=0.00122 ba=0.07792
[tight-lio] t=1317401047.858 corr=1513 lidar=ok rms=0.0645 time=73.04 ms | v=11.017 bg=0.00131 ba=0.07870
[tight-lio] t=1317401047.962 corr=1334 lidar=ok rms=0.0481 time=71.49 ms | v=11.011 bg=0.00122 ba=0.07936
[tight-lio] t=1317401048.066 corr=1534 lidar=ok rms=0.0547 time=72.26 ms | v=10.992 bg=0.00097 ba=0.07952
[tight-lio] t=1317401048.169 corr=1535 lidar=ok rms=0.0753 time=72.72 ms | v=10.972 bg=0.00078 ba=0.08016
[tight-lio] t=1317401048.273 corr=1546 lidar=ok rms=0.0544 time=70.88 ms | v=10.961 bg=0.00075 ba=0.08095
[tight-lio] t=1317401048.377 corr=1548 lidar=ok rms=0.0370 time=80.51 ms | v=10.961 bg=0.00094 ba=0.08186
[tight-lio] t=1317401048.481 corr=1510 lidar=ok rms=0.0513 time=75.35 ms | v=10.965 bg=0.00114 ba=0.08209
[tight-lio] t=1317401048.585 corr=1498 lidar=ok rms=0.0566 time=69.45 ms | v=10.966 bg=0.00123 ba=0.08445
[tight-lio] t=1317401048.689 corr=1485 lidar=ok rms=0.0653 time=70.40 ms | v=10.966 bg=0.00118 ba=0.08526
[tight-lio] t=1317401048.792 corr=1461 lidar=ok rms=0.0585 time=69.45 ms | v=10.967 bg=0.00104 ba=0.08580
[tight-lio] t=1317401048.896 corr=1485 lidar=ok rms=0.0572 time=70.76 ms | v=10.939 bg=0.00088 ba=0.08550
[tight-lio] t=1317401049.000 corr=1503 lidar=ok rms=0.0602 time=70.45 ms | v=10.916 bg=0.00089 ba=0.08653
[tight-lio] t=1317401049.104 corr=1419 lidar=ok rms=0.0454 time=70.04 ms | v=10.921 bg=0.00101 ba=0.08641
[tight-lio] t=1317401049.207 corr=1445 lidar=ok rms=0.0467 time=70.94 ms | v=10.934 bg=0.00119 ba=0.08564
[tight-lio] t=1317401049.311 corr=1587 lidar=ok rms=0.0750 time=70.15 ms | v=10.948 bg=0.00123 ba=0.08617
[tight-lio] t=1317401049.415 corr=1581 lidar=ok rms=0.0542 time=70.79 ms | v=10.959 bg=0.00124 ba=0.08604
[tight-lio] t=1317401049.519 corr=1447 lidar=ok rms=0.0515 time=69.91 ms | v=10.959 bg=0.00108 ba=0.08753
[tight-lio] t=1317401049.623 corr=1388 lidar=ok rms=0.0526 time=68.13 ms | v=10.960 bg=0.00086 ba=0.08745
[tight-lio] t=1317401049.726 corr=1526 lidar=ok rms=0.0470 time=69.88 ms | v=10.954 bg=0.00092 ba=0.08803
[tight-lio] t=1317401049.830 corr=1475 lidar=ok rms=0.0562 time=69.16 ms | v=10.984 bg=0.00128 ba=0.08888
[tight-lio] t=1317401049.934 corr=1321 lidar=ok rms=0.0677 time=65.71 ms | v=11.007 bg=0.00126 ba=0.09101
[tight-lio] t=1317401050.038 corr=1309 lidar=ok rms=0.0701 time=69.19 ms | v=10.998 bg=0.00082 ba=0.09160
[tight-lio] t=1317401050.141 corr=1478 lidar=ok rms=0.0624 time=71.76 ms | v=10.977 bg=0.00061 ba=0.09175
[tight-lio] t=1317401050.245 corr=1602 lidar=ok rms=0.0541 time=70.17 ms | v=11.000 bg=0.00103 ba=0.09155
[tight-lio] t=1317401050.349 corr=1358 lidar=ok rms=0.0546 time=66.03 ms | v=11.050 bg=0.00141 ba=0.09296
[tight-lio] t=1317401050.453 corr=1461 lidar=ok rms=0.0451 time=67.83 ms | v=11.066 bg=0.00132 ba=0.09535
[tight-lio] t=1317401050.557 corr=1418 lidar=ok rms=0.0597 time=71.53 ms | v=11.057 bg=0.00100 ba=0.09653
[tight-lio] t=1317401050.660 corr=1398 lidar=ok rms=0.0557 time=67.54 ms | v=11.061 bg=0.00092 ba=0.09788
[tight-lio] t=1317401050.764 corr=1537 lidar=ok rms=0.0538 time=68.53 ms | v=11.069 bg=0.00098 ba=0.09951
[tight-lio] t=1317401050.868 corr=1553 lidar=ok rms=0.0459 time=68.17 ms | v=11.085 bg=0.00113 ba=0.10155
[tight-lio] t=1317401050.972 corr=1450 lidar=ok rms=0.0353 time=68.07 ms | v=11.087 bg=0.00118 ba=0.10320
[tight-lio] t=1317401051.076 corr=1572 lidar=ok rms=0.0436 time=75.07 ms | v=11.073 bg=0.00111 ba=0.10504
[tight-lio] t=1317401051.179 corr=1559 lidar=ok rms=0.0685 time=68.71 ms | v=11.073 bg=0.00110 ba=0.10637
[tight-lio] t=1317401051.283 corr=1393 lidar=ok rms=0.0577 time=65.82 ms | v=11.095 bg=0.00120 ba=0.10771
[tight-lio] t=1317401051.387 corr=1500 lidar=ok rms=0.0556 time=71.87 ms | v=11.093 bg=0.00127 ba=0.10885
[tight-lio] t=1317401051.491 corr=1471 lidar=ok rms=0.0465 time=70.95 ms | v=11.089 bg=0.00131 ba=0.10970
[tight-lio] t=1317401051.595 corr=1337 lidar=ok rms=0.0484 time=65.14 ms | v=11.100 bg=0.00138 ba=0.11112
[tight-lio] t=1317401051.699 corr=1261 lidar=ok rms=0.0534 time=63.51 ms | v=11.103 bg=0.00134 ba=0.11190
[tight-lio] t=1317401051.802 corr=1357 lidar=ok rms=0.0834 time=65.34 ms | v=11.092 bg=0.00113 ba=0.11287
[tight-lio] t=1317401051.906 corr=1223 lidar=ok rms=0.0550 time=62.62 ms | v=11.051 bg=0.00097 ba=0.11457
[tight-lio] t=1317401052.010 corr=1315 lidar=ok rms=0.0519 time=47.21 ms | v=11.029 bg=0.00095 ba=0.11519
[tight-lio] t=1317401052.114 corr=1340 lidar=ok rms=0.0633 time=67.82 ms | v=11.025 bg=0.00119 ba=0.11612
[tight-lio] t=1317401052.218 corr=1347 lidar=ok rms=0.0681 time=67.40 ms | v=11.038 bg=0.00139 ba=0.11638
[tight-lio] t=1317401052.322 corr=1383 lidar=ok rms=0.0747 time=64.80 ms | v=11.020 bg=0.00122 ba=0.11681
[tight-lio] t=1317401052.425 corr=1407 lidar=ok rms=0.0596 time=64.73 ms | v=10.994 bg=0.00102 ba=0.11681
[tight-lio] t=1317401052.529 corr=1489 lidar=ok rms=0.0563 time=67.00 ms | v=10.963 bg=0.00101 ba=0.11749
[tight-lio] t=1317401052.633 corr=1412 lidar=ok rms=0.0808 time=59.85 ms | v=10.945 bg=0.00107 ba=0.11820
[tight-lio] t=1317401052.737 corr=1474 lidar=ok rms=0.0503 time=60.32 ms | v=10.910 bg=0.00111 ba=0.12032
[tight-lio] t=1317401052.841 corr=1509 lidar=ok rms=0.0610 time=64.47 ms | v=10.903 bg=0.00131 ba=0.12109
[tight-lio] t=1317401052.944 corr=1322 lidar=ok rms=0.0709 time=60.50 ms | v=10.905 bg=0.00148 ba=0.12179
[tight-lio] t=1317401053.048 corr=1328 lidar=ok rms=0.0474 time=61.10 ms | v=10.877 bg=0.00131 ba=0.12286
[tight-lio] t=1317401053.152 corr=1298 lidar=ok rms=0.0889 time=63.48 ms | v=10.850 bg=0.00108 ba=0.12250
[tight-lio] t=1317401053.256 corr=1261 lidar=ok rms=0.0588 time=62.72 ms | v=10.819 bg=0.00110 ba=0.12398
[tight-lio] t=1317401053.360 corr=1222 lidar=ok rms=0.0650 time=63.62 ms | v=10.820 bg=0.00129 ba=0.12420
[tight-lio] t=1317401053.463 corr=1182 lidar=ok rms=0.0713 time=63.44 ms | v=10.799 bg=0.00130 ba=0.12636
[tight-lio] t=1317401053.567 corr=1071 lidar=ok rms=0.0660 time=62.62 ms | v=10.783 bg=0.00127 ba=0.12786
[tight-lio] t=1317401053.671 corr=1137 lidar=ok rms=0.0785 time=66.31 ms | v=10.758 bg=0.00111 ba=0.12931
[tight-lio] t=1317401053.775 corr=1160 lidar=ok rms=0.0438 time=47.15 ms | v=10.736 bg=0.00108 ba=0.13038
[tight-lio] t=1317401053.879 corr=1224 lidar=ok rms=0.0582 time=65.93 ms | v=10.725 bg=0.00106 ba=0.13132
[tight-lio] t=1317401053.982 corr=1225 lidar=ok rms=0.0495 time=67.70 ms | v=10.709 bg=0.00111 ba=0.13252
[tight-lio] t=1317401054.086 corr=1312 lidar=ok rms=0.0529 time=67.55 ms | v=10.712 bg=0.00124 ba=0.13329
[tight-lio] t=1317401054.190 corr=1386 lidar=ok rms=0.0660 time=67.21 ms | v=10.716 bg=0.00133 ba=0.13406
[tight-lio] t=1317401054.294 corr=1503 lidar=ok rms=0.0796 time=69.42 ms | v=10.700 bg=0.00130 ba=0.13545
[tight-lio] t=1317401054.398 corr=1467 lidar=ok rms=0.0454 time=68.77 ms | v=10.681 bg=0.00121 ba=0.13690
[tight-lio] t=1317401054.501 corr=1303 lidar=ok rms=0.0576 time=66.67 ms | v=10.655 bg=0.00117 ba=0.13904
[tight-lio] t=1317401054.605 corr=1259 lidar=ok rms=0.0588 time=63.87 ms | v=10.649 bg=0.00122 ba=0.13977
[tight-lio] t=1317401054.709 corr=1326 lidar=ok rms=0.0560 time=66.16 ms | v=10.631 bg=0.00128 ba=0.14211
[tight-lio] t=1317401054.813 corr=1233 lidar=ok rms=0.0516 time=47.06 ms | v=10.621 bg=0.00125 ba=0.14374
[tight-lio] t=1317401054.917 corr=1242 lidar=ok rms=0.0725 time=46.47 ms | v=10.613 bg=0.00131 ba=0.14536
[tight-lio] t=1317401055.021 corr=1266 lidar=ok rms=0.0736 time=65.85 ms | v=10.592 bg=0.00115 ba=0.14646
[tight-lio] t=1317401055.124 corr=1197 lidar=ok rms=0.0806 time=67.87 ms | v=10.567 bg=0.00095 ba=0.14774
[tight-lio] t=1317401055.228 corr=1325 lidar=ok rms=0.0616 time=66.93 ms | v=10.570 bg=0.00111 ba=0.14856
[tight-lio] t=1317401055.332 corr=1512 lidar=ok rms=0.0527 time=67.72 ms | v=10.578 bg=0.00138 ba=0.15049
[tight-lio] t=1317401055.436 corr=1473 lidar=ok rms=0.0688 time=66.59 ms | v=10.566 bg=0.00130 ba=0.15257
[tight-lio] t=1317401055.539 corr=1466 lidar=ok rms=0.0634 time=67.23 ms | v=10.535 bg=0.00098 ba=0.15404
[tight-lio] t=1317401055.643 corr=1484 lidar=ok rms=0.0562 time=68.06 ms | v=10.513 bg=0.00098 ba=0.15577
[tight-lio] t=1317401055.747 corr=1354 lidar=ok rms=0.0525 time=63.68 ms | v=10.523 bg=0.00120 ba=0.15760
[tight-lio] t=1317401055.851 corr=1221 lidar=ok rms=0.0425 time=62.09 ms | v=10.544 bg=0.00149 ba=0.15905
[tight-lio] t=1317401055.955 corr=1244 lidar=ok rms=0.0715 time=57.94 ms | v=10.547 bg=0.00137 ba=0.16088
[tight-lio] t=1317401056.058 corr=1042 lidar=ok rms=0.0950 time=56.81 ms | v=10.527 bg=0.00110 ba=0.16168
[tight-lio] t=1317401056.162 corr=1091 lidar=ok rms=0.0787 time=58.48 ms | v=10.513 bg=0.00085 ba=0.16176
[tight-lio] t=1317401056.266 corr=1028 lidar=ok rms=0.0766 time=55.10 ms | v=10.503 bg=0.00081 ba=0.16244
[tight-lio] t=1317401056.370 corr=1195 lidar=ok rms=0.0537 time=63.36 ms | v=10.514 bg=0.00110 ba=0.16447
[tight-lio] t=1317401056.474 corr=1142 lidar=ok rms=0.0738 time=62.95 ms | v=10.520 bg=0.00155 ba=0.16668
[tight-lio] t=1317401056.577 corr=1111 lidar=ok rms=0.0529 time=60.15 ms | v=10.535 bg=0.00175 ba=0.16803
[tight-lio] t=1317401056.681 corr=1106 lidar=ok rms=0.0744 time=57.75 ms | v=10.527 bg=0.00161 ba=0.16848
[tight-lio] t=1317401056.785 corr=1110 lidar=ok rms=0.0571 time=60.29 ms | v=10.504 bg=0.00131 ba=0.16998
[tight-lio] t=1317401056.889 corr=1144 lidar=ok rms=0.0967 time=63.87 ms | v=10.481 bg=0.00089 ba=0.17012
[tight-lio] t=1317401056.992 corr=1180 lidar=ok rms=0.0625 time=58.33 ms | v=10.451 bg=0.00089 ba=0.17126
[tight-lio] t=1317401057.096 corr=1207 lidar=ok rms=0.0709 time=56.55 ms | v=10.441 bg=0.00107 ba=0.17332
[tight-lio] t=1317401057.200 corr=1215 lidar=ok rms=0.0676 time=60.22 ms | v=10.434 bg=0.00126 ba=0.17511
[tight-lio] t=1317401057.304 corr=1249 lidar=ok rms=0.0676 time=70.05 ms | v=10.426 bg=0.00126 ba=0.17603
[tight-lio] t=1317401057.408 corr=1169 lidar=ok rms=0.0851 time=54.67 ms | v=10.408 bg=0.00130 ba=0.17754
[tight-lio] t=1317401057.511 corr=1223 lidar=ok rms=0.0411 time=56.85 ms | v=10.393 bg=0.00128 ba=0.17916
[tight-lio] t=1317401057.615 corr=1231 lidar=ok rms=0.0614 time=42.05 ms | v=10.375 bg=0.00123 ba=0.18005
[tight-lio] t=1317401057.719 corr=1362 lidar=ok rms=0.0796 time=64.16 ms | v=10.340 bg=0.00108 ba=0.18135
[tight-lio] t=1317401057.823 corr=1255 lidar=ok rms=0.0441 time=59.63 ms | v=10.299 bg=0.00116 ba=0.18352
[tight-lio] t=1317401057.926 corr=1203 lidar=ok rms=0.0520 time=58.60 ms | v=10.285 bg=0.00117 ba=0.18437
[tight-lio] t=1317401058.030 corr=1139 lidar=ok rms=0.0631 time=54.94 ms | v=10.248 bg=0.00115 ba=0.18524
[tight-lio] t=1317401058.134 corr=1168 lidar=ok rms=0.0782 time=58.57 ms | v=10.217 bg=0.00118 ba=0.18603
[tight-lio] t=1317401058.238 corr=1145 lidar=ok rms=0.0471 time=57.30 ms | v=10.172 bg=0.00115 ba=0.18731
[tight-lio] t=1317401058.341 corr=1208 lidar=ok rms=0.1009 time=63.27 ms | v=10.132 bg=0.00116 ba=0.18839
[tight-lio] t=1317401058.445 corr=1223 lidar=ok rms=0.0665 time=61.88 ms | v=10.099 bg=0.00130 ba=0.18956
[tight-lio] t=1317401058.549 corr=1316 lidar=ok rms=0.0419 time=61.05 ms | v=10.060 bg=0.00130 ba=0.19013
[tight-lio] t=1317401058.653 corr=1345 lidar=ok rms=0.0491 time=62.49 ms | v=10.013 bg=0.00118 ba=0.19051
[tight-lio] t=1317401058.756 corr=1369 lidar=ok rms=0.0434 time=63.25 ms | v=9.949 bg=0.00120 ba=0.19269
[tight-lio] t=1317401058.860 corr=1379 lidar=ok rms=0.0491 time=69.87 ms | v=9.888 bg=0.00121 ba=0.19484
[tight-lio] t=1317401058.964 corr=1462 lidar=ok rms=0.0609 time=67.50 ms | v=9.833 bg=0.00112 ba=0.19583
[tight-lio] t=1317401059.068 corr=1454 lidar=ok rms=0.0711 time=46.48 ms | v=9.775 bg=0.00114 ba=0.19731
[tight-lio] t=1317401059.172 corr=1515 lidar=ok rms=0.0793 time=66.81 ms | v=9.733 bg=0.00126 ba=0.19806
[tight-lio] t=1317401059.275 corr=1611 lidar=ok rms=0.0525 time=68.94 ms | v=9.691 bg=0.00133 ba=0.19917
[tight-lio] t=1317401059.379 corr=1623 lidar=ok rms=0.0801 time=68.30 ms | v=9.659 bg=0.00126 ba=0.19895
[tight-lio] t=1317401059.483 corr=1756 lidar=ok rms=0.0604 time=69.83 ms | v=9.615 bg=0.00126 ba=0.19957
[tight-lio] t=1317401059.587 corr=1698 lidar=ok rms=0.0759 time=71.36 ms | v=9.563 bg=0.00123 ba=0.20069
[tight-lio] t=1317401059.691 corr=1854 lidar=ok rms=0.0477 time=71.90 ms | v=9.491 bg=0.00124 ba=0.20159
[tight-lio] t=1317401059.795 corr=1845 lidar=ok rms=0.0526 time=74.76 ms | v=9.372 bg=0.00120 ba=0.20282
[tight-lio] t=1317401059.898 corr=1911 lidar=ok rms=0.0528 time=77.36 ms | v=9.204 bg=0.00127 ba=0.20347
[tight-lio] t=1317401060.002 corr=1833 lidar=ok rms=0.0533 time=79.68 ms | v=9.023 bg=0.00133 ba=0.20422
[tight-lio] t=1317401060.106 corr=1981 lidar=ok rms=0.0425 time=80.23 ms | v=8.808 bg=0.00135 ba=0.20626
[tight-lio] t=1317401060.210 corr=1962 lidar=ok rms=0.0397 time=86.64 ms | v=8.607 bg=0.00126 ba=0.20715
[tight-lio] t=1317401060.313 corr=2170 lidar=ok rms=0.0423 time=86.48 ms | v=8.424 bg=0.00118 ba=0.20924
[tight-lio] t=1317401060.417 corr=2126 lidar=ok rms=0.0463 time=82.63 ms | v=8.275 bg=0.00115 ba=0.21100
[tight-lio] t=1317401060.521 corr=2258 lidar=ok rms=0.0526 time=85.76 ms | v=8.172 bg=0.00121 ba=0.21115
[tight-lio] t=1317401060.625 corr=2211 lidar=ok rms=0.0571 time=62.09 ms | v=8.061 bg=0.00133 ba=0.21245
[tight-lio] t=1317401060.728 corr=2445 lidar=ok rms=0.0578 time=92.60 ms | v=7.932 bg=0.00141 ba=0.21613
[tight-lio] t=1317401060.832 corr=2499 lidar=ok rms=0.0506 time=93.88 ms | v=7.827 bg=0.00142 ba=0.21726
[tight-lio] t=1317401060.936 corr=2690 lidar=ok rms=0.0440 time=97.11 ms | v=7.693 bg=0.00124 ba=0.21837
[tight-lio] t=1317401061.040 corr=2706 lidar=ok rms=0.0422 time=97.53 ms | v=7.542 bg=0.00112 ba=0.21987
[tight-lio] t=1317401061.144 corr=2840 lidar=ok rms=0.0527 time=70.27 ms | v=7.381 bg=0.00110 ba=0.22137
[tight-lio] t=1317401061.247 corr=2752 lidar=ok rms=0.0464 time=97.56 ms | v=7.198 bg=0.00127 ba=0.22376
[tight-lio] t=1317401061.351 corr=2871 lidar=ok rms=0.0496 time=101.79 ms | v=7.016 bg=0.00149 ba=0.22625
[tight-lio] t=1317401061.455 corr=2831 lidar=ok rms=0.0537 time=71.68 ms | v=6.804 bg=0.00144 ba=0.22847
[tight-lio] t=1317401061.559 corr=2989 lidar=ok rms=0.0413 time=103.98 ms | v=6.604 bg=0.00133 ba=0.23085
[tight-lio] t=1317401061.663 corr=3190 lidar=ok rms=0.0619 time=113.04 ms | v=6.484 bg=0.00114 ba=0.23303
[tight-lio] t=1317401061.767 corr=3024 lidar=ok rms=0.0463 time=108.29 ms | v=6.421 bg=0.00094 ba=0.23415
[tight-lio] t=1317401061.871 corr=3175 lidar=ok rms=0.0396 time=108.52 ms | v=6.378 bg=0.00108 ba=0.23686
[tight-lio] t=1317401061.976 corr=3238 lidar=ok rms=0.0490 time=108.10 ms | v=6.358 bg=0.00121 ba=0.23894
[tight-lio] t=1317401062.080 corr=3397 lidar=ok rms=0.0470 time=118.26 ms | v=6.302 bg=0.00130 ba=0.24249
[tight-lio] t=1317401062.184 corr=3319 lidar=ok rms=0.0487 time=116.15 ms | v=6.257 bg=0.00127 ba=0.24304
[tight-lio] t=1317401062.288 corr=3314 lidar=ok rms=0.0467 time=125.04 ms | v=6.217 bg=0.00148 ba=0.24557
[tight-lio] t=1317401062.393 corr=3295 lidar=ok rms=0.0475 time=112.18 ms | v=6.200 bg=0.00184 ba=0.24765
[tight-lio] t=1317401062.497 corr=3497 lidar=ok rms=0.0586 time=116.17 ms | v=6.161 bg=0.00214 ba=0.25039
[tight-lio] t=1317401062.602 corr=3705 lidar=ok rms=0.0844 time=133.08 ms | v=6.083 bg=0.00233 ba=0.25446
[tight-lio] t=1317401062.706 corr=3349 lidar=ok rms=0.0994 time=122.75 ms | v=5.990 bg=0.00213 ba=0.25743
[tight-lio] t=1317401062.810 corr=3486 lidar=ok rms=0.0677 time=140.76 ms | v=5.938 bg=0.00190 ba=0.25874
[tight-lio] t=1317401062.915 corr=3520 lidar=ok rms=0.0710 time=126.02 ms | v=5.876 bg=0.00192 ba=0.25985
[tight-lio] t=1317401063.019 corr=3702 lidar=ok rms=0.0536 time=121.22 ms | v=5.843 bg=0.00195 ba=0.26118
[tight-lio] t=1317401063.123 corr=3860 lidar=ok rms=0.0638 time=131.19 ms | v=5.825 bg=0.00195 ba=0.26377
[tight-lio] t=1317401063.227 corr=3630 lidar=ok rms=0.0548 time=124.72 ms | v=5.842 bg=0.00185 ba=0.26484
[tight-lio] t=1317401063.332 corr=3475 lidar=ok rms=0.0600 time=136.49 ms | v=5.911 bg=0.00195 ba=0.26288
[tight-lio] t=1317401063.436 corr=3500 lidar=ok rms=0.0496 time=127.71 ms | v=5.976 bg=0.00193 ba=0.26205
[tight-lio] t=1317401063.540 corr=3664 lidar=ok rms=0.0462 time=139.34 ms | v=6.050 bg=0.00175 ba=0.25910
[tight-lio] t=1317401063.644 corr=3430 lidar=ok rms=0.0527 time=129.25 ms | v=6.112 bg=0.00154 ba=0.25648
[tight-lio] t=1317401063.748 corr=3437 lidar=ok rms=0.0557 time=137.54 ms | v=6.194 bg=0.00139 ba=0.25259
[tight-lio] t=1317401063.851 corr=3579 lidar=ok rms=0.0504 time=141.76 ms | v=6.274 bg=0.00134 ba=0.25080
[tight-lio] t=1317401063.955 corr=3722 lidar=ok rms=0.0488 time=140.00 ms | v=6.356 bg=0.00141 ba=0.24947
[tight-lio] t=1317401064.059 corr=3811 lidar=ok rms=0.0539 time=129.30 ms | v=6.452 bg=0.00139 ba=0.24677
[tight-lio] t=1317401064.163 corr=3750 lidar=ok rms=0.0503 time=127.62 ms | v=6.534 bg=0.00139 ba=0.24566
[tight-lio] t=1317401064.267 corr=3726 lidar=ok rms=0.0438 time=139.98 ms | v=6.600 bg=0.00126 ba=0.24634
[tight-lio] t=1317401064.371 corr=3592 lidar=ok rms=0.0443 time=134.63 ms | v=6.671 bg=0.00130 ba=0.24544
[tight-lio] t=1317401064.475 corr=3632 lidar=ok rms=0.0707 time=156.47 ms | v=6.735 bg=0.00143 ba=0.24542
[tight-lio] t=1317401064.578 corr=3640 lidar=ok rms=0.0427 time=127.80 ms | v=6.805 bg=0.00156 ba=0.24774
[tight-lio] t=1317401064.682 corr=3660 lidar=ok rms=0.0892 time=147.77 ms | v=6.884 bg=0.00148 ba=0.24574
[tight-lio] t=1317401064.786 corr=3597 lidar=ok rms=0.0796 time=143.12 ms | v=6.958 bg=0.00157 ba=0.24241
[tight-lio] t=1317401064.890 corr=3676 lidar=ok rms=0.1026 time=121.63 ms | v=7.012 bg=0.00153 ba=0.24320
[tight-lio] t=1317401064.994 corr=3544 lidar=ok rms=0.0729 time=122.25 ms | v=7.083 bg=0.00154 ba=0.24382
[tight-lio] t=1317401065.098 corr=3370 lidar=ok rms=0.0553 time=135.48 ms | v=7.132 bg=0.00157 ba=0.24631
[tight-lio] t=1317401065.202 corr=3071 lidar=ok rms=0.0700 time=123.41 ms | v=7.217 bg=0.00171 ba=0.24671
[tight-lio] t=1317401065.306 corr=2992 lidar=ok rms=0.0537 time=116.31 ms | v=7.296 bg=0.00156 ba=0.24813
[tight-lio] t=1317401065.410 corr=2837 lidar=ok rms=0.0782 time=121.36 ms | v=7.362 bg=0.00159 ba=0.24715
[tight-lio] t=1317401065.514 corr=2660 lidar=ok rms=0.0770 time=106.35 ms | v=7.457 bg=0.00152 ba=0.24375
[tight-lio] t=1317401065.618 corr=2721 lidar=ok rms=0.0736 time=120.97 ms | v=7.537 bg=0.00138 ba=0.24362
[tight-lio] t=1317401065.722 corr=2628 lidar=ok rms=0.0571 time=118.01 ms | v=7.626 bg=0.00126 ba=0.24291
[tight-lio] t=1317401065.826 corr=2606 lidar=ok rms=0.0679 time=108.81 ms | v=7.709 bg=0.00101 ba=0.24146
[tight-lio] t=1317401065.930 corr=2408 lidar=ok rms=0.0622 time=99.15 ms | v=7.772 bg=0.00096 ba=0.23885
[tight-lio] t=1317401066.033 corr=2243 lidar=ok rms=0.0547 time=98.63 ms | v=7.811 bg=0.00089 ba=0.24102
[tight-lio] t=1317401066.137 corr=2242 lidar=ok rms=0.0654 time=113.84 ms | v=7.892 bg=0.00109 ba=0.24091
[tight-lio] t=1317401066.241 corr=2306 lidar=ok rms=0.0768 time=106.36 ms | v=7.969 bg=0.00124 ba=0.23914
[tight-lio] t=1317401066.345 corr=2103 lidar=ok rms=0.0523 time=121.47 ms | v=8.052 bg=0.00147 ba=0.23528
[tight-lio] t=1317401066.448 corr=2010 lidar=ok rms=0.0634 time=107.81 ms | v=8.129 bg=0.00169 ba=0.23537
[tight-lio] t=1317401066.552 corr=2015 lidar=ok rms=0.0490 time=92.26 ms | v=8.178 bg=0.00171 ba=0.23433
[tight-lio] t=1317401066.656 corr=1965 lidar=ok rms=0.0723 time=95.24 ms | v=8.225 bg=0.00157 ba=0.23454
[tight-lio] t=1317401066.759 corr=1859 lidar=ok rms=0.0747 time=90.53 ms | v=8.259 bg=0.00158 ba=0.23415
[tight-lio] t=1317401066.863 corr=1740 lidar=ok rms=0.0628 time=94.99 ms | v=8.323 bg=0.00171 ba=0.23437
[tight-lio] t=1317401066.967 corr=1772 lidar=ok rms=0.0661 time=86.23 ms | v=8.398 bg=0.00170 ba=0.23280
[tight-lio] t=1317401067.070 corr=1693 lidar=ok rms=0.0484 time=87.06 ms | v=8.463 bg=0.00180 ba=0.23297
[tight-lio] t=1317401067.174 corr=1735 lidar=ok rms=0.0593 time=100.36 ms | v=8.534 bg=0.00189 ba=0.23122
[tight-lio] t=1317401067.278 corr=1663 lidar=ok rms=0.0661 time=87.50 ms | v=8.591 bg=0.00206 ba=0.23109
[tight-lio] t=1317401067.381 corr=1555 lidar=ok rms=0.0641 time=137.66 ms | v=8.636 bg=0.00190 ba=0.23231
[tight-lio] t=1317401067.485 corr=1522 lidar=ok rms=0.0660 time=57.49 ms | v=8.650 bg=0.00172 ba=0.23334
[tight-lio] t=1317401067.589 corr=1458 lidar=ok rms=0.0675 time=82.63 ms | v=8.662 bg=0.00159 ba=0.23432
[tight-lio] t=1317401067.693 corr=1408 lidar=ok rms=0.0591 time=77.73 ms | v=8.675 bg=0.00158 ba=0.23592
[tight-lio] t=1317401067.796 corr=1381 lidar=ok rms=0.0673 time=89.59 ms | v=8.702 bg=0.00155 ba=0.23607
[tight-lio] t=1317401067.900 corr=1430 lidar=ok rms=0.0617 time=77.70 ms | v=8.706 bg=0.00149 ba=0.23693
[tight-lio] t=1317401068.004 corr=1423 lidar=ok rms=0.0562 time=84.21 ms | v=8.720 bg=0.00147 ba=0.23643
[tight-lio] t=1317401068.108 corr=1319 lidar=ok rms=0.0692 time=82.67 ms | v=8.746 bg=0.00159 ba=0.23694
[tight-lio] t=1317401068.212 corr=1268 lidar=ok rms=0.0737 time=80.56 ms | v=8.760 bg=0.00154 ba=0.23810
[tight-lio] t=1317401068.315 corr=1217 lidar=ok rms=0.0614 time=80.50 ms | v=8.772 bg=0.00135 ba=0.23833
[tight-lio] t=1317401068.419 corr=1236 lidar=ok rms=0.0603 time=85.13 ms | v=8.791 bg=0.00129 ba=0.23869
[tight-lio] t=1317401068.523 corr=1183 lidar=ok rms=0.0933 time=83.06 ms | v=8.809 bg=0.00148 ba=0.23951
[tight-lio] t=1317401068.627 corr=1058 lidar=ok rms=0.0735 time=77.78 ms | v=8.833 bg=0.00159 ba=0.23811
[tight-lio] t=1317401068.731 corr=973 lidar=ok rms=0.1031 time=79.24 ms | v=8.830 bg=0.00168 ba=0.23920
[tight-lio] t=1317401068.834 corr=914 lidar=ok rms=0.0783 time=72.49 ms | v=8.799 bg=0.00168 ba=0.24101
[tight-lio] t=1317401068.938 corr=1013 lidar=ok rms=0.0820 time=79.16 ms | v=8.782 bg=0.00165 ba=0.24282
[tight-lio] t=1317401069.042 corr=997 lidar=ok rms=0.0749 time=75.27 ms | v=8.759 bg=0.00162 ba=0.24563
[tight-lio] t=1317401069.146 corr=960 lidar=ok rms=0.0698 time=71.62 ms | v=8.710 bg=0.00148 ba=0.24731
[tight-lio] t=1317401069.250 corr=966 lidar=ok rms=0.0900 time=86.05 ms | v=8.682 bg=0.00141 ba=0.24823
[tight-lio] t=1317401069.354 corr=938 lidar=ok rms=0.0621 time=69.46 ms | v=8.635 bg=0.00137 ba=0.24943
[tight-lio] t=1317401069.458 corr=1151 lidar=ok rms=0.0786 time=79.32 ms | v=8.605 bg=0.00149 ba=0.25170
[tight-lio] t=1317401069.561 corr=1056 lidar=ok rms=0.0780 time=73.16 ms | v=8.555 bg=0.00155 ba=0.25288
[tight-lio] t=1317401069.665 corr=1059 lidar=ok rms=0.0593 time=76.81 ms | v=8.525 bg=0.00153 ba=0.25322
[tight-lio] t=1317401069.769 corr=1052 lidar=ok rms=0.0972 time=87.72 ms | v=8.504 bg=0.00127 ba=0.25157
[tight-lio] t=1317401069.873 corr=872 lidar=ok rms=0.0955 time=75.22 ms | v=8.445 bg=0.00118 ba=0.25118
[tight-lio] t=1317401069.977 corr=1024 lidar=ok rms=0.0672 time=72.68 ms | v=8.400 bg=0.00131 ba=0.25166
[tight-lio] t=1317401070.080 corr=1012 lidar=ok rms=0.0859 time=90.29 ms | v=8.368 bg=0.00154 ba=0.25163
[tight-lio] t=1317401070.184 corr=820 lidar=ok rms=0.0771 time=83.93 ms | v=8.351 bg=0.00168 ba=0.25084
[tight-lio] t=1317401070.288 corr=963 lidar=ok rms=0.0632 time=76.88 ms | v=8.316 bg=0.00188 ba=0.25189
[tight-lio] t=1317401070.392 corr=944 lidar=ok rms=0.0866 time=101.39 ms | v=8.279 bg=0.00184 ba=0.25340
[tight-lio] t=1317401070.496 corr=1129 lidar=ok rms=0.0680 time=78.46 ms | v=8.233 bg=0.00172 ba=0.25416
[tight-lio] t=1317401070.599 corr=1108 lidar=ok rms=0.0745 time=83.76 ms | v=8.200 bg=0.00149 ba=0.25439
[tight-lio] t=1317401070.703 corr=1177 lidar=ok rms=0.0807 time=93.31 ms | v=8.176 bg=0.00144 ba=0.25442
[tight-lio] t=1317401070.807 corr=1144 lidar=ok rms=0.0675 time=90.28 ms | v=8.172 bg=0.00149 ba=0.25427
[tight-lio] t=1317401070.911 corr=1267 lidar=ok rms=0.0565 time=86.34 ms | v=8.179 bg=0.00157 ba=0.25363
[tight-lio] t=1317401071.015 corr=1333 lidar=ok rms=0.0673 time=66.98 ms | v=8.159 bg=0.00166 ba=0.25534
[tight-lio] t=1317401071.119 corr=1389 lidar=ok rms=0.0585 time=89.31 ms | v=8.153 bg=0.00178 ba=0.25604
[tight-lio] t=1317401071.223 corr=1329 lidar=ok rms=0.0612 time=81.67 ms | v=8.126 bg=0.00166 ba=0.25743
[tight-lio] t=1317401071.327 corr=1416 lidar=ok rms=0.0697 time=94.41 ms | v=8.090 bg=0.00152 ba=0.25908
[tight-lio] t=1317401071.430 corr=1290 lidar=ok rms=0.1104 time=80.78 ms | v=8.073 bg=0.00145 ba=0.26047
[tight-lio] t=1317401071.534 corr=1240 lidar=ok rms=0.0501 time=84.62 ms | v=8.065 bg=0.00155 ba=0.26120
[tight-lio] t=1317401071.638 corr=1313 lidar=ok rms=0.0721 time=80.48 ms | v=8.080 bg=0.00163 ba=0.26213
[tight-lio] t=1317401071.742 corr=1311 lidar=ok rms=0.0530 time=81.06 ms | v=8.075 bg=0.00157 ba=0.26317
[tight-lio] t=1317401071.846 corr=1330 lidar=ok rms=0.0759 time=95.45 ms | v=8.065 bg=0.00151 ba=0.26279
[tight-lio] t=1317401071.950 corr=1366 lidar=ok rms=0.0520 time=82.13 ms | v=8.075 bg=0.00145 ba=0.26353
[tight-lio] t=1317401072.054 corr=1267 lidar=ok rms=0.0578 time=77.15 ms | v=8.089 bg=0.00153 ba=0.26355
[tight-lio] t=1317401072.158 corr=1310 lidar=ok rms=0.0481 time=77.46 ms | v=8.069 bg=0.00163 ba=0.26429
[tight-lio] t=1317401072.262 corr=1261 lidar=ok rms=0.0524 time=56.82 ms | v=8.065 bg=0.00169 ba=0.26482
[tight-lio] t=1317401072.366 corr=1346 lidar=ok rms=0.0521 time=77.00 ms | v=8.041 bg=0.00156 ba=0.26512
[tight-lio] t=1317401072.470 corr=1341 lidar=ok rms=0.0640 time=81.81 ms | v=8.039 bg=0.00146 ba=0.26568
[tight-lio] t=1317401072.574 corr=1359 lidar=ok rms=0.0640 time=79.13 ms | v=8.008 bg=0.00127 ba=0.26590
[tight-lio] t=1317401072.678 corr=1416 lidar=ok rms=0.0569 time=82.00 ms | v=8.004 bg=0.00129 ba=0.26547
[tight-lio] t=1317401072.781 corr=1310 lidar=ok rms=0.0474 time=80.74 ms | v=7.995 bg=0.00136 ba=0.26589
[tight-lio] t=1317401072.885 corr=1306 lidar=ok rms=0.0652 time=75.85 ms | v=8.000 bg=0.00145 ba=0.26607
[tight-lio] t=1317401072.989 corr=1343 lidar=ok rms=0.0521 time=78.95 ms | v=8.011 bg=0.00161 ba=0.26681
[tight-lio] t=1317401073.093 corr=1218 lidar=ok rms=0.0714 time=75.88 ms | v=8.027 bg=0.00172 ba=0.26705
[tight-lio] t=1317401073.197 corr=1342 lidar=ok rms=0.0648 time=77.24 ms | v=8.033 bg=0.00164 ba=0.26787
[tight-lio] t=1317401073.301 corr=1312 lidar=ok rms=0.0495 time=77.18 ms | v=8.026 bg=0.00147 ba=0.26853
[tight-lio] t=1317401073.405 corr=1407 lidar=ok rms=0.0543 time=76.70 ms | v=8.015 bg=0.00138 ba=0.26953
[tight-lio] t=1317401073.509 corr=1379 lidar=ok rms=0.0928 time=79.38 ms | v=8.000 bg=0.00142 ba=0.27000
[tight-lio] t=1317401073.613 corr=1548 lidar=ok rms=0.0640 time=80.42 ms | v=8.007 bg=0.00145 ba=0.27062
[tight-lio] t=1317401073.717 corr=1509 lidar=ok rms=0.0530 time=77.08 ms | v=8.006 bg=0.00143 ba=0.27166
[tight-lio] t=1317401073.821 corr=1768 lidar=ok rms=0.0477 time=83.46 ms | v=8.009 bg=0.00139 ba=0.27289
[tight-lio] t=1317401073.925 corr=1899 lidar=ok rms=0.0355 time=61.80 ms | v=8.020 bg=0.00137 ba=0.27344
[tight-lio] t=1317401074.029 corr=2099 lidar=ok rms=0.0539 time=86.86 ms | v=8.026 bg=0.00148 ba=0.27422
[tight-lio] t=1317401074.133 corr=2273 lidar=ok rms=0.0599 time=90.68 ms | v=8.034 bg=0.00162 ba=0.27467
[tight-lio] t=1317401074.237 corr=2629 lidar=ok rms=0.0417 time=95.44 ms | v=8.040 bg=0.00156 ba=0.27438
[tight-lio] t=1317401074.341 corr=2766 lidar=ok rms=0.0481 time=100.52 ms | v=8.045 bg=0.00143 ba=0.27379
[tight-lio] t=1317401074.445 corr=2816 lidar=ok rms=0.0473 time=100.19 ms | v=8.044 bg=0.00139 ba=0.27436
[tight-lio] t=1317401074.549 corr=2803 lidar=ok rms=0.0529 time=101.06 ms | v=8.051 bg=0.00141 ba=0.27417
[tight-lio] t=1317401074.653 corr=3007 lidar=ok rms=0.0427 time=104.14 ms | v=8.051 bg=0.00144 ba=0.27534
[tight-lio] t=1317401074.756 corr=2859 lidar=ok rms=0.0510 time=102.40 ms | v=8.042 bg=0.00147 ba=0.27649
[tight-lio] t=1317401074.860 corr=2828 lidar=ok rms=0.0523 time=103.67 ms | v=8.012 bg=0.00142 ba=0.27772
[tight-lio] t=1317401074.964 corr=3184 lidar=ok rms=0.0492 time=115.26 ms | v=7.992 bg=0.00131 ba=0.27906
[tight-lio] t=1317401075.068 corr=3095 lidar=ok rms=0.0471 time=108.11 ms | v=7.971 bg=0.00134 ba=0.27947
[tight-lio] t=1317401075.172 corr=3184 lidar=ok rms=0.0434 time=109.73 ms | v=7.969 bg=0.00144 ba=0.28053
[tight-lio] t=1317401075.276 corr=3368 lidar=ok rms=0.0461 time=110.38 ms | v=7.960 bg=0.00156 ba=0.28118
[tight-lio] t=1317401075.380 corr=3547 lidar=ok rms=0.0431 time=113.40 ms | v=7.938 bg=0.00155 ba=0.28270
[tight-lio] t=1317401075.484 corr=3586 lidar=ok rms=0.0449 time=109.98 ms | v=7.909 bg=0.00145 ba=0.28260
[tight-lio] t=1317401075.588 corr=3542 lidar=ok rms=0.0486 time=114.17 ms | v=7.872 bg=0.00140 ba=0.28310
[tight-lio] t=1317401075.692 corr=3551 lidar=ok rms=0.0347 time=118.99 ms | v=7.837 bg=0.00137 ba=0.28366
[tight-lio] t=1317401075.796 corr=3496 lidar=ok rms=0.0378 time=113.25 ms | v=7.782 bg=0.00133 ba=0.28433
[tight-lio] t=1317401075.900 corr=3637 lidar=ok rms=0.0460 time=116.39 ms | v=7.714 bg=0.00133 ba=0.28461
[tight-lio] t=1317401076.004 corr=3637 lidar=ok rms=0.0424 time=118.19 ms | v=7.644 bg=0.00138 ba=0.28580
[tight-lio] t=1317401076.108 corr=3687 lidar=ok rms=0.0496 time=128.22 ms | v=7.531 bg=0.00144 ba=0.28728
[tight-lio] t=1317401076.212 corr=3608 lidar=ok rms=0.0563 time=117.55 ms | v=7.427 bg=0.00146 ba=0.28892
[tight-lio] t=1317401076.316 corr=3815 lidar=ok rms=0.0478 time=119.14 ms | v=7.296 bg=0.00140 ba=0.28814
[tight-lio] t=1317401076.420 corr=3725 lidar=ok rms=0.0610 time=130.72 ms | v=7.169 bg=0.00134 ba=0.28944
[tight-lio] t=1317401076.523 corr=3737 lidar=ok rms=0.0548 time=129.02 ms | v=7.019 bg=0.00134 ba=0.29049
[tight-lio] t=1317401076.627 corr=3735 lidar=ok rms=0.0413 time=118.79 ms | v=6.851 bg=0.00134 ba=0.29162
[tight-lio] t=1317401076.731 corr=3800 lidar=ok rms=0.0604 time=129.02 ms | v=6.663 bg=0.00137 ba=0.29205
[tight-lio] t=1317401076.835 corr=3800 lidar=ok rms=0.0401 time=120.12 ms | v=6.457 bg=0.00143 ba=0.29321
[tight-lio] t=1317401076.939 corr=3871 lidar=ok rms=0.0523 time=86.61 ms | v=6.248 bg=0.00145 ba=0.29300
[tight-lio] t=1317401077.043 corr=3578 lidar=ok rms=0.0515 time=116.42 ms | v=6.004 bg=0.00145 ba=0.29480
[tight-lio] t=1317401077.147 corr=3587 lidar=ok rms=0.0358 time=118.52 ms | v=5.747 bg=0.00137 ba=0.29569
[tight-lio] t=1317401077.251 corr=3596 lidar=ok rms=0.0507 time=119.57 ms | v=5.479 bg=0.00127 ba=0.29590
[tight-lio] t=1317401077.355 corr=3865 lidar=ok rms=0.0487 time=124.58 ms | v=5.218 bg=0.00115 ba=0.29728
[tight-lio] t=1317401077.459 corr=3878 lidar=ok rms=0.0400 time=130.07 ms | v=4.941 bg=0.00112 ba=0.29838
[tight-lio] t=1317401077.563 corr=3838 lidar=ok rms=0.0493 time=122.72 ms | v=4.676 bg=0.00114 ba=0.29935
[tight-lio] t=1317401077.667 corr=4065 lidar=ok rms=0.0403 time=88.33 ms | v=4.397 bg=0.00112 ba=0.30023
[tight-lio] t=1317401077.771 corr=3939 lidar=ok rms=0.0419 time=125.79 ms | v=4.099 bg=0.00114 ba=0.30148
[tight-lio] t=1317401077.875 corr=4077 lidar=ok rms=0.0426 time=125.74 ms | v=3.801 bg=0.00113 ba=0.30118
[tight-lio] t=1317401077.979 corr=3986 lidar=ok rms=0.0591 time=130.59 ms | v=3.517 bg=0.00115 ba=0.30170
[tight-lio] t=1317401078.083 corr=3985 lidar=ok rms=0.0463 time=128.25 ms | v=3.226 bg=0.00118 ba=0.30256
[tight-lio] t=1317401078.187 corr=4119 lidar=ok rms=0.0508 time=100.47 ms | v=2.935 bg=0.00117 ba=0.30381
[tight-lio] t=1317401078.291 corr=3990 lidar=ok rms=0.0426 time=126.86 ms | v=2.647 bg=0.00117 ba=0.30405
[tight-lio] t=1317401078.395 corr=4043 lidar=ok rms=0.0351 time=124.41 ms | v=2.362 bg=0.00120 ba=0.30456
[tight-lio] t=1317401078.499 corr=3946 lidar=ok rms=0.0417 time=129.42 ms | v=2.092 bg=0.00116 ba=0.30510
[tight-lio] t=1317401078.603 corr=3928 lidar=ok rms=0.0360 time=123.03 ms | v=1.854 bg=0.00111 ba=0.30542
[tight-lio] t=1317401078.707 corr=4099 lidar=ok rms=0.0442 time=127.48 ms | v=1.666 bg=0.00108 ba=0.30521
[tight-lio] t=1317401078.811 corr=3976 lidar=ok rms=0.0419 time=128.93 ms | v=1.527 bg=0.00113 ba=0.30666
[tight-lio] t=1317401078.915 corr=3982 lidar=ok rms=0.0373 time=127.65 ms | v=1.459 bg=0.00114 ba=0.30678
[tight-lio] t=1317401079.019 corr=4096 lidar=ok rms=0.0383 time=129.14 ms | v=1.421 bg=0.00108 ba=0.30615
[tight-lio] t=1317401079.123 corr=4104 lidar=ok rms=0.0442 time=129.91 ms | v=1.385 bg=0.00104 ba=0.30609
[tight-lio] t=1317401079.227 corr=4259 lidar=ok rms=0.0457 time=132.03 ms | v=1.337 bg=0.00106 ba=0.30689
[tight-lio] t=1317401079.331 corr=4154 lidar=ok rms=0.0393 time=119.26 ms | v=1.275 bg=0.00107 ba=0.30696
[tight-lio] t=1317401079.435 corr=4153 lidar=ok rms=0.0334 time=130.47 ms | v=1.219 bg=0.00103 ba=0.30797
[tight-lio] t=1317401079.539 corr=4325 lidar=ok rms=0.0591 time=133.51 ms | v=1.188 bg=0.00103 ba=0.30765
[tight-lio] t=1317401079.643 corr=4466 lidar=ok rms=0.0591 time=132.25 ms | v=1.171 bg=0.00101 ba=0.30808
[tight-lio] t=1317401079.747 corr=4498 lidar=ok rms=0.0591 time=125.29 ms | v=1.179 bg=0.00099 ba=0.30862
[tight-lio] t=1317401079.851 corr=4451 lidar=ok rms=0.0588 time=94.27 ms | v=1.204 bg=0.00105 ba=0.30825
[tight-lio] t=1317401079.955 corr=4387 lidar=ok rms=0.0585 time=132.69 ms | v=1.215 bg=0.00110 ba=0.30786
[tight-lio] t=1317401080.059 corr=4455 lidar=ok rms=0.0486 time=131.54 ms | v=1.218 bg=0.00114 ba=0.30801
[tight-lio] t=1317401080.163 corr=4458 lidar=ok rms=0.0470 time=130.66 ms | v=1.216 bg=0.00117 ba=0.30735
[tight-lio] t=1317401080.267 corr=4438 lidar=ok rms=0.0429 time=131.41 ms | v=1.215 bg=0.00121 ba=0.30740
[tight-lio] t=1317401080.370 corr=4502 lidar=ok rms=0.0537 time=91.05 ms | v=1.217 bg=0.00125 ba=0.30789
[tight-lio] t=1317401080.474 corr=4363 lidar=ok rms=0.0613 time=130.35 ms | v=1.226 bg=0.00127 ba=0.30843
[tight-lio] t=1317401080.578 corr=4356 lidar=ok rms=0.0704 time=127.51 ms | v=1.265 bg=0.00130 ba=0.30847
[tight-lio] t=1317401080.682 corr=4435 lidar=ok rms=0.0536 time=105.59 ms | v=1.324 bg=0.00136 ba=0.30907
[tight-lio] t=1317401080.786 corr=4720 lidar=ok rms=0.0564 time=137.93 ms | v=1.427 bg=0.00147 ba=0.30971
[tight-lio] t=1317401080.890 corr=4475 lidar=ok rms=0.0388 time=157.89 ms | v=1.546 bg=0.00164 ba=0.30999
[tight-lio] t=1317401080.994 corr=4431 lidar=ok rms=0.0609 time=104.40 ms | v=1.689 bg=0.00183 ba=0.31038
[tight-lio] t=1317401081.097 corr=4388 lidar=ok rms=0.0687 time=146.82 ms | v=1.858 bg=0.00196 ba=0.30980
[tight-lio] t=1317401081.201 corr=4300 lidar=ok rms=0.0804 time=132.25 ms | v=2.046 bg=0.00209 ba=0.30736
[tight-lio] t=1317401081.305 corr=4247 lidar=ok rms=0.0816 time=137.44 ms | v=2.219 bg=0.00223 ba=0.30592
[tight-lio] t=1317401081.408 corr=4112 lidar=ok rms=0.0850 time=132.27 ms | v=2.376 bg=0.00240 ba=0.30540
[tight-lio] t=1317401081.512 corr=4162 lidar=ok rms=0.0472 time=144.15 ms | v=2.532 bg=0.00255 ba=0.30513
[tight-lio] t=1317401081.616 corr=4090 lidar=ok rms=0.0652 time=138.15 ms | v=2.695 bg=0.00271 ba=0.30270
[tight-lio] t=1317401081.719 corr=4299 lidar=ok rms=0.0754 time=161.46 ms | v=2.797 bg=0.00297 ba=0.30566
[tight-lio] t=1317401081.823 corr=4128 lidar=ok rms=0.0664 time=98.75 ms | v=2.937 bg=0.00302 ba=0.30303
[tight-lio] t=1317401081.927 corr=4273 lidar=ok rms=0.0586 time=133.77 ms | v=3.021 bg=0.00310 ba=0.30607
[tight-lio] t=1317401082.030 corr=4224 lidar=ok rms=0.0509 time=146.00 ms | v=3.112 bg=0.00320 ba=0.30804
[tight-lio] t=1317401082.134 corr=4034 lidar=ok rms=0.0457 time=129.28 ms | v=3.211 bg=0.00328 ba=0.30823
[tight-lio] t=1317401082.238 corr=4205 lidar=ok rms=0.0668 time=132.58 ms | v=3.286 bg=0.00333 ba=0.30932
[tight-lio] t=1317401082.341 corr=4265 lidar=ok rms=0.0398 time=132.11 ms | v=3.367 bg=0.00339 ba=0.30904
[tight-lio] t=1317401082.445 corr=4146 lidar=ok rms=0.0568 time=140.65 ms | v=3.454 bg=0.00342 ba=0.30885
[tight-lio] t=1317401082.549 corr=4132 lidar=ok rms=0.0559 time=131.58 ms | v=3.568 bg=0.00344 ba=0.30869
[tight-lio] t=1317401082.653 corr=4160 lidar=ok rms=0.0501 time=134.54 ms | v=3.706 bg=0.00350 ba=0.30782
[tight-lio] t=1317401082.757 corr=4245 lidar=ok rms=0.0677 time=130.86 ms | v=3.875 bg=0.00352 ba=0.30557
[tight-lio] t=1317401082.860 corr=4310 lidar=ok rms=0.0567 time=138.87 ms | v=4.035 bg=0.00347 ba=0.30563
[tight-lio] t=1317401082.964 corr=4372 lidar=ok rms=0.0449 time=133.04 ms | v=4.201 bg=0.00340 ba=0.30517
[tight-lio] t=1317401083.068 corr=4280 lidar=ok rms=0.0466 time=135.06 ms | v=4.368 bg=0.00337 ba=0.30528
[tight-lio] t=1317401083.172 corr=4195 lidar=ok rms=0.0512 time=130.00 ms | v=4.517 bg=0.00333 ba=0.30314
[tight-lio] t=1317401083.276 corr=4230 lidar=ok rms=0.0441 time=131.12 ms | v=4.687 bg=0.00332 ba=0.30225
[tight-lio] t=1317401083.379 corr=4299 lidar=ok rms=0.0387 time=131.16 ms | v=4.830 bg=0.00334 ba=0.30226
[tight-lio] t=1317401083.483 corr=4255 lidar=ok rms=0.0621 time=130.41 ms | v=4.969 bg=0.00342 ba=0.30291
[tight-lio] t=1317401083.587 corr=4124 lidar=ok rms=0.0355 time=128.25 ms | v=5.142 bg=0.00334 ba=0.30128
[tight-lio] t=1317401083.691 corr=4215 lidar=ok rms=0.0440 time=138.64 ms | v=5.310 bg=0.00327 ba=0.29880
[tight-lio] t=1317401083.795 corr=4288 lidar=ok rms=0.0425 time=135.10 ms | v=5.501 bg=0.00318 ba=0.29843
[tight-lio] t=1317401083.899 corr=4245 lidar=ok rms=0.0433 time=139.69 ms | v=5.692 bg=0.00299 ba=0.29677
[tight-lio] t=1317401084.003 corr=4249 lidar=ok rms=0.0472 time=144.26 ms | v=5.863 bg=0.00266 ba=0.29629
[tight-lio] t=1317401084.107 corr=4021 lidar=ok rms=0.0420 time=143.61 ms | v=6.056 bg=0.00232 ba=0.29512
[tight-lio] t=1317401084.211 corr=4106 lidar=ok rms=0.0478 time=144.51 ms | v=6.234 bg=0.00199 ba=0.29315
[tight-lio] t=1317401084.315 corr=4170 lidar=ok rms=0.0605 time=133.05 ms | v=6.412 bg=0.00161 ba=0.29271
[tight-lio] t=1317401084.419 corr=4276 lidar=ok rms=0.0453 time=154.62 ms | v=6.633 bg=0.00128 ba=0.28975
[tight-lio] t=1317401084.524 corr=4230 lidar=ok rms=0.0456 time=153.90 ms | v=6.864 bg=0.00102 ba=0.28827
[tight-lio] t=1317401084.628 corr=4119 lidar=ok rms=0.0459 time=147.01 ms | v=7.090 bg=0.00095 ba=0.28943
[tight-lio] t=1317401084.733 corr=4149 lidar=ok rms=0.0436 time=155.01 ms | v=7.279 bg=0.00081 ba=0.29073
[tight-lio] t=1317401084.837 corr=4245 lidar=ok rms=0.0447 time=147.82 ms | v=7.477 bg=0.00074 ba=0.29013
[tight-lio] t=1317401084.942 corr=4039 lidar=ok rms=0.0554 time=143.95 ms | v=7.667 bg=0.00096 ba=0.29110
[tight-lio] t=1317401085.046 corr=3868 lidar=ok rms=0.0460 time=124.60 ms | v=7.897 bg=0.00120 ba=0.28880
[tight-lio] t=1317401085.150 corr=3515 lidar=ok rms=0.0419 time=115.24 ms | v=8.112 bg=0.00124 ba=0.28937
[tight-lio] t=1317401085.255 corr=3650 lidar=ok rms=0.0458 time=117.68 ms | v=8.316 bg=0.00112 ba=0.29053
[tight-lio] t=1317401085.359 corr=3523 lidar=ok rms=0.0605 time=92.13 ms | v=8.518 bg=0.00094 ba=0.28890
[tight-lio] t=1317401085.463 corr=3496 lidar=ok rms=0.0487 time=114.62 ms | v=8.704 bg=0.00091 ba=0.28652
[tight-lio] t=1317401085.568 corr=3560 lidar=ok rms=0.0460 time=121.72 ms | v=8.896 bg=0.00087 ba=0.28503
[tight-lio] t=1317401085.672 corr=3589 lidar=ok rms=0.0427 time=118.71 ms | v=9.094 bg=0.00099 ba=0.28123
[tight-lio] t=1317401085.776 corr=3749 lidar=ok rms=0.0450 time=138.57 ms | v=9.310 bg=0.00131 ba=0.27752
[tight-lio] t=1317401085.880 corr=3935 lidar=ok rms=0.0513 time=143.62 ms | v=9.514 bg=0.00119 ba=0.27467
[tight-lio] t=1317401085.984 corr=3810 lidar=ok rms=0.0554 time=136.17 ms | v=9.703 bg=0.00126 ba=0.27463
[tight-lio] t=1317401086.088 corr=4023 lidar=ok rms=0.0431 time=145.16 ms | v=9.869 bg=0.00134 ba=0.27420
[tight-lio] t=1317401086.192 corr=4117 lidar=ok rms=0.0405 time=146.19 ms | v=9.974 bg=0.00117 ba=0.27490
[tight-lio] t=1317401086.296 corr=4141 lidar=ok rms=0.0387 time=131.15 ms | v=10.038 bg=0.00096 ba=0.27484
[tight-lio] t=1317401086.400 corr=4229 lidar=ok rms=0.0454 time=132.84 ms | v=10.071 bg=0.00083 ba=0.27568
[tight-lio] t=1317401086.504 corr=4268 lidar=ok rms=0.0400 time=132.91 ms | v=10.109 bg=0.00070 ba=0.27552
[tight-lio] t=1317401086.608 corr=4292 lidar=ok rms=0.0424 time=143.45 ms | v=10.140 bg=0.00064 ba=0.27461
[tight-lio] t=1317401086.712 corr=4244 lidar=ok rms=0.0456 time=145.65 ms | v=10.190 bg=0.00060 ba=0.27378
[tight-lio] t=1317401086.816 corr=4315 lidar=ok rms=0.0481 time=134.12 ms | v=10.248 bg=0.00070 ba=0.27163
[tight-lio] t=1317401086.920 corr=4146 lidar=ok rms=0.0457 time=145.68 ms | v=10.313 bg=0.00088 ba=0.27128
[tight-lio] t=1317401087.024 corr=4213 lidar=ok rms=0.0456 time=139.55 ms | v=10.383 bg=0.00100 ba=0.27106
[tight-lio] t=1317401087.127 corr=4231 lidar=ok rms=0.0388 time=135.03 ms | v=10.409 bg=0.00095 ba=0.26881
[tight-lio] t=1317401087.231 corr=4247 lidar=ok rms=0.0472 time=149.17 ms | v=10.425 bg=0.00097 ba=0.26809
[tight-lio] t=1317401087.335 corr=3956 lidar=ok rms=0.0403 time=130.82 ms | v=10.459 bg=0.00103 ba=0.26763
[tight-lio] t=1317401087.439 corr=3892 lidar=ok rms=0.0449 time=131.36 ms | v=10.502 bg=0.00101 ba=0.26785
[tight-lio] t=1317401087.543 corr=3997 lidar=ok rms=0.0471 time=144.60 ms | v=10.520 bg=0.00089 ba=0.26740
[tight-lio] t=1317401087.647 corr=3823 lidar=ok rms=0.0378 time=130.08 ms | v=10.547 bg=0.00090 ba=0.26666
[tight-lio] t=1317401087.751 corr=3606 lidar=ok rms=0.0478 time=123.92 ms | v=10.580 bg=0.00093 ba=0.26648
[tight-lio] t=1317401087.855 corr=3583 lidar=ok rms=0.0371 time=120.84 ms | v=10.622 bg=0.00094 ba=0.26661
[tight-lio] t=1317401087.959 corr=3663 lidar=ok rms=0.0422 time=125.19 ms | v=10.662 bg=0.00093 ba=0.26500
[tight-lio] t=1317401088.063 corr=3409 lidar=ok rms=0.0560 time=118.55 ms | v=10.694 bg=0.00093 ba=0.26492
[tight-lio] t=1317401088.167 corr=3302 lidar=ok rms=0.0520 time=118.97 ms | v=10.752 bg=0.00102 ba=0.26479
[tight-lio] t=1317401088.271 corr=3350 lidar=ok rms=0.0477 time=117.59 ms | v=10.807 bg=0.00118 ba=0.26397
[tight-lio] t=1317401088.375 corr=3239 lidar=ok rms=0.0469 time=118.85 ms | v=10.843 bg=0.00114 ba=0.26423
[tight-lio] t=1317401088.479 corr=3198 lidar=ok rms=0.0408 time=117.73 ms | v=10.852 bg=0.00107 ba=0.26475
[tight-lio] t=1317401088.583 corr=3177 lidar=ok rms=0.0416 time=116.68 ms | v=10.892 bg=0.00114 ba=0.26388
[tight-lio] t=1317401088.687 corr=3250 lidar=ok rms=0.0446 time=115.46 ms | v=10.930 bg=0.00126 ba=0.26357
[tight-lio] t=1317401088.791 corr=3059 lidar=ok rms=0.0407 time=115.01 ms | v=10.966 bg=0.00133 ba=0.26359
[tight-lio] t=1317401088.895 corr=2975 lidar=ok rms=0.0418 time=109.63 ms | v=10.997 bg=0.00128 ba=0.26406
[tight-lio] t=1317401088.999 corr=3032 lidar=ok rms=0.0413 time=110.60 ms | v=11.022 bg=0.00124 ba=0.26471
[tight-lio] t=1317401089.103 corr=3008 lidar=ok rms=0.0466 time=108.54 ms | v=11.056 bg=0.00122 ba=0.26392
[tight-lio] t=1317401089.207 corr=2970 lidar=ok rms=0.0409 time=137.88 ms | v=11.094 bg=0.00122 ba=0.26336
[tight-lio] t=1317401089.311 corr=2859 lidar=ok rms=0.0446 time=106.60 ms | v=11.133 bg=0.00128 ba=0.26331
[tight-lio] t=1317401089.415 corr=2884 lidar=ok rms=0.0527 time=110.78 ms | v=11.182 bg=0.00130 ba=0.26177
[tight-lio] t=1317401089.519 corr=2926 lidar=ok rms=0.0438 time=137.33 ms | v=11.200 bg=0.00127 ba=0.26297
[tight-lio] t=1317401089.623 corr=2801 lidar=ok rms=0.0441 time=114.00 ms | v=11.233 bg=0.00124 ba=0.26341
[tight-lio] t=1317401089.726 corr=2905 lidar=ok rms=0.0536 time=114.38 ms | v=11.250 bg=0.00114 ba=0.26283
[tight-lio] t=1317401089.830 corr=2740 lidar=ok rms=0.0438 time=103.87 ms | v=11.280 bg=0.00109 ba=0.26307
[tight-lio] t=1317401089.934 corr=2623 lidar=ok rms=0.0539 time=104.30 ms | v=11.325 bg=0.00114 ba=0.26276
[tight-lio] t=1317401090.038 corr=2756 lidar=ok rms=0.0560 time=107.55 ms | v=11.363 bg=0.00120 ba=0.26329
[tight-lio] t=1317401090.142 corr=2796 lidar=ok rms=0.0453 time=117.53 ms | v=11.393 bg=0.00109 ba=0.26272
[tight-lio] t=1317401090.246 corr=2821 lidar=ok rms=0.0417 time=107.31 ms | v=11.427 bg=0.00110 ba=0.26292
[tight-lio] t=1317401090.349 corr=2852 lidar=ok rms=0.0570 time=120.87 ms | v=11.462 bg=0.00111 ba=0.26289
[tight-lio] t=1317401090.453 corr=2750 lidar=ok rms=0.0426 time=117.20 ms | v=11.491 bg=0.00105 ba=0.26327
[tight-lio] t=1317401090.557 corr=2798 lidar=ok rms=0.0474 time=108.19 ms | v=11.530 bg=0.00098 ba=0.26247
[tight-lio] t=1317401090.661 corr=2602 lidar=ok rms=0.0432 time=105.74 ms | v=11.560 bg=0.00100 ba=0.26270
[tight-lio] t=1317401090.764 corr=2647 lidar=ok rms=0.0435 time=110.22 ms | v=11.574 bg=0.00098 ba=0.26326
[tight-lio] t=1317401090.868 corr=2902 lidar=ok rms=0.0447 time=109.91 ms | v=11.594 bg=0.00102 ba=0.26278
[tight-lio] t=1317401090.972 corr=3104 lidar=ok rms=0.0471 time=112.52 ms | v=11.591 bg=0.00112 ba=0.26437
[tight-lio] t=1317401091.076 corr=2997 lidar=ok rms=0.0509 time=116.27 ms | v=11.597 bg=0.00115 ba=0.26498
[tight-lio] t=1317401091.179 corr=3012 lidar=ok rms=0.0441 time=112.17 ms | v=11.585 bg=0.00107 ba=0.26599
[tight-lio] t=1317401091.283 corr=3010 lidar=ok rms=0.0545 time=110.42 ms | v=11.542 bg=0.00097 ba=0.26861
[tight-lio] t=1317401091.387 corr=2967 lidar=ok rms=0.0512 time=111.76 ms | v=11.538 bg=0.00096 ba=0.26868
[tight-lio] t=1317401091.491 corr=2807 lidar=ok rms=0.0524 time=105.64 ms | v=11.536 bg=0.00097 ba=0.26860
[tight-lio] t=1317401091.594 corr=2995 lidar=ok rms=0.0431 time=108.36 ms | v=11.530 bg=0.00105 ba=0.26898
[tight-lio] t=1317401091.698 corr=2974 lidar=ok rms=0.0509 time=118.32 ms | v=11.532 bg=0.00111 ba=0.26841
[tight-lio] t=1317401091.802 corr=3064 lidar=ok rms=0.0558 time=116.54 ms | v=11.488 bg=0.00112 ba=0.27179
[tight-lio] t=1317401091.906 corr=3031 lidar=ok rms=0.0445 time=109.73 ms | v=11.467 bg=0.00102 ba=0.27250
[tight-lio] t=1317401092.009 corr=3105 lidar=ok rms=0.0496 time=113.55 ms | v=11.436 bg=0.00095 ba=0.27372
[tight-lio] t=1317401092.113 corr=3127 lidar=ok rms=0.0453 time=109.52 ms | v=11.400 bg=0.00096 ba=0.27641
[tight-lio] t=1317401092.217 corr=3066 lidar=ok rms=0.0471 time=77.90 ms | v=11.412 bg=0.00103 ba=0.27586
[tight-lio] t=1317401092.321 corr=3085 lidar=ok rms=0.0499 time=108.02 ms | v=11.401 bg=0.00108 ba=0.27695
[tight-lio] t=1317401092.425 corr=3005 lidar=ok rms=0.0516 time=106.87 ms | v=11.379 bg=0.00109 ba=0.27831
[tight-lio] t=1317401092.529 corr=3095 lidar=ok rms=0.0434 time=110.75 ms | v=11.360 bg=0.00108 ba=0.27951
[tight-lio] t=1317401092.632 corr=3009 lidar=ok rms=0.0513 time=80.29 ms | v=11.335 bg=0.00108 ba=0.28180
[tight-lio] t=1317401092.736 corr=3092 lidar=ok rms=0.0409 time=108.55 ms | v=11.313 bg=0.00099 ba=0.28277
[tight-lio] t=1317401092.840 corr=3121 lidar=ok rms=0.0650 time=115.30 ms | v=11.293 bg=0.00089 ba=0.28334
[tight-lio] t=1317401092.944 corr=3058 lidar=ok rms=0.0521 time=109.61 ms | v=11.270 bg=0.00091 ba=0.28540
[tight-lio] t=1317401093.048 corr=3209 lidar=ok rms=0.0509 time=111.05 ms | v=11.278 bg=0.00091 ba=0.28514
[tight-lio] t=1317401093.151 corr=3054 lidar=ok rms=0.0517 time=119.12 ms | v=11.274 bg=0.00100 ba=0.28701
[tight-lio] t=1317401093.255 corr=3087 lidar=ok rms=0.0435 time=117.44 ms | v=11.290 bg=0.00109 ba=0.28865
[tight-lio] t=1317401093.359 corr=2931 lidar=ok rms=0.0436 time=105.36 ms | v=11.317 bg=0.00104 ba=0.28953
[tight-lio] t=1317401093.463 corr=3186 lidar=ok rms=0.0402 time=108.35 ms | v=11.345 bg=0.00099 ba=0.29085
[tight-lio] t=1317401093.567 corr=3014 lidar=ok rms=0.0489 time=111.59 ms | v=11.374 bg=0.00102 ba=0.29378
[tight-lio] t=1317401093.671 corr=3060 lidar=ok rms=0.0494 time=111.65 ms | v=11.429 bg=0.00097 ba=0.29432
[tight-lio] t=1317401093.774 corr=3055 lidar=ok rms=0.0472 time=77.15 ms | v=11.473 bg=0.00084 ba=0.29579
[tight-lio] t=1317401093.878 corr=3012 lidar=ok rms=0.0478 time=96.84 ms | v=11.535 bg=0.00081 ba=0.29662
[tight-lio] t=1317401093.982 corr=2948 lidar=ok rms=0.0461 time=109.81 ms | v=11.607 bg=0.00088 ba=0.29746
[tight-lio] t=1317401094.086 corr=2956 lidar=ok rms=0.0394 time=71.57 ms | v=11.669 bg=0.00093 ba=0.29909
[tight-lio] t=1317401094.190 corr=2869 lidar=ok rms=0.0557 time=100.15 ms | v=11.750 bg=0.00103 ba=0.29954
[tight-lio] t=1317401094.293 corr=3089 lidar=ok rms=0.0467 time=102.50 ms | v=11.822 bg=0.00109 ba=0.30099
[tight-lio] t=1317401094.397 corr=3061 lidar=ok rms=0.0444 time=102.24 ms | v=11.880 bg=0.00096 ba=0.30241
[tight-lio] t=1317401094.501 corr=3012 lidar=ok rms=0.0413 time=72.93 ms | v=11.947 bg=0.00082 ba=0.30237
[tight-lio] t=1317401094.605 corr=3133 lidar=ok rms=0.0401 time=109.75 ms | v=12.019 bg=0.00082 ba=0.30289
[tight-lio] t=1317401094.709 corr=3130 lidar=ok rms=0.0471 time=102.04 ms | v=12.094 bg=0.00088 ba=0.30368
[tight-lio] t=1317401094.812 corr=3045 lidar=ok rms=0.0466 time=74.03 ms | v=12.162 bg=0.00100 ba=0.30523
[tight-lio] t=1317401094.916 corr=3062 lidar=ok rms=0.0465 time=75.14 ms | v=12.233 bg=0.00116 ba=0.30656
[tight-lio] t=1317401095.020 corr=3068 lidar=ok rms=0.0491 time=103.80 ms | v=12.278 bg=0.00117 ba=0.30783
[tight-lio] t=1317401095.124 corr=3249 lidar=ok rms=0.0475 time=124.98 ms | v=12.290 bg=0.00106 ba=0.30975
[tight-lio] t=1317401095.227 corr=3375 lidar=ok rms=0.0530 time=110.06 ms | v=12.295 bg=0.00094 ba=0.31079
[tight-lio] t=1317401095.331 corr=3353 lidar=ok rms=0.0441 time=112.80 ms | v=12.280 bg=0.00093 ba=0.31345
[tight-lio] t=1317401095.435 corr=3256 lidar=ok rms=0.0548 time=77.68 ms | v=12.267 bg=0.00096 ba=0.31500
[tight-lio] t=1317401095.539 corr=3498 lidar=ok rms=0.0455 time=84.01 ms | v=12.246 bg=0.00094 ba=0.31690
[tight-lio] t=1317401095.642 corr=3569 lidar=ok rms=0.0416 time=116.91 ms | v=12.243 bg=0.00102 ba=0.31840
[tight-lio] t=1317401095.746 corr=3204 lidar=ok rms=0.0482 time=109.29 ms | v=12.258 bg=0.00115 ba=0.31970
[tight-lio] t=1317401095.850 corr=3530 lidar=ok rms=0.0464 time=112.67 ms | v=12.249 bg=0.00113 ba=0.32142
[tight-lio] t=1317401095.954 corr=3429 lidar=ok rms=0.0508 time=111.72 ms | v=12.222 bg=0.00100 ba=0.32291
[tight-lio] t=1317401096.057 corr=3579 lidar=ok rms=0.0513 time=113.26 ms | v=12.194 bg=0.00101 ba=0.32497
[tight-lio] t=1317401096.161 corr=3562 lidar=ok rms=0.0489 time=106.46 ms | v=12.189 bg=0.00102 ba=0.32507
[tight-lio] t=1317401096.265 corr=3673 lidar=ok rms=0.0486 time=115.31 ms | v=12.165 bg=0.00103 ba=0.32664
[tight-lio] t=1317401096.369 corr=3697 lidar=ok rms=0.0442 time=114.41 ms | v=12.144 bg=0.00111 ba=0.32901
[tight-lio] t=1317401096.473 corr=3475 lidar=ok rms=0.0448 time=111.51 ms | v=12.133 bg=0.00119 ba=0.33049
[tight-lio] t=1317401096.576 corr=3435 lidar=ok rms=0.0507 time=111.50 ms | v=12.106 bg=0.00111 ba=0.33253
[tight-lio] t=1317401096.680 corr=3415 lidar=ok rms=0.0457 time=111.30 ms | v=12.087 bg=0.00095 ba=0.33301
[tight-lio] t=1317401096.784 corr=3424 lidar=ok rms=0.0449 time=114.36 ms | v=12.058 bg=0.00089 ba=0.33544
[tight-lio] t=1317401096.888 corr=3541 lidar=ok rms=0.0451 time=119.00 ms | v=12.049 bg=0.00097 ba=0.33649
[tight-lio] t=1317401096.991 corr=3579 lidar=ok rms=0.0511 time=115.23 ms | v=12.035 bg=0.00099 ba=0.33794
[tight-lio] t=1317401097.095 corr=3727 lidar=ok rms=0.0526 time=129.48 ms | v=12.016 bg=0.00102 ba=0.33985
[tight-lio] t=1317401097.199 corr=3550 lidar=ok rms=0.0451 time=114.86 ms | v=11.995 bg=0.00100 ba=0.34096
[tight-lio] t=1317401097.303 corr=3533 lidar=ok rms=0.0449 time=118.57 ms | v=11.983 bg=0.00102 ba=0.34245
[tight-lio] t=1317401097.406 corr=3454 lidar=ok rms=0.0521 time=115.91 ms | v=11.976 bg=0.00112 ba=0.34365
[tight-lio] t=1317401097.510 corr=3589 lidar=ok rms=0.0414 time=116.98 ms | v=11.956 bg=0.00107 ba=0.34525
[tight-lio] t=1317401097.614 corr=3453 lidar=ok rms=0.0450 time=111.83 ms | v=11.938 bg=0.00099 ba=0.34585
[tight-lio] t=1317401097.718 corr=3538 lidar=ok rms=0.0430 time=113.51 ms | v=11.935 bg=0.00106 ba=0.34661
[tight-lio] t=1317401097.821 corr=3430 lidar=ok rms=0.0535 time=82.51 ms | v=11.939 bg=0.00123 ba=0.34802
[tight-lio] t=1317401097.925 corr=3632 lidar=ok rms=0.0456 time=114.85 ms | v=11.933 bg=0.00131 ba=0.34995
[tight-lio] t=1317401098.029 corr=3457 lidar=ok rms=0.0474 time=113.61 ms | v=11.909 bg=0.00112 ba=0.35152
[tight-lio] t=1317401098.133 corr=3508 lidar=ok rms=0.0560 time=115.76 ms | v=11.887 bg=0.00096 ba=0.35273
[tight-lio] t=1317401098.237 corr=3578 lidar=ok rms=0.0491 time=114.04 ms | v=11.875 bg=0.00089 ba=0.35405
[tight-lio] t=1317401098.340 corr=3516 lidar=ok rms=0.0546 time=112.40 ms | v=11.864 bg=0.00098 ba=0.35608
[tight-lio] t=1317401098.444 corr=3532 lidar=ok rms=0.0524 time=111.27 ms | v=11.869 bg=0.00093 ba=0.35578
[tight-lio] t=1317401098.548 corr=3434 lidar=ok rms=0.0478 time=79.66 ms | v=11.846 bg=0.00090 ba=0.35692
[tight-lio] t=1317401098.652 corr=3433 lidar=ok rms=0.0488 time=112.25 ms | v=11.839 bg=0.00095 ba=0.35786
[tight-lio] t=1317401098.756 corr=3468 lidar=ok rms=0.0603 time=113.54 ms | v=11.843 bg=0.00113 ba=0.35860
[tight-lio] t=1317401098.859 corr=3287 lidar=ok rms=0.0664 time=113.51 ms | v=11.857 bg=0.00132 ba=0.35971
[tight-lio] t=1317401098.963 corr=3489 lidar=ok rms=0.0503 time=114.87 ms | v=11.836 bg=0.00121 ba=0.36154
[tight-lio] t=1317401099.067 corr=3392 lidar=ok rms=0.0484 time=118.02 ms | v=11.817 bg=0.00101 ba=0.36243
[tight-lio] t=1317401099.171 corr=3506 lidar=ok rms=0.0507 time=114.29 ms | v=11.810 bg=0.00106 ba=0.36394
[tight-lio] t=1317401099.275 corr=3662 lidar=ok rms=0.0527 time=118.54 ms | v=11.793 bg=0.00110 ba=0.36570
[tight-lio] t=1317401099.378 corr=3669 lidar=ok rms=0.0454 time=115.55 ms | v=11.701 bg=0.00100 ba=0.36749
[tight-lio] t=1317401099.482 corr=3770 lidar=ok rms=0.0460 time=124.80 ms | v=11.486 bg=0.00103 ba=0.37004
[tight-lio] t=1317401099.586 corr=3622 lidar=ok rms=0.0411 time=118.63 ms | v=11.214 bg=0.00113 ba=0.37273
[tight-lio] t=1317401099.690 corr=3653 lidar=ok rms=0.0436 time=123.39 ms | v=10.908 bg=0.00112 ba=0.37617
[tight-lio] t=1317401099.794 corr=3598 lidar=ok rms=0.0411 time=115.37 ms | v=10.609 bg=0.00109 ba=0.37916
[tight-lio] t=1317401099.897 corr=3533 lidar=ok rms=0.0469 time=111.39 ms | v=10.355 bg=0.00108 ba=0.38158
[tight-lio] t=1317401100.001 corr=3638 lidar=ok rms=0.0474 time=117.41 ms | v=10.083 bg=0.00104 ba=0.38406
[tight-lio] t=1317401100.105 corr=3718 lidar=ok rms=0.0449 time=118.00 ms | v=9.768 bg=0.00099 ba=0.38693
[tight-lio] t=1317401100.209 corr=3771 lidar=ok rms=0.0518 time=119.45 ms | v=9.447 bg=0.00105 ba=0.38918
[tight-lio] t=1317401100.313 corr=3691 lidar=ok rms=0.0454 time=132.15 ms | v=9.152 bg=0.00106 ba=0.39178
[tight-lio] t=1317401100.417 corr=3492 lidar=ok rms=0.0449 time=125.00 ms | v=9.019 bg=0.00094 ba=0.39225
[tight-lio] t=1317401100.520 corr=3445 lidar=ok rms=0.0461 time=116.35 ms | v=8.951 bg=0.00086 ba=0.39349
[tight-lio] t=1317401100.624 corr=3349 lidar=ok rms=0.0457 time=115.47 ms | v=8.914 bg=0.00081 ba=0.39356
[tight-lio] t=1317401100.728 corr=3422 lidar=ok rms=0.0481 time=82.97 ms | v=8.887 bg=0.00083 ba=0.39396
[tight-lio] t=1317401100.832 corr=3640 lidar=ok rms=0.0580 time=129.38 ms | v=8.876 bg=0.00094 ba=0.39376
[tight-lio] t=1317401100.936 corr=3507 lidar=ok rms=0.0566 time=120.23 ms | v=8.867 bg=0.00103 ba=0.39369
[tight-lio] t=1317401101.040 corr=3583 lidar=ok rms=0.0432 time=121.64 ms | v=8.848 bg=0.00106 ba=0.39413
[tight-lio] t=1317401101.143 corr=3365 lidar=ok rms=0.0520 time=94.44 ms | v=8.827 bg=0.00109 ba=0.39457
[tight-lio] t=1317401101.247 corr=3575 lidar=ok rms=0.0468 time=122.14 ms | v=8.795 bg=0.00104 ba=0.39550
[tight-lio] t=1317401101.351 corr=3613 lidar=ok rms=0.0439 time=123.08 ms | v=8.775 bg=0.00097 ba=0.39535
[tight-lio] t=1317401101.455 corr=3451 lidar=ok rms=0.0440 time=119.81 ms | v=8.759 bg=0.00099 ba=0.39554
[tight-lio] t=1317401101.559 corr=3507 lidar=ok rms=0.0425 time=94.70 ms | v=8.756 bg=0.00100 ba=0.39619
[tight-lio] t=1317401101.663 corr=3494 lidar=ok rms=0.0480 time=84.00 ms | v=8.791 bg=0.00098 ba=0.39629
[tight-lio] t=1317401101.767 corr=3353 lidar=ok rms=0.0559 time=126.63 ms | v=8.839 bg=0.00093 ba=0.39641
[tight-lio] t=1317401101.870 corr=3423 lidar=ok rms=0.0434 time=116.30 ms | v=8.885 bg=0.00095 ba=0.39700
[tight-lio] t=1317401101.974 corr=3446 lidar=ok rms=0.0455 time=128.01 ms | v=8.958 bg=0.00103 ba=0.39662
[tight-lio] t=1317401102.078 corr=3420 lidar=ok rms=0.0461 time=119.26 ms | v=9.017 bg=0.00114 ba=0.39751
[tight-lio] t=1317401102.182 corr=3269 lidar=ok rms=0.0446 time=117.29 ms | v=9.062 bg=0.00110 ba=0.39885
[tight-lio] t=1317401102.286 corr=3342 lidar=ok rms=0.0489 time=133.21 ms | v=9.127 bg=0.00094 ba=0.39760
[tight-lio] t=1317401102.390 corr=3373 lidar=ok rms=0.0510 time=122.82 ms | v=9.195 bg=0.00092 ba=0.39743
[tight-lio] t=1317401102.494 corr=3333 lidar=ok rms=0.0463 time=124.37 ms | v=9.264 bg=0.00109 ba=0.39894
[tight-lio] t=1317401102.598 corr=3524 lidar=ok rms=0.0538 time=122.81 ms | v=9.332 bg=0.00118 ba=0.40103
[tight-lio] t=1317401102.702 corr=3542 lidar=ok rms=0.0497 time=126.55 ms | v=9.407 bg=0.00109 ba=0.40112
[tight-lio] t=1317401102.806 corr=3322 lidar=ok rms=0.0489 time=118.06 ms | v=9.477 bg=0.00112 ba=0.40280
[tight-lio] t=1317401102.910 corr=3209 lidar=ok rms=0.0495 time=117.11 ms | v=9.570 bg=0.00123 ba=0.40378
[tight-lio] t=1317401103.014 corr=3185 lidar=ok rms=0.0488 time=116.92 ms | v=9.655 bg=0.00121 ba=0.40476
[tight-lio] t=1317401103.117 corr=3191 lidar=ok rms=0.0475 time=115.23 ms | v=9.730 bg=0.00112 ba=0.40603
[tight-lio] t=1317401103.221 corr=3107 lidar=ok rms=0.0473 time=112.74 ms | v=9.811 bg=0.00112 ba=0.40709
[tight-lio] t=1317401103.325 corr=3102 lidar=ok rms=0.0463 time=110.80 ms | v=9.887 bg=0.00117 ba=0.40877
[tight-lio] t=1317401103.429 corr=2960 lidar=ok rms=0.0539 time=77.02 ms | v=9.963 bg=0.00111 ba=0.40909
[tight-lio] t=1317401103.533 corr=2865 lidar=ok rms=0.0428 time=110.66 ms | v=10.019 bg=0.00100 ba=0.41062
[tight-lio] t=1317401103.637 corr=3044 lidar=ok rms=0.0463 time=114.99 ms | v=10.074 bg=0.00093 ba=0.41243
[tight-lio] t=1317401103.741 corr=3015 lidar=ok rms=0.0493 time=80.23 ms | v=10.136 bg=0.00100 ba=0.41458
[tight-lio] t=1317401103.845 corr=2818 lidar=ok rms=0.0482 time=84.07 ms | v=10.221 bg=0.00111 ba=0.41555
[tight-lio] t=1317401103.949 corr=2724 lidar=ok rms=0.0447 time=104.16 ms | v=10.295 bg=0.00117 ba=0.41716
[tight-lio] t=1317401104.052 corr=2815 lidar=ok rms=0.0405 time=104.27 ms | v=10.361 bg=0.00101 ba=0.41819
[tight-lio] t=1317401104.156 corr=2709 lidar=ok rms=0.0490 time=74.71 ms | v=10.429 bg=0.00091 ba=0.41882
[tight-lio] t=1317401104.260 corr=2580 lidar=ok rms=0.0464 time=100.84 ms | v=10.499 bg=0.00088 ba=0.41995
[tight-lio] t=1317401104.364 corr=2524 lidar=ok rms=0.0445 time=100.10 ms | v=10.576 bg=0.00094 ba=0.42088
[tight-lio] t=1317401104.468 corr=2569 lidar=ok rms=0.0606 time=97.98 ms | v=10.654 bg=0.00098 ba=0.42195
[tight-lio] t=1317401104.572 corr=2568 lidar=ok rms=0.0351 time=104.05 ms | v=10.726 bg=0.00101 ba=0.42345
[tight-lio] t=1317401104.675 corr=2632 lidar=ok rms=0.0414 time=97.85 ms | v=10.808 bg=0.00103 ba=0.42443
[tight-lio] t=1317401104.779 corr=2633 lidar=ok rms=0.0468 time=101.56 ms | v=10.881 bg=0.00105 ba=0.42610
[tight-lio] t=1317401104.883 corr=2625 lidar=ok rms=0.0430 time=68.26 ms | v=10.968 bg=0.00105 ba=0.42646
[tight-lio] t=1317401104.987 corr=2730 lidar=ok rms=0.0408 time=98.28 ms | v=11.050 bg=0.00108 ba=0.42748
[tight-lio] t=1317401105.091 corr=2778 lidar=ok rms=0.0403 time=69.91 ms | v=11.136 bg=0.00103 ba=0.42795
[tight-lio] t=1317401105.194 corr=2901 lidar=ok rms=0.0485 time=123.35 ms | v=11.200 bg=0.00094 ba=0.43004
[tight-lio] t=1317401105.298 corr=2873 lidar=ok rms=0.0484 time=108.44 ms | v=11.269 bg=0.00083 ba=0.43094
[tight-lio] t=1317401105.402 corr=2826 lidar=ok rms=0.0531 time=110.13 ms | v=11.332 bg=0.00074 ba=0.43250
[tight-lio] t=1317401105.506 corr=2871 lidar=ok rms=0.0439 time=100.01 ms | v=11.410 bg=0.00081 ba=0.43328
[tight-lio] t=1317401105.609 corr=2997 lidar=ok rms=0.0601 time=107.00 ms | v=11.495 bg=0.00101 ba=0.43427
[tight-lio] t=1317401105.713 corr=3117 lidar=ok rms=0.0476 time=107.19 ms | v=11.574 bg=0.00113 ba=0.43586
[tight-lio] t=1317401105.817 corr=3032 lidar=ok rms=0.0490 time=106.51 ms | v=11.645 bg=0.00110 ba=0.43673
[tight-lio] t=1317401105.921 corr=3039 lidar=ok rms=0.0440 time=75.66 ms | v=11.710 bg=0.00100 ba=0.43783
[tight-lio] t=1317401106.024 corr=3144 lidar=ok rms=0.0450 time=108.57 ms | v=11.776 bg=0.00103 ba=0.43957
[tight-lio] t=1317401106.128 corr=3178 lidar=ok rms=0.0459 time=80.60 ms | v=11.863 bg=0.00104 ba=0.43964
[tight-lio] t=1317401106.232 corr=3121 lidar=ok rms=0.0461 time=107.30 ms | v=11.926 bg=0.00099 ba=0.44095
[tight-lio] t=1317401106.336 corr=3266 lidar=ok rms=0.0401 time=110.97 ms | v=11.996 bg=0.00095 ba=0.44190
[tight-lio] t=1317401106.439 corr=3346 lidar=ok rms=0.0447 time=75.61 ms | v=12.078 bg=0.00100 ba=0.44227
[tight-lio] t=1317401106.543 corr=3420 lidar=ok rms=0.0429 time=116.54 ms | v=12.135 bg=0.00103 ba=0.44445
[tight-lio] t=1317401106.647 corr=3416 lidar=ok rms=0.0405 time=108.26 ms | v=12.187 bg=0.00103 ba=0.44592
[tight-lio] t=1317401106.751 corr=3406 lidar=ok rms=0.0397 time=112.88 ms | v=12.212 bg=0.00105 ba=0.44931
[tight-lio] t=1317401106.855 corr=3407 lidar=ok rms=0.0443 time=120.96 ms | v=12.238 bg=0.00106 ba=0.45144
[tight-lio] t=1317401106.958 corr=3233 lidar=ok rms=0.0447 time=109.22 ms | v=12.248 bg=0.00105 ba=0.45320
[tight-lio] t=1317401107.062 corr=3341 lidar=ok rms=0.0468 time=113.89 ms | v=12.247 bg=0.00106 ba=0.45488
[tight-lio] t=1317401107.166 corr=3434 lidar=ok rms=0.0518 time=110.67 ms | v=12.238 bg=0.00105 ba=0.45635
[tight-lio] t=1317401107.270 corr=3405 lidar=ok rms=0.0433 time=84.53 ms | v=12.212 bg=0.00099 ba=0.45861
[tight-lio] t=1317401107.374 corr=3535 lidar=ok rms=0.0443 time=113.75 ms | v=12.202 bg=0.00100 ba=0.45997
[tight-lio] t=1317401107.477 corr=3583 lidar=ok rms=0.0457 time=115.46 ms | v=12.199 bg=0.00104 ba=0.46144
[tight-lio] t=1317401107.581 corr=3800 lidar=ok rms=0.0419 time=116.91 ms | v=12.190 bg=0.00107 ba=0.46286
[tight-lio] t=1317401107.685 corr=4075 lidar=ok rms=0.0426 time=119.40 ms | v=12.165 bg=0.00106 ba=0.46492
[tight-lio] t=1317401107.789 corr=4136 lidar=ok rms=0.0569 time=121.13 ms | v=12.140 bg=0.00107 ba=0.46654
[tight-lio] t=1317401107.893 corr=4168 lidar=ok rms=0.0494 time=126.44 ms | v=12.120 bg=0.00109 ba=0.46746
[tight-lio] t=1317401107.997 corr=3876 lidar=ok rms=0.0471 time=123.20 ms | v=12.097 bg=0.00116 ba=0.46867
[tight-lio] t=1317401108.100 corr=3813 lidar=ok rms=0.0492 time=120.96 ms | v=12.075 bg=0.00120 ba=0.47062
[tight-lio] t=1317401108.204 corr=3582 lidar=ok rms=0.0453 time=117.34 ms | v=12.046 bg=0.00117 ba=0.47231
[tight-lio] t=1317401108.308 corr=3691 lidar=ok rms=0.0621 time=118.35 ms | v=12.017 bg=0.00103 ba=0.47339
[tight-lio] t=1317401108.412 corr=3582 lidar=ok rms=0.0576 time=115.52 ms | v=12.005 bg=0.00101 ba=0.47371
[tight-lio] t=1317401108.515 corr=3445 lidar=ok rms=0.0492 time=115.58 ms | v=12.008 bg=0.00123 ba=0.47476
[tight-lio] t=1317401108.619 corr=3461 lidar=ok rms=0.0520 time=112.51 ms | v=12.004 bg=0.00133 ba=0.47651
[tight-lio] t=1317401108.723 corr=3531 lidar=ok rms=0.0536 time=115.00 ms | v=11.990 bg=0.00106 ba=0.47635
[tight-lio] t=1317401108.827 corr=3590 lidar=ok rms=0.0475 time=126.02 ms | v=11.955 bg=0.00083 ba=0.47748
[tight-lio] t=1317401108.930 corr=3562 lidar=ok rms=0.0440 time=116.25 ms | v=11.935 bg=0.00083 ba=0.47887
[tight-lio] t=1317401109.034 corr=3687 lidar=ok rms=0.0462 time=117.82 ms | v=11.927 bg=0.00097 ba=0.48077
[tight-lio] t=1317401109.138 corr=3459 lidar=ok rms=0.0427 time=117.10 ms | v=11.931 bg=0.00111 ba=0.48155
[tight-lio] t=1317401109.242 corr=3504 lidar=ok rms=0.0437 time=116.14 ms | v=11.922 bg=0.00114 ba=0.48313
[tight-lio] t=1317401109.345 corr=3584 lidar=ok rms=0.0406 time=117.41 ms | v=11.916 bg=0.00119 ba=0.48411
[tight-lio] t=1317401109.449 corr=3679 lidar=ok rms=0.0473 time=106.23 ms | v=11.910 bg=0.00115 ba=0.48504
[tight-lio] t=1317401109.553 corr=3690 lidar=ok rms=0.0396 time=118.12 ms | v=11.902 bg=0.00113 ba=0.48619
[tight-lio] t=1317401109.657 corr=3639 lidar=ok rms=0.0575 time=121.63 ms | v=11.893 bg=0.00107 ba=0.48718
[tight-lio] t=1317401109.760 corr=3666 lidar=ok rms=0.0442 time=87.09 ms | v=11.885 bg=0.00104 ba=0.48810
[tight-lio] t=1317401109.864 corr=3553 lidar=ok rms=0.0513 time=117.86 ms | v=11.879 bg=0.00102 ba=0.48939
[tight-lio] t=1317401109.968 corr=3616 lidar=ok rms=0.0382 time=121.91 ms | v=11.869 bg=0.00107 ba=0.49133
[tight-lio] t=1317401110.072 corr=3449 lidar=ok rms=0.0475 time=82.92 ms | v=11.871 bg=0.00108 ba=0.49226
[tight-lio] t=1317401110.175 corr=3684 lidar=ok rms=0.0428 time=120.40 ms | v=11.877 bg=0.00109 ba=0.49324
[tight-lio] t=1317401110.279 corr=3529 lidar=ok rms=0.0399 time=118.22 ms | v=11.880 bg=0.00108 ba=0.49404
[tight-lio] t=1317401110.383 corr=3317 lidar=ok rms=0.0427 time=116.70 ms | v=11.881 bg=0.00102 ba=0.49499
[tight-lio] t=1317401110.486 corr=3316 lidar=ok rms=0.0424 time=113.97 ms | v=11.886 bg=0.00098 ba=0.49571
[tight-lio] t=1317401110.590 corr=3128 lidar=ok rms=0.0416 time=106.90 ms | v=11.902 bg=0.00098 ba=0.49579
[tight-lio] t=1317401110.694 corr=3199 lidar=ok rms=0.0451 time=116.18 ms | v=11.912 bg=0.00103 ba=0.49719
[tight-lio] t=1317401110.798 corr=3363 lidar=ok rms=0.0417 time=82.55 ms | v=11.920 bg=0.00109 ba=0.49903
[tight-lio] t=1317401110.902 corr=3567 lidar=ok rms=0.0431 time=120.42 ms | v=11.929 bg=0.00113 ba=0.50065
[tight-lio] t=1317401111.005 corr=3422 lidar=ok rms=0.0472 time=74.27 ms | v=11.947 bg=0.00114 ba=0.50131
[tight-lio] t=1317401111.109 corr=3440 lidar=ok rms=0.0380 time=114.51 ms | v=11.952 bg=0.00107 ba=0.50274
[tight-lio] t=1317401111.213 corr=3691 lidar=ok rms=0.0400 time=118.34 ms | v=11.955 bg=0.00098 ba=0.50396
[tight-lio] t=1317401111.316 corr=3643 lidar=ok rms=0.0478 time=119.30 ms | v=11.964 bg=0.00096 ba=0.50509
[tight-lio] t=1317401111.420 corr=3563 lidar=ok rms=0.0399 time=117.22 ms | v=11.985 bg=0.00104 ba=0.50583
[tight-lio] t=1317401111.524 corr=3558 lidar=ok rms=0.0394 time=120.30 ms | v=12.001 bg=0.00114 ba=0.50739
[tight-lio] t=1317401111.628 corr=3566 lidar=ok rms=0.0484 time=84.19 ms | v=12.017 bg=0.00110 ba=0.50826
[tight-lio] t=1317401111.732 corr=3542 lidar=ok rms=0.0443 time=115.31 ms | v=12.017 bg=0.00105 ba=0.51009
[tight-lio] t=1317401111.835 corr=3559 lidar=ok rms=0.0392 time=114.67 ms | v=12.033 bg=0.00106 ba=0.51085
[tight-lio] t=1317401111.939 corr=3616 lidar=ok rms=0.0432 time=84.26 ms | v=12.053 bg=0.00108 ba=0.51148
[tight-lio] t=1317401112.043 corr=3778 lidar=ok rms=0.0378 time=119.23 ms | v=12.067 bg=0.00107 ba=0.51255
[tight-lio] t=1317401112.147 corr=3869 lidar=ok rms=0.0352 time=117.83 ms | v=12.083 bg=0.00112 ba=0.51338
[tight-lio] t=1317401112.250 corr=3766 lidar=ok rms=0.0420 time=120.58 ms | v=12.097 bg=0.00113 ba=0.51457
[tight-lio] t=1317401112.354 corr=3748 lidar=ok rms=0.0374 time=116.18 ms | v=12.106 bg=0.00114 ba=0.51602
[tight-lio] t=1317401112.458 corr=3730 lidar=ok rms=0.0476 time=108.89 ms | v=12.124 bg=0.00112 ba=0.51648
[tight-lio] t=1317401112.562 corr=3776 lidar=ok rms=0.0371 time=123.14 ms | v=12.139 bg=0.00108 ba=0.51730
[tight-lio] t=1317401112.665 corr=3751 lidar=ok rms=0.0483 time=122.16 ms | v=12.155 bg=0.00115 ba=0.51879
[tight-lio] t=1317401112.769 corr=3784 lidar=ok rms=0.0441 time=125.46 ms | v=12.175 bg=0.00119 ba=0.52001
[tight-lio] t=1317401112.873 corr=3700 lidar=ok rms=0.0430 time=120.27 ms | v=12.192 bg=0.00115 ba=0.52078
[tight-lio] t=1317401112.977 corr=3568 lidar=ok rms=0.0428 time=116.99 ms | v=12.214 bg=0.00119 ba=0.52145
[tight-lio] t=1317401113.080 corr=3580 lidar=ok rms=0.0480 time=82.40 ms | v=12.240 bg=0.00122 ba=0.52181
[tight-lio] t=1317401113.184 corr=3436 lidar=ok rms=0.0471 time=114.06 ms | v=12.248 bg=0.00126 ba=0.52309
[tight-lio] t=1317401113.288 corr=3402 lidar=ok rms=0.0632 time=81.15 ms | v=12.259 bg=0.00120 ba=0.52292
[tight-lio] t=1317401113.392 corr=3407 lidar=ok rms=0.0491 time=112.01 ms | v=12.251 bg=0.00119 ba=0.52423
[tight-lio] t=1317401113.495 corr=3309 lidar=ok rms=0.0482 time=109.22 ms | v=12.236 bg=0.00121 ba=0.52643
[tight-lio] t=1317401113.599 corr=3231 lidar=ok rms=0.0425 time=85.02 ms | v=12.223 bg=0.00109 ba=0.52681
[tight-lio] t=1317401113.703 corr=3104 lidar=ok rms=0.0518 time=105.83 ms | v=12.174 bg=0.00084 ba=0.52926
[tight-lio] t=1317401113.807 corr=3122 lidar=ok rms=0.0508 time=107.08 ms | v=12.141 bg=0.00080 ba=0.53086
[tight-lio] t=1317401113.910 corr=3064 lidar=ok rms=0.0431 time=104.51 ms | v=12.138 bg=0.00100 ba=0.53203
[tight-lio] t=1317401114.014 corr=3109 lidar=ok rms=0.0501 time=98.04 ms | v=12.118 bg=0.00111 ba=0.53348
[tight-lio] t=1317401114.118 corr=3050 lidar=ok rms=0.0504 time=99.45 ms | v=12.067 bg=0.00109 ba=0.53518
[tight-lio] t=1317401114.222 corr=2992 lidar=ok rms=0.0449 time=99.39 ms | v=12.021 bg=0.00115 ba=0.53625
[tight-lio] t=1317401114.325 corr=3176 lidar=ok rms=0.0581 time=107.90 ms | v=11.950 bg=0.00118 ba=0.53804
[tight-lio] t=1317401114.429 corr=2989 lidar=ok rms=0.0383 time=70.97 ms | v=11.866 bg=0.00113 ba=0.53932
[tight-lio] t=1317401114.533 corr=3112 lidar=ok rms=0.0509 time=102.35 ms | v=11.754 bg=0.00109 ba=0.54153
[tight-lio] t=1317401114.637 corr=3187 lidar=ok rms=0.0690 time=103.88 ms | v=11.636 bg=0.00100 ba=0.54309
[tight-lio] t=1317401114.740 corr=3174 lidar=ok rms=0.0420 time=75.46 ms | v=11.505 bg=0.00097 ba=0.54472
[tight-lio] t=1317401114.844 corr=3363 lidar=ok rms=0.0481 time=109.12 ms | v=11.376 bg=0.00105 ba=0.54567
[tight-lio] t=1317401114.948 corr=3294 lidar=ok rms=0.0487 time=105.94 ms | v=11.257 bg=0.00112 ba=0.54476
[tight-lio] t=1317401115.052 corr=3311 lidar=ok rms=0.0480 time=115.27 ms | v=11.095 bg=0.00111 ba=0.54584
[tight-lio] t=1317401115.155 corr=3280 lidar=ok rms=0.0378 time=105.28 ms | v=10.906 bg=0.00114 ba=0.54866
[tight-lio] t=1317401115.259 corr=3293 lidar=ok rms=0.0647 time=108.16 ms | v=10.706 bg=0.00116 ba=0.55279
[tight-lio] t=1317401115.363 corr=3363 lidar=ok rms=0.0496 time=104.55 ms | v=10.536 bg=0.00113 ba=0.55522
[tight-lio] t=1317401115.467 corr=3261 lidar=ok rms=0.0463 time=81.21 ms | v=10.396 bg=0.00089 ba=0.55523
[tight-lio] t=1317401115.570 corr=3422 lidar=ok rms=0.0585 time=108.51 ms | v=10.271 bg=0.00061 ba=0.55588
[tight-lio] t=1317401115.674 corr=3495 lidar=ok rms=0.0469 time=118.36 ms | v=10.168 bg=0.00060 ba=0.55728
[tight-lio] t=1317401115.778 corr=3761 lidar=ok rms=0.0498 time=115.00 ms | v=10.086 bg=0.00080 ba=0.55979
[tight-lio] t=1317401115.882 corr=3581 lidar=ok rms=0.0430 time=109.72 ms | v=10.051 bg=0.00109 ba=0.55973
[tight-lio] t=1317401115.985 corr=3629 lidar=ok rms=0.0441 time=108.42 ms | v=10.003 bg=0.00128 ba=0.55995
[tight-lio] t=1317401116.089 corr=3747 lidar=ok rms=0.0460 time=77.42 ms | v=9.930 bg=0.00126 ba=0.55991
[tight-lio] t=1317401116.193 corr=3892 lidar=ok rms=0.0405 time=116.96 ms | v=9.817 bg=0.00116 ba=0.56018
[tight-lio] t=1317401116.297 corr=4042 lidar=ok rms=0.0475 time=83.95 ms | v=9.651 bg=0.00116 ba=0.56224
[tight-lio] t=1317401116.401 corr=3942 lidar=ok rms=0.0362 time=83.88 ms | v=9.455 bg=0.00112 ba=0.56357
[tight-lio] t=1317401116.504 corr=3854 lidar=ok rms=0.0468 time=123.74 ms | v=9.233 bg=0.00106 ba=0.56546
[tight-lio] t=1317401116.608 corr=4100 lidar=ok rms=0.0483 time=123.03 ms | v=8.991 bg=0.00101 ba=0.56796
[tight-lio] t=1317401116.712 corr=4089 lidar=ok rms=0.0529 time=132.55 ms | v=8.733 bg=0.00104 ba=0.57137
[tight-lio] t=1317401116.816 corr=4159 lidar=ok rms=0.0391 time=88.47 ms | v=8.476 bg=0.00106 ba=0.57307
[tight-lio] t=1317401116.920 corr=4121 lidar=ok rms=0.0399 time=135.53 ms | v=8.212 bg=0.00118 ba=0.57496
[tight-lio] t=1317401117.024 corr=4355 lidar=ok rms=0.0405 time=138.22 ms | v=7.933 bg=0.00136 ba=0.57683
[tight-lio] t=1317401117.128 corr=4111 lidar=ok rms=0.0418 time=122.69 ms | v=7.649 bg=0.00164 ba=0.57861
[tight-lio] t=1317401117.232 corr=4177 lidar=ok rms=0.0387 time=132.37 ms | v=7.360 bg=0.00191 ba=0.57995
[tight-lio] t=1317401117.336 corr=4269 lidar=ok rms=0.0572 time=137.99 ms | v=7.050 bg=0.00213 ba=0.58298
[tight-lio] t=1317401117.440 corr=4287 lidar=ok rms=0.0394 time=136.24 ms | v=6.785 bg=0.00230 ba=0.58385
[tight-lio] t=1317401117.545 corr=4270 lidar=ok rms=0.0574 time=135.35 ms | v=6.556 bg=0.00245 ba=0.58524
[tight-lio] t=1317401117.649 corr=4367 lidar=ok rms=0.0456 time=143.82 ms | v=6.357 bg=0.00262 ba=0.58650
[tight-lio] t=1317401117.753 corr=4109 lidar=ok rms=0.0499 time=123.77 ms | v=6.164 bg=0.00269 ba=0.58764
[tight-lio] t=1317401117.858 corr=4137 lidar=ok rms=0.0405 time=125.06 ms | v=5.979 bg=0.00274 ba=0.58847
[tight-lio] t=1317401117.962 corr=4160 lidar=ok rms=0.0513 time=128.53 ms | v=5.847 bg=0.00284 ba=0.58861
[tight-lio] t=1317401118.066 corr=4245 lidar=ok rms=0.0412 time=135.59 ms | v=5.792 bg=0.00295 ba=0.58812
[tight-lio] t=1317401118.171 corr=4158 lidar=ok rms=0.0420 time=91.12 ms | v=5.760 bg=0.00310 ba=0.58772
[tight-lio] t=1317401118.275 corr=4241 lidar=ok rms=0.0426 time=100.98 ms | v=5.731 bg=0.00321 ba=0.58755
[tight-lio] t=1317401118.379 corr=4159 lidar=ok rms=0.0434 time=123.98 ms | v=5.702 bg=0.00313 ba=0.58754
[tight-lio] t=1317401118.483 corr=4161 lidar=ok rms=0.0565 time=124.91 ms | v=5.668 bg=0.00308 ba=0.58575
[tight-lio] t=1317401118.588 corr=4206 lidar=ok rms=0.0522 time=127.64 ms | v=5.635 bg=0.00296 ba=0.58614
[tight-lio] t=1317401118.692 corr=4160 lidar=ok rms=0.0523 time=100.22 ms | v=5.618 bg=0.00295 ba=0.58631
[tight-lio] t=1317401118.796 corr=4084 lidar=ok rms=0.0412 time=126.41 ms | v=5.631 bg=0.00290 ba=0.58421
[tight-lio] t=1317401118.900 corr=4037 lidar=ok rms=0.0510 time=126.33 ms | v=5.653 bg=0.00284 ba=0.58398
[tight-lio] t=1317401119.004 corr=3901 lidar=ok rms=0.0406 time=124.34 ms | v=5.683 bg=0.00279 ba=0.58454
[tight-lio] t=1317401119.108 corr=3915 lidar=ok rms=0.0474 time=123.55 ms | v=5.752 bg=0.00263 ba=0.58319
[tight-lio] t=1317401119.212 corr=3940 lidar=ok rms=0.0438 time=129.59 ms | v=5.830 bg=0.00253 ba=0.58217
[tight-lio] t=1317401119.317 corr=3990 lidar=ok rms=0.0365 time=134.21 ms | v=5.909 bg=0.00246 ba=0.58160
[tight-lio] t=1317401119.421 corr=3946 lidar=ok rms=0.0449 time=135.44 ms | v=5.961 bg=0.00232 ba=0.58275
[tight-lio] t=1317401119.525 corr=3912 lidar=ok rms=0.0379 time=124.57 ms | v=6.039 bg=0.00214 ba=0.58136
[tight-lio] t=1317401119.629 corr=3874 lidar=ok rms=0.0420 time=126.48 ms | v=6.133 bg=0.00203 ba=0.58033
[tight-lio] t=1317401119.733 corr=3924 lidar=ok rms=0.0420 time=127.60 ms | v=6.247 bg=0.00184 ba=0.57899
[tight-lio] t=1317401119.836 corr=3803 lidar=ok rms=0.0423 time=130.46 ms | v=6.371 bg=0.00177 ba=0.57715
[tight-lio] t=1317401119.940 corr=3631 lidar=ok rms=0.0432 time=127.43 ms | v=6.494 bg=0.00181 ba=0.57689
[tight-lio] t=1317401120.044 corr=3558 lidar=ok rms=0.0421 time=130.55 ms | v=6.632 bg=0.00180 ba=0.57569
[tight-lio] t=1317401120.148 corr=3606 lidar=ok rms=0.0571 time=124.82 ms | v=6.759 bg=0.00164 ba=0.57466
[tight-lio] t=1317401120.252 corr=3514 lidar=ok rms=0.0545 time=123.13 ms | v=6.891 bg=0.00144 ba=0.57239
[tight-lio] t=1317401120.356 corr=3475 lidar=ok rms=0.0429 time=141.80 ms | v=7.044 bg=0.00130 ba=0.56973
[tight-lio] t=1317401120.460 corr=3393 lidar=ok rms=0.0434 time=123.46 ms | v=7.202 bg=0.00113 ba=0.56714
[tight-lio] t=1317401120.563 corr=3456 lidar=ok rms=0.0452 time=130.21 ms | v=7.373 bg=0.00103 ba=0.56373
[tight-lio] t=1317401120.667 corr=3286 lidar=ok rms=0.0434 time=113.75 ms | v=7.540 bg=0.00104 ba=0.56122
[tight-lio] t=1317401120.771 corr=3434 lidar=ok rms=0.0606 time=116.79 ms | v=7.708 bg=0.00104 ba=0.55851
[tight-lio] t=1317401120.874 corr=3395 lidar=ok rms=0.0473 time=124.42 ms | v=7.876 bg=0.00102 ba=0.55522
[tight-lio] t=1317401120.978 corr=3386 lidar=ok rms=0.0750 time=114.05 ms | v=8.048 bg=0.00099 ba=0.55149
[tight-lio] t=1317401121.082 corr=3388 lidar=ok rms=0.0444 time=113.43 ms | v=8.205 bg=0.00098 ba=0.54872
[tight-lio] t=1317401121.185 corr=3380 lidar=ok rms=0.0467 time=111.98 ms | v=8.338 bg=0.00098 ba=0.54774
[tight-lio] t=1317401121.289 corr=3283 lidar=ok rms=0.0391 time=117.93 ms | v=8.472 bg=0.00099 ba=0.54578
[tight-lio] t=1317401121.393 corr=3309 lidar=ok rms=0.0504 time=117.27 ms | v=8.606 bg=0.00104 ba=0.54345
[tight-lio] t=1317401121.496 corr=3200 lidar=ok rms=0.0484 time=120.55 ms | v=8.752 bg=0.00107 ba=0.54040
[tight-lio] t=1317401121.600 corr=3176 lidar=ok rms=0.0417 time=108.30 ms | v=8.898 bg=0.00110 ba=0.53766
[tight-lio] t=1317401121.704 corr=3130 lidar=ok rms=0.0540 time=117.11 ms | v=9.054 bg=0.00109 ba=0.53382
[tight-lio] t=1317401121.808 corr=3093 lidar=ok rms=0.0462 time=106.21 ms | v=9.198 bg=0.00115 ba=0.53187
[tight-lio] t=1317401121.911 corr=2902 lidar=ok rms=0.0460 time=103.63 ms | v=9.349 bg=0.00123 ba=0.52853
[tight-lio] t=1317401122.015 corr=2963 lidar=ok rms=0.0527 time=102.65 ms | v=9.474 bg=0.00127 ba=0.52580
[tight-lio] t=1317401122.119 corr=2911 lidar=ok rms=0.0468 time=101.56 ms | v=9.569 bg=0.00132 ba=0.52365
[tight-lio] t=1317401122.223 corr=2923 lidar=ok rms=0.0461 time=109.83 ms | v=9.591 bg=0.00132 ba=0.52298
[tight-lio] t=1317401122.326 corr=2996 lidar=ok rms=0.0394 time=136.65 ms | v=9.598 bg=0.00125 ba=0.52110
[tight-lio] t=1317401122.430 corr=2908 lidar=ok rms=0.0439 time=104.49 ms | v=9.582 bg=0.00124 ba=0.52071
[tight-lio] t=1317401122.534 corr=2912 lidar=ok rms=0.0402 time=106.69 ms | v=9.582 bg=0.00121 ba=0.51805
[tight-lio] t=1317401122.638 corr=2927 lidar=ok rms=0.0389 time=74.02 ms | v=9.580 bg=0.00116 ba=0.51683
[tight-lio] t=1317401122.742 corr=2835 lidar=ok rms=0.0420 time=101.84 ms | v=9.584 bg=0.00114 ba=0.51584
[tight-lio] t=1317401122.845 corr=2761 lidar=ok rms=0.0405 time=100.26 ms | v=9.583 bg=0.00117 ba=0.51526
[tight-lio] t=1317401122.949 corr=2731 lidar=ok rms=0.0651 time=98.08 ms | v=9.607 bg=0.00120 ba=0.51219
[tight-lio] t=1317401123.053 corr=2765 lidar=ok rms=0.0467 time=103.26 ms | v=9.626 bg=0.00120 ba=0.50805
[tight-lio] t=1317401123.157 corr=2519 lidar=ok rms=0.0496 time=101.36 ms | v=9.609 bg=0.00118 ba=0.50697
[tight-lio] t=1317401123.261 corr=2443 lidar=ok rms=0.0403 time=94.90 ms | v=9.571 bg=0.00114 ba=0.50673
[tight-lio] t=1317401123.365 corr=2352 lidar=ok rms=0.0422 time=91.61 ms | v=9.530 bg=0.00110 ba=0.50652
[tight-lio] t=1317401123.468 corr=2432 lidar=ok rms=0.0418 time=87.11 ms | v=9.474 bg=0.00113 ba=0.50721
[tight-lio] t=1317401123.572 corr=2548 lidar=ok rms=0.0523 time=87.57 ms | v=9.434 bg=0.00116 ba=0.50731
[tight-lio] t=1317401123.676 corr=2477 lidar=ok rms=0.0479 time=84.30 ms | v=9.394 bg=0.00116 ba=0.50510
[tight-lio] t=1317401123.780 corr=2384 lidar=ok rms=0.0405 time=80.93 ms | v=9.321 bg=0.00111 ba=0.50530
[tight-lio] t=1317401123.884 corr=2379 lidar=ok rms=0.0400 time=86.24 ms | v=9.229 bg=0.00110 ba=0.50570
[tight-lio] t=1317401123.987 corr=2407 lidar=ok rms=0.0489 time=88.20 ms | v=9.152 bg=0.00112 ba=0.50440
[tight-lio] t=1317401124.091 corr=2404 lidar=ok rms=0.0501 time=94.50 ms | v=9.054 bg=0.00109 ba=0.50248
[tight-lio] t=1317401124.195 corr=2252 lidar=ok rms=0.0598 time=61.54 ms | v=8.934 bg=0.00107 ba=0.50185
[tight-lio] t=1317401124.299 corr=2279 lidar=ok rms=0.0375 time=85.37 ms | v=8.801 bg=0.00105 ba=0.50204
[tight-lio] t=1317401124.402 corr=2278 lidar=ok rms=0.0438 time=88.36 ms | v=8.675 bg=0.00101 ba=0.50306
[tight-lio] t=1317401124.506 corr=2227 lidar=ok rms=0.0481 time=91.54 ms | v=8.574 bg=0.00099 ba=0.50246
[tight-lio] t=1317401124.610 corr=2339 lidar=ok rms=0.0500 time=89.60 ms | v=8.493 bg=0.00104 ba=0.50217
[tight-lio] t=1317401124.714 corr=2403 lidar=ok rms=0.0463 time=89.59 ms | v=8.403 bg=0.00107 ba=0.50247
[tight-lio] t=1317401124.818 corr=2269 lidar=ok rms=0.0401 time=89.51 ms | v=8.301 bg=0.00105 ba=0.50291
[tight-lio] t=1317401124.922 corr=2178 lidar=ok rms=0.0426 time=86.36 ms | v=8.177 bg=0.00100 ba=0.50367
[tight-lio] t=1317401125.026 corr=2272 lidar=ok rms=0.0460 time=92.71 ms | v=8.057 bg=0.00096 ba=0.50389
[tight-lio] t=1317401125.129 corr=2433 lidar=ok rms=0.0407 time=92.96 ms | v=7.916 bg=0.00097 ba=0.50471
[tight-lio] t=1317401125.233 corr=2150 lidar=ok rms=0.0448 time=97.37 ms | v=7.768 bg=0.00096 ba=0.50577
[tight-lio] t=1317401125.337 corr=2132 lidar=ok rms=0.0410 time=91.43 ms | v=7.640 bg=0.00089 ba=0.50572
[tight-lio] t=1317401125.441 corr=2308 lidar=ok rms=0.0476 time=91.76 ms | v=7.535 bg=0.00087 ba=0.50595
[tight-lio] t=1317401125.545 corr=2351 lidar=ok rms=0.0407 time=91.69 ms | v=7.409 bg=0.00090 ba=0.50816
[tight-lio] t=1317401125.649 corr=2384 lidar=ok rms=0.0555 time=97.71 ms | v=7.303 bg=0.00096 ba=0.50906
[tight-lio] t=1317401125.754 corr=2327 lidar=ok rms=0.0593 time=98.77 ms | v=7.181 bg=0.00109 ba=0.51065
[tight-lio] t=1317401125.858 corr=2303 lidar=ok rms=0.0509 time=91.72 ms | v=7.045 bg=0.00120 ba=0.51100
[tight-lio] t=1317401125.962 corr=2323 lidar=ok rms=0.0449 time=97.16 ms | v=6.881 bg=0.00120 ba=0.51057
[tight-lio] t=1317401126.066 corr=2424 lidar=ok rms=0.0659 time=93.85 ms | v=6.747 bg=0.00112 ba=0.51242
[tight-lio] t=1317401126.170 corr=2420 lidar=ok rms=0.0556 time=95.25 ms | v=6.649 bg=0.00116 ba=0.51190
[tight-lio] t=1317401126.274 corr=2470 lidar=ok rms=0.0654 time=103.41 ms | v=6.579 bg=0.00129 ba=0.51040
[tight-lio] t=1317401126.378 corr=2550 lidar=ok rms=0.0556 time=96.14 ms | v=6.483 bg=0.00141 ba=0.51001
[tight-lio] t=1317401126.482 corr=2657 lidar=ok rms=0.0678 time=104.39 ms | v=6.398 bg=0.00142 ba=0.50978
[tight-lio] t=1317401126.587 corr=2846 lidar=ok rms=0.0838 time=101.16 ms | v=6.296 bg=0.00139 ba=0.50906
[tight-lio] t=1317401126.691 corr=2734 lidar=ok rms=0.0666 time=100.27 ms | v=6.178 bg=0.00133 ba=0.50768
[tight-lio] t=1317401126.795 corr=2841 lidar=ok rms=0.0841 time=103.12 ms | v=6.063 bg=0.00141 ba=0.50549
[tight-lio] t=1317401126.899 corr=2870 lidar=ok rms=0.0854 time=105.53 ms | v=5.959 bg=0.00145 ba=0.50530
[tight-lio] t=1317401127.003 corr=2916 lidar=ok rms=0.0586 time=108.05 ms | v=5.866 bg=0.00147 ba=0.50466
[tight-lio] t=1317401127.107 corr=2790 lidar=ok rms=0.0641 time=109.08 ms | v=5.783 bg=0.00156 ba=0.50487
[tight-lio] t=1317401127.212 corr=2856 lidar=ok rms=0.0695 time=110.67 ms | v=5.726 bg=0.00177 ba=0.50469
[tight-lio] t=1317401127.316 corr=2993 lidar=ok rms=0.1029 time=101.85 ms | v=5.717 bg=0.00181 ba=0.50453
[tight-lio] t=1317401127.420 corr=2955 lidar=ok rms=0.0587 time=106.95 ms | v=5.669 bg=0.00181 ba=0.50367
[tight-lio] t=1317401127.524 corr=2995 lidar=ok rms=0.0749 time=109.45 ms | v=5.637 bg=0.00184 ba=0.50138
[tight-lio] t=1317401127.628 corr=2862 lidar=ok rms=0.0543 time=102.41 ms | v=5.619 bg=0.00174 ba=0.49872
[tight-lio] t=1317401127.733 corr=2758 lidar=ok rms=0.0708 time=94.76 ms | v=5.592 bg=0.00162 ba=0.49549
[tight-lio] t=1317401127.837 corr=2839 lidar=ok rms=0.0774 time=97.15 ms | v=5.561 bg=0.00162 ba=0.49167
[tight-lio] t=1317401127.941 corr=2868 lidar=ok rms=0.0656 time=107.72 ms | v=5.550 bg=0.00148 ba=0.48839
[tight-lio] t=1317401128.045 corr=2807 lidar=ok rms=0.0576 time=114.91 ms | v=5.557 bg=0.00135 ba=0.48513
[tight-lio] t=1317401128.149 corr=2937 lidar=ok rms=0.0582 time=110.81 ms | v=5.643 bg=0.00122 ba=0.48017
[tight-lio] t=1317401128.253 corr=2980 lidar=ok rms=0.0576 time=107.85 ms | v=5.721 bg=0.00122 ba=0.47382
[tight-lio] t=1317401128.357 corr=2857 lidar=ok rms=0.0628 time=115.17 ms | v=5.802 bg=0.00125 ba=0.46944
[tight-lio] t=1317401128.460 corr=2833 lidar=ok rms=0.0616 time=111.45 ms | v=5.905 bg=0.00127 ba=0.46478
[tight-lio] t=1317401128.564 corr=2862 lidar=ok rms=0.0656 time=100.69 ms | v=5.990 bg=0.00112 ba=0.45914
[tight-lio] t=1317401128.668 corr=2685 lidar=ok rms=0.0586 time=102.24 ms | v=6.069 bg=0.00098 ba=0.45337
[tight-lio] t=1317401128.772 corr=2743 lidar=ok rms=0.0753 time=111.81 ms | v=6.172 bg=0.00094 ba=0.44739
[tight-lio] t=1317401128.876 corr=2747 lidar=ok rms=0.0712 time=98.36 ms | v=6.277 bg=0.00082 ba=0.44139
[tight-lio] t=1317401128.979 corr=2638 lidar=ok rms=0.0711 time=103.68 ms | v=6.401 bg=0.00098 ba=0.43497
[tight-lio] t=1317401129.083 corr=2725 lidar=ok rms=0.0855 time=120.05 ms | v=6.541 bg=0.00108 ba=0.43008
[tight-lio] t=1317401129.187 corr=2606 lidar=ok rms=0.0835 time=103.26 ms | v=6.669 bg=0.00112 ba=0.42497
[tight-lio] t=1317401129.290 corr=2453 lidar=ok rms=0.0902 time=98.94 ms | v=6.764 bg=0.00114 ba=0.41946
[tight-lio] t=1317401129.394 corr=2391 lidar=ok rms=0.0808 time=109.23 ms | v=6.884 bg=0.00123 ba=0.41330
[tight-lio] t=1317401129.498 corr=2362 lidar=ok rms=0.0709 time=99.24 ms | v=6.998 bg=0.00131 ba=0.40726
[tight-lio] t=1317401129.601 corr=2264 lidar=ok rms=0.0783 time=83.61 ms | v=7.092 bg=0.00143 ba=0.40313
[tight-lio] t=1317401129.705 corr=2127 lidar=ok rms=0.0737 time=80.34 ms | v=7.196 bg=0.00147 ba=0.39751
[tight-lio] t=1317401129.809 corr=2125 lidar=ok rms=0.1087 time=77.91 ms | v=7.290 bg=0.00150 ba=0.39300
[tight-lio] t=1317401129.912 corr=1975 lidar=ok rms=0.0628 time=77.72 ms | v=7.386 bg=0.00150 ba=0.38982
[tight-lio] t=1317401130.016 corr=1961 lidar=ok rms=0.0833 time=81.47 ms | v=7.493 bg=0.00151 ba=0.38700
[tight-lio] t=1317401130.120 corr=1760 lidar=ok rms=0.0759 time=74.99 ms | v=7.594 bg=0.00150 ba=0.38409
[tight-lio] t=1317401130.224 corr=1610 lidar=ok rms=0.0768 time=69.27 ms | v=7.714 bg=0.00158 ba=0.38215
[tight-lio] t=1317401130.327 corr=1502 lidar=ok rms=0.0738 time=64.18 ms | v=7.823 bg=0.00156 ba=0.37929
[tight-lio] t=1317401130.431 corr=1501 lidar=ok rms=0.0961 time=66.71 ms | v=7.955 bg=0.00156 ba=0.37490
[tight-lio] t=1317401130.535 corr=1406 lidar=ok rms=0.0795 time=61.18 ms | v=8.026 bg=0.00156 ba=0.37195
[tight-lio] t=1317401130.638 corr=1553 lidar=ok rms=0.1075 time=70.55 ms | v=8.116 bg=0.00156 ba=0.36727
[tight-lio] t=1317401130.742 corr=1442 lidar=ok rms=0.0782 time=65.48 ms | v=8.186 bg=0.00159 ba=0.36505
[tight-lio] t=1317401130.846 corr=1409 lidar=ok rms=0.0869 time=65.16 ms | v=8.231 bg=0.00165 ba=0.36242
[tight-lio] t=1317401130.950 corr=1199 lidar=ok rms=0.1086 time=60.22 ms | v=8.255 bg=0.00154 ba=0.36002
[tight-lio] t=1317401131.053 corr=1333 lidar=ok rms=0.0835 time=80.22 ms | v=8.313 bg=0.00161 ba=0.35677
[tight-lio] t=1317401131.157 corr=1145 lidar=ok rms=0.0701 time=57.49 ms | v=8.334 bg=0.00155 ba=0.35486
[tight-lio] t=1317401131.261 corr=1173 lidar=ok rms=0.0785 time=60.36 ms | v=8.389 bg=0.00159 ba=0.35278
[tight-lio] t=1317401131.364 corr=1283 lidar=ok rms=0.0941 time=64.60 ms | v=8.427 bg=0.00168 ba=0.34804
[tight-lio] t=1317401131.468 corr=1196 lidar=ok rms=0.0835 time=59.93 ms | v=8.451 bg=0.00167 ba=0.34647
[tight-lio] t=1317401131.572 corr=1176 lidar=ok rms=0.0831 time=60.11 ms | v=8.457 bg=0.00158 ba=0.34227
[tight-lio] t=1317401131.676 corr=1212 lidar=ok rms=0.0848 time=63.14 ms | v=8.482 bg=0.00154 ba=0.33793
[tight-lio] t=1317401131.779 corr=1068 lidar=ok rms=0.1142 time=58.87 ms | v=8.484 bg=0.00165 ba=0.33646
[tight-lio] t=1317401131.883 corr=1035 lidar=ok rms=0.1248 time=63.04 ms | v=8.472 bg=0.00170 ba=0.33607
[tight-lio] t=1317401131.987 corr=938 lidar=ok rms=0.0769 time=57.18 ms | v=8.427 bg=0.00170 ba=0.33613
[tight-lio] t=1317401132.090 corr=952 lidar=ok rms=0.0912 time=59.39 ms | v=8.394 bg=0.00169 ba=0.33506
[tight-lio] t=1317401132.194 corr=1002 lidar=ok rms=0.0611 time=59.23 ms | v=8.377 bg=0.00164 ba=0.33356
[tight-lio] t=1317401132.298 corr=893 lidar=ok rms=0.0808 time=57.88 ms | v=8.370 bg=0.00173 ba=0.33190
[tight-lio] t=1317401132.402 corr=958 lidar=ok rms=0.0745 time=56.21 ms | v=8.348 bg=0.00167 ba=0.33213
[tight-lio] t=1317401132.505 corr=931 lidar=ok rms=0.0910 time=56.21 ms | v=8.321 bg=0.00167 ba=0.33025
[tight-lio] t=1317401132.609 corr=956 lidar=ok rms=0.0672 time=57.99 ms | v=8.291 bg=0.00165 ba=0.32999
[tight-lio] t=1317401132.713 corr=1033 lidar=ok rms=0.0854 time=62.08 ms | v=8.278 bg=0.00166 ba=0.32720
[tight-lio] t=1317401132.817 corr=1004 lidar=ok rms=0.0664 time=61.34 ms | v=8.245 bg=0.00167 ba=0.32601
[tight-lio] t=1317401132.920 corr=1036 lidar=ok rms=0.0843 time=61.42 ms | v=8.215 bg=0.00161 ba=0.32452
[tight-lio] t=1317401133.024 corr=947 lidar=ok rms=0.0590 time=59.22 ms | v=8.186 bg=0.00155 ba=0.32336
[tight-lio] t=1317401133.128 corr=863 lidar=ok rms=0.0879 time=56.67 ms | v=8.183 bg=0.00151 ba=0.32328
[tight-lio] t=1317401133.232 corr=918 lidar=ok rms=0.0713 time=62.51 ms | v=8.181 bg=0.00149 ba=0.32276
[tight-lio] t=1317401133.335 corr=959 lidar=ok rms=0.0774 time=59.56 ms | v=8.196 bg=0.00148 ba=0.32360
[tight-lio] t=1317401133.439 corr=923 lidar=ok rms=0.1061 time=60.12 ms | v=8.171 bg=0.00145 ba=0.32410
[tight-lio] t=1317401133.543 corr=898 lidar=ok rms=0.0654 time=58.14 ms | v=8.171 bg=0.00146 ba=0.32455
[tight-lio] t=1317401133.647 corr=928 lidar=ok rms=0.0796 time=55.77 ms | v=8.162 bg=0.00148 ba=0.32481
[tight-lio] t=1317401133.751 corr=911 lidar=ok rms=0.0719 time=56.68 ms | v=8.156 bg=0.00144 ba=0.32462
[tight-lio] t=1317401133.855 corr=870 lidar=ok rms=0.0675 time=54.27 ms | v=8.142 bg=0.00147 ba=0.32477
[tight-lio] t=1317401133.958 corr=883 lidar=ok rms=0.0652 time=56.08 ms | v=8.125 bg=0.00145 ba=0.32496
[tight-lio] t=1317401134.062 corr=976 lidar=ok rms=0.0730 time=59.13 ms | v=8.134 bg=0.00131 ba=0.32591
[tight-lio] t=1317401134.166 corr=962 lidar=ok rms=0.0631 time=53.93 ms | v=8.117 bg=0.00126 ba=0.32533
[tight-lio] t=1317401134.270 corr=938 lidar=ok rms=0.0919 time=55.94 ms | v=8.098 bg=0.00128 ba=0.32664
[tight-lio] t=1317401134.374 corr=879 lidar=ok rms=0.0655 time=55.72 ms | v=8.108 bg=0.00127 ba=0.32879
[tight-lio] t=1317401134.478 corr=979 lidar=ok rms=0.0782 time=58.41 ms | v=8.087 bg=0.00124 ba=0.32924
[tight-lio] t=1317401134.582 corr=1061 lidar=ok rms=0.0662 time=60.67 ms | v=8.100 bg=0.00121 ba=0.33097
[tight-lio] t=1317401134.685 corr=1126 lidar=ok rms=0.0878 time=60.24 ms | v=8.097 bg=0.00129 ba=0.33195
[tight-lio] t=1317401134.789 corr=1027 lidar=ok rms=0.0807 time=57.27 ms | v=8.086 bg=0.00133 ba=0.33215
[tight-lio] t=1317401134.893 corr=1057 lidar=ok rms=0.0800 time=58.35 ms | v=8.069 bg=0.00131 ba=0.33224
[tight-lio] t=1317401134.997 corr=1076 lidar=ok rms=0.0885 time=65.66 ms | v=8.089 bg=0.00129 ba=0.33416
[tight-lio] t=1317401135.101 corr=1023 lidar=ok rms=0.0870 time=59.04 ms | v=8.077 bg=0.00131 ba=0.33473
[tight-lio] t=1317401135.204 corr=1016 lidar=ok rms=0.0703 time=58.47 ms | v=8.072 bg=0.00137 ba=0.33616
[tight-lio] t=1317401135.308 corr=951 lidar=ok rms=0.0745 time=57.42 ms | v=8.067 bg=0.00137 ba=0.33719
[tight-lio] t=1317401135.412 corr=909 lidar=ok rms=0.0726 time=59.12 ms | v=8.058 bg=0.00144 ba=0.33808
[tight-lio] t=1317401135.516 corr=1049 lidar=ok rms=0.0835 time=58.88 ms | v=8.067 bg=0.00149 ba=0.33980
[tight-lio] t=1317401135.620 corr=907 lidar=ok rms=0.0727 time=57.58 ms | v=8.063 bg=0.00152 ba=0.34124
[tight-lio] t=1317401135.723 corr=935 lidar=ok rms=0.0657 time=60.22 ms | v=8.058 bg=0.00150 ba=0.34219
[tight-lio] t=1317401135.827 corr=863 lidar=ok rms=0.0810 time=56.52 ms | v=8.053 bg=0.00149 ba=0.34267
[tight-lio] t=1317401135.931 corr=915 lidar=ok rms=0.0682 time=56.85 ms | v=8.027 bg=0.00149 ba=0.34350
[tight-lio] t=1317401136.035 corr=1007 lidar=ok rms=0.0803 time=57.05 ms | v=8.024 bg=0.00148 ba=0.34502
[tight-lio] t=1317401136.138 corr=982 lidar=ok rms=0.0677 time=56.29 ms | v=7.999 bg=0.00138 ba=0.34691
[tight-lio] t=1317401136.242 corr=949 lidar=ok rms=0.0950 time=56.67 ms | v=7.983 bg=0.00127 ba=0.34843
[tight-lio] t=1317401136.346 corr=896 lidar=ok rms=0.0824 time=54.57 ms | v=7.972 bg=0.00123 ba=0.35005
[tight-lio] t=1317401136.450 corr=914 lidar=ok rms=0.0725 time=54.47 ms | v=7.976 bg=0.00121 ba=0.35323
[tight-lio] t=1317401136.554 corr=926 lidar=ok rms=0.1177 time=53.44 ms | v=7.963 bg=0.00118 ba=0.35552
[tight-lio] t=1317401136.657 corr=873 lidar=ok rms=0.1172 time=55.32 ms | v=7.931 bg=0.00118 ba=0.35712
[tight-lio] t=1317401136.761 corr=996 lidar=ok rms=0.0494 time=54.27 ms | v=7.918 bg=0.00123 ba=0.35966
[tight-lio] t=1317401136.865 corr=882 lidar=ok rms=0.0589 time=50.02 ms | v=7.892 bg=0.00125 ba=0.36105
[tight-lio] t=1317401136.969 corr=861 lidar=ok rms=0.0577 time=49.70 ms | v=7.858 bg=0.00124 ba=0.36150
[tight-lio] t=1317401137.073 corr=934 lidar=ok rms=0.0819 time=51.07 ms | v=7.857 bg=0.00124 ba=0.36452
[tight-lio] t=1317401137.177 corr=996 lidar=ok rms=0.1280 time=49.25 ms | v=7.846 bg=0.00116 ba=0.36701
[tight-lio] t=1317401137.280 corr=921 lidar=ok rms=0.1183 time=46.60 ms | v=7.834 bg=0.00112 ba=0.36910
[tight-lio] t=1317401137.384 corr=932 lidar=ok rms=0.0639 time=48.25 ms | v=7.835 bg=0.00116 ba=0.37077
[tight-lio] t=1317401137.488 corr=833 lidar=ok rms=0.0938 time=34.36 ms | v=7.837 bg=0.00120 ba=0.37242
[tight-lio] t=1317401137.592 corr=939 lidar=ok rms=0.1209 time=50.07 ms | v=7.858 bg=0.00123 ba=0.37429
[tight-lio] t=1317401137.696 corr=836 lidar=ok rms=0.0969 time=49.04 ms | v=7.876 bg=0.00118 ba=0.37567
[tight-lio] t=1317401137.800 corr=861 lidar=ok rms=0.0835 time=50.35 ms | v=7.880 bg=0.00118 ba=0.37484
[tight-lio] t=1317401137.904 corr=907 lidar=ok rms=0.1373 time=54.67 ms | v=7.907 bg=0.00117 ba=0.37548
[tight-lio] t=1317401138.007 corr=890 lidar=ok rms=0.0821 time=51.96 ms | v=7.961 bg=0.00117 ba=0.37761
[tight-lio] t=1317401138.111 corr=858 lidar=ok rms=0.0637 time=52.32 ms | v=8.031 bg=0.00121 ba=0.38048
[tight-lio] t=1317401138.215 corr=896 lidar=ok rms=0.0615 time=38.97 ms | v=8.080 bg=0.00123 ba=0.38240
[tight-lio] t=1317401138.319 corr=873 lidar=ok rms=0.0825 time=54.64 ms | v=8.129 bg=0.00114 ba=0.38318
[tight-lio] t=1317401138.423 corr=909 lidar=ok rms=0.0815 time=57.29 ms | v=8.201 bg=0.00105 ba=0.38619
[tight-lio] t=1317401138.527 corr=797 lidar=ok rms=0.1140 time=39.47 ms | v=8.218 bg=0.00106 ba=0.38473
[tight-lio] t=1317401138.631 corr=805 lidar=ok rms=0.0457 time=56.53 ms | v=8.279 bg=0.00112 ba=0.38626
[tight-lio] t=1317401138.735 corr=819 lidar=ok rms=0.1611 time=55.17 ms | v=8.337 bg=0.00122 ba=0.38683
[tight-lio] t=1317401138.839 corr=819 lidar=ok rms=0.0634 time=55.29 ms | v=8.414 bg=0.00119 ba=0.38958
[tight-lio] t=1317401138.943 corr=687 lidar=ok rms=0.1036 time=52.56 ms | v=8.482 bg=0.00111 ba=0.39259
[tight-lio] t=1317401139.047 corr=786 lidar=ok rms=0.0657 time=53.97 ms | v=8.517 bg=0.00100 ba=0.39280
[tight-lio] t=1317401139.151 corr=752 lidar=ok rms=0.0984 time=57.62 ms | v=8.584 bg=0.00097 ba=0.39460
[tight-lio] t=1317401139.255 corr=769 lidar=ok rms=0.1160 time=54.30 ms | v=8.651 bg=0.00106 ba=0.39566
[tight-lio] t=1317401139.359 corr=839 lidar=ok rms=0.1048 time=40.93 ms | v=8.718 bg=0.00109 ba=0.39757
[tight-lio] t=1317401139.463 corr=814 lidar=ok rms=0.0501 time=53.24 ms | v=8.779 bg=0.00109 ba=0.39913
[tight-lio] t=1317401139.567 corr=820 lidar=ok rms=0.0720 time=56.92 ms | v=8.860 bg=0.00108 ba=0.40195
[tight-lio] t=1317401139.671 corr=835 lidar=ok rms=0.0692 time=58.07 ms | v=8.896 bg=0.00109 ba=0.40320
[tight-lio] t=1317401139.774 corr=871 lidar=ok rms=0.0889 time=55.03 ms | v=8.932 bg=0.00108 ba=0.40571
[tight-lio] t=1317401139.878 corr=817 lidar=ok rms=0.0522 time=54.33 ms | v=8.944 bg=0.00112 ba=0.40709
[tight-lio] t=1317401139.982 corr=751 lidar=ok rms=0.0536 time=55.12 ms | v=8.949 bg=0.00118 ba=0.40939
[tight-lio] t=1317401140.086 corr=761 lidar=ok rms=0.0520 time=52.03 ms | v=8.932 bg=0.00116 ba=0.41038
[tight-lio] t=1317401140.190 corr=743 lidar=ok rms=0.0685 time=60.95 ms | v=8.921 bg=0.00110 ba=0.41240
[tight-lio] t=1317401140.294 corr=785 lidar=ok rms=0.0485 time=52.66 ms | v=8.879 bg=0.00108 ba=0.41229
[tight-lio] t=1317401140.398 corr=722 lidar=ok rms=0.1397 time=55.60 ms | v=8.873 bg=0.00108 ba=0.41458
[tight-lio] t=1317401140.502 corr=765 lidar=ok rms=0.0606 time=52.96 ms | v=8.818 bg=0.00114 ba=0.41437
[tight-lio] t=1317401140.605 corr=777 lidar=ok rms=0.0733 time=53.18 ms | v=8.767 bg=0.00117 ba=0.41541
[tight-lio] t=1317401140.709 corr=801 lidar=ok rms=0.0626 time=55.81 ms | v=8.689 bg=0.00115 ba=0.41570
[tight-lio] t=1317401140.813 corr=751 lidar=ok rms=0.0715 time=51.67 ms | v=8.637 bg=0.00108 ba=0.41824
[tight-lio] t=1317401140.917 corr=794 lidar=ok rms=0.0462 time=36.23 ms | v=8.527 bg=0.00111 ba=0.41731
[tight-lio] t=1317401141.021 corr=867 lidar=ok rms=0.0839 time=55.12 ms | v=8.480 bg=0.00112 ba=0.41980
[tight-lio] t=1317401141.125 corr=879 lidar=ok rms=0.0581 time=53.74 ms | v=8.433 bg=0.00110 ba=0.42049
[tight-lio] t=1317401141.229 corr=813 lidar=ok rms=0.0684 time=53.60 ms | v=8.386 bg=0.00105 ba=0.42042
[tight-lio] t=1317401141.333 corr=877 lidar=ok rms=0.0478 time=67.37 ms | v=8.347 bg=0.00099 ba=0.42125
[tight-lio] t=1317401141.437 corr=854 lidar=ok rms=0.0789 time=51.72 ms | v=8.347 bg=0.00106 ba=0.42408
[tight-lio] t=1317401141.540 corr=961 lidar=ok rms=0.0647 time=52.25 ms | v=8.341 bg=0.00119 ba=0.42608
[tight-lio] t=1317401141.644 corr=843 lidar=ok rms=0.0577 time=50.91 ms | v=8.306 bg=0.00129 ba=0.42659
[tight-lio] t=1317401141.748 corr=783 lidar=ok rms=0.0658 time=53.18 ms | v=8.259 bg=0.00113 ba=0.42726
[tight-lio] t=1317401141.852 corr=811 lidar=ok rms=0.0580 time=50.76 ms | v=8.230 bg=0.00102 ba=0.42840
[tight-lio] t=1317401141.956 corr=865 lidar=ok rms=0.0594 time=52.35 ms | v=8.218 bg=0.00105 ba=0.43027
[tight-lio] t=1317401142.059 corr=850 lidar=ok rms=0.0574 time=51.23 ms | v=8.185 bg=0.00112 ba=0.43046
[tight-lio] t=1317401142.163 corr=832 lidar=ok rms=0.0789 time=51.10 ms | v=8.175 bg=0.00118 ba=0.43211
[tight-lio] t=1317401142.267 corr=768 lidar=ok rms=0.0896 time=50.79 ms | v=8.175 bg=0.00120 ba=0.43274
[tight-lio] t=1317401142.371 corr=791 lidar=ok rms=0.0585 time=54.22 ms | v=8.207 bg=0.00125 ba=0.43445
[tight-lio] t=1317401142.475 corr=710 lidar=ok rms=0.0573 time=50.45 ms | v=8.251 bg=0.00130 ba=0.43652
[tight-lio] t=1317401142.578 corr=861 lidar=ok rms=0.0755 time=55.09 ms | v=8.294 bg=0.00124 ba=0.43927
[tight-lio] t=1317401142.682 corr=809 lidar=ok rms=0.1177 time=37.29 ms | v=8.289 bg=0.00112 ba=0.43868
[tight-lio] t=1317401142.786 corr=780 lidar=ok rms=0.0549 time=51.63 ms | v=8.307 bg=0.00111 ba=0.43931
[tight-lio] t=1317401142.890 corr=834 lidar=ok rms=0.1015 time=53.82 ms | v=8.344 bg=0.00112 ba=0.44197
[tight-lio] t=1317401142.994 corr=741 lidar=ok rms=0.0604 time=51.69 ms | v=8.374 bg=0.00119 ba=0.44342
[tight-lio] t=1317401143.097 corr=860 lidar=ok rms=0.0629 time=53.85 ms | v=8.425 bg=0.00118 ba=0.44581
[tight-lio] t=1317401143.201 corr=919 lidar=ok rms=0.0495 time=53.25 ms | v=8.438 bg=0.00117 ba=0.44606
[tight-lio] t=1317401143.305 corr=935 lidar=ok rms=0.0788 time=55.40 ms | v=8.473 bg=0.00115 ba=0.44689
[tight-lio] t=1317401143.409 corr=954 lidar=ok rms=0.0734 time=53.72 ms | v=8.495 bg=0.00111 ba=0.44763
[tight-lio] t=1317401143.513 corr=913 lidar=ok rms=0.0662 time=54.57 ms | v=8.523 bg=0.00108 ba=0.44891
[tight-lio] t=1317401143.616 corr=867 lidar=ok rms=0.0789 time=53.49 ms | v=8.555 bg=0.00109 ba=0.45075
[tight-lio] t=1317401143.720 corr=888 lidar=ok rms=0.0724 time=54.90 ms | v=8.588 bg=0.00112 ba=0.45254
[tight-lio] t=1317401143.824 corr=982 lidar=ok rms=0.0771 time=58.17 ms | v=8.635 bg=0.00112 ba=0.45555
[tight-lio] t=1317401143.928 corr=1000 lidar=ok rms=0.0705 time=59.74 ms | v=8.663 bg=0.00111 ba=0.45746
[tight-lio] t=1317401144.032 corr=1100 lidar=ok rms=0.0739 time=60.24 ms | v=8.685 bg=0.00115 ba=0.45830
[tight-lio] t=1317401144.136 corr=982 lidar=ok rms=0.0694 time=59.61 ms | v=8.700 bg=0.00117 ba=0.45904
[tight-lio] t=1317401144.240 corr=1052 lidar=ok rms=0.0801 time=63.46 ms | v=8.703 bg=0.00115 ba=0.46054
[tight-lio] t=1317401144.344 corr=1045 lidar=ok rms=0.0928 time=58.87 ms | v=8.697 bg=0.00111 ba=0.46128
[tight-lio] t=1317401144.448 corr=1138 lidar=ok rms=0.0740 time=61.16 ms | v=8.674 bg=0.00118 ba=0.46142
[tight-lio] t=1317401144.552 corr=1096 lidar=ok rms=0.1310 time=59.55 ms | v=8.660 bg=0.00119 ba=0.46272
[tight-lio] t=1317401144.656 corr=1020 lidar=ok rms=0.0535 time=59.07 ms | v=8.636 bg=0.00120 ba=0.46386
[tight-lio] t=1317401144.760 corr=1080 lidar=ok rms=0.0584 time=64.01 ms | v=8.609 bg=0.00120 ba=0.46415
[tight-lio] t=1317401144.864 corr=1065 lidar=ok rms=0.0422 time=59.56 ms | v=8.596 bg=0.00119 ba=0.46587
[tight-lio] t=1317401144.968 corr=1049 lidar=ok rms=0.0765 time=59.62 ms | v=8.569 bg=0.00126 ba=0.46657
[tight-lio] t=1317401145.072 corr=1088 lidar=ok rms=0.0470 time=58.88 ms | v=8.544 bg=0.00129 ba=0.46779
[tight-lio] t=1317401145.175 corr=1029 lidar=ok rms=0.0693 time=58.42 ms | v=8.505 bg=0.00132 ba=0.46705
[tight-lio] t=1317401145.279 corr=1063 lidar=ok rms=0.0700 time=42.38 ms | v=8.484 bg=0.00138 ba=0.46804
[tight-lio] t=1317401145.383 corr=915 lidar=ok rms=0.0421 time=57.12 ms | v=8.456 bg=0.00138 ba=0.46954
[tight-lio] t=1317401145.487 corr=937 lidar=ok rms=0.0601 time=56.42 ms | v=8.418 bg=0.00134 ba=0.47001
[tight-lio] t=1317401145.591 corr=1033 lidar=ok rms=0.0569 time=58.50 ms | v=8.380 bg=0.00124 ba=0.47065
[tight-lio] t=1317401145.695 corr=963 lidar=ok rms=0.0696 time=56.16 ms | v=8.336 bg=0.00124 ba=0.47057
[tight-lio] t=1317401145.799 corr=1048 lidar=ok rms=0.0462 time=42.75 ms | v=8.293 bg=0.00122 ba=0.47112
[tight-lio] t=1317401145.903 corr=1020 lidar=ok rms=0.0447 time=58.37 ms | v=8.233 bg=0.00119 ba=0.47083
[tight-lio] t=1317401146.007 corr=1009 lidar=ok rms=0.0446 time=57.20 ms | v=8.166 bg=0.00119 ba=0.47065
[tight-lio] t=1317401146.111 corr=1057 lidar=ok rms=0.0475 time=60.57 ms | v=8.087 bg=0.00120 ba=0.47061
[tight-lio] t=1317401146.214 corr=1059 lidar=ok rms=0.0463 time=63.69 ms | v=7.985 bg=0.00112 ba=0.47138
[tight-lio] t=1317401146.318 corr=1056 lidar=ok rms=0.0507 time=60.60 ms | v=7.844 bg=0.00108 ba=0.47197
[tight-lio] t=1317401146.422 corr=1029 lidar=ok rms=0.0611 time=60.57 ms | v=7.672 bg=0.00102 ba=0.47213
[tight-lio] t=1317401146.526 corr=1168 lidar=ok rms=0.0456 time=42.52 ms | v=7.479 bg=0.00106 ba=0.47125
[tight-lio] t=1317401146.630 corr=1181 lidar=ok rms=0.0396 time=62.72 ms | v=7.270 bg=0.00109 ba=0.47054
[tight-lio] t=1317401146.733 corr=1295 lidar=ok rms=0.0585 time=45.03 ms | v=7.047 bg=0.00107 ba=0.46917
[tight-lio] t=1317401146.837 corr=1290 lidar=ok rms=0.0385 time=59.38 ms | v=6.823 bg=0.00107 ba=0.46844
[tight-lio] t=1317401146.941 corr=1366 lidar=ok rms=0.0578 time=46.22 ms | v=6.580 bg=0.00107 ba=0.46743
[tight-lio] t=1317401147.045 corr=1389 lidar=ok rms=0.0615 time=65.67 ms | v=6.326 bg=0.00106 ba=0.46647
[tight-lio] t=1317401147.149 corr=1515 lidar=ok rms=0.0578 time=67.90 ms | v=6.059 bg=0.00110 ba=0.46522
[tight-lio] t=1317401147.252 corr=1618 lidar=ok rms=0.0485 time=69.59 ms | v=5.807 bg=0.00106 ba=0.46488
[tight-lio] t=1317401147.356 corr=1838 lidar=ok rms=0.0537 time=54.22 ms | v=5.585 bg=0.00103 ba=0.46490
[tight-lio] t=1317401147.460 corr=1948 lidar=ok rms=0.0735 time=75.40 ms | v=5.378 bg=0.00100 ba=0.46422
[tight-lio] t=1317401147.564 corr=2018 lidar=ok rms=0.0397 time=77.96 ms | v=5.176 bg=0.00092 ba=0.46460
[tight-lio] t=1317401147.667 corr=2136 lidar=ok rms=0.0487 time=81.13 ms | v=4.971 bg=0.00091 ba=0.46506
[tight-lio] t=1317401147.771 corr=2221 lidar=ok rms=0.0442 time=81.86 ms | v=4.770 bg=0.00095 ba=0.46597
[tight-lio] t=1317401147.875 corr=2234 lidar=ok rms=0.0451 time=86.61 ms | v=4.567 bg=0.00112 ba=0.46657
[tight-lio] t=1317401147.979 corr=2405 lidar=ok rms=0.0380 time=84.49 ms | v=4.369 bg=0.00122 ba=0.46754
[tight-lio] t=1317401148.082 corr=2346 lidar=ok rms=0.0415 time=86.95 ms | v=4.201 bg=0.00121 ba=0.46849
[tight-lio] t=1317401148.186 corr=2472 lidar=ok rms=0.0439 time=88.82 ms | v=4.140 bg=0.00119 ba=0.47078
[tight-lio] t=1317401148.289 corr=2400 lidar=ok rms=0.0411 time=93.36 ms | v=4.095 bg=0.00129 ba=0.47268
[tight-lio] t=1317401148.393 corr=2678 lidar=ok rms=0.0473 time=93.83 ms | v=4.052 bg=0.00147 ba=0.47352
[tight-lio] t=1317401148.497 corr=2524 lidar=ok rms=0.0562 time=63.36 ms | v=4.012 bg=0.00171 ba=0.47366
[tight-lio] t=1317401148.600 corr=2640 lidar=ok rms=0.0431 time=95.52 ms | v=3.965 bg=0.00193 ba=0.47285
[tight-lio] t=1317401148.704 corr=2566 lidar=ok rms=0.0520 time=87.78 ms | v=3.922 bg=0.00208 ba=0.47255
[tight-lio] t=1317401148.808 corr=2604 lidar=ok rms=0.0493 time=64.78 ms | v=3.878 bg=0.00224 ba=0.47246
[tight-lio] t=1317401148.911 corr=2714 lidar=ok rms=0.0767 time=68.60 ms | v=3.827 bg=0.00227 ba=0.47136
[tight-lio] t=1317401149.015 corr=2552 lidar=ok rms=0.0557 time=67.10 ms | v=3.770 bg=0.00229 ba=0.47083
[tight-lio] t=1317401149.119 corr=2538 lidar=ok rms=0.0621 time=92.94 ms | v=3.698 bg=0.00227 ba=0.46951
[tight-lio] t=1317401149.223 corr=2636 lidar=ok rms=0.0472 time=91.54 ms | v=3.637 bg=0.00222 ba=0.46907
[tight-lio] t=1317401149.326 corr=2523 lidar=ok rms=0.0568 time=93.17 ms | v=3.589 bg=0.00216 ba=0.46881
[tight-lio] t=1317401149.430 corr=2559 lidar=ok rms=0.0556 time=126.92 ms | v=3.550 bg=0.00216 ba=0.46739
[tight-lio] t=1317401149.534 corr=2759 lidar=ok rms=0.0500 time=96.35 ms | v=3.540 bg=0.00214 ba=0.46797
[tight-lio] t=1317401149.637 corr=2697 lidar=ok rms=0.0459 time=97.84 ms | v=3.522 bg=0.00209 ba=0.46745
[tight-lio] t=1317401149.741 corr=2776 lidar=ok rms=0.0526 time=134.64 ms | v=3.535 bg=0.00204 ba=0.46791
[tight-lio] t=1317401149.845 corr=2943 lidar=ok rms=0.0374 time=106.98 ms | v=3.594 bg=0.00203 ba=0.46841
[tight-lio] t=1317401149.949 corr=2884 lidar=ok rms=0.0447 time=111.24 ms | v=3.682 bg=0.00202 ba=0.46889
[tight-lio] t=1317401150.053 corr=2796 lidar=ok rms=0.0613 time=101.47 ms | v=3.793 bg=0.00209 ba=0.46982
[tight-lio] t=1317401150.156 corr=2820 lidar=ok rms=0.0667 time=105.52 ms | v=3.925 bg=0.00213 ba=0.47006
[tight-lio] t=1317401150.260 corr=2865 lidar=ok rms=0.0701 time=100.21 ms | v=4.062 bg=0.00211 ba=0.46945
[tight-lio] t=1317401150.364 corr=2835 lidar=ok rms=0.0629 time=104.72 ms | v=4.211 bg=0.00221 ba=0.46860
[tight-lio] t=1317401150.467 corr=2985 lidar=ok rms=0.0680 time=113.03 ms | v=4.382 bg=0.00233 ba=0.46869
[tight-lio] t=1317401150.571 corr=2881 lidar=ok rms=0.0628 time=109.36 ms | v=4.568 bg=0.00226 ba=0.46782
[tight-lio] t=1317401150.675 corr=2876 lidar=ok rms=0.0549 time=103.57 ms | v=4.759 bg=0.00214 ba=0.46803
[tight-lio] t=1317401150.779 corr=2882 lidar=ok rms=0.0626 time=100.73 ms | v=4.955 bg=0.00214 ba=0.46757
[tight-lio] t=1317401150.883 corr=2889 lidar=ok rms=0.0632 time=116.73 ms | v=5.164 bg=0.00203 ba=0.46577
[tight-lio] t=1317401150.986 corr=2861 lidar=ok rms=0.0458 time=107.47 ms | v=5.361 bg=0.00185 ba=0.46405
[tight-lio] t=1317401151.090 corr=2757 lidar=ok rms=0.0550 time=116.67 ms | v=5.582 bg=0.00160 ba=0.46240
[tight-lio] t=1317401151.194 corr=2748 lidar=ok rms=0.0594 time=75.44 ms | v=5.834 bg=0.00157 ba=0.46319
[tight-lio] t=1317401151.298 corr=2588 lidar=ok rms=0.0715 time=93.64 ms | v=6.086 bg=0.00155 ba=0.46423
[tight-lio] t=1317401151.402 corr=2442 lidar=ok rms=0.0477 time=89.84 ms | v=6.280 bg=0.00135 ba=0.46251
[tight-lio] t=1317401151.506 corr=2429 lidar=ok rms=0.0529 time=89.27 ms | v=6.460 bg=0.00126 ba=0.46001
[tight-lio] t=1317401151.610 corr=2506 lidar=ok rms=0.0432 time=87.45 ms | v=6.653 bg=0.00120 ba=0.45726
[tight-lio] t=1317401151.714 corr=2406 lidar=ok rms=0.0444 time=87.62 ms | v=6.849 bg=0.00102 ba=0.45457
[tight-lio] t=1317401151.818 corr=2566 lidar=ok rms=0.0520 time=89.26 ms | v=7.023 bg=0.00107 ba=0.44969
[tight-lio] t=1317401151.922 corr=2441 lidar=ok rms=0.0563 time=101.70 ms | v=7.240 bg=0.00112 ba=0.44750
[tight-lio] t=1317401152.026 corr=2378 lidar=ok rms=0.0800 time=93.79 ms | v=7.444 bg=0.00125 ba=0.44506
[tight-lio] t=1317401152.131 corr=2358 lidar=ok rms=0.0543 time=91.98 ms | v=7.652 bg=0.00113 ba=0.44345
[tight-lio] t=1317401152.235 corr=2420 lidar=ok rms=0.0552 time=94.13 ms | v=7.829 bg=0.00097 ba=0.44111
[tight-lio] t=1317401152.339 corr=2335 lidar=ok rms=0.0567 time=86.83 ms | v=7.998 bg=0.00078 ba=0.43893
[tight-lio] t=1317401152.443 corr=2194 lidar=ok rms=0.0565 time=85.70 ms | v=8.188 bg=0.00068 ba=0.43787
[tight-lio] t=1317401152.547 corr=2143 lidar=ok rms=0.0530 time=88.36 ms | v=8.389 bg=0.00077 ba=0.43578
[tight-lio] t=1317401152.651 corr=2205 lidar=ok rms=0.0596 time=87.61 ms | v=8.595 bg=0.00099 ba=0.43387
[tight-lio] t=1317401152.756 corr=2252 lidar=ok rms=0.0675 time=91.41 ms | v=8.801 bg=0.00137 ba=0.43178
[tight-lio] t=1317401152.860 corr=2106 lidar=ok rms=0.0572 time=89.89 ms | v=9.004 bg=0.00143 ba=0.43122
[tight-lio] t=1317401152.964 corr=2086 lidar=ok rms=0.0839 time=90.53 ms | v=9.141 bg=0.00138 ba=0.42957
[tight-lio] t=1317401153.068 corr=2153 lidar=ok rms=0.0623 time=88.42 ms | v=9.226 bg=0.00133 ba=0.42713
[tight-lio] t=1317401153.173 corr=2041 lidar=ok rms=0.0644 time=86.34 ms | v=9.309 bg=0.00143 ba=0.42600
[tight-lio] t=1317401153.277 corr=2186 lidar=ok rms=0.0645 time=87.48 ms | v=9.381 bg=0.00151 ba=0.42434
[tight-lio] t=1317401153.381 corr=2016 lidar=ok rms=0.0587 time=81.25 ms | v=9.471 bg=0.00160 ba=0.42282
[tight-lio] t=1317401153.485 corr=1998 lidar=ok rms=0.0526 time=86.73 ms | v=9.535 bg=0.00154 ba=0.42128
[tight-lio] t=1317401153.589 corr=1904 lidar=ok rms=0.0762 time=80.60 ms | v=9.615 bg=0.00156 ba=0.42092
[tight-lio] t=1317401153.693 corr=1973 lidar=ok rms=0.0540 time=87.47 ms | v=9.683 bg=0.00171 ba=0.41869
[tight-lio] t=1317401153.798 corr=1825 lidar=ok rms=0.0540 time=80.05 ms | v=9.762 bg=0.00184 ba=0.41753
[tight-lio] t=1317401153.902 corr=1807 lidar=ok rms=0.0560 time=80.42 ms | v=9.795 bg=0.00196 ba=0.41547
[tight-lio] t=1317401154.006 corr=1776 lidar=ok rms=0.0554 time=85.93 ms | v=9.764 bg=0.00171 ba=0.41252
[tight-lio] t=1317401154.110 corr=1795 lidar=ok rms=0.0521 time=85.11 ms | v=9.707 bg=0.00152 ba=0.40917
[tight-lio] t=1317401154.214 corr=1771 lidar=ok rms=0.0708 time=86.67 ms | v=9.644 bg=0.00139 ba=0.40432
[tight-lio] t=1317401154.318 corr=2019 lidar=ok rms=0.0578 time=90.51 ms | v=9.629 bg=0.00147 ba=0.40180
[tight-lio] t=1317401154.422 corr=1887 lidar=ok rms=0.0480 time=83.67 ms | v=9.634 bg=0.00159 ba=0.40095
[tight-lio] t=1317401154.526 corr=1866 lidar=ok rms=0.0567 time=81.67 ms | v=9.612 bg=0.00151 ba=0.40007
[tight-lio] t=1317401154.630 corr=1856 lidar=ok rms=0.0602 time=77.83 ms | v=9.579 bg=0.00138 ba=0.39869
[tight-lio] t=1317401154.734 corr=1952 lidar=ok rms=0.0688 time=83.56 ms | v=9.536 bg=0.00120 ba=0.39601
[tight-lio] t=1317401154.837 corr=1795 lidar=ok rms=0.0500 time=78.55 ms | v=9.497 bg=0.00123 ba=0.39428
[tight-lio] t=1317401154.941 corr=1881 lidar=ok rms=0.0566 time=82.37 ms | v=9.468 bg=0.00123 ba=0.39254
[tight-lio] t=1317401155.045 corr=1950 lidar=ok rms=0.0766 time=80.16 ms | v=9.443 bg=0.00129 ba=0.39034
[tight-lio] t=1317401155.149 corr=1935 lidar=ok rms=0.0459 time=89.71 ms | v=9.395 bg=0.00124 ba=0.38900
[tight-lio] t=1317401155.253 corr=1886 lidar=ok rms=0.0494 time=82.86 ms | v=9.314 bg=0.00117 ba=0.38656
[tight-lio] t=1317401155.357 corr=1842 lidar=ok rms=0.0405 time=76.81 ms | v=9.240 bg=0.00116 ba=0.38506
[tight-lio] t=1317401155.461 corr=1824 lidar=ok rms=0.0552 time=77.96 ms | v=9.153 bg=0.00129 ba=0.38338
[tight-lio] t=1317401155.565 corr=1735 lidar=ok rms=0.0411 time=85.55 ms | v=9.044 bg=0.00131 ba=0.38284
[tight-lio] t=1317401155.668 corr=1816 lidar=ok rms=0.0646 time=78.08 ms | v=8.872 bg=0.00116 ba=0.38061
[tight-lio] t=1317401155.772 corr=1760 lidar=ok rms=0.0462 time=75.48 ms | v=8.683 bg=0.00111 ba=0.37927
[tight-lio] t=1317401155.876 corr=1748 lidar=ok rms=0.0432 time=82.66 ms | v=8.483 bg=0.00111 ba=0.37752
[tight-lio] t=1317401155.980 corr=1782 lidar=ok rms=0.0369 time=79.94 ms | v=8.288 bg=0.00124 ba=0.37683
[tight-lio] t=1317401156.084 corr=1831 lidar=ok rms=0.0486 time=84.09 ms | v=8.040 bg=0.00119 ba=0.37399
[tight-lio] t=1317401156.188 corr=1973 lidar=ok rms=0.0396 time=79.41 ms | v=7.800 bg=0.00114 ba=0.37245
[tight-lio] t=1317401156.292 corr=1948 lidar=ok rms=0.0454 time=84.94 ms | v=7.566 bg=0.00108 ba=0.37054
[tight-lio] t=1317401156.395 corr=1986 lidar=ok rms=0.0504 time=85.30 ms | v=7.338 bg=0.00110 ba=0.36941
[tight-lio] t=1317401156.499 corr=2056 lidar=ok rms=0.0544 time=89.88 ms | v=7.077 bg=0.00104 ba=0.36836
[tight-lio] t=1317401156.603 corr=2080 lidar=ok rms=0.0403 time=82.87 ms | v=6.821 bg=0.00107 ba=0.36710
[tight-lio] t=1317401156.707 corr=2079 lidar=ok rms=0.0382 time=80.76 ms | v=6.565 bg=0.00104 ba=0.36647
[tight-lio] t=1317401156.811 corr=2096 lidar=ok rms=0.0338 time=82.42 ms | v=6.321 bg=0.00095 ba=0.36723
[tight-lio] t=1317401156.914 corr=2135 lidar=ok rms=0.0558 time=84.21 ms | v=6.084 bg=0.00087 ba=0.36714
[tight-lio] t=1317401157.018 corr=2179 lidar=ok rms=0.0410 time=85.67 ms | v=5.835 bg=0.00079 ba=0.36644
[tight-lio] t=1317401157.122 corr=2220 lidar=ok rms=0.0439 time=86.61 ms | v=5.588 bg=0.00074 ba=0.36453
[tight-lio] t=1317401157.225 corr=2324 lidar=ok rms=0.0399 time=89.71 ms | v=5.411 bg=0.00077 ba=0.36385
[tight-lio] t=1317401157.329 corr=2170 lidar=ok rms=0.0798 time=87.90 ms | v=5.329 bg=0.00076 ba=0.36352
[tight-lio] t=1317401157.433 corr=2346 lidar=ok rms=0.0443 time=87.41 ms | v=5.287 bg=0.00087 ba=0.36299
[tight-lio] t=1317401157.537 corr=2169 lidar=ok rms=0.0595 time=85.95 ms | v=5.251 bg=0.00106 ba=0.36093
[tight-lio] t=1317401157.640 corr=2255 lidar=ok rms=0.0526 time=87.08 ms | v=5.231 bg=0.00123 ba=0.36092
[tight-lio] t=1317401157.744 corr=2272 lidar=ok rms=0.0391 time=87.19 ms | v=5.190 bg=0.00130 ba=0.35959
[tight-lio] t=1317401157.848 corr=2275 lidar=ok rms=0.1063 time=96.01 ms | v=5.130 bg=0.00137 ba=0.35733
[tight-lio] t=1317401157.951 corr=2152 lidar=ok rms=0.0927 time=138.49 ms | v=5.086 bg=0.00121 ba=0.35511
[tight-lio] t=1317401158.055 corr=2208 lidar=ok rms=0.0959 time=107.11 ms | v=5.041 bg=0.00126 ba=0.35125
[tight-lio] t=1317401158.159 corr=2179 lidar=ok rms=0.1014 time=116.45 ms | v=5.012 bg=0.00128 ba=0.34812
[tight-lio] t=1317401158.262 corr=2239 lidar=ok rms=0.0854 time=99.42 ms | v=5.028 bg=0.00128 ba=0.34680
[tight-lio] t=1317401158.366 corr=2265 lidar=ok rms=0.0909 time=117.52 ms | v=5.021 bg=0.00104 ba=0.34603
[tight-lio] t=1317401158.470 corr=2306 lidar=ok rms=0.0880 time=111.90 ms | v=5.022 bg=0.00089 ba=0.34463
[tight-lio] t=1317401158.573 corr=2326 lidar=ok rms=0.0764 time=95.39 ms | v=5.085 bg=0.00083 ba=0.34445
[tight-lio] t=1317401158.677 corr=2389 lidar=ok rms=0.0568 time=96.09 ms | v=5.167 bg=0.00087 ba=0.34417
[tight-lio] t=1317401158.781 corr=2376 lidar=ok rms=0.0615 time=95.06 ms | v=5.255 bg=0.00101 ba=0.34429
[tight-lio] t=1317401158.885 corr=2492 lidar=ok rms=0.0503 time=96.98 ms | v=5.360 bg=0.00100 ba=0.34311
[tight-lio] t=1317401158.988 corr=2524 lidar=ok rms=0.0754 time=104.10 ms | v=5.461 bg=0.00107 ba=0.34144
[tight-lio] t=1317401159.092 corr=2515 lidar=ok rms=0.0519 time=95.38 ms | v=5.562 bg=0.00102 ba=0.34000
[tight-lio] t=1317401159.196 corr=2585 lidar=ok rms=0.0580 time=95.49 ms | v=5.634 bg=0.00097 ba=0.33751
[tight-lio] t=1317401159.299 corr=2522 lidar=ok rms=0.0550 time=119.17 ms | v=5.740 bg=0.00099 ba=0.33652
[tight-lio] t=1317401159.403 corr=2533 lidar=ok rms=0.0617 time=99.40 ms | v=5.847 bg=0.00107 ba=0.33544
[tight-lio] t=1317401159.507 corr=2619 lidar=ok rms=0.0625 time=91.90 ms | v=5.932 bg=0.00111 ba=0.33093
[tight-lio] t=1317401159.611 corr=2507 lidar=ok rms=0.0656 time=91.51 ms | v=6.039 bg=0.00124 ba=0.32902
[tight-lio] t=1317401159.714 corr=2488 lidar=ok rms=0.0773 time=95.09 ms | v=6.161 bg=0.00131 ba=0.32601
[tight-lio] t=1317401159.818 corr=2429 lidar=ok rms=0.0636 time=92.42 ms | v=6.250 bg=0.00128 ba=0.32340
[tight-lio] t=1317401159.922 corr=2459 lidar=ok rms=0.0669 time=95.24 ms | v=6.343 bg=0.00126 ba=0.32063
[tight-lio] t=1317401160.026 corr=2389 lidar=ok rms=0.0733 time=96.14 ms | v=6.424 bg=0.00113 ba=0.31687
[tight-lio] t=1317401160.130 corr=2308 lidar=ok rms=0.0731 time=88.09 ms | v=6.530 bg=0.00099 ba=0.31491
[tight-lio] t=1317401160.234 corr=2149 lidar=ok rms=0.0669 time=85.03 ms | v=6.630 bg=0.00077 ba=0.31437
[tight-lio] t=1317401160.338 corr=2128 lidar=ok rms=0.0618 time=92.19 ms | v=6.751 bg=0.00062 ba=0.31538
[tight-lio] t=1317401160.442 corr=2212 lidar=ok rms=0.0876 time=91.08 ms | v=6.854 bg=0.00059 ba=0.31290
[tight-lio] t=1317401160.546 corr=2248 lidar=ok rms=0.0871 time=93.15 ms | v=6.979 bg=0.00075 ba=0.31011
[tight-lio] t=1317401160.650 corr=1973 lidar=ok rms=0.0911 time=88.25 ms | v=7.134 bg=0.00092 ba=0.30835
[tight-lio] t=1317401160.754 corr=1962 lidar=ok rms=0.0782 time=76.04 ms | v=7.281 bg=0.00100 ba=0.30636
[tight-lio] t=1317401160.859 corr=2010 lidar=ok rms=0.0735 time=82.90 ms | v=7.420 bg=0.00097 ba=0.30204
[tight-lio] t=1317401160.963 corr=1999 lidar=ok rms=0.0626 time=80.90 ms | v=7.566 bg=0.00103 ba=0.29958
[tight-lio] t=1317401161.067 corr=1760 lidar=ok rms=0.0772 time=72.90 ms | v=7.703 bg=0.00104 ba=0.29830
[tight-lio] t=1317401161.172 corr=1713 lidar=ok rms=0.0746 time=71.87 ms | v=7.832 bg=0.00114 ba=0.29444
[tight-lio] t=1317401161.276 corr=1558 lidar=ok rms=0.0740 time=74.19 ms | v=7.963 bg=0.00128 ba=0.29044
[tight-lio] t=1317401161.380 corr=1570 lidar=ok rms=0.0613 time=67.73 ms | v=8.095 bg=0.00134 ba=0.28670
[tight-lio] t=1317401161.485 corr=1518 lidar=ok rms=0.0824 time=65.36 ms | v=8.224 bg=0.00128 ba=0.28257
[tight-lio] t=1317401161.589 corr=1417 lidar=ok rms=0.0511 time=62.31 ms | v=8.355 bg=0.00124 ba=0.27870
[tight-lio] t=1317401161.693 corr=1340 lidar=ok rms=0.0570 time=63.95 ms | v=8.469 bg=0.00143 ba=0.27639
[tight-lio] t=1317401161.797 corr=1333 lidar=ok rms=0.0554 time=74.42 ms | v=8.617 bg=0.00140 ba=0.27234
[tight-lio] t=1317401161.901 corr=1393 lidar=ok rms=0.0540 time=65.87 ms | v=8.732 bg=0.00134 ba=0.26775
[tight-lio] t=1317401162.005 corr=1321 lidar=ok rms=0.0465 time=61.78 ms | v=8.876 bg=0.00136 ba=0.26335
[tight-lio] t=1317401162.110 corr=1267 lidar=ok rms=0.0774 time=60.87 ms | v=8.999 bg=0.00131 ba=0.25910
[tight-lio] t=1317401162.214 corr=1207 lidar=ok rms=0.0539 time=57.87 ms | v=9.147 bg=0.00130 ba=0.25466
[tight-lio] t=1317401162.318 corr=1145 lidar=ok rms=0.0772 time=55.67 ms | v=9.290 bg=0.00130 ba=0.25086
[tight-lio] t=1317401162.422 corr=1045 lidar=ok rms=0.0604 time=55.01 ms | v=9.425 bg=0.00133 ba=0.24769
[tight-lio] t=1317401162.526 corr=1043 lidar=ok rms=0.0891 time=58.69 ms | v=9.563 bg=0.00133 ba=0.24345
[tight-lio] t=1317401162.630 corr=1005 lidar=ok rms=0.0624 time=55.38 ms | v=9.691 bg=0.00128 ba=0.24021
[tight-lio] t=1317401162.734 corr=983 lidar=ok rms=0.0893 time=57.67 ms | v=9.812 bg=0.00127 ba=0.23616
[tight-lio] t=1317401162.838 corr=913 lidar=ok rms=0.0539 time=53.87 ms | v=9.945 bg=0.00130 ba=0.23457
[tight-lio] t=1317401162.942 corr=960 lidar=ok rms=0.0634 time=55.00 ms | v=10.080 bg=0.00132 ba=0.23215
[tight-lio] t=1317401163.045 corr=858 lidar=ok rms=0.0527 time=55.79 ms | v=10.229 bg=0.00140 ba=0.23036
[tight-lio] t=1317401163.149 corr=876 lidar=ok rms=0.0720 time=55.79 ms | v=10.333 bg=0.00128 ba=0.22890
[tight-lio] t=1317401163.253 corr=923 lidar=ok rms=0.0530 time=55.25 ms | v=10.466 bg=0.00124 ba=0.22490
[tight-lio] t=1317401163.357 corr=986 lidar=ok rms=0.0594 time=60.66 ms | v=10.593 bg=0.00133 ba=0.22190
[tight-lio] t=1317401163.461 corr=1019 lidar=ok rms=0.0749 time=58.64 ms | v=10.687 bg=0.00139 ba=0.22114
[tight-lio] t=1317401163.565 corr=1026 lidar=ok rms=0.0754 time=58.25 ms | v=10.749 bg=0.00141 ba=0.21987
[tight-lio] t=1317401163.669 corr=1005 lidar=ok rms=0.0670 time=58.91 ms | v=10.751 bg=0.00125 ba=0.21832
[tight-lio] t=1317401163.773 corr=999 lidar=ok rms=0.0653 time=61.56 ms | v=10.720 bg=0.00111 ba=0.21802
[tight-lio] t=1317401163.876 corr=987 lidar=ok rms=0.0547 time=57.36 ms | v=10.703 bg=0.00119 ba=0.21885
[tight-lio] t=1317401163.980 corr=1011 lidar=ok rms=0.0651 time=58.92 ms | v=10.712 bg=0.00133 ba=0.21685
[tight-lio] t=1317401164.084 corr=1021 lidar=ok rms=0.0613 time=57.66 ms | v=10.701 bg=0.00136 ba=0.21768
[tight-lio] t=1317401164.188 corr=1071 lidar=ok rms=0.0563 time=58.90 ms | v=10.679 bg=0.00132 ba=0.21851
[tight-lio] t=1317401164.292 corr=1212 lidar=ok rms=0.0714 time=59.61 ms | v=10.640 bg=0.00140 ba=0.22034
[tight-lio] t=1317401164.396 corr=1041 lidar=ok rms=0.0891 time=57.81 ms | v=10.622 bg=0.00138 ba=0.21980
[tight-lio] t=1317401164.500 corr=1046 lidar=ok rms=0.0533 time=56.27 ms | v=10.583 bg=0.00140 ba=0.22105
[tight-lio] t=1317401164.603 corr=1086 lidar=ok rms=0.0576 time=56.83 ms | v=10.532 bg=0.00151 ba=0.22337
[tight-lio] t=1317401164.707 corr=1010 lidar=ok rms=0.0759 time=58.22 ms | v=10.432 bg=0.00151 ba=0.22535
[tight-lio] t=1317401164.811 corr=948 lidar=ok rms=0.1025 time=53.36 ms | v=10.311 bg=0.00146 ba=0.22570
[tight-lio] t=1317401164.915 corr=879 lidar=ok rms=0.0678 time=51.75 ms | v=10.148 bg=0.00149 ba=0.22719
[tight-lio] t=1317401165.019 corr=857 lidar=ok rms=0.0719 time=51.20 ms | v=10.003 bg=0.00150 ba=0.22747
[tight-lio] t=1317401165.123 corr=855 lidar=ok rms=0.0580 time=51.36 ms | v=9.837 bg=0.00171 ba=0.22889
[tight-lio] t=1317401165.227 corr=776 lidar=ok rms=0.0746 time=49.93 ms | v=9.675 bg=0.00180 ba=0.22908
[tight-lio] t=1317401165.331 corr=829 lidar=ok rms=0.0683 time=51.05 ms | v=9.416 bg=0.00161 ba=0.23320
[tight-lio] t=1317401165.435 corr=825 lidar=ok rms=0.0704 time=50.06 ms | v=9.178 bg=0.00152 ba=0.23460
[tight-lio] t=1317401165.539 corr=915 lidar=ok rms=0.0639 time=52.22 ms | v=8.931 bg=0.00158 ba=0.23748
[tight-lio] t=1317401165.643 corr=955 lidar=ok rms=0.0813 time=52.55 ms | v=8.694 bg=0.00170 ba=0.23873
[tight-lio] t=1317401165.747 corr=903 lidar=ok rms=0.0772 time=51.21 ms | v=8.490 bg=0.00178 ba=0.24065
[tight-lio] t=1317401165.851 corr=944 lidar=ok rms=0.1006 time=49.42 ms | v=8.371 bg=0.00171 ba=0.24369
[tight-lio] t=1317401165.955 corr=941 lidar=ok rms=0.0639 time=48.50 ms | v=8.338 bg=0.00164 ba=0.24366
[tight-lio] t=1317401166.059 corr=927 lidar=ok rms=0.0674 time=47.83 ms | v=8.307 bg=0.00161 ba=0.24511
[tight-lio] t=1317401166.163 corr=943 lidar=ok rms=0.0617 time=48.84 ms | v=8.277 bg=0.00166 ba=0.24635
[tight-lio] t=1317401166.267 corr=878 lidar=ok rms=0.0691 time=48.15 ms | v=8.255 bg=0.00164 ba=0.24723
[tight-lio] t=1317401166.371 corr=895 lidar=ok rms=0.0755 time=45.30 ms | v=8.215 bg=0.00161 ba=0.24929
[tight-lio] t=1317401166.475 corr=910 lidar=ok rms=0.1232 time=45.33 ms | v=8.188 bg=0.00154 ba=0.24986
[tight-lio] t=1317401166.579 corr=856 lidar=ok rms=0.0998 time=43.90 ms | v=8.164 bg=0.00156 ba=0.25075
[tight-lio] t=1317401166.683 corr=833 lidar=ok rms=0.0854 time=46.05 ms | v=8.138 bg=0.00163 ba=0.25226
[tight-lio] t=1317401166.787 corr=967 lidar=ok rms=0.0727 time=48.11 ms | v=8.122 bg=0.00174 ba=0.25436
[tight-lio] t=1317401166.891 corr=882 lidar=ok rms=0.1115 time=47.12 ms | v=8.123 bg=0.00180 ba=0.25501
[tight-lio] t=1317401166.995 corr=959 lidar=ok rms=0.0617 time=48.84 ms | v=8.109 bg=0.00173 ba=0.25657
[tight-lio] t=1317401167.099 corr=787 lidar=ok rms=0.0872 time=47.53 ms | v=8.082 bg=0.00158 ba=0.25768
[tight-lio] t=1317401167.203 corr=941 lidar=ok rms=0.1015 time=50.74 ms | v=8.054 bg=0.00150 ba=0.25981
[tight-lio] t=1317401167.307 corr=806 lidar=ok rms=0.0948 time=49.95 ms | v=8.049 bg=0.00150 ba=0.26088
[tight-lio] t=1317401167.411 corr=885 lidar=ok rms=0.0610 time=50.39 ms | v=8.078 bg=0.00153 ba=0.26253
[tight-lio] t=1317401167.515 corr=816 lidar=ok rms=0.0627 time=48.12 ms | v=8.126 bg=0.00153 ba=0.26370
[tight-lio] t=1317401167.619 corr=828 lidar=ok rms=0.0641 time=48.84 ms | v=8.171 bg=0.00143 ba=0.26598
[tight-lio] t=1317401167.723 corr=773 lidar=ok rms=0.0683 time=48.71 ms | v=8.231 bg=0.00145 ba=0.26719
[tight-lio] t=1317401167.827 corr=786 lidar=ok rms=0.1254 time=50.81 ms | v=8.291 bg=0.00147 ba=0.26871
[tight-lio] t=1317401167.931 corr=724 lidar=ok rms=0.1198 time=48.01 ms | v=8.335 bg=0.00147 ba=0.26991
[tight-lio] t=1317401168.035 corr=783 lidar=ok rms=0.0569 time=48.01 ms | v=8.362 bg=0.00139 ba=0.27087
[tight-lio] t=1317401168.139 corr=776 lidar=ok rms=0.1089 time=50.17 ms | v=8.383 bg=0.00137 ba=0.27091
[tight-lio] t=1317401168.243 corr=796 lidar=ok rms=0.0697 time=51.48 ms | v=8.387 bg=0.00137 ba=0.27233
[tight-lio] t=1317401168.347 corr=763 lidar=ok rms=0.0629 time=48.68 ms | v=8.375 bg=0.00139 ba=0.27426
[tight-lio] t=1317401168.451 corr=830 lidar=ok rms=0.0730 time=51.89 ms | v=8.347 bg=0.00135 ba=0.27771
[tight-lio] t=1317401168.555 corr=815 lidar=ok rms=0.0757 time=50.24 ms | v=8.338 bg=0.00133 ba=0.27903
[tight-lio] t=1317401168.659 corr=752 lidar=ok rms=0.0595 time=48.80 ms | v=8.337 bg=0.00131 ba=0.27983
[tight-lio] t=1317401168.763 corr=769 lidar=ok rms=0.0608 time=53.19 ms | v=8.292 bg=0.00132 ba=0.28527
[tight-lio] t=1317401168.867 corr=789 lidar=ok rms=0.0686 time=52.16 ms | v=8.283 bg=0.00130 ba=0.28899
[tight-lio] t=1317401168.971 corr=752 lidar=ok rms=0.0803 time=50.82 ms | v=8.313 bg=0.00133 ba=0.29071
[tight-lio] t=1317401169.075 corr=865 lidar=ok rms=0.0787 time=52.17 ms | v=8.335 bg=0.00132 ba=0.29385
[tight-lio] t=1317401169.179 corr=910 lidar=ok rms=0.0652 time=54.18 ms | v=8.398 bg=0.00139 ba=0.29538
[tight-lio] t=1317401169.283 corr=956 lidar=ok rms=0.0503 time=53.10 ms | v=8.461 bg=0.00152 ba=0.29813
[tight-lio] t=1317401169.387 corr=935 lidar=ok rms=0.0809 time=52.75 ms | v=8.535 bg=0.00153 ba=0.29992
[tight-lio] t=1317401169.491 corr=976 lidar=ok rms=0.0606 time=54.13 ms | v=8.590 bg=0.00140 ba=0.30290
[tight-lio] t=1317401169.595 corr=990 lidar=ok rms=0.0811 time=54.64 ms | v=8.643 bg=0.00133 ba=0.30570
[tight-lio] t=1317401169.699 corr=971 lidar=ok rms=0.0655 time=54.67 ms | v=8.729 bg=0.00130 ba=0.30702
[tight-lio] t=1317401169.803 corr=944 lidar=ok rms=0.0769 time=57.64 ms | v=8.822 bg=0.00133 ba=0.30803
[tight-lio] t=1317401169.906 corr=943 lidar=ok rms=0.0473 time=54.94 ms | v=8.920 bg=0.00139 ba=0.30939
[tight-lio] t=1317401170.010 corr=987 lidar=ok rms=0.0552 time=57.04 ms | v=9.018 bg=0.00140 ba=0.31078
[tight-lio] t=1317401170.114 corr=949 lidar=ok rms=0.0479 time=55.23 ms | v=9.097 bg=0.00144 ba=0.31352
[tight-lio] t=1317401170.218 corr=1031 lidar=ok rms=0.0653 time=56.17 ms | v=9.170 bg=0.00140 ba=0.31634
[tight-lio] t=1317401170.322 corr=1031 lidar=ok rms=0.0632 time=58.70 ms | v=9.245 bg=0.00135 ba=0.31870
[tight-lio] t=1317401170.426 corr=993 lidar=ok rms=0.0916 time=41.48 ms | v=9.325 bg=0.00139 ba=0.32024
[tight-lio] t=1317401170.530 corr=1062 lidar=ok rms=0.0636 time=58.21 ms | v=9.382 bg=0.00136 ba=0.32262
[tight-lio] t=1317401170.634 corr=1018 lidar=ok rms=0.0700 time=60.12 ms | v=9.405 bg=0.00126 ba=0.32616
[tight-lio] t=1317401170.738 corr=1096 lidar=ok rms=0.0864 time=63.79 ms | v=9.431 bg=0.00128 ba=0.32850
[tight-lio] t=1317401170.842 corr=1082 lidar=ok rms=0.0841 time=62.93 ms | v=9.469 bg=0.00132 ba=0.32928
[tight-lio] t=1317401170.946 corr=1066 lidar=ok rms=0.0575 time=62.03 ms | v=9.479 bg=0.00135 ba=0.33204
[tight-lio] t=1317401171.050 corr=1135 lidar=ok rms=0.0777 time=58.56 ms | v=9.477 bg=0.00135 ba=0.33525
[tight-lio] t=1317401171.154 corr=1116 lidar=ok rms=0.0803 time=57.52 ms | v=9.465 bg=0.00134 ba=0.33840
[tight-lio] t=1317401171.258 corr=1139 lidar=ok rms=0.0784 time=56.90 ms | v=9.457 bg=0.00136 ba=0.34083
[tight-lio] t=1317401171.362 corr=1175 lidar=ok rms=0.0529 time=57.56 ms | v=9.446 bg=0.00136 ba=0.34312
[tight-lio] t=1317401171.466 corr=1084 lidar=ok rms=0.0675 time=56.63 ms | v=9.447 bg=0.00144 ba=0.34417
[tight-lio] t=1317401171.569 corr=1177 lidar=ok rms=0.0558 time=58.19 ms | v=9.424 bg=0.00146 ba=0.34664
[tight-lio] t=1317401171.673 corr=1090 lidar=ok rms=0.0506 time=56.19 ms | v=9.402 bg=0.00140 ba=0.34824
[tight-lio] t=1317401171.777 corr=1071 lidar=ok rms=0.0570 time=56.51 ms | v=9.318 bg=0.00142 ba=0.35468
[tight-lio] t=1317401171.881 corr=1078 lidar=ok rms=0.0557 time=56.69 ms | v=9.267 bg=0.00137 ba=0.35809
[tight-lio] t=1317401171.985 corr=1076 lidar=ok rms=0.0635 time=56.08 ms | v=9.220 bg=0.00127 ba=0.36166
[tight-lio] t=1317401172.089 corr=1043 lidar=ok rms=0.0523 time=55.72 ms | v=9.183 bg=0.00128 ba=0.36400
[tight-lio] t=1317401172.193 corr=1016 lidar=ok rms=0.0543 time=53.24 ms | v=9.171 bg=0.00146 ba=0.36545
[tight-lio] t=1317401172.297 corr=953 lidar=ok rms=0.0496 time=53.38 ms | v=9.149 bg=0.00148 ba=0.36658
[tight-lio] t=1317401172.401 corr=976 lidar=ok rms=0.0588 time=55.32 ms | v=9.117 bg=0.00138 ba=0.36799
[tight-lio] t=1317401172.505 corr=1010 lidar=ok rms=0.0551 time=55.21 ms | v=9.071 bg=0.00131 ba=0.37107
[tight-lio] t=1317401172.609 corr=1032 lidar=ok rms=0.0549 time=58.17 ms | v=9.044 bg=0.00142 ba=0.37395
[tight-lio] t=1317401172.713 corr=1002 lidar=ok rms=0.0670 time=56.94 ms | v=9.016 bg=0.00145 ba=0.37654
[tight-lio] t=1317401172.817 corr=1052 lidar=ok rms=0.0573 time=56.35 ms | v=8.975 bg=0.00132 ba=0.37895
[tight-lio] t=1317401172.921 corr=1061 lidar=ok rms=0.0511 time=56.57 ms | v=8.905 bg=0.00126 ba=0.38284
[tight-lio] t=1317401173.024 corr=1097 lidar=ok rms=0.0546 time=55.35 ms | v=8.825 bg=0.00134 ba=0.38692
[tight-lio] t=1317401173.128 corr=1070 lidar=ok rms=0.0703 time=54.56 ms | v=8.739 bg=0.00143 ba=0.38987
[tight-lio] t=1317401173.232 corr=1128 lidar=ok rms=0.0717 time=58.55 ms | v=8.642 bg=0.00142 ba=0.39282
[tight-lio] t=1317401173.336 corr=1023 lidar=ok rms=0.0624 time=56.82 ms | v=8.559 bg=0.00136 ba=0.39364
[tight-lio] t=1317401173.440 corr=1077 lidar=ok rms=0.0586 time=56.11 ms | v=8.477 bg=0.00128 ba=0.39621
[tight-lio] t=1317401173.544 corr=1106 lidar=ok rms=0.0648 time=55.17 ms | v=8.398 bg=0.00120 ba=0.40014
[tight-lio] t=1317401173.648 corr=1056 lidar=ok rms=0.0688 time=41.68 ms | v=8.371 bg=0.00118 ba=0.40127
[tight-lio] t=1317401173.752 corr=963 lidar=ok rms=0.1152 time=54.68 ms | v=8.350 bg=0.00124 ba=0.40313
[tight-lio] t=1317401173.856 corr=1000 lidar=ok rms=0.0581 time=58.45 ms | v=8.329 bg=0.00138 ba=0.40551
[tight-lio] t=1317401173.960 corr=1034 lidar=ok rms=0.0697 time=56.67 ms | v=8.310 bg=0.00142 ba=0.40761
[tight-lio] t=1317401174.064 corr=1041 lidar=ok rms=0.0744 time=57.06 ms | v=8.307 bg=0.00139 ba=0.40753
[tight-lio] t=1317401174.168 corr=1037 lidar=ok rms=0.0574 time=55.79 ms | v=8.293 bg=0.00133 ba=0.40840
[tight-lio] t=1317401174.272 corr=1137 lidar=ok rms=0.0679 time=57.15 ms | v=8.291 bg=0.00130 ba=0.40869
[tight-lio] t=1317401174.376 corr=1155 lidar=ok rms=0.0907 time=58.84 ms | v=8.282 bg=0.00128 ba=0.40940
[tight-lio] t=1317401174.480 corr=1245 lidar=ok rms=0.0596 time=60.26 ms | v=8.266 bg=0.00117 ba=0.41072
[tight-lio] t=1317401174.584 corr=1257 lidar=ok rms=0.0900 time=63.72 ms | v=8.265 bg=0.00105 ba=0.41127
[tight-lio] t=1317401174.688 corr=1229 lidar=ok rms=0.0453 time=58.91 ms | v=8.267 bg=0.00104 ba=0.41481
[tight-lio] t=1317401174.792 corr=1231 lidar=ok rms=0.0486 time=60.13 ms | v=8.316 bg=0.00122 ba=0.41616
[tight-lio] t=1317401174.896 corr=1177 lidar=ok rms=0.0498 time=64.12 ms | v=8.369 bg=0.00130 ba=0.41771
[tight-lio] t=1317401175.000 corr=1216 lidar=ok rms=0.0512 time=61.59 ms | v=8.420 bg=0.00134 ba=0.41910
[tight-lio] t=1317401175.104 corr=1134 lidar=ok rms=0.0558 time=59.38 ms | v=8.479 bg=0.00123 ba=0.41904
[tight-lio] t=1317401175.208 corr=1136 lidar=ok rms=0.0683 time=66.20 ms | v=8.474 bg=0.00112 ba=0.42423
[tight-lio] t=1317401175.312 corr=1160 lidar=ok rms=0.0564 time=61.26 ms | v=8.515 bg=0.00117 ba=0.42622
[tight-lio] t=1317401175.416 corr=1089 lidar=ok rms=0.0613 time=42.55 ms | v=8.560 bg=0.00125 ba=0.42846
[tight-lio] t=1317401175.520 corr=1124 lidar=ok rms=0.0439 time=59.19 ms | v=8.597 bg=0.00135 ba=0.43132
[tight-lio] t=1317401175.624 corr=1184 lidar=ok rms=0.0502 time=60.62 ms | v=8.638 bg=0.00133 ba=0.43336
[tight-lio] t=1317401175.728 corr=1200 lidar=ok rms=0.0509 time=46.16 ms | v=8.676 bg=0.00130 ba=0.43533
[tight-lio] t=1317401175.832 corr=1149 lidar=ok rms=0.0494 time=43.15 ms | v=8.723 bg=0.00132 ba=0.43643
[tight-lio] t=1317401175.935 corr=1093 lidar=ok rms=0.0466 time=58.98 ms | v=8.750 bg=0.00128 ba=0.43857
[tight-lio] t=1317401176.039 corr=1161 lidar=ok rms=0.0644 time=63.45 ms | v=8.761 bg=0.00127 ba=0.44111
[tight-lio] t=1317401176.143 corr=1123 lidar=ok rms=0.0511 time=58.73 ms | v=8.769 bg=0.00124 ba=0.44341
[tight-lio] t=1317401176.247 corr=1102 lidar=ok rms=0.0563 time=63.54 ms | v=8.776 bg=0.00133 ba=0.44507
[tight-lio] t=1317401176.351 corr=1082 lidar=ok rms=0.0497 time=62.34 ms | v=8.769 bg=0.00136 ba=0.44705
[tight-lio] t=1317401176.455 corr=1144 lidar=ok rms=0.0706 time=60.73 ms | v=8.738 bg=0.00129 ba=0.45045
[tight-lio] t=1317401176.559 corr=1062 lidar=ok rms=0.0637 time=60.27 ms | v=8.726 bg=0.00130 ba=0.45256
[tight-lio] t=1317401176.663 corr=1075 lidar=ok rms=0.0493 time=59.54 ms | v=8.715 bg=0.00125 ba=0.45355
[tight-lio] t=1317401176.767 corr=1092 lidar=ok rms=0.0490 time=64.39 ms | v=8.669 bg=0.00115 ba=0.45695
[tight-lio] t=1317401176.871 corr=1125 lidar=ok rms=0.0565 time=62.28 ms | v=8.627 bg=0.00105 ba=0.45989
[tight-lio] t=1317401176.975 corr=1152 lidar=ok rms=0.0556 time=61.23 ms | v=8.602 bg=0.00118 ba=0.46212
[tight-lio] t=1317401177.079 corr=1238 lidar=ok rms=0.0630 time=64.08 ms | v=8.580 bg=0.00136 ba=0.46414
[tight-lio] t=1317401177.183 corr=1217 lidar=ok rms=0.0497 time=61.87 ms | v=8.540 bg=0.00140 ba=0.46600
[tight-lio] t=1317401177.287 corr=1315 lidar=ok rms=0.0588 time=64.19 ms | v=8.462 bg=0.00133 ba=0.46892
[tight-lio] t=1317401177.391 corr=1272 lidar=ok rms=0.0481 time=64.00 ms | v=8.386 bg=0.00128 ba=0.47073
[tight-lio] t=1317401177.495 corr=1254 lidar=ok rms=0.0514 time=46.32 ms | v=8.307 bg=0.00134 ba=0.47209
[tight-lio] t=1317401177.599 corr=1385 lidar=ok rms=0.0674 time=67.15 ms | v=8.197 bg=0.00136 ba=0.47489
[tight-lio] t=1317401177.702 corr=1461 lidar=ok rms=0.0552 time=73.07 ms | v=8.066 bg=0.00131 ba=0.47783
[tight-lio] t=1317401177.806 corr=1403 lidar=ok rms=0.0391 time=48.79 ms | v=7.954 bg=0.00131 ba=0.47851
[tight-lio] t=1317401177.910 corr=1459 lidar=ok rms=0.0442 time=71.04 ms | v=7.794 bg=0.00138 ba=0.48290
[tight-lio] t=1317401178.014 corr=1695 lidar=ok rms=0.0632 time=72.82 ms | v=7.641 bg=0.00143 ba=0.48602
[tight-lio] t=1317401178.118 corr=1629 lidar=ok rms=0.0512 time=73.74 ms | v=7.469 bg=0.00139 ba=0.48822
[tight-lio] t=1317401178.222 corr=1932 lidar=ok rms=0.0543 time=75.33 ms | v=7.262 bg=0.00137 ba=0.49166
[tight-lio] t=1317401178.326 corr=1936 lidar=ok rms=0.0475 time=79.48 ms | v=7.058 bg=0.00140 ba=0.49429
[tight-lio] t=1317401178.430 corr=2053 lidar=ok rms=0.0532 time=78.83 ms | v=6.843 bg=0.00133 ba=0.49689
[tight-lio] t=1317401178.535 corr=1995 lidar=ok rms=0.0499 time=81.79 ms | v=6.625 bg=0.00158 ba=0.49929
[tight-lio] t=1317401178.639 corr=2155 lidar=ok rms=0.0409 time=82.84 ms | v=6.409 bg=0.00166 ba=0.50074
[tight-lio] t=1317401178.743 corr=2126 lidar=ok rms=0.0443 time=82.94 ms | v=6.159 bg=0.00164 ba=0.50405
[tight-lio] t=1317401178.847 corr=2286 lidar=ok rms=0.0431 time=86.03 ms | v=5.927 bg=0.00169 ba=0.50699
[tight-lio] t=1317401178.951 corr=2373 lidar=ok rms=0.0370 time=86.53 ms | v=5.725 bg=0.00169 ba=0.50925
[tight-lio] t=1317401179.055 corr=2474 lidar=ok rms=0.0379 time=88.34 ms | v=5.543 bg=0.00171 ba=0.51198
[tight-lio] t=1317401179.159 corr=2678 lidar=ok rms=0.0562 time=95.89 ms | v=5.364 bg=0.00170 ba=0.51512
[tight-lio] t=1317401179.263 corr=2985 lidar=ok rms=0.0600 time=101.36 ms | v=5.187 bg=0.00171 ba=0.51798
[tight-lio] t=1317401179.368 corr=3001 lidar=ok rms=0.0631 time=106.87 ms | v=4.995 bg=0.00181 ba=0.52242
[tight-lio] t=1317401179.472 corr=3277 lidar=ok rms=0.0463 time=113.15 ms | v=4.799 bg=0.00193 ba=0.52721
[tight-lio] t=1317401179.576 corr=3215 lidar=ok rms=0.0497 time=114.86 ms | v=4.633 bg=0.00205 ba=0.53039
[tight-lio] t=1317401179.680 corr=3283 lidar=ok rms=0.0618 time=120.24 ms | v=4.546 bg=0.00226 ba=0.53372
[tight-lio] t=1317401179.784 corr=3510 lidar=ok rms=0.0529 time=123.65 ms | v=4.506 bg=0.00252 ba=0.53538
[tight-lio] t=1317401179.889 corr=3580 lidar=ok rms=0.0622 time=111.93 ms | v=4.495 bg=0.00253 ba=0.53475
[tight-lio] t=1317401179.993 corr=3493 lidar=ok rms=0.0651 time=126.34 ms | v=4.458 bg=0.00258 ba=0.53542
[tight-lio] t=1317401180.097 corr=3608 lidar=ok rms=0.0509 time=112.75 ms | v=4.413 bg=0.00257 ba=0.53599
[tight-lio] t=1317401180.201 corr=3578 lidar=ok rms=0.0535 time=114.06 ms | v=4.393 bg=0.00260 ba=0.53552
[tight-lio] t=1317401180.305 corr=3545 lidar=ok rms=0.0731 time=121.66 ms | v=4.384 bg=0.00253 ba=0.53421
[tight-lio] t=1317401180.409 corr=3477 lidar=ok rms=0.0449 time=125.40 ms | v=4.373 bg=0.00243 ba=0.53268
[tight-lio] t=1317401180.514 corr=3467 lidar=ok rms=0.0416 time=125.94 ms | v=4.387 bg=0.00250 ba=0.53071
[tight-lio] t=1317401180.618 corr=3488 lidar=ok rms=0.0567 time=120.69 ms | v=4.445 bg=0.00251 ba=0.52962
[tight-lio] t=1317401180.722 corr=3554 lidar=ok rms=0.0475 time=120.10 ms | v=4.544 bg=0.00231 ba=0.52914
[tight-lio] t=1317401180.826 corr=3418 lidar=ok rms=0.0501 time=124.84 ms | v=4.682 bg=0.00217 ba=0.52818
[tight-lio] t=1317401180.930 corr=3514 lidar=ok rms=0.0633 time=119.28 ms | v=4.857 bg=0.00215 ba=0.52692
[tight-lio] t=1317401181.034 corr=3422 lidar=ok rms=0.0418 time=126.44 ms | v=5.056 bg=0.00219 ba=0.52582
[tight-lio] t=1317401181.138 corr=3443 lidar=ok rms=0.0629 time=117.66 ms | v=5.247 bg=0.00246 ba=0.52589
[tight-lio] t=1317401181.242 corr=3498 lidar=ok rms=0.0591 time=118.61 ms | v=5.419 bg=0.00258 ba=0.52735
[tight-lio] t=1317401181.346 corr=3615 lidar=ok rms=0.0618 time=138.36 ms | v=5.540 bg=0.00257 ba=0.53158
[tight-lio] t=1317401181.450 corr=3579 lidar=ok rms=0.0511 time=133.38 ms | v=5.671 bg=0.00244 ba=0.53312
[tight-lio] t=1317401181.554 corr=3423 lidar=ok rms=0.0482 time=132.90 ms | v=5.850 bg=0.00234 ba=0.53062
[tight-lio] t=1317401181.659 corr=3419 lidar=ok rms=0.0566 time=113.89 ms | v=6.024 bg=0.00233 ba=0.52848
[tight-lio] t=1317401181.763 corr=3476 lidar=ok rms=0.0522 time=129.88 ms | v=6.215 bg=0.00225 ba=0.52504
[tight-lio] t=1317401181.867 corr=3460 lidar=ok rms=0.0420 time=128.38 ms | v=6.398 bg=0.00209 ba=0.52136
[tight-lio] t=1317401181.970 corr=3364 lidar=ok rms=0.0366 time=114.41 ms | v=6.580 bg=0.00193 ba=0.51776
[tight-lio] t=1317401182.074 corr=3363 lidar=ok rms=0.0409 time=124.17 ms | v=6.763 bg=0.00177 ba=0.51387
[tight-lio] t=1317401182.178 corr=3374 lidar=ok rms=0.0467 time=127.80 ms | v=6.967 bg=0.00161 ba=0.50751
[tight-lio] t=1317401182.282 corr=3433 lidar=ok rms=0.0504 time=123.71 ms | v=7.138 bg=0.00150 ba=0.50367
[tight-lio] t=1317401182.386 corr=3350 lidar=ok rms=0.0462 time=115.38 ms | v=7.306 bg=0.00141 ba=0.50030
[tight-lio] t=1317401182.489 corr=3301 lidar=ok rms=0.0446 time=116.20 ms | v=7.454 bg=0.00135 ba=0.49920
[tight-lio] t=1317401182.593 corr=3427 lidar=ok rms=0.0519 time=126.73 ms | v=7.607 bg=0.00118 ba=0.49653
[tight-lio] t=1317401182.697 corr=3469 lidar=ok rms=0.0475 time=130.20 ms | v=7.767 bg=0.00104 ba=0.49294
[tight-lio] t=1317401182.800 corr=3439 lidar=ok rms=0.0465 time=116.32 ms | v=7.934 bg=0.00093 ba=0.48976
[tight-lio] t=1317401182.904 corr=3568 lidar=ok rms=0.0494 time=115.48 ms | v=8.100 bg=0.00085 ba=0.48721
[tight-lio] t=1317401183.008 corr=3551 lidar=ok rms=0.0511 time=123.14 ms | v=8.275 bg=0.00090 ba=0.48475
[tight-lio] t=1317401183.111 corr=3437 lidar=ok rms=0.0467 time=113.01 ms | v=8.430 bg=0.00094 ba=0.48378
[tight-lio] t=1317401183.215 corr=3448 lidar=ok rms=0.0524 time=119.32 ms | v=8.599 bg=0.00092 ba=0.48153
[tight-lio] t=1317401183.319 corr=3509 lidar=ok rms=0.0687 time=133.68 ms | v=8.753 bg=0.00088 ba=0.47965
[tight-lio] t=1317401183.422 corr=3259 lidar=ok rms=0.0480 time=122.89 ms | v=8.886 bg=0.00089 ba=0.47726
[tight-lio] t=1317401183.526 corr=3158 lidar=ok rms=0.0472 time=108.71 ms | v=8.984 bg=0.00094 ba=0.47657
[tight-lio] t=1317401183.630 corr=3132 lidar=ok rms=0.0448 time=108.86 ms | v=9.079 bg=0.00097 ba=0.47562
[tight-lio] t=1317401183.733 corr=3075 lidar=ok rms=0.0479 time=108.16 ms | v=9.154 bg=0.00099 ba=0.47465
[tight-lio] t=1317401183.837 corr=3096 lidar=ok rms=0.0549 time=119.18 ms | v=9.247 bg=0.00112 ba=0.47266
[tight-lio] t=1317401183.941 corr=3035 lidar=ok rms=0.0436 time=110.40 ms | v=9.321 bg=0.00123 ba=0.47278
[tight-lio] t=1317401184.045 corr=2927 lidar=ok rms=0.0436 time=106.84 ms | v=9.383 bg=0.00124 ba=0.47231
[tight-lio] t=1317401184.148 corr=2913 lidar=ok rms=0.0524 time=75.99 ms | v=9.397 bg=0.00123 ba=0.47276
[tight-lio] t=1317401184.252 corr=2761 lidar=ok rms=0.0496 time=113.60 ms | v=9.399 bg=0.00122 ba=0.47297
[tight-lio] t=1317401184.356 corr=2866 lidar=ok rms=0.0518 time=106.03 ms | v=9.411 bg=0.00113 ba=0.47115
[tight-lio] t=1317401184.460 corr=2862 lidar=ok rms=0.0521 time=105.88 ms | v=9.408 bg=0.00103 ba=0.46969
[tight-lio] t=1317401184.563 corr=2790 lidar=ok rms=0.0456 time=105.16 ms | v=9.405 bg=0.00104 ba=0.46845
[tight-lio] t=1317401184.667 corr=2708 lidar=ok rms=0.0452 time=108.36 ms | v=9.394 bg=0.00114 ba=0.46796
[tight-lio] t=1317401184.771 corr=2693 lidar=ok rms=0.0459 time=109.55 ms | v=9.357 bg=0.00118 ba=0.46731
[tight-lio] t=1317401184.875 corr=2643 lidar=ok rms=0.0424 time=105.74 ms | v=9.312 bg=0.00111 ba=0.46754
[tight-lio] t=1317401184.979 corr=2562 lidar=ok rms=0.0386 time=103.18 ms | v=9.257 bg=0.00111 ba=0.46869
[tight-lio] t=1317401185.083 corr=2527 lidar=ok rms=0.0428 time=100.75 ms | v=9.241 bg=0.00119 ba=0.46662
[tight-lio] t=1317401185.186 corr=2330 lidar=ok rms=0.0384 time=103.73 ms | v=9.202 bg=0.00126 ba=0.46673
[tight-lio] t=1317401185.290 corr=2312 lidar=ok rms=0.0398 time=98.03 ms | v=9.170 bg=0.00130 ba=0.46665
[tight-lio] t=1317401185.394 corr=2253 lidar=ok rms=0.0404 time=94.58 ms | v=9.141 bg=0.00125 ba=0.46597
[tight-lio] t=1317401185.498 corr=2202 lidar=ok rms=0.0619 time=95.13 ms | v=9.120 bg=0.00123 ba=0.46399
[tight-lio] t=1317401185.602 corr=2270 lidar=ok rms=0.0489 time=96.92 ms | v=9.068 bg=0.00120 ba=0.46334
[tight-lio] t=1317401185.705 corr=2203 lidar=ok rms=0.0473 time=94.43 ms | v=8.976 bg=0.00121 ba=0.46385
[tight-lio] t=1317401185.809 corr=2339 lidar=ok rms=0.0513 time=101.33 ms | v=8.868 bg=0.00127 ba=0.46427
[tight-lio] t=1317401185.913 corr=2193 lidar=ok rms=0.0482 time=91.94 ms | v=8.731 bg=0.00132 ba=0.46424
[tight-lio] t=1317401186.017 corr=2267 lidar=ok rms=0.0511 time=93.62 ms | v=8.569 bg=0.00124 ba=0.46467
[tight-lio] t=1317401186.121 corr=2321 lidar=ok rms=0.0529 time=95.63 ms | v=8.380 bg=0.00108 ba=0.46552
[tight-lio] t=1317401186.225 corr=2293 lidar=ok rms=0.0569 time=96.04 ms | v=8.166 bg=0.00092 ba=0.46708
[tight-lio] t=1317401186.328 corr=2289 lidar=ok rms=0.0822 time=95.03 ms | v=7.945 bg=0.00080 ba=0.46782
[tight-lio] t=1317401186.432 corr=2386 lidar=ok rms=0.0476 time=125.34 ms | v=7.745 bg=0.00088 ba=0.46715
[tight-lio] t=1317401186.536 corr=2354 lidar=ok rms=0.0634 time=95.36 ms | v=7.548 bg=0.00115 ba=0.46755
[tight-lio] t=1317401186.640 corr=2368 lidar=ok rms=0.0476 time=93.27 ms | v=7.358 bg=0.00134 ba=0.46698
[tight-lio] t=1317401186.744 corr=2351 lidar=ok rms=0.0412 time=100.34 ms | v=7.150 bg=0.00123 ba=0.46782
[tight-lio] t=1317401186.848 corr=2440 lidar=ok rms=0.0523 time=103.79 ms | v=6.942 bg=0.00109 ba=0.46976
[tight-lio] t=1317401186.952 corr=2348 lidar=ok rms=0.0525 time=102.55 ms | v=6.727 bg=0.00107 ba=0.47319
[tight-lio] t=1317401187.056 corr=2409 lidar=ok rms=0.0519 time=101.64 ms | v=6.549 bg=0.00111 ba=0.47501
[tight-lio] t=1317401187.160 corr=2304 lidar=ok rms=0.0565 time=100.30 ms | v=6.413 bg=0.00113 ba=0.47905
[tight-lio] t=1317401187.265 corr=2388 lidar=ok rms=0.0838 time=103.62 ms | v=6.344 bg=0.00113 ba=0.47977
[tight-lio] t=1317401187.369 corr=2209 lidar=ok rms=0.0713 time=93.01 ms | v=6.292 bg=0.00103 ba=0.48118
[tight-lio] t=1317401187.473 corr=2211 lidar=ok rms=0.0513 time=95.69 ms | v=6.249 bg=0.00126 ba=0.48041
[tight-lio] t=1317401187.577 corr=2198 lidar=ok rms=0.0593 time=131.80 ms | v=6.213 bg=0.00162 ba=0.48050
[tight-lio] t=1317401187.682 corr=2286 lidar=ok rms=0.0534 time=113.57 ms | v=6.180 bg=0.00202 ba=0.48057
[tight-lio] t=1317401187.786 corr=2162 lidar=ok rms=0.0521 time=107.80 ms | v=6.124 bg=0.00224 ba=0.48169
[tight-lio] t=1317401187.890 corr=2343 lidar=ok rms=0.0550 time=128.72 ms | v=6.074 bg=0.00252 ba=0.48032
[tight-lio] t=1317401187.995 corr=2199 lidar=ok rms=0.0576 time=98.84 ms | v=6.031 bg=0.00246 ba=0.48031
[tight-lio] t=1317401188.099 corr=2276 lidar=ok rms=0.0498 time=103.73 ms | v=5.983 bg=0.00245 ba=0.48084
[tight-lio] t=1317401188.203 corr=2245 lidar=ok rms=0.0459 time=96.00 ms | v=5.928 bg=0.00232 ba=0.48309
[tight-lio] t=1317401188.307 corr=2301 lidar=ok rms=0.0640 time=97.14 ms | v=5.896 bg=0.00231 ba=0.48344
[tight-lio] t=1317401188.412 corr=2158 lidar=ok rms=0.0451 time=96.66 ms | v=5.852 bg=0.00219 ba=0.48381
[tight-lio] t=1317401188.516 corr=2287 lidar=ok rms=0.0478 time=102.37 ms | v=5.867 bg=0.00220 ba=0.48487
[tight-lio] t=1317401188.620 corr=2358 lidar=ok rms=0.0568 time=95.04 ms | v=5.919 bg=0.00206 ba=0.48300
[tight-lio] t=1317401188.724 corr=2289 lidar=ok rms=0.0529 time=105.69 ms | v=5.974 bg=0.00210 ba=0.48166
[tight-lio] t=1317401188.828 corr=2260 lidar=ok rms=0.0668 time=91.76 ms | v=6.039 bg=0.00212 ba=0.47907
[tight-lio] t=1317401188.932 corr=2369 lidar=ok rms=0.0506 time=96.80 ms | v=6.097 bg=0.00221 ba=0.47745
[tight-lio] t=1317401189.036 corr=2389 lidar=ok rms=0.0625 time=104.20 ms | v=6.150 bg=0.00211 ba=0.47331
[tight-lio] t=1317401189.140 corr=2360 lidar=ok rms=0.0518 time=99.44 ms | v=6.198 bg=0.00208 ba=0.46921
[tight-lio] t=1317401189.244 corr=2313 lidar=ok rms=0.0631 time=104.41 ms | v=6.261 bg=0.00196 ba=0.46684
[tight-lio] t=1317401189.348 corr=2251 lidar=ok rms=0.0464 time=99.68 ms | v=6.319 bg=0.00165 ba=0.46272
[tight-lio] t=1317401189.452 corr=2238 lidar=ok rms=0.0512 time=92.93 ms | v=6.396 bg=0.00152 ba=0.45852
[tight-lio] t=1317401189.556 corr=2264 lidar=ok rms=0.0488 time=94.41 ms | v=6.488 bg=0.00146 ba=0.45375
[tight-lio] t=1317401189.660 corr=2199 lidar=ok rms=0.0648 time=95.73 ms | v=6.595 bg=0.00141 ba=0.44804
[tight-lio] t=1317401189.764 corr=2236 lidar=ok rms=0.0508 time=91.86 ms | v=6.714 bg=0.00126 ba=0.44577
[tight-lio] t=1317401189.868 corr=2129 lidar=ok rms=0.0473 time=91.59 ms | v=6.805 bg=0.00110 ba=0.44132
[tight-lio] t=1317401189.971 corr=2226 lidar=ok rms=0.0508 time=87.27 ms | v=6.917 bg=0.00105 ba=0.43657
[tight-lio] t=1317401190.075 corr=2093 lidar=ok rms=0.0585 time=86.32 ms | v=7.082 bg=0.00113 ba=0.43034
[tight-lio] t=1317401190.179 corr=2153 lidar=ok rms=0.0606 time=92.35 ms | v=7.253 bg=0.00116 ba=0.42487
[tight-lio] t=1317401190.283 corr=2005 lidar=ok rms=0.0504 time=87.38 ms | v=7.377 bg=0.00110 ba=0.41927
[tight-lio] t=1317401190.386 corr=2101 lidar=ok rms=0.0880 time=84.84 ms | v=7.513 bg=0.00099 ba=0.41121
[tight-lio] t=1317401190.490 corr=2074 lidar=ok rms=0.0855 time=84.46 ms | v=7.666 bg=0.00090 ba=0.40419
[tight-lio] t=1317401190.594 corr=2132 lidar=ok rms=0.0788 time=81.98 ms | v=7.817 bg=0.00098 ba=0.39846
[tight-lio] t=1317401190.697 corr=2074 lidar=ok rms=0.0674 time=88.69 ms | v=7.969 bg=0.00116 ba=0.39289
[tight-lio] t=1317401190.801 corr=2151 lidar=ok rms=0.0563 time=88.42 ms | v=8.133 bg=0.00124 ba=0.38726
[tight-lio] t=1317401190.905 corr=2003 lidar=ok rms=0.0936 time=82.67 ms | v=8.271 bg=0.00129 ba=0.38138
[tight-lio] t=1317401191.009 corr=1999 lidar=ok rms=0.0692 time=119.25 ms | v=8.407 bg=0.00136 ba=0.37759
[tight-lio] t=1317401191.112 corr=1773 lidar=ok rms=0.0617 time=77.88 ms | v=8.513 bg=0.00142 ba=0.37401
[tight-lio] t=1317401191.216 corr=1907 lidar=ok rms=0.0624 time=82.87 ms | v=8.608 bg=0.00143 ba=0.36994
[tight-lio] t=1317401191.320 corr=1795 lidar=ok rms=0.0611 time=76.63 ms | v=8.703 bg=0.00144 ba=0.36517
[tight-lio] t=1317401191.423 corr=1691 lidar=ok rms=0.0483 time=71.80 ms | v=8.757 bg=0.00145 ba=0.36187
[tight-lio] t=1317401191.527 corr=1761 lidar=ok rms=0.0652 time=71.53 ms | v=8.851 bg=0.00148 ba=0.35687
[tight-lio] t=1317401191.631 corr=1667 lidar=ok rms=0.0527 time=69.21 ms | v=8.919 bg=0.00146 ba=0.35414
[tight-lio] t=1317401191.735 corr=1675 lidar=ok rms=0.0612 time=70.19 ms | v=8.989 bg=0.00140 ba=0.35207
[tight-lio] t=1317401191.839 corr=1765 lidar=ok rms=0.0519 time=76.11 ms | v=9.084 bg=0.00133 ba=0.34787
[tight-lio] t=1317401191.942 corr=1669 lidar=ok rms=0.0594 time=68.29 ms | v=9.125 bg=0.00134 ba=0.34694
[tight-lio] t=1317401192.046 corr=1685 lidar=ok rms=0.0634 time=66.06 ms | v=9.190 bg=0.00133 ba=0.34536
[tight-lio] t=1317401192.150 corr=1662 lidar=ok rms=0.0914 time=71.82 ms | v=9.286 bg=0.00137 ba=0.34260
[tight-lio] t=1317401192.254 corr=1648 lidar=ok rms=0.0591 time=67.45 ms | v=9.370 bg=0.00143 ba=0.34054
[tight-lio] t=1317401192.358 corr=1648 lidar=ok rms=0.0758 time=71.34 ms | v=9.438 bg=0.00143 ba=0.33730
[tight-lio] t=1317401192.461 corr=1606 lidar=ok rms=0.0605 time=65.10 ms | v=9.470 bg=0.00145 ba=0.33571
[tight-lio] t=1317401192.565 corr=1705 lidar=ok rms=0.0680 time=66.46 ms | v=9.496 bg=0.00142 ba=0.33371
[tight-lio] t=1317401192.669 corr=1646 lidar=ok rms=0.0935 time=65.86 ms | v=9.515 bg=0.00148 ba=0.33164
[tight-lio] t=1317401192.773 corr=1466 lidar=ok rms=0.0600 time=67.18 ms | v=9.505 bg=0.00153 ba=0.32974
[tight-lio] t=1317401192.877 corr=1495 lidar=ok rms=0.0949 time=70.37 ms | v=9.509 bg=0.00151 ba=0.32816
[tight-lio] t=1317401192.980 corr=1491 lidar=ok rms=0.0963 time=70.34 ms | v=9.527 bg=0.00145 ba=0.32707
[tight-lio] t=1317401193.084 corr=1702 lidar=ok rms=0.0690 time=69.96 ms | v=9.533 bg=0.00133 ba=0.32367
[tight-lio] t=1317401193.188 corr=1758 lidar=ok rms=0.0722 time=68.25 ms | v=9.535 bg=0.00131 ba=0.32100
[tight-lio] t=1317401193.292 corr=1739 lidar=ok rms=0.0504 time=67.87 ms | v=9.534 bg=0.00141 ba=0.31994
[tight-lio] t=1317401193.396 corr=1810 lidar=ok rms=0.0592 time=73.34 ms | v=9.539 bg=0.00150 ba=0.31958
[tight-lio] t=1317401193.499 corr=1589 lidar=ok rms=0.0587 time=69.66 ms | v=9.548 bg=0.00160 ba=0.31821
[tight-lio] t=1317401193.603 corr=1643 lidar=ok rms=0.0550 time=67.91 ms | v=9.550 bg=0.00158 ba=0.31707
[tight-lio] t=1317401193.707 corr=1517 lidar=ok rms=0.0553 time=69.12 ms | v=9.545 bg=0.00147 ba=0.31601
[tight-lio] t=1317401193.811 corr=1700 lidar=ok rms=0.0621 time=69.16 ms | v=9.526 bg=0.00134 ba=0.31367
[tight-lio] t=1317401193.915 corr=1621 lidar=ok rms=0.0504 time=68.49 ms | v=9.513 bg=0.00138 ba=0.31401
[tight-lio] t=1317401194.019 corr=1537 lidar=ok rms=0.0596 time=63.54 ms | v=9.508 bg=0.00144 ba=0.31312
[tight-lio] t=1317401194.123 corr=1598 lidar=ok rms=0.0621 time=65.93 ms | v=9.517 bg=0.00138 ba=0.31201
[tight-lio] t=1317401194.226 corr=1691 lidar=ok rms=0.0478 time=65.08 ms | v=9.512 bg=0.00138 ba=0.31019
[tight-lio] t=1317401194.330 corr=1590 lidar=ok rms=0.0716 time=64.44 ms | v=9.537 bg=0.00143 ba=0.31036
[tight-lio] t=1317401194.434 corr=1571 lidar=ok rms=0.0566 time=65.01 ms | v=9.557 bg=0.00147 ba=0.31114
[tight-lio] t=1317401194.538 corr=1450 lidar=ok rms=0.0497 time=67.45 ms | v=9.553 bg=0.00146 ba=0.31202
[tight-lio] t=1317401194.642 corr=1539 lidar=ok rms=0.0644 time=65.22 ms | v=9.534 bg=0.00138 ba=0.31237
[tight-lio] t=1317401194.746 corr=1493 lidar=ok rms=0.0765 time=62.30 ms | v=9.531 bg=0.00136 ba=0.31186
[tight-lio] t=1317401194.849 corr=1452 lidar=ok rms=0.0919 time=64.10 ms | v=9.551 bg=0.00150 ba=0.31234
[tight-lio] t=1317401194.953 corr=1466 lidar=ok rms=0.0794 time=63.18 ms | v=9.563 bg=0.00175 ba=0.31165
[tight-lio] t=1317401195.057 corr=1302 lidar=ok rms=0.0624 time=58.19 ms | v=9.585 bg=0.00183 ba=0.31124
[tight-lio] t=1317401195.161 corr=1280 lidar=ok rms=0.0699 time=58.79 ms | v=9.568 bg=0.00173 ba=0.31084
[tight-lio] t=1317401195.265 corr=1316 lidar=ok rms=0.0669 time=61.42 ms | v=9.547 bg=0.00155 ba=0.30902
[tight-lio] t=1317401195.368 corr=1325 lidar=ok rms=0.0809 time=61.51 ms | v=9.524 bg=0.00162 ba=0.30825
[tight-lio] t=1317401195.472 corr=1331 lidar=ok rms=0.0562 time=63.57 ms | v=9.504 bg=0.00174 ba=0.30711
[tight-lio] t=1317401195.576 corr=1385 lidar=ok rms=0.0592 time=61.71 ms | v=9.507 bg=0.00183 ba=0.30662
[tight-lio] t=1317401195.680 corr=1384 lidar=ok rms=0.0552 time=64.65 ms | v=9.511 bg=0.00185 ba=0.30651
[tight-lio] t=1317401195.784 corr=1362 lidar=ok rms=0.0448 time=61.95 ms | v=9.520 bg=0.00189 ba=0.30687
[tight-lio] t=1317401195.887 corr=1411 lidar=ok rms=0.0644 time=62.18 ms | v=9.509 bg=0.00180 ba=0.30713
[tight-lio] t=1317401195.991 corr=1348 lidar=ok rms=0.0824 time=61.26 ms | v=9.477 bg=0.00175 ba=0.30665
[tight-lio] t=1317401196.095 corr=1310 lidar=ok rms=0.0851 time=61.56 ms | v=9.482 bg=0.00176 ba=0.30713
[tight-lio] t=1317401196.199 corr=1329 lidar=ok rms=0.0475 time=61.75 ms | v=9.511 bg=0.00187 ba=0.30832
[tight-lio] t=1317401196.302 corr=1203 lidar=ok rms=0.0470 time=61.81 ms | v=9.508 bg=0.00186 ba=0.30856
[tight-lio] t=1317401196.406 corr=1166 lidar=ok rms=0.0548 time=58.34 ms | v=9.491 bg=0.00174 ba=0.30914
[tight-lio] t=1317401196.510 corr=1119 lidar=ok rms=0.0558 time=58.17 ms | v=9.493 bg=0.00170 ba=0.31008
[tight-lio] t=1317401196.614 corr=1140 lidar=ok rms=0.0587 time=60.03 ms | v=9.533 bg=0.00178 ba=0.31254
[tight-lio] t=1317401196.718 corr=1059 lidar=ok rms=0.0433 time=60.00 ms | v=9.553 bg=0.00182 ba=0.31433
[tight-lio] t=1317401196.822 corr=1142 lidar=ok rms=0.0831 time=59.70 ms | v=9.569 bg=0.00177 ba=0.31648
[tight-lio] t=1317401196.925 corr=1278 lidar=ok rms=0.1003 time=60.34 ms | v=9.574 bg=0.00168 ba=0.31723
[tight-lio] t=1317401197.029 corr=1208 lidar=ok rms=0.0906 time=59.25 ms | v=9.575 bg=0.00159 ba=0.31920
[tight-lio] t=1317401197.133 corr=1347 lidar=ok rms=0.0627 time=63.85 ms | v=9.588 bg=0.00150 ba=0.32089
[tight-lio] t=1317401197.237 corr=1381 lidar=ok rms=0.0484 time=61.56 ms | v=9.587 bg=0.00151 ba=0.32182
[tight-lio] t=1317401197.341 corr=1402 lidar=ok rms=0.0701 time=62.89 ms | v=9.621 bg=0.00160 ba=0.32443
[tight-lio] t=1317401197.445 corr=1414 lidar=ok rms=0.0541 time=63.46 ms | v=9.626 bg=0.00173 ba=0.32555
[tight-lio] t=1317401197.549 corr=1442 lidar=ok rms=0.0477 time=63.55 ms | v=9.615 bg=0.00166 ba=0.32648
[tight-lio] t=1317401197.653 corr=1381 lidar=ok rms=0.0668 time=65.64 ms | v=9.600 bg=0.00156 ba=0.32739
[tight-lio] t=1317401197.757 corr=1464 lidar=ok rms=0.0440 time=63.48 ms | v=9.587 bg=0.00150 ba=0.32920
[tight-lio] t=1317401197.861 corr=1468 lidar=ok rms=0.0454 time=66.10 ms | v=9.563 bg=0.00143 ba=0.33061
[tight-lio] t=1317401197.965 corr=1426 lidar=ok rms=0.0379 time=62.88 ms | v=9.534 bg=0.00144 ba=0.33184
[tight-lio] t=1317401198.069 corr=1432 lidar=ok rms=0.0389 time=61.59 ms | v=9.510 bg=0.00145 ba=0.33267
[tight-lio] t=1317401198.173 corr=1419 lidar=ok rms=0.0493 time=61.48 ms | v=9.487 bg=0.00143 ba=0.33402
[tight-lio] t=1317401198.277 corr=1468 lidar=ok rms=0.0548 time=61.84 ms | v=9.447 bg=0.00141 ba=0.33441
[tight-lio] t=1317401198.381 corr=1428 lidar=ok rms=0.0603 time=66.65 ms | v=9.447 bg=0.00144 ba=0.33774
[tight-lio] t=1317401198.484 corr=1427 lidar=ok rms=0.0428 time=61.80 ms | v=9.433 bg=0.00144 ba=0.33935
[tight-lio] t=1317401198.588 corr=1303 lidar=ok rms=0.0501 time=61.83 ms | v=9.420 bg=0.00144 ba=0.34204
[tight-lio] t=1317401198.692 corr=1383 lidar=ok rms=0.0436 time=59.55 ms | v=9.386 bg=0.00145 ba=0.34402
[tight-lio] t=1317401198.796 corr=1301 lidar=ok rms=0.0628 time=61.48 ms | v=9.356 bg=0.00142 ba=0.34682
[tight-lio] t=1317401198.900 corr=1304 lidar=ok rms=0.0588 time=59.38 ms | v=9.301 bg=0.00142 ba=0.34863
[tight-lio] t=1317401199.004 corr=1266 lidar=ok rms=0.0486 time=60.35 ms | v=9.242 bg=0.00140 ba=0.35025
[tight-lio] t=1317401199.108 corr=1309 lidar=ok rms=0.0599 time=58.59 ms | v=9.180 bg=0.00145 ba=0.35167
[tight-lio] t=1317401199.212 corr=1264 lidar=ok rms=0.0802 time=57.07 ms | v=9.115 bg=0.00142 ba=0.35304
[tight-lio] t=1317401199.316 corr=1276 lidar=ok rms=0.0464 time=57.84 ms | v=9.052 bg=0.00134 ba=0.35404
[tight-lio] t=1317401199.420 corr=1353 lidar=ok rms=0.0807 time=61.29 ms | v=9.001 bg=0.00130 ba=0.35517
[tight-lio] t=1317401199.524 corr=1224 lidar=ok rms=0.0606 time=61.24 ms | v=8.951 bg=0.00133 ba=0.35695
[tight-lio] t=1317401199.628 corr=1290 lidar=ok rms=0.0744 time=60.78 ms | v=8.920 bg=0.00136 ba=0.35981
[tight-lio] t=1317401199.731 corr=1280 lidar=ok rms=0.0574 time=58.01 ms | v=8.862 bg=0.00138 ba=0.36110
[tight-lio] t=1317401199.835 corr=1163 lidar=ok rms=0.0547 time=62.27 ms | v=8.792 bg=0.00140 ba=0.36258
[tight-lio] t=1317401199.939 corr=1261 lidar=ok rms=0.0477 time=57.11 ms | v=8.699 bg=0.00141 ba=0.36343
[tight-lio] t=1317401200.043 corr=1272 lidar=ok rms=0.0556 time=57.97 ms | v=8.591 bg=0.00143 ba=0.36463
[tight-lio] t=1317401200.147 corr=1362 lidar=ok rms=0.0578 time=61.32 ms | v=8.490 bg=0.00140 ba=0.36588
[tight-lio] t=1317401200.251 corr=1214 lidar=ok rms=0.0565 time=58.57 ms | v=8.417 bg=0.00132 ba=0.36698
[tight-lio] t=1317401200.355 corr=1115 lidar=ok rms=0.0539 time=60.69 ms | v=8.358 bg=0.00126 ba=0.36808
[tight-lio] t=1317401200.459 corr=1021 lidar=ok rms=0.0521 time=60.34 ms | v=8.330 bg=0.00127 ba=0.37109
[tight-lio] t=1317401200.563 corr=1153 lidar=ok rms=0.0634 time=41.23 ms | v=8.255 bg=0.00132 ba=0.37143
[tight-lio] t=1317401200.667 corr=1149 lidar=ok rms=0.0599 time=58.21 ms | v=8.198 bg=0.00142 ba=0.37269
[tight-lio] t=1317401200.771 corr=1137 lidar=ok rms=0.0740 time=56.71 ms | v=8.127 bg=0.00145 ba=0.37395
[tight-lio] t=1317401200.875 corr=993 lidar=ok rms=0.0607 time=58.01 ms | v=8.024 bg=0.00145 ba=0.37554
[tight-lio] t=1317401200.979 corr=937 lidar=ok rms=0.0562 time=39.63 ms | v=7.878 bg=0.00137 ba=0.37546
[tight-lio] t=1317401201.082 corr=938 lidar=ok rms=0.0870 time=53.65 ms | v=7.743 bg=0.00131 ba=0.37708
[tight-lio] t=1317401201.186 corr=921 lidar=ok rms=0.0521 time=52.76 ms | v=7.596 bg=0.00135 ba=0.37698
[tight-lio] t=1317401201.290 corr=818 lidar=ok rms=0.0524 time=54.06 ms | v=7.498 bg=0.00134 ba=0.37881
[tight-lio] t=1317401201.394 corr=869 lidar=ok rms=0.0587 time=53.17 ms | v=7.402 bg=0.00134 ba=0.37960
[tight-lio] t=1317401201.498 corr=793 lidar=ok rms=0.0820 time=53.66 ms | v=7.332 bg=0.00140 ba=0.38183
[tight-lio] t=1317401201.602 corr=779 lidar=ok rms=0.0743 time=37.31 ms | v=7.225 bg=0.00143 ba=0.38263
[tight-lio] t=1317401201.706 corr=778 lidar=ok rms=0.0757 time=53.38 ms | v=7.152 bg=0.00145 ba=0.38520
[tight-lio] t=1317401201.810 corr=832 lidar=ok rms=0.0842 time=58.07 ms | v=7.062 bg=0.00148 ba=0.38628
[tight-lio] t=1317401201.914 corr=779 lidar=ok rms=0.0765 time=50.71 ms | v=6.968 bg=0.00142 ba=0.38708
[tight-lio] t=1317401202.018 corr=786 lidar=ok rms=0.0544 time=37.79 ms | v=6.868 bg=0.00135 ba=0.38773
[tight-lio] t=1317401202.122 corr=762 lidar=ok rms=0.0837 time=50.79 ms | v=6.781 bg=0.00131 ba=0.38999
[tight-lio] t=1317401202.226 corr=731 lidar=ok rms=0.1147 time=50.32 ms | v=6.682 bg=0.00130 ba=0.39070
[tight-lio] t=1317401202.330 corr=749 lidar=ok rms=0.0704 time=49.43 ms | v=6.606 bg=0.00130 ba=0.39240
[tight-lio] t=1317401202.434 corr=809 lidar=ok rms=0.0864 time=36.97 ms | v=6.525 bg=0.00135 ba=0.39329
[tight-lio] t=1317401202.538 corr=823 lidar=ok rms=0.1379 time=50.57 ms | v=6.443 bg=0.00136 ba=0.39462
[tight-lio] t=1317401202.642 corr=857 lidar=ok rms=0.0758 time=36.92 ms | v=6.339 bg=0.00137 ba=0.39569
[tight-lio] t=1317401202.746 corr=965 lidar=ok rms=0.0453 time=52.64 ms | v=6.234 bg=0.00130 ba=0.39684
[tight-lio] t=1317401202.850 corr=944 lidar=ok rms=0.0717 time=55.05 ms | v=6.126 bg=0.00132 ba=0.39877
[tight-lio] t=1317401202.954 corr=886 lidar=ok rms=0.0821 time=51.85 ms | v=6.003 bg=0.00127 ba=0.39914
[tight-lio] t=1317401203.058 corr=943 lidar=ok rms=0.0860 time=37.91 ms | v=5.930 bg=0.00125 ba=0.40103
[tight-lio] t=1317401203.162 corr=860 lidar=ok rms=0.1061 time=50.32 ms | v=5.854 bg=0.00127 ba=0.40220
[tight-lio] t=1317401203.266 corr=872 lidar=ok rms=0.1052 time=38.24 ms | v=5.772 bg=0.00131 ba=0.40324
[tight-lio] t=1317401203.370 corr=878 lidar=ok rms=0.1276 time=51.76 ms | v=5.688 bg=0.00128 ba=0.40482
[tight-lio] t=1317401203.474 corr=879 lidar=ok rms=0.0538 time=51.42 ms | v=5.585 bg=0.00128 ba=0.40548
[tight-lio] t=1317401203.578 corr=838 lidar=ok rms=0.0928 time=51.54 ms | v=5.506 bg=0.00129 ba=0.40649
[tight-lio] t=1317401203.682 corr=918 lidar=ok rms=0.0801 time=53.88 ms | v=5.445 bg=0.00129 ba=0.40812
[tight-lio] t=1317401203.786 corr=824 lidar=ok rms=0.1260 time=54.11 ms | v=5.393 bg=0.00129 ba=0.40949
[tight-lio] t=1317401203.890 corr=985 lidar=ok rms=0.0727 time=52.63 ms | v=5.329 bg=0.00128 ba=0.41151
[tight-lio] t=1317401203.994 corr=867 lidar=ok rms=0.1011 time=37.59 ms | v=5.255 bg=0.00126 ba=0.41214
[tight-lio] t=1317401204.098 corr=936 lidar=ok rms=0.0503 time=52.49 ms | v=5.215 bg=0.00124 ba=0.41285
[tight-lio] t=1317401204.202 corr=875 lidar=ok rms=0.0634 time=52.39 ms | v=5.206 bg=0.00121 ba=0.41449
[tight-lio] t=1317401204.306 corr=863 lidar=ok rms=0.0776 time=37.21 ms | v=5.196 bg=0.00121 ba=0.41629
[tight-lio] t=1317401204.410 corr=884 lidar=ok rms=0.0916 time=51.38 ms | v=5.192 bg=0.00117 ba=0.41796
[tight-lio] t=1317401204.514 corr=899 lidar=ok rms=0.0882 time=36.90 ms | v=5.185 bg=0.00117 ba=0.41962
[tight-lio] t=1317401204.618 corr=818 lidar=ok rms=0.0983 time=36.82 ms | v=5.168 bg=0.00112 ba=0.42041
[tight-lio] t=1317401204.722 corr=827 lidar=ok rms=0.0521 time=50.99 ms | v=5.153 bg=0.00111 ba=0.42100
[tight-lio] t=1317401204.826 corr=807 lidar=ok rms=0.0684 time=37.28 ms | v=5.135 bg=0.00114 ba=0.42166
[tight-lio] t=1317401204.930 corr=821 lidar=ok rms=0.0559 time=50.88 ms | v=5.127 bg=0.00122 ba=0.42272
[tight-lio] t=1317401205.034 corr=806 lidar=ok rms=0.0603 time=52.28 ms | v=5.120 bg=0.00125 ba=0.42378
[tight-lio] t=1317401205.138 corr=796 lidar=ok rms=0.0444 time=37.02 ms | v=5.094 bg=0.00124 ba=0.42395
[tight-lio] t=1317401205.242 corr=781 lidar=ok rms=0.1079 time=36.46 ms | v=5.079 bg=0.00121 ba=0.42528
[tight-lio] t=1317401205.346 corr=774 lidar=ok rms=0.0574 time=50.24 ms | v=5.060 bg=0.00117 ba=0.42575
[tight-lio] t=1317401205.450 corr=698 lidar=ok rms=0.0666 time=48.78 ms | v=5.042 bg=0.00111 ba=0.42622
[tight-lio] t=1317401205.554 corr=683 lidar=ok rms=0.0544 time=48.27 ms | v=5.029 bg=0.00110 ba=0.42701
[tight-lio] t=1317401205.658 corr=652 lidar=ok rms=0.0845 time=48.84 ms | v=5.017 bg=0.00115 ba=0.42748
[tight-lio] t=1317401205.762 corr=670 lidar=ok rms=0.0771 time=36.24 ms | v=5.003 bg=0.00119 ba=0.42775
[tight-lio] t=1317401205.866 corr=729 lidar=ok rms=0.0763 time=48.57 ms | v=4.995 bg=0.00114 ba=0.42931
[tight-lio] t=1317401205.970 corr=791 lidar=ok rms=0.0798 time=51.58 ms | v=4.967 bg=0.00101 ba=0.43018
[tight-lio] t=1317401206.074 corr=811 lidar=ok rms=0.1012 time=49.92 ms | v=4.939 bg=0.00088 ba=0.43086
[tight-lio] t=1317401206.178 corr=826 lidar=ok rms=0.0492 time=35.41 ms | v=4.909 bg=0.00090 ba=0.43102
[tight-lio] t=1317401206.282 corr=765 lidar=ok rms=0.0846 time=48.04 ms | v=4.892 bg=0.00090 ba=0.43218
[tight-lio] t=1317401206.386 corr=852 lidar=ok rms=0.0620 time=53.09 ms | v=4.883 bg=0.00096 ba=0.43399
[tight-lio] t=1317401206.491 corr=818 lidar=ok rms=0.0792 time=49.05 ms | v=4.859 bg=0.00103 ba=0.43391
[tight-lio] t=1317401206.595 corr=928 lidar=ok rms=0.0620 time=37.50 ms | v=4.853 bg=0.00115 ba=0.43420
[tight-lio] t=1317401206.699 corr=892 lidar=ok rms=0.0518 time=51.84 ms | v=4.850 bg=0.00114 ba=0.43458
[tight-lio] t=1317401206.803 corr=960 lidar=ok rms=0.0517 time=36.65 ms | v=4.862 bg=0.00113 ba=0.43642
[tight-lio] t=1317401206.907 corr=877 lidar=ok rms=0.0777 time=34.34 ms | v=4.854 bg=0.00111 ba=0.43642
[tight-lio] t=1317401207.011 corr=1080 lidar=ok rms=0.1088 time=51.62 ms | v=4.854 bg=0.00103 ba=0.43826
[tight-lio] t=1317401207.115 corr=990 lidar=ok rms=0.0729 time=51.83 ms | v=4.842 bg=0.00091 ba=0.43882
[tight-lio] t=1317401207.219 corr=1034 lidar=ok rms=0.0605 time=54.00 ms | v=4.836 bg=0.00092 ba=0.43813
[tight-lio] t=1317401207.323 corr=1088 lidar=ok rms=0.0865 time=39.56 ms | v=4.860 bg=0.00090 ba=0.43934
[tight-lio] t=1317401207.427 corr=1122 lidar=ok rms=0.0914 time=35.98 ms | v=4.867 bg=0.00092 ba=0.43919
[tight-lio] t=1317401207.531 corr=1096 lidar=ok rms=0.0554 time=38.56 ms | v=4.878 bg=0.00095 ba=0.43917
[tight-lio] t=1317401207.635 corr=1146 lidar=ok rms=0.0511 time=39.78 ms | v=4.899 bg=0.00104 ba=0.43963
[tight-lio] t=1317401207.739 corr=1103 lidar=ok rms=0.0830 time=54.68 ms | v=4.927 bg=0.00106 ba=0.44102
[tight-lio] t=1317401207.843 corr=1249 lidar=ok rms=0.0658 time=53.04 ms | v=4.953 bg=0.00105 ba=0.44162
[tight-lio] t=1317401207.947 corr=1327 lidar=ok rms=0.0629 time=56.24 ms | v=4.984 bg=0.00105 ba=0.44290
[tight-lio] t=1317401208.051 corr=1428 lidar=ok rms=0.0600 time=62.78 ms | v=5.018 bg=0.00105 ba=0.44411
[tight-lio] t=1317401208.155 corr=1456 lidar=ok rms=0.0824 time=38.56 ms | v=5.034 bg=0.00104 ba=0.44404
[tight-lio] t=1317401208.259 corr=1507 lidar=ok rms=0.0457 time=59.76 ms | v=5.065 bg=0.00105 ba=0.44492
[tight-lio] t=1317401208.363 corr=1538 lidar=ok rms=0.0530 time=59.95 ms | v=5.102 bg=0.00113 ba=0.44623
[tight-lio] t=1317401208.467 corr=1663 lidar=ok rms=0.0444 time=61.68 ms | v=5.120 bg=0.00114 ba=0.44647
[tight-lio] t=1317401208.571 corr=1677 lidar=ok rms=0.0562 time=46.02 ms | v=5.118 bg=0.00112 ba=0.44629
[tight-lio] t=1317401208.675 corr=1743 lidar=ok rms=0.0578 time=47.12 ms | v=5.128 bg=0.00113 ba=0.44785
[tight-lio] t=1317401208.779 corr=1714 lidar=ok rms=0.0491 time=65.86 ms | v=5.122 bg=0.00112 ba=0.44829
[tight-lio] t=1317401208.883 corr=1800 lidar=ok rms=0.0465 time=46.71 ms | v=5.107 bg=0.00108 ba=0.44858
[tight-lio] t=1317401208.987 corr=1837 lidar=ok rms=0.0624 time=52.03 ms | v=5.096 bg=0.00102 ba=0.44909
[tight-lio] t=1317401209.091 corr=1886 lidar=ok rms=0.0399 time=73.20 ms | v=5.080 bg=0.00097 ba=0.44924
[tight-lio] t=1317401209.195 corr=1903 lidar=ok rms=0.0501 time=49.35 ms | v=5.058 bg=0.00095 ba=0.44852
[tight-lio] t=1317401209.299 corr=1984 lidar=ok rms=0.0491 time=64.42 ms | v=5.044 bg=0.00095 ba=0.44841
[tight-lio] t=1317401209.403 corr=1974 lidar=ok rms=0.0632 time=52.78 ms | v=5.032 bg=0.00093 ba=0.44850
[tight-lio] t=1317401209.507 corr=2046 lidar=ok rms=0.0501 time=73.12 ms | v=5.011 bg=0.00096 ba=0.44769
[tight-lio] t=1317401209.611 corr=2035 lidar=ok rms=0.0456 time=76.60 ms | v=5.007 bg=0.00098 ba=0.44849
[tight-lio] t=1317401209.715 corr=2001 lidar=ok rms=0.0494 time=75.33 ms | v=4.991 bg=0.00093 ba=0.44883
[tight-lio] t=1317401209.819 corr=2005 lidar=ok rms=0.0390 time=75.56 ms | v=4.971 bg=0.00093 ba=0.44910
[tight-lio] t=1317401209.923 corr=2130 lidar=ok rms=0.0440 time=83.25 ms | v=4.960 bg=0.00099 ba=0.44997
[tight-lio] t=1317401210.028 corr=2112 lidar=ok rms=0.0925 time=54.76 ms | v=4.910 bg=0.00101 ba=0.44982
[tight-lio] t=1317401210.132 corr=2235 lidar=ok rms=0.0419 time=80.28 ms | v=4.811 bg=0.00097 ba=0.44927
[tight-lio] t=1317401210.236 corr=2246 lidar=ok rms=0.0526 time=59.95 ms | v=4.698 bg=0.00101 ba=0.44885
[tight-lio] t=1317401210.340 corr=2214 lidar=ok rms=0.0523 time=82.97 ms | v=4.591 bg=0.00105 ba=0.44930
[tight-lio] t=1317401210.444 corr=2428 lidar=ok rms=0.0536 time=88.80 ms | v=4.479 bg=0.00111 ba=0.44820
[tight-lio] t=1317401210.548 corr=2298 lidar=ok rms=0.0559 time=84.86 ms | v=4.368 bg=0.00116 ba=0.44757
[tight-lio] t=1317401210.653 corr=2310 lidar=ok rms=0.0548 time=83.46 ms | v=4.265 bg=0.00130 ba=0.44815
[tight-lio] t=1317401210.757 corr=2421 lidar=ok rms=0.0433 time=84.32 ms | v=4.149 bg=0.00139 ba=0.44858
[tight-lio] t=1317401210.861 corr=2379 lidar=ok rms=0.0450 time=86.54 ms | v=4.020 bg=0.00141 ba=0.44948
[tight-lio] t=1317401210.965 corr=2339 lidar=ok rms=0.0480 time=85.01 ms | v=3.880 bg=0.00137 ba=0.45045
[tight-lio] t=1317401211.069 corr=2423 lidar=ok rms=0.0440 time=62.17 ms | v=3.731 bg=0.00136 ba=0.45210
[tight-lio] t=1317401211.173 corr=2431 lidar=ok rms=0.0409 time=86.64 ms | v=3.553 bg=0.00129 ba=0.45230
[tight-lio] t=1317401211.277 corr=2457 lidar=ok rms=0.0422 time=88.67 ms | v=3.370 bg=0.00122 ba=0.45049
[tight-lio] t=1317401211.381 corr=2533 lidar=ok rms=0.0410 time=91.71 ms | v=3.269 bg=0.00121 ba=0.44983
[tight-lio] t=1317401211.485 corr=2420 lidar=ok rms=0.0435 time=86.62 ms | v=3.203 bg=0.00128 ba=0.44890
[tight-lio] t=1317401211.590 corr=2442 lidar=ok rms=0.0364 time=88.35 ms | v=3.171 bg=0.00136 ba=0.44834
[tight-lio] t=1317401211.694 corr=2556 lidar=ok rms=0.0427 time=89.63 ms | v=3.151 bg=0.00139 ba=0.44864
[tight-lio] t=1317401211.798 corr=2562 lidar=ok rms=0.0362 time=65.50 ms | v=3.130 bg=0.00144 ba=0.44896
[tight-lio] t=1317401211.902 corr=2529 lidar=ok rms=0.0512 time=88.48 ms | v=3.102 bg=0.00151 ba=0.44857
[tight-lio] t=1317401212.006 corr=2535 lidar=ok rms=0.0472 time=90.08 ms | v=3.063 bg=0.00153 ba=0.44716
[tight-lio] t=1317401212.110 corr=2565 lidar=ok rms=0.0520 time=89.77 ms | v=3.028 bg=0.00151 ba=0.44695
[tight-lio] t=1317401212.214 corr=2622 lidar=ok rms=0.0493 time=91.59 ms | v=2.988 bg=0.00147 ba=0.44683
[tight-lio] t=1317401212.319 corr=2612 lidar=ok rms=0.0559 time=91.49 ms | v=2.952 bg=0.00149 ba=0.44593
[tight-lio] t=1317401212.423 corr=2550 lidar=ok rms=0.0484 time=97.50 ms | v=2.937 bg=0.00151 ba=0.44619
[tight-lio] t=1317401212.527 corr=2586 lidar=ok rms=0.0409 time=65.55 ms | v=2.970 bg=0.00156 ba=0.44718
[tight-lio] t=1317401212.631 corr=2717 lidar=ok rms=0.0482 time=93.56 ms | v=3.047 bg=0.00168 ba=0.44869
[tight-lio] t=1317401212.735 corr=2699 lidar=ok rms=0.0515 time=93.97 ms | v=3.138 bg=0.00175 ba=0.44961
[tight-lio] t=1317401212.840 corr=2757 lidar=ok rms=0.0628 time=98.42 ms | v=3.237 bg=0.00191 ba=0.44999
[tight-lio] t=1317401212.944 corr=2826 lidar=ok rms=0.0475 time=101.83 ms | v=3.334 bg=0.00199 ba=0.44983
[tight-lio] t=1317401213.048 corr=2744 lidar=ok rms=0.0561 time=95.30 ms | v=3.423 bg=0.00206 ba=0.44847
[tight-lio] t=1317401213.152 corr=2666 lidar=ok rms=0.0662 time=93.82 ms | v=3.539 bg=0.00210 ba=0.44878
[tight-lio] t=1317401213.256 corr=2616 lidar=ok rms=0.0569 time=96.31 ms | v=3.669 bg=0.00209 ba=0.44945
[tight-lio] t=1317401213.361 corr=2700 lidar=ok rms=0.0699 time=100.26 ms | v=3.783 bg=0.00213 ba=0.44795
[tight-lio] t=1317401213.465 corr=2672 lidar=ok rms=0.0871 time=95.14 ms | v=3.898 bg=0.00207 ba=0.44717
[tight-lio] t=1317401213.569 corr=2581 lidar=ok rms=0.0494 time=93.17 ms | v=4.038 bg=0.00202 ba=0.44698
[tight-lio] t=1317401213.673 corr=2755 lidar=ok rms=0.0708 time=107.81 ms | v=4.220 bg=0.00193 ba=0.44785
[tight-lio] t=1317401213.777 corr=2633 lidar=ok rms=0.0853 time=93.53 ms | v=4.370 bg=0.00182 ba=0.44510
[tight-lio] t=1317401213.881 corr=2561 lidar=ok rms=0.0527 time=100.76 ms | v=4.523 bg=0.00167 ba=0.44304
[tight-lio] t=1317401213.985 corr=2563 lidar=ok rms=0.0498 time=106.50 ms | v=4.702 bg=0.00142 ba=0.44306
[tight-lio] t=1317401214.089 corr=2589 lidar=ok rms=0.0557 time=99.74 ms | v=4.892 bg=0.00129 ba=0.44235
[tight-lio] t=1317401214.193 corr=2565 lidar=ok rms=0.0552 time=102.53 ms | v=5.082 bg=0.00113 ba=0.44020
[tight-lio] t=1317401214.297 corr=2469 lidar=ok rms=0.0649 time=98.41 ms | v=5.288 bg=0.00103 ba=0.43893
[tight-lio] t=1317401214.401 corr=2449 lidar=ok rms=0.0503 time=89.36 ms | v=5.501 bg=0.00110 ba=0.43845
[tight-lio] t=1317401214.504 corr=2385 lidar=ok rms=0.0490 time=90.36 ms | v=5.675 bg=0.00116 ba=0.43423
[tight-lio] t=1317401214.608 corr=2536 lidar=ok rms=0.0615 time=89.80 ms | v=5.848 bg=0.00103 ba=0.43084
[tight-lio] t=1317401214.712 corr=2445 lidar=ok rms=0.0577 time=90.94 ms | v=6.016 bg=0.00096 ba=0.42704
[tight-lio] t=1317401214.816 corr=2408 lidar=ok rms=0.0462 time=93.36 ms | v=6.212 bg=0.00088 ba=0.42550
[tight-lio] t=1317401214.920 corr=2374 lidar=ok rms=0.0542 time=96.42 ms | v=6.403 bg=0.00084 ba=0.42301
[tight-lio] t=1317401215.023 corr=2298 lidar=ok rms=0.0462 time=101.27 ms | v=6.593 bg=0.00093 ba=0.42052
[tight-lio] t=1317401215.127 corr=2437 lidar=ok rms=0.0648 time=97.64 ms | v=6.795 bg=0.00094 ba=0.41902
[tight-lio] t=1317401215.231 corr=2355 lidar=ok rms=0.0626 time=91.36 ms | v=6.966 bg=0.00093 ba=0.41595
[tight-lio] t=1317401215.334 corr=2184 lidar=ok rms=0.0738 time=89.89 ms | v=7.154 bg=0.00094 ba=0.41361
[tight-lio] t=1317401215.438 corr=2316 lidar=ok rms=0.0652 time=96.49 ms | v=7.339 bg=0.00100 ba=0.41107
[tight-lio] t=1317401215.542 corr=2232 lidar=ok rms=0.0765 time=82.26 ms | v=7.510 bg=0.00107 ba=0.40798
[tight-lio] t=1317401215.645 corr=2153 lidar=ok rms=0.0661 time=93.74 ms | v=7.695 bg=0.00117 ba=0.40636
[tight-lio] t=1317401215.749 corr=2144 lidar=ok rms=0.0651 time=79.69 ms | v=7.864 bg=0.00122 ba=0.40330
[tight-lio] t=1317401215.853 corr=2248 lidar=ok rms=0.0731 time=97.83 ms | v=8.031 bg=0.00132 ba=0.39878
[tight-lio] t=1317401215.957 corr=1974 lidar=ok rms=0.0631 time=95.45 ms | v=8.205 bg=0.00140 ba=0.39591
[tight-lio] t=1317401216.060 corr=2114 lidar=ok rms=0.0638 time=90.72 ms | v=8.363 bg=0.00132 ba=0.39152
[tight-lio] t=1317401216.164 corr=1956 lidar=ok rms=0.0714 time=82.66 ms | v=8.506 bg=0.00123 ba=0.38662
[tight-lio] t=1317401216.268 corr=2023 lidar=ok rms=0.0575 time=80.10 ms | v=8.660 bg=0.00120 ba=0.38400
[tight-lio] t=1317401216.372 corr=1955 lidar=ok rms=0.0684 time=87.20 ms | v=8.769 bg=0.00119 ba=0.37965
[tight-lio] t=1317401216.475 corr=1876 lidar=ok rms=0.0580 time=79.33 ms | v=8.863 bg=0.00109 ba=0.37656
[tight-lio] t=1317401216.579 corr=1790 lidar=ok rms=0.0689 time=82.55 ms | v=8.948 bg=0.00111 ba=0.37532
[tight-lio] t=1317401216.683 corr=1856 lidar=ok rms=0.0618 time=97.65 ms | v=9.017 bg=0.00117 ba=0.37224
[tight-lio] t=1317401216.787 corr=1780 lidar=ok rms=0.0586 time=73.48 ms | v=9.070 bg=0.00129 ba=0.36744
[tight-lio] t=1317401216.891 corr=1813 lidar=ok rms=0.0711 time=79.12 ms | v=9.110 bg=0.00134 ba=0.36251
[tight-lio] t=1317401216.995 corr=1790 lidar=ok rms=0.0629 time=88.64 ms | v=9.137 bg=0.00125 ba=0.35979
[tight-lio] t=1317401217.099 corr=1823 lidar=ok rms=0.0643 time=76.70 ms | v=9.141 bg=0.00122 ba=0.35731
[tight-lio] t=1317401217.203 corr=1699 lidar=ok rms=0.0658 time=78.52 ms | v=9.149 bg=0.00118 ba=0.35493
[tight-lio] t=1317401217.306 corr=1888 lidar=ok rms=0.0526 time=77.22 ms | v=9.155 bg=0.00119 ba=0.35378
[tight-lio] t=1317401217.410 corr=1753 lidar=ok rms=0.0565 time=80.33 ms | v=9.169 bg=0.00108 ba=0.35277
[tight-lio] t=1317401217.514 corr=1774 lidar=ok rms=0.0549 time=74.90 ms | v=9.167 bg=0.00095 ba=0.35161
[tight-lio] t=1317401217.618 corr=1763 lidar=ok rms=0.0603 time=74.32 ms | v=9.157 bg=0.00106 ba=0.34838
[tight-lio] t=1317401217.722 corr=1733 lidar=ok rms=0.0830 time=78.05 ms | v=9.155 bg=0.00118 ba=0.34810
[tight-lio] t=1317401217.826 corr=1566 lidar=ok rms=0.0793 time=73.52 ms | v=9.107 bg=0.00094 ba=0.34527
[tight-lio] t=1317401217.930 corr=1545 lidar=ok rms=0.1009 time=71.43 ms | v=9.070 bg=0.00069 ba=0.34473
[tight-lio] t=1317401218.034 corr=1536 lidar=ok rms=0.0670 time=75.27 ms | v=9.040 bg=0.00073 ba=0.34315
[tight-lio] t=1317401218.138 corr=1492 lidar=ok rms=0.0492 time=68.99 ms | v=9.056 bg=0.00088 ba=0.34411
[tight-lio] t=1317401218.242 corr=1483 lidar=ok rms=0.0558 time=74.88 ms | v=9.056 bg=0.00124 ba=0.34390
[tight-lio] t=1317401218.346 corr=1411 lidar=ok rms=0.0447 time=70.35 ms | v=9.046 bg=0.00123 ba=0.34359
[tight-lio] t=1317401218.450 corr=1448 lidar=ok rms=0.0645 time=69.49 ms | v=9.010 bg=0.00118 ba=0.34142
[tight-lio] t=1317401218.554 corr=1617 lidar=ok rms=0.0820 time=73.83 ms | v=8.967 bg=0.00119 ba=0.34042
[tight-lio] t=1317401218.658 corr=1532 lidar=ok rms=0.0795 time=70.85 ms | v=8.899 bg=0.00114 ba=0.33834
[tight-lio] t=1317401218.762 corr=1563 lidar=ok rms=0.0711 time=70.45 ms | v=8.801 bg=0.00106 ba=0.33652
[tight-lio] t=1317401218.866 corr=1428 lidar=ok rms=0.0774 time=71.28 ms | v=8.695 bg=0.00092 ba=0.33516
[tight-lio] t=1317401218.970 corr=1501 lidar=ok rms=0.0654 time=72.49 ms | v=8.564 bg=0.00100 ba=0.33251
[tight-lio] t=1317401219.074 corr=1480 lidar=ok rms=0.0570 time=71.48 ms | v=8.419 bg=0.00101 ba=0.33080
[tight-lio] t=1317401219.178 corr=1416 lidar=ok rms=0.0525 time=68.43 ms | v=8.278 bg=0.00117 ba=0.33002
[tight-lio] t=1317401219.282 corr=1432 lidar=ok rms=0.0653 time=76.38 ms | v=8.096 bg=0.00131 ba=0.32762
[tight-lio] t=1317401219.386 corr=1546 lidar=ok rms=0.0474 time=103.65 ms | v=7.904 bg=0.00123 ba=0.32662
[tight-lio] t=1317401219.490 corr=1581 lidar=ok rms=0.0503 time=69.27 ms | v=7.696 bg=0.00100 ba=0.32572
[tight-lio] t=1317401219.594 corr=1612 lidar=ok rms=0.0424 time=70.20 ms | v=7.477 bg=0.00100 ba=0.32396
[tight-lio] t=1317401219.698 corr=1587 lidar=ok rms=0.0468 time=69.27 ms | v=7.258 bg=0.00107 ba=0.32239
[tight-lio] t=1317401219.802 corr=1675 lidar=ok rms=0.0677 time=69.86 ms | v=7.042 bg=0.00109 ba=0.32216
[tight-lio] t=1317401219.906 corr=1701 lidar=ok rms=0.0492 time=72.08 ms | v=6.826 bg=0.00099 ba=0.32214
[tight-lio] t=1317401220.010 corr=1738 lidar=ok rms=0.0422 time=77.37 ms | v=6.684 bg=0.00107 ba=0.32102
[tight-lio] t=1317401220.114 corr=1743 lidar=ok rms=0.0475 time=72.95 ms | v=6.575 bg=0.00114 ba=0.31968
[tight-lio] t=1317401220.218 corr=1755 lidar=ok rms=0.0559 time=71.88 ms | v=6.470 bg=0.00112 ba=0.31936
[tight-lio] t=1317401220.322 corr=1818 lidar=ok rms=0.0402 time=74.95 ms | v=6.357 bg=0.00099 ba=0.31874
[tight-lio] t=1317401220.426 corr=1850 lidar=ok rms=0.0337 time=81.69 ms | v=6.198 bg=0.00095 ba=0.31714
[tight-lio] t=1317401220.530 corr=1894 lidar=ok rms=0.0513 time=76.70 ms | v=5.960 bg=0.00106 ba=0.31493
[tight-lio] t=1317401220.634 corr=2085 lidar=ok rms=0.0497 time=79.76 ms | v=5.682 bg=0.00109 ba=0.31292
[tight-lio] t=1317401220.738 corr=2042 lidar=ok rms=0.0408 time=77.21 ms | v=5.402 bg=0.00103 ba=0.31220
[tight-lio] t=1317401220.842 corr=2178 lidar=ok rms=0.0465 time=78.08 ms | v=5.090 bg=0.00085 ba=0.30993
[tight-lio] t=1317401220.946 corr=2070 lidar=ok rms=0.0384 time=56.01 ms | v=4.798 bg=0.00079 ba=0.30919
[tight-lio] t=1317401221.050 corr=2161 lidar=ok rms=0.0454 time=77.40 ms | v=4.609 bg=0.00076 ba=0.30828
[tight-lio] t=1317401221.154 corr=2289 lidar=ok rms=0.0503 time=80.84 ms | v=4.528 bg=0.00077 ba=0.30790
[tight-lio] t=1317401221.258 corr=2154 lidar=ok rms=0.0663 time=80.33 ms | v=4.501 bg=0.00083 ba=0.30811
[tight-lio] t=1317401221.362 corr=2220 lidar=ok rms=0.0674 time=87.37 ms | v=4.477 bg=0.00095 ba=0.30904
[tight-lio] t=1317401221.466 corr=2296 lidar=ok rms=0.0370 time=85.71 ms | v=4.466 bg=0.00099 ba=0.31010
[tight-lio] t=1317401221.570 corr=2331 lidar=ok rms=0.0407 time=87.45 ms | v=4.445 bg=0.00093 ba=0.31087
[tight-lio] t=1317401221.674 corr=2390 lidar=ok rms=0.0459 time=135.81 ms | v=4.407 bg=0.00094 ba=0.31120
[tight-lio] t=1317401221.778 corr=2423 lidar=ok rms=0.0461 time=89.20 ms | v=4.360 bg=0.00091 ba=0.31202
[tight-lio] t=1317401221.882 corr=2460 lidar=ok rms=0.0475 time=86.95 ms | v=4.333 bg=0.00087 ba=0.31448
[tight-lio] t=1317401221.986 corr=2562 lidar=ok rms=0.0402 time=92.06 ms | v=4.267 bg=0.00086 ba=0.31342
[tight-lio] t=1317401222.090 corr=2559 lidar=ok rms=0.0504 time=86.62 ms | v=4.214 bg=0.00087 ba=0.31271
[tight-lio] t=1317401222.194 corr=2535 lidar=ok rms=0.0403 time=95.07 ms | v=4.194 bg=0.00096 ba=0.31266
[tight-lio] t=1317401222.298 corr=2485 lidar=ok rms=0.0375 time=98.67 ms | v=4.235 bg=0.00105 ba=0.31308
[tight-lio] t=1317401222.402 corr=2443 lidar=ok rms=0.0424 time=90.86 ms | v=4.317 bg=0.00115 ba=0.31359
[tight-lio] t=1317401222.505 corr=2279 lidar=ok rms=0.0683 time=92.74 ms | v=4.428 bg=0.00130 ba=0.31491
[tight-lio] t=1317401222.609 corr=2427 lidar=ok rms=0.0415 time=66.77 ms | v=4.530 bg=0.00137 ba=0.31592
[tight-lio] t=1317401222.713 corr=2471 lidar=ok rms=0.0422 time=88.91 ms | v=4.619 bg=0.00123 ba=0.31665
[tight-lio] t=1317401222.817 corr=2484 lidar=ok rms=0.0427 time=90.46 ms | v=4.712 bg=0.00106 ba=0.31707
[tight-lio] t=1317401222.921 corr=2502 lidar=ok rms=0.0415 time=91.93 ms | v=4.806 bg=0.00093 ba=0.31597
[tight-lio] t=1317401223.025 corr=2541 lidar=ok rms=0.0556 time=92.62 ms | v=4.903 bg=0.00096 ba=0.31495
[tight-lio] t=1317401223.129 corr=2483 lidar=ok rms=0.0558 time=92.69 ms | v=5.043 bg=0.00105 ba=0.31614
[tight-lio] t=1317401223.233 corr=2502 lidar=ok rms=0.0461 time=86.43 ms | v=5.180 bg=0.00108 ba=0.31617
[tight-lio] t=1317401223.337 corr=2493 lidar=ok rms=0.0426 time=91.29 ms | v=5.321 bg=0.00107 ba=0.31640
[tight-lio] t=1317401223.441 corr=2546 lidar=ok rms=0.0434 time=92.35 ms | v=5.455 bg=0.00098 ba=0.31610
[tight-lio] t=1317401223.545 corr=2511 lidar=ok rms=0.0427 time=91.99 ms | v=5.596 bg=0.00088 ba=0.31602
[tight-lio] t=1317401223.649 corr=2480 lidar=ok rms=0.0361 time=90.38 ms | v=5.759 bg=0.00080 ba=0.31700
[tight-lio] t=1317401223.753 corr=2348 lidar=ok rms=0.0511 time=89.85 ms | v=5.911 bg=0.00075 ba=0.31695
[tight-lio] t=1317401223.857 corr=2301 lidar=ok rms=0.0384 time=87.33 ms | v=6.083 bg=0.00080 ba=0.31747
[tight-lio] t=1317401223.961 corr=2418 lidar=ok rms=0.0509 time=92.54 ms | v=6.266 bg=0.00095 ba=0.31872
[tight-lio] t=1317401224.065 corr=2359 lidar=ok rms=0.0323 time=63.46 ms | v=6.432 bg=0.00094 ba=0.31875
[tight-lio] t=1317401224.169 corr=2355 lidar=ok rms=0.0471 time=92.48 ms | v=6.581 bg=0.00090 ba=0.31847
[tight-lio] t=1317401224.273 corr=2435 lidar=ok rms=0.0460 time=88.95 ms | v=6.746 bg=0.00080 ba=0.31935
[tight-lio] t=1317401224.377 corr=2398 lidar=ok rms=0.0486 time=90.92 ms | v=6.889 bg=0.00072 ba=0.31824
[tight-lio] t=1317401224.482 corr=2325 lidar=ok rms=0.0360 time=86.79 ms | v=7.037 bg=0.00085 ba=0.31745
[tight-lio] t=1317401224.586 corr=2207 lidar=ok rms=0.0445 time=85.66 ms | v=7.200 bg=0.00097 ba=0.31748
[tight-lio] t=1317401224.690 corr=2315 lidar=ok rms=0.0353 time=85.56 ms | v=7.366 bg=0.00104 ba=0.31689
[tight-lio] t=1317401224.794 corr=2164 lidar=ok rms=0.0673 time=82.34 ms | v=7.532 bg=0.00098 ba=0.31802
[tight-lio] t=1317401224.898 corr=2223 lidar=ok rms=0.0436 time=84.00 ms | v=7.688 bg=0.00094 ba=0.31790
[tight-lio] t=1317401225.002 corr=2081 lidar=ok rms=0.0580 time=80.32 ms | v=7.849 bg=0.00092 ba=0.31734
[tight-lio] t=1317401225.106 corr=2102 lidar=ok rms=0.0664 time=87.63 ms | v=8.038 bg=0.00100 ba=0.31808
[tight-lio] t=1317401225.210 corr=2103 lidar=ok rms=0.0612 time=81.15 ms | v=8.225 bg=0.00108 ba=0.31889
[tight-lio] t=1317401225.314 corr=2023 lidar=ok rms=0.0520 time=78.79 ms | v=8.409 bg=0.00094 ba=0.32008
[tight-lio] t=1317401225.418 corr=1845 lidar=ok rms=0.0409 time=81.48 ms | v=8.570 bg=0.00081 ba=0.32146
[tight-lio] t=1317401225.522 corr=1736 lidar=ok rms=0.0379 time=75.25 ms | v=8.702 bg=0.00084 ba=0.32170
[tight-lio] t=1317401225.626 corr=1754 lidar=ok rms=0.0605 time=75.41 ms | v=8.832 bg=0.00096 ba=0.32322
[tight-lio] t=1317401225.730 corr=1746 lidar=ok rms=0.0511 time=74.59 ms | v=8.958 bg=0.00110 ba=0.32288
[tight-lio] t=1317401225.833 corr=1707 lidar=ok rms=0.0426 time=73.32 ms | v=9.087 bg=0.00104 ba=0.32363
[tight-lio] t=1317401225.937 corr=1792 lidar=ok rms=0.0445 time=79.03 ms | v=9.188 bg=0.00076 ba=0.32359
[tight-lio] t=1317401226.041 corr=1666 lidar=ok rms=0.0445 time=73.69 ms | v=9.310 bg=0.00064 ba=0.32392
[tight-lio] t=1317401226.145 corr=1683 lidar=ok rms=0.0381 time=73.84 ms | v=9.436 bg=0.00079 ba=0.32419
[tight-lio] t=1317401226.249 corr=1639 lidar=ok rms=0.0429 time=73.81 ms | v=9.567 bg=0.00109 ba=0.32482
[tight-lio] t=1317401226.353 corr=1552 lidar=ok rms=0.0364 time=72.47 ms | v=9.668 bg=0.00114 ba=0.32485
[tight-lio] t=1317401226.457 corr=1619 lidar=ok rms=0.0443 time=75.34 ms | v=9.742 bg=0.00108 ba=0.32440
[tight-lio] t=1317401226.561 corr=1556 lidar=ok rms=0.0353 time=72.49 ms | v=9.796 bg=0.00105 ba=0.32385
[tight-lio] t=1317401226.664 corr=1568 lidar=ok rms=0.0413 time=73.43 ms | v=9.803 bg=0.00117 ba=0.32338
[tight-lio] t=1317401226.768 corr=1610 lidar=ok rms=0.0383 time=73.41 ms | v=9.801 bg=0.00102 ba=0.32327
[tight-lio] t=1317401226.872 corr=1524 lidar=ok rms=0.0735 time=74.21 ms | v=9.769 bg=0.00091 ba=0.32175
[tight-lio] t=1317401226.976 corr=1716 lidar=ok rms=0.0545 time=76.88 ms | v=9.744 bg=0.00078 ba=0.32233
[tight-lio] t=1317401227.080 corr=1739 lidar=ok rms=0.0491 time=76.69 ms | v=9.740 bg=0.00089 ba=0.32251
[tight-lio] t=1317401227.184 corr=1813 lidar=ok rms=0.0437 time=75.36 ms | v=9.719 bg=0.00099 ba=0.32080
[tight-lio] t=1317401227.288 corr=1815 lidar=ok rms=0.0427 time=75.45 ms | v=9.712 bg=0.00123 ba=0.32123
[tight-lio] t=1317401227.391 corr=1782 lidar=ok rms=0.0348 time=74.54 ms | v=9.693 bg=0.00120 ba=0.32173
[tight-lio] t=1317401227.495 corr=1840 lidar=ok rms=0.0305 time=76.42 ms | v=9.661 bg=0.00113 ba=0.32203
[tight-lio] t=1317401227.599 corr=1783 lidar=ok rms=0.0423 time=82.09 ms | v=9.610 bg=0.00100 ba=0.32175
[tight-lio] t=1317401227.703 corr=1716 lidar=ok rms=0.0463 time=82.15 ms | v=9.569 bg=0.00099 ba=0.32168
[tight-lio] t=1317401227.807 corr=1754 lidar=ok rms=0.0425 time=79.39 ms | v=9.544 bg=0.00121 ba=0.32136
[tight-lio] t=1317401227.911 corr=1618 lidar=ok rms=0.0409 time=73.43 ms | v=9.521 bg=0.00145 ba=0.32090
[tight-lio] t=1317401228.014 corr=1669 lidar=ok rms=0.0650 time=75.13 ms | v=9.482 bg=0.00127 ba=0.31993
[tight-lio] t=1317401228.118 corr=1794 lidar=ok rms=0.0956 time=76.52 ms | v=9.372 bg=0.00105 ba=0.31850
[tight-lio] t=1317401228.222 corr=1752 lidar=ok rms=0.0427 time=76.09 ms | v=9.239 bg=0.00093 ba=0.31742
[tight-lio] t=1317401228.326 corr=1826 lidar=ok rms=0.0530 time=70.52 ms | v=9.080 bg=0.00095 ba=0.31701
[tight-lio] t=1317401228.430 corr=1709 lidar=ok rms=0.0667 time=80.97 ms | v=8.894 bg=0.00093 ba=0.31668
[tight-lio] t=1317401228.534 corr=1836 lidar=ok rms=0.0423 time=76.76 ms | v=8.679 bg=0.00082 ba=0.31581
[tight-lio] t=1317401228.638 corr=1851 lidar=ok rms=0.0396 time=78.19 ms | v=8.455 bg=0.00089 ba=0.31504
[tight-lio] t=1317401228.742 corr=1799 lidar=ok rms=0.0462 time=77.21 ms | v=8.228 bg=0.00096 ba=0.31463
[tight-lio] t=1317401228.846 corr=1931 lidar=ok rms=0.0373 time=79.18 ms | v=7.969 bg=0.00103 ba=0.31377
[tight-lio] t=1317401228.950 corr=1997 lidar=ok rms=0.0378 time=83.94 ms | v=7.710 bg=0.00098 ba=0.31344
[tight-lio] t=1317401229.054 corr=2047 lidar=ok rms=0.0394 time=85.39 ms | v=7.433 bg=0.00093 ba=0.31255
[tight-lio] t=1317401229.158 corr=2083 lidar=ok rms=0.0334 time=79.59 ms | v=7.164 bg=0.00097 ba=0.31222
[tight-lio] t=1317401229.262 corr=2095 lidar=ok rms=0.0374 time=78.89 ms | v=6.889 bg=0.00103 ba=0.31166
[tight-lio] t=1317401229.366 corr=2135 lidar=ok rms=0.0484 time=82.26 ms | v=6.602 bg=0.00095 ba=0.31178
[tight-lio] t=1317401229.470 corr=2121 lidar=ok rms=0.0422 time=79.68 ms | v=6.312 bg=0.00101 ba=0.31257
[tight-lio] t=1317401229.574 corr=2327 lidar=ok rms=0.0592 time=84.30 ms | v=6.011 bg=0.00099 ba=0.31228
[tight-lio] t=1317401229.678 corr=2324 lidar=ok rms=0.0417 time=84.53 ms | v=5.708 bg=0.00103 ba=0.31188
[tight-lio] t=1317401229.782 corr=2400 lidar=ok rms=0.0449 time=60.93 ms | v=5.423 bg=0.00104 ba=0.31161
[tight-lio] t=1317401229.886 corr=2404 lidar=ok rms=0.0454 time=87.44 ms | v=5.131 bg=0.00113 ba=0.31185
[tight-lio] t=1317401229.990 corr=2539 lidar=ok rms=0.0722 time=61.86 ms | v=4.842 bg=0.00109 ba=0.31166
[tight-lio] t=1317401230.094 corr=2448 lidar=ok rms=0.0571 time=83.35 ms | v=4.550 bg=0.00103 ba=0.31162
[tight-lio] t=1317401230.198 corr=2453 lidar=ok rms=0.0723 time=86.73 ms | v=4.312 bg=0.00080 ba=0.31116
[tight-lio] t=1317401230.301 corr=2519 lidar=ok rms=0.0376 time=89.00 ms | v=4.176 bg=0.00066 ba=0.31215
[tight-lio] t=1317401230.405 corr=2740 lidar=ok rms=0.0438 time=89.54 ms | v=4.073 bg=0.00061 ba=0.31252
[tight-lio] t=1317401230.509 corr=2792 lidar=ok rms=0.0504 time=95.85 ms | v=4.024 bg=0.00068 ba=0.31348
[tight-lio] t=1317401230.613 corr=2779 lidar=ok rms=0.0413 time=93.19 ms | v=4.007 bg=0.00094 ba=0.31462
[tight-lio] t=1317401230.717 corr=2831 lidar=ok rms=0.0438 time=94.55 ms | v=4.011 bg=0.00096 ba=0.31684
[tight-lio] t=1317401230.821 corr=2873 lidar=ok rms=0.0451 time=94.11 ms | v=4.014 bg=0.00097 ba=0.31903
[tight-lio] t=1317401230.925 corr=3117 lidar=ok rms=0.0346 time=68.51 ms | v=3.991 bg=0.00098 ba=0.31951
[tight-lio] t=1317401231.029 corr=3168 lidar=ok rms=0.0408 time=97.14 ms | v=3.949 bg=0.00087 ba=0.31889
[tight-lio] t=1317401231.133 corr=3149 lidar=ok rms=0.0452 time=98.42 ms | v=3.910 bg=0.00081 ba=0.31859
[tight-lio] t=1317401231.237 corr=3302 lidar=ok rms=0.0363 time=71.68 ms | v=3.875 bg=0.00083 ba=0.31858
[tight-lio] t=1317401231.341 corr=3412 lidar=ok rms=0.0402 time=73.56 ms | v=3.867 bg=0.00092 ba=0.32073
[tight-lio] t=1317401231.445 corr=3133 lidar=ok rms=0.0458 time=103.42 ms | v=3.848 bg=0.00097 ba=0.32193
[tight-lio] t=1317401231.549 corr=3240 lidar=ok rms=0.0367 time=99.32 ms | v=3.886 bg=0.00098 ba=0.32281
[tight-lio] t=1317401231.653 corr=3315 lidar=ok rms=0.0432 time=106.36 ms | v=3.958 bg=0.00099 ba=0.32373
[tight-lio] t=1317401231.757 corr=3085 lidar=ok rms=0.0404 time=101.29 ms | v=4.019 bg=0.00102 ba=0.32540
[tight-lio] t=1317401231.861 corr=3182 lidar=ok rms=0.0341 time=100.06 ms | v=4.074 bg=0.00097 ba=0.32518
[tight-lio] t=1317401231.965 corr=3129 lidar=ok rms=0.0362 time=99.31 ms | v=4.144 bg=0.00092 ba=0.32441
[tight-lio] t=1317401232.068 corr=3171 lidar=ok rms=0.0433 time=72.18 ms | v=4.224 bg=0.00081 ba=0.32402
[tight-lio] t=1317401232.172 corr=3265 lidar=ok rms=0.0400 time=102.25 ms | v=4.300 bg=0.00076 ba=0.32416
[tight-lio] t=1317401232.276 corr=3090 lidar=ok rms=0.0359 time=98.39 ms | v=4.388 bg=0.00085 ba=0.32422
[tight-lio] t=1317401232.380 corr=2979 lidar=ok rms=0.0372 time=68.75 ms | v=4.497 bg=0.00101 ba=0.32462
[tight-lio] t=1317401232.484 corr=3098 lidar=ok rms=0.0366 time=101.47 ms | v=4.630 bg=0.00101 ba=0.32499
[tight-lio] t=1317401232.588 corr=3009 lidar=ok rms=0.0359 time=98.01 ms | v=4.762 bg=0.00092 ba=0.32512
[tight-lio] t=1317401232.692 corr=2931 lidar=ok rms=0.0399 time=99.14 ms | v=4.890 bg=0.00087 ba=0.32446
[tight-lio] t=1317401232.796 corr=2951 lidar=ok rms=0.0354 time=97.32 ms | v=5.034 bg=0.00088 ba=0.32385
[tight-lio] t=1317401232.900 corr=2939 lidar=ok rms=0.0402 time=97.37 ms | v=5.186 bg=0.00089 ba=0.32431
[tight-lio] t=1317401233.004 corr=3012 lidar=ok rms=0.0786 time=100.12 ms | v=5.313 bg=0.00078 ba=0.32415
[tight-lio] t=1317401233.108 corr=2957 lidar=ok rms=0.0458 time=107.05 ms | v=5.468 bg=0.00073 ba=0.32504
[tight-lio] t=1317401233.212 corr=2905 lidar=ok rms=0.0473 time=95.41 ms | v=5.609 bg=0.00071 ba=0.32481
[tight-lio] t=1317401233.316 corr=2914 lidar=ok rms=0.0382 time=95.80 ms | v=5.763 bg=0.00088 ba=0.32484
[tight-lio] t=1317401233.420 corr=2820 lidar=ok rms=0.0407 time=103.47 ms | v=5.934 bg=0.00109 ba=0.32549
[tight-lio] t=1317401233.524 corr=2729 lidar=ok rms=0.0483 time=98.93 ms | v=6.093 bg=0.00132 ba=0.32595
[tight-lio] t=1317401233.628 corr=2765 lidar=ok rms=0.0564 time=90.47 ms | v=6.246 bg=0.00139 ba=0.32590
[tight-lio] t=1317401233.732 corr=2807 lidar=ok rms=0.0509 time=93.17 ms | v=6.370 bg=0.00105 ba=0.32554
[tight-lio] t=1317401233.836 corr=2941 lidar=ok rms=0.0374 time=93.88 ms | v=6.483 bg=0.00085 ba=0.32508
[tight-lio] t=1317401233.940 corr=2986 lidar=ok rms=0.0599 time=95.28 ms | v=6.590 bg=0.00066 ba=0.32379
[tight-lio] t=1317401234.044 corr=2898 lidar=ok rms=0.0450 time=93.73 ms | v=6.697 bg=0.00058 ba=0.32366
[tight-lio] t=1317401234.148 corr=2923 lidar=ok rms=0.0470 time=96.89 ms | v=6.804 bg=0.00064 ba=0.32254
[tight-lio] t=1317401234.252 corr=2833 lidar=ok rms=0.0418 time=88.58 ms | v=6.920 bg=0.00073 ba=0.32131
[tight-lio] t=1317401234.356 corr=2759 lidar=ok rms=0.0397 time=93.44 ms | v=7.014 bg=0.00084 ba=0.32181
[tight-lio] t=1317401234.460 corr=2595 lidar=ok rms=0.0338 time=88.93 ms | v=7.103 bg=0.00094 ba=0.32207
[tight-lio] t=1317401234.565 corr=2558 lidar=ok rms=0.0520 time=58.24 ms | v=7.198 bg=0.00107 ba=0.32268
[tight-lio] t=1317401234.669 corr=2501 lidar=ok rms=0.0505 time=87.17 ms | v=7.289 bg=0.00121 ba=0.32242
[tight-lio] t=1317401234.773 corr=2377 lidar=ok rms=0.0558 time=85.00 ms | v=7.373 bg=0.00134 ba=0.32258
[tight-lio] t=1317401234.877 corr=2210 lidar=ok rms=0.0494 time=82.31 ms | v=7.464 bg=0.00112 ba=0.32276
[tight-lio] t=1317401234.981 corr=2079 lidar=ok rms=0.0664 time=82.40 ms | v=7.539 bg=0.00085 ba=0.32165
[tight-lio] t=1317401235.085 corr=1983 lidar=ok rms=0.0642 time=83.18 ms | v=7.614 bg=0.00062 ba=0.32258
[tight-lio] t=1317401235.189 corr=1902 lidar=ok rms=0.0471 time=75.11 ms | v=7.718 bg=0.00064 ba=0.32346
[tight-lio] t=1317401235.293 corr=1903 lidar=ok rms=0.0520 time=80.19 ms | v=7.815 bg=0.00083 ba=0.32443
[tight-lio] t=1317401235.397 corr=1851 lidar=ok rms=0.0711 time=83.17 ms | v=7.917 bg=0.00094 ba=0.32660
[tight-lio] t=1317401235.500 corr=1804 lidar=ok rms=0.0434 time=74.08 ms | v=8.017 bg=0.00087 ba=0.32934
[tight-lio] t=1317401235.604 corr=1629 lidar=ok rms=0.0816 time=69.97 ms | v=8.119 bg=0.00096 ba=0.33013
[tight-lio] t=1317401235.708 corr=1614 lidar=ok rms=0.0606 time=73.31 ms | v=8.198 bg=0.00114 ba=0.33084
[tight-lio] t=1317401235.812 corr=1592 lidar=ok rms=0.0529 time=72.88 ms | v=8.288 bg=0.00106 ba=0.33160
[tight-lio] t=1317401235.915 corr=1628 lidar=ok rms=0.0504 time=76.61 ms | v=8.361 bg=0.00087 ba=0.33266
[tight-lio] t=1317401236.019 corr=1679 lidar=ok rms=0.0735 time=72.63 ms | v=8.437 bg=0.00066 ba=0.33222
[tight-lio] t=1317401236.123 corr=1743 lidar=ok rms=0.0440 time=70.72 ms | v=8.518 bg=0.00064 ba=0.33110
[tight-lio] t=1317401236.226 corr=1675 lidar=ok rms=0.0526 time=75.34 ms | v=8.612 bg=0.00072 ba=0.33160
[tight-lio] t=1317401236.330 corr=1635 lidar=ok rms=0.0483 time=76.19 ms | v=8.709 bg=0.00086 ba=0.33089
[tight-lio] t=1317401236.434 corr=1680 lidar=ok rms=0.0564 time=72.37 ms | v=8.804 bg=0.00095 ba=0.33072
[tight-lio] t=1317401236.538 corr=1787 lidar=ok rms=0.0477 time=53.12 ms | v=8.896 bg=0.00105 ba=0.32988
[tight-lio] t=1317401236.642 corr=1664 lidar=ok rms=0.0498 time=70.92 ms | v=8.984 bg=0.00100 ba=0.33033
[tight-lio] t=1317401236.745 corr=1772 lidar=ok rms=0.0455 time=79.25 ms | v=9.068 bg=0.00087 ba=0.33213
[tight-lio] t=1317401236.849 corr=1748 lidar=ok rms=0.0526 time=79.38 ms | v=9.118 bg=0.00094 ba=0.33238
[tight-lio] t=1317401236.953 corr=1783 lidar=ok rms=0.0424 time=73.35 ms | v=9.127 bg=0.00099 ba=0.33074
[tight-lio] t=1317401237.057 corr=1760 lidar=ok rms=0.0537 time=75.21 ms | v=9.119 bg=0.00097 ba=0.33004
[tight-lio] t=1317401237.161 corr=1786 lidar=ok rms=0.0548 time=75.60 ms | v=9.110 bg=0.00100 ba=0.32929
[tight-lio] t=1317401237.265 corr=1836 lidar=ok rms=0.0580 time=78.60 ms | v=9.084 bg=0.00067 ba=0.32841
[tight-lio] t=1317401237.369 corr=1705 lidar=ok rms=0.0441 time=74.66 ms | v=9.077 bg=0.00072 ba=0.32859
[tight-lio] t=1317401237.472 corr=1665 lidar=ok rms=0.0468 time=76.11 ms | v=9.069 bg=0.00091 ba=0.32821
[tight-lio] t=1317401237.576 corr=1768 lidar=ok rms=0.0536 time=77.20 ms | v=9.050 bg=0.00111 ba=0.32773
[tight-lio] t=1317401237.680 corr=1800 lidar=ok rms=0.0596 time=77.82 ms | v=9.018 bg=0.00095 ba=0.32698
[tight-lio] t=1317401237.784 corr=1803 lidar=ok rms=0.0827 time=76.35 ms | v=8.976 bg=0.00086 ba=0.32670
[tight-lio] t=1317401237.888 corr=1837 lidar=ok rms=0.0785 time=76.85 ms | v=8.916 bg=0.00069 ba=0.32652
[tight-lio] t=1317401237.992 corr=1857 lidar=ok rms=0.0503 time=75.93 ms | v=8.873 bg=0.00072 ba=0.32677
[tight-lio] t=1317401238.096 corr=1711 lidar=ok rms=0.0419 time=76.40 ms | v=8.834 bg=0.00094 ba=0.32604
[tight-lio] t=1317401238.200 corr=1665 lidar=ok rms=0.0727 time=74.16 ms | v=8.821 bg=0.00135 ba=0.32600
[tight-lio] t=1317401238.304 corr=1683 lidar=ok rms=0.0532 time=79.53 ms | v=8.799 bg=0.00144 ba=0.32729
[tight-lio] t=1317401238.408 corr=1655 lidar=ok rms=0.0504 time=77.68 ms | v=8.745 bg=0.00137 ba=0.32733
[tight-lio] t=1317401238.512 corr=1699 lidar=ok rms=0.0592 time=79.44 ms | v=8.674 bg=0.00097 ba=0.32690
[tight-lio] t=1317401238.616 corr=1795 lidar=ok rms=0.0702 time=75.02 ms | v=8.569 bg=0.00048 ba=0.32694
[tight-lio] t=1317401238.720 corr=1698 lidar=ok rms=0.0586 time=74.63 ms | v=8.473 bg=0.00048 ba=0.32607
[tight-lio] t=1317401238.824 corr=1825 lidar=ok rms=0.0502 time=82.91 ms | v=8.386 bg=0.00073 ba=0.32615
[tight-lio] t=1317401238.928 corr=1672 lidar=ok rms=0.0391 time=77.74 ms | v=8.274 bg=0.00091 ba=0.32598
[tight-lio] t=1317401239.032 corr=1701 lidar=ok rms=0.0427 time=80.27 ms | v=8.137 bg=0.00083 ba=0.32556
[tight-lio] t=1317401239.135 corr=1568 lidar=ok rms=0.0609 time=75.21 ms | v=7.984 bg=0.00086 ba=0.32588
[tight-lio] t=1317401239.239 corr=1685 lidar=ok rms=0.0458 time=54.86 ms | v=7.826 bg=0.00088 ba=0.32539
[tight-lio] t=1317401239.343 corr=1651 lidar=ok rms=0.0637 time=75.88 ms | v=7.650 bg=0.00106 ba=0.32578
[tight-lio] t=1317401239.447 corr=1676 lidar=ok rms=0.0398 time=75.93 ms | v=7.488 bg=0.00109 ba=0.32661
[tight-lio] t=1317401239.551 corr=1759 lidar=ok rms=0.0381 time=79.08 ms | v=7.273 bg=0.00108 ba=0.32653
[tight-lio] t=1317401239.655 corr=1814 lidar=ok rms=0.0512 time=83.28 ms | v=7.040 bg=0.00072 ba=0.32593
[tight-lio] t=1317401239.759 corr=1819 lidar=ok rms=0.0658 time=59.90 ms | v=6.799 bg=0.00059 ba=0.32572
[tight-lio] t=1317401239.863 corr=1961 lidar=ok rms=0.0429 time=79.84 ms | v=6.547 bg=0.00061 ba=0.32530
[tight-lio] t=1317401239.967 corr=1860 lidar=ok rms=0.0451 time=81.30 ms | v=6.294 bg=0.00081 ba=0.32522
[tight-lio] t=1317401240.071 corr=1843 lidar=ok rms=0.0368 time=58.85 ms | v=6.036 bg=0.00094 ba=0.32471
[tight-lio] t=1317401240.175 corr=1925 lidar=ok rms=0.0710 time=86.05 ms | v=5.761 bg=0.00099 ba=0.32483
[tight-lio] t=1317401240.279 corr=1972 lidar=ok rms=0.0416 time=75.33 ms | v=5.491 bg=0.00095 ba=0.32455
[tight-lio] t=1317401240.383 corr=1944 lidar=ok rms=0.0402 time=63.05 ms | v=5.197 bg=0.00090 ba=0.32441
[tight-lio] t=1317401240.487 corr=2049 lidar=ok rms=0.0371 time=60.06 ms | v=4.906 bg=0.00089 ba=0.32330
[tight-lio] t=1317401240.591 corr=2141 lidar=ok rms=0.0466 time=62.84 ms | v=4.632 bg=0.00088 ba=0.32296
[tight-lio] t=1317401240.695 corr=2231 lidar=ok rms=0.0432 time=63.38 ms | v=4.372 bg=0.00082 ba=0.32377
[tight-lio] t=1317401240.799 corr=2229 lidar=ok rms=0.0415 time=58.35 ms | v=4.146 bg=0.00073 ba=0.32374
[tight-lio] t=1317401240.903 corr=2347 lidar=ok rms=0.0462 time=88.37 ms | v=3.959 bg=0.00079 ba=0.32360
[tight-lio] t=1317401241.006 corr=2480 lidar=ok rms=0.0408 time=75.14 ms | v=3.769 bg=0.00086 ba=0.32458
[tight-lio] t=1317401241.110 corr=2530 lidar=ok rms=0.0423 time=72.75 ms | v=3.601 bg=0.00084 ba=0.32619
[tight-lio] t=1317401241.214 corr=2552 lidar=ok rms=0.0424 time=95.71 ms | v=3.483 bg=0.00074 ba=0.32759
[tight-lio] t=1317401241.318 corr=2706 lidar=ok rms=0.0413 time=95.81 ms | v=3.383 bg=0.00074 ba=0.32785
[tight-lio] t=1317401241.422 corr=2641 lidar=ok rms=0.0575 time=77.05 ms | v=3.293 bg=0.00075 ba=0.32796
[tight-lio] t=1317401241.526 corr=2628 lidar=ok rms=0.0548 time=127.04 ms | v=3.178 bg=0.00074 ba=0.32831
[tight-lio] t=1317401241.630 corr=2734 lidar=ok rms=0.0380 time=98.58 ms | v=3.055 bg=0.00067 ba=0.32732
[tight-lio] t=1317401241.734 corr=2779 lidar=ok rms=0.0362 time=102.17 ms | v=2.950 bg=0.00070 ba=0.32777
[tight-lio] t=1317401241.838 corr=2759 lidar=ok rms=0.0535 time=105.03 ms | v=2.854 bg=0.00075 ba=0.32693
[tight-lio] t=1317401241.942 corr=2825 lidar=ok rms=0.0479 time=106.65 ms | v=2.751 bg=0.00082 ba=0.32737
[tight-lio] t=1317401242.046 corr=2988 lidar=ok rms=0.0333 time=74.44 ms | v=2.667 bg=0.00081 ba=0.32732
[tight-lio] t=1317401242.150 corr=3059 lidar=ok rms=0.0395 time=107.22 ms | v=2.613 bg=0.00084 ba=0.32749
[tight-lio] t=1317401242.254 corr=3163 lidar=ok rms=0.0400 time=78.09 ms | v=2.571 bg=0.00091 ba=0.32733
[tight-lio] t=1317401242.358 corr=3129 lidar=ok rms=0.0444 time=117.49 ms | v=2.546 bg=0.00102 ba=0.32945
[tight-lio] t=1317401242.461 corr=3299 lidar=ok rms=0.0403 time=105.11 ms | v=2.505 bg=0.00111 ba=0.32945
[tight-lio] t=1317401242.565 corr=3222 lidar=ok rms=0.0481 time=105.00 ms | v=2.458 bg=0.00113 ba=0.32975
[tight-lio] t=1317401242.669 corr=3387 lidar=ok rms=0.0518 time=112.56 ms | v=2.432 bg=0.00107 ba=0.32989
[tight-lio] t=1317401242.773 corr=3289 lidar=ok rms=0.0534 time=79.29 ms | v=2.388 bg=0.00104 ba=0.32975
[tight-lio] t=1317401242.877 corr=3370 lidar=ok rms=0.0376 time=76.32 ms | v=2.352 bg=0.00101 ba=0.33063
[tight-lio] t=1317401242.980 corr=3480 lidar=ok rms=0.0481 time=115.10 ms | v=2.318 bg=0.00098 ba=0.33054
[tight-lio] t=1317401243.084 corr=3345 lidar=ok rms=0.0436 time=115.41 ms | v=2.319 bg=0.00098 ba=0.32969
[tight-lio] t=1317401243.188 corr=3361 lidar=ok rms=0.0546 time=117.45 ms | v=2.363 bg=0.00096 ba=0.32924
[tight-lio] t=1317401243.292 corr=3335 lidar=ok rms=0.0446 time=128.02 ms | v=2.447 bg=0.00101 ba=0.32938
[tight-lio] t=1317401243.395 corr=3429 lidar=ok rms=0.0485 time=116.28 ms | v=2.553 bg=0.00109 ba=0.33026
[tight-lio] t=1317401243.499 corr=3380 lidar=ok rms=0.0403 time=118.41 ms | v=2.683 bg=0.00107 ba=0.33042
[tight-lio] t=1317401243.603 corr=3327 lidar=ok rms=0.0424 time=129.38 ms | v=2.813 bg=0.00105 ba=0.33013
[tight-lio] t=1317401243.707 corr=3436 lidar=ok rms=0.0424 time=119.63 ms | v=2.935 bg=0.00115 ba=0.32965
[tight-lio] t=1317401243.810 corr=3465 lidar=ok rms=0.0436 time=121.74 ms | v=3.060 bg=0.00120 ba=0.32970
[tight-lio] t=1317401243.914 corr=3487 lidar=ok rms=0.0480 time=129.86 ms | v=3.191 bg=0.00135 ba=0.32964
[tight-lio] t=1317401244.018 corr=3550 lidar=ok rms=0.0431 time=123.03 ms | v=3.326 bg=0.00132 ba=0.33063
[tight-lio] t=1317401244.121 corr=3326 lidar=ok rms=0.0429 time=120.48 ms | v=3.468 bg=0.00143 ba=0.33125
[tight-lio] t=1317401244.225 corr=3369 lidar=ok rms=0.0415 time=87.09 ms | v=3.615 bg=0.00142 ba=0.33253
[tight-lio] t=1317401244.329 corr=3525 lidar=ok rms=0.0487 time=123.78 ms | v=3.763 bg=0.00152 ba=0.33322
[tight-lio] t=1317401244.433 corr=3508 lidar=ok rms=0.0514 time=123.22 ms | v=3.913 bg=0.00147 ba=0.33331
[tight-lio] t=1317401244.536 corr=3650 lidar=ok rms=0.0491 time=125.28 ms | v=4.068 bg=0.00140 ba=0.33310
[tight-lio] t=1317401244.640 corr=3482 lidar=ok rms=0.0545 time=126.18 ms | v=4.247 bg=0.00144 ba=0.33327
[tight-lio] t=1317401244.744 corr=3414 lidar=ok rms=0.0513 time=122.29 ms | v=4.423 bg=0.00134 ba=0.33328
[tight-lio] t=1317401244.848 corr=3485 lidar=ok rms=0.0381 time=88.57 ms | v=4.607 bg=0.00121 ba=0.33233
[tight-lio] t=1317401244.952 corr=3465 lidar=ok rms=0.0497 time=131.72 ms | v=4.791 bg=0.00099 ba=0.33089
[tight-lio] t=1317401245.056 corr=3461 lidar=ok rms=0.0468 time=138.73 ms | v=4.982 bg=0.00079 ba=0.32998
[tight-lio] t=1317401245.160 corr=3620 lidar=ok rms=0.0427 time=127.87 ms | v=5.174 bg=0.00065 ba=0.32916
[tight-lio] t=1317401245.264 corr=3435 lidar=ok rms=0.0461 time=136.41 ms | v=5.394 bg=0.00060 ba=0.32888
[tight-lio] t=1317401245.368 corr=3363 lidar=ok rms=0.0458 time=120.65 ms | v=5.588 bg=0.00067 ba=0.32766
[tight-lio] t=1317401245.472 corr=3224 lidar=ok rms=0.0483 time=117.20 ms | v=5.772 bg=0.00075 ba=0.32483
[tight-lio] t=1317401245.576 corr=3322 lidar=ok rms=0.0430 time=122.29 ms | v=5.940 bg=0.00082 ba=0.32329
[tight-lio] t=1317401245.680 corr=3625 lidar=ok rms=0.0541 time=129.45 ms | v=6.073 bg=0.00088 ba=0.32125
[tight-lio] t=1317401245.784 corr=3507 lidar=ok rms=0.0441 time=116.46 ms | v=6.115 bg=0.00091 ba=0.32096
[tight-lio] t=1317401245.888 corr=3375 lidar=ok rms=0.0508 time=121.43 ms | v=6.103 bg=0.00096 ba=0.32124
[tight-lio] t=1317401245.992 corr=3217 lidar=ok rms=0.0475 time=116.09 ms | v=6.048 bg=0.00092 ba=0.32174
[tight-lio] t=1317401246.096 corr=3081 lidar=ok rms=0.0493 time=78.21 ms | v=5.922 bg=0.00086 ba=0.32165
[tight-lio] t=1317401246.200 corr=3258 lidar=ok rms=0.0463 time=114.73 ms | v=5.781 bg=0.00080 ba=0.32124
[tight-lio] t=1317401246.304 corr=3259 lidar=ok rms=0.0545 time=118.38 ms | v=5.631 bg=0.00066 ba=0.32033
[tight-lio] t=1317401246.408 corr=3427 lidar=ok rms=0.0512 time=115.90 ms | v=5.554 bg=0.00061 ba=0.32027
[tight-lio] t=1317401246.512 corr=3355 lidar=ok rms=0.0712 time=130.42 ms | v=5.533 bg=0.00049 ba=0.32272
[tight-lio] t=1317401246.616 corr=3587 lidar=ok rms=0.0605 time=149.61 ms | v=5.514 bg=0.00051 ba=0.32177
[tight-lio] t=1317401246.720 corr=3580 lidar=ok rms=0.0557 time=174.17 ms | v=5.497 bg=0.00068 ba=0.31968
[tight-lio] t=1317401246.824 corr=3558 lidar=ok rms=0.0478 time=131.95 ms | v=5.489 bg=0.00093 ba=0.31773
[tight-lio] t=1317401246.929 corr=3550 lidar=ok rms=0.0498 time=163.30 ms | v=5.482 bg=0.00106 ba=0.31260
[tight-lio] t=1317401247.033 corr=3547 lidar=ok rms=0.0542 time=118.00 ms | v=5.449 bg=0.00113 ba=0.30974
[tight-lio] t=1317401247.137 corr=3442 lidar=ok rms=0.0564 time=125.12 ms | v=5.413 bg=0.00116 ba=0.30386
[tight-lio] t=1317401247.241 corr=3431 lidar=ok rms=0.0452 time=128.52 ms | v=5.387 bg=0.00115 ba=0.30120
[tight-lio] t=1317401247.345 corr=3354 lidar=ok rms=0.0467 time=127.17 ms | v=5.380 bg=0.00111 ba=0.29793
[tight-lio] t=1317401247.449 corr=3502 lidar=ok rms=0.0502 time=121.02 ms | v=5.426 bg=0.00108 ba=0.29520
[tight-lio] t=1317401247.553 corr=3299 lidar=ok rms=0.0557 time=115.24 ms | v=5.504 bg=0.00111 ba=0.29281
[tight-lio] t=1317401247.657 corr=3420 lidar=ok rms=0.0498 time=120.39 ms | v=5.644 bg=0.00119 ba=0.29054
[tight-lio] t=1317401247.762 corr=3336 lidar=ok rms=0.0488 time=122.13 ms | v=5.766 bg=0.00125 ba=0.28794
[tight-lio] t=1317401247.866 corr=3532 lidar=ok rms=0.0482 time=128.76 ms | v=5.903 bg=0.00123 ba=0.28475
[tight-lio] t=1317401247.970 corr=3518 lidar=ok rms=0.0441 time=121.01 ms | v=6.048 bg=0.00129 ba=0.28273
[tight-lio] t=1317401248.074 corr=3361 lidar=ok rms=0.0432 time=116.61 ms | v=6.191 bg=0.00131 ba=0.28154
[tight-lio] t=1317401248.178 corr=3436 lidar=ok rms=0.0438 time=116.76 ms | v=6.340 bg=0.00130 ba=0.28200
[tight-lio] t=1317401248.282 corr=3503 lidar=ok rms=0.0489 time=119.55 ms | v=6.490 bg=0.00126 ba=0.28197
[tight-lio] t=1317401248.386 corr=3510 lidar=ok rms=0.0539 time=116.55 ms | v=6.643 bg=0.00125 ba=0.28197
[tight-lio] t=1317401248.490 corr=3357 lidar=ok rms=0.0477 time=117.91 ms | v=6.784 bg=0.00121 ba=0.28047
[tight-lio] t=1317401248.594 corr=3392 lidar=ok rms=0.0524 time=114.23 ms | v=6.920 bg=0.00120 ba=0.28009
[tight-lio] t=1317401248.698 corr=3312 lidar=ok rms=0.0495 time=114.92 ms | v=7.060 bg=0.00119 ba=0.27956
[tight-lio] t=1317401248.802 corr=3365 lidar=ok rms=0.0564 time=115.77 ms | v=7.198 bg=0.00121 ba=0.27986
[tight-lio] t=1317401248.906 corr=3311 lidar=ok rms=0.0524 time=115.53 ms | v=7.326 bg=0.00127 ba=0.27836
[tight-lio] t=1317401249.010 corr=3077 lidar=ok rms=0.0458 time=127.59 ms | v=7.467 bg=0.00131 ba=0.27868
[tight-lio] t=1317401249.114 corr=3174 lidar=ok rms=0.0466 time=121.67 ms | v=7.611 bg=0.00139 ba=0.27804
[tight-lio] t=1317401249.218 corr=2974 lidar=ok rms=0.0537 time=118.50 ms | v=7.766 bg=0.00149 ba=0.27769
[tight-lio] t=1317401249.322 corr=3037 lidar=ok rms=0.0493 time=121.17 ms | v=7.911 bg=0.00140 ba=0.27755
[tight-lio] t=1317401249.426 corr=3151 lidar=ok rms=0.0545 time=122.97 ms | v=8.035 bg=0.00122 ba=0.27611
[tight-lio] t=1317401249.530 corr=2990 lidar=ok rms=0.0440 time=115.53 ms | v=8.172 bg=0.00116 ba=0.27611
[tight-lio] t=1317401249.634 corr=3046 lidar=ok rms=0.0516 time=109.21 ms | v=8.327 bg=0.00123 ba=0.27627
[tight-lio] t=1317401249.738 corr=3032 lidar=ok rms=0.0451 time=109.55 ms | v=8.477 bg=0.00127 ba=0.27488
[tight-lio] t=1317401249.842 corr=3064 lidar=ok rms=0.0483 time=114.45 ms | v=8.603 bg=0.00116 ba=0.27488
[tight-lio] t=1317401249.946 corr=3156 lidar=ok rms=0.0531 time=111.54 ms | v=8.749 bg=0.00104 ba=0.27445
[tight-lio] t=1317401250.050 corr=2986 lidar=ok rms=0.0642 time=108.44 ms | v=8.878 bg=0.00093 ba=0.27365
[tight-lio] t=1317401250.154 corr=3052 lidar=ok rms=0.0602 time=81.83 ms | v=9.011 bg=0.00099 ba=0.27335
[tight-lio] t=1317401250.258 corr=2876 lidar=ok rms=0.0485 time=108.16 ms | v=9.129 bg=0.00106 ba=0.27111
[tight-lio] t=1317401250.362 corr=2769 lidar=ok rms=0.0471 time=109.59 ms | v=9.257 bg=0.00128 ba=0.27015
[tight-lio] t=1317401250.466 corr=2733 lidar=ok rms=0.0515 time=112.58 ms | v=9.388 bg=0.00134 ba=0.26875
[tight-lio] t=1317401250.570 corr=2763 lidar=ok rms=0.0471 time=112.94 ms | v=9.512 bg=0.00137 ba=0.26807
[tight-lio] t=1317401250.674 corr=2872 lidar=ok rms=0.0550 time=109.16 ms | v=9.606 bg=0.00132 ba=0.26572
[tight-lio] t=1317401250.778 corr=3076 lidar=ok rms=0.0440 time=114.92 ms | v=9.684 bg=0.00133 ba=0.26444
[tight-lio] t=1317401250.882 corr=3087 lidar=ok rms=0.0467 time=111.58 ms | v=9.783 bg=0.00151 ba=0.26382
[tight-lio] t=1317401250.986 corr=2899 lidar=ok rms=0.0553 time=108.03 ms | v=9.855 bg=0.00162 ba=0.26175
[tight-lio] t=1317401251.090 corr=2993 lidar=ok rms=0.0537 time=116.70 ms | v=9.896 bg=0.00146 ba=0.25984
[tight-lio] t=1317401251.194 corr=3083 lidar=ok rms=0.0547 time=114.11 ms | v=9.914 bg=0.00141 ba=0.25814
[tight-lio] t=1317401251.298 corr=3055 lidar=ok rms=0.0534 time=114.78 ms | v=9.925 bg=0.00150 ba=0.25592
[tight-lio] t=1317401251.402 corr=3020 lidar=ok rms=0.0524 time=108.63 ms | v=9.950 bg=0.00161 ba=0.25390
[tight-lio] t=1317401251.506 corr=2989 lidar=ok rms=0.0483 time=108.01 ms | v=9.993 bg=0.00177 ba=0.25211
[tight-lio] t=1317401251.610 corr=2750 lidar=ok rms=0.0547 time=108.73 ms | v=10.034 bg=0.00190 ba=0.25044
[tight-lio] t=1317401251.714 corr=2955 lidar=ok rms=0.0455 time=107.10 ms | v=10.070 bg=0.00186 ba=0.24857
[tight-lio] t=1317401251.818 corr=2886 lidar=ok rms=0.0482 time=106.70 ms | v=10.092 bg=0.00176 ba=0.24806
[tight-lio] t=1317401251.922 corr=2969 lidar=ok rms=0.0468 time=113.01 ms | v=10.110 bg=0.00171 ba=0.24717
[tight-lio] t=1317401252.026 corr=3063 lidar=ok rms=0.0457 time=119.28 ms | v=10.135 bg=0.00163 ba=0.24793
[tight-lio] t=1317401252.130 corr=3047 lidar=ok rms=0.0417 time=108.60 ms | v=10.167 bg=0.00165 ba=0.24759
[tight-lio] t=1317401252.234 corr=3222 lidar=ok rms=0.0501 time=117.13 ms | v=10.214 bg=0.00159 ba=0.24862
[tight-lio] t=1317401252.338 corr=3206 lidar=ok rms=0.0436 time=113.15 ms | v=10.257 bg=0.00144 ba=0.25009
[tight-lio] t=1317401252.442 corr=3236 lidar=ok rms=0.0460 time=143.49 ms | v=10.289 bg=0.00135 ba=0.25050
[tight-lio] t=1317401252.546 corr=3187 lidar=ok rms=0.0444 time=113.03 ms | v=10.345 bg=0.00130 ba=0.25190
[tight-lio] t=1317401252.650 corr=3289 lidar=ok rms=0.0547 time=111.98 ms | v=10.401 bg=0.00126 ba=0.25320
[tight-lio] t=1317401252.753 corr=3345 lidar=ok rms=0.0480 time=114.29 ms | v=10.450 bg=0.00113 ba=0.25372
[tight-lio] t=1317401252.857 corr=3127 lidar=ok rms=0.0611 time=110.17 ms | v=10.496 bg=0.00110 ba=0.25399
[tight-lio] t=1317401252.961 corr=3194 lidar=ok rms=0.0411 time=108.51 ms | v=10.554 bg=0.00110 ba=0.25391
[tight-lio] t=1317401253.065 corr=3251 lidar=ok rms=0.0484 time=111.55 ms | v=10.627 bg=0.00112 ba=0.25457
[tight-lio] t=1317401253.169 corr=3291 lidar=ok rms=0.0550 time=112.04 ms | v=10.702 bg=0.00104 ba=0.25561
[tight-lio] t=1317401253.272 corr=3235 lidar=ok rms=0.0953 time=120.63 ms | v=10.765 bg=0.00100 ba=0.25555
[tight-lio] t=1317401253.376 corr=3175 lidar=ok rms=0.0593 time=114.83 ms | v=10.850 bg=0.00113 ba=0.25600
[tight-lio] t=1317401253.480 corr=3125 lidar=ok rms=0.0531 time=82.67 ms | v=10.935 bg=0.00130 ba=0.25497
[tight-lio] t=1317401253.584 corr=3172 lidar=ok rms=0.0470 time=108.20 ms | v=11.007 bg=0.00119 ba=0.25445
[tight-lio] t=1317401253.687 corr=3122 lidar=ok rms=0.0444 time=108.89 ms | v=11.066 bg=0.00107 ba=0.25383
[tight-lio] t=1317401253.791 corr=3154 lidar=ok rms=0.0639 time=109.22 ms | v=11.138 bg=0.00103 ba=0.25404
[tight-lio] t=1317401253.895 corr=2985 lidar=ok rms=0.0536 time=105.78 ms | v=11.209 bg=0.00108 ba=0.25374
[tight-lio] t=1317401253.999 corr=3113 lidar=ok rms=0.0484 time=108.90 ms | v=11.284 bg=0.00111 ba=0.25340
[tight-lio] t=1317401254.103 corr=3313 lidar=ok rms=0.0517 time=109.35 ms | v=11.352 bg=0.00110 ba=0.25321
[tight-lio] t=1317401254.206 corr=3160 lidar=ok rms=0.0452 time=107.57 ms | v=11.425 bg=0.00113 ba=0.25362
[tight-lio] t=1317401254.310 corr=3122 lidar=ok rms=0.0582 time=117.46 ms | v=11.498 bg=0.00119 ba=0.25385
[tight-lio] t=1317401254.414 corr=2986 lidar=ok rms=0.0627 time=102.35 ms | v=11.581 bg=0.00114 ba=0.25504
[tight-lio] t=1317401254.518 corr=2981 lidar=ok rms=0.0455 time=100.32 ms | v=11.635 bg=0.00104 ba=0.25415
[tight-lio] t=1317401254.622 corr=3020 lidar=ok rms=0.0494 time=77.94 ms | v=11.678 bg=0.00097 ba=0.25305
[tight-lio] t=1317401254.725 corr=3076 lidar=ok rms=0.0565 time=101.51 ms | v=11.739 bg=0.00094 ba=0.25376
[tight-lio] t=1317401254.829 corr=2963 lidar=ok rms=0.0519 time=100.54 ms | v=11.793 bg=0.00098 ba=0.25325
[tight-lio] t=1317401254.933 corr=3122 lidar=ok rms=0.0510 time=105.51 ms | v=11.866 bg=0.00113 ba=0.25331
[tight-lio] t=1317401255.037 corr=3078 lidar=ok rms=0.0562 time=135.15 ms | v=11.934 bg=0.00122 ba=0.25343
[tight-lio] t=1317401255.141 corr=2959 lidar=ok rms=0.0459 time=102.56 ms | v=11.975 bg=0.00106 ba=0.25324
[tight-lio] t=1317401255.245 corr=2986 lidar=ok rms=0.0394 time=102.40 ms | v=12.013 bg=0.00103 ba=0.25260
[tight-lio] t=1317401255.348 corr=3059 lidar=ok rms=0.0449 time=104.74 ms | v=12.046 bg=0.00100 ba=0.25111
[tight-lio] t=1317401255.452 corr=3007 lidar=ok rms=0.0561 time=103.70 ms | v=12.088 bg=0.00094 ba=0.25209
[tight-lio] t=1317401255.556 corr=3064 lidar=ok rms=0.0463 time=103.70 ms | v=12.111 bg=0.00104 ba=0.25180
[tight-lio] t=1317401255.660 corr=3204 lidar=ok rms=0.0545 time=114.32 ms | v=12.142 bg=0.00118 ba=0.25175
[tight-lio] t=1317401255.764 corr=3187 lidar=ok rms=0.0493 time=114.57 ms | v=12.162 bg=0.00112 ba=0.25297
[tight-lio] t=1317401255.867 corr=3091 lidar=ok rms=0.0446 time=109.28 ms | v=12.164 bg=0.00110 ba=0.25185
[tight-lio] t=1317401255.971 corr=3164 lidar=ok rms=0.0467 time=109.54 ms | v=12.184 bg=0.00106 ba=0.25213
[tight-lio] t=1317401256.075 corr=3216 lidar=ok rms=0.0588 time=118.77 ms | v=12.210 bg=0.00095 ba=0.25359
[tight-lio] t=1317401256.179 corr=3374 lidar=ok rms=0.0471 time=124.20 ms | v=12.239 bg=0.00105 ba=0.25359
[tight-lio] t=1317401256.283 corr=3174 lidar=ok rms=0.0514 time=110.49 ms | v=12.253 bg=0.00105 ba=0.25322
[tight-lio] t=1317401256.387 corr=3278 lidar=ok rms=0.0472 time=77.88 ms | v=12.244 bg=0.00101 ba=0.25300
[tight-lio] t=1317401256.490 corr=3214 lidar=ok rms=0.0434 time=107.75 ms | v=12.241 bg=0.00108 ba=0.25274
[tight-lio] t=1317401256.594 corr=3244 lidar=ok rms=0.0473 time=79.27 ms | v=12.241 bg=0.00113 ba=0.25308
[tight-lio] t=1317401256.698 corr=3177 lidar=ok rms=0.0501 time=110.22 ms | v=12.228 bg=0.00113 ba=0.25238
[tight-lio] t=1317401256.802 corr=3204 lidar=ok rms=0.0450 time=79.13 ms | v=12.209 bg=0.00114 ba=0.25094
[tight-lio] t=1317401256.905 corr=3322 lidar=ok rms=0.0532 time=118.44 ms | v=12.199 bg=0.00107 ba=0.25125
[tight-lio] t=1317401257.009 corr=3337 lidar=ok rms=0.0518 time=125.71 ms | v=12.177 bg=0.00095 ba=0.25055
[tight-lio] t=1317401257.113 corr=3385 lidar=ok rms=0.0468 time=111.05 ms | v=12.152 bg=0.00092 ba=0.25031
[tight-lio] t=1317401257.217 corr=3266 lidar=ok rms=0.0435 time=113.40 ms | v=12.144 bg=0.00104 ba=0.25043
[tight-lio] t=1317401257.320 corr=3334 lidar=ok rms=0.0509 time=114.31 ms | v=12.139 bg=0.00112 ba=0.25041
[tight-lio] t=1317401257.424 corr=3268 lidar=ok rms=0.0542 time=108.98 ms | v=12.126 bg=0.00112 ba=0.25016
[tight-lio] t=1317401257.528 corr=3107 lidar=ok rms=0.0520 time=113.60 ms | v=12.090 bg=0.00104 ba=0.24892
[tight-lio] t=1317401257.632 corr=3081 lidar=ok rms=0.0468 time=111.14 ms | v=12.067 bg=0.00096 ba=0.24906
[tight-lio] t=1317401257.735 corr=3171 lidar=ok rms=0.0442 time=121.90 ms | v=12.036 bg=0.00093 ba=0.24822
[tight-lio] t=1317401257.839 corr=3122 lidar=ok rms=0.0422 time=112.33 ms | v=12.006 bg=0.00098 ba=0.24745
[tight-lio] t=1317401257.943 corr=2911 lidar=ok rms=0.0544 time=109.50 ms | v=11.985 bg=0.00113 ba=0.24621
[tight-lio] t=1317401258.047 corr=2972 lidar=ok rms=0.0461 time=110.87 ms | v=11.971 bg=0.00121 ba=0.24546
[tight-lio] t=1317401258.151 corr=2843 lidar=ok rms=0.0472 time=109.32 ms | v=11.955 bg=0.00115 ba=0.24623
[tight-lio] t=1317401258.255 corr=2698 lidar=ok rms=0.0441 time=105.06 ms | v=11.924 bg=0.00103 ba=0.24622
[tight-lio] t=1317401258.358 corr=2796 lidar=ok rms=0.0533 time=106.96 ms | v=11.884 bg=0.00096 ba=0.24504
[tight-lio] t=1317401258.462 corr=2723 lidar=ok rms=0.0502 time=106.48 ms | v=11.865 bg=0.00095 ba=0.24573
[tight-lio] t=1317401258.566 corr=2587 lidar=ok rms=0.0464 time=102.65 ms | v=11.838 bg=0.00100 ba=0.24548
[tight-lio] t=1317401258.670 corr=2587 lidar=ok rms=0.0450 time=75.63 ms | v=11.823 bg=0.00121 ba=0.24522
[tight-lio] t=1317401258.774 corr=2600 lidar=ok rms=0.0456 time=104.67 ms | v=11.797 bg=0.00107 ba=0.24519
[tight-lio] t=1317401258.877 corr=2615 lidar=ok rms=0.0498 time=75.90 ms | v=11.764 bg=0.00105 ba=0.24488
[tight-lio] t=1317401258.981 corr=2660 lidar=ok rms=0.0526 time=108.99 ms | v=11.731 bg=0.00111 ba=0.24363
[tight-lio] t=1317401259.085 corr=2674 lidar=ok rms=0.0479 time=104.87 ms | v=11.698 bg=0.00104 ba=0.24341
[tight-lio] t=1317401259.189 corr=2693 lidar=ok rms=0.0495 time=113.84 ms | v=11.657 bg=0.00082 ba=0.24356
[tight-lio] t=1317401259.292 corr=2793 lidar=ok rms=0.0458 time=106.80 ms | v=11.630 bg=0.00088 ba=0.24368
[tight-lio] t=1317401259.396 corr=2852 lidar=ok rms=0.0526 time=118.18 ms | v=11.593 bg=0.00108 ba=0.24219
[tight-lio] t=1317401259.500 corr=2880 lidar=ok rms=0.0429 time=108.94 ms | v=11.576 bg=0.00117 ba=0.24238
[tight-lio] t=1317401259.604 corr=2873 lidar=ok rms=0.0589 time=112.38 ms | v=11.538 bg=0.00119 ba=0.24186
[tight-lio] t=1317401259.708 corr=2888 lidar=ok rms=0.0424 time=107.96 ms | v=11.505 bg=0.00111 ba=0.24231
[tight-lio] t=1317401259.811 corr=2964 lidar=ok rms=0.0430 time=116.45 ms | v=11.450 bg=0.00101 ba=0.24163
[tight-lio] t=1317401259.915 corr=2879 lidar=ok rms=0.0521 time=110.09 ms | v=11.418 bg=0.00094 ba=0.24276
[tight-lio] t=1317401260.019 corr=2993 lidar=ok rms=0.0440 time=113.32 ms | v=11.361 bg=0.00098 ba=0.24108
[tight-lio] t=1317401260.123 corr=3072 lidar=ok rms=0.0487 time=115.08 ms | v=11.315 bg=0.00110 ba=0.24021
[tight-lio] t=1317401260.227 corr=3101 lidar=ok rms=0.0432 time=125.80 ms | v=11.274 bg=0.00112 ba=0.23970
[tight-lio] t=1317401260.331 corr=3100 lidar=ok rms=0.0429 time=114.26 ms | v=11.230 bg=0.00114 ba=0.23895
[tight-lio] t=1317401260.434 corr=3041 lidar=ok rms=0.0420 time=113.13 ms | v=11.190 bg=0.00107 ba=0.23914
[tight-lio] t=1317401260.538 corr=3181 lidar=ok rms=0.0410 time=120.42 ms | v=11.146 bg=0.00102 ba=0.23871
[tight-lio] t=1317401260.642 corr=3091 lidar=ok rms=0.0550 time=114.30 ms | v=11.096 bg=0.00105 ba=0.23845
[tight-lio] t=1317401260.746 corr=3259 lidar=ok rms=0.0391 time=119.28 ms | v=11.035 bg=0.00100 ba=0.23786
[tight-lio] t=1317401260.850 corr=3520 lidar=ok rms=0.0553 time=167.07 ms | v=10.955 bg=0.00097 ba=0.23699
[tight-lio] t=1317401260.953 corr=3715 lidar=ok rms=0.0456 time=129.32 ms | v=10.860 bg=0.00103 ba=0.23610
[tight-lio] t=1317401261.057 corr=3828 lidar=ok rms=0.0430 time=127.17 ms | v=10.746 bg=0.00106 ba=0.23576
[tight-lio] t=1317401261.161 corr=3851 lidar=ok rms=0.0376 time=131.70 ms | v=10.595 bg=0.00109 ba=0.23523
[tight-lio] t=1317401261.265 corr=3950 lidar=ok rms=0.0350 time=131.76 ms | v=10.412 bg=0.00107 ba=0.23422
[tight-lio] t=1317401261.369 corr=3991 lidar=ok rms=0.0376 time=130.55 ms | v=10.221 bg=0.00110 ba=0.23285
[tight-lio] t=1317401261.472 corr=4325 lidar=ok rms=0.0393 time=136.92 ms | v=10.020 bg=0.00108 ba=0.23226
[tight-lio] t=1317401261.576 corr=4232 lidar=ok rms=0.0347 time=95.82 ms | v=9.815 bg=0.00103 ba=0.23137
[tight-lio] t=1317401261.680 corr=4315 lidar=ok rms=0.0391 time=134.55 ms | v=9.616 bg=0.00098 ba=0.23023
[tight-lio] t=1317401261.784 corr=4431 lidar=ok rms=0.0494 time=99.94 ms | v=9.454 bg=0.00105 ba=0.22978
[tight-lio] t=1317401261.888 corr=4259 lidar=ok rms=0.0402 time=144.01 ms | v=9.301 bg=0.00119 ba=0.22901
[tight-lio] t=1317401261.991 corr=4206 lidar=ok rms=0.0404 time=138.25 ms | v=9.162 bg=0.00120 ba=0.22862
[tight-lio] t=1317401262.095 corr=4115 lidar=ok rms=0.0531 time=143.27 ms | v=9.010 bg=0.00090 ba=0.22756
[tight-lio] t=1317401262.199 corr=4241 lidar=ok rms=0.0512 time=144.77 ms | v=8.840 bg=0.00064 ba=0.22563
[tight-lio] t=1317401262.303 corr=4320 lidar=ok rms=0.0461 time=156.41 ms | v=8.676 bg=0.00075 ba=0.22262
[tight-lio] t=1317401262.407 corr=4469 lidar=ok rms=0.0469 time=154.40 ms | v=8.553 bg=0.00111 ba=0.22210
[tight-lio] t=1317401262.511 corr=4154 lidar=ok rms=0.0456 time=151.32 ms | v=8.428 bg=0.00137 ba=0.22269
[tight-lio] t=1317401262.615 corr=4134 lidar=ok rms=0.0406 time=147.48 ms | v=8.271 bg=0.00121 ba=0.22375
[tight-lio] t=1317401262.719 corr=4027 lidar=ok rms=0.0402 time=135.19 ms | v=8.083 bg=0.00119 ba=0.22388
[tight-lio] t=1317401262.823 corr=4000 lidar=ok rms=0.0420 time=137.61 ms | v=7.906 bg=0.00119 ba=0.22377
[tight-lio] t=1317401262.926 corr=3944 lidar=ok rms=0.0496 time=134.26 ms | v=7.700 bg=0.00128 ba=0.22197
[tight-lio] t=1317401263.030 corr=3954 lidar=ok rms=0.0433 time=129.27 ms | v=7.501 bg=0.00119 ba=0.22201
[tight-lio] t=1317401263.134 corr=3665 lidar=ok rms=0.0442 time=127.17 ms | v=7.271 bg=0.00116 ba=0.21995
[tight-lio] t=1317401263.238 corr=4204 lidar=ok rms=0.0440 time=139.83 ms | v=7.054 bg=0.00111 ba=0.21943
[tight-lio] t=1317401263.342 corr=4137 lidar=ok rms=0.0470 time=133.40 ms | v=6.812 bg=0.00103 ba=0.21807
[tight-lio] t=1317401263.446 corr=4318 lidar=ok rms=0.0499 time=131.83 ms | v=6.600 bg=0.00094 ba=0.21777
[tight-lio] t=1317401263.550 corr=4427 lidar=ok rms=0.0416 time=137.92 ms | v=6.392 bg=0.00096 ba=0.21616
[tight-lio] t=1317401263.654 corr=4290 lidar=ok rms=0.0465 time=129.36 ms | v=6.199 bg=0.00097 ba=0.21568
[tight-lio] t=1317401263.758 corr=3980 lidar=ok rms=0.0390 time=127.58 ms | v=5.987 bg=0.00100 ba=0.21418
[tight-lio] t=1317401263.862 corr=4186 lidar=ok rms=0.0507 time=128.28 ms | v=5.792 bg=0.00100 ba=0.21426
[tight-lio] t=1317401263.966 corr=4279 lidar=ok rms=0.0453 time=141.18 ms | v=5.569 bg=0.00094 ba=0.21281
[tight-lio] t=1317401264.070 corr=4532 lidar=ok rms=0.0370 time=131.60 ms | v=5.364 bg=0.00097 ba=0.21270
[tight-lio] t=1317401264.174 corr=4551 lidar=ok rms=0.0362 time=130.54 ms | v=5.165 bg=0.00105 ba=0.21302
[tight-lio] t=1317401264.278 corr=4689 lidar=ok rms=0.0445 time=132.41 ms | v=4.957 bg=0.00108 ba=0.21279
[tight-lio] t=1317401264.382 corr=4539 lidar=ok rms=0.0376 time=136.37 ms | v=4.740 bg=0.00099 ba=0.21189
[tight-lio] t=1317401264.486 corr=4637 lidar=ok rms=0.0411 time=90.90 ms | v=4.536 bg=0.00096 ba=0.21115
[tight-lio] t=1317401264.590 corr=4650 lidar=ok rms=0.0420 time=131.55 ms | v=4.335 bg=0.00092 ba=0.21150
[tight-lio] t=1317401264.694 corr=4553 lidar=ok rms=0.0555 time=132.60 ms | v=4.134 bg=0.00091 ba=0.21238
[tight-lio] t=1317401264.798 corr=4691 lidar=ok rms=0.0399 time=95.74 ms | v=3.917 bg=0.00091 ba=0.21212
[tight-lio] t=1317401264.902 corr=4617 lidar=ok rms=0.0450 time=133.27 ms | v=3.692 bg=0.00091 ba=0.21005
[tight-lio] t=1317401265.005 corr=4790 lidar=ok rms=0.0516 time=132.45 ms | v=3.506 bg=0.00093 ba=0.21005
[tight-lio] t=1317401265.109 corr=4719 lidar=ok rms=0.0471 time=133.84 ms | v=3.344 bg=0.00091 ba=0.21111
[tight-lio] t=1317401265.213 corr=4706 lidar=ok rms=0.0468 time=135.23 ms | v=3.178 bg=0.00091 ba=0.21106
[tight-lio] t=1317401265.317 corr=4734 lidar=ok rms=0.0505 time=139.94 ms | v=3.011 bg=0.00096 ba=0.21066
[tight-lio] t=1317401265.421 corr=4748 lidar=ok rms=0.0455 time=149.99 ms | v=2.870 bg=0.00098 ba=0.20831
[tight-lio] t=1317401265.524 corr=4605 lidar=ok rms=0.0539 time=147.84 ms | v=2.790 bg=0.00110 ba=0.20733
[tight-lio] t=1317401265.628 corr=4642 lidar=ok rms=0.0620 time=145.14 ms | v=2.745 bg=0.00124 ba=0.20798
[tight-lio] t=1317401265.732 corr=4786 lidar=ok rms=0.0663 time=204.78 ms | v=2.703 bg=0.00139 ba=0.20672
[tight-lio] t=1317401265.835 corr=4756 lidar=ok rms=0.0564 time=141.90 ms | v=2.682 bg=0.00142 ba=0.20705
[tight-lio] t=1317401265.939 corr=4714 lidar=ok rms=0.0639 time=143.07 ms | v=2.671 bg=0.00147 ba=0.20882
[tight-lio] t=1317401266.043 corr=4504 lidar=ok rms=0.0614 time=154.47 ms | v=2.646 bg=0.00155 ba=0.20983
[tight-lio] t=1317401266.146 corr=4462 lidar=ok rms=0.0688 time=138.05 ms | v=2.624 bg=0.00156 ba=0.20993
[tight-lio] t=1317401266.250 corr=4484 lidar=ok rms=0.0514 time=136.82 ms | v=2.602 bg=0.00154 ba=0.20824
[tight-lio] t=1317401266.354 corr=4618 lidar=ok rms=0.0554 time=149.28 ms | v=2.624 bg=0.00155 ba=0.20765
[tight-lio] t=1317401266.458 corr=4547 lidar=ok rms=0.0570 time=142.82 ms | v=2.708 bg=0.00161 ba=0.20817
[tight-lio] t=1317401266.561 corr=4514 lidar=ok rms=0.0569 time=155.36 ms | v=2.811 bg=0.00169 ba=0.20725
[tight-lio] t=1317401266.665 corr=4500 lidar=ok rms=0.0544 time=153.59 ms | v=2.939 bg=0.00175 ba=0.20801
[tight-lio] t=1317401266.769 corr=4471 lidar=ok rms=0.0606 time=147.77 ms | v=3.059 bg=0.00186 ba=0.20831
[tight-lio] t=1317401266.872 corr=4576 lidar=ok rms=0.0556 time=140.45 ms | v=3.163 bg=0.00195 ba=0.20606
[tight-lio] t=1317401266.976 corr=4616 lidar=ok rms=0.0621 time=167.48 ms | v=3.273 bg=0.00199 ba=0.20454
[tight-lio] t=1317401267.080 corr=4509 lidar=ok rms=0.0529 time=152.81 ms | v=3.415 bg=0.00212 ba=0.20455
[tight-lio] t=1317401267.184 corr=4443 lidar=ok rms=0.0511 time=136.96 ms | v=3.572 bg=0.00219 ba=0.20426
[tight-lio] t=1317401267.287 corr=4258 lidar=ok rms=0.0500 time=133.95 ms | v=3.754 bg=0.00225 ba=0.20370
[tight-lio] t=1317401267.391 corr=4467 lidar=ok rms=0.0453 time=152.20 ms | v=3.966 bg=0.00216 ba=0.20401
[tight-lio] t=1317401267.495 corr=4335 lidar=ok rms=0.0481 time=109.13 ms | v=4.172 bg=0.00209 ba=0.20342
[tight-lio] t=1317401267.599 corr=4289 lidar=ok rms=0.0443 time=138.25 ms | v=4.363 bg=0.00199 ba=0.20096
[tight-lio] t=1317401267.703 corr=4528 lidar=ok rms=0.0412 time=137.15 ms | v=4.570 bg=0.00182 ba=0.20046
[tight-lio] t=1317401267.807 corr=4490 lidar=ok rms=0.0487 time=151.13 ms | v=4.803 bg=0.00160 ba=0.19958
[tight-lio] t=1317401267.911 corr=4403 lidar=ok rms=0.0394 time=96.79 ms | v=5.050 bg=0.00150 ba=0.19914
[tight-lio] t=1317401268.015 corr=4419 lidar=ok rms=0.0443 time=165.51 ms | v=5.309 bg=0.00136 ba=0.19924
[tight-lio] t=1317401268.119 corr=4239 lidar=ok rms=0.0375 time=144.81 ms | v=5.565 bg=0.00145 ba=0.19925
[tight-lio] t=1317401268.223 corr=4500 lidar=ok rms=0.0464 time=140.25 ms | v=5.831 bg=0.00157 ba=0.19968
[tight-lio] t=1317401268.327 corr=4244 lidar=ok rms=0.0499 time=138.46 ms | v=6.108 bg=0.00164 ba=0.19851
[tight-lio] t=1317401268.431 corr=4349 lidar=ok rms=0.0433 time=136.80 ms | v=6.382 bg=0.00161 ba=0.19803
[tight-lio] t=1317401268.535 corr=4118 lidar=ok rms=0.0498 time=146.43 ms | v=6.646 bg=0.00134 ba=0.19727
[tight-lio] t=1317401268.639 corr=4176 lidar=ok rms=0.0535 time=136.65 ms | v=6.919 bg=0.00113 ba=0.19748
[tight-lio] t=1317401268.743 corr=4119 lidar=ok rms=0.0428 time=125.88 ms | v=7.184 bg=0.00107 ba=0.19627
[tight-lio] t=1317401268.847 corr=4055 lidar=ok rms=0.0528 time=136.82 ms | v=7.454 bg=0.00101 ba=0.19485
[tight-lio] t=1317401268.951 corr=3934 lidar=ok rms=0.0495 time=123.20 ms | v=7.737 bg=0.00117 ba=0.19492
[tight-lio] t=1317401269.055 corr=3726 lidar=ok rms=0.0517 time=127.45 ms | v=7.996 bg=0.00131 ba=0.19404
[tight-lio] t=1317401269.159 corr=3587 lidar=ok rms=0.0523 time=142.51 ms | v=8.208 bg=0.00121 ba=0.19105
[tight-lio] t=1317401269.263 corr=3336 lidar=ok rms=0.0494 time=116.47 ms | v=8.455 bg=0.00121 ba=0.19066
[tight-lio] t=1317401269.368 corr=3131 lidar=ok rms=0.0535 time=117.35 ms | v=8.698 bg=0.00114 ba=0.18897
[tight-lio] t=1317401269.472 corr=3225 lidar=ok rms=0.0569 time=109.46 ms | v=8.927 bg=0.00110 ba=0.18719
[tight-lio] t=1317401269.576 corr=3322 lidar=ok rms=0.0615 time=157.50 ms | v=9.167 bg=0.00088 ba=0.18626
[tight-lio] t=1317401269.680 corr=3474 lidar=ok rms=0.0551 time=120.07 ms | v=9.397 bg=0.00064 ba=0.18447
[tight-lio] t=1317401269.784 corr=3324 lidar=ok rms=0.0521 time=118.93 ms | v=9.624 bg=0.00057 ba=0.18145
[tight-lio] t=1317401269.888 corr=3446 lidar=ok rms=0.0445 time=120.75 ms | v=9.878 bg=0.00068 ba=0.17973
[tight-lio] t=1317401269.992 corr=3284 lidar=ok rms=0.0402 time=120.67 ms | v=10.116 bg=0.00096 ba=0.17784
[tight-lio] t=1317401270.096 corr=3129 lidar=ok rms=0.0623 time=118.00 ms | v=10.303 bg=0.00111 ba=0.17613
[tight-lio] t=1317401270.201 corr=3169 lidar=ok rms=0.0425 time=106.06 ms | v=10.406 bg=0.00100 ba=0.17389
[tight-lio] t=1317401270.305 corr=3048 lidar=ok rms=0.0475 time=103.64 ms | v=10.476 bg=0.00108 ba=0.17225
[tight-lio] t=1317401270.409 corr=3046 lidar=ok rms=0.0469 time=109.63 ms | v=10.497 bg=0.00128 ba=0.16967
[tight-lio] t=1317401270.513 corr=2930 lidar=ok rms=0.0372 time=108.50 ms | v=10.493 bg=0.00124 ba=0.16644
[tight-lio] t=1317401270.617 corr=2986 lidar=ok rms=0.0434 time=102.07 ms | v=10.459 bg=0.00119 ba=0.16165
[tight-lio] t=1317401270.722 corr=3024 lidar=ok rms=0.0454 time=102.14 ms | v=10.460 bg=0.00126 ba=0.15877
[tight-lio] t=1317401270.826 corr=3152 lidar=ok rms=0.0429 time=111.14 ms | v=10.458 bg=0.00134 ba=0.15568
[tight-lio] t=1317401270.930 corr=3117 lidar=ok rms=0.0367 time=102.26 ms | v=10.469 bg=0.00136 ba=0.15426
[tight-lio] t=1317401271.034 corr=3085 lidar=ok rms=0.0527 time=105.43 ms | v=10.452 bg=0.00129 ba=0.15102
[tight-lio] t=1317401271.138 corr=3015 lidar=ok rms=0.0367 time=100.77 ms | v=10.454 bg=0.00129 ba=0.15011
[tight-lio] t=1317401271.242 corr=3131 lidar=ok rms=0.0386 time=107.04 ms | v=10.434 bg=0.00130 ba=0.14709
[tight-lio] t=1317401271.346 corr=3247 lidar=ok rms=0.0631 time=107.95 ms | v=10.425 bg=0.00126 ba=0.14668
[tight-lio] t=1317401271.450 corr=3359 lidar=ok rms=0.0445 time=121.23 ms | v=10.386 bg=0.00124 ba=0.14452
[tight-lio] t=1317401271.554 corr=3350 lidar=ok rms=0.0342 time=104.84 ms | v=10.357 bg=0.00123 ba=0.14268
[tight-lio] t=1317401271.658 corr=3337 lidar=ok rms=0.0513 time=104.91 ms | v=10.333 bg=0.00128 ba=0.14027
[tight-lio] t=1317401271.762 corr=3331 lidar=ok rms=0.0394 time=110.98 ms | v=10.329 bg=0.00134 ba=0.13972
[tight-lio] t=1317401271.866 corr=3208 lidar=ok rms=0.0362 time=109.77 ms | v=10.303 bg=0.00134 ba=0.13813
[tight-lio] t=1317401271.970 corr=3184 lidar=ok rms=0.0314 time=104.74 ms | v=10.247 bg=0.00130 ba=0.13442
[tight-lio] t=1317401272.074 corr=3214 lidar=ok rms=0.0412 time=111.50 ms | v=10.204 bg=0.00119 ba=0.13286
[tight-lio] t=1317401272.178 corr=3190 lidar=ok rms=0.0433 time=103.67 ms | v=10.150 bg=0.00119 ba=0.13195
[tight-lio] t=1317401272.282 corr=3063 lidar=ok rms=0.0456 time=101.18 ms | v=10.084 bg=0.00122 ba=0.13066
[tight-lio] t=1317401272.386 corr=2940 lidar=ok rms=0.0444 time=71.93 ms | v=10.007 bg=0.00136 ba=0.13016
[tight-lio] t=1317401272.490 corr=2804 lidar=ok rms=0.0408 time=95.78 ms | v=9.893 bg=0.00136 ba=0.12875
[tight-lio] t=1317401272.593 corr=2911 lidar=ok rms=0.0512 time=102.94 ms | v=9.740 bg=0.00125 ba=0.12618
[tight-lio] t=1317401272.697 corr=2690 lidar=ok rms=0.0497 time=96.71 ms | v=9.601 bg=0.00117 ba=0.12523
[tight-lio] t=1317401272.801 corr=2706 lidar=ok rms=0.0410 time=111.04 ms | v=9.439 bg=0.00121 ba=0.12308
[tight-lio] t=1317401272.905 corr=2665 lidar=ok rms=0.0527 time=96.35 ms | v=9.288 bg=0.00123 ba=0.12193
[tight-lio] t=1317401273.009 corr=2501 lidar=ok rms=0.0354 time=93.90 ms | v=9.125 bg=0.00117 ba=0.12043
[tight-lio] t=1317401273.113 corr=2722 lidar=ok rms=0.0432 time=69.71 ms | v=8.951 bg=0.00109 ba=0.11896
[tight-lio] t=1317401273.217 corr=2671 lidar=ok rms=0.0442 time=98.71 ms | v=8.756 bg=0.00108 ba=0.11630
[tight-lio] t=1317401273.321 corr=2641 lidar=ok rms=0.0448 time=95.59 ms | v=8.582 bg=0.00119 ba=0.11471
[tight-lio] t=1317401273.425 corr=2509 lidar=ok rms=0.0475 time=97.12 ms | v=8.398 bg=0.00130 ba=0.11394
[tight-lio] t=1317401273.529 corr=2596 lidar=ok rms=0.0580 time=129.83 ms | v=8.198 bg=0.00139 ba=0.11275
[tight-lio] t=1317401273.633 corr=2525 lidar=ok rms=0.0511 time=65.64 ms | v=7.971 bg=0.00126 ba=0.11130
[tight-lio] t=1317401273.737 corr=2570 lidar=ok rms=0.0547 time=66.02 ms | v=7.728 bg=0.00113 ba=0.10996
[tight-lio] t=1317401273.841 corr=2557 lidar=ok rms=0.0512 time=93.47 ms | v=7.472 bg=0.00108 ba=0.10774
[tight-lio] t=1317401273.945 corr=2815 lidar=ok rms=0.0478 time=69.85 ms | v=7.215 bg=0.00107 ba=0.10550
[tight-lio] t=1317401274.048 corr=2739 lidar=ok rms=0.0419 time=96.79 ms | v=6.960 bg=0.00113 ba=0.10416
[tight-lio] t=1317401274.152 corr=2803 lidar=ok rms=0.0523 time=97.94 ms | v=6.698 bg=0.00127 ba=0.10313
[tight-lio] t=1317401274.257 corr=2786 lidar=ok rms=0.0508 time=98.22 ms | v=6.418 bg=0.00149 ba=0.10116
[tight-lio] t=1317401274.361 corr=2690 lidar=ok rms=0.0464 time=98.83 ms | v=6.126 bg=0.00172 ba=0.09961
[tight-lio] t=1317401274.465 corr=2711 lidar=ok rms=0.0514 time=100.06 ms | v=5.833 bg=0.00194 ba=0.09962
[tight-lio] t=1317401274.569 corr=2932 lidar=ok rms=0.0600 time=99.05 ms | v=5.534 bg=0.00219 ba=0.09911
[tight-lio] t=1317401274.674 corr=2798 lidar=ok rms=0.0547 time=98.46 ms | v=5.253 bg=0.00245 ba=0.10034
[tight-lio] t=1317401274.778 corr=2910 lidar=ok rms=0.0745 time=99.06 ms | v=4.984 bg=0.00268 ba=0.09989
[tight-lio] t=1317401274.882 corr=2924 lidar=ok rms=0.0683 time=101.19 ms | v=4.760 bg=0.00300 ba=0.09971
[tight-lio] t=1317401274.987 corr=2885 lidar=ok rms=0.0554 time=98.06 ms | v=4.571 bg=0.00325 ba=0.10158
[tight-lio] t=1317401275.091 corr=2928 lidar=ok rms=0.0801 time=100.18 ms | v=4.362 bg=0.00326 ba=0.10197
[tight-lio] t=1317401275.195 corr=2772 lidar=ok rms=0.0721 time=104.46 ms | v=4.204 bg=0.00333 ba=0.10620
[tight-lio] t=1317401275.300 corr=2905 lidar=ok rms=0.0527 time=102.46 ms | v=4.024 bg=0.00348 ba=0.10717
[tight-lio] t=1317401275.404 corr=2916 lidar=ok rms=0.0589 time=105.79 ms | v=3.878 bg=0.00359 ba=0.10821
[tight-lio] t=1317401275.508 corr=2803 lidar=ok rms=0.0534 time=94.69 ms | v=3.779 bg=0.00356 ba=0.10934
[tight-lio] t=1317401275.613 corr=2866 lidar=ok rms=0.0564 time=102.83 ms | v=3.682 bg=0.00349 ba=0.11139
[tight-lio] t=1317401275.717 corr=2854 lidar=ok rms=0.0622 time=99.93 ms | v=3.536 bg=0.00337 ba=0.11032
[tight-lio] t=1317401275.821 corr=2783 lidar=ok rms=0.0706 time=99.16 ms | v=3.405 bg=0.00328 ba=0.11135
[tight-lio] t=1317401275.925 corr=2788 lidar=ok rms=0.0582 time=96.97 ms | v=3.265 bg=0.00322 ba=0.11076
[tight-lio] t=1317401276.030 corr=2660 lidar=ok rms=0.0502 time=105.13 ms | v=3.109 bg=0.00318 ba=0.10976
[tight-lio] t=1317401276.134 corr=2739 lidar=ok rms=0.0530 time=100.13 ms | v=2.947 bg=0.00310 ba=0.11097
[tight-lio] t=1317401276.238 corr=2518 lidar=ok rms=0.0482 time=101.95 ms | v=2.768 bg=0.00285 ba=0.11055
[tight-lio] t=1317401276.342 corr=2708 lidar=ok rms=0.0462 time=77.57 ms | v=2.573 bg=0.00263 ba=0.10956
[tight-lio] t=1317401276.446 corr=2808 lidar=ok rms=0.0559 time=110.47 ms | v=2.356 bg=0.00247 ba=0.10870
[tight-lio] t=1317401276.550 corr=2657 lidar=ok rms=0.0536 time=102.81 ms | v=2.143 bg=0.00229 ba=0.10868
[tight-lio] t=1317401276.654 corr=2586 lidar=ok rms=0.0557 time=100.69 ms | v=1.924 bg=0.00208 ba=0.10731
[tight-lio] t=1317401276.758 corr=2709 lidar=ok rms=0.0609 time=101.42 ms | v=1.785 bg=0.00200 ba=0.10708
[tight-lio] t=1317401276.862 corr=2702 lidar=ok rms=0.0436 time=94.87 ms | v=1.693 bg=0.00199 ba=0.10716
[tight-lio] t=1317401276.965 corr=2635 lidar=ok rms=0.0415 time=98.58 ms | v=1.677 bg=0.00196 ba=0.10850
[tight-lio] t=1317401277.069 corr=2507 lidar=ok rms=0.0402 time=94.52 ms | v=1.694 bg=0.00200 ba=0.10922
[tight-lio] t=1317401277.173 corr=2414 lidar=ok rms=0.0405 time=96.42 ms | v=1.717 bg=0.00199 ba=0.10898
[tight-lio] t=1317401277.277 corr=2518 lidar=ok rms=0.0625 time=96.09 ms | v=1.724 bg=0.00194 ba=0.11022
[tight-lio] t=1317401277.381 corr=2458 lidar=ok rms=0.0648 time=92.87 ms | v=1.734 bg=0.00194 ba=0.11270
[tight-lio] t=1317401277.485 corr=2612 lidar=ok rms=0.0402 time=95.52 ms | v=1.708 bg=0.00186 ba=0.11357
[tight-lio] t=1317401277.589 corr=2586 lidar=ok rms=0.0473 time=98.13 ms | v=1.688 bg=0.00183 ba=0.11349
[tight-lio] t=1317401277.693 corr=2585 lidar=ok rms=0.0499 time=93.94 ms | v=1.707 bg=0.00184 ba=0.11465
[tight-lio] t=1317401277.797 corr=2654 lidar=ok rms=0.0569 time=95.42 ms | v=1.746 bg=0.00187 ba=0.11499
[tight-lio] t=1317401277.901 corr=2546 lidar=ok rms=0.0420 time=95.01 ms | v=1.757 bg=0.00176 ba=0.11572
[tight-lio] t=1317401278.005 corr=2569 lidar=ok rms=0.0485 time=96.66 ms | v=1.756 bg=0.00165 ba=0.11646
[tight-lio] t=1317401278.109 corr=2742 lidar=ok rms=0.0516 time=104.71 ms | v=1.757 bg=0.00158 ba=0.11675
[tight-lio] t=1317401278.213 corr=2573 lidar=ok rms=0.0618 time=97.07 ms | v=1.760 bg=0.00152 ba=0.11627
[tight-lio] t=1317401278.317 corr=2447 lidar=ok rms=0.0443 time=94.98 ms | v=1.771 bg=0.00152 ba=0.11581
[tight-lio] t=1317401278.421 corr=2432 lidar=ok rms=0.0447 time=91.05 ms | v=1.811 bg=0.00151 ba=0.11687
[tight-lio] t=1317401278.524 corr=2415 lidar=ok rms=0.0623 time=92.87 ms | v=1.817 bg=0.00146 ba=0.11822
[tight-lio] t=1317401278.628 corr=2392 lidar=ok rms=0.0921 time=95.45 ms | v=1.791 bg=0.00134 ba=0.11780
[tight-lio] t=1317401278.732 corr=2379 lidar=ok rms=0.0572 time=94.31 ms | v=1.809 bg=0.00138 ba=0.11926
[tight-lio] t=1317401278.836 corr=2412 lidar=ok rms=0.0499 time=93.24 ms | v=1.816 bg=0.00129 ba=0.11903
[tight-lio] t=1317401278.940 corr=2391 lidar=ok rms=0.0641 time=98.90 ms | v=1.847 bg=0.00119 ba=0.11990
[tight-lio] t=1317401279.044 corr=2275 lidar=ok rms=0.0593 time=92.58 ms | v=1.869 bg=0.00109 ba=0.12093
[tight-lio] t=1317401279.147 corr=2251 lidar=ok rms=0.0768 time=98.69 ms | v=1.870 bg=0.00093 ba=0.12118
[tight-lio] t=1317401279.251 corr=2242 lidar=ok rms=0.0953 time=100.37 ms | v=1.867 bg=0.00085 ba=0.12100
[tight-lio] t=1317401279.355 corr=2305 lidar=ok rms=0.0626 time=97.78 ms | v=1.870 bg=0.00083 ba=0.12102
[tight-lio] t=1317401279.459 corr=2510 lidar=ok rms=0.0530 time=98.59 ms | v=1.847 bg=0.00086 ba=0.11984
[tight-lio] t=1317401279.563 corr=2355 lidar=ok rms=0.0603 time=103.80 ms | v=1.848 bg=0.00091 ba=0.11877
[tight-lio] t=1317401279.666 corr=2174 lidar=ok rms=0.0624 time=96.28 ms | v=1.856 bg=0.00099 ba=0.11713
[tight-lio] t=1317401279.770 corr=2177 lidar=ok rms=0.0570 time=98.24 ms | v=1.858 bg=0.00091 ba=0.11757
[tight-lio] t=1317401279.874 corr=2171 lidar=ok rms=0.0543 time=90.65 ms | v=1.888 bg=0.00081 ba=0.11906
[tight-lio] t=1317401279.978 corr=2193 lidar=ok rms=0.0439 time=87.77 ms | v=1.926 bg=0.00072 ba=0.11979
[tight-lio] t=1317401280.082 corr=2025 lidar=ok rms=0.0430 time=133.26 ms | v=2.029 bg=0.00059 ba=0.12116
[tight-lio] t=1317401280.185 corr=1954 lidar=ok rms=0.0580 time=84.92 ms | v=2.184 bg=0.00053 ba=0.12228
[tight-lio] t=1317401280.289 corr=1841 lidar=ok rms=0.0471 time=83.65 ms | v=2.350 bg=0.00041 ba=0.12285
[tight-lio] t=1317401280.393 corr=1971 lidar=ok rms=0.0545 time=87.56 ms | v=2.544 bg=0.00045 ba=0.12394
[tight-lio] t=1317401280.497 corr=1964 lidar=ok rms=0.0516 time=82.88 ms | v=2.720 bg=0.00059 ba=0.12484
[tight-lio] t=1317401280.600 corr=1967 lidar=ok rms=0.0511 time=83.35 ms | v=2.870 bg=0.00064 ba=0.12589
[tight-lio] t=1317401280.704 corr=1837 lidar=ok rms=0.0543 time=81.00 ms | v=2.991 bg=0.00062 ba=0.12678
[tight-lio] t=1317401280.808 corr=1758 lidar=ok rms=0.0568 time=80.14 ms | v=3.086 bg=0.00061 ba=0.12744
[tight-lio] t=1317401280.912 corr=1740 lidar=ok rms=0.0667 time=85.92 ms | v=3.154 bg=0.00063 ba=0.12650
[tight-lio] t=1317401281.016 corr=1701 lidar=ok rms=0.0645 time=78.07 ms | v=3.228 bg=0.00065 ba=0.12713
[tight-lio] t=1317401281.119 corr=1729 lidar=ok rms=0.0693 time=86.75 ms | v=3.275 bg=0.00064 ba=0.12617
[tight-lio] t=1317401281.223 corr=1563 lidar=ok rms=0.0523 time=79.52 ms | v=3.321 bg=0.00066 ba=0.12625
[tight-lio] t=1317401281.327 corr=1767 lidar=ok rms=0.0712 time=77.86 ms | v=3.374 bg=0.00060 ba=0.12630
[tight-lio] t=1317401281.431 corr=1593 lidar=ok rms=0.0435 time=77.96 ms | v=3.429 bg=0.00058 ba=0.12576
[tight-lio] t=1317401281.535 corr=1432 lidar=ok rms=0.0399 time=67.18 ms | v=3.492 bg=0.00061 ba=0.12539
[tight-lio] t=1317401281.639 corr=1461 lidar=ok rms=0.0513 time=77.15 ms | v=3.570 bg=0.00064 ba=0.12625
[tight-lio] t=1317401281.743 corr=1556 lidar=ok rms=0.0514 time=73.24 ms | v=3.625 bg=0.00064 ba=0.12613
[tight-lio] t=1317401281.847 corr=1395 lidar=ok rms=0.0521 time=66.75 ms | v=3.659 bg=0.00067 ba=0.12572
[tight-lio] t=1317401281.951 corr=1595 lidar=ok rms=0.0599 time=67.74 ms | v=3.686 bg=0.00070 ba=0.12480
[tight-lio] t=1317401282.055 corr=1339 lidar=ok rms=0.0599 time=66.67 ms | v=3.701 bg=0.00067 ba=0.12439
[tight-lio] t=1317401282.158 corr=1262 lidar=ok rms=0.0777 time=67.60 ms | v=3.735 bg=0.00069 ba=0.12480
[tight-lio] t=1317401282.262 corr=1316 lidar=ok rms=0.0699 time=67.19 ms | v=3.753 bg=0.00066 ba=0.12477
[tight-lio] t=1317401282.366 corr=1198 lidar=ok rms=0.0572 time=61.70 ms | v=3.763 bg=0.00064 ba=0.12533
[tight-lio] t=1317401282.470 corr=1160 lidar=ok rms=0.0610 time=63.26 ms | v=3.786 bg=0.00063 ba=0.12600
[tight-lio] t=1317401282.574 corr=1346 lidar=ok rms=0.0588 time=67.06 ms | v=3.816 bg=0.00067 ba=0.12694
[tight-lio] t=1317401282.678 corr=1190 lidar=ok rms=0.0562 time=73.34 ms | v=3.878 bg=0.00066 ba=0.12653
[tight-lio] t=1317401282.782 corr=1187 lidar=ok rms=0.0675 time=60.20 ms | v=3.957 bg=0.00065 ba=0.12617
[tight-lio] t=1317401282.886 corr=1220 lidar=ok rms=0.0643 time=46.70 ms | v=4.053 bg=0.00067 ba=0.12658
[tight-lio] t=1317401282.990 corr=1247 lidar=ok rms=0.0680 time=66.64 ms | v=4.158 bg=0.00060 ba=0.12751
[tight-lio] t=1317401283.094 corr=1191 lidar=ok rms=0.0516 time=59.52 ms | v=4.271 bg=0.00059 ba=0.12834
[tight-lio] t=1317401283.198 corr=1120 lidar=ok rms=0.0576 time=64.01 ms | v=4.402 bg=0.00066 ba=0.12922
[tight-lio] t=1317401283.302 corr=1121 lidar=ok rms=0.0775 time=63.03 ms | v=4.528 bg=0.00063 ba=0.13019
[tight-lio] t=1317401283.406 corr=1090 lidar=ok rms=0.0607 time=63.08 ms | v=4.641 bg=0.00070 ba=0.13085
[tight-lio] t=1317401283.509 corr=1119 lidar=ok rms=0.0737 time=58.26 ms | v=4.754 bg=0.00077 ba=0.13046
[tight-lio] t=1317401283.613 corr=1107 lidar=ok rms=0.0910 time=63.97 ms | v=4.864 bg=0.00093 ba=0.12929
[tight-lio] t=1317401283.717 corr=1114 lidar=ok rms=0.0612 time=61.75 ms | v=4.959 bg=0.00123 ba=0.12729
[tight-lio] t=1317401283.820 corr=1270 lidar=ok rms=0.0868 time=61.72 ms | v=5.096 bg=0.00141 ba=0.12867
[tight-lio] t=1317401283.924 corr=1313 lidar=ok rms=0.0778 time=61.59 ms | v=5.190 bg=0.00145 ba=0.12459
[tight-lio] t=1317401284.028 corr=1161 lidar=ok rms=0.0558 time=67.00 ms | v=5.340 bg=0.00143 ba=0.12505
[tight-lio] t=1317401284.132 corr=1025 lidar=ok rms=0.0642 time=69.53 ms | v=5.461 bg=0.00130 ba=0.12395
[tight-lio] t=1317401284.236 corr=1142 lidar=ok rms=0.0909 time=62.17 ms | v=5.576 bg=0.00111 ba=0.12275
[tight-lio] t=1317401284.340 corr=1092 lidar=ok rms=0.0695 time=63.46 ms | v=5.700 bg=0.00072 ba=0.12217
[tight-lio] t=1317401284.444 corr=1058 lidar=ok rms=0.0624 time=62.43 ms | v=5.810 bg=0.00041 ba=0.12090
[tight-lio] t=1317401284.548 corr=1074 lidar=ok rms=0.0720 time=64.88 ms | v=5.953 bg=0.00035 ba=0.12173
[tight-lio] t=1317401284.652 corr=1069 lidar=ok rms=0.0586 time=62.28 ms | v=6.074 bg=0.00057 ba=0.12115
[tight-lio] t=1317401284.756 corr=945 lidar=ok rms=0.0773 time=61.72 ms | v=6.189 bg=0.00082 ba=0.11978
[tight-lio] t=1317401284.860 corr=956 lidar=ok rms=0.0678 time=59.93 ms | v=6.314 bg=0.00100 ba=0.12048
[tight-lio] t=1317401284.964 corr=959 lidar=ok rms=0.0677 time=56.92 ms | v=6.432 bg=0.00103 ba=0.12222
[tight-lio] t=1317401285.068 corr=970 lidar=ok rms=0.0670 time=58.73 ms | v=6.508 bg=0.00091 ba=0.12295
[tight-lio] t=1317401285.172 corr=990 lidar=ok rms=0.0707 time=61.25 ms | v=6.592 bg=0.00077 ba=0.12424
[tight-lio] t=1317401285.276 corr=1026 lidar=ok rms=0.0551 time=59.22 ms | v=6.680 bg=0.00072 ba=0.12489
[tight-lio] t=1317401285.380 corr=1028 lidar=ok rms=0.0758 time=59.19 ms | v=6.785 bg=0.00068 ba=0.12495
[tight-lio] t=1317401285.484 corr=1156 lidar=ok rms=0.0555 time=65.95 ms | v=6.874 bg=0.00073 ba=0.12665
[tight-lio] t=1317401285.588 corr=993 lidar=ok rms=0.0702 time=65.31 ms | v=6.941 bg=0.00079 ba=0.12782
[tight-lio] t=1317401285.692 corr=872 lidar=ok rms=0.0704 time=57.84 ms | v=6.968 bg=0.00076 ba=0.12791
[tight-lio] t=1317401285.796 corr=973 lidar=ok rms=0.0655 time=57.60 ms | v=6.970 bg=0.00071 ba=0.12742
[tight-lio] t=1317401285.900 corr=1000 lidar=ok rms=0.0577 time=56.53 ms | v=6.987 bg=0.00069 ba=0.12681
[tight-lio] t=1317401286.004 corr=928 lidar=ok rms=0.0588 time=58.85 ms | v=7.017 bg=0.00081 ba=0.12707
[tight-lio] t=1317401286.108 corr=962 lidar=ok rms=0.0523 time=60.81 ms | v=7.021 bg=0.00081 ba=0.12602
[tight-lio] t=1317401286.212 corr=905 lidar=ok rms=0.0670 time=57.50 ms | v=7.013 bg=0.00067 ba=0.12549
[tight-lio] t=1317401286.316 corr=967 lidar=ok rms=0.0713 time=58.29 ms | v=6.997 bg=0.00048 ba=0.12554
[tight-lio] t=1317401286.419 corr=936 lidar=ok rms=0.0717 time=55.94 ms | v=6.996 bg=0.00053 ba=0.12586
[tight-lio] t=1317401286.523 corr=952 lidar=ok rms=0.0845 time=56.29 ms | v=6.982 bg=0.00057 ba=0.12498
[tight-lio] t=1317401286.627 corr=877 lidar=ok rms=0.0572 time=55.93 ms | v=6.978 bg=0.00076 ba=0.12437
[tight-lio] t=1317401286.731 corr=995 lidar=ok rms=0.0501 time=40.90 ms | v=6.960 bg=0.00073 ba=0.12367
[tight-lio] t=1317401286.835 corr=916 lidar=ok rms=0.0546 time=55.98 ms | v=6.925 bg=0.00063 ba=0.12240
[tight-lio] t=1317401286.939 corr=897 lidar=ok rms=0.0663 time=55.67 ms | v=6.909 bg=0.00067 ba=0.12243
[tight-lio] t=1317401287.043 corr=959 lidar=ok rms=0.0662 time=56.91 ms | v=6.882 bg=0.00067 ba=0.12073
[tight-lio] t=1317401287.146 corr=924 lidar=ok rms=0.0562 time=56.32 ms | v=6.873 bg=0.00076 ba=0.12055
[tight-lio] t=1317401287.250 corr=871 lidar=ok rms=0.0532 time=55.27 ms | v=6.857 bg=0.00080 ba=0.12025
[tight-lio] t=1317401287.354 corr=1015 lidar=ok rms=0.0632 time=56.98 ms | v=6.828 bg=0.00066 ba=0.11936
[tight-lio] t=1317401287.458 corr=972 lidar=ok rms=0.0579 time=57.47 ms | v=6.803 bg=0.00060 ba=0.11903
[tight-lio] t=1317401287.562 corr=1017 lidar=ok rms=0.0472 time=56.81 ms | v=6.774 bg=0.00052 ba=0.11911
[tight-lio] t=1317401287.666 corr=1074 lidar=ok rms=0.0609 time=58.10 ms | v=6.742 bg=0.00047 ba=0.11861
[tight-lio] t=1317401287.770 corr=1040 lidar=ok rms=0.0560 time=57.93 ms | v=6.727 bg=0.00047 ba=0.11778
[tight-lio] t=1317401287.874 corr=1038 lidar=ok rms=0.0589 time=57.88 ms | v=6.716 bg=0.00059 ba=0.11740
[tight-lio] t=1317401287.978 corr=899 lidar=ok rms=0.0610 time=59.82 ms | v=6.695 bg=0.00077 ba=0.11735
[tight-lio] t=1317401288.082 corr=863 lidar=ok rms=0.0767 time=57.36 ms | v=6.666 bg=0.00076 ba=0.11694
[tight-lio] t=1317401288.185 corr=939 lidar=ok rms=0.0514 time=58.95 ms | v=6.638 bg=0.00063 ba=0.11588
[tight-lio] t=1317401288.289 corr=975 lidar=ok rms=0.0625 time=59.79 ms | v=6.623 bg=0.00054 ba=0.11539
[tight-lio] t=1317401288.393 corr=999 lidar=ok rms=0.0510 time=59.88 ms | v=6.634 bg=0.00069 ba=0.11649
[tight-lio] t=1317401288.497 corr=1011 lidar=ok rms=0.0555 time=59.06 ms | v=6.637 bg=0.00089 ba=0.11654
[tight-lio] t=1317401288.601 corr=1038 lidar=ok rms=0.0764 time=45.84 ms | v=6.646 bg=0.00093 ba=0.11724
[tight-lio] t=1317401288.705 corr=1004 lidar=ok rms=0.0873 time=42.09 ms | v=6.650 bg=0.00094 ba=0.11771
[tight-lio] t=1317401288.809 corr=1070 lidar=ok rms=0.0508 time=58.81 ms | v=6.646 bg=0.00088 ba=0.11770
[tight-lio] t=1317401288.913 corr=1028 lidar=ok rms=0.0565 time=59.43 ms | v=6.624 bg=0.00071 ba=0.11722
[tight-lio] t=1317401289.017 corr=1034 lidar=ok rms=0.0710 time=41.74 ms | v=6.604 bg=0.00066 ba=0.11718
[tight-lio] t=1317401289.121 corr=1043 lidar=ok rms=0.0948 time=41.55 ms | v=6.593 bg=0.00065 ba=0.11625
[tight-lio] t=1317401289.225 corr=1029 lidar=ok rms=0.0625 time=57.35 ms | v=6.578 bg=0.00071 ba=0.11534
[tight-lio] t=1317401289.329 corr=1057 lidar=ok rms=0.0518 time=57.28 ms | v=6.590 bg=0.00080 ba=0.11572
[tight-lio] t=1317401289.433 corr=1023 lidar=ok rms=0.0501 time=54.00 ms | v=6.586 bg=0.00082 ba=0.11517
[tight-lio] t=1317401289.537 corr=959 lidar=ok rms=0.0589 time=55.35 ms | v=6.579 bg=0.00071 ba=0.11624
[tight-lio] t=1317401289.641 corr=1019 lidar=ok rms=0.0487 time=54.36 ms | v=6.563 bg=0.00076 ba=0.11508
[tight-lio] t=1317401289.745 corr=988 lidar=ok rms=0.0536 time=50.70 ms | v=6.547 bg=0.00073 ba=0.11397
[tight-lio] t=1317401289.849 corr=1066 lidar=ok rms=0.0562 time=55.14 ms | v=6.541 bg=0.00067 ba=0.11341
[tight-lio] t=1317401289.953 corr=1106 lidar=ok rms=0.0628 time=55.77 ms | v=6.528 bg=0.00064 ba=0.11314
[tight-lio] t=1317401290.057 corr=1072 lidar=ok rms=0.0421 time=54.32 ms | v=6.520 bg=0.00071 ba=0.11305
[tight-lio] t=1317401290.161 corr=1029 lidar=ok rms=0.0682 time=53.80 ms | v=6.545 bg=0.00078 ba=0.11428
[tight-lio] t=1317401290.265 corr=1105 lidar=ok rms=0.0691 time=54.63 ms | v=6.533 bg=0.00077 ba=0.11417
[tight-lio] t=1317401290.369 corr=1017 lidar=ok rms=0.0768 time=53.83 ms | v=6.527 bg=0.00075 ba=0.11412
[tight-lio] t=1317401290.473 corr=974 lidar=ok rms=0.0762 time=50.69 ms | v=6.530 bg=0.00071 ba=0.11458
[tight-lio] t=1317401290.577 corr=1004 lidar=ok rms=0.0798 time=55.74 ms | v=6.530 bg=0.00081 ba=0.11330
[tight-lio] t=1317401290.681 corr=927 lidar=ok rms=0.0567 time=38.22 ms | v=6.534 bg=0.00078 ba=0.11318
[tight-lio] t=1317401290.784 corr=891 lidar=ok rms=0.0616 time=37.03 ms | v=6.525 bg=0.00076 ba=0.11318
[tight-lio] t=1317401290.888 corr=878 lidar=ok rms=0.0660 time=37.75 ms | v=6.517 bg=0.00063 ba=0.11374
[tight-lio] t=1317401290.992 corr=805 lidar=ok rms=0.0656 time=38.13 ms | v=6.502 bg=0.00047 ba=0.11379
[tight-lio] t=1317401291.096 corr=897 lidar=ok rms=0.0681 time=51.80 ms | v=6.517 bg=0.00059 ba=0.11503
[tight-lio] t=1317401291.200 corr=757 lidar=ok rms=0.0680 time=49.74 ms | v=6.521 bg=0.00080 ba=0.11364
[tight-lio] t=1317401291.304 corr=845 lidar=ok rms=0.0546 time=50.76 ms | v=6.536 bg=0.00096 ba=0.11355
[tight-lio] t=1317401291.408 corr=886 lidar=ok rms=0.0643 time=51.83 ms | v=6.543 bg=0.00104 ba=0.11363
[tight-lio] t=1317401291.512 corr=887 lidar=ok rms=0.0490 time=51.37 ms | v=6.535 bg=0.00099 ba=0.11338
[tight-lio] t=1317401291.616 corr=888 lidar=ok rms=0.0472 time=50.54 ms | v=6.511 bg=0.00083 ba=0.11267
[tight-lio] t=1317401291.720 corr=879 lidar=ok rms=0.0746 time=50.36 ms | v=6.492 bg=0.00069 ba=0.11172
[tight-lio] t=1317401291.824 corr=784 lidar=ok rms=0.0716 time=35.28 ms | v=6.489 bg=0.00061 ba=0.11187
[tight-lio] t=1317401291.927 corr=883 lidar=ok rms=0.0994 time=51.33 ms | v=6.491 bg=0.00063 ba=0.11178
[tight-lio] t=1317401292.031 corr=719 lidar=ok rms=0.0535 time=51.54 ms | v=6.506 bg=0.00087 ba=0.11129
[tight-lio] t=1317401292.135 corr=679 lidar=ok rms=0.0541 time=46.59 ms | v=6.517 bg=0.00103 ba=0.11056
[tight-lio] t=1317401292.239 corr=747 lidar=ok rms=0.0614 time=36.26 ms | v=6.511 bg=0.00092 ba=0.11057
[tight-lio] t=1317401292.343 corr=920 lidar=ok rms=0.0651 time=49.76 ms | v=6.481 bg=0.00070 ba=0.11007
[tight-lio] t=1317401292.447 corr=881 lidar=ok rms=0.0721 time=49.82 ms | v=6.482 bg=0.00058 ba=0.11002
[tight-lio] t=1317401292.551 corr=930 lidar=ok rms=0.0463 time=50.20 ms | v=6.487 bg=0.00061 ba=0.10966
[tight-lio] t=1317401292.655 corr=898 lidar=ok rms=0.0660 time=37.21 ms | v=6.498 bg=0.00081 ba=0.10957
[tight-lio] t=1317401292.759 corr=940 lidar=ok rms=0.0548 time=37.16 ms | v=6.516 bg=0.00089 ba=0.11029
[tight-lio] t=1317401292.863 corr=1102 lidar=ok rms=0.0640 time=53.51 ms | v=6.500 bg=0.00069 ba=0.11026
[tight-lio] t=1317401292.967 corr=979 lidar=ok rms=0.0397 time=51.10 ms | v=6.507 bg=0.00063 ba=0.11081
[tight-lio] t=1317401293.071 corr=915 lidar=ok rms=0.0670 time=48.94 ms | v=6.519 bg=0.00060 ba=0.11182
[tight-lio] t=1317401293.175 corr=940 lidar=ok rms=0.0911 time=51.26 ms | v=6.526 bg=0.00066 ba=0.11274
[tight-lio] t=1317401293.279 corr=865 lidar=ok rms=0.0526 time=49.06 ms | v=6.522 bg=0.00070 ba=0.11205
[tight-lio] t=1317401293.383 corr=871 lidar=ok rms=0.0483 time=35.62 ms | v=6.510 bg=0.00060 ba=0.11186
[tight-lio] t=1317401293.487 corr=862 lidar=ok rms=0.0992 time=50.56 ms | v=6.500 bg=0.00064 ba=0.11082
[tight-lio] t=1317401293.591 corr=685 lidar=ok rms=0.0560 time=50.66 ms | v=6.518 bg=0.00092 ba=0.10981
[tight-lio] t=1317401293.695 corr=747 lidar=ok rms=0.0738 time=37.40 ms | v=6.559 bg=0.00116 ba=0.11125
[tight-lio] t=1317401293.798 corr=811 lidar=ok rms=0.0573 time=52.95 ms | v=6.558 bg=0.00117 ba=0.11097
[tight-lio] t=1317401293.902 corr=796 lidar=ok rms=0.0990 time=53.48 ms | v=6.544 bg=0.00094 ba=0.11102
[tight-lio] t=1317401294.006 corr=818 lidar=ok rms=0.0853 time=56.07 ms | v=6.531 bg=0.00068 ba=0.11089
[tight-lio] t=1317401294.110 corr=773 lidar=ok rms=0.1006 time=52.98 ms | v=6.542 bg=0.00081 ba=0.11039
[tight-lio] t=1317401294.214 corr=753 lidar=ok rms=0.0758 time=53.14 ms | v=6.563 bg=0.00097 ba=0.11059
[tight-lio] t=1317401294.318 corr=766 lidar=ok rms=0.0863 time=56.13 ms | v=6.576 bg=0.00114 ba=0.11003
[tight-lio] t=1317401294.422 corr=918 lidar=ok rms=0.0647 time=54.13 ms | v=6.584 bg=0.00103 ba=0.11030
[tight-lio] t=1317401294.526 corr=832 lidar=ok rms=0.0682 time=54.36 ms | v=6.544 bg=0.00071 ba=0.10985
[tight-lio] t=1317401294.630 corr=783 lidar=ok rms=0.0710 time=51.67 ms | v=6.519 bg=0.00058 ba=0.10979
[tight-lio] t=1317401294.734 corr=599 lidar=ok rms=0.0718 time=48.19 ms | v=6.512 bg=0.00067 ba=0.10941
[tight-lio] t=1317401294.838 corr=608 lidar=ok rms=0.0968 time=49.94 ms | v=6.521 bg=0.00084 ba=0.10917
[tight-lio] t=1317401294.942 corr=588 lidar=ok rms=0.1044 time=48.11 ms | v=6.533 bg=0.00112 ba=0.11040
[tight-lio] t=1317401295.046 corr=601 lidar=ok rms=0.0566 time=48.30 ms | v=6.524 bg=0.00119 ba=0.11058
[tight-lio] t=1317401295.150 corr=648 lidar=ok rms=0.0563 time=48.31 ms | v=6.484 bg=0.00092 ba=0.11025
[tight-lio] t=1317401295.254 corr=711 lidar=ok rms=0.0617 time=55.93 ms | v=6.436 bg=0.00055 ba=0.11041
[tight-lio] t=1317401295.357 corr=590 lidar=ok rms=0.0666 time=47.34 ms | v=6.400 bg=0.00059 ba=0.10961
[tight-lio] t=1317401295.461 corr=556 lidar=ok rms=0.0496 time=46.48 ms | v=6.380 bg=0.00074 ba=0.10921
[tight-lio] t=1317401295.565 corr=631 lidar=ok rms=0.0625 time=49.07 ms | v=6.378 bg=0.00104 ba=0.11032
[tight-lio] t=1317401295.669 corr=628 lidar=ok rms=0.0697 time=34.69 ms | v=6.351 bg=0.00109 ba=0.11061
[tight-lio] t=1317401295.773 corr=627 lidar=ok rms=0.0761 time=47.14 ms | v=6.314 bg=0.00098 ba=0.11036
[tight-lio] t=1317401295.877 corr=723 lidar=ok rms=0.0528 time=35.17 ms | v=6.265 bg=0.00082 ba=0.10978
[tight-lio] t=1317401295.981 corr=822 lidar=ok rms=0.1146 time=50.73 ms | v=6.195 bg=0.00067 ba=0.10793
[tight-lio] t=1317401296.085 corr=849 lidar=ok rms=0.0466 time=50.94 ms | v=6.136 bg=0.00073 ba=0.10881
[tight-lio] t=1317401296.189 corr=890 lidar=ok rms=0.0553 time=49.31 ms | v=6.074 bg=0.00082 ba=0.10948
[tight-lio] t=1317401296.293 corr=885 lidar=ok rms=0.0513 time=49.75 ms | v=5.976 bg=0.00084 ba=0.10906
[tight-lio] t=1317401296.397 corr=973 lidar=ok rms=0.0589 time=51.96 ms | v=5.859 bg=0.00079 ba=0.10906
[tight-lio] t=1317401296.501 corr=942 lidar=ok rms=0.0496 time=51.04 ms | v=5.709 bg=0.00071 ba=0.10860
[tight-lio] t=1317401296.605 corr=1039 lidar=ok rms=0.0672 time=38.32 ms | v=5.548 bg=0.00066 ba=0.10833
[tight-lio] t=1317401296.709 corr=1107 lidar=ok rms=0.0474 time=55.33 ms | v=5.357 bg=0.00070 ba=0.10847
[tight-lio] t=1317401296.813 corr=1120 lidar=ok rms=0.0503 time=59.13 ms | v=5.169 bg=0.00077 ba=0.10864
[tight-lio] t=1317401296.917 corr=1186 lidar=ok rms=0.0573 time=56.87 ms | v=4.976 bg=0.00089 ba=0.10868
[tight-lio] t=1317401297.021 corr=1226 lidar=ok rms=0.0600 time=41.65 ms | v=4.759 bg=0.00092 ba=0.10851
[tight-lio] t=1317401297.125 corr=1213 lidar=ok rms=0.0548 time=57.03 ms | v=4.528 bg=0.00083 ba=0.10712
[tight-lio] t=1317401297.229 corr=1190 lidar=ok rms=0.0460 time=56.52 ms | v=4.312 bg=0.00078 ba=0.10678
[tight-lio] t=1317401297.333 corr=1215 lidar=ok rms=0.0535 time=56.18 ms | v=4.123 bg=0.00072 ba=0.10640
[tight-lio] t=1317401297.437 corr=1288 lidar=ok rms=0.0567 time=59.15 ms | v=3.956 bg=0.00072 ba=0.10658
[tight-lio] t=1317401297.541 corr=1264 lidar=ok rms=0.0553 time=57.91 ms | v=3.798 bg=0.00080 ba=0.10628
[tight-lio] t=1317401297.645 corr=1268 lidar=ok rms=0.0950 time=58.47 ms | v=3.643 bg=0.00084 ba=0.10573
[tight-lio] t=1317401297.749 corr=1384 lidar=ok rms=0.0787 time=60.01 ms | v=3.469 bg=0.00089 ba=0.10537
[tight-lio] t=1317401297.853 corr=1265 lidar=ok rms=0.0857 time=57.43 ms | v=3.289 bg=0.00082 ba=0.10581
[tight-lio] t=1317401297.957 corr=1147 lidar=ok rms=0.0682 time=62.41 ms | v=3.089 bg=0.00078 ba=0.10506
[tight-lio] t=1317401298.061 corr=1237 lidar=ok rms=0.0675 time=56.60 ms | v=2.895 bg=0.00083 ba=0.10506
[tight-lio] t=1317401298.165 corr=1153 lidar=ok rms=0.0578 time=55.26 ms | v=2.698 bg=0.00085 ba=0.10511
[tight-lio] t=1317401298.269 corr=1195 lidar=ok rms=0.0562 time=55.73 ms | v=2.495 bg=0.00086 ba=0.10554
[tight-lio] t=1317401298.373 corr=1182 lidar=ok rms=0.0581 time=57.22 ms | v=2.281 bg=0.00083 ba=0.10553
[tight-lio] t=1317401298.477 corr=1201 lidar=ok rms=0.0454 time=57.39 ms | v=2.066 bg=0.00072 ba=0.10562
[tight-lio] t=1317401298.581 corr=1197 lidar=ok rms=0.0474 time=41.97 ms | v=1.872 bg=0.00064 ba=0.10505
[tight-lio] t=1317401298.685 corr=1186 lidar=ok rms=0.0531 time=41.92 ms | v=1.714 bg=0.00064 ba=0.10445
[tight-lio] t=1317401298.789 corr=1314 lidar=ok rms=0.0709 time=67.36 ms | v=1.586 bg=0.00070 ba=0.10291
[tight-lio] t=1317401298.892 corr=1374 lidar=ok rms=0.0906 time=67.41 ms | v=1.502 bg=0.00075 ba=0.10209
[tight-lio] t=1317401298.996 corr=1394 lidar=ok rms=0.0894 time=66.95 ms | v=1.493 bg=0.00098 ba=0.10141
[tight-lio] t=1317401299.100 corr=1399 lidar=ok rms=0.0705 time=46.23 ms | v=1.486 bg=0.00114 ba=0.10198
[tight-lio] t=1317401299.204 corr=1429 lidar=ok rms=0.0687 time=70.17 ms | v=1.498 bg=0.00130 ba=0.10259
[tight-lio] t=1317401299.307 corr=1414 lidar=ok rms=0.0818 time=75.15 ms | v=1.487 bg=0.00142 ba=0.10160
[tight-lio] t=1317401299.411 corr=1382 lidar=ok rms=0.0942 time=67.92 ms | v=1.460 bg=0.00154 ba=0.09935
[tight-lio] t=1317401299.515 corr=1412 lidar=ok rms=0.0805 time=62.64 ms | v=1.452 bg=0.00168 ba=0.09925
[tight-lio] t=1317401299.618 corr=1447 lidar=ok rms=0.0904 time=50.29 ms | v=1.421 bg=0.00184 ba=0.09865
[tight-lio] t=1317401299.722 corr=1387 lidar=ok rms=0.0868 time=64.86 ms | v=1.397 bg=0.00194 ba=0.09850
[tight-lio] t=1317401299.826 corr=1431 lidar=ok rms=0.0816 time=65.31 ms | v=1.398 bg=0.00184 ba=0.09685
[tight-lio] t=1317401299.930 corr=1414 lidar=ok rms=0.0809 time=63.27 ms | v=1.415 bg=0.00186 ba=0.09597
[tight-lio] t=1317401300.033 corr=1484 lidar=ok rms=0.0806 time=66.53 ms | v=1.441 bg=0.00186 ba=0.09569
[tight-lio] t=1317401300.137 corr=1384 lidar=ok rms=0.0731 time=64.33 ms | v=1.504 bg=0.00190 ba=0.09535
[tight-lio] t=1317401300.241 corr=1480 lidar=ok rms=0.0758 time=68.15 ms | v=1.589 bg=0.00202 ba=0.09656
[tight-lio] t=1317401300.345 corr=1609 lidar=ok rms=0.0471 time=66.59 ms | v=1.672 bg=0.00213 ba=0.09782
[tight-lio] t=1317401300.448 corr=1498 lidar=ok rms=0.0585 time=65.37 ms | v=1.739 bg=0.00220 ba=0.09865
[tight-lio] t=1317401300.552 corr=1528 lidar=ok rms=0.0609 time=70.29 ms | v=1.803 bg=0.00222 ba=0.09817
[tight-lio] t=1317401300.656 corr=1459 lidar=ok rms=0.0598 time=65.18 ms | v=1.841 bg=0.00233 ba=0.09934
[tight-lio] t=1317401300.759 corr=1508 lidar=ok rms=0.0481 time=65.49 ms | v=1.899 bg=0.00229 ba=0.09847
[tight-lio] t=1317401300.863 corr=1513 lidar=ok rms=0.0569 time=66.00 ms | v=1.962 bg=0.00227 ba=0.09814
[tight-lio] t=1317401300.967 corr=1548 lidar=ok rms=0.0715 time=66.14 ms | v=2.038 bg=0.00217 ba=0.09833
[tight-lio] t=1317401301.071 corr=1487 lidar=ok rms=0.0591 time=63.39 ms | v=2.138 bg=0.00201 ba=0.09791
[tight-lio] t=1317401301.175 corr=1601 lidar=ok rms=0.0494 time=67.30 ms | v=2.234 bg=0.00179 ba=0.09846
[tight-lio] t=1317401301.279 corr=1564 lidar=ok rms=0.0586 time=46.50 ms | v=2.308 bg=0.00175 ba=0.09938
[tight-lio] t=1317401301.383 corr=1592 lidar=ok rms=0.0589 time=65.86 ms | v=2.369 bg=0.00170 ba=0.09797
[tight-lio] t=1317401301.487 corr=1507 lidar=ok rms=0.0502 time=63.29 ms | v=2.449 bg=0.00147 ba=0.09662
[tight-lio] t=1317401301.591 corr=1448 lidar=ok rms=0.0621 time=61.04 ms | v=2.526 bg=0.00148 ba=0.09836
[tight-lio] t=1317401301.695 corr=1515 lidar=ok rms=0.0480 time=62.26 ms | v=2.616 bg=0.00151 ba=0.09848
[tight-lio] t=1317401301.799 corr=1434 lidar=ok rms=0.0567 time=44.47 ms | v=2.710 bg=0.00142 ba=0.09848
[tight-lio] t=1317401301.903 corr=1401 lidar=ok rms=0.0467 time=43.02 ms | v=2.806 bg=0.00137 ba=0.09866
[tight-lio] t=1317401302.006 corr=1371 lidar=ok rms=0.0486 time=59.78 ms | v=2.905 bg=0.00141 ba=0.09887
[tight-lio] t=1317401302.110 corr=1372 lidar=ok rms=0.0548 time=59.14 ms | v=3.018 bg=0.00135 ba=0.09733
[tight-lio] t=1317401302.214 corr=1352 lidar=ok rms=0.0459 time=58.82 ms | v=3.146 bg=0.00141 ba=0.09664
[tight-lio] t=1317401302.318 corr=1301 lidar=ok rms=0.0503 time=58.80 ms | v=3.263 bg=0.00153 ba=0.09517
[tight-lio] t=1317401302.422 corr=1287 lidar=ok rms=0.0555 time=58.56 ms | v=3.384 bg=0.00147 ba=0.09274
[tight-lio] t=1317401302.526 corr=1329 lidar=ok rms=0.0562 time=61.61 ms | v=3.526 bg=0.00135 ba=0.09140
[tight-lio] t=1317401302.630 corr=1279 lidar=ok rms=0.0586 time=58.79 ms | v=3.676 bg=0.00120 ba=0.09101
[tight-lio] t=1317401302.734 corr=1250 lidar=ok rms=0.0555 time=64.25 ms | v=3.839 bg=0.00107 ba=0.09018
[tight-lio] t=1317401302.838 corr=1260 lidar=ok rms=0.0535 time=62.60 ms | v=4.019 bg=0.00099 ba=0.08834
[tight-lio] t=1317401302.942 corr=1248 lidar=ok rms=0.0524 time=60.46 ms | v=4.221 bg=0.00069 ba=0.08684
[tight-lio] t=1317401303.046 corr=1314 lidar=ok rms=0.0689 time=62.55 ms | v=4.397 bg=0.00065 ba=0.08800
[tight-lio] t=1317401303.151 corr=1321 lidar=ok rms=0.0677 time=62.35 ms | v=4.587 bg=0.00081 ba=0.08945
[tight-lio] t=1317401303.255 corr=1202 lidar=ok rms=0.0536 time=42.03 ms | v=4.767 bg=0.00089 ba=0.08980
[tight-lio] t=1317401303.359 corr=1199 lidar=ok rms=0.0544 time=55.50 ms | v=4.948 bg=0.00086 ba=0.08997
[tight-lio] t=1317401303.463 corr=1197 lidar=ok rms=0.0641 time=55.57 ms | v=5.175 bg=0.00085 ba=0.08953
[tight-lio] t=1317401303.568 corr=1213 lidar=ok rms=0.0711 time=53.59 ms | v=5.430 bg=0.00089 ba=0.08848
[tight-lio] t=1317401303.672 corr=1200 lidar=ok rms=0.0514 time=55.04 ms | v=5.667 bg=0.00105 ba=0.08830
[tight-lio] t=1317401303.776 corr=1178 lidar=ok rms=0.0535 time=57.15 ms | v=5.911 bg=0.00114 ba=0.08720
[tight-lio] t=1317401303.880 corr=1196 lidar=ok rms=0.0438 time=55.16 ms | v=6.142 bg=0.00125 ba=0.08716
[tight-lio] t=1317401303.984 corr=1129 lidar=ok rms=0.0616 time=54.18 ms | v=6.376 bg=0.00127 ba=0.08688
[tight-lio] t=1317401304.089 corr=1124 lidar=ok rms=0.0459 time=54.58 ms | v=6.586 bg=0.00131 ba=0.08679
[tight-lio] t=1317401304.193 corr=1186 lidar=ok rms=0.0652 time=54.12 ms | v=6.811 bg=0.00130 ba=0.08651
[tight-lio] t=1317401304.297 corr=1125 lidar=ok rms=0.0410 time=39.01 ms | v=7.031 bg=0.00131 ba=0.08681
[tight-lio] t=1317401304.401 corr=1163 lidar=ok rms=0.0631 time=54.17 ms | v=7.247 bg=0.00135 ba=0.08519
[tight-lio] t=1317401304.505 corr=1209 lidar=ok rms=0.0595 time=56.88 ms | v=7.436 bg=0.00132 ba=0.08447
[tight-lio] t=1317401304.609 corr=1164 lidar=ok rms=0.0663 time=53.91 ms | v=7.624 bg=0.00122 ba=0.08315
[tight-lio] t=1317401304.713 corr=1127 lidar=ok rms=0.0456 time=54.04 ms | v=7.806 bg=0.00117 ba=0.08153
[tight-lio] t=1317401304.817 corr=1066 lidar=ok rms=0.0554 time=53.76 ms | v=7.986 bg=0.00119 ba=0.08081
[tight-lio] t=1317401304.921 corr=1107 lidar=ok rms=0.0509 time=54.49 ms | v=8.143 bg=0.00127 ba=0.07928
[tight-lio] t=1317401305.025 corr=1085 lidar=ok rms=0.0685 time=53.91 ms | v=8.301 bg=0.00124 ba=0.07890
[tight-lio] t=1317401305.130 corr=1091 lidar=ok rms=0.0408 time=54.21 ms | v=8.412 bg=0.00114 ba=0.07752
[tight-lio] t=1317401305.234 corr=1123 lidar=ok rms=0.0467 time=55.65 ms | v=8.492 bg=0.00111 ba=0.07646
[tight-lio] t=1317401305.338 corr=1073 lidar=ok rms=0.0481 time=39.13 ms | v=8.588 bg=0.00107 ba=0.07587
[tight-lio] t=1317401305.441 corr=1023 lidar=ok rms=0.0591 time=51.89 ms | v=8.679 bg=0.00102 ba=0.07473
[tight-lio] t=1317401305.545 corr=1049 lidar=ok rms=0.0387 time=54.23 ms | v=8.782 bg=0.00099 ba=0.07294
[tight-lio] t=1317401305.649 corr=1076 lidar=ok rms=0.1016 time=52.43 ms | v=8.861 bg=0.00103 ba=0.07163
[tight-lio] t=1317401305.753 corr=1056 lidar=ok rms=0.0480 time=57.01 ms | v=8.918 bg=0.00106 ba=0.07135
[tight-lio] t=1317401305.857 corr=1110 lidar=ok rms=0.0569 time=64.79 ms | v=8.966 bg=0.00117 ba=0.07042
[tight-lio] t=1317401305.961 corr=1147 lidar=ok rms=0.0560 time=54.43 ms | v=8.984 bg=0.00119 ba=0.07021
[tight-lio] t=1317401306.065 corr=1080 lidar=ok rms=0.0740 time=55.33 ms | v=8.967 bg=0.00117 ba=0.07036
[tight-lio] t=1317401306.169 corr=977 lidar=ok rms=0.0454 time=50.14 ms | v=8.941 bg=0.00122 ba=0.07194
[tight-lio] t=1317401306.273 corr=1123 lidar=ok rms=0.0504 time=50.27 ms | v=8.914 bg=0.00125 ba=0.07261
[tight-lio] t=1317401306.377 corr=1088 lidar=ok rms=0.0906 time=51.45 ms | v=8.884 bg=0.00119 ba=0.07301
[tight-lio] t=1317401306.481 corr=1000 lidar=ok rms=0.0734 time=47.90 ms | v=8.854 bg=0.00120 ba=0.07313
[tight-lio] t=1317401306.585 corr=986 lidar=ok rms=0.0381 time=54.11 ms | v=8.842 bg=0.00127 ba=0.07316
[tight-lio] t=1317401306.689 corr=981 lidar=ok rms=0.0448 time=51.53 ms | v=8.826 bg=0.00126 ba=0.07300
[tight-lio] t=1317401306.793 corr=1009 lidar=ok rms=0.0391 time=49.08 ms | v=8.807 bg=0.00124 ba=0.07285
[tight-lio] t=1317401306.897 corr=985 lidar=ok rms=0.0497 time=50.07 ms | v=8.780 bg=0.00133 ba=0.07290
[tight-lio] t=1317401307.001 corr=1034 lidar=ok rms=0.0535 time=50.34 ms | v=8.767 bg=0.00136 ba=0.07251
[tight-lio] t=1317401307.105 corr=992 lidar=ok rms=0.0483 time=44.52 ms | v=8.743 bg=0.00138 ba=0.07278
[tight-lio] t=1317401307.209 corr=1013 lidar=ok rms=0.0481 time=60.36 ms | v=8.689 bg=0.00140 ba=0.07465
[tight-lio] t=1317401307.313 corr=986 lidar=ok rms=0.0556 time=45.72 ms | v=8.658 bg=0.00141 ba=0.07596
[tight-lio] t=1317401307.417 corr=993 lidar=ok rms=0.0481 time=46.10 ms | v=8.631 bg=0.00138 ba=0.07510
[tight-lio] t=1317401307.521 corr=973 lidar=ok rms=0.0657 time=46.65 ms | v=8.606 bg=0.00134 ba=0.07538
[tight-lio] t=1317401307.625 corr=988 lidar=ok rms=0.0547 time=45.78 ms | v=8.573 bg=0.00134 ba=0.07635
[tight-lio] t=1317401307.729 corr=902 lidar=ok rms=0.0862 time=47.18 ms | v=8.541 bg=0.00133 ba=0.07608
[tight-lio] t=1317401307.833 corr=880 lidar=ok rms=0.0790 time=44.99 ms | v=8.478 bg=0.00148 ba=0.07694
[tight-lio] t=1317401307.937 corr=906 lidar=ok rms=0.1054 time=45.28 ms | v=8.342 bg=0.00145 ba=0.07893
[tight-lio] t=1317401308.041 corr=969 lidar=ok rms=0.0730 time=49.48 ms | v=8.183 bg=0.00132 ba=0.07880
[tight-lio] t=1317401308.145 corr=913 lidar=ok rms=0.0772 time=45.45 ms | v=8.016 bg=0.00125 ba=0.07889
[tight-lio] t=1317401308.249 corr=924 lidar=ok rms=0.0461 time=45.65 ms | v=7.828 bg=0.00122 ba=0.07923
[tight-lio] t=1317401308.353 corr=969 lidar=ok rms=0.0725 time=49.99 ms | v=7.623 bg=0.00111 ba=0.07872
[tight-lio] t=1317401308.457 corr=936 lidar=ok rms=0.0580 time=47.64 ms | v=7.409 bg=0.00110 ba=0.08005
[tight-lio] t=1317401308.561 corr=935 lidar=ok rms=0.1019 time=48.96 ms | v=7.182 bg=0.00105 ba=0.08063
[tight-lio] t=1317401308.665 corr=910 lidar=ok rms=0.0576 time=47.60 ms | v=6.950 bg=0.00104 ba=0.08137
[tight-lio] t=1317401308.769 corr=976 lidar=ok rms=0.0550 time=50.36 ms | v=6.714 bg=0.00107 ba=0.08187
[tight-lio] t=1317401308.873 corr=895 lidar=ok rms=0.0506 time=36.78 ms | v=6.465 bg=0.00113 ba=0.08265
[tight-lio] t=1317401308.977 corr=866 lidar=ok rms=0.0552 time=47.65 ms | v=6.205 bg=0.00112 ba=0.08302
[tight-lio] t=1317401309.081 corr=854 lidar=ok rms=0.0580 time=46.96 ms | v=5.951 bg=0.00109 ba=0.08362
[tight-lio] t=1317401309.185 corr=924 lidar=ok rms=0.0658 time=49.07 ms | v=5.705 bg=0.00108 ba=0.08543
[tight-lio] t=1317401309.289 corr=925 lidar=ok rms=0.0732 time=47.84 ms | v=5.487 bg=0.00105 ba=0.08600
[tight-lio] t=1317401309.393 corr=1017 lidar=ok rms=0.0603 time=49.43 ms | v=5.272 bg=0.00106 ba=0.08721
[tight-lio] t=1317401309.497 corr=991 lidar=ok rms=0.0902 time=48.94 ms | v=5.051 bg=0.00114 ba=0.08922
[tight-lio] t=1317401309.601 corr=937 lidar=ok rms=0.0463 time=50.11 ms | v=4.847 bg=0.00114 ba=0.08968
[tight-lio] t=1317401309.705 corr=1066 lidar=ok rms=0.0611 time=50.34 ms | v=4.635 bg=0.00113 ba=0.09064
[tight-lio] t=1317401309.809 corr=1008 lidar=ok rms=0.0485 time=50.10 ms | v=4.432 bg=0.00112 ba=0.09123
[tight-lio] t=1317401309.913 corr=1144 lidar=ok rms=0.0541 time=53.37 ms | v=4.201 bg=0.00116 ba=0.09312
[tight-lio] t=1317401310.017 corr=1091 lidar=ok rms=0.0520 time=51.68 ms | v=3.981 bg=0.00114 ba=0.09344
[tight-lio] t=1317401310.121 corr=1034 lidar=ok rms=0.0565 time=51.81 ms | v=3.739 bg=0.00119 ba=0.09491
[tight-lio] t=1317401310.225 corr=1054 lidar=ok rms=0.0822 time=54.18 ms | v=3.507 bg=0.00127 ba=0.09641
[tight-lio] t=1317401310.329 corr=1189 lidar=ok rms=0.0556 time=39.08 ms | v=3.297 bg=0.00132 ba=0.09594
[tight-lio] t=1317401310.433 corr=1204 lidar=ok rms=0.0521 time=55.34 ms | v=3.089 bg=0.00125 ba=0.09720
[tight-lio] t=1317401310.537 corr=1294 lidar=ok rms=0.0514 time=40.51 ms | v=2.923 bg=0.00124 ba=0.09699
[tight-lio] t=1317401310.641 corr=1267 lidar=ok rms=0.0580 time=55.96 ms | v=2.757 bg=0.00127 ba=0.09733
[tight-lio] t=1317401310.745 corr=1383 lidar=ok rms=0.0389 time=41.99 ms | v=2.590 bg=0.00124 ba=0.09754
[tight-lio] t=1317401310.849 corr=1307 lidar=ok rms=0.0552 time=57.32 ms | v=2.450 bg=0.00120 ba=0.09829
[tight-lio] t=1317401310.953 corr=1174 lidar=ok rms=0.0679 time=56.98 ms | v=2.418 bg=0.00116 ba=0.09716
[tight-lio] t=1317401311.057 corr=1246 lidar=ok rms=0.0724 time=56.44 ms | v=2.407 bg=0.00116 ba=0.09688
[tight-lio] t=1317401311.161 corr=1358 lidar=ok rms=0.0405 time=41.67 ms | v=2.397 bg=0.00117 ba=0.09674
[tight-lio] t=1317401311.265 corr=1387 lidar=ok rms=0.0461 time=55.92 ms | v=2.388 bg=0.00114 ba=0.09634
[tight-lio] t=1317401311.369 corr=1338 lidar=ok rms=0.0468 time=58.51 ms | v=2.378 bg=0.00110 ba=0.09606
[tight-lio] t=1317401311.473 corr=1406 lidar=ok rms=0.0488 time=43.07 ms | v=2.365 bg=0.00106 ba=0.09591
[tight-lio] t=1317401311.577 corr=1441 lidar=ok rms=0.0650 time=60.48 ms | v=2.353 bg=0.00101 ba=0.09596
[tight-lio] t=1317401311.681 corr=1480 lidar=ok rms=0.0373 time=43.04 ms | v=2.345 bg=0.00099 ba=0.09598
[tight-lio] t=1317401311.785 corr=1493 lidar=ok rms=0.0464 time=44.68 ms | v=2.341 bg=0.00093 ba=0.09611
[tight-lio] t=1317401311.889 corr=1502 lidar=ok rms=0.0435 time=43.62 ms | v=2.341 bg=0.00096 ba=0.09656
[tight-lio] t=1317401311.993 corr=1510 lidar=ok rms=0.0476 time=61.83 ms | v=2.368 bg=0.00095 ba=0.09727
[tight-lio] t=1317401312.097 corr=1387 lidar=ok rms=0.0494 time=61.31 ms | v=2.494 bg=0.00081 ba=0.09700
[tight-lio] t=1317401312.201 corr=1403 lidar=ok rms=0.0465 time=44.38 ms | v=2.667 bg=0.00082 ba=0.09676
[tight-lio] t=1317401312.305 corr=1302 lidar=ok rms=0.0460 time=46.92 ms | v=2.854 bg=0.00092 ba=0.09646
[tight-lio] t=1317401312.409 corr=1303 lidar=ok rms=0.0535 time=60.57 ms | v=3.042 bg=0.00094 ba=0.09513
[tight-lio] t=1317401312.512 corr=1347 lidar=ok rms=0.0532 time=61.56 ms | v=3.212 bg=0.00096 ba=0.09461
[tight-lio] t=1317401312.616 corr=1411 lidar=ok rms=0.0433 time=62.31 ms | v=3.374 bg=0.00092 ba=0.09447
[tight-lio] t=1317401312.720 corr=1316 lidar=ok rms=0.0403 time=45.01 ms | v=3.518 bg=0.00087 ba=0.09421
[tight-lio] t=1317401312.824 corr=1384 lidar=ok rms=0.0539 time=63.99 ms | v=3.655 bg=0.00087 ba=0.09518
[tight-lio] t=1317401312.928 corr=1400 lidar=ok rms=0.0556 time=63.59 ms | v=3.803 bg=0.00089 ba=0.09565
[tight-lio] t=1317401313.032 corr=1372 lidar=ok rms=0.0407 time=64.41 ms | v=3.925 bg=0.00084 ba=0.09607
[tight-lio] t=1317401313.136 corr=1296 lidar=ok rms=0.0410 time=64.58 ms | v=4.033 bg=0.00081 ba=0.09742
[tight-lio] t=1317401313.240 corr=1432 lidar=ok rms=0.0619 time=64.95 ms | v=4.172 bg=0.00086 ba=0.09788
[tight-lio] t=1317401313.344 corr=1327 lidar=ok rms=0.0413 time=64.09 ms | v=4.323 bg=0.00093 ba=0.09891
[tight-lio] t=1317401313.447 corr=1384 lidar=ok rms=0.0554 time=64.93 ms | v=4.481 bg=0.00096 ba=0.09993
[tight-lio] t=1317401313.551 corr=1435 lidar=ok rms=0.0497 time=68.08 ms | v=4.649 bg=0.00092 ba=0.10035
[tight-lio] t=1317401313.655 corr=1440 lidar=ok rms=0.0453 time=64.48 ms | v=4.822 bg=0.00082 ba=0.10035
[tight-lio] t=1317401313.759 corr=1392 lidar=ok rms=0.0456 time=64.77 ms | v=5.008 bg=0.00085 ba=0.10031
[tight-lio] t=1317401313.863 corr=1306 lidar=ok rms=0.0464 time=62.58 ms | v=5.200 bg=0.00088 ba=0.10058
[tight-lio] t=1317401313.967 corr=1310 lidar=ok rms=0.0575 time=45.11 ms | v=5.392 bg=0.00085 ba=0.10073
[tight-lio] t=1317401314.071 corr=1321 lidar=ok rms=0.0413 time=61.08 ms | v=5.577 bg=0.00084 ba=0.10146
[tight-lio] t=1317401314.175 corr=1289 lidar=ok rms=0.0504 time=61.12 ms | v=5.755 bg=0.00084 ba=0.10257
[tight-lio] t=1317401314.279 corr=1314 lidar=ok rms=0.0465 time=61.51 ms | v=5.939 bg=0.00089 ba=0.10346
[tight-lio] t=1317401314.383 corr=1223 lidar=ok rms=0.0633 time=59.07 ms | v=6.112 bg=0.00084 ba=0.10496
[tight-lio] t=1317401314.487 corr=1240 lidar=ok rms=0.0450 time=56.65 ms | v=6.296 bg=0.00084 ba=0.10537
[tight-lio] t=1317401314.591 corr=1251 lidar=ok rms=0.0522 time=57.13 ms | v=6.471 bg=0.00086 ba=0.10657
[tight-lio] t=1317401314.695 corr=1254 lidar=ok rms=0.0772 time=55.08 ms | v=6.635 bg=0.00088 ba=0.10841
[tight-lio] t=1317401314.799 corr=1241 lidar=ok rms=0.0575 time=55.00 ms | v=6.819 bg=0.00090 ba=0.10796
[tight-lio] t=1317401314.903 corr=1141 lidar=ok rms=0.0489 time=36.59 ms | v=6.992 bg=0.00088 ba=0.10833
[tight-lio] t=1317401315.007 corr=1117 lidar=ok rms=0.0471 time=55.58 ms | v=7.146 bg=0.00090 ba=0.11003
[tight-lio] t=1317401315.111 corr=1160 lidar=ok rms=0.0415 time=38.01 ms | v=7.304 bg=0.00091 ba=0.11076
[tight-lio] t=1317401315.214 corr=1091 lidar=ok rms=0.0434 time=51.09 ms | v=7.460 bg=0.00091 ba=0.11190
[tight-lio] t=1317401315.318 corr=1133 lidar=ok rms=0.0426 time=49.93 ms | v=7.615 bg=0.00090 ba=0.11268
[tight-lio] t=1317401315.422 corr=1233 lidar=ok rms=0.0454 time=53.29 ms | v=7.750 bg=0.00082 ba=0.11427
[tight-lio] t=1317401315.526 corr=1174 lidar=ok rms=0.0384 time=52.62 ms | v=7.896 bg=0.00085 ba=0.11479
[tight-lio] t=1317401315.630 corr=1050 lidar=ok rms=0.0617 time=50.45 ms | v=8.042 bg=0.00088 ba=0.11517
[tight-lio] t=1317401315.734 corr=1099 lidar=ok rms=0.0423 time=48.79 ms | v=8.178 bg=0.00093 ba=0.11565
[tight-lio] t=1317401315.838 corr=1074 lidar=ok rms=0.0487 time=35.26 ms | v=8.302 bg=0.00095 ba=0.11602
[tight-lio] t=1317401315.942 corr=1064 lidar=ok rms=0.0566 time=49.66 ms | v=8.415 bg=0.00096 ba=0.11606
[tight-lio] t=1317401316.046 corr=966 lidar=ok rms=0.0489 time=35.13 ms | v=8.512 bg=0.00097 ba=0.11737
[tight-lio] t=1317401316.150 corr=1020 lidar=ok rms=0.0462 time=50.69 ms | v=8.605 bg=0.00097 ba=0.11951
[tight-lio] t=1317401316.254 corr=974 lidar=ok rms=0.0434 time=48.01 ms | v=8.718 bg=0.00097 ba=0.12006
[tight-lio] t=1317401316.358 corr=1088 lidar=ok rms=0.0537 time=52.75 ms | v=8.814 bg=0.00093 ba=0.12087
[tight-lio] t=1317401316.462 corr=1037 lidar=ok rms=0.0523 time=49.99 ms | v=8.895 bg=0.00096 ba=0.12244
[tight-lio] t=1317401316.566 corr=924 lidar=ok rms=0.0463 time=50.91 ms | v=8.941 bg=0.00100 ba=0.12446
[tight-lio] t=1317401316.670 corr=958 lidar=ok rms=0.0574 time=36.12 ms | v=8.944 bg=0.00093 ba=0.12628
[tight-lio] t=1317401316.774 corr=1066 lidar=ok rms=0.0561 time=49.80 ms | v=8.918 bg=0.00085 ba=0.12812
[tight-lio] t=1317401316.878 corr=959 lidar=ok rms=0.0469 time=35.13 ms | v=8.906 bg=0.00086 ba=0.12862
[tight-lio] t=1317401316.982 corr=995 lidar=ok rms=0.0488 time=35.41 ms | v=8.893 bg=0.00093 ba=0.12940
[tight-lio] t=1317401317.086 corr=947 lidar=ok rms=0.0513 time=48.22 ms | v=8.867 bg=0.00096 ba=0.13124
[tight-lio] t=1317401317.190 corr=936 lidar=ok rms=0.0462 time=44.95 ms | v=8.851 bg=0.00096 ba=0.13166
[tight-lio] t=1317401317.294 corr=988 lidar=ok rms=0.0521 time=48.65 ms | v=8.827 bg=0.00093 ba=0.13286
[tight-lio] t=1317401317.398 corr=1104 lidar=ok rms=0.0779 time=50.26 ms | v=8.798 bg=0.00087 ba=0.13496
[tight-lio] t=1317401317.502 corr=965 lidar=ok rms=0.0837 time=34.06 ms | v=8.791 bg=0.00084 ba=0.13497
[tight-lio] t=1317401317.606 corr=1044 lidar=ok rms=0.0638 time=49.48 ms | v=8.747 bg=0.00079 ba=0.13671
[tight-lio] t=1317401317.710 corr=1023 lidar=ok rms=0.0525 time=49.61 ms | v=8.678 bg=0.00075 ba=0.14013
[tight-lio] t=1317401317.814 corr=1132 lidar=ok rms=0.0544 time=49.83 ms | v=8.614 bg=0.00079 ba=0.14216
[tight-lio] t=1317401317.918 corr=996 lidar=ok rms=0.0711 time=49.32 ms | v=8.546 bg=0.00085 ba=0.14297
[tight-lio] t=1317401318.021 corr=1015 lidar=ok rms=0.0565 time=36.42 ms | v=8.436 bg=0.00085 ba=0.14471
[tight-lio] t=1317401318.125 corr=1054 lidar=ok rms=0.0640 time=52.88 ms | v=8.288 bg=0.00085 ba=0.14748
[tight-lio] t=1317401318.229 corr=1232 lidar=ok rms=0.0689 time=55.39 ms | v=8.148 bg=0.00086 ba=0.14816
[tight-lio] t=1317401318.333 corr=1152 lidar=ok rms=0.0567 time=51.70 ms | v=7.994 bg=0.00093 ba=0.14945
[tight-lio] t=1317401318.437 corr=1116 lidar=ok rms=0.0482 time=49.96 ms | v=7.822 bg=0.00091 ba=0.15109
[tight-lio] t=1317401318.541 corr=1138 lidar=ok rms=0.0711 time=50.26 ms | v=7.637 bg=0.00087 ba=0.15306
[tight-lio] t=1317401318.645 corr=1063 lidar=ok rms=0.0593 time=36.50 ms | v=7.456 bg=0.00091 ba=0.15475
[tight-lio] t=1317401318.749 corr=1034 lidar=ok rms=0.0669 time=50.36 ms | v=7.278 bg=0.00095 ba=0.15545
[tight-lio] t=1317401318.853 corr=1037 lidar=ok rms=0.0529 time=50.80 ms | v=7.071 bg=0.00095 ba=0.15812
[tight-lio] t=1317401318.957 corr=1191 lidar=ok rms=0.0550 time=52.05 ms | v=6.869 bg=0.00090 ba=0.16013
[tight-lio] t=1317401319.061 corr=1156 lidar=ok rms=0.0556 time=48.22 ms | v=6.676 bg=0.00089 ba=0.16112
[tight-lio] t=1317401319.165 corr=1111 lidar=ok rms=0.0538 time=50.02 ms | v=6.485 bg=0.00091 ba=0.16225
[tight-lio] t=1317401319.269 corr=1109 lidar=ok rms=0.0476 time=49.04 ms | v=6.289 bg=0.00097 ba=0.16343
[tight-lio] t=1317401319.373 corr=1059 lidar=ok rms=0.0622 time=49.23 ms | v=6.111 bg=0.00095 ba=0.16433
[tight-lio] t=1317401319.477 corr=1091 lidar=ok rms=0.0810 time=49.60 ms | v=5.962 bg=0.00084 ba=0.16581
[tight-lio] t=1317401319.582 corr=1020 lidar=ok rms=0.0845 time=50.04 ms | v=5.853 bg=0.00083 ba=0.16802
[tight-lio] t=1317401319.686 corr=1155 lidar=ok rms=0.0555 time=51.59 ms | v=5.772 bg=0.00088 ba=0.16989
[tight-lio] t=1317401319.790 corr=1084 lidar=ok rms=0.0564 time=35.93 ms | v=5.721 bg=0.00098 ba=0.17002
[tight-lio] t=1317401319.894 corr=1091 lidar=ok rms=0.0761 time=35.17 ms | v=5.695 bg=0.00105 ba=0.16981
[tight-lio] t=1317401319.998 corr=999 lidar=ok rms=0.0516 time=33.67 ms | v=5.683 bg=0.00103 ba=0.16894
[tight-lio] t=1317401320.102 corr=1054 lidar=ok rms=0.0683 time=34.96 ms | v=5.660 bg=0.00095 ba=0.16869
[tight-lio] t=1317401320.206 corr=1008 lidar=ok rms=0.0739 time=49.85 ms | v=5.631 bg=0.00101 ba=0.16938
[tight-lio] t=1317401320.310 corr=962 lidar=ok rms=0.0567 time=33.94 ms | v=5.607 bg=0.00103 ba=0.16908
[tight-lio] t=1317401320.414 corr=999 lidar=ok rms=0.0711 time=51.02 ms | v=5.546 bg=0.00097 ba=0.17066
[tight-lio] t=1317401320.518 corr=940 lidar=ok rms=0.0527 time=47.10 ms | v=5.499 bg=0.00096 ba=0.16975
[tight-lio] t=1317401320.622 corr=884 lidar=ok rms=0.1056 time=48.81 ms | v=5.431 bg=0.00097 ba=0.17037
[tight-lio] t=1317401320.726 corr=950 lidar=ok rms=0.0544 time=34.12 ms | v=5.351 bg=0.00095 ba=0.17028
[tight-lio] t=1317401320.830 corr=988 lidar=ok rms=0.0885 time=37.47 ms | v=5.238 bg=0.00092 ba=0.17185
[tight-lio] t=1317401320.934 corr=1037 lidar=ok rms=0.0679 time=48.35 ms | v=5.124 bg=0.00091 ba=0.17301
[tight-lio] t=1317401321.038 corr=976 lidar=ok rms=0.0679 time=48.46 ms | v=5.010 bg=0.00092 ba=0.17337
[tight-lio] t=1317401321.142 corr=1094 lidar=ok rms=0.0556 time=54.51 ms | v=4.868 bg=0.00089 ba=0.17562
[tight-lio] t=1317401321.246 corr=1049 lidar=ok rms=0.0588 time=50.94 ms | v=4.752 bg=0.00089 ba=0.17652
[tight-lio] t=1317401321.350 corr=1073 lidar=ok rms=0.0577 time=53.05 ms | v=4.637 bg=0.00097 ba=0.17811
[tight-lio] t=1317401321.454 corr=1157 lidar=ok rms=0.0651 time=52.36 ms | v=4.540 bg=0.00097 ba=0.17887
[tight-lio] t=1317401321.558 corr=1150 lidar=ok rms=0.0724 time=53.39 ms | v=4.474 bg=0.00096 ba=0.18029
[tight-lio] t=1317401321.662 corr=1138 lidar=ok rms=0.0648 time=54.54 ms | v=4.442 bg=0.00090 ba=0.18100
[tight-lio] t=1317401321.766 corr=1213 lidar=ok rms=0.0667 time=57.47 ms | v=4.417 bg=0.00087 ba=0.18202
[tight-lio] t=1317401321.870 corr=1121 lidar=ok rms=0.0687 time=55.74 ms | v=4.393 bg=0.00093 ba=0.18268
[tight-lio] t=1317401321.974 corr=1183 lidar=ok rms=0.0825 time=42.08 ms | v=4.373 bg=0.00099 ba=0.18288
[tight-lio] t=1317401322.078 corr=1317 lidar=ok rms=0.0519 time=61.55 ms | v=4.336 bg=0.00102 ba=0.18410
[tight-lio] t=1317401322.182 corr=1228 lidar=ok rms=0.0746 time=60.81 ms | v=4.298 bg=0.00100 ba=0.18479
[tight-lio] t=1317401322.286 corr=1242 lidar=ok rms=0.1079 time=56.86 ms | v=4.264 bg=0.00101 ba=0.18501
[tight-lio] t=1317401322.390 corr=1387 lidar=ok rms=0.0508 time=63.00 ms | v=4.225 bg=0.00098 ba=0.18586
[tight-lio] t=1317401322.494 corr=1315 lidar=ok rms=0.0629 time=45.63 ms | v=4.194 bg=0.00095 ba=0.18594
[tight-lio] t=1317401322.598 corr=1348 lidar=ok rms=0.0859 time=63.02 ms | v=4.154 bg=0.00094 ba=0.18763
[tight-lio] t=1317401322.702 corr=1463 lidar=ok rms=0.0464 time=63.37 ms | v=4.130 bg=0.00099 ba=0.18852
[tight-lio] t=1317401322.806 corr=1544 lidar=ok rms=0.0592 time=64.69 ms | v=4.122 bg=0.00104 ba=0.18893
[tight-lio] t=1317401322.910 corr=1566 lidar=ok rms=0.0810 time=44.57 ms | v=4.162 bg=0.00104 ba=0.18997
[tight-lio] t=1317401323.014 corr=1735 lidar=ok rms=0.0667 time=66.29 ms | v=4.236 bg=0.00098 ba=0.19037
[tight-lio] t=1317401323.119 corr=1652 lidar=ok rms=0.0825 time=67.39 ms | v=4.325 bg=0.00094 ba=0.18970
[tight-lio] t=1317401323.223 corr=1606 lidar=ok rms=0.0718 time=65.53 ms | v=4.409 bg=0.00093 ba=0.19025
[tight-lio] t=1317401323.327 corr=1733 lidar=ok rms=0.0561 time=67.69 ms | v=4.478 bg=0.00099 ba=0.19087
[tight-lio] t=1317401323.431 corr=1777 lidar=ok rms=0.0637 time=69.08 ms | v=4.536 bg=0.00103 ba=0.19166
[tight-lio] t=1317401323.535 corr=1660 lidar=ok rms=0.0539 time=48.05 ms | v=4.601 bg=0.00104 ba=0.19260
[tight-lio] t=1317401323.639 corr=1726 lidar=ok rms=0.0446 time=69.26 ms | v=4.689 bg=0.00103 ba=0.19270
[tight-lio] t=1317401323.743 corr=1739 lidar=ok rms=0.0618 time=69.12 ms | v=4.774 bg=0.00086 ba=0.19302
[tight-lio] t=1317401323.847 corr=1779 lidar=ok rms=0.0638 time=50.88 ms | v=4.859 bg=0.00078 ba=0.19300
[tight-lio] t=1317401323.951 corr=1701 lidar=ok rms=0.0475 time=66.21 ms | v=4.946 bg=0.00087 ba=0.19400
[tight-lio] t=1317401324.055 corr=1749 lidar=ok rms=0.0608 time=68.31 ms | v=5.045 bg=0.00112 ba=0.19474
[tight-lio] t=1317401324.159 corr=1820 lidar=ok rms=0.0466 time=67.31 ms | v=5.135 bg=0.00105 ba=0.19570
[tight-lio] t=1317401324.263 corr=1727 lidar=ok rms=0.0483 time=66.61 ms | v=5.218 bg=0.00096 ba=0.19721
[tight-lio] t=1317401324.367 corr=1600 lidar=ok rms=0.0421 time=45.46 ms | v=5.322 bg=0.00093 ba=0.19800
[tight-lio] t=1317401324.471 corr=1658 lidar=ok rms=0.0477 time=62.54 ms | v=5.444 bg=0.00086 ba=0.19764
[tight-lio] t=1317401324.574 corr=1570 lidar=ok rms=0.0488 time=43.94 ms | v=5.553 bg=0.00083 ba=0.19791
[tight-lio] t=1317401324.678 corr=1641 lidar=ok rms=0.0587 time=44.68 ms | v=5.652 bg=0.00085 ba=0.19830
[tight-lio] t=1317401324.782 corr=1692 lidar=ok rms=0.0496 time=66.12 ms | v=5.764 bg=0.00092 ba=0.19768
[tight-lio] t=1317401324.886 corr=1633 lidar=ok rms=0.0593 time=62.74 ms | v=5.866 bg=0.00095 ba=0.19829
[tight-lio] t=1317401324.990 corr=1560 lidar=ok rms=0.0571 time=62.56 ms | v=5.970 bg=0.00099 ba=0.19834
[tight-lio] t=1317401325.094 corr=1410 lidar=ok rms=0.0695 time=43.63 ms | v=6.084 bg=0.00105 ba=0.19814
[tight-lio] t=1317401325.197 corr=1368 lidar=ok rms=0.0566 time=61.32 ms | v=6.199 bg=0.00120 ba=0.19834
[tight-lio] t=1317401325.301 corr=1315 lidar=ok rms=0.0722 time=61.19 ms | v=6.300 bg=0.00118 ba=0.20032
[tight-lio] t=1317401325.405 corr=1281 lidar=ok rms=0.0573 time=59.74 ms | v=6.386 bg=0.00114 ba=0.20340
[tight-lio] t=1317401325.509 corr=1162 lidar=ok rms=0.0788 time=55.33 ms | v=6.469 bg=0.00112 ba=0.20546
[tight-lio] t=1317401325.613 corr=1093 lidar=ok rms=0.0675 time=51.75 ms | v=6.540 bg=0.00103 ba=0.20813
[tight-lio] t=1317401325.717 corr=1105 lidar=ok rms=0.0708 time=50.94 ms | v=6.602 bg=0.00095 ba=0.21105
[tight-lio] t=1317401325.821 corr=1125 lidar=ok rms=0.0677 time=51.48 ms | v=6.663 bg=0.00099 ba=0.21382
[tight-lio] t=1317401325.925 corr=1045 lidar=ok rms=0.0631 time=50.66 ms | v=6.726 bg=0.00104 ba=0.21726
[tight-lio] t=1317401326.029 corr=1161 lidar=ok rms=0.0588 time=39.81 ms | v=6.806 bg=0.00109 ba=0.21961
[tight-lio] t=1317401326.133 corr=1048 lidar=ok rms=0.0689 time=51.28 ms | v=6.907 bg=0.00110 ba=0.21999
[tight-lio] t=1317401326.238 corr=1084 lidar=ok rms=0.0591 time=49.44 ms | v=7.005 bg=0.00111 ba=0.22093
[tight-lio] t=1317401326.342 corr=1018 lidar=ok rms=0.0776 time=44.60 ms | v=7.101 bg=0.00110 ba=0.22202
[tight-lio] t=1317401326.446 corr=1022 lidar=ok rms=0.0689 time=46.23 ms | v=7.214 bg=0.00117 ba=0.22139
[tight-lio] t=1317401326.550 corr=960 lidar=ok rms=0.0686 time=40.32 ms | v=7.318 bg=0.00115 ba=0.22167
[tight-lio] t=1317401326.654 corr=872 lidar=ok rms=0.1479 time=39.84 ms | v=7.404 bg=0.00126 ba=0.22346
[tight-lio] t=1317401326.758 corr=929 lidar=ok rms=0.0849 time=40.10 ms | v=7.524 bg=0.00125 ba=0.22158
[tight-lio] t=1317401326.862 corr=1012 lidar=ok rms=0.0621 time=43.50 ms | v=7.654 bg=0.00123 ba=0.21919
[tight-lio] t=1317401326.966 corr=1014 lidar=ok rms=0.1134 time=47.27 ms | v=7.749 bg=0.00117 ba=0.21966
[tight-lio] t=1317401327.070 corr=1031 lidar=ok rms=0.0821 time=33.23 ms | v=7.855 bg=0.00107 ba=0.21918
[tight-lio] t=1317401327.174 corr=997 lidar=ok rms=0.0656 time=44.17 ms | v=7.950 bg=0.00093 ba=0.21927
[tight-lio] t=1317401327.278 corr=974 lidar=ok rms=0.0989 time=40.96 ms | v=8.039 bg=0.00090 ba=0.21989
[tight-lio] t=1317401327.382 corr=864 lidar=ok rms=0.0762 time=40.80 ms | v=8.124 bg=0.00092 ba=0.22135
[tight-lio] t=1317401327.486 corr=917 lidar=ok rms=0.0579 time=38.88 ms | v=8.225 bg=0.00092 ba=0.22151
[tight-lio] t=1317401327.590 corr=994 lidar=ok rms=0.0694 time=38.43 ms | v=8.303 bg=0.00094 ba=0.22278
[tight-lio] t=1317401327.694 corr=937 lidar=ok rms=0.0536 time=27.49 ms | v=8.389 bg=0.00093 ba=0.22267
[tight-lio] t=1317401327.798 corr=879 lidar=ok rms=0.0709 time=41.98 ms | v=8.452 bg=0.00104 ba=0.22402
[tight-lio] t=1317401327.901 corr=936 lidar=ok rms=0.0584 time=45.12 ms | v=8.487 bg=0.00121 ba=0.22580
[tight-lio] t=1317401328.005 corr=884 lidar=ok rms=0.0721 time=47.48 ms | v=8.511 bg=0.00125 ba=0.22701
[tight-lio] t=1317401328.109 corr=908 lidar=ok rms=0.0775 time=34.58 ms | v=8.502 bg=0.00111 ba=0.22866
[tight-lio] t=1317401328.213 corr=837 lidar=ok rms=0.0666 time=44.49 ms | v=8.484 bg=0.00094 ba=0.22997
[tight-lio] t=1317401328.317 corr=864 lidar=ok rms=0.0775 time=46.31 ms | v=8.468 bg=0.00084 ba=0.23095
[tight-lio] t=1317401328.421 corr=1008 lidar=ok rms=0.0551 time=33.74 ms | v=8.467 bg=0.00077 ba=0.23106
[tight-lio] t=1317401328.525 corr=1054 lidar=ok rms=0.0764 time=49.08 ms | v=8.462 bg=0.00089 ba=0.23142
[tight-lio] t=1317401328.628 corr=958 lidar=ok rms=0.0716 time=50.66 ms | v=8.450 bg=0.00088 ba=0.23216
[tight-lio] t=1317401328.732 corr=1097 lidar=ok rms=0.0613 time=50.08 ms | v=8.425 bg=0.00084 ba=0.23356
[tight-lio] t=1317401328.836 corr=1037 lidar=ok rms=0.0600 time=49.09 ms | v=8.387 bg=0.00084 ba=0.23602
[tight-lio] t=1317401328.940 corr=1054 lidar=ok rms=0.0616 time=51.25 ms | v=8.354 bg=0.00077 ba=0.23760
[tight-lio] t=1317401329.044 corr=1122 lidar=ok rms=0.0576 time=52.28 ms | v=8.302 bg=0.00077 ba=0.24068
[tight-lio] t=1317401329.148 corr=1121 lidar=ok rms=0.0602 time=49.94 ms | v=8.285 bg=0.00094 ba=0.24212
[tight-lio] t=1317401329.252 corr=1084 lidar=ok rms=0.0738 time=52.37 ms | v=8.248 bg=0.00105 ba=0.24479
[tight-lio] t=1317401329.356 corr=1112 lidar=ok rms=0.0476 time=48.41 ms | v=8.210 bg=0.00103 ba=0.24563
[tight-lio] t=1317401329.460 corr=1196 lidar=ok rms=0.0602 time=51.27 ms | v=8.129 bg=0.00083 ba=0.24713
[tight-lio] t=1317401329.564 corr=1276 lidar=ok rms=0.0561 time=51.36 ms | v=8.046 bg=0.00084 ba=0.24807
[tight-lio] t=1317401329.668 corr=1243 lidar=ok rms=0.0567 time=58.10 ms | v=7.943 bg=0.00090 ba=0.24997
[tight-lio] t=1317401329.771 corr=1193 lidar=ok rms=0.0587 time=50.95 ms | v=7.817 bg=0.00087 ba=0.25143
[tight-lio] t=1317401329.875 corr=1208 lidar=ok rms=0.0812 time=50.52 ms | v=7.657 bg=0.00083 ba=0.25285
[tight-lio] t=1317401329.979 corr=1185 lidar=ok rms=0.0440 time=48.82 ms | v=7.484 bg=0.00083 ba=0.25430
[tight-lio] t=1317401330.083 corr=1126 lidar=ok rms=0.0772 time=53.73 ms | v=7.292 bg=0.00077 ba=0.25636
[tight-lio] t=1317401330.187 corr=1009 lidar=ok rms=0.0547 time=35.35 ms | v=7.112 bg=0.00080 ba=0.25659
[tight-lio] t=1317401330.291 corr=1113 lidar=ok rms=0.0728 time=36.42 ms | v=6.920 bg=0.00078 ba=0.25757
[tight-lio] t=1317401330.395 corr=1009 lidar=ok rms=0.0648 time=52.79 ms | v=6.733 bg=0.00074 ba=0.25844
[tight-lio] t=1317401330.499 corr=951 lidar=ok rms=0.0672 time=48.05 ms | v=6.554 bg=0.00073 ba=0.25926
[tight-lio] t=1317401330.603 corr=990 lidar=ok rms=0.0412 time=36.55 ms | v=6.377 bg=0.00072 ba=0.25999
[tight-lio] t=1317401330.707 corr=1162 lidar=ok rms=0.0551 time=53.02 ms | v=6.193 bg=0.00068 ba=0.26159
[tight-lio] t=1317401330.811 corr=1108 lidar=ok rms=0.0497 time=52.65 ms | v=6.010 bg=0.00071 ba=0.26351
[tight-lio] t=1317401330.915 corr=1145 lidar=ok rms=0.0478 time=52.63 ms | v=5.846 bg=0.00057 ba=0.26398
[tight-lio] t=1317401331.019 corr=1183 lidar=ok rms=0.0571 time=54.38 ms | v=5.715 bg=0.00057 ba=0.26502
[tight-lio] t=1317401331.123 corr=1234 lidar=ok rms=0.0574 time=56.84 ms | v=5.615 bg=0.00056 ba=0.26653
[tight-lio] t=1317401331.227 corr=1419 lidar=ok rms=0.0510 time=42.38 ms | v=5.525 bg=0.00061 ba=0.26722
[tight-lio] t=1317401331.331 corr=1434 lidar=ok rms=0.0604 time=44.87 ms | v=5.434 bg=0.00066 ba=0.26794
[tight-lio] t=1317401331.435 corr=1429 lidar=ok rms=0.0845 time=59.53 ms | v=5.344 bg=0.00075 ba=0.26849
[tight-lio] t=1317401331.539 corr=1485 lidar=ok rms=0.0502 time=44.38 ms | v=5.255 bg=0.00082 ba=0.26851
[tight-lio] t=1317401331.643 corr=1642 lidar=ok rms=0.0699 time=66.46 ms | v=5.128 bg=0.00081 ba=0.26933
[tight-lio] t=1317401331.747 corr=1674 lidar=ok rms=0.0692 time=69.44 ms | v=4.988 bg=0.00082 ba=0.26998
[tight-lio] t=1317401331.851 corr=2052 lidar=ok rms=0.0660 time=71.04 ms | v=4.841 bg=0.00088 ba=0.27032
[tight-lio] t=1317401331.955 corr=2067 lidar=ok rms=0.0852 time=73.83 ms | v=4.677 bg=0.00087 ba=0.27127
[tight-lio] t=1317401332.059 corr=2181 lidar=ok rms=0.0590 time=76.76 ms | v=4.485 bg=0.00084 ba=0.27308
[tight-lio] t=1317401332.163 corr=1951 lidar=ok rms=0.0529 time=74.00 ms | v=4.295 bg=0.00091 ba=0.27500
[tight-lio] t=1317401332.267 corr=2099 lidar=ok rms=0.0592 time=73.92 ms | v=4.130 bg=0.00101 ba=0.27668
[tight-lio] t=1317401332.371 corr=1919 lidar=ok rms=0.0440 time=72.46 ms | v=3.982 bg=0.00108 ba=0.27763
[tight-lio] t=1317401332.476 corr=1996 lidar=ok rms=0.0597 time=72.66 ms | v=3.837 bg=0.00108 ba=0.27814
[tight-lio] t=1317401332.580 corr=1956 lidar=ok rms=0.0509 time=74.29 ms | v=3.688 bg=0.00112 ba=0.27957
[tight-lio] t=1317401332.684 corr=2033 lidar=ok rms=0.0563 time=75.48 ms | v=3.542 bg=0.00120 ba=0.28069
[tight-lio] t=1317401332.788 corr=2010 lidar=ok rms=0.0491 time=75.40 ms | v=3.397 bg=0.00132 ba=0.28171
[tight-lio] t=1317401332.892 corr=1990 lidar=ok rms=0.0426 time=59.76 ms | v=3.258 bg=0.00138 ba=0.28197
[tight-lio] t=1317401332.997 corr=2084 lidar=ok rms=0.0385 time=75.83 ms | v=3.130 bg=0.00147 ba=0.28288
[tight-lio] t=1317401333.101 corr=2025 lidar=ok rms=0.0468 time=77.99 ms | v=3.021 bg=0.00153 ba=0.28391
[tight-lio] t=1317401333.205 corr=2030 lidar=ok rms=0.0811 time=75.63 ms | v=2.921 bg=0.00150 ba=0.28421
[tight-lio] t=1317401333.309 corr=2041 lidar=ok rms=0.0630 time=76.87 ms | v=2.820 bg=0.00151 ba=0.28477
[tight-lio] t=1317401333.413 corr=2194 lidar=ok rms=0.0463 time=73.19 ms | v=2.730 bg=0.00150 ba=0.28473
[tight-lio] t=1317401333.517 corr=2305 lidar=ok rms=0.0528 time=58.17 ms | v=2.658 bg=0.00151 ba=0.28473
[tight-lio] t=1317401333.622 corr=2231 lidar=ok rms=0.0446 time=81.81 ms | v=2.618 bg=0.00154 ba=0.28448
[tight-lio] t=1317401333.726 corr=2303 lidar=ok rms=0.0437 time=79.24 ms | v=2.605 bg=0.00162 ba=0.28345
[tight-lio] t=1317401333.830 corr=2293 lidar=ok rms=0.0580 time=81.65 ms | v=2.582 bg=0.00168 ba=0.28383
[tight-lio] t=1317401333.934 corr=2432 lidar=ok rms=0.0492 time=86.87 ms | v=2.576 bg=0.00179 ba=0.28348
[tight-lio] t=1317401334.038 corr=2380 lidar=ok rms=0.0552 time=83.81 ms | v=2.561 bg=0.00182 ba=0.28295
[tight-lio] t=1317401334.142 corr=2355 lidar=ok rms=0.0534 time=84.16 ms | v=2.539 bg=0.00177 ba=0.28303
[tight-lio] t=1317401334.246 corr=2440 lidar=ok rms=0.0461 time=85.45 ms | v=2.521 bg=0.00174 ba=0.28281
[tight-lio] t=1317401334.350 corr=2465 lidar=ok rms=0.0574 time=86.32 ms | v=2.509 bg=0.00169 ba=0.28283
[tight-lio] t=1317401334.454 corr=2573 lidar=ok rms=0.0722 time=65.58 ms | v=2.534 bg=0.00168 ba=0.28241
[tight-lio] t=1317401334.558 corr=2510 lidar=ok rms=0.0553 time=88.91 ms | v=2.596 bg=0.00160 ba=0.28205
[tight-lio] t=1317401334.662 corr=2653 lidar=ok rms=0.0459 time=90.67 ms | v=2.693 bg=0.00157 ba=0.28147
[tight-lio] t=1317401334.766 corr=2636 lidar=ok rms=0.0569 time=93.43 ms | v=2.811 bg=0.00156 ba=0.27990
[tight-lio] t=1317401334.870 corr=2713 lidar=ok rms=0.0567 time=92.73 ms | v=2.954 bg=0.00143 ba=0.27600
[tight-lio] t=1317401334.974 corr=2558 lidar=ok rms=0.0537 time=92.43 ms | v=3.099 bg=0.00110 ba=0.26967
[tight-lio] t=1317401335.078 corr=2629 lidar=ok rms=0.0533 time=94.58 ms | v=3.184 bg=0.00080 ba=0.26330
[tight-lio] t=1317401335.181 corr=2554 lidar=ok rms=0.0569 time=95.64 ms | v=3.102 bg=0.00078 ba=0.26199
[tight-lio] t=1317401335.285 corr=2617 lidar=ok rms=0.0627 time=91.23 ms | v=2.955 bg=0.00086 ba=0.26303
[tight-lio] t=1317401335.389 corr=2582 lidar=ok rms=0.0774 time=97.30 ms | v=2.784 bg=0.00093 ba=0.26240
[tight-lio] t=1317401335.492 corr=2648 lidar=ok rms=0.0783 time=101.71 ms | v=2.574 bg=0.00111 ba=0.26447
[tight-lio] t=1317401335.596 corr=2507 lidar=ok rms=0.0684 time=90.21 ms | v=2.379 bg=0.00118 ba=0.26993
[tight-lio] t=1317401335.699 corr=2460 lidar=ok rms=0.0692 time=96.46 ms | v=2.271 bg=0.00125 ba=0.27248
[tight-lio] t=1317401335.803 corr=2477 lidar=ok rms=0.0866 time=104.46 ms | v=2.225 bg=0.00152 ba=0.27152
[tight-lio] t=1317401335.907 corr=2580 lidar=ok rms=0.0893 time=95.24 ms | v=2.177 bg=0.00181 ba=0.27299
[tight-lio] t=1317401336.010 corr=2471 lidar=ok rms=0.0783 time=94.62 ms | v=2.113 bg=0.00195 ba=0.27564
[tight-lio] t=1317401336.114 corr=2631 lidar=ok rms=0.0976 time=107.04 ms | v=2.070 bg=0.00223 ba=0.27486
[tight-lio] t=1317401336.218 corr=2580 lidar=ok rms=0.1111 time=107.25 ms | v=2.007 bg=0.00252 ba=0.27506
[tight-lio] t=1317401336.321 corr=2539 lidar=ok rms=0.1020 time=93.81 ms | v=1.893 bg=0.00257 ba=0.28114
[tight-lio] t=1317401336.425 corr=2428 lidar=ok rms=0.1165 time=93.64 ms | v=1.818 bg=0.00266 ba=0.28520
[tight-lio] t=1317401336.529 corr=2452 lidar=ok rms=0.1114 time=98.65 ms | v=1.747 bg=0.00276 ba=0.28887
[tight-lio] t=1317401336.632 corr=2443 lidar=ok rms=0.0838 time=89.35 ms | v=1.685 bg=0.00273 ba=0.29346
[tight-lio] t=1317401336.736 corr=2509 lidar=ok rms=0.1031 time=93.82 ms | v=1.654 bg=0.00265 ba=0.29671
[tight-lio] t=1317401336.840 corr=2361 lidar=ok rms=0.1048 time=89.16 ms | v=1.624 bg=0.00264 ba=0.29973
[tight-lio] t=1317401336.944 corr=2529 lidar=ok rms=0.1021 time=71.46 ms | v=1.607 bg=0.00258 ba=0.30161
[tight-lio] t=1317401337.048 corr=2455 lidar=ok rms=0.1132 time=88.53 ms | v=1.605 bg=0.00259 ba=0.30311
[tight-lio] t=1317401337.151 corr=2436 lidar=ok rms=0.1041 time=89.88 ms | v=1.617 bg=0.00260 ba=0.30444
[tight-lio] t=1317401337.255 corr=2522 lidar=ok rms=0.0987 time=95.28 ms | v=1.666 bg=0.00265 ba=0.30398
[tight-lio] t=1317401337.359 corr=2492 lidar=ok rms=0.0818 time=96.90 ms | v=1.728 bg=0.00270 ba=0.30418
[tight-lio] t=1317401337.463 corr=2446 lidar=ok rms=0.1345 time=89.43 ms | v=1.813 bg=0.00272 ba=0.30440
[tight-lio] t=1317401337.566 corr=2435 lidar=ok rms=0.0927 time=102.95 ms | v=1.893 bg=0.00269 ba=0.30476
[tight-lio] t=1317401337.670 corr=2389 lidar=ok rms=0.1121 time=102.58 ms | v=1.942 bg=0.00260 ba=0.30625
[tight-lio] t=1317401337.774 corr=2378 lidar=ok rms=0.0749 time=116.45 ms | v=1.949 bg=0.00234 ba=0.31137
[tight-lio] t=1317401337.878 corr=2554 lidar=ok rms=0.0747 time=123.16 ms | v=1.965 bg=0.00191 ba=0.31642
[tight-lio] t=1317401337.982 corr=2493 lidar=ok rms=0.0645 time=105.12 ms | v=2.000 bg=0.00154 ba=0.32018
[tight-lio] t=1317401338.086 corr=2395 lidar=ok rms=0.0712 time=98.15 ms | v=2.031 bg=0.00128 ba=0.32399
[tight-lio] t=1317401338.191 corr=2495 lidar=ok rms=0.0711 time=95.52 ms | v=2.074 bg=0.00113 ba=0.32822
[tight-lio] t=1317401338.295 corr=2489 lidar=ok rms=0.0792 time=100.18 ms | v=2.131 bg=0.00095 ba=0.32863
[tight-lio] t=1317401338.399 corr=2511 lidar=ok rms=0.0605 time=106.38 ms | v=2.195 bg=0.00077 ba=0.33093
[tight-lio] t=1317401338.503 corr=2531 lidar=ok rms=0.0710 time=103.29 ms | v=2.347 bg=0.00062 ba=0.33201
[tight-lio] t=1317401338.608 corr=2655 lidar=ok rms=0.0702 time=97.13 ms | v=2.553 bg=0.00040 ba=0.32981
[tight-lio] t=1317401338.712 corr=2535 lidar=ok rms=0.0661 time=95.94 ms | v=2.731 bg=0.00033 ba=0.32782
[tight-lio] t=1317401338.816 corr=2491 lidar=ok rms=0.0815 time=104.21 ms | v=2.827 bg=0.00052 ba=0.33018
[tight-lio] t=1317401338.921 corr=2583 lidar=ok rms=0.0729 time=98.65 ms | v=2.955 bg=0.00099 ba=0.32951
[tight-lio] t=1317401339.025 corr=2644 lidar=ok rms=0.0908 time=106.23 ms | v=3.085 bg=0.00127 ba=0.32748
[tight-lio] t=1317401339.130 corr=2517 lidar=ok rms=0.0887 time=95.81 ms | v=3.211 bg=0.00150 ba=0.32554
[tight-lio] t=1317401339.234 corr=2546 lidar=ok rms=0.1142 time=103.69 ms | v=3.308 bg=0.00184 ba=0.32610
[tight-lio] t=1317401339.339 corr=2574 lidar=ok rms=0.0923 time=67.90 ms | v=3.466 bg=0.00180 ba=0.32405
[tight-lio] t=1317401339.443 corr=2373 lidar=ok rms=0.0939 time=90.25 ms | v=3.647 bg=0.00167 ba=0.31658
[tight-lio] t=1317401339.547 corr=2290 lidar=ok rms=0.1071 time=98.76 ms | v=3.800 bg=0.00182 ba=0.31214
[tight-lio] t=1317401339.652 corr=2504 lidar=ok rms=0.0797 time=85.96 ms | v=3.975 bg=0.00194 ba=0.30844
[tight-lio] t=1317401339.756 corr=2527 lidar=ok rms=0.0841 time=98.41 ms | v=4.174 bg=0.00193 ba=0.30273
[tight-lio] t=1317401339.860 corr=2413 lidar=ok rms=0.0743 time=93.13 ms | v=4.346 bg=0.00179 ba=0.29875
[tight-lio] t=1317401339.964 corr=2313 lidar=ok rms=0.0695 time=94.53 ms | v=4.478 bg=0.00147 ba=0.29798
[tight-lio] t=1317401340.068 corr=2186 lidar=ok rms=0.0681 time=77.38 ms | v=4.618 bg=0.00127 ba=0.29797
[tight-lio] t=1317401340.172 corr=2104 lidar=ok rms=0.0624 time=85.74 ms | v=4.766 bg=0.00111 ba=0.29929
[tight-lio] t=1317401340.276 corr=2119 lidar=ok rms=0.0666 time=77.37 ms | v=4.941 bg=0.00106 ba=0.29996
[tight-lio] t=1317401340.380 corr=2049 lidar=ok rms=0.0609 time=79.14 ms | v=5.135 bg=0.00110 ba=0.30044
[tight-lio] t=1317401340.485 corr=2049 lidar=ok rms=0.0647 time=88.59 ms | v=5.348 bg=0.00111 ba=0.30114
[tight-lio] t=1317401340.589 corr=2011 lidar=ok rms=0.0715 time=74.74 ms | v=5.566 bg=0.00116 ba=0.30225
[tight-lio] t=1317401340.693 corr=1958 lidar=ok rms=0.0654 time=77.82 ms | v=5.783 bg=0.00112 ba=0.30280
[tight-lio] t=1317401340.796 corr=1841 lidar=ok rms=0.0652 time=73.41 ms | v=5.999 bg=0.00099 ba=0.30149
[tight-lio] t=1317401340.900 corr=1804 lidar=ok rms=0.0596 time=82.94 ms | v=6.190 bg=0.00072 ba=0.30151
[tight-lio] t=1317401341.004 corr=1716 lidar=ok rms=0.0684 time=79.83 ms | v=6.387 bg=0.00053 ba=0.30123
[tight-lio] t=1317401341.108 corr=1720 lidar=ok rms=0.0739 time=76.02 ms | v=6.564 bg=0.00046 ba=0.30215
[tight-lio] t=1317401341.212 corr=1586 lidar=ok rms=0.0650 time=64.42 ms | v=6.746 bg=0.00036 ba=0.30373
[tight-lio] t=1317401341.316 corr=1753 lidar=ok rms=0.0624 time=67.55 ms | v=6.935 bg=0.00053 ba=0.30527
[tight-lio] t=1317401341.420 corr=1567 lidar=ok rms=0.0777 time=67.82 ms | v=7.108 bg=0.00054 ba=0.30771
[tight-lio] t=1317401341.524 corr=1554 lidar=ok rms=0.0562 time=60.56 ms | v=7.304 bg=0.00075 ba=0.30850
[tight-lio] t=1317401341.628 corr=1471 lidar=ok rms=0.0631 time=62.40 ms | v=7.488 bg=0.00080 ba=0.31073
[tight-lio] t=1317401341.732 corr=1487 lidar=ok rms=0.0589 time=63.61 ms | v=7.653 bg=0.00077 ba=0.31226
[tight-lio] t=1317401341.836 corr=1536 lidar=ok rms=0.0606 time=62.67 ms | v=7.798 bg=0.00064 ba=0.31369
[tight-lio] t=1317401341.940 corr=1479 lidar=ok rms=0.0815 time=60.71 ms | v=7.954 bg=0.00056 ba=0.31264
[tight-lio] t=1317401342.044 corr=1475 lidar=ok rms=0.0598 time=55.97 ms | v=8.112 bg=0.00052 ba=0.31208
[tight-lio] t=1317401342.148 corr=1488 lidar=ok rms=0.0726 time=58.48 ms | v=8.249 bg=0.00079 ba=0.31391
[tight-lio] t=1317401342.252 corr=1404 lidar=ok rms=0.0808 time=39.77 ms | v=8.369 bg=0.00094 ba=0.31547
[tight-lio] t=1317401342.356 corr=1431 lidar=ok rms=0.0590 time=61.15 ms | v=8.448 bg=0.00077 ba=0.31796
[tight-lio] t=1317401342.459 corr=1523 lidar=ok rms=0.0572 time=62.70 ms | v=8.535 bg=0.00045 ba=0.31878
[tight-lio] t=1317401342.563 corr=1626 lidar=ok rms=0.0654 time=64.24 ms | v=8.606 bg=0.00034 ba=0.32202
[tight-lio] t=1317401342.667 corr=1511 lidar=ok rms=0.0660 time=43.78 ms | v=8.724 bg=0.00040 ba=0.32231
[tight-lio] t=1317401342.771 corr=1587 lidar=ok rms=0.0565 time=76.11 ms | v=8.817 bg=0.00051 ba=0.32349
[tight-lio] t=1317401342.875 corr=1517 lidar=ok rms=0.0720 time=44.06 ms | v=8.925 bg=0.00060 ba=0.32288
[tight-lio] t=1317401342.979 corr=1568 lidar=ok rms=0.0648 time=72.37 ms | v=9.009 bg=0.00080 ba=0.32255
[tight-lio] t=1317401343.083 corr=1478 lidar=ok rms=0.0838 time=65.50 ms | v=9.071 bg=0.00100 ba=0.32534
[tight-lio] t=1317401343.187 corr=1507 lidar=ok rms=0.0738 time=64.12 ms | v=9.127 bg=0.00086 ba=0.32663
[tight-lio] t=1317401343.290 corr=1382 lidar=ok rms=0.0658 time=67.79 ms | v=9.181 bg=0.00063 ba=0.32784
[tight-lio] t=1317401343.394 corr=1282 lidar=ok rms=0.0519 time=57.48 ms | v=9.236 bg=0.00046 ba=0.32941
[tight-lio] t=1317401343.498 corr=1168 lidar=ok rms=0.0744 time=60.72 ms | v=9.317 bg=0.00050 ba=0.32879
[tight-lio] t=1317401343.602 corr=1082 lidar=ok rms=0.0595 time=55.25 ms | v=9.401 bg=0.00055 ba=0.32771
[tight-lio] t=1317401343.706 corr=1199 lidar=ok rms=0.0583 time=59.20 ms | v=9.433 bg=0.00053 ba=0.33071
[tight-lio] t=1317401343.810 corr=1193 lidar=ok rms=0.0503 time=58.22 ms | v=9.469 bg=0.00053 ba=0.33209
[tight-lio] t=1317401343.914 corr=1224 lidar=ok rms=0.0618 time=55.10 ms | v=9.488 bg=0.00067 ba=0.33243
[tight-lio] t=1317401344.018 corr=1208 lidar=ok rms=0.0572 time=42.29 ms | v=9.489 bg=0.00079 ba=0.33307
[tight-lio] t=1317401344.122 corr=1233 lidar=ok rms=0.0560 time=58.12 ms | v=9.456 bg=0.00080 ba=0.33558
[tight-lio] t=1317401344.225 corr=1280 lidar=ok rms=0.0475 time=60.50 ms | v=9.417 bg=0.00067 ba=0.33720
[tight-lio] t=1317401344.329 corr=1448 lidar=ok rms=0.0665 time=63.87 ms | v=9.375 bg=0.00051 ba=0.33893
[tight-lio] t=1317401344.433 corr=1300 lidar=ok rms=0.0431 time=57.32 ms | v=9.364 bg=0.00047 ba=0.33924
[tight-lio] t=1317401344.537 corr=1255 lidar=ok rms=0.0396 time=55.83 ms | v=9.362 bg=0.00059 ba=0.33922
[tight-lio] t=1317401344.641 corr=1292 lidar=ok rms=0.0447 time=56.79 ms | v=9.366 bg=0.00073 ba=0.33904
[tight-lio] t=1317401344.745 corr=1227 lidar=ok rms=0.0398 time=59.10 ms | v=9.351 bg=0.00083 ba=0.33989
[tight-lio] t=1317401344.849 corr=1252 lidar=ok rms=0.0549 time=70.82 ms | v=9.337 bg=0.00084 ba=0.34002
[tight-lio] t=1317401344.953 corr=1221 lidar=ok rms=0.0726 time=56.82 ms | v=9.311 bg=0.00079 ba=0.34019
[tight-lio] t=1317401345.056 corr=1408 lidar=ok rms=0.0478 time=61.72 ms | v=9.259 bg=0.00062 ba=0.34141
[tight-lio] t=1317401345.160 corr=1216 lidar=ok rms=0.0730 time=58.09 ms | v=9.223 bg=0.00059 ba=0.34179
[tight-lio] t=1317401345.264 corr=1340 lidar=ok rms=0.0478 time=60.08 ms | v=9.167 bg=0.00055 ba=0.34431
[tight-lio] t=1317401345.368 corr=1402 lidar=ok rms=0.0772 time=61.59 ms | v=9.116 bg=0.00064 ba=0.34658
[tight-lio] t=1317401345.472 corr=1693 lidar=ok rms=0.0515 time=65.77 ms | v=9.069 bg=0.00074 ba=0.34781
[tight-lio] t=1317401345.576 corr=1611 lidar=ok rms=0.0536 time=65.38 ms | v=9.009 bg=0.00090 ba=0.34851
[tight-lio] t=1317401345.680 corr=1658 lidar=ok rms=0.0708 time=66.06 ms | v=8.908 bg=0.00088 ba=0.35008
[tight-lio] t=1317401345.784 corr=1502 lidar=ok rms=0.0777 time=66.19 ms | v=8.770 bg=0.00081 ba=0.35207
[tight-lio] t=1317401345.888 corr=1588 lidar=ok rms=0.0378 time=64.83 ms | v=8.605 bg=0.00069 ba=0.35425
[tight-lio] t=1317401345.991 corr=1497 lidar=ok rms=0.0480 time=65.78 ms | v=8.420 bg=0.00058 ba=0.35559
[tight-lio] t=1317401346.095 corr=1395 lidar=ok rms=0.0394 time=61.58 ms | v=8.220 bg=0.00053 ba=0.35718
[tight-lio] t=1317401346.199 corr=1510 lidar=ok rms=0.0446 time=62.15 ms | v=7.997 bg=0.00056 ba=0.35938
[tight-lio] t=1317401346.303 corr=1487 lidar=ok rms=0.0554 time=61.64 ms | v=7.787 bg=0.00070 ba=0.36092
[tight-lio] t=1317401346.407 corr=1470 lidar=ok rms=0.0496 time=61.42 ms | v=7.551 bg=0.00078 ba=0.36343
[tight-lio] t=1317401346.511 corr=1538 lidar=ok rms=0.0579 time=60.86 ms | v=7.302 bg=0.00073 ba=0.36460
[tight-lio] t=1317401346.615 corr=1477 lidar=ok rms=0.0681 time=60.50 ms | v=7.037 bg=0.00062 ba=0.36668
[tight-lio] t=1317401346.719 corr=1394 lidar=ok rms=0.0532 time=61.97 ms | v=6.757 bg=0.00049 ba=0.36885
[tight-lio] t=1317401346.823 corr=1492 lidar=ok rms=0.0766 time=61.72 ms | v=6.495 bg=0.00052 ba=0.37039
[tight-lio] t=1317401346.927 corr=1488 lidar=ok rms=0.0444 time=66.35 ms | v=6.243 bg=0.00056 ba=0.37116
[tight-lio] t=1317401347.031 corr=1379 lidar=ok rms=0.0577 time=58.56 ms | v=5.964 bg=0.00056 ba=0.37300
[tight-lio] t=1317401347.135 corr=1539 lidar=ok rms=0.0556 time=63.36 ms | v=5.703 bg=0.00069 ba=0.37396
[tight-lio] t=1317401347.239 corr=1526 lidar=ok rms=0.0573 time=62.92 ms | v=5.457 bg=0.00071 ba=0.37403
[tight-lio] t=1317401347.343 corr=1658 lidar=ok rms=0.0471 time=68.72 ms | v=5.186 bg=0.00077 ba=0.37530
[tight-lio] t=1317401347.447 corr=1605 lidar=ok rms=0.0398 time=64.51 ms | v=4.919 bg=0.00086 ba=0.37642
[tight-lio] t=1317401347.551 corr=1771 lidar=ok rms=0.0496 time=51.90 ms | v=4.664 bg=0.00102 ba=0.37740
[tight-lio] t=1317401347.655 corr=1768 lidar=ok rms=0.0519 time=67.37 ms | v=4.413 bg=0.00111 ba=0.37823
[tight-lio] t=1317401347.759 corr=1706 lidar=ok rms=0.0611 time=66.34 ms | v=4.179 bg=0.00115 ba=0.37819
[tight-lio] t=1317401347.863 corr=1855 lidar=ok rms=0.0509 time=67.14 ms | v=3.971 bg=0.00128 ba=0.37889
[tight-lio] t=1317401347.968 corr=1794 lidar=ok rms=0.0572 time=69.07 ms | v=3.805 bg=0.00142 ba=0.37959
[tight-lio] t=1317401348.072 corr=1881 lidar=ok rms=0.0454 time=71.47 ms | v=3.689 bg=0.00161 ba=0.38010
[tight-lio] t=1317401348.176 corr=1850 lidar=ok rms=0.0472 time=51.11 ms | v=3.600 bg=0.00169 ba=0.37888
[tight-lio] t=1317401348.280 corr=1752 lidar=ok rms=0.0377 time=69.32 ms | v=3.533 bg=0.00177 ba=0.37756
[tight-lio] t=1317401348.384 corr=1795 lidar=ok rms=0.0451 time=72.66 ms | v=3.496 bg=0.00187 ba=0.37651
[tight-lio] t=1317401348.489 corr=1880 lidar=ok rms=0.0438 time=69.96 ms | v=3.462 bg=0.00199 ba=0.37593
[tight-lio] t=1317401348.593 corr=1893 lidar=ok rms=0.0474 time=70.18 ms | v=3.419 bg=0.00210 ba=0.37533
[tight-lio] t=1317401348.697 corr=1891 lidar=ok rms=0.0559 time=51.15 ms | v=3.381 bg=0.00225 ba=0.37487
[tight-lio] t=1317401348.801 corr=1922 lidar=ok rms=0.0425 time=71.23 ms | v=3.329 bg=0.00227 ba=0.37516
[tight-lio] t=1317401348.906 corr=1836 lidar=ok rms=0.0484 time=69.83 ms | v=3.281 bg=0.00231 ba=0.37567
[tight-lio] t=1317401349.010 corr=1865 lidar=ok rms=0.0568 time=70.38 ms | v=3.259 bg=0.00252 ba=0.37538
[tight-lio] t=1317401349.114 corr=1829 lidar=ok rms=0.0448 time=68.74 ms | v=3.247 bg=0.00267 ba=0.37595
[tight-lio] t=1317401349.218 corr=1742 lidar=ok rms=0.0664 time=74.15 ms | v=3.240 bg=0.00268 ba=0.37671
[tight-lio] t=1317401349.322 corr=1704 lidar=ok rms=0.0655 time=65.69 ms | v=3.221 bg=0.00257 ba=0.37711
[tight-lio] t=1317401349.427 corr=1685 lidar=ok rms=0.0472 time=85.07 ms | v=3.168 bg=0.00237 ba=0.37843
[tight-lio] t=1317401349.531 corr=1790 lidar=ok rms=0.0521 time=69.58 ms | v=3.137 bg=0.00224 ba=0.37917
[tight-lio] t=1317401349.635 corr=1807 lidar=ok rms=0.0568 time=69.79 ms | v=3.178 bg=0.00229 ba=0.37899
[tight-lio] t=1317401349.739 corr=1748 lidar=ok rms=0.0425 time=76.79 ms | v=3.234 bg=0.00202 ba=0.38024
[tight-lio] t=1317401349.843 corr=1872 lidar=ok rms=0.0462 time=75.72 ms | v=3.347 bg=0.00197 ba=0.37999
[tight-lio] t=1317401349.947 corr=1819 lidar=ok rms=0.0783 time=72.73 ms | v=3.479 bg=0.00195 ba=0.37855
[tight-lio] t=1317401350.051 corr=1776 lidar=ok rms=0.0664 time=75.61 ms | v=3.627 bg=0.00189 ba=0.37676
[tight-lio] t=1317401350.155 corr=1709 lidar=ok rms=0.0424 time=69.30 ms | v=3.771 bg=0.00172 ba=0.37611
[tight-lio] t=1317401350.259 corr=1797 lidar=ok rms=0.0659 time=70.97 ms | v=3.927 bg=0.00161 ba=0.37447
[tight-lio] t=1317401350.363 corr=1746 lidar=ok rms=0.0550 time=73.05 ms | v=4.097 bg=0.00167 ba=0.37384
[tight-lio] t=1317401350.467 corr=1815 lidar=ok rms=0.0733 time=93.54 ms | v=4.266 bg=0.00160 ba=0.37361
[tight-lio] t=1317401350.571 corr=1797 lidar=ok rms=0.0609 time=74.47 ms | v=4.454 bg=0.00147 ba=0.37241
[tight-lio] t=1317401350.674 corr=1747 lidar=ok rms=0.0875 time=74.80 ms | v=4.633 bg=0.00129 ba=0.37146
[tight-lio] t=1317401350.778 corr=1709 lidar=ok rms=0.0556 time=71.16 ms | v=4.834 bg=0.00144 ba=0.37124
[tight-lio] t=1317401350.882 corr=1708 lidar=ok rms=0.0584 time=69.41 ms | v=5.037 bg=0.00145 ba=0.36981
[tight-lio] t=1317401350.986 corr=1655 lidar=ok rms=0.0492 time=76.25 ms | v=5.199 bg=0.00143 ba=0.37092
[tight-lio] t=1317401351.090 corr=1564 lidar=ok rms=0.0827 time=68.43 ms | v=5.362 bg=0.00132 ba=0.37214
[tight-lio] t=1317401351.194 corr=1535 lidar=ok rms=0.0732 time=68.90 ms | v=5.528 bg=0.00118 ba=0.37268
[tight-lio] t=1317401351.298 corr=1506 lidar=ok rms=0.0870 time=69.81 ms | v=5.724 bg=0.00120 ba=0.37102
[tight-lio] t=1317401351.402 corr=1502 lidar=ok rms=0.0583 time=69.57 ms | v=5.893 bg=0.00116 ba=0.37088
[tight-lio] t=1317401351.505 corr=1524 lidar=ok rms=0.0537 time=81.89 ms | v=6.054 bg=0.00112 ba=0.37097
[tight-lio] t=1317401351.609 corr=1585 lidar=ok rms=0.0893 time=74.44 ms | v=6.210 bg=0.00101 ba=0.37095
[tight-lio] t=1317401351.713 corr=1569 lidar=ok rms=0.0731 time=76.44 ms | v=6.373 bg=0.00096 ba=0.37057
[tight-lio] t=1317401351.817 corr=1524 lidar=ok rms=0.0441 time=69.54 ms | v=6.524 bg=0.00102 ba=0.37088
[tight-lio] t=1317401351.921 corr=1506 lidar=ok rms=0.0629 time=74.52 ms | v=6.695 bg=0.00097 ba=0.36949
[tight-lio] t=1317401352.025 corr=1524 lidar=ok rms=0.0593 time=72.83 ms | v=6.853 bg=0.00094 ba=0.36816
[tight-lio] t=1317401352.129 corr=1604 lidar=ok rms=0.0574 time=73.42 ms | v=7.036 bg=0.00095 ba=0.36659
[tight-lio] t=1317401352.233 corr=1661 lidar=ok rms=0.0619 time=74.59 ms | v=7.228 bg=0.00095 ba=0.36293
[tight-lio] t=1317401352.336 corr=1574 lidar=ok rms=0.0502 time=81.85 ms | v=7.380 bg=0.00080 ba=0.36171
[tight-lio] t=1317401352.440 corr=1640 lidar=ok rms=0.0451 time=74.74 ms | v=7.514 bg=0.00076 ba=0.36077
[tight-lio] t=1317401352.544 corr=1594 lidar=ok rms=0.0561 time=83.28 ms | v=7.655 bg=0.00075 ba=0.36015
[tight-lio] t=1317401352.647 corr=1679 lidar=ok rms=0.0595 time=73.47 ms | v=7.833 bg=0.00084 ba=0.35757
[tight-lio] t=1317401352.751 corr=1694 lidar=ok rms=0.0611 time=79.30 ms | v=7.980 bg=0.00090 ba=0.35653
[tight-lio] t=1317401352.855 corr=1766 lidar=ok rms=0.0523 time=81.89 ms | v=8.133 bg=0.00108 ba=0.35518
[tight-lio] t=1317401352.958 corr=1698 lidar=ok rms=0.0516 time=78.61 ms | v=8.264 bg=0.00120 ba=0.35378
[tight-lio] t=1317401353.062 corr=1859 lidar=ok rms=0.0635 time=92.34 ms | v=8.387 bg=0.00129 ba=0.35083
[tight-lio] t=1317401353.166 corr=1882 lidar=ok rms=0.0502 time=79.05 ms | v=8.499 bg=0.00128 ba=0.34888
[tight-lio] t=1317401353.270 corr=1874 lidar=ok rms=0.0607 time=74.40 ms | v=8.609 bg=0.00129 ba=0.34825
[tight-lio] t=1317401353.373 corr=1798 lidar=ok rms=0.0814 time=73.10 ms | v=8.747 bg=0.00132 ba=0.34632
[tight-lio] t=1317401353.477 corr=1793 lidar=ok rms=0.0441 time=72.37 ms | v=8.872 bg=0.00138 ba=0.34664
[tight-lio] t=1317401353.581 corr=1723 lidar=ok rms=0.0410 time=74.85 ms | v=9.007 bg=0.00144 ba=0.34487
[tight-lio] t=1317401353.685 corr=1631 lidar=ok rms=0.0535 time=69.42 ms | v=9.133 bg=0.00137 ba=0.34422
[tight-lio] t=1317401353.788 corr=1493 lidar=ok rms=0.0504 time=67.51 ms | v=9.293 bg=0.00150 ba=0.34200
[tight-lio] t=1317401353.892 corr=1512 lidar=ok rms=0.0630 time=71.31 ms | v=9.439 bg=0.00157 ba=0.34116
[tight-lio] t=1317401353.996 corr=1480 lidar=ok rms=0.0586 time=68.94 ms | v=9.576 bg=0.00153 ba=0.34066
[tight-lio] t=1317401354.100 corr=1463 lidar=ok rms=0.0540 time=67.68 ms | v=9.692 bg=0.00144 ba=0.33925
[tight-lio] t=1317401354.204 corr=1331 lidar=ok rms=0.0535 time=68.25 ms | v=9.809 bg=0.00148 ba=0.33803
[tight-lio] t=1317401354.307 corr=1381 lidar=ok rms=0.0470 time=69.89 ms | v=9.905 bg=0.00140 ba=0.33671
[tight-lio] t=1317401354.411 corr=1258 lidar=ok rms=0.0552 time=66.60 ms | v=9.978 bg=0.00139 ba=0.33617
[tight-lio] t=1317401354.515 corr=1125 lidar=ok rms=0.0488 time=66.85 ms | v=10.071 bg=0.00146 ba=0.33456
[tight-lio] t=1317401354.619 corr=1038 lidar=ok rms=0.0396 time=61.22 ms | v=10.152 bg=0.00153 ba=0.33392
[tight-lio] t=1317401354.723 corr=1091 lidar=ok rms=0.0717 time=45.29 ms | v=10.240 bg=0.00156 ba=0.33263
[tight-lio] t=1317401354.827 corr=1104 lidar=ok rms=0.0537 time=61.63 ms | v=10.326 bg=0.00147 ba=0.33097
[tight-lio] t=1317401354.930 corr=1132 lidar=ok rms=0.0518 time=60.58 ms | v=10.384 bg=0.00139 ba=0.33127
[tight-lio] t=1317401355.034 corr=1127 lidar=ok rms=0.0505 time=60.51 ms | v=10.452 bg=0.00144 ba=0.32881
[tight-lio] t=1317401355.138 corr=1239 lidar=ok rms=0.0748 time=63.09 ms | v=10.500 bg=0.00140 ba=0.32988
[tight-lio] t=1317401355.242 corr=1160 lidar=ok rms=0.0837 time=60.43 ms | v=10.554 bg=0.00139 ba=0.32888
[tight-lio] t=1317401355.346 corr=1062 lidar=ok rms=0.0568 time=60.47 ms | v=10.611 bg=0.00135 ba=0.32816
[tight-lio] t=1317401355.450 corr=1129 lidar=ok rms=0.0744 time=62.05 ms | v=10.667 bg=0.00136 ba=0.32854
[tight-lio] t=1317401355.554 corr=1314 lidar=ok rms=0.0760 time=65.47 ms | v=10.726 bg=0.00144 ba=0.32779
[tight-lio] t=1317401355.658 corr=1562 lidar=ok rms=0.0496 time=67.19 ms | v=10.781 bg=0.00145 ba=0.32668
[tight-lio] t=1317401355.762 corr=1705 lidar=ok rms=0.0575 time=70.03 ms | v=10.814 bg=0.00145 ba=0.32633
[tight-lio] t=1317401355.865 corr=1877 lidar=ok rms=0.0410 time=52.91 ms | v=10.825 bg=0.00140 ba=0.32739
[tight-lio] t=1317401355.969 corr=1962 lidar=ok rms=0.0497 time=75.03 ms | v=10.843 bg=0.00138 ba=0.32770
[tight-lio] t=1317401356.073 corr=2066 lidar=ok rms=0.0367 time=79.22 ms | v=10.878 bg=0.00141 ba=0.32727
[tight-lio] t=1317401356.177 corr=2109 lidar=ok rms=0.0337 time=77.68 ms | v=10.895 bg=0.00141 ba=0.32809
[tight-lio] t=1317401356.281 corr=2305 lidar=ok rms=0.0466 time=83.86 ms | v=10.915 bg=0.00132 ba=0.32728
[tight-lio] t=1317401356.385 corr=2165 lidar=ok rms=0.0438 time=78.09 ms | v=10.912 bg=0.00127 ba=0.32902
[tight-lio] t=1317401356.489 corr=2121 lidar=ok rms=0.0382 time=78.99 ms | v=10.945 bg=0.00130 ba=0.32801
[tight-lio] t=1317401356.593 corr=2171 lidar=ok rms=0.0355 time=81.29 ms | v=10.976 bg=0.00135 ba=0.32890
[tight-lio] t=1317401356.697 corr=2138 lidar=ok rms=0.0442 time=82.27 ms | v=11.011 bg=0.00144 ba=0.33028
[tight-lio] t=1317401356.801 corr=2144 lidar=ok rms=0.0371 time=104.32 ms | v=11.055 bg=0.00149 ba=0.33052
[tight-lio] t=1317401356.905 corr=2186 lidar=ok rms=0.0353 time=83.53 ms | v=11.083 bg=0.00145 ba=0.33177
[tight-lio] t=1317401357.009 corr=2135 lidar=ok rms=0.0410 time=83.66 ms | v=11.118 bg=0.00138 ba=0.33085
[tight-lio] t=1317401357.112 corr=2123 lidar=ok rms=0.0360 time=84.24 ms | v=11.170 bg=0.00132 ba=0.32948
[tight-lio] t=1317401357.216 corr=2121 lidar=ok rms=0.0339 time=83.42 ms | v=11.197 bg=0.00129 ba=0.32971
[tight-lio] t=1317401357.320 corr=2123 lidar=ok rms=0.0402 time=59.92 ms | v=11.218 bg=0.00131 ba=0.33084
[tight-lio] t=1317401357.424 corr=2063 lidar=ok rms=0.0489 time=86.16 ms | v=11.296 bg=0.00135 ba=0.32953
[tight-lio] t=1317401357.528 corr=1982 lidar=ok rms=0.0546 time=80.80 ms | v=11.337 bg=0.00140 ba=0.33013
[tight-lio] t=1317401357.632 corr=1929 lidar=ok rms=0.0402 time=83.41 ms | v=11.375 bg=0.00145 ba=0.33121
[tight-lio] t=1317401357.736 corr=1937 lidar=ok rms=0.0375 time=79.87 ms | v=11.389 bg=0.00134 ba=0.33245
[tight-lio] t=1317401357.839 corr=1877 lidar=ok rms=0.0378 time=75.52 ms | v=11.431 bg=0.00131 ba=0.33243
[tight-lio] t=1317401357.943 corr=1841 lidar=ok rms=0.0439 time=83.11 ms | v=11.472 bg=0.00134 ba=0.33265
[tight-lio] t=1317401358.047 corr=1957 lidar=ok rms=0.0427 time=78.67 ms | v=11.482 bg=0.00139 ba=0.33461
[tight-lio] t=1317401358.151 corr=1909 lidar=ok rms=0.0380 time=77.85 ms | v=11.490 bg=0.00134 ba=0.33520
[tight-lio] t=1317401358.254 corr=1918 lidar=ok rms=0.0366 time=76.95 ms | v=11.494 bg=0.00137 ba=0.33594
[tight-lio] t=1317401358.358 corr=1868 lidar=ok rms=0.0644 time=77.17 ms | v=11.495 bg=0.00141 ba=0.33680
[tight-lio] t=1317401358.462 corr=1829 lidar=ok rms=0.0376 time=77.36 ms | v=11.482 bg=0.00137 ba=0.33770
[tight-lio] t=1317401358.566 corr=1900 lidar=ok rms=0.0470 time=56.90 ms | v=11.476 bg=0.00128 ba=0.33792
[tight-lio] t=1317401358.669 corr=1884 lidar=ok rms=0.0562 time=78.06 ms | v=11.461 bg=0.00131 ba=0.33883
[tight-lio] t=1317401358.773 corr=1936 lidar=ok rms=0.0345 time=78.09 ms | v=11.442 bg=0.00123 ba=0.34061
[tight-lio] t=1317401358.877 corr=2041 lidar=ok rms=0.0387 time=79.89 ms | v=11.437 bg=0.00122 ba=0.34071
[tight-lio] t=1317401358.981 corr=2066 lidar=ok rms=0.0419 time=59.13 ms | v=11.426 bg=0.00124 ba=0.34167
[tight-lio] t=1317401359.084 corr=2143 lidar=ok rms=0.0569 time=81.22 ms | v=11.422 bg=0.00127 ba=0.34145
[tight-lio] t=1317401359.188 corr=2095 lidar=ok rms=0.0478 time=77.07 ms | v=11.400 bg=0.00127 ba=0.34133
[tight-lio] t=1317401359.292 corr=2140 lidar=ok rms=0.0368 time=79.67 ms | v=11.390 bg=0.00124 ba=0.34191
[tight-lio] t=1317401359.396 corr=2255 lidar=ok rms=0.0494 time=82.72 ms | v=11.390 bg=0.00134 ba=0.34356
[tight-lio] t=1317401359.500 corr=2377 lidar=ok rms=0.0531 time=85.75 ms | v=11.361 bg=0.00129 ba=0.34448
[tight-lio] t=1317401359.603 corr=2491 lidar=ok rms=0.0539 time=83.49 ms | v=11.347 bg=0.00125 ba=0.34447
[tight-lio] t=1317401359.707 corr=2390 lidar=ok rms=0.0301 time=107.96 ms | v=11.308 bg=0.00120 ba=0.34514
[tight-lio] t=1317401359.811 corr=2411 lidar=ok rms=0.0404 time=58.75 ms | v=11.273 bg=0.00118 ba=0.34566
[tight-lio] t=1317401359.915 corr=2477 lidar=ok rms=0.0462 time=83.40 ms | v=11.242 bg=0.00126 ba=0.34616
[tight-lio] t=1317401360.019 corr=2500 lidar=ok rms=0.0398 time=84.64 ms | v=11.228 bg=0.00133 ba=0.34671
[tight-lio] t=1317401360.123 corr=2430 lidar=ok rms=0.0363 time=59.55 ms | v=11.180 bg=0.00133 ba=0.34756
[tight-lio] t=1317401360.227 corr=2497 lidar=ok rms=0.0367 time=85.67 ms | v=11.132 bg=0.00126 ba=0.34877
[tight-lio] t=1317401360.330 corr=2436 lidar=ok rms=0.0351 time=84.87 ms | v=11.079 bg=0.00123 ba=0.35004
[tight-lio] t=1317401360.434 corr=2458 lidar=ok rms=0.0971 time=86.70 ms | v=11.039 bg=0.00124 ba=0.34971
[tight-lio] t=1317401360.538 corr=2506 lidar=ok rms=0.0378 time=93.22 ms | v=11.007 bg=0.00133 ba=0.35006
[tight-lio] t=1317401360.642 corr=2513 lidar=ok rms=0.0402 time=89.33 ms | v=10.955 bg=0.00142 ba=0.35243
[tight-lio] t=1317401360.746 corr=2474 lidar=ok rms=0.0567 time=87.69 ms | v=10.907 bg=0.00139 ba=0.35438
[tight-lio] t=1317401360.850 corr=2478 lidar=ok rms=0.0477 time=57.68 ms | v=10.860 bg=0.00131 ba=0.35525
[tight-lio] t=1317401360.954 corr=2529 lidar=ok rms=0.0575 time=88.10 ms | v=10.810 bg=0.00126 ba=0.35597
[tight-lio] t=1317401361.057 corr=2372 lidar=ok rms=0.0462 time=66.11 ms | v=10.775 bg=0.00125 ba=0.35639
[tight-lio] t=1317401361.161 corr=2481 lidar=ok rms=0.0396 time=63.19 ms | v=10.765 bg=0.00123 ba=0.35751
[tight-lio] t=1317401361.265 corr=2328 lidar=ok rms=0.0482 time=86.97 ms | v=10.765 bg=0.00128 ba=0.35737
[tight-lio] t=1317401361.369 corr=2349 lidar=ok rms=0.0576 time=88.97 ms | v=10.762 bg=0.00132 ba=0.35641
[tight-lio] t=1317401361.473 corr=2309 lidar=ok rms=0.0481 time=86.95 ms | v=10.769 bg=0.00135 ba=0.35815
[tight-lio] t=1317401361.577 corr=2413 lidar=ok rms=0.0450 time=87.88 ms | v=10.785 bg=0.00136 ba=0.35882
[tight-lio] t=1317401361.680 corr=2474 lidar=ok rms=0.0315 time=91.63 ms | v=10.800 bg=0.00137 ba=0.35936
[tight-lio] t=1317401361.784 corr=2509 lidar=ok rms=0.0420 time=92.06 ms | v=10.796 bg=0.00134 ba=0.36008
[tight-lio] t=1317401361.888 corr=2448 lidar=ok rms=0.0365 time=90.74 ms | v=10.796 bg=0.00127 ba=0.36121
[tight-lio] t=1317401361.992 corr=2515 lidar=ok rms=0.0364 time=65.12 ms | v=10.799 bg=0.00124 ba=0.36226
[tight-lio] t=1317401362.096 corr=2500 lidar=ok rms=0.0435 time=64.83 ms | v=10.804 bg=0.00125 ba=0.36314
[tight-lio] t=1317401362.199 corr=2322 lidar=ok rms=0.0457 time=89.19 ms | v=10.814 bg=0.00128 ba=0.36445
[tight-lio] t=1317401362.303 corr=2330 lidar=ok rms=0.0370 time=87.83 ms | v=10.833 bg=0.00133 ba=0.36476
[tight-lio] t=1317401362.407 corr=2269 lidar=ok rms=0.0436 time=62.59 ms | v=10.835 bg=0.00131 ba=0.36559
[tight-lio] t=1317401362.511 corr=2265 lidar=ok rms=0.0379 time=84.67 ms | v=10.857 bg=0.00119 ba=0.36606
[tight-lio] t=1317401362.615 corr=1958 lidar=ok rms=0.0521 time=80.06 ms | v=10.882 bg=0.00125 ba=0.36662
[tight-lio] t=1317401362.718 corr=1862 lidar=ok rms=0.0720 time=56.60 ms | v=10.923 bg=0.00133 ba=0.36748
[tight-lio] t=1317401362.822 corr=1899 lidar=ok rms=0.0532 time=79.30 ms | v=10.939 bg=0.00133 ba=0.36821
[tight-lio] t=1317401362.926 corr=1990 lidar=ok rms=0.0441 time=80.69 ms | v=10.957 bg=0.00129 ba=0.36842
[tight-lio] t=1317401363.030 corr=1852 lidar=ok rms=0.0436 time=74.73 ms | v=10.966 bg=0.00127 ba=0.36925
[tight-lio] t=1317401363.134 corr=1833 lidar=ok rms=0.0603 time=73.57 ms | v=10.965 bg=0.00124 ba=0.37016
[tight-lio] t=1317401363.238 corr=1714 lidar=ok rms=0.0377 time=70.63 ms | v=10.977 bg=0.00125 ba=0.37072
[tight-lio] t=1317401363.341 corr=1744 lidar=ok rms=0.0406 time=72.72 ms | v=10.985 bg=0.00128 ba=0.37239
[tight-lio] t=1317401363.445 corr=1624 lidar=ok rms=0.0565 time=69.22 ms | v=10.985 bg=0.00130 ba=0.37292
[tight-lio] t=1317401363.549 corr=1581 lidar=ok rms=0.0436 time=74.16 ms | v=10.988 bg=0.00134 ba=0.37364
[tight-lio] t=1317401363.653 corr=1379 lidar=ok rms=0.0468 time=66.91 ms | v=11.001 bg=0.00138 ba=0.37395
[tight-lio] t=1317401363.757 corr=1276 lidar=ok rms=0.0385 time=48.06 ms | v=11.000 bg=0.00135 ba=0.37499
[tight-lio] t=1317401363.861 corr=1246 lidar=ok rms=0.0608 time=63.73 ms | v=11.002 bg=0.00132 ba=0.37600
[tight-lio] t=1317401363.964 corr=1265 lidar=ok rms=0.0507 time=68.30 ms | v=10.998 bg=0.00133 ba=0.37704
[tight-lio] t=1317401364.068 corr=1260 lidar=ok rms=0.0669 time=64.20 ms | v=11.017 bg=0.00139 ba=0.37801
[tight-lio] t=1317401364.172 corr=1193 lidar=ok rms=0.0530 time=65.16 ms | v=11.028 bg=0.00137 ba=0.37964
[tight-lio] t=1317401364.276 corr=1136 lidar=ok rms=0.0477 time=63.62 ms | v=11.012 bg=0.00132 ba=0.38088
[tight-lio] t=1317401364.380 corr=1155 lidar=ok rms=0.0437 time=62.39 ms | v=11.008 bg=0.00120 ba=0.38122
[tight-lio] t=1317401364.483 corr=1152 lidar=ok rms=0.0557 time=61.55 ms | v=11.004 bg=0.00120 ba=0.38202
[tight-lio] t=1317401364.587 corr=1132 lidar=ok rms=0.0908 time=42.59 ms | v=10.990 bg=0.00123 ba=0.38256
[tight-lio] t=1317401364.691 corr=1113 lidar=ok rms=0.0742 time=44.34 ms | v=10.968 bg=0.00132 ba=0.38346
[tight-lio] t=1317401364.795 corr=1168 lidar=ok rms=0.0684 time=61.34 ms | v=10.958 bg=0.00138 ba=0.38346
[tight-lio] t=1317401364.899 corr=1245 lidar=ok rms=0.0681 time=63.99 ms | v=10.940 bg=0.00136 ba=0.38391
[tight-lio] t=1317401365.002 corr=1276 lidar=ok rms=0.0558 time=63.80 ms | v=10.904 bg=0.00130 ba=0.38446
[tight-lio] t=1317401365.106 corr=1481 lidar=ok rms=0.0678 time=67.29 ms | v=10.871 bg=0.00129 ba=0.38596
[tight-lio] t=1317401365.210 corr=1445 lidar=ok rms=0.0458 time=83.12 ms | v=10.867 bg=0.00133 ba=0.38635
[tight-lio] t=1317401365.314 corr=1399 lidar=ok rms=0.0437 time=51.25 ms | v=10.857 bg=0.00134 ba=0.38720
[tight-lio] t=1317401365.417 corr=1430 lidar=ok rms=0.0554 time=66.60 ms | v=10.853 bg=0.00130 ba=0.38775
[tight-lio] t=1317401365.521 corr=1480 lidar=ok rms=0.0458 time=65.92 ms | v=10.835 bg=0.00131 ba=0.38834
[tight-lio] t=1317401365.625 corr=1529 lidar=ok rms=0.0896 time=71.75 ms | v=10.807 bg=0.00135 ba=0.38939
[tight-lio] t=1317401365.729 corr=1566 lidar=ok rms=0.0470 time=68.61 ms | v=10.798 bg=0.00136 ba=0.39038
[tight-lio] t=1317401365.833 corr=1505 lidar=ok rms=0.0617 time=52.23 ms | v=10.799 bg=0.00140 ba=0.39142
[tight-lio] t=1317401365.936 corr=1497 lidar=ok rms=0.0559 time=69.54 ms | v=10.793 bg=0.00134 ba=0.39164
[tight-lio] t=1317401366.040 corr=1470 lidar=ok rms=0.0823 time=71.10 ms | v=10.777 bg=0.00130 ba=0.39267
[tight-lio] t=1317401366.144 corr=1553 lidar=ok rms=0.0466 time=74.18 ms | v=10.770 bg=0.00130 ba=0.39473
[tight-lio] t=1317401366.248 corr=1562 lidar=ok rms=0.0447 time=49.02 ms | v=10.769 bg=0.00128 ba=0.39477
[tight-lio] t=1317401366.351 corr=1492 lidar=ok rms=0.0356 time=72.40 ms | v=10.751 bg=0.00121 ba=0.39582
[tight-lio] t=1317401366.455 corr=1439 lidar=ok rms=0.0422 time=73.74 ms | v=10.750 bg=0.00126 ba=0.39642
[tight-lio] t=1317401366.559 corr=1466 lidar=ok rms=0.0373 time=72.08 ms | v=10.761 bg=0.00131 ba=0.39648
[tight-lio] t=1317401366.663 corr=1698 lidar=ok rms=0.0514 time=56.00 ms | v=10.751 bg=0.00130 ba=0.39705
[tight-lio] t=1317401366.767 corr=1776 lidar=ok rms=0.0363 time=51.38 ms | v=10.746 bg=0.00127 ba=0.39730
[tight-lio] t=1317401366.870 corr=1702 lidar=ok rms=0.0435 time=73.95 ms | v=10.736 bg=0.00121 ba=0.39765
[tight-lio] t=1317401366.974 corr=1712 lidar=ok rms=0.0462 time=75.89 ms | v=10.719 bg=0.00117 ba=0.39914
[tight-lio] t=1317401367.078 corr=1646 lidar=ok rms=0.0354 time=52.43 ms | v=10.725 bg=0.00126 ba=0.39973
[tight-lio] t=1317401367.182 corr=1664 lidar=ok rms=0.0480 time=52.81 ms | v=10.728 bg=0.00132 ba=0.40113
[tight-lio] t=1317401367.286 corr=1609 lidar=ok rms=0.0490 time=71.97 ms | v=10.713 bg=0.00123 ba=0.40131
[tight-lio] t=1317401367.390 corr=1683 lidar=ok rms=0.0629 time=73.04 ms | v=10.703 bg=0.00113 ba=0.40209
[tight-lio] t=1317401367.494 corr=1673 lidar=ok rms=0.0620 time=72.73 ms | v=10.701 bg=0.00113 ba=0.40237
[tight-lio] t=1317401367.597 corr=1721 lidar=ok rms=0.0458 time=53.19 ms | v=10.699 bg=0.00117 ba=0.40340
[tight-lio] t=1317401367.701 corr=1722 lidar=ok rms=0.0401 time=72.36 ms | v=10.704 bg=0.00125 ba=0.40411
[tight-lio] t=1317401367.805 corr=1881 lidar=ok rms=0.0467 time=78.51 ms | v=10.690 bg=0.00132 ba=0.40586
[tight-lio] t=1317401367.909 corr=1849 lidar=ok rms=0.0377 time=74.77 ms | v=10.669 bg=0.00124 ba=0.40616
[tight-lio] t=1317401368.013 corr=1842 lidar=ok rms=0.0582 time=73.94 ms | v=10.647 bg=0.00120 ba=0.40654
[tight-lio] t=1317401368.117 corr=1912 lidar=ok rms=0.0356 time=76.25 ms | v=10.640 bg=0.00123 ba=0.40691
[tight-lio] t=1317401368.221 corr=2023 lidar=ok rms=0.0596 time=75.89 ms | v=10.630 bg=0.00124 ba=0.40804
[tight-lio] t=1317401368.324 corr=2025 lidar=ok rms=0.0406 time=72.45 ms | v=10.622 bg=0.00125 ba=0.40890
[tight-lio] t=1317401368.428 corr=1959 lidar=ok rms=0.0785 time=52.05 ms | v=10.609 bg=0.00116 ba=0.40941
[tight-lio] t=1317401368.532 corr=2013 lidar=ok rms=0.0537 time=73.56 ms | v=10.578 bg=0.00109 ba=0.41091
[tight-lio] t=1317401368.636 corr=2011 lidar=ok rms=0.0377 time=67.97 ms | v=10.556 bg=0.00113 ba=0.41141
[tight-lio] t=1317401368.740 corr=1969 lidar=ok rms=0.0424 time=69.66 ms | v=10.547 bg=0.00118 ba=0.41281
[tight-lio] t=1317401368.844 corr=2040 lidar=ok rms=0.0553 time=76.58 ms | v=10.535 bg=0.00126 ba=0.41421
[tight-lio] t=1317401368.948 corr=1871 lidar=ok rms=0.0394 time=52.92 ms | v=10.534 bg=0.00129 ba=0.41489
[tight-lio] t=1317401369.051 corr=1890 lidar=ok rms=0.0731 time=75.72 ms | v=10.518 bg=0.00125 ba=0.41509
[tight-lio] t=1317401369.155 corr=1904 lidar=ok rms=0.0489 time=76.27 ms | v=10.517 bg=0.00124 ba=0.41571
[tight-lio] t=1317401369.259 corr=1942 lidar=ok rms=0.0378 time=87.26 ms | v=10.493 bg=0.00122 ba=0.41748
[tight-lio] t=1317401369.363 corr=1933 lidar=ok rms=0.0431 time=76.62 ms | v=10.482 bg=0.00118 ba=0.41735
[tight-lio] t=1317401369.467 corr=1934 lidar=ok rms=0.0479 time=80.70 ms | v=10.482 bg=0.00115 ba=0.41729
[tight-lio] t=1317401369.571 corr=2054 lidar=ok rms=0.0418 time=58.15 ms | v=10.465 bg=0.00121 ba=0.41761
[tight-lio] t=1317401369.675 corr=2081 lidar=ok rms=0.0406 time=62.58 ms | v=10.453 bg=0.00128 ba=0.41809
[tight-lio] t=1317401369.778 corr=2116 lidar=ok rms=0.0376 time=73.71 ms | v=10.432 bg=0.00129 ba=0.41875
[tight-lio] t=1317401369.882 corr=2090 lidar=ok rms=0.0562 time=81.80 ms | v=10.424 bg=0.00132 ba=0.41894
[tight-lio] t=1317401369.986 corr=2151 lidar=ok rms=0.0613 time=81.36 ms | v=10.398 bg=0.00132 ba=0.41961
[tight-lio] t=1317401370.090 corr=2206 lidar=ok rms=0.0443 time=78.58 ms | v=10.348 bg=0.00121 ba=0.42064
[tight-lio] t=1317401370.194 corr=2176 lidar=ok rms=0.0382 time=83.09 ms | v=10.302 bg=0.00105 ba=0.42171
[tight-lio] t=1317401370.298 corr=2177 lidar=ok rms=0.0346 time=87.23 ms | v=10.269 bg=0.00108 ba=0.42257
[tight-lio] t=1317401370.401 corr=2153 lidar=ok rms=0.0630 time=81.50 ms | v=10.247 bg=0.00120 ba=0.42326
[tight-lio] t=1317401370.505 corr=2159 lidar=ok rms=0.0475 time=84.93 ms | v=10.208 bg=0.00125 ba=0.42452
[tight-lio] t=1317401370.609 corr=2173 lidar=ok rms=0.0403 time=82.12 ms | v=10.181 bg=0.00124 ba=0.42517
[tight-lio] t=1317401370.713 corr=2151 lidar=ok rms=0.0384 time=63.87 ms | v=10.155 bg=0.00126 ba=0.42515
[tight-lio] t=1317401370.817 corr=2046 lidar=ok rms=0.0518 time=82.04 ms | v=10.127 bg=0.00117 ba=0.42555
[tight-lio] t=1317401370.920 corr=2088 lidar=ok rms=0.0471 time=58.54 ms | v=10.100 bg=0.00113 ba=0.42606
[tight-lio] t=1317401371.024 corr=2151 lidar=ok rms=0.0466 time=84.76 ms | v=10.059 bg=0.00120 ba=0.42698
[tight-lio] t=1317401371.128 corr=2208 lidar=ok rms=0.0364 time=57.73 ms | v=10.014 bg=0.00125 ba=0.42758
[tight-lio] t=1317401371.232 corr=2165 lidar=ok rms=0.0333 time=58.76 ms | v=9.963 bg=0.00122 ba=0.42751
[tight-lio] t=1317401371.335 corr=2157 lidar=ok rms=0.0461 time=62.38 ms | v=9.913 bg=0.00116 ba=0.42785
[tight-lio] t=1317401371.439 corr=2125 lidar=ok rms=0.0474 time=80.86 ms | v=9.866 bg=0.00120 ba=0.42816
[tight-lio] t=1317401371.543 corr=2176 lidar=ok rms=0.0562 time=82.15 ms | v=9.824 bg=0.00117 ba=0.42837
[tight-lio] t=1317401371.647 corr=2121 lidar=ok rms=0.0485 time=87.79 ms | v=9.783 bg=0.00122 ba=0.42886
[tight-lio] t=1317401371.751 corr=2187 lidar=ok rms=0.0529 time=83.94 ms | v=9.756 bg=0.00140 ba=0.42909
[tight-lio] t=1317401371.854 corr=2187 lidar=ok rms=0.0481 time=87.06 ms | v=9.700 bg=0.00156 ba=0.42965
[tight-lio] t=1317401371.958 corr=2165 lidar=ok rms=0.0436 time=62.91 ms | v=9.638 bg=0.00158 ba=0.43022
[tight-lio] t=1317401372.062 corr=2176 lidar=ok rms=0.0534 time=83.77 ms | v=9.593 bg=0.00161 ba=0.42979
[tight-lio] t=1317401372.165 corr=2062 lidar=ok rms=0.0443 time=84.95 ms | v=9.574 bg=0.00173 ba=0.42847
[tight-lio] t=1317401372.269 corr=2122 lidar=ok rms=0.0460 time=61.34 ms | v=9.526 bg=0.00183 ba=0.42782
[tight-lio] t=1317401372.373 corr=2085 lidar=ok rms=0.0387 time=89.39 ms | v=9.485 bg=0.00199 ba=0.42767
[tight-lio] t=1317401372.476 corr=2065 lidar=ok rms=0.0402 time=83.84 ms | v=9.446 bg=0.00199 ba=0.42689
[tight-lio] t=1317401372.580 corr=2121 lidar=ok rms=0.0576 time=84.92 ms | v=9.417 bg=0.00203 ba=0.42635
[tight-lio] t=1317401372.684 corr=2105 lidar=ok rms=0.0384 time=60.48 ms | v=9.368 bg=0.00202 ba=0.42546
[tight-lio] t=1317401372.788 corr=2112 lidar=ok rms=0.0467 time=92.00 ms | v=9.318 bg=0.00202 ba=0.42533
[tight-lio] t=1317401372.891 corr=2294 lidar=ok rms=0.0634 time=61.84 ms | v=9.301 bg=0.00204 ba=0.42504
[tight-lio] t=1317401372.995 corr=2098 lidar=ok rms=0.0504 time=87.18 ms | v=9.273 bg=0.00209 ba=0.42508
[tight-lio] t=1317401373.099 corr=2196 lidar=ok rms=0.0640 time=86.66 ms | v=9.255 bg=0.00210 ba=0.42479
[tight-lio] t=1317401373.202 corr=2123 lidar=ok rms=0.0560 time=90.83 ms | v=9.250 bg=0.00200 ba=0.42416
[tight-lio] t=1317401373.306 corr=2206 lidar=ok rms=0.0433 time=62.65 ms | v=9.248 bg=0.00197 ba=0.42418
[tight-lio] t=1317401373.410 corr=2238 lidar=ok rms=0.0888 time=113.16 ms | v=9.245 bg=0.00173 ba=0.42383
[tight-lio] t=1317401373.514 corr=2391 lidar=ok rms=0.0554 time=67.64 ms | v=9.264 bg=0.00167 ba=0.42412
[tight-lio] t=1317401373.617 corr=2426 lidar=ok rms=0.0726 time=99.42 ms | v=9.268 bg=0.00164 ba=0.42477
[tight-lio] t=1317401373.721 corr=2591 lidar=ok rms=0.0481 time=80.13 ms | v=9.302 bg=0.00156 ba=0.42493
[tight-lio] t=1317401373.825 corr=2620 lidar=ok rms=0.0781 time=125.39 ms | v=9.333 bg=0.00157 ba=0.42695
[tight-lio] t=1317401373.929 corr=2701 lidar=ok rms=0.0353 time=98.70 ms | v=9.365 bg=0.00157 ba=0.42888
[tight-lio] t=1317401374.033 corr=2786 lidar=ok rms=0.0388 time=101.49 ms | v=9.400 bg=0.00155 ba=0.43120
[tight-lio] t=1317401374.137 corr=2882 lidar=ok rms=0.0452 time=103.04 ms | v=9.420 bg=0.00148 ba=0.43239
[tight-lio] t=1317401374.240 corr=3006 lidar=ok rms=0.0429 time=105.32 ms | v=9.436 bg=0.00132 ba=0.43430
[tight-lio] t=1317401374.344 corr=2930 lidar=ok rms=0.0376 time=104.82 ms | v=9.469 bg=0.00126 ba=0.43645
[tight-lio] t=1317401374.448 corr=2969 lidar=ok rms=0.0489 time=108.60 ms | v=9.467 bg=0.00120 ba=0.44071
[tight-lio] t=1317401374.552 corr=2965 lidar=ok rms=0.0606 time=105.50 ms | v=9.473 bg=0.00119 ba=0.44065
[tight-lio] t=1317401374.656 corr=3013 lidar=ok rms=0.0559 time=118.36 ms | v=9.436 bg=0.00111 ba=0.44468
[tight-lio] t=1317401374.760 corr=3144 lidar=ok rms=0.0475 time=117.55 ms | v=9.423 bg=0.00110 ba=0.44648
[tight-lio] t=1317401374.864 corr=3019 lidar=ok rms=0.0507 time=107.42 ms | v=9.416 bg=0.00110 ba=0.44491
[tight-lio] t=1317401374.968 corr=3086 lidar=ok rms=0.0713 time=120.21 ms | v=9.385 bg=0.00110 ba=0.44719
[tight-lio] t=1317401375.073 corr=3037 lidar=ok rms=0.0618 time=111.08 ms | v=9.346 bg=0.00106 ba=0.44885
[tight-lio] t=1317401375.177 corr=3034 lidar=ok rms=0.0534 time=130.02 ms | v=9.337 bg=0.00117 ba=0.44895
[tight-lio] t=1317401375.281 corr=2970 lidar=ok rms=0.0755 time=126.26 ms | v=9.342 bg=0.00123 ba=0.44968
[tight-lio] t=1317401375.385 corr=3099 lidar=ok rms=0.0610 time=128.96 ms | v=9.312 bg=0.00131 ba=0.44998
[tight-lio] t=1317401375.489 corr=3111 lidar=ok rms=0.0730 time=130.56 ms | v=9.282 bg=0.00146 ba=0.44959
[tight-lio] t=1317401375.593 corr=3132 lidar=ok rms=0.0642 time=113.73 ms | v=9.249 bg=0.00152 ba=0.44862
[tight-lio] t=1317401375.698 corr=2953 lidar=ok rms=0.0802 time=126.38 ms | v=9.227 bg=0.00159 ba=0.44618
[tight-lio] t=1317401375.802 corr=3161 lidar=ok rms=0.0649 time=120.57 ms | v=9.160 bg=0.00148 ba=0.44790
[tight-lio] t=1317401375.906 corr=3007 lidar=ok rms=0.0661 time=123.76 ms | v=9.104 bg=0.00156 ba=0.44684
[tight-lio] t=1317401376.010 corr=3024 lidar=ok rms=0.0731 time=116.49 ms | v=9.104 bg=0.00170 ba=0.44454
[tight-lio] t=1317401376.114 corr=3029 lidar=ok rms=0.0674 time=116.58 ms | v=9.109 bg=0.00190 ba=0.44549
[tight-lio] t=1317401376.218 corr=3136 lidar=ok rms=0.0717 time=113.28 ms | v=9.110 bg=0.00212 ba=0.44692
[tight-lio] t=1317401376.322 corr=3087 lidar=ok rms=0.0679 time=120.78 ms | v=9.073 bg=0.00209 ba=0.44988
[tight-lio] t=1317401376.427 corr=3307 lidar=ok rms=0.0697 time=123.34 ms | v=9.020 bg=0.00200 ba=0.45130
[tight-lio] t=1317401376.531 corr=3203 lidar=ok rms=0.0628 time=122.92 ms | v=8.986 bg=0.00180 ba=0.45366
[tight-lio] t=1317401376.635 corr=3243 lidar=ok rms=0.0575 time=111.34 ms | v=8.983 bg=0.00176 ba=0.45481
[tight-lio] t=1317401376.739 corr=3342 lidar=ok rms=0.0548 time=81.38 ms | v=9.007 bg=0.00188 ba=0.45483
[tight-lio] t=1317401376.843 corr=3422 lidar=ok rms=0.0633 time=129.21 ms | v=9.029 bg=0.00188 ba=0.45627
[tight-lio] t=1317401376.947 corr=3402 lidar=ok rms=0.0624 time=117.32 ms | v=9.042 bg=0.00184 ba=0.45726
[tight-lio] t=1317401377.051 corr=3415 lidar=ok rms=0.0539 time=115.83 ms | v=9.073 bg=0.00178 ba=0.45770
[tight-lio] t=1317401377.155 corr=3244 lidar=ok rms=0.0439 time=115.85 ms | v=9.089 bg=0.00168 ba=0.45814
[tight-lio] t=1317401377.259 corr=3131 lidar=ok rms=0.0426 time=108.33 ms | v=9.136 bg=0.00162 ba=0.45794
[tight-lio] t=1317401377.363 corr=3015 lidar=ok rms=0.0532 time=105.03 ms | v=9.173 bg=0.00154 ba=0.45899
[tight-lio] t=1317401377.467 corr=2847 lidar=ok rms=0.0430 time=102.18 ms | v=9.220 bg=0.00154 ba=0.45914
[tight-lio] t=1317401377.570 corr=2739 lidar=ok rms=0.0511 time=102.18 ms | v=9.264 bg=0.00145 ba=0.46043
[tight-lio] t=1317401377.674 corr=2804 lidar=ok rms=0.0629 time=100.01 ms | v=9.334 bg=0.00140 ba=0.45964
[tight-lio] t=1317401377.778 corr=2679 lidar=ok rms=0.0577 time=101.44 ms | v=9.407 bg=0.00137 ba=0.45874
[tight-lio] t=1317401377.882 corr=2658 lidar=ok rms=0.0570 time=95.59 ms | v=9.481 bg=0.00130 ba=0.45847
[tight-lio] t=1317401377.986 corr=2469 lidar=ok rms=0.0493 time=90.42 ms | v=9.562 bg=0.00123 ba=0.45830
[tight-lio] t=1317401378.089 corr=2576 lidar=ok rms=0.0447 time=99.29 ms | v=9.628 bg=0.00120 ba=0.45939
[tight-lio] t=1317401378.193 corr=2433 lidar=ok rms=0.0635 time=90.04 ms | v=9.700 bg=0.00122 ba=0.45823
[tight-lio] t=1317401378.297 corr=2362 lidar=ok rms=0.0460 time=83.70 ms | v=9.746 bg=0.00122 ba=0.45840
[tight-lio] t=1317401378.401 corr=2279 lidar=ok rms=0.0488 time=86.54 ms | v=9.797 bg=0.00121 ba=0.45870
[tight-lio] t=1317401378.505 corr=2275 lidar=ok rms=0.0483 time=81.48 ms | v=9.859 bg=0.00131 ba=0.45827
[tight-lio] t=1317401378.608 corr=2125 lidar=ok rms=0.0430 time=77.93 ms | v=9.915 bg=0.00121 ba=0.45933
[tight-lio] t=1317401378.712 corr=2104 lidar=ok rms=0.0413 time=84.17 ms | v=9.972 bg=0.00114 ba=0.45897
[tight-lio] t=1317401378.816 corr=2117 lidar=ok rms=0.0453 time=79.29 ms | v=10.032 bg=0.00113 ba=0.45786
[tight-lio] t=1317401378.920 corr=2010 lidar=ok rms=0.0464 time=119.44 ms | v=10.091 bg=0.00108 ba=0.45798
[tight-lio] t=1317401379.023 corr=2013 lidar=ok rms=0.0467 time=77.25 ms | v=10.125 bg=0.00091 ba=0.45820
[tight-lio] t=1317401379.127 corr=1965 lidar=ok rms=0.0488 time=76.01 ms | v=10.148 bg=0.00085 ba=0.45811
[tight-lio] t=1317401379.231 corr=2006 lidar=ok rms=0.0492 time=76.64 ms | v=10.163 bg=0.00096 ba=0.45822
[tight-lio] t=1317401379.335 corr=2023 lidar=ok rms=0.0710 time=74.40 ms | v=10.164 bg=0.00114 ba=0.45805
[tight-lio] t=1317401379.438 corr=1992 lidar=ok rms=0.0734 time=74.86 ms | v=10.148 bg=0.00123 ba=0.45868
[tight-lio] t=1317401379.542 corr=2160 lidar=ok rms=0.0555 time=83.58 ms | v=10.110 bg=0.00125 ba=0.46027
[tight-lio] t=1317401379.646 corr=2197 lidar=ok rms=0.0568 time=86.64 ms | v=10.069 bg=0.00102 ba=0.46230
[tight-lio] t=1317401379.750 corr=2356 lidar=ok rms=0.0452 time=82.74 ms | v=10.028 bg=0.00094 ba=0.46503
[tight-lio] t=1317401379.854 corr=2411 lidar=ok rms=0.0539 time=78.48 ms | v=10.001 bg=0.00097 ba=0.46498
[tight-lio] t=1317401379.957 corr=2555 lidar=ok rms=0.0437 time=86.43 ms | v=9.962 bg=0.00102 ba=0.46583
[tight-lio] t=1317401380.061 corr=2648 lidar=ok rms=0.0403 time=96.75 ms | v=9.864 bg=0.00120 ba=0.46668
[tight-lio] t=1317401380.165 corr=2928 lidar=ok rms=0.0547 time=103.64 ms | v=9.667 bg=0.00133 ba=0.46780
[tight-lio] t=1317401380.269 corr=3007 lidar=ok rms=0.0409 time=96.70 ms | v=9.421 bg=0.00123 ba=0.47052
[tight-lio] t=1317401380.373 corr=3025 lidar=ok rms=0.0397 time=101.68 ms | v=9.142 bg=0.00112 ba=0.47340
[tight-lio] t=1317401380.477 corr=3126 lidar=ok rms=0.0397 time=99.35 ms | v=8.853 bg=0.00125 ba=0.47601
[tight-lio] t=1317401380.581 corr=3067 lidar=ok rms=0.0417 time=99.68 ms | v=8.560 bg=0.00140 ba=0.47891
[tight-lio] t=1317401380.685 corr=3142 lidar=ok rms=0.0483 time=141.90 ms | v=8.224 bg=0.00149 ba=0.48278
[tight-lio] t=1317401380.789 corr=3070 lidar=ok rms=0.0659 time=151.55 ms | v=7.902 bg=0.00162 ba=0.48617
[tight-lio] t=1317401380.893 corr=3031 lidar=ok rms=0.0523 time=108.60 ms | v=7.569 bg=0.00188 ba=0.48982
[tight-lio] t=1317401380.998 corr=3010 lidar=ok rms=0.0452 time=106.28 ms | v=7.224 bg=0.00214 ba=0.49327
[tight-lio] t=1317401381.102 corr=3012 lidar=ok rms=0.0531 time=140.50 ms | v=6.895 bg=0.00229 ba=0.49541
[tight-lio] t=1317401381.206 corr=2849 lidar=ok rms=0.0664 time=74.03 ms | v=6.584 bg=0.00233 ba=0.49628
[tight-lio] t=1317401381.311 corr=2855 lidar=ok rms=0.0771 time=102.07 ms | v=6.293 bg=0.00237 ba=0.49919
[tight-lio] t=1317401381.415 corr=2852 lidar=ok rms=0.0560 time=101.77 ms | v=6.089 bg=0.00230 ba=0.49954
[tight-lio] t=1317401381.519 corr=2942 lidar=ok rms=0.0633 time=109.11 ms | v=5.997 bg=0.00220 ba=0.50027
[tight-lio] t=1317401381.623 corr=2984 lidar=ok rms=0.0532 time=139.16 ms | v=5.956 bg=0.00248 ba=0.49541
[tight-lio] t=1317401381.728 corr=3056 lidar=ok rms=0.0537 time=116.14 ms | v=5.918 bg=0.00246 ba=0.49470
[tight-lio] t=1317401381.832 corr=2937 lidar=ok rms=0.0505 time=104.17 ms | v=5.862 bg=0.00252 ba=0.49343
[tight-lio] t=1317401381.936 corr=2977 lidar=ok rms=0.0591 time=113.92 ms | v=5.842 bg=0.00255 ba=0.49180
[tight-lio] t=1317401382.041 corr=2882 lidar=ok rms=0.0489 time=106.00 ms | v=5.805 bg=0.00261 ba=0.49006
[tight-lio] t=1317401382.145 corr=2906 lidar=ok rms=0.0691 time=114.52 ms | v=5.786 bg=0.00266 ba=0.48867
[tight-lio] t=1317401382.249 corr=2879 lidar=ok rms=0.0727 time=125.08 ms | v=5.763 bg=0.00256 ba=0.48938
[tight-lio] t=1317401382.353 corr=2988 lidar=ok rms=0.0583 time=113.94 ms | v=5.743 bg=0.00249 ba=0.48820
[tight-lio] t=1317401382.457 corr=2965 lidar=ok rms=0.0659 time=118.68 ms | v=5.724 bg=0.00232 ba=0.48680
[tight-lio] t=1317401382.561 corr=3030 lidar=ok rms=0.0506 time=105.64 ms | v=5.759 bg=0.00221 ba=0.48478
[tight-lio] t=1317401382.665 corr=3097 lidar=ok rms=0.0573 time=119.68 ms | v=5.805 bg=0.00215 ba=0.48243
[tight-lio] t=1317401382.769 corr=3198 lidar=ok rms=0.0474 time=109.84 ms | v=5.874 bg=0.00210 ba=0.48005
[tight-lio] t=1317401382.873 corr=3018 lidar=ok rms=0.0576 time=102.78 ms | v=5.945 bg=0.00208 ba=0.47815
[tight-lio] t=1317401382.977 corr=3171 lidar=ok rms=0.0487 time=115.74 ms | v=5.994 bg=0.00198 ba=0.47729
[tight-lio] t=1317401383.081 corr=3150 lidar=ok rms=0.0490 time=117.70 ms | v=6.072 bg=0.00189 ba=0.47536
[tight-lio] t=1317401383.185 corr=3062 lidar=ok rms=0.0531 time=125.19 ms | v=6.135 bg=0.00175 ba=0.47367
[tight-lio] t=1317401383.289 corr=3107 lidar=ok rms=0.0719 time=126.52 ms | v=6.228 bg=0.00149 ba=0.46959
[tight-lio] t=1317401383.393 corr=3131 lidar=ok rms=0.0457 time=119.96 ms | v=6.295 bg=0.00136 ba=0.46744
[tight-lio] t=1317401383.497 corr=3164 lidar=ok rms=0.0616 time=137.66 ms | v=6.351 bg=0.00130 ba=0.46584
[tight-lio] t=1317401383.601 corr=3253 lidar=ok rms=0.0531 time=170.72 ms | v=6.373 bg=0.00126 ba=0.46090
[tight-lio] t=1317401383.705 corr=3297 lidar=ok rms=0.0515 time=121.04 ms | v=6.386 bg=0.00117 ba=0.45671
[tight-lio] t=1317401383.808 corr=3173 lidar=ok rms=0.0593 time=118.95 ms | v=6.380 bg=0.00113 ba=0.45042
[tight-lio] t=1317401383.912 corr=3112 lidar=ok rms=0.0530 time=125.12 ms | v=6.360 bg=0.00108 ba=0.44564
[tight-lio] t=1317401384.016 corr=3223 lidar=ok rms=0.0568 time=124.85 ms | v=6.331 bg=0.00110 ba=0.44053
[tight-lio] t=1317401384.119 corr=3229 lidar=ok rms=0.0490 time=141.84 ms | v=6.306 bg=0.00126 ba=0.43803
[tight-lio] t=1317401384.223 corr=3267 lidar=ok rms=0.0448 time=117.27 ms | v=6.278 bg=0.00123 ba=0.43521
[tight-lio] t=1317401384.327 corr=3229 lidar=ok rms=0.0623 time=116.14 ms | v=6.256 bg=0.00123 ba=0.43175
[tight-lio] t=1317401384.430 corr=3330 lidar=ok rms=0.0468 time=144.24 ms | v=6.244 bg=0.00122 ba=0.42977
[tight-lio] t=1317401384.534 corr=3230 lidar=ok rms=0.0458 time=124.99 ms | v=6.203 bg=0.00129 ba=0.42667
[tight-lio] t=1317401384.638 corr=3229 lidar=ok rms=0.0413 time=112.14 ms | v=6.163 bg=0.00136 ba=0.42424
[tight-lio] t=1317401384.741 corr=3290 lidar=ok rms=0.0481 time=124.72 ms | v=6.136 bg=0.00132 ba=0.41876
[tight-lio] t=1317401384.845 corr=3293 lidar=ok rms=0.0369 time=110.03 ms | v=6.111 bg=0.00140 ba=0.41543
[tight-lio] t=1317401384.949 corr=3300 lidar=ok rms=0.0467 time=105.51 ms | v=6.093 bg=0.00149 ba=0.41322
[tight-lio] t=1317401385.053 corr=3268 lidar=ok rms=0.0540 time=112.83 ms | v=6.064 bg=0.00151 ba=0.41004
[tight-lio] t=1317401385.157 corr=3125 lidar=ok rms=0.0452 time=109.04 ms | v=6.031 bg=0.00144 ba=0.40831
[tight-lio] t=1317401385.260 corr=3296 lidar=ok rms=0.0429 time=116.97 ms | v=6.004 bg=0.00145 ba=0.40637
[tight-lio] t=1317401385.364 corr=3090 lidar=ok rms=0.0485 time=112.24 ms | v=5.970 bg=0.00141 ba=0.40435
[tight-lio] t=1317401385.468 corr=3246 lidar=ok rms=0.0408 time=126.19 ms | v=5.949 bg=0.00146 ba=0.40173
[tight-lio] t=1317401385.572 corr=3122 lidar=ok rms=0.0392 time=113.34 ms | v=5.957 bg=0.00153 ba=0.39996
[tight-lio] t=1317401385.676 corr=3234 lidar=ok rms=0.0637 time=123.90 ms | v=5.914 bg=0.00139 ba=0.39647
[tight-lio] t=1317401385.780 corr=3166 lidar=ok rms=0.0467 time=104.49 ms | v=5.892 bg=0.00141 ba=0.39404
[tight-lio] t=1317401385.884 corr=3172 lidar=ok rms=0.0455 time=108.76 ms | v=5.882 bg=0.00139 ba=0.39426
[tight-lio] t=1317401385.988 corr=3114 lidar=ok rms=0.0554 time=107.19 ms | v=5.860 bg=0.00131 ba=0.39237
[tight-lio] t=1317401386.092 corr=3039 lidar=ok rms=0.0394 time=111.16 ms | v=5.820 bg=0.00131 ba=0.39166
[tight-lio] t=1317401386.196 corr=2991 lidar=ok rms=0.0422 time=115.03 ms | v=5.798 bg=0.00137 ba=0.39072
[tight-lio] t=1317401386.300 corr=3105 lidar=ok rms=0.0469 time=118.57 ms | v=5.785 bg=0.00137 ba=0.38911
[tight-lio] t=1317401386.404 corr=2986 lidar=ok rms=0.0500 time=99.85 ms | v=5.766 bg=0.00134 ba=0.38829
[tight-lio] t=1317401386.508 corr=3028 lidar=ok rms=0.0579 time=101.15 ms | v=5.743 bg=0.00128 ba=0.38593
[tight-lio] t=1317401386.612 corr=2918 lidar=ok rms=0.0435 time=99.84 ms | v=5.730 bg=0.00126 ba=0.38485
[tight-lio] t=1317401386.716 corr=3073 lidar=ok rms=0.0514 time=100.93 ms | v=5.757 bg=0.00120 ba=0.38419
[tight-lio] t=1317401386.820 corr=3017 lidar=ok rms=0.0494 time=100.21 ms | v=5.793 bg=0.00114 ba=0.38336
[tight-lio] t=1317401386.924 corr=3133 lidar=ok rms=0.0627 time=114.93 ms | v=5.832 bg=0.00124 ba=0.38263
[tight-lio] t=1317401387.028 corr=3068 lidar=ok rms=0.0556 time=72.81 ms | v=5.876 bg=0.00142 ba=0.38144
[tight-lio] t=1317401387.132 corr=3095 lidar=ok rms=0.0513 time=174.81 ms | v=5.892 bg=0.00142 ba=0.38060
[tight-lio] t=1317401387.236 corr=3039 lidar=ok rms=0.0482 time=105.92 ms | v=5.922 bg=0.00152 ba=0.37965
[tight-lio] t=1317401387.340 corr=3097 lidar=ok rms=0.0517 time=106.84 ms | v=5.972 bg=0.00144 ba=0.37894
[tight-lio] t=1317401387.444 corr=2975 lidar=ok rms=0.0534 time=108.05 ms | v=5.990 bg=0.00140 ba=0.37801
[tight-lio] t=1317401387.547 corr=3175 lidar=ok rms=0.0407 time=115.84 ms | v=6.014 bg=0.00136 ba=0.37717
[tight-lio] t=1317401387.651 corr=3055 lidar=ok rms=0.0381 time=112.54 ms | v=6.030 bg=0.00127 ba=0.37661
[tight-lio] t=1317401387.755 corr=3134 lidar=ok rms=0.0539 time=111.39 ms | v=6.069 bg=0.00131 ba=0.37676
[tight-lio] t=1317401387.859 corr=3104 lidar=ok rms=0.0536 time=105.54 ms | v=6.092 bg=0.00133 ba=0.37556
[tight-lio] t=1317401387.963 corr=3153 lidar=ok rms=0.0534 time=111.89 ms | v=6.106 bg=0.00132 ba=0.37594
[tight-lio] t=1317401388.067 corr=3034 lidar=ok rms=0.0575 time=106.78 ms | v=6.125 bg=0.00126 ba=0.37582
[tight-lio] t=1317401388.171 corr=3289 lidar=ok rms=0.0415 time=107.32 ms | v=6.162 bg=0.00127 ba=0.37553
[tight-lio] t=1317401388.275 corr=3170 lidar=ok rms=0.0430 time=111.82 ms | v=6.198 bg=0.00125 ba=0.37588
[tight-lio] t=1317401388.379 corr=3248 lidar=ok rms=0.0397 time=108.45 ms | v=6.239 bg=0.00131 ba=0.37471
[tight-lio] t=1317401388.483 corr=3250 lidar=ok rms=0.0453 time=110.34 ms | v=6.294 bg=0.00128 ba=0.37532
[tight-lio] t=1317401388.587 corr=3256 lidar=ok rms=0.0423 time=108.09 ms | v=6.335 bg=0.00105 ba=0.37581
[tight-lio] t=1317401388.691 corr=3106 lidar=ok rms=0.0452 time=103.85 ms | v=6.380 bg=0.00091 ba=0.37631
[tight-lio] t=1317401388.795 corr=3007 lidar=ok rms=0.0359 time=100.54 ms | v=6.468 bg=0.00096 ba=0.37655
[tight-lio] t=1317401388.899 corr=3005 lidar=ok rms=0.0503 time=103.10 ms | v=6.566 bg=0.00095 ba=0.37711
[tight-lio] t=1317401389.003 corr=2916 lidar=ok rms=0.0499 time=106.01 ms | v=6.646 bg=0.00096 ba=0.37745
[tight-lio] t=1317401389.107 corr=2912 lidar=ok rms=0.0581 time=105.71 ms | v=6.765 bg=0.00084 ba=0.37803
[tight-lio] t=1317401389.211 corr=3010 lidar=ok rms=0.0417 time=103.31 ms | v=6.893 bg=0.00074 ba=0.37987
[tight-lio] t=1317401389.315 corr=2840 lidar=ok rms=0.0466 time=104.55 ms | v=7.024 bg=0.00078 ba=0.37994
[tight-lio] t=1317401389.419 corr=2802 lidar=ok rms=0.0475 time=101.86 ms | v=7.166 bg=0.00090 ba=0.38115
[tight-lio] t=1317401389.523 corr=2665 lidar=ok rms=0.0534 time=99.89 ms | v=7.300 bg=0.00102 ba=0.38082
[tight-lio] t=1317401389.627 corr=2745 lidar=ok rms=0.0555 time=104.69 ms | v=7.454 bg=0.00102 ba=0.38181
[tight-lio] t=1317401389.731 corr=2720 lidar=ok rms=0.0444 time=97.03 ms | v=7.582 bg=0.00098 ba=0.38252
[tight-lio] t=1317401389.835 corr=2854 lidar=ok rms=0.0395 time=107.23 ms | v=7.726 bg=0.00098 ba=0.38342
[tight-lio] t=1317401389.939 corr=2540 lidar=ok rms=0.0474 time=96.85 ms | v=7.859 bg=0.00100 ba=0.38376
[tight-lio] t=1317401390.043 corr=2636 lidar=ok rms=0.0526 time=98.99 ms | v=7.983 bg=0.00100 ba=0.38367
[tight-lio] t=1317401390.147 corr=2619 lidar=ok rms=0.0602 time=99.42 ms | v=8.075 bg=0.00096 ba=0.38310
[tight-lio] t=1317401390.251 corr=2607 lidar=ok rms=0.0580 time=94.79 ms | v=8.130 bg=0.00093 ba=0.38263
[tight-lio] t=1317401390.355 corr=2306 lidar=ok rms=0.0499 time=90.62 ms | v=8.149 bg=0.00092 ba=0.38200
[tight-lio] t=1317401390.459 corr=2244 lidar=ok rms=0.0764 time=89.58 ms | v=8.172 bg=0.00097 ba=0.38227
[tight-lio] t=1317401390.563 corr=2116 lidar=ok rms=0.0393 time=86.03 ms | v=8.196 bg=0.00099 ba=0.38326
[tight-lio] t=1317401390.667 corr=2148 lidar=ok rms=0.0433 time=85.67 ms | v=8.198 bg=0.00099 ba=0.38338
[tight-lio] t=1317401390.771 corr=2028 lidar=ok rms=0.0569 time=87.24 ms | v=8.207 bg=0.00101 ba=0.38419
[tight-lio] t=1317401390.875 corr=2298 lidar=ok rms=0.0535 time=96.89 ms | v=8.236 bg=0.00103 ba=0.38642
[tight-lio] t=1317401390.979 corr=2078 lidar=ok rms=0.0509 time=62.74 ms | v=8.223 bg=0.00099 ba=0.38644
[tight-lio] t=1317401391.083 corr=2027 lidar=ok rms=0.0545 time=87.08 ms | v=8.176 bg=0.00074 ba=0.38535
[tight-lio] t=1317401391.187 corr=2027 lidar=ok rms=0.0789 time=97.47 ms | v=8.146 bg=0.00054 ba=0.38538
[tight-lio] t=1317401391.292 corr=2304 lidar=ok rms=0.0686 time=97.84 ms | v=8.125 bg=0.00049 ba=0.38606
[tight-lio] t=1317401391.396 corr=2287 lidar=ok rms=0.0521 time=96.57 ms | v=8.119 bg=0.00064 ba=0.38796
[tight-lio] t=1317401391.500 corr=2337 lidar=ok rms=0.0596 time=104.42 ms | v=8.111 bg=0.00083 ba=0.38898
[tight-lio] t=1317401391.604 corr=2384 lidar=ok rms=0.0895 time=102.41 ms | v=8.136 bg=0.00097 ba=0.39073
[tight-lio] t=1317401391.708 corr=2376 lidar=ok rms=0.0443 time=98.16 ms | v=8.130 bg=0.00114 ba=0.39178
[tight-lio] t=1317401391.812 corr=2430 lidar=ok rms=0.0599 time=106.25 ms | v=8.127 bg=0.00131 ba=0.39114
[tight-lio] t=1317401391.916 corr=2516 lidar=ok rms=0.0478 time=111.37 ms | v=8.111 bg=0.00120 ba=0.39110
[tight-lio] t=1317401392.020 corr=2554 lidar=ok rms=0.0437 time=111.96 ms | v=8.095 bg=0.00106 ba=0.39057
[tight-lio] t=1317401392.124 corr=2638 lidar=ok rms=0.0498 time=105.35 ms | v=8.086 bg=0.00099 ba=0.38994
[tight-lio] t=1317401392.228 corr=2606 lidar=ok rms=0.0421 time=99.86 ms | v=8.086 bg=0.00096 ba=0.38933
[tight-lio] t=1317401392.332 corr=2676 lidar=ok rms=0.0404 time=112.87 ms | v=8.092 bg=0.00109 ba=0.38943
[tight-lio] t=1317401392.436 corr=2707 lidar=ok rms=0.0565 time=118.04 ms | v=8.094 bg=0.00109 ba=0.38897
[tight-lio] t=1317401392.540 corr=2740 lidar=ok rms=0.0533 time=121.13 ms | v=8.104 bg=0.00117 ba=0.38933
[tight-lio] t=1317401392.644 corr=2727 lidar=ok rms=0.0612 time=112.82 ms | v=8.097 bg=0.00122 ba=0.38853
[tight-lio] t=1317401392.748 corr=2648 lidar=ok rms=0.0432 time=109.15 ms | v=8.057 bg=0.00114 ba=0.38743
[tight-lio] t=1317401392.852 corr=2558 lidar=ok rms=0.0530 time=156.96 ms | v=7.997 bg=0.00091 ba=0.38612
[tight-lio] t=1317401392.956 corr=2743 lidar=ok rms=0.0460 time=116.49 ms | v=7.949 bg=0.00068 ba=0.38205
[tight-lio] t=1317401393.059 corr=2804 lidar=ok rms=0.0531 time=125.02 ms | v=7.959 bg=0.00079 ba=0.37910
[tight-lio] t=1317401393.163 corr=2705 lidar=ok rms=0.0513 time=110.51 ms | v=7.960 bg=0.00100 ba=0.37848
[tight-lio] t=1317401393.267 corr=2584 lidar=ok rms=0.0481 time=101.66 ms | v=7.941 bg=0.00103 ba=0.37640
[tight-lio] t=1317401393.371 corr=2657 lidar=ok rms=0.0496 time=120.46 ms | v=7.917 bg=0.00085 ba=0.37548
[tight-lio] t=1317401393.474 corr=2670 lidar=ok rms=0.0568 time=102.62 ms | v=7.879 bg=0.00073 ba=0.37479
[tight-lio] t=1317401393.578 corr=2734 lidar=ok rms=0.0565 time=105.16 ms | v=7.848 bg=0.00071 ba=0.37349
[tight-lio] t=1317401393.682 corr=2659 lidar=ok rms=0.0561 time=113.57 ms | v=7.811 bg=0.00068 ba=0.37280
[tight-lio] t=1317401393.786 corr=2714 lidar=ok rms=0.0505 time=104.40 ms | v=7.784 bg=0.00071 ba=0.37162
[tight-lio] t=1317401393.889 corr=2660 lidar=ok rms=0.0602 time=106.33 ms | v=7.781 bg=0.00088 ba=0.37111
[tight-lio] t=1317401393.993 corr=2675 lidar=ok rms=0.0533 time=101.17 ms | v=7.769 bg=0.00099 ba=0.37076
[tight-lio] t=1317401394.097 corr=2660 lidar=ok rms=0.0680 time=104.97 ms | v=7.797 bg=0.00110 ba=0.37063
[tight-lio] t=1317401394.201 corr=2718 lidar=ok rms=0.0430 time=101.06 ms | v=7.812 bg=0.00112 ba=0.36990
[tight-lio] t=1317401394.305 corr=2638 lidar=ok rms=0.0605 time=104.18 ms | v=7.850 bg=0.00113 ba=0.36940
[tight-lio] t=1317401394.408 corr=2539 lidar=ok rms=0.0431 time=102.11 ms | v=7.865 bg=0.00120 ba=0.36927
[tight-lio] t=1317401394.512 corr=2413 lidar=ok rms=0.0433 time=97.03 ms | v=7.885 bg=0.00127 ba=0.36922
[tight-lio] t=1317401394.616 corr=2367 lidar=ok rms=0.0496 time=100.82 ms | v=7.905 bg=0.00128 ba=0.36717
[tight-lio] t=1317401394.720 corr=2159 lidar=ok rms=0.0657 time=92.50 ms | v=7.935 bg=0.00140 ba=0.36646
[tight-lio] t=1317401394.823 corr=2175 lidar=ok rms=0.0475 time=99.33 ms | v=7.978 bg=0.00147 ba=0.36543
[tight-lio] t=1317401394.927 corr=2124 lidar=ok rms=0.0748 time=93.91 ms | v=8.001 bg=0.00166 ba=0.36301
[tight-lio] t=1317401395.031 corr=2046 lidar=ok rms=0.0518 time=91.95 ms | v=8.035 bg=0.00181 ba=0.36299
[tight-lio] t=1317401395.135 corr=1875 lidar=ok rms=0.0619 time=84.69 ms | v=8.039 bg=0.00182 ba=0.36164
[tight-lio] t=1317401395.238 corr=1700 lidar=ok rms=0.0721 time=84.94 ms | v=8.020 bg=0.00176 ba=0.35973
[tight-lio] t=1317401395.342 corr=1648 lidar=ok rms=0.0720 time=87.09 ms | v=7.990 bg=0.00158 ba=0.35774
[tight-lio] t=1317401395.446 corr=1610 lidar=ok rms=0.0576 time=84.00 ms | v=7.969 bg=0.00163 ba=0.35826
[tight-lio] t=1317401395.550 corr=1620 lidar=ok rms=0.0519 time=86.21 ms | v=7.942 bg=0.00159 ba=0.35585
[tight-lio] t=1317401395.654 corr=1543 lidar=ok rms=0.0452 time=83.02 ms | v=7.930 bg=0.00158 ba=0.35467
[tight-lio] t=1317401395.757 corr=1484 lidar=ok rms=0.0525 time=77.72 ms | v=7.926 bg=0.00170 ba=0.35583
[tight-lio] t=1317401395.861 corr=1448 lidar=ok rms=0.0546 time=79.63 ms | v=7.904 bg=0.00173 ba=0.35469
[tight-lio] t=1317401395.965 corr=1419 lidar=ok rms=0.0650 time=75.71 ms | v=7.893 bg=0.00163 ba=0.35504
[tight-lio] t=1317401396.069 corr=1410 lidar=ok rms=0.0558 time=88.89 ms | v=7.878 bg=0.00148 ba=0.35649
[tight-lio] t=1317401396.173 corr=1409 lidar=ok rms=0.0638 time=83.54 ms | v=7.852 bg=0.00141 ba=0.35590
[tight-lio] t=1317401396.277 corr=1342 lidar=ok rms=0.0395 time=87.68 ms | v=7.833 bg=0.00136 ba=0.35685
[tight-lio] t=1317401396.381 corr=1299 lidar=ok rms=0.0709 time=72.38 ms | v=7.818 bg=0.00135 ba=0.35752
[tight-lio] t=1317401396.485 corr=1372 lidar=ok rms=0.0555 time=74.21 ms | v=7.810 bg=0.00127 ba=0.35894
[tight-lio] t=1317401396.589 corr=1250 lidar=ok rms=0.0487 time=71.57 ms | v=7.778 bg=0.00117 ba=0.35929
[tight-lio] t=1317401396.693 corr=1271 lidar=ok rms=0.0559 time=71.36 ms | v=7.761 bg=0.00109 ba=0.35989
[tight-lio] t=1317401396.797 corr=1222 lidar=ok rms=0.0652 time=73.70 ms | v=7.768 bg=0.00111 ba=0.35961
[tight-lio] t=1317401396.901 corr=1267 lidar=ok rms=0.0535 time=71.01 ms | v=7.797 bg=0.00128 ba=0.36029
[tight-lio] t=1317401397.005 corr=1193 lidar=ok rms=0.0670 time=73.15 ms | v=7.826 bg=0.00136 ba=0.36026
[tight-lio] t=1317401397.108 corr=1142 lidar=ok rms=0.0562 time=73.51 ms | v=7.832 bg=0.00130 ba=0.36082
[tight-lio] t=1317401397.212 corr=1131 lidar=ok rms=0.0530 time=73.42 ms | v=7.822 bg=0.00124 ba=0.36067
[tight-lio] t=1317401397.316 corr=1268 lidar=ok rms=0.0457 time=71.19 ms | v=7.837 bg=0.00127 ba=0.36169
[tight-lio] t=1317401397.420 corr=1227 lidar=ok rms=0.0560 time=88.23 ms | v=7.849 bg=0.00138 ba=0.36085
[tight-lio] t=1317401397.524 corr=1132 lidar=ok rms=0.0869 time=70.97 ms | v=7.859 bg=0.00147 ba=0.36156
[tight-lio] t=1317401397.628 corr=1108 lidar=ok rms=0.0730 time=67.70 ms | v=7.875 bg=0.00154 ba=0.36171
[tight-lio] t=1317401397.732 corr=1124 lidar=ok rms=0.0851 time=69.63 ms | v=7.896 bg=0.00150 ba=0.36225
[tight-lio] t=1317401397.836 corr=1170 lidar=ok rms=0.0800 time=68.44 ms | v=7.920 bg=0.00149 ba=0.36252
[tight-lio] t=1317401397.940 corr=1143 lidar=ok rms=0.1047 time=71.32 ms | v=7.940 bg=0.00154 ba=0.36309
[tight-lio] t=1317401398.043 corr=1056 lidar=ok rms=0.0830 time=73.13 ms | v=7.963 bg=0.00151 ba=0.36403
[tight-lio] t=1317401398.147 corr=1142 lidar=ok rms=0.0647 time=67.65 ms | v=7.988 bg=0.00138 ba=0.36474
[tight-lio] t=1317401398.251 corr=1092 lidar=ok rms=0.0681 time=68.12 ms | v=8.011 bg=0.00124 ba=0.36524
[tight-lio] t=1317401398.355 corr=1046 lidar=ok rms=0.0544 time=65.17 ms | v=8.017 bg=0.00117 ba=0.36507
[tight-lio] t=1317401398.459 corr=955 lidar=ok rms=0.0630 time=65.06 ms | v=8.049 bg=0.00120 ba=0.36590
[tight-lio] t=1317401398.563 corr=990 lidar=ok rms=0.0564 time=64.20 ms | v=8.075 bg=0.00131 ba=0.36530
[tight-lio] t=1317401398.667 corr=1058 lidar=ok rms=0.0717 time=65.34 ms | v=8.113 bg=0.00149 ba=0.36609
[tight-lio] t=1317401398.771 corr=1071 lidar=ok rms=0.0950 time=47.86 ms | v=8.128 bg=0.00147 ba=0.36608
[tight-lio] t=1317401398.875 corr=1017 lidar=ok rms=0.0554 time=64.22 ms | v=8.141 bg=0.00132 ba=0.36614
[tight-lio] t=1317401398.979 corr=1084 lidar=ok rms=0.0926 time=66.52 ms | v=8.135 bg=0.00121 ba=0.36629
[tight-lio] t=1317401399.083 corr=1006 lidar=ok rms=0.0848 time=67.08 ms | v=8.140 bg=0.00109 ba=0.36650
[tight-lio] t=1317401399.187 corr=985 lidar=ok rms=0.0959 time=62.45 ms | v=8.130 bg=0.00112 ba=0.36609
[tight-lio] t=1317401399.291 corr=968 lidar=ok rms=0.0655 time=60.93 ms | v=8.118 bg=0.00112 ba=0.36526
[tight-lio] t=1317401399.395 corr=1031 lidar=ok rms=0.1063 time=62.80 ms | v=8.105 bg=0.00112 ba=0.36456
[tight-lio] t=1317401399.499 corr=1008 lidar=ok rms=0.0706 time=62.19 ms | v=8.082 bg=0.00115 ba=0.36464
[tight-lio] t=1317401399.603 corr=1062 lidar=ok rms=0.0594 time=65.26 ms | v=8.057 bg=0.00113 ba=0.36464
[tight-lio] t=1317401399.707 corr=1055 lidar=ok rms=0.0614 time=45.46 ms | v=8.018 bg=0.00106 ba=0.36384
[tight-lio] t=1317401399.811 corr=999 lidar=ok rms=0.0610 time=62.56 ms | v=7.995 bg=0.00103 ba=0.36380
[tight-lio] t=1317401399.915 corr=1066 lidar=ok rms=0.0814 time=61.66 ms | v=7.977 bg=0.00108 ba=0.36389
[tight-lio] t=1317401400.019 corr=1198 lidar=ok rms=0.0540 time=46.85 ms | v=7.950 bg=0.00114 ba=0.36410
[tight-lio] t=1317401400.123 corr=1084 lidar=ok rms=0.0537 time=63.17 ms | v=7.917 bg=0.00110 ba=0.36471
[tight-lio] t=1317401400.227 corr=1117 lidar=ok rms=0.0691 time=61.59 ms | v=7.884 bg=0.00105 ba=0.36478
[tight-lio] t=1317401400.331 corr=1017 lidar=ok rms=0.0549 time=60.66 ms | v=7.849 bg=0.00101 ba=0.36527
[tight-lio] t=1317401400.435 corr=927 lidar=ok rms=0.0623 time=58.84 ms | v=7.819 bg=0.00109 ba=0.36543
[tight-lio] t=1317401400.539 corr=840 lidar=ok rms=0.0500 time=57.80 ms | v=7.793 bg=0.00116 ba=0.36615
[tight-lio] t=1317401400.643 corr=920 lidar=ok rms=0.0571 time=59.04 ms | v=7.768 bg=0.00122 ba=0.36629
[tight-lio] t=1317401400.747 corr=914 lidar=ok rms=0.0723 time=59.37 ms | v=7.746 bg=0.00122 ba=0.36710
[tight-lio] t=1317401400.851 corr=930 lidar=ok rms=0.0596 time=43.22 ms | v=7.706 bg=0.00122 ba=0.36665
[tight-lio] t=1317401400.954 corr=908 lidar=ok rms=0.0600 time=59.74 ms | v=7.666 bg=0.00114 ba=0.36665
[tight-lio] t=1317401401.058 corr=915 lidar=ok rms=0.0697 time=41.84 ms | v=7.642 bg=0.00107 ba=0.36748
[tight-lio] t=1317401401.162 corr=809 lidar=ok rms=0.0878 time=55.46 ms | v=7.609 bg=0.00106 ba=0.36670
[tight-lio] t=1317401401.266 corr=774 lidar=ok rms=0.0919 time=58.77 ms | v=7.588 bg=0.00117 ba=0.36656
[tight-lio] t=1317401401.370 corr=727 lidar=ok rms=0.0665 time=54.08 ms | v=7.581 bg=0.00118 ba=0.36639
[tight-lio] t=1317401401.474 corr=766 lidar=ok rms=0.0462 time=54.54 ms | v=7.590 bg=0.00119 ba=0.36630
[tight-lio] t=1317401401.578 corr=757 lidar=ok rms=0.0578 time=55.07 ms | v=7.601 bg=0.00118 ba=0.36584
[tight-lio] t=1317401401.682 corr=713 lidar=ok rms=0.0456 time=53.35 ms | v=7.620 bg=0.00118 ba=0.36622
[tight-lio] t=1317401401.786 corr=751 lidar=ok rms=0.0797 time=54.53 ms | v=7.646 bg=0.00113 ba=0.36667
[tight-lio] t=1317401401.890 corr=656 lidar=ok rms=0.0950 time=38.53 ms | v=7.658 bg=0.00113 ba=0.36644
[tight-lio] t=1317401401.994 corr=672 lidar=ok rms=0.0720 time=37.39 ms | v=7.695 bg=0.00113 ba=0.36687
[tight-lio] t=1317401402.098 corr=683 lidar=ok rms=0.0393 time=60.81 ms | v=7.742 bg=0.00112 ba=0.36669
[tight-lio] t=1317401402.202 corr=630 lidar=ok rms=0.0661 time=53.08 ms | v=7.809 bg=0.00116 ba=0.36765
[tight-lio] t=1317401402.306 corr=650 lidar=ok rms=0.0701 time=53.28 ms | v=7.881 bg=0.00114 ba=0.36825
[tight-lio] t=1317401402.410 corr=693 lidar=ok rms=0.0655 time=54.48 ms | v=7.938 bg=0.00109 ba=0.36661
[tight-lio] t=1317401402.514 corr=691 lidar=ok rms=0.0516 time=55.19 ms | v=8.027 bg=0.00110 ba=0.36752
[tight-lio] t=1317401402.618 corr=725 lidar=ok rms=0.0788 time=53.99 ms | v=8.113 bg=0.00113 ba=0.36764
[tight-lio] t=1317401402.722 corr=727 lidar=ok rms=0.0623 time=55.88 ms | v=8.198 bg=0.00115 ba=0.36756
[tight-lio] t=1317401402.826 corr=734 lidar=ok rms=0.0485 time=59.11 ms | v=8.299 bg=0.00117 ba=0.36808
[tight-lio] t=1317401402.930 corr=826 lidar=ok rms=0.0692 time=58.02 ms | v=8.394 bg=0.00122 ba=0.36869
[tight-lio] t=1317401403.034 corr=787 lidar=ok rms=0.0865 time=57.60 ms | v=8.489 bg=0.00120 ba=0.36946
[tight-lio] t=1317401403.138 corr=846 lidar=ok rms=0.0585 time=57.12 ms | v=8.563 bg=0.00117 ba=0.36948
[tight-lio] t=1317401403.242 corr=851 lidar=ok rms=0.0724 time=58.20 ms | v=8.636 bg=0.00120 ba=0.36951
[tight-lio] t=1317401403.346 corr=916 lidar=ok rms=0.0703 time=60.08 ms | v=8.706 bg=0.00127 ba=0.36990
[tight-lio] t=1317401403.449 corr=1032 lidar=ok rms=0.0768 time=71.55 ms | v=8.766 bg=0.00139 ba=0.37043
[tight-lio] t=1317401403.553 corr=1034 lidar=ok rms=0.0461 time=61.57 ms | v=8.806 bg=0.00134 ba=0.37015
[tight-lio] t=1317401403.657 corr=998 lidar=ok rms=0.0434 time=59.65 ms | v=8.837 bg=0.00124 ba=0.36975
[tight-lio] t=1317401403.761 corr=1049 lidar=ok rms=0.0771 time=60.71 ms | v=8.863 bg=0.00121 ba=0.36901
[tight-lio] t=1317401403.865 corr=996 lidar=ok rms=0.0856 time=60.82 ms | v=8.892 bg=0.00121 ba=0.36837
[tight-lio] t=1317401403.969 corr=980 lidar=ok rms=0.0687 time=62.23 ms | v=8.932 bg=0.00138 ba=0.36783
[tight-lio] t=1317401404.073 corr=935 lidar=ok rms=0.0673 time=60.65 ms | v=8.984 bg=0.00155 ba=0.36736
[tight-lio] t=1317401404.177 corr=992 lidar=ok rms=0.0641 time=63.16 ms | v=9.033 bg=0.00154 ba=0.36670
[tight-lio] t=1317401404.281 corr=1041 lidar=ok rms=0.0793 time=60.63 ms | v=9.060 bg=0.00138 ba=0.36536
[tight-lio] t=1317401404.384 corr=1042 lidar=ok rms=0.0701 time=64.57 ms | v=9.085 bg=0.00124 ba=0.36384
[tight-lio] t=1317401404.488 corr=1101 lidar=ok rms=0.0676 time=61.29 ms | v=9.122 bg=0.00122 ba=0.36336
[tight-lio] t=1317401404.592 corr=1062 lidar=ok rms=0.0763 time=61.27 ms | v=9.164 bg=0.00128 ba=0.36328
[tight-lio] t=1317401404.696 corr=936 lidar=ok rms=0.0849 time=62.87 ms | v=9.197 bg=0.00133 ba=0.36246
[tight-lio] t=1317401404.800 corr=992 lidar=ok rms=0.0473 time=60.49 ms | v=9.251 bg=0.00132 ba=0.36352
[tight-lio] t=1317401404.904 corr=978 lidar=ok rms=0.0608 time=59.75 ms | v=9.292 bg=0.00125 ba=0.36366
[tight-lio] t=1317401405.008 corr=996 lidar=ok rms=0.0690 time=62.72 ms | v=9.313 bg=0.00100 ba=0.36268
[tight-lio] t=1317401405.111 corr=1053 lidar=ok rms=0.0510 time=63.85 ms | v=9.331 bg=0.00081 ba=0.36143
[tight-lio] t=1317401405.215 corr=1092 lidar=ok rms=0.0680 time=61.56 ms | v=9.378 bg=0.00090 ba=0.36122
[tight-lio] t=1317401405.319 corr=1041 lidar=ok rms=0.0716 time=65.05 ms | v=9.425 bg=0.00117 ba=0.35960
[tight-lio] t=1317401405.423 corr=1078 lidar=ok rms=0.0549 time=44.77 ms | v=9.488 bg=0.00119 ba=0.36009
[tight-lio] t=1317401405.527 corr=1102 lidar=ok rms=0.0657 time=61.97 ms | v=9.532 bg=0.00108 ba=0.35959
[tight-lio] t=1317401405.631 corr=1200 lidar=ok rms=0.0657 time=65.06 ms | v=9.608 bg=0.00112 ba=0.36081
[tight-lio] t=1317401405.735 corr=1402 lidar=ok rms=0.0553 time=67.50 ms | v=9.679 bg=0.00126 ba=0.36120
[tight-lio] t=1317401405.839 corr=1578 lidar=ok rms=0.0878 time=70.16 ms | v=9.736 bg=0.00129 ba=0.36060
[tight-lio] t=1317401405.943 corr=1626 lidar=ok rms=0.0624 time=73.41 ms | v=9.792 bg=0.00123 ba=0.36081
[tight-lio] t=1317401406.047 corr=1536 lidar=ok rms=0.0510 time=69.87 ms | v=9.841 bg=0.00119 ba=0.36021
[tight-lio] t=1317401406.151 corr=1543 lidar=ok rms=0.0626 time=48.44 ms | v=9.899 bg=0.00122 ba=0.35982
[tight-lio] t=1317401406.254 corr=1330 lidar=ok rms=0.0679 time=64.85 ms | v=9.970 bg=0.00127 ba=0.36030
[tight-lio] t=1317401406.358 corr=1274 lidar=ok rms=0.0546 time=63.60 ms | v=10.035 bg=0.00124 ba=0.36048
[tight-lio] t=1317401406.462 corr=1102 lidar=ok rms=0.0478 time=44.38 ms | v=10.093 bg=0.00118 ba=0.36017
[tight-lio] t=1317401406.566 corr=1106 lidar=ok rms=0.0493 time=60.52 ms | v=10.148 bg=0.00109 ba=0.35910
[tight-lio] t=1317401406.670 corr=1098 lidar=ok rms=0.0640 time=61.23 ms | v=10.206 bg=0.00106 ba=0.35822
[tight-lio] t=1317401406.774 corr=1135 lidar=ok rms=0.0511 time=44.87 ms | v=10.258 bg=0.00110 ba=0.35720
[tight-lio] t=1317401406.878 corr=1153 lidar=ok rms=0.0451 time=61.78 ms | v=10.314 bg=0.00116 ba=0.35618
[tight-lio] t=1317401406.981 corr=1155 lidar=ok rms=0.0513 time=59.31 ms | v=10.371 bg=0.00118 ba=0.35519
[tight-lio] t=1317401407.085 corr=1116 lidar=ok rms=0.0422 time=60.49 ms | v=10.423 bg=0.00114 ba=0.35463
[tight-lio] t=1317401407.189 corr=1207 lidar=ok rms=0.0417 time=61.62 ms | v=10.477 bg=0.00113 ba=0.35411
[tight-lio] t=1317401407.293 corr=1120 lidar=ok rms=0.0389 time=45.53 ms | v=10.528 bg=0.00123 ba=0.35281
[tight-lio] t=1317401407.397 corr=1136 lidar=ok rms=0.0561 time=62.62 ms | v=10.578 bg=0.00133 ba=0.35222
[tight-lio] t=1317401407.501 corr=1143 lidar=ok rms=0.0445 time=63.12 ms | v=10.598 bg=0.00124 ba=0.35154
[tight-lio] t=1317401407.604 corr=1169 lidar=ok rms=0.0501 time=45.49 ms | v=10.599 bg=0.00115 ba=0.35126
[tight-lio] t=1317401407.708 corr=1145 lidar=ok rms=0.0431 time=61.95 ms | v=10.598 bg=0.00119 ba=0.34989
[tight-lio] t=1317401407.812 corr=1177 lidar=ok rms=0.0603 time=63.55 ms | v=10.599 bg=0.00133 ba=0.34858
[tight-lio] t=1317401407.916 corr=1169 lidar=ok rms=0.0495 time=66.88 ms | v=10.604 bg=0.00140 ba=0.34771
[tight-lio] t=1317401408.020 corr=1185 lidar=ok rms=0.0862 time=63.39 ms | v=10.605 bg=0.00142 ba=0.34712
[tight-lio] t=1317401408.123 corr=1159 lidar=ok rms=0.0892 time=63.86 ms | v=10.591 bg=0.00135 ba=0.34559
[tight-lio] t=1317401408.227 corr=1263 lidar=ok rms=0.0381 time=67.01 ms | v=10.580 bg=0.00127 ba=0.34405
[tight-lio] t=1317401408.331 corr=1206 lidar=ok rms=0.0462 time=67.11 ms | v=10.577 bg=0.00119 ba=0.34351
[tight-lio] t=1317401408.435 corr=1272 lidar=ok rms=0.0421 time=65.53 ms | v=10.570 bg=0.00115 ba=0.34266
[tight-lio] t=1317401408.539 corr=1245 lidar=ok rms=0.0543 time=71.17 ms | v=10.579 bg=0.00118 ba=0.34236
[tight-lio] t=1317401408.643 corr=1146 lidar=ok rms=0.0575 time=62.27 ms | v=10.594 bg=0.00124 ba=0.34214
[tight-lio] t=1317401408.746 corr=1149 lidar=ok rms=0.0435 time=62.87 ms | v=10.589 bg=0.00123 ba=0.34075
[tight-lio] t=1317401408.850 corr=1080 lidar=ok rms=0.0867 time=63.25 ms | v=10.598 bg=0.00116 ba=0.34077
[tight-lio] t=1317401408.954 corr=1104 lidar=ok rms=0.0602 time=60.67 ms | v=10.608 bg=0.00118 ba=0.34071
[tight-lio] t=1317401409.058 corr=1089 lidar=ok rms=0.0717 time=47.15 ms | v=10.622 bg=0.00128 ba=0.34046
[tight-lio] t=1317401409.162 corr=1151 lidar=ok rms=0.0499 time=68.04 ms | v=10.626 bg=0.00127 ba=0.33943
[tight-lio] t=1317401409.266 corr=1083 lidar=ok rms=0.0421 time=47.53 ms | v=10.633 bg=0.00125 ba=0.33949
[tight-lio] t=1317401409.369 corr=1065 lidar=ok rms=0.0836 time=66.90 ms | v=10.645 bg=0.00126 ba=0.33889
[tight-lio] t=1317401409.473 corr=1123 lidar=ok rms=0.0442 time=66.44 ms | v=10.670 bg=0.00136 ba=0.33924
[tight-lio] t=1317401409.577 corr=1060 lidar=ok rms=0.0545 time=65.44 ms | v=10.681 bg=0.00135 ba=0.33846
[tight-lio] t=1317401409.681 corr=1140 lidar=ok rms=0.0709 time=68.03 ms | v=10.676 bg=0.00129 ba=0.33732
[tight-lio] t=1317401409.785 corr=1272 lidar=ok rms=0.0645 time=68.87 ms | v=10.695 bg=0.00128 ba=0.33754
[tight-lio] t=1317401409.889 corr=1266 lidar=ok rms=0.0398 time=68.22 ms | v=10.702 bg=0.00131 ba=0.33650
[tight-lio] t=1317401409.992 corr=1359 lidar=ok rms=0.0438 time=68.72 ms | v=10.706 bg=0.00135 ba=0.33596
[tight-lio] t=1317401410.096 corr=1338 lidar=ok rms=0.0596 time=73.48 ms | v=10.694 bg=0.00126 ba=0.33503
[tight-lio] t=1317401410.200 corr=1195 lidar=ok rms=0.0498 time=66.35 ms | v=10.693 bg=0.00123 ba=0.33548
[tight-lio] t=1317401410.304 corr=1189 lidar=ok rms=0.0666 time=66.27 ms | v=10.683 bg=0.00121 ba=0.33530
[tight-lio] t=1317401410.408 corr=1140 lidar=ok rms=0.0698 time=47.31 ms | v=10.661 bg=0.00121 ba=0.33475
[tight-lio] t=1317401410.511 corr=1158 lidar=ok rms=0.0663 time=64.39 ms | v=10.626 bg=0.00124 ba=0.33347
[tight-lio] t=1317401410.615 corr=1103 lidar=ok rms=0.0482 time=65.18 ms | v=10.558 bg=0.00131 ba=0.33408
[tight-lio] t=1317401410.719 corr=1047 lidar=ok rms=0.0643 time=65.03 ms | v=10.410 bg=0.00129 ba=0.33226
[tight-lio] t=1317401410.823 corr=1083 lidar=ok rms=0.0567 time=63.66 ms | v=10.234 bg=0.00124 ba=0.33016
[tight-lio] t=1317401410.927 corr=1112 lidar=ok rms=0.0655 time=64.68 ms | v=10.038 bg=0.00123 ba=0.32824
[tight-lio] t=1317401411.030 corr=1099 lidar=ok rms=0.0582 time=64.56 ms | v=9.830 bg=0.00123 ba=0.32650
[tight-lio] t=1317401411.134 corr=981 lidar=ok rms=0.0845 time=67.99 ms | v=9.618 bg=0.00128 ba=0.32564
[tight-lio] t=1317401411.238 corr=941 lidar=ok rms=0.0629 time=62.70 ms | v=9.379 bg=0.00135 ba=0.32319
[tight-lio] t=1317401411.342 corr=1015 lidar=ok rms=0.0777 time=63.39 ms | v=9.136 bg=0.00142 ba=0.32070
[tight-lio] t=1317401411.445 corr=972 lidar=ok rms=0.0676 time=61.17 ms | v=8.896 bg=0.00144 ba=0.31931
[tight-lio] t=1317401411.549 corr=855 lidar=ok rms=0.0972 time=60.11 ms | v=8.691 bg=0.00139 ba=0.32060
[tight-lio] t=1317401411.653 corr=955 lidar=ok rms=0.0607 time=60.05 ms | v=8.510 bg=0.00130 ba=0.31943
[tight-lio] t=1317401411.757 corr=1066 lidar=ok rms=0.0562 time=62.18 ms | v=8.429 bg=0.00118 ba=0.31845
[tight-lio] t=1317401411.861 corr=1180 lidar=ok rms=0.0469 time=65.46 ms | v=8.403 bg=0.00119 ba=0.31803
[tight-lio] t=1317401411.965 corr=1153 lidar=ok rms=0.0568 time=66.82 ms | v=8.372 bg=0.00127 ba=0.31558
[tight-lio] t=1317401412.069 corr=1173 lidar=ok rms=0.0597 time=69.38 ms | v=8.359 bg=0.00129 ba=0.31507
[tight-lio] t=1317401412.173 corr=1063 lidar=ok rms=0.0647 time=60.69 ms | v=8.338 bg=0.00128 ba=0.31451
[tight-lio] t=1317401412.276 corr=1065 lidar=ok rms=0.0731 time=59.90 ms | v=8.323 bg=0.00127 ba=0.31458
[tight-lio] t=1317401412.380 corr=997 lidar=ok rms=0.0859 time=57.36 ms | v=8.308 bg=0.00127 ba=0.31467
[tight-lio] t=1317401412.484 corr=1028 lidar=ok rms=0.0707 time=41.78 ms | v=8.291 bg=0.00129 ba=0.31444
[tight-lio] t=1317401412.588 corr=969 lidar=ok rms=0.1002 time=59.81 ms | v=8.275 bg=0.00126 ba=0.31491
[tight-lio] t=1317401412.692 corr=949 lidar=ok rms=0.0828 time=41.59 ms | v=8.246 bg=0.00124 ba=0.31402
[tight-lio] t=1317401412.796 corr=868 lidar=ok rms=0.0779 time=40.85 ms | v=8.251 bg=0.00123 ba=0.31373
[tight-lio] t=1317401412.900 corr=962 lidar=ok rms=0.0712 time=57.71 ms | v=8.273 bg=0.00126 ba=0.31268
[tight-lio] t=1317401413.003 corr=945 lidar=ok rms=0.0618 time=57.40 ms | v=8.316 bg=0.00134 ba=0.31270
[tight-lio] t=1317401413.107 corr=1011 lidar=ok rms=0.0651 time=59.01 ms | v=8.361 bg=0.00133 ba=0.31254
[tight-lio] t=1317401413.211 corr=991 lidar=ok rms=0.0858 time=57.57 ms | v=8.398 bg=0.00133 ba=0.31198
[tight-lio] t=1317401413.315 corr=988 lidar=ok rms=0.0840 time=56.78 ms | v=8.446 bg=0.00134 ba=0.31204
[tight-lio] t=1317401413.419 corr=866 lidar=ok rms=0.0882 time=54.87 ms | v=8.495 bg=0.00133 ba=0.31186
[tight-lio] t=1317401413.523 corr=821 lidar=ok rms=0.0540 time=55.44 ms | v=8.546 bg=0.00133 ba=0.31158
[tight-lio] t=1317401413.627 corr=845 lidar=ok rms=0.0624 time=54.90 ms | v=8.593 bg=0.00132 ba=0.31090
[tight-lio] t=1317401413.731 corr=870 lidar=ok rms=0.0603 time=40.56 ms | v=8.637 bg=0.00124 ba=0.31003
[tight-lio] t=1317401413.835 corr=824 lidar=ok rms=0.0904 time=54.72 ms | v=8.689 bg=0.00125 ba=0.30961
[tight-lio] t=1317401413.939 corr=878 lidar=ok rms=0.0685 time=56.31 ms | v=8.736 bg=0.00130 ba=0.30841
[tight-lio] t=1317401414.043 corr=902 lidar=ok rms=0.0754 time=61.86 ms | v=8.799 bg=0.00137 ba=0.30816
[tight-lio] t=1317401414.147 corr=965 lidar=ok rms=0.0727 time=59.16 ms | v=8.861 bg=0.00132 ba=0.30774
[tight-lio] t=1317401414.251 corr=947 lidar=ok rms=0.0678 time=57.84 ms | v=8.922 bg=0.00129 ba=0.30765
[tight-lio] t=1317401414.355 corr=1075 lidar=ok rms=0.0836 time=59.97 ms | v=8.973 bg=0.00129 ba=0.30613
[tight-lio] t=1317401414.459 corr=1005 lidar=ok rms=0.0828 time=59.75 ms | v=9.034 bg=0.00127 ba=0.30570
[tight-lio] t=1317401414.562 corr=1112 lidar=ok rms=0.0651 time=61.92 ms | v=9.098 bg=0.00128 ba=0.30479
[tight-lio] t=1317401414.666 corr=1091 lidar=ok rms=0.0737 time=68.09 ms | v=9.160 bg=0.00129 ba=0.30379
[tight-lio] t=1317401414.770 corr=1178 lidar=ok rms=0.0615 time=60.50 ms | v=9.228 bg=0.00132 ba=0.30297
[tight-lio] t=1317401414.874 corr=1125 lidar=ok rms=0.0978 time=62.47 ms | v=9.302 bg=0.00133 ba=0.30236
[tight-lio] t=1317401414.978 corr=1199 lidar=ok rms=0.0530 time=62.82 ms | v=9.375 bg=0.00136 ba=0.30158
[tight-lio] t=1317401415.082 corr=1198 lidar=ok rms=0.0686 time=45.78 ms | v=9.434 bg=0.00132 ba=0.29986
[tight-lio] t=1317401415.186 corr=1179 lidar=ok rms=0.0502 time=62.36 ms | v=9.498 bg=0.00125 ba=0.29876
[tight-lio] t=1317401415.290 corr=1092 lidar=ok rms=0.0730 time=60.08 ms | v=9.580 bg=0.00127 ba=0.29827
[tight-lio] t=1317401415.394 corr=1085 lidar=ok rms=0.0470 time=59.12 ms | v=9.665 bg=0.00132 ba=0.29764
[tight-lio] t=1317401415.498 corr=990 lidar=ok rms=0.0562 time=60.05 ms | v=9.738 bg=0.00132 ba=0.29682
[tight-lio] t=1317401415.602 corr=997 lidar=ok rms=0.0615 time=41.29 ms | v=9.812 bg=0.00133 ba=0.29700
[tight-lio] t=1317401415.706 corr=972 lidar=ok rms=0.0544 time=58.45 ms | v=9.872 bg=0.00133 ba=0.29643
[tight-lio] t=1317401415.810 corr=961 lidar=ok rms=0.0659 time=69.41 ms | v=9.929 bg=0.00133 ba=0.29605
[tight-lio] t=1317401415.914 corr=1063 lidar=ok rms=0.0700 time=42.69 ms | v=9.986 bg=0.00128 ba=0.29577
[tight-lio] t=1317401416.018 corr=1111 lidar=ok rms=0.0574 time=43.11 ms | v=10.032 bg=0.00132 ba=0.29390
[tight-lio] t=1317401416.121 corr=1056 lidar=ok rms=0.0760 time=41.62 ms | v=10.089 bg=0.00130 ba=0.29317
[tight-lio] t=1317401416.225 corr=1017 lidar=ok rms=0.0527 time=57.00 ms | v=10.133 bg=0.00131 ba=0.29122
[tight-lio] t=1317401416.329 corr=1055 lidar=ok rms=0.0820 time=56.71 ms | v=10.187 bg=0.00129 ba=0.28980
[tight-lio] t=1317401416.433 corr=1043 lidar=ok rms=0.0491 time=59.40 ms | v=10.245 bg=0.00131 ba=0.28855
[tight-lio] t=1317401416.537 corr=1008 lidar=ok rms=0.0764 time=39.79 ms | v=10.306 bg=0.00129 ba=0.28784
[tight-lio] t=1317401416.641 corr=958 lidar=ok rms=0.0562 time=57.66 ms | v=10.367 bg=0.00125 ba=0.28732
[tight-lio] t=1317401416.745 corr=959 lidar=ok rms=0.0524 time=58.81 ms | v=10.420 bg=0.00122 ba=0.28611
[tight-lio] t=1317401416.849 corr=1033 lidar=ok rms=0.0568 time=40.53 ms | v=10.476 bg=0.00120 ba=0.28508
[tight-lio] t=1317401416.953 corr=941 lidar=ok rms=0.0353 time=55.81 ms | v=10.535 bg=0.00123 ba=0.28403
[tight-lio] t=1317401417.057 corr=997 lidar=ok rms=0.0417 time=39.46 ms | v=10.604 bg=0.00125 ba=0.28404
[tight-lio] t=1317401417.161 corr=1054 lidar=ok rms=0.0572 time=57.40 ms | v=10.659 bg=0.00125 ba=0.28275
[tight-lio] t=1317401417.265 corr=1096 lidar=ok rms=0.0517 time=42.88 ms | v=10.721 bg=0.00122 ba=0.28251
[tight-lio] t=1317401417.368 corr=1031 lidar=ok rms=0.0581 time=57.52 ms | v=10.776 bg=0.00123 ba=0.28186
[tight-lio] t=1317401417.472 corr=1045 lidar=ok rms=0.0703 time=58.83 ms | v=10.820 bg=0.00119 ba=0.28038
[tight-lio] t=1317401417.576 corr=1079 lidar=ok rms=0.0502 time=59.75 ms | v=10.871 bg=0.00119 ba=0.27940
[tight-lio] t=1317401417.680 corr=1030 lidar=ok rms=0.0560 time=59.43 ms | v=10.916 bg=0.00123 ba=0.27802
[tight-lio] t=1317401417.784 corr=1016 lidar=ok rms=0.0395 time=55.99 ms | v=10.972 bg=0.00127 ba=0.27758
[tight-lio] t=1317401417.888 corr=995 lidar=ok rms=0.0523 time=58.78 ms | v=11.039 bg=0.00142 ba=0.27747
[tight-lio] t=1317401417.992 corr=1005 lidar=ok rms=0.0887 time=61.34 ms | v=11.091 bg=0.00159 ba=0.27532
[tight-lio] t=1317401418.096 corr=996 lidar=ok rms=0.0493 time=60.76 ms | v=11.137 bg=0.00159 ba=0.27346
[tight-lio] t=1317401418.199 corr=980 lidar=ok rms=0.0365 time=59.45 ms | v=11.181 bg=0.00139 ba=0.27298
[tight-lio] t=1317401418.303 corr=1004 lidar=ok rms=0.1196 time=44.44 ms | v=11.210 bg=0.00134 ba=0.27093
[tight-lio] t=1317401418.407 corr=1118 lidar=ok rms=0.0583 time=62.41 ms | v=11.247 bg=0.00140 ba=0.26929
[tight-lio] t=1317401418.511 corr=1176 lidar=ok rms=0.0706 time=64.12 ms | v=11.264 bg=0.00146 ba=0.26659
[tight-lio] t=1317401418.615 corr=1252 lidar=ok rms=0.0545 time=64.33 ms | v=11.287 bg=0.00146 ba=0.26543
[tight-lio] t=1317401418.719 corr=1109 lidar=ok rms=0.0420 time=62.63 ms | v=11.309 bg=0.00142 ba=0.26527
[tight-lio] t=1317401418.822 corr=1175 lidar=ok rms=0.0423 time=65.46 ms | v=11.317 bg=0.00132 ba=0.26485
[tight-lio] t=1317401418.926 corr=1232 lidar=ok rms=0.0817 time=65.01 ms | v=11.299 bg=0.00121 ba=0.26307
[tight-lio] t=1317401419.030 corr=1292 lidar=ok rms=0.0570 time=45.85 ms | v=11.284 bg=0.00120 ba=0.26177
[tight-lio] t=1317401419.134 corr=1316 lidar=ok rms=0.0621 time=67.96 ms | v=11.270 bg=0.00125 ba=0.26039
[tight-lio] t=1317401419.238 corr=1316 lidar=ok rms=0.0514 time=72.52 ms | v=11.243 bg=0.00138 ba=0.25870
[tight-lio] t=1317401419.341 corr=1360 lidar=ok rms=0.0552 time=69.07 ms | v=11.212 bg=0.00141 ba=0.25665
[tight-lio] t=1317401419.445 corr=1333 lidar=ok rms=0.0480 time=67.68 ms | v=11.188 bg=0.00133 ba=0.25622
[tight-lio] t=1317401419.549 corr=1330 lidar=ok rms=0.0527 time=49.42 ms | v=11.156 bg=0.00126 ba=0.25554
[tight-lio] t=1317401419.653 corr=1298 lidar=ok rms=0.0613 time=67.78 ms | v=11.118 bg=0.00126 ba=0.25371
[tight-lio] t=1317401419.757 corr=1327 lidar=ok rms=0.0798 time=69.65 ms | v=11.082 bg=0.00135 ba=0.25253
[tight-lio] t=1317401419.860 corr=1246 lidar=ok rms=0.0408 time=68.15 ms | v=11.047 bg=0.00142 ba=0.25080
[tight-lio] t=1317401419.964 corr=1250 lidar=ok rms=0.0477 time=70.31 ms | v=11.002 bg=0.00143 ba=0.24901
[tight-lio] t=1317401420.068 corr=1202 lidar=ok rms=0.0409 time=66.64 ms | v=10.962 bg=0.00139 ba=0.24758
[tight-lio] t=1317401420.172 corr=1189 lidar=ok rms=0.0702 time=65.81 ms | v=10.918 bg=0.00135 ba=0.24651
[tight-lio] t=1317401420.275 corr=1276 lidar=ok rms=0.0608 time=66.18 ms | v=10.862 bg=0.00128 ba=0.24481
[tight-lio] t=1317401420.379 corr=1201 lidar=ok rms=0.0613 time=70.14 ms | v=10.801 bg=0.00123 ba=0.24301
[tight-lio] t=1317401420.483 corr=1170 lidar=ok rms=0.0597 time=67.91 ms | v=10.745 bg=0.00130 ba=0.24081
[tight-lio] t=1317401420.587 corr=1199 lidar=ok rms=0.0621 time=65.15 ms | v=10.704 bg=0.00141 ba=0.23984
[tight-lio] t=1317401420.690 corr=1139 lidar=ok rms=0.0802 time=64.08 ms | v=10.659 bg=0.00142 ba=0.23905
[tight-lio] t=1317401420.794 corr=1126 lidar=ok rms=0.0960 time=67.30 ms | v=10.599 bg=0.00138 ba=0.23697
[tight-lio] t=1317401420.898 corr=1155 lidar=ok rms=0.0489 time=65.45 ms | v=10.556 bg=0.00131 ba=0.23663
[tight-lio] t=1317401421.002 corr=1189 lidar=ok rms=0.0531 time=47.64 ms | v=10.508 bg=0.00132 ba=0.23568
[tight-lio] t=1317401421.106 corr=1233 lidar=ok rms=0.0433 time=47.00 ms | v=10.469 bg=0.00142 ba=0.23503
[tight-lio] t=1317401421.210 corr=1162 lidar=ok rms=0.0396 time=63.54 ms | v=10.419 bg=0.00143 ba=0.23337
[tight-lio] t=1317401421.313 corr=1155 lidar=ok rms=0.0413 time=63.35 ms | v=10.370 bg=0.00144 ba=0.23162
[tight-lio] t=1317401421.417 corr=1121 lidar=ok rms=0.0478 time=63.12 ms | v=10.319 bg=0.00147 ba=0.23014
[tight-lio] t=1317401421.521 corr=1125 lidar=ok rms=0.0562 time=62.83 ms | v=10.283 bg=0.00144 ba=0.22999
[tight-lio] t=1317401421.625 corr=1180 lidar=ok rms=0.0550 time=62.15 ms | v=10.238 bg=0.00139 ba=0.22927
[tight-lio] t=1317401421.729 corr=1136 lidar=ok rms=0.0537 time=65.17 ms | v=10.197 bg=0.00133 ba=0.22871
[tight-lio] t=1317401421.832 corr=1119 lidar=ok rms=0.0512 time=62.01 ms | v=10.160 bg=0.00143 ba=0.22737
[tight-lio] t=1317401421.936 corr=1051 lidar=ok rms=0.0411 time=43.12 ms | v=10.139 bg=0.00150 ba=0.22742
[tight-lio] t=1317401422.040 corr=1015 lidar=ok rms=0.0619 time=60.24 ms | v=10.105 bg=0.00144 ba=0.22703
[tight-lio] t=1317401422.144 corr=1027 lidar=ok rms=0.0403 time=61.58 ms | v=10.052 bg=0.00128 ba=0.22578
[tight-lio] t=1317401422.248 corr=1028 lidar=ok rms=0.0501 time=61.21 ms | v=10.011 bg=0.00120 ba=0.22496
[tight-lio] t=1317401422.351 corr=1120 lidar=ok rms=0.0787 time=63.13 ms | v=9.960 bg=0.00122 ba=0.22277
[tight-lio] t=1317401422.455 corr=1008 lidar=ok rms=0.0425 time=58.35 ms | v=9.936 bg=0.00131 ba=0.22231
[tight-lio] t=1317401422.559 corr=1022 lidar=ok rms=0.0633 time=62.30 ms | v=9.907 bg=0.00138 ba=0.22171
[tight-lio] t=1317401422.663 corr=1053 lidar=ok rms=0.0449 time=61.68 ms | v=9.859 bg=0.00128 ba=0.22020
[tight-lio] t=1317401422.767 corr=1009 lidar=ok rms=0.0953 time=60.07 ms | v=9.818 bg=0.00124 ba=0.21937
[tight-lio] t=1317401422.870 corr=1066 lidar=ok rms=0.0500 time=60.76 ms | v=9.784 bg=0.00133 ba=0.21808
[tight-lio] t=1317401422.974 corr=1032 lidar=ok rms=0.0527 time=61.16 ms | v=9.755 bg=0.00144 ba=0.21707
[tight-lio] t=1317401423.078 corr=1003 lidar=ok rms=0.0459 time=59.57 ms | v=9.713 bg=0.00139 ba=0.21597
[tight-lio] t=1317401423.182 corr=1023 lidar=ok rms=0.0528 time=59.56 ms | v=9.673 bg=0.00132 ba=0.21522
[tight-lio] t=1317401423.286 corr=960 lidar=ok rms=0.0616 time=40.55 ms | v=9.639 bg=0.00127 ba=0.21500
[tight-lio] t=1317401423.389 corr=989 lidar=ok rms=0.0756 time=60.82 ms | v=9.602 bg=0.00123 ba=0.21409
[tight-lio] t=1317401423.493 corr=934 lidar=ok rms=0.0496 time=41.57 ms | v=9.568 bg=0.00128 ba=0.21332
[tight-lio] t=1317401423.597 corr=937 lidar=ok rms=0.0462 time=61.27 ms | v=9.536 bg=0.00136 ba=0.21256
[tight-lio] t=1317401423.701 corr=911 lidar=ok rms=0.0633 time=41.10 ms | v=9.504 bg=0.00136 ba=0.21203
[tight-lio] t=1317401423.805 corr=917 lidar=ok rms=0.0684 time=60.45 ms | v=9.454 bg=0.00136 ba=0.21010
[tight-lio] t=1317401423.909 corr=906 lidar=ok rms=0.0466 time=57.97 ms | v=9.406 bg=0.00138 ba=0.20811
[tight-lio] t=1317401424.013 corr=899 lidar=ok rms=0.0405 time=60.02 ms | v=9.392 bg=0.00138 ba=0.20920
[tight-lio] t=1317401424.116 corr=928 lidar=ok rms=0.0482 time=61.85 ms | v=9.356 bg=0.00132 ba=0.20863
[tight-lio] t=1317401424.220 corr=951 lidar=ok rms=0.0859 time=43.88 ms | v=9.307 bg=0.00124 ba=0.20700
[tight-lio] t=1317401424.324 corr=970 lidar=ok rms=0.0731 time=61.18 ms | v=9.245 bg=0.00125 ba=0.20385
[tight-lio] t=1317401424.428 corr=1003 lidar=ok rms=0.0728 time=62.68 ms | v=9.200 bg=0.00129 ba=0.20199
[tight-lio] t=1317401424.532 corr=978 lidar=ok rms=0.0639 time=61.48 ms | v=9.161 bg=0.00126 ba=0.20126
[tight-lio] t=1317401424.636 corr=1120 lidar=ok rms=0.0543 time=67.68 ms | v=9.106 bg=0.00129 ba=0.19971
[tight-lio] t=1317401424.739 corr=1104 lidar=ok rms=0.0555 time=66.20 ms | v=9.052 bg=0.00128 ba=0.19807
[tight-lio] t=1317401424.843 corr=1133 lidar=ok rms=0.0469 time=45.26 ms | v=9.004 bg=0.00128 ba=0.19808
[tight-lio] t=1317401424.947 corr=1159 lidar=ok rms=0.0393 time=68.24 ms | v=8.954 bg=0.00131 ba=0.19709
[tight-lio] t=1317401425.050 corr=1132 lidar=ok rms=0.0329 time=68.26 ms | v=8.907 bg=0.00136 ba=0.19713
[tight-lio] t=1317401425.154 corr=1182 lidar=ok rms=0.0415 time=52.33 ms | v=8.853 bg=0.00157 ba=0.19492
[tight-lio] t=1317401425.258 corr=1213 lidar=ok rms=0.0358 time=74.13 ms | v=8.821 bg=0.00175 ba=0.19464
[tight-lio] t=1317401425.361 corr=1258 lidar=ok rms=0.0349 time=75.18 ms | v=8.782 bg=0.00193 ba=0.19358
[tight-lio] t=1317401425.465 corr=1311 lidar=ok rms=0.0459 time=72.64 ms | v=8.762 bg=0.00199 ba=0.19454
[tight-lio] t=1317401425.569 corr=1277 lidar=ok rms=0.0578 time=71.33 ms | v=8.716 bg=0.00198 ba=0.19327
[tight-lio] t=1317401425.672 corr=1305 lidar=ok rms=0.0637 time=76.87 ms | v=8.651 bg=0.00205 ba=0.18998
[tight-lio] t=1317401425.776 corr=1306 lidar=ok rms=0.0518 time=70.65 ms | v=8.596 bg=0.00200 ba=0.18798
[tight-lio] t=1317401425.880 corr=1370 lidar=ok rms=0.0508 time=56.08 ms | v=8.548 bg=0.00197 ba=0.18665
[tight-lio] t=1317401425.984 corr=1410 lidar=ok rms=0.0464 time=78.48 ms | v=8.490 bg=0.00198 ba=0.18404
[tight-lio] t=1317401426.087 corr=1482 lidar=ok rms=0.0417 time=74.40 ms | v=8.441 bg=0.00202 ba=0.18246
[tight-lio] t=1317401426.191 corr=1509 lidar=ok rms=0.0685 time=81.42 ms | v=8.401 bg=0.00199 ba=0.18116
[tight-lio] t=1317401426.295 corr=1575 lidar=ok rms=0.0615 time=78.86 ms | v=8.329 bg=0.00199 ba=0.17753
[tight-lio] t=1317401426.399 corr=1537 lidar=ok rms=0.0557 time=84.19 ms | v=8.287 bg=0.00188 ba=0.17522
[tight-lio] t=1317401426.503 corr=1537 lidar=ok rms=0.0458 time=79.44 ms | v=8.231 bg=0.00177 ba=0.17367
[tight-lio] t=1317401426.606 corr=1599 lidar=ok rms=0.0711 time=78.85 ms | v=8.153 bg=0.00169 ba=0.17017
[tight-lio] t=1317401426.710 corr=1671 lidar=ok rms=0.0409 time=82.43 ms | v=8.074 bg=0.00158 ba=0.16819
[tight-lio] t=1317401426.814 corr=1607 lidar=ok rms=0.0630 time=76.65 ms | v=7.982 bg=0.00150 ba=0.16591
[tight-lio] t=1317401426.918 corr=1669 lidar=ok rms=0.0482 time=78.35 ms | v=7.875 bg=0.00139 ba=0.16299
[tight-lio] t=1317401427.023 corr=1654 lidar=ok rms=0.0605 time=83.32 ms | v=7.754 bg=0.00127 ba=0.16003
[tight-lio] t=1317401427.127 corr=1637 lidar=ok rms=0.0496 time=78.77 ms | v=7.654 bg=0.00126 ba=0.15967
[tight-lio] t=1317401427.231 corr=1688 lidar=ok rms=0.0618 time=61.78 ms | v=7.530 bg=0.00125 ba=0.15599
[tight-lio] t=1317401427.335 corr=1634 lidar=ok rms=0.0442 time=101.60 ms | v=7.431 bg=0.00128 ba=0.15338
[tight-lio] t=1317401427.439 corr=1678 lidar=ok rms=0.0493 time=78.24 ms | v=7.355 bg=0.00133 ba=0.15295
[tight-lio] t=1317401427.543 corr=1623 lidar=ok rms=0.0482 time=79.38 ms | v=7.270 bg=0.00134 ba=0.15167
[tight-lio] t=1317401427.648 corr=1664 lidar=ok rms=0.0622 time=57.55 ms | v=7.162 bg=0.00138 ba=0.14976
[tight-lio] t=1317401427.752 corr=1755 lidar=ok rms=0.0658 time=87.67 ms | v=7.048 bg=0.00145 ba=0.14703
[tight-lio] t=1317401427.856 corr=1807 lidar=ok rms=0.0588 time=90.57 ms | v=6.925 bg=0.00169 ba=0.14470
[tight-lio] t=1317401427.961 corr=1796 lidar=ok rms=0.0521 time=85.48 ms | v=6.805 bg=0.00189 ba=0.14357
[tight-lio] t=1317401428.065 corr=1783 lidar=ok rms=0.0541 time=88.29 ms | v=6.709 bg=0.00209 ba=0.14479
[tight-lio] t=1317401428.170 corr=1778 lidar=ok rms=0.0464 time=86.49 ms | v=6.656 bg=0.00221 ba=0.14581
[tight-lio] t=1317401428.274 corr=1681 lidar=ok rms=0.0446 time=61.11 ms | v=6.615 bg=0.00239 ba=0.14668
[tight-lio] t=1317401428.378 corr=1766 lidar=ok rms=0.0507 time=91.72 ms | v=6.572 bg=0.00263 ba=0.14618
[tight-lio] t=1317401428.483 corr=1617 lidar=ok rms=0.0765 time=94.63 ms | v=6.539 bg=0.00254 ba=0.14627
[tight-lio] t=1317401428.587 corr=1639 lidar=ok rms=0.0435 time=81.53 ms | v=6.499 bg=0.00264 ba=0.14588
[tight-lio] t=1317401428.691 corr=1596 lidar=ok rms=0.0410 time=86.05 ms | v=6.462 bg=0.00272 ba=0.14628
[tight-lio] t=1317401428.796 corr=1679 lidar=ok rms=0.0658 time=83.26 ms | v=6.409 bg=0.00289 ba=0.14635
[tight-lio] t=1317401428.900 corr=1630 lidar=ok rms=0.0746 time=88.50 ms | v=6.401 bg=0.00309 ba=0.15000
[tight-lio] t=1317401429.004 corr=1658 lidar=ok rms=0.0644 time=81.95 ms | v=6.368 bg=0.00321 ba=0.15103
[tight-lio] t=1317401429.108 corr=1657 lidar=ok rms=0.0427 time=59.47 ms | v=6.321 bg=0.00327 ba=0.15101
[tight-lio] t=1317401429.213 corr=1689 lidar=ok rms=0.0566 time=85.18 ms | v=6.299 bg=0.00329 ba=0.15257
[tight-lio] t=1317401429.317 corr=1553 lidar=ok rms=0.0537 time=79.15 ms | v=6.282 bg=0.00322 ba=0.15413
[tight-lio] t=1317401429.421 corr=1529 lidar=ok rms=0.0539 time=78.95 ms | v=6.237 bg=0.00321 ba=0.15309
[tight-lio] t=1317401429.525 corr=1530 lidar=ok rms=0.0502 time=79.27 ms | v=6.205 bg=0.00324 ba=0.15262
[tight-lio] t=1317401429.629 corr=1552 lidar=ok rms=0.0415 time=83.10 ms | v=6.179 bg=0.00316 ba=0.15265
[tight-lio] t=1317401429.733 corr=1591 lidar=ok rms=0.0563 time=80.93 ms | v=6.177 bg=0.00328 ba=0.15254
[tight-lio] t=1317401429.837 corr=1584 lidar=ok rms=0.0474 time=76.36 ms | v=6.175 bg=0.00329 ba=0.15218
[tight-lio] t=1317401429.942 corr=1595 lidar=ok rms=0.0478 time=82.18 ms | v=6.155 bg=0.00333 ba=0.15115
[tight-lio] t=1317401430.046 corr=1596 lidar=ok rms=0.0534 time=81.93 ms | v=6.122 bg=0.00330 ba=0.15024
[tight-lio] t=1317401430.150 corr=1554 lidar=ok rms=0.0446 time=80.29 ms | v=6.087 bg=0.00320 ba=0.14970
[tight-lio] t=1317401430.254 corr=1695 lidar=ok rms=0.0497 time=81.91 ms | v=6.023 bg=0.00316 ba=0.14912
[tight-lio] t=1317401430.358 corr=1683 lidar=ok rms=0.0561 time=90.04 ms | v=5.848 bg=0.00304 ba=0.14678
[tight-lio] t=1317401430.462 corr=1767 lidar=ok rms=0.0523 time=86.59 ms | v=5.649 bg=0.00297 ba=0.14645
[tight-lio] t=1317401430.566 corr=1825 lidar=ok rms=0.0437 time=84.96 ms | v=5.427 bg=0.00295 ba=0.14542
[tight-lio] t=1317401430.670 corr=1829 lidar=ok rms=0.0442 time=84.68 ms | v=5.178 bg=0.00290 ba=0.14315
[tight-lio] t=1317401430.773 corr=1757 lidar=ok rms=0.0382 time=83.70 ms | v=4.918 bg=0.00284 ba=0.14089
[tight-lio] t=1317401430.877 corr=1815 lidar=ok rms=0.0352 time=85.43 ms | v=4.652 bg=0.00276 ba=0.13826
[tight-lio] t=1317401430.981 corr=1750 lidar=ok rms=0.0336 time=83.23 ms | v=4.409 bg=0.00274 ba=0.13714
[tight-lio] t=1317401431.085 corr=1792 lidar=ok rms=0.0574 time=87.29 ms | v=4.181 bg=0.00280 ba=0.13436
[tight-lio] t=1317401431.189 corr=1973 lidar=ok rms=0.0394 time=88.74 ms | v=3.999 bg=0.00282 ba=0.13385
[tight-lio] t=1317401431.293 corr=2027 lidar=ok rms=0.0517 time=88.00 ms | v=3.815 bg=0.00278 ba=0.13317
[tight-lio] t=1317401431.397 corr=1961 lidar=ok rms=0.0530 time=96.17 ms | v=3.680 bg=0.00279 ba=0.13076
[tight-lio] t=1317401431.501 corr=2001 lidar=ok rms=0.0406 time=94.94 ms | v=3.626 bg=0.00286 ba=0.12957
[tight-lio] t=1317401431.605 corr=1981 lidar=ok rms=0.0431 time=88.57 ms | v=3.600 bg=0.00303 ba=0.12927
[tight-lio] t=1317401431.709 corr=2066 lidar=ok rms=0.0452 time=101.26 ms | v=3.557 bg=0.00321 ba=0.12753
[tight-lio] t=1317401431.813 corr=2020 lidar=ok rms=0.0421 time=100.31 ms | v=3.526 bg=0.00337 ba=0.12691
[tight-lio] t=1317401431.917 corr=1981 lidar=ok rms=0.0437 time=88.37 ms | v=3.491 bg=0.00344 ba=0.12692
[tight-lio] t=1317401432.022 corr=2016 lidar=ok rms=0.0611 time=90.25 ms | v=3.433 bg=0.00349 ba=0.12495
[tight-lio] t=1317401432.126 corr=2068 lidar=ok rms=0.0559 time=89.05 ms | v=3.393 bg=0.00349 ba=0.12449
[tight-lio] t=1317401432.230 corr=2147 lidar=ok rms=0.0518 time=91.24 ms | v=3.357 bg=0.00347 ba=0.12377
[tight-lio] t=1317401432.334 corr=2073 lidar=ok rms=0.0477 time=95.02 ms | v=3.326 bg=0.00338 ba=0.12244
[tight-lio] t=1317401432.438 corr=2092 lidar=ok rms=0.0409 time=90.02 ms | v=3.289 bg=0.00338 ba=0.12012
[tight-lio] t=1317401432.542 corr=2016 lidar=ok rms=0.0547 time=88.79 ms | v=3.278 bg=0.00333 ba=0.11920
[tight-lio] t=1317401432.646 corr=1945 lidar=ok rms=0.0566 time=88.69 ms | v=3.312 bg=0.00335 ba=0.11685
[tight-lio] t=1317401432.750 corr=2038 lidar=ok rms=0.0559 time=90.78 ms | v=3.389 bg=0.00331 ba=0.11668
[tight-lio] t=1317401432.854 corr=2045 lidar=ok rms=0.0493 time=90.75 ms | v=3.477 bg=0.00323 ba=0.11715
[tight-lio] t=1317401432.958 corr=2019 lidar=ok rms=0.0595 time=88.06 ms | v=3.568 bg=0.00322 ba=0.11637
[tight-lio] t=1317401433.062 corr=2164 lidar=ok rms=0.0406 time=90.96 ms | v=3.700 bg=0.00313 ba=0.11796
[tight-lio] t=1317401433.166 corr=2092 lidar=ok rms=0.0444 time=91.59 ms | v=3.830 bg=0.00304 ba=0.11865
[tight-lio] t=1317401433.270 corr=2055 lidar=ok rms=0.0429 time=95.41 ms | v=3.959 bg=0.00283 ba=0.11847
[tight-lio] t=1317401433.374 corr=2040 lidar=ok rms=0.0472 time=89.50 ms | v=4.092 bg=0.00272 ba=0.11915
[tight-lio] t=1317401433.478 corr=2056 lidar=ok rms=0.0546 time=91.13 ms | v=4.210 bg=0.00256 ba=0.11904
[tight-lio] t=1317401433.582 corr=2025 lidar=ok rms=0.0474 time=95.51 ms | v=4.326 bg=0.00233 ba=0.11752
[tight-lio] t=1317401433.685 corr=2054 lidar=ok rms=0.0530 time=90.83 ms | v=4.455 bg=0.00216 ba=0.11730
[tight-lio] t=1317401433.789 corr=1860 lidar=ok rms=0.0575 time=63.79 ms | v=4.593 bg=0.00209 ba=0.11712
[tight-lio] t=1317401433.893 corr=1885 lidar=ok rms=0.0532 time=87.86 ms | v=4.730 bg=0.00201 ba=0.11665
[tight-lio] t=1317401433.996 corr=2009 lidar=ok rms=0.0384 time=89.71 ms | v=4.851 bg=0.00181 ba=0.11537
[tight-lio] t=1317401434.100 corr=2028 lidar=ok rms=0.0481 time=95.83 ms | v=4.985 bg=0.00159 ba=0.11405
[tight-lio] t=1317401434.204 corr=1956 lidar=ok rms=0.0581 time=96.90 ms | v=5.114 bg=0.00139 ba=0.11250
[tight-lio] t=1317401434.307 corr=1830 lidar=ok rms=0.0562 time=91.29 ms | v=5.276 bg=0.00122 ba=0.11329
[tight-lio] t=1317401434.411 corr=1685 lidar=ok rms=0.0574 time=88.61 ms | v=5.397 bg=0.00094 ba=0.11113
[tight-lio] t=1317401434.515 corr=1655 lidar=ok rms=0.0408 time=80.63 ms | v=5.530 bg=0.00077 ba=0.11063
[tight-lio] t=1317401434.618 corr=1771 lidar=ok rms=0.0511 time=87.31 ms | v=5.689 bg=0.00098 ba=0.11102
[tight-lio] t=1317401434.722 corr=1756 lidar=ok rms=0.0290 time=86.49 ms | v=5.851 bg=0.00119 ba=0.10994
[tight-lio] t=1317401434.826 corr=1734 lidar=ok rms=0.0388 time=81.85 ms | v=5.994 bg=0.00131 ba=0.10809
[tight-lio] t=1317401434.929 corr=1683 lidar=ok rms=0.0479 time=80.43 ms | v=6.134 bg=0.00134 ba=0.10607
[tight-lio] t=1317401435.033 corr=1580 lidar=ok rms=0.0532 time=92.50 ms | v=6.258 bg=0.00119 ba=0.10384
[tight-lio] t=1317401435.137 corr=1514 lidar=ok rms=0.0624 time=76.20 ms | v=6.387 bg=0.00112 ba=0.10294
[tight-lio] t=1317401435.240 corr=1592 lidar=ok rms=0.0532 time=61.92 ms | v=6.519 bg=0.00114 ba=0.10118
[tight-lio] t=1317401435.344 corr=1607 lidar=ok rms=0.0506 time=58.40 ms | v=6.656 bg=0.00131 ba=0.09986
[tight-lio] t=1317401435.448 corr=1519 lidar=ok rms=0.0627 time=78.68 ms | v=6.785 bg=0.00148 ba=0.09769
[tight-lio] t=1317401435.552 corr=1304 lidar=ok rms=0.0530 time=73.18 ms | v=6.926 bg=0.00160 ba=0.09654
[tight-lio] t=1317401435.655 corr=1349 lidar=ok rms=0.0473 time=53.03 ms | v=7.057 bg=0.00161 ba=0.09497
[tight-lio] t=1317401435.759 corr=1293 lidar=ok rms=0.0415 time=67.90 ms | v=7.185 bg=0.00167 ba=0.09368
[tight-lio] t=1317401435.863 corr=1252 lidar=ok rms=0.0803 time=65.35 ms | v=7.308 bg=0.00156 ba=0.09249
[tight-lio] t=1317401435.967 corr=1149 lidar=ok rms=0.0475 time=62.98 ms | v=7.409 bg=0.00160 ba=0.09033
[tight-lio] t=1317401436.071 corr=1116 lidar=ok rms=0.0500 time=46.19 ms | v=7.511 bg=0.00156 ba=0.08975
[tight-lio] t=1317401436.175 corr=1081 lidar=ok rms=0.0415 time=62.47 ms | v=7.596 bg=0.00153 ba=0.08820
[tight-lio] t=1317401436.279 corr=1080 lidar=ok rms=0.0552 time=62.21 ms | v=7.685 bg=0.00143 ba=0.08756
[tight-lio] t=1317401436.383 corr=1085 lidar=ok rms=0.0642 time=69.50 ms | v=7.767 bg=0.00133 ba=0.08610
[tight-lio] t=1317401436.486 corr=1068 lidar=ok rms=0.0668 time=61.44 ms | v=7.865 bg=0.00128 ba=0.08502
[tight-lio] t=1317401436.590 corr=1102 lidar=ok rms=0.0626 time=67.15 ms | v=7.982 bg=0.00142 ba=0.08361
[tight-lio] t=1317401436.694 corr=1068 lidar=ok rms=0.0644 time=63.11 ms | v=8.106 bg=0.00157 ba=0.08222
[tight-lio] t=1317401436.798 corr=1076 lidar=ok rms=0.0518 time=61.66 ms | v=8.214 bg=0.00160 ba=0.08036
[tight-lio] t=1317401436.902 corr=1138 lidar=ok rms=0.0628 time=65.76 ms | v=8.313 bg=0.00150 ba=0.07929
[tight-lio] t=1317401437.006 corr=1190 lidar=ok rms=0.0577 time=63.62 ms | v=8.398 bg=0.00131 ba=0.07792
[tight-lio] t=1317401437.110 corr=1188 lidar=ok rms=0.0576 time=65.19 ms | v=8.492 bg=0.00128 ba=0.07632
[tight-lio] t=1317401437.214 corr=1218 lidar=ok rms=0.0565 time=64.92 ms | v=8.609 bg=0.00133 ba=0.07564
[tight-lio] t=1317401437.317 corr=1197 lidar=ok rms=0.0820 time=63.58 ms | v=8.713 bg=0.00147 ba=0.07403
[tight-lio] t=1317401437.421 corr=1179 lidar=ok rms=0.0565 time=61.92 ms | v=8.847 bg=0.00141 ba=0.07496
[tight-lio] t=1317401437.525 corr=1194 lidar=ok rms=0.0636 time=61.51 ms | v=8.949 bg=0.00134 ba=0.07528
[tight-lio] t=1317401437.629 corr=1220 lidar=ok rms=0.0787 time=62.02 ms | v=9.043 bg=0.00129 ba=0.07403
[tight-lio] t=1317401437.733 corr=1088 lidar=ok rms=0.0750 time=61.47 ms | v=9.150 bg=0.00149 ba=0.07163
[tight-lio] t=1317401437.837 corr=864 lidar=ok rms=0.0629 time=56.93 ms | v=9.265 bg=0.00196 ba=0.07073
[tight-lio] t=1317401437.940 corr=725 lidar=ok rms=0.1340 time=52.77 ms | v=9.366 bg=0.00201 ba=0.06963
[tight-lio] t=1317401438.044 corr=689 lidar=ok rms=0.0680 time=51.66 ms | v=9.422 bg=0.00174 ba=0.06852
[tight-lio] t=1317401438.148 corr=663 lidar=ok rms=0.0712 time=49.91 ms | v=9.467 bg=0.00170 ba=0.06809
[tight-lio] t=1317401438.252 corr=759 lidar=ok rms=0.0524 time=49.64 ms | v=9.485 bg=0.00145 ba=0.06652
[tight-lio] t=1317401438.356 corr=878 lidar=ok rms=0.0783 time=52.35 ms | v=9.483 bg=0.00113 ba=0.06354
[tight-lio] t=1317401438.460 corr=972 lidar=ok rms=0.0549 time=52.64 ms | v=9.509 bg=0.00110 ba=0.06101
[tight-lio] t=1317401438.563 corr=1039 lidar=ok rms=0.0819 time=60.26 ms | v=9.549 bg=0.00115 ba=0.05921
[tight-lio] t=1317401438.667 corr=1054 lidar=ok rms=0.0488 time=55.49 ms | v=9.577 bg=0.00120 ba=0.05685
[tight-lio] t=1317401438.771 corr=984 lidar=ok rms=0.0627 time=57.02 ms | v=9.617 bg=0.00135 ba=0.05553
[tight-lio] t=1317401438.875 corr=887 lidar=ok rms=0.0655 time=55.09 ms | v=9.657 bg=0.00150 ba=0.05509
[tight-lio] t=1317401438.979 corr=863 lidar=ok rms=0.0644 time=60.10 ms | v=9.657 bg=0.00131 ba=0.05381
[tight-lio] t=1317401439.083 corr=892 lidar=ok rms=0.0772 time=52.30 ms | v=9.656 bg=0.00116 ba=0.05242
[tight-lio] t=1317401439.187 corr=821 lidar=ok rms=0.0494 time=50.46 ms | v=9.686 bg=0.00123 ba=0.05234
[tight-lio] t=1317401439.291 corr=801 lidar=ok rms=0.0515 time=49.94 ms | v=9.725 bg=0.00126 ba=0.05250
[tight-lio] t=1317401439.395 corr=809 lidar=ok rms=0.0973 time=52.42 ms | v=9.747 bg=0.00121 ba=0.05268
[tight-lio] t=1317401439.499 corr=733 lidar=ok rms=0.0703 time=48.65 ms | v=9.779 bg=0.00134 ba=0.05185
[tight-lio] t=1317401439.602 corr=683 lidar=ok rms=0.0749 time=48.19 ms | v=9.828 bg=0.00151 ba=0.05198
[tight-lio] t=1317401439.706 corr=742 lidar=ok rms=0.0720 time=48.57 ms | v=9.858 bg=0.00136 ba=0.05216
[tight-lio] t=1317401439.810 corr=830 lidar=ok rms=0.0780 time=53.74 ms | v=9.866 bg=0.00094 ba=0.05141
[tight-lio] t=1317401439.914 corr=802 lidar=ok rms=0.0936 time=37.74 ms | v=9.885 bg=0.00088 ba=0.05094
[tight-lio] t=1317401440.018 corr=868 lidar=ok rms=0.0490 time=56.51 ms | v=9.914 bg=0.00107 ba=0.05033
[tight-lio] t=1317401440.122 corr=923 lidar=ok rms=0.0661 time=59.18 ms | v=9.930 bg=0.00127 ba=0.04864
[tight-lio] t=1317401440.226 corr=990 lidar=ok rms=0.0764 time=58.40 ms | v=9.911 bg=0.00136 ba=0.04449
[tight-lio] t=1317401440.330 corr=946 lidar=ok rms=0.0552 time=55.83 ms | v=9.896 bg=0.00125 ba=0.04324
[tight-lio] t=1317401440.434 corr=1054 lidar=ok rms=0.0589 time=56.98 ms | v=9.878 bg=0.00104 ba=0.04264
[tight-lio] t=1317401440.538 corr=1109 lidar=ok rms=0.0753 time=56.86 ms | v=9.871 bg=0.00122 ba=0.04132
[tight-lio] t=1317401440.642 corr=1080 lidar=ok rms=0.0588 time=58.88 ms | v=9.879 bg=0.00135 ba=0.04063
[tight-lio] t=1317401440.746 corr=1071 lidar=ok rms=0.0888 time=57.34 ms | v=9.877 bg=0.00134 ba=0.03982
[tight-lio] t=1317401440.850 corr=1039 lidar=ok rms=0.0581 time=56.09 ms | v=9.859 bg=0.00119 ba=0.03969
[tight-lio] t=1317401440.953 corr=1035 lidar=ok rms=0.0584 time=56.10 ms | v=9.843 bg=0.00113 ba=0.03846
[tight-lio] t=1317401441.057 corr=1015 lidar=ok rms=0.0738 time=54.90 ms | v=9.820 bg=0.00107 ba=0.03660
[tight-lio] t=1317401441.161 corr=957 lidar=ok rms=0.0872 time=55.69 ms | v=9.779 bg=0.00103 ba=0.03442
[tight-lio] t=1317401441.265 corr=943 lidar=ok rms=0.1063 time=57.87 ms | v=9.730 bg=0.00088 ba=0.03195
[tight-lio] t=1317401441.369 corr=1036 lidar=ok rms=0.0551 time=58.33 ms | v=9.714 bg=0.00099 ba=0.03168
[tight-lio] t=1317401441.473 corr=1014 lidar=ok rms=0.0724 time=57.18 ms | v=9.710 bg=0.00124 ba=0.03045
[tight-lio] t=1317401441.577 corr=1035 lidar=ok rms=0.0525 time=57.08 ms | v=9.700 bg=0.00131 ba=0.02957
[tight-lio] t=1317401441.681 corr=1068 lidar=ok rms=0.0502 time=57.65 ms | v=9.663 bg=0.00123 ba=0.02674
[tight-lio] t=1317401441.785 corr=1047 lidar=ok rms=0.0749 time=58.72 ms | v=9.649 bg=0.00122 ba=0.02476
[tight-lio] t=1317401441.889 corr=977 lidar=ok rms=0.0654 time=57.64 ms | v=9.684 bg=0.00145 ba=0.02375
[tight-lio] t=1317401441.992 corr=789 lidar=ok rms=0.0922 time=53.13 ms | v=9.738 bg=0.00165 ba=0.02386
[tight-lio] t=1317401442.096 corr=996 lidar=ok rms=0.0719 time=57.57 ms | v=9.770 bg=0.00140 ba=0.02437
[tight-lio] t=1317401442.200 corr=930 lidar=ok rms=0.0680 time=58.74 ms | v=9.768 bg=0.00092 ba=0.02283
[tight-lio] t=1317401442.304 corr=809 lidar=ok rms=0.1188 time=55.45 ms | v=9.764 bg=0.00060 ba=0.01967
[tight-lio] t=1317401442.408 corr=884 lidar=ok rms=0.0657 time=55.27 ms | v=9.803 bg=0.00080 ba=0.01842
[tight-lio] t=1317401442.512 corr=943 lidar=ok rms=0.0755 time=52.76 ms | v=9.876 bg=0.00110 ba=0.01894
[tight-lio] t=1317401442.616 corr=811 lidar=ok rms=0.0666 time=53.11 ms | v=9.943 bg=0.00140 ba=0.01973
[tight-lio] t=1317401442.720 corr=798 lidar=ok rms=0.1001 time=50.11 ms | v=9.991 bg=0.00148 ba=0.02096
[tight-lio] t=1317401442.824 corr=810 lidar=ok rms=0.0619 time=50.45 ms | v=10.019 bg=0.00126 ba=0.02049
[tight-lio] t=1317401442.928 corr=782 lidar=ok rms=0.0521 time=48.25 ms | v=10.037 bg=0.00113 ba=0.01950
[tight-lio] t=1317401443.032 corr=731 lidar=ok rms=0.0485 time=46.35 ms | v=10.063 bg=0.00108 ba=0.01712
[tight-lio] t=1317401443.136 corr=744 lidar=ok rms=0.0592 time=47.12 ms | v=10.127 bg=0.00126 ba=0.01737
[tight-lio] t=1317401443.240 corr=639 lidar=ok rms=0.0646 time=46.36 ms | v=10.180 bg=0.00140 ba=0.01738
[tight-lio] t=1317401443.344 corr=739 lidar=ok rms=0.0684 time=47.78 ms | v=10.223 bg=0.00133 ba=0.01748
[tight-lio] t=1317401443.448 corr=782 lidar=ok rms=0.0839 time=51.35 ms | v=10.239 bg=0.00114 ba=0.01537
[tight-lio] t=1317401443.552 corr=739 lidar=ok rms=0.0639 time=49.97 ms | v=10.284 bg=0.00128 ba=0.01530
[tight-lio] t=1317401443.656 corr=785 lidar=ok rms=0.0562 time=51.67 ms | v=10.304 bg=0.00111 ba=0.01465
[tight-lio] t=1317401443.760 corr=799 lidar=ok rms=0.0646 time=48.22 ms | v=10.301 bg=0.00081 ba=0.01288
[tight-lio] t=1317401443.863 corr=870 lidar=ok rms=0.0558 time=50.60 ms | v=10.283 bg=0.00090 ba=0.01123
[tight-lio] t=1317401443.967 corr=765 lidar=ok rms=0.0717 time=48.34 ms | v=10.290 bg=0.00113 ba=0.01077
[tight-lio] t=1317401444.071 corr=756 lidar=ok rms=0.0702 time=48.48 ms | v=10.287 bg=0.00146 ba=0.01037
[tight-lio] t=1317401444.175 corr=717 lidar=ok rms=0.0592 time=43.67 ms | v=10.260 bg=0.00154 ba=0.01066
[tight-lio] t=1317401444.279 corr=777 lidar=ok rms=0.0719 time=46.29 ms | v=10.213 bg=0.00144 ba=0.01131
[tight-lio] t=1317401444.383 corr=750 lidar=ok rms=0.0767 time=46.52 ms | v=10.192 bg=0.00150 ba=0.01169
[tight-lio] t=1317401444.487 corr=728 lidar=ok rms=0.0536 time=46.80 ms | v=10.188 bg=0.00162 ba=0.01289
[tight-lio] t=1317401444.591 corr=821 lidar=ok rms=0.0596 time=47.94 ms | v=10.152 bg=0.00154 ba=0.01380
[tight-lio] t=1317401444.695 corr=985 lidar=ok rms=0.0681 time=51.47 ms | v=10.099 bg=0.00141 ba=0.01349
[tight-lio] t=1317401444.799 corr=984 lidar=ok rms=0.0521 time=50.48 ms | v=10.050 bg=0.00125 ba=0.01371
[tight-lio] t=1317401444.903 corr=999 lidar=ok rms=0.0533 time=51.66 ms | v=9.998 bg=0.00120 ba=0.01376
[tight-lio] t=1317401445.007 corr=974 lidar=ok rms=0.0439 time=53.61 ms | v=9.968 bg=0.00130 ba=0.01421
[tight-lio] t=1317401445.111 corr=1113 lidar=ok rms=0.0679 time=53.37 ms | v=9.925 bg=0.00140 ba=0.01587
[tight-lio] t=1317401445.215 corr=1101 lidar=ok rms=0.0465 time=56.22 ms | v=9.915 bg=0.00149 ba=0.01704
[tight-lio] t=1317401445.319 corr=1069 lidar=ok rms=0.0494 time=53.25 ms | v=9.879 bg=0.00153 ba=0.01864
[tight-lio] t=1317401445.422 corr=1054 lidar=ok rms=0.0510 time=52.44 ms | v=9.850 bg=0.00137 ba=0.01903
[tight-lio] t=1317401445.526 corr=1221 lidar=ok rms=0.0505 time=55.40 ms | v=9.805 bg=0.00126 ba=0.01973
[tight-lio] t=1317401445.630 corr=1315 lidar=ok rms=0.0595 time=54.93 ms | v=9.766 bg=0.00119 ba=0.02060
[tight-lio] t=1317401445.734 corr=1442 lidar=ok rms=0.0570 time=63.05 ms | v=9.717 bg=0.00123 ba=0.02253
[tight-lio] t=1317401445.838 corr=1345 lidar=ok rms=0.0492 time=57.98 ms | v=9.688 bg=0.00138 ba=0.02371
[tight-lio] t=1317401445.942 corr=1295 lidar=ok rms=0.0728 time=59.70 ms | v=9.675 bg=0.00166 ba=0.02606
[tight-lio] t=1317401446.046 corr=1020 lidar=ok rms=0.0968 time=54.59 ms | v=9.676 bg=0.00192 ba=0.02867
[tight-lio] t=1317401446.150 corr=1061 lidar=ok rms=0.0613 time=55.20 ms | v=9.631 bg=0.00167 ba=0.02910
[tight-lio] t=1317401446.254 corr=1087 lidar=ok rms=0.0959 time=59.54 ms | v=9.528 bg=0.00102 ba=0.03113
[tight-lio] t=1317401446.358 corr=1157 lidar=ok rms=0.0639 time=58.01 ms | v=9.461 bg=0.00059 ba=0.02996
[tight-lio] t=1317401446.461 corr=1336 lidar=ok rms=0.0670 time=60.66 ms | v=9.437 bg=0.00095 ba=0.02985
[tight-lio] t=1317401446.565 corr=1408 lidar=ok rms=0.0547 time=66.12 ms | v=9.429 bg=0.00127 ba=0.03089
[tight-lio] t=1317401446.669 corr=1246 lidar=ok rms=0.0902 time=62.90 ms | v=9.431 bg=0.00181 ba=0.03356
[tight-lio] t=1317401446.773 corr=1177 lidar=ok rms=0.0711 time=60.36 ms | v=9.410 bg=0.00186 ba=0.03531
[tight-lio] t=1317401446.877 corr=1225 lidar=ok rms=0.0619 time=62.70 ms | v=9.372 bg=0.00158 ba=0.03617
[tight-lio] t=1317401446.981 corr=1432 lidar=ok rms=0.0465 time=65.51 ms | v=9.322 bg=0.00132 ba=0.03604
[tight-lio] t=1317401447.085 corr=1409 lidar=ok rms=0.0562 time=65.97 ms | v=9.274 bg=0.00131 ba=0.03768
[tight-lio] t=1317401447.189 corr=1593 lidar=ok rms=0.0474 time=67.16 ms | v=9.236 bg=0.00117 ba=0.03871
[tight-lio] t=1317401447.293 corr=1562 lidar=ok rms=0.0585 time=67.68 ms | v=9.187 bg=0.00110 ba=0.03952
[tight-lio] t=1317401447.396 corr=1610 lidar=ok rms=0.0609 time=68.28 ms | v=9.146 bg=0.00116 ba=0.04127
[tight-lio] t=1317401447.500 corr=1554 lidar=ok rms=0.0503 time=69.54 ms | v=9.112 bg=0.00123 ba=0.04275
[tight-lio] t=1317401447.604 corr=1567 lidar=ok rms=0.0573 time=72.82 ms | v=9.088 bg=0.00143 ba=0.04414
[tight-lio] t=1317401447.708 corr=1520 lidar=ok rms=0.0810 time=68.34 ms | v=9.043 bg=0.00144 ba=0.04668
[tight-lio] t=1317401447.812 corr=1549 lidar=ok rms=0.0494 time=70.65 ms | v=9.003 bg=0.00139 ba=0.04824
[tight-lio] t=1317401447.916 corr=1717 lidar=ok rms=0.0530 time=73.57 ms | v=8.949 bg=0.00125 ba=0.04940
[tight-lio] t=1317401448.020 corr=1678 lidar=ok rms=0.0701 time=73.34 ms | v=8.899 bg=0.00108 ba=0.05077
[tight-lio] t=1317401448.124 corr=1515 lidar=ok rms=0.0963 time=72.49 ms | v=8.874 bg=0.00098 ba=0.04926
[tight-lio] t=1317401448.228 corr=1532 lidar=ok rms=0.0600 time=72.16 ms | v=8.850 bg=0.00104 ba=0.04980
[tight-lio] t=1317401448.332 corr=1532 lidar=ok rms=0.0654 time=77.38 ms | v=8.846 bg=0.00135 ba=0.05030
[tight-lio] t=1317401448.436 corr=1699 lidar=ok rms=0.0749 time=75.26 ms | v=8.833 bg=0.00180 ba=0.05159
[tight-lio] t=1317401448.540 corr=1568 lidar=ok rms=0.0716 time=75.98 ms | v=8.799 bg=0.00164 ba=0.05387
[tight-lio] t=1317401448.643 corr=1706 lidar=ok rms=0.0534 time=74.38 ms | v=8.756 bg=0.00151 ba=0.05545
[tight-lio] t=1317401448.747 corr=1843 lidar=ok rms=0.0587 time=82.56 ms | v=8.732 bg=0.00143 ba=0.05684
[tight-lio] t=1317401448.851 corr=1814 lidar=ok rms=0.0532 time=73.74 ms | v=8.712 bg=0.00138 ba=0.05800
[tight-lio] t=1317401448.955 corr=1768 lidar=ok rms=0.0745 time=74.08 ms | v=8.680 bg=0.00122 ba=0.05962
[tight-lio] t=1317401449.059 corr=1654 lidar=ok rms=0.0817 time=74.96 ms | v=8.671 bg=0.00133 ba=0.06068
[tight-lio] t=1317401449.163 corr=1678 lidar=ok rms=0.0673 time=50.87 ms | v=8.661 bg=0.00137 ba=0.06134
[tight-lio] t=1317401449.267 corr=1852 lidar=ok rms=0.0635 time=73.09 ms | v=8.622 bg=0.00125 ba=0.06266
[tight-lio] t=1317401449.371 corr=1762 lidar=ok rms=0.0755 time=74.78 ms | v=8.586 bg=0.00116 ba=0.06407
[tight-lio] t=1317401449.475 corr=1671 lidar=ok rms=0.0527 time=69.56 ms | v=8.569 bg=0.00133 ba=0.06490
[tight-lio] t=1317401449.579 corr=1398 lidar=ok rms=0.0755 time=69.68 ms | v=8.573 bg=0.00159 ba=0.06698
[tight-lio] t=1317401449.683 corr=1548 lidar=ok rms=0.0639 time=69.80 ms | v=8.542 bg=0.00155 ba=0.06929
[tight-lio] t=1317401449.787 corr=1608 lidar=ok rms=0.0718 time=68.37 ms | v=8.522 bg=0.00133 ba=0.06990
[tight-lio] t=1317401449.891 corr=1587 lidar=ok rms=0.0554 time=50.38 ms | v=8.536 bg=0.00101 ba=0.06923
[tight-lio] t=1317401449.995 corr=1350 lidar=ok rms=0.0791 time=55.34 ms | v=8.583 bg=0.00095 ba=0.06893
[tight-lio] t=1317401450.099 corr=1309 lidar=ok rms=0.0477 time=58.26 ms | v=8.640 bg=0.00121 ba=0.07027
[tight-lio] t=1317401450.203 corr=1296 lidar=ok rms=0.0595 time=59.34 ms | v=8.709 bg=0.00140 ba=0.07166
[tight-lio] t=1317401450.307 corr=1008 lidar=ok rms=0.0616 time=39.27 ms | v=8.782 bg=0.00150 ba=0.07240
[tight-lio] t=1317401450.411 corr=1122 lidar=ok rms=0.0561 time=53.68 ms | v=8.865 bg=0.00156 ba=0.07228
[tight-lio] t=1317401450.515 corr=1090 lidar=ok rms=0.0514 time=54.37 ms | v=8.906 bg=0.00136 ba=0.07377
[tight-lio] t=1317401450.618 corr=1025 lidar=ok rms=0.0588 time=55.29 ms | v=8.937 bg=0.00106 ba=0.07316
[tight-lio] t=1317401450.722 corr=1058 lidar=ok rms=0.0691 time=54.62 ms | v=8.945 bg=0.00103 ba=0.07443
[tight-lio] t=1317401450.826 corr=1087 lidar=ok rms=0.0683 time=40.60 ms | v=8.966 bg=0.00128 ba=0.07472
[tight-lio] t=1317401450.930 corr=1182 lidar=ok rms=0.0671 time=56.98 ms | v=8.963 bg=0.00148 ba=0.07667
[tight-lio] t=1317401451.034 corr=1098 lidar=ok rms=0.0519 time=56.16 ms | v=8.941 bg=0.00144 ba=0.07848
[tight-lio] t=1317401451.138 corr=1127 lidar=ok rms=0.0571 time=55.74 ms | v=8.907 bg=0.00141 ba=0.08008
[tight-lio] t=1317401451.242 corr=1175 lidar=ok rms=0.0564 time=59.51 ms | v=8.867 bg=0.00129 ba=0.08193
[tight-lio] t=1317401451.346 corr=1247 lidar=ok rms=0.0666 time=54.82 ms | v=8.821 bg=0.00126 ba=0.08435
[tight-lio] t=1317401451.450 corr=1200 lidar=ok rms=0.0776 time=54.42 ms | v=8.780 bg=0.00123 ba=0.08636
[tight-lio] t=1317401451.554 corr=1006 lidar=ok rms=0.0469 time=53.12 ms | v=8.749 bg=0.00130 ba=0.08775
[tight-lio] t=1317401451.658 corr=885 lidar=ok rms=0.0795 time=50.96 ms | v=8.726 bg=0.00131 ba=0.08911
[tight-lio] t=1317401451.762 corr=1020 lidar=ok rms=0.0785 time=55.77 ms | v=8.680 bg=0.00121 ba=0.09013
[tight-lio] t=1317401451.866 corr=1080 lidar=ok rms=0.0758 time=56.70 ms | v=8.641 bg=0.00118 ba=0.09189
[tight-lio] t=1317401451.970 corr=926 lidar=ok rms=0.0567 time=53.14 ms | v=8.617 bg=0.00128 ba=0.09188
[tight-lio] t=1317401452.074 corr=889 lidar=ok rms=0.0825 time=54.32 ms | v=8.625 bg=0.00166 ba=0.09246
[tight-lio] t=1317401452.178 corr=1155 lidar=ok rms=0.0621 time=56.22 ms | v=8.616 bg=0.00169 ba=0.09499
[tight-lio] t=1317401452.282 corr=980 lidar=ok rms=0.0615 time=53.21 ms | v=8.620 bg=0.00156 ba=0.09651
[tight-lio] t=1317401452.386 corr=1018 lidar=ok rms=0.0593 time=54.00 ms | v=8.629 bg=0.00122 ba=0.09712
[tight-lio] t=1317401452.490 corr=972 lidar=ok rms=0.0643 time=49.17 ms | v=8.641 bg=0.00134 ba=0.09790
[tight-lio] t=1317401452.594 corr=814 lidar=ok rms=0.0720 time=45.63 ms | v=8.658 bg=0.00126 ba=0.09909
[tight-lio] t=1317401452.698 corr=799 lidar=ok rms=0.0737 time=42.30 ms | v=8.641 bg=0.00104 ba=0.10043
[tight-lio] t=1317401452.802 corr=772 lidar=ok rms=0.0707 time=38.51 ms | v=8.622 bg=0.00107 ba=0.10209
[tight-lio] t=1317401452.906 corr=706 lidar=ok rms=0.0614 time=35.51 ms | v=8.623 bg=0.00130 ba=0.10305
[tight-lio] t=1317401453.010 corr=798 lidar=ok rms=0.1027 time=37.80 ms | v=8.639 bg=0.00156 ba=0.10314
[tight-lio] t=1317401453.114 corr=826 lidar=ok rms=0.0727 time=37.25 ms | v=8.613 bg=0.00158 ba=0.10506
[tight-lio] t=1317401453.218 corr=914 lidar=ok rms=0.0519 time=40.28 ms | v=8.572 bg=0.00149 ba=0.10697
[tight-lio] t=1317401453.322 corr=881 lidar=ok rms=0.0447 time=45.03 ms | v=8.553 bg=0.00144 ba=0.10793
[tight-lio] t=1317401453.425 corr=892 lidar=ok rms=0.0975 time=44.47 ms | v=8.514 bg=0.00139 ba=0.10967
[tight-lio] t=1317401453.529 corr=890 lidar=ok rms=0.1064 time=47.55 ms | v=8.485 bg=0.00131 ba=0.11082
[tight-lio] t=1317401453.633 corr=945 lidar=ok rms=0.0571 time=48.56 ms | v=8.457 bg=0.00118 ba=0.11159
[tight-lio] t=1317401453.737 corr=874 lidar=ok rms=0.0548 time=48.54 ms | v=8.418 bg=0.00125 ba=0.11324
[tight-lio] t=1317401453.841 corr=863 lidar=ok rms=0.0616 time=48.34 ms | v=8.405 bg=0.00131 ba=0.11443
[tight-lio] t=1317401453.945 corr=846 lidar=ok rms=0.1298 time=50.22 ms | v=8.408 bg=0.00151 ba=0.11378
[tight-lio] t=1317401454.049 corr=982 lidar=ok rms=0.0648 time=50.88 ms | v=8.389 bg=0.00165 ba=0.11508
[tight-lio] t=1317401454.153 corr=930 lidar=ok rms=0.0910 time=49.55 ms | v=8.356 bg=0.00148 ba=0.11487
[tight-lio] t=1317401454.257 corr=875 lidar=ok rms=0.0603 time=51.17 ms | v=8.300 bg=0.00139 ba=0.11611
[tight-lio] t=1317401454.361 corr=780 lidar=ok rms=0.0619 time=50.79 ms | v=8.282 bg=0.00139 ba=0.11615
[tight-lio] t=1317401454.465 corr=900 lidar=ok rms=0.0527 time=55.25 ms | v=8.278 bg=0.00161 ba=0.11729
[tight-lio] t=1317401454.569 corr=933 lidar=ok rms=0.0515 time=53.53 ms | v=8.247 bg=0.00183 ba=0.12091
[tight-lio] t=1317401454.673 corr=1114 lidar=ok rms=0.0537 time=42.43 ms | v=8.223 bg=0.00169 ba=0.12236
[tight-lio] t=1317401454.777 corr=1138 lidar=ok rms=0.0594 time=60.35 ms | v=8.179 bg=0.00144 ba=0.12389
[tight-lio] t=1317401454.881 corr=1303 lidar=ok rms=0.0635 time=58.75 ms | v=8.108 bg=0.00112 ba=0.12710
[tight-lio] t=1317401454.985 corr=1149 lidar=ok rms=0.0785 time=56.99 ms | v=8.063 bg=0.00099 ba=0.12769
[tight-lio] t=1317401455.089 corr=1257 lidar=ok rms=0.0612 time=59.47 ms | v=8.037 bg=0.00109 ba=0.12907
[tight-lio] t=1317401455.193 corr=1191 lidar=ok rms=0.0700 time=60.16 ms | v=8.030 bg=0.00143 ba=0.13073
[tight-lio] t=1317401455.297 corr=1081 lidar=ok rms=0.0771 time=60.39 ms | v=8.066 bg=0.00187 ba=0.13140
[tight-lio] t=1317401455.401 corr=1175 lidar=ok rms=0.0697 time=60.07 ms | v=8.090 bg=0.00185 ba=0.13338
[tight-lio] t=1317401455.505 corr=1161 lidar=ok rms=0.0693 time=63.47 ms | v=8.119 bg=0.00158 ba=0.13304
[tight-lio] t=1317401455.609 corr=1198 lidar=ok rms=0.0580 time=62.28 ms | v=8.143 bg=0.00124 ba=0.13414
[tight-lio] t=1317401455.713 corr=1344 lidar=ok rms=0.0784 time=61.48 ms | v=8.199 bg=0.00132 ba=0.13544
[tight-lio] t=1317401455.817 corr=1312 lidar=ok rms=0.0699 time=62.35 ms | v=8.279 bg=0.00151 ba=0.13593
[tight-lio] t=1317401455.921 corr=1433 lidar=ok rms=0.0577 time=63.91 ms | v=8.321 bg=0.00143 ba=0.13824
[tight-lio] t=1317401456.025 corr=1270 lidar=ok rms=0.0614 time=64.45 ms | v=8.369 bg=0.00135 ba=0.13902
[tight-lio] t=1317401456.128 corr=1351 lidar=ok rms=0.0583 time=66.89 ms | v=8.418 bg=0.00135 ba=0.14107
[tight-lio] t=1317401456.232 corr=1267 lidar=ok rms=0.0702 time=64.03 ms | v=8.477 bg=0.00147 ba=0.14347
[tight-lio] t=1317401456.336 corr=1331 lidar=ok rms=0.0558 time=62.31 ms | v=8.522 bg=0.00144 ba=0.14527
[tight-lio] t=1317401456.440 corr=1203 lidar=ok rms=0.0672 time=62.42 ms | v=8.559 bg=0.00116 ba=0.14630
[tight-lio] t=1317401456.544 corr=1162 lidar=ok rms=0.0849 time=59.98 ms | v=8.593 bg=0.00093 ba=0.14734
[tight-lio] t=1317401456.648 corr=1241 lidar=ok rms=0.0684 time=61.27 ms | v=8.648 bg=0.00100 ba=0.14864
[tight-lio] t=1317401456.752 corr=1292 lidar=ok rms=0.0751 time=59.35 ms | v=8.719 bg=0.00127 ba=0.14954
[tight-lio] t=1317401456.856 corr=1071 lidar=ok rms=0.0685 time=56.90 ms | v=8.806 bg=0.00147 ba=0.15033
[tight-lio] t=1317401456.960 corr=1108 lidar=ok rms=0.1129 time=42.84 ms | v=8.863 bg=0.00175 ba=0.15328
[tight-lio] t=1317401457.063 corr=1209 lidar=ok rms=0.1090 time=66.53 ms | v=8.943 bg=0.00187 ba=0.15422
[tight-lio] t=1317401457.167 corr=1218 lidar=ok rms=0.0684 time=58.82 ms | v=8.985 bg=0.00151 ba=0.15571
[tight-lio] t=1317401457.271 corr=1149 lidar=ok rms=0.0853 time=60.52 ms | v=9.023 bg=0.00108 ba=0.15624
[tight-lio] t=1317401457.375 corr=953 lidar=ok rms=0.0885 time=55.54 ms | v=9.068 bg=0.00089 ba=0.15649
[tight-lio] t=1317401457.479 corr=1108 lidar=ok rms=0.0700 time=55.39 ms | v=9.125 bg=0.00114 ba=0.15830
[tight-lio] t=1317401457.583 corr=1000 lidar=ok rms=0.0836 time=58.40 ms | v=9.179 bg=0.00170 ba=0.16045
[tight-lio] t=1317401457.687 corr=967 lidar=ok rms=0.0847 time=55.50 ms | v=9.208 bg=0.00199 ba=0.16363
[tight-lio] t=1317401457.791 corr=1080 lidar=ok rms=0.0666 time=56.66 ms | v=9.196 bg=0.00198 ba=0.16564
[tight-lio] t=1317401457.895 corr=1080 lidar=ok rms=0.0744 time=56.24 ms | v=9.166 bg=0.00164 ba=0.16720
[tight-lio] t=1317401457.999 corr=1051 lidar=ok rms=0.0475 time=53.87 ms | v=9.127 bg=0.00143 ba=0.16823
[tight-lio] t=1317401458.102 corr=1071 lidar=ok rms=0.0679 time=56.70 ms | v=9.087 bg=0.00126 ba=0.16936
[tight-lio] t=1317401458.206 corr=1133 lidar=ok rms=0.0592 time=58.31 ms | v=9.044 bg=0.00122 ba=0.17232
[tight-lio] t=1317401458.310 corr=1021 lidar=ok rms=0.0565 time=53.75 ms | v=9.029 bg=0.00145 ba=0.17435
[tight-lio] t=1317401458.414 corr=1066 lidar=ok rms=0.0747 time=55.84 ms | v=9.019 bg=0.00176 ba=0.17604
[tight-lio] t=1317401458.518 corr=992 lidar=ok rms=0.0541 time=53.19 ms | v=9.010 bg=0.00173 ba=0.17668
[tight-lio] t=1317401458.622 corr=1098 lidar=ok rms=0.0458 time=57.52 ms | v=8.965 bg=0.00140 ba=0.17850
[tight-lio] t=1317401458.726 corr=1006 lidar=ok rms=0.0589 time=56.88 ms | v=8.906 bg=0.00104 ba=0.18022
[tight-lio] t=1317401458.830 corr=917 lidar=ok rms=0.0870 time=53.06 ms | v=8.852 bg=0.00089 ba=0.18231
[tight-lio] t=1317401458.934 corr=988 lidar=ok rms=0.0664 time=56.05 ms | v=8.849 bg=0.00111 ba=0.18153
[tight-lio] t=1317401459.038 corr=989 lidar=ok rms=0.0951 time=56.93 ms | v=8.843 bg=0.00147 ba=0.18222
[tight-lio] t=1317401459.141 corr=855 lidar=ok rms=0.1072 time=50.94 ms | v=8.831 bg=0.00164 ba=0.18359
[tight-lio] t=1317401459.245 corr=1041 lidar=ok rms=0.0615 time=47.56 ms | v=8.780 bg=0.00155 ba=0.18650
[tight-lio] t=1317401459.349 corr=977 lidar=ok rms=0.0729 time=45.26 ms | v=8.725 bg=0.00145 ba=0.18934
[tight-lio] t=1317401459.453 corr=909 lidar=ok rms=0.0876 time=43.93 ms | v=8.687 bg=0.00133 ba=0.19084
[tight-lio] t=1317401459.557 corr=912 lidar=ok rms=0.1110 time=44.71 ms | v=8.666 bg=0.00134 ba=0.19147
[tight-lio] t=1317401459.661 corr=937 lidar=ok rms=0.0929 time=48.71 ms | v=8.645 bg=0.00150 ba=0.19338
[tight-lio] t=1317401459.765 corr=950 lidar=ok rms=0.0600 time=50.77 ms | v=8.627 bg=0.00151 ba=0.19484
[tight-lio] t=1317401459.869 corr=1063 lidar=ok rms=0.0661 time=55.29 ms | v=8.586 bg=0.00144 ba=0.19618
[tight-lio] t=1317401459.973 corr=1041 lidar=ok rms=0.0612 time=41.21 ms | v=8.552 bg=0.00136 ba=0.19712
[tight-lio] t=1317401460.077 corr=1076 lidar=ok rms=0.0564 time=59.76 ms | v=8.518 bg=0.00126 ba=0.19885
[tight-lio] t=1317401460.181 corr=1082 lidar=ok rms=0.0720 time=60.81 ms | v=8.495 bg=0.00151 ba=0.19993
[tight-lio] t=1317401460.285 corr=1259 lidar=ok rms=0.0872 time=59.33 ms | v=8.492 bg=0.00153 ba=0.20122
[tight-lio] t=1317401460.389 corr=1191 lidar=ok rms=0.0852 time=57.30 ms | v=8.481 bg=0.00159 ba=0.20200
[tight-lio] t=1317401460.493 corr=1084 lidar=ok rms=0.0552 time=55.93 ms | v=8.451 bg=0.00155 ba=0.20422
[tight-lio] t=1317401460.597 corr=1070 lidar=ok rms=0.0577 time=55.48 ms | v=8.406 bg=0.00127 ba=0.20607
[tight-lio] t=1317401460.701 corr=1012 lidar=ok rms=0.0645 time=55.50 ms | v=8.366 bg=0.00115 ba=0.20794
[tight-lio] t=1317401460.805 corr=1070 lidar=ok rms=0.0667 time=55.61 ms | v=8.344 bg=0.00136 ba=0.20829
[tight-lio] t=1317401460.908 corr=1132 lidar=ok rms=0.0687 time=57.27 ms | v=8.304 bg=0.00155 ba=0.21094
[tight-lio] t=1317401461.012 corr=1117 lidar=ok rms=0.0808 time=58.63 ms | v=8.218 bg=0.00169 ba=0.21261
[tight-lio] t=1317401461.116 corr=1084 lidar=ok rms=0.0819 time=54.12 ms | v=8.084 bg=0.00155 ba=0.21371
[tight-lio] t=1317401461.220 corr=1080 lidar=ok rms=0.0825 time=58.22 ms | v=7.893 bg=0.00124 ba=0.21672
[tight-lio] t=1317401461.324 corr=1156 lidar=ok rms=0.0696 time=55.42 ms | v=7.729 bg=0.00118 ba=0.21768
[tight-lio] t=1317401461.428 corr=1053 lidar=ok rms=0.0484 time=57.50 ms | v=7.545 bg=0.00134 ba=0.21924
[tight-lio] t=1317401461.532 corr=1093 lidar=ok rms=0.0628 time=54.45 ms | v=7.358 bg=0.00133 ba=0.22080
[tight-lio] t=1317401461.636 corr=1054 lidar=ok rms=0.0553 time=56.23 ms | v=7.170 bg=0.00137 ba=0.22302
[tight-lio] t=1317401461.740 corr=1242 lidar=ok rms=0.0490 time=60.44 ms | v=6.961 bg=0.00145 ba=0.22556
[tight-lio] t=1317401461.844 corr=1283 lidar=ok rms=0.0810 time=62.91 ms | v=6.747 bg=0.00166 ba=0.22872
[tight-lio] t=1317401461.949 corr=1415 lidar=ok rms=0.0554 time=61.61 ms | v=6.509 bg=0.00155 ba=0.23183
[tight-lio] t=1317401462.053 corr=1221 lidar=ok rms=0.0835 time=62.84 ms | v=6.262 bg=0.00122 ba=0.23276
[tight-lio] t=1317401462.157 corr=1354 lidar=ok rms=0.0556 time=60.06 ms | v=6.042 bg=0.00106 ba=0.23433
[tight-lio] t=1317401462.261 corr=1246 lidar=ok rms=0.0502 time=63.16 ms | v=5.833 bg=0.00114 ba=0.23681
[tight-lio] t=1317401462.365 corr=1395 lidar=ok rms=0.0637 time=65.51 ms | v=5.668 bg=0.00133 ba=0.23687
[tight-lio] t=1317401462.469 corr=1369 lidar=ok rms=0.0464 time=63.34 ms | v=5.500 bg=0.00149 ba=0.23710
[tight-lio] t=1317401462.573 corr=1469 lidar=ok rms=0.0647 time=73.74 ms | v=5.315 bg=0.00156 ba=0.23815
[tight-lio] t=1317401462.677 corr=1452 lidar=ok rms=0.0778 time=63.65 ms | v=5.150 bg=0.00155 ba=0.23929
[tight-lio] t=1317401462.781 corr=1574 lidar=ok rms=0.0461 time=69.07 ms | v=5.042 bg=0.00138 ba=0.24015
[tight-lio] t=1317401462.885 corr=1541 lidar=ok rms=0.0680 time=74.10 ms | v=4.963 bg=0.00136 ba=0.24083
[tight-lio] t=1317401462.990 corr=1917 lidar=ok rms=0.0514 time=77.28 ms | v=4.897 bg=0.00128 ba=0.24217
[tight-lio] t=1317401463.094 corr=1906 lidar=ok rms=0.0610 time=72.59 ms | v=4.825 bg=0.00108 ba=0.24203
[tight-lio] t=1317401463.198 corr=1823 lidar=ok rms=0.0535 time=71.56 ms | v=4.726 bg=0.00082 ba=0.24280
[tight-lio] t=1317401463.302 corr=1951 lidar=ok rms=0.0537 time=75.44 ms | v=4.653 bg=0.00073 ba=0.24127
[tight-lio] t=1317401463.405 corr=1852 lidar=ok rms=0.0561 time=75.52 ms | v=4.590 bg=0.00097 ba=0.23989
[tight-lio] t=1317401463.509 corr=2043 lidar=ok rms=0.0515 time=77.97 ms | v=4.514 bg=0.00124 ba=0.24028
[tight-lio] t=1317401463.613 corr=1995 lidar=ok rms=0.0537 time=74.68 ms | v=4.405 bg=0.00117 ba=0.24127
[tight-lio] t=1317401463.717 corr=1999 lidar=ok rms=0.0556 time=74.60 ms | v=4.289 bg=0.00123 ba=0.24279
[tight-lio] t=1317401463.821 corr=2183 lidar=ok rms=0.0484 time=87.44 ms | v=4.136 bg=0.00128 ba=0.24528
[tight-lio] t=1317401463.925 corr=2182 lidar=ok rms=0.0463 time=82.67 ms | v=3.996 bg=0.00121 ba=0.24605
[tight-lio] t=1317401464.028 corr=2212 lidar=ok rms=0.0578 time=82.63 ms | v=3.900 bg=0.00122 ba=0.24514
[tight-lio] t=1317401464.132 corr=2303 lidar=ok rms=0.0571 time=82.36 ms | v=3.806 bg=0.00125 ba=0.24678
[tight-lio] t=1317401464.236 corr=2306 lidar=ok rms=0.0577 time=84.32 ms | v=3.713 bg=0.00125 ba=0.24798
[tight-lio] t=1317401464.340 corr=2290 lidar=ok rms=0.0667 time=83.82 ms | v=3.621 bg=0.00114 ba=0.24903
[tight-lio] t=1317401464.443 corr=2561 lidar=ok rms=0.0587 time=95.54 ms | v=3.540 bg=0.00107 ba=0.24924
[tight-lio] t=1317401464.547 corr=2693 lidar=ok rms=0.0659 time=94.00 ms | v=3.476 bg=0.00113 ba=0.24989
[tight-lio] t=1317401464.651 corr=2340 lidar=ok rms=0.0780 time=89.74 ms | v=3.421 bg=0.00143 ba=0.24996
[tight-lio] t=1317401464.754 corr=2460 lidar=ok rms=0.0615 time=88.21 ms | v=3.368 bg=0.00161 ba=0.24893
[tight-lio] t=1317401464.858 corr=2570 lidar=ok rms=0.0629 time=85.20 ms | v=3.315 bg=0.00164 ba=0.24873
[tight-lio] t=1317401464.962 corr=2375 lidar=ok rms=0.0694 time=90.35 ms | v=3.270 bg=0.00175 ba=0.24883
[tight-lio] t=1317401465.065 corr=2399 lidar=ok rms=0.0717 time=85.93 ms | v=3.215 bg=0.00186 ba=0.25062
[tight-lio] t=1317401465.169 corr=2164 lidar=ok rms=0.0606 time=84.15 ms | v=3.151 bg=0.00192 ba=0.25329
[tight-lio] t=1317401465.273 corr=2268 lidar=ok rms=0.0767 time=84.10 ms | v=3.094 bg=0.00177 ba=0.25725
[tight-lio] t=1317401465.376 corr=2279 lidar=ok rms=0.0840 time=86.06 ms | v=3.050 bg=0.00167 ba=0.25997
[tight-lio] t=1317401465.480 corr=2270 lidar=ok rms=0.0584 time=83.82 ms | v=3.017 bg=0.00170 ba=0.26199
[tight-lio] t=1317401465.584 corr=2288 lidar=ok rms=0.0715 time=93.27 ms | v=2.991 bg=0.00171 ba=0.26406
[tight-lio] t=1317401465.688 corr=2087 lidar=ok rms=0.0649 time=84.93 ms | v=2.985 bg=0.00167 ba=0.26472
[tight-lio] t=1317401465.792 corr=2048 lidar=ok rms=0.0611 time=87.74 ms | v=3.024 bg=0.00177 ba=0.26553
[tight-lio] t=1317401465.895 corr=2158 lidar=ok rms=0.0592 time=84.54 ms | v=3.109 bg=0.00171 ba=0.26557
[tight-lio] t=1317401465.999 corr=2086 lidar=ok rms=0.0668 time=85.06 ms | v=3.204 bg=0.00169 ba=0.26603
[tight-lio] t=1317401466.103 corr=1994 lidar=ok rms=0.0629 time=58.21 ms | v=3.314 bg=0.00173 ba=0.26452
[tight-lio] t=1317401466.207 corr=2056 lidar=ok rms=0.0698 time=84.24 ms | v=3.417 bg=0.00176 ba=0.26454
[tight-lio] t=1317401466.310 corr=2044 lidar=ok rms=0.0626 time=75.53 ms | v=3.525 bg=0.00181 ba=0.26384
[tight-lio] t=1317401466.414 corr=2048 lidar=ok rms=0.0628 time=84.58 ms | v=3.616 bg=0.00177 ba=0.26453
[tight-lio] t=1317401466.518 corr=2034 lidar=ok rms=0.0680 time=78.65 ms | v=3.714 bg=0.00175 ba=0.26480
[tight-lio] t=1317401466.622 corr=2131 lidar=ok rms=0.0647 time=90.50 ms | v=3.810 bg=0.00178 ba=0.26555
[tight-lio] t=1317401466.726 corr=2170 lidar=ok rms=0.0643 time=64.14 ms | v=3.905 bg=0.00184 ba=0.26622
[tight-lio] t=1317401466.829 corr=2257 lidar=ok rms=0.0785 time=82.90 ms | v=3.993 bg=0.00196 ba=0.26669
[tight-lio] t=1317401466.933 corr=2304 lidar=ok rms=0.0632 time=82.66 ms | v=4.091 bg=0.00205 ba=0.26710
[tight-lio] t=1317401467.037 corr=2430 lidar=ok rms=0.0745 time=89.49 ms | v=4.205 bg=0.00213 ba=0.26579
[tight-lio] t=1317401467.141 corr=2275 lidar=ok rms=0.0907 time=82.69 ms | v=4.307 bg=0.00216 ba=0.26544
[tight-lio] t=1317401467.244 corr=2182 lidar=ok rms=0.0580 time=87.30 ms | v=4.417 bg=0.00224 ba=0.26513
[tight-lio] t=1317401467.348 corr=2041 lidar=ok rms=0.1105 time=78.01 ms | v=4.527 bg=0.00228 ba=0.26578
[tight-lio] t=1317401467.452 corr=2070 lidar=ok rms=0.1663 time=86.76 ms | v=4.654 bg=0.00236 ba=0.26611
[tight-lio] t=1317401467.556 corr=2130 lidar=ok rms=0.1265 time=87.43 ms | v=4.805 bg=0.00244 ba=0.26534
[tight-lio] t=1317401467.659 corr=1988 lidar=ok rms=0.1907 time=84.13 ms | v=4.944 bg=0.00252 ba=0.26726
[tight-lio] t=1317401467.763 corr=1939 lidar=ok rms=0.1675 time=84.84 ms | v=5.078 bg=0.00251 ba=0.27044
[tight-lio] t=1317401467.867 corr=2040 lidar=ok rms=0.1555 time=81.01 ms | v=5.251 bg=0.00250 ba=0.27181
[tight-lio] t=1317401467.971 corr=1944 lidar=ok rms=0.2197 time=76.53 ms | v=5.447 bg=0.00251 ba=0.27207
[tight-lio] t=1317401468.075 corr=1885 lidar=ok rms=0.1846 time=90.14 ms | v=5.639 bg=0.00242 ba=0.27317
[tight-lio] t=1317401468.179 corr=1793 lidar=ok rms=0.1631 time=98.22 ms | v=5.838 bg=0.00227 ba=0.27431
[tight-lio] t=1317401468.283 corr=1936 lidar=ok rms=0.0992 time=77.79 ms | v=6.047 bg=0.00215 ba=0.27467
[tight-lio] t=1317401468.387 corr=1822 lidar=ok rms=0.0802 time=71.42 ms | v=6.251 bg=0.00200 ba=0.27527
[tight-lio] t=1317401468.491 corr=1831 lidar=ok rms=0.0950 time=71.52 ms | v=6.456 bg=0.00179 ba=0.27619
[tight-lio] t=1317401468.595 corr=1782 lidar=ok rms=0.1320 time=71.32 ms | v=6.679 bg=0.00157 ba=0.27580
[tight-lio] t=1317401468.699 corr=1892 lidar=ok rms=0.0695 time=70.64 ms | v=6.893 bg=0.00145 ba=0.27560
[tight-lio] t=1317401468.804 corr=1950 lidar=ok rms=0.1137 time=73.66 ms | v=7.102 bg=0.00129 ba=0.27560
[tight-lio] t=1317401468.908 corr=1945 lidar=ok rms=0.1043 time=77.35 ms | v=7.328 bg=0.00117 ba=0.27406
[tight-lio] t=1317401469.012 corr=1714 lidar=ok rms=0.1291 time=80.61 ms | v=7.548 bg=0.00107 ba=0.27303
[tight-lio] t=1317401469.117 corr=1674 lidar=ok rms=0.1169 time=66.94 ms | v=7.780 bg=0.00102 ba=0.27029
[tight-lio] t=1317401469.221 corr=1536 lidar=ok rms=0.1169 time=65.15 ms | v=8.013 bg=0.00103 ba=0.26745
[tight-lio] t=1317401469.325 corr=1575 lidar=ok rms=0.0903 time=69.32 ms | v=8.242 bg=0.00097 ba=0.26491
[tight-lio] t=1317401469.430 corr=1494 lidar=ok rms=0.1034 time=66.18 ms | v=8.463 bg=0.00079 ba=0.26205
[tight-lio] t=1317401469.534 corr=1593 lidar=ok rms=0.0900 time=65.56 ms | v=8.673 bg=0.00069 ba=0.26051
[tight-lio] t=1317401469.638 corr=1645 lidar=ok rms=0.0855 time=70.44 ms | v=8.895 bg=0.00075 ba=0.25880
[tight-lio] t=1317401469.742 corr=1499 lidar=ok rms=0.0788 time=66.31 ms | v=9.134 bg=0.00101 ba=0.25696
[tight-lio] t=1317401469.846 corr=1401 lidar=ok rms=0.1062 time=67.67 ms | v=9.376 bg=0.00112 ba=0.25605
[tight-lio] t=1317401469.950 corr=1572 lidar=ok rms=0.0921 time=70.46 ms | v=9.594 bg=0.00108 ba=0.25555
[tight-lio] t=1317401470.055 corr=1592 lidar=ok rms=0.0948 time=50.83 ms | v=9.814 bg=0.00098 ba=0.25437
[tight-lio] t=1317401470.159 corr=1610 lidar=ok rms=0.0765 time=65.02 ms | v=10.048 bg=0.00093 ba=0.25239
[tight-lio] t=1317401470.263 corr=1544 lidar=ok rms=0.0614 time=65.29 ms | v=10.281 bg=0.00098 ba=0.25052
[tight-lio] t=1317401470.367 corr=1507 lidar=ok rms=0.0683 time=69.67 ms | v=10.497 bg=0.00105 ba=0.25010
[tight-lio] t=1317401470.471 corr=1454 lidar=ok rms=0.0549 time=66.02 ms | v=10.693 bg=0.00108 ba=0.24976
[tight-lio] t=1317401470.575 corr=1442 lidar=ok rms=0.0735 time=67.61 ms | v=10.850 bg=0.00105 ba=0.24976
[tight-lio] t=1317401470.679 corr=1467 lidar=ok rms=0.0539 time=63.56 ms | v=10.992 bg=0.00105 ba=0.24928
[tight-lio] t=1317401470.783 corr=1577 lidar=ok rms=0.0587 time=47.03 ms | v=11.144 bg=0.00102 ba=0.24907
[tight-lio] t=1317401470.886 corr=1572 lidar=ok rms=0.0550 time=70.61 ms | v=11.302 bg=0.00103 ba=0.24923
[tight-lio] t=1317401470.990 corr=1555 lidar=ok rms=0.0545 time=63.90 ms | v=11.451 bg=0.00101 ba=0.24924
[tight-lio] t=1317401471.094 corr=1505 lidar=ok rms=0.0625 time=61.37 ms | v=11.585 bg=0.00099 ba=0.24938
[tight-lio] t=1317401471.198 corr=1524 lidar=ok rms=0.0604 time=67.31 ms | v=11.715 bg=0.00107 ba=0.25074
[tight-lio] t=1317401471.302 corr=1523 lidar=ok rms=0.0507 time=62.77 ms | v=11.855 bg=0.00108 ba=0.25050
[tight-lio] t=1317401471.406 corr=1599 lidar=ok rms=0.0511 time=65.36 ms | v=11.949 bg=0.00109 ba=0.25020
[tight-lio] t=1317401471.510 corr=1701 lidar=ok rms=0.0665 time=67.96 ms | v=11.980 bg=0.00111 ba=0.25021
[tight-lio] t=1317401471.614 corr=1650 lidar=ok rms=0.0565 time=65.98 ms | v=11.986 bg=0.00117 ba=0.25059
[tight-lio] t=1317401471.718 corr=1530 lidar=ok rms=0.0471 time=65.10 ms | v=11.972 bg=0.00127 ba=0.25119
[tight-lio] t=1317401471.822 corr=1551 lidar=ok rms=0.0472 time=68.67 ms | v=11.955 bg=0.00118 ba=0.25038
[tight-lio] t=1317401471.926 corr=1437 lidar=ok rms=0.0538 time=62.62 ms | v=11.925 bg=0.00110 ba=0.25090
[tight-lio] t=1317401472.030 corr=1397 lidar=ok rms=0.0455 time=62.33 ms | v=11.915 bg=0.00107 ba=0.25045
[tight-lio] t=1317401472.134 corr=1448 lidar=ok rms=0.0597 time=62.79 ms | v=11.901 bg=0.00101 ba=0.25128
[tight-lio] t=1317401472.238 corr=1393 lidar=ok rms=0.0709 time=45.47 ms | v=11.886 bg=0.00103 ba=0.25268
[tight-lio] t=1317401472.341 corr=1419 lidar=ok rms=0.0412 time=68.68 ms | v=11.880 bg=0.00108 ba=0.25306
[tight-lio] t=1317401472.445 corr=1491 lidar=ok rms=0.0856 time=64.14 ms | v=11.857 bg=0.00108 ba=0.25417
[tight-lio] t=1317401472.549 corr=1443 lidar=ok rms=0.0806 time=63.64 ms | v=11.835 bg=0.00107 ba=0.25485
[tight-lio] t=1317401472.653 corr=1516 lidar=ok rms=0.0480 time=64.34 ms | v=11.821 bg=0.00108 ba=0.25483
[tight-lio] t=1317401472.757 corr=1510 lidar=ok rms=0.0587 time=65.03 ms | v=11.806 bg=0.00109 ba=0.25462
[tight-lio] t=1317401472.861 corr=1637 lidar=ok rms=0.0549 time=66.82 ms | v=11.778 bg=0.00109 ba=0.25613
[tight-lio] t=1317401472.964 corr=1570 lidar=ok rms=0.0730 time=62.01 ms | v=11.750 bg=0.00110 ba=0.25741
[tight-lio] t=1317401473.068 corr=1619 lidar=ok rms=0.0475 time=66.18 ms | v=11.728 bg=0.00112 ba=0.25878
[tight-lio] t=1317401473.172 corr=1684 lidar=ok rms=0.0471 time=66.52 ms | v=11.717 bg=0.00118 ba=0.25966
[tight-lio] t=1317401473.276 corr=1576 lidar=ok rms=0.0445 time=71.40 ms | v=11.723 bg=0.00123 ba=0.25902
[tight-lio] t=1317401473.380 corr=1625 lidar=ok rms=0.0752 time=66.40 ms | v=11.689 bg=0.00108 ba=0.26050
[tight-lio] t=1317401473.484 corr=1632 lidar=ok rms=0.0401 time=47.72 ms | v=11.677 bg=0.00097 ba=0.26007
[tight-lio] t=1317401473.587 corr=1541 lidar=ok rms=0.0505 time=62.98 ms | v=11.655 bg=0.00115 ba=0.26211
[tight-lio] t=1317401473.691 corr=1493 lidar=ok rms=0.0347 time=63.79 ms | v=11.639 bg=0.00129 ba=0.26378
[tight-lio] t=1317401473.795 corr=1451 lidar=ok rms=0.0607 time=63.10 ms | v=11.610 bg=0.00122 ba=0.26499
[tight-lio] t=1317401473.899 corr=1548 lidar=ok rms=0.0502 time=69.70 ms | v=11.566 bg=0.00093 ba=0.26605
[tight-lio] t=1317401474.003 corr=1633 lidar=ok rms=0.0418 time=63.19 ms | v=11.528 bg=0.00091 ba=0.26704
[tight-lio] t=1317401474.106 corr=1511 lidar=ok rms=0.0548 time=61.83 ms | v=11.507 bg=0.00108 ba=0.26878
[tight-lio] t=1317401474.210 corr=1526 lidar=ok rms=0.0554 time=45.19 ms | v=11.493 bg=0.00119 ba=0.26943
[tight-lio] t=1317401474.314 corr=1561 lidar=ok rms=0.0511 time=64.35 ms | v=11.467 bg=0.00120 ba=0.27031
[tight-lio] t=1317401474.418 corr=1450 lidar=ok rms=0.0472 time=62.08 ms | v=11.431 bg=0.00121 ba=0.27179
[tight-lio] t=1317401474.521 corr=1574 lidar=ok rms=0.0416 time=66.89 ms | v=11.405 bg=0.00121 ba=0.27267
[tight-lio] t=1317401474.625 corr=1539 lidar=ok rms=0.0486 time=64.92 ms | v=11.390 bg=0.00124 ba=0.27314
[tight-lio] t=1317401474.729 corr=1439 lidar=ok rms=0.0471 time=63.26 ms | v=11.363 bg=0.00120 ba=0.27432
[tight-lio] t=1317401474.833 corr=1465 lidar=ok rms=0.0699 time=65.82 ms | v=11.328 bg=0.00119 ba=0.27586
[tight-lio] t=1317401474.937 corr=1487 lidar=ok rms=0.0453 time=61.67 ms | v=11.298 bg=0.00117 ba=0.27705
[tight-lio] t=1317401475.040 corr=1567 lidar=ok rms=0.0453 time=65.94 ms | v=11.264 bg=0.00118 ba=0.27901
[tight-lio] t=1317401475.144 corr=1578 lidar=ok rms=0.0374 time=65.44 ms | v=11.242 bg=0.00120 ba=0.27968
[tight-lio] t=1317401475.248 corr=1654 lidar=ok rms=0.0603 time=47.30 ms | v=11.217 bg=0.00118 ba=0.28108
[tight-lio] t=1317401475.351 corr=1765 lidar=ok rms=0.0417 time=68.62 ms | v=11.185 bg=0.00116 ba=0.28280
[tight-lio] t=1317401475.455 corr=1884 lidar=ok rms=0.0448 time=68.06 ms | v=11.157 bg=0.00120 ba=0.28437
[tight-lio] t=1317401475.559 corr=1804 lidar=ok rms=0.0416 time=70.02 ms | v=11.134 bg=0.00132 ba=0.28645
[tight-lio] t=1317401475.663 corr=1789 lidar=ok rms=0.0433 time=69.65 ms | v=11.114 bg=0.00144 ba=0.28839
[tight-lio] t=1317401475.766 corr=1775 lidar=ok rms=0.0741 time=69.58 ms | v=11.104 bg=0.00135 ba=0.28847
[tight-lio] t=1317401475.870 corr=1836 lidar=ok rms=0.0562 time=69.20 ms | v=11.073 bg=0.00125 ba=0.28990
[tight-lio] t=1317401475.974 corr=1739 lidar=ok rms=0.0402 time=50.37 ms | v=11.028 bg=0.00119 ba=0.29165
[tight-lio] t=1317401476.077 corr=1745 lidar=ok rms=0.0469 time=72.70 ms | v=10.993 bg=0.00114 ba=0.29309
[tight-lio] t=1317401476.181 corr=1831 lidar=ok rms=0.0438 time=70.98 ms | v=10.956 bg=0.00115 ba=0.29495
[tight-lio] t=1317401476.285 corr=1977 lidar=ok rms=0.0421 time=76.59 ms | v=10.916 bg=0.00120 ba=0.29657
[tight-lio] t=1317401476.389 corr=1814 lidar=ok rms=0.0554 time=69.62 ms | v=10.886 bg=0.00127 ba=0.29806
[tight-lio] t=1317401476.492 corr=1843 lidar=ok rms=0.0465 time=51.08 ms | v=10.847 bg=0.00130 ba=0.29919
[tight-lio] t=1317401476.596 corr=1928 lidar=ok rms=0.0520 time=72.39 ms | v=10.795 bg=0.00123 ba=0.30079
[tight-lio] t=1317401476.700 corr=2050 lidar=ok rms=0.0494 time=52.92 ms | v=10.740 bg=0.00120 ba=0.30221
[tight-lio] t=1317401476.803 corr=2014 lidar=ok rms=0.0411 time=76.68 ms | v=10.711 bg=0.00128 ba=0.30232
[tight-lio] t=1317401476.907 corr=1967 lidar=ok rms=0.0680 time=52.61 ms | v=10.689 bg=0.00136 ba=0.30240
[tight-lio] t=1317401477.011 corr=1999 lidar=ok rms=0.0636 time=75.32 ms | v=10.651 bg=0.00116 ba=0.30199
[tight-lio] t=1317401477.115 corr=1948 lidar=ok rms=0.0552 time=75.96 ms | v=10.585 bg=0.00082 ba=0.30264
[tight-lio] t=1317401477.219 corr=2016 lidar=ok rms=0.0529 time=76.77 ms | v=10.528 bg=0.00081 ba=0.30389
[tight-lio] t=1317401477.323 corr=1910 lidar=ok rms=0.0495 time=76.80 ms | v=10.483 bg=0.00092 ba=0.30529
[tight-lio] t=1317401477.427 corr=2032 lidar=ok rms=0.0462 time=78.74 ms | v=10.463 bg=0.00125 ba=0.30635
[tight-lio] t=1317401477.531 corr=2090 lidar=ok rms=0.0757 time=80.25 ms | v=10.438 bg=0.00157 ba=0.30750
[tight-lio] t=1317401477.634 corr=2093 lidar=ok rms=0.0643 time=80.38 ms | v=10.379 bg=0.00136 ba=0.30821
[tight-lio] t=1317401477.738 corr=2377 lidar=ok rms=0.0544 time=86.12 ms | v=10.312 bg=0.00113 ba=0.30904
[tight-lio] t=1317401477.842 corr=2445 lidar=ok rms=0.0583 time=61.34 ms | v=10.268 bg=0.00122 ba=0.31012
[tight-lio] t=1317401477.946 corr=2244 lidar=ok rms=0.0541 time=81.77 ms | v=10.246 bg=0.00135 ba=0.31050
[tight-lio] t=1317401478.050 corr=2304 lidar=ok rms=0.0734 time=86.19 ms | v=10.254 bg=0.00159 ba=0.31007
[tight-lio] t=1317401478.154 corr=2312 lidar=ok rms=0.0811 time=82.57 ms | v=10.258 bg=0.00174 ba=0.30990
[tight-lio] t=1317401478.258 corr=2310 lidar=ok rms=0.0740 time=84.66 ms | v=10.247 bg=0.00147 ba=0.31086
[tight-lio] t=1317401478.362 corr=2309 lidar=ok rms=0.0740 time=84.00 ms | v=10.241 bg=0.00133 ba=0.31219
[tight-lio] t=1317401478.466 corr=2234 lidar=ok rms=0.0617 time=79.22 ms | v=10.264 bg=0.00141 ba=0.31330
[tight-lio] t=1317401478.570 corr=2405 lidar=ok rms=0.0650 time=83.75 ms | v=10.295 bg=0.00143 ba=0.31638
[tight-lio] t=1317401478.674 corr=2362 lidar=ok rms=0.0537 time=81.92 ms | v=10.322 bg=0.00136 ba=0.31820
[tight-lio] t=1317401478.778 corr=2483 lidar=ok rms=0.0477 time=84.83 ms | v=10.369 bg=0.00139 ba=0.31908
[tight-lio] t=1317401478.882 corr=2315 lidar=ok rms=0.0625 time=79.72 ms | v=10.439 bg=0.00142 ba=0.31903
[tight-lio] t=1317401478.986 corr=2401 lidar=ok rms=0.0576 time=79.51 ms | v=10.485 bg=0.00137 ba=0.31975
[tight-lio] t=1317401479.090 corr=2301 lidar=ok rms=0.0511 time=79.05 ms | v=10.537 bg=0.00125 ba=0.32047
[tight-lio] t=1317401479.194 corr=2353 lidar=ok rms=0.0565 time=78.84 ms | v=10.578 bg=0.00118 ba=0.32120
[tight-lio] t=1317401479.298 corr=2229 lidar=ok rms=0.0700 time=74.29 ms | v=10.630 bg=0.00115 ba=0.32225
[tight-lio] t=1317401479.402 corr=2252 lidar=ok rms=0.0408 time=76.91 ms | v=10.687 bg=0.00129 ba=0.32289
[tight-lio] t=1317401479.506 corr=2141 lidar=ok rms=0.0422 time=72.92 ms | v=10.764 bg=0.00143 ba=0.32385
[tight-lio] t=1317401479.610 corr=1955 lidar=ok rms=0.0678 time=69.27 ms | v=10.828 bg=0.00139 ba=0.32480
[tight-lio] t=1317401479.714 corr=1846 lidar=ok rms=0.0650 time=74.41 ms | v=10.874 bg=0.00128 ba=0.32717
[tight-lio] t=1317401479.817 corr=1793 lidar=ok rms=0.0517 time=67.80 ms | v=10.912 bg=0.00124 ba=0.32922
[tight-lio] t=1317401479.921 corr=1753 lidar=ok rms=0.0448 time=46.11 ms | v=10.966 bg=0.00124 ba=0.33061
[tight-lio] t=1317401480.025 corr=1573 lidar=ok rms=0.0445 time=62.61 ms | v=11.024 bg=0.00126 ba=0.33117
[tight-lio] t=1317401480.129 corr=1503 lidar=ok rms=0.0507 time=43.78 ms | v=11.074 bg=0.00126 ba=0.33230
[tight-lio] t=1317401480.233 corr=1518 lidar=ok rms=0.0372 time=44.13 ms | v=11.118 bg=0.00130 ba=0.33444
[tight-lio] t=1317401480.337 corr=1567 lidar=ok rms=0.0473 time=60.99 ms | v=11.167 bg=0.00135 ba=0.33627
[tight-lio] t=1317401480.440 corr=1530 lidar=ok rms=0.0443 time=62.67 ms | v=11.201 bg=0.00136 ba=0.33816
[tight-lio] t=1317401480.544 corr=1559 lidar=ok rms=0.0533 time=43.46 ms | v=11.208 bg=0.00133 ba=0.33968
[tight-lio] t=1317401480.648 corr=1474 lidar=ok rms=0.0462 time=59.14 ms | v=11.205 bg=0.00134 ba=0.34081
[tight-lio] t=1317401480.752 corr=1356 lidar=ok rms=0.0571 time=51.10 ms | v=11.200 bg=0.00133 ba=0.34182
[tight-lio] t=1317401480.856 corr=1324 lidar=ok rms=0.0726 time=53.14 ms | v=11.184 bg=0.00134 ba=0.34332
[tight-lio] t=1317401480.960 corr=1322 lidar=ok rms=0.0629 time=56.23 ms | v=11.138 bg=0.00133 ba=0.34587
[tight-lio] t=1317401481.064 corr=1278 lidar=ok rms=0.0644 time=54.06 ms | v=11.112 bg=0.00132 ba=0.34779
[tight-lio] t=1317401481.167 corr=1258 lidar=ok rms=0.0491 time=55.28 ms | v=11.091 bg=0.00134 ba=0.34933
[tight-lio] t=1317401481.271 corr=1330 lidar=ok rms=0.0712 time=56.76 ms | v=11.059 bg=0.00133 ba=0.35088
[tight-lio] t=1317401481.375 corr=1308 lidar=ok rms=0.1285 time=54.57 ms | v=11.038 bg=0.00122 ba=0.35148
[tight-lio] t=1317401481.479 corr=1341 lidar=ok rms=0.0508 time=55.89 ms | v=11.009 bg=0.00121 ba=0.35233
[tight-lio] t=1317401481.583 corr=1316 lidar=ok rms=0.0561 time=56.15 ms | v=10.981 bg=0.00130 ba=0.35403
[tight-lio] t=1317401481.687 corr=1162 lidar=ok rms=0.0634 time=55.52 ms | v=10.973 bg=0.00140 ba=0.35377
[tight-lio] t=1317401481.791 corr=1197 lidar=ok rms=0.0786 time=54.84 ms | v=10.939 bg=0.00134 ba=0.35484
[tight-lio] t=1317401481.894 corr=1213 lidar=ok rms=0.0426 time=52.04 ms | v=10.896 bg=0.00130 ba=0.35665
[tight-lio] t=1317401481.998 corr=1224 lidar=ok rms=0.0715 time=51.39 ms | v=10.870 bg=0.00135 ba=0.35795
[tight-lio] t=1317401482.102 corr=1250 lidar=ok rms=0.0539 time=38.81 ms | v=10.824 bg=0.00138 ba=0.35963
[tight-lio] t=1317401482.206 corr=1278 lidar=ok rms=0.0447 time=54.77 ms | v=10.773 bg=0.00130 ba=0.36069
[tight-lio] t=1317401482.310 corr=1189 lidar=ok rms=0.0551 time=53.22 ms | v=10.717 bg=0.00126 ba=0.36278
[tight-lio] t=1317401482.414 corr=1229 lidar=ok rms=0.0462 time=53.78 ms | v=10.680 bg=0.00133 ba=0.36330
[tight-lio] t=1317401482.518 corr=1142 lidar=ok rms=0.0668 time=55.33 ms | v=10.643 bg=0.00137 ba=0.36427
[tight-lio] t=1317401482.622 corr=1171 lidar=ok rms=0.0669 time=54.34 ms | v=10.603 bg=0.00138 ba=0.36543
[tight-lio] t=1317401482.725 corr=1238 lidar=ok rms=0.0591 time=40.37 ms | v=10.560 bg=0.00133 ba=0.36587
[tight-lio] t=1317401482.829 corr=1174 lidar=ok rms=0.0487 time=57.13 ms | v=10.528 bg=0.00129 ba=0.36636
[tight-lio] t=1317401482.933 corr=1269 lidar=ok rms=0.0657 time=56.21 ms | v=10.479 bg=0.00132 ba=0.36841
[tight-lio] t=1317401483.037 corr=1134 lidar=ok rms=0.0559 time=54.83 ms | v=10.436 bg=0.00132 ba=0.37031
[tight-lio] t=1317401483.141 corr=1144 lidar=ok rms=0.0855 time=58.57 ms | v=10.419 bg=0.00124 ba=0.37116
[tight-lio] t=1317401483.245 corr=1019 lidar=ok rms=0.0551 time=53.42 ms | v=10.414 bg=0.00126 ba=0.37165
[tight-lio] t=1317401483.349 corr=1153 lidar=ok rms=0.0604 time=54.72 ms | v=10.389 bg=0.00136 ba=0.37321
[tight-lio] t=1317401483.453 corr=1106 lidar=ok rms=0.0859 time=52.98 ms | v=10.391 bg=0.00143 ba=0.37326
[tight-lio] t=1317401483.557 corr=1194 lidar=ok rms=0.0645 time=55.51 ms | v=10.379 bg=0.00152 ba=0.37510
[tight-lio] t=1317401483.660 corr=1151 lidar=ok rms=0.0437 time=55.23 ms | v=10.361 bg=0.00147 ba=0.37611
[tight-lio] t=1317401483.764 corr=1162 lidar=ok rms=0.0547 time=54.29 ms | v=10.331 bg=0.00136 ba=0.37676
[tight-lio] t=1317401483.868 corr=1274 lidar=ok rms=0.0776 time=59.79 ms | v=10.296 bg=0.00122 ba=0.37832
[tight-lio] t=1317401483.972 corr=1236 lidar=ok rms=0.0571 time=64.07 ms | v=10.269 bg=0.00125 ba=0.37938
[tight-lio] t=1317401484.076 corr=1296 lidar=ok rms=0.0737 time=56.04 ms | v=10.266 bg=0.00135 ba=0.37963
[tight-lio] t=1317401484.180 corr=1287 lidar=ok rms=0.0519 time=57.14 ms | v=10.238 bg=0.00131 ba=0.38122
[tight-lio] t=1317401484.284 corr=1291 lidar=ok rms=0.0741 time=56.85 ms | v=10.206 bg=0.00125 ba=0.38286
[tight-lio] t=1317401484.388 corr=1207 lidar=ok rms=0.0518 time=53.55 ms | v=10.190 bg=0.00135 ba=0.38417
[tight-lio] t=1317401484.492 corr=1199 lidar=ok rms=0.0624 time=53.81 ms | v=10.171 bg=0.00140 ba=0.38480
[tight-lio] t=1317401484.596 corr=1218 lidar=ok rms=0.0553 time=52.62 ms | v=10.137 bg=0.00132 ba=0.38622
[tight-lio] t=1317401484.700 corr=1160 lidar=ok rms=0.0828 time=52.53 ms | v=10.111 bg=0.00130 ba=0.38717
[tight-lio] t=1317401484.803 corr=1178 lidar=ok rms=0.0515 time=37.77 ms | v=10.089 bg=0.00133 ba=0.38814
[tight-lio] t=1317401484.907 corr=1173 lidar=ok rms=0.0509 time=52.49 ms | v=10.073 bg=0.00138 ba=0.38904
[tight-lio] t=1317401485.011 corr=1243 lidar=ok rms=0.1075 time=39.83 ms | v=10.051 bg=0.00140 ba=0.38979
[tight-lio] t=1317401485.115 corr=1172 lidar=ok rms=0.0653 time=54.86 ms | v=10.013 bg=0.00135 ba=0.39086
[tight-lio] t=1317401485.219 corr=1159 lidar=ok rms=0.0563 time=52.58 ms | v=9.968 bg=0.00129 ba=0.39216
[tight-lio] t=1317401485.323 corr=1118 lidar=ok rms=0.0878 time=53.26 ms | v=9.932 bg=0.00128 ba=0.39357
[tight-lio] t=1317401485.427 corr=1066 lidar=ok rms=0.0589 time=53.22 ms | v=9.903 bg=0.00135 ba=0.39417
[tight-lio] t=1317401485.531 corr=1175 lidar=ok rms=0.0628 time=55.41 ms | v=9.854 bg=0.00139 ba=0.39568
[tight-lio] t=1317401485.635 corr=1103 lidar=ok rms=0.0567 time=57.50 ms | v=9.794 bg=0.00134 ba=0.39676
[tight-lio] t=1317401485.739 corr=1082 lidar=ok rms=0.0641 time=52.70 ms | v=9.711 bg=0.00130 ba=0.39761
[tight-lio] t=1317401485.843 corr=1117 lidar=ok rms=0.0575 time=52.63 ms | v=9.581 bg=0.00122 ba=0.39968
[tight-lio] t=1317401485.947 corr=1056 lidar=ok rms=0.0699 time=50.91 ms | v=9.383 bg=0.00119 ba=0.40374
[tight-lio] t=1317401486.051 corr=1125 lidar=ok rms=0.0898 time=51.98 ms | v=9.208 bg=0.00131 ba=0.40595
[tight-lio] t=1317401486.155 corr=1030 lidar=ok rms=0.0710 time=51.84 ms | v=9.022 bg=0.00138 ba=0.40839
[tight-lio] t=1317401486.259 corr=1222 lidar=ok rms=0.0949 time=54.26 ms | v=8.862 bg=0.00137 ba=0.40963
[tight-lio] t=1317401486.362 corr=1191 lidar=ok rms=0.0859 time=57.17 ms | v=8.714 bg=0.00124 ba=0.41081
[tight-lio] t=1317401486.466 corr=1429 lidar=ok rms=0.0700 time=61.05 ms | v=8.568 bg=0.00116 ba=0.41262
[tight-lio] t=1317401486.570 corr=1484 lidar=ok rms=0.0686 time=62.11 ms | v=8.435 bg=0.00128 ba=0.41494
[tight-lio] t=1317401486.674 corr=1565 lidar=ok rms=0.0897 time=49.48 ms | v=8.326 bg=0.00135 ba=0.41560
[tight-lio] t=1317401486.778 corr=1469 lidar=ok rms=0.0586 time=63.99 ms | v=8.201 bg=0.00131 ba=0.41686
[tight-lio] t=1317401486.882 corr=1735 lidar=ok rms=0.0500 time=66.40 ms | v=8.064 bg=0.00123 ba=0.41726
[tight-lio] t=1317401486.986 corr=1657 lidar=ok rms=0.0588 time=66.71 ms | v=7.909 bg=0.00123 ba=0.41834
[tight-lio] t=1317401487.090 corr=1825 lidar=ok rms=0.0446 time=68.13 ms | v=7.770 bg=0.00131 ba=0.41830
[tight-lio] t=1317401487.194 corr=1807 lidar=ok rms=0.0573 time=68.07 ms | v=7.638 bg=0.00135 ba=0.41874
[tight-lio] t=1317401487.298 corr=1984 lidar=ok rms=0.0659 time=72.54 ms | v=7.507 bg=0.00132 ba=0.41868
[tight-lio] t=1317401487.402 corr=2003 lidar=ok rms=0.0604 time=74.87 ms | v=7.364 bg=0.00131 ba=0.42060
[tight-lio] t=1317401487.506 corr=2049 lidar=ok rms=0.0545 time=75.14 ms | v=7.223 bg=0.00134 ba=0.42117
[tight-lio] t=1317401487.610 corr=2057 lidar=ok rms=0.0703 time=76.59 ms | v=7.052 bg=0.00143 ba=0.42314
[tight-lio] t=1317401487.714 corr=2126 lidar=ok rms=0.0447 time=76.42 ms | v=6.877 bg=0.00153 ba=0.42470
[tight-lio] t=1317401487.818 corr=2175 lidar=ok rms=0.0481 time=79.24 ms | v=6.672 bg=0.00148 ba=0.42631
[tight-lio] t=1317401487.922 corr=2119 lidar=ok rms=0.0463 time=76.30 ms | v=6.463 bg=0.00146 ba=0.42670
[tight-lio] t=1317401488.026 corr=2023 lidar=ok rms=0.0602 time=77.08 ms | v=6.267 bg=0.00146 ba=0.42740
[tight-lio] t=1317401488.130 corr=2175 lidar=ok rms=0.0553 time=82.74 ms | v=6.111 bg=0.00135 ba=0.42883
[tight-lio] t=1317401488.234 corr=2086 lidar=ok rms=0.0557 time=58.31 ms | v=6.006 bg=0.00139 ba=0.42931
[tight-lio] t=1317401488.338 corr=2110 lidar=ok rms=0.0364 time=77.19 ms | v=5.907 bg=0.00150 ba=0.42919
[tight-lio] t=1317401488.443 corr=2212 lidar=ok rms=0.0494 time=78.71 ms | v=5.804 bg=0.00153 ba=0.42941
[tight-lio] t=1317401488.547 corr=2237 lidar=ok rms=0.0518 time=57.91 ms | v=5.715 bg=0.00146 ba=0.42906
[tight-lio] t=1317401488.651 corr=2237 lidar=ok rms=0.0460 time=59.53 ms | v=5.652 bg=0.00142 ba=0.42879
[tight-lio] t=1317401488.754 corr=2251 lidar=ok rms=0.0457 time=85.30 ms | v=5.601 bg=0.00142 ba=0.42929
[tight-lio] t=1317401488.858 corr=2238 lidar=ok rms=0.0522 time=85.46 ms | v=5.555 bg=0.00138 ba=0.42894
[tight-lio] t=1317401488.962 corr=2361 lidar=ok rms=0.0416 time=58.25 ms | v=5.497 bg=0.00134 ba=0.42948
[tight-lio] t=1317401489.066 corr=2249 lidar=ok rms=0.0495 time=82.41 ms | v=5.442 bg=0.00134 ba=0.43046
[tight-lio] t=1317401489.170 corr=2335 lidar=ok rms=0.0461 time=91.94 ms | v=5.389 bg=0.00132 ba=0.43125
[tight-lio] t=1317401489.274 corr=2285 lidar=ok rms=0.0640 time=82.11 ms | v=5.333 bg=0.00131 ba=0.43225
[tight-lio] t=1317401489.378 corr=2466 lidar=ok rms=0.0463 time=86.24 ms | v=5.279 bg=0.00132 ba=0.43310
[tight-lio] t=1317401489.482 corr=2436 lidar=ok rms=0.0525 time=86.48 ms | v=5.199 bg=0.00131 ba=0.43503
[tight-lio] t=1317401489.586 corr=2471 lidar=ok rms=0.0365 time=88.73 ms | v=5.123 bg=0.00124 ba=0.43591
[tight-lio] t=1317401489.690 corr=2562 lidar=ok rms=0.0438 time=94.88 ms | v=5.046 bg=0.00123 ba=0.43705
[tight-lio] t=1317401489.794 corr=2594 lidar=ok rms=0.0497 time=91.38 ms | v=4.976 bg=0.00130 ba=0.43782
[tight-lio] t=1317401489.898 corr=2667 lidar=ok rms=0.0456 time=91.34 ms | v=4.899 bg=0.00128 ba=0.43884
[tight-lio] t=1317401490.002 corr=2751 lidar=ok rms=0.0534 time=93.70 ms | v=4.819 bg=0.00128 ba=0.43881
[tight-lio] t=1317401490.106 corr=2757 lidar=ok rms=0.0407 time=96.16 ms | v=4.704 bg=0.00129 ba=0.44040
[tight-lio] t=1317401490.210 corr=2878 lidar=ok rms=0.0438 time=98.36 ms | v=4.577 bg=0.00132 ba=0.44225
[tight-lio] t=1317401490.314 corr=2799 lidar=ok rms=0.0360 time=97.21 ms | v=4.467 bg=0.00138 ba=0.44315
[tight-lio] t=1317401490.418 corr=2823 lidar=ok rms=0.0428 time=97.47 ms | v=4.342 bg=0.00133 ba=0.44374
[tight-lio] t=1317401490.522 corr=2747 lidar=ok rms=0.0468 time=99.32 ms | v=4.197 bg=0.00130 ba=0.44466
[tight-lio] t=1317401490.626 corr=2926 lidar=ok rms=0.0452 time=106.99 ms | v=4.041 bg=0.00134 ba=0.44623
[tight-lio] t=1317401490.730 corr=2835 lidar=ok rms=0.0389 time=99.60 ms | v=3.893 bg=0.00140 ba=0.44775
[tight-lio] t=1317401490.834 corr=2856 lidar=ok rms=0.0533 time=101.58 ms | v=3.800 bg=0.00146 ba=0.44862
[tight-lio] t=1317401490.938 corr=2983 lidar=ok rms=0.0421 time=101.08 ms | v=3.746 bg=0.00146 ba=0.44925
[tight-lio] t=1317401491.042 corr=2937 lidar=ok rms=0.0415 time=103.28 ms | v=3.696 bg=0.00154 ba=0.45017
[tight-lio] t=1317401491.146 corr=3096 lidar=ok rms=0.0441 time=108.38 ms | v=3.658 bg=0.00167 ba=0.45026
[tight-lio] t=1317401491.250 corr=3137 lidar=ok rms=0.0415 time=110.64 ms | v=3.588 bg=0.00185 ba=0.44917
[tight-lio] t=1317401491.355 corr=3148 lidar=ok rms=0.0506 time=107.28 ms | v=3.344 bg=0.00202 ba=0.45010
[tight-lio] t=1317401491.459 corr=3156 lidar=ok rms=0.0456 time=115.32 ms | v=2.976 bg=0.00194 ba=0.45211
[tight-lio] t=1317401491.563 corr=3030 lidar=ok rms=0.0400 time=106.73 ms | v=2.603 bg=0.00182 ba=0.45309
[tight-lio] t=1317401491.667 corr=3034 lidar=ok rms=0.0615 time=106.10 ms | v=2.235 bg=0.00174 ba=0.45404
[tight-lio] t=1317401491.771 corr=3139 lidar=ok rms=0.0421 time=115.17 ms | v=1.850 bg=0.00159 ba=0.45586
[tight-lio] t=1317401491.875 corr=3047 lidar=ok rms=0.0370 time=116.95 ms | v=1.471 bg=0.00137 ba=0.45616
[tight-lio] t=1317401491.979 corr=3119 lidar=ok rms=0.0392 time=107.74 ms | v=1.090 bg=0.00125 ba=0.45646
[tight-lio] t=1317401492.083 corr=3175 lidar=ok rms=0.0456 time=80.88 ms | v=0.713 bg=0.00112 ba=0.45724
[tight-lio] t=1317401492.187 corr=3131 lidar=ok rms=0.0469 time=107.94 ms | v=0.367 bg=0.00096 ba=0.45833
[tight-lio] t=1317401492.290 corr=3097 lidar=ok rms=0.0437 time=114.79 ms | v=0.083 bg=0.00094 ba=0.45858
[tight-lio] t=1317401492.394 corr=3020 lidar=ok rms=0.0421 time=109.76 ms | v=0.208 bg=0.00094 ba=0.45962
[tight-lio] t=1317401492.498 corr=3092 lidar=ok rms=0.0570 time=75.47 ms | v=0.175 bg=0.00078 ba=0.45855
[tight-lio] t=1317401492.602 corr=3082 lidar=ok rms=0.0513 time=106.18 ms | v=0.105 bg=0.00076 ba=0.45699
[tight-lio] t=1317401492.706 corr=3074 lidar=ok rms=0.0549 time=107.10 ms | v=0.071 bg=0.00093 ba=0.45587
[tight-lio] t=1317401492.810 corr=3124 lidar=ok rms=0.0573 time=116.84 ms | v=0.088 bg=0.00102 ba=0.45426
[tight-lio] t=1317401492.914 corr=3158 lidar=ok rms=0.0484 time=81.63 ms | v=0.099 bg=0.00099 ba=0.45291
[tight-lio] t=1317401493.017 corr=3137 lidar=ok rms=0.0432 time=108.14 ms | v=0.104 bg=0.00096 ba=0.45271
[tight-lio] t=1317401493.121 corr=3112 lidar=ok rms=0.0414 time=77.28 ms | v=0.096 bg=0.00093 ba=0.45210
[tight-lio] t=1317401493.225 corr=3044 lidar=ok rms=0.0513 time=105.82 ms | v=0.089 bg=0.00089 ba=0.45090
[tight-lio] t=1317401493.329 corr=3109 lidar=ok rms=0.0632 time=104.00 ms | v=0.103 bg=0.00090 ba=0.45063
[tight-lio] t=1317401493.433 corr=3008 lidar=ok rms=0.0677 time=104.46 ms | v=0.100 bg=0.00091 ba=0.45100
[tight-lio] t=1317401493.537 corr=3052 lidar=ok rms=0.0595 time=105.36 ms | v=0.093 bg=0.00087 ba=0.45071
[tight-lio] t=1317401493.641 corr=2978 lidar=ok rms=0.0675 time=103.76 ms | v=0.092 bg=0.00087 ba=0.45075
[tight-lio] t=1317401493.745 corr=3027 lidar=ok rms=0.0505 time=104.58 ms | v=0.099 bg=0.00088 ba=0.45056
[tight-lio] t=1317401493.849 corr=3109 lidar=ok rms=0.0377 time=83.25 ms | v=0.096 bg=0.00084 ba=0.45218
[tight-lio] t=1317401493.953 corr=2999 lidar=ok rms=0.0399 time=104.99 ms | v=0.109 bg=0.00081 ba=0.45260
[tight-lio] t=1317401494.057 corr=3113 lidar=ok rms=0.0496 time=112.88 ms | v=0.140 bg=0.00080 ba=0.45203
[tight-lio] t=1317401494.161 corr=3093 lidar=ok rms=0.0502 time=109.91 ms | v=0.174 bg=0.00082 ba=0.45334
[tight-lio] t=1317401494.265 corr=3035 lidar=ok rms=0.0382 time=74.95 ms | v=0.224 bg=0.00085 ba=0.45368
[tight-lio] t=1317401494.369 corr=3001 lidar=ok rms=0.0390 time=105.46 ms | v=0.254 bg=0.00082 ba=0.45363
[tight-lio] t=1317401494.473 corr=2982 lidar=ok rms=0.0383 time=75.34 ms | v=0.288 bg=0.00083 ba=0.45425
[tight-lio] t=1317401494.577 corr=2954 lidar=ok rms=0.0422 time=114.11 ms | v=0.330 bg=0.00083 ba=0.45519
[tight-lio] t=1317401494.681 corr=3076 lidar=ok rms=0.0402 time=112.79 ms | v=0.417 bg=0.00084 ba=0.45530
[tight-lio] t=1317401494.785 corr=3107 lidar=ok rms=0.0398 time=105.37 ms | v=0.542 bg=0.00087 ba=0.45550
[tight-lio] t=1317401494.890 corr=3173 lidar=ok rms=0.0413 time=115.07 ms | v=0.686 bg=0.00096 ba=0.45496
[tight-lio] t=1317401494.994 corr=3170 lidar=ok rms=0.0450 time=106.89 ms | v=0.838 bg=0.00114 ba=0.45579
[tight-lio] t=1317401495.098 corr=3190 lidar=ok rms=0.0375 time=115.25 ms | v=0.996 bg=0.00126 ba=0.45520
[tight-lio] t=1317401495.202 corr=3319 lidar=ok rms=0.0415 time=110.52 ms | v=1.146 bg=0.00138 ba=0.45593
[tight-lio] t=1317401495.306 corr=3195 lidar=ok rms=0.0430 time=109.59 ms | v=1.316 bg=0.00146 ba=0.45544
[tight-lio] t=1317401495.411 corr=3138 lidar=ok rms=0.0449 time=111.03 ms | v=1.483 bg=0.00154 ba=0.45486
[tight-lio] t=1317401495.515 corr=3120 lidar=ok rms=0.0469 time=108.45 ms | v=1.662 bg=0.00162 ba=0.45344
[tight-lio] t=1317401495.619 corr=3214 lidar=ok rms=0.0461 time=108.65 ms | v=1.852 bg=0.00160 ba=0.45157
[tight-lio] t=1317401495.723 corr=3255 lidar=ok rms=0.0470 time=110.38 ms | v=2.046 bg=0.00156 ba=0.45015
[tight-lio] t=1317401495.827 corr=3334 lidar=ok rms=0.0467 time=115.06 ms | v=2.245 bg=0.00145 ba=0.44997
[tight-lio] t=1317401495.931 corr=3200 lidar=ok rms=0.0404 time=116.94 ms | v=2.469 bg=0.00133 ba=0.44883
[tight-lio] t=1317401496.035 corr=3196 lidar=ok rms=0.0506 time=112.73 ms | v=2.707 bg=0.00123 ba=0.44803
[tight-lio] t=1317401496.139 corr=3292 lidar=ok rms=0.0499 time=108.02 ms | v=2.924 bg=0.00130 ba=0.45065
[tight-lio] t=1317401496.243 corr=3250 lidar=ok rms=0.0387 time=115.72 ms | v=3.153 bg=0.00152 ba=0.45231
[tight-lio] t=1317401496.347 corr=3356 lidar=ok rms=0.0446 time=117.80 ms | v=3.394 bg=0.00166 ba=0.45339
[tight-lio] t=1317401496.452 corr=3375 lidar=ok rms=0.0467 time=111.59 ms | v=3.626 bg=0.00169 ba=0.45354
[tight-lio] t=1317401496.556 corr=3369 lidar=ok rms=0.0411 time=114.41 ms | v=3.862 bg=0.00178 ba=0.45257
[tight-lio] t=1317401496.660 corr=3277 lidar=ok rms=0.0495 time=115.14 ms | v=4.095 bg=0.00186 ba=0.45207
[tight-lio] t=1317401496.764 corr=3279 lidar=ok rms=0.0562 time=118.22 ms | v=4.309 bg=0.00188 ba=0.45217
[tight-lio] t=1317401496.868 corr=3142 lidar=ok rms=0.0500 time=117.51 ms | v=4.525 bg=0.00202 ba=0.45175
[tight-lio] t=1317401496.972 corr=3307 lidar=ok rms=0.0531 time=110.38 ms | v=4.733 bg=0.00205 ba=0.45128
[tight-lio] t=1317401497.077 corr=3278 lidar=ok rms=0.0505 time=109.90 ms | v=4.951 bg=0.00198 ba=0.44972
[tight-lio] t=1317401497.181 corr=3411 lidar=ok rms=0.0506 time=116.66 ms | v=5.160 bg=0.00188 ba=0.44748
[tight-lio] t=1317401497.285 corr=3346 lidar=ok rms=0.0479 time=123.84 ms | v=5.342 bg=0.00175 ba=0.44481
[tight-lio] t=1317401497.389 corr=3470 lidar=ok rms=0.0525 time=113.75 ms | v=5.513 bg=0.00164 ba=0.44371
[tight-lio] t=1317401497.493 corr=3355 lidar=ok rms=0.0512 time=121.35 ms | v=5.722 bg=0.00153 ba=0.44053
[tight-lio] t=1317401497.597 corr=3458 lidar=ok rms=0.0602 time=118.51 ms | v=5.903 bg=0.00138 ba=0.44050
[tight[INFO] [1789104759.931195311] [rclcpp]: signal_handler(signum=15)
[INFO] [1789104759.931441413] [lidar_inertial_odometer]: processed 5153 lidar frames
-lio] t=1317401497.700 corr=3470 lidar=ok rms=0.0415 time=112.75 ms | v=6.071 bg=0.00119 ba=0.43968
[tight-lio] t=1317401497.804 corr=3426 lidar=ok rms=0.0535 time=119.07 ms | v=6.263 bg=0.00102 ba=0.43628
[tight-lio] t=1317401497.908 corr=3573 lidar=ok rms=0.0541 time=111.55 ms | v=6.427 bg=0.00096 ba=0.43612
[tight-lio] t=1317401498.012 corr=3550 lidar=ok rms=0.0399 time=110.84 ms | v=6.613 bg=0.00104 ba=0.43466
[tight-lio] t=1317401498.116 corr=3629 lidar=ok rms=0.0553 time=115.46 ms | v=6.792 bg=0.00112 ba=0.43309
[tight-lio] t=1317401498.220 corr=3573 lidar=ok rms=0.0447 time=111.60 ms | v=6.967 bg=0.00116 ba=0.43274
[tight-lio] t=1317401498.324 corr=3633 lidar=ok rms=0.0477 time=119.24 ms | v=7.122 bg=0.00092 ba=0.43166
[tight-lio] t=1317401498.428 corr=3697 lidar=ok rms=0.0478 time=124.69 ms | v=7.268 bg=0.00071 ba=0.43018
[tight-lio] t=1317401498.531 corr=3606 lidar=ok rms=0.0558 time=117.58 ms | v=7.429 bg=0.00065 ba=0.42925
[tight-lio] t=1317401498.635 corr=3535 lidar=ok rms=0.0475 time=111.58 ms | v=7.605 bg=0.00078 ba=0.42788
[tight-lio] t=1317401498.739 corr=3413 lidar=ok rms=0.0445 time=115.35 ms | v=7.777 bg=0.00090 ba=0.42637
[tight-lio] t=1317401498.843 corr=3605 lidar=ok rms=0.0463 time=137.33 ms | v=7.939 bg=0.00078 ba=0.42447
[tight-lio] t=1317401498.946 corr=3369 lidar=ok rms=0.0443 time=110.80 ms | v=8.080 bg=0.00072 ba=0.42457
[tight-lio] t=1317401499.050 corr=3494 lidar=ok rms=0.0455 time=113.28 ms | v=8.227 bg=0.00074 ba=0.42464
[tight-lio] t=1317401499.154 corr=3320 lidar=ok rms=0.0480 time=109.34 ms | v=8.369 bg=0.00073 ba=0.42398
[tight-lio] t=1317401499.257 corr=3532 lidar=ok rms=0.0464 time=111.04 ms | v=8.498 bg=0.00070 ba=0.42317
[tight-lio] t=1317401499.361 corr=3280 lidar=ok rms=0.0498 time=104.83 ms | v=8.621 bg=0.00079 ba=0.42155
[tight-lio] t=1317401499.465 corr=3477 lidar=ok rms=0.0488 time=111.99 ms | v=8.742 bg=0.00086 ba=0.42080
[tight-lio] t=1317401499.569 corr=3246 lidar=ok rms=0.0556 time=105.17 ms | v=8.851 bg=0.00085 ba=0.42149
[tight-lio] t=1317401499.673 corr=3385 lidar=ok rms=0.0468 time=111.19 ms | v=8.965 bg=0.00076 ba=0.42140
