[INFO] [1789097617.885017549] [lidar_inertial_odometer]: lidar_inertial_odometer ready (point-to-plane ICP)
[INFO] [1789097617.885082681] [lidar_inertial_odometer]:   topics : lidar='/points_raw' imu='/imu_raw'
[INFO] [1789097617.885090680] [lidar_inertial_odometer]:   frames : odom -> imu_link -> velodyne
[INFO] [1789097617.885096743] [lidar_inertial_odometer]:   ring   : selection=all band=[30,63] -> 34/64 ch (dropped 0 above + 30 below)
[INFO] [1789097617.885103718] [lidar_inertial_odometer]:   normal : loam_curvature
[INFO] [1789097623.410914521] [lidar_inertial_odometer]: static TF imu_link -> velodyne : t=[0.8105 -0.3071 0.8027]
[INFO] [1789097628.496677909] [lidar_inertial_odometer]: odometer initialized (t=1317400963.391)
[lio] initialized at t=1317400963.390639 | |a|=9.844 m/s^2
[tight-lio] t=1317400963.391 corr=0 lidar=IMU rms=0.0000 time=26.91 ms | v=0.000 bg=0.00000 ba=0.00000
[tight-lio] t=1317400963.495 corr=2026 lidar=ok rms=0.0274 time=112.80 ms | v=5.231 bg=0.00072 ba=0.00063
[tight-lio] t=1317400963.599 corr=2247 lidar=ok rms=0.0674 time=87.32 ms | v=5.279 bg=0.00779 ba=0.07175
[tight-lio] t=1317400963.703 corr=2316 lidar=ok rms=0.0342 time=97.45 ms | v=5.430 bg=0.00765 ba=0.67889
[tight-lio] t=1317400963.807 corr=2328 lidar=ok rms=0.0754 time=85.27 ms | v=5.498 bg=0.00604 ba=0.49088
[tight-lio] t=1317400963.911 corr=2570 lidar=ok rms=0.0334 time=100.78 ms | v=5.651 bg=0.00981 ba=0.71930
[tight-lio] t=1317400964.015 corr=2687 lidar=ok rms=0.0373 time=89.26 ms | v=5.774 bg=0.00873 ba=0.75636
[tight-lio] t=1317400964.119 corr=2919 lidar=ok rms=0.0365 time=81.47 ms | v=5.861 bg=0.00784 ba=0.71824
[tight-lio] t=1317400964.223 corr=2471 lidar=ok rms=0.0435 time=85.24 ms | v=5.927 bg=0.00715 ba=0.65943
[tight-lio] t=1317400964.327 corr=2893 lidar=ok rms=0.0374 time=89.84 ms | v=5.963 bg=0.00638 ba=0.53690
[tight-lio] t=1317400964.431 corr=3195 lidar=ok rms=0.0367 time=99.02 ms | v=5.996 bg=0.00443 ba=0.42558
[tight-lio] t=1317400964.535 corr=3327 lidar=ok rms=0.0325 time=95.38 ms | v=6.123 bg=0.00409 ba=0.45794
[tight-lio] t=1317400964.639 corr=3241 lidar=ok rms=0.0383 time=96.39 ms | v=6.273 bg=0.00348 ba=0.49843
[tight-lio] t=1317400964.743 corr=3162 lidar=ok rms=0.0418 time=91.51 ms | v=6.374 bg=0.00315 ba=0.45702
[tight-lio] t=1317400964.847 corr=3188 lidar=ok rms=0.0481 time=94.99 ms | v=6.502 bg=0.00406 ba=0.44104
[tight-lio] t=1317400964.951 corr=3347 lidar=ok rms=0.0356 time=90.78 ms | v=6.686 bg=0.00347 ba=0.47741
[tight-lio] t=1317400965.055 corr=3519 lidar=ok rms=0.0340 time=92.87 ms | v=6.860 bg=0.00301 ba=0.49879
[tight-lio] t=1317400965.159 corr=3545 lidar=ok rms=0.0276 time=93.90 ms | v=7.016 bg=0.00203 ba=0.51204
[tight-lio] t=1317400965.263 corr=3293 lidar=ok rms=0.0344 time=90.15 ms | v=7.162 bg=0.00292 ba=0.51396
[tight-lio] t=1317400965.367 corr=3226 lidar=ok rms=0.0355 time=89.84 ms | v=7.335 bg=0.00253 ba=0.52776
[tight-lio] t=1317400965.470 corr=3399 lidar=ok rms=0.0554 time=92.92 ms | v=7.507 bg=0.00191 ba=0.53923
[tight-lio] t=1317400965.574 corr=3519 lidar=ok rms=0.0318 time=100.11 ms | v=7.651 bg=0.00259 ba=0.53386
[tight-lio] t=1317400965.678 corr=3625 lidar=ok rms=0.0380 time=92.27 ms | v=7.814 bg=0.00308 ba=0.53706
[tight-lio] t=1317400965.782 corr=3269 lidar=ok rms=0.0336 time=95.00 ms | v=7.956 bg=0.00291 ba=0.53534
[tight-lio] t=1317400965.885 corr=3363 lidar=ok rms=0.0425 time=91.26 ms | v=8.064 bg=0.00285 ba=0.53009
[tight-lio] t=1317400965.989 corr=3273 lidar=ok rms=0.0668 time=87.62 ms | v=8.135 bg=0.00244 ba=0.52920
[tight-lio] t=1317400966.093 corr=3019 lidar=ok rms=0.0710 time=83.86 ms | v=8.171 bg=0.00194 ba=0.53031
[tight-lio] t=1317400966.197 corr=2909 lidar=ok rms=0.0439 time=82.74 ms | v=8.168 bg=0.00161 ba=0.52385
[tight-lio] t=1317400966.301 corr=3149 lidar=ok rms=0.0401 time=84.41 ms | v=8.135 bg=0.00128 ba=0.51104
[tight-lio] t=1317400966.405 corr=3279 lidar=ok rms=0.0437 time=90.10 ms | v=8.113 bg=0.00123 ba=0.50554
[tight-lio] t=1317400966.509 corr=3356 lidar=ok rms=0.0479 time=89.15 ms | v=8.080 bg=0.00119 ba=0.49928
[tight-lio] t=1317400966.613 corr=3602 lidar=ok rms=0.0393 time=89.83 ms | v=8.052 bg=0.00139 ba=0.49415
[tight-lio] t=1317400966.716 corr=3330 lidar=ok rms=0.0442 time=87.29 ms | v=8.009 bg=0.00131 ba=0.48424
[tight-lio] t=1317400966.820 corr=3565 lidar=ok rms=0.0336 time=93.30 ms | v=7.971 bg=0.00137 ba=0.47902
[tight-lio] t=1317400966.924 corr=3781 lidar=ok rms=0.0374 time=91.03 ms | v=7.922 bg=0.00122 ba=0.47369
[tight-lio] t=1317400967.028 corr=4227 lidar=ok rms=0.0644 time=100.81 ms | v=7.857 bg=0.00121 ba=0.46924
[tight-lio] t=1317400967.132 corr=3579 lidar=ok rms=0.1140 time=89.28 ms | v=7.781 bg=0.00156 ba=0.46588
[tight-lio] t=1317400967.236 corr=3737 lidar=ok rms=0.0332 time=90.71 ms | v=7.705 bg=0.00168 ba=0.46431
[tight-lio] t=1317400967.340 corr=3533 lidar=ok rms=0.0391 time=84.74 ms | v=7.614 bg=0.00169 ba=0.46297
[tight-lio] t=1317400967.444 corr=3130 lidar=ok rms=0.0389 time=81.31 ms | v=7.508 bg=0.00177 ba=0.46278
[tight-lio] t=1317400967.548 corr=3317 lidar=ok rms=0.0526 time=88.00 ms | v=7.389 bg=0.00183 ba=0.46270
[tight-lio] t=1317400967.652 corr=3281 lidar=ok rms=0.0374 time=87.01 ms | v=7.244 bg=0.00182 ba=0.45889
[tight-lio] t=1317400967.756 corr=3705 lidar=ok rms=0.0675 time=105.78 ms | v=7.089 bg=0.00179 ba=0.45606
[tight-lio] t=1317400967.860 corr=3470 lidar=ok rms=0.0339 time=61.64 ms | v=6.944 bg=0.00172 ba=0.45788
[tight-lio] t=1317400967.964 corr=3532 lidar=ok rms=0.0423 time=63.18 ms | v=6.809 bg=0.00185 ba=0.45760
[tight-lio] t=1317400968.068 corr=3507 lidar=ok rms=0.0544 time=90.40 ms | v=6.702 bg=0.00189 ba=0.45904
[tight-lio] t=1317400968.172 corr=3486 lidar=ok rms=0.0375 time=92.78 ms | v=6.583 bg=0.00189 ba=0.45590
[tight-lio] t=1317400968.276 corr=3343 lidar=ok rms=0.0356 time=89.90 ms | v=6.473 bg=0.00202 ba=0.45672
[tight-lio] t=1317400968.380 corr=3288 lidar=ok rms=0.0413 time=79.53 ms | v=6.342 bg=0.00200 ba=0.45633
[tight-lio] t=1317400968.484 corr=3303 lidar=ok rms=0.0455 time=91.57 ms | v=6.197 bg=0.00205 ba=0.45621
[tight-lio] t=1317400968.588 corr=3391 lidar=ok rms=0.0395 time=58.05 ms | v=6.052 bg=0.00203 ba=0.45579
[tight-lio] t=1317400968.693 corr=3248 lidar=ok rms=0.0349 time=62.95 ms | v=5.927 bg=0.00205 ba=0.45512
[tight-lio] t=1317400968.797 corr=2939 lidar=ok rms=0.0589 time=61.09 ms | v=5.818 bg=0.00224 ba=0.45469
[tight-lio] t=1317400968.901 corr=2695 lidar=ok rms=0.0359 time=58.05 ms | v=5.711 bg=0.00221 ba=0.45385
[tight-lio] t=1317400969.005 corr=2394 lidar=ok rms=0.0373 time=73.74 ms | v=5.597 bg=0.00207 ba=0.45139
[tight-lio] t=1317400969.109 corr=2495 lidar=ok rms=0.0442 time=51.85 ms | v=5.492 bg=0.00211 ba=0.45169
[tight-lio] t=1317400969.213 corr=2495 lidar=ok rms=0.0466 time=56.70 ms | v=5.386 bg=0.00220 ba=0.45159
[tight-lio] t=1317400969.317 corr=2328 lidar=ok rms=0.0352 time=56.30 ms | v=5.287 bg=0.00226 ba=0.45220
[tight-lio] t=1317400969.421 corr=2413 lidar=ok rms=0.0378 time=57.33 ms | v=5.197 bg=0.00242 ba=0.45351
[tight-lio] t=1317400969.526 corr=2296 lidar=ok rms=0.0375 time=84.69 ms | v=5.106 bg=0.00249 ba=0.45159
[tight-lio] t=1317400969.630 corr=2336 lidar=ok rms=0.0360 time=81.39 ms | v=5.005 bg=0.00259 ba=0.44749
[tight-lio] t=1317400969.734 corr=2680 lidar=ok rms=0.0364 time=59.94 ms | v=4.895 bg=0.00244 ba=0.44606
[tight-lio] t=1317400969.838 corr=2595 lidar=ok rms=0.0386 time=79.13 ms | v=4.778 bg=0.00249 ba=0.44445
[tight-lio] t=1317400969.943 corr=2919 lidar=ok rms=0.0375 time=86.45 ms | v=4.649 bg=0.00259 ba=0.44314
[tight-lio] t=1317400970.047 corr=3027 lidar=ok rms=0.0435 time=84.78 ms | v=4.546 bg=0.00264 ba=0.44453
[tight-lio] t=1317400970.151 corr=2747 lidar=ok rms=0.0383 time=84.31 ms | v=4.441 bg=0.00279 ba=0.44546
[tight-lio] t=1317400970.255 corr=3042 lidar=ok rms=0.0339 time=88.68 ms | v=4.363 bg=0.00294 ba=0.44760
[tight-lio] t=1317400970.360 corr=3160 lidar=ok rms=0.0425 time=88.12 ms | v=4.292 bg=0.00317 ba=0.45130
[tight-lio] t=1317400970.464 corr=3070 lidar=ok rms=0.0341 time=89.91 ms | v=4.195 bg=0.00331 ba=0.45318
[tight-lio] t=1317400970.568 corr=3421 lidar=ok rms=0.0285 time=90.68 ms | v=4.088 bg=0.00336 ba=0.45339
[tight-lio] t=1317400970.672 corr=3288 lidar=ok rms=0.0290 time=85.41 ms | v=3.971 bg=0.00347 ba=0.45269
[tight-lio] t=1317400970.777 corr=3137 lidar=ok rms=0.0362 time=84.76 ms | v=3.890 bg=0.00362 ba=0.45419
[tight-lio] t=1317400970.881 corr=3058 lidar=ok rms=0.0513 time=86.92 ms | v=3.850 bg=0.00379 ba=0.45673
[tight-lio] t=1317400970.985 corr=3041 lidar=ok rms=0.0454 time=60.48 ms | v=3.809 bg=0.00386 ba=0.45680
[tight-lio] t=1317400971.089 corr=3103 lidar=ok rms=0.0560 time=86.30 ms | v=3.768 bg=0.00390 ba=0.45556
[tight-lio] t=1317400971.194 corr=3121 lidar=ok rms=0.0362 time=86.62 ms | v=3.744 bg=0.00402 ba=0.45675
[tight-lio] t=1317400971.298 corr=3117 lidar=ok rms=0.0416 time=85.15 ms | v=3.704 bg=0.00413 ba=0.45605
[tight-lio] t=1317400971.402 corr=2877 lidar=ok rms=0.0454 time=85.12 ms | v=3.669 bg=0.00426 ba=0.45479
[tight-lio] t=1317400971.506 corr=3291 lidar=ok rms=0.0429 time=91.41 ms | v=3.636 bg=0.00429 ba=0.45449
[tight-lio] t=1317400971.610 corr=3263 lidar=ok rms=0.0463 time=87.96 ms | v=3.603 bg=0.00417 ba=0.45241
[tight-lio] t=1317400971.715 corr=3159 lidar=ok rms=0.0459 time=89.96 ms | v=3.612 bg=0.00402 ba=0.44866
[tight-lio] t=1317400971.819 corr=3093 lidar=ok rms=0.0474 time=97.21 ms | v=3.687 bg=0.00411 ba=0.44693
[tight-lio] t=1317400971.923 corr=3047 lidar=ok rms=0.0418 time=93.53 ms | v=3.785 bg=0.00404 ba=0.44474
[tight-lio] t=1317400972.027 corr=3329 lidar=ok rms=0.0396 time=92.94 ms | v=3.916 bg=0.00407 ba=0.44554
[tight-lio] t=1317400972.131 corr=3563 lidar=ok rms=0.0390 time=94.08 ms | v=4.060 bg=0.00398 ba=0.44532
[tight-lio] t=1317400972.235 corr=3172 lidar=ok rms=0.0447 time=87.19 ms | v=4.209 bg=0.00389 ba=0.44501
[tight-lio] t=1317400972.340 corr=3489 lidar=ok rms=0.0416 time=66.53 ms | v=4.376 bg=0.00360 ba=0.44656
[tight-lio] t=1317400972.444 corr=3209 lidar=ok rms=0.0332 time=90.65 ms | v=4.550 bg=0.00329 ba=0.44611
[tight-lio] t=1317400972.547 corr=3317 lidar=ok rms=0.0348 time=91.26 ms | v=4.748 bg=0.00297 ba=0.44713
[tight-lio] t=1317400972.651 corr=3480 lidar=ok rms=0.0507 time=100.08 ms | v=4.929 bg=0.00271 ba=0.44524
[tight-lio] t=1317400972.755 corr=3524 lidar=ok rms=0.0470 time=102.05 ms | v=5.117 bg=0.00243 ba=0.44356
[tight-lio] t=1317400972.859 corr=3453 lidar=ok rms=0.0361 time=65.37 ms | v=5.319 bg=0.00209 ba=0.44301
[tight-lio] t=1317400972.963 corr=3424 lidar=ok rms=0.0372 time=94.86 ms | v=5.503 bg=0.00178 ba=0.43946
[tight-lio] t=1317400973.067 corr=3440 lidar=ok rms=0.0424 time=92.39 ms | v=5.715 bg=0.00154 ba=0.43982
[tight-lio] t=1317400973.170 corr=3517 lidar=ok rms=0.0416 time=92.34 ms | v=5.912 bg=0.00133 ba=0.43755
[tight-lio] t=1317400973.274 corr=3801 lidar=ok rms=0.0381 time=92.89 ms | v=6.101 bg=0.00125 ba=0.43356
[tight-lio] t=1317400973.378 corr=3753 lidar=ok rms=0.0363 time=64.81 ms | v=6.320 bg=0.00121 ba=0.43366
[tight-lio] t=1317400973.481 corr=3663 lidar=ok rms=0.0415 time=94.20 ms | v=6.525 bg=0.00123 ba=0.43197
[tight-lio] t=1317400973.585 corr=4001 lidar=ok rms=0.0424 time=100.01 ms | v=6.700 bg=0.00126 ba=0.42711
[tight-lio] t=1317400973.689 corr=3680 lidar=ok rms=0.0433 time=93.12 ms | v=6.872 bg=0.00117 ba=0.42323
[tight-lio] t=1317400973.792 corr=3689 lidar=ok rms=0.0337 time=92.43 ms | v=7.061 bg=0.00112 ba=0.42210
[tight-lio] t=1317400973.896 corr=3678 lidar=ok rms=0.0355 time=89.82 ms | v=7.231 bg=0.00110 ba=0.41870
[tight-lio] t=1317400974.000 corr=4209 lidar=ok rms=0.0602 time=100.55 ms | v=7.337 bg=0.00127 ba=0.40867
[tight-lio] t=1317400974.104 corr=4128 lidar=ok rms=0.0642 time=97.32 ms | v=7.534 bg=0.00152 ba=0.40970
[tight-lio] t=1317400974.207 corr=4086 lidar=ok rms=0.0321 time=96.06 ms | v=7.711 bg=0.00168 ba=0.40812
[tight-lio] t=1317400974.311 corr=3919 lidar=ok rms=0.0328 time=95.35 ms | v=7.848 bg=0.00183 ba=0.40537
[tight-lio] t=1317400974.415 corr=4211 lidar=ok rms=0.0410 time=102.25 ms | v=7.944 bg=0.00183 ba=0.40157
[tight-lio] t=1317400974.518 corr=4001 lidar=ok rms=0.0377 time=98.38 ms | v=7.990 bg=0.00180 ba=0.39638
[tight-lio] t=1317400974.622 corr=3999 lidar=ok rms=0.0340 time=97.71 ms | v=8.014 bg=0.00180 ba=0.39104
[tight-lio] t=1317400974.726 corr=3948 lidar=ok rms=0.0368 time=94.05 ms | v=8.024 bg=0.00188 ba=0.38621
[tight-lio] t=1317400974.830 corr=4118 lidar=ok rms=0.0342 time=96.31 ms | v=8.026 bg=0.00188 ba=0.38185
[tight-lio] t=1317400974.933 corr=4402 lidar=ok rms=0.0408 time=103.11 ms | v=8.017 bg=0.00196 ba=0.37657
[tight-lio] t=1317400975.037 corr=4497 lidar=ok rms=0.0437 time=103.57 ms | v=7.991 bg=0.00198 ba=0.37109
[tight-lio] t=1317400975.141 corr=4377 lidar=ok rms=0.0439 time=102.90 ms | v=7.968 bg=0.00200 ba=0.36660
[tight-lio] t=1317400975.245 corr=4077 lidar=ok rms=0.0401 time=100.36 ms | v=7.945 bg=0.00195 ba=0.36186
[tight-lio] t=1317400975.349 corr=3854 lidar=ok rms=0.0415 time=105.97 ms | v=7.919 bg=0.00199 ba=0.35599
[tight-lio] t=1317400975.453 corr=3709 lidar=ok rms=0.0396 time=95.37 ms | v=7.940 bg=0.00199 ba=0.35310
[tight-lio] t=1317400975.556 corr=3348 lidar=ok rms=0.0436 time=91.53 ms | v=7.953 bg=0.00191 ba=0.35018
[tight-lio] t=1317400975.660 corr=3405 lidar=ok rms=0.0398 time=94.28 ms | v=7.965 bg=0.00164 ba=0.34708
[tight-lio] t=1317400975.764 corr=3305 lidar=ok rms=0.0478 time=101.28 ms | v=7.969 bg=0.00142 ba=0.34302
[tight-lio] t=1317400975.868 corr=3031 lidar=ok rms=0.0677 time=87.70 ms | v=7.983 bg=0.00149 ba=0.33872
[tight-lio] t=1317400975.972 corr=3346 lidar=ok rms=0.0693 time=94.59 ms | v=8.005 bg=0.00170 ba=0.33528
[tight-lio] t=1317400976.076 corr=3115 lidar=ok rms=0.0437 time=89.60 ms | v=8.030 bg=0.00174 ba=0.33211
[tight-lio] t=1317400976.180 corr=3156 lidar=ok rms=0.0634 time=88.46 ms | v=8.060 bg=0.00166 ba=0.33193
[tight-lio] t=1317400976.283 corr=3085 lidar=ok rms=0.0410 time=87.99 ms | v=8.110 bg=0.00163 ba=0.33191
[tight-lio] t=1317400976.387 corr=3253 lidar=ok rms=0.0610 time=87.39 ms | v=8.163 bg=0.00165 ba=0.33048
[tight-lio] t=1317400976.491 corr=3217 lidar=ok rms=0.0367 time=93.94 ms | v=8.239 bg=0.00167 ba=0.32995
[tight-lio] t=1317400976.595 corr=3325 lidar=ok rms=0.0451 time=87.05 ms | v=8.311 bg=0.00156 ba=0.32971
[tight-lio] t=1317400976.699 corr=3239 lidar=ok rms=0.0461 time=87.86 ms | v=8.385 bg=0.00137 ba=0.32982
[tight-lio] t=1317400976.803 corr=3105 lidar=ok rms=0.0561 time=86.97 ms | v=8.460 bg=0.00135 ba=0.32932
[tight-lio] t=1317400976.907 corr=2974 lidar=ok rms=0.0435 time=80.50 ms | v=8.557 bg=0.00142 ba=0.32848
[tight-lio] t=1317400977.011 corr=3077 lidar=ok rms=0.0440 time=85.35 ms | v=8.623 bg=0.00153 ba=0.32495
[tight-lio] t=1317400977.115 corr=3220 lidar=ok rms=0.0382 time=87.19 ms | v=8.726 bg=0.00147 ba=0.32522
[tight-lio] t=1317400977.219 corr=3406 lidar=ok rms=0.0458 time=100.52 ms | v=8.830 bg=0.00165 ba=0.32566
[tight-lio] t=1317400977.323 corr=3118 lidar=ok rms=0.0580 time=85.57 ms | v=8.933 bg=0.00179 ba=0.32451
[tight-lio] t=1317400977.427 corr=3297 lidar=ok rms=0.0731 time=95.20 ms | v=9.026 bg=0.00163 ba=0.32524
[tight-lio] t=1317400977.530 corr=3204 lidar=ok rms=0.0387 time=89.26 ms | v=9.105 bg=0.00141 ba=0.32361
[tight-lio] t=1317400977.634 corr=2904 lidar=ok rms=0.0413 time=90.42 ms | v=9.176 bg=0.00145 ba=0.32100
[tight-lio] t=1317400977.738 corr=3118 lidar=ok rms=0.0380 time=87.31 ms | v=9.267 bg=0.00157 ba=0.32026
[tight-lio] t=1317400977.842 corr=2476 lidar=ok rms=0.0523 time=82.22 ms | v=9.398 bg=0.00182 ba=0.31984
[tight-lio] t=1317400977.946 corr=2538 lidar=ok rms=0.0845 time=86.08 ms | v=9.509 bg=0.00192 ba=0.32102
[tight-lio] t=1317400978.050 corr=2411 lidar=ok rms=0.0903 time=78.94 ms | v=9.591 bg=0.00187 ba=0.32080
[tight-lio] t=1317400978.154 corr=2265 lidar=ok rms=0.0482 time=81.89 ms | v=9.665 bg=0.00163 ba=0.32063
[tight-lio] t=1317400978.258 corr=2268 lidar=ok rms=0.0763 time=79.60 ms | v=9.740 bg=0.00164 ba=0.32198
[tight-lio] t=1317400978.362 corr=2294 lidar=ok rms=0.0645 time=79.00 ms | v=9.804 bg=0.00163 ba=0.31938
[tight-lio] t=1317400978.465 corr=2828 lidar=ok rms=0.0493 time=92.49 ms | v=9.869 bg=0.00175 ba=0.31758
[tight-lio] t=1317400978.569 corr=2915 lidar=ok rms=0.0440 time=88.74 ms | v=9.968 bg=0.00193 ba=0.31728
[tight-lio] t=1317400978.673 corr=3128 lidar=ok rms=0.0440 time=91.18 ms | v=10.056 bg=0.00192 ba=0.31750
[tight-lio] t=1317400978.777 corr=3292 lidar=ok rms=0.0579 time=101.15 ms | v=10.118 bg=0.00167 ba=0.31758
[tight-lio] t=1317400978.881 corr=3812 lidar=ok rms=0.0500 time=90.79 ms | v=10.195 bg=0.00157 ba=0.31975
[tight-lio] t=1317400978.985 corr=3949 lidar=ok rms=0.0471 time=94.03 ms | v=10.269 bg=0.00159 ba=0.31844
[tight-lio] t=1317400979.089 corr=3568 lidar=ok rms=0.0400 time=91.52 ms | v=10.354 bg=0.00177 ba=0.31748
[tight-lio] t=1317400979.192 corr=3649 lidar=ok rms=0.0431 time=95.98 ms | v=10.389 bg=0.00189 ba=0.31585
[tight-lio] t=1317400979.296 corr=3224 lidar=ok rms=0.0366 time=88.19 ms | v=10.404 bg=0.00174 ba=0.31482
[tight-lio] t=1317400979.400 corr=3152 lidar=ok rms=0.0395 time=87.54 ms | v=10.394 bg=0.00164 ba=0.31356
[tight-lio] t=1317400979.504 corr=2922 lidar=ok rms=0.0400 time=86.38 ms | v=10.392 bg=0.00173 ba=0.31219
[tight-lio] t=1317400979.608 corr=2781 lidar=ok rms=0.0422 time=83.77 ms | v=10.384 bg=0.00170 ba=0.31137
[tight-lio] t=1317400979.712 corr=2973 lidar=ok rms=0.0375 time=86.73 ms | v=10.389 bg=0.00163 ba=0.31154
[tight-lio] t=1317400979.816 corr=3132 lidar=ok rms=0.0784 time=87.35 ms | v=10.399 bg=0.00154 ba=0.31130
[tight-lio] t=1317400979.920 corr=3278 lidar=ok rms=0.0422 time=87.47 ms | v=10.402 bg=0.00152 ba=0.31223
[tight-lio] t=1317400980.024 corr=3386 lidar=ok rms=0.0546 time=96.94 ms | v=10.417 bg=0.00167 ba=0.31303
[tight-lio] t=1317400980.128 corr=3225 lidar=ok rms=0.0387 time=87.64 ms | v=10.418 bg=0.00183 ba=0.31348
[tight-lio] t=1317400980.231 corr=2984 lidar=ok rms=0.0437 time=94.35 ms | v=10.409 bg=0.00197 ba=0.31341
[tight-lio] t=1317400980.335 corr=2474 lidar=ok rms=0.0396 time=60.32 ms | v=10.402 bg=0.00204 ba=0.31329
[tight-lio] t=1317400980.439 corr=2736 lidar=ok rms=0.0340 time=63.69 ms | v=10.399 bg=0.00206 ba=0.31329
[tight-lio] t=1317400980.543 corr=2812 lidar=ok rms=0.0319 time=93.07 ms | v=10.411 bg=0.00207 ba=0.31405
[tight-lio] t=1317400980.646 corr=3128 lidar=ok rms=0.0331 time=90.85 ms | v=10.404 bg=0.00199 ba=0.31356
[tight-lio] t=1317400980.750 corr=2813 lidar=ok rms=0.0360 time=89.48 ms | v=10.399 bg=0.00180 ba=0.31311
[tight-lio] t=1317400980.854 corr=2901 lidar=ok rms=0.0324 time=87.06 ms | v=10.390 bg=0.00179 ba=0.31169
[tight-lio] t=1317400980.958 corr=2946 lidar=ok rms=0.0355 time=91.07 ms | v=10.406 bg=0.00192 ba=0.31111
[tight-lio] t=1317400981.062 corr=2982 lidar=ok rms=0.0337 time=90.77 ms | v=10.413 bg=0.00196 ba=0.31078
[tight-lio] t=1317400981.165 corr=3033 lidar=ok rms=0.0349 time=92.69 ms | v=10.416 bg=0.00178 ba=0.31096
[tight-lio] t=1317400981.269 corr=3191 lidar=ok rms=0.0386 time=90.59 ms | v=10.421 bg=0.00172 ba=0.31131
[tight-lio] t=1317400981.373 corr=2996 lidar=ok rms=0.0313 time=90.10 ms | v=10.432 bg=0.00182 ba=0.31157
[tight-lio] t=1317400981.477 corr=3405 lidar=ok rms=0.0339 time=91.56 ms | v=10.458 bg=0.00198 ba=0.31231
[tight-lio] t=1317400981.580 corr=3118 lidar=ok rms=0.0343 time=87.52 ms | v=10.480 bg=0.00213 ba=0.31224
[tight-lio] t=1317400981.684 corr=3024 lidar=ok rms=0.0523 time=89.68 ms | v=10.498 bg=0.00221 ba=0.31260
[tight-lio] t=1317400981.788 corr=2877 lidar=ok rms=0.0332 time=89.57 ms | v=10.514 bg=0.00216 ba=0.31251
[tight-lio] t=1317400981.892 corr=2748 lidar=ok rms=0.0363 time=87.22 ms | v=10.504 bg=0.00189 ba=0.31307
[tight-lio] t=1317400981.995 corr=3093 lidar=ok rms=0.0364 time=90.80 ms | v=10.499 bg=0.00169 ba=0.31373
[tight-lio] t=1317400982.099 corr=2860 lidar=ok rms=0.0346 time=79.94 ms | v=10.515 bg=0.00177 ba=0.31426
[tight-lio] t=1317400982.203 corr=2902 lidar=ok rms=0.0354 time=90.25 ms | v=10.546 bg=0.00206 ba=0.31405
[tight-lio] t=1317400982.307 corr=2993 lidar=ok rms=0.0402 time=74.76 ms | v=10.566 bg=0.00223 ba=0.31390
[tight-lio] t=1317400982.411 corr=3392 lidar=ok rms=0.0351 time=101.00 ms | v=10.570 bg=0.00223 ba=0.31390
[tight-lio] t=1317400982.514 corr=3387 lidar=ok rms=0.0367 time=91.72 ms | v=10.558 bg=0.00229 ba=0.31418
[tight-lio] t=1317400982.618 corr=3462 lidar=ok rms=0.0373 time=96.07 ms | v=10.542 bg=0.00211 ba=0.31376
[tight-lio] t=1317400982.722 corr=3326 lidar=ok rms=0.0334 time=93.52 ms | v=10.499 bg=0.00196 ba=0.31266
[tight-lio] t=1317400982.826 corr=3210 lidar=ok rms=0.0338 time=64.62 ms | v=10.466 bg=0.00198 ba=0.31190
[tight-lio] t=1317400982.930 corr=3278 lidar=ok rms=0.0318 time=83.15 ms | v=10.454 bg=0.00202 ba=0.31155
[tight-lio] t=1317400983.033 corr=3195 lidar=ok rms=0.0361 time=91.04 ms | v=10.405 bg=0.00184 ba=0.31100
[tight-lio] t=1317400983.137 corr=2989 lidar=ok rms=0.0453 time=87.21 ms | v=10.336 bg=0.00159 ba=0.31167
[tight-lio] t=1317400983.241 corr=3125 lidar=ok rms=0.0375 time=91.49 ms | v=10.272 bg=0.00170 ba=0.31104
[tight-lio] t=1317400983.345 corr=3213 lidar=ok rms=0.0544 time=94.60 ms | v=10.252 bg=0.00198 ba=0.31178
[tight-lio] t=1317400983.449 corr=3177 lidar=ok rms=0.0405 time=87.58 ms | v=10.232 bg=0.00226 ba=0.31176
[tight-lio] t=1317400983.552 corr=3095 lidar=ok rms=0.0389 time=85.35 ms | v=10.209 bg=0.00241 ba=0.31202
[tight-lio] t=1317400983.656 corr=2901 lidar=ok rms=0.0406 time=83.73 ms | v=10.196 bg=0.00237 ba=0.31257
[tight-lio] t=1317400983.760 corr=3433 lidar=ok rms=0.0389 time=89.00 ms | v=10.151 bg=0.00221 ba=0.31247
[tight-lio] t=1317400983.864 corr=3465 lidar=ok rms=0.0377 time=95.71 ms | v=10.108 bg=0.00197 ba=0.31331
[tight-lio] t=1317400983.968 corr=3440 lidar=ok rms=0.0399 time=90.28 ms | v=10.032 bg=0.00159 ba=0.31364
[tight-lio] t=1317400984.071 corr=3241 lidar=ok rms=0.0369 time=86.54 ms | v=9.958 bg=0.00140 ba=0.31413
[tight-lio] t=1317400984.175 corr=3987 lidar=ok rms=0.0352 time=96.62 ms | v=9.918 bg=0.00151 ba=0.31420
[tight-lio] t=1317400984.279 corr=3919 lidar=ok rms=0.0369 time=91.28 ms | v=9.919 bg=0.00213 ba=0.31471
[tight-lio] t=1317400984.383 corr=3782 lidar=ok rms=0.0398 time=90.12 ms | v=9.917 bg=0.00251 ba=0.31592
[tight-lio] t=1317400984.487 corr=3691 lidar=ok rms=0.0377 time=83.63 ms | v=9.884 bg=0.00250 ba=0.31682
[tight-lio] t=1317400984.590 corr=3303 lidar=ok rms=0.0443 time=87.26 ms | v=9.841 bg=0.00234 ba=0.31762
[tight-lio] t=1317400984.694 corr=3670 lidar=ok rms=0.0700 time=92.14 ms | v=9.805 bg=0.00240 ba=0.31864
[tight-lio] t=1317400984.798 corr=3680 lidar=ok rms=0.0363 time=90.32 ms | v=9.768 bg=0.00228 ba=0.31899
[tight-lio] t=1317400984.902 corr=3462 lidar=ok rms=0.0386 time=90.12 ms | v=9.716 bg=0.00203 ba=0.31842
[tight-lio] t=1317400985.006 corr=3919 lidar=ok rms=0.0718 time=96.86 ms | v=9.669 bg=0.00189 ba=0.31792
[tight-lio] t=1317400985.110 corr=3671 lidar=ok rms=0.1434 time=90.60 ms | v=9.633 bg=0.00184 ba=0.31839
[tight-lio] t=1317400985.214 corr=3514 lidar=ok rms=0.0388 time=85.97 ms | v=9.589 bg=0.00188 ba=0.31726
[tight-lio] t=1317400985.317 corr=3543 lidar=ok rms=0.0383 time=90.60 ms | v=9.527 bg=0.00183 ba=0.31568
[tight-lio] t=1317400985.421 corr=3358 lidar=ok rms=0.0377 time=85.90 ms | v=9.446 bg=0.00194 ba=0.31509
[tight-lio] t=1317400985.525 corr=3032 lidar=ok rms=0.0471 time=83.10 ms | v=9.383 bg=0.00206 ba=0.31513
[tight-lio] t=1317400985.629 corr=3285 lidar=ok rms=0.0382 time=85.18 ms | v=9.327 bg=0.00231 ba=0.31582
[tight-lio] t=1317400985.733 corr=3323 lidar=ok rms=0.0432 time=62.25 ms | v=9.237 bg=0.00243 ba=0.31512
[tight-lio] t=1317400985.837 corr=3739 lidar=ok rms=0.0412 time=90.58 ms | v=9.103 bg=0.00236 ba=0.31533
[tight-lio] t=1317400985.941 corr=3744 lidar=ok rms=0.0405 time=88.33 ms | v=8.935 bg=0.00218 ba=0.31560
[tight-lio] t=1317400986.045 corr=3936 lidar=ok rms=0.0425 time=94.58 ms | v=8.732 bg=0.00196 ba=0.31499
[tight-lio] t=1317400986.149 corr=3952 lidar=ok rms=0.0422 time=96.40 ms | v=8.556 bg=0.00175 ba=0.31461
[tight-lio] t=1317400986.253 corr=3797 lidar=ok rms=0.0349 time=67.39 ms | v=8.395 bg=0.00170 ba=0.31489
[tight-lio] t=1317400986.356 corr=3846 lidar=ok rms=0.0365 time=93.78 ms | v=8.223 bg=0.00174 ba=0.31432
[tight-lio] t=1317400986.460 corr=3723 lidar=ok rms=0.0332 time=93.39 ms | v=8.045 bg=0.00187 ba=0.31432
[tight-lio] t=1317400986.564 corr=4022 lidar=ok rms=0.0404 time=93.36 ms | v=7.850 bg=0.00206 ba=0.31444
[tight-lio] t=1317400986.668 corr=3866 lidar=ok rms=0.0386 time=89.41 ms | v=7.652 bg=0.00226 ba=0.31556
[tight-lio] t=1317400986.772 corr=4020 lidar=ok rms=0.0410 time=86.36 ms | v=7.412 bg=0.00222 ba=0.31542
[tight-lio] t=1317400986.876 corr=3999 lidar=ok rms=0.0368 time=85.58 ms | v=7.149 bg=0.00205 ba=0.31663
[tight-lio] t=1317400986.980 corr=4061 lidar=ok rms=0.0467 time=86.88 ms | v=6.869 bg=0.00186 ba=0.31820
[tight-lio] t=1317400987.084 corr=3361 lidar=ok rms=0.0363 time=70.05 ms | v=6.586 bg=0.00189 ba=0.31847
[tight-lio] t=1317400987.188 corr=3519 lidar=ok rms=0.0897 time=52.80 ms | v=6.302 bg=0.00199 ba=0.31827
[tight-lio] t=1317400987.292 corr=3841 lidar=ok rms=0.0469 time=86.95 ms | v=5.964 bg=0.00203 ba=0.31760
[tight-lio] t=1317400987.396 corr=3658 lidar=ok rms=0.0422 time=83.96 ms | v=5.651 bg=0.00208 ba=0.31727
[tight-lio] t=1317400987.500 corr=3665 lidar=ok rms=0.0343 time=73.51 ms | v=5.406 bg=0.00201 ba=0.31661
[tight-lio] t=1317400987.604 corr=3795 lidar=ok rms=0.0431 time=93.58 ms | v=5.200 bg=0.00182 ba=0.31569
[tight-lio] t=1317400987.708 corr=3441 lidar=ok rms=0.0380 time=60.71 ms | v=5.076 bg=0.00176 ba=0.31553
[tight-lio] t=1317400987.812 corr=3964 lidar=ok rms=0.0460 time=94.43 ms | v=5.029 bg=0.00186 ba=0.31670
[tight-lio] t=1317400987.916 corr=4348 lidar=ok rms=0.0335 time=95.74 ms | v=5.022 bg=0.00201 ba=0.31719
[tight-lio] t=1317400988.020 corr=3832 lidar=ok rms=0.0412 time=63.02 ms | v=5.006 bg=0.00207 ba=0.31772
[tight-lio] t=1317400988.124 corr=4106 lidar=ok rms=0.0432 time=65.33 ms | v=5.003 bg=0.00203 ba=0.31744
[tight-lio] t=1317400988.228 corr=3279 lidar=ok rms=0.0469 time=62.05 ms | v=4.980 bg=0.00186 ba=0.31692
[tight-lio] t=1317400988.332 corr=3454 lidar=ok rms=0.0386 time=86.31 ms | v=4.931 bg=0.00163 ba=0.31518
[tight-lio] t=1317400988.437 corr=3475 lidar=ok rms=0.0392 time=82.91 ms | v=4.905 bg=0.00159 ba=0.31429
[tight-lio] t=1317400988.541 corr=3646 lidar=ok rms=0.0385 time=91.24 ms | v=4.884 bg=0.00166 ba=0.31463
[tight-lio] t=1317400988.645 corr=3550 lidar=ok rms=0.0360 time=88.38 ms | v=4.850 bg=0.00162 ba=0.31498
[tight-lio] t=1317400988.749 corr=3456 lidar=ok rms=0.0322 time=80.45 ms | v=4.824 bg=0.00164 ba=0.31395
[tight-lio] t=1317400988.853 corr=3530 lidar=ok rms=0.0370 time=90.86 ms | v=4.811 bg=0.00185 ba=0.31464
[tight-lio] t=1317400988.957 corr=3533 lidar=ok rms=0.0371 time=87.75 ms | v=4.801 bg=0.00191 ba=0.31687
[tight-lio] t=1317400989.061 corr=3778 lidar=ok rms=0.0329 time=92.19 ms | v=4.776 bg=0.00186 ba=0.31655
[tight-lio] t=1317400989.165 corr=3863 lidar=ok rms=0.0392 time=91.13 ms | v=4.748 bg=0.00180 ba=0.31635
[tight-lio] t=1317400989.269 corr=3964 lidar=ok rms=0.0377 time=67.37 ms | v=4.727 bg=0.00182 ba=0.31715
[tight-lio] t=1317400989.373 corr=3991 lidar=ok rms=0.0300 time=95.22 ms | v=4.706 bg=0.00177 ba=0.31709
[tight-lio] t=1317400989.477 corr=4091 lidar=ok rms=0.0299 time=97.73 ms | v=4.675 bg=0.00168 ba=0.31784
[tight-lio] t=1317400989.581 corr=3781 lidar=ok rms=0.0295 time=66.81 ms | v=4.641 bg=0.00162 ba=0.31866
[tight-lio] t=1317400989.685 corr=3646 lidar=ok rms=0.0298 time=93.27 ms | v=4.575 bg=0.00164 ba=0.31969
[tight-lio] t=1317400989.789 corr=3651 lidar=ok rms=0.0311 time=81.92 ms | v=4.508 bg=0.00177 ba=0.32053
[tight-lio] t=1317400989.893 corr=3491 lidar=ok rms=0.0336 time=91.61 ms | v=4.429 bg=0.00196 ba=0.32199
[tight-lio] t=1317400989.996 corr=3614 lidar=ok rms=0.0391 time=94.62 ms | v=4.354 bg=0.00211 ba=0.32404
[tight-lio] t=1317400990.100 corr=3596 lidar=ok rms=0.0358 time=97.10 ms | v=4.281 bg=0.00233 ba=0.32694
[tight-lio] t=1317400990.204 corr=3398 lidar=ok rms=0.0395 time=93.35 ms | v=4.219 bg=0.00263 ba=0.33088
[tight-lio] t=1317400990.307 corr=3541 lidar=ok rms=0.0398 time=101.63 ms | v=4.132 bg=0.00297 ba=0.33341
[tight-lio] t=1317400990.411 corr=3525 lidar=ok rms=0.0467 time=94.29 ms | v=4.037 bg=0.00322 ba=0.33652
[tight-lio] t=1317400990.515 corr=3326 lidar=ok rms=0.0465 time=90.75 ms | v=3.959 bg=0.00324 ba=0.33799
[tight-lio] t=1317400990.618 corr=3551 lidar=ok rms=0.0455 time=89.28 ms | v=3.891 bg=0.00315 ba=0.33839
[tight-lio] t=1317400990.722 corr=3467 lidar=ok rms=0.0422 time=94.00 ms | v=3.821 bg=0.00320 ba=0.33846
[tight-lio] t=1317400990.826 corr=3120 lidar=ok rms=0.0433 time=88.57 ms | v=3.755 bg=0.00320 ba=0.33988
[tight-lio] t=1317400990.929 corr=3262 lidar=ok rms=0.0514 time=90.77 ms | v=3.723 bg=0.00323 ba=0.34033
[tight-lio] t=1317400991.033 corr=3054 lidar=ok rms=0.0651 time=86.67 ms | v=3.677 bg=0.00322 ba=0.34118
[tight-lio] t=1317400991.137 corr=3020 lidar=ok rms=0.0621 time=87.88 ms | v=3.674 bg=0.00315 ba=0.34267
[tight-lio] t=1317400991.241 corr=2642 lidar=ok rms=0.0529 time=86.51 ms | v=3.735 bg=0.00308 ba=0.34236
[tight-lio] t=1317400991.345 corr=2654 lidar=ok rms=0.0599 time=85.06 ms | v=3.827 bg=0.00301 ba=0.34176
[tight-lio] t=1317400991.448 corr=2685 lidar=ok rms=0.0561 time=83.39 ms | v=3.934 bg=0.00307 ba=0.34062
[tight-lio] t=1317400991.552 corr=2980 lidar=ok rms=0.0688 time=91.47 ms | v=4.043 bg=0.00305 ba=0.34034
[tight-lio] t=1317400991.656 corr=2753 lidar=ok rms=0.0892 time=88.31 ms | v=4.115 bg=0.00295 ba=0.34052
[tight-lio] t=1317400991.760 corr=2750 lidar=ok rms=0.0834 time=91.80 ms | v=4.208 bg=0.00280 ba=0.34165
[tight-lio] t=1317400991.864 corr=2702 lidar=ok rms=0.0628 time=88.63 ms | v=4.321 bg=0.00272 ba=0.34291
[tight-lio] t=1317400991.968 corr=2626 lidar=ok rms=0.0908 time=86.40 ms | v=4.438 bg=0.00246 ba=0.34375
[tight-lio] t=1317400992.072 corr=2628 lidar=ok rms=0.0452 time=64.22 ms | v=4.537 bg=0.00226 ba=0.34176
[tight-lio] t=1317400992.175 corr=2825 lidar=ok rms=0.0704 time=102.96 ms | v=4.670 bg=0.00194 ba=0.34408
[tight-lio] t=1317400992.279 corr=2514 lidar=ok rms=0.0655 time=84.54 ms | v=4.820 bg=0.00208 ba=0.34507
[tight-lio] t=1317400992.384 corr=2834 lidar=ok rms=0.0551 time=95.24 ms | v=4.928 bg=0.00202 ba=0.34361
[tight-lio] t=1317400992.488 corr=2857 lidar=ok rms=0.0585 time=97.68 ms | v=5.035 bg=0.00169 ba=0.34064
[tight-lio] t=1317400992.592 corr=2670 lidar=ok rms=0.0539 time=91.35 ms | v=5.170 bg=0.00151 ba=0.33814
[tight-lio] t=1317400992.696 corr=2594 lidar=ok rms=0.0553 time=85.60 ms | v=5.328 bg=0.00151 ba=0.33653
[tight-lio] t=1317400992.800 corr=2887 lidar=ok rms=0.0426 time=84.42 ms | v=5.465 bg=0.00151 ba=0.33435
[tight-lio] t=1317400992.904 corr=2547 lidar=ok rms=0.0455 time=61.25 ms | v=5.622 bg=0.00144 ba=0.33414
[tight-lio] t=1317400993.009 corr=2646 lidar=ok rms=0.0491 time=82.57 ms | v=5.749 bg=0.00138 ba=0.33280
[tight-lio] t=1317400993.113 corr=2560 lidar=ok rms=0.0548 time=82.00 ms | v=5.882 bg=0.00124 ba=0.33180
[tight-lio] t=1317400993.217 corr=2664 lidar=ok rms=0.0520 time=93.99 ms | v=6.025 bg=0.00109 ba=0.33319
[tight-lio] t=1317400993.321 corr=2816 lidar=ok rms=0.0479 time=93.40 ms | v=6.191 bg=0.00100 ba=0.33418
[tight-lio] t=1317400993.425 corr=2803 lidar=ok rms=0.0707 time=87.87 ms | v=6.318 bg=0.00100 ba=0.33346
[tight-lio] t=1317400993.529 corr=2730 lidar=ok rms=0.1090 time=94.45 ms | v=6.465 bg=0.00119 ba=0.33410
[tight-lio] t=1317400993.633 corr=2876 lidar=ok rms=0.0453 time=85.87 ms | v=6.608 bg=0.00143 ba=0.33304
[tight-lio] t=1317400993.738 corr=2636 lidar=ok rms=0.0372 time=89.59 ms | v=6.766 bg=0.00157 ba=0.33191
[tight-lio] t=1317400993.842 corr=2834 lidar=ok rms=0.0428 time=92.69 ms | v=6.893 bg=0.00149 ba=0.33106
[tight-lio] t=1317400993.946 corr=2768 lidar=ok rms=0.0439 time=85.72 ms | v=7.060 bg=0.00150 ba=0.33107
[tight-lio] t=1317400994.050 corr=2715 lidar=ok rms=0.0388 time=85.35 ms | v=7.216 bg=0.00143 ba=0.33136
[tight-lio] t=1317400994.154 corr=2601 lidar=ok rms=0.0499 time=86.44 ms | v=7.366 bg=0.00137 ba=0.33254
[tight-lio] t=1317400994.259 corr=2813 lidar=ok rms=0.0408 time=85.92 ms | v=7.503 bg=0.00145 ba=0.33229
[tight-lio] t=1317400994.363 corr=2746 lidar=ok rms=0.0481 time=87.36 ms | v=7.646 bg=0.00142 ba=0.33293
[tight-lio] t=1317400994.467 corr=2621 lidar=ok rms=0.0410 time=65.11 ms | v=7.778 bg=0.00127 ba=0.33380
[tight-lio] t=1317400994.571 corr=2669 lidar=ok rms=0.0455 time=89.74 ms | v=7.904 bg=0.00118 ba=0.33342
[tight-lio] t=1317400994.675 corr=2826 lidar=ok rms=0.0473 time=97.04 ms | v=8.034 bg=0.00119 ba=0.33282
[tight-lio] t=1317400994.779 corr=2576 lidar=ok rms=0.0394 time=93.06 ms | v=8.160 bg=0.00134 ba=0.33366
[tight-lio] t=1317400994.883 corr=2571 lidar=ok rms=0.0428 time=85.82 ms | v=8.279 bg=0.00170 ba=0.33391
[tight-lio] t=1317400994.987 corr=2635 lidar=ok rms=0.0428 time=82.01 ms | v=8.321 bg=0.00161 ba=0.33412
[tight-lio] t=1317400995.091 corr=2968 lidar=ok rms=0.0392 time=99.35 ms | v=8.290 bg=0.00113 ba=0.33352
[tight-lio] t=1317400995.195 corr=2829 lidar=ok rms=0.0512 time=86.79 ms | v=8.240 bg=0.00081 ba=0.33404
[tight-lio] t=1317400995.299 corr=2899 lidar=ok rms=0.0560 time=84.17 ms | v=8.228 bg=0.00097 ba=0.33372
[tight-lio] t=1317400995.403 corr=2540 lidar=ok rms=0.0455 time=88.11 ms | v=8.233 bg=0.00128 ba=0.33398
[tight-lio] t=1317400995.507 corr=2590 lidar=ok rms=0.0368 time=87.62 ms | v=8.226 bg=0.00148 ba=0.33459
[tight-lio] t=1317400995.611 corr=2535 lidar=ok rms=0.0448 time=87.79 ms | v=8.212 bg=0.00140 ba=0.33517
[tight-lio] t=1317400995.715 corr=2522 lidar=ok rms=0.0461 time=59.43 ms | v=8.184 bg=0.00135 ba=0.33606
[tight-lio] t=1317400995.819 corr=2446 lidar=ok rms=0.0665 time=83.12 ms | v=8.123 bg=0.00127 ba=0.33687
[tight-lio] t=1317400995.923 corr=2694 lidar=ok rms=0.0445 time=83.69 ms | v=8.075 bg=0.00121 ba=0.33817
[tight-lio] t=1317400996.027 corr=2488 lidar=ok rms=0.0380 time=82.81 ms | v=8.018 bg=0.00106 ba=0.33909
[tight-lio] t=1317400996.131 corr=2890 lidar=ok rms=0.0326 time=87.26 ms | v=7.974 bg=0.00106 ba=0.34084
[tight-lio] t=1317400996.235 corr=2849 lidar=ok rms=0.0608 time=89.63 ms | v=7.947 bg=0.00133 ba=0.34218
[tight-lio] t=1317400996.339 corr=2849 lidar=ok rms=0.0461 time=87.73 ms | v=7.910 bg=0.00162 ba=0.34183
[tight-lio] t=1317400996.443 corr=2671 lidar=ok rms=0.0430 time=88.85 ms | v=7.856 bg=0.00170 ba=0.34149
[tight-lio] t=1317400996.547 corr=2734 lidar=ok rms=0.0549 time=88.63 ms | v=7.747 bg=0.00152 ba=0.34181
[tight-lio] t=1317400996.651 corr=2862 lidar=ok rms=0.0374 time=89.69 ms | v=7.593 bg=0.00138 ba=0.34207
[tight-lio] t=1317400996.755 corr=2635 lidar=ok rms=0.0484 time=88.36 ms | v=7.395 bg=0.00112 ba=0.34249
[tight-lio] t=1317400996.859 corr=2831 lidar=ok rms=0.0471 time=87.94 ms | v=7.189 bg=0.00093 ba=0.34306
[tight-lio] t=1317400996.963 corr=2795 lidar=ok rms=0.0385 time=83.87 ms | v=6.987 bg=0.00093 ba=0.34322
[tight-lio] t=1317400997.067 corr=2602 lidar=ok rms=0.0343 time=83.89 ms | v=6.770 bg=0.00111 ba=0.34197
[tight-lio] t=1317400997.171 corr=2658 lidar=ok rms=0.0387 time=85.78 ms | v=6.552 bg=0.00143 ba=0.34147
[tight-lio] t=1317400997.275 corr=2697 lidar=ok rms=0.0334 time=61.42 ms | v=6.309 bg=0.00160 ba=0.34212
[tight-lio] t=1317400997.379 corr=2843 lidar=ok rms=0.0303 time=85.56 ms | v=6.034 bg=0.00155 ba=0.34141
[tight-lio] t=1317400997.483 corr=3207 lidar=ok rms=0.0340 time=66.54 ms | v=5.741 bg=0.00147 ba=0.34169
[tight-lio] t=1317400997.587 corr=3156 lidar=ok rms=0.0306 time=89.29 ms | v=5.459 bg=0.00143 ba=0.34281
[tight-lio] t=1317400997.691 corr=3325 lidar=ok rms=0.0300 time=91.10 ms | v=5.154 bg=0.00126 ba=0.34429
[tight-lio] t=1317400997.795 corr=3300 lidar=ok rms=0.0306 time=66.85 ms | v=4.844 bg=0.00118 ba=0.34471
[tight-lio] t=1317400997.899 corr=3268 lidar=ok rms=0.0329 time=64.27 ms | v=4.564 bg=0.00127 ba=0.34513
[tight-lio] t=1317400998.003 corr=3575 lidar=ok rms=0.0274 time=69.70 ms | v=4.321 bg=0.00137 ba=0.34626
[tight-lio] t=1317400998.107 corr=3609 lidar=ok rms=0.0344 time=94.39 ms | v=4.110 bg=0.00136 ba=0.34630
[tight-lio] t=1317400998.211 corr=3558 lidar=ok rms=0.0310 time=94.18 ms | v=3.912 bg=0.00141 ba=0.34738
[tight-lio] t=1317400998.315 corr=3709 lidar=ok rms=0.0317 time=70.00 ms | v=3.725 bg=0.00148 ba=0.34838
[tight-lio] t=1317400998.418 corr=3598 lidar=ok rms=0.0319 time=96.00 ms | v=3.535 bg=0.00141 ba=0.34782
[tight-lio] t=1317400998.522 corr=3450 lidar=ok rms=0.0282 time=92.63 ms | v=3.357 bg=0.00134 ba=0.34798
[tight-lio] t=1317400998.626 corr=3542 lidar=ok rms=0.0342 time=93.29 ms | v=3.195 bg=0.00123 ba=0.34708
[tight-lio] t=1317400998.730 corr=3389 lidar=ok rms=0.0324 time=95.11 ms | v=3.104 bg=0.00114 ba=0.34731
[tight-lio] t=1317400998.834 corr=3482 lidar=ok rms=0.0288 time=67.43 ms | v=3.069 bg=0.00112 ba=0.34754
[tight-lio] t=1317400998.938 corr=3025 lidar=ok rms=0.0262 time=92.08 ms | v=3.052 bg=0.00122 ba=0.34793
[tight-lio] t=1317400999.042 corr=3184 lidar=ok rms=0.0313 time=66.77 ms | v=3.027 bg=0.00130 ba=0.34758
[tight-lio] t=1317400999.146 corr=3150 lidar=ok rms=0.0264 time=91.37 ms | v=3.021 bg=0.00131 ba=0.34832
[tight-lio] t=1317400999.250 corr=3310 lidar=ok rms=0.0268 time=89.49 ms | v=3.023 bg=0.00130 ba=0.34825
[tight-lio] t=1317400999.354 corr=3195 lidar=ok rms=0.0273 time=91.99 ms | v=3.006 bg=0.00121 ba=0.34794
[tight-lio] t=1317400999.457 corr=3560 lidar=ok rms=0.0295 time=95.49 ms | v=2.972 bg=0.00114 ba=0.34945
[tight-lio] t=1317400999.561 corr=3559 lidar=ok rms=0.0316 time=94.47 ms | v=2.960 bg=0.00112 ba=0.35034
[tight-lio] t=1317400999.665 corr=3535 lidar=ok rms=0.0316 time=65.20 ms | v=2.954 bg=0.00117 ba=0.35080
[tight-lio] t=1317400999.769 corr=3518 lidar=ok rms=0.0301 time=68.37 ms | v=2.936 bg=0.00121 ba=0.35081
[tight-lio] t=1317400999.873 corr=3435 lidar=ok rms=0.0271 time=94.50 ms | v=2.924 bg=0.00122 ba=0.34994
[tight-lio] t=1317400999.977 corr=3600 lidar=ok rms=0.0253 time=67.60 ms | v=2.949 bg=0.00111 ba=0.35014
[tight-lio] t=1317401000.080 corr=3692 lidar=ok rms=0.0297 time=70.57 ms | v=2.994 bg=0.00096 ba=0.35029
[tight-lio] t=1317401000.184 corr=3643 lidar=ok rms=0.0307 time=95.25 ms | v=3.075 bg=0.00094 ba=0.35112
[tight-lio] t=1317401000.288 corr=3610 lidar=ok rms=0.0320 time=96.62 ms | v=3.190 bg=0.00114 ba=0.35197
[tight-lio] t=1317401000.392 corr=3624 lidar=ok rms=0.0317 time=97.50 ms | v=3.347 bg=0.00135 ba=0.35293
[tight-lio] t=1317401000.495 corr=3638 lidar=ok rms=0.0336 time=99.43 ms | v=3.512 bg=0.00147 ba=0.35395
[tight-lio] t=1317401000.599 corr=3508 lidar=ok rms=0.0264 time=68.19 ms | v=3.664 bg=0.00138 ba=0.35413
[tight-lio] t=1317401000.703 corr=3657 lidar=ok rms=0.0300 time=97.15 ms | v=3.822 bg=0.00128 ba=0.35443
[tight-lio] t=1317401000.807 corr=3608 lidar=ok rms=0.0304 time=87.46 ms | v=3.979 bg=0.00131 ba=0.35481
[tight-lio] t=1317401000.910 corr=3396 lidar=ok rms=0.0345 time=67.40 ms | v=4.145 bg=0.00141 ba=0.35482
[tight-lio] t=1317401001.014 corr=3389 lidar=ok rms=0.0312 time=64.32 ms | v=4.328 bg=0.00138 ba=0.35519
[tight-lio] t=1317401001.118 corr=3510 lidar=ok rms=0.0325 time=90.60 ms | v=4.506 bg=0.00130 ba=0.35607
[tight-lio] t=1317401001.222 corr=3145 lidar=ok rms=0.0292 time=95.12 ms | v=4.693 bg=0.00128 ba=0.35643
[tight-lio] t=1317401001.325 corr=3294 lidar=ok rms=0.0367 time=66.86 ms | v=4.876 bg=0.00128 ba=0.35623
[tight-lio] t=1317401001.429 corr=3499 lidar=ok rms=0.0390 time=95.12 ms | v=5.041 bg=0.00113 ba=0.35585
[tight-lio] t=1317401001.533 corr=3406 lidar=ok rms=0.0408 time=103.14 ms | v=5.234 bg=0.00103 ba=0.35465
[tight-lio] t=1317401001.637 corr=3444 lidar=ok rms=0.0336 time=64.08 ms | v=5.435 bg=0.00099 ba=0.35389
[tight-lio] t=1317401001.741 corr=3350 lidar=ok rms=0.0292 time=91.44 ms | v=5.631 bg=0.00098 ba=0.35308
[tight-lio] t=1317401001.845 corr=3297 lidar=ok rms=0.0368 time=90.26 ms | v=5.838 bg=0.00117 ba=0.35365
[tight-lio] t=1317401001.949 corr=3487 lidar=ok rms=0.0336 time=90.90 ms | v=6.044 bg=0.00131 ba=0.35377
[tight-lio] t=1317401002.053 corr=3620 lidar=ok rms=0.0326 time=99.52 ms | v=6.235 bg=0.00118 ba=0.35469
[tight-lio] t=1317401002.157 corr=3888 lidar=ok rms=0.0336 time=97.26 ms | v=6.402 bg=0.00101 ba=0.35521
[tight-lio] t=1317401002.261 corr=3656 lidar=ok rms=0.0340 time=93.87 ms | v=6.590 bg=0.00111 ba=0.35455
[tight-lio] t=1317401002.365 corr=3696 lidar=ok rms=0.0299 time=96.91 ms | v=6.785 bg=0.00133 ba=0.35450
[tight-lio] t=1317401002.469 corr=3547 lidar=ok rms=0.0456 time=93.40 ms | v=6.987 bg=0.00160 ba=0.35510
[tight-lio] t=1317401002.573 corr=3678 lidar=ok rms=0.0345 time=94.46 ms | v=7.168 bg=0.00153 ba=0.35509
[tight-lio] t=1317401002.676 corr=3354 lidar=ok rms=0.0400 time=98.31 ms | v=7.301 bg=0.00121 ba=0.35451
[tight-lio] t=1317401002.780 corr=3274 lidar=ok rms=0.0445 time=99.56 ms | v=7.458 bg=0.00104 ba=0.35372
[tight-lio] t=1317401002.884 corr=3433 lidar=ok rms=0.0383 time=92.20 ms | v=7.645 bg=0.00109 ba=0.35394
[tight-lio] t=1317401002.988 corr=3307 lidar=ok rms=0.0302 time=84.71 ms | v=7.831 bg=0.00116 ba=0.35376
[tight-lio] t=1317401003.092 corr=3133 lidar=ok rms=0.0336 time=87.79 ms | v=7.990 bg=0.00116 ba=0.35467
[tight-lio] t=1317401003.196 corr=3305 lidar=ok rms=0.0377 time=87.25 ms | v=8.122 bg=0.00102 ba=0.35461
[tight-lio] t=1317401003.300 corr=3537 lidar=ok rms=0.1323 time=89.86 ms | v=8.261 bg=0.00126 ba=0.35517
[tight-lio] t=1317401003.404 corr=3363 lidar=ok rms=0.0349 time=89.42 ms | v=8.408 bg=0.00153 ba=0.35551
[tight-lio] t=1317401003.508 corr=2950 lidar=ok rms=0.0391 time=60.38 ms | v=8.531 bg=0.00157 ba=0.35611
[tight-lio] t=1317401003.612 corr=2902 lidar=ok rms=0.0358 time=87.50 ms | v=8.643 bg=0.00135 ba=0.35611
[tight-lio] t=1317401003.716 corr=2779 lidar=ok rms=0.0435 time=83.82 ms | v=8.768 bg=0.00122 ba=0.35566
[tight-lio] t=1317401003.820 corr=2950 lidar=ok rms=0.0391 time=61.12 ms | v=8.905 bg=0.00117 ba=0.35587
[tight-lio] t=1317401003.924 corr=2981 lidar=ok rms=0.0398 time=83.98 ms | v=9.049 bg=0.00108 ba=0.35684
[tight-lio] t=1317401004.028 corr=2766 lidar=ok rms=0.0354 time=81.53 ms | v=9.178 bg=0.00119 ba=0.35734
[tight-lio] t=1317401004.132 corr=2596 lidar=ok rms=0.0575 time=87.26 ms | v=9.299 bg=0.00136 ba=0.35755
[tight-lio] t=1317401004.236 corr=2084 lidar=ok rms=0.0365 time=76.34 ms | v=9.422 bg=0.00142 ba=0.35800
[tight-lio] t=1317401004.339 corr=2600 lidar=ok rms=0.0430 time=82.07 ms | v=9.534 bg=0.00117 ba=0.35822
[tight-lio] t=1317401004.443 corr=2374 lidar=ok rms=0.0341 time=58.89 ms | v=9.617 bg=0.00098 ba=0.35818
[tight-lio] t=1317401004.547 corr=2542 lidar=ok rms=0.0390 time=83.69 ms | v=9.700 bg=0.00121 ba=0.35891
[tight-lio] t=1317401004.651 corr=2595 lidar=ok rms=0.0396 time=79.97 ms | v=9.769 bg=0.00143 ba=0.35945
[tight-lio] t=1317401004.755 corr=2540 lidar=ok rms=0.0412 time=60.62 ms | v=9.841 bg=0.00147 ba=0.35923
[tight-lio] t=1317401004.859 corr=2588 lidar=ok rms=0.0348 time=59.48 ms | v=9.897 bg=0.00155 ba=0.35970
[tight-lio] t=1317401004.962 corr=2515 lidar=ok rms=0.0386 time=84.41 ms | v=9.900 bg=0.00143 ba=0.35923
[tight-lio] t=1317401005.066 corr=2938 lidar=ok rms=0.0376 time=86.28 ms | v=9.873 bg=0.00113 ba=0.35882
[tight-lio] t=1317401005.170 corr=3039 lidar=ok rms=0.0381 time=62.60 ms | v=9.841 bg=0.00110 ba=0.35916
[tight-lio] t=1317401005.274 corr=3273 lidar=ok rms=0.0375 time=63.32 ms | v=9.841 bg=0.00126 ba=0.36002
[tight-lio] t=1317401005.378 corr=3368 lidar=ok rms=0.0358 time=62.81 ms | v=9.846 bg=0.00143 ba=0.35970
[tight-lio] t=1317401005.481 corr=3413 lidar=ok rms=0.0343 time=65.04 ms | v=9.845 bg=0.00149 ba=0.35962
[tight-lio] t=1317401005.585 corr=2785 lidar=ok rms=0.0357 time=84.81 ms | v=9.832 bg=0.00142 ba=0.36035
[tight-lio] t=1317401005.689 corr=3100 lidar=ok rms=0.0339 time=63.04 ms | v=9.850 bg=0.00153 ba=0.36093
[tight-lio] t=1317401005.793 corr=3095 lidar=ok rms=0.0332 time=61.14 ms | v=9.825 bg=0.00148 ba=0.36037
[tight-lio] t=1317401005.897 corr=3331 lidar=ok rms=0.0367 time=90.85 ms | v=9.783 bg=0.00117 ba=0.35999
[tight-lio] t=1317401006.000 corr=3015 lidar=ok rms=0.0480 time=88.94 ms | v=9.728 bg=0.00096 ba=0.35875
[tight-lio] t=1317401006.104 corr=3054 lidar=ok rms=0.0431 time=85.66 ms | v=9.713 bg=0.00108 ba=0.35788
[tight-lio] t=1317401006.208 corr=3198 lidar=ok rms=0.0542 time=88.03 ms | v=9.694 bg=0.00120 ba=0.35794
[tight-lio] t=1317401006.312 corr=3369 lidar=ok rms=0.0404 time=93.09 ms | v=9.695 bg=0.00126 ba=0.35934
[tight-lio] t=1317401006.415 corr=3227 lidar=ok rms=0.0551 time=62.77 ms | v=9.660 bg=0.00135 ba=0.36004
[tight-lio] t=1317401006.519 corr=3121 lidar=ok rms=0.0370 time=63.74 ms | v=9.632 bg=0.00146 ba=0.35932
[tight-lio] t=1317401006.623 corr=3372 lidar=ok rms=0.0363 time=89.91 ms | v=9.598 bg=0.00148 ba=0.35812
[tight-lio] t=1317401006.727 corr=3340 lidar=ok rms=0.0332 time=65.16 ms | v=9.577 bg=0.00151 ba=0.35818
[tight-lio] t=1317401006.831 corr=3342 lidar=ok rms=0.0549 time=96.57 ms | v=9.541 bg=0.00152 ba=0.35747
[tight-lio] t=1317401006.934 corr=3616 lidar=ok rms=0.0357 time=83.45 ms | v=9.523 bg=0.00152 ba=0.35663
[tight-lio] t=1317401007.038 corr=3360 lidar=ok rms=0.0401 time=92.04 ms | v=9.482 bg=0.00141 ba=0.35680
[tight-lio] t=1317401007.142 corr=3549 lidar=ok rms=0.0451 time=93.84 ms | v=9.443 bg=0.00121 ba=0.35708
[tight-lio] t=1317401007.246 corr=3358 lidar=ok rms=0.0573 time=98.97 ms | v=9.419 bg=0.00122 ba=0.35749
[tight-lio] t=1317401007.350 corr=3217 lidar=ok rms=0.0608 time=88.05 ms | v=9.395 bg=0.00133 ba=0.35769
[tight-lio] t=1317401007.453 corr=3132 lidar=ok rms=0.0649 time=64.75 ms | v=9.365 bg=0.00153 ba=0.35776
[tight-lio] t=1317401007.557 corr=3030 lidar=ok rms=0.0546 time=62.60 ms | v=9.335 bg=0.00155 ba=0.35764
[tight-lio] t=1317401007.661 corr=3077 lidar=ok rms=0.0531 time=89.77 ms | v=9.316 bg=0.00160 ba=0.35793
[tight-lio] t=1317401007.765 corr=2901 lidar=ok rms=0.0335 time=84.65 ms | v=9.300 bg=0.00163 ba=0.35830
[tight-lio] t=1317401007.869 corr=2721 lidar=ok rms=0.0399 time=83.84 ms | v=9.266 bg=0.00140 ba=0.35845
[tight-lio] t=1317401007.972 corr=3528 lidar=ok rms=0.0543 time=89.94 ms | v=9.233 bg=0.00118 ba=0.35822
[tight-lio] t=1317401008.076 corr=3210 lidar=ok rms=0.0607 time=86.55 ms | v=9.187 bg=0.00109 ba=0.35885
[tight-lio] t=1317401008.180 corr=3377 lidar=ok rms=0.0293 time=87.97 ms | v=9.165 bg=0.00130 ba=0.35855
[tight-lio] t=1317401008.284 corr=3487 lidar=ok rms=0.0308 time=83.42 ms | v=9.153 bg=0.00152 ba=0.35733
[tight-lio] t=1317401008.388 corr=3571 lidar=ok rms=0.0359 time=88.19 ms | v=9.144 bg=0.00170 ba=0.35598
[tight-lio] t=1317401008.492 corr=3611 lidar=ok rms=0.0403 time=83.36 ms | v=9.124 bg=0.00155 ba=0.35520
[tight-lio] t=1317401008.596 corr=3307 lidar=ok rms=0.0336 time=85.71 ms | v=9.100 bg=0.00145 ba=0.35551
[tight-lio] t=1317401008.699 corr=3292 lidar=ok rms=0.0359 time=61.26 ms | v=9.106 bg=0.00150 ba=0.35592
[tight-lio] t=1317401008.803 corr=3450 lidar=ok rms=0.0376 time=88.22 ms | v=9.111 bg=0.00148 ba=0.35543
[tight-lio] t=1317401008.907 corr=2999 lidar=ok rms=0.0447 time=59.12 ms | v=9.121 bg=0.00137 ba=0.35398
[tight-lio] t=1317401009.011 corr=2933 lidar=ok rms=0.0386 time=62.97 ms | v=9.121 bg=0.00133 ba=0.35358
[tight-lio] t=1317401009.115 corr=3003 lidar=ok rms=0.0429 time=87.10 ms | v=9.150 bg=0.00152 ba=0.35358
[tight-lio] t=1317401009.218 corr=3033 lidar=ok rms=0.0416 time=83.62 ms | v=9.175 bg=0.00165 ba=0.35463
[tight-lio] t=1317401009.322 corr=2731 lidar=ok rms=0.0445 time=61.64 ms | v=9.180 bg=0.00163 ba=0.35578
[tight-lio] t=1317401009.426 corr=2776 lidar=ok rms=0.0440 time=83.52 ms | v=9.191 bg=0.00152 ba=0.35680
[tight-lio] t=1317401009.530 corr=3094 lidar=ok rms=0.0554 time=88.50 ms | v=9.197 bg=0.00158 ba=0.35761
[tight-lio] t=1317401009.633 corr=3145 lidar=ok rms=0.0530 time=91.44 ms | v=9.201 bg=0.00148 ba=0.35801
[tight-lio] t=1317401009.737 corr=3294 lidar=ok rms=0.0622 time=91.75 ms | v=9.184 bg=0.00133 ba=0.35836
[tight-lio] t=1317401009.841 corr=3153 lidar=ok rms=0.0440 time=63.25 ms | v=9.190 bg=0.00138 ba=0.35740
[tight-lio] t=1317401009.945 corr=2976 lidar=ok rms=0.0460 time=86.43 ms | v=9.192 bg=0.00157 ba=0.35709
[tight-lio] t=1317401010.049 corr=3167 lidar=ok rms=0.0493 time=64.93 ms | v=9.161 bg=0.00157 ba=0.35670
[tight-lio] t=1317401010.153 corr=3243 lidar=ok rms=0.0508 time=123.72 ms | v=9.134 bg=0.00148 ba=0.35638
[tight-lio] t=1317401010.257 corr=3197 lidar=ok rms=0.0448 time=88.85 ms | v=9.108 bg=0.00142 ba=0.35603
[tight-lio] t=1317401010.360 corr=3144 lidar=ok rms=0.0521 time=65.48 ms | v=9.076 bg=0.00136 ba=0.35609
[tight-lio] t=1317401010.464 corr=3274 lidar=ok rms=0.0413 time=92.31 ms | v=9.030 bg=0.00130 ba=0.35653
[tight-lio] t=1317401010.568 corr=3057 lidar=ok rms=0.0423 time=63.79 ms | v=8.986 bg=0.00135 ba=0.35634
[tight-lio] t=1317401010.672 corr=3263 lidar=ok rms=0.0406 time=92.20 ms | v=8.936 bg=0.00156 ba=0.35673
[tight-lio] t=1317401010.776 corr=3077 lidar=ok rms=0.0435 time=101.24 ms | v=8.872 bg=0.00168 ba=0.35761
[tight-lio] t=1317401010.880 corr=2833 lidar=ok rms=0.0376 time=88.11 ms | v=8.775 bg=0.00156 ba=0.35768
[tight-lio] t=1317401010.983 corr=2971 lidar=ok rms=0.0440 time=68.36 ms | v=8.652 bg=0.00144 ba=0.35671
[tight-lio] t=1317401011.087 corr=2655 lidar=ok rms=0.0412 time=65.64 ms | v=8.519 bg=0.00141 ba=0.35722
[tight-lio] t=1317401011.191 corr=2522 lidar=ok rms=0.0400 time=61.95 ms | v=8.361 bg=0.00142 ba=0.35799
[tight-lio] t=1317401011.295 corr=2494 lidar=ok rms=0.0388 time=85.18 ms | v=8.208 bg=0.00155 ba=0.35761
[tight-lio] t=1317401011.399 corr=2478 lidar=ok rms=0.0389 time=60.39 ms | v=8.049 bg=0.00164 ba=0.35776
[tight-lio] t=1317401011.502 corr=2527 lidar=ok rms=0.0380 time=60.63 ms | v=7.870 bg=0.00164 ba=0.35755
[tight-lio] t=1317401011.606 corr=2433 lidar=ok rms=0.0392 time=87.86 ms | v=7.675 bg=0.00148 ba=0.35907
[tight-lio] t=1317401011.710 corr=2535 lidar=ok rms=0.0438 time=88.70 ms | v=7.457 bg=0.00123 ba=0.35867
[tight-lio] t=1317401011.814 corr=2432 lidar=ok rms=0.0449 time=83.47 ms | v=7.227 bg=0.00127 ba=0.35835
[tight-lio] t=1317401011.918 corr=2285 lidar=ok rms=0.0327 time=81.42 ms | v=7.016 bg=0.00143 ba=0.35961
[tight-lio] t=1317401012.021 corr=2292 lidar=ok rms=0.0412 time=59.78 ms | v=6.776 bg=0.00155 ba=0.36017
[tight-lio] t=1317401012.125 corr=2248 lidar=ok rms=0.0589 time=59.28 ms | v=6.574 bg=0.00148 ba=0.36069
[tight-lio] t=1317401012.229 corr=2477 lidar=ok rms=0.0393 time=84.88 ms | v=6.424 bg=0.00138 ba=0.36032
[tight-lio] t=1317401012.333 corr=2453 lidar=ok rms=0.0393 time=86.51 ms | v=6.327 bg=0.00132 ba=0.36038
[tight-lio] t=1317401012.437 corr=2316 lidar=ok rms=0.0371 time=84.95 ms | v=6.239 bg=0.00146 ba=0.35889
[tight-lio] t=1317401012.542 corr=2498 lidar=ok rms=0.0383 time=86.70 ms | v=6.145 bg=0.00176 ba=0.35943
[tight-lio] t=1317401012.646 corr=2275 lidar=ok rms=0.0541 time=82.46 ms | v=6.046 bg=0.00198 ba=0.35916
[tight-lio] t=1317401012.750 corr=2842 lidar=ok rms=0.0728 time=92.52 ms | v=5.901 bg=0.00209 ba=0.35781
[tight-lio] t=1317401012.854 corr=2692 lidar=ok rms=0.0778 time=117.80 ms | v=5.755 bg=0.00214 ba=0.35663
[tight-lio] t=1317401012.959 corr=2687 lidar=ok rms=0.0374 time=64.93 ms | v=5.601 bg=0.00219 ba=0.35496
[tight-lio] t=1317401013.063 corr=2787 lidar=ok rms=0.0448 time=92.81 ms | v=5.420 bg=0.00211 ba=0.35327
[tight-lio] t=1317401013.167 corr=2869 lidar=ok rms=0.0437 time=94.03 ms | v=5.242 bg=0.00193 ba=0.35113
[tight-lio] t=1317401013.271 corr=2549 lidar=ok rms=0.0471 time=89.01 ms | v=5.135 bg=0.00184 ba=0.34875
[tight-lio] t=1317401013.375 corr=2588 lidar=ok rms=0.0382 time=94.24 ms | v=5.088 bg=0.00196 ba=0.34707
[tight-lio] t=1317401013.479 corr=2634 lidar=ok rms=0.0425 time=95.23 ms | v=5.077 bg=0.00209 ba=0.34862
[tight-lio] t=1317401013.583 corr=2621 lidar=ok rms=0.0378 time=89.99 ms | v=5.071 bg=0.00199 ba=0.34824
[tight-lio] t=1317401013.687 corr=2709 lidar=ok rms=0.0406 time=88.94 ms | v=5.074 bg=0.00188 ba=0.34774
[tight-lio] t=1317401013.791 corr=2961 lidar=ok rms=0.0400 time=95.07 ms | v=5.057 bg=0.00183 ba=0.34816
[tight-lio] t=1317401013.895 corr=3099 lidar=ok rms=0.0410 time=96.01 ms | v=5.032 bg=0.00165 ba=0.34893
[tight-lio] t=1317401013.999 corr=2833 lidar=ok rms=0.0382 time=90.39 ms | v=4.994 bg=0.00149 ba=0.35047
[tight-lio] t=1317401014.102 corr=2622 lidar=ok rms=0.0359 time=63.53 ms | v=4.967 bg=0.00158 ba=0.35248
[tight-lio] t=1317401014.206 corr=2844 lidar=ok rms=0.0348 time=91.00 ms | v=4.940 bg=0.00174 ba=0.35357
[tight-lio] t=1317401014.310 corr=2983 lidar=ok rms=0.0406 time=92.14 ms | v=4.923 bg=0.00176 ba=0.35514
[tight-lio] t=1317401014.413 corr=2849 lidar=ok rms=0.0319 time=92.59 ms | v=4.947 bg=0.00168 ba=0.35586
[tight-lio] t=1317401014.517 corr=2836 lidar=ok rms=0.0333 time=90.12 ms | v=4.985 bg=0.00169 ba=0.35698
[tight-lio] t=1317401014.621 corr=3132 lidar=ok rms=0.0320 time=92.33 ms | v=5.039 bg=0.00165 ba=0.35805
[tight-lio] t=1317401014.725 corr=2920 lidar=ok rms=0.0372 time=60.24 ms | v=5.104 bg=0.00163 ba=0.35955
[tight-lio] t=1317401014.828 corr=2958 lidar=ok rms=0.0338 time=91.20 ms | v=5.175 bg=0.00165 ba=0.36042
[tight-lio] t=1317401014.932 corr=3130 lidar=ok rms=0.0385 time=69.09 ms | v=5.235 bg=0.00169 ba=0.36074
[tight-lio] t=1317401015.036 corr=3061 lidar=ok rms=0.0338 time=94.27 ms | v=5.296 bg=0.00160 ba=0.36079
[tight-lio] t=1317401015.139 corr=2824 lidar=ok rms=0.0420 time=90.84 ms | v=5.393 bg=0.00160 ba=0.36136
[tight-lio] t=1317401015.243 corr=3006 lidar=ok rms=0.0353 time=94.57 ms | v=5.484 bg=0.00168 ba=0.36079
[tight-lio] t=1317401015.347 corr=3046 lidar=ok rms=0.0347 time=95.63 ms | v=5.572 bg=0.00173 ba=0.36045
[tight-lio] t=1317401015.451 corr=2853 lidar=ok rms=0.0366 time=82.84 ms | v=5.660 bg=0.00171 ba=0.36149
[tight-lio] t=1317401015.554 corr=3172 lidar=ok rms=0.0359 time=67.35 ms | v=5.771 bg=0.00177 ba=0.36157
[tight-lio] t=1317401015.658 corr=3009 lidar=ok rms=0.0353 time=93.04 ms | v=5.875 bg=0.00176 ba=0.36092
[tight-lio] t=1317401015.762 corr=2906 lidar=ok rms=0.0397 time=93.67 ms | v=5.989 bg=0.00167 ba=0.36152
[tight-lio] t=1317401015.866 corr=3202 lidar=ok rms=0.0413 time=92.12 ms | v=6.092 bg=0.00169 ba=0.36147
[tight-lio] t=1317401015.969 corr=3044 lidar=ok rms=0.0351 time=93.23 ms | v=6.198 bg=0.00172 ba=0.36272
[tight-lio] t=1317401016.073 corr=3102 lidar=ok rms=0.0439 time=99.56 ms | v=6.324 bg=0.00167 ba=0.36271
[tight-lio] t=1317401016.177 corr=2974 lidar=ok rms=0.0318 time=91.87 ms | v=6.424 bg=0.00166 ba=0.36225
[tight-lio] t=1317401016.281 corr=3065 lidar=ok rms=0.0587 time=64.92 ms | v=6.542 bg=0.00163 ba=0.36227
[tight-lio] t=1317401016.385 corr=2895 lidar=ok rms=0.0389 time=88.42 ms | v=6.660 bg=0.00158 ba=0.36224
[tight-lio] t=1317401016.489 corr=3077 lidar=ok rms=0.0331 time=87.04 ms | v=6.779 bg=0.00147 ba=0.36259
[tight-lio] t=1317401016.592 corr=2999 lidar=ok rms=0.0288 time=61.97 ms | v=6.899 bg=0.00152 ba=0.36333
[tight-lio] t=1317401016.696 corr=3029 lidar=ok rms=0.0287 time=70.02 ms | v=7.025 bg=0.00159 ba=0.36364
[tight-lio] t=1317401016.800 corr=3068 lidar=ok rms=0.0324 time=64.49 ms | v=7.157 bg=0.00160 ba=0.36368
[tight-lio] t=1317401016.904 corr=2941 lidar=ok rms=0.0276 time=91.47 ms | v=7.274 bg=0.00160 ba=0.36375
[tight-lio] t=1317401017.007 corr=2969 lidar=ok rms=0.0325 time=90.20 ms | v=7.403 bg=0.00153 ba=0.36430
[tight-lio] t=1317401017.111 corr=3025 lidar=ok rms=0.0266 time=90.58 ms | v=7.528 bg=0.00161 ba=0.36460
[tight-lio] t=1317401017.215 corr=2869 lidar=ok rms=0.0307 time=61.71 ms | v=7.666 bg=0.00168 ba=0.36664
[tight-lio] t=1317401017.319 corr=2861 lidar=ok rms=0.0300 time=85.97 ms | v=7.796 bg=0.00165 ba=0.36717
[tight-lio] t=1317401017.423 corr=3133 lidar=ok rms=0.0359 time=93.12 ms | v=7.900 bg=0.00146 ba=0.36719
[tight-lio] t=1317401017.526 corr=2891 lidar=ok rms=0.0342 time=84.93 ms | v=8.022 bg=0.00130 ba=0.36780
[tight-lio] t=1317401017.630 corr=2560 lidar=ok rms=0.0493 time=85.51 ms | v=8.139 bg=0.00138 ba=0.36708
[tight-lio] t=1317401017.734 corr=2854 lidar=ok rms=0.0347 time=86.26 ms | v=8.269 bg=0.00149 ba=0.36760
[tight-lio] t=1317401017.838 corr=2634 lidar=ok rms=0.0317 time=86.12 ms | v=8.394 bg=0.00153 ba=0.36739
[tight-lio] t=1317401017.942 corr=2373 lidar=ok rms=0.0381 time=117.42 ms | v=8.523 bg=0.00146 ba=0.36609
[tight-lio] t=1317401018.046 corr=2081 lidar=ok rms=0.0495 time=79.74 ms | v=8.620 bg=0.00134 ba=0.36627
[tight-lio] t=1317401018.150 corr=1955 lidar=ok rms=0.0294 time=56.89 ms | v=8.715 bg=0.00131 ba=0.36577
[tight-lio] t=1317401018.254 corr=1818 lidar=ok rms=0.0299 time=79.50 ms | v=8.856 bg=0.00139 ba=0.36622
[tight-lio] t=1317401018.357 corr=2032 lidar=ok rms=0.0319 time=77.56 ms | v=8.976 bg=0.00154 ba=0.36328
[tight-lio] t=1317401018.461 corr=1850 lidar=ok rms=0.0687 time=76.76 ms | v=9.086 bg=0.00141 ba=0.36377
[tight-lio] t=1317401018.565 corr=1591 lidar=ok rms=0.0448 time=79.22 ms | v=9.149 bg=0.00125 ba=0.36469
[tight-lio] t=1317401018.669 corr=1820 lidar=ok rms=0.0284 time=75.12 ms | v=9.274 bg=0.00123 ba=0.36587
[tight-lio] t=1317401018.773 corr=1741 lidar=ok rms=0.0504 time=76.61 ms | v=9.431 bg=0.00160 ba=0.36878
[tight-lio] t=1317401018.878 corr=1402 lidar=ok rms=0.0563 time=73.07 ms | v=9.562 bg=0.00185 ba=0.36964
[tight-lio] t=1317401018.982 corr=1608 lidar=ok rms=0.0391 time=79.01 ms | v=9.658 bg=0.00168 ba=0.37151
[tight-lio] t=1317401019.086 corr=1754 lidar=ok rms=0.1230 time=92.05 ms | v=9.729 bg=0.00181 ba=0.38476
[tight-lio] t=1317401019.190 corr=1848 lidar=ok rms=0.0318 time=55.96 ms | v=9.816 bg=0.00175 ba=0.38261
[tight-lio] t=1317401019.294 corr=2200 lidar=ok rms=0.0384 time=58.66 ms | v=9.883 bg=0.00163 ba=0.38128
[tight-lio] t=1317401019.398 corr=2247 lidar=ok rms=0.0433 time=81.78 ms | v=9.936 bg=0.00155 ba=0.38169
[tight-lio] t=1317401019.501 corr=2373 lidar=ok rms=0.0961 time=84.05 ms | v=9.970 bg=0.00149 ba=0.38322
[tight-lio] t=1317401019.605 corr=2661 lidar=ok rms=0.0446 time=63.31 ms | v=10.000 bg=0.00155 ba=0.38349
[tight-lio] t=1317401019.709 corr=3158 lidar=ok rms=0.0622 time=93.56 ms | v=10.011 bg=0.00176 ba=0.38456
[tight-lio] t=1317401019.813 corr=3028 lidar=ok rms=0.0575 time=64.92 ms | v=10.033 bg=0.00198 ba=0.38532
[tight-lio] t=1317401019.917 corr=2867 lidar=ok rms=0.0470 time=90.01 ms | v=10.053 bg=0.00192 ba=0.38471
[tight-lio] t=1317401020.021 corr=3198 lidar=ok rms=0.0460 time=96.60 ms | v=10.038 bg=0.00161 ba=0.38397
[tight-lio] t=1317401020.125 corr=3430 lidar=ok rms=0.0403 time=93.08 ms | v=10.050 bg=0.00154 ba=0.38407
[tight-lio] t=1317401020.229 corr=3283 lidar=ok rms=0.0399 time=89.84 ms | v=10.045 bg=0.00159 ba=0.38433
[tight-lio] t=1317401020.333 corr=3322 lidar=ok rms=0.0381 time=65.99 ms | v=10.037 bg=0.00157 ba=0.38578
[tight-lio] t=1317401020.437 corr=2972 lidar=ok rms=0.0356 time=90.50 ms | v=9.997 bg=0.00151 ba=0.38559
[tight-lio] t=1317401020.541 corr=3410 lidar=ok rms=0.0341 time=94.00 ms | v=9.970 bg=0.00157 ba=0.38738
[tight-lio] t=1317401020.645 corr=3341 lidar=ok rms=0.0374 time=87.50 ms | v=9.972 bg=0.00172 ba=0.38867
[tight-lio] t=1317401020.748 corr=3267 lidar=ok rms=0.0392 time=90.05 ms | v=9.971 bg=0.00186 ba=0.38988
[tight-lio] t=1317401020.852 corr=3101 lidar=ok rms=0.0342 time=89.71 ms | v=9.935 bg=0.00164 ba=0.38989
[tight-lio] t=1317401020.956 corr=2893 lidar=ok rms=0.0716 time=96.34 ms | v=9.879 bg=0.00130 ba=0.39201
[tight-lio] t=1317401021.060 corr=2629 lidar=ok rms=0.0445 time=142.78 ms | v=9.825 bg=0.00118 ba=0.39386
[tight-lio] t=1317401021.164 corr=2642 lidar=ok rms=0.0523 time=138.90 ms | v=9.801 bg=0.00139 ba=0.39044
[tight-lio] t=1317401021.268 corr=2379 lidar=ok rms=0.0389 time=77.98 ms | v=9.799 bg=0.00179 ba=0.39172
[tight-lio] t=1317401021.372 corr=2280 lidar=ok rms=0.0410 time=83.18 ms | v=9.830 bg=0.00191 ba=0.39108
[tight-lio] t=1317401021.476 corr=2474 lidar=ok rms=0.0446 time=81.89 ms | v=9.811 bg=0.00182 ba=0.39013
[tight-lio] t=1317401021.579 corr=1921 lidar=ok rms=0.0343 time=75.85 ms | v=9.779 bg=0.00160 ba=0.39169
[tight-lio] t=1317401021.683 corr=2136 lidar=ok rms=0.0385 time=81.41 ms | v=9.744 bg=0.00133 ba=0.39302
[tight-lio] t=1317401021.787 corr=2056 lidar=ok rms=0.0596 time=77.49 ms | v=9.697 bg=0.00115 ba=0.39370
[tight-lio] t=1317401021.891 corr=2373 lidar=ok rms=0.0395 time=82.46 ms | v=9.647 bg=0.00120 ba=0.39435
[tight-lio] t=1317401021.995 corr=2427 lidar=ok rms=0.0430 time=84.04 ms | v=9.648 bg=0.00156 ba=0.39494
[tight-lio] t=1317401022.099 corr=2259 lidar=ok rms=0.0474 time=81.67 ms | v=9.658 bg=0.00192 ba=0.39570
[tight-lio] t=1317401022.203 corr=2597 lidar=ok rms=0.0362 time=82.83 ms | v=9.657 bg=0.00196 ba=0.39674
[tight-lio] t=1317401022.307 corr=2678 lidar=ok rms=0.0392 time=81.98 ms | v=9.625 bg=0.00178 ba=0.39609
[tight-lio] t=1317401022.411 corr=2794 lidar=ok rms=0.0391 time=86.94 ms | v=9.586 bg=0.00144 ba=0.39679
[tight-lio] t=1317401022.515 corr=2957 lidar=ok rms=0.0536 time=88.18 ms | v=9.548 bg=0.00135 ba=0.39805
[tight-lio] t=1317401022.618 corr=2891 lidar=ok rms=0.0387 time=86.58 ms | v=9.553 bg=0.00159 ba=0.39831
[tight-lio] t=1317401022.722 corr=2829 lidar=ok rms=0.0408 time=85.01 ms | v=9.552 bg=0.00177 ba=0.40046
[tight-lio] t=1317401022.826 corr=2584 lidar=ok rms=0.0316 time=80.16 ms | v=9.544 bg=0.00178 ba=0.40116
[tight-lio] t=1317401022.930 corr=2503 lidar=ok rms=0.0365 time=84.37 ms | v=9.512 bg=0.00166 ba=0.40081
[tight-lio] t=1317401023.034 corr=2455 lidar=ok rms=0.0399 time=85.60 ms | v=9.476 bg=0.00156 ba=0.40210
[tight-lio] t=1317401023.138 corr=2728 lidar=ok rms=0.0669 time=88.67 ms | v=9.481 bg=0.00162 ba=0.40464
[tight-lio] t=1317401023.242 corr=2756 lidar=ok rms=0.0331 time=83.79 ms | v=9.476 bg=0.00172 ba=0.40592
[tight-lio] t=1317401023.345 corr=2767 lidar=ok rms=0.0367 time=85.30 ms | v=9.460 bg=0.00169 ba=0.40753
[tight-lio] t=1317401023.449 corr=2879 lidar=ok rms=0.0429 time=85.21 ms | v=9.434 bg=0.00161 ba=0.40865
[tight-lio] t=1317401023.553 corr=3112 lidar=ok rms=0.0409 time=63.56 ms | v=9.394 bg=0.00153 ba=0.40946
[tight-lio] t=1317401023.657 corr=3336 lidar=ok rms=0.0435 time=81.52 ms | v=9.357 bg=0.00156 ba=0.40940
[tight-lio] t=1317401023.761 corr=3291 lidar=ok rms=0.0658 time=85.62 ms | v=9.326 bg=0.00157 ba=0.40874
[tight-lio] t=1317401023.864 corr=3433 lidar=ok rms=0.0437 time=92.51 ms | v=9.311 bg=0.00180 ba=0.40925
[tight-lio] t=1317401023.968 corr=3078 lidar=ok rms=0.0432 time=87.01 ms | v=9.286 bg=0.00191 ba=0.41045
[tight-lio] t=1317401024.072 corr=3244 lidar=ok rms=0.0390 time=89.35 ms | v=9.245 bg=0.00170 ba=0.40979
[tight-lio] t=1317401024.176 corr=3128 lidar=ok rms=0.0419 time=88.06 ms | v=9.206 bg=0.00152 ba=0.40966
[tight-lio] t=1317401024.280 corr=3275 lidar=ok rms=0.0376 time=89.38 ms | v=9.163 bg=0.00152 ba=0.41067
[tight-lio] t=1317401024.383 corr=2898 lidar=ok rms=0.0397 time=85.68 ms | v=9.144 bg=0.00167 ba=0.41108
[tight-lio] t=1317401024.487 corr=2915 lidar=ok rms=0.0404 time=85.65 ms | v=9.136 bg=0.00173 ba=0.41137
[tight-lio] t=1317401024.591 corr=2483 lidar=ok rms=0.0599 time=87.39 ms | v=9.128 bg=0.00178 ba=0.41089
[tight-lio] t=1317401024.695 corr=2837 lidar=ok rms=0.0428 time=92.33 ms | v=9.093 bg=0.00153 ba=0.41033
[tight-lio] t=1317401024.798 corr=2356 lidar=ok rms=0.0515 time=86.01 ms | v=9.069 bg=0.00134 ba=0.41054
[tight-lio] t=1317401024.902 corr=2336 lidar=ok rms=0.0443 time=86.50 ms | v=9.039 bg=0.00141 ba=0.41140
[tight-lio] t=1317401025.006 corr=1994 lidar=ok rms=0.0380 time=77.94 ms | v=9.032 bg=0.00167 ba=0.41210
[tight-lio] t=1317401025.110 corr=2455 lidar=ok rms=0.0359 time=81.88 ms | v=9.035 bg=0.00173 ba=0.41256
[tight-lio] t=1317401025.214 corr=1881 lidar=ok rms=0.0361 time=73.01 ms | v=9.006 bg=0.00178 ba=0.41361
[tight-lio] t=1317401025.318 corr=2320 lidar=ok rms=0.0348 time=75.41 ms | v=8.897 bg=0.00176 ba=0.41323
[tight-lio] t=1317401025.421 corr=2245 lidar=ok rms=0.0466 time=75.45 ms | v=8.740 bg=0.00163 ba=0.41385
[tight-lio] t=1317401025.525 corr=1958 lidar=ok rms=0.0478 time=52.41 ms | v=8.569 bg=0.00133 ba=0.41392
[tight-lio] t=1317401025.629 corr=2170 lidar=ok rms=0.0460 time=73.68 ms | v=8.414 bg=0.00136 ba=0.41248
[tight-lio] t=1317401025.733 corr=2034 lidar=ok rms=0.0339 time=69.78 ms | v=8.290 bg=0.00157 ba=0.41288
[tight-lio] t=1317401025.837 corr=2199 lidar=ok rms=0.1265 time=52.74 ms | v=8.177 bg=0.00192 ba=0.41355
[tight-lio] t=1317401025.941 corr=2106 lidar=ok rms=0.0368 time=78.53 ms | v=8.048 bg=0.00174 ba=0.41438
[tight-lio] t=1317401026.045 corr=2223 lidar=ok rms=0.0428 time=74.20 ms | v=7.905 bg=0.00137 ba=0.41486
[tight-lio] t=1317401026.148 corr=2210 lidar=ok rms=0.0358 time=74.18 ms | v=7.802 bg=0.00122 ba=0.41466
[tight-lio] t=1317401026.252 corr=2491 lidar=ok rms=0.0410 time=70.80 ms | v=7.725 bg=0.00131 ba=0.41372
[tight-lio] t=1317401026.356 corr=2528 lidar=ok rms=0.0363 time=76.53 ms | v=7.658 bg=0.00153 ba=0.41313
[tight-lio] t=1317401026.460 corr=2491 lidar=ok rms=0.0397 time=57.66 ms | v=7.586 bg=0.00168 ba=0.41155
[tight-lio] t=1317401026.564 corr=2508 lidar=ok rms=0.0341 time=76.66 ms | v=7.519 bg=0.00193 ba=0.41209
[tight-lio] t=1317401026.668 corr=2607 lidar=ok rms=0.0375 time=77.63 ms | v=7.434 bg=0.00199 ba=0.41247
[tight-lio] t=1317401026.772 corr=2609 lidar=ok rms=0.0459 time=77.71 ms | v=7.336 bg=0.00196 ba=0.41263
[tight-lio] t=1317401026.876 corr=2565 lidar=ok rms=0.0351 time=84.40 ms | v=7.234 bg=0.00173 ba=0.41155
[tight-lio] t=1317401026.980 corr=2246 lidar=ok rms=0.0363 time=75.44 ms | v=7.137 bg=0.00166 ba=0.41033
[tight-lio] t=1317401027.084 corr=2541 lidar=ok rms=0.0407 time=76.59 ms | v=7.048 bg=0.00163 ba=0.41063
[tight-lio] t=1317401027.188 corr=2869 lidar=ok rms=0.0377 time=88.22 ms | v=6.978 bg=0.00181 ba=0.41193
[tight-lio] t=1317401027.292 corr=2728 lidar=ok rms=0.0356 time=84.47 ms | v=6.896 bg=0.00200 ba=0.41315
[tight-lio] t=1317401027.396 corr=2419 lidar=ok rms=0.0390 time=61.16 ms | v=6.812 bg=0.00209 ba=0.41404
[tight-lio] t=1317401027.500 corr=2348 lidar=ok rms=0.0638 time=106.03 ms | v=6.695 bg=0.00191 ba=0.41370
[tight-lio] t=1317401027.604 corr=2310 lidar=ok rms=0.0326 time=78.84 ms | v=6.548 bg=0.00174 ba=0.41409
[tight-lio] t=1317401027.708 corr=2033 lidar=ok rms=0.0438 time=62.51 ms | v=6.397 bg=0.00172 ba=0.41656
[tight-lio] t=1317401027.812 corr=1715 lidar=ok rms=0.0385 time=78.77 ms | v=6.256 bg=0.00175 ba=0.41683
[tight-lio] t=1317401027.916 corr=2040 lidar=ok rms=0.0417 time=80.39 ms | v=6.111 bg=0.00192 ba=0.41816
[tight-lio] t=1317401028.019 corr=2143 lidar=ok rms=0.0394 time=87.26 ms | v=5.945 bg=0.00202 ba=0.41902
[tight-lio] t=1317401028.123 corr=2108 lidar=ok rms=0.0408 time=81.46 ms | v=5.741 bg=0.00184 ba=0.42043
[tight-lio] t=1317401028.227 corr=1711 lidar=ok rms=0.0341 time=73.18 ms | v=5.549 bg=0.00170 ba=0.42129
[tight-lio] t=1317401028.331 corr=1641 lidar=ok rms=0.0381 time=73.22 ms | v=5.357 bg=0.00164 ba=0.42255
[tight-lio] t=1317401028.434 corr=1662 lidar=ok rms=0.0326 time=53.51 ms | v=5.170 bg=0.00159 ba=0.42318
[tight-lio] t=1317401028.538 corr=1781 lidar=ok rms=0.0525 time=58.29 ms | v=4.987 bg=0.00149 ba=0.42419
[tight-lio] t=1317401028.642 corr=1668 lidar=ok rms=0.0351 time=80.21 ms | v=4.825 bg=0.00147 ba=0.42550
[tight-lio] t=1317401028.746 corr=1648 lidar=ok rms=0.0402 time=69.16 ms | v=4.685 bg=0.00149 ba=0.42664
[tight-lio] t=1317401028.850 corr=1787 lidar=ok rms=0.0420 time=80.67 ms | v=4.513 bg=0.00144 ba=0.42817
[tight-lio] t=1317401028.953 corr=1903 lidar=ok rms=0.0403 time=81.34 ms | v=4.315 bg=0.00143 ba=0.42982
[tight-lio] t=1317401029.057 corr=1978 lidar=ok rms=0.0373 time=77.70 ms | v=4.134 bg=0.00141 ba=0.43072
[tight-lio] t=1317401029.161 corr=2018 lidar=ok rms=0.0432 time=78.99 ms | v=3.938 bg=0.00150 ba=0.43190
[tight-lio] t=1317401029.265 corr=2153 lidar=ok rms=0.0328 time=56.97 ms | v=3.743 bg=0.00152 ba=0.43308
[tight-lio] t=1317401029.368 corr=2241 lidar=ok rms=0.0418 time=56.87 ms | v=3.525 bg=0.00151 ba=0.43328
[tight-lio] t=1317401029.472 corr=2290 lidar=ok rms=0.0500 time=88.01 ms | v=3.295 bg=0.00149 ba=0.43235
[tight-lio] t=1317401029.576 corr=2510 lidar=ok rms=0.0307 time=82.06 ms | v=3.034 bg=0.00140 ba=0.43224
[tight-lio] t=1317401029.680 corr=2623 lidar=ok rms=0.0359 time=81.71 ms | v=2.774 bg=0.00131 ba=0.43230
[tight-lio] t=1317401029.784 corr=2455 lidar=ok rms=0.0418 time=82.72 ms | v=2.529 bg=0.00132 ba=0.43366
[tight-lio] t=1317401029.887 corr=2485 lidar=ok rms=0.0494 time=86.14 ms | v=2.320 bg=0.00129 ba=0.43226
[tight-lio] t=1317401029.991 corr=2734 lidar=ok rms=0.0412 time=87.77 ms | v=2.108 bg=0.00127 ba=0.43319
[tight-lio] t=1317401030.095 corr=2419 lidar=ok rms=0.0406 time=80.05 ms | v=1.937 bg=0.00125 ba=0.43432
[tight-lio] t=1317401030.198 corr=2533 lidar=ok rms=0.0392 time=58.02 ms | v=1.776 bg=0.00127 ba=0.43451
[tight-lio] t=1317401030.302 corr=2814 lidar=ok rms=0.0401 time=62.35 ms | v=1.620 bg=0.00129 ba=0.43574
[tight-lio] t=1317401030.406 corr=2674 lidar=ok rms=0.0405 time=87.59 ms | v=1.475 bg=0.00131 ba=0.43871
[tight-lio] t=1317401030.510 corr=2328 lidar=ok rms=0.0421 time=59.77 ms | v=1.397 bg=0.00132 ba=0.44024
[tight-lio] t=1317401030.613 corr=2941 lidar=ok rms=0.0303 time=88.96 ms | v=1.360 bg=0.00131 ba=0.44081
[tight-lio] t=1317401030.717 corr=2902 lidar=ok rms=0.0316 time=96.56 ms | v=1.331 bg=0.00132 ba=0.44062
[tight-lio] t=1317401030.821 corr=2794 lidar=ok rms=0.0311 time=86.58 ms | v=1.312 bg=0.00131 ba=0.44211
[tight-lio] t=1317401030.925 corr=2709 lidar=ok rms=0.0313 time=70.48 ms | v=1.292 bg=0.00131 ba=0.44212
[tight-lio] t=1317401031.029 corr=2774 lidar=ok rms=0.0309 time=76.35 ms | v=1.262 bg=0.00133 ba=0.44233
[tight-lio] t=1317401031.132 corr=2600 lidar=ok rms=0.0324 time=96.71 ms | v=1.228 bg=0.00130 ba=0.44287
[tight-lio] t=1317401031.236 corr=2618 lidar=ok rms=0.0362 time=97.05 ms | v=1.204 bg=0.00129 ba=0.44222
[tight-lio] t=1317401031.340 corr=2481 lidar=ok rms=0.0325 time=91.07 ms | v=1.230 bg=0.00123 ba=0.44307
[tight-lio] t=1317401031.444 corr=2771 lidar=ok rms=0.0289 time=92.29 ms | v=1.273 bg=0.00120 ba=0.44209
[tight-lio] t=1317401031.547 corr=2614 lidar=ok rms=0.0313 time=91.51 ms | v=1.371 bg=0.00119 ba=0.44285
[tight-lio] t=1317401031.651 corr=2554 lidar=ok rms=0.0310 time=88.97 ms | v=1.462 bg=0.00124 ba=0.44399
[tight-lio] t=1317401031.755 corr=2377 lidar=ok rms=0.0297 time=88.81 ms | v=1.582 bg=0.00130 ba=0.44532
[tight-lio] t=1317401031.859 corr=2326 lidar=ok rms=0.0439 time=93.78 ms | v=1.726 bg=0.00135 ba=0.44570
[tight-lio] t=1317401031.962 corr=2363 lidar=ok rms=0.0294 time=88.71 ms | v=1.864 bg=0.00138 ba=0.44593
[tight-lio] t=1317401032.066 corr=2467 lidar=ok rms=0.0338 time=91.49 ms | v=1.956 bg=0.00136 ba=0.44807
[tight-lio] t=1317401032.170 corr=2572 lidar=ok rms=0.0290 time=65.30 ms | v=2.086 bg=0.00140 ba=0.44908
[tight-lio] t=1317401032.273 corr=2668 lidar=ok rms=0.0335 time=89.83 ms | v=2.227 bg=0.00143 ba=0.44919
[tight-lio] t=1317401032.377 corr=2578 lidar=ok rms=0.0298 time=87.04 ms | v=2.367 bg=0.00145 ba=0.45017
[tight-lio] t=1317401032.481 corr=2646 lidar=ok rms=0.0318 time=63.72 ms | v=2.512 bg=0.00147 ba=0.45126
[tight-lio] t=1317401032.584 corr=2634 lidar=ok rms=0.0322 time=84.52 ms | v=2.657 bg=0.00161 ba=0.45099
[tight-lio] t=1317401032.688 corr=2731 lidar=ok rms=0.0294 time=87.61 ms | v=2.803 bg=0.00165 ba=0.45129
[tight-lio] t=1317401032.792 corr=2643 lidar=ok rms=0.0345 time=89.09 ms | v=2.969 bg=0.00164 ba=0.45080
[tight-lio] t=1317401032.895 corr=2765 lidar=ok rms=0.0369 time=89.87 ms | v=3.115 bg=0.00178 ba=0.44996
[tight-lio] t=1317401032.999 corr=2585 lidar=ok rms=0.0349 time=87.67 ms | v=3.262 bg=0.00183 ba=0.45089
[tight-lio] t=1317401033.103 corr=2864 lidar=ok rms=0.0358 time=96.65 ms | v=3.418 bg=0.00177 ba=0.45018
[tight-lio] t=1317401033.206 corr=2757 lidar=ok rms=0.0394 time=89.98 ms | v=3.571 bg=0.00176 ba=0.45005
[tight-lio] t=1317401033.310 corr=2648 lidar=ok rms=0.0438 time=88.90 ms | v=3.714 bg=0.00181 ba=0.44829
[tight-lio] t=1317401033.414 corr=2695 lidar=ok rms=0.0357 time=89.00 ms | v=3.845 bg=0.00189 ba=0.45097
[tight-lio] t=1317401033.517 corr=2470 lidar=ok rms=0.0434 time=61.98 ms | v=3.990 bg=0.00189 ba=0.45211
[tight-lio] t=1317401033.621 corr=2393 lidar=ok rms=0.0351 time=85.89 ms | v=4.167 bg=0.00190 ba=0.45357
[tight-lio] t=1317401033.725 corr=2651 lidar=ok rms=0.0360 time=88.32 ms | v=4.353 bg=0.00176 ba=0.45380
[tight-lio] t=1317401033.829 corr=2433 lidar=ok rms=0.0437 time=85.77 ms | v=4.547 bg=0.00175 ba=0.45418
[tight-lio] t=1317401033.933 corr=2582 lidar=ok rms=0.0716 time=93.64 ms | v=4.741 bg=0.00183 ba=0.45691
[tight-lio] t=1317401034.037 corr=2558 lidar=ok rms=0.0528 time=87.10 ms | v=4.922 bg=0.00156 ba=0.45667
[tight-lio] t=1317401034.140 corr=2654 lidar=ok rms=0.0503 time=70.21 ms | v=5.112 bg=0.00130 ba=0.45719
[tight-lio] t=1317401034.244 corr=2676 lidar=ok rms=0.0432 time=108.64 ms | v=5.302 bg=0.00110 ba=0.45866
[tight-lio] t=1317401034.349 corr=2728 lidar=ok rms=0.0470 time=95.04 ms | v=5.521 bg=0.00098 ba=0.45613
[tight-lio] t=1317401034.453 corr=2815 lidar=ok rms=0.0380 time=92.15 ms | v=5.704 bg=0.00090 ba=0.45408
[tight-lio] t=1317401034.557 corr=2986 lidar=ok rms=0.0824 time=93.22 ms | v=5.910 bg=0.00094 ba=0.44836
[tight-lio] t=1317401034.661 corr=2905 lidar=ok rms=0.0462 time=96.12 ms | v=6.111 bg=0.00102 ba=0.44769
[tight-lio] t=1317401034.765 corr=2693 lidar=ok rms=0.0420 time=92.80 ms | v=6.282 bg=0.00115 ba=0.44569
[tight-lio] t=1317401034.869 corr=2709 lidar=ok rms=0.0386 time=92.88 ms | v=6.470 bg=0.00131 ba=0.44163
[tight-lio] t=1317401034.974 corr=2957 lidar=ok rms=0.0494 time=94.72 ms | v=6.669 bg=0.00140 ba=0.43860
[tight-lio] t=1317401035.078 corr=3088 lidar=ok rms=0.0335 time=91.22 ms | v=6.834 bg=0.00149 ba=0.43491
[tight-lio] t=1317401035.182 corr=2902 lidar=ok rms=0.0330 time=91.02 ms | v=7.010 bg=0.00164 ba=0.43178
[tight-lio] t=1317401035.286 corr=3016 lidar=ok rms=0.0355 time=96.31 ms | v=7.173 bg=0.00172 ba=0.42719
[tight-lio] t=1317401035.390 corr=2918 lidar=ok rms=0.0421 time=95.07 ms | v=7.369 bg=0.00180 ba=0.42291
[tight-lio] t=1317401035.495 corr=2821 lidar=ok rms=0.0379 time=94.56 ms | v=7.561 bg=0.00191 ba=0.42092
[tight-lio] t=1317401035.599 corr=2758 lidar=ok rms=0.0459 time=97.49 ms | v=7.740 bg=0.00199 ba=0.41755
[tight-lio] t=1317401035.703 corr=2808 lidar=ok rms=0.0669 time=102.86 ms | v=7.948 bg=0.00206 ba=0.41348
[tight-lio] t=1317401035.807 corr=2793 lidar=ok rms=0.0465 time=99.15 ms | v=8.151 bg=0.00207 ba=0.40926
[tight-lio] t=1317401035.911 corr=2655 lidar=ok rms=0.0355 time=93.93 ms | v=8.306 bg=0.00199 ba=0.40501
[tight-lio] t=1317401036.015 corr=2648 lidar=ok rms=0.0390 time=95.80 ms | v=8.494 bg=0.00193 ba=0.40194
[tight-lio] t=1317401036.119 corr=2658 lidar=ok rms=0.0327 time=90.32 ms | v=8.659 bg=0.00188 ba=0.39966
[tight-lio] t=1317401036.223 corr=2826 lidar=ok rms=0.0411 time=66.17 ms | v=8.789 bg=0.00187 ba=0.39791
[tight-lio] t=1317401036.327 corr=2812 lidar=ok rms=0.0347 time=90.22 ms | v=8.874 bg=0.00187 ba=0.39601
[tight-lio] t=1317401036.431 corr=2670 lidar=ok rms=0.0414 time=91.25 ms | v=8.941 bg=0.00185 ba=0.39314
[tight-lio] t=1317401036.535 corr=2773 lidar=ok rms=0.0408 time=93.69 ms | v=9.028 bg=0.00181 ba=0.39223
[tight-lio] t=1317401036.639 corr=2831 lidar=ok rms=0.0372 time=67.23 ms | v=9.105 bg=0.00175 ba=0.39031
[tight-lio] t=1317401036.743 corr=2860 lidar=ok rms=0.0417 time=102.90 ms | v=9.185 bg=0.00182 ba=0.38830
[tight-lio] t=1317401036.847 corr=2867 lidar=ok rms=0.0453 time=94.68 ms | v=9.246 bg=0.00188 ba=0.38733
[tight-lio] t=1317401036.951 corr=2987 lidar=ok rms=0.0394 time=96.90 ms | v=9.304 bg=0.00192 ba=0.38649
[tight-lio] t=1317401037.055 corr=2952 lidar=ok rms=0.0373 time=65.76 ms | v=9.317 bg=0.00182 ba=0.38334
[tight-lio] t=1317401037.159 corr=3070 lidar=ok rms=0.0397 time=89.00 ms | v=9.319 bg=0.00180 ba=0.38118
[tight-lio] t=1317401037.263 corr=2973 lidar=ok rms=0.0388 time=86.13 ms | v=9.332 bg=0.00191 ba=0.38098
[tight-lio] t=1317401037.367 corr=3070 lidar=ok rms=0.0526 time=88.53 ms | v=9.352 bg=0.00194 ba=0.37946
[tight-lio] t=1317401037.471 corr=3085 lidar=ok rms=0.0671 time=89.92 ms | v=9.343 bg=0.00196 ba=0.37846
[tight-lio] t=1317401037.575 corr=2840 lidar=ok rms=0.0375 time=96.50 ms | v=9.300 bg=0.00185 ba=0.37635
[tight-lio] t=1317401037.679 corr=3055 lidar=ok rms=0.0916 time=104.58 ms | v=9.304 bg=0.00185 ba=0.37396
[tight-lio] t=1317401037.783 corr=2938 lidar=ok rms=0.0459 time=90.48 ms | v=9.296 bg=0.00181 ba=0.37365
[tight-lio] t=1317401037.887 corr=2913 lidar=ok rms=0.1194 time=89.86 ms | v=9.297 bg=0.00183 ba=0.37375
[tight-lio] t=1317401037.991 corr=2962 lidar=ok rms=0.0459 time=90.22 ms | v=9.325 bg=0.00195 ba=0.37383
[tight-lio] t=1317401038.095 corr=2910 lidar=ok rms=0.0373 time=98.12 ms | v=9.313 bg=0.00198 ba=0.37351
[tight-lio] t=1317401038.199 corr=2604 lidar=ok rms=0.0365 time=86.44 ms | v=9.304 bg=0.00185 ba=0.37294
[tight-lio] t=1317401038.303 corr=2754 lidar=ok rms=0.0474 time=61.50 ms | v=9.294 bg=0.00182 ba=0.37152
[tight-lio] t=1317401038.407 corr=2399 lidar=ok rms=0.0428 time=60.47 ms | v=9.261 bg=0.00179 ba=0.37174
[tight-lio] t=1317401038.511 corr=2590 lidar=ok rms=0.0530 time=59.42 ms | v=9.207 bg=0.00170 ba=0.37022
[tight-lio] t=1317401038.615 corr=2274 lidar=ok rms=0.0378 time=78.22 ms | v=9.145 bg=0.00165 ba=0.36925
[tight-lio] t=1317401038.718 corr=2281 lidar=ok rms=0.0462 time=81.66 ms | v=9.067 bg=0.00159 ba=0.36914
[tight-lio] t=1317401038.822 corr=2081 lidar=ok rms=0.0448 time=84.30 ms | v=8.980 bg=0.00153 ba=0.36726
[tight-lio] t=1317401038.926 corr=2158 lidar=ok rms=0.0389 time=80.35 ms | v=8.866 bg=0.00146 ba=0.36701
[tight-lio] t=1317401039.030 corr=2279 lidar=ok rms=0.0461 time=99.31 ms | v=8.773 bg=0.00154 ba=0.36576
[tight-lio] t=1317401039.134 corr=2165 lidar=ok rms=0.0394 time=85.87 ms | v=8.698 bg=0.00159 ba=0.36420
[tight-lio] t=1317401039.237 corr=2045 lidar=ok rms=0.0378 time=122.44 ms | v=8.612 bg=0.00143 ba=0.36401
[tight-lio] t=1317401039.341 corr=2112 lidar=ok rms=0.0352 time=81.24 ms | v=8.485 bg=0.00123 ba=0.36319
[tight-lio] t=1317401039.445 corr=2058 lidar=ok rms=0.0322 time=77.67 ms | v=8.360 bg=0.00117 ba=0.36179
[tight-lio] t=1317401039.548 corr=2148 lidar=ok rms=0.0341 time=82.73 ms | v=8.263 bg=0.00121 ba=0.36260
[tight-lio] t=1317401039.652 corr=2059 lidar=ok rms=0.0301 time=58.34 ms | v=8.202 bg=0.00125 ba=0.36396
[tight-lio] t=1317401039.756 corr=1971 lidar=ok rms=0.0302 time=57.59 ms | v=8.157 bg=0.00130 ba=0.36395
[tight-lio] t=1317401039.859 corr=1893 lidar=ok rms=0.0391 time=62.52 ms | v=8.132 bg=0.00135 ba=0.36352
[tight-lio] t=1317401039.963 corr=1975 lidar=ok rms=0.0312 time=91.69 ms | v=8.080 bg=0.00122 ba=0.36281
[tight-lio] t=1317401040.067 corr=1842 lidar=ok rms=0.0527 time=57.00 ms | v=8.026 bg=0.00110 ba=0.36350
[tight-lio] t=1317401040.170 corr=1986 lidar=ok rms=0.0363 time=120.74 ms | v=7.959 bg=0.00093 ba=0.36252
[tight-lio] t=1317401040.274 corr=1907 lidar=ok rms=0.0328 time=88.44 ms | v=7.908 bg=0.00095 ba=0.36343
[tight-lio] t=1317401040.378 corr=2031 lidar=ok rms=0.0349 time=89.72 ms | v=7.888 bg=0.00113 ba=0.36200
[tight-lio] t=1317401040.481 corr=1961 lidar=ok rms=0.0262 time=82.32 ms | v=7.845 bg=0.00131 ba=0.36116
[tight-lio] t=1317401040.585 corr=1969 lidar=ok rms=0.0222 time=60.11 ms | v=7.806 bg=0.00141 ba=0.36070
[tight-lio] t=1317401040.689 corr=1965 lidar=ok rms=0.0288 time=61.36 ms | v=7.782 bg=0.00129 ba=0.36005
[tight-lio] t=1317401040.793 corr=2121 lidar=ok rms=0.0339 time=113.86 ms | v=7.773 bg=0.00119 ba=0.35853
[tight-lio] t=1317401040.897 corr=2195 lidar=ok rms=0.0392 time=65.38 ms | v=7.778 bg=0.00115 ba=0.35766
[tight-lio] t=1317401041.000 corr=2379 lidar=ok rms=0.0315 time=120.40 ms | v=7.826 bg=0.00141 ba=0.35746
[tight-lio] t=1317401041.104 corr=2534 lidar=ok rms=0.0352 time=89.76 ms | v=7.893 bg=0.00156 ba=0.35507
[tight-lio] t=1317401041.208 corr=2692 lidar=ok rms=0.0302 time=67.61 ms | v=7.969 bg=0.00174 ba=0.35244
[tight-lio] t=1317401041.312 corr=2682 lidar=ok rms=0.0424 time=92.47 ms | v=8.039 bg=0.00176 ba=0.34869
[tight-lio] t=1317401041.416 corr=2793 lidar=ok rms=0.0300 time=67.02 ms | v=8.116 bg=0.00181 ba=0.34716
[tight-lio] t=1317401041.520 corr=2547 lidar=ok rms=0.0308 time=91.85 ms | v=8.238 bg=0.00181 ba=0.34798
[tight-lio] t=1317401041.624 corr=2609 lidar=ok rms=0.0332 time=65.45 ms | v=8.324 bg=0.00192 ba=0.34517
[tight-lio] t=1317401041.728 corr=2661 lidar=ok rms=0.0331 time=115.52 ms | v=8.420 bg=0.00212 ba=0.34117
[tight-lio] t=1317401041.832 corr=2534 lidar=ok rms=0.0323 time=88.95 ms | v=8.546 bg=0.00226 ba=0.33934
[tight-lio] t=1317401041.936 corr=2453 lidar=ok rms=0.0295 time=86.57 ms | v=8.642 bg=0.00240 ba=0.33680
[tight-lio] t=1317401042.040 corr=2543 lidar=ok rms=0.0346 time=87.63 ms | v=8.721 bg=0.00244 ba=0.33464
[tight-lio] t=1317401042.144 corr=2800 lidar=ok rms=0.0366 time=92.66 ms | v=8.813 bg=0.00241 ba=0.32881
[tight-lio] t=1317401042.248 corr=2849 lidar=ok rms=0.0355 time=91.03 ms | v=8.937 bg=0.00240 ba=0.32630
[tight-lio] t=1317401042.352 corr=2706 lidar=ok rms=0.0402 time=89.44 ms | v=9.029 bg=0.00256 ba=0.32245
[tight-lio] t=1317401042.456 corr=2791 lidar=ok rms=0.0365 time=87.64 ms | v=9.174 bg=0.00257 ba=0.32126
[tight-lio] t=1317401042.560 corr=2402 lidar=ok rms=0.0407 time=89.76 ms | v=9.268 bg=0.00280 ba=0.31879
[tight-lio] t=1317401042.664 corr=2360 lidar=ok rms=0.0351 time=82.88 ms | v=9.419 bg=0.00257 ba=0.31743
[tight-lio] t=1317401042.768 corr=2411 lidar=ok rms=0.0341 time=84.67 ms | v=9.506 bg=0.00259 ba=0.31499
[tight-lio] t=1317401042.872 corr=2533 lidar=ok rms=0.0400 time=85.53 ms | v=9.602 bg=0.00261 ba=0.31261
[tight-lio] t=1317401042.976 corr=2235 lidar=ok rms=0.0373 time=74.02 ms | v=9.692 bg=0.00261 ba=0.31074
[tight-lio] t=1317401043.080 corr=2434 lidar=ok rms=0.0325 time=83.31 ms | v=9.811 bg=0.00257 ba=0.30972
[tight-lio] t=1317401043.184 corr=2604 lidar=ok rms=0.0321 time=61.08 ms | v=9.903 bg=0.00275 ba=0.30765
[tight-lio] t=1317401043.288 corr=2724 lidar=ok rms=0.0388 time=62.54 ms | v=10.004 bg=0.00279 ba=0.30587
[tight-lio] t=1317401043.392 corr=2868 lidar=ok rms=0.0404 time=62.75 ms | v=10.110 bg=0.00284 ba=0.30409
[tight-lio] t=1317401043.496 corr=2793 lidar=ok rms=0.0340 time=85.67 ms | v=10.212 bg=0.00280 ba=0.30235
[tight-lio] t=1317401043.600 corr=2702 lidar=ok rms=0.0466 time=95.21 ms | v=10.368 bg=0.00258 ba=0.30476
[tight-lio] t=1317401043.704 corr=2700 lidar=ok rms=0.0564 time=64.37 ms | v=10.475 bg=0.00257 ba=0.30337
[tight-lio] t=1317401043.808 corr=2658 lidar=ok rms=0.0326 time=88.78 ms | v=10.565 bg=0.00254 ba=0.30162
[tight-lio] t=1317401043.912 corr=2490 lidar=ok rms=0.0447 time=86.94 ms | v=10.645 bg=0.00253 ba=0.30030
[tight-lio] t=1317401044.016 corr=2364 lidar=ok rms=0.1002 time=82.49 ms | v=10.745 bg=0.00248 ba=0.29951
[tight-lio] t=1317401044.120 corr=2201 lidar=ok rms=0.0352 time=81.41 ms | v=10.850 bg=0.00247 ba=0.29848
[tight-lio] t=1317401044.224 corr=1963 lidar=ok rms=0.0345 time=57.83 ms | v=10.956 bg=0.00245 ba=0.29785
[tight-lio] t=1317401044.328 corr=2010 lidar=ok rms=0.0365 time=81.31 ms | v=11.059 bg=0.00236 ba=0.29885
[tight-lio] t=1317401044.432 corr=1754 lidar=ok rms=0.0342 time=77.27 ms | v=11.126 bg=0.00228 ba=0.29819
[tight-lio] t=1317401044.536 corr=1706 lidar=ok rms=0.0405 time=56.45 ms | v=11.203 bg=0.00218 ba=0.30139
[tight-lio] t=1317401044.640 corr=1705 lidar=ok rms=0.0398 time=77.87 ms | v=11.253 bg=0.00212 ba=0.30152
[tight-lio] t=1317401044.743 corr=1775 lidar=ok rms=0.0324 time=77.13 ms | v=11.298 bg=0.00200 ba=0.30247
[tight-lio] t=1317401044.847 corr=1870 lidar=ok rms=0.0612 time=60.56 ms | v=11.307 bg=0.00195 ba=0.30227
[tight-lio] t=1317401044.951 corr=1773 lidar=ok rms=0.0362 time=56.43 ms | v=11.302 bg=0.00202 ba=0.30082
[tight-lio] t=1317401045.055 corr=1856 lidar=ok rms=0.0305 time=77.93 ms | v=11.287 bg=0.00207 ba=0.29999
[tight-lio] t=1317401045.159 corr=2100 lidar=ok rms=0.0424 time=82.20 ms | v=11.259 bg=0.00207 ba=0.29794
[tight-lio] t=1317401045.263 corr=1816 lidar=ok rms=0.0376 time=79.66 ms | v=11.236 bg=0.00213 ba=0.29704
[tight-lio] t=1317401045.367 corr=1934 lidar=ok rms=0.0532 time=80.00 ms | v=11.215 bg=0.00214 ba=0.29741
[tight-lio] t=1317401045.471 corr=1890 lidar=ok rms=0.0345 time=80.31 ms | v=11.177 bg=0.00190 ba=0.29758
[tight-lio] t=1317401045.574 corr=1795 lidar=ok rms=0.0550 time=57.94 ms | v=11.114 bg=0.00182 ba=0.29609
[tight-lio] t=1317401045.678 corr=1760 lidar=ok rms=0.0340 time=77.31 ms | v=11.072 bg=0.00180 ba=0.29573
[tight-lio] t=1317401045.782 corr=1730 lidar=ok rms=0.0303 time=83.00 ms | v=11.046 bg=0.00185 ba=0.29443
[tight-lio] t=1317401045.886 corr=1740 lidar=ok rms=0.0307 time=78.77 ms | v=11.039 bg=0.00199 ba=0.29379
[tight-lio] t=1317401045.990 corr=1569 lidar=ok rms=0.0388 time=79.99 ms | v=11.031 bg=0.00209 ba=0.29308
[tight-lio] t=1317401046.094 corr=1777 lidar=ok rms=0.0408 time=87.00 ms | v=11.013 bg=0.00199 ba=0.29258
[tight-lio] t=1317401046.198 corr=1664 lidar=ok rms=0.0313 time=76.79 ms | v=10.976 bg=0.00190 ba=0.29238
[tight-lio] t=1317401046.302 corr=1642 lidar=ok rms=0.0303 time=78.17 ms | v=10.916 bg=0.00196 ba=0.28794
[tight-lio] t=1317401046.406 corr=1868 lidar=ok rms=0.0308 time=80.14 ms | v=10.902 bg=0.00201 ba=0.28695
[tight-lio] t=1317401046.509 corr=1982 lidar=ok rms=0.0340 time=62.68 ms | v=10.908 bg=0.00206 ba=0.28748
[tight-lio] t=1317401046.613 corr=2042 lidar=ok rms=0.0337 time=80.71 ms | v=10.884 bg=0.00195 ba=0.28783
[tight-lio] t=1317401046.717 corr=1982 lidar=ok rms=0.0306 time=81.31 ms | v=10.858 bg=0.00190 ba=0.28706
[tight-lio] t=1317401046.821 corr=2074 lidar=ok rms=0.0308 time=85.21 ms | v=10.858 bg=0.00201 ba=0.28663
[tight-lio] t=1317401046.924 corr=1909 lidar=ok rms=0.0320 time=59.08 ms | v=10.866 bg=0.00211 ba=0.28808
[tight-lio] t=1317401047.028 corr=1973 lidar=ok rms=0.0286 time=59.24 ms | v=10.861 bg=0.00204 ba=0.28786
[tight-lio] t=1317401047.132 corr=1975 lidar=ok rms=0.0308 time=81.99 ms | v=10.839 bg=0.00197 ba=0.28726
[tight-lio] t=1317401047.236 corr=1964 lidar=ok rms=0.0288 time=60.58 ms | v=10.843 bg=0.00190 ba=0.28821
[tight-lio] t=1317401047.339 corr=1915 lidar=ok rms=0.0840 time=59.22 ms | v=10.835 bg=0.00186 ba=0.28899
[tight-lio] t=1317401047.443 corr=2000 lidar=ok rms=0.0298 time=79.68 ms | v=10.814 bg=0.00177 ba=0.28792
[tight-lio] t=1317401047.547 corr=2144 lidar=ok rms=0.0410 time=87.59 ms | v=10.815 bg=0.00185 ba=0.28833
[tight-lio] t=1317401047.651 corr=2212 lidar=ok rms=0.0371 time=89.68 ms | v=10.810 bg=0.00196 ba=0.28663
[tight-lio] t=1317401047.754 corr=1917 lidar=ok rms=0.0297 time=78.26 ms | v=10.810 bg=0.00206 ba=0.28644
[tight-lio] t=1317401047.858 corr=2137 lidar=ok rms=0.0338 time=83.03 ms | v=10.812 bg=0.00208 ba=0.28625
[tight-lio] t=1317401047.962 corr=2001 lidar=ok rms=0.0302 time=79.80 ms | v=10.798 bg=0.00207 ba=0.28552
[tight-lio] t=1317401048.066 corr=1957 lidar=ok rms=0.0306 time=80.14 ms | v=10.782 bg=0.00187 ba=0.28553
[tight-lio] t=1317401048.169 corr=2219 lidar=ok rms=0.0363 time=90.29 ms | v=10.776 bg=0.00171 ba=0.28618
[tight-lio] t=1317401048.273 corr=2232 lidar=ok rms=0.0407 time=82.40 ms | v=10.755 bg=0.00172 ba=0.28495
[tight-lio] t=1317401048.377 corr=2251 lidar=ok rms=0.0466 time=83.94 ms | v=10.766 bg=0.00186 ba=0.28508
[tight-lio] t=1317401048.481 corr=2268 lidar=ok rms=0.0377 time=83.47 ms | v=10.771 bg=0.00200 ba=0.28395
[tight-lio] t=1317401048.585 corr=2247 lidar=ok rms=0.0373 time=84.35 ms | v=10.759 bg=0.00203 ba=0.28174
[tight-lio] t=1317401048.689 corr=2318 lidar=ok rms=0.0378 time=83.69 ms | v=10.761 bg=0.00197 ba=0.28186
[tight-lio] t=1317401048.792 corr=2198 lidar=ok rms=0.0318 time=85.66 ms | v=10.749 bg=0.00185 ba=0.28172
[tight-lio] t=1317401048.896 corr=2250 lidar=ok rms=0.0424 time=86.71 ms | v=10.736 bg=0.00172 ba=0.28125
[tight-lio] t=1317401049.000 corr=2196 lidar=ok rms=0.0381 time=81.29 ms | v=10.723 bg=0.00172 ba=0.28081
[tight-lio] t=1317401049.104 corr=2287 lidar=ok rms=0.0301 time=82.86 ms | v=10.726 bg=0.00182 ba=0.28047
[tight-lio] t=1317401049.207 corr=2225 lidar=ok rms=0.0361 time=83.55 ms | v=10.725 bg=0.00195 ba=0.27913
[tight-lio] t=1317401049.311 corr=2248 lidar=ok rms=0.0318 time=59.46 ms | v=10.737 bg=0.00198 ba=0.27885
[tight-lio] t=1317401049.415 corr=2200 lidar=ok rms=0.0307 time=82.68 ms | v=10.747 bg=0.00192 ba=0.27923
[tight-lio] t=1317401049.519 corr=2361 lidar=ok rms=0.0285 time=90.66 ms | v=10.748 bg=0.00178 ba=0.27905
[tight-lio] t=1317401049.623 corr=2471 lidar=ok rms=0.0832 time=87.61 ms | v=10.727 bg=0.00159 ba=0.27744
[tight-lio] t=1317401049.726 corr=2692 lidar=ok rms=0.0461 time=95.58 ms | v=10.757 bg=0.00166 ba=0.27854
[tight-lio] t=1317401049.830 corr=2414 lidar=ok rms=0.0349 time=87.34 ms | v=10.793 bg=0.00190 ba=0.27834
[tight-lio] t=1317401049.934 corr=2302 lidar=ok rms=0.0346 time=88.10 ms | v=10.825 bg=0.00196 ba=0.27893
[tight-lio] t=1317401050.038 corr=2326 lidar=ok rms=0.0385 time=89.14 ms | v=10.803 bg=0.00158 ba=0.27813
[tight-lio] t=1317401050.141 corr=2599 lidar=ok rms=0.0505 time=88.55 ms | v=10.797 bg=0.00150 ba=0.27836
[tight-lio] t=1317401050.245 corr=2992 lidar=ok rms=0.0353 time=89.41 ms | v=10.823 bg=0.00172 ba=0.27771
[tight-lio] t=1317401050.349 corr=2927 lidar=ok rms=0.0370 time=90.68 ms | v=10.867 bg=0.00205 ba=0.27709
[tight-lio] t=1317401050.453 corr=3012 lidar=ok rms=0.0435 time=119.62 ms | v=10.884 bg=0.00200 ba=0.27714
[tight-lio] t=1317401050.557 corr=3063 lidar=ok rms=0.0485 time=94.31 ms | v=10.881 bg=0.00172 ba=0.27686
[tight-lio] t=1317401050.660 corr=2984 lidar=ok rms=0.0380 time=87.75 ms | v=10.880 bg=0.00164 ba=0.27606
[tight-lio] t=1317401050.764 corr=2969 lidar=ok rms=0.0338 time=61.25 ms | v=10.894 bg=0.00168 ba=0.27528
[tight-lio] t=1317401050.868 corr=2899 lidar=ok rms=0.0329 time=89.54 ms | v=10.914 bg=0.00182 ba=0.27483
[tight-lio] t=1317401050.972 corr=3050 lidar=ok rms=0.0355 time=90.78 ms | v=10.931 bg=0.00186 ba=0.27448
[tight-lio] t=1317401051.076 corr=2817 lidar=ok rms=0.0340 time=68.50 ms | v=10.947 bg=0.00178 ba=0.27415
[tight-lio] t=1317401051.179 corr=2852 lidar=ok rms=0.0313 time=99.30 ms | v=10.950 bg=0.00178 ba=0.27315
[tight-lio] t=1317401051.283 corr=2754 lidar=ok rms=0.0323 time=63.86 ms | v=10.962 bg=0.00184 ba=0.27245
[tight-lio] t=1317401051.387 corr=2590 lidar=ok rms=0.0346 time=86.45 ms | v=10.970 bg=0.00185 ba=0.27244
[tight-lio] t=1317401051.491 corr=2408 lidar=ok rms=0.0321 time=82.09 ms | v=10.968 bg=0.00188 ba=0.27224
[tight-lio] t=1317401051.595 corr=2621 lidar=ok rms=0.0368 time=87.21 ms | v=10.958 bg=0.00191 ba=0.27091
[tight-lio] t=1317401051.699 corr=2294 lidar=ok rms=0.0331 time=81.19 ms | v=10.959 bg=0.00190 ba=0.27110
[tight-lio] t=1317401051.802 corr=2376 lidar=ok rms=0.0629 time=87.61 ms | v=10.943 bg=0.00174 ba=0.27048
[tight-lio] t=1317401051.906 corr=2250 lidar=ok rms=0.0406 time=83.62 ms | v=10.912 bg=0.00161 ba=0.26967
[tight-lio] t=1317401052.010 corr=2247 lidar=ok rms=0.0333 time=59.20 ms | v=10.889 bg=0.00160 ba=0.26902
[tight-lio] t=1317401052.114 corr=2187 lidar=ok rms=0.0364 time=82.92 ms | v=10.884 bg=0.00172 ba=0.26798
[tight-lio] t=1317401052.218 corr=2243 lidar=ok rms=0.0548 time=87.67 ms | v=10.876 bg=0.00190 ba=0.26631
[tight-lio] t=1317401052.322 corr=2185 lidar=ok rms=0.0394 time=80.74 ms | v=10.868 bg=0.00180 ba=0.26706
[tight-lio] t=1317401052.425 corr=2351 lidar=ok rms=0.0399 time=81.35 ms | v=10.816 bg=0.00167 ba=0.26517
[tight-lio] t=1317401052.529 corr=2341 lidar=ok rms=0.0353 time=76.18 ms | v=10.794 bg=0.00162 ba=0.26539
[tight-lio] t=1317401052.633 corr=2482 lidar=ok rms=0.0344 time=57.51 ms | v=10.768 bg=0.00167 ba=0.26497
[tight-lio] t=1317401052.737 corr=2794 lidar=ok rms=0.0315 time=77.43 ms | v=10.760 bg=0.00173 ba=0.26571
[tight-lio] t=1317401052.841 corr=2879 lidar=ok rms=0.0395 time=80.66 ms | v=10.740 bg=0.00185 ba=0.26429
[tight-lio] t=1317401052.944 corr=2667 lidar=ok rms=0.0439 time=77.07 ms | v=10.722 bg=0.00201 ba=0.26284
[tight-lio] t=1317401053.048 corr=2364 lidar=ok rms=0.0341 time=77.90 ms | v=10.691 bg=0.00188 ba=0.26230
[tight-lio] t=1317401053.152 corr=2249 lidar=ok rms=0.0365 time=79.38 ms | v=10.663 bg=0.00169 ba=0.26224
[tight-lio] t=1317401053.256 corr=2095 lidar=ok rms=0.0375 time=77.51 ms | v=10.636 bg=0.00170 ba=0.26159
[tight-lio] t=1317401053.360 corr=2002 lidar=ok rms=0.0317 time=79.09 ms | v=10.635 bg=0.00180 ba=0.26194
[tight-lio] t=1317401053.463 corr=1760 lidar=ok rms=0.0476 time=74.59 ms | v=10.635 bg=0.00182 ba=0.26246
[tight-lio] t=1317401053.567 corr=1634 lidar=ok rms=0.0297 time=74.44 ms | v=10.619 bg=0.00175 ba=0.26204
[tight-lio] t=1317401053.671 corr=1534 lidar=ok rms=0.0429 time=73.06 ms | v=10.601 bg=0.00168 ba=0.26200
[tight-lio] t=1317401053.775 corr=1541 lidar=ok rms=0.0473 time=72.75 ms | v=10.584 bg=0.00161 ba=0.26256
[tight-lio] t=1317401053.879 corr=1595 lidar=ok rms=0.1137 time=73.82 ms | v=10.576 bg=0.00160 ba=0.26281
[tight-lio] t=1317401053.982 corr=1818 lidar=ok rms=0.0300 time=76.01 ms | v=10.582 bg=0.00164 ba=0.26364
[tight-lio] t=1317401054.086 corr=2002 lidar=ok rms=0.0353 time=80.75 ms | v=10.577 bg=0.00176 ba=0.26260
[tight-lio] t=1317401054.190 corr=2127 lidar=ok rms=0.0349 time=80.89 ms | v=10.578 bg=0.00185 ba=0.26248
[tight-lio] t=1317401054.294 corr=2121 lidar=ok rms=0.0268 time=82.65 ms | v=10.566 bg=0.00182 ba=0.26166
[tight-lio] t=1317401054.398 corr=2234 lidar=ok rms=0.0509 time=87.66 ms | v=10.576 bg=0.00173 ba=0.26379
[tight-lio] t=1317401054.501 corr=1981 lidar=ok rms=0.0301 time=76.33 ms | v=10.569 bg=0.00171 ba=0.26338
[tight-lio] t=1317401054.605 corr=2270 lidar=ok rms=0.0373 time=86.51 ms | v=10.580 bg=0.00175 ba=0.26420
[tight-lio] t=1317401054.709 corr=2096 lidar=ok rms=0.0368 time=78.86 ms | v=10.571 bg=0.00179 ba=0.26289
[tight-lio] t=1317401054.813 corr=2188 lidar=ok rms=0.0307 time=58.24 ms | v=10.577 bg=0.00176 ba=0.26308
[tight-lio] t=1317401054.917 corr=2300 lidar=ok rms=0.0574 time=81.33 ms | v=10.578 bg=0.00181 ba=0.26236
[tight-lio] t=1317401055.021 corr=1903 lidar=ok rms=0.0317 time=76.74 ms | v=10.563 bg=0.00167 ba=0.26184
[tight-lio] t=1317401055.124 corr=1943 lidar=ok rms=0.0392 time=80.01 ms | v=10.523 bg=0.00147 ba=0.25925
[tight-lio] t=1317401055.228 corr=2226 lidar=ok rms=0.0759 time=86.49 ms | v=10.470 bg=0.00162 ba=0.25277
[tight-lio] t=1317401055.332 corr=2255 lidar=ok rms=0.0400 time=87.45 ms | v=10.485 bg=0.00187 ba=0.25146
[tight-lio] t=1317401055.436 corr=2069 lidar=ok rms=0.0420 time=81.19 ms | v=10.509 bg=0.00180 ba=0.25342
[tight-lio] t=1317401055.539 corr=2320 lidar=ok rms=0.0437 time=82.47 ms | v=10.488 bg=0.00154 ba=0.25230
[tight-lio] t=1317401055.643 corr=2251 lidar=ok rms=0.0343 time=57.41 ms | v=10.478 bg=0.00144 ba=0.25173
[tight-lio] t=1317401055.747 corr=2084 lidar=ok rms=0.0839 time=81.87 ms | v=10.507 bg=0.00169 ba=0.25189
[tight-lio] t=1317401055.851 corr=1960 lidar=ok rms=0.0545 time=77.89 ms | v=10.527 bg=0.00198 ba=0.25115
[tight-lio] t=1317401055.955 corr=1751 lidar=ok rms=0.0332 time=71.58 ms | v=10.532 bg=0.00188 ba=0.25035
[tight-lio] t=1317401056.058 corr=1586 lidar=ok rms=0.0685 time=70.71 ms | v=10.504 bg=0.00159 ba=0.24920
[tight-lio] t=1317401056.162 corr=1478 lidar=ok rms=0.0593 time=70.45 ms | v=10.480 bg=0.00135 ba=0.24860
[tight-lio] t=1317401056.266 corr=1583 lidar=ok rms=0.0354 time=70.24 ms | v=10.460 bg=0.00134 ba=0.24694
[tight-lio] t=1317401056.370 corr=1707 lidar=ok rms=0.0358 time=72.75 ms | v=10.475 bg=0.00161 ba=0.24608
[tight-lio] t=1317401056.474 corr=1779 lidar=ok rms=0.0505 time=76.06 ms | v=10.485 bg=0.00201 ba=0.24464
[tight-lio] t=1317401056.577 corr=1698 lidar=ok rms=0.0519 time=75.02 ms | v=10.502 bg=0.00222 ba=0.24428
[tight-lio] t=1317401056.681 corr=1793 lidar=ok rms=0.0555 time=73.27 ms | v=10.495 bg=0.00211 ba=0.24407
[tight-lio] t=1317401056.785 corr=1693 lidar=ok rms=0.0364 time=72.63 ms | v=10.471 bg=0.00180 ba=0.24272
[tight-lio] t=1317401056.889 corr=1706 lidar=ok rms=0.0471 time=72.94 ms | v=10.438 bg=0.00142 ba=0.24201
[tight-lio] t=1317401056.992 corr=1783 lidar=ok rms=0.0483 time=52.38 ms | v=10.412 bg=0.00135 ba=0.24057
[tight-lio] t=1317401057.096 corr=2011 lidar=ok rms=0.0441 time=73.41 ms | v=10.411 bg=0.00156 ba=0.23946
[tight-lio] t=1317401057.200 corr=1917 lidar=ok rms=0.0513 time=51.42 ms | v=10.403 bg=0.00177 ba=0.23807
[tight-lio] t=1317401057.304 corr=1971 lidar=ok rms=0.0334 time=52.73 ms | v=10.389 bg=0.00178 ba=0.23707
[tight-lio] t=1317401057.408 corr=2123 lidar=ok rms=0.0399 time=51.66 ms | v=10.358 bg=0.00181 ba=0.23471
[tight-lio] t=1317401057.511 corr=1853 lidar=ok rms=0.0384 time=53.40 ms | v=10.341 bg=0.00179 ba=0.23357
[tight-lio] t=1317401057.615 corr=2006 lidar=ok rms=0.0342 time=76.65 ms | v=10.310 bg=0.00173 ba=0.23191
[tight-lio] t=1317401057.719 corr=2404 lidar=ok rms=0.0589 time=79.60 ms | v=10.302 bg=0.00161 ba=0.23296
[tight-lio] t=1317401057.823 corr=2198 lidar=ok rms=0.0424 time=79.06 ms | v=10.266 bg=0.00163 ba=0.23168
[tight-lio] t=1317401057.926 corr=1998 lidar=ok rms=0.0406 time=54.69 ms | v=10.245 bg=0.00165 ba=0.23063
[tight-lio] t=1317401058.030 corr=2319 lidar=ok rms=0.0529 time=81.50 ms | v=10.208 bg=0.00164 ba=0.22966
[tight-lio] t=1317401058.134 corr=2600 lidar=ok rms=0.0510 time=61.19 ms | v=10.179 bg=0.00165 ba=0.22933
[tight-lio] t=1317401058.238 corr=2459 lidar=ok rms=0.0448 time=80.54 ms | v=10.147 bg=0.00162 ba=0.22925
[tight-lio] t=1317401058.341 corr=2304 lidar=ok rms=0.0334 time=63.39 ms | v=10.116 bg=0.00161 ba=0.22909
[tight-lio] t=1317401058.445 corr=2285 lidar=ok rms=0.0346 time=85.38 ms | v=10.081 bg=0.00174 ba=0.22805
[tight-lio] t=1317401058.549 corr=2566 lidar=ok rms=0.0480 time=85.43 ms | v=10.026 bg=0.00174 ba=0.22644
[tight-lio] t=1317401058.653 corr=2441 lidar=ok rms=0.0615 time=112.93 ms | v=9.973 bg=0.00165 ba=0.22552
[tight-lio] t=1317401058.756 corr=3047 lidar=ok rms=0.0394 time=89.03 ms | v=9.939 bg=0.00166 ba=0.22606
[tight-lio] t=1317401058.860 corr=3023 lidar=ok rms=0.0333 time=62.48 ms | v=9.895 bg=0.00167 ba=0.22539
[tight-lio] t=1317401058.964 corr=3100 lidar=ok rms=0.0368 time=95.38 ms | v=9.825 bg=0.00160 ba=0.22308
[tight-lio] t=1317401059.068 corr=3138 lidar=ok rms=0.0328 time=87.84 ms | v=9.776 bg=0.00160 ba=0.22232
[tight-lio] t=1317401059.172 corr=2984 lidar=ok rms=0.0382 time=89.94 ms | v=9.738 bg=0.00171 ba=0.22176
[tight-lio] t=1317401059.275 corr=3420 lidar=ok rms=0.0378 time=66.74 ms | v=9.707 bg=0.00177 ba=0.22212
[tight-lio] t=1317401059.379 corr=3402 lidar=ok rms=0.0329 time=68.84 ms | v=9.658 bg=0.00172 ba=0.22140
[tight-lio] t=1317401059.483 corr=3201 lidar=ok rms=0.0349 time=64.62 ms | v=9.614 bg=0.00171 ba=0.22143
[tight-lio] t=1317401059.587 corr=3203 lidar=ok rms=0.0353 time=104.79 ms | v=9.568 bg=0.00167 ba=0.22132
[tight-lio] t=1317401059.691 corr=3005 lidar=ok rms=0.0368 time=96.96 ms | v=9.478 bg=0.00166 ba=0.21875
[tight-lio] t=1317401059.795 corr=2938 lidar=ok rms=0.0368 time=100.12 ms | v=9.348 bg=0.00170 ba=0.21628
[tight-lio] t=1317401059.898 corr=3077 lidar=ok rms=0.0392 time=67.36 ms | v=9.173 bg=0.00173 ba=0.21482
[tight-lio] t=1317401060.002 corr=3178 lidar=ok rms=0.0346 time=66.04 ms | v=8.994 bg=0.00178 ba=0.21451
[tight-lio] t=1317401060.106 corr=3192 lidar=ok rms=0.0340 time=68.41 ms | v=8.798 bg=0.00181 ba=0.21433
[tight-lio] t=1317401060.210 corr=3250 lidar=ok rms=0.0339 time=73.71 ms | v=8.579 bg=0.00172 ba=0.21166
[tight-lio] t=1317401060.313 corr=3361 lidar=ok rms=0.0404 time=123.76 ms | v=8.387 bg=0.00166 ba=0.20866
[tight-lio] t=1317401060.417 corr=3222 lidar=ok rms=0.0344 time=110.96 ms | v=8.245 bg=0.00166 ba=0.20702
[tight-lio] t=1317401060.521 corr=3242 lidar=ok rms=0.0456 time=96.61 ms | v=8.148 bg=0.00175 ba=0.20752
[tight-lio] t=1317401060.625 corr=3269 lidar=ok rms=0.0287 time=100.29 ms | v=8.030 bg=0.00183 ba=0.20553
[tight-lio] t=1317401060.728 corr=3039 lidar=ok rms=0.0286 time=96.42 ms | v=7.928 bg=0.00193 ba=0.20453
[tight-lio] t=1317401060.832 corr=3149 lidar=ok rms=0.0277 time=68.56 ms | v=7.823 bg=0.00192 ba=0.20420
[tight-lio] t=1317401060.936 corr=3174 lidar=ok rms=0.0272 time=96.61 ms | v=7.682 bg=0.00172 ba=0.20284
[tight-lio] t=1317401061.040 corr=3113 lidar=ok rms=0.0259 time=66.91 ms | v=7.549 bg=0.00162 ba=0.20299
[tight-lio] t=1317401061.144 corr=3122 lidar=ok rms=0.0288 time=144.49 ms | v=7.386 bg=0.00162 ba=0.20128
[tight-lio] t=1317401061.247 corr=3114 lidar=ok rms=0.0258 time=94.69 ms | v=7.206 bg=0.00177 ba=0.19934
[tight-lio] t=1317401061.351 corr=3037 lidar=ok rms=0.0301 time=95.45 ms | v=7.013 bg=0.00195 ba=0.19653
[tight-lio] t=1317401061.455 corr=2981 lidar=ok rms=0.0236 time=67.62 ms | v=6.803 bg=0.00192 ba=0.19497
[tight-lio] t=1317401061.559 corr=2911 lidar=ok rms=0.0305 time=95.60 ms | v=6.602 bg=0.00178 ba=0.19330
[tight-lio] t=1317401061.663 corr=3096 lidar=ok rms=0.0305 time=96.27 ms | v=6.476 bg=0.00156 ba=0.19212
[tight-lio] t=1317401061.767 corr=3127 lidar=ok rms=0.0493 time=69.35 ms | v=6.398 bg=0.00135 ba=0.19017
[tight-lio] t=1317401061.871 corr=3182 lidar=ok rms=0.0341 time=93.62 ms | v=6.358 bg=0.00148 ba=0.18824
[tight-lio] t=1317401061.976 corr=3160 lidar=ok rms=0.0251 time=69.13 ms | v=6.340 bg=0.00156 ba=0.18747
[tight-lio] t=1317401062.080 corr=3079 lidar=ok rms=0.0269 time=93.35 ms | v=6.311 bg=0.00159 ba=0.18738
[tight-lio] t=1317401062.184 corr=3018 lidar=ok rms=0.0369 time=95.07 ms | v=6.245 bg=0.00155 ba=0.18509
[tight-lio] t=1317401062.288 corr=3068 lidar=ok rms=0.0262 time=70.44 ms | v=6.210 bg=0.00167 ba=0.18367
[tight-lio] t=1317401062.393 corr=2997 lidar=ok rms=0.0387 time=96.66 ms | v=6.192 bg=0.00209 ba=0.18231
[tight-lio] t=1317401062.497 corr=3242 lidar=ok rms=0.0332 time=105.59 ms | v=6.152 bg=0.00236 ba=0.18054
[tight-lio] t=1317401062.602 corr=3020 lidar=ok rms=0.0325 time=94.16 ms | v=6.099 bg=0.00250 ba=0.17859
[tight-lio] t=1317401062.706 corr=3119 lidar=ok rms=0.0421 time=94.62 ms | v=6.042 bg=0.00227 ba=0.17646
[tight-lio] t=1317401062.810 corr=3038 lidar=ok rms=0.0373 time=97.28 ms | v=5.991 bg=0.00202 ba=0.17402
[tight-lio] t=1317401062.915 corr=2999 lidar=ok rms=0.0406 time=166.21 ms | v=5.924 bg=0.00210 ba=0.17001
[tight-lio] t=1317401063.019 corr=2955 lidar=ok rms=0.0464 time=102.79 ms | v=5.835 bg=0.00237 ba=0.16334
[tight-lio] t=1317401063.123 corr=3182 lidar=ok rms=0.0523 time=97.90 ms | v=5.831 bg=0.00232 ba=0.16124
[tight-lio] t=1317401063.227 corr=3046 lidar=ok rms=0.0378 time=97.14 ms | v=5.851 bg=0.00232 ba=0.15924
[tight-lio] t=1317401063.332 corr=3420 lidar=ok rms=0.0300 time=103.74 ms | v=5.924 bg=0.00237 ba=0.16069
[tight-lio] t=1317401063.436 corr=3411 lidar=ok rms=0.0414 time=108.29 ms | v=6.019 bg=0.00235 ba=0.16457
[tight-lio] t=1317401063.540 corr=3367 lidar=ok rms=0.0326 time=103.52 ms | v=6.107 bg=0.00221 ba=0.16842
[tight-lio] t=1317401063.644 corr=3288 lidar=ok rms=0.0346 time=111.52 ms | v=6.156 bg=0.00196 ba=0.16887
[tight-lio] t=1317401063.748 corr=3371 lidar=ok rms=0.0371 time=107.31 ms | v=6.239 bg=0.00180 ba=0.17195
[tight-lio] t=1317401063.851 corr=3196 lidar=ok rms=0.0308 time=99.49 ms | v=6.349 bg=0.00175 ba=0.17490
[tight-lio] t=1317401063.955 corr=3114 lidar=ok rms=0.0258 time=107.81 ms | v=6.439 bg=0.00184 ba=0.17508
[tight-lio] t=1317401064.059 corr=3114 lidar=ok rms=0.0280 time=106.87 ms | v=6.523 bg=0.00185 ba=0.17465
[tight-lio] t=1317401064.163 corr=3363 lidar=ok rms=0.0212 time=84.24 ms | v=6.596 bg=0.00181 ba=0.17392
[tight-lio] t=1317401064.267 corr=3260 lidar=ok rms=0.0308 time=110.77 ms | v=6.655 bg=0.00170 ba=0.17206
[tight-lio] t=1317401064.371 corr=3461 lidar=ok rms=0.0281 time=111.99 ms | v=6.732 bg=0.00166 ba=0.17191
[tight-lio] t=1317401064.475 corr=3214 lidar=ok rms=0.0278 time=97.88 ms | v=6.815 bg=0.00177 ba=0.17069
[tight-lio] t=1317401064.578 corr=3482 lidar=ok rms=0.0290 time=113.96 ms | v=6.884 bg=0.00192 ba=0.16801
[tight-lio] t=1317401064.682 corr=3410 lidar=ok rms=0.0316 time=104.16 ms | v=6.972 bg=0.00184 ba=0.16864
[tight-lio] t=1317401064.786 corr=3513 lidar=ok rms=0.0230 time=96.16 ms | v=7.022 bg=0.00178 ba=0.16658
[tight-lio] t=1317401064.890 corr=3534 lidar=ok rms=0.0281 time=120.02 ms | v=7.087 bg=0.00184 ba=0.16479
[tight-lio] t=1317401064.994 corr=3798 lidar=ok rms=0.0289 time=118.51 ms | v=7.164 bg=0.00175 ba=0.16428
[tight-lio] t=1317401065.098 corr=3565 lidar=ok rms=0.0250 time=139.05 ms | v=7.233 bg=0.00182 ba=0.16245
[tight-lio] t=1317401065.202 corr=3446 lidar=ok rms=0.0256 time=112.03 ms | v=7.327 bg=0.00195 ba=0.16186
[tight-lio] t=1317401065.306 corr=3348 lidar=ok rms=0.0321 time=106.83 ms | v=7.422 bg=0.00191 ba=0.16288
[tight-lio] t=1317401065.410 corr=3264 lidar=ok rms=0.0302 time=104.84 ms | v=7.478 bg=0.00192 ba=0.16085
[tight-lio] t=1317401065.514 corr=3046 lidar=ok rms=0.0387 time=95.14 ms | v=7.585 bg=0.00190 ba=0.16270
[tight-lio] t=1317401065.618 corr=2975 lidar=ok rms=0.0288 time=73.32 ms | v=7.659 bg=0.00181 ba=0.16194
[tight-lio] t=1317401065.722 corr=2956 lidar=ok rms=0.0253 time=67.21 ms | v=7.754 bg=0.00167 ba=0.16318
[tight-lio] t=1317401065.826 corr=3071 lidar=ok rms=0.0277 time=103.52 ms | v=7.837 bg=0.00146 ba=0.16402
[tight-lio] t=1317401065.930 corr=2751 lidar=ok rms=0.0279 time=112.80 ms | v=7.898 bg=0.00143 ba=0.16238
[tight-lio] t=1317401066.033 corr=3054 lidar=ok rms=0.0319 time=107.09 ms | v=7.945 bg=0.00134 ba=0.15983
[tight-lio] t=1317401066.137 corr=2952 lidar=ok rms=0.0291 time=99.21 ms | v=8.012 bg=0.00145 ba=0.15695
[tight-lio] t=1317401066.241 corr=2951 lidar=ok rms=0.0282 time=101.64 ms | v=8.099 bg=0.00157 ba=0.15681
[tight-lio] t=1317401066.345 corr=2711 lidar=ok rms=0.0332 time=101.25 ms | v=8.179 bg=0.00187 ba=0.15555
[tight-lio] t=1317401066.448 corr=2776 lidar=ok rms=0.0446 time=95.02 ms | v=8.255 bg=0.00198 ba=0.15441
[tight-lio] t=1317401066.552 corr=2632 lidar=ok rms=0.0316 time=101.54 ms | v=8.306 bg=0.00202 ba=0.15240
[tight-lio] t=1317401066.656 corr=2725 lidar=ok rms=0.0405 time=91.49 ms | v=8.368 bg=0.00188 ba=0.15139
[tight-lio] t=1317401066.759 corr=2563 lidar=ok rms=0.0281 time=93.34 ms | v=8.420 bg=0.00188 ba=0.14898
[tight-lio] t=1317401066.863 corr=2639 lidar=ok rms=0.0337 time=92.29 ms | v=8.517 bg=0.00198 ba=0.14976
[tight-lio] t=1317401066.967 corr=2401 lidar=ok rms=0.0372 time=102.13 ms | v=8.602 bg=0.00198 ba=0.15018
[tight-lio] t=1317401067.070 corr=2429 lidar=ok rms=0.0246 time=90.24 ms | v=8.679 bg=0.00212 ba=0.14887
[tight-lio] t=1317401067.174 corr=2618 lidar=ok rms=0.0387 time=93.71 ms | v=8.736 bg=0.00226 ba=0.14548
[tight-lio] t=1317401067.278 corr=2641 lidar=ok rms=0.0341 time=93.90 ms | v=8.798 bg=0.00244 ba=0.14310
[tight-lio] t=1317401067.381 corr=2538 lidar=ok rms=0.0501 time=96.87 ms | v=8.824 bg=0.00230 ba=0.13956
[tight-lio] t=1317401067.485 corr=2501 lidar=ok rms=0.0310 time=70.84 ms | v=8.844 bg=0.00211 ba=0.13769
[tight-lio] t=1317401067.589 corr=2479 lidar=ok rms=0.0355 time=100.22 ms | v=8.793 bg=0.00192 ba=0.12940
[tight-lio] t=1317401067.693 corr=2317 lidar=ok rms=0.0375 time=137.30 ms | v=8.801 bg=0.00183 ba=0.12649
[tight-lio] t=1317401067.796 corr=2252 lidar=ok rms=0.0438 time=108.58 ms | v=8.861 bg=0.00173 ba=0.12736
[tight-lio] t=1317401067.900 corr=2180 lidar=ok rms=0.0274 time=64.42 ms | v=8.889 bg=0.00170 ba=0.12665
[tight-lio] t=1317401068.004 corr=2163 lidar=ok rms=0.0271 time=86.04 ms | v=8.919 bg=0.00178 ba=0.12569
[tight-lio] t=1317401068.108 corr=2058 lidar=ok rms=0.0419 time=85.22 ms | v=8.959 bg=0.00188 ba=0.12511
[tight-lio] t=1317401068.212 corr=2128 lidar=ok rms=0.0360 time=96.93 ms | v=8.985 bg=0.00184 ba=0.12361
[tight-lio] t=1317401068.315 corr=1953 lidar=ok rms=0.0362 time=84.07 ms | v=9.014 bg=0.00170 ba=0.12338
[tight-lio] t=1317401068.419 corr=2021 lidar=ok rms=0.0309 time=86.17 ms | v=9.029 bg=0.00164 ba=0.12191
[tight-lio] t=1317401068.523 corr=2054 lidar=ok rms=0.0520 time=92.06 ms | v=9.057 bg=0.00181 ba=0.12119
[tight-lio] t=1317401068.627 corr=1795 lidar=ok rms=0.0709 time=74.47 ms | v=9.084 bg=0.00202 ba=0.12129
[tight-lio] t=1317401068.731 corr=1950 lidar=ok rms=0.0341 time=85.89 ms | v=9.037 bg=0.00213 ba=0.11587
[tight-lio] t=1317401068.834 corr=2023 lidar=ok rms=0.0370 time=84.31 ms | v=8.980 bg=0.00211 ba=0.11024
[tight-lio] t=1317401068.938 corr=2143 lidar=ok rms=0.0708 time=84.30 ms | v=8.985 bg=0.00206 ba=0.11123
[tight-lio] t=1317401069.042 corr=1974 lidar=ok rms=0.0975 time=88.05 ms | v=8.993 bg=0.00200 ba=0.11263
[tight-lio] t=1317401069.146 corr=2083 lidar=ok rms=0.0390 time=84.11 ms | v=8.946 bg=0.00172 ba=0.11035
[tight-lio] t=1317401069.250 corr=1989 lidar=ok rms=0.0352 time=58.97 ms | v=8.932 bg=0.00168 ba=0.11004
[tight-lio] t=1317401069.354 corr=2069 lidar=ok rms=0.0291 time=81.03 ms | v=8.915 bg=0.00169 ba=0.10921
[tight-lio] t=1317401069.458 corr=2076 lidar=ok rms=0.0297 time=84.88 ms | v=8.899 bg=0.00177 ba=0.10772
[tight-lio] t=1317401069.561 corr=2453 lidar=ok rms=0.0348 time=89.96 ms | v=8.880 bg=0.00189 ba=0.10668
[tight-lio] t=1317401069.665 corr=2317 lidar=ok rms=0.0309 time=83.62 ms | v=8.851 bg=0.00187 ba=0.10586
[tight-lio] t=1317401069.769 corr=2354 lidar=ok rms=0.0380 time=89.95 ms | v=8.801 bg=0.00160 ba=0.10569
[tight-lio] t=1317401069.873 corr=2190 lidar=ok rms=0.0712 time=90.70 ms | v=8.775 bg=0.00145 ba=0.10732
[tight-lio] t=1317401069.977 corr=2415 lidar=ok rms=0.0342 time=81.58 ms | v=8.759 bg=0.00160 ba=0.10727
[tight-lio] t=1317401070.080 corr=2333 lidar=ok rms=0.0399 time=88.25 ms | v=8.747 bg=0.00197 ba=0.10729
[tight-lio] t=1317401070.184 corr=2136 lidar=ok rms=0.0495 time=87.33 ms | v=8.726 bg=0.00229 ba=0.10524
[tight-lio] t=1317401070.288 corr=2214 lidar=ok rms=0.0700 time=87.14 ms | v=8.701 bg=0.00242 ba=0.10420
[tight-lio] t=1317401070.392 corr=2343 lidar=ok rms=0.0432 time=84.92 ms | v=8.700 bg=0.00242 ba=0.10591
[tight-lio] t=1317401070.496 corr=2369 lidar=ok rms=0.0468 time=84.75 ms | v=8.667 bg=0.00226 ba=0.10551
[tight-lio] t=1317401070.599 corr=2441 lidar=ok rms=0.0387 time=86.06 ms | v=8.603 bg=0.00202 ba=0.10207
[tight-lio] t=1317401070.703 corr=2572 lidar=ok rms=0.0630 time=94.79 ms | v=8.549 bg=0.00193 ba=0.09873
[tight-lio] t=1317401070.807 corr=2536 lidar=ok rms=0.0846 time=88.61 ms | v=8.584 bg=0.00196 ba=0.10272
[tight-lio] t=1317401070.911 corr=2625 lidar=ok rms=0.0482 time=90.95 ms | v=8.579 bg=0.00202 ba=0.10172
[tight-lio] t=1317401071.015 corr=2559 lidar=ok rms=0.0395 time=88.59 ms | v=8.551 bg=0.00216 ba=0.09842
[tight-lio] t=1317401071.119 corr=2468 lidar=ok rms=0.0318 time=86.61 ms | v=8.560 bg=0.00225 ba=0.09810
[tight-lio] t=1317401071.223 corr=2647 lidar=ok rms=0.0316 time=93.59 ms | v=8.537 bg=0.00215 ba=0.09573
[tight-lio] t=1317401071.327 corr=2718 lidar=ok rms=0.0392 time=93.28 ms | v=8.512 bg=0.00204 ba=0.09305
[tight-lio] t=1317401071.430 corr=2509 lidar=ok rms=0.0433 time=63.58 ms | v=8.521 bg=0.00191 ba=0.09287
[tight-lio] t=1317401071.534 corr=2534 lidar=ok rms=0.0328 time=85.99 ms | v=8.534 bg=0.00205 ba=0.09244
[tight-lio] t=1317401071.638 corr=2581 lidar=ok rms=0.0323 time=64.11 ms | v=8.565 bg=0.00219 ba=0.09309
[tight-lio] t=1317401071.742 corr=2597 lidar=ok rms=0.0683 time=62.85 ms | v=8.573 bg=0.00216 ba=0.09303
[tight-lio] t=1317401071.846 corr=2679 lidar=ok rms=0.0492 time=123.18 ms | v=8.659 bg=0.00205 ba=0.10031
[tight-lio] t=1317401071.950 corr=2545 lidar=ok rms=0.0354 time=65.85 ms | v=8.683 bg=0.00198 ba=0.10106
[tight-lio] t=1317401072.054 corr=2552 lidar=ok rms=0.0259 time=91.19 ms | v=8.675 bg=0.00209 ba=0.10006
[tight-lio] t=1317401072.158 corr=2467 lidar=ok rms=0.0280 time=90.14 ms | v=8.687 bg=0.00215 ba=0.09929
[tight-lio] t=1317401072.262 corr=2631 lidar=ok rms=0.0292 time=69.03 ms | v=8.693 bg=0.00220 ba=0.09778
[tight-lio] t=1317401072.366 corr=2756 lidar=ok rms=0.0340 time=83.57 ms | v=8.678 bg=0.00208 ba=0.09578
[tight-lio] t=1317401072.470 corr=2516 lidar=ok rms=0.0750 time=100.61 ms | v=8.587 bg=0.00195 ba=0.08819
[tight-lio] t=1317401072.574 corr=2496 lidar=ok rms=0.0330 time=70.79 ms | v=8.587 bg=0.00172 ba=0.08788
[tight-lio] t=1317401072.678 corr=2320 lidar=ok rms=0.0308 time=70.47 ms | v=8.563 bg=0.00170 ba=0.08507
[tight-lio] t=1317401072.781 corr=2323 lidar=ok rms=0.0303 time=104.87 ms | v=8.539 bg=0.00177 ba=0.08182
[tight-lio] t=1317401072.885 corr=2154 lidar=ok rms=0.0240 time=88.68 ms | v=8.553 bg=0.00191 ba=0.08123
[tight-lio] t=1317401072.989 corr=2178 lidar=ok rms=0.0277 time=63.29 ms | v=8.562 bg=0.00214 ba=0.08005
[tight-lio] t=1317401073.093 corr=2129 lidar=ok rms=0.0286 time=89.95 ms | v=8.539 bg=0.00225 ba=0.07613
[tight-lio] t=1317401073.197 corr=2172 lidar=ok rms=0.0397 time=94.29 ms | v=8.514 bg=0.00218 ba=0.07302
[tight-lio] t=1317401073.301 corr=2376 lidar=ok rms=0.0251 time=91.24 ms | v=8.497 bg=0.00199 ba=0.07050
[tight-lio] t=1317401073.405 corr=2320 lidar=ok rms=0.0259 time=63.04 ms | v=8.495 bg=0.00185 ba=0.06913
[tight-lio] t=1317401073.509 corr=2348 lidar=ok rms=0.0302 time=63.48 ms | v=8.490 bg=0.00185 ba=0.06702
[tight-lio] t=1317401073.613 corr=2523 lidar=ok rms=0.0206 time=90.83 ms | v=8.473 bg=0.00190 ba=0.06387
[tight-lio] t=1317401073.717 corr=2561 lidar=ok rms=0.0230 time=71.98 ms | v=8.470 bg=0.00190 ba=0.06207
[tight-lio] t=1317401073.821 corr=2592 lidar=ok rms=0.0233 time=101.72 ms | v=8.447 bg=0.00189 ba=0.05947
[tight-lio] t=1317401073.925 corr=2581 lidar=ok rms=0.0348 time=93.22 ms | v=8.419 bg=0.00191 ba=0.05581
[tight-lio] t=1317401074.029 corr=2777 lidar=ok rms=0.0224 time=72.25 ms | v=8.409 bg=0.00205 ba=0.05329
[tight-lio] t=1317401074.133 corr=2813 lidar=ok rms=0.0213 time=68.42 ms | v=8.394 bg=0.00211 ba=0.05018
[tight-lio] t=1317401074.237 corr=2915 lidar=ok rms=0.0264 time=94.87 ms | v=8.352 bg=0.00207 ba=0.04620
[tight-lio] t=1317401074.341 corr=2944 lidar=ok rms=0.0290 time=93.83 ms | v=8.328 bg=0.00197 ba=0.04350
[tight-lio] t=1317401074.445 corr=3039 lidar=ok rms=0.0240 time=69.75 ms | v=8.311 bg=0.00194 ba=0.04145
[tight-lio] t=1317401074.549 corr=3155 lidar=ok rms=0.0228 time=98.04 ms | v=8.291 bg=0.00193 ba=0.03851
[tight-lio] t=1317401074.653 corr=3158 lidar=ok rms=0.0237 time=71.50 ms | v=8.264 bg=0.00198 ba=0.03622
[tight-lio] t=1317401074.756 corr=3450 lidar=ok rms=0.0363 time=103.84 ms | v=8.225 bg=0.00203 ba=0.03406
[tight-lio] t=1317401074.860 corr=3460 lidar=ok rms=0.0259 time=74.40 ms | v=8.186 bg=0.00197 ba=0.03043
[tight-lio] t=1317401074.964 corr=3480 lidar=ok rms=0.0427 time=94.69 ms | v=8.170 bg=0.00194 ba=0.03037
[tight-lio] t=1317401075.068 corr=3437 lidar=ok rms=0.0450 time=103.95 ms | v=8.121 bg=0.00191 ba=0.02907
[tight-lio] t=1317401075.172 corr=3549 lidar=ok rms=0.0357 time=100.85 ms | v=8.120 bg=0.00202 ba=0.02928
[tight-lio] t=1317401075.276 corr=3609 lidar=ok rms=0.0345 time=75.54 ms | v=8.094 bg=0.00210 ba=0.02982
[tight-lio] t=1317401075.380 corr=3693 lidar=ok rms=0.0207 time=104.97 ms | v=8.069 bg=0.00207 ba=0.02984
[tight-lio] t=1317401075.484 corr=3844 lidar=ok rms=0.0252 time=103.29 ms | v=8.031 bg=0.00199 ba=0.03102
[tight-lio] t=1317401075.588 corr=3630 lidar=ok rms=0.0210 time=75.76 ms | v=8.003 bg=0.00195 ba=0.03024
[tight-lio] t=1317401075.692 corr=3602 lidar=ok rms=0.0321 time=72.15 ms | v=7.967 bg=0.00188 ba=0.02977
[tight-lio] t=1317401075.796 corr=3523 lidar=ok rms=0.0214 time=72.10 ms | v=7.906 bg=0.00179 ba=0.02879
[tight-lio] t=1317401075.900 corr=3537 lidar=ok rms=0.0290 time=131.33 ms | v=7.777 bg=0.00184 ba=0.03008
[tight-lio] t=1317401076.004 corr=3592 lidar=ok rms=0.0423 time=74.20 ms | v=7.685 bg=0.00193 ba=0.03136
[tight-lio] t=1317401076.108 corr=3485 lidar=ok rms=0.0305 time=71.26 ms | v=7.597 bg=0.00198 ba=0.03162
[tight-lio] t=1317401076.212 corr=3508 lidar=ok rms=0.0243 time=76.70 ms | v=7.508 bg=0.00196 ba=0.03114
[tight-lio] t=1317401076.316 corr=3451 lidar=ok rms=0.0219 time=90.34 ms | v=7.406 bg=0.00192 ba=0.03083
[tight-lio] t=1317401076.420 corr=3604 lidar=ok rms=0.0399 time=112.50 ms | v=7.268 bg=0.00184 ba=0.03042
[tight-lio] t=1317401076.523 corr=3430 lidar=ok rms=0.0289 time=99.09 ms | v=7.124 bg=0.00184 ba=0.03088
[tight-lio] t=1317401076.627 corr=3499 lidar=ok rms=0.0272 time=72.11 ms | v=6.966 bg=0.00180 ba=0.03131
[tight-lio] t=1317401076.731 corr=3477 lidar=ok rms=0.0309 time=108.16 ms | v=6.782 bg=0.00184 ba=0.03211
[tight-lio] t=1317401076.835 corr=3544 lidar=ok rms=0.0346 time=72.00 ms | v=6.581 bg=0.00189 ba=0.03290
[tight-lio] t=1317401076.939 corr=3432 lidar=ok rms=0.0322 time=98.46 ms | v=6.367 bg=0.00194 ba=0.03426
[tight-lio] t=1317401077.043 corr=3544 lidar=ok rms=0.0232 time=104.59 ms | v=6.143 bg=0.00191 ba=0.03473
[tight-lio] t=1317401077.147 corr=3627 lidar=ok rms=0.0357 time=110.78 ms | v=5.860 bg=0.00183 ba=0.03728
[tight-lio] t=1317401077.251 corr=3441 lidar=ok rms=0.0304 time=70.98 ms | v=5.626 bg=0.00172 ba=0.03704
[tight-lio] t=1317401077.355 corr=3502 lidar=ok rms=0.0401 time=100.73 ms | v=5.365 bg=0.00161 ba=0.03829
[tight-lio] t=1317401077.459 corr=3502 lidar=ok rms=0.0270 time=98.57 ms | v=5.091 bg=0.00156 ba=0.04061
[tight-lio] t=1317401077.563 corr=3401 lidar=ok rms=0.0273 time=103.10 ms | v=4.807 bg=0.00160 ba=0.04309
[tight-lio] t=1317401077.667 corr=3431 lidar=ok rms=0.0274 time=103.20 ms | v=4.523 bg=0.00154 ba=0.04413
[tight-lio] t=1317401077.771 corr=3430 lidar=ok rms=0.0273 time=97.59 ms | v=4.243 bg=0.00157 ba=0.04463
[tight-lio] t=1317401077.875 corr=3437 lidar=ok rms=0.0293 time=96.37 ms | v=3.949 bg=0.00154 ba=0.04532
[tight-lio] t=1317401077.979 corr=3341 lidar=ok rms=0.0265 time=106.89 ms | v=3.666 bg=0.00158 ba=0.04641
[tight-lio] t=1317401078.083 corr=3374 lidar=ok rms=0.0287 time=115.79 ms | v=3.350 bg=0.00163 ba=0.05056
[tight-lio] t=1317401078.187 corr=3428 lidar=ok rms=0.0280 time=102.43 ms | v=3.058 bg=0.00157 ba=0.05191
[tight-lio] t=1317401078.291 corr=3536 lidar=ok rms=0.0262 time=101.82 ms | v=2.760 bg=0.00156 ba=0.05351
[tight-lio] t=1317401078.395 corr=3545 lidar=ok rms=0.0256 time=103.83 ms | v=2.471 bg=0.00163 ba=0.05437
[tight-lio] t=1317401078.499 corr=3516 lidar=ok rms=0.0315 time=102.82 ms | v=2.185 bg=0.00161 ba=0.05589
[tight-lio] t=1317401078.603 corr=3612 lidar=ok rms=0.0276 time=102.49 ms | v=1.945 bg=0.00152 ba=0.05636
[tight-lio] t=1317401078.707 corr=3822 lidar=ok rms=0.0295 time=82.21 ms | v=1.744 bg=0.00151 ba=0.05850
[tight-lio] t=1317401078.811 corr=3638 lidar=ok rms=0.0266 time=75.71 ms | v=1.600 bg=0.00152 ba=0.05975
[tight-lio] t=1317401078.915 corr=3647 lidar=ok rms=0.0428 time=68.88 ms | v=1.523 bg=0.00153 ba=0.05985
[tight-lio] t=1317401079.019 corr=3501 lidar=ok rms=0.0303 time=101.69 ms | v=1.463 bg=0.00146 ba=0.06034
[tight-lio] t=1317401079.123 corr=3567 lidar=ok rms=0.0295 time=73.07 ms | v=1.409 bg=0.00145 ba=0.06120
[tight-lio] t=1317401079.227 corr=3488 lidar=ok rms=0.0325 time=92.36 ms | v=1.362 bg=0.00142 ba=0.06053
[tight-lio] t=1317401079.331 corr=3468 lidar=ok rms=0.0510 time=101.83 ms | v=1.287 bg=0.00145 ba=0.06172
[tight-lio] t=1317401079.435 corr=3492 lidar=ok rms=0.0306 time=79.25 ms | v=1.243 bg=0.00143 ba=0.06067
[tight-lio] t=1317401079.539 corr=3714 lidar=ok rms=0.0354 time=100.38 ms | v=1.227 bg=0.00140 ba=0.05856
[tight-lio] t=1317401079.643 corr=3722 lidar=ok rms=0.0404 time=74.48 ms | v=1.214 bg=0.00139 ba=0.05810
[tight-lio] t=1317401079.747 corr=3597 lidar=ok rms=0.0477 time=66.17 ms | v=1.225 bg=0.00137 ba=0.05853
[tight-lio] t=1317401079.851 corr=3551 lidar=ok rms=0.0335 time=102.91 ms | v=1.246 bg=0.00138 ba=0.05798
[tight-lio] t=1317401079.955 corr=3448 lidar=ok rms=0.0341 time=103.20 ms | v=1.257 bg=0.00143 ba=0.05879
[tight-lio] t=1317401080.059 corr=3554 lidar=ok rms=0.0415 time=73.64 ms | v=1.267 bg=0.00146 ba=0.05915
[tight-lio] t=1317401080.163 corr=3556 lidar=ok rms=0.0409 time=72.84 ms | v=1.280 bg=0.00147 ba=0.05884
[tight-lio] t=1317401080.267 corr=3682 lidar=ok rms=0.0522 time=73.94 ms | v=1.293 bg=0.00153 ba=0.05843
[tight-lio] t=1317401080.370 corr=3738 lidar=ok rms=0.1206 time=101.38 ms | v=1.285 bg=0.00154 ba=0.06003
[tight-lio] t=1317401080.474 corr=3749 lidar=ok rms=0.0802 time=106.22 ms | v=1.286 bg=0.00153 ba=0.06185
[tight-lio] t=1317401080.578 corr=3611 lidar=ok rms=0.0368 time=98.96 ms | v=1.316 bg=0.00154 ba=0.06283
[tight-lio] t=1317401080.682 corr=3856 lidar=ok rms=0.0281 time=103.23 ms | v=1.381 bg=0.00158 ba=0.06300
[tight-lio] t=1317401080.786 corr=4061 lidar=ok rms=0.0702 time=74.94 ms | v=1.448 bg=0.00167 ba=0.06492
[tight-lio] t=1317401080.890 corr=3833 lidar=ok rms=0.0379 time=102.92 ms | v=1.576 bg=0.00176 ba=0.06436
[tight-lio] t=1317401080.994 corr=3894 lidar=ok rms=0.0596 time=105.81 ms | v=1.708 bg=0.00198 ba=0.06518
[tight-lio] t=1317401081.097 corr=3891 lidar=ok rms=0.0393 time=108.68 ms | v=1.875 bg=0.00209 ba=0.06581
[tight-lio] t=1317401081.201 corr=3515 lidar=ok rms=0.0347 time=88.90 ms | v=2.054 bg=0.00221 ba=0.06574
[tight-lio] t=1317401081.305 corr=3518 lidar=ok rms=0.0568 time=100.83 ms | v=2.229 bg=0.00231 ba=0.06440
[tight-lio] t=1317401081.408 corr=3373 lidar=ok rms=0.0972 time=104.99 ms | v=2.390 bg=0.00248 ba=0.06400
[tight-lio] t=1317401081.512 corr=3458 lidar=ok rms=0.0608 time=101.79 ms | v=2.519 bg=0.00270 ba=0.06651
[tight-lio] t=1317401081.616 corr=3429 lidar=ok rms=0.0414 time=102.84 ms | v=2.663 bg=0.00288 ba=0.06568
[tight-lio] t=1317401081.719 corr=3502 lidar=ok rms=0.0628 time=108.28 ms | v=2.787 bg=0.00305 ba=0.06720
[tight-lio] t=1317401081.823 corr=3433 lidar=ok rms=0.0583 time=71.87 ms | v=2.921 bg=0.00312 ba=0.06836
[tight-lio] t=1317401081.927 corr=3422 lidar=ok rms=0.0578 time=71.55 ms | v=3.027 bg=0.00320 ba=0.07162
[tight-lio] t=1317401082.030 corr=3578 lidar=ok rms=0.0324 time=104.12 ms | v=3.121 bg=0.00328 ba=0.07495
[tight-lio] t=1317401082.134 corr=3587 lidar=ok rms=0.0337 time=103.12 ms | v=3.223 bg=0.00340 ba=0.07781
[tight-lio] t=1317401082.238 corr=3490 lidar=ok rms=0.0332 time=98.43 ms | v=3.330 bg=0.00334 ba=0.07905
[tight-lio] t=1317401082.341 corr=3662 lidar=ok rms=0.0427 time=103.33 ms | v=3.420 bg=0.00339 ba=0.08102
[tight-lio] t=1317401082.445 corr=3655 lidar=ok rms=0.0377 time=90.76 ms | v=3.515 bg=0.00339 ba=0.08215
[tight-lio] t=1317401082.549 corr=3781 lidar=ok rms=0.0438 time=111.27 ms | v=3.563 bg=0.00347 ba=0.08726
[tight-lio] t=1317401082.653 corr=3650 lidar=ok rms=0.0315 time=76.44 ms | v=3.695 bg=0.00346 ba=0.08879
[tight-lio] t=1317401082.757 corr=3672 lidar=ok rms=0.0354 time=104.90 ms | v=3.835 bg=0.00354 ba=0.09024
[tight-lio] t=1317401082.860 corr=3741 lidar=ok rms=0.0312 time=104.69 ms | v=3.997 bg=0.00348 ba=0.09121
[tight-lio] t=1317401082.964 corr=3775 lidar=ok rms=0.0610 time=73.47 ms | v=4.138 bg=0.00343 ba=0.09348
[tight-lio] t=1317401083.068 corr=3712 lidar=ok rms=0.0245 time=99.75 ms | v=4.287 bg=0.00338 ba=0.09376
[tight-lio] t=1317401083.172 corr=3584 lidar=ok rms=0.0267 time=102.08 ms | v=4.438 bg=0.00336 ba=0.09514
[tight-lio] t=1317401083.276 corr=3702 lidar=ok rms=0.0266 time=71.86 ms | v=4.581 bg=0.00337 ba=0.09532
[tight-lio] t=1317401083.379 corr=3697 lidar=ok rms=0.0267 time=115.91 ms | v=4.722 bg=0.00341 ba=0.09540
[tight-lio] t=1317401083.483 corr=3602 lidar=ok rms=0.0260 time=105.17 ms | v=4.871 bg=0.00345 ba=0.09669
[tight-lio] t=1317401083.587 corr=3382 lidar=ok rms=0.0350 time=108.52 ms | v=5.019 bg=0.00338 ba=0.09709
[tight-lio] t=1317401083.691 corr=3473 lidar=ok rms=0.0253 time=102.84 ms | v=5.178 bg=0.00333 ba=0.09765
[tight-lio] t=1317401083.795 corr=3435 lidar=ok rms=0.0283 time=100.71 ms | v=5.364 bg=0.00325 ba=0.10169
[tight-lio] t=1317401083.899 corr=3315 lidar=ok rms=0.0235 time=98.26 ms | v=5.557 bg=0.00305 ba=0.10150
[tight-lio] t=1317401084.003 corr=3294 lidar=ok rms=0.0230 time=107.24 ms | v=5.734 bg=0.00273 ba=0.10217
[tight-lio] t=1317401084.107 corr=3342 lidar=ok rms=0.0222 time=101.34 ms | v=5.924 bg=0.00241 ba=0.10156
[tight-lio] t=1317401084.211 corr=3475 lidar=ok rms=0.0455 time=119.64 ms | v=6.110 bg=0.00199 ba=0.10093
[tight-lio] t=1317401084.315 corr=3586 lidar=ok rms=0.0331 time=103.17 ms | v=6.298 bg=0.00168 ba=0.10168
[tight-lio] t=1317401084.419 corr=3411 lidar=ok rms=0.0268 time=116.90 ms | v=6.514 bg=0.00140 ba=0.10299
[tight-lio] t=1317401084.524 corr=3359 lidar=ok rms=0.0272 time=80.92 ms | v=6.721 bg=0.00127 ba=0.10497
[tight-lio] t=1317401084.628 corr=3514 lidar=ok rms=0.0275 time=110.13 ms | v=6.935 bg=0.00125 ba=0.10826
[tight-lio] t=1317401084.733 corr=3601 lidar=ok rms=0.0301 time=124.34 ms | v=7.121 bg=0.00111 ba=0.10826
[tight-lio] t=1317401084.837 corr=3421 lidar=ok rms=0.0331 time=113.58 ms | v=7.305 bg=0.00097 ba=0.10731
[tight-lio] t=1317401084.942 corr=3344 lidar=ok rms=0.0310 time=96.60 ms | v=7.506 bg=0.00105 ba=0.10606
[tight-lio] t=1317401085.046 corr=3184 lidar=ok rms=0.0455 time=100.26 ms | v=7.699 bg=0.00121 ba=0.10453
[tight-lio] t=1317401085.150 corr=3329 lidar=ok rms=0.0314 time=103.21 ms | v=7.921 bg=0.00133 ba=0.10157
[tight-lio] t=1317401085.255 corr=3423 lidar=ok rms=0.0301 time=101.89 ms | v=8.147 bg=0.00122 ba=0.09839
[tight-lio] t=1317401085.359 corr=3350 lidar=ok rms=0.0333 time=100.08 ms | v=8.344 bg=0.00099 ba=0.09610
[tight-lio] t=1317401085.463 corr=3321 lidar=ok rms=0.0368 time=114.87 ms | v=8.514 bg=0.00088 ba=0.09404
[tight-lio] t=1317401085.568 corr=3576 lidar=ok rms=0.0367 time=83.62 ms | v=8.705 bg=0.00087 ba=0.09383
[tight-lio] t=1317401085.672 corr=3628 lidar=ok rms=0.0303 time=117.23 ms | v=8.893 bg=0.00105 ba=0.09482
[tight-lio] t=1317401085.776 corr=3532 lidar=ok rms=0.0521 time=139.36 ms | v=9.136 bg=0.00151 ba=0.09759
[tight-lio] t=1317401085.880 corr=3441 lidar=ok rms=0.0352 time=100.81 ms | v=9.329 bg=0.00143 ba=0.09729
[tight-lio] t=1317401085.984 corr=3429 lidar=ok rms=0.0360 time=71.93 ms | v=9.507 bg=0.00154 ba=0.09684
[tight-lio] t=1317401086.088 corr=3579 lidar=ok rms=0.0365 time=113.35 ms | v=9.679 bg=0.00159 ba=0.09630
[tight-lio] t=1317401086.192 corr=3671 lidar=ok rms=0.0260 time=105.92 ms | v=9.789 bg=0.00143 ba=0.09607
[tight-lio] t=1317401086.296 corr=3759 lidar=ok rms=0.0279 time=106.55 ms | v=9.847 bg=0.00119 ba=0.09498
[tight-lio] t=1317401086.400 corr=3666 lidar=ok rms=0.0271 time=103.75 ms | v=9.889 bg=0.00104 ba=0.09444
[tight-lio] t=1317401086.504 corr=3626 lidar=ok rms=0.0318 time=112.54 ms | v=9.929 bg=0.00087 ba=0.09583
[tight-lio] t=1317401086.608 corr=3630 lidar=ok rms=0.0321 time=104.25 ms | v=9.970 bg=0.00084 ba=0.09543
[tight-lio] t=1317401086.712 corr=3372 lidar=ok rms=0.0230 time=101.66 ms | v=10.026 bg=0.00084 ba=0.09621
[tight-lio] t=1317401086.816 corr=3468 lidar=ok rms=0.0268 time=104.21 ms | v=10.088 bg=0.00096 ba=0.09772
[tight-lio] t=1317401086.920 corr=3381 lidar=ok rms=0.0275 time=103.34 ms | v=10.158 bg=0.00115 ba=0.09893
[tight-lio] t=1317401087.024 corr=3076 lidar=ok rms=0.0265 time=97.29 ms | v=10.223 bg=0.00126 ba=0.09926
[tight-lio] t=1317401087.127 corr=3103 lidar=ok rms=0.0281 time=98.27 ms | v=10.264 bg=0.00121 ba=0.09903
[tight-lio] t=1317401087.231 corr=3126 lidar=ok rms=0.0363 time=97.51 ms | v=10.266 bg=0.00121 ba=0.10097
[tight-lio] t=1317401087.335 corr=2990 lidar=ok rms=0.0340 time=94.46 ms | v=10.301 bg=0.00125 ba=0.10151
[tight-lio] t=1317401087.439 corr=3184 lidar=ok rms=0.0264 time=98.37 ms | v=10.325 bg=0.00118 ba=0.10302
[tight-lio] t=1317401087.543 corr=3228 lidar=ok rms=0.0267 time=70.58 ms | v=10.345 bg=0.00104 ba=0.10328
[tight-lio] t=1317401087.647 corr=3183 lidar=ok rms=0.0269 time=134.42 ms | v=10.375 bg=0.00103 ba=0.10321
[tight-lio] t=1317401087.751 corr=3302 lidar=ok rms=0.0327 time=101.54 ms | v=10.400 bg=0.00104 ba=0.10687
[tight-lio] t=1317401087.855 corr=3461 lidar=ok rms=0.0294 time=75.16 ms | v=10.431 bg=0.00103 ba=0.10714
[tight-lio] t=1317401087.959 corr=3575 lidar=ok rms=0.0286 time=103.18 ms | v=10.473 bg=0.00097 ba=0.10812
[tight-lio] t=1317401088.063 corr=3837 lidar=ok rms=0.0318 time=113.18 ms | v=10.527 bg=0.00093 ba=0.10853
[tight-lio] t=1317401088.167 corr=3985 lidar=ok rms=0.0323 time=105.93 ms | v=10.585 bg=0.00107 ba=0.10867
[tight-lio] t=1317401088.271 corr=3808 lidar=ok rms=0.0396 time=104.38 ms | v=10.621 bg=0.00124 ba=0.10932
[tight-lio] t=1317401088.375 corr=3748 lidar=ok rms=0.0333 time=113.43 ms | v=10.662 bg=0.00117 ba=0.10955
[tight-lio] t=1317401088.479 corr=3680 lidar=ok rms=0.0508 time=71.08 ms | v=10.689 bg=0.00110 ba=0.10937
[tight-lio] t=1317401088.583 corr=3633 lidar=ok rms=0.0308 time=82.37 ms | v=10.720 bg=0.00109 ba=0.11004
[tight-lio] t=1317401088.687 corr=3583 lidar=ok rms=0.0394 time=107.82 ms | v=10.780 bg=0.00122 ba=0.11075
[tight-lio] t=1317401088.791 corr=3422 lidar=ok rms=0.0310 time=103.79 ms | v=10.813 bg=0.00125 ba=0.11134
[tight-lio] t=1317401088.895 corr=3360 lidar=ok rms=0.0333 time=96.74 ms | v=10.849 bg=0.00123 ba=0.11054
[tight-lio] t=1317401088.999 corr=3317 lidar=ok rms=0.0300 time=97.15 ms | v=10.875 bg=0.00115 ba=0.11004
[tight-lio] t=1317401089.103 corr=3128 lidar=ok rms=0.0317 time=67.25 ms | v=10.904 bg=0.00116 ba=0.11035
[tight-lio] t=1317401089.207 corr=3223 lidar=ok rms=0.0347 time=98.64 ms | v=10.948 bg=0.00121 ba=0.10976
[tight-lio] t=1317401089.311 corr=3175 lidar=ok rms=0.0343 time=100.12 ms | v=10.999 bg=0.00128 ba=0.11071
[tight-lio] t=1317401089.415 corr=3167 lidar=ok rms=0.0362 time=96.57 ms | v=11.045 bg=0.00134 ba=0.10986
[tight-lio] t=1317401089.519 corr=3338 lidar=ok rms=0.0349 time=99.54 ms | v=11.063 bg=0.00128 ba=0.11207
[tight-lio] t=1317401089.623 corr=3431 lidar=ok rms=0.0311 time=100.89 ms | v=11.100 bg=0.00126 ba=0.11161
[tight-lio] t=1317401089.726 corr=3669 lidar=ok rms=0.0401 time=105.00 ms | v=11.120 bg=0.00113 ba=0.11309
[tight-lio] t=1317401089.830 corr=3403 lidar=ok rms=0.0480 time=102.67 ms | v=11.173 bg=0.00111 ba=0.11150
[tight-lio] t=1317401089.934 corr=3152 lidar=ok rms=0.0328 time=98.92 ms | v=11.218 bg=0.00124 ba=0.11199
[tight-lio] t=1317401090.038 corr=3230 lidar=ok rms=0.0333 time=71.26 ms | v=11.247 bg=0.00131 ba=0.11396
[tight-lio] t=1317401090.142 corr=3337 lidar=ok rms=0.0312 time=73.15 ms | v=11.264 bg=0.00119 ba=0.11517
[tight-lio] t=1317401090.246 corr=3439 lidar=ok rms=0.0304 time=71.87 ms | v=11.301 bg=0.00122 ba=0.11541
[tight-lio] t=1317401090.349 corr=3277 lidar=ok rms=0.0320 time=97.13 ms | v=11.329 bg=0.00124 ba=0.11677
[tight-lio] t=1317401090.453 corr=3292 lidar=ok rms=0.0312 time=97.69 ms | v=11.355 bg=0.00118 ba=0.11794
[tight-lio] t=1317401090.557 corr=3137 lidar=ok rms=0.0386 time=64.35 ms | v=11.381 bg=0.00115 ba=0.11707
[tight-lio] t=1317401090.661 corr=3363 lidar=ok rms=0.0345 time=102.72 ms | v=11.412 bg=0.00115 ba=0.11732
[tight-lio] t=1317401090.764 corr=3466 lidar=ok rms=0.0412 time=76.05 ms | v=11.393 bg=0.00118 ba=0.11966
[tight-lio] t=1317401090.868 corr=3555 lidar=ok rms=0.0335 time=124.67 ms | v=11.397 bg=0.00123 ba=0.12094
[tight-lio] t=1317401090.972 corr=3531 lidar=ok rms=0.0341 time=99.71 ms | v=11.416 bg=0.00132 ba=0.12191
[tight-lio] t=1317401091.076 corr=3452 lidar=ok rms=0.0332 time=96.43 ms | v=11.429 bg=0.00136 ba=0.12305
[tight-lio] t=1317401091.179 corr=3725 lidar=ok rms=0.0306 time=113.05 ms | v=11.411 bg=0.00124 ba=0.12489
[tight-lio] t=1317401091.283 corr=3688 lidar=ok rms=0.0368 time=71.95 ms | v=11.389 bg=0.00115 ba=0.12567
[tight-lio] t=1317401091.387 corr=3490 lidar=ok rms=0.0329 time=99.85 ms | v=11.369 bg=0.00114 ba=0.12646
[tight-lio] t=1317401091.491 corr=3652 lidar=ok rms=0.0348 time=99.62 ms | v=11.356 bg=0.00117 ba=0.12825
[tight-lio] t=1317401091.594 corr=3539 lidar=ok rms=0.0344 time=95.73 ms | v=11.336 bg=0.00125 ba=0.12906
[tight-lio] t=1317401091.698 corr=3420 lidar=ok rms=0.0292 time=99.23 ms | v=11.330 bg=0.00135 ba=0.12979
[tight-lio] t=1317401091.802 corr=3584 lidar=ok rms=0.0294 time=99.71 ms | v=11.315 bg=0.00131 ba=0.13040
[tight-lio] t=1317401091.906 corr=3489 lidar=ok rms=0.0299 time=102.55 ms | v=11.302 bg=0.00123 ba=0.13077
[tight-lio] t=1317401092.009 corr=3447 lidar=ok rms=0.0289 time=105.50 ms | v=11.270 bg=0.00112 ba=0.13265
[tight-lio] t=1317401092.113 corr=3216 lidar=ok rms=0.0316 time=103.55 ms | v=11.224 bg=0.00114 ba=0.13424
[tight-lio] t=1317401092.217 corr=3189 lidar=ok rms=0.0399 time=109.72 ms | v=11.199 bg=0.00124 ba=0.13494
[tight-lio] t=1317401092.321 corr=3218 lidar=ok rms=0.0357 time=99.38 ms | v=11.174 bg=0.00131 ba=0.13500
[tight-lio] t=1317401092.425 corr=3309 lidar=ok rms=0.0444 time=98.34 ms | v=11.174 bg=0.00137 ba=0.13606
[tight-lio] t=1317401092.529 corr=3131 lidar=ok rms=0.0460 time=139.86 ms | v=11.168 bg=0.00133 ba=0.13750
[tight-lio] t=1317401092.632 corr=3167 lidar=ok rms=0.0277 time=96.06 ms | v=11.154 bg=0.00136 ba=0.13913
[tight-lio] t=1317401092.736 corr=3367 lidar=ok rms=0.0324 time=112.88 ms | v=11.148 bg=0.00127 ba=0.13887
[tight-lio] t=1317401092.840 corr=3444 lidar=ok rms=0.0316 time=64.10 ms | v=11.133 bg=0.00114 ba=0.13927
[tight-lio] t=1317401092.944 corr=3160 lidar=ok rms=0.0282 time=66.85 ms | v=11.125 bg=0.00119 ba=0.13951
[tight-lio] t=1317401093.048 corr=3271 lidar=ok rms=0.0358 time=67.63 ms | v=11.127 bg=0.00118 ba=0.13948
[tight-lio] t=1317401093.151 corr=3396 lidar=ok rms=0.0277 time=64.25 ms | v=11.139 bg=0.00128 ba=0.13895
[tight-lio] t=1317401093.255 corr=3300 lidar=ok rms=0.0333 time=96.26 ms | v=11.169 bg=0.00137 ba=0.13921
[tight-lio] t=1317401093.359 corr=3404 lidar=ok rms=0.0272 time=94.34 ms | v=11.196 bg=0.00133 ba=0.14020
[tight-lio] t=1317401093.463 corr=3475 lidar=ok rms=0.0254 time=96.17 ms | v=11.232 bg=0.00128 ba=0.14135
[tight-lio] t=1317401093.567 corr=3761 lidar=ok rms=0.0337 time=98.16 ms | v=11.280 bg=0.00133 ba=0.14078
[tight-lio] t=1317401093.671 corr=3403 lidar=ok rms=0.0265 time=96.90 ms | v=11.327 bg=0.00125 ba=0.14211
[tight-lio] t=1317401093.774 corr=3590 lidar=ok rms=0.0337 time=100.10 ms | v=11.375 bg=0.00110 ba=0.14169
[tight-lio] t=1317401093.878 corr=3608 lidar=ok rms=0.0322 time=70.38 ms | v=11.433 bg=0.00111 ba=0.14194
[tight-lio] t=1317401093.982 corr=3647 lidar=ok rms=0.0280 time=99.02 ms | v=11.498 bg=0.00119 ba=0.14305
[tight-lio] t=1317401094.086 corr=3615 lidar=ok rms=0.0474 time=99.10 ms | v=11.513 bg=0.00120 ba=0.14074
[tight-lio] t=1317401094.190 corr=3600 lidar=ok rms=0.0392 time=98.20 ms | v=11.610 bg=0.00132 ba=0.14433
[tight-lio] t=1317401094.293 corr=3921 lidar=ok rms=0.0270 time=105.10 ms | v=11.696 bg=0.00139 ba=0.14719
[tight-lio] t=1317401094.397 corr=3754 lidar=ok rms=0.0287 time=93.38 ms | v=11.764 bg=0.00125 ba=0.14909
[tight-lio] t=1317401094.501 corr=3776 lidar=ok rms=0.0337 time=101.65 ms | v=11.833 bg=0.00109 ba=0.15015
[tight-lio] t=1317401094.605 corr=3713 lidar=ok rms=0.0316 time=69.16 ms | v=11.899 bg=0.00111 ba=0.15144
[tight-lio] t=1317401094.709 corr=3891 lidar=ok rms=0.0336 time=71.84 ms | v=11.978 bg=0.00119 ba=0.15204
[tight-lio] t=1317401094.812 corr=4037 lidar=ok rms=0.0429 time=103.10 ms | v=12.058 bg=0.00134 ba=0.15384
[tight-lio] t=1317401094.916 corr=4287 lidar=ok rms=0.0336 time=112.38 ms | v=12.128 bg=0.00148 ba=0.15538
[tight-lio] t=1317401095.020 corr=4386 lidar=ok rms=0.0295 time=93.67 ms | v=12.184 bg=0.00147 ba=0.15608
[tight-lio] t=1317401095.124 corr=4539 lidar=ok rms=0.0325 time=106.75 ms | v=12.216 bg=0.00133 ba=0.15698
[tight-lio] t=1317401095.227 corr=4462 lidar=ok rms=0.0314 time=104.67 ms | v=12.230 bg=0.00124 ba=0.15609
[tight-lio] t=1317401095.331 corr=4075 lidar=ok rms=0.0402 time=102.84 ms | v=12.224 bg=0.00125 ba=0.15610
[tight-lio] t=1317401095.435 corr=4101 lidar=ok rms=0.0297 time=82.54 ms | v=12.226 bg=0.00126 ba=0.15580
[tight-lio] t=1317401095.539 corr=3919 lidar=ok rms=0.0337 time=74.76 ms | v=12.203 bg=0.00127 ba=0.15596
[tight-lio] t=1317401095.642 corr=4010 lidar=ok rms=0.0313 time=102.65 ms | v=12.210 bg=0.00135 ba=0.15601
[tight-lio] t=1317401095.746 corr=3933 lidar=ok rms=0.0311 time=103.44 ms | v=12.223 bg=0.00153 ba=0.15656
[tight-lio] t=1317401095.850 corr=4000 lidar=ok rms=0.0283 time=106.29 ms | v=12.211 bg=0.00149 ba=0.15809
[tight-lio] t=1317401095.954 corr=4035 lidar=ok rms=0.0292 time=102.73 ms | v=12.187 bg=0.00132 ba=0.15913
[tight-lio] t=1317401096.057 corr=4059 lidar=ok rms=0.0352 time=104.05 ms | v=12.162 bg=0.00132 ba=0.16018
[tight-lio] t=1317401096.161 corr=3911 lidar=ok rms=0.0422 time=103.90 ms | v=12.104 bg=0.00133 ba=0.16042
[tight-lio] t=1317401096.265 corr=3884 lidar=ok rms=0.0338 time=103.27 ms | v=12.081 bg=0.00133 ba=0.16176
[tight-lio] t=1317401096.369 corr=3830 lidar=ok rms=0.0340 time=100.35 ms | v=12.082 bg=0.00146 ba=0.16193
[tight-lio] t=1317401096.473 corr=3695 lidar=ok rms=0.0306 time=100.43 ms | v=12.064 bg=0.00153 ba=0.16330
[tight-lio] t=1317401096.576 corr=3648 lidar=ok rms=0.0348 time=101.54 ms | v=12.038 bg=0.00143 ba=0.16466
[tight-lio] t=1317401096.680 corr=3495 lidar=ok rms=0.0329 time=100.85 ms | v=12.013 bg=0.00127 ba=0.16557
[tight-lio] t=1317401096.784 corr=3531 lidar=ok rms=0.0305 time=97.67 ms | v=11.999 bg=0.00125 ba=0.16643
[tight-lio] t=1317401096.888 corr=3613 lidar=ok rms=0.0331 time=99.00 ms | v=11.986 bg=0.00132 ba=0.16710
[tight-lio] t=1317401096.991 corr=3615 lidar=ok rms=0.0363 time=99.75 ms | v=11.987 bg=0.00138 ba=0.16757
[tight-lio] t=1317401097.095 corr=3719 lidar=ok rms=0.0309 time=63.53 ms | v=11.982 bg=0.00142 ba=0.16847
[tight-lio] t=1317401097.199 corr=3780 lidar=ok rms=0.0317 time=101.86 ms | v=11.954 bg=0.00136 ba=0.16981
[tight-lio] t=1317401097.303 corr=3625 lidar=ok rms=0.0321 time=71.77 ms | v=11.947 bg=0.00139 ba=0.17055
[tight-lio] t=1317401097.406 corr=3660 lidar=ok rms=0.0379 time=74.86 ms | v=11.937 bg=0.00150 ba=0.17103
[tight-lio] t=1317401097.510 corr=3680 lidar=ok rms=0.0292 time=72.31 ms | v=11.923 bg=0.00147 ba=0.17187
[tight-lio] t=1317401097.614 corr=3809 lidar=ok rms=0.0333 time=103.07 ms | v=11.890 bg=0.00140 ba=0.17279
[tight-lio] t=1317401097.718 corr=3742 lidar=ok rms=0.0297 time=101.45 ms | v=11.886 bg=0.00145 ba=0.17384
[tight-lio] t=1317401097.821 corr=3846 lidar=ok rms=0.0352 time=99.07 ms | v=11.896 bg=0.00164 ba=0.17503
[tight-lio] t=1317401097.925 corr=4005 lidar=ok rms=0.0343 time=105.25 ms | v=11.907 bg=0.00172 ba=0.17698
[tight-lio] t=1317401098.029 corr=4009 lidar=ok rms=0.0315 time=105.37 ms | v=11.887 bg=0.00149 ba=0.17686
[tight-lio] t=1317401098.133 corr=3894 lidar=ok rms=0.0323 time=104.58 ms | v=11.866 bg=0.00128 ba=0.17747
[tight-lio] t=1317401098.237 corr=3934 lidar=ok rms=0.0328 time=92.75 ms | v=11.856 bg=0.00124 ba=0.17813
[tight-lio] t=1317401098.340 corr=3844 lidar=ok rms=0.0294 time=103.06 ms | v=11.848 bg=0.00133 ba=0.17876
[tight-lio] t=1317401098.444 corr=3973 lidar=ok rms=0.0737 time=127.94 ms | v=11.639 bg=0.00123 ba=0.18502
[tight-lio] t=1317401098.548 corr=4008 lidar=ok rms=0.0352 time=108.82 ms | v=11.660 bg=0.00122 ba=0.18581
[tight-lio] t=1317401098.652 corr=3866 lidar=ok rms=0.0348 time=103.10 ms | v=11.685 bg=0.00131 ba=0.18599
[tight-lio] t=1317401098.756 corr=3981 lidar=ok rms=0.1620 time=109.26 ms | v=11.730 bg=0.00155 ba=0.18562
[tight-lio] t=1317401098.859 corr=3890 lidar=ok rms=0.0378 time=101.43 ms | v=11.757 bg=0.00170 ba=0.18713
[tight-lio] t=1317401098.963 corr=3882 lidar=ok rms=0.0324 time=109.44 ms | v=11.775 bg=0.00156 ba=0.18693
[tight-lio] t=1317401099.067 corr=3697 lidar=ok rms=0.0298 time=100.27 ms | v=11.765 bg=0.00135 ba=0.18689
[tight-lio] t=1317401099.171 corr=3367 lidar=ok rms=0.0670 time=95.31 ms | v=11.773 bg=0.00144 ba=0.18747
[tight-lio] t=1317401099.275 corr=3451 lidar=ok rms=0.0305 time=106.42 ms | v=11.763 bg=0.00151 ba=0.18784
[tight-lio] t=1317401099.378 corr=3743 lidar=ok rms=0.0348 time=108.73 ms | v=11.662 bg=0.00138 ba=0.18834
[tight-lio] t=1317401099.482 corr=3612 lidar=ok rms=0.0289 time=92.40 ms | v=11.462 bg=0.00143 ba=0.18968
[tight-lio] t=1317401099.586 corr=3910 lidar=ok rms=0.0296 time=104.44 ms | v=11.194 bg=0.00156 ba=0.19113
[tight-lio] t=1317401099.690 corr=3952 lidar=ok rms=0.0321 time=73.40 ms | v=10.891 bg=0.00155 ba=0.19369
[tight-lio] t=1317401099.794 corr=4117 lidar=ok rms=0.0341 time=105.93 ms | v=10.593 bg=0.00153 ba=0.19464
[tight-lio] t=1317401099.897 corr=3872 lidar=ok rms=0.0272 time=95.29 ms | v=10.341 bg=0.00154 ba=0.19602
[tight-lio] t=1317401100.001 corr=3984 lidar=ok rms=0.0359 time=103.52 ms | v=10.065 bg=0.00151 ba=0.19692
[tight-lio] t=1317401100.105 corr=3870 lidar=ok rms=0.0364 time=113.05 ms | v=9.753 bg=0.00144 ba=0.19840
[tight-lio] t=1317401100.209 corr=3890 lidar=ok rms=0.0428 time=102.18 ms | v=9.400 bg=0.00149 ba=0.19767
[tight-lio] t=1317401100.313 corr=3799 lidar=ok rms=0.0395 time=103.97 ms | v=9.124 bg=0.00153 ba=0.19859
[tight-lio] t=1317401100.417 corr=3875 lidar=ok rms=0.0268 time=100.43 ms | v=8.989 bg=0.00140 ba=0.19996
[tight-lio] t=1317401100.520 corr=3989 lidar=ok rms=0.0334 time=112.65 ms | v=8.918 bg=0.00132 ba=0.20168
[tight-lio] t=1317401100.624 corr=3547 lidar=ok rms=0.0284 time=100.74 ms | v=8.875 bg=0.00126 ba=0.20303
[tight-lio] t=1317401100.728 corr=3706 lidar=ok rms=0.0331 time=103.24 ms | v=8.858 bg=0.00125 ba=0.20542
[tight-lio] t=1317401100.832 corr=3475 lidar=ok rms=0.0328 time=100.01 ms | v=8.838 bg=0.00136 ba=0.20761
[tight-lio] t=1317401100.936 corr=3552 lidar=ok rms=0.0355 time=100.43 ms | v=8.829 bg=0.00145 ba=0.20875
[tight-lio] t=1317401101.040 corr=3595 lidar=ok rms=0.0344 time=72.69 ms | v=8.818 bg=0.00148 ba=0.20797
[tight-lio] t=1317401101.143 corr=3536 lidar=ok rms=0.0412 time=99.98 ms | v=8.803 bg=0.00154 ba=0.20805
[tight-lio] t=1317401101.247 corr=3443 lidar=ok rms=0.0314 time=68.45 ms | v=8.780 bg=0.00150 ba=0.20794
[tight-lio] t=1317401101.351 corr=3613 lidar=ok rms=0.0303 time=102.25 ms | v=8.764 bg=0.00140 ba=0.20815
[tight-lio] t=1317401101.455 corr=3583 lidar=ok rms=0.0308 time=99.79 ms | v=8.739 bg=0.00141 ba=0.20914
[tight-lio] t=1317401101.559 corr=3328 lidar=ok rms=0.0294 time=98.49 ms | v=8.738 bg=0.00141 ba=0.20959
[tight-lio] t=1317401101.663 corr=3504 lidar=ok rms=0.0345 time=64.52 ms | v=8.773 bg=0.00138 ba=0.20923
[tight-lio] t=1317401101.767 corr=3430 lidar=ok rms=0.0376 time=74.25 ms | v=8.823 bg=0.00136 ba=0.20934
[tight-lio] t=1317401101.870 corr=3223 lidar=ok rms=0.0309 time=89.71 ms | v=8.859 bg=0.00138 ba=0.20979
[tight-lio] t=1317401101.974 corr=3098 lidar=ok rms=0.0305 time=100.28 ms | v=8.913 bg=0.00146 ba=0.21004
[tight-lio] t=1317401102.078 corr=3426 lidar=ok rms=0.0381 time=97.40 ms | v=8.885 bg=0.00159 ba=0.21126
[tight-lio] t=1317401102.182 corr=3113 lidar=ok rms=0.0361 time=91.50 ms | v=8.964 bg=0.00157 ba=0.21135
[tight-lio] t=1317401102.286 corr=3277 lidar=ok rms=0.0341 time=106.13 ms | v=9.043 bg=0.00140 ba=0.21116
[tight-lio] t=1317401102.390 corr=3118 lidar=ok rms=0.0471 time=95.68 ms | v=9.116 bg=0.00137 ba=0.21234
[tight-lio] t=1317401102.494 corr=3176 lidar=ok rms=0.0467 time=105.37 ms | v=9.157 bg=0.00146 ba=0.21254
[tight-lio] t=1317401102.598 corr=3021 lidar=ok rms=0.0328 time=95.66 ms | v=9.251 bg=0.00160 ba=0.21329
[tight-lio] t=1317401102.702 corr=3132 lidar=ok rms=0.0322 time=107.59 ms | v=9.342 bg=0.00151 ba=0.21337
[tight-lio] t=1317401102.806 corr=3082 lidar=ok rms=0.0347 time=97.39 ms | v=9.421 bg=0.00156 ba=0.21449
[tight-lio] t=1317401102.910 corr=3002 lidar=ok rms=0.0317 time=95.13 ms | v=9.526 bg=0.00170 ba=0.21523
[tight-lio] t=1317401103.014 corr=2937 lidar=ok rms=0.0289 time=94.45 ms | v=9.607 bg=0.00167 ba=0.21690
[tight-lio] t=1317401103.117 corr=3057 lidar=ok rms=0.0289 time=93.76 ms | v=9.688 bg=0.00155 ba=0.21962
[tight-lio] t=1317401103.221 corr=3309 lidar=ok rms=0.0365 time=97.05 ms | v=9.744 bg=0.00150 ba=0.22141
[tight-lio] t=1317401103.325 corr=3027 lidar=ok rms=0.0309 time=92.53 ms | v=9.832 bg=0.00154 ba=0.22236
[tight-lio] t=1317401103.429 corr=2975 lidar=ok rms=0.0259 time=70.97 ms | v=9.906 bg=0.00150 ba=0.22270
[tight-lio] t=1317401103.533 corr=2986 lidar=ok rms=0.0280 time=66.51 ms | v=9.973 bg=0.00139 ba=0.22372
[tight-lio] t=1317401103.637 corr=3014 lidar=ok rms=0.0243 time=69.37 ms | v=10.035 bg=0.00133 ba=0.22459
[tight-lio] t=1317401103.741 corr=3165 lidar=ok rms=0.0444 time=110.77 ms | v=10.023 bg=0.00133 ba=0.21910
[tight-lio] t=1317401103.845 corr=3114 lidar=ok rms=0.0459 time=99.21 ms | v=10.054 bg=0.00147 ba=0.21788
[tight-lio] t=1317401103.949 corr=3210 lidar=ok rms=0.0325 time=99.39 ms | v=10.145 bg=0.00147 ba=0.22084
[tight-lio] t=1317401104.052 corr=2997 lidar=ok rms=0.0355 time=104.62 ms | v=10.251 bg=0.00135 ba=0.22267
[tight-lio] t=1317401104.156 corr=3149 lidar=ok rms=0.0287 time=97.50 ms | v=10.328 bg=0.00127 ba=0.22391
[tight-lio] t=1317401104.260 corr=3086 lidar=ok rms=0.0295 time=90.87 ms | v=10.418 bg=0.00127 ba=0.22506
[tight-lio] t=1317401104.364 corr=2916 lidar=ok rms=0.0298 time=94.90 ms | v=10.507 bg=0.00132 ba=0.22740
[tight-lio] t=1317401104.468 corr=2968 lidar=ok rms=0.0266 time=67.69 ms | v=10.594 bg=0.00133 ba=0.22917
[tight-lio] t=1317401104.572 corr=2937 lidar=ok rms=0.0339 time=97.98 ms | v=10.586 bg=0.00137 ba=0.23649
[tight-lio] t=1317401104.675 corr=2902 lidar=ok rms=0.0274 time=66.73 ms | v=10.680 bg=0.00139 ba=0.23764
[tight-lio] t=1317401104.779 corr=2954 lidar=ok rms=0.0282 time=96.32 ms | v=10.745 bg=0.00144 ba=0.24084
[tight-lio] t=1317401104.883 corr=2772 lidar=ok rms=0.0249 time=85.54 ms | v=10.837 bg=0.00143 ba=0.24174
[tight-lio] t=1317401104.987 corr=2798 lidar=ok rms=0.0235 time=67.26 ms | v=10.927 bg=0.00146 ba=0.24316
[tight-lio] t=1317401105.091 corr=2661 lidar=ok rms=0.0320 time=92.20 ms | v=10.993 bg=0.00139 ba=0.24655
[tight-lio] t=1317401105.194 corr=2820 lidar=ok rms=0.0246 time=91.36 ms | v=11.078 bg=0.00130 ba=0.24831
[tight-lio] t=1317401105.298 corr=3135 lidar=ok rms=0.0360 time=97.22 ms | v=11.112 bg=0.00120 ba=0.25472
[tight-lio] t=1317401105.402 corr=3052 lidar=ok rms=0.0293 time=72.12 ms | v=11.214 bg=0.00117 ba=0.25288
[tight-lio] t=1317401105.506 corr=3126 lidar=ok rms=0.0295 time=96.86 ms | v=11.281 bg=0.00127 ba=0.25523
[tight-lio] t=1317401105.609 corr=3164 lidar=ok rms=0.0488 time=98.56 ms | v=11.365 bg=0.00142 ba=0.25591
[tight-lio] t=1317401105.713 corr=2951 lidar=ok rms=0.0320 time=61.87 ms | v=11.464 bg=0.00156 ba=0.25560
[tight-lio] t=1317401105.817 corr=2893 lidar=ok rms=0.0263 time=89.85 ms | v=11.547 bg=0.00153 ba=0.25547
[tight-lio] t=1317401105.921 corr=2767 lidar=ok rms=0.0277 time=90.74 ms | v=11.619 bg=0.00140 ba=0.25529
[tight-lio] t=1317401106.024 corr=2911 lidar=ok rms=0.0309 time=67.21 ms | v=11.695 bg=0.00145 ba=0.25613
[tight-lio] t=1317401106.128 corr=3130 lidar=ok rms=0.0332 time=65.74 ms | v=11.779 bg=0.00147 ba=0.25650
[tight-lio] t=1317401106.232 corr=2985 lidar=ok rms=0.0275 time=84.08 ms | v=11.851 bg=0.00141 ba=0.25736
[tight-lio] t=1317401106.336 corr=3146 lidar=ok rms=0.0273 time=93.74 ms | v=11.938 bg=0.00135 ba=0.25655
[tight-lio] t=1317401106.439 corr=3057 lidar=ok rms=0.0280 time=84.84 ms | v=12.011 bg=0.00141 ba=0.25774
[tight-lio] t=1317401106.543 corr=3117 lidar=ok rms=0.0255 time=93.74 ms | v=12.089 bg=0.00144 ba=0.25902
[tight-lio] t=1317401106.647 corr=3036 lidar=ok rms=0.0287 time=91.96 ms | v=12.155 bg=0.00143 ba=0.25872
[tight-lio] t=1317401106.751 corr=3229 lidar=ok rms=0.0312 time=67.02 ms | v=12.208 bg=0.00145 ba=0.25922
[tight-lio] t=1317401106.855 corr=3066 lidar=ok rms=0.0295 time=92.80 ms | v=12.255 bg=0.00148 ba=0.25928
[tight-lio] t=1317401106.958 corr=3310 lidar=ok rms=0.0445 time=95.11 ms | v=12.181 bg=0.00145 ba=0.26359
[tight-lio] t=1317401107.062 corr=3525 lidar=ok rms=0.0416 time=98.13 ms | v=12.207 bg=0.00144 ba=0.26435
[tight-lio] t=1317401107.166 corr=3132 lidar=ok rms=0.0311 time=90.14 ms | v=12.206 bg=0.00144 ba=0.26556
[tight-lio] t=1317401107.270 corr=3271 lidar=ok rms=0.0406 time=99.20 ms | v=12.133 bg=0.00138 ba=0.26687
[tight-lio] t=1317401107.374 corr=3259 lidar=ok rms=0.0309 time=92.06 ms | v=12.143 bg=0.00139 ba=0.26764
[tight-lio] t=1317401107.477 corr=2974 lidar=ok rms=0.0286 time=94.22 ms | v=12.158 bg=0.00142 ba=0.26842
[tight-lio] t=1317401107.581 corr=3279 lidar=ok rms=0.0350 time=89.13 ms | v=12.150 bg=0.00144 ba=0.26891
[tight-lio] t=1317401107.685 corr=3163 lidar=ok rms=0.0420 time=96.31 ms | v=12.140 bg=0.00144 ba=0.27232
[tight-lio] t=1317401107.789 corr=3434 lidar=ok rms=0.0329 time=99.61 ms | v=12.121 bg=0.00146 ba=0.27434
[tight-lio] t=1317401107.893 corr=3331 lidar=ok rms=0.0375 time=98.31 ms | v=12.108 bg=0.00149 ba=0.27363
[tight-lio] t=1317401107.997 corr=3385 lidar=ok rms=0.0360 time=69.94 ms | v=12.098 bg=0.00158 ba=0.27370
[tight-lio] t=1317401108.100 corr=3373 lidar=ok rms=0.0304 time=72.16 ms | v=12.093 bg=0.00163 ba=0.27383
[tight-lio] t=1317401108.204 corr=3415 lidar=ok rms=0.0321 time=97.53 ms | v=12.081 bg=0.00156 ba=0.27447
[tight-lio] t=1317401108.308 corr=3553 lidar=ok rms=0.0304 time=97.99 ms | v=12.049 bg=0.00139 ba=0.27657
[tight-lio] t=1317401108.412 corr=3356 lidar=ok rms=0.0314 time=94.82 ms | v=12.041 bg=0.00138 ba=0.27711
[tight-lio] t=1317401108.515 corr=3496 lidar=ok rms=0.0340 time=98.63 ms | v=12.008 bg=0.00157 ba=0.28036
[tight-lio] t=1317401108.619 corr=3368 lidar=ok rms=0.0318 time=96.77 ms | v=11.987 bg=0.00168 ba=0.28337
[tight-lio] t=1317401108.723 corr=3526 lidar=ok rms=0.0458 time=96.52 ms | v=11.971 bg=0.00138 ba=0.28352
[tight-lio] t=1317401108.827 corr=3526 lidar=ok rms=0.0340 time=97.07 ms | v=11.948 bg=0.00119 ba=0.28356
[tight-lio] t=1317401108.930 corr=3341 lidar=ok rms=0.0535 time=95.50 ms | v=11.937 bg=0.00126 ba=0.28395
[tight-lio] t=1317401109.034 corr=3364 lidar=ok rms=0.0311 time=98.68 ms | v=11.928 bg=0.00144 ba=0.28463
[tight-lio] t=1317401109.138 corr=3558 lidar=ok rms=0.0417 time=130.46 ms | v=11.894 bg=0.00153 ba=0.28808
[tight-lio] t=1317401109.242 corr=3658 lidar=ok rms=0.0304 time=101.63 ms | v=11.910 bg=0.00156 ba=0.28769
[tight-lio] t=1317401109.345 corr=3985 lidar=ok rms=0.0347 time=108.60 ms | v=11.884 bg=0.00157 ba=0.29043
[tight-lio] t=1317401109.449 corr=4041 lidar=ok rms=0.0284 time=93.54 ms | v=11.893 bg=0.00154 ba=0.29063
[tight-lio] t=1317401109.553 corr=3950 lidar=ok rms=0.0295 time=104.63 ms | v=11.882 bg=0.00150 ba=0.29212
[tight-lio] t=1317401109.657 corr=3907 lidar=ok rms=0.0265 time=105.44 ms | v=11.879 bg=0.00144 ba=0.29223
[tight-lio] t=1317401109.760 corr=3877 lidar=ok rms=0.0274 time=93.98 ms | v=11.879 bg=0.00141 ba=0.29314
[tight-lio] t=1317401109.864 corr=3767 lidar=ok rms=0.0306 time=66.01 ms | v=11.882 bg=0.00141 ba=0.29399
[tight-lio] t=1317401109.968 corr=3772 lidar=ok rms=0.0281 time=103.48 ms | v=11.880 bg=0.00145 ba=0.29507
[tight-lio] t=1317401110.072 corr=3925 lidar=ok rms=0.0277 time=73.33 ms | v=11.882 bg=0.00147 ba=0.29575
[tight-lio] t=1317401110.175 corr=3773 lidar=ok rms=0.0274 time=101.08 ms | v=11.884 bg=0.00150 ba=0.29692
[tight-lio] t=1317401110.279 corr=3851 lidar=ok rms=0.0309 time=111.98 ms | v=11.894 bg=0.00149 ba=0.29750
[tight-lio] t=1317401110.383 corr=3702 lidar=ok rms=0.0280 time=74.10 ms | v=11.900 bg=0.00144 ba=0.29783
[tight-lio] t=1317401110.486 corr=3819 lidar=ok rms=0.0270 time=102.30 ms | v=11.911 bg=0.00139 ba=0.29838
[tight-lio] t=1317401110.590 corr=3523 lidar=ok rms=0.0293 time=101.21 ms | v=11.920 bg=0.00138 ba=0.29959
[tight-lio] t=1317401110.694 corr=3227 lidar=ok rms=0.0267 time=95.61 ms | v=11.929 bg=0.00143 ba=0.30111
[tight-lio] t=1317401110.798 corr=3499 lidar=ok rms=0.0266 time=102.07 ms | v=11.948 bg=0.00153 ba=0.30168
[tight-lio] t=1317401110.902 corr=3661 lidar=ok rms=0.0356 time=100.49 ms | v=11.869 bg=0.00152 ba=0.30817
[tight-lio] t=1317401111.005 corr=3511 lidar=ok rms=0.0307 time=88.71 ms | v=11.898 bg=0.00150 ba=0.30772
[tight-lio] t=1317401111.109 corr=3418 lidar=ok rms=0.0266 time=100.80 ms | v=11.929 bg=0.00148 ba=0.30727
[tight-lio] t=1317401111.213 corr=3504 lidar=ok rms=0.0288 time=102.47 ms | v=11.957 bg=0.00140 ba=0.30657
[tight-lio] t=1317401111.316 corr=3377 lidar=ok rms=0.0265 time=68.91 ms | v=11.981 bg=0.00138 ba=0.30709
[tight-lio] t=1317401111.420 corr=3444 lidar=ok rms=0.0356 time=102.40 ms | v=11.999 bg=0.00147 ba=0.31015
[tight-lio] t=1317401111.524 corr=3427 lidar=ok rms=0.0358 time=101.34 ms | v=11.952 bg=0.00158 ba=0.31854
[tight-lio] t=1317401111.628 corr=3389 lidar=ok rms=0.0279 time=104.93 ms | v=11.992 bg=0.00154 ba=0.31661
[tight-lio] t=1317401111.732 corr=3469 lidar=ok rms=0.0268 time=101.76 ms | v=11.985 bg=0.00145 ba=0.31843
[tight-lio] t=1317401111.835 corr=3580 lidar=ok rms=0.0260 time=100.64 ms | v=12.017 bg=0.00144 ba=0.31808
[tight-lio] t=1317401111.939 corr=3858 lidar=ok rms=0.0405 time=107.98 ms | v=11.917 bg=0.00144 ba=0.32566
[tight-lio] t=1317401112.043 corr=3660 lidar=ok rms=0.0293 time=98.48 ms | v=11.958 bg=0.00147 ba=0.32521
[tight-lio] t=1317401112.147 corr=3872 lidar=ok rms=0.0299 time=72.32 ms | v=11.999 bg=0.00152 ba=0.32525
[tight-lio] t=1317401112.250 corr=3654 lidar=ok rms=0.0301 time=101.13 ms | v=12.046 bg=0.00153 ba=0.32406
[tight-lio] t=1317401112.354 corr=3485 lidar=ok rms=0.0298 time=100.76 ms | v=12.079 bg=0.00154 ba=0.32376
[tight-lio] t=1317401112.458 corr=3616 lidar=ok rms=0.0471 time=73.32 ms | v=12.106 bg=0.00150 ba=0.32443
[tight-lio] t=1317401112.562 corr=3331 lidar=ok rms=0.0277 time=69.23 ms | v=12.134 bg=0.00147 ba=0.32408
[tight-lio] t=1317401112.665 corr=3430 lidar=ok rms=0.0300 time=97.71 ms | v=12.165 bg=0.00154 ba=0.32485
[tight-lio] t=1317401112.769 corr=3448 lidar=ok rms=0.0282 time=98.67 ms | v=12.188 bg=0.00159 ba=0.32647
[tight-lio] t=1317401112.873 corr=3375 lidar=ok rms=0.0553 time=73.44 ms | v=12.219 bg=0.00155 ba=0.32544
[tight-lio] t=1317401112.977 corr=3269 lidar=ok rms=0.0274 time=98.90 ms | v=12.239 bg=0.00159 ba=0.32619
[tight-lio] t=1317401113.080 corr=3314 lidar=ok rms=0.0318 time=69.91 ms | v=12.263 bg=0.00163 ba=0.32677
[tight-lio] t=1317401113.184 corr=3315 lidar=ok rms=0.0294 time=97.86 ms | v=12.270 bg=0.00168 ba=0.32809
[tight-lio] t=1317401113.288 corr=3372 lidar=ok rms=0.0299 time=97.42 ms | v=12.285 bg=0.00160 ba=0.32820
[tight-lio] t=1317401113.392 corr=3663 lidar=ok rms=0.0343 time=101.63 ms | v=12.250 bg=0.00159 ba=0.33154
[tight-lio] t=1317401113.495 corr=3508 lidar=ok rms=0.0289 time=68.12 ms | v=12.263 bg=0.00161 ba=0.33136
[tight-lio] t=1317401113.599 corr=3632 lidar=ok rms=0.0298 time=100.59 ms | v=12.253 bg=0.00147 ba=0.33167
[tight-lio] t=1317401113.703 corr=4357 lidar=ok rms=0.0365 time=122.32 ms | v=12.211 bg=0.00123 ba=0.33183
[tight-lio] t=1317401113.807 corr=4288 lidar=ok rms=0.0317 time=103.08 ms | v=12.176 bg=0.00122 ba=0.33379
[tight-lio] t=1317401113.910 corr=4057 lidar=ok rms=0.0373 time=113.92 ms | v=12.164 bg=0.00144 ba=0.33549
[tight-lio] t=1317401114.014 corr=4002 lidar=ok rms=0.0313 time=103.23 ms | v=12.148 bg=0.00160 ba=0.33682
[tight-lio] t=1317401114.118 corr=4457 lidar=ok rms=0.0358 time=108.52 ms | v=12.077 bg=0.00153 ba=0.33954
[tight-lio] t=1317401114.222 corr=4090 lidar=ok rms=0.0312 time=93.90 ms | v=12.040 bg=0.00163 ba=0.34049
[tight-lio] t=1317401114.325 corr=3789 lidar=ok rms=0.0347 time=102.16 ms | v=11.900 bg=0.00163 ba=0.34813
[tight-lio] t=1317401114.429 corr=3697 lidar=ok rms=0.0330 time=99.60 ms | v=11.783 bg=0.00159 ba=0.35254
[tight-lio] t=1317401114.533 corr=3656 lidar=ok rms=0.0499 time=101.27 ms | v=11.669 bg=0.00153 ba=0.35487
[tight-lio] t=1317401114.637 corr=3418 lidar=ok rms=0.0298 time=67.62 ms | v=11.578 bg=0.00142 ba=0.35449
[tight-lio] t=1317401114.740 corr=3166 lidar=ok rms=0.0400 time=74.98 ms | v=11.455 bg=0.00137 ba=0.35518
[tight-lio] t=1317401114.844 corr=3051 lidar=ok rms=0.0251 time=91.63 ms | v=11.340 bg=0.00149 ba=0.35566
[tight-lio] t=1317401114.948 corr=2989 lidar=ok rms=0.0270 time=96.00 ms | v=11.196 bg=0.00161 ba=0.35826
[tight-lio] t=1317401115.052 corr=3153 lidar=ok rms=0.0234 time=71.85 ms | v=11.038 bg=0.00163 ba=0.35924
[tight-lio] t=1317401115.155 corr=3201 lidar=ok rms=0.0227 time=68.42 ms | v=10.865 bg=0.00165 ba=0.36079
[tight-lio] t=1317401115.259 corr=3163 lidar=ok rms=0.0235 time=101.85 ms | v=10.693 bg=0.00168 ba=0.36240
[tight-lio] t=1317401115.363 corr=3114 lidar=ok rms=0.0187 time=97.13 ms | v=10.549 bg=0.00162 ba=0.36259
[tight-lio] t=1317401115.467 corr=3442 lidar=ok rms=0.0298 time=101.03 ms | v=10.398 bg=0.00132 ba=0.36362
[tight-lio] t=1317401115.570 corr=3254 lidar=ok rms=0.0325 time=96.98 ms | v=10.288 bg=0.00099 ba=0.36286
[tight-lio] t=1317401115.674 corr=3598 lidar=ok rms=0.0337 time=111.73 ms | v=10.140 bg=0.00099 ba=0.36954
[tight-lio] t=1317401115.778 corr=3372 lidar=ok rms=0.0256 time=165.05 ms | v=10.097 bg=0.00125 ba=0.36841
[tight-lio] t=1317401115.882 corr=3624 lidar=ok rms=0.0344 time=102.70 ms | v=10.047 bg=0.00157 ba=0.37083
[tight-lio] t=1317401115.985 corr=3556 lidar=ok rms=0.0336 time=101.75 ms | v=9.978 bg=0.00177 ba=0.37195
[tight-lio] t=1317401116.089 corr=3403 lidar=ok rms=0.0325 time=164.08 ms | v=9.901 bg=0.00174 ba=0.37167
[tight-lio] t=1317401116.193 corr=3540 lidar=ok rms=0.0274 time=94.93 ms | v=9.769 bg=0.00163 ba=0.37289
[tight-lio] t=1317401116.297 corr=3833 lidar=ok rms=0.0298 time=114.55 ms | v=9.592 bg=0.00161 ba=0.37579
[tight-lio] t=1317401116.401 corr=3779 lidar=ok rms=0.0306 time=98.79 ms | v=9.419 bg=0.00154 ba=0.37562
[tight-lio] t=1317401116.504 corr=3529 lidar=ok rms=0.0242 time=100.73 ms | v=9.207 bg=0.00146 ba=0.37650
[tight-lio] t=1317401116.608 corr=3667 lidar=ok rms=0.0229 time=72.44 ms | v=8.983 bg=0.00142 ba=0.37768
[tight-lio] t=1317401116.712 corr=3900 lidar=ok rms=0.0279 time=74.37 ms | v=8.763 bg=0.00144 ba=0.37768
[tight-lio] t=1317401116.816 corr=3883 lidar=ok rms=0.0328 time=74.87 ms | v=8.511 bg=0.00147 ba=0.37879
[tight-lio] t=1317401116.920 corr=4243 lidar=ok rms=0.0275 time=78.93 ms | v=8.236 bg=0.00154 ba=0.38068
[tight-lio] t=1317401117.024 corr=3999 lidar=ok rms=0.0327 time=104.60 ms | v=7.961 bg=0.00169 ba=0.38154
[tight-lio] t=1317401117.128 corr=4142 lidar=ok rms=0.0264 time=101.85 ms | v=7.689 bg=0.00194 ba=0.38198
[tight-lio] t=1317401117.232 corr=4316 lidar=ok rms=0.0260 time=108.90 ms | v=7.389 bg=0.00218 ba=0.38409
[tight-lio] t=1317401117.336 corr=4315 lidar=ok rms=0.0276 time=109.34 ms | v=7.098 bg=0.00240 ba=0.38492
[tight-lio] t=1317401117.440 corr=4084 lidar=ok rms=0.0303 time=106.54 ms | v=6.829 bg=0.00258 ba=0.38598
[tight-lio] t=1317401117.545 corr=4134 lidar=ok rms=0.0285 time=107.35 ms | v=6.606 bg=0.00274 ba=0.38693
[tight-lio] t=1317401117.649 corr=4469 lidar=ok rms=0.0633 time=77.88 ms | v=6.428 bg=0.00289 ba=0.38670
[tight-lio] t=1317401117.753 corr=4121 lidar=ok rms=0.0267 time=108.39 ms | v=6.233 bg=0.00298 ba=0.38789
[tight-lio] t=1317401117.858 corr=3921 lidar=ok rms=0.0363 time=105.89 ms | v=6.056 bg=0.00304 ba=0.38881
[tight-lio] t=1317401117.962 corr=3979 lidar=ok rms=0.0266 time=111.19 ms | v=5.931 bg=0.00309 ba=0.38905
[tight-lio] t=1317401118.066 corr=4026 lidar=ok rms=0.0273 time=76.91 ms | v=5.868 bg=0.00318 ba=0.38991
[tight-lio] t=1317401118.171 corr=3959 lidar=ok rms=0.0228 time=73.77 ms | v=5.841 bg=0.00329 ba=0.39001
[tight-lio] t=1317401118.275 corr=4061 lidar=ok rms=0.0282 time=76.68 ms | v=5.824 bg=0.00342 ba=0.38878
[tight-lio] t=1317401118.379 corr=3945 lidar=ok rms=0.0266 time=107.03 ms | v=5.812 bg=0.00341 ba=0.38763
[tight-lio] t=1317401118.483 corr=3889 lidar=ok rms=0.0255 time=111.05 ms | v=5.776 bg=0.00334 ba=0.38677
[tight-lio] t=1317401118.588 corr=3695 lidar=ok rms=0.0260 time=74.47 ms | v=5.756 bg=0.00322 ba=0.38741
[tight-lio] t=1317401118.692 corr=3642 lidar=ok rms=0.0275 time=138.80 ms | v=5.745 bg=0.00321 ba=0.38794
[tight-lio] t=1317401118.796 corr=3607 lidar=ok rms=0.0256 time=144.62 ms | v=5.740 bg=0.00320 ba=0.38901
[tight-lio] t=1317401118.900 corr=3628 lidar=ok rms=0.0288 time=106.07 ms | v=5.775 bg=0.00319 ba=0.38929
[tight-lio] t=1317401119.004 corr=3556 lidar=ok rms=0.0303 time=100.63 ms | v=5.821 bg=0.00307 ba=0.39000
[tight-lio] t=1317401119.108 corr=3488 lidar=ok rms=0.0262 time=73.33 ms | v=5.883 bg=0.00290 ba=0.39091
[tight-lio] t=1317401119.212 corr=3458 lidar=ok rms=0.0223 time=103.02 ms | v=5.954 bg=0.00281 ba=0.39258
[tight-lio] t=1317401119.317 corr=3373 lidar=ok rms=0.0262 time=102.83 ms | v=6.046 bg=0.00272 ba=0.39218
[tight-lio] t=1317401119.421 corr=3412 lidar=ok rms=0.0258 time=110.58 ms | v=6.115 bg=0.00260 ba=0.39315
[tight-lio] t=1317401119.525 corr=3262 lidar=ok rms=0.0265 time=101.83 ms | v=6.195 bg=0.00242 ba=0.39345
[tight-lio] t=1317401119.629 corr=3206 lidar=ok rms=0.0313 time=97.80 ms | v=6.301 bg=0.00236 ba=0.39382
[tight-lio] t=1317401119.733 corr=3099 lidar=ok rms=0.0280 time=101.08 ms | v=6.415 bg=0.00217 ba=0.39417
[tight-lio] t=1317401119.836 corr=2926 lidar=ok rms=0.0268 time=100.47 ms | v=6.534 bg=0.00209 ba=0.39395
[tight-lio] t=1317401119.940 corr=2851 lidar=ok rms=0.0251 time=99.13 ms | v=6.689 bg=0.00217 ba=0.39227
[tight-lio] t=1317401120.044 corr=3110 lidar=ok rms=0.0416 time=101.64 ms | v=6.849 bg=0.00213 ba=0.39040
[tight-lio] t=1317401120.148 corr=2855 lidar=ok rms=0.0293 time=97.64 ms | v=6.985 bg=0.00197 ba=0.39031
[tight-lio] t=1317401120.252 corr=2919 lidar=ok rms=0.0244 time=74.47 ms | v=7.114 bg=0.00179 ba=0.39000
[tight-lio] t=1317401120.356 corr=2838 lidar=ok rms=0.0274 time=68.66 ms | v=7.262 bg=0.00168 ba=0.38933
[tight-lio] t=1317401120.460 corr=2903 lidar=ok rms=0.0367 time=79.11 ms | v=7.406 bg=0.00146 ba=0.38773
[tight-lio] t=1317401120.563 corr=2926 lidar=ok rms=0.0368 time=99.35 ms | v=7.567 bg=0.00141 ba=0.38666
[tight-lio] t=1317401120.667 corr=2916 lidar=ok rms=0.0364 time=68.77 ms | v=7.744 bg=0.00146 ba=0.38378
[tight-lio] t=1317401120.771 corr=2875 lidar=ok rms=0.0329 time=105.78 ms | v=7.936 bg=0.00145 ba=0.37890
[tight-lio] t=1317401120.874 corr=3069 lidar=ok rms=0.0267 time=103.21 ms | v=8.096 bg=0.00143 ba=0.37769
[tight-lio] t=1317401120.978 corr=2898 lidar=ok rms=0.0325 time=106.81 ms | v=8.256 bg=0.00140 ba=0.37536
[tight-lio] t=1317401121.082 corr=2892 lidar=ok rms=0.0282 time=105.83 ms | v=8.416 bg=0.00141 ba=0.37384
[tight-lio] t=1317401121.185 corr=2855 lidar=ok rms=0.0422 time=94.71 ms | v=8.573 bg=0.00141 ba=0.37052
[tight-lio] t=1317401121.289 corr=2894 lidar=ok rms=0.0333 time=96.74 ms | v=8.713 bg=0.00140 ba=0.36981
[tight-lio] t=1317401121.393 corr=2960 lidar=ok rms=0.0386 time=96.91 ms | v=8.847 bg=0.00141 ba=0.36867
[tight-lio] t=1317401121.496 corr=3054 lidar=ok rms=0.0402 time=95.45 ms | v=8.988 bg=0.00139 ba=0.36678
[tight-lio] t=1317401121.600 corr=2673 lidar=ok rms=0.0341 time=92.30 ms | v=9.145 bg=0.00139 ba=0.36396
[tight-lio] t=1317401121.704 corr=2730 lidar=ok rms=0.0369 time=90.61 ms | v=9.292 bg=0.00143 ba=0.36160
[tight-lio] t=1317401121.808 corr=2404 lidar=ok rms=0.0327 time=86.48 ms | v=9.447 bg=0.00149 ba=0.36015
[tight-lio] t=1317401121.911 corr=2691 lidar=ok rms=0.0446 time=92.14 ms | v=9.600 bg=0.00160 ba=0.35663
[tight-lio] t=1317401122.015 corr=2637 lidar=ok rms=0.0425 time=64.28 ms | v=9.744 bg=0.00165 ba=0.35344
[tight-lio] t=1317401122.119 corr=2631 lidar=ok rms=0.0693 time=65.44 ms | v=9.839 bg=0.00168 ba=0.35198
[tight-lio] t=1317401122.223 corr=2702 lidar=ok rms=0.0342 time=89.88 ms | v=9.865 bg=0.00167 ba=0.35163
[tight-lio] t=1317401122.326 corr=2787 lidar=ok rms=0.0331 time=67.34 ms | v=9.846 bg=0.00159 ba=0.35309
[tight-lio] t=1317401122.430 corr=2642 lidar=ok rms=0.0323 time=65.37 ms | v=9.833 bg=0.00152 ba=0.35340
[tight-lio] t=1317401122.534 corr=2649 lidar=ok rms=0.0306 time=87.71 ms | v=9.818 bg=0.00153 ba=0.35363
[tight-lio] t=1317401122.638 corr=2500 lidar=ok rms=0.0315 time=89.37 ms | v=9.793 bg=0.00149 ba=0.35545
[tight-lio] t=1317401122.742 corr=2482 lidar=ok rms=0.0311 time=63.51 ms | v=9.802 bg=0.00149 ba=0.35487
[tight-lio] t=1317401122.845 corr=2268 lidar=ok rms=0.0313 time=85.98 ms | v=9.798 bg=0.00150 ba=0.35540
[tight-lio] t=1317401122.949 corr=2312 lidar=ok rms=0.0339 time=62.33 ms | v=9.799 bg=0.00152 ba=0.35473
[tight-lio] t=1317401123.053 corr=2172 lidar=ok rms=0.0311 time=93.18 ms | v=9.789 bg=0.00158 ba=0.35407
[tight-lio] t=1317401123.157 corr=2381 lidar=ok rms=0.0316 time=86.86 ms | v=9.772 bg=0.00155 ba=0.35396
[tight-lio] t=1317401123.261 corr=2293 lidar=ok rms=0.0306 time=84.93 ms | v=9.749 bg=0.00151 ba=0.35356
[tight-lio] t=1317401123.365 corr=2330 lidar=ok rms=0.0309 time=81.56 ms | v=9.692 bg=0.00143 ba=0.35588
[tight-lio] t=1317401123.468 corr=2709 lidar=ok rms=0.0312 time=85.64 ms | v=9.640 bg=0.00148 ba=0.35740
[tight-lio] t=1317401123.572 corr=2478 lidar=ok rms=0.0329 time=78.64 ms | v=9.602 bg=0.00152 ba=0.35743
[tight-lio] t=1317401123.676 corr=2168 lidar=ok rms=0.0356 time=90.59 ms | v=9.563 bg=0.00157 ba=0.35600
[tight-lio] t=1317401123.780 corr=2758 lidar=ok rms=0.0302 time=87.58 ms | v=9.504 bg=0.00152 ba=0.35537
[tight-lio] t=1317401123.884 corr=2966 lidar=ok rms=0.0301 time=86.44 ms | v=9.417 bg=0.00150 ba=0.35599
[tight-lio] t=1317401123.987 corr=2566 lidar=ok rms=0.0305 time=81.83 ms | v=9.333 bg=0.00152 ba=0.35546
[tight-lio] t=1317401124.091 corr=2260 lidar=ok rms=0.0298 time=80.55 ms | v=9.227 bg=0.00150 ba=0.35560
[tight-lio] t=1317401124.195 corr=2148 lidar=ok rms=0.0313 time=75.54 ms | v=9.093 bg=0.00148 ba=0.35712
[tight-lio] t=1317401124.299 corr=2188 lidar=ok rms=0.0352 time=85.98 ms | v=8.942 bg=0.00143 ba=0.35993
[tight-lio] t=1317401124.402 corr=2224 lidar=ok rms=0.0492 time=58.29 ms | v=8.843 bg=0.00140 ba=0.35875
[tight-lio] t=1317401124.506 corr=2308 lidar=ok rms=0.0338 time=82.10 ms | v=8.755 bg=0.00139 ba=0.35806
[tight-lio] t=1317401124.610 corr=2274 lidar=ok rms=0.0319 time=60.68 ms | v=8.663 bg=0.00146 ba=0.35897
[tight-lio] t=1317401124.714 corr=2401 lidar=ok rms=0.0354 time=84.68 ms | v=8.584 bg=0.00150 ba=0.35908
[tight-lio] t=1317401124.818 corr=2297 lidar=ok rms=0.0275 time=65.44 ms | v=8.492 bg=0.00147 ba=0.35924
[tight-lio] t=1317401124.922 corr=2446 lidar=ok rms=0.0336 time=84.29 ms | v=8.378 bg=0.00143 ba=0.36011
[tight-lio] t=1317401125.026 corr=2582 lidar=ok rms=0.0338 time=85.38 ms | v=8.246 bg=0.00138 ba=0.36129
[tight-lio] t=1317401125.129 corr=2568 lidar=ok rms=0.0400 time=87.27 ms | v=8.089 bg=0.00140 ba=0.36384
[tight-lio] t=1317401125.233 corr=2509 lidar=ok rms=0.0301 time=88.91 ms | v=7.942 bg=0.00138 ba=0.36536
[tight-lio] t=1317401125.337 corr=2415 lidar=ok rms=0.0323 time=87.11 ms | v=7.810 bg=0.00131 ba=0.36679
[tight-lio] t=1317401125.441 corr=2405 lidar=ok rms=0.0278 time=63.51 ms | v=7.681 bg=0.00128 ba=0.36879
[tight-lio] t=1317401125.545 corr=2418 lidar=ok rms=0.0351 time=85.73 ms | v=7.560 bg=0.00127 ba=0.37136
[tight-lio] t=1317401125.649 corr=2474 lidar=ok rms=0.0325 time=86.83 ms | v=7.450 bg=0.00132 ba=0.37214
[tight-lio] t=1317401125.754 corr=2370 lidar=ok rms=0.0355 time=66.00 ms | v=7.338 bg=0.00147 ba=0.37312
[tight-lio] t=1317401125.858 corr=2469 lidar=ok rms=0.0434 time=87.00 ms | v=7.200 bg=0.00154 ba=0.37499
[tight-lio] t=1317401125.962 corr=2493 lidar=ok rms=0.0390 time=89.05 ms | v=7.055 bg=0.00155 ba=0.37421
[tight-lio] t=1317401126.066 corr=2561 lidar=ok rms=0.0406 time=97.15 ms | v=6.907 bg=0.00145 ba=0.37595
[tight-lio] t=1317401126.170 corr=2590 lidar=ok rms=0.0452 time=98.14 ms | v=6.812 bg=0.00138 ba=0.37722
[tight-lio] t=1317401126.274 corr=2788 lidar=ok rms=0.0394 time=91.75 ms | v=6.730 bg=0.00145 ba=0.37863
[tight-lio] t=1317401126.378 corr=2874 lidar=ok rms=0.0370 time=96.91 ms | v=6.650 bg=0.00157 ba=0.37863
[tight-lio] t=1317401126.482 corr=2864 lidar=ok rms=0.0420 time=94.43 ms | v=6.567 bg=0.00162 ba=0.37837
[tight-lio] t=1317401126.587 corr=3009 lidar=ok rms=0.0360 time=94.82 ms | v=6.453 bg=0.00165 ba=0.37880
[tight-lio] t=1317401126.691 corr=3194 lidar=ok rms=0.0322 time=95.95 ms | v=6.325 bg=0.00161 ba=0.37868
[tight-lio] t=1317401126.795 corr=3181 lidar=ok rms=0.0639 time=100.82 ms | v=6.193 bg=0.00159 ba=0.37934
[tight-lio] t=1317401126.899 corr=3328 lidar=ok rms=0.0361 time=97.65 ms | v=6.067 bg=0.00162 ba=0.38136
[tight-lio] t=1317401127.003 corr=3102 lidar=ok rms=0.0439 time=95.98 ms | v=5.993 bg=0.00148 ba=0.38138
[tight-lio] t=1317401127.107 corr=3193 lidar=ok rms=0.0424 time=98.02 ms | v=5.935 bg=0.00154 ba=0.38351
[tight-lio] t=1317401127.212 corr=2845 lidar=ok rms=0.0466 time=92.09 ms | v=5.890 bg=0.00171 ba=0.38427
[tight-lio] t=1317401127.316 corr=3122 lidar=ok rms=0.0388 time=71.26 ms | v=5.852 bg=0.00187 ba=0.38512
[tight-lio] t=1317401127.420 corr=3212 lidar=ok rms=0.0566 time=101.43 ms | v=5.810 bg=0.00191 ba=0.38464
[tight-lio] t=1317401127.524 corr=3255 lidar=ok rms=0.0492 time=97.84 ms | v=5.799 bg=0.00194 ba=0.38337
[tight-lio] t=1317401127.628 corr=3209 lidar=ok rms=0.0565 time=103.71 ms | v=5.784 bg=0.00182 ba=0.38130
[tight-lio] t=1317401127.733 corr=3229 lidar=ok rms=0.0456 time=97.51 ms | v=5.756 bg=0.00169 ba=0.37981
[tight-lio] t=1317401127.837 corr=3198 lidar=ok rms=0.0548 time=97.36 ms | v=5.721 bg=0.00166 ba=0.37841
[tight-lio] t=1317401127.941 corr=3260 lidar=ok rms=0.0404 time=94.95 ms | v=5.686 bg=0.00155 ba=0.37778
[tight-lio] t=1317401128.045 corr=3174 lidar=ok rms=0.0389 time=93.93 ms | v=5.680 bg=0.00142 ba=0.37554
[tight-lio] t=1317401128.149 corr=3169 lidar=ok rms=0.0360 time=104.28 ms | v=5.726 bg=0.00137 ba=0.37202
[tight-lio] t=1317401128.253 corr=3130 lidar=ok rms=0.0430 time=99.85 ms | v=5.811 bg=0.00145 ba=0.36711
[tight-lio] t=1317401128.357 corr=3213 lidar=ok rms=0.0409 time=97.16 ms | v=5.889 bg=0.00154 ba=0.36381
[tight-lio] t=1317401128.460 corr=3399 lidar=ok rms=0.0428 time=98.17 ms | v=5.991 bg=0.00165 ba=0.35910
[tight-lio] t=1317401128.564 corr=3079 lidar=ok rms=0.0632 time=96.39 ms | v=6.060 bg=0.00151 ba=0.35501
[tight-lio] t=1317401128.668 corr=3034 lidar=ok rms=0.0443 time=93.14 ms | v=6.130 bg=0.00138 ba=0.35112
[tight-lio] t=1317401128.772 corr=3251 lidar=ok rms=0.0402 time=95.63 ms | v=6.214 bg=0.00134 ba=0.34828
[tight-lio] t=1317401128.876 corr=3241 lidar=ok rms=0.0400 time=96.16 ms | v=6.303 bg=0.00123 ba=0.34537
[tight-lio] t=1317401128.979 corr=3273 lidar=ok rms=0.0528 time=104.73 ms | v=6.411 bg=0.00142 ba=0.34186
[tight-lio] t=1317401129.083 corr=3289 lidar=ok rms=0.0446 time=94.01 ms | v=6.541 bg=0.00156 ba=0.33859
[tight-lio] t=1317401129.187 corr=3340 lidar=ok rms=0.0509 time=101.22 ms | v=6.672 bg=0.00156 ba=0.33398
[tight-lio] t=1317401129.290 corr=3026 lidar=ok rms=0.0476 time=92.34 ms | v=6.774 bg=0.00160 ba=0.33059
[tight-lio] t=1317401129.394 corr=2785 lidar=ok rms=0.0543 time=104.77 ms | v=6.903 bg=0.00175 ba=0.32624
[tight-lio] t=1317401129.498 corr=2995 lidar=ok rms=0.0619 time=101.35 ms | v=7.039 bg=0.00179 ba=0.32164
[tight-lio] t=1317401129.601 corr=3104 lidar=ok rms=0.0485 time=92.32 ms | v=7.142 bg=0.00190 ba=0.31901
[tight-lio] t=1317401129.705 corr=3065 lidar=ok rms=0.0506 time=92.52 ms | v=7.240 bg=0.00201 ba=0.31747
[tight-lio] t=1317401129.809 corr=2947 lidar=ok rms=0.0602 time=99.00 ms | v=7.374 bg=0.00210 ba=0.31405
[tight-lio] t=1317401129.912 corr=3495 lidar=ok rms=0.0706 time=105.53 ms | v=7.497 bg=0.00214 ba=0.31147
[tight-lio] t=1317401130.016 corr=3499 lidar=ok rms=0.0551 time=94.77 ms | v=7.586 bg=0.00211 ba=0.30952
[tight-lio] t=1317401130.120 corr=2823 lidar=ok rms=0.0540 time=92.41 ms | v=7.678 bg=0.00217 ba=0.30854
[tight-lio] t=1317401130.224 corr=2571 lidar=ok rms=0.0592 time=133.24 ms | v=7.782 bg=0.00219 ba=0.30648
[tight-lio] t=1317401130.327 corr=2316 lidar=ok rms=0.0655 time=84.48 ms | v=7.898 bg=0.00224 ba=0.30393
[tight-lio] t=1317401130.431 corr=2276 lidar=ok rms=0.0561 time=87.25 ms | v=7.998 bg=0.00223 ba=0.30218
[tight-lio] t=1317401130.535 corr=2667 lidar=ok rms=0.0652 time=119.04 ms | v=8.123 bg=0.00246 ba=0.29960
[tight-lio] t=1317401130.638 corr=2914 lidar=ok rms=0.0631 time=99.20 ms | v=8.238 bg=0.00247 ba=0.29624
[tight-lio] t=1317401130.742 corr=2713 lidar=ok rms=0.0640 time=97.06 ms | v=8.297 bg=0.00267 ba=0.29461
[tight-lio] t=1317401130.846 corr=2758 lidar=ok rms=0.0477 time=82.19 ms | v=8.330 bg=0.00270 ba=0.29377
[tight-lio] t=1317401130.950 corr=2829 lidar=ok rms=0.0554 time=87.79 ms | v=8.378 bg=0.00266 ba=0.29165
[tight-lio] t=1317401131.053 corr=2578 lidar=ok rms=0.0414 time=83.27 ms | v=8.396 bg=0.00278 ba=0.29076
[tight-lio] t=1317401131.157 corr=2521 lidar=ok rms=0.0516 time=91.73 ms | v=8.395 bg=0.00263 ba=0.29046
[tight-lio] t=1317401131.261 corr=2588 lidar=ok rms=0.0495 time=94.19 ms | v=8.416 bg=0.00251 ba=0.29231
[tight-lio] t=1317401131.364 corr=2317 lidar=ok rms=0.0652 time=92.45 ms | v=8.481 bg=0.00269 ba=0.28972
[tight-lio] t=1317401131.468 corr=2374 lidar=ok rms=0.0573 time=84.92 ms | v=8.500 bg=0.00272 ba=0.28753
[tight-lio] t=1317401131.572 corr=2365 lidar=ok rms=0.0976 time=87.97 ms | v=8.513 bg=0.00251 ba=0.28469
[tight-lio] t=1317401131.676 corr=2184 lidar=ok rms=0.0467 time=82.49 ms | v=8.540 bg=0.00263 ba=0.28377
[tight-lio] t=1317401131.779 corr=2002 lidar=ok rms=0.0615 time=81.39 ms | v=8.523 bg=0.00268 ba=0.28453
[tight-lio] t=1317401131.883 corr=1869 lidar=ok rms=0.0502 time=77.96 ms | v=8.518 bg=0.00280 ba=0.28375
[tight-lio] t=1317401131.987 corr=1915 lidar=ok rms=0.0468 time=80.34 ms | v=8.487 bg=0.00279 ba=0.28434
[tight-lio] t=1317401132.090 corr=1804 lidar=ok rms=0.0456 time=56.54 ms | v=8.442 bg=0.00273 ba=0.28399
[tight-lio] t=1317401132.194 corr=1559 lidar=ok rms=0.0367 time=72.80 ms | v=8.421 bg=0.00266 ba=0.28367
[tight-lio] t=1317401132.298 corr=1824 lidar=ok rms=0.0577 time=76.94 ms | v=8.395 bg=0.00265 ba=0.28508
[tight-lio] t=1317401132.402 corr=1723 lidar=ok rms=0.0444 time=80.29 ms | v=8.384 bg=0.00268 ba=0.28505
[tight-lio] t=1317401132.505 corr=1597 lidar=ok rms=0.0632 time=75.15 ms | v=8.376 bg=0.00273 ba=0.28325
[tight-lio] t=1317401132.609 corr=1497 lidar=ok rms=0.0374 time=74.63 ms | v=8.332 bg=0.00270 ba=0.28155
[tight-lio] t=1317401132.713 corr=1700 lidar=ok rms=0.0323 time=85.72 ms | v=8.277 bg=0.00272 ba=0.28147
[tight-lio] t=1317401132.817 corr=1645 lidar=ok rms=0.0341 time=77.77 ms | v=8.253 bg=0.00267 ba=0.28134
[tight-lio] t=1317401132.920 corr=1528 lidar=ok rms=0.0449 time=72.38 ms | v=8.202 bg=0.00259 ba=0.28310
[tight-lio] t=1317401133.024 corr=1396 lidar=ok rms=0.0328 time=72.84 ms | v=8.154 bg=0.00251 ba=0.28408
[tight-lio] t=1317401133.128 corr=1418 lidar=ok rms=0.0911 time=73.65 ms | v=8.168 bg=0.00246 ba=0.28301
[tight-lio] t=1317401133.232 corr=1461 lidar=ok rms=0.0811 time=51.62 ms | v=8.127 bg=0.00240 ba=0.28312
[tight-lio] t=1317401133.335 corr=1536 lidar=ok rms=0.0446 time=51.83 ms | v=8.080 bg=0.00238 ba=0.28328
[tight-lio] t=1317401133.439 corr=1574 lidar=ok rms=0.0462 time=74.51 ms | v=8.155 bg=0.00244 ba=0.28303
[tight-lio] t=1317401133.543 corr=1528 lidar=ok rms=0.0364 time=70.63 ms | v=8.118 bg=0.00235 ba=0.28398
[tight-lio] t=1317401133.647 corr=1413 lidar=ok rms=0.0368 time=54.35 ms | v=8.098 bg=0.00230 ba=0.28431
[tight-lio] t=1317401133.751 corr=1393 lidar=ok rms=0.0488 time=71.32 ms | v=8.154 bg=0.00230 ba=0.28501
[tight-lio] t=1317401133.855 corr=1506 lidar=ok rms=0.0501 time=83.80 ms | v=8.198 bg=0.00227 ba=0.28506
[tight-lio] t=1317401133.958 corr=1587 lidar=ok rms=0.0363 time=71.83 ms | v=8.160 bg=0.00220 ba=0.28688
[tight-lio] t=1317401134.062 corr=1603 lidar=ok rms=0.0587 time=73.14 ms | v=8.124 bg=0.00203 ba=0.28758
[tight-lio] t=1317401134.166 corr=1777 lidar=ok rms=0.0366 time=73.05 ms | v=8.106 bg=0.00202 ba=0.29030
[tight-lio] t=1317401134.270 corr=1525 lidar=ok rms=0.0324 time=69.40 ms | v=8.081 bg=0.00202 ba=0.29331
[tight-lio] t=1317401134.374 corr=1620 lidar=ok rms=0.0574 time=71.68 ms | v=8.073 bg=0.00201 ba=0.29397
[tight-lio] t=1317401134.478 corr=1841 lidar=ok rms=0.0380 time=77.87 ms | v=8.059 bg=0.00200 ba=0.29933
[tight-lio] t=1317401134.582 corr=2220 lidar=ok rms=0.0347 time=78.33 ms | v=8.043 bg=0.00199 ba=0.30025
[tight-lio] t=1317401134.685 corr=2103 lidar=ok rms=0.0435 time=81.71 ms | v=8.097 bg=0.00210 ba=0.30127
[tight-lio] t=1317401134.789 corr=2162 lidar=ok rms=0.0352 time=80.46 ms | v=8.095 bg=0.00213 ba=0.30210
[tight-lio] t=1317401134.893 corr=2421 lidar=ok rms=0.0520 time=81.56 ms | v=8.103 bg=0.00210 ba=0.30243
[tight-lio] t=1317401134.997 corr=2086 lidar=ok rms=0.0304 time=77.89 ms | v=8.100 bg=0.00208 ba=0.30293
[tight-lio] t=1317401135.101 corr=2203 lidar=ok rms=0.0330 time=77.82 ms | v=8.117 bg=0.00212 ba=0.30261
[tight-lio] t=1317401135.204 corr=1890 lidar=ok rms=0.0591 time=78.99 ms | v=8.121 bg=0.00219 ba=0.30393
[tight-lio] t=1317401135.308 corr=1871 lidar=ok rms=0.1064 time=75.87 ms | v=8.124 bg=0.00217 ba=0.30552
[tight-lio] t=1317401135.412 corr=1870 lidar=ok rms=0.0452 time=76.51 ms | v=8.127 bg=0.00216 ba=0.30716
[tight-lio] t=1317401135.516 corr=1764 lidar=ok rms=0.0536 time=74.06 ms | v=8.115 bg=0.00220 ba=0.30818
[tight-lio] t=1317401135.620 corr=1685 lidar=ok rms=0.0656 time=74.57 ms | v=8.108 bg=0.00229 ba=0.30900
[tight-lio] t=1317401135.723 corr=1706 lidar=ok rms=0.0643 time=73.79 ms | v=8.104 bg=0.00225 ba=0.31064
[tight-lio] t=1317401135.827 corr=2025 lidar=ok rms=0.0498 time=54.87 ms | v=8.078 bg=0.00224 ba=0.31095
[tight-lio] t=1317401135.931 corr=2341 lidar=ok rms=0.0591 time=93.93 ms | v=8.110 bg=0.00224 ba=0.31246
[tight-lio] t=1317401136.035 corr=2195 lidar=ok rms=0.0935 time=77.70 ms | v=8.084 bg=0.00222 ba=0.31277
[tight-lio] t=1317401136.138 corr=2098 lidar=ok rms=0.0627 time=73.56 ms | v=8.048 bg=0.00208 ba=0.31322
[tight-lio] t=1317401136.242 corr=1916 lidar=ok rms=0.0515 time=76.90 ms | v=8.011 bg=0.00201 ba=0.31558
[tight-lio] t=1317401136.346 corr=1572 lidar=ok rms=0.0842 time=76.33 ms | v=8.011 bg=0.00197 ba=0.31717
[tight-lio] t=1317401136.450 corr=1512 lidar=ok rms=0.2800 time=70.71 ms | v=8.005 bg=0.00199 ba=0.31938
[tight-lio] t=1317401136.554 corr=1575 lidar=ok rms=0.2183 time=73.27 ms | v=8.024 bg=0.00197 ba=0.32144
[tight-lio] t=1317401136.657 corr=1588 lidar=ok rms=0.0388 time=71.02 ms | v=7.994 bg=0.00197 ba=0.32362
[tight-lio] t=1317401136.761 corr=1668 lidar=ok rms=0.0670 time=72.56 ms | v=7.969 bg=0.00196 ba=0.32554
[tight-lio] t=1317401136.865 corr=1824 lidar=ok rms=0.0408 time=72.37 ms | v=7.954 bg=0.00199 ba=0.32737
[tight-lio] t=1317401136.969 corr=1841 lidar=ok rms=0.0492 time=71.89 ms | v=7.933 bg=0.00206 ba=0.32761
[tight-lio] t=1317401137.073 corr=1768 lidar=ok rms=0.0388 time=65.59 ms | v=7.892 bg=0.00204 ba=0.32959
[tight-lio] t=1317401137.177 corr=1690 lidar=ok rms=0.0638 time=64.76 ms | v=7.897 bg=0.00201 ba=0.33136
[tight-lio] t=1317401137.280 corr=1819 lidar=ok rms=0.0417 time=70.59 ms | v=7.910 bg=0.00197 ba=0.33357
[tight-lio] t=1317401137.384 corr=1794 lidar=ok rms=0.0431 time=62.45 ms | v=7.894 bg=0.00197 ba=0.33469
[tight-lio] t=1317401137.488 corr=1996 lidar=ok rms=0.0537 time=69.03 ms | v=7.872 bg=0.00200 ba=0.33511
[tight-lio] t=1317401137.592 corr=1788 lidar=ok rms=0.0671 time=69.52 ms | v=7.869 bg=0.00200 ba=0.33477
[tight-lio] t=1317401137.696 corr=1828 lidar=ok rms=0.0309 time=70.93 ms | v=7.860 bg=0.00201 ba=0.33539
[tight-lio] t=1317401137.800 corr=1956 lidar=ok rms=0.0354 time=77.10 ms | v=7.845 bg=0.00198 ba=0.33600
[tight-lio] t=1317401137.904 corr=2062 lidar=ok rms=0.0314 time=75.49 ms | v=7.847 bg=0.00199 ba=0.33558
[tight-lio] t=1317401138.007 corr=1901 lidar=ok rms=0.0355 time=76.33 ms | v=7.882 bg=0.00199 ba=0.33673
[tight-lio] t=1317401138.111 corr=1811 lidar=ok rms=0.0312 time=49.38 ms | v=7.909 bg=0.00203 ba=0.33677
[tight-lio] t=1317401138.215 corr=1538 lidar=ok rms=0.0263 time=51.65 ms | v=7.949 bg=0.00200 ba=0.33819
[tight-lio] t=1317401138.319 corr=1513 lidar=ok rms=0.0386 time=54.36 ms | v=8.034 bg=0.00198 ba=0.34094
[tight-lio] t=1317401138.423 corr=1333 lidar=ok rms=0.0335 time=52.35 ms | v=8.075 bg=0.00187 ba=0.34286
[tight-lio] t=1317401138.527 corr=1323 lidar=ok rms=0.0290 time=71.16 ms | v=8.124 bg=0.00183 ba=0.34487
[tight-lio] t=1317401138.631 corr=1250 lidar=ok rms=0.0473 time=73.50 ms | v=8.209 bg=0.00188 ba=0.34708
[tight-lio] t=1317401138.735 corr=1309 lidar=ok rms=0.0491 time=71.34 ms | v=8.288 bg=0.00197 ba=0.34755
[tight-lio] t=1317401138.839 corr=1407 lidar=ok rms=0.0747 time=78.98 ms | v=8.380 bg=0.00192 ba=0.34676
[tight-lio] t=1317401138.943 corr=1194 lidar=ok rms=0.0296 time=68.23 ms | v=8.422 bg=0.00182 ba=0.34789
[tight-lio] t=1317401139.047 corr=1197 lidar=ok rms=0.0592 time=70.56 ms | v=8.529 bg=0.00177 ba=0.35199
[tight-lio] t=1317401139.151 corr=1397 lidar=ok rms=0.0687 time=76.67 ms | v=8.613 bg=0.00166 ba=0.35238
[tight-lio] t=1317401139.255 corr=1387 lidar=ok rms=0.0709 time=75.57 ms | v=8.741 bg=0.00168 ba=0.35292
[tight-lio] t=1317401139.359 corr=1604 lidar=ok rms=0.0393 time=54.99 ms | v=8.795 bg=0.00170 ba=0.35491
[tight-lio] t=1317401139.463 corr=1796 lidar=ok rms=0.0480 time=75.30 ms | v=8.864 bg=0.00167 ba=0.35841
[tight-lio] t=1317401139.567 corr=1597 lidar=ok rms=0.0468 time=71.99 ms | v=8.921 bg=0.00167 ba=0.35951
[tight-lio] t=1317401139.671 corr=1686 lidar=ok rms=0.0310 time=53.93 ms | v=8.965 bg=0.00162 ba=0.36281
[tight-lio] t=1317401139.774 corr=1812 lidar=ok rms=0.0380 time=54.87 ms | v=9.005 bg=0.00166 ba=0.36585
[tight-lio] t=1317401139.878 corr=1671 lidar=ok rms=0.0345 time=78.91 ms | v=9.022 bg=0.00174 ba=0.36992
[tight-lio] t=1317401139.982 corr=1726 lidar=ok rms=0.0306 time=57.06 ms | v=9.015 bg=0.00181 ba=0.37099
[tight-lio] t=1317401140.086 corr=1491 lidar=ok rms=0.0638 time=55.83 ms | v=9.009 bg=0.00180 ba=0.37270
[tight-lio] t=1317401140.190 corr=1723 lidar=ok rms=0.0353 time=54.85 ms | v=8.973 bg=0.00175 ba=0.37269
[tight-lio] t=1317401140.294 corr=1516 lidar=ok rms=0.0456 time=74.04 ms | v=8.979 bg=0.00174 ba=0.37459
[tight-lio] t=1317401140.398 corr=1570 lidar=ok rms=0.0529 time=73.14 ms | v=8.939 bg=0.00174 ba=0.37478
[tight-lio] t=1317401140.502 corr=1498 lidar=ok rms=0.0419 time=50.87 ms | v=8.898 bg=0.00178 ba=0.37564
[tight-lio] t=1317401140.605 corr=1723 lidar=ok rms=0.0392 time=52.92 ms | v=8.860 bg=0.00176 ba=0.37836
[tight-lio] t=1317401140.709 corr=1557 lidar=ok rms=0.0384 time=71.85 ms | v=8.786 bg=0.00178 ba=0.37936
[tight-lio] t=1317401140.813 corr=1621 lidar=ok rms=0.0338 time=51.56 ms | v=8.694 bg=0.00169 ba=0.37994
[tight-lio] t=1317401140.917 corr=1897 lidar=ok rms=0.0465 time=72.79 ms | v=8.607 bg=0.00172 ba=0.38097
[tight-lio] t=1317401141.021 corr=1786 lidar=ok rms=0.0330 time=50.76 ms | v=8.548 bg=0.00176 ba=0.38250
[tight-lio] t=1317401141.125 corr=1947 lidar=ok rms=0.0472 time=66.79 ms | v=8.489 bg=0.00168 ba=0.38308
[tight-lio] t=1317401141.229 corr=2063 lidar=ok rms=0.0354 time=52.87 ms | v=8.465 bg=0.00159 ba=0.38391
[tight-lio] t=1317401141.333 corr=1755 lidar=ok rms=0.0434 time=69.96 ms | v=8.416 bg=0.00152 ba=0.38345
[tight-lio] t=1317401141.437 corr=1711 lidar=ok rms=0.0301 time=68.02 ms | v=8.383 bg=0.00158 ba=0.38469
[tight-lio] t=1317401141.540 corr=1653 lidar=ok rms=0.0365 time=70.49 ms | v=8.356 bg=0.00175 ba=0.38513
[tight-lio] t=1317401141.644 corr=1600 lidar=ok rms=0.0462 time=74.13 ms | v=8.254 bg=0.00178 ba=0.38480
[tight-lio] t=1317401141.748 corr=1346 lidar=ok rms=0.0418 time=68.80 ms | v=8.238 bg=0.00169 ba=0.38621
[tight-lio] t=1317401141.852 corr=1491 lidar=ok rms=0.0383 time=51.41 ms | v=8.193 bg=0.00162 ba=0.38614
[tight-lio] t=1317401141.956 corr=1476 lidar=ok rms=0.0913 time=71.38 ms | v=8.190 bg=0.00161 ba=0.38809
[tight-lio] t=1317401142.059 corr=1542 lidar=ok rms=0.0410 time=70.52 ms | v=8.172 bg=0.00168 ba=0.39018
[tight-lio] t=1317401142.163 corr=1612 lidar=ok rms=0.0515 time=78.85 ms | v=8.153 bg=0.00179 ba=0.38876
[tight-lio] t=1317401142.267 corr=1689 lidar=ok rms=0.0448 time=74.94 ms | v=8.149 bg=0.00182 ba=0.39026
[tight-lio] t=1317401142.371 corr=1649 lidar=ok rms=0.0461 time=74.32 ms | v=8.174 bg=0.00189 ba=0.38943
[tight-lio] t=1317401142.475 corr=1709 lidar=ok rms=0.0414 time=73.41 ms | v=8.209 bg=0.00195 ba=0.38943
[tight-lio] t=1317401142.578 corr=1470 lidar=ok rms=0.0884 time=70.83 ms | v=8.242 bg=0.00189 ba=0.38984
[tight-lio] t=1317401142.682 corr=1521 lidar=ok rms=0.0342 time=71.26 ms | v=8.233 bg=0.00172 ba=0.39013
[tight-lio] t=1317401142.786 corr=1377 lidar=ok rms=0.0421 time=50.80 ms | v=8.237 bg=0.00166 ba=0.39052
[tight-lio] t=1317401142.890 corr=1484 lidar=ok rms=0.0365 time=66.87 ms | v=8.258 bg=0.00170 ba=0.39162
[tight-lio] t=1317401142.994 corr=1427 lidar=ok rms=0.0407 time=69.76 ms | v=8.280 bg=0.00175 ba=0.39157
[tight-lio] t=1317401143.097 corr=1556 lidar=ok rms=0.0408 time=72.21 ms | v=8.315 bg=0.00177 ba=0.39294
[tight-lio] t=1317401143.201 corr=2000 lidar=ok rms=0.0414 time=84.61 ms | v=8.366 bg=0.00175 ba=0.39402
[tight-lio] t=1317401143.305 corr=1721 lidar=ok rms=0.0448 time=54.93 ms | v=8.419 bg=0.00173 ba=0.39590
[tight-lio] t=1317401143.409 corr=1692 lidar=ok rms=0.0529 time=77.09 ms | v=8.485 bg=0.00168 ba=0.39923
[tight-lio] t=1317401143.513 corr=1455 lidar=ok rms=0.0495 time=51.85 ms | v=8.526 bg=0.00165 ba=0.40064
[tight-lio] t=1317401143.616 corr=1601 lidar=ok rms=0.0460 time=79.44 ms | v=8.582 bg=0.00157 ba=0.40292
[tight-lio] t=1317401143.720 corr=1624 lidar=ok rms=0.0668 time=75.95 ms | v=8.622 bg=0.00161 ba=0.40444
[tight-lio] t=1317401143.824 corr=1818 lidar=ok rms=0.0667 time=71.03 ms | v=8.648 bg=0.00160 ba=0.40558
[tight-lio] t=1317401143.928 corr=1772 lidar=ok rms=0.0340 time=53.89 ms | v=8.664 bg=0.00156 ba=0.40555
[tight-lio] t=1317401144.032 corr=1792 lidar=ok rms=0.0394 time=56.13 ms | v=8.685 bg=0.00156 ba=0.40571
[tight-lio] t=1317401144.136 corr=1867 lidar=ok rms=0.0389 time=91.80 ms | v=8.717 bg=0.00157 ba=0.40581
[tight-lio] t=1317401144.240 corr=1667 lidar=ok rms=0.0520 time=75.87 ms | v=8.722 bg=0.00147 ba=0.40651
[tight-lio] t=1317401144.344 corr=1885 lidar=ok rms=0.1359 time=74.93 ms | v=8.694 bg=0.00143 ba=0.40644
[tight-lio] t=1317401144.448 corr=2112 lidar=ok rms=0.1504 time=76.45 ms | v=8.655 bg=0.00143 ba=0.40742
[tight-lio] t=1317401144.552 corr=2032 lidar=ok rms=0.0467 time=78.59 ms | v=8.663 bg=0.00139 ba=0.40962
[tight-lio] t=1317401144.656 corr=1898 lidar=ok rms=0.0458 time=79.99 ms | v=8.647 bg=0.00138 ba=0.41221
[tight-lio] t=1317401144.760 corr=1878 lidar=ok rms=0.0390 time=77.96 ms | v=8.638 bg=0.00136 ba=0.41386
[tight-lio] t=1317401144.864 corr=1822 lidar=ok rms=0.0368 time=76.30 ms | v=8.630 bg=0.00136 ba=0.41603
[tight-lio] t=1317401144.968 corr=2009 lidar=ok rms=0.0343 time=56.37 ms | v=8.606 bg=0.00134 ba=0.41708
[tight-lio] t=1317401145.072 corr=1829 lidar=ok rms=0.0345 time=54.97 ms | v=8.586 bg=0.00135 ba=0.41820
[tight-lio] t=1317401145.175 corr=1904 lidar=ok rms=0.0350 time=77.24 ms | v=8.561 bg=0.00143 ba=0.41976
[tight-lio] t=1317401145.279 corr=1805 lidar=ok rms=0.0308 time=54.42 ms | v=8.532 bg=0.00152 ba=0.42126
[tight-lio] t=1317401145.383 corr=1763 lidar=ok rms=0.0342 time=74.41 ms | v=8.502 bg=0.00151 ba=0.42214
[tight-lio] t=1317401145.487 corr=2010 lidar=ok rms=0.0316 time=79.57 ms | v=8.470 bg=0.00147 ba=0.42245
[tight-lio] t=1317401145.591 corr=1750 lidar=ok rms=0.0315 time=74.69 ms | v=8.427 bg=0.00140 ba=0.42348
[tight-lio] t=1317401145.695 corr=1586 lidar=ok rms=0.0397 time=53.58 ms | v=8.390 bg=0.00141 ba=0.42351
[tight-lio] t=1317401145.799 corr=1625 lidar=ok rms=0.0361 time=75.42 ms | v=8.347 bg=0.00145 ba=0.42642
[tight-lio] t=1317401145.903 corr=1668 lidar=ok rms=0.0604 time=75.85 ms | v=8.289 bg=0.00148 ba=0.42724
[tight-lio] t=1317401146.007 corr=1589 lidar=ok rms=0.0347 time=74.01 ms | v=8.224 bg=0.00153 ba=0.42672
[tight-lio] t=1317401146.111 corr=1670 lidar=ok rms=0.0392 time=77.89 ms | v=8.146 bg=0.00158 ba=0.42545
[tight-lio] t=1317401146.214 corr=1687 lidar=ok rms=0.0329 time=76.65 ms | v=8.027 bg=0.00152 ba=0.42513
[tight-lio] t=1317401146.318 corr=2009 lidar=ok rms=0.0497 time=86.62 ms | v=7.884 bg=0.00149 ba=0.42540
[tight-lio] t=1317401146.422 corr=1935 lidar=ok rms=0.0274 time=80.23 ms | v=7.688 bg=0.00147 ba=0.42343
[tight-lio] t=1317401146.526 corr=1845 lidar=ok rms=0.0336 time=77.92 ms | v=7.490 bg=0.00149 ba=0.42264
[tight-lio] t=1317401146.630 corr=1834 lidar=ok rms=0.0337 time=56.72 ms | v=7.285 bg=0.00152 ba=0.42165
[tight-lio] t=1317401146.733 corr=1644 lidar=ok rms=0.0325 time=54.15 ms | v=7.062 bg=0.00152 ba=0.42060
[tight-lio] t=1317401146.837 corr=1661 lidar=ok rms=0.0273 time=56.29 ms | v=6.824 bg=0.00153 ba=0.42025
[tight-lio] t=1317401146.941 corr=1750 lidar=ok rms=0.0323 time=76.78 ms | v=6.588 bg=0.00150 ba=0.41944
[tight-lio] t=1317401147.045 corr=1858 lidar=ok rms=0.0279 time=55.89 ms | v=6.335 bg=0.00148 ba=0.41943
[tight-lio] t=1317401147.149 corr=2132 lidar=ok rms=0.0403 time=60.87 ms | v=6.083 bg=0.00154 ba=0.41914
[tight-lio] t=1317401147.252 corr=2260 lidar=ok rms=0.0266 time=54.92 ms | v=5.837 bg=0.00150 ba=0.41985
[tight-lio] t=1317401147.356 corr=2402 lidar=ok rms=0.0498 time=83.97 ms | v=5.600 bg=0.00143 ba=0.42024
[tight-lio] t=1317401147.460 corr=2536 lidar=ok rms=0.0267 time=62.41 ms | v=5.396 bg=0.00139 ba=0.42049
[tight-lio] t=1317401147.564 corr=2458 lidar=ok rms=0.0411 time=83.77 ms | v=5.199 bg=0.00135 ba=0.42139
[tight-lio] t=1317401147.667 corr=2570 lidar=ok rms=0.0322 time=63.19 ms | v=4.994 bg=0.00136 ba=0.42194
[tight-lio] t=1317401147.771 corr=2813 lidar=ok rms=0.0277 time=63.74 ms | v=4.792 bg=0.00144 ba=0.42241
[tight-lio] t=1317401147.875 corr=2775 lidar=ok rms=0.0269 time=64.81 ms | v=4.583 bg=0.00159 ba=0.42257
[tight-lio] t=1317401147.979 corr=2791 lidar=ok rms=0.0304 time=65.80 ms | v=4.381 bg=0.00170 ba=0.42282
[tight-lio] t=1317401148.082 corr=2861 lidar=ok rms=0.0262 time=95.03 ms | v=4.214 bg=0.00173 ba=0.42246
[tight-lio] t=1317401148.186 corr=3192 lidar=ok rms=0.0247 time=96.13 ms | v=4.135 bg=0.00174 ba=0.42256
[tight-lio] t=1317401148.289 corr=3260 lidar=ok rms=0.0334 time=94.32 ms | v=4.072 bg=0.00182 ba=0.42191
[tight-lio] t=1317401148.393 corr=3113 lidar=ok rms=0.0331 time=68.42 ms | v=4.036 bg=0.00200 ba=0.42205
[tight-lio] t=1317401148.497 corr=3674 lidar=ok rms=0.0369 time=70.23 ms | v=3.986 bg=0.00227 ba=0.41975
[tight-lio] t=1317401148.600 corr=3604 lidar=ok rms=0.0319 time=76.95 ms | v=3.948 bg=0.00249 ba=0.41812
[tight-lio] t=1317401148.704 corr=3480 lidar=ok rms=0.0351 time=67.01 ms | v=3.919 bg=0.00269 ba=0.41746
[tight-lio] t=1317401148.808 corr=3293 lidar=ok rms=0.0349 time=61.04 ms | v=3.880 bg=0.00283 ba=0.41711
[tight-lio] t=1317401148.911 corr=3369 lidar=ok rms=0.0292 time=86.19 ms | v=3.837 bg=0.00286 ba=0.41744
[tight-lio] t=1317401149.015 corr=3303 lidar=ok rms=0.0323 time=67.53 ms | v=3.791 bg=0.00288 ba=0.41869
[tight-lio] t=1317401149.119 corr=3347 lidar=ok rms=0.0341 time=69.04 ms | v=3.728 bg=0.00289 ba=0.41857
[tight-lio] t=1317401149.223 corr=3343 lidar=ok rms=0.0336 time=70.22 ms | v=3.666 bg=0.00279 ba=0.41766
[tight-lio] t=1317401149.326 corr=3310 lidar=ok rms=0.0350 time=69.52 ms | v=3.625 bg=0.00275 ba=0.41785
[tight-lio] t=1317401149.430 corr=3207 lidar=ok rms=0.0319 time=96.23 ms | v=3.605 bg=0.00274 ba=0.41804
[tight-lio] t=1317401149.534 corr=3165 lidar=ok rms=0.0271 time=90.95 ms | v=3.592 bg=0.00270 ba=0.41753
[tight-lio] t=1317401149.637 corr=3357 lidar=ok rms=0.0319 time=98.62 ms | v=3.583 bg=0.00266 ba=0.41831
[tight-lio] t=1317401149.741 corr=3431 lidar=ok rms=0.0267 time=71.83 ms | v=3.595 bg=0.00261 ba=0.41854
[tight-lio] t=1317401149.845 corr=3193 lidar=ok rms=0.0366 time=69.24 ms | v=3.662 bg=0.00259 ba=0.41893
[tight-lio] t=1317401149.949 corr=3238 lidar=ok rms=0.0284 time=98.03 ms | v=3.750 bg=0.00256 ba=0.41930
[tight-lio] t=1317401150.053 corr=3676 lidar=ok rms=0.0298 time=100.96 ms | v=3.849 bg=0.00266 ba=0.41883
[tight-lio] t=1317401150.156 corr=3680 lidar=ok rms=0.0248 time=100.82 ms | v=3.967 bg=0.00272 ba=0.41924
[tight-lio] t=1317401150.260 corr=3554 lidar=ok rms=0.0344 time=101.49 ms | v=4.097 bg=0.00273 ba=0.41863
[tight-lio] t=1317401150.364 corr=3332 lidar=ok rms=0.0283 time=101.15 ms | v=4.250 bg=0.00282 ba=0.41821
[tight-lio] t=1317401150.467 corr=3296 lidar=ok rms=0.0290 time=97.76 ms | v=4.426 bg=0.00289 ba=0.41701
[tight-lio] t=1317401150.571 corr=3460 lidar=ok rms=0.0330 time=98.63 ms | v=4.615 bg=0.00284 ba=0.41622
[tight-lio] t=1317401150.675 corr=3480 lidar=ok rms=0.0279 time=100.46 ms | v=4.812 bg=0.00272 ba=0.41606
[tight-lio] t=1317401150.779 corr=3411 lidar=ok rms=0.0339 time=101.62 ms | v=5.016 bg=0.00264 ba=0.41529
[tight-lio] t=1317401150.883 corr=3676 lidar=ok rms=0.0365 time=109.42 ms | v=5.233 bg=0.00258 ba=0.41420
[tight-lio] t=1317401150.986 corr=3641 lidar=ok rms=0.0324 time=102.50 ms | v=5.440 bg=0.00237 ba=0.41194
[tight-lio] t=1317401151.090 corr=3658 lidar=ok rms=0.0333 time=102.53 ms | v=5.666 bg=0.00215 ba=0.41029
[tight-lio] t=1317401151.194 corr=3742 lidar=ok rms=0.0367 time=105.76 ms | v=5.899 bg=0.00209 ba=0.40859
[tight-lio] t=1317401151.298 corr=3385 lidar=ok rms=0.0364 time=98.57 ms | v=6.135 bg=0.00198 ba=0.40648
[tight-lio] t=1317401151.402 corr=3524 lidar=ok rms=0.0452 time=107.25 ms | v=6.324 bg=0.00189 ba=0.40538
[tight-lio] t=1317401151.506 corr=3707 lidar=ok rms=0.0509 time=104.99 ms | v=6.498 bg=0.00179 ba=0.40300
[tight-lio] t=1317401151.610 corr=3331 lidar=ok rms=0.0415 time=94.89 ms | v=6.693 bg=0.00168 ba=0.40084
[tight-lio] t=1317401151.714 corr=3600 lidar=ok rms=0.0433 time=102.59 ms | v=6.876 bg=0.00151 ba=0.39731
[tight-lio] t=1317401151.818 corr=3646 lidar=ok rms=0.0362 time=98.27 ms | v=7.085 bg=0.00154 ba=0.39464
[tight-lio] t=1317401151.922 corr=3727 lidar=ok rms=0.0385 time=101.57 ms | v=7.283 bg=0.00161 ba=0.39175
[tight-lio] t=1317401152.026 corr=3715 lidar=ok rms=0.0465 time=104.24 ms | v=7.448 bg=0.00173 ba=0.38995
[tight-lio] t=1317401152.131 corr=3551 lidar=ok rms=0.0475 time=98.53 ms | v=7.643 bg=0.00160 ba=0.38651
[tight-lio] t=1317401152.235 corr=3453 lidar=ok rms=0.0453 time=93.79 ms | v=7.854 bg=0.00137 ba=0.38389
[tight-lio] t=1317401152.339 corr=3593 lidar=ok rms=0.0475 time=98.28 ms | v=8.027 bg=0.00113 ba=0.38166
[tight-lio] t=1317401152.443 corr=3593 lidar=ok rms=0.0482 time=100.08 ms | v=8.208 bg=0.00099 ba=0.37836
[tight-lio] t=1317401152.547 corr=3483 lidar=ok rms=0.0461 time=97.64 ms | v=8.386 bg=0.00103 ba=0.37700
[tight-lio] t=1317401152.651 corr=3551 lidar=ok rms=0.0476 time=99.15 ms | v=8.581 bg=0.00118 ba=0.37522
[tight-lio] t=1317401152.756 corr=3735 lidar=ok rms=0.0516 time=99.67 ms | v=8.801 bg=0.00144 ba=0.37366
[tight-lio] t=1317401152.860 corr=3505 lidar=ok rms=0.0635 time=98.22 ms | v=8.955 bg=0.00146 ba=0.37028
[tight-lio] t=1317401152.964 corr=3298 lidar=ok rms=0.0840 time=96.64 ms | v=9.054 bg=0.00133 ba=0.36759
[tight-lio] t=1317401153.068 corr=3517 lidar=ok rms=0.0462 time=98.76 ms | v=9.151 bg=0.00110 ba=0.36582
[tight-lio] t=1317401153.173 corr=3318 lidar=ok rms=0.0456 time=136.58 ms | v=9.275 bg=0.00121 ba=0.36543
[tight-lio] t=1317401153.277 corr=3183 lidar=ok rms=0.0445 time=105.16 ms | v=9.354 bg=0.00136 ba=0.36442
[tight-lio] t=1317401153.381 corr=3172 lidar=ok rms=0.0406 time=93.54 ms | v=9.453 bg=0.00153 ba=0.36283
[tight-lio] t=1317401153.485 corr=3061 lidar=ok rms=0.0468 time=104.41 ms | v=9.570 bg=0.00146 ba=0.36291
[tight-lio] t=1317401153.589 corr=3147 lidar=ok rms=0.0773 time=93.91 ms | v=9.708 bg=0.00152 ba=0.36038
[tight-lio] t=1317401153.693 corr=3327 lidar=ok rms=0.0397 time=96.88 ms | v=9.777 bg=0.00163 ba=0.35842
[tight-lio] t=1317401153.798 corr=3356 lidar=ok rms=0.0391 time=99.54 ms | v=9.851 bg=0.00186 ba=0.35601
[tight-lio] t=1317401153.902 corr=3255 lidar=ok rms=0.0384 time=98.73 ms | v=9.902 bg=0.00195 ba=0.35464
[tight-lio] t=1317401154.006 corr=3318 lidar=ok rms=0.0323 time=96.22 ms | v=9.914 bg=0.00171 ba=0.35312
[tight-lio] t=1317401154.110 corr=3323 lidar=ok rms=0.0408 time=101.38 ms | v=9.885 bg=0.00140 ba=0.35035
[tight-lio] t=1317401154.214 corr=3402 lidar=ok rms=0.0446 time=102.85 ms | v=9.867 bg=0.00135 ba=0.34717
[tight-lio] t=1317401154.318 corr=3292 lidar=ok rms=0.0351 time=103.30 ms | v=9.860 bg=0.00148 ba=0.34471
[tight-lio] t=1317401154.422 corr=3205 lidar=ok rms=0.0441 time=111.56 ms | v=9.846 bg=0.00162 ba=0.34210
[tight-lio] t=1317401154.526 corr=3252 lidar=ok rms=0.0355 time=99.51 ms | v=9.862 bg=0.00162 ba=0.34022
[tight-lio] t=1317401154.630 corr=3345 lidar=ok rms=0.0373 time=102.26 ms | v=9.848 bg=0.00145 ba=0.33786
[tight-lio] t=1317401154.734 corr=3191 lidar=ok rms=0.0414 time=98.86 ms | v=9.848 bg=0.00126 ba=0.33560
[tight-lio] t=1317401154.837 corr=3031 lidar=ok rms=0.0412 time=114.10 ms | v=9.774 bg=0.00133 ba=0.33528
[tight-lio] t=1317401154.941 corr=2926 lidar=ok rms=0.0405 time=100.90 ms | v=9.756 bg=0.00139 ba=0.33303
[tight-lio] t=1317401155.045 corr=3245 lidar=ok rms=0.0378 time=100.64 ms | v=9.756 bg=0.00150 ba=0.33125
[tight-lio] t=1317401155.149 corr=3140 lidar=ok rms=0.0336 time=95.26 ms | v=9.752 bg=0.00140 ba=0.32846
[tight-lio] t=1317401155.253 corr=3142 lidar=ok rms=0.0359 time=99.67 ms | v=9.720 bg=0.00130 ba=0.32610
[tight-lio] t=1317401155.357 corr=3068 lidar=ok rms=0.0363 time=110.03 ms | v=9.659 bg=0.00132 ba=0.32424
[tight-lio] t=1317401155.461 corr=3064 lidar=ok rms=0.0402 time=101.41 ms | v=9.594 bg=0.00152 ba=0.32254
[tight-lio] t=1317401155.565 corr=3044 lidar=ok rms=0.0308 time=96.36 ms | v=9.438 bg=0.00152 ba=0.32260
[tight-lio] t=1317401155.668 corr=3176 lidar=ok rms=0.0378 time=97.11 ms | v=9.281 bg=0.00138 ba=0.32140
[tight-lio] t=1317401155.772 corr=3271 lidar=ok rms=0.0454 time=104.25 ms | v=9.095 bg=0.00128 ba=0.31955
[tight-lio] t=1317401155.876 corr=2944 lidar=ok rms=0.0517 time=98.48 ms | v=8.854 bg=0.00127 ba=0.31866
[tight-lio] t=1317401155.980 corr=3229 lidar=ok rms=0.0339 time=94.70 ms | v=8.648 bg=0.00148 ba=0.31820
[tight-lio] t=1317401156.084 corr=3244 lidar=ok rms=0.0400 time=96.17 ms | v=8.406 bg=0.00144 ba=0.31832
[tight-lio] t=1317401156.188 corr=3137 lidar=ok rms=0.0409 time=93.18 ms | v=8.170 bg=0.00139 ba=0.31794
[tight-lio] t=1317401156.292 corr=2971 lidar=ok rms=0.0434 time=94.68 ms | v=7.939 bg=0.00143 ba=0.31793
[tight-lio] t=1317401156.395 corr=3193 lidar=ok rms=0.0393 time=103.21 ms | v=7.640 bg=0.00133 ba=0.31796
[tight-lio] t=1317401156.499 corr=3116 lidar=ok rms=0.0377 time=78.49 ms | v=7.364 bg=0.00133 ba=0.31939
[tight-lio] t=1317401156.603 corr=3094 lidar=ok rms=0.0335 time=115.22 ms | v=7.075 bg=0.00137 ba=0.32078
[tight-lio] t=1317401156.707 corr=2844 lidar=ok rms=0.0315 time=91.91 ms | v=6.830 bg=0.00140 ba=0.32091
[tight-lio] t=1317401156.811 corr=2740 lidar=ok rms=0.0276 time=89.84 ms | v=6.592 bg=0.00131 ba=0.32011
[tight-lio] t=1317401156.914 corr=2963 lidar=ok rms=0.0371 time=104.50 ms | v=6.270 bg=0.00115 ba=0.32085
[tight-lio] t=1317401157.018 corr=3036 lidar=ok rms=0.0302 time=102.14 ms | v=6.012 bg=0.00107 ba=0.32091
[tight-lio] t=1317401157.122 corr=3012 lidar=ok rms=0.0275 time=92.42 ms | v=5.791 bg=0.00098 ba=0.32060
[tight-lio] t=1317401157.225 corr=3120 lidar=ok rms=0.0349 time=98.14 ms | v=5.535 bg=0.00103 ba=0.32098
[tight-lio] t=1317401157.329 corr=3015 lidar=ok rms=0.0347 time=96.65 ms | v=5.431 bg=0.00098 ba=0.32136
[tight-lio] t=1317401157.433 corr=2980 lidar=ok rms=0.0245 time=95.21 ms | v=5.398 bg=0.00103 ba=0.32201
[tight-lio] t=1317401157.537 corr=3075 lidar=ok rms=0.0280 time=97.48 ms | v=5.347 bg=0.00117 ba=0.32352
[tight-lio] t=1317401157.640 corr=3066 lidar=ok rms=0.0268 time=96.56 ms | v=5.306 bg=0.00123 ba=0.32317
[tight-lio] t=1317401157.744 corr=3169 lidar=ok rms=0.0272 time=97.61 ms | v=5.277 bg=0.00123 ba=0.32231
[tight-lio] t=1317401157.848 corr=3264 lidar=ok rms=0.0424 time=114.73 ms | v=5.188 bg=0.00147 ba=0.32116
[tight-lio] t=1317401157.951 corr=3102 lidar=ok rms=0.0380 time=109.40 ms | v=5.136 bg=0.00148 ba=0.32132
[tight-lio] t=1317401158.055 corr=3385 lidar=ok rms=0.0363 time=100.96 ms | v=5.077 bg=0.00159 ba=0.31981
[tight-lio] t=1317401158.159 corr=3002 lidar=ok rms=0.0431 time=102.10 ms | v=5.040 bg=0.00157 ba=0.31941
[tight-lio] t=1317401158.262 corr=2952 lidar=ok rms=0.0557 time=97.23 ms | v=5.019 bg=0.00154 ba=0.31884
[tight-lio] t=1317401158.366 corr=3008 lidar=ok rms=0.0683 time=101.94 ms | v=5.002 bg=0.00135 ba=0.31883
[tight-lio] t=1317401158.470 corr=3119 lidar=ok rms=0.0282 time=97.11 ms | v=5.005 bg=0.00122 ba=0.31871
[tight-lio] t=1317401158.573 corr=3127 lidar=ok rms=0.0383 time=104.11 ms | v=5.034 bg=0.00111 ba=0.31792
[tight-lio] t=1317401158.677 corr=3088 lidar=ok rms=0.0332 time=94.86 ms | v=5.108 bg=0.00105 ba=0.31792
[tight-lio] t=1317401158.781 corr=3084 lidar=ok rms=0.0355 time=101.82 ms | v=5.185 bg=0.00111 ba=0.31876
[tight-lio] t=1317401158.885 corr=3144 lidar=ok rms=0.0340 time=100.75 ms | v=5.286 bg=0.00111 ba=0.31807
[tight-lio] t=1317401158.988 corr=3169 lidar=ok rms=0.0376 time=97.99 ms | v=5.404 bg=0.00109 ba=0.31572
[tight-lio] t=1317401159.092 corr=3109 lidar=ok rms=0.0348 time=73.14 ms | v=5.504 bg=0.00096 ba=0.31290
[tight-lio] t=1317401159.196 corr=3039 lidar=ok rms=0.0345 time=108.06 ms | v=5.578 bg=0.00080 ba=0.31296
[tight-lio] t=1317401159.299 corr=3066 lidar=ok rms=0.0374 time=94.70 ms | v=5.691 bg=0.00071 ba=0.31059
[tight-lio] t=1317401159.403 corr=3050 lidar=ok rms=0.0442 time=95.18 ms | v=5.807 bg=0.00068 ba=0.30926
[tight-lio] t=1317401159.507 corr=2976 lidar=ok rms=0.0442 time=98.76 ms | v=5.888 bg=0.00076 ba=0.30817
[tight-lio] t=1317401159.611 corr=2991 lidar=ok rms=0.0494 time=111.08 ms | v=5.981 bg=0.00089 ba=0.30658
[tight-lio] t=1317401159.714 corr=2859 lidar=ok rms=0.0548 time=94.44 ms | v=6.090 bg=0.00108 ba=0.30559
[tight-lio] t=1317401159.818 corr=2826 lidar=ok rms=0.0405 time=93.82 ms | v=6.203 bg=0.00103 ba=0.30396
[tight-lio] t=1317401159.922 corr=2819 lidar=ok rms=0.0682 time=95.03 ms | v=6.295 bg=0.00108 ba=0.30250
[tight-lio] t=1317401160.026 corr=2879 lidar=ok rms=0.0859 time=108.28 ms | v=6.371 bg=0.00105 ba=0.30051
[tight-lio] t=1317401160.130 corr=2859 lidar=ok rms=0.0376 time=94.30 ms | v=6.494 bg=0.00092 ba=0.29918
[tight-lio] t=1317401160.234 corr=2611 lidar=ok rms=0.0430 time=94.31 ms | v=6.576 bg=0.00077 ba=0.29784
[tight-lio] t=1317401160.338 corr=2821 lidar=ok rms=0.0664 time=93.75 ms | v=6.690 bg=0.00077 ba=0.29621
[tight-lio] t=1317401160.442 corr=2904 lidar=ok rms=0.0553 time=99.50 ms | v=6.799 bg=0.00090 ba=0.29445
[tight-lio] t=1317401160.546 corr=2532 lidar=ok rms=0.0419 time=86.68 ms | v=6.940 bg=0.00107 ba=0.29194
[tight-lio] t=1317401160.650 corr=2442 lidar=ok rms=0.0565 time=84.62 ms | v=7.076 bg=0.00125 ba=0.28746
[tight-lio] t=1317401160.754 corr=2360 lidar=ok rms=0.0412 time=82.54 ms | v=7.195 bg=0.00135 ba=0.28579
[tight-lio] t=1317401160.859 corr=2512 lidar=ok rms=0.0446 time=86.21 ms | v=7.310 bg=0.00137 ba=0.28218
[tight-lio] t=1317401160.963 corr=2500 lidar=ok rms=0.0414 time=83.55 ms | v=7.418 bg=0.00136 ba=0.27882
[tight-lio] t=1317401161.067 corr=2482 lidar=ok rms=0.0439 time=84.18 ms | v=7.504 bg=0.00140 ba=0.27608
[tight-lio] t=1317401161.172 corr=2238 lidar=ok rms=0.0400 time=80.34 ms | v=7.631 bg=0.00152 ba=0.27114
[tight-lio] t=1317401161.276 corr=2789 lidar=ok rms=0.0379 time=84.46 ms | v=7.742 bg=0.00153 ba=0.26613
[tight-lio] t=1317401161.380 corr=2648 lidar=ok rms=0.0549 time=86.38 ms | v=7.863 bg=0.00176 ba=0.26257
[tight-lio] t=1317401161.485 corr=2197 lidar=ok rms=0.0984 time=77.53 ms | v=7.981 bg=0.00167 ba=0.25866
[tight-lio] t=1317401161.589 corr=2347 lidar=ok rms=0.0416 time=80.35 ms | v=8.111 bg=0.00170 ba=0.25443
[tight-lio] t=1317401161.693 corr=2405 lidar=ok rms=0.0427 time=80.71 ms | v=8.237 bg=0.00172 ba=0.24911
[tight-lio] t=1317401161.797 corr=2303 lidar=ok rms=0.0389 time=84.90 ms | v=8.361 bg=0.00180 ba=0.24621
[tight-lio] t=1317401161.901 corr=2235 lidar=ok rms=0.0437 time=80.31 ms | v=8.492 bg=0.00180 ba=0.24257
[tight-lio] t=1317401162.005 corr=2119 lidar=ok rms=0.0421 time=77.48 ms | v=8.602 bg=0.00186 ba=0.24211
[tight-lio] t=1317401162.110 corr=2015 lidar=ok rms=0.0395 time=80.31 ms | v=8.713 bg=0.00199 ba=0.24130
[tight-lio] t=1317401162.214 corr=2334 lidar=ok rms=0.0411 time=80.00 ms | v=8.826 bg=0.00195 ba=0.24026
[tight-lio] t=1317401162.318 corr=2105 lidar=ok rms=0.0776 time=77.54 ms | v=8.946 bg=0.00201 ba=0.23942
[tight-lio] t=1317401162.422 corr=2145 lidar=ok rms=0.0399 time=78.71 ms | v=9.083 bg=0.00206 ba=0.23695
[tight-lio] t=1317401162.526 corr=1806 lidar=ok rms=0.0378 time=75.15 ms | v=9.195 bg=0.00215 ba=0.23730
[tight-lio] t=1317401162.630 corr=1942 lidar=ok rms=0.0375 time=76.81 ms | v=9.314 bg=0.00211 ba=0.23581
[tight-lio] t=1317401162.734 corr=1971 lidar=ok rms=0.0512 time=79.24 ms | v=9.455 bg=0.00205 ba=0.23323
[tight-lio] t=1317401162.838 corr=1847 lidar=ok rms=0.0374 time=79.06 ms | v=9.587 bg=0.00212 ba=0.23244
[tight-lio] t=1317401162.942 corr=1817 lidar=ok rms=0.0449 time=80.21 ms | v=9.709 bg=0.00226 ba=0.23260
[tight-lio] t=1317401163.045 corr=2140 lidar=ok rms=0.0430 time=84.87 ms | v=9.836 bg=0.00237 ba=0.23240
[tight-lio] t=1317401163.149 corr=2093 lidar=ok rms=0.0525 time=78.80 ms | v=9.974 bg=0.00211 ba=0.22990
[tight-lio] t=1317401163.253 corr=2145 lidar=ok rms=0.0366 time=80.71 ms | v=10.093 bg=0.00215 ba=0.22846
[tight-lio] t=1317401163.357 corr=2008 lidar=ok rms=0.0318 time=78.93 ms | v=10.195 bg=0.00217 ba=0.22901
[tight-lio] t=1317401163.461 corr=2136 lidar=ok rms=0.0329 time=80.38 ms | v=10.290 bg=0.00218 ba=0.22969
[tight-lio] t=1317401163.565 corr=2048 lidar=ok rms=0.0336 time=76.89 ms | v=10.347 bg=0.00219 ba=0.22963
[tight-lio] t=1317401163.669 corr=2303 lidar=ok rms=0.0380 time=87.12 ms | v=10.334 bg=0.00205 ba=0.23003
[tight-lio] t=1317401163.773 corr=2119 lidar=ok rms=0.0393 time=109.53 ms | v=10.300 bg=0.00192 ba=0.23057
[tight-lio] t=1317401163.876 corr=2270 lidar=ok rms=0.0401 time=84.41 ms | v=10.293 bg=0.00197 ba=0.23019
[tight-lio] t=1317401163.980 corr=2611 lidar=ok rms=0.0385 time=87.08 ms | v=10.324 bg=0.00204 ba=0.22821
[tight-lio] t=1317401164.084 corr=2542 lidar=ok rms=0.0429 time=82.25 ms | v=10.330 bg=0.00208 ba=0.22851
[tight-lio] t=1317401164.188 corr=2308 lidar=ok rms=0.0406 time=80.81 ms | v=10.329 bg=0.00205 ba=0.22812
[tight-lio] t=1317401164.292 corr=2236 lidar=ok rms=0.0451 time=58.00 ms | v=10.310 bg=0.00206 ba=0.22862
[tight-lio] t=1317401164.396 corr=2098 lidar=ok rms=0.0455 time=77.19 ms | v=10.284 bg=0.00207 ba=0.22982
[tight-lio] t=1317401164.500 corr=2129 lidar=ok rms=0.0340 time=78.44 ms | v=10.264 bg=0.00210 ba=0.22970
[tight-lio] t=1317401164.603 corr=2312 lidar=ok rms=0.0395 time=80.73 ms | v=10.242 bg=0.00209 ba=0.22962
[tight-lio] t=1317401164.707 corr=2132 lidar=ok rms=0.0412 time=79.49 ms | v=10.163 bg=0.00219 ba=0.23053
[tight-lio] t=1317401164.811 corr=1973 lidar=ok rms=0.0451 time=77.83 ms | v=10.018 bg=0.00211 ba=0.23344
[tight-lio] t=1317401164.915 corr=1714 lidar=ok rms=0.0600 time=56.84 ms | v=9.861 bg=0.00217 ba=0.23492
[tight-lio] t=1317401165.019 corr=2193 lidar=ok rms=0.0726 time=84.30 ms | v=9.700 bg=0.00221 ba=0.23648
[tight-lio] t=1317401165.123 corr=2216 lidar=ok rms=0.0553 time=88.14 ms | v=9.523 bg=0.00248 ba=0.23857
[tight-lio] t=1317401165.227 corr=1697 lidar=ok rms=0.0533 time=73.79 ms | v=9.347 bg=0.00256 ba=0.23999
[tight-lio] t=1317401165.331 corr=1753 lidar=ok rms=0.0408 time=74.94 ms | v=9.140 bg=0.00242 ba=0.24031
[tight-lio] t=1317401165.435 corr=1729 lidar=ok rms=0.0448 time=75.59 ms | v=8.903 bg=0.00233 ba=0.24195
[tight-lio] t=1317401165.539 corr=1480 lidar=ok rms=0.0354 time=68.55 ms | v=8.673 bg=0.00235 ba=0.24282
[tight-lio] t=1317401165.643 corr=1851 lidar=ok rms=0.0516 time=75.01 ms | v=8.439 bg=0.00245 ba=0.24477
[tight-lio] t=1317401165.747 corr=1778 lidar=ok rms=0.0661 time=71.27 ms | v=8.237 bg=0.00244 ba=0.24610
[tight-lio] t=1317401165.851 corr=1718 lidar=ok rms=0.0541 time=74.67 ms | v=8.126 bg=0.00238 ba=0.24793
[tight-lio] t=1317401165.955 corr=1620 lidar=ok rms=0.0436 time=69.60 ms | v=8.080 bg=0.00233 ba=0.24828
[tight-lio] t=1317401166.059 corr=1860 lidar=ok rms=0.0456 time=70.18 ms | v=8.057 bg=0.00229 ba=0.24863
[tight-lio] t=1317401166.163 corr=1793 lidar=ok rms=0.0380 time=66.93 ms | v=8.044 bg=0.00231 ba=0.24891
[tight-lio] t=1317401166.267 corr=1643 lidar=ok rms=0.0441 time=67.92 ms | v=8.037 bg=0.00236 ba=0.24887
[tight-lio] t=1317401166.371 corr=1574 lidar=ok rms=0.0343 time=62.04 ms | v=8.024 bg=0.00230 ba=0.24741
[tight-lio] t=1317401166.475 corr=1710 lidar=ok rms=0.0697 time=44.60 ms | v=7.997 bg=0.00223 ba=0.24757
[tight-lio] t=1317401166.579 corr=1785 lidar=ok rms=0.0491 time=64.41 ms | v=7.969 bg=0.00216 ba=0.24848
[tight-lio] t=1317401166.683 corr=1580 lidar=ok rms=0.0688 time=72.76 ms | v=7.946 bg=0.00223 ba=0.24962
[tight-lio] t=1317401166.787 corr=1442 lidar=ok rms=0.0728 time=67.95 ms | v=7.951 bg=0.00244 ba=0.24969
[tight-lio] t=1317401166.891 corr=1605 lidar=ok rms=0.0516 time=72.87 ms | v=7.973 bg=0.00279 ba=0.25099
[tight-lio] t=1317401166.995 corr=1739 lidar=ok rms=0.0668 time=69.83 ms | v=7.956 bg=0.00270 ba=0.25275
[tight-lio] t=1317401167.099 corr=1559 lidar=ok rms=0.0344 time=70.26 ms | v=7.920 bg=0.00253 ba=0.25414
[tight-lio] t=1317401167.203 corr=1902 lidar=ok rms=0.0413 time=71.69 ms | v=7.900 bg=0.00238 ba=0.25512
[tight-lio] t=1317401167.307 corr=1819 lidar=ok rms=0.0598 time=75.33 ms | v=7.890 bg=0.00251 ba=0.25683
[tight-lio] t=1317401167.411 corr=2082 lidar=ok rms=0.0463 time=78.92 ms | v=7.875 bg=0.00237 ba=0.26148
[tight-lio] t=1317401167.515 corr=1886 lidar=ok rms=0.0524 time=71.26 ms | v=7.945 bg=0.00237 ba=0.26060
[tight-lio] t=1317401167.619 corr=1663 lidar=ok rms=0.0505 time=87.97 ms | v=8.010 bg=0.00230 ba=0.26051
[tight-lio] t=1317401167.723 corr=1511 lidar=ok rms=0.0649 time=66.70 ms | v=8.064 bg=0.00220 ba=0.26178
[tight-lio] t=1317401167.827 corr=1400 lidar=ok rms=0.0423 time=66.44 ms | v=8.109 bg=0.00226 ba=0.26402
[tight-lio] t=1317401167.931 corr=1376 lidar=ok rms=0.0539 time=68.39 ms | v=8.143 bg=0.00221 ba=0.26659
[tight-lio] t=1317401168.035 corr=1651 lidar=ok rms=0.0482 time=69.67 ms | v=8.160 bg=0.00211 ba=0.26814
[tight-lio] t=1317401168.139 corr=1425 lidar=ok rms=0.0600 time=67.41 ms | v=8.178 bg=0.00211 ba=0.26871
[tight-lio] t=1317401168.243 corr=1704 lidar=ok rms=0.0347 time=76.24 ms | v=8.166 bg=0.00207 ba=0.27126
[tight-lio] t=1317401168.347 corr=1797 lidar=ok rms=0.0537 time=95.24 ms | v=8.154 bg=0.00210 ba=0.27378
[tight-lio] t=1317401168.451 corr=1612 lidar=ok rms=0.0374 time=71.33 ms | v=8.147 bg=0.00210 ba=0.27520
[tight-lio] t=1317401168.555 corr=1491 lidar=ok rms=0.0481 time=71.60 ms | v=8.149 bg=0.00204 ba=0.27593
[tight-lio] t=1317401168.659 corr=1370 lidar=ok rms=0.0380 time=68.83 ms | v=8.071 bg=0.00204 ba=0.28252
[tight-lio] t=1317401168.763 corr=1471 lidar=ok rms=0.0875 time=70.10 ms | v=8.067 bg=0.00195 ba=0.28345
[tight-lio] t=1317401168.867 corr=1628 lidar=ok rms=0.0536 time=73.57 ms | v=8.068 bg=0.00205 ba=0.28554
[tight-lio] t=1317401168.971 corr=1914 lidar=ok rms=0.1057 time=75.14 ms | v=8.079 bg=0.00202 ba=0.28748
[tight-lio] t=1317401169.075 corr=2112 lidar=ok rms=0.0483 time=78.15 ms | v=8.126 bg=0.00211 ba=0.28846
[tight-lio] t=1317401169.179 corr=2314 lidar=ok rms=0.0576 time=78.73 ms | v=8.193 bg=0.00212 ba=0.28993
[tight-lio] t=1317401169.283 corr=2092 lidar=ok rms=0.0374 time=77.92 ms | v=8.275 bg=0.00220 ba=0.29052
[tight-lio] t=1317401169.387 corr=2122 lidar=ok rms=0.0509 time=77.72 ms | v=8.337 bg=0.00224 ba=0.29281
[tight-lio] t=1317401169.491 corr=2252 lidar=ok rms=0.0668 time=83.96 ms | v=8.377 bg=0.00212 ba=0.29616
[tight-lio] t=1317401169.595 corr=2091 lidar=ok rms=0.0350 time=76.63 ms | v=8.445 bg=0.00203 ba=0.29738
[tight-lio] t=1317401169.699 corr=2121 lidar=ok rms=0.0500 time=79.92 ms | v=8.543 bg=0.00204 ba=0.29719
[tight-lio] t=1317401169.803 corr=1907 lidar=ok rms=0.0335 time=83.64 ms | v=8.633 bg=0.00213 ba=0.29810
[tight-lio] t=1317401169.906 corr=2047 lidar=ok rms=0.0383 time=79.42 ms | v=8.729 bg=0.00212 ba=0.29906
[tight-lio] t=1317401170.010 corr=2064 lidar=ok rms=0.0984 time=77.99 ms | v=8.825 bg=0.00214 ba=0.30089
[tight-lio] t=1317401170.114 corr=2020 lidar=ok rms=0.0364 time=77.75 ms | v=8.901 bg=0.00213 ba=0.30253
[tight-lio] t=1317401170.218 corr=2107 lidar=ok rms=0.0384 time=56.91 ms | v=8.987 bg=0.00208 ba=0.30326
[tight-lio] t=1317401170.322 corr=2035 lidar=ok rms=0.0352 time=59.28 ms | v=9.047 bg=0.00209 ba=0.30568
[tight-lio] t=1317401170.426 corr=2056 lidar=ok rms=0.0402 time=78.76 ms | v=9.141 bg=0.00213 ba=0.30602
[tight-lio] t=1317401170.530 corr=2145 lidar=ok rms=0.0380 time=79.77 ms | v=9.208 bg=0.00209 ba=0.30726
[tight-lio] t=1317401170.634 corr=2036 lidar=ok rms=0.0362 time=76.21 ms | v=9.235 bg=0.00203 ba=0.31018
[tight-lio] t=1317401170.738 corr=2109 lidar=ok rms=0.0526 time=56.83 ms | v=9.253 bg=0.00199 ba=0.31271
[tight-lio] t=1317401170.842 corr=1928 lidar=ok rms=0.0312 time=75.92 ms | v=9.261 bg=0.00207 ba=0.31533
[tight-lio] t=1317401170.946 corr=1947 lidar=ok rms=0.0446 time=77.41 ms | v=9.280 bg=0.00209 ba=0.31662
[tight-lio] t=1317401171.050 corr=1925 lidar=ok rms=0.0385 time=77.33 ms | v=9.289 bg=0.00211 ba=0.31836
[tight-lio] t=1317401171.154 corr=1943 lidar=ok rms=0.0387 time=77.15 ms | v=9.305 bg=0.00213 ba=0.31939
[tight-lio] t=1317401171.258 corr=1928 lidar=ok rms=0.0376 time=76.50 ms | v=9.291 bg=0.00212 ba=0.32194
[tight-lio] t=1317401171.362 corr=2093 lidar=ok rms=0.0306 time=76.39 ms | v=9.282 bg=0.00216 ba=0.32359
[tight-lio] t=1317401171.466 corr=1962 lidar=ok rms=0.0371 time=75.74 ms | v=9.272 bg=0.00221 ba=0.32463
[tight-lio] t=1317401171.569 corr=2201 lidar=ok rms=0.0386 time=79.00 ms | v=9.252 bg=0.00227 ba=0.32700
[tight-lio] t=1317401171.673 corr=1778 lidar=ok rms=0.0416 time=73.37 ms | v=9.220 bg=0.00224 ba=0.32898
[tight-lio] t=1317401171.777 corr=1787 lidar=ok rms=0.0348 time=73.61 ms | v=9.169 bg=0.00223 ba=0.33022
[tight-lio] t=1317401171.881 corr=1890 lidar=ok rms=0.0572 time=74.61 ms | v=9.129 bg=0.00216 ba=0.33172
[tight-lio] t=1317401171.985 corr=2054 lidar=ok rms=0.0909 time=75.75 ms | v=9.089 bg=0.00206 ba=0.33352
[tight-lio] t=1317401172.089 corr=1955 lidar=ok rms=0.1248 time=75.22 ms | v=9.041 bg=0.00196 ba=0.33630
[tight-lio] t=1317401172.193 corr=1893 lidar=ok rms=0.0475 time=77.15 ms | v=9.007 bg=0.00215 ba=0.33861
[tight-lio] t=1317401172.297 corr=1867 lidar=ok rms=0.0627 time=74.16 ms | v=8.971 bg=0.00229 ba=0.33980
[tight-lio] t=1317401172.401 corr=1817 lidar=ok rms=0.0352 time=74.07 ms | v=8.926 bg=0.00213 ba=0.34171
[tight-lio] t=1317401172.505 corr=1909 lidar=ok rms=0.0360 time=73.12 ms | v=8.897 bg=0.00207 ba=0.34347
[tight-lio] t=1317401172.609 corr=1736 lidar=ok rms=0.0423 time=77.78 ms | v=8.869 bg=0.00223 ba=0.34578
[tight-lio] t=1317401172.713 corr=1924 lidar=ok rms=0.0348 time=68.59 ms | v=8.856 bg=0.00223 ba=0.34670
[tight-lio] t=1317401172.817 corr=2004 lidar=ok rms=0.0650 time=58.70 ms | v=8.768 bg=0.00214 ba=0.35154
[tight-lio] t=1317401172.921 corr=2093 lidar=ok rms=0.0559 time=54.28 ms | v=8.716 bg=0.00204 ba=0.35375
[tight-lio] t=1317401173.024 corr=2107 lidar=ok rms=0.0381 time=53.53 ms | v=8.673 bg=0.00211 ba=0.35514
[tight-lio] t=1317401173.128 corr=1985 lidar=ok rms=0.0315 time=76.48 ms | v=8.603 bg=0.00220 ba=0.35601
[tight-lio] t=1317401173.232 corr=2163 lidar=ok rms=0.0369 time=78.53 ms | v=8.508 bg=0.00212 ba=0.35833
[tight-lio] t=1317401173.336 corr=2176 lidar=ok rms=0.0575 time=88.39 ms | v=8.399 bg=0.00209 ba=0.36166
[tight-lio] t=1317401173.440 corr=2207 lidar=ok rms=0.0402 time=79.32 ms | v=8.339 bg=0.00202 ba=0.36110
[tight-lio] t=1317401173.544 corr=2178 lidar=ok rms=0.0496 time=57.21 ms | v=8.305 bg=0.00193 ba=0.36093
[tight-lio] t=1317401173.648 corr=2199 lidar=ok rms=0.0844 time=92.00 ms | v=8.313 bg=0.00193 ba=0.35956
[tight-lio] t=1317401173.752 corr=1896 lidar=ok rms=0.0807 time=77.00 ms | v=8.293 bg=0.00194 ba=0.36007
[tight-lio] t=1317401173.856 corr=1744 lidar=ok rms=0.0622 time=81.48 ms | v=8.278 bg=0.00208 ba=0.36197
[tight-lio] t=1317401173.960 corr=1906 lidar=ok rms=0.0633 time=76.86 ms | v=8.244 bg=0.00213 ba=0.36528
[tight-lio] t=1317401174.064 corr=1937 lidar=ok rms=0.0389 time=54.41 ms | v=8.221 bg=0.00209 ba=0.36625
[tight-lio] t=1317401174.168 corr=1702 lidar=ok rms=0.0462 time=73.12 ms | v=8.186 bg=0.00204 ba=0.36880
[tight-lio] t=1317401174.272 corr=1830 lidar=ok rms=0.0947 time=81.98 ms | v=8.180 bg=0.00207 ba=0.36900
[tight-lio] t=1317401174.376 corr=1766 lidar=ok rms=0.0617 time=59.24 ms | v=8.184 bg=0.00203 ba=0.36859
[tight-lio] t=1317401174.480 corr=1992 lidar=ok rms=0.0434 time=57.73 ms | v=8.147 bg=0.00193 ba=0.37054
[tight-lio] t=1317401174.584 corr=2085 lidar=ok rms=0.0439 time=81.68 ms | v=8.121 bg=0.00179 ba=0.37340
[tight-lio] t=1317401174.688 corr=1910 lidar=ok rms=0.0480 time=77.66 ms | v=8.136 bg=0.00175 ba=0.37491
[tight-lio] t=1317401174.792 corr=1857 lidar=ok rms=0.0430 time=76.89 ms | v=8.151 bg=0.00188 ba=0.37865
[tight-lio] t=1317401174.896 corr=1942 lidar=ok rms=0.0490 time=76.63 ms | v=8.212 bg=0.00196 ba=0.37989
[tight-lio] t=1317401175.000 corr=1995 lidar=ok rms=0.0665 time=78.61 ms | v=8.262 bg=0.00198 ba=0.38190
[tight-lio] t=1317401175.104 corr=2031 lidar=ok rms=0.0345 time=81.73 ms | v=8.304 bg=0.00188 ba=0.38225
[tight-lio] t=1317401175.208 corr=2195 lidar=ok rms=0.0499 time=89.39 ms | v=8.331 bg=0.00174 ba=0.38252
[tight-lio] t=1317401175.312 corr=2315 lidar=ok rms=0.0519 time=92.14 ms | v=8.347 bg=0.00180 ba=0.38564
[tight-lio] t=1317401175.416 corr=2105 lidar=ok rms=0.0568 time=89.58 ms | v=8.287 bg=0.00184 ba=0.39374
[tight-lio] t=1317401175.520 corr=2064 lidar=ok rms=0.0393 time=77.06 ms | v=8.341 bg=0.00188 ba=0.39481
[tight-lio] t=1317401175.624 corr=1980 lidar=ok rms=0.0419 time=77.15 ms | v=8.398 bg=0.00188 ba=0.39517
[tight-lio] t=1317401175.728 corr=1863 lidar=ok rms=0.0403 time=81.64 ms | v=8.450 bg=0.00185 ba=0.39609
[tight-lio] t=1317401175.832 corr=1604 lidar=ok rms=0.0929 time=73.48 ms | v=8.503 bg=0.00187 ba=0.39606
[tight-lio] t=1317401175.935 corr=1695 lidar=ok rms=0.0542 time=77.46 ms | v=8.555 bg=0.00182 ba=0.39549
[tight-lio] t=1317401176.039 corr=1741 lidar=ok rms=0.0440 time=74.39 ms | v=8.583 bg=0.00178 ba=0.39561
[tight-lio] t=1317401176.143 corr=1985 lidar=ok rms=0.0353 time=76.99 ms | v=8.606 bg=0.00178 ba=0.39668
[tight-lio] t=1317401176.247 corr=2014 lidar=ok rms=0.0447 time=79.82 ms | v=8.620 bg=0.00188 ba=0.39791
[tight-lio] t=1317401176.351 corr=1819 lidar=ok rms=0.0321 time=76.59 ms | v=8.606 bg=0.00191 ba=0.39978
[tight-lio] t=1317401176.455 corr=2013 lidar=ok rms=0.0395 time=80.19 ms | v=8.565 bg=0.00184 ba=0.40295
[tight-lio] t=1317401176.559 corr=1910 lidar=ok rms=0.0309 time=55.68 ms | v=8.560 bg=0.00187 ba=0.40340
[tight-lio] t=1317401176.663 corr=2103 lidar=ok rms=0.0435 time=58.01 ms | v=8.552 bg=0.00184 ba=0.40395
[tight-lio] t=1317401176.767 corr=2177 lidar=ok rms=0.0318 time=59.01 ms | v=8.527 bg=0.00177 ba=0.40504
[tight-lio] t=1317401176.871 corr=2368 lidar=ok rms=0.0388 time=83.93 ms | v=8.503 bg=0.00167 ba=0.40612
[tight-lio] t=1317401176.975 corr=2006 lidar=ok rms=0.0481 time=80.38 ms | v=8.515 bg=0.00165 ba=0.40539
[tight-lio] t=1317401177.079 corr=2219 lidar=ok rms=0.0809 time=82.01 ms | v=8.529 bg=0.00167 ba=0.40746
[tight-lio] t=1317401177.183 corr=2480 lidar=ok rms=0.0334 time=87.96 ms | v=8.479 bg=0.00178 ba=0.40952
[tight-lio] t=1317401177.287 corr=2469 lidar=ok rms=0.0360 time=91.85 ms | v=8.395 bg=0.00172 ba=0.41197
[tight-lio] t=1317401177.391 corr=2746 lidar=ok rms=0.0355 time=88.95 ms | v=8.296 bg=0.00166 ba=0.41469
[tight-lio] t=1317401177.495 corr=2927 lidar=ok rms=0.0610 time=96.37 ms | v=8.257 bg=0.00165 ba=0.41455
[tight-lio] t=1317401177.599 corr=2773 lidar=ok rms=0.0384 time=64.39 ms | v=8.161 bg=0.00167 ba=0.41545
[tight-lio] t=1317401177.702 corr=2705 lidar=ok rms=0.0414 time=63.44 ms | v=8.019 bg=0.00163 ba=0.41777
[tight-lio] t=1317401177.806 corr=2675 lidar=ok rms=0.0376 time=63.09 ms | v=7.861 bg=0.00160 ba=0.42137
[tight-lio] t=1317401177.910 corr=2389 lidar=ok rms=0.0327 time=85.46 ms | v=7.735 bg=0.00173 ba=0.42198
[tight-lio] t=1317401178.014 corr=2583 lidar=ok rms=0.0400 time=86.49 ms | v=7.570 bg=0.00174 ba=0.42510
[tight-lio] t=1317401178.118 corr=2547 lidar=ok rms=0.0401 time=85.89 ms | v=7.380 bg=0.00175 ba=0.42738
[tight-lio] t=1317401178.222 corr=2712 lidar=ok rms=0.0348 time=89.60 ms | v=7.179 bg=0.00171 ba=0.43019
[tight-lio] t=1317401178.326 corr=2571 lidar=ok rms=0.0377 time=85.23 ms | v=6.977 bg=0.00167 ba=0.43214
[tight-lio] t=1317401178.430 corr=2830 lidar=ok rms=0.0321 time=88.21 ms | v=6.766 bg=0.00176 ba=0.43371
[tight-lio] t=1317401178.535 corr=2773 lidar=ok rms=0.0351 time=87.31 ms | v=6.548 bg=0.00197 ba=0.43511
[tight-lio] t=1317401178.639 corr=2749 lidar=ok rms=0.0293 time=88.19 ms | v=6.332 bg=0.00206 ba=0.43627
[tight-lio] t=1317401178.743 corr=2727 lidar=ok rms=0.0280 time=89.17 ms | v=6.095 bg=0.00200 ba=0.43833
[tight-lio] t=1317401178.847 corr=2864 lidar=ok rms=0.0313 time=93.80 ms | v=5.877 bg=0.00205 ba=0.43879
[tight-lio] t=1317401178.951 corr=2878 lidar=ok rms=0.0385 time=90.09 ms | v=5.678 bg=0.00209 ba=0.44002
[tight-lio] t=1317401179.055 corr=2877 lidar=ok rms=0.0298 time=62.26 ms | v=5.506 bg=0.00209 ba=0.44150
[tight-lio] t=1317401179.159 corr=2989 lidar=ok rms=0.0270 time=93.47 ms | v=5.338 bg=0.00204 ba=0.44364
[tight-lio] t=1317401179.263 corr=3146 lidar=ok rms=0.0294 time=95.04 ms | v=5.170 bg=0.00201 ba=0.44581
[tight-lio] t=1317401179.368 corr=3292 lidar=ok rms=0.0317 time=96.62 ms | v=5.012 bg=0.00199 ba=0.44832
[tight-lio] t=1317401179.472 corr=3431 lidar=ok rms=0.0340 time=98.21 ms | v=4.839 bg=0.00210 ba=0.45060
[tight-lio] t=1317401179.576 corr=3366 lidar=ok rms=0.0286 time=70.39 ms | v=4.698 bg=0.00217 ba=0.45220
[tight-lio] t=1317401179.680 corr=3402 lidar=ok rms=0.0328 time=102.86 ms | v=4.647 bg=0.00235 ba=0.45231
[tight-lio] t=1317401179.784 corr=3458 lidar=ok rms=0.0323 time=109.52 ms | v=4.625 bg=0.00257 ba=0.45236
[tight-lio] t=1317401179.889 corr=3629 lidar=ok rms=0.0692 time=119.71 ms | v=4.609 bg=0.00262 ba=0.45290
[tight-lio] t=1317401179.993 corr=3606 lidar=ok rms=0.0728 time=114.70 ms | v=4.554 bg=0.00267 ba=0.45538
[tight-lio] t=1317401180.097 corr=3460 lidar=ok rms=0.0355 time=98.15 ms | v=4.519 bg=0.00265 ba=0.45581
[tight-lio] t=1317401180.201 corr=3523 lidar=ok rms=0.0302 time=103.16 ms | v=4.516 bg=0.00258 ba=0.45349
[tight-lio] t=1317401180.305 corr=3637 lidar=ok rms=0.0312 time=77.01 ms | v=4.508 bg=0.00257 ba=0.45203
[tight-lio] t=1317401180.409 corr=3588 lidar=ok rms=0.0275 time=99.99 ms | v=4.488 bg=0.00249 ba=0.45178
[tight-lio] t=1317401180.514 corr=3495 lidar=ok rms=0.0312 time=105.55 ms | v=4.488 bg=0.00256 ba=0.45205
[tight-lio] t=1317401180.618 corr=3332 lidar=ok rms=0.0271 time=70.12 ms | v=4.551 bg=0.00248 ba=0.45164
[tight-lio] t=1317401180.722 corr=3482 lidar=ok rms=0.0288 time=107.48 ms | v=4.643 bg=0.00226 ba=0.45284
[tight-lio] t=1317401180.826 corr=3366 lidar=ok rms=0.0293 time=100.66 ms | v=4.779 bg=0.00212 ba=0.45234
[tight-lio] t=1317401180.930 corr=3546 lidar=ok rms=0.0517 time=102.17 ms | v=4.942 bg=0.00216 ba=0.45235
[tight-lio] t=1317401181.034 corr=3591 lidar=ok rms=0.0290 time=101.83 ms | v=5.138 bg=0.00223 ba=0.45220
[tight-lio] t=1317401181.138 corr=3301 lidar=ok rms=0.0355 time=99.49 ms | v=5.356 bg=0.00242 ba=0.45024
[tight-lio] t=1317401181.242 corr=3290 lidar=ok rms=0.0296 time=96.39 ms | v=5.542 bg=0.00257 ba=0.45089
[tight-lio] t=1317401181.346 corr=3356 lidar=ok rms=0.0337 time=108.41 ms | v=5.729 bg=0.00241 ba=0.44990
[tight-lio] t=1317401181.450 corr=3280 lidar=ok rms=0.0334 time=100.50 ms | v=5.874 bg=0.00233 ba=0.45073
[tight-lio] t=1317401181.554 corr=3296 lidar=ok rms=0.0263 time=70.13 ms | v=6.057 bg=0.00217 ba=0.44850
[tight-lio] t=1317401181.659 corr=3407 lidar=ok rms=0.0292 time=102.09 ms | v=6.224 bg=0.00211 ba=0.44738
[tight-lio] t=1317401181.763 corr=3331 lidar=ok rms=0.0376 time=106.15 ms | v=6.371 bg=0.00219 ba=0.44835
[tight-lio] t=1317401181.867 corr=3280 lidar=ok rms=0.0273 time=104.03 ms | v=6.553 bg=0.00200 ba=0.44558
[tight-lio] t=1317401181.970 corr=3282 lidar=ok rms=0.0295 time=101.94 ms | v=6.730 bg=0.00183 ba=0.44330
[tight-lio] t=1317401182.074 corr=3341 lidar=ok rms=0.0293 time=139.69 ms | v=6.905 bg=0.00177 ba=0.44145
[tight-lio] t=1317401182.178 corr=3418 lidar=ok rms=0.0342 time=108.49 ms | v=7.094 bg=0.00162 ba=0.43838
[tight-lio] t=1317401182.282 corr=3494 lidar=ok rms=0.0315 time=115.59 ms | v=7.270 bg=0.00157 ba=0.43514
[tight-lio] t=1317401182.386 corr=3495 lidar=ok rms=0.0324 time=109.93 ms | v=7.428 bg=0.00148 ba=0.43422
[tight-lio] t=1317401182.489 corr=3604 lidar=ok rms=0.0327 time=108.08 ms | v=7.590 bg=0.00148 ba=0.43318
[tight-lio] t=1317401182.593 corr=3730 lidar=ok rms=0.0416 time=115.02 ms | v=7.770 bg=0.00134 ba=0.42930
[tight-lio] t=1317401182.697 corr=3741 lidar=ok rms=0.0376 time=110.72 ms | v=7.912 bg=0.00126 ba=0.42857
[tight-lio] t=1317401182.800 corr=3710 lidar=ok rms=0.0393 time=109.83 ms | v=8.084 bg=0.00116 ba=0.42563
[tight-lio] t=1317401182.904 corr=3880 lidar=ok rms=0.0356 time=113.70 ms | v=8.255 bg=0.00114 ba=0.42378
[tight-lio] t=1317401183.008 corr=3900 lidar=ok rms=0.0372 time=119.07 ms | v=8.425 bg=0.00123 ba=0.42254
[tight-lio] t=1317401183.111 corr=3825 lidar=ok rms=0.0357 time=102.59 ms | v=8.628 bg=0.00135 ba=0.41839
[tight-lio] t=1317401183.215 corr=3820 lidar=ok rms=0.0407 time=108.77 ms | v=8.799 bg=0.00136 ba=0.41570
[tight-lio] t=1317401183.319 corr=3897 lidar=ok rms=0.0399 time=115.57 ms | v=8.971 bg=0.00135 ba=0.41238
[tight-lio] t=1317401183.422 corr=3859 lidar=ok rms=0.0352 time=103.73 ms | v=9.088 bg=0.00143 ba=0.41160
[tight-lio] t=1317401183.526 corr=3903 lidar=ok rms=0.0344 time=102.05 ms | v=9.203 bg=0.00158 ba=0.40995
[tight-lio] t=1317401183.630 corr=3780 lidar=ok rms=0.0384 time=114.05 ms | v=9.308 bg=0.00145 ba=0.40736
[tight-lio] t=1317401183.733 corr=3961 lidar=ok rms=0.0373 time=105.95 ms | v=9.341 bg=0.00152 ba=0.40919
[tight-lio] t=1317401183.837 corr=3787 lidar=ok rms=0.0341 time=104.04 ms | v=9.399 bg=0.00158 ba=0.41051
[tight-lio] t=1317401183.941 corr=3944 lidar=ok rms=0.0348 time=112.79 ms | v=9.500 bg=0.00169 ba=0.40687
[tight-lio] t=1317401184.045 corr=3844 lidar=ok rms=0.0339 time=114.57 ms | v=9.562 bg=0.00171 ba=0.40599
[tight-lio] t=1317401184.148 corr=3825 lidar=ok rms=0.0283 time=102.75 ms | v=9.598 bg=0.00168 ba=0.40466
[tight-lio] t=1317401184.252 corr=3644 lidar=ok rms=0.0301 time=104.04 ms | v=9.619 bg=0.00170 ba=0.40382
[tight-lio] t=1317401184.356 corr=3767 lidar=ok rms=0.0292 time=117.47 ms | v=9.631 bg=0.00161 ba=0.40174
[tight-lio] t=1317401184.460 corr=3621 lidar=ok rms=0.0337 time=103.68 ms | v=9.625 bg=0.00157 ba=0.40129
[tight-lio] t=1317401184.563 corr=3612 lidar=ok rms=0.0468 time=106.93 ms | v=9.590 bg=0.00154 ba=0.40364
[tight-lio] t=1317401184.667 corr=3254 lidar=ok rms=0.0282 time=102.02 ms | v=9.588 bg=0.00163 ba=0.40217
[tight-lio] t=1317401184.771 corr=3432 lidar=ok rms=0.0324 time=102.11 ms | v=9.542 bg=0.00165 ba=0.40310
[tight-lio] t=1317401184.875 corr=3325 lidar=ok rms=0.0295 time=102.71 ms | v=9.523 bg=0.00166 ba=0.40090
[tight-lio] t=1317401184.979 corr=3204 lidar=ok rms=0.0352 time=98.85 ms | v=9.514 bg=0.00173 ba=0.39824
[tight-lio] t=1317401185.083 corr=3081 lidar=ok rms=0.0273 time=92.35 ms | v=9.499 bg=0.00179 ba=0.39723
[tight-lio] t=1317401185.186 corr=2847 lidar=ok rms=0.0256 time=93.69 ms | v=9.481 bg=0.00182 ba=0.39650
[tight-lio] t=1317401185.290 corr=2855 lidar=ok rms=0.0269 time=92.43 ms | v=9.443 bg=0.00182 ba=0.39799
[tight-lio] t=1317401185.394 corr=2684 lidar=ok rms=0.0249 time=92.89 ms | v=9.403 bg=0.00179 ba=0.39972
[tight-lio] t=1317401185.498 corr=2692 lidar=ok rms=0.0247 time=103.89 ms | v=9.364 bg=0.00174 ba=0.40049
[tight-lio] t=1317401185.602 corr=2747 lidar=ok rms=0.0356 time=94.48 ms | v=9.293 bg=0.00160 ba=0.40168
[tight-lio] t=1317401185.705 corr=2817 lidar=ok rms=0.0284 time=105.59 ms | v=9.207 bg=0.00167 ba=0.40237
[tight-lio] t=1317401185.809 corr=2724 lidar=ok rms=0.0436 time=97.59 ms | v=9.101 bg=0.00165 ba=0.40160
[tight-lio] t=1317401185.913 corr=2813 lidar=ok rms=0.0302 time=94.39 ms | v=8.985 bg=0.00163 ba=0.40007
[tight-lio] t=1317401186.017 corr=2716 lidar=ok rms=0.0328 time=107.99 ms | v=8.814 bg=0.00154 ba=0.40084
[tight-lio] t=1317401186.121 corr=2828 lidar=ok rms=0.0335 time=96.27 ms | v=8.590 bg=0.00151 ba=0.40452
[tight-lio] t=1317401186.225 corr=2862 lidar=ok rms=0.0404 time=100.93 ms | v=8.382 bg=0.00145 ba=0.40507
[tight-lio] t=1317401186.328 corr=2742 lidar=ok rms=0.0400 time=154.12 ms | v=8.143 bg=0.00150 ba=0.40673
[tight-lio] t=1317401186.432 corr=2760 lidar=ok rms=0.0364 time=104.88 ms | v=7.901 bg=0.00129 ba=0.41067
[tight-lio] t=1317401186.536 corr=2664 lidar=ok rms=0.0311 time=107.40 ms | v=7.707 bg=0.00155 ba=0.41083
[tight-lio] t=1317401186.640 corr=2639 lidar=ok rms=0.0341 time=67.88 ms | v=7.505 bg=0.00170 ba=0.41167
[tight-lio] t=1317401186.744 corr=2917 lidar=ok rms=0.0306 time=96.63 ms | v=7.276 bg=0.00169 ba=0.41368
[tight-lio] t=1317401186.848 corr=2920 lidar=ok rms=0.0400 time=104.57 ms | v=7.044 bg=0.00151 ba=0.41473
[tight-lio] t=1317401186.952 corr=2922 lidar=ok rms=0.0245 time=69.97 ms | v=6.843 bg=0.00140 ba=0.41479
[tight-lio] t=1317401187.056 corr=3121 lidar=ok rms=0.0345 time=137.26 ms | v=6.683 bg=0.00145 ba=0.41413
[tight-lio] t=1317401187.160 corr=3328 lidar=ok rms=0.0251 time=72.70 ms | v=6.563 bg=0.00140 ba=0.41572
[tight-lio] t=1317401187.265 corr=3246 lidar=ok rms=0.0288 time=108.40 ms | v=6.495 bg=0.00136 ba=0.41564
[tight-lio] t=1317401187.369 corr=3336 lidar=ok rms=0.0319 time=104.51 ms | v=6.440 bg=0.00119 ba=0.41501
[tight-lio] t=1317401187.473 corr=3134 lidar=ok rms=0.0271 time=67.96 ms | v=6.386 bg=0.00111 ba=0.41506
[tight-lio] t=1317401187.577 corr=3031 lidar=ok rms=0.0393 time=96.41 ms | v=6.347 bg=0.00103 ba=0.41406
[tight-lio] t=1317401187.682 corr=3153 lidar=ok rms=0.0473 time=110.05 ms | v=6.332 bg=0.00107 ba=0.41097
[tight-lio] t=1317401187.786 corr=3053 lidar=ok rms=0.0315 time=98.19 ms | v=6.276 bg=0.00113 ba=0.41155
[tight-lio] t=1317401187.890 corr=2970 lidar=ok rms=0.0462 time=112.21 ms | v=6.215 bg=0.00126 ba=0.41192
[tight-lio] t=1317401187.995 corr=2982 lidar=ok rms=0.0266 time=97.60 ms | v=6.152 bg=0.00137 ba=0.41196
[tight-lio] t=1317401188.099 corr=2817 lidar=ok rms=0.0292 time=94.82 ms | v=6.104 bg=0.00139 ba=0.41164
[tight-lio] t=1317401188.203 corr=2940 lidar=ok rms=0.0372 time=108.23 ms | v=6.060 bg=0.00155 ba=0.41110
[tight-lio] t=1317401188.307 corr=2837 lidar=ok rms=0.0366 time=95.17 ms | v=6.013 bg=0.00154 ba=0.41120
[tight-lio] t=1317401188.412 corr=2914 lidar=ok rms=0.0263 time=69.33 ms | v=5.959 bg=0.00137 ba=0.41077
[tight-lio] t=1317401188.516 corr=2893 lidar=ok rms=0.0303 time=96.64 ms | v=5.950 bg=0.00112 ba=0.40976
[tight-lio] t=1317401188.620 corr=2853 lidar=ok rms=0.0288 time=92.23 ms | v=5.948 bg=0.00117 ba=0.40964
[tight-lio] t=1317401188.724 corr=2845 lidar=ok rms=0.0696 time=105.31 ms | v=6.051 bg=0.00130 ba=0.40534
[tight-lio] t=1317401188.828 corr=2890 lidar=ok rms=0.0264 time=67.00 ms | v=6.066 bg=0.00143 ba=0.40522
[tight-lio] t=1317401188.932 corr=3020 lidar=ok rms=0.0353 time=100.34 ms | v=6.096 bg=0.00165 ba=0.40489
[tight-lio] t=1317401189.036 corr=3009 lidar=ok rms=0.0317 time=96.07 ms | v=6.122 bg=0.00167 ba=0.40559
[tight-lio] t=1317401189.140 corr=2927 lidar=ok rms=0.0303 time=69.27 ms | v=6.150 bg=0.00156 ba=0.40351
[tight-lio] t=1317401189.244 corr=3013 lidar=ok rms=0.0302 time=99.04 ms | v=6.210 bg=0.00150 ba=0.40082
[tight-lio] t=1317401189.348 corr=2933 lidar=ok rms=0.0391 time=101.35 ms | v=6.286 bg=0.00130 ba=0.39728
[tight-lio] t=1317401189.452 corr=2956 lidar=ok rms=0.0325 time=108.85 ms | v=6.367 bg=0.00128 ba=0.39464
[tight-lio] t=1317401189.556 corr=2950 lidar=ok rms=0.0387 time=103.83 ms | v=6.431 bg=0.00132 ba=0.39213
[tight-lio] t=1317401189.660 corr=3148 lidar=ok rms=0.0325 time=94.66 ms | v=6.529 bg=0.00130 ba=0.38811
[tight-lio] t=1317401189.764 corr=3117 lidar=ok rms=0.0408 time=102.40 ms | v=6.645 bg=0.00125 ba=0.38388
[tight-lio] t=1317401189.868 corr=3247 lidar=ok rms=0.0319 time=106.97 ms | v=6.749 bg=0.00120 ba=0.38102
[tight-lio] t=1317401189.971 corr=3237 lidar=ok rms=0.0462 time=69.40 ms | v=6.857 bg=0.00120 ba=0.37825
[tight-lio] t=1317401190.075 corr=3312 lidar=ok rms=0.0357 time=98.64 ms | v=6.995 bg=0.00137 ba=0.37422
[tight-lio] t=1317401190.179 corr=3211 lidar=ok rms=0.0414 time=98.48 ms | v=7.157 bg=0.00149 ba=0.37010
[tight-lio] t=1317401190.283 corr=3007 lidar=ok rms=0.0307 time=85.71 ms | v=7.259 bg=0.00147 ba=0.36775
[tight-lio] t=1317401190.386 corr=3258 lidar=ok rms=0.0393 time=106.58 ms | v=7.419 bg=0.00144 ba=0.36146
[tight-lio] t=1317401190.490 corr=3263 lidar=ok rms=0.0562 time=96.70 ms | v=7.567 bg=0.00146 ba=0.35674
[tight-lio] t=1317401190.594 corr=3472 lidar=ok rms=0.0475 time=117.33 ms | v=7.753 bg=0.00144 ba=0.35068
[tight-lio] t=1317401190.697 corr=3528 lidar=ok rms=0.0385 time=97.44 ms | v=7.893 bg=0.00163 ba=0.34825
[tight-lio] t=1317401190.801 corr=3383 lidar=ok rms=0.0382 time=97.73 ms | v=8.031 bg=0.00172 ba=0.34557
[tight-lio] t=1317401190.905 corr=3420 lidar=ok rms=0.0461 time=100.83 ms | v=8.232 bg=0.00170 ba=0.33668
[tight-lio] t=1317401191.009 corr=3169 lidar=ok rms=0.0758 time=101.33 ms | v=8.368 bg=0.00178 ba=0.33404
[tight-lio] t=1317401191.112 corr=2919 lidar=ok rms=0.0436 time=87.47 ms | v=8.454 bg=0.00182 ba=0.33310
[tight-lio] t=1317401191.216 corr=2953 lidar=ok rms=0.0501 time=96.90 ms | v=8.565 bg=0.00181 ba=0.33021
[tight-lio] t=1317401191.320 corr=2920 lidar=ok rms=0.0335 time=86.31 ms | v=8.641 bg=0.00184 ba=0.32788
[tight-lio] t=1317401191.423 corr=2769 lidar=ok rms=0.0334 time=84.95 ms | v=8.736 bg=0.00193 ba=0.32457
[tight-lio] t=1317401191.527 corr=2943 lidar=ok rms=0.0415 time=97.98 ms | v=8.900 bg=0.00187 ba=0.31625
[tight-lio] t=1317401191.631 corr=2714 lidar=ok rms=0.0421 time=83.85 ms | v=8.984 bg=0.00186 ba=0.31344
[tight-lio] t=1317401191.735 corr=2800 lidar=ok rms=0.0450 time=85.42 ms | v=9.096 bg=0.00177 ba=0.30861
[tight-lio] t=1317401191.839 corr=2745 lidar=ok rms=0.0370 time=83.99 ms | v=9.147 bg=0.00175 ba=0.30785
[tight-lio] t=1317401191.942 corr=3050 lidar=ok rms=0.0477 time=90.62 ms | v=9.300 bg=0.00162 ba=0.30017
[tight-lio] t=1317401192.046 corr=2933 lidar=ok rms=0.0436 time=90.57 ms | v=9.352 bg=0.00178 ba=0.30053
[tight-lio] t=1317401192.150 corr=2952 lidar=ok rms=0.0540 time=91.53 ms | v=9.430 bg=0.00186 ba=0.29868
[tight-lio] t=1317401192.254 corr=3194 lidar=ok rms=0.0333 time=89.25 ms | v=9.485 bg=0.00193 ba=0.29785
[tight-lio] t=1317401192.358 corr=3213 lidar=ok rms=0.0408 time=89.81 ms | v=9.547 bg=0.00196 ba=0.29667
[tight-lio] t=1317401192.461 corr=3089 lidar=ok rms=0.0577 time=88.64 ms | v=9.593 bg=0.00201 ba=0.29529
[tight-lio] t=1317401192.565 corr=2989 lidar=ok rms=0.0356 time=92.74 ms | v=9.617 bg=0.00207 ba=0.29454
[tight-lio] t=1317401192.669 corr=2816 lidar=ok rms=0.0455 time=90.69 ms | v=9.644 bg=0.00213 ba=0.29211
[tight-lio] t=1317401192.773 corr=2802 lidar=ok rms=0.0674 time=85.05 ms | v=9.658 bg=0.00221 ba=0.29125
[tight-lio] t=1317401192.877 corr=2878 lidar=ok rms=0.0769 time=87.83 ms | v=9.684 bg=0.00221 ba=0.28888
[tight-lio] t=1317401192.980 corr=2602 lidar=ok rms=0.0851 time=85.01 ms | v=9.696 bg=0.00219 ba=0.28535
[tight-lio] t=1317401193.084 corr=2895 lidar=ok rms=0.0435 time=90.96 ms | v=9.668 bg=0.00212 ba=0.28638
[tight-lio] t=1317401193.188 corr=3333 lidar=ok rms=0.0384 time=67.10 ms | v=9.651 bg=0.00204 ba=0.28654
[tight-lio] t=1317401193.292 corr=3360 lidar=ok rms=0.0324 time=94.70 ms | v=9.622 bg=0.00210 ba=0.28744
[tight-lio] t=1317401193.396 corr=3408 lidar=ok rms=0.0438 time=92.45 ms | v=9.619 bg=0.00213 ba=0.28746
[tight-lio] t=1317401193.499 corr=3393 lidar=ok rms=0.0437 time=88.45 ms | v=9.604 bg=0.00222 ba=0.28808
[tight-lio] t=1317401193.603 corr=3395 lidar=ok rms=0.0391 time=95.29 ms | v=9.596 bg=0.00223 ba=0.28786
[tight-lio] t=1317401193.707 corr=3679 lidar=ok rms=0.0361 time=92.30 ms | v=9.574 bg=0.00217 ba=0.28834
[tight-lio] t=1317401193.811 corr=3715 lidar=ok rms=0.0398 time=95.77 ms | v=9.556 bg=0.00209 ba=0.28802
[tight-lio] t=1317401193.915 corr=3501 lidar=ok rms=0.0457 time=94.38 ms | v=9.563 bg=0.00211 ba=0.28748
[tight-lio] t=1317401194.019 corr=3722 lidar=ok rms=0.0394 time=97.10 ms | v=9.570 bg=0.00214 ba=0.28632
[tight-lio] t=1317401194.123 corr=3336 lidar=ok rms=0.0387 time=118.19 ms | v=9.559 bg=0.00207 ba=0.28646
[tight-lio] t=1317401194.226 corr=3475 lidar=ok rms=0.0445 time=90.96 ms | v=9.551 bg=0.00208 ba=0.28634
[tight-lio] t=1317401194.330 corr=3119 lidar=ok rms=0.0394 time=90.27 ms | v=9.562 bg=0.00223 ba=0.28658
[tight-lio] t=1317401194.434 corr=3034 lidar=ok rms=0.0389 time=95.55 ms | v=9.587 bg=0.00236 ba=0.28678
[tight-lio] t=1317401194.538 corr=3039 lidar=ok rms=0.0398 time=89.18 ms | v=9.580 bg=0.00241 ba=0.28761
[tight-lio] t=1317401194.642 corr=3022 lidar=ok rms=0.0521 time=89.46 ms | v=9.564 bg=0.00238 ba=0.28741
[tight-lio] t=1317401194.746 corr=2844 lidar=ok rms=0.0465 time=87.12 ms | v=9.552 bg=0.00240 ba=0.28644
[tight-lio] t=1317401194.849 corr=2952 lidar=ok rms=0.0425 time=93.00 ms | v=9.578 bg=0.00249 ba=0.28471
[tight-lio] t=1317401194.953 corr=2825 lidar=ok rms=0.0543 time=92.41 ms | v=9.593 bg=0.00272 ba=0.28435
[tight-lio] t=1317401195.057 corr=2665 lidar=ok rms=0.0402 time=90.26 ms | v=9.597 bg=0.00286 ba=0.28470
[tight-lio] t=1317401195.161 corr=2375 lidar=ok rms=0.0400 time=84.43 ms | v=9.581 bg=0.00285 ba=0.28322
[tight-lio] t=1317401195.265 corr=2660 lidar=ok rms=0.0401 time=85.86 ms | v=9.562 bg=0.00274 ba=0.28145
[tight-lio] t=1317401195.368 corr=2663 lidar=ok rms=0.0500 time=88.86 ms | v=9.569 bg=0.00274 ba=0.28217
[tight-lio] t=1317401195.472 corr=2702 lidar=ok rms=0.0407 time=92.33 ms | v=9.570 bg=0.00290 ba=0.28147
[tight-lio] t=1317401195.576 corr=2636 lidar=ok rms=0.0373 time=88.91 ms | v=9.563 bg=0.00306 ba=0.28107
[tight-lio] t=1317401195.680 corr=2536 lidar=ok rms=0.0418 time=88.49 ms | v=9.573 bg=0.00304 ba=0.27989
[tight-lio] t=1317401195.784 corr=2496 lidar=ok rms=0.0440 time=84.95 ms | v=9.579 bg=0.00304 ba=0.27957
[tight-lio] t=1317401195.887 corr=2485 lidar=ok rms=0.0374 time=84.37 ms | v=9.564 bg=0.00301 ba=0.27977
[tight-lio] t=1317401195.991 corr=2504 lidar=ok rms=0.0413 time=83.48 ms | v=9.542 bg=0.00295 ba=0.27957
[tight-lio] t=1317401196.095 corr=2653 lidar=ok rms=0.0429 time=86.21 ms | v=9.571 bg=0.00295 ba=0.28098
[tight-lio] t=1317401196.199 corr=2900 lidar=ok rms=0.0502 time=88.83 ms | v=9.595 bg=0.00304 ba=0.28254
[tight-lio] t=1317401196.302 corr=2974 lidar=ok rms=0.0562 time=89.23 ms | v=9.614 bg=0.00304 ba=0.28438
[tight-lio] t=1317401196.406 corr=2554 lidar=ok rms=0.0459 time=92.46 ms | v=9.602 bg=0.00287 ba=0.28456
[tight-lio] t=1317401196.510 corr=2713 lidar=ok rms=0.0692 time=86.91 ms | v=9.597 bg=0.00287 ba=0.28714
[tight-lio] t=1317401196.614 corr=2626 lidar=ok rms=0.0431 time=83.11 ms | v=9.617 bg=0.00290 ba=0.28958
[tight-lio] t=1317401196.718 corr=2558 lidar=ok rms=0.0404 time=159.91 ms | v=9.630 bg=0.00292 ba=0.29143
[tight-lio] t=1317401196.822 corr=2939 lidar=ok rms=0.0476 time=88.50 ms | v=9.664 bg=0.00282 ba=0.29332
[tight-lio] t=1317401196.925 corr=2542 lidar=ok rms=0.0472 time=81.29 ms | v=9.671 bg=0.00274 ba=0.29392
[tight-lio] t=1317401197.029 corr=2543 lidar=ok rms=0.0371 time=81.90 ms | v=9.685 bg=0.00262 ba=0.29531
[tight-lio] t=1317401197.133 corr=2950 lidar=ok rms=0.0421 time=87.58 ms | v=9.692 bg=0.00254 ba=0.29903
[tight-lio] t=1317401197.237 corr=2833 lidar=ok rms=0.0342 time=85.00 ms | v=9.690 bg=0.00255 ba=0.30079
[tight-lio] t=1317401197.341 corr=2786 lidar=ok rms=0.0389 time=86.86 ms | v=9.720 bg=0.00259 ba=0.30358
[tight-lio] t=1317401197.445 corr=2636 lidar=ok rms=0.0406 time=84.02 ms | v=9.720 bg=0.00266 ba=0.30570
[tight-lio] t=1317401197.549 corr=2620 lidar=ok rms=0.0333 time=89.18 ms | v=9.703 bg=0.00259 ba=0.30762
[tight-lio] t=1317401197.653 corr=2546 lidar=ok rms=0.0377 time=85.90 ms | v=9.697 bg=0.00253 ba=0.30985
[tight-lio] t=1317401197.757 corr=2606 lidar=ok rms=0.0450 time=86.63 ms | v=9.673 bg=0.00247 ba=0.31197
[tight-lio] t=1317401197.861 corr=2417 lidar=ok rms=0.0395 time=64.58 ms | v=9.644 bg=0.00242 ba=0.31337
[tight-lio] t=1317401197.965 corr=2513 lidar=ok rms=0.0335 time=61.41 ms | v=9.617 bg=0.00242 ba=0.31430
[tight-lio] t=1317401198.069 corr=2620 lidar=ok rms=0.0358 time=85.73 ms | v=9.598 bg=0.00244 ba=0.31565
[tight-lio] t=1317401198.173 corr=2472 lidar=ok rms=0.0575 time=58.23 ms | v=9.579 bg=0.00243 ba=0.31681
[tight-lio] t=1317401198.277 corr=2253 lidar=ok rms=0.0335 time=60.09 ms | v=9.562 bg=0.00240 ba=0.31759
[tight-lio] t=1317401198.381 corr=2259 lidar=ok rms=0.0400 time=79.25 ms | v=9.540 bg=0.00233 ba=0.32167
[tight-lio] t=1317401198.484 corr=2258 lidar=ok rms=0.0400 time=82.64 ms | v=9.517 bg=0.00237 ba=0.32286
[tight-lio] t=1317401198.588 corr=2231 lidar=ok rms=0.0375 time=79.44 ms | v=9.487 bg=0.00234 ba=0.32496
[tight-lio] t=1317401198.692 corr=2016 lidar=ok rms=0.0378 time=79.29 ms | v=9.465 bg=0.00236 ba=0.32635
[tight-lio] t=1317401198.796 corr=1933 lidar=ok rms=0.0335 time=56.53 ms | v=9.412 bg=0.00237 ba=0.32932
[tight-lio] t=1317401198.900 corr=1848 lidar=ok rms=0.0611 time=73.46 ms | v=9.358 bg=0.00231 ba=0.33061
[tight-lio] t=1317401199.004 corr=1929 lidar=ok rms=0.0527 time=55.57 ms | v=9.297 bg=0.00231 ba=0.33213
[tight-lio] t=1317401199.108 corr=1959 lidar=ok rms=0.0408 time=76.61 ms | v=9.236 bg=0.00235 ba=0.33404
[tight-lio] t=1317401199.212 corr=1973 lidar=ok rms=0.0439 time=76.96 ms | v=9.174 bg=0.00233 ba=0.33367
[tight-lio] t=1317401199.316 corr=2153 lidar=ok rms=0.0412 time=79.59 ms | v=9.094 bg=0.00217 ba=0.33602
[tight-lio] t=1317401199.420 corr=2235 lidar=ok rms=0.0409 time=79.37 ms | v=9.047 bg=0.00211 ba=0.33735
[tight-lio] t=1317401199.524 corr=2135 lidar=ok rms=0.0686 time=81.28 ms | v=8.986 bg=0.00217 ba=0.33973
[tight-lio] t=1317401199.628 corr=2005 lidar=ok rms=0.0274 time=76.68 ms | v=8.934 bg=0.00220 ba=0.34057
[tight-lio] t=1317401199.731 corr=2504 lidar=ok rms=0.0340 time=57.87 ms | v=8.859 bg=0.00221 ba=0.34300
[tight-lio] t=1317401199.835 corr=2613 lidar=ok rms=0.0297 time=61.47 ms | v=8.787 bg=0.00225 ba=0.34472
[tight-lio] t=1317401199.939 corr=2384 lidar=ok rms=0.0305 time=82.03 ms | v=8.718 bg=0.00224 ba=0.34633
[tight-lio] t=1317401200.043 corr=2452 lidar=ok rms=0.0252 time=81.57 ms | v=8.593 bg=0.00228 ba=0.34770
[tight-lio] t=1317401200.147 corr=2173 lidar=ok rms=0.0358 time=83.07 ms | v=8.539 bg=0.00225 ba=0.35018
[tight-lio] t=1317401200.251 corr=1858 lidar=ok rms=0.0487 time=73.60 ms | v=8.462 bg=0.00219 ba=0.35045
[tight-lio] t=1317401200.355 corr=1787 lidar=ok rms=0.0787 time=74.52 ms | v=8.397 bg=0.00214 ba=0.34941
[tight-lio] t=1317401200.459 corr=1683 lidar=ok rms=0.0310 time=75.62 ms | v=8.335 bg=0.00217 ba=0.35026
[tight-lio] t=1317401200.563 corr=1896 lidar=ok rms=0.0440 time=51.56 ms | v=8.262 bg=0.00218 ba=0.35196
[tight-lio] t=1317401200.667 corr=1655 lidar=ok rms=0.0393 time=72.67 ms | v=8.185 bg=0.00224 ba=0.35359
[tight-lio] t=1317401200.771 corr=1594 lidar=ok rms=0.0464 time=76.64 ms | v=8.107 bg=0.00229 ba=0.35314
[tight-lio] t=1317401200.875 corr=1642 lidar=ok rms=0.0379 time=80.69 ms | v=7.993 bg=0.00231 ba=0.35447
[tight-lio] t=1317401200.979 corr=1523 lidar=ok rms=0.0829 time=78.59 ms | v=7.901 bg=0.00224 ba=0.35645
[tight-lio] t=1317401201.082 corr=1583 lidar=ok rms=0.0438 time=78.29 ms | v=7.765 bg=0.00216 ba=0.35929
[tight-lio] t=1317401201.186 corr=1437 lidar=ok rms=0.0483 time=70.97 ms | v=7.621 bg=0.00215 ba=0.36018
[tight-lio] t=1317401201.290 corr=1279 lidar=ok rms=0.0502 time=68.48 ms | v=7.513 bg=0.00213 ba=0.36167
[tight-lio] t=1317401201.394 corr=1314 lidar=ok rms=0.0525 time=69.90 ms | v=7.428 bg=0.00215 ba=0.36296
[tight-lio] t=1317401201.498 corr=1380 lidar=ok rms=0.0565 time=70.51 ms | v=7.329 bg=0.00222 ba=0.36580
[tight-lio] t=1317401201.602 corr=1258 lidar=ok rms=0.0464 time=67.76 ms | v=7.218 bg=0.00225 ba=0.36717
[tight-lio] t=1317401201.706 corr=1232 lidar=ok rms=0.0456 time=50.03 ms | v=7.124 bg=0.00228 ba=0.36730
[tight-lio] t=1317401201.810 corr=1065 lidar=ok rms=0.0853 time=69.53 ms | v=7.096 bg=0.00237 ba=0.36764
[tight-lio] t=1317401201.914 corr=1221 lidar=ok rms=0.0379 time=69.47 ms | v=7.012 bg=0.00229 ba=0.36819
[tight-lio] t=1317401202.018 corr=1416 lidar=ok rms=0.0401 time=84.81 ms | v=6.925 bg=0.00217 ba=0.36806
[tight-lio] t=1317401202.122 corr=1188 lidar=ok rms=0.0243 time=67.37 ms | v=6.820 bg=0.00212 ba=0.36822
[tight-lio] t=1317401202.226 corr=1505 lidar=ok rms=0.0327 time=69.46 ms | v=6.723 bg=0.00214 ba=0.36979
[tight-lio] t=1317401202.330 corr=1346 lidar=ok rms=0.0335 time=67.66 ms | v=6.642 bg=0.00209 ba=0.36963
[tight-lio] t=1317401202.434 corr=1394 lidar=ok rms=0.0518 time=68.13 ms | v=6.568 bg=0.00205 ba=0.37105
[tight-lio] t=1317401202.538 corr=1757 lidar=ok rms=0.0572 time=71.16 ms | v=6.486 bg=0.00208 ba=0.37272
[tight-lio] t=1317401202.642 corr=1671 lidar=ok rms=0.0550 time=69.33 ms | v=6.391 bg=0.00208 ba=0.37515
[tight-lio] t=1317401202.746 corr=1956 lidar=ok rms=0.0491 time=76.18 ms | v=6.294 bg=0.00202 ba=0.37721
[tight-lio] t=1317401202.850 corr=1693 lidar=ok rms=0.0308 time=71.85 ms | v=6.180 bg=0.00201 ba=0.37808
[tight-lio] t=1317401202.954 corr=1655 lidar=ok rms=0.0324 time=50.85 ms | v=6.063 bg=0.00202 ba=0.37779
[tight-lio] t=1317401203.058 corr=1675 lidar=ok rms=0.0352 time=70.56 ms | v=5.992 bg=0.00203 ba=0.37995
[tight-lio] t=1317401203.162 corr=1749 lidar=ok rms=0.0595 time=75.57 ms | v=5.926 bg=0.00206 ba=0.38036
[tight-lio] t=1317401203.266 corr=1646 lidar=ok rms=0.0384 time=74.42 ms | v=5.857 bg=0.00203 ba=0.38032
[tight-lio] t=1317401203.370 corr=2091 lidar=ok rms=0.1030 time=75.44 ms | v=5.758 bg=0.00199 ba=0.38137
[tight-lio] t=1317401203.474 corr=2071 lidar=ok rms=0.0542 time=75.47 ms | v=5.677 bg=0.00199 ba=0.38367
[tight-lio] t=1317401203.578 corr=2025 lidar=ok rms=0.0447 time=74.26 ms | v=5.605 bg=0.00202 ba=0.38395
[tight-lio] t=1317401203.682 corr=2066 lidar=ok rms=0.0850 time=75.62 ms | v=5.548 bg=0.00207 ba=0.38411
[tight-lio] t=1317401203.786 corr=1905 lidar=ok rms=0.0715 time=73.70 ms | v=5.476 bg=0.00199 ba=0.38463
[tight-lio] t=1317401203.890 corr=1804 lidar=ok rms=0.0416 time=70.56 ms | v=5.404 bg=0.00195 ba=0.38739
[tight-lio] t=1317401203.994 corr=1939 lidar=ok rms=0.0319 time=73.25 ms | v=5.332 bg=0.00192 ba=0.38914
[tight-lio] t=1317401204.098 corr=1858 lidar=ok rms=0.0489 time=71.70 ms | v=5.289 bg=0.00190 ba=0.38987
[tight-lio] t=1317401204.202 corr=2058 lidar=ok rms=0.0319 time=75.07 ms | v=5.260 bg=0.00195 ba=0.39029
[tight-lio] t=1317401204.306 corr=2016 lidar=ok rms=0.0346 time=75.11 ms | v=5.243 bg=0.00188 ba=0.38995
[tight-lio] t=1317401204.410 corr=2269 lidar=ok rms=0.0481 time=74.96 ms | v=5.225 bg=0.00189 ba=0.39122
[tight-lio] t=1317401204.514 corr=2060 lidar=ok rms=0.0450 time=79.63 ms | v=5.210 bg=0.00190 ba=0.39257
[tight-lio] t=1317401204.618 corr=1935 lidar=ok rms=0.0572 time=73.57 ms | v=5.192 bg=0.00189 ba=0.39300
[tight-lio] t=1317401204.722 corr=1793 lidar=ok rms=0.0394 time=51.58 ms | v=5.175 bg=0.00185 ba=0.39390
[tight-lio] t=1317401204.826 corr=2034 lidar=ok rms=0.0553 time=52.80 ms | v=5.162 bg=0.00186 ba=0.39370
[tight-lio] t=1317401204.930 corr=1786 lidar=ok rms=0.0364 time=53.39 ms | v=5.161 bg=0.00191 ba=0.39429
[tight-lio] t=1317401205.034 corr=2053 lidar=ok rms=0.0408 time=77.06 ms | v=5.160 bg=0.00193 ba=0.39446
[tight-lio] t=1317401205.138 corr=1796 lidar=ok rms=0.0370 time=75.54 ms | v=5.145 bg=0.00190 ba=0.39541
[tight-lio] t=1317401205.242 corr=1719 lidar=ok rms=0.0423 time=52.35 ms | v=5.127 bg=0.00185 ba=0.39547
[tight-lio] t=1317401205.346 corr=1620 lidar=ok rms=0.0498 time=51.55 ms | v=5.123 bg=0.00179 ba=0.39666
[tight-lio] t=1317401205.450 corr=1609 lidar=ok rms=0.0377 time=56.52 ms | v=5.109 bg=0.00174 ba=0.39724
[tight-lio] t=1317401205.554 corr=1600 lidar=ok rms=0.0675 time=67.35 ms | v=5.086 bg=0.00173 ba=0.39804
[tight-lio] t=1317401205.658 corr=1820 lidar=ok rms=0.0453 time=72.37 ms | v=5.066 bg=0.00176 ba=0.39825
[tight-lio] t=1317401205.762 corr=1773 lidar=ok rms=0.0626 time=73.06 ms | v=5.040 bg=0.00178 ba=0.39890
[tight-lio] t=1317401205.866 corr=1704 lidar=ok rms=0.0424 time=121.13 ms | v=5.025 bg=0.00179 ba=0.39862
[tight-lio] t=1317401205.970 corr=1959 lidar=ok rms=0.0542 time=53.89 ms | v=4.998 bg=0.00169 ba=0.39812
[tight-lio] t=1317401206.074 corr=1855 lidar=ok rms=0.0481 time=71.42 ms | v=4.961 bg=0.00160 ba=0.39812
[tight-lio] t=1317401206.178 corr=1729 lidar=ok rms=0.0471 time=68.01 ms | v=4.933 bg=0.00157 ba=0.39861
[tight-lio] t=1317401206.282 corr=2047 lidar=ok rms=0.0372 time=74.32 ms | v=4.914 bg=0.00162 ba=0.39919
[tight-lio] t=1317401206.386 corr=2139 lidar=ok rms=0.0639 time=82.78 ms | v=4.898 bg=0.00169 ba=0.40002
[tight-lio] t=1317401206.491 corr=1717 lidar=ok rms=0.0341 time=68.74 ms | v=4.881 bg=0.00175 ba=0.39951
[tight-lio] t=1317401206.595 corr=1630 lidar=ok rms=0.0548 time=67.05 ms | v=4.872 bg=0.00174 ba=0.39888
[tight-lio] t=1317401206.699 corr=1750 lidar=ok rms=0.0383 time=70.34 ms | v=4.883 bg=0.00174 ba=0.40045
[tight-lio] t=1317401206.803 corr=1830 lidar=ok rms=0.0597 time=71.16 ms | v=4.882 bg=0.00167 ba=0.40274
[tight-lio] t=1317401206.907 corr=1876 lidar=ok rms=0.0507 time=70.78 ms | v=4.913 bg=0.00163 ba=0.40516
[tight-lio] t=1317401207.011 corr=1931 lidar=ok rms=0.0871 time=71.91 ms | v=4.919 bg=0.00156 ba=0.40619
[tight-lio] t=1317401207.115 corr=2029 lidar=ok rms=0.0532 time=73.65 ms | v=4.915 bg=0.00143 ba=0.40676
[tight-lio] t=1317401207.219 corr=1984 lidar=ok rms=0.0488 time=70.57 ms | v=4.901 bg=0.00144 ba=0.40622
[tight-lio] t=1317401207.323 corr=2054 lidar=ok rms=0.0350 time=52.00 ms | v=4.903 bg=0.00144 ba=0.40552
[tight-lio] t=1317401207.427 corr=2009 lidar=ok rms=0.0392 time=71.30 ms | v=4.912 bg=0.00144 ba=0.40432
[tight-lio] t=1317401207.531 corr=2089 lidar=ok rms=0.0403 time=70.58 ms | v=4.954 bg=0.00152 ba=0.40499
[tight-lio] t=1317401207.635 corr=2145 lidar=ok rms=0.0378 time=72.60 ms | v=4.976 bg=0.00157 ba=0.40476
[tight-lio] t=1317401207.739 corr=1945 lidar=ok rms=0.0409 time=53.12 ms | v=4.995 bg=0.00158 ba=0.40594
[tight-lio] t=1317401207.843 corr=1921 lidar=ok rms=0.0686 time=51.89 ms | v=5.022 bg=0.00154 ba=0.40656
[tight-lio] t=1317401207.947 corr=2091 lidar=ok rms=0.0352 time=52.45 ms | v=5.042 bg=0.00157 ba=0.40733
[tight-lio] t=1317401208.051 corr=2080 lidar=ok rms=0.0285 time=74.40 ms | v=5.072 bg=0.00159 ba=0.40942
[tight-lio] t=1317401208.155 corr=1990 lidar=ok rms=0.0322 time=52.95 ms | v=5.093 bg=0.00158 ba=0.40988
[tight-lio] t=1317401208.259 corr=1965 lidar=ok rms=0.0422 time=52.48 ms | v=5.132 bg=0.00157 ba=0.41100
[tight-lio] t=1317401208.363 corr=1992 lidar=ok rms=0.0297 time=51.68 ms | v=5.159 bg=0.00162 ba=0.41100
[tight-lio] t=1317401208.467 corr=2123 lidar=ok rms=0.0320 time=56.46 ms | v=5.185 bg=0.00163 ba=0.41155
[tight-lio] t=1317401208.571 corr=2169 lidar=ok rms=0.0413 time=54.54 ms | v=5.192 bg=0.00158 ba=0.41200
[tight-lio] t=1317401208.675 corr=2377 lidar=ok rms=0.0499 time=75.06 ms | v=5.184 bg=0.00163 ba=0.41224
[tight-lio] t=1317401208.779 corr=2621 lidar=ok rms=0.0324 time=58.86 ms | v=5.164 bg=0.00164 ba=0.41246
[tight-lio] t=1317401208.883 corr=2843 lidar=ok rms=0.0410 time=81.01 ms | v=5.150 bg=0.00155 ba=0.41236
[tight-lio] t=1317401208.987 corr=2992 lidar=ok rms=0.0298 time=118.59 ms | v=5.124 bg=0.00151 ba=0.41325
[tight-lio] t=1317401209.091 corr=2768 lidar=ok rms=0.0292 time=56.84 ms | v=5.095 bg=0.00145 ba=0.41234
[tight-lio] t=1317401209.195 corr=2763 lidar=ok rms=0.0244 time=85.92 ms | v=5.071 bg=0.00143 ba=0.41144
[tight-lio] t=1317401209.299 corr=2884 lidar=ok rms=0.0427 time=59.20 ms | v=5.051 bg=0.00139 ba=0.41099
[tight-lio] t=1317401209.403 corr=2848 lidar=ok rms=0.0268 time=61.06 ms | v=5.031 bg=0.00139 ba=0.41147
[tight-lio] t=1317401209.507 corr=2778 lidar=ok rms=0.0291 time=56.94 ms | v=5.031 bg=0.00139 ba=0.41192
[tight-lio] t=1317401209.611 corr=2832 lidar=ok rms=0.0261 time=62.82 ms | v=5.027 bg=0.00140 ba=0.41243
[tight-lio] t=1317401209.715 corr=2692 lidar=ok rms=0.0324 time=86.52 ms | v=5.007 bg=0.00132 ba=0.41315
[tight-lio] t=1317401209.819 corr=2774 lidar=ok rms=0.0251 time=88.26 ms | v=4.978 bg=0.00130 ba=0.41391
[tight-lio] t=1317401209.923 corr=2779 lidar=ok rms=0.0231 time=88.17 ms | v=4.969 bg=0.00130 ba=0.41452
[tight-lio] t=1317401210.028 corr=2853 lidar=ok rms=0.0351 time=61.78 ms | v=4.924 bg=0.00129 ba=0.41489
[tight-lio] t=1317401210.132 corr=2947 lidar=ok rms=0.0233 time=92.66 ms | v=4.830 bg=0.00117 ba=0.41634
[tight-lio] t=1317401210.236 corr=2876 lidar=ok rms=0.0235 time=65.01 ms | v=4.730 bg=0.00118 ba=0.41764
[tight-lio] t=1317401210.340 corr=2906 lidar=ok rms=0.0393 time=88.90 ms | v=4.622 bg=0.00119 ba=0.41839
[tight-lio] t=1317401210.444 corr=2852 lidar=ok rms=0.0379 time=89.17 ms | v=4.505 bg=0.00110 ba=0.41877
[tight-lio] t=1317401210.548 corr=2876 lidar=ok rms=0.0362 time=62.33 ms | v=4.405 bg=0.00118 ba=0.41917
[tight-lio] t=1317401210.653 corr=2901 lidar=ok rms=0.0275 time=90.35 ms | v=4.302 bg=0.00136 ba=0.42048
[tight-lio] t=1317401210.757 corr=3006 lidar=ok rms=0.0296 time=92.41 ms | v=4.184 bg=0.00150 ba=0.42015
[tight-lio] t=1317401210.861 corr=2989 lidar=ok rms=0.0277 time=63.49 ms | v=4.043 bg=0.00151 ba=0.42042
[tight-lio] t=1317401210.965 corr=3002 lidar=ok rms=0.0325 time=66.19 ms | v=3.882 bg=0.00151 ba=0.42007
[tight-lio] t=1317401211.069 corr=3150 lidar=ok rms=0.0386 time=67.19 ms | v=3.714 bg=0.00146 ba=0.41958
[tight-lio] t=1317401211.173 corr=3195 lidar=ok rms=0.0289 time=67.21 ms | v=3.531 bg=0.00142 ba=0.41922
[tight-lio] t=1317401211.277 corr=3376 lidar=ok rms=0.0249 time=95.30 ms | v=3.353 bg=0.00136 ba=0.41810
[tight-lio] t=1317401211.381 corr=3360 lidar=ok rms=0.0275 time=65.63 ms | v=3.250 bg=0.00134 ba=0.41742
[tight-lio] t=1317401211.485 corr=3412 lidar=ok rms=0.0249 time=85.83 ms | v=3.195 bg=0.00138 ba=0.41783
[tight-lio] t=1317401211.590 corr=3504 lidar=ok rms=0.0272 time=68.55 ms | v=3.168 bg=0.00146 ba=0.41759
[tight-lio] t=1317401211.694 corr=3452 lidar=ok rms=0.0320 time=68.73 ms | v=3.150 bg=0.00149 ba=0.41772
[tight-lio] t=1317401211.798 corr=3620 lidar=ok rms=0.0243 time=63.63 ms | v=3.128 bg=0.00152 ba=0.41886
[tight-lio] t=1317401211.902 corr=3466 lidar=ok rms=0.0269 time=93.68 ms | v=3.107 bg=0.00157 ba=0.41972
[tight-lio] t=1317401212.006 corr=3646 lidar=ok rms=0.0364 time=99.30 ms | v=3.088 bg=0.00157 ba=0.42017
[tight-lio] t=1317401212.110 corr=3561 lidar=ok rms=0.0289 time=69.03 ms | v=3.054 bg=0.00150 ba=0.41996
[tight-lio] t=1317401212.214 corr=3766 lidar=ok rms=0.0468 time=88.51 ms | v=3.007 bg=0.00141 ba=0.42041
[tight-lio] t=1317401212.319 corr=3490 lidar=ok rms=0.0314 time=100.80 ms | v=2.976 bg=0.00138 ba=0.42144
[tight-lio] t=1317401212.423 corr=3541 lidar=ok rms=0.0332 time=100.01 ms | v=2.955 bg=0.00141 ba=0.42268
[tight-lio] t=1317401212.527 corr=3569 lidar=ok rms=0.0385 time=102.93 ms | v=2.977 bg=0.00149 ba=0.42133
[tight-lio] t=1317401212.631 corr=3597 lidar=ok rms=0.0409 time=72.04 ms | v=3.034 bg=0.00159 ba=0.42313
[tight-lio] t=1317401212.735 corr=3529 lidar=ok rms=0.0360 time=99.83 ms | v=3.122 bg=0.00174 ba=0.42293
[tight-lio] t=1317401212.840 corr=3718 lidar=ok rms=0.0373 time=100.25 ms | v=3.214 bg=0.00184 ba=0.42368
[tight-lio] t=1317401212.944 corr=3724 lidar=ok rms=0.0387 time=99.86 ms | v=3.315 bg=0.00199 ba=0.42439
[tight-lio] t=1317401213.048 corr=3626 lidar=ok rms=0.0323 time=99.80 ms | v=3.405 bg=0.00207 ba=0.42397
[tight-lio] t=1317401213.152 corr=3486 lidar=ok rms=0.0364 time=105.48 ms | v=3.518 bg=0.00212 ba=0.42440
[tight-lio] t=1317401213.256 corr=3533 lidar=ok rms=0.0376 time=103.96 ms | v=3.633 bg=0.00218 ba=0.42407
[tight-lio] t=1317401213.361 corr=3407 lidar=ok rms=0.0365 time=168.39 ms | v=3.753 bg=0.00213 ba=0.42385
[tight-lio] t=1317401213.465 corr=3438 lidar=ok rms=0.0595 time=119.26 ms | v=3.861 bg=0.00224 ba=0.41933
[tight-lio] t=1317401213.569 corr=3506 lidar=ok rms=0.0638 time=113.47 ms | v=3.973 bg=0.00232 ba=0.41569
[tight-lio] t=1317401213.673 corr=3573 lidar=ok rms=0.0381 time=99.46 ms | v=4.109 bg=0.00213 ba=0.41600
[tight-lio] t=1317401213.777 corr=3291 lidar=ok rms=0.0406 time=95.25 ms | v=4.250 bg=0.00197 ba=0.41450
[tight-lio] t=1317401213.881 corr=3310 lidar=ok rms=0.0424 time=112.57 ms | v=4.405 bg=0.00176 ba=0.41399
[tight-lio] t=1317401213.985 corr=3372 lidar=ok rms=0.0351 time=104.12 ms | v=4.553 bg=0.00162 ba=0.41278
[tight-lio] t=1317401214.089 corr=3520 lidar=ok rms=0.0370 time=107.93 ms | v=4.723 bg=0.00146 ba=0.41266
[tight-lio] t=1317401214.193 corr=3553 lidar=ok rms=0.0398 time=99.78 ms | v=4.911 bg=0.00132 ba=0.41075
[tight-lio] t=1317401214.297 corr=3719 lidar=ok rms=0.0398 time=103.40 ms | v=5.103 bg=0.00124 ba=0.40732
[tight-lio] t=1317401214.401 corr=3763 lidar=ok rms=0.0432 time=103.56 ms | v=5.297 bg=0.00135 ba=0.40519
[tight-lio] t=1317401214.504 corr=3585 lidar=ok rms=0.0353 time=98.38 ms | v=5.483 bg=0.00139 ba=0.40427
[tight-lio] t=1317401214.608 corr=3411 lidar=ok rms=0.0386 time=95.05 ms | v=5.651 bg=0.00129 ba=0.40271
[tight-lio] t=1317401214.712 corr=3086 lidar=ok rms=0.0383 time=156.62 ms | v=5.816 bg=0.00122 ba=0.39987
[tight-lio] t=1317401214.816 corr=3065 lidar=ok rms=0.0414 time=93.73 ms | v=5.986 bg=0.00117 ba=0.39743
[tight-lio] t=1317401214.920 corr=3342 lidar=ok rms=0.0366 time=100.80 ms | v=6.185 bg=0.00115 ba=0.39567
[tight-lio] t=1317401215.023 corr=3078 lidar=ok rms=0.0360 time=66.34 ms | v=6.411 bg=0.00125 ba=0.39560
[tight-lio] t=1317401215.127 corr=2941 lidar=ok rms=0.0390 time=75.65 ms | v=6.613 bg=0.00132 ba=0.39388
[tight-lio] t=1317401215.231 corr=2628 lidar=ok rms=0.0366 time=63.81 ms | v=6.804 bg=0.00133 ba=0.39269
[tight-lio] t=1317401215.334 corr=2696 lidar=ok rms=0.0394 time=89.75 ms | v=6.969 bg=0.00136 ba=0.38937
[tight-lio] t=1317401215.438 corr=2452 lidar=ok rms=0.0454 time=98.03 ms | v=7.132 bg=0.00143 ba=0.38536
[tight-lio] t=1317401215.542 corr=2525 lidar=ok rms=0.0383 time=87.56 ms | v=7.296 bg=0.00148 ba=0.38138
[tight-lio] t=1317401215.645 corr=2570 lidar=ok rms=0.0429 time=90.96 ms | v=7.477 bg=0.00157 ba=0.37973
[tight-lio] t=1317401215.749 corr=2450 lidar=ok rms=0.0368 time=86.48 ms | v=7.630 bg=0.00161 ba=0.37692
[tight-lio] t=1317401215.853 corr=2413 lidar=ok rms=0.0396 time=90.59 ms | v=7.791 bg=0.00160 ba=0.37203
[tight-lio] t=1317401215.957 corr=2555 lidar=ok rms=0.0400 time=88.82 ms | v=7.949 bg=0.00165 ba=0.36785
[tight-lio] t=1317401216.060 corr=2483 lidar=ok rms=0.0378 time=89.43 ms | v=8.099 bg=0.00156 ba=0.36462
[tight-lio] t=1317401216.164 corr=2597 lidar=ok rms=0.0359 time=102.99 ms | v=8.244 bg=0.00145 ba=0.36187
[tight-lio] t=1317401216.268 corr=2305 lidar=ok rms=0.0485 time=86.10 ms | v=8.384 bg=0.00144 ba=0.35849
[tight-lio] t=1317401216.372 corr=2244 lidar=ok rms=0.0326 time=84.17 ms | v=8.507 bg=0.00141 ba=0.35803
[tight-lio] t=1317401216.475 corr=2323 lidar=ok rms=0.0337 time=91.51 ms | v=8.597 bg=0.00123 ba=0.35625
[tight-lio] t=1317401216.579 corr=2456 lidar=ok rms=0.0555 time=93.59 ms | v=8.632 bg=0.00112 ba=0.35420
[tight-lio] t=1317401216.683 corr=2373 lidar=ok rms=0.0467 time=93.15 ms | v=8.702 bg=0.00136 ba=0.35046
[tight-lio] t=1317401216.787 corr=2447 lidar=ok rms=0.0371 time=87.42 ms | v=8.788 bg=0.00144 ba=0.34858
[tight-lio] t=1317401216.891 corr=2560 lidar=ok rms=0.0405 time=108.01 ms | v=8.857 bg=0.00145 ba=0.34701
[tight-lio] t=1317401216.995 corr=2799 lidar=ok rms=0.0432 time=88.42 ms | v=8.907 bg=0.00143 ba=0.34662
[tight-lio] t=1317401217.099 corr=2878 lidar=ok rms=0.0481 time=105.81 ms | v=8.917 bg=0.00138 ba=0.34490
[tight-lio] t=1317401217.203 corr=2898 lidar=ok rms=0.0335 time=90.43 ms | v=8.922 bg=0.00133 ba=0.34295
[tight-lio] t=1317401217.306 corr=2820 lidar=ok rms=0.0313 time=98.47 ms | v=8.930 bg=0.00131 ba=0.34067
[tight-lio] t=1317401217.410 corr=2696 lidar=ok rms=0.0385 time=105.98 ms | v=8.927 bg=0.00117 ba=0.33899
[tight-lio] t=1317401217.514 corr=2789 lidar=ok rms=0.0348 time=90.60 ms | v=8.921 bg=0.00106 ba=0.33705
[tight-lio] t=1317401217.618 corr=2675 lidar=ok rms=0.0409 time=89.54 ms | v=8.936 bg=0.00121 ba=0.33690
[tight-lio] t=1317401217.722 corr=2644 lidar=ok rms=0.0333 time=87.71 ms | v=8.906 bg=0.00132 ba=0.33466
[tight-lio] t=1317401217.826 corr=2642 lidar=ok rms=0.0385 time=89.00 ms | v=8.877 bg=0.00098 ba=0.33423
[tight-lio] t=1317401217.930 corr=2486 lidar=ok rms=0.0461 time=89.53 ms | v=8.846 bg=0.00073 ba=0.33326
[tight-lio] t=1317401218.034 corr=2490 lidar=ok rms=0.0728 time=89.55 ms | v=8.826 bg=0.00076 ba=0.33249
[tight-lio] t=1317401218.138 corr=2506 lidar=ok rms=0.0683 time=86.28 ms | v=8.797 bg=0.00098 ba=0.32915
[tight-lio] t=1317401218.242 corr=2082 lidar=ok rms=0.0368 time=82.83 ms | v=8.794 bg=0.00120 ba=0.32857
[tight-lio] t=1317401218.346 corr=2034 lidar=ok rms=0.0292 time=80.21 ms | v=8.763 bg=0.00127 ba=0.32737
[tight-lio] t=1317401218.450 corr=2185 lidar=ok rms=0.0287 time=84.52 ms | v=8.712 bg=0.00123 ba=0.32523
[tight-lio] t=1317401218.554 corr=2059 lidar=ok rms=0.0355 time=83.82 ms | v=8.694 bg=0.00127 ba=0.32612
[tight-lio] t=1317401218.658 corr=2084 lidar=ok rms=0.0313 time=83.03 ms | v=8.640 bg=0.00121 ba=0.32509
[tight-lio] t=1317401218.762 corr=2164 lidar=ok rms=0.0347 time=59.37 ms | v=8.544 bg=0.00106 ba=0.32336
[tight-lio] t=1317401218.866 corr=1938 lidar=ok rms=0.0358 time=57.94 ms | v=8.423 bg=0.00084 ba=0.32156
[tight-lio] t=1317401218.970 corr=2013 lidar=ok rms=0.0342 time=81.46 ms | v=8.292 bg=0.00088 ba=0.31974
[tight-lio] t=1317401219.074 corr=2122 lidar=ok rms=0.0371 time=82.58 ms | v=8.152 bg=0.00095 ba=0.31855
[tight-lio] t=1317401219.178 corr=2347 lidar=ok rms=0.0329 time=82.50 ms | v=8.006 bg=0.00121 ba=0.31795
[tight-lio] t=1317401219.282 corr=2304 lidar=ok rms=0.0331 time=59.16 ms | v=7.838 bg=0.00134 ba=0.31664
[tight-lio] t=1317401219.386 corr=2357 lidar=ok rms=0.0305 time=83.62 ms | v=7.641 bg=0.00128 ba=0.31552
[tight-lio] t=1317401219.490 corr=2453 lidar=ok rms=0.0320 time=89.36 ms | v=7.420 bg=0.00105 ba=0.31410
[tight-lio] t=1317401219.594 corr=2520 lidar=ok rms=0.0465 time=63.30 ms | v=7.190 bg=0.00104 ba=0.31165
[tight-lio] t=1317401219.698 corr=2610 lidar=ok rms=0.0325 time=86.04 ms | v=6.978 bg=0.00112 ba=0.31058
[tight-lio] t=1317401219.802 corr=2471 lidar=ok rms=0.0313 time=84.80 ms | v=6.758 bg=0.00117 ba=0.30998
[tight-lio] t=1317401219.906 corr=2603 lidar=ok rms=0.0285 time=62.99 ms | v=6.528 bg=0.00109 ba=0.30861
[tight-lio] t=1317401220.010 corr=2826 lidar=ok rms=0.0327 time=96.06 ms | v=6.383 bg=0.00112 ba=0.30678
[tight-lio] t=1317401220.114 corr=2567 lidar=ok rms=0.0344 time=61.99 ms | v=6.298 bg=0.00118 ba=0.30754
[tight-lio] t=1317401220.218 corr=2413 lidar=ok rms=0.0283 time=84.25 ms | v=6.210 bg=0.00119 ba=0.30879
[tight-lio] t=1317401220.322 corr=2355 lidar=ok rms=0.0295 time=88.13 ms | v=6.097 bg=0.00105 ba=0.30841
[tight-lio] t=1317401220.426 corr=2367 lidar=ok rms=0.0315 time=86.19 ms | v=5.950 bg=0.00105 ba=0.30862
[tight-lio] t=1317401220.530 corr=2520 lidar=ok rms=0.0283 time=85.93 ms | v=5.734 bg=0.00123 ba=0.30895
[tight-lio] t=1317401220.634 corr=2496 lidar=ok rms=0.0270 time=93.01 ms | v=5.469 bg=0.00130 ba=0.30945
[tight-lio] t=1317401220.738 corr=2462 lidar=ok rms=0.0208 time=85.45 ms | v=5.199 bg=0.00129 ba=0.31026
[tight-lio] t=1317401220.842 corr=2424 lidar=ok rms=0.0193 time=83.44 ms | v=4.908 bg=0.00115 ba=0.31087
[tight-lio] t=1317401220.946 corr=2690 lidar=ok rms=0.0212 time=87.18 ms | v=4.620 bg=0.00108 ba=0.31040
[tight-lio] t=1317401221.050 corr=2589 lidar=ok rms=0.0507 time=62.81 ms | v=4.430 bg=0.00103 ba=0.30927
[tight-lio] t=1317401221.154 corr=2770 lidar=ok rms=0.0309 time=89.39 ms | v=4.363 bg=0.00099 ba=0.30872
[tight-lio] t=1317401221.258 corr=2566 lidar=ok rms=0.0233 time=86.26 ms | v=4.343 bg=0.00101 ba=0.30919
[tight-lio] t=1317401221.362 corr=2629 lidar=ok rms=0.0235 time=61.85 ms | v=4.317 bg=0.00111 ba=0.30865
[tight-lio] t=1317401221.466 corr=2836 lidar=ok rms=0.0235 time=91.53 ms | v=4.324 bg=0.00116 ba=0.31046
[tight-lio] t=1317401221.570 corr=2927 lidar=ok rms=0.0300 time=84.62 ms | v=4.296 bg=0.00107 ba=0.30991
[tight-lio] t=1317401221.674 corr=2896 lidar=ok rms=0.0245 time=90.48 ms | v=4.270 bg=0.00101 ba=0.31061
[tight-lio] t=1317401221.778 corr=3095 lidar=ok rms=0.0265 time=65.69 ms | v=4.226 bg=0.00092 ba=0.31081
[tight-lio] t=1317401221.882 corr=3435 lidar=ok rms=0.0272 time=95.75 ms | v=4.183 bg=0.00084 ba=0.31127
[tight-lio] t=1317401221.986 corr=3432 lidar=ok rms=0.0339 time=94.36 ms | v=4.143 bg=0.00080 ba=0.31253
[tight-lio] t=1317401222.090 corr=3389 lidar=ok rms=0.0355 time=96.45 ms | v=4.101 bg=0.00085 ba=0.31260
[tight-lio] t=1317401222.194 corr=3426 lidar=ok rms=0.0300 time=67.57 ms | v=4.082 bg=0.00100 ba=0.31241
[tight-lio] t=1317401222.298 corr=3552 lidar=ok rms=0.0336 time=69.77 ms | v=4.127 bg=0.00115 ba=0.31262
[tight-lio] t=1317401222.402 corr=3293 lidar=ok rms=0.0290 time=103.54 ms | v=4.222 bg=0.00128 ba=0.31317
[tight-lio] t=1317401222.505 corr=3117 lidar=ok rms=0.0303 time=93.40 ms | v=4.322 bg=0.00140 ba=0.31340
[tight-lio] t=1317401222.609 corr=3235 lidar=ok rms=0.0306 time=68.25 ms | v=4.423 bg=0.00149 ba=0.31311
[tight-lio] t=1317401222.713 corr=3273 lidar=ok rms=0.0310 time=95.08 ms | v=4.517 bg=0.00136 ba=0.31346
[tight-lio] t=1317401222.817 corr=3408 lidar=ok rms=0.0274 time=88.35 ms | v=4.619 bg=0.00114 ba=0.31471
[tight-lio] t=1317401222.921 corr=3435 lidar=ok rms=0.0259 time=96.66 ms | v=4.720 bg=0.00104 ba=0.31448
[tight-lio] t=1317401223.025 corr=3381 lidar=ok rms=0.0271 time=96.62 ms | v=4.843 bg=0.00106 ba=0.31522
[tight-lio] t=1317401223.129 corr=3316 lidar=ok rms=0.0243 time=94.13 ms | v=4.972 bg=0.00115 ba=0.31550
[tight-lio] t=1317401223.233 corr=3318 lidar=ok rms=0.0215 time=96.28 ms | v=5.103 bg=0.00119 ba=0.31535
[tight-lio] t=1317401223.337 corr=3392 lidar=ok rms=0.0861 time=95.78 ms | v=5.253 bg=0.00118 ba=0.31671
[tight-lio] t=1317401223.441 corr=3332 lidar=ok rms=0.0247 time=69.17 ms | v=5.386 bg=0.00112 ba=0.31641
[tight-lio] t=1317401223.545 corr=3299 lidar=ok rms=0.0237 time=66.75 ms | v=5.535 bg=0.00104 ba=0.31742
[tight-lio] t=1317401223.649 corr=3268 lidar=ok rms=0.0256 time=95.06 ms | v=5.694 bg=0.00100 ba=0.31840
[tight-lio] t=1317401223.753 corr=3267 lidar=ok rms=0.0305 time=69.93 ms | v=5.835 bg=0.00096 ba=0.31675
[tight-lio] t=1317401223.857 corr=3216 lidar=ok rms=0.0358 time=93.11 ms | v=6.010 bg=0.00102 ba=0.31743
[tight-lio] t=1317401223.961 corr=3386 lidar=ok rms=0.0697 time=103.20 ms | v=6.194 bg=0.00118 ba=0.31821
[tight-lio] t=1317401224.065 corr=3327 lidar=ok rms=0.0799 time=69.13 ms | v=6.370 bg=0.00121 ba=0.31888
[tight-lio] t=1317401224.169 corr=3219 lidar=ok rms=0.0342 time=94.33 ms | v=6.511 bg=0.00115 ba=0.31762
[tight-lio] t=1317401224.273 corr=3252 lidar=ok rms=0.0362 time=91.85 ms | v=6.663 bg=0.00106 ba=0.31631
[tight-lio] t=1317401224.377 corr=3388 lidar=ok rms=0.0294 time=97.19 ms | v=6.795 bg=0.00101 ba=0.31356
[tight-lio] t=1317401224.482 corr=3126 lidar=ok rms=0.0291 time=95.50 ms | v=6.935 bg=0.00115 ba=0.31168
[tight-lio] t=1317401224.586 corr=3290 lidar=ok rms=0.0270 time=100.54 ms | v=7.102 bg=0.00129 ba=0.31181
[tight-lio] t=1317401224.690 corr=3264 lidar=ok rms=0.0277 time=95.43 ms | v=7.271 bg=0.00136 ba=0.31216
[tight-lio] t=1317401224.794 corr=3102 lidar=ok rms=0.0381 time=92.27 ms | v=7.440 bg=0.00128 ba=0.31347
[tight-lio] t=1317401224.898 corr=3030 lidar=ok rms=0.0335 time=66.77 ms | v=7.599 bg=0.00123 ba=0.31385
[tight-lio] t=1317401225.002 corr=2823 lidar=ok rms=0.0301 time=86.39 ms | v=7.765 bg=0.00124 ba=0.31403
[tight-lio] t=1317401225.106 corr=3065 lidar=ok rms=0.0344 time=90.37 ms | v=7.945 bg=0.00131 ba=0.31409
[tight-lio] t=1317401225.210 corr=3066 lidar=ok rms=0.0312 time=92.29 ms | v=8.118 bg=0.00136 ba=0.31367
[tight-lio] t=1317401225.314 corr=2851 lidar=ok rms=0.0350 time=90.60 ms | v=8.266 bg=0.00123 ba=0.31200
[tight-lio] t=1317401225.418 corr=3182 lidar=ok rms=0.0380 time=91.74 ms | v=8.435 bg=0.00107 ba=0.31378
[tight-lio] t=1317401225.522 corr=3037 lidar=ok rms=0.0331 time=64.13 ms | v=8.581 bg=0.00105 ba=0.31478
[tight-lio] t=1317401225.626 corr=3007 lidar=ok rms=0.0532 time=92.35 ms | v=8.708 bg=0.00115 ba=0.31438
[tight-lio] t=1317401225.730 corr=3218 lidar=ok rms=0.0820 time=94.01 ms | v=8.845 bg=0.00126 ba=0.31390
[tight-lio] t=1317401225.833 corr=2994 lidar=ok rms=0.0327 time=91.60 ms | v=8.973 bg=0.00122 ba=0.31322
[tight-lio] t=1317401225.937 corr=3054 lidar=ok rms=0.0400 time=71.72 ms | v=9.062 bg=0.00096 ba=0.31060
[tight-lio] t=1317401226.041 corr=2978 lidar=ok rms=0.0372 time=91.29 ms | v=9.181 bg=0.00081 ba=0.30944
[tight-lio] t=1317401226.145 corr=3061 lidar=ok rms=0.0372 time=93.02 ms | v=9.293 bg=0.00092 ba=0.30709
[tight-lio] t=1317401226.249 corr=2959 lidar=ok rms=0.0374 time=91.79 ms | v=9.415 bg=0.00126 ba=0.30531
[tight-lio] t=1317401226.353 corr=2954 lidar=ok rms=0.0362 time=97.56 ms | v=9.514 bg=0.00136 ba=0.30406
[tight-lio] t=1317401226.457 corr=2924 lidar=ok rms=0.0335 time=93.45 ms | v=9.596 bg=0.00127 ba=0.30294
[tight-lio] t=1317401226.561 corr=2767 lidar=ok rms=0.0355 time=63.60 ms | v=9.661 bg=0.00123 ba=0.30311
[tight-lio] t=1317401226.664 corr=2823 lidar=ok rms=0.0542 time=90.48 ms | v=9.686 bg=0.00133 ba=0.30265
[tight-lio] t=1317401226.768 corr=2870 lidar=ok rms=0.0449 time=91.97 ms | v=9.679 bg=0.00123 ba=0.30093
[tight-lio] t=1317401226.872 corr=2844 lidar=ok rms=0.0536 time=116.71 ms | v=9.666 bg=0.00111 ba=0.30083
[tight-lio] t=1317401226.976 corr=3063 lidar=ok rms=0.0395 time=92.12 ms | v=9.644 bg=0.00092 ba=0.30016
[tight-lio] t=1317401227.080 corr=3297 lidar=ok rms=0.0365 time=100.13 ms | v=9.623 bg=0.00102 ba=0.29807
[tight-lio] t=1317401227.184 corr=3189 lidar=ok rms=0.0348 time=95.85 ms | v=9.610 bg=0.00114 ba=0.29623
[tight-lio] t=1317401227.288 corr=3314 lidar=ok rms=0.0359 time=101.65 ms | v=9.605 bg=0.00133 ba=0.29537
[tight-lio] t=1317401227.391 corr=3203 lidar=ok rms=0.0462 time=96.57 ms | v=9.579 bg=0.00133 ba=0.29396
[tight-lio] t=1317401227.495 corr=3247 lidar=ok rms=0.0379 time=92.68 ms | v=9.551 bg=0.00125 ba=0.29355
[tight-lio] t=1317401227.599 corr=3272 lidar=ok rms=0.0398 time=94.04 ms | v=9.514 bg=0.00110 ba=0.29365
[tight-lio] t=1317401227.703 corr=3222 lidar=ok rms=0.0344 time=85.25 ms | v=9.476 bg=0.00107 ba=0.29287
[tight-lio] t=1317401227.807 corr=3044 lidar=ok rms=0.0357 time=93.69 ms | v=9.454 bg=0.00129 ba=0.29197
[tight-lio] t=1317401227.911 corr=2917 lidar=ok rms=0.0403 time=94.23 ms | v=9.430 bg=0.00154 ba=0.29091
[tight-lio] t=1317401228.014 corr=3081 lidar=ok rms=0.0502 time=92.88 ms | v=9.374 bg=0.00146 ba=0.28897
[tight-lio] t=1317401228.118 corr=3014 lidar=ok rms=0.0343 time=88.25 ms | v=9.278 bg=0.00123 ba=0.28893
[tight-lio] t=1317401228.222 corr=2648 lidar=ok rms=0.0414 time=88.73 ms | v=9.157 bg=0.00111 ba=0.28829
[tight-lio] t=1317401228.326 corr=2844 lidar=ok rms=0.0390 time=87.75 ms | v=9.007 bg=0.00114 ba=0.28816
[tight-lio] t=1317401228.430 corr=2756 lidar=ok rms=0.0503 time=86.03 ms | v=8.825 bg=0.00114 ba=0.28779
[tight-lio] t=1317401228.534 corr=3040 lidar=ok rms=0.0349 time=67.78 ms | v=8.615 bg=0.00105 ba=0.28692
[tight-lio] t=1317401228.638 corr=2911 lidar=ok rms=0.0431 time=89.84 ms | v=8.393 bg=0.00112 ba=0.28587
[tight-lio] t=1317401228.742 corr=3211 lidar=ok rms=0.0370 time=94.88 ms | v=8.169 bg=0.00122 ba=0.28477
[tight-lio] t=1317401228.846 corr=3204 lidar=ok rms=0.0361 time=101.99 ms | v=7.918 bg=0.00126 ba=0.28308
[tight-lio] t=1317401228.950 corr=3189 lidar=ok rms=0.0379 time=97.06 ms | v=7.660 bg=0.00117 ba=0.28184
[tight-lio] t=1317401229.054 corr=3255 lidar=ok rms=0.0349 time=95.75 ms | v=7.397 bg=0.00112 ba=0.28136
[tight-lio] t=1317401229.158 corr=3509 lidar=ok rms=0.0344 time=70.44 ms | v=7.134 bg=0.00117 ba=0.28079
[tight-lio] t=1317401229.262 corr=3327 lidar=ok rms=0.0363 time=93.74 ms | v=6.856 bg=0.00120 ba=0.27971
[tight-lio] t=1317401229.366 corr=3421 lidar=ok rms=0.0546 time=95.58 ms | v=6.560 bg=0.00117 ba=0.27838
[tight-lio] t=1317401229.470 corr=3291 lidar=ok rms=0.0591 time=68.53 ms | v=6.258 bg=0.00122 ba=0.27661
[tight-lio] t=1317401229.574 corr=3603 lidar=ok rms=0.0378 time=101.32 ms | v=5.958 bg=0.00122 ba=0.27533
[tight-lio] t=1317401229.678 corr=3559 lidar=ok rms=0.0361 time=99.62 ms | v=5.658 bg=0.00125 ba=0.27430
[tight-lio] t=1317401229.782 corr=3704 lidar=ok rms=0.0381 time=70.95 ms | v=5.373 bg=0.00127 ba=0.27406
[tight-lio] t=1317401229.886 corr=3611 lidar=ok rms=0.0355 time=102.31 ms | v=5.085 bg=0.00133 ba=0.27370
[tight-lio] t=1317401229.990 corr=3749 lidar=ok rms=0.0384 time=108.50 ms | v=4.800 bg=0.00125 ba=0.27417
[tight-lio] t=1317401230.094 corr=3629 lidar=ok rms=0.0398 time=100.13 ms | v=4.517 bg=0.00122 ba=0.27448
[tight-lio] t=1317401230.198 corr=3699 lidar=ok rms=0.0343 time=103.78 ms | v=4.274 bg=0.00103 ba=0.27338
[tight-lio] t=1317401230.301 corr=3679 lidar=ok rms=0.0364 time=87.93 ms | v=4.124 bg=0.00092 ba=0.27239
[tight-lio] t=1317401230.405 corr=3677 lidar=ok rms=0.0328 time=98.56 ms | v=4.019 bg=0.00088 ba=0.27197
[tight-lio] t=1317401230.509 corr=3633 lidar=ok rms=0.0310 time=106.64 ms | v=3.974 bg=0.00088 ba=0.27212
[tight-lio] t=1317401230.613 corr=3619 lidar=ok rms=0.0325 time=99.91 ms | v=3.964 bg=0.00107 ba=0.27301
[tight-lio] t=1317401230.717 corr=3402 lidar=ok rms=0.0317 time=95.48 ms | v=3.946 bg=0.00114 ba=0.27285
[tight-lio] t=1317401230.821 corr=3707 lidar=ok rms=0.0319 time=104.73 ms | v=3.942 bg=0.00118 ba=0.27407
[tight-lio] t=1317401230.925 corr=3705 lidar=ok rms=0.0389 time=72.87 ms | v=3.938 bg=0.00124 ba=0.27547
[tight-lio] t=1317401231.029 corr=3812 lidar=ok rms=0.0343 time=103.50 ms | v=3.910 bg=0.00114 ba=0.27601
[tight-lio] t=1317401231.133 corr=3883 lidar=ok rms=0.0332 time=100.47 ms | v=3.873 bg=0.00105 ba=0.27606
[tight-lio] t=1317401231.237 corr=3632 lidar=ok rms=0.0307 time=70.36 ms | v=3.839 bg=0.00106 ba=0.27605
[tight-lio] t=1317401231.341 corr=3945 lidar=ok rms=0.0324 time=69.78 ms | v=3.813 bg=0.00114 ba=0.27587
[tight-lio] t=1317401231.445 corr=3800 lidar=ok rms=0.0307 time=103.50 ms | v=3.813 bg=0.00123 ba=0.27683
[tight-lio] t=1317401231.549 corr=3882 lidar=ok rms=0.0298 time=103.16 ms | v=3.846 bg=0.00122 ba=0.27666
[tight-lio] t=1317401231.653 corr=3805 lidar=ok rms=0.0271 time=100.29 ms | v=3.900 bg=0.00120 ba=0.27604
[tight-lio] t=1317401231.757 corr=3978 lidar=ok rms=0.0372 time=75.42 ms | v=3.967 bg=0.00119 ba=0.27636
[tight-lio] t=1317401231.861 corr=4016 lidar=ok rms=0.0338 time=107.68 ms | v=4.030 bg=0.00117 ba=0.27633
[tight-lio] t=1317401231.965 corr=3865 lidar=ok rms=0.0304 time=100.76 ms | v=4.120 bg=0.00117 ba=0.27775
[tight-lio] t=1317401232.068 corr=3959 lidar=ok rms=0.0325 time=75.84 ms | v=4.194 bg=0.00105 ba=0.27754
[tight-lio] t=1317401232.172 corr=3751 lidar=ok rms=0.0299 time=98.08 ms | v=4.278 bg=0.00095 ba=0.27793
[tight-lio] t=1317401232.276 corr=3788 lidar=ok rms=0.0271 time=100.85 ms | v=4.365 bg=0.00101 ba=0.27727
[tight-lio] t=1317401232.380 corr=3733 lidar=ok rms=0.0267 time=95.73 ms | v=4.478 bg=0.00119 ba=0.27706
[tight-lio] t=1317401232.484 corr=3727 lidar=ok rms=0.0250 time=100.34 ms | v=4.607 bg=0.00124 ba=0.27656
[tight-lio] t=1317401232.588 corr=3737 lidar=ok rms=0.0281 time=100.51 ms | v=4.748 bg=0.00116 ba=0.27686
[tight-lio] t=1317401232.692 corr=3783 lidar=ok rms=0.0275 time=70.36 ms | v=4.887 bg=0.00113 ba=0.27665
[tight-lio] t=1317401232.796 corr=3687 lidar=ok rms=0.0285 time=100.39 ms | v=5.037 bg=0.00114 ba=0.27651
[tight-lio] t=1317401232.900 corr=3637 lidar=ok rms=0.0305 time=100.45 ms | v=5.186 bg=0.00111 ba=0.27669
[tight-lio] t=1317401233.004 corr=3503 lidar=ok rms=0.0278 time=98.22 ms | v=5.325 bg=0.00096 ba=0.27675
[tight-lio] t=1317401233.108 corr=3614 lidar=ok rms=0.0293 time=98.60 ms | v=5.462 bg=0.00092 ba=0.27631
[tight-lio] t=1317401233.212 corr=3498 lidar=ok rms=0.0268 time=93.48 ms | v=5.606 bg=0.00090 ba=0.27580
[tight-lio] t=1317401233.316 corr=3595 lidar=ok rms=0.0256 time=70.99 ms | v=5.771 bg=0.00112 ba=0.27575
[tight-lio] t=1317401233.420 corr=3505 lidar=ok rms=0.0311 time=96.19 ms | v=5.937 bg=0.00131 ba=0.27572
[tight-lio] t=1317401233.524 corr=3374 lidar=ok rms=0.0355 time=93.81 ms | v=6.098 bg=0.00156 ba=0.27560
[tight-lio] t=1317401233.628 corr=3336 lidar=ok rms=0.0337 time=66.20 ms | v=6.243 bg=0.00163 ba=0.27440
[tight-lio] t=1317401233.732 corr=3456 lidar=ok rms=0.0329 time=95.40 ms | v=6.362 bg=0.00129 ba=0.27303
[tight-lio] t=1317401233.836 corr=3614 lidar=ok rms=0.0359 time=93.43 ms | v=6.478 bg=0.00106 ba=0.27247
[tight-lio] t=1317401233.940 corr=3626 lidar=ok rms=0.0321 time=95.38 ms | v=6.589 bg=0.00091 ba=0.27061
[tight-lio] t=1317401234.044 corr=3545 lidar=ok rms=0.0308 time=98.86 ms | v=6.686 bg=0.00088 ba=0.26813
[tight-lio] t=1317401234.148 corr=3622 lidar=ok rms=0.0255 time=92.34 ms | v=6.798 bg=0.00097 ba=0.26737
[tight-lio] t=1317401234.252 corr=3795 lidar=ok rms=0.0284 time=92.49 ms | v=6.914 bg=0.00109 ba=0.26569
[tight-lio] t=1317401234.356 corr=3735 lidar=ok rms=0.0309 time=59.13 ms | v=7.013 bg=0.00118 ba=0.26495
[tight-lio] t=1317401234.460 corr=3644 lidar=ok rms=0.0387 time=89.94 ms | v=7.084 bg=0.00127 ba=0.26337
[tight-lio] t=1317401234.565 corr=3902 lidar=ok rms=0.0352 time=83.79 ms | v=7.151 bg=0.00138 ba=0.26140
[tight-lio] t=1317401234.669 corr=3699 lidar=ok rms=0.0311 time=66.11 ms | v=7.231 bg=0.00148 ba=0.26009
[tight-lio] t=1317401234.773 corr=3331 lidar=ok rms=0.0366 time=89.86 ms | v=7.319 bg=0.00161 ba=0.25907
[tight-lio] t=1317401234.877 corr=3129 lidar=ok rms=0.0324 time=86.51 ms | v=7.398 bg=0.00149 ba=0.25838
[tight-lio] t=1317401234.981 corr=2996 lidar=ok rms=0.0383 time=86.98 ms | v=7.457 bg=0.00114 ba=0.25670
[tight-lio] t=1317401235.085 corr=2751 lidar=ok rms=0.0418 time=60.48 ms | v=7.535 bg=0.00091 ba=0.25670
[tight-lio] t=1317401235.189 corr=2702 lidar=ok rms=0.0352 time=83.39 ms | v=7.632 bg=0.00099 ba=0.25673
[tight-lio] t=1317401235.293 corr=2755 lidar=ok rms=0.0415 time=85.59 ms | v=7.734 bg=0.00113 ba=0.25683
[tight-lio] t=1317401235.397 corr=2865 lidar=ok rms=0.0362 time=66.68 ms | v=7.820 bg=0.00121 ba=0.25628
[tight-lio] t=1317401235.500 corr=2775 lidar=ok rms=0.0354 time=61.84 ms | v=7.903 bg=0.00116 ba=0.25596
[tight-lio] t=1317401235.604 corr=3092 lidar=ok rms=0.0438 time=99.01 ms | v=8.050 bg=0.00124 ba=0.26055
[tight-lio] t=1317401235.708 corr=3057 lidar=ok rms=0.0505 time=93.88 ms | v=8.169 bg=0.00147 ba=0.26187
[tight-lio] t=1317401235.812 corr=3041 lidar=ok rms=0.0377 time=92.55 ms | v=8.259 bg=0.00136 ba=0.26034
[tight-lio] t=1317401235.915 corr=3126 lidar=ok rms=0.0621 time=92.94 ms | v=8.320 bg=0.00120 ba=0.25796
[tight-lio] t=1317401236.019 corr=2962 lidar=ok rms=0.0581 time=92.05 ms | v=8.408 bg=0.00098 ba=0.25763
[tight-lio] t=1317401236.123 corr=2711 lidar=ok rms=0.0387 time=88.58 ms | v=8.493 bg=0.00093 ba=0.25657
[tight-lio] t=1317401236.226 corr=2670 lidar=ok rms=0.0304 time=96.33 ms | v=8.597 bg=0.00101 ba=0.25651
[tight-lio] t=1317401236.330 corr=2596 lidar=ok rms=0.0358 time=63.43 ms | v=8.687 bg=0.00112 ba=0.25494
[tight-lio] t=1317401236.434 corr=2649 lidar=ok rms=0.0374 time=91.21 ms | v=8.800 bg=0.00120 ba=0.25495
[tight-lio] t=1317401236.538 corr=2673 lidar=ok rms=0.0307 time=90.33 ms | v=8.899 bg=0.00132 ba=0.25435
[tight-lio] t=1317401236.642 corr=2606 lidar=ok rms=0.0319 time=93.60 ms | v=8.971 bg=0.00121 ba=0.25323
[tight-lio] t=1317401236.745 corr=2618 lidar=ok rms=0.0420 time=64.29 ms | v=9.039 bg=0.00115 ba=0.25332
[tight-lio] t=1317401236.849 corr=2737 lidar=ok rms=0.0377 time=92.21 ms | v=9.102 bg=0.00122 ba=0.25425
[tight-lio] t=1317401236.953 corr=2705 lidar=ok rms=0.0403 time=81.23 ms | v=9.131 bg=0.00126 ba=0.25380
[tight-lio] t=1317401237.057 corr=2929 lidar=ok rms=0.0315 time=95.65 ms | v=9.127 bg=0.00125 ba=0.25172
[tight-lio] t=1317401237.161 corr=2965 lidar=ok rms=0.0395 time=92.92 ms | v=9.105 bg=0.00130 ba=0.24888
[tight-lio] t=1317401237.265 corr=2770 lidar=ok rms=0.0351 time=92.99 ms | v=9.085 bg=0.00096 ba=0.24809
[tight-lio] t=1317401237.369 corr=2755 lidar=ok rms=0.0297 time=64.92 ms | v=9.076 bg=0.00097 ba=0.24706
[tight-lio] t=1317401237.472 corr=2628 lidar=ok rms=0.0310 time=90.13 ms | v=9.060 bg=0.00113 ba=0.24493
[tight-lio] t=1317401237.576 corr=2558 lidar=ok rms=0.0354 time=63.22 ms | v=9.051 bg=0.00133 ba=0.24401
[tight-lio] t=1317401237.680 corr=2564 lidar=ok rms=0.0296 time=91.52 ms | v=9.018 bg=0.00119 ba=0.24255
[tight-lio] t=1317401237.784 corr=2532 lidar=ok rms=0.0353 time=88.69 ms | v=8.959 bg=0.00109 ba=0.24012
[tight-lio] t=1317401237.888 corr=2537 lidar=ok rms=0.0285 time=63.07 ms | v=8.895 bg=0.00097 ba=0.23816
[tight-lio] t=1317401237.992 corr=2576 lidar=ok rms=0.0311 time=63.31 ms | v=8.840 bg=0.00095 ba=0.23552
[tight-lio] t=1317401238.096 corr=2682 lidar=ok rms=0.0275 time=91.53 ms | v=8.807 bg=0.00117 ba=0.23430
[tight-lio] t=1317401238.200 corr=2729 lidar=ok rms=0.0356 time=89.06 ms | v=8.787 bg=0.00153 ba=0.23285
[tight-lio] t=1317401238.304 corr=2591 lidar=ok rms=0.0359 time=89.71 ms | v=8.763 bg=0.00162 ba=0.23207
[tight-lio] t=1317401238.408 corr=2599 lidar=ok rms=0.0285 time=88.36 ms | v=8.714 bg=0.00160 ba=0.23103
[tight-lio] t=1317401238.512 corr=2635 lidar=ok rms=0.0318 time=87.92 ms | v=8.653 bg=0.00123 ba=0.23090
[tight-lio] t=1317401238.616 corr=2615 lidar=ok rms=0.0581 time=97.68 ms | v=8.561 bg=0.00075 ba=0.23027
[tight-lio] t=1317401238.720 corr=2772 lidar=ok rms=0.0355 time=97.14 ms | v=8.474 bg=0.00075 ba=0.22929
[tight-lio] t=1317401238.824 corr=2803 lidar=ok rms=0.0318 time=91.53 ms | v=8.391 bg=0.00097 ba=0.22850
[tight-lio] t=1317401238.928 corr=2777 lidar=ok rms=0.0280 time=91.89 ms | v=8.286 bg=0.00115 ba=0.22768
[tight-lio] t=1317401239.032 corr=2733 lidar=ok rms=0.0318 time=62.56 ms | v=8.151 bg=0.00109 ba=0.22643
[tight-lio] t=1317401239.135 corr=2829 lidar=ok rms=0.0308 time=65.34 ms | v=7.995 bg=0.00108 ba=0.22506
[tight-lio] t=1317401239.239 corr=2959 lidar=ok rms=0.0326 time=66.21 ms | v=7.834 bg=0.00116 ba=0.22409
[tight-lio] t=1317401239.343 corr=2851 lidar=ok rms=0.0330 time=91.24 ms | v=7.656 bg=0.00131 ba=0.22182
[tight-lio] t=1317401239.447 corr=2819 lidar=ok rms=0.0343 time=65.01 ms | v=7.475 bg=0.00136 ba=0.22032
[tight-lio] t=1317401239.551 corr=2741 lidar=ok rms=0.0330 time=90.17 ms | v=7.268 bg=0.00129 ba=0.21951
[tight-lio] t=1317401239.655 corr=3004 lidar=ok rms=0.0397 time=91.11 ms | v=7.040 bg=0.00099 ba=0.21951
[tight-lio] t=1317401239.759 corr=3070 lidar=ok rms=0.0378 time=66.31 ms | v=6.798 bg=0.00084 ba=0.21884
[tight-lio] t=1317401239.863 corr=3036 lidar=ok rms=0.0378 time=100.56 ms | v=6.545 bg=0.00085 ba=0.21747
[tight-lio] t=1317401239.967 corr=2824 lidar=ok rms=0.0334 time=90.59 ms | v=6.294 bg=0.00103 ba=0.21685
[tight-lio] t=1317401240.071 corr=3044 lidar=ok rms=0.0349 time=66.77 ms | v=6.027 bg=0.00118 ba=0.21567
[tight-lio] t=1317401240.175 corr=3065 lidar=ok rms=0.0348 time=67.33 ms | v=5.760 bg=0.00123 ba=0.21502
[tight-lio] t=1317401240.279 corr=3077 lidar=ok rms=0.0342 time=90.83 ms | v=5.479 bg=0.00120 ba=0.21404
[tight-lio] t=1317401240.383 corr=3127 lidar=ok rms=0.0347 time=85.26 ms | v=5.187 bg=0.00115 ba=0.21318
[tight-lio] t=1317401240.487 corr=3232 lidar=ok rms=0.0349 time=159.73 ms | v=4.895 bg=0.00115 ba=0.21180
[tight-lio] t=1317401240.591 corr=2958 lidar=ok rms=0.0425 time=91.19 ms | v=4.610 bg=0.00113 ba=0.20990
[tight-lio] t=1317401240.695 corr=2947 lidar=ok rms=0.0378 time=66.02 ms | v=4.370 bg=0.00106 ba=0.21008
[tight-lio] t=1317401240.799 corr=2893 lidar=ok rms=0.0344 time=67.31 ms | v=4.140 bg=0.00099 ba=0.20880
[tight-lio] t=1317401240.903 corr=2967 lidar=ok rms=0.0311 time=67.46 ms | v=3.944 bg=0.00105 ba=0.20851
[tight-lio] t=1317401241.006 corr=2888 lidar=ok rms=0.0425 time=67.29 ms | v=3.769 bg=0.00110 ba=0.20953
[tight-lio] t=1317401241.110 corr=3057 lidar=ok rms=0.0360 time=65.41 ms | v=3.598 bg=0.00108 ba=0.20918
[tight-lio] t=1317401241.214 corr=3228 lidar=ok rms=0.0312 time=68.28 ms | v=3.470 bg=0.00100 ba=0.20812
[tight-lio] t=1317401241.318 corr=3208 lidar=ok rms=0.0319 time=64.09 ms | v=3.378 bg=0.00097 ba=0.20748
[tight-lio] t=1317401241.422 corr=3197 lidar=ok rms=0.0301 time=73.75 ms | v=3.284 bg=0.00096 ba=0.20669
[tight-lio] t=1317401241.526 corr=3248 lidar=ok rms=0.0303 time=70.68 ms | v=3.183 bg=0.00094 ba=0.20681
[tight-lio] t=1317401241.630 corr=3240 lidar=ok rms=0.0291 time=95.01 ms | v=3.060 bg=0.00092 ba=0.20565
[tight-lio] t=1317401241.734 corr=3249 lidar=ok rms=0.0296 time=70.07 ms | v=2.972 bg=0.00095 ba=0.20678
[tight-lio] t=1317401241.838 corr=3454 lidar=ok rms=0.0292 time=70.36 ms | v=2.871 bg=0.00099 ba=0.20554
[tight-lio] t=1317401241.942 corr=3586 lidar=ok rms=0.0228 time=107.54 ms | v=2.781 bg=0.00103 ba=0.20498
[tight-lio] t=1317401242.046 corr=3605 lidar=ok rms=0.0236 time=70.64 ms | v=2.706 bg=0.00105 ba=0.20481
[tight-lio] t=1317401242.150 corr=3632 lidar=ok rms=0.0246 time=72.74 ms | v=2.658 bg=0.00107 ba=0.20444
[tight-lio] t=1317401242.254 corr=3662 lidar=ok rms=0.0265 time=73.60 ms | v=2.615 bg=0.00112 ba=0.20370
[tight-lio] t=1317401242.358 corr=3537 lidar=ok rms=0.0251 time=101.89 ms | v=2.571 bg=0.00118 ba=0.20295
[tight-lio] t=1317401242.461 corr=3425 lidar=ok rms=0.0235 time=72.13 ms | v=2.527 bg=0.00126 ba=0.20220
[tight-lio] t=1317401242.565 corr=3500 lidar=ok rms=0.0255 time=75.21 ms | v=2.486 bg=0.00130 ba=0.20136
[tight-lio] t=1317401242.669 corr=3450 lidar=ok rms=0.0280 time=66.51 ms | v=2.455 bg=0.00127 ba=0.20071
[tight-lio] t=1317401242.773 corr=3718 lidar=ok rms=0.0263 time=67.83 ms | v=2.423 bg=0.00120 ba=0.20004
[tight-lio] t=1317401242.877 corr=3601 lidar=ok rms=0.0269 time=64.76 ms | v=2.388 bg=0.00116 ba=0.19905
[tight-lio] t=1317401242.980 corr=3583 lidar=ok rms=0.0298 time=94.01 ms | v=2.357 bg=0.00114 ba=0.19813
[tight-lio] t=1317401243.084 corr=3612 lidar=ok rms=0.0283 time=103.45 ms | v=2.375 bg=0.00112 ba=0.19752
[tight-lio] t=1317401243.188 corr=3572 lidar=ok rms=0.0282 time=73.67 ms | v=2.431 bg=0.00112 ba=0.19692
[tight-lio] t=1317401243.292 corr=3642 lidar=ok rms=0.0239 time=73.89 ms | v=2.513 bg=0.00118 ba=0.19637
[tight-lio] t=1317401243.395 corr=3683 lidar=ok rms=0.0265 time=111.85 ms | v=2.619 bg=0.00117 ba=0.19574
[tight-lio] t=1317401243.499 corr=3528 lidar=ok rms=0.0262 time=73.09 ms | v=2.750 bg=0.00122 ba=0.19594
[tight-lio] t=1317401243.603 corr=3636 lidar=ok rms=0.0269 time=106.55 ms | v=2.887 bg=0.00123 ba=0.19633
[tight-lio] t=1317401243.707 corr=3581 lidar=ok rms=0.0248 time=103.50 ms | v=3.013 bg=0.00126 ba=0.19506
[tight-lio] t=1317401243.810 corr=3626 lidar=ok rms=0.0256 time=103.02 ms | v=3.163 bg=0.00131 ba=0.19574
[tight-lio] t=1317401243.914 corr=3563 lidar=ok rms=0.0269 time=103.25 ms | v=3.309 bg=0.00135 ba=0.19557
[tight-lio] t=1317401244.018 corr=3622 lidar=ok rms=0.0327 time=104.61 ms | v=3.452 bg=0.00143 ba=0.19552
[tight-lio] t=1317401244.121 corr=3452 lidar=ok rms=0.0236 time=100.00 ms | v=3.598 bg=0.00148 ba=0.19501
[tight-lio] t=1317401244.225 corr=3320 lidar=ok rms=0.0355 time=99.67 ms | v=3.751 bg=0.00150 ba=0.19480
[tight-lio] t=1317401244.329 corr=3214 lidar=ok rms=0.0233 time=69.54 ms | v=3.904 bg=0.00158 ba=0.19470
[tight-lio] t=1317401244.433 corr=3394 lidar=ok rms=0.0236 time=219.30 ms | v=4.059 bg=0.00156 ba=0.19361
[tight-lio] t=1317401244.536 corr=3555 lidar=ok rms=0.0288 time=73.55 ms | v=4.225 bg=0.00149 ba=0.19295
[tight-lio] t=1317401244.640 corr=3526 lidar=ok rms=0.0325 time=100.56 ms | v=4.403 bg=0.00151 ba=0.19210
[tight-lio] t=1317401244.744 corr=3449 lidar=ok rms=0.0305 time=72.34 ms | v=4.611 bg=0.00150 ba=0.19206
[tight-lio] t=1317401244.848 corr=3533 lidar=ok rms=0.0328 time=98.47 ms | v=4.817 bg=0.00141 ba=0.19093
[tight-lio] t=1317401244.952 corr=3592 lidar=ok rms=0.0369 time=73.40 ms | v=5.031 bg=0.00120 ba=0.18991
[tight-lio] t=1317401245.056 corr=3351 lidar=ok rms=0.0327 time=111.94 ms | v=5.269 bg=0.00108 ba=0.19097
[tight-lio] t=1317401245.160 corr=3611 lidar=ok rms=0.0340 time=110.79 ms | v=5.471 bg=0.00092 ba=0.18910
[tight-lio] t=1317401245.264 corr=3518 lidar=ok rms=0.0304 time=105.08 ms | v=5.679 bg=0.00085 ba=0.18803
[tight-lio] t=1317401245.368 corr=3408 lidar=ok rms=0.0317 time=112.80 ms | v=5.874 bg=0.00081 ba=0.18622
[tight-lio] t=1317401245.472 corr=3463 lidar=ok rms=0.0347 time=97.01 ms | v=6.070 bg=0.00088 ba=0.18588
[tight-lio] t=1317401245.576 corr=3551 lidar=ok rms=0.0348 time=101.81 ms | v=6.244 bg=0.00102 ba=0.18553
[tight-lio] t=1317401245.680 corr=3426 lidar=ok rms=0.0312 time=99.32 ms | v=6.364 bg=0.00106 ba=0.18487
[tight-lio] t=1317401245.784 corr=3286 lidar=ok rms=0.0385 time=96.25 ms | v=6.398 bg=0.00111 ba=0.18326
[tight-lio] t=1317401245.888 corr=3516 lidar=ok rms=0.0332 time=102.59 ms | v=6.381 bg=0.00116 ba=0.18150
[tight-lio] t=1317401245.992 corr=3443 lidar=ok rms=0.0343 time=69.82 ms | v=6.311 bg=0.00119 ba=0.17956
[tight-lio] t=1317401246.096 corr=3802 lidar=ok rms=0.0529 time=103.75 ms | v=6.129 bg=0.00109 ba=0.17119
[tight-lio] t=1317401246.200 corr=3634 lidar=ok rms=0.1279 time=94.72 ms | v=6.010 bg=0.00107 ba=0.17134
[tight-lio] t=1317401246.304 corr=3583 lidar=ok rms=0.0372 time=68.68 ms | v=5.894 bg=0.00099 ba=0.17163
[tight-lio] t=1317401246.408 corr=3782 lidar=ok rms=0.0369 time=95.39 ms | v=5.812 bg=0.00097 ba=0.16868
[tight-lio] t=1317401246.512 corr=4012 lidar=ok rms=0.0418 time=72.88 ms | v=5.791 bg=0.00092 ba=0.16617
[tight-lio] t=1317401246.616 corr=4069 lidar=ok rms=0.0706 time=104.18 ms | v=5.790 bg=0.00083 ba=0.16440
[tight-lio] t=1317401246.720 corr=4146 lidar=ok rms=0.0351 time=110.04 ms | v=5.794 bg=0.00082 ba=0.16264
[tight-lio] t=1317401246.824 corr=4044 lidar=ok rms=0.0340 time=113.16 ms | v=5.796 bg=0.00084 ba=0.16076
[tight-lio] t=1317401246.929 corr=4267 lidar=ok rms=0.0323 time=106.20 ms | v=5.783 bg=0.00092 ba=0.15931
[tight-lio] t=1317401247.033 corr=4374 lidar=ok rms=0.0407 time=107.27 ms | v=5.756 bg=0.00092 ba=0.15710
[tight-lio] t=1317401247.137 corr=4380 lidar=ok rms=0.0345 time=106.18 ms | v=5.736 bg=0.00098 ba=0.15576
[tight-lio] t=1317401247.241 corr=4074 lidar=ok rms=0.0328 time=102.76 ms | v=5.704 bg=0.00097 ba=0.15303
[tight-lio] t=1317401247.345 corr=3868 lidar=ok rms=0.0339 time=97.63 ms | v=5.704 bg=0.00093 ba=0.15232
[tight-lio] t=1317401247.449 corr=4085 lidar=ok rms=0.0347 time=105.55 ms | v=5.724 bg=0.00085 ba=0.14914
[tight-lio] t=1317401247.553 corr=4172 lidar=ok rms=0.0546 time=75.26 ms | v=5.786 bg=0.00084 ba=0.14634
[tight-lio] t=1317401247.657 corr=3833 lidar=ok rms=0.0313 time=102.04 ms | v=5.893 bg=0.00088 ba=0.14571
[tight-lio] t=1317401247.762 corr=4277 lidar=ok rms=0.0308 time=74.18 ms | v=6.015 bg=0.00093 ba=0.14497
[tight-lio] t=1317401247.866 corr=4166 lidar=ok rms=0.0307 time=103.86 ms | v=6.143 bg=0.00098 ba=0.14433
[tight-lio] t=1317401247.970 corr=4186 lidar=ok rms=0.0306 time=105.83 ms | v=6.286 bg=0.00104 ba=0.14428
[tight-lio] t=1317401248.074 corr=4057 lidar=ok rms=0.0314 time=71.16 ms | v=6.424 bg=0.00109 ba=0.14373
[tight-lio] t=1317401248.178 corr=4062 lidar=ok rms=0.0299 time=96.52 ms | v=6.559 bg=0.00108 ba=0.14285
[tight-lio] t=1317401248.282 corr=3968 lidar=ok rms=0.0327 time=91.62 ms | v=6.693 bg=0.00106 ba=0.14172
[tight-lio] t=1317401248.386 corr=4184 lidar=ok rms=0.0500 time=67.55 ms | v=6.832 bg=0.00105 ba=0.14097
[tight-lio] t=1317401248.490 corr=4055 lidar=ok rms=0.0377 time=74.71 ms | v=6.969 bg=0.00103 ba=0.13994
[tight-lio] t=1317401248.594 corr=3962 lidar=ok rms=0.0338 time=72.77 ms | v=7.117 bg=0.00103 ba=0.13995
[tight-lio] t=1317401248.698 corr=4104 lidar=ok rms=0.0344 time=104.08 ms | v=7.284 bg=0.00098 ba=0.14178
[tight-lio] t=1317401248.802 corr=4161 lidar=ok rms=0.0330 time=106.60 ms | v=7.422 bg=0.00096 ba=0.14094
[tight-lio] t=1317401248.906 corr=4190 lidar=ok rms=0.0361 time=107.22 ms | v=7.555 bg=0.00097 ba=0.13993
[tight-lio] t=1317401249.010 corr=4177 lidar=ok rms=0.0345 time=78.66 ms | v=7.690 bg=0.00105 ba=0.13841
[tight-lio] t=1317401249.114 corr=4172 lidar=ok rms=0.0326 time=75.99 ms | v=7.837 bg=0.00115 ba=0.13738
[tight-lio] t=1317401249.218 corr=3792 lidar=ok rms=0.0343 time=104.47 ms | v=7.973 bg=0.00130 ba=0.13587
[tight-lio] t=1317401249.322 corr=3865 lidar=ok rms=0.0339 time=108.29 ms | v=8.103 bg=0.00112 ba=0.13465
[tight-lio] t=1317401249.426 corr=3828 lidar=ok rms=0.0323 time=102.03 ms | v=8.216 bg=0.00096 ba=0.13299
[tight-lio] t=1317401249.530 corr=3980 lidar=ok rms=0.0399 time=105.85 ms | v=8.284 bg=0.00108 ba=0.12353
[tight-lio] t=1317401249.634 corr=3927 lidar=ok rms=0.0330 time=119.25 ms | v=8.436 bg=0.00114 ba=0.12402
[tight-lio] t=1317401249.738 corr=3877 lidar=ok rms=0.0381 time=102.87 ms | v=8.640 bg=0.00118 ba=0.12882
[tight-lio] t=1317401249.842 corr=3887 lidar=ok rms=0.0317 time=105.24 ms | v=8.777 bg=0.00103 ba=0.12873
[tight-lio] t=1317401249.946 corr=3835 lidar=ok rms=0.0335 time=103.78 ms | v=8.908 bg=0.00088 ba=0.12765
[tight-lio] t=1317401250.050 corr=3801 lidar=ok rms=0.0335 time=101.72 ms | v=9.034 bg=0.00074 ba=0.12658
[tight-lio] t=1317401250.154 corr=4238 lidar=ok rms=0.0374 time=107.50 ms | v=9.113 bg=0.00074 ba=0.12061
[tight-lio] t=1317401250.258 corr=3897 lidar=ok rms=0.0343 time=100.87 ms | v=9.261 bg=0.00082 ba=0.12071
[tight-lio] t=1317401250.362 corr=3699 lidar=ok rms=0.0384 time=101.28 ms | v=9.400 bg=0.00104 ba=0.12010
[tight-lio] t=1317401250.466 corr=3808 lidar=ok rms=0.0379 time=103.13 ms | v=9.538 bg=0.00116 ba=0.11868
[tight-lio] t=1317401250.570 corr=3360 lidar=ok rms=0.0343 time=103.00 ms | v=9.663 bg=0.00114 ba=0.11813
[tight-lio] t=1317401250.674 corr=3681 lidar=ok rms=0.0316 time=101.99 ms | v=9.763 bg=0.00105 ba=0.11705
[tight-lio] t=1317401250.778 corr=3740 lidar=ok rms=0.0331 time=117.75 ms | v=9.847 bg=0.00106 ba=0.11572
[tight-lio] t=1317401250.882 corr=3556 lidar=ok rms=0.0314 time=98.00 ms | v=9.945 bg=0.00123 ba=0.11489
[tight-lio] t=1317401250.986 corr=3005 lidar=ok rms=0.0369 time=66.11 ms | v=10.029 bg=0.00144 ba=0.11475
[tight-lio] t=1317401251.090 corr=3037 lidar=ok rms=0.0299 time=92.26 ms | v=10.090 bg=0.00129 ba=0.11473
[tight-lio] t=1317401251.194 corr=3101 lidar=ok rms=0.0326 time=103.14 ms | v=10.115 bg=0.00114 ba=0.11393
[tight-lio] t=1317401251.298 corr=2904 lidar=ok rms=0.0322 time=65.63 ms | v=10.159 bg=0.00112 ba=0.11501
[tight-lio] t=1317401251.402 corr=3211 lidar=ok rms=0.0313 time=66.27 ms | v=10.201 bg=0.00121 ba=0.11538
[tight-lio] t=1317401251.506 corr=3193 lidar=ok rms=0.0359 time=91.28 ms | v=10.239 bg=0.00142 ba=0.11450
[tight-lio] t=1317401251.610 corr=3108 lidar=ok rms=0.0335 time=102.69 ms | v=10.300 bg=0.00153 ba=0.11483
[tight-lio] t=1317401251.714 corr=3236 lidar=ok rms=0.0311 time=94.22 ms | v=10.336 bg=0.00149 ba=0.11424
[tight-lio] t=1317401251.818 corr=2920 lidar=ok rms=0.0325 time=92.66 ms | v=10.355 bg=0.00133 ba=0.11396
[tight-lio] t=1317401251.922 corr=3452 lidar=ok rms=0.0401 time=97.23 ms | v=10.305 bg=0.00129 ba=0.10789
[tight-lio] t=1317401252.026 corr=3304 lidar=ok rms=0.0380 time=93.41 ms | v=10.322 bg=0.00122 ba=0.10643
[tight-lio] t=1317401252.130 corr=3101 lidar=ok rms=0.0333 time=91.95 ms | v=10.368 bg=0.00126 ba=0.10702
[tight-lio] t=1317401252.234 corr=3400 lidar=ok rms=0.0375 time=69.48 ms | v=10.393 bg=0.00127 ba=0.10493
[tight-lio] t=1317401252.338 corr=2988 lidar=ok rms=0.0386 time=88.30 ms | v=10.431 bg=0.00114 ba=0.10505
[tight-lio] t=1317401252.442 corr=3622 lidar=ok rms=0.0372 time=94.79 ms | v=10.452 bg=0.00104 ba=0.10250
[tight-lio] t=1317401252.546 corr=3275 lidar=ok rms=0.0404 time=93.11 ms | v=10.487 bg=0.00106 ba=0.10094
[tight-lio] t=1317401252.650 corr=3438 lidar=ok rms=0.0375 time=96.64 ms | v=10.546 bg=0.00112 ba=0.09993
[tight-lio] t=1317401252.753 corr=3609 lidar=ok rms=0.0442 time=99.06 ms | v=10.616 bg=0.00105 ba=0.10484
[tight-lio] t=1317401252.857 corr=3323 lidar=ok rms=0.0331 time=105.45 ms | v=10.659 bg=0.00095 ba=0.10154
[tight-lio] t=1317401252.961 corr=3639 lidar=ok rms=0.0383 time=70.42 ms | v=10.704 bg=0.00099 ba=0.09867
[tight-lio] t=1317401253.065 corr=3515 lidar=ok rms=0.0293 time=97.18 ms | v=10.775 bg=0.00107 ba=0.09802
[tight-lio] t=1317401253.169 corr=3867 lidar=ok rms=0.0384 time=100.50 ms | v=10.820 bg=0.00104 ba=0.09512
[tight-lio] t=1317401253.272 corr=3891 lidar=ok rms=0.0309 time=71.69 ms | v=10.890 bg=0.00098 ba=0.09499
[tight-lio] t=1317401253.376 corr=3914 lidar=ok rms=0.0322 time=101.84 ms | v=10.966 bg=0.00115 ba=0.09404
[tight-lio] t=1317401253.480 corr=3730 lidar=ok rms=0.0345 time=97.79 ms | v=11.065 bg=0.00132 ba=0.09467
[tight-lio] t=1317401253.584 corr=3635 lidar=ok rms=0.0344 time=98.58 ms | v=11.154 bg=0.00124 ba=0.09591
[tight-lio] t=1317401253.687 corr=3803 lidar=ok rms=0.0320 time=101.26 ms | v=11.227 bg=0.00106 ba=0.09603
[tight-lio] t=1317401253.791 corr=3806 lidar=ok rms=0.0352 time=72.37 ms | v=11.289 bg=0.00100 ba=0.09634
[tight-lio] t=1317401253.895 corr=3723 lidar=ok rms=0.0394 time=99.79 ms | v=11.361 bg=0.00107 ba=0.09661
[tight-lio] t=1317401253.999 corr=3899 lidar=ok rms=0.0350 time=71.97 ms | v=11.433 bg=0.00113 ba=0.09702
[tight-lio] t=1317401254.103 corr=3841 lidar=ok rms=0.0490 time=70.64 ms | v=11.506 bg=0.00116 ba=0.09748
[tight-lio] t=1317401254.206 corr=3994 lidar=ok rms=0.0363 time=69.41 ms | v=11.590 bg=0.00121 ba=0.09738
[tight-lio] t=1317401254.310 corr=3954 lidar=ok rms=0.0309 time=99.88 ms | v=11.654 bg=0.00130 ba=0.09728
[tight-lio] t=1317401254.414 corr=3928 lidar=ok rms=0.0317 time=63.68 ms | v=11.721 bg=0.00124 ba=0.09738
[tight-lio] t=1317401254.518 corr=3737 lidar=ok rms=0.0332 time=99.27 ms | v=11.777 bg=0.00107 ba=0.09689
[tight-lio] t=1317401254.622 corr=4137 lidar=ok rms=0.0339 time=102.44 ms | v=11.829 bg=0.00096 ba=0.09707
[tight-lio] t=1317401254.725 corr=4245 lidar=ok rms=0.0381 time=73.41 ms | v=11.894 bg=0.00093 ba=0.09820
[tight-lio] t=1317401254.829 corr=3934 lidar=ok rms=0.0357 time=104.24 ms | v=11.934 bg=0.00098 ba=0.09818
[tight-lio] t=1317401254.933 corr=3777 lidar=ok rms=0.0358 time=97.43 ms | v=11.986 bg=0.00116 ba=0.09720
[tight-lio] t=1317401255.037 corr=3965 lidar=ok rms=0.0362 time=70.84 ms | v=12.053 bg=0.00128 ba=0.09833
[tight-lio] t=1317401255.141 corr=4061 lidar=ok rms=0.0466 time=101.50 ms | v=12.086 bg=0.00114 ba=0.09853
[tight-lio] t=1317401255.245 corr=3843 lidar=ok rms=0.0330 time=67.52 ms | v=12.120 bg=0.00110 ba=0.09792
[tight-lio] t=1317401255.348 corr=3759 lidar=ok rms=0.0348 time=98.90 ms | v=12.154 bg=0.00109 ba=0.09684
[tight-lio] t=1317401255.452 corr=3599 lidar=ok rms=0.0326 time=68.82 ms | v=12.191 bg=0.00105 ba=0.09644
[tight-lio] t=1317401255.556 corr=3500 lidar=ok rms=0.0513 time=95.44 ms | v=12.218 bg=0.00118 ba=0.09679
[tight-lio] t=1317401255.660 corr=3126 lidar=ok rms=0.0659 time=92.96 ms | v=12.249 bg=0.00135 ba=0.09652
[tight-lio] t=1317401255.764 corr=3057 lidar=ok rms=0.0337 time=90.78 ms | v=12.255 bg=0.00133 ba=0.09624
[tight-lio] t=1317401255.867 corr=2933 lidar=ok rms=0.0297 time=91.63 ms | v=12.270 bg=0.00124 ba=0.09653
[tight-lio] t=1317401255.971 corr=2888 lidar=ok rms=0.0398 time=91.19 ms | v=12.296 bg=0.00123 ba=0.09708
[tight-lio] t=1317401256.075 corr=3240 lidar=ok rms=0.0455 time=93.18 ms | v=12.312 bg=0.00109 ba=0.09700
[tight-lio] t=1317401256.179 corr=3205 lidar=ok rms=0.0352 time=95.26 ms | v=12.339 bg=0.00123 ba=0.09902
[tight-lio] t=1317401256.283 corr=3235 lidar=ok rms=0.0337 time=94.09 ms | v=12.362 bg=0.00127 ba=0.09890
[tight-lio] t=1317401256.387 corr=3311 lidar=ok rms=0.0385 time=67.57 ms | v=12.357 bg=0.00119 ba=0.10000
[tight-lio] t=1317401256.490 corr=3327 lidar=ok rms=0.0349 time=101.89 ms | v=12.345 bg=0.00129 ba=0.09957
[tight-lio] t=1317401256.594 corr=3391 lidar=ok rms=0.0345 time=96.04 ms | v=12.353 bg=0.00133 ba=0.10142
[tight-lio] t=1317401256.698 corr=3419 lidar=ok rms=0.0644 time=99.91 ms | v=12.330 bg=0.00133 ba=0.10225
[tight-lio] t=1317401256.802 corr=3196 lidar=ok rms=0.0400 time=61.11 ms | v=12.332 bg=0.00133 ba=0.10305
[tight-lio] t=1317401256.905 corr=3507 lidar=ok rms=0.0424 time=107.11 ms | v=12.317 bg=0.00128 ba=0.10424
[tight-lio] t=1317401257.009 corr=3521 lidar=ok rms=0.0372 time=99.11 ms | v=12.308 bg=0.00116 ba=0.10396
[tight-lio] t=1317401257.113 corr=3866 lidar=ok rms=0.0435 time=100.54 ms | v=12.299 bg=0.00114 ba=0.10369
[tight-lio] t=1317401257.217 corr=3719 lidar=ok rms=0.0391 time=104.30 ms | v=12.304 bg=0.00128 ba=0.10483
[tight-lio] t=1317401257.320 corr=3531 lidar=ok rms=0.0327 time=97.77 ms | v=12.313 bg=0.00135 ba=0.10583
[tight-lio] t=1317401257.424 corr=3414 lidar=ok rms=0.0386 time=97.18 ms | v=12.293 bg=0.00136 ba=0.10591
[tight-lio] t=1317401257.528 corr=3138 lidar=ok rms=0.0325 time=90.70 ms | v=12.281 bg=0.00126 ba=0.10662
[tight-lio] t=1317401257.632 corr=3348 lidar=ok rms=0.0331 time=74.37 ms | v=12.238 bg=0.00119 ba=0.10708
[tight-lio] t=1317401257.735 corr=3488 lidar=ok rms=0.0375 time=70.91 ms | v=12.200 bg=0.00114 ba=0.10801
[tight-lio] t=1317401257.839 corr=3361 lidar=ok rms=0.0386 time=96.83 ms | v=12.173 bg=0.00123 ba=0.10828
[tight-lio] t=1317401257.943 corr=3534 lidar=ok rms=0.0653 time=97.51 ms | v=12.177 bg=0.00139 ba=0.10884
[tight-lio] t=1317401258.047 corr=3216 lidar=ok rms=0.0473 time=98.16 ms | v=12.174 bg=0.00144 ba=0.11085
[tight-lio] t=1317401258.151 corr=3219 lidar=ok rms=0.0470 time=108.57 ms | v=12.171 bg=0.00131 ba=0.11045
[tight-lio] t=1317401258.255 corr=3301 lidar=ok rms=0.0401 time=98.49 ms | v=12.131 bg=0.00119 ba=0.11023
[tight-lio] t=1317401258.358 corr=3165 lidar=ok rms=0.0340 time=67.30 ms | v=12.114 bg=0.00114 ba=0.11043
[tight-lio] t=1317401258.462 corr=3484 lidar=ok rms=0.0615 time=97.02 ms | v=12.091 bg=0.00115 ba=0.10984
[tight-lio] t=1317401258.566 corr=3381 lidar=ok rms=0.0355 time=115.66 ms | v=12.062 bg=0.00120 ba=0.11151
[tight-lio] t=1317401258.670 corr=3582 lidar=ok rms=0.0355 time=97.68 ms | v=12.057 bg=0.00140 ba=0.11224
[tight-lio] t=1317401258.774 corr=3453 lidar=ok rms=0.0363 time=163.19 ms | v=12.036 bg=0.00131 ba=0.11296
[tight-lio] t=1317401258.877 corr=3298 lidar=ok rms=0.0355 time=129.81 ms | v=12.012 bg=0.00124 ba=0.11406
[tight-lio] t=1317401258.981 corr=3531 lidar=ok rms=0.0439 time=109.30 ms | v=11.992 bg=0.00133 ba=0.11596
[tight-lio] t=1317401259.085 corr=3334 lidar=ok rms=0.0373 time=94.64 ms | v=11.963 bg=0.00126 ba=0.11650
[tight-lio] t=1317401259.189 corr=3358 lidar=ok rms=0.0432 time=96.19 ms | v=11.923 bg=0.00101 ba=0.11707
[tight-lio] t=1317401259.292 corr=3280 lidar=ok rms=0.0408 time=92.60 ms | v=11.886 bg=0.00109 ba=0.11814
[tight-lio] t=1317401259.396 corr=3535 lidar=ok rms=0.0374 time=112.46 ms | v=11.860 bg=0.00129 ba=0.11967
[tight-lio] t=1317401259.500 corr=3528 lidar=ok rms=0.0372 time=77.21 ms | v=11.820 bg=0.00139 ba=0.12052
[tight-lio] t=1317401259.604 corr=3665 lidar=ok rms=0.0411 time=99.83 ms | v=11.772 bg=0.00142 ba=0.12211
[tight-lio] t=1317401259.708 corr=3531 lidar=ok rms=0.0354 time=97.14 ms | v=11.722 bg=0.00136 ba=0.12410
[tight-lio] t=1317401259.811 corr=3444 lidar=ok rms=0.0345 time=99.71 ms | v=11.666 bg=0.00127 ba=0.12436
[tight-lio] t=1317401259.915 corr=3509 lidar=ok rms=0.0512 time=70.40 ms | v=11.611 bg=0.00125 ba=0.12513
[tight-lio] t=1317401260.019 corr=3423 lidar=ok rms=0.0372 time=95.82 ms | v=11.567 bg=0.00126 ba=0.12522
[tight-lio] t=1317401260.123 corr=3459 lidar=ok rms=0.0361 time=97.87 ms | v=11.520 bg=0.00137 ba=0.12607
[tight-lio] t=1317401260.227 corr=3688 lidar=ok rms=0.0392 time=75.13 ms | v=11.456 bg=0.00139 ba=0.12695
[tight-lio] t=1317401260.331 corr=3477 lidar=ok rms=0.0384 time=72.22 ms | v=11.402 bg=0.00140 ba=0.12876
[tight-lio] t=1317401260.434 corr=3481 lidar=ok rms=0.0348 time=99.14 ms | v=11.355 bg=0.00133 ba=0.12963
[tight-lio] t=1317401260.538 corr=3597 lidar=ok rms=0.0354 time=79.31 ms | v=11.308 bg=0.00131 ba=0.12891
[tight-lio] t=1317401260.642 corr=3411 lidar=ok rms=0.0404 time=70.27 ms | v=11.256 bg=0.00134 ba=0.12963
[tight-lio] t=1317401260.746 corr=3490 lidar=ok rms=0.0335 time=110.35 ms | v=11.179 bg=0.00130 ba=0.13109
[tight-lio] t=1317401260.850 corr=3499 lidar=ok rms=0.0346 time=69.57 ms | v=11.116 bg=0.00127 ba=0.13190
[tight-lio] t=1317401260.953 corr=3744 lidar=ok rms=0.0336 time=76.67 ms | v=11.019 bg=0.00130 ba=0.13279
[tight-lio] t=1317401261.057 corr=3507 lidar=ok rms=0.0320 time=107.43 ms | v=10.916 bg=0.00140 ba=0.13313
[tight-lio] t=1317401261.161 corr=3648 lidar=ok rms=0.0337 time=105.10 ms | v=10.753 bg=0.00140 ba=0.13493
[tight-lio] t=1317401261.265 corr=3568 lidar=ok rms=0.0325 time=104.24 ms | v=10.573 bg=0.00142 ba=0.13503
[tight-lio] t=1317401261.369 corr=3578 lidar=ok rms=0.0304 time=134.05 ms | v=10.369 bg=0.00145 ba=0.13733
[tight-lio] t=1317401261.472 corr=3746 lidar=ok rms=0.0315 time=74.61 ms | v=10.167 bg=0.00146 ba=0.13708
[tight-lio] t=1317401261.576 corr=3758 lidar=ok rms=0.0285 time=102.73 ms | v=9.960 bg=0.00142 ba=0.13788
[tight-lio] t=1317401261.680 corr=3608 lidar=ok rms=0.0285 time=73.92 ms | v=9.756 bg=0.00139 ba=0.13861
[tight-lio] t=1317401261.784 corr=3512 lidar=ok rms=0.0264 time=101.68 ms | v=9.591 bg=0.00142 ba=0.13941
[tight-lio] t=1317401261.888 corr=3592 lidar=ok rms=0.0284 time=103.34 ms | v=9.441 bg=0.00155 ba=0.13962
[tight-lio] t=1317401261.991 corr=3692 lidar=ok rms=0.0268 time=101.90 ms | v=9.302 bg=0.00158 ba=0.14087
[tight-lio] t=1317401262.095 corr=3648 lidar=ok rms=0.0294 time=106.43 ms | v=9.138 bg=0.00132 ba=0.14265
[tight-lio] t=1317401262.199 corr=3534 lidar=ok rms=0.0398 time=103.65 ms | v=8.998 bg=0.00108 ba=0.14304
[tight-lio] t=1317401262.303 corr=3673 lidar=ok rms=0.0340 time=103.08 ms | v=8.847 bg=0.00106 ba=0.14408
[tight-lio] t=1317401262.407 corr=3691 lidar=ok rms=0.0267 time=104.23 ms | v=8.722 bg=0.00137 ba=0.14470
[tight-lio] t=1317401262.511 corr=3440 lidar=ok rms=0.0325 time=109.60 ms | v=8.580 bg=0.00164 ba=0.14660
[tight-lio] t=1317401262.615 corr=3558 lidar=ok rms=0.0347 time=111.45 ms | v=8.373 bg=0.00147 ba=0.15180
[tight-lio] t=1317401262.719 corr=3541 lidar=ok rms=0.0340 time=105.68 ms | v=8.192 bg=0.00140 ba=0.15043
[tight-lio] t=1317401262.823 corr=3446 lidar=ok rms=0.0266 time=103.86 ms | v=8.006 bg=0.00147 ba=0.15136
[tight-lio] t=1317401262.926 corr=3313 lidar=ok rms=0.0291 time=100.22 ms | v=7.810 bg=0.00156 ba=0.15248
[tight-lio] t=1317401263.030 corr=3366 lidar=ok rms=0.0274 time=102.10 ms | v=7.593 bg=0.00148 ba=0.15564
[tight-lio] t=1317401263.134 corr=3350 lidar=ok rms=0.0260 time=100.51 ms | v=7.374 bg=0.00147 ba=0.15783
[tight-lio] t=1317401263.238 corr=3451 lidar=ok rms=0.0343 time=109.27 ms | v=7.097 bg=0.00135 ba=0.16740
[tight-lio] t=1317401263.342 corr=3494 lidar=ok rms=0.0323 time=104.03 ms | v=6.873 bg=0.00132 ba=0.16595
[tight-lio] t=1317401263.446 corr=3637 lidar=ok rms=0.0274 time=105.07 ms | v=6.660 bg=0.00122 ba=0.16684
[tight-lio] t=1317401263.550 corr=3746 lidar=ok rms=0.0301 time=102.82 ms | v=6.467 bg=0.00121 ba=0.16804
[tight-lio] t=1317401263.654 corr=3989 lidar=ok rms=0.0324 time=75.94 ms | v=6.271 bg=0.00127 ba=0.16901
[tight-lio] t=1317401263.758 corr=3834 lidar=ok rms=0.0330 time=108.19 ms | v=6.029 bg=0.00131 ba=0.17674
[tight-lio] t=1317401263.862 corr=3830 lidar=ok rms=0.0256 time=104.65 ms | v=5.825 bg=0.00130 ba=0.17804
[tight-lio] t=1317401263.966 corr=3926 lidar=ok rms=0.0291 time=106.42 ms | v=5.611 bg=0.00127 ba=0.17722
[tight-lio] t=1317401264.070 corr=3948 lidar=ok rms=0.0291 time=96.97 ms | v=5.400 bg=0.00131 ba=0.17748
[tight-lio] t=1317401264.174 corr=3759 lidar=ok rms=0.0273 time=106.77 ms | v=5.197 bg=0.00137 ba=0.17882
[tight-lio] t=1317401264.278 corr=3906 lidar=ok rms=0.0326 time=103.37 ms | v=4.995 bg=0.00140 ba=0.17742
[tight-lio] t=1317401264.382 corr=3702 lidar=ok rms=0.0414 time=101.54 ms | v=4.762 bg=0.00134 ba=0.18053
[tight-lio] t=1317401264.486 corr=3839 lidar=ok rms=0.0294 time=71.56 ms | v=4.575 bg=0.00131 ba=0.18092
[tight-lio] t=1317401264.590 corr=3573 lidar=ok rms=0.0258 time=102.18 ms | v=4.358 bg=0.00133 ba=0.18276
[tight-lio] t=1317401264.694 corr=3697 lidar=ok rms=0.0329 time=101.17 ms | v=4.169 bg=0.00136 ba=0.18303
[tight-lio] t=1317401264.798 corr=3881 lidar=ok rms=0.0283 time=70.31 ms | v=3.974 bg=0.00141 ba=0.18273
[tight-lio] t=1317401264.902 corr=3890 lidar=ok rms=0.0311 time=102.20 ms | v=3.775 bg=0.00147 ba=0.18320
[tight-lio] t=1317401265.005 corr=3845 lidar=ok rms=0.0327 time=100.30 ms | v=3.590 bg=0.00151 ba=0.18415
[tight-lio] t=1317401265.109 corr=3831 lidar=ok rms=0.0319 time=102.83 ms | v=3.430 bg=0.00153 ba=0.18529
[tight-lio] t=1317401265.213 corr=3830 lidar=ok rms=0.0283 time=73.84 ms | v=3.249 bg=0.00156 ba=0.18725
[tight-lio] t=1317401265.317 corr=3950 lidar=ok rms=0.0364 time=109.66 ms | v=3.106 bg=0.00165 ba=0.18819
[tight-lio] t=1317401265.421 corr=3903 lidar=ok rms=0.0341 time=105.49 ms | v=2.979 bg=0.00174 ba=0.18898
[tight-lio] t=1317401265.524 corr=3839 lidar=ok rms=0.0354 time=103.74 ms | v=2.900 bg=0.00192 ba=0.19015
[tight-lio] t=1317401265.628 corr=4028 lidar=ok rms=0.0445 time=104.73 ms | v=2.872 bg=0.00213 ba=0.18855
[tight-lio] t=1317401265.732 corr=3780 lidar=ok rms=0.0389 time=103.10 ms | v=2.814 bg=0.00232 ba=0.18967
[tight-lio] t=1317401265.835 corr=3893 lidar=ok rms=0.0367 time=108.80 ms | v=2.753 bg=0.00232 ba=0.19095
[tight-lio] t=1317401265.939 corr=3708 lidar=ok rms=0.0443 time=74.62 ms | v=2.720 bg=0.00237 ba=0.19034
[tight-lio] t=1317401266.043 corr=3807 lidar=ok rms=0.0443 time=72.96 ms | v=2.697 bg=0.00248 ba=0.19020
[tight-lio] t=1317401266.146 corr=3523 lidar=ok rms=0.0373 time=71.48 ms | v=2.666 bg=0.00252 ba=0.19087
[tight-lio] t=1317401266.250 corr=3668 lidar=ok rms=0.0295 time=103.65 ms | v=2.640 bg=0.00247 ba=0.19320
[tight-lio] t=1317401266.354 corr=3621 lidar=ok rms=0.0303 time=103.67 ms | v=2.650 bg=0.00245 ba=0.19394
[tight-lio] t=1317401266.458 corr=3489 lidar=ok rms=0.0323 time=100.55 ms | v=2.712 bg=0.00250 ba=0.19653
[tight-lio] t=1317401266.561 corr=3549 lidar=ok rms=0.0297 time=72.19 ms | v=2.829 bg=0.00255 ba=0.19712
[tight-lio] t=1317401266.665 corr=3613 lidar=ok rms=0.0300 time=71.28 ms | v=2.946 bg=0.00258 ba=0.19758
[tight-lio] t=1317401266.769 corr=3600 lidar=ok rms=0.0422 time=72.32 ms | v=3.058 bg=0.00267 ba=0.19836
[tight-lio] t=1317401266.872 corr=3595 lidar=ok rms=0.0390 time=102.76 ms | v=3.199 bg=0.00273 ba=0.19804
[tight-lio] t=1317401266.976 corr=3700 lidar=ok rms=0.0348 time=72.94 ms | v=3.323 bg=0.00283 ba=0.19828
[tight-lio] t=1317401267.080 corr=3724 lidar=ok rms=0.0296 time=102.58 ms | v=3.472 bg=0.00294 ba=0.19722
[tight-lio] t=1317401267.184 corr=3698 lidar=ok rms=0.0341 time=101.55 ms | v=3.636 bg=0.00305 ba=0.19672
[tight-lio] t=1317401267.287 corr=3708 lidar=ok rms=0.0404 time=101.87 ms | v=3.822 bg=0.00307 ba=0.19688
[tight-lio] t=1317401267.391 corr=3902 lidar=ok rms=0.0232 time=75.21 ms | v=4.014 bg=0.00301 ba=0.19883
[tight-lio] t=1317401267.495 corr=3739 lidar=ok rms=0.0253 time=102.74 ms | v=4.227 bg=0.00292 ba=0.19842
[tight-lio] t=1317401267.599 corr=3847 lidar=ok rms=0.0305 time=73.67 ms | v=4.431 bg=0.00279 ba=0.19855
[tight-lio] t=1317401267.703 corr=3927 lidar=ok rms=0.0272 time=76.31 ms | v=4.643 bg=0.00262 ba=0.19830
[tight-lio] t=1317401267.807 corr=3971 lidar=ok rms=0.0276 time=107.62 ms | v=4.878 bg=0.00248 ba=0.19851
[tight-lio] t=1317401267.911 corr=4100 lidar=ok rms=0.0287 time=110.62 ms | v=5.120 bg=0.00233 ba=0.19811
[tight-lio] t=1317401268.015 corr=4069 lidar=ok rms=0.0280 time=80.72 ms | v=5.379 bg=0.00217 ba=0.19678
[tight-lio] t=1317401268.119 corr=4014 lidar=ok rms=0.0367 time=107.98 ms | v=5.633 bg=0.00222 ba=0.19518
[tight-lio] t=1317401268.223 corr=3919 lidar=ok rms=0.0319 time=104.74 ms | v=5.884 bg=0.00236 ba=0.19472
[tight-lio] t=1317401268.327 corr=3878 lidar=ok rms=0.0368 time=105.17 ms | v=6.162 bg=0.00237 ba=0.19347
[tight-lio] t=1317401268.431 corr=3790 lidar=ok rms=0.0360 time=99.72 ms | v=6.439 bg=0.00237 ba=0.19298
[tight-lio] t=1317401268.535 corr=3712 lidar=ok rms=0.0367 time=104.36 ms | v=6.700 bg=0.00216 ba=0.19159
[tight-lio] t=1317401268.639 corr=3783 lidar=ok rms=0.0492 time=119.80 ms | v=6.960 bg=0.00196 ba=0.19134
[tight-lio] t=1317401268.743 corr=3774 lidar=ok rms=0.0474 time=101.76 ms | v=7.209 bg=0.00178 ba=0.18915
[tight-lio] t=1317401268.847 corr=3963 lidar=ok rms=0.0370 time=117.14 ms | v=7.461 bg=0.00182 ba=0.19012
[tight-lio] t=1317401268.951 corr=3469 lidar=ok rms=0.0521 time=97.99 ms | v=7.728 bg=0.00189 ba=0.18921
[tight-lio] t=1317401269.055 corr=3217 lidar=ok rms=0.0383 time=95.19 ms | v=7.978 bg=0.00203 ba=0.18785
[tight-lio] t=1317401269.159 corr=3395 lidar=ok rms=0.0378 time=70.21 ms | v=8.206 bg=0.00199 ba=0.18634
[tight-lio] t=1317401269.263 corr=3344 lidar=ok rms=0.0310 time=99.37 ms | v=8.428 bg=0.00204 ba=0.18599
[tight-lio] t=1317401269.368 corr=3247 lidar=ok rms=0.0330 time=98.31 ms | v=8.667 bg=0.00192 ba=0.18472
[tight-lio] t=1317401269.472 corr=3298 lidar=ok rms=0.0308 time=70.00 ms | v=8.884 bg=0.00189 ba=0.18441
[tight-lio] t=1317401269.576 corr=3173 lidar=ok rms=0.0416 time=98.58 ms | v=9.105 bg=0.00154 ba=0.18297
[tight-lio] t=1317401269.680 corr=3450 lidar=ok rms=0.0750 time=96.81 ms | v=9.314 bg=0.00135 ba=0.18420
[tight-lio] t=1317401269.784 corr=3283 lidar=ok rms=0.0598 time=94.52 ms | v=9.544 bg=0.00123 ba=0.18393
[tight-lio] t=1317401269.888 corr=3558 lidar=ok rms=0.0354 time=98.35 ms | v=9.760 bg=0.00116 ba=0.18637
[tight-lio] t=1317401269.992 corr=3278 lidar=ok rms=0.0387 time=92.77 ms | v=10.014 bg=0.00135 ba=0.18492
[tight-lio] t=1317401270.096 corr=3321 lidar=ok rms=0.0390 time=74.26 ms | v=10.192 bg=0.00138 ba=0.18535
[tight-lio] t=1317401270.201 corr=3518 lidar=ok rms=0.0315 time=98.59 ms | v=10.287 bg=0.00123 ba=0.18571
[tight-lio] t=1317401270.305 corr=3579 lidar=ok rms=0.0288 time=97.51 ms | v=10.338 bg=0.00120 ba=0.18670
[tight-lio] t=1317401270.409 corr=3464 lidar=ok rms=0.0297 time=95.02 ms | v=10.349 bg=0.00128 ba=0.18807
[tight-lio] t=1317401270.513 corr=3516 lidar=ok rms=0.0303 time=98.27 ms | v=10.353 bg=0.00115 ba=0.18808
[tight-lio] t=1317401270.617 corr=3684 lidar=ok rms=0.0403 time=102.82 ms | v=10.337 bg=0.00100 ba=0.18864
[tight-lio] t=1317401270.722 corr=3467 lidar=ok rms=0.0340 time=96.63 ms | v=10.344 bg=0.00105 ba=0.18883
[tight-lio] t=1317401270.826 corr=3585 lidar=ok rms=0.0369 time=105.01 ms | v=10.336 bg=0.00117 ba=0.19095
[tight-lio] t=1317401270.930 corr=3527 lidar=ok rms=0.0343 time=93.00 ms | v=10.352 bg=0.00126 ba=0.19058
[tight-lio] t=1317401271.034 corr=3630 lidar=ok rms=0.0337 time=99.56 ms | v=10.341 bg=0.00116 ba=0.19191
[tight-lio] t=1317401271.138 corr=3492 lidar=ok rms=0.0279 time=95.23 ms | v=10.347 bg=0.00118 ba=0.19102
[tight-lio] t=1317401271.242 corr=3546 lidar=ok rms=0.0273 time=93.12 ms | v=10.348 bg=0.00122 ba=0.19072
[tight-lio] t=1317401271.346 corr=3771 lidar=ok rms=0.0323 time=100.00 ms | v=10.331 bg=0.00115 ba=0.19050
[tight-lio] t=1317401271.450 corr=3606 lidar=ok rms=0.0274 time=98.45 ms | v=10.289 bg=0.00107 ba=0.19145
[tight-lio] t=1317401271.554 corr=3541 lidar=ok rms=0.0286 time=85.78 ms | v=10.265 bg=0.00108 ba=0.19161
[tight-lio] t=1317401271.658 corr=3462 lidar=ok rms=0.0314 time=94.49 ms | v=10.246 bg=0.00122 ba=0.19244
[tight-lio] t=1317401271.762 corr=3587 lidar=ok rms=0.0282 time=95.19 ms | v=10.237 bg=0.00132 ba=0.19251
[tight-lio] t=1317401271.866 corr=3633 lidar=ok rms=0.0376 time=114.83 ms | v=10.205 bg=0.00134 ba=0.19386
[tight-lio] t=1317401271.970 corr=3736 lidar=ok rms=0.0272 time=98.88 ms | v=10.184 bg=0.00127 ba=0.19336
[tight-lio] t=1317401272.074 corr=3823 lidar=ok rms=0.0550 time=96.08 ms | v=10.135 bg=0.00118 ba=0.19443
[tight-lio] t=1317401272.178 corr=3774 lidar=ok rms=0.0269 time=99.75 ms | v=10.088 bg=0.00117 ba=0.19371
[tight-lio] t=1317401272.282 corr=3783 lidar=ok rms=0.0291 time=100.20 ms | v=10.000 bg=0.00126 ba=0.19636
[tight-lio] t=1317401272.386 corr=3905 lidar=ok rms=0.0334 time=107.66 ms | v=9.895 bg=0.00143 ba=0.19928
[tight-lio] t=1317401272.490 corr=4035 lidar=ok rms=0.0290 time=103.00 ms | v=9.787 bg=0.00142 ba=0.19973
[tight-lio] t=1317401272.593 corr=4051 lidar=ok rms=0.0307 time=114.23 ms | v=9.640 bg=0.00128 ba=0.20119
[tight-lio] t=1317401272.697 corr=3997 lidar=ok rms=0.0313 time=98.89 ms | v=9.503 bg=0.00123 ba=0.20095
[tight-lio] t=1317401272.801 corr=3693 lidar=ok rms=0.0337 time=71.63 ms | v=9.368 bg=0.00125 ba=0.20071
[tight-lio] t=1317401272.905 corr=3751 lidar=ok rms=0.0355 time=99.55 ms | v=9.219 bg=0.00131 ba=0.20150
[tight-lio] t=1317401273.009 corr=3657 lidar=ok rms=0.0325 time=97.42 ms | v=9.051 bg=0.00126 ba=0.20313
[tight-lio] t=1317401273.113 corr=3700 lidar=ok rms=0.0352 time=97.03 ms | v=8.896 bg=0.00115 ba=0.20267
[tight-lio] t=1317401273.217 corr=3633 lidar=ok rms=0.0352 time=109.39 ms | v=8.711 bg=0.00114 ba=0.20432
[tight-lio] t=1317401273.321 corr=3678 lidar=ok rms=0.0357 time=99.02 ms | v=8.531 bg=0.00130 ba=0.20640
[tight-lio] t=1317401273.425 corr=3407 lidar=ok rms=0.0384 time=97.07 ms | v=8.340 bg=0.00147 ba=0.20875
[tight-lio] t=1317401273.529 corr=3721 lidar=ok rms=0.0442 time=100.37 ms | v=8.129 bg=0.00160 ba=0.21158
[tight-lio] t=1317401273.633 corr=3400 lidar=ok rms=0.0627 time=94.02 ms | v=7.903 bg=0.00142 ba=0.21291
[tight-lio] t=1317401273.737 corr=3510 lidar=ok rms=0.0392 time=95.04 ms | v=7.661 bg=0.00127 ba=0.21442
[tight-lio] t=1317401273.841 corr=3416 lidar=ok rms=0.0379 time=99.65 ms | v=7.397 bg=0.00120 ba=0.21751
[tight-lio] t=1317401273.945 corr=3673 lidar=ok rms=0.0331 time=101.67 ms | v=7.128 bg=0.00118 ba=0.22062
[tight-lio] t=1317401274.048 corr=3581 lidar=ok rms=0.0328 time=102.79 ms | v=6.876 bg=0.00129 ba=0.22181
[tight-lio] t=1317401274.152 corr=3685 lidar=ok rms=0.0316 time=102.01 ms | v=6.626 bg=0.00140 ba=0.22223
[tight-lio] t=1317401274.257 corr=3595 lidar=ok rms=0.0367 time=97.88 ms | v=6.365 bg=0.00157 ba=0.22300
[tight-lio] t=1317401274.361 corr=3374 lidar=ok rms=0.0310 time=95.35 ms | v=6.084 bg=0.00179 ba=0.22446
[tight-lio] t=1317401274.465 corr=3388 lidar=ok rms=0.0542 time=95.98 ms | v=5.807 bg=0.00200 ba=0.22467
[tight-lio] t=1317401274.569 corr=3453 lidar=ok rms=0.0322 time=97.18 ms | v=5.516 bg=0.00220 ba=0.22564
[tight-lio] t=1317401274.674 corr=3382 lidar=ok rms=0.0367 time=111.98 ms | v=5.226 bg=0.00240 ba=0.22688
[tight-lio] t=1317401274.778 corr=3350 lidar=ok rms=0.0318 time=98.85 ms | v=4.969 bg=0.00263 ba=0.22697
[tight-lio] t=1317401274.882 corr=3303 lidar=ok rms=0.0377 time=97.40 ms | v=4.757 bg=0.00287 ba=0.22779
[tight-lio] t=1317401274.987 corr=3330 lidar=ok rms=0.0318 time=107.25 ms | v=4.564 bg=0.00311 ba=0.22904
[tight-lio] t=1317401275.091 corr=3326 lidar=ok rms=0.0383 time=94.43 ms | v=4.368 bg=0.00310 ba=0.23025
[tight-lio] t=1317401275.195 corr=3377 lidar=ok rms=0.0417 time=69.38 ms | v=4.175 bg=0.00310 ba=0.23140
[tight-lio] t=1317401275.300 corr=3523 lidar=ok rms=0.0420 time=97.06 ms | v=3.997 bg=0.00319 ba=0.23221
[tight-lio] t=1317401275.404 corr=3469 lidar=ok rms=0.0355 time=121.61 ms | v=3.871 bg=0.00336 ba=0.23214
[tight-lio] t=1317401275.508 corr=3335 lidar=ok rms=0.0346 time=96.71 ms | v=3.784 bg=0.00339 ba=0.23201
[tight-lio] t=1317401275.613 corr=3350 lidar=ok rms=0.0365 time=94.04 ms | v=3.698 bg=0.00329 ba=0.23151
[tight-lio] t=1317401275.717 corr=3198 lidar=ok rms=0.0328 time=93.44 ms | v=3.595 bg=0.00323 ba=0.23140
[tight-lio] t=1317401275.821 corr=3128 lidar=ok rms=0.0330 time=93.86 ms | v=3.459 bg=0.00312 ba=0.23315
[tight-lio] t=1317401275.925 corr=3265 lidar=ok rms=0.0330 time=96.16 ms | v=3.313 bg=0.00302 ba=0.23516
[tight-lio] t=1317401276.030 corr=3099 lidar=ok rms=0.0315 time=93.58 ms | v=3.173 bg=0.00308 ba=0.23613
[tight-lio] t=1317401276.134 corr=3365 lidar=ok rms=0.0408 time=92.90 ms | v=3.002 bg=0.00296 ba=0.23800
[tight-lio] t=1317401276.238 corr=3178 lidar=ok rms=0.0326 time=94.75 ms | v=2.834 bg=0.00282 ba=0.23910
[tight-lio] t=1317401276.342 corr=3159 lidar=ok rms=0.0342 time=65.44 ms | v=2.662 bg=0.00266 ba=0.23932
[tight-lio] t=1317401276.446 corr=3371 lidar=ok rms=0.0396 time=96.82 ms | v=2.451 bg=0.00253 ba=0.24088
[tight-lio] t=1317401276.550 corr=3229 lidar=ok rms=0.0361 time=95.62 ms | v=2.238 bg=0.00237 ba=0.24232
[tight-lio] t=1317401276.654 corr=3238 lidar=ok rms=0.0408 time=95.22 ms | v=2.019 bg=0.00219 ba=0.24502
[tight-lio] t=1317401276.758 corr=3313 lidar=ok rms=0.0353 time=149.38 ms | v=1.875 bg=0.00214 ba=0.24651
[tight-lio] t=1317401276.862 corr=3110 lidar=ok rms=0.0303 time=94.05 ms | v=1.798 bg=0.00219 ba=0.24709
[tight-lio] t=1317401276.965 corr=2932 lidar=ok rms=0.0321 time=63.54 ms | v=1.785 bg=0.00218 ba=0.24730
[tight-lio] t=1317401277.069 corr=3014 lidar=ok rms=0.0372 time=66.15 ms | v=1.823 bg=0.00231 ba=0.24625
[tight-lio] t=1317401277.173 corr=3053 lidar=ok rms=0.0320 time=98.23 ms | v=1.825 bg=0.00227 ba=0.24871
[tight-lio] t=1317401277.277 corr=2990 lidar=ok rms=0.0313 time=101.47 ms | v=1.814 bg=0.00213 ba=0.25033
[tight-lio] t=1317401277.381 corr=3160 lidar=ok rms=0.0309 time=93.39 ms | v=1.786 bg=0.00203 ba=0.25223
[tight-lio] t=1317401277.485 corr=3137 lidar=ok rms=0.0361 time=93.53 ms | v=1.761 bg=0.00197 ba=0.25301
[tight-lio] t=1317401277.589 corr=2940 lidar=ok rms=0.0270 time=89.60 ms | v=1.757 bg=0.00200 ba=0.25359
[tight-lio] t=1317401277.693 corr=3121 lidar=ok rms=0.0262 time=90.00 ms | v=1.793 bg=0.00213 ba=0.25282
[tight-lio] t=1317401277.797 corr=2860 lidar=ok rms=0.0397 time=87.04 ms | v=1.844 bg=0.00216 ba=0.25140
[tight-lio] t=1317401277.901 corr=3003 lidar=ok rms=0.0261 time=93.44 ms | v=1.860 bg=0.00206 ba=0.25126
[tight-lio] t=1317401278.005 corr=2941 lidar=ok rms=0.0257 time=87.93 ms | v=1.836 bg=0.00190 ba=0.25333
[tight-lio] t=1317401278.109 corr=3094 lidar=ok rms=0.0232 time=93.77 ms | v=1.816 bg=0.00178 ba=0.25476
[tight-lio] t=1317401278.213 corr=2821 lidar=ok rms=0.0252 time=90.05 ms | v=1.829 bg=0.00179 ba=0.25572
[tight-lio] t=1317401278.317 corr=2863 lidar=ok rms=0.0310 time=96.94 ms | v=1.847 bg=0.00177 ba=0.25702
[tight-lio] t=1317401278.421 corr=2718 lidar=ok rms=0.0277 time=87.27 ms | v=1.885 bg=0.00178 ba=0.25744
[tight-lio] t=1317401278.524 corr=2887 lidar=ok rms=0.0306 time=93.11 ms | v=1.873 bg=0.00172 ba=0.25981
[tight-lio] t=1317401278.628 corr=2816 lidar=ok rms=0.0448 time=88.65 ms | v=1.859 bg=0.00167 ba=0.26089
[tight-lio] t=1317401278.732 corr=2726 lidar=ok rms=0.0314 time=63.16 ms | v=1.868 bg=0.00163 ba=0.26077
[tight-lio] t=1317401278.836 corr=2730 lidar=ok rms=0.0269 time=88.59 ms | v=1.872 bg=0.00158 ba=0.26200
[tight-lio] t=1317401278.940 corr=2611 lidar=ok rms=0.0276 time=86.17 ms | v=1.882 bg=0.00156 ba=0.26275
[tight-lio] t=1317401279.044 corr=2669 lidar=ok rms=0.0351 time=96.43 ms | v=1.887 bg=0.00144 ba=0.26404
[tight-lio] t=1317401279.147 corr=2728 lidar=ok rms=0.0324 time=95.71 ms | v=1.896 bg=0.00128 ba=0.26391
[tight-lio] t=1317401279.251 corr=2549 lidar=ok rms=0.0321 time=84.67 ms | v=1.891 bg=0.00110 ba=0.26520
[tight-lio] t=1317401279.355 corr=2764 lidar=ok rms=0.0327 time=93.34 ms | v=1.891 bg=0.00108 ba=0.26603
[tight-lio] t=1317401279.459 corr=2856 lidar=ok rms=0.0313 time=86.21 ms | v=1.887 bg=0.00106 ba=0.26717
[tight-lio] t=1317401279.563 corr=2855 lidar=ok rms=0.0313 time=98.62 ms | v=1.895 bg=0.00111 ba=0.26827
[tight-lio] t=1317401279.666 corr=2738 lidar=ok rms=0.0319 time=85.76 ms | v=1.931 bg=0.00121 ba=0.26723
[tight-lio] t=1317401279.770 corr=2570 lidar=ok rms=0.0489 time=97.14 ms | v=1.939 bg=0.00113 ba=0.26783
[tight-lio] t=1317401279.874 corr=2506 lidar=ok rms=0.0769 time=83.44 ms | v=1.945 bg=0.00106 ba=0.26845
[tight-lio] t=1317401279.978 corr=2819 lidar=ok rms=0.0333 time=88.09 ms | v=1.994 bg=0.00098 ba=0.26650
[tight-lio] t=1317401280.082 corr=2776 lidar=ok rms=0.0351 time=93.86 ms | v=2.087 bg=0.00089 ba=0.26625
[tight-lio] t=1317401280.185 corr=2735 lidar=ok rms=0.0328 time=87.41 ms | v=2.239 bg=0.00076 ba=0.26469
[tight-lio] t=1317401280.289 corr=2800 lidar=ok rms=0.0405 time=85.85 ms | v=2.394 bg=0.00073 ba=0.26432
[tight-lio] t=1317401280.393 corr=2692 lidar=ok rms=0.0395 time=86.58 ms | v=2.584 bg=0.00078 ba=0.26254
[tight-lio] t=1317401280.497 corr=2839 lidar=ok rms=0.0309 time=93.42 ms | v=2.746 bg=0.00086 ba=0.26327
[tight-lio] t=1317401280.600 corr=2945 lidar=ok rms=0.0382 time=87.21 ms | v=2.909 bg=0.00098 ba=0.26262
[tight-lio] t=1317401280.704 corr=2700 lidar=ok rms=0.0490 time=86.23 ms | v=3.033 bg=0.00095 ba=0.26359
[tight-lio] t=1317401280.808 corr=2617 lidar=ok rms=0.0643 time=89.16 ms | v=3.138 bg=0.00096 ba=0.26377
[tight-lio] t=1317401280.912 corr=2576 lidar=ok rms=0.0467 time=85.14 ms | v=3.222 bg=0.00095 ba=0.26403
[tight-lio] t=1317401281.016 corr=2892 lidar=ok rms=0.0365 time=87.06 ms | v=3.298 bg=0.00097 ba=0.26469
[tight-lio] t=1317401281.119 corr=2707 lidar=ok rms=0.0369 time=88.06 ms | v=3.338 bg=0.00098 ba=0.26713
[tight-lio] t=1317401281.223 corr=2714 lidar=ok rms=0.0346 time=84.48 ms | v=3.396 bg=0.00103 ba=0.26783
[tight-lio] t=1317401281.327 corr=2670 lidar=ok rms=0.0339 time=83.97 ms | v=3.444 bg=0.00094 ba=0.27042
[tight-lio] t=1317401281.431 corr=2694 lidar=ok rms=0.0305 time=82.75 ms | v=3.505 bg=0.00097 ba=0.27179
[tight-lio] t=1317401281.535 corr=2730 lidar=ok rms=0.0401 time=160.69 ms | v=3.571 bg=0.00103 ba=0.27279
[tight-lio] t=1317401281.639 corr=2746 lidar=ok rms=0.0330 time=83.15 ms | v=3.630 bg=0.00104 ba=0.27467
[tight-lio] t=1317401281.743 corr=2693 lidar=ok rms=0.0389 time=86.44 ms | v=3.661 bg=0.00098 ba=0.27822
[tight-lio] t=1317401281.847 corr=2430 lidar=ok rms=0.0347 time=79.83 ms | v=3.691 bg=0.00101 ba=0.27960
[tight-lio] t=1317401281.951 corr=2973 lidar=ok rms=0.0400 time=91.79 ms | v=3.709 bg=0.00099 ba=0.28245
[tight-lio] t=1317401282.055 corr=2498 lidar=ok rms=0.0339 time=79.93 ms | v=3.736 bg=0.00099 ba=0.28346
[tight-lio] t=1317401282.158 corr=2722 lidar=ok rms=0.0409 time=81.61 ms | v=3.767 bg=0.00093 ba=0.28415
[tight-lio] t=1317401282.262 corr=2358 lidar=ok rms=0.0410 time=76.51 ms | v=3.808 bg=0.00092 ba=0.28358
[tight-lio] t=1317401282.366 corr=2243 lidar=ok rms=0.0470 time=105.89 ms | v=3.812 bg=0.00091 ba=0.28519
[tight-lio] t=1317401282.470 corr=2345 lidar=ok rms=0.0441 time=79.19 ms | v=3.804 bg=0.00086 ba=0.28764
[tight-lio] t=1317401282.574 corr=2605 lidar=ok rms=0.0326 time=84.85 ms | v=3.828 bg=0.00084 ba=0.28857
[tight-lio] t=1317401282.678 corr=2519 lidar=ok rms=0.0345 time=77.02 ms | v=3.899 bg=0.00085 ba=0.28906
[tight-lio] t=1317401282.782 corr=2555 lidar=ok rms=0.0367 time=83.51 ms | v=3.992 bg=0.00096 ba=0.28901
[tight-lio] t=1317401282.886 corr=2418 lidar=ok rms=0.0308 time=107.70 ms | v=4.091 bg=0.00097 ba=0.28907
[tight-lio] t=1317401282.990 corr=2683 lidar=ok rms=0.0381 time=76.69 ms | v=4.182 bg=0.00093 ba=0.28952
[tight-lio] t=1317401283.094 corr=3029 lidar=ok rms=0.0369 time=91.91 ms | v=4.288 bg=0.00095 ba=0.28929
[tight-lio] t=1317401283.198 corr=3092 lidar=ok rms=0.0616 time=92.71 ms | v=4.379 bg=0.00096 ba=0.29144
[tight-lio] t=1317401283.302 corr=3163 lidar=ok rms=0.0407 time=89.74 ms | v=4.521 bg=0.00089 ba=0.28902
[tight-lio] t=1317401283.406 corr=3279 lidar=ok rms=0.1076 time=91.82 ms | v=4.584 bg=0.00082 ba=0.29386
[tight-lio] t=1317401283.509 corr=3114 lidar=ok rms=0.0343 time=91.32 ms | v=4.704 bg=0.00080 ba=0.29331
[tight-lio] t=1317401283.613 corr=2744 lidar=ok rms=0.0394 time=87.38 ms | v=4.781 bg=0.00087 ba=0.29646
[tight-lio] t=1317401283.717 corr=2688 lidar=ok rms=0.0402 time=90.35 ms | v=4.897 bg=0.00099 ba=0.29608
[tight-lio] t=1317401283.820 corr=3163 lidar=ok rms=0.0347 time=95.47 ms | v=5.041 bg=0.00120 ba=0.29390
[tight-lio] t=1317401283.924 corr=3289 lidar=ok rms=0.0376 time=89.43 ms | v=5.194 bg=0.00140 ba=0.29265
[tight-lio] t=1317401284.028 corr=3148 lidar=ok rms=0.0396 time=88.62 ms | v=5.351 bg=0.00143 ba=0.29255
[tight-lio] t=1317401284.132 corr=2669 lidar=ok rms=0.0389 time=83.36 ms | v=5.503 bg=0.00138 ba=0.29170
[tight-lio] t=1317401284.236 corr=2987 lidar=ok rms=0.1678 time=102.23 ms | v=5.492 bg=0.00119 ba=0.30495
[tight-lio] t=1317401284.340 corr=2582 lidar=ok rms=0.0419 time=84.42 ms | v=5.659 bg=0.00090 ba=0.30283
[tight-lio] t=1317401284.444 corr=2689 lidar=ok rms=0.0633 time=92.51 ms | v=5.839 bg=0.00061 ba=0.30007
[tight-lio] t=1317401284.548 corr=2667 lidar=ok rms=0.0417 time=87.08 ms | v=6.007 bg=0.00061 ba=0.29953
[tight-lio] t=1317401284.652 corr=2554 lidar=ok rms=0.0366 time=85.60 ms | v=6.158 bg=0.00093 ba=0.30045
[tight-lio] t=1317401284.756 corr=2621 lidar=ok rms=0.0393 time=87.13 ms | v=6.316 bg=0.00117 ba=0.30067
[tight-lio] t=1317401284.860 corr=2486 lidar=ok rms=0.0534 time=83.38 ms | v=6.458 bg=0.00138 ba=0.30134
[tight-lio] t=1317401284.964 corr=2765 lidar=ok rms=0.0476 time=84.86 ms | v=6.571 bg=0.00138 ba=0.30234
[tight-lio] t=1317401285.068 corr=2715 lidar=ok rms=0.0373 time=89.83 ms | v=6.649 bg=0.00128 ba=0.30402
[tight-lio] t=1317401285.172 corr=2832 lidar=ok rms=0.0523 time=85.10 ms | v=6.717 bg=0.00111 ba=0.30568
[tight-lio] t=1317401285.276 corr=2850 lidar=ok rms=0.0487 time=86.45 ms | v=6.804 bg=0.00097 ba=0.30622
[tight-lio] t=1317401285.380 corr=2490 lidar=ok rms=0.0565 time=82.57 ms | v=6.877 bg=0.00093 ba=0.30817
[tight-lio] t=1317401285.484 corr=2249 lidar=ok rms=0.0343 time=80.83 ms | v=6.947 bg=0.00107 ba=0.31030
[tight-lio] t=1317401285.588 corr=2081 lidar=ok rms=0.0350 time=78.80 ms | v=6.996 bg=0.00111 ba=0.31169
[tight-lio] t=1317401285.692 corr=1962 lidar=ok rms=0.0360 time=77.15 ms | v=7.013 bg=0.00107 ba=0.31332
[tight-lio] t=1317401285.796 corr=2297 lidar=ok rms=0.0409 time=88.96 ms | v=7.005 bg=0.00108 ba=0.31599
[tight-lio] t=1317401285.900 corr=2382 lidar=ok rms=0.0360 time=58.47 ms | v=7.018 bg=0.00109 ba=0.31701
[tight-lio] t=1317401286.004 corr=2153 lidar=ok rms=0.0421 time=80.22 ms | v=7.024 bg=0.00119 ba=0.31870
[tight-lio] t=1317401286.108 corr=2095 lidar=ok rms=0.0411 time=76.32 ms | v=7.032 bg=0.00115 ba=0.32021
[tight-lio] t=1317401286.212 corr=2233 lidar=ok rms=0.0544 time=81.68 ms | v=7.021 bg=0.00097 ba=0.32131
[tight-lio] t=1317401286.316 corr=2198 lidar=ok rms=0.0397 time=78.54 ms | v=7.011 bg=0.00082 ba=0.32177
[tight-lio] t=1317401286.419 corr=2094 lidar=ok rms=0.1018 time=78.72 ms | v=6.999 bg=0.00096 ba=0.32268
[tight-lio] t=1317401286.523 corr=2480 lidar=ok rms=0.0416 time=80.25 ms | v=6.993 bg=0.00092 ba=0.32308
[tight-lio] t=1317401286.627 corr=2267 lidar=ok rms=0.0458 time=77.53 ms | v=6.983 bg=0.00109 ba=0.32499
[tight-lio] t=1317401286.731 corr=2200 lidar=ok rms=0.0366 time=55.88 ms | v=6.962 bg=0.00107 ba=0.32622
[tight-lio] t=1317401286.835 corr=1974 lidar=ok rms=0.0361 time=75.21 ms | v=6.926 bg=0.00103 ba=0.32835
[tight-lio] t=1317401286.939 corr=1977 lidar=ok rms=0.0352 time=77.51 ms | v=6.879 bg=0.00095 ba=0.33147
[tight-lio] t=1317401287.043 corr=1777 lidar=ok rms=0.0360 time=53.72 ms | v=6.862 bg=0.00102 ba=0.33298
[tight-lio] t=1317401287.146 corr=1748 lidar=ok rms=0.0382 time=54.33 ms | v=6.850 bg=0.00110 ba=0.33447
[tight-lio] t=1317401287.250 corr=1846 lidar=ok rms=0.0368 time=75.25 ms | v=6.844 bg=0.00118 ba=0.33436
[tight-lio] t=1317401287.354 corr=1944 lidar=ok rms=0.0394 time=78.04 ms | v=6.836 bg=0.00111 ba=0.33438
[tight-lio] t=1317401287.458 corr=2063 lidar=ok rms=0.0362 time=80.67 ms | v=6.826 bg=0.00094 ba=0.33470
[tight-lio] t=1317401287.562 corr=2100 lidar=ok rms=0.0346 time=78.77 ms | v=6.789 bg=0.00086 ba=0.33660
[tight-lio] t=1317401287.666 corr=2016 lidar=ok rms=0.0484 time=77.20 ms | v=6.749 bg=0.00082 ba=0.33878
[tight-lio] t=1317401287.770 corr=2022 lidar=ok rms=0.0285 time=76.19 ms | v=6.741 bg=0.00083 ba=0.33928
[tight-lio] t=1317401287.874 corr=2138 lidar=ok rms=0.0375 time=85.19 ms | v=6.731 bg=0.00094 ba=0.34039
[tight-lio] t=1317401287.978 corr=1866 lidar=ok rms=0.0447 time=75.61 ms | v=6.705 bg=0.00104 ba=0.34204
[tight-lio] t=1317401288.082 corr=2213 lidar=ok rms=0.0448 time=81.94 ms | v=6.652 bg=0.00104 ba=0.34593
[tight-lio] t=1317401288.185 corr=2147 lidar=ok rms=0.0364 time=79.61 ms | v=6.635 bg=0.00092 ba=0.34666
[tight-lio] t=1317401288.289 corr=1989 lidar=ok rms=0.0478 time=78.30 ms | v=6.642 bg=0.00090 ba=0.34564
[tight-lio] t=1317401288.393 corr=2282 lidar=ok rms=0.0505 time=82.14 ms | v=6.612 bg=0.00108 ba=0.34905
[tight-lio] t=1317401288.497 corr=2301 lidar=ok rms=0.0662 time=82.30 ms | v=6.596 bg=0.00128 ba=0.35191
[tight-lio] t=1317401288.601 corr=2557 lidar=ok rms=0.0386 time=82.35 ms | v=6.601 bg=0.00129 ba=0.35374
[tight-lio] t=1317401288.705 corr=2530 lidar=ok rms=0.0421 time=79.14 ms | v=6.614 bg=0.00132 ba=0.35437
[tight-lio] t=1317401288.809 corr=2498 lidar=ok rms=0.0338 time=55.83 ms | v=6.614 bg=0.00129 ba=0.35461
[tight-lio] t=1317401288.913 corr=2440 lidar=ok rms=0.0459 time=55.25 ms | v=6.597 bg=0.00117 ba=0.35572
[tight-lio] t=1317401289.017 corr=2533 lidar=ok rms=0.0423 time=78.63 ms | v=6.577 bg=0.00103 ba=0.35656
[tight-lio] t=1317401289.121 corr=2467 lidar=ok rms=0.0417 time=51.41 ms | v=6.574 bg=0.00105 ba=0.35734
[tight-lio] t=1317401289.225 corr=2590 lidar=ok rms=0.0330 time=71.95 ms | v=6.575 bg=0.00115 ba=0.35829
[tight-lio] t=1317401289.329 corr=2387 lidar=ok rms=0.0390 time=75.52 ms | v=6.585 bg=0.00120 ba=0.35844
[tight-lio] t=1317401289.433 corr=2358 lidar=ok rms=0.0327 time=75.67 ms | v=6.589 bg=0.00121 ba=0.35901
[tight-lio] t=1317401289.537 corr=2331 lidar=ok rms=0.0334 time=78.59 ms | v=6.582 bg=0.00111 ba=0.35890
[tight-lio] t=1317401289.641 corr=2188 lidar=ok rms=0.0296 time=75.74 ms | v=6.577 bg=0.00115 ba=0.35900
[tight-lio] t=1317401289.745 corr=2066 lidar=ok rms=0.0327 time=56.76 ms | v=6.575 bg=0.00111 ba=0.35967
[tight-lio] t=1317401289.849 corr=2018 lidar=ok rms=0.0422 time=78.67 ms | v=6.578 bg=0.00108 ba=0.36040
[tight-lio] t=1317401289.953 corr=2116 lidar=ok rms=0.0337 time=76.56 ms | v=6.574 bg=0.00105 ba=0.36108
[tight-lio] t=1317401290.057 corr=2071 lidar=ok rms=0.0312 time=77.85 ms | v=6.574 bg=0.00112 ba=0.36166
[tight-lio] t=1317401290.161 corr=1822 lidar=ok rms=0.0315 time=73.37 ms | v=6.581 bg=0.00119 ba=0.36336
[tight-lio] t=1317401290.265 corr=1917 lidar=ok rms=0.0288 time=74.04 ms | v=6.577 bg=0.00121 ba=0.36429
[tight-lio] t=1317401290.369 corr=1756 lidar=ok rms=0.0338 time=52.70 ms | v=6.571 bg=0.00121 ba=0.36552
[tight-lio] t=1317401290.473 corr=1861 lidar=ok rms=0.0372 time=73.72 ms | v=6.568 bg=0.00118 ba=0.36715
[tight-lio] t=1317401290.577 corr=1765 lidar=ok rms=0.0350 time=53.85 ms | v=6.576 bg=0.00121 ba=0.36773
[tight-lio] t=1317401290.681 corr=1832 lidar=ok rms=0.0319 time=53.24 ms | v=6.585 bg=0.00119 ba=0.36857
[tight-lio] t=1317401290.784 corr=1983 lidar=ok rms=0.1394 time=74.29 ms | v=6.575 bg=0.00118 ba=0.37014
[tight-lio] t=1317401290.888 corr=2255 lidar=ok rms=0.0320 time=77.81 ms | v=6.571 bg=0.00110 ba=0.37134
[tight-lio] t=1317401290.992 corr=2347 lidar=ok rms=0.0339 time=57.75 ms | v=6.548 bg=0.00091 ba=0.37301
[tight-lio] t=1317401291.096 corr=2225 lidar=ok rms=0.0519 time=78.78 ms | v=6.541 bg=0.00095 ba=0.37435
[tight-lio] t=1317401291.200 corr=2009 lidar=ok rms=0.0554 time=74.59 ms | v=6.546 bg=0.00113 ba=0.37643
[tight-lio] t=1317401291.304 corr=2248 lidar=ok rms=0.0407 time=53.86 ms | v=6.566 bg=0.00132 ba=0.37692
[tight-lio] t=1317401291.408 corr=2141 lidar=ok rms=0.0449 time=76.93 ms | v=6.568 bg=0.00142 ba=0.37861
[tight-lio] t=1317401291.512 corr=1958 lidar=ok rms=0.0384 time=73.46 ms | v=6.563 bg=0.00135 ba=0.38019
[tight-lio] t=1317401291.616 corr=2131 lidar=ok rms=0.0870 time=76.75 ms | v=6.548 bg=0.00118 ba=0.38119
[tight-lio] t=1317401291.720 corr=2348 lidar=ok rms=0.0422 time=84.36 ms | v=6.535 bg=0.00103 ba=0.38211
[tight-lio] t=1317401291.824 corr=2315 lidar=ok rms=0.0412 time=77.49 ms | v=6.525 bg=0.00099 ba=0.38370
[tight-lio] t=1317401291.927 corr=2052 lidar=ok rms=0.0360 time=74.96 ms | v=6.528 bg=0.00110 ba=0.38504
[tight-lio] t=1317401292.031 corr=2210 lidar=ok rms=0.0476 time=76.07 ms | v=6.538 bg=0.00129 ba=0.38683
[tight-lio] t=1317401292.135 corr=2182 lidar=ok rms=0.0408 time=57.82 ms | v=6.546 bg=0.00144 ba=0.38856
[tight-lio] t=1317401292.239 corr=2300 lidar=ok rms=0.0359 time=77.25 ms | v=6.533 bg=0.00135 ba=0.39059
[tight-lio] t=1317401292.343 corr=2004 lidar=ok rms=0.0532 time=73.50 ms | v=6.508 bg=0.00113 ba=0.39175
[tight-lio] t=1317401292.447 corr=2211 lidar=ok rms=0.1760 time=76.89 ms | v=6.496 bg=0.00116 ba=0.39417
[tight-lio] t=1317401292.551 corr=2069 lidar=ok rms=0.0344 time=70.37 ms | v=6.506 bg=0.00112 ba=0.39518
[tight-lio] t=1317401292.655 corr=2005 lidar=ok rms=0.0334 time=73.32 ms | v=6.524 bg=0.00129 ba=0.39621
[tight-lio] t=1317401292.759 corr=2148 lidar=ok rms=0.0376 time=74.03 ms | v=6.559 bg=0.00140 ba=0.39584
[tight-lio] t=1317401292.863 corr=2047 lidar=ok rms=0.0353 time=73.26 ms | v=6.548 bg=0.00125 ba=0.39699
[tight-lio] t=1317401292.967 corr=2280 lidar=ok rms=0.0339 time=78.95 ms | v=6.545 bg=0.00113 ba=0.39819
[tight-lio] t=1317401293.071 corr=2191 lidar=ok rms=0.0384 time=53.67 ms | v=6.543 bg=0.00116 ba=0.39989
[tight-lio] t=1317401293.175 corr=2297 lidar=ok rms=0.0679 time=76.80 ms | v=6.527 bg=0.00126 ba=0.40183
[tight-lio] t=1317401293.279 corr=2014 lidar=ok rms=0.0700 time=75.16 ms | v=6.528 bg=0.00128 ba=0.40323
[tight-lio] t=1317401293.383 corr=2050 lidar=ok rms=0.0585 time=72.44 ms | v=6.517 bg=0.00112 ba=0.40471
[tight-lio] t=1317401293.487 corr=2074 lidar=ok rms=0.0476 time=75.42 ms | v=6.516 bg=0.00112 ba=0.40578
[tight-lio] t=1317401293.591 corr=1975 lidar=ok rms=0.0370 time=74.98 ms | v=6.541 bg=0.00138 ba=0.40619
[tight-lio] t=1317401293.695 corr=1776 lidar=ok rms=0.0411 time=53.16 ms | v=6.553 bg=0.00156 ba=0.40779
[tight-lio] t=1317401293.798 corr=1414 lidar=ok rms=0.0324 time=68.30 ms | v=6.564 bg=0.00157 ba=0.40739
[tight-lio] t=1317401293.902 corr=1321 lidar=ok rms=0.0269 time=68.57 ms | v=6.551 bg=0.00134 ba=0.40810
[tight-lio] t=1317401294.006 corr=1303 lidar=ok rms=0.0534 time=55.82 ms | v=6.538 bg=0.00114 ba=0.40956
[tight-lio] t=1317401294.110 corr=1421 lidar=ok rms=0.0447 time=71.68 ms | v=6.542 bg=0.00115 ba=0.41142
[tight-lio] t=1317401294.214 corr=1380 lidar=ok rms=0.0477 time=70.02 ms | v=6.570 bg=0.00139 ba=0.41191
[tight-lio] t=1317401294.318 corr=1275 lidar=ok rms=0.0426 time=69.54 ms | v=6.609 bg=0.00159 ba=0.41134
[tight-lio] t=1317401294.422 corr=1658 lidar=ok rms=0.0384 time=73.40 ms | v=6.622 bg=0.00156 ba=0.41211
[tight-lio] t=1317401294.526 corr=1580 lidar=ok rms=0.0504 time=72.47 ms | v=6.567 bg=0.00124 ba=0.41544
[tight-lio] t=1317401294.630 corr=1378 lidar=ok rms=0.0977 time=70.60 ms | v=6.542 bg=0.00090 ba=0.41651
[tight-lio] t=1317401294.734 corr=1430 lidar=ok rms=0.1004 time=48.58 ms | v=6.550 bg=0.00087 ba=0.41653
[tight-lio] t=1317401294.838 corr=1446 lidar=ok rms=0.0344 time=69.81 ms | v=6.552 bg=0.00118 ba=0.41901
[tight-lio] t=1317401294.942 corr=1321 lidar=ok rms=0.0373 time=69.76 ms | v=6.553 bg=0.00157 ba=0.42083
[tight-lio] t=1317401295.046 corr=1192 lidar=ok rms=0.0339 time=66.41 ms | v=6.557 bg=0.00158 ba=0.42121
[tight-lio] t=1317401295.150 corr=1288 lidar=ok rms=0.0447 time=69.60 ms | v=6.521 bg=0.00131 ba=0.42233
[tight-lio] t=1317401295.254 corr=1634 lidar=ok rms=0.1688 time=80.82 ms | v=6.464 bg=0.00128 ba=0.42368
[tight-lio] t=1317401295.357 corr=1604 lidar=ok rms=0.0805 time=77.12 ms | v=6.425 bg=0.00117 ba=0.42586
[tight-lio] t=1317401295.461 corr=1671 lidar=ok rms=0.0388 time=81.47 ms | v=6.401 bg=0.00131 ba=0.42850
[tight-lio] t=1317401295.565 corr=1594 lidar=ok rms=0.0485 time=72.14 ms | v=6.390 bg=0.00162 ba=0.42982
[tight-lio] t=1317401295.669 corr=1559 lidar=ok rms=0.0378 time=68.74 ms | v=6.370 bg=0.00171 ba=0.43114
[tight-lio] t=1317401295.773 corr=1369 lidar=ok rms=0.0328 time=65.38 ms | v=6.325 bg=0.00165 ba=0.43300
[tight-lio] t=1317401295.877 corr=1357 lidar=ok rms=0.0702 time=67.46 ms | v=6.274 bg=0.00140 ba=0.43495
[tight-lio] t=1317401295.981 corr=1639 lidar=ok rms=0.1564 time=68.90 ms | v=6.226 bg=0.00128 ba=0.43670
[tight-lio] t=1317401296.085 corr=1996 lidar=ok rms=0.0359 time=73.51 ms | v=6.170 bg=0.00132 ba=0.43757
[tight-lio] t=1317401296.189 corr=1587 lidar=ok rms=0.0566 time=68.44 ms | v=6.106 bg=0.00145 ba=0.43938
[tight-lio] t=1317401296.293 corr=1647 lidar=ok rms=0.0344 time=51.80 ms | v=6.008 bg=0.00146 ba=0.44027
[tight-lio] t=1317401296.397 corr=1565 lidar=ok rms=0.0531 time=50.75 ms | v=5.881 bg=0.00133 ba=0.44232
[tight-lio] t=1317401296.501 corr=1477 lidar=ok rms=0.0432 time=50.56 ms | v=5.739 bg=0.00130 ba=0.44364
[tight-lio] t=1317401296.605 corr=1397 lidar=ok rms=0.0492 time=69.65 ms | v=5.580 bg=0.00124 ba=0.44535
[tight-lio] t=1317401296.709 corr=1676 lidar=ok rms=0.0271 time=52.66 ms | v=5.385 bg=0.00127 ba=0.44770
[tight-lio] t=1317401296.813 corr=1630 lidar=ok rms=0.0362 time=72.48 ms | v=5.175 bg=0.00133 ba=0.45102
[tight-lio] t=1317401296.917 corr=1944 lidar=ok rms=0.0349 time=79.05 ms | v=4.991 bg=0.00146 ba=0.45207
[tight-lio] t=1317401297.021 corr=2217 lidar=ok rms=0.0329 time=79.83 ms | v=4.773 bg=0.00145 ba=0.45442
[tight-lio] t=1317401297.125 corr=2308 lidar=ok rms=0.0303 time=80.79 ms | v=4.550 bg=0.00139 ba=0.45524
[tight-lio] t=1317401297.229 corr=2391 lidar=ok rms=0.0323 time=58.96 ms | v=4.332 bg=0.00133 ba=0.45766
[tight-lio] t=1317401297.333 corr=2134 lidar=ok rms=0.0334 time=78.62 ms | v=4.135 bg=0.00126 ba=0.46044
[tight-lio] t=1317401297.437 corr=2211 lidar=ok rms=0.0319 time=79.53 ms | v=3.969 bg=0.00125 ba=0.46129
[tight-lio] t=1317401297.541 corr=2252 lidar=ok rms=0.0347 time=57.57 ms | v=3.817 bg=0.00130 ba=0.46246
[tight-lio] t=1317401297.645 corr=2192 lidar=ok rms=0.0409 time=78.97 ms | v=3.648 bg=0.00141 ba=0.46519
[tight-lio] t=1317401297.749 corr=2154 lidar=ok rms=0.0316 time=79.10 ms | v=3.498 bg=0.00143 ba=0.46548
[tight-lio] t=1317401297.853 corr=2169 lidar=ok rms=0.0315 time=57.03 ms | v=3.311 bg=0.00137 ba=0.46706
[tight-lio] t=1317401297.957 corr=2347 lidar=ok rms=0.0335 time=80.45 ms | v=3.118 bg=0.00130 ba=0.46834
[tight-lio] t=1317401298.061 corr=2144 lidar=ok rms=0.0640 time=76.30 ms | v=2.917 bg=0.00136 ba=0.46987
[tight-lio] t=1317401298.165 corr=1939 lidar=ok rms=0.0377 time=54.18 ms | v=2.729 bg=0.00138 ba=0.47029
[tight-lio] t=1317401298.269 corr=1791 lidar=ok rms=0.0351 time=74.60 ms | v=2.511 bg=0.00137 ba=0.47314
[tight-lio] t=1317401298.373 corr=1909 lidar=ok rms=0.0349 time=74.17 ms | v=2.297 bg=0.00135 ba=0.47431
[tight-lio] t=1317401298.477 corr=2256 lidar=ok rms=0.0327 time=79.99 ms | v=2.081 bg=0.00126 ba=0.47653
[tight-lio] t=1317401298.581 corr=1882 lidar=ok rms=0.0264 time=54.93 ms | v=1.881 bg=0.00117 ba=0.47786
[tight-lio] t=1317401298.685 corr=2191 lidar=ok rms=0.0299 time=55.37 ms | v=1.722 bg=0.00119 ba=0.47900
[tight-lio] t=1317401298.789 corr=2386 lidar=ok rms=0.0414 time=57.31 ms | v=1.596 bg=0.00124 ba=0.47907
[tight-lio] t=1317401298.892 corr=1940 lidar=ok rms=0.0404 time=54.34 ms | v=1.510 bg=0.00137 ba=0.47846
[tight-lio] t=1317401298.996 corr=2684 lidar=ok rms=0.0336 time=83.80 ms | v=1.492 bg=0.00159 ba=0.48100
[tight-lio] t=1317401299.100 corr=2590 lidar=ok rms=0.0289 time=81.26 ms | v=1.502 bg=0.00171 ba=0.48092
[tight-lio] t=1317401299.204 corr=2574 lidar=ok rms=0.0304 time=80.70 ms | v=1.512 bg=0.00184 ba=0.47963
[tight-lio] t=1317401299.307 corr=2517 lidar=ok rms=0.0389 time=59.27 ms | v=1.496 bg=0.00200 ba=0.47882
[tight-lio] t=1317401299.411 corr=2625 lidar=ok rms=0.0360 time=59.83 ms | v=1.477 bg=0.00212 ba=0.47896
[tight-lio] t=1317401299.515 corr=2442 lidar=ok rms=0.0304 time=57.48 ms | v=1.460 bg=0.00217 ba=0.47952
[tight-lio] t=1317401299.618 corr=2563 lidar=ok rms=0.0324 time=57.66 ms | v=1.421 bg=0.00237 ba=0.48055
[tight-lio] t=1317401299.722 corr=2608 lidar=ok rms=0.0381 time=82.46 ms | v=1.375 bg=0.00245 ba=0.48308
[tight-lio] t=1317401299.826 corr=2691 lidar=ok rms=0.0416 time=55.10 ms | v=1.380 bg=0.00242 ba=0.48477
[tight-lio] t=1317401299.930 corr=2621 lidar=ok rms=0.0412 time=84.98 ms | v=1.398 bg=0.00236 ba=0.48547
[tight-lio] t=1317401300.033 corr=2690 lidar=ok rms=0.0425 time=85.16 ms | v=1.423 bg=0.00242 ba=0.48712
[tight-lio] t=1317401300.137 corr=2468 lidar=ok rms=0.0670 time=80.01 ms | v=1.494 bg=0.00250 ba=0.48804
[tight-lio] t=1317401300.241 corr=2579 lidar=ok rms=0.1045 time=80.33 ms | v=1.585 bg=0.00255 ba=0.48878
[tight-lio] t=1317401300.345 corr=2628 lidar=ok rms=0.0323 time=82.63 ms | v=1.667 bg=0.00264 ba=0.48957
[tight-lio] t=1317401300.448 corr=2636 lidar=ok rms=0.0365 time=82.68 ms | v=1.736 bg=0.00277 ba=0.49009
[tight-lio] t=1317401300.552 corr=2806 lidar=ok rms=0.0322 time=90.41 ms | v=1.788 bg=0.00279 ba=0.49230
[tight-lio] t=1317401300.656 corr=2609 lidar=ok rms=0.0347 time=82.45 ms | v=1.837 bg=0.00282 ba=0.49358
[tight-lio] t=1317401300.759 corr=2607 lidar=ok rms=0.0367 time=83.61 ms | v=1.884 bg=0.00280 ba=0.49527
[tight-lio] t=1317401300.863 corr=2665 lidar=ok rms=0.0308 time=83.74 ms | v=1.956 bg=0.00274 ba=0.49636
[tight-lio] t=1317401300.967 corr=2673 lidar=ok rms=0.0314 time=85.21 ms | v=2.048 bg=0.00261 ba=0.49770
[tight-lio] t=1317401301.071 corr=2758 lidar=ok rms=0.0391 time=83.52 ms | v=2.155 bg=0.00245 ba=0.49803
[tight-lio] t=1317401301.175 corr=2695 lidar=ok rms=0.0437 time=83.85 ms | v=2.259 bg=0.00219 ba=0.49840
[tight-lio] t=1317401301.279 corr=2921 lidar=ok rms=0.0418 time=89.48 ms | v=2.318 bg=0.00210 ba=0.49959
[tight-lio] t=1317401301.383 corr=2863 lidar=ok rms=0.0420 time=88.56 ms | v=2.359 bg=0.00206 ba=0.50162
[tight-lio] t=1317401301.487 corr=2763 lidar=ok rms=0.0491 time=84.51 ms | v=2.420 bg=0.00187 ba=0.50236
[tight-lio] t=1317401301.591 corr=2811 lidar=ok rms=0.0472 time=86.00 ms | v=2.498 bg=0.00186 ba=0.50137
[tight-lio] t=1317401301.695 corr=2900 lidar=ok rms=0.0422 time=87.43 ms | v=2.598 bg=0.00189 ba=0.49977
[tight-lio] t=1317401301.799 corr=2944 lidar=ok rms=0.0593 time=88.01 ms | v=2.697 bg=0.00173 ba=0.49779
[tight-lio] t=1317401301.903 corr=2984 lidar=ok rms=0.0454 time=87.37 ms | v=2.800 bg=0.00166 ba=0.49573
[tight-lio] t=1317401302.006 corr=2876 lidar=ok rms=0.0458 time=85.03 ms | v=2.898 bg=0.00171 ba=0.49406
[tight-lio] t=1317401302.110 corr=2817 lidar=ok rms=0.0467 time=87.16 ms | v=3.002 bg=0.00163 ba=0.49226
[tight-lio] t=1317401302.214 corr=2610 lidar=ok rms=0.0425 time=82.24 ms | v=3.114 bg=0.00173 ba=0.49013
[tight-lio] t=1317401302.318 corr=2731 lidar=ok rms=0.0586 time=88.01 ms | v=3.215 bg=0.00173 ba=0.48822
[tight-lio] t=1317401302.422 corr=2656 lidar=ok rms=0.0447 time=82.48 ms | v=3.338 bg=0.00170 ba=0.48622
[tight-lio] t=1317401302.526 corr=2646 lidar=ok rms=0.0393 time=88.07 ms | v=3.483 bg=0.00151 ba=0.48348
[tight-lio] t=1317401302.630 corr=2854 lidar=ok rms=0.0402 time=61.43 ms | v=3.628 bg=0.00133 ba=0.48153
[tight-lio] t=1317401302.734 corr=2906 lidar=ok rms=0.0344 time=91.90 ms | v=3.769 bg=0.00129 ba=0.48014
[tight-lio] t=1317401302.838 corr=2685 lidar=ok rms=0.0304 time=84.24 ms | v=3.941 bg=0.00127 ba=0.47851
[tight-lio] t=1317401302.942 corr=2564 lidar=ok rms=0.0467 time=82.41 ms | v=4.143 bg=0.00109 ba=0.47710
[tight-lio] t=1317401303.046 corr=2973 lidar=ok rms=0.0501 time=93.25 ms | v=4.345 bg=0.00099 ba=0.47561
[tight-lio] t=1317401303.151 corr=2735 lidar=ok rms=0.0298 time=84.65 ms | v=4.512 bg=0.00102 ba=0.47667
[tight-lio] t=1317401303.255 corr=2775 lidar=ok rms=0.0308 time=89.05 ms | v=4.690 bg=0.00112 ba=0.47610
[tight-lio] t=1317401303.359 corr=3021 lidar=ok rms=0.0314 time=87.95 ms | v=4.848 bg=0.00107 ba=0.47697
[tight-lio] t=1317401303.463 corr=2791 lidar=ok rms=0.0301 time=85.12 ms | v=5.028 bg=0.00105 ba=0.47598
[tight-lio] t=1317401303.568 corr=2891 lidar=ok rms=0.0286 time=87.61 ms | v=5.238 bg=0.00115 ba=0.47371
[tight-lio] t=1317401303.672 corr=3002 lidar=ok rms=0.0288 time=87.21 ms | v=5.445 bg=0.00127 ba=0.47195
[tight-lio] t=1317401303.776 corr=2686 lidar=ok rms=0.0432 time=82.78 ms | v=5.678 bg=0.00130 ba=0.46813
[tight-lio] t=1317401303.880 corr=2569 lidar=ok rms=0.0376 time=83.22 ms | v=5.902 bg=0.00141 ba=0.46506
[tight-lio] t=1317401303.984 corr=2417 lidar=ok rms=0.0490 time=83.09 ms | v=6.124 bg=0.00140 ba=0.46229
[tight-lio] t=1317401304.089 corr=2580 lidar=ok rms=0.0298 time=83.69 ms | v=6.326 bg=0.00144 ba=0.46053
[tight-lio] t=1317401304.193 corr=2606 lidar=ok rms=0.0318 time=88.00 ms | v=6.537 bg=0.00147 ba=0.45770
[tight-lio] t=1317401304.297 corr=3141 lidar=ok rms=0.0389 time=89.67 ms | v=6.735 bg=0.00155 ba=0.45616
[tight-lio] t=1317401304.401 corr=3091 lidar=ok rms=0.0362 time=92.94 ms | v=6.935 bg=0.00155 ba=0.45455
[tight-lio] t=1317401304.505 corr=3428 lidar=ok rms=0.0493 time=102.61 ms | v=7.163 bg=0.00156 ba=0.44937
[tight-lio] t=1317401304.609 corr=3712 lidar=ok rms=0.0445 time=99.97 ms | v=7.364 bg=0.00141 ba=0.44549
[tight-lio] t=1317401304.713 corr=3925 lidar=ok rms=0.0371 time=97.21 ms | v=7.533 bg=0.00148 ba=0.44481
[tight-lio] t=1317401304.817 corr=3723 lidar=ok rms=0.0337 time=91.90 ms | v=7.701 bg=0.00154 ba=0.44451
[tight-lio] t=1317401304.921 corr=4036 lidar=ok rms=0.0368 time=95.84 ms | v=7.859 bg=0.00167 ba=0.44408
[tight-lio] t=1317401305.025 corr=4406 lidar=ok rms=0.0404 time=100.30 ms | v=7.998 bg=0.00174 ba=0.44421
[tight-lio] t=1317401305.130 corr=4405 lidar=ok rms=0.0330 time=97.10 ms | v=8.109 bg=0.00164 ba=0.44396
[tight-lio] t=1317401305.234 corr=4382 lidar=ok rms=0.0353 time=100.54 ms | v=8.209 bg=0.00163 ba=0.44287
[tight-lio] t=1317401305.338 corr=4466 lidar=ok rms=0.0354 time=100.81 ms | v=8.309 bg=0.00161 ba=0.44098
[tight-lio] t=1317401305.441 corr=4426 lidar=ok rms=0.0398 time=104.08 ms | v=8.415 bg=0.00160 ba=0.43889
[tight-lio] t=1317401305.545 corr=4029 lidar=ok rms=0.0465 time=98.49 ms | v=8.518 bg=0.00156 ba=0.43701
[tight-lio] t=1317401305.649 corr=3820 lidar=ok rms=0.0338 time=98.54 ms | v=8.630 bg=0.00161 ba=0.43437
[tight-lio] t=1317401305.753 corr=3901 lidar=ok rms=0.0353 time=99.35 ms | v=8.721 bg=0.00167 ba=0.43245
[tight-lio] t=1317401305.857 corr=3762 lidar=ok rms=0.0430 time=90.26 ms | v=8.771 bg=0.00178 ba=0.43285
[tight-lio] t=1317401305.961 corr=3538 lidar=ok rms=0.0344 time=95.95 ms | v=8.786 bg=0.00176 ba=0.43237
[tight-lio] t=1317401306.065 corr=3131 lidar=ok rms=0.0353 time=87.42 ms | v=8.779 bg=0.00177 ba=0.43175
[tight-lio] t=1317401306.169 corr=3003 lidar=ok rms=0.0348 time=84.96 ms | v=8.773 bg=0.00177 ba=0.43084
[tight-lio] t=1317401306.273 corr=3131 lidar=ok rms=0.0363 time=85.97 ms | v=8.761 bg=0.00177 ba=0.42980
[tight-lio] t=1317401306.377 corr=3001 lidar=ok rms=0.0353 time=84.95 ms | v=8.745 bg=0.00174 ba=0.42915
[tight-lio] t=1317401306.481 corr=2869 lidar=ok rms=0.1089 time=86.90 ms | v=8.727 bg=0.00170 ba=0.42854
[tight-lio] t=1317401306.585 corr=3251 lidar=ok rms=0.0341 time=87.29 ms | v=8.702 bg=0.00172 ba=0.42918
[tight-lio] t=1317401306.689 corr=2912 lidar=ok rms=0.0335 time=83.50 ms | v=8.681 bg=0.00178 ba=0.42948
[tight-lio] t=1317401306.793 corr=3007 lidar=ok rms=0.0375 time=88.18 ms | v=8.669 bg=0.00189 ba=0.42919
[tight-lio] t=1317401306.897 corr=3022 lidar=ok rms=0.0398 time=86.87 ms | v=8.651 bg=0.00195 ba=0.42897
[tight-lio] t=1317401307.001 corr=3149 lidar=ok rms=0.0373 time=84.02 ms | v=8.637 bg=0.00208 ba=0.42863
[tight-lio] t=1317401307.105 corr=2868 lidar=ok rms=0.0350 time=84.21 ms | v=8.601 bg=0.00209 ba=0.42970
[tight-lio] t=1317401307.209 corr=2461 lidar=ok rms=0.0320 time=76.91 ms | v=8.581 bg=0.00212 ba=0.42921
[tight-lio] t=1317401307.313 corr=2562 lidar=ok rms=0.0457 time=79.81 ms | v=8.538 bg=0.00203 ba=0.43158
[tight-lio] t=1317401307.417 corr=2521 lidar=ok rms=0.0382 time=74.65 ms | v=8.522 bg=0.00203 ba=0.43044
[tight-lio] t=1317401307.521 corr=2261 lidar=ok rms=0.0420 time=67.09 ms | v=8.495 bg=0.00200 ba=0.43066
[tight-lio] t=1317401307.625 corr=2474 lidar=ok rms=0.0342 time=76.11 ms | v=8.471 bg=0.00208 ba=0.43052
[tight-lio] t=1317401307.729 corr=2307 lidar=ok rms=0.0370 time=73.28 ms | v=8.437 bg=0.00212 ba=0.43112
[tight-lio] t=1317401307.833 corr=2831 lidar=ok rms=0.0389 time=81.63 ms | v=8.383 bg=0.00219 ba=0.43116
[tight-lio] t=1317401307.937 corr=2655 lidar=ok rms=0.0427 time=79.44 ms | v=8.261 bg=0.00212 ba=0.43261
[tight-lio] t=1317401308.041 corr=3006 lidar=ok rms=0.0438 time=91.77 ms | v=8.097 bg=0.00204 ba=0.43432
[tight-lio] t=1317401308.145 corr=3030 lidar=ok rms=0.0471 time=84.07 ms | v=7.910 bg=0.00195 ba=0.43696
[tight-lio] t=1317401308.249 corr=2861 lidar=ok rms=0.0751 time=88.96 ms | v=7.739 bg=0.00192 ba=0.43762
[tight-lio] t=1317401308.353 corr=2709 lidar=ok rms=0.1144 time=86.16 ms | v=7.540 bg=0.00189 ba=0.43892
[tight-lio] t=1317401308.457 corr=2731 lidar=ok rms=0.0397 time=85.40 ms | v=7.324 bg=0.00168 ba=0.44082
[tight-lio] t=1317401308.561 corr=2582 lidar=ok rms=0.0576 time=79.54 ms | v=7.099 bg=0.00163 ba=0.44257
[tight-lio] t=1317401308.665 corr=2932 lidar=ok rms=0.0383 time=88.23 ms | v=6.873 bg=0.00171 ba=0.44271
[tight-lio] t=1317401308.769 corr=2576 lidar=ok rms=0.0521 time=80.21 ms | v=6.629 bg=0.00177 ba=0.44430
[tight-lio] t=1317401308.873 corr=2650 lidar=ok rms=0.0333 time=82.69 ms | v=6.367 bg=0.00184 ba=0.44618
[tight-lio] t=1317401308.977 corr=2441 lidar=ok rms=0.0403 time=75.69 ms | v=6.101 bg=0.00180 ba=0.44749
[tight-lio] t=1317401309.081 corr=2172 lidar=ok rms=0.0395 time=71.94 ms | v=5.842 bg=0.00189 ba=0.44868
[tight-lio] t=1317401309.185 corr=1926 lidar=ok rms=0.0602 time=72.02 ms | v=5.606 bg=0.00189 ba=0.45027
[tight-lio] t=1317401309.289 corr=2474 lidar=ok rms=0.0366 time=76.95 ms | v=5.375 bg=0.00194 ba=0.45205
[tight-lio] t=1317401309.393 corr=2556 lidar=ok rms=0.0843 time=79.19 ms | v=5.192 bg=0.00203 ba=0.45061
[tight-lio] t=1317401309.497 corr=2069 lidar=ok rms=0.0290 time=73.46 ms | v=4.993 bg=0.00205 ba=0.45107
[tight-lio] t=1317401309.601 corr=2307 lidar=ok rms=0.0313 time=69.67 ms | v=4.786 bg=0.00205 ba=0.45226
[tight-lio] t=1317401309.705 corr=1943 lidar=ok rms=0.0337 time=71.55 ms | v=4.579 bg=0.00207 ba=0.45260
[tight-lio] t=1317401309.809 corr=2191 lidar=ok rms=0.0367 time=75.72 ms | v=4.381 bg=0.00202 ba=0.45291
[tight-lio] t=1317401309.913 corr=2067 lidar=ok rms=0.0501 time=75.20 ms | v=4.167 bg=0.00201 ba=0.45383
[tight-lio] t=1317401310.017 corr=2363 lidar=ok rms=0.0362 time=76.16 ms | v=3.936 bg=0.00200 ba=0.45475
[tight-lio] t=1317401310.121 corr=2227 lidar=ok rms=0.0359 time=77.82 ms | v=3.695 bg=0.00209 ba=0.45659
[tight-lio] t=1317401310.225 corr=2150 lidar=ok rms=0.0445 time=75.97 ms | v=3.458 bg=0.00222 ba=0.45810
[tight-lio] t=1317401310.329 corr=2472 lidar=ok rms=0.0354 time=81.56 ms | v=3.222 bg=0.00219 ba=0.45994
[tight-lio] t=1317401310.433 corr=2560 lidar=ok rms=0.0403 time=58.84 ms | v=3.012 bg=0.00211 ba=0.46209
[tight-lio] t=1317401310.537 corr=2302 lidar=ok rms=0.0377 time=54.72 ms | v=2.853 bg=0.00211 ba=0.46186
[tight-lio] t=1317401310.641 corr=2583 lidar=ok rms=0.0376 time=79.11 ms | v=2.693 bg=0.00213 ba=0.46220
[tight-lio] t=1317401310.745 corr=2498 lidar=ok rms=0.0431 time=56.65 ms | v=2.529 bg=0.00215 ba=0.46264
[tight-lio] t=1317401310.849 corr=2438 lidar=ok rms=0.0408 time=85.26 ms | v=2.397 bg=0.00208 ba=0.46319
[tight-lio] t=1317401310.953 corr=2627 lidar=ok rms=0.0475 time=58.07 ms | v=2.366 bg=0.00206 ba=0.46219
[tight-lio] t=1317401311.057 corr=2342 lidar=ok rms=0.0503 time=79.58 ms | v=2.362 bg=0.00205 ba=0.46148
[tight-lio] t=1317401311.161 corr=2416 lidar=ok rms=0.0327 time=83.90 ms | v=2.355 bg=0.00205 ba=0.46154
[tight-lio] t=1317401311.265 corr=2280 lidar=ok rms=0.0297 time=80.26 ms | v=2.350 bg=0.00203 ba=0.46122
[tight-lio] t=1317401311.369 corr=2100 lidar=ok rms=0.0327 time=77.34 ms | v=2.344 bg=0.00198 ba=0.46150
[tight-lio] t=1317401311.473 corr=2217 lidar=ok rms=0.0337 time=56.18 ms | v=2.339 bg=0.00194 ba=0.46118
[tight-lio] t=1317401311.577 corr=2074 lidar=ok rms=0.0329 time=78.71 ms | v=2.340 bg=0.00190 ba=0.46114
[tight-lio] t=1317401311.681 corr=2279 lidar=ok rms=0.0306 time=59.75 ms | v=2.334 bg=0.00182 ba=0.46176
[tight-lio] t=1317401311.785 corr=2168 lidar=ok rms=0.0392 time=78.87 ms | v=2.323 bg=0.00175 ba=0.46361
[tight-lio] t=1317401311.889 corr=2034 lidar=ok rms=0.0322 time=77.24 ms | v=2.330 bg=0.00177 ba=0.46434
[tight-lio] t=1317401311.993 corr=2172 lidar=ok rms=0.0327 time=79.78 ms | v=2.360 bg=0.00170 ba=0.46536
[tight-lio] t=1317401312.097 corr=2037 lidar=ok rms=0.0398 time=78.48 ms | v=2.482 bg=0.00162 ba=0.46557
[tight-lio] t=1317401312.201 corr=2354 lidar=ok rms=0.0319 time=56.96 ms | v=2.651 bg=0.00154 ba=0.46645
[tight-lio] t=1317401312.305 corr=2375 lidar=ok rms=0.0330 time=81.34 ms | v=2.837 bg=0.00160 ba=0.46614
[tight-lio] t=1317401312.409 corr=2276 lidar=ok rms=0.0290 time=81.11 ms | v=3.023 bg=0.00163 ba=0.46562
[tight-lio] t=1317401312.512 corr=2279 lidar=ok rms=0.0374 time=58.83 ms | v=3.192 bg=0.00167 ba=0.46627
[tight-lio] t=1317401312.616 corr=2581 lidar=ok rms=0.0291 time=84.04 ms | v=3.357 bg=0.00165 ba=0.46621
[tight-lio] t=1317401312.720 corr=2354 lidar=ok rms=0.0318 time=80.91 ms | v=3.491 bg=0.00156 ba=0.46736
[tight-lio] t=1317401312.824 corr=2551 lidar=ok rms=0.0308 time=59.27 ms | v=3.643 bg=0.00157 ba=0.46773
[tight-lio] t=1317401312.928 corr=2570 lidar=ok rms=0.0310 time=82.36 ms | v=3.776 bg=0.00158 ba=0.46985
[tight-lio] t=1317401313.032 corr=2895 lidar=ok rms=0.0313 time=87.42 ms | v=3.885 bg=0.00147 ba=0.47223
[tight-lio] t=1317401313.136 corr=2665 lidar=ok rms=0.0318 time=62.77 ms | v=3.989 bg=0.00142 ba=0.47428
[tight-lio] t=1317401313.240 corr=2882 lidar=ok rms=0.0309 time=87.19 ms | v=4.119 bg=0.00146 ba=0.47541
[tight-lio] t=1317401313.344 corr=2735 lidar=ok rms=0.0358 time=86.56 ms | v=4.273 bg=0.00153 ba=0.47650
[tight-lio] t=1317401313.447 corr=2752 lidar=ok rms=0.0321 time=87.55 ms | v=4.449 bg=0.00155 ba=0.47688
[tight-lio] t=1317401313.551 corr=2804 lidar=ok rms=0.0370 time=87.59 ms | v=4.614 bg=0.00151 ba=0.47841
[tight-lio] t=1317401313.655 corr=2495 lidar=ok rms=0.0481 time=83.82 ms | v=4.774 bg=0.00136 ba=0.47940
[tight-lio] t=1317401313.759 corr=2699 lidar=ok rms=0.0571 time=87.22 ms | v=4.945 bg=0.00136 ba=0.48148
[tight-lio] t=1317401313.863 corr=2364 lidar=ok rms=0.0345 time=81.49 ms | v=5.130 bg=0.00137 ba=0.48313
[tight-lio] t=1317401313.967 corr=2383 lidar=ok rms=0.0488 time=58.39 ms | v=5.308 bg=0.00132 ba=0.48455
[tight-lio] t=1317401314.071 corr=2259 lidar=ok rms=0.0397 time=80.46 ms | v=5.490 bg=0.00134 ba=0.48588
[tight-lio] t=1317401314.175 corr=2170 lidar=ok rms=0.0383 time=76.50 ms | v=5.667 bg=0.00136 ba=0.48678
[tight-lio] t=1317401314.279 corr=2073 lidar=ok rms=0.0420 time=76.47 ms | v=5.847 bg=0.00139 ba=0.48806
[tight-lio] t=1317401314.383 corr=2077 lidar=ok rms=0.0381 time=77.90 ms | v=6.024 bg=0.00133 ba=0.48973
[tight-lio] t=1317401314.487 corr=2016 lidar=ok rms=0.0511 time=75.27 ms | v=6.200 bg=0.00128 ba=0.49013
[tight-lio] t=1317401314.591 corr=1872 lidar=ok rms=0.0348 time=74.62 ms | v=6.379 bg=0.00128 ba=0.49124
[tight-lio] t=1317401314.695 corr=2131 lidar=ok rms=0.0856 time=77.26 ms | v=6.546 bg=0.00121 ba=0.49312
[tight-lio] t=1317401314.799 corr=2046 lidar=ok rms=0.0915 time=75.94 ms | v=6.713 bg=0.00119 ba=0.49512
[tight-lio] t=1317401314.903 corr=2097 lidar=ok rms=0.0410 time=77.04 ms | v=6.876 bg=0.00119 ba=0.49717
[tight-lio] t=1317401315.007 corr=1783 lidar=ok rms=0.0391 time=94.12 ms | v=7.048 bg=0.00125 ba=0.49847
[tight-lio] t=1317401315.111 corr=1690 lidar=ok rms=0.0344 time=72.89 ms | v=7.208 bg=0.00124 ba=0.50040
[tight-lio] t=1317401315.214 corr=1709 lidar=ok rms=0.0700 time=72.69 ms | v=7.362 bg=0.00127 ba=0.50251
[tight-lio] t=1317401315.318 corr=1962 lidar=ok rms=0.0572 time=74.42 ms | v=7.506 bg=0.00137 ba=0.50655
[tight-lio] t=1317401315.422 corr=1897 lidar=ok rms=0.0391 time=52.56 ms | v=7.661 bg=0.00129 ba=0.50608
[tight-lio] t=1317401315.526 corr=1930 lidar=ok rms=0.0423 time=75.07 ms | v=7.837 bg=0.00128 ba=0.50375
[tight-lio] t=1317401315.630 corr=2215 lidar=ok rms=0.0371 time=75.79 ms | v=7.999 bg=0.00123 ba=0.50233
[tight-lio] t=1317401315.734 corr=2025 lidar=ok rms=0.0322 time=55.63 ms | v=8.139 bg=0.00128 ba=0.50275
[tight-lio] t=1317401315.838 corr=2195 lidar=ok rms=0.0385 time=76.05 ms | v=8.265 bg=0.00128 ba=0.50329
[tight-lio] t=1317401315.942 corr=2426 lidar=ok rms=0.0348 time=78.86 ms | v=8.373 bg=0.00133 ba=0.50474
[tight-lio] t=1317401316.046 corr=2316 lidar=ok rms=0.0350 time=71.05 ms | v=8.477 bg=0.00135 ba=0.50614
[tight-lio] t=1317401316.150 corr=2204 lidar=ok rms=0.0327 time=54.87 ms | v=8.586 bg=0.00133 ba=0.50730
[tight-lio] t=1317401316.254 corr=2585 lidar=ok rms=0.0451 time=82.38 ms | v=8.697 bg=0.00134 ba=0.50896
[tight-lio] t=1317401316.358 corr=2911 lidar=ok rms=0.0358 time=83.98 ms | v=8.799 bg=0.00135 ba=0.50951
[tight-lio] t=1317401316.462 corr=3047 lidar=ok rms=0.0363 time=81.75 ms | v=8.888 bg=0.00138 ba=0.51062
[tight-lio] t=1317401316.566 corr=2916 lidar=ok rms=0.0317 time=89.16 ms | v=8.935 bg=0.00144 ba=0.51277
[tight-lio] t=1317401316.670 corr=2865 lidar=ok rms=0.0341 time=89.77 ms | v=8.942 bg=0.00138 ba=0.51445
[tight-lio] t=1317401316.774 corr=2735 lidar=ok rms=0.0370 time=80.97 ms | v=8.925 bg=0.00132 ba=0.51641
[tight-lio] t=1317401316.878 corr=2888 lidar=ok rms=0.0434 time=87.23 ms | v=8.896 bg=0.00133 ba=0.51898
[tight-lio] t=1317401316.982 corr=2729 lidar=ok rms=0.0326 time=84.13 ms | v=8.880 bg=0.00147 ba=0.52097
[tight-lio] t=1317401317.086 corr=2603 lidar=ok rms=0.0337 time=80.82 ms | v=8.854 bg=0.00154 ba=0.52296
[tight-lio] t=1317401317.190 corr=2625 lidar=ok rms=0.0533 time=100.08 ms | v=8.804 bg=0.00151 ba=0.52565
[tight-lio] t=1317401317.294 corr=2602 lidar=ok rms=0.0327 time=81.48 ms | v=8.758 bg=0.00147 ba=0.52856
[tight-lio] t=1317401317.398 corr=2766 lidar=ok rms=0.0336 time=60.23 ms | v=8.712 bg=0.00140 ba=0.53226
[tight-lio] t=1317401317.502 corr=3241 lidar=ok rms=0.0351 time=97.14 ms | v=8.667 bg=0.00138 ba=0.53520
[tight-lio] t=1317401317.606 corr=3225 lidar=ok rms=0.0303 time=88.95 ms | v=8.619 bg=0.00129 ba=0.53726
[tight-lio] t=1317401317.710 corr=3197 lidar=ok rms=0.0313 time=62.26 ms | v=8.550 bg=0.00124 ba=0.54063
[tight-lio] t=1317401317.814 corr=3323 lidar=ok rms=0.0357 time=88.85 ms | v=8.476 bg=0.00126 ba=0.54401
[tight-lio] t=1317401317.918 corr=3070 lidar=ok rms=0.0449 time=86.76 ms | v=8.402 bg=0.00132 ba=0.54566
[tight-lio] t=1317401318.021 corr=3686 lidar=ok rms=0.0338 time=62.31 ms | v=8.301 bg=0.00136 ba=0.54696
[tight-lio] t=1317401318.125 corr=3408 lidar=ok rms=0.0313 time=64.90 ms | v=8.163 bg=0.00137 ba=0.54881
[tight-lio] t=1317401318.229 corr=3532 lidar=ok rms=0.0342 time=86.86 ms | v=8.009 bg=0.00141 ba=0.55137
[tight-lio] t=1317401318.333 corr=3465 lidar=ok rms=0.0439 time=87.78 ms | v=7.856 bg=0.00151 ba=0.55275
[tight-lio] t=1317401318.437 corr=3628 lidar=ok rms=0.0343 time=93.60 ms | v=7.683 bg=0.00151 ba=0.55468
[tight-lio] t=1317401318.541 corr=3277 lidar=ok rms=0.0427 time=87.37 ms | v=7.532 bg=0.00140 ba=0.55374
[tight-lio] t=1317401318.645 corr=3429 lidar=ok rms=0.0340 time=63.39 ms | v=7.378 bg=0.00144 ba=0.55253
[tight-lio] t=1317401318.749 corr=3328 lidar=ok rms=0.0352 time=85.31 ms | v=7.203 bg=0.00151 ba=0.55267
[tight-lio] t=1317401318.853 corr=3359 lidar=ok rms=0.0372 time=79.80 ms | v=7.010 bg=0.00154 ba=0.55405
[tight-lio] t=1317401318.957 corr=3250 lidar=ok rms=0.0517 time=58.75 ms | v=6.836 bg=0.00144 ba=0.55364
[tight-lio] t=1317401319.061 corr=3257 lidar=ok rms=0.0348 time=85.91 ms | v=6.643 bg=0.00143 ba=0.55422
[tight-lio] t=1317401319.165 corr=3112 lidar=ok rms=0.0351 time=83.36 ms | v=6.438 bg=0.00151 ba=0.55699
[tight-lio] t=1317401319.269 corr=2987 lidar=ok rms=0.0298 time=76.93 ms | v=6.247 bg=0.00156 ba=0.55773
[tight-lio] t=1317401319.373 corr=2761 lidar=ok rms=0.0904 time=86.01 ms | v=6.090 bg=0.00155 ba=0.55750
[tight-lio] t=1317401319.477 corr=2728 lidar=ok rms=0.0441 time=80.27 ms | v=5.932 bg=0.00149 ba=0.55978
[tight-lio] t=1317401319.582 corr=2842 lidar=ok rms=0.0392 time=81.03 ms | v=5.839 bg=0.00142 ba=0.56085
[tight-lio] t=1317401319.686 corr=2925 lidar=ok rms=0.0331 time=81.61 ms | v=5.766 bg=0.00146 ba=0.56216
[tight-lio] t=1317401319.790 corr=2905 lidar=ok rms=0.0303 time=81.59 ms | v=5.721 bg=0.00152 ba=0.56227
[tight-lio] t=1317401319.894 corr=2845 lidar=ok rms=0.0287 time=56.75 ms | v=5.694 bg=0.00159 ba=0.56219
[tight-lio] t=1317401319.998 corr=3239 lidar=ok rms=0.0378 time=57.41 ms | v=5.660 bg=0.00162 ba=0.56258
[tight-lio] t=1317401320.102 corr=3269 lidar=ok rms=0.0342 time=60.24 ms | v=5.637 bg=0.00162 ba=0.56228
[tight-lio] t=1317401320.206 corr=2756 lidar=ok rms=0.0377 time=55.10 ms | v=5.596 bg=0.00169 ba=0.56378
[tight-lio] t=1317401320.310 corr=2673 lidar=ok rms=0.0342 time=75.19 ms | v=5.558 bg=0.00171 ba=0.56481
[tight-lio] t=1317401320.414 corr=3591 lidar=ok rms=0.0376 time=88.39 ms | v=5.498 bg=0.00168 ba=0.56606
[tight-lio] t=1317401320.518 corr=3613 lidar=ok rms=0.0330 time=84.71 ms | v=5.447 bg=0.00161 ba=0.56520
[tight-lio] t=1317401320.622 corr=3884 lidar=ok rms=0.0365 time=117.48 ms | v=5.379 bg=0.00165 ba=0.56571
[tight-lio] t=1317401320.726 corr=3757 lidar=ok rms=0.0305 time=89.20 ms | v=5.307 bg=0.00160 ba=0.56585
[tight-lio] t=1317401320.830 corr=3726 lidar=ok rms=0.0306 time=87.24 ms | v=5.206 bg=0.00153 ba=0.56690
[tight-lio] t=1317401320.934 corr=4002 lidar=ok rms=0.0330 time=62.87 ms | v=5.106 bg=0.00148 ba=0.56698
[tight-lio] t=1317401321.038 corr=3949 lidar=ok rms=0.0491 time=64.48 ms | v=4.986 bg=0.00151 ba=0.56768
[tight-lio] t=1317401321.142 corr=4022 lidar=ok rms=0.0327 time=65.40 ms | v=4.854 bg=0.00148 ba=0.56872
[tight-lio] t=1317401321.246 corr=3822 lidar=ok rms=0.0359 time=64.30 ms | v=4.728 bg=0.00142 ba=0.57062
[tight-lio] t=1317401321.350 corr=3813 lidar=ok rms=0.0416 time=93.34 ms | v=4.615 bg=0.00154 ba=0.57201
[tight-lio] t=1317401321.454 corr=3999 lidar=ok rms=0.0395 time=95.92 ms | v=4.517 bg=0.00157 ba=0.57233
[tight-lio] t=1317401321.558 corr=3710 lidar=ok rms=0.0438 time=61.91 ms | v=4.462 bg=0.00150 ba=0.57245
[tight-lio] t=1317401321.662 corr=3822 lidar=ok rms=0.0461 time=93.93 ms | v=4.421 bg=0.00144 ba=0.57342
[tight-lio] t=1317401321.766 corr=3968 lidar=ok rms=0.0426 time=65.76 ms | v=4.394 bg=0.00142 ba=0.57387
[tight-lio] t=1317401321.870 corr=3761 lidar=ok rms=0.0663 time=64.71 ms | v=4.380 bg=0.00150 ba=0.57367
[tight-lio] t=1317401321.974 corr=3584 lidar=ok rms=0.0618 time=93.11 ms | v=4.339 bg=0.00151 ba=0.57688
[tight-lio] t=1317401322.078 corr=3907 lidar=ok rms=0.0397 time=64.76 ms | v=4.316 bg=0.00151 ba=0.57731
[tight-lio] t=1317401322.182 corr=3360 lidar=ok rms=0.0527 time=86.93 ms | v=4.289 bg=0.00151 ba=0.57714
[tight-lio] t=1317401322.286 corr=3363 lidar=ok rms=0.0512 time=56.59 ms | v=4.254 bg=0.00151 ba=0.57730
[tight-lio] t=1317401322.390 corr=3166 lidar=ok rms=0.0390 time=63.35 ms | v=4.214 bg=0.00146 ba=0.57760
[tight-lio] t=1317401322.494 corr=2912 lidar=ok rms=0.0477 time=62.35 ms | v=4.183 bg=0.00147 ba=0.57706
[tight-lio] t=1317401322.598 corr=2876 lidar=ok rms=0.0557 time=60.53 ms | v=4.161 bg=0.00144 ba=0.57671
[tight-lio] t=1317401322.702 corr=3151 lidar=ok rms=0.0343 time=61.05 ms | v=4.140 bg=0.00147 ba=0.57708
[tight-lio] t=1317401322.806 corr=2868 lidar=ok rms=0.0387 time=61.24 ms | v=4.128 bg=0.00149 ba=0.57805
[tight-lio] t=1317401322.910 corr=3113 lidar=ok rms=0.0442 time=61.20 ms | v=4.170 bg=0.00145 ba=0.57883
[tight-lio] t=1317401323.014 corr=3403 lidar=ok rms=0.0407 time=69.80 ms | v=4.235 bg=0.00140 ba=0.58007
[tight-lio] t=1317401323.119 corr=3149 lidar=ok rms=0.0414 time=57.38 ms | v=4.317 bg=0.00140 ba=0.58024
[tight-lio] t=1317401323.223 corr=3072 lidar=ok rms=0.0488 time=60.06 ms | v=4.405 bg=0.00138 ba=0.58023
[tight-lio] t=1317401323.327 corr=3225 lidar=ok rms=0.0310 time=85.08 ms | v=4.464 bg=0.00138 ba=0.58148
[tight-lio] t=1317401323.431 corr=3360 lidar=ok rms=0.0313 time=64.59 ms | v=4.526 bg=0.00142 ba=0.58215
[tight-lio] t=1317401323.535 corr=3221 lidar=ok rms=0.0311 time=61.60 ms | v=4.597 bg=0.00148 ba=0.58247
[tight-lio] t=1317401323.639 corr=3512 lidar=ok rms=0.0374 time=91.59 ms | v=4.671 bg=0.00144 ba=0.58449
[tight-lio] t=1317401323.743 corr=3324 lidar=ok rms=0.0315 time=90.69 ms | v=4.755 bg=0.00126 ba=0.58490
[tight-lio] t=1317401323.847 corr=3107 lidar=ok rms=0.0341 time=62.83 ms | v=4.841 bg=0.00118 ba=0.58489
[tight-lio] t=1317401323.951 corr=3178 lidar=ok rms=0.0345 time=87.68 ms | v=4.936 bg=0.00132 ba=0.58506
[tight-lio] t=1317401324.055 corr=3054 lidar=ok rms=0.0424 time=89.93 ms | v=5.038 bg=0.00151 ba=0.58570
[tight-lio] t=1317401324.159 corr=2997 lidar=ok rms=0.0292 time=78.23 ms | v=5.137 bg=0.00145 ba=0.58635
[tight-lio] t=1317401324.263 corr=2821 lidar=ok rms=0.0370 time=77.06 ms | v=5.230 bg=0.00136 ba=0.58679
[tight-lio] t=1317401324.367 corr=2728 lidar=ok rms=0.0328 time=82.00 ms | v=5.336 bg=0.00128 ba=0.58754
[tight-lio] t=1317401324.471 corr=2808 lidar=ok rms=0.0351 time=82.17 ms | v=5.449 bg=0.00121 ba=0.58838
[tight-lio] t=1317401324.574 corr=2716 lidar=ok rms=0.0445 time=59.64 ms | v=5.551 bg=0.00117 ba=0.58943
[tight-lio] t=1317401324.678 corr=2709 lidar=ok rms=0.0960 time=79.53 ms | v=5.635 bg=0.00116 ba=0.59124
[tight-lio] t=1317401324.782 corr=2881 lidar=ok rms=0.0538 time=82.29 ms | v=5.749 bg=0.00114 ba=0.59163
[tight-lio] t=1317401324.886 corr=3043 lidar=ok rms=0.0579 time=63.03 ms | v=5.862 bg=0.00115 ba=0.59137
[tight-lio] t=1317401324.990 corr=3672 lidar=ok rms=0.0401 time=90.08 ms | v=5.952 bg=0.00112 ba=0.59261
[tight-lio] t=1317401325.094 corr=3285 lidar=ok rms=0.0340 time=88.87 ms | v=6.060 bg=0.00122 ba=0.59364
[tight-lio] t=1317401325.197 corr=3443 lidar=ok rms=0.0368 time=89.03 ms | v=6.155 bg=0.00136 ba=0.59614
[tight-lio] t=1317401325.301 corr=3445 lidar=ok rms=0.0384 time=90.78 ms | v=6.246 bg=0.00144 ba=0.59853
[tight-lio] t=1317401325.405 corr=3854 lidar=ok rms=0.0339 time=91.88 ms | v=6.347 bg=0.00140 ba=0.60040
[tight-lio] t=1317401325.509 corr=3736 lidar=ok rms=0.0412 time=93.56 ms | v=6.410 bg=0.00128 ba=0.60348
[tight-lio] t=1317401325.613 corr=4328 lidar=ok rms=0.0319 time=102.60 ms | v=6.469 bg=0.00126 ba=0.60605
[tight-lio] t=1317401325.717 corr=4803 lidar=ok rms=0.0327 time=104.71 ms | v=6.526 bg=0.00128 ba=0.60784
[tight-lio] t=1317401325.821 corr=4742 lidar=ok rms=0.0351 time=100.31 ms | v=6.610 bg=0.00142 ba=0.60802
[tight-lio] t=1317401325.925 corr=4467 lidar=ok rms=0.0365 time=94.37 ms | v=6.695 bg=0.00155 ba=0.60803
[tight-lio] t=1317401326.029 corr=4587 lidar=ok rms=0.0347 time=102.23 ms | v=6.774 bg=0.00162 ba=0.60890
[tight-lio] t=1317401326.133 corr=5018 lidar=ok rms=0.0344 time=118.53 ms | v=6.877 bg=0.00173 ba=0.60831
[tight-lio] t=1317401326.238 corr=4657 lidar=ok rms=0.0332 time=64.85 ms | v=6.979 bg=0.00173 ba=0.60807
[tight-lio] t=1317401326.342 corr=4140 lidar=ok rms=0.0492 time=92.90 ms | v=7.053 bg=0.00172 ba=0.60998
[tight-lio] t=1317401326.446 corr=4027 lidar=ok rms=0.0341 time=83.51 ms | v=7.150 bg=0.00170 ba=0.61026
[tight-lio] t=1317401326.550 corr=3510 lidar=ok rms=0.0320 time=54.12 ms | v=7.275 bg=0.00177 ba=0.60831
[tight-lio] t=1317401326.654 corr=3797 lidar=ok rms=0.0312 time=79.02 ms | v=7.366 bg=0.00185 ba=0.60925
[tight-lio] t=1317401326.758 corr=3665 lidar=ok rms=0.0444 time=55.60 ms | v=7.476 bg=0.00182 ba=0.60831
[tight-lio] t=1317401326.862 corr=4038 lidar=ok rms=0.0420 time=85.96 ms | v=7.576 bg=0.00177 ba=0.60833
[tight-lio] t=1317401326.966 corr=3713 lidar=ok rms=0.0284 time=87.37 ms | v=7.677 bg=0.00171 ba=0.60807
[tight-lio] t=1317401327.070 corr=3563 lidar=ok rms=0.0245 time=59.65 ms | v=7.779 bg=0.00162 ba=0.60839
[tight-lio] t=1317401327.174 corr=3088 lidar=ok rms=0.0268 time=55.47 ms | v=7.884 bg=0.00154 ba=0.60820
[tight-lio] t=1317401327.278 corr=2943 lidar=ok rms=0.0418 time=83.67 ms | v=7.979 bg=0.00131 ba=0.60894
[tight-lio] t=1317401327.382 corr=3196 lidar=ok rms=0.0389 time=75.39 ms | v=8.082 bg=0.00128 ba=0.60977
[tight-lio] t=1317401327.486 corr=3274 lidar=ok rms=0.0435 time=71.83 ms | v=8.182 bg=0.00130 ba=0.61041
[tight-lio] t=1317401327.590 corr=3147 lidar=ok rms=0.0335 time=75.36 ms | v=8.258 bg=0.00134 ba=0.61245
[tight-lio] t=1317401327.694 corr=3362 lidar=ok rms=0.0247 time=75.38 ms | v=8.348 bg=0.00137 ba=0.61210
[tight-lio] t=1317401327.798 corr=3360 lidar=ok rms=0.0443 time=61.31 ms | v=8.430 bg=0.00145 ba=0.61231
[tight-lio] t=1317401327.901 corr=3450 lidar=ok rms=0.0277 time=86.83 ms | v=8.466 bg=0.00162 ba=0.61380
[tight-lio] t=1317401328.005 corr=3049 lidar=ok rms=0.0318 time=79.09 ms | v=8.478 bg=0.00163 ba=0.61586
[tight-lio] t=1317401328.109 corr=2840 lidar=ok rms=0.0307 time=81.80 ms | v=8.481 bg=0.00151 ba=0.61678
[tight-lio] t=1317401328.213 corr=2594 lidar=ok rms=0.0316 time=77.13 ms | v=8.457 bg=0.00135 ba=0.61864
[tight-lio] t=1317401328.317 corr=2506 lidar=ok rms=0.0408 time=94.14 ms | v=8.431 bg=0.00124 ba=0.61997
[tight-lio] t=1317401328.421 corr=2790 lidar=ok rms=0.0400 time=84.01 ms | v=8.425 bg=0.00127 ba=0.61991
[tight-lio] t=1317401328.525 corr=2749 lidar=ok rms=0.0301 time=58.01 ms | v=8.403 bg=0.00136 ba=0.62161
[tight-lio] t=1317401328.628 corr=2917 lidar=ok rms=0.0327 time=85.81 ms | v=8.377 bg=0.00141 ba=0.62326
[tight-lio] t=1317401328.732 corr=2811 lidar=ok rms=0.0299 time=60.15 ms | v=8.358 bg=0.00127 ba=0.62384
[tight-lio] t=1317401328.836 corr=2572 lidar=ok rms=0.0349 time=50.23 ms | v=8.351 bg=0.00127 ba=0.62353
[tight-lio] t=1317401328.940 corr=2357 lidar=ok rms=0.0328 time=67.54 ms | v=8.333 bg=0.00121 ba=0.62348
[tight-lio] t=1317401329.044 corr=2299 lidar=ok rms=0.0336 time=49.46 ms | v=8.312 bg=0.00120 ba=0.62365
[tight-lio] t=1317401329.148 corr=3249 lidar=ok rms=0.0278 time=56.33 ms | v=8.301 bg=0.00130 ba=0.62417
[tight-lio] t=1317401329.252 corr=3661 lidar=ok rms=0.0301 time=85.93 ms | v=8.279 bg=0.00145 ba=0.62538
[tight-lio] t=1317401329.356 corr=3574 lidar=ok rms=0.0437 time=82.99 ms | v=8.243 bg=0.00143 ba=0.62570
[tight-lio] t=1317401329.460 corr=3220 lidar=ok rms=0.0493 time=79.44 ms | v=8.163 bg=0.00125 ba=0.62670
[tight-lio] t=1317401329.564 corr=3172 lidar=ok rms=0.0332 time=75.76 ms | v=8.095 bg=0.00122 ba=0.62613
[tight-lio] t=1317401329.668 corr=3193 lidar=ok rms=0.0331 time=70.04 ms | v=8.014 bg=0.00133 ba=0.62579
[tight-lio] t=1317401329.771 corr=3262 lidar=ok rms=0.0299 time=81.13 ms | v=7.886 bg=0.00135 ba=0.62649
[tight-lio] t=1317401329.875 corr=3487 lidar=ok rms=0.0318 time=83.45 ms | v=7.723 bg=0.00134 ba=0.62772
[tight-lio] t=1317401329.979 corr=3376 lidar=ok rms=0.0264 time=80.36 ms | v=7.560 bg=0.00137 ba=0.62826
[tight-lio] t=1317401330.083 corr=4069 lidar=ok rms=0.0615 time=69.97 ms | v=7.375 bg=0.00120 ba=0.63014
[tight-lio] t=1317401330.187 corr=4247 lidar=ok rms=0.0455 time=73.33 ms | v=7.186 bg=0.00121 ba=0.63140
[tight-lio] t=1317401330.291 corr=3778 lidar=ok rms=0.0497 time=90.12 ms | v=6.968 bg=0.00115 ba=0.63430
[tight-lio] t=1317401330.395 corr=3882 lidar=ok rms=0.0294 time=86.30 ms | v=6.785 bg=0.00115 ba=0.63494
[tight-lio] t=1317401330.499 corr=3622 lidar=ok rms=0.0438 time=56.11 ms | v=6.615 bg=0.00113 ba=0.63516
[tight-lio] t=1317401330.603 corr=3662 lidar=ok rms=0.0310 time=65.53 ms | v=6.427 bg=0.00111 ba=0.63691
[tight-lio] t=1317401330.707 corr=3544 lidar=ok rms=0.0294 time=91.91 ms | v=6.227 bg=0.00106 ba=0.63972
[tight-lio] t=1317401330.811 corr=3716 lidar=ok rms=0.0300 time=90.06 ms | v=6.025 bg=0.00105 ba=0.64304
[tight-lio] t=1317401330.915 corr=3470 lidar=ok rms=0.0319 time=78.35 ms | v=5.866 bg=0.00095 ba=0.64319
[tight-lio] t=1317401331.019 corr=3539 lidar=ok rms=0.0389 time=89.12 ms | v=5.726 bg=0.00094 ba=0.64454
[tight-lio] t=1317401331.123 corr=3562 lidar=ok rms=0.0497 time=62.47 ms | v=5.636 bg=0.00095 ba=0.64513
[tight-lio] t=1317401331.227 corr=3641 lidar=ok rms=0.0324 time=61.56 ms | v=5.551 bg=0.00101 ba=0.64546
[tight-lio] t=1317401331.331 corr=3757 lidar=ok rms=0.0349 time=63.10 ms | v=5.457 bg=0.00106 ba=0.64680
[tight-lio] t=1317401331.435 corr=3788 lidar=ok rms=0.0318 time=67.18 ms | v=5.371 bg=0.00114 ba=0.64703
[tight-lio] t=1317401331.539 corr=3680 lidar=ok rms=0.0401 time=89.66 ms | v=5.257 bg=0.00119 ba=0.64867
[tight-lio] t=1317401331.643 corr=3968 lidar=ok rms=0.0348 time=67.93 ms | v=5.144 bg=0.00120 ba=0.64880
[tight-lio] t=1317401331.747 corr=3670 lidar=ok rms=0.0358 time=89.03 ms | v=5.017 bg=0.00119 ba=0.64872
[tight-lio] t=1317401331.851 corr=3790 lidar=ok rms=0.0362 time=89.07 ms | v=4.876 bg=0.00125 ba=0.64904
[tight-lio] t=1317401331.955 corr=3636 lidar=ok rms=0.0392 time=66.95 ms | v=4.710 bg=0.00122 ba=0.64979
[tight-lio] t=1317401332.059 corr=3641 lidar=ok rms=0.0360 time=67.01 ms | v=4.516 bg=0.00117 ba=0.65107
[tight-lio] t=1317401332.163 corr=3810 lidar=ok rms=0.0364 time=97.47 ms | v=4.329 bg=0.00121 ba=0.65240
[tight-lio] t=1317401332.267 corr=3710 lidar=ok rms=0.0403 time=93.43 ms | v=4.172 bg=0.00132 ba=0.65325
[tight-lio] t=1317401332.371 corr=3774 lidar=ok rms=0.0295 time=92.87 ms | v=4.022 bg=0.00135 ba=0.65455
[tight-lio] t=1317401332.476 corr=3943 lidar=ok rms=0.0555 time=94.27 ms | v=3.864 bg=0.00134 ba=0.65609
[tight-lio] t=1317401332.580 corr=3769 lidar=ok rms=0.0307 time=92.33 ms | v=3.710 bg=0.00131 ba=0.65760
[tight-lio] t=1317401332.684 corr=3667 lidar=ok rms=0.0384 time=90.50 ms | v=3.567 bg=0.00137 ba=0.65796
[tight-lio] t=1317401332.788 corr=3749 lidar=ok rms=0.0431 time=93.19 ms | v=3.424 bg=0.00147 ba=0.65858
[tight-lio] t=1317401332.892 corr=3674 lidar=ok rms=0.0383 time=64.96 ms | v=3.279 bg=0.00156 ba=0.65899
[tight-lio] t=1317401332.997 corr=3667 lidar=ok rms=0.0340 time=89.95 ms | v=3.157 bg=0.00155 ba=0.65987
[tight-lio] t=1317401333.101 corr=3656 lidar=ok rms=0.0368 time=67.40 ms | v=3.057 bg=0.00158 ba=0.65992
[tight-lio] t=1317401333.205 corr=3688 lidar=ok rms=0.0419 time=83.12 ms | v=2.960 bg=0.00159 ba=0.66010
[tight-lio] t=1317401333.309 corr=3570 lidar=ok rms=0.0366 time=90.18 ms | v=2.867 bg=0.00161 ba=0.66001
[tight-lio] t=1317401333.413 corr=3534 lidar=ok rms=0.0345 time=65.84 ms | v=2.788 bg=0.00157 ba=0.65976
[tight-lio] t=1317401333.517 corr=3530 lidar=ok rms=0.0335 time=84.00 ms | v=2.728 bg=0.00156 ba=0.65941
[tight-lio] t=1317401333.622 corr=3382 lidar=ok rms=0.0364 time=89.79 ms | v=2.692 bg=0.00163 ba=0.65948
[tight-lio] t=1317401333.726 corr=3558 lidar=ok rms=0.0327 time=94.13 ms | v=2.676 bg=0.00172 ba=0.65973
[tight-lio] t=1317401333.830 corr=3616 lidar=ok rms=0.0334 time=92.62 ms | v=2.649 bg=0.00180 ba=0.66111
[tight-lio] t=1317401333.934 corr=3501 lidar=ok rms=0.0328 time=91.51 ms | v=2.630 bg=0.00193 ba=0.66196
[tight-lio] t=1317401334.038 corr=3572 lidar=ok rms=0.0358 time=92.81 ms | v=2.608 bg=0.00195 ba=0.66191
[tight-lio] t=1317401334.142 corr=3579 lidar=ok rms=0.0366 time=92.86 ms | v=2.578 bg=0.00191 ba=0.66262
[tight-lio] t=1317401334.246 corr=3545 lidar=ok rms=0.0393 time=96.98 ms | v=2.565 bg=0.00186 ba=0.66229
[tight-lio] t=1317401334.350 corr=3428 lidar=ok rms=0.0337 time=94.06 ms | v=2.549 bg=0.00179 ba=0.66355
[tight-lio] t=1317401334.454 corr=3610 lidar=ok rms=0.0371 time=95.83 ms | v=2.578 bg=0.00177 ba=0.66335
[tight-lio] t=1317401334.558 corr=3728 lidar=ok rms=0.0424 time=99.89 ms | v=2.649 bg=0.00173 ba=0.66182
[tight-lio] t=1317401334.662 corr=3450 lidar=ok rms=0.0327 time=95.94 ms | v=2.744 bg=0.00170 ba=0.66095
[tight-lio] t=1317401334.766 corr=3543 lidar=ok rms=0.0305 time=98.74 ms | v=2.850 bg=0.00167 ba=0.66018
[tight-lio] t=1317401334.870 corr=3560 lidar=ok rms=0.0320 time=98.65 ms | v=2.978 bg=0.00154 ba=0.65595
[tight-lio] t=1317401334.974 corr=3755 lidar=ok rms=0.0351 time=107.06 ms | v=3.111 bg=0.00123 ba=0.64992
[tight-lio] t=1317401335.078 corr=3526 lidar=ok rms=0.0357 time=107.26 ms | v=3.178 bg=0.00102 ba=0.64493
[tight-lio] t=1317401335.181 corr=3489 lidar=ok rms=0.0428 time=97.82 ms | v=3.099 bg=0.00108 ba=0.64392
[tight-lio] t=1317401335.285 corr=3342 lidar=ok rms=0.0540 time=68.24 ms | v=2.954 bg=0.00119 ba=0.64503
[tight-lio] t=1317401335.389 corr=3431 lidar=ok rms=0.0597 time=97.76 ms | v=2.792 bg=0.00125 ba=0.64403
[tight-lio] t=1317401335.492 corr=3420 lidar=ok rms=0.0402 time=103.84 ms | v=2.587 bg=0.00134 ba=0.64515
[tight-lio] t=1317401335.596 corr=3343 lidar=ok rms=0.0447 time=92.16 ms | v=2.401 bg=0.00139 ba=0.64936
[tight-lio] t=1317401335.699 corr=3417 lidar=ok rms=0.0443 time=96.45 ms | v=2.289 bg=0.00145 ba=0.65049
[tight-lio] t=1317401335.803 corr=3352 lidar=ok rms=0.0562 time=97.23 ms | v=2.238 bg=0.00171 ba=0.65084
[tight-lio] t=1317401335.907 corr=3109 lidar=ok rms=0.0529 time=90.15 ms | v=2.162 bg=0.00195 ba=0.65508
[tight-lio] t=1317401336.010 corr=2988 lidar=ok rms=0.0486 time=91.98 ms | v=2.102 bg=0.00206 ba=0.65839
[tight-lio] t=1317401336.114 corr=2958 lidar=ok rms=0.0600 time=90.94 ms | v=2.023 bg=0.00230 ba=0.66229
[tight-lio] t=1317401336.218 corr=3098 lidar=ok rms=0.0743 time=90.67 ms | v=1.911 bg=0.00242 ba=0.66892
[tight-lio] t=1317401336.321 corr=3043 lidar=ok rms=0.0897 time=97.98 ms | v=1.809 bg=0.00243 ba=0.67844
[tight-lio] t=1317401336.425 corr=3340 lidar=ok rms=0.0815 time=99.90 ms | v=1.743 bg=0.00244 ba=0.68650
[tight-lio] t=1317401336.529 corr=3192 lidar=ok rms=0.0875 time=92.57 ms | v=1.698 bg=0.00247 ba=0.68768
[tight-lio] t=1317401336.632 corr=3152 lidar=ok rms=0.0688 time=94.15 ms | v=1.674 bg=0.00253 ba=0.68768
[tight-lio] t=1317401336.736 corr=3089 lidar=ok rms=0.0704 time=92.74 ms | v=1.660 bg=0.00251 ba=0.68671
[tight-lio] t=1317401336.840 corr=3271 lidar=ok rms=0.0717 time=95.98 ms | v=1.654 bg=0.00243 ba=0.68392
[tight-lio] t=1317401336.944 corr=3140 lidar=ok rms=0.0634 time=97.24 ms | v=1.639 bg=0.00250 ba=0.68255
[tight-lio] t=1317401337.048 corr=3068 lidar=ok rms=0.0563 time=114.75 ms | v=1.628 bg=0.00251 ba=0.68154
[tight-lio] t=1317401337.151 corr=3032 lidar=ok rms=0.0575 time=98.29 ms | v=1.637 bg=0.00248 ba=0.68079
[tight-lio] t=1317401337.255 corr=3026 lidar=ok rms=0.0634 time=92.71 ms | v=1.680 bg=0.00253 ba=0.67863
[tight-lio] t=1317401337.359 corr=2976 lidar=ok rms=0.0515 time=89.49 ms | v=1.741 bg=0.00261 ba=0.67807
[tight-lio] t=1317401337.463 corr=3064 lidar=ok rms=0.0573 time=66.79 ms | v=1.814 bg=0.00268 ba=0.67766
[tight-lio] t=1317401337.566 corr=2962 lidar=ok rms=0.0474 time=63.82 ms | v=1.870 bg=0.00266 ba=0.67920
[tight-lio] t=1317401337.670 corr=3038 lidar=ok rms=0.0466 time=95.94 ms | v=1.890 bg=0.00261 ba=0.68125
[tight-lio] t=1317401337.774 corr=3318 lidar=ok rms=0.0466 time=98.99 ms | v=1.903 bg=0.00240 ba=0.68333
[tight-lio] t=1317401337.878 corr=3389 lidar=ok rms=0.0440 time=112.70 ms | v=1.914 bg=0.00210 ba=0.68593
[tight-lio] t=1317401337.982 corr=3227 lidar=ok rms=0.0380 time=95.24 ms | v=1.946 bg=0.00173 ba=0.68683
[tight-lio] t=1317401338.086 corr=3361 lidar=ok rms=0.0626 time=103.46 ms | v=1.993 bg=0.00150 ba=0.68625
[tight-lio] t=1317401338.191 corr=3104 lidar=ok rms=0.0423 time=100.29 ms | v=2.048 bg=0.00135 ba=0.68627
[tight-lio] t=1317401338.295 corr=3276 lidar=ok rms=0.0713 time=94.75 ms | v=2.091 bg=0.00116 ba=0.68488
[tight-lio] t=1317401338.399 corr=3132 lidar=ok rms=0.0517 time=66.18 ms | v=2.162 bg=0.00098 ba=0.68511
[tight-lio] t=1317401338.503 corr=3036 lidar=ok rms=0.0517 time=99.85 ms | v=2.313 bg=0.00086 ba=0.68466
[tight-lio] t=1317401338.608 corr=3187 lidar=ok rms=0.0526 time=92.79 ms | v=2.531 bg=0.00067 ba=0.68073
[tight-lio] t=1317401338.712 corr=3078 lidar=ok rms=0.0499 time=92.17 ms | v=2.719 bg=0.00057 ba=0.67764
[tight-lio] t=1317401338.816 corr=2998 lidar=ok rms=0.0492 time=90.12 ms | v=2.836 bg=0.00057 ba=0.67774
[tight-lio] t=1317401338.921 corr=2929 lidar=ok rms=0.0530 time=95.74 ms | v=2.952 bg=0.00093 ba=0.67849
[tight-lio] t=1317401339.025 corr=3259 lidar=ok rms=0.0591 time=100.70 ms | v=3.099 bg=0.00107 ba=0.67706
[tight-lio] t=1317401339.130 corr=3420 lidar=ok rms=0.0601 time=104.37 ms | v=3.216 bg=0.00129 ba=0.67787
[tight-lio] t=1317401339.234 corr=3739 lidar=ok rms=0.0441 time=101.20 ms | v=3.307 bg=0.00160 ba=0.67891
[tight-lio] t=1317401339.339 corr=3548 lidar=ok rms=0.0559 time=96.22 ms | v=3.454 bg=0.00165 ba=0.67694
[tight-lio] t=1317401339.443 corr=3524 lidar=ok rms=0.0599 time=95.85 ms | v=3.606 bg=0.00155 ba=0.67349
[tight-lio] t=1317401339.547 corr=3555 lidar=ok rms=0.0381 time=93.08 ms | v=3.740 bg=0.00171 ba=0.67192
[tight-lio] t=1317401339.652 corr=3463 lidar=ok rms=0.0557 time=95.46 ms | v=3.909 bg=0.00189 ba=0.66782
[tight-lio] t=1317401339.756 corr=3641 lidar=ok rms=0.0559 time=99.20 ms | v=4.093 bg=0.00202 ba=0.66417
[tight-lio] t=1317401339.860 corr=3130 lidar=ok rms=0.0400 time=89.62 ms | v=4.234 bg=0.00178 ba=0.66380
[tight-lio] t=1317401339.964 corr=3029 lidar=ok rms=0.0415 time=89.06 ms | v=4.354 bg=0.00149 ba=0.66446
[tight-lio] t=1317401340.068 corr=3211 lidar=ok rms=0.0445 time=90.47 ms | v=4.497 bg=0.00120 ba=0.66488
[tight-lio] t=1317401340.172 corr=3287 lidar=ok rms=0.0393 time=84.07 ms | v=4.683 bg=0.00100 ba=0.66367
[tight-lio] t=1317401340.276 corr=3272 lidar=ok rms=0.0394 time=84.83 ms | v=4.873 bg=0.00089 ba=0.66404
[tight-lio] t=1317401340.380 corr=3369 lidar=ok rms=0.0564 time=91.13 ms | v=5.061 bg=0.00091 ba=0.66612
[tight-lio] t=1317401340.485 corr=3255 lidar=ok rms=0.0448 time=91.28 ms | v=5.282 bg=0.00101 ba=0.66656
[tight-lio] t=1317401340.589 corr=3276 lidar=ok rms=0.0569 time=88.35 ms | v=5.501 bg=0.00109 ba=0.66719
[tight-lio] t=1317401340.693 corr=3521 lidar=ok rms=0.0426 time=89.83 ms | v=5.746 bg=0.00111 ba=0.66726
[tight-lio] t=1317401340.796 corr=3375 lidar=ok rms=0.0402 time=87.26 ms | v=5.954 bg=0.00102 ba=0.66839
[tight-lio] t=1317401340.900 corr=3389 lidar=ok rms=0.0533 time=89.60 ms | v=6.167 bg=0.00079 ba=0.66791
[tight-lio] t=1317401341.004 corr=3720 lidar=ok rms=0.0631 time=94.91 ms | v=6.366 bg=0.00067 ba=0.66815
[tight-lio] t=1317401341.108 corr=3628 lidar=ok rms=0.0477 time=81.76 ms | v=6.542 bg=0.00063 ba=0.67079
[tight-lio] t=1317401341.212 corr=3681 lidar=ok rms=0.0510 time=96.05 ms | v=6.709 bg=0.00065 ba=0.67471
[tight-lio] t=1317401341.316 corr=3703 lidar=ok rms=0.0424 time=91.11 ms | v=6.902 bg=0.00082 ba=0.67736
[tight-lio] t=1317401341.420 corr=3256 lidar=ok rms=0.0537 time=90.99 ms | v=7.088 bg=0.00086 ba=0.68019
[tight-lio] t=1317401341.524 corr=3346 lidar=ok rms=0.0402 time=88.45 ms | v=7.284 bg=0.00096 ba=0.68049
[tight-lio] t=1317401341.628 corr=3250 lidar=ok rms=0.0642 time=84.78 ms | v=7.440 bg=0.00102 ba=0.68365
[tight-lio] t=1317401341.732 corr=2947 lidar=ok rms=0.0365 time=81.69 ms | v=7.619 bg=0.00096 ba=0.68346
[tight-lio] t=1317401341.836 corr=3229 lidar=ok rms=0.0501 time=86.75 ms | v=7.764 bg=0.00085 ba=0.68518
[tight-lio] t=1317401341.940 corr=3525 lidar=ok rms=0.0391 time=87.83 ms | v=7.912 bg=0.00060 ba=0.68583
[tight-lio] t=1317401342.044 corr=3570 lidar=ok rms=0.0617 time=114.19 ms | v=8.059 bg=0.00072 ba=0.68627
[tight-lio] t=1317401342.148 corr=3617 lidar=ok rms=0.0443 time=90.34 ms | v=8.198 bg=0.00097 ba=0.68824
[tight-lio] t=1317401342.252 corr=3290 lidar=ok rms=0.0560 time=90.89 ms | v=8.332 bg=0.00116 ba=0.68866
[tight-lio] t=1317401342.356 corr=3079 lidar=ok rms=0.0412 time=79.08 ms | v=8.406 bg=0.00102 ba=0.69221
[tight-lio] t=1317401342.459 corr=3157 lidar=ok rms=0.0716 time=84.58 ms | v=8.533 bg=0.00075 ba=0.68970
[tight-lio] t=1317401342.563 corr=3845 lidar=ok rms=0.0411 time=90.55 ms | v=8.639 bg=0.00072 ba=0.69035
[tight-lio] t=1317401342.667 corr=3597 lidar=ok rms=0.0472 time=87.19 ms | v=8.733 bg=0.00082 ba=0.69203
[tight-lio] t=1317401342.771 corr=3441 lidar=ok rms=0.0437 time=63.04 ms | v=8.825 bg=0.00081 ba=0.69374
[tight-lio] t=1317401342.875 corr=2926 lidar=ok rms=0.0408 time=84.22 ms | v=8.935 bg=0.00089 ba=0.69383
[tight-lio] t=1317401342.979 corr=3274 lidar=ok rms=0.0430 time=91.74 ms | v=8.977 bg=0.00117 ba=0.69775
[tight-lio] t=1317401343.083 corr=3181 lidar=ok rms=0.0468 time=88.44 ms | v=9.065 bg=0.00137 ba=0.69850
[tight-lio] t=1317401343.187 corr=3331 lidar=ok rms=0.0407 time=90.83 ms | v=9.124 bg=0.00121 ba=0.69956
[tight-lio] t=1317401343.290 corr=3024 lidar=ok rms=0.0443 time=84.47 ms | v=9.184 bg=0.00103 ba=0.70062
[tight-lio] t=1317401343.394 corr=3244 lidar=ok rms=0.0453 time=84.83 ms | v=9.240 bg=0.00104 ba=0.70315
[tight-lio] t=1317401343.498 corr=2965 lidar=ok rms=0.0414 time=84.23 ms | v=9.313 bg=0.00112 ba=0.70396
[tight-lio] t=1317401343.602 corr=3035 lidar=ok rms=0.0395 time=89.64 ms | v=9.372 bg=0.00119 ba=0.70606
[tight-lio] t=1317401343.706 corr=3092 lidar=ok rms=0.0432 time=94.25 ms | v=9.422 bg=0.00105 ba=0.70808
[tight-lio] t=1317401343.810 corr=3103 lidar=ok rms=0.0421 time=83.37 ms | v=9.462 bg=0.00109 ba=0.70884
[tight-lio] t=1317401343.914 corr=3400 lidar=ok rms=0.0773 time=65.39 ms | v=9.503 bg=0.00120 ba=0.70748
[tight-lio] t=1317401344.018 corr=3266 lidar=ok rms=0.0421 time=89.38 ms | v=9.513 bg=0.00126 ba=0.70700
[tight-lio] t=1317401344.122 corr=3684 lidar=ok rms=0.0420 time=93.27 ms | v=9.483 bg=0.00128 ba=0.70887
[tight-lio] t=1317401344.225 corr=3653 lidar=ok rms=0.0416 time=93.14 ms | v=9.450 bg=0.00110 ba=0.71058
[tight-lio] t=1317401344.329 corr=3227 lidar=ok rms=0.0394 time=93.05 ms | v=9.419 bg=0.00091 ba=0.71148
[tight-lio] t=1317401344.433 corr=3331 lidar=ok rms=0.0440 time=87.33 ms | v=9.410 bg=0.00098 ba=0.71152
[tight-lio] t=1317401344.537 corr=2979 lidar=ok rms=0.0398 time=87.66 ms | v=9.404 bg=0.00105 ba=0.71163
[tight-lio] t=1317401344.641 corr=2582 lidar=ok rms=0.0341 time=81.31 ms | v=9.407 bg=0.00115 ba=0.71162
[tight-lio] t=1317401344.745 corr=2661 lidar=ok rms=0.0373 time=85.16 ms | v=9.381 bg=0.00120 ba=0.71367
[tight-lio] t=1317401344.849 corr=2543 lidar=ok rms=0.0402 time=83.18 ms | v=9.353 bg=0.00125 ba=0.71510
[tight-lio] t=1317401344.953 corr=2349 lidar=ok rms=0.0365 time=83.22 ms | v=9.322 bg=0.00109 ba=0.71604
[tight-lio] t=1317401345.056 corr=2708 lidar=ok rms=0.0487 time=86.14 ms | v=9.275 bg=0.00093 ba=0.71670
[tight-lio] t=1317401345.160 corr=2649 lidar=ok rms=0.0434 time=85.61 ms | v=9.224 bg=0.00081 ba=0.71800
[tight-lio] t=1317401345.264 corr=2456 lidar=ok rms=0.0365 time=77.68 ms | v=9.170 bg=0.00081 ba=0.72016
[tight-lio] t=1317401345.368 corr=2868 lidar=ok rms=0.0455 time=87.43 ms | v=9.129 bg=0.00091 ba=0.72245
[tight-lio] t=1317401345.472 corr=2242 lidar=ok rms=0.0376 time=79.59 ms | v=9.080 bg=0.00103 ba=0.72390
[tight-lio] t=1317401345.576 corr=2266 lidar=ok rms=0.1131 time=80.02 ms | v=9.024 bg=0.00130 ba=0.72422
[tight-lio] t=1317401345.680 corr=2539 lidar=ok rms=0.0353 time=82.08 ms | v=8.942 bg=0.00134 ba=0.72414
[tight-lio] t=1317401345.784 corr=2438 lidar=ok rms=0.0713 time=78.78 ms | v=8.832 bg=0.00119 ba=0.72353
[tight-lio] t=1317401345.888 corr=2348 lidar=ok rms=0.0281 time=81.74 ms | v=8.677 bg=0.00104 ba=0.72451
[tight-lio] t=1317401345.991 corr=2314 lidar=ok rms=0.0333 time=81.09 ms | v=8.474 bg=0.00096 ba=0.72705
[tight-lio] t=1317401346.095 corr=2304 lidar=ok rms=0.0676 time=82.28 ms | v=8.270 bg=0.00089 ba=0.72868
[tight-lio] t=1317401346.199 corr=2291 lidar=ok rms=0.0482 time=82.02 ms | v=8.041 bg=0.00088 ba=0.73120
[tight-lio] t=1317401346.303 corr=2257 lidar=ok rms=0.0406 time=81.86 ms | v=7.802 bg=0.00102 ba=0.73545
[tight-lio] t=1317401346.407 corr=2049 lidar=ok rms=0.0466 time=56.49 ms | v=7.558 bg=0.00113 ba=0.73828
[tight-lio] t=1317401346.511 corr=2267 lidar=ok rms=0.0847 time=78.47 ms | v=7.290 bg=0.00104 ba=0.74142
[tight-lio] t=1317401346.615 corr=2243 lidar=ok rms=0.0876 time=78.54 ms | v=7.016 bg=0.00088 ba=0.74411
[tight-lio] t=1317401346.719 corr=2192 lidar=ok rms=0.0823 time=80.16 ms | v=6.743 bg=0.00076 ba=0.74561
[tight-lio] t=1317401346.823 corr=2186 lidar=ok rms=0.0874 time=73.81 ms | v=6.492 bg=0.00086 ba=0.74617
[tight-lio] t=1317401346.927 corr=2031 lidar=ok rms=0.0321 time=75.22 ms | v=6.246 bg=0.00087 ba=0.74673
[tight-lio] t=1317401347.031 corr=2186 lidar=ok rms=0.0411 time=55.43 ms | v=5.985 bg=0.00082 ba=0.74690
[tight-lio] t=1317401347.135 corr=2168 lidar=ok rms=0.0314 time=78.57 ms | v=5.724 bg=0.00094 ba=0.74760
[tight-lio] t=1317401347.239 corr=2243 lidar=ok rms=0.0398 time=57.50 ms | v=5.465 bg=0.00101 ba=0.74818
[tight-lio] t=1317401347.343 corr=2220 lidar=ok rms=0.0342 time=79.21 ms | v=5.188 bg=0.00106 ba=0.75020
[tight-lio] t=1317401347.447 corr=2313 lidar=ok rms=0.0476 time=80.76 ms | v=4.901 bg=0.00108 ba=0.75335
[tight-lio] t=1317401347.551 corr=2180 lidar=ok rms=0.0388 time=84.83 ms | v=4.663 bg=0.00126 ba=0.75302
[tight-lio] t=1317401347.655 corr=2738 lidar=ok rms=0.0470 time=83.81 ms | v=4.427 bg=0.00131 ba=0.75261
[tight-lio] t=1317401347.759 corr=2566 lidar=ok rms=0.0467 time=59.43 ms | v=4.179 bg=0.00134 ba=0.75316
[tight-lio] t=1317401347.863 corr=2896 lidar=ok rms=0.0384 time=90.47 ms | v=3.988 bg=0.00152 ba=0.75265
[tight-lio] t=1317401347.968 corr=2982 lidar=ok rms=0.0366 time=90.00 ms | v=3.839 bg=0.00161 ba=0.75241
[tight-lio] t=1317401348.072 corr=2670 lidar=ok rms=0.0357 time=59.29 ms | v=3.733 bg=0.00171 ba=0.75191
[tight-lio] t=1317401348.176 corr=2765 lidar=ok rms=0.0276 time=67.11 ms | v=3.636 bg=0.00173 ba=0.75198
[tight-lio] t=1317401348.280 corr=2728 lidar=ok rms=0.0326 time=59.53 ms | v=3.558 bg=0.00181 ba=0.75223
[tight-lio] t=1317401348.384 corr=2579 lidar=ok rms=0.0408 time=84.04 ms | v=3.521 bg=0.00190 ba=0.75189
[tight-lio] t=1317401348.489 corr=2688 lidar=ok rms=0.0373 time=85.10 ms | v=3.479 bg=0.00202 ba=0.75220
[tight-lio] t=1317401348.593 corr=2741 lidar=ok rms=0.0349 time=87.58 ms | v=3.434 bg=0.00209 ba=0.75197
[tight-lio] t=1317401348.697 corr=2548 lidar=ok rms=0.0320 time=83.65 ms | v=3.393 bg=0.00219 ba=0.75162
[tight-lio] t=1317401348.801 corr=2797 lidar=ok rms=0.0314 time=87.53 ms | v=3.356 bg=0.00218 ba=0.75066
[tight-lio] t=1317401348.906 corr=2714 lidar=ok rms=0.0405 time=86.00 ms | v=3.316 bg=0.00224 ba=0.75005
[tight-lio] t=1317401349.010 corr=2878 lidar=ok rms=0.0340 time=85.27 ms | v=3.282 bg=0.00235 ba=0.75059
[tight-lio] t=1317401349.114 corr=2818 lidar=ok rms=0.0374 time=86.86 ms | v=3.277 bg=0.00260 ba=0.75080
[tight-lio] t=1317401349.218 corr=2975 lidar=ok rms=0.0365 time=87.94 ms | v=3.268 bg=0.00260 ba=0.75202
[tight-lio] t=1317401349.322 corr=3012 lidar=ok rms=0.0385 time=87.19 ms | v=3.271 bg=0.00246 ba=0.75084
[tight-lio] t=1317401349.427 corr=2954 lidar=ok rms=0.0315 time=87.66 ms | v=3.229 bg=0.00215 ba=0.75072
[tight-lio] t=1317401349.531 corr=2945 lidar=ok rms=0.0397 time=87.85 ms | v=3.198 bg=0.00195 ba=0.75099
[tight-lio] t=1317401349.635 corr=2643 lidar=ok rms=0.0776 time=85.83 ms | v=3.216 bg=0.00193 ba=0.75250
[tight-lio] t=1317401349.739 corr=2595 lidar=ok rms=0.0373 time=84.36 ms | v=3.259 bg=0.00181 ba=0.75483
[tight-lio] t=1317401349.843 corr=2715 lidar=ok rms=0.0345 time=86.63 ms | v=3.366 bg=0.00175 ba=0.75498
[tight-lio] t=1317401349.947 corr=2565 lidar=ok rms=0.0361 time=61.21 ms | v=3.499 bg=0.00171 ba=0.75381
[tight-lio] t=1317401350.051 corr=3154 lidar=ok rms=0.0465 time=100.53 ms | v=3.657 bg=0.00166 ba=0.75019
[tight-lio] t=1317401350.155 corr=2747 lidar=ok rms=0.0364 time=86.65 ms | v=3.792 bg=0.00161 ba=0.74946
[tight-lio] t=1317401350.259 corr=2766 lidar=ok rms=0.0387 time=87.32 ms | v=3.932 bg=0.00156 ba=0.74823
[tight-lio] t=1317401350.363 corr=2975 lidar=ok rms=0.0409 time=90.31 ms | v=4.085 bg=0.00163 ba=0.74787
[tight-lio] t=1317401350.467 corr=3238 lidar=ok rms=0.0374 time=67.73 ms | v=4.233 bg=0.00155 ba=0.74851
[tight-lio] t=1317401350.571 corr=2932 lidar=ok rms=0.0401 time=90.01 ms | v=4.406 bg=0.00138 ba=0.74819
[tight-lio] t=1317401350.674 corr=2985 lidar=ok rms=0.0578 time=98.14 ms | v=4.607 bg=0.00130 ba=0.74437
[tight-lio] t=1317401350.778 corr=2911 lidar=ok rms=0.0368 time=89.98 ms | v=4.803 bg=0.00157 ba=0.74319
[tight-lio] t=1317401350.882 corr=3054 lidar=ok rms=0.0438 time=92.15 ms | v=4.972 bg=0.00168 ba=0.74411
[tight-lio] t=1317401350.986 corr=2841 lidar=ok rms=0.0418 time=90.94 ms | v=5.116 bg=0.00155 ba=0.74508
[tight-lio] t=1317401351.090 corr=2874 lidar=ok rms=0.0465 time=93.38 ms | v=5.277 bg=0.00140 ba=0.74334
[tight-lio] t=1317401351.194 corr=3149 lidar=ok rms=0.0462 time=97.79 ms | v=5.456 bg=0.00133 ba=0.73989
[tight-lio] t=1317401351.298 corr=3146 lidar=ok rms=0.0535 time=109.26 ms | v=5.670 bg=0.00119 ba=0.73370
[tight-lio] t=1317401351.402 corr=2793 lidar=ok rms=0.0505 time=86.26 ms | v=5.826 bg=0.00126 ba=0.73342
[tight-lio] t=1317401351.505 corr=3074 lidar=ok rms=0.0655 time=103.96 ms | v=6.065 bg=0.00107 ba=0.72346
[tight-lio] t=1317401351.609 corr=2738 lidar=ok rms=0.0459 time=96.91 ms | v=6.233 bg=0.00090 ba=0.72020
[tight-lio] t=1317401351.713 corr=2950 lidar=ok rms=0.0334 time=93.01 ms | v=6.371 bg=0.00088 ba=0.72012
[tight-lio] t=1317401351.817 corr=2673 lidar=ok rms=0.0419 time=62.30 ms | v=6.494 bg=0.00094 ba=0.72153
[tight-lio] t=1317401351.921 corr=2800 lidar=ok rms=0.0323 time=97.84 ms | v=6.633 bg=0.00098 ba=0.72100
[tight-lio] t=1317401352.025 corr=2935 lidar=ok rms=0.0352 time=97.21 ms | v=6.801 bg=0.00107 ba=0.71728
[tight-lio] t=1317401352.129 corr=2964 lidar=ok rms=0.0480 time=68.10 ms | v=6.914 bg=0.00140 ba=0.71916
[tight-lio] t=1317401352.233 corr=2845 lidar=ok rms=0.0346 time=86.66 ms | v=7.054 bg=0.00160 ba=0.71861
[tight-lio] t=1317401352.336 corr=3007 lidar=ok rms=0.0344 time=94.35 ms | v=7.260 bg=0.00170 ba=0.71075
[tight-lio] t=1317401352.440 corr=2874 lidar=ok rms=0.0479 time=109.04 ms | v=7.404 bg=0.00204 ba=0.70741
[tight-lio] t=1317401352.544 corr=3031 lidar=ok rms=0.0384 time=93.33 ms | v=7.538 bg=0.00209 ba=0.70551
[tight-lio] t=1317401352.647 corr=2842 lidar=ok rms=0.0415 time=89.01 ms | v=7.690 bg=0.00232 ba=0.70375
[tight-lio] t=1317401352.751 corr=3518 lidar=ok rms=0.0413 time=96.50 ms | v=7.836 bg=0.00252 ba=0.70181
[tight-lio] t=1317401352.855 corr=3229 lidar=ok rms=0.0491 time=91.07 ms | v=7.960 bg=0.00277 ba=0.70057
[tight-lio] t=1317401352.958 corr=3279 lidar=ok rms=0.0482 time=105.11 ms | v=8.097 bg=0.00290 ba=0.69674
[tight-lio] t=1317401353.062 corr=3685 lidar=ok rms=0.0591 time=100.52 ms | v=8.210 bg=0.00281 ba=0.69288
[tight-lio] t=1317401353.166 corr=3600 lidar=ok rms=0.0419 time=97.89 ms | v=8.324 bg=0.00285 ba=0.68985
[tight-lio] t=1317401353.270 corr=3380 lidar=ok rms=0.0530 time=97.03 ms | v=8.492 bg=0.00305 ba=0.68270
[tight-lio] t=1317401353.373 corr=3500 lidar=ok rms=0.0305 time=95.68 ms | v=8.629 bg=0.00313 ba=0.67964
[tight-lio] t=1317401353.477 corr=3459 lidar=ok rms=0.0516 time=92.99 ms | v=8.789 bg=0.00315 ba=0.67516
[tight-lio] t=1317401353.581 corr=3608 lidar=ok rms=0.0392 time=94.29 ms | v=8.946 bg=0.00333 ba=0.66975
[tight-lio] t=1317401353.685 corr=3391 lidar=ok rms=0.0428 time=110.87 ms | v=9.099 bg=0.00352 ba=0.66482
[tight-lio] t=1317401353.788 corr=3249 lidar=ok rms=0.0443 time=93.60 ms | v=9.269 bg=0.00359 ba=0.66005
[tight-lio] t=1317401353.892 corr=3083 lidar=ok rms=0.0451 time=97.79 ms | v=9.427 bg=0.00359 ba=0.65671
[tight-lio] t=1317401353.996 corr=2818 lidar=ok rms=0.0385 time=88.33 ms | v=9.572 bg=0.00358 ba=0.65299
[tight-lio] t=1317401354.100 corr=2399 lidar=ok rms=0.0346 time=82.46 ms | v=9.688 bg=0.00361 ba=0.65057
[tight-lio] t=1317401354.204 corr=2077 lidar=ok rms=0.0342 time=78.61 ms | v=9.791 bg=0.00363 ba=0.64957
[tight-lio] t=1317401354.307 corr=1996 lidar=ok rms=0.0453 time=77.27 ms | v=9.870 bg=0.00373 ba=0.64881
[tight-lio] t=1317401354.411 corr=1947 lidar=ok rms=0.0618 time=78.92 ms | v=9.920 bg=0.00372 ba=0.64952
[tight-lio] t=1317401354.515 corr=1813 lidar=ok rms=0.0507 time=78.39 ms | v=10.000 bg=0.00392 ba=0.64800
[tight-lio] t=1317401354.619 corr=1855 lidar=ok rms=0.0381 time=83.51 ms | v=10.097 bg=0.00409 ba=0.64493
[tight-lio] t=1317401354.723 corr=1775 lidar=ok rms=0.0746 time=79.23 ms | v=10.162 bg=0.00405 ba=0.64467
[tight-lio] t=1317401354.827 corr=1736 lidar=ok rms=0.0467 time=75.20 ms | v=10.215 bg=0.00402 ba=0.64434
[tight-lio] t=1317401354.930 corr=1969 lidar=ok rms=0.0807 time=87.87 ms | v=10.276 bg=0.00395 ba=0.64281
[tight-lio] t=1317401355.034 corr=2131 lidar=ok rms=0.0536 time=77.71 ms | v=10.326 bg=0.00392 ba=0.64159
[tight-lio] t=1317401355.138 corr=2167 lidar=ok rms=0.0647 time=78.80 ms | v=10.380 bg=0.00397 ba=0.64000
[tight-lio] t=1317401355.242 corr=2201 lidar=ok rms=0.0463 time=78.32 ms | v=10.405 bg=0.00388 ba=0.64117
[tight-lio] t=1317401355.346 corr=2074 lidar=ok rms=0.0384 time=78.93 ms | v=10.449 bg=0.00383 ba=0.64034
[tight-lio] t=1317401355.450 corr=2249 lidar=ok rms=0.0365 time=78.01 ms | v=10.554 bg=0.00390 ba=0.63415
[tight-lio] t=1317401355.554 corr=2135 lidar=ok rms=0.0555 time=78.88 ms | v=10.672 bg=0.00383 ba=0.62708
[tight-lio] t=1317401355.658 corr=2173 lidar=ok rms=0.0410 time=82.73 ms | v=10.705 bg=0.00394 ba=0.62669
[tight-lio] t=1317401355.762 corr=2217 lidar=ok rms=0.0460 time=87.65 ms | v=10.724 bg=0.00387 ba=0.62708
[tight-lio] t=1317401355.865 corr=2361 lidar=ok rms=0.0355 time=82.56 ms | v=10.763 bg=0.00392 ba=0.62427
[tight-lio] t=1317401355.969 corr=2366 lidar=ok rms=0.0402 time=81.67 ms | v=10.768 bg=0.00402 ba=0.62575
[tight-lio] t=1317401356.073 corr=2320 lidar=ok rms=0.0296 time=80.87 ms | v=10.822 bg=0.00414 ba=0.62259
[tight-lio] t=1317401356.177 corr=2662 lidar=ok rms=0.0354 time=90.02 ms | v=10.843 bg=0.00412 ba=0.62242
[tight-lio] t=1317401356.281 corr=2943 lidar=ok rms=0.0394 time=89.59 ms | v=10.880 bg=0.00401 ba=0.62018
[tight-lio] t=1317401356.385 corr=2648 lidar=ok rms=0.0502 time=86.61 ms | v=10.894 bg=0.00376 ba=0.61963
[tight-lio] t=1317401356.489 corr=2831 lidar=ok rms=0.0495 time=84.44 ms | v=10.889 bg=0.00387 ba=0.62256
[tight-lio] t=1317401356.593 corr=2696 lidar=ok rms=0.0514 time=87.94 ms | v=10.958 bg=0.00388 ba=0.61883
[tight-lio] t=1317401356.697 corr=2871 lidar=ok rms=0.0357 time=93.85 ms | v=11.022 bg=0.00396 ba=0.61750
[tight-lio] t=1317401356.801 corr=2809 lidar=ok rms=0.0366 time=91.67 ms | v=11.062 bg=0.00389 ba=0.61763
[tight-lio] t=1317401356.905 corr=2679 lidar=ok rms=0.0363 time=84.98 ms | v=11.112 bg=0.00390 ba=0.61711
[tight-lio] t=1317401357.009 corr=2559 lidar=ok rms=0.0406 time=83.92 ms | v=11.153 bg=0.00384 ba=0.61629
[tight-lio] t=1317401357.112 corr=2692 lidar=ok rms=0.0480 time=85.61 ms | v=11.188 bg=0.00372 ba=0.61649
[tight-lio] t=1317401357.216 corr=2780 lidar=ok rms=0.0357 time=86.98 ms | v=11.223 bg=0.00366 ba=0.61705
[tight-lio] t=1317401357.320 corr=2582 lidar=ok rms=0.0344 time=83.66 ms | v=11.250 bg=0.00358 ba=0.61832
[tight-lio] t=1317401357.424 corr=2577 lidar=ok rms=0.0364 time=93.08 ms | v=11.277 bg=0.00357 ba=0.62013
[tight-lio] t=1317401357.528 corr=2491 lidar=ok rms=0.0398 time=85.22 ms | v=11.342 bg=0.00354 ba=0.61996
[tight-lio] t=1317401357.632 corr=2635 lidar=ok rms=0.0580 time=88.18 ms | v=11.401 bg=0.00349 ba=0.61949
[tight-lio] t=1317401357.736 corr=2558 lidar=ok rms=0.0370 time=84.83 ms | v=11.421 bg=0.00339 ba=0.62096
[tight-lio] t=1317401357.839 corr=2587 lidar=ok rms=0.0424 time=85.09 ms | v=11.436 bg=0.00340 ba=0.62391
[tight-lio] t=1317401357.943 corr=2516 lidar=ok rms=0.0388 time=83.05 ms | v=11.445 bg=0.00342 ba=0.62744
[tight-lio] t=1317401358.047 corr=2670 lidar=ok rms=0.0398 time=85.95 ms | v=11.480 bg=0.00339 ba=0.62748
[tight-lio] t=1317401358.151 corr=2734 lidar=ok rms=0.0400 time=94.99 ms | v=11.501 bg=0.00339 ba=0.62762
[tight-lio] t=1317401358.254 corr=2614 lidar=ok rms=0.0596 time=89.56 ms | v=11.477 bg=0.00337 ba=0.63145
[tight-lio] t=1317401358.358 corr=2683 lidar=ok rms=0.0432 time=87.74 ms | v=11.489 bg=0.00338 ba=0.63268
[tight-lio] t=1317401358.462 corr=2721 lidar=ok rms=0.0429 time=92.14 ms | v=11.505 bg=0.00339 ba=0.63223
[tight-lio] t=1317401358.566 corr=2757 lidar=ok rms=0.0365 time=87.25 ms | v=11.469 bg=0.00330 ba=0.63483
[tight-lio] t=1317401358.669 corr=2468 lidar=ok rms=0.0545 time=84.41 ms | v=11.466 bg=0.00320 ba=0.63586
[tight-lio] t=1317401358.773 corr=2425 lidar=ok rms=0.0358 time=83.53 ms | v=11.456 bg=0.00311 ba=0.63714
[tight-lio] t=1317401358.877 corr=2516 lidar=ok rms=0.0439 time=83.49 ms | v=11.435 bg=0.00311 ba=0.63970
[tight-lio] t=1317401358.981 corr=2946 lidar=ok rms=0.0448 time=96.84 ms | v=11.448 bg=0.00315 ba=0.64033
[tight-lio] t=1317401359.084 corr=2811 lidar=ok rms=0.0396 time=85.47 ms | v=11.435 bg=0.00323 ba=0.64321
[tight-lio] t=1317401359.188 corr=3004 lidar=ok rms=0.0342 time=78.35 ms | v=11.419 bg=0.00316 ba=0.64415
[tight-lio] t=1317401359.292 corr=3070 lidar=ok rms=0.0348 time=88.08 ms | v=11.408 bg=0.00309 ba=0.64502
[tight-lio] t=1317401359.396 corr=3399 lidar=ok rms=0.0330 time=89.88 ms | v=11.396 bg=0.00306 ba=0.64611
[tight-lio] t=1317401359.500 corr=3655 lidar=ok rms=0.0369 time=92.95 ms | v=11.363 bg=0.00304 ba=0.64898
[tight-lio] t=1317401359.603 corr=3514 lidar=ok rms=0.0365 time=92.43 ms | v=11.338 bg=0.00302 ba=0.65080
[tight-lio] t=1317401359.707 corr=3766 lidar=ok rms=0.0298 time=83.70 ms | v=11.305 bg=0.00296 ba=0.65180
[tight-lio] t=1317401359.811 corr=3929 lidar=ok rms=0.0353 time=94.34 ms | v=11.252 bg=0.00295 ba=0.65490
[tight-lio] t=1317401359.915 corr=3991 lidar=ok rms=0.0614 time=95.45 ms | v=11.239 bg=0.00301 ba=0.65511
[tight-lio] t=1317401360.019 corr=3677 lidar=ok rms=0.0337 time=99.96 ms | v=11.237 bg=0.00301 ba=0.65501
[tight-lio] t=1317401360.123 corr=3417 lidar=ok rms=0.0310 time=89.72 ms | v=11.193 bg=0.00299 ba=0.65764
[tight-lio] t=1317401360.227 corr=3327 lidar=ok rms=0.0304 time=88.92 ms | v=11.149 bg=0.00295 ba=0.65907
[tight-lio] t=1317401360.330 corr=3373 lidar=ok rms=0.0341 time=98.86 ms | v=11.111 bg=0.00302 ba=0.65919
[tight-lio] t=1317401360.434 corr=3390 lidar=ok rms=0.0304 time=91.23 ms | v=11.069 bg=0.00303 ba=0.66053
[tight-lio] t=1317401360.538 corr=3062 lidar=ok rms=0.0308 time=88.05 ms | v=11.027 bg=0.00311 ba=0.66224
[tight-lio] t=1317401360.642 corr=3139 lidar=ok rms=0.0293 time=90.34 ms | v=10.976 bg=0.00310 ba=0.66491
[tight-lio] t=1317401360.746 corr=3158 lidar=ok rms=0.0297 time=89.99 ms | v=10.927 bg=0.00311 ba=0.66899
[tight-lio] t=1317401360.850 corr=3526 lidar=ok rms=0.0313 time=94.08 ms | v=10.889 bg=0.00307 ba=0.67121
[tight-lio] t=1317401360.954 corr=3389 lidar=ok rms=0.0374 time=91.66 ms | v=10.830 bg=0.00301 ba=0.67477
[tight-lio] t=1317401361.057 corr=3306 lidar=ok rms=0.0388 time=90.67 ms | v=10.798 bg=0.00297 ba=0.67676
[tight-lio] t=1317401361.161 corr=3241 lidar=ok rms=0.0405 time=89.98 ms | v=10.804 bg=0.00298 ba=0.67716
[tight-lio] t=1317401361.265 corr=3347 lidar=ok rms=0.0391 time=93.26 ms | v=10.802 bg=0.00299 ba=0.67786
[tight-lio] t=1317401361.369 corr=3165 lidar=ok rms=0.0437 time=97.76 ms | v=10.815 bg=0.00301 ba=0.67791
[tight-lio] t=1317401361.473 corr=3248 lidar=ok rms=0.0552 time=92.30 ms | v=10.824 bg=0.00299 ba=0.67905
[tight-lio] t=1317401361.577 corr=3411 lidar=ok rms=0.0544 time=95.02 ms | v=10.843 bg=0.00298 ba=0.68006
[tight-lio] t=1317401361.680 corr=3155 lidar=ok rms=0.0332 time=90.51 ms | v=10.847 bg=0.00296 ba=0.68152
[tight-lio] t=1317401361.784 corr=2954 lidar=ok rms=0.0304 time=87.91 ms | v=10.855 bg=0.00287 ba=0.68206
[tight-lio] t=1317401361.888 corr=3114 lidar=ok rms=0.0392 time=92.13 ms | v=10.854 bg=0.00282 ba=0.68445
[tight-lio] t=1317401361.992 corr=3059 lidar=ok rms=0.0343 time=90.76 ms | v=10.837 bg=0.00280 ba=0.68842
[tight-lio] t=1317401362.096 corr=3186 lidar=ok rms=0.0506 time=64.51 ms | v=10.834 bg=0.00289 ba=0.69061
[tight-lio] t=1317401362.199 corr=3026 lidar=ok rms=0.0519 time=88.79 ms | v=10.845 bg=0.00289 ba=0.69234
[tight-lio] t=1317401362.303 corr=3530 lidar=ok rms=0.0338 time=92.01 ms | v=10.860 bg=0.00295 ba=0.69426
[tight-lio] t=1317401362.407 corr=3319 lidar=ok rms=0.0341 time=92.51 ms | v=10.868 bg=0.00287 ba=0.69673
[tight-lio] t=1317401362.511 corr=3204 lidar=ok rms=0.0389 time=80.33 ms | v=10.868 bg=0.00281 ba=0.69943
[tight-lio] t=1317401362.615 corr=3074 lidar=ok rms=0.0409 time=86.88 ms | v=10.903 bg=0.00283 ba=0.70080
[tight-lio] t=1317401362.718 corr=2964 lidar=ok rms=0.0356 time=85.80 ms | v=10.940 bg=0.00289 ba=0.70210
[tight-lio] t=1317401362.822 corr=3037 lidar=ok rms=0.0421 time=79.10 ms | v=10.969 bg=0.00284 ba=0.70294
[tight-lio] t=1317401362.926 corr=3223 lidar=ok rms=0.0340 time=89.06 ms | v=10.968 bg=0.00283 ba=0.70508
[tight-lio] t=1317401363.030 corr=3023 lidar=ok rms=0.0418 time=86.66 ms | v=10.980 bg=0.00280 ba=0.70673
[tight-lio] t=1317401363.134 corr=2898 lidar=ok rms=0.0551 time=62.09 ms | v=10.983 bg=0.00279 ba=0.70849
[tight-lio] t=1317401363.238 corr=2729 lidar=ok rms=0.0432 time=84.07 ms | v=10.974 bg=0.00284 ba=0.71142
[tight-lio] t=1317401363.341 corr=2559 lidar=ok rms=0.0320 time=81.59 ms | v=10.985 bg=0.00285 ba=0.71249
[tight-lio] t=1317401363.445 corr=2405 lidar=ok rms=0.0395 time=79.76 ms | v=10.985 bg=0.00281 ba=0.71550
[tight-lio] t=1317401363.549 corr=2277 lidar=ok rms=0.0416 time=79.03 ms | v=10.995 bg=0.00287 ba=0.71855
[tight-lio] t=1317401363.653 corr=2137 lidar=ok rms=0.0412 time=75.66 ms | v=11.002 bg=0.00286 ba=0.72000
[tight-lio] t=1317401363.757 corr=2177 lidar=ok rms=0.0327 time=78.35 ms | v=11.004 bg=0.00285 ba=0.72205
[tight-lio] t=1317401363.861 corr=2114 lidar=ok rms=0.0361 time=76.01 ms | v=11.019 bg=0.00288 ba=0.72257
[tight-lio] t=1317401363.964 corr=2102 lidar=ok rms=0.0523 time=58.04 ms | v=11.031 bg=0.00280 ba=0.72403
[tight-lio] t=1317401364.068 corr=2119 lidar=ok rms=0.0390 time=77.27 ms | v=11.046 bg=0.00283 ba=0.72625
[tight-lio] t=1317401364.172 corr=2167 lidar=ok rms=0.0378 time=77.35 ms | v=11.030 bg=0.00279 ba=0.72920
[tight-lio] t=1317401364.276 corr=2180 lidar=ok rms=0.0427 time=118.52 ms | v=11.071 bg=0.00257 ba=0.72769
[tight-lio] t=1317401364.380 corr=2303 lidar=ok rms=0.0437 time=87.38 ms | v=11.050 bg=0.00254 ba=0.73124
[tight-lio] t=1317401364.483 corr=2315 lidar=ok rms=0.0408 time=79.51 ms | v=11.028 bg=0.00255 ba=0.73484
[tight-lio] t=1317401364.587 corr=2285 lidar=ok rms=0.0438 time=76.53 ms | v=11.012 bg=0.00255 ba=0.73653
[tight-lio] t=1317401364.691 corr=2088 lidar=ok rms=0.0473 time=77.64 ms | v=10.992 bg=0.00252 ba=0.73823
[tight-lio] t=1317401364.795 corr=2151 lidar=ok rms=0.0354 time=77.65 ms | v=10.948 bg=0.00260 ba=0.74249
[tight-lio] t=1317401364.899 corr=2334 lidar=ok rms=0.0378 time=79.61 ms | v=10.902 bg=0.00258 ba=0.74655
[tight-lio] t=1317401365.002 corr=2135 lidar=ok rms=0.0344 time=76.75 ms | v=10.877 bg=0.00252 ba=0.74830
[tight-lio] t=1317401365.106 corr=2006 lidar=ok rms=0.0438 time=75.64 ms | v=10.851 bg=0.00252 ba=0.75073
[tight-lio] t=1317401365.210 corr=2013 lidar=ok rms=0.0339 time=56.71 ms | v=10.845 bg=0.00249 ba=0.75206
[tight-lio] t=1317401365.314 corr=2194 lidar=ok rms=0.0422 time=82.32 ms | v=10.829 bg=0.00250 ba=0.75424
[tight-lio] t=1317401365.417 corr=2368 lidar=ok rms=0.0960 time=80.64 ms | v=10.840 bg=0.00248 ba=0.75407
[tight-lio] t=1317401365.521 corr=2160 lidar=ok rms=0.0326 time=84.79 ms | v=10.827 bg=0.00245 ba=0.75586
[tight-lio] t=1317401365.625 corr=2436 lidar=ok rms=0.0636 time=80.50 ms | v=10.792 bg=0.00249 ba=0.75988
[tight-lio] t=1317401365.729 corr=2429 lidar=ok rms=0.0480 time=82.85 ms | v=10.820 bg=0.00249 ba=0.75968
[tight-lio] t=1317401365.833 corr=2548 lidar=ok rms=0.0483 time=86.81 ms | v=10.833 bg=0.00256 ba=0.76041
[tight-lio] t=1317401365.936 corr=2428 lidar=ok rms=0.0410 time=83.85 ms | v=10.771 bg=0.00249 ba=0.76507
[tight-lio] t=1317401366.040 corr=2365 lidar=ok rms=0.0343 time=60.99 ms | v=10.766 bg=0.00236 ba=0.76566
[tight-lio] t=1317401366.144 corr=2510 lidar=ok rms=0.0500 time=85.32 ms | v=10.738 bg=0.00230 ba=0.76869
[tight-lio] t=1317401366.248 corr=2517 lidar=ok rms=0.0329 time=83.45 ms | v=10.732 bg=0.00234 ba=0.77089
[tight-lio] t=1317401366.351 corr=2403 lidar=ok rms=0.0495 time=84.30 ms | v=10.720 bg=0.00229 ba=0.77271
[tight-lio] t=1317401366.455 corr=2478 lidar=ok rms=0.0386 time=84.56 ms | v=10.720 bg=0.00230 ba=0.77514
[tight-lio] t=1317401366.559 corr=2502 lidar=ok rms=0.0427 time=83.10 ms | v=10.734 bg=0.00239 ba=0.77767
[tight-lio] t=1317401366.663 corr=2625 lidar=ok rms=0.0357 time=80.32 ms | v=10.739 bg=0.00233 ba=0.77840
[tight-lio] t=1317401366.767 corr=2552 lidar=ok rms=0.0400 time=86.02 ms | v=10.732 bg=0.00225 ba=0.77920
[tight-lio] t=1317401366.870 corr=2514 lidar=ok rms=0.0389 time=60.36 ms | v=10.720 bg=0.00210 ba=0.78122
[tight-lio] t=1317401366.974 corr=2438 lidar=ok rms=0.0356 time=82.31 ms | v=10.727 bg=0.00210 ba=0.78084
[tight-lio] t=1317401367.078 corr=2164 lidar=ok rms=0.0381 time=83.46 ms | v=10.731 bg=0.00216 ba=0.78135
[tight-lio] t=1317401367.182 corr=2376 lidar=ok rms=0.0542 time=80.90 ms | v=10.748 bg=0.00217 ba=0.78269
[tight-lio] t=1317401367.286 corr=2218 lidar=ok rms=0.0400 time=82.10 ms | v=10.737 bg=0.00209 ba=0.78416
[tight-lio] t=1317401367.390 corr=2565 lidar=ok rms=0.0383 time=61.87 ms | v=10.729 bg=0.00195 ba=0.78554
[tight-lio] t=1317401367.494 corr=2801 lidar=ok rms=0.0395 time=96.01 ms | v=10.713 bg=0.00195 ba=0.78923
[tight-lio] t=1317401367.597 corr=2401 lidar=ok rms=0.0392 time=59.34 ms | v=10.708 bg=0.00195 ba=0.79064
[tight-lio] t=1317401367.701 corr=2586 lidar=ok rms=0.0341 time=81.97 ms | v=10.712 bg=0.00206 ba=0.79248
[tight-lio] t=1317401367.805 corr=2466 lidar=ok rms=0.0394 time=83.77 ms | v=10.716 bg=0.00207 ba=0.79364
[tight-lio] t=1317401367.909 corr=2933 lidar=ok rms=0.0404 time=85.11 ms | v=10.687 bg=0.00195 ba=0.79668
[tight-lio] t=1317401368.013 corr=2737 lidar=ok rms=0.0344 time=85.90 ms | v=10.667 bg=0.00194 ba=0.79875
[tight-lio] t=1317401368.117 corr=2809 lidar=ok rms=0.0946 time=83.65 ms | v=10.665 bg=0.00201 ba=0.79998
[tight-lio] t=1317401368.221 corr=2853 lidar=ok rms=0.0363 time=83.42 ms | v=10.667 bg=0.00196 ba=0.80299
[tight-lio] t=1317401368.324 corr=3091 lidar=ok rms=0.0362 time=89.74 ms | v=10.635 bg=0.00196 ba=0.80735
[tight-lio] t=1317401368.428 corr=3016 lidar=ok rms=0.0359 time=82.20 ms | v=10.626 bg=0.00189 ba=0.80818
[tight-lio] t=1317401368.532 corr=2844 lidar=ok rms=0.0438 time=80.33 ms | v=10.570 bg=0.00183 ba=0.81183
[tight-lio] t=1317401368.636 corr=2822 lidar=ok rms=0.0279 time=75.17 ms | v=10.557 bg=0.00188 ba=0.81365
[tight-lio] t=1317401368.740 corr=2953 lidar=ok rms=0.0309 time=79.70 ms | v=10.533 bg=0.00196 ba=0.81845
[tight-lio] t=1317401368.844 corr=3313 lidar=ok rms=0.0468 time=77.45 ms | v=10.542 bg=0.00203 ba=0.82059
[tight-lio] t=1317401368.948 corr=3088 lidar=ok rms=0.0402 time=62.20 ms | v=10.550 bg=0.00203 ba=0.81968
[tight-lio] t=1317401369.051 corr=2804 lidar=ok rms=0.0397 time=60.24 ms | v=10.537 bg=0.00201 ba=0.82094
[tight-lio] t=1317401369.155 corr=2757 lidar=ok rms=0.0459 time=61.86 ms | v=10.517 bg=0.00195 ba=0.82177
[tight-lio] t=1317401369.259 corr=2764 lidar=ok rms=0.0392 time=84.59 ms | v=10.516 bg=0.00190 ba=0.82290
[tight-lio] t=1317401369.363 corr=2771 lidar=ok rms=0.0391 time=84.60 ms | v=10.501 bg=0.00187 ba=0.82430
[tight-lio] t=1317401369.467 corr=2715 lidar=ok rms=0.0446 time=87.23 ms | v=10.466 bg=0.00184 ba=0.82716
[tight-lio] t=1317401369.571 corr=2513 lidar=ok rms=0.0303 time=59.58 ms | v=10.465 bg=0.00186 ba=0.82736
[tight-lio] t=1317401369.675 corr=2524 lidar=ok rms=0.0329 time=58.76 ms | v=10.455 bg=0.00191 ba=0.82799
[tight-lio] t=1317401369.778 corr=2602 lidar=ok rms=0.0461 time=84.24 ms | v=10.436 bg=0.00193 ba=0.83007
[tight-lio] t=1317401369.882 corr=2638 lidar=ok rms=0.0343 time=88.49 ms | v=10.384 bg=0.00194 ba=0.83418
[tight-lio] t=1317401369.986 corr=3091 lidar=ok rms=0.0559 time=90.52 ms | v=10.352 bg=0.00193 ba=0.83845
[tight-lio] t=1317401370.090 corr=3169 lidar=ok rms=0.0476 time=92.57 ms | v=10.313 bg=0.00181 ba=0.83981
[tight-lio] t=1317401370.194 corr=3095 lidar=ok rms=0.0418 time=93.42 ms | v=10.297 bg=0.00169 ba=0.83934
[tight-lio] t=1317401370.298 corr=3214 lidar=ok rms=0.0386 time=95.93 ms | v=10.265 bg=0.00169 ba=0.84106
[tight-lio] t=1317401370.401 corr=2932 lidar=ok rms=0.0344 time=87.64 ms | v=10.263 bg=0.00180 ba=0.84109
[tight-lio] t=1317401370.505 corr=2574 lidar=ok rms=0.0479 time=110.34 ms | v=10.130 bg=0.00184 ba=0.84991
[tight-lio] t=1317401370.609 corr=2274 lidar=ok rms=0.0352 time=72.68 ms | v=10.115 bg=0.00184 ba=0.85153
[tight-lio] t=1317401370.713 corr=2575 lidar=ok rms=0.0340 time=83.22 ms | v=10.084 bg=0.00184 ba=0.85278
[tight-lio] t=1317401370.817 corr=2438 lidar=ok rms=0.0336 time=80.92 ms | v=10.072 bg=0.00177 ba=0.85246
[tight-lio] t=1317401370.920 corr=2654 lidar=ok rms=0.0470 time=86.00 ms | v=10.041 bg=0.00171 ba=0.85399
[tight-lio] t=1317401371.024 corr=2552 lidar=ok rms=0.0392 time=82.78 ms | v=10.002 bg=0.00177 ba=0.85565
[tight-lio] t=1317401371.128 corr=2484 lidar=ok rms=0.0353 time=59.70 ms | v=9.963 bg=0.00178 ba=0.85741
[tight-lio] t=1317401371.232 corr=2698 lidar=ok rms=0.0353 time=60.52 ms | v=9.936 bg=0.00177 ba=0.85696
[tight-lio] t=1317401371.335 corr=2645 lidar=ok rms=0.0338 time=81.04 ms | v=9.898 bg=0.00172 ba=0.85716
[tight-lio] t=1317401371.439 corr=2851 lidar=ok rms=0.0418 time=88.19 ms | v=9.895 bg=0.00176 ba=0.85556
[tight-lio] t=1317401371.543 corr=2780 lidar=ok rms=0.0480 time=60.59 ms | v=9.849 bg=0.00170 ba=0.85678
[tight-lio] t=1317401371.647 corr=2763 lidar=ok rms=0.0674 time=159.36 ms | v=9.816 bg=0.00178 ba=0.85833
[tight-lio] t=1317401371.751 corr=2958 lidar=ok rms=0.0373 time=87.79 ms | v=9.779 bg=0.00195 ba=0.85998
[tight-lio] t=1317401371.854 corr=2853 lidar=ok rms=0.0720 time=88.95 ms | v=9.715 bg=0.00206 ba=0.86246
[tight-lio] t=1317401371.958 corr=2841 lidar=ok rms=0.0319 time=86.92 ms | v=9.660 bg=0.00213 ba=0.86369
[tight-lio] t=1317401372.062 corr=3070 lidar=ok rms=0.0361 time=98.77 ms | v=9.614 bg=0.00216 ba=0.86339
[tight-lio] t=1317401372.165 corr=2895 lidar=ok rms=0.0385 time=89.90 ms | v=9.551 bg=0.00226 ba=0.86523
[tight-lio] t=1317401372.269 corr=3099 lidar=ok rms=0.0312 time=65.03 ms | v=9.528 bg=0.00239 ba=0.86506
[tight-lio] t=1317401372.373 corr=2802 lidar=ok rms=0.0415 time=96.74 ms | v=9.520 bg=0.00251 ba=0.86384
[tight-lio] t=1317401372.476 corr=3256 lidar=ok rms=0.0337 time=67.19 ms | v=9.487 bg=0.00252 ba=0.86374
[tight-lio] t=1317401372.580 corr=3069 lidar=ok rms=0.0328 time=64.48 ms | v=9.456 bg=0.00253 ba=0.86393
[tight-lio] t=1317401372.684 corr=3059 lidar=ok rms=0.0362 time=93.10 ms | v=9.351 bg=0.00253 ba=0.86881
[tight-lio] t=1317401372.788 corr=3376 lidar=ok rms=0.0358 time=60.86 ms | v=9.333 bg=0.00246 ba=0.86810
[tight-lio] t=1317401372.891 corr=3113 lidar=ok rms=0.0276 time=90.45 ms | v=9.327 bg=0.00247 ba=0.86824
[tight-lio] t=1317401372.995 corr=2938 lidar=ok rms=0.0331 time=119.47 ms | v=9.326 bg=0.00248 ba=0.86742
[tight-lio] t=1317401373.099 corr=3017 lidar=ok rms=0.0271 time=91.93 ms | v=9.327 bg=0.00253 ba=0.86784
[tight-lio] t=1317401373.202 corr=3040 lidar=ok rms=0.0375 time=67.36 ms | v=9.353 bg=0.00255 ba=0.86697
[tight-lio] t=1317401373.306 corr=2942 lidar=ok rms=0.0297 time=94.56 ms | v=9.369 bg=0.00243 ba=0.86662
[tight-lio] t=1317401373.410 corr=3127 lidar=ok rms=0.0423 time=93.41 ms | v=9.399 bg=0.00244 ba=0.86855
[tight-lio] t=1317401373.514 corr=3198 lidar=ok rms=0.0355 time=110.05 ms | v=9.410 bg=0.00223 ba=0.86769
[tight-lio] t=1317401373.617 corr=3253 lidar=ok rms=0.0329 time=71.29 ms | v=9.409 bg=0.00217 ba=0.87071
[tight-lio] t=1317401373.721 corr=3038 lidar=ok rms=0.0321 time=69.73 ms | v=9.426 bg=0.00209 ba=0.87318
[tight-lio] t=1317401373.825 corr=3053 lidar=ok rms=0.0290 time=69.22 ms | v=9.479 bg=0.00205 ba=0.87363
[tight-lio] t=1317401373.929 corr=3319 lidar=ok rms=0.0383 time=76.72 ms | v=9.538 bg=0.00208 ba=0.87298
[tight-lio] t=1317401374.033 corr=3074 lidar=ok rms=0.0273 time=99.02 ms | v=9.599 bg=0.00205 ba=0.87277
[tight-lio] t=1317401374.137 corr=3309 lidar=ok rms=0.0327 time=100.16 ms | v=9.622 bg=0.00196 ba=0.87459
[tight-lio] t=1317401374.240 corr=3374 lidar=ok rms=0.0366 time=102.57 ms | v=9.654 bg=0.00186 ba=0.87563
[tight-lio] t=1317401374.344 corr=3250 lidar=ok rms=0.0265 time=69.75 ms | v=9.714 bg=0.00181 ba=0.87525
[tight-lio] t=1317401374.448 corr=3356 lidar=ok rms=0.0290 time=119.34 ms | v=9.760 bg=0.00176 ba=0.87512
[tight-lio] t=1317401374.552 corr=3232 lidar=ok rms=0.0360 time=111.40 ms | v=9.696 bg=0.00172 ba=0.87910
[tight-lio] t=1317401374.656 corr=3354 lidar=ok rms=0.0298 time=104.12 ms | v=9.707 bg=0.00165 ba=0.87898
[tight-lio] t=1317401374.760 corr=3201 lidar=ok rms=0.0383 time=105.53 ms | v=9.666 bg=0.00162 ba=0.88170
[tight-lio] t=1317401374.864 corr=3333 lidar=ok rms=0.0290 time=70.90 ms | v=9.664 bg=0.00160 ba=0.88257
[tight-lio] t=1317401374.968 corr=3090 lidar=ok rms=0.0518 time=103.81 ms | v=9.633 bg=0.00147 ba=0.88613
[tight-lio] t=1317401375.073 corr=3281 lidar=ok rms=0.0343 time=101.85 ms | v=9.636 bg=0.00145 ba=0.88636
[tight-lio] t=1317401375.177 corr=3135 lidar=ok rms=0.0256 time=96.70 ms | v=9.652 bg=0.00151 ba=0.88660
[tight-lio] t=1317401375.281 corr=3275 lidar=ok rms=0.0411 time=103.70 ms | v=9.648 bg=0.00157 ba=0.88648
[tight-lio] t=1317401375.385 corr=3234 lidar=ok rms=0.0437 time=101.18 ms | v=9.617 bg=0.00160 ba=0.88810
[tight-lio] t=1317401375.489 corr=3310 lidar=ok rms=0.0436 time=112.43 ms | v=9.560 bg=0.00166 ba=0.89112
[tight-lio] t=1317401375.593 corr=3235 lidar=ok rms=0.0669 time=99.43 ms | v=9.537 bg=0.00166 ba=0.89388
[tight-lio] t=1317401375.698 corr=3274 lidar=ok rms=0.0387 time=105.72 ms | v=9.499 bg=0.00164 ba=0.89535
[tight-lio] t=1317401375.802 corr=3359 lidar=ok rms=0.0352 time=98.09 ms | v=9.456 bg=0.00150 ba=0.89653
[tight-lio] t=1317401375.906 corr=3235 lidar=ok rms=0.0398 time=101.79 ms | v=9.442 bg=0.00152 ba=0.89481
[tight-lio] t=1317401376.010 corr=3212 lidar=ok rms=0.0343 time=94.31 ms | v=9.420 bg=0.00166 ba=0.89537
[tight-lio] t=1317401376.114 corr=3210 lidar=ok rms=0.0512 time=101.37 ms | v=9.446 bg=0.00195 ba=0.89459
[tight-lio] t=1317401376.218 corr=3170 lidar=ok rms=0.0462 time=93.06 ms | v=9.477 bg=0.00222 ba=0.89497
[tight-lio] t=1317401376.322 corr=3406 lidar=ok rms=0.0452 time=97.61 ms | v=9.363 bg=0.00231 ba=0.90109
[tight-lio] t=1317401376.427 corr=3535 lidar=ok rms=0.0504 time=105.51 ms | v=9.310 bg=0.00205 ba=0.90300
[tight-lio] t=1317401376.531 corr=3669 lidar=ok rms=0.0392 time=101.45 ms | v=9.241 bg=0.00189 ba=0.90697
[tight-lio] t=1317401376.635 corr=3692 lidar=ok rms=0.0456 time=99.38 ms | v=9.226 bg=0.00182 ba=0.91034
[tight-lio] t=1317401376.739 corr=3694 lidar=ok rms=0.0428 time=110.10 ms | v=9.217 bg=0.00189 ba=0.91340
[tight-lio] t=1317401376.843 corr=3728 lidar=ok rms=0.0512 time=104.68 ms | v=9.216 bg=0.00202 ba=0.91612
[tight-lio] t=1317401376.947 corr=3933 lidar=ok rms=0.0493 time=71.76 ms | v=9.244 bg=0.00199 ba=0.91693
[tight-lio] t=1317401377.051 corr=3803 lidar=ok rms=0.0606 time=103.50 ms | v=9.259 bg=0.00189 ba=0.91826
[tight-lio] t=1317401377.155 corr=3674 lidar=ok rms=0.0535 time=101.60 ms | v=9.227 bg=0.00180 ba=0.92232
[tight-lio] t=1317401377.259 corr=3570 lidar=ok rms=0.0387 time=107.02 ms | v=9.226 bg=0.00170 ba=0.92456
[tight-lio] t=1317401377.363 corr=3406 lidar=ok rms=0.0341 time=96.73 ms | v=9.261 bg=0.00171 ba=0.92535
[tight-lio] t=1317401377.467 corr=3146 lidar=ok rms=0.0310 time=102.50 ms | v=9.300 bg=0.00170 ba=0.92737
[tight-lio] t=1317401377.570 corr=3198 lidar=ok rms=0.0295 time=102.65 ms | v=9.340 bg=0.00165 ba=0.92907
[tight-lio] t=1317401377.674 corr=3171 lidar=ok rms=0.0404 time=64.05 ms | v=9.403 bg=0.00157 ba=0.92870
[tight-lio] t=1317401377.778 corr=3317 lidar=ok rms=0.0305 time=104.02 ms | v=9.428 bg=0.00155 ba=0.93384
[tight-lio] t=1317401377.882 corr=3049 lidar=ok rms=0.0403 time=89.55 ms | v=9.483 bg=0.00156 ba=0.93405
[tight-lio] t=1317401377.986 corr=2857 lidar=ok rms=0.0266 time=86.78 ms | v=9.561 bg=0.00152 ba=0.93365
[tight-lio] t=1317401378.089 corr=2877 lidar=ok rms=0.0297 time=86.43 ms | v=9.626 bg=0.00155 ba=0.93520
[tight-lio] t=1317401378.193 corr=3183 lidar=ok rms=0.0466 time=89.10 ms | v=9.699 bg=0.00154 ba=0.93523
[tight-lio] t=1317401378.297 corr=3411 lidar=ok rms=0.0503 time=90.46 ms | v=9.758 bg=0.00157 ba=0.93578
[tight-lio] t=1317401378.401 corr=3404 lidar=ok rms=0.0458 time=101.09 ms | v=9.792 bg=0.00157 ba=0.93851
[tight-lio] t=1317401378.505 corr=2886 lidar=ok rms=0.0544 time=61.27 ms | v=9.858 bg=0.00167 ba=0.93876
[tight-lio] t=1317401378.608 corr=2907 lidar=ok rms=0.0322 time=84.23 ms | v=9.923 bg=0.00159 ba=0.93922
[tight-lio] t=1317401378.712 corr=3074 lidar=ok rms=0.0353 time=91.65 ms | v=9.971 bg=0.00154 ba=0.94065
[tight-lio] t=1317401378.816 corr=3244 lidar=ok rms=0.0373 time=85.22 ms | v=10.026 bg=0.00154 ba=0.94174
[tight-lio] t=1317401378.920 corr=3538 lidar=ok rms=0.0487 time=99.53 ms | v=10.053 bg=0.00150 ba=0.94419
[tight-lio] t=1317401379.023 corr=3389 lidar=ok rms=0.0431 time=61.40 ms | v=10.091 bg=0.00134 ba=0.94480
[tight-lio] t=1317401379.127 corr=3430 lidar=ok rms=0.0423 time=70.28 ms | v=10.112 bg=0.00127 ba=0.94592
[tight-lio] t=1317401379.231 corr=3405 lidar=ok rms=0.0400 time=96.32 ms | v=10.127 bg=0.00133 ba=0.94691
[tight-lio] t=1317401379.335 corr=2691 lidar=ok rms=0.0338 time=80.49 ms | v=10.134 bg=0.00149 ba=0.94832
[tight-lio] t=1317401379.438 corr=2840 lidar=ok rms=0.0343 time=65.38 ms | v=10.126 bg=0.00159 ba=0.94965
[tight-lio] t=1317401379.542 corr=2856 lidar=ok rms=0.0419 time=86.15 ms | v=10.074 bg=0.00166 ba=0.95317
[tight-lio] t=1317401379.646 corr=3077 lidar=ok rms=0.0496 time=86.74 ms | v=10.027 bg=0.00146 ba=0.95543
[tight-lio] t=1317401379.750 corr=3242 lidar=ok rms=0.0473 time=97.60 ms | v=9.956 bg=0.00140 ba=0.95922
[tight-lio] t=1317401379.854 corr=3269 lidar=ok rms=0.0478 time=64.16 ms | v=9.908 bg=0.00140 ba=0.96134
[tight-lio] t=1317401379.957 corr=3385 lidar=ok rms=0.0425 time=89.04 ms | v=9.866 bg=0.00146 ba=0.96408
[tight-lio] t=1317401380.061 corr=3267 lidar=ok rms=0.0493 time=90.17 ms | v=9.782 bg=0.00169 ba=0.96460
[tight-lio] t=1317401380.165 corr=3327 lidar=ok rms=0.0511 time=91.53 ms | v=9.575 bg=0.00175 ba=0.96769
[tight-lio] t=1317401380.269 corr=3378 lidar=ok rms=0.0554 time=93.01 ms | v=9.320 bg=0.00163 ba=0.97073
[tight-lio] t=1317401380.373 corr=3580 lidar=ok rms=0.0329 time=97.22 ms | v=9.051 bg=0.00144 ba=0.97225
[tight-lio] t=1317401380.477 corr=3590 lidar=ok rms=0.0425 time=109.22 ms | v=8.773 bg=0.00152 ba=0.97385
[tight-lio] t=1317401380.581 corr=3731 lidar=ok rms=0.0339 time=101.94 ms | v=8.496 bg=0.00158 ba=0.97600
[tight-lio] t=1317401380.685 corr=3368 lidar=ok rms=0.0394 time=93.95 ms | v=8.166 bg=0.00156 ba=0.97799
[tight-lio] t=1317401380.789 corr=3638 lidar=ok rms=0.0378 time=100.51 ms | v=7.845 bg=0.00163 ba=0.98063
[tight-lio] t=1317401380.893 corr=3430 lidar=ok rms=0.0442 time=93.69 ms | v=7.513 bg=0.00180 ba=0.98379
[tight-lio] t=1317401380.998 corr=3670 lidar=ok rms=0.0458 time=107.40 ms | v=7.181 bg=0.00197 ba=0.98695
[tight-lio] t=1317401381.102 corr=3476 lidar=ok rms=0.0456 time=97.57 ms | v=6.858 bg=0.00210 ba=0.98957
[tight-lio] t=1317401381.206 corr=3459 lidar=ok rms=0.0393 time=100.63 ms | v=6.558 bg=0.00200 ba=0.99039
[tight-lio] t=1317401381.311 corr=3300 lidar=ok rms=0.0353 time=95.94 ms | v=6.282 bg=0.00195 ba=0.99165
[tight-lio] t=1317401381.415 corr=3319 lidar=ok rms=0.0404 time=95.28 ms | v=6.034 bg=0.00177 ba=0.99354
[tight-lio] t=1317401381.519 corr=3261 lidar=ok rms=0.0450 time=102.95 ms | v=5.932 bg=0.00166 ba=0.99325
[tight-lio] t=1317401381.623 corr=3515 lidar=ok rms=0.0460 time=106.88 ms | v=5.858 bg=0.00165 ba=0.99445
[tight-lio] t=1317401381.728 corr=3535 lidar=ok rms=0.0448 time=104.21 ms | v=5.810 bg=0.00168 ba=0.99369
[tight-lio] t=1317401381.832 corr=3441 lidar=ok rms=0.0399 time=98.31 ms | v=5.732 bg=0.00188 ba=0.99238
[tight-lio] t=1317401381.936 corr=3489 lidar=ok rms=0.0441 time=97.39 ms | v=5.666 bg=0.00194 ba=0.99209
[tight-lio] t=1317401382.041 corr=3510 lidar=ok rms=0.0371 time=105.51 ms | v=5.618 bg=0.00185 ba=0.99061
[tight-lio] t=1317401382.145 corr=3350 lidar=ok rms=0.0411 time=161.25 ms | v=5.574 bg=0.00194 ba=0.98941
[tight-lio] t=1317401382.249 corr=3118 lidar=ok rms=0.0306 time=92.56 ms | v=5.530 bg=0.00199 ba=0.98708
[tight-lio] t=1317401382.353 corr=3356 lidar=ok rms=0.0426 time=95.97 ms | v=5.515 bg=0.00197 ba=0.98404
[tight-lio] t=1317401382.457 corr=3640 lidar=ok rms=0.0375 time=96.04 ms | v=5.500 bg=0.00187 ba=0.98168
[tight-lio] t=1317401382.561 corr=3675 lidar=ok rms=0.0423 time=98.70 ms | v=5.541 bg=0.00175 ba=0.97636
[tight-lio] t=1317401382.665 corr=3516 lidar=ok rms=0.0352 time=98.98 ms | v=5.559 bg=0.00154 ba=0.97398
[tight-lio] t=1317401382.769 corr=3613 lidar=ok rms=0.0465 time=99.34 ms | v=5.627 bg=0.00152 ba=0.96865
[tight-lio] t=1317401382.873 corr=3619 lidar=ok rms=0.0410 time=98.61 ms | v=5.688 bg=0.00154 ba=0.96506
[tight-lio] t=1317401382.977 corr=3586 lidar=ok rms=0.0442 time=98.42 ms | v=5.749 bg=0.00157 ba=0.96085
[tight-lio] t=1317401383.081 corr=3423 lidar=ok rms=0.0394 time=96.86 ms | v=5.813 bg=0.00152 ba=0.95410
[tight-lio] t=1317401383.185 corr=3289 lidar=ok rms=0.0462 time=96.16 ms | v=5.881 bg=0.00137 ba=0.94759
[tight-lio] t=1317401383.289 corr=3371 lidar=ok rms=0.0425 time=110.60 ms | v=5.955 bg=0.00127 ba=0.94082
[tight-lio] t=1317401383.393 corr=3319 lidar=ok rms=0.0499 time=107.58 ms | v=6.010 bg=0.00130 ba=0.93404
[tight-lio] t=1317401383.497 corr=3439 lidar=ok rms=0.0484 time=98.67 ms | v=6.063 bg=0.00151 ba=0.92765
[tight-lio] t=1317401383.601 corr=3497 lidar=ok rms=0.0466 time=99.10 ms | v=6.082 bg=0.00167 ba=0.92013
[tight-lio] t=1317401383.705 corr=3368 lidar=ok rms=0.0472 time=105.81 ms | v=6.080 bg=0.00172 ba=0.91242
[tight-lio] t=1317401383.808 corr=3289 lidar=ok rms=0.0457 time=94.82 ms | v=6.025 bg=0.00176 ba=0.90702
[tight-lio] t=1317401383.912 corr=3291 lidar=ok rms=0.0505 time=69.19 ms | v=5.961 bg=0.00180 ba=0.90313
[tight-lio] t=1317401384.016 corr=3312 lidar=ok rms=0.0487 time=105.81 ms | v=5.954 bg=0.00180 ba=0.89530
[tight-lio] t=1317401384.119 corr=2983 lidar=ok rms=0.0372 time=99.53 ms | v=5.865 bg=0.00190 ba=0.89169
[tight-lio] t=1317401384.223 corr=3187 lidar=ok rms=0.0458 time=97.09 ms | v=5.840 bg=0.00195 ba=0.88365
[tight-lio] t=1317401384.327 corr=3240 lidar=ok rms=0.0430 time=75.95 ms | v=5.776 bg=0.00183 ba=0.87931
[tight-lio] t=1317401384.430 corr=3308 lidar=ok rms=0.0519 time=100.13 ms | v=5.756 bg=0.00187 ba=0.87423
[tight-lio] t=1317401384.534 corr=3211 lidar=ok rms=0.0479 time=65.78 ms | v=5.666 bg=0.00182 ba=0.87225
[tight-lio] t=1317401384.638 corr=3442 lidar=ok rms=0.0652 time=112.23 ms | v=5.726 bg=0.00192 ba=0.86239
[tight-lio] t=1317401384.741 corr=3368 lidar=ok rms=0.0487 time=113.87 ms | v=5.726 bg=0.00185 ba=0.85441
[tight-lio] t=1317401384.845 corr=3393 lidar=ok rms=0.0497 time=116.73 ms | v=5.718 bg=0.00182 ba=0.84704
[tight-lio] t=1317401384.949 corr=3351 lidar=ok rms=0.0397 time=107.75 ms | v=5.687 bg=0.00184 ba=0.84272
[tight-lio] t=1317401385.053 corr=3301 lidar=ok rms=0.0565 time=111.08 ms | v=5.697 bg=0.00179 ba=0.83511
[tight-lio] t=1317401385.157 corr=3102 lidar=ok rms=0.0384 time=102.85 ms | v=5.617 bg=0.00172 ba=0.83126
[tight-lio] t=1317401385.260 corr=3059 lidar=ok rms=0.0435 time=91.48 ms | v=5.549 bg=0.00160 ba=0.82724
[tight-lio] t=1317401385.364 corr=3284 lidar=ok rms=0.0538 time=130.39 ms | v=5.582 bg=0.00174 ba=0.82175
[tight-lio] t=1317401385.468 corr=3304 lidar=ok rms=0.0657 time=108.16 ms | v=5.650 bg=0.00182 ba=0.81413
[tight-lio] t=1317401385.572 corr=3332 lidar=ok rms=0.0553 time=105.97 ms | v=5.639 bg=0.00177 ba=0.80979
[tight-lio] t=1317401385.676 corr=3488 lidar=ok rms=0.0509 time=110.90 ms | v=5.623 bg=0.00159 ba=0.80536
[tight-lio] t=1317401385.780 corr=3427 lidar=ok rms=0.0404 time=104.20 ms | v=5.569 bg=0.00149 ba=0.80337
[tight-lio] t=1317401385.884 corr=3434 lidar=ok rms=0.0504 time=116.34 ms | v=5.561 bg=0.00142 ba=0.80112
[tight-lio] t=1317401385.988 corr=3338 lidar=ok rms=0.0373 time=101.86 ms | v=5.477 bg=0.00133 ba=0.80159
[tight-lio] t=1317401386.092 corr=3326 lidar=ok rms=0.0408 time=107.99 ms | v=5.425 bg=0.00142 ba=0.80147
[tight-lio] t=1317401386.196 corr=3517 lidar=ok rms=0.0542 time=114.59 ms | v=5.468 bg=0.00140 ba=0.79641
[tight-lio] t=1317401386.300 corr=3593 lidar=ok rms=0.0470 time=104.64 ms | v=5.450 bg=0.00147 ba=0.79433
[tight-lio] t=1317401386.404 corr=3424 lidar=ok rms=0.0323 time=92.07 ms | v=5.373 bg=0.00152 ba=0.79510
[tight-lio] t=1317401386.508 corr=3391 lidar=ok rms=0.0426 time=102.48 ms | v=5.321 bg=0.00146 ba=0.79352
[tight-lio] t=1317401386.612 corr=3278 lidar=ok rms=0.0511 time=103.72 ms | v=5.299 bg=0.00139 ba=0.79139
[tight-lio] t=1317401386.716 corr=3571 lidar=ok rms=0.0623 time=109.58 ms | v=5.449 bg=0.00127 ba=0.78472
[tight-lio] t=1317401386.820 corr=3529 lidar=ok rms=0.0427 time=107.85 ms | v=5.421 bg=0.00135 ba=0.78363
[tight-lio] t=1317401386.924 corr=3590 lidar=ok rms=0.0545 time=117.48 ms | v=5.499 bg=0.00139 ba=0.78029
[tight-lio] t=1317401387.028 corr=3556 lidar=ok rms=0.0449 time=106.52 ms | v=5.558 bg=0.00148 ba=0.77740
[tight-lio] t=1317401387.132 corr=3453 lidar=ok rms=0.0498 time=105.73 ms | v=5.601 bg=0.00156 ba=0.77453
[tight-lio] t=1317401387.236 corr=3656 lidar=ok rms=0.0477 time=110.83 ms | v=5.637 bg=0.00158 ba=0.77325
[tight-lio] t=1317401387.340 corr=3529 lidar=ok rms=0.0433 time=133.09 ms | v=5.635 bg=0.00168 ba=0.77119
[tight-lio] t=1317401387.444 corr=3493 lidar=ok rms=0.0536 time=110.34 ms | v=5.673 bg=0.00158 ba=0.76938
[tight-lio] t=1317401387.547 corr=3297 lidar=ok rms=0.0526 time=113.01 ms | v=5.710 bg=0.00147 ba=0.76667
[tight-lio] t=1317401387.651 corr=3351 lidar=ok rms=0.0532 time=96.65 ms | v=5.738 bg=0.00138 ba=0.76593
[tight-lio] t=1317401387.755 corr=3417 lidar=ok rms=0.0538 time=99.53 ms | v=5.772 bg=0.00140 ba=0.76528
[tight-lio] t=1317401387.859 corr=3274 lidar=ok rms=0.0471 time=105.30 ms | v=5.809 bg=0.00142 ba=0.76423
[tight-lio] t=1317401387.963 corr=3040 lidar=ok rms=0.0436 time=90.16 ms | v=5.767 bg=0.00145 ba=0.76425
[tight-lio] t=1317401388.067 corr=2779 lidar=ok rms=0.0349 time=88.95 ms | v=5.768 bg=0.00134 ba=0.76329
[tight-lio] t=1317401388.171 corr=2808 lidar=ok rms=0.0391 time=88.14 ms | v=5.789 bg=0.00138 ba=0.76282
[tight-lio] t=1317401388.275 corr=2930 lidar=ok rms=0.0431 time=100.42 ms | v=5.858 bg=0.00133 ba=0.76245
[tight-lio] t=1317401388.379 corr=3001 lidar=ok rms=0.0463 time=98.46 ms | v=5.934 bg=0.00142 ba=0.76132
[tight-lio] t=1317401388.483 corr=3385 lidar=ok rms=0.0492 time=99.73 ms | v=6.047 bg=0.00141 ba=0.75926
[tight-lio] t=1317401388.587 corr=3200 lidar=ok rms=0.0445 time=94.94 ms | v=6.097 bg=0.00126 ba=0.75917
[tight-lio] t=1317401388.691 corr=3155 lidar=ok rms=0.0504 time=94.94 ms | v=6.168 bg=0.00116 ba=0.75979
[tight-lio] t=1317401388.795 corr=3337 lidar=ok rms=0.0716 time=98.35 ms | v=6.235 bg=0.00124 ba=0.76101
[tight-lio] t=1317401388.899 corr=3178 lidar=ok rms=0.0385 time=69.01 ms | v=6.343 bg=0.00130 ba=0.76273
[tight-lio] t=1317401389.003 corr=3055 lidar=ok rms=0.0443 time=104.03 ms | v=6.479 bg=0.00133 ba=0.76368
[tight-lio] t=1317401389.107 corr=2930 lidar=ok rms=0.0282 time=90.84 ms | v=6.534 bg=0.00128 ba=0.76476
[tight-lio] t=1317401389.211 corr=3200 lidar=ok rms=0.0445 time=99.40 ms | v=6.703 bg=0.00117 ba=0.76553
[tight-lio] t=1317401389.315 corr=2985 lidar=ok rms=0.0338 time=90.48 ms | v=6.810 bg=0.00118 ba=0.76747
[tight-lio] t=1317401389.419 corr=2759 lidar=ok rms=0.0421 time=90.67 ms | v=6.958 bg=0.00128 ba=0.76823
[tight-lio] t=1317401389.523 corr=2679 lidar=ok rms=0.0394 time=91.67 ms | v=7.094 bg=0.00137 ba=0.76835
[tight-lio] t=1317401389.627 corr=2400 lidar=ok rms=0.0303 time=84.91 ms | v=7.193 bg=0.00137 ba=0.76772
[tight-lio] t=1317401389.731 corr=2610 lidar=ok rms=0.0407 time=97.38 ms | v=7.337 bg=0.00136 ba=0.76839
[tight-lio] t=1317401389.835 corr=2641 lidar=ok rms=0.0400 time=90.13 ms | v=7.458 bg=0.00135 ba=0.76846
[tight-lio] t=1317401389.939 corr=2580 lidar=ok rms=0.0287 time=87.43 ms | v=7.542 bg=0.00137 ba=0.76844
[tight-lio] t=1317401390.043 corr=2446 lidar=ok rms=0.0447 time=85.48 ms | v=7.653 bg=0.00139 ba=0.76736
[tight-lio] t=1317401390.147 corr=2330 lidar=ok rms=0.0296 time=89.51 ms | v=7.727 bg=0.00138 ba=0.76840
[tight-lio] t=1317401390.251 corr=2393 lidar=ok rms=0.0488 time=85.25 ms | v=7.845 bg=0.00134 ba=0.76910
[tight-lio] t=1317401390.355 corr=2320 lidar=ok rms=0.0535 time=83.63 ms | v=7.862 bg=0.00137 ba=0.77059
[tight-lio] t=1317401390.459 corr=2276 lidar=ok rms=0.0305 time=82.20 ms | v=7.860 bg=0.00139 ba=0.77169
[tight-lio] t=1317401390.563 corr=2411 lidar=ok rms=0.0300 time=85.22 ms | v=7.855 bg=0.00142 ba=0.77273
[tight-lio] t=1317401390.667 corr=2615 lidar=ok rms=0.0603 time=84.19 ms | v=7.851 bg=0.00143 ba=0.78403
[tight-lio] t=1317401390.771 corr=2435 lidar=ok rms=0.0280 time=61.12 ms | v=7.827 bg=0.00145 ba=0.78301
[tight-lio] t=1317401390.875 corr=2316 lidar=ok rms=0.0477 time=92.52 ms | v=7.823 bg=0.00148 ba=0.78285
[tight-lio] t=1317401390.979 corr=2329 lidar=ok rms=0.0451 time=85.58 ms | v=7.803 bg=0.00144 ba=0.78299
[tight-lio] t=1317401391.083 corr=2602 lidar=ok rms=0.0712 time=94.38 ms | v=7.811 bg=0.00118 ba=0.77089
[tight-lio] t=1317401391.187 corr=2431 lidar=ok rms=0.1101 time=87.41 ms | v=7.778 bg=0.00091 ba=0.77525
[tight-lio] t=1317401391.292 corr=2354 lidar=ok rms=0.1547 time=85.92 ms | v=7.748 bg=0.00078 ba=0.77839
[tight-lio] t=1317401391.396 corr=2552 lidar=ok rms=0.0313 time=87.48 ms | v=7.715 bg=0.00090 ba=0.77969
[tight-lio] t=1317401391.500 corr=2425 lidar=ok rms=0.0397 time=103.71 ms | v=7.699 bg=0.00116 ba=0.77998
[tight-lio] t=1317401391.604 corr=2619 lidar=ok rms=0.0804 time=99.39 ms | v=7.715 bg=0.00164 ba=0.78157
[tight-lio] t=1317401391.708 corr=2676 lidar=ok rms=0.0378 time=111.39 ms | v=7.675 bg=0.00183 ba=0.78509
[tight-lio] t=1317401391.812 corr=2606 lidar=ok rms=0.0801 time=101.78 ms | v=7.668 bg=0.00216 ba=0.78472
[tight-lio] t=1317401391.916 corr=2788 lidar=ok rms=0.0300 time=97.52 ms | v=7.604 bg=0.00211 ba=0.78663
[tight-lio] t=1317401392.020 corr=2813 lidar=ok rms=0.0294 time=102.41 ms | v=7.531 bg=0.00206 ba=0.78809
[tight-lio] t=1317401392.124 corr=3057 lidar=ok rms=0.0382 time=125.54 ms | v=7.567 bg=0.00189 ba=0.78821
[tight-lio] t=1317401392.228 corr=3206 lidar=ok rms=0.0348 time=112.99 ms | v=7.570 bg=0.00169 ba=0.78951
[tight-lio] t=1317401392.332 corr=3143 lidar=ok rms=0.0362 time=102.44 ms | v=7.601 bg=0.00178 ba=0.78972
[tight-lio] t=1317401392.436 corr=3314 lidar=ok rms=0.0356 time=98.83 ms | v=7.580 bg=0.00175 ba=0.78899
[tight-lio] t=1317401392.540 corr=2775 lidar=ok rms=0.0416 time=106.61 ms | v=7.566 bg=0.00184 ba=0.78810
[tight-lio] t=1317401392.644 corr=2899 lidar=ok rms=0.0355 time=111.31 ms | v=7.572 bg=0.00194 ba=0.78533
[tight-lio] t=1317401392.748 corr=2849 lidar=ok rms=0.0341 time=98.79 ms | v=7.541 bg=0.00171 ba=0.78207
[tight-lio] t=1317401392.852 corr=2902 lidar=ok rms=0.0392 time=96.14 ms | v=7.498 bg=0.00138 ba=0.77913
[tight-lio] t=1317401392.956 corr=2729 lidar=ok rms=0.0404 time=92.15 ms | v=7.440 bg=0.00111 ba=0.77360
[tight-lio] t=1317401393.059 corr=2805 lidar=ok rms=0.0371 time=94.00 ms | v=7.430 bg=0.00125 ba=0.76941
[tight-lio] t=1317401393.163 corr=2532 lidar=ok rms=0.0394 time=93.01 ms | v=7.405 bg=0.00148 ba=0.76559
[tight-lio] t=1317401393.267 corr=2499 lidar=ok rms=0.0311 time=96.97 ms | v=7.363 bg=0.00146 ba=0.76206
[tight-lio] t=1317401393.371 corr=2467 lidar=ok rms=0.0356 time=95.76 ms | v=7.306 bg=0.00126 ba=0.75689
[tight-lio] t=1317401393.474 corr=2398 lidar=ok rms=0.0340 time=100.82 ms | v=7.272 bg=0.00115 ba=0.75685
[tight-lio] t=1317401393.578 corr=2356 lidar=ok rms=0.0502 time=99.87 ms | v=7.277 bg=0.00109 ba=0.76342
[tight-lio] t=1317401393.682 corr=2555 lidar=ok rms=0.0422 time=96.73 ms | v=7.231 bg=0.00095 ba=0.76278
[tight-lio] t=1317401393.786 corr=2658 lidar=ok rms=0.0511 time=97.42 ms | v=7.233 bg=0.00106 ba=0.76126
[tight-lio] t=1317401393.889 corr=2739 lidar=ok rms=0.0515 time=93.96 ms | v=7.217 bg=0.00124 ba=0.76058
[tight-lio] t=1317401393.993 corr=2720 lidar=ok rms=0.0595 time=103.86 ms | v=7.223 bg=0.00147 ba=0.75960
[tight-lio] t=1317401394.097 corr=2713 lidar=ok rms=0.0321 time=91.86 ms | v=7.205 bg=0.00160 ba=0.75727
[tight-lio] t=1317401394.201 corr=2716 lidar=ok rms=0.0364 time=92.21 ms | v=7.235 bg=0.00162 ba=0.75551
[tight-lio] t=1317401394.305 corr=2742 lidar=ok rms=0.0375 time=91.37 ms | v=7.239 bg=0.00160 ba=0.75777
[tight-lio] t=1317401394.408 corr=2636 lidar=ok rms=0.0422 time=94.13 ms | v=7.261 bg=0.00172 ba=0.75570
[tight-lio] t=1317401394.512 corr=2747 lidar=ok rms=0.0433 time=92.21 ms | v=7.264 bg=0.00171 ba=0.75356
[tight-lio] t=1317401394.616 corr=2647 lidar=ok rms=0.0542 time=95.38 ms | v=7.270 bg=0.00178 ba=0.75078
[tight-lio] t=1317401394.720 corr=2518 lidar=ok rms=0.0483 time=87.64 ms | v=7.294 bg=0.00195 ba=0.74945
[tight-lio] t=1317401394.823 corr=2725 lidar=ok rms=0.0844 time=100.43 ms | v=7.363 bg=0.00208 ba=0.74918
[tight-lio] t=1317401394.927 corr=2636 lidar=ok rms=0.0509 time=95.46 ms | v=7.411 bg=0.00239 ba=0.74710
[tight-lio] t=1317401395.031 corr=2678 lidar=ok rms=0.0556 time=92.12 ms | v=7.465 bg=0.00280 ba=0.74657
[tight-lio] t=1317401395.135 corr=2570 lidar=ok rms=0.0421 time=94.00 ms | v=7.466 bg=0.00284 ba=0.74608
[tight-lio] t=1317401395.238 corr=2461 lidar=ok rms=0.0463 time=68.05 ms | v=7.450 bg=0.00276 ba=0.74551
[tight-lio] t=1317401395.342 corr=2581 lidar=ok rms=0.0490 time=91.56 ms | v=7.394 bg=0.00262 ba=0.74348
[tight-lio] t=1317401395.446 corr=2357 lidar=ok rms=0.0520 time=105.00 ms | v=7.357 bg=0.00311 ba=0.74177
[tight-lio] t=1317401395.550 corr=2259 lidar=ok rms=0.0491 time=87.70 ms | v=7.308 bg=0.00330 ba=0.73908
[tight-lio] t=1317401395.654 corr=2238 lidar=ok rms=0.0572 time=92.23 ms | v=7.321 bg=0.00339 ba=0.73645
[tight-lio] t=1317401395.757 corr=2419 lidar=ok rms=0.0336 time=87.83 ms | v=7.292 bg=0.00359 ba=0.73567
[tight-lio] t=1317401395.861 corr=2534 lidar=ok rms=0.0541 time=99.77 ms | v=7.281 bg=0.00379 ba=0.73283
[tight-lio] t=1317401395.965 corr=2504 lidar=ok rms=0.0375 time=87.91 ms | v=7.234 bg=0.00398 ba=0.73247
[tight-lio] t=1317401396.069 corr=2453 lidar=ok rms=0.0728 time=94.34 ms | v=7.211 bg=0.00385 ba=0.73077
[tight-lio] t=1317401396.173 corr=2248 lidar=ok rms=0.0352 time=82.78 ms | v=7.168 bg=0.00398 ba=0.72868
[tight-lio] t=1317401396.277 corr=2523 lidar=ok rms=0.0837 time=88.37 ms | v=7.189 bg=0.00393 ba=0.72600
[tight-lio] t=1317401396.381 corr=2492 lidar=ok rms=0.1263 time=93.38 ms | v=7.179 bg=0.00406 ba=0.72531
[tight-lio] t=1317401396.485 corr=2643 lidar=ok rms=0.1585 time=99.51 ms | v=7.225 bg=0.00377 ba=0.72076
[tight-lio] t=1317401396.589 corr=2387 lidar=ok rms=0.0819 time=92.27 ms | v=7.212 bg=0.00351 ba=0.72188
[tight-lio] t=1317401396.693 corr=2251 lidar=ok rms=0.1427 time=87.85 ms | v=7.250 bg=0.00333 ba=0.72287
[tight-lio] t=1317401396.797 corr=2207 lidar=ok rms=0.0394 time=83.10 ms | v=7.253 bg=0.00347 ba=0.72541
[tight-lio] t=1317401396.901 corr=2123 lidar=ok rms=0.0585 time=88.76 ms | v=7.330 bg=0.00368 ba=0.72663
[tight-lio] t=1317401397.005 corr=2107 lidar=ok rms=0.0510 time=84.93 ms | v=7.351 bg=0.00391 ba=0.72709
[tight-lio] t=1317401397.108 corr=2132 lidar=ok rms=0.0408 time=87.62 ms | v=7.347 bg=0.00397 ba=0.72739
[tight-lio] t=1317401397.212 corr=2302 lidar=ok rms=0.0560 time=92.57 ms | v=7.395 bg=0.00401 ba=0.72964
[tight-lio] t=1317401397.316 corr=2308 lidar=ok rms=0.0457 time=84.78 ms | v=7.433 bg=0.00423 ba=0.73223
[tight-lio] t=1317401397.420 corr=2127 lidar=ok rms=0.0666 time=86.25 ms | v=7.470 bg=0.00426 ba=0.73506
[tight-lio] t=1317401397.524 corr=2224 lidar=ok rms=0.0467 time=85.88 ms | v=7.524 bg=0.00405 ba=0.73586
[tight-lio] t=1317401397.628 corr=2265 lidar=ok rms=0.0545 time=91.39 ms | v=7.583 bg=0.00413 ba=0.73653
[tight-lio] t=1317401397.732 corr=1983 lidar=ok rms=0.0496 time=93.76 ms | v=7.612 bg=0.00420 ba=0.73866
[tight-lio] t=1317401397.836 corr=2079 lidar=ok rms=0.0474 time=82.59 ms | v=7.630 bg=0.00412 ba=0.73847
[tight-lio] t=1317401397.940 corr=1864 lidar=ok rms=0.0516 time=78.14 ms | v=7.652 bg=0.00388 ba=0.73846
[tight-lio] t=1317401398.043 corr=1938 lidar=ok rms=0.0734 time=90.30 ms | v=7.725 bg=0.00387 ba=0.74132
[tight-lio] t=1317401398.147 corr=1956 lidar=ok rms=0.0578 time=81.69 ms | v=7.773 bg=0.00384 ba=0.74569
[tight-lio] t=1317401398.251 corr=2037 lidar=ok rms=0.0423 time=78.34 ms | v=7.772 bg=0.00361 ba=0.74714
[tight-lio] t=1317401398.355 corr=1947 lidar=ok rms=0.0553 time=82.44 ms | v=7.793 bg=0.00353 ba=0.74894
[tight-lio] t=1317401398.459 corr=1866 lidar=ok rms=0.0315 time=80.84 ms | v=7.813 bg=0.00352 ba=0.74917
[tight-lio] t=1317401398.563 corr=1900 lidar=ok rms=0.0443 time=76.89 ms | v=7.836 bg=0.00355 ba=0.75121
[tight-lio] t=1317401398.667 corr=2066 lidar=ok rms=0.0352 time=80.57 ms | v=7.872 bg=0.00359 ba=0.75307
[tight-lio] t=1317401398.771 corr=2025 lidar=ok rms=0.0613 time=87.54 ms | v=7.933 bg=0.00358 ba=0.75667
[tight-lio] t=1317401398.875 corr=2019 lidar=ok rms=0.0397 time=80.77 ms | v=7.945 bg=0.00351 ba=0.75832
[tight-lio] t=1317401398.979 corr=1933 lidar=ok rms=0.0346 time=77.25 ms | v=7.943 bg=0.00341 ba=0.75925
[tight-lio] t=1317401399.083 corr=1908 lidar=ok rms=0.0252 time=72.29 ms | v=7.926 bg=0.00340 ba=0.75948
[tight-lio] t=1317401399.187 corr=1894 lidar=ok rms=0.0506 time=75.80 ms | v=7.919 bg=0.00336 ba=0.75935
[tight-lio] t=1317401399.291 corr=1908 lidar=ok rms=0.0320 time=76.44 ms | v=7.896 bg=0.00337 ba=0.75945
[tight-lio] t=1317401399.395 corr=1908 lidar=ok rms=0.0399 time=76.59 ms | v=7.887 bg=0.00332 ba=0.76009
[tight-lio] t=1317401399.499 corr=2077 lidar=ok rms=0.0615 time=80.10 ms | v=7.898 bg=0.00333 ba=0.76278
[tight-lio] t=1317401399.603 corr=2033 lidar=ok rms=0.0541 time=82.15 ms | v=7.905 bg=0.00320 ba=0.76459
[tight-lio] t=1317401399.707 corr=2122 lidar=ok rms=0.0380 time=78.98 ms | v=7.870 bg=0.00315 ba=0.76503
[tight-lio] t=1317401399.811 corr=2062 lidar=ok rms=0.0289 time=78.31 ms | v=7.827 bg=0.00318 ba=0.76554
[tight-lio] t=1317401399.915 corr=2162 lidar=ok rms=0.0286 time=79.05 ms | v=7.803 bg=0.00317 ba=0.76636
[tight-lio] t=1317401400.019 corr=2124 lidar=ok rms=0.0352 time=79.55 ms | v=7.792 bg=0.00316 ba=0.76848
[tight-lio] t=1317401400.123 corr=2066 lidar=ok rms=0.0331 time=79.46 ms | v=7.770 bg=0.00307 ba=0.76993
[tight-lio] t=1317401400.227 corr=1991 lidar=ok rms=0.0303 time=77.65 ms | v=7.737 bg=0.00302 ba=0.77178
[tight-lio] t=1317401400.331 corr=1911 lidar=ok rms=0.0408 time=83.24 ms | v=7.731 bg=0.00298 ba=0.77783
[tight-lio] t=1317401400.435 corr=1670 lidar=ok rms=0.0687 time=74.43 ms | v=7.697 bg=0.00300 ba=0.77842
[tight-lio] t=1317401400.539 corr=1811 lidar=ok rms=0.0504 time=76.55 ms | v=7.689 bg=0.00304 ba=0.78095
[tight-lio] t=1317401400.643 corr=1734 lidar=ok rms=0.0457 time=54.80 ms | v=7.653 bg=0.00307 ba=0.78106
[tight-lio] t=1317401400.747 corr=1731 lidar=ok rms=0.0369 time=75.16 ms | v=7.635 bg=0.00306 ba=0.78389
[tight-lio] t=1317401400.851 corr=1508 lidar=ok rms=0.0310 time=71.37 ms | v=7.599 bg=0.00303 ba=0.78463
[tight-lio] t=1317401400.954 corr=1694 lidar=ok rms=0.0571 time=77.37 ms | v=7.567 bg=0.00303 ba=0.78711
[tight-lio] t=1317401401.058 corr=1719 lidar=ok rms=0.0723 time=77.43 ms | v=7.554 bg=0.00306 ba=0.79024
[tight-lio] t=1317401401.162 corr=1573 lidar=ok rms=0.0252 time=75.10 ms | v=7.520 bg=0.00313 ba=0.79048
[tight-lio] t=1317401401.266 corr=1609 lidar=ok rms=0.0415 time=71.58 ms | v=7.477 bg=0.00315 ba=0.79013
[tight-lio] t=1317401401.370 corr=1725 lidar=ok rms=0.0631 time=72.92 ms | v=7.433 bg=0.00322 ba=0.78818
[tight-lio] t=1317401401.474 corr=1437 lidar=ok rms=0.0448 time=71.76 ms | v=7.412 bg=0.00309 ba=0.78713
[tight-lio] t=1317401401.578 corr=1565 lidar=ok rms=0.0217 time=52.14 ms | v=7.399 bg=0.00315 ba=0.78620
[tight-lio] t=1317401401.682 corr=1669 lidar=ok rms=0.0436 time=72.65 ms | v=7.397 bg=0.00307 ba=0.78450
[tight-lio] t=1317401401.786 corr=1736 lidar=ok rms=0.0315 time=77.48 ms | v=7.366 bg=0.00300 ba=0.78133
[tight-lio] t=1317401401.890 corr=1624 lidar=ok rms=0.0349 time=79.97 ms | v=7.329 bg=0.00294 ba=0.77882
[tight-lio] t=1317401401.994 corr=1633 lidar=ok rms=0.0319 time=72.83 ms | v=7.348 bg=0.00287 ba=0.77930
[tight-lio] t=1317401402.098 corr=1611 lidar=ok rms=0.0378 time=75.77 ms | v=7.398 bg=0.00279 ba=0.77993
[tight-lio] t=1317401402.202 corr=1398 lidar=ok rms=0.0274 time=52.05 ms | v=7.427 bg=0.00273 ba=0.77925
[tight-lio] t=1317401402.306 corr=1325 lidar=ok rms=0.0197 time=50.63 ms | v=7.466 bg=0.00285 ba=0.77945
[tight-lio] t=1317401402.410 corr=1324 lidar=ok rms=0.0187 time=70.18 ms | v=7.514 bg=0.00281 ba=0.77893
[tight-lio] t=1317401402.514 corr=1381 lidar=ok rms=0.0344 time=78.20 ms | v=7.595 bg=0.00286 ba=0.78101
[tight-lio] t=1317401402.618 corr=1521 lidar=ok rms=0.0318 time=72.46 ms | v=7.678 bg=0.00287 ba=0.78183
[tight-lio] t=1317401402.722 corr=1458 lidar=ok rms=0.0451 time=73.06 ms | v=7.782 bg=0.00278 ba=0.78437
[tight-lio] t=1317401402.826 corr=1514 lidar=ok rms=0.0319 time=72.38 ms | v=7.890 bg=0.00279 ba=0.78667
[tight-lio] t=1317401402.930 corr=1512 lidar=ok rms=0.0245 time=72.59 ms | v=7.969 bg=0.00280 ba=0.78558
[tight-lio] t=1317401403.034 corr=1511 lidar=ok rms=0.0522 time=52.29 ms | v=8.036 bg=0.00273 ba=0.78464
[tight-lio] t=1317401403.138 corr=1560 lidar=ok rms=0.0326 time=76.17 ms | v=8.128 bg=0.00266 ba=0.78559
[tight-lio] t=1317401403.242 corr=1476 lidar=ok rms=0.0191 time=68.45 ms | v=8.178 bg=0.00269 ba=0.78594
[tight-lio] t=1317401403.346 corr=1633 lidar=ok rms=0.0237 time=75.74 ms | v=8.225 bg=0.00272 ba=0.78589
[tight-lio] t=1317401403.449 corr=1835 lidar=ok rms=0.0303 time=55.55 ms | v=8.282 bg=0.00282 ba=0.78681
[tight-lio] t=1317401403.553 corr=1644 lidar=ok rms=0.0371 time=75.33 ms | v=8.334 bg=0.00277 ba=0.78845
[tight-lio] t=1317401403.657 corr=1760 lidar=ok rms=0.0254 time=79.28 ms | v=8.384 bg=0.00267 ba=0.79028
[tight-lio] t=1317401403.761 corr=1833 lidar=ok rms=0.0355 time=82.12 ms | v=8.473 bg=0.00260 ba=0.79538
[tight-lio] t=1317401403.865 corr=1924 lidar=ok rms=0.0313 time=77.61 ms | v=8.502 bg=0.00259 ba=0.79643
[tight-lio] t=1317401403.969 corr=2019 lidar=ok rms=0.0234 time=78.62 ms | v=8.533 bg=0.00260 ba=0.79691
[tight-lio] t=1317401404.073 corr=2090 lidar=ok rms=0.0468 time=80.99 ms | v=8.611 bg=0.00276 ba=0.79836
[tight-lio] t=1317401404.177 corr=2407 lidar=ok rms=0.0563 time=85.32 ms | v=8.701 bg=0.00273 ba=0.80128
[tight-lio] t=1317401404.281 corr=2484 lidar=ok rms=0.0312 time=88.08 ms | v=8.766 bg=0.00256 ba=0.80411
[tight-lio] t=1317401404.384 corr=2217 lidar=ok rms=0.0327 time=82.74 ms | v=8.824 bg=0.00246 ba=0.80592
[tight-lio] t=1317401404.488 corr=2182 lidar=ok rms=0.0389 time=83.65 ms | v=8.881 bg=0.00245 ba=0.80734
[tight-lio] t=1317401404.592 corr=1970 lidar=ok rms=0.0425 time=80.55 ms | v=8.935 bg=0.00241 ba=0.80869
[tight-lio] t=1317401404.696 corr=1751 lidar=ok rms=0.0282 time=77.04 ms | v=8.963 bg=0.00246 ba=0.80790
[tight-lio] t=1317401404.800 corr=1666 lidar=ok rms=0.0329 time=76.07 ms | v=8.998 bg=0.00244 ba=0.80765
[tight-lio] t=1317401404.904 corr=1647 lidar=ok rms=0.0413 time=75.99 ms | v=9.036 bg=0.00238 ba=0.80758
[tight-lio] t=1317401405.008 corr=1876 lidar=ok rms=0.0317 time=82.67 ms | v=9.064 bg=0.00210 ba=0.80728
[tight-lio] t=1317401405.111 corr=1778 lidar=ok rms=0.0877 time=76.88 ms | v=9.107 bg=0.00192 ba=0.80906
[tight-lio] t=1317401405.215 corr=1807 lidar=ok rms=0.0783 time=78.30 ms | v=9.167 bg=0.00194 ba=0.81159
[tight-lio] t=1317401405.319 corr=1712 lidar=ok rms=0.0223 time=76.81 ms | v=9.233 bg=0.00211 ba=0.81284
[tight-lio] t=1317401405.423 corr=1649 lidar=ok rms=0.0209 time=73.82 ms | v=9.298 bg=0.00207 ba=0.81396
[tight-lio] t=1317401405.527 corr=1716 lidar=ok rms=0.0238 time=75.57 ms | v=9.345 bg=0.00195 ba=0.81439
[tight-lio] t=1317401405.631 corr=1686 lidar=ok rms=0.0261 time=77.75 ms | v=9.403 bg=0.00196 ba=0.81491
[tight-lio] t=1317401405.735 corr=1636 lidar=ok rms=0.0226 time=77.07 ms | v=9.467 bg=0.00205 ba=0.81567
[tight-lio] t=1317401405.839 corr=1842 lidar=ok rms=0.0232 time=72.86 ms | v=9.530 bg=0.00205 ba=0.81637
[tight-lio] t=1317401405.943 corr=1626 lidar=ok rms=0.0229 time=75.91 ms | v=9.565 bg=0.00202 ba=0.81584
[tight-lio] t=1317401406.047 corr=1574 lidar=ok rms=0.0223 time=77.58 ms | v=9.588 bg=0.00201 ba=0.81446
[tight-lio] t=1317401406.151 corr=1583 lidar=ok rms=0.0367 time=55.28 ms | v=9.651 bg=0.00207 ba=0.81522
[tight-lio] t=1317401406.254 corr=1522 lidar=ok rms=0.0254 time=54.75 ms | v=9.714 bg=0.00210 ba=0.81600
[tight-lio] t=1317401406.358 corr=1507 lidar=ok rms=0.0323 time=55.68 ms | v=9.791 bg=0.00209 ba=0.81750
[tight-lio] t=1317401406.462 corr=1432 lidar=ok rms=0.0279 time=74.54 ms | v=9.839 bg=0.00197 ba=0.81727
[tight-lio] t=1317401406.566 corr=1448 lidar=ok rms=0.0311 time=54.84 ms | v=9.889 bg=0.00193 ba=0.81689
[tight-lio] t=1317401406.670 corr=1471 lidar=ok rms=0.0237 time=76.86 ms | v=9.941 bg=0.00191 ba=0.81515
[tight-lio] t=1317401406.774 corr=1437 lidar=ok rms=0.0188 time=53.43 ms | v=9.991 bg=0.00195 ba=0.81496
[tight-lio] t=1317401406.878 corr=1459 lidar=ok rms=0.0353 time=76.02 ms | v=10.113 bg=0.00195 ba=0.81983
[tight-lio] t=1317401406.981 corr=1602 lidar=ok rms=0.0236 time=56.10 ms | v=10.164 bg=0.00198 ba=0.81943
[tight-lio] t=1317401407.085 corr=1503 lidar=ok rms=0.0162 time=69.43 ms | v=10.207 bg=0.00196 ba=0.81896
[tight-lio] t=1317401407.189 corr=1604 lidar=ok rms=0.0270 time=74.41 ms | v=10.253 bg=0.00191 ba=0.81809
[tight-lio] t=1317401407.293 corr=1718 lidar=ok rms=0.0220 time=83.08 ms | v=10.308 bg=0.00198 ba=0.81733
[tight-lio] t=1317401407.397 corr=2022 lidar=ok rms=0.0280 time=86.68 ms | v=10.431 bg=0.00213 ba=0.82489
[tight-lio] t=1317401407.501 corr=2119 lidar=ok rms=0.0301 time=84.05 ms | v=10.460 bg=0.00217 ba=0.82503
[tight-lio] t=1317401407.604 corr=2109 lidar=ok rms=0.0567 time=78.34 ms | v=10.446 bg=0.00215 ba=0.82406
[tight-lio] t=1317401407.708 corr=2225 lidar=ok rms=0.0256 time=84.57 ms | v=10.466 bg=0.00209 ba=0.82356
[tight-lio] t=1317401407.812 corr=2276 lidar=ok rms=0.0297 time=83.62 ms | v=10.486 bg=0.00208 ba=0.82398
[tight-lio] t=1317401407.916 corr=2252 lidar=ok rms=0.0289 time=81.18 ms | v=10.504 bg=0.00211 ba=0.82443
[tight-lio] t=1317401408.020 corr=2330 lidar=ok rms=0.0336 time=82.89 ms | v=10.515 bg=0.00210 ba=0.82391
[tight-lio] t=1317401408.123 corr=2360 lidar=ok rms=0.0262 time=88.17 ms | v=10.510 bg=0.00199 ba=0.82290
[tight-lio] t=1317401408.227 corr=2235 lidar=ok rms=0.0241 time=83.22 ms | v=10.514 bg=0.00188 ba=0.82332
[tight-lio] t=1317401408.331 corr=1974 lidar=ok rms=0.0271 time=77.94 ms | v=10.505 bg=0.00180 ba=0.82246
[tight-lio] t=1317401408.435 corr=1968 lidar=ok rms=0.0266 time=77.89 ms | v=10.518 bg=0.00176 ba=0.82334
[tight-lio] t=1317401408.539 corr=1835 lidar=ok rms=0.0414 time=76.34 ms | v=10.532 bg=0.00179 ba=0.82390
[tight-lio] t=1317401408.643 corr=1903 lidar=ok rms=0.0271 time=79.93 ms | v=10.536 bg=0.00187 ba=0.82198
[tight-lio] t=1317401408.746 corr=1858 lidar=ok rms=0.0209 time=55.83 ms | v=10.542 bg=0.00186 ba=0.82186
[tight-lio] t=1317401408.850 corr=1812 lidar=ok rms=0.0324 time=74.63 ms | v=10.533 bg=0.00181 ba=0.82099
[tight-lio] t=1317401408.954 corr=1743 lidar=ok rms=0.0240 time=54.86 ms | v=10.534 bg=0.00177 ba=0.82068
[tight-lio] t=1317401409.058 corr=1720 lidar=ok rms=0.0251 time=76.39 ms | v=10.552 bg=0.00186 ba=0.82089
[tight-lio] t=1317401409.162 corr=1797 lidar=ok rms=0.0332 time=76.68 ms | v=10.558 bg=0.00185 ba=0.82026
[tight-lio] t=1317401409.266 corr=1708 lidar=ok rms=0.0293 time=56.11 ms | v=10.571 bg=0.00181 ba=0.82079
[tight-lio] t=1317401409.369 corr=1586 lidar=ok rms=0.0284 time=77.82 ms | v=10.585 bg=0.00181 ba=0.82099
[tight-lio] t=1317401409.473 corr=1672 lidar=ok rms=0.0320 time=75.42 ms | v=10.607 bg=0.00189 ba=0.82121
[tight-lio] t=1317401409.577 corr=1968 lidar=ok rms=0.0357 time=79.62 ms | v=10.589 bg=0.00193 ba=0.81739
[tight-lio] t=1317401409.681 corr=1956 lidar=ok rms=0.0261 time=79.84 ms | v=10.606 bg=0.00186 ba=0.81885
[tight-lio] t=1317401409.785 corr=2084 lidar=ok rms=0.0258 time=57.73 ms | v=10.614 bg=0.00181 ba=0.81956
[tight-lio] t=1317401409.889 corr=2420 lidar=ok rms=0.0292 time=83.00 ms | v=10.631 bg=0.00181 ba=0.81975
[tight-lio] t=1317401409.992 corr=2350 lidar=ok rms=0.0336 time=80.64 ms | v=10.650 bg=0.00186 ba=0.82047
[tight-lio] t=1317401410.096 corr=2343 lidar=ok rms=0.0436 time=85.18 ms | v=10.646 bg=0.00182 ba=0.82081
[tight-lio] t=1317401410.200 corr=2277 lidar=ok rms=0.0302 time=86.32 ms | v=10.662 bg=0.00178 ba=0.82313
[tight-lio] t=1317401410.304 corr=2155 lidar=ok rms=0.0302 time=79.00 ms | v=10.654 bg=0.00172 ba=0.82308
[tight-lio] t=1317401410.408 corr=2175 lidar=ok rms=0.0304 time=56.90 ms | v=10.630 bg=0.00169 ba=0.82306
[tight-lio] t=1317401410.511 corr=2238 lidar=ok rms=0.0268 time=79.73 ms | v=10.594 bg=0.00172 ba=0.82254
[tight-lio] t=1317401410.615 corr=2077 lidar=ok rms=0.0312 time=80.24 ms | v=10.521 bg=0.00177 ba=0.82321
[tight-lio] t=1317401410.719 corr=1975 lidar=ok rms=0.0300 time=78.45 ms | v=10.375 bg=0.00176 ba=0.82173
[tight-lio] t=1317401410.823 corr=1914 lidar=ok rms=0.0291 time=57.17 ms | v=10.225 bg=0.00171 ba=0.82241
[tight-lio] t=1317401410.927 corr=1697 lidar=ok rms=0.0236 time=76.49 ms | v=10.049 bg=0.00171 ba=0.82302
[tight-lio] t=1317401411.030 corr=1685 lidar=ok rms=0.0312 time=54.61 ms | v=9.817 bg=0.00171 ba=0.81966
[tight-lio] t=1317401411.134 corr=1522 lidar=ok rms=0.0224 time=71.93 ms | v=9.601 bg=0.00176 ba=0.81858
[tight-lio] t=1317401411.238 corr=1509 lidar=ok rms=0.0248 time=72.54 ms | v=9.387 bg=0.00183 ba=0.81855
[tight-lio] t=1317401411.342 corr=1551 lidar=ok rms=0.0307 time=72.87 ms | v=9.169 bg=0.00187 ba=0.81851
[tight-lio] t=1317401411.445 corr=1463 lidar=ok rms=0.0323 time=56.93 ms | v=8.926 bg=0.00185 ba=0.81711
[tight-lio] t=1317401411.549 corr=1381 lidar=ok rms=0.0424 time=73.61 ms | v=8.628 bg=0.00181 ba=0.81047
[tight-lio] t=1317401411.653 corr=1397 lidar=ok rms=0.0473 time=71.70 ms | v=8.463 bg=0.00170 ba=0.81079
[tight-lio] t=1317401411.757 corr=1430 lidar=ok rms=0.0300 time=55.53 ms | v=8.374 bg=0.00156 ba=0.80996
[tight-lio] t=1317401411.861 corr=1566 lidar=ok rms=0.0258 time=76.02 ms | v=8.354 bg=0.00154 ba=0.81022
[tight-lio] t=1317401411.965 corr=1600 lidar=ok rms=0.0605 time=55.62 ms | v=8.355 bg=0.00162 ba=0.81194
[tight-lio] t=1317401412.069 corr=1555 lidar=ok rms=0.0313 time=74.74 ms | v=8.332 bg=0.00161 ba=0.81052
[tight-lio] t=1317401412.173 corr=1664 lidar=ok rms=0.2184 time=73.39 ms | v=8.335 bg=0.00172 ba=0.81229
[tight-lio] t=1317401412.276 corr=1673 lidar=ok rms=0.0442 time=87.83 ms | v=8.333 bg=0.00164 ba=0.81375
[tight-lio] t=1317401412.380 corr=1782 lidar=ok rms=0.0514 time=76.78 ms | v=8.328 bg=0.00168 ba=0.81456
[tight-lio] t=1317401412.484 corr=1802 lidar=ok rms=0.0352 time=77.26 ms | v=8.293 bg=0.00168 ba=0.81287
[tight-lio] t=1317401412.588 corr=1772 lidar=ok rms=0.0428 time=51.54 ms | v=8.270 bg=0.00173 ba=0.81234
[tight-lio] t=1317401412.692 corr=1970 lidar=ok rms=0.0596 time=61.20 ms | v=8.257 bg=0.00177 ba=0.81397
[tight-lio] t=1317401412.796 corr=1784 lidar=ok rms=0.0910 time=75.80 ms | v=8.243 bg=0.00177 ba=0.81157
[tight-lio] t=1317401412.900 corr=1820 lidar=ok rms=0.0370 time=78.29 ms | v=8.259 bg=0.00174 ba=0.81089
[tight-lio] t=1317401413.003 corr=1682 lidar=ok rms=0.0329 time=76.34 ms | v=8.302 bg=0.00183 ba=0.81030
[tight-lio] t=1317401413.107 corr=1818 lidar=ok rms=0.0263 time=73.29 ms | v=8.336 bg=0.00180 ba=0.80893
[tight-lio] t=1317401413.211 corr=1695 lidar=ok rms=0.0580 time=72.42 ms | v=8.378 bg=0.00178 ba=0.80864
[tight-lio] t=1317401413.315 corr=1673 lidar=ok rms=0.0460 time=53.06 ms | v=8.378 bg=0.00178 ba=0.80658
[tight-lio] t=1317401413.419 corr=1646 lidar=ok rms=0.0842 time=71.62 ms | v=8.422 bg=0.00182 ba=0.80505
[tight-lio] t=1317401413.523 corr=1344 lidar=ok rms=0.0528 time=50.13 ms | v=8.494 bg=0.00178 ba=0.80572
[tight-lio] t=1317401413.627 corr=1656 lidar=ok rms=0.1092 time=75.19 ms | v=8.611 bg=0.00198 ba=0.80942
[tight-lio] t=1317401413.731 corr=1408 lidar=ok rms=0.0842 time=68.31 ms | v=8.638 bg=0.00180 ba=0.80642
[tight-lio] t=1317401413.835 corr=1816 lidar=ok rms=0.1036 time=76.19 ms | v=8.671 bg=0.00177 ba=0.80553
[tight-lio] t=1317401413.939 corr=1837 lidar=ok rms=0.0424 time=72.96 ms | v=8.717 bg=0.00172 ba=0.80430
[tight-lio] t=1317401414.043 corr=2005 lidar=ok rms=0.0860 time=75.12 ms | v=8.796 bg=0.00182 ba=0.80476
[tight-lio] t=1317401414.147 corr=2159 lidar=ok rms=0.0468 time=80.65 ms | v=8.840 bg=0.00182 ba=0.80290
[tight-lio] t=1317401414.251 corr=2227 lidar=ok rms=0.0433 time=76.49 ms | v=8.887 bg=0.00185 ba=0.80201
[tight-lio] t=1317401414.355 corr=2458 lidar=ok rms=0.0382 time=83.57 ms | v=8.961 bg=0.00179 ba=0.80254
[tight-lio] t=1317401414.459 corr=1927 lidar=ok rms=0.0544 time=72.98 ms | v=9.052 bg=0.00171 ba=0.80581
[tight-lio] t=1317401414.562 corr=2414 lidar=ok rms=0.0526 time=79.76 ms | v=9.112 bg=0.00173 ba=0.80434
[tight-lio] t=1317401414.666 corr=2081 lidar=ok rms=0.0673 time=78.42 ms | v=9.185 bg=0.00178 ba=0.80366
[tight-lio] t=1317401414.770 corr=2097 lidar=ok rms=0.0619 time=78.69 ms | v=9.248 bg=0.00176 ba=0.80177
[tight-lio] t=1317401414.874 corr=2026 lidar=ok rms=0.0577 time=76.11 ms | v=9.320 bg=0.00172 ba=0.80061
[tight-lio] t=1317401414.978 corr=2082 lidar=ok rms=0.0396 time=82.04 ms | v=9.395 bg=0.00176 ba=0.79959
[tight-lio] t=1317401415.082 corr=2307 lidar=ok rms=0.0842 time=81.10 ms | v=9.451 bg=0.00176 ba=0.79823
[tight-lio] t=1317401415.186 corr=2588 lidar=ok rms=0.0339 time=82.00 ms | v=9.522 bg=0.00167 ba=0.79762
[tight-lio] t=1317401415.290 corr=2774 lidar=ok rms=0.0393 time=90.90 ms | v=9.590 bg=0.00166 ba=0.79572
[tight-lio] t=1317401415.394 corr=2822 lidar=ok rms=0.0517 time=84.26 ms | v=9.663 bg=0.00168 ba=0.79422
[tight-lio] t=1317401415.498 corr=2666 lidar=ok rms=0.0470 time=56.46 ms | v=9.745 bg=0.00171 ba=0.79466
[tight-lio] t=1317401415.602 corr=2296 lidar=ok rms=0.0305 time=77.52 ms | v=9.807 bg=0.00173 ba=0.79426
[tight-lio] t=1317401415.706 corr=2439 lidar=ok rms=0.0336 time=57.73 ms | v=9.852 bg=0.00173 ba=0.79286
[tight-lio] t=1317401415.810 corr=2951 lidar=ok rms=0.0282 time=58.99 ms | v=9.912 bg=0.00174 ba=0.79225
[tight-lio] t=1317401415.914 corr=3235 lidar=ok rms=0.0382 time=93.17 ms | v=9.950 bg=0.00172 ba=0.78950
[tight-lio] t=1317401416.018 corr=3475 lidar=ok rms=0.0299 time=91.88 ms | v=10.035 bg=0.00173 ba=0.79032
[tight-lio] t=1317401416.121 corr=3367 lidar=ok rms=0.0319 time=184.22 ms | v=10.103 bg=0.00172 ba=0.78985
[tight-lio] t=1317401416.225 corr=3930 lidar=ok rms=0.0289 time=99.90 ms | v=10.133 bg=0.00172 ba=0.78694
[tight-lio] t=1317401416.329 corr=3369 lidar=ok rms=0.0307 time=90.58 ms | v=10.185 bg=0.00176 ba=0.78521
[tight-lio] t=1317401416.433 corr=3869 lidar=ok rms=0.0315 time=91.67 ms | v=10.249 bg=0.00177 ba=0.78493
[tight-lio] t=1317401416.537 corr=4036 lidar=ok rms=0.0305 time=95.83 ms | v=10.318 bg=0.00175 ba=0.78438
[tight-lio] t=1317401416.641 corr=4037 lidar=ok rms=0.0286 time=103.14 ms | v=10.373 bg=0.00172 ba=0.78320
[tight-lio] t=1317401416.745 corr=3735 lidar=ok rms=0.0316 time=95.47 ms | v=10.429 bg=0.00168 ba=0.78221
[tight-lio] t=1317401416.849 corr=3686 lidar=ok rms=0.0308 time=73.37 ms | v=10.515 bg=0.00166 ba=0.78369
[tight-lio] t=1317401416.953 corr=3880 lidar=ok rms=0.0293 time=138.46 ms | v=10.584 bg=0.00168 ba=0.78354
[tight-lio] t=1317401417.057 corr=3843 lidar=ok rms=0.0273 time=100.08 ms | v=10.655 bg=0.00168 ba=0.78324
[tight-lio] t=1317401417.161 corr=3582 lidar=ok rms=0.0289 time=84.43 ms | v=10.720 bg=0.00167 ba=0.78273
[tight-lio] t=1317401417.265 corr=3263 lidar=ok rms=0.0338 time=92.55 ms | v=10.768 bg=0.00161 ba=0.78118
[tight-lio] t=1317401417.368 corr=3110 lidar=ok rms=0.0239 time=93.19 ms | v=10.835 bg=0.00160 ba=0.78095
[tight-lio] t=1317401417.472 corr=2825 lidar=ok rms=0.0266 time=94.46 ms | v=10.912 bg=0.00161 ba=0.78176
[tight-lio] t=1317401417.576 corr=2718 lidar=ok rms=0.0269 time=100.44 ms | v=10.966 bg=0.00163 ba=0.78159
[tight-lio] t=1317401417.680 corr=2244 lidar=ok rms=0.0261 time=93.64 ms | v=11.076 bg=0.00166 ba=0.78456
[tight-lio] t=1317401417.784 corr=2119 lidar=ok rms=0.0232 time=83.02 ms | v=11.125 bg=0.00168 ba=0.78334
[tight-lio] t=1317401417.888 corr=1994 lidar=ok rms=0.0241 time=80.46 ms | v=11.185 bg=0.00183 ba=0.78238
[tight-lio] t=1317401417.992 corr=1919 lidar=ok rms=0.0232 time=80.01 ms | v=11.261 bg=0.00202 ba=0.78233
[tight-lio] t=1317401418.096 corr=1904 lidar=ok rms=0.0262 time=78.57 ms | v=11.331 bg=0.00201 ba=0.78225
[tight-lio] t=1317401418.199 corr=1849 lidar=ok rms=0.0237 time=80.86 ms | v=11.383 bg=0.00185 ba=0.78212
[tight-lio] t=1317401418.303 corr=1718 lidar=ok rms=0.0436 time=60.42 ms | v=11.451 bg=0.00179 ba=0.78275
[tight-lio] t=1317401418.407 corr=1935 lidar=ok rms=0.0387 time=80.24 ms | v=11.512 bg=0.00187 ba=0.78328
[tight-lio] t=1317401418.511 corr=1903 lidar=ok rms=0.0462 time=83.72 ms | v=11.491 bg=0.00189 ba=0.77848
[tight-lio] t=1317401418.615 corr=1880 lidar=ok rms=0.0328 time=82.90 ms | v=11.485 bg=0.00192 ba=0.77482
[tight-lio] t=1317401418.719 corr=1838 lidar=ok rms=0.0245 time=57.82 ms | v=11.501 bg=0.00189 ba=0.77374
[tight-lio] t=1317401418.822 corr=1881 lidar=ok rms=0.0273 time=77.67 ms | v=11.501 bg=0.00179 ba=0.77158
[tight-lio] t=1317401418.926 corr=1947 lidar=ok rms=0.0688 time=79.42 ms | v=11.548 bg=0.00170 ba=0.77424
[tight-lio] t=1317401419.030 corr=1925 lidar=ok rms=0.0451 time=77.59 ms | v=11.535 bg=0.00163 ba=0.77257
[tight-lio] t=1317401419.134 corr=2090 lidar=ok rms=0.0413 time=81.67 ms | v=11.466 bg=0.00171 ba=0.76580
[tight-lio] t=1317401419.238 corr=2158 lidar=ok rms=0.0402 time=83.96 ms | v=11.359 bg=0.00180 ba=0.75704
[tight-lio] t=1317401419.341 corr=2216 lidar=ok rms=0.0296 time=59.83 ms | v=11.319 bg=0.00183 ba=0.75462
[tight-lio] t=1317401419.445 corr=2041 lidar=ok rms=0.0247 time=80.05 ms | v=11.277 bg=0.00176 ba=0.75222
[tight-lio] t=1317401419.549 corr=2147 lidar=ok rms=0.0510 time=83.56 ms | v=11.209 bg=0.00171 ba=0.74920
[tight-lio] t=1317401419.653 corr=2112 lidar=ok rms=0.0307 time=108.08 ms | v=11.183 bg=0.00174 ba=0.74796
[tight-lio] t=1317401419.757 corr=2056 lidar=ok rms=0.0379 time=90.17 ms | v=11.135 bg=0.00180 ba=0.74592
[tight-lio] t=1317401419.860 corr=2164 lidar=ok rms=0.2427 time=86.02 ms | v=11.092 bg=0.00195 ba=0.74545
[tight-lio] t=1317401419.964 corr=2287 lidar=ok rms=0.0317 time=84.48 ms | v=11.043 bg=0.00193 ba=0.74155
[tight-lio] t=1317401420.068 corr=2406 lidar=ok rms=0.0333 time=84.65 ms | v=11.002 bg=0.00189 ba=0.73983
[tight-lio] t=1317401420.172 corr=2155 lidar=ok rms=0.0350 time=80.77 ms | v=10.958 bg=0.00186 ba=0.73847
[tight-lio] t=1317401420.275 corr=2249 lidar=ok rms=0.0327 time=83.09 ms | v=10.899 bg=0.00182 ba=0.73638
[tight-lio] t=1317401420.379 corr=2247 lidar=ok rms=0.0541 time=82.90 ms | v=10.842 bg=0.00180 ba=0.73427
[tight-lio] t=1317401420.483 corr=2308 lidar=ok rms=0.0327 time=81.89 ms | v=10.781 bg=0.00187 ba=0.73170
[tight-lio] t=1317401420.587 corr=2279 lidar=ok rms=0.0299 time=77.22 ms | v=10.731 bg=0.00194 ba=0.72952
[tight-lio] t=1317401420.690 corr=2209 lidar=ok rms=0.0277 time=80.18 ms | v=10.687 bg=0.00195 ba=0.72893
[tight-lio] t=1317401420.794 corr=2254 lidar=ok rms=0.0368 time=78.74 ms | v=10.625 bg=0.00193 ba=0.72705
[tight-lio] t=1317401420.898 corr=2034 lidar=ok rms=0.0251 time=78.25 ms | v=10.574 bg=0.00190 ba=0.72596
[tight-lio] t=1317401421.002 corr=2397 lidar=ok rms=0.0351 time=85.18 ms | v=10.508 bg=0.00189 ba=0.72361
[tight-lio] t=1317401421.106 corr=2590 lidar=ok rms=0.0414 time=84.97 ms | v=10.457 bg=0.00192 ba=0.72157
[tight-lio] t=1317401421.210 corr=2377 lidar=ok rms=0.0288 time=82.02 ms | v=10.413 bg=0.00197 ba=0.72060
[tight-lio] t=1317401421.313 corr=2170 lidar=ok rms=0.0248 time=80.75 ms | v=10.368 bg=0.00198 ba=0.71961
[tight-lio] t=1317401421.417 corr=2010 lidar=ok rms=0.0406 time=74.90 ms | v=10.333 bg=0.00200 ba=0.71971
[tight-lio] t=1317401421.521 corr=1814 lidar=ok rms=0.0313 time=75.30 ms | v=10.298 bg=0.00196 ba=0.71960
[tight-lio] t=1317401421.625 corr=1803 lidar=ok rms=0.0294 time=57.91 ms | v=10.249 bg=0.00194 ba=0.71931
[tight-lio] t=1317401421.729 corr=1800 lidar=ok rms=0.0406 time=77.30 ms | v=10.200 bg=0.00180 ba=0.71855
[tight-lio] t=1317401421.832 corr=1811 lidar=ok rms=0.0282 time=77.83 ms | v=10.175 bg=0.00195 ba=0.71849
[tight-lio] t=1317401421.936 corr=1872 lidar=ok rms=0.0260 time=77.70 ms | v=10.147 bg=0.00202 ba=0.71753
[tight-lio] t=1317401422.040 corr=1939 lidar=ok rms=0.0373 time=77.75 ms | v=10.113 bg=0.00198 ba=0.71655
[tight-lio] t=1317401422.144 corr=1954 lidar=ok rms=0.0244 time=78.66 ms | v=10.054 bg=0.00182 ba=0.71410
[tight-lio] t=1317401422.248 corr=2479 lidar=ok rms=0.0280 time=84.77 ms | v=10.025 bg=0.00173 ba=0.71378
[tight-lio] t=1317401422.351 corr=2607 lidar=ok rms=0.0363 time=86.87 ms | v=10.005 bg=0.00177 ba=0.71309
[tight-lio] t=1317401422.455 corr=2358 lidar=ok rms=0.0511 time=82.32 ms | v=9.971 bg=0.00188 ba=0.71101
[tight-lio] t=1317401422.559 corr=2573 lidar=ok rms=0.0299 time=88.47 ms | v=9.908 bg=0.00195 ba=0.70775
[tight-lio] t=1317401422.663 corr=2463 lidar=ok rms=0.0215 time=83.08 ms | v=9.859 bg=0.00188 ba=0.70581
[tight-lio] t=1317401422.767 corr=2562 lidar=ok rms=0.0255 time=86.90 ms | v=9.812 bg=0.00188 ba=0.70450
[tight-lio] t=1317401422.870 corr=2570 lidar=ok rms=0.0254 time=86.63 ms | v=9.769 bg=0.00197 ba=0.70297
[tight-lio] t=1317401422.974 corr=2325 lidar=ok rms=0.0298 time=62.39 ms | v=9.730 bg=0.00204 ba=0.70232
[tight-lio] t=1317401423.078 corr=2360 lidar=ok rms=0.0827 time=84.81 ms | v=9.669 bg=0.00195 ba=0.70064
[tight-lio] t=1317401423.182 corr=2317 lidar=ok rms=0.0225 time=64.97 ms | v=9.633 bg=0.00188 ba=0.69965
[tight-lio] t=1317401423.286 corr=2249 lidar=ok rms=0.0307 time=61.77 ms | v=9.597 bg=0.00181 ba=0.69869
[tight-lio] t=1317401423.389 corr=2123 lidar=ok rms=0.0242 time=58.63 ms | v=9.560 bg=0.00173 ba=0.69802
[tight-lio] t=1317401423.493 corr=2109 lidar=ok rms=0.0224 time=88.12 ms | v=9.535 bg=0.00180 ba=0.69814
[tight-lio] t=1317401423.597 corr=2092 lidar=ok rms=0.0202 time=83.67 ms | v=9.509 bg=0.00189 ba=0.69779
[tight-lio] t=1317401423.701 corr=2001 lidar=ok rms=0.0406 time=59.52 ms | v=9.479 bg=0.00187 ba=0.69755
[tight-lio] t=1317401423.805 corr=2033 lidar=ok rms=0.0262 time=62.98 ms | v=9.441 bg=0.00183 ba=0.69763
[tight-lio] t=1317401423.909 corr=1919 lidar=ok rms=0.0380 time=58.98 ms | v=9.409 bg=0.00182 ba=0.69812
[tight-lio] t=1317401424.013 corr=1846 lidar=ok rms=0.0279 time=83.46 ms | v=9.425 bg=0.00183 ba=0.70088
[tight-lio] t=1317401424.116 corr=1772 lidar=ok rms=0.0228 time=83.94 ms | v=9.388 bg=0.00179 ba=0.69933
[tight-lio] t=1317401424.220 corr=1708 lidar=ok rms=0.0287 time=57.29 ms | v=9.348 bg=0.00170 ba=0.69770
[tight-lio] t=1317401424.324 corr=1753 lidar=ok rms=0.1133 time=67.46 ms | v=9.326 bg=0.00169 ba=0.69576
[tight-lio] t=1317401424.428 corr=1837 lidar=ok rms=0.1487 time=87.04 ms | v=9.309 bg=0.00171 ba=0.69310
[tight-lio] t=1317401424.532 corr=1969 lidar=ok rms=0.0229 time=59.04 ms | v=9.278 bg=0.00171 ba=0.69296
[tight-lio] t=1317401424.636 corr=1815 lidar=ok rms=0.0273 time=58.80 ms | v=9.244 bg=0.00169 ba=0.69324
[tight-lio] t=1317401424.739 corr=1851 lidar=ok rms=0.0250 time=103.26 ms | v=9.205 bg=0.00168 ba=0.69270
[tight-lio] t=1317401424.843 corr=1838 lidar=ok rms=0.0274 time=83.70 ms | v=9.147 bg=0.00165 ba=0.69056
[tight-lio] t=1317401424.947 corr=1841 lidar=ok rms=0.0369 time=64.73 ms | v=9.086 bg=0.00163 ba=0.68852
[tight-lio] t=1317401425.050 corr=1876 lidar=ok rms=0.0253 time=82.70 ms | v=9.029 bg=0.00157 ba=0.68703
[tight-lio] t=1317401425.154 corr=2232 lidar=ok rms=0.0249 time=64.03 ms | v=8.980 bg=0.00159 ba=0.68493
[tight-lio] t=1317401425.258 corr=2172 lidar=ok rms=0.0248 time=95.71 ms | v=8.943 bg=0.00168 ba=0.68254
[tight-lio] t=1317401425.361 corr=2365 lidar=ok rms=0.0250 time=96.91 ms | v=8.932 bg=0.00173 ba=0.68233
[tight-lio] t=1317401425.465 corr=2434 lidar=ok rms=0.0276 time=108.93 ms | v=8.876 bg=0.00172 ba=0.67926
[tight-lio] t=1317401425.569 corr=2597 lidar=ok rms=0.0249 time=91.55 ms | v=8.820 bg=0.00165 ba=0.67587
[tight-lio] t=1317401425.672 corr=2530 lidar=ok rms=0.0311 time=65.21 ms | v=8.776 bg=0.00164 ba=0.67333
[tight-lio] t=1317401425.776 corr=2600 lidar=ok rms=0.0268 time=90.20 ms | v=8.720 bg=0.00159 ba=0.66877
[tight-lio] t=1317401425.880 corr=2479 lidar=ok rms=0.0243 time=91.93 ms | v=8.679 bg=0.00159 ba=0.66639
[tight-lio] t=1317401425.984 corr=2589 lidar=ok rms=0.0268 time=95.48 ms | v=8.603 bg=0.00163 ba=0.66222
[tight-lio] t=1317401426.087 corr=2617 lidar=ok rms=0.0267 time=91.17 ms | v=8.566 bg=0.00164 ba=0.65984
[tight-lio] t=1317401426.191 corr=2759 lidar=ok rms=0.0234 time=123.14 ms | v=8.542 bg=0.00166 ba=0.65885
[tight-lio] t=1317401426.295 corr=2911 lidar=ok rms=0.0326 time=94.85 ms | v=8.492 bg=0.00168 ba=0.65527
[tight-lio] t=1317401426.399 corr=2960 lidar=ok rms=0.0238 time=95.86 ms | v=8.434 bg=0.00171 ba=0.65142
[tight-lio] t=1317401426.503 corr=2981 lidar=ok rms=0.0229 time=95.46 ms | v=8.384 bg=0.00166 ba=0.64814
[tight-lio] t=1317401426.606 corr=3021 lidar=ok rms=0.0270 time=94.40 ms | v=8.298 bg=0.00165 ba=0.64417
[tight-lio] t=1317401426.710 corr=2813 lidar=ok rms=0.0245 time=103.87 ms | v=8.241 bg=0.00169 ba=0.64263
[tight-lio] t=1317401426.814 corr=2904 lidar=ok rms=0.0239 time=101.38 ms | v=8.143 bg=0.00176 ba=0.63944
[tight-lio] t=1317401426.918 corr=2888 lidar=ok rms=0.0316 time=102.19 ms | v=8.044 bg=0.00189 ba=0.63692
[tight-lio] t=1317401427.023 corr=2851 lidar=ok rms=0.0276 time=90.58 ms | v=7.939 bg=0.00195 ba=0.63623
[tight-lio] t=1317401427.127 corr=2730 lidar=ok rms=0.0273 time=96.89 ms | v=7.814 bg=0.00207 ba=0.63312
[tight-lio] t=1317401427.231 corr=2718 lidar=ok rms=0.0224 time=91.91 ms | v=7.730 bg=0.00219 ba=0.63229
[tight-lio] t=1317401427.335 corr=2560 lidar=ok rms=0.0282 time=92.30 ms | v=7.648 bg=0.00234 ba=0.63112
[tight-lio] t=1317401427.439 corr=2608 lidar=ok rms=0.0276 time=92.54 ms | v=7.555 bg=0.00248 ba=0.62957
[tight-lio] t=1317401427.543 corr=2428 lidar=ok rms=0.0353 time=88.82 ms | v=7.468 bg=0.00270 ba=0.62725
[tight-lio] t=1317401427.648 corr=2565 lidar=ok rms=0.0367 time=98.10 ms | v=7.371 bg=0.00298 ba=0.62731
[tight-lio] t=1317401427.752 corr=2441 lidar=ok rms=0.0345 time=87.95 ms | v=7.251 bg=0.00324 ba=0.62476
[tight-lio] t=1317401427.856 corr=2432 lidar=ok rms=0.0294 time=85.70 ms | v=7.132 bg=0.00351 ba=0.62253
[tight-lio] t=1317401427.961 corr=2392 lidar=ok rms=0.0301 time=88.36 ms | v=7.012 bg=0.00373 ba=0.62169
[tight-lio] t=1317401428.065 corr=2511 lidar=ok rms=0.0281 time=89.16 ms | v=6.897 bg=0.00386 ba=0.62182
[tight-lio] t=1317401428.170 corr=2335 lidar=ok rms=0.0261 time=90.14 ms | v=6.829 bg=0.00394 ba=0.62178
[tight-lio] t=1317401428.274 corr=2438 lidar=ok rms=0.0284 time=96.70 ms | v=6.755 bg=0.00410 ba=0.62045
[tight-lio] t=1317401428.378 corr=2274 lidar=ok rms=0.0291 time=113.82 ms | v=6.714 bg=0.00427 ba=0.62181
[tight-lio] t=1317401428.483 corr=2424 lidar=ok rms=0.0254 time=88.23 ms | v=6.678 bg=0.00456 ba=0.62257
[tight-lio] t=1317401428.587 corr=2392 lidar=ok rms=0.0275 time=88.59 ms | v=6.598 bg=0.00469 ba=0.62007
[tight-lio] t=1317401428.691 corr=2457 lidar=ok rms=0.0260 time=89.56 ms | v=6.559 bg=0.00460 ba=0.62230
[tight-lio] t=1317401428.796 corr=2367 lidar=ok rms=0.0300 time=88.00 ms | v=6.487 bg=0.00473 ba=0.62099
[tight-lio] t=1317401428.900 corr=2410 lidar=ok rms=0.0299 time=156.51 ms | v=6.433 bg=0.00479 ba=0.62164
[tight-lio] t=1317401429.004 corr=2424 lidar=ok rms=0.0384 time=89.08 ms | v=6.363 bg=0.00482 ba=0.62130
[tight-lio] t=1317401429.108 corr=2326 lidar=ok rms=0.0282 time=91.29 ms | v=6.306 bg=0.00477 ba=0.62126
[tight-lio] t=1317401429.213 corr=2484 lidar=ok rms=0.0360 time=88.63 ms | v=6.261 bg=0.00475 ba=0.62134
[tight-lio] t=1317401429.317 corr=2380 lidar=ok rms=0.0283 time=91.87 ms | v=6.243 bg=0.00462 ba=0.62356
[tight-lio] t=1317401429.421 corr=2437 lidar=ok rms=0.0409 time=112.40 ms | v=6.181 bg=0.00473 ba=0.62196
[tight-lio] t=1317401429.525 corr=2461 lidar=ok rms=0.0329 time=89.06 ms | v=6.138 bg=0.00464 ba=0.62079
[tight-lio] t=1317401429.629 corr=2274 lidar=ok rms=0.0331 time=90.24 ms | v=6.105 bg=0.00455 ba=0.62048
[tight-lio] t=1317401429.733 corr=2265 lidar=ok rms=0.0329 time=61.69 ms | v=6.107 bg=0.00461 ba=0.62113
[tight-lio] t=1317401429.837 corr=2276 lidar=ok rms=0.0374 time=85.69 ms | v=6.107 bg=0.00461 ba=0.62158
[tight-lio] t=1317401429.942 corr=2333 lidar=ok rms=0.0308 time=89.25 ms | v=6.093 bg=0.00457 ba=0.62186
[tight-lio] t=1317401430.046 corr=2413 lidar=ok rms=0.0328 time=88.14 ms | v=6.050 bg=0.00457 ba=0.61993
[tight-lio] t=1317401430.150 corr=2408 lidar=ok rms=0.0294 time=93.30 ms | v=6.019 bg=0.00452 ba=0.61962
[tight-lio] t=1317401430.254 corr=2550 lidar=ok rms=0.0331 time=93.28 ms | v=5.977 bg=0.00451 ba=0.62017
[tight-lio] t=1317401430.358 corr=2561 lidar=ok rms=0.0309 time=92.63 ms | v=5.823 bg=0.00443 ba=0.61986
[tight-lio] t=1317401430.462 corr=2407 lidar=ok rms=0.0263 time=87.08 ms | v=5.616 bg=0.00439 ba=0.61860
[tight-lio] t=1317401430.566 corr=2457 lidar=ok rms=0.0291 time=86.91 ms | v=5.381 bg=0.00438 ba=0.61619
[tight-lio] t=1317401430.670 corr=2518 lidar=ok rms=0.0289 time=94.10 ms | v=5.147 bg=0.00436 ba=0.61515
[tight-lio] t=1317401430.773 corr=2531 lidar=ok rms=0.0268 time=63.91 ms | v=4.908 bg=0.00424 ba=0.61456
[tight-lio] t=1317401430.877 corr=2466 lidar=ok rms=0.0292 time=95.02 ms | v=4.648 bg=0.00414 ba=0.61191
[tight-lio] t=1317401430.981 corr=2515 lidar=ok rms=0.0272 time=93.11 ms | v=4.398 bg=0.00412 ba=0.60884
[tight-lio] t=1317401431.085 corr=2431 lidar=ok rms=0.0296 time=93.84 ms | v=4.154 bg=0.00422 ba=0.60327
[tight-lio] t=1317401431.189 corr=2467 lidar=ok rms=0.0345 time=64.91 ms | v=3.933 bg=0.00416 ba=0.59781
[tight-lio] t=1317401431.293 corr=2526 lidar=ok rms=0.0205 time=89.63 ms | v=3.744 bg=0.00404 ba=0.59558
[tight-lio] t=1317401431.397 corr=2663 lidar=ok rms=0.0238 time=92.69 ms | v=3.608 bg=0.00405 ba=0.59100
[tight-lio] t=1317401431.501 corr=2465 lidar=ok rms=0.0259 time=97.18 ms | v=3.549 bg=0.00401 ba=0.58777
[tight-lio] t=1317401431.605 corr=2600 lidar=ok rms=0.0269 time=96.79 ms | v=3.526 bg=0.00410 ba=0.58584
[tight-lio] t=1317401431.709 corr=2506 lidar=ok rms=0.0266 time=88.52 ms | v=3.501 bg=0.00417 ba=0.58338
[tight-lio] t=1317401431.813 corr=2412 lidar=ok rms=0.0278 time=89.15 ms | v=3.487 bg=0.00423 ba=0.58195
[tight-lio] t=1317401431.917 corr=2349 lidar=ok rms=0.0272 time=89.69 ms | v=3.464 bg=0.00436 ba=0.57951
[tight-lio] t=1317401432.022 corr=2407 lidar=ok rms=0.0291 time=89.64 ms | v=3.425 bg=0.00437 ba=0.57577
[tight-lio] t=1317401432.126 corr=2362 lidar=ok rms=0.0314 time=95.77 ms | v=3.385 bg=0.00442 ba=0.57171
[tight-lio] t=1317401432.230 corr=2454 lidar=ok rms=0.0416 time=67.48 ms | v=3.380 bg=0.00439 ba=0.56998
[tight-lio] t=1317401432.334 corr=2380 lidar=ok rms=0.0331 time=88.40 ms | v=3.371 bg=0.00448 ba=0.56631
[tight-lio] t=1317401432.438 corr=2335 lidar=ok rms=0.0303 time=93.15 ms | v=3.366 bg=0.00427 ba=0.56370
[tight-lio] t=1317401432.542 corr=2589 lidar=ok rms=0.0294 time=71.12 ms | v=3.382 bg=0.00398 ba=0.56135
[tight-lio] t=1317401432.646 corr=2447 lidar=ok rms=0.0343 time=125.02 ms | v=3.431 bg=0.00439 ba=0.55537
[tight-lio] t=1317401432.750 corr=2550 lidar=ok rms=0.0300 time=92.36 ms | v=3.516 bg=0.00446 ba=0.55129
[tight-lio] t=1317401432.854 corr=2728 lidar=ok rms=0.0269 time=66.05 ms | v=3.639 bg=0.00416 ba=0.55009
[tight-lio] t=1317401432.958 corr=2504 lidar=ok rms=0.0280 time=65.45 ms | v=3.768 bg=0.00415 ba=0.54815
[tight-lio] t=1317401433.062 corr=2638 lidar=ok rms=0.0361 time=93.45 ms | v=3.885 bg=0.00392 ba=0.54316
[tight-lio] t=1317401433.166 corr=2657 lidar=ok rms=0.0508 time=97.22 ms | v=4.021 bg=0.00388 ba=0.53957
[tight-lio] t=1317401433.270 corr=2543 lidar=ok rms=0.0349 time=95.17 ms | v=4.130 bg=0.00393 ba=0.53246
[tight-lio] t=1317401433.374 corr=2534 lidar=ok rms=0.0526 time=93.54 ms | v=4.291 bg=0.00401 ba=0.53042
[tight-lio] t=1317401433.478 corr=2565 lidar=ok rms=0.0360 time=92.75 ms | v=4.393 bg=0.00383 ba=0.52307
[tight-lio] t=1317401433.582 corr=2533 lidar=ok rms=0.0395 time=97.06 ms | v=4.528 bg=0.00339 ba=0.51818
[tight-lio] t=1317401433.685 corr=2467 lidar=ok rms=0.0372 time=97.73 ms | v=4.649 bg=0.00324 ba=0.51140
[tight-lio] t=1317401433.789 corr=2448 lidar=ok rms=0.0323 time=63.80 ms | v=4.810 bg=0.00301 ba=0.50815
[tight-lio] t=1317401433.893 corr=2527 lidar=ok rms=0.0428 time=99.37 ms | v=4.977 bg=0.00298 ba=0.50425
[tight-lio] t=1317401433.996 corr=2606 lidar=ok rms=0.0504 time=98.73 ms | v=5.143 bg=0.00288 ba=0.49988
[tight-lio] t=1317401434.100 corr=2716 lidar=ok rms=0.0911 time=99.53 ms | v=5.295 bg=0.00259 ba=0.49435
[tight-lio] t=1317401434.204 corr=2513 lidar=ok rms=0.0578 time=89.91 ms | v=5.452 bg=0.00243 ba=0.49031
[tight-lio] t=1317401434.307 corr=2473 lidar=ok rms=0.0390 time=86.54 ms | v=5.627 bg=0.00222 ba=0.48675
[tight-lio] t=1317401434.411 corr=2488 lidar=ok rms=0.0360 time=96.57 ms | v=5.788 bg=0.00186 ba=0.48165
[tight-lio] t=1317401434.515 corr=2491 lidar=ok rms=0.0361 time=89.79 ms | v=5.959 bg=0.00154 ba=0.47771
[tight-lio] t=1317401434.618 corr=2495 lidar=ok rms=0.0354 time=88.03 ms | v=6.115 bg=0.00151 ba=0.47168
[tight-lio] t=1317401434.722 corr=2715 lidar=ok rms=0.0442 time=103.27 ms | v=6.254 bg=0.00173 ba=0.46047
[tight-lio] t=1317401434.826 corr=2737 lidar=ok rms=0.0437 time=119.99 ms | v=6.335 bg=0.00173 ba=0.44688
[tight-lio] t=1317401434.929 corr=2891 lidar=ok rms=0.0589 time=104.26 ms | v=6.503 bg=0.00161 ba=0.43945
[tight-lio] t=1317401435.033 corr=2666 lidar=ok rms=0.0494 time=88.42 ms | v=6.625 bg=0.00146 ba=0.43157
[tight-lio] t=1317401435.137 corr=2726 lidar=ok rms=0.0353 time=93.63 ms | v=6.778 bg=0.00137 ba=0.42806
[tight-lio] t=1317401435.240 corr=2786 lidar=ok rms=0.0405 time=85.90 ms | v=6.901 bg=0.00146 ba=0.42024
[tight-lio] t=1317401435.344 corr=2630 lidar=ok rms=0.0402 time=87.30 ms | v=7.059 bg=0.00135 ba=0.41494
[tight-lio] t=1317401435.448 corr=2595 lidar=ok rms=0.0391 time=89.42 ms | v=7.177 bg=0.00149 ba=0.40688
[tight-lio] t=1317401435.552 corr=2622 lidar=ok rms=0.0379 time=84.20 ms | v=7.298 bg=0.00173 ba=0.39690
[tight-lio] t=1317401435.655 corr=2578 lidar=ok rms=0.0488 time=97.08 ms | v=7.408 bg=0.00174 ba=0.38640
[tight-lio] t=1317401435.759 corr=2357 lidar=ok rms=0.0408 time=79.05 ms | v=7.528 bg=0.00169 ba=0.38007
[tight-lio] t=1317401435.863 corr=1990 lidar=ok rms=0.0559 time=74.03 ms | v=7.661 bg=0.00170 ba=0.37451
[tight-lio] t=1317401435.967 corr=2005 lidar=ok rms=0.0610 time=85.17 ms | v=7.794 bg=0.00193 ba=0.36873
[tight-lio] t=1317401436.071 corr=1881 lidar=ok rms=0.0444 time=74.12 ms | v=7.853 bg=0.00190 ba=0.36102
[tight-lio] t=1317401436.175 corr=1799 lidar=ok rms=0.0577 time=73.76 ms | v=7.917 bg=0.00196 ba=0.35252
[tight-lio] t=1317401436.279 corr=1735 lidar=ok rms=0.0537 time=71.85 ms | v=7.986 bg=0.00187 ba=0.34487
[tight-lio] t=1317401436.383 corr=1855 lidar=ok rms=0.0523 time=73.99 ms | v=8.051 bg=0.00171 ba=0.33641
[tight-lio] t=1317401436.486 corr=1830 lidar=ok rms=0.0618 time=74.34 ms | v=8.138 bg=0.00172 ba=0.32906
[tight-lio] t=1317401436.590 corr=1865 lidar=ok rms=0.0396 time=77.26 ms | v=8.245 bg=0.00173 ba=0.32247
[tight-lio] t=1317401436.694 corr=1740 lidar=ok rms=0.0677 time=71.94 ms | v=8.362 bg=0.00194 ba=0.31609
[tight-lio] t=1317401436.798 corr=1732 lidar=ok rms=0.0455 time=72.26 ms | v=8.456 bg=0.00204 ba=0.30791
[tight-lio] t=1317401436.902 corr=1671 lidar=ok rms=0.0410 time=71.78 ms | v=8.556 bg=0.00186 ba=0.30201
[tight-lio] t=1317401437.006 corr=1632 lidar=ok rms=0.0368 time=68.52 ms | v=8.659 bg=0.00163 ba=0.29774
[tight-lio] t=1317401437.110 corr=1612 lidar=ok rms=0.0353 time=70.95 ms | v=8.758 bg=0.00153 ba=0.29184
[tight-lio] t=1317401437.214 corr=1565 lidar=ok rms=0.0341 time=71.72 ms | v=8.883 bg=0.00158 ba=0.28772
[tight-lio] t=1317401437.317 corr=1440 lidar=ok rms=0.0405 time=72.77 ms | v=8.998 bg=0.00166 ba=0.28275
[tight-lio] t=1317401437.421 corr=1580 lidar=ok rms=0.0436 time=70.60 ms | v=9.115 bg=0.00164 ba=0.27770
[tight-lio] t=1317401437.525 corr=1629 lidar=ok rms=0.0411 time=73.52 ms | v=9.217 bg=0.00152 ba=0.27360
[tight-lio] t=1317401437.629 corr=1541 lidar=ok rms=0.0524 time=75.39 ms | v=9.327 bg=0.00141 ba=0.27046
[tight-lio] t=1317401437.733 corr=1383 lidar=ok rms=0.0524 time=71.34 ms | v=9.438 bg=0.00161 ba=0.26499
[tight-lio] t=1317401437.837 corr=1277 lidar=ok rms=0.0621 time=68.31 ms | v=9.592 bg=0.00205 ba=0.26410
[tight-lio] t=1317401437.940 corr=1253 lidar=ok rms=0.0492 time=73.33 ms | v=9.703 bg=0.00213 ba=0.26013
[tight-lio] t=1317401438.044 corr=1329 lidar=ok rms=0.0348 time=70.91 ms | v=9.803 bg=0.00185 ba=0.25938
[tight-lio] t=1317401438.148 corr=1501 lidar=ok rms=0.0341 time=70.08 ms | v=9.875 bg=0.00166 ba=0.25826
[tight-lio] t=1317401438.252 corr=1496 lidar=ok rms=0.0521 time=72.16 ms | v=9.940 bg=0.00139 ba=0.25804
[tight-lio] t=1317401438.356 corr=1347 lidar=ok rms=0.0563 time=66.94 ms | v=9.995 bg=0.00112 ba=0.25732
[tight-lio] t=1317401438.460 corr=1792 lidar=ok rms=0.0504 time=78.60 ms | v=9.997 bg=0.00102 ba=0.25027
[tight-lio] t=1317401438.563 corr=1793 lidar=ok rms=0.0540 time=72.29 ms | v=10.067 bg=0.00115 ba=0.24863
[tight-lio] t=1317401438.667 corr=2174 lidar=ok rms=0.0405 time=80.02 ms | v=10.014 bg=0.00133 ba=0.23621
[tight-lio] t=1317401438.771 corr=1939 lidar=ok rms=0.0418 time=74.05 ms | v=10.098 bg=0.00159 ba=0.23611
[tight-lio] t=1317401438.875 corr=1921 lidar=ok rms=0.0641 time=83.69 ms | v=10.077 bg=0.00189 ba=0.22784
[tight-lio] t=1317401438.979 corr=2060 lidar=ok rms=0.0380 time=78.21 ms | v=10.131 bg=0.00166 ba=0.22890
[tight-lio] t=1317401439.083 corr=2087 lidar=ok rms=0.0714 time=75.48 ms | v=10.182 bg=0.00148 ba=0.22991
[tight-lio] t=1317401439.187 corr=2278 lidar=ok rms=0.0456 time=80.19 ms | v=10.221 bg=0.00160 ba=0.22875
[tight-lio] t=1317401439.291 corr=1898 lidar=ok rms=0.0372 time=74.70 ms | v=10.266 bg=0.00160 ba=0.22721
[tight-lio] t=1317401439.395 corr=2269 lidar=ok rms=0.0381 time=79.59 ms | v=10.318 bg=0.00151 ba=0.22840
[tight-lio] t=1317401439.499 corr=1839 lidar=ok rms=0.0489 time=76.63 ms | v=10.375 bg=0.00157 ba=0.22768
[tight-lio] t=1317401439.602 corr=2488 lidar=ok rms=0.0406 time=85.12 ms | v=10.427 bg=0.00186 ba=0.22731
[tight-lio] t=1317401439.706 corr=2657 lidar=ok rms=0.0358 time=97.15 ms | v=10.446 bg=0.00170 ba=0.22395
[tight-lio] t=1317401439.810 corr=1895 lidar=ok rms=0.1269 time=75.22 ms | v=10.480 bg=0.00148 ba=0.22374
[tight-lio] t=1317401439.914 corr=2586 lidar=ok rms=0.0415 time=84.10 ms | v=10.507 bg=0.00145 ba=0.22298
[tight-lio] t=1317401440.018 corr=2630 lidar=ok rms=0.0322 time=90.77 ms | v=10.550 bg=0.00167 ba=0.22178
[tight-lio] t=1317401440.122 corr=2514 lidar=ok rms=0.0530 time=82.82 ms | v=10.602 bg=0.00190 ba=0.22145
[tight-lio] t=1317401440.226 corr=2780 lidar=ok rms=0.0322 time=88.02 ms | v=10.621 bg=0.00196 ba=0.21915
[tight-lio] t=1317401440.330 corr=2703 lidar=ok rms=0.1441 time=85.15 ms | v=10.646 bg=0.00187 ba=0.21931
[tight-lio] t=1317401440.434 corr=2775 lidar=ok rms=0.0957 time=94.66 ms | v=10.648 bg=0.00161 ba=0.21956
[tight-lio] t=1317401440.538 corr=2616 lidar=ok rms=0.0391 time=98.73 ms | v=10.614 bg=0.00170 ba=0.21521
[tight-lio] t=1317401440.642 corr=2500 lidar=ok rms=0.0460 time=86.19 ms | v=10.566 bg=0.00187 ba=0.20812
[tight-lio] t=1317401440.746 corr=2308 lidar=ok rms=0.0429 time=82.54 ms | v=10.591 bg=0.00185 ba=0.20807
[tight-lio] t=1317401440.850 corr=2322 lidar=ok rms=0.0487 time=81.35 ms | v=10.545 bg=0.00172 ba=0.20387
[tight-lio] t=1317401440.953 corr=2312 lidar=ok rms=0.0451 time=87.28 ms | v=10.455 bg=0.00163 ba=0.19523
[tight-lio] t=1317401441.057 corr=1932 lidar=ok rms=0.0502 time=76.74 ms | v=10.392 bg=0.00160 ba=0.18996
[tight-lio] t=1317401441.161 corr=1811 lidar=ok rms=0.0480 time=80.40 ms | v=10.314 bg=0.00160 ba=0.18550
[tight-lio] t=1317401441.265 corr=2061 lidar=ok rms=0.2261 time=88.17 ms | v=10.212 bg=0.00111 ba=0.18036
[tight-lio] t=1317401441.369 corr=1935 lidar=ok rms=0.0522 time=74.39 ms | v=10.167 bg=0.00125 ba=0.17750
[tight-lio] t=1317401441.473 corr=1879 lidar=ok rms=0.0804 time=77.44 ms | v=10.091 bg=0.00148 ba=0.17183
[tight-lio] t=1317401441.577 corr=1706 lidar=ok rms=0.0444 time=77.73 ms | v=10.030 bg=0.00154 ba=0.16825
[tight-lio] t=1317401441.681 corr=2070 lidar=ok rms=0.0494 time=81.45 ms | v=9.891 bg=0.00138 ba=0.15939
[tight-lio] t=1317401441.785 corr=1843 lidar=ok rms=0.0778 time=75.45 ms | v=9.839 bg=0.00147 ba=0.15566
[tight-lio] t=1317401441.889 corr=1760 lidar=ok rms=0.0523 time=77.45 ms | v=9.835 bg=0.00171 ba=0.15076
[tight-lio] t=1317401441.992 corr=1626 lidar=ok rms=0.0532 time=78.48 ms | v=9.853 bg=0.00189 ba=0.14844
[tight-lio] t=1317401442.096 corr=1496 lidar=ok rms=0.0627 time=69.99 ms | v=9.865 bg=0.00159 ba=0.14623
[tight-lio] t=1317401442.200 corr=1187 lidar=ok rms=0.0549 time=67.34 ms | v=9.839 bg=0.00110 ba=0.14591
[tight-lio] t=1317401442.304 corr=1197 lidar=ok rms=0.0610 time=66.75 ms | v=9.846 bg=0.00086 ba=0.14565
[tight-lio] t=1317401442.408 corr=1331 lidar=ok rms=0.0541 time=65.83 ms | v=9.893 bg=0.00101 ba=0.14827
[tight-lio] t=1317401442.512 corr=1644 lidar=ok rms=0.0399 time=68.79 ms | v=9.970 bg=0.00132 ba=0.15113
[tight-lio] t=1317401442.616 corr=1552 lidar=ok rms=0.0448 time=67.02 ms | v=10.031 bg=0.00161 ba=0.15218
[tight-lio] t=1317401442.720 corr=1825 lidar=ok rms=0.0422 time=71.42 ms | v=10.084 bg=0.00182 ba=0.15774
[tight-lio] t=1317401442.824 corr=1459 lidar=ok rms=0.0332 time=66.33 ms | v=10.136 bg=0.00161 ba=0.15900
[tight-lio] t=1317401442.928 corr=1496 lidar=ok rms=0.0346 time=67.66 ms | v=10.179 bg=0.00145 ba=0.16102
[tight-lio] t=1317401443.032 corr=1554 lidar=ok rms=0.0416 time=75.48 ms | v=10.207 bg=0.00144 ba=0.16297
[tight-lio] t=1317401443.136 corr=1371 lidar=ok rms=0.0455 time=69.85 ms | v=10.284 bg=0.00165 ba=0.16857
[tight-lio] t=1317401443.240 corr=1470 lidar=ok rms=0.0397 time=85.58 ms | v=10.359 bg=0.00192 ba=0.16979
[tight-lio] t=1317401443.344 corr=1159 lidar=ok rms=0.0365 time=65.71 ms | v=10.423 bg=0.00193 ba=0.17206
[tight-lio] t=1317401443.448 corr=1206 lidar=ok rms=0.0443 time=64.67 ms | v=10.472 bg=0.00172 ba=0.17265
[tight-lio] t=1317401443.552 corr=1142 lidar=ok rms=0.0596 time=65.28 ms | v=10.529 bg=0.00183 ba=0.17480
[tight-lio] t=1317401443.656 corr=1479 lidar=ok rms=0.0342 time=66.23 ms | v=10.559 bg=0.00180 ba=0.17482
[tight-lio] t=1317401443.760 corr=1379 lidar=ok rms=0.0673 time=66.44 ms | v=10.547 bg=0.00148 ba=0.17538
[tight-lio] t=1317401443.863 corr=1486 lidar=ok rms=0.0473 time=67.90 ms | v=10.505 bg=0.00168 ba=0.17511
[tight-lio] t=1317401443.967 corr=1435 lidar=ok rms=0.0790 time=65.13 ms | v=10.524 bg=0.00195 ba=0.17589
[tight-lio] t=1317401444.071 corr=1341 lidar=ok rms=0.0388 time=62.27 ms | v=10.535 bg=0.00219 ba=0.17596
[tight-lio] t=1317401444.175 corr=1381 lidar=ok rms=0.0382 time=60.77 ms | v=10.496 bg=0.00226 ba=0.17730
[tight-lio] t=1317401444.279 corr=1393 lidar=ok rms=0.0277 time=61.06 ms | v=10.448 bg=0.00214 ba=0.17855
[tight-lio] t=1317401444.383 corr=1696 lidar=ok rms=0.0542 time=68.76 ms | v=10.354 bg=0.00215 ba=0.17851
[tight-lio] t=1317401444.487 corr=1524 lidar=ok rms=0.0412 time=65.94 ms | v=10.357 bg=0.00225 ba=0.17914
[tight-lio] t=1317401444.591 corr=1506 lidar=ok rms=0.0419 time=66.03 ms | v=10.314 bg=0.00215 ba=0.17954
[tight-lio] t=1317401444.695 corr=1466 lidar=ok rms=0.0411 time=64.71 ms | v=10.278 bg=0.00192 ba=0.17962
[tight-lio] t=1317401444.799 corr=1592 lidar=ok rms=0.0532 time=67.95 ms | v=10.198 bg=0.00169 ba=0.17995
[tight-lio] t=1317401444.903 corr=1490 lidar=ok rms=0.0414 time=68.01 ms | v=10.153 bg=0.00172 ba=0.18033
[tight-lio] t=1317401445.007 corr=1495 lidar=ok rms=0.0435 time=69.04 ms | v=10.112 bg=0.00181 ba=0.18253
[tight-lio] t=1317401445.111 corr=1696 lidar=ok rms=0.0348 time=71.21 ms | v=10.073 bg=0.00199 ba=0.18593
[tight-lio] t=1317401445.215 corr=1686 lidar=ok rms=0.0373 time=71.57 ms | v=10.055 bg=0.00208 ba=0.18780
[tight-lio] t=1317401445.319 corr=2016 lidar=ok rms=0.0388 time=75.78 ms | v=10.001 bg=0.00212 ba=0.18893
[tight-lio] t=1317401445.422 corr=2216 lidar=ok rms=0.0481 time=76.40 ms | v=9.956 bg=0.00196 ba=0.18969
[tight-lio] t=1317401445.526 corr=2500 lidar=ok rms=0.0433 time=81.49 ms | v=9.867 bg=0.00181 ba=0.19169
[tight-lio] t=1317401445.630 corr=2740 lidar=ok rms=0.0629 time=82.84 ms | v=9.799 bg=0.00171 ba=0.19347
[tight-lio] t=1317401445.734 corr=3290 lidar=ok rms=0.0351 time=87.65 ms | v=9.769 bg=0.00180 ba=0.19492
[tight-lio] t=1317401445.838 corr=3688 lidar=ok rms=0.0319 time=93.97 ms | v=9.744 bg=0.00188 ba=0.19734
[tight-lio] t=1317401445.942 corr=3691 lidar=ok rms=0.0423 time=94.37 ms | v=9.757 bg=0.00215 ba=0.20016
[tight-lio] t=1317401446.046 corr=3501 lidar=ok rms=0.0532 time=92.39 ms | v=9.754 bg=0.00240 ba=0.20143
[tight-lio] t=1317401446.150 corr=3568 lidar=ok rms=0.0437 time=93.03 ms | v=9.703 bg=0.00203 ba=0.20416
[tight-lio] t=1317401446.254 corr=3194 lidar=ok rms=0.0420 time=88.34 ms | v=9.627 bg=0.00145 ba=0.20635
[tight-lio] t=1317401446.358 corr=3329 lidar=ok rms=0.0935 time=91.19 ms | v=9.547 bg=0.00091 ba=0.20930
[tight-lio] t=1317401446.461 corr=3515 lidar=ok rms=0.0493 time=98.61 ms | v=9.511 bg=0.00120 ba=0.21213
[tight-lio] t=1317401446.565 corr=3238 lidar=ok rms=0.0513 time=86.17 ms | v=9.498 bg=0.00152 ba=0.21453
[tight-lio] t=1317401446.669 corr=3660 lidar=ok rms=0.0406 time=99.64 ms | v=9.514 bg=0.00212 ba=0.21766
[tight-lio] t=1317401446.773 corr=3774 lidar=ok rms=0.0453 time=92.78 ms | v=9.499 bg=0.00225 ba=0.21890
[tight-lio] t=1317401446.877 corr=3887 lidar=ok rms=0.0394 time=90.47 ms | v=9.463 bg=0.00202 ba=0.21992
[tight-lio] t=1317401446.981 corr=3412 lidar=ok rms=0.0369 time=92.43 ms | v=9.414 bg=0.00186 ba=0.21996
[tight-lio] t=1317401447.085 corr=3197 lidar=ok rms=0.0416 time=87.52 ms | v=9.375 bg=0.00182 ba=0.22245
[tight-lio] t=1317401447.189 corr=2982 lidar=ok rms=0.0630 time=89.45 ms | v=9.335 bg=0.00178 ba=0.22273
[tight-lio] t=1317401447.293 corr=3186 lidar=ok rms=0.0390 time=90.51 ms | v=9.268 bg=0.00169 ba=0.22624
[tight-lio] t=1317401447.396 corr=2778 lidar=ok rms=0.1288 time=84.98 ms | v=9.235 bg=0.00182 ba=0.22946
[tight-lio] t=1317401447.500 corr=2751 lidar=ok rms=0.0572 time=89.76 ms | v=9.206 bg=0.00190 ba=0.23200
[tight-lio] t=1317401447.604 corr=2611 lidar=ok rms=0.0543 time=84.40 ms | v=9.167 bg=0.00204 ba=0.23430
[tight-lio] t=1317401447.708 corr=2629 lidar=ok rms=0.0521 time=82.51 ms | v=9.105 bg=0.00202 ba=0.23660
[tight-lio] t=1317401447.812 corr=2624 lidar=ok rms=0.0615 time=82.95 ms | v=9.056 bg=0.00201 ba=0.24030
[tight-lio] t=1317401447.916 corr=2570 lidar=ok rms=0.0471 time=87.05 ms | v=9.007 bg=0.00187 ba=0.24227
[tight-lio] t=1317401448.020 corr=2397 lidar=ok rms=0.0461 time=81.86 ms | v=8.962 bg=0.00177 ba=0.24388
[tight-lio] t=1317401448.124 corr=2462 lidar=ok rms=0.0637 time=81.40 ms | v=8.917 bg=0.00157 ba=0.24565
[tight-lio] t=1317401448.228 corr=2311 lidar=ok rms=0.0660 time=80.41 ms | v=8.895 bg=0.00160 ba=0.24720
[tight-lio] t=1317401448.332 corr=2313 lidar=ok rms=0.0440 time=80.02 ms | v=8.899 bg=0.00182 ba=0.24969
[tight-lio] t=1317401448.436 corr=2367 lidar=ok rms=0.0710 time=79.66 ms | v=8.891 bg=0.00218 ba=0.25375
[tight-lio] t=1317401448.540 corr=2417 lidar=ok rms=0.0503 time=81.75 ms | v=8.849 bg=0.00207 ba=0.25635
[tight-lio] t=1317401448.643 corr=1865 lidar=ok rms=0.0570 time=74.76 ms | v=8.790 bg=0.00195 ba=0.25967
[tight-lio] t=1317401448.747 corr=2291 lidar=ok rms=0.0405 time=81.90 ms | v=8.758 bg=0.00194 ba=0.26212
[tight-lio] t=1317401448.851 corr=2096 lidar=ok rms=0.0359 time=74.13 ms | v=8.748 bg=0.00186 ba=0.26303
[tight-lio] t=1317401448.955 corr=2806 lidar=ok rms=0.0520 time=83.78 ms | v=8.710 bg=0.00174 ba=0.26531
[tight-lio] t=1317401449.059 corr=2520 lidar=ok rms=0.0768 time=76.68 ms | v=8.716 bg=0.00183 ba=0.26570
[tight-lio] t=1317401449.163 corr=2599 lidar=ok rms=0.0337 time=77.36 ms | v=8.702 bg=0.00187 ba=0.26812
[tight-lio] t=1317401449.267 corr=2529 lidar=ok rms=0.0477 time=81.05 ms | v=8.665 bg=0.00177 ba=0.27074
[tight-lio] t=1317401449.371 corr=2935 lidar=ok rms=0.0393 time=88.95 ms | v=8.609 bg=0.00166 ba=0.27446
[tight-lio] t=1317401449.475 corr=3146 lidar=ok rms=0.0367 time=80.11 ms | v=8.591 bg=0.00177 ba=0.27673
[tight-lio] t=1317401449.579 corr=3395 lidar=ok rms=0.0431 time=94.97 ms | v=8.623 bg=0.00208 ba=0.27798
[tight-lio] t=1317401449.683 corr=4223 lidar=ok rms=0.0410 time=98.06 ms | v=8.583 bg=0.00206 ba=0.28004
[tight-lio] t=1317401449.787 corr=4597 lidar=ok rms=0.0381 time=101.01 ms | v=8.577 bg=0.00177 ba=0.28118
[tight-lio] t=1317401449.891 corr=4188 lidar=ok rms=0.0415 time=98.30 ms | v=8.592 bg=0.00151 ba=0.28223
[tight-lio] t=1317401449.995 corr=4198 lidar=ok rms=0.0348 time=84.29 ms | v=8.648 bg=0.00151 ba=0.28306
[tight-lio] t=1317401450.099 corr=4418 lidar=ok rms=0.0381 time=105.59 ms | v=8.707 bg=0.00171 ba=0.28547
[tight-lio] t=1317401450.203 corr=4118 lidar=ok rms=0.0341 time=101.86 ms | v=8.776 bg=0.00190 ba=0.28783
[tight-lio] t=1317401450.307 corr=3883 lidar=ok rms=0.0333 time=88.24 ms | v=8.855 bg=0.00200 ba=0.28857
[tight-lio] t=1317401450.411 corr=3864 lidar=ok rms=0.0350 time=92.62 ms | v=8.917 bg=0.00199 ba=0.29069
[tight-lio] t=1317401450.515 corr=3180 lidar=ok rms=0.0314 time=85.30 ms | v=8.965 bg=0.00183 ba=0.29290
[tight-lio] t=1317401450.618 corr=2946 lidar=ok rms=0.0585 time=86.16 ms | v=8.996 bg=0.00163 ba=0.29251
[tight-lio] t=1317401450.722 corr=2617 lidar=ok rms=0.0392 time=78.63 ms | v=9.006 bg=0.00162 ba=0.29412
[tight-lio] t=1317401450.826 corr=2357 lidar=ok rms=0.0330 time=74.64 ms | v=9.016 bg=0.00183 ba=0.29573
[tight-lio] t=1317401450.930 corr=2652 lidar=ok rms=0.0389 time=78.05 ms | v=9.001 bg=0.00203 ba=0.29853
[tight-lio] t=1317401451.034 corr=2669 lidar=ok rms=0.0355 time=77.97 ms | v=8.998 bg=0.00202 ba=0.30006
[tight-lio] t=1317401451.138 corr=2347 lidar=ok rms=0.0381 time=74.08 ms | v=8.962 bg=0.00192 ba=0.30285
[tight-lio] t=1317401451.242 corr=2429 lidar=ok rms=0.0351 time=76.56 ms | v=8.922 bg=0.00190 ba=0.30430
[tight-lio] t=1317401451.346 corr=2248 lidar=ok rms=0.0638 time=73.95 ms | v=8.863 bg=0.00190 ba=0.30714
[tight-lio] t=1317401451.450 corr=1992 lidar=ok rms=0.0437 time=71.18 ms | v=8.826 bg=0.00193 ba=0.30889
[tight-lio] t=1317401451.554 corr=2014 lidar=ok rms=0.0431 time=72.30 ms | v=8.777 bg=0.00181 ba=0.31143
[tight-lio] t=1317401451.658 corr=1852 lidar=ok rms=0.0379 time=68.73 ms | v=8.778 bg=0.00186 ba=0.31129
[tight-lio] t=1317401451.762 corr=1907 lidar=ok rms=0.0420 time=71.17 ms | v=8.708 bg=0.00184 ba=0.31369
[tight-lio] t=1317401451.866 corr=1668 lidar=ok rms=0.0459 time=71.38 ms | v=8.705 bg=0.00182 ba=0.31357
[tight-lio] t=1317401451.970 corr=1555 lidar=ok rms=0.0438 time=66.58 ms | v=8.691 bg=0.00187 ba=0.31375
[tight-lio] t=1317401452.074 corr=1491 lidar=ok rms=0.0424 time=68.80 ms | v=8.681 bg=0.00216 ba=0.31558
[tight-lio] t=1317401452.178 corr=1364 lidar=ok rms=0.0473 time=66.06 ms | v=8.697 bg=0.00230 ba=0.31578
[tight-lio] t=1317401452.282 corr=2080 lidar=ok rms=0.0339 time=75.30 ms | v=8.664 bg=0.00212 ba=0.31960
[tight-lio] t=1317401452.386 corr=2167 lidar=ok rms=0.0487 time=72.98 ms | v=8.651 bg=0.00190 ba=0.32193
[tight-lio] t=1317401452.490 corr=2466 lidar=ok rms=0.0446 time=74.26 ms | v=8.659 bg=0.00188 ba=0.32433
[tight-lio] t=1317401452.594 corr=2083 lidar=ok rms=0.0475 time=68.21 ms | v=8.686 bg=0.00180 ba=0.32632
[tight-lio] t=1317401452.698 corr=1832 lidar=ok rms=0.0398 time=62.05 ms | v=8.691 bg=0.00168 ba=0.32658
[tight-lio] t=1317401452.802 corr=1719 lidar=ok rms=0.0346 time=58.51 ms | v=8.684 bg=0.00169 ba=0.32747
[tight-lio] t=1317401452.906 corr=1707 lidar=ok rms=0.0330 time=57.22 ms | v=8.686 bg=0.00194 ba=0.32853
[tight-lio] t=1317401453.010 corr=2327 lidar=ok rms=0.1025 time=46.69 ms | v=8.698 bg=0.00220 ba=0.32968
[tight-lio] t=1317401453.114 corr=2952 lidar=ok rms=0.0484 time=76.95 ms | v=8.642 bg=0.00225 ba=0.33236
[tight-lio] t=1317401453.218 corr=3064 lidar=ok rms=0.0323 time=75.60 ms | v=8.606 bg=0.00209 ba=0.33497
[tight-lio] t=1317401453.322 corr=3231 lidar=ok rms=0.0314 time=56.45 ms | v=8.590 bg=0.00206 ba=0.33632
[tight-lio] t=1317401453.425 corr=2246 lidar=ok rms=0.0322 time=72.98 ms | v=8.561 bg=0.00195 ba=0.33758
[tight-lio] t=1317401453.529 corr=2382 lidar=ok rms=0.0493 time=55.10 ms | v=8.548 bg=0.00191 ba=0.33752
[tight-lio] t=1317401453.633 corr=2530 lidar=ok rms=0.1016 time=76.36 ms | v=8.492 bg=0.00177 ba=0.34017
[tight-lio] t=1317401453.737 corr=2402 lidar=ok rms=0.0417 time=75.21 ms | v=8.496 bg=0.00177 ba=0.33913
[tight-lio] t=1317401453.841 corr=2877 lidar=ok rms=0.0458 time=83.21 ms | v=8.508 bg=0.00188 ba=0.33829
[tight-lio] t=1317401453.945 corr=2551 lidar=ok rms=0.0340 time=70.97 ms | v=8.501 bg=0.00206 ba=0.33971
[tight-lio] t=1317401454.049 corr=2804 lidar=ok rms=0.0859 time=92.20 ms | v=8.533 bg=0.00206 ba=0.33997
[tight-lio] t=1317401454.153 corr=2608 lidar=ok rms=0.0747 time=77.76 ms | v=8.496 bg=0.00182 ba=0.34159
[tight-lio] t=1317401454.257 corr=2428 lidar=ok rms=0.0498 time=78.48 ms | v=8.450 bg=0.00172 ba=0.34326
[tight-lio] t=1317401454.361 corr=2380 lidar=ok rms=0.0520 time=75.72 ms | v=8.412 bg=0.00180 ba=0.34564
[tight-lio] t=1317401454.465 corr=1906 lidar=ok rms=0.0656 time=78.34 ms | v=8.384 bg=0.00213 ba=0.34780
[tight-lio] t=1317401454.569 corr=2330 lidar=ok rms=0.0692 time=76.04 ms | v=8.391 bg=0.00234 ba=0.34822
[tight-lio] t=1317401454.673 corr=2201 lidar=ok rms=0.0539 time=75.70 ms | v=8.394 bg=0.00224 ba=0.34853
[tight-lio] t=1317401454.777 corr=2358 lidar=ok rms=0.0433 time=77.63 ms | v=8.366 bg=0.00196 ba=0.34911
[tight-lio] t=1317401454.881 corr=2097 lidar=ok rms=0.0568 time=74.21 ms | v=8.307 bg=0.00163 ba=0.35213
[tight-lio] t=1317401454.985 corr=2301 lidar=ok rms=0.0563 time=76.56 ms | v=8.233 bg=0.00150 ba=0.35510
[tight-lio] t=1317401455.089 corr=2199 lidar=ok rms=0.0493 time=75.50 ms | v=8.201 bg=0.00162 ba=0.35771
[tight-lio] t=1317401455.193 corr=2714 lidar=ok rms=0.0555 time=84.91 ms | v=8.171 bg=0.00192 ba=0.36096
[tight-lio] t=1317401455.297 corr=2224 lidar=ok rms=0.0884 time=77.89 ms | v=8.149 bg=0.00230 ba=0.36576
[tight-lio] t=1317401455.401 corr=2005 lidar=ok rms=0.0675 time=55.87 ms | v=8.188 bg=0.00232 ba=0.36646
[tight-lio] t=1317401455.505 corr=1852 lidar=ok rms=0.0548 time=73.37 ms | v=8.200 bg=0.00209 ba=0.36751
[tight-lio] t=1317401455.609 corr=1837 lidar=ok rms=0.0399 time=73.10 ms | v=8.229 bg=0.00178 ba=0.36885
[tight-lio] t=1317401455.713 corr=1937 lidar=ok rms=0.0659 time=90.81 ms | v=8.283 bg=0.00194 ba=0.37026
[tight-lio] t=1317401455.817 corr=2149 lidar=ok rms=0.0820 time=78.16 ms | v=8.341 bg=0.00199 ba=0.37214
[tight-lio] t=1317401455.921 corr=2179 lidar=ok rms=0.1402 time=81.92 ms | v=8.355 bg=0.00194 ba=0.37584
[tight-lio] t=1317401456.025 corr=2079 lidar=ok rms=0.0592 time=78.54 ms | v=8.390 bg=0.00179 ba=0.37792
[tight-lio] t=1317401456.128 corr=1955 lidar=ok rms=0.1220 time=58.53 ms | v=8.469 bg=0.00185 ba=0.37800
[tight-lio] t=1317401456.232 corr=1805 lidar=ok rms=0.0352 time=74.59 ms | v=8.542 bg=0.00195 ba=0.38012
[tight-lio] t=1317401456.336 corr=2152 lidar=ok rms=0.0607 time=84.95 ms | v=8.576 bg=0.00195 ba=0.38392
[tight-lio] t=1317401456.440 corr=2027 lidar=ok rms=0.0552 time=76.70 ms | v=8.609 bg=0.00164 ba=0.38605
[tight-lio] t=1317401456.544 corr=2033 lidar=ok rms=0.0797 time=84.41 ms | v=8.613 bg=0.00146 ba=0.38966
[tight-lio] t=1317401456.648 corr=2087 lidar=ok rms=0.0945 time=58.37 ms | v=8.684 bg=0.00153 ba=0.39089
[tight-lio] t=1317401456.752 corr=2115 lidar=ok rms=0.0714 time=74.70 ms | v=8.757 bg=0.00174 ba=0.39088
[tight-lio] t=1317401456.856 corr=2593 lidar=ok rms=0.0466 time=80.49 ms | v=8.832 bg=0.00193 ba=0.39370
[tight-lio] t=1317401456.960 corr=2192 lidar=ok rms=0.0479 time=77.86 ms | v=8.909 bg=0.00216 ba=0.39528
[tight-lio] t=1317401457.063 corr=2120 lidar=ok rms=0.0446 time=56.91 ms | v=8.983 bg=0.00214 ba=0.39659
[tight-lio] t=1317401457.167 corr=2339 lidar=ok rms=0.0534 time=84.10 ms | v=9.040 bg=0.00189 ba=0.39696
[tight-lio] t=1317401457.271 corr=2440 lidar=ok rms=0.0489 time=81.24 ms | v=9.072 bg=0.00149 ba=0.39801
[tight-lio] t=1317401457.375 corr=2473 lidar=ok rms=0.0503 time=80.61 ms | v=9.111 bg=0.00138 ba=0.39914
[tight-lio] t=1317401457.479 corr=3345 lidar=ok rms=0.0435 time=88.00 ms | v=9.193 bg=0.00159 ba=0.39971
[tight-lio] t=1317401457.583 corr=3185 lidar=ok rms=0.0466 time=90.78 ms | v=9.259 bg=0.00207 ba=0.40129
[tight-lio] t=1317401457.687 corr=3753 lidar=ok rms=0.0462 time=98.30 ms | v=9.273 bg=0.00231 ba=0.40365
[tight-lio] t=1317401457.791 corr=3722 lidar=ok rms=0.0447 time=93.81 ms | v=9.263 bg=0.00231 ba=0.40592
[tight-lio] t=1317401457.895 corr=3718 lidar=ok rms=0.0381 time=102.06 ms | v=9.237 bg=0.00200 ba=0.40720
[tight-lio] t=1317401457.999 corr=3648 lidar=ok rms=0.0424 time=92.81 ms | v=9.203 bg=0.00183 ba=0.40753
[tight-lio] t=1317401458.102 corr=3487 lidar=ok rms=0.0422 time=89.15 ms | v=9.169 bg=0.00163 ba=0.40946
[tight-lio] t=1317401458.206 corr=3290 lidar=ok rms=0.0404 time=84.28 ms | v=9.149 bg=0.00173 ba=0.41104
[tight-lio] t=1317401458.310 corr=3404 lidar=ok rms=0.0486 time=92.24 ms | v=9.121 bg=0.00194 ba=0.41388
[tight-lio] t=1317401458.414 corr=3909 lidar=ok rms=0.0482 time=97.50 ms | v=9.112 bg=0.00215 ba=0.41615
[tight-lio] t=1317401458.518 corr=3913 lidar=ok rms=0.0410 time=92.75 ms | v=9.100 bg=0.00218 ba=0.41720
[tight-lio] t=1317401458.622 corr=3796 lidar=ok rms=0.0445 time=91.34 ms | v=9.035 bg=0.00192 ba=0.41917
[tight-lio] t=1317401458.726 corr=3476 lidar=ok rms=0.0482 time=90.95 ms | v=8.977 bg=0.00160 ba=0.42229
[tight-lio] t=1317401458.830 corr=3154 lidar=ok rms=0.0565 time=92.47 ms | v=8.869 bg=0.00139 ba=0.42816
[tight-lio] t=1317401458.934 corr=2882 lidar=ok rms=0.0464 time=87.82 ms | v=8.838 bg=0.00155 ba=0.42980
[tight-lio] t=1317401459.038 corr=2674 lidar=ok rms=0.0367 time=92.19 ms | v=8.830 bg=0.00191 ba=0.43038
[tight-lio] t=1317401459.141 corr=3031 lidar=ok rms=0.0403 time=80.79 ms | v=8.835 bg=0.00211 ba=0.43004
[tight-lio] t=1317401459.245 corr=2864 lidar=ok rms=0.0378 time=84.95 ms | v=8.803 bg=0.00206 ba=0.43065
[tight-lio] t=1317401459.349 corr=2719 lidar=ok rms=0.0664 time=71.09 ms | v=8.766 bg=0.00192 ba=0.43274
[tight-lio] t=1317401459.453 corr=2517 lidar=ok rms=0.1703 time=87.59 ms | v=8.679 bg=0.00188 ba=0.43973
[tight-lio] t=1317401459.557 corr=2439 lidar=ok rms=0.0633 time=79.73 ms | v=8.684 bg=0.00183 ba=0.43815
[tight-lio] t=1317401459.661 corr=2265 lidar=ok rms=0.0537 time=71.27 ms | v=8.668 bg=0.00194 ba=0.43848
[tight-lio] t=1317401459.765 corr=2087 lidar=ok rms=0.0456 time=71.62 ms | v=8.692 bg=0.00191 ba=0.43799
[tight-lio] t=1317401459.869 corr=1764 lidar=ok rms=0.0361 time=73.35 ms | v=8.655 bg=0.00176 ba=0.44019
[tight-lio] t=1317401459.973 corr=1892 lidar=ok rms=0.0292 time=52.70 ms | v=8.633 bg=0.00162 ba=0.44182
[tight-lio] t=1317401460.077 corr=1695 lidar=ok rms=0.0580 time=71.77 ms | v=8.599 bg=0.00158 ba=0.44401
[tight-lio] t=1317401460.181 corr=1783 lidar=ok rms=0.0578 time=74.19 ms | v=8.576 bg=0.00173 ba=0.44557
[tight-lio] t=1317401460.285 corr=1627 lidar=ok rms=0.0567 time=70.94 ms | v=8.589 bg=0.00192 ba=0.44642
[tight-lio] t=1317401460.389 corr=1644 lidar=ok rms=0.0354 time=72.52 ms | v=8.582 bg=0.00203 ba=0.44667
[tight-lio] t=1317401460.493 corr=1592 lidar=ok rms=0.0383 time=68.72 ms | v=8.559 bg=0.00200 ba=0.44764
[tight-lio] t=1317401460.597 corr=1610 lidar=ok rms=0.0409 time=68.77 ms | v=8.507 bg=0.00175 ba=0.44928
[tight-lio] t=1317401460.701 corr=1801 lidar=ok rms=0.0579 time=54.38 ms | v=8.408 bg=0.00163 ba=0.45452
[tight-lio] t=1317401460.805 corr=1840 lidar=ok rms=0.0384 time=71.83 ms | v=8.397 bg=0.00172 ba=0.45561
[tight-lio] t=1317401460.908 corr=2083 lidar=ok rms=0.0533 time=74.64 ms | v=8.366 bg=0.00193 ba=0.45743
[tight-lio] t=1317401461.012 corr=2324 lidar=ok rms=0.0328 time=55.37 ms | v=8.281 bg=0.00207 ba=0.45902
[tight-lio] t=1317401461.116 corr=2334 lidar=ok rms=0.0415 time=76.45 ms | v=8.121 bg=0.00188 ba=0.46198
[tight-lio] t=1317401461.220 corr=2575 lidar=ok rms=0.0500 time=81.66 ms | v=7.905 bg=0.00161 ba=0.46697
[tight-lio] t=1317401461.324 corr=2186 lidar=ok rms=0.0405 time=77.16 ms | v=7.746 bg=0.00159 ba=0.46801
[tight-lio] t=1317401461.428 corr=2593 lidar=ok rms=0.0420 time=79.43 ms | v=7.560 bg=0.00173 ba=0.46993
[tight-lio] t=1317401461.532 corr=2683 lidar=ok rms=0.0325 time=78.78 ms | v=7.371 bg=0.00183 ba=0.47051
[tight-lio] t=1317401461.636 corr=3040 lidar=ok rms=0.0327 time=83.28 ms | v=7.205 bg=0.00189 ba=0.46993
[tight-lio] t=1317401461.740 corr=3390 lidar=ok rms=0.0332 time=80.20 ms | v=7.019 bg=0.00200 ba=0.46959
[tight-lio] t=1317401461.844 corr=3635 lidar=ok rms=0.0368 time=95.50 ms | v=6.824 bg=0.00222 ba=0.47068
[tight-lio] t=1317401461.949 corr=3591 lidar=ok rms=0.0351 time=92.53 ms | v=6.611 bg=0.00216 ba=0.47117
[tight-lio] t=1317401462.053 corr=3486 lidar=ok rms=0.0373 time=89.09 ms | v=6.371 bg=0.00199 ba=0.47137
[tight-lio] t=1317401462.157 corr=3472 lidar=ok rms=0.0443 time=90.80 ms | v=6.161 bg=0.00184 ba=0.47273
[tight-lio] t=1317401462.261 corr=3596 lidar=ok rms=0.0351 time=91.80 ms | v=5.967 bg=0.00193 ba=0.47399
[tight-lio] t=1317401462.365 corr=3299 lidar=ok rms=0.0336 time=89.30 ms | v=5.812 bg=0.00218 ba=0.47384
[tight-lio] t=1317401462.469 corr=3315 lidar=ok rms=0.0331 time=86.84 ms | v=5.644 bg=0.00229 ba=0.47473
[tight-lio] t=1317401462.573 corr=3393 lidar=ok rms=0.0334 time=66.80 ms | v=5.457 bg=0.00237 ba=0.47653
[tight-lio] t=1317401462.677 corr=3076 lidar=ok rms=0.0323 time=89.25 ms | v=5.300 bg=0.00235 ba=0.47772
[tight-lio] t=1317401462.781 corr=3070 lidar=ok rms=0.0344 time=61.53 ms | v=5.199 bg=0.00229 ba=0.47793
[tight-lio] t=1317401462.885 corr=3200 lidar=ok rms=0.0335 time=91.48 ms | v=5.137 bg=0.00225 ba=0.47859
[tight-lio] t=1317401462.990 corr=3069 lidar=ok rms=0.0324 time=89.23 ms | v=5.055 bg=0.00215 ba=0.48138
[tight-lio] t=1317401463.094 corr=2614 lidar=ok rms=0.0323 time=91.02 ms | v=4.980 bg=0.00204 ba=0.48167
[tight-lio] t=1317401463.198 corr=2771 lidar=ok rms=0.0304 time=87.10 ms | v=4.881 bg=0.00180 ba=0.48319
[tight-lio] t=1317401463.302 corr=2517 lidar=ok rms=0.0418 time=82.76 ms | v=4.777 bg=0.00165 ba=0.48592
[tight-lio] t=1317401463.405 corr=2645 lidar=ok rms=0.0359 time=85.23 ms | v=4.693 bg=0.00170 ba=0.48846
[tight-lio] t=1317401463.509 corr=2647 lidar=ok rms=0.0259 time=60.50 ms | v=4.614 bg=0.00177 ba=0.48983
[tight-lio] t=1317401463.613 corr=2679 lidar=ok rms=0.0322 time=84.79 ms | v=4.493 bg=0.00170 ba=0.49143
[tight-lio] t=1317401463.717 corr=2897 lidar=ok rms=0.0451 time=89.34 ms | v=4.350 bg=0.00182 ba=0.49487
[tight-lio] t=1317401463.821 corr=2842 lidar=ok rms=0.0445 time=86.20 ms | v=4.185 bg=0.00182 ba=0.49846
[tight-lio] t=1317401463.925 corr=3021 lidar=ok rms=0.0328 time=87.32 ms | v=4.043 bg=0.00165 ba=0.50028
[tight-lio] t=1317401464.028 corr=3039 lidar=ok rms=0.0250 time=87.64 ms | v=3.933 bg=0.00150 ba=0.50205
[tight-lio] t=1317401464.132 corr=3037 lidar=ok rms=0.0284 time=84.71 ms | v=3.835 bg=0.00144 ba=0.50453
[tight-lio] t=1317401464.236 corr=3118 lidar=ok rms=0.0317 time=88.02 ms | v=3.751 bg=0.00140 ba=0.50599
[tight-lio] t=1317401464.340 corr=3153 lidar=ok rms=0.0341 time=90.23 ms | v=3.655 bg=0.00125 ba=0.50762
[tight-lio] t=1317401464.443 corr=3073 lidar=ok rms=0.0364 time=89.79 ms | v=3.557 bg=0.00114 ba=0.50962
[tight-lio] t=1317401464.547 corr=2882 lidar=ok rms=0.0326 time=60.21 ms | v=3.488 bg=0.00123 ba=0.51057
[tight-lio] t=1317401464.651 corr=2767 lidar=ok rms=0.0309 time=61.72 ms | v=3.433 bg=0.00133 ba=0.51066
[tight-lio] t=1317401464.754 corr=2796 lidar=ok rms=0.0325 time=63.48 ms | v=3.371 bg=0.00144 ba=0.51136
[tight-lio] t=1317401464.858 corr=2856 lidar=ok rms=0.0299 time=86.47 ms | v=3.301 bg=0.00144 ba=0.51315
[tight-lio] t=1317401464.962 corr=2789 lidar=ok rms=0.0311 time=84.33 ms | v=3.241 bg=0.00147 ba=0.51533
[tight-lio] t=1317401465.065 corr=2865 lidar=ok rms=0.0399 time=89.00 ms | v=3.183 bg=0.00154 ba=0.51758
[tight-lio] t=1317401465.169 corr=2820 lidar=ok rms=0.0560 time=83.70 ms | v=3.103 bg=0.00156 ba=0.52071
[tight-lio] t=1317401465.273 corr=2909 lidar=ok rms=0.0346 time=85.04 ms | v=3.069 bg=0.00149 ba=0.52245
[tight-lio] t=1317401465.376 corr=2884 lidar=ok rms=0.0416 time=81.58 ms | v=3.031 bg=0.00145 ba=0.52500
[tight-lio] t=1317401465.480 corr=2849 lidar=ok rms=0.0428 time=88.29 ms | v=3.012 bg=0.00144 ba=0.52608
[tight-lio] t=1317401465.584 corr=3028 lidar=ok rms=0.0693 time=88.75 ms | v=2.985 bg=0.00149 ba=0.52835
[tight-lio] t=1317401465.688 corr=2697 lidar=ok rms=0.0388 time=83.50 ms | v=2.968 bg=0.00155 ba=0.52945
[tight-lio] t=1317401465.792 corr=2835 lidar=ok rms=0.0403 time=80.83 ms | v=2.999 bg=0.00156 ba=0.53071
[tight-lio] t=1317401465.895 corr=2520 lidar=ok rms=0.0454 time=82.68 ms | v=3.068 bg=0.00151 ba=0.53126
[tight-lio] t=1317401465.999 corr=2568 lidar=ok rms=0.0477 time=78.79 ms | v=3.158 bg=0.00151 ba=0.53046
[tight-lio] t=1317401466.103 corr=2660 lidar=ok rms=0.0408 time=86.87 ms | v=3.258 bg=0.00150 ba=0.53096
[tight-lio] t=1317401466.207 corr=2882 lidar=ok rms=0.0444 time=89.49 ms | v=3.387 bg=0.00148 ba=0.53313
[tight-lio] t=1317401466.310 corr=2691 lidar=ok rms=0.0415 time=88.71 ms | v=3.494 bg=0.00151 ba=0.53529
[tight-lio] t=1317401466.414 corr=2816 lidar=ok rms=0.0391 time=92.24 ms | v=3.578 bg=0.00148 ba=0.53769
[tight-lio] t=1317401466.518 corr=2837 lidar=ok rms=0.0402 time=89.45 ms | v=3.660 bg=0.00142 ba=0.53978
[tight-lio] t=1317401466.622 corr=2741 lidar=ok rms=0.0446 time=90.27 ms | v=3.758 bg=0.00141 ba=0.54030
[tight-lio] t=1317401466.726 corr=2845 lidar=ok rms=0.0310 time=90.33 ms | v=3.848 bg=0.00143 ba=0.54114
[tight-lio] t=1317401466.829 corr=2774 lidar=ok rms=0.0446 time=88.65 ms | v=3.925 bg=0.00156 ba=0.54301
[tight-lio] t=1317401466.933 corr=2760 lidar=ok rms=0.0511 time=88.19 ms | v=3.999 bg=0.00167 ba=0.54526
[tight-lio] t=1317401467.037 corr=2917 lidar=ok rms=0.0436 time=88.88 ms | v=4.100 bg=0.00175 ba=0.54422
[tight-lio] t=1317401467.141 corr=2856 lidar=ok rms=0.0676 time=88.60 ms | v=4.183 bg=0.00175 ba=0.54456
[tight-lio] t=1317401467.244 corr=2933 lidar=ok rms=0.0548 time=85.78 ms | v=4.264 bg=0.00179 ba=0.54633
[tight-lio] t=1317401467.348 corr=2757 lidar=ok rms=0.0561 time=61.02 ms | v=4.359 bg=0.00183 ba=0.54712
[tight-lio] t=1317401467.452 corr=2521 lidar=ok rms=0.1272 time=85.17 ms | v=4.454 bg=0.00182 ba=0.55013
[tight-lio] t=1317401467.556 corr=2516 lidar=ok rms=0.0965 time=85.48 ms | v=4.558 bg=0.00182 ba=0.55348
[tight-lio] t=1317401467.659 corr=2655 lidar=ok rms=0.1000 time=86.67 ms | v=4.665 bg=0.00175 ba=0.55702
[tight-lio] t=1317401467.763 corr=2225 lidar=ok rms=0.1256 time=107.79 ms | v=4.740 bg=0.00160 ba=0.56476
[tight-lio] t=1317401467.867 corr=2335 lidar=ok rms=0.1081 time=108.76 ms | v=4.774 bg=0.00138 ba=0.58128
[tight-lio] t=1317401467.971 corr=2342 lidar=ok rms=0.0752 time=59.83 ms | v=4.958 bg=0.00141 ba=0.57926
[tight-lio] t=1317401468.075 corr=2248 lidar=ok rms=0.0798 time=99.91 ms | v=5.147 bg=0.00129 ba=0.57554
[tight-lio] t=1317401468.179 corr=2288 lidar=ok rms=0.0622 time=101.80 ms | v=5.371 bg=0.00122 ba=0.57008
[tight-lio] t=1317401468.283 corr=2434 lidar=ok rms=0.0609 time=98.74 ms | v=5.559 bg=0.00118 ba=0.56688
[tight-lio] t=1317401468.387 corr=2361 lidar=ok rms=0.0591 time=95.00 ms | v=5.781 bg=0.00120 ba=0.56135
[tight-lio] t=1317401468.491 corr=2794 lidar=ok rms=0.0899 time=87.15 ms | v=6.046 bg=0.00123 ba=0.54816
[tight-lio] t=1317401468.595 corr=2872 lidar=ok rms=0.0546 time=67.41 ms | v=6.271 bg=0.00131 ba=0.54151
[tight-lio] t=1317401468.699 corr=2953 lidar=ok rms=0.0662 time=77.16 ms | v=6.495 bg=0.00146 ba=0.53586
[tight-lio] t=1317401468.804 corr=2944 lidar=ok rms=0.0646 time=89.35 ms | v=6.729 bg=0.00160 ba=0.53211
[tight-lio] t=1317401468.908 corr=3091 lidar=ok rms=0.0824 time=71.59 ms | v=6.971 bg=0.00174 ba=0.52717
[tight-lio] t=1317401469.012 corr=2792 lidar=ok rms=0.0769 time=92.75 ms | v=7.179 bg=0.00185 ba=0.52433
[tight-lio] t=1317401469.117 corr=2626 lidar=ok rms=0.0456 time=85.53 ms | v=7.364 bg=0.00191 ba=0.52277
[tight-lio] t=1317401469.221 corr=2667 lidar=ok rms=0.0424 time=84.69 ms | v=7.525 bg=0.00197 ba=0.52504
[tight-lio] t=1317401469.325 corr=2530 lidar=ok rms=0.0824 time=91.57 ms | v=7.739 bg=0.00197 ba=0.52261
[tight-lio] t=1317401469.430 corr=2699 lidar=ok rms=0.0435 time=86.48 ms | v=7.890 bg=0.00187 ba=0.52367
[tight-lio] t=1317401469.534 corr=2746 lidar=ok rms=0.0474 time=90.75 ms | v=8.055 bg=0.00177 ba=0.52556
[tight-lio] t=1317401469.638 corr=2689 lidar=ok rms=0.0605 time=95.56 ms | v=8.256 bg=0.00177 ba=0.52310
[tight-lio] t=1317401469.742 corr=2630 lidar=ok rms=0.0658 time=95.75 ms | v=8.505 bg=0.00188 ba=0.52054
[tight-lio] t=1317401469.846 corr=2464 lidar=ok rms=0.0443 time=87.37 ms | v=8.707 bg=0.00196 ba=0.52035
[tight-lio] t=1317401469.950 corr=2575 lidar=ok rms=0.0618 time=107.04 ms | v=8.985 bg=0.00200 ba=0.51624
[tight-lio] t=1317401470.055 corr=2609 lidar=ok rms=0.0541 time=90.57 ms | v=9.210 bg=0.00194 ba=0.51415
[tight-lio] t=1317401470.159 corr=2298 lidar=ok rms=0.0717 time=85.73 ms | v=9.444 bg=0.00184 ba=0.51136
[tight-lio] t=1317401470.263 corr=2329 lidar=ok rms=0.0563 time=85.55 ms | v=9.642 bg=0.00180 ba=0.51035
[tight-lio] t=1317401470.367 corr=2203 lidar=ok rms=0.0493 time=87.72 ms | v=9.827 bg=0.00187 ba=0.51070
[tight-lio] t=1317401470.471 corr=2354 lidar=ok rms=0.0559 time=89.17 ms | v=10.032 bg=0.00189 ba=0.50957
[tight-lio] t=1317401470.575 corr=2605 lidar=ok rms=0.0449 time=88.95 ms | v=10.177 bg=0.00188 ba=0.50896
[tight-lio] t=1317401470.679 corr=2683 lidar=ok rms=0.0506 time=95.86 ms | v=10.339 bg=0.00184 ba=0.50644
[tight-lio] t=1317401470.783 corr=2602 lidar=ok rms=0.0555 time=91.98 ms | v=10.499 bg=0.00183 ba=0.50474
[tight-lio] t=1317401470.886 corr=2435 lidar=ok rms=0.1135 time=60.97 ms | v=10.641 bg=0.00183 ba=0.50403
[tight-lio] t=1317401470.990 corr=2549 lidar=ok rms=0.0392 time=61.29 ms | v=10.773 bg=0.00184 ba=0.50391
[tight-lio] t=1317401471.094 corr=2584 lidar=ok rms=0.0405 time=86.38 ms | v=10.891 bg=0.00184 ba=0.50344
[tight-lio] t=1317401471.198 corr=2473 lidar=ok rms=0.0460 time=87.17 ms | v=11.015 bg=0.00187 ba=0.50286
[tight-lio] t=1317401471.302 corr=2423 lidar=ok rms=0.0407 time=83.07 ms | v=11.155 bg=0.00188 ba=0.50207
[tight-lio] t=1317401471.406 corr=2370 lidar=ok rms=0.0304 time=54.92 ms | v=11.203 bg=0.00189 ba=0.50195
[tight-lio] t=1317401471.510 corr=2626 lidar=ok rms=0.0375 time=62.61 ms | v=11.203 bg=0.00189 ba=0.50053
[tight-lio] t=1317401471.614 corr=2261 lidar=ok rms=0.0502 time=81.27 ms | v=11.171 bg=0.00193 ba=0.50190
[tight-lio] t=1317401471.718 corr=2040 lidar=ok rms=0.0343 time=80.72 ms | v=11.142 bg=0.00201 ba=0.50169
[tight-lio] t=1317401471.822 corr=2225 lidar=ok rms=0.1062 time=82.52 ms | v=11.108 bg=0.00196 ba=0.50156
[tight-lio] t=1317401471.926 corr=2270 lidar=ok rms=0.0756 time=82.52 ms | v=11.193 bg=0.00193 ba=0.49435
[tight-lio] t=1317401472.030 corr=2202 lidar=ok rms=0.0890 time=80.23 ms | v=11.142 bg=0.00192 ba=0.49511
[tight-lio] t=1317401472.134 corr=2379 lidar=ok rms=0.0381 time=59.47 ms | v=11.125 bg=0.00189 ba=0.49504
[tight-lio] t=1317401472.238 corr=2331 lidar=ok rms=0.0469 time=80.95 ms | v=11.077 bg=0.00190 ba=0.49692
[tight-lio] t=1317401472.341 corr=2376 lidar=ok rms=0.0737 time=81.91 ms | v=11.035 bg=0.00195 ba=0.49910
[tight-lio] t=1317401472.445 corr=2294 lidar=ok rms=0.0325 time=82.73 ms | v=10.983 bg=0.00190 ba=0.49980
[tight-lio] t=1317401472.549 corr=2337 lidar=ok rms=0.0622 time=85.40 ms | v=10.973 bg=0.00187 ba=0.49874
[tight-lio] t=1317401472.653 corr=2251 lidar=ok rms=0.0415 time=81.58 ms | v=10.890 bg=0.00184 ba=0.50014
[tight-lio] t=1317401472.757 corr=2403 lidar=ok rms=0.0628 time=58.22 ms | v=10.824 bg=0.00185 ba=0.50020
[tight-lio] t=1317401472.861 corr=2256 lidar=ok rms=0.0461 time=58.91 ms | v=10.772 bg=0.00187 ba=0.50093
[tight-lio] t=1317401472.964 corr=2271 lidar=ok rms=0.0421 time=82.18 ms | v=10.728 bg=0.00188 ba=0.50191
[tight-lio] t=1317401473.068 corr=2486 lidar=ok rms=0.0439 time=86.25 ms | v=10.692 bg=0.00190 ba=0.50180
[tight-lio] t=1317401473.172 corr=2824 lidar=ok rms=0.0594 time=65.03 ms | v=10.659 bg=0.00195 ba=0.50217
[tight-lio] t=1317401473.276 corr=2892 lidar=ok rms=0.0349 time=94.66 ms | v=10.647 bg=0.00199 ba=0.50094
[tight-lio] t=1317401473.380 corr=2973 lidar=ok rms=0.0941 time=88.54 ms | v=10.632 bg=0.00188 ba=0.50065
[tight-lio] t=1317401473.484 corr=2868 lidar=ok rms=0.0335 time=92.60 ms | v=10.597 bg=0.00183 ba=0.50048
[tight-lio] t=1317401473.587 corr=3103 lidar=ok rms=0.0418 time=110.49 ms | v=10.616 bg=0.00193 ba=0.49910
[tight-lio] t=1317401473.691 corr=2867 lidar=ok rms=0.0330 time=63.40 ms | v=10.597 bg=0.00206 ba=0.49868
[tight-lio] t=1317401473.795 corr=2649 lidar=ok rms=0.0310 time=80.61 ms | v=10.533 bg=0.00196 ba=0.49982
[tight-lio] t=1317401473.899 corr=2616 lidar=ok rms=0.0445 time=94.61 ms | v=10.629 bg=0.00173 ba=0.49504
[tight-lio] t=1317401474.003 corr=2764 lidar=ok rms=0.0328 time=82.07 ms | v=10.561 bg=0.00171 ba=0.49608
[tight-lio] t=1317401474.106 corr=2585 lidar=ok rms=0.0420 time=81.49 ms | v=10.533 bg=0.00185 ba=0.49589
[tight-lio] t=1317401474.210 corr=2406 lidar=ok rms=0.0827 time=63.64 ms | v=10.499 bg=0.00196 ba=0.49697
[tight-lio] t=1317401474.314 corr=2471 lidar=ok rms=0.0827 time=83.59 ms | v=10.460 bg=0.00194 ba=0.49758
[tight-lio] t=1317401474.418 corr=2499 lidar=ok rms=0.0630 time=82.09 ms | v=10.397 bg=0.00195 ba=0.49798
[tight-lio] t=1317401474.521 corr=2622 lidar=ok rms=0.0506 time=62.45 ms | v=10.369 bg=0.00195 ba=0.49859
[tight-lio] t=1317401474.625 corr=2788 lidar=ok rms=0.0432 time=65.54 ms | v=10.338 bg=0.00197 ba=0.49798
[tight-lio] t=1317401474.729 corr=2773 lidar=ok rms=0.0527 time=62.18 ms | v=10.292 bg=0.00194 ba=0.49838
[tight-lio] t=1317401474.833 corr=2632 lidar=ok rms=0.0387 time=84.57 ms | v=10.230 bg=0.00192 ba=0.49965
[tight-lio] t=1317401474.937 corr=2959 lidar=ok rms=0.0395 time=104.46 ms | v=10.152 bg=0.00190 ba=0.50137
[tight-lio] t=1317401475.040 corr=3060 lidar=ok rms=0.0578 time=101.79 ms | v=10.207 bg=0.00191 ba=0.49781
[tight-lio] t=1317401475.144 corr=2932 lidar=ok rms=0.0489 time=85.51 ms | v=10.160 bg=0.00193 ba=0.49852
[tight-lio] t=1317401475.248 corr=2866 lidar=ok rms=0.0637 time=90.80 ms | v=10.138 bg=0.00188 ba=0.50079
[tight-lio] t=1317401475.351 corr=2941 lidar=ok rms=0.0737 time=97.11 ms | v=10.154 bg=0.00187 ba=0.50117
[tight-lio] t=1317401475.455 corr=2769 lidar=ok rms=0.0454 time=88.42 ms | v=10.144 bg=0.00189 ba=0.50132
[tight-lio] t=1317401475.559 corr=3205 lidar=ok rms=0.0426 time=93.51 ms | v=10.097 bg=0.00204 ba=0.50311
[tight-lio] t=1317401475.663 corr=2747 lidar=ok rms=0.0394 time=88.44 ms | v=10.066 bg=0.00213 ba=0.50389
[tight-lio] t=1317401475.766 corr=2815 lidar=ok rms=0.0378 time=88.63 ms | v=10.070 bg=0.00204 ba=0.50395
[tight-lio] t=1317401475.870 corr=3240 lidar=ok rms=0.0468 time=104.02 ms | v=10.077 bg=0.00193 ba=0.50321
[tight-lio] t=1317401475.974 corr=3221 lidar=ok rms=0.0535 time=106.39 ms | v=10.102 bg=0.00184 ba=0.50238
[tight-lio] t=1317401476.077 corr=3126 lidar=ok rms=0.0412 time=91.49 ms | v=10.091 bg=0.00175 ba=0.50249
[tight-lio] t=1317401476.181 corr=2847 lidar=ok rms=0.0437 time=92.40 ms | v=10.099 bg=0.00178 ba=0.50324
[tight-lio] t=1317401476.285 corr=2835 lidar=ok rms=0.0503 time=94.44 ms | v=10.145 bg=0.00182 ba=0.50095
[tight-lio] t=1317401476.389 corr=3060 lidar=ok rms=0.0417 time=101.83 ms | v=10.164 bg=0.00190 ba=0.50132
[tight-lio] t=1317401476.492 corr=2933 lidar=ok rms=0.0607 time=89.37 ms | v=10.164 bg=0.00196 ba=0.50110
[tight-lio] t=1317401476.596 corr=3041 lidar=ok rms=0.0476 time=96.45 ms | v=10.193 bg=0.00188 ba=0.50033
[tight-lio] t=1317401476.700 corr=3090 lidar=ok rms=0.0470 time=92.07 ms | v=10.222 bg=0.00185 ba=0.49995
[tight-lio] t=1317401476.803 corr=3068 lidar=ok rms=0.0385 time=90.05 ms | v=10.226 bg=0.00194 ba=0.50021
[tight-lio] t=1317401476.907 corr=2663 lidar=ok rms=0.0481 time=87.07 ms | v=10.244 bg=0.00203 ba=0.49989
[tight-lio] t=1317401477.011 corr=2720 lidar=ok rms=0.0432 time=87.62 ms | v=10.253 bg=0.00187 ba=0.49976
[tight-lio] t=1317401477.115 corr=2955 lidar=ok rms=0.0542 time=102.18 ms | v=10.275 bg=0.00160 ba=0.49833
[tight-lio] t=1317401477.219 corr=3024 lidar=ok rms=0.0447 time=96.13 ms | v=10.252 bg=0.00156 ba=0.49778
[tight-lio] t=1317401477.323 corr=2911 lidar=ok rms=0.0412 time=90.31 ms | v=10.241 bg=0.00173 ba=0.49709
[tight-lio] t=1317401477.427 corr=2831 lidar=ok rms=0.0457 time=88.84 ms | v=10.240 bg=0.00199 ba=0.49788
[tight-lio] t=1317401477.531 corr=2723 lidar=ok rms=0.0395 time=62.31 ms | v=10.236 bg=0.00228 ba=0.49832
[tight-lio] t=1317401477.634 corr=2925 lidar=ok rms=0.0339 time=89.70 ms | v=10.194 bg=0.00210 ba=0.49851
[tight-lio] t=1317401477.738 corr=3056 lidar=ok rms=0.0352 time=90.13 ms | v=10.154 bg=0.00194 ba=0.49847
[tight-lio] t=1317401477.842 corr=3165 lidar=ok rms=0.0355 time=95.06 ms | v=10.132 bg=0.00203 ba=0.49949
[tight-lio] t=1317401477.946 corr=2904 lidar=ok rms=0.0440 time=94.03 ms | v=10.122 bg=0.00223 ba=0.49980
[tight-lio] t=1317401478.050 corr=2763 lidar=ok rms=0.0418 time=88.49 ms | v=10.134 bg=0.00246 ba=0.49980
[tight-lio] t=1317401478.154 corr=2860 lidar=ok rms=0.0496 time=85.77 ms | v=10.132 bg=0.00255 ba=0.50009
[tight-lio] t=1317401478.258 corr=2776 lidar=ok rms=0.0326 time=84.20 ms | v=10.123 bg=0.00231 ba=0.50001
[tight-lio] t=1317401478.362 corr=2927 lidar=ok rms=0.0438 time=60.47 ms | v=10.112 bg=0.00217 ba=0.50042
[tight-lio] t=1317401478.466 corr=3146 lidar=ok rms=0.0320 time=91.66 ms | v=10.146 bg=0.00219 ba=0.50122
[tight-lio] t=1317401478.570 corr=3182 lidar=ok rms=0.0519 time=89.68 ms | v=10.185 bg=0.00219 ba=0.50208
[tight-lio] t=1317401478.674 corr=3623 lidar=ok rms=0.0368 time=93.29 ms | v=10.222 bg=0.00213 ba=0.50332
[tight-lio] t=1317401478.778 corr=3884 lidar=ok rms=0.0424 time=96.42 ms | v=10.266 bg=0.00215 ba=0.50449
[tight-lio] t=1317401478.882 corr=3815 lidar=ok rms=0.0345 time=92.55 ms | v=10.334 bg=0.00216 ba=0.50604
[tight-lio] t=1317401478.986 corr=3792 lidar=ok rms=0.0377 time=94.69 ms | v=10.392 bg=0.00209 ba=0.50598
[tight-lio] t=1317401479.090 corr=3945 lidar=ok rms=0.0352 time=96.34 ms | v=10.446 bg=0.00199 ba=0.50743
[tight-lio] t=1317401479.194 corr=3699 lidar=ok rms=0.0361 time=65.08 ms | v=10.490 bg=0.00191 ba=0.50836
[tight-lio] t=1317401479.298 corr=3955 lidar=ok rms=0.0341 time=92.26 ms | v=10.537 bg=0.00190 ba=0.50915
[tight-lio] t=1317401479.402 corr=3806 lidar=ok rms=0.0323 time=92.62 ms | v=10.599 bg=0.00200 ba=0.51114
[tight-lio] t=1317401479.506 corr=3827 lidar=ok rms=0.0463 time=99.44 ms | v=10.673 bg=0.00209 ba=0.51296
[tight-lio] t=1317401479.610 corr=3558 lidar=ok rms=0.0353 time=94.79 ms | v=10.750 bg=0.00206 ba=0.51524
[tight-lio] t=1317401479.714 corr=3187 lidar=ok rms=0.0322 time=82.56 ms | v=10.805 bg=0.00195 ba=0.51706
[tight-lio] t=1317401479.817 corr=3338 lidar=ok rms=0.0769 time=86.49 ms | v=10.861 bg=0.00191 ba=0.51952
[tight-lio] t=1317401479.921 corr=2987 lidar=ok rms=0.0451 time=80.67 ms | v=10.911 bg=0.00188 ba=0.52133
[tight-lio] t=1317401480.025 corr=2676 lidar=ok rms=0.0334 time=55.68 ms | v=10.958 bg=0.00189 ba=0.52294
[tight-lio] t=1317401480.129 corr=2818 lidar=ok rms=0.0386 time=74.82 ms | v=11.014 bg=0.00189 ba=0.52344
[tight-lio] t=1317401480.233 corr=2841 lidar=ok rms=0.0442 time=78.87 ms | v=11.060 bg=0.00191 ba=0.52405
[tight-lio] t=1317401480.337 corr=3117 lidar=ok rms=0.0516 time=83.63 ms | v=11.120 bg=0.00187 ba=0.52609
[tight-lio] t=1317401480.440 corr=3152 lidar=ok rms=0.0517 time=83.00 ms | v=11.176 bg=0.00192 ba=0.52761
[tight-lio] t=1317401480.544 corr=3025 lidar=ok rms=0.0742 time=89.58 ms | v=11.190 bg=0.00190 ba=0.52839
[tight-lio] t=1317401480.648 corr=2665 lidar=ok rms=0.0324 time=56.50 ms | v=11.185 bg=0.00191 ba=0.52936
[tight-lio] t=1317401480.752 corr=2823 lidar=ok rms=0.0361 time=55.60 ms | v=11.154 bg=0.00189 ba=0.53070
[tight-lio] t=1317401480.856 corr=2838 lidar=ok rms=0.1176 time=76.55 ms | v=11.103 bg=0.00191 ba=0.53089
[tight-lio] t=1317401480.960 corr=2700 lidar=ok rms=0.0461 time=52.96 ms | v=11.075 bg=0.00190 ba=0.53255
[tight-lio] t=1317401481.064 corr=2278 lidar=ok rms=0.0398 time=52.75 ms | v=11.067 bg=0.00188 ba=0.53313
[tight-lio] t=1317401481.167 corr=2147 lidar=ok rms=0.0546 time=73.77 ms | v=11.031 bg=0.00191 ba=0.53435
[tight-lio] t=1317401481.271 corr=2342 lidar=ok rms=0.0584 time=76.45 ms | v=10.999 bg=0.00188 ba=0.53503
[tight-lio] t=1317401481.375 corr=2698 lidar=ok rms=0.0430 time=78.99 ms | v=10.972 bg=0.00183 ba=0.53745
[tight-lio] t=1317401481.479 corr=2495 lidar=ok rms=0.0481 time=76.10 ms | v=10.929 bg=0.00180 ba=0.53843
[tight-lio] t=1317401481.583 corr=2382 lidar=ok rms=0.0497 time=74.04 ms | v=10.912 bg=0.00190 ba=0.53890
[tight-lio] t=1317401481.687 corr=2483 lidar=ok rms=0.0716 time=77.50 ms | v=10.907 bg=0.00201 ba=0.53904
[tight-lio] t=1317401481.791 corr=2221 lidar=ok rms=0.0346 time=47.41 ms | v=10.871 bg=0.00196 ba=0.53902
[tight-lio] t=1317401481.894 corr=2079 lidar=ok rms=0.0686 time=79.89 ms | v=10.815 bg=0.00190 ba=0.53888
[tight-lio] t=1317401481.998 corr=2411 lidar=ok rms=0.0403 time=73.90 ms | v=10.764 bg=0.00195 ba=0.53932
[tight-lio] t=1317401482.102 corr=2714 lidar=ok rms=0.0401 time=89.41 ms | v=10.695 bg=0.00199 ba=0.53991
[tight-lio] t=1317401482.206 corr=2817 lidar=ok rms=0.0393 time=57.31 ms | v=10.634 bg=0.00188 ba=0.53999
[tight-lio] t=1317401482.310 corr=2327 lidar=ok rms=0.0522 time=54.71 ms | v=10.609 bg=0.00186 ba=0.54091
[tight-lio] t=1317401482.414 corr=2273 lidar=ok rms=0.0373 time=74.25 ms | v=10.575 bg=0.00192 ba=0.54223
[tight-lio] t=1317401482.518 corr=1956 lidar=ok rms=0.0354 time=73.24 ms | v=10.546 bg=0.00197 ba=0.54385
[tight-lio] t=1317401482.622 corr=2185 lidar=ok rms=0.0519 time=54.66 ms | v=10.469 bg=0.00196 ba=0.54364
[tight-lio] t=1317401482.725 corr=2242 lidar=ok rms=0.0344 time=81.24 ms | v=10.443 bg=0.00193 ba=0.54425
[tight-lio] t=1317401482.829 corr=2072 lidar=ok rms=0.0410 time=85.35 ms | v=10.391 bg=0.00191 ba=0.54494
[tight-lio] t=1317401482.933 corr=2058 lidar=ok rms=0.0352 time=53.46 ms | v=10.336 bg=0.00190 ba=0.54509
[tight-lio] t=1317401483.037 corr=2152 lidar=ok rms=0.0846 time=74.80 ms | v=10.269 bg=0.00193 ba=0.54471
[tight-lio] t=1317401483.141 corr=2124 lidar=ok rms=0.0376 time=74.23 ms | v=10.260 bg=0.00190 ba=0.54552
[tight-lio] t=1317401483.245 corr=1915 lidar=ok rms=0.0444 time=76.32 ms | v=10.222 bg=0.00193 ba=0.54521
[tight-lio] t=1317401483.349 corr=1967 lidar=ok rms=0.0375 time=73.49 ms | v=10.216 bg=0.00196 ba=0.54578
[tight-lio] t=1317401483.453 corr=1752 lidar=ok rms=0.0335 time=69.91 ms | v=10.189 bg=0.00206 ba=0.54637
[tight-lio] t=1317401483.557 corr=1788 lidar=ok rms=0.0782 time=69.57 ms | v=10.178 bg=0.00213 ba=0.54694
[tight-lio] t=1317401483.660 corr=1691 lidar=ok rms=0.0397 time=48.41 ms | v=10.162 bg=0.00208 ba=0.54769
[tight-lio] t=1317401483.764 corr=1823 lidar=ok rms=0.0355 time=73.96 ms | v=10.174 bg=0.00199 ba=0.54738
[tight-lio] t=1317401483.868 corr=2064 lidar=ok rms=0.0367 time=74.98 ms | v=10.137 bg=0.00186 ba=0.54775
[tight-lio] t=1317401483.972 corr=2125 lidar=ok rms=0.0443 time=75.92 ms | v=10.115 bg=0.00189 ba=0.54855
[tight-lio] t=1317401484.076 corr=2011 lidar=ok rms=0.0419 time=74.27 ms | v=10.111 bg=0.00196 ba=0.54945
[tight-lio] t=1317401484.180 corr=2111 lidar=ok rms=0.0861 time=77.02 ms | v=10.118 bg=0.00196 ba=0.55168
[tight-lio] t=1317401484.284 corr=1989 lidar=ok rms=0.0334 time=55.66 ms | v=10.106 bg=0.00187 ba=0.55253
[tight-lio] t=1317401484.388 corr=1992 lidar=ok rms=0.0382 time=75.03 ms | v=10.110 bg=0.00197 ba=0.55365
[tight-lio] t=1317401484.492 corr=2196 lidar=ok rms=0.0316 time=55.04 ms | v=10.072 bg=0.00203 ba=0.55246
[tight-lio] t=1317401484.596 corr=2371 lidar=ok rms=0.0378 time=74.06 ms | v=10.045 bg=0.00194 ba=0.55237
[tight-lio] t=1317401484.700 corr=2318 lidar=ok rms=0.0927 time=78.36 ms | v=10.047 bg=0.00193 ba=0.55356
[tight-lio] t=1317401484.803 corr=2137 lidar=ok rms=0.0392 time=73.05 ms | v=10.045 bg=0.00199 ba=0.55349
[tight-lio] t=1317401484.907 corr=2253 lidar=ok rms=0.0505 time=77.32 ms | v=9.997 bg=0.00202 ba=0.55227
[tight-lio] t=1317401485.011 corr=2104 lidar=ok rms=0.0349 time=50.36 ms | v=9.985 bg=0.00204 ba=0.55233
[tight-lio] t=1317401485.115 corr=2202 lidar=ok rms=0.0375 time=75.10 ms | v=9.957 bg=0.00205 ba=0.55327
[tight-lio] t=1317401485.219 corr=2262 lidar=ok rms=0.0388 time=69.26 ms | v=9.894 bg=0.00198 ba=0.55357
[tight-lio] t=1317401485.323 corr=2092 lidar=ok rms=0.0352 time=93.43 ms | v=9.850 bg=0.00195 ba=0.55388
[tight-lio] t=1317401485.427 corr=2386 lidar=ok rms=0.0556 time=54.44 ms | v=9.811 bg=0.00199 ba=0.55425
[tight-lio] t=1317401485.531 corr=2616 lidar=ok rms=0.0422 time=87.17 ms | v=9.692 bg=0.00206 ba=0.55369
[tight-lio] t=1317401485.635 corr=2527 lidar=ok rms=0.0405 time=75.37 ms | v=9.643 bg=0.00205 ba=0.55320
[tight-lio] t=1317401485.739 corr=2612 lidar=ok rms=0.0414 time=79.09 ms | v=9.541 bg=0.00191 ba=0.55404
[tight-lio] t=1317401485.843 corr=2091 lidar=ok rms=0.0428 time=72.11 ms | v=9.431 bg=0.00184 ba=0.55529
[tight-lio] t=1317401485.947 corr=2209 lidar=ok rms=0.0341 time=70.41 ms | v=9.314 bg=0.00184 ba=0.55568
[tight-lio] t=1317401486.051 corr=2180 lidar=ok rms=0.0477 time=68.86 ms | v=9.172 bg=0.00187 ba=0.55622
[tight-lio] t=1317401486.155 corr=2373 lidar=ok rms=0.0377 time=72.46 ms | v=9.014 bg=0.00200 ba=0.55542
[tight-lio] t=1317401486.259 corr=2503 lidar=ok rms=0.0694 time=79.49 ms | v=8.870 bg=0.00199 ba=0.55676
[tight-lio] t=1317401486.362 corr=2241 lidar=ok rms=0.0348 time=74.28 ms | v=8.715 bg=0.00184 ba=0.55663
[tight-lio] t=1317401486.466 corr=2112 lidar=ok rms=0.0591 time=54.16 ms | v=8.582 bg=0.00180 ba=0.55757
[tight-lio] t=1317401486.570 corr=2195 lidar=ok rms=0.0570 time=124.29 ms | v=8.471 bg=0.00189 ba=0.55773
[tight-lio] t=1317401486.674 corr=1979 lidar=ok rms=0.0358 time=53.42 ms | v=8.355 bg=0.00196 ba=0.55791
[tight-lio] t=1317401486.778 corr=2209 lidar=ok rms=0.0597 time=71.67 ms | v=8.223 bg=0.00192 ba=0.55695
[tight-lio] t=1317401486.882 corr=2316 lidar=ok rms=0.0483 time=71.99 ms | v=8.106 bg=0.00187 ba=0.55738
[tight-lio] t=1317401486.986 corr=2382 lidar=ok rms=0.0353 time=52.77 ms | v=7.954 bg=0.00189 ba=0.55810
[tight-lio] t=1317401487.090 corr=2502 lidar=ok rms=0.0498 time=78.45 ms | v=7.806 bg=0.00196 ba=0.55763
[tight-lio] t=1317401487.194 corr=2661 lidar=ok rms=0.0419 time=84.61 ms | v=7.666 bg=0.00203 ba=0.55838
[tight-lio] t=1317401487.298 corr=2765 lidar=ok rms=0.0409 time=84.43 ms | v=7.522 bg=0.00198 ba=0.55801
[tight-lio] t=1317401487.402 corr=2792 lidar=ok rms=0.0449 time=82.42 ms | v=7.386 bg=0.00197 ba=0.55806
[tight-lio] t=1317401487.506 corr=2914 lidar=ok rms=0.0630 time=85.18 ms | v=7.231 bg=0.00197 ba=0.55916
[tight-lio] t=1317401487.610 corr=3207 lidar=ok rms=0.0313 time=64.25 ms | v=7.066 bg=0.00210 ba=0.55926
[tight-lio] t=1317401487.714 corr=3471 lidar=ok rms=0.0400 time=88.17 ms | v=6.900 bg=0.00220 ba=0.55898
[tight-lio] t=1317401487.818 corr=3454 lidar=ok rms=0.0338 time=61.26 ms | v=6.698 bg=0.00220 ba=0.55806
[tight-lio] t=1317401487.922 corr=3243 lidar=ok rms=0.0404 time=91.35 ms | v=6.482 bg=0.00214 ba=0.55716
[tight-lio] t=1317401488.026 corr=3264 lidar=ok rms=0.0411 time=91.86 ms | v=6.277 bg=0.00213 ba=0.55621
[tight-lio] t=1317401488.130 corr=3376 lidar=ok rms=0.0366 time=92.03 ms | v=6.126 bg=0.00208 ba=0.55503
[tight-lio] t=1317401488.234 corr=3346 lidar=ok rms=0.0345 time=57.92 ms | v=6.023 bg=0.00210 ba=0.55467
[tight-lio] t=1317401488.338 corr=3195 lidar=ok rms=0.0433 time=89.74 ms | v=5.929 bg=0.00223 ba=0.55495
[tight-lio] t=1317401488.443 corr=3511 lidar=ok rms=0.0344 time=92.64 ms | v=5.812 bg=0.00220 ba=0.55654
[tight-lio] t=1317401488.547 corr=3402 lidar=ok rms=0.0338 time=91.59 ms | v=5.715 bg=0.00214 ba=0.55740
[tight-lio] t=1317401488.651 corr=3646 lidar=ok rms=0.0348 time=74.91 ms | v=5.650 bg=0.00209 ba=0.55815
[tight-lio] t=1317401488.754 corr=3481 lidar=ok rms=0.0332 time=65.26 ms | v=5.607 bg=0.00209 ba=0.55895
[tight-lio] t=1317401488.858 corr=3287 lidar=ok rms=0.0326 time=90.70 ms | v=5.549 bg=0.00204 ba=0.55956
[tight-lio] t=1317401488.962 corr=3465 lidar=ok rms=0.0314 time=92.45 ms | v=5.497 bg=0.00201 ba=0.55971
[tight-lio] t=1317401489.066 corr=3595 lidar=ok rms=0.0312 time=65.88 ms | v=5.460 bg=0.00202 ba=0.56086
[tight-lio] t=1317401489.170 corr=3479 lidar=ok rms=0.0322 time=60.92 ms | v=5.416 bg=0.00201 ba=0.56153
[tight-lio] t=1317401489.274 corr=3261 lidar=ok rms=0.0305 time=66.50 ms | v=5.366 bg=0.00200 ba=0.56189
[tight-lio] t=1317401489.378 corr=3509 lidar=ok rms=0.0419 time=95.49 ms | v=5.303 bg=0.00198 ba=0.56304
[tight-lio] t=1317401489.482 corr=3545 lidar=ok rms=0.0300 time=87.56 ms | v=5.235 bg=0.00198 ba=0.56276
[tight-lio] t=1317401489.586 corr=3389 lidar=ok rms=0.0383 time=66.25 ms | v=5.159 bg=0.00193 ba=0.56291
[tight-lio] t=1317401489.690 corr=3545 lidar=ok rms=0.0300 time=101.00 ms | v=5.087 bg=0.00196 ba=0.56242
[tight-lio] t=1317401489.794 corr=3762 lidar=ok rms=0.0338 time=97.32 ms | v=5.015 bg=0.00193 ba=0.56381
[tight-lio] t=1317401489.898 corr=3776 lidar=ok rms=0.0286 time=97.32 ms | v=4.935 bg=0.00192 ba=0.56479
[tight-lio] t=1317401490.002 corr=3659 lidar=ok rms=0.0281 time=86.15 ms | v=4.847 bg=0.00190 ba=0.56656
[tight-lio] t=1317401490.106 corr=3892 lidar=ok rms=0.0326 time=101.45 ms | v=4.738 bg=0.00193 ba=0.56607
[tight-lio] t=1317401490.210 corr=3765 lidar=ok rms=0.0338 time=96.12 ms | v=4.625 bg=0.00197 ba=0.56703
[tight-lio] t=1317401490.314 corr=3717 lidar=ok rms=0.0592 time=98.58 ms | v=4.512 bg=0.00208 ba=0.56668
[tight-lio] t=1317401490.418 corr=3541 lidar=ok rms=0.0323 time=95.45 ms | v=4.397 bg=0.00197 ba=0.56754
[tight-lio] t=1317401490.522 corr=3610 lidar=ok rms=0.0266 time=68.42 ms | v=4.253 bg=0.00194 ba=0.56669
[tight-lio] t=1317401490.626 corr=3425 lidar=ok rms=0.0342 time=97.42 ms | v=4.103 bg=0.00202 ba=0.56529
[tight-lio] t=1317401490.730 corr=3510 lidar=ok rms=0.0268 time=95.31 ms | v=3.960 bg=0.00208 ba=0.56543
[tight-lio] t=1317401490.834 corr=3398 lidar=ok rms=0.0277 time=96.01 ms | v=3.860 bg=0.00208 ba=0.56590
[tight-lio] t=1317401490.938 corr=3405 lidar=ok rms=0.0418 time=129.52 ms | v=3.784 bg=0.00210 ba=0.56548
[tight-lio] t=1317401491.042 corr=3524 lidar=ok rms=0.0352 time=97.83 ms | v=3.750 bg=0.00214 ba=0.56621
[tight-lio] t=1317401491.146 corr=3515 lidar=ok rms=0.0282 time=96.65 ms | v=3.717 bg=0.00225 ba=0.56661
[tight-lio] t=1317401491.250 corr=3698 lidar=ok rms=0.0319 time=103.94 ms | v=3.654 bg=0.00246 ba=0.56536
[tight-lio] t=1317401491.355 corr=3571 lidar=ok rms=0.0266 time=69.56 ms | v=3.415 bg=0.00265 ba=0.56431
[tight-lio] t=1317401491.459 corr=3768 lidar=ok rms=0.0362 time=99.89 ms | v=3.060 bg=0.00256 ba=0.56425
[tight-lio] t=1317401491.563 corr=3561 lidar=ok rms=0.0423 time=99.65 ms | v=2.686 bg=0.00249 ba=0.56320
[tight-lio] t=1317401491.667 corr=3474 lidar=ok rms=0.0299 time=98.09 ms | v=2.316 bg=0.00237 ba=0.56348
[tight-lio] t=1317401491.771 corr=3515 lidar=ok rms=0.0281 time=106.92 ms | v=1.926 bg=0.00222 ba=0.56300
[tight-lio] t=1317401491.875 corr=3588 lidar=ok rms=0.0298 time=71.36 ms | v=1.531 bg=0.00202 ba=0.56326
[tight-lio] t=1317401491.979 corr=3504 lidar=ok rms=0.0352 time=97.23 ms | v=1.163 bg=0.00192 ba=0.56414
[tight-lio] t=1317401492.083 corr=3651 lidar=ok rms=0.0247 time=101.39 ms | v=0.777 bg=0.00178 ba=0.56475
[tight-lio] t=1317401492.187 corr=3562 lidar=ok rms=0.0251 time=95.78 ms | v=0.432 bg=0.00159 ba=0.56594
[tight-lio] t=1317401492.290 corr=3630 lidar=ok rms=0.0259 time=100.98 ms | v=0.092 bg=0.00145 ba=0.56753
[tight-lio] t=1317401492.394 corr=3389 lidar=ok rms=0.0262 time=97.41 ms | v=0.138 bg=0.00134 ba=0.56712
[tight-lio] t=1317401492.498 corr=3376 lidar=ok rms=0.0444 time=95.47 ms | v=0.104 bg=0.00121 ba=0.56641
[tight-lio] t=1317401492.602 corr=3526 lidar=ok rms=0.0346 time=99.01 ms | v=0.061 bg=0.00118 ba=0.56703
[tight-lio] t=1317401492.706 corr=3438 lidar=ok rms=0.0287 time=98.78 ms | v=0.043 bg=0.00137 ba=0.56648
[tight-lio] t=1317401492.810 corr=3359 lidar=ok rms=0.0437 time=94.83 ms | v=0.064 bg=0.00147 ba=0.56565
[tight-lio] t=1317401492.914 corr=3380 lidar=ok rms=0.0318 time=100.56 ms | v=0.110 bg=0.00143 ba=0.56441
[tight-lio] t=1317401493.017 corr=3341 lidar=ok rms=0.0280 time=87.48 ms | v=0.137 bg=0.00139 ba=0.56321
[tight-lio] t=1317401493.121 corr=3368 lidar=ok rms=0.0272 time=87.61 ms | v=0.133 bg=0.00136 ba=0.56253
[tight-lio] t=1317401493.225 corr=3483 lidar=ok rms=0.0542 time=100.02 ms | v=0.131 bg=0.00132 ba=0.56143
[tight-lio] t=1317401493.329 corr=3421 lidar=ok rms=0.1024 time=101.27 ms | v=0.152 bg=0.00133 ba=0.56073
[tight-lio] t=1317401493.433 corr=3353 lidar=ok rms=0.1064 time=65.96 ms | v=0.155 bg=0.00132 ba=0.55996
[tight-lio] t=1317401493.537 corr=3294 lidar=ok rms=0.0792 time=94.06 ms | v=0.148 bg=0.00128 ba=0.56013
[tight-lio] t=1317401493.641 corr=3278 lidar=ok rms=0.0776 time=103.87 ms | v=0.159 bg=0.00128 ba=0.55996
[tight-lio] t=1317401493.745 corr=3278 lidar=ok rms=0.0566 time=71.98 ms | v=0.163 bg=0.00127 ba=0.55963
[tight-lio] t=1317401493.849 corr=3210 lidar=ok rms=0.0544 time=98.58 ms | v=0.175 bg=0.00126 ba=0.55931
[tight-lio] t=1317401493.953 corr=3302 lidar=ok rms=0.0397 time=94.82 ms | v=0.185 bg=0.00125 ba=0.55914
[tight-lio] t=1317401494.057 corr=3419 lidar=ok rms=0.0333 time=97.74 ms | v=0.209 bg=0.00121 ba=0.56074
[tight-lio] t=1317401494.161 corr=3330 lidar=ok rms=0.0331 time=95.65 ms | v=0.248 bg=0.00122 ba=0.56072
[tight-lio] t=1317401494.265 corr=3408 lidar=ok rms=0.0321 time=96.89 ms | v=0.286 bg=0.00125 ba=0.56017
[tight-lio] t=1317401494.369 corr=3352 lidar=ok rms=0.0321 time=96.61 ms | v=0.317 bg=0.00124 ba=0.56047
[tight-lio] t=1317401494.473 corr=3303 lidar=ok rms=0.0304 time=69.34 ms | v=0.343 bg=0.00122 ba=0.55970
[tight-lio] t=1317401494.577 corr=3256 lidar=ok rms=0.0297 time=68.37 ms | v=0.400 bg=0.00125 ba=0.55838
[tight-lio] t=1317401494.681 corr=3369 lidar=ok rms=0.0274 time=98.48 ms | v=0.493 bg=0.00125 ba=0.55684
[tight-lio] t=1317401494.785 corr=3389 lidar=ok rms=0.0283 time=69.84 ms | v=0.622 bg=0.00127 ba=0.55607
[tight-lio] t=1317401494.890 corr=3302 lidar=ok rms=0.0272 time=100.24 ms | v=0.770 bg=0.00139 ba=0.55472
[tight-lio] t=1317401494.994 corr=3220 lidar=ok rms=0.0270 time=96.16 ms | v=0.937 bg=0.00152 ba=0.55437
[tight-lio] t=1317401495.098 corr=3475 lidar=ok rms=0.0302 time=98.33 ms | v=1.090 bg=0.00162 ba=0.55420
[tight-lio] t=1317401495.202 corr=3375 lidar=ok rms=0.0289 time=98.34 ms | v=1.259 bg=0.00173 ba=0.55351
[tight-lio] t=1317401495.306 corr=3396 lidar=ok rms=0.0202 time=100.12 ms | v=1.432 bg=0.00182 ba=0.55340
[tight-lio] t=1317401495.411 corr=3439 lidar=ok rms=0.0255 time=97.12 ms | v=1.606 bg=0.00187 ba=0.55309
[tight-lio] t=1317401495.515 corr=3529 lidar=ok rms=0.0263 time=104.16 ms | v=1.779 bg=0.00192 ba=0.55301
[tight-lio] t=1317401495.619 corr=3717 lidar=ok rms=0.0275 time=103.84 ms | v=1.949 bg=0.00190 ba=0.55349
[tight-lio] t=1317401495.723 corr=3627 lidar=ok rms=0.0321 time=101.22 ms | v=2.130 bg=0.00185 ba=0.55395
[tight-lio] t=1317401495.827 corr=3481 lidar=ok rms=0.0244 time=98.53 ms | v=2.338 bg=0.00179 ba=0.55391
[tight-lio] t=1317401495.931 corr=3658 lidar=ok rms=0.0248 time=102.20 ms | v=2.557 bg=0.00164 ba=0.55390
[tight-lio] t=1317401496.035 corr=3502 lidar=ok rms=0.0238 time=98.85 ms | v=2.797 bg=0.00159 ba=0.55386
[tight-lio] t=1317401496.139 corr=3542 lidar=ok rms=0.0307 time=100.85 ms | v=3.020 bg=0.00156 ba=0.55283
[tight-lio] t=1317401496.243 corr=3482 lidar=ok rms=0.0312 time=117.69 ms | v=3.275 bg=0.00175 ba=0.55197
[tight-lio] t=1317401496.347 corr=3587 lidar=ok rms=0.0249 time=71.25 ms | v=3.530 bg=0.00184 ba=0.55047
[tight-lio] t=1317401496.452 corr=3459 lidar=ok rms=0.0239 time=100.18 ms | v=3.785 bg=0.00186 ba=0.54790
[t[INFO] [1789098118.056723957] [rclcpp]: signal_handler(signum=15)
[INFO] [1789098118.057044333] [lidar_inertial_odometer]: processed 5162 lidar frames
ight-lio] t=1317401496.556 corr=3342 lidar=ok rms=0.0261 time=98.24 ms | v=4.025 bg=0.00193 ba=0.54643
[tight-lio] t=1317401496.660 corr=3456 lidar=ok rms=0.0308 time=133.27 ms | v=4.251 bg=0.00188 ba=0.54493
[tight-lio] t=1317401496.764 corr=3348 lidar=ok rms=0.0252 time=97.07 ms | v=4.486 bg=0.00201 ba=0.54325
[tight-lio] t=1317401496.868 corr=3431 lidar=ok rms=0.0259 time=96.77 ms | v=4.704 bg=0.00210 ba=0.54233
[tight-lio] t=1317401496.972 corr=3461 lidar=ok rms=0.0303 time=98.74 ms | v=4.924 bg=0.00217 ba=0.54043
[tight-lio] t=1317401497.077 corr=3379 lidar=ok rms=0.0299 time=100.25 ms | v=5.152 bg=0.00213 ba=0.53941
[tight-lio] t=1317401497.181 corr=3380 lidar=ok rms=0.0264 time=98.23 ms | v=5.365 bg=0.00209 ba=0.53773
[tight-lio] t=1317401497.285 corr=3441 lidar=ok rms=0.0272 time=99.49 ms | v=5.533 bg=0.00190 ba=0.53443
[tight-lio] t=1317401497.389 corr=3461 lidar=ok rms=0.0358 time=98.60 ms | v=5.698 bg=0.00186 ba=0.53381
[tight-lio] t=1317401497.493 corr=3382 lidar=ok rms=0.0326 time=103.27 ms | v=5.896 bg=0.00173 ba=0.53089
[tight-lio] t=1317401497.597 corr=3638 lidar=ok rms=0.0421 time=100.95 ms | v=6.088 bg=0.00162 ba=0.52726
[tight-lio] t=1317401497.700 corr=3440 lidar=ok rms=0.0254 time=101.16 ms | v=6.264 bg=0.00141 ba=0.52700
[tight-lio] t=1317401497.804 corr=3600 lidar=ok rms=0.0328 time=100.09 ms | v=6.433 bg=0.00122 ba=0.52381
[tight-lio] t=1317401497.908 corr=3939 lidar=ok rms=0.0304 time=102.20 ms | v=6.609 bg=0.00119 ba=0.51993
[tight-lio] t=1317401498.012 corr=3931 lidar=ok rms=0.0430 time=104.39 ms | v=6.790 bg=0.00127 ba=0.51852
[tight-lio] t=1317401498.116 corr=4117 lidar=ok rms=0.0658 time=105.42 ms | v=6.977 bg=0.00137 ba=0.51487
[tight-lio] t=1317401498.220 corr=3735 lidar=ok rms=0.0369 time=101.32 ms | v=7.148 bg=0.00135 ba=0.51548
[tight-lio] t=1317401498.324 corr=4089 lidar=ok rms=0.0464 time=109.33 ms | v=7.304 bg=0.00114 ba=0.51191
[tight-lio] t=1317401498.428 corr=4039 lidar=ok rms=0.0347 time=106.60 ms | v=7.458 bg=0.00094 ba=0.51013
[tight-lio] t=1317401498.531 corr=3839 lidar=ok rms=0.0417 time=107.85 ms | v=7.646 bg=0.00092 ba=0.50841
[tight-lio] t=1317401498.635 corr=3975 lidar=ok rms=0.0392 time=110.90 ms | v=7.812 bg=0.00108 ba=0.50913
[tight-lio] t=1317401498.739 corr=3735 lidar=ok rms=0.0361 time=100.11 ms | v=7.976 bg=0.00117 ba=0.50830
[tight-lio] t=1317401498.843 corr=3694 lidar=ok rms=0.0319 time=99.55 ms | v=8.127 bg=0.00105 ba=0.50648
[tight-lio] t=1317401498.946 corr=3527 lidar=ok rms=0.0304 time=98.61 ms | v=8.280 bg=0.00100 ba=0.50636
[tight-lio] t=1317401499.050 corr=3627 lidar=ok rms=0.0347 time=99.20 ms | v=8.434 bg=0.00100 ba=0.50400
[tight-lio] t=1317401499.154 corr=3613 lidar=ok rms=0.0366 time=100.75 ms | v=8.568 bg=0.00097 ba=0.50298
[tight-lio] t=1317401499.257 corr=3792 lidar=ok rms=0.0338 time=100.24 ms | v=8.705 bg=0.00093 ba=0.50102
[tight-lio] t=1317401499.361 corr=3783 lidar=ok rms=0.0435 time=99.93 ms | v=8.819 bg=0.00103 ba=0.49815
[tight-lio] t=1317401499.465 corr=3634 lidar=ok rms=0.0394 time=111.41 ms | v=8.932 bg=0.00111 ba=0.49593
[tight-lio] t=1317401499.569 corr=3631 lidar=ok rms=0.0372 time=95.68 ms | v=9.049 bg=0.00109 ba=0.49496
[tight-lio] t=1317401499.673 corr=3899 lidar=ok rms=0.0512 time=108.49 ms | v=9.165 bg=0.00101 ba=0.49259
