# TUM format: timestamp tx ty tz qx qy qz qw
1317400964.326694965 0.000000000 0.000000000 -0.000000000 -0.016092785 -0.029787852 -0.211781579 0.976730397
1317400964.430711031 0.559360579 -0.254508592 0.041951841 -0.016290336 -0.029649666 -0.214819705 0.976067629
1317400964.534748077 1.102490337 -0.496153662 0.090386760 -0.014999490 -0.031274474 -0.217909776 0.975352373
1317400964.638786077 1.679572041 -0.760045728 0.134734270 -0.017101749 -0.032060882 -0.221046732 0.974586052
1317400964.742799759 2.239699284 -1.029875456 0.178665510 -0.017878490 -0.032171809 -0.223978078 0.973898945
1317400964.846813917 2.869278051 -1.336804897 0.225009712 -0.012752442 -0.032455237 -0.226147166 0.973468794
1317400964.950808048 3.461527466 -1.625631324 0.277444816 -0.010293841 -0.030932468 -0.228594165 0.972975810
1317400965.054775000 4.093533720 -1.945029038 0.328094645 -0.009131625 -0.029645267 -0.230567980 0.972561658
1317400965.158716917 4.758597463 -2.268747740 0.380724161 -0.009080575 -0.029137102 -0.231770730 0.972291572
1317400965.262635946 5.439237879 -2.608088603 0.438474437 -0.006879267 -0.030419154 -0.231875756 0.972245331
1317400965.366508007 6.116082212 -2.946785553 0.489661958 -0.004110793 -0.031900888 -0.231021348 0.972416871
1317400965.470330954 6.803555726 -3.298640560 0.540126120 -0.002595068 -0.032486912 -0.228458624 0.973007977
1317400965.574127913 7.500691599 -3.645865018 0.595136884 -0.002950425 -0.032307933 -0.224994232 0.973819844
1317400965.677880049 8.228007274 -3.987612873 0.648049574 -0.003309135 -0.031417816 -0.220715818 0.974826394
1317400965.781652927 8.946574630 -4.325914662 0.706715727 -0.002939519 -0.030188827 -0.215911816 0.975941638
1317400965.885476112 9.711721952 -4.662491605 0.760077708 -0.004101676 -0.028444208 -0.211850485 0.976879458
1317400965.989300966 10.473658354 -5.008806991 0.816390657 -0.003125216 -0.027199647 -0.207633740 0.977823421
1317400966.093147039 11.223268242 -5.334028428 0.873734656 -0.003592002 -0.026315555 -0.204259382 0.978556434
1317400966.197015047 12.004001228 -5.671773316 0.927838700 -0.004703843 -0.025704804 -0.201433772 0.979153498
1317400966.300884008 12.776801446 -6.001864058 0.984561607 -0.005354674 -0.025239827 -0.198787640 0.979702890
1317400966.404755116 13.555016101 -6.328978057 1.040735393 -0.005893963 -0.025050162 -0.196586885 0.980148635
1317400966.508626938 14.330270849 -6.636272526 1.095517351 -0.007528157 -0.024942237 -0.194383192 0.980579618
1317400966.612523079 15.071773433 -6.941983299 1.146754988 -0.006523743 -0.024774234 -0.191756983 0.981108015
1317400966.716417074 15.845061193 -7.242489959 1.200601599 -0.007014864 -0.024175407 -0.190276352 0.981407791
1317400966.820334911 16.604304491 -7.551692042 1.251469190 -0.008892425 -0.023320550 -0.188949279 0.981669622
1317400966.924278021 17.368976468 -7.849805301 1.308085138 -0.008551077 -0.023123895 -0.187939341 0.981871157
1317400967.028222322 18.120048627 -8.140170450 1.358548480 -0.008777516 -0.023245607 -0.187756066 0.981901348
1317400967.132189989 18.883699061 -8.442484742 1.415322075 -0.009942324 -0.023506375 -0.187291321 0.981972791
1317400967.236156940 19.628469047 -8.729690496 1.460060157 -0.012160836 -0.023325930 -0.187040824 0.981999870
1317400967.340122938 20.365965914 -9.013314738 1.510648112 -0.013098283 -0.022778574 -0.186662640 0.982072620
1317400967.444091082 21.103945882 -9.292560767 1.564055596 -0.014015256 -0.022263453 -0.186418528 0.982118141
1317400967.548057079 21.802415103 -9.567935641 1.616355582 -0.014446089 -0.021992098 -0.186216086 0.982156417
1317400967.652046919 22.520728925 -9.838434668 1.665672709 -0.015653372 -0.021718173 -0.186067743 0.982172128
1317400967.756036043 23.201548306 -10.093019351 1.710524700 -0.016176389 -0.021330098 -0.186027659 0.982179750
1317400967.860024929 23.878345552 -10.354134800 1.758204642 -0.017435224 -0.021026598 -0.186313050 0.982110657
1317400967.964040995 24.554238136 -10.610833370 1.805721671 -0.019157124 -0.020637911 -0.187207881 0.981916641
1317400968.068082094 25.193149003 -10.861944392 1.851599608 -0.021145271 -0.020744979 -0.188604188 0.981606328
1317400968.172146082 25.832652182 -11.107837366 1.894669601 -0.022297196 -0.021066957 -0.190588540 0.981190617
1317400968.276232004 26.456544811 -11.351994293 1.935224430 -0.022313291 -0.020859551 -0.193021685 0.980718933
1317400968.380319118 27.091144385 -11.604818426 1.982474059 -0.022383098 -0.020661216 -0.195669011 0.980196791
1317400968.484381914 27.682567844 -11.848786927 2.026259935 -0.022441095 -0.020363799 -0.198612553 0.979609497
1317400968.588468075 28.247444890 -12.075682862 2.066037561 -0.022244828 -0.020071762 -0.202272662 0.978870810
1317400968.692553997 28.843401763 -12.333626361 2.110585744 -0.022692247 -0.019906709 -0.206441098 0.977993281
1317400968.796639919 29.403774179 -12.572896586 2.148976877 -0.022338299 -0.020012661 -0.211469456 0.976924338
1317400968.900774956 29.940117623 -12.809318565 2.187991653 -0.022285590 -0.019999319 -0.217514027 0.975597780
1317400969.004909992 30.472212210 -13.060808608 2.224710649 -0.021622349 -0.020130464 -0.223523383 0.974250756
1317400969.109019995 30.985760391 -13.299450523 2.261733290 -0.021302766 -0.020388617 -0.229986036 0.972747100
1317400969.213151932 31.499477864 -13.559946522 2.299408265 -0.020701301 -0.020439180 -0.237179599 0.971030140
1317400969.317287922 31.997784779 -13.815031325 2.335667401 -0.020340019 -0.020451287 -0.245155097 0.969054698
1317400969.421423912 32.482431114 -14.060912562 2.372664594 -0.021176605 -0.020278633 -0.253730197 0.966830552
1317400969.525607824 32.952086256 -14.323968417 2.411673866 -0.020280310 -0.021015341 -0.263783654 0.964139642
1317400969.629813910 33.408457707 -14.588979561 2.438841758 -0.021875874 -0.020802760 -0.275016631 0.960965423
1317400969.734045982 33.841929076 -14.868565781 2.476722406 -0.021714473 -0.021905854 -0.287131599 0.957394412
1317400969.838277102 34.270848745 -15.142471108 2.509697532 -0.020960327 -0.023572303 -0.299961394 0.953429690
1317400969.942506075 34.672984739 -15.426492200 2.546098082 -0.019878049 -0.025005393 -0.313570771 0.949027378
1317400970.046736240 35.073030691 -15.715638282 2.575131887 -0.018748235 -0.026120602 -0.328188189 0.944065003
1317400970.150990963 35.443405000 -15.993895347 2.613403427 -0.019122016 -0.026877553 -0.343292505 0.938649136
1317400970.255248070 35.795552983 -16.286155503 2.649472929 -0.018783705 -0.026677200 -0.358773312 0.932854335
1317400970.359503031 36.142976483 -16.589359805 2.680378814 -0.018352431 -0.026298410 -0.374794308 0.926553187
1317400970.463783026 36.499683583 -16.884204821 2.726492387 -0.016960520 -0.025912023 -0.391906215 0.919483782
1317400970.568058968 36.800014911 -17.180031777 2.758029716 -0.016495500 -0.025954741 -0.409392217 0.911840042
1317400970.672360897 37.066722018 -17.486946260 2.786458903 -0.015928657 -0.026590383 -0.427193422 0.903628801
1317400970.776640654 37.327780064 -17.800486794 2.817690336 -0.015019777 -0.027691060 -0.445426259 0.894764248
1317400970.880894899 37.577806847 -18.112566499 2.847766452 -0.014020484 -0.028980252 -0.463988670 0.885255943
1317400970.985147953 37.808739269 -18.437582144 2.880460804 -0.011954498 -0.029942755 -0.482786366 0.875144472
1317400971.089401960 38.011582054 -18.763687958 2.916060326 -0.009357942 -0.030027694 -0.501886312 0.864361554
1317400971.193634033 38.201664675 -19.095589013 2.940855160 -0.006856407 -0.029291126 -0.520948993 0.853057540
1317400971.297842026 38.380346886 -19.430476187 2.981189360 -0.004788023 -0.028136277 -0.540210571 0.841045756
1317400971.402050018 38.529804913 -19.770409524 3.004016673 -0.003171256 -0.026539183 -0.559952058 0.828093779
1317400971.506254196 38.676703150 -20.123707086 3.031545354 -0.001537536 -0.025303332 -0.579936157 0.814267420
1317400971.610436916 38.800473564 -20.462080793 3.056611110 0.000983694 -0.025347615 -0.599497380 0.799974638
1317400971.714620113 38.896485541 -20.821116744 3.081617189 0.003081685 -0.026377263 -0.619351766 0.784664345
1317400971.818825960 38.988354408 -21.192019609 3.104760279 0.003826322 -0.027486312 -0.639475893 0.768310123
1317400971.923011065 39.054445330 -21.567327900 3.125312447 0.003559829 -0.028150559 -0.659330436 0.751317676
1317400972.027169943 39.121422369 -21.953470626 3.141842663 0.002567438 -0.027760796 -0.679208913 0.733415298
1317400972.131328106 39.162371818 -22.355942669 3.157005577 0.001221554 -0.026179666 -0.698647795 0.714985589
1317400972.235440016 39.163726081 -22.797560788 3.162281555 0.000916936 -0.025353436 -0.717055163 0.696554561
1317400972.339500904 39.153335688 -23.242358815 3.180574337 0.001670994 -0.025751661 -0.734306045 0.678327865
1317400972.443519115 39.113460629 -23.694854583 3.194516668 0.002475499 -0.025796009 -0.749759502 0.661202788
1317400972.547439098 39.056311343 -24.175142708 3.215614721 0.003801271 -0.025361732 -0.763670590 0.645096553
1317400972.651329994 38.976667565 -24.676188748 3.231510262 0.005014213 -0.024556743 -0.776197303 0.629991723
1317400972.755202055 38.875396069 -25.179723081 3.249144097 0.006212633 -0.023709249 -0.787607915 0.615689083
1317400972.859025002 38.752608581 -25.707449690 3.264879242 0.007058995 -0.023416015 -0.797733127 0.602514497
1317400972.962822914 38.609045810 -26.237627417 3.280205282 0.008130390 -0.023669795 -0.806671029 0.590470566
1317400973.066574097 38.450325251 -26.787112250 3.295973335 0.007422070 -0.023553042 -0.814517511 0.579613140
1317400973.170277119 38.261201779 -27.378410468 3.303141480 0.005397183 -0.022522632 -0.821261449 0.570081778
1317400973.273956060 38.057270205 -27.931897973 3.303518664 0.004828810 -0.022353480 -0.826839986 0.561972101
1317400973.377633095 37.832532229 -28.539667212 3.316108290 0.005360955 -0.023160568 -0.831791520 0.554578864
1317400973.481311083 37.606033837 -29.091346211 3.329805873 0.006266736 -0.023800508 -0.836211421 0.547854656
1317400973.585012913 37.331138491 -29.735008418 3.340337326 0.006981864 -0.023771946 -0.840407721 0.541388040
1317400973.688739061 37.049815072 -30.363190771 3.358248024 0.007227641 -0.024330306 -0.844428503 0.535066631
1317400973.792490959 36.756927721 -31.001138324 3.366208865 0.007242681 -0.025020532 -0.847808104 0.529663039
1317400973.896241903 36.433495432 -31.658347301 3.384920737 0.007551666 -0.027674939 -0.850355816 0.525425595
1317400973.999944925 36.097170814 -32.342574492 3.400947204 0.008879726 -0.031325486 -0.851942703 0.522621752
1317400974.103625059 35.767703328 -32.957731770 3.410677492 0.010606935 -0.033941483 -0.852387405 0.521700278
1317400974.207304001 35.421829117 -33.696018542 3.430173816 0.011917278 -0.034449515 -0.852643524 0.521219945
1317400974.311007977 35.069134289 -34.372828502 3.448111908 0.012855197 -0.034733439 -0.851926924 0.522349354
1317400974.414736032 34.706217499 -35.071996409 3.463201081 0.014181079 -0.035773813 -0.850653747 0.524316063
1317400974.518460989 34.350863968 -35.793341581 3.493015011 0.012418962 -0.033159606 -0.849678787 0.526110414
1317400974.622211933 33.999078440 -36.520386217 3.501832754 0.012719995 -0.034572443 -0.848524498 0.527872261
1317400974.725963116 33.660601439 -37.240965132 3.510784417 0.014010984 -0.036521524 -0.847417916 0.529483472
1317400974.829714060 33.292697856 -37.932714483 3.537518475 0.016631335 -0.038160457 -0.846104944 0.531388371
1317400974.933489084 32.951700970 -38.651925066 3.556731127 0.018897092 -0.038322137 -0.844975916 0.533094753
1317400975.037261963 32.599991085 -39.382090503 3.578336933 0.021214948 -0.038577026 -0.843640676 0.535100129
1317400975.141060114 32.255124745 -40.111378630 3.598958547 0.022684374 -0.037932678 -0.842145866 0.537435458
1317400975.244883060 31.932728128 -40.819457576 3.620905302 0.023020804 -0.036983958 -0.840996266 0.539284257
1317400975.348706961 31.594156440 -41.571019784 3.635231534 0.021874294 -0.034291963 -0.840019541 0.541029341
1317400975.452555895 31.274650972 -42.307808703 3.634049928 0.021173787 -0.030852082 -0.839090072 0.542704036
1317400975.556399107 30.947992438 -43.048959570 3.656227859 0.021413215 -0.029507304 -0.837896890 0.544609580
1317400975.660221100 30.629220946 -43.786938314 3.678845008 0.020502834 -0.030746255 -0.836761249 0.546319425
1317400975.764066935 30.304397840 -44.526814424 3.699230103 0.018099633 -0.033872429 -0.835845170 0.547620227
1317400975.867938042 29.981549903 -45.285506161 3.697671108 0.014544136 -0.034159222 -0.835253252 0.548610628
1317400975.971812010 29.662224078 -46.033954612 3.686220315 0.013923511 -0.033252818 -0.834770141 0.549417143
1317400976.075683117 29.333197745 -46.789515532 3.698492983 0.015708240 -0.032937963 -0.834353067 0.550021183
1317400976.179550886 29.006267668 -47.542537359 3.736279386 0.016737134 -0.033405195 -0.834020984 0.550466130
1317400976.283446074 28.683263136 -48.311120304 3.758898170 0.015611714 -0.033313241 -0.834069096 0.550431872
1317400976.387341022 28.364798565 -49.089623482 3.770652451 0.013533473 -0.032034181 -0.834198954 0.550366025
1317400976.491235018 28.036290848 -49.862421080 3.775788205 0.012547043 -0.030075636 -0.834463296 0.550099114
1317400976.595177889 27.704095444 -50.650279151 3.795856239 0.013394578 -0.030149120 -0.834820284 0.549533174
1317400976.699121952 27.372171505 -51.447981820 3.826628804 0.012632735 -0.031345718 -0.835260957 0.548814171
1317400976.803040028 27.039047130 -52.229771037 3.834777669 0.010664044 -0.032249587 -0.835753749 0.548052839
1317400976.906960011 26.691060680 -53.043541151 3.854696800 0.009883394 -0.033434451 -0.835952845 0.547692702
1317400977.010853052 26.346814103 -53.844648339 3.872019538 0.010096057 -0.034695740 -0.836180403 0.547262833
1317400977.114747047 25.982768550 -54.681044200 3.900813964 0.009500819 -0.034785079 -0.836495714 0.546785747
1317400977.218667984 25.628962587 -55.494632516 3.921091086 0.009012722 -0.033662297 -0.836823461 0.546362623
1317400977.322609901 25.266164994 -56.339084755 3.940674760 0.010326080 -0.032034434 -0.837252400 0.545779797
1317400977.426552057 24.898338280 -57.203004847 3.969197427 0.011192174 -0.031844247 -0.837678359 0.545119845
1317400977.530471087 24.524649616 -58.054536535 4.001108573 0.010345346 -0.032563744 -0.838050123 0.544522330
1317400977.634365082 24.143240784 -58.923933948 4.022573792 0.008917378 -0.033441130 -0.838289451 0.544125874
1317400977.738261938 23.763687232 -59.781436655 4.049405072 0.009525961 -0.035158853 -0.838231163 0.544097076
1317400977.842186928 23.378091907 -60.649146114 4.073005085 0.011873136 -0.036120159 -0.838225265 0.543997030
1317400977.946079969 22.980617783 -61.551638888 4.091900965 0.014823221 -0.035333253 -0.838333186 0.543809988
1317400978.049945116 22.577492169 -62.444275810 4.117421226 0.016581994 -0.035203033 -0.838170076 0.544019033
1317400978.153790951 22.192178566 -63.353176738 4.152257260 0.016299169 -0.034956647 -0.837821308 0.544580413
1317400978.257637978 21.786997596 -64.262627157 4.168772533 0.014907617 -0.035228118 -0.837555177 0.545011989
1317400978.361509085 21.383019441 -65.184515967 4.193284610 0.012898589 -0.034079204 -0.837543373 0.545154412
1317400978.465379000 20.982028982 -66.106587063 4.213034236 0.012521910 -0.033383583 -0.837687657 0.544984520
1317400978.569228888 20.580727191 -67.030194339 4.227787610 0.013800783 -0.031595712 -0.837873195 0.544774961
1317400978.673074961 20.169894112 -67.974760074 4.242908406 0.015618946 -0.029528442 -0.838018724 0.544617974
1317400978.776943922 19.758561820 -68.919005028 4.274424382 0.016631317 -0.030180367 -0.838240029 0.544211539
1317400978.880790949 19.334583238 -69.881789725 4.289591221 0.016213550 -0.032047077 -0.838291655 0.544037872
1317400978.984637022 18.903873181 -70.839488175 4.308819449 0.015697141 -0.033513363 -0.838595327 0.543496396
1317400979.088510036 18.468318795 -71.813518264 4.317472664 0.016637564 -0.033018865 -0.839122196 0.542684886
1317400979.192404985 18.038155042 -72.794710794 4.332386966 0.018977656 -0.031483353 -0.839901614 0.541492314
1317400979.296324015 17.600145621 -73.762043400 4.349168965 0.021052219 -0.031686332 -0.840665374 0.540217095
1317400979.400243044 17.154435519 -74.743492134 4.372354124 0.022550369 -0.033675690 -0.841564892 0.538633420
1317400979.504158974 16.709768412 -75.713230658 4.377036101 0.023470992 -0.033997332 -0.842513427 0.537088837
1317400979.608078003 16.262574438 -76.678399246 4.389189624 0.025654133 -0.035375056 -0.843337708 0.535604314
1317400979.711996078 15.812720864 -77.653079183 4.404927856 0.027373886 -0.037519216 -0.844000965 0.534327007
1317400979.815890074 15.352171182 -78.611513083 4.428054952 0.027091591 -0.039152962 -0.844608899 0.533262504
1317400979.919786930 14.901883585 -79.580526027 4.438911116 0.026445561 -0.041801090 -0.845116420 0.532288961
1317400980.023680925 14.440889239 -80.559584585 4.438168466 0.026097775 -0.044014790 -0.845505269 0.531509591
1317400980.127527952 13.989486875 -81.525441742 4.446460278 0.026137319 -0.043433580 -0.845416316 0.531696922
1317400980.231328011 13.532041563 -82.490596162 4.463641402 0.027471550 -0.043464731 -0.844748190 0.532688113
1317400980.335100889 13.077221630 -83.450613117 4.475139397 0.028857375 -0.042722309 -0.843539554 0.534586828
1317400980.438875914 12.636418754 -84.423938996 4.488197468 0.030564483 -0.042619791 -0.842078043 0.536799717
1317400980.542627096 12.187106931 -85.387542010 4.497123012 0.032120585 -0.041868942 -0.840691614 0.538936795
1317400980.646378040 11.747811688 -86.343925497 4.505577689 0.033170642 -0.042224734 -0.839306961 0.540999636
1317400980.750152111 11.303839489 -87.306612550 4.520514682 0.032043166 -0.043095647 -0.838238144 0.542653495
1317400980.853926897 10.867042623 -88.278809223 4.529531970 0.030277121 -0.044253290 -0.837613145 0.543625938
1317400980.957726955 10.438889135 -89.248884272 4.522312118 0.029803475 -0.044228024 -0.837246342 0.544218887
1317400981.061526060 10.015562112 -90.221339457 4.527672850 0.031030989 -0.044392725 -0.836804408 0.544816251
1317400981.165297985 9.584420926 -91.200772640 4.551913179 0.030764102 -0.045726062 -0.836278442 0.545528244
1317400981.269072056 9.151959637 -92.201867169 4.564461739 0.028303431 -0.047078603 -0.835770966 0.546323543
1317400981.372848988 8.728120264 -93.191037703 4.574331917 0.026825255 -0.047609577 -0.835234061 0.547172548
1317400981.476600885 8.300251157 -94.187520761 4.583799711 0.026574464 -0.047173060 -0.834677818 0.548070652
1317400981.580326796 7.886029939 -95.177286220 4.607132503 0.027401413 -0.045774196 -0.833775270 0.549520413
1317400981.684029102 7.459560080 -96.175267139 4.620438434 0.028419085 -0.043699693 -0.832599205 0.551417498
1317400981.787755966 7.044464678 -97.157139953 4.635973017 0.029519769 -0.043077678 -0.831271061 0.553408818
1317400981.891530991 6.626825867 -98.166048899 4.658613991 0.027935899 -0.043533388 -0.830279681 0.554941512
1317400981.995304108 6.211788518 -99.171449270 4.678049313 0.023517230 -0.044504042 -0.829868441 0.555683993
1317400982.099103928 5.802967477 -100.187002580 4.699484189 0.018580451 -0.044151695 -0.829737264 0.556094837
1317400982.202903986 5.389539270 -101.196798320 4.711212644 0.016416907 -0.041542409 -0.829757913 0.556333101
1317400982.306704044 4.989979850 -102.179152012 4.732995776 0.018793974 -0.040396416 -0.829525691 0.556688462
1317400982.410526991 4.563109086 -103.187769742 4.767558297 0.021676702 -0.038931047 -0.829746045 0.556359592
1317400982.514348984 4.158293744 -104.189436189 4.788698837 0.023945680 -0.036776850 -0.830252305 0.555657428
1317400982.618171930 3.751284880 -105.191803869 4.803652376 0.026389581 -0.035908114 -0.830815550 0.554760957
1317400982.721992970 3.337316658 -106.203773714 4.834072061 0.027506497 -0.036583153 -0.831429825 0.553741377
1317400982.825815916 2.933809329 -107.188661953 4.842990852 0.027052004 -0.035981865 -0.832014652 0.552924148
1317400982.929615021 2.520547639 -108.193337117 4.850104549 0.027893396 -0.036042646 -0.832586824 0.552016364
1317400983.033412933 2.112115972 -109.174114014 4.861221702 0.029080252 -0.038621685 -0.832805619 0.551450366
1317400983.137208939 1.701825324 -110.168106313 4.896308995 0.026896213 -0.041995008 -0.833040294 0.550959964
1317400983.240984917 1.292073615 -111.141495290 4.902402569 0.021654174 -0.040938437 -0.833432758 0.550676838
1317400983.344784975 0.874139368 -112.121542307 4.906017905 0.019278895 -0.038219773 -0.833912997 0.550233302
1317400983.448606968 0.462185676 -113.087903989 4.919428398 0.019862392 -0.034272825 -0.834578536 0.549462944
1317400983.552406073 0.048742280 -114.061821265 4.940690515 0.021170148 -0.029735858 -0.835311446 0.548563936
1317400983.656204939 -0.352544862 -115.034650639 4.939879032 0.023932348 -0.026604248 -0.835953510 0.547632345
1317400983.760005236 -0.767827558 -115.997945375 4.952170848 0.027711537 -0.025689849 -0.836452696 0.546734844
1317400983.863779068 -1.181707734 -116.951720941 4.972230351 0.028949582 -0.026739155 -0.836855931 0.546002829
1317400983.967556000 -1.591450628 -117.919799823 4.971031705 0.027789327 -0.031239488 -0.837277358 0.545177470
1317400984.071332932 -2.003718101 -118.857171134 4.980255789 0.023880094 -0.037152218 -0.837470390 0.544695143
1317400984.175105095 -2.428405680 -119.790926032 5.002544812 0.020201380 -0.040093700 -0.837835584 0.544073463
1317400984.278902054 -2.841156093 -120.736383732 4.979995108 0.020183713 -0.038879698 -0.838060712 0.543815437
1317400984.382725239 -3.258077344 -121.673809987 4.996351936 0.024925923 -0.036624906 -0.837981980 0.543896605
1317400984.486524105 -3.664129307 -122.600161315 5.012529275 0.029759208 -0.035471126 -0.837681216 0.544193319
1317400984.590323925 -4.076879293 -123.529829318 5.032420473 0.031875415 -0.033001191 -0.837636971 0.544296963
1317400984.694147110 -4.474449873 -124.445851305 5.030705232 0.033444508 -0.030525817 -0.837572503 0.544446455
1317400984.797993898 -4.876759288 -125.377666578 5.034824058 0.034401042 -0.028616251 -0.837559554 0.544510489
1317400984.901865959 -5.278794920 -126.292301151 5.033469684 0.033285967 -0.028183390 -0.837598434 0.544542564
1317400985.005759954 -5.676843812 -127.211808314 5.035083215 0.030444623 -0.029433543 -0.837637309 0.544582895
1317400985.109654665 -6.072439158 -128.119008999 5.027823845 0.028196787 -0.031233707 -0.837712870 0.544487414
1317400985.213526011 -6.462674924 -129.017635796 5.023157472 0.026137286 -0.032558411 -0.837700369 0.544531802
1317400985.317420959 -6.861954335 -129.920245869 5.025223541 0.024601015 -0.034599339 -0.837709402 0.544463619
1317400985.421313047 -7.250989118 -130.818642190 5.026512886 0.023509481 -0.036024073 -0.837667891 0.544483309
1317400985.525182962 -7.643158792 -131.703246551 5.041213765 0.023262145 -0.035591942 -0.837660521 0.544533688
1317400985.629054070 -8.026024307 -132.576629314 5.049760999 0.025371663 -0.033495759 -0.837591904 0.544677993
1317400985.732949018 -8.408307635 -133.453767374 5.054632446 0.028761395 -0.030672276 -0.837605857 0.544654406
1317400985.836868048 -8.785064702 -134.306787314 5.062071424 0.030762794 -0.026338972 -0.837864701 0.544373632
1317400985.940813065 -9.148153414 -135.149540564 5.066564221 0.031156173 -0.022958220 -0.838374991 0.543718298
1317400986.044755936 -9.507124914 -135.974328500 5.066514966 0.029009789 -0.021463297 -0.839151658 0.542699045
1317400986.148653984 -9.856810814 -136.786162412 5.051177237 0.025354822 -0.022149898 -0.839608558 0.542147567
1317400986.252547979 -10.214520249 -137.596002965 5.039534308 0.022978895 -0.024466773 -0.839900315 0.541701771
1317400986.356437922 -10.562142027 -138.372589475 5.046390782 0.021875234 -0.027224494 -0.839724060 0.541889107
1317400986.460309982 -10.899111938 -139.130666980 5.049007973 0.021672493 -0.029772944 -0.838949590 0.542961749
1317400986.564181089 -11.229029170 -139.874346153 5.056791121 0.023215564 -0.031508371 -0.837798831 0.544574494
1317400986.668050289 -11.549776784 -140.598234312 5.071557960 0.025328823 -0.031579512 -0.836433744 0.546570925
1317400986.771943092 -11.860182572 -141.307630013 5.082869093 0.027559759 -0.031272980 -0.835138688 0.548457686
1317400986.875859976 -12.142425252 -141.987382312 5.100699274 0.028376958 -0.031743403 -0.834016044 0.550094850
1317400986.979782104 -12.425664053 -142.632572137 5.117087659 0.027027330 -0.033262122 -0.832859277 0.551822961
1317400987.083724976 -12.683498471 -143.274867276 5.123333300 0.024971546 -0.033751448 -0.831598064 0.553788698
1317400987.187691927 -12.932785071 -143.873145335 5.119109820 0.024850206 -0.034503907 -0.830384070 0.555566597
1317400987.291682959 -13.166291107 -144.454228050 5.134660563 0.024403026 -0.033761441 -0.829234518 0.557346187
1317400987.395697117 -13.387397523 -145.003272413 5.144488211 0.023251281 -0.031814265 -0.828232879 0.558996895
1317400987.499711037 -13.588386982 -145.526368082 5.151014040 0.022014233 -0.029833787 -0.827286251 0.560555776
1317400987.603750944 -13.791362027 -146.031695011 5.166756871 0.020496212 -0.029998107 -0.826583151 0.561640733
1317400987.707838058 -13.987768151 -146.524072429 5.167968515 0.018584232 -0.030289627 -0.826176912 0.562288960
1317400987.811949015 -14.178324432 -147.011806679 5.173887551 0.017083598 -0.029193513 -0.826287824 0.562231556
1317400987.916058064 -14.367644918 -147.491745338 5.178186053 0.015969501 -0.026058814 -0.826813235 0.561645607
1317400988.020168304 -14.552642047 -147.979613104 5.183765779 0.016189102 -0.022669460 -0.827502947 0.560769901
1317400988.124279022 -14.733547673 -148.466169377 5.184331680 0.017818147 -0.020851191 -0.828151942 0.559832209
1317400988.228389978 -14.930876639 -148.954717690 5.198763145 0.019967454 -0.021100641 -0.828802501 0.558786612
1317400988.332499981 -15.116719627 -149.426811437 5.222278402 0.020296224 -0.022262033 -0.829474692 0.557731298
1317400988.436585903 -15.307403641 -149.889479122 5.224662099 0.018953349 -0.022997039 -0.830335618 0.556466232
1317400988.540652037 -15.491357303 -150.366949631 5.223205579 0.017318490 -0.022043745 -0.831133921 0.555365239
1317400988.644714355 -15.676497626 -150.829727355 5.217873888 0.016452714 -0.022163591 -0.831861098 0.554297030
1317400988.748776913 -15.862134699 -151.286388878 5.221189989 0.016309320 -0.022837082 -0.832469386 0.553359915
1317400988.852840900 -16.059980172 -151.745679207 5.225507695 0.017311409 -0.022419233 -0.833156678 0.552311183
1317400988.956902027 -16.241305507 -152.209841289 5.220364533 0.018789611 -0.020772339 -0.833891446 0.551217304
1317400989.060965776 -16.430946710 -152.662614155 5.233901061 0.020259531 -0.019369724 -0.834553481 0.550213461
1317400989.165007114 -16.625767936 -153.110697766 5.237711885 0.020335753 -0.018166815 -0.835266391 0.549168900
1317400989.269021034 -16.816226646 -153.570579396 5.244534446 0.020704429 -0.017199939 -0.835933894 0.548169695
1317400989.373033047 -17.002688611 -154.009805117 5.246024793 0.021146128 -0.016464266 -0.836300486 0.547615984
1317400989.477024078 -17.188162427 -154.460869484 5.243944930 0.021284328 -0.016082612 -0.836565790 0.547216599
1317400989.580991030 -17.377132366 -154.912709852 5.244927636 0.021563493 -0.017375856 -0.836386972 0.547439429
1317400989.684909105 -17.543357233 -155.359861544 5.245435010 0.021302393 -0.018942579 -0.835246496 0.549136302
1317400989.788779974 -17.720449516 -155.782278221 5.249157683 0.020489756 -0.019702200 -0.833364719 0.551992064
1317400989.892625809 -17.881641287 -156.224274234 5.248778074 0.020065568 -0.019306237 -0.830785827 0.555895271
1317400989.996402025 -18.034189424 -156.678663717 5.241589359 0.020808067 -0.019674261 -0.827008605 0.561459451
1317400990.100080967 -18.157776790 -157.108586737 5.247184071 0.022311219 -0.022000269 -0.820936285 0.570159463
1317400990.203687906 -18.285611762 -157.539322793 5.261575879 0.023897075 -0.025166380 -0.812868570 0.581412307
1317400990.307270050 -18.410140079 -157.946967509 5.267123566 0.024217080 -0.026058853 -0.802638303 0.595404252
1317400990.410876989 -18.501613119 -158.350901461 5.275277985 0.023221178 -0.025193119 -0.790596175 0.611378582
1317400990.514530897 -18.585223749 -158.745152712 5.278183213 0.021085232 -0.024660893 -0.777752258 0.627732967
1317400990.618207932 -18.647952307 -159.137427799 5.279791372 0.019286481 -0.026036922 -0.764351732 0.643984891
1317400990.721911907 -18.722910880 -159.509464351 5.284279885 0.017515623 -0.028284095 -0.750335064 0.660220042
1317400990.825639009 -18.761348354 -159.904382177 5.289426699 0.016178702 -0.030324097 -0.735649902 0.676489409
1317400990.929390192 -18.805124497 -160.275669464 5.304885566 0.014565450 -0.030206273 -0.720934808 0.692191037
1317400991.033166885 -18.787207732 -160.685906837 5.309988367 0.011621537 -0.028630894 -0.706396086 0.707141981
1317400991.136941910 -18.769441241 -161.053176895 5.308178829 0.008082390 -0.027120543 -0.690733785 0.722555181
1317400991.240741014 -18.752314123 -161.448656902 5.320188337 0.004916673 -0.027671062 -0.675127836 0.737165208
1317400991.344538927 -18.701957229 -161.827207817 5.332525479 0.003028527 -0.029139429 -0.658832141 0.751719317
1317400991.448312044 -18.650809202 -162.236172362 5.352483946 0.002524547 -0.030277440 -0.642347760 0.765810851
1317400991.552110910 -18.584748374 -162.629256086 5.372162561 0.002769031 -0.029565220 -0.625753997 0.779455044
1317400991.655934095 -18.494681231 -163.011784009 5.393312854 0.001639113 -0.028069173 -0.609560758 0.792240568
1317400991.759782076 -18.382773243 -163.430291674 5.413158553 -0.000799422 -0.026680581 -0.593157828 0.804643585
1317400991.863651991 -18.248055771 -163.836720499 5.428048373 -0.002981501 -0.025690231 -0.577087170 0.816272945
1317400991.967559099 -18.080001600 -164.261795719 5.445930724 -0.003933806 -0.026680152 -0.561608546 0.826963442
1317400992.071502924 -17.941802784 -164.677295491 5.472684077 -0.003525254 -0.028915614 -0.546945441 0.836661308
1317400992.175479889 -17.739509918 -165.118606595 5.497472346 -0.004319373 -0.029426434 -0.533337734 0.845379376
1317400992.279493093 -17.532547671 -165.552215932 5.522744461 -0.006852381 -0.027820439 -0.520868462 0.853155973
1317400992.383557081 -17.297577268 -165.994033807 5.544031641 -0.008745662 -0.024719220 -0.509746047 0.859925253
1317400992.487668037 -17.049442701 -166.435831296 5.569071449 -0.008934468 -0.022526042 -0.500643360 0.865314381
1317400992.591800928 -16.790280340 -166.901874644 5.599713587 -0.007270384 -0.021949725 -0.492898390 0.869779586
1317400992.695983887 -16.523006952 -167.347899379 5.634120854 -0.003540835 -0.021546108 -0.486577320 0.873364608
1317400992.800190926 -16.265593701 -167.796458850 5.665329311 -0.000116722 -0.020982527 -0.481015433 0.876460993
1317400992.904373646 -15.892543844 -168.338823638 5.705419431 0.001662083 -0.020136687 -0.475934835 0.879248420
1317400993.008517027 -15.585696898 -168.820516273 5.730560236 0.003505251 -0.020023003 -0.470993943 0.881902205
1317400993.112627983 -15.213509975 -169.353236365 5.761106572 0.005745800 -0.021324476 -0.465326953 0.884863311
1317400993.216731787 -14.860506687 -169.871099615 5.799600395 0.006952447 -0.023466406 -0.460018136 0.887572141
1317400993.320872307 -14.505421027 -170.374623682 5.821378056 0.004897964 -0.025292551 -0.455585435 0.889819200
1317400993.425004959 -14.106993185 -170.922639326 5.849131674 0.002778063 -0.026993643 -0.451846354 0.891682958
1317400993.529159069 -13.756130708 -171.438353302 5.868198650 -0.000184276 -0.028002605 -0.449586305 0.892797835
1317400993.633389711 -13.294651562 -172.015259821 5.907068916 -0.002919243 -0.026893060 -0.449768277 0.892735536
1317400993.737646103 -12.872748295 -172.595057512 5.921225563 -0.003858506 -0.024831438 -0.451020630 0.892159685
1317400993.841881037 -12.459958098 -173.165480322 5.977782051 -0.004328466 -0.023366969 -0.452940847 0.891223787
1317400993.946086884 -12.013132714 -173.767460159 6.011318372 -0.005437969 -0.022238820 -0.455290060 0.890048776
1317400994.050302982 -11.508923373 -174.416662846 6.049821321 -0.005356749 -0.021249435 -0.457878393 0.888744701
1317400994.154485941 -11.076550527 -175.028206328 6.095630799 -0.004273933 -0.021203249 -0.460441584 0.887426450
1317400994.258655071 -10.627417862 -175.668709059 6.128341210 -0.002930150 -0.020538069 -0.463031981 0.886098745
1317400994.362814903 -10.165497338 -176.322379358 6.167621435 -0.002824545 -0.019953732 -0.466103211 0.884500801
1317400994.466927052 -9.685075397 -177.004923377 6.213108888 -0.003518826 -0.020166653 -0.468928653 0.882998778
1317400994.571038008 -9.216788494 -177.685393027 6.250066648 -0.003320375 -0.021902827 -0.471360313 0.881662462
1317400994.675122976 -8.734695495 -178.395521855 6.293992265 -0.003965338 -0.023253564 -0.473629032 0.880408478
1317400994.779186010 -8.279635538 -179.086598940 6.334799847 -0.004200346 -0.022650462 -0.475836902 0.879231799
1317400994.883249044 -7.799407816 -179.799816156 6.357285319 -0.003964059 -0.019500610 -0.477814663 0.878235253
1317400994.987287045 -7.320807350 -180.534612560 6.399456556 -0.001878873 -0.017282133 -0.479629360 0.877298965
1317400995.091326952 -6.862591734 -181.239499295 6.459239812 -0.000357151 -0.019313133 -0.481092066 0.876457244
1317400995.195365906 -6.400830179 -181.948205304 6.511079041 -0.001614757 -0.023909814 -0.482062892 0.875808816
1317400995.299416065 -5.947242591 -182.674603574 6.549191180 -0.002054482 -0.027714186 -0.483026231 0.875164764
1317400995.403453112 -5.472575466 -183.404708876 6.587849058 -0.001301091 -0.028320411 -0.484036999 0.874588158
1317400995.507457018 -5.028604955 -184.126005079 6.631641036 0.001032895 -0.026417558 -0.484356515 0.874471161
1317400995.611473083 -4.560713087 -184.845512241 6.690981816 0.003298654 -0.025784495 -0.484833184 0.874220260
1317400995.715462923 -4.103970433 -185.568545136 6.737840822 0.005070045 -0.025673679 -0.484805214 0.874230554
1317400995.819428921 -3.662026749 -186.287177458 6.791997848 0.007165732 -0.026409724 -0.484641394 0.874284792
1317400995.923394918 -3.222699068 -186.996476059 6.831064046 0.008646133 -0.027519676 -0.483921999 0.874635588
1317400996.027363062 -2.788400808 -187.712208977 6.891017445 0.008769575 -0.029637854 -0.483391080 0.874858706
1317400996.131330967 -2.329192891 -188.417557105 6.938158641 0.009205554 -0.031992681 -0.483016670 0.874978070
1317400996.235272884 -1.882768633 -189.120600711 6.975804142 0.009112060 -0.031455119 -0.482904360 0.875060526
1317400996.339225054 -1.451889100 -189.819096728 7.019605528 0.008842814 -0.028150791 -0.483142193 0.875044547
1317400996.443192720 -0.996582243 -190.517259398 7.053898896 0.011092725 -0.024818517 -0.483547208 0.874896045
1317400996.547154903 -0.567195775 -191.209415414 7.115540792 0.014332363 -0.022898781 -0.483772312 0.874776874
1317400996.651119947 -0.142756853 -191.888161883 7.160407462 0.016245913 -0.023076949 -0.484282810 0.874456222
1317400996.755091906 0.276915585 -192.546437592 7.191718230 0.015590997 -0.024494285 -0.484775893 0.874156327
1317400996.859072924 0.683306955 -193.187521377 7.239141422 0.012515665 -0.026589957 -0.485789569 0.873581609
1317400996.963066101 1.075661026 -193.816462723 7.267125449 0.010373385 -0.029891241 -0.486824002 0.872926857
1317400997.067063093 1.459604456 -194.436933838 7.305632516 0.010349265 -0.032009161 -0.488253909 0.872052995
1317400997.171072006 1.816890638 -195.027748051 7.338274234 0.011451684 -0.031525912 -0.490011514 0.871070429
1317400997.275054932 2.169084751 -195.589644153 7.373855480 0.014486609 -0.029654317 -0.491914652 0.870017663
1317400997.379026890 2.489209853 -196.129098892 7.417841705 0.018720214 -0.028419396 -0.493278261 0.869205642
1317400997.482998133 2.796340431 -196.671613509 7.460408832 0.022473214 -0.028878413 -0.494277571 0.868533635
1317400997.586985111 3.091180958 -197.172106635 7.497720515 0.025719203 -0.029018466 -0.495867877 0.867531844
1317400997.690960884 3.373227868 -197.648108278 7.527853957 0.026147038 -0.029491010 -0.497658050 0.866477396
1317400997.794898033 3.635227246 -198.104287722 7.563209585 0.026726052 -0.031107955 -0.499294190 0.865461337
1317400997.898840904 3.870075433 -198.517964404 7.578520979 0.027384197 -0.032176547 -0.500718630 0.864578296
1317400998.002780914 4.105501821 -198.935635020 7.601057394 0.028764693 -0.032526057 -0.502594158 0.863431387
1317400998.106720924 4.323035588 -199.323615602 7.617815768 0.028464715 -0.031775786 -0.504326652 0.862458513
1317400998.210640907 4.541100952 -199.683924176 7.643503306 0.027238221 -0.030784055 -0.505943769 0.861586516
1317400998.314558983 4.735837736 -200.039021054 7.652571817 0.026494331 -0.029193517 -0.507241812 0.860901582
1317400998.418453932 4.928411601 -200.379929303 7.679332534 0.027095070 -0.028100707 -0.508783397 0.860009106
1317400998.522350073 5.106899672 -200.693112270 7.692273508 0.026974524 -0.027444903 -0.509911326 0.859365808
1317400998.626267910 5.269326400 -200.995375958 7.712887181 0.026772165 -0.027861306 -0.511181868 0.858603574
1317400998.730187893 5.428353866 -201.285038740 7.722724270 0.025107345 -0.028804748 -0.512314029 0.857947693
1317400998.834106922 5.585278936 -201.573744948 7.736832675 0.023728040 -0.030238741 -0.513491097 0.857233628
1317400998.938024998 5.746110869 -201.859055184 7.748427047 0.021989020 -0.030719922 -0.514840887 0.856452935
1317400999.041944027 5.902771884 -202.147704734 7.759264743 0.020158246 -0.030104761 -0.516050300 0.855791702
1317400999.145862103 6.061313909 -202.426459276 7.769982412 0.018616676 -0.029404597 -0.517255484 0.855123122
1317400999.249754906 6.208708531 -202.707427214 7.780096023 0.018139055 -0.029061254 -0.518161656 0.854596347
1317400999.353626013 6.354478791 -202.983951197 7.791190588 0.018052146 -0.029417647 -0.519228412 0.853938276
1317400999.457499027 6.500275475 -203.267369482 7.810294564 0.016632215 -0.030059486 -0.519634365 0.853697794
1317400999.561346054 6.650767097 -203.537581211 7.824135800 0.015489853 -0.030743434 -0.519774721 0.853609480
1317400999.665175915 6.796989765 -203.809869903 7.832015781 0.014520175 -0.030820694 -0.519074286 0.854049844
1317400999.768974066 6.941269710 -204.079718612 7.848002190 0.014600771 -0.030921811 -0.517846066 0.854790098
1317400999.872764111 7.082124565 -204.355215019 7.860743809 0.014570252 -0.030773674 -0.516324140 0.855716116
1317400999.976543903 7.229126209 -204.619705202 7.873885566 0.014259836 -0.031182547 -0.514416851 0.856854485
1317401000.080296040 7.380664586 -204.884245571 7.891084368 0.013232154 -0.032668552 -0.512199289 0.858143091
1317401000.184072018 7.536865338 -205.165977494 7.903056748 0.011783600 -0.034990177 -0.509408804 0.859732228
1317401000.287847281 7.701025159 -205.455633825 7.919573339 0.010623184 -0.035972338 -0.506419315 0.861471193
1317401000.391616106 7.868318111 -205.761242004 7.930579465 0.010743460 -0.034692239 -0.502747463 0.863670085
1317401000.495395184 8.052231629 -206.072602349 7.946895815 0.011653343 -0.032333995 -0.498457148 0.866232754
1317401000.599143982 8.234643760 -206.391770033 7.970869595 0.012895430 -0.030988462 -0.494066357 0.868776069
1317401000.702893019 8.431929217 -206.723182910 7.996009041 0.013006000 -0.030637252 -0.489302359 0.871478861
1317401000.806643009 8.651271208 -207.067325192 8.016738641 0.012811404 -0.030501403 -0.484446286 0.874195246
1317401000.910392046 8.879422001 -207.429050777 8.038638465 0.012982885 -0.029020029 -0.479588386 0.876917477
1317401001.014142036 9.116931711 -207.799595746 8.066677727 0.013279925 -0.027427799 -0.474735121 0.879601003
1317401001.117892027 9.371513414 -208.168510796 8.085994226 0.013449491 -0.026726038 -0.470121711 0.882094330
1317401001.221666098 9.628962667 -208.563570054 8.101572458 0.013339065 -0.026718710 -0.465819942 0.884375464
1317401001.325465918 9.923359837 -208.967360139 8.117255072 0.012175903 -0.025708638 -0.462490056 0.886168021
1317401001.429313898 10.217138987 -209.390202683 8.150505950 0.010320673 -0.025757345 -0.460040347 0.887464321
1317401001.533207893 10.534816736 -209.821568367 8.171196204 0.007973910 -0.026559461 -0.458467155 0.888278605
1317401001.637125969 10.858073831 -210.265218741 8.194788122 0.005781122 -0.027251614 -0.457460598 0.888793412
1317401001.741045952 11.194434789 -210.732970358 8.210592460 0.003780242 -0.028058482 -0.457054715 0.888987862
1317401001.844964981 11.545831376 -211.219902844 8.226307563 0.001595256 -0.028351400 -0.456653517 0.889191328
1317401001.948882103 11.914097362 -211.720774967 8.246543659 0.000264022 -0.026857648 -0.456308841 0.889416010
1317401002.052824974 12.291940816 -212.229152427 8.297847506 -0.001128725 -0.025764065 -0.456175235 0.889516213
1317401002.156769037 12.688501652 -212.766468820 8.332682508 -0.004505529 -0.026599300 -0.455947821 0.889597528
1317401002.260688066 13.085886478 -213.306205615 8.352352351 -0.007252924 -0.026577899 -0.455698682 0.889707661
1317401002.364604950 13.495722539 -213.853885342 8.381419459 -0.008951844 -0.024511914 -0.455510153 0.889848038
1317401002.468549013 13.934426324 -214.451034530 8.410043864 -0.009329752 -0.020220963 -0.455900529 0.889752087
1317401002.572515726 14.358354836 -215.017197278 8.448523709 -0.007630582 -0.016239438 -0.456380537 0.889603766
1317401002.676481962 14.801505302 -215.644691335 8.502687686 -0.006156399 -0.015791160 -0.457325024 0.889138099
1317401002.780472994 15.251052637 -216.253502167 8.539314713 -0.005914827 -0.017325511 -0.458101932 0.888711124
1317401002.884464025 15.707956040 -216.902567231 8.563635143 -0.005913561 -0.018655814 -0.458961641 0.888240509
1317401002.988429070 16.176125758 -217.558346203 8.594097960 -0.005093735 -0.019436837 -0.459800884 0.887794689
1317401003.092396021 16.641839972 -218.216992656 8.625913214 -0.004086719 -0.020115598 -0.460203687 0.887576041
1317401003.196362972 17.136254533 -218.903597817 8.675685897 -0.004756304 -0.021405876 -0.460962430 0.887148693
1317401003.300304890 17.623817235 -219.597006210 8.706187794 -0.004366025 -0.022167814 -0.461411754 0.886898370
1317401003.404223919 18.114453359 -220.302286186 8.741095234 -0.004204577 -0.019622672 -0.462171669 0.886563377
1317401003.508145094 18.613365062 -220.997402724 8.772795695 -0.002574058 -0.016768412 -0.462565850 0.886422602
1317401003.612063885 19.124582545 -221.726157105 8.818037018 -0.002806498 -0.015016952 -0.463050710 0.886200121
1317401003.715982914 19.646684601 -222.458109334 8.861355075 -0.002563275 -0.015650773 -0.463739158 0.885829823
1317401003.819924116 20.177621910 -223.217230289 8.886590233 -0.001569129 -0.017053856 -0.464643301 0.885332314
1317401003.923866987 20.709897831 -223.992230911 8.931908700 -0.001833200 -0.018445812 -0.465492187 0.884857850
1317401004.027786970 21.250789030 -224.769748237 8.968832495 -0.001470749 -0.019604724 -0.466282879 0.884417192
1317401004.131681681 21.802753926 -225.565214728 8.995646180 0.000011337 -0.019214327 -0.466219979 0.884460141
1317401004.235552073 22.350962727 -226.349746027 9.029676418 0.001913382 -0.018092546 -0.466076536 0.884557325
1317401004.339421034 22.907547256 -227.155200601 9.077824783 0.002576028 -0.018539626 -0.465614876 0.884789485
1317401004.443291903 23.475057724 -227.961708274 9.124122507 0.000666700 -0.020969301 -0.465405307 0.884848995
1317401004.547175884 24.050375202 -228.791134019 9.163171461 -0.002036245 -0.021567605 -0.464833206 0.885133201
1317401004.651024103 24.623187453 -229.607722202 9.192776944 -0.001072750 -0.020689639 -0.464555638 0.885301557
1317401004.754833937 25.207711667 -230.446068232 9.236953149 0.001670237 -0.019155872 -0.464082982 0.885582999
1317401004.858656883 25.792676764 -231.288677147 9.280377556 0.003278387 -0.016660093 -0.463792576 0.885781090
1317401004.962480068 26.373518675 -232.113648524 9.324694687 0.003874294 -0.015009379 -0.463644062 0.885885936
1317401005.066301107 26.978562137 -232.965435015 9.376142155 0.003351743 -0.015858524 -0.463161389 0.886125725
1317401005.170099020 27.557386929 -233.792841354 9.416418380 0.001882342 -0.017717712 -0.462430774 0.886476350
1317401005.273850918 28.161660422 -234.630780268 9.452259878 0.002244222 -0.018266647 -0.460949158 0.887235688
1317401005.377603054 28.742903337 -235.454529595 9.491629213 0.003385120 -0.017229745 -0.459109618 0.888206077
1317401005.481379032 29.329524604 -236.264216694 9.531938546 0.004557376 -0.015345169 -0.457712030 0.888956385
1317401005.585175991 29.931817318 -237.098800326 9.580085435 0.002354642 -0.012890202 -0.456887280 0.889428081
1317401005.688973904 30.530469004 -237.911432544 9.601943100 -0.000474029 -0.009744545 -0.456808257 0.889511684
1317401005.792749166 31.123226347 -238.733363895 9.631424684 -0.002044089 -0.007110921 -0.457223712 0.889320940
1317401005.896548748 31.728218126 -239.553511863 9.669345145 -0.004046870 -0.007397628 -0.457297622 0.889273739
1317401006.000346899 32.331506560 -240.382695433 9.718322241 -0.008006812 -0.009931634 -0.457329464 0.889205834
1317401006.104120970 32.935249823 -241.206873488 9.736584600 -0.009415359 -0.012348382 -0.457114679 0.889272196
1317401006.207895994 33.526165304 -242.026034642 9.778893994 -0.008996145 -0.014129242 -0.456967133 0.889325853
1317401006.311671972 34.120894618 -242.843876303 9.824472571 -0.007967013 -0.015225492 -0.456942804 0.889330077
1317401006.415471077 34.709086535 -243.649358111 9.866639626 -0.009879274 -0.014646985 -0.456776740 0.889405912
1317401006.519269943 35.308263213 -244.462134932 9.906912564 -0.010394251 -0.013345829 -0.456653113 0.889483998
1317401006.623066902 35.895360383 -245.271978917 9.954084706 -0.009253341 -0.012435866 -0.456679906 0.889496031
1317401006.726866961 36.470947049 -246.070114013 10.004167591 -0.009252693 -0.011178863 -0.456817478 0.889442079
1317401006.830641270 37.054901375 -246.864884816 10.039465547 -0.008182961 -0.010273643 -0.456816694 0.889463883
1317401006.934416056 37.649553188 -247.679753393 10.082845137 -0.007147667 -0.009315640 -0.456754517 0.889515284
1317401007.038191080 38.215849430 -248.475152949 10.124805923 -0.005559725 -0.009621275 -0.456817187 0.889491191
1317401007.141988754 38.794215310 -249.260452263 10.171768759 -0.005371454 -0.011429465 -0.456788089 0.889485895
1317401007.245786905 39.363857439 -250.057145625 10.209298685 -0.004881281 -0.013734907 -0.456843617 0.889427588
1317401007.349586964 39.933072769 -250.839861099 10.252854537 -0.004542953 -0.014985804 -0.456975737 0.889341309
1317401007.453385115 40.498215863 -251.611300335 10.281863927 -0.004725392 -0.013902980 -0.457381724 0.889149221
1317401007.557183981 41.068961754 -252.407043660 10.324841389 -0.003124342 -0.013040084 -0.458131605 0.888783229
1317401007.660983086 41.654180441 -253.205148051 10.369970909 -0.000623810 -0.012265179 -0.458810508 0.888449264
1317401007.764781713 42.198654150 -253.962699090 10.404690873 0.000726849 -0.010749271 -0.459580996 0.888070511
1317401007.868580103 42.779779394 -254.761907889 10.437114355 0.000360358 -0.010430202 -0.460530216 0.887582673
1317401007.972403049 43.327452501 -255.544965671 10.479815840 0.000143345 -0.012242497 -0.461981821 0.886804881
1317401008.076275110 43.889284247 -256.325951385 10.524128586 -0.001979620 -0.015048715 -0.464252280 0.885572943
1317401008.180145264 44.433634977 -257.115469862 10.543619422 -0.005154886 -0.015476855 -0.467137386 0.884034251
1317401008.284015894 44.972617771 -257.888992450 10.583805211 -0.007623962 -0.014209938 -0.469689043 0.882684630
1317401008.387861967 45.517690362 -258.679896947 10.608780065 -0.007107695 -0.012348109 -0.471426334 0.881790347
1317401008.491708279 46.062514578 -259.466063670 10.661931064 -0.006243020 -0.011480490 -0.472966725 0.880983371
1317401008.595555067 46.589224962 -260.247086995 10.705531837 -0.006477840 -0.011277918 -0.474389578 0.880218936
1317401008.699377060 47.120235152 -261.033719589 10.733284764 -0.007528033 -0.010834813 -0.475804015 0.879452372
1317401008.803177118 47.639850161 -261.813061536 10.761755409 -0.007076657 -0.010577862 -0.476807590 0.878915554
1317401008.906977892 48.155126803 -262.606903500 10.812002767 -0.005834330 -0.011586872 -0.477751330 0.878399324
1317401009.010776043 48.671267057 -263.400104635 10.851201220 -0.005175166 -0.013369440 -0.478705121 0.877858692
1317401009.114550114 49.193485540 -264.195631736 10.882116138 -0.004061647 -0.013529454 -0.479005508 0.877698228
1317401009.218348980 49.702559617 -264.989575237 10.914345047 -0.001390202 -0.012607478 -0.478903205 0.877776076
1317401009.322146893 50.225128523 -265.783733175 10.955089519 0.001315045 -0.012099491 -0.478940063 0.877763231
1317401009.425921679 50.751525218 -266.587347219 11.005161700 0.001619483 -0.011056968 -0.478987800 0.877750425
1317401009.529700041 51.265441315 -267.385931852 11.022967406 0.001394505 -0.010562700 -0.479299552 0.877586705
1317401009.633497000 51.785050716 -268.177098847 11.051994398 0.001358719 -0.010709093 -0.479743364 0.877342450
1317401009.737340927 52.306870375 -268.974960940 11.093138637 0.000175831 -0.011567695 -0.480502201 0.876917209
1317401009.841188908 52.807885699 -269.748191405 11.115554067 -0.001493424 -0.011806964 -0.481343731 0.876451127
1317401009.945010900 53.321766847 -270.553584097 11.135387935 -0.000187466 -0.011628024 -0.482193569 0.875987509
1317401010.048831940 53.833462035 -271.356014425 11.172563214 0.002408827 -0.011231433 -0.482645149 0.875740665
1317401010.152682066 54.339904073 -272.143895948 11.200981377 0.004212137 -0.011980948 -0.483379514 0.875318776
1317401010.256529093 54.835783927 -272.933032181 11.232496695 0.004918910 -0.013006019 -0.483923836 0.874999639
1317401010.360351086 55.345834818 -273.736544860 11.267467033 0.005292395 -0.014567300 -0.484465238 0.874673206
1317401010.464173079 55.852329307 -274.528740486 11.309559252 0.004050715 -0.015921642 -0.484762471 0.874491532
1317401010.567994118 56.346681847 -275.308075117 11.335200136 0.003447839 -0.016977940 -0.485389830 0.874126178
1317401010.671817064 56.837848284 -276.093698636 11.366352208 0.004223494 -0.016660498 -0.485849409 0.873873527
1317401010.775671005 57.318365226 -276.875970937 11.393304495 0.005977276 -0.015173450 -0.486230357 0.873678476
1317401010.879517078 57.807524394 -277.641070009 11.434781513 0.008657818 -0.015066097 -0.486436691 0.873543016
1317401010.983335018 58.282115764 -278.410681418 11.471497836 0.010610490 -0.016244985 -0.486712974 0.873346437
1317401011.087157011 58.744513857 -279.165333768 11.508410072 0.011553275 -0.017247749 -0.486695666 0.873324891
1317401011.190979004 59.209053721 -279.907855406 11.539641178 0.012303590 -0.017899953 -0.486686863 0.873306424
1317401011.294826031 59.658532587 -280.614540093 11.569326218 0.012479810 -0.017628106 -0.486253672 0.873550726
1317401011.398672104 60.115743084 -281.336796017 11.593551613 0.014042636 -0.016141493 -0.485306597 0.874082241
1317401011.502473116 60.550279792 -282.015037494 11.634054383 0.016015811 -0.015076065 -0.483783989 0.874911000
1317401011.606247902 60.982139964 -282.691834290 11.657086669 0.017246414 -0.014825753 -0.482027759 0.875860718
1317401011.710020065 61.412903206 -283.360346714 11.694668371 0.016658193 -0.016461305 -0.479485549 0.877237219
1317401011.813819885 61.831862661 -284.010821059 11.719159440 0.015117932 -0.018552717 -0.476685295 0.878748186
1317401011.917619944 62.229079045 -284.599744516 11.730472451 0.013472521 -0.018986286 -0.473649771 0.880405535
1317401012.021419048 62.617883240 -285.194577433 11.748125907 0.012086908 -0.017940571 -0.471172391 0.881775834
1317401012.125289917 63.013122735 -285.754749248 11.782442065 0.010723793 -0.017364558 -0.469469540 0.882712764
1317401012.229232073 63.381376381 -286.309926110 11.807613976 0.008902188 -0.017260197 -0.469174167 0.882892087
1317401012.333245039 63.749844098 -286.854939154 11.834812696 0.005729375 -0.017059190 -0.471813957 0.881514463
1317401012.437356949 64.109263541 -287.396254318 11.853476555 0.003500328 -0.016904753 -0.476341990 0.879090601
1317401012.541516066 64.455125702 -287.918270929 11.867444854 0.004189865 -0.016174504 -0.483509228 0.875179785
1317401012.645699024 64.778764812 -288.451515024 11.895622724 0.007233117 -0.014537557 -0.491320507 0.870827481
1317401012.749932051 65.094761527 -288.987690521 11.919725141 0.009498479 -0.012480314 -0.501320966 0.865119246
1317401012.854211092 65.396758892 -289.516184873 11.947713491 0.010851233 -0.011329422 -0.513197023 0.858127444
1317401012.958512068 65.662972683 -289.993145298 11.962689444 0.011835856 -0.011055877 -0.527197951 0.849588136
1317401013.062791824 65.928546533 -290.517974435 11.983442184 0.012736626 -0.012603601 -0.540979471 0.840844896
1317401013.167021036 66.172674673 -291.019531092 11.995047226 0.013048787 -0.016381703 -0.554335047 0.832030062
1317401013.271224976 66.346538724 -291.501118882 12.009847331 0.012204153 -0.021548022 -0.567701464 0.822861950
1317401013.375407934 66.549608460 -291.982975770 12.026106429 0.010979536 -0.024920917 -0.581124867 0.813358645
1317401013.479496002 66.730232353 -292.507067812 12.035925185 0.010849864 -0.025740175 -0.592587669 0.805021477
1317401013.583488941 66.892169618 -293.018748899 12.045871629 0.012421098 -0.026219687 -0.601458586 0.798376987
1317401013.687383890 67.052922832 -293.547569775 12.070708763 0.015802003 -0.026679522 -0.607890926 0.793414849
1317401013.791182995 67.177009133 -294.047079768 12.098286159 0.019721651 -0.026489104 -0.611334005 0.790683324
1317401013.894910097 67.315009876 -294.543080017 12.123452948 0.021603579 -0.025036633 -0.612901877 0.789466745
1317401013.998589039 67.437243892 -295.043771826 12.145035086 0.020836881 -0.023601922 -0.611966856 0.790256503
1317401014.102243900 67.581529475 -295.529806452 12.156561163 0.018919630 -0.021673894 -0.609322958 0.792400040
1317401014.205898046 67.717597071 -296.012066445 12.167224178 0.018001324 -0.019460087 -0.605897962 0.795100570
1317401014.309600115 67.858439289 -296.503278938 12.174102993 0.017360673 -0.016835853 -0.601553346 0.798466488
1317401014.413327217 68.014561900 -296.978117872 12.188510010 0.017634146 -0.015951912 -0.597096362 0.801817004
1317401014.517076969 68.151593261 -297.464383516 12.198432507 0.018444458 -0.016172755 -0.592105485 0.805487019
1317401014.620826960 68.315327124 -297.950748358 12.213103342 0.019511998 -0.016345798 -0.587141223 0.809084224
1317401014.724554062 68.475141296 -298.444725222 12.221757109 0.019315498 -0.016161809 -0.581939153 0.812842254
1317401014.828279972 68.665390880 -298.946312043 12.235238042 0.017907120 -0.015329846 -0.576183040 0.816980682
1317401014.932008028 68.867441846 -299.446160853 12.226622183 0.017210609 -0.015306297 -0.569558778 0.821627842
1317401015.035712004 69.055337093 -299.946519998 12.242812838 0.018035624 -0.017645245 -0.562093202 0.826688934
1317401015.139436007 69.277341074 -300.443825538 12.256068399 0.019016970 -0.020302206 -0.554717621 0.831573531
1317401015.243185997 69.484745340 -300.951609351 12.264218924 0.019613475 -0.021221191 -0.546477057 0.836975387
1317401015.346915007 69.711508085 -301.480255953 12.278758194 0.018790865 -0.020988516 -0.538692708 0.842031206
1317401015.450640917 69.962909455 -302.001294164 12.285501439 0.017991725 -0.021533082 -0.530090142 0.847476882
1317401015.554370165 70.249879501 -302.516869136 12.293119378 0.018745569 -0.021931177 -0.521846488 0.852551388
1317401015.658119917 70.505967413 -303.051196623 12.320682759 0.019956233 -0.021924182 -0.513139415 0.857793110
1317401015.761892080 70.808158198 -303.587672347 12.339211023 0.019475736 -0.022397382 -0.504670725 0.862801548
1317401015.865668058 71.101250100 -304.117860400 12.354000103 0.018211637 -0.022522237 -0.495909632 0.867890962
1317401015.969440937 71.429321830 -304.658717824 12.372952713 0.016571566 -0.021544140 -0.488069424 0.872381494
1317401016.073238134 71.767601078 -305.201219205 12.379173599 0.015614732 -0.020186374 -0.481011560 0.876342724
1317401016.177038908 72.125601414 -305.744825060 12.399054641 0.015816522 -0.019686780 -0.473917806 0.880206897
1317401016.280862093 72.482297806 -306.313853470 12.418254694 0.016263086 -0.019250691 -0.466543303 0.884139282
1317401016.384708881 72.882347290 -306.868449751 12.449646592 0.015765807 -0.018770728 -0.459747044 0.887711527
1317401016.488508940 73.286760696 -307.431095880 12.462101073 0.013992034 -0.019208861 -0.452133205 0.891633786
1317401016.592305899 73.723698752 -307.998340454 12.478978410 0.012566177 -0.019920535 -0.444638714 0.895400289
1317401016.696105003 74.164221608 -308.565741176 12.496123128 0.012375942 -0.019473210 -0.436590272 0.899364534
1317401016.799881935 74.616888108 -309.138593302 12.517263373 0.012161361 -0.018660742 -0.428984593 0.903037152
1317401016.903677940 75.109765793 -309.719747345 12.554476007 0.011645625 -0.017852863 -0.421276384 0.906681787
1317401017.007475853 75.598812241 -310.295551935 12.568822431 0.009400010 -0.016972552 -0.412796633 0.910616556
1317401017.111252069 76.116734165 -310.851932103 12.590667201 0.006519449 -0.015887936 -0.403777710 0.914695923
1317401017.215049982 76.656228734 -311.426912621 12.603415814 0.004235841 -0.014180562 -0.394878692 0.918614058
1317401017.318850040 77.208101252 -311.996905379 12.631483882 0.002967327 -0.012431675 -0.385931779 0.922438784
1317401017.422648907 77.782819574 -312.558167171 12.653663166 -0.000153003 -0.011985671 -0.377390581 0.925976603
1317401017.526448011 78.380688071 -313.129364680 12.675341207 -0.003233110 -0.013190231 -0.369412744 0.929166180
1317401017.630247116 78.994646359 -313.691541730 12.696645847 -0.005061729 -0.014318249 -0.360515719 0.932629499
1317401017.734093904 79.631125642 -314.259282966 12.719220256 -0.005690603 -0.014179608 -0.352037419 0.935861214
1317401017.837939024 80.268354276 -314.796941250 12.747502730 -0.006226705 -0.013105848 -0.343651420 0.938985179
1317401017.941785097 80.938842681 -315.372476803 12.770267932 -0.004826213 -0.012419772 -0.336210440 0.941692624
1317401018.045681000 81.618603766 -315.918670801 12.819596288 -0.003210985 -0.013601532 -0.329381159 0.944093608
1317401018.149600983 82.342652867 -316.493836155 12.849461033 -0.002441006 -0.015611042 -0.322975358 0.946275465
1317401018.253519058 83.067697168 -317.047032442 12.872797306 -0.003343373 -0.015877950 -0.316665854 0.948398360
1317401018.357438326 83.806358535 -317.607611715 12.899128674 -0.000849332 -0.015778228 -0.310676468 0.950384374
1317401018.461380959 84.542746357 -318.145434021 12.937860141 0.002864143 -0.016977519 -0.304629869 0.952315181
1317401018.565372944 85.331085193 -318.702712249 12.996496670 0.003768912 -0.020973964 -0.300380057 0.953581517
1317401018.669388056 86.059215810 -319.253113273 13.029077786 0.001601687 -0.024088518 -0.295962616 0.954894396
1317401018.773423910 86.932240008 -319.806948536 13.044600361 0.001956533 -0.022478091 -0.294792134 0.955294983
1317401018.877511024 87.687445161 -320.349094384 13.075976738 0.004447067 -0.017831645 -0.293078982 0.955911589
1317401018.981599092 88.560454119 -320.939872644 13.143861147 0.009417301 -0.015470480 -0.292698388 0.956033280
1317401019.085635900 89.389748145 -321.498335577 13.190623291 0.013496373 -0.015476133 -0.291909029 0.956225630
1317401019.189625740 90.213270335 -322.032455750 13.215284579 0.017150041 -0.016080985 -0.291351326 0.956327184
1317401019.293595076 91.046520686 -322.587734580 13.263873403 0.020717527 -0.017841015 -0.290065661 0.956616117
1317401019.397537947 91.946130774 -323.186317450 13.296920211 0.021168354 -0.019906074 -0.288059667 0.957171498
1317401019.501456976 92.800612080 -323.737971588 13.331195037 0.020792445 -0.021636499 -0.285966195 0.957769738
1317401019.605400085 93.683932368 -324.314984642 13.366981402 0.017201096 -0.021494201 -0.284473783 0.958288468
1317401019.709342003 94.543746309 -324.865529135 13.399225344 0.016337713 -0.019265996 -0.283867823 0.958530625
1317401019.813285112 95.448479638 -325.437828345 13.429098369 0.016119015 -0.013812727 -0.282643841 0.958990013
1317401019.917227030 96.356003347 -326.017150497 13.468393620 0.018206908 -0.009189683 -0.281535316 0.959334104
1317401020.021147251 97.234077285 -326.584579616 13.516321647 0.021161992 -0.010130158 -0.279979136 0.959719351
1317401020.125067949 98.100453011 -327.141462484 13.544333896 0.023569740 -0.012864852 -0.278486650 0.960064658
1317401020.228960991 98.983807215 -327.703851849 13.559279151 0.024702733 -0.014172666 -0.276920795 0.960470605
1317401020.332854986 99.906740462 -328.283184000 13.589261253 0.025835912 -0.014871222 -0.276004114 0.960694062
1317401020.436773777 100.752674778 -328.815455534 13.622045256 0.026919977 -0.016206917 -0.274547427 0.961060019
1317401020.540666103 101.641828277 -329.371653558 13.644997226 0.027713016 -0.017098884 -0.273246759 0.961392649
1317401020.644560099 102.508486746 -329.906490690 13.672050335 0.028626969 -0.016057134 -0.272183948 0.961685273
1317401020.748456955 103.358843516 -330.446815145 13.696239004 0.031443709 -0.013511722 -0.271043803 0.961958410
1317401020.852303982 104.247493325 -330.979886324 13.737086235 0.034288935 -0.013559524 -0.269383734 0.962326770
1317401020.956149101 105.137433699 -331.506278104 13.781815677 0.034077675 -0.017181519 -0.267846850 0.962705340
1317401021.060020924 106.028267097 -332.041857850 13.808227141 0.029564932 -0.021818580 -0.266674807 0.963085880
1317401021.163893938 106.894552644 -332.543799540 13.823826746 0.024714859 -0.022556006 -0.265513066 0.963526447
1317401021.267763853 107.779918537 -333.068887380 13.841099901 0.023510979 -0.019550497 -0.264612121 0.963870031
1317401021.371634960 108.657167503 -333.585142443 13.889021338 0.023882230 -0.015290637 -0.263420837 0.964264123
1317401021.475506067 109.534492562 -334.091825520 13.922501016 0.024260522 -0.012267014 -0.262107773 0.964655619
1317401021.579377890 110.411742258 -334.601062323 13.960731973 0.026710522 -0.012436179 -0.260966934 0.964897999
1317401021.683271885 111.289453376 -335.110524440 13.999526825 0.025519259 -0.014981063 -0.259449992 0.965303080
1317401021.787189007 112.188848022 -335.627779425 14.037530946 0.023731885 -0.019872658 -0.258638832 0.965478032
1317401021.891083002 113.051416195 -336.126881815 14.066259670 0.019628909 -0.023681534 -0.257955159 0.965667141
1317401021.994980097 113.920571842 -336.614009719 14.087243730 0.016766648 -0.023906761 -0.257619045 0.965805246
1317401022.098897934 114.794260291 -337.097397020 14.105237741 0.012388397 -0.019055528 -0.257394173 0.966039158
1317401022.202816010 115.664634327 -337.584875392 14.145960797 0.013624573 -0.014060291 -0.256946020 0.966227417
1317401022.306734085 116.538028076 -338.079227049 14.204446001 0.015228126 -0.011566855 -0.256141876 0.966450025
1317401022.410650969 117.409732760 -338.573541212 14.252288941 0.015942160 -0.013230696 -0.255438337 0.966603358
1317401022.514547110 118.286663352 -339.066833478 14.289496372 0.012871053 -0.015599203 -0.254767671 0.966790792
1317401022.618443012 119.140344234 -339.542081172 14.306400041 0.012073180 -0.016574085 -0.253847730 0.967026819
1317401022.722334862 120.028671300 -340.041058162 14.333844796 0.011567454 -0.014696213 -0.253355949 0.967192317
1317401022.826208115 120.904921558 -340.520880301 14.370896444 0.012590564 -0.012440291 -0.252879460 0.967335875
1317401022.930079937 121.765584762 -341.008281084 14.412450410 0.014657085 -0.012517922 -0.252230835 0.967475104
1317401023.033925056 122.626768284 -341.488863458 14.449562771 0.015575199 -0.014102368 -0.250995317 0.967760243
1317401023.137748957 123.484804483 -341.965560036 14.479907930 0.014647324 -0.014543943 -0.250224918 0.967967675
1317401023.241595984 124.354479653 -342.443526466 14.496546545 0.014332305 -0.013431591 -0.249367954 0.968209585
1317401023.345441103 125.217742206 -342.914724423 14.537525512 0.013388169 -0.011952308 -0.248755409 0.968400044
1317401023.449261904 126.078176065 -343.367163547 14.573094280 0.011552915 -0.011871726 -0.248743501 0.968427727
1317401023.553064108 126.930814304 -343.827094769 14.598718275 0.009557037 -0.012394125 -0.248224781 0.968576020
1317401023.656863928 127.791137214 -344.287149970 14.619372918 0.009283000 -0.012914216 -0.247923138 0.968649145
1317401023.760660887 128.636789666 -344.740985383 14.665338263 0.008067138 -0.013019113 -0.247693313 0.968717424
1317401023.864435911 129.498170484 -345.208792413 14.673158259 0.004852207 -0.010853513 -0.247590072 0.968791935
1317401023.968235016 130.360439993 -345.671174069 14.708779077 0.007017011 -0.008176882 -0.247739908 0.968766658
1317401024.072033882 131.207783416 -346.124999608 14.748841015 0.008416321 -0.007028671 -0.247875085 0.968729945
1317401024.175807953 132.061949527 -346.586059445 14.784414980 0.008839085 -0.007763897 -0.248131264 0.968654979
1317401024.279583931 132.878514167 -347.026207866 14.805184563 0.007286036 -0.008890529 -0.248212328 0.968637451
1317401024.383359909 133.730499260 -347.493732726 14.814611447 0.005701525 -0.007781816 -0.248028029 0.968704822
1317401024.487133026 134.581354808 -347.952264817 14.851711365 0.002110538 -0.005103816 -0.248185839 0.968696695
1317401024.590907097 135.412275574 -348.393169050 14.858200417 0.002018860 -0.003382881 -0.248505159 0.968622561
1317401024.694680929 136.247556737 -348.837832407 14.890294237 -0.000512663 -0.002914610 -0.248590073 0.968604263
1317401024.798487902 137.091326317 -349.284055897 14.914251309 -0.004493148 -0.004504265 -0.248559747 0.968595672
1317401024.902287006 137.904565745 -349.716113292 14.930543723 -0.007564354 -0.005947842 -0.248338753 0.968625453
1317401025.006078959 138.733125332 -350.167080886 14.930210756 -0.006264141 -0.005783847 -0.248108772 0.968694660
1317401025.109875917 139.558344459 -350.616730228 14.971987774 -0.007688832 -0.003395377 -0.248380937 0.968625967
1317401025.213674068 140.378083205 -351.044115675 14.991709827 -0.008030873 -0.001147759 -0.248405057 0.968622277
1317401025.317521811 141.186848662 -351.482559117 15.010469035 -0.010156962 0.000999646 -0.249100354 0.968423900
1317401025.421392918 141.989929143 -351.908169076 15.039038818 -0.010183118 0.001341246 -0.250253011 0.968125992
1317401025.525262117 142.784778818 -352.336991745 15.071372562 -0.010482359 -0.001100874 -0.251979982 0.967675047
1317401025.629111052 143.527922859 -352.747977510 15.076522087 -0.013013450 -0.002578835 -0.252861805 0.967411447
1317401025.732959032 144.313359748 -353.170152785 15.094566538 -0.017933781 -0.001259102 -0.253963370 0.967046742
1317401025.836806059 145.077388005 -353.598392326 15.086715230 -0.019574397 0.002220265 -0.255164614 0.966696919
1317401025.940654039 145.798684821 -353.988049672 15.121680718 -0.018916196 0.004576715 -0.256549379 0.966335163
1317401026.044523954 146.524621437 -354.385145395 15.155222270 -0.019504428 0.003139509 -0.258060244 0.965926825
1317401026.148391962 147.229520759 -354.775411611 15.173381780 -0.020711121 0.000331197 -0.259945202 0.965401177
1317401026.252280951 147.943439221 -355.182732804 15.186738181 -0.026062331 -0.000701383 -0.262097375 0.964689188
1317401026.356200933 148.658004346 -355.584170897 15.196198279 -0.024366057 -0.001701200 -0.264852808 0.963979456
1317401026.460171938 149.330909371 -355.990547245 15.217982810 -0.024721280 -0.001092730 -0.269261317 0.962749192
1317401026.564187050 149.990780506 -356.392120640 15.233075235 -0.023239006 0.000505266 -0.274534389 0.961296293
1317401026.668203115 150.646185956 -356.789356148 15.262564931 -0.021196746 0.001814374 -0.280714840 0.959555410
1317401026.772239923 151.300984473 -357.211019974 15.274612877 -0.019270326 0.002957026 -0.287229485 0.957663372
1317401026.876277924 151.928124060 -357.614205395 15.308587923 -0.013973506 0.000272215 -0.293468186 0.955866670
1317401026.980293036 152.563492907 -358.048452569 15.341197537 -0.011180852 -0.002956433 -0.299493109 0.954028367
1317401027.084307909 153.072435053 -358.412534823 15.354390152 -0.009940148 -0.005181442 -0.305146787 0.952239352
1317401027.188301086 153.740292290 -358.873479201 15.375507244 -0.009619559 -0.005047628 -0.310699095 0.950446241
1317401027.292243004 154.299379857 -359.280614362 15.394590403 -0.009764926 -0.002906447 -0.315317057 0.948931690
1317401027.396181107 154.888247043 -359.720187159 15.401077540 -0.006778815 -0.000149655 -0.319878833 0.947434197
1317401027.500124931 155.405550079 -360.118367173 15.430296205 -0.001921123 0.000290427 -0.324380607 0.945924652
1317401027.604022980 155.917013966 -360.515366862 15.449694225 -0.001200253 -0.000228283 -0.328075674 0.944650655
1317401027.707894087 156.482460992 -360.956254147 15.480351737 0.001996967 -0.001995396 -0.331317693 0.943515033
1317401027.811764002 156.982294525 -361.339639501 15.483357240 0.002502095 -0.002289410 -0.333525745 0.942734892
1317401027.915610075 157.451036974 -361.716601212 15.508132330 0.008475436 -0.002670360 -0.334399296 0.942389594
1317401028.019412041 157.921505598 -362.113079557 15.513513379 0.013444287 -0.001049108 -0.335175744 0.942059112
1317401028.123186111 158.412799436 -362.499216985 15.529923689 0.015609091 -0.000482306 -0.334566638 0.942242691
1317401028.226934671 158.817776996 -362.833480288 15.543202302 0.016141502 -0.000605663 -0.334067830 0.942410616
1317401028.330686092 159.281902883 -363.202201100 15.549058064 0.016796405 -0.000868026 -0.333482193 0.942606362
1317401028.434437990 159.690431985 -363.542672331 15.557452624 0.018255930 -0.001463152 -0.332514541 0.942920283
1317401028.538187981 160.073126980 -363.861471680 15.560279137 0.018844976 -0.002462948 -0.331374287 0.943307947
1317401028.641961098 160.490557715 -364.163042891 15.572102935 0.018673670 -0.003681111 -0.329662745 0.943906891
1317401028.745738029 160.833897672 -364.458367742 15.576198860 0.018814702 -0.004477221 -0.328935304 0.944154398
1317401028.849510908 161.188828138 -364.743147342 15.585263181 0.019640408 -0.005651269 -0.327843075 0.944511109
1317401028.953284979 161.600574965 -365.069647941 15.600763103 0.020593225 -0.007089361 -0.326586399 0.944916390
1317401029.057086945 161.927078017 -365.295332631 15.599538133 0.020064990 -0.008207967 -0.324763127 0.945546898
1317401029.160883904 162.250823262 -365.546272434 15.604695725 0.020543853 -0.008160024 -0.322939183 0.946161534
1317401029.264683008 162.545400350 -365.766295595 15.602422735 0.020806311 -0.008052692 -0.321753959 0.946560427
1317401029.368480921 162.864687839 -366.033892653 15.618415422 0.022481379 -0.008473276 -0.320837594 0.946829462
1317401029.472255945 163.157462612 -366.273784213 15.625196710 0.024151156 -0.008771021 -0.319702164 0.947169635
1317401029.576030970 163.366179003 -366.419988521 15.637960805 0.025619067 -0.009675998 -0.316506663 0.948194901
1317401029.679780960 163.651461913 -366.600957917 15.654611173 0.026537548 -0.011394499 -0.312833984 0.949368644
1317401029.783532143 163.801784183 -366.731364561 15.657181889 0.027307123 -0.012669113 -0.309089677 0.950556356
1317401029.887283087 164.047343140 -366.917476872 15.668570495 0.027988334 -0.013758331 -0.304961790 0.951853806
1317401029.991008997 164.193858061 -367.020547173 15.670430039 0.028305512 -0.014985201 -0.299622027 0.953520258
1317401030.094734907 164.377718006 -367.120563013 15.674746653 0.028121580 -0.016008403 -0.292126697 0.955832046
1317401030.198462009 164.512749011 -367.238331646 15.674949075 0.026232548 -0.015716338 -0.284795313 0.958100454
1317401030.302213907 164.646146637 -367.322636790 15.678289179 0.025542219 -0.015411376 -0.277434317 0.960281357
1317401030.405965090 164.794760780 -367.408687522 15.679189506 0.024952948 -0.015034898 -0.270334322 0.962325650
1317401030.509721994 164.903098202 -367.477286880 15.682189416 0.024635698 -0.014863605 -0.263343705 0.964272912
1317401030.613497019 165.011031338 -367.569408618 15.681499336 0.024350539 -0.014893533 -0.255859811 0.966292394
1317401030.717237949 165.131860295 -367.612653329 15.684843985 0.024367711 -0.015288175 -0.247400627 0.968486147
1317401030.820991039 165.273960782 -367.696148131 15.696792575 0.024277488 -0.015247504 -0.238103710 0.970816533
1317401030.924767017 165.395248829 -367.749019540 15.701179803 0.022456026 -0.014639384 -0.228688087 0.973130605
1317401031.028541088 165.487321342 -367.806337768 15.706785364 0.020570894 -0.013735838 -0.220107505 0.975161962
1317401031.132314920 165.656404955 -367.855868693 15.711588449 0.018446573 -0.012706378 -0.210162664 0.977409805
1317401031.236088037 165.774741617 -367.920766905 15.715142159 0.018034586 -0.012478793 -0.200782975 0.979390234
1317401031.339862108 165.873357859 -367.945273276 15.718090992 0.017947393 -0.013001705 -0.191350229 0.981271592
1317401031.443639040 166.006462836 -368.013836108 15.728320855 0.017586601 -0.013746091 -0.181079593 0.983215102
1317401031.547415018 166.164513050 -368.058649114 15.738367189 0.015547678 -0.013621769 -0.169450308 0.985321932
1317401031.651165009 166.318510552 -368.098386009 15.738258513 0.013121594 -0.013219962 -0.157799470 0.987295490
1317401031.754890919 166.433427429 -368.154873336 15.733476411 0.011851335 -0.012382511 -0.145997840 0.989136416
1317401031.858592987 166.664577302 -368.201780445 15.740179998 0.011996804 -0.011223437 -0.131136750 0.991228159
1317401031.962272882 166.828601881 -368.245870137 15.755779472 0.013622632 -0.010170905 -0.116936271 0.992993900
1317401032.065953016 167.059685937 -368.285912308 15.767036246 0.013588743 -0.009428499 -0.101125809 0.994736156
1317401032.169631958 167.278671569 -368.336345976 15.778899505 0.012020049 -0.008159473 -0.084063324 0.996354505
1317401032.273336887 167.507913786 -368.361911412 15.772222434 0.011021196 -0.006891962 -0.066315083 0.997714059
1317401032.377037048 167.777593375 -368.400736854 15.782652316 0.010626909 -0.005897822 -0.048343604 0.998756817
1317401032.480714083 168.033963197 -368.420306756 15.790160892 0.009572841 -0.005306825 -0.028826037 0.999524516
1317401032.584368944 168.323899460 -368.424014430 15.797307301 0.008775043 -0.004497762 -0.007856564 0.999920518
1317401032.688024044 168.627856596 -368.420652473 15.795263206 0.008714769 -0.004105485 0.014219632 0.999852489
1317401032.791677952 168.938206884 -368.396085024 15.812108443 0.009406545 -0.004402741 0.037780142 0.999232102
1317401032.895330906 169.284501329 -368.343039066 15.815008599 0.010403456 -0.004243131 0.062095350 0.998006980
1317401032.999010086 169.598800158 -368.313166161 15.809559087 0.010657061 -0.003901527 0.086059922 0.996225323
1317401033.102691889 169.978711977 -368.235192481 15.821252098 0.011843929 -0.003965763 0.110815158 0.993762544
1317401033.206346989 170.333067205 -368.151819668 15.823604965 0.013061329 -0.003871651 0.136330726 0.990569707
1317401033.310000896 170.693016625 -368.052873350 15.828759612 0.013777200 -0.003149880 0.161855429 0.986713275
1317401033.413703918 171.076023336 -367.910361487 15.836875071 0.014102781 -0.002813552 0.187792561 0.982103431
1317401033.517457008 171.459262399 -367.768030359 15.849071260 0.015172810 -0.002526238 0.213837040 0.976748240
1317401033.621232986 171.846231851 -367.580023698 15.849345912 0.015616414 -0.002235215 0.239012367 0.970888366
1317401033.725028753 172.239447711 -367.366262183 15.854529488 0.016545465 -0.001590661 0.262757307 0.964718775
1317401033.828852892 172.666509996 -367.120355567 15.867366114 0.017705566 -0.000461902 0.285552109 0.958199506
1317401033.932698011 173.055291147 -366.847481729 15.876286907 0.018592625 0.001400112 0.307276544 0.951437586
1317401034.036569118 173.490362603 -366.548201483 15.884965744 0.018315927 0.002311293 0.328724553 0.944245388
1317401034.140464783 173.870090468 -366.183409854 15.891713187 0.016627684 0.002229487 0.347751095 0.937436785
1317401034.244455099 174.219706131 -365.883766594 15.885071540 0.013445189 0.001551666 0.363683309 0.931424323
1317401034.348567009 174.672105300 -365.507713345 15.894145274 0.011583306 0.000736172 0.377129684 0.926087732
1317401034.452725649 175.115430534 -365.062134780 15.897587202 0.010721293 -0.000737469 0.387541524 0.921789606
1317401034.556907892 175.493144390 -364.616724559 15.901422980 0.010679292 -0.001828461 0.395123979 0.918563906
1317401034.661089897 175.951312974 -364.141668110 15.902164775 0.010812664 -0.003030097 0.403335631 0.914983210
1317401034.765252113 176.358236641 -363.651762876 15.917026142 0.011860586 -0.004225593 0.410075230 0.911964789
1317401034.869400024 176.865762986 -363.089867506 15.920782227 0.012053156 -0.004349191 0.418074277 0.908322467
1317401034.973558903 177.358997439 -362.509996702 15.936394256 0.012139173 -0.004208584 0.423951471 0.905593771
1317401035.077750921 177.799133299 -361.976465061 15.949864497 0.011707075 -0.004245345 0.429312777 0.903070020
1317401035.181931973 178.340142782 -361.350431933 15.970100535 0.011104004 -0.004031836 0.433337424 0.901154328
1317401035.286113977 178.801685443 -360.746110313 15.979041529 0.010279062 -0.004251180 0.436529023 0.899621409
1317401035.390320063 179.298036445 -360.124080709 15.997066670 0.010213829 -0.003810989 0.438406563 0.898710654
1317401035.494528055 179.807851973 -359.471069568 16.014004491 0.009813847 -0.003488664 0.440108434 0.897884227
1317401035.598733902 180.323956415 -358.809841110 16.029441721 0.008958402 -0.003893206 0.441069088 0.897419996
1317401035.702918053 180.869352701 -358.088906906 16.043783721 0.008568069 -0.003820504 0.441998571 0.896966697
1317401035.807075977 181.424289195 -357.363314205 16.057256394 0.009028029 -0.003143063 0.442508967 0.896713126
1317401035.911211967 181.961188673 -356.664165416 16.073459922 0.009105633 -0.002534263 0.443221309 0.896362391
1317401036.015299082 182.521381136 -355.915446071 16.088378390 0.009440160 -0.002072053 0.443650033 0.896148000
1317401036.119335890 183.074740380 -355.174726289 16.107355557 0.009772688 -0.001509212 0.444831759 0.895559559
1317401036.223352909 183.648620517 -354.403046172 16.121101747 0.009813769 -0.000953336 0.446153213 0.894902280
1317401036.327373981 184.222578828 -353.615861204 16.138461119 0.009447639 -0.000325440 0.447231436 0.894368313
1317401036.431385994 184.803656736 -352.842846104 16.149504374 0.008749450 -0.000115795 0.448196292 0.893892341
1317401036.535372972 185.376638976 -352.069713742 16.170612976 0.008464481 -0.000568307 0.448679035 0.893652703
1317401036.639362097 185.992736079 -351.239642691 16.186466394 0.008918869 -0.000972654 0.449635593 0.893167029
1317401036.743375063 186.575147741 -350.444346898 16.204734174 0.008900285 -0.000935809 0.450052771 0.892957117
1317401036.847368956 187.174871744 -349.626302550 16.219911789 0.007735774 0.000121224 0.450870781 0.892555703
1317401036.951337099 187.775397835 -348.805934620 16.235300465 0.006351578 0.001459331 0.451154453 0.892422090
1317401037.055325985 188.379583171 -347.982979783 16.257468457 0.005353586 0.002168909 0.451440150 0.892282705
1317401037.159317017 188.968080706 -347.175002893 16.273365863 0.004904904 0.002302789 0.451333985 0.892338654
1317401037.263309002 189.580357543 -346.328805155 16.286537713 0.004585771 0.002395758 0.450662499 0.892679418
1317401037.367299080 190.166384878 -345.519867031 16.301404814 0.003761161 0.002798543 0.450398982 0.892815087
1317401037.471266031 190.765712559 -344.697846791 16.308382522 0.003493314 0.003834485 0.450124207 0.892950890
1317401037.575207949 191.360980009 -343.885486948 16.325472497 0.003422358 0.003888238 0.449769064 0.893129866
1317401037.679150105 191.957147430 -343.073863525 16.336695620 0.003447592 0.002822742 0.449382040 0.893328567
1317401037.783140898 192.554807384 -342.259871282 16.351330443 0.002476271 0.001337588 0.448850324 0.893602521
1317401037.887130976 193.138243017 -341.463256017 16.354266661 0.000998495 0.000731118 0.448653941 0.893704711
1317401037.991075993 193.706665899 -340.671547290 16.369250871 -0.001012265 0.000922219 0.448422839 0.893820498
1317401038.095020056 194.303391058 -339.868280909 16.377691673 -0.003358374 0.000961771 0.448005372 0.894024039
1317401038.198961973 194.902343739 -339.038177873 16.390068036 -0.005794545 0.000310245 0.447945463 0.894042051
1317401038.302877903 195.488391673 -338.239704449 16.392127677 -0.008228036 -0.000975266 0.447717365 0.894136740
1317401038.406795979 196.063202067 -337.424544321 16.400287974 -0.009888399 -0.002247636 0.448137730 0.893907010
1317401038.510714054 196.654738403 -336.629701674 16.408226050 -0.011211220 -0.003641760 0.448263586 0.893823698
1317401038.614609003 197.227632939 -335.815045788 16.412674526 -0.012372185 -0.004359267 0.449565903 0.893150841
1317401038.718481064 197.791035744 -335.064687969 16.418720914 -0.012020120 -0.004250860 0.449899660 0.892988098
1317401038.822328091 198.359952313 -334.254184087 16.428836519 -0.012581952 -0.005668134 0.451779101 0.892023100
1317401038.926152945 198.920510736 -333.507222120 16.448094059 -0.011195408 -0.006756220 0.453588605 0.891115253
1317401039.029927015 199.455739766 -332.772021035 16.460209481 -0.009876599 -0.006083404 0.456219466 0.889791686
1317401039.133651972 200.006831157 -331.989111886 16.468659139 -0.010156941 -0.004706016 0.460142973 0.887774259
1317401039.237330914 200.503029562 -331.254176418 16.480976103 -0.010246338 -0.003652180 0.465038336 0.885223712
1317401039.340961933 201.010727260 -330.499300841 16.497791111 -0.008888364 -0.004395658 0.471901864 0.881595319
1317401039.444617987 201.513584038 -329.749692839 16.512354582 -0.007407764 -0.005363829 0.480649910 0.876864880
1317401039.548273087 202.010497301 -328.970031210 16.527891827 -0.007060680 -0.005551060 0.491002258 0.871111999
1317401039.651904106 202.428874460 -328.249317577 16.535040406 -0.008348225 -0.005387359 0.500782000 0.865516419
1317401039.755558968 202.852308044 -327.516702619 16.546236452 -0.009109010 -0.004164086 0.511681323 0.859116936
1317401039.859235048 203.271239620 -326.717168599 16.559780759 -0.010321707 -0.003311996 0.523753878 0.851800663
1317401039.962937117 203.661654692 -325.949276216 16.576005224 -0.011046256 -0.002826472 0.535752551 0.844298049
1317401040.066664934 203.995641903 -325.175300974 16.578100411 -0.010864404 -0.003961379 0.548053761 0.836363167
1317401040.170368910 204.337771434 -324.396578396 16.581709559 -0.008601040 -0.004943920 0.560367247 0.828184840
1317401040.274048090 204.633521832 -323.591326724 16.595358573 -0.006519987 -0.005844975 0.574601215 0.818386687
1317401040.377751112 204.897617340 -322.763042180 16.598425221 -0.006187547 -0.005915449 0.588888277 0.808169115
1317401040.481477976 205.160756856 -321.961064635 16.605196737 -0.008313474 -0.004744600 0.602856339 0.797792335
1317401040.585206985 205.350080983 -321.163464051 16.601640012 -0.011122501 -0.002663599 0.615654072 0.787933537
1317401040.688958883 205.558080679 -320.347580695 16.632823157 -0.013870432 -0.001857875 0.628830067 0.777416816
1317401040.792756081 205.726270476 -319.533064517 16.647766619 -0.014782768 -0.003204969 0.640960599 0.767424725
1317401040.896552086 205.881317748 -318.701962715 16.642745952 -0.013415905 -0.005800736 0.653253407 0.756998251
1317401041.000349998 205.993964251 -317.873707397 16.627058483 -0.012024242 -0.006330009 0.665251841 0.746495370
1317401041.104195118 206.084963849 -317.019267717 16.610382392 -0.011709871 -0.006031704 0.676223535 0.736578731
1317401041.208066702 206.152654659 -316.168433470 16.604013126 -0.012926360 -0.004443011 0.686783539 0.726733472
1317401041.311964273 206.183695292 -315.303083590 16.619992708 -0.014369107 -0.003133689 0.695886476 0.718001199
1317401041.415884018 206.201817966 -314.457988483 16.614463270 -0.014505355 -0.002672584 0.704400637 0.709649346
1317401041.519850016 206.237077972 -313.502643370 16.611764458 -0.014167698 -0.002817555 0.713323581 0.700685954
1317401041.623840094 206.209160416 -312.640502354 16.602905513 -0.013828631 -0.003892285 0.720031770 0.693792382
1317401041.727828979 206.165366672 -311.772576583 16.582275081 -0.014267553 -0.003920240 0.725860177 0.687683119
1317401041.831867933 206.132667579 -310.844307386 16.573979277 -0.014979938 -0.002842166 0.731837125 0.681308994
1317401041.935930967 206.014630360 -309.944703126 16.557962578 -0.013760017 -0.001558106 0.735370714 0.677523540
1317401042.039968967 205.951988235 -309.014484115 16.578555997 -0.011397170 -0.000960419 0.739913257 0.672605051
1317401042.143984079 205.873736556 -308.052881940 16.567864443 -0.009717886 -0.002487180 0.744255146 0.667820076
1317401042.248020887 205.768506750 -307.112288788 16.541901368 -0.008140405 -0.003519030 0.747751741 0.663919184
1317401042.352061033 205.658615849 -306.145576746 16.541245629 -0.008171147 -0.003670330 0.751255164 0.659951089
1317401042.456108093 205.521338945 -305.197767639 16.534006152 -0.009440272 -0.002414741 0.753634352 0.657221663
1317401042.560169935 205.389544035 -304.237559706 16.516097462 -0.012080666 -0.000466778 0.755731903 0.654769525
1317401042.664200306 205.232226964 -303.260658584 16.521549650 -0.013687187 0.001680993 0.757310015 0.652909929
1317401042.768215895 205.066011229 -302.261600125 16.503433338 -0.013499624 0.002908822 0.758776735 0.651204396
1317401042.872231007 204.922318735 -301.259003609 16.508962230 -0.012402541 0.002918025 0.760130281 0.649645764
1317401042.976246119 204.761289603 -300.262108315 16.471398022 -0.011746643 0.003544101 0.761420717 0.648141920
1317401043.080262899 204.597554442 -299.248809940 16.467826304 -0.010391475 0.005155674 0.762407529 0.646993196
1317401043.184278965 204.426407365 -298.209211707 16.442657512 -0.009894550 0.006930278 0.763028445 0.646252010
1317401043.288294077 204.250320706 -297.181778409 16.437031283 -0.008868049 0.008049307 0.763425784 0.645784514
1317401043.392308950 204.071902728 -296.116777642 16.419240748 -0.007699957 0.008991906 0.764220408 0.644846513
1317401043.496321678 203.894418879 -295.050149749 16.409991029 -0.007719875 0.009203364 0.764651201 0.644332400
1317401043.600311995 203.692429716 -293.981411263 16.386110182 -0.008812562 0.008957174 0.764727665 0.644231097
1317401043.704278946 203.501365312 -292.906850841 16.370668577 -0.009600200 0.009080217 0.764877548 0.644040156
1317401043.808247089 203.317000451 -291.803039685 16.349384293 -0.009994220 0.008608899 0.765037101 0.643851098
1317401043.912213087 203.119703182 -290.719106469 16.329935587 -0.009115992 0.007961739 0.765025498 0.643886245
1317401044.016150951 202.914052010 -289.626645943 16.313431008 -0.007862529 0.007089751 0.765564581 0.643271940
1317401044.120070934 202.706980998 -288.471732031 16.291831181 -0.007137081 0.007287015 0.766096543 0.642644574
1317401044.223993063 202.522028726 -287.351562476 16.266493778 -0.007259450 0.008369894 0.766402873 0.642264651
1317401044.327887058 202.304529978 -286.211135135 16.257714291 -0.007861649 0.008811144 0.767058332 0.641468684
1317401044.431782961 202.108134991 -285.102066935 16.243153456 -0.008833921 0.007792112 0.766665339 0.641938862
1317401044.535702944 201.880187544 -283.954633576 16.219225945 -0.009794060 0.006609601 0.767241780 0.641249125
1317401044.639596939 201.651296632 -282.793689382 16.196593040 -0.011141364 0.005306790 0.767711760 0.640676487
1317401044.743464947 201.440166708 -281.631954004 16.186539396 -0.010501813 0.005547808 0.767820942 0.640554397
1317401044.847337008 201.195009478 -280.462763226 16.174052175 -0.009114586 0.005323528 0.768147405 0.640186027
1317401044.951210022 201.000988615 -279.321717575 16.152424654 -0.007752704 0.005799488 0.767930485 0.640460015
1317401045.055079937 200.775777664 -278.167071944 16.140396068 -0.007771893 0.007055511 0.768412909 0.639868282
1317401045.158947945 200.567701077 -276.996002053 16.138083855 -0.007466818 0.009264209 0.768521450 0.639713375
1317401045.262816906 200.362108731 -275.858386199 16.117565694 -0.009269817 0.010721870 0.768404883 0.639807039
1317401045.366686106 200.131506478 -274.690620851 16.104925999 -0.012126709 0.012187458 0.768957694 0.639068442
1317401045.470551968 199.933342888 -273.545766424 16.093594364 -0.014026214 0.011240514 0.768681301 0.639379366
1317401045.574450016 199.701967942 -272.363339921 16.081031524 -0.013042564 0.009090897 0.768483966 0.639671511
1317401045.678375006 199.469241123 -271.227801744 16.052908279 -0.012161407 0.006038182 0.768167198 0.640105301
1317401045.782293081 199.236242585 -270.091251985 16.028574748 -0.012005358 0.003880851 0.767842038 0.640514961
1317401045.886209011 199.054807458 -268.977523924 16.011283686 -0.013422753 0.002963866 0.767250698 0.641199978
1317401045.990129948 198.843239139 -267.847178339 15.990407987 -0.014106499 0.004261717 0.766737816 0.641791216
1317401046.094026089 198.616089801 -266.706602040 15.982831150 -0.014320623 0.004904871 0.766420379 0.642160933
1317401046.197891951 198.394172731 -265.565898016 15.964302286 -0.013314493 0.004778021 0.766589448 0.641981708
1317401046.301739931 198.186874372 -264.420932723 15.951224931 -0.011734604 0.004774305 0.766525478 0.642088932
1317401046.405567884 197.998599771 -263.304072244 15.934850944 -0.009723835 0.006801558 0.766608237 0.642005449
1317401046.509362936 197.779283017 -262.189206379 15.912721774 -0.009259153 0.009182304 0.767261940 0.641201270
1317401046.613136053 197.569380397 -261.056071819 15.910364025 -0.008296195 0.010528686 0.768428455 0.639795302
1317401046.716891050 197.352488201 -259.934556910 15.897022572 -0.007438634 0.010262347 0.769099229 0.639003699
1317401046.820643187 197.144020432 -258.822597366 15.878732092 -0.007561440 0.009998540 0.769632444 0.638364124
1317401046.924392939 196.928458832 -257.698632588 15.855501851 -0.010175246 0.009413480 0.770302259 0.637528258
1317401047.028119087 196.716050956 -256.560012164 15.845061214 -0.011294620 0.010218294 0.770951146 0.636712139
1317401047.131867886 196.482978935 -255.471362100 15.825234443 -0.011035986 0.011180525 0.770944950 0.636708008
1317401047.235620975 196.283594313 -254.362846153 15.812005712 -0.010492054 0.011169309 0.771136447 0.636485462
1317401047.339348078 196.042190068 -253.224540106 15.790192856 -0.009546313 0.011557918 0.771645417 0.635876272
1317401047.443074703 195.817142313 -252.122885091 15.772439731 -0.006794741 0.013122636 0.772012480 0.635435567
1317401047.546823978 195.608998444 -251.008650796 15.761613652 -0.003815668 0.015008523 0.772392281 0.634956967
1317401047.650572062 195.390554700 -249.925188210 15.739814659 -0.003294698 0.016421286 0.772563327 0.634716782
1317401047.754300117 195.168706013 -248.795386594 15.721801905 -0.004471520 0.018231298 0.772517600 0.634715828
1317401047.858052969 194.947829305 -247.703617015 15.703542638 -0.007291834 0.019467861 0.772768532 0.634347403
1317401047.961853027 194.720214657 -246.573458299 15.678607133 -0.009730980 0.019547967 0.772766351 0.634314868
1317401048.065675020 194.485154264 -245.472989318 15.658462917 -0.009751374 0.019191470 0.772338227 0.634846644
1317401048.169497013 194.270418615 -244.372264803 15.635856798 -0.008035178 0.018007851 0.771974962 0.635347000
1317401048.273320913 194.054649537 -243.257408970 15.614691974 -0.005897373 0.016229983 0.771752944 0.635687976
1317401048.377144098 193.834886826 -242.181386401 15.583376448 -0.004389088 0.016549348 0.771738471 0.635709515
1317401048.480967283 193.614307957 -241.079902983 15.560685412 -0.004865121 0.018193247 0.772005503 0.635336793
1317401048.584763050 193.410084304 -239.967288674 15.542033078 -0.005955521 0.020180077 0.771663648 0.635682712
1317401048.688561916 193.182334249 -238.865300118 15.513880707 -0.006739219 0.022234935 0.771583844 0.635703203
1317401048.792361021 192.962325178 -237.744452202 15.489202581 -0.005583570 0.024149387 0.771476806 0.635774464
1317401048.896135092 192.745768873 -236.661645459 15.471490157 -0.002370585 0.025426590 0.771503597 0.635712253
1317401048.999908924 192.540732244 -235.568295961 15.453085876 0.001306418 0.026477410 0.771331125 0.635881700
1317401049.103682041 192.319715414 -234.487864919 15.417131811 0.002504515 0.026744495 0.771387487 0.635798557
1317401049.207457066 192.099774093 -233.382536089 15.395544580 0.001941822 0.028016783 0.771538510 0.635562441
1317401049.311235905 191.881820666 -232.268255138 15.370843604 0.000510009 0.029529738 0.771812113 0.635164386
1317401049.415011883 191.648736866 -231.161782242 15.339420523 -0.001518321 0.029933819 0.771919524 0.635013315
1317401049.518784046 191.434699652 -230.069455141 15.310792532 -0.003377683 0.028562334 0.771988366 0.634985628
1317401049.622558117 191.200460896 -228.948675379 15.294201256 -0.002531116 0.026894809 0.772237892 0.634758932
1317401049.726334095 190.975255150 -227.888183416 15.261561242 -0.001651891 0.024673599 0.772426685 0.634622330
1317401049.830106020 190.755073048 -226.771323575 15.224321536 -0.003985490 0.023211803 0.772741211 0.634284124
1317401049.933881998 190.539777325 -225.658309451 15.179920262 -0.005628495 0.025475575 0.773227747 0.633591483
1317401050.037658930 190.307691416 -224.544742901 15.169167899 -0.003566963 0.026668898 0.773897683 0.632738826
1317401050.141433001 190.074797143 -223.460312593 15.156200721 0.001289771 0.025230356 0.774134412 0.632516939
1317401050.245208979 189.843433093 -222.364179018 15.114962929 0.002180339 0.023109933 0.774386462 0.632286948
1317401050.348980904 189.616740043 -221.259138911 15.072736541 -0.000175719 0.024699823 0.774824150 0.631694090
1317401050.452754021 189.384552048 -220.144887047 15.052576282 -0.002080859 0.027350954 0.775194469 0.631126873
1317401050.556555986 189.158196011 -219.042071196 15.051216707 -0.002088295 0.026644575 0.775269006 0.631065507
1317401050.660353899 188.919627315 -217.931055751 15.013800356 -0.001267802 0.023913247 0.775195054 0.631267913
1317401050.764153957 188.693395664 -216.837445099 14.983703370 -0.000588701 0.022071710 0.774884234 0.631717434
1317401050.867974043 188.452931200 -215.723330633 14.951795408 -0.000478028 0.021980388 0.774802696 0.631820716
1317401050.971795082 188.220103117 -214.624434437 14.932443710 -0.000540568 0.022915131 0.774410490 0.632268137
1317401051.075596094 187.992255413 -213.512304663 14.923995874 0.000096745 0.023893818 0.774374048 0.632276766
1317401051.179397106 187.764974090 -212.409931606 14.896013842 0.001052468 0.024515830 0.774104787 0.632581730
1317401051.283220053 187.537159600 -211.278694501 14.873903009 0.000658108 0.024693473 0.774004008 0.632698661
1317401051.387042046 187.316090834 -210.179715450 14.858153147 -0.001043237 0.024221314 0.773562233 0.633256435
1317401051.490888119 187.081804248 -209.059000666 14.833795959 -0.003230820 0.023562782 0.773788239 0.632997723
1317401051.594757080 186.857103367 -207.933145919 14.807122344 -0.006258321 0.022528529 0.773733368 0.633079753
1317401051.698628902 186.617187735 -206.807908117 14.777259232 -0.007987723 0.022944760 0.773628467 0.633173538
1317401051.802476883 186.388772008 -205.699856627 14.750013238 -0.008462825 0.022799608 0.773341829 0.633522671
1317401051.906300068 186.158959285 -204.615571023 14.727327597 -0.007497651 0.021487438 0.773612710 0.633249911
1317401052.010122061 185.926506532 -203.508006121 14.695909659 -0.005509540 0.020467947 0.773609315 0.633308248
1317401052.113945007 185.710427745 -202.393821921 14.672595125 -0.006213509 0.019166926 0.773613971 0.633336754
1317401052.217768908 185.472546174 -201.257175445 14.631443194 -0.007441802 0.020865462 0.773808949 0.633031565
1317401052.321589947 185.227253509 -200.159086612 14.606221230 -0.006516128 0.024356633 0.774035382 0.632640121
1317401052.425386906 184.999066663 -199.039820202 14.587430667 -0.005243512 0.023802630 0.773846654 0.632903860
1317401052.529186010 184.780046232 -197.964426514 14.558295133 -0.004367292 0.021919141 0.773841625 0.632984690
1317401052.633011103 184.541230697 -196.824332162 14.522859413 -0.003777157 0.020831073 0.773766619 0.633116908
1317401052.736810923 184.326082524 -195.763627975 14.501345422 -0.002092776 0.021779403 0.773701889 0.633171908
1317401052.840585947 184.103403848 -194.662625530 14.485475153 -0.003080049 0.021891686 0.773661162 0.633213766
1317401052.944381952 183.873083399 -193.566707868 14.451902879 -0.005118059 0.023779059 0.773593016 0.633215766
1317401053.048204899 183.646972786 -192.480342361 14.425974511 -0.005792956 0.026351413 0.773320930 0.633440435
1317401053.152028084 183.405530415 -191.365894617 14.406689422 -0.005670001 0.025761113 0.773131242 0.633697324
1317401053.255851984 183.190921515 -190.301894128 14.379870096 -0.006979056 0.021528453 0.772433470 0.634692330
1317401053.359674931 182.958177020 -189.181138337 14.341011364 -0.009399333 0.019092725 0.772440371 0.634730646
1317401053.463470936 182.742876509 -188.146903907 14.309304124 -0.009234159 0.021420781 0.772373555 0.634740082
1317401053.567246914 182.528310776 -187.052737786 14.273990156 -0.009660695 0.022840757 0.772272433 0.634807262
1317401053.671045065 182.318080446 -185.979004810 14.251982060 -0.009896068 0.022069627 0.772184842 0.634937453
1317401053.774844885 182.093077880 -184.880014123 14.221721123 -0.008621590 0.022078605 0.771984817 0.635198902
1317401053.878644943 181.871467177 -183.802407010 14.187843142 -0.007115775 0.022075101 0.772055458 0.635131818
1317401053.982467890 181.649680006 -182.693303142 14.161028442 -0.006176395 0.021757749 0.772108864 0.635087675
1317401054.086287975 181.443292893 -181.650872601 14.129434859 -0.006484746 0.022265514 0.771905952 0.635313620
1317401054.190087080 181.232384239 -180.568998623 14.106483344 -0.008139406 0.022377086 0.771446951 0.635847952
1317401054.293888092 181.013056703 -179.477746268 14.069019427 -0.009823544 0.022809742 0.771078123 0.636256035
1317401054.397686005 180.797660281 -178.407356783 14.036814439 -0.008995647 0.024531697 0.770662969 0.636707046
1317401054.501483917 180.590064602 -177.359489705 14.008504499 -0.007222491 0.026050499 0.770359228 0.637036786
1317401054.605282068 180.385130965 -176.286390080 13.972591681 -0.006066957 0.027471656 0.770318967 0.637037823
1317401054.709080935 180.187618581 -175.222805868 13.940509413 -0.005475347 0.029459489 0.770399582 0.636856847
1317401054.812927008 179.982088703 -174.150390027 13.912826409 -0.005501901 0.030529370 0.770549799 0.636624452
1317401054.916771889 179.774138553 -173.088319173 13.866495429 -0.006989624 0.030557530 0.770453565 0.636724969
1317401055.020572901 179.556566912 -172.017882256 13.828603019 -0.006749488 0.030744772 0.770790353 0.636310801
1317401055.124346972 179.348081816 -170.977699229 13.801871962 -0.004829559 0.029752264 0.771050704 0.636059974
1317401055.228122950 179.137235395 -169.914449763 13.760889881 -0.003901437 0.028729974 0.771135156 0.636010958
1317401055.331896067 178.923376835 -168.853463325 13.707526141 -0.005458218 0.029518353 0.771328167 0.635729293
1317401055.435647011 178.714785590 -167.788699082 13.685306144 -0.006166253 0.031600255 0.771473662 0.635446135
1317401055.539400101 178.507878355 -166.733095091 13.663374829 -0.005364488 0.030040511 0.771796969 0.635136386
1317401055.643173933 178.288663888 -165.680478121 13.619664263 -0.004664240 0.026786391 0.772206574 0.634789525
1317401055.746949911 178.068943011 -164.641724061 13.570825017 -0.005056339 0.025513902 0.772548022 0.634423382
1317401055.850723982 177.855875813 -163.575837148 13.526320762 -0.008399234 0.025250698 0.772712985 0.634197523
1317401055.954521894 177.636283323 -162.498902042 13.492819350 -0.010063020 0.027308736 0.772678566 0.634129957
1317401056.058344841 177.419578950 -161.450007006 13.474750814 -0.007679514 0.029122874 0.772987273 0.633706208
1317401056.162168026 177.196194369 -160.357121553 13.441198518 -0.001768904 0.028980966 0.773506872 0.633122495
1317401056.265969038 176.987922520 -159.305630416 13.417446235 0.002224994 0.026587639 0.773922621 0.632717886
1317401056.369769335 176.781511675 -158.251598077 13.368691647 0.002965759 0.025248067 0.774205569 0.632423495
1317401056.473566055 176.560144671 -157.204388866 13.347429601 -0.001167935 0.024694232 0.774452566 0.632148760
1317401056.577366114 176.331146754 -156.148495767 13.314134498 -0.005643506 0.027023280 0.774709118 0.631714869
1317401056.681164980 176.098861727 -155.096426526 13.290844124 -0.011123127 0.026230403 0.774640227 0.631760050
1317401056.784939051 175.869215034 -154.031126929 13.247386600 -0.012837891 0.025978159 0.774736197 0.631620257
1317401056.888715029 175.646641457 -152.916688262 13.226294109 -0.012854420 0.021807682 0.775000166 0.631453823
1317401056.992464066 175.408205920 -151.935497648 13.185138266 -0.010786859 0.019479324 0.775034793 0.631526143
1317401057.096215963 175.190695714 -150.872165359 13.143987884 -0.009287697 0.018678514 0.775157836 0.631423140
1317401057.199992180 174.971058578 -149.863048058 13.112384823 -0.009495659 0.019591543 0.774827607 0.631797581
1317401057.303766012 174.748009057 -148.787843687 13.083776743 -0.010192620 0.020300088 0.774795218 0.631804074
1317401057.407537937 174.533294184 -147.752777634 13.054075462 -0.010630516 0.021377608 0.774657934 0.631929644
1317401057.511312246 174.323354152 -146.702150757 13.026222792 -0.011671157 0.021684582 0.774554793 0.632027243
1317401057.615112305 174.087936347 -145.667141301 12.986158417 -0.012730679 0.021058696 0.774200188 0.632462276
1317401057.718910933 173.873436153 -144.630209917 12.972984701 -0.012857939 0.019840681 0.773811309 0.632974785
1317401057.822686911 173.665975703 -143.599153048 12.927967367 -0.012987151 0.019022011 0.773708154 0.633123360
1317401057.926459074 173.447315661 -142.558442944 12.889541503 -0.012547722 0.019135276 0.773558734 0.633311362
1317401058.030210018 173.227527318 -141.533850399 12.870381705 -0.012981375 0.018204297 0.773332731 0.633606009
1317401058.133963108 173.017597631 -140.495286539 12.822448025 -0.013198031 0.017474321 0.773370638 0.633575818
1317401058.237689018 172.797121608 -139.463130422 12.796024472 -0.012790811 0.017285512 0.773122622 0.633891960
1317401058.341414928 172.595250465 -138.453113490 12.769136314 -0.012185920 0.017352604 0.773071612 0.633964252
1317401058.445164919 172.388651087 -137.438346829 12.737509728 -0.011487870 0.019178785 0.773011165 0.633998377
1317401058.548914909 172.179507781 -136.403132175 12.702498521 -0.011023591 0.021371586 0.772821463 0.634167739
1317401058.652692080 171.972029648 -135.388466285 12.684219456 -0.010010414 0.023026347 0.772766377 0.634193744
1317401058.756467104 171.787892069 -134.437749933 12.658108297 -0.008641838 0.024511464 0.772562444 0.634406634
1317401058.860240936 171.578735809 -133.411564759 12.621675993 -0.009055680 0.024199632 0.772530272 0.634452009
1317401058.964040995 171.364405395 -132.399513551 12.594922241 -0.008579418 0.024091401 0.772427542 0.634587811
1317401059.067838907 171.180884439 -131.481621331 12.568086487 -0.008204823 0.023632450 0.772332977 0.634725106
1317401059.171636343 170.977723860 -130.460574041 12.538685678 -0.007550788 0.024599018 0.771937789 0.635177080
1317401059.275461912 170.780578907 -129.505901707 12.507558476 -0.008132604 0.025289951 0.772062417 0.634991263
1317401059.379260063 170.565514042 -128.456855842 12.478493059 -0.008574350 0.025508545 0.771931629 0.635135698
1317401059.483056068 170.380890237 -127.477789590 12.448814283 -0.009295246 0.024899476 0.771791245 0.635320304
1317401059.586877108 170.186260217 -126.516340297 12.419320989 -0.008953763 0.025268475 0.771501433 0.635662546
1317401059.690700054 169.988028290 -125.579155806 12.388770440 -0.009234014 0.025139683 0.771397588 0.635789659
1317401059.794501066 169.794936212 -124.652898622 12.363021227 -0.008599296 0.025743875 0.771198909 0.636015368
1317401059.898277998 169.620097283 -123.776398602 12.338516124 -0.008478368 0.026757737 0.771136259 0.636051107
1317401060.002051115 169.432084519 -122.785302557 12.310370368 -0.008417882 0.028340319 0.771020727 0.636123419
1317401060.105846882 169.259098792 -121.928829863 12.284857803 -0.009491098 0.029102059 0.770824988 0.636311109
1317401060.209645987 169.084063104 -121.052378216 12.261216102 -0.010120147 0.029080432 0.770688229 0.636468039
1317401060.313395023 168.909566658 -120.198500673 12.231040554 -0.009658286 0.029317725 0.770885628 0.636225226
1317401060.417099953 168.738530260 -119.390258856 12.211855917 -0.008641754 0.029226005 0.771823860 0.635105574
1317401060.520806074 168.563765011 -118.552535389 12.173625562 -0.007859691 0.029322283 0.773486015 0.633085945
1317401060.624531031 168.394687562 -117.762582820 12.152340328 -0.007123014 0.030827685 0.775463104 0.630599628
1317401060.728281021 168.247983191 -116.991451622 12.123528610 -0.007814746 0.031720202 0.777418439 0.628134801
1317401060.832057953 168.069837792 -116.170750401 12.093206265 -0.009774786 0.031646727 0.779630159 0.625363697
1317401060.935858965 167.894619123 -115.383824570 12.073225733 -0.010669436 0.030567334 0.781226194 0.623407921
1317401061.039701939 167.718616400 -114.627745122 12.043201570 -0.010673326 0.028187049 0.781971300 0.622585301
1317401061.143571854 167.532344777 -113.896377777 12.012504123 -0.010492847 0.026394426 0.782008887 0.622619735
1317401061.247467995 167.364543519 -113.182671913 11.984113351 -0.011403623 0.025278638 0.781940826 0.622735491
1317401061.351382971 167.211787368 -112.464967772 11.956123119 -0.014805459 0.024494877 0.781934212 0.622703531
1317401061.455327988 167.042757114 -111.784144466 11.935356442 -0.018250057 0.023449220 0.781299242 0.623448926
1317401061.559297085 166.894515988 -111.108180574 11.916314428 -0.020626703 0.022030842 0.779865122 0.625219620
1317401061.663311005 166.746633530 -110.438205728 11.878455391 -0.021848967 0.019116531 0.777680041 0.627989598
1317401061.767373085 166.608633390 -109.785895734 11.858825894 -0.021650667 0.014708039 0.774493529 0.632040107
1317401061.871459007 166.483250852 -109.168086075 11.822171991 -0.020785203 0.012367406 0.770460560 0.637028687
1317401061.975620031 166.367224312 -108.517739912 11.794759780 -0.019962157 0.012179713 0.765109571 0.643475339
1317401062.079849958 166.263439627 -107.883287951 11.768130062 -0.018405248 0.012249428 0.757748216 0.652172400
1317401062.184128046 166.168646985 -107.225218333 11.756362012 -0.017110094 0.010164404 0.749132708 0.662120922
1317401062.288455009 166.105784424 -106.614278709 11.738434202 -0.016064934 0.008472884 0.738134804 0.674408733
1317401062.392828941 166.044095446 -106.006706297 11.712017173 -0.017030412 0.009042966 0.725358584 0.688101094
1317401062.497252941 166.026771948 -105.325056373 11.674257194 -0.017354409 0.012968989 0.711252639 0.702602529
1317401062.601675987 166.041568739 -104.745703108 11.677042583 -0.016364484 0.018750680 0.694186429 0.719364871
1317401062.706049681 166.030800685 -104.200704745 11.681866039 -0.014699813 0.021019961 0.675511641 0.736903046
1317401062.810400963 166.089281811 -103.559248034 11.668572612 -0.013230779 0.019541040 0.657398980 0.753173072
1317401062.914705038 166.123111576 -102.960828497 11.636242624 -0.011425889 0.017197531 0.638805056 0.769091538
1317401063.018935919 166.244022039 -102.399531396 11.603127006 -0.010288863 0.016396495 0.619699321 0.784600565
1317401063.123166323 166.400983537 -101.790276994 11.604154105 -0.009320079 0.015219493 0.600287869 0.799584878
1317401063.227372885 166.543853013 -101.228032816 11.592295961 -0.010062434 0.010571935 0.580515533 0.814118356
1317401063.331506014 166.727510069 -100.577031111 11.554688386 -0.012746783 0.005790350 0.561044605 0.827667169
1317401063.435616016 166.974326090 -99.978788513 11.523784673 -0.014196044 0.004125856 0.541634087 0.840484364
1317401063.539654255 167.235647078 -99.353818179 11.516138177 -0.014062404 0.003985145 0.523399539 0.851962024
1317401063.643598080 167.515058716 -98.789302931 11.507182606 -0.013375875 0.002042195 0.505999036 0.862427905
1317401063.747520924 167.833404987 -98.201939095 11.498873662 -0.010427244 -0.000239680 0.489451593 0.871968092
1317401063.851391077 168.156508069 -97.592673741 11.472507720 -0.007763921 -0.001146682 0.474629373 0.880150763
1317401063.955212116 168.511654328 -97.045451282 11.481107486 -0.004316275 0.000751328 0.460531397 0.887632603
1317401064.059035063 168.899466564 -96.483209551 11.490548647 -0.003160449 0.001640858 0.446601826 0.894725728
1317401064.162858009 169.316132483 -95.957586098 11.495418059 -0.003137404 0.002006080 0.432201631 0.901769307
1317401064.266727924 169.733962520 -95.447868631 11.482417048 -0.001872538 0.001806322 0.417916983 0.908481495
1317401064.370623350 170.174392450 -94.906002633 11.498149897 -0.000214833 0.000903834 0.402449094 0.915441895
1317401064.474517107 170.605103719 -94.374269115 11.507699085 0.000059068 -0.000088075 0.386454712 0.922308378
1317401064.578459978 171.100838707 -93.858058483 11.499099072 -0.003060074 -0.001711267 0.369349395 0.929283989
1317401064.682425737 171.615264261 -93.378892080 11.497325804 -0.003561781 -0.002185757 0.352261374 0.935892334
1317401064.786392927 172.158603887 -92.874049444 11.515561495 -0.004751841 -0.003627328 0.334276773 0.942455995
1317401064.890383005 172.705598040 -92.392029333 11.515622110 -0.004338990 -0.004996538 0.315448470 0.948919633
1317401064.994374037 173.312795193 -91.953432873 11.518978453 -0.004214119 -0.006421968 0.296494073 0.955003803
1317401065.098366022 173.913144312 -91.536157365 11.537768710 -0.004458394 -0.007924103 0.277677809 0.960631233
1317401065.202357054 174.541190761 -91.122564375 11.551608134 -0.007003330 -0.008300118 0.258886799 0.965846617
1317401065.306324005 175.211327351 -90.790258586 11.547253425 -0.007885495 -0.007354955 0.239825904 0.970756025
1317401065.410290003 175.880410620 -90.381291650 11.577950605 -0.007887109 -0.005787612 0.220939154 0.975238528
1317401065.514255762 176.583674608 -89.999693918 11.588879246 -0.007686362 -0.004686202 0.202503254 0.979240211
1317401065.618206024 177.298517987 -89.710624970 11.602637034 -0.009066806 -0.004254061 0.185927054 0.982512507
1317401065.722075939 178.066551447 -89.455539281 11.618776066 -0.010330087 -0.004507144 0.169980802 0.985382922
1317401065.825870991 178.813696989 -89.142478853 11.611072731 -0.010607704 -0.006223782 0.156173879 0.987653006
1317401065.929621935 179.603297686 -88.902594224 11.644770938 -0.006965773 -0.007977574 0.144208100 0.989490708
1317401066.033371925 180.379441213 -88.700648522 11.659123069 -0.005178390 -0.011119352 0.133639117 0.990954152
1317401066.137124062 181.190737424 -88.421973865 11.676313310 -0.006183584 -0.014012635 0.123692001 0.992202448
1317401066.240845919 181.975623530 -88.177126185 11.678202940 -0.004897020 -0.014784172 0.115500675 0.993185301
1317401066.344569921 182.796203490 -87.940717508 11.715621350 -0.002334877 -0.013319724 0.108977952 0.993952182
1317401066.448250771 183.586720942 -87.767176333 11.736632723 0.002425540 -0.009788631 0.103820785 0.994544893
1317401066.551909924 184.474803485 -87.628135636 11.784276511 0.003718264 -0.007804744 0.102470342 0.994698492
1317401066.655612946 185.302535241 -87.413648240 11.789778561 0.005992844 -0.007293761 0.099804736 0.994962261
1317401066.759315014 186.117425578 -87.260491949 11.842602178 0.006759592 -0.008242684 0.098860389 0.995044215
1317401066.863018990 186.981133602 -87.067987547 11.836664804 0.006263450 -0.009274131 0.098017427 0.995121773
1317401066.966744900 187.872040576 -86.883856996 11.870235028 0.007977106 -0.009328479 0.097539615 0.995155952
1317401067.070445061 188.729863734 -86.768981828 11.898713448 0.008962041 -0.008975233 0.098384839 0.995067611
1317401067.174123049 189.565962658 -86.494327604 11.921843666 0.007488579 -0.007607241 0.098366338 0.995093018
1317401067.277801991 190.454873748 -86.319106870 11.923221211 0.005257587 -0.004756488 0.099684875 0.994993799
1317401067.381481886 191.357384446 -86.208347282 11.958035426 0.005053521 -0.002348101 0.101723453 0.994797109
1317401067.485184908 192.235262014 -86.006348258 11.991128504 0.003858734 -0.002809774 0.102434844 0.994728263
1317401067.588936090 193.073146834 -85.758987326 11.998649211 0.002543374 -0.004861684 0.101456566 0.994824839
1317401067.692686081 193.988318063 -85.604546635 12.009393518 0.002379291 -0.005892440 0.102673906 0.994694771
1317401067.796462059 194.869452889 -85.410615455 12.022866260 0.004185456 -0.006358501 0.102930011 0.994659472
1317401067.900238991 195.763712836 -85.213133743 12.055133248 0.006904049 -0.007256755 0.102953316 0.994635757
1317401068.003989935 196.605472634 -84.972820507 12.078461055 0.007781730 -0.008330841 0.101940563 0.994725170
1317401068.107789040 197.549770491 -84.827502738 12.091900291 0.007139190 -0.008131730 0.103353807 0.994585792
1317401068.211587191 198.417625054 -84.613605033 12.114951226 0.007155027 -0.007582051 0.101851756 0.994744961
1317401068.315361977 199.429212247 -84.463603203 12.155488655 0.007983903 -0.008164876 0.103654370 0.994547819
1317401068.419161081 200.306761599 -84.267535357 12.188361919 0.009435831 -0.010493736 0.102796233 0.994602323
1317401068.522957087 201.127630349 -84.033493563 12.196598730 0.009142452 -0.011403937 0.100606018 0.994818976
1317401068.626777887 202.116684134 -83.843318842 12.224628809 0.008454120 -0.010101970 0.101568357 0.994741347
1317401068.730601072 202.984969735 -83.720963328 12.249793733 0.008507941 -0.006764709 0.101173260 0.994809442
1317401068.834424973 203.852644300 -83.469255509 12.281629185 0.008558125 -0.003823130 0.099036907 0.995039614
1317401068.938273907 204.842783033 -83.333201107 12.312280812 0.008516952 -0.001202239 0.099504456 0.994999939
1317401069.042131901 205.719130023 -83.154660666 12.337978511 0.007387944 0.000272992 0.099442898 0.995015806
1317401069.145989895 206.629259327 -82.961375477 12.366466178 0.008684958 0.000261724 0.097934904 0.995154891
1317401069.249811888 207.553103050 -82.803199309 12.383887505 0.007968882 -0.001392552 0.098550677 0.995099152
1317401069.353658915 208.445880247 -82.600058372 12.393794314 0.007369018 -0.003231304 0.097218945 0.995230492
1317401069.457505941 209.269509573 -82.424039768 12.397770638 0.006246969 -0.003849188 0.096245087 0.995330620
1317401069.561327934 210.197740360 -82.244633975 12.412493204 0.005297558 -0.003095328 0.096004054 0.995362033
1317401069.665122986 211.068165829 -82.073485329 12.431318486 0.006063899 -0.002031581 0.096177780 0.995343627
1317401069.768898010 211.998904677 -81.904326944 12.473678271 0.004624905 -0.004584514 0.096212997 0.995339466
1317401069.872700930 212.872711845 -81.695461111 12.499393089 0.005865536 -0.009998685 0.096755329 0.995240689
1317401069.976524115 213.716488862 -81.507190143 12.502907929 0.002781400 -0.015061029 0.095314892 0.995329343
1317401070.080318928 214.563984038 -81.358193219 12.508751033 -0.000651982 -0.016053682 0.097311459 0.995124281
1317401070.184113979 215.421865340 -81.149670629 12.540360362 -0.002404613 -0.012963016 0.096114304 0.995282984
1317401070.287938118 216.361881714 -80.963842156 12.568629727 -0.003323929 -0.007386206 0.097396824 0.995212668
1317401070.391766071 217.148101331 -80.817263971 12.594462824 -0.003028321 -0.002933970 0.098824590 0.995095936
1317401070.495589018 218.064573654 -80.630634072 12.640137535 -0.002296866 -0.000067903 0.099548465 0.995030061
1317401070.599437714 218.881608980 -80.466987359 12.665986019 -0.001079732 -0.000486372 0.101050737 0.994880569
1317401070.703272104 219.721945074 -80.277476795 12.686641213 0.000259685 -0.001882771 0.101878626 0.994795021
1317401070.807105064 220.575408347 -80.103171939 12.691726329 0.001882431 -0.002877010 0.102769116 0.994699295
1317401070.910973072 221.434289275 -79.924682692 12.713032124 0.002846417 -0.002639435 0.102968094 0.994677085
1317401071.014844894 222.230851455 -79.751906613 12.714793842 0.002555098 -0.000870231 0.102757243 0.994702801
1317401071.118741989 223.120459378 -79.576190128 12.733754981 0.003569466 0.001696628 0.103394451 0.994632579
1317401071.222660065 223.936549923 -79.385593001 12.753867493 0.003477460 0.003263409 0.103274195 0.994641492
1317401071.326577902 224.716813346 -79.231593314 12.762026209 0.002517087 0.003025845 0.102484410 0.994726824
1317401071.430495977 225.627748839 -79.040907130 12.781240452 0.002376118 0.001981000 0.103257891 0.994649807
1317401071.534415007 226.481315068 -78.851657172 12.775341857 0.001954717 0.001606938 0.101692380 0.994812674
1317401071.638335943 227.245310421 -78.686975387 12.781850508 0.000355259 0.002848965 0.101545454 0.994826758
1317401071.742232084 228.230698456 -78.479074356 12.789498842 0.000843518 0.004299961 0.100930642 0.994883814
1317401071.846126080 229.001127164 -78.319725957 12.801896816 0.001855529 0.004926586 0.100949669 0.994877606
1317401071.950042963 229.868511245 -78.150926395 12.803059195 0.003752376 0.004940532 0.100315254 0.994936360
1317401072.053961992 230.721213617 -77.958641647 12.805479045 0.003857291 0.005402836 0.101272750 0.994836550
1317401072.157882929 231.510643536 -77.803163246 12.814634287 0.005205126 0.006484668 0.101756820 0.994774550
1317401072.261801958 232.283290613 -77.623018088 12.805339096 0.006213754 0.009084617 0.103052240 0.994615049
1317401072.365719080 233.129168247 -77.451545814 12.816267070 0.007978617 0.010253722 0.102862251 0.994610758
1317401072.469638109 233.905207407 -77.281482749 12.808866361 0.008543146 0.010131689 0.104213520 0.994466644
1317401072.573580027 234.686096314 -77.084420987 12.812567785 0.009040128 0.007538629 0.105579409 0.994341206
1317401072.677522898 235.573348419 -76.936640009 12.805887350 0.009971167 0.004832457 0.104282415 0.994485998
1317401072.781465054 236.359505321 -76.751770713 12.809832979 0.010996507 0.003281456 0.103595181 0.994553341
1317401072.885432005 237.194658029 -76.587086930 12.812581638 0.010911502 0.003124120 0.103050829 0.994611334
1317401072.989398956 238.063301100 -76.377055921 12.807312496 0.010586235 0.004617584 0.103397942 0.994573011
1317401073.093364000 238.888476617 -76.222555240 12.816442344 0.009251917 0.007460548 0.103101431 0.994599838
1317401073.197308064 239.707268524 -76.034000825 12.818941687 0.008749642 0.009978771 0.102825824 0.994610837
1317401073.301249981 240.516222125 -75.861596552 12.827802063 0.009452193 0.010836694 0.103153823 0.994561467
1317401073.405215979 241.357415856 -75.734594353 12.832737447 0.009917363 0.010123217 0.101670015 0.994717233
1317401073.509182930 242.173993753 -75.529357545 12.826314472 0.011678348 0.009624833 0.102102329 0.994658782
1317401073.613126993 242.978220953 -75.369491081 12.822946697 0.012919917 0.009348063 0.101738546 0.994683345
1317401073.717068911 243.846160138 -75.201802979 12.823047008 0.013490740 0.009113302 0.101625921 0.994689459
1317401073.821008921 244.687518558 -75.062085470 12.823045410 0.014347167 0.008164719 0.100831037 0.994766605
1317401073.924952030 245.498837340 -74.862528953 12.825759658 0.014747259 0.007221068 0.101989262 0.994649971
1317401074.028898954 246.334400001 -74.705153644 12.821322375 0.013998900 0.006947338 0.101493575 0.994713436
1317401074.132841110 247.138984810 -74.520296330 12.816062760 0.012428967 0.007917959 0.101574853 0.994718742
1317401074.236784935 247.985547944 -74.360869629 12.818334872 0.011247538 0.008873573 0.101881806 0.994693345
1317401074.340703964 248.810506239 -74.172478397 12.820928649 0.010126100 0.008558136 0.102211893 0.994674293
1317401074.444622993 249.605566805 -73.998968928 12.823745138 0.009200936 0.007437643 0.102249808 0.994688394
1317401074.548566103 250.446510953 -73.815618442 12.823247137 0.007918626 0.006269126 0.102680415 0.994663122
1317401074.652512074 251.270746758 -73.651282716 12.819675590 0.006811645 0.005873623 0.102611303 0.994680865
1317401074.756428003 252.077002454 -73.468063685 12.822330623 0.005682770 0.005945311 0.102524883 0.994696440
1317401074.860343695 252.898063092 -73.286749217 12.825757435 0.004770141 0.005678061 0.102113937 0.994745067
1317401074.964297056 253.737224271 -73.114306664 12.828215066 0.004040323 0.004420416 0.101576660 0.994809689
1317401075.068239927 254.524234195 -72.909571734 12.824306091 0.004185680 0.003684243 0.101482761 0.994821670
1317401075.172173023 255.350488244 -72.754957227 12.830325196 0.005158881 0.004136638 0.100576266 0.994907377
1317401075.276113987 256.143123733 -72.613087407 12.837322311 0.005347537 0.005898077 0.100126341 0.994942879
1317401075.380059958 256.962347303 -72.437102099 12.842540654 0.005584443 0.007667936 0.099916046 0.994950652
1317401075.484025955 257.773759982 -72.258898653 12.852119377 0.005863838 0.008377377 0.099601116 0.994974901
1317401075.587991953 258.579515636 -72.097537856 12.850429070 0.005933975 0.008614447 0.099456579 0.994986919
1317401075.691956997 259.390739899 -71.926539698 12.853591770 0.005451073 0.008192803 0.099144103 0.995024427
1317401075.795898914 260.196921219 -71.755022029 12.850528662 0.004275584 0.007283502 0.098939116 0.995057647
1317401075.899820089 260.977610815 -71.596013426 12.851586782 0.003597082 0.006432662 0.098833812 0.995076660
1317401076.003765106 261.760125758 -71.446422181 12.851774267 0.002454246 0.006162997 0.098792272 0.995085967
1317401076.107707024 262.527764382 -71.266783275 12.852979195 0.001081890 0.006520217 0.098519578 0.995113164
1317401076.211648941 263.291760560 -71.102463313 12.856613672 -0.000345810 0.007107684 0.098217028 0.995139576
1317401076.315592051 264.029286824 -70.963883325 12.858482701 -0.001676820 0.007488095 0.098470778 0.995110357
1317401076.419533968 264.763586103 -70.817838415 12.862664885 -0.002449429 0.007294423 0.098237196 0.995133280
1317401076.523475885 265.486093799 -70.645404608 12.860858386 -0.003429657 0.007073135 0.098117093 0.995143831
1317401076.627418995 266.195371301 -70.522280959 12.860514872 -0.003576207 0.007007345 0.097980703 0.995157219
1317401076.731420279 266.868986859 -70.368851491 12.864375343 -0.003809609 0.007400432 0.097736810 0.995177490
1317401076.835386992 267.542049520 -70.249971239 12.864533604 -0.004160138 0.008600111 0.097343706 0.995204971
1317401076.939321041 268.188533086 -70.096534077 12.863128677 -0.004353625 0.010576094 0.096771757 0.995240885
1317401077.043289900 268.804514848 -69.976838050 12.868893601 -0.004249108 0.012411779 0.095912390 0.995303324
1317401077.147255898 269.392877973 -69.856825426 12.871359724 -0.003963583 0.013722804 0.095437989 0.995332892
1317401077.251220942 269.967199532 -69.730641005 12.874300922 -0.004126431 0.013988888 0.094818816 0.995387701
1317401077.355187893 270.517861021 -69.629587516 12.875376285 -0.004508173 0.012873577 0.094133190 0.995466167
1317401077.459155083 271.021450429 -69.528395280 12.865198425 -0.004443252 0.011490530 0.093689554 0.995525235
1317401077.563147068 271.515066118 -69.435724669 12.855545538 -0.003600202 0.010753227 0.093024720 0.995599221
1317401077.667135954 271.976760965 -69.361157129 12.856411681 -0.001803897 0.009907879 0.092068684 0.995701731
1317401077.771125078 272.402694300 -69.278431100 12.863725928 -0.000712029 0.009313200 0.091123398 0.995795804
1317401077.875117064 272.826807804 -69.179215997 12.867077439 -0.002325160 0.008391584 0.089990814 0.995904528
1317401077.979106903 273.205468014 -69.104345333 12.861836693 -0.004345519 0.007676439 0.088542125 0.996033373
1317401078.083122969 273.546960163 -69.048033528 12.847123754 -0.004977810 0.007988369 0.086896303 0.996172897
1317401078.187116146 273.854472294 -68.988586564 12.850144626 -0.003329877 0.008410736 0.085230355 0.996320209
1317401078.291080952 274.152040865 -68.935342803 12.852774470 -0.000882776 0.008530158 0.083929268 0.996434812
1317401078.395071983 274.403238605 -68.899253611 12.860206981 0.000815169 0.009244799 0.082708597 0.996530560
1317401078.499062061 274.647184543 -68.861892848 12.865734466 0.001214157 0.009852390 0.081310319 0.996639397
1317401078.603029966 274.846877082 -68.814108597 12.866313644 0.000895915 0.009581252 0.080248677 0.996728422
1317401078.707020998 275.019135945 -68.785091924 12.867115505 0.000499410 0.009055528 0.079192286 0.996818103
1317401078.811011076 275.200614477 -68.769420631 12.869817358 -0.000505754 0.008451641 0.078153032 0.996905421
1317401078.914978027 275.375036080 -68.734817224 12.871122331 -0.001711807 0.008017865 0.077217006 0.996980600
1317401079.018944979 275.524360975 -68.694295894 12.868381061 -0.002462441 0.007336939 0.076405978 0.997046755
1317401079.122934103 275.678401146 -68.671353450 12.868862282 -0.002093654 0.006505343 0.075481340 0.997123796
1317401079.226923943 275.818174115 -68.651765666 12.868690874 -0.001380337 0.005791946 0.074735414 0.997185623
1317401079.330890894 275.951642639 -68.624939041 12.869547222 -0.000893452 0.005299827 0.074074878 0.997238199
1317401079.434883118 276.079681605 -68.609030162 12.868773702 -0.001063611 0.004749830 0.073363317 0.997293403
1317401079.538875103 276.220623058 -68.587355015 12.867641975 -0.001306818 0.003689477 0.072689660 0.997346927
1317401079.642842054 276.344378698 -68.580564004 12.865706370 -0.001286965 0.002546308 0.072302981 0.997378634
1317401079.746833086 276.468840106 -68.558871653 12.863676155 -0.000831529 0.001481565 0.071936185 0.997407790
1317401079.850824118 276.596705284 -68.532458392 12.862922682 -0.000223829 0.000485438 0.072014272 0.997403458
1317401079.954765081 276.714850207 -68.510374311 12.863726823 0.000083301 -0.000096279 0.072947245 0.997335793
1317401080.058706999 276.846845853 -68.490383108 12.862586383 0.000159952 -0.000533275 0.074388612 0.997229173
1317401080.162650108 276.972247913 -68.458778435 12.863895044 0.000002897 -0.001112208 0.076318494 0.997082870
1317401080.266566992 277.097435493 -68.442139278 12.860524070 -0.000110559 -0.001577601 0.079026375 0.996871271
1317401080.370485067 277.220409555 -68.428402885 12.861015873 -0.000008234 -0.002039509 0.082359454 0.996600602
1317401080.474406004 277.346754790 -68.405132978 12.861181931 0.000071624 -0.002463763 0.085935611 0.996297644
1317401080.578325033 277.479701008 -68.376178779 12.857979216 0.000124128 -0.002894936 0.089864998 0.995949741
1317401080.682218075 277.614380190 -68.356997027 12.856804410 0.000743427 -0.003479957 0.094868606 0.995483443
1317401080.786067963 277.771250377 -68.316499624 12.857926888 0.001410438 -0.004095068 0.101048645 0.994872058
1317401080.889894962 277.926577236 -68.294674317 12.863086124 0.001928607 -0.004946995 0.109135137 0.994012741
1317401080.993665934 278.087650418 -68.254595316 12.860659282 0.001884218 -0.005468214 0.118646725 0.992919686
1317401081.097392082 278.272816532 -68.185737045 12.858561979 0.001575414 -0.005334423 0.129120613 0.991613296
1317401081.201128006 278.476295607 -68.137102022 12.859698465 0.001176337 -0.004810720 0.140902159 0.990011139
1317401081.304828882 278.677007330 -68.054197470 12.864082162 0.000762357 -0.004118364 0.153897644 0.988077918
1317401081.408498287 278.915693932 -67.994619247 12.865192910 0.000165921 -0.003145332 0.168920769 0.985624600
1317401081.512152910 279.149241427 -67.897876328 12.867640191 0.000028103 -0.001474206 0.185105176 0.982717609
1317401081.615783930 279.422424665 -67.792821374 12.871893279 -0.000365272 0.000359041 0.203197481 0.979137642
1317401081.719414949 279.636317074 -67.719039647 12.884603691 -0.000909476 0.002974894 0.223543577 0.974688972
1317401081.823045015 279.900630095 -67.563274481 12.881682207 -0.002608418 0.005083162 0.244183868 0.969712120
1317401081.926676035 280.124524269 -67.476582131 12.887343689 -0.004163465 0.006831247 0.266123900 0.963905633
1317401082.030329943 280.403560077 -67.306585149 12.882234694 -0.005084296 0.009234394 0.288117228 0.957537121
1317401082.134010077 280.665149033 -67.123493807 12.890319991 -0.006090628 0.012588111 0.310682835 0.950410764
1317401082.237714291 280.913009260 -66.920594100 12.893546308 -0.007433475 0.015521966 0.333605367 0.942555713
1317401082.341464996 281.169100286 -66.704524337 12.892297607 -0.009216754 0.017191380 0.357137553 0.933848101
1317401082.445240974 281.422048890 -66.460503942 12.891132166 -0.010494003 0.018363435 0.381214011 0.924244848
1317401082.549038887 281.687976715 -66.195564133 12.871957088 -0.011804596 0.018316280 0.405348870 0.913902325
1317401082.652834892 281.911810302 -65.929458406 12.862107158 -0.012616135 0.019018351 0.430011236 0.902535026
1317401082.756611109 282.170598160 -65.605344174 12.840124259 -0.013885467 0.019988605 0.454505912 0.890411155
1317401082.860410929 282.384794663 -65.305930084 12.818031924 -0.013978209 0.021255988 0.479092428 0.877395713
1317401082.964210033 282.615885303 -64.927786782 12.803194851 -0.013258426 0.022153941 0.502682404 0.864085538
1317401083.068006992 282.834121088 -64.556612424 12.778961513 -0.011754748 0.023692369 0.526225448 0.849933689
1317401083.171828032 283.009545194 -64.150065780 12.771490991 -0.010514346 0.025663690 0.549307759 0.835159751
1317401083.275651932 283.207809777 -63.701982324 12.748027584 -0.010325540 0.026553188 0.572051780 0.819722558
1317401083.379475117 283.376144099 -63.244201986 12.717292583 -0.009828316 0.026353653 0.594954608 0.803267019
1317401083.483297110 283.513349957 -62.798744592 12.688385324 -0.008279689 0.027398328 0.618284242 0.785433240
1317401083.587121010 283.634844498 -62.260499073 12.666561457 -0.006466411 0.028653096 0.640467188 0.767423590
1317401083.690968990 283.709119260 -61.748942683 12.659074622 -0.005537082 0.028817859 0.662184383 0.748766128
1317401083.794866085 283.777858582 -61.219980464 12.607187964 -0.006775020 0.030264409 0.682751596 0.729992071
1317401083.898807049 283.781423430 -60.648762068 12.574568669 -0.007864824 0.032618109 0.701844455 0.711539573
1317401084.002820969 283.806794147 -60.074423874 12.560456839 -0.007134888 0.034751497 0.719054529 0.694047557
1317401084.106883049 283.772364831 -59.464551549 12.536983949 -0.006651059 0.035724501 0.734461269 0.677677038
1317401084.210995913 283.721796771 -58.835762520 12.517816667 -0.006286521 0.034803105 0.748083741 0.662661256
1317401084.315203190 283.618931999 -58.202503947 12.476756644 -0.005662168 0.032220843 0.759662326 0.649494347
1317401084.419482946 283.448651057 -57.565072636 12.426707671 -0.006158440 0.030833369 0.769040962 0.638425701
1317401084.523833036 283.358163607 -56.876122757 12.389426737 -0.007883132 0.031027772 0.775766954 0.630206924
1317401084.628228903 283.205034832 -56.188011947 12.348184185 -0.009902300 0.033021959 0.780132835 0.624663312
1317401084.732650995 283.044927418 -55.481668589 12.322606677 -0.011019497 0.034127338 0.782927816 0.621078039
1317401084.837099075 282.863413272 -54.699435243 12.283303890 -0.009999139 0.033686865 0.783876734 0.619921348
1317401084.941543818 282.684023458 -53.995555421 12.214614027 -0.006161282 0.035026055 0.784134998 0.619570431
1317401085.045989990 282.484600205 -53.139426504 12.195742970 -0.002292500 0.038555571 0.782415771 0.621557539
1317401085.150413990 282.332625471 -52.348999823 12.159937821 -0.001637641 0.039433098 0.780818194 0.623510462
1317401085.254765034 282.153698866 -51.519697791 12.096923129 -0.001038869 0.038912903 0.779439400 0.625267085
1317401085.359042883 281.942330315 -50.660601720 12.074626648 0.001703991 0.038440702 0.778205681 0.626829583
1317401085.463296652 281.744039269 -49.800349858 12.049119140 0.004880908 0.034489289 0.777611119 0.627779909
1317401085.567503929 281.569887966 -48.923895468 11.997215151 0.006234684 0.029529295 0.777701239 0.627909175
1317401085.671641111 281.313682187 -48.015608705 11.965929840 0.005246064 0.025793706 0.777738296 0.628036867
1317401085.775752306 281.120519871 -47.111745827 11.930131452 0.000618515 0.023747112 0.779065374 0.626492486
1317401085.879837990 280.879628366 -46.158309083 11.894425630 -0.004164461 0.024134107 0.780431577 0.624761358
1317401085.983899117 280.661712361 -45.214144776 11.867982866 -0.008471792 0.026107092 0.781768048 0.622964981
1317401086.087964058 280.437986262 -44.229322218 11.818746645 -0.012715158 0.028858369 0.782333432 0.622061026
1317401086.192003727 280.212583925 -43.244862551 11.783118332 -0.015158637 0.031929099 0.782745900 0.621336949
1317401086.296015978 279.970672019 -42.243105264 11.748012740 -0.015737866 0.033440845 0.783013821 0.620905296
1317401086.400031090 279.740940270 -41.234270165 11.681548756 -0.014988695 0.032370627 0.783414885 0.620474495
1317401086.503998995 279.498966476 -40.238421257 11.622311404 -0.013562936 0.030898361 0.784402657 0.619333360
1317401086.607916117 279.242475396 -39.238415682 11.576057600 -0.011521956 0.029270352 0.785859368 0.617604684
1317401086.711836100 279.002387001 -38.236191957 11.525676729 -0.009877884 0.027906193 0.787655783 0.615403964
1317401086.815754890 278.717256295 -37.220692317 11.475119757 -0.009170101 0.026566501 0.789662428 0.612897528
1317401086.919671059 278.444062058 -36.237727453 11.431775632 -0.010108410 0.027118472 0.791870188 0.610003290
1317401087.023565054 278.170007610 -35.190133584 11.393483318 -0.012307550 0.027993831 0.793690221 0.607553046
1317401087.127460957 277.885175964 -34.185154003 11.349669565 -0.014512080 0.028267065 0.795547154 0.605057930
1317401087.231406927 277.588550979 -33.156031081 11.301800490 -0.016384374 0.027813293 0.796911739 0.603232670
1317401087.335375071 277.273561319 -32.123223064 11.254156506 -0.018621029 0.026688280 0.797710654 0.602161694
1317401087.439341068 276.978232194 -31.087317927 11.189104617 -0.020318438 0.025738494 0.798228124 0.601462013
1317401087.543282986 276.680018169 -30.050779622 11.138122584 -0.020769076 0.025095428 0.798722994 0.600816481
1317401087.647226095 276.363906822 -29.032930461 11.081291295 -0.020850757 0.024701126 0.799251665 0.600126551
1317401087.751193047 276.066828515 -27.990419949 11.027764874 -0.021035744 0.024141062 0.799591556 0.599689961
1317401087.855159998 275.748334248 -26.933005953 10.966981664 -0.021363184 0.023334816 0.799745407 0.599505116
1317401087.959101915 275.421031462 -25.897040663 10.916473971 -0.021817222 0.021561204 0.800009696 0.599202477
1317401088.063044071 275.110489344 -24.844794466 10.864350962 -0.021997199 0.018035243 0.800088450 0.599207248
1317401088.167035103 274.798494655 -23.793460600 10.797792268 -0.022160073 0.016345046 0.799899477 0.599501957
1317401088.271050930 274.476969723 -22.725882024 10.740046767 -0.023754919 0.016763602 0.799348803 0.600163459
1317401088.375065088 274.172795282 -21.664661941 10.685061957 -0.025330915 0.018245860 0.798816977 0.600763574
1317401088.479054928 273.843287667 -20.594983384 10.638520519 -0.024911275 0.019002439 0.798286474 0.601462419
1317401088.583043098 273.528030953 -19.513684506 10.581500636 -0.024270042 0.019056308 0.797338448 0.602743081
1317401088.687035084 273.208078082 -18.450013572 10.523346448 -0.025550816 0.018117188 0.796192072 0.604232661
1317401088.791026831 272.903666555 -17.380587465 10.461058857 -0.027443716 0.016562754 0.794752280 0.606086900
1317401088.895018101 272.594757302 -16.283063527 10.405485128 -0.028777414 0.015183906 0.792874806 0.608515284
1317401088.998984098 272.302343383 -15.202140970 10.340783169 -0.029001872 0.014256005 0.791221878 0.610674707
1317401089.102927923 271.978665722 -14.098668674 10.284348485 -0.028732303 0.013976052 0.789392655 0.613056572
1317401089.206868887 271.702648572 -12.990252966 10.225485125 -0.028076406 0.014494664 0.787603760 0.615371382
1317401089.310811043 271.408604510 -11.899915845 10.166337734 -0.027959442 0.015179086 0.786022656 0.617378530
1317401089.414753675 271.115254505 -10.774811171 10.109351348 -0.027893529 0.016316234 0.784234819 0.619622046
1317401089.518697977 270.859383164 -9.690435197 10.045582358 -0.028714220 0.016285512 0.782798345 0.621399249
1317401089.622591972 270.592233839 -8.572396984 9.987853150 -0.028551264 0.016390042 0.781189073 0.623425877
1317401089.726486921 270.330000870 -7.396100398 9.928667514 -0.027203378 0.015440361 0.779106988 0.626110112
1317401089.830384016 270.072446849 -6.299335773 9.871433659 -0.024979370 0.014037066 0.778032407 0.627570367
1317401089.934252977 269.811054815 -5.182627445 9.805976154 -0.024523085 0.013289032 0.777015858 0.628862764
1317401090.038099051 269.566732771 -4.050897159 9.743757620 -0.024931241 0.014155867 0.776005240 0.630074530
1317401090.141896963 269.313854941 -2.908450837 9.701381826 -0.025005154 0.014640980 0.775361912 0.630852034
1317401090.245675087 269.071414946 -1.787371642 9.640131019 -0.025476513 0.013917001 0.774881739 0.631439273
1317401090.349449873 268.827189376 -0.660306874 9.584118586 -0.026183203 0.013695044 0.774579686 0.631785719
1317401090.453223944 268.582501691 0.531016829 9.531508287 -0.026385887 0.013544437 0.774284723 0.632141994
1317401090.556973934 268.330645426 1.670527975 9.477911856 -0.026012799 0.012740346 0.774143125 0.632347563
1317401090.660722971 268.087908388 2.846929814 9.418766544 -0.025073969 0.012555915 0.773888352 0.632700928
1317401090.764472008 267.851225836 3.949202581 9.369422944 -0.023974513 0.013612876 0.773805916 0.632822500
1317401090.868199110 267.607041536 5.130197670 9.315806150 -0.023249874 0.014952805 0.773693627 0.632956577
1317401090.971927881 267.372056259 6.286594821 9.262777315 -0.023954584 0.016071849 0.773474870 0.633170198
1317401091.075654030 267.134751844 7.444291785 9.209974246 -0.025894677 0.016711851 0.773380519 0.633192508
1317401091.179404974 266.891331822 8.614920467 9.159259460 -0.027030245 0.016209242 0.773094175 0.633507713
1317401091.283157110 266.645470129 9.755104594 9.103759746 -0.026900830 0.015100057 0.773080000 0.633557927
1317401091.386909962 266.406674764 10.922348055 9.046054357 -0.026145122 0.014178912 0.773048988 0.633648683
1317401091.490660906 266.172082709 12.075598527 8.988419233 -0.025228473 0.014404832 0.773078377 0.633644891
1317401091.594388962 265.931588625 13.242133038 8.932170332 -0.025064754 0.015516944 0.773067561 0.633638326
1317401091.698137045 265.684344293 14.410279437 8.875864091 -0.025939774 0.016592887 0.772873362 0.633812725
1317401091.801909924 265.456897681 15.537189697 8.824446062 -0.026882187 0.017653497 0.772684002 0.633975658
1317401091.905685902 265.215220749 16.699099579 8.767897300 -0.027622693 0.017385778 0.772628459 0.634018916
1317401092.009462118 264.986835794 17.837287507 8.715190487 -0.027001589 0.016891981 0.772569176 0.634131250
1317401092.113236904 264.746424780 18.975589778 8.654088294 -0.026014443 0.016785690 0.772411273 0.634367650
1317401092.217036009 264.519573845 20.139829549 8.592367764 -0.025694855 0.017559781 0.772414595 0.634355674
1317401092.320858002 264.287824756 21.262788364 8.531523781 -0.026129394 0.019133620 0.772323507 0.634403310
1317401092.424678802 264.060833094 22.381742662 8.478799332 -0.026537745 0.020847101 0.772188076 0.634497220
1317401092.528505087 263.828263089 23.531780431 8.419141931 -0.027359773 0.021429273 0.772017384 0.634650603
1317401092.632328033 263.602436571 24.655375574 8.351927341 -0.028691348 0.021318496 0.771942325 0.634686833
1317401092.736149073 263.366516930 25.788742781 8.286626461 -0.029303521 0.020570302 0.771816961 0.634835998
1317401092.839976311 263.128814977 26.913270960 8.229613751 -0.028971843 0.018767083 0.771785448 0.634945392
1317401092.943796873 262.894912070 28.056652063 8.156052238 -0.028609048 0.017209131 0.771694161 0.635116911
1317401093.047616959 262.664942797 29.207218549 8.096556026 -0.028384360 0.016487644 0.771662791 0.635184244
1317401093.151413918 262.432018701 30.320569011 8.029526874 -0.027716170 0.017267529 0.771542550 0.635339075
1317401093.255213022 262.209476466 31.447871602 7.960266998 -0.028538022 0.017844536 0.771595125 0.635222887
1317401093.359010935 261.975191419 32.584020775 7.900910885 -0.028636619 0.019416303 0.771512653 0.635272522
1317401093.462810040 261.740538162 33.710990266 7.842662286 -0.029732050 0.018098688 0.771603544 0.635150702
1317401093.566656113 261.516230460 34.854585560 7.761307122 -0.031268738 0.016717019 0.771666329 0.635038490
1317401093.670502901 261.273604709 36.024973415 7.693896600 -0.032367322 0.015299723 0.771689777 0.634990679
1317401093.774324894 261.044306408 37.169636885 7.632805349 -0.031529454 0.013922002 0.771826232 0.634898684
1317401093.878149986 260.800131239 38.334539782 7.559002412 -0.030268939 0.012132789 0.772091515 0.634674152
1317401093.981972933 260.569611207 39.492509300 7.481191106 -0.028688603 0.012699614 0.772455667 0.634293249
1317401094.085793972 260.331174310 40.677425793 7.424714811 -0.026916405 0.014414516 0.772562753 0.634203849
1317401094.189618111 260.084988237 41.857336602 7.355335288 -0.027067814 0.015394624 0.772650190 0.634067838
1317401094.293417931 259.843113971 43.035911607 7.288196987 -0.028252881 0.016945759 0.772830343 0.633756954
1317401094.397214890 259.610323848 44.224051530 7.230613844 -0.028219418 0.017979763 0.773059771 0.633450063
1317401094.501039028 259.351909416 45.444331579 7.173257018 -0.026770550 0.016985265 0.773284849 0.633265648
1317401094.604836941 259.090913477 46.650971687 7.099327960 -0.025658591 0.015412565 0.773417693 0.633189672
1317401094.708621979 258.854342291 47.853536958 7.029186054 -0.024513898 0.015264067 0.773828901 0.632736050
1317401094.812375069 258.589034584 49.059726314 6.959975514 -0.025021258 0.015214348 0.773969126 0.632545850
1317401094.916139126 258.331305193 50.290944586 6.889267845 -0.028051025 0.014837565 0.774016979 0.632369120
1317401095.019936085 258.066857459 51.518390096 6.832214030 -0.031446617 0.014065796 0.773885615 0.632387791
1317401095.123711348 257.796966376 52.752566860 6.768965948 -0.034045432 0.011619037 0.773834448 0.632365522
1317401095.227483988 257.531435773 53.982494707 6.693967035 -0.034563710 0.009452106 0.773826505 0.632383229
1317401095.331235886 257.271894827 55.206410620 6.621215494 -0.034731077 0.008178792 0.774007662 0.632170071
1317401095.434986353 257.006254248 56.441831848 6.551543741 -0.034746657 0.007693397 0.774098453 0.632064131
1317401095.538737059 256.745999148 57.686120479 6.490914279 -0.034018814 0.008172939 0.774284931 0.631869266
1317401095.642465115 256.486432103 58.913814474 6.425975104 -0.034053636 0.008390403 0.774383629 0.631743576
1317401095.746190071 256.228334155 60.135261568 6.351101030 -0.035566880 0.009700460 0.774502701 0.631495418
1317401095.849941015 255.966919853 61.363589169 6.288735700 -0.037010383 0.011853374 0.774553262 0.631313688
1317401095.953716040 255.701706050 62.584549040 6.233696340 -0.037208842 0.011667179 0.774578797 0.631274161
1317401096.057490110 255.438818648 63.822012789 6.148256161 -0.036513520 0.011232800 0.774260581 0.631712862
1317401096.161289930 255.173720404 65.064048237 6.074816076 -0.035884065 0.011475654 0.773938749 0.632138795
1317401096.265089035 254.919985468 66.268845979 6.004064899 -0.035865784 0.011113788 0.773645318 0.632505376
1317401096.368865013 254.664191233 67.484380845 5.927028304 -0.036360178 0.011711190 0.773401335 0.632764697
1317401096.472666025 254.412005679 68.711698685 5.853415897 -0.038032644 0.012636760 0.772964698 0.633181969
1317401096.576463938 254.164340387 69.894668350 5.788691912 -0.039268621 0.012688990 0.772549901 0.633611565
1317401096.680237055 253.900873428 71.147476615 5.715659760 -0.039154691 0.011212267 0.772337025 0.633905920
1317401096.784012079 253.660401538 72.342881585 5.632186303 -0.037718092 0.010357466 0.772326237 0.634020704
1317401096.887763977 253.405051237 73.572670663 5.553608970 -0.036318113 0.010771634 0.772282778 0.634148467
1317401096.991489887 253.161938270 74.775651162 5.485285551 -0.035428744 0.011462447 0.772391229 0.634054576
1317401097.095187902 252.909227804 75.985661829 5.406782011 -0.034811124 0.012106647 0.772514020 0.633927207
1317401097.198892117 252.664145784 77.200225574 5.353187304 -0.033746319 0.013079996 0.772441324 0.634054020
1317401097.302623034 252.411306793 78.401034819 5.276660765 -0.033494381 0.013218851 0.772514095 0.633975837
1317401097.406375885 252.172071657 79.613257739 5.201152539 -0.033630648 0.014528868 0.772531414 0.633918849
1317401097.510148048 251.921442070 80.814993607 5.138457859 -0.033592205 0.016264345 0.772540221 0.633868000
1317401097.613919973 251.678957305 82.020070792 5.071345193 -0.032490114 0.016934049 0.772698852 0.633714537
1317401097.717698097 251.425976394 83.225625230 4.989762501 -0.032657542 0.016637610 0.772699260 0.633713285
1317401097.821471930 251.180524845 84.418521911 4.912611491 -0.034292984 0.017689875 0.772598868 0.633720797
1317401097.925245047 250.927643232 85.622418282 4.833522329 -0.038139178 0.018442316 0.772345637 0.633788214
1317401098.029020071 250.680330275 86.819305302 4.765230678 -0.040519327 0.016806528 0.771919253 0.634205323
1317401098.132795095 250.435169168 88.018762827 4.679994171 -0.040498820 0.014614116 0.771341491 0.634963446
1317401098.236596107 250.182070381 89.217622519 4.597460349 -0.039356758 0.011748100 0.771047875 0.635451180
1317401098.340394974 249.950641995 90.391780977 4.504677722 -0.039137340 0.010367863 0.770758598 0.635839571
1317401098.444166899 249.705459187 91.628452258 4.431007307 -0.036860130 0.010540264 0.770464717 0.636328810
1317401098.547940969 249.465709591 92.792468521 4.361033305 -0.033986801 0.011001210 0.770556609 0.636369691
1317401098.651741028 249.232581240 94.009503239 4.291584008 -0.031063688 0.011811181 0.770682175 0.636352519
1317401098.755538940 248.977943307 95.212267318 4.221249173 -0.030481910 0.013716044 0.771015414 0.635938641
1317401098.859339952 248.749211252 96.395484126 4.151832144 -0.032915943 0.015756740 0.770706026 0.636145021
1317401098.963160992 248.511574318 97.585000809 4.092749367 -0.034825848 0.016873917 0.770085854 0.636765427
1317401099.066958904 248.276066754 98.782460283 4.025927228 -0.034647813 0.015459046 0.769635919 0.637354767
1317401099.170757055 248.041990006 99.966284955 3.941088823 -0.034773018 0.014633281 0.769285302 0.637790583
1317401099.274557114 247.816876947 101.157868968 3.861307530 -0.034999557 0.015121646 0.768991282 0.638121285
1317401099.378356934 247.575175151 102.340005097 3.802950069 -0.034526502 0.015164665 0.768703065 0.638493188
1317401099.482177973 247.341466372 103.493384117 3.734123665 -0.033885190 0.014603405 0.768397098 0.638908784
1317401099.586023092 247.124158819 104.624969585 3.662689459 -0.034766050 0.014586501 0.767860257 0.639506983
1317401099.689870119 246.911181655 105.726733408 3.604515904 -0.035642367 0.015064222 0.767468134 0.639918240
1317401099.793694019 246.709017654 106.801217528 3.551124351 -0.036480309 0.015459657 0.767059103 0.640351871
1317401099.897492886 246.516181015 107.870391162 3.489020251 -0.037266604 0.015618305 0.766934211 0.640452328
1317401100.001292944 246.319112027 108.888575451 3.433373744 -0.037409177 0.016301222 0.766891075 0.640478651
1317401100.105114937 246.126043123 109.869543967 3.381527917 -0.037409898 0.016140821 0.766831179 0.640554382
1317401100.208961964 245.949352039 110.833356615 3.322870015 -0.037555744 0.015844784 0.766367432 0.641108001
1317401100.312809944 245.773372716 111.777376975 3.261083984 -0.038041377 0.015774694 0.766021578 0.641494313
1317401100.416632891 245.598604635 112.717871504 3.211297601 -0.037460193 0.015735746 0.766281430 0.641219066
1317401100.520454884 245.445303853 113.621948181 3.160153243 -0.035561410 0.015958192 0.767289306 0.640115492
1317401100.624253988 245.255738315 114.530731921 3.108245138 -0.034126736 0.015132944 0.768769396 0.638435569
1317401100.728053093 245.085300328 115.438879840 3.049172256 -0.033612932 0.013573920 0.770282654 0.636671464
1317401100.831851959 244.887455746 116.354502625 2.989760850 -0.033681328 0.012584368 0.771600135 0.635090885
1317401100.935676098 244.713122738 117.221396188 2.934883117 -0.034656176 0.011920981 0.772506163 0.633948789
1317401101.039521933 244.529878503 118.132262834 2.880577957 -0.035074140 0.012552295 0.773044200 0.633257381
1317401101.143343925 244.343316035 119.018728657 2.835484288 -0.034835436 0.014270387 0.773572346 0.632588866
1317401101.247191906 244.152379803 119.903239653 2.786559897 -0.034576225 0.015185180 0.774076248 0.631965077
1317401101.351037025 243.963669327 120.806441754 2.745157622 -0.034316594 0.015216461 0.774381094 0.631604902
1317401101.454883099 243.773851937 121.698622068 2.686263773 -0.034487077 0.014222096 0.774422436 0.631568099
1317401101.558778763 243.585205224 122.578586296 2.630293773 -0.035245804 0.012623642 0.774494288 0.631472069
1317401101.662673950 243.392069587 123.474933750 2.577212130 -0.035516963 0.011283213 0.774274674 0.631751504
1317401101.766567945 243.212902099 124.365082947 2.521100026 -0.034982684 0.010063967 0.774009141 0.632127185
1317401101.870460987 243.020483362 125.256669062 2.467330477 -0.033974981 0.009274340 0.773886169 0.632344752
1317401101.974354982 242.822724287 126.169834018 2.408124200 -0.033558243 0.009092830 0.773759874 0.632524168
1317401102.078274012 242.645592110 127.068298625 2.352379547 -0.033804266 0.010547079 0.773442659 0.632876357
1317401102.182169914 242.451072620 127.971441850 2.305143602 -0.034224792 0.011581225 0.773407579 0.632878547
1317401102.286065102 242.278075200 128.909368441 2.262269138 -0.031707739 0.012246305 0.773263425 0.633173217
1317401102.389983892 242.058266245 129.835375828 2.205590941 -0.029417400 0.012162901 0.773279845 0.633265317
1317401102.493902922 241.877433612 130.759190602 2.150543618 -0.030837784 0.010551338 0.773059667 0.633495424
1317401102.597820997 241.680794380 131.685493006 2.084432784 -0.032526315 0.010979823 0.772663201 0.633887262
1317401102.701765060 241.496813929 132.661625629 2.043497282 -0.032421932 0.011721036 0.771793402 0.634938092
1317401102.805706024 241.281654232 133.581914693 1.984052282 -0.031995452 0.012551945 0.771359619 0.635470753
1317401102.909626007 241.098268074 134.552713028 1.916259998 -0.033681169 0.013725499 0.770745725 0.636103936
1317401103.013546944 240.907653085 135.511992807 1.863769969 -0.034726746 0.015974427 0.770148833 0.636717870
1317401103.117464066 240.705812244 136.500945555 1.815947163 -0.034913225 0.016937473 0.769591053 0.637356886
1317401103.221383095 240.504725140 137.486647057 1.748287441 -0.035893080 0.016356502 0.768866934 0.638191029
1317401103.325300932 240.324008737 138.475783167 1.672815141 -0.037485459 0.015517575 0.767854054 0.639338875
1317401103.429219007 240.120999770 139.496096240 1.607415678 -0.038102773 0.015391156 0.766873972 0.640480759
1317401103.533138037 239.943327442 140.477275142 1.542122466 -0.038273728 0.013791331 0.765870875 0.641706104
1317401103.637032032 239.751595221 141.496023657 1.468253047 -0.037281289 0.012533430 0.765050965 0.642767485
1317401103.740904093 239.564845791 142.509455483 1.397602038 -0.036569252 0.012142158 0.764495344 0.643476594
1317401103.844774961 239.366745694 143.537317594 1.324369803 -0.037309463 0.012652860 0.763879948 0.644154743
1317401103.948621035 239.197276240 144.570212752 1.252780803 -0.038928145 0.013287770 0.763300246 0.644733099
1317401104.052443981 239.009599920 145.616148165 1.190505784 -0.039295491 0.013333742 0.762970823 0.645099682
1317401104.156266928 238.824101004 146.686721382 1.119452610 -0.038014861 0.012981551 0.762708506 0.645493675
1317401104.260097980 238.644364517 147.735693930 1.048975313 -0.036247262 0.012726160 0.762737387 0.645566309
1317401104.363941908 238.454643132 148.815809760 0.976717307 -0.034996050 0.013256733 0.762735141 0.645627323
1317401104.467781067 238.277775565 149.886780837 0.903879492 -0.034815584 0.013052391 0.762566496 0.645840421
1317401104.571604013 238.098624401 150.959654723 0.838113079 -0.034648716 0.013204950 0.762586664 0.645822481
1317401104.675427914 237.875530536 152.062438268 0.766960776 -0.035712499 0.012491138 0.762421453 0.645973774
1317401104.779249907 237.702121536 153.149648516 0.692032538 -0.036556866 0.012837591 0.762636316 0.645666045
1317401104.883050919 237.491970244 154.270455862 0.624341099 -0.037587732 0.013318760 0.762740688 0.645473792
1317401104.986824989 237.311231986 155.365387490 0.547679550 -0.038536027 0.013666616 0.762861751 0.645267501
1317401105.090599060 237.104313295 156.497736546 0.475172311 -0.039590548 0.013412762 0.763133238 0.644887856
1317401105.194374084 236.916615058 157.619334436 0.395138957 -0.040350572 0.012236687 0.763424975 0.644518737
1317401105.298124075 236.715138752 158.755364566 0.321996215 -0.038314741 0.011586349 0.763880299 0.644115382
1317401105.401876926 236.521417912 159.883167907 0.246514360 -0.035397809 0.010464599 0.764640404 0.643399208
1317401105.505655050 236.299069085 161.051790104 0.172684889 -0.032243479 0.010440514 0.765195903 0.642904801
1317401105.609405994 236.091613701 162.206510272 0.101292027 -0.030233521 0.012404205 0.765875835 0.642157516
1317401105.713129997 235.897028822 163.367582937 0.035900694 -0.029782055 0.015437609 0.766556191 0.641300487
1317401105.816854000 235.678391632 164.551672054 -0.033387242 -0.029949772 0.017764803 0.767207104 0.640453498
1317401105.920603037 235.457398361 165.727166222 -0.093122589 -0.029594351 0.018284003 0.767802924 0.639740994
1317401106.024357080 235.228592404 166.916831989 -0.171689131 -0.029695104 0.018513276 0.768423603 0.638984057
1317401106.128108978 234.992537428 168.123185122 -0.248043203 -0.029961508 0.019332651 0.769087469 0.638148118
1317401106.231883049 234.758090016 169.311675574 -0.318456162 -0.029863740 0.019741143 0.769806516 0.637272605
1317401106.335658073 234.527500062 170.518575895 -0.390356792 -0.029301475 0.019547600 0.770589404 0.636357828
1317401106.439434052 234.274569431 171.740137981 -0.468624126 -0.029232180 0.019274480 0.771202110 0.635626683
1317401106.543206930 234.037318324 172.941873464 -0.548965421 -0.029661734 0.019456428 0.771960135 0.634680376
1317401106.646981001 233.787055709 174.169792762 -0.620622098 -0.030021675 0.019535574 0.772659877 0.633808942
1317401106.750757933 233.525211525 175.387662659 -0.701019689 -0.030710569 0.019588037 0.773336825 0.632948122
1317401106.854557037 233.282770287 176.608418358 -0.777624429 -0.031824844 0.019519341 0.774095865 0.631966587
1317401106.958378077 233.014545474 177.834567277 -0.857236397 -0.032789381 0.019336242 0.774538975 0.631379713
1317401107.062197924 232.736454830 179.064930780 -0.933188853 -0.034000939 0.018388101 0.774590149 0.631281170
1317401107.165997028 232.482994111 180.296434794 -1.012812662 -0.034638424 0.018003178 0.774674583 0.631153987
1317401107.269797087 232.224050324 181.523100717 -1.085009154 -0.034087568 0.018032241 0.774653428 0.631209111
1317401107.373621941 231.961250305 182.761302070 -1.171512982 -0.032842957 0.018447353 0.774532731 0.631411185
1317401107.477444887 231.715529682 183.979880985 -1.247978406 -0.032224622 0.019075526 0.774775690 0.631126238
1317401107.581268072 231.447624319 185.212879245 -1.328274213 -0.032392573 0.019461136 0.774573354 0.631354183
1317401107.685112715 231.182147127 186.426428338 -1.405425071 -0.032335844 0.019548462 0.774493055 0.631452894
1317401107.788957119 230.922658666 187.643820503 -1.481841665 -0.032337534 0.020060185 0.774542250 0.631376414
1317401107.892779112 230.667456581 188.878097372 -1.562524920 -0.032144728 0.020947176 0.774287105 0.631670334
1317401107.996581078 230.400908218 190.100473751 -1.641173284 -0.031672276 0.023203622 0.774192497 0.631731301
1317401108.100357056 230.154664123 191.304555287 -1.718660740 -0.031764547 0.025683175 0.774264896 0.631541969
1317401108.204130888 229.893667686 192.519172920 -1.796521990 -0.032205718 0.027601545 0.774131263 0.631602513
1317401108.307907104 229.629388954 193.744356297 -1.869368175 -0.032047985 0.027421623 0.774014454 0.631761510
1317401108.411680937 229.374962886 194.949604682 -1.958987274 -0.032099021 0.026208343 0.774212639 0.631567547
1317401108.515431881 229.116411102 196.151148854 -2.058584509 -0.034505972 0.025037484 0.774221721 0.631476991
1317401108.619184971 228.850686110 197.342358579 -2.158568237 -0.038567086 0.024634493 0.774134968 0.631364216
1317401108.722935915 228.586647544 198.570769614 -2.239977483 -0.040177136 0.023609105 0.773948070 0.631532099
1317401108.826661110 228.341716213 199.778659071 -2.332012367 -0.038388028 0.021350756 0.773951553 0.631719478
1317401108.930386066 228.090254525 200.969912522 -2.420795011 -0.035477731 0.020138062 0.774364021 0.631423908
1317401109.034137011 227.836070294 202.168967990 -2.522403314 -0.032916198 0.021456799 0.774363182 0.631520223
1317401109.137890100 227.581382392 203.374012281 -2.600716645 -0.032061561 0.023650389 0.774008933 0.631920001
1317401109.241640091 227.332527187 204.562434889 -2.683916176 -0.032567069 0.024668229 0.773681858 0.632255682
1317401109.345416307 227.078552374 205.772057400 -2.765322293 -0.033667120 0.025501807 0.773044054 0.632944763
1317401109.449191093 226.829859073 206.981426440 -2.854083191 -0.034795708 0.025386536 0.772693435 0.633316380
1317401109.552941084 226.585515103 208.168875234 -2.941775194 -0.035565517 0.025487503 0.772429615 0.633591328
1317401109.656666994 226.336376938 209.366075430 -3.027822725 -0.035499413 0.025478954 0.772259125 0.633803170
1317401109.760392904 226.094698365 210.568920158 -3.120918573 -0.035096591 0.024915732 0.772040722 0.634113995
1317401109.864098072 225.851090620 211.759167656 -3.208693079 -0.034493536 0.024485764 0.772164953 0.634012562
1317401109.967799902 225.612240749 212.951769189 -3.302369545 -0.034582431 0.024273075 0.772026602 0.634184358
1317401110.071527004 225.364762599 214.155131675 -3.387544462 -0.034713926 0.024162906 0.771915276 0.634316880
1317401110.175254107 225.115796407 215.351089880 -3.478093515 -0.035040344 0.023972050 0.771845013 0.634391670
1317401110.278978109 224.869868483 216.548050075 -3.563530389 -0.035183673 0.024123386 0.771768205 0.634471440
1317401110.382700682 224.629526552 217.746371170 -3.648412915 -0.034512463 0.024085894 0.771753666 0.634527414
1317401110.486442089 224.386098585 218.954943390 -3.736584529 -0.033478750 0.023510250 0.771713138 0.634653665
1317401110.590193987 224.157639113 220.167134271 -3.821461874 -0.032779080 0.022270737 0.771665640 0.634792633
1317401110.693928003 223.888112044 221.344222715 -3.909145408 -0.032642308 0.021328909 0.771999392 0.634426115
1317401110.798357010 223.640683537 222.549756849 -3.992319408 -0.033669934 0.020013214 0.772183578 0.634191082
1317401110.902136087 223.383755425 223.758125859 -4.076523659 -0.034996554 0.019375288 0.772154149 0.634174905
1317401111.005229712 223.137669261 224.956110214 -4.157263464 -0.036693132 0.018388148 0.772216071 0.634032988
1317401111.108983040 222.890377870 226.151680068 -4.243583156 -0.037435700 0.017619149 0.772312368 0.633894109
1317401111.212730885 222.635765797 227.362391376 -4.322847372 -0.036921874 0.017090171 0.772483382 0.633730326
1317401111.316478014 222.385309578 228.575600197 -4.406796621 -0.035399803 0.017102377 0.772769809 0.633467588
1317401111.420231104 222.132598001 229.778932053 -4.488036180 -0.034322955 0.017876826 0.772932860 0.633306519
1317401111.523998976 221.883652554 230.990213554 -4.572394525 -0.034266549 0.019378060 0.773201385 0.632937527
1317401111.627747059 221.628736741 232.193235664 -4.642788558 -0.034469481 0.020345458 0.773381917 0.632675532
1317401111.731520653 221.372919317 233.396346874 -4.723194606 -0.034566176 0.020420450 0.773639757 0.632352522
1317401111.835330009 221.124489731 234.627716963 -4.811419741 -0.034658858 0.019399267 0.773427873 0.632638725
1317401111.939114094 220.863111011 235.834694648 -4.896895015 -0.034623676 0.018995609 0.773323856 0.632780042
1317401112.042882919 220.613665666 237.043815667 -4.976324244 -0.034039248 0.019440281 0.773183432 0.632969814
1317401112.146648884 220.362232254 238.274421210 -5.060891463 -0.033376878 0.020653370 0.772908099 0.633302845
1317401112.250401020 220.112324537 239.485670416 -5.140113207 -0.032777721 0.022027151 0.772762375 0.633465656
1317401112.354126930 219.870445857 240.701553508 -5.222115346 -0.032313061 0.023370553 0.772649448 0.633579130
1317401112.457859039 219.621347854 241.935750188 -5.303373933 -0.032014914 0.023885146 0.772258891 0.634051063
1317401112.561614990 219.356186021 243.152168791 -5.385933995 -0.031761193 0.023768490 0.772196442 0.634144259
1317401112.665380001 219.110571994 244.369580915 -5.474960325 -0.032414038 0.023538715 0.771876714 0.634508942
1317401112.769134045 218.860193760 245.601134156 -5.562184544 -0.033751484 0.023486742 0.771351124 0.635080037
1317401112.872888088 218.603839545 246.831203623 -5.645312668 -0.034788101 0.023121354 0.770785195 0.635724291
1317401112.976654053 218.352360579 248.066983712 -5.738729399 -0.036117116 0.022248852 0.770087861 0.636525906
1317401113.080424309 218.092199402 249.301709484 -5.830379981 -0.037785820 0.021975413 0.769648897 0.636969299
1317401113.184175014 217.852937461 250.531713058 -5.933467054 -0.039818408 0.022589718 0.769381044 0.637147556
1317401113.287912846 217.591812263 251.794990067 -6.023892576 -0.041945668 0.022448510 0.769235744 0.637191491
1317401113.391645908 217.372062404 253.007089408 -6.119465123 -0.043895249 0.021944390 0.769028690 0.637327644
1317401113.495374918 217.102969239 254.236179760 -6.226141678 -0.046577883 0.020700340 0.769029500 0.637177859
1317401113.599117041 216.876556141 255.477363318 -6.329856901 -0.047998225 0.019431476 0.768893508 0.637276519
1317401113.702852011 216.621840651 256.673529338 -6.423614105 -0.046811567 0.017171629 0.769073409 0.637212605
1317401113.806579113 216.389885724 257.920923559 -6.522383444 -0.044444517 0.014618605 0.769235591 0.637250019
1317401113.910379887 216.136145992 259.137478192 -6.637443018 -0.044331223 0.013145874 0.769441317 0.637041591
1317401114.014190197 215.912290132 260.369387790 -6.738555064 -0.044672076 0.014663861 0.769303135 0.637151523
1317401114.117963076 215.666095255 261.568468702 -6.817360405 -0.045356924 0.015000884 0.769223170 0.637191838
1317401114.221703053 215.431914638 262.782188861 -6.923966234 -0.046054228 0.015392228 0.769250093 0.637099977
1317401114.325433969 215.198890036 263.998134598 -7.019386346 -0.047193564 0.016718992 0.769012345 0.637270159
1317401114.429179907 214.957220821 265.188499043 -7.105426925 -0.047739702 0.017886868 0.769035793 0.637169467
1317401114.532905102 214.728145637 266.362269662 -7.198679137 -0.048273117 0.018060468 0.769030682 0.637130549
1317401114.636643887 214.493323957 267.541757918 -7.289865216 -0.048264521 0.017176037 0.769115929 0.637052751
1317401114.740406990 214.271757036 268.691892569 -7.384788271 -0.048079524 0.015771534 0.769074734 0.637152785
1317401114.844156981 214.041824686 269.844370662 -7.488597224 -0.048142954 0.015411046 0.769125898 0.637095055
1317401114.947882891 213.824127095 271.022962796 -7.587790723 -0.048937503 0.016018102 0.769069243 0.637087938
1317401115.051634073 213.596818101 272.139311092 -7.675891078 -0.049554427 0.017390374 0.769174933 0.636876642
1317401115.155407906 213.378279389 273.237533099 -7.761792014 -0.049670629 0.019154222 0.769070961 0.636942542
1317401115.259181976 213.177970779 274.280485365 -7.853373572 -0.050683992 0.020550455 0.769302161 0.636539863
1317401115.362958193 212.968439306 275.372265273 -7.941454072 -0.051824631 0.021412082 0.769367798 0.636340256
1317401115.466732025 212.736692879 276.439813081 -8.015646025 -0.050670032 0.020521791 0.769629989 0.636145489
1317401115.570483923 212.549724776 277.457884539 -8.096441563 -0.047147661 0.016868224 0.770191033 0.635844583
1317401115.674235106 212.329983557 278.489246476 -8.190580906 -0.043442975 0.012466674 0.770675935 0.635622445
1317401115.777986050 212.126091541 279.510709141 -8.287227016 -0.041099763 0.010131796 0.771067270 0.635345120
1317401115.881712914 211.922392451 280.538345242 -8.370458504 -0.041620172 0.010549887 0.771238037 0.635097120
1317401115.985461950 211.704487038 281.563369996 -8.448623684 -0.044008611 0.012592755 0.771215004 0.634926832
1317401116.089211941 211.492414729 282.564781435 -8.509222165 -0.046570812 0.014545749 0.771189301 0.634733521
1317401116.192961931 211.298430656 283.566932897 -8.573157579 -0.048244493 0.015355692 0.771163926 0.634620257
1317401116.296737909 211.093218186 284.520177594 -8.652285323 -0.050422045 0.014815318 0.770908129 0.634774590
1317401116.400511980 210.899583148 285.486875682 -8.722549266 -0.052396330 0.013953585 0.770398320 0.635252982
1317401116.504287958 210.705782290 286.404609467 -8.798424117 -0.053164809 0.012793318 0.769706192 0.636052052
1317401116.608110905 210.518845176 287.321789878 -8.867025060 -0.053096816 0.010998593 0.768699130 0.637307937
1317401116.711982012 210.355419697 288.195749018 -8.942149623 -0.052690910 0.009434991 0.767548863 0.638751432
1317401116.815876007 210.172564230 289.077606864 -9.006646230 -0.051442460 0.008624509 0.765794701 0.640966276
1317401116.919820070 210.000301676 289.900595940 -9.070094631 -0.050482145 0.007357356 0.763140068 0.644216313
1317401117.023834229 209.872895541 290.719432942 -9.127278211 -0.049175634 0.006338872 0.759202586 0.648963026
1317401117.127921104 209.721944678 291.513946504 -9.185542914 -0.048354231 0.005780196 0.753513790 0.655625980
1317401117.232080936 209.614991739 292.273205933 -9.233145686 -0.047469096 0.006225726 0.746340872 0.663839760
1317401117.336281061 209.543541513 293.006635832 -9.279642886 -0.046439280 0.007745589 0.737959710 0.673200465
1317401117.440489054 209.465258125 293.722096536 -9.316634361 -0.045954068 0.009282260 0.728282345 0.683671624
1317401117.544723034 209.450411478 294.402830700 -9.355439027 -0.045619923 0.011316505 0.717589971 0.694877970
1317401117.649003029 209.424625050 295.079776639 -9.394808554 -0.045946787 0.014021318 0.705624784 0.706955416
1317401117.753283978 209.417163210 295.723891901 -9.430976822 -0.045816097 0.016986266 0.692786992 0.719484910
1317401117.857559919 209.437852715 296.353359953 -9.465849168 -0.045460912 0.019706919 0.678798712 0.732650839
1317401117.961884975 209.481328042 296.978944355 -9.499164385 -0.044542820 0.021103731 0.663462907 0.746583914
1317401118.066212893 209.554428477 297.591391621 -9.538833007 -0.043483701 0.021188373 0.646642455 0.761258008
1317401118.170540094 209.665502498 298.202415236 -9.583771669 -0.043146251 0.020901492 0.628251623 0.776531665
1317401118.274889946 209.780719846 298.757976487 -9.626049645 -0.042575315 0.021247404 0.608762744 0.791924120
1317401118.379199028 209.950905827 299.344206037 -9.676137264 -0.041851334 0.021212960 0.588605203 0.807057861
1317401118.483431101 210.131719996 299.908937265 -9.695316170 -0.038640665 0.021690036 0.568109471 0.821759131
1317401118.587654114 210.328311694 300.462166109 -9.742452730 -0.037655092 0.019794210 0.547427895 0.835770892
1317401118.691860914 210.584059034 301.011306771 -9.782854689 -0.037323459 0.019049174 0.526110503 0.849383204
1317401118.796020985 210.842373634 301.528993112 -9.815086628 -0.037803484 0.019433606 0.504968035 0.862090781
1317401118.900182962 211.123185964 302.042430128 -9.873580579 -0.038145521 0.021103329 0.483841521 0.874069191
1317401119.004310131 211.428546735 302.533822517 -9.881056955 -0.037297989 0.023596146 0.462379732 0.885582896
1317401119.108396053 211.780783795 303.051887346 -9.914435372 -0.037611967 0.023440696 0.440853938 0.896484065
1317401119.212460041 212.133773425 303.530846906 -9.943439158 -0.038514522 0.022605195 0.419636159 0.906593145
1317401119.316521883 212.533483326 304.006354140 -9.999060948 -0.039045105 0.021970610 0.398090576 0.916251420
1317401119.420558929 212.956217939 304.447677351 -10.036610872 -0.036501916 0.022034191 0.377282598 0.925116180
1317401119.524571896 213.388335711 304.913084360 -10.067770069 -0.033402859 0.020820259 0.356946527 0.933295207
1317401119.628571033 213.845678606 305.348771285 -10.097817702 -0.031530924 0.018870394 0.336890691 0.940826430
1317401119.732542038 214.395885950 305.751471527 -10.140759435 -0.031293109 0.016425397 0.318431308 0.947286889
1317401119.836477995 214.924571479 306.169870897 -10.171011638 -0.030961143 0.014694640 0.300166564 0.953270952
1317401119.940383911 215.455114318 306.571321811 -10.206072318 -0.031888596 0.013757169 0.281459390 0.958944456
1317401120.044308901 216.050540790 306.948815477 -10.231841089 -0.034364488 0.013469141 0.263316171 0.964003246
1317401120.148180008 216.695215678 307.313823592 -10.265486109 -0.036329860 0.012562094 0.246183505 0.968460643
1317401120.251995087 217.348192729 307.659474718 -10.280366367 -0.037708993 0.010429532 0.229549555 0.972510287
1317401120.355820894 218.003231829 308.005530533 -10.308318103 -0.038729839 0.007879245 0.214068476 0.976018752
1317401120.459600925 218.718959162 308.347688775 -10.337402641 -0.041201925 0.005345161 0.200667082 0.978778092
1317401120.563275099 219.416912793 308.654011808 -10.362481676 -0.043833474 0.003599246 0.189507619 0.980893743
1317401120.666933060 220.164719135 308.960147009 -10.387728271 -0.046447303 0.003189344 0.180159731 0.982534960
1317401120.770612955 220.925506704 309.252091358 -10.401193994 -0.049356572 0.003121501 0.171130953 0.984006292
1317401120.874319077 221.716550320 309.543332129 -10.421410954 -0.052247847 0.002682359 0.162566297 0.985309680
1317401120.978020906 222.526919136 309.814994149 -10.438055992 -0.054282302 0.002326269 0.153783296 0.986609709
1317401121.081715107 223.342093365 310.097304737 -10.453729439 -0.055771561 0.002126423 0.145085915 0.987843656
1317401121.185442924 224.186974965 310.353918338 -10.469182817 -0.056429314 0.002150969 0.136948886 0.988967193
1317401121.289122105 225.046045895 310.611427884 -10.483438937 -0.056176918 0.002167111 0.130516622 0.989850933
1317401121.392775059 225.923438172 310.856095509 -10.493341389 -0.055217847 0.002162118 0.126071353 0.990480857
1317401121.496453047 226.825014141 311.093055886 -10.501854202 -0.054788321 0.001711371 0.122624184 0.990938253
1317401121.600142002 227.733616561 311.325293078 -10.514807218 -0.054821097 0.001008456 0.119625901 0.991303825
1317401121.703849077 228.662306309 311.572500843 -10.526760340 -0.055032939 0.000499815 0.116508697 0.991663678
1317401121.807576180 229.614095640 311.799813036 -10.536338011 -0.055284272 0.000343344 0.113898127 0.991952997
1317401121.911298037 230.578777021 312.037425442 -10.546865480 -0.054378123 0.001115392 0.111659522 0.992256986
1317401122.015014887 231.541720895 312.257727282 -10.550718254 -0.053292926 0.002535457 0.110270459 0.992468569
1317401122.118742943 232.519354765 312.472129317 -10.559849727 -0.052697815 0.003862510 0.109598949 0.992570447
1317401122.222523928 233.513273577 312.699644152 -10.569055402 -0.052090365 0.005316093 0.108726488 0.992691737
1317401122.326326132 234.509120203 312.928003228 -10.572381689 -0.051537645 0.006136655 0.107726145 0.992824904
1317401122.430128098 235.501957632 313.155352204 -10.582766920 -0.051547628 0.006105614 0.106699537 0.992935432
1317401122.533946037 236.499834915 313.373596664 -10.598621006 -0.051051976 0.006124197 0.106069372 0.993028438
1317401122.637768030 237.467225391 313.593801305 -10.603563446 -0.050429894 0.006096068 0.104925463 0.993181912
1317401122.741590023 238.460138307 313.816157449 -10.617162366 -0.050415107 0.005831558 0.103561313 0.993327421
1317401122.845412016 239.456393827 314.023449169 -10.623671422 -0.050184656 0.005826670 0.102099300 0.993490455
1317401122.949234962 240.451273670 314.227410170 -10.634165480 -0.050084751 0.006320386 0.100718715 0.993633389
1317401123.053059101 241.458941902 314.453854320 -10.644929749 -0.049440441 0.006993140 0.099187673 0.993815146
1317401123.156883001 242.443661139 314.656474609 -10.652251749 -0.049128643 0.007613234 0.098164095 0.993927676
1317401123.260704994 243.428540154 314.869278633 -10.663177195 -0.048675089 0.007709578 0.097074593 0.994056247
1317401123.364506006 244.424547323 315.070147672 -10.670547063 -0.048561081 0.007189959 0.096479520 0.994123648
1317401123.468303919 245.378397079 315.273373674 -10.679561679 -0.048659101 0.006934191 0.095578431 0.994207711
1317401123.572129965 246.376075580 315.454629446 -10.692996032 -0.049161882 0.007294663 0.094910973 0.994244338
1317401123.675930023 247.364270561 315.652814685 -10.705509062 -0.049239496 0.008032878 0.093915275 0.994329355
1317401123.779727936 248.325217639 315.841020817 -10.713022615 -0.048889630 0.008404021 0.092995912 0.994429956
1317401123.883527279 249.285992198 316.033665797 -10.720149461 -0.048875262 0.008474659 0.092037450 0.994519229
1317401123.987302065 250.238158021 316.219895703 -10.735070676 -0.048851579 0.008672230 0.091190543 0.994596702
1317401124.091075897 251.197598662 316.403764852 -10.741244328 -0.048500536 0.008880257 0.090351808 0.994688589
1317401124.194849968 252.117573688 316.577600533 -10.752876471 -0.048355870 0.008877648 0.089535059 0.994769506
1317401124.298649073 253.033845960 316.751429987 -10.759786743 -0.048559842 0.008491962 0.088867145 0.994822828
1317401124.402472019 253.937293420 316.928134653 -10.771984742 -0.049253474 0.007757624 0.087966262 0.994874792
1317401124.506295919 254.860192870 317.107239328 -10.779112291 -0.049572855 0.006920256 0.086929491 0.994956233
1317401124.610117912 255.736049240 317.260647530 -10.784556533 -0.050170655 0.006724516 0.085712881 0.995033159
1317401124.713964939 256.610292138 317.423326782 -10.795410940 -0.050694599 0.007058448 0.084049295 0.995146196
1317401124.817812920 257.481678297 317.577087514 -10.802138575 -0.050710694 0.007593323 0.082260065 0.995290937
1317401124.921658039 258.345331205 317.720071566 -10.804305096 -0.050861337 0.007720125 0.080122297 0.995456650
1317401125.025552034 259.191593932 317.865888900 -10.811170369 -0.051192733 0.007661808 0.077288699 0.995664129
1317401125.129471064 260.033692977 317.999549933 -10.819340767 -0.051783894 0.007735377 0.073819946 0.995896183
1317401125.233412981 260.856101449 318.118466836 -10.822352311 -0.052551624 0.007969630 0.069030610 0.996197564
1317401125.337378979 261.647704041 318.236682074 -10.831032673 -0.053617295 0.007819536 0.063157271 0.996531585
1317401125.441370964 262.444917433 318.342939931 -10.832913196 -0.054028057 0.007419815 0.056426061 0.996916253
1317401125.545409679 263.221327847 318.426779685 -10.837758272 -0.054274196 0.006886722 0.048646308 0.997316610
1317401125.649471998 264.007250756 318.500796661 -10.838602877 -0.054648829 0.006434593 0.039623339 0.997698398
1317401125.753536940 264.777103980 318.563845532 -10.845426945 -0.054224208 0.006933790 0.029233750 0.998076673
1317401125.857623100 265.527160256 318.608472797 -10.852718337 -0.052070524 0.008383986 0.017768767 0.998450119
1317401125.961733103 266.264356739 318.645177976 -10.841489861 -0.048209641 0.008789876 0.005404711 0.998783939
1317401126.065865040 266.990725921 318.630504704 -10.833843189 -0.044639231 0.008265946 -0.007518301 0.998940683
1317401126.170001984 267.721337932 318.625885650 -10.833343180 -0.040851047 0.006440943 -0.021775908 0.998907161
1317401126.274138927 268.424201540 318.614102294 -10.827668609 -0.035664847 0.004549915 -0.037664068 0.998643447
1317401126.378297091 269.112428919 318.549051547 -10.818154951 -0.031220785 0.003465886 -0.054032836 0.998044940
1317401126.482455969 269.805745285 318.460711396 -10.804838887 -0.027435050 0.002936980 -0.070861820 0.997104455
1317401126.586615086 270.493319528 318.350035912 -10.792527008 -0.024193182 0.002801362 -0.087985648 0.995823964
1317401126.690773010 271.165782655 318.220274528 -10.770949360 -0.021717782 0.002018321 -0.105694113 0.994159453
1317401126.794929981 271.798269651 318.082462759 -10.756706604 -0.021147428 0.001260304 -0.125100659 0.991917851
1317401126.899090290 272.415235257 317.916597076 -10.746620376 -0.021214110 0.000648888 -0.145165765 0.989179681
1317401127.003249884 273.031320084 317.750461776 -10.730638991 -0.022815737 -0.000869436 -0.166302257 0.985810451
1317401127.107431889 273.603557986 317.532442062 -10.728940828 -0.024530832 -0.004101269 -0.188404661 0.981776503
1317401127.211663008 274.179651727 317.317268066 -10.698857219 -0.024216317 -0.006452734 -0.212939275 0.976743977
1317401127.315917015 274.748568183 317.049134984 -10.696620535 -0.023428455 -0.008223354 -0.238041985 0.970937432
1317401127.420147896 275.294663887 316.779591088 -10.658993173 -0.021627757 -0.010022472 -0.263806529 0.964281030
1317401127.524332047 275.830682307 316.445045408 -10.639881849 -0.021319270 -0.011146262 -0.288455747 0.957190959
1317401127.628490925 276.345005062 316.111418500 -10.605431224 -0.021249966 -0.011597288 -0.313009851 0.949441296
1317401127.732626915 276.848254163 315.746975759 -10.588183061 -0.022594305 -0.012520481 -0.336864941 0.941198569
1317401127.836690903 277.331186094 315.374585249 -10.547251876 -0.023394856 -0.013975699 -0.361126149 0.932118697
1317401127.940754890 277.778416253 314.956522640 -10.531007648 -0.024867349 -0.015505315 -0.384397569 0.922702395
1317401128.044807911 278.206483038 314.540902421 -10.486037358 -0.025695549 -0.017347511 -0.406821627 0.912981361
1317401128.148776054 278.635957039 314.076972050 -10.457480878 -0.026591616 -0.019133178 -0.427495489 0.903423718
1317401128.252701044 279.034276982 313.610709765 -10.410144321 -0.027318280 -0.019104261 -0.446922392 0.893951405
1317401128.356591940 279.418242676 313.103915143 -10.363423778 -0.028286134 -0.017760589 -0.464965691 0.884698458
1317401128.460442066 279.787619659 312.579439100 -10.339592437 -0.028836534 -0.015056426 -0.482076487 0.875524996
1317401128.564266920 280.145611879 312.038691835 -10.294497263 -0.027668965 -0.014246681 -0.498174158 0.866518303
1317401128.668061972 280.487458511 311.473416110 -10.238810121 -0.026596241 -0.014977554 -0.512987675 0.857853110
1317401128.771835089 280.799296303 310.886365101 -10.193169215 -0.026487140 -0.015611933 -0.527042898 0.849282334
1317401128.875586033 281.121855937 310.281075000 -10.153029282 -0.029719421 -0.015384194 -0.540720388 0.840536462
1317401128.979337931 281.427123429 309.659776983 -10.127250995 -0.031742076 -0.014933832 -0.553316977 0.832231785
1317401129.083066225 281.691062794 309.012750413 -10.081881180 -0.030423296 -0.014734116 -0.564991709 0.824403844
1317401129.186768055 281.967017486 308.345643440 -10.030224918 -0.028563403 -0.015105669 -0.575418042 0.817220917
1317401129.290468931 282.217478272 307.671393194 -9.976815219 -0.027531555 -0.015842116 -0.584626768 0.810680321
1317401129.394124985 282.465249693 306.980002090 -9.929669152 -0.026697744 -0.016620484 -0.591985140 0.805335076
1317401129.497755051 282.708818923 306.257913364 -9.873458341 -0.026053673 -0.017346887 -0.598058683 0.800840872
1317401129.601408005 282.927147947 305.559877578 -9.828708066 -0.025989004 -0.016919182 -0.603411480 0.796826768
1317401129.705063820 283.148776659 304.808474978 -9.781522536 -0.025492749 -0.016188173 -0.608037440 0.793333810
1317401129.808721066 283.356609290 304.083085298 -9.727508418 -0.024798566 -0.015503560 -0.612148798 0.790201569
1317401129.912424088 283.549215398 303.334198589 -9.679206955 -0.023509105 -0.015492581 -0.616058952 0.787196716
1317401130.016149998 283.744862716 302.542131899 -9.621098669 -0.023085281 -0.015707206 -0.619769133 0.784287304
1317401130.119853020 283.941179449 301.745339081 -9.572770393 -0.023441541 -0.015441431 -0.623621086 0.781222630
1317401130.223556042 284.109762869 300.940500453 -9.525100583 -0.023760062 -0.015567830 -0.626820682 0.778645577
1317401130.327281952 284.298319782 300.116765100 -9.471934987 -0.023857392 -0.015793118 -0.630341047 0.775790930
1317401130.431009054 284.493968851 299.274179971 -9.421507950 -0.022699674 -0.016796428 -0.633486431 0.773238351
1317401130.534737110 284.668683311 298.455694906 -9.367884429 -0.022644963 -0.016776097 -0.636261613 0.770958448
1317401130.638438940 284.850184352 297.576834732 -9.312205072 -0.021886781 -0.017203020 -0.639282626 0.768467793
1317401130.742141008 285.014883387 296.720073657 -9.250861082 -0.021826262 -0.016860496 -0.641700590 0.766459191
1317401130.845866919 285.164357386 295.879149703 -9.200582643 -0.021314278 -0.016786710 -0.643949211 0.764587027
1317401130.949594975 285.315183721 294.994890828 -9.143094590 -0.020491217 -0.017181189 -0.647246494 0.761811586
1317401131.053297997 285.471711654 294.100377319 -9.087085567 -0.019609054 -0.017921614 -0.649358060 0.760018691
1317401131.157000303 285.628097424 293.227304583 -9.022909925 -0.017985094 -0.019934167 -0.651027760 0.758578949
1317401131.260699987 285.778830251 292.329394551 -8.963777799 -0.017328455 -0.020807855 -0.652224762 0.757541826
1317401131.364403963 285.901238623 291.455865227 -8.908547457 -0.015898291 -0.021964513 -0.653022675 0.756852820
1317401131.468132019 286.029098972 290.543184669 -8.849014889 -0.015519060 -0.023596680 -0.653635983 0.756281929
1317401131.571835995 286.175046317 289.667653316 -8.780304723 -0.015448852 -0.026222114 -0.654322816 0.755602664
1317401131.675539017 286.334367009 288.737947557 -8.715769875 -0.016562296 -0.028130540 -0.654422135 0.755424405
1317401131.779240847 286.457437559 287.811518359 -8.661675102 -0.017387954 -0.028147353 -0.654113550 0.755672448
1317401131.882942915 286.571642292 286.956754214 -8.600865056 -0.016252109 -0.028085810 -0.653611924 0.756133923
1317401131.986673117 286.702474211 286.046636269 -8.534197399 -0.015254686 -0.027792646 -0.652835350 0.756836091
1317401132.090399027 286.848487316 285.167223526 -8.458510566 -0.013849853 -0.028675635 -0.651760383 0.757756090
1317401132.194098949 286.980987576 284.292237099 -8.387016328 -0.013386942 -0.029004348 -0.650702251 0.758660740
1317401132.297801971 287.117100629 283.382191960 -8.319162304 -0.012470677 -0.029754721 -0.648692110 0.760366810
1317401132.401505947 287.265343866 282.505983708 -8.247949481 -0.011950323 -0.029758683 -0.647399385 0.761475966
1317401132.505207062 287.423366776 281.599925239 -8.178675626 -0.011797671 -0.029482515 -0.644783610 0.763705239
1317401132.608956814 287.577624841 280.720254465 -8.099372727 -0.010566186 -0.030346167 -0.642574773 0.765548906
1317401132.712735891 287.737187951 279.865062962 -8.047215891 -0.011632965 -0.028940611 -0.639874271 0.767846360
1317401132.816510916 287.887109973 278.991822250 -7.974718554 -0.012004950 -0.027919154 -0.637585554 0.769779879
1317401132.920283079 288.056619182 278.118019058 -7.907365451 -0.011699877 -0.027897159 -0.635373750 0.771611987
1317401133.024058104 288.230199496 277.290527346 -7.844155041 -0.012495732 -0.027897799 -0.633327282 0.773280107
1317401133.127856016 288.406309396 276.385048705 -7.778285754 -0.012846750 -0.028317734 -0.632134587 0.774234416
1317401133.231678963 288.596728886 275.542004595 -7.715936149 -0.014112151 -0.027355693 -0.631072831 0.775112634
1317401133.335478067 288.785370543 274.647047241 -7.650946303 -0.013872276 -0.027345417 -0.630421283 0.775647339
1317401133.439277172 288.952121893 273.814488841 -7.586330926 -0.013863991 -0.027508935 -0.629905753 0.776060429
1317401133.543100119 289.141531922 272.931528011 -7.522693139 -0.014363478 -0.027131937 -0.629433114 0.776448004
1317401133.646921873 289.337840744 272.057604188 -7.458582380 -0.014912427 -0.026572084 -0.629156636 0.776681061
1317401133.750745058 289.514819365 271.248962586 -7.399363410 -0.015041441 -0.026034763 -0.629106670 0.776737243
1317401133.854569912 289.714429068 270.353577003 -7.335089283 -0.015166995 -0.025268947 -0.629068508 0.776790998
1317401133.958417892 289.904355679 269.494789232 -7.271824828 -0.015800795 -0.024395814 -0.629245227 0.776663134
1317401134.062288046 290.097583819 268.640788744 -7.203567496 -0.016503472 -0.024256337 -0.630289783 0.775805423
1317401134.166157961 290.273467116 267.805728385 -7.144975320 -0.017044330 -0.023909974 -0.631627995 0.774715354
1317401134.270028114 290.454823046 266.944484751 -7.081810057 -0.017278670 -0.023651072 -0.632871554 0.773702572
1317401134.373872995 290.635566287 266.071973111 -7.022245672 -0.017026690 -0.023537805 -0.634299564 0.772541343
1317401134.477720022 290.809819197 265.206007778 -6.953594551 -0.016191224 -0.024343723 -0.635729509 0.771358036
1317401134.581592083 290.985881724 264.325951072 -6.884744258 -0.015994742 -0.024868656 -0.637003356 0.770293738
1317401134.685440063 291.156091847 263.479536244 -6.830036258 -0.016065382 -0.024594088 -0.637836384 0.769611448
1317401134.789263964 291.320838133 262.617965469 -6.767522414 -0.015920730 -0.024045445 -0.638544949 0.769044014
1317401134.893085003 291.489433044 261.755169782 -6.707556183 -0.015964618 -0.023681330 -0.639202982 0.768507563
1317401134.996906996 291.665444475 260.888020642 -6.641752641 -0.015707883 -0.024329749 -0.639484593 0.768258277
1317401135.100707054 291.814805056 260.045508181 -6.579607034 -0.015314588 -0.024855650 -0.639237093 0.768455333
1317401135.204482079 291.979385907 259.177124243 -6.515970216 -0.014693313 -0.025470050 -0.638693819 0.768898945
1317401135.308254957 292.141710719 258.321937417 -6.452331566 -0.014607933 -0.026052937 -0.637936940 0.769509138
1317401135.412005901 292.316306913 257.471005494 -6.389410102 -0.014506007 -0.026517833 -0.636624205 0.770581599
1317401135.515758991 292.474084492 256.611075230 -6.327634210 -0.013364001 -0.027280794 -0.635281747 0.771682748
1317401135.619509935 292.644442051 255.764233072 -6.264762352 -0.012995812 -0.026640421 -0.633921518 0.772829157
1317401135.723258972 292.828581224 254.917460361 -6.203266498 -0.012772746 -0.025727876 -0.632441938 0.774075015
1317401135.827033043 293.017695723 254.079127580 -6.135847506 -0.012290705 -0.024851400 -0.631057846 0.775240183
1317401135.930809021 293.181618083 253.248243804 -6.082003731 -0.011601409 -0.023395414 -0.630164122 0.776022707
1317401136.034581900 293.379080919 252.402840902 -6.027361352 -0.011042755 -0.021900095 -0.629307490 0.776769288
1317401136.138356924 293.544093505 251.533818528 -5.958509829 -0.010870904 -0.021265978 -0.628647974 0.777323168
1317401136.242157936 293.734875371 250.708966112 -5.906316975 -0.011345872 -0.021320460 -0.628155203 0.777713154
1317401136.345978975 293.928103333 249.863644667 -5.850839899 -0.012409494 -0.021360663 -0.628043312 0.777786169
1317401136.449826002 294.099127171 249.030922961 -5.803706941 -0.012427063 -0.021630116 -0.628368744 0.777515548
1317401136.553672075 294.290733209 248.186101025 -5.747912766 -0.013301892 -0.021592050 -0.628443665 0.777441575
1317401136.657471895 294.466494543 247.351331773 -5.696046774 -0.013031067 -0.021853279 -0.628580349 0.777328355
1317401136.761271000 294.628719684 246.540586882 -5.642742305 -0.012888918 -0.021658569 -0.628730481 0.777214748
1317401136.865093946 294.829526311 245.678878595 -5.585165744 -0.013008741 -0.020990274 -0.628491207 0.777424584
1317401136.968892813 295.000715391 244.882840837 -5.531891490 -0.012660517 -0.020766938 -0.628241902 0.777637807
1317401137.072691917 295.177526216 244.066071753 -5.479442370 -0.013354379 -0.020027579 -0.627961100 0.777872363
1317401137.176537037 295.358026458 243.219830480 -5.426473341 -0.013987901 -0.019979609 -0.627967430 0.777857353
1317401137.280383348 295.526552094 242.426363611 -5.370861228 -0.013932116 -0.020319953 -0.628079782 0.777758820
1317401137.384229898 295.714049430 241.602923964 -5.318863194 -0.013870400 -0.020584985 -0.627851859 0.777936960
1317401137.488076687 295.893912645 240.769780827 -5.268076847 -0.013693492 -0.020751267 -0.627157764 0.778495351
1317401137.591923952 296.083614148 239.975859707 -5.218126326 -0.014397918 -0.020744608 -0.625912653 0.779484260
1317401137.695795059 296.275724758 239.142228432 -5.163513996 -0.013870666 -0.021313794 -0.624808071 0.780364146
1317401137.799665928 296.467690325 238.329345787 -5.110071963 -0.015453945 -0.020620088 -0.623710314 0.781230716
1317401137.903537035 296.647479615 237.555574102 -5.060364722 -0.016410499 -0.020318999 -0.622915815 0.781852749
1317401138.007409096 296.858463330 236.657114149 -5.001704268 -0.016295922 -0.020681854 -0.622171985 0.782437682
1317401138.111279011 297.071120009 235.809944075 -4.948037453 -0.016787547 -0.020256577 -0.621335219 0.783103055
1317401138.215173006 297.261733572 234.986559554 -4.895783574 -0.017475473 -0.019703344 -0.620609338 0.783677507
1317401138.319068909 297.481410193 234.130096890 -4.844898696 -0.017451439 -0.020196245 -0.619942269 0.784193307
1317401138.422962904 297.668741940 233.323205567 -4.788718571 -0.019547784 -0.019825887 -0.619587380 0.784433743
1317401138.526881933 297.912509317 232.379638889 -4.733680711 -0.020476792 -0.020703905 -0.619162032 0.784723153
1317401138.630822897 298.106536950 231.599276081 -4.674629812 -0.021788088 -0.020276622 -0.618979580 0.784842925
1317401138.734765053 298.324894230 230.721424460 -4.619391154 -0.021880339 -0.019418909 -0.619286285 0.784620070
1317401138.838710070 298.536774842 229.865921773 -4.562190924 -0.022303981 -0.018157600 -0.620235651 0.783888111
1317401138.942676067 298.750455762 228.961634599 -4.495604222 -0.023218904 -0.017019921 -0.621348420 0.783005330
1317401139.046618223 298.963940290 228.102300330 -4.437567200 -0.023920344 -0.017301988 -0.622467855 0.782088376
1317401139.150585890 299.194710304 227.135928901 -4.366489702 -0.024802941 -0.018032060 -0.624073662 0.780763551
1317401139.254580021 299.410130049 226.239469880 -4.314828783 -0.025308065 -0.017884063 -0.626295813 0.778969330
1317401139.358568907 299.616647354 225.296661376 -4.248736710 -0.025371842 -0.017344374 -0.628999230 0.776798179
1317401139.462579966 299.812823403 224.398627682 -4.188454446 -0.024834071 -0.017299141 -0.631664397 0.774650953
1317401139.566570997 300.006030193 223.553794830 -4.127031313 -0.024894511 -0.016765114 -0.634332874 0.772477184
1317401139.670538902 300.207342951 222.490646678 -4.055576308 -0.024152202 -0.017160056 -0.636744835 0.770505171
1317401139.774482012 300.388822778 221.552572080 -3.987146951 -0.023608499 -0.017292656 -0.639084364 0.768579715
1317401139.878398895 300.563555946 220.640866652 -3.923613800 -0.022929750 -0.017304650 -0.640685824 0.767265567
1317401139.982299089 300.753046633 219.690497398 -3.861924021 -0.022072416 -0.016831051 -0.641743737 0.766416663
1317401140.086170912 300.915556179 218.787750770 -3.793628227 -0.020556632 -0.017037629 -0.642791801 0.765575499
1317401140.190040112 301.093442268 217.789955758 -3.721360476 -0.020190889 -0.016896679 -0.643545217 0.764955151
1317401140.293910980 301.244194022 216.982121769 -3.666548300 -0.020543812 -0.016818185 -0.644070997 0.764504841
1317401140.397753954 301.435269485 215.952872298 -3.599642430 -0.020712866 -0.016550675 -0.645015347 0.763709535
1317401140.501604080 301.593477691 215.059407395 -3.542628314 -0.020363422 -0.016563932 -0.645523167 0.763289465
1317401140.605477095 301.754083029 214.125859443 -3.477647583 -0.019906058 -0.016304007 -0.646296564 0.762652397
1317401140.709343910 301.912332587 213.215252473 -3.417499227 -0.019012673 -0.016749808 -0.646811120 0.762229189
1317401140.813213110 302.070173709 212.330027493 -3.348925275 -0.019260581 -0.017010729 -0.647696444 0.761465023
1317401140.917083979 302.209524979 211.461202761 -3.292207173 -0.019227380 -0.016727735 -0.648792882 0.760538156
1317401141.020977974 302.368272389 210.483761166 -3.230079113 -0.018524466 -0.017114197 -0.650411445 0.759163290
1317401141.124874353 302.505213145 209.652346869 -3.171054523 -0.018275595 -0.017122945 -0.651833548 0.757948437
1317401141.228744984 302.651548316 208.713088515 -3.109363440 -0.017771774 -0.018302955 -0.652986160 0.756940051
1317401141.332638025 302.801964705 207.789784578 -3.044412037 -0.017361927 -0.020037378 -0.654227358 0.755833071
1317401141.436533928 302.914982837 207.023897963 -2.996686382 -0.017155573 -0.020940500 -0.655295363 0.754887521
1317401141.540380001 303.062379951 206.034079672 -2.935343353 -0.016273095 -0.020406862 -0.655911064 0.754386785
1317401141.644226074 303.175401991 205.225197444 -2.885756398 -0.014310297 -0.019798766 -0.655977927 0.754384639
1317401141.748073101 303.247885988 204.518201324 -2.828011906 -0.012864840 -0.020388996 -0.656045332 0.754336335
1317401141.851870060 303.422728721 203.505147983 -2.753201300 -0.011863755 -0.022555094 -0.655069813 0.755138437
1317401141.955646992 303.563946531 202.617849155 -2.697771619 -0.012602550 -0.022918394 -0.653850671 0.756171424
1317401142.059421301 303.681738797 201.782923065 -2.645238384 -0.011239080 -0.023992412 -0.652259512 0.757532558
1317401142.163175106 303.833063571 200.863183121 -2.585429841 -0.011070835 -0.023833618 -0.649978746 0.759497877
1317401142.266926050 303.969728657 200.002281405 -2.528780525 -0.009761939 -0.024239235 -0.647179862 0.761889356
1317401142.370721102 304.122876557 199.129062129 -2.474149784 -0.009783729 -0.023235496 -0.644275655 0.764377701
1317401142.474541903 304.262320135 198.272934482 -2.426232795 -0.009378101 -0.021557254 -0.641462212 0.766794345
1317401142.578366041 304.439726180 197.348305299 -2.367722337 -0.007884133 -0.021186547 -0.638457924 0.769324671
1317401142.682166100 304.581357784 196.604217712 -2.315246604 -0.007933943 -0.021509300 -0.635067543 0.772116325
1317401142.785965919 304.771981451 195.710072955 -2.262379103 -0.007055782 -0.022984389 -0.631966937 0.774622311
1317401142.889765024 304.948367763 194.842291498 -2.215118340 -0.008078569 -0.023136936 -0.628568921 0.777367693
1317401142.993540049 305.128537287 193.970597629 -2.169734461 -0.009493826 -0.021440630 -0.625767805 0.779656861
1317401143.097340107 305.337075021 193.128976237 -2.114824628 -0.009049694 -0.021263123 -0.622204659 0.782513479
1317401143.201138020 305.533001649 192.270363866 -2.064239141 -0.009904084 -0.020119148 -0.619004371 0.785067333
1317401143.304936886 305.782292973 191.339197324 -2.011565449 -0.010825405 -0.019071587 -0.616006528 0.787435739
1317401143.408760071 305.990331885 190.529753582 -1.963723156 -0.012403174 -0.017858053 -0.613764902 0.789189392
1317401143.512606859 306.207240392 189.657484879 -1.916016803 -0.014999532 -0.016305152 -0.612732085 0.789980093
1317401143.616477013 306.442117171 188.755845936 -1.862941889 -0.015551486 -0.015742341 -0.611934817 0.790598577
1317401143.720347881 306.692618252 187.871174548 -1.815302600 -0.016622077 -0.014680265 -0.611076432 0.791260887
1317401143.824219942 306.913504374 187.027761750 -1.766087077 -0.016260515 -0.014356112 -0.610529737 0.791696241
1317401143.928088903 307.157047085 186.133837755 -1.711731533 -0.016723587 -0.013899424 -0.609956296 0.792136632
1317401144.031981707 307.399676073 185.259826519 -1.654969171 -0.016244059 -0.013708497 -0.609769357 0.792293846
1317401144.135904074 307.642427236 184.383372377 -1.609251784 -0.018031809 -0.012058278 -0.610087157 0.792037318
1317401144.239845037 307.882869036 183.513344778 -1.565700192 -0.019729792 -0.010649538 -0.611287930 0.791090633
1317401144.343788147 308.124197313 182.641692278 -1.507693364 -0.021002651 -0.010331371 -0.613048686 0.789698335
1317401144.447731018 308.360234354 181.769640239 -1.465653613 -0.021391557 -0.010172705 -0.615310451 0.787928910
1317401144.551721334 308.575973329 180.875780024 -1.411636549 -0.021754595 -0.010448284 -0.618136449 0.785700262
1317401144.655689001 308.800691869 180.013808523 -1.361775853 -0.021966140 -0.010895575 -0.621299073 0.783189784
1317401144.759630919 309.021068738 179.133628699 -1.311677853 -0.022597017 -0.011034043 -0.624160050 0.780891706
1317401144.863598108 309.226446116 178.235139782 -1.257800340 -0.022917553 -0.011534101 -0.627454182 0.778230686
1317401144.967564106 309.428798690 177.391100095 -1.202741923 -0.023035948 -0.012196408 -0.631160446 0.775214218
1317401145.071529865 309.609984168 176.501464776 -1.151610585 -0.023785901 -0.012589702 -0.635104059 0.771957618
1317401145.175497055 309.801496590 175.656692798 -1.093850625 -0.024289500 -0.012372909 -0.639114434 0.768628435
1317401145.279463053 309.964815971 174.766600640 -1.046076605 -0.023534343 -0.012011278 -0.643063091 0.765357253
1317401145.383407116 310.110421895 173.894644094 -0.989356629 -0.023058319 -0.011502067 -0.647231897 0.761857524
1317401145.487349987 310.252111211 173.043241300 -0.929069066 -0.021192990 -0.012549568 -0.651242183 0.758470161
1317401145.591291904 310.395169157 172.162785303 -0.875250225 -0.021111027 -0.013417055 -0.654913516 0.755289742
1317401145.695209026 310.525429226 171.319307997 -0.820029403 -0.019563832 -0.015066830 -0.658556062 0.752126425
1317401145.799127102 310.642065204 170.436611961 -0.767008535 -0.018217771 -0.016314335 -0.661482832 0.749561484
1317401145.902998924 310.743934906 169.600517751 -0.711674832 -0.016234454 -0.017692659 -0.663626658 0.747678454
1317401146.006820917 310.850684266 168.758611114 -0.655523457 -0.014292277 -0.018294500 -0.665078134 0.746412833
1317401146.110646009 310.961620361 167.881165516 -0.603059995 -0.012100056 -0.018784614 -0.666232999 0.745408826
1317401146.214467049 311.051698336 167.051105618 -0.545888687 -0.010319573 -0.019540652 -0.667067549 0.744669426
1317401146.318289995 311.151269543 166.232534312 -0.496681887 -0.008902166 -0.020496076 -0.667474604 0.744297195
1317401146.422091007 311.241716447 165.415846751 -0.442086593 -0.007734707 -0.021815708 -0.667634497 0.744129309
1317401146.525866032 311.326497509 164.653783460 -0.395215768 -0.006754998 -0.022414655 -0.667429625 0.744304809
1317401146.629642010 311.404142115 163.914756751 -0.351685178 -0.005621479 -0.022880163 -0.667172612 0.744530458
1317401146.733417034 311.486996743 163.176340358 -0.303430232 -0.004785457 -0.023373586 -0.666788267 0.744865210
1317401146.837188959 311.565711405 162.466060033 -0.259700756 -0.003930073 -0.023755893 -0.666438890 0.745170731
1317401146.940965891 311.636797548 161.787833266 -0.217722763 -0.002835148 -0.024305209 -0.666201768 0.745369991
1317401147.044761896 311.717905307 161.107639957 -0.173165820 -0.002052961 -0.024856392 -0.665869614 0.745651127
1317401147.148560047 311.786192541 160.488034545 -0.141163212 -0.001544046 -0.024707702 -0.665698404 0.745810150
1317401147.252335072 311.864886808 159.871988509 -0.096607487 -0.000609309 -0.025060831 -0.665430185 0.746039042
1317401147.356108904 311.924833050 159.278778852 -0.060787792 -0.000138736 -0.025367270 -0.665041223 0.746375679
1317401147.459884882 312.009285579 158.719436601 -0.026601302 0.000103830 -0.025946201 -0.664639054 0.746713942
1317401147.563637018 312.071008651 158.158737347 0.007838537 0.000497349 -0.027550599 -0.663688753 0.747501141
1317401147.667365074 312.133919974 157.635744902 0.040464982 0.000577237 -0.028944870 -0.662402006 0.748588969
1317401147.771090031 312.198642824 157.120629110 0.073214378 0.000191135 -0.029525021 -0.660404574 0.750329285
1317401147.874814034 312.262908366 156.642816017 0.096682866 0.001657705 -0.030008482 -0.657898482 0.752506698
1317401147.978518009 312.333661361 156.176326841 0.118152441 0.002845261 -0.029001608 -0.654767155 0.755268683
1317401148.082196951 312.387633885 155.713774690 0.151681779 0.004592312 -0.029262059 -0.650157564 0.759221828
1317401148.185852051 312.478013796 155.276802179 0.186944163 0.005690565 -0.030726915 -0.644285925 0.764146008
1317401148.289484024 312.556516697 154.843409667 0.221485151 0.005063087 -0.031480643 -0.636590124 0.770542892
1317401148.393090010 312.644082223 154.429345723 0.251688168 0.002950651 -0.031387572 -0.627000181 0.778380939
1317401148.496696949 312.771158883 154.031548847 0.269440485 0.001163223 -0.031805524 -0.615121888 0.787789387
1317401148.600352049 312.874791273 153.632867235 0.283108811 -0.000504866 -0.031493014 -0.601229972 0.798455043
1317401148.704004049 313.002458867 153.248363404 0.302940237 -0.001734878 -0.030135751 -0.586335702 0.809505572
1317401148.807660103 313.121925890 152.864176657 0.326369972 -0.002547104 -0.027628473 -0.569963260 0.821201597
1317401148.911365986 313.282727756 152.500722804 0.352186651 -0.003864479 -0.024484957 -0.553400471 0.832546378
1317401149.015068054 313.451195810 152.149819604 0.380608301 -0.004800590 -0.021257324 -0.536252804 0.843776043
1317401149.118771315 313.619466301 151.822311981 0.412680910 -0.006727579 -0.018294134 -0.518281112 0.854988160
1317401149.222520113 313.799487378 151.483658088 0.436162688 -0.009214465 -0.016630589 -0.499697472 0.865991313
1317401149.326270103 313.990358481 151.185894074 0.445911622 -0.011078293 -0.016209728 -0.481198322 0.876391859
1317401149.430011034 314.201961065 150.889681766 0.461899303 -0.011804295 -0.015626439 -0.461801854 0.886766892
1317401149.533739090 314.414417827 150.585126881 0.482021861 -0.011816102 -0.014658305 -0.442648818 0.896497372
1317401149.637475014 314.642132443 150.309253163 0.502261715 -0.012958802 -0.012986692 -0.423345704 0.905782441
1317401149.741225958 314.879084020 150.032557052 0.518644615 -0.014432431 -0.012149375 -0.403778277 0.914662342
1317401149.844979048 315.130440753 149.763829155 0.534073929 -0.016320668 -0.012051168 -0.383465704 0.923332258
1317401149.948753119 315.404328552 149.505385218 0.539632781 -0.016955586 -0.012495086 -0.362737867 0.931653165
1317401150.052500963 315.701035159 149.252459425 0.552366517 -0.015736222 -0.013636992 -0.341159299 0.939774833
1317401150.156229019 316.014571364 149.005206764 0.574868380 -0.013714807 -0.014459708 -0.318517512 0.947707453
1317401150.259979963 316.339073441 148.771317755 0.603590360 -0.013438834 -0.014928802 -0.295423032 0.955155360
1317401150.363730907 316.689268349 148.543696946 0.619852105 -0.015468008 -0.014149200 -0.271479045 0.962216020
1317401150.467458010 317.062173346 148.312913642 0.627624493 -0.018539559 -0.012500638 -0.246361545 0.968920021
1317401150.571186066 317.464202157 148.113924491 0.616632908 -0.019611776 -0.011029676 -0.221638769 0.974869212
1317401150.674936056 317.883407218 147.889794686 0.639377951 -0.017167633 -0.010371224 -0.197308282 0.980136293
1317401150.778733015 318.337961736 147.705889798 0.665553634 -0.014482675 -0.008970037 -0.173434188 0.984698113
1317401150.882580042 318.820948304 147.544510684 0.693472232 -0.013511381 -0.005660285 -0.150763607 0.988461299
1317401150.986474991 319.320830288 147.383457426 0.702506225 -0.014576304 -0.003356688 -0.128761260 0.991562808
1317401151.090418100 319.860556256 147.248835749 0.701991239 -0.015157194 -0.002118703 -0.108567493 0.993971262
1317401151.194360971 320.454909684 147.126895561 0.699344519 -0.013774449 -0.000167452 -0.089596307 0.995882894
1317401151.298304081 321.057830677 147.016430609 0.710605962 -0.009238569 0.002173554 -0.070813085 0.997444450
1317401151.402296066 321.657302986 146.925150720 0.717540400 -0.005532222 0.003150725 -0.052445642 0.998603486
1317401151.506283998 322.305268011 146.861305830 0.727088836 -0.003287193 0.002321226 -0.033876170 0.999417936
1317401151.610253096 322.957099464 146.808734002 0.728895613 -0.001325471 0.001075008 -0.015713231 0.999875083
1317401151.714268923 323.633234303 146.787469699 0.735356248 -0.001446077 -0.001158180 0.001252020 0.999997500
1317401151.818305969 324.298872292 146.792028703 0.724249571 -0.002822524 -0.001845820 0.017281677 0.999844973
1317401151.922366858 325.051310277 146.822514732 0.721737056 -0.003506278 -0.000291248 0.031128977 0.999509184
1317401152.026478052 325.785032176 146.866649067 0.720076357 -0.003856566 0.003239808 0.044111595 0.999013913
1317401152.130589008 326.550976023 146.934792752 0.723341499 -0.003397077 0.006355337 0.055895747 0.998410604
1317401152.234724045 327.319395762 147.020382581 0.718734985 -0.004244915 0.007993320 0.065900148 0.997785176
1317401152.338882923 328.110756856 147.128620994 0.718313247 -0.003511225 0.008133991 0.074890175 0.997152431
1317401152.443017960 328.924148313 147.237950821 0.716545926 -0.003084247 0.006233674 0.082860219 0.996536910
1317401152.547152996 329.755520475 147.381769138 0.700470550 -0.002517484 0.005247271 0.089580726 0.995962561
1317401152.651335955 330.606422084 147.542627747 0.687043918 -0.004188679 0.005213217 0.095040100 0.995450982
1317401152.755542040 331.453729082 147.703597778 0.663291253 -0.005223857 0.007963027 0.098693009 0.995072355
1317401152.859747887 332.375296938 147.892873056 0.661360914 -0.005487323 0.011256538 0.101401172 0.994766798
1317401152.964001894 333.248177334 148.071785989 0.645699283 -0.006869489 0.012527884 0.102347258 0.994646118
1317401153.068281889 334.161913681 148.272286678 0.648838433 -0.007349158 0.010837477 0.101570732 0.994742140
1317401153.172537088 335.084789623 148.457011310 0.629892219 -0.006251760 0.007792588 0.099999056 0.994937375
1317401153.276767969 336.037540493 148.648288273 0.603748653 -0.007575107 0.006344999 0.097967303 0.995140576
1317401153.380975962 336.988602369 148.849681226 0.594521322 -0.007024385 0.007163437 0.095835859 0.995346589
1317401153.485181093 337.922337971 149.020674836 0.589873481 -0.006815398 0.007201972 0.093801698 0.995541523
1317401153.589361906 338.882800935 149.204568297 0.591505690 -0.005843587 0.006104825 0.090996493 0.995815355
1317401153.693496943 339.852980158 149.394225492 0.572521624 -0.008645195 0.005907989 0.087821144 0.996081223
1317401153.797609329 340.831483693 149.571313837 0.568629936 -0.007576106 0.008850359 0.084659974 0.996341790
1317401153.901695967 341.786698171 149.744120076 0.545595117 -0.007422012 0.013958639 0.081534461 0.996545133
1317401154.005733967 342.768882249 149.916187103 0.559292093 -0.004149619 0.016496184 0.079184303 0.996714855
1317401154.109750986 343.730859290 150.075697917 0.550949462 -0.002066592 0.014518272 0.077515291 0.996883307
1317401154.213768959 344.650713285 150.227691543 0.545201300 -0.002110601 0.010114457 0.076265260 0.997034028
1317401154.317759991 345.628735218 150.377307078 0.521644698 -0.004366621 0.007591972 0.074702237 0.997167423
1317401154.421724081 346.582733980 150.531220105 0.496176626 -0.006454020 0.008891995 0.073237439 0.997254008
1317401154.525690079 347.545637982 150.675447997 0.492377289 -0.008577798 0.010144230 0.072206626 0.997301218
1317401154.629631042 348.497948022 150.823844207 0.491200209 -0.010412673 0.010413227 0.071753163 0.997313704
1317401154.733550072 349.445522462 150.974211453 0.487477045 -0.010314939 0.008578828 0.071968438 0.997316675
1317401154.837445974 350.397782981 151.108915734 0.464224756 -0.009839907 0.007399491 0.072469847 0.997294613
1317401154.941315889 351.345953352 151.254172388 0.474823285 -0.008948527 0.007777040 0.073977415 0.997189442
1317401155.045186043 352.295865745 151.404101650 0.459532858 -0.008096008 0.009732967 0.075251676 0.997084204
1317401155.149055958 353.235908297 151.541728947 0.460888080 -0.006249137 0.011061787 0.077067555 0.996944922
1317401155.252928019 354.150466870 151.693866573 0.455632381 -0.005056611 0.011032568 0.078839689 0.996813431
1317401155.356797934 355.078217391 151.849341335 0.456505832 -0.004687670 0.010177701 0.080326393 0.996705629
1317401155.460669041 356.003669034 151.996581194 0.431807554 -0.005057983 0.011164222 0.081572739 0.996592025
1317401155.564564943 356.900085028 152.144077769 0.429621066 -0.004996255 0.012878604 0.083021204 0.996452035
1317401155.668461084 357.766756368 152.309310240 0.430274381 -0.002697409 0.013060801 0.084965621 0.996294626
1317401155.772332907 358.642291080 152.456543667 0.428315259 -0.002243895 0.011392463 0.086143054 0.996215113
1317401155.876178026 359.488288570 152.609534541 0.424182162 -0.003310581 0.009570991 0.087228240 0.996136873
1317401155.980026007 360.270617096 152.752511543 0.396343895 -0.004142333 0.010001150 0.088493400 0.996017940
1317401156.083873034 361.075728353 152.900700490 0.402746514 -0.003748808 0.011070279 0.089967393 0.995876129
1317401156.187717915 361.858617198 153.044767473 0.405104852 -0.002530285 0.011768841 0.091586224 0.995724387
1317401156.291539907 362.613295567 153.194990908 0.402396108 -0.003012377 0.011731787 0.093906085 0.995507377
1317401156.395339012 363.334322605 153.334915650 0.394421941 -0.003575239 0.012329673 0.096331473 0.995266519
1317401156.499161005 364.046685474 153.478330314 0.395977518 -0.004648726 0.012921211 0.099110600 0.994981668
1317401156.602961063 364.698183912 153.616989909 0.389229002 -0.004683513 0.013732324 0.102111215 0.994667174
1317401156.706758976 365.369424067 153.763094458 0.381989105 -0.005197878 0.014746613 0.105753237 0.994269467
1317401156.810555935 365.987258699 153.888513610 0.386631181 -0.005439764 0.014899401 0.109602031 0.993848988
1317401156.914330006 366.584713181 154.032019589 0.371147718 -0.005587977 0.015155033 0.115264392 0.993203514
1317401157.018059015 367.162017910 154.161483158 0.370181428 -0.005354512 0.015446326 0.122083429 0.992385196
1317401157.121762037 367.681047166 154.300789323 0.367828056 -0.004442747 0.014858822 0.130205463 0.991365732
1317401157.225486040 368.229399340 154.442599742 0.358544578 -0.005282272 0.013947716 0.139768980 0.990071811
1317401157.329189777 368.741434338 154.601418009 0.361403115 -0.006023196 0.012550922 0.150213098 0.988555623
1317401157.432893991 369.246289524 154.756162669 0.337022473 -0.007252929 0.011054229 0.162285197 0.986655317
1317401157.536597967 369.731773378 154.946568827 0.324339968 -0.006848746 0.011303570 0.175679410 0.984358709
1317401157.640281200 370.230744278 155.103186186 0.322503733 -0.007377968 0.012069343 0.190826743 0.981521804
1317401157.743958950 370.706774865 155.320483900 0.314900287 -0.008837105 0.012859832 0.206212578 0.978382800
1317401157.847608089 371.131801590 155.520043505 0.310317612 -0.010976310 0.013880895 0.222530143 0.974765191
1317401157.951261997 371.598857022 155.757963784 0.306649394 -0.012927149 0.014905523 0.240662195 0.970408379
1317401158.054943085 372.004713023 156.060049879 0.287684712 -0.014502289 0.014842306 0.257432793 0.966073365
1317401158.158623934 372.334712779 156.293329335 0.271507526 -0.017464341 0.015296038 0.277697929 0.960387884
1317401158.262301922 372.861293425 156.616979490 0.254244450 -0.021259503 0.016537079 0.299729717 0.953643883
1317401158.366003036 373.253324670 156.906613257 0.241684174 -0.023259055 0.017796750 0.319349195 0.947184451
1317401158.469728947 373.595477503 157.215936135 0.223483171 -0.023685561 0.018627109 0.339694293 0.940053090
1317401158.573456049 374.028330156 157.548343439 0.212453062 -0.023335951 0.018937929 0.359693642 0.932586335
1317401158.677182913 374.375728632 157.896707033 0.188685186 -0.023754540 0.019186100 0.380133683 0.924427389
1317401158.780909061 374.713400026 158.237857337 0.163323465 -0.025552346 0.019908011 0.400913771 0.915542952
1317401158.884634972 375.055013618 158.637834226 0.129504853 -0.026291651 0.021338181 0.421768766 0.906070935
1317401158.988365173 375.385994752 159.055358521 0.097204444 -0.025866088 0.023440582 0.442906873 0.895887820
1317401159.092068911 375.695585608 159.477343399 0.077724725 -0.024087424 0.025202910 0.464378573 0.884950366
1317401159.195746899 376.001831777 159.929282723 0.064027327 -0.022159192 0.025152607 0.486440302 0.873070529
1317401159.299424887 376.292972855 160.417750347 0.020664375 -0.020090449 0.023962245 0.508730527 0.860357737
1317401159.403103113 376.559244284 160.905870127 -0.021877571 -0.017383974 0.022798229 0.531177974 0.846775058
1317401159.506782055 376.783151907 161.435912827 -0.044978611 -0.014880052 0.021719534 0.553778710 0.832247551
1317401159.610510111 377.011737182 161.963042491 -0.088042569 -0.014802400 0.020617574 0.576031566 0.817033316
1317401159.714282990 377.176974106 162.532428609 -0.118893550 -0.016171087 0.020924842 0.597363045 0.801534802
1317401159.818056107 377.348556077 163.103340803 -0.160837506 -0.016881985 0.021706282 0.617891097 0.785782685
1317401159.921855927 377.462805924 163.707972212 -0.179582997 -0.017835489 0.022853894 0.637491323 0.769911948
1317401160.025725842 377.592138644 164.320816018 -0.218399603 -0.018857651 0.023782180 0.655312042 0.754748252
1317401160.129668951 377.633643111 164.959902884 -0.240409699 -0.019717648 0.023964995 0.671951902 0.739944278
1317401160.233661890 377.729162389 165.602934083 -0.278742139 -0.019470534 0.022878484 0.687486873 0.725575132
1317401160.337702990 377.763941714 166.260756820 -0.316845712 -0.018781828 0.021348998 0.701119999 0.712476112
1317401160.441787958 377.710508101 166.925842269 -0.368066909 -0.018459640 0.021112729 0.713087661 0.700513727
1317401160.545945883 377.728028895 167.626735032 -0.403831310 -0.018929658 0.021539413 0.722959632 0.690294932
1317401160.650177002 377.746857939 168.359192054 -0.444285187 -0.019843261 0.023001533 0.730957617 0.681746387
1317401160.754456043 377.645927648 169.070565096 -0.478526464 -0.020783502 0.024974905 0.736653294 0.675489619
1317401160.858758926 377.589694216 169.841941037 -0.517126867 -0.020977144 0.026222857 0.742016166 0.669540388
1317401160.963094950 377.535450412 170.613553576 -0.557934222 -0.021111622 0.026546869 0.744962139 0.666243931
1317401161.067445993 377.423880148 171.385347058 -0.602658632 -0.020802042 0.026679091 0.747535928 0.663359282
1317401161.171761990 377.362507525 172.147248347 -0.647092360 -0.020325860 0.026442209 0.748352728 0.662461971
1317401161.276066065 377.234303152 172.949223151 -0.699820019 -0.020710330 0.026279911 0.749137917 0.661568462
1317401161.380369902 377.117760900 173.774217699 -0.746533959 -0.020676830 0.026657872 0.749200511 0.661483500
1317401161.484622955 377.030425063 174.588650936 -0.798173755 -0.020243160 0.027483774 0.748896977 0.661806750
1317401161.588829041 376.894947436 175.443343412 -0.847131938 -0.019268874 0.028381253 0.748755142 0.661958422
1317401161.693037033 376.807798792 176.263901221 -0.891394388 -0.018794521 0.028804178 0.747785779 0.663048652
1317401161.797219038 376.687299976 177.153557639 -0.949232601 -0.018435433 0.029674166 0.748128590 0.662633527
1317401161.901352882 376.578751173 178.017281234 -1.001084023 -0.018233277 0.030844828 0.747911213 0.662831020
1317401162.005464077 376.460095279 178.913105853 -1.051655857 -0.017347563 0.032341937 0.747822940 0.662883030
1317401162.109575987 376.356284766 179.814987469 -1.103912196 -0.016357609 0.033306232 0.747710981 0.662986736
1317401162.213660002 376.243686645 180.721233124 -1.164654735 -0.016058473 0.033749083 0.747650522 0.663039834
1317401162.317723989 376.123722394 181.667212680 -1.222767523 -0.014887612 0.035168928 0.747686107 0.662953235
1317401162.421761990 376.002098718 182.615867454 -1.284054511 -0.014902375 0.035584222 0.747708010 0.662906037
1317401162.525778294 375.916754456 183.568710251 -1.338655455 -0.013353442 0.037091411 0.747341415 0.663269721
1317401162.629768848 375.784548468 184.500849832 -1.399274689 -0.012225371 0.037567842 0.747628808 0.662940694
1317401162.733736038 375.647286465 185.504393050 -1.456656619 -0.010367774 0.038198022 0.748320707 0.662155224
1317401162.837680101 375.529077706 186.465668534 -1.519946584 -0.010162750 0.038072855 0.749092125 0.661292798
1317401162.941597939 375.397654434 187.451420806 -1.588540487 -0.010424668 0.039273639 0.750132474 0.660038013
1317401163.045492887 375.277445980 188.485188084 -1.649373106 -0.011199778 0.041316664 0.751547172 0.658288953
1317401163.149363041 375.119482665 189.512883112 -1.707867920 -0.010704720 0.043385762 0.753472476 0.655959078
1317401163.253210068 374.974870315 190.571340472 -1.770038137 -0.010292845 0.043321738 0.755712267 0.653388288
1317401163.357057095 374.818529972 191.623885847 -1.845980801 -0.010640233 0.043040548 0.758036147 0.650703847
1317401163.460926056 374.650399279 192.670206197 -1.921453952 -0.012016963 0.043601913 0.760391305 0.647888516
1317401163.564798117 374.466869033 193.726172691 -1.992055816 -0.014191407 0.044207957 0.762664764 0.645125350
1317401163.668669939 374.289280031 194.799529360 -2.058713117 -0.013701823 0.044234444 0.765077791 0.642270619
1317401163.772515059 374.081979202 195.848639918 -2.113780447 -0.011414197 0.042507522 0.767615875 0.639397134
1317401163.876362085 373.901110919 196.902108304 -2.184856160 -0.009481101 0.040323294 0.769754752 0.636994319
1317401163.980232954 373.664379103 197.965859005 -2.257322506 -0.009972057 0.039650999 0.772397048 0.633822653
1317401164.084103823 373.450321447 198.999967512 -2.318360756 -0.010258527 0.040735576 0.774618957 0.631031574
1317401164.187973976 373.223678705 200.061555088 -2.370342788 -0.010496723 0.040938282 0.776808031 0.628317722
1317401164.291845083 373.014814920 201.092677366 -2.431828043 -0.010799805 0.040696699 0.778786511 0.625874360
1317401164.395716906 372.771559326 202.131222773 -2.492632846 -0.011165168 0.040414674 0.781030617 0.623083597
1317401164.499587059 372.526851659 203.173900313 -2.546165342 -0.012058294 0.039625398 0.782897636 0.620770261
1317401164.603458166 372.288245456 204.207864693 -2.598931925 -0.013025294 0.039591361 0.784468546 0.618766487
1317401164.707329035 372.030593019 205.236937816 -2.650176656 -0.013182071 0.041161294 0.785742684 0.617041664
1317401164.811248779 371.778196542 206.251253186 -2.712774976 -0.013308069 0.041849415 0.786707348 0.615762186
1317401164.915215015 371.535261627 207.234740235 -2.767523652 -0.015006663 0.038726004 0.787308054 0.615159430
1317401165.019181967 371.271078014 208.233913585 -2.821805867 -0.014867194 0.037465159 0.787471993 0.615031047
1317401165.123147011 371.029618881 209.198711384 -2.888769324 -0.017611559 0.036084578 0.787561000 0.614927156
1317401165.227113962 370.783880675 210.124050609 -2.954113619 -0.020774727 0.036443270 0.787856748 0.614428224
1317401165.331083059 370.536159207 211.087951214 -2.989875404 -0.019596061 0.038937383 0.787705121 0.614508354
1317401165.435048103 370.304991964 211.992948682 -3.035051688 -0.019088391 0.037588524 0.787858299 0.614411944
1317401165.539015055 370.087726409 212.877689213 -3.091028894 -0.019579370 0.035766575 0.788108531 0.614184291
1317401165.643007040 369.854660583 213.731844654 -3.151099764 -0.021025837 0.034788485 0.787656142 0.614772704
1317401165.747021914 369.647396527 214.564804455 -3.196939611 -0.023090884 0.033463591 0.786763998 0.615913477
1317401165.851036072 369.441739324 215.383982177 -3.247192650 -0.023769009 0.032149928 0.785653652 0.617373271
1317401165.955049992 369.230364160 216.241658722 -3.291019095 -0.022854469 0.031391089 0.784461094 0.618961279
1317401166.059063911 369.038353267 217.029159382 -3.340088644 -0.022249838 0.030473430 0.783178052 0.620651637
1317401166.163079977 368.828807627 217.848108795 -3.393621335 -0.021591846 0.031130587 0.782063657 0.622045911
1317401166.267095089 368.626086852 218.690265435 -3.446650318 -0.022537500 0.030324231 0.781200725 0.623135563
1317401166.371085882 368.434966643 219.481744224 -3.498344863 -0.022618000 0.030802114 0.780440727 0.624060836
1317401166.475075722 368.247187959 220.314517247 -3.539574384 -0.021464965 0.031441481 0.779541433 0.625192645
1317401166.579067945 368.065091625 221.102582885 -3.583681898 -0.020636241 0.030907654 0.778528219 0.626508319
1317401166.683058023 367.870727421 221.921609654 -3.635960283 -0.022210557 0.027863827 0.777509382 0.627861020
1317401166.787096024 367.703374144 222.710965510 -3.686984123 -0.023485090 0.027810201 0.775929572 0.629768484
1317401166.891134977 367.524797062 223.547688451 -3.737154979 -0.024748978 0.030279480 0.774386773 0.631502785
1317401166.995173931 367.363032338 224.342625331 -3.795076141 -0.026712963 0.031936248 0.772954396 0.633093986
1317401167.099210978 367.190054675 225.165522391 -3.831706249 -0.026706443 0.033244703 0.771612455 0.634661938
1317401167.203226089 367.020161313 225.968157432 -3.887425198 -0.025651597 0.033850742 0.770358124 0.636195319
1317401167.307265997 366.856494659 226.765943943 -3.937437680 -0.024240424 0.034602266 0.769298350 0.637491281
1317401167.411303997 366.706331552 227.576986912 -3.994407812 -0.024163484 0.033746909 0.768078727 0.639008874
1317401167.515317917 366.555073888 228.374010813 -4.063285311 -0.024902168 0.032108850 0.767070168 0.640275145
1317401167.619307041 366.410573334 229.196561669 -4.109316990 -0.023771198 0.032851387 0.766311384 0.641188412
1317401167.723248959 366.248141505 230.014013345 -4.172040556 -0.023870612 0.032491092 0.765751822 0.641871226
1317401167.827193022 366.102734773 230.836114196 -4.226457991 -0.023233474 0.033709469 0.765189332 0.642502267
1317401167.931137085 365.942611622 231.676493864 -4.284658204 -0.023355857 0.034414214 0.764856059 0.642857196
1317401168.035080910 365.781009514 232.519578106 -4.347179854 -0.023487855 0.034980154 0.764964305 0.642693023
1317401168.139023066 365.626527044 233.390230557 -4.401038573 -0.023593040 0.035450156 0.765209472 0.642371481
1317401168.242940903 365.498030065 234.200260967 -4.462054950 -0.023612887 0.036555891 0.765702337 0.641721146
1317401168.346882105 365.330972368 235.030494808 -4.515112096 -0.024845980 0.036148443 0.766187313 0.641118529
1317401168.450824976 365.183181778 235.842959234 -4.578890058 -0.024713816 0.036931740 0.766757546 0.640396861
1317401168.554769039 365.012896366 236.672568649 -4.631351541 -0.024751157 0.036799638 0.767389123 0.639646075
1317401168.658710957 364.850468104 237.532683555 -4.693412027 -0.024738040 0.035586248 0.768140553 0.638812758
1317401168.762653112 364.709350632 238.318491088 -4.751405350 -0.024162351 0.035278284 0.768832012 0.638019561
1317401168.866642952 364.542852691 239.129458325 -4.809377856 -0.023494089 0.034809852 0.769659194 0.637072230
1317401168.970633984 364.388715144 239.933665377 -4.866701288 -0.022853584 0.034132639 0.770205316 0.636471875
1317401169.074626923 364.216142302 240.754634049 -4.914843916 -0.022652652 0.032468681 0.770719741 0.635943176
1317401169.178641081 364.054028485 241.583332181 -4.981757790 -0.022687269 0.032145963 0.770879948 0.635764132
1317401169.282632113 363.889934206 242.441619915 -5.042199055 -0.023402999 0.033396082 0.770783295 0.635790935
1317401169.386624098 363.705759313 243.286611852 -5.112648031 -0.025182696 0.034196625 0.771070482 0.635331987
1317401169.490612984 363.535252274 244.114326629 -5.161480822 -0.026150095 0.035175802 0.771094467 0.635210326
1317401169.594580889 363.346900288 244.991916883 -5.220227976 -0.025838011 0.034560431 0.771221673 0.635102436
1317401169.698548079 363.180123307 245.866227508 -5.292799508 -0.024489504 0.033777103 0.771544444 0.634805909
1317401169.802515030 363.009091229 246.727139766 -5.355595442 -0.024007211 0.033210390 0.771506915 0.634899838
1317401169.906481981 362.823114195 247.627589648 -5.425916377 -0.024066625 0.032811350 0.771603258 0.634801248
1317401170.010425091 362.642683933 248.506806898 -5.485732013 -0.024798243 0.033023110 0.771803242 0.634518933
1317401170.114368916 362.458369456 249.378100821 -5.551977696 -0.025680007 0.032963228 0.771861227 0.634416433
1317401170.218337059 362.283526727 250.262724701 -5.612858644 -0.025787191 0.032901776 0.771867148 0.634408070
1317401170.322326899 362.098220835 251.198295911 -5.682389232 -0.025471845 0.031661390 0.771660383 0.634735373
1317401170.426315069 361.905343601 252.099541204 -5.752706260 -0.025362202 0.031049493 0.771426447 0.635054270
1317401170.530257940 361.718989650 252.987638221 -5.816656986 -0.024837155 0.030996171 0.771437774 0.635063866
1317401170.634202003 361.551557456 253.833178112 -5.875054868 -0.023725562 0.031012819 0.771661642 0.634833532
1317401170.738168001 361.340016124 254.861278352 -5.941650117 -0.022648322 0.031146482 0.771642293 0.634889850
1317401170.842112064 361.154415440 255.789039014 -6.008831758 -0.022186769 0.031041559 0.771493579 0.635091982
1317401170.946028948 360.973493374 256.731114032 -6.068231244 -0.022416281 0.031049404 0.771306914 0.635310230
1317401171.049947023 360.788143069 257.647846928 -6.126204961 -0.021855853 0.032510989 0.771102203 0.635505115
1317401171.153867960 360.591908523 258.614915104 -6.183245961 -0.021779895 0.032781732 0.770813675 0.635843749
1317401171.257786989 360.408234580 259.546679449 -6.244820504 -0.021591829 0.033081535 0.770446294 0.636279744
1317401171.361704111 360.226011670 260.465819232 -6.302343856 -0.021464364 0.033100963 0.770182802 0.636601963
1317401171.465600014 360.027880395 261.433912988 -6.360241291 -0.021986404 0.033593915 0.769801486 0.637019402
1317401171.569494009 359.847927904 262.345650908 -6.421189094 -0.022341864 0.034826445 0.769341126 0.637496817
1317401171.673388958 359.660531041 263.267534359 -6.474960955 -0.022674207 0.035108590 0.768849252 0.638062768
1317401171.777283907 359.488036614 264.215940161 -6.543580722 -0.022397713 0.035835633 0.768340576 0.638644588
1317401171.881203890 359.315063220 265.137250357 -6.597069462 -0.022043424 0.035787941 0.768073870 0.638980314
1317401171.985121965 359.127279821 266.047160348 -6.657586796 -0.021433359 0.034634440 0.767971694 0.639187409
1317401172.089063883 358.968012178 266.947343926 -6.710925007 -0.021218925 0.033573391 0.767889863 0.639349469
1317401172.193006039 358.789998707 267.874569855 -6.788112741 -0.021923841 0.034046043 0.767808076 0.639398913
1317401172.296924114 358.624405349 268.784782139 -6.840214029 -0.023157853 0.034528557 0.767585564 0.639596665
1317401172.400844097 358.439225639 269.692732584 -6.891323928 -0.022467309 0.036042490 0.767285894 0.639897270
1317401172.504786968 358.278966092 270.564402996 -6.949076541 -0.022425623 0.035505387 0.767228520 0.639997544
1317401172.608728886 358.108637317 271.489260991 -7.019495624 -0.022648717 0.035743463 0.767115816 0.640111525
1317401172.712647915 357.950936625 272.386404175 -7.077952791 -0.023511981 0.036110929 0.766884615 0.640336767
1317401172.816589117 357.773922299 273.268077204 -7.131261404 -0.022881485 0.037258703 0.766655429 0.640568248
1317401172.920531988 357.609404594 274.165804525 -7.193122216 -0.022881018 0.036376066 0.766594885 0.640691442
1317401173.024476051 357.441580866 275.038878413 -7.258498149 -0.023858694 0.035165659 0.766631359 0.640679716
1317401173.128443956 357.274869023 275.910285995 -7.320457490 -0.024681822 0.035596972 0.766499792 0.640782125
1317401173.232410908 357.115565483 276.787489321 -7.377839584 -0.025172050 0.036793334 0.766339877 0.640886739
1317401173.336376905 356.949060347 277.653221040 -7.436379065 -0.025474140 0.037160487 0.766180016 0.641044733
1317401173.440342903 356.802914979 278.448509661 -7.490541237 -0.025155293 0.036990668 0.766217354 0.641022517
1317401173.544308901 356.639677403 279.325762434 -7.549281762 -0.024095816 0.036426065 0.766023911 0.641326673
1317401173.648277044 356.468097410 280.214856020 -7.608770993 -0.022797844 0.035831798 0.766095330 0.641322295
1317401173.752243996 356.314401101 281.022264349 -7.666266046 -0.022874923 0.035037539 0.766269576 0.641155243
1317401173.856209993 356.194204395 281.834452110 -7.729617362 -0.023995523 0.034977157 0.766087630 0.641334980
1317401173.960175991 356.010267152 282.714401673 -7.792313174 -0.024647680 0.037176513 0.766458800 0.640742777
1317401174.064143896 355.849332309 283.566601696 -7.850094960 -0.025428144 0.038650197 0.766702082 0.640333889
1317401174.168112040 355.708525411 284.341825599 -7.901724475 -0.025934011 0.039039745 0.767066141 0.639853781
1317401174.272078991 355.532366838 285.206076828 -7.967533909 -0.025753077 0.039916026 0.767454441 0.639341200
1317401174.376023054 355.402444897 285.966537003 -8.025248431 -0.025723710 0.040206820 0.767726803 0.638997073
1317401174.479963064 355.229168604 286.803540950 -8.089670630 -0.025027275 0.040299379 0.768570473 0.638003936
1317401174.583928108 355.079903781 287.597950156 -8.147777067 -0.024097036 0.039670157 0.769622600 0.636809756
1317401174.687870979 354.904566284 288.411664469 -8.206442415 -0.022328323 0.039369060 0.770807966 0.635457790
1317401174.791815281 354.756202373 289.210215082 -8.273845045 -0.023083937 0.037783412 0.771867174 0.634240184
1317401174.895781994 354.560523616 290.063655854 -8.346130158 -0.024114149 0.037672207 0.772793621 0.633079246
1317401174.999749899 354.389776864 290.905767779 -8.411850448 -0.025053477 0.038403786 0.773424787 0.632227468
1317401175.103717089 354.208058718 291.760424975 -8.471537420 -0.024735555 0.039372136 0.773895434 0.631604184
1317401175.207681894 354.032469512 292.572589598 -8.530020414 -0.024129662 0.038767117 0.774472863 0.630956935
1317401175.311650038 353.865533619 293.426459934 -8.604244109 -0.023623541 0.037673637 0.774885556 0.630535487
1317401175.415616989 353.689836971 294.256896702 -8.665163777 -0.023622993 0.037625058 0.775193499 0.630159781
1317401175.519608021 353.502527572 295.090595197 -8.730765617 -0.024045561 0.038267323 0.775430609 0.629813301
1317401175.623599052 353.312578294 295.983310018 -8.796586883 -0.024995006 0.038085673 0.775536422 0.629657041
1317401175.727564096 353.127491623 296.816397356 -8.860139297 -0.025396894 0.037885973 0.775649210 0.629514062
1317401175.831506968 352.934168938 297.661569072 -8.925508063 -0.025996941 0.037711138 0.775934275 0.629148655
1317401175.935427189 352.769191594 298.526238582 -8.989303572 -0.026615458 0.036782501 0.775944686 0.629164930
1317401176.039370060 352.566215931 299.397284056 -9.056021275 -0.026338806 0.035730356 0.776110460 0.629032720
1317401176.143312931 352.367248005 300.265173821 -9.123710606 -0.026142323 0.035403150 0.776409123 0.628690759
1317401176.247231007 352.186493820 301.121254832 -9.198984314 -0.027448256 0.034580657 0.776522886 0.628540355
1317401176.351147890 351.989082319 302.000642607 -9.264898117 -0.028844415 0.034410607 0.776687700 0.628283476
1317401176.455066919 351.810134411 302.855329303 -9.330447760 -0.029515443 0.035202846 0.776801333 0.628067900
1317401176.558986902 351.612396691 303.724036735 -9.409106424 -0.030545902 0.036084426 0.776930524 0.627808747
1317401176.662906885 351.426077077 304.569215521 -9.468215681 -0.030728913 0.037738777 0.777105228 0.627486242
1317401176.766824961 351.237123278 305.420763599 -9.525163810 -0.030095764 0.037974386 0.777150611 0.627446507
1317401176.870742083 351.049298254 306.273197894 -9.592995176 -0.029210109 0.036742162 0.777341663 0.627325053
1317401176.974690914 350.865681828 307.128196555 -9.668749256 -0.029431492 0.035143432 0.777395359 0.627339766
1317401177.078681946 350.678273502 307.984130529 -9.744242308 -0.030372173 0.034517200 0.776750392 0.628128110
1317401177.182667971 350.489289094 308.828816789 -9.807525773 -0.031848875 0.034117900 0.775810842 0.629236962
1317401177.286634922 350.291774202 309.675251684 -9.867680667 -0.031852674 0.033528323 0.774401931 0.631001512
1317401177.390601873 350.113446776 310.512384355 -9.934800909 -0.031420995 0.032165508 0.773003898 0.632805716
1317401177.494568110 349.942461570 311.379931710 -10.006145921 -0.031217678 0.031651979 0.771746598 0.634374335
1317401177.598510027 349.760814021 312.183970721 -10.067652272 -0.030987857 0.031697791 0.770275910 0.636168237
1317401177.702452898 349.624046826 312.972414482 -10.124021002 -0.030718950 0.031637292 0.768805013 0.637961033
1317401177.806396961 349.465076996 313.807885997 -10.185355903 -0.030410375 0.031624081 0.767425106 0.639635703
1317401177.910341024 349.307344253 314.555842845 -10.241955859 -0.031081345 0.031518368 0.765929219 0.641399231
1317401178.014306068 349.165700995 315.316688359 -10.306274220 -0.031141493 0.033952594 0.764440145 0.643046417
1317401178.118271351 349.020298801 316.069014515 -10.348707042 -0.032400561 0.034649250 0.762564141 0.645170957
1317401178.222285986 348.910388013 316.795827427 -10.398338253 -0.033010106 0.033021284 0.759939876 0.648314208
1317401178.326350927 348.788837725 317.506729903 -10.459150232 -0.033192367 0.030468680 0.756361216 0.652600672
1317401178.430437088 348.681969039 318.194164306 -10.507645025 -0.031617515 0.030104209 0.752248972 0.657431026
1317401178.534570932 348.593620241 318.867584264 -10.562592881 -0.031230255 0.029772833 0.746478031 0.664009637
1317401178.638705015 348.504669506 319.529376218 -10.608747376 -0.031430281 0.030320503 0.740050027 0.671132447
1317401178.742816925 348.441318033 320.151572865 -10.650072029 -0.031962281 0.030390130 0.733872716 0.677853737
1317401178.846926928 348.388266465 320.764531490 -10.691660025 -0.031913128 0.032087394 0.727419602 0.684698966
1317401178.951014042 348.360876407 321.348287544 -10.730931310 -0.031450770 0.034651686 0.720460506 0.691915291
1317401179.055104971 348.321055216 321.921851652 -10.770580893 -0.030790618 0.036934182 0.713214310 0.699294753
1317401179.159224033 348.318579357 322.474146422 -10.804925297 -0.030225595 0.038238546 0.705638720 0.706893361
1317401179.263354063 348.306588762 322.990616643 -10.845347173 -0.029467467 0.038029437 0.697155167 0.715304203
1317401179.367505074 348.306070891 323.502589185 -10.878547628 -0.028799471 0.036646042 0.687985596 0.724226124
1317401179.471664906 348.319295942 323.990486231 -10.925997026 -0.027563205 0.035387442 0.677896233 0.733787909
1317401179.575870991 348.334185641 324.437197317 -10.963643891 -0.025864723 0.034267941 0.666111186 0.744615748
1317401179.680124998 348.367865805 324.894256856 -11.002447909 -0.023829585 0.034094113 0.652720119 0.756456336
1317401179.784378767 348.444208846 325.364124210 -11.033222855 -0.022182297 0.035070143 0.637314240 0.769485926
1317401179.888609886 348.539733470 325.842688040 -11.060880166 -0.021782117 0.035649381 0.621621332 0.782203030
1317401179.992818117 348.650441818 326.305322327 -11.086417686 -0.022087551 0.034361571 0.605277835 0.794965512
1317401180.097047091 348.789133494 326.767065201 -11.129278700 -0.021630965 0.032264675 0.588373748 0.807655511
1317401180.201253891 348.903628085 327.200048795 -11.166509337 -0.020703120 0.031101498 0.570369833 0.820537830
1317401180.305389881 349.080467538 327.646252879 -11.194621547 -0.018434211 0.031869140 0.552604144 0.832630289
1317401180.409499884 349.267718421 328.064707059 -11.218243536 -0.016957330 0.031771830 0.535188993 0.843964301
1317401180.513607979 349.475683600 328.499035533 -11.232011703 -0.018815935 0.030403017 0.517647458 0.854846610
1317401180.617697954 349.627467177 328.880039079 -11.265323203 -0.022735966 0.027030256 0.499389990 0.865657021
1317401180.721736908 349.900290158 329.317963642 -11.319177162 -0.024399937 0.023283904 0.482134264 0.875447916
1317401180.825774908 350.169501702 329.721433350 -11.363167906 -0.021452704 0.022126634 0.464536678 0.885017440
1317401180.929837942 350.485780663 330.146905097 -11.381593734 -0.016802005 0.023126221 0.447149596 0.894002298
1317401181.033900976 350.798656508 330.539682540 -11.391094654 -0.015014426 0.023734339 0.427991225 0.903346423
1317401181.137989044 351.115227672 330.915722119 -11.402946437 -0.019356479 0.021237746 0.407246421 0.912866166
1317401181.242124081 351.476764913 331.330566699 -11.463970242 -0.025314916 0.017993682 0.385824741 0.922049159
1317401181.346260071 351.838927217 331.693733016 -11.507583189 -0.028573130 0.017104753 0.362615450 0.931343674
1317401181.450345993 352.266926510 332.106543110 -11.521364395 -0.028700270 0.016834728 0.339819915 0.939901757
1317401181.554430962 352.766044629 332.525977254 -11.555321124 -0.028606416 0.015526871 0.316911248 0.947896540
1317401181.658516884 353.289679988 332.921670878 -11.580676807 -0.028849451 0.013528894 0.293450773 0.955442998
1317401181.762557030 353.805802022 333.261349941 -11.621957654 -0.029521172 0.012147333 0.269338811 0.962516258
1317401181.866547108 354.427447566 333.663468504 -11.643262957 -0.029266860 0.011908469 0.247290632 0.968426034
1317401181.970489025 354.989006836 333.990619205 -11.665004685 -0.029545252 0.011130355 0.226398199 0.973523009
1317401182.074359894 355.653374509 334.333485450 -11.691022112 -0.030099239 0.010504554 0.207239291 0.977770713
1317401182.178138018 356.308816713 334.649771281 -11.713682963 -0.030455467 0.010410583 0.189841525 0.981287053
1317401182.281863928 356.995755552 334.944685300 -11.735043323 -0.030883713 0.010731002 0.174214511 0.984164796
1317401182.385565042 357.714775237 335.221855802 -11.752691324 -0.031601928 0.011189770 0.159934973 0.986558114
1317401182.489268064 358.425604749 335.452421371 -11.772583328 -0.031820749 0.011980409 0.146290875 0.988657114
1317401182.592947006 359.197105934 335.732681947 -11.796580229 -0.032465567 0.012374418 0.135121654 0.990219672
1317401182.696602106 359.966985599 335.959194743 -11.817070882 -0.032464899 0.012183348 0.125258254 0.991518011
1317401182.800256968 360.752545595 336.180647347 -11.841615388 -0.032602100 0.011436717 0.116317578 0.992610964
1317401182.903912306 361.599933607 336.401465720 -11.863912112 -0.031899299 0.010380255 0.109230567 0.993450234
1317401183.007587910 362.443810635 336.586353285 -11.885096267 -0.030965388 0.010033026 0.103600488 0.994086225
1317401183.111242056 363.292606808 336.786369813 -11.908043811 -0.030043989 0.010071552 0.098788091 0.994603859
1317401183.214898109 364.148472403 336.956564716 -11.928775191 -0.029208212 0.009984739 0.095152747 0.994983990
1317401183.318552971 365.046547154 337.145165555 -11.946650448 -0.028102697 0.009131482 0.093637704 0.995167742
1317401183.422183990 365.929592415 337.322653853 -11.962673854 -0.026488974 0.007830859 0.092851789 0.995296718
1317401183.525863886 366.867617220 337.509645591 -11.977571422 -0.025881999 0.006616386 0.092488679 0.995355308
1317401183.629589081 367.785659306 337.669008466 -11.990937722 -0.025530691 0.005514139 0.092079543 0.995409029
1317401183.733314991 368.727227173 337.869381141 -12.001786070 -0.025448196 0.004665063 0.091656969 0.995454482
1317401183.837042093 369.675871927 338.050655339 -12.015055872 -0.024713627 0.004902293 0.091581601 0.995478787
1317401183.940769911 370.623556599 338.228301643 -12.018739064 -0.024409297 0.005778314 0.091742980 0.995466736
1317401184.044519901 371.578532685 338.396721310 -12.027910331 -0.023284123 0.007588333 0.091164574 0.995534674
1317401184.148271084 372.559207692 338.586800035 -12.028092955 -0.022316043 0.009198659 0.091383331 0.995523212
1317401184.252023697 373.528870176 338.765586596 -12.044257630 -0.021221326 0.010484940 0.091291286 0.995542878
1317401184.355798960 374.515862362 338.935330445 -12.051441100 -0.020213131 0.010905582 0.091449701 0.995544800
1317401184.459597111 375.482510041 339.137863459 -12.057830937 -0.019193049 0.010109321 0.091908487 0.995531144
1317401184.563419104 376.444966129 339.322647904 -12.067240027 -0.019526740 0.008931846 0.092007374 0.995526781
1317401184.667242050 377.428685569 339.506011016 -12.082267256 -0.020111529 0.008695241 0.091731999 0.995542646
1317401184.771065950 378.391772796 339.696867696 -12.093596442 -0.020944843 0.008925333 0.091572382 0.995538121
1317401184.874890089 379.334324760 339.849598873 -12.096122329 -0.021365167 0.008836338 0.091053631 0.995577564
1317401184.978712082 380.303433221 340.050321606 -12.106548466 -0.021350281 0.008692712 0.090964796 0.995587268
1317401185.082535982 381.287001845 340.242237145 -12.116340119 -0.021453418 0.009244347 0.090769054 0.995597947
1317401185.186357975 382.199070054 340.423549703 -12.122702332 -0.021900238 0.010277836 0.090365862 0.995614763
1317401185.290182114 383.149310106 340.589114608 -12.133797665 -0.021977730 0.011791431 0.090192589 0.995611992
1317401185.394005060 384.116129003 340.791649079 -12.141779608 -0.021626203 0.013077173 0.090049923 0.995616546
1317401185.497826099 385.089442011 340.958811334 -12.151895166 -0.021504699 0.013674068 0.090111248 0.995605610
1317401185.601624012 386.026210973 341.138430976 -12.163482035 -0.022269185 0.013853035 0.090079521 0.995589201
1317401185.705423117 386.937903195 341.310649531 -12.185863750 -0.022852057 0.014191033 0.090121132 0.995567466
1317401185.809245110 387.845012415 341.468427342 -12.198432134 -0.023724812 0.015224071 0.090026818 0.995540322
1317401185.913042068 388.760271705 341.656516890 -12.216124781 -0.024291251 0.016889799 0.089991453 0.995502993
1317401186.016844988 389.664141495 341.838656748 -12.234095186 -0.025203964 0.018279260 0.089866761 0.995467023
1317401186.120692015 390.521890892 341.974744848 -12.245872586 -0.025519981 0.018269330 0.089595694 0.995483588
1317401186.224560022 391.370495002 342.140664667 -12.263189909 -0.025500830 0.016261569 0.089019849 0.995570558
1317401186.328429937 392.201972443 342.272630858 -12.269838794 -0.026003673 0.012179861 0.087608898 0.995741001
1317401186.432301044 393.040084316 342.439158653 -12.294772957 -0.026964538 0.009361503 0.085989509 0.995887082
1317401186.536195993 393.819783922 342.597819154 -12.315555194 -0.027822471 0.009420135 0.084378986 0.996000682
1317401186.640090942 394.617885312 342.741901848 -12.328111928 -0.028921066 0.011736279 0.082405269 0.996110036
1317401186.744010925 395.355394949 342.849847436 -12.329229461 -0.029657699 0.013993531 0.079462729 0.996298287
1317401186.848023891 396.099528987 342.946311848 -12.327339163 -0.029860937 0.014720047 0.075172644 0.996614629
1317401186.952086926 396.792978110 343.026850650 -12.335542029 -0.030897936 0.015108759 0.068330882 0.997069673
1317401187.056197882 397.474985112 343.151064573 -12.351440433 -0.031117622 0.016112136 0.058958411 0.997645227
1317401187.160353899 398.114321516 343.205439491 -12.360328755 -0.030949333 0.017481804 0.049655500 0.998133687
1317401187.264538050 398.823461141 343.301430247 -12.367625116 -0.030633506 0.018007157 0.036054359 0.998717885
1317401187.368768930 399.510952845 343.321768356 -12.376281489 -0.030508695 0.017339165 0.021795736 0.999146395
1317401187.473071098 400.192153925 343.382742634 -12.386808686 -0.030691421 0.015406616 0.002198983 0.999407743
1317401187.577423096 400.878888136 343.395963268 -12.407104947 -0.031045371 0.012638216 -0.018573733 0.999265469
1317401187.681797981 401.572243768 343.361548907 -12.414734732 -0.031602083 0.010117596 -0.041127782 0.998602748
1317401187.786171913 402.202045319 343.316825695 -12.429052196 -0.031647375 0.008227260 -0.065303311 0.997329551
1317401187.890498161 402.904077268 343.254066680 -12.429027079 -0.031118103 0.006062399 -0.091829161 0.995269972
1317401187.994777918 403.580496475 343.117096522 -12.428567044 -0.030345560 0.004313583 -0.116549345 0.992711836
1317401188.099037886 404.188065193 342.963019808 -12.418581900 -0.029757462 0.003402408 -0.141603000 0.989470317
1317401188.203269005 404.803690634 342.792293113 -12.411351959 -0.029776741 0.003123178 -0.166597566 0.985570313
1317401188.307446003 405.437094035 342.565838207 -12.397529234 -0.029601624 0.002862581 -0.191202080 0.981100053
1317401188.411603928 405.998696245 342.321391670 -12.378224299 -0.029491491 0.001637466 -0.215531536 0.976050064
1317401188.515769958 406.587225622 342.042897819 -12.373984230 -0.030834858 -0.002184938 -0.240225426 0.970224810
1317401188.619927883 407.192838719 341.731292796 -12.348684404 -0.031389203 -0.006199649 -0.265441904 0.963595806
1317401188.724078894 407.762040769 341.381013966 -12.336202928 -0.032928486 -0.009323317 -0.290266489 0.956333705
1317401188.828213930 408.345805418 341.001770485 -12.318878977 -0.033080086 -0.011413743 -0.315845631 0.948165055
1317401188.932326078 408.861354741 340.612193660 -12.289124484 -0.032120753 -0.011627386 -0.340723714 0.939542661
1317401189.036412954 409.379547979 340.200066246 -12.252613687 -0.030958219 -0.011128128 -0.364760436 0.930520058
1317401189.140474081 409.910035581 339.734176844 -12.211698057 -0.031113425 -0.011214851 -0.388091775 0.921027120
1317401189.244488955 410.423216145 339.212228170 -12.173940837 -0.030597031 -0.012056241 -0.410086512 0.911453521
1317401189.348434925 410.898913501 338.711571489 -12.131092990 -0.030644251 -0.013480338 -0.430946223 0.901756377
1317401189.452353954 411.354926709 338.152348378 -12.098571528 -0.030103911 -0.015373356 -0.450556854 0.892107581
1317401189.556222916 411.773401079 337.571944443 -12.049984909 -0.029301200 -0.016196722 -0.468323093 0.882922752
1317401189.660047054 412.193310493 337.022206124 -12.002130373 -0.029148232 -0.016907578 -0.485531392 0.873569563
1317401189.763869047 412.569345563 336.361551336 -11.959901269 -0.029675021 -0.017532985 -0.501695637 0.864357261
1317401189.867667913 412.952128654 335.740168978 -11.907609854 -0.028882723 -0.019446526 -0.516835021 0.855376632
1317401189.971442938 413.298810409 335.037383408 -11.859097069 -0.028444582 -0.021757826 -0.530190819 0.847121714
1317401190.075193882 413.646585256 334.341228635 -11.807430009 -0.026458396 -0.022846255 -0.542692376 0.839203781
1317401190.178919077 413.974711557 333.613763356 -11.751894848 -0.024999727 -0.022267786 -0.553380354 0.832255576
1317401190.282622099 414.292298803 332.884917753 -11.687913374 -0.023029661 -0.022577622 -0.562916832 0.825884087
1317401190.386327028 414.599466330 332.147358369 -11.632081354 -0.021894468 -0.023444508 -0.571198490 0.820184901
1317401190.490052938 414.902600462 331.347829961 -11.562674240 -0.022148202 -0.025147260 -0.578377745 0.815080522
1317401190.593779087 415.202427124 330.560849734 -11.513012120 -0.022455985 -0.026378089 -0.585051872 0.810255658
1317401190.697481871 415.477202619 329.735763739 -11.450880489 -0.022141392 -0.026735267 -0.590615156 0.806206377
1317401190.801183939 415.727088955 328.886715156 -11.385684735 -0.021651458 -0.026302354 -0.595160525 0.802884394
1317401190.904885054 416.031974889 328.057337202 -11.315313578 -0.021287643 -0.025500397 -0.599793146 0.799465289
1317401191.008563042 416.263152668 327.167586426 -11.254096953 -0.020456466 -0.024865762 -0.602508110 0.797462980
1317401191.112243891 416.509920469 326.303595570 -11.190977060 -0.019576956 -0.024466184 -0.604917157 0.795671654
1317401191.215946913 416.780164461 325.405829460 -11.120091782 -0.018186538 -0.025011151 -0.606894811 0.794180320
1317401191.319672108 417.038063414 324.521273125 -11.049036713 -0.017041812 -0.026210284 -0.608217985 0.793154134
1317401191.423424959 417.281859750 323.618819361 -10.987265642 -0.017176989 -0.026312926 -0.609573975 0.792106148
1317401191.527224064 417.542103530 322.671422585 -10.926519735 -0.017009115 -0.025706984 -0.611162845 0.790904431
1317401191.631021976 417.787856380 321.710299420 -10.852256137 -0.016500518 -0.025250216 -0.612541343 0.789862813
1317401191.734795094 418.040856000 320.795343878 -10.783499105 -0.016403242 -0.025044063 -0.614535996 0.788320517
1317401191.838594913 418.288716344 319.837975203 -10.711566129 -0.017455031 -0.025126718 -0.616282695 0.786930499
1317401191.942395926 418.517356397 318.887649772 -10.641585333 -0.019108806 -0.024956316 -0.617946021 0.785591975
1317401192.046195984 418.766675865 317.884568752 -10.573058627 -0.020711670 -0.024865646 -0.619887738 0.784022907
1317401192.149995089 419.010380626 316.897283389 -10.503238049 -0.022190289 -0.024165057 -0.621923121 0.782390742
1317401192.253793001 419.236215810 315.915289660 -10.432527007 -0.022512447 -0.023683181 -0.623569904 0.781084421
1317401192.357614994 419.482382221 314.935710175 -10.359878401 -0.022600195 -0.022963611 -0.625584447 0.779490861
1317401192.461436987 419.703366114 313.943739255 -10.279823652 -0.022586970 -0.022473892 -0.627161532 0.778237217
1317401192.565258980 419.932938188 312.953600276 -10.206919711 -0.022967241 -0.021529999 -0.629416888 0.776429872
1317401192.669080973 420.157970867 311.935377661 -10.131689363 -0.022753416 -0.020648773 -0.631140695 0.775059568
1317401192.772880077 420.378362390 310.923423942 -10.055902103 -0.021636390 -0.019946241 -0.632832235 0.773729524
1317401192.876681328 420.583216342 309.905157218 -9.981806186 -0.020631115 -0.019180688 -0.634415168 0.772479030
1317401192.980478048 420.785248935 308.864612872 -9.906098327 -0.020258231 -0.019200325 -0.635781788 0.771364032
1317401193.084252119 420.999383153 307.867455160 -9.826723454 -0.021041505 -0.020277415 -0.637100536 0.770226582
1317401193.188052893 421.201763813 306.857257994 -9.755467719 -0.022898961 -0.021568149 -0.638059563 0.769344167
1317401193.291851997 421.393592341 305.843116093 -9.683612353 -0.024951092 -0.021901085 -0.638981380 0.768505421
1317401193.395652056 421.586235447 304.831857024 -9.612071447 -0.026186395 -0.021259759 -0.640253189 0.767423057
1317401193.499473810 421.779563883 303.829266087 -9.538268669 -0.027212831 -0.019078138 -0.641423497 0.766466818
1317401193.603296041 421.971607782 302.805839019 -9.462205393 -0.026404174 -0.017534499 -0.643101708 0.765124535
1317401193.707142115 422.170011893 301.791213083 -9.379042981 -0.026586153 -0.016710791 -0.644725869 0.763768603
1317401193.810987949 422.347254812 300.789636556 -9.294798435 -0.027511988 -0.017112379 -0.646277196 0.762414614
1317401193.914833069 422.516583205 299.769135703 -9.222442579 -0.030501079 -0.016168690 -0.648224941 0.760665948
1317401194.018703938 422.706938997 298.739879395 -9.161791858 -0.030787782 -0.015354589 -0.650751721 0.758510743
1317401194.122575760 422.858919292 297.747935969 -9.078962381 -0.030284579 -0.014975696 -0.652929512 0.756664804
1317401194.226423025 423.033228935 296.729811307 -8.998385858 -0.029906355 -0.015152300 -0.655501297 0.754449513
1317401194.330271959 423.179171796 295.702766451 -8.924353683 -0.029693026 -0.014551515 -0.657903322 0.752376100
1317401194.434118032 423.314789597 294.690843768 -8.851522662 -0.028333835 -0.013978052 -0.660261856 0.750370635
1317401194.537964106 423.453016043 293.676787457 -8.773651434 -0.026415587 -0.013979181 -0.662531350 0.748437712
1317401194.641810894 423.591326599 292.651251601 -8.692670572 -0.024799688 -0.016220923 -0.664531398 0.746672538
1317401194.745659113 423.712329079 291.638184623 -8.609390120 -0.024455503 -0.019339840 -0.666063155 0.745243432
1317401194.849483013 423.833066380 290.605990907 -8.530863790 -0.025011078 -0.020255545 -0.667204414 0.744179030
1317401194.953255892 423.943250370 289.615233032 -8.483987693 -0.023841844 -0.018830841 -0.667682691 0.743825779
1317401195.057028055 424.056379726 288.588369541 -8.400476483 -0.020717625 -0.017570987 -0.667804365 0.743840958
1317401195.160826921 424.182193333 287.571651840 -8.331796750 -0.016791704 -0.018432655 -0.667663215 0.744045770
1317401195.264625072 424.307462518 286.566192041 -8.244604526 -0.016381843 -0.021530115 -0.666923252 0.744635122
1317401195.368424892 424.417374792 285.570005014 -8.189984082 -0.016753843 -0.024411679 -0.665570063 0.745747859
1317401195.472198963 424.537513539 284.560633470 -8.112775746 -0.016031852 -0.027965495 -0.663713823 0.747291692
1317401195.575949907 424.650178611 283.543845389 -8.044769353 -0.014104724 -0.029960422 -0.661237182 0.749445675
1317401195.679749012 424.781385902 282.531260733 -7.961249791 -0.013816557 -0.029247769 -0.659225052 0.751249627
1317401195.783548117 424.916124467 281.534507455 -7.893387326 -0.012728940 -0.028358145 -0.657301711 0.752986222
1317401195.887348890 425.057341030 280.534333998 -7.816077682 -0.012080127 -0.028305439 -0.654970785 0.755027247
1317401195.991146088 425.204254517 279.526514607 -7.733372442 -0.011596972 -0.030217428 -0.652179859 0.757372992
1317401196.094919920 425.350474464 278.543703683 -7.663814586 -0.012525141 -0.030793528 -0.649325447 0.759783748
1317401196.198695898 425.512697620 277.537989825 -7.599526080 -0.011522191 -0.030116448 -0.646364170 0.762347427
1317401196.302470922 425.681892916 276.554080430 -7.520521741 -0.009567999 -0.029755605 -0.643457594 0.764843371
1317401196.406269073 425.859928301 275.543066003 -7.435954153 -0.009514356 -0.030302173 -0.640717669 0.767119367
1317401196.510092020 426.045538664 274.561527604 -7.367806563 -0.010337587 -0.031373249 -0.637867085 0.769437739
1317401196.613914967 426.236947592 273.553488709 -7.301187159 -0.010870817 -0.030810346 -0.635000956 0.771820144
1317401196.717761993 426.431045085 272.565276446 -7.229162942 -0.010138081 -0.029848800 -0.632349056 0.774041949
1317401196.821628809 426.634347794 271.543739512 -7.149891478 -0.009550633 -0.028799820 -0.630064645 0.775949676
1317401196.925498962 426.858821545 270.570523334 -7.082608973 -0.009404125 -0.028312709 -0.628024438 0.777621539
1317401197.029397964 427.068346454 269.556151453 -7.005348022 -0.010312018 -0.027644345 -0.626687403 0.778711982
1317401197.133317232 427.302173917 268.562431884 -6.934352587 -0.010970812 -0.028146482 -0.625595286 0.779562669
1317401197.237236977 427.523842722 267.573858088 -6.864773600 -0.011997704 -0.027966774 -0.624739394 0.780240094
1317401197.341156006 427.759311653 266.554880962 -6.796125165 -0.011283976 -0.027350999 -0.624018739 0.780849030
1317401197.445097923 427.986199261 265.561174035 -6.729648647 -0.010751575 -0.024551714 -0.623221406 0.781586013
1317401197.549038887 428.212017307 264.594930153 -6.656444190 -0.008861818 -0.023467278 -0.622718091 0.782044074
1317401197.652982950 428.449688405 263.590469450 -6.591240424 -0.009595301 -0.021547347 -0.622236060 0.782474234
1317401197.756926060 428.683924051 262.580523327 -6.528552288 -0.010043131 -0.020871679 -0.622100834 0.782594442
1317401197.860843658 428.931438431 261.575842698 -6.463060381 -0.010974705 -0.020853226 -0.621762666 0.782851126
1317401197.964762926 429.154150853 260.604737318 -6.404878460 -0.011982055 -0.020432759 -0.621579287 0.782993054
1317401198.068682909 429.387919942 259.615322039 -6.345471826 -0.012601707 -0.020067226 -0.621524683 0.783036124
1317401198.172627926 429.622500760 258.628929944 -6.282316018 -0.013518510 -0.018978101 -0.621712925 0.782898538
1317401198.276596069 429.859481168 257.663374784 -6.225279039 -0.014357423 -0.018139888 -0.622352383 0.782395246
1317401198.380541086 430.095899996 256.662376836 -6.162922390 -0.015462908 -0.016805307 -0.623205632 0.781724517
1317401198.484470129 430.329277350 255.696775708 -6.108993276 -0.015467321 -0.016138259 -0.624290451 0.780872430
1317401198.588387728 430.554478374 254.693788046 -6.043360067 -0.015162003 -0.016134593 -0.625263740 0.780099381
1317401198.692279100 430.779909413 253.722669201 -5.984403131 -0.015152968 -0.016146652 -0.625830471 0.779644724
1317401198.796173096 431.015523766 252.710214877 -5.918366938 -0.015085752 -0.016350749 -0.625986753 0.779516297
1317401198.900072098 431.219293106 251.777750277 -5.865339677 -0.015178179 -0.016663484 -0.626087723 0.779426785
1317401199.003982067 431.452222160 250.792389206 -5.804338196 -0.015992021 -0.016466223 -0.626115582 0.779392325
1317401199.107862949 431.656849292 249.860413905 -5.747656485 -0.016411013 -0.015875897 -0.626331126 0.779222661
1317401199.211775064 431.865027024 248.924211096 -5.691623569 -0.016345006 -0.015718715 -0.626527326 0.779069491
1317401199.315721035 432.095880391 247.962157658 -5.630760067 -0.016087511 -0.016885458 -0.626683882 0.778924506
1317401199.419641972 432.304059825 247.027318344 -5.565432657 -0.017031926 -0.018195532 -0.627215461 0.778446916
1317401199.523581982 432.513574492 246.096428914 -5.510486040 -0.019020823 -0.017887184 -0.627963018 0.777805056
1317401199.627513885 432.718140525 245.163385105 -5.447743071 -0.019235460 -0.017995005 -0.628884647 0.777052300
1317401199.731446028 432.932051639 244.243792761 -5.387800248 -0.020075810 -0.017037044 -0.629696020 0.776395275
1317401199.835388899 433.125069450 243.321081582 -5.326014865 -0.020165680 -0.016695999 -0.630702449 0.775583013
1317401199.939320087 433.311913385 242.439399109 -5.264287556 -0.020106542 -0.016346691 -0.631758318 0.774732173
1317401200.043250084 433.502383941 241.523184600 -5.202975603 -0.019733061 -0.015935822 -0.632819785 0.773883567
1317401200.147166967 433.683011009 240.653834068 -5.139952688 -0.019335067 -0.015407458 -0.633819852 0.773085481
1317401200.251087904 433.874360166 239.769586764 -5.083640955 -0.019083492 -0.015951630 -0.634736474 0.772328282
1317401200.355017900 434.045596368 238.877490847 -5.013504524 -0.018899041 -0.017445057 -0.635878766 0.771360286
1317401200.458959103 434.222128709 237.989133080 -4.959996329 -0.019101015 -0.018280755 -0.637003352 0.770407486
1317401200.562901974 434.387577760 237.143934999 -4.906519213 -0.020243090 -0.017930672 -0.637968553 0.769587444
1317401200.666807890 434.566884622 236.280493160 -4.847392946 -0.019579747 -0.017948919 -0.638854898 0.768868578
1317401200.770751953 434.737765942 235.402909114 -4.784385750 -0.017970260 -0.018025054 -0.639551136 0.768327087
1317401200.874670029 434.879794421 234.587511364 -4.731934989 -0.017193066 -0.017192196 -0.640360411 0.767689632
1317401200.978564978 435.036592500 233.803095955 -4.666891710 -0.016331365 -0.017190573 -0.640711408 0.767415574
1317401201.082484961 435.204147126 232.908517159 -4.607630704 -0.017086093 -0.016943414 -0.641076712 0.767099495
1317401201.186393023 435.357185471 232.126708017 -4.559776512 -0.016691931 -0.017512895 -0.641243149 0.766956258
1317401201.290321112 435.504171175 231.327014945 -4.508380186 -0.017215521 -0.017155608 -0.641437278 0.766790408
1317401201.394217968 435.652084712 230.544741333 -4.452783612 -0.017018150 -0.017555603 -0.641556548 0.766685972
1317401201.498106003 435.808518148 229.730340996 -4.407558833 -0.017660525 -0.016389095 -0.641499949 0.766744624
1317401201.602036953 435.949818762 228.982610811 -4.350831839 -0.015035889 -0.017394054 -0.641377571 0.766880812
1317401201.705951929 436.086554651 228.217852907 -4.307029908 -0.015012998 -0.015684365 -0.641267962 0.767009786
1317401201.809894085 436.214014884 227.479245274 -4.258383641 -0.012147765 -0.016004955 -0.641159045 0.767144936
1317401201.913846016 436.357724646 226.765406725 -4.212512876 -0.011522878 -0.015460786 -0.640882036 0.767397161
1317401202.017776012 436.489828229 226.046445504 -4.167312325 -0.011660742 -0.015133412 -0.640664743 0.767583021
1317401202.121731997 436.617630346 225.304808213 -4.117244671 -0.010898045 -0.016183047 -0.640373670 0.767815671
1317401202.225687981 436.765672918 224.621032291 -4.081492798 -0.010366947 -0.017247286 -0.639955126 0.768148745
1317401202.329629898 436.888422735 223.906197538 -4.045260064 -0.011459726 -0.016733742 -0.639759783 0.768307280
1317401202.433593035 437.014763956 223.225562155 -4.002822840 -0.010571947 -0.017145589 -0.639575041 0.768464723
1317401202.537584782 437.133971451 222.571600783 -3.966474191 -0.009896347 -0.017180528 -0.639401236 0.768617559
1317401202.641580105 437.253436199 221.903685961 -3.927710043 -0.009389197 -0.017195655 -0.638991795 0.768964003
1317401202.745573044 437.387653658 221.229237386 -3.884237394 -0.009506189 -0.017329185 -0.638713418 0.769190810
1317401202.849554062 437.508505180 220.596043120 -3.852571490 -0.009318219 -0.017378435 -0.638502356 0.769367209
1317401202.953556061 437.622443089 219.985564044 -3.817492356 -0.009998770 -0.017072990 -0.638284705 0.769546082
1317401203.057569027 437.752870125 219.333238042 -3.777583879 -0.010509431 -0.017134702 -0.637871306 0.769880608
1317401203.161576986 437.867401030 218.717963269 -3.742170444 -0.009844024 -0.017763789 -0.637634449 0.770071329
1317401203.265603065 437.984570750 218.135728012 -3.711780047 -0.009431216 -0.017635738 -0.637389693 0.770282034
1317401203.369621992 438.113867988 217.507841123 -3.672316365 -0.009301955 -0.017769702 -0.637059426 0.770553696
1317401203.473625898 438.235069342 216.927386910 -3.638245915 -0.008911227 -0.018287623 -0.636846485 0.770722199
1317401203.577652931 438.342121004 216.362749582 -3.613258861 -0.010055098 -0.017191771 -0.636613377 0.770925902
1317401203.681715012 438.449461988 215.792370111 -3.577622617 -0.009906921 -0.017097262 -0.636466366 0.771051296
1317401203.785784721 438.567095347 215.218569162 -3.549889574 -0.010673637 -0.015972654 -0.636402715 0.771117716
1317401203.889826059 438.664572090 214.656398059 -3.513690541 -0.010130409 -0.016003737 -0.636398240 0.771128093
1317401203.993868113 438.775181271 214.122835087 -3.483923516 -0.010129139 -0.015609975 -0.636397089 0.771137130
1317401204.097943068 438.895427111 213.572717659 -3.453921255 -0.009802991 -0.015705755 -0.636342833 0.771184173
1317401204.201996088 439.004657589 213.013720709 -3.424784821 -0.009897133 -0.015750203 -0.636312257 0.771207294
1317401204.306030989 439.103663739 212.477461486 -3.395285850 -0.009641436 -0.015914123 -0.636268180 0.771243532
1317401204.410068989 439.220113657 211.916459027 -3.362048795 -0.010258950 -0.015802597 -0.636229886 0.771269450
1317401204.514096022 439.326311933 211.384702609 -3.334799442 -0.010259231 -0.016147231 -0.636232645 0.771260032
1317401204.618113041 439.438862965 210.851165319 -3.300149648 -0.009851313 -0.017657959 -0.636012641 0.771413682
1317401204.722162962 439.546834552 210.317552222 -3.269387894 -0.010110511 -0.018465088 -0.635998070 0.771403444
1317401204.826211929 439.647976071 209.786754462 -3.244654175 -0.010333570 -0.018930092 -0.635927784 0.771447161
1317401204.930248976 439.753498653 209.255830986 -3.214950437 -0.010301917 -0.018682201 -0.635917157 0.771462387
1317401205.034312010 439.854300628 208.730226549 -3.191171475 -0.010519768 -0.017595498 -0.635912337 0.771488971
1317401205.138340950 439.960327494 208.205718738 -3.161577893 -0.009771926 -0.017294896 -0.635782247 0.771612811
1317401205.242356062 440.063121047 207.673161754 -3.123625813 -0.008895752 -0.017607870 -0.635523099 0.771829786
1317401205.346379995 440.174584511 207.153524880 -3.097563956 -0.009390478 -0.017046863 -0.635358057 0.771972384
1317401205.450383902 440.281521603 206.629069510 -3.068986541 -0.009693611 -0.016846638 -0.635289699 0.772029289
1317401205.554400921 440.390489459 206.101662386 -3.040303104 -0.010299810 -0.016934221 -0.634967973 0.772284157
1317401205.658401012 440.502725708 205.592468571 -3.010504181 -0.009876951 -0.017474939 -0.634467301 0.772689016
1317401205.762392044 440.600816728 205.085813674 -2.988870904 -0.009622523 -0.017169801 -0.634094021 0.773005419
1317401205.866394997 440.707057283 204.542059376 -2.954574582 -0.009354657 -0.017159571 -0.633812534 0.773239750
1317401205.970409870 440.812939813 204.016172879 -2.916588648 -0.010143750 -0.017886595 -0.633249919 0.773674166
1317401206.074424982 440.927025698 203.513075529 -2.887525767 -0.012966836 -0.018418991 -0.632803612 0.773984619
1317401206.178427935 441.032937231 203.019787597 -2.862036569 -0.014764272 -0.019357877 -0.632141458 0.774470442
1317401206.282453060 441.136268584 202.509613272 -2.832705007 -0.016239338 -0.020583260 -0.631706950 0.774763798
1317401206.386475086 441.233898586 202.000864854 -2.811678417 -0.016963139 -0.021941251 -0.631067432 0.775232049
1317401206.490519047 441.345605981 201.500847984 -2.783163200 -0.018573247 -0.021481775 -0.630969432 0.775287781
1317401206.594558954 441.465710197 200.992731290 -2.753521304 -0.019270634 -0.020125687 -0.630823130 0.775426191
1317401206.698599100 441.567204442 200.497101461 -2.723130206 -0.020742480 -0.018343828 -0.630740648 0.775499509
1317401206.802638054 441.672812538 199.987722638 -2.683891988 -0.020292849 -0.017847607 -0.630560207 0.775669703
1317401206.906636953 441.777494000 199.519002873 -2.651616637 -0.019617016 -0.017482885 -0.630580309 0.775679055
1317401207.010674000 441.882088706 198.998737796 -2.614595446 -0.020339147 -0.017034451 -0.630482041 0.775750309
1317401207.114715099 441.985812760 198.511059137 -2.571055551 -0.020856156 -0.018043585 -0.630582190 0.775632356
1317401207.218742132 442.113803138 198.025609988 -2.540358065 -0.021683890 -0.018477712 -0.630897996 0.775342571
1317401207.322768927 442.218040235 197.507948096 -2.508361362 -0.022909271 -0.018594811 -0.631534071 0.774786496
1317401207.426805973 442.321504544 197.021359104 -2.478673620 -0.022910236 -0.019463977 -0.632065078 0.774331978
1317401207.530855894 442.425857358 196.528878597 -2.441257093 -0.023155501 -0.020021685 -0.632743194 0.773756425
1317401207.634869099 442.533043795 196.022748461 -2.413172554 -0.023389095 -0.019439700 -0.633316456 0.773295102
1317401207.738847971 442.634875125 195.500851617 -2.370973042 -0.022855074 -0.018939120 -0.634008521 0.772756204
1317401207.842839003 442.752234888 194.995214685 -2.332278443 -0.022584638 -0.018520731 -0.634622139 0.772270456
1317401207.946839094 442.849872337 194.485259842 -2.296619447 -0.022608449 -0.018054499 -0.635271498 0.771746731
1317401208.050829172 442.960241559 193.953838631 -2.261140974 -0.022266922 -0.017550248 -0.635745039 0.771378259
1317401208.154845953 443.051322147 193.466094201 -2.227808717 -0.021707241 -0.017008024 -0.636208415 0.771024238
1317401208.258860111 443.157162699 192.940826746 -2.182929299 -0.019950947 -0.017663696 -0.636710465 0.770642419
1317401208.362863064 443.259264456 192.407180297 -2.147549655 -0.018568451 -0.017149793 -0.637250072 0.770242458
1317401208.466877937 443.365485643 191.882891606 -2.114365097 -0.017591392 -0.015986992 -0.637663444 0.769948239
1317401208.570892096 443.460065480 191.371103469 -2.077636782 -0.016724175 -0.014952119 -0.638212576 0.769533263
1317401208.674916029 443.566813434 190.828288672 -2.042025561 -0.015740989 -0.013814403 -0.638781419 0.769103167
1317401208.778930902 443.671070755 190.303588793 -2.012405664 -0.014582585 -0.012930417 -0.639168304 0.768819896
1317401208.882946014 443.758935408 189.782994509 -1.979364765 -0.013141696 -0.012663670 -0.639506731 0.768568845
1317401208.986938000 443.861695170 189.246417755 -1.947676898 -0.011880224 -0.012906419 -0.640065903 0.768119733
1317401209.090923071 443.954991603 188.741636907 -1.919096015 -0.011430585 -0.012999466 -0.640524656 0.767742483
1317401209.194937944 444.052960690 188.231020702 -1.890568231 -0.011771018 -0.012600032 -0.641105750 0.767258822
1317401209.298958063 444.155381843 187.706738834 -1.866653396 -0.012328543 -0.012086268 -0.641849339 0.766636390
1317401209.403002024 444.248097211 187.188990492 -1.842040649 -0.012719987 -0.011816097 -0.643031804 0.765642659
1317401209.507036924 444.345137728 186.687188640 -1.818064958 -0.012399502 -0.011888671 -0.644622352 0.764308141
1317401209.611102104 444.437214884 186.157889467 -1.792097192 -0.011718337 -0.012413368 -0.646764986 0.762498290
1317401209.715213060 444.519388048 185.643763350 -1.766434005 -0.011446557 -0.012955894 -0.649488399 0.760174941
1317401209.819299936 444.597460337 185.137209288 -1.737165217 -0.011661371 -0.013253989 -0.652473768 0.757605654
1317401209.923388004 444.683089176 184.619328335 -1.713170853 -0.011932418 -0.013190674 -0.655849130 0.754682411
1317401210.027523041 444.749910519 184.114166151 -1.689927191 -0.012020702 -0.013161337 -0.659640116 0.751370215
1317401210.131654978 444.821647531 183.620726692 -1.665649291 -0.012393437 -0.014435346 -0.664072897 0.747425723
1317401210.235814095 444.874823484 183.131423519 -1.637666577 -0.012393631 -0.016609226 -0.669176732 0.742814266
1317401210.339999914 444.928033113 182.643980370 -1.611799962 -0.012794612 -0.018350602 -0.674989825 0.737487824
1317401210.444183111 444.979239071 182.187244500 -1.592630242 -0.014295123 -0.020316677 -0.681761118 0.731152966
1317401210.548389912 445.002255108 181.727326677 -1.565437676 -0.015407906 -0.022620238 -0.688760677 0.724471981
1317401210.652596951 445.024087168 181.264530413 -1.539087630 -0.015086290 -0.024484155 -0.696122967 0.717346321
1317401210.756778002 445.032672230 180.832366360 -1.509745484 -0.013578490 -0.024903351 -0.703554282 0.710075221
1317401210.860937119 445.027225073 180.398109811 -1.478509901 -0.011580764 -0.025662313 -0.711062502 0.702564908
1317401210.965073109 445.021689781 179.975827809 -1.441948307 -0.009795010 -0.026226536 -0.718207612 0.695265455
1317401211.069158077 444.997994291 179.577273307 -1.414581473 -0.008400011 -0.025952138 -0.725152697 0.688047595
1317401211.173223019 444.983732166 179.197894974 -1.382838612 -0.007018354 -0.025608113 -0.731564821 0.681254637
1317401211.277309895 444.968004635 178.854929943 -1.359496015 -0.006554967 -0.025563589 -0.737998815 0.674285759
1317401211.381396055 444.936079464 178.504320084 -1.336912428 -0.006235423 -0.025811449 -0.744569922 0.667016131
1317401211.485456944 444.898760130 178.176454576 -1.315952048 -0.005914014 -0.025677776 -0.751490903 0.659217035
1317401211.589543104 444.863775346 177.840320761 -1.302398878 -0.005424286 -0.025304248 -0.758796431 0.650813528
1317401211.693679094 444.806265356 177.510645383 -1.281272842 -0.004776523 -0.025057807 -0.766456406 0.641789583
1317401211.797816038 444.745758604 177.190639349 -1.265704939 -0.004039438 -0.025335660 -0.774781807 0.631707954
1317401211.901949883 444.682053358 176.867094346 -1.241524735 -0.003066343 -0.025673763 -0.783595915 0.620732549
1317401212.006105900 444.612550733 176.565454155 -1.223245868 -0.002707527 -0.025810810 -0.792725641 0.609025886
1317401212.110264063 444.527944764 176.241984703 -1.201448955 -0.002957989 -0.026636125 -0.801864767 0.596904233
1317401212.214422941 444.438406531 175.949888312 -1.181704512 -0.004520529 -0.028076463 -0.811176478 0.584109578
1317401212.318583012 444.352633952 175.651843344 -1.169795928 -0.006583906 -0.029867000 -0.820497810 0.570830936
1317401212.422740936 444.239816044 175.353410890 -1.154673566 -0.008875848 -0.031832578 -0.829879089 0.556963736
1317401212.526922941 444.106061400 175.064947315 -1.146464998 -0.011890340 -0.033629446 -0.839702863 0.541873401
1317401212.631130934 443.972028454 174.769848916 -1.134623475 -0.014791495 -0.035536466 -0.849959944 0.525439306
1317401212.735336304 443.844577463 174.483406018 -1.128160286 -0.017086421 -0.036651322 -0.860344295 0.508106709
1317401212.839565992 443.678764652 174.185799948 -1.115502628 0.018061395 0.037463255 0.871088034 -0.489362777
1317401212.943796873 443.500769502 173.891650627 -1.106198012 0.017842278 0.038830878 0.881651195 -0.469962750
1317401213.048003912 443.303285045 173.610001658 -1.084420835 0.016297675 0.040890343 0.892174437 -0.449541032
1317401213.152211905 443.067288841 173.323270026 -1.054425267 0.013946375 0.042202086 0.902588568 -0.428203643
1317401213.256417036 442.815690174 173.015781210 -1.017459432 0.011703388 0.041491556 0.912673107 -0.406410238
1317401213.360625267 442.575541467 172.726336583 -0.995179182 0.009749733 0.039486882 0.922680361 -0.383414501
1317401213.464807987 442.287881212 172.457666335 -0.969383461 0.007835763 0.038291116 0.932072236 -0.360157934
1317401213.568967104 441.995187775 172.180210199 -0.949973125 0.005883891 0.038788914 0.941031080 -0.336037657
1317401213.673074961 441.637116509 171.878713281 -0.915660044 0.003591933 0.038539648 0.948851634 -0.313340661
1317401213.777113914 441.305755758 171.606194017 -0.891396346 0.003263411 0.036337438 0.956181866 -0.290491275
1317401213.881130934 440.945615404 171.334803904 -0.884105817 0.004191120 0.033764346 0.962726917 -0.268326828
1317401213.985096931 440.519185776 171.085321582 -0.870801775 0.005181840 0.034214993 0.968213156 -0.247721150
1317401214.089015961 440.069576162 170.842081727 -0.858128346 0.005935133 0.036194504 0.972830653 -0.228594079
1317401214.192910910 439.642366280 170.614645302 -0.832795952 0.007107972 0.037430105 0.977022579 -0.209702990
1317401214.296760082 439.132313778 170.379980021 -0.828816735 0.009068004 0.036339424 0.980589998 -0.192459017
1317401214.400583029 438.604644675 170.153440872 -0.828678594 0.009506905 0.034275932 0.983717820 -0.176164780
1317401214.504405975 438.108464362 169.959552621 -0.814202459 0.007426795 0.033735421 0.986405947 -0.160655135
1317401214.608228922 437.548153218 169.779728519 -0.793353618 0.005923084 0.034732469 0.988644622 -0.146083483
1317401214.712050915 436.958662939 169.598887039 -0.768568077 0.005410312 0.035998540 0.990636486 -0.131583379
1317401214.815850019 436.340977491 169.426149873 -0.758690548 0.005328297 0.035907558 0.992326906 -0.118192931
1317401214.919600010 435.720514749 169.264753234 -0.746046401 0.005199880 0.035712414 0.993702101 -0.106083548
1317401215.023324966 435.067848606 169.115253931 -0.739586288 0.004198655 0.037039842 0.994683270 -0.095997984
1317401215.127027988 434.369533065 168.985091826 -0.716290228 0.002784421 0.039511062 0.995319843 -0.088144954
1317401215.230707884 433.695814687 168.842691892 -0.700130927 0.002190020 0.041530008 0.995732402 -0.082385951
1317401215.334362030 432.959481914 168.698365280 -0.681196129 0.001753143 0.042817450 0.996008119 -0.078303380
1317401215.438015938 432.240475795 168.573800366 -0.676573806 0.001536920 0.042252797 0.996153383 -0.076751390
1317401215.541697025 431.539014916 168.442796993 -0.664628037 0.001574233 0.042265174 0.996252073 -0.075451860
1317401215.645375967 430.723013489 168.299020117 -0.657144544 0.001692293 0.042816826 0.996178087 -0.076112251
1317401215.749077082 429.964683348 168.189442434 -0.645453375 0.001580870 0.044846122 0.996055105 -0.076554249
1317401215.852828979 429.176417290 168.070752683 -0.633676624 0.001213720 0.044624689 0.995995183 -0.077464569
1317401215.956579924 428.330262096 167.931368961 -0.622117378 0.000134113 0.044017327 0.995894337 -0.079100741
1317401216.060305119 427.516153334 167.798276194 -0.614693826 -0.000276503 0.042671346 0.995828681 -0.080649355
1317401216.164058924 426.689205891 167.672485422 -0.603873420 -0.000810695 0.043502189 0.995682828 -0.081991516
1317401216.267857075 425.807997458 167.531783128 -0.581768899 -0.000507864 0.043386594 0.995545104 -0.083709565
1317401216.371654987 424.956751482 167.370263345 -0.591609789 -0.000944915 0.043618372 0.995418815 -0.085076010
1317401216.475430965 424.060384570 167.209018916 -0.564491621 -0.000082010 0.044712878 0.995242878 -0.086558450
1317401216.579231024 423.142312739 167.050459746 -0.550723001 0.001835185 0.044475385 0.995065750 -0.088672012
1317401216.683075905 422.274663754 166.892381743 -0.546135138 0.002633248 0.044166452 0.994954793 -0.090040823
1317401216.786946058 421.353082145 166.729016134 -0.531302192 0.001476867 0.045946172 0.994684157 -0.092142256
1317401216.890815020 420.464896635 166.566179699 -0.528243276 -0.000855297 0.045984446 0.994575437 -0.093297365
1317401216.994683981 419.530885113 166.389329136 -0.487543397 -0.003440714 0.048221273 0.994394804 -0.094031076
1317401217.098602057 418.613714214 166.212888842 -0.489478153 -0.005353425 0.049141420 0.994301516 -0.094450819
1317401217.202545881 417.683654079 166.039023646 -0.464619636 -0.007029161 0.048952537 0.994321062 -0.094233035
1317401217.306489944 416.747457942 165.857991172 -0.457336580 -0.008589314 0.048705850 0.994364533 -0.093771744
1317401217.410432100 415.818309450 165.686705399 -0.439382531 -0.009308018 0.048111694 0.994436547 -0.093244729
1317401217.514373064 414.883670077 165.481549875 -0.429629915 -0.008780443 0.048228502 0.994478956 -0.092782119
1317401217.618315935 413.997941697 165.316471016 -0.430273902 -0.009292064 0.048005743 0.994532650 -0.092270873
1317401217.722260952 413.055672329 165.148289941 -0.434917797 -0.010951335 0.048002637 0.994541872 -0.091990656
1317401217.826205969 412.150012855 164.964480025 -0.422655362 -0.010626148 0.048622812 0.994533431 -0.091794122
1317401217.930149078 411.215345266 164.770279163 -0.420895586 -0.007407014 0.049286329 0.994539565 -0.091689951
1317401218.034116030 410.317006629 164.606337990 -0.387905501 -0.003078833 0.046837691 0.994686174 -0.091630596
1317401218.138081074 409.375061149 164.426721457 -0.406380473 -0.000913525 0.044814017 0.994790299 -0.091559441
1317401218.242048979 408.450411390 164.235168818 -0.393994419 -0.001224656 0.039737793 0.994943683 -0.092230561
1317401218.346041203 407.552020773 164.054356649 -0.379148638 -0.002863962 0.039320518 0.994875403 -0.093105461
1317401218.450030088 406.663390133 163.879406592 -0.375182432 -0.004057491 0.038739506 0.994805420 -0.094047664
1317401218.553997040 405.753771563 163.702555591 -0.361211497 -0.005340679 0.038162011 0.994711672 -0.095204135
1317401218.657963991 404.867974073 163.521007201 -0.359129376 -0.006648669 0.039721524 0.994535931 -0.096313440
1317401218.761905909 403.975262480 163.331066719 -0.335581328 -0.006648956 0.040093945 0.994349506 -0.098067972
1317401218.865848064 403.089455135 163.166301067 -0.319589996 -0.004381493 0.041333046 0.994106810 -0.100120087
1317401218.969840050 402.223737500 163.006077809 -0.315216174 -0.002084346 0.040638137 0.993917209 -0.102336599
1317401219.073831081 401.397274126 162.805650031 -0.295551498 -0.000523799 0.041714544 0.993700594 -0.104013227
1317401219.177820921 400.533974819 162.643402436 -0.277143158 -0.001023974 0.041259409 0.993539785 -0.105713327
1317401219.281836033 399.734409574 162.446523871 -0.270068362 -0.002910313 0.039912128 0.993450220 -0.107029025
1317401219.385848999 398.928443620 162.261242247 -0.251830255 -0.004368408 0.038537783 0.993318151 -0.108695938
1317401219.489837885 398.147172374 162.093311148 -0.229003140 -0.004290044 0.039525630 0.993128083 -0.110072387
1317401219.593828917 397.417826118 161.914788935 -0.211517857 -0.003704312 0.040364393 0.992951081 -0.111378385
1317401219.697822094 396.674605937 161.749585830 -0.194022037 -0.003366803 0.039994852 0.992825051 -0.112638780
1317401219.801814079 395.952787663 161.579695587 -0.193543362 -0.003816488 0.039169603 0.992686787 -0.114123264
1317401219.905805111 395.293512373 161.415330505 -0.166411584 -0.003912739 0.039742642 0.992531889 -0.115263448
1317401220.009793997 394.620210377 161.264373224 -0.153224227 -0.003870780 0.039114195 0.992394066 -0.116658113
1317401220.113782883 393.965548608 161.102056228 -0.143472384 -0.003664338 0.036386611 0.992384785 -0.117622383
1317401220.217775106 393.303515286 160.930472987 -0.138409142 -0.003618811 0.034386478 0.992339631 -0.118602411
1317401220.321767092 392.691587070 160.770174293 -0.119577050 -0.003175921 0.034209421 0.992201457 -0.119816101
1317401220.425757885 392.067974272 160.645820749 -0.102190240 -0.002486105 0.033423635 0.992152640 -0.120456710
1317401220.529795885 391.462456701 160.480548765 -0.094126888 -0.002209066 0.031228254 0.992373027 -0.119229572
1317401220.633858919 390.892795761 160.339813215 -0.098489132 -0.002928196 0.028312948 0.992706178 -0.117150530
1317401220.737921953 390.345953894 160.200897757 -0.085662478 -0.004101280 0.027610751 0.992950925 -0.115192389
1317401220.841959953 389.843020358 160.086033720 -0.068192287 -0.004707912 0.028308781 0.993163194 -0.113151754
1317401220.945998907 389.359700954 159.959331123 -0.052394485 -0.004528612 0.029858686 0.993284982 -0.111682118
1317401221.050040007 388.884603506 159.860801378 -0.047534563 -0.003662010 0.030467975 0.993422418 -0.110318588
1317401221.154079914 388.431526275 159.753103885 -0.040487237 -0.001921371 0.029979270 0.993577476 -0.109093314
1317401221.258093119 387.960872143 159.638280442 -0.026722287 -0.000511134 0.029560465 0.993665296 -0.108421383
1317401221.362082958 387.511054668 159.520139239 -0.022905128 -0.000313974 0.029553745 0.993664692 -0.108429509
1317401221.466074228 387.053263881 159.425718342 -0.015653509 -0.000656932 0.029404488 0.993659282 -0.108518090
1317401221.570039034 386.605997046 159.327918442 -0.009152084 -0.000586044 0.029203032 0.993615116 -0.108976328
1317401221.673981905 386.165581511 159.214322452 0.000659775 0.000138351 0.029317265 0.993511907 -0.109884344
1317401221.777899981 385.712615407 159.101274558 0.006859157 0.001429010 0.029272136 0.993344024 -0.111394568
1317401221.881827116 385.263698935 159.005485747 0.020961247 0.003611384 0.028663430 0.993144899 -0.113263304
1317401221.985744953 384.854066320 158.910582663 0.028964269 0.006015499 0.028894290 0.992867173 -0.115514979
1317401222.089679956 384.428688415 158.806348493 0.040334896 0.007979635 0.029617350 0.992579272 -0.117667019
1317401222.193623066 384.004150663 158.703128899 0.044920113 0.008568642 0.031329839 0.992295030 -0.119564177
1317401222.297564983 383.586043584 158.594680975 0.055206065 0.007920493 0.032870172 0.991993637 -0.121677617
1317401222.401506901 383.158559217 158.488771579 0.066644328 0.006568852 0.033525200 0.991728827 -0.123720831
1317401222.505428076 382.705278757 158.374099789 0.086057117 0.003902417 0.032774764 0.991493103 -0.125904779
1317401222.609348059 382.264519156 158.256214975 0.108036440 0.000452427 0.031917411 0.991230902 -0.128227815
1317401222.713289976 381.816165815 158.121012256 0.119933984 -0.002459465 0.032220135 0.990899065 -0.130670797
1317401222.817234993 381.345373210 158.002545336 0.137241258 -0.003753563 0.033506945 0.990466852 -0.133561264
1317401222.921178102 380.885533261 157.884693877 0.150801827 -0.003520676 0.034533998 0.990097112 -0.136024689
1317401223.025144100 380.407685818 157.740858810 0.156722069 -0.002869187 0.034291445 0.989782344 -0.138371878
1317401223.129111052 379.902747124 157.596186842 0.157743407 -0.002888879 0.032987743 0.989518829 -0.140555862
1317401223.233102083 379.404571670 157.453857494 0.160750624 -0.003493169 0.031444308 0.989339589 -0.142148622
1317401223.337091923 378.867170379 157.300766279 0.163540964 -0.004330177 0.030269650 0.989213856 -0.143251336
1317401223.441059113 378.343020999 157.135587876 0.172153634 -0.004949978 0.029846812 0.989117947 -0.143980392
1317401223.545047998 377.792761295 156.977037908 0.180580088 -0.004803453 0.029422258 0.989112954 -0.144106981
1317401223.649085999 377.228110838 156.803284499 0.186175111 -0.004129893 0.028807399 0.989250719 -0.143304195
1317401223.753124952 376.657894384 156.635643991 0.185478605 -0.002872080 0.027946850 0.989424175 -0.142304345
1317401223.857141018 376.068259430 156.452163949 0.190881592 -0.002137046 0.027423365 0.989667759 -0.140716447
1317401223.961183071 375.437701363 156.266573968 0.185679129 -0.002550502 0.026563256 0.989923001 -0.139069552
1317401224.065244913 374.808750280 156.088692098 0.191695195 -0.003929118 0.027028169 0.990180182 -0.137103053
1317401224.169305086 374.172678989 155.904520833 0.207215566 -0.004237495 0.026799533 0.990482772 -0.134935935
1317401224.273367882 373.515387489 155.705283385 0.210715540 -0.003734697 0.025369453 0.990933236 -0.131885423
1317401224.377454042 372.850531113 155.529037927 0.214262632 -0.001916875 0.023616451 0.991489832 -0.128009772
1317401224.481565952 372.155678205 155.336308169 0.213086313 -0.000679593 0.022043950 0.992151014 -0.123085204
1317401224.585675001 371.445564853 155.140923292 0.213592212 -0.000617061 0.021534460 0.992980478 -0.116299857
1317401224.689810038 370.708241267 154.973259015 0.205682421 -0.001001865 0.020990654 0.993830330 -0.108902088
1317401224.793919086 369.943869483 154.777654019 0.222225456 -0.001129962 0.021179220 0.994626668 -0.101330921
1317401224.898007154 369.179578948 154.628874703 0.222666535 -0.000632963 0.021597198 0.995337450 -0.094002768
1317401225.002070665 368.393431289 154.488618384 0.225771316 -0.000251706 0.021671146 0.995981966 -0.086892013
1317401225.106107950 367.559591174 154.339854939 0.226511234 -0.001065458 0.022532449 0.996519877 -0.080245171
1317401225.210123062 366.735921079 154.201971215 0.231762949 -0.002483197 0.022838138 0.996972856 -0.074279050
1317401225.314064980 365.883106635 154.073320640 0.232845076 -0.003832952 0.023779230 0.997254055 -0.070030044
1317401225.417983055 364.999041402 153.938076506 0.248491774 -0.003770156 0.024221978 0.997478377 -0.066603076
1317401225.521879911 364.139656763 153.816697369 0.244351326 -0.003421327 0.024108320 0.997620734 -0.064497717
1317401225.625727892 363.224799470 153.685183957 0.247494266 -0.004058323 0.024212900 0.997739931 -0.062548348
1317401225.729573965 362.348618747 153.580523481 0.241086413 -0.005706044 0.024595860 0.997768952 -0.061802943
1317401225.833444118 361.424279753 153.460751079 0.230875739 -0.007306575 0.026145125 0.997760270 -0.061135023
1317401225.937315941 360.491732368 153.333055985 0.253966206 -0.006398605 0.028615127 0.997704321 -0.061043589
1317401226.041208029 359.549388162 153.217351613 0.251358761 -0.003526352 0.029489311 0.997675929 -0.061324428
1317401226.145103931 358.603019682 153.094966930 0.257530393 -0.001406704 0.029795320 0.997660672 -0.061509704
1317401226.248975754 357.642165332 152.970425677 0.229639150 -0.002109120 0.030268901 0.997599482 -0.062246434
1317401226.352847099 356.683664490 152.848357425 0.237546432 -0.004555211 0.030799926 0.997536677 -0.062858507
1317401226.456718922 355.691842652 152.724431728 0.255088998 -0.006017739 0.032250346 0.997431363 -0.063674002
1317401226.560589075 354.698395446 152.597157037 0.260630871 -0.007006006 0.032967941 0.997343488 -0.064575517
1317401226.664483070 353.706618208 152.452266081 0.257950388 -0.008115861 0.032196762 0.997277752 -0.065837584
1317401226.768377066 352.713396222 152.315703129 0.259447667 -0.009392293 0.034933363 0.997121580 -0.066633323
1317401226.872247696 351.740051126 152.190310899 0.261649124 -0.009262765 0.036903302 0.996959978 -0.067993752
1317401226.976119995 350.742256369 152.037910123 0.265127131 -0.007469750 0.038910786 0.996772426 -0.069820374
1317401227.079989910 349.742034432 151.896151877 0.274709139 -0.006011397 0.042342609 0.996485671 -0.072022732
1317401227.183834076 348.763390591 151.763564940 0.276655810 -0.005420020 0.044591587 0.996179753 -0.074887343
1317401227.287658930 347.766731018 151.606608420 0.275306631 -0.006492235 0.044824760 0.995888928 -0.078446385
1317401227.391482115 346.792480881 151.444398980 0.296170525 -0.007440200 0.045045945 0.995601426 -0.081812629
1317401227.495304108 345.818799572 151.278605453 0.287104300 -0.007876743 0.045314563 0.995302835 -0.085186936
1317401227.599126101 344.833378000 151.113141019 0.315994610 -0.006529758 0.044070272 0.995075407 -0.088544379
1317401227.702949047 343.870367951 150.931113709 0.313149431 -0.004106219 0.041341277 0.994964156 -0.091216038
1317401227.806771994 342.904956383 150.745915221 0.321464203 -0.004388225 0.040098031 0.994739997 -0.094155346
1317401227.910621881 341.961500489 150.554557085 0.325680707 -0.006993814 0.037757951 0.994578237 -0.096641369
1317401228.014492989 340.993492080 150.370238269 0.328648576 -0.010346937 0.039151941 0.994308885 -0.098538862
1317401228.118386984 340.037947635 150.170373216 0.354337845 -0.010875734 0.038027476 0.994127254 -0.100730495
1317401228.222305059 339.101251044 149.971253805 0.351373821 -0.009886376 0.036804042 0.994108979 -0.101464574
1317401228.326247931 338.186863926 149.778220506 0.355576378 -0.008782482 0.035276882 0.994107426 -0.102121671
1317401228.430188894 337.281220961 149.577177092 0.350498461 -0.008749773 0.035595144 0.994058737 -0.102487343
1317401228.534131050 336.399284280 149.390581857 0.370303064 -0.008405372 0.037870522 0.993903351 -0.103205141
1317401228.638073921 335.539724591 149.212217093 0.375807825 -0.008112413 0.039412468 0.993796704 -0.103677183
1317401228.742016077 334.717900531 149.035718047 0.380999088 -0.008996181 0.041754232 0.993643055 -0.104159166
1317401228.845959902 333.907378173 148.865397948 0.394477168 -0.009907697 0.042360207 0.993536818 -0.104842935
1317401228.949904919 333.116076187 148.700142356 0.396234079 -0.010285867 0.041406043 0.993491752 -0.105611925
1317401229.053894997 332.361775614 148.530287814 0.413052399 -0.009825439 0.040701377 0.993519391 -0.105669663
1317401229.157886028 331.626727922 148.374797306 0.414254153 -0.009380276 0.039785874 0.993605964 -0.105243925
1317401229.261877060 330.928651850 148.221102402 0.422538415 -0.009313737 0.037783680 0.993777362 -0.104365718
1317401229.365866899 330.245891360 148.065094959 0.427652975 -0.009002697 0.036340890 0.993935980 -0.103390320
1317401229.469856977 329.591925888 147.915800148 0.434602509 -0.009038978 0.034161071 0.994091545 -0.102631955
1317401229.573847055 328.975510337 147.785795953 0.435486118 -0.009757407 0.033530053 0.994157706 -0.102132194
1317401229.677814960 328.396130372 147.661612517 0.446149756 -0.010288473 0.033092343 0.994215336 -0.101660758
1317401229.781783104 327.829494082 147.543254652 0.446550274 -0.011392152 0.032920100 0.994271988 -0.101043060
1317401229.885725021 327.296709858 147.427054172 0.456932786 -0.012790537 0.030755556 0.994364010 -0.100651450
1317401229.989665985 326.799956687 147.333433675 0.457060079 -0.013247857 0.028540967 0.994492465 -0.099973220
1317401230.093631983 326.323188252 147.219516436 0.461963384 -0.012961695 0.026111042 0.994626142 -0.099343071
1317401230.197576046 325.889281330 147.133425749 0.451550121 -0.012143104 0.026054502 0.994679820 -0.098923019
1317401230.301496029 325.452213806 147.025855360 0.460094247 -0.010363601 0.028373343 0.994648596 -0.098801415
1317401230.405438900 325.032633544 146.947132315 0.461028166 -0.008334541 0.030941166 0.994557400 -0.099140089
1317401230.509385109 324.619139113 146.870187557 0.472187188 -0.006033225 0.031953862 0.994507581 -0.099484780
1317401230.613327980 324.199222806 146.776178870 0.465023343 -0.004375448 0.029150471 0.994539156 -0.100114798
1317401230.717266083 323.799971231 146.673692068 0.459504085 -0.003767596 0.026930141 0.994494656 -0.101197591
1317401230.821208000 323.384539214 146.578219622 0.455209867 -0.004543509 0.028529223 0.994344172 -0.102201309
1317401230.925158262 322.990731996 146.506377541 0.458170737 -0.005809928 0.031722087 0.994117835 -0.103390926
1317401231.029126883 322.586864254 146.424871720 0.473331798 -0.006283697 0.034618010 0.993928801 -0.104248003
1317401231.133112907 322.183853190 146.341288772 0.485718859 -0.005809272 0.035807191 0.993824743 -0.104864095
1317401231.237086058 321.790162401 146.259089752 0.492853535 -0.005324914 0.035673890 0.993757982 -0.105565583
1317401231.341027021 321.390529416 146.159580004 0.493562526 -0.005521578 0.035398910 0.993673112 -0.106443298
1317401231.444938898 321.018410396 146.066544715 0.483167912 -0.006794621 0.036830213 0.993402612 -0.108391048
1317401231.548857927 320.613717009 145.983600920 0.497637453 -0.007665211 0.038842768 0.993008054 -0.111209211
1317401231.652776003 320.218814784 145.887388021 0.497553154 -0.007711919 0.038735520 0.992690007 -0.114046643
1317401231.756692886 319.816807767 145.775402264 0.500772607 -0.007326601 0.036980437 0.992395446 -0.117175284
1317401231.860615015 319.425251885 145.689406249 0.502086575 -0.007418330 0.037207842 0.991996284 -0.120432212
1317401231.964534998 319.012438019 145.596708632 0.510711557 -0.007896601 0.039688350 0.991496431 -0.123682276
1317401232.068451881 318.584213558 145.497701888 0.517585466 -0.007555273 0.041402003 0.991068401 -0.126539391
1317401232.172394037 318.154888656 145.379293571 0.523358009 -0.005825351 0.041755503 0.990704556 -0.129333002
1317401232.276360989 317.730705299 145.263454916 0.519815259 -0.003538798 0.040111626 0.990469971 -0.131710934
1317401232.380326986 317.288266635 145.124208135 0.512978005 -0.002844173 0.037940679 0.990190773 -0.134441993
1317401232.484268904 316.839384858 145.001150624 0.507349680 -0.003631496 0.037243919 0.989796175 -0.137489035
1317401232.588212967 316.364539955 144.864606741 0.517867454 -0.004354425 0.038399411 0.989319374 -0.140547860
1317401232.692181110 315.890239351 144.730252631 0.528175984 -0.004409245 0.040056152 0.988874924 -0.143186756
1317401232.796147108 315.393105573 144.586032508 0.533399613 -0.004570578 0.040856183 0.988498457 -0.145535846
1317401232.900114059 314.884249975 144.428330821 0.549703975 -0.004462757 0.040080927 0.988294492 -0.147131234
1317401233.004080057 314.359795375 144.270249006 0.548836869 -0.002547488 0.037945282 0.988228721 -0.148181176
1317401233.108046055 313.822156049 144.095246366 0.558411629 -0.000053883 0.036191481 0.988242214 -0.148551337
1317401233.212017059 313.287812371 143.928312092 0.552124423 0.001984096 0.035038177 0.988267469 -0.148646559
1317401233.315983057 312.724997511 143.758412977 0.558151144 0.002195789 0.034295714 0.988365508 -0.148164113
1317401233.419972897 312.140391751 143.572529493 0.571561244 0.000966853 0.032431275 0.988578265 -0.147174358
1317401233.523962021 311.550626540 143.392914801 0.577021898 -0.002288050 0.030173858 0.988858073 -0.145753268
1317401233.627926111 310.937423594 143.202937084 0.586873499 -0.006779008 0.027486094 0.989155981 -0.144114552
1317401233.731918097 310.325378028 143.013187108 0.604811359 -0.008749913 0.025015063 0.989498667 -0.142091776
1317401233.835933924 309.690243815 142.821508806 0.612425950 -0.007584257 0.021893197 0.989940977 -0.139570877
1317401233.939949036 309.048951061 142.640737420 0.591738898 -0.005497406 0.020286228 0.990461325 -0.136178599
1317401234.043986082 308.408380052 142.443615367 0.597428304 -0.002841576 0.019929100 0.991056821 -0.131913357
1317401234.148072004 307.722857617 142.270876272 0.593647651 -0.000503178 0.020947022 0.991795349 -0.126106919
1317401234.252182961 307.038934030 142.102354766 0.596827177 0.001139213 0.020575021 0.992651094 -0.119244186
1317401234.356295109 306.346943093 141.913147301 0.597144802 0.001934809 0.020950599 0.993513528 -0.111750607
1317401234.460406065 305.613156636 141.749898055 0.608502958 0.001872924 0.020906499 0.994425293 -0.103333185
1317401234.564515114 304.896965348 141.612654261 0.614716739 0.000286874 0.022054044 0.995313409 -0.094152823
1317401234.668648958 304.154987640 141.464777124 0.632012903 -0.001971855 0.021615313 0.996199473 -0.084353418
1317401234.772785902 303.415143642 141.323142111 0.629344778 -0.004929744 0.021005660 0.997020685 -0.074055473
1317401234.876897097 302.648401864 141.205291794 0.639679751 -0.006453277 0.021274167 0.997690682 -0.064179960
1317401234.980982065 301.881864509 141.110190886 0.640294084 -0.005511278 0.023019501 0.998267238 -0.053872528
1317401235.084997892 301.107669931 141.009943551 0.657683550 -0.001748399 0.024540518 0.998673512 -0.045231865
1317401235.188941002 300.306805489 140.933354403 0.654477229 0.001305930 0.026335313 0.998938563 -0.037768949
1317401235.292834997 299.507821929 140.862775563 0.644535215 0.001749405 0.028607473 0.999045144 -0.032975011
1317401235.396657944 298.674729034 140.790130908 0.643559263 0.000209858 0.032178877 0.999006866 -0.030818143
1317401235.500410080 297.842578124 140.726986257 0.663148255 -0.000901610 0.035539410 0.998894162 -0.030766718
1317401235.604134083 297.019075935 140.678755197 0.675152404 -0.002328378 0.037189289 0.998809117 -0.031494184
1317401235.707860947 296.214627380 140.625633720 0.669157313 -0.004708073 0.037990402 0.998699589 -0.033670377
1317401235.811567068 295.393931760 140.563178442 0.679965923 -0.007405309 0.039157440 0.998535506 -0.036588236
1317401235.915245056 294.528261085 140.480939124 0.680067475 -0.008068267 0.041743909 0.998278454 -0.040403927
1317401236.018945932 293.696800600 140.432141847 0.690564151 -0.006433610 0.043314669 0.998066616 -0.044107586
1317401236.122672081 292.822921211 140.384481749 0.686580435 -0.004267494 0.045773858 0.997780393 -0.048174996
1317401236.226422071 291.943370543 140.264797298 0.689264704 -0.002455397 0.045035622 0.997570417 -0.053094501
1317401236.330199003 291.065990457 140.167122423 0.683082671 -0.001430484 0.043579927 0.997394226 -0.057476101
1317401236.433991909 290.179243765 140.067560615 0.694166083 -0.001807078 0.043152697 0.997149261 -0.061870270
1317401236.537817001 289.263935451 139.945020002 0.689139771 -0.003509615 0.044027172 0.996842399 -0.065988806
1317401236.641647100 288.358710958 139.826129615 0.694948713 -0.004378370 0.043133881 0.996627146 -0.069675169
1317401236.745467901 287.383532022 139.654094612 0.718762521 -0.004020771 0.041237731 0.996439097 -0.073433019
1317401236.849288940 286.466837783 139.528270148 0.706764884 -0.004287581 0.041274465 0.996173234 -0.076921540
1317401236.953136921 285.552949702 139.381549872 0.722051056 -0.004974448 0.040731851 0.995937552 -0.080153374
1317401237.057007074 284.634257492 139.227430754 0.737844321 -0.006099660 0.040712070 0.995728097 -0.082649126
1317401237.160847902 283.712624062 139.076785073 0.726532070 -0.007270755 0.040013567 0.995606112 -0.084347621
1317401237.264693022 282.784960315 138.914070618 0.758057544 -0.006452966 0.041605567 0.995434758 -0.085656166
1317401237.368570089 281.873530167 138.747075962 0.751686401 -0.004559928 0.039460877 0.995415716 -0.087003437
1317401237.472466946 280.962410596 138.589428375 0.763575179 -0.004113614 0.039656512 0.995330163 -0.087910789
1317401237.576384068 280.044550093 138.419376905 0.756262374 -0.005805771 0.039320804 0.995291834 -0.088398719
1317401237.680326939 279.129076636 138.252921084 0.769866593 -0.006839358 0.039482055 0.995290121 -0.088272110
1317401237.784270048 278.235684926 138.097697114 0.776706634 -0.007091329 0.041606234 0.995247826 -0.087751916
1317401237.888187885 277.316465017 137.930530297 0.791723684 -0.005988943 0.043939796 0.995148332 -0.087824969
1317401237.992084026 276.421930809 137.772574915 0.803744045 -0.004744726 0.044801516 0.995151522 -0.087428595
1317401238.095978975 275.535689737 137.618988327 0.811732503 -0.005298395 0.046300472 0.995107557 -0.087115687
1317401238.199898005 274.638317424 137.455459957 0.823431711 -0.008440476 0.045444767 0.995119875 -0.087177780
1317401238.303838015 273.734626293 137.288988656 0.820909787 -0.012387671 0.043017335 0.995203011 -0.086988625
1317401238.407803059 272.855896472 137.130716041 0.817924627 -0.015801800 0.040998454 0.995345479 -0.085771829
1317401238.511770010 271.966968330 136.972048530 0.817307267 -0.016334245 0.040208884 0.995485931 -0.084404968
1317401238.615739107 271.093081113 136.804461039 0.815312256 -0.013390792 0.041679043 0.995592975 -0.082934742
1317401238.719708920 270.228227197 136.659348659 0.817392802 -0.009843641 0.042324656 0.995689537 -0.081939439
1317401238.823652029 269.378339271 136.520964006 0.806737073 -0.008105291 0.042167152 0.995743195 -0.081558112
1317401238.927593946 268.535618945 136.368649407 0.805314360 -0.008486739 0.043697939 0.995678418 -0.081504312
1317401239.031534910 267.705464314 136.238815997 0.811241547 -0.008793173 0.044962602 0.995592191 -0.081836628
1317401239.135454893 266.882053084 136.094908723 0.821433232 -0.008325545 0.043613870 0.995657341 -0.081822822
1317401239.239372969 266.069409441 135.966261315 0.819753754 -0.008583182 0.046696797 0.995523340 -0.081725253
1317401239.343291044 265.280036988 135.829267079 0.834159558 -0.010320817 0.047172662 0.995440041 -0.082263877
1317401239.447211027 264.504248217 135.690906915 0.833674486 -0.012758902 0.047666647 0.995324876 -0.083027063
1317401239.551130056 263.771491391 135.571170138 0.834692941 -0.014054252 0.045853012 0.995353811 -0.083491141
1317401239.655048847 263.043437812 135.451382192 0.839061601 -0.013489641 0.047322790 0.995233348 -0.084197189
1317401239.758991957 262.336448226 135.325136688 0.850465742 -0.011247370 0.047737743 0.995198518 -0.084702508
1317401239.862956047 261.670980567 135.217849771 0.846524318 -0.008964229 0.048246653 0.995200782 -0.084659945
1317401239.966923952 261.006695407 135.089313218 0.850670535 -0.007925737 0.046873666 0.995222511 -0.085277170
1317401240.070867062 260.367201202 134.982664422 0.849199963 -0.008438004 0.047054013 0.995126062 -0.086248714
1317401240.174808025 259.778069680 134.873149445 0.858929434 -0.010000529 0.047017267 0.994974419 -0.087836622
1317401240.278752089 259.208204440 134.780995894 0.865504158 -0.011394091 0.047102247 0.994729562 -0.090358459
1317401240.382671118 258.693303097 134.685680337 0.876632168 -0.011853899 0.046612994 0.994517736 -0.092850346
1317401240.486613035 258.190675592 134.590724582 0.881967366 -0.012037221 0.045360523 0.994330415 -0.095417783
1317401240.590579033 257.693068501 134.479347253 0.882808227 -0.012205833 0.044611122 0.994068405 -0.098432070
1317401240.694545984 257.276637359 134.402983602 0.886105307 -0.012058399 0.044411816 0.993798939 -0.101221810
1317401240.798511982 256.828652962 134.319201236 0.892336410 -0.011235911 0.044718229 0.993484836 -0.104220515
1317401240.902503014 256.394899023 134.220588649 0.893577703 -0.010564350 0.044129232 0.993144736 -0.107724365
1317401241.006493092 255.991837448 134.115367809 0.892690062 -0.010372752 0.043367807 0.992760690 -0.111525121
1317401241.110483885 255.620268581 134.012168240 0.898499520 -0.010283195 0.042107219 0.992328260 -0.115783687
1317401241.214476109 255.287611736 133.927651178 0.901743287 -0.009689703 0.042096730 0.991782626 -0.120420917
1317401241.318466902 254.953394718 133.856234209 0.905208923 -0.008755438 0.042154812 0.991222293 -0.124998722
1317401241.422458887 254.615946964 133.749970345 0.908922203 -0.007630943 0.041708466 0.990517941 -0.130676629
1317401241.526426077 254.280757181 133.665315472 0.914361552 -0.006209499 0.040608037 0.989841428 -0.136111633
1317401241.630367994 253.992290897 133.581395103 0.916192766 -0.004290697 0.040035965 0.989048420 -0.141992726
1317401241.734309912 253.688689208 133.478112352 0.921338951 -0.002643964 0.039316889 0.988100894 -0.148673518
1317401241.838253021 253.407952265 133.423893429 0.917672979 -0.001730476 0.038825057 0.987183501 -0.154784871
1317401241.942174911 253.160170415 133.308787451 0.921223093 -0.001476103 0.038357558 0.985958833 -0.162516766
1317401242.046070099 252.879559171 133.208664208 0.923386520 -0.001421144 0.037961869 0.984581306 -0.170752831
1317401242.149920940 252.607164961 133.113207594 0.925458800 -0.001473145 0.038003705 0.982920662 -0.180056990
1317401242.253742933 252.336750200 133.029418290 0.932899139 -0.001891030 0.038019155 0.980974199 -0.190369609
1317401242.357558966 252.094161696 132.881130723 0.943880304 -0.002465565 0.036823912 0.978518115 -0.202830519
1317401242.461358070 251.848682758 132.807131362 0.953989655 -0.003371825 0.034718250 0.975921132 -0.215316552
1317401242.565135002 251.649432436 132.688600506 0.962510646 -0.003973806 0.031962150 0.972920092 -0.228886708
1317401242.668932915 251.413893389 132.559311092 0.969814983 -0.004980428 0.030199280 0.969732693 -0.242243066
1317401242.772751093 251.211839907 132.462229905 0.981007720 -0.005835824 0.029456484 0.966370015 -0.255396266
1317401242.876550913 251.011680590 132.356091563 0.992577322 -0.006284295 0.028445839 0.962686461 -0.269046687
1317401242.980328083 250.790853456 132.200978731 0.994118110 -0.006026512 0.028028714 0.958518778 -0.283583894
1317401243.084103107 250.601270863 132.081881353 1.005476831 -0.005292953 0.028134253 0.954154745 -0.297941557
1317401243.187850952 250.397265880 131.933117511 1.008229050 -0.004412035 0.027991323 0.949366578 -0.312889950
1317401243.291578770 250.188638964 131.791626280 1.017859493 -0.002960061 0.027186118 0.944232551 -0.328141804
1317401243.395304918 249.979937969 131.603927916 1.013044776 -0.001341553 0.026302058 0.938443464 -0.344427447
1317401243.499054909 249.755392121 131.397622221 1.020962580 -0.000037978 0.025711192 0.932303596 -0.360761609
1317401243.602804899 249.541902564 131.227599089 1.019898428 0.001152819 0.026795473 0.925695656 -0.377317141
1317401243.706510067 249.335195532 131.004480816 1.036567678 0.002291367 0.027850167 0.918199471 -0.395131432
1317401243.810214043 249.110868378 130.761570877 1.034636101 0.003094004 0.028949793 0.910319015 -0.412882098
1317401243.913943052 248.897613706 130.521014866 1.057156020 0.002984325 0.029751709 0.902028834 -0.430638958
1317401244.017669916 248.682894277 130.238055517 1.056952315 0.003573120 0.030713553 0.893089129 -0.448815906
1317401244.121395111 248.450556698 129.965460240 1.077995060 0.004175361 0.030563512 0.883560134 -0.467300683
1317401244.225120068 248.253639825 129.627637253 1.081678033 0.005355617 0.029223393 0.873709380 -0.485540143
1317401244.328846931 248.043608593 129.279761159 1.094004820 -0.005388625 -0.027945187 -0.863109963 0.504213467
1317401244.432573080 247.851130392 128.939204968 1.107180797 -0.004575276 -0.027690178 -0.852495447 0.521980683
1317401244.536324978 247.675082084 128.571340167 1.135943407 -0.003749753 -0.028169036 -0.841712599 0.539177472
1317401244.640125036 247.486154632 128.147704835 1.157176908 -0.003213579 -0.028059706 -0.830501201 0.556300352
1317401244.743949890 247.313473572 127.751263247 1.173572144 -0.002541604 -0.027530860 -0.819658882 0.572184331
1317401244.847820044 247.146880682 127.322369822 1.190776854 -0.001263144 -0.027568702 -0.809357872 0.586667032
1317401244.951784849 247.020760653 126.856090585 1.213775684 -0.000542187 -0.027777259 -0.799913400 0.599472003
1317401245.055799007 246.862079180 126.365676904 1.237579423 -0.000314915 -0.027751068 -0.791798798 0.610151163
1317401245.159862995 246.736619023 125.825074884 1.257866136 -0.000348289 -0.027712271 -0.784780761 0.619153508
1317401245.263976097 246.605791167 125.279180107 1.276891965 0.000209476 -0.028231878 -0.778806951 0.626627999
1317401245.368108988 246.468633673 124.675914864 1.295179674 0.001694420 -0.030189350 -0.773306982 0.633310385
1317401245.472218037 246.356194294 124.091336295 1.319923091 0.004230588 -0.032636293 -0.767578782 0.640109201
1317401245.576256990 246.227989321 123.471980037 1.351700478 0.006894796 -0.033861212 -0.761086805 0.647728921
1317401245.680273056 246.117985510 122.823470226 1.382978394 0.010067502 -0.034606674 -0.753524257 0.656431427
1317401245.784261942 246.036421475 122.199785560 1.411993896 0.013190000 -0.034769143 -0.745278512 0.665715457
1317401245.888205051 245.966819271 121.550050875 1.446261707 0.016137379 -0.034681047 -0.735810495 0.676106298
1317401245.992147923 245.910198872 120.899961270 1.473812788 0.018114703 -0.034049830 -0.726163621 0.686439263
1317401246.096115112 245.873700218 120.269966917 1.500874588 0.019401611 -0.033743708 -0.716262706 0.696744340
1317401246.200081110 245.846816769 119.661181464 1.528633946 0.019828369 -0.033011982 -0.706358041 0.706806453
1317401246.304047108 245.859528148 119.061293882 1.550778205 0.019315114 -0.032805864 -0.696877770 0.716178801
1317401246.408037901 245.901077413 118.497562775 1.577279491 0.017570191 -0.032815949 -0.687655431 0.725082347
1317401246.512053013 245.977410555 117.909785143 1.597199580 0.015535597 -0.033100504 -0.678968248 0.733256517
1317401246.616092920 246.028702057 117.362252355 1.618688974 0.013598786 -0.033278821 -0.670985928 0.740598054
1317401246.720202923 246.113266813 116.794894860 1.643078398 0.011509809 -0.033109650 -0.664771954 0.746223508
1317401246.824362040 246.194642044 116.225410735 1.662561763 0.009549031 -0.032195881 -0.659729946 0.750752049
1317401246.928544044 246.229684980 115.604435169 1.688161118 0.007876094 -0.030788177 -0.655292730 0.754706230
1317401247.032752037 246.346417798 115.069113758 1.711177676 0.007277134 -0.030181747 -0.652293067 0.757330747
1317401247.136910915 246.400207427 114.491354024 1.741073018 0.007652584 -0.029355535 -0.648800969 0.760353203
1317401247.241043091 246.523742849 113.918649638 1.770278760 0.008100094 -0.028695065 -0.645703168 0.763006161
1317401247.345156908 246.620200679 113.349507122 1.799601144 0.008461724 -0.028406452 -0.642354176 0.765834567
1317401247.449245930 246.732915051 112.790397632 1.827790251 0.008007055 -0.028604376 -0.639045193 0.768595419
1317401247.553353071 246.822025745 112.196471479 1.853856394 0.006926590 -0.028784804 -0.636058404 0.771072736
1317401247.657464027 246.936433203 111.565091048 1.879872210 0.005811558 -0.029080465 -0.633759746 0.772961278
1317401247.761574984 247.061273838 110.983753558 1.906215750 0.004914436 -0.029561629 -0.632263004 0.774174045
1317401247.865663052 247.183682896 110.379262253 1.930874245 0.004595398 -0.030092372 -0.630834818 0.775319782
1317401247.969748974 247.315096796 109.749955694 1.959485997 0.004949976 -0.030341500 -0.629720760 0.776213022
1317401248.073832989 247.445383237 109.086175102 1.991851054 0.005421219 -0.030238369 -0.628460461 0.777234649
1317401248.177896023 247.598842317 108.431891439 2.024474906 0.005308851 -0.029475172 -0.627167900 0.778308072
1317401248.281938076 247.726986887 107.769905263 2.057267687 0.005351406 -0.029084836 -0.625722135 0.779485244
1317401248.385952950 247.875687294 107.078924916 2.089847658 0.005429267 -0.028790077 -0.624215115 0.780702981
1317401248.489964962 248.038286616 106.388724246 2.121777687 0.005019550 -0.028515336 -0.622827389 0.781823333
1317401248.593981028 248.211937766 105.684799962 2.150941303 0.004519841 -0.028653590 -0.621541011 0.782844374
1317401248.697995663 248.379637199 104.969104305 2.185744603 0.003764103 -0.028736377 -0.620117839 0.783973161
1317401248.802010059 248.566305599 104.240647989 2.221594133 0.002017835 -0.028961721 -0.619346441 0.784580864
1317401248.906049013 248.732111775 103.498553735 2.258646704 -0.000453553 -0.029751519 -0.619005609 0.784822717
1317401249.010087013 248.942817608 102.753831907 2.293345353 -0.001750718 -0.030254345 -0.619226237 0.784627604
1317401249.114125967 249.125702589 101.975092849 2.326649039 -0.001643967 -0.030106981 -0.619309543 0.784567752
1317401249.218163967 249.308863385 101.142309031 2.373100970 -0.000757715 -0.029043972 -0.619493027 0.784464316
1317401249.322155952 249.510159153 100.356016981 2.411786703 -0.000007301 -0.028436817 -0.619408833 0.784553404
1317401249.426121950 249.706623543 99.549829809 2.465534739 -0.000237707 -0.029029957 -0.618697529 0.785092716
1317401249.530090094 249.906747633 98.716544906 2.506576892 -0.000662514 -0.029775398 -0.617364086 0.786113587
1317401249.634057045 250.120505777 97.858111280 2.548248352 -0.000005815 -0.029465528 -0.615903651 0.787270268
1317401249.738023281 250.332706002 97.029280687 2.584557591 0.001734439 -0.028257467 -0.614426871 0.788465679
1317401249.841967106 250.562927545 96.161739479 2.639594524 0.002942283 -0.027793920 -0.612394471 0.790058132
1317401249.945884943 250.793523243 95.257298531 2.688630934 0.003881062 -0.028525891 -0.610328217 0.791625340
1317401250.049802065 251.019407820 94.381959783 2.734137235 0.003332470 -0.029510220 -0.607666383 0.793636950
1317401250.153744936 251.257071397 93.508803956 2.777630767 0.002172969 -0.030930188 -0.605829004 0.794990453
1317401250.257711887 251.516508166 92.575693867 2.824811011 -0.000049851 -0.031191178 -0.604386221 0.796080651
1317401250.361702919 251.781191030 91.662059904 2.873112553 -0.002991911 -0.029858029 -0.603881483 0.796509072
1317401250.465694904 252.052767918 90.729037547 2.913848119 -0.004645472 -0.027569292 -0.603736768 0.796693334
1317401250.569684982 252.333850980 89.778449348 2.977911852 -0.006183939 -0.025753773 -0.604097667 0.796470031
1317401250.673697948 252.606200880 88.820250274 3.031026520 -0.008067972 -0.024767694 -0.604358211 0.796286771
1317401250.777714014 252.883811843 87.867422483 3.092453235 -0.009696986 -0.024125956 -0.605001859 0.795799382
1317401250.881728649 253.168081422 86.881166492 3.142195688 -0.011068008 -0.021696687 -0.605662067 0.795349114
1317401250.985765934 253.444366299 85.896417879 3.189880331 -0.010900516 -0.018093147 -0.606778205 0.794590477
1317401251.089806080 253.710546341 84.910119645 3.246652163 -0.010249113 -0.016141779 -0.608289823 0.793484650
1317401251.193845987 253.989651762 83.911684831 3.311512331 -0.010948440 -0.015575511 -0.610513494 0.791776995
1317401251.297908068 254.253628078 82.915066186 3.359159679 -0.012395285 -0.016154865 -0.613499965 0.789432182
1317401251.401993990 254.510908562 81.906272612 3.404114122 -0.013353425 -0.016628132 -0.616984632 0.786686186
1317401251.506104946 254.762922499 80.890551667 3.456192149 -0.012816774 -0.016190120 -0.621697158 0.782985475
1317401251.610215902 255.000223756 79.881385326 3.508815759 -0.012382668 -0.014503547 -0.627048165 0.778747016
1317401251.714303017 255.233295443 78.839914909 3.553692227 -0.010718749 -0.013550094 -0.632720655 0.774187365
1317401251.818366051 255.445638122 77.810296529 3.617448791 -0.010053824 -0.014015452 -0.637962816 0.769873972
1317401251.922415972 255.650824985 76.770080948 3.667985183 -0.010794429 -0.015035882 -0.643130273 0.765533052
1317401252.026407957 255.856902582 75.730629583 3.712799248 -0.011241015 -0.016516504 -0.647644350 0.761680800
1317401252.130364895 256.018794288 74.700114912 3.759688407 -0.010024285 -0.017643076 -0.651816053 0.758105579
1317401252.234282017 256.194926892 73.625627374 3.812628993 -0.008438928 -0.018468838 -0.655058325 0.755305420
1317401252.338151932 256.364696809 72.552313342 3.874365316 -0.006976529 -0.019775255 -0.657464267 0.753193869
1317401252.441998005 256.511168212 71.512958613 3.927851010 -0.006019773 -0.021087177 -0.659042088 0.751786286
1317401252.545821905 256.665468529 70.424897456 3.979360177 -0.005022185 -0.021616700 -0.659590693 0.751297288
1317401252.649620056 256.813132215 69.351899637 4.028006438 -0.003934514 -0.021341866 -0.659378242 0.751498090
1317401252.753418922 256.961321039 68.294432009 4.081633932 -0.002804821 -0.021660215 -0.658442561 0.752314005
1317401252.857218027 257.117797851 67.204437630 4.144728923 -0.002085405 -0.022726689 -0.657426958 0.753172586
1317401252.960993052 257.265482550 66.128718396 4.191924979 -0.001730504 -0.023472687 -0.656112358 0.754296104
1317401253.064769983 257.424479909 65.034985772 4.237934482 -0.000700770 -0.023799213 -0.654918028 0.755324753
1317401253.168542862 257.592909122 63.894963554 4.295087063 0.000073583 -0.024516238 -0.653398915 0.756616684
1317401253.272291899 257.749718761 62.816246124 4.354961124 0.000030759 -0.025203639 -0.651960548 0.757833900
1317401253.376066923 257.925676653 61.696961864 4.402175035 0.000469035 -0.024966779 -0.650681563 0.758940013
1317401253.479866028 258.096714507 60.577388319 4.450566715 0.002003873 -0.023202943 -0.649774988 0.759769750
1317401253.583666086 258.281687964 59.448818445 4.498628213 0.003248607 -0.021887001 -0.649065790 0.760410419
1317401253.687465906 258.455780880 58.327848200 4.553172798 0.003887318 -0.022332674 -0.648919492 0.760519318
1317401253.791239977 258.645637009 57.175078704 4.598535042 0.003483179 -0.023160557 -0.648769443 0.760624524
1317401253.895037889 258.842366487 56.017540027 4.642743692 0.002426564 -0.023458698 -0.648657792 0.760714710
1317401253.998861074 259.019081861 54.860247587 4.687664612 0.001438453 -0.023126128 -0.648784799 0.760619088
1317401254.102663994 259.215278990 53.703612134 4.736964959 -0.000158487 -0.022402555 -0.648696275 0.760717585
1317401254.206461906 259.416947436 52.519472775 4.789514078 -0.000830495 -0.021516968 -0.648663908 0.760770310
1317401254.310254097 259.617417251 51.356753223 4.835632256 -0.001378018 -0.019895924 -0.648669977 0.760808461
1317401254.414052963 259.818672595 50.141431595 4.887801852 -0.001144044 -0.018868862 -0.648695269 0.760813450
1317401254.517875910 260.002789857 48.985908698 4.933540390 -0.000913167 -0.019141318 -0.648778124 0.760736303
1317401254.621675968 260.203159296 47.795635536 4.986365995 -0.000762671 -0.020764067 -0.648672220 0.760784216
1317401254.725450039 260.407124069 46.575470807 5.034566793 -0.001311079 -0.022347315 -0.648433395 0.760942187
1317401254.829251051 260.598545537 45.382456133 5.091906734 -0.001644772 -0.023660404 -0.648312531 0.761004824
1317401254.933073997 260.803948546 44.157837216 5.148645795 -0.000335147 -0.024136145 -0.648055822 0.761210211
1317401255.036895990 260.999214153 42.925999533 5.199857441 0.000896084 -0.023219067 -0.648103396 0.761197780
1317401255.140717030 261.206512775 41.714674062 5.253469045 0.002336862 -0.023471980 -0.647849211 0.761403313
1317401255.244539022 261.402630964 40.491211758 5.315071304 0.003427995 -0.024504002 -0.647648668 0.761537265
1317401255.348362923 261.600627304 39.257289180 5.367790698 0.002881446 -0.024992960 -0.647524737 0.761629020
1317401255.452187061 261.817791501 38.010285780 5.423003102 0.001045016 -0.025364699 -0.647411111 0.761718054
1317401255.556010962 262.024068572 36.777523010 5.483941867 -0.001179077 -0.024979902 -0.647251096 0.761866545
1317401255.659833908 262.245102411 35.541230841 5.542259171 -0.001655189 -0.023413979 -0.647179038 0.761976600
1317401255.763655901 262.472632177 34.285721117 5.595075817 -0.002097866 -0.021900958 -0.647015716 0.762159176
1317401255.867478132 262.663490805 33.057515753 5.664060900 -0.001059042 -0.021362969 -0.647064223 0.762135416
1317401255.971302032 262.884863733 31.780034878 5.710160080 0.000174008 -0.021723799 -0.646512083 0.762594369
1317401256.075098991 263.109933094 30.516993093 5.791100188 0.000664454 -0.022249350 -0.645947040 0.763057630
1317401256.178899050 263.315042176 29.268961256 5.834955213 0.000377443 -0.021947551 -0.645468314 0.763471557
1317401256.282720089 263.527606662 28.016736498 5.878855030 -0.000814478 -0.020939622 -0.645120745 0.763793227
1317401256.386542082 263.754696310 26.769358744 5.946472350 -0.002189420 -0.020000718 -0.644718809 0.764154981
1317401256.490340948 263.984298093 25.518750118 5.994241317 -0.002495819 -0.019465927 -0.644385461 0.764448969
1317401256.594139099 264.207152605 24.260621388 6.053126424 -0.001542069 -0.018721493 -0.643933426 0.764850881
1317401256.697915077 264.422233365 23.016722024 6.112348016 0.000629174 -0.018537038 -0.643372487 0.765328574
1317401256.801666021 264.638222540 21.767459711 6.164912503 0.002695324 -0.018352236 -0.642753050 0.765848841
1317401256.905415058 264.871607835 20.494474610 6.217025565 0.004119822 -0.018420995 -0.642120425 0.766371355
1317401257.009169102 265.091239125 19.249958888 6.266471545 0.003950195 -0.018731246 -0.641513954 0.766872468
1317401257.112921953 265.318681831 18.026995059 6.319037327 0.003369852 -0.019476754 -0.640968999 0.767312220
1317401257.216670036 265.554530875 16.779222867 6.366522253 0.002709080 -0.018988366 -0.640423796 0.767782172
1317401257.320417881 265.771364418 15.540776599 6.411171294 0.003029501 -0.018151240 -0.640106388 0.768065861
1317401257.424170971 266.009567374 14.301563999 6.459470415 0.004203389 -0.017389753 -0.639503588 0.768579917
1317401257.527921915 266.244762132 13.094577770 6.503457180 0.005203378 -0.017498886 -0.638947304 0.769033847
1317401257.631648064 266.476529616 11.846866840 6.552785092 0.005079587 -0.017824154 -0.638391710 0.769488481
1317401257.735421896 266.706181132 10.622227746 6.597101015 0.004163988 -0.018481314 -0.637906337 0.769880905
1317401257.839220047 266.945782160 9.406127932 6.643213418 0.002745345 -0.018374514 -0.637465878 0.770254565
1317401257.943043947 267.181920500 8.194414826 6.686667582 0.002225553 -0.017340714 -0.637372904 0.770357143
1317401258.046891928 267.420474360 6.957663528 6.726320420 0.002942625 -0.015907586 -0.637619207 0.770181820
1317401258.150713205 267.659163175 5.722746476 6.770870981 0.004183417 -0.015656668 -0.638251108 0.769657646
1317401258.254535913 267.896934386 4.523054043 6.815174007 0.005196694 -0.016601673 -0.638195719 0.769677597
1317401258.358335018 268.123874818 3.338483242 6.854535003 0.005433050 -0.017794260 -0.638265773 0.769591222
1317401258.462133646 268.361726457 2.066271086 6.902395428 0.004221479 -0.018496082 -0.638115361 0.769706996
1317401258.565958261 268.600723016 0.887452817 6.951295407 0.003046224 -0.018758200 -0.638194135 0.769640888
1317401258.669756889 268.831068345 -0.316180558 6.981807807 0.002683336 -0.017582878 -0.638567116 0.769360566
1317401258.773554087 269.060228690 -1.522816035 7.030910897 0.002432995 -0.016975193 -0.637987947 0.769855378
1317401258.877352953 269.306469684 -2.717341344 7.081469423 0.002643637 -0.017354367 -0.638060982 0.769785697
1317401258.981127977 269.540037258 -3.933730427 7.129766051 0.003630897 -0.017539151 -0.637103766 0.770569910
1317401259.084902048 269.767511428 -5.106969398 7.160594477 0.003669117 -0.017520053 -0.637240193 0.770457346
1317401259.188677073 270.008336387 -6.312198621 7.221232753 0.002981879 -0.019505525 -0.636690972 0.770866557
1317401259.292475939 270.242033413 -7.493956314 7.266785083 0.001390058 -0.021043272 -0.636582564 0.770920157
1317401259.396297932 270.465479326 -8.650757298 7.316067582 0.000841313 -0.021043169 -0.636533149 0.770961755
1317401259.500097036 270.712805348 -9.848385339 7.361421795 0.001450017 -0.020397192 -0.636195314 0.771257009
1317401259.603897095 270.944335134 -11.012078350 7.411826658 0.002776030 -0.019713327 -0.635989071 0.771441236
1317401259.707695007 271.183552766 -12.221269294 7.463570579 0.004091182 -0.019539167 -0.635233515 0.772062086
1317401259.811492920 271.416719168 -13.357060925 7.511110030 0.004697724 -0.020054220 -0.635247885 0.772033603
1317401259.915316105 271.640052782 -14.508064743 7.563771685 0.004043569 -0.020437831 -0.635202171 0.772064859
1317401260.019115925 271.869166410 -15.665913251 7.608530755 0.003306675 -0.020782601 -0.634832721 0.772362976
1317401260.122915030 272.089057963 -16.809094114 7.661630754 0.002436442 -0.019915019 -0.634892829 0.772339660
1317401260.226736069 272.326859987 -17.959371169 7.701217232 0.002403031 -0.019079678 -0.634809901 0.772429014
1317401260.330534935 272.555286971 -19.100675116 7.751652578 0.003082580 -0.018345542 -0.634732603 0.772507904
1317401260.434335947 272.786601645 -20.250386662 7.798122314 0.003939797 -0.018541227 -0.634382793 0.772786629
1317401260.538134098 273.010860405 -21.383385489 7.845580931 0.004098111 -0.018459234 -0.634025547 0.773080893
1317401260.641907930 273.261356186 -22.520584843 7.888513174 0.004099650 -0.018368214 -0.633724188 0.773330108
1317401260.745707989 273.472347516 -23.652307569 7.932155648 0.004268115 -0.018567894 -0.633442222 0.773555407
1317401260.849505901 273.721377623 -24.757343414 7.975904277 0.003408702 -0.018784800 -0.633469413 0.773532168
1317401260.953305960 273.933691762 -25.858449926 8.018385162 0.003406532 -0.018923815 -0.633343763 0.773631671
1317401261.057104111 274.168626326 -26.955774294 8.061065652 0.003646686 -0.018801862 -0.633037219 0.773884404
1317401261.160902262 274.394202676 -28.022937489 8.106436283 0.004427852 -0.018706475 -0.633068042 0.773857426
1317401261.264723063 274.608889158 -29.085881997 8.156821175 0.004876838 -0.018237157 -0.632860602 0.774035581
1317401261.368545055 274.822907015 -30.130882601 8.199255534 0.005294327 -0.017485776 -0.632709731 0.774173504
1317401261.472371101 275.031458669 -31.144128248 8.239710616 0.005619620 -0.016809944 -0.632584718 0.774288331
1317401261.576193094 275.256501953 -32.145249481 8.279889660 0.005646159 -0.016306012 -0.632405154 0.774445579
1317401261.680015087 275.473038465 -33.121513993 8.320305574 0.004441541 -0.015819232 -0.632333732 0.774521837
1317401261.783838034 275.673147981 -34.090193244 8.357376946 0.004524691 -0.015523589 -0.632277209 0.774573480
1317401261.887659073 275.867012353 -35.042733630 8.395397163 0.005618444 -0.014531768 -0.632069912 0.774754727
1317401261.991485119 276.061887848 -35.971934174 8.413468480 0.007091121 -0.013195880 -0.632160270 0.774692828
1317401262.095308065 276.243346766 -36.895457822 8.462177520 0.007647724 -0.013871931 -0.631940731 0.774854822
1317401262.199131250 276.440933281 -37.797749884 8.480591665 0.005190077 -0.016119093 -0.631823206 0.774927529
1317401262.302978992 276.613481620 -38.657176831 8.504728020 0.002694212 -0.018690823 -0.632668405 0.774192536
1317401262.406850100 276.789689667 -39.552636210 8.543953916 0.003934366 -0.020439934 -0.633498952 0.773463514
1317401262.510746002 276.980015243 -40.434751927 8.581537987 0.005157586 -0.018616197 -0.634632636 0.772572491
1317401262.614662886 277.142881552 -41.284530968 8.603397554 0.006084997 -0.017299406 -0.636236244 0.771276309
1317401262.718580008 277.326621169 -42.102008757 8.641453856 0.008297765 -0.017921256 -0.637613175 0.770103509
1317401262.822521925 277.466332856 -42.929482091 8.682661904 0.010376775 -0.018473059 -0.638724065 0.769144094
1317401262.926487923 277.607873863 -43.712192730 8.711745533 0.011760169 -0.017891583 -0.640419566 0.767726754
1317401263.030431032 277.760573033 -44.501785735 8.735061865 0.012807408 -0.016951272 -0.641702241 0.766659545
1317401263.134351015 277.882392679 -45.220904276 8.767037338 0.013323014 -0.016079320 -0.643422123 0.765226715
1317401263.238292933 278.019798464 -45.971330430 8.766610637 0.013863947 -0.016199371 -0.644440195 0.764357382
1317401263.342236042 278.150012541 -46.665993908 8.803941098 0.014675562 -0.017054417 -0.645664892 0.763289344
1317401263.446192980 278.255651545 -47.357364145 8.816136269 0.015333503 -0.019209927 -0.646646908 0.762393363
1317401263.550159931 278.370731828 -48.008932500 8.845197570 0.015981742 -0.021426303 -0.647936797 0.761224937
1317401263.654109955 278.475318312 -48.659097633 8.857778956 0.016469406 -0.023144821 -0.648816811 0.760414243
1317401263.758076906 278.571069329 -49.275858755 8.884629768 0.016029503 -0.023864959 -0.649813782 0.759549582
1317401263.862044811 278.681100470 -49.880365458 8.896544486 0.015780737 -0.024097110 -0.650736513 0.758757068
1317401263.966012955 278.760922906 -50.451919760 8.925277065 0.015434498 -0.024739452 -0.651518200 0.758072405
1317401264.070003033 278.847154428 -51.018214717 8.939192941 0.014579585 -0.025035356 -0.652163019 0.757524959
1317401264.173991919 278.929026194 -51.573914357 8.962148045 0.013398158 -0.024537530 -0.653008457 0.756834429
1317401264.277981997 279.024941977 -52.087871747 8.975670923 0.012965089 -0.023509887 -0.653674232 0.756299670
1317401264.381952047 279.095038059 -52.566437457 8.994826830 0.012368426 -0.023039053 -0.653974606 0.756064441
1317401264.485893011 279.173511819 -53.042712834 9.017847131 0.012074784 -0.023155589 -0.653892309 0.756136804
1317401264.589834929 279.255854142 -53.501447041 9.029196082 0.011307536 -0.023017763 -0.653194086 0.756756109
1317401264.693732023 279.356416847 -53.930763997 9.049972666 0.011170825 -0.023123809 -0.651574540 0.758149801
1317401264.797626972 279.426240178 -54.333610417 9.063491291 0.010990279 -0.022957387 -0.649400192 0.760020765
1317401264.901521921 279.481541404 -54.715374653 9.086298559 0.010248938 -0.022457854 -0.646578733 0.762447733
1317401265.005414963 279.556136121 -55.093990956 9.095658325 0.009012447 -0.021455671 -0.643425796 0.765154674
1317401265.109308958 279.628819507 -55.461967809 9.110635686 0.007890805 -0.020574491 -0.639814649 0.768213278
1317401265.213156939 279.712555449 -55.773467858 9.122821199 0.007027401 -0.019987382 -0.635577929 0.771745953
1317401265.316956043 279.792249531 -56.072660698 9.131336641 0.006842233 -0.019392385 -0.630261631 0.776110427
1317401265.420706987 279.880285548 -56.355505595 9.141783551 0.007010493 -0.019191180 -0.623373096 0.781657556
1317401265.524408102 279.978462131 -56.614875122 9.154763846 0.007800742 -0.019469374 -0.614569076 0.788584138
1317401265.628062963 280.096346144 -56.903757760 9.174332371 0.008297807 -0.019082930 -0.603495162 0.797095087
1317401265.731717110 280.131397893 -57.163066626 9.187934379 0.008002956 -0.017474370 -0.591086665 0.806379038
1317401265.835421085 280.226980123 -57.480420649 9.200955258 0.006486915 -0.015393344 -0.577484126 0.816231002
1317401265.939126015 280.360445400 -57.724587573 9.209647103 0.004534692 -0.013236387 -0.563829524 0.825772670
1317401266.042804003 280.496820454 -57.937899994 9.217780226 0.002750733 -0.011461679 -0.548756538 0.835899112
1317401266.146482944 280.616804144 -58.183273445 9.226206239 0.001288975 -0.009950229 -0.532745934 0.846215754
1317401266.250185013 280.711359125 -58.420262223 9.234883162 -0.000267781 -0.008756512 -0.516709187 0.856116153
1317401266.353887081 280.821970950 -58.694341007 9.238259372 -0.001595543 -0.008273487 -0.499789379 0.866105987
1317401266.457591057 280.987522499 -58.901488084 9.243797994 -0.003255392 -0.008239837 -0.482443337 0.875882375
1317401266.561305046 281.110553044 -59.160083599 9.244454146 -0.004143849 -0.008238928 -0.464164916 0.885700785
1317401266.665004969 281.308414604 -59.394432573 9.250404946 -0.004831741 -0.007863846 -0.445182114 0.895392483
1317401266.768719912 281.501164988 -59.661916844 9.251170263 -0.004872927 -0.007782458 -0.425298489 0.905006565
1317401266.872423887 281.698643542 -59.871253608 9.267213139 -0.004202209 -0.007393354 -0.404767747 0.914379982
1317401266.976129055 281.895071791 -60.120863836 9.278848976 -0.004024252 -0.006951128 -0.383277356 0.923598374
1317401267.079855919 282.166784784 -60.384308530 9.302358769 -0.005278248 -0.006510395 -0.360080032 0.932883768
1317401267.183581114 282.451531194 -60.601294441 9.294067567 -0.007636664 -0.006020736 -0.336635609 0.941584781
1317401267.287333012 282.722778630 -60.839160577 9.291151379 -0.009531966 -0.005578866 -0.312341007 0.949905844
1317401267.391134024 283.055790064 -61.082432686 9.289483433 -0.010208505 -0.004820069 -0.288846205 0.957308949
1317401267.494982004 283.402832643 -61.313780910 9.297166472 -0.010395827 -0.003510521 -0.266526407 0.963765157
1317401267.598850965 283.744855035 -61.544893348 9.314747752 -0.010618435 -0.002112798 -0.244477909 0.969594419
1317401267.702765942 284.176283675 -61.748685302 9.322895040 -0.011696676 -0.002457353 -0.223709998 0.974582468
1317401267.806734085 284.617298374 -61.948305538 9.320977941 -0.012108856 -0.003738120 -0.204290658 0.978828243
1317401267.910723925 285.071920945 -62.187279899 9.323244258 -0.012262638 -0.004596365 -0.185109792 0.982630585
1317401268.014763117 285.584473860 -62.368057046 9.316130532 -0.011336825 -0.005501715 -0.168028910 0.985701523
1317401268.118803024 286.114439115 -62.579600483 9.330842632 -0.009678865 -0.005282655 -0.150275130 0.988582722
1317401268.222794056 286.696731108 -62.712311259 9.314558367 -0.007637195 -0.004117455 -0.132176484 0.991188225
1317401268.326785088 287.259497655 -62.908055986 9.350194267 -0.003627039 -0.001577225 -0.113528974 0.993526813
1317401268.430824041 287.906667351 -63.059504622 9.355785070 -0.002393484 0.001975963 -0.095730879 0.995402414
1317401268.534887075 288.568001294 -63.166894186 9.359174152 -0.001262771 0.003392843 -0.079558441 0.996823630
1317401268.638950109 289.261215193 -63.291773084 9.340685241 0.000890645 0.002193962 -0.063846204 0.997956941
1317401268.743036985 289.993170661 -63.384820271 9.361662861 0.004792304 -0.000354083 -0.048796253 0.998797194
1317401268.847172976 290.725034635 -63.469960498 9.345651040 0.006141615 -0.001363605 -0.034696905 0.999378080
1317401268.951281071 291.533997332 -63.531863443 9.339434497 0.009448481 -0.000170338 -0.021271384 0.999729076
1317401269.055344105 292.330107321 -63.577225329 9.347666430 0.013266799 0.002820764 -0.006835024 0.999884652
1317401269.159404993 293.137725331 -63.581582164 9.355640618 0.016618986 0.004745811 0.007441567 0.999822939
1317401269.263444901 294.033504928 -63.585016657 9.357266535 0.018905077 0.006256374 0.022076778 0.999557938
1317401269.367508888 294.881838624 -63.551351231 9.355286784 0.020148788 0.008763492 0.035127884 0.999141261
1317401269.471616030 295.799808416 -63.464649440 9.350045640 0.017864035 0.010490805 0.047071902 0.998676652
1317401269.575705051 296.732067562 -63.376424187 9.326006135 0.014454796 0.009970687 0.058153475 0.998153203
1317401269.679817915 297.652303333 -63.253723007 9.312144029 0.012451496 0.008087744 0.067845845 0.997585330
1317401269.783977032 298.607227215 -63.121108659 9.300157998 0.011496887 0.005728489 0.076163140 0.997012629
1317401269.888135910 299.616637387 -62.951919154 9.283779212 0.009429524 0.003722006 0.082745236 0.996519170
1317401269.992291927 300.615134715 -62.753996667 9.269644083 0.007167560 0.004009498 0.087908644 0.996094684
1317401270.096449137 301.662242701 -62.572236381 9.250613583 0.006704665 0.006753987 0.092806058 0.995638723
1317401270.200610161 302.700070299 -62.368662091 9.260908465 0.006265905 0.008199792 0.096875169 0.995243037
1317401270.304790974 303.746218470 -62.162983641 9.247968437 0.004740613 0.008538082 0.099680202 0.994971600
1317401270.408973932 304.813061446 -61.934448568 9.230920416 0.005157113 0.010382541 0.101166205 0.994801993
1317401270.513151884 305.830020238 -61.730282693 9.236236169 0.004094416 0.011393770 0.101991764 0.994711565
1317401270.617358923 306.870678770 -61.498633164 9.233204772 0.004379018 0.010305774 0.102151023 0.994705878
1317401270.721547127 307.902322645 -61.277327704 9.225185872 0.004342979 0.008845391 0.101848077 0.994751158
1317401270.825681925 308.961745283 -61.058055761 9.219855111 0.003896226 0.008951543 0.101240742 0.994814054
1317401270.929817200 310.011175234 -60.834986944 9.204640001 0.003307729 0.009779161 0.101061217 0.994826647
1317401271.033927917 311.063547101 -60.611774592 9.201900613 0.003935750 0.010768953 0.100621043 0.994858756
1317401271.137990952 312.110750837 -60.395971185 9.196617729 0.004288100 0.010793066 0.100459018 0.994873413
1317401271.242026091 313.157881372 -60.171897316 9.183608596 0.003834364 0.011157770 0.100092103 0.994908223
1317401271.346041203 314.213417768 -59.952080611 9.177256263 0.004076754 0.011099362 0.099631485 0.994954145
1317401271.450035095 315.243150147 -59.742130683 9.177338683 0.003330950 0.009740992 0.099086802 0.995025539
1317401271.554003000 316.295412910 -59.523261646 9.168004493 0.003677054 0.008418325 0.098914177 0.995053565
1317401271.657969952 317.337978235 -59.304036190 9.159999747 0.004472640 0.008517827 0.098770253 0.995063756
1317401271.761934996 318.377134886 -59.092645409 9.150987143 0.005093256 0.010057536 0.098532417 0.995069981
1317401271.865901709 319.406196163 -58.882649920 9.148159939 0.005826306 0.011849776 0.098038684 0.995094997
1317401271.969846010 320.413567212 -58.664485987 9.144609626 0.006528911 0.012734446 0.097916186 0.995091768
1317401272.073787928 321.474803478 -58.461338312 9.140239729 0.007241838 0.012164433 0.097059679 0.995177874
1317401272.177731037 322.496657019 -58.251273693 9.136644273 0.006928554 0.010804986 0.096326946 0.995266983
1317401272.281673908 323.501118437 -58.052029452 9.123837843 0.007036968 0.010289800 0.095759267 0.995326461
1317401272.385617971 324.537851785 -57.844027348 9.108764115 0.007239467 0.012093679 0.095079130 0.995369927
1317401272.489536047 325.510793073 -57.654039610 9.104818363 0.006772554 0.014461256 0.094475170 0.995399139
1317401272.593430996 326.489552425 -57.459220372 9.108204049 0.006695181 0.015028844 0.093804266 0.995454704
1317401272.697324991 327.474846722 -57.260335542 9.097113946 0.006432982 0.014337994 0.093578482 0.995487874
1317401272.801244020 328.424229533 -57.083467277 9.080732303 0.006361636 0.014238138 0.093099616 0.995534664
1317401272.905163050 329.345319810 -56.908608448 9.072136166 0.005685515 0.014549459 0.092545826 0.995585887
1317401273.009082079 330.278031960 -56.720840993 9.065449343 0.004489011 0.014387821 0.092401458 0.995607759
1317401273.112999916 331.188227048 -56.539027207 9.057782760 0.005153148 0.013236872 0.092300587 0.995629867
1317401273.216943026 332.080854563 -56.365600657 9.055513702 0.004494377 0.011784100 0.092233560 0.995657524
1317401273.320887089 332.949083947 -56.196050494 9.036575052 0.004230653 0.011497133 0.091884649 0.995694295
1317401273.424804211 333.802917409 -56.035592435 9.025985591 0.004534694 0.013807804 0.091680930 0.995682373
1317401273.528723001 334.621276921 -55.878715025 9.018939084 0.004502216 0.017378557 0.091374818 0.995654739
1317401273.632641077 335.445401558 -55.714955125 9.025288141 0.003933232 0.019565862 0.091170787 0.995635272
1317401273.736584902 336.226910657 -55.568300704 9.017857518 0.004814536 0.019575436 0.090966638 0.995649885
1317401273.840553045 336.989005257 -55.425063433 9.009620795 0.005774802 0.018507060 0.090560202 0.995702260
1317401273.944519281 337.732740302 -55.279996568 8.996287580 0.005407701 0.017125768 0.090149355 0.995766317
1317401274.048484087 338.444210887 -55.138577941 8.983192747 0.005274800 0.016028940 0.089396787 0.995853134
1317401274.152499914 339.103788871 -55.014769098 8.971186757 0.003627354 0.015415435 0.087673362 0.996023387
1317401274.256587029 339.786130652 -54.878222304 8.960546532 0.002424277 0.015465941 0.083934701 0.996348279
1317401274.360743284 340.387162424 -54.768526505 8.953752264 0.001037015 0.015644902 0.078066308 0.996824866
1317401274.464951038 340.996108971 -54.665982344 8.949724435 0.000151416 0.016119012 0.070137822 0.997407059
1317401274.569206953 341.575814629 -54.574330042 8.942846756 -0.000756499 0.016388638 0.059849151 0.998072602
1317401274.673507929 342.135366257 -54.512800384 8.940255022 -0.001452054 0.016747143 0.047333224 0.998737699
1317401274.777858019 342.645604308 -54.449560075 8.935395521 -0.002728593 0.016317860 0.032981011 0.999319036
1317401274.882258892 343.156551416 -54.409665765 8.928009334 -0.003948202 0.015435199 0.015810473 0.999748066
1317401274.986659050 343.640448895 -54.390292936 8.912657038 -0.004254540 0.014672135 -0.003462294 0.999877312
1317401275.091058016 344.089696481 -54.397726844 8.909465481 -0.002853779 0.014252195 -0.023594257 0.999615947
1317401275.195431948 344.555095914 -54.418735119 8.906942673 -0.001334364 0.013803213 -0.044429449 0.998916270
1317401275.299782991 344.980684434 -54.446501207 8.904315446 -0.000466688 0.013036537 -0.066249543 0.997717810
1317401275.404131889 345.393351546 -54.511091643 8.902900577 -0.001372615 0.012063535 -0.089153955 0.995943853
1317401275.508457899 345.773069424 -54.576224645 8.897311537 -0.002187159 0.011503222 -0.112341033 0.993600717
1317401275.612760067 346.144511405 -54.668610923 8.894531053 -0.002003075 0.011467559 -0.134938078 0.990785647
1317401275.717036963 346.481708980 -54.765123877 8.890137113 -0.001174393 0.011125260 -0.157039383 0.987528978
1317401275.821269035 346.842942684 -54.877278410 8.894739465 -0.000223396 0.010242388 -0.179045721 0.983787413
1317401275.925452948 347.174516381 -55.004289973 8.894441140 -0.000555336 0.009236314 -0.200731643 0.979602567
1317401276.029637098 347.473601119 -55.122724967 8.882713627 -0.001245310 0.008068169 -0.222009518 0.975010322
1317401276.133796930 347.769436780 -55.275518707 8.880347788 -0.000992908 0.006448510 -0.243181512 0.969958856
1317401276.237883091 348.010708707 -55.406697800 8.875096718 0.000435821 0.004543811 -0.262493648 0.964922924
1317401276.341922045 348.252414520 -55.549611498 8.876371641 0.002908892 0.002198004 -0.280273526 0.959913255
1317401276.445913076 348.471974030 -55.691233084 8.886096390 0.006086641 -0.000084679 -0.297288782 0.954768205
1317401276.549853086 348.652247259 -55.825546569 8.896621773 0.008519739 -0.001557013 -0.312671434 0.949821859
1317401276.653749943 348.826394867 -55.949686989 8.901945555 0.008510194 -0.002558218 -0.326639674 0.945107166
1317401276.757646084 348.982696797 -56.063989290 8.901364109 0.005999974 -0.003353849 -0.339933002 0.940424535
1317401276.861563921 349.113655272 -56.174448239 8.902542792 0.002418499 -0.003856384 -0.353233359 0.935524170
1317401276.965481997 349.257227517 -56.294665896 8.896798461 -0.000491808 -0.003503920 -0.366501161 0.930410866
1317401277.069400072 349.407258074 -56.407697474 8.900272246 -0.002814139 -0.002139853 -0.379910204 0.925016615
1317401277.173321009 349.533711942 -56.534512372 8.899583439 -0.004910701 -0.000260381 -0.392663067 0.919669252
1317401277.277264118 349.656845528 -56.658684252 8.894971932 -0.006992523 0.001218898 -0.405333755 0.914141218
1317401277.381231070 349.795767888 -56.804800845 8.888447693 -0.007428276 0.001249531 -0.418534108 0.908169841
1317401277.485196114 349.894049154 -56.932991749 8.895601445 -0.006417109 0.000036564 -0.431201104 0.902233023
1317401277.589184046 350.017620300 -57.075177485 8.897922943 -0.004759499 -0.001225190 -0.444014594 0.896006075
1317401277.693173647 350.116154435 -57.219952113 8.906521381 -0.002812806 -0.001224786 -0.456440774 0.889748508
1317401277.797117949 350.229690685 -57.365884823 8.914496948 -0.000793963 0.000047189 -0.468742129 0.883334695
1317401277.901036978 350.327653266 -57.514738803 8.914791989 0.000465315 0.001252498 -0.479930358 0.877305572
1317401278.004956007 350.436382268 -57.671139858 8.921967964 0.001386502 0.000911891 -0.490857975 0.871238024
1317401278.108875036 350.535852380 -57.822918238 8.928871753 0.001666101 -0.000226578 -0.501204569 0.865327194
1317401278.212769985 350.603518860 -57.977088762 8.934561557 0.001835081 -0.000766465 -0.510742654 0.859731345
1317401278.316641092 350.706528966 -58.136810874 8.943491276 0.001464624 0.000189320 -0.520137887 0.854081025
1317401278.420535088 350.819115787 -58.308807477 8.939601945 -0.000055112 0.002111783 -0.530033296 0.847974199
1317401278.524430037 350.880444233 -58.476667587 8.929831996 -0.000915251 0.003646892 -0.538745583 0.842460123
1317401278.628303051 350.970804965 -58.635097224 8.924626397 0.000730278 0.003655051 -0.547391737 0.836868206
1317401278.732171059 351.048524857 -58.825541528 8.940822431 0.003525340 0.002809907 -0.555360183 0.831597705
1317401278.836016893 351.108972826 -58.988313634 8.948463097 0.006048713 0.002203879 -0.562492082 0.826777608
1317401278.939819098 351.188191192 -59.172046119 8.966200378 0.007432910 0.002769957 -0.569124827 0.822212874
1317401279.043596983 351.279083977 -59.354845078 8.969428525 0.007316660 0.004078630 -0.575356289 0.817859995
1317401279.147396088 351.341996204 -59.536592141 8.975589757 0.005931087 0.005134144 -0.580661774 0.814107098
1317401279.251192093 351.408374602 -59.717217858 8.959614100 0.005074266 0.004568681 -0.585397663 0.810717555
1317401279.354989052 351.474666824 -59.902564644 8.957045554 0.005427432 0.001231999 -0.590442624 0.807060427
1317401279.458811998 351.501169587 -60.072206710 8.951494318 0.006543444 -0.002683524 -0.594655548 0.803949477
1317401279.562634945 351.570033145 -60.262113928 8.965805038 0.007238430 -0.004628571 -0.599837532 0.800075694
1317401279.666460276 351.627064476 -60.440168322 8.966814587 0.006405024 -0.003765368 -0.605134331 0.796088713
1317401279.770282030 351.690544841 -60.629054537 8.967400727 0.004774820 -0.002320843 -0.609711989 0.792605265
1317401279.874080658 351.758092491 -60.844365429 8.964427054 0.003561320 -0.001924231 -0.614141353 0.789185664
1317401279.977854013 351.797606763 -61.023609740 8.962249617 0.003252884 -0.002636410 -0.617881501 0.786260083
1317401280.081603050 351.855853899 -61.247100593 8.960636057 0.003270106 -0.004385252 -0.620501523 0.784186162
1317401280.185355663 351.919231066 -61.467200078 8.969178673 0.003012194 -0.007248644 -0.622875063 0.782281944
1317401280.289082766 351.982694256 -61.714916600 8.970458703 0.001429222 -0.009032037 -0.623358911 0.781882375
1317401280.392808914 352.060986272 -61.966011139 8.969006095 -0.000840271 -0.009249961 -0.623881016 0.781464145
1317401280.496583939 352.124673009 -62.227832282 8.957753884 -0.001925308 -0.008753658 -0.623913460 0.781442040
1317401280.600359917 352.192563595 -62.496564245 8.960832864 -0.001591989 -0.007914803 -0.624207676 0.781216743
1317401280.704159021 352.225372519 -62.792009322 8.969932675 -0.000669588 -0.007552454 -0.623612465 0.781696875
1317401280.807956934 352.312732760 -63.104300806 8.984247085 -0.000669534 -0.007046565 -0.624045230 0.781356160
1317401280.911756039 352.389891722 -63.407862071 8.993749326 -0.001300090 -0.005818647 -0.624307638 0.781155827
1317401281.015553951 352.463729717 -63.750149621 8.991455744 -0.001644646 -0.004036536 -0.624661759 0.780883274
1317401281.119353056 352.548882941 -64.053345750 8.997387058 -0.001404309 -0.003042639 -0.625165693 0.780484866
1317401281.223202705 352.611327089 -64.395916282 9.008972048 -0.000546520 -0.002601734 -0.625509164 0.780212291
1317401281.327075005 352.681036109 -64.721330190 9.017145703 -0.000136793 -0.002045564 -0.626135725 0.779711389
1317401281.430941105 352.755901780 -65.072498066 9.027739358 -0.000357537 -0.001525962 -0.626643590 0.779304405
1317401281.534818888 352.847267338 -65.415442282 9.028690477 -0.000668268 -0.000947028 -0.627426746 0.778674730
1317401281.638714075 352.921365867 -65.801201894 9.030856113 -0.000085228 -0.000150500 -0.628188462 0.778061197
1317401281.742647886 353.008771387 -66.147776175 9.036872816 0.001799862 -0.000194245 -0.629460367 0.777030481
1317401281.846590042 353.076513947 -66.503546804 9.043459821 0.003545519 -0.000622784 -0.630396301 0.776265125
1317401281.950532913 353.160796859 -66.876462369 9.051594808 0.005201594 -0.000805181 -0.631781512 0.775128645
1317401282.054500103 353.231586645 -67.248683498 9.067561343 0.005728708 -0.000662668 -0.633966757 0.773338796
1317401282.158490896 353.311762554 -67.647557982 9.069993153 0.004022942 0.000458306 -0.636908725 0.770928584
1317401282.262481928 353.382248388 -68.018278749 9.065282745 0.002259741 0.001274816 -0.639951093 0.768411261
1317401282.366447926 353.453406812 -68.420672735 9.068902879 0.002075480 0.000978742 -0.642717123 0.766100146
1317401282.470415115 353.536760806 -68.820824041 9.071158508 0.002651748 -0.000523429 -0.645641291 0.763636051
1317401282.574407101 353.580723661 -69.199268261 9.076823642 0.003593010 -0.003557610 -0.648124238 0.761517830
1317401282.678397894 353.650640789 -69.573178316 9.078927531 0.003879939 -0.005879041 -0.651346449 0.758747775
1317401282.782339096 353.698756308 -70.007070229 9.079868162 0.004184829 -0.006831442 -0.654157287 0.756316113
1317401282.886281013 353.768977328 -70.450530238 9.083542669 0.004455121 -0.006651524 -0.657197230 0.753676131
1317401282.990226984 353.825045131 -70.842465373 9.086581467 0.004009854 -0.006260779 -0.659397627 0.751757603
1317401283.094145060 353.895585355 -71.304759826 9.095674524 0.003631114 -0.005853292 -0.661217914 0.750162265
1317401283.198039055 353.960236009 -71.783937495 9.104344053 0.005410501 -0.006280552 -0.662559289 0.748963597
1317401283.301911116 354.021095572 -72.230508977 9.110857174 0.007808719 -0.007678292 -0.663210348 0.748352926
1317401283.405731916 354.058628968 -72.711566395 9.127435816 0.011312899 -0.011057625 -0.662432109 0.748954904
1317401283.509484053 354.124218850 -73.189882695 9.133733134 0.012739088 -0.013645559 -0.660823596 0.750309062
1317401283.613185883 354.204049414 -73.674440436 9.138125613 0.012634045 -0.014291066 -0.657335824 0.753356331
1317401283.716840029 354.271464847 -74.171063042 9.139549478 0.012722764 -0.014332294 -0.650844927 0.758968773
1317401283.820473909 354.347548232 -74.719174990 9.146127795 0.012698692 -0.013698402 -0.642919226 0.765706188
1317401283.924151897 354.450142397 -75.180116990 9.144405562 0.012477296 -0.012400286 -0.635155302 0.772184105
1317401284.027900934 354.546286524 -75.749506013 9.142935315 0.011931643 -0.009485905 -0.627512401 0.778457346
1317401284.131724119 354.675450486 -76.254869790 9.149431038 0.012001506 -0.007428906 -0.621140269 0.783572295
1317401284.235594034 354.826069776 -76.826763529 9.173008894 0.009887029 -0.005906974 -0.615534549 0.788025744
1317401284.339512110 354.973540737 -77.389090118 9.178951484 0.006361695 -0.005306713 -0.611741662 0.791014226
1317401284.443527937 355.116020932 -77.920197460 9.181758539 0.003899064 -0.006532702 -0.610436007 0.792029041
1317401284.547614098 355.294533727 -78.572692920 9.177649165 0.000328770 -0.006914173 -0.610706280 0.791826954
1317401284.651724100 355.442832527 -79.132222613 9.161835913 -0.001911101 -0.005762336 -0.612457642 0.790480095
1317401284.755856991 355.607037749 -79.731690584 9.173184710 -0.001789937 -0.004009507 -0.615188417 0.788367891
1317401284.859992981 355.763625949 -80.362991809 9.169963696 -0.000557172 -0.001030482 -0.618806184 0.785542828
1317401284.964104891 355.939570800 -81.056923319 9.189023289 0.001652825 0.000640801 -0.622835173 0.782351075
1317401285.068191051 356.085098696 -81.679474235 9.202584143 0.002975726 0.000967015 -0.626449800 0.779455488
1317401285.172255039 356.255636157 -82.392554432 9.218277272 0.003418344 -0.000650580 -0.629988710 0.776596496
1317401285.276292086 356.396133446 -83.070332163 9.225664799 0.000927214 -0.001745757 -0.633680366 0.773592455
1317401285.380306005 356.550687231 -83.773215170 9.234893371 -0.000734596 -0.003127270 -0.636729062 0.771080918
1317401285.484297991 356.674891918 -84.468256732 9.232407894 -0.001460786 -0.002936236 -0.638935100 0.769253653
1317401285.588239908 356.815475036 -85.180790157 9.240722892 -0.001559153 -0.001691353 -0.640646699 0.767832349
1317401285.692158937 356.955962985 -85.894287113 9.243825677 -0.001731039 0.000238723 -0.642028401 0.766678863
1317401285.796053648 357.088007809 -86.593333597 9.264497442 -0.000826543 0.000618191 -0.643186429 0.765708921
1317401285.899947882 357.221670290 -87.295002319 9.273003715 -0.000465373 0.001215642 -0.644033891 0.764995851
1317401286.003844976 357.358088807 -88.043375384 9.278252890 0.000673127 0.002001806 -0.645155369 0.764048486
1317401286.107716084 357.474651923 -88.716585514 9.279391395 0.000981068 0.003522618 -0.645663477 0.763613320
1317401286.211611032 357.601757269 -89.436561899 9.297157236 0.000627375 0.004137775 -0.646543700 0.762865473
1317401286.315506935 357.720192623 -90.166043052 9.302757893 -0.000147677 0.002296452 -0.646674672 0.762762462
1317401286.419377804 357.853028691 -90.903975119 9.314053141 -0.001188749 -0.000074747 -0.646681095 0.762759558
1317401286.523247004 357.970149940 -91.572226837 9.324943408 -0.003023651 -0.000720686 -0.646893288 0.762574201
1317401286.627142906 358.086620419 -92.272361600 9.314439335 -0.002732087 -0.000900514 -0.646744673 0.762701155
1317401286.731039047 358.226894387 -93.017003810 9.326943554 -0.002968246 0.000393929 -0.646884164 0.762582398
1317401286.834882975 358.338724992 -93.693192820 9.341584899 -0.002577540 0.000832974 -0.646601415 0.762823225
1317401286.938728094 358.476261590 -94.449507145 9.365882228 -0.002763464 0.001033751 -0.646141368 0.763212046
1317401287.042599916 358.589667797 -95.102729093 9.360481603 -0.005207935 0.003072250 -0.645691403 0.763574522
1317401287.146471977 358.713483354 -95.819883987 9.369329446 -0.005472982 0.005392647 -0.645498525 0.763722869
1317401287.250366926 358.841560657 -96.514419327 9.374654608 -0.003677635 0.006697683 -0.645107730 0.764053422
1317401287.354283094 358.968603062 -97.214096286 9.390452187 -0.003714413 0.008071141 -0.644674036 0.764405944
1317401287.458178043 359.097584616 -97.898969524 9.401889854 -0.005969112 0.010020055 -0.644160200 0.764801677
1317401287.562073946 359.227220752 -98.600532939 9.397960530 -0.007863261 0.009805893 -0.643379710 0.765444030
1317401287.665967941 359.353959030 -99.285133700 9.408356907 -0.009629802 0.008381160 -0.642501285 0.766178257
1317401287.769839048 359.490471398 -99.972639995 9.419259232 -0.011607824 0.007039944 -0.641167243 0.767281086
1317401287.873734951 359.622665620 -100.660415335 9.422114136 -0.013815885 0.008057531 -0.640033870 0.768180215
1317401287.977629900 359.752243235 -101.332036060 9.420909372 -0.013860717 0.008146870 -0.638675225 0.769308434
1317401288.081523895 359.882263709 -102.002792071 9.437812473 -0.013494555 0.007416601 -0.637605838 0.770208859
1317401288.185466766 360.018528440 -102.676537557 9.456693513 -0.013906136 0.005806459 -0.636985324 0.770728617
1317401288.289408922 360.157561452 -103.360467550 9.474074337 -0.016009466 0.004565457 -0.636933236 0.770739195
1317401288.393352032 360.295768484 -104.061109134 9.479616253 -0.016563406 0.003433665 -0.637193955 0.770517831
1317401288.497318983 360.430473341 -104.721978644 9.501433292 -0.015117658 0.002739732 -0.637356576 0.770415826
1317401288.601309299 360.552743055 -105.406634577 9.509357110 -0.013602885 0.002908641 -0.637756069 0.770112782
1317401288.705299854 360.681787390 -106.080035205 9.533421938 -0.011754527 0.003876912 -0.638276659 0.769707547
1317401288.809288979 360.821494504 -106.758415081 9.551786820 -0.010727721 0.004479460 -0.638585441 0.769463115
1317401288.913280010 360.952576201 -107.421477060 9.571832806 -0.010614088 0.004406542 -0.638860122 0.769237069
1317401289.017247915 361.077054666 -108.112528589 9.595741464 -0.009555043 0.002028495 -0.639131586 0.769035371
1317401289.121216059 361.208257206 -108.766201076 9.613069217 -0.009220972 0.000152241 -0.639250847 0.768942979
1317401289.225183964 361.320472678 -109.439697985 9.620711429 -0.008711450 -0.000749626 -0.639568989 0.768683977
1317401289.329124212 361.460843284 -110.131727970 9.640737310 -0.008532417 -0.000186845 -0.639476057 0.768763641
1317401289.433067083 361.585010990 -110.789586075 9.640790443 -0.006261591 -0.000241611 -0.639377135 0.768867748
1317401289.537009001 361.701535522 -111.485280423 9.688152533 -0.007485812 0.001118508 -0.639404812 0.768833011
1317401289.640952110 361.840570407 -112.128111535 9.688449497 -0.006964436 0.001648785 -0.638921430 0.769238704
1317401289.744920015 361.971892468 -112.785697109 9.698305551 -0.007916510 0.002562723 -0.638862486 0.769275949
1317401289.848886013 362.100406254 -113.457000227 9.717674035 -0.009879982 0.003551111 -0.639261552 0.768917710
1317401289.952877998 362.219733546 -114.114095210 9.718962486 -0.008619947 0.001894709 -0.639565425 0.768686004
1317401290.056869030 362.358585642 -114.799106136 9.748116978 -0.010168045 0.002337387 -0.640256672 0.768090191
1317401290.160811663 362.487581127 -115.478172913 9.740886797 -0.010178499 0.002811502 -0.640648835 0.767761398
1317401290.264755011 362.610241329 -116.125183611 9.763667010 -0.009934088 0.003553370 -0.640554581 0.767840163
1317401290.368721008 362.729382972 -116.801506241 9.782111569 -0.006828151 0.001160482 -0.640755062 0.767714126
1317401290.472665071 362.842834272 -117.469388330 9.806953568 -0.006405963 0.000403015 -0.641139098 0.767397848
1317401290.576591969 362.977095611 -118.110066291 9.810496595 -0.007082094 0.001777293 -0.641097587 0.767424635
1317401290.680509090 363.105326033 -118.796231202 9.820950738 -0.007911085 0.002862340 -0.641402573 0.767158367
1317401290.784420013 363.232041364 -119.457825697 9.836299479 -0.008451804 0.003384026 -0.641125334 0.767382188
1317401290.888314009 363.337444312 -120.119083760 9.850872856 -0.005812081 0.000391634 -0.640952106 0.767558770
1317401290.992207050 363.468524773 -120.789710913 9.873586158 -0.006994394 -0.002001627 -0.640727771 0.767733674
1317401291.096101999 363.595057737 -121.465784959 9.888080137 -0.009155245 -0.003060986 -0.640650573 0.767771877
1317401291.199997902 363.721496812 -122.095554157 9.893039907 -0.010101767 -0.002487740 -0.640221355 0.768120031
1317401291.303917885 363.849296590 -122.774889484 9.910148854 -0.009267635 -0.000924246 -0.640150588 0.768192998
1317401291.407835960 363.975513523 -123.441680189 9.916135592 -0.007802166 0.001026541 -0.640265251 0.768113586
1317401291.511754990 364.103583039 -124.103715601 9.945189089 -0.006692654 0.002890287 -0.640288622 0.768099821
1317401291.615674973 364.221855971 -124.752888461 9.961593658 -0.005706578 0.002836042 -0.640455303 0.767969008
1317401291.719593048 364.355846647 -125.405229567 9.982111723 -0.008223280 0.003204664 -0.640631744 0.767797549
1317401291.823513031 364.480464665 -126.073397801 9.987750601 -0.009288857 0.001629001 -0.640938467 0.767534328
1317401291.927431822 364.601384066 -126.732137360 10.002944223 -0.009038460 -0.000056894 -0.641099593 0.767404466
1317401292.031374931 364.726767151 -127.395320906 10.011063132 -0.008075325 0.000819567 -0.641217823 0.767315985
1317401292.135341167 364.863596134 -128.052167408 10.010997042 -0.005912392 0.002599795 -0.641631755 0.766985643
1317401292.239284039 364.989646391 -128.723802768 10.030111140 -0.005271991 0.004530793 -0.641957442 0.766708759
1317401292.343226910 365.107905139 -129.375842101 10.065896589 -0.004752257 0.003779670 -0.642177396 0.766532010
1317401292.447192907 365.229564174 -130.032866756 10.081680857 -0.005961446 0.002575803 -0.642244656 0.766472196
1317401292.551160097 365.346469764 -130.686194267 10.071947143 -0.006673688 0.001238835 -0.642747087 0.766048373
1317401292.655102968 365.475879831 -131.366443829 10.071194880 -0.006207202 0.001608095 -0.643106012 0.765750313
1317401292.759049892 365.591201316 -132.034414549 10.084909919 -0.004536709 0.002683066 -0.643237216 0.765648812
1317401292.863016844 365.707177124 -132.685558113 10.114359231 -0.002541596 0.001403941 -0.643539888 0.765407070
1317401292.966955662 365.831230622 -133.363317519 10.116925604 -0.003623595 0.000583872 -0.643909384 0.765092957
1317401293.070898294 365.947283796 -134.034416252 10.120785065 -0.003578815 -0.001364604 -0.643793672 0.765189543
1317401293.174840927 366.052915329 -134.704903276 10.136001428 -0.003308882 -0.003017136 -0.643703367 0.765261997
1317401293.278783083 366.164068524 -135.349149213 10.147348113 -0.002802572 -0.004133967 -0.643966251 0.765037596
1317401293.382725954 366.294172614 -136.025544896 10.172320108 -0.003690499 -0.005253926 -0.644047077 0.764958914
1317401293.486668110 366.399795565 -136.650690528 10.179289528 -0.006040315 -0.005969756 -0.643864259 0.765092604
1317401293.590610981 366.526990201 -137.323318906 10.182753427 -0.006611070 -0.003925724 -0.643747263 0.765199545
1317401293.694554090 366.650831728 -138.042765941 10.196274044 -0.004183956 -0.001466485 -0.643540761 0.765399002
1317401293.798496008 366.775870904 -138.699281473 10.214482018 -0.003453767 0.002071016 -0.643133164 0.765743766
1317401293.902439117 366.891200126 -139.352555440 10.246925608 -0.003254855 0.002976327 -0.642798913 0.766022261
1317401294.006382942 367.016938841 -140.023407508 10.263538786 -0.002338144 0.000131744 -0.642492597 0.766288313
1317401294.110301971 367.136560710 -140.691694743 10.268022208 -0.004781140 0.000027699 -0.642305219 0.766434045
1317401294.214242935 367.258962845 -141.351778947 10.267421670 -0.004309099 0.000180835 -0.641965641 0.766721276
1317401294.318186045 367.386030204 -142.015357184 10.277517514 -0.001621364 0.001479755 -0.641635231 0.767006787
1317401294.422106028 367.494775531 -142.689511849 10.287418787 0.002120396 0.001849170 -0.641543315 0.767081651
1317401294.526022911 367.618195792 -143.350420484 10.312185034 0.002505152 0.000437460 -0.641252492 0.767325729
1317401294.629942894 367.741452710 -144.023708181 10.337421150 -0.000188359 -0.002736645 -0.641109482 0.767444531
1317401294.733861923 367.856044778 -144.662324567 10.331148876 -0.006185611 -0.003630406 -0.641467392 0.767116773
1317401294.837779999 368.003633651 -145.345951230 10.333913635 -0.005515013 -0.006129904 -0.641407898 0.767155732
1317401294.941699028 368.098879544 -146.010802091 10.327467028 -0.002537193 -0.006455882 -0.641162327 0.767373934
1317401295.045639992 368.216289916 -146.658737781 10.356057230 -0.001102345 -0.003816005 -0.641411133 0.767187058
1317401295.149584055 368.352312181 -147.325411281 10.372531612 -0.001650584 -0.002345737 -0.641617851 0.767019105
1317401295.253503084 368.479516512 -147.984281461 10.402118682 -0.002483877 -0.005506631 -0.641499560 0.767099617
1317401295.357420683 368.598432616 -148.615878741 10.407915331 -0.004180080 -0.007572751 -0.641199715 0.767325293
1317401295.461338997 368.721395394 -149.262436791 10.432816654 -0.002532350 -0.010168833 -0.641273518 0.767240808
1317401295.565282106 368.818451838 -149.932769597 10.436622495 -0.004533579 -0.006112254 -0.641538550 0.767053046
1317401295.669250965 368.945542981 -150.570123065 10.464032928 -0.001318042 -0.004326114 -0.641682222 0.766957283
1317401295.773195982 369.080259261 -151.225366932 10.477630969 -0.002756545 -0.000785041 -0.641733770 0.766922130
1317401295.877137899 369.210200458 -151.858724443 10.503593871 -0.001981720 -0.000961887 -0.641803187 0.766866231
1317401295.981126070 369.326851152 -152.470933366 10.522552156 -0.001269548 -0.002631523 -0.641947018 0.766743432
1317401296.085117102 369.426032111 -153.099313967 10.529221673 -0.001495874 -0.003101432 -0.642362141 0.766393517
1317401296.189086914 369.544200587 -153.734873335 10.535786960 -0.000128707 -0.003322791 -0.642797947 0.766028551
1317401296.293055058 369.662603572 -154.344793503 10.548132966 -0.000396989 -0.001648624 -0.642991685 0.765871280
1317401296.396992922 369.768230883 -154.941701139 10.567779286 -0.001185159 -0.000154221 -0.643204376 0.765693609
1317401296.500935078 369.869174148 -155.501489484 10.581461647 -0.001537009 -0.000448121 -0.643429519 0.765503685
1317401296.604902029 369.980829533 -156.096703249 10.593749947 0.000288423 -0.003000687 -0.643590970 0.765363689
1317401296.708890915 370.060193555 -156.641969510 10.601385861 0.002532943 -0.006155814 -0.643443957 0.765464280
1317401296.812906981 370.149570851 -157.188565673 10.615511318 0.003171990 -0.006653584 -0.643651693 0.765283063
1317401296.916920900 370.249798408 -157.713142656 10.622440584 0.002015401 -0.003795157 -0.644145853 0.764890616
1317401297.020911217 370.333407112 -158.195186227 10.626891562 0.001464349 -0.001779169 -0.644403812 0.764681906
1317401297.124877930 370.431395405 -158.656695930 10.640798230 0.002860149 -0.002547446 -0.644458287 0.764629876
1317401297.228873014 370.486986372 -159.093526210 10.658709840 0.004677261 -0.004171620 -0.644501045 0.764577742
1317401297.332865000 370.564788109 -159.526299393 10.668205627 0.005382456 -0.005056702 -0.644637848 0.764452421
1317401297.436853647 370.632336846 -159.937673045 10.678371057 0.004887822 -0.005342078 -0.645074955 0.764084991
1317401297.540868044 370.707961681 -160.324570570 10.679775894 0.003734134 -0.004565580 -0.645528816 0.763713139
1317401297.644881964 370.773589842 -160.704132038 10.682165333 0.004365384 -0.004185245 -0.645927407 0.763374883
1317401297.748895884 370.827254953 -161.063060333 10.689186674 0.006486596 -0.004329749 -0.646331003 0.763017308
1317401297.852910042 370.880609091 -161.413934453 10.704436731 0.009086231 -0.005484715 -0.646570865 0.762780096
1317401297.956899881 370.939782399 -161.735909822 10.712155300 0.009843198 -0.005662925 -0.646905345 0.762485749
1317401298.060866117 370.985894983 -162.044963737 10.722828966 0.009970916 -0.005203499 -0.647091784 0.762329147
1317401298.164859056 371.038020288 -162.331793990 10.730707922 0.009454774 -0.004222104 -0.647114601 0.762322421
1317401298.268851042 371.077369361 -162.596403147 10.737352564 0.009098006 -0.002687857 -0.647203831 0.762257963
1317401298.372817993 371.125292962 -162.844581263 10.735000847 0.007969220 -0.001434671 -0.647297538 0.762194418
1317401298.476783991 371.161990247 -163.058306021 10.731877297 0.007240653 -0.001399056 -0.647213784 0.762272873
1317401298.580724955 371.204250585 -163.262541025 10.737401418 0.006885283 -0.002310658 -0.646382368 0.762979088
1317401298.684643984 371.238056312 -163.447174296 10.734940111 0.006487591 -0.003566284 -0.644753076 0.764355064
1317401298.788515091 371.285721092 -163.610994567 10.739957211 0.006314897 -0.004658733 -0.641921775 0.766729974
1317401298.892313957 371.329811596 -163.778998062 10.739554804 0.006240634 -0.005795000 -0.637709853 0.770229587
1317401298.996088982 371.364532389 -163.934448517 10.742937275 0.006135996 -0.005587087 -0.630607066 0.776057899
1317401299.099865913 371.382319867 -164.069908174 10.740630477 0.006614741 -0.005058155 -0.623105496 0.782093474
1317401299.203617096 371.434115886 -164.244001388 10.746038992 0.008591774 -0.004255476 -0.614619342 0.788765578
1317401299.307318926 371.510808268 -164.389954428 10.752672288 0.009834057 -0.003044314 -0.604396629 0.796617058
1317401299.411021709 371.544602791 -164.509517317 10.757224824 0.009676633 -0.000851197 -0.592110564 0.805798187
1317401299.514746904 371.610903056 -164.665040169 10.759043785 0.008330699 0.001283859 -0.579438796 0.814972167
1317401299.618424177 371.665084687 -164.793805468 10.757239433 0.006625008 0.003887761 -0.565021812 0.825040209
1317401299.722103119 371.729046997 -164.930817480 10.759777690 0.004641928 0.006354253 -0.548820707 0.835903049
1317401299.825855017 371.798576933 -165.025737065 10.760366121 0.002245121 0.008720323 -0.533202489 0.845939727
1317401299.929630995 371.882236900 -165.154448640 10.752692703 -0.001024671 0.010895981 -0.517008181 0.855910491
1317401300.033381939 371.968106718 -165.274169230 10.746447760 -0.002580304 0.012186388 -0.499942611 0.865968949
1317401300.137083054 372.037979026 -165.389482221 10.746298310 -0.004261132 0.013320598 -0.481714384 0.876216672
1317401300.240787029 372.119148121 -165.519084347 10.740323222 -0.005224261 0.014435367 -0.462355967 0.886561497
1317401300.344515085 372.223389757 -165.660233300 10.745204174 -0.007262311 0.016414359 -0.442322607 0.896676385
1317401300.448241949 372.338665331 -165.792497833 10.733088998 -0.009034494 0.019085874 -0.421277956 0.906685718
1317401300.551968098 372.472184500 -165.912979059 10.732683285 -0.009439745 0.020058683 -0.398924032 0.916715963
1317401300.655694962 372.565737161 -166.047371472 10.728114433 -0.009271263 0.019882993 -0.375197943 0.926685067
1317401300.759422064 372.721857961 -166.169635581 10.729294558 -0.009020423 0.019483801 -0.351731259 0.935854762
1317401300.863195896 372.852858570 -166.288498267 10.724191864 -0.009508824 0.019335943 -0.328187552 0.944366790
1317401300.967015982 372.982836535 -166.413906170 10.720281092 -0.011410664 0.019506370 -0.305625745 0.951883502
1317401301.070888042 373.172035939 -166.531016073 10.707417760 -0.013534918 0.020136565 -0.284437549 0.958387503
1317401301.174808025 373.336253546 -166.646953091 10.691898383 -0.014297405 0.020206505 -0.264369905 0.964103643
1317401301.278727055 373.562189815 -166.769882143 10.687712930 -0.015095714 0.019238560 -0.244586644 0.969319024
1317401301.382669926 373.760335783 -166.865307996 10.678224715 -0.014923011 0.019143619 -0.224548875 0.974160474
1317401301.486635923 374.004090984 -166.972033421 10.675814433 -0.015304895 0.019067470 -0.206488875 0.978143413
1317401301.590603113 374.207128879 -167.090901709 10.664055243 -0.016133185 0.019393284 -0.188249471 0.981797208
1317401301.694569111 374.473279840 -167.174897710 10.650705919 -0.016793471 0.019456971 -0.169452409 0.985203170
1317401301.798537016 374.723807505 -167.267382603 10.642251816 -0.017288900 0.018871573 -0.151318399 0.988153682
1317401301.902504921 374.993571209 -167.356580851 10.635284152 -0.017527248 0.018429287 -0.133795335 0.990682575
1317401302.006445885 375.267934268 -167.437035903 10.621067686 -0.015347108 0.018321519 -0.115767298 0.992988782
1317401302.110363960 375.585323875 -167.495729683 10.620302724 -0.013552823 0.017300021 -0.097622868 0.994980807
1317401302.214283943 375.896577180 -167.559090283 10.614208114 -0.014081129 0.015930985 -0.078972198 0.996650048
1317401302.318178892 376.226942352 -167.601920537 10.593377321 -0.015686454 0.014644294 -0.059046373 0.998024552
1317401302.422049999 376.563204654 -167.621032134 10.582329872 -0.015466503 0.013433542 -0.039327521 0.999016353
1317401302.525968075 376.911284419 -167.651117296 10.572039297 -0.015703420 0.011416369 -0.020424668 0.999602872
1317401302.629909992 377.279162086 -167.658909699 10.561323416 -0.015833686 0.008601833 -0.002556503 0.999834370
1317401302.733875990 377.682068608 -167.658607255 10.549660303 -0.018073170 0.005533300 0.014137077 0.999721404
1317401302.837892056 378.081075320 -167.617511070 10.526116519 -0.020400395 0.003760666 0.029742488 0.999342317
1317401302.942027092 378.419512113 -167.608041835 10.517903417 -0.022178565 0.003643586 0.041299166 0.998893996
1317401303.046281099 378.869292068 -167.585031280 10.513835897 -0.021575492 0.003841637 0.049011480 0.998557767
1317401303.150558949 379.312176102 -167.541336917 10.511187989 -0.021854991 0.003513925 0.053566440 0.998318911
1317401303.254837036 379.760547312 -167.489113863 10.506084913 -0.020117310 0.003661353 0.057541771 0.998133675
1317401303.359091997 380.277295422 -167.428093006 10.506394887 -0.019099005 0.003415969 0.061617206 0.997911258
1317401303.463325024 380.846905572 -167.349927048 10.506959707 -0.018619896 0.002216791 0.065454867 0.997679330
1317401303.567532063 381.433427418 -167.263816198 10.497386240 -0.020297239 0.001332746 0.069124829 0.997400624
1317401303.671737909 382.032507759 -167.171794772 10.484480564 -0.022025164 0.001305439 0.071808249 0.997174390
1317401303.775968075 382.642885195 -167.074079523 10.485022764 -0.021751306 0.001322665 0.073690602 0.997043041
1317401303.880199909 383.226073741 -166.987830824 10.477809512 -0.022140430 0.001322099 0.074590344 0.996967569
1317401303.984406948 383.877846861 -166.880027330 10.483491253 -0.021914972 0.001162066 0.075105295 0.996934089
1317401304.088614941 384.485238733 -166.793420766 10.473331809 -0.021799193 0.001042539 0.075264901 0.996924723
1317401304.192795992 385.251444693 -166.665123528 10.467586146 -0.021951868 0.000935290 0.075607990 0.996895517
1317401304.296955109 385.937021880 -166.566432447 10.464801109 -0.021179678 0.001678693 0.075951945 0.996885101
1317401304.401089907 386.636359100 -166.442777544 10.461575975 -0.021922080 0.002800245 0.076143960 0.996851884
1317401304.505198956 387.389722220 -166.333645033 10.458784454 -0.021022205 0.003767180 0.076545298 0.996837345
1317401304.609286070 388.151798242 -166.203567826 10.462907380 -0.020951919 0.003664792 0.077333458 0.996778372
1317401304.713350058 388.927763513 -166.073956444 10.457040889 -0.021110508 0.002997798 0.078314583 0.996700650
1317401304.817411900 389.708181529 -165.950660998 10.447532750 -0.022256041 0.002717091 0.079331859 0.996596078
1317401304.921449900 390.523531277 -165.808518241 10.432792534 -0.023878645 0.003439888 0.080505422 0.996462169
1317401305.025489807 391.341692961 -165.673965179 10.423301927 -0.023633018 0.004825560 0.081696916 0.996365299
1317401305.129529953 392.187401160 -165.523253406 10.431293548 -0.023809416 0.005141333 0.083127272 0.996241203
1317401305.233519077 393.030341613 -165.376451825 10.416326281 -0.024090639 0.005290871 0.085083961 0.996068455
1317401305.337507725 393.905533903 -165.216724461 10.406736147 -0.022960451 0.005890310 0.087299327 0.995900070
1317401305.441499949 394.747156004 -165.059694044 10.404865864 -0.023659884 0.006222908 0.089555143 0.995681355
1317401305.545466900 395.638012044 -164.886003970 10.403321500 -0.023507272 0.005602600 0.091810532 0.995483222
1317401305.649409056 396.511812446 -164.716303495 10.385485786 -0.024629693 0.005366114 0.094325402 0.995222237
1317401305.753350973 397.383307741 -164.539421811 10.379034112 -0.025122255 0.005922575 0.096519463 0.994996376
1317401305.857319117 398.306995894 -164.342135906 10.371955372 -0.026285819 0.006912417 0.097796867 0.994835186
1317401305.961308956 399.195586910 -164.161692051 10.363372516 -0.025174350 0.008232872 0.098813573 0.994753412
1317401306.065321922 400.084353607 -163.975704111 10.364337046 -0.026462894 0.008661161 0.099869440 0.994610876
1317401306.169338226 400.968265261 -163.801346968 10.345343372 -0.027200417 0.009961743 0.101014139 0.994463194
1317401306.273330927 401.878059824 -163.605898833 10.339357593 -0.026277525 0.011385448 0.102084483 0.994363425
1317401306.377321005 402.755870784 -163.416964917 10.332358299 -0.024777609 0.012755220 0.102803489 0.994311228
1317401306.481337070 403.653902765 -163.224102009 10.318466081 -0.026635493 0.012718190 0.103100079 0.994232957
1317401306.585352898 404.541552667 -163.029228541 10.304824677 -0.024007165 0.012978372 0.102571984 0.994351148
1317401306.689342976 405.432617811 -162.834475884 10.290272826 -0.024081868 0.012316279 0.102209880 0.994395049
1317401306.793333054 406.308910446 -162.645912496 10.273306779 -0.022603710 0.011863480 0.101532944 0.994504596
1317401306.897347927 407.164647558 -162.460161053 10.262045721 -0.023568906 0.011155718 0.100110195 0.994634609
1317401307.001360893 408.071751988 -162.278408265 10.251174096 -0.021868918 0.011137253 0.098306157 0.994853563
1317401307.105376005 408.933258884 -162.097704384 10.236466608 -0.021385584 0.011302761 0.096258341 0.995062428
1317401307.209393978 409.806749801 -161.923307105 10.223387760 -0.019742926 0.011769527 0.094585512 0.995251363
1317401307.313409090 410.692783848 -161.757534705 10.214342866 -0.017732511 0.012601457 0.092720560 0.995454499
1317401307.417398930 411.562675311 -161.579702153 10.202033279 -0.016368026 0.013147552 0.091168161 0.995614180
1317401307.521388054 412.428057319 -161.425661748 10.195909942 -0.015803992 0.013100686 0.089689364 0.995758216
1317401307.625401974 413.302832458 -161.261518805 10.180159289 -0.015151345 0.013432831 0.088503600 0.995870026
1317401307.729393959 414.163495884 -161.098999599 10.167705386 -0.015380037 0.014075201 0.087947496 0.995906914
1317401307.833360910 415.023558990 -160.950953223 10.142497514 -0.015794089 0.016682225 0.087130091 0.995932024
1317401307.937350988 415.860092733 -160.802468252 10.136286842 -0.015651010 0.019191288 0.086642085 0.995931669
1317401308.041341066 416.700234961 -160.632719838 10.121910768 -0.011934671 0.020955000 0.086329202 0.995974759
1317401308.145306110 417.517695903 -160.494382634 10.108778911 -0.016791862 0.020460083 0.085966375 0.995946385
1317401308.249274015 418.299098970 -160.336856108 10.079871577 -0.015895964 0.020742313 0.085985757 0.995953575
1317401308.353266954 419.081488543 -160.186329790 10.076207127 -0.010751501 0.020303340 0.086314812 0.996002978
1317401308.457257032 419.825918802 -160.055926820 10.054486970 -0.011225626 0.019016030 0.086374292 0.996018001
1317401308.561249018 420.552094354 -159.914859724 10.033060163 -0.011609310 0.017342137 0.086592578 0.996025200
1317401308.665239096 421.270338295 -159.789930493 10.019058777 -0.011603744 0.015725362 0.087064465 0.996010966
1317401308.769206047 421.959728449 -159.660009245 10.003654517 -0.012405909 0.015093947 0.087310380 0.995989540
1317401308.873195887 422.624499644 -159.539497335 9.987625827 -0.012953687 0.015058969 0.087581556 0.995959287
1317401308.977180004 423.260060333 -159.421774133 9.985320938 -0.013667969 0.014757919 0.088027827 0.995914902
1317401309.081147909 423.861723662 -159.313483001 9.976324332 -0.013492317 0.014551789 0.088645487 0.995865543
1317401309.185120106 424.435554914 -159.198178306 9.967537244 -0.013575405 0.014794302 0.089088970 0.995821265
1317401309.289114952 424.999615543 -159.095569367 9.965347890 -0.013867519 0.014022971 0.089314235 0.995808222
1317401309.393105984 425.520116799 -158.996548650 9.957472402 -0.013776718 0.013481739 0.089652982 0.995786517
1317401309.497092962 426.003206468 -158.907193725 9.951395838 -0.013953892 0.013556678 0.089456642 0.995800690
1317401309.601109982 426.552154461 -158.797837745 9.942366135 -0.014165281 0.013761943 0.089614256 0.995780718
1317401309.705123901 427.005479792 -158.717676667 9.940131206 -0.014152107 0.013937103 0.089573129 0.995782170
1317401309.809112072 427.479531120 -158.622165678 9.929873696 -0.013347786 0.014358693 0.089534643 0.995790747
1317401309.913103104 427.900212976 -158.546130314 9.922160221 -0.013201602 0.015320027 0.089467135 0.995784438
1317401310.017117023 428.318990685 -158.469612215 9.926736326 -0.013815528 0.015508628 0.088985136 0.995816378
1317401310.121130943 428.695777218 -158.405231010 9.920454466 -0.014705976 0.015240413 0.087998503 0.995895440
1317401310.225171089 429.062231858 -158.337963842 9.914564009 -0.015924552 0.014931794 0.085825360 0.996071010
1317401310.329210043 429.435156334 -158.271849327 9.906759371 -0.015695100 0.014900492 0.082844606 0.996327461
1317401310.433227062 429.727720740 -158.219706234 9.905590517 -0.015029466 0.014200814 0.080332398 0.996553640
1317401310.537240028 430.050944832 -158.159847461 9.901084743 -0.014192723 0.013705617 0.077902217 0.996765753
1317401310.641253948 430.318948222 -158.116841826 9.895652664 -0.013613736 0.013772603 0.075399853 0.996965317
1317401310.745245934 430.609066100 -158.070629348 9.891956348 -0.013452431 0.013685668 0.073135920 0.997137339
1317401310.849235058 430.857748722 -158.026668327 9.891812664 -0.013671674 0.013037951 0.070872857 0.997306440
1317401310.953250885 431.123074826 -157.988615729 9.887772662 -0.012982711 0.011941739 0.068707951 0.997480858
1317401311.057241201 431.366366468 -157.959168858 9.886234322 -0.012457808 0.011181517 0.066478899 0.997647399
1317401311.161228895 431.618797719 -157.920324982 9.880825335 -0.012259442 0.010924017 0.064449796 0.997785847
1317401311.265222073 431.869581592 -157.887358176 9.876893326 -0.012226688 0.010663211 0.062609726 0.997906221
1317401311.369190931 432.106428571 -157.855942925 9.873681339 -0.011736011 0.010344868 0.060823745 0.998025912
1317401311.473133087 432.359901046 -157.826709961 9.868693819 -0.010955044 0.010243160 0.059381386 0.998122696
1317401311.577049971 432.597083046 -157.791277090 9.872351698 -0.010715921 0.010236409 0.058524153 0.998175991
1317401311.680974960 432.843244729 -157.757473683 9.868167412 -0.010619151 0.009993508 0.057964992 0.998212113
1317401311.784919024 433.075077103 -157.728077184 9.867830666 -0.010355396 0.009715396 0.057847150 0.998224466
1317401311.888854980 433.319128623 -157.700502103 9.865133721 -0.010146726 0.009730982 0.057685456 0.998235814
1317401311.992796898 433.546609839 -157.669029922 9.854059404 -0.010109488 0.009885951 0.057844797 0.998225448
1317401312.096740961 433.813168243 -157.642052409 9.853092126 -0.009901035 0.008795278 0.058246693 0.998214373
1317401312.200659990 434.081760109 -157.606847055 9.853071832 -0.008112664 0.007278893 0.058216896 0.998244457
1317401312.304578066 434.376063025 -157.580865702 9.841293552 -0.005331636 0.007110925 0.058237764 0.998263177
1317401312.408504009 434.673060352 -157.537060876 9.837118407 -0.004952404 0.007576495 0.058711082 0.998233980
1317401312.512423992 434.992167156 -157.496831168 9.838026620 -0.005894919 0.007908755 0.059349030 0.998188556
1317401312.616336107 435.333052265 -157.453146485 9.832446808 -0.007758220 0.008065586 0.060154764 0.998126325
1317401312.720231056 435.685334606 -157.399476496 9.828726630 -0.008498984 0.008332443 0.061141219 0.998058159
1317401312.824101925 436.041417900 -157.352803678 9.829632293 -0.008927844 0.008715456 0.062310109 0.997978850
1317401312.927994013 436.438671203 -157.308922891 9.820179740 -0.010377483 0.009262761 0.063379514 0.997892552
1317401313.031888962 436.815861114 -157.250284833 9.808255106 -0.009973486 0.009834357 0.064578127 0.997814352
1317401313.135785103 437.219058992 -157.198473351 9.803838656 -0.008082694 0.009705139 0.065640574 0.997763396
1317401313.239705086 437.636030681 -157.145941020 9.805061494 -0.006593137 0.009914886 0.066451430 0.997718614
1317401313.343597889 438.064097618 -157.083945916 9.800005350 -0.007313727 0.010730318 0.067437260 0.997639006
1317401313.447494984 438.509955553 -157.010603657 9.789727036 -0.009480960 0.011868699 0.068625919 0.997526806
1317401313.551389933 438.976346007 -156.934992663 9.786233171 -0.012180325 0.012268023 0.069407705 0.997438572
1317401313.655283928 439.469280186 -156.860935585 9.771887330 -0.013822607 0.011163629 0.070340490 0.997364790
1317401313.759200096 439.975515019 -156.788092149 9.753010809 -0.013492692 0.010939023 0.071287009 0.997304591
1317401313.863095999 440.492434130 -156.705911558 9.747363894 -0.011469220 0.011730316 0.071901552 0.997276804
1317401313.967015028 441.038850642 -156.626355973 9.743638783 -0.010853911 0.012159743 0.072549274 0.997231636
1317401314.070956945 441.596053743 -156.544328050 9.728717446 -0.011127276 0.012336629 0.073296368 0.997171818
1317401314.174876928 442.159547482 -156.452604116 9.708116209 -0.011575351 0.012330728 0.074217472 0.997098657
1317401314.278820038 442.769989449 -156.355361611 9.698540583 -0.011387831 0.012731094 0.074798776 0.997052346
1317401314.382786036 443.361651286 -156.264168696 9.689033825 -0.011294176 0.012825579 0.075584145 0.996992970
1317401314.486752987 444.020809255 -156.156842353 9.673332991 -0.011160224 0.012727668 0.076208719 0.996948187
1317401314.590696096 444.651005398 -156.063851749 9.654843336 -0.011068895 0.012858525 0.077102068 0.996878834
1317401314.694641113 445.312010304 -155.953330829 9.639839087 -0.011024181 0.013178437 0.077910553 0.996812290
1317401314.798608065 446.013899092 -155.841885837 9.621446070 -0.010596458 0.013154667 0.078730519 0.996752815
1317401314.902573109 446.686923677 -155.724635238 9.602027854 -0.008719029 0.013526937 0.079545931 0.996701282
1317401315.006539106 447.362252743 -155.609080104 9.588352729 -0.010027033 0.013874996 0.080260397 0.996626917
1317401315.110505104 448.160259243 -155.475713609 9.569746087 -0.010250725 0.014167266 0.080804983 0.996576523
1317401315.214497089 448.885683047 -155.354905961 9.553000967 -0.010470178 0.014325081 0.081404662 0.996523180
1317401315.318485975 449.675888887 -155.215933621 9.530958227 -0.010268225 0.014517867 0.081780887 0.996491687
1317401315.422452927 450.448225543 -155.084960730 9.517918871 -0.009888008 0.013909898 0.081956090 0.996489810
1317401315.526396990 451.243759261 -154.944198939 9.491088805 -0.010330868 0.013572664 0.082286393 0.996462747
1317401315.630337954 452.048545722 -154.800892194 9.470440653 -0.010430077 0.013562012 0.082456059 0.996447833
1317401315.734304905 452.891963571 -154.659080531 9.449413381 -0.010614190 0.013720447 0.082624468 0.996429770
1317401315.838272095 453.728225228 -154.517444378 9.431757287 -0.010710166 0.014110566 0.082788405 0.996409687
1317401315.942238092 454.580443705 -154.369526675 9.413145498 -0.011937411 0.014763353 0.082867446 0.996379711
1317401316.046204090 455.412221145 -154.227391056 9.390954119 -0.011219877 0.015613711 0.083218287 0.996345845
1317401316.150196075 456.299994017 -154.063941814 9.371788395 -0.011117786 0.016209966 0.083005430 0.996355223
1317401316.254188061 457.145021064 -153.914667294 9.349857077 -0.011169921 0.016194447 0.082193691 0.996422185
1317401316.358179092 458.060001309 -153.769123167 9.330999208 -0.011634900 0.015321682 0.081287911 0.996504968
1317401316.462193966 458.957354652 -153.614958688 9.302792825 -0.011308876 0.015033146 0.080024856 0.996615340
1317401316.566184044 459.873803512 -153.470511537 9.279456463 -0.010369717 0.015308743 0.079165020 0.996690028
1317401316.670150042 460.762472006 -153.321260913 9.263696417 -0.007595169 0.015676507 0.078432805 0.996767202
1317401316.774116755 461.658225619 -153.168783740 9.250833067 -0.006456945 0.015184419 0.077960984 0.996819856
1317401316.878084898 462.575948572 -153.021468571 9.233420649 -0.006602161 0.014177156 0.077766114 0.996848961
1317401316.982050896 463.460913056 -152.878359132 9.209786329 -0.007475831 0.014454803 0.077771555 0.996838380
1317401317.086018085 464.382692651 -152.731505659 9.192725722 -0.007697862 0.015520822 0.077758624 0.996821671
1317401317.189982891 465.303795315 -152.580489797 9.177033332 -0.006826835 0.016611460 0.077625991 0.996820776
1317401317.293948889 466.175060438 -152.434164604 9.169054202 -0.005673661 0.017258653 0.077480533 0.996828328
1317401317.397917032 467.071731692 -152.292016707 9.151647675 -0.005938775 0.017211853 0.077626099 0.996816268
1317401317.501859188 467.953296237 -152.149984614 9.136342624 -0.004569781 0.017166185 0.077787230 0.996811710
1317401317.605777979 468.881975902 -151.997704147 9.117197496 -0.003657511 0.016658165 0.078377216 0.996777879
1317401317.709697008 469.723036115 -151.859609272 9.100871949 -0.002371888 0.016170693 0.079437801 0.996705834
1317401317.813619852 470.611273491 -151.713381039 9.078494564 -0.002798649 0.016031270 0.081378359 0.996550415
1317401317.917515993 471.474239337 -151.565282943 9.059570692 -0.002342031 0.016776805 0.083532581 0.996361060
1317401318.021380901 472.296938814 -151.421331249 9.049509145 -0.001323028 0.018053446 0.086378541 0.996097922
1317401318.125276089 473.145641541 -151.275877716 9.030776081 -0.001971228 0.019059550 0.089134972 0.995835230
1317401318.229193926 473.969213719 -151.109538360 9.013913632 -0.002619457 0.019891318 0.091709295 0.995583688
1317401318.333137035 474.788594824 -150.957792175 8.991611681 -0.003452926 0.021376935 0.093324837 0.995400210
1317401318.437127113 475.583928388 -150.797779618 8.983461202 -0.002557241 0.022309660 0.094603711 0.995261713
1317401318.541116953 476.326435824 -150.647462098 8.962694334 -0.004022399 0.022630990 0.095433256 0.995170414
1317401318.645107031 477.093329304 -150.489394188 8.942775355 -0.004304254 0.023024337 0.095949601 0.995110560
1317401318.749123096 477.823388469 -150.349020873 8.921188106 -0.004793540 0.023827547 0.096381698 0.995047656
1317401318.853163004 478.529815416 -150.206034130 8.898363264 -0.005582060 0.024687177 0.096181903 0.995041921
1317401318.957226992 479.257886767 -150.059817672 8.882110569 -0.005651284 0.024988328 0.095859919 0.995065084
1317401319.061266899 479.940852690 -149.918058297 8.860468667 -0.006950559 0.024858978 0.095412024 0.995103144
1317401319.165306091 480.573077526 -149.786678265 8.840476015 -0.006385740 0.025085675 0.094790371 0.995160649
1317401319.269345999 481.236707093 -149.654321913 8.821619286 -0.006195476 0.025321829 0.093847478 0.995245232
1317401319.373383999 481.853787518 -149.532084064 8.799799965 -0.005197066 0.025854008 0.092722288 0.995342724
1317401319.477446079 482.462545414 -149.407269238 8.783814272 -0.004539275 0.024992200 0.091373490 0.995492677
1317401319.581510067 483.064813006 -149.296893778 8.765261987 -0.005100315 0.023461717 0.089663822 0.995682647
1317401319.685570955 483.656331265 -149.185843315 8.740738342 -0.004861721 0.022247586 0.087983784 0.995861568
1317401319.789633036 484.242093630 -149.080026947 8.719583332 -0.004744158 0.021632898 0.085488795 0.996092956
1317401319.893699884 484.828772167 -148.969141351 8.702229117 -0.005026328 0.021546381 0.082922278 0.996310386
1317401319.997764111 485.437657052 -148.867100174 8.677004494 -0.004816062 0.021684069 0.080056115 0.996542837
1317401320.101824045 486.038349974 -148.766523575 8.664118591 -0.007217104 0.020979924 0.077889326 0.996715109
1317401320.205862999 486.584448310 -148.676427733 8.649399648 -0.006285000 0.020663850 0.075613500 0.996903256
1317401320.309905052 487.171663613 -148.582559719 8.624876775 -0.004983052 0.020747062 0.073603695 0.997059288
1317401320.413943052 487.718543822 -148.499617345 8.612231367 -0.005012795 0.020551027 0.071741153 0.997198944
1317401320.517977953 488.322798102 -148.411468654 8.603319167 -0.003416164 0.020247679 0.070106305 0.997328164
1317401320.621990919 488.858907820 -148.332547314 8.583054713 -0.001015866 0.020663105 0.069028866 0.997400130
1317401320.725982904 489.388497758 -148.260764600 8.571730265 -0.001955037 0.020444498 0.068351386 0.997449893
1317401320.829998016 489.938350964 -148.174264604 8.561123266 -0.001743182 0.020279044 0.068548139 0.997440161
1317401320.933986902 490.477769582 -148.099210256 8.547825476 -0.000588868 0.020311770 0.069113722 0.997401814
1317401321.037977934 490.984103875 -148.028626275 8.534345797 0.000147712 0.020828649 0.070033922 0.997327126
1317401321.141969919 491.462115822 -147.956776806 8.516626457 0.001025680 0.021236243 0.071453626 0.997217303
1317401321.245938063 491.965818698 -147.883034585 8.506854990 -0.000025488 0.021039829 0.073104714 0.997102315
1317401321.349931002 492.431872345 -147.806100043 8.500712531 -0.000123458 0.020471940 0.075013028 0.996972382
1317401321.453917980 492.917198741 -147.729684407 8.486046695 -0.000953778 0.020257941 0.077045582 0.996821290
1317401321.557907104 493.358671051 -147.663854449 8.475293758 -0.001391422 0.020023709 0.079022562 0.996670733
1317401321.661900043 493.808621438 -147.584713453 8.461957601 0.000080613 0.019363411 0.080873533 0.996536263
1317401321.765892029 494.276300923 -147.508664295 8.450759964 0.001877191 0.019060665 0.083077575 0.996359013
1317401321.869905949 494.715954282 -147.435796094 8.437921758 0.002567079 0.019148132 0.085253357 0.996171985
1317401321.973917007 495.161709660 -147.359898122 8.421061735 0.002388153 0.019340889 0.087793564 0.995948049
1317401322.077908039 495.579429971 -147.279782324 8.416394529 0.001890941 0.019705407 0.090175422 0.995729137
1317401322.181900978 496.040560226 -147.194590847 8.402116426 0.000976579 0.019491803 0.092416359 0.995529172
1317401322.285940886 496.461094384 -147.100948614 8.395475914 0.000572966 0.019482136 0.094448889 0.995338900
1317401322.390003920 496.902959310 -147.020582377 8.378194737 0.000317367 0.019381846 0.095911023 0.995201145
1317401322.494062901 497.333168709 -146.936070105 8.372507181 0.000382248 0.019237486 0.096366886 0.995159885
1317401322.598150969 497.751938592 -146.849172505 8.362520313 0.000863924 0.019179389 0.096367476 0.995160647
1317401322.702240944 498.170060861 -146.769185399 8.353625830 0.001465932 0.019290810 0.095727130 0.995219590
1317401322.806325912 498.582777425 -146.689783553 8.344441259 0.001270036 0.019441969 0.094899384 0.995296189
1317401322.910413027 499.008758308 -146.606321755 8.330250594 0.001111032 0.019484580 0.094086228 0.995372744
1317401323.014475107 499.441445195 -146.519926396 8.316332327 0.001157886 0.018835804 0.093511263 0.995439358
1317401323.118513107 499.884665512 -146.430710569 8.300301322 0.001593275 0.018614520 0.092819295 0.995507679
1317401323.222552061 500.326722330 -146.352046135 8.296778826 0.003935488 0.019859561 0.091638501 0.995586508
1317401323.326615095 500.776228667 -146.269744364 8.297610265 0.005202652 0.021271407 0.090394888 0.995665217
1317401323.430653095 501.231327026 -146.182163515 8.286603422 0.004272654 0.020568456 0.089068754 0.995803916
1317401323.534691095 501.702568524 -146.093513911 8.268166076 0.002322274 0.019517451 0.087811256 0.995943201
1317401323.638731956 502.175058473 -146.007109054 8.243143528 0.000875448 0.019217332 0.086852057 0.996035465
1317401323.742747068 502.659578917 -145.925636593 8.219288026 0.002059443 0.019782483 0.085944689 0.996101362
1317401323.846735954 503.149263995 -145.834019630 8.210307014 0.005531669 0.019731967 0.086039426 0.996080954
1317401323.950701714 503.648260131 -145.757666549 8.203935790 0.007684418 0.020177341 0.085952006 0.996065298
1317401324.054668903 504.156260138 -145.659424845 8.186699712 0.006145216 0.021879195 0.086234333 0.996015651
1317401324.158633947 504.668434699 -145.562822040 8.173190843 0.003630127 0.022913102 0.087029559 0.995935574
1317401324.262603045 505.196503047 -145.464817108 8.151539112 0.002099616 0.022211473 0.087927929 0.995876961
1317401324.366571665 505.726778256 -145.370798521 8.131138568 0.001595218 0.022025734 0.089192209 0.995769588
1317401324.470513105 506.289013991 -145.261995632 8.109115264 0.002591180 0.022356313 0.091121776 0.995585407
1317401324.574409008 506.847157112 -145.160767835 8.090963146 0.003807260 0.022361091 0.094053119 0.995308745
1317401324.678282022 507.402865378 -145.041766153 8.072832153 0.004102089 0.021612101 0.097923244 0.994950817
1317401324.782125711 507.997967747 -144.922184702 8.048900027 0.003710539 0.020590386 0.103077015 0.994453316
1317401324.885946989 508.579876501 -144.786787180 8.028127873 0.002173888 0.019353852 0.109134413 0.993836195
1317401324.989744902 509.179646593 -144.644675845 8.002307624 0.001508199 0.017787913 0.116327516 0.993050464
1317401325.093544960 509.769181539 -144.491620538 7.982123332 0.001302543 0.016650651 0.123977507 0.992144464
1317401325.197345972 510.371914950 -144.322904593 7.961745231 0.000065399 0.016614806 0.132545707 0.991037628
1317401325.301168919 510.981922840 -144.153045972 7.945034420 -0.002494827 0.016718113 0.139892259 0.990022442
1317401325.405064106 511.588780298 -143.971703198 7.924227571 -0.005979648 0.016671112 0.146336102 0.989076369
1317401325.509006023 512.219712339 -143.758633609 7.909682798 -0.009051725 0.016517575 0.150644976 0.988408482
1317401325.612996101 512.851975404 -143.556610479 7.889064905 -0.010685561 0.016207362 0.153743909 0.987920012
1317401325.717010975 513.494367288 -143.355138873 7.869700547 -0.013080489 0.016000968 0.155363368 0.987641177
1317401325.821072102 514.126735937 -143.136379685 7.849385156 -0.015187110 0.016044199 0.155986773 0.987512057
1317401325.925158978 514.774208500 -142.931288769 7.824804807 -0.018284490 0.016487001 0.155215454 0.987573804
1317401326.029269934 515.441588800 -142.709843829 7.803599672 -0.018733300 0.017258194 0.152572183 0.987964042
1317401326.133405924 516.139611565 -142.489987179 7.784297368 -0.020304442 0.017804877 0.148799626 0.988498552
1317401326.237562895 516.810726830 -142.273575275 7.765931366 -0.020657944 0.017793734 0.144182861 0.989175381
1317401326.341744900 517.520616238 -142.062697439 7.736519281 -0.022882389 0.016948881 0.138614357 0.989936964
1317401326.445910931 518.269768112 -141.852122863 7.715740463 -0.022937795 0.016125506 0.132249363 0.990819828
1317401326.550045967 518.967344664 -141.655599119 7.691955035 -0.022260779 0.015640917 0.126326615 0.991615553
1317401326.654149771 519.714272144 -141.454470703 7.669710794 -0.020772287 0.015871579 0.120509064 0.992367961
1317401326.758235931 520.476136971 -141.255550949 7.645384441 -0.022168840 0.015745085 0.114097678 0.993097354
1317401326.862299919 521.267269417 -141.067258600 7.621740353 -0.021897536 0.015884995 0.107939769 0.993789299
1317401326.966341019 522.021061745 -140.898820852 7.606438485 -0.021472555 0.015895105 0.102817536 0.994341405
1317401327.070332050 522.853324041 -140.717539059 7.577321602 -0.020925980 0.015720427 0.098104806 0.994831854
1317401327.174298048 523.629944858 -140.553357714 7.561978779 -0.020820808 0.015317279 0.094302968 0.995207931
1317401327.278240919 524.435066742 -140.391628454 7.539645736 -0.020155308 0.014753755 0.091114292 0.995527135
1317401327.382135153 525.240910563 -140.235105685 7.524831979 -0.019942223 0.014358718 0.088742745 0.995751405
1317401327.486006021 526.100534193 -140.073165161 7.496653736 -0.019568700 0.014602162 0.087225470 0.995889331
1317401327.589850903 526.929027261 -139.923186134 7.482409338 -0.018352335 0.015066131 0.086383080 0.995978999
1317401327.693696976 527.787817952 -139.760702613 7.462528924 -0.018362702 0.015523880 0.086127757 0.995993890
1317401327.797569036 528.604801221 -139.619792743 7.439509251 -0.018866648 0.016961217 0.086291613 0.995946848
1317401327.901439905 529.473459702 -139.458854314 7.409929221 -0.020847420 0.019352662 0.086543430 0.995841902
1317401328.005287886 530.331187892 -139.309779567 7.379027463 -0.022887334 0.022636915 0.086784358 0.995706892
1317401328.109134912 531.181240929 -139.144454026 7.351662672 -0.024077912 0.024954469 0.087021860 0.995602694
1317401328.213002920 532.047882739 -138.992058605 7.324787970 -0.024375035 0.025615200 0.087486650 0.995537948
1317401328.316874027 532.899818775 -138.833275009 7.295822101 -0.024255532 0.024929457 0.087887554 0.995522963
1317401328.420743942 533.768758946 -138.669085917 7.257314994 -0.024500083 0.023922180 0.088503808 0.995487092
1317401328.524614096 534.632415812 -138.502022226 7.219255419 -0.026084681 0.023820414 0.089037662 0.995401664
1317401328.628485918 535.479851316 -138.344133086 7.185053689 -0.025847223 0.024421132 0.089671143 0.995336433
1317401328.732357025 536.315873461 -138.181828851 7.152925985 -0.025582768 0.024653331 0.090249525 0.995285265
1317401328.836227894 537.156038094 -138.027921757 7.114057396 -0.027465665 0.024424644 0.090790563 0.995191513
1317401328.940099001 538.004740583 -137.863842004 7.076659163 -0.026268963 0.024101147 0.091312555 0.995183950
1317401329.043968916 538.837908439 -137.705046441 7.052237941 -0.027071316 0.023318915 0.091855586 0.995131109
1317401329.147864103 539.668156748 -137.549944128 7.010675266 -0.029562513 0.023404799 0.092225500 0.995023985
1317401329.251782894 540.506662802 -137.382008635 6.971557062 -0.029958086 0.024928805 0.092048568 0.994991522
1317401329.355704069 541.340684817 -137.221633086 6.935200367 -0.028619171 0.026821621 0.091943623 0.994991414
1317401329.459621906 542.161742268 -137.063809912 6.915940617 -0.029863281 0.026341064 0.091538784 0.995005017
1317401329.563564062 542.984698220 -136.900508995 6.876047861 -0.031478460 0.025243740 0.091054327 0.995028125
1317401329.667505980 543.797994190 -136.748538005 6.838281665 -0.032305543 0.024743166 0.090567632 0.995058607
1317401329.771425009 544.581141081 -136.594149636 6.797123652 -0.032465519 0.025438527 0.090000140 0.995087356
1317401329.875368118 545.378447525 -136.441455709 6.772935963 -0.031714058 0.025840498 0.089235935 0.995170053
1317401329.979335070 546.131067472 -136.296314683 6.738787203 -0.031901902 0.026368561 0.088484953 0.995217253
1317401330.083302259 546.872352051 -136.157668814 6.703716405 -0.033641622 0.026382287 0.087855121 0.995215401
1317401330.187244892 547.637237316 -136.009423791 6.682368502 -0.031421893 0.026850588 0.087158215 0.995336705
1317401330.291188955 548.323543536 -135.888830736 6.650117261 -0.033493576 0.026492531 0.086451068 0.995340414
1317401330.395129204 548.989136684 -135.768577342 6.627750904 -0.031111754 0.026837274 0.085865157 0.995459188
1317401330.499046803 549.686925419 -135.638697607 6.597808904 -0.032644921 0.026447324 0.085768548 0.995428854
1317401330.602988958 550.317727974 -135.519005251 6.572921857 -0.030490355 0.026066337 0.085779575 0.995506278
1317401330.706933975 550.947582610 -135.402806474 6.555468315 -0.031153654 0.025290399 0.085804948 0.995503569
1317401330.810877085 551.569330824 -135.286082672 6.522407951 -0.031180538 0.024699725 0.085876182 0.995511416
1317401330.914819002 552.183545945 -135.174928323 6.504892368 -0.031050665 0.023211857 0.085915043 0.995547925
1317401331.018785954 552.744644592 -135.070283159 6.490014703 -0.031007430 0.021254861 0.085808430 0.995602171
1317401331.122776031 553.344167816 -134.969635132 6.462628221 -0.030087000 0.019356419 0.085671934 0.995680883
1317401331.226766109 553.882190586 -134.875180397 6.446820317 -0.031064535 0.017591476 0.085155649 0.995727900
1317401331.330755949 554.458303473 -134.767836889 6.420138288 -0.031024691 0.016221703 0.084792362 0.995783400
1317401331.434746981 555.013316071 -134.665601671 6.404389886 -0.030447842 0.015868261 0.084371895 0.995842613
1317401331.538764000 555.562762589 -134.576133768 6.393164042 -0.028327660 0.016686929 0.083408901 0.995972914
1317401331.642777205 556.084545027 -134.481914615 6.382344641 -0.027987718 0.017213828 0.082502921 0.996049015
1317401331.746790886 556.604283395 -134.394712373 6.372773686 -0.028519356 0.017335592 0.081155504 0.996142514
1317401331.850832939 557.112076406 -134.299764822 6.359847448 -0.030511801 0.017378204 0.079496017 0.996216548
1317401331.954896927 557.596246080 -134.225521300 6.343578226 -0.030991223 0.017497154 0.076759908 0.996414226
1317401332.058958054 558.050818220 -134.151941404 6.337810043 -0.029548033 0.017460655 0.073200742 0.996726487
1317401332.163069010 558.487975272 -134.086122227 6.327951102 -0.027905001 0.016962224 0.068617342 0.997108447
1317401332.267230034 558.922320335 -134.027649228 6.323834558 -0.028728850 0.016785394 0.062986581 0.997459570
1317401332.371388912 559.342062906 -133.972798696 6.307847236 -0.030282674 0.016714031 0.057007159 0.997774416
1317401332.475544930 559.734919236 -133.917098112 6.298800876 -0.031164580 0.016599941 0.050362890 0.998106603
1317401332.579703093 560.127985341 -133.878159840 6.287822978 -0.030252420 0.016025230 0.043136608 0.998482457
1317401332.683887005 560.497028917 -133.846932275 6.289998800 -0.029174167 0.015273409 0.034725014 0.998854226
1317401332.788094044 560.852989057 -133.822812942 6.284269185 -0.028685604 0.014522481 0.025272167 0.999163426
1317401332.892298937 561.198767744 -133.805321887 6.275234027 -0.028239129 0.014237112 0.014929277 0.999388299
1317401332.996506929 561.533488676 -133.791770573 6.268529449 -0.026979347 0.013483068 0.003869101 0.999537569
1317401333.100713015 561.848691080 -133.790670970 6.262887342 -0.025051501 0.012500656 -0.007802608 0.999577548
1317401333.204919100 562.155612916 -133.796638623 6.256486272 -0.022500451 0.011560452 -0.019597511 0.999487880
1317401333.309101105 562.462246114 -133.817821957 6.264384292 -0.019653701 0.010785588 -0.031729433 0.999245038
1317401333.413261175 562.743040613 -133.826988001 6.257239683 -0.018164404 0.009899880 -0.043843996 0.998824184
1317401333.517420053 563.025015291 -133.855868938 6.265307996 -0.015836639 0.008586889 -0.056150219 0.998259795
1317401333.621581078 563.296502928 -133.881289569 6.267056612 -0.015417617 0.007659222 -0.068785550 0.997482923
1317401333.725716114 563.579543574 -133.915257253 6.267044298 -0.015870105 0.007507306 -0.082017721 0.996476228
1317401333.829849958 563.837172142 -133.954449911 6.259978479 -0.017094613 0.008210946 -0.095453536 0.995253223
1317401333.933984041 564.113842258 -134.005978867 6.253747329 -0.016789507 0.009690935 -0.109369851 0.993812072
1317401334.038094997 564.374298765 -134.062429117 6.249419206 -0.015025440 0.011568285 -0.123926703 0.992110167
1317401334.142205954 564.637105717 -134.133969509 6.255997674 -0.012768989 0.013172458 -0.138059108 0.990254069
1317401334.246290922 564.885323308 -134.206365204 6.256830709 -0.010043802 0.014542819 -0.152175232 0.988195490
1317401334.350353956 565.133478543 -134.283233692 6.264180993 -0.007520855 0.015668092 -0.166356174 0.985912557
1317401334.454392910 565.391157335 -134.372462514 6.264658912 -0.005961249 0.016032366 -0.180403357 0.983443977
1317401334.558407068 565.649153568 -134.470151097 6.274304717 -0.004702808 0.016784202 -0.194439325 0.980759666
1317401334.662396908 565.904920531 -134.586214138 6.272991706 -0.004794856 0.017589434 -0.208009464 0.977956893
1317401334.766362906 566.175281171 -134.689705691 6.271352277 -0.005005752 0.018558306 -0.221506088 0.974969530
1317401334.870283127 566.478116328 -134.841579354 6.265217406 -0.004518829 0.019251701 -0.233839790 0.972074022
1317401334.974083900 566.795019984 -134.989486112 6.253126823 -0.002654301 0.019425725 -0.242748082 0.969891213
1317401335.077740908 567.102798795 -135.152033925 6.251126094 0.000588789 0.018745794 -0.247091449 0.968810644
1317401335.181345940 567.373533441 -135.287003359 6.258921508 0.002435297 0.018898394 -0.247641503 0.968664341
1317401335.284976959 567.645284886 -135.429541676 6.245406915 0.002702673 0.020100897 -0.246054479 0.969043778
1317401335.388581991 567.924174582 -135.568373802 6.240785419 0.002398137 0.020882001 -0.242082816 0.970027887
1317401335.492187977 568.143935781 -135.665389938 6.236482590 0.002520340 0.020906362 -0.234778973 0.971820665
1317401335.595844030 568.351301227 -135.764338762 6.229768730 0.001970562 0.020675094 -0.226278017 0.973841320
1317401335.699498892 568.570858516 -135.890173027 6.215543133 0.002277267 0.020034674 -0.217307196 0.975894978
1317401335.803103924 568.802439443 -135.966092852 6.206178577 0.003392137 0.019125271 -0.205051083 0.978558517
1317401335.906711102 568.998951751 -136.059449770 6.202638070 0.005645123 0.018430920 -0.189830468 0.981627642
1317401336.010343075 569.192871834 -136.122318923 6.205199021 0.006945925 0.018382041 -0.173198673 0.984690852
1317401336.113975048 569.424863855 -136.198841919 6.200578842 0.007506406 0.018841004 -0.153830147 0.987889142
1317401336.217603922 569.602796041 -136.254713905 6.199658537 0.007341069 0.019363311 -0.131918591 0.991044225
1317401336.321259022 569.768734131 -136.275026466 6.194443352 0.006342075 0.019742522 -0.108915973 0.993834655
1317401336.424961090 569.955463746 -136.306066208 6.189052720 0.005170137 0.020542213 -0.085155309 0.996142490
1317401336.528687954 570.129996784 -136.287801381 6.182465076 0.004071518 0.021420570 -0.060860069 0.997908129
1317401336.632440090 570.281450780 -136.306344913 6.175810465 0.003470151 0.021817407 -0.036244655 0.999098736
1317401336.736212969 570.443599979 -136.297696394 6.164790282 0.003165536 0.021865713 -0.012152342 0.999682045
1317401336.839987040 570.599949863 -136.286643497 6.161700461 0.003147188 0.021956105 0.011765593 0.999684748
1317401336.943763018 570.767112916 -136.254101080 6.154400112 0.003002150 0.022540458 0.035404111 0.999114340
1317401337.047538996 570.929700764 -136.250804193 6.148967579 0.002663602 0.023728037 0.059510198 0.997942093
1317401337.151313066 571.102138168 -136.218687893 6.138034148 0.002451279 0.025714959 0.083366902 0.996184065
1317401337.255085707 571.272473003 -136.169166849 6.128307334 0.002951330 0.027702825 0.107530358 0.993811383
1317401337.358865976 571.448987378 -136.153798787 6.124566083 0.003866998 0.029485716 0.132400031 0.990750155
1317401337.462640047 571.614067526 -136.082633943 6.124190852 0.004419305 0.031428444 0.157897538 0.986945333
1317401337.566411972 571.786382611 -136.007386690 6.119052615 0.003727546 0.033693721 0.182737347 0.982577173
1317401337.670236111 571.950170692 -135.919305568 6.117977657 0.002334846 0.036142388 0.206487565 0.977778688
1317401337.774153948 572.092764902 -135.796366761 6.112397270 0.000403786 0.038172125 0.227777260 0.972964668
1317401337.878168106 572.261993481 -135.737617406 6.103236757 -0.001331818 0.039543489 0.245721570 0.968532627
1317401337.982278109 572.448185496 -135.671474417 6.088356061 -0.002026884 0.041022416 0.260413716 0.964623113
1317401338.086438894 572.630477834 -135.581039728 6.078508788 -0.001957252 0.042654560 0.272719739 0.961145515
1317401338.190623045 572.822255596 -135.499395375 6.072397272 -0.001220948 0.044745751 0.283389592 0.957959637
1317401338.294803858 573.019253917 -135.374003286 6.079240924 -0.002785278 0.044676092 0.292506842 0.955215178
1317401338.399009943 573.194164927 -135.257904284 6.059152626 -0.005776706 0.041228710 0.300317509 0.952930332
1317401338.503312111 573.394877771 -135.133505194 6.035767836 -0.009019375 0.037577495 0.305561463 0.951387815
1317401338.607640028 573.625409990 -134.975090550 5.980422779 -0.009497325 0.036358954 0.308721857 0.950409723
1317401338.711919069 573.850371793 -134.811726890 5.982943456 -0.007507463 0.035780817 0.311177287 0.949648391
1317401338.816245079 574.076268076 -134.675927240 5.975610122 -0.006684296 0.032293005 0.311288218 0.949743190
1317401338.920669079 574.322306067 -134.487848088 5.961870150 -0.009330261 0.025641899 0.308298623 0.950898206
1317401339.025139093 574.571957805 -134.276465999 5.912573713 -0.012026579 0.017318217 0.302563382 0.952896028
1317401339.129635096 574.835869094 -134.079018221 5.871781121 -0.011507858 0.010171414 0.294073688 0.955659342
1317401339.234154940 575.124052152 -133.913668321 5.861761344 -0.011363406 0.004426778 0.282159000 0.959290141
1317401339.338649035 575.436560597 -133.697488417 5.828339103 -0.014550957 -0.000831531 0.269086349 0.963005771
1317401339.443022966 575.750133126 -133.425558377 5.789767378 -0.016885953 -0.004744696 0.256604837 0.966357237
1317401339.547348976 576.100132356 -133.245566055 5.764864888 -0.016437148 -0.003498193 0.244031396 0.969621710
1317401339.651649952 576.471136087 -133.063336440 5.783480849 -0.017450359 0.000960882 0.231070837 0.972779949
1317401339.755882025 576.857786181 -132.858578619 5.779868526 -0.020462787 0.007129510 0.219507935 0.975370038
1317401339.860064983 577.262671257 -132.654554935 5.791921032 -0.023536827 0.013102667 0.209403945 0.977458094
1317401339.964198112 577.669567122 -132.483465985 5.809191421 -0.024866266 0.016716602 0.200485932 0.979238283
1317401340.068309069 578.094755032 -132.268838641 5.805618108 -0.024161154 0.018147861 0.191574750 0.981012747
1317401340.172395945 578.536805870 -132.101748981 5.799400927 -0.023264528 0.017821709 0.183701963 0.982545031
1317401340.276459932 579.006866947 -131.914967928 5.775519678 -0.021732772 0.016670757 0.175570779 0.984085705
1317401340.380497932 579.493811229 -131.731485517 5.754958146 -0.021454270 0.015023370 0.167273164 0.985562632
1317401340.484513998 579.999695733 -131.552015263 5.723515828 -0.020500908 0.014888077 0.159624867 0.986852552
1317401340.588529110 580.533935851 -131.376471589 5.699456634 -0.020096959 0.016548878 0.152254749 0.987998349
1317401340.692518950 581.092466984 -131.178079322 5.685908064 -0.019630262 0.019713789 0.145568811 0.988956895
1317401340.796462059 581.676158082 -130.996803427 5.656034775 -0.019571471 0.022217429 0.139745814 0.989744639
1317401340.900381088 582.276048693 -130.815514574 5.645277215 -0.017426434 0.023049200 0.135290338 0.990384561
1317401341.004252911 582.900189276 -130.645562651 5.617895554 -0.013822566 0.022868985 0.132492200 0.990823780
1317401341.108099937 583.531646535 -130.459311902 5.601141449 -0.010185224 0.021601618 0.130751588 0.991127466
1317401341.211971998 584.189807493 -130.279348489 5.572476021 -0.010954236 0.019798476 0.129125948 0.991370019
1317401341.315864086 584.865511200 -130.100917826 5.514576703 -0.013264093 0.019456592 0.127220388 0.991594916
1317401341.419780970 585.563003458 -129.911935513 5.498964647 -0.015041673 0.019000129 0.124613281 0.991909408
1317401341.523750067 586.291330306 -129.727032173 5.455064271 -0.017552849 0.019441280 0.120819241 0.992328900
1317401341.627763987 587.028333453 -129.539864385 5.421587582 -0.019669683 0.020624567 0.116167216 0.992820683
1317401341.731777906 587.785187846 -129.351685341 5.397579786 -0.019186727 0.021449525 0.111284548 0.993371802
1317401341.835768938 588.559309316 -129.179969090 5.363796355 -0.019573931 0.021495425 0.106278104 0.993911350
1317401341.939759970 589.383208973 -128.974452530 5.340022806 -0.022474463 0.019046563 0.101212371 0.994428571
1317401342.043751001 590.178044825 -128.810747732 5.297593160 -0.025602389 0.016683684 0.097194261 0.994796184
1317401342.147717953 590.996214351 -128.652648681 5.251962180 -0.023802055 0.017944367 0.092785198 0.995239855
1317401342.251661062 591.830099950 -128.491234320 5.216022163 -0.022943156 0.021132598 0.088592287 0.995579445
1317401342.355581045 592.659774369 -128.333078373 5.188678297 -0.022616861 0.023244677 0.085123190 0.995842460
1317401342.459497929 593.545247190 -128.164258695 5.169650986 -0.023216424 0.022267878 0.082727619 0.996052850
1317401342.563394070 594.400887611 -128.013054337 5.133066524 -0.023664530 0.019878715 0.081326538 0.996208222
1317401342.667261839 595.306081494 -127.859743962 5.081375422 -0.023875569 0.018324034 0.079796541 0.996356713
1317401342.771133900 596.185989542 -127.709222824 5.056492164 -0.021487377 0.017544472 0.078768606 0.996506895
1317401342.875005007 597.116280152 -127.560081687 5.011567606 -0.020145549 0.017492955 0.077754806 0.996615444
1317401342.978878021 598.025994922 -127.411265492 4.987091033 -0.017719097 0.018892375 0.077166015 0.996681754
1317401343.082726955 598.924568013 -127.278100943 4.949609386 -0.016394077 0.022687112 0.077446103 0.996603547
1317401343.186571121 599.854893671 -127.135397980 4.927542018 -0.014332853 0.025450981 0.076970598 0.996605410
1317401343.290441036 600.787015506 -126.983038188 4.889253277 -0.013442835 0.025572555 0.076817513 0.996626512
1317401343.394310951 601.708175370 -126.836302160 4.851094448 -0.015948885 0.024130483 0.076755715 0.996630279
1317401343.498183012 602.693674452 -126.673789445 4.810462633 -0.017973034 0.022380470 0.077380222 0.996588373
1317401343.602076054 603.663031658 -126.508264432 4.760704252 -0.019832304 0.021522238 0.078180724 0.996509532
1317401343.705969095 604.552891785 -126.359537391 4.726261058 -0.018367135 0.020743878 0.078122068 0.996558720
1317401343.809864998 605.542156520 -126.197345552 4.692459954 -0.020121206 0.019907432 0.078761263 0.996491593
1317401343.913759947 606.510375618 -126.040790705 4.652056599 -0.019402217 0.020707472 0.078864838 0.996481356
1317401344.017654896 607.481806089 -125.879139736 4.612794761 -0.018871650 0.022292165 0.080008335 0.996366191
1317401344.121540070 608.433579415 -125.727195360 4.578168106 -0.018300835 0.024190367 0.080290225 0.996309884
1317401344.225409031 609.393956349 -125.564146726 4.555421981 -0.017102743 0.024827143 0.081387965 0.996226434
1317401344.329315186 610.351184945 -125.399140140 4.521573559 -0.016131601 0.023720490 0.081482509 0.996261868
1317401344.433211088 611.306534661 -125.235988429 4.487145233 -0.017697589 0.021711678 0.081927852 0.996244561
1317401344.537106037 612.276887893 -125.065755014 4.443149923 -0.018143805 0.020969925 0.082368511 0.996216088
1317401344.640976906 613.231821747 -124.901309905 4.410911459 -0.018259146 0.021593182 0.083806145 0.996080754
1317401344.744822979 614.180873981 -124.735285728 4.369666230 -0.017300553 0.023219748 0.084964260 0.995963156
1317401344.848716021 615.134987799 -124.554500825 4.337192467 -0.016489342 0.025047605 0.086101938 0.995834914
1317401344.952609062 616.068779457 -124.389734069 4.302272945 -0.013744750 0.026808572 0.086780254 0.995771846
1317401345.056480885 616.988816150 -124.229700996 4.284565037 -0.011560846 0.026005662 0.087959671 0.995717404
1317401345.160353899 617.959111496 -124.054096041 4.235495533 -0.008719518 0.024281376 0.088763281 0.995718567
1317401345.264222860 618.855850292 -123.898131424 4.212573815 -0.007479113 0.022216680 0.089931903 0.995672002
1317401345.368118048 619.805104284 -123.722020469 4.160687904 -0.006463313 0.021207213 0.091153059 0.995590076
1317401345.472012043 620.717673985 -123.544443119 4.140797631 -0.004910686 0.021570591 0.092409452 0.995475308
1317401345.575882912 621.628337445 -123.363576641 4.095498757 -0.005380762 0.023581544 0.093475094 0.995327768
1317401345.679754972 622.551163693 -123.191212809 4.075460595 -0.006590199 0.025881593 0.094137458 0.995200910
1317401345.783626080 623.424857896 -123.002381736 4.042938655 -0.007090205 0.027350509 0.094791308 0.995096119
1317401345.887521982 624.300856536 -122.835162956 4.022251277 -0.007153443 0.027488179 0.095113306 0.995061148
1317401345.991416931 625.171610208 -122.668858808 3.986781950 -0.007930159 0.026870764 0.094935116 0.995089141
1317401346.095286131 626.013078376 -122.494111677 3.948758780 -0.009050633 0.025861628 0.095008026 0.995099361
1317401346.199157953 626.820737213 -122.342073832 3.920083124 -0.007907783 0.025242771 0.095002830 0.995125485
1317401346.303051949 627.630345504 -122.182191338 3.889364280 -0.007255265 0.025443401 0.094941869 0.995131165
1317401346.406970978 628.382045179 -122.033008474 3.858231785 -0.007845480 0.026678223 0.094767467 0.995110973
1317401346.510889053 629.151421235 -121.889762282 3.842327876 -0.007438636 0.027357810 0.094284884 0.995141486
1317401346.614806890 629.867544005 -121.745447953 3.818248386 -0.006349279 0.027544768 0.093497864 0.995218128
1317401346.718750954 630.561309761 -121.614709083 3.799518379 -0.006301380 0.025792521 0.092414153 0.995366597
1317401346.822741985 631.235336775 -121.481865681 3.768921937 -0.007485328 0.023316713 0.090822115 0.995565992
1317401346.926733017 631.873431552 -121.351508927 3.741754343 -0.008765121 0.021812147 0.088823082 0.995769985
1317401347.030724049 632.485881022 -121.252190179 3.727225341 -0.009212309 0.020246300 0.086507090 0.996002884
1317401347.134738922 633.084582884 -121.137228270 3.706776823 -0.008848211 0.019371063 0.084133123 0.996226926
1317401347.238754034 633.663469253 -121.043343501 3.688405598 -0.008320976 0.018877996 0.081327398 0.996473902
1317401347.342791080 634.196719243 -120.942188879 3.676988583 -0.010595006 0.017972337 0.078104347 0.996726869
1317401347.446855068 634.711404255 -120.856832490 3.670686590 -0.011925009 0.016807558 0.073357709 0.997092747
1317401347.550940990 635.197059011 -120.770086289 3.654377547 -0.013195011 0.016348120 0.067671144 0.997486465
1317401347.655075073 635.663088514 -120.707867294 3.644006509 -0.013001514 0.016381901 0.060690236 0.997937518
1317401347.759234905 636.107101267 -120.649108992 3.640372298 -0.012690137 0.015567053 0.052767146 0.998404856
1317401347.863390923 636.529018052 -120.598483633 3.634781225 -0.012693533 0.014425091 0.043747416 0.998857825
1317401347.967549086 636.923287668 -120.565005736 3.630691967 -0.013172593 0.014169539 0.033704283 0.999244579
1317401348.071732998 637.324805069 -120.534145645 3.621344029 -0.012856692 0.014739324 0.022570378 0.999553918
1317401348.175939083 637.717116513 -120.508177669 3.618875358 -0.011104853 0.014775065 0.010032730 0.999778838
1317401348.280170918 638.104348807 -120.506219134 3.611032012 -0.011716693 0.013578339 -0.003973644 0.999831265
1317401348.384428024 638.457104409 -120.500340252 3.611540293 -0.012932830 0.012621493 -0.018408567 0.999667227
1317401348.488657951 638.837252746 -120.504398336 3.601520500 -0.014352367 0.013445082 -0.033641179 0.999240467
1317401348.592889071 639.194654329 -120.523807095 3.605864237 -0.014788530 0.015266669 -0.049387991 0.998553481
1317401348.697118998 639.543714784 -120.561671833 3.600265908 -0.016010185 0.017578023 -0.066403265 0.997509546
1317401348.801348209 639.884685556 -120.601718950 3.593020001 -0.016522967 0.019133777 -0.084042571 0.996141424
1317401348.905603886 640.232539777 -120.667809770 3.587741051 -0.015882349 0.020456759 -0.102549890 0.994390664
1317401349.009856939 640.569049538 -120.746973252 3.582932658 -0.015108214 0.021917801 -0.122689619 0.992088005
1317401349.114089012 640.884002180 -120.815038375 3.590297931 -0.014679122 0.024868700 -0.143166810 0.989277178
1317401349.218297005 641.221346460 -120.899658881 3.577434497 -0.017685812 0.029494292 -0.163804183 0.985893244
1317401349.322478056 641.552931225 -121.010872538 3.568623516 -0.018318528 0.033755312 -0.184342105 0.982111500
1317401349.426589966 641.864977448 -121.137985422 3.550301341 -0.018235491 0.035262123 -0.204325277 0.978097761
1317401349.530675888 642.170847901 -121.286995789 3.549204015 -0.014746012 0.033704571 -0.224648600 0.973745122
1317401349.634763956 642.458003678 -121.423826227 3.535947322 -0.009265812 0.031443497 -0.244095284 0.969197061
1317401349.738826036 642.747154908 -121.578713633 3.550074903 -0.006374151 0.028450092 -0.262979226 0.964360871
1317401349.842890024 643.052027338 -121.743635360 3.548599132 -0.008952202 0.025763281 -0.282776424 0.958798000
1317401349.946930885 643.367328827 -121.929677851 3.532831739 -0.014176131 0.024082500 -0.302252208 0.952818279
1317401350.050944090 643.675611817 -122.138874968 3.515214497 -0.020219299 0.022744269 -0.320771576 0.946667563
1317401350.154910326 644.013307061 -122.384958269 3.470792007 -0.024659026 0.021162574 -0.338936158 0.940248030
1317401350.258827925 644.337345209 -122.643815607 3.438084694 -0.023806746 0.019855627 -0.354977631 0.934360677
1317401350.362747908 644.649683221 -122.938992364 3.430430230 -0.019524727 0.017849604 -0.371815235 0.927929743
1317401350.466640949 644.960628500 -123.257751119 3.438934541 -0.014612351 0.015861411 -0.388146839 0.921345172
1317401350.570511103 645.284625795 -123.595816161 3.432370252 -0.011051071 0.012397753 -0.402948845 0.915071800
1317401350.674381018 645.610655481 -123.949971489 3.448082425 -0.011868589 0.010608397 -0.418430629 0.908109249
1317401350.778228045 645.935617685 -124.332547605 3.428066059 -0.016452653 0.012129734 -0.432367073 0.901465969
1317401350.882050991 646.300712994 -124.713166833 3.416679462 -0.021556647 0.014900120 -0.445489086 0.894903778
1317401350.985898972 646.618137100 -125.156339880 3.400896284 -0.024359581 0.017548228 -0.459471415 0.887685017
1317401351.089794159 646.922121675 -125.622646215 3.409753383 -0.024297055 0.018319012 -0.473034417 0.880518317
1317401351.193710089 647.258626767 -126.082962400 3.414343795 -0.025363169 0.019242924 -0.484912192 0.873983172
1317401351.297629118 647.575804292 -126.609815997 3.412178119 -0.029201901 0.020521857 -0.499582785 0.865530556
1317401351.401525974 647.896048038 -127.137610935 3.398354110 -0.033958094 0.022386836 -0.512818937 0.857532749
1317401351.505397081 648.184992015 -127.719184483 3.394422385 -0.036118734 0.022987098 -0.526301431 0.849219544
1317401351.609292030 648.464498002 -128.273399099 3.394731610 -0.036452319 0.022315135 -0.538578732 0.841490471
1317401351.713210106 648.765519295 -128.922502333 3.396870919 -0.037937163 0.021411383 -0.551737878 0.832879126
1317401351.817128897 649.060607859 -129.561704013 3.397203760 -0.038707871 0.020870252 -0.564484973 0.824271101
1317401351.921024084 649.314543626 -130.224587195 3.406069222 -0.039061395 0.020530519 -0.576576378 0.815850713
1317401352.024893999 649.547242754 -130.862844957 3.414540891 -0.038282018 0.019826484 -0.588174122 0.807584423
1317401352.128740072 649.782981932 -131.635383023 3.434650780 -0.036463155 0.019507067 -0.598867777 0.799779531
1317401352.232563019 650.008060663 -132.335652513 3.439547384 -0.034515992 0.019663712 -0.609188923 0.792029571
1317401352.336364985 650.232054977 -133.129615029 3.455665120 -0.032862185 0.018914405 -0.617978165 0.785280402
1317401352.440114975 650.402075467 -133.743740566 3.472976636 -0.030285438 0.015584614 -0.625446670 0.779523171
1317401352.543816090 650.582906148 -134.597145848 3.497368024 -0.029080565 0.012382729 -0.631015219 0.775126301
1317401352.647494793 650.756957488 -135.404881936 3.505375373 -0.028068628 0.010555399 -0.636691357 0.770535432
1317401352.751151085 650.936300445 -136.216653213 3.520558010 -0.026568414 0.009579103 -0.641831111 0.766325770
1317401352.854804993 651.085858656 -137.097213427 3.544475792 -0.024467516 0.008409777 -0.643333181 0.765149028
1317401352.958482027 651.240190932 -137.969308335 3.566171409 -0.022872664 0.007600705 -0.645070304 0.763743002
1317401353.062161922 651.428345962 -138.855882952 3.582055836 -0.021555326 0.007367619 -0.646892952 0.762240510
1317401353.165862799 651.557247269 -139.701716948 3.604698537 -0.020641510 0.006725689 -0.647627024 0.761648168
1317401353.269589901 651.699562202 -140.591335461 3.629789198 -0.020252676 0.005312725 -0.647640229 0.761658544
1317401353.373342037 651.878410241 -141.504396676 3.646113948 -0.019947121 0.004180028 -0.647999592 0.761367958
1317401353.477091074 652.006550825 -142.408484571 3.664918116 -0.018672659 0.003326613 -0.648909638 0.760629047
1317401353.580817938 652.169773681 -143.365039960 3.691337997 -0.017158716 0.002036766 -0.648389523 0.761112644
1317401353.684567690 652.322807316 -144.342763280 3.717610855 -0.015864176 0.000679069 -0.648284667 0.761232460
1317401353.788342953 652.477924792 -145.301143599 3.739240195 -0.015142169 0.001008720 -0.648124292 0.761383346
1317401353.892133236 652.637391586 -146.259141996 3.752703503 -0.011833946 0.001935550 -0.648244963 0.761337428
1317401353.995944977 652.806784103 -147.254544207 3.777105867 -0.009732650 0.003602275 -0.647784491 0.761752947
1317401354.099766970 652.957452142 -148.278572732 3.802181216 -0.008690409 0.003704565 -0.647551052 0.761963508
1317401354.203589916 653.140811361 -149.280526841 3.813975655 -0.008503382 0.003330366 -0.646323128 0.763009185
1317401354.307436943 653.365880790 -150.345011698 3.828614155 -0.007979904 0.001785147 -0.645064187 0.764084634
1317401354.411283970 653.513555565 -151.355737764 3.849012996 -0.007372943 -0.000496866 -0.644709954 0.764391567
1317401354.515091896 653.693667832 -152.460397251 3.868316872 -0.007040186 -0.001780372 -0.643438514 0.765463353
1317401354.618902922 653.878421510 -153.475870076 3.877291122 -0.005175531 -0.001993356 -0.642132110 0.766573932
1317401354.722728014 654.068150520 -154.523092616 3.898519179 -0.003399046 -0.001393236 -0.641149774 0.767406980
1317401354.826571941 654.255336561 -155.611477534 3.922349147 -0.002930033 -0.000779426 -0.640399024 0.768036391
1317401354.930418968 654.466681151 -156.672491077 3.941860935 -0.003810365 -0.000427179 -0.640029251 0.768340977
1317401355.034266949 654.701194920 -157.776598543 3.959461952 -0.005209632 -0.000112257 -0.639390764 0.768864291
1317401355.138137102 654.896604532 -158.861106622 3.970361212 -0.006222200 0.000510023 -0.639308948 0.768924635
1317401355.242032051 655.096924438 -159.942431414 3.987935380 -0.006902865 0.000866641 -0.639432414 0.768815835
1317401355.345951080 655.321265931 -161.054240281 4.012833206 -0.007329376 -0.000283169 -0.639544757 0.768718872
1317401355.449843884 655.509017002 -162.173182276 4.033587305 -0.008255158 -0.000450291 -0.639850615 0.768454839
1317401355.553739071 655.722930600 -163.275373883 4.048260349 -0.008077334 -0.000271812 -0.639936194 0.768385548
1317401355.657634020 655.941735382 -164.388845567 4.068945990 -0.007368428 0.000542816 -0.640281365 0.768104932
1317401355.761528969 656.149309499 -165.513220397 4.091095061 -0.007117784 0.001905880 -0.640525944 0.767901178
1317401355.865469933 656.351656564 -166.614495383 4.118418919 -0.007945886 0.003515267 -0.641103965 0.767404855
1317401355.969414949 656.566387008 -167.745752319 4.133421450 -0.008886159 0.004571683 -0.641491459 0.767065085
1317401356.073334932 656.782687779 -168.886135537 4.145212959 -0.009238386 0.005846485 -0.641809257 0.766786378
1317401356.177252054 656.991470920 -170.014445785 4.161323133 -0.008976383 0.006839753 -0.642133466 0.766509788
1317401356.281172991 657.216992979 -171.134524933 4.180671985 -0.008826564 0.006352782 -0.642243060 0.766423895
1317401356.385114908 657.409117216 -172.269442495 4.200773023 -0.009001933 0.004284944 -0.642394125 0.766309593
1317401356.489058971 657.634353371 -173.424379755 4.214254613 -0.008638250 0.002007534 -0.642534271 0.766205625
1317401356.592978954 657.818944625 -174.540660678 4.231205984 -0.007774187 0.001073334 -0.642599059 0.766162424
1317401356.696870089 658.019407920 -175.667939226 4.249116803 -0.006329201 0.001509044 -0.642626294 0.766152145
1317401356.800765038 658.238772384 -176.840047681 4.267451913 -0.004724855 0.002697596 -0.642877534 0.765949656
1317401356.904685020 658.433588987 -177.968295174 4.287139222 -0.003723653 0.004161568 -0.643080298 0.765778392
1317401357.008578062 658.658911781 -179.146506807 4.301900584 -0.003041070 0.004165911 -0.643277723 0.765615548
1317401357.112449884 658.863159354 -180.304774582 4.315127986 -0.003081961 0.002906460 -0.643091649 0.765777504
1317401357.216297865 659.071875075 -181.449633670 4.327248973 -0.003726116 0.001160571 -0.642710779 0.766098964
1317401357.320143223 659.282471250 -182.599200850 4.342863272 -0.004587974 -0.000073385 -0.642410730 0.766346788
1317401357.423990011 659.487437396 -183.815940309 4.361609488 -0.005641015 -0.000130321 -0.642132074 0.766573259
1317401357.527837038 659.703926391 -184.951794640 4.371976987 -0.006056179 0.000965684 -0.641925244 0.766742702
1317401357.631680965 659.922279665 -186.134220898 4.390982576 -0.006353629 0.002876830 -0.641740063 0.766890505
1317401357.735505104 660.139895137 -187.286425222 4.411806547 -0.007609703 0.003228526 -0.641564911 0.767024207
1317401357.839306355 660.368657010 -188.490624767 4.430669998 -0.009007008 0.003239415 -0.641448902 0.767106047
1317401357.943105936 660.584126362 -189.665434591 4.443978897 -0.009506833 0.003899840 -0.641215243 0.767292268
1317401358.046902895 660.804966647 -190.834438119 4.462693139 -0.009384630 0.004920399 -0.640979800 0.767484602
1317401358.150677919 661.026273821 -192.038522218 4.488035479 -0.009171699 0.005205555 -0.640910635 0.767543054
1317401358.254427910 661.248859364 -193.219368076 4.500741060 -0.008878087 0.005887174 -0.640686800 0.767728432
1317401358.358177900 661.460884426 -194.374094727 4.518734324 -0.007457852 0.006770590 -0.640519333 0.767875982
1317401358.461930037 661.690211891 -195.579497833 4.533819418 -0.006071872 0.007311988 -0.640686615 0.767743661
1317401358.565656900 661.914533332 -196.759726712 4.555020051 -0.005406721 0.006993045 -0.640552496 0.767863507
1317401358.669382095 662.128056024 -197.938852134 4.563251283 -0.005173623 0.006695113 -0.640164003 0.768191681
1317401358.773133039 662.342455262 -199.109739409 4.577766790 -0.005178998 0.006137776 -0.640628605 0.767808893
1317401358.876909971 662.576088343 -200.310144787 4.588509787 -0.005327687 0.005583730 -0.640767195 0.767696450
1317401358.980685711 662.789882539 -201.484984598 4.599755973 -0.005189109 0.005222324 -0.640939822 0.767555825
1317401359.084484100 663.022487474 -202.663086544 4.612182871 -0.004175185 0.005189367 -0.640986477 0.767523273
1317401359.188282013 663.242924464 -203.825040362 4.630640215 -0.003652318 0.005188323 -0.640740346 0.767731432
1317401359.292079926 663.466594528 -205.020410762 4.642049367 -0.003322972 0.005178453 -0.641015535 0.767503241
1317401359.395878077 663.669024956 -206.165554096 4.651417069 -0.003442758 0.006013635 -0.640812143 0.767666452
1317401359.499676943 663.888951672 -207.346039667 4.663542903 -0.003652857 0.006346747 -0.640741479 0.767721780
1317401359.603473902 664.110115624 -208.508572534 4.672638434 -0.004364834 0.006561174 -0.640924345 0.767563602
1317401359.707268953 664.340166374 -209.666251529 4.683264348 -0.005912878 0.006906283 -0.641203530 0.767316997
1317401359.811115026 664.557853890 -210.816588775 4.693325269 -0.006706659 0.006500231 -0.641532112 0.767039319
1317401359.914966106 664.772919155 -211.977454799 4.710746653 -0.007375688 0.006580707 -0.641842789 0.766772540
1317401360.018812895 664.996341577 -213.142467414 4.718843117 -0.006809748 0.007169980 -0.642191386 0.766480556
1317401360.122684956 665.203301446 -214.270498048 4.740157646 -0.006023211 0.007877370 -0.642563211 0.766168512
1317401360.226577997 665.403075943 -215.421957691 4.748180011 -0.006141508 0.008560922 -0.643160332 0.765659049
1317401360.330472946 665.616948363 -216.567438551 4.759952940 -0.006306291 0.008228958 -0.643267488 0.765571325
1317401360.434349060 665.833310685 -217.733267541 4.776009269 -0.007123728 0.007326393 -0.642890644 0.765889807
1317401360.538219929 666.036592971 -218.861134896 4.785167853 -0.006604975 0.006569794 -0.642568719 0.766171426
1317401360.642064095 666.224126398 -219.951208247 4.797524045 -0.005437277 0.007169655 -0.642350058 0.766358555
1317401360.745910883 666.415462783 -221.078418421 4.812060111 -0.003769623 0.007712323 -0.642287083 0.766416084
1317401360.849757910 666.632090544 -222.189006215 4.823085751 -0.002771347 0.007643266 -0.642094919 0.766582034
1317401360.953582048 666.831444255 -223.310018971 4.835053009 -0.003211586 0.007459591 -0.641771607 0.766852818
1317401361.057427883 667.050209106 -224.401130109 4.841340097 -0.003548907 0.006526386 -0.641050023 0.767463145
1317401361.161271095 667.246367534 -225.509985811 4.851409969 -0.003986166 0.005780489 -0.641141895 0.767390231
1317401361.265094042 667.460066056 -226.636872068 4.858405735 -0.003658183 0.004933411 -0.640775200 0.767703994
1317401361.368918896 667.686335344 -227.730937956 4.868783330 -0.002560534 0.004138191 -0.640414410 0.768014129
1317401361.472740889 667.870343407 -228.857366861 4.875990949 -0.002051733 0.004622085 -0.640471821 0.767965021
1317401361.576538086 668.081181240 -229.941024697 4.882791371 -0.000726738 0.005073298 -0.640092058 0.768281127
1317401361.680335760 668.286386101 -231.069817485 4.894439258 0.000258893 0.006047945 -0.639891208 0.768441668
1317401361.784135818 668.503871068 -232.161322192 4.904354577 0.000568675 0.006247917 -0.639757355 0.768551343
1317401361.887937069 668.711383401 -233.284399781 4.905646118 0.000547291 0.005561961 -0.639683886 0.768617780
1317401361.991733074 668.919776843 -234.384641643 4.910006861 0.000378558 0.004428188 -0.639555923 0.768731728
1317401362.095508337 669.131331131 -235.481639885 4.911357192 0.000138779 0.003434347 -0.639153659 0.769071379
1317401362.199284077 669.336100767 -236.593518595 4.916592827 0.000492002 0.002774056 -0.639148427 0.769078247
1317401362.303083658 669.549665283 -237.706891576 4.929792607 0.001273591 0.002740722 -0.638842764 0.769331391
1317401362.406907082 669.762355721 -238.810241582 4.939283187 0.000973025 0.002768431 -0.638793681 0.769372486
1317401362.510730028 669.977378846 -239.927134478 4.950685421 -0.000196086 0.001819907 -0.639141121 0.769087301
1317401362.614552975 670.191353472 -241.034895702 4.953345144 -0.001414233 0.001954366 -0.639538340 0.768755418
1317401362.718400002 670.407138944 -242.160943597 4.960241561 -0.001894397 0.003524759 -0.640110636 0.768272322
1317401362.822247028 670.617365379 -243.266465014 4.972303097 -0.002216278 0.005233455 -0.640523066 0.767917900
1317401362.926069021 670.838481455 -244.397568140 4.977912082 -0.002644108 0.006039073 -0.641120034 0.767412302
1317401363.029891729 671.048774353 -245.512130256 4.981535412 -0.003560288 0.006964604 -0.641825650 0.766810703
1317401363.133713007 671.259913457 -246.623828558 4.990092990 -0.004718239 0.007507884 -0.642518253 0.766219071
1317401363.237559080 671.472775350 -247.761325555 4.995184837 -0.005808759 0.007775879 -0.643094849 0.765725022
1317401363.341407061 671.669230043 -248.883635885 5.000817524 -0.006291877 0.007789037 -0.643720531 0.765195152
1317401363.445252895 671.883574254 -250.001568287 5.008743587 -0.006140394 0.007976605 -0.644180964 0.764806874
1317401363.549098969 672.079505917 -251.129547673 5.018843978 -0.005276929 0.007784688 -0.644327756 0.764691634
1317401363.652924061 672.279786214 -252.264078669 5.023692390 -0.004144077 0.007707825 -0.644405969 0.764633483
1317401363.756746054 672.469954189 -253.367748323 5.035547629 -0.003067706 0.007416206 -0.644438717 0.764613843
1317401363.860543966 672.671780771 -254.509852794 5.042137744 -0.002323086 0.006934019 -0.644301147 0.764736919
1317401363.964344025 672.866077515 -255.606645188 5.050978911 -0.001543132 0.006299163 -0.644298100 0.764746950
1317401364.068144083 673.061814214 -256.759720844 5.053345464 -0.001063474 0.006793252 -0.644191154 0.764833628
1317401364.171916008 673.254164863 -257.879808167 5.052642561 -0.000437782 0.007696826 -0.644283376 0.764747997
1317401364.275716066 673.457983997 -258.993034154 5.063752769 -0.000024868 0.007905047 -0.644243902 0.764779252
1317401364.379517078 673.664642095 -260.150762195 5.063890674 -0.001137985 0.007200582 -0.644335702 0.764708023
1317401364.483289957 673.865004647 -261.269723730 5.066541158 -0.001883554 0.006257793 -0.644289432 0.764753830
1317401364.587063074 674.064972199 -262.394636226 5.072665179 -0.002577369 0.006080580 -0.644345071 0.764706358
1317401364.690862894 674.266748480 -263.501020882 5.079845757 -0.002703253 0.006434214 -0.644190710 0.764833068
1317401364.794684887 674.467575884 -264.649921788 5.085748281 -0.002303933 0.007468991 -0.644163483 0.764847902
1317401364.898508072 674.671076639 -265.779956031 5.091756248 -0.002222745 0.008361884 -0.644075970 0.764912598
1317401365.002305984 674.873169978 -266.880012496 5.099046775 -0.003061752 0.008799542 -0.643661270 0.765253790
1317401365.106105089 675.071725658 -267.994424868 5.103422562 -0.003943444 0.008905077 -0.643386759 0.765479345
1317401365.209902048 675.271795824 -269.116821576 5.105581076 -0.004581041 0.009385946 -0.642899867 0.765879024
1317401365.313678026 675.477529612 -270.211362897 5.107409423 -0.004782657 0.009893893 -0.642514766 0.766194500
1317401365.417476892 675.682475285 -271.362204604 5.111917252 -0.004801757 0.010129868 -0.642198575 0.766456338
1317401365.521275043 675.879421240 -272.436782983 5.119100242 -0.004525884 0.010208178 -0.641727074 0.766851793
1317401365.625029087 676.084910194 -273.535269897 5.119165825 -0.003574074 0.009962695 -0.641385907 0.767145416
1317401365.728779078 676.285374644 -274.623839256 5.126656294 -0.002680151 0.010251607 -0.640775740 0.767654982
1317401365.832552910 676.495694955 -275.747862369 5.128964712 -0.001508985 0.010607303 -0.640432112 0.767940048
1317401365.936326981 676.710353064 -276.861568326 5.132067577 -0.000865194 0.010624527 -0.640120067 0.768200931
1317401366.040102959 676.910205360 -277.966886263 5.133185858 -0.000909340 0.010164000 -0.639547821 0.768683583
1317401366.143878937 677.115302856 -279.055801740 5.125807279 -0.000742210 0.009461219 -0.639259833 0.768932247
1317401366.247678041 677.327228959 -280.145340436 5.123858543 -0.000134919 0.008830915 -0.638871167 0.769263042
1317401366.351476908 677.532734667 -281.256424620 5.127488289 0.000739960 0.007074267 -0.638492418 0.769595244
1317401366.455275059 677.743469429 -282.357649161 5.133539288 0.001393132 0.006095769 -0.638247217 0.769806073
1317401366.559074163 677.957456431 -283.451197384 5.132682619 0.002271646 0.005688001 -0.638114186 0.769917380
1317401366.662873030 678.169653668 -284.550151584 5.135666654 0.002232186 0.006457307 -0.637823749 0.770152054
1317401366.766671896 678.389251686 -285.649112778 5.133936913 0.002210146 0.006976744 -0.637909004 0.770076972
1317401366.870493889 678.605878811 -286.740396304 5.131423479 0.000957351 0.007532978 -0.638076155 0.769935814
1317401366.974363089 678.810110533 -287.831887079 5.132661528 -0.000353108 0.007482263 -0.638034967 0.769970955
1317401367.078211069 679.032539598 -288.942195983 5.131362934 -0.000771464 0.007859788 -0.638284599 0.769759962
1317401367.182033062 679.235832237 -290.010659844 5.127477783 -0.000083702 0.008630634 -0.638703237 0.769404757
1317401367.285856009 679.454766048 -291.103916945 5.135466433 0.000237089 0.009010015 -0.638929889 0.769212169
1317401367.389702797 679.665961301 -292.204784196 5.137447149 -0.000560065 0.008612083 -0.639453228 0.768781560
1317401367.493549109 679.883388905 -293.315563376 5.135183461 -0.001673076 0.008248952 -0.639716630 0.768564759
1317401367.597373009 680.080745838 -294.389516194 5.131099956 -0.002738575 0.008602861 -0.640412441 0.767978122
1317401367.701220751 680.291652035 -295.478458916 5.129927502 -0.002312465 0.009080414 -0.640866819 0.767594892
1317401367.805067062 680.490556869 -296.549516423 5.131121854 -0.000809582 0.009709720 -0.641203332 0.767309164
1317401367.908937931 680.696663048 -297.633248578 5.135456033 -0.000069181 0.009904080 -0.641540002 0.767025639
1317401368.012833118 680.903033190 -298.713219639 5.137600852 0.000566262 0.009429599 -0.642155198 0.766516447
1317401368.116703033 681.082912163 -299.762667024 5.133715489 0.000656639 0.009407934 -0.642652447 0.766099793
1317401368.220571995 681.297417444 -300.884594528 5.131179697 0.001364298 0.009673771 -0.643342964 0.765515766
1317401368.324443102 681.486340322 -301.966165246 5.121963721 0.001858867 0.009938171 -0.643800052 0.765126964
1317401368.428316116 681.682945014 -303.048779040 5.124318164 0.002206134 0.009205989 -0.644287925 0.764724429
1317401368.532162905 681.862503379 -304.086794347 5.120309418 0.001898332 0.007821299 -0.644568312 0.764504359
1317401368.635984898 682.053358953 -305.150538848 5.115478483 0.002175535 0.006264792 -0.644719663 0.764390329
1317401368.739815950 682.239192010 -306.249112555 5.119776275 0.002720196 0.005409638 -0.645068528 0.764100733
1317401368.843661070 682.416142461 -307.270669237 5.114756122 0.003199617 0.005753019 -0.645264554 0.763930835
1317401368.947520018 682.608481100 -308.393033569 5.118969245 0.003630734 0.006414138 -0.645198905 0.763979090
1317401369.051392078 682.807993712 -309.463142592 5.113211514 0.003355879 0.007242748 -0.645488899 0.763727937
1317401369.155262947 682.989034166 -310.581206048 5.113048573 0.002690636 0.008087489 -0.645556961 0.763664562
1317401369.259135962 683.168357689 -311.574156327 5.111487113 0.001648444 0.008736979 -0.645827462 0.763431619
1317401369.363006115 683.372734325 -312.705354993 5.108876086 0.000744538 0.008762027 -0.645900507 0.763370950
1317401369.466852903 683.553842668 -313.752954100 5.110586386 0.000130717 0.008484528 -0.646008581 0.763282981
1317401369.570702076 683.734210100 -314.796297044 5.106394267 -0.000269494 0.008598573 -0.646143614 0.763167362
1317401369.674576998 683.925730394 -315.918300449 5.101860631 0.000113398 0.009081682 -0.646266326 0.763057892
1317401369.778424025 684.103791067 -316.958035070 5.106641581 0.000446903 0.009940232 -0.646306237 0.763013263
1317401369.882241011 684.301271670 -318.053781103 5.102040302 0.000967819 0.010923555 -0.646222529 0.763070235
1317401369.986062050 684.477875375 -319.083278378 5.095504971 0.001521286 0.012021016 -0.646275630 0.763007858
1317401370.089885950 684.650122101 -320.111392256 5.096422951 0.001674524 0.012250724 -0.646448188 0.762857691
1317401370.193708897 684.826948625 -321.140902050 5.099956788 0.001052439 0.010636064 -0.646572660 0.762777531
1317401370.297530890 685.007721662 -322.201981393 5.089578198 0.000401110 0.009306290 -0.646587772 0.762782725
1317401370.401328087 685.195677562 -323.285211665 5.077255020 0.001595922 0.008446815 -0.646576507 0.762800711
1317401370.505129099 685.363996289 -324.285973212 5.080882869 0.002925795 0.008569612 -0.646631916 0.762748430
1317401370.608952999 685.540598191 -325.337604883 5.077434147 0.003902861 0.008682902 -0.646656262 0.762722134
1317401370.712774992 685.731345380 -326.410810615 5.071414044 0.004421176 0.009249655 -0.646650895 0.762717193
1317401370.816572905 685.897484576 -327.402550958 5.073622123 0.005040937 0.008749900 -0.646755675 0.762630399
1317401370.920371056 686.080172818 -328.490846632 5.070389747 0.004902351 0.007985021 -0.646790404 0.762610241
1317401371.024168968 686.239504808 -329.467970960 5.061410560 0.005574480 0.007282607 -0.646688959 0.762698682
1317401371.127943993 686.416211106 -330.492099016 5.057294813 0.006457495 0.007402967 -0.646703762 0.762678006
1317401371.231720924 686.599071265 -331.529907987 5.054728673 0.007088479 0.007208594 -0.646454640 0.762885436
1317401371.335496902 686.770030221 -332.552868585 5.052399537 0.006858256 0.006858639 -0.646144354 0.763153587
1317401371.439271927 686.947655290 -333.545883945 5.047267821 0.006189546 0.007044997 -0.645626250 0.763595969
1317401371.543023109 687.128310923 -334.604302000 5.044882273 0.005529277 0.006466470 -0.644601199 0.764471651
1317401371.646750927 687.295757748 -335.547532158 5.038803348 0.005165130 0.005630772 -0.642918234 0.765896703
1317401371.750502110 687.470850794 -336.541520610 5.030287350 0.006054260 0.005169974 -0.640193010 0.768172850
1317401371.854249001 687.662066372 -337.549473978 5.026793793 0.007080821 0.005929821 -0.636280714 0.771402329
1317401371.957974672 687.836519856 -338.486563421 5.028059205 0.008773411 0.005780973 -0.631649934 0.775182539
1317401372.061702967 688.048839190 -339.481694103 5.028469333 0.008250845 0.006008742 -0.625964505 0.779784751
1317401372.165406942 688.273793450 -340.479908684 5.018928146 0.008877680 0.005494922 -0.619256584 0.785119275
1317401372.269084930 688.511116336 -341.408273950 5.011686563 0.009389262 0.005790008 -0.612057986 0.790735948
1317401372.372765303 688.746448137 -342.344643323 5.007193262 0.010608870 0.006216029 -0.603423035 0.797326441
1317401372.476466894 689.023474719 -343.293730561 5.003250231 0.011341125 0.006726779 -0.594955163 0.803650722
1317401372.580168962 689.310481340 -344.220487338 4.991658221 0.012116258 0.007657492 -0.585358611 0.810647800
1317401372.683871984 689.613843453 -345.107664892 4.987664222 0.012214933 0.008761987 -0.575774494 0.817470339
1317401372.787600040 689.938930245 -345.983001177 4.978114623 0.012180899 0.008737254 -0.565774865 0.824423489
1317401372.891302109 690.299677928 -346.924832724 4.964798718 0.011307773 0.008783523 -0.555211241 0.831586112
1317401372.994978905 690.662108040 -347.751073939 4.946623920 0.011416011 0.008523172 -0.544167682 0.838855509
1317401373.098656654 691.070445708 -348.625717456 4.936050910 0.011394406 0.009754200 -0.533818707 0.845465914
1317401373.202358961 691.476755369 -349.489318020 4.913478597 0.011226006 0.010897692 -0.523287636 0.852012481
1317401373.306087017 691.921579485 -350.350215461 4.904453025 0.011575437 0.011706909 -0.512398917 0.858589720
1317401373.409816027 692.368800026 -351.087444026 4.891270933 0.011473908 0.011875469 -0.503171297 0.864028916
1317401373.513544083 692.869681878 -351.967113400 4.869722079 0.010984833 0.011935138 -0.492664229 0.870068298
1317401373.617317915 693.344341726 -352.732115660 4.855292883 0.010255634 0.012116198 -0.482511143 0.875745977
1317401373.721138954 693.863727526 -353.525563002 4.832977780 0.009338179 0.012748329 -0.473592045 0.880602552
1317401373.824961901 694.393445483 -354.314482807 4.809793910 0.008661016 0.013497697 -0.465306422 0.885004369
1317401373.928785801 694.932265350 -355.109823015 4.789897010 0.008512285 0.015179308 -0.457995440 0.888784173
1317401374.032633066 695.508391157 -355.911626527 4.764371537 0.008761369 0.016841024 -0.450971415 0.892336484
1317401374.136502981 696.065096973 -356.681750515 4.751670205 0.008821221 0.018411665 -0.444119580 0.895734891
1317401374.240374088 696.664701152 -357.452724355 4.727665818 0.008135073 0.018584103 -0.438258990 0.898619780
1317401374.344296932 697.248011158 -358.196660090 4.697671950 0.006134820 0.019088280 -0.433279830 0.901036398
1317401374.448262930 697.845920952 -358.909892677 4.663304118 0.004614796 0.019775064 -0.429958790 0.902620125
1317401374.552273989 698.456552570 -359.715689015 4.640874859 0.003431490 0.020875177 -0.428206943 0.903433044
1317401374.656311989 699.031918056 -360.407797886 4.606327007 0.002173821 0.021390843 -0.427420403 0.903797270
1317401374.760349989 699.672144657 -361.201939387 4.581435014 0.002047023 0.021360482 -0.428053034 0.903498832
1317401374.864413023 700.298525654 -361.951525362 4.554958857 0.002272819 0.021737612 -0.428737137 0.903164868
1317401374.968498945 700.878778247 -362.665433756 4.534986941 0.001312511 0.021885577 -0.430580989 0.902285604
1317401375.072609901 701.490667019 -363.449277521 4.504662536 -0.000110251 0.021769105 -0.432512272 0.901365202
1317401375.176721096 702.099997865 -364.166259735 4.482208352 -0.001580888 0.022274365 -0.436810871 0.899276162
1317401375.280879021 702.705692273 -364.956481631 4.445957811 -0.002892507 0.023505500 -0.442255989 0.896576135
1317401375.385061979 703.275470337 -365.722375089 4.428167419 -0.003376449 0.024597892 -0.449249180 0.893061430
1317401375.489244938 703.863838583 -366.425995933 4.401862203 -0.004310525 0.024978197 -0.457485727 0.888855623
1317401375.593431950 704.427140156 -367.216006787 4.376074526 -0.004903579 0.025678825 -0.466017403 0.884389243
1317401375.697614908 704.976230740 -368.011529712 4.349892186 -0.005531456 0.025597678 -0.474796734 0.879705760
1317401375.801769972 705.500339920 -368.752402325 4.332580954 -0.006521242 0.023557675 -0.484134297 0.874652212
1317401375.905904055 706.033177669 -369.533820400 4.307683157 -0.008472982 0.020269539 -0.494104757 0.869124757
1317401376.010062933 706.531200147 -370.352004442 4.292949673 -0.010213296 0.016992228 -0.504192444 0.863363731
1317401376.114223003 706.986190578 -371.164704002 4.263772092 -0.010701380 0.016346992 -0.515326046 0.856771453
1317401376.218354940 707.423207411 -371.958008757 4.240392458 -0.008321143 0.018306659 -0.526084310 0.850194638
1317401376.322476149 707.830610933 -372.801336251 4.244567696 -0.004350982 0.021027723 -0.536804216 0.843433541
1317401376.426565886 708.217194413 -373.627403682 4.255792361 -0.001744494 0.021139685 -0.547790522 0.836346588
1317401376.530622005 708.614598050 -374.475986308 4.240325648 -0.003116645 0.019458723 -0.558410459 0.829330696
1317401376.634685040 708.947608762 -375.338106180 4.225237691 -0.004270048 0.016592270 -0.568640068 0.822408011
1317401376.738744020 709.311602026 -376.214113073 4.205534403 -0.005297205 0.015025391 -0.579452056 0.814850595
1317401376.842782974 709.587279799 -377.086878044 4.195044821 -0.005167168 0.014105180 -0.589359144 0.807731480
1317401376.946798086 709.893724507 -377.972758235 4.187721867 -0.005113077 0.014259126 -0.599519394 0.800216864
1317401377.050787926 710.162947304 -378.890709670 4.178270176 -0.004655811 0.013397826 -0.609230250 0.792866524
1317401377.154752970 710.402141905 -379.770674520 4.177212693 -0.003868221 0.011559602 -0.617971288 0.786106163
1317401377.258696079 710.625348808 -380.730296624 4.173870888 -0.003192517 0.009375994 -0.626150439 0.779639356
1317401377.362616062 710.823661891 -381.618940059 4.174563565 -0.002634697 0.007911393 -0.633629092 0.773592039
1317401377.466511011 711.013130222 -382.566713737 4.169468539 -0.001727141 0.007436583 -0.640696973 0.767755888
1317401377.570406914 711.187011525 -383.483822261 4.174269469 -0.001055335 0.007277688 -0.647197761 0.762286678
1317401377.674278975 711.351801306 -384.497752733 4.179131888 -0.001149123 0.006765794 -0.653431055 0.756954926
1317401377.778100014 711.501567475 -385.424970503 4.170377717 -0.001586640 0.006663533 -0.659328017 0.751824212
1317401377.881922960 711.629788751 -386.395047136 4.166343437 -0.001134231 0.005929538 -0.664312371 0.747430684
1317401377.985718966 711.741444434 -387.357587457 4.177064728 -0.000396182 0.005389278 -0.668568494 0.743630935
1317401378.089490891 711.836339469 -388.367095471 4.165559615 -0.000009837 0.005203838 -0.672018813 0.740515790
1317401378.193268061 711.948248210 -389.351376304 4.181777843 0.002210239 0.004475545 -0.675449580 0.737389279
1317401378.297044039 712.031429065 -390.310872973 4.167049464 0.003126818 0.004910841 -0.677964842 0.735071275
1317401378.400815964 712.115251815 -391.334574732 4.181319338 0.004260891 0.005554803 -0.680438600 0.732771657
1317401378.504569054 712.198247506 -392.356457111 4.163140135 0.005948126 0.006600302 -0.682612225 0.730726765
1317401378.608293772 712.257790852 -393.365536259 4.165067187 0.007339622 0.007137525 -0.684409773 0.729025684
1317401378.712020874 712.338970776 -394.409901737 4.152066653 0.008876570 0.006995099 -0.685823317 0.727680323
1317401378.815773010 712.398014895 -395.441378757 4.149582440 0.010674542 0.005860861 -0.686555095 0.726975795
1317401378.919548273 712.464924680 -396.475504500 4.132439739 0.012375751 0.004347819 -0.687605165 0.725966304
1317401379.023322105 712.524994985 -397.520897174 4.132331142 0.012184469 0.002810644 -0.688030265 0.725574251
1317401379.127094030 712.587613972 -398.582138986 4.119998729 0.009281780 0.002674227 -0.689064011 0.724636106
1317401379.230871916 712.643584626 -399.649946330 4.111220491 0.006027117 0.003301684 -0.689656607 0.724103955
1317401379.334671021 712.711755129 -400.685479404 4.103719694 0.002925443 0.005715199 -0.690785389 0.723031344
1317401379.438467979 712.764814239 -401.727806836 4.098488513 -0.000018323 0.009181086 -0.692010803 0.721828758
1317401379.542243004 712.819600262 -402.774072186 4.084859559 -0.001767795 0.012481327 -0.692932652 0.720892107
1317401379.646015882 712.873574750 -403.820868556 4.095799437 -0.003048363 0.013747869 -0.694423359 0.719428872
1317401379.749816179 712.906671795 -404.857187346 4.085076254 -0.005861051 0.014468487 -0.696172331 0.717704951
1317401379.853615761 712.962561785 -405.899326390 4.084090600 -0.007788545 0.014782841 -0.697837239 0.716061446
1317401379.957391024 712.997948943 -406.927205221 4.084691491 -0.009520433 0.015506845 -0.699581516 0.714321078
1317401380.061192036 713.032758537 -407.937533777 4.074802110 -0.009005141 0.016661626 -0.701278687 0.712635602
1317401380.165014029 713.053727151 -408.956926108 4.084272654 -0.008475232 0.019585706 -0.703392882 0.710480840
1317401380.268886089 713.063503800 -409.914152479 4.080688974 -0.008757458 0.022233446 -0.706634515 0.707175115
1317401380.372802973 713.072109534 -410.883354304 4.094332978 -0.009695980 0.023218303 -0.710741164 0.703003483
1317401380.476770163 713.071229305 -411.782760453 4.091535250 -0.010631688 0.024322964 -0.715476687 0.698132130
1317401380.580836058 713.050273721 -412.721038533 4.080488724 -0.011553634 0.026331566 -0.722304266 0.690977358
1317401380.684945107 713.011512698 -413.535592755 4.086202463 -0.011672170 0.026375962 -0.730170559 0.682655860
1317401380.789103031 712.960342077 -414.379284419 4.098352445 -0.011132554 0.024940915 -0.739424556 0.672685174
1317401380.893357992 712.870632968 -415.183318650 4.083750845 -0.010588752 0.024094991 -0.750637629 0.660189714
1317401380.997636080 712.777989254 -415.916957579 4.103408371 -0.008529276 0.023276728 -0.762678882 0.646302072
1317401381.101914883 712.657435096 -416.638099157 4.095648076 -0.005643785 0.022945401 -0.775235277 0.631230482
1317401381.206242085 712.526071244 -417.337109760 4.119011674 -0.003925919 0.022547502 -0.788643858 0.614424172
1317401381.310544968 712.333622267 -418.004384905 4.113713626 -0.003552865 0.021260245 -0.802417117 0.596374168
1317401381.414823055 712.143602196 -418.660413151 4.133210181 -0.004515226 0.020084428 -0.815544160 0.578328584
1317401381.519124031 711.932497517 -419.294955830 4.136167048 -0.008168450 0.019647741 -0.828862904 0.559046982
1317401381.623429060 711.758065714 -419.894375236 4.131449568 -0.012931837 0.020885983 -0.842598468 0.537981752
1317401381.727732897 711.451855065 -420.467814667 4.117203560 -0.016019390 0.020680860 -0.855493463 0.517152411
1317401381.832011938 711.197911094 -421.024067288 4.124333349 0.016631633 -0.018574028 0.868744557 -0.494632478
1317401381.936266899 710.833943415 -421.630219475 4.138867480 0.017312906 -0.016606192 0.881727237 -0.471149210
1317401382.040518999 710.513961478 -422.125722078 4.152751193 0.017308339 -0.014283008 0.893958175 -0.447588203
1317401382.144722939 710.139249476 -422.633699363 4.167825658 0.015752181 -0.011821615 0.905336641 -0.424237769
1317401382.248883009 709.727980528 -423.089745759 4.192822637 0.013056711 -0.010409128 0.915545692 -0.401867215
1317401382.353018999 709.305975640 -423.545286604 4.219095276 0.010344976 -0.008979082 0.925548956 -0.378380085
1317401382.457130909 708.877549751 -423.986678550 4.242723183 0.009017338 -0.007916009 0.934944349 -0.354591440
1317401382.561242104 708.398532261 -424.404270790 4.264565040 0.009016498 -0.006733570 0.943596441 -0.330906509
1317401382.665328026 707.932827170 -424.808221106 4.283466201 0.010418041 -0.006716852 0.951646221 -0.306945952
1317401382.769391060 707.397759924 -425.190869120 4.291695628 0.011966120 -0.006508027 0.958891981 -0.283444221
1317401382.873431921 706.864844688 -425.533804156 4.305617555 0.012486441 -0.004809016 0.965455875 -0.260222818
1317401382.977472067 706.296470890 -425.855128456 4.331769296 0.012531917 -0.003870523 0.971287784 -0.237545809
1317401383.081484079 705.720228505 -426.166485429 4.352241105 0.013273981 -0.004433956 0.976494959 -0.215085416
1317401383.185451031 705.110204259 -426.439625616 4.373765668 0.014830952 -0.005993689 0.981075434 -0.192964016
1317401383.289393902 704.487731162 -426.712060869 4.393455017 0.016736322 -0.006341585 0.984797561 -0.172781492
1317401383.393285036 703.838644285 -426.944352404 4.412104176 0.018168539 -0.005111367 0.987920260 -0.153809424
1317401383.497107983 703.183446850 -427.151447494 4.442439309 0.018212528 -0.001862609 0.990471508 -0.136495514
1317401383.600860119 702.518837362 -427.354204970 4.478109928 0.016452173 0.000186043 0.992383090 -0.122086418
1317401383.704545975 701.843937285 -427.508914934 4.510861098 0.014779311 0.000634182 0.993767135 -0.110490053
1317401383.808178902 701.171225758 -427.685419704 4.538656497 0.013064153 0.001364741 0.994797325 -0.101023496
1317401383.911827087 700.484347601 -427.826344659 4.577346127 0.011838342 0.003181837 0.995506663 -0.093894696
1317401384.015501976 699.833470825 -427.958136914 4.606838192 0.011065481 0.003931548 0.996013496 -0.088426321
1317401384.119182110 699.154364587 -428.057908513 4.635149670 0.010117025 0.004139188 0.996332066 -0.084870064
1317401384.222862005 698.491166219 -428.187306080 4.658786479 0.010181556 0.003396553 0.996619950 -0.081446142
1317401384.326540947 697.837967223 -428.290496912 4.684385128 0.010985536 0.002836272 0.996805792 -0.079053698
1317401384.430242062 697.167629774 -428.394422823 4.697908682 0.011779393 0.002244333 0.997014654 -0.076275735
1317401384.533946037 696.530361499 -428.509580604 4.728403854 0.013103013 0.003739764 0.997082840 -0.075100837
1317401384.637650013 695.866227580 -428.607097386 4.751694518 0.014188299 0.004814028 0.997142614 -0.074041366
1317401384.741398096 695.212105464 -428.744081565 4.786043559 0.014583835 0.006412298 0.997260208 -0.072237607
1317401384.845171928 694.553547897 -428.823523918 4.806818486 0.014381709 0.005948539 0.997329470 -0.071356219
1317401384.948949099 693.898182094 -428.910535319 4.838996268 0.013601192 0.006099271 0.997369632 -0.070933940
1317401385.052747965 693.257856679 -429.017899216 4.856418974 0.011890832 0.005985754 0.997444403 -0.070195733
1317401385.156570911 692.608390529 -429.088503885 4.899082119 0.010854359 0.006672426 0.997485381 -0.069717832
1317401385.260416985 691.978088268 -429.187591492 4.920439192 0.010497236 0.006279998 0.997492851 -0.069702095
1317401385.364286900 691.341155327 -429.277010026 4.945401584 0.010268641 0.006673179 0.997507449 -0.069490377
1317401385.468182087 690.692140138 -429.376495845 4.975366490 0.010091693 0.007172870 0.997460617 -0.070135756
1317401385.572102070 690.044430135 -429.467072515 4.997032844 0.009423705 0.006944169 0.997414281 -0.070906445
1317401385.676022053 689.424107026 -429.573816774 5.015721082 0.009768771 0.006086102 0.997340719 -0.071965416
1317401385.779959917 688.788081444 -429.673887517 5.038556592 0.010472318 0.005986524 0.997274815 -0.072783489
1317401385.883930922 688.164822794 -429.745315270 5.057713658 0.010803666 0.007585712 0.997173308 -0.073967103
1317401385.987921000 687.540969048 -429.840274559 5.088525308 0.011602925 0.009289172 0.997154582 -0.073904141
1317401386.091932058 686.915862906 -429.936094460 5.112447301 0.012373318 0.009403347 0.997134563 -0.074034731
1317401386.195924044 686.287043169 -430.035559745 5.127067816 0.011860367 0.008871379 0.997097629 -0.074678972
1317401386.299913883 685.672396822 -430.133225036 5.152600031 0.011435957 0.009133446 0.997064604 -0.075153014
1317401386.403930902 685.051689202 -430.221855078 5.173861827 0.010796791 0.010206347 0.997074380 -0.074979597
1317401386.507946968 684.435970347 -430.331158890 5.207161908 0.010585053 0.010606571 0.997051625 -0.075256330
1317401386.611963987 683.798592820 -430.425129925 5.234354502 0.011200311 0.010242744 0.997005627 -0.075824925
1317401386.716028929 683.176868440 -430.528086276 5.253393663 0.012175648 0.010381876 0.996979784 -0.075995265
1317401386.819967985 682.557766502 -430.619458038 5.274425406 0.014285567 0.012160111 0.996890557 -0.076532820
1317401386.923836946 681.942527868 -430.711211982 5.296931145 0.015414967 0.014681660 0.996780119 -0.077306031
1317401387.027780056 681.294936112 -430.823953230 5.322840310 0.014576291 0.015417332 0.996670126 -0.078730538
1317401387.131725073 680.673795717 -430.922282720 5.350461882 0.013830042 0.014769609 0.996580977 -0.080105834
1317401387.235667944 680.039611136 -431.031064596 5.370097712 0.011989145 0.014610246 0.996484397 -0.081618923
1317401387.339586020 679.414221125 -431.131678894 5.399789242 0.010060809 0.015195784 0.996369702 -0.083158191
1317401387.443504095 678.775248280 -431.242897494 5.431975515 0.009391431 0.015931080 0.996166405 -0.085501435
1317401387.547446966 678.139496144 -431.356066727 5.463456675 0.009417060 0.015298211 0.995994731 -0.087588696
1317401387.651391029 677.488482565 -431.475341105 5.484796136 0.010220816 0.013983550 0.995833020 -0.089535420
1317401387.755309105 676.864247531 -431.591468586 5.504051732 0.010965135 0.013613115 0.995637921 -0.091649214
1317401387.859226227 676.246312781 -431.717488475 5.518264205 0.011158331 0.013760246 0.995399533 -0.094158994
1317401387.963143826 675.596750215 -431.841397138 5.549708250 0.011222204 0.013697973 0.995208338 -0.096160239
1317401388.067061901 674.953931748 -431.963379681 5.570799899 0.012141478 0.014096585 0.994948502 -0.098647597
1317401388.170980930 674.308185716 -432.100856341 5.602032225 0.012981804 0.014910368 0.994686456 -0.101034686
1317401388.274926901 673.662811642 -432.228890811 5.621870492 0.013953933 0.015197179 0.994454085 -0.103128105
1317401388.378917933 673.019192244 -432.379547999 5.647259724 0.013903943 0.014540253 0.994270718 -0.104980959
1317401388.482933044 672.373318523 -432.511536509 5.669653639 0.013095624 0.013071853 0.994213301 -0.105818447
1317401388.586971998 671.727994066 -432.654033869 5.700558747 0.012938140 0.012453231 0.994325614 -0.104852733
1317401388.691031694 671.063428116 -432.792190681 5.731031663 0.014402483 0.012173419 0.994536138 -0.102675440
1317401388.795094013 670.393082109 -432.948136463 5.751648189 0.014911312 0.012005680 0.994755816 -0.100470806
1317401388.899179935 669.708275067 -433.083787315 5.778024699 0.014964941 0.011348562 0.995075449 -0.097324776
1317401389.003266096 669.020842045 -433.220577441 5.803367444 0.014867007 0.010940844 0.995467907 -0.093289418
1317401389.107331038 668.316465499 -433.363625653 5.830692655 0.015202781 0.011059416 0.995879472 -0.088716641
1317401389.211393118 667.591857689 -433.488343270 5.868048727 0.016863550 0.010543630 0.996234450 -0.084388230
1317401389.315429926 666.852659637 -433.632778984 5.888871787 0.018509681 0.010399015 0.996557013 -0.080145936
1317401389.419445038 666.099299652 -433.744812699 5.920187622 0.018987521 0.009830316 0.996856694 -0.076286110
1317401389.523437023 665.339278935 -433.874001068 5.945560076 0.018308805 0.010019463 0.997141061 -0.072623016
1317401389.627404690 664.558674092 -433.993057779 5.988675691 0.017535125 0.009983596 0.997371750 -0.069587644
1317401389.731370926 663.773628660 -434.096608271 6.019882615 0.017155881 0.009667119 0.997595998 -0.066441302
1317401389.835339069 662.962886372 -434.206000413 6.055990751 0.016761708 0.009682469 0.997800464 -0.063399762
1317401389.939284086 662.159616450 -434.316244560 6.089031407 0.016326202 0.010012553 0.997989995 -0.060408390
1317401390.043200970 661.331900617 -434.424296844 6.124967317 0.015569059 0.009984493 0.998187033 -0.057276194
1317401390.147140980 660.486715424 -434.523972514 6.161605475 0.014995166 0.010248554 0.998391815 -0.053701923
1317401390.251107931 659.647894551 -434.620420434 6.191973202 0.014791199 0.009753501 0.998586773 -0.050105359
1317401390.355099916 658.790330653 -434.704051374 6.229264117 0.014530205 0.010690171 0.998795931 -0.045621071
1317401390.459115028 657.933294473 -434.795505482 6.262541208 0.013950883 0.010101200 0.998991015 -0.041476378
1317401390.563127995 657.040570677 -434.861392227 6.300396818 0.012740252 0.010036729 0.999197741 -0.036617271
1317401390.667120934 656.199984471 -434.936925750 6.333428788 0.011606012 0.010326286 0.999352271 -0.032460840
1317401390.771111965 655.317541761 -434.991131616 6.374803421 0.010175902 0.010174076 0.999510863 -0.027766410
1317401390.875124931 654.444053023 -435.027713461 6.403341033 0.008620022 0.009290902 0.999670100 -0.022339789
1317401390.979162931 653.611337769 -435.079852721 6.431492422 0.007472187 0.007745687 0.999805830 -0.016506778
1317401391.083275080 652.785972222 -435.096867629 6.459997214 0.008163438 0.006419751 0.999900935 -0.009500816
1317401391.187433958 651.925584728 -435.126361330 6.489423507 0.012208319 0.003589966 0.999918976 -0.000332309
1317401391.291591883 651.063645673 -435.131873816 6.500483403 0.017786352 0.002095717 0.999786038 0.010350422
1317401391.395751953 650.177633448 -435.101264807 6.533451662 0.022436583 0.003437939 0.999489479 0.022484714
1317401391.499910116 649.322806745 -435.055706830 6.573092453 0.024705557 0.005623284 0.999090904 0.034283822
1317401391.604046106 648.272818574 -435.039740465 6.628614395 0.025263749 0.006835712 0.998468037 0.048750339
1317401391.708157301 647.496775057 -434.881964485 6.675121532 0.024225935 0.007677235 0.997820963 0.060889161
1317401391.812242031 646.587536569 -434.839331529 6.730223655 0.021690946 0.008966699 0.997021231 0.073469497
1317401391.916302919 645.809306681 -434.687619729 6.776918274 0.019310851 0.008687810 0.996068718 0.086015818
1317401392.020368099 644.869985933 -434.563996799 6.826744705 0.019037988 0.008720416 0.994983789 0.097820087
1317401392.124408007 644.021583069 -434.402472882 6.873322093 0.019672550 0.008223054 0.993420232 0.112523840
1317401392.228420973 643.024869215 -434.237837093 6.919019061 0.020616703 0.007298420 0.991716372 0.126571414
1317401392.332434893 642.287139318 -434.016072998 6.953207012 0.020376345 0.007629014 0.990166272 0.138193188
1317401392.436400890 641.425763072 -433.791248092 7.001085687 0.019135758 0.009861617 0.988659468 0.148623778
1317401392.540321112 640.611665611 -433.524508999 7.052929026 0.016407146 0.011764902 0.987092181 0.158875482
1317401392.644217968 639.738806561 -433.287875601 7.082775996 0.012872422 0.012368079 0.985987344 0.165862258
1317401392.748039961 638.968663955 -433.004407741 7.113406969 0.009920238 0.014181320 0.984550342 0.174244380
1317401392.851814032 638.167087756 -432.695551311 7.154032148 0.009489733 0.016365666 0.983103571 0.182069981
1317401392.955563068 637.381559508 -432.405292079 7.181463989 0.011705317 0.015936777 0.982250717 0.186527569
1317401393.059290886 636.659660679 -432.132607744 7.200206570 0.012966035 0.015854389 0.981502100 0.190352694
1317401393.163042068 635.786844555 -431.790690561 7.219035875 0.011969633 0.015470737 0.980559587 0.195244157
1317401393.266817093 635.013885334 -431.479740965 7.247684292 0.009772148 0.015520129 0.979649903 0.199874204
1317401393.370568991 634.220535905 -431.128363418 7.279208708 0.009776559 0.015305205 0.978731960 0.204337760
1317401393.474319935 633.479882115 -430.822551339 7.300163674 0.011947581 0.015082666 0.977653631 0.209339787
1317401393.578093052 632.748814194 -430.479716139 7.319886125 0.014232088 0.013623622 0.976797888 0.213255081
1317401393.681893110 631.962132342 -430.140613644 7.356633452 0.017428383 0.010759650 0.975660403 0.218328330
1317401393.785691977 631.228361915 -429.776260078 7.376453216 0.020810541 0.007035162 0.974606195 0.222845672
1317401393.889466047 630.450129923 -429.433222810 7.403167816 0.022168271 0.004612575 0.973435625 0.227838487
1317401393.993266106 629.715553307 -429.056520277 7.435127241 0.021474486 0.004400157 0.972476035 0.231969494
1317401394.097090006 628.935061521 -428.698576275 7.486175242 0.019111553 0.004563109 0.971531330 0.236094901
1317401394.200887918 628.209803222 -428.314893634 7.525749567 0.017087377 0.003670340 0.970864905 0.238989303
1317401394.304661036 627.494700587 -427.937546146 7.553196422 0.015731651 0.004311718 0.970394015 0.240975890
1317401394.408437014 626.748673492 -427.542608395 7.592304068 0.015377314 0.007365333 0.970012687 0.242455516
1317401394.512188911 625.998224145 -427.139583770 7.643185454 0.015557401 0.010037607 0.969872709 0.242907681
1317401394.615915060 625.242999705 -426.764176621 7.679785602 0.016972690 0.010467875 0.969943055 0.242513547
1317401394.719618082 624.526812661 -426.369505464 7.701916770 0.018253931 0.010180817 0.970367251 0.240729191
1317401394.823344946 623.764873192 -425.969990167 7.725709676 0.018552877 0.011309813 0.970740046 0.239147740
1317401394.927093983 623.027768754 -425.613192837 7.748484322 0.016581467 0.013431690 0.971370331 0.236610068
1317401395.030821085 622.271126794 -425.190913698 7.793739762 0.013285550 0.016068349 0.972256274 0.232987211
1317401395.134572983 621.518787009 -424.801728719 7.829429938 0.010575184 0.018123073 0.973150300 0.229212156
1317401395.238347054 620.732848972 -424.477813845 7.863056167 0.009275324 0.019784632 0.973947174 0.225719823
1317401395.342119932 619.982211913 -424.126114338 7.896663919 0.010644626 0.021841033 0.974683977 0.222262921
1317401395.445919037 619.224949077 -423.698618461 7.920191789 0.013110762 0.023537317 0.975657781 0.217637305
1317401395.549742937 618.459641872 -423.371437102 7.939910673 0.015293443 0.024097457 0.976378185 0.214175310
1317401395.653541088 617.715725049 -423.040168002 7.952245769 0.015836393 0.023781425 0.977167374 0.210541150
1317401395.757339954 616.953327483 -422.648696772 7.977182868 0.014665305 0.024673292 0.978120655 0.206048882
1317401395.861186028 616.170836941 -422.358551605 8.008730296 0.012892392 0.025758095 0.978757850 0.202986153
1317401395.965032101 615.400610033 -422.009568658 8.042992500 0.011734629 0.026642639 0.979311433 0.200253802
1317401396.068901777 614.615871339 -421.676329499 8.078473332 0.011637983 0.025878555 0.979765833 0.198125643
1317401396.172797918 613.877405315 -421.377551745 8.098024349 0.012175927 0.024324962 0.980192047 0.196172356
1317401396.276719093 613.088779239 -421.036265647 8.115367957 0.012361460 0.023009936 0.980342598 0.195566171
1317401396.380660057 612.327439752 -420.730686638 8.132645983 0.012443207 0.023493174 0.980391233 0.195259489
1317401396.484602928 611.567498852 -420.401202406 8.158888181 0.012302299 0.024306837 0.980502891 0.194607070
1317401396.588571787 610.810461321 -420.101578121 8.193420028 0.014026284 0.023461154 0.980641879 0.193892607
1317401396.692536116 610.042548352 -419.804130046 8.214471137 0.016534724 0.020822981 0.980627255 0.194070075
1317401396.796526194 609.278701893 -419.512613361 8.234134698 0.018341976 0.019680913 0.980605368 0.194137439
1317401396.900518894 608.524364296 -419.182826555 8.249991633 0.017983682 0.017783329 0.980502779 0.194870833
1317401397.004508018 607.770128659 -418.897393178 8.276268921 0.016045711 0.016988724 0.980333994 0.195957086
1317401397.108477116 606.994821634 -418.573670767 8.318935284 0.015401315 0.016213796 0.980502736 0.195228832
1317401397.212393045 606.269825006 -418.274132995 8.350276265 0.016194321 0.016799154 0.980621331 0.194518217
1317401397.316286325 605.482719883 -417.959121922 8.383870242 0.017582655 0.016374349 0.980893402 0.193056639
1317401397.420160055 604.704885929 -417.662570481 8.411374911 0.018235474 0.016294406 0.981303166 0.190908504
1317401397.524030924 603.951234154 -417.349353397 8.448145470 0.018442065 0.015848017 0.981830535 0.188195462
1317401397.627902031 603.191299195 -417.048431370 8.478493207 0.018268263 0.015677647 0.982477950 0.184817641
1317401397.731796980 602.392712450 -416.743574114 8.517774990 0.018344551 0.015276510 0.982961903 0.182252579
1317401397.835690975 601.634507520 -416.463975508 8.546008556 0.017995165 0.014586112 0.983442574 0.179733476
1317401397.939560890 600.836520428 -416.151614255 8.582051457 0.017306114 0.014750337 0.983980238 0.176821426
1317401398.043454885 600.066057189 -415.861546149 8.609694932 0.016398808 0.014415919 0.984374977 0.174725969
1317401398.147373915 599.274079536 -415.589981069 8.646393042 0.016049298 0.014035666 0.984616780 0.173422074
1317401398.251295090 598.472515628 -415.307159069 8.689745374 0.016803643 0.015080045 0.984661006 0.173011367
1317401398.355237961 597.690252593 -415.026104606 8.721908944 0.017627607 0.014018643 0.984753849 0.172489424
1317401398.459178925 596.882509329 -414.746088300 8.756428367 0.018021498 0.013565477 0.984725125 0.172648870
1317401398.563122034 596.093655024 -414.474619133 8.785313569 0.016926981 0.013586067 0.984715149 0.172814846
1317401398.667089939 595.294756781 -414.175728495 8.814810030 0.014001436 0.014750694 0.984740844 0.172834741
1317401398.771033049 594.514891091 -413.893447094 8.853373716 0.011301849 0.015813964 0.984766685 0.172791097
1317401398.874974966 593.681540578 -413.625115043 8.883380994 0.009623785 0.016206002 0.984630085 0.173632784
1317401398.978941917 592.913325148 -413.331406702 8.914676692 0.009826919 0.015710932 0.984685012 0.173355203
1317401399.082909107 592.091030613 -413.049060852 8.935402789 0.011106546 0.015225715 0.984597794 0.173816013
1317401399.186898947 591.301009258 -412.758156215 8.958841355 0.011938275 0.014957070 0.984545512 0.174080151
1317401399.290939093 590.505853139 -412.476361888 8.986596864 0.012586707 0.013891085 0.984526459 0.174230491
1317401399.394953966 589.700648105 -412.195852157 9.008000339 0.012908717 0.014147988 0.984313416 0.175386139
1317401399.498919964 588.917997791 -411.901499458 9.036742099 0.012899526 0.014363877 0.984212802 0.175933062
1317401399.602907896 588.110802243 -411.623584919 9.067355378 0.013144274 0.014630797 0.983937149 0.177428450
1317401399.706923008 587.345563559 -411.323460250 9.097191878 0.013491313 0.013889568 0.983789050 0.178281152
1317401399.810940981 586.525884336 -411.046023881 9.127089169 0.014066190 0.013668777 0.983397372 0.180402092
1317401399.914932013 585.753868327 -410.751936402 9.154328350 0.014001015 0.012888096 0.982984862 0.182698191
1317401400.018922091 584.984187700 -410.453275811 9.175897543 0.013189614 0.012834455 0.982463731 0.185543332
1317401400.122910976 584.198036280 -410.148421986 9.213989734 0.012672354 0.013037876 0.981929414 0.188372110
1317401400.226877928 583.421183332 -409.864852424 9.243963883 0.012581435 0.012342977 0.981430518 0.191006537
1317401400.330845833 582.668788246 -409.546966797 9.274562026 0.012934129 0.012022317 0.980924436 0.193585697
1317401400.434813976 581.915524972 -409.242707505 9.298304827 0.012931733 0.011829231 0.980499654 0.195737754
1317401400.538779974 581.151896158 -408.917605462 9.324517051 0.012141948 0.011437918 0.980016463 0.198215741
1317401400.642721891 580.389369741 -408.620086001 9.352578932 0.011102792 0.012548296 0.979593438 0.200289700
1317401400.746640921 579.623432922 -408.295276517 9.380799245 0.009971351 0.013244896 0.979247991 0.201986430
1317401400.850559950 578.914619242 -407.992926336 9.408890813 0.009371001 0.014569805 0.979120882 0.202539389
1317401400.954477072 578.161140343 -407.667543650 9.433503098 0.009531020 0.015118637 0.978958569 0.203274953
1317401401.058373928 577.418181521 -407.360247307 9.457399038 0.010501163 0.015463759 0.978709054 0.204399571
1317401401.162267923 576.714750364 -407.038632386 9.477403338 0.011328100 0.015881360 0.978633838 0.204683336
1317401401.266185999 575.984303090 -406.711969204 9.505535545 0.012244621 0.017084011 0.978740418 0.204023036
1317401401.370104074 575.245825463 -406.402461558 9.518515825 0.012429895 0.016101632 0.978723619 0.204172263
1317401401.474025011 574.538024331 -406.121908274 9.542232770 0.012621341 0.015947022 0.978710051 0.204237683
1317401401.577969074 573.780652766 -405.801910931 9.570409331 0.012854533 0.016125329 0.978679411 0.204355927
1317401401.681931973 573.071956653 -405.503736792 9.592376189 0.012598367 0.015418010 0.978677016 0.204437921
1317401401.785923004 572.309633011 -405.158520663 9.622868631 0.012658735 0.016062271 0.978404914 0.205683213
1317401401.889915943 571.634600022 -404.867006661 9.641551162 0.012795064 0.015469988 0.978305917 0.206190445
1317401401.993902922 570.812979789 -404.484039201 9.676811478 0.013183353 0.016873403 0.978112996 0.206969693
1317401402.097892046 570.093064883 -404.154696797 9.699189601 0.013666074 0.017278211 0.977984146 0.207513163
1317401402.201886892 569.313883813 -403.832928642 9.717763776 0.013719574 0.016781576 0.977896682 0.207962091
1317401402.305880070 568.582213706 -403.520396847 9.753040134 0.014622420 0.017836982 0.977779676 0.208362503
1317401402.409869909 567.859115079 -403.212716025 9.775679026 0.015297311 0.017411870 0.977584426 0.209264208
1317401402.513885021 567.050056579 -402.819347582 9.795752678 0.015424539 0.016333316 0.977570632 0.209406220
1317401402.617877007 566.326281741 -402.513204467 9.827156773 0.015647795 0.017853829 0.977309890 0.210479849
1317401402.721817017 565.489026838 -402.157428184 9.847906541 0.015552537 0.017165005 0.977134173 0.211358201
1317401402.825758934 564.699586465 -401.795753257 9.875258203 0.015241628 0.016567356 0.977065219 0.211746957
1317401402.929702044 563.909302581 -401.440125428 9.899854233 0.015035913 0.017464262 0.976945658 0.212240670
1317401403.033644915 563.087747267 -401.057465459 9.932853283 0.015084884 0.018103462 0.976804713 0.212831536
1317401403.137612104 562.313810878 -400.716562929 9.965546043 0.015153826 0.018106234 0.976626601 0.213642243
1317401403.241579056 561.476167869 -400.333476301 9.990787451 0.014967853 0.017296279 0.976603112 0.213829756
1317401403.345520973 560.649986645 -399.972849234 10.016695761 0.014175696 0.016990061 0.976491367 0.214417812
1317401403.449438095 559.814812228 -399.577779454 10.039809529 0.012572307 0.017378616 0.976640975 0.213804415
1317401403.553335905 558.992595990 -399.215706077 10.066763302 0.011505118 0.018216046 0.976743446 0.213326157
1317401403.657229900 558.144914888 -398.821154884 10.095825861 0.011669740 0.018386314 0.976976651 0.212231909
1317401403.761120081 557.314662745 -398.453208246 10.123158493 0.012855267 0.018204633 0.977316014 0.210610403
1317401403.865015030 556.472226529 -398.062628233 10.146867057 0.013898770 0.018102791 0.977617176 0.209150114
1317401403.968910933 555.614597258 -397.699296013 10.176017903 0.013573349 0.018445979 0.977998986 0.207348722
1317401404.072783947 554.775757991 -397.330544118 10.195527429 0.011706209 0.019113577 0.978468898 0.205173712
1317401404.176655054 553.896214804 -396.951263245 10.223407844 0.009378621 0.019982889 0.978841702 0.203424795
1317401404.280524015 553.058827356 -396.595022721 10.253089906 0.008598279 0.020446242 0.979184999 0.201754204
1317401404.384392977 552.187604810 -396.227739536 10.273053590 0.009266603 0.020836492 0.979475352 0.200269831
1317401404.488241911 551.298517743 -395.853112329 10.303391446 0.010441234 0.021158478 0.979738483 0.198886410
1317401404.592089891 550.437440115 -395.488222365 10.313342596 0.010923933 0.021473063 0.979959837 0.197732885
1317401404.695960045 549.564355510 -395.119894075 10.336039581 0.010244230 0.020536866 0.980163474 0.196857454
1317401404.799832106 548.665836028 -394.755999730 10.350253915 0.009126123 0.019909162 0.980300929 0.196291692
1317401404.903702974 547.770955271 -394.394131102 10.377339040 0.008605857 0.019852775 0.980379289 0.195929210
1317401405.007574081 546.888872634 -394.024281621 10.401967131 0.010017273 0.019640497 0.980224515 0.196656565
1317401405.111469030 546.004908259 -393.656023788 10.429150166 0.012723222 0.017932704 0.979961484 0.197969766
1317401405.215388060 545.099783590 -393.278668021 10.449411491 0.014211602 0.015529660 0.979636717 0.199671635
1317401405.319307089 544.207883981 -392.920825145 10.466611639 0.013716970 0.015113946 0.979318842 0.201290880
1317401405.423223972 543.262950221 -392.529060259 10.490435757 0.012455923 0.014507615 0.978905170 0.203418406
1317401405.527143002 542.372603898 -392.147298428 10.529026850 0.012307256 0.013987350 0.978423156 0.205769323
1317401405.631061077 541.448768950 -391.744124522 10.559754844 0.012475475 0.013022793 0.977934468 0.208132037
1317401405.734956026 540.520448825 -391.336985090 10.579953047 0.011349836 0.012354820 0.977524290 0.210154235
1317401405.838850975 539.637516428 -390.934951718 10.602837175 0.009976576 0.013124436 0.977006500 0.212571203
1317401405.942770004 538.685957143 -390.526474281 10.632335046 0.009130566 0.013767848 0.976586055 0.214491858
1317401406.046665907 537.786613052 -390.100072470 10.658011915 0.008952804 0.014060422 0.976254803 0.215983127
1317401406.150535822 536.819884917 -389.664113544 10.678173446 0.008541283 0.014933211 0.975982694 0.217167739
1317401406.254405975 535.890631375 -389.219757672 10.702658005 0.007734880 0.016258764 0.975767601 0.218067453
1317401406.358278036 534.963957570 -388.790113128 10.715709195 0.007027276 0.017680187 0.975598945 0.218734375
1317401406.462148905 533.990076161 -388.342874137 10.745964856 0.007460859 0.018670393 0.975489908 0.219123691
1317401406.565994978 533.059181370 -387.912750303 10.759012876 0.008941482 0.019291070 0.975434861 0.219259520
1317401406.669816971 532.090229426 -387.451086496 10.781418934 0.010192503 0.018848689 0.975386816 0.219457054
1317401406.773663998 531.141953362 -387.005187725 10.798047503 0.011051067 0.018564303 0.975365094 0.219536269
1317401406.877510071 530.167378712 -386.551905353 10.818930798 0.011519149 0.018447394 0.975428781 0.219238902
1317401406.981357098 529.205851540 -386.111938062 10.842989444 0.011728452 0.018098446 0.975505969 0.218913211
1317401407.085203886 528.223944461 -385.644809778 10.869197235 0.012390756 0.017634683 0.975630618 0.218358385
1317401407.189027071 527.231853472 -385.185817771 10.897320871 0.013119015 0.016928309 0.975775678 0.217722646
1317401407.292850018 526.273526491 -384.744274410 10.923667680 0.013208861 0.016933785 0.975957560 0.216900009
1317401407.396696091 525.262392814 -384.281859828 10.950370303 0.011949694 0.017148116 0.976093615 0.216343252
1317401407.500543118 524.279308985 -383.826056295 10.981393321 0.011060288 0.016396396 0.976283147 0.215592311
1317401407.604391098 523.270483654 -383.351914022 11.015212127 0.011330224 0.015628400 0.976497967 0.214660429
1317401407.708237171 522.290787323 -382.923023446 11.042773984 0.011443229 0.014953460 0.976720867 0.213686207
1317401407.812060118 521.298718555 -382.478374917 11.072694926 0.010192985 0.014452346 0.976999728 0.212505918
1317401407.915859938 520.295048946 -382.020500806 11.094884357 0.008178302 0.013837843 0.977186711 0.211772902
1317401408.019658089 519.274799152 -381.562551769 11.124940930 0.005744138 0.013653056 0.977388744 0.210930896
1317401408.123455048 518.303175323 -381.125508942 11.147932250 0.004732936 0.014876158 0.977641584 0.209697955
1317401408.227256060 517.309098791 -380.687802557 11.174877630 0.005211612 0.016392133 0.977770274 0.208972316
1317401408.331078053 516.296257935 -380.240203091 11.193468486 0.006302821 0.017530746 0.977820283 0.208615533
1317401408.434876919 515.301991574 -379.798159085 11.213486132 0.008157409 0.018439081 0.977955277 0.207838720
1317401408.538698912 514.289137546 -379.361049522 11.236928251 0.009230858 0.018693731 0.978048402 0.207332241
1317401408.642545938 513.283023774 -378.913301237 11.252195344 0.009264265 0.018322042 0.978243408 0.206442029
1317401408.746391058 512.304165494 -378.489302818 11.277349156 0.008854486 0.017647368 0.978394484 0.205801853
1317401408.850261927 511.253977103 -378.044259564 11.306818212 0.009228130 0.016982677 0.978516121 0.205262347
1317401408.954109907 510.260386030 -377.607385033 11.332020639 0.009698561 0.016305314 0.978633231 0.204736597
1317401409.057931662 509.248037735 -377.176911626 11.348349047 0.009181515 0.015560363 0.978788570 0.204074765
1317401409.161778927 508.239631150 -376.753233045 11.376993866 0.008760003 0.015923173 0.978921391 0.203427197
1317401409.265625954 507.218492836 -376.300282919 11.408801939 0.008757258 0.016250259 0.979152354 0.202286695
1317401409.369448900 506.223659203 -375.911213850 11.436916336 0.008987861 0.016481624 0.979279591 0.201640912
1317401409.473268986 505.201457743 -375.450300945 11.457019988 0.007963549 0.016302315 0.979523526 0.200510547
1317401409.577091932 504.183296178 -375.032565044 11.484492178 0.006841209 0.016921382 0.979625988 0.199999471
1317401409.680917978 503.167168324 -374.595308708 11.508319701 0.006545645 0.017716744 0.979838164 0.198898072
1317401409.784747124 502.113830177 -374.161877901 11.530105275 0.006818683 0.018435087 0.979983233 0.198107337
1317401409.888566971 501.148054963 -373.764325982 11.548801754 0.006655308 0.018776185 0.980095065 0.197526769
1317401409.992387056 500.080254657 -373.315271762 11.564787786 0.005918845 0.019302032 0.980283377 0.196562711
1317401410.096205711 499.094449034 -372.909248611 11.587204531 0.005782832 0.019150243 0.980389727 0.196050530
1317401410.200005054 498.030057663 -372.464216131 11.612420879 0.006154601 0.019680161 0.980470673 0.195581369
1317401410.303803921 497.020731577 -372.038187713 11.630610937 0.006725901 0.019574169 0.980533718 0.195256860
1317401410.407624960 495.999924206 -371.643036991 11.652635648 0.007326911 0.019245870 0.980534559 0.195263647
1317401410.511449099 494.995037162 -371.243771226 11.675061281 0.007359683 0.018853199 0.980568374 0.195130868
1317401410.615250111 493.959352606 -370.799962712 11.689789327 0.006764948 0.019530461 0.980571387 0.195070632
1317401410.719023943 493.025924114 -370.434146058 11.715762033 0.006229588 0.019007276 0.980614819 0.194921761
1317401410.822798014 492.031659441 -370.030540939 11.741473533 0.006322518 0.018787153 0.980641164 0.194807538
1317401410.926575899 491.076319574 -369.647952648 11.766159840 0.006673940 0.018731451 0.980704350 0.194482823
1317401411.030349970 490.133608873 -369.241388078 11.789108733 0.006837913 0.017965300 0.980740045 0.194369376
1317401411.134123087 489.211006170 -368.880687527 11.808966755 0.006368361 0.016709100 0.980805431 0.194167341
1317401411.237897873 488.312141304 -368.525663737 11.835888606 0.005479789 0.016973776 0.980854379 0.193924083
1317401411.341697931 487.433952895 -368.159949683 11.859926450 0.003776764 0.016446881 0.980939249 0.193580539
1317401411.445496082 486.572598950 -367.816871842 11.878914071 0.001711704 0.017032346 0.980970755 0.193399447
1317401411.549295902 485.698702685 -367.450430226 11.898460681 0.000404862 0.017794346 0.980938658 0.193500769
1317401411.653119087 484.919287028 -367.158242053 11.919218930 -0.000297246 0.017666722 0.980939022 0.193510810
1317401411.756942034 484.116576691 -366.819877496 11.923629257 0.000108768 0.016839831 0.980717046 0.194706149
1317401411.860810041 483.327899884 -366.497356167 11.940586390 0.001140741 0.016218620 0.980337139 0.196658968
1317401411.964704037 482.533392960 -366.181146300 11.945719412 0.001530435 0.016438573 0.979839197 0.199104443
1317401412.068624973 481.728199035 -365.840443115 11.949750876 0.001362770 0.016674945 0.979307332 0.201685991
1317401412.172565937 480.949131455 -365.506182630 11.957830035 0.001600436 0.017112503 0.978729315 0.204434659
1317401412.276484013 480.126628043 -365.154763368 11.968113367 0.002203588 0.017608654 0.978258765 0.206627364
1317401412.380403996 479.329008704 -364.799872813 11.979175267 0.002669223 0.018276749 0.978012693 0.207725801
1317401412.484273911 478.504941269 -364.434500382 11.986271956 0.003115737 0.019513411 0.977915814 0.208062921
1317401412.588098049 477.756601061 -364.092326145 11.993313620 0.003946889 0.020775748 0.978130710 0.206913277
1317401412.691921949 476.978626060 -363.772468043 12.009728174 0.005599656 0.020771876 0.978444507 0.205386270
1317401412.795722008 476.189064659 -363.447067058 12.019794585 0.007016643 0.019931020 0.978851861 0.203476181
1317401412.899518967 475.393151232 -363.103070542 12.032320842 0.008186019 0.019272435 0.979277316 0.201438578
1317401413.003346920 474.580156176 -362.763416389 12.044271701 0.008485372 0.019449003 0.979620480 0.199733448
1317401413.107193947 473.789954426 -362.436938009 12.067115284 0.008179468 0.018622668 0.979904466 0.198427646
1317401413.211083889 472.996379630 -362.092327762 12.072135325 0.007477029 0.016860170 0.980234764 0.196976232
1317401413.314977884 472.167344345 -361.758072893 12.094003054 0.007139269 0.017082648 0.980308158 0.196603991
1317401413.418898106 471.371669166 -361.420833874 12.118190961 0.006953746 0.017674207 0.980317017 0.196514159
1317401413.522862196 470.560594297 -361.098005779 12.126530963 0.006365105 0.016495286 0.980121023 0.197611164
1317401413.626827002 469.731007636 -360.744899170 12.147731582 0.006353014 0.016480148 0.979833373 0.199034179
1317401413.730793953 468.917086479 -360.413965079 12.163336243 0.006857458 0.016024771 0.979520831 0.200586949
1317401413.834763050 468.100632495 -360.061868142 12.175203284 0.007456004 0.016037848 0.979352446 0.201385158
1317401413.938752651 467.264158406 -359.722096772 12.197947092 0.007956850 0.017589409 0.979194691 0.202002621
1317401414.042742968 466.418412777 -359.360092306 12.199078912 0.007127308 0.016535386 0.979052811 0.202808715
1317401414.146711111 465.588693208 -358.997115577 12.218631005 0.006463154 0.015266424 0.978961018 0.203372782
1317401414.250677109 464.743596432 -358.632536668 12.240160169 0.006980846 0.018301544 0.978783967 0.203956535
1317401414.354619026 463.891801897 -358.269498319 12.253285044 0.007123382 0.018798634 0.978742158 0.204106977
1317401414.458539963 463.023596384 -357.897040261 12.271611052 0.007009659 0.017649082 0.978754351 0.204155076
1317401414.562483311 462.151818653 -357.517728946 12.285107798 0.007135680 0.017644938 0.978825541 0.203809467
1317401414.666425943 461.305872632 -357.158469803 12.303473710 0.006975591 0.017805806 0.978897623 0.203454510
1317401414.770343065 460.426134132 -356.780735750 12.314954703 0.006404948 0.017602527 0.978952021 0.203229104
1317401414.874263048 459.546142967 -356.404465272 12.325147331 0.005755434 0.017305910 0.979056921 0.202768157
1317401414.978204966 458.671658264 -356.032752023 12.340875277 0.004578591 0.017257023 0.978972754 0.203208215
1317401415.082146883 457.788347033 -355.650876764 12.354416931 0.003761905 0.017032720 0.978934252 0.203429263
1317401415.186067104 456.892879201 -355.265912632 12.373222615 0.003973766 0.017214518 0.978780470 0.204148623
1317401415.290011883 455.962432949 -354.873853842 12.378103314 0.003935632 0.016738934 0.978585349 0.205121995
1317401415.393978119 455.057250316 -354.477581547 12.386187569 0.003831458 0.016919374 0.978280344 0.206559009
1317401415.497944117 454.143822167 -354.082323544 12.394508365 0.003407910 0.016601256 0.977852747 0.208606781
1317401415.601888657 453.221938037 -353.677837970 12.404406927 0.003087812 0.017025590 0.977451495 0.210449922
1317401415.705806732 452.289634811 -353.261434515 12.418390503 0.002986068 0.018230550 0.977139091 0.211796899
1317401415.809747934 451.354728616 -352.836398402 12.422689210 0.002927332 0.019295524 0.976959368 0.212531190
1317401415.913666964 450.435927883 -352.424962670 12.435920226 0.003054897 0.019962792 0.976743557 0.213457672
1317401416.017563105 449.508845432 -352.002874993 12.436497302 0.002852264 0.019763420 0.976685201 0.213745853
1317401416.121478796 448.574442266 -351.572004598 12.447030930 0.002562250 0.020092443 0.976566486 0.214260654
1317401416.225421906 447.621836235 -351.138808277 12.456312823 0.002441373 0.020704729 0.976523346 0.214400346
1317401416.329366922 446.699794110 -350.722254198 12.464090200 0.002141810 0.021107859 0.976540823 0.214284606
1317401416.433285952 445.731613249 -350.272317313 12.470879658 0.001707861 0.020967134 0.976676964 0.213681001
1317401416.537201881 444.750546279 -349.830807407 12.474244244 0.001431333 0.020809882 0.976740677 0.213407005
1317401416.641119957 443.794162859 -349.392102775 12.477609534 0.001633140 0.020797718 0.976796023 0.213153271
1317401416.745038986 442.809344570 -348.951531515 12.486483863 0.002090160 0.021049589 0.976786638 0.213167563
1317401416.848958015 441.833826440 -348.510189802 12.496673776 0.002691774 0.020645414 0.976902581 0.212668446
1317401416.952877998 440.862632639 -348.067831805 12.494643179 0.003346432 0.020743371 0.976962863 0.212372500
1317401417.056796074 439.832592915 -347.603218173 12.501774569 0.003720501 0.021217094 0.976922590 0.212504695
1317401417.160715103 438.858666514 -347.178608297 12.511024576 0.004015462 0.021295151 0.977110882 0.211623998
1317401417.264611721 437.821407779 -346.715574728 12.526352390 0.004880424 0.022295304 0.977309697 0.210582187
1317401417.368482113 436.831401840 -346.276721490 12.530885596 0.005624325 0.021475770 0.977443413 0.210027458
1317401417.472351074 435.816692932 -345.828891503 12.543141955 0.006520934 0.020572519 0.977626267 0.209239412
1317401417.576246977 434.780958204 -345.385736430 12.561524524 0.007545783 0.020842623 0.977802650 0.208352165
1317401417.680144072 433.797776524 -344.941047272 12.574503914 0.008049943 0.019793435 0.977867830 0.208129589
1317401417.784013987 432.748646655 -344.489850718 12.598194647 0.008206330 0.019165336 0.978084797 0.207160508
1317401417.887883663 431.684304997 -344.021192998 12.614111641 0.007375274 0.019345747 0.978198844 0.206635836
1317401417.991755962 430.668560587 -343.589057024 12.630118029 0.004766303 0.019001973 0.978394536 0.205816277
1317401418.095627069 429.675001260 -343.150801784 12.639824712 0.001919767 0.019144571 0.978380252 0.205917175
1317401418.199474096 428.590344285 -342.678482394 12.659436266 0.001242892 0.019967378 0.978428556 0.205614492
1317401418.303318977 427.512806310 -342.220954772 12.668198137 0.001031645 0.019356692 0.978493288 0.205365866
1317401418.407162905 426.463106562 -341.759824518 12.668980232 0.000317586 0.018474832 0.978525068 0.205298005
1317401418.510986090 425.432941800 -341.313805168 12.671559021 -0.001051927 0.018603816 0.978501216 0.205397568
1317401418.614785910 424.369676954 -340.849679227 12.676988965 -0.002386715 0.019355427 0.978526728 0.205195304
1317401418.718585968 423.291029783 -340.380881195 12.678695581 -0.003086227 0.019708348 0.978525964 0.205156022
1317401418.822384119 422.216594006 -339.924493859 12.682878268 -0.002760451 0.019918104 0.978476890 0.205374352
1317401418.926181078 421.153944759 -339.462455886 12.683878593 -0.001610751 0.019449088 0.978498981 0.205326282
1317401419.030004978 420.076478202 -339.000419230 12.687302375 -0.000040419 0.019113045 0.978434693 0.205670225
1317401419.133805037 419.024404623 -338.542735632 12.691960035 0.001198889 0.018016514 0.978350429 0.206165968
1317401419.237603188 417.964874837 -338.092160100 12.691554280 0.001158426 0.017979658 0.978303242 0.206393208
1317401419.341402054 416.930576784 -337.638409518 12.698160408 0.000690089 0.018537035 0.978246129 0.206616587
1317401419.445202112 415.847733714 -337.173467567 12.710681870 0.000758657 0.018799057 0.978154948 0.207023953
1317401419.549000978 414.793406706 -336.703236418 12.725383275 0.001621867 0.018379211 0.978074146 0.207438036
1317401419.652775049 413.755308473 -336.260249572 12.737707496 0.002520799 0.018088549 0.978050783 0.207564726
1317401419.756525040 412.708757682 -335.784725242 12.743440015 0.002446329 0.017855748 0.977946606 0.208076006
1317401419.860263109 411.671592567 -335.360254486 12.753613332 0.001687726 0.017850087 0.978043720 0.207627087
1317401419.964013100 410.660773680 -334.895690555 12.766705861 0.000945567 0.018501186 0.978036138 0.207610514
1317401420.067776918 409.598505289 -334.447229299 12.782357346 0.000577111 0.019097532 0.978070144 0.207397554
1317401420.171551943 408.578447113 -333.991558099 12.793612679 0.000415124 0.018889000 0.978163950 0.206974202
1317401420.275326014 407.549114833 -333.539488344 12.804152279 0.000984318 0.018904555 0.978127366 0.207143681
1317401420.379098892 406.528533234 -333.096287049 12.820311721 0.001987178 0.018581086 0.978136541 0.207122432
1317401420.482873917 405.528783907 -332.661605708 12.828188623 0.002284181 0.018244360 0.978232237 0.206696920
1317401420.586673975 404.509741290 -332.211297853 12.835785196 0.001735672 0.018264388 0.978211723 0.206797544
1317401420.690498114 403.489351714 -331.776234177 12.847188626 0.001003657 0.018748843 0.978183657 0.206891773
1317401420.794318914 402.501831871 -331.343389101 12.865432149 0.000720329 0.018534513 0.978154367 0.207050689
1317401420.898142099 401.475267466 -330.903440039 12.876063362 0.001129482 0.019022733 0.978058839 0.207455457
1317401421.001940966 400.499107541 -330.467743777 12.886798433 0.001271044 0.018010444 0.977991953 0.207859923
1317401421.105737925 399.486706489 -330.037526954 12.889700273 0.000764808 0.016964289 0.977888102 0.208438210
1317401421.209537029 398.534358970 -329.618666948 12.900829995 0.000013371 0.016894719 0.977844075 0.208651701
1317401421.313335896 397.543529470 -329.190590997 12.914954251 -0.000944771 0.016892892 0.977683324 0.209401662
1317401421.417135000 396.571041061 -328.752156532 12.912472971 -0.002112911 0.016999633 0.977464637 0.210403022
1317401421.520909071 395.593759374 -328.303418333 12.922304753 -0.003099091 0.017404049 0.977275707 0.211233727
1317401421.624707937 394.626712395 -327.875052891 12.930274944 -0.003592578 0.017534912 0.977084329 0.212098642
1317401421.728533983 393.689403492 -327.452297762 12.939805362 -0.003551768 0.018098985 0.976929010 0.212766355
1317401421.832356215 392.710322066 -327.037824393 12.934744667 -0.004305160 0.017738229 0.976782448 0.213454611
1317401421.936188936 391.742652151 -326.590003672 12.930544499 -0.005772319 0.017440724 0.976635599 0.214115410
1317401422.040010929 390.815154619 -326.169783094 12.926024058 -0.006704832 0.018713649 0.976645522 0.213935432
1317401422.143799067 389.859426081 -325.732014426 12.923009440 -0.006461029 0.019103359 0.976682290 0.213740545
1317401422.247575045 388.952477367 -325.312971413 12.925459967 -0.005348776 0.019502532 0.976760865 0.213375855
1317401422.351377964 387.992538840 -324.903585772 12.919156598 -0.004330348 0.019404622 0.976866457 0.212924008
1317401422.455178976 387.075379055 -324.480251057 12.912443811 -0.004233235 0.018629772 0.976958348 0.212573278
1317401422.558949232 386.118133753 -324.057290298 12.904110200 -0.004856127 0.017981942 0.977171052 0.211636013
1317401422.662744999 385.210188222 -323.658236462 12.907670103 -0.004600361 0.018268250 0.977302012 0.211011575
1317401422.766545057 384.315144290 -323.252699547 12.906287714 -0.003886782 0.018649702 0.977504160 0.210054036
1317401422.870318890 383.360292552 -322.858175954 12.905594476 -0.003771487 0.019021195 0.977525600 0.209923012
1317401422.974068880 382.452779474 -322.442376746 12.899791287 -0.004790723 0.019645072 0.977668779 0.209176670
1317401423.077842951 381.563353344 -322.050449418 12.900301788 -0.005611056 0.019841818 0.977741868 0.208795734
1317401423.181690931 380.682055767 -321.621966569 12.899744048 -0.005915452 0.020208186 0.977882684 0.208091549
1317401423.285562038 379.676878667 -321.213536700 12.898599776 -0.005246271 0.021283289 0.977957050 0.207652369
1317401423.389432907 378.753300491 -320.823003270 12.894802147 -0.004682710 0.020198536 0.978046634 0.207352052
1317401423.493278980 377.921300609 -320.454022602 12.889435496 -0.004407862 0.019708580 0.978075508 0.207269014
1317401423.597101927 376.949618283 -320.004927075 12.885609904 -0.004671684 0.019428167 0.978003492 0.207629217
1317401423.700951099 376.209821767 -319.668591796 12.881659343 -0.005153422 0.019437363 0.978046292 0.207415239
1317401423.804797888 375.459518810 -319.419832991 12.880541595 -0.005419983 0.020341490 0.978244188 0.206385941
1317401423.908643723 374.611486665 -318.956201445 12.876481267 -0.005937825 0.020366405 0.978068393 0.207200796
1317401424.012515068 373.457728019 -318.473023408 12.875248693 -0.006332009 0.020752354 0.978180206 0.206622192
1317401424.116409063 372.588618454 -318.060864129 12.873184983 -0.006305363 0.021544244 0.978102983 0.206907329
1317401424.220304966 371.719794359 -317.678739956 12.875056421 -0.005582484 0.022133860 0.978175328 0.206523498
1317401424.324152946 370.847749432 -317.337578038 12.866104270 -0.004995269 0.022626797 0.978392224 0.205454938
1317401424.427998066 369.963789095 -316.959039046 12.863440583 -0.004673423 0.022323220 0.978518059 0.204895685
1317401424.531821966 369.134179669 -316.632551206 12.857779836 -0.004168276 0.023605806 0.979006753 0.202413363
1317401424.635597706 368.281322703 -316.191657767 12.855511507 -0.003893917 0.023420900 0.979318949 0.200924602
1317401424.739320993 367.438343668 -315.878526815 12.856130015 -0.002873279 0.025051138 0.980100623 0.196893255
1317401424.843023062 366.501825517 -315.469484823 12.853292729 -0.001885049 0.025796704 0.981019744 0.192175020
1317401424.946727991 365.674908789 -315.139558055 12.861923101 -0.000506287 0.027336960 0.982185741 0.185912895
1317401425.050407887 364.874683648 -314.835598499 12.861086534 0.000876812 0.027431798 0.983656871 0.177949115
1317401425.154061079 363.943762997 -314.560598316 12.869280713 0.002382393 0.028493877 0.985170531 0.169178743
1317401425.257667065 363.154077190 -314.205892082 12.868002237 0.002741939 0.029669304 0.986960102 0.158183349
1317401425.361272097 362.304561516 -313.926774718 12.875022129 0.001973501 0.029860684 0.988897970 0.145551538
1317401425.464926004 361.523098240 -313.734298430 12.886778866 0.001104112 0.029929696 0.990847282 0.131623170
1317401425.568603992 360.600919452 -313.459420873 12.903035946 0.001048331 0.029990497 0.992557486 0.118021645
1317401425.672308922 359.727133362 -313.241131096 12.909412418 0.001089560 0.029716258 0.994137280 0.103955886
1317401425.776036024 358.853020608 -313.073863767 12.926112064 0.001703182 0.030093524 0.995558455 0.089189915
1317401425.879760981 357.983916034 -312.932743341 12.934285644 0.002339243 0.029759648 0.996691999 0.075590680
1317401425.983513117 357.145701553 -312.797968324 12.948165069 0.002506986 0.029619536 0.997765434 0.059837583
1317401426.087289095 356.312311313 -312.671427522 12.954772396 0.002247964 0.029046159 0.998585427 0.044479343
1317401426.191086054 355.419338759 -312.622515734 12.969953329 0.001680376 0.028738153 0.999141193 0.029802210
1317401426.294884920 354.575578572 -312.621953927 12.983613330 0.000749297 0.028184169 0.999486211 0.015244814
1317401426.398683786 353.720548090 -312.606544137 12.996168626 -0.000598512 0.027403022 0.999622570 0.001852976
1317401426.502532005 352.915136210 -312.632513353 13.014286703 -0.001509193 0.026880148 0.999564631 -0.012071766
1317401426.606451988 352.068397425 -312.632697310 13.029936726 -0.002006962 0.025789313 0.999357619 -0.024803884
1317401426.710417271 351.260017621 -312.656322923 13.041669219 -0.002175991 0.024402337 0.999074436 -0.035356210
1317401426.814407825 350.481260726 -312.730079209 13.048736688 -0.002388596 0.023452128 0.998746571 -0.044154049
1317401426.918446064 349.672265029 -312.833413046 13.065149662 -0.002404746 0.023197080 0.998396869 -0.051573294
1317401427.022508144 348.896727742 -312.911779179 13.077910836 -0.001886570 0.022781730 0.998076123 -0.057632330
1317401427.126619101 348.096521821 -313.034010405 13.086053280 -0.001189325 0.021630091 0.997845540 -0.061927402
1317401427.230777740 347.372226397 -313.092216163 13.094217237 -0.000966390 0.020389003 0.997697832 -0.064671404
1317401427.334935904 346.587358746 -313.226253612 13.102730773 -0.001179348 0.019534465 0.997614275 -0.066202502
1317401427.439120054 345.835904963 -313.306672461 13.119132396 -0.001728053 0.018483442 0.997674089 -0.065588027
1317401427.543350935 345.061410882 -313.424831626 13.132719797 -0.001862948 0.017102577 0.997827104 -0.063601110
1317401427.647629023 344.380117080 -313.543889941 13.144688355 -0.001750298 0.015487413 0.998126948 -0.059158020
1317401427.751955986 343.662872467 -313.696276700 13.156139241 -0.001423258 0.013754886 0.998511792 -0.052753951
1317401427.856329918 342.934262367 -313.721743139 13.162197347 -0.001321465 0.011934977 0.999082319 -0.041113620
1317401427.960728884 342.281253721 -313.802670942 13.170975905 -0.001511438 0.010544138 0.999564936 -0.027504083
1317401428.065128088 341.483436297 -313.821741085 13.181282287 -0.001342121 0.009674133 0.999877662 -0.012217606
1317401428.169503927 340.808658056 -313.866785946 13.192204113 -0.001122716 0.009593289 0.999945737 0.003902862
1317401428.273879051 340.089457177 -313.855131429 13.199843706 -0.000816819 0.008654878 0.999733531 0.021384386
1317401428.378252983 339.428137084 -313.832177461 13.207626614 -0.001079848 0.007582029 0.999146492 0.040591054
1317401428.482604980 338.741935135 -313.798163272 13.217060525 -0.002345677 0.007028850 0.998212915 0.059296447
1317401428.586954355 338.065809631 -313.739746279 13.221005011 -0.004243386 0.006657750 0.996699129 0.080799226
1317401428.691278934 337.397536188 -313.657405479 13.222331193 -0.005553470 0.005984435 0.994936269 0.100175678
1317401428.795582056 336.739578765 -313.506640526 13.227231996 -0.005759707 0.005211449 0.992409858 0.122728726
1317401428.899887085 336.086485263 -313.317708677 13.224448803 -0.005119354 0.004217771 0.989287203 0.145831522
1317401429.004164934 335.369172295 -313.057440797 13.219448114 -0.004336183 0.003751150 0.985157510 0.171557007
1317401429.108395100 334.808739629 -312.901436591 13.220611043 -0.003371809 0.005216258 0.980947472 0.194173838
1317401429.212601900 334.177818511 -312.602457602 13.228142301 -0.003451219 0.007585229 0.975788759 0.218556288
1317401429.316785097 333.656234872 -312.334244610 13.224603626 -0.003605851 0.008019251 0.970637481 0.240386293
1317401429.420919895 333.034560970 -312.082792488 13.234308745 -0.003702558 0.007665268 0.964092742 0.265429313
1317401429.525032043 332.543277263 -311.782866921 13.233674366 -0.003661172 0.007418329 0.957859986 0.287116371
1317401429.629139900 331.980646962 -311.377214928 13.236193530 -0.003799341 0.007173237 0.950509549 0.310589290
1317401429.733252048 331.482815093 -311.003926837 13.230582891 -0.003883352 0.007087757 0.942683808 0.333589450
1317401429.837388039 330.957338769 -310.612137535 13.229943013 -0.004027869 0.007425424 0.933726323 0.357887961
1317401429.941524029 330.499565562 -310.202283146 13.234688694 -0.004137631 0.007713780 0.924244416 0.381700978
1317401430.045609951 330.026116849 -309.733310191 13.235026771 -0.003932030 0.007259664 0.913915321 0.405820925
1317401430.149672985 329.636593048 -309.280927584 13.233147549 -0.003581155 0.007049830 0.903555318 0.428398485
1317401430.253709078 329.252397455 -308.812231416 13.234185153 -0.003052060 0.008235663 0.892760812 0.450445325
1317401430.357700109 328.906579675 -308.324867792 13.230368926 -0.002977578 0.009913246 0.881700765 0.471695476
1317401430.461667061 328.595532342 -307.840734678 13.239136460 -0.003284467 0.011761888 0.870465601 0.492077746
1317401430.565609932 328.249132206 -307.342746523 13.241593116 -0.003750979 0.013161445 0.858742454 0.512224663
1317401430.669553995 328.008619234 -306.876066012 13.242353699 -0.004053154 0.014388645 0.847012282 0.531363089
1317401430.773497105 327.772241350 -306.407388733 13.241509435 -0.003768535 0.015253404 0.834803727 0.550323423
1317401430.877389908 327.607848172 -305.976793932 13.246287638 -0.003614513 0.016014381 0.822989748 0.567818941
1317401430.981286049 327.498518692 -305.585668554 13.243278577 -0.004104959 0.016318674 0.811112794 0.584647659
1317401431.085228682 327.298002238 -305.123538547 13.239467844 -0.005489459 0.015656081 0.798151170 0.602228746
1317401431.189171314 327.191359763 -304.771993498 13.236502906 -0.006704983 0.015073409 0.785273116 0.618929696
1317401431.293088913 327.101383310 -304.378654542 13.231732102 -0.007427952 0.015409788 0.771907626 0.635504509
1317401431.397032022 327.017366104 -304.013653020 13.229651022 -0.007504200 0.015494338 0.757799131 0.652260753
1317401431.501024008 326.971870769 -303.637331606 13.231511772 -0.007344476 0.015279938 0.742714403 0.669393679
1317401431.605037928 326.924587963 -303.264510671 13.225228086 -0.008300285 0.013896660 0.726641337 0.686826292
1317401431.709100962 326.906024742 -302.898723560 13.220262337 -0.009970034 0.012774137 0.709197733 0.704823379
1317401431.813213110 326.912795126 -302.551973784 13.210463691 -0.012119127 0.012582061 0.690440794 0.723177937
1317401431.917346954 326.911381765 -302.183712229 13.201453549 -0.013460439 0.012438057 0.669841985 0.742277459
1317401432.021503925 326.955679513 -301.844409030 13.191580905 -0.014330915 0.012623435 0.648159022 0.761265497
1317401432.125664949 327.000175729 -301.501539835 13.183697033 -0.014351455 0.012967269 0.625173804 0.780245859
1317401432.229800940 327.091226540 -301.147670595 13.182741812 -0.014102259 0.013607757 0.601878888 0.798346891
1317401432.333909988 327.190277189 -300.820856340 13.176225324 -0.014185917 0.013442413 0.578173499 0.815679757
1317401432.437994957 327.297411416 -300.501961682 13.178915331 -0.015162006 0.012377079 0.553768695 0.832440480
1317401432.542057037 327.379541283 -300.178594934 13.164700257 -0.016780882 0.010536032 0.528364927 0.848786132
1317401432.646121025 327.543468955 -299.913094981 13.155036526 -0.018297625 0.008347912 0.502861151 0.864133191
1317401432.750183821 327.729754808 -299.576350278 13.134643901 -0.019086446 0.006601869 0.476176513 0.879117769
1317401432.854247093 327.889927216 -299.275520476 13.121603916 -0.018604639 0.005645022 0.448460608 0.893591117
1317401432.958285093 328.113333227 -298.925962574 13.110310102 -0.017385180 0.005495854 0.420601247 0.907062369
1317401433.062275887 328.395286952 -298.673421905 13.109112613 -0.016296012 0.006237370 0.393764678 0.919045653
1317401433.166220903 328.651255191 -298.349089919 13.110477479 -0.016492336 0.007033156 0.366530573 0.930233238
1317401433.270139933 328.934898761 -298.077061153 13.101539350 -0.018135430 0.007684268 0.341133099 0.939808633
1317401433.374010086 329.285754758 -297.830401530 13.089594390 -0.019053066 0.008873176 0.316336604 0.948414150
1317401433.477807760 329.610506133 -297.583650265 13.088400066 -0.018981297 0.010628350 0.293551303 0.955695757
1317401433.581558943 329.993712010 -297.324407405 13.095314110 -0.020622654 0.011735595 0.271824877 0.962054166
1317401433.685286045 330.367686571 -297.083903840 13.091967688 -0.023582413 0.012335069 0.251153454 0.967581345
1317401433.789014101 330.782791414 -296.863429117 13.084813563 -0.028248184 0.012619878 0.231370664 0.972373588
1317401433.892751932 331.178143491 -296.626958771 13.046395545 -0.030343374 0.013744367 0.211809996 0.976743005
1317401433.996454000 331.644818130 -296.477609267 13.017088815 -0.029136842 0.015217491 0.193950229 0.980460494
1317401434.100122929 332.105176257 -296.253260927 13.024765950 -0.025727310 0.016177377 0.177215305 0.983702767
1317401434.203800917 332.599362483 -296.063718998 13.025468443 -0.026580021 0.015340000 0.162363674 0.986253631
1317401434.307455063 333.128026438 -295.889566790 13.015383569 -0.030500962 0.014011939 0.149254471 0.988228951
1317401434.411084890 333.625618438 -295.704703381 12.982794898 -0.033384991 0.010993288 0.138351636 0.989759271
1317401434.514692068 334.177515437 -295.581835764 12.949408183 -0.034406069 0.008483425 0.130086796 0.990869153
1317401434.618300915 334.724108574 -295.387382138 12.929131367 -0.032250685 0.008133988 0.121980504 0.991975044
1317401434.721955061 335.285754843 -295.283611101 12.923428002 -0.031836485 0.009187727 0.116322366 0.992658618
1317401434.825633049 335.860233739 -295.117233408 12.913380321 -0.033559952 0.009999573 0.111338236 0.993165412
1317401434.929311037 336.469769877 -294.993460607 12.906347205 -0.035942062 0.010742715 0.107012307 0.993549761
1317401435.033014059 337.110318733 -294.865417958 12.894578959 -0.037086852 0.009617823 0.103513327 0.993889860
1317401435.136742115 337.734188135 -294.686744938 12.884448397 -0.038780467 0.006398172 0.099956671 0.994215169
1317401435.240468979 338.374232373 -294.555721292 12.865505635 -0.040163764 0.002449971 0.097645281 0.994407496
1317401435.344196081 339.067146449 -294.425531415 12.840472985 -0.040565502 0.000064420 0.096326514 0.994522820
1317401435.447922945 339.754912932 -294.254934286 12.838440286 -0.041411173 -0.001008804 0.094683204 0.994645257
1317401435.551696777 340.406879696 -294.139204225 12.824539944 -0.044426899 -0.001016553 0.094052626 0.994574945
1317401435.655493975 341.107943880 -294.016479559 12.830142982 -0.047438789 -0.001255730 0.094026307 0.994438051
1317401435.759293079 341.853898718 -293.837367374 12.813638748 -0.050465068 -0.001014873 0.093336077 0.994354375
1317401435.863140106 342.579619406 -293.677859608 12.807362962 -0.051054924 -0.000408025 0.092087605 0.994441100
1317401435.967010021 343.309649467 -293.523186342 12.806874382 -0.052585236 0.000824999 0.090889533 0.994471319
1317401436.070880651 344.070351371 -293.404099512 12.810419938 -0.053348353 0.001923298 0.090062799 0.994504372
1317401436.174777031 344.828705779 -293.241801312 12.798081099 -0.055586566 0.002544385 0.088698496 0.994503010
1317401436.278670073 345.602287776 -293.097178561 12.790732207 -0.055243296 0.003129976 0.087249710 0.994648616
1317401436.382515907 346.365475306 -292.948916231 12.805321869 -0.054735420 0.002256770 0.086675425 0.994729265
1317401436.486365080 347.163999548 -292.788368477 12.792027603 -0.054608828 0.000926357 0.085833486 0.994811354
1317401436.590235949 347.958604966 -292.644779821 12.797172235 -0.057186034 0.000195503 0.085762041 0.994673108
1317401436.694107056 348.767563218 -292.500286457 12.760982146 -0.057675501 0.002560447 0.084733267 0.994729739
1317401436.798002958 349.591989201 -292.364149885 12.768733758 -0.057680170 0.005737880 0.083732260 0.994800977
1317401436.901896954 350.438325167 -292.203863470 12.742024559 -0.058382537 0.007887155 0.083020555 0.994804935
1317401437.005790949 351.268326610 -292.056386967 12.754318339 -0.058859499 0.007435215 0.082253895 0.994843995
1317401437.109710932 352.124834428 -291.908411422 12.731733834 -0.057389617 0.006591402 0.082037993 0.994953644
1317401437.213606119 352.985675401 -291.764508692 12.718303851 -0.057554467 0.006153380 0.082085706 0.994942991
1317401437.317473888 353.888056004 -291.600207703 12.705771250 -0.059606716 0.006343895 0.082135834 0.994816817
1317401437.421345949 354.798259584 -291.426607984 12.680951621 -0.058754534 0.007191298 0.081876857 0.994883094
1317401437.525192976 355.691192778 -291.281915626 12.656826184 -0.056925948 0.006768458 0.082958913 0.994902730
1317401437.629039049 356.603600915 -291.098354815 12.662944502 -0.057066614 0.004589888 0.083479479 0.994863564
1317401437.732886076 357.507063837 -290.944313640 12.634241978 -0.058269070 0.004817102 0.084632686 0.994695340
1317401437.836685896 358.438539336 -290.783202753 12.616598727 -0.057472417 0.009469476 0.086733448 0.994527304
1317401437.940485954 359.362107957 -290.607829976 12.577388694 -0.050701593 0.017458114 0.088175348 0.994660581
1317401438.044307947 360.361264353 -290.451680589 12.588135802 -0.045573036 0.023015486 0.089468023 0.994680280
1317401438.148104906 361.320422856 -290.262654992 12.552976916 -0.037470701 0.026354992 0.091180952 0.994780074
1317401438.251903057 362.234723264 -290.115242618 12.533760442 -0.035317676 0.025355545 0.093648372 0.994655589
1317401438.355751991 363.182669925 -289.933598205 12.472379495 -0.032243357 0.021535263 0.094814079 0.994739608
1317401438.459598064 364.157396346 -289.704417401 12.468693710 -0.033261515 0.016864365 0.096002760 0.994682228
1317401438.563442945 365.088802270 -289.521427011 12.411119746 -0.033598225 0.013542471 0.097209550 0.994604476
1317401438.667313099 366.054738880 -289.309028575 12.382015878 -0.039880416 0.010728251 0.096812868 0.994445436
1317401438.771209002 367.011615092 -289.124444276 12.338856204 -0.040473524 0.011649561 0.096527111 0.994438886
1317401438.875128984 367.996732669 -288.926852917 12.317095675 -0.042151216 0.014634629 0.095638563 0.994415591
1317401438.979023218 368.975201139 -288.726974702 12.292856358 -0.035389715 0.017569645 0.094851733 0.994707004
1317401439.082916975 369.981349200 -288.518789711 12.287514847 -0.035775691 0.017232200 0.093932719 0.994786306
1317401439.186837912 370.964128649 -288.340517246 12.252642088 -0.033419143 0.017018381 0.093460072 0.994916454
1317401439.290756941 372.024378180 -288.134143759 12.217191831 -0.033141661 0.017312055 0.092955535 0.994967935
1317401439.394649744 373.019382675 -287.933094135 12.193051283 -0.028845679 0.017787005 0.093536833 0.995038899
1317401439.498543978 373.978544133 -287.746625817 12.163424744 -0.031955530 0.017606565 0.094613420 0.994845291
1317401439.602438927 375.407383326 -287.451593157 12.119000229 -0.027622401 0.020338828 0.095179976 0.994868889
1317401439.706335068 376.318761452 -287.310867088 12.082411613 -0.024266554 0.022539954 0.096222798 0.994808654
1317401439.810276031 377.205236922 -287.119963660 12.068332354 -0.021362044 0.021056302 0.096044562 0.994924991
1317401439.914266109 378.248233629 -286.912152343 12.034013443 -0.022533724 0.017162302 0.095574429 0.995019203
1317401440.018256903 379.205643074 -286.716145746 12.008744855 -0.024810316 0.015082222 0.094709415 0.995081455
1317401440.122201204 380.145945537 -286.519502864 11.962934161 -0.024653533 0.015927603 0.093432841 0.995192855
1317401440.226144075 381.036339987 -286.341444030 11.944564142 -0.025489931 0.018157191 0.092270508 0.995242048
1317401440.330086946 382.110820538 -286.137512659 11.903825030 -0.023257475 0.019784695 0.091236029 0.995361061
1317401440.433981895 383.098545798 -285.931731779 11.891781416 -0.025314924 0.018409254 0.090344955 0.995418527
1317401440.537851095 384.104040682 -285.739078655 11.853977644 -0.026921115 0.017696249 0.090580183 0.995367935
1317401440.641746998 385.089289376 -285.560452814 11.816664464 -0.027203613 0.019092875 0.090299010 0.995359992
1317401440.745641947 386.091081181 -285.366713766 11.791842885 -0.027497365 0.020861637 0.090402970 0.995306983
1317401440.849514008 387.096484084 -285.186255955 11.766592847 -0.028050096 0.020903940 0.090008099 0.995326459
1317401440.953408957 388.078841456 -284.991134138 11.728419866 -0.027143185 0.019945121 0.089798898 0.995390174
1317401441.057303905 389.053856429 -284.820092631 11.708404942 -0.022060619 0.019463574 0.089372096 0.995563723
1317401441.161197901 390.031990499 -284.643999645 11.675796690 -0.022154448 0.017900870 0.089231123 0.995603609
1317401441.265091896 391.027272846 -284.435579486 11.652240912 -0.024105379 0.013399789 0.089339349 0.995619333
1317401441.368984938 392.043377037 -284.253000344 11.624904670 -0.026801202 0.009736484 0.089373700 0.995589895
1317401441.472929001 393.011530515 -284.047134147 11.597741639 -0.032135959 0.007727665 0.089130413 0.995471412
1317401441.576874018 393.964174709 -283.856117684 11.569141440 -0.038250396 0.007753658 0.088892588 0.995276291
1317401441.680767059 394.939279952 -283.654845147 11.565533830 -0.044838056 0.006151794 0.089636670 0.994945713
1317401441.784661055 395.911013224 -283.471469299 11.548230281 -0.046036016 0.005894120 0.090982729 0.994770369
1317401441.888556957 396.890508126 -283.278345824 11.537105086 -0.044989962 0.008151067 0.091791452 0.994727999
1317401441.992453098 397.885570301 -283.086958997 11.501660191 -0.041173170 0.013242431 0.092699498 0.994754347
1317401442.096365929 398.884138837 -282.893264601 11.500002537 -0.037342623 0.016693280 0.093147823 0.994811714
1317401442.200308084 399.877259574 -282.713389904 11.494126248 -0.034277844 0.014566019 0.093662611 0.994907119
1317401442.304279089 400.839294958 -282.517423261 11.475546148 -0.033045057 0.007968886 0.093918990 0.994999369
1317401442.408246040 401.857391236 -282.325497242 11.450990476 -0.033241737 0.003528438 0.093743462 0.995035025
1317401442.512212992 402.854332568 -282.132111213 11.430961646 -0.034870426 0.001220402 0.093344590 0.995022287
1317401442.616180897 403.868496515 -281.932344889 11.408049746 -0.034764647 0.003962227 0.092423239 0.995104851
1317401442.720150948 404.880150132 -281.746354600 11.398593190 -0.033676404 0.007076053 0.091738906 0.995188325
1317401442.824115992 405.909721054 -281.535499472 11.408540787 -0.032825501 0.008661538 0.090772027 0.995292873
1317401442.928056002 406.911888855 -281.340762870 11.389577576 -0.029677124 0.008326265 0.090915375 0.995381503
1317401443.031979084 407.925108535 -281.152370460 11.400849901 -0.030560353 0.006829912 0.091884093 0.995277213
1317401443.135899067 408.975400623 -280.953234805 11.368790373 -0.030682742 0.007187480 0.092576357 0.995206776
1317401443.239810705 410.005790540 -280.755616283 11.363294199 -0.030408069 0.009414132 0.093130855 0.995144898
1317401443.343728781 411.035721787 -280.556589317 11.348022430 -0.029932772 0.011493771 0.093714302 0.995082686
1317401443.447673082 412.053439572 -280.346417989 11.350511275 -0.027343389 0.011318577 0.094055321 0.995127040
1317401443.551615953 413.102137794 -280.153391746 11.315030036 -0.025933497 0.012000544 0.094239873 0.995139330
1317401443.655556917 414.130845322 -279.946348845 11.302239596 -0.023008644 0.011988784 0.093815073 0.995251528
1317401443.759500027 415.180790821 -279.744178589 11.306631808 -0.016672633 0.009761166 0.093714074 0.995411681
1317401443.863443851 416.230635982 -279.535417702 11.287778889 -0.016166600 0.005869773 0.093266461 0.995492619
1317401443.967410088 417.268721480 -279.334901754 11.266692325 -0.017849984 0.004059946 0.092557968 0.995539009
1317401444.071377993 418.304442683 -279.142539231 11.260324710 -0.018823073 0.006381166 0.091947281 0.995565503
1317401444.175322056 419.342327302 -278.929821611 11.257976070 -0.023987376 0.008233037 0.091428810 0.995488622
1317401444.279263973 420.373896090 -278.725427712 11.247656054 -0.022986886 0.009935447 0.090999958 0.995535985
1317401444.383207083 421.411718603 -278.519450576 11.235470319 -0.025793734 0.010296521 0.090862687 0.995476086
1317401444.487148046 422.445468792 -278.322596481 11.216559711 -0.029798468 0.011651925 0.090494875 0.995382822
1317401444.591089010 423.472706830 -278.111005314 11.195078956 -0.030972981 0.013412063 0.090656032 0.995310140
1317401444.694984913 424.482797047 -277.920462789 11.195505999 -0.034470728 0.013160256 0.091494716 0.995121748
1317401444.798880100 425.487503708 -277.721795578 11.171282740 -0.031965576 0.012330448 0.092129286 0.995157453
1317401444.902798891 426.502573797 -277.527335088 11.162289671 -0.032748725 0.010141909 0.093148977 0.995061772
1317401445.006716967 427.501508652 -277.319328074 11.136702113 -0.033453227 0.009185599 0.093472257 0.995017308
1317401445.110658884 428.511702643 -277.119084696 11.116764966 -0.034712006 0.008941522 0.093409649 0.994982293
1317401445.214626074 429.522241716 -276.911959283 11.098187950 -0.037368677 0.009764882 0.092353757 0.994976891
1317401445.318571091 430.521579358 -276.712794448 11.082902076 -0.039417585 0.011461251 0.091750645 0.994935532
1317401445.422489882 431.535141568 -276.516679376 11.077236765 -0.039365285 0.012368755 0.091374680 0.994961334
1317401445.526408911 432.525251842 -276.324761365 11.060754425 -0.039487324 0.011439622 0.091181120 0.994985372
1317401445.630328178 433.519010018 -276.130529812 11.044439406 -0.039623071 0.009728166 0.091233592 0.994993370
1317401445.734247923 434.490700120 -275.940919590 11.024377216 -0.040247162 0.008250023 0.091567333 0.994951017
1317401445.838165998 435.480274753 -275.744714045 11.011869924 -0.040164402 0.008682456 0.091646631 0.994943381
1317401445.942061901 436.448008848 -275.559063204 10.987226626 -0.040829927 0.011919672 0.091510093 0.994895342
1317401446.045932055 437.436716507 -275.380391290 10.966474715 -0.039944647 0.018327165 0.091313671 0.994851926
1317401446.149801016 438.395501418 -275.182453694 10.955884137 -0.038296113 0.022878995 0.092319285 0.994729666
1317401446.253673077 439.344378140 -275.004979723 10.942384868 -0.035367818 0.020628813 0.093343107 0.994791754
1317401446.357542992 440.328321729 -274.799734593 10.935307977 -0.032434158 0.012711112 0.094387591 0.994925844
1317401446.461437941 441.307610301 -274.608924532 10.887976380 -0.034169706 0.004286026 0.094432085 0.994935497
1317401446.565357924 442.262869401 -274.413722263 10.867800073 -0.036686564 0.000549656 0.094239237 0.994873238
1317401446.669251919 443.193465367 -274.222743329 10.832342898 -0.039579230 0.003485812 0.093678155 0.994809397
1317401446.773121119 444.160883357 -274.030508684 10.833440124 -0.039974517 0.009423794 0.092972215 0.994821289
1317401446.877019882 445.112906451 -273.830160647 10.834800099 -0.039894210 0.013507626 0.091791352 0.994887101
1317401446.980916023 446.072138800 -273.643864575 10.833443177 -0.041175682 0.013938522 0.091506748 0.994855163
1317401447.084784031 446.999247845 -273.471185005 10.799094736 -0.040529436 0.013791554 0.091388853 0.994894585
1317401447.188677073 447.941124685 -273.289321420 10.792753392 -0.038325967 0.013353864 0.091111488 0.995013312
1317401447.292573929 448.870854120 -273.104597937 10.776098230 -0.036919885 0.012009056 0.091065841 0.995087794
1317401447.396468878 449.799554080 -272.937043514 10.754434860 -0.037179279 0.010731119 0.090866675 0.995110944
1317401447.500385046 450.730073968 -272.758599336 10.739650656 -0.034629469 0.010678792 0.090686657 0.995219922
1317401447.604304075 451.643572327 -272.585108614 10.724950347 -0.032790012 0.012161145 0.090565359 0.995276262
1317401447.708222866 452.553120014 -272.407757018 10.709477556 -0.032279694 0.014296333 0.090289009 0.995289672
1317401447.812139988 453.471985729 -272.238086768 10.692701911 -0.030656222 0.016451512 0.089589174 0.995370948
1317401447.916081905 454.382040954 -272.070711564 10.682608607 -0.030515368 0.016061914 0.088908689 0.995442651
1317401448.020047903 455.291028964 -271.896172222 10.661513719 -0.030468070 0.014028949 0.088236826 0.995534604
1317401448.123990059 456.213925923 -271.722433347 10.655542973 -0.030705750 0.010622652 0.087373143 0.995645645
1317401448.227910995 457.108323391 -271.560458311 10.613961219 -0.030068512 0.007220283 0.087391477 0.995693970
1317401448.331784964 458.013111992 -271.390558688 10.617611421 -0.029275972 0.007592121 0.088821805 0.995588250
1317401448.435632944 458.905850463 -271.219143782 10.600626506 -0.030482054 0.012026314 0.090829013 0.995327234
1317401448.539526939 459.792422885 -271.051040641 10.579120355 -0.029715327 0.016054981 0.092295009 0.995158715
1317401448.643445015 460.674569277 -270.872151137 10.571457543 -0.029262920 0.018472712 0.093535102 0.995014384
1317401448.747386932 461.563069731 -270.699614306 10.550203330 -0.029855113 0.018678415 0.093826158 0.994965548
1317401448.851331949 462.451129538 -270.523996322 10.519430530 -0.031182127 0.018584417 0.093601342 0.994947779
1317401448.955275059 463.326594983 -270.353238123 10.499581687 -0.030627678 0.017453289 0.093702819 0.994975934
1317401449.059215069 464.224080787 -270.181412043 10.475313331 -0.029785623 0.017524677 0.093477824 0.995021406
1317401449.163156986 465.091828072 -270.005526292 10.443266430 -0.029653696 0.018069343 0.093612717 0.995002923
1317401449.267124891 465.967878176 -269.833994233 10.421210707 -0.030183339 0.017160635 0.093823761 0.994983206
1317401449.371068001 466.841387180 -269.656028691 10.407816980 -0.031896763 0.015074485 0.094316180 0.994916989
1317401449.475011110 467.706278231 -269.475257626 10.364558143 -0.033229843 0.013461939 0.094976087 0.994833703
1317401449.578970909 468.566528141 -269.307152783 10.341754250 -0.034188946 0.015961490 0.095064445 0.994755798
1317401449.682913065 469.434013780 -269.131726326 10.314109568 -0.034779791 0.018782914 0.094951133 0.994696864
1317401449.786861897 470.308435688 -268.952466620 10.301710111 -0.035246095 0.018850306 0.094829883 0.994690742
1317401449.890829086 471.179503416 -268.772648591 10.291233853 -0.035340265 0.015656622 0.094803983 0.994745264
1317401449.994796991 472.048952649 -268.602705414 10.258765796 -0.034671897 0.012326164 0.094865256 0.994809785
1317401450.098763943 472.908769282 -268.436889485 10.224990037 -0.035661426 0.010755978 0.094754970 0.994803532
1317401450.202730894 473.798859177 -268.253703616 10.196357868 -0.035709285 0.011348527 0.094207428 0.994847234
1317401450.306674004 474.694608587 -268.087586420 10.182140946 -0.036903574 0.013086210 0.093856914 0.994815439
1317401450.410590887 475.591219806 -267.908062914 10.160057216 -0.036265353 0.015125935 0.093671100 0.994827500
1317401450.514509916 476.493424593 -267.726033595 10.125406682 -0.035177836 0.016138780 0.093846316 0.994834121
1317401450.618452072 477.403691062 -267.552174898 10.128928429 -0.034524543 0.014222218 0.093942977 0.994877129
1317401450.722394943 478.299176456 -267.366835347 10.106036682 -0.032418178 0.011843725 0.094269064 0.994948306
1317401450.826338053 479.227198197 -267.196345351 10.072144541 -0.032130124 0.010756971 0.094304041 0.994966678
1317401450.930282354 480.110290377 -267.013787723 10.038496342 -0.030609048 0.012992100 0.094528677 0.994966643
1317401451.034224987 481.021994826 -266.835726945 10.032681776 -0.030069171 0.014898822 0.094784746 0.994932019
1317401451.138191223 481.909337194 -266.661687019 10.014923751 -0.029326139 0.016220520 0.094677416 0.994943747
1317401451.242156982 482.803063412 -266.483856620 9.998028164 -0.030424338 0.015342372 0.094192027 0.994970770
1317401451.346122980 483.697723137 -266.306385870 9.981690858 -0.030945872 0.014627237 0.093505809 0.995030181
1317401451.450088978 484.589699783 -266.126952079 9.966572548 -0.031749910 0.013521596 0.092952553 0.995072325
1317401451.554056883 485.474851892 -265.948733320 9.934226078 -0.032735298 0.012656660 0.092705275 0.995074842
1317401451.658000946 486.355148020 -265.782739356 9.910810473 -0.031219076 0.012755168 0.092559239 0.995135901
1317401451.761941910 487.224673951 -265.610457397 9.909938934 -0.031296154 0.012093669 0.092432982 0.995153474
1317401451.865907907 488.136256804 -265.436008787 9.894822756 -0.031679162 0.010805928 0.091772121 0.995217333
1317401451.969875097 488.995276738 -265.260824568 9.880310549 -0.032342062 0.010094108 0.091516068 0.995227064
1317401452.073848009 489.877996254 -265.088334663 9.838658039 -0.035139590 0.011888856 0.090822701 0.995175915
1317401452.177789927 490.743245239 -264.923960808 9.822544599 -0.037492157 0.015616729 0.090466957 0.995070945
1317401452.281752110 491.607726099 -264.752150471 9.806800295 -0.039060716 0.018059960 0.090353333 0.994979584
1317401452.385746956 492.498162557 -264.580129330 9.797501880 -0.040254201 0.017175186 0.090325547 0.994950204
1317401452.489711761 493.373001598 -264.417251716 9.763555103 -0.042680395 0.016273741 0.090443116 0.994853553
1317401452.593672037 494.234427414 -264.247441170 9.741308301 -0.041665455 0.015361791 0.090445199 0.994910886
1317401452.697639942 495.125251041 -264.080727451 9.717908474 -0.038299850 0.013691874 0.090220291 0.995090927
1317401452.801609993 495.986660834 -263.931531045 9.707401408 -0.037832308 0.011477867 0.090184158 0.995140087
1317401452.905601025 496.888749844 -263.765311796 9.679327444 -0.037238559 0.010763987 0.089708752 0.995213427
1317401453.009593010 497.773154176 -263.602642592 9.634008535 -0.036786599 0.013636270 0.089265765 0.995234857
1317401453.113560915 498.626990877 -263.435038923 9.632120517 -0.035270387 0.017063392 0.089093144 0.995252356
1317401453.217525959 499.495460875 -263.278370013 9.626098979 -0.033983426 0.019530484 0.088732692 0.995283978
1317401453.321511030 500.368454177 -263.107849734 9.589970439 -0.033772989 0.020775927 0.088306822 0.995303799
1317401453.425477982 501.212138509 -262.958955607 9.574741838 -0.035285890 0.020610424 0.087938294 0.995287382
1317401453.529423952 502.093088222 -262.791496157 9.541883521 -0.034407346 0.019732731 0.087570181 0.995368383
1317401453.633392096 502.936789574 -262.626342944 9.517330578 -0.028978443 0.017535751 0.087255379 0.995609987
1317401453.737359762 503.799893858 -262.474331857 9.495273920 -0.030866462 0.015111514 0.086934556 0.995621056
1317401453.841326952 504.642771473 -262.321789017 9.470305025 -0.029359184 0.013575955 0.086671858 0.995711665
1317401453.945295095 505.497516049 -262.162922624 9.439485141 -0.030768630 0.014141379 0.086436327 0.995681713
1317401454.049283981 506.345877556 -262.011229326 9.406428687 -0.033356525 0.015755805 0.085816028 0.995627795
1317401454.153254032 507.222890641 -261.841636586 9.406034140 -0.033933729 0.015967987 0.085553658 0.995627489
1317401454.257199049 508.030103146 -261.692811355 9.386230216 -0.035742875 0.014188816 0.085917030 0.995559837
1317401454.361160994 508.908082885 -261.535382338 9.366519536 -0.035423604 0.013328400 0.085828271 0.995590794
1317401454.465125084 509.741263594 -261.382373581 9.326673640 -0.033877898 0.015737489 0.085829673 0.995609304
1317401454.569092035 510.540940631 -261.236467797 9.314562254 -0.033283180 0.020583307 0.085799639 0.995543560
1317401454.673058987 511.375875133 -261.089168321 9.292873839 -0.032844114 0.024243572 0.085132555 0.995533004
1317401454.777025938 512.207687468 -260.945835488 9.283120695 -0.031705581 0.024656593 0.084550021 0.995609413
1317401454.881016016 513.024708116 -260.794844190 9.245414250 -0.030551289 0.020795671 0.083785736 0.995798227
1317401454.985008240 513.858362754 -260.644092615 9.234518650 -0.029665349 0.015200459 0.083129853 0.995981095
1317401455.088974953 514.670008846 -260.504546456 9.195891697 -0.030411082 0.010441132 0.082586723 0.996065049
1317401455.192941904 515.493934090 -260.353972101 9.173665183 -0.031314212 0.009040793 0.081650644 0.996127932
1317401455.296909094 516.309145354 -260.225569727 9.134431434 -0.034418774 0.012358813 0.081238294 0.996023568
1317401455.400875092 517.124597831 -260.070630081 9.120938815 -0.036115636 0.015885341 0.080947976 0.995937117
1317401455.504817009 517.959573298 -259.915834042 9.109563923 -0.037410387 0.016702282 0.081010588 0.995870866
1317401455.608758926 518.776090033 -259.781185319 9.103570506 -0.036946630 0.014401312 0.081363889 0.995895309
1317401455.712726116 519.612045539 -259.631482071 9.072575879 -0.036415348 0.012989306 0.081268746 0.995942062
1317401455.816668987 520.457443324 -259.489868953 9.036215266 -0.035714141 0.014705626 0.081159315 0.995952514
1317401455.920613050 521.290733582 -259.351556974 9.011144193 -0.035011368 0.016111378 0.081614722 0.995918503
1317401456.024532080 522.150889001 -259.201912551 9.002784571 -0.034461793 0.016605392 0.082516851 0.995855218
1317401456.128427982 522.990194190 -259.059212707 8.978905279 -0.032617999 0.016794187 0.083500668 0.995832144
1317401456.232346058 523.839750635 -258.913286506 8.942146618 -0.032041780 0.018032698 0.084421081 0.995751589
1317401456.336263895 524.705670806 -258.762875296 8.922785650 -0.033005000 0.019107382 0.084768314 0.995670584
1317401456.440182924 525.576689890 -258.601241196 8.903479859 -0.032943525 0.017625065 0.085221694 0.995661260
1317401456.544102907 526.447649262 -258.434453455 8.884675532 -0.031524344 0.013386072 0.086407030 0.995671057
1317401456.647973061 527.323074968 -258.281140803 8.846958983 -0.027965770 0.010977699 0.088122827 0.995656453
1317401456.751821041 528.214594416 -258.117382609 8.821053182 -0.024482527 0.010750290 0.090049403 0.995578295
1317401456.855667114 529.087653862 -257.958527279 8.799564411 -0.022444489 0.013342887 0.091964419 0.995419890
1317401456.959511995 529.999278275 -257.805480858 8.767247876 -0.023838146 0.017123171 0.093675775 0.995170030
1317401457.063381910 530.895601258 -257.616892631 8.742842289 -0.023153837 0.021524677 0.095459891 0.994931152
1317401457.167253017 531.781547890 -257.439795878 8.717272982 -0.023727312 0.022692123 0.096607438 0.994780923
1317401457.271148682 532.723764375 -257.253270840 8.709335908 -0.022871008 0.019002657 0.096994231 0.994840658
1317401457.375067949 533.622132394 -257.065858577 8.671724038 -0.024418047 0.012370326 0.097233501 0.994885109
1317401457.478986979 534.564986762 -256.879387366 8.643739553 -0.025740534 0.008276642 0.096910840 0.994925732
1317401457.582906961 535.457051728 -256.708250627 8.593559419 -0.028810981 0.009735963 0.096536597 0.994864726
1317401457.686825037 536.403711399 -256.517491988 8.586936465 -0.028482951 0.014815281 0.095299011 0.994930815
1317401457.790741920 537.305434939 -256.329431930 8.551439075 -0.028984125 0.019605874 0.094277191 0.994930822
1317401457.894637108 538.245403227 -256.143064859 8.556834058 -0.029170563 0.021593873 0.093584603 0.994949599
1317401457.998507977 539.159253631 -255.952406271 8.516835881 -0.025794359 0.022271316 0.093194989 0.995064487
1317401458.102379084 540.082280443 -255.767243559 8.514300476 -0.027940716 0.019611533 0.093406040 0.995042721
1317401458.206250906 540.981972735 -255.588903223 8.462547814 -0.028003728 0.018056001 0.093435471 0.995067628
1317401458.310120106 541.903590740 -255.406752202 8.436833142 -0.031172700 0.017873316 0.093494223 0.994971174
1317401458.414015055 542.801222749 -255.228097423 8.400401038 -0.032734501 0.020370906 0.092817287 0.994936395
1317401458.517935038 543.725096609 -255.048254285 8.370530974 -0.035941141 0.022242576 0.091980752 0.994863329
1317401458.621851921 544.631934614 -254.872477903 8.334850694 -0.037253577 0.022404889 0.091549789 0.994851159
1317401458.725771666 545.525647504 -254.680250281 8.305828391 -0.033878209 0.019983445 0.091455884 0.995032035
1317401458.829689741 546.427852035 -254.512573525 8.294780710 -0.029974003 0.015906842 0.090898590 0.995281858
1317401458.933609009 547.330428013 -254.328921786 8.267409779 -0.029571435 0.013093726 0.090858911 0.995338507
1317401459.037503958 548.214274250 -254.163244771 8.218120827 -0.030639213 0.014032229 0.090797679 0.995299009
1317401459.141400099 549.114158450 -254.000249303 8.195362063 -0.031747709 0.016953530 0.090919128 0.995207703
1317401459.245318890 549.966990463 -253.832712242 8.183126110 -0.025958507 0.020238921 0.090818348 0.995323349
1317401459.349236012 550.884227956 -253.663939408 8.169553323 -0.025264319 0.021040579 0.090693295 0.995335991
1317401459.453155041 551.774402594 -253.504160161 8.141239726 -0.025849644 0.021010983 0.090486754 0.995340385
1317401459.557074070 552.625729275 -253.344392405 8.118551327 -0.024530101 0.021321663 0.090434121 0.995371956
1317401459.660991907 553.553621909 -253.169652349 8.077602479 -0.018636873 0.023503083 0.090379326 0.995455599
1317401459.764935017 554.397768675 -253.011970990 8.043211002 -0.018577341 0.024592499 0.090285756 0.995438885
1317401459.868901968 555.285522039 -252.849594742 8.026903470 -0.017597130 0.025010206 0.090180899 0.995455793
1317401459.972868919 556.142246770 -252.683651860 7.994272459 -0.020959334 0.022929175 0.089973048 0.995459597
1317401460.076836109 556.989768283 -252.516033304 7.959979193 -0.021658520 0.020204017 0.089538737 0.995542827
1317401460.180804014 557.858211326 -252.351496815 7.926234388 -0.024601215 0.018833195 0.088980143 0.995551418
1317401460.284770012 558.732312381 -252.174787494 7.877133605 -0.025846086 0.020030638 0.088307392 0.995556406
1317401460.388712883 559.598999929 -252.015586575 7.857284076 -0.027796226 0.022001929 0.087831357 0.995504363
1317401460.492655039 560.438842119 -251.868092815 7.817746619 -0.030276007 0.024391813 0.087453275 0.995409628
1317401460.596613884 561.293294464 -251.713489873 7.804337262 -0.028443712 0.024612846 0.086894354 0.995507174
1317401460.700579882 562.165973353 -251.559768445 7.785110203 -0.026468940 0.023049934 0.086683809 0.995617403
1317401460.804532051 562.997234622 -251.400306589 7.737904396 -0.030617223 0.022101305 0.087030249 0.995489756
1317401460.908473969 563.847106385 -251.249845706 7.688194198 -0.032089929 0.023412205 0.087390436 0.995381845
1317401461.012415886 564.679148668 -251.089259798 7.649771120 -0.031971325 0.027204699 0.088063434 0.995229908
1317401461.116365910 565.515885895 -250.938260103 7.626880115 -0.030244386 0.029230091 0.088268455 0.995208299
1317401461.220305920 566.311787473 -250.793686151 7.608033284 -0.033291668 0.027358822 0.088545474 0.995139618
1317401461.324265957 567.087394817 -250.644236090 7.571711409 -0.036820180 0.024691313 0.088977374 0.995046552
1317401461.428256989 567.851713108 -250.491172964 7.522230557 -0.042636478 0.022245744 0.088834396 0.994884771
1317401461.532248020 568.615740559 -250.344035207 7.494679980 -0.041737322 0.021590318 0.087751249 0.995033453
1317401461.636287928 569.322086545 -250.218044645 7.463694584 -0.043543977 0.021561417 0.086200282 0.995092226
1317401461.740375042 570.051278464 -250.081437280 7.436061204 -0.044547428 0.022084978 0.084435034 0.995187673
1317401461.844461918 570.744797178 -249.957442199 7.400724469 -0.047692681 0.024804433 0.082460301 0.995143430
1317401461.948525906 571.413464195 -249.846773809 7.373200989 -0.048849876 0.027141514 0.080138242 0.995216002
1317401462.052635908 572.037915658 -249.726874158 7.369047865 -0.048083159 0.026780768 0.077118140 0.995501679
1317401462.156773090 572.681097470 -249.625308759 7.350517429 -0.044056590 0.023368455 0.073062664 0.996079705
1317401462.260883093 573.299274302 -249.526567714 7.334175790 -0.041086696 0.020801962 0.068969080 0.996555281
1317401462.365017891 573.898583920 -249.445219812 7.306194451 -0.038483435 0.019437433 0.063831408 0.997028968
1317401462.469151020 574.459349277 -249.372470507 7.276989585 -0.037959736 0.020279461 0.059282309 0.997313095
1317401462.573236942 574.998710419 -249.303348844 7.268045219 -0.035841938 0.022415132 0.054955746 0.997593496
1317401462.677323103 575.518890414 -249.237560048 7.252169042 -0.033122854 0.024411079 0.050785812 0.997861602
1317401462.781410933 576.060731875 -249.197184961 7.251997793 -0.030829004 0.024897671 0.046571840 0.998128620
1317401462.885497093 576.573389676 -249.133077946 7.233621918 -0.031237044 0.024340735 0.043028671 0.998288690
1317401462.989583969 577.075297282 -249.096363552 7.209872676 -0.030903081 0.023350649 0.039280052 0.998477253
1317401463.093599081 577.593020186 -249.058934872 7.183824490 -0.027388490 0.022143307 0.036160814 0.998725157
1317401463.197570086 578.093075543 -249.026909921 7.172322165 -0.022629340 0.019192289 0.034649419 0.998958952
1317401463.301513910 578.582593576 -248.984075671 7.172463129 -0.018635047 0.015764511 0.034399177 0.999110060
1317401463.405428886 579.053530074 -248.945018039 7.165017636 -0.019429491 0.013867147 0.034788842 0.999109570
1317401463.509323120 579.531932781 -248.902242955 7.144569805 -0.023180626 0.013460197 0.036420643 0.998976986
1317401463.613181114 579.977834765 -248.871066762 7.110970752 -0.024868418 0.013299890 0.039418984 0.998824719
1317401463.717004061 580.421230103 -248.838711875 7.093831431 -0.020408352 0.014696715 0.042909536 0.998762373
1317401463.820813894 580.839337805 -248.803369197 7.111722985 -0.015677062 0.017483670 0.047064995 0.998615761
1317401463.924613953 581.260122288 -248.757978330 7.112263560 -0.013424712 0.018936435 0.052073179 0.998373463
1317401464.028363943 581.668594620 -248.692084574 7.113792227 -0.014023822 0.019595723 0.058289488 0.998008855
1317401464.132113934 582.058154938 -248.648203027 7.114650079 -0.015851801 0.019604918 0.065520620 0.997532664
1317401464.235863924 582.437335300 -248.576648984 7.092873802 -0.018213463 0.019114554 0.073369875 0.996955247
1317401464.339590073 582.806009078 -248.507183704 7.071936100 -0.018587579 0.017800304 0.081819870 0.996314790
1317401464.443293095 583.175944698 -248.450916457 7.064258027 -0.016175226 0.015894496 0.091233182 0.995571310
1317401464.546972990 583.526448896 -248.376436142 7.053480284 -0.013196096 0.014802918 0.101322146 0.994656001
1317401464.650625944 583.886808650 -248.303865729 7.052973439 -0.012073567 0.015275324 0.112747463 0.993432888
1317401464.754257917 584.221551053 -248.212454063 7.030449007 -0.012317199 0.016224938 0.126265907 0.991787255
1317401464.857914925 584.544041757 -248.105009025 7.022966763 -0.011303954 0.017096531 0.140869093 0.989816058
1317401464.961591959 584.859103967 -247.999956138 7.023083392 -0.010754916 0.018076060 0.156900935 0.987390340
1317401465.065291882 585.169524034 -247.888143139 7.022631958 -0.012462573 0.018866585 0.173716497 0.984536091
1317401465.169020891 585.464097198 -247.775704585 7.008834716 -0.015378489 0.019079250 0.190985343 0.981286952
1317401465.272748947 585.737330676 -247.644429305 6.991388680 -0.015599365 0.020330900 0.207511723 0.977896824
1317401465.376499891 586.025843464 -247.503992527 6.980457633 -0.013465719 0.021633683 0.223558242 0.974357414
1317401465.480273962 586.297582746 -247.355852662 6.985241266 -0.010825643 0.023291414 0.239531816 0.970548724
1317401465.584049940 586.568347381 -247.230421384 6.982457576 -0.010914530 0.024530436 0.255731809 0.966374861
1317401465.687849045 586.841340411 -247.064167985 6.963352116 -0.012050264 0.025365552 0.271249773 0.962099236
1317401465.791624308 587.098543703 -246.889916950 6.944259327 -0.012975572 0.026225789 0.287324768 0.957386192
1317401465.895399094 587.362162658 -246.715620736 6.925806318 -0.013251657 0.027313705 0.303462866 0.952359514
1317401465.999171019 587.629302177 -246.515051739 6.913091418 -0.012595102 0.028736211 0.319285886 0.947138911
1317401466.102921963 587.886489933 -246.293537231 6.898589457 -0.011391790 0.030442221 0.336005756 0.941298906
1317401466.206697941 588.155463347 -246.071467429 6.883760001 -0.009788380 0.032055103 0.353028445 0.935012072
1317401466.310471058 588.425572539 -245.836369285 6.875182569 -0.009575271 0.033450945 0.370220071 0.928292221
1317401466.414246798 588.684277457 -245.581978143 6.854983003 -0.009882600 0.033920274 0.387046266 0.921383165
1317401466.518023968 588.945870642 -245.313618689 6.828543451 -0.009508818 0.033624389 0.404352767 0.913935349
1317401466.621774197 589.191298160 -245.022989474 6.798898028 -0.007727811 0.033417720 0.422083269 0.905907970
1317401466.725500107 589.445978940 -244.714442201 6.772390086 -0.005117073 0.033661265 0.440198968 0.897254481
1317401466.829251051 589.680093688 -244.385465065 6.752994328 -0.002420327 0.034344787 0.458755748 0.887895118
1317401466.933027029 589.914571036 -244.045262287 6.726725266 -0.000976527 0.035982611 0.477400355 0.877948290
1317401467.036801100 590.136344339 -243.660438418 6.707845036 -0.000267117 0.037869007 0.496122276 0.867426397
1317401467.140551090 590.342660952 -243.283881216 6.680089211 0.000737807 0.039508017 0.515034495 0.856258163
1317401467.244302034 590.549153434 -242.869817250 6.655651654 0.002304304 0.040862482 0.534681117 0.844062232
1317401467.348052025 590.731666485 -242.463239801 6.637867235 0.003932393 0.042059331 0.554306211 0.831240141
1317401467.451778889 590.909469441 -242.012831670 6.611233816 0.005706320 0.043731918 0.574199553 0.817526654
1317401467.555505991 591.074966202 -241.555609362 6.586361981 0.008230133 0.045003453 0.594428590 0.802845941
1317401467.659256935 591.212907942 -241.106913701 6.562041256 0.010837633 0.046077130 0.614914265 0.787172084
1317401467.763031960 591.295691406 -240.627777687 6.534035143 0.012501013 0.046367670 0.634572831 0.771369617
1317401467.866830111 591.397383217 -240.125892104 6.503407289 0.013361422 0.046561292 0.654029732 0.754916305
1317401467.970702887 591.490040350 -239.574928990 6.477495756 0.013526066 0.046452340 0.672539468 0.738478090
1317401468.074620962 591.537193963 -239.002043220 6.453641395 0.013605097 0.046101403 0.689651767 0.722544118
1317401468.178560972 591.588066409 -238.415784704 6.423304356 0.014773444 0.046758451 0.705594432 0.706917173
1317401468.282576084 591.604682594 -237.801076126 6.399227082 0.015162977 0.046490065 0.719808957 0.692447705
1317401468.386663914 591.601859784 -237.149324190 6.372572926 0.014897588 0.045208776 0.732136426 0.679492812
1317401468.490823030 591.564079512 -236.500984323 6.343566572 0.014401080 0.043536800 0.742349289 0.668441986
1317401468.595056057 591.514963375 -235.799509193 6.318554495 0.014119513 0.041911003 0.750562269 0.659318123
1317401468.699335098 591.439646855 -235.109712099 6.294011733 0.013393338 0.040587565 0.757180663 0.651805732
1317401468.803637028 591.340468382 -234.380171784 6.266625417 0.012856723 0.039597515 0.761939205 0.646309051
1317401468.907962084 591.226298191 -233.627174691 6.243023594 0.011708505 0.038436241 0.764825857 0.642982873
1317401469.012336016 591.107739032 -232.853858385 6.219119550 0.010847457 0.037660813 0.766285945 0.641303240
1317401469.116710901 590.944194521 -232.016320346 6.192932263 0.010216133 0.036928451 0.766420372 0.641195550
1317401469.221038103 590.786934925 -231.171246870 6.165998010 0.009426687 0.036526755 0.766007788 0.641723463
1317401469.325341940 590.627147662 -230.291312016 6.133576678 0.009639235 0.036612944 0.765476024 0.642349620
1317401469.429596901 590.459366118 -229.396624829 6.113104220 0.011041534 0.036691824 0.764884383 0.643026963
1317401469.533802986 590.307638393 -228.544835407 6.092753038 0.013483636 0.035851388 0.764363673 0.643646677
1317401469.638009071 590.154134353 -227.642784433 6.070215647 0.014387333 0.033376539 0.763928420 0.644276633
1317401469.742166996 589.967763475 -226.720579119 6.036124876 0.014521285 0.032976946 0.763534084 0.644761472
1317401469.846302032 589.809579041 -225.800259313 6.012566637 0.013715919 0.033840180 0.762997418 0.645369395
1317401469.950436115 589.643670443 -224.817568570 5.992115384 0.012974925 0.035056131 0.762569450 0.645825482
1317401470.054522991 589.469412333 -223.778278389 5.971521578 0.012952879 0.035463686 0.762328885 0.646087627
1317401470.158561945 589.285296695 -222.780645304 5.949515730 0.013425780 0.035338130 0.762470048 0.645918254
1317401470.262602091 589.101023485 -221.724469632 5.924107955 0.013732551 0.035520464 0.762831048 0.645475411
1317401470.366617918 588.914281702 -220.673468599 5.894924983 0.013667647 0.036280184 0.763157086 0.645048995
1317401470.470609903 588.725188225 -219.588770471 5.869410524 0.012771192 0.036439567 0.763698824 0.644416915
1317401470.574600935 588.514444245 -218.480232673 5.844923270 0.012582628 0.037392157 0.764064735 0.643932127
1317401470.678566933 588.318494054 -217.378089424 5.817012157 0.011990840 0.037784062 0.764923180 0.642900547
1317401470.782532215 588.115515690 -216.244849201 5.791278519 0.011755702 0.037675334 0.765482233 0.642245532
1317401470.886497021 587.907566567 -215.095956105 5.758559089 0.011534960 0.037764631 0.765827543 0.641832495
1317401470.990466118 587.694774725 -213.924621750 5.722177497 0.010778387 0.036640657 0.766162213 0.641511303
1317401471.094433069 587.482615829 -212.745128690 5.698586901 0.010867328 0.036181369 0.766231807 0.641452747
1317401471.198373079 587.253056903 -211.566881214 5.662576153 0.010221154 0.035645398 0.766472568 0.641205689
1317401471.302318096 587.030548590 -210.350211348 5.638190944 0.010113049 0.036398984 0.766625405 0.640982316
1317401471.406260967 586.795639867 -209.095225805 5.600790911 0.010014320 0.037339541 0.767059796 0.640409823
1317401471.510179043 586.570454610 -207.873541151 5.575849460 0.009648828 0.038426882 0.767578699 0.639729018
1317401471.614098072 586.336983615 -206.652546382 5.550585021 0.009035947 0.039874804 0.768225308 0.638872622
1317401471.718017101 586.106804990 -205.433770205 5.515862391 0.007397217 0.041486686 0.768933355 0.637938580
1317401471.821934938 585.876884738 -204.197200945 5.485847526 0.005747316 0.042296405 0.769520029 0.637194560
1317401471.925854921 585.643343234 -202.994033098 5.456737808 0.004603980 0.042515734 0.769774607 0.636881677
1317401472.029772997 585.393088066 -201.749832668 5.411450251 0.003915753 0.041967392 0.769763487 0.636936087
1317401472.133691788 585.161663160 -200.557038339 5.372392678 0.003926233 0.041366645 0.769483978 0.637312947
1317401472.237587929 584.927346044 -199.359523432 5.329974612 0.004092622 0.040898669 0.769259070 0.637613545
1317401472.341456890 584.679208250 -198.120238006 5.285666305 0.004145137 0.041430591 0.769158221 0.637700522
1317401472.445327759 584.441601858 -196.911055362 5.250206188 0.004094874 0.042250370 0.769337645 0.637430566
1317401472.549175978 584.207654401 -195.705682580 5.207495154 0.004162956 0.042507000 0.769589000 0.637109564
1317401472.652997971 583.963710343 -194.465379195 5.167677851 0.004033400 0.042026051 0.769944073 0.636713174
1317401472.756843090 583.729527551 -193.267840733 5.126418426 0.004303163 0.042362634 0.770075926 0.636529621
1317401472.860690832 583.498855645 -192.098738308 5.087717427 0.004094284 0.041955367 0.770324490 0.636257152
1317401472.964490891 583.267968620 -190.932395176 5.047261932 0.004373906 0.042276845 0.770368096 0.636181211
1317401473.068288088 583.032143351 -189.748666692 5.003863555 0.004553022 0.042628642 0.770375191 0.636147887
1317401473.172085047 582.790337321 -188.531086147 4.964643677 0.004337635 0.042788243 0.770368288 0.636147036
1317401473.275886059 582.544770473 -187.303173931 4.920102085 0.004062572 0.044055314 0.770109375 0.636375813
1317401473.379708052 582.323948994 -186.177219059 4.878886198 0.003502241 0.042822144 0.770053337 0.636531112
1317401473.483505964 582.078024210 -184.939975309 4.840790325 0.004915568 0.042034765 0.769806494 0.636872732
1317401473.587306023 581.843279012 -183.766007707 4.796788225 0.004272331 0.040637740 0.769723939 0.637067798
1317401473.691129923 581.623864833 -182.662901019 4.752118715 0.003056573 0.041097942 0.769509037 0.637304840
1317401473.794930935 581.389209487 -181.460960207 4.710163865 0.002438412 0.042193438 0.769402825 0.637364150
1317401473.898705006 581.153883457 -180.236186239 4.675258076 0.004311832 0.041943565 0.769276260 0.637523475
1317401474.002501965 580.924539834 -179.050111092 4.644108366 0.006144228 0.040299615 0.769204396 0.637701174
1317401474.106300116 580.688829890 -177.862198602 4.594899831 0.006776555 0.039638183 0.769087332 0.637877393
1317401474.210100889 580.463746890 -176.703677528 4.558799322 0.006252594 0.039839544 0.768995743 0.637980614
1317401474.313924074 580.234907805 -175.508216766 4.526137859 0.005985350 0.040515140 0.768890831 0.638067072
1317401474.417722225 580.012180350 -174.359950353 4.501508451 0.005576582 0.040493519 0.768855171 0.638115117
1317401474.521495104 579.787704144 -173.189666753 4.465851274 0.005491712 0.040513507 0.768786000 0.638197918
1317401474.625267982 579.554846817 -172.003748998 4.426733133 0.004749468 0.040411341 0.768763540 0.638237405
1317401474.729018927 579.329521787 -170.851867396 4.393438636 0.004686218 0.040952995 0.768694992 0.638285908
1317401474.832771063 579.108466914 -169.702718482 4.361256333 0.004591714 0.040943110 0.768735861 0.638238007
1317401474.936523914 578.886357150 -168.548311376 4.322740734 0.004637817 0.040876780 0.768777540 0.638191722
1317401475.040272951 578.663519412 -167.411675278 4.288464579 0.004813645 0.041079319 0.768863951 0.638073306
1317401475.144027948 578.443837958 -166.257917611 4.250793712 0.004956905 0.041175051 0.768920395 0.637998018
1317401475.247756958 578.216312246 -165.116414355 4.217068260 0.005161775 0.041238260 0.769171767 0.637689231
1317401475.351476908 577.994609079 -163.984712668 4.180496978 0.005356361 0.041138144 0.769498912 0.637299291
1317401475.455178976 577.770567010 -162.851902456 4.147435847 0.005620633 0.041695617 0.769947334 0.636718923
1317401475.558881044 577.541243110 -161.712565520 4.106701790 0.004956098 0.042579710 0.770644971 0.635821307
1317401475.662585974 577.314569972 -160.589764101 4.072659820 0.003248113 0.044559586 0.771491185 0.634669398
1317401475.766288042 577.078483478 -159.425059805 4.030428952 0.002150275 0.046349852 0.772574390 0.633226563
1317401475.869988918 576.851824898 -158.339909545 3.991138143 0.001981441 0.047074455 0.774069449 0.631345039
1317401475.973691940 576.621793057 -157.233311827 3.945179781 0.001578556 0.046250640 0.775835127 0.629236237
1317401476.077394962 576.368238079 -156.108704779 3.897041420 0.001811493 0.045024185 0.778033085 0.626605187
1317401476.181097984 576.112640060 -155.003931354 3.856430486 0.002143528 0.043597720 0.780220576 0.623979565
1317401476.284800053 575.859483684 -153.906845447 3.810552987 0.002121445 0.042575005 0.782504730 0.621183721
1317401476.388504028 575.580620581 -152.799188042 3.763598081 0.001808983 0.042569002 0.785016003 0.618008482
1317401476.492208242 575.313980088 -151.708541840 3.723408101 0.001438508 0.043112734 0.787754438 0.614477150
1317401476.595911026 575.033357702 -150.633748713 3.691069855 0.001553083 0.043467307 0.790464909 0.610961054
1317401476.699635983 574.749005473 -149.563002930 3.652415422 0.001894895 0.043101226 0.792950933 0.607756128
1317401476.803385973 574.451106601 -148.469456769 3.613537927 0.001105246 0.041788968 0.795234960 0.604858512
1317401476.907186031 574.153737509 -147.401720647 3.569833731 -0.000806500 0.040644015 0.796956926 0.602666634
1317401477.011032104 573.843279632 -146.328774319 3.527788580 -0.001129558 0.039133187 0.798056816 0.601309103
1317401477.114928961 573.534756651 -145.277203357 3.501027067 0.001766125 0.036324700 0.798935715 0.600315851
1317401477.218823910 573.218610234 -144.228370625 3.471951093 0.004924172 0.032517366 0.799801591 0.599362819
1317401477.322715998 572.905000207 -143.192290026 3.433914348 0.008392100 0.030936262 0.800448005 0.598544495
1317401477.426635027 572.596367770 -142.145163736 3.412463691 0.008282328 0.031172798 0.801077392 0.597691118
1317401477.530529976 572.285201750 -141.106253844 3.384537017 0.005611814 0.033007172 0.801457289 0.597114099
1317401477.634427071 571.969160521 -140.073085443 3.391718299 0.003444404 0.033931953 0.801875878 0.596516416
1317401477.738347054 571.666822301 -139.051497363 3.370123617 0.003847967 0.032594293 0.801907577 0.596545927
1317401477.842264175 571.345606174 -138.027327470 3.343413843 0.003982436 0.030629191 0.801633980 0.597016712
1317401477.946206093 571.056220792 -137.012171103 3.306233922 0.002656130 0.030914000 0.800884392 0.598014599
1317401478.050198078 570.747476242 -135.978849958 3.295049247 -0.000539832 0.033418499 0.799497446 0.599738898
1317401478.154189110 570.461021265 -134.956464981 3.255889902 -0.006285739 0.035180135 0.797767749 0.601904865
1317401478.258177996 570.160554623 -133.931746538 3.233575557 -0.008476329 0.036900408 0.795439608 0.604849024
1317401478.362190962 569.866844594 -132.908262902 3.206870648 -0.009209996 0.035248926 0.793026554 0.608096681
1317401478.466181040 569.571871264 -131.877664913 3.151120453 -0.010681543 0.032478807 0.790442618 0.611581147
1317401478.570147991 569.287554611 -130.854409317 3.091404962 -0.012538560 0.030319478 0.788083924 0.614692803
1317401478.674113989 569.016014193 -129.821780948 3.052199385 -0.013742525 0.029011266 0.785665275 0.617818391
1317401478.778081894 568.749322521 -128.772969270 3.002254352 -0.015274208 0.027111756 0.783242389 0.620937204
1317401478.882050037 568.493032707 -127.714112020 2.949439526 -0.017043691 0.025686081 0.780757388 0.624073424
1317401478.986017942 568.244668679 -126.661719873 2.896297271 -0.018559004 0.023644828 0.778357841 0.627100914
1317401479.089984655 567.993022232 -125.599149265 2.839545325 -0.019094012 0.021868235 0.776005576 0.630057573
1317401479.193974972 567.761580043 -124.532228156 2.785287061 -0.018661539 0.019943551 0.773719791 0.632938928
1317401479.297967911 567.527299151 -123.449035311 2.738530607 -0.017247786 0.018710112 0.771412742 0.635826098
1317401479.401910067 567.313671485 -122.364099893 2.687705931 -0.016829352 0.018002899 0.769353044 0.638348308
1317401479.505827188 567.090578149 -121.264644372 2.636934244 -0.016959497 0.019909455 0.767727887 0.640242048
1317401479.609721899 566.872368216 -120.156177027 2.599253064 -0.017188820 0.022483245 0.766732818 0.641342213
1317401479.713568926 566.663339458 -119.065540028 2.552508562 -0.017002011 0.023724117 0.766531069 0.641543621
1317401479.817415953 566.463935386 -117.963304116 2.501001756 -0.016981917 0.022992718 0.766392680 0.641736090
1317401479.921262026 566.251252636 -116.851087366 2.447830897 -0.016618797 0.022351643 0.766369417 0.641796024
1317401480.025110960 566.045071777 -115.727685126 2.392807840 -0.016613243 0.021986369 0.766227276 0.641978474
1317401480.128982067 565.840450515 -114.613414962 2.344142811 -0.016286742 0.022054427 0.766278320 0.641923579
1317401480.232826948 565.631452700 -113.492238928 2.293621101 -0.015963021 0.022657669 0.766463200 0.641689937
1317401480.336648941 565.422106462 -112.357684927 2.244204623 -0.016031689 0.023049423 0.766716935 0.641371071
1317401480.440496922 565.206816258 -111.225023278 2.191681743 -0.016165097 0.023729541 0.766899380 0.641124746
1317401480.544343948 564.997218294 -110.086292598 2.144045105 -0.016184092 0.024251332 0.767402964 0.640501865
1317401480.648164749 564.782083609 -108.941813569 2.095107471 -0.016358682 0.024525444 0.767606493 0.640243054
1317401480.751987934 564.569937538 -107.811602420 2.046891851 -0.016370877 0.024824693 0.768044607 0.639705566
1317401480.855838060 564.351161505 -106.670063855 1.991410182 -0.016656771 0.025096316 0.768449190 0.639201509
1317401480.959685087 564.135432908 -105.556677113 1.947862225 -0.016176093 0.026174916 0.768735510 0.638826208
1317401481.063504934 563.916543321 -104.426226424 1.897606095 -0.016472398 0.026157038 0.769088747 0.638394055
1317401481.167352915 563.691232976 -103.293714819 1.839003294 -0.016734514 0.026420658 0.769405001 0.637995179
1317401481.271199942 563.476265044 -102.174825030 1.791324801 -0.018071832 0.025124700 0.769669217 0.637692289
1317401481.375045061 563.251475239 -101.034681141 1.742048401 -0.017066571 0.024773192 0.769666286 0.637737273
1317401481.478915930 563.032163977 -99.929521348 1.696781005 -0.016537756 0.023187691 0.769532955 0.637971681
1317401481.582787991 562.811968318 -98.825744981 1.639484075 -0.015842421 0.023303018 0.769553256 0.637960636
1317401481.686657906 562.595599410 -97.679977325 1.590120713 -0.016968529 0.023372600 0.769387844 0.638128620
1317401481.790529013 562.374976792 -96.578964978 1.545675666 -0.016801211 0.024781945 0.769242591 0.638254973
1317401481.894398928 562.158119396 -95.477487571 1.504824700 -0.016933777 0.024429912 0.769205716 0.638309481
1317401481.998267889 561.942577925 -94.384048374 1.448375880 -0.016918218 0.024606964 0.769154929 0.638364290
1317401482.102140903 561.730528931 -93.300592068 1.401999022 -0.017502991 0.025081245 0.769166709 0.638315871
1317401482.206037045 561.515595477 -92.188837817 1.359528111 -0.017320874 0.025378577 0.769056953 0.638441320
1317401482.309931040 561.303998020 -91.112869188 1.307569102 -0.016685610 0.025117309 0.769086666 0.638432777
1317401482.413800955 561.093176844 -90.014883902 1.255044925 -0.017013320 0.024524088 0.768981842 0.638573443
1317401482.517671824 560.877417478 -88.940140208 1.212179845 -0.016952030 0.025405186 0.768973472 0.638550706
1317401482.621542931 560.664922064 -87.861517659 1.164086010 -0.017176214 0.026106798 0.768909257 0.638593742
1317401482.725413084 560.462234796 -86.784193349 1.117703234 -0.017380087 0.025957445 0.768898230 0.638607591
1317401482.829282999 560.247255522 -85.702461627 1.072059346 -0.017205765 0.025868687 0.768828434 0.638699939
1317401482.933155060 560.042627410 -84.663992388 1.023341676 -0.017225949 0.025671211 0.768718984 0.638839087
1317401483.037050009 559.833475319 -83.606071084 0.972457653 -0.017112717 0.025538127 0.768515976 0.639091663
1317401483.140945911 559.627265537 -82.549331114 0.927501909 -0.016821184 0.024676842 0.768175068 0.639542936
1317401483.244839907 559.428013023 -81.489681760 0.880518685 -0.016570978 0.023916637 0.767833159 0.639988779
1317401483.348758936 559.224253666 -80.453087901 0.834594433 -0.016543523 0.023803445 0.767458690 0.640442712
1317401483.452653170 559.012564667 -79.326293755 0.787384710 -0.016421681 0.025341895 0.767275703 0.640606051
1317401483.556545973 558.820241541 -78.335205622 0.736658619 -0.018943746 0.025876906 0.767073340 0.640757373
1317401483.660464048 558.623265352 -77.266082939 0.687337541 -0.019970665 0.027064755 0.767025365 0.640734548
1317401483.764384031 558.426902668 -76.227749817 0.637646404 -0.020179055 0.027531551 0.767045899 0.640683547
1317401483.868279696 558.230410716 -75.198574554 0.588700100 -0.019763162 0.026630060 0.767064270 0.640712621
1317401483.972173929 558.034852443 -74.157186204 0.530228355 -0.019662803 0.025728588 0.767213594 0.640573739
1317401484.076069117 557.831599567 -73.076492250 0.466124045 -0.020748180 0.024452844 0.767258032 0.640536247
1317401484.179939985 557.640274566 -72.082336424 0.422749906 -0.019930831 0.025712823 0.767320632 0.640437866
1317401484.283834934 557.436009005 -71.031965224 0.369958208 -0.019540463 0.025091721 0.767402808 0.640376066
1317401484.387729883 557.237278648 -69.998204251 0.319008814 -0.019618768 0.025164547 0.767415147 0.640356027
1317401484.491624117 557.048263999 -68.980022203 0.261302774 -0.020229065 0.025333675 0.767440161 0.640300390
1317401484.595566034 556.854423318 -67.954429851 0.211060100 -0.020320389 0.025600109 0.767453607 0.640270785
1317401484.699510098 556.661717930 -66.934997657 0.166170918 -0.019595449 0.025728909 0.767333397 0.640432276
1317401484.803430080 556.467819451 -65.899056533 0.109785373 -0.019842733 0.025463459 0.767165413 0.640636486
1317401484.907372952 556.272587662 -64.895773601 0.063825424 -0.019716735 0.026489103 0.766713725 0.641139331
1317401485.011338949 556.073126643 -63.854583561 0.011255531 -0.020275918 0.026805855 0.766333359 0.641563337
1317401485.115304947 555.895255247 -62.862667883 -0.041763501 -0.020724530 0.026853780 0.765836830 0.642139640
1317401485.219247103 555.707986103 -61.862203269 -0.087078737 -0.020588223 0.026553503 0.765439475 0.642630101
1317401485.323191881 555.514452612 -60.843058212 -0.140063331 -0.019961774 0.026555434 0.765090810 0.643064841
1317401485.427134037 555.336466553 -59.834071883 -0.201605828 -0.020349823 0.025887815 0.764740804 0.643496083
1317401485.531053066 555.157157477 -58.859814243 -0.250093901 -0.020832208 0.026291898 0.764504701 0.643744761
1317401485.634994984 554.982359962 -57.874237522 -0.298619308 -0.021493703 0.026569885 0.764425619 0.643805510
1317401485.738936901 554.792570320 -56.867191486 -0.351308459 -0.021521034 0.026222565 0.764544768 0.643677341
1317401485.842856884 554.621071337 -55.917783487 -0.392936523 -0.020836608 0.025988070 0.764682550 0.643545689
1317401485.946774960 554.448364835 -54.954787119 -0.438507405 -0.019841593 0.025239482 0.764861013 0.643394832
1317401486.050693035 554.265459488 -54.020390203 -0.493301610 -0.019531952 0.025408324 0.765052628 0.643169804
1317401486.154611111 554.112859393 -53.106874245 -0.534379288 -0.019763692 0.026453512 0.765231484 0.642907757
1317401486.258506060 553.945255321 -52.196595341 -0.581369116 -0.020407515 0.026891007 0.765373308 0.642700635
1317401486.362402916 553.779844062 -51.308377309 -0.610565338 -0.019623253 0.027513908 0.765573134 0.642460652
1317401486.466346025 553.611997994 -50.437608937 -0.652681026 -0.018306783 0.026799493 0.765845024 0.642205612
1317401486.570264101 553.454903776 -49.594523564 -0.704816278 -0.018393432 0.025995831 0.766083155 0.641952099
1317401486.674160242 553.297768220 -48.729053451 -0.747469281 -0.018773344 0.026210855 0.765986889 0.642047224
1317401486.778100967 553.135138360 -47.892292193 -0.784953531 -0.019066887 0.026147489 0.765993501 0.642033270
1317401486.882041931 552.987371337 -47.062036913 -0.819390079 -0.018932853 0.025821800 0.765866220 0.642202239
1317401486.985985041 552.835849351 -46.259461894 -0.856756383 -0.018921692 0.025090680 0.765785322 0.642328006
1317401487.089951992 552.690896828 -45.456027236 -0.893815410 -0.019150454 0.025273791 0.765591681 0.642544842
1317401487.193895817 552.549423424 -44.672037337 -0.933218778 -0.019794581 0.025146632 0.765288371 0.642891539
1317401487.297863007 552.411186193 -43.901685382 -0.964191843 -0.020060513 0.025167710 0.764764522 0.643505547
1317401487.401851892 552.265074757 -43.155276633 -1.000053986 -0.020846038 0.024184302 0.763847747 0.644606222
1317401487.505867958 552.132652417 -42.408100406 -1.031700119 -0.021092673 0.023447489 0.762257176 0.646505462
1317401487.609930992 552.014847654 -41.696947528 -1.069792110 -0.021845024 0.022710614 0.760281021 0.648829555
1317401487.713993073 551.887717153 -40.986033240 -1.106358731 -0.022664018 0.023017761 0.757634676 0.651878994
1317401487.818081141 551.783215913 -40.305615959 -1.137796150 -0.022973814 0.023358304 0.754784501 0.655154142
1317401487.922168016 551.686304766 -39.632292074 -1.162454867 -0.022897223 0.023694661 0.751719311 0.658659516
1317401488.026256084 551.592751308 -38.983473073 -1.190916357 -0.022833444 0.023279744 0.748160770 0.662715738
1317401488.130342007 551.510347928 -38.356970897 -1.219216078 -0.021904663 0.022323786 0.744716238 0.666648002
1317401488.234405041 551.430223889 -37.714795326 -1.256567436 -0.021289169 0.021542701 0.740970429 0.670854311
1317401488.338466883 551.372791397 -37.099825664 -1.281858947 -0.021182636 0.021758848 0.736945391 0.675269827
1317401488.442504883 551.308996978 -36.496753587 -1.306514344 -0.020724991 0.022470195 0.732771650 0.679787668
1317401488.546518087 551.266363384 -35.891764419 -1.335459463 -0.019909177 0.023121685 0.728966877 0.683868632
1317401488.650507927 551.218790355 -35.310809957 -1.358268298 -0.018470818 0.024148782 0.725089108 0.687983613
1317401488.754476070 551.186428390 -34.725136556 -1.384967539 -0.017643030 0.025113357 0.721693606 0.691531909
1317401488.858418941 551.164303910 -34.148261279 -1.409174647 -0.016593887 0.026377927 0.718444290 0.694886070
1317401488.962312937 551.143785986 -33.578240426 -1.436344086 -0.015190652 0.027815333 0.715570183 0.697821513
1317401489.066205978 551.132334092 -33.034641801 -1.459894231 -0.013847579 0.030013016 0.713068665 0.700314603
1317401489.170125961 551.126254614 -32.467043559 -1.483161194 -0.012967846 0.031725428 0.710713780 0.702645896
1317401489.274023056 551.120921508 -31.920500157 -1.506806613 -0.012092603 0.033007786 0.708379919 0.704955420
1317401489.377918005 551.111416656 -31.371278248 -1.532258659 -0.011296664 0.034627825 0.706233849 0.707041052
1317401489.481836081 551.108983300 -30.840985732 -1.555455902 -0.010465768 0.036492772 0.704026988 0.709157771
1317401489.585777044 551.120937704 -30.307740979 -1.582478625 -0.009408476 0.037733176 0.701786791 0.711324812
1317401489.689718962 551.122335446 -29.788983304 -1.602953966 -0.008338173 0.038747723 0.699366731 0.713663271
1317401489.793663025 551.134733930 -29.273458679 -1.633993406 -0.007921051 0.039372214 0.696654342 0.716281937
1317401489.897629023 551.144463317 -28.774897566 -1.657427626 -0.006903951 0.040510165 0.693773857 0.719019539
1317401490.001596928 551.160219093 -28.262140323 -1.681930862 -0.006082727 0.041453987 0.690748935 0.721879821
1317401490.105591059 551.181010419 -27.794131585 -1.708403353 -0.005534187 0.042173869 0.687713283 0.724735247
1317401490.209606886 551.210802323 -27.323256356 -1.727434589 -0.005279432 0.043053625 0.684408592 0.727807249
1317401490.313617945 551.235218565 -26.855851064 -1.755917799 -0.005674897 0.043783541 0.680585875 0.731336902
1317401490.417632103 551.274614898 -26.405694472 -1.783841351 -0.005150454 0.044756265 0.676460821 0.735099386
1317401490.521670103 551.296284899 -25.974375393 -1.802503066 -0.003970493 0.045337038 0.671997390 0.739153770
1317401490.625734091 551.339773993 -25.558666974 -1.821445743 -0.002732461 0.045485490 0.666927556 0.743727933
1317401490.729798079 551.366480936 -25.154421925 -1.838198847 -0.002598460 0.044580654 0.661364531 0.748734112
1317401490.833884001 551.420488390 -24.767200000 -1.867196117 -0.002984622 0.043408920 0.655329785 0.754088609
1317401490.937994003 551.467382750 -24.384705903 -1.889495238 -0.002728271 0.041901764 0.648613893 0.759958431
1317401491.042104006 551.516839665 -24.009176395 -1.916764129 -0.002180048 0.040366462 0.641142639 0.766356257
1317401491.146239996 551.586530438 -23.637736911 -1.935965508 -0.001751601 0.039620241 0.632848089 0.773259636
1317401491.250421047 551.670469221 -23.270014159 -1.957157310 -0.002267855 0.039644968 0.623471240 0.780837209
1317401491.354626894 551.732037888 -22.926739966 -1.973961510 -0.003481061 0.040593086 0.613088835 0.788962714
1317401491.458811045 551.821136837 -22.638688433 -1.992487214 -0.003692651 0.042059216 0.602771308 0.796796170
1317401491.562947989 551.892773956 -22.362108413 -2.004187943 -0.002504253 0.043267847 0.592545678 0.804370090
1317401491.667033911 551.959684210 -22.135492531 -2.007248981 -0.002098612 0.043941846 0.583160611 0.811164849
1317401491.771073103 552.024600646 -21.945660639 -2.028529266 -0.003022720 0.042936563 0.574879565 0.817105135
1317401491.875065088 552.077899994 -21.790722279 -2.035560604 -0.003078335 0.041995019 0.567889346 0.822027149
1317401491.979007959 552.127331787 -21.676765842 -2.050770202 -0.002437424 0.042184104 0.562408156 0.825779406
1317401492.082878113 552.159765965 -21.598763329 -2.048660587 -0.001354359 0.043373224 0.558470908 0.828388299
1317401492.186674833 552.174632851 -21.546721063 -2.051486303 -0.000825230 0.043436363 0.556358841 0.829805665
1317401492.290448904 552.181064173 -21.537845501 -2.045056861 -0.000608491 0.043287400 0.555865210 0.830144385
1317401492.394248962 552.163187762 -21.558561350 -2.047147643 -0.001470760 0.041518360 0.556093053 0.830081068
1317401492.498096943 552.174097914 -21.560151531 -2.049322559 -0.001229141 0.038603305 0.556049749 0.830251137
1317401492.601943016 552.158228475 -21.550842484 -2.053117021 -0.000077926 0.036719721 0.555989207 0.830378021
1317401492.705789089 552.164927149 -21.568894728 -2.055111991 0.000628843 0.037040536 0.556265780 0.830178285
1317401492.809659958 552.162109198 -21.552848080 -2.055857925 0.000676708 0.037923241 0.555897752 0.830384886
1317401492.913531065 552.167673172 -21.553813268 -2.054870583 0.000385932 0.038099078 0.555878162 0.830390137
1317401493.017426014 552.157595556 -21.558035421 -2.054002634 0.000001322 0.038054555 0.556000288 0.830310503
1317401493.121320009 552.162600422 -21.555031875 -2.055558629 -0.000320095 0.037972674 0.555705258 0.830511674
1317401493.225214005 552.167011178 -21.557749443 -2.055469985 -0.000144002 0.037901756 0.555730667 0.830497960
1317401493.329158068 552.153107455 -21.556457028 -2.055011872 -0.000111239 0.037920849 0.555625422 0.830567509
1317401493.433100939 552.162815676 -21.559963857 -2.055584096 -0.000281697 0.038069989 0.555574416 0.830594766
1317401493.537041903 552.164214412 -21.550958418 -2.056584813 -0.000291060 0.037958239 0.555464513 0.830673379
1317401493.641007900 552.162291240 -21.566240457 -2.055701133 -0.000241250 0.037950342 0.555518727 0.830637500
1317401493.744998932 552.166539695 -21.559975828 -2.056360840 -0.000308201 0.038050892 0.555508715 0.830639574
1317401493.848989010 552.158266977 -21.563449827 -2.054041322 -0.000423841 0.037806396 0.555332338 0.830768614
1317401493.952980995 552.165454967 -21.559871897 -2.059506281 -0.000285896 0.037486719 0.554608011 0.831266875
1317401494.056997061 552.168741115 -21.544204191 -2.059726722 -0.000017490 0.037350574 0.554088978 0.831619107
1317401494.161010981 552.161498278 -21.545802992 -2.060533021 0.000050037 0.037240244 0.553364675 0.832106182
1317401494.265048981 552.166662102 -21.517419349 -2.063089719 -0.000297213 0.037085654 0.551921157 0.833071187
1317401494.369113922 552.181157890 -21.510069371 -2.064970850 -0.000392698 0.036993888 0.550440726 0.834054138
1317401494.473177910 552.179955267 -21.493400430 -2.064638562 -0.000326351 0.037088436 0.548712262 0.835188119
1317401494.577238083 552.193003771 -21.475969249 -2.064163755 -0.000477120 0.036871808 0.546377984 0.836726563
1317401494.681324005 552.203072957 -21.429329474 -2.066956185 -0.000782980 0.035935741 0.543000065 0.838963014
1317401494.785459042 552.212680334 -21.389510695 -2.072745427 -0.000759782 0.034806410 0.538882306 0.841661331
1317401494.889619112 552.243975991 -21.330398266 -2.080509930 -0.000661215 0.033747074 0.533637985 0.845039170
1317401494.993776083 552.265557285 -21.268767819 -2.085298171 -0.000791137 0.033239928 0.527080514 0.849164656
1317401495.097960949 552.313660106 -21.182614957 -2.091102047 -0.000963828 0.033349589 0.519501104 0.853818177
1317401495.202191114 552.349449703 -21.094238539 -2.096753213 -0.001503868 0.033340601 0.510818505 0.859040510
1317401495.306421041 552.418664437 -20.967290465 -2.104097098 -0.002034590 0.033292408 0.501181911 0.864698889
1317401495.410605907 552.479546459 -20.849029754 -2.110709552 -0.002708994 0.033145171 0.490806259 0.870633835
1317401495.514787912 552.568483714 -20.702807465 -2.122280238 -0.003255815 0.033181363 0.479610369 0.876847929
1317401495.618972063 552.687018380 -20.545337948 -2.132094870 -0.003623374 0.033346745 0.468276720 0.882944947
1317401495.723104954 552.778829194 -20.388323800 -2.143567243 -0.003598221 0.033749527 0.457095960 0.888769546
1317401495.827191114 552.902025229 -20.197928444 -2.150863051 -0.003478370 0.034004316 0.446475474 0.894142751
1317401495.931231976 553.056426066 -19.993422382 -2.163110667 -0.004219766 0.033351427 0.436784378 0.898937864
1317401496.035223007 553.210839857 -19.787299620 -2.177781915 -0.006210942 0.031308032 0.428018530 0.903206161
1317401496.139236927 553.351357182 -19.557933367 -2.205041545 -0.008247629 0.028944775 0.418582109 0.907680117
1317401496.243321896 553.558438206 -19.339748240 -2.223897753 -0.010101760 0.028514889 0.407671633 0.912627359
1317401496.347433329 553.781618203 -19.089766408 -2.244581871 -0.012679520 0.028543553 0.395543536 0.917916013
1317401496.451543093 554.031938069 -18.818073117 -2.269266733 -0.014510391 0.027745855 0.382326196 0.923496776
1317401496.555676937 554.298047861 -18.544724035 -2.296372168 -0.014763218 0.026887949 0.367839747 0.929383132
1317401496.659858942 554.572563761 -18.260768580 -2.321874431 -0.014455677 0.025867019 0.352383913 0.935386288
1317401496.764044046 554.907111576 -17.972068473 -2.347894436 -0.013640168 0.024273200 0.336265939 0.941355393
1317401496.868226051 555.280893789 -17.688956055 -2.374681616 -0.013763856 0.022711990 0.319273890 0.947290296
1317401496.972409964 555.651017526 -17.418254072 -2.402687966 -0.014889389 0.021707153 0.301791753 0.953010411
1317401497.076545954 556.068303934 -17.115241353 -2.432054381 -0.016510970 0.020539362 0.284182139 0.958408073
1317401497.180632114 556.512948503 -16.816902889 -2.468885513 -0.017735479 0.019896132 0.267243632 0.963260317
1317401497.284668922 557.009870497 -16.554991474 -2.497639812 -0.017606452 0.020344070 0.251723355 0.967425183
1317401497.388683081 557.469595183 -16.264790653 -2.520177296 -0.016912742 0.021261206 0.236589848 0.971229717
1317401497.492650986 558.042528495 -15.979176200 -2.542278418 -0.016385516 0.022404849 0.222972571 0.974429459
1317401497.596546888 558.544303112 -15.716800905 -2.575758486 -0.016679220 0.023811094 0.210550427 0.977150630
1317401497.700417995 559.128343385 -15.445663979 -2.594502273 -0.016855028 0.023561436 0.199160412 0.979538614
1317401497.804287910 559.712333494 -15.191815303 -2.620104300 -0.017325222 0.021194895 0.188701873 0.981652798
1317401497.908158064 560.314202732 -14.959091935 -2.659792684 -0.017659468 0.019209717 0.178838623 0.983532347
1317401498.012026072 560.942884684 -14.719156531 -2.691830440 -0.017534977 0.018842061 0.168412828 0.985380445
1317401498.115920782 561.608368323 -14.489456610 -2.727519427 -0.018234693 0.019131996 0.158281329 0.987040264
1317401498.219816923 562.290761590 -14.249256347 -2.761528241 -0.018701066 0.020577727 0.147989349 0.988597987
1317401498.323713064 562.974796406 -14.031805946 -2.783573324 -0.018917383 0.020169353 0.138231412 0.990013842
1317401498.427582979 563.696062035 -13.825227644 -2.812689340 -0.017871746 0.016708527 0.129588824 0.991265939
1317401498.531403065 564.442685033 -13.625690179 -2.844744710 -0.016926468 0.014365299 0.122381293 0.992234827
1317401498.635179043 565.205823806 -13.426269528 -2.877518621 -0.017485107 0.014734790 0.116991639 0.992869636
1317401498.738918066 565.971954239 -13.209019738 -2.910018497 -0.018458608 0.016750642 0.112593996 0.993328389
1317401498.842622042 566.771304370 -13.030774565 -2.932994790 -0.018630390 0.018311382 0.110028340 0.993585108
1317401498.946312904 567.567083493 -12.837892007 -2.956553489 -0.018249109 0.018596500 0.107746425 0.993836932
1317401499.050019026 568.389291620 -12.663540058 -2.988117558 -0.018347395 0.018917757 0.106272547 0.993987745
1317401499.153722048 569.217741899 -12.483428510 -3.017742571 -0.018460280 0.018817866 0.105026899 0.994119941
1317401499.257446051 570.083959242 -12.297990945 -3.050561862 -0.019118153 0.018302541 0.103601167 0.994266720
1317401499.361196995 570.950139437 -12.111305920 -3.080908015 -0.019727769 0.018729734 0.101967262 0.994415753
1317401499.464971066 571.834632537 -11.913359096 -3.117967645 -0.020451624 0.019757973 0.100498369 0.994530759
1317401499.568769932 572.702376507 -11.730669882 -3.155077696 -0.021130349 0.021076639 0.099033620 0.994636429
1317401499.672569036 573.620575151 -11.538778834 -3.187961035 -0.020768804 0.021573194 0.097501880 0.994784719
